Site,Site ID,Sensor,Sensor ID,site_id,device_id
2.5KM U/S NEW NORFOLK BRIDGE (DERWENT RIVER),595018,Water Level,595018.1.H,8771,1
Abbieglassie AL,544070,Rainfall,544070.0.R.1073,3402,1
Abbieglassie AL,544070,Battery,544070.0.B.1074,3402,2
Abbieglassie AL,544070,Rainfall Increment,544070.0.R.1073,3402,3
Abercorn AL,539218,Water Level,539218.0.H.748,2657,1
Abercorn AL,539218,Rainfall,539218.0.R.747,2657,2
Abercorn AL,539218,Battery,539218.0.B.749,2657,3
Abercorn AL,539218,Rainfall Increment,539218.0.R.747,2657,4
ABERCORN TM,39319,Water Level,39319.0.H,6065,2
ABERCORN TM,39319,Rainfall Increment,39319.0.R,6065,3
ABERCROMBIE NO 2 (ABERCROMBIE RIVER),563091,Water Level,563091.1.H,8043,1
ABERDEEN (HUNTER RIVER),561024,Water Level,561024.1.H,7947,2
ABERDEEN (HUNTER RIVER),561024,Rainfall Increment,561024.1.R,7947,3
ABERFELDY RIVER AT BEARDMORES,585005,Water Level,585005.2.H,12281,1
Aberfeldy River at Beardmores,585005,Battery,585005.1.B.1439,4688,1
Aberfeldy River at Beardmores,585005,Water Level,585005.1.H.1438,4688,2
ABERFELDY TOWNSHIP RAIN GAUGE,585002,Rainfall,585002.1.R,12273,1
ABERFELDY TOWNSHIP RAIN GAUGE,585002,Rainfall Increment,585002.1.R,12273,2
ABERFOYLE (ABERFOYLE RIVER),557011,Water Level,557011.1.H,7839,2
ABERFOYLE (ABERFOYLE RIVER),557011,Rainfall Increment,557011.1.R,7839,3
Abergowrie AL,32174,Water Level,32174.0.H.6013,2029,1
Abergowrie AL,32174,Rainfall,32174.0.R.6010,2029,2
Abergowrie AL,32174,Battery,32174.0.B.6009,2029,3
Abergowrie AL,32174,Rainfall Increment,32174.0.R.6010,2029,4
Abergowrie Bridge AL,532028,Water Level,532028.0.H.6039,2278,1
Abergowrie Bridge AL,532028,Rainfall,532028.0.R.6038,2278,2
Abergowrie Bridge AL,532028,Battery,532028.0.B.6040,2278,3
Abergowrie Bridge AL,532028,Rainfall Increment,532028.0.R.6038,2278,4
ABERGOWRIE TM,532006,Water Level,532006.0.H,6391,2
ABERGOWRIE TM,532006,Rainfall Increment,532006.0.R,6391,3
ABINGDON DOWNS TM,530033,Rainfall Increment,530033.0.R,6287,2
ABNEY HILL,502062,Rainfall Increment,502062.1.R,10403,2
ABOVE AVOCA (ST PAULS RIVER),592003,Water Level,592003.1.H,8733,2
ABOVE AVOCA (ST PAULS RIVER),592003,Rainfall Increment,592003.1.R,8733,3
Above Farmhouse Creek (Picton River),597505,Battery,597505.1.B.574,4330,1
Above Farmhouse Creek (Picton River),597505,Water Level,597505.1.H.573,4330,2
ABV DERWENT (DEE RV),591040,Water Level,591040.1.H,8463,1
ABV DERWENT (DEE RV),591040,Flow Rate,591040.1.ML/D,8463,2
ABV MERSEY RIVER (ARM RIVER),596056,Water Level,596056.1.H,8549,1
ABV MERSEY RIVER (ARM RIVER),596056,Flow Rate,596056.1.ML/D,8549,2
ABYDOS NORTH,504031,Rainfall Increment,504031.1.R,10435,2
Accommodation Creek AL,541090,Water Level,541090.0.H.5735,3265,1
Accommodation Creek AL,541090,Rainfall,541090.0.R.5734,3265,2
Accommodation Creek AL,541090,Battery,541090.0.B.5736,3265,3
Accommodation Creek AL,541090,Rainfall Increment,541090.0.R.5734,3265,4
ACCOMMODATION CREEK TM,541076,Water Level,541076.0.H,7031,1
ACHERON RIVER @ TAGGERTY,88119,Rainfall,88119.2.R,9851,1
ACHERON RIVER @ TAGGERTY,88119,Water Level,88119.2.H,9851,2
ACHERON RIVER @ TAGGERTY,88119,Rainfall Increment,88119.2.R,9851,3
Acheron River at Taggerty,88119,Battery,88119.1.B.420,4745,1
Acheron River at Taggerty,88119,Rainfall,88119.1.R.418,4745,2
Acheron River at Taggerty,88119,Water Level,88119.1.H.419,4745,3
Acheron River at Taggerty,88119,Rainfall Increment,88119.1.R.418,4745,4
Ackland Hill,523751,Rainfall,523751.1.R.5015,2002,1
Ackland Hill,523751,Battery,523751.1.B.5014,2002,2
Ackland Hill,523751,Rainfall Increment,523751.1.R.5015,2002,3
ACT BORDER (QUEANBEYAN RIVER),570001,Water Level,570001.1.H,5403,1
Acton Park,9971,Rainfall,9971.1.R.5945,4405,1
Acton Park,9971,Battery,9971.1.B.5944,4405,2
Acton Park,9971,Rainfall Increment,9971.1.R.5945,4405,3
Adams Br AL,540157,Water Level,540157.0.H.6581,2771,1
Adams Br AL,540157,Rainfall,540157.0.R.6580,2771,2
Adams Br AL,540157,Rainfall Increment,540157.0.R.6580,2771,3
ADAMS BRIDGE TM,540068,Water Level,540068.0.H,6831,2
ADAMS BRIDGE TM,540068,Rainfall Increment,540068.0.R,6831,3
Adamstown,561116,Battery,561116.1.B.3583,1635,1
Adamstown,561116,Rainfall,561116.1.R.3582,1635,2
Adamstown,561116,Rainfall Increment,561116.1.R.3582,1635,3
Adavale,45043,Battery,45043.0.B,11962,1
Adavale,45043,Water Level,45043.0.H,11962,2
Adavale,45043,Rainfall,45043.0.R,11962,3
Adavale,45043,Rainfall Increment,45043.0.R,11962,4
Adavale Rd AL,544056,Water Level,544056.0.H.1051,3389,1
Adavale Rd AL,544056,Rainfall,544056.0.R.1050,3389,2
Adavale Rd AL,544056,Battery,544056.0.B.1052,3389,3
Adavale Rd AL,544056,Rainfall Increment,544056.0.R.1050,3389,4
Addington,89106,Battery,89106.1.B,11592,1
Addington,89106,Rainfall,89106.1.R,11592,2
Addington,89106,Rainfall Increment,89106.1.R,11592,3
Adelaide Airport,23055,Rainfall,23055.1.R.5220,1873,1
Adelaide Airport,23055,Battery,23055.1.B.5219,1873,2
Adelaide Airport,23055,Rainfall Increment,23055.1.R.5220,1873,3
ADELAIDE RIVER ARNHEM HIGHWAY,514003,Water Level,514003.1.H,7287,2
ADELAIDE RIVER ARNHEM HIGHWAY,514003,Rainfall Increment,514003.1.R,7287,3
ADELAIDE RIVER DIRTY LAGOON,514919,Water Level,514919.1.H,7389,2
ADELAIDE RIVER DIRTY LAGOON,514919,Rainfall Increment,514919.1.R,7389,3
ADELAIDE RIVER EAST,514019,Water Level,514019.1.H,7295,2
ADELAIDE RIVER EAST,514019,Rainfall Increment,514019.1.R,7295,3
ADELAIDE RIVER MARRAKAI CROSSING,514922,Water Level,514922.1.H,7395,2
ADELAIDE RIVER MARRAKAI CROSSING,514922,Rainfall Increment,514922.1.R,7395,3
Adelaide River Station,514923,Battery,514923.1.B,331,1
Adelaide River Station,514923,Rainfall,514923.1.R,331,2
Adelaide River Station,514923,Rainfall Increment,514923.1.R,331,3
ADELAIDE RIVER TORTILLA FLATS,514015,Water Level,514015.1.H,7291,2
ADELAIDE RIVER TORTILLA FLATS,514015,Rainfall Increment,514015.1.R,7291,3
ADELAIDE RIVER TOWN,514059,Water Level,514059.1.H,7299,2
ADELAIDE RIVER TOWN,514059,Rainfall Increment,514059.1.R,7299,3
ADELAIDE RIVER WEST,514017,Water Level,514017.1.H,7293,2
ADELAIDE RIVER WEST,514017,Rainfall Increment,514017.1.R,7293,3
ADJUNGBILLY,573016,Rainfall Increment,573016.1.R,8277,2
Agnes Water (Jarvey Drive) AL,539269,Rainfall,539269.0.R.5688,11391,1
Agnes Water (Jarvey Drive) AL,539269,Battery,539269.0.B.5689,11391,2
Agnes Water (Jarvey Drive) AL,539269,Rainfall Increment,539269.0.R.5688,11391,3
AIDES BRIDGE TM,41518,Water Level,41518.0.H,6151,1
AINSWORTH ROAD (MIDDLE CREEK),558120,Rainfall Increment,558120.1.R,11455,1
Air Sea Rescue AL,40881,Water Level - AHD,40881.0.H.2258,2125,1
Air Sea Rescue AL,40881,Rainfall,40881.0.R.2255,2125,2
Air Sea Rescue AL,40881,Battery,40881.0.B.2254,2125,3
Air Sea Rescue AL,40881,Rainfall Increment,40881.0.R.2255,2125,4
Aitkenvale AL,532111,Water Level,532111.0.H.2860,2338,1
Aitkenvale AL,532111,Rainfall,532111.0.R.2859,2338,2
Aitkenvale AL,532111,Battery,532111.0.B.2861,2338,3
Aitkenvale AL,532111,Rainfall Increment,532111.0.R.2859,2338,4
Alawoona Comparison,25059,Battery,25059.2.B,1961,1
Alawoona Comparison,25059,Rainfall,25059.2.R,1961,2
Alawoona Comparison,25059,Rainfall Increment,25059.2.R,1961,3
Albany Creek AL,540467,Rainfall,540467.0.R.1842,2986,1
Albany Creek AL,540467,Battery,540467.0.B.1750,2986,2
Albany Creek AL,540467,Rainfall Increment,540467.0.R.1842,2986,3
ALBERT RIVER TM,529086,Water Level,529086.0.H,9935,1
Albion Park Post Office,68000,Battery,68000.1.B.7434,1379,1
Albion Park Post Office,68000,Rainfall,68000.1.R.7433,1379,2
Albion Park Post Office,68000,Rainfall Increment,68000.1.R.7433,1379,3
ALBURY (MURRAY RIVER),572000,Water Level,572000.1.H,8195,1
Aldavilla D/S (Macleay River),559151,Water Level - AHD,559151.1.H.7329,1578,1
Aldavilla D/S (Macleay River),559151,Battery,559151.1.B.7796,1578,2
Aldavilla D/S (Macleay River),559151,Rainfall,559151.1.R.7330,1578,3
Aldavilla D/S (Macleay River),559151,Rainfall Increment,559151.1.R.7330,1578,4
ALDAVILLA D/S (MACLEAY RIVER),559151,Water Level,559151.2.H,5671,2
ALDAVILLA D/S (MACLEAY RIVER),559151,Rainfall Increment,559151.2.R,5671,3
Alderley AL,540239,Rainfall,540239.0.R.1578,2824,1
Alderley AL,540239,Battery,540239.0.B.1577,2824,2
Alderley AL,540239,Rainfall Increment,540239.0.R.1578,2824,3
ALDERMAN CREEK AT ROAD 32,586326,Water Level,586326.1.H,12161,1
Aldgate Creek,523715,Rainfall,523715.1.R.5450,1990,1
Aldgate Creek,523715,Water Level,523715.1.H.5453,1990,2
Aldgate Creek,523715,Battery,523715.1.B.5449,1990,3
Aldgate Creek,523715,Rainfall Increment,523715.1.R.5450,1990,4
Alectown (Vanvilla),50119,Battery,50119.1.B,1109,1
Alectown (Vanvilla),50119,Rainfall,50119.1.R,1109,2
Alectown (Vanvilla),50119,Rainfall Increment,50119.1.R,1109,3
ALI CURUNG BORE,515521,Rainfall Increment,515521.1.R,7419,2
Alice Downs AL,544069,Water Level,544069.0.H.1086,3401,1
Alice Downs AL,544069,Rainfall,544069.0.R.1085,3401,2
Alice Downs AL,544069,Battery,544069.0.B.1087,3401,3
Alice Downs AL,544069,Rainfall Increment,544069.0.R.1085,3401,4
Alice Gap Repeater,4801,Battery,4801.1.B.4801,286,1
ALICK CREEK (RWR) TM,530058,Rainfall,530058.0.R,9979,1
ALICK CREEK (RWR) TM,530058,Water Level,530058.0.H,9979,2
ALICK CREEK (RWR) TM,530058,Rainfall Increment,530058.0.R,9979,3
Allambie,44191,Battery,44191.0.B,12292,1
Allambie,44191,Rainfall,44191.0.R,12292,2
Allambie,44191,Rainfall Increment,44191.0.Rx,12292,3
Allambie,44191,Water Level,44191.0.H,12292,4
ALLAMBIE,566056,Rainfall Increment,566056.1.R,5873,2
Allambie (Repeater) AL,544068,Rainfall,544068.0.R.1093,3400,1
Allambie (Repeater) AL,544068,Battery,544068.0.B.1094,3400,2
Allambie (Repeater) AL,544068,Rainfall Increment,544068.0.R.1093,3400,3
Allandale AL,535118,Rainfall,535118.0.R.4606,2483,1
Allandale AL,535118,Battery,535118.0.B.4607,2483,2
Allandale AL,535118,Rainfall Increment,535118.0.R.4606,2483,3
Alligator Creek AL,532034,Water Level,532034.0.H.2746,2284,1
Alligator Creek AL,532034,Rainfall,532034.0.R.2745,2284,2
Alligator Creek AL,532034,Battery,532034.0.B.2747,2284,3
Alligator Creek AL,532034,Rainfall Increment,532034.0.R.2745,2284,4
ALLIGATOR CREEK ROAD TM,533218,Rainfall,533218.0.R,10069,1
ALLIGATOR CREEK ROAD TM,533218,Water Level,533218.0.H,10069,2
ALLIGATOR CREEK ROAD TM,533218,Rainfall Increment,533218.0.R,10069,3
ALLIGATOR CREEK TM,532051,Water Level,532051.0.H,6407,1
Alligator Flats AL,539220,Water Level,539220.0.H.4374,2658,1
Alligator Flats AL,539220,Rainfall,539220.0.R.4373,2658,2
Alligator Flats AL,539220,Battery,539220.0.B.4375,2658,3
Alligator Flats AL,539220,Rainfall Increment,539220.0.R.4373,2658,4
Allora (Dalrymple Creek) AL,41563,Water Level,41563.0.H.5780,11599,1
Allora (Dalrymple Creek) AL,41563,Rainfall,41563.0.R.5779,11599,2
Allora (Dalrymple Creek) AL,41563,Battery,41563.0.B.5781,11599,3
Allora (Dalrymple Creek) AL,41563,Rainfall Increment,41563.0.R.5779,11599,4
ALLORA TM,41516,Water Level,41516.0.H,6147,2
ALLORA TM,41516,Rainfall Increment,41516.0.R,6147,3
ALLUNGRA CREEK,515518,Rainfall Increment,515518.1.R,7413,2
ALMA BRIDGE (MOOMIN CREEK),552004,Water Level,552004.1.H,7579,1
ALMA CK BORE TM,539116,Rainfall Increment,539116.0.R,6783,2
ALOOMBA TM,531093,Rainfall Increment,531093.0.R,6371,2
ALPHINGTON RAIN GAUGE,586342,Rainfall,586342.1.R,12081,1
ALPHINGTON RAIN GAUGE,586342,Rainfall Increment,586342.1.R,12081,2
ALROY CROSSING TM,544080,Rainfall,544080.0.R,9183,1
ALROY CROSSING TM,544080,Water Level,544080.0.H,9183,2
ALROY CROSSING TM,544080,Rainfall Increment,544080.0.R,9183,3
Alstonville STP,558072,Battery,558072.1.B.7559,1490,1
Alstonville STP,558072,Rainfall,558072.1.R.7558,1490,2
Alstonville STP,558072,Rainfall Increment,558072.1.R.7558,1490,3
ALTONA RAIN GAUGE,587047,Rainfall,587047.1.R,12065,1
ALTONA RAIN GAUGE,587047,Rainfall Increment,587047.1.R,12065,2
ALUM CREEK (JONES PLAIN ROAD),570061,Water Level,570061.1.H,8179,2
ALUM CREEK (JONES PLAIN ROAD),570061,Rainfall Increment,570061.1.R,8179,3
Amberley (DNRM) AL,540505,Water Level,540505.0.H.6654,3022,1
AMBERLEY (DNRM) TM,40816,Water Level,40816.0.H,6099,2
AMBERLEY (DNRM) TM,40816,Rainfall Increment,40816.0.R,6099,3
Amberley (Greens Rd) AL-P,540180,Water Level,540180.0.H.6652,2789,1
Amberley (Greens Rd) AL-P,540180,Rainfall,540180.0.R.6651,2789,2
Amberley (Greens Rd) AL-P,540180,Rainfall Increment,540180.0.R.6651,2789,3
AMELIA CR (YARROWMERE RD) TM,536019,Rainfall,536019.0.R,10147,1
AMELIA CR (YARROWMERE RD) TM,536019,Rainfall Increment,536019.0.R,10147,2
Amery Acres,10000,Rainfall,10000.1.R.6145,4420,1
Amery Acres,10000,Battery,10000.1.B.6144,4420,2
Amery Acres,10000,Rainfall Increment,10000.1.R.6145,4420,3
Amiens Knob AL,541079,Rainfall,541079.0.R.5702,3254,1
Amiens Knob AL,541079,Battery,541079.0.B.5703,3254,2
Amiens Knob AL,541079,Rainfall Increment,541079.0.R.5702,3254,3
AMPHITHEATRE RESERVOIR,579022,Rainfall,579022.1.R,9265,1
AMPHITHEATRE RESERVOIR,579022,Rainfall Increment,579022.1.R,9265,2
Ampthill AL,539133,Rainfall,539133.0.R.4366,2575,1
Ampthill AL,539133,Battery,539133.0.B.4367,2575,2
Ampthill AL,539133,Rainfall Increment,539133.0.R.4366,2575,3
ANACONDA DRIVE,509063,Water Level,509063.1.H,10561,1
Andergrove AL,533197,Rainfall,533197.0.R.5061,2421,1
Andergrove AL,533197,Battery,533197.0.B.5062,2421,2
Andergrove AL,533197,Rainfall Increment,533197.0.R.5061,2421,3
Anduramba AL,540846,Rainfall,540846.0.R.6798,11421,1
Anduramba AL,540846,Rainfall Increment,540846.0.R.6798,11421,2
Angas Creek,523735,Water Level,523735.1.H.5733,1995,1
Angas Creek,523735,Battery,523735.1.B.5732,1995,2
ANGAS CREEK RAIN (DEW),523051,Rainfall Increment,523051.1.R,8933,2
ANGAS R 2KM DS BALLANDOWN ROAD (DEW),524534,Water Level,524534.1.H,9091,1
ANGAS R AT ANGAS WEIR (DEW),523773,Water Level,523773.1.H,8991,1
ANGAS R DS WILLYAROO (DEW),524523,Water Level,524523.1.H,9069,1
ANGLE CROSSING (MURRUMBIDGEE RIVER),570077,Water Level,570077.1.H,5433,1
ANGLEDALE (BEGA RIVER),569008,Water Level,569008.1.H,8119,2
ANGLEDALE (BEGA RIVER),569008,Rainfall Increment,569008.1.R,8119,3
Annandale AL,532108,Water Level,532108.0.H.2854,2335,1
Annandale AL,532108,Rainfall,532108.0.R.2853,2335,2
Annandale AL,532108,Battery,532108.0.B.2855,2335,3
Annandale AL,532108,Rainfall Increment,532108.0.R.2853,2335,4
Anro TBRG,8317,Rainfall,8317.1.R.6403,4381,1
Anro TBRG,8317,Battery,8317.1.B.6402,4381,2
Anro TBRG,8317,Rainfall Increment,8317.1.R.6403,4381,3
Antiene Ck at Liddell,561044,Battery,561044.1.B,1622,1
Antiene Ck at Liddell,561044,Rainfall,561044.1.R,1622,2
Antiene Ck at Liddell,561044,Rainfall Increment,561044.1.R,1622,3
Antoneys Crossing AL,533198,Water Level,533198.0.H.5091,2422,1
Antoneys Crossing AL,533198,Rainfall,533198.0.R.5090,2422,2
Antoneys Crossing AL,533198,Battery,533198.0.B.5092,2422,3
Antoneys Crossing AL,533198,Rainfall Increment,533198.0.R.5090,2422,4
Anzac Oval,515003,Battery,515003.1.B.4806,304,1
Anzac Oval,515003,Rainfall,515003.1.R.4805,304,2
Anzac Oval,515003,Water Level,515003.1.H.4804,304,3
Anzac Oval,515003,Rainfall Increment,515003.1.R.4805,304,4
ANZAC OVAL,515003,Water Level,515003.2.H,7403,1
APJOHN STREET HORSESHOE BAY TM,532136,Rainfall,532136.0.R,10027,1
APJOHN STREET HORSESHOE BAY TM,532136,Rainfall Increment,532136.0.R,10027,2
Aplin Weir AL,532029,Water Level,532029.0.H.2759,2279,1
Aplin Weir AL,532029,Rainfall,532029.0.R.2758,2279,2
Aplin Weir AL,532029,Battery,532029.0.B.2760,2279,3
Aplin Weir AL,532029,Rainfall Increment,532029.0.R.2758,2279,4
APPIN (INGHAMS FARM),568218,Rainfall Increment,568218.1.R,5309,2
Appin (Wilton Road),568164,Battery,568164.1.B.7689,1779,1
Appin (Wilton Road),568164,Rainfall,568164.1.R.7688,1779,2
Appin (Wilton Road),568164,Rainfall Increment,568164.1.R.7688,1779,3
APPLEBY (PEEL RIVER),555016,Water Level,555016.1.H,7723,1
APSLEY GORGE (APSLEY RIVER),557013,Water Level,557013.1.H,7843,1
APSLEY R AT APSLEY FALLS,557012,Water Level,557012.1.H,7841,1
Arabella AL,544031,Rainfall,544031.0.R.4213,3366,1
Arabella AL,544031,Battery,544031.0.B.4214,3366,2
Arabella AL,544031,Rainfall Increment,544031.0.R.4213,3366,3
Araluen Lower (Araluen Rd),69127,Battery,69127.1.B.3303,1408,1
Araluen Lower (Araluen Rd),69127,Rainfall,69127.2.R.3302,1408,2
Araluen Lower (Araluen Rd),69127,Rainfall Increment,69127.2.R.3302,1408,3
Arana Hills (Olearia St West) TM,540830,Rainfall,540830.0.R,11367,1
Arana Hills (Olearia St West) TM,540830,Water Level,540830.0.H,11367,2
Arana Hills (Olearia St West) TM,540830,Battery,540830.0.B,11367,3
Arana Hills (Olearia St West) TM,540830,Rainfall Increment,540830.0.R,11367,4
ARATULA ROAD (TUPPAL CREEK),574008,Water Level,574008.1.H,8285,1
Arcadia Valley School AL,535200,Water Level,535200.0.H.1210,2545,1
Arcadia Valley School AL,535200,Rainfall,535200.0.R.1209,2545,2
Arcadia Valley School AL,535200,Battery,535200.0.B.1211,2545,3
Arcadia Valley School AL,535200,Rainfall Increment,535200.0.R.1209,2545,4
ARCHER RIVER (PENINSULA DEVEL RD) TM,527023,Water Level,527023.0.H,10333,1
ARCHERS CREEK TM,531021,Water Level,531021.0.H,6299,2
ARCHERS CREEK TM,531021,Rainfall Increment,531021.0.R,6299,3
Archerton,83000,Rainfall,83000.2.R.462,4502,1
Archerton,83000,Battery,83000.1.B.463,4502,2
Archerton,83000,Rainfall Increment,83000.2.R.462,4502,3
ARCHIE CREEK TM,529058,Rainfall,529058.0.R,9889,1
ARCHIE CREEK TM,529058,Rainfall Increment,529058.0.R,9889,2
ARCHIE CREEK TM,529058,Water Level,529058.0.H,9889,3
ARCOONA BLUFF,517010,Rainfall Increment,517010.1.R,8877,2
Arcturus Downs AL,535093,Rainfall,535093.0.R.5861,2464,1
Arcturus Downs AL,535093,Battery,535093.0.B.5862,2464,2
Arcturus Downs AL,535093,Rainfall Increment,535093.0.R.5861,2464,3
Arden Downs TM,42116,Rainfall,42116.1.R,2204,1
Arden Downs TM,42116,Battery,42116.1.B,2204,2
Arden Downs TM,42116,Rainfall Increment,42116.1.R,2204,3
ARDEN SOAK,515522,Rainfall Increment,515522.1.R,7421,2
ARDROSS,509418,Water Level,509418.1.H,10649,1
Argalong (Sandy Creek),72152,Battery,72152.1.B,1428,1
Argalong (Sandy Creek),72152,Rainfall,72152.1.R,1428,2
Argalong (Sandy Creek),72152,Rainfall Increment,72152.1.R,1428,3
ARMIDALE-STEPHENS BRIDGE (DUMARESQ CREEK),556017,Water Level,556017.1.H,7781,1
ARMSTRONG RIVER,514871,Water Level,514871.1.H,7359,2
ARMSTRONG RIVER,514871,Rainfall Increment,514871.1.R,7359,3
Arradale,8299,Rainfall,8299.1.R.5931,4371,1
Arradale,8299,Battery,8299.1.B.5930,4371,2
Arradale,8299,Rainfall Increment,8299.1.R.5931,4371,3
ARTHURS CREEK AT ARTHURS CREEK,586047,Water Level,586047.1.H,12121,1
ARTHURS CREEK AT ARTHURS CREEK,586047,Rainfall,586047.1.R,12121,2
ARTHURS CREEK AT ARTHURS CREEK,586047,Rainfall Increment,586047.1.R,12121,3
ARTHURS CREEK AT CHAPEL LANE NUTFIELD,586152,Water Level,586152.1.H,11998,1
ARTHURS LAKE PUMP STATION,596081,Water Level - AHD,596081.1.H,8587,1
Arthurs Lkt AL,542015,Rainfall,542015.0.R.780,3347,1
Arthurs Lkt AL,542015,Battery,542015.0.B.781,3347,2
Arthurs Lkt AL,542015,Rainfall Increment,542015.0.R.780,3347,3
ARTHURS SEAT RAIN GAUGE AT SEAWINDS NATIONAL PARK,586112,Rainfall,586112.1.R,12199,1
ARTHURS SEAT RAIN GAUGE AT SEAWINDS NATIONAL PARK,586112,Rainfall Increment,586112.1.R,12199,2
Artunga AL,541110,Water Level,541110.0.H.4509,3276,1
Artunga AL,541110,Rainfall,541110.0.R.4508,3276,2
Artunga AL,541110,Battery,541110.0.B.4510,3276,3
Artunga AL,541110,Rainfall Increment,541110.0.R.4508,3276,4
ASHFORD (SEVERN RIVER),54145,Water Level,54145.1.H,7473,1
Ashgrove (Royal Pde) AL,540804,Water Level,540804.0.H.1710,3224,1
Ashgrove (Royal Pde) AL,540804,Battery,540804.0.B.1711,3224,2
ASHLEA BRIDGE D/S (DINGO CREEK),560065,Water Level,560065.1.H,5703,1
ASHLEY DRIVE,570806,Rainfall Increment,570806.1.R,5469,2
Ashton,23867,Rainfall,23867.1.R.5500,1928,1
Ashton,23867,Battery,23867.1.B.5499,1928,2
Ashton,23867,Rainfall Increment,23867.1.R.5500,1928,3
ASHTON (OUSE RIVER),95049,Water Level,95049.1.H,8679,2
ASHTON (OUSE RIVER),95049,Rainfall Increment,95049.1.R,8679,3
ASHTON (OUSE RIVER),95049,Flow Rate,95049.1.ML/D,8679,4
Aspley (Stringybark Dr) AL,540113,Water Level,540113.0.H.1570,2732,1
Aspley (Stringybark Dr) AL,540113,Battery,540113.0.B.1569,2732,2
Aspley Res AL,540114,Rainfall,540114.0.R.1566,2733,1
Aspley Res AL,540114,Battery,540114.0.B.1585,2733,2
Aspley Res AL,540114,Rainfall Increment,540114.0.R.1566,2733,3
Aston Downs AL,9776,Rainfall,9776.1.R.5943,4402,1
Aston Downs AL,9776,Battery,9776.1.B.5942,4402,2
Aston Downs AL,9776,Rainfall Increment,9776.1.R.5943,4402,3
Athelstone,23094,Water Level,23094.1.H.5880,1875,1
Athelstone,23094,Battery,23094.1.B.5879,1875,2
ATHLONE RAIN GAUGE,586286,Rainfall,586286.1.R,12194,1
ATHLONE RAIN GAUGE,586286,Rainfall Increment,586286.1.R,12194,2
Athol (Newton Rd East) TM,541174,Rainfall,541174.0.R,3333,1
Athol (Newton Rd East) TM,541174,Rainfall Increment,541174.0.R,3333,2
Atkinson Dam AL,540479,Water Level,540479.0.H.6558,2998,1
Atkinson Dam AL,540479,Rainfall,540479.0.R.6555,2998,2
Atkinson Dam AL,540479,Rainfall Increment,540479.0.R.6555,2998,3
ATKINSON DAM HW TM,540547,Water Level,540547.0.H,10277,2
ATKINSON DAM HW TM,540547,Rainfall Increment,540547.0.R,10277,3
Auburn,42059,Water Level,42059.0.H,11337,1
Auburn,42059,Rainfall,42059.0.R,11337,2
Auburn,42059,Battery,42059.0.B,11337,3
Auburn,42059,Rainfall Increment,42059.0.R,11337,4
Auburn (Rosnay Golf Club),566059,Battery,566059.1.B.7657,1714,1
Auburn (Rosnay Golf Club),566059,Rainfall,566059.1.R.7656,1714,2
Auburn (Rosnay Golf Club),566059,Rainfall Increment,566059.1.R.7656,1714,3
Auburn River (Andrews Road) TM,42123,Battery,42123.0.B,11970,1
Auburn River (Andrews Road) TM,42123,Rainfall,42123.0.R,11970,2
Auburn River (Andrews Road) TM,42123,Water Level,42123.0.H,11970,3
Auburn River (Andrews Road) TM,42123,Rainfall Increment,42123.0.R,11970,4
AUCKLAND POINT TIDE TM,539033,Water Level,539033.0.H,5201,1
Audley (Royal National Park),66176,Battery,66176.1.B.7631,1358,1
Audley (Royal National Park),66176,Rainfall,66176.1.R.7630,1358,2
Audley (Royal National Park),66176,Rainfall Increment,66176.1.R.7630,1358,3
Augathella AL,544046,Water Level,544046.0.H.1037,3379,1
Augathella AL,544046,Battery,544046.0.B.1038,3379,2
Augathella Rptr AL,544048,Rainfall,544048.0.R.1045,3381,1
Augathella Rptr AL,544048,Battery,544048.0.B.1046,3381,2
Augathella Rptr AL,544048,Rainfall Increment,544048.0.R.1045,3381,3
AUGATHELLA TM,544011,Water Level,544011.0.H,7085,2
AUGATHELLA TM,544011,Rainfall Increment,544011.0.R,7085,3
AUTUMNVALE TM,545001,Water Level,545001.0.H,7113,2
AUTUMNVALE TM,545001,Rainfall Increment,545001.0.R,7113,3
AVALON,566061,Rainfall Increment,566061.1.R,5875,2
Avalon (Wollstonecraft Ave),66053,Battery,66053.1.B.7683,1347,1
Avalon (Wollstonecraft Ave),66053,Rainfall,66053.1.R.7682,1347,2
Avalon (Wollstonecraft Ave),66053,Rainfall Increment,66053.1.R.7682,1347,3
Avalon Station,88010,Rainfall,88010.1.R.406,4696,1
Avalon Station,88010,Battery,88010.1.B.407,4696,2
Avalon Station,88010,Rainfall Increment,88010.1.R.406,4696,3
AVENAL (WILSON RIVER),560033,Water Level,560033.1.H,7903,1
AVOCA,81063,Rainfall,81063.1.R,9763,1
AVOCA,81063,Rainfall Increment,81063.1.R,9763,2
AVOCA (SNOW HILL FARM),592015,Rainfall Increment,592015.1.R,8851,2
AVOCA BRIDGE (SOUTH ESK RIVER),92117,Water Level,92117.1.H,8783,1
AVOCA RESERVOIR,561139,Rainfall Increment,561139.1.R,5815,2
AVOCA RIVER AT AMPHITHEATRE,581028,Water Level,581028.1.H,9357,1
AVOCA RIVER AT ARCHDALE JUNCTION,81127,Rainfall,81127.1.R,9765,1
AVOCA RIVER AT ARCHDALE JUNCTION,81127,Water Level,81127.1.H,9765,2
AVOCA RIVER AT ARCHDALE JUNCTION,81127,Rainfall Increment,81127.1.R,9765,3
AVOCA RIVER AT CHARLTON TOWN,80106,Water Level,80106.2.H,9759,1
Avoca River at Charlton Town,80106,Water Level,80106.1.H.5974,4842,1
Avoca River at Charlton Town,80106,Battery,80106.1.B.5972,4842,2
AVOCA RIVER AT D/S CHARLTON,578001,Water Level,578001.1.H,9223,1
Avoca River at Logan,581036,Battery,581036.1.B.5978,4814,1
Avoca River at Logan,581036,Rainfall,581036.1.R.5979,4814,2
Avoca River at Logan,581036,Water Level,581036.1.H.5980,4814,3
Avoca River at Logan,581036,Rainfall Increment,581036.1.R.5979,4814,4
AVOCA RIVER AT QUAMBATOOK,577000,Water Level,577000.1.H,9219,1
Avoca River at Yawong Weir,578000,Battery,578000.1.B.5975,4843,1
AVOCA RIVER AT YAWONG WEIR (COONOOER),578000,Rainfall,578000.2.R,9221,1
AVOCA RIVER AT YAWONG WEIR (COONOOER),578000,Water Level,578000.2.H,9221,2
AVOCA RIVER AT YAWONG WEIR (COONOOER),578000,Rainfall Increment,578000.2.R,9221,3
Avoca TM,41546,Rainfall,41546.1.R,2192,1
Avoca TM,41546,Battery,41546.1.B,2192,2
Avoca TM,41546,Rainfall Increment,41546.1.R,2192,3
Avocet AL,535092,Rainfall,535092.0.R.5866,2463,1
Avocet AL,535092,Battery,535092.0.B.5867,2463,2
Avocet AL,535092,Rainfall Increment,535092.0.R.5866,2463,3
AVON DAM (AVON RIVER),568142,Water Level,568142.1.H,5279,1
AVON DAM ROAD (NEPEAN RIVER),568211,Water Level,568211.1.H,5299,1
Avon Fire Tower,568168,Battery,568168.1.B.3228,1782,1
Avon Fire Tower,568168,Rainfall,568168.1.R.3227,1782,2
Avon Fire Tower,568168,Rainfall Increment,568168.1.R.3227,1782,3
Avon River (D/S Waukivory Creek),560060,Water Level,560060.2.H.3672,1607,1
Avon River (D/S Waukivory Creek),560060,Battery,560060.2.B.3673,1607,2
AVON RIVER @ THE CHANNEL,85276,Rainfall,85276.2.R,9823,1
AVON RIVER @ THE CHANNEL,85276,Water Level,85276.2.H,9823,2
AVON RIVER @ THE CHANNEL,85276,Rainfall Increment,85276.2.R,9823,3
AVON RIVER AT STRATFORD,585025,Rainfall,585025.2.R,9505,1
AVON RIVER AT STRATFORD,585025,Water Level,585025.2.H,9505,2
AVON RIVER AT STRATFORD,585025,Rainfall Increment,585025.2.R,9505,3
Avon River at Stratford,585025,Battery,585025.1.B.4825,4741,1
Avon River at Stratford,585025,Rainfall,585025.1.R.4823,4741,2
Avon River at Stratford,585025,Water Level,585025.1.H.4824,4741,3
Avon River at Stratford,585025,Rainfall Increment,585025.1.R.4823,4741,4
Avon River at the Channel,85276,Battery,85276.1.B.4819,4736,1
Avon River at the Channel,85276,Rainfall,85276.1.R.4817,4736,2
Avon River at the Channel,85276,Water Level,85276.1.H.4818,4736,3
Avon River at the Channel,85276,Rainfall Increment,85276.1.R.4817,4736,4
AVON RIVER AT WIMMERA HWY,579012,Rainfall,579012.1.R,9259,1
AVON RIVER AT WIMMERA HWY,579012,Water Level,579012.1.H,9259,2
AVON RIVER AT WIMMERA HWY,579012,Rainfall Increment,579012.1.R,9259,3
AVON RIVER DOWNSTREAM (WAUKIVORY CREEK),560060,Water Level,560060.1.H,7909,1
AVONDALE HEIGHTS RAIN GAUGE,586298,Rainfall,586298.1.R,12036,1
AVONDALE HEIGHTS RAIN GAUGE,586298,Rainfall Increment,586298.1.R,12036,2
AWABA (STONEY CREEK),561154,Rainfall Increment,561154.2.R,11582,1
Awaba (Stony Ck),561154,Battery,561154.1.B.7889,1653,1
Awaba (Stony Ck),561154,Rainfall,561154.1.R.7888,1653,2
Awaba (Stony Ck),561154,Rainfall Increment,561154.1.R.7888,1653,3
Awoonga Dam AL,539131,Water Level,539131.0.H.4305,2573,1
Awoonga Dam AL,539131,Rainfall,539131.0.R.4304,2573,2
Awoonga Dam AL,539131,Battery,539131.0.B.4306,2573,3
Awoonga Dam AL,539131,Rainfall Increment,539131.0.R.4304,2573,4
AXE CREEK @ STRATHFIELDSAYE,581018,Rainfall,581018.1.R,9347,1
AXE CREEK @ STRATHFIELDSAYE,581018,Water Level,581018.1.H,9347,2
AXE CREEK @ STRATHFIELDSAYE,581018,Rainfall Increment,581018.1.R,9347,3
Ayr AL,533118,Water Level,533118.0.H.2908,2396,1
Ayr AL,533118,Rainfall,533118.0.R.2907,2396,2
Ayr AL,533118,Battery,533118.0.B.2909,2396,3
Ayr AL,533118,Rainfall Increment,533118.0.R.2907,2396,4
BADEN POWELL WATER SPOUT,509541,Water Level,509541.1.H,10779,1
Baerami (The Old Dairy),61423,Battery,61423.1.B.3786,1300,1
Baerami (The Old Dairy),61423,Rainfall,61423.1.R.3785,1300,2
Baerami (The Old Dairy),61423,Rainfall Increment,61423.1.R.3785,1300,3
Bahrs Scrub AL,540598,Water Level,540598.0.H.6267,3073,1
Bahrs Scrub AL,540598,Rainfall,540598.0.R.6266,3073,2
Bahrs Scrub AL,540598,Battery,540598.0.B.6268,3073,3
Bahrs Scrub AL,540598,Rainfall Increment,540598.0.R.6266,3073,4
BAILEY CK@CARNGHAM-STREATHAM RD BRIDGE,589012,Water Level,589012.1.H,9695,1
BAILEYS GRAVE,514705,Water Level,514705.1.H,7331,2
BAILEYS GRAVE,514705,Rainfall Increment,514705.1.R,7331,3
BAIRDS TM,531029,Water Level,531029.0.H,6315,2
BAIRDS TM,531029,Rainfall Increment,531029.0.R,6315,3
BAKER GULLY (DEW),523774,Water Level,523774.1.H,8993,1
BAKERS (TUMBARUMBA CREEK),572035,Water Level,572035.1.H,8245,1
Bakers Bend AL,44233,Water Level,44233.0.H.4227,2220,1
Bakers Bend AL,44233,Rainfall,44233.0.R.4226,2220,2
Bakers Bend AL,44233,Battery,44233.0.B.4228,2220,3
Bakers Bend AL,44233,Rainfall Increment,44233.0.R.4226,2220,4
Bakers Creek AL,533063,Water Level,533063.0.H.5011,2373,1
Bakers Creek AL,533063,Rainfall,533063.0.R.5010,2373,2
Bakers Creek AL,533063,Battery,533063.0.B.5012,2373,3
Bakers Creek AL,533063,Rainfall Increment,533063.0.R.5010,2373,4
BAKERS RD (COFFS HARBOUR),559055,Rainfall,559055.1.R,11978,1
BAKERS RD (COFFS HARBOUR),559055,Rainfall Increment,559055.1.R,11978,2
BAKERS RD (COFFS HARBOUR),559055,Water Level,559055.1.H,11978,3
Bakers Road (Coffs Harbour),559055,Water Level,559055.0.H,1555,1
Bakers Road (Coffs Harbour),559055,Rainfall,559055.0.R,1555,2
Bakers Road (Coffs Harbour),559055,Rainfall Increment,559055.0.R,1555,3
BALAAM RD TM,533182,Rainfall Increment,533182.0.R,6567,2
Bald Hill,83077,Rainfall,83077.1.R.435,4641,1
Bald Hill,83077,Battery,83077.1.B.436,4641,2
Bald Hill,83077,Rainfall Increment,83077.1.R.435,4641,3
Bald Knob AL,540026,Rainfall,540026.0.R.6400,2697,1
Bald Knob AL,540026,Battery,540026.0.B.6401,2697,2
Bald Knob AL,540026,Rainfall Increment,540026.0.R.6400,2697,3
BALDANIA CK CONFLU,509196,Water Level,509196.1.H,10585,2
BALDANIA CK CONFLU,509196,Rainfall Increment,509196.1.R,10585,3
Balgownie (Brokers Rd),568116,Rainfall,568116.1.R.7421,1762,1
Balgownie (Brokers Rd),568116,Rainfall Increment,568116.1.R.7421,1762,2
Balhannah (Gumbooya),23787,Rainfall,23787.1.R.5460,1916,1
Balhannah (Gumbooya),23787,Battery,23787.1.B.5459,1916,2
Balhannah (Gumbooya),23787,Rainfall Increment,23787.1.R.5460,1916,3
Balina Burns Point,558044,Water Level,558044.1.H,5563,1
Ball Lkt AL,540084,Rainfall,540084.0.R.6480,2713,1
Ball Lkt AL,540084,Battery,540084.0.B.6481,2713,2
Ball Lkt AL,540084,Rainfall Increment,540084.0.R.6480,2713,3
BALLADONG ST YORK,510059,Water Level,510059.1.H,10861,1
BALLAN RAIN GAUGE AT CENTRAL HIGHLANDS WATER BALLAN,587103,Rainfall,587103.1.R,12059,1
BALLAN RAIN GAUGE AT CENTRAL HIGHLANDS WATER BALLAN,587103,Rainfall Increment,587103.1.R,12059,2
Ballandean AL,541089,Water Level,541089.0.H.5732,3264,1
Ballandean AL,541089,Battery,541089.0.B.5733,3264,2
Ballandean Hill AL,541091,Rainfall,541091.0.R.5700,3266,1
Ballandean Hill AL,541091,Battery,541091.0.B.5701,3266,2
Ballandean Hill AL,541091,Rainfall Increment,541091.0.R.5700,3266,3
BALLANDEAN TM,541032,Water Level,541032.0.H,6995,1
BALLANDOOL RIVER TM,544013,Water Level,544013.0.H,7089,1
BALLERA JACKSON ROAD CROSSING TM,545003,Water Level,545003.1.H,11281,1
BALLIN BORA CK U/S (MEHI RIVER),552006,Water Level,552006.1.H,7583,1
BALLINA BREAK WALL (TIDAL),558097,Water Level,558097.1.H,5609,1
Ballon AL,41092,Rainfall,41092.0.R.4934,2166,1
Ballon AL,41092,Battery,41092.0.B.4935,2166,2
Ballon AL,41092,Rainfall Increment,41092.0.R.4934,2166,3
BALLROOM (NORTH ESK RIVER),591033,Water Level,591033.1.H,8701,2
BALLROOM (NORTH ESK RIVER),591033,Rainfall Increment,591033.1.R,8701,3
Ballymena TM,41488,Water Level,41488.0.H,2177,1
Ballymena TM,41488,Rainfall,41488.0.R,2177,2
Ballymena TM,41488,Battery,41488.0.B,2177,3
Ballymena TM,41488,Rainfall Increment,41488.0.R,2177,4
Balook,85007,Rainfall,85007.1.R.4883,4527,1
Balook,85007,Battery,85007.1.B.4884,4527,2
Balook,85007,Rainfall Increment,85007.1.R.4883,4527,3
Balquhain,82153,Rainfall,82153.1.R.486,4512,1
Balquhain,82153,Battery,82153.1.B.487,4512,2
Balquhain,82153,Rainfall Increment,82153.1.R.486,4512,3
BALRANALD WEIR D/S (MURRUMBIDGEE RIVER),549001,Water Level,549001.1.H,7527,1
Ban Ban AL,540696,Water Level,540696.0.H.827,3147,1
Ban Ban AL,540696,Rainfall,540696.0.R.826,3147,2
Ban Ban AL,540696,Battery,540696.0.B.828,3147,3
Ban Ban AL,540696,Rainfall Increment,540696.0.R.826,3147,4
Ban Ban Springs Airstrip,514924,Battery,514924.1.B,332,1
Ban Ban Springs Airstrip,514924,Rainfall,514924.1.R,332,2
Ban Ban Springs Airstrip,514924,Rainfall Increment,514924.1.R,332,3
BAN BAN TM,40827,Water Level,40827.0.H,6113,2
BAN BAN TM,40827,Rainfall Increment,40827.0.R,6113,3
Banana Range AL,539174,Rainfall,539174.0.R.4496,2613,1
Banana Range AL,539174,Battery,539174.0.B.4497,2613,2
Banana Range AL,539174,Rainfall Increment,539174.0.R.4496,2613,3
BANIA TM,539121,Rainfall Increment,539121.0.R,6793,2
Banksia Beach AL,540735,Rainfall,540735.0.R.5549,3179,1
Banksia Beach AL,540735,Battery,540735.0.B.6299,3179,2
Banksia Beach AL,540735,Rainfall Increment,540735.0.R.5549,3179,3
Banksia Park,523005,Rainfall,523005.1.R.5350,1968,1
Banksia Park,523005,Battery,523005.1.B.5349,1968,2
Banksia Park,523005,Rainfall Increment,523005.1.R.5350,1968,3
Banora WWTP,558089,Battery,558089.1.B.3471,11517,1
Banora WWTP,558089,Rainfall,558089.1.R.3470,11517,2
Banora WWTP,558089,Rainfall Increment,558089.1.R.3470,11517,3
BANYAN RETARDING BASIN AT LUSCOMBE AVENUE CARRUM DOWNS,586287,Water Level,586287.1.H,12209,1
BANYAN RETARDING BASIN AT LUSCOMBE AVENUE CARRUM DOWNS,586287,Rainfall,586287.1.R,12209,2
BANYAN RETARDING BASIN AT LUSCOMBE AVENUE CARRUM DOWNS,586287,Rainfall Increment,586287.1.R,12209,3
Baradine Forestry,53002,Battery,53002.1.B,1114,1
Baradine Forestry,53002,Rainfall,53002.1.R,1114,2
Baradine Forestry,53002,Rainfall Increment,53002.1.R,1114,3
Barakula Forest Station AL,542022,Rainfall,542022.0.R.6131,3354,1
Barakula Forest Station AL,542022,Battery,542022.0.B.6132,3354,2
Barakula Forest Station AL,542022,Rainfall Increment,542022.0.R.6131,3354,3
BARALABA HW TM,539080,Water Level,539080.0.H,7215,1
BARALABA TW TM,539079,Water Level,539079.0.H,7213,1
Barberton East,8301,Rainfall,8301.1.R.6157,4373,1
Barberton East,8301,Battery,8301.1.B.6156,4373,2
Barberton East,8301,Rainfall Increment,8301.1.R.6157,4373,3
BARCALDINE WEIR TM,536002,Water Level,536002.0.H,6679,2
BARCALDINE WEIR TM,536002,Rainfall Increment,536002.0.R,6679,3
Bardon (Detention Basin) AL,540784,Water Level,540784.0.H.1877,3205,1
Bardon (Detention Basin) AL,540784,Battery,540784.0.B.1878,3205,2
BARELLAN (MIRROOL CREEK),574041,Water Level,574041.1.H,8329,2
BARELLAN (MIRROOL CREEK),574041,Rainfall Increment,574041.1.R,8329,3
Bargara AL,539226,Rainfall,539226.0.R.4754,2663,1
Bargara AL,539226,Battery,539226.0.B.4755,2663,2
Bargara AL,539226,Rainfall Increment,539226.0.R.4754,2663,3
BARHAM (MURRAY RIVER),575000,Water Level,575000.1.H,8331,1
BARKER RD CROSSING,509463,Water Level,509463.1.H,10685,1
BARKLY RIVER (WILLS DEV RD) TM,529059,Rainfall,529059.0.R,9891,1
BARKLY RIVER (WILLS DEV RD) TM,529059,Water Level,529059.0.H,9891,2
BARKLY RIVER (WILLS DEV RD) TM,529059,Rainfall Increment,529059.0.R,9891,3
BARLOWS BAY,569031,Water Level,569031.1.H,5959,2
BARLOWS BAY,569031,Rainfall Increment,569031.1.R,5959,3
Barnetts Rd AL,539136,Water Level,539136.0.H.4353,2578,1
Barnetts Rd AL,539136,Rainfall,539136.0.R.4352,2578,2
Barnetts Rd AL,539136,Battery,539136.0.B.4354,2578,3
Barnetts Rd AL,539136,Rainfall Increment,539136.0.R.4352,2578,4
Barneys Bore AL,535120,Rainfall,535120.0.R.4621,2485,1
Barneys Bore AL,535120,Battery,535120.0.B.4622,2485,2
Barneys Bore AL,535120,Rainfall Increment,535120.0.R.4621,2485,3
BARNEYS POINT (TWEED RIVER),558102,Water Level,558102.1.H,5613,1
Barngo Xing AL,535167,Water Level,535167.0.H.1020,2525,1
Barngo Xing AL,535167,Rainfall,535167.0.R.1019,2525,2
Barngo Xing AL,535167,Battery,535167.0.B.1021,2525,3
Barngo Xing AL,535167,Rainfall Increment,535167.0.R.1019,2525,4
BARNSLEY,561067,Rainfall Increment,561067.1.R,5745,2
BARNSLEY VALE,561068,Water Level,561068.1.H,5747,1
Barongarook AL,541112,Water Level,541112.0.H.4523,3278,1
Barongarook AL,541112,Rainfall,541112.0.R.4522,3278,2
Barongarook AL,541112,Battery,541112.0.B.4524,3278,3
Barongarook AL,541112,Rainfall Increment,541112.0.R.4522,3278,4
BARONGAROOK TM,41491,Water Level,41491.0.H,7133,2
BARONGAROOK TM,41491,Rainfall Increment,41491.0.R,7133,3
Baroon Boat Ramp AL,540425,Rainfall,540425.0.R.5566,2957,1
Baroon Boat Ramp AL,540425,Battery,540425.0.B.5567,2957,2
Baroon Boat Ramp AL,540425,Rainfall Increment,540425.0.R.5566,2957,3
Baroon Pocket Dam HW AL,540426,Water Level,540426.0.H.5568,2958,1
Baroon Pocket Dam HW AL,540426,Rainfall,540426.0.R.5574,2958,2
Baroon Pocket Dam HW AL,540426,Battery,540426.0.B.5570,2958,3
Baroon Pocket Dam HW AL,540426,Rainfall Increment,540426.0.R.5574,2958,4
BAROON POCKET DAM HW TM,540647,Water Level,540647.0.H,10317,2
BAROON POCKET DAM HW TM,540647,Rainfall Increment,540647.0.R,10317,3
BAROONA (MACQUARIE RIVER),551007,Water Level,551007.1.H,7559,1
Barraba (Clifton Lane),54003,Battery,54003.1.B,1117,1
Barraba (Clifton Lane),54003,Rainfall,54003.1.R,1117,2
Barraba (Clifton Lane),54003,Rainfall Increment,54003.1.R,1117,3
Barraba (Mount Lindsay),54021,Battery,54021.1.B,1119,1
Barraba (Mount Lindsay),54021,Rainfall,54021.1.R,1119,2
Barraba (Mount Lindsay),54021,Rainfall Increment,54021.1.R,1119,3
BARRABUP POOL,509631,Water Level,509631.1.H,10831,1
Barrack St,509440,Water Level,509440.1.H.6107,4455,1
Barrack St,509440,Battery,509440.1.B.6106,4455,2
Barradeen AL,44234,Rainfall,44234.0.R.4232,2221,1
Barradeen AL,44234,Battery,44234.0.B.4233,2221,2
Barradeen AL,44234,Rainfall Increment,44234.0.R.4232,2221,3
BARRATT CREEK TM,531132,Water Level,531132.0.H,9989,1
BARRATTA RD TM,533193,Rainfall Increment,533193.0.R,6573,2
Barrengarry (The Old School House),68217,Battery,68217.1.B.7072,1389,1
Barrengarry (The Old School House),68217,Rainfall,68217.1.R.7036,1389,2
Barrengarry (The Old School House),68217,Rainfall Increment,68217.1.R.7036,1389,3
Barrington (Bonnie Doon Salisbury),561122,Battery,561122.1.B.3683,1641,1
Barrington (Bonnie Doon Salisbury),561122,Rainfall,561122.1.R.3682,1641,2
Barrington (Bonnie Doon Salisbury),561122,Rainfall Increment,561122.1.R.3682,1641,3
BARRINGUN NO. 2 (WARREGO RIVER),548003,Water Level,548003.1.H,7499,1
BARRY (BARNARD RIVER),60128,Water Level,60128.1.H,8381,2
BARRY (BARNARD RIVER),60128,Rainfall Increment,60128.1.R,8381,3
BARTA PARK TM,544073,Rainfall,544073.0.R,9177,1
BARTA PARK TM,544073,Rainfall Increment,544073.0.R,9177,2
Bartle View AL,31181,Rainfall,31181.0.R.2530,2003,1
Bartle View AL,31181,Battery,31181.0.B.2531,2003,2
Bartle View AL,31181,Rainfall Increment,31181.0.R.2530,2003,3
Barton (Isis River),93020,Water Level,93020.1.H.675,4294,1
Barton (Isis River),93020,Battery,93020.1.B.676,4294,2
BARWON R AT BOOROOMA (U/S MACQUARIE JUNCTION),548015,Water Level,548015.1.H,7523,1
BARWON R AT GEERA (D/S MACQUARIE JUNCTION),551019,Water Level,551019.1.H,7571,1
BARWON R AT TARA (U/S NAMOI JUNCTION),548014,Water Level,548014.1.H,7521,1
BARWON RIVER @ GEELONG,587026,Water Level,587026.2.H,9587,1
BARWON RIVER @ INVERLEIGH,589003,Rainfall,589003.1.R,9681,1
BARWON RIVER @ INVERLEIGH,589003,Water Level,589003.1.H,9681,2
BARWON RIVER @ INVERLEIGH,589003,Rainfall Increment,589003.1.R,9681,3
BARWON RIVER @ KILDEAN LANE,590006,Water Level,590006.1.H,9715,1
BARWON RIVER @ RICKETTS MARSH,590000,Rainfall,590000.2.R,9703,1
BARWON RIVER @ RICKETTS MARSH,590000,Water Level,590000.2.H,9703,2
BARWON RIVER @ RICKETTS MARSH,590000,Rainfall Increment,590000.2.R,9703,3
BARWON RIVER AT POLLOCKSFORD,87162,Water Level,87162.2.H,9843,2
BARWON RIVER AT POLLOCKSFORD,87162,Rainfall Increment,87162.2.R,9843,3
Barwon River at Pollocksford,87162,Battery,87162.1.B.1028,4775,1
Barwon River at Pollocksford,87162,Water Level,87162.1.H.1027,4775,2
Barwon River at Pollocksford,87162,Rainfall,87162.1.R.1026,4775,3
Barwon River at Pollocksford,87162,Rainfall Increment,87162.1.R.1026,4775,4
Barwon River at Ricketts Marsh,590000,Rainfall,590000.1.R.1020,4715,1
Barwon River at Ricketts Marsh,590000,Water Level,590000.1.H.1021,4715,2
Barwon River at Ricketts Marsh,590000,Battery,590000.1.B.1022,4715,3
Barwon River at Ricketts Marsh,590000,Rainfall Increment,590000.1.R.1020,4715,4
BARWON RIVER AT WINCHELSEA,87109,Water Level,87109.1.H,9841,1
BARYULGIL (CLARENCE RIVER),57114,Water Level,57114.1.H,8191,2
BARYULGIL (CLARENCE RIVER),57114,Rainfall Increment,57114.1.R,8191,3
Basalt Creek AL,535201,Rainfall,535201.0.R.1190,2546,1
Basalt Creek AL,535201,Battery,535201.0.B.1191,2546,2
Basalt Creek AL,535201,Rainfall Increment,535201.0.R.1190,2546,3
BASALT RIVER (GREGORY DEV RD) TM,530053,Rainfall,530053.0.R,9969,1
BASALT RIVER (GREGORY DEV RD) TM,530053,Water Level,530053.0.H,9969,2
BASALT RIVER (GREGORY DEV RD) TM,530053,Rainfall Increment,530053.0.R,9969,3
BASS RIVER AT GLEN FORBES SOUTH,586300,Water Level,586300.1.H,12278,1
BASS RIVER AT GLEN FORBES SOUTH,586300,Rainfall,586300.1.R,12278,2
BASS RIVER AT GLEN FORBES SOUTH,586300,Rainfall Increment,586300.1.R,12278,3
BASS RIVER AT LOCH,586299,Water Level,586299.1.H,12277,1
BASS RIVER AT LOCH,586299,Rainfall,586299.1.R,12277,2
BASS RIVER AT LOCH,586299,Rainfall Increment,586299.1.R,12277,3
BATEAU BAY,561069,Rainfall Increment,561069.1.R,5749,2
Bathurst Stanley Street (Macquarie River),63287,Water Level,63287.1.H.7362,1321,1
Bathurst Stanley Street (Macquarie River),63287,Water Level,63287.2.H.7361,1321,2
Bathurst Stanley Street (Macquarie River),63287,Battery,63287.1.B.7360,1321,3
Bathurst Stanley Street (Macquarie River),63287,Rainfall,63287.1.R.7359,1321,4
Bathurst Stanley Street (Macquarie River),63287,Rainfall Increment,63287.1.R.7359,1321,5
BATLOW (HALLOWEEN),72082,Rainfall Increment,72082.1.R,8429,2
Batlow Post Office,72004,Battery,72004.1.B,1426,1
Batlow Post Office,72004,Rainfall,72004.1.R,1426,2
Batlow Post Office,72004,Rainfall Increment,72004.1.R,1426,3
BATLOW ROAD (ADELONG CREEK),572009,Water Level,572009.1.H,8213,1
BATTERY CREEK TM,533210,Rainfall,533210.0.R,10063,1
BATTERY CREEK TM,533210,Water Level,533210.0.H,10063,2
BATTERY CREEK TM,533210,Rainfall Increment,533210.0.R,10063,3
BATTLE CAMP TM,528002,Water Level,528002.0.H,6201,2
BATTLE CAMP TM,528002,Rainfall Increment,528002.0.R,6201,3
BATZLOFFS RD TM,540554,Rainfall Increment,540554.0.R,6933,2
Bauhinia Downs AL,535135,Rainfall,535135.0.R.4457,2500,1
Bauhinia Downs AL,535135,Battery,535135.0.B.4458,2500,2
Bauhinia Downs AL,535135,Rainfall Increment,535135.0.R.4457,2500,3
Baulkham Hills (Swimming Pool),567050,Battery,567050.1.B.7254,1724,1
Baulkham Hills (Swimming Pool),567050,Rainfall,567050.1.R.7253,1724,2
Baulkham Hills (Swimming Pool),567050,Rainfall Increment,567050.1.R.7253,1724,3
Baulkham Hills Eucalyptus Ct,67109,Battery,67109.1.B.7281,1373,1
Baulkham Hills Eucalyptus Ct,67109,Rainfall,67109.1.R.7269,1373,2
Baulkham Hills Eucalyptus Ct,67109,Rainfall Increment,67109.1.R.7269,1373,3
BAUPLE EAST TM,40679,Water Level,40679.0.H,6075,1
BAWDEN BRIDGE (ORARA),558074,Water Level,558074.1.H,7865,1
Bawnduggie AL,42036,Rainfall,42036.0.R.4936,2198,1
Bawnduggie AL,42036,Battery,42036.0.B.4937,2198,2
Bawnduggie AL,42036,Rainfall Increment,42036.0.R.4936,2198,3
BAXTERS CREEK TM,540648,Water Level,540648.0.H,10319,2
BAXTERS CREEK TM,540648,Rainfall Increment,540648.0.R,10319,3
Bayes Rd AL,540674,Water Level,540674.0.H.4154,3126,1
Bayes Rd AL,540674,Battery,540674.0.B.4155,3126,2
Beachmere (Riversleigh Rd) AL,540558,Water Level,540558.0.H.5516,3055,1
Beachmere (Riversleigh Rd) AL,540558,Rainfall,540558.0.R.5515,3055,2
Beachmere (Riversleigh Rd) AL,540558,Battery,540558.0.B.5517,3055,3
Beachmere (Riversleigh Rd) AL,540558,Rainfall Increment,540558.0.R.5515,3055,4
Beachmere (St Smith Rd) AL,540740,Water Level,540740.0.H.4133,3184,1
Beachmere (St Smith Rd) AL,540740,Rainfall,540740.0.R.4132,3184,2
Beachmere (St Smith Rd) AL,540740,Battery,540740.0.B.4134,3184,3
Beachmere (St Smith Rd) AL,540740,Rainfall Increment,540740.0.R.4132,3184,4
Beachmere AL,540496,Water Level,540496.0.H.1994,3014,1
Beachmere AL,540496,Rainfall,540496.0.R.1993,3014,2
Beachmere AL,540496,Battery,540496.0.B.1995,3014,3
Beachmere AL,540496,Rainfall Increment,540496.0.R.1993,3014,4
Beaconsfield Golflinks AL,533202,Water Level,533202.0.H.5067,2426,1
Beaconsfield Golflinks AL,533202,Rainfall,533202.0.R.5066,2426,2
Beaconsfield Golflinks AL,533202,Battery,533202.0.B.5068,2426,3
Beaconsfield Golflinks AL,533202,Rainfall Increment,533202.0.R.5066,2426,4
BEACONSFIELD MINOR RESERVOIR WH90 AT OFFICER,586278,Water Level,586278.1.H,12208,1
BEACONSFIELD MINOR RESERVOIR WH90 AT OFFICER,586278,Rainfall,586278.1.R,12208,2
BEACONSFIELD MINOR RESERVOIR WH90 AT OFFICER,586278,Rainfall Increment,586278.1.R,12208,3
BEARDMORE DAM TM,43103,Water Level,43103.0.H,7137,1
Beatty Rd AL,40796,Water Level,40796.0.H.2125,2105,1
Beatty Rd AL,40796,Rainfall,40796.0.R.2126,2105,2
Beatty Rd AL,40796,Battery,40796.0.B.2124,2105,3
Beatty Rd AL,40796,Rainfall Increment,40796.0.R.2126,2105,4
Beaudesert AL,40939,Water Level,40939.0.H.5323,2148,1
Beaudesert AL,40939,Rainfall,40939.0.R.5322,2148,2
Beaudesert AL,40939,Battery,40939.0.B.5324,2148,3
Beaudesert AL,40939,Rainfall Increment,40939.0.R.5322,2148,4
BEAUDESERT P/S TM,540082,Water Level,540082.0.H,6843,1
Beaufort WTP,89114,Battery,89114.1.B,11591,1
Beaufort WTP,89114,Rainfall,89114.1.R,11591,2
Beaufort WTP,89114,Rainfall Increment,89114.1.R,11591,3
Beaumont,23114,Rainfall,23114.1.R.5250,1881,1
Beaumont,23114,Battery,23114.1.B.5249,1881,2
Beaumont,23114,Rainfall Increment,23114.1.R.5250,1881,3
BEAVERS CK AT MUNDOWEY,574036,Water Level,574036.1.H,8323,2
BEAVERS CK AT MUNDOWEY,574036,Rainfall Increment,574036.1.R,8323,3
BECKERS TM,535015,Water Level,535015.0.H,6611,2
BECKERS TM,535015,Rainfall Increment,535015.0.R,6611,3
BECTIVE (PEEL RIVER),555018,Water Level,555018.1.H,7727,1
Bedarra AL,542020,Water Level,542020.0.H.6134,3352,1
Bedarra AL,542020,Rainfall,542020.0.R.6133,3352,2
Bedarra AL,542020,Battery,542020.0.B.6135,3352,3
Bedarra AL,542020,Rainfall Increment,542020.0.R.6133,3352,4
BEDARRA TM,542008,Water Level,542008.0.H,7071,2
BEDARRA TM,542008,Rainfall Increment,542008.0.R,7071,3
Bedford Downs Airstrip,2072,Rainfall,2072.1.R,4340,1
Bedford Downs Airstrip,2072,Battery,2072.1.B,4340,2
Bedford Downs Airstrip,2072,Rainfall Increment,2072.1.R,4340,3
BEDFORD DOWNS TM,502015,Water Level,502015.1.H,10375,2
BEDFORD DOWNS TM,502015,Rainfall Increment,502015.1.R,10375,3
Bedford Weir AL,535096,Water Level,535096.0.H.5913,2467,1
Bedford Weir AL,535096,Rainfall,535096.0.R.5912,2467,2
Bedford Weir AL,535096,Battery,535096.0.B.5914,2467,3
Bedford Weir AL,535096,Rainfall Increment,535096.0.R.5912,2467,4
BEDFORD WEIR HW TM,535027,Water Level,535027.0.H,7175,1
BEDFORD WEIR TW TM,535026,Water Level,535026.0.H,7173,1
BEE CREEK TM,534027,Rainfall,534027.0.R,10085,1
BEE CREEK TM,534027,Water Level,534027.0.H,10085,2
BEE CREEK TM,534027,Rainfall Increment,534027.0.R,10085,3
BEEBO TM,541066,Water Level,541066.0.H,7021,1
BEEBOOM CROSSING,514909,Water Level,514909.1.H,7369,2
BEEBOOM CROSSING,514909,Rainfall Increment,514909.1.R,7369,3
BEECHMONT (DNRM) TM,540230,Water Level,540230.0.H,6853,2
BEECHMONT (DNRM) TM,540230,Rainfall Increment,540230.0.R,6853,3
Beechmont AL,40844,Rainfall,40844.0.R.2215,2111,1
Beechmont AL,40844,Battery,40844.0.B.2216,2111,2
Beechmont AL,40844,Rainfall Increment,40844.0.R.2215,2111,3
BEECHWOOD (PAPPINBARRA CREEK),60138,Water Level,60138.1.H,8387,1
BEENAK RAIN GAUGE,586222,Rainfall,586222.1.R,12101,1
BEENAK RAIN GAUGE,586222,Rainfall Increment,586222.1.R,12101,2
Beenleigh AL,540644,Water Level - AHD,540644.0.H.6273,3099,1
Beenleigh AL,540644,Rainfall,540644.0.R.6272,3099,2
Beenleigh AL,540644,Battery,540644.0.B.6274,3099,3
Beenleigh AL,540644,Rainfall Increment,540644.0.R.6272,3099,4
Beerburrum-Woodford Rd AL,540622,Rainfall,540622.0.R.5524,3081,1
Beerburrum-Woodford Rd AL,540622,Battery,540622.0.B.5525,3081,2
Beerburrum-Woodford Rd AL,540622,Rainfall Increment,540622.0.R.5524,3081,3
Beerwah AL,540343,Water Level,540343.0.H.5431,2905,1
Beerwah AL,540343,Rainfall,540343.0.R.5430,2905,2
Beerwah AL,540343,Battery,540343.0.B.5432,2905,3
Beerwah AL,540343,Rainfall Increment,540343.0.R.5430,2905,4
BEESBIKE TM,531062,Water Level,531062.0.H,6327,2
BEESBIKE TM,531062,Rainfall Increment,531062.0.R,6327,3
BEGA NORTH (BEGA RIVER),69120,Water Level,69120.1.H,8419,1
BEGA R AT KANOONA,569028,Water Level,569028.1.H,8147,2
BEGA R AT KANOONA,569028,Rainfall Increment,569028.1.R,8147,3
Bega Rd Quarry AL,540237,Rainfall,540237.0.R.6255,2822,1
Bega Rd Quarry AL,540237,Battery,540237.0.B.6261,2822,2
Bega Rd Quarry AL,540237,Rainfall Increment,540237.0.R.6255,2822,3
BEGA RIVER ENTRANCE,569043,Water Level,569043.1.H,5969,1
BEGONIA TM,543024,Rainfall,543024.0.R,9169,1
BEGONIA TM,543024,Water Level,543024.0.H,9169,2
BEGONIA TM,543024,Rainfall Increment,543024.0.R,9169,3
BEIGPIEGUP,509453,Water Level,509453.1.H,10669,2
BEIGPIEGUP,509453,Rainfall Increment,509453.1.R,10669,3
Belair,23846,Rainfall,23846.1.R.5030,1919,1
Belair,23846,Battery,23846.1.B.5029,1919,2
Belair,23846,Rainfall Increment,23846.1.R.5030,1919,3
BELARRE (THALABA CREEK),552057,Water Level,552057.1.H,7607,1
Belgrae Park AL,41551,Rainfall,41551.0.R.6123,2196,1
Belgrae Park AL,41551,Battery,41551.0.B.6124,2196,2
Belgrae Park AL,41551,Rainfall Increment,41551.0.R.6123,2196,3
BELLALIE TM,545012,Rainfall,545012.0.R,9199,1
BELLALIE TM,545012,Water Level,545012.0.H,9199,2
BELLALIE TM,545012,Rainfall Increment,545012.0.R,9199,3
Bellbird Ck AL,540332,Water Level,540332.0.H.6473,2894,1
Bellbird Ck AL,540332,Rainfall,540332.0.R.6471,2894,2
Bellbird Ck AL,540332,Battery,540332.0.B.6472,2894,3
Bellbird Ck AL,540332,Rainfall Increment,540332.0.R.6471,2894,4
BELLBIRD CREEK TM,40830,Water Level,40830.0.H,6117,2
BELLBIRD CREEK TM,40830,Rainfall Increment,40830.0.R,6117,3
Bellbird Park (Eugene St) AL,540728,Water Level,540728.0.H.2153,3174,1
Bellbird Park (Eugene St) AL,540728,Rainfall,540728.0.R.2150,3174,2
Bellbird Park (Eugene St) AL,540728,Battery,540728.0.B.2149,3174,3
Bellbird Park (Eugene St) AL,540728,Rainfall Increment,540728.0.R.2150,3174,4
Bellbird Park (Purser Rd) AL,40985,Water Level,40985.0.H.2096,2163,1
Bellbird Park (Purser Rd) AL,40985,Rainfall,40985.0.R.2095,2163,2
Bellbird Park (Purser Rd) AL,40985,Battery,40985.0.B.2097,2163,3
Bellbird Park (Purser Rd) AL,40985,Rainfall Increment,40985.0.R.2095,2163,4
Bellbrook (Macleay River),59122,Water Level,59122.1.H.7323,1212,1
Bellbrook (Macleay River),59122,Battery,59122.1.B.7799,1212,2
Bellbrook (Macleay River),59122,Rainfall,59122.1.R.7324,1212,3
Bellbrook (Macleay River),59122,Rainfall Increment,59122.1.R.7324,1212,4
Bellendaine,8309,Rainfall,8309.1.R.5937,4378,1
Bellendaine,8309,Battery,8309.1.B.5936,4378,2
Bellendaine,8309,Rainfall Increment,8309.1.R.5937,4378,3
Bellevue Bay AL,540709,Rainfall,540709.0.R.6678,3157,1
Bellevue Bay AL,540709,Rainfall Increment,540709.0.R.6678,3157,2
Bellevue Heights,23916,Rainfall,23916.1.R.5047,1947,1
Bellevue Heights,23916,Battery,23916.1.B.5046,1947,2
Bellevue Heights,23916,Rainfall Increment,23916.1.R.5047,1947,3
Bellingen (Bellinger River),59126,Water Level - AHD,59126.1.H.7602,1214,1
Bellingen (Bellinger River),59126,Water Level - AHD,59126.3.H.7585,1214,2
Bellingen (Bellinger River),59126,Battery,59126.1.B.7603,1214,3
BELLINGEN (BELLINGER RIVER),59126,Water Level,59126.2.H,5985,1
Bellingen (Crystal Creek),59078,Battery,59078.1.B.7589,1209,1
Bellingen (Crystal Creek),59078,Rainfall,59078.1.R.7588,1209,2
Bellingen (Crystal Creek),59078,Rainfall Increment,59078.1.R.7588,1209,3
Bellmere (Bellmere Rd) TM,540832,Rainfall,540832.0.R,11371,1
Bellmere (Bellmere Rd) TM,540832,Water Level,540832.0.H,11371,2
Bellmere (Bellmere Rd) TM,540832,Battery,540832.0.B,11371,3
Bellmere (Bellmere Rd) TM,540832,Rainfall Increment,540832.0.R,11371,4
BELLS BRIDGE (WIDE BAY HWY) TM,540770,Water Level,540770.0.H,10349,1
Bells Ck North AL,540781,Water Level,540781.0.H.5453,3202,1
Bells Ck North AL,540781,Rainfall,540781.0.R.5452,3202,2
Bells Ck North AL,540781,Battery,540781.0.B.5454,3202,3
Bells Ck North AL,540781,Rainfall Increment,540781.0.R.5452,3202,4
Bells Ck South AL,540782,Rainfall Increment,540782.0.R.5457,3203,4
Bells Creek AL,533199,Water Level,533199.0.H.5088,2423,1
Bells Creek AL,533199,Rainfall,533199.0.R.5087,2423,2
Bells Creek AL,533199,Battery,533199.0.B.5089,2423,3
Bells Creek AL,533199,Rainfall Increment,533199.0.R.5087,2423,4
BELLS FARM,510524,Water Level,510524.1.H,10887,1
BELLS PORTAL RAIN GAUGE,585092,Rainfall,585092.1.R,12114,1
BELLS PORTAL RAIN GAUGE,585092,Rainfall Increment,585092.1.R,12114,2
Bellthorpe (Gap Rd) AL,540621,Rainfall,540621.0.R.5442,3080,1
Bellthorpe (Gap Rd) AL,540621,Battery,540621.0.B.5443,3080,2
Bellthorpe (Gap Rd) AL,540621,Rainfall Increment,540621.0.R.5442,3080,3
BELLTREES (HUNTER RIVER),561042,Water Level,561042.1.H,7963,1
BELLVIEW CREEK U/S BELLVIEW RESERVOIR,586270,Water Level,586270.1.H,9567,1
BELMONT (LAKE MACQUARIE),561070,Water Level,561070.1.H,5751,1
BELMONT TM,537013,Rainfall,537013.0.R,10163,1
BELMONT TM,537013,Rainfall Increment,537013.0.R,10163,2
BELMONT WWTP,61299,Rainfall Increment,61299.1.R,6001,2
Belmont WWTW,61299,Battery,61299.2.B.7917,1270,1
Belmont WWTW,61299,Rainfall,61299.2.R.7918,1270,2
Belmont WWTW,61299,Rainfall Increment,61299.2.R.7918,1270,3
BELMORE BRIDGE (TARCUTTA CREEK),572010,Water Level,572010.1.H,8215,2
BELMORE BRIDGE (TARCUTTA CREEK),572010,Rainfall Increment,572010.1.R,8215,3
Belmore River Entrance,559003,Water Level,559003.1.H.7339,1522,1
Belmore River Entrance,559003,Conductivity,559003.1.C.7702,1522,2
Belmore River Entrance,559003,Dissolved Oxygen,559003.1.DO.7701,1522,3
Belmore River Entrance,559003,pH,559003.1.PH.7700,1522,4
Belmore River Entrance,559003,Battery,559003.1.B.7704,1522,5
Belmore River Entrance,559003,Water Temperature,559003.1.WT.7703,1522,6
Belmore River U/S Floodgates,559029,Water Level,559029.1.H.7716,1541,1
Belmore River U/S Floodgates,559029,Battery,559029.1.B.7745,1541,5
BELOW CRAIGBOURNE DAM (COAL RIVER),94182,Water Level,94182.1.H,8797,2
BELOW CRAIGBOURNE DAM (COAL RIVER),94182,Rainfall Increment,94182.1.R,8797,3
BELOW DEE: GLENDHU (DERWENT RIVER),595011,Water Level,595011.1.H,8499,1
BELOW DEE: GLENDHU (DERWENT RIVER),595011,Flow Rate,595011.1.ML/D,8499,2
BELOW MEADOWBANK DAM (DERWENT RIVER),595012,Water Level,595012.1.H,8501,1
BELOW MEADOWBANK DAM (DERWENT RIVER),595012,Flow Rate,595012.1.ML/D,8501,2
BELOW PALMERS RT (BRUMBYS CK),591045,Water Level,591045.1.H,8473,1
BELOW PALMERS RT (BRUMBYS CK),591045,Flow Rate,591045.1.ML/D,8473,2
BELOW REGULATOR (COLLIGEN CREEK),574031,Water Level,574031.1.H,8317,1
BELOW WILMOT (FORTH RIVER),591036,Water Level,591036.1.H,8457,1
BELOW WILMOT (FORTH RIVER),591036,Flow Rate,591036.1.ML/D,8457,2
Belowra (ERTS),569035,Battery,569035.1.B.3313,1807,1
Belowra (ERTS),569035,Rainfall,569035.1.R.3312,1807,2
Belowra (ERTS),569035,Rainfall Increment,569035.1.R.3312,1807,3
BELROSE,566066,Rainfall Increment,566066.1.R,5877,2
BELYANDO CROSSING TM,536007,Water Level,536007.0.H,6687,2
BELYANDO CROSSING TM,536007,Rainfall Increment,536007.0.R,6687,3
BELYANDO R (CAPRICORN HWY) TM,535164,Water Level,535164.0.H,10341,1
Bemboka (The Knob),69133,Battery,69133.1.B,1409,1
Bemboka (The Knob),69133,Rainfall,69133.1.R,1409,2
Bemboka (The Knob),69133,Rainfall Increment,69133.1.R,1409,3
BEMM RIVER AT PRINCES HIGHWAY,584026,Water Level,584026.2.H,9473,1
Bemm River at Princes HWY,584026,Battery,584026.1.B.4992,4845,1
Bemm River at Princes HWY,584026,Water Level,584026.1.H.4991,4845,2
BEMM RVR U/S PUMPHOUSE,584028,Water Level,584028.1.H,9477,1
BEMM RVR U/S PUMPHOUSE,584028,Water Level,584028.2.H,9477,2
Ben Avon AL,531082,Rainfall,531082.0.R.5803,2252,1
Ben Avon AL,531082,Battery,531082.0.B.5804,2252,2
Ben Avon AL,531082,Rainfall Increment,531082.0.R.5803,2252,3
Ben Bullen (Clearview),563034,Battery,563034.1.B,1685,1
Ben Bullen (Clearview),563034,Rainfall,563034.1.R,1685,2
Ben Bullen (Clearview),563034,Rainfall Increment,563034.1.R,1685,3
BEN DOR WEIR TM,541095,Water Level,541095.0.H,7275,1
Ben Lomond (Beulah),56245,Battery,56245.1.B.3851,1161,1
Ben Lomond (Beulah),56245,Rainfall,56245.1.R.3850,1161,2
Ben Lomond (Beulah),56245,Rainfall Increment,56245.1.R.3850,1161,3
Ben Nevis,79101,Battery,79101.1.B.5902,4702,1
BENAMBRA (BROTHERS) RG,583015,Rainfall,583015.1.R,9433,1
BENAMBRA (BROTHERS) RG,583015,Rainfall Increment,583015.1.R,9433,2
BENARA ROAD,509492,Water Level,509492.1.H,10723,1
Benaraby AL,539125,Water Level,539125.0.H.4323,2567,1
Benaraby AL,539125,Rainfall,539125.0.R.4322,2567,2
Benaraby AL,539125,Battery,539125.0.B.4324,2567,3
Benaraby AL,539125,Rainfall Increment,539125.0.R.4322,2567,4
Bendemeer (Bonna),55308,Battery,55308.1.B.3647,1137,1
Bendemeer (Bonna),55308,Rainfall,55308.1.R.3646,1137,2
Bendemeer (Bonna),55308,Rainfall Increment,55308.1.R.3646,1137,3
BENDEMEER TM,537037,Rainfall,537037.0.R,10181,1
BENDEMEER TM,537037,Water Level,537037.0.H,10181,2
BENDEMEER TM,537037,Rainfall Increment,537037.0.R,10181,3
Bendethera,569020,Battery,569020.1.B.7014,1805,1
Bendethera,569020,Rainfall,569020.1.R.7013,1805,2
Bendethera,569020,Rainfall Increment,569020.1.R.7013,1805,3
BENDIGO CREEK @ BENDIGO,581039,Water Level,581039.1.H,9367,1
BENDIGO CREEK @ BENDIGO,581039,Flow Rate,581039.1.ML/D,9367,2
Bendoba TM,43108,Rainfall,43108.0.R,2211,1
Bendoba TM,43108,Battery,43108.0.B,2211,2
Bendoba TM,43108,Rainfall Increment,43108.0.R,2211,3
BENDORA DAM,570958,Rainfall Increment,570958.1.R,5485,2
BENDORA DAM (COTTER RIVER),570013,Water Level - AHD,570013.1.H,5417,1
BENEREE (FLYERS CREEK),563087,Water Level,563087.1.H,8039,1
Bengalla TM,41506,Water Level,41506.0.H,2180,1
Bengalla TM,41506,Rainfall,41506.0.R,2180,2
Bengalla TM,41506,Battery,41506.0.B,2180,3
Bengalla TM,41506,Gas Pressure,41506.0.GP,2180,4
Bengalla TM,41506,Rainfall Increment,41506.0.R,2180,5
Bennetts Road (Coffs Harbour),559063,Water Level,559063.0.H,1563,1
Bennetts Road (Coffs Harbour),559063,Rainfall,559063.0.R,1563,2
Bennetts Road (Coffs Harbour),559063,Rainfall Increment,559063.0.R,1563,3
BENNETTS ROAD (COFFS HARBOUR),559063,Rainfall,559063.1.R,11986,1
BENNETTS ROAD (COFFS HARBOUR),559063,Rainfall Increment,559063.1.R,11986,2
BENNETTS ROAD (COFFS HARBOUR),559063,Water Level,559063.1.H,11986,3
Benobble AL,40937,Water Level,40937.0.H.5317,2146,1
Benobble AL,40937,Rainfall,40937.0.R.5316,2146,2
Benobble AL,40937,Battery,40937.0.B.5318,2146,3
Benobble AL,40937,Rainfall Increment,40937.0.R.5316,2146,4
BENOBBLE TM,540073,Water Level,540073.0.H,6833,1
BENSVILLE (PORTSIDE CLOSE),561144,Rainfall Increment,561144.1.R,5825,2
Bentley (Back Creek),58202,Battery,58202.1.B.7101,1195,1
Bentley (Back Creek),58202,Rainfall,58202.1.R.7132,1195,2
Bentley (Back Creek),58202,Water Level,58202.1.H.7131,1195,3
Bentley (Back Creek),58202,Water Level,58202.2.H.7102,1195,4
Bentley (Back Creek),58202,Rainfall Increment,58202.1.R.7132,1195,5
BENWERRIN,90188,Rainfall,90188.1.R,9869,1
BENWERRIN,90188,Rainfall Increment,90188.1.R,9869,2
BEREMBED WEIR (MURRUMBIDGEE RIVER),574019,Water Level,574019.1.H,8299,1
BERKELEY VALE (BERKELEY VALE RD),561134,Rainfall Increment,561134.1.R,5811,2
BERMAGUI BOAT HARBOUR (TIDAL),569033,Water Level,569033.1.H,5963,1
BERRI IRRIGATION PUMP STATION (DEW),524008,Water Level,524008.1.H,9021,1
BERRIMA (WINGECARRIBEE RIVER),568215,Water Level,568215.1.H,5305,1
Berring,10245,Rainfall,10245.1.R.6163,4428,1
Berring,10245,Battery,10245.1.B.6162,4428,2
Berring,10245,Rainfall Increment,10245.1.R.6163,4428,3
BERRY&#039;S LAGOON TM,540216,Water Level,540216.0.H,10251,1
Berrys Lagoon AL,540502,Water Level,540502.0.H.2099,3019,1
Berrys Lagoon AL,540502,Rainfall,540502.0.R.2098,3019,2
Berrys Lagoon AL,540502,Battery,540502.0.B.2100,3019,3
Berrys Lagoon AL,540502,Rainfall Increment,540502.0.R.2098,3019,4
Berrys Lagoon AL-B,540550,Water Level,540550.0.H.6660,3053,1
BERTHONG ROAD (MUTTAMA CREEK),573017,Water Level,573017.1.H,8279,2
BERTHONG ROAD (MUTTAMA CREEK),573017,Rainfall Increment,573017.1.R,8279,3
Beruna AL,541126,Water Level,541126.0.H.4920,3292,1
Beruna AL,541126,Rainfall,541126.0.R.4919,3292,2
Beruna AL,541126,Battery,541126.0.B.4921,3292,3
Beruna AL,541126,Rainfall Increment,541126.0.R.4919,3292,4
BERWICK RAIN GAUGE,586199,Rainfall,586199.1.R,12201,1
BERWICK RAIN GAUGE,586199,Rainfall Increment,586199.1.R,12201,2
BESCH&#039;S HILL TM,539054,Rainfall Increment,539054.0.R,6729,2
BESWICK BRIDGE,514603,Water Level,514603.1.H,7313,2
BESWICK BRIDGE,514603,Rainfall Increment,514603.1.R,7313,3
BET BET CK @ BET BET,581012,Rainfall,581012.1.R,9335,1
BET BET CK @ BET BET,581012,Water Level,581012.1.H,9335,2
BET BET CK @ BET BET,581012,Rainfall Increment,581012.1.R,9335,3
BET BET CREEK AT LILLICUR,581029,Rainfall,581029.1.R,9359,1
BET BET CREEK AT LILLICUR,581029,Water Level,581029.1.H,9359,2
BET BET CREEK AT LILLICUR,581029,Rainfall Increment,581029.1.R,9359,3
BET BET CREEK AT NORWOOD,588025,Water Level,588025.1.H,9649,1
BET BET CREEK AT NORWOOD,588025,Rainfall,588025.2.R,9649,2
BET BET CREEK AT NORWOOD,588025,Rainfall Increment,588025.2.R,9649,3
Betanga AL,535151,Rainfall,535151.0.R.4658,2515,1
Betanga AL,535151,Battery,535151.0.B.4659,2515,2
Betanga AL,535151,Rainfall Increment,535151.0.R.4658,2515,3
Bettowynd (Condry),69006,Battery,69006.2.B.3315,1399,1
Bettowynd (Condry),69006,Rainfall,69006.2.R.3314,1399,2
Bettowynd (Condry),69006,Rainfall Increment,69006.2.R.3314,1399,3
Bettowynd (Nobbys Hill),69035,Battery,69035.1.B.3307,1401,1
Bettowynd (Nobbys Hill),69035,Rainfall,69035.1.R.3306,1401,2
Bettowynd (Nobbys Hill),69035,Rainfall Increment,69035.1.R.3306,1401,3
BEVAN STREET,509606,Rainfall Increment,509606.1.R,10829,2
Beverley,10515,Rainfall,10515.2.R.6119,4434,1
Beverley,10515,Battery,10515.1.B.6118,4434,2
Beverley,10515,Rainfall Increment,10515.2.R.6119,4434,3
BEVERLEY BRIDGE,510507,Water Level,510507.1.H,10877,1
BIBIKIN ROAD BRIDGE,510503,Rainfall Increment,510503.1.R,10875,2
BIBOOHRA TM,531159,Rainfall,531159.0.R,10021,1
BIBOOHRA TM,531159,Water Level,531159.0.H,10021,2
BIBOOHRA TM,531159,Rainfall Increment,531159.0.R,10021,3
Bickley,9240,Battery,9240.1.B.6080,4389,1
Biddenham AL,544047,Water Level,544047.0.H.1040,3380,1
Biddenham AL,544047,Rainfall,544047.0.R.1039,3380,2
Biddenham AL,544047,Battery,544047.0.B.1041,3380,3
Biddenham AL,544047,Rainfall Increment,544047.0.R.1039,3380,4
Biddenham TM,44200,Water Level,44200.0.H,2213,1
Biddenham TM,44200,Rainfall,44200.0.R,2213,2
Biddenham TM,44200,Battery,44200.0.B,2213,3
Biddenham TM,44200,Gas Pressure,44200.0.GP,2213,4
Biddenham TM,44200,Rainfall Increment,44200.0.R,2213,5
Bidwell AL,540677,Water Level,540677.0.H.5612,3129,1
Bidwell AL,540677,Rainfall,540677.0.R.5611,3129,2
Bidwell AL,540677,Battery,540677.0.B.5613,3129,3
Bidwell AL,540677,Rainfall Increment,540677.0.R.5611,3129,4
Big Ben Lane (Comms Facility),582045,Battery,582045.1.B.936,4859,1
Big Dipper,515005,Battery,515005.1.B.4821,306,1
Big Dipper,515005,Rainfall,515005.1.R.4820,306,2
Big Dipper,515005,Water Level,515005.1.H.4824,306,3
Big Dipper,515005,Rainfall Increment,515005.1.R.4820,306,4
BIG DIPPER,515005,Water Level,515005.2.H,7407,1
Big Hill (Glen Dusk),70119,Battery,70119.1.B.3212,1417,1
Big Hill (Glen Dusk),70119,Rainfall,70119.1.R.3211,1417,2
Big Hill (Glen Dusk),70119,Rainfall Increment,70119.1.R.3211,1417,3
Big Hill (Longview),570023,Battery,570023.1.B.7675,1820,1
Big Hill (Longview),570023,Rainfall,570023.1.R.7674,1820,2
Big Hill (Longview),570023,Rainfall Increment,570023.1.R.7674,1820,3
BIG RIVER AT JOKER CREEK,583004,Rainfall,583004.1.R,9425,1
BIG RIVER AT JOKER CREEK,583004,Water Level,583004.1.H,9425,2
BIG RIVER AT JOKER CREEK,583004,Rainfall Increment,583004.1.R,9425,3
Biggenden AL,40334,Rainfall,40334.0.R.842,2086,1
Biggenden AL,40334,Battery,40334.0.B.843,2086,2
Biggenden AL,40334,Rainfall Increment,40334.0.R.842,2086,3
Biggera Ck Dam AL,540360,Water Level - AHD,540360.0.H.2369,2921,1
Biggera Ck Dam AL,540360,Rainfall,540360.0.R.2368,2921,2
Biggera Ck Dam AL,540360,Battery,540360.0.B.2370,2921,3
Biggera Ck Dam AL,540360,Rainfall Increment,540360.0.R.2368,2921,4
Biggs Flat,23911,Rainfall,23911.1.R.5565,1943,1
Biggs Flat,23911,Battery,23911.1.B.5564,1943,2
Biggs Flat,23911,Rainfall Increment,23911.1.R.5565,1943,3
BILANOO POOL,505039,Water Level,505039.1.H,10469,2
BILANOO POOL,505039,Rainfall Increment,505039.1.R,10469,3
Bill Gunn Dam AL,540472,Water Level,540472.0.H.6657,2991,1
Bill Gunn Dam AL,540472,Rainfall,540472.0.R.6656,2991,2
Bill Gunn Dam AL,540472,Rainfall Increment,540472.0.R.6656,2991,3
BILL GUNN DAM TM,540563,Water Level,540563.0.H,10279,2
BILL GUNN DAM TM,540563,Rainfall Increment,540563.0.R,10279,3
BILLA BOYA RESERVE,509585,Water Level,509585.1.H,10807,1
Billabalong AL,535199,Rainfall,535199.0.R.1207,2544,1
Billabalong AL,535199,Battery,535199.0.B.1208,2544,2
Billabalong AL,535199,Rainfall Increment,535199.0.R.1207,2544,3
BILLABONG CREEK AT WANGANELLA,75071,Water Level,75071.1.H,8443,1
Billaboo AL,535082,Rainfall,535082.0.R.5927,2454,1
Billaboo AL,535082,Battery,535082.0.B.5928,2454,2
Billaboo AL,535082,Rainfall Increment,535082.0.R.5927,2454,3
BILLILINGRA (MURRUMBIDGEE RIVER),570011,Water Level,570011.1.H,8153,1
Billinudgel,558020,Water Level,558020.1.H.7580,1469,1
Billinudgel,558020,Battery,558020.1.B.7581,1469,2
BILLINUDGEL (MARSHALLS CREEK),558020,Water Level,558020.2.H,5549,1
BILLYRIMBAH (TIMBARRA RIVER),560032,Water Level,560032.1.H,7901,2
BILLYRIMBAH (TIMBARRA RIVER),560032,Rainfall Increment,560032.1.R,7901,3
Biloela AL,539232,Water Level,539232.0.H.903,2668,1
Biloela AL,539232,Rainfall,539232.0.R.902,2668,2
Biloela AL,539232,Battery,539232.0.B.904,2668,3
Biloela AL,539232,Rainfall Increment,539232.0.R.902,2668,4
Bilpin (Fern Grove),63118,Battery,63118.1.B.3009,1313,1
Bilpin (Fern Grove),63118,Rainfall,63118.1.R.3008,1313,2
Bilpin (Fern Grove),63118,Rainfall Increment,63118.1.R.3008,1313,3
Bilwon AL,531036,Water Level,531036.0.H.6815,2227,1
Bilwon AL,531036,Rainfall,531036.0.R.6814,2227,2
Bilwon AL,531036,Battery,531036.0.B.6816,2227,3
Bilwon AL,531036,Rainfall Increment,531036.0.R.6814,2227,4
BILWON TM,531019,Water Level,531019.0.H,6297,1
Bilyana AL,532062,Rainfall,532062.0.R.5200,2308,1
Bilyana AL,532062,Battery,532062.0.B.5201,2308,2
Bilyana AL,532062,Rainfall Increment,532062.0.R.5200,2308,3
BINDAREE TM,539095,Water Level,539095.0.H,6759,2
BINDAREE TM,539095,Rainfall Increment,539095.0.R,6759,3
Bindi Bindi North,8202,Rainfall,8202.1.R.6401,4368,1
Bindi Bindi North,8202,Battery,8202.1.B.6400,4368,2
Bindi Bindi North,8202,Rainfall Increment,8202.1.R.6401,4368,3
BINGARA (HALLS CK),554009,Water Level,554009.1.H,7681,1
Bingara (Keera),54039,Battery,54039.1.B,1121,1
Bingara (Keera),54039,Rainfall,54039.1.R,1121,2
Bingara (Keera),54039,Rainfall Increment,54039.1.R,1121,3
BINGEGANG H/W TM,535023,Water Level,535023.0.H,6621,1
BINGEGANG H/W TM,535023,Rainfall Increment,535023.0.R,6621,2
BINGEGANG T/W TM,535022,Water Level,535022.0.H,7171,2
BINGEGANG T/W TM,535022,Rainfall Increment,535022.0.R,7171,3
Bingegang Weir AL,35295,Water Level,35295.0.H.5916,2077,1
Bingegang Weir AL,35295,Rainfall,35295.0.R.5915,2077,2
Bingegang Weir AL,35295,Battery,35295.0.B.5917,2077,3
Bingegang Weir AL,35295,Rainfall Increment,35295.0.R.5915,2077,4
Binna Burra AL,40845,Rainfall,40845.0.R.2210,2112,1
Binna Burra AL,40845,Battery,40845.0.B.2211,2112,2
Binna Burra AL,40845,Rainfall Increment,40845.0.R.2210,2112,3
BINNAWAY (CASTLEREAGH RIVER),564006,Water Level,564006.1.H,8063,1
Binnowee AL,44230,Water Level,44230.0.H.4230,2217,1
Binnowee AL,44230,Rainfall,44230.0.R.4229,2217,2
Binnowee AL,44230,Battery,44230.0.B.4231,2217,3
Binnowee AL,44230,Rainfall Increment,44230.0.R.4229,2217,4
BINNOWEE TM,544021,Water Level,544021.0.H,7103,2
BINNOWEE TM,544021,Rainfall Increment,544021.0.R,7103,3
BIRCH CREEK AT SMEATON,588027,Water Level,588027.1.H,9651,1
BIRDIE CREEK,514915,Water Level,514915.1.H,7381,2
BIRDIE CREEK,514915,Rainfall Increment,514915.1.R,7381,3
BIRDSVILLE (DEW),538005,Water Level,538005.1.H,11273,1
BIRDWOOD (FORBES RIVER),560031,Water Level,560031.1.H,7899,1
BIRKDALE (HONAN DOWNS RD) TM,536037,Water Level,536037.0.H,10149,1
Birralee Creek,93046,Battery,93046.1.B.763,4295,1
Birralee Creek,93046,Rainfall,93046.1.R.762,4295,2
Birralee Creek,93046,Rainfall Increment,93046.1.R.762,4295,3
Birrimba,14806,Battery,14806.1.B,319,1
Birrimba,14806,Rainfall,14806.1.R,319,2
Birrimba,14806,Rainfall Increment,14806.1.R,319,3
BJELKE-PETERSEN DAM HW TM,540053,Water Level,540053.0.H,7247,1
BJELKE-PETERSEN DAM TW TM,540531,Water Level,540531.0.H,7257,1
BLACK CAT FLAT,509011,Water Level,509011.1.H,10553,2
BLACK CAT FLAT,509011,Rainfall Increment,509011.1.R,10553,3
BLACK GORGE TM,529028,Rainfall Increment,529028.0.R,6249,2
Black Hill,23896,Rainfall,23896.1.R.5840,1938,1
Black Hill,23896,Battery,23896.1.B.5839,1938,2
Black Hill,23896,Rainfall Increment,23896.1.R.5840,1938,3
BLACK HILLS,504047,Rainfall Increment,504047.1.R,10455,2
Black Mountain (Farleigh) AL,533200,Rainfall,533200.0.R.5095,2424,1
Black Mountain (Farleigh) AL,533200,Battery,533200.0.B.5096,2424,2
Black Mountain (Farleigh) AL,533200,Rainfall Increment,533200.0.R.5095,2424,3
Black Mt AL,540638,Rainfall,540638.0.R.6952,3093,1
Black Mt AL,540638,Battery,540638.0.B.6953,3093,2
Black Mt AL,540638,Rainfall Increment,540638.0.R.6952,3093,3
BLACK MT TM,531094,Rainfall Increment,531094.0.R,6373,2
Black Pinch Road AL,540306,Rainfall,540306.0.R.6918,2870,1
Black Pinch Road AL,540306,Battery,540306.0.B.6919,2870,2
Black Pinch Road AL,540306,Rainfall Increment,540306.0.R.6918,2870,3
Black Range (Grandview Lane),69144,Battery,69144.1.B.3431,1410,1
Black Range (Grandview Lane),69144,Rainfall,69144.1.R.3430,1410,2
Black Range (Grandview Lane),69144,Rainfall Increment,69144.1.R.3430,1410,3
Black Range Creek at Trout Farm,82158,Battery,82158.1.B.147,4726,1
Black Range Creek at Trout Farm,82158,Rainfall,82158.1.R.146,4726,2
Black Range Creek at Trout Farm,82158,Rainfall Increment,82158.1.R.146,4726,3
BLACK RANGE RD MURRINDINDI,588041,Rainfall,588041.1.R,11325,1
BLACK RANGE RD MURRINDINDI,588041,Rainfall Increment,588041.1.R,11325,2
BLACK RANGE TROUT FARM,82158,Rainfall,82158.2.R,9793,1
BLACK RANGE TROUT FARM,82158,Rainfall Increment,82158.2.R,9793,2
Black River AL,532046,Water Level,532046.0.H.2714,2296,1
Black River AL,532046,Rainfall,532046.0.R.2713,2296,2
Black River AL,532046,Battery,532046.0.B.2715,2296,3
Black River AL,532046,Rainfall Increment,532046.0.R.2713,2296,4
BLACK RIVER TM,532055,Water Level,532055.0.H,6411,2
BLACK RIVER TM,532055,Rainfall Increment,532055.0.R,6411,3
BLACK SPRINGS (MANILLA RIVER),554013,Water Level,554013.1.H,7687,1
Black Swamp Ck AL,540450,Water Level,540450.0.H.5606,2971,1
Black Swamp Ck AL,540450,Rainfall,540450.0.R.5605,2971,2
Black Swamp Ck AL,540450,Battery,540450.0.B.5607,2971,3
Black Swamp Ck AL,540450,Rainfall Increment,540450.0.R.5605,2971,4
Black Weir AL,532030,Water Level,532030.0.H.2756,2280,1
Black Weir AL,532030,Rainfall,532030.0.R.2755,2280,2
Black Weir AL,532030,Battery,532030.0.B.2757,2280,3
Black Weir AL,532030,Rainfall Increment,532030.0.R.2755,2280,4
Blackall AL,536009,Water Level,536009.0.H.4624,2562,1
Blackall AL,536009,Rainfall,536009.0.R.4623,2562,2
Blackall AL,536009,Battery,536009.0.B.4625,2562,3
Blackall AL,536009,Rainfall Increment,536009.0.R.4623,2562,4
BLACKALL TM,536003,Water Level,536003.0.H,6681,2
BLACKALL TM,536003,Rainfall Increment,536003.0.R,6681,3
BLACKBOY CREEK TM,535078,Rainfall Increment,535078.0.R,6665,2
Blackbutt AL,540493,Rainfall,540493.0.R.6603,3011,1
Blackbutt AL,540493,Rainfall Increment,540493.0.R.6603,3011,2
Blackdown Tableland AL,35186,Rainfall,35186.0.R.5910,2068,1
Blackdown Tableland AL,35186,Battery,35186.0.B.5911,2068,2
Blackdown Tableland AL,35186,Rainfall Increment,35186.0.R.5910,2068,3
BLACKDOWN TABLELAND TM,535079,Rainfall Increment,535079.0.R,6667,2
BLACKFELLOW CK TM,540556,Rainfall Increment,540556.0.R,6937,2
Blackheath (Wombat Street),63295,Battery,63295.1.B.3108,1324,1
Blackheath (Wombat Street),63295,Rainfall,63295.1.R.3107,1324,2
Blackheath (Wombat Street),63295,Rainfall Increment,63295.1.R.3107,1324,3
Blacksmiths,61406,Battery,61406.1.B.7883,1291,1
Blacksmiths,61406,Rainfall,61406.1.R.7882,1291,2
Blacksmiths,61406,Rainfall Increment,61406.1.R.7882,1291,3
Blackstone Br AL,40872,Water Level,40872.0.H.2178,2119,1
Blackstone Br AL,40872,Battery,40872.0.B.2176,2119,2
Blackstone Br AL,40872,Check,40872.0.CK.2177,2119,3
Blacktown (Dog Pound),567053,Battery,567053.1.B.7260,1727,1
Blacktown (Dog Pound),567053,Rainfall,567053.1.R.7259,1727,2
Blacktown (Dog Pound),567053,Rainfall Increment,567053.1.R.7259,1727,3
Blacktown Creek (Int. Peace Park),567109,Water Level,567109.1.H.7272,1747,1
Blacktown Creek (Int. Peace Park),567109,Battery,567109.1.B.7279,1747,2
Blackville Post Office,55006,Battery,55006.1.B.3705,1128,1
Blackville Post Office,55006,Rainfall,55006.1.R.3704,1128,2
Blackville Post Office,55006,Rainfall Increment,55006.1.R.3704,1128,3
BLAIR ROAD TM,533141,Rainfall Increment,533141.0.R,6553,2
BLANDFORD (PAGES RIVER),61372,Water Level,61372.1.H,8399,2
BLANDFORD (PAGES RIVER),61372,Rainfall Increment,61372.1.R,8399,3
Blanket Hill,585037,Battery,585037.1.B.4854,4743,1
Blanket Hill,585037,Rainfall,585037.1.R.4853,4743,2
Blanket Hill,585037,Rainfall Increment,585037.1.R.4853,4743,3
Blaxland AL,541196,Water Level,541196.0.H.4976,3340,1
Blaxland AL,541196,Rainfall,541196.0.R.4975,3340,2
Blaxland AL,541196,Battery,541196.0.B.4977,3340,3
Blaxland AL,541196,Rainfall Increment,541196.0.R.4975,3340,4
Blayney (Orange Road),63294,Battery,63294.1.B,1323,1
Blayney (Orange Road),63294,Rainfall,63294.1.R,1323,2
Blayney (Orange Road),63294,Rainfall Increment,63294.1.R,1323,3
BLENCOE FALLS TM,532080,Water Level,532080.0.H,6419,2
BLENCOE FALLS TM,532080,Rainfall Increment,532080.0.R,6419,3
Blenheim AL,533082,Rainfall,533082.0.R.2977,2387,1
Blenheim AL,533082,Battery,533082.0.B.2978,2387,2
Blenheim AL,533082,Rainfall Increment,533082.0.R.2977,2387,3
Bli Bli AL,540506,Water Level,540506.0.H.5593,3023,1
Bli Bli AL,540506,Rainfall,540506.0.R.5592,3023,2
Bli Bli AL,540506,Battery,540506.0.B.5594,3023,3
Bli Bli AL,540506,Rainfall Increment,540506.0.R.5592,3023,4
BLIND CREEK AT HIGH STREET ROAD WANTIRNA SOUTH,586100,Water Level,586100.1.H,12258,1
BLIND CREEK AT KNOX RETARDING BASIN WANTIRNA SOUTH,586085,Water Level,586085.1.H,12217,1
BLIND CREEK AT KNOX RETARDING BASIN WANTIRNA SOUTH,586085,Rainfall,586085.1.R,12217,2
BLIND CREEK AT KNOX RETARDING BASIN WANTIRNA SOUTH,586085,Rainfall Increment,586085.1.R,12217,3
Bloomfield Park (Everton),82166,Rainfall,82166.1.R.136,4658,1
Bloomfield Park (Everton),82166,Battery,82166.1.B.137,4658,2
Bloomfield Park (Everton),82166,Rainfall Increment,82166.1.R.136,4658,3
BLOWERING DAM W/L (TUMUT RIVER),72153,Water Level,72153.1.H,8833,1
Blue Hills AL,539233,Rainfall,539233.0.R.910,2669,1
Blue Hills AL,539233,Battery,539233.0.B.911,2669,2
Blue Hills AL,539233,Rainfall Increment,539233.0.R.910,2669,3
BLUE HILLS TM,539099,Rainfall Increment,539099.0.R,6761,2
BLUE MOUNTAIN RAIN GAUGE,587037,Rainfall,587037.1.R,12062,1
BLUE MOUNTAIN RAIN GAUGE,587037,Rainfall Increment,587037.1.R,12062,2
BLUE RANGE TM,532017,Water Level,532017.0.H,6403,2
BLUE RANGE TM,532017,Rainfall Increment,532017.0.R,6403,3
BLUE ROCK HG,585040,Rainfall,585040.1.R,9531,1
BLUE ROCK HG,585040,Water Level,585040.1.H,9531,2
BLUE ROCK HG,585040,Rainfall Increment,585040.1.R,9531,3
Bluewater AL,532048,Water Level,532048.0.H.2709,2298,1
Bluewater AL,532048,Rainfall,532048.0.R.2708,2298,2
Bluewater AL,532048,Battery,532048.0.B.2710,2298,3
Bluewater AL,532048,Rainfall Increment,532048.0.R.2708,2298,4
BLUEWATER TM,532007,Water Level,532007.0.H,6393,2
BLUEWATER TM,532007,Rainfall Increment,532007.0.R,6393,3
Bluff AL,535144,Rainfall,535144.0.R.5918,2509,1
Bluff AL,535144,Battery,535144.0.B.5919,2509,2
Bluff AL,535144,Rainfall Increment,535144.0.R.5918,2509,3
BLUFF DOWNS TM,530017,Water Level,530017.0.H,6283,2
BLUFF DOWNS TM,530017,Rainfall Increment,530017.0.R,6283,3
BLUFF RIVER METEOROLOGICAL,597053,Rainfall Increment,597053.1.R,8607,2
BLW LAKE ST CLAIR (DERWENT RV),596055,Water Level,596055.1.H,8547,1
BLW LAKE ST CLAIR (DERWENT RV),596055,Flow Rate,596055.1.ML/D,8547,2
BMTC 555555 Test Sat IP CR800 Logger,555555,Battery,555555.1.B.3001,11581,1
BMTC 555555 Test Sat IP CR800 Logger,555555,Rainfall,555555.1.R.3000,11581,2
BOAMBEE (BOAMBEE CREEK),559080,Water Level,559080.1.H,5665,1
BOAMBEE ENTRANCE (BOAMBEE CREEK),559081,Water Level,559081.1.H,5667,1
Boambee Reservoir (Coffs Harbour),559065,Rainfall,559065.0.R,1565,1
Boambee Reservoir (Coffs Harbour),559065,Rainfall Increment,559065.0.R,1565,2
BOAMBEE RESEVOIR (COFFS HARBOUR),559065,Rainfall,559065.1.R,11988,1
BOAMBEE RESEVOIR (COFFS HARBOUR),559065,Rainfall Increment,559065.1.R,11988,2
Boar Pocket AL,531054,Rainfall,531054.0.R.6842,2241,1
Boar Pocket AL,531054,Battery,531054.0.B.6843,2241,2
Boar Pocket AL,531054,Rainfall Increment,531054.0.R.6842,2241,3
BOAT HARBOUR (NOBBYS CREEK),558077,Water Level,558077.1.H,7867,1
Boat Harbour (Rous River),58204,Water Level,58204.1.H.7153,1196,1
Boat Harbour (Rous River),58204,Battery,58204.1.B.7155,1196,2
Boat Harbour (Rous River),58204,Rainfall,58204.1.R.7154,1196,3
Boat Harbour (Rous River),58204,Rainfall Increment,58204.1.R.7154,1196,4
Boat Mountain AL,540141,Water Level,540141.0.H.6521,2755,1
Boat Mountain AL,540141,Rainfall,540141.0.R.6520,2755,2
Boat Mountain AL,540141,Rainfall Increment,540141.0.R.6520,2755,3
BOAT MOUNTAIN TM,540045,Water Level,540045.0.H,6813,2
BOAT MOUNTAIN TM,540045,Rainfall Increment,540045.0.R,6813,3
Bodalla Post Office,69036,Battery,69036.1.B.3444,1402,1
Bodalla Post Office,69036,Rainfall,69036.1.R.3443,1402,2
Bodalla Post Office,69036,Rainfall Increment,69036.1.R.3443,1402,3
Boddington North,109516,Rainfall,109516.1.R.6311,4451,1
Boddington North,109516,Battery,109516.1.B.6310,4451,2
Boddington North,109516,Rainfall Increment,109516.1.R.6311,4451,3
BOGANGAR,558043,Water Level,558043.1.H,5561,1
Bogarella Xing AL,544038,Water Level,544038.0.H.1023,3371,1
Bogarella Xing AL,544038,Rainfall,544038.0.R.1022,3371,2
Bogarella Xing AL,544038,Battery,544038.0.B.1024,3371,3
Bogarella Xing AL,544038,Rainfall Increment,544038.0.R.1022,3371,4
BOGEWONG TM,537007,Rainfall,537007.0.R,10151,1
BOGEWONG TM,537007,Water Level,537007.0.H,10151,2
BOGEWONG TM,537007,Rainfall Increment,537007.0.R,10151,3
BOGGABILLA (MACINTYRE RIVER),53101,Water Level,53101.1.H,7461,1
BOGGABRI (COXS CREEK),555013,Water Level,555013.1.H,7721,2
BOGGABRI (COXS CREEK),555013,Rainfall Increment,555013.1.R,7721,3
BOGGABRI (NAMOI RIVER),555004,Water Level,555004.1.H,7705,1
BOGGY CK AT ANGLESIDE,82116,Rainfall,82116.2.R,9779,1
BOGGY CK AT ANGLESIDE,82116,Water Level,82116.2.H,9779,2
BOGGY CK AT ANGLESIDE,82116,Rainfall Increment,82116.2.R,9779,3
Boggy Ck at Angleside,82116,Battery,82116.1.B.181,4790,1
Boggy Ck at Angleside,82116,Rainfall,82116.1.R.179,4790,2
Boggy Ck at Angleside,82116,Water Level,82116.1.H.180,4790,3
Boggy Ck at Angleside,82116,Rainfall Increment,82116.1.R.179,4790,4
Boggy Creek at Bullumwaal,84097,Battery,84097.1.B.4912,4712,1
Boggy Creek at Bullumwaal,84097,Rainfall,84097.1.R.4911,4712,2
Boggy Creek at Bullumwaal,84097,Rainfall Increment,84097.1.R.4911,4712,3
BOHLE ESTUARY TM,532068,Water Level,532068.0.H,6415,1
Bohle River AL,532043,Water Level,532043.0.H.2722,2293,1
Bohle River AL,532043,Rainfall,532043.0.R.2721,2293,2
Bohle River AL,532043,Battery,532043.0.B.2723,2293,3
Bohle River AL,532043,Rainfall Increment,532043.0.R.2721,2293,4
BOHLE RIVER KELSO TM,532137,Water Level,532137.0.H,10029,2
BOHLE RIVER KELSO TM,532137,Rainfall Increment,532137.0.R,10029,3
BOIGU ISLAND TIDE TM,527019,Water Level,527019.0.H,5147,1
BOLDON MIRANI RD TM,533154,Rainfall Increment,533154.0.R,6559,2
Bolgart Bin,10064,Rainfall,10064.1.R.6097,4422,1
Bolgart Bin,10064,Battery,10064.1.B.6096,4422,2
Bolgart Bin,10064,Rainfall Increment,10064.1.R.6097,4422,3
BOLINDA CREEK AT LANCEFIELD ROAD CLARKEFIELD,587082,Water Level,587082.1.H,12026,1
BOLINDA CREEK AT LANCEFIELD ROAD CLARKEFIELD,587082,Rainfall,587082.1.R,12026,2
BOLINDA CREEK AT LANCEFIELD ROAD CLARKEFIELD,587082,Rainfall Increment,587082.1.R,12026,3
Bolinda Estate AL,531057,Water Level,531057.0.H.5214,2244,1
Bolinda Estate AL,531057,Rainfall,531057.0.R.5213,2244,2
Bolinda Estate AL,531057,Battery,531057.0.B.5215,2244,3
Bolinda Estate AL,531057,Rainfall Increment,531057.0.R.5213,2244,4
BOLIVIA (DEEPWATER RIVER),556004,Water Level,556004.1.H,7757,2
BOLIVIA (DEEPWATER RIVER),556004,Rainfall Increment,556004.1.R,7757,3
Bollon (Mary St),44010,Battery,44010.0.B,11397,1
Bollon (Mary St),44010,Water Level,44010.0.H,11397,2
Bolton Rd AL,531037,Water Level,531037.0.H.6818,2228,1
Bolton Rd AL,531037,Rainfall,531037.0.R.6817,2228,2
Bolton Rd AL,531037,Battery,531037.0.B.6819,2228,3
Bolton Rd AL,531037,Rainfall Increment,531037.0.R.6817,2228,4
BOLWARRA D/S (HUNTER RIVER),561071,Water Level,561071.1.H,5753,1
BOLWARRA U/S (HUNTER RIVER ),561061,Water Level,561061.1.H,5733,1
BOMBALA (BOMBALA RIVER),570020,Water Level,570020.1.H,8159,1
BOMERA CREEK (BOMERA CREEK),555019,Water Level,555019.1.H,7729,2
BOMERA CREEK (BOMERA CREEK),555019,Rainfall Increment,555019.1.R,7729,3
BONALBO (PEACOCK CREEK),557004,Water Level,557004.1.H,7827,1
BOND SPRINGS,515008,Water Level,515008.2.H,7409,1
Bond Springs,515008,Battery,515008.1.B.4809,309,1
Bond Springs,515008,Rainfall,515008.1.R.4810,309,2
Bond Springs,515008,Water Level,515008.1.H.4808,309,3
Bond Springs,515008,Rainfall Increment,515008.1.R.4810,309,4
Bond Springs Turnoff,515009,Battery,515009.1.B.4813,310,1
Bond Springs Turnoff,515009,Rainfall,515009.1.R.4811,310,2
Bond Springs Turnoff,515009,Rainfall Increment,515009.1.R.4811,310,3
Bonella AL,544067,Water Level,544067.0.H.1099,3399,1
Bonella AL,544067,Rainfall,544067.0.R.1098,3399,2
Bonella AL,544067,Battery,544067.0.B.1100,3399,3
Bonella AL,544067,Rainfall Increment,544067.0.R.1098,3399,4
Bones Knob AL,531032,Rainfall,531032.0.R.6802,2223,1
Bones Knob AL,531032,Battery,531032.0.B.6803,2223,2
Bones Knob AL,531032,Rainfall Increment,531032.0.R.6802,2223,3
Bonfield AL,544062,Water Level,544062.0.H.1069,3395,1
Bonfield AL,544062,Rainfall,544062.0.R.1068,3395,2
Bonfield AL,544062,Battery,544062.0.B.1070,3395,3
Bonfield AL,544062,Rainfall Increment,544062.0.R.1068,3395,4
BONG BONG WEIR (WINGERCARRIBEE RIVER),568238,Water Level,568238.1.H,5325,1
Bonogin (Parkmeadows Crt) AL,540834,Rainfall,540834.0.R.2423,11483,1
Bonogin (Parkmeadows Crt) AL,540834,Battery,540834.0.B.2424,11483,2
Bonogin (Parkmeadows Crt) AL,540834,Rainfall Increment,540834.0.R.2423,11483,3
Bonogin AL,540352,Rainfall,540352.0.R.2359,2914,1
Bonogin AL,540352,Battery,540352.0.B.2360,2914,2
Bonogin AL,540352,Rainfall Increment,540352.0.R.2359,2914,3
Bonogin Ck (Hardys Rd) AL,540453,Water Level,540453.0.H.2383,2974,1
Bonogin Ck (Hardys Rd) AL,540453,Battery,540453.0.B.2384,2974,2
BONSHAW (DUMARESQ RIVER),54155,Water Level,54155.1.H,7481,1
Bony Mountain AL,541092,Rainfall,541092.0.R.5706,3267,1
Bony Mountain AL,541092,Battery,541092.0.B.5707,3267,2
Bony Mountain AL,541092,Rainfall Increment,541092.0.R.5706,3267,3
BOOBA SANDS TM,41519,Water Level,41519.0.H,6153,2
BOOBA SANDS TM,41519,Rainfall Increment,41519.0.R,6153,3
Boobegan Ck Lock AL,540253,Water Level - AHD,540253.0.H.2248,2837,1
Boobegan Ck Lock AL,540253,Rainfall,540253.0.R.2245,2837,2
Boobegan Ck Lock AL,540253,Battery,540253.0.B.2246,2837,3
Boobegan Ck Lock AL,540253,Rainfall Increment,540253.0.R.2245,2837,4
BOOK BOOK (KYEAMBA CREEK),572008,Water Level,572008.1.H,8211,2
BOOK BOOK (KYEAMBA CREEK),572008,Rainfall Increment,572008.1.R,8211,3
BOOKINE BOOKINE,509419,Water Level,509419.1.H,10651,2
BOOKINE BOOKINE,509419,Rainfall Increment,509419.1.R,10651,3
Boolaroo Tops AL,539234,Rainfall,539234.0.R.908,2670,1
Boolaroo Tops AL,539234,Battery,539234.0.B.909,2670,2
Boolaroo Tops AL,539234,Rainfall Increment,539234.0.R.908,2670,3
BOOLAROO TOPS TM,539122,Rainfall Increment,539122.0.R,6795,2
BOOLATAROO (GIL GIL CREEK),553027,Water Level,553027.1.H,7651,1
BOOLBURRA TM,39008,Water Level,39008.0.H,7125,1
Booligal (Yarto) Comparison ,49138,Battery,49138.1.B,1107,1
Booligal (Yarto) Comparison ,49138,Rainfall,49138.1.R,1107,2
Booligal (Yarto) Comparison ,49138,Rainfall Increment,49138.1.R,1107,3
BOOLIGAL WEIR (LACHLAN RIVER),75171,Water Level,75171.1.H,8445,1
BOOMI OFFTAKE (BOOMI RIVER),553024,Water Level,553024.1.H,7649,2
BOOMI OFFTAKE (BOOMI RIVER),553024,Rainfall Increment,553024.1.R,7649,3
BOOMI WEIR TM (MACINTYRE RIVER),52084,Water Level,52084.1.H,7457,1
Boompa Road AL,540767,Rainfall,540767.0.R.5631,3190,1
Boompa Road AL,540767,Battery,540767.0.B.5632,3190,2
Boompa Road AL,540767,Rainfall Increment,540767.0.R.5631,3190,3
Boonah,90187,Rainfall,90187.1.R.1018,4714,1
Boonah,90187,Battery,90187.1.B.1019,4714,2
Boonah,90187,Rainfall Increment,90187.1.R.1018,4714,3
BOONAH,90187,Rainfall,90187.2.R,9867,1
BOONAH,90187,Rainfall Increment,90187.2.R,9867,2
Boonah AL,40949,Water Level,40949.0.H.5350,2158,1
Boonah AL,40949,Rainfall,40949.0.R.5349,2158,2
Boonah AL,40949,Battery,40949.0.B.5351,2158,3
Boonah AL,40949,Rainfall Increment,40949.0.R.5349,2158,4
Boonanghi,559022,Battery,559022.1.B.7000,1536,1
Boonanghi,559022,Rainfall,559022.1.R.7316,1536,2
Boonanghi,559022,Rainfall Increment,559022.1.R.7316,1536,3
Boondooma Dam HW AL,540698,Water Level,540698.0.H.802,3149,1
Boondooma Dam HW AL,540698,Battery,540698.0.B.803,3149,2
BOONDOOMA DAM HW TM,540262,Water Level,540262.0.H,7251,1
Boondooma Repeater AL,540694,Rainfall,540694.0.R.800,3145,1
Boondooma Repeater AL,540694,Battery,540694.0.B.801,3145,2
Boondooma Repeater AL,540694,Rainfall Increment,540694.0.R.800,3145,3
BOONDOON TM,544079,Rainfall,544079.0.R,9181,1
BOONDOON TM,544079,Rainfall Increment,544079.0.R,9181,2
Booral Rd AL,540452,Water Level,540452.0.H.5603,2973,1
Booral Rd AL,540452,Rainfall,540452.0.R.5602,2973,2
Booral Rd AL,540452,Battery,540452.0.B.5604,2973,3
Booral Rd AL,540452,Rainfall Increment,540452.0.R.5602,2973,4
Booroola,582037,Rainfall,582037.1.R.212,4677,1
Booroola,582037,Battery,582037.1.B.213,4677,2
Booroola,582037,Rainfall Increment,582037.1.R.212,4677,3
Booroopki Comparison,79109,Rainfall,79109.2.R,4821,1
Booroopki Comparison,79109,Battery,79109.2.B,4821,2
Booroopki Comparison,79109,Rainfall Increment,79109.2.R,4821,3
Boortkoi AL,542025,Rainfall,542025.0.R.6142,3357,1
Boortkoi AL,542025,Battery,542025.0.B.6143,3357,2
Boortkoi AL,542025,Rainfall Increment,542025.0.R.6142,3357,3
BOOSEY CREEK AT TUNGAMAH,581023,Rainfall,581023.1.R,9353,1
BOOSEY CREEK AT TUNGAMAH,581023,Water Level,581023.1.H,9353,2
BOOSEY CREEK AT TUNGAMAH,581023,Rainfall Increment,581023.1.R,9353,3
BORDER CREEK,514829,Rainfall Increment,514829.1.R,7349,2
Boreen Point AL,540308,Water Level,540308.0.H.6903,2872,1
Boreen Point AL,540308,Rainfall,540308.0.R.6902,2872,2
Boreen Point AL,540308,Battery,540308.0.B.6904,2872,3
Boreen Point AL,540308,Rainfall Increment,540308.0.R.6902,2872,4
Borenore (Lyden Brae),65110,Battery,65110.2.B.3546,1341,1
Borenore (Lyden Brae),65110,Rainfall,65110.2.R.3545,1341,2
Borenore (Lyden Brae),65110,Rainfall Increment,65110.2.R.3545,1341,3
Borilla Ck AL,535175,Water Level,535175.0.H.1236,2533,1
Borilla Ck AL,535175,Rainfall,535175.0.R.1235,2533,2
Borilla Ck AL,535175,Battery,535175.0.B.1237,2533,3
Borilla Ck AL,535175,Rainfall Increment,535175.0.R.1235,2533,4
Bororen (Reedbed Rd) AL,539267,Rainfall,539267.0.R.5682,11385,1
Bororen (Reedbed Rd) AL,539267,Battery,539267.0.B.5683,11385,2
Bororen (Reedbed Rd) AL,539267,Rainfall Increment,539267.0.R.5682,11385,3
BORRADAILE PLAINS,591000,Rainfall Increment,591000.1.R,8447,2
Borumba Dam HW AL,540575,Water Level,540575.0.H.6664,3066,1
Borumba Dam HW AL,540575,Rainfall,540575.0.R.6663,3066,2
Borumba Dam HW AL,540575,Battery,540575.0.B.6665,3066,3
Borumba Dam HW AL,540575,Rainfall Increment,540575.0.R.6663,3066,4
BORUMBA DAM HW TM,540264,Water Level,540264.0.H,10257,2
BORUMBA DAM HW TM,540264,Rainfall Increment,540264.0.R,10257,3
BORUMBA DAM TW TM,540514,Water Level,540514.0.H,10271,1
BOTHWELL (CLYDE RIVER),95046,Water Level,95046.1.H,8803,2
BOTHWELL (CLYDE RIVER),95046,Rainfall Increment,95046.1.R,8803,3
Bottle Tree AL,542027,Rainfall,542027.0.R.4942,3359,1
Bottle Tree AL,542027,Battery,542027.0.B.4943,3359,2
Bottle Tree AL,542027,Rainfall Increment,542027.0.R.4942,3359,3
BOULIA TM,538002,Water Level,538002.0.H,6699,2
BOULIA TM,538002,Rainfall Increment,538002.0.R,6699,3
Boundary Ck AL,33263,Rainfall,33263.0.R.2610,2036,1
Boundary Ck AL,33263,Battery,33263.0.B.2611,2036,2
Boundary Ck AL,33263,Rainfall Increment,33263.0.R.2610,2036,3
BOURKE TOWN (DARLING RIVER),548004,Water Level,548004.1.H,7501,1
BOURNBROOK AVENUE,509460,Rainfall Increment,509460.1.R,10679,2
BOWEN DOWNS TM,536006,Water Level,536006.0.H,6685,2
BOWEN DOWNS TM,536006,Rainfall Increment,536006.0.R,6685,3
Bowen Hills AL,540130,Water Level,540130.0.H.1525,2747,1
Bowen Hills AL,540130,Rainfall,540130.0.R.1524,2747,2
Bowen Hills AL,540130,Battery,540130.0.B.1523,2747,3
Bowen Hills AL,540130,Rainfall Increment,540130.0.R.1524,2747,4
Bowen PS AL,33264,Water Level,33264.0.H.2638,2037,1
Bowen PS AL,33264,Rainfall,33264.0.R.2635,2037,2
Bowen PS AL,33264,Battery,33264.0.B.2634,2037,3
Bowen PS AL,33264,Rainfall Increment,33264.0.R.2635,2037,4
BOWEN TIDE TM,533048,Water Level,533048.0.H,5191,1
Bowen WTP AL,533166,Water Level,533166.0.H.2648,2403,1
Bowen WTP AL,533166,Rainfall,533166.0.R.2647,2403,2
Bowen WTP AL,533166,Battery,533166.0.B.2649,2403,3
Bowen WTP AL,533166,Rainfall Increment,533166.0.R.2647,2403,4
BOWENVILLE RESERVE TM,541159,Water Level,541159.0.H,7051,2
BOWENVILLE RESERVE TM,541159,Rainfall Increment,541159.0.R,7051,3
Bowning (Wanganui),73050,Battery,73050.1.B,1430,1
Bowning (Wanganui),73050,Rainfall,73050.1.R,1430,2
Bowning (Wanganui),73050,Rainfall Increment,73050.1.R,1430,3
Bowra Sugarloaf,59138,Battery,59138.1.B.7503,1219,1
Bowra Sugarloaf,59138,Rainfall,59138.1.R.7502,1219,2
Bowra Sugarloaf,59138,Rainfall Increment,59138.1.R.7502,1219,3
Bowral (Orchard St),68255,Battery,68255.1.B.7679,1398,1
Bowral (Orchard St),68255,Rainfall,68255.1.R.7678,1398,2
Bowral (Orchard St),68255,Rainfall Increment,68255.1.R.7678,1398,3
BOWRAVILLE (SOUTH CREEK),559068,Water Level,559068.1.H,7887,1
BOWRAVILLE DOWNSTREAM (NAMBUCCA RIVER),559072,Water Level,559072.1.H,5659,1
BOWRAVILLE LANES BRIDGE (NAMBUCCA RIVER),559001,Water Level,559001.2.H,5619,1
BOWRAVILLE UPSTREAM (NAMBUCCA RIVER),559045,Water Level,559045.1.H,7881,1
Bowraville WTP,559046,Battery,559046.1.B.7514,1551,1
Bowraville WTP,559046,Rainfall,559046.1.R.7513,1551,2
Bowraville WTP,559046,Rainfall Increment,559046.1.R.7513,1551,3
Box Hill (McCall Gardens),67104,Battery,67104.1.B.7623,1372,1
Box Hill (McCall Gardens),67104,Rainfall,67104.1.R.7622,1372,2
Box Hill (McCall Gardens),67104,Rainfall Increment,67104.1.R.7622,1372,3
BOXVALE TM,535048,Rainfall Increment,535048.0.R,6633,2
BOYAGARRA RD,510514,Water Level,510514.1.H,10881,1
BOYANUP BRIDGE,509524,Water Level,509524.1.H,10751,1
Boyanup North,9990,Rainfall,9990.1.R.5979,4416,1
Boyanup North,9990,Battery,9990.1.B.5978,4416,2
Boyanup North,9990,Rainfall Increment,9990.1.R.5979,4416,3
BOYLES BRIDGE (CORINDI RIVER),559070,Rainfall,559070.1.R,11990,1
BOYLES BRIDGE (CORINDI RIVER),559070,Rainfall Increment,559070.1.R,11990,2
BOYLES BRIDGE (CORINDI RIVER),559070,Water Level,559070.1.H,11990,3
Boyne Island AL,539134,Water Level,539134.0.H.4326,2576,1
Boyne Island AL,539134,Rainfall,539134.0.R.4325,2576,2
Boyne Island AL,539134,Battery,539134.0.B.4327,2576,3
Boyne Island AL,539134,Rainfall Increment,539134.0.R.4325,2576,4
Boyne River (Mclaughlins Rd) TM,140030,Battery,140030.0.B,11956,1
Boyne River (Mclaughlins Rd) TM,140030,Rainfall,140030.0.R,11956,2
Boyne River (Mclaughlins Rd) TM,140030,Water Level,140030.0.H,11956,3
Boyne River (Mclaughlins Rd) TM,140030,Rainfall Increment,140030.0.R,11956,4
BOYUP BROOK FLAX MILL,509519,Water Level,509519.1.H,10741,1
Brabons AL,533007,Rainfall,533007.0.R.2805,2346,1
Brabons AL,533007,Battery,533007.0.B.2804,2346,2
Brabons AL,533007,Rainfall Increment,533007.0.R.2805,2346,3
BRABRI (MANILLA RIVER),55285,Water Level,55285.1.H,7613,1
Bracken Ridge Res AL,540371,Rainfall,540371.0.R.1839,2925,1
Bracken Ridge Res AL,540371,Battery,540371.0.B.1589,2925,2
Bracken Ridge Res AL,540371,Rainfall Increment,540371.0.R.1839,2925,3
BRADYS LAKE,596073,Rainfall Increment,596073.1.R,8577,2
BRAESIDE BOREFIELDS TM,534018,Water Level,534018.0.H,6599,1
BRAESIDE PARK RAIN GAUGE,586105,Rainfall,586105.1.R,12198,1
BRAESIDE PARK RAIN GAUGE,586105,Rainfall Increment,586105.1.R,12198,2
BRAESIDE TM,533030,Water Level,533030.0.H,6475,2
BRAESIDE TM,533030,Rainfall Increment,533030.0.R,6475,3
Brandon AL,533117,Water Level,533117.0.H.2988,2395,1
Brandon AL,533117,Rainfall,533117.0.R.2987,2395,2
Brandon AL,533117,Battery,533117.0.B.2989,2395,3
Brandon AL,533117,Rainfall Increment,533117.0.R.2987,2395,4
BRANDON PARK DRIVE AT U/S FWY RES RB WHEELERS HILL,586294,Water Level,586294.1.H,12253,1
Branyan (Woongarra PS) AL,539153,Water Level,539153.0.H.4732,2594,1
Branyan (Woongarra PS) AL,539153,Rainfall,539153.0.R.4731,2594,2
Branyan (Woongarra PS) AL,539153,Battery,539153.0.B.4733,2594,3
Branyan (Woongarra PS) AL,539153,Rainfall Increment,539153.0.R.4731,2594,4
Brassall AL (Hancocks Br),540250,Water Level,540250.0.H.2038,2835,1
Brassall AL (Hancocks Br),540250,Rainfall,540250.0.R.2035,2835,2
Brassall AL (Hancocks Br),540250,Battery,540250.0.B.2034,2835,3
Brassall AL (Hancocks Br),540250,Rainfall Increment,540250.0.R.2035,2835,4
Bray Park Weir,558065,Water Level - AHD,558065.1.H.7189,1483,1
Bray Park Weir,558065,Battery,558065.1.B.7187,1483,2
BRAY PARK WEIR,558065,Water Level,558065.2.H,5603,1
Bray Park WTP,558092,Battery,558092.1.B.3479,1507,1
Bray Park WTP,558092,Rainfall,558092.1.R.3478,1507,2
Bray Park WTP,558092,Rainfall Increment,558092.1.R.3478,1507,3
Bray Street (Coffs Harbour),559057,Water Level,559057.0.H,1557,1
Bray Street (Coffs Harbour),559057,Rainfall,559057.0.R,1557,2
Bray Street (Coffs Harbour),559057,Rainfall Increment,559057.0.R,1557,3
BRAY STREET (COFFS HARBOUR),559057,Rainfall,559057.1.R,11980,1
BRAY STREET (COFFS HARBOUR),559057,Rainfall Increment,559057.1.R,11980,2
BRAY STREET (COFFS HARBOUR),559057,Water Level,559057.1.H,11980,3
BRAYBROOK RAIN GAUGE,587085,Rainfall,587085.1.R,12039,1
BRAYBROOK RAIN GAUGE,587085,Rainfall Increment,587085.1.R,12039,2
Brays Creek (Misty mountain),58005,Battery,58005.1.B.7165,1173,1
Brays Creek (Misty mountain),58005,Rainfall,58005.1.R.7166,1173,2
Brays Creek (Misty mountain),58005,Rainfall Increment,58005.1.R.7166,1173,3
Braziers Hill AL,541127,Rainfall,541127.0.R.4966,3293,1
Braziers Hill AL,541127,Battery,541127.0.B.4967,3293,2
Braziers Hill AL,541127,Rainfall Increment,541127.0.R.4966,3293,3
Breakfast Ck Mouth AL,540286,Water Level,540286.0.H.1594,2855,1
Breakfast Ck Mouth AL,540286,Battery,540286.0.B.1593,2855,2
BREDBO STATION (BREDBO RIVER),570060,Water Level,570060.1.H,8177,2
BREDBO STATION (BREDBO RIVER),570060,Rainfall Increment,570060.1.R,8177,3
BREEZA STATION (MOOKI RIVER),55310,Water Level,55310.1.H,7659,1
BREMER R AT WANSTEAD RD (DEW),524528,Water Level,524528.1.H,9079,1
BREMER R DS HARROGATE RD (DEW),524529,Water Level,524529.1.H,9081,1
BREMER R OPP TENNIS COURT HARROGATE (DEW),524530,Water Level,524530.1.H,9083,1
BREMER R US BALLANDOWN ROAD (DEW),524522,Water Level,524522.1.H,9067,1
BREMER R US LANGHORNE CK (DEW),524550,Water Level,524550.1.H,9097,1
BREMER US MT BARKER CK (DEW),524516,Water Level,524516.1.H,9057,1
BRENDA (CULGOA RIVER),48212,Water Level,48212.1.H,7431,1
BRENNANS FORD,509199,Water Level,509199.1.H,10587,2
BRENNANS FORD,509199,Rainfall Increment,509199.1.R,10587,3
BRENNANS KNOB TM,529085,Rainfall,529085.0.R,9933,1
BRENNANS KNOB TM,529085,Rainfall Increment,529085.0.R,9933,2
BRETTI-MACKAY (BARNARD RIVER),60137,Water Level,60137.1.H,8385,2
BRETTI-MACKAY (BARNARD RIVER),60137,Rainfall Increment,60137.1.R,8385,3
BREWARRINA (BARWON RIVER),48214,Water Level,48214.1.H,7435,1
BRIARIE CREEK TM,44197,Water Level,44197.0.H,6177,1
Bribie Island AL,40978,Rainfall,40978.0.R.5500,2159,1
Bribie Island AL,40978,Battery,40978.0.B.5501,2159,2
Bribie Island AL,40978,Rainfall Increment,40978.0.R.5500,2159,3
BRIBIE ISLAND QUARRY TM,540585,Rainfall Increment,540585.0.R,6959,2
BRIBIE ISLAND TM,540743,Rainfall Increment,540743.0.R,6985,2
BRIBIE ISLAND TREATMENT TM,540631,Rainfall Increment,540631.0.R,6975,2
Brickfields Creek,567119,Water Level,567119.1.H.7248,1755,1
Brickfields Creek,567119,Battery,567119.1.B.7247,1755,2
BRICKMANS BRIDGE D/S (WOLLOMBI BROOK),561058,Water Level,561058.1.H,7987,1
BRID RIVER U/S SLEDGE ROAD BRIDGE,591060,Rainfall Increment,591060.1.R,8723,2
BRIDGETOWN TM,509517,Water Level,509517.1.H,10737,1
BRIENS RD (TOONGABBIE CK),567074,Water Level,567074.1.H,8101,1
Briens Rd (Toongabbie Ck),567074,Water Level,567074.2.H.7288,1742,1
Briens Rd (Toongabbie Ck),567074,Battery,567074.2.B.7287,1742,2
Brigalow Br AL,541156,Water Level,541156.0.H.6112,3319,1
Brigalow Br AL,541156,Rainfall,541156.0.R.6111,3319,2
Brigalow Br AL,541156,Battery,541156.0.B.6113,3319,3
Brigalow Br AL,541156,Rainfall Increment,541156.0.R.6111,3319,4
BRIGALOW BRIDGE TM,41490,Water Level,41490.0.H,6131,2
BRIGALOW BRIDGE TM,41490,Rainfall Increment,41490.0.R,6131,3
BRIGHTLEY TM,533127,Rainfall Increment,533127.0.R,6527,2
Brighton,523063,Battery,523063.1.B.5289,1977,1
Brighton,523063,Rainfall,523063.1.R.5290,1977,2
Brighton,523063,Rainfall Increment,523063.1.R.5290,1977,3
Brighton (Queens Pde) AL,540802,Rainfall,540802.0.R.1752,3222,1
Brighton (Queens Pde) AL,540802,Battery,540802.0.B.1753,3222,2
Brighton (Queens Pde) AL,540802,Rainfall Increment,540802.0.R.1752,3222,3
Brigooda AL,540697,Rainfall,540697.0.R.804,3148,1
Brigooda AL,540697,Battery,540697.0.B.805,3148,2
Brigooda AL,540697,Rainfall Increment,540697.0.R.804,3148,3
Brindabella (Koolami),71073,Battery,71073.1.B,1425,1
Brindabella (Koolami),71073,Rainfall,71073.1.R,1425,2
Brindabella (Koolami),71073,Rainfall Increment,71073.1.R,1425,3
Bringelly (Maryland),67015,Battery,67015.1.B.7685,1362,1
Bringelly (Maryland),67015,Rainfall,67015.1.R.7684,1362,2
Bringelly (Maryland),67015,Rainfall Increment,67015.1.R.7684,1362,3
Brinsmead AL,531042,Rainfall,531042.0.R.6830,2233,1
Brinsmead AL,531042,Battery,531042.0.B.6831,2233,2
Brinsmead AL,531042,Rainfall Increment,531042.0.R.6830,2233,3
Brisbane City AL,540198,Water Level,540198.0.H.6749,2801,1
Brisbane City AL,540198,Rainfall,540198.0.R.6748,2801,2
Brisbane City AL,540198,Rainfall Increment,540198.0.R.6748,2801,3
Brisbane Port Office AL,540684,Water Level,540684.0.H.1855,3135,1
Brisbane Port Office AL,540684,Battery,540684.0.B.1800,3135,2
Brisbane Rd AL,40874,Water Level,40874.0.H.2188,2121,1
Brisbane Rd AL,40874,Rainfall,40874.0.R.2189,2121,2
Brisbane Rd AL,40874,Battery,40874.0.B.2185,2121,3
Brisbane Rd AL,40874,Rainfall Increment,40874.0.R.2189,2121,4
BRISTOL ROAD,509366,Rainfall Increment,509366.1.R,10623,2
BROADLEY CREEK (COREA PLAINS RD) TM,534046,Rainfall,534046.0.R,10105,1
BROADLEY CREEK (COREA PLAINS RD) TM,534046,Rainfall Increment,534046.0.R,10105,2
Broadmeadow,561115,Battery,561115.1.B.3581,1634,1
Broadmeadow,561115,Rainfall,561115.1.R.3580,1634,2
Broadmeadow,561115,Rainfall Increment,561115.1.R.3580,1634,3
BROADMEADOWS (BOYD RIVER),57116,Water Level,57116.1.H,8193,1
Broadmere AL,535136,Rainfall,535136.0.R.4421,2501,1
Broadmere AL,535136,Battery,535136.0.B.4422,2501,2
Broadmere AL,535136,Rainfall Increment,535136.0.R.4421,2501,3
BROADMERE TM,535055,Water Level,535055.0.H,6645,2
BROADMERE TM,535055,Rainfall Increment,535055.0.R,6645,3
BROADWATER (RICHMOND RIVER),558126,Water Level,558126.1.H,11467,1
Broadwater Creek AL,541088,Water Level,541088.0.H.5730,3263,1
Broadwater Creek AL,541088,Rainfall,541088.0.R.5729,3263,2
Broadwater Creek AL,541088,Battery,541088.0.B.5731,3263,3
Broadwater Creek AL,541088,Rainfall Increment,541088.0.R.5729,3263,4
BROADWATER CREEK TM,541028,Water Level,541028.0.H,6991,1
BROADWATER TM,529047,Rainfall,529047.0.R,9119,1
BROADWATER TM,529047,Water Level,529047.0.H,9119,2
BROADWATER TM,529047,Rainfall Increment,529047.0.R,9119,3
BRODRIBB RIVER AT SARDINE CREEK,584027,Water Level,584027.1.H,9475,1
BROGERS NO.2 (BROGERS CREEK),568076,Rainfall Increment,568076.1.R,5271,2
BROGO DAM,569016,Water Level,569016.1.H,8131,2
BROGO DAM,569016,Rainfall Increment,569016.1.R,8131,3
Broke (Harrowby),61100,Battery,61100.1.B.3734,1259,1
Broke (Harrowby),61100,Rainfall,61100.1.R.3733,1259,2
Broke (Harrowby),61100,Rainfall Increment,61100.1.R.3733,1259,3
Broken Back (Cedar Creek),561163,Battery,561163.1.B.7908,1658,1
Broken Back (Cedar Creek),561163,Rainfall,561163.1.R.7907,1658,2
Broken Back (Cedar Creek),561163,Rainfall Increment,561163.1.R.7907,1658,3
BROKEN CK @ NATHALIA,580018,Water Level,580018.1.H,9301,1
BROKEN CK LARISSA ROAD,580021,Water Level,580021.2.H,9307,1
BROKEN CREEK @ KD WALSHS BRIDGE,580019,Water Level,580019.1.H,9303,1
BROKEN CREEK AT KATAMATITE,580017,Rainfall,580017.1.R,9299,1
BROKEN CREEK AT KATAMATITE,580017,Water Level,580017.2.H,9299,2
BROKEN CREEK AT KATAMATITE,580017,Rainfall Increment,580017.1.R,9299,3
Broken Creek at Larissa Road,580021,Battery,580021.1.B.189,4811,1
Broken Creek at Larissa Road,580021,Water Level,580021.1.H.188,4811,2
Broken Creek at Numurkah,580020,Battery,580020.1.B.185,4806,1
Broken Creek at Numurkah,580020,Water Level,580020.1.H.184,4806,2
Broken Creek at School Road,581033,Water Level,581033.1.H.186,4812,1
Broken Creek at School Road,581033,Battery,581033.1.B.187,4812,2
Broken R D/S Back Ck Junction,582000,Rainfall,582000.1.R.437,4496,1
Broken R D/S Back Ck Junction,582000,Water Level,582000.1.H.439,4496,2
Broken R D/S Back Ck Junction,582000,Battery,582000.1.B.438,4496,3
Broken R D/S Back Ck Junction,582000,Rainfall Increment,582000.1.R.437,4496,4
BROKEN R D/S BACK CK JUNCTION,582000,Water Level,582000.2.H,9373,1
BROKEN R D/S BACK CK JUNCTION,582000,Rainfall,582000.3.R,9373,2
BROKEN R D/S BACK CK JUNCTION,582000,Rainfall Increment,582000.3.R,9373,3
BROKEN RIVER @ GOWANGARDIE WEIR,581019,Rainfall,581019.1.R,9349,1
BROKEN RIVER @ GOWANGARDIE WEIR,581019,Water Level,581019.1.H,9349,2
BROKEN RIVER @ GOWANGARDIE WEIR,581019,Rainfall Increment,581019.1.R,9349,3
BROKEN RIVER @ LAKE NILLAHCOOTIE HG,582025,Water Level,582025.1.H,9413,1
BROKEN RIVER @ ORRVALE,581015,Water Level,581015.2.H,9341,1
Broken River at Benalla,581006,Water Level,581006.1.H.432,4494,1
Broken River at Benalla,581006,Battery,581006.1.B.431,4494,2
Broken River at Benalla,581006,Rainfall,581006.1.R.430,4494,3
Broken River at Benalla,581006,Rainfall Increment,581006.1.R.430,4494,4
BROKEN RIVER AT CASEYS WEIR,581000,Water Level,581000.2.H,9313,1
Broken River at Orrvale,581015,Water Level,581015.1.H.225,4675,1
Broken River at Orrvale,581015,Battery,581015.1.B.226,4675,2
Broken River D/S Bridge Creek,583006,Water Level,583006.1.H.461,4497,1
Broken River D/S Bridge Creek,583006,Battery,583006.1.B.460,4497,2
Broken River D/S Bridge Creek,583006,Rainfall,583006.1.R.459,4497,3
Broken River D/S Bridge Creek,583006,Rainfall Increment,583006.1.R.459,4497,4
Broken Weir,582023,Rainfall,582023.1.R.454,4495,1
Broken Weir,582023,Water Level - AHD,582023.1.H.456,4495,2
Broken Weir,582023,Battery,582023.1.B.455,4495,3
Broken Weir,582023,Rainfall Increment,582023.1.R.454,4495,4
Bromelton Dam AL,540481,Rainfall,540481.0.R.5363,3000,1
Bromelton Dam AL,540481,Battery,540481.0.B.5365,3000,2
Bromelton Dam AL,540481,Rainfall Increment,540481.0.R.5363,3000,3
BROMELTON WEIR HW TM,540270,Water Level,540270.0.H,10259,1
BROMELTON WEIR TW TM,540271,Water Level,540271.0.H,10261,1
BROMFIELD SWAMP TM,531122,Rainfall,531122.0.R,9147,1
BROMFIELD SWAMP TM,531122,Rainfall Increment,531122.0.R,9147,2
Bromfleet AL,40938,Water Level,40938.0.H.5320,2147,1
Bromfleet AL,40938,Rainfall,40938.0.R.5319,2147,2
Bromfleet AL,40938,Battery,40938.0.B.5321,2147,3
Bromfleet AL,40938,Rainfall Increment,40938.0.R.5319,2147,4
BROMFLEET TM,40738,Water Level,40738.0.H,6081,2
BROMFLEET TM,40738,Rainfall Increment,40738.0.R,6081,3
BROOKDALE SIDING,509129,Water Level,509129.1.H,10571,2
BROOKDALE SIDING,509129,Rainfall Increment,509129.1.R,10571,3
BROOKLANDS TM,540041,Water Level,540041.0.H,6805,2
BROOKLANDS TM,540041,Rainfall Increment,540041.0.R,6805,3
Brookong AL,535220,Water Level,535220.0.H.5964,2559,1
Brookong AL,535220,Rainfall,535220.0.R.5963,2559,2
Brookong AL,535220,Battery,535220.0.B.5965,2559,3
Brookong AL,535220,Rainfall Increment,535220.0.R.5963,2559,4
Brookton,10524,Rainfall,10524.2.R.6301,4435,1
Brookton,10524,Battery,10524.1.B.6300,4435,2
Brookton,10524,Rainfall Increment,10524.2.R.6301,4435,3
Brookville,584035,Battery,584035.1.B.4921,4834,1
Brookville,584035,Rainfall,584035.1.R.4920,4834,2
Brookville,584035,Rainfall Increment,584035.1.R.4920,4834,3
Brooman (Carisbrook),69121,Battery,69121.1.B.7079,1407,1
Brooman (Carisbrook),69121,Rainfall,69121.1.R.7078,1407,2
Brooman (Carisbrook),69121,Rainfall Increment,69121.1.R.7078,1407,3
BROOMAN (CLYDE RIVER),569018,Water Level,569018.1.H,8135,2
BROOMAN (CLYDE RIVER),569018,Rainfall Increment,569018.1.R,8135,3
Brooweena TM,40891,Rainfall,40891.0.R,2128,1
Brooweena TM,40891,Battery,40891.0.B,2128,2
Brooweena TM,40891,Rainfall Increment,40891.0.R,2128,3
BROOYAR TM,540043,Water Level,540043.0.H,6809,2
BROOYAR TM,540043,Rainfall Increment,540043.0.R,6809,3
BROSNANS BARN TM,541039,Water Level,541039.0.H,7003,1
Broughton Creek,568226,Water Level,568226.1.H.3389,1803,1
Broughton Creek,568226,Battery,568226.1.B.3390,1803,2
Broughton Creek,568226,Rainfall,568226.1.R.3388,1803,3
Broughton Creek,568226,Rainfall Increment,568226.1.R.3388,1803,4
Broughtons Pass (Cataract River),568156,Water Level,568156.1.H.3190,1772,1
Broughtons Pass (Cataract River),568156,Battery,568156.1.B.3191,1772,2
BROUGHTONS PASS (CATARACT RIVER),568156,Water Level,568156.2.H,5291,1
Brovinia AL,539181,Water Level,539181.0.H.786,2620,1
Brovinia AL,539181,Rainfall,539181.0.R.785,2620,2
Brovinia AL,539181,Battery,539181.0.B.787,2620,3
Brovinia AL,539181,Rainfall Increment,539181.0.R.785,2620,4
BROVINIA TM,539042,Water Level,539042.0.H,6713,2
BROVINIA TM,539042,Rainfall Increment,539042.0.R,6713,3
BROWNHILL CK AT ADELAIDE AIRPORT (DEW),523046,Water Level,523046.1.H,8923,1
BROWNHILL CK AT SCOTCH COLLEGE (DEW),523769,Water Level,523769.1.H,8983,1
Browns Creek Rd AL,540411,Rainfall,540411.0.R.1974,2943,1
Browns Creek Rd AL,540411,Battery,540411.0.B.1975,2943,2
Browns Creek Rd AL,540411,Rainfall Increment,540411.0.R.1974,2943,3
Bruces Bridge (Styx River),595021,Water Level,595021.1.H.724,4315,1
Bruces Bridge (Styx River),595021,Battery,595021.1.B.725,4315,2
BRUMBYS CK (NO 3 WEIR),591039,Water Level,591039.1.H,8461,1
BRUMBYS CK (NO 3 WEIR),591039,Flow Rate,591039.1.ML/D,8461,2
Brungle (Bonnie Doon),73115,Battery,73115.1.B,1431,1
Brungle (Bonnie Doon),73115,Rainfall,73115.1.R,1431,2
Brungle (Bonnie Doon),73115,Rainfall Increment,73115.1.R,1431,3
BRUNGLE BRIDGE (TUMUT RIVER),573002,Water Level,573002.1.H,8255,1
Brunswick Heads (Brunswick River),558019,Water Level,558019.1.H.7554,1468,1
Brunswick Heads (Brunswick River),558019,Battery,558019.1.B.7555,1468,2
BRUNSWICK HEADS (TIDAL),558063,Water Level,558063.1.H,5601,1
BRUSHGROVE (CLARENCE RIVER),558027,Water Level,558027.1.H,5553,1
BRUSHY CREEK AT DIANE CRESCENT MOOROOLBARK,586220,Water Level,586220.1.H,12145,1
BRUSHY CREEK AT DIANE CRESCENT MOOROOLBARK,586220,Rainfall,586220.1.R,12145,2
BRUSHY CREEK AT DIANE CRESCENT MOOROOLBARK,586220,Rainfall Increment,586220.1.R,12145,3
Bryah,7008,Rainfall,7008.1.R,4355,1
Bryah,7008,Battery,7008.1.B,4355,2
Bryah,7008,Rainfall Increment,7008.1.R,4355,3
BRYAN CK AT DOUGLAS RD,590024,Water Level,590024.1.H,9739,1
Bryden AL,540522,Rainfall,540522.0.R.6616,3033,1
Bryden AL,540522,Rainfall Increment,540522.0.R.6616,3033,2
BRYN EURYN TM,540582,Rainfall Increment,540582.0.R,6953,2
Buaraba AL,540457,Rainfall,540457.0.R.2011,2977,1
Buaraba AL,540457,Battery,540457.0.B.2012,2977,2
Buaraba AL,540457,Rainfall Increment,540457.0.R.2011,2977,3
Bucca Weir AL,539205,Water Level,539205.0.H.4789,2644,1
Bucca Weir AL,539205,Rainfall,539205.0.R.4788,2644,2
Bucca Weir AL,539205,Battery,539205.0.B.4790,2644,3
Bucca Weir AL,539205,Rainfall Increment,539205.0.R.4788,2644,4
BUCCA WEIR HW TM,539047,Water Level,539047.0.H,7189,2
BUCCA WEIR HW TM,539047,Rainfall Increment,539047.0.R,7189,3
BUCHAN RIVER AT BUCHAN,584020,Rainfall,584020.2.R,9465,1
BUCHAN RIVER AT BUCHAN,584020,Water Level,584020.2.H,9465,2
BUCHAN RIVER AT BUCHAN,584020,Rainfall Increment,584020.2.R,9465,3
Buchan River at Buchan,584020,Battery,584020.1.B.4984,4846,1
Buchan River at Buchan,584020,Rainfall,584020.1.R.4982,4846,2
Buchan River at Buchan,584020,Water Level,584020.1.H.4983,4846,3
Buchan River at Buchan,584020,Rainfall Increment,584020.1.R.4982,4846,4
Buchanans Road (Coffs Harbour),559060,Rainfall,559060.0.R,1560,1
Buchanans Road (Coffs Harbour),559060,Rainfall Increment,559060.0.R,1560,2
BUCHANANS ROAD (COFFS HARBOUR),559060,Rainfall,559060.1.R,11983,1
BUCHANANS ROAD (COFFS HARBOUR),559060,Rainfall Increment,559060.1.R,11983,2
Bucketty,561164,Battery,561164.1.B.7912,1659,1
Bucketty,561164,Rainfall,561164.1.R.7911,1659,2
Bucketty,561164,Rainfall Increment,561164.1.R.7911,1659,3
BUCKINGHAM MILL,509534,Water Level,509534.1.H,10771,1
Buckland (Brockley Road),92155,Rainfall,92155.1.R.754,4291,1
Buckland (Brockley Road),92155,Battery,92155.1.B.755,4291,2
Buckland (Brockley Road),92155,Rainfall Increment,92155.1.R.754,4291,3
Buckland River @ Harris Lane,583003,Rainfall,583003.1.R.161,4654,1
Buckland River @ Harris Lane,583003,Battery,583003.1.B.163,4654,2
Buckland River @ Harris Lane,583003,Water Level,583003.1.H.162,4654,3
Buckland River @ Harris Lane,583003,Rainfall Increment,583003.1.R.161,4654,4
BUCKLAND RIVER AT HARRIS LANE,583003,Water Level,583003.2.H,9423,1
BUCKLAND RIVER AT HARRIS LANE,583003,Rainfall,583003.3.R,9423,2
BUCKLAND RIVER AT HARRIS LANE,583003,Rainfall Increment,583003.3.R,9423,3
BUCKLAND RIVER AT TWELVE MILE,83058,Water Level,83058.1.H,9801,1
BUCKLAND RIVER AT TWELVE MILE,83058,Rainfall,83058.2.R,9801,2
BUCKLAND RIVER AT TWELVE MILE,83058,Rainfall Increment,83058.2.R,9801,3
BUCKLANDS TM,531024,Water Level,531024.0.H,6305,2
BUCKLANDS TM,531024,Rainfall Increment,531024.0.R,6305,3
Budawang (ERTS),568197,Battery,568197.1.B.7016,1792,1
Budds Mare (at the campground),557014,Battery,557014.1.B.7717,11341,1
Budds Mare (at the campground),557014,Rainfall,557014.1.R.7718,11341,2
Budds Mare (at the campground),557014,Rainfall Increment,557014.1.R.7718,11341,3
Buderim AL,540811,Rainfall,540811.0.R.5462,3230,1
Buderim AL,540811,Battery,540811.0.B.5463,3230,2
Buderim AL,540811,Rainfall Increment,540811.0.R.5462,3230,3
BUFFALO RIVER @ LAKE BUFFALO HG,583150,Water Level - AHD,583150.2.H,9441,1
BUFFALO RIVER AT ABBEYARD,83018,Water Level,83018.1.H,9799,1
BUFFALO RIVER AT LAKE BUFFALO D/S,583007,Rainfall,583007.2.R,9429,1
BUFFALO RIVER AT LAKE BUFFALO D/S,583007,Water Level,583007.2.H,9429,2
BUFFALO RIVER AT LAKE BUFFALO D/S,583007,Rainfall Increment,583007.2.R,9429,3
Buffalo River D/S Lake Buffalo,583007,Water Level,583007.1.H.100,4755,1
Buffalo River D/S Lake Buffalo,583007,Battery,583007.1.B.102,4755,2
Buffalo River D/S Lake Buffalo,583007,Rainfall,583007.1.R.101,4755,3
Buffalo River D/S Lake Buffalo,583007,Rainfall Increment,583007.1.R.101,4755,4
Buffalo River DS Rose River Junction,583009,Battery,583009.1.B.106,4778,1
Buffalo River DS Rose River Junction,583009,Water Level,583009.1.H.105,4778,2
BUGILBONE (NAMOI RIVER),552000,Water Level,552000.1.H,7575,1
Bukkulla (RFS),54121,Battery,54121.1.B.3868,1125,1
Bukkulla (RFS),54121,Rainfall,54121.1.R.3867,1125,2
Bukkulla (RFS),54121,Rainfall Increment,54121.1.R.3867,1125,3
Bulahdelah (Myall River),560040,Water Level - AHD,560040.2.H.7482,1598,1
Bulahdelah (Myall River),560040,Battery,560040.1.B.7484,1598,2
Bulahdelah (Myall River),560040,Rainfall,560040.2.R.7483,1598,3
Bulahdelah (Myall River),560040,Rainfall Increment,560040.2.R.7483,1598,4
BULAHDELAH (MYALL RIVER),560040,Water Level,560040.1.H,5681,2
BULAHDELAH (MYALL RIVER),560040,Rainfall Increment,560040.1.R,5681,3
Bulburin AL,539139,Rainfall,539139.0.R.4316,2581,1
Bulburin AL,539139,Battery,539139.0.B.4317,2581,2
Bulburin AL,539139,Rainfall Increment,539139.0.R.4316,2581,3
Buldah,584034,Battery,584034.1.B.4994,4841,1
Buldah,584034,Rainfall,584034.1.R.4993,4841,2
Buldah,584034,Rainfall Increment,584034.1.R.4993,4841,3
BULGA (WOLLOMBI BROOK),61347,Water Level,61347.1.H,8395,1
Bulgun Creek AL,532064,Rainfall,532064.0.R.5226,2310,1
Bulgun Creek AL,532064,Battery,532064.0.B.5227,2310,2
Bulgun Creek AL,532064,Rainfall Increment,532064.0.R.5226,2310,3
Bulimba AL,540369,Rainfall,540369.0.R.1841,2924,1
Bulimba AL,540369,Battery,540369.0.B.1597,2924,2
Bulimba AL,540369,Rainfall Increment,540369.0.R.1841,2924,3
BULL CROSSING,510026,Water Level,510026.1.H,10853,2
BULL CROSSING,510026,Rainfall Increment,510026.1.R,10853,3
BULLA RAIN GAUGE,587014,Rainfall,587014.1.R,12027,1
BULLA RAIN GAUGE,587014,Rainfall Increment,587014.1.R,12027,2
Bullamalita,570063,Battery,570063.1.B.3265,1836,1
Bullamalita,570063,Rainfall,570063.1.R.3264,1836,2
Bullamalita,570063,Rainfall Increment,570063.1.R.3264,1836,3
Bullardoo TBRG,6113,Rainfall,6113.1.R,4354,1
Bullardoo TBRG,6113,Battery,6113.1.B,4354,2
Bullardoo TBRG,6113,Rainfall Increment,6113.1.R,4354,3
BULLARTO SOUTH,88071,Rainfall,88071.1.R,9845,1
BULLARTO SOUTH,88071,Rainfall Increment,88071.1.R,9845,2
BULLARTO SOUTH RAIN GAUGE,88071,Rainfall,88071.2.R,12030,1
BULLARTO SOUTH RAIN GAUGE,88071,Rainfall Increment,88071.2.R,12030,2
BULLILUP,509566,Water Level,509566.1.H,10799,2
BULLILUP,509566,Rainfall Increment,509566.1.R,10799,3
Bulyee,10527,Rainfall,10527.1.R,4436,1
Bulyee,10527,Battery,10527.1.B,4436,2
Bulyee,10527,Rainfall Increment,10527.1.R,4436,3
Bumana,570065,Battery,570065.1.B.3263,1838,1
Bumana,570065,Rainfall,570065.1.R.3262,1838,2
Bumana,570065,Rainfall Increment,570065.1.R.3262,1838,3
Bumbulla,568084,Battery,568084.2.B.7075,1761,1
Bumbulla,568084,Rainfall,568084.2.R.7074,1761,2
Bumbulla,568084,Rainfall Increment,568084.2.R.7074,1761,3
BUMBULLA,568084,Rainfall Increment,568084.1.R,5273,2
Bundaberg AL,39352,Water Level,39352.0.H.4726,2085,1
Bundaberg AL,39352,Rainfall,39352.0.R.4725,2085,2
Bundaberg AL,39352,Battery,39352.0.B.4727,2085,3
Bundaberg AL,39352,Rainfall Increment,39352.0.R.4725,2085,4
BUNDABERG PORT TIDE TM,539093,Water Level,539093.0.H,5207,1
Bundaberg South AL,539143,Water Level,539143.0.H.4750,2585,1
Bundaberg South AL,539143,Rainfall,539143.0.R.4749,2585,2
Bundaberg South AL,539143,Battery,539143.0.B.4751,2585,3
Bundaberg South AL,539143,Rainfall Increment,539143.0.R.4749,2585,4
Bundamba (Barclay St) AL,540247,Rainfall,540247.0.R.2050,2832,1
Bundamba (Barclay St) AL,540247,Battery,540247.0.B.2049,2832,2
Bundamba (Barclay St) AL,540247,Rainfall Increment,540247.0.R.2050,2832,3
Bundamba (Hanlon St) AL,540249,Water Level,540249.0.H.2048,2834,1
Bundamba (Hanlon St) AL,540249,Battery,540249.0.B.2044,2834,2
Bundamba School AL,40875,Water Level,40875.0.H.2183,2122,1
Bundamba School AL,40875,Rainfall,40875.0.R.2184,2122,2
Bundamba School AL,40875,Battery,40875.0.B.2182,2122,3
Bundamba School AL,40875,Rainfall Increment,40875.0.R.2184,2122,4
Bundarra (Granite Heights),54105,Battery,54105.1.B,1124,1
Bundarra (Granite Heights),54105,Rainfall,54105.1.R,1124,2
Bundarra (Granite Heights),54105,Rainfall Increment,54105.1.R,1124,3
BUNDARRA (GWYDIR RIVER),556007,Water Level,556007.1.H,7763,2
BUNDARRA (GWYDIR RIVER),556007,Rainfall Increment,556007.1.R,7763,3
Bundarra Post Office,56006,Battery,56006.1.B,1147,1
Bundarra Post Office,56006,Rainfall,56006.1.R,1147,2
Bundarra Post Office,56006,Rainfall Increment,56006.1.R,1147,3
BUNDEENA (TIDAL),566085,Water Level,566085.1.H,5893,1
BUNDELLA (BUNDELLA CREEK),555021,Water Level,555021.1.H,7733,2
BUNDELLA (BUNDELLA CREEK),555021,Rainfall Increment,555021.1.R,7733,3
Bundi Rd AL,535129,Rainfall,535129.0.R.4402,2494,1
Bundi Rd AL,535129,Battery,535129.0.B.4403,2494,2
Bundi Rd AL,535129,Rainfall Increment,535129.0.R.4402,2494,3
Bundilla AL,540422,Rainfall,540422.0.R.5559,2954,1
Bundilla AL,540422,Battery,540422.0.B.5560,2954,2
Bundilla AL,540422,Rainfall Increment,540422.0.R.5559,2954,3
BUNG BONG,581038,Rainfall,581038.1.R,9365,1
BUNG BONG,581038,Rainfall Increment,581038.1.R,9365,2
Bungaban TM,35242,Rainfall,35242.0.R,2070,1
Bungaban TM,35242,Battery,35242.0.B,2070,2
Bungaban TM,35242,Rainfall Increment,35242.0.R,2070,3
Bungadoo (Goondoon Rd) AL,539262,Water Level,539262.0.H.4380,2692,1
Bungadoo (Goondoon Rd) AL,539262,Rainfall,539262.0.R.4379,2692,2
Bungadoo (Goondoon Rd) AL,539262,Battery,539262.0.B.4381,2692,3
Bungadoo (Goondoon Rd) AL,539262,Rainfall Increment,539262.0.R.4379,2692,4
BUNGALOOK CREEK AT FUSSELL RD RETARDING BASIN MONTROSE,586095,Water Level,586095.1.H,12224,1
BUNGALOOK CREEK AT FUSSELL RD RETARDING BASIN MONTROSE,586095,Rainfall,586095.1.R,12224,2
BUNGALOOK CREEK AT FUSSELL RD RETARDING BASIN MONTROSE,586095,Rainfall Increment,586095.1.R,12224,3
BUNGAWALBIN CREEK AT NEILEYS LAGOON RD,558101,Water Level,558101.1.H,5611,1
BUNGAWALBIN JUNCTION (RICHMOND RIVER),58184,Water Level,58184.1.H,5977,1
Bungendore,9271,Rainfall,9271.1.R.6042,4394,1
Bungendore,9271,Battery,9271.1.B.6041,4394,2
Bungendore,9271,Rainfall Increment,9271.1.R.6042,4394,3
Bungwahl,60095,Battery,60095.1.B.7448,1234,1
Bungwahl,60095,Rainfall,60095.1.R.7447,1234,2
Bungwahl,60095,Rainfall Increment,60095.1.R.7447,1234,3
Bunnan (Milhaven),61007,Battery,61007.2.B.3741,1253,1
Bunnan (Milhaven),61007,Rainfall,61007.2.R.3740,1253,2
Bunnan (Milhaven),61007,Rainfall Increment,61007.2.R.3740,1253,3
BUNNOO RIVER D/S (ELLENBOROUGH RIVER),560000,Water Level,560000.1.H,7891,1
BUNYIP RIVER AT CORA LYNN FORD,586209,Water Level,586209.1.H,12006,1
BUNYIP RIVER AT HEADWORKS IN BUNYIP FOREST,586094,Water Level,586094.1.H,12223,1
BUNYIP RIVER AT HEADWORKS IN BUNYIP FOREST,586094,Rainfall,586094.1.R,12223,2
BUNYIP RIVER AT HEADWORKS IN BUNYIP FOREST,586094,Rainfall Increment,586094.1.R,12223,3
BUNYIP RIVER AT IONA,586071,Water Level,586071.1.H,11995,1
BUNYIP RIVER AT IONA,586071,Rainfall,586071.1.R,11995,2
BUNYIP RIVER AT IONA,586071,Rainfall Increment,586071.1.R,11995,3
BUNYIP RIVER AT KOO WEE RUP,586198,Water Level,586198.1.H,12233,1
BUNYIP RIVER AT KOO WEE RUP,586198,Rainfall,586198.1.R,12233,2
BUNYIP RIVER AT KOO WEE RUP,586198,Rainfall Increment,586198.1.R,12233,3
BUNYIP RIVER AT LONGWARRY NORTH,585045,Water Level,585045.1.H,12215,1
BUNYIP RIVER AT LONGWARRY NORTH,585045,Rainfall,585045.1.R,12215,2
BUNYIP RIVER AT LONGWARRY NORTH,585045,Rainfall Increment,585045.1.R,12215,3
BUNYIP RIVER AT TONIMBUK,586081,Water Level,586081.1.H,12216,1
BUNYIP RIVER AT TONIMBUK,586081,Rainfall,586081.1.R,12216,2
BUNYIP RIVER AT TONIMBUK,586081,Rainfall Increment,586081.1.R,12216,3
Burbank AL,540379,Rainfall,540379.0.R.1913,2930,1
Burbank AL,540379,Battery,540379.0.B.1914,2930,2
Burbank AL,540379,Rainfall Increment,540379.0.R.1913,2930,3
Burbong (Molonglo River),570012,Water Level,570012.2.H.3346,1815,1
Burbong (Molonglo River),570012,Battery,570012.1.B.3406,1815,2
BURBONG (MOLONGLO RIVER),570012,Water Level,570012.1.H,5415,1
BURBURY PLUVIO NR BRADSHAW BRIDGE,597062,Rainfall Increment,597062.1.R,8623,2
Burdekin Dam AL,34097,Water Level,34097.0.H.2913,2062,1
Burdekin Dam AL,34097,Rainfall,34097.0.R.2910,2062,3
Burdekin Dam AL,34097,Battery,34097.0.B.2912,2062,5
Burdekin Dam AL,34097,Rainfall Increment,34097.0.R.2910,2062,7
Burdekin Dam Repeater,534009,Battery,534009.0.B.2906,2437,1
BURDEKIN DAM TM,534001,Water Level,534001.0.H,7167,2
BURDEKIN DAM TM,534001,Rainfall Increment,534001.0.R,7167,3
BURDEKIN DOWNS RD TM,533219,Water Level,533219.0.H,10071,1
Burdekin Falls Dam HW Alert,534045,Water Level,534045.0.H.2994,11257,10
Burdekin Falls Dam HW Alert,534045,Battery,534045.0.B.2995,11257,11
Burdekin Falls Dam HW Alert,534045,Rainfall,534045.0.R.2993,11257,12
Burdekin Falls Dam HW Alert,534045,Rainfall Increment,534045.0.R.2993,11257,13
BURKE DEV RD TM,529053,Water Level,529053.0.H,6263,2
BURKE DEV RD TM,529053,Rainfall Increment,529053.0.R,6263,3
BURKETOWN TIDE TM,529040,Water Level,529040.0.H,5159,1
BURLEIGH TM,530040,Rainfall,530040.0.R,9135,1
BURLEIGH TM,530040,Rainfall Increment,530040.0.R,9135,2
Burleigh Waters AL,40981,Water Level,40981.0.H.2381,2162,1
Burleigh Waters AL,40981,Rainfall,40981.0.R.2380,2162,2
Burleigh Waters AL,40981,Battery,40981.0.B.2382,2162,3
Burleigh Waters AL,40981,Rainfall Increment,40981.0.R.2380,2162,4
Burncluith Bridge AL,541124,Water Level,541124.0.H.4914,3290,1
Burncluith Bridge AL,541124,Rainfall,541124.0.R.4913,3290,2
Burncluith Bridge AL,541124,Battery,541124.0.B.4915,3290,3
Burncluith Bridge AL,541124,Rainfall Increment,541124.0.R.4913,3290,4
BURNETT HEADS TIDE TM,539076,Water Level,539076.0.H,5205,1
Burnside,23042,Rainfall,23042.1.R.5820,1871,1
Burnside,23042,Battery,23042.1.B.5819,1871,2
Burnside,23042,Rainfall Increment,23042.1.R.5820,1871,3
BURNT CREEK @ WONWONDAH EAST,579011,Water Level,579011.2.H,9257,1
Burnt Creek at Wonwondah East,579011,Water Level,579011.1.H.5934,4710,1
Burnt Creek at Wonwondah East,579011,Battery,579011.1.B.5935,4710,2
BURNT OUT CREEK (DEW),523055,Water Level,523055.1.H,8939,2
BURNT OUT CREEK (DEW),523055,Rainfall Increment,523055.1.R,8939,3
Burpengary (Dale St) AL,540242,Water Level,540242.0.H.6288,2827,1
Burpengary (Dale St) AL,540242,Rainfall,540242.0.R.6287,2827,2
Burpengary (Dale St) AL,540242,Battery,540242.0.B.6289,2827,3
Burpengary (Dale St) AL,540242,Rainfall Increment,540242.0.R.6287,2827,4
Burpengary (Mathew Cr) AL,540619,Water Level,540619.0.H.5537,3078,1
Burpengary (Mathew Cr) AL,540619,Rainfall,540619.0.R.5536,3078,2
Burpengary (Mathew Cr) AL,540619,Battery,540619.0.B.5538,3078,3
Burpengary (Mathew Cr) AL,540619,Rainfall Increment,540619.0.R.5536,3078,4
Burpengary (New Settlement Rd) TM,540831,Rainfall,540831.0.R,11369,1
Burpengary (New Settlement Rd) TM,540831,Water Level,540831.0.H,11369,2
Burpengary (New Settlement Rd) TM,540831,Battery,540831.0.B,11369,3
Burpengary (New Settlement Rd) TM,540831,Rainfall Increment,540831.0.R,11369,4
Burpengary (Rowley Rd) AL,540245,Water Level,540245.0.H.6283,2830,1
Burpengary (Rowley Rd) AL,540245,Rainfall,540245.0.R.6280,2830,2
Burpengary (Rowley Rd) AL,540245,Battery,540245.0.B.6281,2830,3
Burpengary (Rowley Rd) AL,540245,Rainfall Increment,540245.0.R.6280,2830,4
Burpengary Ck (Morayfield Rd) TM,540771,Water Level,540771.0.H,3193,1
Burpengary Ck (Morayfield Rd) TM,540771,Rainfall,540771.0.R,3193,2
Burpengary Ck (Morayfield Rd) TM,540771,Battery,540771.0.B,3193,3
Burpengary Ck (Morayfield Rd) TM,540771,Rainfall Increment,540771.0.R,3193,4
BURPENGARY CK (MORAYFIELD RD) TM,540771,Water Level,540771.0.H,10351,1
Burra (Burra Creek),570002,Water Level,570002.2.H.3332,1813,1
Burra (Burra Creek),570002,Battery,570002.1.B.3333,1813,2
Burra (Burra Creek),570002,Battery,570002.2.B.3421,1813,3
Burra (Burra Creek),570002,Rainfall,570002.1.R.3331,1813,4
Burra (Burra Creek),570002,Rainfall Increment,570002.1.R.3331,1813,5
BURRA (BURRA CREEK),570002,Water Level,570002.1.H,5405,1
BURRA (BURRA CREEK),570002,Rainfall Increment,570002.2.R,5405,3
Burraburri Creek AL,540676,Rainfall,540676.0.R.4902,3128,1
Burraburri Creek AL,540676,Battery,540676.0.B.4903,3128,2
Burraburri Creek AL,540676,Rainfall Increment,540676.0.R.4902,3128,3
BURRAWANG (AMGROW),568219,Rainfall Increment,568219.1.R,5311,2
BURRENDONG DAM D/S (MACQUARIE RIVER),562000,Water Level,562000.1.H,8009,1
BURRENDONG DAM W/L (MACQUARIE RIVER),562001,Water Level,562001.1.H,8819,1
Burrill Lake,569037,Water Level,569037.1.H.3379,1809,1
Burrill Lake,569037,Battery,569037.1.B.3380,1809,2
Burrill Lake,569037,Rainfall,569037.1.R.3378,1809,3
Burrill Lake,569037,Rainfall Increment,569037.1.R.3378,1809,4
Burrill Lake,569037,Battery,569037.2.B.7088,1809,5
Burringbar (Burringbar Creek),558103,Battery,558103.1.B.3487,1514,1
BURRINGBAR (BURRINGBAR CREEK),558103,Water Level,558103.1.H,7869,1
Burringbar North Arm (Harwood Rd),558104,Battery,558104.1.B.3485,1515,1
Burringbar North Arm (Harwood Rd),558104,Rainfall,558104.1.R.3486,1515,2
Burringbar North Arm (Harwood Rd),558104,Rainfall Increment,558104.1.R.3486,1515,3
Burringbar Rd (Burringbar Creek),558106,Water Level,558106.1.H.3481,1516,1
Burringbar Rd (Burringbar Creek),558106,Battery,558106.1.B.3480,1516,2
Burringbar Rd (Burringbar Creek),558106,Rainfall,558106.1.R.3482,1516,3
Burringbar Rd (Burringbar Creek),558106,Rainfall Increment,558106.1.R.3482,1516,7
Burringbar Reservoir,558083,Battery,558083.1.B.3464,1498,1
Burringbar Reservoir,558083,Rainfall,558083.1.R.3463,1498,2
Burringbar Reservoir,558083,Rainfall Increment,558083.1.R.3463,1498,3
Burringurrah Airstrip,7210,Rainfall,7210.1.R,4362,1
Burringurrah Airstrip,7210,Battery,7210.1.B,4362,2
Burringurrah Airstrip,7210,Rainfall Increment,7210.1.R,4362,3
BURRINJUCK DAM D/S (MURRUMBIDGEE RIVER),73131,Water Level,73131.1.H,8437,1
BURRINJUCK DAM W/L (MURRUMBIDGEE RIVER),573008,Water Level,573008.1.H,8825,1
BURRUMBEET CREEK (LAKE BURRUMBEET),589011,Water Level,589011.1.H,9693,1
Burtons Bridge AL,540257,Water Level,540257.0.H.6756,2841,1
BURTONS BRIDGE TM,540746,Water Level,540746.0.H,10321,1
BURTUNDY (DARLING RIVER),547015,Water Level,547015.1.H,7491,1
Burwood,23864,Battery,23864.1.B.5425,1925,1
Burwood,23864,Rainfall,23864.1.R.5426,1925,2
Burwood,23864,Rainfall Increment,23864.1.R.5426,1925,3
Busby Flat,58207,Battery,58207.1.B,1198,1
Busby Flat,58207,Rainfall,58207.1.R,1198,2
Busby Flat,58207,Rainfall Increment,58207.1.R,1198,3
Bushland Beach AL,532082,Rainfall,532082.0.R.2780,2322,1
Bushland Beach AL,532082,Battery,532082.0.B.2781,2322,2
Bushland Beach AL,532082,Rainfall Increment,532082.0.R.2780,2322,3
BUSHY CK (MT MOLLOY RD) TM,531112,Water Level,531112.0.H,10337,1
Busselton Jetty,9937,Battery,9937.1.B.5961,4404,1
Bybera TM,41162,Rainfall,41162.1.R,2170,1
Bybera TM,41162,Battery,41162.1.B,2170,2
Bybera TM,41162,Rainfall Increment,41162.1.R,2170,3
BYFIELD TM,533110,Water Level,533110.0.H,6517,2
BYFIELD TM,533110,Rainfall Increment,533110.0.R,6517,3
Bylong (Bylong Road),62102,Battery,62102.2.B.3784,1306,1
Bylong (Bylong Road),62102,Rainfall,62102.2.R.3783,1306,2
Bylong (Bylong Road),62102,Rainfall Increment,62102.2.R.3783,1306,3
Bylong (Glenview),62107,Battery,62107.1.B.3782,1308,1
Bylong (Glenview),62107,Rainfall,62107.1.R.3781,1308,2
Bylong (Glenview),62107,Rainfall Increment,62107.1.R.3781,1308,3
Byrnestown AL,39341,Rainfall,39341.0.R.840,2082,1
Byrnestown AL,39341,Battery,39341.0.B.841,2082,2
Byrnestown AL,39341,Rainfall Increment,39341.0.R.840,2082,3
Byron Bay (Belongil Ck Bridge),558099,Water Level,558099.1.H.7546,1513,1
Byron Bay (Belongil Ck Bridge),558099,Battery,558099.1.B.7547,1513,2
Byron Bay (Belongil Ck Bridge),558099,Rainfall,558099.1.R.7582,1513,3
Byron Bay (Belongil Ck Bridge),558099,Rainfall Increment,558099.1.R.7582,1513,4
Byron Bay (Tallow Ck Bridge),558098,Water Level,558098.1.H.7543,1512,1
Byron Bay (Tallow Ck Bridge),558098,Battery,558098.1.B.7545,1512,2
Byron Bay (Tallow Ck Bridge),558098,Rainfall,558098.1.R.7544,1512,3
Byron Bay (Tallow Ck Bridge),558098,Rainfall Increment,558098.1.R.7544,1512,7
Cabbage Tree Mountain,60096,Battery,60096.1.B.7442,1235,1
Cabbage Tree Mountain,60096,Rainfall,60096.1.R.7441,1235,2
Cabbage Tree Mountain,60096,Rainfall Increment,60096.1.R.7441,1235,3
Caboolture (Bribie Island Rd) AL,540627,Water Level,540627.0.H.5527,3085,1
Caboolture (Bribie Island Rd) AL,540627,Rainfall,540627.0.R.5526,3085,2
Caboolture (Bribie Island Rd) AL,540627,Battery,540627.0.B.5528,3085,3
Caboolture (Bribie Island Rd) AL,540627,Rainfall Increment,540627.0.R.5526,3085,4
Caboolture (Bruce Hway) AL,540624,Water Level,540624.0.H.5540,3083,1
Caboolture (Bruce Hway) AL,540624,Rainfall,540624.0.R.5539,3083,2
Caboolture (Bruce Hway) AL,540624,Battery,540624.0.B.5541,3083,3
Caboolture (Bruce Hway) AL,540624,Rainfall Increment,540624.0.R.5539,3083,4
Caboolture (Machinery Pde) AL,540736,Water Level,540736.0.H.4130,3180,1
Caboolture (Machinery Pde) AL,540736,Rainfall,540736.0.R.4129,3180,2
Caboolture (Machinery Pde) AL,540736,Battery,540736.0.B.4131,3180,3
Caboolture (Machinery Pde) AL,540736,Rainfall Increment,540736.0.R.4129,3180,4
Caboolture (Pumicestone Rd) AL,540561,Water Level,540561.0.H.5522,3056,1
Caboolture (Pumicestone Rd) AL,540561,Rainfall,540561.0.R.5521,3056,2
Caboolture (Pumicestone Rd) AL,540561,Battery,540561.0.B.5523,3056,3
Caboolture (Pumicestone Rd) AL,540561,Rainfall Increment,540561.0.R.5521,3056,4
Caboolture (Short St) AL,540660,Water Level,540660.0.H.4122,3112,1
Caboolture (Short St) AL,540660,Rainfall,540660.0.R.4121,3112,2
Caboolture (Short St) AL,540660,Battery,540660.0.B.4123,3112,3
Caboolture (Short St) AL,540660,Rainfall Increment,540660.0.R.4121,3112,4
Caboolture AL,540243,Water Level,540243.0.H.6285,2828,1
Caboolture AL,540243,Rainfall,540243.0.R.6284,2828,2
Caboolture AL,540243,Battery,540243.0.B.6286,2828,3
Caboolture AL,540243,Rainfall Increment,540243.0.R.6284,2828,4
Caboonbah AL,540155,Water Level,540155.0.H.6575,2769,1
Caboonbah AL,540155,Rainfall,540155.0.R.6574,2769,2
Caboonbah AL,540155,Rainfall Increment,540155.0.R.6574,2769,3
CAINBABLE CREEK TM,540375,Water Level,540375.0.H,6875,1
Cairns Airport AL,531049,Water Level,531049.0.H.6838,2237,1
Cairns Airport AL,531049,Rainfall,531049.0.R.6837,2237,2
Cairns Airport AL,531049,Battery,531049.0.B.6839,2237,3
Cairns Airport AL,531049,Rainfall Increment,531049.0.R.6837,2237,4
Cairns Harbour Tide AL,531050,Water Level,531050.0.H.6840,2238,1
Cairns Harbour Tide AL,531050,Battery,531050.0.B.6841,2238,2
CAIRNS HARBOUR TIDE TM,531044,Water Level,531044.0.H,5167,1
CAIWARRO TM,544015,Water Level,544015.0.H,7093,1
Calamvale AL,40784,Rainfall,40784.0.R.2114,2094,1
Calamvale AL,40784,Battery,40784.0.B.2113,2094,2
Calamvale AL,40784,Rainfall Increment,40784.0.R.2114,2094,3
Calcium AL,533070,Rainfall,533070.0.R.2831,2375,1
Calcium AL,533070,Battery,533070.0.B.2832,2375,2
Calcium AL,533070,Rainfall Increment,533070.0.R.2831,2375,3
CALEN TM,533066,Water Level,533066.0.H,6485,2
CALEN TM,533066,Rainfall Increment,533066.0.R,6485,3
CALLALA WWTP,568245,Rainfall,568245.1.R,10899,1
CALLALA WWTP,568245,Rainfall Increment,568245.1.R,10899,2
Callide Dam HW AL,539235,Water Level,539235.0.H.934,2671,1
Callide Dam HW AL,539235,Rainfall,539235.0.R.933,2671,2
Callide Dam HW AL,539235,Battery,539235.0.B.935,2671,3
Callide Dam HW AL,539235,Rainfall Increment,539235.0.R.933,2671,4
CALLIDE DAM HW TM,539071,Water Level,539071.0.H,7205,1
CALLIDE DAM HW TM,539071,Rainfall Increment,539071.0.R,7205,2
Callide Dam Inflow AL,539236,Water Level,539236.0.H.937,2672,1
Callide Dam Inflow AL,539236,Rainfall,539236.0.R.936,2672,2
Callide Dam Inflow AL,539236,Battery,539236.0.B.938,2672,3
Callide Dam Inflow AL,539236,Rainfall Increment,539236.0.R.936,2672,4
CALLIDE DAM INFLOW TM,539111,Water Level,539111.0.H,7235,2
CALLIDE DAM INFLOW TM,539111,Rainfall Increment,539111.0.R,7235,3
Callington Hill (Colrae) ,24592,Rainfall,24592.1.R.5435,1958,1
Callington Hill (Colrae) ,24592,Battery,24592.1.B.5434,1958,2
Callington Hill (Colrae) ,24592,Rainfall Increment,24592.1.R.5435,1958,3
Calliope (Stowe Rd) AL,539227,Water Level,539227.0.H.4343,2664,1
Calliope (Stowe Rd) AL,539227,Rainfall,539227.0.R.4342,2664,2
Calliope (Stowe Rd) AL,539227,Battery,539227.0.B.4344,2664,3
Calliope (Stowe Rd) AL,539227,Rainfall Increment,539227.0.R.4342,2664,4
Calliope Camgrounds AL,539272,Rainfall,539272.0.R.4339,11375,1
Calliope Camgrounds AL,539272,Water Level,539272.0.H.4340,11375,2
Calliope Camgrounds AL,539272,Battery,539272.0.B.4341,11375,3
Calliope Camgrounds AL,539272,Rainfall Increment,539272.0.R.4339,11375,4
Calliope Station AL,539273,Rainfall,539273.0.R.4336,11373,1
Calliope Station AL,539273,Water Level,539273.0.H.4337,11373,2
Calliope Station AL,539273,Battery,539273.0.B.4338,11373,3
Calliope Station AL,539273,Rainfall Increment,539273.0.R.4336,11373,4
Calowrie AL,544053,Rainfall,544053.0.R.4236,3386,1
Calowrie AL,544053,Battery,544053.0.B.4237,3386,2
Calowrie AL,544053,Rainfall Increment,544053.0.R.4236,3386,3
CAMBARVILLE RAIN GAUGE,588067,Rainfall,588067.1.R,12103,1
CAMBARVILLE RAIN GAUGE,588067,Rainfall Increment,588067.1.R,12103,2
Camboon AL,539160,Rainfall,539160.0.R.4443,2601,1
Camboon AL,539160,Battery,539160.0.B.4444,2601,2
Camboon AL,539160,Rainfall Increment,539160.0.R.4443,2601,3
Cambooya (Rolleston Park) TM,541170,Water Level,541170.0.H,3329,1
CAMBOOYA TM,541077,Rainfall Increment,541077.0.R,7033,2
Camden Weir (Nepean River),568154,Water Level,568154.1.H.3277,1770,1
Camden Weir (Nepean River),568154,Battery,568154.1.B.3279,1770,2
CAMDEN WEIR (NEPEAN RIVER),568154,Water Level,568154.2.H,5289,1
CAMERON CREEK TM,531078,Water Level,531078.0.H,6347,1
CAMERON CREEK TM,531078,Rainfall Increment,531078.0.R,6347,2
Cameron Hill AL,533052,Rainfall,533052.0.R.6300,2362,1
Cameron Hill AL,533052,Battery,533052.0.B.6301,2362,2
Cameron Hill AL,533052,Rainfall Increment,533052.0.R.6300,2362,3
CAMFIELD RIVER,514870,Water Level,514870.1.H,7357,2
CAMFIELD RIVER,514870,Rainfall Increment,514870.1.R,7357,3
Camp Hill (Tarana St) AL,540240,Rainfall,540240.0.R.1596,2825,1
Camp Hill (Tarana St) AL,540240,Battery,540240.0.B.1595,2825,2
Camp Hill (Tarana St) AL,540240,Rainfall Increment,540240.0.R.1596,2825,3
CAMPASPE RIVER @ BARNADOWN,581002,Water Level,581002.1.H,9317,1
CAMPASPE RIVER @ CAMPASPE WEIR HG,581008,Rainfall,581008.1.R,9327,1
CAMPASPE RIVER @ CAMPASPE WEIR HG,581008,Water Level,581008.1.H,9327,2
CAMPASPE RIVER @ CAMPASPE WEIR HG,581008,Rainfall Increment,581008.1.R,9327,3
CAMPASPE RIVER @ D/S LAKE EPPALOCK,581007,Water Level,581007.1.H,9325,1
CAMPASPE RIVER @ D/S LAKE EPPALOCK,581007,Water Level,581007.2.H,9325,2
CAMPASPE RIVER @ ECHUCA,580014,Water Level,580014.1.H,9295,1
CAMPASPE RIVER @ LAKE EPPALOCK HG,581003,Water Level,581003.2.H,9319,1
CAMPASPE RIVER @ REDESDALE,588006,Rainfall,588006.1.R,9621,1
CAMPASPE RIVER @ REDESDALE,588006,Water Level,588006.1.H,9621,2
CAMPASPE RIVER @ REDESDALE,588006,Rainfall Increment,588006.1.R,9621,3
CAMPASPE RIVER @ ROCHESTER SYPHON (202C),580010,Rainfall,580010.1.R,9291,1
CAMPASPE RIVER @ ROCHESTER SYPHON (202C),580010,Water Level,580010.1.H,9291,2
CAMPASPE RIVER @ ROCHESTER SYPHON (202C),580010,Rainfall Increment,580010.1.R,9291,3
CAMPASPE RIVER @ ROCHESTER TOWN (202B),580011,Water Level,580011.1.H,11307,1
CAMPASPE RIVER AT ASHBOURNE,588028,Water Level,588028.1.H,9653,1
Campaspe River at Rochester Town,580011,Battery,580011.1.B,4795,1
Campaspe River at Rochester Town,580011,Water Level - AHD,580011.1.H,4795,2
CAMPBELL TOWN (TRUELANDS),593002,Rainfall,593002.1.R,8859,1
CAMPBELL TOWN (TRUELANDS),593002,Rainfall Increment,593002.1.R,8859,2
Campbells Gully AL,541103,Water Level,541103.0.H.5746,3269,1
Campbells Gully AL,541103,Rainfall,541103.0.R.5745,3269,2
Campbells Gully AL,541103,Battery,541103.0.B.5747,3269,3
Campbells Gully AL,541103,Rainfall Increment,541103.0.R.5745,3269,4
Campbells River (Upstream Chifley),63298,Water Level,63298.1.H.7355,1326,1
Campbells River (Upstream Chifley),63298,Battery,63298.1.B.7354,1326,2
Campbells River (Upstream Chifley),63298,Rainfall,63298.1.R.7353,1326,3
Campbells River (Upstream Chifley),63298,Rainfall Increment,63298.1.R.7353,1326,4
Canaan Creek AL,542012,Rainfall,542012.0.R.4908,3344,1
Canaan Creek AL,542012,Battery,542012.0.B.4909,3344,2
Canaan Creek AL,542012,Rainfall Increment,542012.0.R.4908,3344,3
CANDELO DAMSITE (TANTAWANGALO CREEK),569021,Water Level,569021.1.H,8137,1
Cania Dam HW AL,539182,Water Level,539182.0.H.706,2621,1
Cania Dam HW AL,539182,Rainfall,539182.0.R.705,2621,2
Cania Dam HW AL,539182,Battery,539182.0.B.707,2621,3
Cania Dam HW AL,539182,Rainfall Increment,539182.0.R.705,2621,4
CANIA DAM HW TM,539092,Water Level,539092.0.H,7227,2
CANIA DAM HW TM,539092,Rainfall Increment,539092.0.R,7227,3
CANIA DAM TW TM,539114,Water Level,539114.0.H,7241,1
Caniaview AL,539176,Rainfall,539176.0.R.700,2615,1
Caniaview AL,539176,Battery,539176.0.B.701,2615,2
Caniaview AL,539176,Rainfall Increment,539176.0.R.700,2615,3
CANN RIVER (EAST BRANCH) AT CHANDLERS CK,84128,Rainfall,84128.2.R,9811,1
CANN RIVER (EAST BRANCH) AT CHANDLERS CK,84128,Water Level,84128.2.H,9811,2
CANN RIVER (EAST BRANCH) AT CHANDLERS CK,84128,Rainfall Increment,84128.2.R,9811,3
CANN RIVER (WEST BRANCH) AT WEERAGUA,84127,Water Level,84127.2.H,9809,1
Cann River at Weeragua,84127,Battery,84127.1.B.4996,4836,1
Cann River at Weeragua,84127,Water Level,84127.1.H.4995,4836,2
Cann River East Branch,84128,Battery,84128.1.B.4999,4837,1
Cann River East Branch,84128,Rainfall,84128.1.R.4997,4837,2
Cann River East Branch,84128,Water Level,84128.1.H.4998,4837,3
Cann River East Branch,84128,Rainfall Increment,84128.1.R.4997,4837,4
CANN RIVER U/S CANN RIVER OFFTAKE,584029,Water Level,584029.1.H,9479,1
Cannells Hill (Huonville),594017,Battery,594017.1.B.591,4314,1
Cannells Hill (Huonville),594017,Rainfall,594017.1.R.590,4314,2
Cannells Hill (Huonville),594017,Rainfall Increment,594017.1.R.590,4314,3
Cannery Ck AL,540468,Water Level,540468.0.H.1843,2987,1
Cannery Ck AL,540468,Battery,540468.0.B.1743,2987,2
Canning Creek AL,541114,Rainfall,541114.0.R.4502,3280,1
Canning Creek AL,541114,Battery,541114.0.B.4503,3280,2
Canning Creek AL,541114,Rainfall Increment,541114.0.R.4502,3280,3
Cannon Cove AL,40865,Rainfall,40865.0.R.5352,2116,1
Cannon Cove AL,40865,Battery,40865.0.B.5353,2116,2
Cannon Cove AL,40865,Rainfall Increment,40865.0.R.5352,2116,3
Cannonvale AL,533167,Rainfall,533167.0.R.2657,2404,1
Cannonvale AL,533167,Battery,533167.0.B.2658,2404,2
Cannonvale AL,533167,Rainfall Increment,533167.0.R.2657,2404,3
CANOBIE TM,529017,Water Level,529017.0.H,6237,2
CANOBIE TM,529017,Rainfall Increment,529017.0.R,6237,3
Canobolas (Hillview),563083,Battery,563083.1.B.3552,1697,1
Canobolas (Hillview),563083,Rainfall,563083.1.R.3551,1697,2
Canobolas (Hillview),563083,Rainfall Increment,563083.1.R.3551,1697,3
Canowindra (Riverside),63167,Battery,63167.1.B,1314,1
Canowindra (Riverside),63167,Rainfall,63167.1.R,1314,2
Canowindra (Riverside),63167,Rainfall Increment,63167.1.R,1314,3
CANOWINDRA U/S (BELUBULA RIVER),565013,Water Level,565013.1.H,8083,1
Canterbury,9279,Rainfall,9279.1.R.6155,4399,1
Canterbury,9279,Battery,9279.1.B.6154,4399,2
Canterbury,9279,Rainfall Increment,9279.1.R.6155,4399,3
CANTERBURY ROAD,566007,Water Level,566007.1.H,5859,1
Canungra Army AL,540290,Water Level,540290.0.H.2340,2857,1
Canungra Army AL,540290,Rainfall,540290.0.R.2339,2857,2
Canungra Army AL,540290,Battery,540290.0.B.2341,2857,3
Canungra Army AL,540290,Rainfall Increment,540290.0.R.2339,2857,4
CANUNGRA ARMY TM,540228,Water Level,540228.0.H,6851,1
CANYONLEIGH (TUGALONG RD),568237,Rainfall Increment,568237.1.R,5323,2
CAPE FERGUSON TIDE TM,532005,Water Level,532005.0.H,5177,1
Capel North,9992,Rainfall,9992.1.R.5989,4418,1
Capel North,9992,Battery,9992.1.B.5988,4418,2
Capel North,9992,Rainfall Increment,9992.1.R.5989,4418,3
CAPEL RAILWAY BRIDGE,509591,Water Level,509591.1.H,10817,1
Capella AL,35185,Rainfall,35185.0.R.5970,2067,1
Capella AL,35185,Battery,35185.0.B.5971,2067,2
Capella AL,35185,Rainfall Increment,35185.0.R.5970,2067,3
CAPRICORN RANGE,507002,Water Level,507002.1.H,10503,2
CAPRICORN RANGE,507002,Rainfall Increment,507002.1.R,10503,3
Captain Ck (Murphy Rd) AL,539275,Rainfall,539275.0.R.5686,11389,1
Captain Ck (Murphy Rd) AL,539275,Battery,539275.0.B.5687,11389,2
Captain Ck (Murphy Rd) AL,539275,Rainfall Increment,539275.0.R.5686,11389,3
Captain Ck AL,539141,Rainfall,539141.0.R.4364,2583,1
Captain Ck AL,539141,Battery,539141.0.B.4365,2583,2
Captain Ck AL,539141,Rainfall Increment,539141.0.R.4364,2583,3
Captains Flat (Cowangerong Radar),70341,Battery,70341.1.B.3397,1423,1
Carabost,72012,Battery,72012.1.B,1427,1
Carabost,72012,Rainfall,72012.1.R,1427,2
Carabost,72012,Rainfall Increment,72012.1.R,1427,3
CARANA WEIR TM,541070,Water Level,541070.0.H,7023,1
Caravan Park (Wooli River),558060,Water Level - AHD,558060.2.H.7835,1482,1
Caravan Park (Wooli River),558060,Battery,558060.1.B.7836,1482,2
CARAVAN PARK (WOOLI RIVER),558060,Water Level,558060.1.H,5595,1
Carboor Upper,82163,Rainfall,82163.1.R.177,4655,1
Carboor Upper,82163,Battery,82163.1.B.178,4655,2
Carboor Upper,82163,Rainfall Increment,82163.1.R.177,4655,3
Carbrook (Riedel Rd) AL,540236,Water Level,540236.0.H.6243,2821,1
Carbrook (Riedel Rd) AL,540236,Rainfall,540236.0.R.6240,2821,2
Carbrook (Riedel Rd) AL,540236,Battery,540236.0.B.6241,2821,3
Carbrook (Riedel Rd) AL,540236,Rainfall Increment,540236.0.R.6240,2821,4
Carbrook AL,540255,Rainfall,540255.0.R.6202,2839,1
Carbrook AL,540255,Battery,540255.0.B.6203,2839,2
Carbrook AL,540255,Rainfall Increment,540255.0.R.6202,2839,3
CARCOAR DAM D/S (BELUBULA RIVER),563146,Water Level,563146.1.H,8051,1
CARDIFF TM,544022,Water Level,544022.0.H,7105,2
CARDIFF TM,544022,Rainfall Increment,544022.0.R,7105,3
CARDINIA CREEK AT CHASEMORE ROAD CARDINIA TOWNSHIP,586093,Water Level,586093.1.H,12222,1
CARDINIA CREEK AT CHASEMORE ROAD CARDINIA TOWNSHIP,586093,Rainfall,586093.1.R,12222,2
CARDINIA CREEK AT CHASEMORE ROAD CARDINIA TOWNSHIP,586093,Rainfall Increment,586093.1.R,12222,3
CARDINIA CREEK DOWNSTREAM RESERVIOR BEACONSFIELD UPPER,586277,Water Level,586277.1.H,12246,1
CARDINIA CREEK DROP STRUCTURE OFFICER SOUTH,586090,Water Level,586090.1.H,12221,1
CARDINIA CREEK DROP STRUCTURE OFFICER SOUTH,586090,Rainfall,586090.1.R,12221,2
CARDINIA CREEK DROP STRUCTURE OFFICER SOUTH,586090,Rainfall Increment,586090.1.R,12221,3
Cardstone AL,531102,Rainfall,531102.0.R.5239,2255,1
Cardstone AL,531102,Battery,531102.0.B.5240,2255,2
Cardstone AL,531102,Rainfall Increment,531102.0.R.5239,2255,3
Cardwell Gap AL,532087,Rainfall,532087.0.R.5805,2325,1
Cardwell Gap AL,532087,Battery,532087.0.B.5806,2325,2
Cardwell Gap AL,532087,Rainfall Increment,532087.0.R.5805,2325,3
Cardwell Tide AL,532113,Water Level,532113.0.H.5241,2340,1
Cardwell Tide AL,532113,Rainfall,532113.0.R.5248,2340,2
Cardwell Tide AL,532113,Battery,532113.0.B.5242,2340,3
Cardwell Tide AL,532113,Rainfall Increment,532113.0.R.5248,2340,4
CARDWELL TIDE TM,532003,Water Level,532003.0.H,5173,1
Careys Peak (Barrington Tops),61413,Battery,61413.1.B.3651,1292,1
Careys Peak (Barrington Tops),61413,Rainfall,61413.1.R.3650,1292,2
Careys Peak (Barrington Tops),61413,Rainfall Increment,61413.1.R.3650,1292,3
CARINDA (MACQUARIE RIVER),51142,Water Level,51142.1.H,7447,1
CARINDA (MARTHAGUY CK),51141,Water Level,51141.1.H,7445,1
Carindale AL,540128,Water Level,540128.0.H.1707,2745,1
Carindale AL,540128,Rainfall,540128.0.R.1706,2745,2
Carindale AL,540128,Battery,540128.0.B.1708,2745,3
Carindale AL,540128,Rainfall Increment,540128.0.R.1706,2745,4
Carinya ,22056,Rainfall,22056.1.R.5127,1870,1
Carinya ,22056,Battery,22056.1.B.5126,1870,2
Carinya ,22056,Rainfall Increment,22056.1.R.5127,1870,3
CARLTON RIVER AT TIDAL LIMIT,594020,Rainfall Increment,594020.1.R,8767,2
CARMILA TM,533014,Water Level,533014.0.H,6457,2
CARMILA TM,533014,Rainfall Increment,533014.0.R,6457,3
Caroda (Paleroo),54153,Rainfall,54153.1.R,11339,1
Caroda (Paleroo),54153,Rainfall Increment,54153.1.R,11339,2
Caroda (Paleroo),54153,Battery,54153.1.B,11339,3
Carole Park AL,40785,Rainfall,40785.0.R.2116,2095,1
Carole Park AL,40785,Battery,40785.0.B.2115,2095,2
Carole Park AL,40785,Rainfall Increment,40785.0.R.2116,2095,3
CAROLE REGULATOR (CAROLE CK),553005,Water Level,553005.1.H,7623,1
CAROLINE SPRINGS RAIN GAUGE,587101,Rainfall,587101.1.R,12057,1
CAROLINE SPRINGS RAIN GAUGE,587101,Rainfall Increment,587101.1.R,12057,2
Caroline Xing AL,544042,Water Level,544042.0.H.1033,3375,1
Caroline Xing AL,544042,Rainfall,544042.0.R.1032,3375,2
Caroline Xing AL,544042,Battery,544042.0.B.1034,3375,3
Caroline Xing AL,544042,Rainfall Increment,544042.0.R.1032,3375,4
Carool (Cougal Road),558128,Battery,558128.1.B.7190,11441,1
Carool (Cougal Road),558128,Rainfall,558128.1.R.7191,11441,2
Carool (Cougal Road),558128,Rainfall Increment,558128.1.R.7191,11441,3
CAROONA (MOOKI RIVER),555005,Water Level,555005.1.H,7707,2
CAROONA (MOOKI RIVER),555005,Rainfall Increment,555005.1.R,7707,3
CARPENTARIA BRIDGE TM,530052,Rainfall,530052.0.R,9967,1
CARPENTARIA BRIDGE TM,530052,Water Level,530052.0.H,9967,2
CARPENTARIA BRIDGE TM,530052,Rainfall Increment,530052.0.R,9967,3
CARRABA,504033,Rainfall Increment,504033.1.R,10439,2
Carrara AL,540319,Water Level - AHD,540319.0.H.2346,2882,1
Carrara AL,540319,Rainfall,540319.0.R.2345,2882,2
Carrara AL,540319,Battery,540319.0.B.2347,2882,3
Carrara AL,540319,Rainfall Increment,540319.0.R.2345,2882,4
CARRICK (LIFFEY RIVER),591052,Water Level,591052.1.H,8709,1
CARROLL GAP (PEEL RIVER),55284,Water Level,55284.1.H,7611,1
Carrow Brook,61146,Battery,61146.1.B,1262,1
Carrow Brook,61146,Rainfall,61146.1.R,1262,2
Carrow Brook,61146,Rainfall Increment,61146.1.R,1262,3
CARROW BROOK (CARROW BROOK),561048,Water Level,561048.1.H,7971,1
Carrs Lkt AL,541064,Rainfall,541064.0.R.6878,3253,1
Carrs Lkt AL,541064,Battery,541064.0.B.6879,3253,2
Carrs Lkt AL,541064,Rainfall Increment,541064.0.R.6878,3253,3
CARTERS TM,540056,Water Level,540056.0.H,6825,1
CARTRIDGE CREEK TM,529060,Rainfall,529060.0.R,9893,1
CARTRIDGE CREEK TM,529060,Water Level,529060.0.H,9893,2
CARTRIDGE CREEK TM,529060,Rainfall Increment,529060.0.R,9893,3
Carwoola (Molonglo River),570986,Water Level,570986.2.H.3335,1859,1
Carwoola (Molonglo River),570986,Battery,570986.1.B.3400,1859,2
Carwoola (Molonglo River),570986,Rainfall,570986.2.R.3334,1859,3
Carwoola (Molonglo River),570986,Rainfall Increment,570986.2.R.3334,1859,4
CARWOOLA (MOLONGLO RIVER),570986,Rainfall,570986.1.R,5537,1
CARWOOLA (MOLONGLO RIVER),570986,Water Level,570986.1.H,5537,2
CARWOOLA (MOLONGLO RIVER),570986,Rainfall Increment,570986.1.R,5537,3
CASCADES,509464,Water Level,509464.1.H,10687,1
CASCADES,512018,Water Level,512018.1.H,10891,2
CASCADES,512018,Rainfall Increment,512018.1.R,10891,3
Caseys Weir,581000,Water Level,581000.1.H.429,4493,1
Caseys Weir,581000,Battery,581000.1.B.428,4493,2
Cashs Crossing AL,540415,Water Level,540415.0.H.1960,2947,1
Cashs Crossing AL,540415,Rainfall,540415.0.R.1959,2947,2
Cashs Crossing AL,540415,Battery,540415.0.B.1961,2947,3
Cashs Crossing AL,540415,Rainfall Increment,540415.0.R.1959,2947,4
CASINO ROAD BRIDGE (RICHMOND RIVER),58179,Water Level,58179.1.H,11443,1
CASINO-DWR TM (RICHMOND RIVER),558013,Water Level,558013.1.H,7853,1
CASLEYS,508066,Rainfall Increment,508066.1.R,10547,2
Cassilis (Thistledale),62108,Battery,62108.1.B.3743,1309,1
Cassilis (Thistledale),62108,Rainfall,62108.1.R.3742,1309,2
Cassilis (Thistledale),62108,Rainfall Increment,62108.1.R.3742,1309,3
CASTLE CK @ ARCADIA,581011,Rainfall,581011.2.R,9333,1
CASTLE CK @ ARCADIA,581011,Water Level,581011.2.H,9333,2
CASTLE CK @ ARCADIA,581011,Rainfall Increment,581011.2.R,9333,3
Castle Ck at Arcadia,581011,Rainfall,581011.1.R.237,4680,1
Castle Ck at Arcadia,581011,Water Level,581011.1.H.238,4680,2
Castle Ck at Arcadia,581011,Battery,581011.1.B.239,4680,3
Castle Ck at Arcadia,581011,Rainfall Increment,581011.1.R.237,4680,4
CASTLE CK AT TELFORD BRIDGE,82149,Rainfall,82149.2.R,9783,1
CASTLE CK AT TELFORD BRIDGE,82149,Water Level,82149.2.H,9783,2
CASTLE CK AT TELFORD BRIDGE,82149,Rainfall Increment,82149.2.R,9783,3
Castle Ck at Telfords Bridge,82149,Rainfall,82149.1.R.479,4509,1
Castle Ck at Telfords Bridge,82149,Water Level,82149.1.H.480,4509,2
Castle Ck at Telfords Bridge,82149,Battery,82149.1.B.481,4509,3
Castle Ck at Telfords Bridge,82149,Rainfall Increment,82149.1.R.479,4509,4
Castle Creek AL,539172,Water Level,539172.0.H.4474,2611,1
Castle Creek AL,539172,Rainfall,539172.0.R.4473,2611,2
Castle Creek AL,539172,Battery,539172.0.B.4475,2611,3
Castle Creek AL,539172,Rainfall Increment,539172.0.R.4473,2611,4
CASTLE DOYLE (COMMISSIONERS WATERS),556021,Water Level,556021.1.H,7789,1
Castle Hill AL,532075,Rainfall,532075.0.R.2766,2316,1
Castle Hill AL,532075,Battery,532075.0.B.2767,2316,2
Castle Hill AL,532075,Rainfall Increment,532075.0.R.2766,2316,3
CASTLEHOPE TM,539072,Water Level,539072.0.H,6751,2
CASTLEHOPE TM,539072,Rainfall Increment,539072.0.R,6751,3
CASTLEREAGH (NEPEAN RIVER),567045,Water Level,567045.1.H,5899,1
CATAGUNYA LAKE DAM,595033,Water Level - AHD,595033.1.H,8521,1
Cataract Dam (Cataract River),568143,Water Level,568143.1.H.3232,1766,1
Cataract Dam (Cataract River),568143,Battery,568143.1.B.3234,1766,2
CATARACT DAM (CATARACT RIVER),568143,Water Level,568143.2.H,5281,1
CATTANACH CANAL,581025,Flow Rate,581025.1.ML/D,11187,1
Cattle Creek,14830,Battery,14830.1.B,322,1
Cattle Creek,14830,Rainfall,14830.1.R,322,2
Cattle Creek,14830,Rainfall Increment,14830.1.R,322,3
CAULFIELD NORTH RAIN GAUGE,586303,Rainfall,586303.1.R,11999,1
CAULFIELD NORTH RAIN GAUGE,586303,Rainfall Increment,586303.1.R,11999,2
CAULFIELD SOUTH RAIN GAUGE,586115,Rainfall,586115.1.R,12095,1
CAULFIELD SOUTH RAIN GAUGE,586115,Rainfall Increment,586115.1.R,12095,2
CAVE HILL CAMP,589016,Rainfall,589016.1.R,9699,1
CAVE HILL CAMP,589016,Rainfall Increment,589016.1.R,9699,2
Cawongla,558024,Battery,558024.1.B.7098,1471,1
Cawongla,558024,Rainfall,558024.1.R.7091,1471,2
Cawongla,558024,Rainfall Increment,558024.1.R.7091,1471,3
Cecil Park (ERTS),567066,Battery,567066.1.B.7999,1736,1
Cecil Park (ERTS),567066,Battery,567066.2.B.3301,1736,2
CECIL PLAINS TM,41498,Water Level,41498.0.H,6135,1
Cedar Ck Rd AL,540444,Water Level,540444.0.H.1983,2966,1
Cedar Ck Rd AL,540444,Rainfall,540444.0.R.1982,2966,2
Cedar Ck Rd AL,540444,Battery,540444.0.B.1984,2966,3
Cedar Ck Rd AL,540444,Rainfall Increment,540444.0.R.1982,2966,4
Cedar Creek (Plunkett Rd) AL,540790,Water Level,540790.0.H.6259,3211,1
Cedar Creek (Plunkett Rd) AL,540790,Rainfall,540790.0.R.6258,3211,2
Cedar Creek (Plunkett Rd) AL,540790,Battery,540790.0.B.6260,3211,3
Cedar Creek (Plunkett Rd) AL,540790,Rainfall Increment,540790.0.R.6258,3211,4
Cedar Ford (Kowmung River),563039,Water Level,563039.1.H.3086,1686,1
Cedar Ford (Kowmung River),563039,Battery,563039.1.B.3088,1686,2
Cedar Ford (Kowmung River),563039,Rainfall,563039.1.R.3087,1686,3
Cedar Ford (Kowmung River),563039,Rainfall Increment,563039.1.R.3087,1686,4
CEDAR FORD (KOWMUNG RIVER),563039,Water Level,563039.2.H,5231,2
CEDAR FORD (KOWMUNG RIVER),563039,Rainfall Increment,563039.2.R,5231,3
CEDAR GROVE WEIR HW TM,540590,Water Level,540590.0.H,10283,2
CEDAR GROVE WEIR HW TM,540590,Rainfall Increment,540590.0.R,10283,3
CEDAR GROVE WEIR TW TM,540748,Water Level,540748.0.H,10323,2
CEDAR GROVE WEIR TW TM,540748,Rainfall Increment,540748.0.R,10323,3
Cedar Pocket Dam AL,540476,Water Level,540476.0.H.6941,2995,1
Cedar Pocket Dam AL,540476,Rainfall,540476.0.R.6940,2995,2
Cedar Pocket Dam AL,540476,Battery,540476.0.B.6942,2995,3
Cedar Pocket Dam AL,540476,Rainfall Increment,540476.0.R.6940,2995,4
CEDAR POCKET DAM HW TM,540572,Water Level,540572.0.H,10281,2
CEDAR POCKET DAM HW TM,540572,Rainfall Increment,540572.0.R,10281,3
CEDAR POCKET DAM TW TM,540618,Water Level,540618.0.H,10315,2
CEDAR POCKET DAM TW TM,540618,Rainfall Increment,540618.0.R,10315,3
Cedar Vale AL,539138,Rainfall,539138.0.R.4320,2580,1
Cedar Vale AL,539138,Battery,539138.0.B.4321,2580,2
Cedar Vale AL,539138,Rainfall Increment,539138.0.R.4320,2580,3
Centenary Bridge TM,541158,Water Level,541158.0.H,3320,1
Centenary Bridge TM,541158,Rainfall,541158.0.R,3320,2
Centenary Bridge TM,541158,Rainfall Increment,541158.0.R,3320,3
CENTRAL COLLIE,509533,Water Level,509533.1.H,10769,1
Central Waterhouse,14654,Battery,14654.1.B.1166,293,1
Central Waterhouse,14654,Rainfall,14654.1.R,293,2
Central Waterhouse,14654,Rainfall Increment,14654.1.R.1165,293,3
Ceratodus AL,539183,Water Level,539183.0.H.754,2622,1
Ceratodus AL,539183,Rainfall,539183.0.R.753,2622,2
Ceratodus AL,539183,Battery,539183.0.B.755,2622,3
Ceratodus AL,539183,Rainfall Increment,539183.0.R.753,2622,4
CERATODUS TM,39318,Water Level,39318.0.H,6063,1
Chaffey Dam D/S (Peel River),555006,Water Level,555006.2.H.3624,1443,1
Chaffey Dam D/S (Peel River),555006,Battery,555006.1.B.3623,1443,2
CHAFFEY DAM D/S (PEEL RIVER),555006,Water Level,555006.1.H,7709,1
CHAFFEY DAM W/L (PEEL RIVER),555012,Water Level,555012.1.H,7719,1
Chaffey Dam W/L (Peel River),555012,Water Level,555012.2.H.3626,1445,1
Chaffey Dam W/L (Peel River),555012,Battery,555012.1.B.3625,1445,2
CHALUMBIN TM,531101,Rainfall Increment,531101.0.R,6379,2
Chambers Creek,523749,Rainfall,523749.1.R.5035,2000,1
Chambers Creek,523749,Battery,523749.1.B.5034,2000,2
Chambers Creek,523749,Water Level,523749.1.H.5036,2000,3
Chambers Creek,523749,Rainfall Increment,523749.1.R.5035,2000,4
Chambers Creek AL,540788,Water Level,540788.0.H.6256,3209,1
Chambers Creek AL,540788,Battery,540788.0.B.6257,3209,2
Chandler (Bacton Rd) AL,540791,Rainfall,540791.0.R.1879,3212,1
Chandler (Bacton Rd) AL,540791,Battery,540791.0.B.1590,3212,2
Chandler (Bacton Rd) AL,540791,Rainfall Increment,540791.0.R.1879,3212,3
CHANNEL OUTLET AT LAKE CAWNDILLA (DARLING RIVER),547011,Water Level,547011.1.H,11283,1
Chapman Hill Rd CB2,109509,Water Level,109509.1.H.5999,4449,1
Chapman Hill Rd CB2,109509,Rainfall,109509.1.R.5998,4449,2
Chapman Hill Rd CB2,109509,Battery,109509.1.B.5997,4449,3
Chapman Hill Rd CB2,109509,Rainfall Increment,109509.1.R.5998,4449,4
CHAPMAN HILL TM,509520,Rainfall Increment,509520.1.R,10743,2
Charleston ,23907,Water Level,23907.1.H.5596,1940,1
Charleston ,23907,Battery,23907.1.B.5594,1940,2
Charleville AL,44229,Water Level,44229.0.H.4221,2216,1
Charleville AL,44229,Rainfall,44229.0.R.4220,2216,2
Charleville AL,44229,Battery,44229.0.B.4222,2216,3
Charleville AL,44229,Rainfall Increment,44229.0.R.4220,2216,4
Charnwood,82140,Rainfall,82140.1.R.452,4500,1
Charnwood,82140,Battery,82140.1.B.453,4500,2
Charnwood,82140,Rainfall Increment,82140.1.R.452,4500,3
CHARNWOOD (ACT),70350,Rainfall Increment,70350.1.R,5499,2
CHARTERS TOWERS WEIR TM,534048,Rainfall,534048.0.R,10109,1
CHARTERS TOWERS WEIR TM,534048,Water Level,534048.0.H,10109,2
CHARTERS TOWERS WEIR TM,534048,Rainfall Increment,534048.0.R,10109,3
Chatswood Bowling Club,66011,Battery,66011.1.B.7653,1342,1
Chatswood Bowling Club,66011,Rainfall,66011.1.R.7652,1342,2
Chatswood Bowling Club,66011,Rainfall Increment,66011.1.R.7652,1342,3
Cheetham Salt Works,587068,Rainfall,587068.1.R.1009,4718,1
Cheetham Salt Works,587068,Battery,587068.1.B.1011,4718,2
Cheetham Salt Works,587068,Water Level,587068.1.H.1010,4718,3
Cheetham Salt Works,587068,Rainfall Increment,587068.1.R.1009,4718,4
CHELSEA RAIN GAUGE,586285,Rainfall,586285.1.R,12193,1
CHELSEA RAIN GAUGE,586285,Rainfall Increment,586285.1.R,12193,2
CHERBOURG TM,540679,Water Level,540679.0.H,7259,2
CHERBOURG TM,540679,Rainfall Increment,540679.0.R,7259,3
Cherrabah AL,541061,Rainfall,541061.0.R.6850,3250,1
Cherrabah AL,541061,Battery,541061.0.B.6851,3250,2
Cherrabah AL,541061,Rainfall Increment,541061.0.R.6850,3250,3
Cherry Ck (Lenihans Rd) AL,539261,Water Level,539261.0.H.4892,2691,1
Cherry Ck (Lenihans Rd) AL,539261,Rainfall,539261.0.R.4891,2691,2
Cherry Ck (Lenihans Rd) AL,539261,Battery,539261.0.B.4893,2691,3
Cherry Ck (Lenihans Rd) AL,539261,Rainfall Increment,539261.0.R.4891,2691,4
CHERRYVILLE (DEW),523052,Rainfall Increment,523052.1.R,8935,2
Cherwell River (Highway Bridge) Alert,140031,Battery,140031.1.B.5643,11959,1
Cherwell River (Highway Bridge) Alert,140031,Rainfall,140031.1.R.5641,11959,2
Cherwell River (Highway Bridge) Alert,140031,Water Level,140031.1.H.5642,11959,3
Chesterton TM,44211,Rainfall,44211.0.R,2214,1
Chesterton TM,44211,Battery,44211.0.B,2214,2
Chesterton TM,44211,Rainfall Increment,44211.0.R,2214,3
CHICHESTER (CHICHESTER RIVER),561059,Water Level,561059.1.H,7989,1
CHIFLEY (WALDOCK STREET),570804,Rainfall Increment,570804.1.R,5467,2
Chifley Dam,563008,Water Level - AHD,563008.1.H.7367,1675,1
Chifley Dam,563008,Battery,563008.1.B.7366,1675,2
Chifley Dam,563008,Rainfall,563008.1.R.7368,1675,3
Chifley Dam,563008,Rainfall Increment,563008.1.R.7368,1675,4
Chilgerrie Hill,35273,Battery,35273.0.B,11399,1
Chilgerrie Hill,35273,Rainfall,35273.0.R,11399,2
Chilgerrie Hill,35273,Water Level,35273.0.H,11399,3
Chilgerrie Hill,35273,Rainfall Increment,35273.0.R,11399,4
Chillingham,58011,Water Level,58011.1.H.3457,1174,1
Chillingham,58011,Battery,58011.1.B.3458,1174,2
Chillingham,58011,Rainfall,58011.1.R.3459,1174,3
Chillingham,58011,Rainfall Increment,58011.1.R.3459,1174,4
CHINA CAMP TM,531071,Water Level,531071.0.H,6345,2
CHINA CAMP TM,531071,Rainfall Increment,531071.0.R,6345,3
CHINBI TOWER TM,537022,Rainfall,537022.0.R,10179,1
CHINBI TOWER TM,537022,Rainfall Increment,537022.0.R,10179,2
Chinchilla AL,541123,Water Level,541123.0.H.4911,3289,1
Chinchilla AL,541123,Rainfall,541123.0.R.4910,3289,2
Chinchilla AL,541123,Battery,541123.0.B.4912,3289,3
Chinchilla AL,541123,Rainfall Increment,541123.0.R.4910,3289,4
CHINCHILLA TM,541074,Water Level,541074.0.H,7029,1
CHINCHILLA WEIR HW TM,541071,Water Level,541071.0.H,7271,1
CHINCHILLA WEIR TW TM,41517,Water Level,41517.0.H,6149,1
Chinderah (Tweed River),558010,Water Level - AHD,558010.1.H.7177,1463,1
Chinderah (Tweed River),558010,Battery,558010.1.B.7178,1463,2
Chinderah (Tweed River),558010,Rainfall,558010.1.R.7174,1463,3
Chinderah (Tweed River),558010,Rainfall Increment,558010.1.R.7174,1463,4
CHINOOK (MEHI RIVER),553011,Water Level,553011.1.H,7635,1
CHISHOLM TRAIL OAK VALLEY TM,532138,Rainfall,532138.0.R,10031,1
CHISHOLM TRAIL OAK VALLEY TM,532138,Rainfall Increment,532138.0.R,10031,2
CHITTERING ROAD,509141,Rainfall Increment,509141.1.R,10573,2
CHOWILLA DS MONOMAN CK (DEW),524029,Water Level,524029.1.H,9029,1
CHRISTMAS CK,503000,Water Level,503000.1.H,10405,1
Christmas Ck Homestead,3043,Rainfall,3043.1.R,4345,1
Christmas Ck Homestead,3043,Battery,3043.1.B,4345,2
Christmas Ck Homestead,3043,Rainfall Increment,3043.2.R,4345,3
Churchbank Weir AL,540316,Water Level,540316.0.H.2072,2879,1
Churchbank Weir AL,540316,Rainfall,540316.0.R.2071,2879,2
Churchbank Weir AL,540316,Battery,540316.0.B.2073,2879,3
Churchbank Weir AL,540316,Rainfall Increment,540316.0.R.2071,2879,4
CHURCHBANK WEIR TM,540217,Water Level,540217.0.H,10253,2
CHURCHBANK WEIR TM,540217,Rainfall Increment,540217.0.R,10253,3
Churchill AL,540248,Water Level,540248.0.H.2043,2833,1
Churchill AL,540248,Rainfall,540248.0.R.2040,2833,2
Churchill AL,540248,Battery,540248.0.B.2039,2833,3
Churchill AL,540248,Rainfall Increment,540248.0.R.2040,2833,4
Churchill St AL,540637,Water Level,540637.0.H.5609,3092,1
Churchill St AL,540637,Battery,540637.0.B.5610,3092,2
Clagiraba Road AL,540291,Water Level,540291.0.H.2337,2858,1
Clagiraba Road AL,540291,Rainfall,540291.0.R.2336,2858,2
Clagiraba Road AL,540291,Battery,540291.0.B.2338,2858,3
Clagiraba Road AL,540291,Rainfall Increment,540291.0.R.2336,2858,4
CLARAVILLE TM,529077,Rainfall,529077.0.R,9923,1
CLARAVILLE TM,529077,Rainfall Increment,529077.0.R,9923,2
Clare AL,33286,Water Level,33286.0.H.2948,2044,1
Clare AL,33286,Water Level,33286.1.H.2927,2044,2
Clare AL,33286,Rainfall,33286.0.R.2945,2044,3
Clare AL,33286,Battery,33286.0.B.2947,2044,4
Clare AL,33286,Battery,33286.1.B.2937,2044,5
Clare AL,33286,Rainfall Increment,33286.0.R.2945,2044,6
CLARE TM,33279,Water Level,33279.0.H,6041,1
CLARE WEIR TM,533090,Water Level,533090.0.H,7155,1
Clarence (Zig Zag),563031,Battery,563031.1.B.3106,1682,1
Clarence (Zig Zag),563031,Rainfall,563031.1.R.3105,1682,2
Clarence (Zig Zag),563031,Rainfall Increment,563031.1.R.3105,1682,3
CLARENDON (SAW),523724,Water Level,523724.1.H,5511,1
CLARENDON BRIDGE-HEATHFIELD (MOOMIN CREEK),553023,Water Level,553023.1.H,7647,1
CLARENDON TM,540701,Water Level,540701.0.H,6977,2
CLARENDON TM,540701,Rainfall Increment,540701.0.R,6977,3
Clarendon Weir,23914,Battery,23914.1.B.5021,1945,1
Clarendon Weir,23914,Water Level,23914.1.H.5022,1945,2
Clarie Hall Dam D/S,558009,Water Level,558009.1.H.7194,1462,1
Clarie Hall Dam D/S,558009,Battery,558009.1.B.7148,1462,2
Clarke Range 2 AL,533084,Rainfall,533084.0.R.6152,2389,1
Clarke Range 2 AL,533084,Battery,533084.0.B.6153,2389,2
Clarke Range 2 AL,533084,Rainfall Increment,533084.0.R.6152,2389,3
Clarke Range AL Repeater,533037,Rainfall,533037.0.R.6150,2351,1
Clarke Range AL Repeater,533037,Battery,533037.0.B.6151,2351,2
Clarke Range AL Repeater,533037,Rainfall Increment,533037.0.R.6150,2351,3
CLARKE RIVER TM,532135,Rainfall,532135.0.R,10025,1
CLARKE RIVER TM,532135,Water Level,532135.0.H,10025,2
CLARKE RIVER TM,532135,Rainfall Increment,532135.0.R,10025,3
Clarrie Hall Dam,558028,Water Level - AHD,558028.1.H.7185,1473,1
Clarrie Hall Dam,558028,Battery,558028.1.B.7200,1473,2
Clarrie Hall Dam,558028,Rainfall,558028.1.R.7186,1473,3
Clarrie Hall Dam,558028,Rainfall Increment,558028.1.R.7186,1473,4
Clay Cliff Creek,567120,Water Level,567120.1.H.7250,1756,1
Clay Cliff Creek,567120,Battery,567120.1.B.7249,1756,2
CLAYTON SOUTH DRAIN AT CLAYTON RETARDING BASIN,586190,Water Level,586190.1.H,12232,1
CLAYTON SOUTH DRAIN AT CLAYTON RETARDING BASIN,586190,Rainfall,586190.1.R,12232,2
CLAYTON SOUTH DRAIN AT CLAYTON RETARDING BASIN,586190,Rainfall Increment,586190.1.R,12232,3
CLEAR CREEK UPSTREAM ROAD 31,586328,Water Level,586328.1.H,12163,1
Clear Mountain AL,540418,Rainfall,540418.0.R.1968,2950,1
Clear Mountain AL,540418,Battery,540418.0.B.1969,2950,2
Clear Mountain AL,540418,Rainfall Increment,540418.0.R.1968,2950,3
CLEARFIELD (OLD TENTERFIELD ROAD),558121,Rainfall Increment,558121.1.R,11457,1
Clearview AL,40846,Water Level,40846.0.H.2234,2113,1
Clearview AL,40846,Rainfall,40846.0.R.2235,2113,2
Clearview AL,40846,Battery,40846.0.B.2238,2113,3
Clearview AL,40846,Rainfall Increment,40846.0.R.2235,2113,4
CLEARVIEW TM,40416,Water Level,40416.0.H,6073,2
CLEARVIEW TM,40416,Rainfall Increment,40416.0.R,6073,3
CLEARWATER CHANNEL D/S TOOROURRONG RES WHITTLESEA,586254,Water Level,586254.1.H,12147,1
CLEARWATER CHANNEL D/S TOOROURRONG RES WHITTLESEA,586254,Rainfall,586254.1.R,12147,2
CLEARWATER CHANNEL D/S TOOROURRONG RES WHITTLESEA,586254,Rainfall Increment,586254.1.R,12147,3
CLEARWATER CHANNEL UPSTREAM OF YAN YEAN RESERVOIR,586336,Water Level,586336.1.H,12171,1
CLERMONT ALPHA RD TM,536012,Rainfall,536012.0.R,10133,1
CLERMONT ALPHA RD TM,536012,Water Level,536012.0.H,10133,2
CLERMONT ALPHA RD TM,536012,Rainfall Increment,536012.0.R,10133,3
CLERMONT TM,535028,Water Level,535028.0.H,6625,2
CLERMONT TM,535028,Rainfall Increment,535028.0.R,6625,3
CLERMONT-RUBYVALE RD TM,535160,Rainfall,535160.0.R,10115,1
CLERMONT-RUBYVALE RD TM,535160,Water Level,535160.0.H,10115,2
CLERMONT-RUBYVALE RD TM,535160,Rainfall Increment,535160.0.R,10115,3
CLEVELAND ROAD,568176,Rainfall Increment,568176.1.R,5913,2
Cliffdale (Repeater) AL,544066,Rainfall,544066.0.R.1091,3398,1
Cliffdale (Repeater) AL,544066,Battery,544066.0.B.1092,3398,2
Cliffdale (Repeater) AL,544066,Rainfall Increment,544066.0.R.1091,3398,3
CLIFTON (TENTERFIELD CREEK),556003,Water Level,556003.1.H,7755,1
Clifton Beach (Cape Deslacs TBRG),94275,Rainfall,94275.1.R.748,4303,1
Clifton Beach (Cape Deslacs TBRG),94275,Battery,94275.1.B.749,4303,2
Clifton Beach (Cape Deslacs TBRG),94275,Rainfall Increment,94275.1.R.748,4303,3
CLONCURRY TM,529011,Water Level,529011.0.H,6227,2
CLONCURRY TM,529011,Rainfall Increment,529011.0.R,6227,3
Clothiers Ck Rd,558082,Battery,558082.1.B.3466,1497,1
Clothiers Ck Rd,558082,Rainfall,558082.1.R.3465,1497,2
Clothiers Ck Rd,558082,Rainfall Increment,558082.1.R.3465,1497,3
Clovelly AL,542026,Rainfall,542026.0.R.4924,3358,1
Clovelly AL,542026,Battery,542026.0.B.4925,3358,2
Clovelly AL,542026,Rainfall Increment,542026.0.R.4924,3358,3
CLOVER HILL,568177,Rainfall Increment,568177.1.R,5915,2
Club Terrace,584033,Battery,584033.1.B.4990,4835,1
Club Terrace,584033,Rainfall,584033.1.R.4989,4835,2
Club Terrace,584033,Rainfall Increment,584033.1.R.4989,4835,3
Cluden AL,532076,Rainfall,532076.0.R.2772,2317,1
Cluden AL,532076,Battery,532076.0.B.2773,2317,2
Cluden AL,532076,Rainfall Increment,532076.0.R.2772,2317,3
Clump Point Tide AL,532114,Water Level,532114.0.H.5243,2341,1
Clump Point Tide AL,532114,Rainfall,532114.0.R.5247,2341,2
Clump Point Tide AL,532114,Battery,532114.0.B.5244,2341,3
Clump Point Tide AL,532114,Rainfall Increment,532114.0.R.5247,2341,4
CLUMP POINT TIDE TM,532002,Water Level,532002.0.H,5171,1
CLUNY LAGOON DAM (DERWENT RV),595017,Water Level - AHD,595017.1.H,8509,1
Clybucca Creek U/S Floodgates,559032,Water Level,559032.1.H.7756,1544,1
Clybucca Creek U/S Floodgates,559032,Conductivity,559032.1.C.7758,1544,2
Clybucca Creek U/S Floodgates,559032,Dissolved Oxygen,559032.1.DO.7760,1544,3
Clybucca Creek U/S Floodgates,559032,pH,559032.1.PH.7757,1544,4
Clybucca Creek U/S Floodgates,559032,Battery,559032.1.B.7761,1544,5
Clybucca Creek U/S Floodgates,559032,Water Temperature,559032.1.WT.7759,1544,6
Clyde Rd AL,531074,Water Level,531074.0.H.5114,2247,1
Clyde Rd AL,531074,Rainfall,531074.0.R.5113,2247,2
Clyde Rd AL,531074,Battery,531074.0.B.5115,2247,3
Clyde Rd AL,531074,Rainfall Increment,531074.0.R.5113,2247,4
Clydesdale AL,541043,Water Level,541043.0.H.6118,3243,1
Clydesdale AL,541043,Rainfall,541043.0.R.6117,3243,2
Clydesdale AL,541043,Battery,541043.0.B.6119,3243,3
Clydesdale AL,541043,Rainfall Increment,541043.0.R.6117,3243,4
COAL RIVER JUNCTION (WHITE KANAGAROO RIVULET),594018,Water Level,594018.1.H,8763,1
Coaldale (Bellona),58028,Battery,58028.2.B,1176,1
Coaldale (Bellona),58028,Rainfall,58028.2.R,1176,2
Coaldale (Bellona),58028,Rainfall Increment,58028.2.R,1176,3
COALITION CREEK,586269,Water Level,586269.1.H,9565,1
COBAKI,558045,Water Level,558045.1.H,5565,1
Cobark,60152,Battery,60152.1.B.3662,1243,1
Cobark,60152,Rainfall,60152.1.R.3661,1243,2
Cobark,60152,Rainfall Increment,60152.1.R.3661,1243,3
Cobra Airstrip,7209,Rainfall,7209.1.R,4361,1
Cobra Airstrip,7209,Battery,7209.1.B,4361,2
Cobra Airstrip,7209,Rainfall Increment,7209.1.R,4361,3
COCKATOO CK TM,535065,Rainfall Increment,535065.0.R,6661,2
COCKATOO CREEK AT TSCHAMPIONS ROAD NANGANA,586313,Water Level,586313.1.H,12154,1
Cockatoo Rd AL,535137,Rainfall,535137.0.R.4425,2502,1
Cockatoo Rd AL,535137,Battery,535137.0.B.4426,2502,2
Cockatoo Rd AL,535137,Rainfall Increment,535137.0.R.4425,2502,3
COCKBURN NORTH,501000,Water Level,501000.1.H,10355,1
COCKLE RAILWAY STATION,561073,Water Level,561073.1.H,5755,1
COEN RACECOURSE TM,527008,Water Level,527008.0.H,6185,2
COEN RACECOURSE TM,527008,Rainfall Increment,527008.0.R,6185,3
COFFS HARBOUR (COFFS CREEK),559012,Water Level,559012.1.H,5629,1
COFFS HARBOUR (COFFS CREEK),559012,Water Level,559012.2.H,11974,1
Coffs Harbour (Shepards Lane Detention Basin),559077,Water Level,559077.0.H,1573,1
Coffs Harbour (Shepards Lane Detention Basin),559077,Rainfall,559077.0.R,1573,2
Coffs Harbour (Shepards Lane Detention Basin),559077,Rainfall Increment,559077.0.R,1573,3
COFFS INNER HARBOUR,559014,Water Level,559014.1.H,5631,1
Coles Crossing AL,540827,Water Level,540827.0.H.6947,3237,1
Coles Crossing AL,540827,Rainfall,540827.0.R.6946,3237,2
Coles Crossing AL,540827,Battery,540827.0.B.6948,3237,3
Coles Crossing AL,540827,Rainfall Increment,540827.0.R.6946,3237,4
Coliban River at Springhill Road,588035,Water Level,588035.1.H.1038,4798,1
Coliban River at Springhill Road,588035,Battery,588035.1.B.1037,4798,2
Coliban River at Springhill Road,588035,Rainfall,588035.1.R.1036,4798,3
Coliban River at Springhill Road,588035,Rainfall Increment,588035.1.R.1036,4798,4
Coliban River downstream of Lauriston Reservoir,588036,Water Level,588036.1.H.1040,4799,1
Coliban River downstream of Lauriston Reservoir,588036,Battery,588036.1.B.1039,4799,2
COLIBAN RIVER DS LAURISTON RES,588036,Water Level,588036.2.H,11309,1
COLIBAN RIVER SPRINGHILL ROAD,588035,Water Level,588035.2.H,9665,2
COLIBAN RIVER SPRINGHILL ROAD,588035,Rainfall,588035.2.R,9665,3
COLIBAN RIVER SPRINGHILL ROAD,588035,Rainfall Increment,588035.2.R,9665,4
COLLARENEBRI (BARWON RIVER),48226,Water Level,48226.1.H,7441,1
COLLARENEBRI (MEHI RIVER),552001,Water Level,552001.1.H,7577,1
Colleges Xing AL,540063,Water Level,540063.0.H.2060,2705,1
Colleges Xing AL,540063,Rainfall,540063.0.R.2059,2705,2
Colleges Xing AL,540063,Battery,540063.0.B.2061,2705,3
Colleges Xing AL,540063,Rainfall Increment,540063.0.R.2059,2705,4
COLLERINA (KENEBREE),48052,Water Level,48052.1.H,7429,1
Collingwood Park AL,540672,Water Level,540672.0.H.4807,3124,1
Collingwood Park AL,540672,Rainfall,540672.0.R.4806,3124,2
Collingwood Park AL,540672,Battery,540672.0.B.4808,3124,3
Collingwood Park AL,540672,Rainfall Increment,540672.0.R.4806,3124,4
Collombatti (Collombatti Ck),559037,Water Level,559037.1.H.7774,1549,1
Collombatti (Collombatti Ck),559037,Battery,559037.1.B.7776,1549,2
Collombatti (Collombatti Ck),559037,Rainfall,559037.1.R.7775,1549,3
Collombatti (Collombatti Ck),559037,Rainfall Increment,559037.1.R.7775,1549,4
Colo Heights (Sawmill),561035,Battery,561035.1.B.3281,1620,1
Colo Heights (Sawmill),561035,Rainfall,561035.1.R.3280,1620,2
Colo Heights (Sawmill),561035,Rainfall Increment,561035.1.R.3280,1620,3
Colosseum (Logan Rd) AL,539274,Rainfall,539274.0.R.5680,11383,1
Colosseum (Logan Rd) AL,539274,Battery,539274.0.B.5681,11383,2
Colosseum (Logan Rd) AL,539274,Rainfall Increment,539274.0.R.5680,11383,3
Colosseum (Mossman Rd) AL,539268,Rainfall,539268.0.R.5684,11387,1
Colosseum (Mossman Rd) AL,539268,Battery,539268.0.B.5685,11387,2
Colosseum (Mossman Rd) AL,539268,Rainfall Increment,539268.0.R.5684,11387,3
Colyer Creek,515508,Battery,515508.1.B.4831,312,1
Colyer Creek,515508,Rainfall,515508.1.R.4830,312,2
Colyer Creek,515508,Rainfall Increment,515508.1.R.4830,312,3
COMBADELLO WEIR D/S (MEHI RIVER),553016,Water Level,553016.1.H,7641,1
Comboyne (Public School),60161,Battery,60161.1.B.3807,1247,1
Comboyne (Public School),60161,Rainfall,60161.1.R.3808,1247,2
Comboyne (Public School),60161,Rainfall Increment,60161.1.R.3808,1247,3
COMBOYNE (THONE RIVER),560024,Rainfall,560024.1.R,5397,1
COMBOYNE (THONE RIVER),560024,Rainfall Increment,560024.1.R,5397,2
Comet Weir AL,535094,Water Level,535094.0.H.5875,2465,1
Comet Weir AL,535094,Rainfall,535094.0.R.5874,2465,2
Comet Weir AL,535094,Battery,535094.0.B.5876,2465,3
Comet Weir AL,535094,Rainfall Increment,535094.0.R.5874,2465,4
COMET WEIR TM,535025,Water Level,535025.0.H,6623,2
COMET WEIR TM,535025,Rainfall Increment,535025.0.R,6623,3
CONARGO-PUCKAWIDGEE (BILLABONG CREEK),574007,Water Level,574007.1.H,8283,1
CONCONGELLA CK AT STAWELL,579008,Water Level,579008.2.H,9251,1
Concongella Ck at Stawell,579008,Rainfall,579008.1.R.5909,4704,1
Concongella Ck at Stawell,579008,Water Level,579008.1.H.5910,4704,2
Concongella Ck at Stawell,579008,Battery,579008.1.B.5911,4704,3
Concongella Ck at Stawell,579008,Rainfall Increment,579008.1.R.5909,4704,4
Condamine AL,542019,Water Level,542019.0.H.6140,3351,1
Condamine AL,542019,Rainfall,542019.0.R.6139,3351,2
Condamine AL,542019,Battery,542019.0.B.6141,3351,3
Condamine AL,542019,Rainfall Increment,542019.0.R.6139,3351,4
CONDOBOLIN (GOOBANG CREEK),550003,Water Level,550003.1.H,7541,1
CONDOBOLIN BRIDGE (LACHLAN RIVER),550000,Water Level,550000.1.H,7537,1
CONGIE TM,545011,Rainfall,545011.0.R,9197,1
CONGIE TM,545011,Rainfall Increment,545011.0.R,9197,2
CONINSIDE (WOLLOMOMBI RIVER),557006,Water Level,557006.1.H,7831,1
Connolly Dam AL,41532,Water Level,41532.0.H.6859,2185,1
Connolly Dam AL,41532,Rainfall,41532.0.R.6858,2185,2
Connolly Dam AL,41532,Battery,41532.0.B.6860,2185,3
Connolly Dam AL,41532,Rainfall Increment,41532.0.R.6858,2185,4
Conondale AL,540620,Water Level,540620.0.H.5440,3079,1
Conondale AL,540620,Rainfall,540620.0.R.5439,3079,2
Conondale AL,540620,Battery,540620.0.B.5441,3079,3
Conondale AL,540620,Rainfall Increment,540620.0.R.5439,3079,4
Cons Plains AL,541135,Rainfall,541135.0.R.6895,3301,1
Cons Plains AL,541135,Battery,541135.0.B.6896,3301,2
Cons Plains AL,541135,Rainfall Increment,541135.0.R.6895,3301,3
Constitution Hill AL,540273,Battery,540273.1.B.2001,2847,1
Constitution Hill AL,540273,Battery,540273.2.B.2003,2847,2
Constitution Hill AL,540273,Repeater,540273.3.RP.2000,2847,3
Constitution Hill AL,540273,Repeater,540273.4.RP.2002,2847,4
Consuelo AL,535180,Water Level,535180.0.H.1205,2537,1
Consuelo AL,535180,Rainfall,535180.0.R.1204,2537,2
Consuelo AL,535180,Battery,535180.0.B.1206,2537,3
Consuelo AL,535180,Rainfall Increment,535180.0.R.1204,2537,4
CONVICTS CROSSING TM,534034,Rainfall,534034.0.R,10089,1
CONVICTS CROSSING TM,534034,Water Level,534034.0.H,10089,2
CONVICTS CROSSING TM,534034,Rainfall Increment,534034.0.R,10089,3
Conways,14653,Battery,14653.1.B,318,1
Conways,14653,Rainfall,14653.1.R,318,2
Conways,14653,Rainfall Increment,14653.1.R,318,3
Cooby Creek Dam AL,541031,Water Level,541031.0.H,3240,1
Cooby Creek Dam AL,541031,Rainfall,541031.0.R.6784,3240,2
Cooby Creek Dam AL,541031,Battery,541031.0.B.6785,3240,3
Cooby Creek Dam AL,541031,Rainfall Increment,541031.0.R.6784,3240,4
Cooinda,21076,Battery,21076.1.B.5295,1865,1
Cooinda,21076,Rainfall,21076.1.R.5296,1865,2
Cooinda,21076,Rainfall Increment,21076.1.R.5296,1865,3
Cooinda AL,535145,Water Level,535145.0.H.4656,2510,1
Cooinda AL,535145,Rainfall,535145.0.R.4655,2510,2
Cooinda AL,535145,Battery,535145.0.B.4657,2510,3
Cooinda AL,535145,Rainfall Increment,535145.0.R.4655,2510,4
COOK (SPRINGVALE DRIVE),570802,Rainfall Increment,570802.1.R,5463,2
Cooks Ck (Kalang),59147,Battery,59147.1.B.7595,1222,1
Cooks Ck (Kalang),59147,Rainfall,59147.1.R.7594,1222,2
Cooks Ck (Kalang),59147,Rainfall Increment,59147.1.R.7594,1222,3
Cooks Tank AL,544039,Rainfall,544039.0.R.1004,3372,1
Cooks Tank AL,544039,Battery,544039.0.B.1005,3372,2
Cooks Tank AL,544039,Rainfall Increment,544039.0.R.1004,3372,3
COOKTOWN CROSSING TM,531087,Water Level,531087.0.H,6361,2
COOKTOWN CROSSING TM,531087,Rainfall Increment,531087.0.R,6361,3
COOKTOWN TIDE TM,531013,Water Level,531013.0.H,5161,1
Coolabine Ck AL,540367,Rainfall,540367.0.R.6497,2923,1
Coolabine Ck AL,540367,Battery,540367.0.B.6498,2923,2
Coolabine Ck AL,540367,Rainfall Increment,540367.0.R.6497,2923,3
COOLAC (MUTTAMA CREEK),573004,Water Level,573004.1.H,8259,1
Cooladdi AL,544059,Water Level,544059.0.H.1058,3392,1
Cooladdi AL,544059,Rainfall,544059.0.R.1057,3392,2
Cooladdi AL,544059,Battery,544059.0.B.1059,3392,3
Cooladdi AL,544059,Rainfall Increment,544059.0.R.1057,3392,4
COOLAGH TM,536018,Rainfall,536018.0.R,10145,1
COOLAGH TM,536018,Water Level,536018.0.H,10145,2
COOLAGH TM,536018,Rainfall Increment,536018.0.R,10145,3
Coolah (Binnia St),64025,Battery,64025.1.B,1331,1
Coolah (Binnia St),64025,Rainfall,64025.1.R,1331,2
Coolah (Binnia St),64025,Rainfall Increment,64025.1.R,1331,3
Coolami,25564,Battery,25564.2.B,1962,1
Coolami,25564,Rainfall,25564.2.R,1962,2
Coolami,25564,Rainfall Increment,25564.2.R,1962,3
Coolangatta AL,8307,Rainfall,8307.1.R.5935,4376,1
Coolangatta AL,8307,Battery,8307.1.B.5934,4376,2
Coolangatta AL,8307,Rainfall Increment,8307.1.R.5935,4376,3
COOLANGATTA FARM,509529,Water Level,509529.1.H,10761,1
COOLATAI (OTTLEYS CREEK),554015,Water Level,554015.1.H,7691,2
COOLATAI (OTTLEYS CREEK),554015,Rainfall Increment,554015.1.R,7691,3
COOLENAR POOL,504000,Water Level,504000.1.H,10423,1
COOLIBAH,514821,Water Level,514821.1.H,7335,2
COOLIBAH,514821,Rainfall Increment,514821.1.R,7335,3
Coolmaringa AL,535173,Water Level,535173.0.H.1170,2531,1
Coolmaringa AL,535173,Rainfall,535173.0.R.1169,2531,2
Coolmaringa AL,535173,Battery,535173.0.B.1171,2531,3
Coolmaringa AL,535173,Rainfall Increment,535173.0.R.1169,2531,4
COOLMARINGA TM-B,535163,Water Level,535163.0.H,6677,2
COOLMARINGA TM-B,535163,Rainfall Increment,535163.0.R,6677,3
COOLMUNDA DAM HW TM,541033,Water Level,541033.0.H,7261,2
COOLMUNDA DAM HW TM,541033,Rainfall Increment,541033.0.R,7261,3
Coolmunda Dam TW AL,541109,Water Level,541109.0.H.4517,3275,1
Coolmunda Dam TW AL,541109,Battery,541109.0.B.4518,3275,2
COOLMUNDA DAM TW TM,41137,Water Level,41137.0.H,7131,1
Cooloolabin Dam AL,540460,Water Level,540460.0.H.5581,2980,1
Cooloolabin Dam AL,540460,Rainfall,540460.0.R.5580,2980,2
Cooloolabin Dam AL,540460,Battery,540460.0.B.5582,2980,3
Cooloolabin Dam AL,540460,Rainfall Increment,540460.0.R.5580,2980,4
COOLOOLABIN DAM HW TM,540608,Water Level,540608.0.H,10295,2
COOLOOLABIN DAM HW TM,540608,Rainfall Increment,540608.0.R,10295,3
Coolum AL,540221,Rainfall,540221.0.R.6454,2813,1
Coolum AL,540221,Battery,540221.0.B.6455,2813,2
Coolum AL,540221,Rainfall Increment,540221.0.R.6454,2813,3
Coolum West AL,540499,Water Level,540499.0.H.5590,3017,1
Coolum West AL,540499,Rainfall,540499.0.R.5589,3017,2
Coolum West AL,540499,Battery,540499.0.B.5591,3017,3
Coolum West AL,540499,Rainfall Increment,540499.0.R.5589,3017,4
Cooma (Benefield),570036,Battery,570036.1.B.7815,1830,1
Cooma (Benefield),570036,Rainfall,570036.1.R.7814,1830,2
Cooma (Benefield),570036,Rainfall Increment,570036.1.R.7814,1830,3
Cooma (Bondo),570025,Battery,570025.1.B.7807,1821,1
Cooma (Bondo),570025,Rainfall,570025.1.R.7806,1821,2
Cooma (Bondo),570025,Rainfall Increment,570025.1.R.7806,1821,3
Cooma (Cherry Tree),570021,Battery,570021.1.B.7811,1818,1
Cooma (Cherry Tree),570021,Rainfall,570021.1.R.7810,1818,2
Cooma (Cherry Tree),570021,Rainfall Increment,570021.1.R.7810,1818,3
Cooma (Myalla Lake),570032,Battery,570032.1.B.7809,1828,1
Cooma (Myalla Lake),570032,Rainfall,570032.1.R.7808,1828,2
Cooma (Myalla Lake),570032,Rainfall Increment,570032.1.R.7808,1828,3
Cooma (Willarney),570028,Battery,570028.1.B.7813,1824,1
Cooma (Willarney),570028,Rainfall,570028.1.R.7812,1824,2
Cooma (Willarney),570028,Rainfall Increment,570028.1.R.7812,1824,3
Cooma (Willow Grove),570030,Battery,570030.1.B.7805,1826,1
Cooma (Willow Grove),570030,Rainfall,570030.1.R.7804,1826,2
Cooma (Willow Grove),570030,Rainfall Increment,570030.1.R.7804,1826,3
Cooma SMEC (Cooma Back Ck),570031,Water Level,570031.1.H.7817,1827,1
Cooma SMEC (Cooma Back Ck),570031,Battery,570031.1.B.7818,1827,2
Cooma SMEC (Cooma Back Ck),570031,Rainfall,570031.1.R.7816,1827,3
Cooma SMEC (Cooma Back Ck),570031,Rainfall Increment,570031.1.R.7816,1827,4
Coombabah AL,540673,Water Level,540673.0.H.2419,3125,1
Coombabah AL,540673,Rainfall,540673.0.R.2418,3125,2
Coombabah AL,540673,Battery,540673.0.B.2420,3125,3
Coombabah AL,540673,Rainfall Increment,540673.0.R.2418,3125,4
Coomera Shores AL,540293,Water Level - AHD,540293.0.H.2307,2860,1
Coomera Shores AL,540293,Rainfall,540293.0.R.2306,2860,2
Coomera Shores AL,540293,Battery,540293.0.B.2308,2860,3
Coomera Shores AL,540293,Rainfall Increment,540293.0.R.2306,2860,4
Coonabarabran (Barina TM),64027,Battery,64027.1.B,1332,1
Coonabarabran (Barina TM),64027,Rainfall,64027.1.R,1332,2
Coonabarabran (Barina TM),64027,Rainfall Increment,64027.1.R,1332,3
COONABARABRAN (CASTLEREAGH RIVER),564005,Water Level,564005.1.H,8061,1
Coonambula AL,539257,Water Level,539257.0.H.789,2688,1
Coonambula AL,539257,Rainfall,539257.0.R.788,2688,2
Coonambula AL,539257,Battery,539257.0.B.790,2688,3
Coonambula AL,539257,Rainfall Increment,539257.0.R.788,2688,4
COONANARRINA POOL,504001,Rainfall Increment,504001.1.R,10425,2
Coondee,10556,Rainfall,10556.1.R.6305,4438,1
Coondee,10556,Battery,10556.1.B.6304,4438,2
Coondee,10556,Rainfall Increment,10556.1.R.6305,4438,3
COOPER CK CULLYAMURRA WATERHOLE (DEW),517001,Water Level,517001.1.H,8869,1
COOPER CK NW CHANNEL US COONGIE LKS (DEW),517012,Water Level,517012.1.H,8881,1
COOPER CREEK @ GIDGEALPA,517018,Water Level - AHD,517018.1.H,10907,1
Coopers Plains AL,40791,Water Level,40791.0.H.2129,2100,1
Coopers Plains AL,40791,Rainfall,40791.0.R.2130,2100,2
Coopers Plains AL,40791,Battery,40791.0.B.2128,2100,3
Coopers Plains AL,40791,Rainfall Increment,40791.0.R.2130,2100,4
Coopers Shoot Repeater,558109,Battery,558109.1.B.7549,1518,1
Coopers Shoot Repeater,558109,Rainfall,558109.1.R.7548,1518,2
Coopers Shoot Repeater,558109,Rainfall Increment,558109.1.R.7548,1518,3
Cooplacurripa,60069,Battery,60069.1.B.3809,1231,1
Cooplacurripa,60069,Rainfall,60069.1.R.3810,1231,2
Cooplacurripa,60069,Rainfall Increment,60069.1.R.3810,1231,3
Cooplacurripa (Hawkins Rd),60162,Battery,60162.1.B.3817,1248,1
Cooplacurripa (Hawkins Rd),60162,Rainfall,60162.1.R.3818,1248,2
Cooplacurripa (Hawkins Rd),60162,Rainfall Increment,60162.1.R.3818,1248,3
Coops Corner AL,540532,Water Level,540532.0.H.6944,3041,1
Coops Corner AL,540532,Rainfall,540532.0.R.6943,3041,2
Coops Corner AL,540532,Battery,540532.0.B.6945,3041,3
Coops Corner AL,540532,Rainfall Increment,540532.0.R.6943,3041,4
COOPS CORNER TM,540209,Water Level,540209.0.H,6847,2
COOPS CORNER TM,540209,Rainfall Increment,540209.0.R,6847,3
Coorada AL,535132,Rainfall,535132.0.R.4408,2497,1
Coorada AL,535132,Battery,535132.0.B.4409,2497,2
Coorada AL,535132,Rainfall Increment,535132.0.R.4408,2497,3
Cooran AL,540326,Water Level,540326.0.H.6932,2888,1
Cooran AL,540326,Rainfall,540326.0.R.6931,2888,2
Cooran AL,540326,Battery,540326.0.B.6933,2888,3
Cooran AL,540326,Rainfall Increment,540326.0.R.6931,2888,4
COORAN TM,40782,Water Level,40782.0.H,6091,2
COORAN TM,40782,Rainfall Increment,40782.0.R,6091,3
Cooranbong (Avondale),61012,Battery,61012.1.B.7881,1254,1
Cooranbong (Avondale),61012,Rainfall,61012.1.R.7879,1254,2
Cooranbong (Avondale),61012,Rainfall Increment,61012.1.R.7879,1254,3
COORANBONG (DORA CREEK),561074,Water Level,561074.1.H,5757,1
Cooranga (Boyne R) AL,539184,Water Level,539184.0.H.821,2623,1
Cooranga (Boyne R) AL,539184,Rainfall,539184.0.R.820,2623,2
Cooranga (Boyne R) AL,539184,Battery,539184.0.B.822,2623,3
Cooranga (Boyne R) AL,539184,Rainfall Increment,539184.0.R.820,2623,4
COORANGA (BOYNE R) TM,539069,Water Level,539069.0.H,6749,2
COORANGA (BOYNE R) TM,539069,Rainfall Increment,539069.0.R,6749,3
Cooranga AL,541119,Rainfall,541119.0.R.4957,3285,1
Cooranga AL,541119,Battery,541119.0.B.4958,3285,2
Cooranga AL,541119,Rainfall Increment,541119.0.R.4957,3285,3
Cooringa AL,541044,Rainfall,541044.0.R.4971,3244,1
Cooringa AL,541044,Battery,541044.0.B.4972,3244,2
Cooringa AL,541044,Rainfall Increment,541044.0.R.4971,3244,3
Cooroy (Elm St) AL,540778,Water Level,540778.0.H.6963,3199,1
Cooroy (Elm St) AL,540778,Rainfall,540778.0.R.6962,3199,2
Cooroy (Elm St) AL,540778,Battery,540778.0.B.6964,3199,3
Cooroy (Elm St) AL,540778,Rainfall Increment,540778.0.R.6962,3199,4
Cooroy (Garnet St) AL,540779,Water Level,540779.0.H.6960,3200,1
Cooroy (Garnet St) AL,540779,Rainfall,540779.0.R.6959,3200,2
Cooroy (Garnet St) AL,540779,Battery,540779.0.B.6961,3200,3
Cooroy (Garnet St) AL,540779,Rainfall Increment,540779.0.R.6959,3200,4
Cooroy AL,540325,Rainfall,540325.0.R.6924,2887,1
Cooroy AL,540325,Battery,540325.0.B.6925,2887,2
Cooroy AL,540325,Rainfall Increment,540325.0.R.6924,2887,3
Cootabinya AL,535122,Rainfall,535122.0.R.4612,2487,1
Cootabinya AL,535122,Battery,535122.0.B.4613,2487,2
Cootabinya AL,535122,Rainfall Increment,535122.0.R.4612,2487,3
Cooyar Ck (Cooyar-Kooralgin Rd) TM,540769,Water Level,540769.0.H,3192,1
Cooyar Ck (Cooyar-Kooralgin Rd) TM,540769,Rainfall,540769.0.R,3192,2
Cooyar Ck (Cooyar-Kooralgin Rd) TM,540769,Rainfall Increment,540769.0.R,3192,3
Cooyar Ck AL,540146,Water Level,540146.0.H.6543,2760,1
Cooyar Ck AL,540146,Rainfall,540146.0.R.6542,2760,2
Cooyar Ck AL,540146,Rainfall Increment,540146.0.R.6542,2760,3
COOYAR CREEK TM,540044,Water Level,540044.0.H,6811,2
COOYAR CREEK TM,540044,Rainfall Increment,540044.0.R,6811,3
Copeland Tops (Copeland),60154,Battery,60154.1.B.3652,1245,1
COPETON DAM D/S (GWYDIR RIVER),556000,Water Level,556000.1.H,7749,1
COPETON DAM WL (GWYDIR RIVER),556001,Water Level,556001.1.H,7751,1
Coplicks Br AL,540320,Water Level - AHD,540320.0.H.2343,2883,1
Coplicks Br AL,540320,Rainfall,540320.0.R.2342,2883,2
Coplicks Br AL,540320,Battery,540320.0.B.2344,2883,3
Coplicks Br AL,540320,Rainfall Increment,540320.0.R.2342,2883,4
Copperlode AL,31205,Water Level,31205.0.H.6845,2015,1
Copperlode AL,31205,Rainfall,31205.0.R.6812,2015,2
Copperlode AL,31205,Battery,31205.0.B.6813,2015,3
Copperlode AL,31205,Rainfall Increment,31205.0.R.6812,2015,4
Copping (Yaxley Estate),92153,Battery,92153.1.B.745,4289,1
Copping (Yaxley Estate),92153,Rainfall,92153.1.R.744,4289,2
Copping (Yaxley Estate),92153,Rainfall Increment,92153.1.R.744,4289,3
COPPINS CROSSING (MOLONGLO RIVER),570007,Water Level,570007.1.H,5409,1
Coppins Crossing Below (Molonglo River),570925,Water Level,570925.1.H.3358,1852,1
Coppins Crossing Below (Molonglo River),570925,Battery,570925.1.B.3418,1852,2
CORAKI (RICHMOND RIVER),58175,Water Level,58175.1.H,5973,1
CORBALLUP ROAD,509210,Rainfall Increment,509210.1.R,10589,2
Cordalba AL,539250,Rainfall,539250.0.R.4761,2686,1
Cordalba AL,539250,Battery,539250.0.B.4762,2686,2
Cordalba AL,539250,Rainfall Increment,539250.0.R.4761,2686,3
CORDEAUX DAM (CORDEAUX RIVER),68211,Water Level,68211.1.H,5357,1
CORELLA DAM HW TM,529054,Rainfall Increment,529054.0.R,10223,2
CORELLA DAM HW TM,529054,Water Level,529054.0.H,10223,3
CORELLA DAM TW TM,529056,Water Level,529056.0.H,6265,1
CORELLA DAM TW TM,529056,Rainfall Increment,529056.0.R,6265,3
CORFIELD TM,537010,Rainfall,537010.0.R,10157,1
CORFIELD TM,537010,Rainfall Increment,537010.0.R,10157,2
CORHANWARRABUL CREEK AT STUD ROAD SCORESBY,586218,Water Level,586218.1.H,12262,1
CORICA RD TM,533195,Rainfall Increment,533195.0.R,6577,2
CORIN DAM (BOAT RAMP),570044,Rainfall Increment,570044.1.R,5429,2
CORIN DAM (COTTER RIVER),570742,Water Level - AHD,570742.1.H,5443,1
Corinda High AL,540071,Water Level,540071.0.H.2023,2709,1
Corinda High AL,540071,Rainfall,540071.0.R.2020,2709,2
Corinda High AL,540071,Battery,540071.0.B.2019,2709,3
Corinda High AL,540071,Rainfall Increment,540071.0.R.2020,2709,4
Corindi Creek (Boyles Bridge),559070,Water Level,559070.0.H,1568,1
Corindi Creek (Boyles Bridge),559070,Rainfall,559070.0.R,1568,2
Corindi Creek (Boyles Bridge),559070,Rainfall Increment,559070.0.R,1568,3
Corindi Creek (Pacific Highway),559069,Water Level,559069.0.H,1567,1
Corindi Creek (Pacific Highway),559069,Rainfall,559069.0.R,1567,2
Corindi Creek (Pacific Highway),559069,Rainfall Increment,559069.0.R,1567,3
Coringa AL,539146,Water Level,539146.0.H.4705,2587,1
Coringa AL,539146,Rainfall,539146.0.R.4704,2587,2
Coringa AL,539146,Battery,539146.0.B.4706,2587,3
Coringa AL,539146,Rainfall Increment,539146.0.R.4704,2587,4
CORINGA TM,539045,Water Level,539045.0.H,6719,2
CORINGA TM,539045,Rainfall Increment,539045.0.R,6719,3
Cormacks AL,533045,Rainfall,533045.0.R.2820,2358,1
Cormacks AL,533045,Battery,533045.0.B.2821,2358,2
Cormacks AL,533045,Rainfall Increment,533045.0.R.2820,2358,3
CORNDALE (COOPERS CREEK),58206,Water Level,58206.3.H,8371,1
Coronation Dve AL (D/S Flood Gate),540702,Water Level,540702.0.H.1858,3152,1
Coronation Dve AL (D/S Flood Gate),540702,Battery,540702.0.B.1500,3152,2
Coronation Dve AL (U/S Flood Gate),540703,Water Level,540703.0.H.1859,3153,1
Coronation Dve AL (U/S Flood Gate),540703,Battery,540703.0.B.1501,3153,2
COROWA (MURRAY R),582003,Water Level,582003.1.H,8367,1
Corra Linn,91263,Rainfall,91263.1.R.617,4268,1
Corra Linn,91263,Water Level,91263.1.H.618,4268,2
Corra Linn,91263,Battery,91263.1.B.619,4268,3
Corra Linn,91263,Rainfall Increment,91263.1.R.617,4268,4
Corra Linn,91263,Battery,91263.1.B.919,4268,5
Corra Linn,91263,Rainfall,91263.1.R.917,4268,6
Corra Linn,91263,Water Level,91263.1.H.918,4268,7
Corrigin,10536,Rainfall,10536.1.R,4437,1
Corrigin,10536,Battery,10536.1.B,4437,2
Corrigin,10536,Rainfall Increment,10536.1.R,4437,3
CORRONG (LACHLAN RIVER),549002,Water Level,549002.1.H,7529,1
CORRYONG CK @ TOWONG,582026,Water Level,582026.2.H,9415,1
Corryong Ck @ Towong,582026,Battery,582026.1.B.918,4865,1
Corryong Ck @ Towong,582026,Rainfall,582026.1.R.919,4865,2
Corryong Ck @ Towong,582026,Water Level,582026.1.H.920,4865,3
Corryong Ck @ Towong,582026,Rainfall Increment,582026.1.R.919,4865,4
Corsis AL,32161,Water Level,32161.0.H.2553,2018,1
Corsis AL,32161,Rainfall,32161.0.R.2550,2018,2
Corsis AL,32161,Battery,32161.0.B.2549,2018,3
Corsis AL,32161,Rainfall Increment,32161.0.R.2550,2018,4
COTSWOLD TM,42098,Water Level,42098.0.H,6157,1
COTTER DAM (COTTER RIVER),570010,Water Level - AHD,570010.1.H,5413,1
COTTER KIOSK (COTTER RIVER),570008,Water Level,570008.1.H,5411,1
COTTONBUSH CREEK TM,538014,Rainfall,538014.0.R,10213,1
COTTONBUSH CREEK TM,538014,Water Level,538014.0.H,10213,2
COTTONBUSH CREEK TM,538014,Rainfall Increment,538014.0.R,10213,3
COTTONS WEIR (LACHLAN RIVER),565003,Water Level,565003.1.H,8071,1
Couchy Creek,558079,Battery,558079.1.B.3455,1494,1
Couchy Creek,558079,Rainfall,558079.1.R.3454,1494,2
Couchy Creek,558079,Rainfall Increment,558079.1.R.3454,1494,3
Coulson Crossing AL,540510,Water Level,540510.0.H.5369,3025,1
Coulson Crossing AL,540510,Rainfall,540510.0.R.5368,3025,2
Coulson Crossing AL,540510,Battery,540510.0.B.5370,3025,3
Coulson Crossing AL,540510,Rainfall Increment,540510.0.R.5368,3025,4
COULSON TM,540509,Water Level,540509.0.H,6915,2
COULSON TM,540509,Rainfall Increment,540509.0.R,6915,3
Couran Point AL,540576,Water Level,540576.0.H.2413,3067,1
Couran Point AL,540576,Rainfall,540576.0.R.2412,3067,2
Couran Point AL,540576,Battery,540576.0.B.2414,3067,3
Couran Point AL,540576,Rainfall Increment,540576.0.R.2412,3067,4
COWLEY TM,535057,Rainfall Increment,535057.0.R,6649,2
COWRA (LACHLAN RIVER),63278,Water Level,63278.1.H,8409,1
COX CREEK (DEW),523783,Water Level,523783.1.H,9009,1
COXS R AT WALLERAWANG POWER STATION,563076,Water Level,563076.1.H,5239,1
Crabbes Creek,558105,Battery,558105.1.B.3489,11513,1
Crabbes Creek,558105,Water Level,558105.1.H.3490,11513,2
Crabbes Creek (Wooyung Rd),558095,Water Level,558095.1.H.7575,1510,1
Crabbes Creek (Wooyung Rd),558095,Battery,558095.1.B.7576,1510,2
Crabbes Creek (Wooyung Rd),558095,Rainfall,558095.1.R.7573,1510,3
Crabbes Creek (Wooyung Rd),558095,Rainfall Increment,558095.1.R.7573,1510,4
Cracow AL,539161,Rainfall,539161.0.R.4441,2602,1
Cracow AL,539161,Battery,539161.0.B.4442,2602,2
Cracow AL,539161,Rainfall Increment,539161.0.R.4441,2602,3
CRADLE VALLEY (WALDHEIM),592004,Rainfall Increment,592004.1.R,8493,2
Crafers West,23873,Rainfall,23873.1.R.5200,1929,1
Crafers West,23873,Battery,23873.1.B.5199,1929,2
Crafers West,23873,Rainfall Increment,23873.1.R.5200,1929,3
Craiglands AL,539237,Water Level,539237.0.H.922,2673,1
Craiglands AL,539237,Rainfall,539237.0.R.921,2673,2
Craiglands AL,539237,Battery,539237.0.B.923,2673,3
Craiglands AL,539237,Rainfall Increment,539237.0.R.921,2673,4
CRAIGLANDS TM,539107,Water Level,539107.0.H,6777,2
CRAIGLANDS TM,539107,Rainfall Increment,539107.0.R,6777,3
CRAIGLIE TM,531133,Rainfall,531133.0.R,9991,1
CRAIGLIE TM,531133,Rainfall Increment,531133.0.R,9991,2
Craigmore AL,35251,Water Level,35251.0.H.5939,2071,1
Craigmore AL,35251,Rainfall,35251.0.R.5938,2071,2
Craigmore AL,35251,Battery,35251.0.B.5940,2071,3
Craigmore AL,35251,Rainfall Increment,35251.0.R.5938,2071,4
Craigmore AL,35251,Water Level,35251.1.H.1264,2071,5
Craigmore AL,35251,Battery,35251.1.B.1265,2071,6
Craigmore B AL,535156,Water Level,535156.0.H.5942,2519,1
Craigmore B AL,535156,Rainfall,535156.0.R.5941,2519,2
Craigmore B AL,535156,Battery,535156.0.B.5943,2519,3
Craigmore B AL,535156,Rainfall Increment,535156.0.R.5941,2519,4
Craigmore B AL,535156,Water Level,535156.1.H.1266,2519,5
Craigmore B AL,535156,Battery,535156.1.B.1267,2519,6
CRAIGMORE TM,535029,Water Level,535029.0.H,6627,2
CRAIGMORE TM,535029,Rainfall Increment,535029.0.R,6627,3
CRANBOURNE RAIN GAUGE AT BOTANICAL GARDENS,586375,Rainfall,586375.1.R,12205,1
CRANBOURNE RAIN GAUGE AT BOTANICAL GARDENS,586375,Rainfall Increment,586375.1.R,12205,2
CRANLEY TM,541093,Water Level,541093.0.H,7037,1
Craven (Longview),60042,Battery,60042.2.B.3654,1227,1
Craven (Longview),60042,Rainfall,60042.2.R.3653,1227,2
Craven (Longview),60042,Rainfall Increment,60042.2.R.3653,1227,3
Crawford,60099,Battery,60099.1.B.7465,1236,1
Crawford,60099,Rainfall,60099.1.R.7464,1236,2
Crawford,60099,Rainfall Increment,60099.1.R.7464,1236,3
Crawford Lkt AL,32162,Rainfall,32162.0.R.2540,2019,1
Crawford Lkt AL,32162,Battery,32162.0.B.2541,2019,2
Crawford Lkt AL,32162,Rainfall Increment,32162.0.R.2540,2019,3
Crawford River,560058,Water Level,560058.1.H.7490,1605,1
Crawford River,560058,Battery,560058.1.B.7491,1605,2
Crawney Mountain,55337,Battery,55337.1.B.3601,1146,1
Crawney Mountain,55337,Rainfall,55337.1.R.3602,1146,2
Crawney Mountain,55337,Rainfall Increment,55337.1.R.3602,1146,3
CREB TRACK TM,531145,Water Level,531145.0.H,10003,1
Crescent Head (Killick Creek),559033,Water Level,559033.1.H.7780,1545,1
Crescent Head (Killick Creek),559033,Conductivity,559033.1.C.7783,1545,2
Crescent Head (Killick Creek),559033,Dissolved Oxygen,559033.1.DO.7782,1545,3
Crescent Head (Killick Creek),559033,pH,559033.1.PH.7781,1545,4
Crescent Head (Killick Creek),559033,Battery,559033.1.B.7785,1545,5
Crescent Head (Killick Creek),559033,Water Temperature,559033.1.WT.7784,1545,6
Cressbrook Dam AL,540142,Water Level,540142.0.H.6524,2756,1
Cressbrook Dam AL,540142,Rainfall,540142.0.R.6523,2756,2
Cressbrook Dam AL,540142,Rainfall Increment,540142.0.R.6523,2756,3
CRESSBROOK DAM TM,540750,Water Level,540750.0.H,10325,2
CRESSBROOK DAM TM,540750,Rainfall Increment,540750.0.R,10325,3
Cressfield,561101,Water Level,561101.1.H.7859,1627,1
Cressfield,561101,Battery,561101.1.B.7860,1627,2
Cressfield,561101,Rainfall,561101.1.R.7858,1627,3
Cressfield,561101,Rainfall Increment,561101.1.R.7858,1627,4
CRESSY PUMPS (MACQUARIE RIVER),591049,Water Level,591049.1.H,8477,1
CRESSY PUMPS (MACQUARIE RIVER),591049,Flow Rate,591049.1.ML/D,8477,2
CRESWICK CREEK AT CLUNES,588024,Water Level,588024.2.H,9647,1
Cringila (Jarvie Rd),568131,Battery,568131.1.B.7429,1764,1
Cringila (Jarvie Rd),568131,Rainfall,568131.1.R.7425,1764,2
Cringila (Jarvie Rd),568131,Rainfall Increment,568131.1.R.7425,1764,3
Croftby AL,40947,Water Level,40947.0.H.5345,2156,1
Croftby AL,40947,Rainfall,40947.0.R.5344,2156,2
Croftby AL,40947,Battery,40947.0.B.5346,2156,3
Croftby AL,40947,Rainfall Increment,40947.0.R.5344,2156,4
CROFTBY TM,40841,Water Level,40841.0.H,6127,2
CROFTBY TM,40841,Rainfall Increment,40841.0.R,6127,3
Crohamhurst AL,540662,Rainfall,540662.0.R.6672,3114,1
Crohamhurst AL,540662,Rainfall Increment,540662.0.R.6672,3114,2
CROKI WHARF (MANNING RIVER),560008,Water Level,560008.1.H,5675,1
CROMER,566067,Rainfall Increment,566067.1.R,5879,2
Cromer Road,23881,Rainfall,23881.1.R.5590,1934,1
Cromer Road,23881,Battery,23881.1.B.5589,1934,2
Cromer Road,23881,Rainfall Increment,23881.1.R.5590,1934,3
Cronulla South Bowling Club,66014,Battery,66014.1.B.7633,1343,1
Cronulla South Bowling Club,66014,Rainfall,66014.1.R.7632,1343,2
Cronulla South Bowling Club,66014,Rainfall Increment,66014.1.R.7632,1343,3
CROOKHAVEN TIDE GAUGE,568044,Water Level,568044.1.H,5911,1
CROOKS DAM HW TM,531111,Water Level,531111.0.H,10229,2
CROOKS DAM HW TM,531111,Rainfall Increment,531111.0.R,10229,3
CROWDY BOAT HARBOUR (TIDAL),560051,Water Level,560051.1.H,5697,1
Crows Nest AL,540161,Rainfall,540161.0.R.6596,2775,1
Crows Nest AL,540161,Rainfall Increment,540161.0.R.6596,2775,2
Cudal Post Office,65010,Battery,65010.1.B,1334,1
Cudal Post Office,65010,Rainfall,65010.1.R,1334,2
Cudal Post Office,65010,Rainfall Increment,65010.1.R,1334,3
CUDGERA LAKE,558046,Rainfall Increment,558046.1.R,5567,2
CUDGEWA CK @ BERRINGAMA,582009,Rainfall,582009.2.R,9387,1
CUDGEWA CK @ BERRINGAMA,582009,Water Level,582009.2.H,9387,2
CUDGEWA CK @ BERRINGAMA,582009,Rainfall Increment,582009.2.R,9387,3
Cudgewa Creek @ Berringama,582009,Battery,582009.1.B.900,4855,1
Cudgewa Creek @ Berringama,582009,Rainfall,582009.1.R.901,4855,2
Cudgewa Creek @ Berringama,582009,Water Level,582009.1.H.902,4855,3
Cudgewa Creek @ Berringama,582009,Rainfall Increment,582009.1.R.901,4855,4
Cudgewa Creek @ Cudgewa North,582028,Battery,582028.1.B.915,4864,1
Cudgewa Creek @ Cudgewa North,582028,Rainfall,582028.1.R.916,4864,2
Cudgewa Creek @ Cudgewa North,582028,Water Level,582028.1.H.917,4864,3
Cudgewa Creek @ Cudgewa North,582028,Rainfall Increment,582028.1.R.916,4864,4
CUDGEWA CREEK @ CUDGEWA NORTH,582028,Rainfall,582028.2.R,9419,1
CUDGEWA CREEK @ CUDGEWA NORTH,582028,Water Level,582028.2.H,9419,2
CUDGEWA CREEK @ CUDGEWA NORTH,582028,Rainfall Increment,582028.2.R,9419,3
Cudlee Creek,523700,Rainfall,523700.1.R.5620,1985,1
Cudlee Creek,523700,Water Level,523700.1.H.5621,1985,2
Cudlee Creek,523700,Battery,523700.1.B.5619,1985,3
Cudlee Creek,523700,Rainfall Increment,523700.1.R.5620,1985,4
Culford,9769,Rainfall,9769.1.R.6307,4401,1
Culford,9769,Battery,9769.1.B.6306,4401,2
Culford,9769,Rainfall Increment,9769.1.R.6307,4401,3
CULLEN RIVER,514206,Water Level,514206.1.H,7305,2
CULLEN RIVER,514206,Rainfall Increment,514206.1.R,7305,3
Cumnock TM,65051,Battery,65051.1.B,1338,1
Cumnock TM,65051,Rainfall,65051.1.R,1338,2
Cumnock TM,65051,Rainfall Increment,65051.1.R,1338,3
Cungelella AL,535157,Rainfall,535157.0.R.5881,2520,1
Cungelella AL,535157,Battery,535157.0.B.5882,2520,2
Cungelella AL,535157,Rainfall Increment,535157.0.R.5881,2520,3
Cungulla AL,533108,Rainfall,533108.0.R.2778,2390,1
Cungulla AL,533108,Battery,533108.0.B.2779,2390,2
Cungulla AL,533108,Rainfall Increment,533108.0.R.2778,2390,3
CUNNAMULLA WEIR TM,544019,Water Level,544019.0.H,7101,1
Cunningham Arm @ Bullock Island,584019,Battery,584019.1.B.4976,4875,1
Cunningham Arm @ Bullock Island,584019,Water Level,584019.1.H.4975,4875,2
CUNNINGHAM ARM AT BULLOCK ISLAND,584019,Water Level - AHD,584019.3.H,8863,1
CURDIES RIVER (CURDIE),590015,Water Level,590015.1.H,9727,1
CURDIES RIVER (PETERBOROUGH),590014,Water Level,590014.1.H,9725,1
CURRAGH TM,535062,Water Level,535062.0.H,6659,1
Curramulka North ,22055,Rainfall,22055.1.R.5125,1869,1
Curramulka North ,22055,Battery,22055.1.B.5124,1869,2
Curramulka North ,22055,Rainfall Increment,22055.1.R.5125,1869,3
Currarong,568225,Water Level,568225.1.H.3392,1802,1
Currarong,568225,Battery,568225.1.B.3393,1802,2
Currarong,568225,Rainfall,568225.1.R.3391,1802,3
Currarong,568225,Rainfall Increment,568225.1.R.3391,1802,4
Curricabark,560028,Battery,560028.2.B.3811,1596,1
Curricabark,560028,Rainfall,560028.2.R.3812,1596,2
Curricabark,560028,Rainfall Increment,560028.2.R.3812,1596,3
Currumbin Ck (Robert Neumann Pk) AL,540835,Rainfall,540835.0.R.2425,11485,1
Currumbin Ck (Robert Neumann Pk) AL,540835,Battery,540835.0.B.2426,11485,2
Currumbin Ck (Robert Neumann Pk) AL,540835,Rainfall Increment,540835.0.R.2425,11485,3
Currumbin Ck AL,540640,Water Level,540640.0.H.2416,3095,1
Currumbin Ck AL,540640,Rainfall,540640.0.R.2415,3095,2
Currumbin Ck AL,540640,Battery,540640.0.B.2417,3095,3
Currumbin Ck AL,540640,Rainfall Increment,540640.0.R.2415,3095,4
Currunda Ck AL,531129,Water Level,531129.0.H.5135,2264,1
Currunda Ck AL,531129,Rainfall,531129.0.R.5134,2264,2
Currunda Ck AL,531129,Battery,531129.0.B.5136,2264,3
Currunda Ck AL,531129,Rainfall Increment,531129.0.R.5134,2264,4
CURTIN (DEAKIN WEST),570048,Rainfall Increment,570048.2.R,5431,2
D/S BORENORE CK (MOLONG CK ),563005,Water Level,563005.1.H,8025,2
D/S BORENORE CK (MOLONG CK ),563005,Rainfall Increment,563005.1.R,8025,3
D/S Borenore Creek (Molong Ck),563005,Water Level,563005.2.H.3542,1674,1
D/S Borenore Creek (Molong Ck),563005,Battery,563005.2.B.3544,1674,2
D/S Borenore Creek (Molong Ck),563005,Rainfall,563005.2.R.3543,1674,3
D/S Borenore Creek (Molong Ck),563005,Rainfall Increment,563005.2.R.3543,1674,4
D/S DUNCANS JUNCTION (NAMOI RIVER),552026,Water Level,552026.1.H,7605,1
D/S HILL ROAD,509521,Water Level,509521.1.H,10745,1
D/S LAKE CRESCENT (CLYDE RIVER),596068,Water Level,596068.1.H,8773,1
D/S LAKE LEAKE (ELIZABETH RIVER),592009,Water Level,592009.1.H,8743,1
D/S TOOMS LAKE (TOOMS RIVER),592008,Water Level,592008.1.H,8741,1
D/S WOODS LAKE (LAKE RIVER),596043,Water Level,596043.1.H,8537,1
D/S WOODS LAKE (LAKE RIVER),596043,Flow Rate,596043.1.ML/D,8537,2
D/S YARRAWONGA,74246,Water Level,74246.1.H,8441,1
DAGWORTH TM,537011,Rainfall,537011.0.R,10159,1
DAGWORTH TM,537011,Rainfall Increment,537011.0.R,10159,2
Daintree Village TM,531110,Water Level,531110.0.H,2258,1
Daintree Village TM,531110,Rainfall,531110.0.R,2258,2
Daintree Village TM,531110,Battery,531110.0.B,2258,3
Daintree Village TM,531110,Rainfall Increment,531110.0.R,2258,4
DAIRY CK TM,539102,Water Level,539102.0.H,6767,2
DAIRY CK TM,539102,Rainfall Increment,539102.0.R,6767,3
Dairy Flat,58194,Battery,58194.1.B,1191,1
Dairy Flat,58194,Rainfall,58194.1.R,1191,2
Dairy Flat,58194,Rainfall Increment,58194.1.R,1191,3
Dairy Flat (Molonglo River),570046,Water Level - AHD,570046.1.H.3350,1832,1
Dairy Flat (Molonglo River),570046,Battery,570046.1.B.3410,1832,2
Daisy Downs,8320,Rainfall,8320.1.R.5939,4383,1
Daisy Downs,8320,Battery,8320.1.B.5938,4383,2
Daisy Downs,8320,Rainfall Increment,8320.1.R.5939,4383,3
DAJARRA AIRPORT TM,537038,Rainfall,537038.0.R,10183,1
DAJARRA AIRPORT TM,537038,Rainfall Increment,537038.0.R,10183,2
Dakiel AL,539185,Water Level,539185.0.H.716,2624,1
Dakiel AL,539185,Rainfall,539185.0.R.715,2624,2
Dakiel AL,539185,Battery,539185.0.B.717,2624,3
Dakiel AL,539185,Rainfall Increment,539185.0.R.715,2624,4
DAKIEL TM,539088,Water Level,539088.0.H,6755,2
DAKIEL TM,539088,Rainfall Increment,539088.0.R,6755,3
Dalbeg AL,33291,Water Level,33291.0.H.2928,2049,1
Dalbeg AL,33291,Water Level,33291.1.H.2951,2049,2
Dalbeg AL,33291,Rainfall,33291.0.R.2925,2049,3
Dalbeg AL,33291,Battery,33291.0.B.2926,2049,4
Dalbeg AL,33291,Battery,33291.1.B.2952,2049,5
Dalbeg AL,33291,Rainfall Increment,33291.0.R.2925,2049,6
DALBEG TM,33278,Water Level,33278.0.H,7121,1
Dalby AL,541041,Water Level,541041.0.H.6121,3241,1
Dalby AL,541041,Rainfall,541041.0.R.6120,3241,2
Dalby AL,541041,Battery,541041.0.B.6122,3241,3
Dalby AL,541041,Rainfall Increment,541041.0.R.6120,3241,4
Dalcouth AL,541085,Water Level,541085.0.H.5718,3260,1
Dalcouth AL,541085,Rainfall,541085.0.R.5717,3260,2
Dalcouth AL,541085,Battery,541085.0.B.5719,3260,3
Dalcouth AL,541085,Rainfall Increment,541085.0.R.5717,3260,4
DALES YARD,503009,Water Level,503009.1.H,10411,2
DALES YARD,503009,Rainfall Increment,503009.1.R,10411,3
Dalgangal Rd AL,539186,Water Level,539186.0.H.830,2625,1
Dalgangal Rd AL,539186,Rainfall,539186.0.R.829,2625,2
Dalgangal Rd AL,539186,Battery,539186.0.B.831,2625,3
Dalgangal Rd AL,539186,Rainfall Increment,539186.0.R.829,2625,4
Dalgety Downs Airstrip,7211,Rainfall,7211.1.R,4363,1
Dalgety Downs Airstrip,7211,Battery,7211.1.B,4363,2
Dalgety Downs Airstrip,7211,Rainfall Increment,7211.1.R,4363,3
DALMENY TM,541160,Water Level,541160.0.H,7053,2
DALMENY TM,541160,Rainfall Increment,541160.0.R,7053,3
Dalmorton Homestead,57004,Battery,57004.0.B,1163,1
Dalmorton Homestead,57004,Rainfall,57004.0.R,1163,2
Dalmorton Homestead,57004,Rainfall Increment,57004.0.R,1163,3
DALRYMPLE BAY TIDE TM,533010,Water Level,533010.0.H,5187,1
Dalrymple Road AL,532089,Water Level,532089.0.H.2790,2327,1
Dalrymple Road AL,532089,Rainfall,532089.0.R.2789,2327,2
Dalrymple Road AL,532089,Battery,532089.0.B.2791,2327,3
Dalrymple Road AL,532089,Rainfall Increment,532089.0.R.2789,2327,4
Dalton (Hillview),70362,Battery,70362.1.B,1424,1
Dalton (Hillview),70362,Rainfall,70362.1.R,1424,2
Dalton (Hillview),70362,Rainfall Increment,70362.1.R,1424,3
Dalveen AL,541063,Rainfall,541063.0.R.6876,3252,1
Dalveen AL,541063,Battery,541063.0.B.6877,3252,2
Dalveen AL,541063,Rainfall Increment,541063.0.R.6876,3252,3
DALY RIVER POLICE STATION,514910,Water Level,514910.1.H,7371,2
DALY RIVER POLICE STATION,514910,Rainfall Increment,514910.1.R,7371,3
Dampier Downs Airstrip,3101,Rainfall,3101.1.R,4350,1
Dampier Downs Airstrip,3101,Battery,3101.1.B,4350,2
Dampier Downs Airstrip,3101,Rainfall Increment,3101.1.R,4350,3
DANDABAH TM,540454,Rainfall Increment,540454.0.R,6907,2
DANDALOO (BOGAN RIVER),551002,Water Level,551002.1.H,7549,1
Dandaloo (Hazelbrook) Comparison,50144,Battery,50144.1.B,1110,1
Dandaloo (Hazelbrook) Comparison,50144,Rainfall,50144.1.R,1110,2
Dandaloo (Hazelbrook) Comparison,50144,Rainfall Increment,50144.1.R,1110,3
DANDENONG CREEK AT EASTLINK CROSSING KEYSBOROUGH,586207,Water Level,586207.1.H,12234,1
DANDENONG CREEK AT EASTLINK CROSSING KEYSBOROUGH,586207,Rainfall,586207.1.R,12234,2
DANDENONG CREEK AT EASTLINK CROSSING KEYSBOROUGH,586207,Rainfall Increment,586207.1.R,12234,3
DANDENONG CREEK AT HAMMOND ROAD DANDENONG,586092,Water Level,586092.1.H,12256,1
DANDENONG CREEK AT LIVERPOOL ROAD RETARDING BASIN,586086,Water Level,586086.1.H,12218,1
DANDENONG CREEK AT LIVERPOOL ROAD RETARDING BASIN,586086,Rainfall,586086.1.R,12218,2
DANDENONG CREEK AT LIVERPOOL ROAD RETARDING BASIN,586086,Rainfall Increment,586086.1.R,12218,3
Dandenong Creek at Police Rd RB Rowville,586084,Rainfall,586084.1.R.335,4479,1
Dandenong Creek at Police Rd RB Rowville,586084,Battery,586084.1.B.333,4479,2
Dandenong Creek at Police Rd RB Rowville,586084,Water Level,586084.1.H.334,4479,3
Dandenong Creek at Police Rd RB Rowville,586084,Rainfall Increment,586084.1.R.335,4479,4
DANDENONG CREEK AT POLICE ROAD RETARDING BASIN ROWVILLE,586084,Water Level,586084.1.H,12005,1
DANDENONG CREEK AT POLICE ROAD RETARDING BASIN ROWVILLE,586084,Rainfall,586084.1.R,12005,2
DANDENONG CREEK AT POLICE ROAD RETARDING BASIN ROWVILLE,586084,Rainfall Increment,586084.1.R,12005,3
DANDENONG CREEK UPSTREAM WANTIRNA ROAD HEATHMONT,586179,Water Level,586179.1.H,12230,1
DANDENONG CREEK UPSTREAM WANTIRNA ROAD HEATHMONT,586179,Rainfall,586179.1.R,12230,2
DANDENONG CREEK UPSTREAM WANTIRNA ROAD HEATHMONT,586179,Rainfall Increment,586179.1.R,12230,3
DANDENONG NORTH RAIN GAUGE,586295,Rainfall,586295.1.R,12195,1
DANDENONG NORTH RAIN GAUGE,586295,Rainfall Increment,586295.1.R,12195,2
Dandongadale R at Matong Nth,583011,Battery,583011.1.B.120,4780,1
Dandongadale R at Matong Nth,583011,Water Level,583011.1.H.119,4780,2
DANGARS FALLS (MACLEAY RIVER),556012,Water Level,556012.1.H,7773,1
Danjera Creek,568196,Water Level,568196.1.H.7023,1791,1
Danjera Creek,568196,Battery,568196.1.B.7022,1791,2
Danjera Dam (Danjera Creek),568159,Water Level,568159.1.H.7024,1775,1
Danjera Dam (Danjera Creek),568159,Battery,568159.1.B.7071,1775,2
DAPTO (DARKES RD),568227,Rainfall Increment,568227.1.R,5951,2
DARBALARA (ADJUNGBILLY RIVER),573003,Water Level,573003.1.H,8257,1
Dardanup East AL,9527,Rainfall,9527.1.R.5971,4400,1
Dardanup East AL,9527,Battery,9527.1.B.5970,4400,2
Dardanup East AL,9527,Rainfall Increment,9527.1.R.5971,4400,3
DAREBIN CREEK AT BELL STREET IVANHOE,586214,Water Level,586214.1.H,12143,1
DAREBIN CREEK AT BELL STREET IVANHOE,586214,Rainfall,586214.1.R,12143,2
DAREBIN CREEK AT BELL STREET IVANHOE,586214,Rainfall Increment,586214.1.R,12143,3
DAREBIN CREEK AT RUFUS STREET EPPING,586148,Water Level,586148.1.H,12128,1
DAREBIN CREEK AT RUFUS STREET EPPING,586148,Rainfall,586148.1.R,12128,2
DAREBIN CREEK AT RUFUS STREET EPPING,586148,Rainfall Increment,586148.1.R,12128,3
DAREBIN CREEK AT SETTLEMENT ROAD BUNDOORA,586172,Water Level,586172.1.H,12136,1
DAREBIN CREEK AT SETTLEMENT ROAD BUNDOORA,586172,Rainfall,586172.1.R,12136,2
DAREBIN CREEK AT SETTLEMENT ROAD BUNDOORA,586172,Rainfall Increment,586172.1.R,12136,3
DARGO RIVER @ LOWER DARGO ROAD,584005,Rainfall,584005.1.R,9449,1
DARGO RIVER @ LOWER DARGO ROAD,584005,Water Level,584005.1.H,9449,2
DARGO RIVER @ LOWER DARGO ROAD,584005,Water Level,584005.2.H,9449,4
DARGO RIVER @ LOWER DARGO ROAD,584005,Rainfall Increment,584005.1.R,9449,5
DARGO RIVER @ LOWER DARGO ROAD,584005,Rainfall Increment,584005.2.R,9449,6
DARGO RIVER @ LOWER DARGO ROAD,584005,Rainfall,584005.2.R,9449,7
DARGO RIVER UPSTREAM OF DARGO,584032,Water Level,584032.1.H,9483,1
Darkes Forest (Kintyre),68024,Battery,68024.1.B.7202,1380,1
Darkes Forest (Kintyre),68024,Rainfall,68024.1.R.7201,1380,2
Darkes Forest (Kintyre),68024,Rainfall Increment,68024.1.R.7201,1380,3
DARLING ANABRANCH D/S DAM,547020,Water Level,547020.1.H,11297,1
DARLING ANABRANCH U/S DAM,547021,Water Level,547021.1.H,11301,1
Darlington AL,40932,Rainfall,40932.0.R.5304,2141,1
Darlington AL,40932,Battery,40932.0.B.5305,2141,2
Darlington AL,40932,Rainfall Increment,40932.0.R.5304,2141,3
DARLINGTON PT (MURRUMBIDGEE RIVER),575011,Water Level,575011.1.H,8347,1
Darlington School AL,540796,Water Level,540796.0.H.5392,3217,1
Darlington School AL,540796,Rainfall,540796.0.R.5391,3217,2
Darlington School AL,540796,Battery,540796.0.B.5393,3217,3
Darlington School AL,540796,Rainfall Increment,540796.0.R.5391,3217,4
DARLOT (BILLABONG CREEK),575007,Water Level,575007.1.H,8345,1
DARLOT CREEK AT HOMERTON,590004,Water Level,590004.1.H,9711,1
Darr Creek AL,41090,Rainfall,41090.0.R.4938,2165,1
Darr Creek AL,41090,Battery,41090.0.B.4939,2165,2
Darr Creek AL,41090,Rainfall Increment,41090.0.R.4938,2165,3
DARR TM,536005,Water Level,536005.0.H,6683,2
DARR TM,536005,Rainfall Increment,536005.0.R,6683,3
DARRADUP,509473,Water Level,509473.1.H,10703,1
DARWIN DAM METEOROLOGICAL,597056,Rainfall Increment,597056.1.R,8613,2
DASHWOOD CROSSING,514822,Water Level,514822.1.H,7337,2
DASHWOOD CROSSING,514822,Rainfall Increment,514822.1.R,7337,3
DAUAN ISLAND TIDE TM,527020,Water Level,527020.0.H,5149,1
Davidson Creek AL,532058,Rainfall,532058.0.R.5204,2304,1
Davidson Creek AL,532058,Battery,532058.0.B.5205,2304,2
Davidson Creek AL,532058,Rainfall Increment,532058.0.R.5204,2304,3
DAVIES CREEK ROAD TM,531155,Rainfall,531155.0.R,10013,1
DAVIES CREEK ROAD TM,531155,Rainfall Increment,531155.0.R,10013,2
DAVIES CREEK TM,531156,Water Level,531156.0.H,10015,1
DAWESLEY (DEW),524520,Water Level,524520.1.H,9065,1
Dawson Range South AL,535143,Rainfall,535143.0.R.4471,2508,1
Dawson Range South AL,535143,Battery,535143.0.B.4472,2508,2
Dawson Range South AL,535143,Rainfall Increment,535143.0.R.4471,2508,3
Dayboro (Terrors Ck) AL,540628,Water Level,540628.0.H.4105,3086,1
Dayboro (Terrors Ck) AL,540628,Rainfall,540628.0.R.4104,3086,2
Dayboro (Terrors Ck) AL,540628,Battery,540628.0.B.4106,3086,3
Dayboro (Terrors Ck) AL,540628,Rainfall Increment,540628.0.R.4104,3086,4
Dayboro AL,540410,Rainfall,540410.0.R.1972,2942,1
Dayboro AL,540410,Battery,540410.0.B.1973,2942,2
Dayboro AL,540410,Rainfall Increment,540410.0.R.1972,2942,3
DAYBORO TM,540442,Water Level,540442.0.H,11574,1
DAYBORO TM,540442,Rainfall Increment,540442.0.R,11574,2
Dayboro WWTP AL,540484,Water Level,540484.0.H.1988,3003,1
Dayboro WWTP AL,540484,Rainfall,540484.0.R.1987,3003,2
Dayboro WWTP AL,540484,Battery,540484.0.B.1989,3003,3
Dayboro WWTP AL,540484,Rainfall Increment,540484.0.R.1987,3003,4
Deacey AL,533214,Rainfall,533214.0.R.1162,2436,1
Deacey AL,533214,Battery,533214.0.B.1163,2436,2
Deacey AL,533214,Rainfall Increment,533214.0.R.1162,2436,3
Deagon AL,540124,Water Level,540124.0.H.1561,2741,1
Deagon AL,540124,Rainfall,540124.0.R.1560,2741,2
Deagon AL,540124,Battery,540124.0.B.1562,2741,3
Deagon AL,540124,Rainfall Increment,540124.0.R.1560,2741,4
DEAKIN PLUVIO,570803,Rainfall Increment,570803.1.R,5465,2
DEBRINCAT AVENUE (ROPES CREEK),567073,Water Level,567073.1.H,8099,1
Deception Bay (Creek Rd) AL,540623,Water Level,540623.0.H.5543,3082,1
Deception Bay (Creek Rd) AL,540623,Rainfall,540623.0.R.5542,3082,2
Deception Bay (Creek Rd) AL,540623,Battery,540623.0.B.5544,3082,3
Deception Bay (Creek Rd) AL,540623,Rainfall Increment,540623.0.R.5542,3082,4
Deception Bay (Major St) AL,540741,Water Level,540741.0.H.4136,3185,1
Deception Bay (Major St) AL,540741,Rainfall,540741.0.R.4135,3185,2
Deception Bay (Major St) AL,540741,Battery,540741.0.B.4137,3185,3
Deception Bay (Major St) AL,540741,Rainfall Increment,540741.0.R.4135,3185,4
Deception Bay AL,40980,Rainfall,40980.0.R.5504,2161,1
Deception Bay AL,40980,Battery,40980.0.B.5505,2161,2
Deception Bay AL,40980,Rainfall Increment,40980.0.R.5504,2161,3
DEDDINGTON (ENGLISH TOWN RD),591050,Rainfall,591050.1.R,8839,1
DEDDINGTON (ENGLISH TOWN RD),591050,Rainfall Increment,591050.1.R,8839,2
DEDDINGTON (NILE RIVER),91326,Water Level,91326.1.H,8647,1
DEDDINGTON (NILE RIVER),91326,Rainfall Increment,91326.2.R,8647,3
DEE LAGOON,596072,Rainfall Increment,596072.1.R,8575,2
Deelamon,44131,Water Level,44131.0.H,12016,1
Deelamon,44131,Battery,44131.0.B,12016,2
Deelamon,44131,Rainfall,44131.0.R,12016,3
Deelamon,44131,Rainfall Increment,44131.0.R,12016,4
DEEP CREEK @ BULLA (D/S OF EMU CREEK JUNCTION),587024,Water Level,587024.2.H,9583,1
DEEP CREEK AT BOLINDA KENNEDY LANE,586297,Water Level,586297.1.H,12024,1
DEEP CREEK AT BOLINDA KENNEDY LANE,586297,Rainfall,586297.1.R,12024,2
DEEP CREEK AT BOLINDA KENNEDY LANE,586297,Rainfall Increment,586297.1.R,12024,3
DEEP CREEK AT DARRAWEIT GUIM,586178,Water Level,586178.1.H,12007,1
DEEP CREEK AT DARRAWEIT GUIM,586178,Rainfall,586178.1.R,12007,2
DEEP CREEK AT DARRAWEIT GUIM,586178,Rainfall Increment,586178.1.R,12007,3
DEEP CREEK AT DOGGETTS BRIDGE LANCEFIELD,586224,Water Level,586224.1.H,12040,1
DEEP CREEK AT KONAGADERRA,587055,Water Level,587055.1.H,12022,1
DEEP CREEK AT KONAGADERRA,587055,Rainfall,587055.1.R,12022,2
DEEP CREEK AT KONAGADERRA,587055,Rainfall Increment,587055.1.R,12022,3
DEEP CREEK AT ROMSEY,587528,Water Level,587528.1.H,12241,1
DEEP CREEK CUT MARLBOROUGH HWY,596078,Rainfall Increment,596078.1.R,8583,2
DEEP CREEK DOWNSTREAM BULLA ROAD BULLA,587024,Water Level,587024.1.H,12041,1
DEEP CREEK UPSTREAM PRINCES HIGHWAY PAKENHAM EAST,586130,Water Level,586130.1.H,12259,1
DEEP REACH,505054,Water Level,505054.1.H,10477,1
Deeragun AL,532054,Rainfall,532054.0.R.2735,2301,1
Deeragun AL,532054,Battery,532054.0.B.2736,2301,2
Deeragun AL,532054,Rainfall Increment,532054.0.R.2735,2301,3
Delaneys Ck AL,540657,Rainfall,540657.0.R.6297,3109,1
Delaneys Ck AL,540657,Battery,540657.0.B.6298,3109,2
Delaneys Ck AL,540657,Rainfall Increment,540657.0.R.6297,3109,3
DELATITE RIVER @ TONGA BRIDGE,588127,Rainfall,588127.1.R,9671,1
DELATITE RIVER @ TONGA BRIDGE,588127,Water Level,588127.1.H,9671,2
DELATITE RIVER @ TONGA BRIDGE,588127,Rainfall Increment,588127.1.R,9671,3
DELEGATE RIVER AT QUIDONG,70309,Water Level,70309.1.H,8423,2
DELEGATE RIVER AT QUIDONG,70309,Rainfall Increment,70309.1.R,8423,3
DELORAINE RAILWAY BRIDGE (MEANDER RIVER),91227,Water Level,91227.1.H,8631,2
DELORAINE RAILWAY BRIDGE (MEANDER RIVER),91227,Rainfall Increment,91227.1.R,8631,3
DELORAINE RAILWAY BRIDGE (MEANDER RIVER),91227,Flow Rate,91227.1.ML/D,8631,4
Delungra Post Office,54013,Battery,54013.1.B,1118,1
Delungra Post Office,54013,Rainfall,54013.2.R,1118,2
Delungra Post Office,54013,Rainfall Increment,54013.1.R,1118,3
DENILIQUIN (EDWARD RIVER),574010,Water Level,574010.1.H,8287,1
DENMAN (HUNTER RIVER),561015,Water Level,561015.1.H,7935,2
DENMAN (HUNTER RIVER),561015,Rainfall Increment,561015.1.R,7935,3
DENMARK AG COLLEGE,509514,Water Level,509514.1.H,10735,1
DENNIS BRIDGE DOWNSTREAM (HASTINGS RIVER),560042,Water Level,560042.1.H,5685,1
Derra AL,539187,Water Level,539187.0.H.818,2626,1
Derra AL,539187,Rainfall,539187.0.R.817,2626,2
Derra AL,539187,Battery,539187.0.B.819,2626,3
Derra AL,539187,Rainfall Increment,539187.0.R.817,2626,4
DERRA TM,539038,Water Level,539038.0.H,7185,1
DERRIMUT RAIN GAUGE,587100,Rainfall,587100.1.R,12056,1
DERRIMUT RAIN GAUGE,587100,Rainfall Increment,587100.1.R,12056,2
DERWENT BRIDGE,96069,Rainfall Increment,96069.1.R,8687,2
DERWENT RV (ABV NIVE RV),595014,Water Level,595014.1.H,8503,1
DEVERILL TM,534003,Water Level,534003.0.H,6581,2
DEVERILL TM,534003,Rainfall Increment,534003.0.R,6581,3
DEVIL CREEK U/S MOORABOOL RESERVOIR,587076,Rainfall,587076.1.R,9601,1
DEVIL CREEK U/S MOORABOOL RESERVOIR,587076,Water Level,587076.1.H,9601,2
DEVIL CREEK U/S MOORABOOL RESERVOIR,587076,Rainfall Increment,587076.1.R,9601,3
DEVILBEND RESERVOIR RAIN GAUGE,586248,Rainfall,586248.1.R,12204,1
DEVILBEND RESERVOIR RAIN GAUGE,586248,Rainfall Increment,586248.1.R,12204,2
DEVILS CREEK RD,510564,Water Level,510564.1.H,10889,1
Devon Hills AL,540188,Water Level,540188.0.H.6709,2794,1
Devon Hills AL,540188,Rainfall,540188.0.R.6708,2794,2
Devon Hills AL,540188,Battery,540188.0.B.6710,2794,3
Devon Hills AL,540188,Rainfall Increment,540188.0.R.6708,2794,4
DEVONCOURT STATION TM,529094,Rainfall,529094.0.R,9951,1
DEVONCOURT STATION TM,529094,Rainfall Increment,529094.0.R,9951,2
DIAMANTINA LAKES TM,538003,Water Level,538003.0.H,6701,2
DIAMANTINA LAKES TM,538003,Rainfall Increment,538003.0.R,6701,3
DIAMOND CREEK AT BRIDGE STREET ELTHAM,586067,Water Level,586067.1.H,12175,1
DIAMOND CREEK AT HURSTBRIDGE,586151,Water Level,586151.1.H,11993,1
DIAMOND CREEK AT HURSTBRIDGE,586151,Rainfall,586151.1.R,11993,2
DIAMOND CREEK AT HURSTBRIDGE,586151,Rainfall Increment,586151.1.R,11993,3
Diamond Valley AL,540734,Rainfall,540734.0.R.5444,3178,1
Diamond Valley AL,540734,Battery,540734.0.B.5445,3178,2
Diamond Valley AL,540734,Rainfall Increment,540734.0.R.5444,3178,3
Diamondy AL,541121,Rainfall,541121.0.R.4961,3287,1
Diamondy AL,541121,Battery,541121.0.B.4962,3287,2
Diamondy AL,541121,Rainfall Increment,541121.0.R.4961,3287,3
Didcott AL,539157,Rainfall,539157.0.R.4740,2598,1
Didcott AL,539157,Battery,539157.0.B.4741,2598,2
Didcott AL,539157,Rainfall Increment,539157.0.R.4740,2598,3
Diddillibah AL,540083,Water Level,540083.0.H.6420,2712,1
Diddillibah AL,540083,Rainfall,540083.0.R.6418,2712,2
Diddillibah AL,540083,Battery,540083.0.B.6419,2712,3
Diddillibah AL,540083,Rainfall Increment,540083.0.R.6418,2712,4
Dieckmans Bridge AL,40943,Water Level,40943.0.H.5333,2152,1
Dieckmans Bridge AL,40943,Rainfall,40943.0.R.5332,2152,2
Dieckmans Bridge AL,40943,Battery,40943.0.B.5334,2152,3
Dieckmans Bridge AL,40943,Rainfall Increment,40943.0.R.5332,2152,4
DIECKMANS BRIDGE TM,540074,Water Level,540074.0.H,6835,2
DIECKMANS BRIDGE TM,540074,Rainfall Increment,540074.0.R,6835,3
DILJIN HILL,514608,Water Level,514608.1.H,7319,2
DILJIN HILL,514608,Rainfall Increment,514608.1.R,7319,3
DIMOND GORGE,502027,Water Level,502027.1.H,10383,2
DIMOND GORGE,502027,Rainfall Increment,502027.1.R,10383,3
Dingo Beach AL,533168,Rainfall,533168.0.R.2663,2405,1
Dingo Beach AL,533168,Battery,533168.0.B.2664,2405,2
Dingo Beach AL,533168,Rainfall Increment,533168.0.R.2663,2405,3
DINGO ROAD,509119,Water Level,509119.1.H,10569,2
DINGO ROAD,509119,Rainfall Increment,509119.1.R,10569,3
Dirranbandi,44117,Battery,44117.0.B,11951,1
Dirranbandi,44117,Water Level,44117.0.H,11951,2
Dirranbandi,44117,Rainfall,44117.0.R,11951,3
Dirranbandi,44117,Rainfall Increment,44117.0.R,11951,4
Dittmer AL,533169,Rainfall,533169.0.R.2653,2406,1
Dittmer AL,533169,Battery,533169.0.B.2654,2406,2
Dittmer AL,533169,Rainfall Increment,533169.0.R.2653,2406,3
DIWAN TM,531135,Rainfall,531135.0.R,9995,1
DIWAN TM,531135,Rainfall Increment,531135.0.R,9995,2
DIXONS CREEK AT MELBA HIGHWAY YARRA GLEN,586319,Water Level,586319.1.H,12107,1
DIXONS CREEK AT MELBA HIGHWAY YARRA GLEN,586319,Rainfall,586319.1.R,12107,2
DIXONS CREEK AT MELBA HIGHWAY YARRA GLEN,586319,Rainfall Increment,586319.1.R,12107,3
DOBOY TM,543009,Rainfall Increment,543009.0.R,7077,1
DOCKLANDS RAIN GAUGE AT POINT PARK DOCKLANDS,586247,Rainfall,586247.1.R,12010,1
DOCKLANDS RAIN GAUGE AT POINT PARK DOCKLANDS,586247,Rainfall Increment,586247.1.R,12010,2
DOCTORS CREEK UPSTREAM OF LEXTON RESERVOIR,579023,Rainfall,579023.1.R,9267,1
DOCTORS CREEK UPSTREAM OF LEXTON RESERVOIR,579023,Rainfall Increment,579023.1.R,9267,2
DOCTORS POINT,572003,Water Level,572003.2.H,8201,1
DOG HILL,509295,Water Level,509295.1.H,10601,2
DOG HILL,509295,Rainfall Increment,509295.1.R,10601,3
DOG POOL,509578,Water Level,509578.1.H,10805,1
Dolaghans Crossing ,23129,Rainfall,23129.1.R.5119,1885,1
Dolaghans Crossing ,23129,Battery,23129.1.B.5118,1885,2
Dolaghans Crossing ,23129,Rainfall Increment,23129.1.R.5119,1885,3
DOMBARTON LOOP,568178,Rainfall Increment,568178.1.R,5917,2
DON RIVER AT DALRY ROAD DON VALLEY,586308,Water Level,586308.1.H,12150,1
Donald,78072,Battery,78072.1.B,4886,1
DONALD (RICHARDSON RIVER),578007,Water Level,578007.1.H,9233,1
Donald Comparison,78088,Rainfall,78088.2.R,4831,1
Donald Comparison,78088,Battery,78088.2.B,4831,2
Donald Comparison,78088,Rainfall Increment,78088.2.R,4831,3
DONALDSON (MOLE RIVER),556002,Water Level,556002.1.H,7753,2
DONALDSON (MOLE RIVER),556002,Rainfall Increment,556002.1.R,7753,3
Donaleen,23128,Rainfall,23128.1.R.5115,1884,1
Donaleen,23128,Battery,23128.1.B.5114,1884,2
Donaleen,23128,Rainfall Increment,23128.1.R.5115,1884,3
DONCASTER EAST RAIN GAUGE AT ZERBES RESERVE,586037,Rainfall,586037.1.R,12089,1
DONCASTER EAST RAIN GAUGE AT ZERBES RESERVE,586037,Rainfall Increment,586037.1.R,12089,2
DONCASTER RAIN GAUGE AT EASTERN GOLF CLUB,586010,Rainfall,586010.1.R,12084,1
DONCASTER RAIN GAUGE AT EASTERN GOLF CLUB,586010,Rainfall Increment,586010.1.R,12084,2
DONNELLYS CREEK AT DONNELLYS WEIR,586318,Water Level,586318.1.H,12158,1
Donnington Airpark AL,533054,Rainfall,533054.0.R.6315,2364,1
Donnington Airpark AL,533054,Battery,533054.0.B.6314,2364,2
Donnington Airpark AL,533054,Rainfall Increment,533054.0.R.6315,2364,3
DONNYBROOK DAWSON RD,509646,Water Level,509646.1.H,10847,1
Donnybrook East,9991,Rainfall,9991.1.R.5977,4417,1
Donnybrook East,9991,Battery,9991.1.B.5976,4417,2
Donnybrook East,9991,Rainfall Increment,9991.1.R.5977,4417,3
Dookie Water Storage,581032,Battery,581032.1.B.200,4807,1
Dookie Water Storage,581032,Rainfall,581032.1.R.199,4807,2
Dookie Water Storage,581032,Rainfall Increment,581032.1.R.199,4807,3
Dooloogarah AL,535165,Rainfall,535165.0.R.1015,2523,1
Dooloogarah AL,535165,Battery,535165.0.B.1016,2523,2
Dooloogarah AL,535165,Rainfall Increment,535165.0.R.1015,2523,3
DOOMADGEE TM,529061,Water Level,529061.0.H,9895,1
DOON AYR (GLOUCESTER RIVER),560006,Water Level,560006.1.H,7897,2
DOON AYR (GLOUCESTER RIVER),560006,Rainfall Increment,560006.1.R,7897,3
Doon Doon (Mccabes Road),58019,Battery,58019.1.B.7173,1175,1
Doon Doon (Mccabes Road),58019,Rainfall,58019.1.R.7169,1175,2
Doon Doon (Mccabes Road),58019,Rainfall Increment,58019.1.R.7169,1175,3
Doonan Ck AL,540218,Water Level,540218.0.H.6459,2810,1
Doonan Ck AL,540218,Rainfall,540218.0.R.6457,2810,2
Doonan Ck AL,540218,Battery,540218.0.B.6458,2810,3
Doonan Ck AL,540218,Rainfall Increment,540218.0.R.6457,2810,4
DOONGARRA RD TM,534047,Rainfall,534047.0.R,10107,1
DOONGARRA RD TM,534047,Rainfall Increment,534047.0.R,10107,2
Doongul Creek (Old Gayndah Rd) TM,140026,Rainfall Increment,140026.0.R,11957,1
Doongul Creek (Old Gayndah Rd) TM,140026,Rainfall,140026.0.R,11957,2
Doongul Creek (Old Gayndah Rd) TM,140026,Water Level,140026.0.H,11957,3
Doongul Creek (Wongi State Forest) TM,140027,Battery,140027.0.B,11954,1
Doongul Creek (Wongi State Forest) TM,140027,Rainfall,140027.0.R,11954,2
Doongul Creek (Wongi State Forest) TM,140027,Water Level,140027.0.H,11954,3
Dooralong (Whiteman Ridge),561026,Battery,561026.1.B.7409,1618,1
Dooralong (Whiteman Ridge),561026,Rainfall,561026.1.R.7408,1618,2
Dooralong (Whiteman Ridge),561026,Rainfall Increment,561026.1.R.7408,1618,3
DORA CREEK,561175,Rainfall Increment,561175.1.R,5847,2
Dora Creek WWTW,561175,Battery,561175.2.B.7921,1669,1
Dora Creek WWTW,561175,Rainfall,561175.2.R.7922,1669,2
Dora Creek WWTW,561175,Rainfall Increment,561175.2.R.7922,1669,3
DOREEN TM,539119,Rainfall Increment,539119.0.R,6789,2
DORISVALE CROSSING,514912,Water Level,514912.1.H,7375,2
DORISVALE CROSSING,514912,Rainfall Increment,514912.1.R,7375,3
Dorrigo (Mountain Top),559015,Battery,559015.1.B.7614,1531,1
Dorrigo (Mountain Top),559015,Rainfall,559015.1.R.7613,1531,2
Dorrigo (Mountain Top),559015,Rainfall Increment,559015.1.R.7613,1531,3
Dorrigo (Old Coramba Rd),59140,Battery,59140.4.B.7827,1220,1
Dorrigo (Old Coramba Rd),59140,Rainfall,59140.4.R.7826,1220,2
Dorrigo (Old Coramba Rd),59140,Rainfall Increment,59140.4.R.7826,1220,3
DORRIGO NO 2 &amp; 3 (BIELSDOWN CREEK),559025,Water Level,559025.1.H,7879,2
DORRIGO NO 2 &amp; 3 (BIELSDOWN CREEK),559025,Rainfall Increment,559025.1.R,7879,3
DORUNDA TM,529023,Water Level,529023.0.H,6245,2
DORUNDA TM,529023,Rainfall Increment,529023.0.R,6245,3
DOUBLE CK NEAR BROGO,569027,Water Level,569027.1.H,8145,1
Double Crossing Rd AL,540715,Water Level,540715.0.H.5381,3162,1
Double Crossing Rd AL,540715,Rainfall,540715.0.R.5380,3162,2
Double Crossing Rd AL,540715,Battery,540715.0.B.5382,3162,3
Double Crossing Rd AL,540715,Rainfall Increment,540715.0.R.5380,3162,4
DOUGHBOY CK TM,529014,Water Level,529014.0.H,6233,2
DOUGHBOY CK TM,529014,Rainfall Increment,529014.0.R,6233,3
Doughboy Hill,570058,Battery,570058.1.B.7081,1835,1
Doughboy Hill,570058,Rainfall,570058.1.R.7080,1835,2
Doughboy Hill,570058,Rainfall Increment,570058.1.R.7080,1835,3
DOUGLAS RIVER,514900,Water Level,514900.1.H,7361,1
DOWDELLS RD BRIDGE,509450,Water Level,509450.1.H,10665,1
Downfall Ck AL,539162,Rainfall,539162.0.R.4427,2603,1
Downfall Ck AL,539162,Battery,539162.0.B.4428,2603,2
Downfall Ck AL,539162,Rainfall Increment,539162.0.R.4427,2603,3
Dows Ck AL,533036,Rainfall,533036.0.R.6185,2350,1
Dows Ck AL,533036,Battery,533036.0.B.6186,2350,2
Dows Ck AL,533036,Rainfall Increment,533036.0.R.6185,2350,3
Doyle Rd CB1,109508,Water Level,109508.1.H.5996,4448,1
Doyle Rd CB1,109508,Rainfall,109508.1.R.5995,4448,2
Doyle Rd CB1,109508,Battery,109508.1.B.5994,4448,3
Doyle Rd CB1,109508,Rainfall Increment,109508.1.R.5995,4448,4
DR MAYS CROSSING TM,539060,Water Level,539060.0.H,6739,1
DRAKE (TIMBARRA RIVER),557007,Water Level,557007.1.H,7833,1
Drake (Village Resource Centre),57005,Battery,57005.1.B,1164,1
Drake (Village Resource Centre),57005,Rainfall,57005.1.R,1164,2
Drake (Village Resource Centre),57005,Rainfall Increment,57005.1.R,1164,3
DRAPERS CROSSING TM,540398,Water Level,540398.0.H,6877,2
DRAPERS CROSSING TM,540398,Rainfall Increment,540398.0.R,6877,3
Drapers Xing AL,540205,Water Level,540205.0.H.6770,2807,1
Drapers Xing AL,540205,Rainfall,540205.0.R.6769,2807,2
Drapers Xing AL,540205,Rainfall Increment,540205.0.R.6769,2807,3
Drensmaine AL,535170,Water Level,535170.0.H.1007,2528,1
Drensmaine AL,535170,Rainfall,535170.0.R.1006,2528,2
Drensmaine AL,535170,Battery,535170.0.B.1008,2528,3
Drensmaine AL,535170,Rainfall Increment,535170.0.R.1006,2528,4
DROP STRUCTURE,509633,Water Level,509633.1.H,10833,1
DRUMDUFF TM,527013,Water Level,527013.0.H,6195,2
DRUMDUFF TM,527013,Rainfall Increment,527013.0.R,6195,3
DRUNG DRUNG,579014,Water Level,579014.2.H,9261,1
Dry Creek (Scone),561099,Water Level,561099.1.H.7856,1625,1
Dry Creek (Scone),561099,Battery,561099.1.B.7857,1625,2
Dry Creek (Scone),561099,Rainfall,561099.1.R.7855,1625,3
Dry Creek (Scone),561099,Rainfall Increment,561099.1.R.7855,1625,4
DRY CREEK AT BRIDGE ROAD (DEW),523059,Water Level,523059.1.H,8947,2
DRY CREEK AT BRIDGE ROAD (DEW),523059,Rainfall Increment,523059.1.R,8947,3
DRY CREEK AT VALLEY VIEW (DEW),523058,Water Level,523058.1.H,8945,2
DRY CREEK AT VALLEY VIEW (DEW),523058,Rainfall Increment,523058.1.R,8945,3
Dry Dock,558029,Water Level - AHD,558029.1.H.7182,1474,1
Dry Dock,558029,Battery,558029.1.B.7183,1474,2
DRY DOCK (TERRANORA INLET),558029,Water Level,558029.2.H,5555,1
DRY RIVER,514921,Water Level,514921.1.H,7393,2
DRY RIVER,514921,Rainfall Increment,514921.1.R,7393,3
DS HINDMARSH BRIDGE (DEW),523785,Water Level,523785.1.H,9011,1
DS RUFUS RIVER,576003,Water Level,576003.1.H,9217,1
Duaringa AL,535179,Rainfall,535179.0.R.1172,2536,1
Duaringa AL,535179,Battery,535179.0.B.1173,2536,2
Duaringa AL,535179,Rainfall Increment,535179.0.R.1172,2536,3
DUBBO (MACQUARIE RIVER),565001,Water Level,565001.1.H,8067,1
Ducabrook AL,35292,Rainfall,35292.0.R.5922,2074,1
Ducabrook AL,35292,Battery,35292.0.B.5923,2074,2
Ducabrook AL,35292,Rainfall Increment,35292.0.R.5922,2074,3
DUCCA MARRIN,554012,Water Level,554012.1.H,7685,1
DUCK CK AT NAPALI,551016,Water Level,551016.1.H,7569,1
Duckponds AL,535097,Water Level,535097.0.H.5869,2468,1
Duckponds AL,535097,Rainfall,535097.0.R.5868,2468,2
Duckponds AL,535097,Battery,535097.0.B.5870,2468,3
Duckponds AL,535097,Rainfall Increment,535097.0.R.5868,2468,4
Duckponds Creek,23372,Rainfall,23372.1.R.5658,1905,1
Duckponds Creek,23372,Battery,23372.1.B.5657,1905,2
Duckponds Creek,23372,Rainfall Increment,23372.1.R.5658,1905,3
DUCKPONDS CREEK (DEW),523053,Water Level,523053.1.H,8937,1
DUCKPONDS TM,535020,Water Level,535020.0.H,6617,2
DUCKPONDS TM,535020,Rainfall Increment,535020.0.R,6617,3
DUDAUMAN (WATTLE CREEK),573013,Water Level,573013.1.H,8271,2
DUDAUMAN (WATTLE CREEK),573013,Rainfall Increment,573013.1.R,8271,3
DUGALD RIVER TM,529015,Water Level,529015.0.H,6235,2
DUGALD RIVER TM,529015,Rainfall Increment,529015.0.R,6235,3
DUGGANS,509603,Rainfall Increment,509603.1.R,10823,2
DULHUNTY TM,527012,Water Level,527012.0.H,6193,2
DULHUNTY TM,527012,Rainfall Increment,527012.0.R,6193,3
DULULU TM,539219,Water Level,539219.0.H,6797,2
DULULU TM,539219,Rainfall Increment,539219.0.R,6797,3
DUMARESQ DAM D/S (DUMARESQ CREEK),556022,Water Level,556022.1.H,7791,2
DUMARESQ DAM D/S (DUMARESQ CREEK),556022,Rainfall Increment,556022.1.R,7791,3
Dumbleton Rocks AL,33300,Water Level,33300.0.H.6159,2052,1
Dumbleton Rocks AL,33300,Rainfall,33300.0.R.6158,2052,2
Dumbleton Rocks AL,33300,Battery,33300.0.B.6160,2052,3
Dumbleton Rocks AL,33300,Gas Pressure,33300.0.GP.5025,2052,4
Dumbleton Rocks AL,33300,Rainfall Increment,33300.0.R.6158,2052,5
DUMBLETON ROCKS TM,33283,Water Level,33283.0.H,6049,1
DUMBLETON WEIR T/W TM,533105,Water Level,533105.0.H,6511,1
DUNBAR TM,529024,Water Level,529024.0.H,6247,2
DUNBAR TM,529024,Rainfall Increment,529024.0.R,6247,3
Dunbible Creek at Dunbible Creek Rail Trail Bridge,558130,Battery,558130.1.B.7141,11437,1
Dunbible Creek at Dunbible Creek Rail Trail Bridge,558130,Water Level,558130.1.H.7143,11437,2
Duncans Creek (Duncans Creek),555037,Water Level,555037.1.H.3632,1451,1
Duncans Creek (Duncans Creek),555037,Battery,555037.1.B.3610,1451,2
Duncans Creek (Duncans Creek),555037,Rainfall,555037.1.R.3631,1451,3
Duncans Creek (Duncans Creek),555037,Rainfall Increment,555037.1.R.3631,1451,4
Dunedoo (Shell),64029,Battery,64029.1.B,1333,1
Dunedoo (Shell),64029,Rainfall,64029.1.R,1333,2
Dunedoo (Shell),64029,Rainfall Increment,64029.1.R,1333,3
Duneira AL,535126,Water Level,535126.0.H.4619,2491,1
Duneira AL,535126,Rainfall,535126.0.R.4618,2491,2
Duneira AL,535126,Battery,535126.0.B.4620,2491,3
Duneira AL,535126,Rainfall Increment,535126.0.R.4618,2491,4
Dunethin Rock AL,540095,Water Level,540095.0.H.6470,2722,1
Dunethin Rock AL,540095,Rainfall,540095.0.R.6468,2722,2
Dunethin Rock AL,540095,Battery,540095.0.B.6469,2722,3
Dunethin Rock AL,540095,Rainfall Increment,540095.0.R.6468,2722,4
Dungog (Leawood),61364,Battery,61364.1.B,1279,1
Dungog (Leawood),61364,Rainfall,61364.1.R,1279,2
Dungog (Leawood),61364,Rainfall Increment,61364.1.R,1279,3
Dungog (Myall Creek),561171,Water Level,561171.1.H.3680,1666,1
Dungog (Myall Creek),561171,Battery,561171.1.B.3681,1666,2
DUNGOG (WILLIAMS RIVER),61267,Water Level,61267.1.H,8391,1
Dungog Post Office,61017,Battery,61017.3.B.3687,1255,1
Dungog Post Office,61017,Rainfall,61017.3.R.3686,1255,2
Dungog Post Office,61017,Rainfall Increment,61017.3.R.3686,1255,3
DUNHAM GORGE,502031,Water Level,502031.1.H,10391,2
DUNHAM GORGE,502031,Rainfall Increment,502031.1.R,10391,3
DUNLOPS ROAD DRAIN AT CITRUS STREET BRAESIDE,586099,Water Level,586099.1.H,12257,1
DUNMORE BRIDGE (PATERSON RIVER),561075,Water Level,561075.1.H,5759,1
Dunmore Exchange TM,41545,Rainfall,41545.1.R,2191,1
Dunmore Exchange TM,41545,Battery,41545.1.B,2191,2
Dunmore Exchange TM,41545,Rainfall Increment,41545.1.R,2191,3
Dunoon,558031,Battery,558031.1.B.7099,1475,1
Dunoon,558031,Rainfall,558031.1.R.7100,1475,2
Dunoon,558031,Rainfall Increment,558031.1.R.7100,1475,3
Dunvegan AL,544052,Rainfall,544052.0.R.4248,3385,1
Dunvegan AL,544052,Battery,544052.0.B.4249,3385,2
Dunvegan AL,544052,Rainfall Increment,544052.0.R.4248,3385,3
Dunvegan TM,44212,Rainfall,44212.0.R,2215,1
Dunvegan TM,44212,Battery,44212.0.B,2215,2
Dunvegan TM,44212,Rainfall Increment,44212.0.R,2215,3
DUNWICH AIRPORT TM,540586,Rainfall Increment,540586.0.R,6961,2
Dunwich AL,540212,Rainfall,540212.0.R.1915,2809,1
Dunwich AL,540212,Battery,540212.0.B.1916,2809,2
Dunwich AL,540212,Rainfall Increment,540212.0.R.1915,2809,3
Durack (King Ave) AL,40789,Water Level,40789.0.H.2121,2098,1
Durack (King Ave) AL,40789,Battery,40789.0.B.2118,2098,2
DURACK RANGE,502030,Rainfall Increment,502030.1.R,10389,2
Durah Homestead AL,542010,Rainfall,542010.0.R.4900,3342,1
Durah Homestead AL,542010,Battery,542010.0.B.4901,3342,2
Durah Homestead AL,542010,Rainfall Increment,542010.0.R.4900,3342,3
DURDIDWARRAH RAIN GAUGE,87021,Rainfall,87021.1.R,12271,1
DURDIDWARRAH RAIN GAUGE,87021,Rainfall Increment,87021.1.R,12271,2
Duri (Dungowan Rd),55257,Battery,55257.2.B.3642,1134,1
Duri (Dungowan Rd),55257,Rainfall,55257.2.R.3643,1134,2
Duri (Dungowan Rd),55257,Rainfall Increment,55257.2.R.3643,1134,3
Durikai AL,541134,Rainfall,541134.0.R.5758,3300,1
Durikai AL,541134,Battery,541134.0.B.5759,3300,2
Durikai AL,541134,Rainfall Increment,541134.0.R.5758,3300,3
DURRAN DURRA,569002,Rainfall Increment,569002.1.R,5327,2
Durrumbul (Brunswick River),558007,Water Level,558007.1.H.7541,1460,1
Durrumbul (Brunswick River),558007,Battery,558007.1.B.7542,1460,2
DURRUMBUL (BRUNSWICK RIVER),558007,Water Level,558007.3.H,7851,1
DUTTON RIVER TM,530041,Rainfall,530041.0.R,9137,1
DUTTON RIVER TM,530041,Water Level,530041.0.H,9137,2
DUTTON RIVER TM,530041,Rainfall Increment,530041.0.R,9137,3
DUTTON RIVER TM,530061,Rainfall,530061.0.R,9985,1
DUTTON RIVER TM,530061,Rainfall Increment,530061.0.R,9985,2
Dykehead AL,539188,Water Level,539188.0.H.783,2627,1
Dykehead AL,539188,Rainfall,539188.0.R.782,2627,2
Dykehead AL,539188,Battery,539188.0.B.784,2627,3
Dykehead AL,539188,Rainfall Increment,539188.0.R.782,2627,4
DYKEHEAD TM,539037,Water Level,539037.0.H,6707,2
DYKEHEAD TM,539037,Rainfall Increment,539037.0.R,6707,3
Dysart AL,534023,Rainfall,534023.0.R.5976,2442,1
Dysart AL,534023,Battery,534023.0.B.5977,2442,2
Dysart AL,534023,Rainfall Increment,534023.0.R.5976,2442,3
DYSART RD TM,534035,Rainfall,534035.0.R,10091,1
DYSART RD TM,534035,Water Level,534035.0.H,10091,2
DYSART RD TM,534035,Rainfall Increment,534035.0.R,10091,3
EAGLE FARM (BARWON RIVER),542038,Water Level,542038.1.H,11275,1
Eagle Farm (BCC Asphalt Plant) AL,540803,Rainfall,540803.0.R.1888,3223,1
Eagle Farm (BCC Asphalt Plant) AL,540803,Battery,540803.0.B.1889,3223,2
Eagle Farm (BCC Asphalt Plant) AL,540803,Rainfall Increment,540803.0.R.1888,3223,3
EAGLEFIELD TM,534016,Water Level,534016.0.H,6595,2
EAGLEFIELD TM,534016,Rainfall Increment,534016.0.R,6595,3
Earlstan (Comparison),78082,Rainfall,78082.2.R,4825,1
Earlstan (Comparison),78082,Battery,78082.2.B,4825,2
Earlstan (Comparison),78082,Rainfall Increment,78082.2.R,4825,3
EAST BAINES RIVER,514827,Rainfall Increment,514827.1.R,7345,2
East Barrattas AL,533116,Water Level,533116.0.H.6349,2394,1
East Barrattas AL,533116,Rainfall,533116.0.R.6348,2394,2
East Barrattas AL,533116,Battery,533116.0.B.6350,2394,3
East Barrattas AL,533116,Rainfall Increment,533116.0.R.6348,2394,4
East Booyal AL,539155,Rainfall,539155.0.R.4744,2596,1
East Booyal AL,539155,Battery,539155.0.B.4745,2596,2
East Booyal AL,539155,Rainfall Increment,539155.0.R.4744,2596,3
East Brisbane AL,540132,Water Level,540132.0.H.1555,2748,1
East Brisbane AL,540132,Rainfall,540132.0.R.1554,2748,2
East Brisbane AL,540132,Battery,540132.0.B.1553,2748,3
East Brisbane AL,540132,Rainfall Increment,540132.0.R.1554,2748,4
East Ck (Alderley St) TM,541130,Water Level,541130.0.H,3296,1
East Ck (Long St) TM,541131,Water Level,541131.0.H,3297,1
East Ck (South St) TM,541132,Water Level,541132.0.H,3298,1
East End (Wilmott Rd) AL,539276,Rainfall,539276.0.R.5692,11395,1
East End (Wilmott Rd) AL,539276,Battery,539276.0.B.5693,11395,2
East End (Wilmott Rd) AL,539276,Rainfall Increment,539276.0.R.5692,11395,3
EAST FUNNEL CREEK TM,533215,Rainfall,533215.0.R,10065,1
EAST FUNNEL CREEK TM,533215,Water Level,533215.0.H,10065,2
EAST FUNNEL CREEK TM,533215,Rainfall Increment,533215.0.R,10065,3
EAST GOSFORD (PUNT BRIDGE),561142,Rainfall Increment,561142.1.R,5821,2
EAST GOULBURN MAIN CHANNEL,581024,Water Level,581024.1.H,9355,1
EAST GUNDURIMBA,558047,Water Level,558047.1.H,5569,1
EAST KANGALOON,568070,Rainfall Increment,568070.1.R,5269,2
EAST LEICHARDT DAM TM,529082,Rainfall,529082.0.R,9931,1
EAST LEICHARDT DAM TM,529082,Rainfall Increment,529082.0.R,9931,2
EAST MIRROOL REGULATOR (MIRROOL CREEK),575019,Water Level,575019.1.H,8357,1
EAST NORMANBY RIVER TM,531091,Water Level,531091.0.H,6367,2
EAST NORMANBY RIVER TM,531091,Rainfall Increment,531091.0.R,6367,3
EASTERN CONTOUR DRAIN AT FOX DRIVE DANDENONG STH,586276,Water Level,586276.1.H,12207,1
EASTERN CONTOUR DRAIN AT FOX DRIVE DANDENONG STH,586276,Rainfall,586276.1.R,12207,2
EASTERN CONTOUR DRAIN AT FOX DRIVE DANDENONG STH,586276,Rainfall Increment,586276.1.R,12207,3
EASTERN CREEK (GT WESTERN HIGHWAY),567069,Water Level,567069.1.H,8093,1
Eastern Creek (Gt Western highway),567069,Battery,567069.1.B.3025,1738,2
Eastern Creek (Gt Western highway),567069,Rainfall,567069.1.R.3024,1738,3
Eastern Creek (Gt Western highway),567069,Rainfall Increment,567069.1.R.3024,1738,4
Eatons Hill TM,540794,Water Level,540794.0.H,3215,1
Eatons Hill TM,540794,Rainfall,540794.0.R,3215,2
Eatons Hill TM,540794,Battery,540794.0.B,3215,3
Eatons Hill TM,540794,Rainfall Increment,540794.0.R,3215,4
EBENEZER (HAWKESBURY RIVER),563010,Water Level,563010.1.H,5855,1
EBOR (GUY FAWKES RIVER),557009,Water Level,557009.1.H,7837,1
Echo Hills AL,535085,Rainfall,535085.0.R.5896,2456,1
Echo Hills AL,535085,Battery,535085.0.B.5897,2456,2
Echo Hills AL,535085,Rainfall Increment,535085.0.R.5896,2456,3
ECHO LAKE AT DAM,596077,Water Level - AHD,596077.1.H,8581,1
ECHUCA WHARF (MURRAY RIVER),574000,Water Level - AHD,574000.1.H,9205,1
ECHUNGA (DEW),523056,Rainfall Increment,523056.1.R,8941,2
Eden AL,539223,Rainfall,539223.0.R.4330,2661,1
Eden AL,539223,Battery,539223.0.B.4331,2661,2
Eden AL,539223,Rainfall Increment,539223.0.R.4330,2661,3
EDEN BOAT HARBOUR (TIDAL),569040,Water Level,569040.1.H,5967,1
EDEN CK AT DOUBTFUL,558037,Water Level,558037.1.H,7857,2
EDEN CK AT DOUBTFUL,558037,Rainfall Increment,558037.1.R,7857,3
EDEN ROAD,509590,Water Level,509590.1.H,10815,1
EDGARS CREEK AT EDWARDES LAKE RESERVOIR,586213,Water Level,586213.1.H,12183,1
Edi Upper (Schmidts Farm),82164,Battery,82164.1.B.173,4682,1
EDITH CREEK 600M U/S DUCK RIVER CONFLUENCE,591057,Rainfall Increment,591057.1.R,8717,2
Edith Falls Ridge,14062,Battery,14062.1.B.1143,289,1
Edith Falls Ridge,14062,Rainfall,14062.1.R.1142,289,2
Edith Falls Ridge,14062,Rainfall Increment,14062.1.R.1142,289,3
EDITH RIVER,514905,Water Level,514905.1.H,7367,1
EDWARD R AT OFFTAKE,574026,Water Level,574026.1.H,8311,1
EDWARD RIVER ESCAPE (MULWALA CANAL),574006,Water Level,574006.1.H,8281,1
EEL RACE CREEK AT RIVIERA STREET SEAFORD NORTH,586087,Water Level,586087.1.H,12219,1
EEL RACE CREEK AT RIVIERA STREET SEAFORD NORTH,586087,Rainfall,586087.1.R,12219,2
EEL RACE CREEK AT RIVIERA STREET SEAFORD NORTH,586087,Rainfall Increment,586087.1.R,12219,3
Eerwah Vale AL,540136,Rainfall,540136.0.R.6485,2750,1
Eerwah Vale AL,540136,Battery,540136.0.B.6486,2750,2
Eerwah Vale AL,540136,Rainfall Increment,540136.0.R.6485,2750,3
Eidsvold AL,539189,Water Level,539189.0.H.757,2628,1
Eidsvold AL,539189,Rainfall,539189.0.R.756,2628,2
Eidsvold AL,539189,Battery,539189.0.B.758,2628,3
Eidsvold AL,539189,Rainfall Increment,539189.0.R.756,2628,4
Eidsvold Bridge,39259,Battery,39259.0.B.775,11357,1
Eidsvold Bridge,39259,Rainfall,39259.0.R.773,11357,2
Eidsvold Bridge,39259,Water Level,39259.0.H.774,11357,3
Eidsvold Bridge,39259,Rainfall Increment,39259.0.R.773,11357,4
EIDSVOLD TM,39321,Water Level,39321.0.H,6069,2
EIDSVOLD TM,39321,Rainfall Increment,39321.0.R,6069,3
EIGHT MILE MILL,502038,Rainfall Increment,502038.1.R,10395,2
Eight Mile Plains AL,540125,Rainfall,540125.0.R.1836,2742,1
Eight Mile Plains AL,540125,Battery,540125.0.B.1835,2742,2
Eight Mile Plains AL,540125,Rainfall Increment,540125.0.R.1836,2742,3
Eildon Hill AL,540109,Repeater,540109.0.RP.1825,2729,1
EINASLEIGH TM,530007,Water Level,530007.0.H,6269,2
EINASLEIGH TM,530007,Rainfall Increment,530007.0.R,6269,3
Ekibin Park South AL,540822,Water Level,540822.0.H.1892,3232,1
Ekibin Park South AL,540822,Battery,540822.0.B.1893,3232,2
Elands (Black Sands Creek),60121,Battery,60121.2.B.3803,1239,1
Elands (Black Sands Creek),60121,Rainfall,60121.2.R.3804,1239,2
Elands (Black Sands Creek),60121,Rainfall Increment,60121.2.R.3804,1239,3
Elbow Valley AL,41535,Water Level,41535.0.H.6871,2188,1
Elbow Valley AL,41535,Rainfall,41535.0.R.6870,2188,2
Elbow Valley AL,41535,Battery,41535.0.B.6872,2188,3
Elbow Valley AL,41535,Rainfall Increment,41535.0.R.6870,2188,4
ELBOW VALLEY TM,41494,Water Level,41494.0.H,6133,1
Elderslie,61092,Battery,61092.2.B.3724,1258,1
Elderslie,61092,Rainfall,61092.2.R.3723,1258,2
Elderslie,61092,Rainfall Increment,61092.2.R.3723,1258,3
Eleebana Reservoir,561158,Battery,561158.1.B.7887,1657,1
Eleebana Reservoir,561158,Rainfall,561158.1.R.7886,1657,2
Eleebana Reservoir,561158,Rainfall Increment,561158.1.R.7886,1657,3
ELEY ROAD EAST DRAIN AT ELEY ROAD RETARDING BASIN,586159,Water Level,586159.1.H,12131,1
ELEY ROAD EAST DRAIN AT ELEY ROAD RETARDING BASIN,586159,Rainfall,586159.1.R,12131,2
ELEY ROAD EAST DRAIN AT ELEY ROAD RETARDING BASIN,586159,Rainfall Increment,586159.1.R,12131,3
ELGEE CLIFFS,502020,Rainfall Increment,502020.1.R,10379,2
Elimbah (Rose Creek Rd) AL,540543,Water Level,540543.0.H.5513,3048,1
Elimbah (Rose Creek Rd) AL,540543,Rainfall,540543.0.R.5512,3048,2
Elimbah (Rose Creek Rd) AL,540543,Battery,540543.0.B.5514,3048,3
Elimbah (Rose Creek Rd) AL,540543,Rainfall Increment,540543.0.R.5512,3048,4
Elimbah AL,540653,Rainfall,540653.0.R.5545,3105,1
Elimbah AL,540653,Battery,540653.0.B.5546,3105,2
Elimbah AL,540653,Rainfall Increment,540653.0.R.5545,3105,3
ELIZABETH RIVER,514192,Water Level,514192.1.H,7303,1
ELLEKER,509634,Water Level,509634.1.H,10835,1
ELLENDALE,503011,Water Level,503011.1.H,10413,2
ELLENDALE,503011,Rainfall Increment,503011.1.R,10413,3
Ellerston (Poitrel),61196,Battery,61196.1.B,1264,1
Ellerston (Poitrel),61196,Rainfall,61196.1.R,1264,2
Ellerston (Poitrel),61196,Rainfall Increment,61196.1.R,1264,3
ELLIOTT TM,539059,Water Level,539059.0.H,6737,1
ELONG ELONG (TALBRAGAR RIVER),564002,Water Level,564002.1.H,8057,1
Elsmore (Danthonia),56111,Battery,56111.2.B.3862,1154,1
Elsmore (Danthonia),56111,Rainfall,56111.2.R.3861,1154,2
Elsmore (Danthonia),56111,Rainfall Increment,56111.2.R.3861,1154,3
ELSMORE BRIDGE (MACINTYRE RIVER),556011,Water Level,556011.1.H,7771,2
ELSMORE BRIDGE (MACINTYRE RIVER),556011,Rainfall Increment,556011.1.R,7771,3
Elsmore Village,56237,Battery,56237.2.B.3860,1159,1
Elsmore Village,56237,Rainfall,56237.2.R.3859,1159,2
Elsmore Village,56237,Rainfall Increment,56237.2.R.3859,1159,3
ELSTER CREEK AT HEAD STREET ELSTERNWICK,586181,Water Level,586181.1.H,12137,1
ELSTER CREEK AT HEAD STREET ELSTERNWICK,586181,Rainfall,586181.1.R,12137,2
ELSTER CREEK AT HEAD STREET ELSTERNWICK,586181,Rainfall Increment,586181.1.R,12137,3
ELTHAM (WILSONS CREEK),58200,Water Level,58200.3.H,8365,1
Eltham (Wilsons Creek),58200,Battery,58200.1.B.7146,1193,1
Eltham (Wilsons Creek),58200,Water Level,58200.2.H,1193,2
Eltham (Wilsons Creek),58200,Water Level,58200.1.H.7119,1193,3
ELTHAM NORTH RAIN GAUGE,586341,Rainfall,586341.1.R,12080,1
ELTHAM NORTH RAIN GAUGE,586341,Rainfall Increment,586341.1.R,12080,2
Emerald AL,535076,Water Level,535076.0.H.5884,2450,1
Emerald AL,535076,Rainfall,535076.0.R.5883,2450,2
Emerald AL,535076,Battery,535076.0.B.5935,2450,3
Emerald AL,535076,Rainfall Increment,535076.0.R.5883,2450,4
Emerald Crest AL,531035,Rainfall,531035.0.R.6810,2226,1
Emerald Crest AL,531035,Battery,531035.0.B.6811,2226,2
Emerald Crest AL,531035,Rainfall Increment,531035.0.R.6810,2226,3
Emerald Radar AL,35146,Rainfall,35146.0.R.5851,2066,1
Emerald Radar AL,35146,Battery,35146.0.B.5852,2066,2
Emerald Radar AL,35146,Rainfall Increment,35146.0.R.5851,2066,3
EMERALD WEATHER STATION AT CARDINIA RESERVOIR,586033,Rainfall,586033.1.R,12196,1
EMERALD WEATHER STATION AT CARDINIA RESERVOIR,586033,Rainfall Increment,586033.1.R,12196,2
Emmaville Post Office,56009,Battery,56009.1.B,1148,1
Emmaville Post Office,56009,Rainfall,56009.1.R,1148,2
Emmaville Post Office,56009,Rainfall Increment,56009.1.R,1148,3
Emu Ck AL,33306,Rainfall,33306.0.R.2640,2058,1
Emu Ck AL,33306,Battery,33306.0.B.2641,2058,2
Emu Ck AL,33306,Rainfall Increment,33306.0.R.2640,2058,3
Emu Creek [Pierces Ck Rd],140023,Battery,140023.0.B,11569,1
Emu Creek [Pierces Ck Rd],140023,Rainfall,140023.0.R,11569,2
Emu Creek [Pierces Ck Rd],140023,Rainfall Increment,140023.0.R,11569,3
Emu Creek [Pierces Ck Rd],140023,Water Level,140023.0.H,11569,4
EMU SPRINGS,508021,Water Level,508021.1.H,10519,2
EMU SPRINGS,508021,Rainfall Increment,508021.1.R,10519,3
Emu Vale AL,41533,Water Level,41533.0.H.6874,2186,1
Emu Vale AL,41533,Rainfall,41533.0.R.6873,2186,2
Emu Vale AL,41533,Battery,41533.0.B.6875,2186,3
Emu Vale AL,41533,Rainfall Increment,41533.0.R.6873,2186,4
EMU VALE TM,541035,Water Level,541035.0.H,6997,1
Enderlee,82147,Rainfall,82147.1.R.488,4513,1
Enderlee,82147,Battery,82147.1.B.489,4513,2
Enderlee,82147,Rainfall Increment,82147.1.R.488,4513,3
Englands Road (Coffs Harbour),559059,Water Level,559059.0.H,1559,1
Englands Road (Coffs Harbour),559059,Rainfall,559059.0.R,1559,2
Englands Road (Coffs Harbour),559059,Rainfall Increment,559059.0.R,1559,3
ENGLANDS ROAD (COFFS HARBOUR),559059,Rainfall,559059.1.R,11982,1
ENGLANDS ROAD (COFFS HARBOUR),559059,Rainfall Increment,559059.1.R,11982,2
ENGLANDS ROAD (COFFS HARBOUR),559059,Water Level,559059.1.H,11982,3
Enoggera Dam AL,540119,Water Level,540119.0.H.1534,2737,1
Enoggera Dam AL,540119,Rainfall,540119.0.R.1533,2737,2
Enoggera Dam AL,540119,Rainfall Increment,540119.0.R.1533,2737,3
ENOGGERA DAM HW TM,540604,Water Level,540604.0.H,10289,2
ENOGGERA DAM HW TM,540604,Rainfall Increment,540604.0.R,10289,3
Erina Heights,561129,Water Level,561129.1.H.3761,1648,1
Erina Heights,561129,Battery,561129.1.B.3762,1648,2
ERINA HEIGHTS (ERINA CREEK),561129,Water Level,561129.2.H,5805,1
ERINA HEIGHTS (PAUL OVAL),561145,Rainfall Increment,561145.1.R,5827,2
ERINGOARRAH (MURRUMBIDGEE RIVER),573001,Water Level,573001.1.H,8253,1
ERNEST CREEK TM,533134,Rainfall Increment,533134.0.R,6539,2
Erskine Park Reservoir,67066,Battery,67066.1.B.7625,1367,1
Erskine Park Reservoir,67066,Rainfall,67066.1.R.7624,1367,2
Erskine Park Reservoir,67066,Rainfall Increment,67066.1.R.7624,1367,3
Eskdale AL,540492,Rainfall,540492.0.R.6605,3010,1
Eskdale AL,540492,Rainfall Increment,540492.0.R.6605,3010,2
ESMERALDA (RICHMOND RD) TM,529071,Water Level,529071.0.H,9913,1
Essendean Bridge AL,539126,Water Level,539126.0.H.4356,2568,1
Essendean Bridge AL,539126,Rainfall,539126.0.R.4355,2568,2
Essendean Bridge AL,539126,Battery,539126.0.B.4357,2568,3
Essendean Bridge AL,539126,Rainfall Increment,539126.0.R.4355,2568,4
ESSENDON NORTH RAIN GAUGE,586255,Rainfall,586255.1.R,12102,1
ESSENDON NORTH RAIN GAUGE,586255,Rainfall Increment,586255.1.R,12102,2
Eton Vale AL,533077,Rainfall,533077.0.R.2983,2382,1
Eton Vale AL,533077,Battery,533077.0.B.2984,2382,2
Eton Vale AL,533077,Rainfall Increment,533077.0.R.2983,2382,3
ETTA PLAINS TM,529018,Water Level,529018.0.H,6239,2
ETTA PLAINS TM,529018,Rainfall Increment,529018.0.R,6239,3
ETTALONG PUBLIC SCHOOL,561140,Rainfall Increment,561140.1.R,5817,2
ETTIEWYN TM,540075,Water Level,540075.0.H,6837,1
Eudlo AL,540222,Water Level,540222.0.H.6405,2814,1
Eudlo AL,540222,Rainfall,540222.0.R.6403,2814,2
Eudlo AL,540222,Battery,540222.0.B.6404,2814,3
Eudlo AL,540222,Rainfall Increment,540222.0.R.6403,2814,4
EUGOWRA (SMITHFIELD),65095,Water Level,65095.1.H,8417,1
EUMEMMERING CREEK AT DANDENONG SOUTH,586114,Water Level,586114.1.H,12228,1
EUMEMMERING CREEK AT DANDENONG SOUTH,586114,Rainfall,586114.1.R,12228,2
EUMEMMERING CREEK AT DANDENONG SOUTH,586114,Rainfall Increment,586114.1.R,12228,3
EUMEMMERING CREEK AT NARRE WARREN NORTH,586257,Water Level,586257.1.H,12235,1
EUMEMMERING CREEK AT NARRE WARREN NORTH,586257,Rainfall,586257.1.R,12235,2
EUMEMMERING CREEK AT NARRE WARREN NORTH,586257,Rainfall Increment,586257.1.R,12235,3
Eumundi AL,540093,Water Level,540093.0.H.6490,2720,1
Eumundi AL,540093,Rainfall,540093.0.R.6488,2720,2
Eumundi AL,540093,Battery,540093.0.B.6489,2720,3
Eumundi AL,540093,Rainfall Increment,540093.0.R.6488,2720,4
EUMUNDI TM,540052,Water Level,540052.0.H,6821,2
EUMUNDI TM,540052,Rainfall Increment,540052.0.R,6821,3
Eungai Creek (Unkya Reserve),559083,Battery,559083.1.B.7586,1574,1
Eungai Creek (Unkya Reserve),559083,Rainfall,559083.1.R.7587,1574,2
Eungai Creek (Unkya Reserve),559083,Rainfall Increment,559083.1.R.7587,1574,3
Eungella (Oxley River),58193,Battery,58193.1.B.7157,1190,1
Eungella (Oxley River),58193,Rainfall,58193.1.R.7159,1190,2
Eungella (Oxley River),58193,Water Level,58193.1.H.7158,1190,3
Eungella (Oxley River),58193,Rainfall Increment,58193.1.R.7159,1190,5
EUNGELLA (OXLEY RIVER),58193,Water Level,58193.3.H,8361,2
EUNGELLA (OXLEY RIVER),58193,Rainfall Increment,58193.2.R,8361,3
Eungella AL,533039,Rainfall,533039.0.R.6188,2353,1
Eungella AL,533039,Battery,533039.0.B.6189,2353,2
Eungella AL,533039,Rainfall Increment,533039.0.R.6188,2353,3
Eungella Dam AL,533083,Rainfall,533083.0.R.2981,2388,1
Eungella Dam AL,533083,Battery,533083.0.B.2982,2388,2
Eungella Dam AL,533083,Rainfall Increment,533083.0.R.2981,2388,3
EUNGELLA DAM HW TM,533123,Water Level,533123.0.H,11473,1
EUNGELLA DAM TW TM,533162,Water Level,533162.0.H,7165,1
Euramo AL,532059,Water Level,532059.0.H.5211,2305,1
Euramo AL,532059,Rainfall,532059.0.R.5210,2305,2
Euramo AL,532059,Battery,532059.0.B.5212,2305,3
Euramo AL,532059,Rainfall Increment,532059.0.R.5210,2305,4
EURAMO TM,32167,Water Level,32167.0.H,6037,2
EURAMO TM,32167,Rainfall Increment,32167.0.R,6037,3
EUROBODALLA (TUROSS RIVER),569015,Water Level,569015.1.H,8129,2
EUROBODALLA (TUROSS RIVER),569015,Rainfall Increment,569015.1.R,8129,3
EUROMBAH CREEK TM,535111,Water Level,535111.0.H,6671,2
EUROMBAH CREEK TM,535111,Rainfall Increment,535111.0.R,6671,3
Evandale AL,540318,Water Level - AHD,540318.0.H.2349,2881,1
Evandale AL,540318,Rainfall,540318.0.R.2348,2881,2
Evandale AL,540318,Battery,540318.0.B.2350,2881,3
Evandale AL,540318,Rainfall Increment,540318.0.R.2348,2881,4
EVANS HEAD,558048,Water Level,558048.1.H,5571,1
EVERSFIELD TM,544036,Rainfall,544036.0.R,9173,1
EVERSFIELD TM,544036,Rainfall Increment,544036.0.R,9173,2
Everton Hills AL,540121,Water Level,540121.0.H.1573,2739,1
Everton Hills AL,540121,Rainfall,540121.0.R.1572,2739,2
Everton Hills AL,540121,Battery,540121.0.B.1571,2739,3
Everton Hills AL,540121,Rainfall Increment,540121.0.R.1572,2739,4
Everton Park (Trouts Rd) AL,540636,Water Level,540636.0.H.1763,3091,1
Everton Park (Trouts Rd) AL,540636,Battery,540636.0.B.1757,3091,2
Ewen Maddock Dam AL,540346,Water Level,540346.0.H.5405,2908,1
Ewen Maddock Dam AL,540346,Rainfall,540346.0.R.5404,2908,2
Ewen Maddock Dam AL,540346,Battery,540346.0.B.5406,2908,3
Ewen Maddock Dam AL,540346,Rainfall Increment,540346.0.R.5404,2908,4
EWEN MADDOCK DAM HW TM,540603,Water Level,540603.0.H,10287,2
EWEN MADDOCK DAM HW TM,540603,Rainfall Increment,540603.0.R,10287,3
Ewing Bridge Corndale (Coopers Ck),58206,Battery,58206.1.B.7137,1197,1
Ewing Bridge Corndale (Coopers Ck),58206,Rainfall,58206.1.R.7122,1197,2
Ewing Bridge Corndale (Coopers Ck),58206,Water Level,58206.1.H.7121,1197,3
Ewing Bridge Corndale (Coopers Ck),58206,Water Level,58206.2.H.XXXX,1197,4
Ewing Bridge Corndale (Coopers Ck),58206,Rainfall Increment,58206.1.R.7122,1197,5
Expedition Pass AL,533114,Rainfall,533114.0.R.2967,2392,1
Expedition Pass AL,533114,Battery,533114.0.B.2968,2392,2
Expedition Pass AL,533114,Rainfall Increment,533114.0.R.2967,2392,3
Extended Range AL,531116,Rainfall,531116.0.R.5807,2259,1
Extended Range AL,531116,Battery,531116.0.B.5808,2259,2
Extended Range AL,531116,Rainfall Increment,531116.0.R.5807,2259,3
EYRE CREEK AT AUBURN (DEW),521016,Water Level,521016.1.H,8901,1
Fairbairn Dam AL,535101,Water Level,535101.0.H.5925,2472,1
Fairbairn Dam AL,535101,Rainfall,535101.0.R.5924,2472,2
Fairbairn Dam AL,535101,Battery,535101.0.B.5926,2472,3
Fairbairn Dam AL,535101,Rainfall Increment,535101.0.R.5924,2472,4
FAIRBAIRN DAM TM,535019,Water Level,535019.0.H,7169,2
FAIRBAIRN DAM TM,535019,Rainfall Increment,535019.0.R,7169,3
FAIRFIELD,509195,Water Level,509195.1.H,10583,2
FAIRFIELD,509195,Rainfall Increment,509195.1.R,10583,3
Fairfield (City Farm),67114,Battery,67114.1.B.7226,1377,1
Fairfield (City Farm),67114,Rainfall,67114.1.R.7227,1377,2
Fairfield (City Farm),67114,Rainfall Increment,67114.1.R.7227,1377,3
FAIRHOLME (ISLAND CREEK),550004,Water Level,550004.1.H,7543,1
FAIRLIES KNOB TM,540552,Rainfall Increment,540552.0.R,6929,2
Fairview AL,535186,Rainfall,535186.0.R.1229,2543,1
Fairview AL,535186,Battery,535186.0.B.1230,2543,2
Fairview AL,535186,Rainfall Increment,535186.0.R.1229,2543,3
FAIRVIEW TM,41479,Water Level,41479.0.H,6129,1
FALL CK TM,527009,Water Level,527009.0.H,6187,2
FALL CK TM,527009,Rainfall Increment,527009.0.R,6187,3
FALLS CK (CURRAMBENE CK),568173,Water Level,568173.1.H,8115,1
FALLS RD STRATH CREEK,588043,Rainfall,588043.1.R,11329,1
FALLS RD STRATH CREEK,588043,Rainfall Increment,588043.1.R,11329,2
FALLS RD TM,540441,Water Level,540441.0.H,6899,2
FALLS RD TM,540441,Rainfall Increment,540441.0.R,6899,3
FANNING RIVER (DOTSWOOD RD) TM,533220,Rainfall,533220.0.R,10073,1
FANNING RIVER (DOTSWOOD RD) TM,533220,Water Level,533220.0.H,10073,2
FANNING RIVER (DOTSWOOD RD) TM,533220,Rainfall Increment,533220.0.R,10073,3
Fanny Creek,14970,Battery,14970.1.B.1155,299,1
Fanny Creek,14970,Rainfall,14970.1.R.1154,299,2
Fanny Creek,14970,Rainfall Increment,14970.1.R.1154,299,3
FARNBRO TM,541053,Water Level,541053.0.H,7011,2
FARNBRO TM,541053,Rainfall Increment,541053.0.R,7011,3
FARQUHAR INLET,560041,Water Level,560041.1.H,5683,1
FARRARS CK TM,538007,Rainfall,538007.0.R,10201,1
FARRARS CK TM,538007,Water Level,538007.0.H,10201,2
FARRARS CK TM,538007,Rainfall Increment,538007.0.R,10201,3
FARRER PLUVIO,570801,Rainfall Increment,570801.1.R,5461,2
Faulconbridge (Great Western Hwy),63081,Battery,63081.1.B.3011,1312,1
Faulconbridge (Great Western Hwy),63081,Rainfall,63081.1.R.3010,1312,2
Faulconbridge (Great Western Hwy),63081,Rainfall Increment,63081.1.R.3010,1312,3
FAVENC RANGE,514701,Rainfall Increment,514701.1.R,7327,2
Feilton (Plenty River),595025,Water Level,595025.1.H.706,4319,1
Feilton (Plenty River),595025,Battery,595025.1.B.707,4319,2
FELTON TM,41515,Water Level,41515.0.H,6145,2
FELTON TM,41515,Rainfall Increment,41515.0.R,6145,3
FENNERS RD TM,533153,Rainfall Increment,533153.0.R,6557,2
FENTON TM,42106,Water Level,42106.0.H,6161,2
FENTON TM,42106,Rainfall Increment,42106.0.R,6161,3
Ferguson Valley Alert,109507,Rainfall,109507.1.R.5963,4447,1
Ferguson Valley Alert,109507,Battery,109507.1.B.5962,4447,2
Ferguson Valley Alert,109507,Rainfall Increment,109507.1.R.5963,4447,3
FERGUSSON RIVER,514050,Water Level,514050.1.H,7297,2
FERGUSSON RIVER,514050,Rainfall Increment,514050.1.R,7297,3
FERGUSSON RIVER RAILWAY BRIDGE,514901,Water Level,514901.1.H,7363,1
FERNDALE (MIDDLE CREEK),556013,Water Level,556013.1.H,7775,2
FERNDALE (MIDDLE CREEK),556013,Rainfall Increment,556013.1.R,7775,3
FERNY CREEK AT FERNTREE GULLY,586279,Water Level,586279.1.H,12247,1
Ferris Knob AL,540190,Rainfall,540190.0.R.6714,2795,1
Ferris Knob AL,540190,Rainfall Increment,540190.0.R.6714,2795,2
FICKS CROSSING TM,540077,Water Level,540077.0.H,7249,2
FICKS CROSSING TM,540077,Rainfall Increment,540077.0.R,7249,3
Fifteen Mile AL,540601,Rainfall,540601.0.R.4043,3076,1
Fifteen Mile AL,540601,Battery,540601.0.B.4044,3076,2
Fifteen Mile AL,540601,Rainfall Increment,540601.0.R.4043,3076,3
Fifteen Mile Ck @ Greta South,582002,Battery,582002.1.B.145,4653,1
Fifteen Mile Ck @ Greta South,582002,Rainfall,582002.1.R.143,4653,2
Fifteen Mile Ck @ Greta South,582002,Water Level,582002.1.H.144,4653,3
Fifteen Mile Ck @ Greta South,582002,Rainfall Increment,582002.1.R.143,4653,4
Fifteen Mile Ck at Glenrowan,82108,Battery,82108.1.B.183,4791,1
Fifteen Mile Ck at Glenrowan,82108,Water Level,82108.1.H.182,4791,2
FIFTEEN MILE CK AT GRETA SOUTH,582002,Rainfall,582002.2.R,9377,1
FIFTEEN MILE CK AT GRETA SOUTH,582002,Water Level,582002.2.H,9377,2
FIFTEEN MILE CK AT GRETA SOUTH,582002,Rainfall Increment,582002.2.R,9377,3
FIFTEEN MILE CREEK @ GLENROWAN,82108,Water Level,82108.2.H,9775,1
Fig Tree AL,539148,Water Level,539148.0.H.4708,2589,1
Fig Tree AL,539148,Rainfall,539148.0.R.4707,2589,2
Fig Tree AL,539148,Battery,539148.0.B.4709,2589,3
Fig Tree AL,539148,Rainfall Increment,539148.0.R.4707,2589,4
FIG TREE TM,539021,Water Level,539021.0.H,6705,2
FIG TREE TM,539021,Rainfall Increment,539021.0.R,6705,3
Figtree (OBriens Rd),568043,Rainfall,568043.1.R.7424,1758,1
Figtree (OBriens Rd),568043,Rainfall Increment,568043.1.R.7424,1758,2
Finch Hatton (Senninis Rd) AL,533180,Water Level,533180.0.H.5045,2417,1
Finch Hatton (Senninis Rd) AL,533180,Rainfall,533180.0.R.5044,2417,2
Finch Hatton (Senninis Rd) AL,533180,Battery,533180.0.B.5046,2417,3
Finch Hatton (Senninis Rd) AL,533180,Rainfall Increment,533180.0.R.5044,2417,4
Finch Hatton AL,533059,Water Level,533059.0.H.5003,2369,1
Finch Hatton AL,533059,Rainfall,533059.0.R.5002,2369,2
Finch Hatton AL,533059,Battery,533059.0.B.5004,2369,3
Finch Hatton AL,533059,Rainfall Increment,533059.0.R.5002,2369,4
Finch Hatton Dam (Gorge Rd) AL,533176,Water Level,533176.0.H.5048,2413,1
Finch Hatton Dam (Gorge Rd) AL,533176,Rainfall,533176.0.R.5047,2413,2
Finch Hatton Dam (Gorge Rd) AL,533176,Battery,533176.0.B.5049,2413,3
Finch Hatton Dam (Gorge Rd) AL,533176,Rainfall Increment,533176.0.R.5047,2413,4
Finch Hatton Showgrounds AL,533186,Water Level,533186.0.H.5059,2419,1
Finch Hatton Showgrounds AL,533186,Rainfall,533186.0.R.5058,2419,2
Finch Hatton Showgrounds AL,533186,Battery,533186.0.B.5060,2419,3
Finch Hatton Showgrounds AL,533186,Rainfall Increment,533186.0.R.5058,2419,4
FINCH HATTON TM,533092,Water Level,533092.0.H,6489,1
FINDON CREEK (FINDON CREEK),558117,Rainfall Increment,558117.1.R,11449,1
Fingal (South Esk River),92091,Water Level,92091.1.H.640,4279,1
Fingal (South Esk River),92091,Battery,92091.1.B.641,4279,2
FINGAL (TULLOCHGORUM CK),592011,Rainfall,592011.1.R,8843,1
FINGAL (TULLOCHGORUM CK),592011,Rainfall Increment,592011.1.R,8843,2
FINGAL (VALLEY RD),592018,Rainfall,592018.1.R,8857,1
FINGAL (VALLEY RD),592018,Rainfall Increment,592018.1.R,8857,2
FINKE RIVER,515519,Rainfall Increment,515519.1.R,7415,2
FINNISS R KYEEMA RAIN (DEW),523780,Rainfall Increment,523780.1.R,9005,2
FIREROAD W4I (LITTLE RIVER),568236,Water Level,568236.1.H,5321,1
FIRST CK AT BOTANIC GARDENS (DEW),523041,Water Level,523041.1.H,8913,1
FIRST CREEK AT WATERFALL (DEW),523782,Water Level,523782.1.H,9873,2
FIRST CREEK AT WATERFALL (DEW),523782,Rainfall Increment,523782.1.R,9873,3
FISH HOLE CREEK TM,529076,Rainfall,529076.0.R,9921,1
FISH HOLE CREEK TM,529076,Rainfall Increment,529076.0.R,9921,2
Fish River,14906,Battery,14906.1.B,326,1
Fish River,14906,Rainfall,14906.1.R,326,2
Fish River,14906,Rainfall Increment,14906.1.R,326,3
FISHER CK TM,532070,Water Level,532070.0.H,6417,2
FISHER CK TM,532070,Rainfall Increment,532070.0.R,6417,3
FISHER RIVER ABOVE LAKE MACKENZIE,596070,Water Level,596070.1.H,8571,2
FISHER RIVER ABOVE LAKE MACKENZIE,596070,Rainfall Increment,596070.1.R,8571,3
FISHER RIVER ABOVE LAKE MACKENZIE,596070,Flow Rate,596070.1.ML/D,8571,4
FISHERIES RD,509513,Water Level,509513.1.H,10733,1
Fishermans Paradise (Conjola Creek),569044,Water Level,569044.1.H.3330,1811,1
Fishermans Paradise (Conjola Creek),569044,Battery,569044.1.B.3329,1811,2
FISHERMANS POCKET TM,40824,Water Level,40824.0.H,6107,2
FISHERMANS POCKET TM,40824,Rainfall Increment,40824.0.R,6107,3
Fishermans Repeater,568201,Battery,568201.1.B.3370,1796,1
Fishermans Repeater,568201,Rainfall,568201.1.R.3371,1796,2
Fishermans Repeater,568201,Rainfall Increment,568201.1.R.3371,1796,3
FISHY POOL,506011,Water Level,506011.1.H,10493,2
FISHY POOL,506011,Rainfall Increment,506011.1.R,10493,3
FISKVILLE RAIN GAUGE,587041,Rainfall,587041.1.R,12063,1
FISKVILLE RAIN GAUGE,587041,Rainfall Increment,587041.1.R,12063,2
FITZROY BARRAGE,503017,Water Level,503017.1.H,10421,1
FITZROY CROSSING,503014,Water Level,503014.1.H,10419,1
FITZROY DEVELOPMENTAL RD BR TM,534028,Rainfall,534028.0.R,10087,1
FITZROY DEVELOPMENTAL RD BR TM,534028,Water Level,534028.0.H,10087,2
FITZROY DEVELOPMENTAL RD BR TM,534028,Rainfall Increment,534028.0.R,10087,3
Fitzroy Falls (Red Hills),68248,Battery,68248.1.B.7021,1395,1
Fitzroy Falls (Red Hills),68248,Rainfall,68248.1.R.7020,1395,2
Fitzroy Falls (Red Hills),68248,Rainfall Increment,68248.1.R.7020,1395,3
FITZROY FALLS DAM,568124,Rainfall Increment,568124.1.R,5275,2
Five Mile Br AL,540147,Water Level,540147.0.H.6551,2761,1
Five Mile Br AL,540147,Rainfall,540147.0.R.6550,2761,2
Five Mile Br AL,540147,Rainfall Increment,540147.0.R.6550,2761,3
FLADBURY (SEVERN RIVER),556019,Water Level,556019.1.H,7785,1
Flaggy Ck AL,531039,Water Level,531039.0.H.6823,2230,1
Flaggy Ck AL,531039,Rainfall,531039.0.R.6822,2230,2
Flaggy Ck AL,531039,Battery,531039.0.B.6824,2230,3
Flaggy Ck AL,531039,Rainfall Increment,531039.0.R.6822,2230,4
FLAGGY CREEK TM,531027,Water Level,531027.0.H,6311,1
FLAGGY TM,531069,Water Level,531069.0.H,6341,2
FLAGGY TM,531069,Rainfall Increment,531069.0.R,6341,3
Flagstone Bridge AL,539190,Water Level,539190.0.H.836,2629,1
Flagstone Bridge AL,539190,Rainfall,539190.0.R.835,2629,2
Flagstone Bridge AL,539190,Battery,539190.0.B.837,2629,3
Flagstone Bridge AL,539190,Rainfall Increment,539190.0.R.835,2629,4
Flagstone Ck (Jimboomba) AL,540689,Water Level,540689.0.H.5375,3140,1
Flagstone Ck (Jimboomba) AL,540689,Rainfall,540689.0.R.5374,3140,2
Flagstone Ck (Jimboomba) AL,540689,Battery,540689.0.B.5376,3140,3
Flagstone Ck (Jimboomba) AL,540689,Rainfall Increment,540689.0.R.5374,3140,4
Flagstone Ck AL,540517,Water Level,540517.0.H.4019,3028,1
Flagstone Ck AL,540517,Rainfall,540517.0.R.4018,3028,2
Flagstone Ck AL,540517,Battery,540517.0.B.4020,3028,3
Flagstone Ck AL,540517,Rainfall Increment,540517.0.R.4018,3028,4
FLAGSTONE CK BORE TM,540540,Rainfall Increment,540540.0.R,6923,2
FLAGSTONE CK TM,540405,Water Level,540405.0.H,6889,1
FLAT ROCKS,505011,Water Level,505011.1.H,10465,2
FLAT ROCKS,505011,Rainfall Increment,505011.1.R,10465,3
FLATROCK TM,531025,Water Level,531025.0.H,6307,2
FLATROCK TM,531025,Rainfall Increment,531025.0.R,6307,3
FLETCHERVALE RD (WANDO VALE) TM,530054,Rainfall,530054.0.R,9971,1
FLETCHERVALE RD (WANDO VALE) TM,530054,Rainfall Increment,530054.0.R,9971,2
FLINDERS CLONCURRY JUNCTION TM,529044,Rainfall,529044.0.R,9113,1
FLINDERS CLONCURRY JUNCTION TM,529044,Water Level,529044.0.H,9113,2
FLINDERS CLONCURRY JUNCTION TM,529044,Rainfall Increment,529044.0.R,9113,3
Flinders View (Ash St) AL,540808,Water Level,540808.0.H.4832,3228,1
Flinders View (Ash St) AL,540808,Rainfall,540808.0.R.4831,3228,2
Flinders View (Ash St) AL,540808,Battery,540808.0.B.4833,3228,3
Flinders View (Ash St) AL,540808,Rainfall Increment,540808.0.R.4831,3228,4
Flinton,42053,Water Level,42053.0.H,2199,1
Flinton,42053,Rainfall,42053.0.R,2199,2
Flinton,42053,Battery,42053.0.B,2199,3
Flinton,42053,Rainfall Increment,42053.0.R,2199,4
FLINTON TM,542006,Water Level,542006.0.H,7067,2
FLINTON TM,542006,Rainfall Increment,542006.0.R,7067,3
FLORA RIVER STONEY CREEK,514914,Water Level,514914.1.H,7379,2
FLORA RIVER STONEY CREEK,514914,Rainfall Increment,514914.1.R,7379,3
FLORAVILLE TM,529010,Water Level,529010.0.H,6225,2
FLORAVILLE TM,529010,Rainfall Increment,529010.0.R,6225,3
FLORENCE CREEK TM,529091,Rainfall,529091.0.R,9945,1
FLORENCE CREEK TM,529091,Rainfall Increment,529091.0.R,9945,2
Florence Vale AL,535074,Rainfall,535074.0.R.5950,2448,1
Florence Vale AL,535074,Battery,535074.0.B.5951,2448,2
Florence Vale AL,535074,Rainfall Increment,535074.0.R.5950,2448,3
FLORENTINE RIVER AT ELEVEN ROAD,595028,Water Level,595028.1.H,8513,1
FLORENTINE RIVER AT ELEVEN ROAD,595028,Flow Rate,595028.1.ML/D,8513,2
FLORENTINE RV (ABV DERWENT RV),595015,Water Level,595015.1.H,8505,1
FLORENTINE RV (ABV DERWENT RV),595015,Flow Rate,595015.1.ML/D,8505,2
FLYING FOX HOLE,502029,Water Level,502029.1.H,10387,1
Foelsche Headland,14059,Battery,14059.1.B.1141,288,1
Foelsche Headland,14059,Rainfall,14059.1.R.1140,288,2
Foelsche Headland,14059,Rainfall Increment,14059.1.R.1140,288,3
FOG CREEK TM,530050,Rainfall,530050.0.R,9963,1
FOG CREEK TM,530050,Rainfall Increment,530050.0.R,9963,2
Folding Hills AL,539238,Water Level,539238.0.H.916,2674,1
Folding Hills AL,539238,Rainfall,539238.0.R.915,2674,2
Folding Hills AL,539238,Battery,539238.0.B.917,2674,3
Folding Hills AL,539238,Rainfall Increment,539238.0.R.915,2674,4
FOLDING HILLS TM,539105,Water Level,539105.0.H,6773,2
FOLDING HILLS TM,539105,Rainfall Increment,539105.0.R,6773,3
Foleyvale AL,535113,Water Level,535113.0.H.5908,2478,1
Foleyvale AL,535113,Rainfall,535113.0.R.5907,2478,2
Foleyvale AL,535113,Battery,535113.0.B.5909,2478,3
Foleyvale AL,535113,Rainfall Increment,535113.0.R.5907,2478,4
FONTHILL TM,531086,Water Level,531086.0.H,6359,2
FONTHILL TM,531086,Rainfall Increment,531086.0.R,6359,3
Fools Ridge (Mt Picton),597502,Rainfall,597502.1.R.561,4327,1
Fools Ridge (Mt Picton),597502,Battery,597502.1.B.562,4327,2
Fools Ridge (Mt Picton),597502,Rainfall Increment,597502.1.R.561,4327,3
FOOTSCRAY RAIN GAUGE,587053,Rainfall,587053.1.R,12031,1
FOOTSCRAY RAIN GAUGE,587053,Rainfall Increment,587053.1.R,12031,2
FORBES IRON BRIDGE (LACHLAN RIVER),65088,Water Level,65088.1.H,8413,1
Forbes River (Birdwood),60130,Battery,60130.2.B.3821,1240,1
Forbes River (Birdwood),60130,Rainfall,60130.2.R.3822,1240,2
Forbes River (Birdwood),60130,Rainfall Increment,60130.2.R.3822,1240,3
FORBES ROAD TM,533104,Water Level,533104.0.H,6509,2
FORBES ROAD TM,533104,Rainfall Increment,533104.0.R,6509,3
Forbesdale (Barrington River),560001,Water Level,560001.2.H.3670,1579,1
Forbesdale (Barrington River),560001,Battery,560001.2.B.3671,1579,2
FORBESDALE (BARRINGTON RIVER),560001,Water Level,560001.1.H,7893,1
FORBESDALE (GLOUCESTER RIVER),560061,Water Level,560061.1.H,7911,1
Forbesdale (Gloucester River),560061,Water Level,560061.2.H.3674,1608,1
Forbesdale (Gloucester River),560061,Battery,560061.2.B.3675,1608,2
FORDS BRIDGE (WARREGO RIVER),548001,Water Level,548001.1.H,7495,1
FORDS BRIDGE BYWASH (WARREGO RIVER),548002,Water Level,548002.1.H,7497,1
Fords Rd AL,540829,Water Level,540829.0.H.4080,3239,1
Fords Rd AL,540829,Rainfall,540829.0.R.4079,3239,2
Fords Rd AL,540829,Battery,540829.0.B.4081,3239,3
Fords Rd AL,540829,Rainfall Increment,540829.0.R.4079,3239,4
FOREST CK AT WARRISTON WEIR,574037,Water Level,574037.1.H,8325,1
FOREST GROVE,509470,Water Level,509470.1.H,10697,1
Forest Hill AL,540516,Rainfall,540516.0.R.4015,3027,1
Forest Hill AL,540516,Battery,540516.0.B.4017,3027,2
Forest Hill AL,540516,Rainfall Increment,540516.0.R.4015,3027,3
FOREST HILL TM,540511,Water Level,540511.0.H,6917,1
FOREST HOME TM,40832,Water Level,40832.0.H,6119,2
FOREST HOME TM,40832,Rainfall Increment,40832.0.R,6119,3
Forest Lake (Rachele Cl) AL,540801,Rainfall,540801.0.R.1809,3221,1
Forest Lake (Rachele Cl) AL,540801,Battery,540801.0.B.1810,3221,2
Forest Lake (Rachele Cl) AL,540801,Rainfall Increment,540801.0.R.1809,3221,3
Forest Vale TM,543007,Water Level,543007.0.H,3360,1
Forest Vale TM,543007,Rainfall,543007.0.R,3360,2
Forest Vale TM,543007,Battery,543007.0.B,3360,3
Forest Vale TM,543007,Gas Pressure,543007.1.GP,3360,4
Forest Vale TM,543007,Rainfall Increment,543007.0.R,3360,5
Forestdale (Johnson Rd) AL,40788,Water Level - AHD,40788.0.H.2111,2097,1
Forestdale (Johnson Rd) AL,40788,Rainfall,40788.0.R.2108,2097,2
Forestdale (Johnson Rd) AL,40788,Battery,40788.0.B.2107,2097,3
Forestdale (Johnson Rd) AL,40788,Rainfall Increment,40788.0.R.2108,2097,4
FORESTVILLE,566080,Rainfall Increment,566080.1.R,5887,2
Forreston ,523709,Water Level,523709.1.H.5713,1988,1
Forreston ,523709,Battery,523709.1.B.5709,1988,2
Forreston Alert,23922,Battery,23922.1.B.5707,1950,1
Forreston Alert,23922,Rainfall,23922.1.R.5708,1950,2
Forreston Alert,23922,Rainfall Increment,23922.1.R.5708,1950,3
Forster - Tuncurry Marine Rescue,60013,Battery,60013.1.B,1225,1
Forster - Tuncurry Marine Rescue,60013,Rainfall,60013.3.R,1225,2
Forster - Tuncurry Marine Rescue,60013,Rainfall Increment,60013.3.R,1225,3
FORSTER TIDE GAUGE,560044,Water Level,560044.1.H,5687,1
FORTH RV (ABV LEMONTHYME PS),596057,Water Level,596057.1.H,8551,1
FORTH RV (ABV LEMONTHYME PS),596057,Flow Rate,596057.1.ML/D,8551,2
Fossickers Flat (Shoalhaven River),68232,Water Level,68232.1.H.7017,1393,1
Fossickers Flat (Shoalhaven River),68232,Battery,68232.1.B.7018,1393,2
FOSSICKERS FLAT (SHOALHAVEN RIVER),68232,Water Level,68232.3.H,5363,1
FOSTERS (BELLINGEN RIVER),559047,Water Level,559047.1.H,7883,1
FOSTERVILLE,93059,Water Level,93059.1.H,8791,2
FOSTERVILLE,93059,Rainfall Increment,93059.1.R,8791,3
Four Mile AL,533073,Rainfall,533073.0.R.6344,2378,1
Four Mile AL,533073,Battery,533073.0.B.6345,2378,2
Four Mile AL,533073,Rainfall Increment,533073.0.R.6344,2378,3
FOUR WAYS (WILLS DEV RD) TM,529090,Rainfall,529090.0.R,9943,1
FOUR WAYS (WILLS DEV RD) TM,529090,Rainfall Increment,529090.0.R,9943,2
Foxground,568224,Battery,568224.1.B.3387,1801,1
Foxground,568224,Rainfall,568224.1.R.3386,1801,2
Foxground,568224,Rainfall Increment,568224.1.R.3386,1801,3
Foxley AL,40933,Rainfall,40933.0.R.5306,2142,1
Foxley AL,40933,Battery,40933.0.B.5307,2142,2
Foxley AL,40933,Rainfall Increment,40933.0.R.5306,2142,3
FOY BROOK D/S BOWMANS CK BRIDGE,561055,Water Level,561055.1.H,7983,1
Frank Sleeman Park AL,540431,Water Level,540431.0.H.1851,2960,1
Frank Sleeman Park AL,540431,Rainfall,540431.0.R.1850,2960,2
Frank Sleeman Park AL,540431,Battery,540431.0.B.1734,2960,3
Frank Sleeman Park AL,540431,Rainfall Increment,540431.0.R.1850,2960,4
FRANKLINGS BRIDGE (LITTLE MERRAN CK),575015,Water Level,575015.1.H,8353,1
Franklyn Vale AL,40912,Rainfall,40912.0.R.2192,2138,1
Franklyn Vale AL,40912,Battery,40912.0.B.2191,2138,2
Franklyn Vale AL,40912,Rainfall Increment,40912.0.R.2192,2138,3
FRANKSTON RESERVOIR RAIN GAUGE,586282,Rainfall,586282.1.R,12190,1
FRANKSTON RESERVOIR RAIN GAUGE,586282,Rainfall Increment,586282.1.R,12190,2
Fred Haigh Dam HW AL,539207,Water Level,539207.0.H.4786,2646,1
Fred Haigh Dam HW AL,539207,Rainfall,539207.0.R.4785,2646,2
Fred Haigh Dam HW AL,539207,Battery,539207.0.B.4787,2646,3
Fred Haigh Dam HW AL,539207,Rainfall Increment,539207.0.R.4785,2646,4
FRED HAIGH DAM HW TM,539050,Water Level,539050.0.H,7193,2
FRED HAIGH DAM HW TM,539050,Rainfall Increment,539050.0.R,7193,3
FRED HAIGH DAM TW TM,539113,Water Level,539113.0.H,7239,1
Frederickton,559084,Battery,559084.1.B.7719,1575,1
Frederickton,559084,Water Level,559084.1.H.7720,1575,2
Freeling,523307,Rainfall,523307.1.R.5660,1984,1
Freeling,523307,Battery,523307.1.B.5659,1984,2
Freeling,523307,Rainfall Increment,523307.1.R.5660,1984,3
FREEMANS REACH (HAWKESBURY RIVER),563011,Water Level,563011.1.H,5857,1
Freestone Ck at Briagolong,585034,Battery,585034.1.B.4822,4738,1
Freestone Ck at Briagolong,585034,Rainfall,585034.1.R.4820,4738,2
Freestone Ck at Briagolong,585034,Water Level,585034.1.H.4821,4738,3
Freestone Ck at Briagolong,585034,Rainfall Increment,585034.1.R.4820,4738,4
FREESTONE CREEK AT BRIAGOLONG,585034,Rainfall,585034.2.R,9523,1
FREESTONE CREEK AT BRIAGOLONG,585034,Water Level,585034.2.H,9523,2
FREESTONE CREEK AT BRIAGOLONG,585034,Rainfall Increment,585034.2.R,9523,3
FRENCHES,510000,Water Level,510000.1.H,10849,2
FRENCHES,510000,Rainfall Increment,510000.1.R,10849,3
FRIELS RD TEAK PLANT TM,532130,Rainfall Increment,532130.0.R,6449,2
Frog Hill (Repeater),96082,Battery,96082.1.B.670,4307,1
FROG HOLLOW,502014,Rainfall Increment,502014.1.R,10373,2
Fulham AL,540695,Rainfall,540695.0.R.6674,3146,1
Fulham AL,540695,Rainfall Increment,540695.0.R.6674,3146,2
FUNNEL CREEK BR TM,533185,Rainfall,533185.0.R,10061,1
FUNNEL CREEK BR TM,533185,Water Level,533185.0.H,10061,2
FUNNEL CREEK BR TM,533185,Rainfall Increment,533185.0.R,10061,3
FUNNEL CREEK TM,534005,Water Level,534005.0.H,6585,2
FUNNEL CREEK TM,534005,Rainfall Increment,534005.0.R,6585,3
Fyans Ck at Fyans Ck,579007,Water Level,579007.1.H.5921,4707,1
Fyans Ck at Fyans Ck,579007,Battery,579007.1.B.5922,4707,2
FYANS CREEK @ FYAN&#039;S CREEK,579007,Water Level,579007.2.H,9249,1
Gaeta AL,539208,Rainfall,539208.0.R.4794,2647,1
Gaeta AL,539208,Battery,539208.0.B.4795,2647,2
Gaeta AL,539208,Rainfall Increment,539208.0.R.4794,2647,3
GAINSFORD TM,533096,Water Level,533096.0.H,6497,2
GAINSFORD TM,533096,Rainfall Increment,533096.0.R,6497,3
GAIRDNERS CROSSING,510030,Water Level,510030.1.H,10855,1
Gairloch AL,532027,Water Level,532027.0.H.6042,2277,1
Gairloch AL,532027,Rainfall,532027.0.R.6041,2277,2
Gairloch AL,532027,Battery,532027.0.B.6043,2277,3
Gairloch AL,532027,Rainfall Increment,532027.0.R.6041,2277,4
GALLOWAY (GIL GIL CREEK),552019,Water Level,552019.1.H,7599,1
GAMBOOLA TM,528001,Water Level,528001.0.H,6199,2
GAMBOOLA TM,528001,Rainfall Increment,528001.0.R,6199,3
Gambubal Rd AL,541136,Rainfall,541136.0.R.6891,3302,1
Gambubal Rd AL,541136,Battery,541136.0.B.6892,3302,2
Gambubal Rd AL,541136,Rainfall Increment,541136.0.R.6891,3302,3
GARAH (CAROLE CREEK),553019,Water Level,553019.1.H,7643,1
Garbutt AL,532106,Water Level,532106.0.H.2848,2333,1
Garbutt AL,532106,Rainfall,532106.0.R.2847,2333,2
Garbutt AL,532106,Battery,532106.0.B.2849,2333,3
Garbutt AL,532106,Rainfall Increment,532106.0.R.2847,2333,4
GARDINERS CREEK (BLACKBURN NORTH DR) AT KINKORA ROAD RB,586162,Water Level,586162.1.H,12132,1
GARDINERS CREEK (BLACKBURN NORTH DR) AT KINKORA ROAD RB,586162,Rainfall,586162.1.R,12132,2
GARDINERS CREEK (BLACKBURN NORTH DR) AT KINKORA ROAD RB,586162,Rainfall Increment,586162.1.R,12132,3
GARDINERS CREEK AT GREAT VALLEY ROAD GARDINER,586052,Water Level,586052.1.H,12123,1
GARDINERS CREEK AT GREAT VALLEY ROAD GARDINER,586052,Rainfall,586052.1.R,12123,2
GARDINERS CREEK AT GREAT VALLEY ROAD GARDINER,586052,Rainfall Increment,586052.1.R,12123,3
GARDINERS CREEK AT LAKE ROAD RETARDING BASIN,586195,Water Level,586195.1.H,12000,1
GARDINERS CREEK AT LAKE ROAD RETARDING BASIN,586195,Rainfall,586195.1.R,12000,2
GARDINERS CREEK AT MIDDLEBOROUGH ROAD RETARDING BASIN,586157,Water Level,586157.1.H,12178,1
GARDINERS CREEK DOWNSTREAM HIGH STREET ROAD ASHWOOD,586192,Water Level,586192.1.H,12139,1
GARDINERS CREEK DOWNSTREAM HIGH STREET ROAD ASHWOOD,586192,Rainfall,586192.1.R,12139,2
GARDINERS CREEK DOWNSTREAM HIGH STREET ROAD ASHWOOD,586192,Rainfall Increment,586192.1.R,12139,3
GARDNERS FALLS TM,540403,Water Level,540403.0.H,6885,1
Gargett AL,33304,Water Level,33304.0.H.6167,2056,1
Gargett AL,33304,Rainfall,33304.0.R.6166,2056,2
Gargett AL,33304,Battery,33304.0.B.6168,2056,3
Gargett AL,33304,Rainfall Increment,33304.0.R.6166,2056,4
GARGETT TM,33281,Water Level,33281.0.H,6045,1
Garrabarra,43077,Battery,43077.0.B,11965,1
Garrabarra,43077,Water Level,43077.0.H,11965,2
Garrabarra,43077,Rainfall,43077.0.R,11965,3
Garrabarra,43077,Rainfall Increment,43077.0.R,11965,4
Garradunga AL,532115,Rainfall,532115.0.R.2597,2342,1
Garradunga AL,532115,Battery,532115.0.B.2598,2342,2
Garradunga AL,532115,Rainfall Increment,532115.0.R.2597,2342,3
GARRAWAY CK TM,527011,Water Level,527011.0.H,6191,2
GARRAWAY CK TM,527011,Rainfall Increment,527011.0.R,6191,3
Gatton AL,540156,Water Level,540156.0.H.6578,2770,1
Gatton AL,540156,Rainfall,540156.0.R.6577,2770,2
Gatton AL,540156,Rainfall Increment,540156.0.R.6577,2770,3
GATTON TM,540363,Rainfall,540363.0.R,10263,1
GATTON TM,540363,Water Level,540363.0.H,10263,2
GATTON TM,540363,Rainfall Increment,540363.0.R,10263,3
Gawler,23107,Rainfall,23107.1.R.5780,1878,1
Gawler,23107,Water Level,23107.1.H.5781,1878,2
Gawler,23107,Battery,23107.1.B.5779,1878,3
Gawler,23107,Rainfall Increment,23107.1.R.5780,1878,4
GAWLER RIVER AT CRADLE COAST WATER SUPPLY,591058,Rainfall Increment,591058.1.R,8719,2
GAWLER RIVER AT VIRGINIA (DEW),523038,Rainfall Increment,523038.1.R,8909,1
GAWLER RIVER AT VIRGINIA (DEW),523038,Water Level,523038.1.H,8909,2
Gayndah Flume AL,539191,Water Level,539191.0.H.824,2630,1
Gayndah Flume AL,539191,Rainfall,539191.0.R.823,2630,2
Gayndah Flume AL,539191,Battery,539191.0.B.825,2630,3
Gayndah Flume AL,539191,Rainfall Increment,539191.0.R.823,2630,4
GAYNDAH FLUME TM,39323,Water Level,39323.0.H,6071,1
Gears (Wyong River),61383,Water Level,61383.1.H.7404,1284,1
Gears (Wyong River),61383,Battery,61383.1.B.7405,1284,2
Gears (Wyong River),61383,Rainfall,61383.1.R.7402,1284,3
Gears (Wyong River),61383,Rainfall Increment,61383.1.R.7402,1284,4
GEARS (WYONG RIVER),61383,Water Level,61383.2.H,11583,1
GEARS (WYONG RIVER),61383,Rainfall,61383.2.R,11583,2
GEARS (WYONG RIVER),61383,Rainfall Increment,61383.2.R,11583,3
Geebung AL,540120,Water Level,540120.0.H.1564,2738,1
Geebung AL,540120,Rainfall,540120.0.R.1563,2738,2
Geebung AL,540120,Battery,540120.0.B.1565,2738,3
Geebung AL,540120,Rainfall Increment,540120.0.R.1563,2738,4
GEEHI AIRSTRIP,572036,Rainfall Increment,572036.1.R,9877,2
GELEBELE TM,536016,Water Level,536016.0.H,10141,1
GENOA RIVER AT THE GORGE,584007,Rainfall,584007.1.R,9453,1
GENOA RIVER AT THE GORGE,584007,Water Level,584007.1.H,9453,2
GENOA RIVER AT THE GORGE,584007,Rainfall,584007.2.R,9453,3
GENOA RIVER AT THE GORGE,584007,Water Level,584007.2.H,9453,4
GENOA RIVER AT THE GORGE,584007,Rainfall Increment,584007.1.R,9453,5
GENOA RIVER AT THE GORGE,584007,Rainfall Increment,584007.2.R,9453,6
GENOA RIVER AT WANGARABELL,584030,Water Level,584030.1.H,9481,1
George Boyd Lookout,569046,Battery,569046.1.B.7085,11345,1
George Boyd Lookout,569046,Rainfall,569046.1.R.7084,11345,2
George Boyd Lookout,569046,Rainfall Increment,569046.1.R.7084,11345,3
GEORGE ROAD,509062,Rainfall Increment,509062.1.R,10559,2
Georges Ck (Macleay River),557001,Water Level,557001.1.H.7336,1454,1
Georges Ck (Macleay River),557001,Battery,557001.1.B.7337,1454,2
GEORGES CREEK (MACLEAY RIVER),557001,Water Level,557001.2.H,7821,1
Georges Plains (Queen Charlotte Creek),563061,Water Level,563061.1.H.7372,1691,1
Georges Plains (Queen Charlotte Creek),563061,Battery,563061.1.B.7373,1691,2
Georges Plains (Queen Charlotte Creek),563061,Rainfall,563061.1.R.7371,1691,3
Georges Plains (Queen Charlotte Creek),563061,Rainfall Increment,563061.1.R.7371,1691,4
Gerang Gerung (Comparison),78032,Rainfall,78032.2.R,4824,1
Gerang Gerung (Comparison),78032,Battery,78032.2.B,4824,2
Gerang Gerung (Comparison),78032,Rainfall Increment,78032.2.R,4824,3
GERANGAMETE,90189,Water Level,90189.1.H,9871,1
GERRIGERRUP,590016,Rainfall,590016.1.R,9729,1
GERRIGERRUP,590016,Rainfall Increment,590016.1.R,9729,2
GERROA,568179,Water Level,568179.1.H,5919,1
Ghinghinda AL,535133,Rainfall,535133.0.R.4410,2498,1
Ghinghinda AL,535133,Battery,535133.0.B.4411,2498,2
Ghinghinda AL,535133,Rainfall Increment,535133.0.R.4410,2498,3
Ghost Hill AL,540451,Rainfall,540451.0.R.5600,2972,1
Ghost Hill AL,540451,Battery,540451.0.B.5601,2972,2
Ghost Hill AL,540451,Rainfall Increment,540451.0.R.5600,2972,3
Gibb River,2009,Rainfall,2009.1.R,4332,1
Gibb River,2009,Battery,2009.1.B,4332,2
Gibb River,2009,Rainfall Increment,2009.1.R,4332,3
GIBBO RIVER @ GIBBO PARK,582016,Rainfall,582016.1.R,9399,1
GIBBO RIVER @ GIBBO PARK,582016,Water Level,582016.1.H,9399,2
GIBBO RIVER @ GIBBO PARK,582016,Rainfall Increment,582016.1.R,9399,3
GIBRALTAR RANGE (DANDAHRA CREEK),557008,Water Level,557008.1.H,7835,1
Giddi Giddi South TM,41112,Water Level,41112.0.H,2167,1
Giddi Giddi South TM,41112,Rainfall,41112.0.R,2167,2
Giddi Giddi South TM,41112,Battery,41112.0.B,2167,3
Giddi Giddi South TM,41112,Rainfall Increment,41112.0.R,2167,4
Gidgegannup,9066,Rainfall,9066.1.R.6105,4387,1
Gidgegannup,9066,Battery,9066.1.B.6104,4387,2
Gidgegannup,9066,Rainfall Increment,9066.1.R.6105,4387,3
GILBERT RIVER AT SADDLEWORTH (DEW),523317,Water Level,523317.1.H,8965,1
GILBERT RIVER AT STOCKPORT (DEW),523319,Water Level,523319.1.H,8969,1
Gilgandra (Rosewood),51160,Battery,51160.1.B,1112,1
Gilgandra (Rosewood),51160,Rainfall,51160.1.R,1112,2
Gilgandra (Rosewood),51160,Rainfall Increment,51160.1.R,1112,3
Giligulgul TM,35039,Rainfall,35039.0.R,2063,1
Giligulgul TM,35039,Battery,35039.0.B,2063,2
Giligulgul TM,35039,Rainfall Increment,35039.0.R,2063,3
Gillespie AL,535152,Water Level,535152.0.H.4627,2516,1
Gillespie AL,535152,Rainfall,535152.0.R.4626,2516,2
Gillespie AL,535152,Battery,535152.0.B.4628,2516,3
Gillespie AL,535152,Rainfall Increment,535152.0.R.4626,2516,4
GILLIAT RIVER TM,529041,Water Level,529041.0.H,6255,2
GILLIAT RIVER TM,529041,Rainfall Increment,529041.0.R,6255,3
Gillies Lookout AL,531077,Rainfall,531077.0.R.5100,2250,1
Gillies Lookout AL,531077,Battery,531077.0.B.5101,2250,2
Gillies Lookout AL,531077,Rainfall Increment,531077.0.R.5100,2250,3
GILWEIR TM,42107,Water Level,42107.0.H,6163,1
Gin Gin AL,539209,Rainfall,539209.0.R.4798,2648,1
Gin Gin AL,539209,Battery,539209.0.B.4799,2648,2
Gin Gin AL,539209,Rainfall Increment,539209.0.R.4798,2648,3
Gin Gin Ck AL,539210,Water Level,539210.0.H.4778,2649,1
Gin Gin Ck AL,539210,Rainfall,539210.0.R.4777,2649,2
Gin Gin Ck AL,539210,Battery,539210.0.B.4779,2649,3
Gin Gin Ck AL,539210,Rainfall Increment,539210.0.R.4777,2649,4
GIN GIN CREEK TM,539046,Water Level,539046.0.H,6721,1
GIN GIN WEIR (MACQUARIE RIVER),551003,Water Level,551003.1.H,7551,1
GINGERA (COTTER RIVER),570730,Water Level,570730.1.H,5439,1
GINGILUP,509468,Water Level,509468.1.H,10695,1
GINGIN TM,509427,Water Level,509427.1.H,10655,1
Ginginjibby,7212,Rainfall,7212.1.R,4364,1
Ginginjibby,7212,Battery,7212.1.B,4364,2
Ginginjibby,7212,Rainfall Increment,7212.1.R,4364,3
GINNINDERRA (UPSTREAM BARTON HWY),570807,Rainfall Increment,570807.1.R,5471,2
GINNINDERRA CREEK (UPSTREAM BARTON HWY),570751,Water Level,570751.1.H,5447,1
GINNINDERRA CREEK (UPSTREAM CHARN. RD),570750,Water Level,570750.1.H,5445,1
GIRALANG,570987,Rainfall Increment,570987.1.R,5495,2
Girralong,59107,Battery,59107.1.B.7525,1210,1
Girralong,59107,Rainfall,59107.1.R.7524,1210,2
Girralong,59107,Rainfall Increment,59107.1.R.7524,1210,3
GIRRAWHEEN,509635,Water Level,509635.1.H,10837,1
Giru AL,533051,Water Level,533051.0.H.6333,2361,1
Giru AL,533051,Rainfall,533051.0.R.6330,2361,2
Giru AL,533051,Battery,533051.0.B.6331,2361,3
Giru AL,533051,Rainfall Increment,533051.0.R.6330,2361,4
GIRU WEIR TM,533161,Water Level,533161.0.H,7163,1
GISBORNE,587029,Water Level,587029.1.H,9593,1
Gladstone Radar AL,539127,Rainfall,539127.0.R.4300,2569,1
Gladstone Radar AL,539127,Battery,539127.0.B.4301,2569,2
Gladstone Radar AL,539127,Rainfall Increment,539127.0.R.4300,2569,3
GLADSTONE TIDE TM,539032,Water Level,539032.0.H,5199,1
Glasshouse Mountains AL,540536,Water Level,540536.0.H.5598,3045,1
Glasshouse Mountains AL,540536,Rainfall,540536.0.R.5597,3045,2
Glasshouse Mountains AL,540536,Battery,540536.0.B.5599,3045,3
Glasshouse Mountains AL,540536,Rainfall Increment,540536.0.R.5597,3045,4
GLASTONBURY TM,540404,Water Level,540404.0.H,6887,2
GLASTONBURY TM,540404,Rainfall Increment,540404.0.R,6887,3
GLEBE WEIR HW TM,535044,Water Level,535044.0.H,7177,1
GLEBE WEIR TW TM,535045,Water Level,535045.0.H,7179,1
Gleesons Mill AL,532040,Rainfall,532040.0.R.2728,2290,1
Gleesons Mill AL,532040,Battery,532040.0.B.2729,2290,2
Gleesons Mill AL,532040,Rainfall Increment,532040.0.R.2728,2290,3
Glen Alice,61334,Battery,61334.1.B,1273,1
Glen Alice,61334,Rainfall,61334.1.R,1273,2
Glen Alice,61334,Rainfall Increment,61334.1.R,1273,3
Glen Allyn AL,531103,Water Level,531103.0.H.2595,2256,1
Glen Allyn AL,531103,Rainfall,531103.0.R.2594,2256,2
Glen Allyn AL,531103,Battery,531103.0.B.2596,2256,3
Glen Allyn AL,531103,Rainfall Increment,531103.0.R.2594,2256,4
GLEN ALLYN TM,531084,Water Level,531084.0.H,6355,2
GLEN ALLYN TM,531084,Rainfall Increment,531084.0.R,6355,3
GLEN DAVIS (CAPERTEE RIVER),563075,Water Level,563075.1.H,8035,2
GLEN DAVIS (CAPERTEE RIVER),563075,Rainfall Increment,563075.1.R,8035,3
GLEN DEVON RD DS (DEW),524026,Water Level,524026.1.H,9023,1
GLEN DHU ROAD TM,532127,Rainfall Increment,532127.0.R,6443,2
Glen Eden (Kirkwood Rd) AL,539271,Rainfall,539271.0.R.4371,11381,1
Glen Eden (Kirkwood Rd) AL,539271,Water Level,539271.0.H.4376,11381,2
Glen Eden (Kirkwood Rd) AL,539271,Battery,539271.0.B.4372,11381,3
Glen Eden (Kirkwood Rd) AL,539271,Rainfall Increment,539271.0.R.4371,11381,4
Glen Elgin (Glenbrook),57014,Battery,57014.1.B,1165,1
Glen Elgin (Glenbrook),57014,Rainfall,57014.1.R,1165,2
Glen Elgin (Glenbrook),57014,Rainfall Increment,57014.1.R,1165,3
Glen Esk AL,540524,Rainfall,540524.0.R.6618,3035,1
Glen Esk AL,540524,Rainfall Increment,540524.0.R.6618,3035,2
GLEN HOUGHTON RD TM,530035,Rainfall Increment,530035.0.R,6291,2
GLEN IDOL TM,529029,Rainfall Increment,529029.0.R,6251,2
Glen Innes Ag Research Stn,56013,Battery,56013.1.B,1149,1
Glen Innes Ag Research Stn,56013,Rainfall,56013.2.R,1149,2
Glen Innes Ag Research Stn,56013,Rainfall Increment,56013.1.R,1149,3
GLEN NIVEN DAM HW TM,541189,Water Level,541189.0.H,7061,1
GLEN NIVEN DAM HW TM,541189,Rainfall Increment,541189.0.R,7061,3
Glen Rock AL,535083,Rainfall,535083.0.R.5890,2455,1
Glen Rock AL,535083,Battery,535083.0.B.5891,2455,2
Glen Rock AL,535083,Rainfall Increment,535083.0.R.5890,2455,3
GLEN WAVERLEY RAIN GAUGE AT MOUNT VIEW RESERVOIR,586197,Rainfall,586197.1.R,12200,1
GLEN WAVERLEY RAIN GAUGE AT MOUNT VIEW RESERVOIR,586197,Rainfall Increment,586197.1.R,12200,2
GLENARBON WEIR DOWNSTREAM,541067,Water Level,541067.1.H,7469,2
GLENARBON WEIR DOWNSTREAM,541067,Rainfall Increment,541067.1.R,7469,3
Glenaubyn AL,542024,Rainfall,542024.0.R.4929,3356,1
Glenaubyn AL,542024,Battery,542024.0.B.4930,3356,2
Glenaubyn AL,542024,Rainfall Increment,542024.0.R.4929,3356,3
GLENBAWN DAM D/S,61185,Water Level,61185.1.H,8389,2
GLENBAWN DAM D/S,61185,Rainfall Increment,61185.1.R,8389,3
GLENBAWN DAM W/L (HUNTER RIVER),561012,Water Level,561012.1.H,8817,1
Glencoe AL,535104,Water Level,535104.0.H.4664,2473,1
Glencoe AL,535104,Rainfall,535104.0.R.4663,2473,2
Glencoe AL,535104,Battery,535104.0.B.4665,2473,3
Glencoe AL,535104,Rainfall Increment,535104.0.R.4663,2473,4
Glencoe Rd AL,539192,Rainfall,539192.0.R.759,2631,1
Glencoe Rd AL,539192,Battery,539192.0.B.760,2631,2
Glencoe Rd AL,539192,Rainfall Increment,539192.0.R.759,2631,3
GLENDALE TM,540446,Water Level,540446.0.H,6905,2
GLENDALE TM,540446,Rainfall Increment,540446.0.R,6905,3
GLENDELLO (MOOMIN CREEK),553022,Water Level,553022.1.H,7645,1
GLENDOWER CROSSING TM,530023,Water Level,530023.0.H,6285,2
GLENDOWER CROSSING TM,530023,Rainfall Increment,530023.0.R,6285,3
Glendower Mountain (Leconfield),55309,Battery,55309.1.B.3603,1138,1
Glendower Mountain (Leconfield),55309,Rainfall,55309.1.R.3604,1138,2
Glendower Mountain (Leconfield),55309,Rainfall Increment,55309.1.R.3604,1138,3
GLENDUSK,570335,Rainfall Increment,570335.1.R,5337,2
Gleneagle AL,32169,Water Level,32169.0.H.6055,2024,1
Gleneagle AL,32169,Rainfall,32169.0.R.6052,2024,2
Gleneagle AL,32169,Battery,32169.0.B.6051,2024,3
Gleneagle AL,32169,Rainfall Increment,32169.0.R.6052,2024,4
GLENEAGLE TM,532066,Water Level,532066.0.H,6413,1
GLENEAGLE TM,532066,Rainfall Increment,532066.0.R,6413,2
GLENEEN (HUMBUG CREEK),550010,Water Level,550010.1.H,11567,1
Glenelg Oval,523061,Battery,523061.1.B.5276,1975,1
Glenelg Oval,523061,Rainfall,523061.1.R.5277,1975,2
Glenelg Oval,523061,Rainfall Increment,523061.1.R.5277,1975,3
GLENELG RIVER @ CASTERTON,590002,Water Level,590002.1.H,9707,1
GLENELG RIVER @ DERGHOLM,90142,Water Level,90142.1.H,9861,1
GLENELG RIVER @ FULHAM BRIDGE,79108,Water Level,79108.1.H,9757,1
GLENELG RIVER @ SANDFORD,590005,Water Level,590005.1.H,9713,1
GLENELG RVR HARROW,579028,Water Level,579028.1.H,9273,1
Glenella AL,533201,Water Level,533201.0.H.5073,2425,1
Glenella AL,533201,Rainfall,533201.0.R.5072,2425,2
Glenella AL,533201,Battery,533201.0.B.5074,2425,3
Glenella AL,533201,Rainfall Increment,533201.0.R.5072,2425,4
Glengallan Ck AL,41531,Water Level,41531.0.H.6868,2184,1
Glengallan Ck AL,41531,Rainfall,41531.0.R.6867,2184,2
Glengallan Ck AL,41531,Battery,41531.0.B.6869,2184,3
Glengallan Ck AL,41531,Rainfall Increment,41531.0.R.6867,2184,4
Glengarry (Repeater) AL,544076,Rainfall,544076.0.R.1079,3407,1
Glengarry (Repeater) AL,544076,Battery,544076.0.B.1080,3407,2
Glengarry (Repeater) AL,544076,Rainfall Increment,544076.0.R.1079,3407,3
Glenhaughton Rd AL,535131,Rainfall,535131.0.R.4404,2496,1
Glenhaughton Rd AL,535131,Battery,535131.0.B.4405,2496,2
Glenhaughton Rd AL,535131,Rainfall Increment,535131.0.R.4404,2496,3
Gleniffer,559004,Water Level,559004.1.H.7608,1523,1
Gleniffer,559004,Battery,559004.1.B.7609,1523,2
Gleniffer,559004,Rainfall,559004.1.R.7607,1523,3
Gleniffer,559004,Rainfall Increment,559004.1.R.7607,1523,4
Glenlee AL,535153,Water Level,535153.0.H.5886,2517,1
Glenlee AL,535153,Rainfall,535153.0.R.5885,2517,2
Glenlee AL,535153,Battery,535153.0.B.5887,2517,3
Glenlee AL,535153,Rainfall Increment,535153.0.R.5885,2517,4
GLENLYON DAM HW TM,541051,Water Level,541051.0.H,7007,1
GLENLYON DAM TW TM,541052,Water Level,541052.0.H,7009,2
GLENLYON DAM TW TM,541052,Rainfall Increment,541052.0.R,7009,3
GLENMAGGIE CK @ THE GORGE,585021,Water Level,585021.2.H,9501,2
GLENMAGGIE CK @ THE GORGE,585021,Rainfall Increment,585021.2.R,9501,3
Glenmaggie Ck at the Gorge,585021,Battery,585021.1.B.4860,4737,1
Glenmaggie Ck at the Gorge,585021,Rainfall,585021.1.R.4858,4737,2
Glenmaggie Ck at the Gorge,585021,Water Level,585021.1.H.4859,4737,3
Glenmaggie Ck at the Gorge,585021,Rainfall Increment,585021.1.R.4858,4737,4
GLENMOAN STATION TM,530042,Rainfall,530042.0.R,9953,1
GLENMOAN STATION TM,530042,Water Level,530042.0.H,9953,2
GLENMOAN STATION TM,530042,Rainfall Increment,530042.0.R,9953,3
GLENMORE TM,540042,Water Level,540042.0.H,6807,2
GLENMORE TM,540042,Rainfall Increment,540042.0.R,6807,3
Glennely Creek,568203,Battery,568203.1.B.7029,1798,1
Glennely Creek,568203,Rainfall,568203.1.R.7028,1798,2
Glennely Creek,568203,Rainfall Increment,568203.1.R.7028,1798,3
GLENNIES CK DAM W/L (GLENNIES CK),561049,Water Level,561049.1.H,7973,1
Glenoma Park AL,531128,Water Level,531128.0.H.5126,2263,1
Glenoma Park AL,531128,Rainfall,531128.0.R.5124,2263,2
Glenoma Park AL,531128,Battery,531128.0.B.5127,2263,3
Glenoma Park AL,531128,Rainfall Increment,531128.0.R.5124,2263,4
GLENORA ROAD TM,535058,Rainfall Increment,535058.0.R,6651,2
GLENORCHY (FRAZERS CK),554017,Water Level,554017.1.H,7695,2
GLENORCHY (FRAZERS CK),554017,Rainfall Increment,554017.1.R,7695,3
Glenore Grove AL,540149,Water Level,540149.0.H.6557,2763,1
Glenore Grove AL,540149,Rainfall,540149.0.R.6556,2763,2
Glenore Grove AL,540149,Rainfall Increment,540149.0.R.6556,2763,3
GLENORE WEIR TM,529012,Water Level,529012.0.H,6229,2
GLENORE WEIR TM,529012,Rainfall Increment,529012.0.R,6229,3
Glenreagh (Coramba Street),59054,Battery,59054.1.B.7842,1205,1
Glenreagh (Coramba Street),59054,Rainfall,59054.1.R.7841,1205,2
Glenreagh (Coramba Street),59054,Rainfall Increment,59054.1.R.7841,1205,3
GLENREAGH (ORARA RIVER),559066,Water Level,559066.1.H,7885,1
GLENROY BRIDGE (COXS RIVER),563089,Water Level,563089.1.H,5245,1
GLENROY NO:2 (MANNUS CREEK),572038,Water Level,572038.1.H,8247,2
GLENROY NO:2 (MANNUS CREEK),572038,Rainfall Increment,572038.1.R,8247,3
Glenwood AL,540766,Rainfall,540766.0.R.5633,3189,1
Glenwood AL,540766,Battery,540766.0.B.5634,3189,2
Glenwood AL,540766,Rainfall Increment,540766.0.R.5633,3189,3
GLOAMING (MARAGLE BACK CREEK),572039,Rainfall Increment,572039.1.R,8249,2
GLOUCESTER (GLOUCESTER RIVER),560062,Water Level,560062.1.H,7913,1
Gloucester (Gloucester River),560062,Water Level,560062.2.H.3676,1609,1
Gloucester (Gloucester River),560062,Battery,560062.2.B.3677,1609,2
Gloucester Post Office,60015,Battery,60015.3.B.3656,1226,1
Gloucester Post Office,60015,Rainfall,60015.3.R.3655,1226,2
Gloucester Post Office,60015,Rainfall Increment,60015.3.R.3655,1226,3
Gloucester River at Bellevue,560063,Water Level,560063.1.H.3668,1610,1
Gloucester River at Bellevue,560063,Battery,560063.1.B.3669,1610,2
GOANGRA (NAMOI RIVER),552011,Water Level,552011.1.H,7589,1
GOBARRALONG,573014,Water Level,573014.1.H,8273,1
GOGELDRIE WEIR DOWNSTREAM (MURRUMBIDGEE RIVER),74216,Water Level,74216.1.H,8835,1
Gold Ck Res AL,540107,Water Level,540107.0.H.1717,2727,1
Gold Ck Res AL,540107,Rainfall,540107.0.R.1718,2727,2
Gold Ck Res AL,540107,Rainfall Increment,540107.0.R.1718,2727,3
GOLD CK RESERVOIR HW TM,540609,Water Level,540609.0.H,10297,2
GOLD CK RESERVOIR HW TM,540609,Rainfall Increment,540609.0.R,10297,3
GOLD COAST SAND BYPASS JETTY,40987,Water Level,40987.0.H,5137,1
GOLD COAST TIDE TM,540001,Water Level,540001.0.H,5209,1
Golden Beach AL,540448,Water Level,540448.0.H.5434,2969,1
Golden Beach AL,540448,Battery,540448.0.B.5435,2969,2
GOLDEN BEACH TIDE TM,540761,Water Level,540761.0.H,5217,1
Golden Grove ,523007,Rainfall,523007.1.R.5348,1970,1
Golden Grove ,523007,Battery,523007.1.B.5347,1970,2
Golden Grove ,523007,Rainfall Increment,523007.1.R.5348,1970,3
GOLDEN MILE RD TM,534036,Rainfall,534036.0.R,10093,1
GOLDEN MILE RD TM,534036,Water Level,534036.0.H,10093,2
GOLDEN MILE RD TM,534036,Rainfall Increment,534036.0.R,10093,3
Golden Valley (Wollondilly River),568152,Water Level,568152.1.H.3213,1769,1
Golden Valley (Wollondilly River),568152,Battery,568152.1.B.3215,1769,2
Golden Valley (Wollondilly River),568152,Rainfall,568152.1.R.3214,1769,3
Golden Valley (Wollondilly River),568152,Rainfall Increment,568152.1.R.3214,1769,4
GOLDEN VALLEY (WOLLONDILLY RIVER),568152,Water Level,568152.3.H,5287,1
Goldsborough Valley AL,531075,Rainfall,531075.0.R.5102,2248,1
Goldsborough Valley AL,531075,Battery,531075.0.B.5103,2248,2
Goldsborough Valley AL,531075,Rainfall Increment,531075.0.R.5102,2248,3
Golspie (Ayrston),63032,Battery,63032.1.B,1310,1
Golspie (Ayrston),63032,Rainfall,63032.1.R,1310,2
Golspie (Ayrston),63032,Rainfall Increment,63032.1.R,1310,3
Goltz Rd AL,540600,Rainfall,540600.0.R.4047,3075,1
Goltz Rd AL,540600,Battery,540600.0.B.4048,3075,2
Goltz Rd AL,540600,Rainfall Increment,540600.0.R.4047,3075,3
Gomersal (Woodbridge),23383,Battery,23383.1.B.5643,1912,1
Gomersal (Woodbridge),23383,Rainfall,23383.1.R.5644,1912,2
Gomersal (Woodbridge),23383,Rainfall Increment,23383.1.R.5644,1912,3
GONGOLGON (BOGAN RIVER),548010,Water Level,548010.1.H,7513,1
GOOBARRAGANDRA (MAC&#039;S CROSSING),572032,Water Level,572032.1.H,8239,2
GOOBARRAGANDRA (MAC&#039;S CROSSING),572032,Rainfall Increment,572032.1.R,8239,3
GOOBURRUM P/S TM,539091,Water Level,539091.0.H,7225,2
GOOBURRUM P/S TM,539091,Rainfall Increment,539091.0.R,7225,3
Goodna AL,540670,Water Level,540670.0.H.4824,3122,1
Goodna AL,540670,Rainfall,540670.0.R.4823,3122,2
Goodna AL,540670,Battery,540670.0.B.4825,3122,3
Goodna AL,540670,Rainfall Increment,540670.0.R.4823,3122,4
GOODONGA (DEW),521015,Water Level,521015.1.H,8899,1
GOODOOGA (BIRRIE RIVER),548011,Water Level,548011.1.H,7515,1
GOODOOGA (BOKHARA RIVER),48215,Water Level,48215.1.H,7437,1
GOODWINS (BOKHARA RIVER),548012,Water Level,548012.1.H,7517,1
GOOGONG DAM (QUEANBEYAN RIVER),570029,Water Level - AHD,570029.2.H,5423,1
Googong Dam U/S (Queanbeayan River),570781,Water Level,570781.2.H.3345,1848,1
Googong Dam U/S (Queanbeayan River),570781,Battery,570781.1.B.3405,1848,2
Googong Dam U/S (Queanbeayan River),570781,Rainfall,570781.1.R.3344,1848,3
Googong Dam U/S (Queanbeayan River),570781,Rainfall Increment,570781.1.R.3344,1848,4
GOOGONG DAM U/S (QUEANBEYAN RIVER),570781,Water Level,570781.1.H,5459,1
Googong Dam W/L (Queanbeyan River),570029,Water Level - AHD,570029.1.H.3343,1825,1
Googong Dam W/L (Queanbeyan River),570029,Battery,570029.1.B.3404,1825,2
Googong Hill,70201,Battery,70201.1.B.3324,1418,1
Googong Hill,70201,Rainfall,70201.1.R.3356,1418,2
Googong Hill,70201,Rainfall Increment,70201.1.R.3356,1418,3
Goolman AL,540668,Rainfall,540668.0.R.4818,3120,1
Goolman AL,540668,Battery,540668.0.B.4819,3120,2
Goolman AL,540668,Rainfall Increment,540668.0.R.4818,3120,3
Goolmangar (Goolmangar Ck),558075,Water Level,558075.1.H.7134,1491,1
Goolmangar (Goolmangar Ck),558075,Battery,558075.1.B.7136,1491,2
Goolmangar (Goolmangar Ck),558075,Rainfall,558075.1.R.7130,1491,3
Goolmangar (Goolmangar Ck),558075,Rainfall Increment,558075.1.R.7130,1491,4
GOOLWA BARRAGE DS (DEW),523788,Water Level,523788.1.H,9017,1
GOOLWA BARRAGE US (DEW),523786,Water Level,523786.1.H,9013,1
GOOLWA CHANNEL 2 KM WEST CLAYTON (DEW),523787,Water Level,523787.1.H,9015,1
Goomboorian AL,40893,Rainfall,40893.0.R.6957,2130,1
Goomboorian AL,40893,Battery,40893.0.B.6958,2130,2
Goomboorian AL,40893,Rainfall Increment,40893.0.R.6957,2130,3
Goombungee (Pechey-Maclagan Rd) TM,541166,Rainfall,541166.0.R,3325,1
Goombungee (Pechey-Maclagan Rd) TM,541166,Rainfall Increment,541166.0.R,3325,2
Goomburra AL,541101,Water Level,541101.0.H.5749,3268,1
Goomburra AL,541101,Rainfall,541101.0.R.5748,3268,2
Goomburra AL,541101,Battery,541101.0.B.5750,3268,3
Goomburra AL,541101,Rainfall Increment,541101.0.R.5748,3268,4
GOONARA CREEK TM,531064,Water Level,531064.0.H,6331,1
GOONDIWINDI TM,41500,Water Level,41500.0.H,6139,1
GOONDIWINDI WEIR TM,541030,Water Level,541030.0.H,6993,1
Goonellabah (Wyreema Rd),558035,Battery,558035.1.B.7138,1479,1
Goonengerry,558033,Battery,558033.1.B.7092,1477,1
Goonengerry,558033,Rainfall,558033.1.R.7093,1477,2
Goonengerry,558033,Rainfall Increment,558033.1.R.7093,1477,3
Goonoo Goonoo (Goonoo Goonoo Ck),55313,Water Level,55313.2.H.3616,1140,1
Goonoo Goonoo (Goonoo Goonoo Ck),55313,Battery,55313.1.B.3614,1140,2
Goonoo Goonoo (Goonoo Goonoo Ck),55313,Rainfall,55313.2.R.3615,1140,3
Goonoo Goonoo (Goonoo Goonoo Ck),55313,Rainfall Increment,55313.2.R.3615,1140,4
GOONOO GOONOO (GOONOO GOONOO CREEK),55313,Water Level,55313.1.H,7661,2
GOONOO GOONOO (GOONOO GOONOO CREEK),55313,Rainfall Increment,55313.1.R,7661,3
Goonumbla (Cordadgery),50016,Battery,50016.1.B,1108,1
Goonumbla (Cordadgery),50016,Rainfall,50016.1.R,1108,2
Goonumbla (Cordadgery),50016,Rainfall Increment,50016.1.R,1108,3
GOONYELLA TM,534006,Water Level,534006.0.H,6587,1
Goorambat,581031,Battery,581031.1.B.198,4808,1
Goorambat,581031,Rainfall,581031.1.R.197,4808,2
Goorambat,581031,Rainfall Increment,581031.1.R.197,4808,3
Gooseponds AL,533061,Water Level,533061.0.H.5006,2371,1
Gooseponds AL,533061,Rainfall,533061.0.R.5005,2371,2
Gooseponds AL,533061,Battery,533061.0.B.5007,2371,3
Gooseponds AL,533061,Rainfall Increment,533061.0.R.5005,2371,4
Goovigen AL,539239,Water Level,539239.0.H.925,2675,1
Goovigen AL,539239,Rainfall,539239.0.R.924,2675,2
Goovigen AL,539239,Battery,539239.0.B.926,2675,3
Goovigen AL,539239,Rainfall Increment,539239.0.R.924,2675,4
GOOVIGEN TM,539068,Water Level,539068.0.H,6747,2
GOOVIGEN TM,539068,Rainfall Increment,539068.0.R,6747,3
GORDON (BORE),570823,Rainfall Increment,570823.1.R,5473,2
Gordon Ck AL,532109,Water Level,532109.0.H.2851,2336,1
Gordon Ck AL,532109,Rainfall,532109.0.R.2850,2336,2
Gordon Ck AL,532109,Battery,532109.0.B.2852,2336,3
Gordon Ck AL,532109,Rainfall Increment,532109.0.R.2850,2336,4
Gordonvale AL,531051,Water Level,531051.0.H.5105,2239,1
Gordonvale AL,531051,Rainfall,531051.0.R.5104,2239,2
Gordonvale AL,531051,Battery,531051.0.B.5106,2239,3
Gordonvale AL,531051,Rainfall Increment,531051.0.R.5104,2239,4
GORGE ROAD TM,533111,Water Level,533111.0.H,6519,1
Gorge Weir,23909,Water Level,23909.1.H.5467,1941,1
Gorge Weir,23909,Battery,23909.1.B.5466,1941,2
GORGE WEIR (SAW),523742,Water Level,523742.1.H,5525,1
Gormans Gap AL,540521,Rainfall,540521.0.R.4026,3032,1
Gormans Gap AL,540521,Battery,540521.0.B.4027,3032,2
Gormans Gap AL,540521,Rainfall Increment,540521.0.R.4026,3032,3
GOSTWYCK BRIDGE (PATERSON RIVER),61349,Water Level,61349.1.H,6003,2
GOSTWYCK BRIDGE (PATERSON RIVER),61349,Rainfall Increment,61349.1.R,6003,3
GOULBURN (GUNDOWRINGA),570341,Rainfall Increment,570341.1.R,5341,2
Goulburn (Mt Gray),570022,Battery,570022.1.B.3255,1819,1
Goulburn (Mt Gray),570022,Rainfall,570022.1.R.3254,1819,2
Goulburn (Mt Gray),570022,Rainfall Increment,570022.1.R.3254,1819,3
Goulburn (Pomeroy),70071,Battery,70071.1.B.3261,1416,1
Goulburn (Pomeroy),70071,Rainfall,70071.1.R.3260,1416,2
Goulburn (Pomeroy),70071,Rainfall Increment,70071.1.R.3260,1416,3
GOULBURN (SPRINGFIELD),570340,Rainfall Increment,570340.1.R,5339,2
GOULBURN (WATER TREATMENT WORKS),570350,Rainfall Increment,570350.1.R,5349,2
GOULBURN RIVER @ D/S EILDON,588125,Water Level,588125.1.H,9667,1
GOULBURN RIVER @ DOHERTYS,583151,Rainfall,583151.1.R,9443,1
GOULBURN RIVER @ DOHERTYS,583151,Water Level,583151.1.H,9443,2
GOULBURN RIVER @ DOHERTYS,583151,Rainfall Increment,583151.1.R,9443,3
GOULBURN RIVER @ GHIN GHIN,88078,Water Level,88078.1.H,9847,1
GOULBURN RIVER @ MCCOYS BRIDGE,580000,Water Level,580000.1.H,9279,1
GOULBURN RIVER @ MURCHISON,581001,Water Level,581001.2.H,9315,1
GOULBURN RIVER @ SEYMOUR,88126,Water Level,88126.2.H,9855,1
GOULBURN RIVER @ SHEPPARTON,81044,Water Level,81044.2.H,9761,1
GOULBURN RIVER @ TRAWOOL,588007,Water Level,588007.1.H,9623,1
GOULBURN RIVER AT ARCADIA DOWNS,581022,Water Level,581022.2.H,9351,1
Goulburn River at Arcadia Downs,581022,Water Level,581022.1.H.230,4681,1
Goulburn River at Arcadia Downs,581022,Battery,581022.1.B.231,4681,2
GOULBURN RIVER AT COGGAN,562010,Water Level,562010.1.H,8023,1
GOULBURN RIVER AT GOULBURN WEIR DS,581009,Rainfall,581009.2.R,9329,1
GOULBURN RIVER AT GOULBURN WEIR DS,581009,Water Level,581009.2.H,9329,2
GOULBURN RIVER AT GOULBURN WEIR DS,581009,Rainfall Increment,581009.2.R,9329,3
GOULBURN RIVER AT GOULBURN WEIR HG,581013,Water Level,581013.1.H,9337,1
GOULBURN RIVER AT GOULBURN WEIR HG,581013,Flow Rate,581013.1.ML/D,11185,1
Goulburn River at Murchison,581001,Rainfall,581001.1.R.227,4672,1
Goulburn River at Murchison,581001,Water Level,581001.1.H.228,4672,2
Goulburn River at Murchison,581001,Battery,581001.1.B.229,4672,3
Goulburn River at Murchison,581001,Rainfall Increment,581001.1.R.227,4672,4
Goulburn River at Seymour,88126,Battery,88126.1.B.412,4720,1
Goulburn River at Seymour,88126,Rainfall,88126.1.R.411,4720,2
Goulburn River at Seymour,88126,Rainfall Increment,88126.1.R.411,4720,3
Goulburn River at Shepparton,81044,Water Level,81044.1.H.221,4673,1
Goulburn River at Shepparton,81044,Battery,81044.1.B.222,4673,2
Goulburn River D/S Goulburn Weir,581009,Battery,581009.1.B.217,4789,1
Goulburn River D/S Goulburn Weir,581009,Water Level,581009.1.H.216,4789,2
Goulburn River D/S Goulburn Weir,581009,Rainfall,581009.1.R.218,4789,3
Goulburn River D/S Goulburn Weir,581009,Rainfall Increment,581009.1.R.218,4789,4
GOURLEY,514305,Water Level,514305.1.H,7307,2
GOURLEY,514305,Rainfall Increment,514305.1.R,7307,3
GOWAN BRAE (HEC NO1),596045,Rainfall Increment,596045.1.R,8539,3
GOWAN GREEN (BELL RIVER),565018,Water Level,565018.1.H,8085,1
GOWRIE CREEK TM,532010,Water Level,532010.0.H,6395,2
GOWRIE CREEK TM,532010,Rainfall Increment,532010.0.R,6395,3
GOWRIE PARK,91168,Rainfall Increment,91168.1.R,8777,2
GOYDER RIVER,514519,Water Level,514519.1.H,7309,2
GOYDER RIVER,514519,Rainfall Increment,514519.1.R,7309,3
GRACE BURN CREEK DOWNSTREAM OF DIVERSION WEIR,586243,Water Level,586243.1.H,12187,1
GRACEBURN AQUEDUCT,586305,Water Level,586305.1.H,12148,1
GRACEMERE (WYONG RIVER),561038,Water Level,561038.1.H,7957,1
GRAFTON (CLARENCE RIVER),58178,Water Level,58178.1.H,5975,1
GRAHAM RD TM,531115,Rainfall Increment,531115.0.R,6387,2
Grandchester AL,540064,Water Level,540064.0.H.2066,2706,1
Grandchester AL,540064,Rainfall,540064.0.R.2065,2706,2
Grandchester AL,540064,Battery,540064.0.B.2067,2706,3
Grandchester AL,540064,Rainfall Increment,540064.0.R.2065,2706,4
GRANGE BURN @ BALLARAT ROAD,590025,Water Level,590025.1.H,9741,1
Granite Road,587040,Rainfall,587040.1.R.1007,4491,1
Granite Road,587040,Battery,587040.1.B.1008,4491,2
Granite Road,587040,Rainfall Increment,587040.1.R.1007,4491,3
Granite Street AL,541086,Water Level,541086.0.H.5724,3261,1
Granite Street AL,541086,Rainfall,541086.0.R.5723,3261,2
Granite Street AL,541086,Battery,541086.0.B.5725,3261,3
Granite Street AL,541086,Rainfall Increment,541086.0.R.5723,3261,4
Grassy Gully (Shoalhaven River),68233,Water Level,68233.1.H.7026,1394,1
Grassy Gully (Shoalhaven River),68233,Battery,68233.1.B.7070,1394,2
Grassy Gully (Shoalhaven River),68233,Rainfall,68233.1.R.7027,1394,3
Grassy Gully (Shoalhaven River),68233,Rainfall Increment,68233.1.R.7027,1394,4
GRASSY GULLY (SHOALHAVEN RIVER),68233,Water Level,68233.2.H,5365,1
Grassy Hill,61396,Battery,61396.1.B.3155,1288,1
Graves Hill AL,535221,Water Level,535221.0.H.1245,2560,1
Graves Hill AL,535221,Rainfall,535221.0.R.1244,2560,2
Graves Hill AL,535221,Battery,535221.0.B.1246,2560,3
Graves Hill AL,535221,Rainfall Increment,535221.0.R.1244,2560,4
GRAVESEND RD BDG (GWYDIR RIVER),54141,Water Level,54141.1.H,7471,2
GRAVESEND RD BDG (GWYDIR RIVER),54141,Rainfall Increment,54141.1.R,7471,3
Gray,92141,Rainfall,92141.1.R.621,4283,1
Gray,92141,Battery,92141.1.B.622,4283,2
Gray,92141,Rainfall Increment,92141.1.R.621,4283,3
Grays Gate Exchange TM,41550,Rainfall,41550.0.R,2195,1
Grays Gate Exchange TM,41550,Battery,41550.0.B,2195,2
Grays Gate Exchange TM,41550,Rainfall Increment,41550.0.R,2195,3
GREAT DARLING ANABRANCH AT OFFTAKE (DARLING RIVER),547012,Water Level,547012.1.H,11285,1
GREAT DARLING ANABRANCH AT WYCOT (DARLING RIVER),547013,Water Level,547013.1.H,11287,1
GREAT DARLING ANABRANCH BULPUNGA (DARLING RIVER),547014,Water Level,547014.1.H,11291,1
GREAT DARLING ANABRANCH TARA DOWNS (DARLING RIVER),547016,Water Level,547016.1.H,11293,1
GREAT LAKE EAST NO.2 SITE,596085,Rainfall Increment,596085.1.R,8591,2
GREAT MACKERAL BEACH,566041,Rainfall Increment,566041.1.R,5869,2
GRED (KINGS CREEK),556025,Water Level,556025.1.H,7797,2
GRED (KINGS CREEK),556025,Rainfall Increment,556025.1.R,7797,3
Green Hill Res AL,540465,Rainfall,540465.0.R.1852,2984,1
Green Hill Res AL,540465,Battery,540465.0.B.1599,2984,2
Green Hill Res AL,540465,Rainfall Increment,540465.0.R.1852,2984,3
Green Pigeon (Morning View),58113,Battery,58113.1.B,1180,1
Green Pigeon (Morning View),58113,Rainfall,58113.2.R,1180,2
Green Pigeon (Morning View),58113,Rainfall Increment,58113.1.R,1180,3
GREEN ROCKS (HUNTER RIVER),561021,Water Level,561021.1.H,5717,1
GREEN VALLEY (MARIA RIVER),560003,Water Level,560003.1.H,5673,2
GREEN VALLEY (MARIA RIVER),560003,Rainfall Increment,560003.1.R,5673,3
Green Valley AL,535081,Rainfall,535081.0.R.5929,2453,1
Green Valley AL,535081,Battery,535081.0.B.5930,2453,2
Green Valley AL,535081,Rainfall Increment,535081.0.R.5929,2453,3
Greenacres ,23133,Battery,23133.1.B.5874,1887,1
Greenacres ,23133,Rainfall,23133.1.R.5875,1887,2
Greenacres ,23133,Rainfall Increment,23133.1.R.5875,1887,3
Greenbank (Thompson Rd) AL,40794,Rainfall,40794.0.R.2104,2103,1
Greenbank (Thompson Rd) AL,40794,Battery,40794.0.B.2103,2103,2
Greenbank (Thompson Rd) AL,40794,Rainfall Increment,40794.0.R.2104,2103,3
Greenhaven AL,31182,Rainfall,31182.0.R.2525,2004,1
Greenhaven AL,31182,Battery,31182.0.B.2526,2004,2
Greenhaven AL,31182,Rainfall Increment,31182.0.R.2525,2004,3
Greenhill,23860,Rainfall,23860.1.R.5800,1922,1
Greenhill,23860,Battery,23860.1.B.5799,1922,2
Greenhill,23860,Rainfall Increment,23860.1.R.5800,1922,3
Greenmount AL,533058,Rainfall,533058.0.R.5008,2368,1
Greenmount AL,533058,Battery,533058.0.B.5009,2368,2
Greenmount AL,533058,Rainfall Increment,533058.0.R.5008,2368,3
Greenock,23369,Rainfall,23369.1.R.5690,1904,1
Greenock,23369,Battery,23369.1.B.5689,1904,2
Greenock,23369,Rainfall Increment,23369.1.R.5690,1904,3
Greenock Creek,23348,Rainfall,23348.1.R.5650,1900,1
Greenock Creek,23348,Water Level,23348.1.H.5651,1900,2
Greenock Creek,23348,Battery,23348.1.B.5649,1900,3
Greenock Creek,23348,Rainfall Increment,23348.1.R.5650,1900,4
GREENOCK CREEK AT GREENOCK (DEW),523320,Water Level,523320.1.H,8971,1
Greenough Rvr TBRG @ Yuin,7502,Rainfall,7502.1.R,4366,1
Greenough Rvr TBRG @ Yuin,7502,Battery,7502.1.B,4366,2
Greenough Rvr TBRG @ Yuin,7502,Rainfall Increment,7502.1.R,4366,3
Greenstead (Wingecarribee River),68215,Water Level,68215.1.H.3202,1387,1
Greenstead (Wingecarribee River),68215,Battery,68215.1.B.3204,1387,2
Greenstead (Wingecarribee River),68215,Rainfall,68215.1.R.3203,1387,3
Greenstead (Wingecarribee River),68215,Rainfall Increment,68215.1.R.3203,1387,4
GREENSTEAD (WINGECARRIBEE RIVER),68215,Water Level,68215.2.H,5361,1
Greenswamp Rd AL,542036,Rainfall,542036.0.R.4981,11411,1
Greenswamp Rd AL,542036,Water Level,542036.0.H.4982,11411,2
Greenswamp Rd AL,542036,Battery,542036.0.B.4983,11411,3
Greenswamp Rd AL,542036,Rainfall Increment,542036.0.R.4981,11411,4
GREENVALE RESERVOIR RAIN GAUGE- WEATHER STATION,86305,Rainfall,86305.1.R,12083,1
GREENVALE RESERVOIR RAIN GAUGE- WEATHER STATION,86305,Rainfall Increment,86305.1.R,12083,2
Greenwalk,568167,Battery,568167.1.B.3201,1781,1
Greenwell Point,568180,Water Level,568180.2.H.7061,1788,1
Greenwell Point,568180,Battery,568180.1.B.7062,1788,2
Greenwell Point,568180,Rainfall,568180.2.R.7059,1788,3
Greenwell Point,568180,Rainfall Increment,568180.2.R.7059,1788,4
Greenwell Point,568180,Battery,568180.2.B.7089,1788,5
GREENWELL POINT,568180,Water Level,568180.1.H,5921,1
Gregor Ck AL-B,540140,Water Level,540140.0.H.6518,2754,1
Gregor Ck AL-P,540139,Water Level,540139.0.H.6515,2753,1
Gregor Ck AL-P,540139,Rainfall,540139.0.R.6514,2753,2
Gregor Ck AL-P,540139,Rainfall Increment,540139.0.R.6514,2753,3
GREGOR CREEK TM,40822,Water Level,40822.0.H,6103,2
GREGOR CREEK TM,40822,Rainfall Increment,40822.0.R,6103,3
GREGORY DOWNS TM,529009,Water Level,529009.0.H,6223,2
GREGORY DOWNS TM,529009,Rainfall Increment,529009.0.R,6223,3
GREGORY GORGE,505010,Water Level,505010.1.H,10463,2
GREGORY GORGE,505010,Rainfall Increment,505010.1.R,10463,3
Gregory Highway AL,535098,Water Level,535098.0.H.5872,2469,1
Gregory Highway AL,535098,Rainfall,535098.0.R.5871,2469,2
Gregory Highway AL,535098,Battery,535098.0.B.5873,2469,3
Gregory Highway AL,535098,Rainfall Increment,535098.0.R.5871,2469,4
GREGORY HIGHWAY TM,535017,Water Level,535017.0.H,6613,1
GREGORY RIVER(BURRUM HIGHWAY TM),539061,Water Level,539061.0.H,6741,2
GREGORY RIVER(BURRUM HIGHWAY TM),539061,Rainfall Increment,539061.0.R,6741,3
Grenada AL,535205,Rainfall,535205.0.R.1167,2550,1
Grenada AL,535205,Battery,535205.0.B.1168,2550,2
Grenada AL,535205,Rainfall Increment,535205.0.R.1167,2550,3
Gresford Post Office,61024,Battery,61024.3.B.3728,1256,1
Gresford Post Office,61024,Rainfall,61024.3.R.3727,1256,2
Gresford Post Office,61024,Rainfall Increment,61024.3.R.3727,1256,3
GRETA (HUNTER RIVER),561016,Water Level,561016.1.H,7937,1
Greta West,82167,Rainfall,82167.1.R.141,4656,1
Greta West,82167,Battery,82167.1.B.142,4656,2
Greta West,82167,Rainfall Increment,82167.1.R.141,4656,3
Greys Plains Rd AL,540317,Water Level,540317.0.H.2078,2880,1
Greys Plains Rd AL,540317,Rainfall,540317.0.R.2077,2880,2
Greys Plains Rd AL,540317,Battery,540317.0.B.2079,2880,3
Greys Plains Rd AL,540317,Rainfall Increment,540317.0.R.2077,2880,4
Greystanes (Cumberland Golf Club),567049,Battery,567049.1.B.7252,1723,1
Greystanes (Cumberland Golf Club),567049,Rainfall,567049.1.R.7251,1723,2
Greystanes (Cumberland Golf Club),567049,Rainfall Increment,567049.1.R.7251,1723,3
Grigor Rd AL,540334,Rainfall,540334.0.R.6433,2896,1
Grigor Rd AL,540334,Battery,540334.0.B.6434,2896,2
Grigor Rd AL,540334,Rainfall Increment,540334.0.R.6433,2896,3
GRIMSEY RD TM,540539,Rainfall Increment,540539.0.R,6921,2
Grindstone Point,92149,Battery,92149.1.B.759,4286,1
Grindstone Point,92149,Rainfall,92149.1.R.758,4286,2
Grindstone Point,92149,Rainfall Increment,92149.1.R.758,4286,3
Groongal (Groongal Station) Comparison ,75179,Battery,75179.1.B,1437,1
Groongal (Groongal Station) Comparison ,75179,Rainfall,75179.1.R,1437,2
Groongal (Groongal Station) Comparison ,75179,Rainfall Increment,75179.1.R,1437,3
Groper Ck AL,533049,Water Level,533049.0.H.2915,2359,1
Groper Ck AL,533049,Rainfall,533049.0.R.2914,2359,2
Groper Ck AL,533049,Battery,533049.0.B.2916,2359,3
Groper Ck AL,533049,Rainfall Increment,533049.0.R.2914,2359,4
Grose Wold (Burralow),563024,Water Level,563024.1.H.3046,1678,1
Grose Wold (Burralow),563024,Battery,563024.1.B.3048,1678,2
GROSE WOLD (BURRALOW),563024,Water Level,563024.2.H,5227,1
GT NTHN HWY ROAD BRIDGE,509493,Water Level,509493.1.H,10725,1
Guildford (Woodville Golf Club),566060,Battery,566060.1.B.7661,1715,1
Guildford (Woodville Golf Club),566060,Rainfall,566060.1.R.7660,1715,2
Guildford (Woodville Golf Club),566060,Rainfall Increment,566060.1.R.7660,1715,3
GULPA (MURRAY RIVER),574025,Water Level,574025.1.H,8309,1
GULPA CK AT OFFTAKE,574033,Water Level,574033.1.H,8319,1
GUM COWAL AT BIFURCATION,551015,Water Level,551015.1.H,7567,1
Gumeracha Weir ,523708,Battery,523708.1.B.5494,1987,1
Gumeracha Weir ,523708,Water Level,523708.1.H.5495,1987,2
GUMERACHA WEIR (SAW),523755,Water Level,523755.1.H,5527,1
GUMSCRUB CREEK AT PRINCESS HIGHWAY OFFICER,586097,Water Level,586097.1.H,12226,1
GUMSCRUB CREEK AT PRINCESS HIGHWAY OFFICER,586097,Rainfall,586097.1.R,12226,2
GUMSCRUB CREEK AT PRINCESS HIGHWAY OFFICER,586097,Rainfall Increment,586097.1.R,12226,3
GUNDABLOUIE (MOONIE RIVER),548006,Water Level,548006.1.H,7505,1
GUNDAGAI (MURRUMBIDGEE RIVER),73132,Water Level,73132.1.H,8439,1
GUNDAGAI STREET (COFFS HARBOUR),559058,Rainfall,559058.1.R,11981,1
GUNDAGAI STREET (COFFS HARBOUR),559058,Rainfall Increment,559058.1.R,11981,2
GUNDAGAI STREET (COFFS HARBOUR),559058,Water Level,559058.1.H,11981,3
Gundagai Street (Coffs Harbour),559058,Water Level,559058.0.H,1558,1
Gundagai Street (Coffs Harbour),559058,Rainfall,559058.0.R,1558,2
Gundagai Street (Coffs Harbour),559058,Rainfall Increment,559058.0.R,1558,3
GUNDAROO (YASS RIVER),570075,Water Level,570075.1.H,8185,1
GUNDERMAN CARAVAN PARK (HAWKESBURY RIVER),561076,Water Level,561076.1.H,5761,1
GUNDY (PAGES RIVER),61348,Water Level,61348.1.H,8397,1
GUNGALMAN (CASTLEREAGH RIVER),551020,Water Level,551020.1.H,7573,1
GUNIDGERA OFFTAKE (NAMOI RIVER),553009,Water Level,553009.1.H,7631,1
GUNIDGERA WEIR D/S (NAMOI RIVER),553007,Water Level,553007.1.H,7627,1
GUNIDGERA WEIR WL (NAMOI RIVER),553008,Water Level,553008.1.H,7629,1
GUNN BRIDGE (DNRM) TM,542004,Water Level,542004.0.H,7063,2
GUNN BRIDGE (DNRM) TM,542004,Rainfall Increment,542004.0.R,7063,3
Gunnawarra (Rudd Ck) AL,531081,Water Level,531081.0.H.5801,2251,1
Gunnawarra (Rudd Ck) AL,531081,Rainfall,531081.0.R.5800,2251,2
Gunnawarra (Rudd Ck) AL,531081,Battery,531081.0.B.5802,2251,3
Gunnawarra (Rudd Ck) AL,531081,Rainfall Increment,531081.0.R.5800,2251,4
GUNNAWARRA TM,531079,Water Level,531079.0.H,6349,1
GUNNEDAH (NAMOI RIVER),555000,Water Level,555000.1.H,7697,1
GUNNINGBAR REGULATOR D/S (GUNNINGBAR CREEK),51130,Water Level,51130.1.H,8813,1
GUNPOWDER TM,529013,Water Level,529013.0.H,6231,2
GUNPOWDER TM,529013,Rainfall Increment,529013.0.R,6231,3
GUTHALUNGRA TM,533033,Water Level,533033.0.H,6481,2
GUTHALUNGRA TM,533033,Rainfall Increment,533033.0.R,6481,3
Guyra (Box Point),56240,Battery,56240.1.B.7303,1160,1
Guyra (Box Point),56240,Rainfall,56240.1.R.7302,1160,2
Guyra (Box Point),56240,Rainfall Increment,56240.1.R.7302,1160,3
Guyra (Gowan Brae),56161,Battery,56161.1.B.7313,1157,1
Guyra (Gowan Brae),56161,Rainfall,56161.1.R.7312,1157,2
Guyra (Gowan Brae),56161,Rainfall Increment,56161.1.R.7312,1157,3
GWYNNE CREEK TM,531070,Water Level,531070.0.H,6343,1
Gympie AL,40993,Water Level,40993.0.H.6935,2164,1
Gympie AL,40993,Rainfall,40993.0.R.6934,2164,2
Gympie AL,40993,Battery,40993.0.B.6936,2164,3
Gympie AL,40993,Rainfall Increment,40993.0.R.6934,2164,4
GYMPIE WEIR TM,540215,Water Level,540215.0.H,10249,1
Gyranda Weir AL,539163,Water Level,539163.0.H.4430,2604,1
Gyranda Weir AL,539163,Rainfall,539163.0.R.4429,2604,2
Gyranda Weir AL,539163,Battery,539163.0.B.4431,2604,3
Gyranda Weir AL,539163,Rainfall Increment,539163.0.R.4429,2604,4
GYRANDA WEIR TM,539070,Water Level,539070.0.H,7203,1
HADLEY NO 2 (ABERCROMBIE RIVER),563018,Water Level,563018.1.H,8033,1
HAHNDORF CREEK (DEW),523776,Water Level,523776.1.H,8997,1
Halbury Road,23043,Rainfall,23043.1.R.5364,1872,1
Halbury Road,23043,Battery,23043.1.B.5363,1872,2
Halbury Road,23043,Rainfall Increment,23043.1.R.5364,1872,3
Halifax AL,32185,Water Level,32185.0.H.6025,2033,1
Halifax AL,32185,Rainfall,32185.0.R.6024,2033,2
Halifax AL,32185,Battery,32185.0.B.6028,2033,3
Halifax AL,32185,Rainfall Increment,32185.0.R.6024,2033,4
HALLAM VALLEY CONTOUR DRAIN AT HAMPTON PARK,586096,Water Level,586096.1.H,12225,1
HALLAM VALLEY CONTOUR DRAIN AT HAMPTON PARK,586096,Rainfall,586096.1.R,12225,2
HALLAM VALLEY CONTOUR DRAIN AT HAMPTON PARK,586096,Rainfall Increment,586096.1.R,12225,3
HALLS (MURRUMBIDGEE RIVER),570777,Water Level,570777.1.H,5455,1
HALTON (ALLYN RIVER),561019,Water Level,561019.1.H,7943,2
HALTON (ALLYN RIVER),561019,Rainfall Increment,561019.1.R,7943,3
HAMILTON RIVER STATION 1 TM,537040,Rainfall,537040.0.R,10187,1
HAMILTON RIVER STATION 1 TM,537040,Water Level,537040.0.H,10187,2
HAMILTON RIVER STATION 1 TM,537040,Rainfall Increment,537040.0.R,10187,3
HAMILTON RIVER STATION 2 TM,537041,Rainfall,537041.0.R,10189,1
HAMILTON RIVER STATION 2 TM,537041,Water Level,537041.0.H,10189,2
HAMILTON RIVER STATION 2 TM,537041,Rainfall Increment,537041.0.R,10189,3
Hamley Bridge,23135,Rainfall,23135.1.R.5177,1889,1
Hamley Bridge,23135,Battery,23135.1.B.5176,1889,2
Hamley Bridge,23135,Rainfall Increment,23135.1.R.5177,1889,3
HAMLYN TERRACE PUBLIC SCHOOL,561133,Rainfall Increment,561133.1.R,5809,2
Hampden Bridge (Kangaroo River),68181,Water Level,68181.1.H.7041,1384,1
Hampden Bridge (Kangaroo River),68181,Battery,68181.1.B.7069,1384,2
Hampden Bridge (Kangaroo River),68181,Rainfall,68181.1.R.7042,1384,3
Hampden Bridge (Kangaroo River),68181,Rainfall Increment,68181.1.R.7042,1384,4
HAMPDEN BRIDGE (KANGAROO RIVER),68181,Water Level,68181.2.H,5355,1
HAMPSTEAD TM,530039,Rainfall,530039.0.R,9133,1
HAMPSTEAD TM,530039,Rainfall Increment,530039.0.R,9133,2
Hampton (Bindo),63283,Battery,63283.1.B.7364,1320,1
Hampton (Bindo),63283,Rainfall,63283.2.R.7363,1320,2
Hampton (Bindo),63283,Rainfall Increment,63283.2.R.7363,1320,3
HAMPTON RAIN GAUGE,586036,Rainfall,586036.1.R,12088,1
HAMPTON RAIN GAUGE,586036,Rainfall Increment,586036.1.R,12088,2
HANDCOCKS,82156,Rainfall,82156.1.R,9791,1
HANDCOCKS,82156,Rainfall Increment,82156.1.R,9791,2
HANN RIVER TM,528008,Water Level,528008.0.H,6213,2
HANN RIVER TM,528008,Rainfall Increment,528008.0.R,6213,3
Hannaford Post Office,42016,Rainfall,42016.0.R,11593,1
Hannaford Post Office,42016,Rainfall Increment,42016.0.R,11593,2
Hannaford Post Office,42016,Battery,42016.0.B,11593,3
Hannaville AL,533040,Rainfall,533040.0.R.6197,2354,1
Hannaville AL,533040,Battery,533040.0.B.6198,2354,2
Hannaville AL,533040,Rainfall Increment,533040.0.R.6197,2354,3
HANRAHANS CROSSING TM,539281,Water Level,539281.0.H,6799,2
HANRAHANS CROSSING TM,539281,Rainfall Increment,539281.0.R,6799,3
Hansborough,23374,Rainfall,23374.1.R.5336,1906,1
Hansborough,23374,Battery,23374.1.B.5335,1906,2
Hansborough,23374,Rainfall Increment,23374.1.R.5336,1906,3
Happy Valley,9988,Rainfall,9988.1.R.5985,4414,1
Happy Valley,9988,Battery,9988.1.B.5984,4414,2
Happy Valley,9988,Rainfall Increment,9988.1.R.5985,4414,3
Happy Valley Ck @ Rosewhite,82162,Rainfall,82162.1.R.164,4665,1
Happy Valley Ck @ Rosewhite,82162,Battery,82162.1.B.166,4665,2
Happy Valley Ck @ Rosewhite,82162,Water Level,82162.1.H.165,4665,3
Happy Valley Ck @ Rosewhite,82162,Rainfall Increment,82162.1.R.164,4665,4
HAPPY VALLEY RESV (SAW),523764,Rainfall,523764.1.R,5531,1
HAPPY VALLEY RESV (SAW),523764,Water Level,523764.1.H,5531,2
HAPPY VALLEY RESV (SAW),523764,Rainfall Increment,523764.1.R,5531,3
Harding St AL,40873,Water Level,40873.0.H.2173,2120,1
Harding St AL,40873,Rainfall,40873.0.R.2169,2120,2
Harding St AL,40873,Battery,40873.0.B.2170,2120,3
Harding St AL,40873,Rainfall Increment,40873.0.R.2169,2120,4
HARMAN SOUTH RD,509191,Rainfall Increment,509191.1.R,10581,2
Harper Ck AL,540335,Rainfall,540335.0.R.6429,2897,1
Harper Ck AL,540335,Battery,540335.0.B.6430,2897,2
Harper Ck AL,540335,Rainfall Increment,540335.0.R.6429,2897,3
Harpers Crossing AL,540713,Water Level,540713.0.H.5384,3160,1
Harpers Crossing AL,540713,Rainfall,540713.0.R.5383,3160,2
Harpers Crossing AL,540713,Battery,540713.0.B.5385,3160,3
Harpers Crossing AL,540713,Rainfall Increment,540713.0.R.5383,3160,4
HARRINGTON ENTRANCE (MANNING RIVER),560027,Water Level,560027.1.H,5679,1
HARRIS ROAD,509310,Rainfall Increment,509310.1.R,10609,2
Harrisons Opening (Huon River),597501,Battery,597501.1.B.564,4326,1
Harrisons Opening (Huon River),597501,Water Level,597501.1.H.563,4326,2
Harrisons Rd AL,541137,Water Level,541137.0.H.6898,3303,1
Harrisons Rd AL,541137,Rainfall,541137.0.R.6897,3303,2
Harrisons Rd AL,541137,Battery,541137.0.B.6899,3303,3
Harrisons Rd AL,541137,Rainfall Increment,541137.0.R.6897,3303,4
Harrisville AL,540154,Water Level,540154.0.H.6572,2768,1
Harrisville AL,540154,Rainfall,540154.0.R.6571,2768,2
Harrisville AL,540154,Rainfall Increment,540154.0.R.6571,2768,3
Harrisville AL-B,540387,Water Level,540387.0.H.2090,2937,1
Harrisville AL-B,540387,Rainfall,540387.0.R.2089,2937,2
Harrisville AL-B,540387,Battery,540387.0.B.2091,2937,3
Harrisville AL-B,540387,Rainfall Increment,540387.0.R.2089,2937,4
Harrow,079110,Battery,079110.1.B.5997,11590,1
Harrow,079110,Rainfall,079110.1.R.5998,11590,2
Harrow,079110,Rainfall Increment,79110.1.R.5998,11590,3
HARTLEY (DEW),524518,Water Level,524518.1.H,9061,1
HASTINGS TM,544017,Rainfall Increment,544017.0.R,7097,2
Hastings WWTP,558091,Battery,558091.1.B.3475,1506,1
Hastings WWTP,558091,Rainfall,558091.1.R.3474,1506,2
Hastings WWTP,558091,Rainfall Increment,558091.1.R.3474,1506,3
Haughton Bridge AL,533226,Rainfall,533226.0.R.6325,11355,1
Haughton Bridge AL,533226,Battery,533226.0.B.6326,11355,2
Haughton Bridge AL,533226,Water Level,533226.0.H.6327,11355,3
Haughton Bridge AL,533226,Rainfall Increment,533226.0.R.6325,11355,4
HAUGHTON RIVER (FLINDERS HWY) TM,533221,Rainfall,533221.0.R,10075,1
HAUGHTON RIVER (FLINDERS HWY) TM,533221,Rainfall Increment,533221.0.R,10075,2
Haunted Stream at Hells Gate,584031,Battery,584031.1.B.4981,4848,1
Haunted Stream at Hells Gate,584031,Water Level,584031.1.H.4980,4848,2
Hawkwood Range AL,539179,Rainfall,539179.0.R.776,2618,1
Hawkwood Range AL,539179,Battery,539179.0.B.777,2618,2
Hawkwood Range AL,539179,Rainfall Increment,539179.0.R.776,2618,3
Hawthorne AL,540685,Water Level,540685.0.H.1857,3136,1
Hawthorne AL,540685,Battery,540685.0.B.1725,3136,2
Hay (Noonamah) ,75160,Battery,75160.1.B,1434,1
Hay (Noonamah) ,75160,Rainfall,75160.1.R,1434,2
Hay (Noonamah) ,75160,Rainfall Increment,75160.1.R,1434,3
HAY POINT TIDE TM,533012,Water Level,533012.0.H,5189,1
HAY WEIR D/S (MURRUMBIDGEE RIVER),575004,Water Level,575004.2.H,8339,1
HAY WEIR D/S (MURRUMBIDGEE RIVER),575004,Water Level,575004.1.H,11573,1
HAY WEIR U/S (MURRUMBIDGEE RIVER),75172,Water Level,75172.1.H,8837,1
Hays Landing AL,540458,Rainfall,540458.0.R.2006,2978,1
Hays Landing AL,540458,Battery,540458.0.B.2007,2978,2
Hays Landing AL,540458,Rainfall Increment,540458.0.R.2006,2978,3
HAYSTACK (BEARDY RIVER),54146,Water Level,54146.1.H,7475,2
HAYSTACK (BEARDY RIVER),54146,Rainfall Increment,54146.1.R,7475,3
Hayward Creek,14986,Battery,14986.1.B,328,1
Hayward Creek,14986,Rainfall,14986.1.R,328,2
Hayward Creek,14986,Rainfall Increment,14986.1.R,328,3
Hazeldean AL,540487,Rainfall,540487.0.R.6613,3005,1
Hazeldean AL,540487,Rainfall Increment,540487.0.R.6613,3005,2
Hazelton,23365,Battery,23365.1.B.5293,1903,1
Hazelton,23365,Rainfall,23365.1.R.5294,1903,2
Hazelton,23365,Rainfall Increment,23365.1.R.5294,1903,3
Heaslip Road,23111,Water Level,23111.1.H.5369,1880,1
Heaslip Road,23111,Battery,23111.1.B.5367,1880,2
Heaslip Road,23111,Water Level,23111.2.H.5370,1880,3
HEATHERTON MAIN DRAIN AT SOUTHERN RD RET BASIN MENTONE,586187,Water Level,586187.1.H,12231,1
HEATHERTON MAIN DRAIN AT SOUTHERN RD RET BASIN MENTONE,586187,Rainfall,586187.1.R,12231,2
HEATHERTON MAIN DRAIN AT SOUTHERN RD RET BASIN MENTONE,586187,Rainfall Increment,586187.1.R,12231,3
Heathwood AL,35293,Rainfall,35293.0.R.5898,2075,1
Heathwood AL,35293,Battery,35293.0.B.5899,2075,2
Heathwood AL,35293,Rainfall Increment,35293.0.R.5898,2075,3
HEBEL TM,544016,Water Level,544016.0.H,7095,2
HEBEL TM,544016,Rainfall Increment,544016.0.R,7095,3
HECATE TM,533133,Rainfall Increment,533133.0.R,6537,2
Hedlow Airfield TM,33312,Rainfall,33312.0.R,2060,1
Hedlow Airfield TM,33312,Battery,33312.0.B,2060,2
Hedlow Airfield TM,33312,Rainfall Increment,33312.0.R,2060,3
HELEN DOWNS TM,535059,Rainfall Increment,535059.0.R,6653,2
HELENSHOLME (BELUBULA RIVER),565006,Water Level,565006.1.H,8075,1
Helidon AL,540143,Water Level,540143.0.H.6527,2757,1
Helidon AL,540143,Rainfall,540143.0.R.6526,2757,2
Helidon AL,540143,Rainfall Increment,540143.0.R.6526,2757,3
HELIDON TM,40829,Water Level,40829.0.H,6115,2
HELIDON TM,40829,Rainfall Increment,40829.0.R,6115,3
HELLYER RIVER AT GUILDFORD,597048,Water Level,597048.1.H,8597,1
HELLYER RIVER AT GUILDFORD,597048,Flow Rate,597048.1.ML/D,8597,2
Hemmant AL,540129,Water Level,540129.0.H.1528,2746,1
Hemmant AL,540129,Rainfall,540129.0.R.1527,2746,2
Hemmant AL,540129,Battery,540129.0.B.1526,2746,3
Hemmant AL,540129,Rainfall Increment,540129.0.R.1527,2746,4
Henderson Ck AL,540725,Water Level - AHD,540725.0.H.4165,3171,1
Henderson Ck AL,540725,Battery,540725.0.B.4166,3171,2
Hendra AL,540469,Water Level,540469.0.H.1845,2988,1
Hendra AL,540469,Rainfall,540469.0.R.1844,2988,2
Hendra AL,540469,Battery,540469.0.B.1741,2988,3
Hendra AL,540469,Rainfall Increment,540469.0.R.1844,2988,4
Henty Brook,9982,Rainfall,9982.1.R.5953,4409,1
Henty Brook,9982,Battery,9982.1.B.5952,4409,2
Henty Brook,9982,Rainfall Increment,9982.1.R.5953,4409,3
HENTY CANAL CHAINAGE 407,597051,Rainfall Increment,597051.1.R,8603,2
Herberton AL,31198,Rainfall,31198.0.R.6072,2013,1
Herberton AL,31198,Battery,31198.0.B.6073,2013,2
Herberton AL,31198,Rainfall Increment,31198.0.R.6072,2013,3
HERMAN RD TM,533184,Rainfall Increment,533184.0.R,6569,2
Hermans Gully AL,539265,Water Level,539265.0.H.4389,2695,1
Hermans Gully AL,539265,Rainfall,539265.0.R.4388,2695,2
Hermans Gully AL,539265,Battery,539265.0.B.4390,2695,3
Hermans Gully AL,539265,Rainfall Increment,539265.0.R.4388,2695,4
Hermitage,23858,Rainfall,23858.1.R.5346,1921,1
Hermitage,23858,Battery,23858.1.B.5345,1921,2
Hermitage,23858,Rainfall Increment,23858.1.R.5346,1921,3
HERMITAGE (SHANNON RIVER),96070,Water Level,96070.1.H,8689,2
HERMITAGE (SHANNON RIVER),96070,Rainfall Increment,96070.1.R,8689,3
HERMITAGE (SHANNON RIVER),96070,Flow Rate,96070.1.ML/D,8689,4
HERONS CK BR PACIFIC HWY (HERONS CREEK),560022,Water Level,560022.1.H,5393,1
Heronslea,82143,Rainfall,82143.1.R.496,4517,1
Heronslea,82143,Battery,82143.1.B.497,4517,2
Heronslea,82143,Rainfall Increment,82143.1.R.496,4517,3
HERRING LAGOON RD TM,540752,Rainfall Increment,540752.0.R,6987,2
Hexham Bridge,561022,Water Level,561022.2.H.3594,1616,1
Hexham Bridge,561022,Battery,561022.2.B.3596,1616,2
Hexham Bridge,561022,Rainfall,561022.2.R.3595,1616,3
Hexham Bridge,561022,Rainfall Increment,561022.2.R.3595,1616,4
HEXHAM BRIDGE (HUNTER RIVER),561022,Water Level,561022.1.H,5719,1
Heywood Park,523101,Water Level,523101.1.H.5212,1980,1
Heywood Park,523101,Battery,523101.1.B.5211,1980,2
HEYWOODS HUME DAM,572002,Water Level,572002.1.H,8199,1
HIDDEN VALLEY (CASTLEREAGH RIVER),564003,Water Level,564003.1.H,8059,1
High Range (Merrioola),568166,Battery,568166.1.B.7673,1780,1
High Range (Merrioola),568166,Rainfall,568166.1.R.7672,1780,2
High Range (Merrioola),568166,Rainfall Increment,568166.1.R.7672,1780,3
High Ridge,83094,Battery,83094.1.B.4833,4771,1
High Ridge,83094,Rainfall,83094.1.R.4832,4771,2
High Ridge,83094,Rainfall Increment,83094.1.R.4832,4771,3
Highfields TM,541172,Rainfall,541172.0.R,3331,1
Highfields TM,541172,Rainfall Increment,541172.0.R,3331,2
HIGHLAND PLAINS TM,541100,Rainfall Increment,541100.0.R,7045,2
Highland Valley (Greenholm) ,24594,Rainfall,24594.1.R.5437,1960,1
Highland Valley (Greenholm) ,24594,Battery,24594.1.B.5436,1960,2
Highland Valley (Greenholm) ,24594,Rainfall Increment,24594.1.R.5437,1960,3
Highlands,81087,Battery,81087.1.B.132,4640,1
Highlands,81087,Rainfall,81087.1.R.131,4640,2
Highlands,81087,Rainfall Increment,81087.1.R.131,4640,3
Highvale AL,540655,Rainfall,540655.0.R.4117,3107,1
Highvale AL,540655,Battery,540655.0.B.4118,3107,2
Highvale AL,540655,Rainfall Increment,540655.0.R.4117,3107,3
Highwood,88154,Battery,88154.1.B.207,4728,1
Highwood,88154,Rainfall,88154.1.R.206,4728,2
Highwood,88154,Rainfall Increment,88154.1.R.206,4728,3
HILL RIVER SPRINGS,509168,Water Level,509168.1.H,10575,2
HILL RIVER SPRINGS,509168,Rainfall Increment,509168.1.R,10575,3
Hillcrest AL (Wine Glass),540235,Rainfall,540235.0.R.6200,2820,1
Hillcrest AL (Wine Glass),540235,Battery,540235.0.B.6201,2820,2
Hillcrest AL (Wine Glass),540235,Rainfall Increment,540235.0.R.6200,2820,3
Hills Road AL,539135,Water Level,539135.0.H.4359,2577,1
Hills Road AL,539135,Rainfall,539135.0.R.4358,2577,2
Hills Road AL,539135,Battery,539135.0.B.4360,2577,3
Hills Road AL,539135,Rainfall Increment,539135.0.R.4358,2577,4
Hillside,82145,Rainfall,82145.1.R.492,4515,1
Hillside,82145,Battery,82145.1.B.493,4515,2
Hillside,82145,Rainfall Increment,82145.1.R.492,4515,3
Hillston Airport Comparison ,75177,Battery,75177.1.B,1435,1
Hillston Airport Comparison ,75177,Rainfall,75177.1.R,1435,2
Hillston Airport Comparison ,75177,Rainfall Increment,75177.1.R,1435,3
HILLSTON WEIR (LACHLAN RIVER),575013,Water Level,575013.1.H,8351,1
HILLVIEW (OALLEN),570347,Rainfall Increment,570347.1.R,5347,2
Hillview (Shoalhaven River),70335,Water Level,70335.1.H.7008,1422,1
Hillview (Shoalhaven River),70335,Battery,70335.1.B.3366,1422,2
Hillview (Shoalhaven River),70335,Rainfall,70335.1.R.7009,1422,3
Hillview (Shoalhaven River),70335,Rainfall Increment,70335.1.R.7009,1422,4
HILLVIEW (SHOALHAVEN RIVER),70335,Water Level,70335.2.H,5367,1
Hindmarsh (Jerrabomberra Creek),570045,Water Level,570045.1.H.3351,1831,1
Hindmarsh (Jerrabomberra Creek),570045,Battery,570045.1.B.3411,1831,2
Hindmarsh (Jerrabomberra Creek),570045,Rainfall,570045.1.R.3359,1831,3
Hindmarsh (Jerrabomberra Creek),570045,Rainfall Increment,570045.1.R.3359,1831,4
HINTON BRIDGE (PATERSON RIVER),561023,Water Level,561023.1.H,5721,1
Hinze Dam HW AL,40847,Water Level,40847.0.H.2226,2114,1
Hinze Dam HW AL,40847,Rainfall,40847.0.R.2225,2114,2
Hinze Dam HW AL,40847,Battery,40847.0.B.2228,2114,3
Hinze Dam HW AL,40847,Rainfall Increment,40847.0.R.2225,2114,4
HINZE DAM HW TM,540610,Water Level,540610.0.H,10299,2
HINZE DAM HW TM,540610,Rainfall Increment,540610.0.R,10299,3
HMAS CRESWELL (TIDAL),568194,Water Level,568194.1.H,5947,1
HOBLERS BRIDGE (NORTH ESK RIVER),91280,Water Level,91280.1.H,8781,1
HODDLES CREEK AT WARBURTON HIGHWAY LAUNCHING PLACE,586309,Water Level,586309.1.H,12151,1
Hoddles Head (ERTS),568161,Battery,568161.1.B.3171,1777,1
Hodgson Vale (Carroll Rd) TM,541171,Rainfall,541171.0.R,3330,1
Hodgson Vale (Carroll Rd) TM,541171,Rainfall Increment,541171.0.R,3330,2
HOEYS TM,533194,Rainfall Increment,533194.0.R,6575,2
Hoganthulla Xing AL,544043,Water Level,544043.0.H.1026,3376,1
Hoganthulla Xing AL,544043,Rainfall,544043.0.R.1025,3376,2
Hoganthulla Xing AL,544043,Battery,544043.0.B.1027,3376,3
Hoganthulla Xing AL,544043,Rainfall Increment,544043.0.R.1025,3376,4
HOLDFAST (MACINTYRE RIVER),54156,Water Level,54156.1.H,7483,1
Holland Ck @ Kelfeera,582001,Rainfall,582001.1.R.444,4498,1
Holland Ck @ Kelfeera,582001,Battery,582001.1.B.445,4498,2
Holland Ck @ Kelfeera,582001,Water Level,582001.1.H.446,4498,3
Holland Ck @ Kelfeera,582001,Rainfall Increment,582001.1.R.444,4498,4
Holland Ck @ Wrightley,82155,Water Level,82155.1.H.466,4499,1
Holland Ck @ Wrightley,82155,Battery,82155.1.B.465,4499,2
Holland Ck @ Wrightley,82155,Rainfall,82155.1.R.464,4499,3
Holland Ck @ Wrightley,82155,Rainfall Increment,82155.1.R.464,4499,4
HOLLAND CK AT KELFEERA,582001,Water Level,582001.2.H,9375,1
HOLLAND CK AT KELFEERA,582001,Rainfall,582001.3.R,9375,2
HOLLAND CK AT KELFEERA,582001,Rainfall Increment,582001.3.R,9375,3
Holland Pk West AL,540134,Water Level,540134.0.H.1549,2749,1
Holland Pk West AL,540134,Rainfall,540134.0.R.1548,2749,2
Holland Pk West AL,540134,Battery,540134.0.B.1547,2749,3
Holland Pk West AL,540134,Rainfall Increment,540134.0.R.1548,2749,4
Hollywell AL,539178,Rainfall,539178.0.R.742,2617,1
Hollywell AL,539178,Battery,539178.0.B.743,2617,2
Hollywell AL,539178,Rainfall Increment,539178.0.R.742,2617,3
HOLMLEIGH TM,543014,Rainfall,543014.0.R,9165,1
HOLMLEIGH TM,543014,Rainfall Increment,543014.0.R,9165,2
HOLROYD TM,527016,Rainfall Increment,527016.0.R,6197,2
HOME CK @ YARCK,588002,Rainfall,588002.2.R,9613,1
HOME CK @ YARCK,588002,Water Level,588002.2.H,9613,2
HOME CK @ YARCK,588002,Rainfall Increment,588002.2.R,9613,3
Home Creek at Yarck,588002,Battery,588002.1.B.422,4746,1
Home Creek at Yarck,588002,Rainfall,588002.1.R.423,4746,2
Home Creek at Yarck,588002,Water Level,588002.1.H.421,4746,3
Home Creek at Yarck,588002,Rainfall Increment,588002.1.R.423,4746,4
HOME PARK TM,40833,Water Level,40833.0.H,6121,2
HOME PARK TM,40833,Rainfall Increment,40833.0.R,6121,3
HOMEBUSH STATION TM,543011,Rainfall,543011.0.R,9163,1
HOMEBUSH STATION TM,543011,Water Level,543011.0.H,9163,2
HOMEBUSH STATION TM,543011,Rainfall Increment,543011.0.R,9163,3
HOMEBUSH TM,533031,Water Level,533031.0.H,6477,2
HOMEBUSH TM,533031,Rainfall Increment,533031.0.R,6477,3
HOMETURN (HUMBUG CREEK),550009,Water Level,550009.1.H,11568,1
HONEYSUCKLE CK U/S VIOLET TOWN,82084,Rainfall,82084.2.R,9769,1
HONEYSUCKLE CK U/S VIOLET TOWN,82084,Water Level,82084.2.H,9769,2
HONEYSUCKLE CK U/S VIOLET TOWN,82084,Rainfall Increment,82084.2.R,9769,3
HoneySuckle Ck U/S Violet Town,82084,Rainfall,82084.1.R.425,4492,1
HoneySuckle Ck U/S Violet Town,82084,Water Level,82084.1.H.426,4492,2
HoneySuckle Ck U/S Violet Town,82084,Battery,82084.1.B.427,4492,3
HoneySuckle Ck U/S Violet Town,82084,Rainfall Increment,82084.1.R.425,4492,4
HOPE VALLEY RESV (SAW),523032,Water Level,523032.1.H,5503,1
HOPEVALE BORE TM,531108,Rainfall Increment,531108.0.R,6381,2
Hopkins Creek,558080,Battery,558080.1.B.3453,1495,1
Hopkins Creek,558080,Rainfall,558080.1.R.3452,1495,2
Hopkins Creek,558080,Rainfall Increment,558080.1.R.3452,1495,3
HOPKINS RIVER AT ARARAT,589009,Rainfall,589009.1.R,9689,1
HOPKINS RIVER AT ARARAT,589009,Water Level,589009.1.H,9689,2
HOPKINS RIVER AT ARARAT,589009,Rainfall Increment,589009.1.R,9689,3
HOPKINS RIVER AT FRAMLINGHAM,590012,Water Level,590012.1.H,9721,1
HOPKINS RIVER AT WICKLIFFE,589006,Water Level,589006.1.H,9683,1
HOPPERS CROSSING RAIN GAUGE,587102,Rainfall,587102.1.R,12058,1
HOPPERS CROSSING RAIN GAUGE,587102,Rainfall Increment,587102.1.R,12058,2
Hornsby (Swimming Pool),67065,Battery,67065.1.B.3013,1366,1
Hornsby (Swimming Pool),67065,Rainfall,67065.1.R.3012,1366,2
Hornsby (Swimming Pool),67065,Rainfall Increment,67065.1.R.3012,1366,3
Horse Creek AL,42025,Rainfall,42025.0.R.4940,2197,1
Horse Creek AL,42025,Battery,42025.0.B.4941,2197,2
Horse Creek AL,42025,Rainfall Increment,42025.0.R.4940,2197,3
HORSE CROSSING TM,540592,Rainfall Increment,540592.0.R,6967,2
HORSE CROSSING TM,540592,Water Level,540592.0.H,6967,3
HORSE PARK,570041,Rainfall Increment,570041.1.R,5425,2
HORSESHOE LAGOON (TYCANNAH CREEK),553003,Water Level,553003.1.H,7621,1
HORTON DAM SITE (HORTON RIVER),554010,Water Level,554010.1.H,7683,2
HORTON DAM SITE (HORTON RIVER),554010,Rainfall Increment,554010.1.R,7683,3
Hospital Bridge AL,533060,Water Level,533060.0.H.5014,2370,1
Hospital Bridge AL,533060,Rainfall,533060.0.R.5013,2370,2
Hospital Bridge AL,533060,Battery,533060.0.B.5015,2370,3
Hospital Bridge AL,533060,Rainfall Increment,533060.0.R.5013,2370,4
Hotham Creek AL,540376,Water Level,540376.0.H.2378,2927,1
Hotham Creek AL,540376,Rainfall,540376.0.R.2377,2927,2
Hotham Creek AL,540376,Battery,540376.0.B.2379,2927,3
Hotham Creek AL,540376,Rainfall Increment,540376.0.R.2377,2927,4
Houghlahans Creek,558069,Battery,558069.1.B.7567,1487,1
Houghlahans Creek,558069,Rainfall,558069.1.R.7566,1487,2
Houghlahans Creek,558069,Rainfall Increment,558069.1.R.7566,1487,3
HOULGRAVES (DEW),523316,Water Level,523316.1.H,8963,2
HOULGRAVES (DEW),523316,Rainfall Increment,523316.1.R,8963,3
HOULGRAVES (SAW),523726,Water Level,523726.1.H,5515,1
Howard PS AL,40907,Water Level,40907.0.H.6087,2137,1
Howard PS AL,40907,Rainfall,40907.0.R.6086,2137,2
Howard PS AL,40907,Battery,40907.0.B.6088,2137,3
Howard PS AL,40907,Rainfall Increment,40907.0.R.6086,2137,4
HOWARD RIVER,514062,Rainfall Increment,514062.1.R,7301,2
HOWARDS PLAIN METEOROLOGICAL,597060,Rainfall Increment,597060.1.R,8619,2
Howes Valley (Commission Road),61110,Battery,61110.1.B.3168,1260,1
Howes Valley (Commission Road),61110,Rainfall,61110.1.R.3167,1260,2
Howes Valley (Commission Road),61110,Rainfall Increment,61110.1.R.3167,1260,3
Howes Valley (Macdonald River),561036,Water Level,561036.1.H.3160,1621,1
Howes Valley (Macdonald River),561036,Battery,561036.1.B.3162,1621,2
Howes Valley (Macdonald River),561036,Rainfall,561036.1.R.3161,1621,3
Howes Valley (Macdonald River),561036,Rainfall Increment,561036.1.R.3161,1621,4
HOWES VALLEY (MACDONALD RIVER),561036,Water Level,561036.2.H,7955,2
HOWES VALLEY (MACDONALD RIVER),561036,Rainfall Increment,561036.2.R,7955,3
Howley Creek,514925,Battery,514925.1.B,333,1
Howley Creek,514925,Rainfall,514925.1.R,333,2
Howley Creek,514925,Rainfall Increment,514925.1.R,333,3
HUGH RIVER,515520,Rainfall Increment,515520.1.R,7417,2
HUGHENDEN TM,530043,Rainfall,530043.0.R,9955,1
HUGHENDEN TM,530043,Water Level,530043.0.H,9955,2
HUGHENDEN TM,530043,Rainfall Increment,530043.0.R,9955,3
HUGHES CK @ TARCOMBE ROAD,588128,Water Level,588128.2.H,9673,1
Hughes Ck at Tarcombe Road,588128,Water Level,588128.1.H.214,4676,1
Hughes Ck at Tarcombe Road,588128,Battery,588128.1.B.215,4676,2
HULBERTS BRIDGE TM,530163,Rainfall,530163.0.R,9139,1
HULBERTS BRIDGE TM,530163,Water Level,530163.0.H,9139,2
HULBERTS BRIDGE TM,530163,Rainfall Increment,530163.0.R,9139,3
Humboldt AL,535091,Rainfall,535091.0.R.5879,2462,1
Humboldt AL,535091,Battery,535091.0.B.5880,2462,2
Humboldt AL,535091,Rainfall Increment,535091.0.R.5879,2462,3
HUME DAM,572001,Water Level,572001.1.H,8197,2
HUME DAM,572001,Rainfall Increment,572001.1.R,8197,3
Hume Lane AL,540341,Rainfall,540341.0.R.5425,2903,1
Hume Lane AL,540341,Battery,540341.0.B.5426,2903,2
Hume Lane AL,540341,Rainfall Increment,540341.0.R.5425,2903,3
Humeburn AL,544075,Water Level,544075.0.H.1089,3406,1
Humeburn AL,544075,Rainfall,544075.0.R.1088,3406,2
Humeburn AL,544075,Battery,544075.0.B.1090,3406,3
Humeburn AL,544075,Rainfall Increment,544075.0.R.1088,3406,4
Hummocky Hill (Rep),91325,Rainfall,91325.1.R.600,4274,1
Hummocky Hill (Rep),91325,Battery,91325.1.B.601,4274,2
Hummocky Hill (Rep),91325,Rainfall Increment,91325.1.R.600,4274,3
Hunter Springs (Wondecla),61346,Battery,61346.1.B,1275,1
Hunter Springs (Wondecla),61346,Rainfall,61346.1.R,1275,2
Hunter Springs (Wondecla),61346,Rainfall Increment,61346.1.R,1275,3
HUNTERTON TM,543012,Rainfall Increment,543012.0.R,7079,2
HUNTLEY COLLIERY,568181,Rainfall Increment,568181.1.R,5923,2
HUONBROOK,558049,Rainfall Increment,558049.1.R,5573,2
Huonville (Huon River),94180,Battery,94180.1.B.589,4300,1
Huonville (Huon River),94180,Water Level,94180.1.H.588,4300,2
HURDLE CK AT BOBINAWARRAH,82128,Rainfall,82128.2.R,9781,1
HURDLE CK AT BOBINAWARRAH,82128,Water Level,82128.2.H,9781,2
HURDLE CK AT BOBINAWARRAH,82128,Rainfall Increment,82128.2.R,9781,3
Hurdle Creek at Bobinawarrah,82128,Rainfall,82128.1.R.148,4698,1
Hurdle Creek at Bobinawarrah,82128,Water Level,82128.1.H.149,4698,2
Hurdle Creek at Bobinawarrah,82128,Battery,82128.1.B.150,4698,3
Hurdle Creek at Bobinawarrah,82128,Rainfall Increment,82128.1.R.148,4698,4
Hurricane Cliff AL,533068,Battery,533068.1.B.2903,2374,1
Hurricane Cliff AL,533068,Battery,533068.2.B.2904,2374,2
Hurricane Cliff AL,533068,Battery,533068.0.B.2922,2374,3
Hurricane Cliff AL,533068,Battery,533068.3.B.2924,2374,4
Hurricane Cliff AL,533068,Wind Direction,533068.0.WD.2918,2374,5
Hurricane Cliff AL,533068,Wind Gust,533068.0.WG.2911,2374,6
Hurricane Cliff AL,533068,Repeater,533068.1.RP.2901,2374,7
Hurricane Cliff AL,533068,Repeater,533068.2.RP.2902,2374,8
Hurricane Cliff AL,533068,Repeater,533068.3.RP.2996,2374,9
Hurstville (ERTS),566058,Battery,566058.1.B.7666,1713,1
HUT POOL,509549,Water Level,509549.1.H,10791,1
HUTT RIVER AT CLARE (DEW),521008,Water Level,521008.1.H,8887,1
HYDRO SITE TM,534013,Water Level,534013.0.H,6591,1
HYDRO SITE TM,534013,Rainfall Increment,534013.0.R,6591,2
HYGAIT TM,40780,Water Level,40780.0.H,6089,1
IAMA ISLAND TIDE TM,527018,Water Level,527018.0.H,5145,1
IBIS CREEK DAM HW TM,531088,Water Level,531088.0.H,6363,2
IBIS CREEK DAM HW TM,531088,Rainfall Increment,531088.0.R,6363,3
IBIS CREEK DAM TW TM,531090,Water Level,531090.0.H,6365,1
Ida Ck AL,33265,Water Level,33265.0.H.2623,2038,1
Ida Ck AL,33265,Rainfall,33265.0.R.2620,2038,2
Ida Ck AL,33265,Battery,33265.0.B.2621,2038,3
Ida Ck AL,33265,Rainfall Increment,33265.0.R.2620,2038,4
IDA CREEK TM,533028,Water Level,533028.0.H,6473,2
IDA CREEK TM,533028,Rainfall Increment,533028.0.R,6473,3
IFFLEY TM,529051,Rainfall,529051.0.R,9127,1
IFFLEY TM,529051,Water Level,529051.0.H,9127,2
IFFLEY TM,529051,Rainfall Increment,529051.0.R,9127,3
ILFRACOMBE TM,536017,Rainfall,536017.0.R,10143,1
ILFRACOMBE TM,536017,Water Level,536017.0.H,10143,2
ILFRACOMBE TM,536017,Rainfall Increment,536017.0.R,10143,3
ILLINBAH TM,540584,Rainfall Increment,540584.0.R,6957,2
Imbil AL,40777,Water Level,40777.0.H.6955,2093,1
Imbil AL,40777,Rainfall,40777.0.R.6954,2093,2
Imbil AL,40777,Battery,40777.0.B.6956,2093,3
Imbil AL,40777,Rainfall Increment,40777.0.R.6954,2093,4
Inala AL,540029,Rainfall,540029.0.R.1736,2699,1
Inala AL,540029,Battery,540029.0.B.1735,2699,2
Inala AL,540029,Rainfall Increment,540029.0.R.1736,2699,3
Industrial Drive (Coffs Harbour),559053,Water Level,559053.0.H,1553,1
Industrial Drive (Coffs Harbour),559053,Rainfall,559053.0.R,1553,2
Industrial Drive (Coffs Harbour),559053,Rainfall Increment,559053.0.R,1553,3
INDUSTRIAL DRIVE (COFFS HARBOUR),559053,Rainfall,559053.1.R,11976,1
INDUSTRIAL DRIVE (COFFS HARBOUR),559053,Rainfall Increment,559053.1.R,11976,2
INDUSTRIAL DRIVE (COFFS HARBOUR),559053,Water Level,559053.1.H,11976,3
Ingham Depot AL,532008,Rainfall,532008.0.R.6045,2268,1
Ingham Depot AL,532008,Battery,532008.0.B.6035,2268,2
Ingham Depot AL,532008,Rainfall Increment,532008.0.R.6045,2268,3
Ingham PS AL,32171,Water Level,32171.0.H.6008,2026,1
Ingham PS AL,32171,Rainfall,32171.0.R.6005,2026,2
Ingham PS AL,32171,Battery,32171.0.B.6004,2026,3
Ingham PS AL,32171,Rainfall Increment,32171.0.R.6005,2026,4
INGHAM PUMP STATION TM,532012,Water Level,532012.0.H,6399,2
INGHAM PUMP STATION TM,532012,Rainfall Increment,532012.0.R,6399,3
Ingleburn (Long Point),566057,Battery,566057.1.B.7627,1712,1
Ingleburn (Long Point),566057,Rainfall,566057.1.R.7669,1712,2
Ingleburn (Long Point),566057,Rainfall Increment,566057.1.R.7669,1712,3
Ingleburn Weir,566072,Water Level,566072.1.H.7670,1719,1
Ingleburn Weir,566072,Battery,566072.1.B.7671,1719,2
Inglewood ,123700,Rainfall,123700.1.R.5515,1963,1
Inglewood ,123700,Battery,123700.1.B.5514,1963,2
Inglewood ,123700,Rainfall Increment,123700.1.R.5515,1963,3
Inglewood Bridge AL,541107,Water Level,541107.0.H.4515,3273,1
Inglewood Bridge AL,541107,Rainfall,541107.0.R.4514,3273,2
Inglewood Bridge AL,541107,Battery,541107.0.B.4516,3273,3
Inglewood Bridge AL,541107,Rainfall Increment,541107.0.R.4514,3273,4
INGLEWOOD WEIR TM,41520,Water Level,41520.0.H,6155,1
Injune TM,43054,Rainfall,43054.0.R,2209,1
Injune TM,43054,Battery,43054.0.B,2209,2
Injune TM,43054,Rainfall Increment,43054.0.R,2209,3
Inkerman Br AL,33288,Water Level,33288.0.H.2953,2046,1
Inkerman Br AL,33288,Water Level,33288.1.H.2956,2046,2
Inkerman Br AL,33288,Rainfall,33288.0.R.2950,2046,3
Inkerman Br AL,33288,Battery,33288.0.B.2949,2046,4
Inkerman Br AL,33288,Battery,33288.1.B.2957,2046,5
Inkerman Br AL,33288,Rainfall Increment,33288.0.R.2950,2046,6
Innisfail Wharf AL,32163,Water Level,32163.0.H.2573,2020,1
Innisfail Wharf AL,32163,Rainfall,32163.0.R.2570,2020,2
Innisfail Wharf AL,32163,Battery,32163.0.B.2569,2020,3
Innisfail Wharf AL,32163,Rainfall Increment,32163.0.R.2570,2020,4
Innisplain AL,540797,Water Level,540797.0.H.5395,3218,1
Innisplain AL,540797,Rainfall,540797.0.R.5394,3218,2
Innisplain AL,540797,Battery,540797.0.B.5396,3218,3
Innisplain AL,540797,Rainfall Increment,540797.0.R.5394,3218,4
Interlaken,596049,Rainfall,596049.1.R.673,4323,1
Interlaken,596049,Battery,596049.1.B.674,4323,2
Interlaken,596049,Rainfall Increment,596049.1.R.673,4323,3
INTERLAKEN,596049,Rainfall,596049.1.R,8543,1
INTERLAKEN,596049,Rainfall Increment,596049.1.R,8543,2
Inveralachy Bridge,570067,Water Level,570067.1.H.3249,1840,1
Inveralachy Bridge,570067,Battery,570067.1.B.3250,1840,2
Inverbrackie,24583,Rainfall,24583.1.R.5605,1953,1
Inverbrackie,24583,Water Level,24583.1.H.5607,1953,2
Inverbrackie,24583,Battery,24583.1.B.5604,1953,3
Inverbrackie,24583,Battery,24583.2.B.5606,1953,4
Inverbrackie,24583,Rainfall Increment,24583.1.R.5605,1953,5
Inverell (Fisher Rd),56246,Battery,56246.1.B.3852,1162,1
INVERELL (MIDDLE CREEK),556008,Water Level,556008.1.H,7765,2
INVERELL (MIDDLE CREEK),556008,Rainfall Increment,556008.1.R,7765,3
Ipswich AL,40831,Water Level,40831.0.H.2168,2108,1
Ipswich AL,40831,Rainfall,40831.0.R.2165,2108,2
Ipswich AL,40831,Battery,40831.0.B.2164,2108,3
Ipswich AL,40831,Rainfall Increment,40831.0.R.2165,2108,4
IRELANDS BRIDGE (CABRAMATTA CREEK),567061,Water Level,567061.1.H,5905,1
IRIS RIVER,591004,Rainfall Increment,591004.1.R,8449,2
Irishtown (St Patricks Head Rd ),592010,Rainfall,592010.1.R.657,4312,1
Irishtown (St Patricks Head Rd ),592010,Battery,592010.1.B.658,4312,2
Irishtown (St Patricks Head Rd ),592010,Rainfall Increment,592010.1.R.657,4312,3
Ironbark Ck (Croudace Rd),561121,Water Level,561121.1.H.3590,1640,1
Ironbark Ck (Croudace Rd),561121,Battery,561121.1.B.3591,1640,2
Ironstone Road ,23880,Rainfall,23880.1.R.5540,1933,1
Ironstone Road ,23880,Battery,23880.1.B.5539,1933,2
Ironstone Road ,23880,Rainfall Increment,23880.1.R.5540,1933,3
IRONWOOD STATION,514918,Water Level,514918.1.H,7387,2
IRONWOOD STATION,514918,Rainfall Increment,514918.1.R,7387,3
ISAAC RIVER BRIDGE TM,534026,Rainfall,534026.0.R,10083,1
ISAAC RIVER BRIDGE TM,534026,Water Level,534026.0.H,10083,2
ISAAC RIVER BRIDGE TM,534026,Rainfall Increment,534026.0.R,10083,3
ISIS RIVER AT LOWER TIMOR,561160,Water Level,561160.1.H,7997,1
ISIS RIVER AT STICK-ME-UP BRIDGE,561161,Water Level,561161.1.H,7999,2
ISIS RIVER AT STICK-ME-UP BRIDGE,561161,Rainfall Increment,561161.1.R,7999,3
ISIS RIVER(BRUCE HIGHWAY TM),540076,Water Level,540076.0.H,6839,1
Isla-Delusion AL,539164,Water Level,539164.0.H.4433,2605,1
Isla-Delusion AL,539164,Rainfall,539164.0.R.4432,2605,2
Isla-Delusion AL,539164,Battery,539164.0.B.4434,2605,3
Isla-Delusion AL,539164,Rainfall Increment,539164.0.R.4432,2605,4
ISLA-DELUSION XING TM,539065,Water Level,539065.0.H,7199,1
ISLAND CREEK OFFTAKE (WALLAMUNDRY CREEK),550006,Water Level,550006.1.H,7547,1
ISLAND HILL (COXS RIVER),563100,Water Level,563100.1.H,8047,1
ISLAND POINT RD (ST GEORGES BASIN),568200,Water Level,568200.2.H,5949,1
Island Point Road,568200,Water Level,568200.1.H.3368,1795,1
Island Point Road,568200,Battery,568200.1.B.3369,1795,2
Island Point Road,568200,Rainfall,568200.1.R.3367,1795,3
Island Point Road,568200,Rainfall Increment,568200.1.R.3367,1795,4
Ithaca (Lugg St) AL,540799,Water Level,540799.0.H.1884,3219,1
Ithaca (Lugg St) AL,540799,Battery,540799.0.B.1885,3219,2
ITHACA CREEK TM,540500,Water Level,540500.0.H,6911,2
ITHACA CREEK TM,540500,Rainfall Increment,540500.0.R,6911,3
Ivanhoe AL,535166,Rainfall,535166.0.R.1009,2524,1
Ivanhoe AL,535166,Battery,535166.0.B.1010,2524,2
Ivanhoe AL,535166,Rainfall Increment,535166.0.R.1009,2524,3
Iveragh AL,539221,Rainfall,539221.0.R.4332,2659,1
Iveragh AL,539221,Battery,539221.0.B.4333,2659,2
Iveragh AL,539221,Rainfall Increment,539221.0.R.4332,2659,3
JACK TAYLOR WEIR TM,543004,Water Level,543004.0.H,7279,1
JACK TAYLOR WEIR TM,543004,Synthetic LGH Water Level,543004.0.Hx,7279,2
JACKADGERY (MANN RIVER),57113,Water Level,57113.1.H,8189,1
Jacks Ck AL,533015,Water Level,533015.0.H.2958,2347,1
Jacks Ck AL,533015,Rainfall,533015.0.R.2955,2347,2
Jacks Ck AL,533015,Battery,533015.0.B.2954,2347,3
Jacks Ck AL,533015,Rainfall Increment,533015.0.R.2955,2347,4
JACKS CREEK TM,533102,Water Level,533102.0.H,6507,1
JACKSON CK @ GISBORNE TP,587027,Rainfall,587027.1.R,9589,1
JACKSON CK @ GISBORNE TP,587027,Water Level,587027.1.H,9589,2
JACKSON CK @ GISBORNE TP,587027,Rainfall Increment,587027.1.R,9589,3
JACKSONS CK @ ROSSLYNE RES (HG),587006,Rainfall,587006.2.R,9575,1
JACKSONS CK @ ROSSLYNE RES (HG),587006,Water Level,587006.2.H,9575,2
JACKSONS CK @ ROSSLYNE RES (HG),587006,Rainfall Increment,587006.2.R,9575,3
JACKSONS CREEK @ SUNBURY,587116,Rainfall,587116.2.R,9603,1
JACKSONS CREEK @ SUNBURY,587116,Water Level,587116.2.H,9603,2
JACKSONS CREEK @ SUNBURY,587116,Rainfall Increment,587116.2.R,9603,3
JACKSONS CREEK AT BULLENGAROOK,587532,Water Level,587532.1.H,12243,1
JACKSONS CREEK AT CLARKEFIELD,587530,Water Level,587530.1.H,12242,1
JACKSONS CREEK AT GISBORNE TREATMENT PLANT,587027,Water Level,587027.2.H,12020,1
JACKSONS CREEK AT GISBORNE TREATMENT PLANT,587027,Rainfall,587027.2.R,12020,2
JACKSONS CREEK AT GISBORNE TREATMENT PLANT,587027,Rainfall Increment,587027.2.R,12020,3
JACKSONS CREEK AT ROSSLYNNE RESERVOIR HEAD GAUGE,587006,Water Level,587006.1.H,11996,1
JACKSONS CREEK AT ROSSLYNNE RESERVOIR HEAD GAUGE,587006,Rainfall,587006.1.R,11996,2
JACKSONS CREEK AT ROSSLYNNE RESERVOIR HEAD GAUGE,587006,Rainfall Increment,587006.1.R,11996,3
JACKSONS CREEK AT SUNBURY ROAD SUNBURY,587116,Water Level,587116.1.H,12023,1
JACKSONS CREEK AT SUNBURY ROAD SUNBURY,587116,Rainfall,587116.1.R,12023,2
JACKSONS CREEK AT SUNBURY ROAD SUNBURY,587116,Rainfall Increment,587116.1.R,12023,3
JACKSONS CREEK AT US RIDDELLS CREEK RWP OUTFALL,587527,Water Level,587527.1.H,12240,1
Jacobs Creek,23376,Water Level,23376.1.H.5793,1907,1
Jacobs Creek,23376,Battery,23376.1.B.5792,1907,2
Jacobs Creek,23376,Water Level,23376.2.H.5794,1907,3
Jambin AL,539240,Water Level,539240.0.H.906,2676,1
Jambin AL,539240,Rainfall,539240.0.R.905,2676,2
Jambin AL,539240,Battery,539240.0.B.907,2676,3
Jambin AL,539240,Rainfall Increment,539240.0.R.905,2676,4
JAMES CROSSING,509539,Water Level,509539.1.H,10777,2
JAMES CROSSING,509539,Rainfall Increment,509539.1.R,10777,3
JAMIESON RIVER AT GERRANS BRIDGE,583014,Water Level,583014.1.H,9431,1
Jandowae AL,541118,Water Level,541118.0.H.4955,3284,1
Jandowae AL,541118,Rainfall,541118.0.R.4954,3284,2
Jandowae AL,541118,Battery,541118.0.B.4956,3284,3
Jandowae AL,541118,Rainfall Increment,541118.0.R.4954,3284,4
Jandowae Dam AL,541162,Water Level,541162.0.H.4969,3321,1
Jandowae Dam AL,541162,Rainfall,541162.0.R.4968,3321,2
Jandowae Dam AL,541162,Battery,541162.0.B.4970,3321,3
Jandowae Dam AL,541162,Rainfall Increment,541162.0.R.4968,3321,4
Jandowae-MacAlister Rd AL,541122,Water Level,541122.0.H.4964,3288,1
Jandowae-MacAlister Rd AL,541122,Rainfall,541122.0.R.4963,3288,2
Jandowae-MacAlister Rd AL,541122,Battery,541122.0.B.4965,3288,3
Jandowae-MacAlister Rd AL,541122,Rainfall Increment,541122.0.R.4963,3288,4
Japoonvale AL,532116,Water Level,532116.0.H.5277,2343,1
Japoonvale AL,532116,Rainfall,532116.0.R.5276,2343,2
Japoonvale AL,532116,Battery,532116.0.B.5278,2343,3
Japoonvale AL,532116,Rainfall Increment,532116.0.R.5276,2343,4
JAPOONVALE TM,531026,Water Level,531026.0.H,6309,2
JAPOONVALE TM,531026,Rainfall Increment,531026.0.R,6309,3
Jarra Creek AL,532056,Rainfall,532056.0.R.5206,2302,1
Jarra Creek AL,532056,Battery,532056.0.B.5207,2302,2
Jarra Creek AL,532056,Rainfall Increment,532056.0.R.5206,2302,3
Jarrahdale,9023,Rainfall,9023.1.R.6031,4385,1
Jarrahdale,9023,Battery,9023.1.B.6030,4385,2
Jarrahdale,9023,Rainfall Increment,9023.1.R.6031,4385,3
Jeeralang North,85307,Battery,85307.1.B.4870,4751,1
Jeeralang North,85307,Rainfall,85307.1.R.4869,4751,2
Jeeralang North,85307,Rainfall Increment,85307.1.R.4869,4751,3
JEFFRIES RD TM,541188,Rainfall Increment,541188.0.R,7059,2
JELCOBINE,510018,Rainfall Increment,510018.1.R,10851,2
JELLIABIDINA WELL,504017,Water Level,504017.1.H,10431,1
JEMALONG WEIR D/S (LACHLAN RIVER),565000,Water Level,565000.1.H,8821,1
JEMALONG WEIR W/L (LACHLAN RIVER),565008,Water Level,565008.1.H,8823,1
Jeogla (at East Kunderang Rd),557015,Battery,557015.1.B.7721,11343,1
Jeogla (at East Kunderang Rd),557015,Rainfall,557015.1.R.7722,11343,2
Jeogla (at East Kunderang Rd),557015,Rainfall Increment,557015.1.R.7722,11343,3
JEOGLA (STYX RIVER),557002,Water Level,557002.1.H,7823,1
Jerangle (Eastwood),570903,Battery,570903.1.B.3413,1849,1
Jerangle (Eastwood),570903,Rainfall,570903.2.R.3353,1849,2
Jerangle (Eastwood),570903,Rainfall Increment,570903.2.R.3353,1849,3
JERANGLE (EASTWOOD),570903,Rainfall Increment,570903.1.R,5477,2
Jerangle (Lyons Creek),70321,Battery,70321.1.B,1421,1
Jerangle (Lyons Creek),70321,Rainfall,70321.1.R,1421,2
Jerangle (Lyons Creek),70321,Rainfall Increment,70321.1.R,1421,3
Jerangle (Slap Up),570931,Battery,570931.1.B.3414,1853,1
Jerangle (Slap Up),570931,Rainfall,570931.2.R.3354,1853,2
Jerangle (Slap Up),570931,Rainfall Increment,570931.2.R.3354,1853,3
JERANGLE (SLAP UP),570931,Rainfall Increment,570931.1.R,5481,2
Jericho AL,535150,Water Level,535150.0.H.4661,2514,1
Jericho AL,535150,Rainfall,535150.0.R.4660,2514,2
Jericho AL,535150,Battery,535150.0.B.4662,2514,3
Jericho AL,535150,Rainfall Increment,535150.0.R.4660,2514,4
JERICHO RAIN GAUGE,585071,Rainfall,585071.1.R,12274,1
JERICHO RAIN GAUGE,585071,Rainfall Increment,585071.1.R,12274,2
JERICHO TM,542005,Water Level,542005.0.H,7065,2
JERICHO TM,542005,Rainfall Increment,542005.0.R,7065,3
JERILDERIE (BILLABONG CREEK),574014,Water Level,574014.1.H,8291,1
Jerrawangla,568204,Battery,568204.1.B.7032,1799,1
Jerrawangla,568204,Rainfall,568204.1.R.7031,1799,2
Jerrawangla,568204,Rainfall Increment,568204.1.R.7031,1799,3
Jerseyville,559013,Water Level,559013.1.H.7334,1530,1
Jerseyville,559013,Battery,559013.1.B.7743,1530,2
Jiggi (Gwynne Street),558086,Battery,558086.1.B.7537,1501,1
Jiggi (Gwynne Street),558086,Rainfall,558086.1.R.7536,1501,2
Jiggi (Gwynne Street),558086,Rainfall Increment,558086.1.R.7536,1501,3
Jilliby (Jilliby Creek),61380,Water Level,61380.1.H.7399,1281,1
Jilliby (Jilliby Creek),61380,Battery,61380.1.B.7401,1281,2
Jilliby (Jilliby Creek),61380,Rainfall,61380.1.R.7398,1281,3
Jilliby (Jilliby Creek),61380,Rainfall Increment,61380.1.R.7398,1281,4
JILLIBY (JILLIBY CREEK),61380,Water Level,61380.2.H,8403,1
JIMBA,506012,Water Level,506012.1.H,10495,2
JIMBA,506012,Rainfall Increment,506012.1.R,10495,3
Jimbour Ck AL,541203,Rainfall,541203.0.R.4984,11413,1
Jimbour Ck AL,541203,Water Level,541203.0.H.4985,11413,2
Jimbour Ck AL,541203,Battery,541203.0.B.4986,11413,3
Jimbour Ck AL,541203,Rainfall Increment,541203.0.R.4984,11413,4
JIMBOUR WEST TM,541099,Rainfall Increment,541099.0.R,7043,2
Jimna AL,540167,Rainfall,540167.0.R.6608,2780,1
Jimna AL,540167,Rainfall Increment,540167.0.R.6608,2780,2
Jindalee (Boat Ramp Park) AL-B,540682,Water Level,540682.0.H.1765,3133,1
Jindalee (Boat Ramp Park) AL-B,540682,Battery,540682.0.B.1754,3133,2
JINDALEE (JINDALEE CREEK),573009,Water Level,573009.1.H,8267,2
JINDALEE (JINDALEE CREEK),573009,Rainfall Increment,573009.1.R,8267,3
Jindalee AL,540192,Water Level,540192.0.H.6731,2797,1
Jindalee AL,540192,Rainfall,540192.0.R.6730,2797,2
Jindalee AL,540192,Rainfall Increment,540192.0.R.6730,2797,3
JINDALEE TM,540753,Water Level,540753.0.H,10327,2
JINDALEE TM,540753,Rainfall Increment,540753.0.R,10327,3
Jindong,9978,Rainfall,9978.1.R.5941,4407,1
Jindong,9978,Battery,9978.1.B.5940,4407,2
Jindong,9978,Rainfall Increment,9978.1.R.5941,4407,3
JINDUCKIN,514927,Rainfall Increment,514927.1.R,7399,2
JINGELLIC (JINGELLIC CREEK),572006,Water Level,572006.1.H,8207,2
JINGELLIC (JINGELLIC CREEK),572006,Rainfall Increment,572006.1.R,8207,3
Jingera (Hillside),570916,Battery,570916.1.B.3326,1851,1
Jingera (Hillside),570916,Rainfall,570916.1.R.3325,1851,2
Jingera (Hillside),570916,Rainfall Increment,570916.1.R.3325,1851,3
JINGERA (HILLSIDE),570916,Rainfall Increment,570916.2.R,5479,2
Jinghi Jinghi AL,541194,Rainfall,541194.0.R.4973,3338,1
Jinghi Jinghi AL,541194,Battery,541194.0.B.4974,3338,2
Jinghi Jinghi AL,541194,Rainfall Increment,541194.0.R.4973,3338,3
Jingle Downs AL,40786,Rainfall,40786.0.R.2102,2096,1
Jingle Downs AL,40786,Battery,40786.0.B.2101,2096,2
Jingle Downs AL,40786,Rainfall Increment,40786.0.R.2102,2096,3
Jo Jo Station AL,535172,Rainfall,535172.0.R.5933,2530,1
Jo Jo Station AL,535172,Battery,535172.0.B.5934,2530,2
Jo Jo Station AL,535172,Rainfall Increment,535172.0.R.5933,2530,3
JOCHHEIMS TM,533042,Water Level,533042.0.H,6483,2
JOCHHEIMS TM,533042,Rainfall Increment,533042.0.R,6483,3
JOE SIPPEL WEIR HW TM,540362,Water Level,540362.0.H,7255,1
JOE SIPPEL WEIR TW TM,540361,Water Level,540361.0.H,7253,1
John Bray Park AL,540413,Water Level,540413.0.H.1957,2945,1
John Bray Park AL,540413,Rainfall,540413.0.R.1956,2945,2
John Bray Park AL,540413,Battery,540413.0.B.1958,2945,3
John Bray Park AL,540413,Rainfall Increment,540413.0.R.1956,2945,4
JOHN FORREST NATIONAL PARK,509456,Water Level,509456.1.H,10671,1
JOHN GOLEBY WEIR HW TM,539035,Water Level,539035.0.H,7183,1
JOHNSTON ROAD,509557,Water Level,509557.1.H,10795,1
Johnstons Bridge (Toongabbee Creek),567058,Water Level,567058.1.H.7289,1731,1
Johnstons Bridge (Toongabbee Creek),567058,Battery,567058.1.B.7291,1731,2
Jondaryan Park TM,541169,Rainfall,541169.0.R,3328,1
Jondaryan Park TM,541169,Rainfall Increment,541169.0.R,3328,2
JONDARYAN TM,541097,Water Level,541097.0.H,7039,1
JONES WEIR HW TM,539066,Water Level,539066.0.H,6745,1
JONES WEIR TW TM,39320,Water Level,39320.0.H,6067,2
JONES WEIR TW TM,39320,Rainfall Increment,39320.0.R,6067,3
Jooriland (Wollondilly River),568144,Water Level,568144.1.H.3183,1767,1
Jooriland (Wollondilly River),568144,Battery,568144.1.B.3185,1767,2
Jooriland (Wollondilly River),568144,Rainfall,568144.1.R.3184,1767,3
Jooriland (Wollondilly River),568144,Rainfall Increment,568144.1.R.3184,1767,4
JOORILAND (WOLLONDILLY RIVER),568144,Water Level,568144.3.H,5283,2
JOORILAND (WOLLONDILLY RIVER),568144,Rainfall Increment,568144.2.R,5283,3
JOORILAND (WOLLONDILLY RIVER),568144,Water Level,568144.2.H,11968,1
JORDAN RIVER DOWNSTREAM JOHNSONS CREEK,585083,Water Level,585083.2.H,12286,1
Jordan River Downstream Johnsons Creek,585083,Battery,585083.1.B.1874,4869,1
Jordan River Downstream Johnsons Creek,585083,Water Level,585083.1.H.1875,4869,2
Jordan St AL,540344,Water Level,540344.0.H.5408,2906,1
Jordan St AL,540344,Rainfall,540344.0.R.5407,2906,2
Jordan St AL,540344,Battery,540344.0.B.5409,2906,3
Jordan St AL,540344,Rainfall Increment,540344.0.R.5407,2906,4
JOYCES CREEK @ STRATHLEA,588005,Water Level,588005.1.H,9619,1
Joylands AL,544026,Rainfall,544026.0.R.4209,3361,1
Joylands AL,544026,Battery,544026.0.B.4210,3361,2
Joylands AL,544026,Rainfall Increment,544026.0.R.4209,3361,3
Jubilee Pocket AL,533170,Rainfall,533170.0.R.2659,2407,1
Jubilee Pocket AL,533170,Battery,533170.0.B.2660,2407,2
Jubilee Pocket AL,533170,Rainfall Increment,533170.0.R.2659,2407,3
Judbury (Huon River),94179,Battery,94179.1.B.587,4299,1
Judbury (Huon River),94179,Water Level,94179.2.H.586,4299,2
Judbury (Huon River),94179,Rainfall,94179.2.R.585,4299,3
Judbury (Huon River),94179,Rainfall Increment,94179.2.R.585,4299,4
JUDBURY (HUON RIVER),94179,Water Level,94179.1.H,8795,2
JUDBURY (HUON RIVER),94179,Rainfall Increment,94179.1.R,8795,3
Judds Road AL,540537,Rainfall,540537.0.R.5595,3046,1
Judds Road AL,540537,Battery,540537.0.B.5596,3046,2
Judds Road AL,540537,Rainfall Increment,540537.0.R.5595,3046,3
JUEGENUP,509535,Water Level,509535.1.H,10773,1
JUGIONG (JUGIONG CREEK),573007,Water Level,573007.1.H,8265,2
JUGIONG (JUGIONG CREEK),573007,Rainfall Increment,573007.1.R,8265,3
JULIA CREEK NEAR HANSBOROUGH (DEW),523321,Water Level,523321.1.H,8973,1
JULIA CREEK TM,529006,Water Level,529006.0.H,6219,2
JULIA CREEK TM,529006,Rainfall Increment,529006.0.R,6219,3
Julimar Forest,9268,Rainfall,9268.1.R.6083,4393,1
Julimar Forest,9268,Battery,9268.1.B.6082,4393,2
Julimar Forest,9268,Rainfall Increment,9268.1.R.6083,4393,3
JULIUS DAM TM,529019,Water Level,529019.0.H,7139,1
Junction View AL,540568,Water Level,540568.0.H.4037,3062,1
Junction View AL,540568,Rainfall,540568.0.R.4036,3062,2
Junction View AL,540568,Battery,540568.0.B.4038,3062,3
Junction View AL,540568,Rainfall Increment,540568.0.R.4036,3062,4
JUNDAH TM,538012,Rainfall,538012.0.R,10211,1
JUNDAH TM,538012,Water Level,538012.0.H,10211,2
JUNDAH TM,538012,Rainfall Increment,538012.0.R,10211,3
JUNEE TREATMENT WORKS,73019,Rainfall Increment,73019.2.R,8435,2
KALANG RD (DORA CREEK),561062,Water Level,561062.1.H,5735,1
Kalang Road (Dora Creek),561062,Water Level,561062.2.H.7884,1623,1
Kalang Road (Dora Creek),561062,Battery,561062.2.B.7885,1623,2
Kalbar TM,40867,Rainfall,40867.0.R,2117,1
Kalbar TM,40867,Battery,40867.0.B,2117,2
Kalbar TM,40867,Rainfall Increment,40867.0.R,2117,3
Kalbar Weir AL,540151,Water Level,540151.0.H.6563,2765,1
Kalbar Weir AL,540151,Rainfall,540151.0.R.6562,2765,2
Kalbar Weir AL,540151,Rainfall Increment,540151.0.R.6562,2765,3
KALBAR WEIR HW TM,540058,Water Level,540058.0.H,10243,2
KALBAR WEIR HW TM,540058,Rainfall Increment,540058.0.R,10243,3
KALBAR WEIR TW TM,540057,Water Level,540057.0.H,10241,1
KALKARINDJI,514824,Water Level,514824.1.H,7341,2
KALKARINDJI,514824,Rainfall Increment,514824.1.R,7341,3
Kallangur AL,540658,Water Level,540658.0.H.4113,3110,1
Kallangur AL,540658,Rainfall,540658.0.R.4112,3110,2
Kallangur AL,540658,Battery,540658.0.B.4114,3110,3
Kallangur AL,540658,Rainfall Increment,540658.0.R.4112,3110,4
KALPOWAR CROSSING TM,528005,Water Level,528005.0.H,6207,2
KALPOWAR CROSSING TM,528005,Rainfall Increment,528005.0.R,6207,3
Kameruka (Kameruka Estate),69107,Battery,69107.1.B.3436,1406,1
Kameruka (Kameruka Estate),69107,Rainfall,69107.1.R.3435,1406,2
Kameruka (Kameruka Estate),69107,Rainfall Increment,69107.1.R.3435,1406,3
Kamerunga Bridge AL,531048,Water Level,531048.0.H.6835,2236,1
Kamerunga Bridge AL,531048,Rainfall,531048.0.R.6834,2236,2
Kamerunga Bridge AL,531048,Battery,531048.0.B.6836,2236,3
Kamerunga Bridge AL,531048,Rainfall Increment,531048.0.R.6834,2236,4
KANANOOK CREEK AT SEAFORD ROAD SEAFORD,586250,Water Level,586250.1.H,12264,1
Kandanga TM,40801,Rainfall,40801.0.R,2106,1
Kandanga TM,40801,Battery,40801.0.B,2106,2
Kandanga TM,40801,Rainfall Increment,40801.0.R,2106,3
Kangaroo Creek,23912,Water Level,23912.1.H.5464,1944,1
Kangaroo Creek,23912,Battery,23912.1.B.5463,1944,2
KANGAROO CREEK DAM (SAW),523733,Water Level,523733.1.H,5521,1
KANGY ANGY (ORCHARD RD),561132,Rainfall Increment,561132.1.R,5807,2
Kangy Angy (Ourimbah Creek),61384,Water Level,61384.1.H.7392,1285,1
Kangy Angy (Ourimbah Creek),61384,Battery,61384.1.B.7393,1285,2
KANGY ANGY (OURIMBAH CREEK),61384,Water Level,61384.2.H,6005,1
Kaniva Comparison,78073,Rainfall,78073.2.R,4822,1
Kaniva Comparison,78073,Battery,78073.2.B,4822,2
Kaniva Comparison,78073,Rainfall Increment,78073.2.R,4822,3
KANOWNA TM (MACINTYRE RIVER),552012,Water Level,552012.1.H,7591,1
KAPARI,508064,Rainfall Increment,508064.1.R,10543,2
Kapunda West (Kaplee),23380,Battery,23380.1.B.5194,1909,1
Kapunda West (Kaplee),23380,Rainfall,23380.1.R.5195,1909,2
Kapunda West (Kaplee),23380,Rainfall Increment,23380.1.R.5195,1909,3
Karalee AL,540661,Water Level,540661.0.H.4801,3113,1
Karalee AL,540661,Rainfall,540661.0.R.4800,3113,2
Karalee AL,540661,Battery,540661.0.B.4802,3113,3
Karalee AL,540661,Rainfall Increment,540661.0.R.4800,3113,4
Karamea AL,535124,Water Level,535124.0.H.5990,2489,1
Karamea AL,535124,Rainfall,535124.0.R.5989,2489,2
Karamea AL,535124,Battery,535124.0.B.5991,2489,3
Karamea AL,535124,Rainfall Increment,535124.0.R.5989,2489,4
KARANGI (ORARA RIVER),559023,Water Level,559023.1.H,7877,1
Karara AL,541142,Water Level,541142.0.H.5763,3308,1
Karara AL,541142,Rainfall,541142.0.R.5762,3308,2
Karara AL,541142,Battery,541142.0.B.5764,3308,3
Karara AL,541142,Rainfall Increment,541142.0.R.5762,3308,4
KARIONG RESERVOIR,561146,Rainfall Increment,561146.1.R,5829,2
KARLANEW PEAK,508020,Water Level,508020.1.H,10517,2
KARLANEW PEAK,508020,Rainfall Increment,508020.1.R,10517,3
KARLS RANCH,509376,Water Level,509376.1.H,10629,1
Karoola Park,43080,Battery,43080.0.B,11401,1
Karoola Park,43080,Rainfall,43080.0.R,11401,2
Karoola Park,43080,Water Level,43080.0.H,11401,3
Karoola Park,43080,Rainfall Increment,43080.0.R,11401,4
Kars Springs (Welldun),61306,Battery,61306.1.B.7872,1271,1
Kars Springs (Welldun),61306,Rainfall,61306.1.R.7871,1271,2
Kars Springs (Welldun),61306,Rainfall Increment,61306.1.R.7871,1271,3
KARUAH DAM SITE,561106,Water Level,561106.1.H,7991,1
KARUAH R AT BOORAL,561040,Water Level,561040.1.H,7959,1
KARUMBA TIDE TM,529003,Water Level,529003.0.H,5155,1
KATAMATITE EAST,580022,Rainfall,580022.1.R,9309,1
KATAMATITE EAST,580022,Water Level,580022.1.H,9309,2
KATAMATITE EAST,580022,Rainfall Increment,580022.1.R,9309,3
KATHERINE BRIDGE,514913,Water Level,514913.2.H,7377,2
KATHERINE BRIDGE,514913,Rainfall Increment,514913.2.R,7377,3
Katherine Bridge,514913,Battery,514913.1.B.1192,302,1
Katherine Bridge,514913,Rainfall,514913.1.R.1190,302,2
Katherine Bridge,514913,Water Level,514913.1.H.1191,302,3
Katherine Bridge,514913,Rainfall Increment,514913.1.R.1190,302,4
KATRINA DOWNS TM,535060,Rainfall Increment,535060.0.R,6655,2
KEDUMBA CROSSING (KEDUMBA RIVER),563094,Water Level,563094.1.H,5247,1
KEELBOTTOM TM,532085,Water Level,532085.0.H,6421,2
KEELBOTTOM TM,532085,Rainfall Increment,532085.0.R,6421,3
KEEP RIVER,514830,Rainfall Increment,514830.1.R,7351,2
KEEPIT DAM D/S (NAMOI RIVER),55305,Water Level,55305.1.H,7655,1
KEEPIT DAM W/L (NAMOI RIVER),555001,Water Level,555001.1.H,7699,1
KEERONG (TERANIA CREEK AT GREEN BRIDGE),558122,Water Level,558122.2.H,11459,1
Keilambete AL,535114,Water Level,535114.0.H.5948,2479,1
Keilambete AL,535114,Rainfall,535114.0.R.5947,2479,2
Keilambete AL,535114,Battery,535114.0.B.5949,2479,3
Keilambete AL,535114,Rainfall Increment,535114.0.R.5947,2479,4
Keiraville (Murphy Ave),568053,Rainfall,568053.1.R.7423,1759,1
Keiraville (Murphy Ave),568053,Rainfall Increment,568053.1.R.7423,1759,2
Kelpie Point (Coxs River),563000,Water Level,563000.1.H.3094,1673,1
Kelpie Point (Coxs River),563000,Battery,563000.1.B.3096,1673,2
Kelpie Point (Coxs River),563000,Rainfall,563000.1.R.3095,1673,3
Kelpie Point (Coxs River),563000,Rainfall Increment,563000.1.R.3095,1673,4
KELPIE POINT (COXS RIVER),563000,Water Level,563000.2.H,5221,2
KELPIE POINT (COXS RIVER),563000,Rainfall Increment,563000.2.R,5221,3
Kelso Creek D/S Levee (Georges River),567060,Water Level,567060.1.H.7228,1732,1
KELSO CREEK D/S LEVEE (GEORGES RIVER),567060,Water Level,567060.2.H,5903,1
Kelso Creek U/S Levee (Georges River),567048,Water Level,567048.1.H.7229,1722,1
Kelso Creek U/S Levee (Georges River),567048,Battery,567048.1.B.7231,1722,2
Kelso Creek U/S Levee (Georges River),567048,Rainfall,567048.1.R.7230,1722,3
Kelso Creek U/S Levee (Georges River),567048,Rainfall Increment,567048.1.R.7230,1722,4
KELSO CREEK U/S LEVEE (GEORGES RIVER),567048,Water Level,567048.2.H,5901,2
KELSO CREEK U/S LEVEE (GEORGES RIVER),567048,Rainfall Increment,567048.2.R,5901,3
Kelvin Grove AL,540118,Water Level,540118.0.H.1531,2736,1
Kelvin Grove AL,540118,Battery,540118.0.B.1530,2736,2
Kembla Grange,568174,Battery,568174.1.B.7436,1786,1
Kembla Grange,568174,Rainfall,568174.1.R.7435,1786,2
Kembla Grange,568174,Rainfall Increment,568174.1.R.7435,1786,3
Kempsey Rd Bridge (Macleay River),59127,Water Level - AHD,59127.1.H.7319,1215,1
Kempsey Rd Bridge (Macleay River),59127,Battery,59127.1.B.7320,1215,2
KEMPSEY RD BRIDGE (MACLEAY RIVER),59127,Water Level,59127.2.H,5987,1
KENBULA TM,539056,Water Level,539056.0.H,6733,2
KENBULA TM,539056,Rainfall Increment,539056.0.R,6733,3
KENDALL (DELWARD),560023,Rainfall,560023.1.R,5395,1
KENDALL (DELWARD),560023,Rainfall Increment,560023.1.R,5395,2
Kenilworth H/S AL,540331,Water Level,540331.0.H.6476,2893,1
Kenilworth H/S AL,540331,Rainfall,540331.0.R.6474,2893,2
Kenilworth H/S AL,540331,Battery,540331.0.B.6475,2893,3
Kenilworth H/S AL,540331,Rainfall Increment,540331.0.R.6474,2893,4
Kenmore Hills AL,540099,Rainfall,540099.0.R.1515,2725,1
Kenmore Hills AL,540099,Battery,540099.0.B.1582,2725,2
Kenmore Hills AL,540099,Rainfall Increment,540099.0.R.1515,2725,3
KENNEDY CREEK AT KENNEDY ROAD PAKENHAM,586245,Water Level,586245.1.H,12263,1
KENNEDY VALLEY TM,532099,Rainfall Increment,532099.0.R,6435,2
KENNEDYS CREEK @ KENNEDYS CREEK,590026,Rainfall,590026.1.R,9743,1
KENNEDYS CREEK @ KENNEDYS CREEK,590026,Water Level,590026.1.H,9743,2
KENNEDYS CREEK @ KENNEDYS CREEK,590026,Rainfall Increment,590026.1.R,9743,3
KENT STREET WEIR,509484,Water Level,509484.1.H,10719,1
KENT STREET WEIR D/S,509494,Water Level,509494.1.H,10727,1
Kentlyn (Georges River Road),68160,Battery,68160.1.B.7206,1383,1
Kentlyn (Georges River Road),68160,Rainfall,68160.1.R.7207,1383,2
Kentlyn (Georges River Road),68160,Rainfall Increment,68160.1.R.7207,1383,3
KENTS LAGOON TM,540754,Water Level,540754.0.H,10329,2
KENTS LAGOON TM,540754,Rainfall Increment,540754.0.R,10329,3
KEREWONG (BROKEN BAGO),560021,Rainfall,560021.1.R,5391,1
KEREWONG (BROKEN BAGO),560021,Rainfall Increment,560021.1.R,5391,2
Kerimbilla TM,41169,Rainfall,41169.0.R,2171,1
Kerimbilla TM,41169,Battery,41169.0.B,2171,2
Kerimbilla TM,41169,Rainfall Increment,41169.0.R,2171,3
Kerkin Road Weir AL,540294,Water Level,540294.0.H.2297,2861,1
Kerkin Road Weir AL,540294,Rainfall,540294.0.R.2296,2861,2
Kerkin Road Weir AL,540294,Battery,540294.0.B.2298,2861,3
Kerkin Road Weir AL,540294,Rainfall Increment,540294.0.R.2296,2861,4
KERRABEE (GOULBURN RIVER),62094,Water Level,62094.1.H,8407,1
Kersbrook ,23877,Rainfall,23877.1.R.5740,1930,1
Kersbrook ,23877,Battery,23877.1.B.5739,1930,2
Kersbrook ,23877,Rainfall Increment,23877.1.R.5740,1930,3
Keswick,23115,Rainfall,23115.1.R.5230,1882,1
Keswick,23115,Water Level,23115.1.H.5231,1882,2
Keswick,23115,Battery,23115.1.B.5229,1882,3
Keswick,23115,Rainfall Increment,23115.1.R.5230,1882,4
Kettle Swamp Creek AL,541084,Water Level,541084.0.H.5721,3259,1
Kettle Swamp Creek AL,541084,Rainfall,541084.0.R.5720,3259,2
Kettle Swamp Creek AL,541084,Battery,541084.0.B.5722,3259,3
Kettle Swamp Creek AL,541084,Rainfall Increment,541084.0.R.5720,3259,4
KEW RESERVOIR RAIN GAUGE,586193,Rainfall,586193.1.R,11997,1
KEW RESERVOIR RAIN GAUGE,586193,Rainfall Increment,586193.1.R,11997,2
KHANCOBAN PONDAGE,572037,Flow Rate,572037.1.ML/D,11193,1
Kholo Bridge AL,540256,Water Level,540256.0.H.6757,2840,1
Kiamba AL,540089,Water Level,540089.0.H.6452,2717,1
Kiamba AL,540089,Battery,540089.0.B.6451,2717,2
KIAMBA TM,540263,Water Level,540263.0.H,6857,1
Kiana,15150,Battery,15150.1.B,329,1
Kiana,15150,Rainfall,15150.1.R,329,2
Kiana,15150,Rainfall Increment,15150.1.R,329,3
Kiaramba Springs,563056,Battery,563056.1.B.3089,1690,1
KIDSTON DAM HW TM,530014,Water Level,530014.0.H,10227,2
KIDSTON DAM HW TM,530014,Rainfall Increment,530014.0.R,10227,3
KIDSTON DAM TW TM,530013,Water Level,530013.0.H,10225,2
KIDSTON DAM TW TM,530013,Rainfall Increment,530013.0.R,10225,3
KIELMAN,509586,Water Level,509586.1.H,10809,1
Kiels Mtn AL,540087,Water Level,540087.0.H.6414,2715,1
Kiels Mtn AL,540087,Rainfall,540087.0.R.6416,2715,2
Kiels Mtn AL,540087,Battery,540087.0.B.6415,2715,3
Kiels Mtn AL,540087,Rainfall Increment,540087.0.R.6416,2715,4
Kies Estate ,523305,Rainfall,523305.1.R.5750,1982,1
Kies Estate ,523305,Battery,523305.1.B.5749,1982,2
Kies Estate ,523305,Rainfall Increment,523305.1.R.5750,1982,3
KIEWA RIVER @ BANDIANA,582013,Water Level,582013.2.H,9395,1
KIEWA RIVER @ KIEWA (ANABRANCH),582007,Water Level,582007.1.H,9383,1
KIEWA RIVER @ KIEWA (MAIN CHANNEL),582011,Water Level,582011.2.H,9391,1
KIEWA RIVER @ MONGANS BRIDGE,582012,Water Level,582012.1.H,9393,1
KIEWA RIVER @ MONGANS BRIDGE,582012,Rainfall,582012.2.R,9393,2
KIEWA RIVER @ MONGANS BRIDGE,582012,Rainfall Increment,582012.2.R,9393,3
Kiewa River at Bandiana,582013,Battery,582013.1.B.924,4867,1
Kiewa River at Bandiana,582013,Rainfall,582013.1.R.925,4867,2
Kiewa River at Bandiana,582013,Water Level,582013.1.H.926,4867,3
Kiewa River at Bandiana,582013,Rainfall Increment,582013.1.R.925,4867,4
Kiewa River at Kiewa (Main Channel),582011,Battery,582011.1.B.921,4866,1
Kiewa River at Kiewa (Main Channel),582011,Rainfall,582011.1.R.922,4866,2
Kiewa River at Kiewa (Main Channel),582011,Water Level,582011.1.H.923,4866,3
Kiewa River at Kiewa (Main Channel),582011,Rainfall Increment,582011.1.R.922,4866,4
Kilbronae TM,41124,Water Level,41124.0.H,2168,1
Kilbronae TM,41124,Rainfall,41124.0.R,2168,2
Kilbronae TM,41124,Battery,41124.0.B,2168,3
Kilbronae TM,41124,Gas Pressure,41124.0.GP,2168,4
Kilbronae TM,41124,Rainfall Increment,41124.0.R,2168,5
Kilburn,23134,Battery,23134.1.B.5864,1888,1
Kilburn,23134,Rainfall,23134.1.R.5865,1888,2
Kilburn,23134,Rainfall Increment,23134.1.R.5865,1888,3
KILCARE HEIGHTS RESERVOIR,561143,Rainfall Increment,561143.1.R,5823,2
Kilcoy AL,540163,Rainfall,540163.0.R.6600,2777,1
Kilcoy AL,540163,Battery,540163.0.B.6533,2777,2
Kilcoy AL,540163,Rainfall Increment,540163.0.R.6600,2777,3
KILCOY CREEK TM,540373,Water Level,540373.0.H,6873,2
KILCOY CREEK TM,540373,Rainfall Increment,540373.0.R,6873,3
KILKIVAN TM,40811,Water Level,40811.0.H,6093,2
KILKIVAN TM,40811,Rainfall Increment,40811.0.R,6093,3
Killabakh,60147,Battery,60147.2.B.3805,1241,1
Killabakh,60147,Rainfall,60147.2.R.3806,1241,2
Killabakh,60147,Rainfall Increment,60147.2.R.3806,1241,3
Killarney (Spring Ck) AL,541138,Water Level,541138.0.H.6889,3304,1
Killarney (Spring Ck) AL,541138,Battery,541138.0.B.6890,3304,2
Killarney AL,41537,Water Level,41537.0.H.6862,2190,1
Killarney AL,41537,Rainfall,41537.0.R.6861,2190,2
Killarney AL,41537,Battery,41537.0.B.6863,2190,3
Killarney AL,41537,Rainfall Increment,41537.0.R.6861,2190,4
KILLAWARRA (MANNING RIVER),60129,Water Level,60129.1.H,8383,1
KILLYMOON (BREAK O&#039;DAY RIVER),592002,Water Level,592002.1.H,8731,2
KILLYMOON (BREAK O&#039;DAY RIVER),592002,Rainfall Increment,592002.1.R,8731,3
KILMARNOCK STATION TM,535161,Rainfall,535161.0.R,10117,1
KILMARNOCK STATION TM,535161,Water Level,535161.0.H,10117,2
KILMARNOCK STATION TM,535161,Rainfall Increment,535161.0.R,10117,3
Kilmoylar Rd AL,540690,Water Level,540690.0.H.5378,3141,1
Kilmoylar Rd AL,540690,Rainfall,540690.0.R.5377,3141,2
Kilmoylar Rd AL,540690,Battery,540690.0.B.5379,3141,3
Kilmoylar Rd AL,540690,Rainfall Increment,540690.0.R.5377,3141,4
KIMBERLEY (COPES CREEK),556009,Water Level,556009.1.H,7767,2
KIMBERLEY (COPES CREEK),556009,Rainfall Increment,556009.1.R,7767,3
KIMBERLEY (MERSEY RIVER),91266,Flow Rate,91266.1.ML/D,11509,1
Kimberley (Mersey River),91266,Water Level,91266.1.H,4269,1
Kimberley (Mersey River),91266,Rainfall,91266.1.R,4269,2
Kimberley (Mersey River),91266,Battery,91266.1.B,4269,3
Kimberley (Mersey River),91266,Rainfall Increment,91266.1.R,4269,4
Kin Kin AL,540639,Water Level,540639.0.H.6950,3094,1
Kin Kin AL,540639,Rainfall,540639.0.R.6949,3094,2
Kin Kin AL,540639,Battery,540639.0.B.6951,3094,3
Kin Kin AL,540639,Rainfall Increment,540639.0.R.6949,3094,4
Kin Kin Ck (Wahpunga Ln) AL,540774,Water Level,540774.0.H.6971,3195,1
Kin Kin Ck (Wahpunga Ln) AL,540774,Rainfall,540774.0.R.6970,3195,2
Kin Kin Ck (Wahpunga Ln) AL,540774,Battery,540774.0.B.6972,3195,3
Kin Kin Ck (Wahpunga Ln) AL,540774,Rainfall Increment,540774.0.R.6970,3195,4
KINCHANT DAM TM,533124,Water Level,533124.0.H,7157,2
KINCHANT DAM TM,533124,Rainfall Increment,533124.0.R,7157,3
Kinchela Creek (Macleay River),559010,Water Level,559010.1.H.7338,1527,1
Kinchela Creek (Macleay River),559010,Conductivity,559010.1.C.7740,1527,2
Kinchela Creek (Macleay River),559010,Dissolved Oxygen,559010.1.DO.7737,1527,3
Kinchela Creek (Macleay River),559010,pH,559010.1.PH.7736,1527,4
Kinchela Creek (Macleay River),559010,Battery,559010.1.B.7742,1527,5
Kinchela Creek (Macleay River),559010,Water Temperature,559010.1.WT.7741,1527,6
Kinchela Creek D/S Floodgates,559031,Water Level,559031.1.H.7750,1543,1
Kinchela Creek D/S Floodgates,559031,Battery,559031.1.B.7755,1543,5
KINCUMBER,561077,Rainfall Increment,561077.1.R,5763,2
Kincumber Ck,561128,Water Level,561128.1.H.3759,1647,1
Kincumber Ck,561128,Battery,561128.1.B.3760,1647,2
KINCUMBER MOUNTAIN RESERVOIR,561148,Rainfall Increment,561148.1.R,5833,2
Kincumber Repeater,561124,Battery,561124.1.B.3752,1643,1
KINDEE BRIDGE (HASTINGS RIVER),60116,Water Level,60116.1.H,8377,2
KINDEE BRIDGE (HASTINGS RIVER),60116,Rainfall Increment,60116.1.R,8377,3
KING JOHN CK (BEERBURRUM RD) TM,540773,Water Level,540773.0.H,10353,1
King John Ck (Beerburrum Rd) TM,540773,Water Level - AHD,540773.0.H,3194,1
King John Ck (Beerburrum Rd) TM,540773,Rainfall,540773.0.R,3194,2
King John Ck (Beerburrum Rd) TM,540773,Battery,540773.0.B,3194,3
King John Ck (Beerburrum Rd) TM,540773,Rainfall Increment,540773.0.R,3194,4
KING PARROT CK @ FLOWERDALE,588129,Rainfall,588129.1.R,9675,1
KING PARROT CK @ FLOWERDALE,588129,Water Level,588129.1.H,9675,2
KING PARROT CK @ FLOWERDALE,588129,Rainfall Increment,588129.1.R,9675,3
KING PARROT CK AT FAIRVIEW RD BRIDGE,588039,Water Level,588039.1.H,11315,1
KING PARROT CK AT FAIRVIEW RD BRIDGE,588039,Rainfall,588039.1.R,11315,2
KING PARROT CK AT FAIRVIEW RD BRIDGE,588039,Rainfall Increment,588039.1.R,11315,3
KING PARROT CREEK AT LONGWARRY SOUTH,586274,Water Level,586274.1.H,12206,1
KING PARROT CREEK AT LONGWARRY SOUTH,586274,Rainfall,586274.1.R,12206,2
KING PARROT CREEK AT LONGWARRY SOUTH,586274,Rainfall Increment,586274.1.R,12206,3
King River @ Cheshunt,82105,Water Level,82105.1.H.175,4668,1
King River @ Cheshunt,82105,Rainfall,82105.1.R.174,4668,2
King River @ Cheshunt,82105,Battery,82105.1.B.176,4668,3
King River @ Cheshunt,82105,Rainfall Increment,82105.1.R.174,4668,4
King River @ Docker Rd,582004,Water Level,582004.1.H.134,4664,1
King River @ Docker Rd,582004,Battery,582004.1.B.135,4664,2
KING RIVER @ DOCKER RD BRIDGE,582004,Water Level,582004.2.H,9379,1
KING RIVER @ EDI,582005,Water Level,582005.1.H,9381,1
KING RIVER AT CHESHUNT,82105,Rainfall,82105.2.R,9771,1
KING RIVER AT CHESHUNT,82105,Water Level,82105.2.H,9771,2
KING RIVER AT CHESHUNT,82105,Rainfall Increment,82105.2.R,9771,3
KING RIVER STUART HIGHWAY,514920,Water Level,514920.1.H,7391,2
KING RIVER STUART HIGHWAY,514920,Rainfall Increment,514920.1.R,7391,3
KING RIVER VICTORIA HIGHWAY,514600,Water Level,514600.1.H,7311,1
KING WILLIAM CREEK,596002,Rainfall Increment,596002.1.R,8523,2
KING WILLIAM LAKE AT DAM,596074,Water Level - AHD,596074.1.H,8579,1
Kingaham AL,540595,Rainfall,540595.0.R.6671,3070,1
Kingaham AL,540595,Rainfall Increment,540595.0.R.6671,3070,2
KINGFISHER CAMP TM,529062,Rainfall,529062.0.R,9897,1
KINGFISHER CAMP TM,529062,Water Level,529062.0.H,9897,2
KINGFISHER CAMP TM,529062,Rainfall Increment,529062.0.R,9897,3
Kinglake,586205,Rainfall,586205.1.R.1181,4546,1
Kinglake,586205,Battery,586205.1.B.1179,4546,2
Kinglake,586205,Rainfall Increment,586205.1.R.1181,4546,3
KINGLAKE RAIN GAUGE,586205,Rainfall,586205.2.R,12100,1
KINGLAKE RAIN GAUGE,586205,Rainfall Increment,586205.2.R,12100,2
Kings Langley (NSW Soccer Federation),567051,Battery,567051.1.B.7256,1725,1
Kings Langley (NSW Soccer Federation),567051,Rainfall,567051.1.R.7255,1725,2
Kings Langley (NSW Soccer Federation),567051,Rainfall Increment,567051.1.R.7255,1725,3
Kings Plains (Windemere),54076,Battery,54076.2.B.3864,1123,1
Kings Plains (Windemere),54076,Rainfall,54076.2.R.3863,1123,2
Kings Plains (Windemere),54076,Rainfall Increment,54076.2.R.3863,1123,3
KINGSBOROUGH TM,539062,Water Level,539062.0.H,6743,2
KINGSBOROUGH TM,539062,Rainfall Increment,539062.0.R,6743,3
KINGSCLIFF,558050,Water Level,558050.1.H,5575,1
Kingscliff WWTP,558090,Battery,558090.1.B.3473,1505,1
Kingscliff WWTP,558090,Rainfall,558090.1.R.3472,1505,2
Kingscliff WWTP,558090,Rainfall Increment,558090.1.R.3472,1505,3
Kingsholme (Montego Hills Res) AL,540836,Rainfall,540836.0.R.2442,11487,1
Kingsholme (Montego Hills Res) AL,540836,Battery,540836.0.B.2443,11487,2
Kingsholme (Montego Hills Res) AL,540836,Rainfall Increment,540836.0.R.2442,11487,3
Kingsthorpe (East St) TM,541195,Rainfall,541195.0.R,3339,1
Kingsthorpe (East St) TM,541195,Rainfall Increment,541195.0.R,3339,2
KINGSTON (LAKE BURLEY GRIFFIN),570974,Rainfall Increment,570974.2.R,5489,2
KINGULL TM,543013,Rainfall Increment,543013.0.R,7081,2
Kinkora,42111,Water Level,42111.0.H,2202,1
Kinkora,42111,Rainfall,42111.0.R,2202,2
Kinkora,42111,Battery,42111.0.B,2202,3
Kinkora,42111,Rainfall Increment,42111.0.R,2202,4
Kippa-Ring AL,540629,Rainfall,540629.0.R.4107,3087,1
Kippa-Ring AL,540629,Battery,540629.0.B.4108,3087,2
Kippa-Ring AL,540629,Rainfall Increment,540629.0.R.4107,3087,3
KIRBY FARM (PIPECLAY CREEK),556016,Water Level,556016.1.H,7779,1
KIRBY TM,537012,Rainfall,537012.0.R,10161,1
KIRBY TM,537012,Rainfall Increment,537012.0.R,10161,2
Kirrama AL,32176,Rainfall,32176.0.R.6060,2030,1
Kirrama AL,32176,Battery,32176.0.B.6061,2030,2
Kirrama AL,32176,Rainfall Increment,32176.0.R.6060,2030,3
Kirrama Range AL,532126,Rainfall,532126.0.R.5245,2344,1
Kirrama Range AL,532126,Battery,532126.0.B.5246,2344,2
Kirrama Range AL,532126,Rainfall Increment,532126.0.R.5245,2344,3
Kirwan (Sandstone Dve) AL,532112,Water Level,532112.0.H.2863,2339,1
Kirwan (Sandstone Dve) AL,532112,Rainfall,532112.0.R.2862,2339,2
Kirwan (Sandstone Dve) AL,532112,Battery,532112.0.B.2864,2339,3
Kirwan (Sandstone Dve) AL,532112,Rainfall Increment,532112.0.R.2862,2339,4
Kirwan AL,532039,Rainfall,532039.0.R.2730,2289,1
Kirwan AL,532039,Battery,532039.0.B.2731,2289,2
Kirwan AL,532039,Rainfall Increment,532039.0.R.2730,2289,3
Kluvers Lkt AL,540168,Rainfall,540168.0.R.6610,2781,1
Kluvers Lkt AL,540168,Rainfall Increment,540168.0.R.6610,2781,2
Knapps Peak AL,40948,Rainfall,40948.0.R.5347,2157,1
Knapps Peak AL,40948,Battery,40948.0.B.5348,2157,2
Knapps Peak AL,40948,Rainfall Increment,40948.0.R.5347,2157,3
KNAYERS LANE TM,543025,Water Level,543025.0.H,11277,1
KNAYERS LANE TM,543025,Rainfall,543025.0.R,11277,2
KNAYERS LANE TM,543025,Rainfall Increment,543025.0.R,11277,3
KNEBWORTH TM,539090,Water Level,539090.0.H,7223,1
KNOXFIELD RAIN GAUGE,586284,Rainfall,586284.1.R,12192,1
KNOXFIELD RAIN GAUGE,586284,Rainfall Increment,586284.1.R,12192,2
Koala Court AL,540764,Water Level,540764.0.H.5448,3187,1
Koala Court AL,540764,Rainfall,540764.0.R.5447,3187,2
Koala Court AL,540764,Battery,540764.0.B.5449,3187,3
Koala Court AL,540764,Rainfall Increment,540764.0.R.5447,3187,4
Kobble Ck (Ladies Rd) AL,540656,Rainfall,540656.0.R.4119,3108,1
Kobble Ck (Ladies Rd) AL,540656,Battery,540656.0.B.4120,3108,2
Kobble Ck (Ladies Rd) AL,540656,Rainfall Increment,540656.0.R.4119,3108,3
Kobble Ck AL,540483,Water Level,540483.0.H.1991,3002,1
Kobble Ck AL,540483,Battery,540483.0.B.1992,3002,2
KOBBLE CK TM,540443,Water Level,540443.0.H,6903,1
Kogal,59056,Water Level,59056.1.H.7325,1206,1
Kogal,59056,Battery,59056.1.B.7795,1206,2
KOLAN R (KALPOWER RD) TM,539254,Water Level,539254.0.H,10343,1
KOLAN R (MOLANGUL XING) TM,539255,Water Level,539255.0.H,10345,1
KOMPUP,509466,Water Level,509466.1.H,10691,2
KOMPUP,509466,Rainfall Increment,509466.1.R,10691,3
Kookaburra (at the School Hut),559085,Battery,559085.1.B.7723,12013,1
Kookaburra (at the School Hut),559085,Rainfall,559085.1.R.7724,12013,2
KOOLAROO (COOMA CREEK),570035,Water Level,570035.2.H,8163,1
Koolaroo (Cooma Creek),570035,Water Level,570035.1.H.7802,1829,1
Koolaroo (Cooma Creek),570035,Battery,570035.1.B.7803,1829,2
Koolaroo (Cooma Creek),570035,Rainfall,570035.1.R.7801,1829,3
Koolaroo (Cooma Creek),570035,Rainfall Increment,570035.1.R.7801,1829,4
KOOLEWONG,561150,Rainfall Increment,561150.1.R,5837,2
KOOLMOON TM,531109,Rainfall Increment,531109.0.R,6383,2
Koombooloomba AL,531058,Rainfall,531058.0.R.5224,2245,1
Koombooloomba AL,531058,Battery,531058.0.B.5225,2245,2
Koombooloomba AL,531058,Rainfall Increment,531058.0.R.5224,2245,3
KOONANDAH TM,533106,Water Level,533106.0.H,6513,2
KOONANDAH TM,533106,Rainfall Increment,533106.0.R,6513,3
KOONUNG CREEK AT BULLEEN,586191,Water Level,586191.1.H,12181,1
Kooralbyn AL,40941,Rainfall,40941.0.R.5328,2150,1
Kooralbyn AL,40941,Battery,40941.0.B.5329,2150,2
Kooralbyn AL,40941,Rainfall Increment,40941.0.R.5328,2150,3
Kooralbyn Bridge AL,540714,Water Level,540714.0.H.5387,3161,1
Kooralbyn Bridge AL,540714,Rainfall,540714.0.R.5386,3161,2
Kooralbyn Bridge AL,540714,Battery,540714.0.B.5388,3161,3
Kooralbyn Bridge AL,540714,Rainfall Increment,540714.0.R.5386,3161,4
Koornalla,85281,Rainfall,85281.1.R.4878,4522,1
Koornalla,85281,Water Level,85281.1.H.4879,4522,2
Koornalla,85281,Battery,85281.1.B.4880,4522,3
Koornalla,85281,Rainfall Increment,85281.1.R.4878,4522,4
KOOROOWI (KALANG RIVER),559008,Water Level,559008.2.H,5625,2
KOOROOWI (KALANG RIVER),559008,Rainfall Increment,559008.2.R,5625,3
Kooroowi (Sharabel),59146,Battery,59146.1.B.7591,1221,1
Kooroowi (Sharabel),59146,Rainfall,59146.1.R.7590,1221,2
Kooroowi (Sharabel),59146,Rainfall Increment,59146.1.R.7590,1221,3
Kooroowi-Scotchman (Kalang River),559008,Water Level,559008.1.H.7611,1526,1
Kooroowi-Scotchman (Kalang River),559008,Water Level,559008.3.H.7617,1526,2
Kooroowi-Scotchman (Kalang River),559008,Battery,559008.1.B.7612,1526,3
Kooroowi-Scotchman (Kalang River),559008,Rainfall,559008.1.R.7610,1526,4
Kooroowi-Scotchman (Kalang River),559008,Rainfall Increment,559008.1.R.7610,1526,5
Kootingal (Cockburn River),555035,Water Level,555035.1.H.3608,1450,1
Kootingal (Cockburn River),555035,Battery,555035.1.B.3607,1450,2
KOOTINGAL (COCKBURN RIVER),555035,Water Level,555035.2.H,7747,1
KOREE ISLAND (HASTINGS RIVER),560020,Rainfall,560020.1.R,5389,1
KOREE ISLAND (HASTINGS RIVER),560020,Water Level,560020.1.H,5389,2
KOREE ISLAND (HASTINGS RIVER),560020,Rainfall Increment,560020.1.R,5389,3
KORJAMNUNNIP CREEK AT GREENDALE,587093,Water Level,587093.1.H,12046,1
KORJAMNUNNIP CREEK AT PYKES CREEK RESERVOIR HEAD GAUGE,587073,Water Level,587073.2.H,12001,1
KOROROIT CREEK AT BROOKLYN,587054,Water Level,587054.1.H,12073,1
KOROROIT CREEK AT BROOKLYN,587054,Rainfall,587054.1.R,12073,2
KOROROIT CREEK AT BROOKLYN,587054,Rainfall Increment,587054.1.R,12073,3
KOROROIT CREEK AT HOLDEN ROAD DIGGERS REST,587130,Water Level,587130.1.H,12074,1
KOROROIT CREEK AT HOLDEN ROAD DIGGERS REST,587130,Rainfall,587130.1.R,12074,2
KOROROIT CREEK AT HOLDEN ROAD DIGGERS REST,587130,Rainfall Increment,587130.1.R,12074,3
KOROROIT CREEK AT LEAKES ROAD ROCKBANK,587000,Water Level,587000.1.H,12068,1
KOROROIT CREEK AT LEAKES ROAD ROCKBANK,587000,Rainfall,587000.1.R,12068,2
KOROROIT CREEK AT LEAKES ROAD ROCKBANK,587000,Rainfall Increment,587000.1.R,12068,3
KOROROIT CREEK AT MILLBANK DRIVE DEER PARK,587001,Water Level,587001.1.H,12012,1
KOROROIT CREEK AT MILLBANK DRIVE DEER PARK,587001,Rainfall,587001.1.R,12012,2
KOROROIT CREEK AT MILLBANK DRIVE DEER PARK,587001,Rainfall Increment,587001.1.R,12012,3
KORWEINGUBOORA RESERVOIR RAIN GAUGE,587090,Rainfall,587090.1.R,12269,1
KORWEINGUBOORA RESERVOIR RAIN GAUGE,587090,Rainfall Increment,587090.1.R,12269,2
KOUMALA TM,533129,Rainfall Increment,533129.0.R,6531,2
Krambach (Tipperary),60103,Battery,60103.1.B.7444,1237,1
Krambach (Tipperary),60103,Rainfall,60103.1.R.7443,1237,2
Krambach (Tipperary),60103,Rainfall Increment,60103.1.R.7443,1237,3
Krismark Downs AL,535138,Rainfall,535138.0.R.4451,2503,1
Krismark Downs AL,535138,Battery,535138.0.B.4452,2503,2
Krismark Downs AL,535138,Rainfall Increment,535138.0.R.4451,2503,3
Kroombit Dam AL,539241,Water Level,539241.0.H.928,2677,1
Kroombit Dam AL,539241,Rainfall,539241.0.R.927,2677,2
Kroombit Dam AL,539241,Battery,539241.0.B.929,2677,3
Kroombit Dam AL,539241,Rainfall Increment,539241.0.R.927,2677,4
KROOMBIT DAM HW TM,539112,Water Level,539112.0.H,7237,2
KROOMBIT DAM HW TM,539112,Rainfall Increment,539112.0.R,7237,3
KROOMBIT DAM TW TM,539083,Water Level,539083.0.H,7219,1
Kroombit Repeater AL,539242,Rainfall,539242.0.R.900,2678,1
Kroombit Repeater AL,539242,Battery,539242.0.B.901,2678,2
Kroombit Repeater AL,539242,Rainfall Increment,539242.0.R.900,2678,3
Kroombit Tops AL,539243,Rainfall,539243.0.R.948,2679,1
Kroombit Tops AL,539243,Battery,539243.0.B.949,2679,2
Kroombit Tops AL,539243,Rainfall Increment,539243.0.R.948,2679,3
KROOMBIT TOPS TM,539120,Rainfall Increment,539120.0.R,6791,2
Kullogum AL,540763,Rainfall,540763.0.R.4763,3186,1
Kullogum AL,540763,Battery,540763.0.B.4764,3186,2
Kullogum AL,540763,Rainfall Increment,540763.0.R.4763,3186,3
Kulnura (Jeavons),61382,Battery,61382.1.B.7383,1283,1
Kulnura (Jeavons),61382,Rainfall,61382.1.R.7382,1283,2
Kulnura (Jeavons),61382,Rainfall Increment,61382.1.R.7382,1283,3
KULNURA (MHL),561078,Rainfall Increment,561078.1.R,5765,2
Kulpi AL,541153,Rainfall,541153.0.R.6102,3316,1
Kulpi AL,541153,Battery,541153.0.B.6103,3316,2
Kulpi AL,541153,Rainfall Increment,541153.0.R.6102,3316,3
Kulumur Range AL,35294,Rainfall,35294.0.R.5936,2076,1
Kulumur Range AL,35294,Battery,35294.0.B.5937,2076,2
Kulumur Range AL,35294,Rainfall Increment,35294.0.R.5936,2076,3
Kunghur (The Junction),58129,Battery,58129.1.B.7168,1181,1
Kunghur (The Junction),58129,Rainfall,58129.1.R.7181,1181,2
Kunghur (The Junction),58129,Rainfall Increment,58129.1.R.7181,1181,3
Kurrajong Heights (Burralow Road),563025,Battery,563025.1.B.3001,1679,1
Kurrajong Heights (Burralow Road),563025,Rainfall,563025.1.R.3000,1679,2
Kurrajong Heights (Burralow Road),563025,Rainfall Increment,563025.1.R.3000,1679,3
Kurrajong TM,540737,Water Level,540737.0.H,3181,1
Kurrajong TM,540737,Battery,540737.0.B,3181,2
Kuss Rd AL,540194,Water Level,540194.0.H.6737,2799,1
Kuss Rd AL,540194,Rainfall,540194.0.R.6736,2799,2
Kuss Rd AL,540194,Rainfall Increment,540194.0.R.6736,2799,3
KUSS ROAD TM,540583,Water Level,540583.0.H,6955,2
KUSS ROAD TM,540583,Rainfall Increment,540583.0.R,6955,3
KWOLYN HILL,510252,Water Level,510252.1.H,10867,2
KWOLYN HILL,510252,Rainfall Increment,510252.1.R,10867,3
Kyndalyn Park Comparison ,76136,Battery,76136.2.B,4839,1
Kyndalyn Park Comparison ,76136,Rainfall,76136.2.R,4839,2
Kyndalyn Park Comparison ,76136,Rainfall Increment,76136.2.R,4839,3
Kynnumboon,558051,Water Level - AHD,558051.1.H.7197,1481,1
Kynnumboon,558051,Battery,558051.1.B.7196,1481,2
KYNNUMBOON,558051,Water Level,558051.2.H,5577,1
KYOGLE (RICHMOND RIVER),558002,Water Level,558002.1.H,7849,2
KYOGLE (RICHMOND RIVER),558002,Rainfall Increment,558002.1.R,7849,3
LA PALMA TM,535049,Water Level,535049.0.H,6635,2
LA PALMA TM,535049,Rainfall Increment,535049.0.R,6635,3
Laceys Ck AL,540409,Rainfall,540409.0.R.1970,2941,1
Laceys Ck AL,540409,Battery,540409.0.B.1971,2941,2
Laceys Ck AL,540409,Rainfall Increment,540409.0.R.1970,2941,3
Lacks Creek (Middle Pocket),558005,Water Level,558005.1.H.7571,1458,1
Lacks Creek (Middle Pocket),558005,Rainfall,558005.1.R.7570,1458,2
Lacks Creek (Middle Pocket),558005,Battery,558005.1.B.7572,1458,3
Lacks Creek (Middle Pocket),558005,Rainfall Increment,558005.1.R.7570,1458,4
LACMALAC (GOOBARRAGANDRA RIVER),572011,Water Level,572011.1.H,8217,2
LACMALAC (GOOBARRAGANDRA RIVER),572011,Rainfall Increment,572011.1.R,8217,3
LADYSMITH (KYEAMBA CK),572025,Water Level,572025.1.H,8233,1
LAGLAN RD TM,536013,Rainfall,536013.0.R,10135,1
LAGLAN RD TM,536013,Water Level,536013.0.H,10135,2
LAGLAN RD TM,536013,Rainfall Increment,536013.0.R,10135,3
LAGUNA (WOLLOMBI BROOK),561166,Water Level,561166.2.H,8001,1
Laguna (Wollombi Brook),561166,Water Level,561166.1.H.7906,1661,1
Laguna (Wollombi Brook),561166,Battery,561166.1.B.7905,1661,2
LAGUNA QUAYS TIDE TM,533086,Water Level,533086.0.H,5195,1
Laheys Lookout AL,40930,Battery,40930.0.B.5301,2139,1
LAKE AINSWORTH,558052,Water Level,558052.1.H,5579,2
LAKE AINSWORTH,558052,Rainfall Increment,558052.1.R,5579,3
LAKE ALBERT AT MENINGIE SAILING CLUB JETTY (DEW),524533,Water Level,524533.1.H,9089,1
LAKE AUGUSTA (AT INTAKE),596050,Water Level - AHD,596050.1.H,8545,1
LAKE AUGUSTA EAST,596028,Rainfall Increment,596028.1.R,8529,2
LAKE BARRINGTON DAM,591041,Water Level - AHD,591041.1.H,8465,1
Lake Bathurst (Somerton),70036,Battery,70036.1.B.3257,1414,1
Lake Bathurst (Somerton),70036,Rainfall,70036.1.R.3256,1414,2
Lake Bathurst (Somerton),70036,Rainfall Increment,70036.1.R.3256,1414,3
LAKE BORRIE RAIN GAUGE,587086,Rainfall,587086.1.R,12267,1
LAKE BORRIE RAIN GAUGE,587086,Rainfall Increment,587086.1.R,12267,2
Lake Brown AL,535183,Water Level,535183.0.H.1193,2540,1
Lake Brown AL,535183,Rainfall,535183.0.R.1192,2540,2
Lake Brown AL,535183,Battery,535183.0.B.1194,2540,3
Lake Brown AL,535183,Rainfall Increment,535183.0.R.1192,2540,4
LAKE BROWN TM,535052,Water Level,535052.0.H,6639,2
LAKE BROWN TM,535052,Rainfall Increment,535052.0.R,6639,3
Lake Buffalo Head Gauge,583150,Battery,583150.1.B.104,4776,1
Lake Buffalo Head Gauge,583150,Water Level - AHD,583150.1.H.103,4776,2
Lake Burley Griffin (Boat Harbour),570006,Water Level - AHD,570006.2.H.3348,1814,1
Lake Burley Griffin (Boat Harbour),570006,Battery,570006.1.B.3408,1814,2
Lake Burley Griffin (Boat Harbour),570006,Rainfall,570006.1.R.3355,1814,3
Lake Burley Griffin (Boat Harbour),570006,Rainfall Increment,570006.1.R.3355,1814,4
Lake Burley Griffin (Dam),570016,Water Level - AHD,570016.2.H.3347,1816,1
Lake Burley Griffin (Dam),570016,Battery,570016.1.B.3407,1816,2
Lake Burley Griffin (Dam),570016,Flow Rate,570016.1.ML/D.3342,1816,3
LAKE CARGELLIGO,575006,Water Level,575006.1.H,8343,1
Lake Cargelligo Airport Comparison ,75180,Battery,75180.1.B,1438,1
Lake Cargelligo Airport Comparison ,75180,Rainfall,75180.1.R,1438,2
Lake Cargelligo Airport Comparison ,75180,Rainfall Increment,75180.1.R,1438,3
LAKE CATHIE (SEWERAGE TREATMENT WORKS),560019,Rainfall,560019.1.R,5387,1
LAKE CATHIE (SEWERAGE TREATMENT WORKS),560019,Rainfall Increment,560019.1.R,5387,2
LAKE CETHANA DAM,591017,Water Level - AHD,591017.1.H,8453,1
Lake Chittering,9277,Rainfall,9277.1.R.6153,4397,1
Lake Chittering,9277,Battery,9277.1.B.6152,4397,2
Lake Chittering,9277,Rainfall Increment,9277.1.R.6153,4397,3
Lake Clarendon Dam AL,540473,Water Level,540473.0.H.6659,2992,1
Lake Clarendon Dam AL,540473,Rainfall,540473.0.R.6658,2992,2
Lake Clarendon Dam AL,540473,Rainfall Increment,540473.0.R.6658,2992,3
LAKE CLARENDON HW TM,540546,Water Level,540546.0.H,10275,2
LAKE CLARENDON HW TM,540546,Rainfall Increment,540546.0.R,10275,3
LAKE COLAC @ MERIDETH PARK,590008,Rainfall,590008.1.R,9717,1
LAKE COLAC @ MERIDETH PARK,590008,Water Level,590008.1.H,9717,2
LAKE COLAC @ MERIDETH PARK,590008,Rainfall Increment,590008.1.R,9717,3
Lake Conjola,568182,Water Level,568182.2.H.3373,1789,1
Lake Conjola,568182,Battery,568182.1.B.3374,1789,2
Lake Conjola,568182,Rainfall,568182.2.R.3372,1789,3
Lake Conjola,568182,Rainfall Increment,568182.2.R.3372,1789,4
LAKE CONJOLA,568182,Water Level,568182.1.H,5925,2
LAKE CONJOLA,568182,Rainfall Increment,568182.1.R,5925,3
Lake Cooroibah AL,540309,Water Level,540309.0.H.6906,2873,1
Lake Cooroibah AL,540309,Rainfall,540309.0.R.6905,2873,2
Lake Cooroibah AL,540309,Battery,540309.0.B.6907,2873,3
Lake Cooroibah AL,540309,Rainfall Increment,540309.0.R.6905,2873,4
LAKE DARTMOUTH HG,582008,Water Level,582008.1.H,9385,1
LAKE DARTMOUTH HG,582008,Water Level - AHD,582008.2.H,9385,2
LAKE EILDON,588130,Water Level,588130.1.H,9677,1
LAKE GAIRDNER DAM,591046,Water Level - AHD,591046.1.H,8475,2
LAKE GAIRDNER DAM,591046,Rainfall Increment,591046.1.R,8475,3
LAKE GWENDY,596065,Rainfall Increment,596065.1.R,8563,2
LAKE KUNUNURRA,502039,Rainfall Increment,502039.1.R,10397,2
Lake Kurwongbah AL,540204,Water Level,540204.0.H.6767,2806,1
Lake Kurwongbah AL,540204,Rainfall,540204.0.R.6766,2806,2
Lake Kurwongbah AL,540204,Rainfall Increment,540204.0.R.6766,2806,3
LAKE KURWONGBAH HW TM,540605,Water Level,540605.0.H,10291,2
LAKE KURWONGBAH HW TM,540605,Rainfall Increment,540605.0.R,10291,3
Lake Leake FWS,92146,Battery,92146.1.B,4285,1
Lake Leake FWS,92146,Rainfall,92146.1.R,4285,2
Lake Leake FWS,92146,Water Level,92146.1.H,4285,3
Lake Leake FWS,92146,Water Level,92146.2.H,4285,4
Lake Leake FWS,92146,Rainfall Increment,92146.1.R,4285,5
LAKE LYELL UPSTREAM (COXS RIVER),563097,Water Level,563097.1.H,5251,1
Lake MacDonald Dam AL,540463,Water Level,540463.0.H.6938,2983,1
Lake MacDonald Dam AL,540463,Rainfall,540463.0.R.6937,2983,2
Lake MacDonald Dam AL,540463,Battery,540463.0.B.6939,2983,3
Lake MacDonald Dam AL,540463,Rainfall Increment,540463.0.R.6937,2983,4
LAKE MACDONALD DAM HW TM,540755,Water Level,540755.0.H,10331,2
LAKE MACDONALD DAM HW TM,540755,Rainfall Increment,540755.0.R,10331,3
Lake MacDonald Drive AL,540327,Water Level,540327.0.H.6929,2889,1
Lake MacDonald Drive AL,540327,Battery,540327.0.B.6930,2889,2
LAKE MACKENZIE,596006,Water Level - AHD,596006.1.H,8525,2
LAKE MACKENZIE,596006,Rainfall Increment,596006.1.R,8525,3
Lake Manchester AL,540028,Water Level,540028.2.H.1731,2698,1
Lake Manchester AL,540028,Rainfall,540028.0.R.1730,2698,2
Lake Manchester AL,540028,Rainfall Increment,540028.0.R.1730,2698,3
LAKE MANCHESTER HW TM,540606,Water Level,540606.0.H,10293,2
LAKE MANCHESTER HW TM,540606,Rainfall Increment,540606.0.R,10293,3
LAKE MUIR,509394,Rainfall Increment,509394.1.R,10643,2
Lake Munmorah (at Colongra Reserve),561180,Battery,561180.1.B.3770,11351,1
Lake Munmorah (at Colongra Reserve),561180,Rainfall,561180.1.R.3769,11351,2
Lake Munmorah (at Colongra Reserve),561180,Rainfall Increment,561180.1.R.3769,11351,3
LAKE MUNMORAH (AT COLONGRA RESERVE),561180,Rainfall Increment,561180.2.R,11585,1
Lake Orr AL,540564,Water Level,540564.0.H.2405,3058,1
Lake Orr AL,540564,Battery,540564.0.B.2406,3058,2
Lake Orr Weir TW AL,540565,Water Level,540565.0.H.2407,3059,1
Lake Orr Weir TW AL,540565,Battery,540565.0.B.2408,3059,2
LAKE PALOONA DAM (FORTH RV),591044,Water Level - AHD,591044.1.H,8471,1
LAKE PARANGANA DAM,596037,Water Level - AHD,596037.1.H,8533,1
Lake Placid AL,531041,Water Level,531041.0.H.6828,2232,1
Lake Placid AL,531041,Battery,531041.0.B.6829,2232,2
LAKE RIVER AT LAKE HOUSE,591055,Water Level,591055.1.H,8481,1
LAKE RIVER AT LAKE HOUSE,591055,Flow Rate,591055.1.ML/D,8481,2
LAKE ROWALLAN DAM,596042,Water Level - AHD,596042.1.H,8535,1
Lake Tabourie,569036,Water Level,569036.1.H.3376,1808,1
Lake Tabourie,569036,Battery,569036.1.B.3377,1808,2
Lake Tabourie,569036,Rainfall,569036.1.R.3375,1808,3
Lake Tabourie,569036,Rainfall Increment,569036.1.R.3375,1808,4
LAKE TOOLIBIN INFLOW,510500,Water Level,510500.1.H,10869,2
LAKE TOOLIBIN INFLOW,510500,Rainfall Increment,510500.1.R,10869,3
LAKE WOLLUMBOOLA,568183,Water Level,568183.1.H,5927,1
LAKELAND DOWNS TM,528010,Rainfall Increment,528010.0.R,6217,2
LAKES ENTRANCE BREAKWATER,584025,Water Level - AHD,584025.1.H,8865,1
Lakeside Crescent AL,540535,Water Level,540535.0.H.1805,3044,1
Lakeside Crescent AL,540535,Battery,540535.0.B.1801,3044,2
LAKEWOOD RETARDING BASIN AT KNOXFIELD,586292,Water Level,586292.1.H,12251,1
Lambton Reservoir,561114,Battery,561114.1.B.3579,1633,1
Lambton Reservoir,561114,Rainfall,561114.1.R.3578,1633,2
Lambton Reservoir,561114,Rainfall Increment,561114.1.R.3578,1633,3
Lancefield at Ashworths Hill Winery,587016,Rainfall,587016.1.R.1344,4542,1
Lancefield at Ashworths Hill Winery,587016,Battery,587016.1.B.1342,4542,2
Lancefield at Ashworths Hill Winery,587016,Rainfall Increment,587016.1.R.1344,4542,3
LANCEFIELD NORTH RAIN GAUGE,587079,Rainfall,587079.1.R,12037,1
LANCEFIELD NORTH RAIN GAUGE,587079,Rainfall Increment,587079.1.R,12037,2
Landers Ck AL,533115,Rainfall,533115.0.R.2969,2393,1
Landers Ck AL,533115,Battery,533115.0.B.2970,2393,2
Landers Ck AL,533115,Rainfall Increment,533115.0.R.2969,2393,3
Landor Airstrip,7207,Rainfall,7207.1.R,4359,1
Landor Airstrip,7207,Battery,7207.1.B,4359,2
Landor Airstrip,7207,Rainfall Increment,7207.1.R,4359,3
Lands End AL,539193,Water Level,539193.0.H.751,2632,1
Lands End AL,539193,Rainfall,539193.0.R.750,2632,2
Lands End AL,539193,Battery,539193.0.B.752,2632,3
Lands End AL,539193,Rainfall Increment,539193.0.R.750,2632,4
LANDS END TM,539052,Water Level,539052.0.H,6725,2
LANDS END TM,539052,Rainfall Increment,539052.0.R,6725,3
Landsborough AL,540340,Rainfall,540340.0.R.5423,2902,1
Landsborough AL,540340,Battery,540340.0.B.5424,2902,2
Landsborough AL,540340,Rainfall Increment,540340.0.R.5423,2902,3
LANDSBOROUGH HWY TM,529022,Water Level,529022.0.H,6243,2
LANDSBOROUGH HWY TM,529022,Rainfall Increment,529022.0.R,6243,3
LANDSBOROUGH RESERVOIR HEAD GAUGE,579024,Rainfall,579024.1.R,9269,1
LANDSBOROUGH RESERVOIR HEAD GAUGE,579024,Rainfall Increment,579024.1.R,9269,2
Landsdowne Bridge (Mulwaree River),570066,Water Level,570066.1.H.3247,1839,1
Landsdowne Bridge (Mulwaree River),570066,Battery,570066.1.B.3248,1839,2
LANG LANG RIVER AT HEAD ROAD YANNATHAN,586124,Water Level,586124.1.H,12229,1
LANG LANG RIVER AT HEAD ROAD YANNATHAN,586124,Rainfall,586124.1.R,12229,2
LANG LANG RIVER AT HEAD ROAD YANNATHAN,586124,Rainfall Increment,586124.1.R,12229,3
LANG LANG RIVER U/S DROUIN-POOWONG RD ATHLONE,586275,Water Level,586275.1.H,12245,1
Langley TM,41152,Rainfall,41152.0.R,2169,1
Langley TM,41152,Battery,41152.0.B,2169,2
Langley TM,41152,Rainfall Increment,41152.0.R,2169,3
LANIFER TM,537014,Rainfall,537014.0.R,10165,1
LANIFER TM,537014,Rainfall Increment,537014.0.R,10165,2
Lansdowne,2053,Rainfall,2053.1.R,4338,1
Lansdowne,2053,Battery,2053.1.B,4338,2
Lansdowne,2053,Rainfall Increment,2053.1.R,4338,3
LANSDOWNE (LANSDOWNE RIVER),560037,Water Level,560037.1.H,7907,1
LANSDOWNE BRIDGE (PROSPECT CREEK),567067,Water Level,567067.1.H,5907,1
LANSVALE-CUTLER RD (GEORGES RIVER),566014,Water Level,566014.1.H,5867,1
Lara,587035,Rainfall,587035.1.R.1002,4489,1
Lara,587035,Battery,587035.1.B.1004,4489,2
Lara,587035,Water Level - AHD,587035.1.H.1003,4489,3
Lara,587035,Rainfall Increment,587035.1.R.1002,4489,4
Largs North,523000,Rainfall,523000.1.R.5893,1966,1
Largs North,523000,Battery,523000.1.B.5892,1966,2
Largs North,523000,Rainfall Increment,523000.1.R.5893,1966,3
LARNI BARRAMAL YALUK AT YANDIOIT,588011,Rainfall,588011.1.R,9631,1
LARNI BARRAMAL YALUK AT YANDIOIT,588011,Water Level,588011.1.H,9631,2
LARNI BARRAMAL YALUK AT YANDIOIT,588011,Rainfall Increment,588011.1.R,9631,3
LAROONA TM,533107,Water Level,533107.0.H,6515,2
LAROONA TM,533107,Rainfall Increment,533107.0.R,6515,3
Larrawa Airstrip,2078,Rainfall,2078.1.R,4344,1
Larrawa Airstrip,2078,Battery,2078.1.B,4344,2
Larrawa Airstrip,2078,Rainfall Increment,2078.1.R,4344,3
Latrobe (Mersey River),91279,Battery,91279.1.B,4272,1
Latrobe (Mersey River),91279,Water Level,91279.1.H,4272,2
LATROBE RIVER @ KILMANY SOUTH,585039,Water Level,585039.2.H,9529,1
LATROBE RIVER @ NOOJEE,585036,Water Level,585036.2.H,9525,2
LATROBE RIVER @ NOOJEE,585036,Rainfall Increment,585036.2.R,9525,3
LATROBE RIVER @ WILLOW GROVE,585030,Water Level,585030.1.H,9515,1
LATROBE RIVER @ YALLOURN POWER STATION,85187,Water Level,85187.1.H,9817,1
LATROBE RIVER @ YALLOURN POWER STATION,85187,Water Level,85187.2.H,9817,2
Latrobe River at Kilmany South,585039,Battery,585039.1.B.4904,4850,1
Latrobe River at Kilmany South,585039,Water Level,585039.1.H.4903,4850,2
Latrobe River at Noojee,585036,Battery,585036.1.B,4803,1
Latrobe River at Noojee,585036,Rainfall,585036.1.R,4803,2
Latrobe River at Noojee,585036,Water Level,585036.1.H,4803,3
Latrobe River at Noojee,585036,Rainfall Increment,585036.1.R,4803,4
Latrobe River at Rosedale,585031,Battery,585031.1.B.4902,4759,1
Latrobe River at Rosedale,585031,Water Level,585031.1.H.4901,4759,2
LATROBE RIVER AT ROSEDALE,585031,Water Level,585031.2.H,9517,1
LATROBE RIVER AT THE ANABRANCH,585060,Water Level,585060.1.H,9537,1
LATROBE RIVER AT THOMS BRIDGE,585245,Water Level,585245.1.H,9559,1
LAURA R NORTH (PENINSULA DEV RD) TM,528011,Water Level,528011.0.H,10335,1
LAURA RIVER TM,528004,Water Level,528004.0.H,6205,2
LAURA RIVER TM,528004,Rainfall Increment,528004.0.R,6205,3
Laurel Bank TM,39347,Water Level,39347.0.H,2083,1
Laurel Bank TM,39347,Battery,39347.0.B,2083,2
LAURIETON (MILL STREET),560018,Rainfall,560018.1.R,5385,1
LAURIETON (MILL STREET),560018,Water Level,560018.1.H,5385,2
LAURIETON (MILL STREET),560018,Rainfall Increment,560018.1.R,5385,4
LAURIETON (MILL STREET),560018,Water Level,560018.2.H,11572,1
Lauriston Reservoir Repeater,588032,Battery,588032.1.B.1041,4800,1
LAVA PLAINS RD TM,532152,Rainfall,532152.0.R,10047,1
LAVA PLAINS RD TM,532152,Rainfall Increment,532152.0.R,10047,2
LAVA PLAINS TM,532128,Rainfall Increment,532128.0.R,6445,2
LAVERTON NORTH RAIN GAUGE,587099,Rainfall,587099.1.R,12055,1
LAVERTON NORTH RAIN GAUGE,587099,Rainfall Increment,587099.1.R,12055,2
Lawnton (Todds Rd) AL,540562,Water Level,540562.0.H.1999,3057,1
Lawnton (Todds Rd) AL,540562,Rainfall,540562.0.R.1998,3057,2
Lawnton (Todds Rd) AL,540562,Battery,540562.0.B.4100,3057,3
Lawnton (Todds Rd) AL,540562,Rainfall Increment,540562.0.R.1998,3057,4
Lawnton AL,540439,Water Level,540439.0.H.1977,2964,1
Lawnton AL,540439,Rainfall,540439.0.R.1976,2964,2
Lawnton AL,540439,Battery,540439.0.B.1978,2964,3
Lawnton AL,540439,Rainfall Increment,540439.0.R.1976,2964,4
LAWRENCE (CLARENCE RIVER),558110,Water Level,558110.1.H,5617,2
LAWRENCE (CLARENCE RIVER),558110,Rainfall Increment,558110.1.R,5617,3
Lawrence Rd (Pringles Way),58068,Battery,58068.1.B,1177,1
Lawrence Rd (Pringles Way),58068,Rainfall,58068.1.R,1177,2
Lawrence Rd (Pringles Way),58068,Rainfall Increment,58068.1.R,1177,3
LAWSON ROAD,509184,Rainfall Increment,509184.1.R,10577,2
LEES BRIDGE (OURIMBAH CREEK),561086,Water Level,561086.1.H,5781,1
Lees Crossing AL,540826,Water Level,540826.0.H.6712,3236,1
Lees Crossing AL,540826,Rainfall,540826.0.R.6711,3236,2
Lees Crossing AL,540826,Rainfall Increment,540826.0.R.6711,3236,3
LEESON TM,537015,Rainfall,537015.0.R,10167,1
LEESON TM,537015,Water Level,537015.0.H,10167,2
LEESON TM,537015,Rainfall Increment,537015.0.R,10167,3
LEESONS TM,539103,Water Level,539103.0.H,6769,2
LEESONS TM,539103,Rainfall Increment,539103.0.R,6769,3
LEGERWOOD RIVULET D/S RINGAROOMA ROAD,591053,Water Level,591053.1.H,8711,2
LEGERWOOD RIVULET D/S RINGAROOMA ROAD,591053,Rainfall Increment,591053.1.R,8711,3
Leichardt ,523006,Rainfall,523006.1.R.5360,1969,1
Leichardt ,523006,Battery,523006.1.B.5359,1969,2
Leichardt ,523006,Rainfall Increment,523006.1.R.5360,1969,3
LEIGH RIVER @ MOUNT MERCER,89104,Rainfall,89104.2.R,9859,1
LEIGH RIVER @ MOUNT MERCER,89104,Water Level,89104.2.H,9859,2
LEIGH RIVER @ MOUNT MERCER,89104,Rainfall Increment,89104.2.R,9859,3
Leigh River at Mt Mercer,89104,Battery,89104.1.B.1025,4756,1
Leigh River at Mt Mercer,89104,Water Level,89104.1.H.1024,4756,2
Leigh River at Mt Mercer,89104,Rainfall,89104.1.R.1023,4756,3
Leigh River at Mt Mercer,89104,Rainfall Increment,89104.1.R.1023,4756,4
LEIGH RIVER AT SHELFORD (HIGHWAY BRIDGE),589001,Rainfall,589001.1.R,9679,1
LEIGH RIVER AT SHELFORD (HIGHWAY BRIDGE),589001,Water Level,589001.2.H,9679,2
LEIGH RIVER AT SHELFORD (HIGHWAY BRIDGE),589001,Rainfall Increment,589001.1.R,9679,3
LEMON TREE WEIR TM,541096,Water Level,541096.0.H,7277,1
Lenah Valley,594014,Rainfall,594014.1.R.540,4313,1
Lenah Valley,594014,Battery,594014.1.B.541,4313,2
Lenah Valley,594014,Rainfall Increment,594014.1.R.540,4313,3
LENNOX VINEYARD,509522,Water Level,509522.1.H,10747,1
Lenswood,23801,Battery,23801.1.B.5484,1917,1
Lenswood,23801,Rainfall,23801.1.R.5485,1917,2
Lenswood,23801,Rainfall Increment,23801.1.R.5485,1917,3
Lenswood Alert ,523743,Water Level,523743.1.H.5481,1996,1
Lenswood Alert ,523743,Battery,523743.1.B.5480,1996,2
Lenthalls Dam AL,40906,Water Level,40906.0.H.6090,2136,1
Lenthalls Dam AL,40906,Rainfall,40906.0.R.6089,2136,2
Lenthalls Dam AL,40906,Battery,40906.0.B.6091,2136,3
Lenthalls Dam AL,40906,Rainfall Increment,40906.0.R.6089,2136,4
LENTHALLS DAM HW TM,540267,Water Level,540267.0.H,6861,1
Leopold Downs TBRG,3099,Rainfall,3099.1.R,4349,1
Leopold Downs TBRG,3099,Battery,3099.1.B,4349,2
Leopold Downs TBRG,3099,Rainfall Increment,3099.1.R,4349,3
LERDERDERG RIVER @ SARDINE CREEK,587525,Water Level,587525.2.H,9605,1
LERDERDERG RIVER @ U/S GOODMAN CREEK,587022,Rainfall,587022.2.R,9579,1
LERDERDERG RIVER @ U/S GOODMAN CREEK,587022,Water Level,587022.2.H,9579,2
LERDERDERG RIVER @ U/S GOODMAN CREEK,587022,Rainfall Increment,587022.2.R,9579,3
LERDERDERG RIVER D/S SARDINE CREEK AT O&#039;BRIENS CROSSING,587525,Water Level,587525.1.H,12298,1
LERDERDERG RIVER UPSTREAM GOODMANS CREEK JUCTION DARLEY,587022,Water Level,587022.1.H,12069,1
LERDERDERG RIVER UPSTREAM GOODMANS CREEK JUCTION DARLEY,587022,Rainfall,587022.1.R,12069,2
LERDERDERG RIVER UPSTREAM GOODMANS CREEK JUCTION DARLEY,587022,Rainfall Increment,587022.1.R,12069,3
Lesdale AL,544033,Rainfall,544033.0.R.4207,3368,1
Lesdale AL,544033,Battery,544033.0.B.4208,3368,2
Lesdale AL,544033,Rainfall Increment,544033.0.R.4207,3368,3
LESLIE CK TM,531028,Water Level,531028.0.H,6313,1
LESLIE DAM HW TM,541055,Water Level,541055.0.H,7269,2
LESLIE DAM HW TM,541055,Rainfall Increment,541055.0.R,7269,3
LESLIE DAM TW TM,541037,Water Level,541037.0.H,7263,1
Leslie Harrison Dam AL,540384,Water Level,540384.0.H.1903,2934,1
Leslie Harrison Dam AL,540384,Rainfall,540384.0.R.1902,2934,2
Leslie Harrison Dam AL,540384,Battery,540384.0.B.1904,2934,3
Leslie Harrison Dam AL,540384,Rainfall Increment,540384.0.R.1902,2934,4
LESLIE HARRISON DAM HW TM,540611,Water Level,540611.0.H,10301,2
LESLIE HARRISON DAM HW TM,540611,Rainfall Increment,540611.0.R,10301,3
LETITIA 2A,558041,Water Level,558041.1.H,5559,1
Lewis Hill,92020,Rainfall,92020.1.R.611,4277,1
Lewis Hill,92020,Water Level,92020.1.H.612,4277,2
Lewis Hill,92020,Battery,92020.1.B.613,4277,3
Lewis Hill,92020,Rainfall Increment,92020.1.R.611,4277,4
LEYBURN TM,41514,Water Level,41514.0.H,6143,2
LEYBURN TM,41514,Rainfall Increment,41514.0.R,6143,3
LIAMMA BORE,502019,Rainfall Increment,502019.1.R,10377,2
LIAPOOTAH POND DAM,596084,Water Level - AHD,596084.1.H,8589,1
Lidcombe (Carnarvon Golf Club),566064,Battery,566064.1.B.7655,1718,1
Lidcombe (Carnarvon Golf Club),566064,Rainfall,566064.1.R.7654,1718,2
Lidcombe (Carnarvon Golf Club),566064,Rainfall Increment,566064.1.R.7654,1718,3
LIDDELL (BAYSWATER CK ),561047,Water Level,561047.1.H,7969,1
LIDDELL PUMP STN (HUNTER RIVER),561017,Water Level,561017.1.H,7939,1
LIENA (MERSEY RIVER),591034,Water Level,591034.1.H,8455,1
LIENA (MERSEY RIVER),591034,Flow Rate,591034.1.ML/D,8455,2
LIEWAH (EDWARD RIVER),575003,Water Level,575003.1.H,8337,1
LIGHT R AT PT WAKEFIELD RD (DEW),523043,Rainfall Increment,523043.1.R,8917,1
LIGHT R AT PT WAKEFIELD RD (DEW),523043,Water Level,523043.1.H,8917,2
LIGHT RIVER AT HAMLEY BRIDGE (DEW),523065,Water Level,523065.1.H,8949,1
LIGHT RIVER NEAR HAMILTON (DEW),523318,Water Level,523318.1.H,8967,1
LIGHT RIVER UPSTREAM OF MALLALA (DEW),523066,Water Level,523066.1.H,8951,1
LIGHT RIVER US SCHOOL ROAD (DEW),521012,Water Level,521012.1.H,8893,2
LIGHT RIVER US SCHOOL ROAD (DEW),521012,Rainfall Increment,521012.1.R,8893,3
Lightning Ridge Airport,48255,Rainfall,48255.1.R,1105,1
Lightning Ridge Airport,48255,Rainfall Increment,48255.1.R,1105,2
Lillian Rock (Williams Road),58148,Battery,58148.1.B.7180,1184,1
Lillian Rock (Williams Road),58148,Rainfall,58148.1.R.7179,1184,2
Lillian Rock (Williams Road),58148,Rainfall Increment,58148.1.R.7179,1184,3
LILYDALE (CLARENCE RIVER),557005,Water Level,557005.1.H,7829,2
LILYDALE (CLARENCE RIVER),557005,Rainfall Increment,557005.1.R,7829,3
LILYVALE LAGOON TM,535105,Water Level,535105.0.H,6669,1
LIMESTONE CREEK TM,533224,Water Level,533224.0.H,11271,1
Limestone Park (Dentention Basin) AL,540795,Water Level,540795.0.H.4829,3216,1
Limestone Park (Dentention Basin) AL,540795,Rainfall,540795.0.R.4828,3216,2
Limestone Park (Dentention Basin) AL,540795,Battery,540795.0.B.4830,3216,3
Limestone Park (Dentention Basin) AL,540795,Rainfall Increment,540795.0.R.4828,3216,4
Limevale TM,41230,Rainfall,41230.0.R,2172,1
Limevale TM,41230,Battery,41230.0.B,2172,2
Limevale TM,41230,Rainfall Increment,41230.0.R,2172,3
Limpinwood (Bald Mountain),558032,Battery,558032.1.B.7175,1476,1
Limpinwood (Bald Mountain),558032,Rainfall,558032.1.R.7163,1476,2
Limpinwood (Bald Mountain),558032,Rainfall Increment,558032.1.R.7163,1476,3
LINDEN (WOODFORD CREEK DAM),563070,Rainfall Increment,563070.1.R,5233,2
Lindfield AL,540491,Rainfall,540491.0.R.6607,3009,1
Lindfield AL,540491,Rainfall Increment,540491.0.R.6607,3009,2
Linkes Causeway AL,539244,Water Level,539244.0.H.931,2680,1
Linkes Causeway AL,539244,Rainfall,539244.0.R.930,2680,2
Linkes Causeway AL,539244,Battery,539244.0.B.932,2680,3
Linkes Causeway AL,539244,Rainfall Increment,539244.0.R.930,2680,4
LINKES CAUSEWAY TM,539110,Water Level,539110.0.H,7233,2
LINKES CAUSEWAY TM,539110,Rainfall Increment,539110.0.R,7233,3
Linville AL,540261,Water Level,540261.0.H.6718,2843,1
Linville AL,540261,Rainfall,540261.0.R.6717,2843,2
Linville AL,540261,Rainfall Increment,540261.0.R.6717,2843,3
LINVILLE TM,540040,Water Level,540040.0.H,6803,2
LINVILLE TM,540040,Rainfall Increment,540040.0.R,6803,3
Lipscombe Rd AL,540445,Water Level,540445.0.H.1980,2967,1
Lipscombe Rd AL,540445,Rainfall,540445.0.R.1979,2967,2
Lipscombe Rd AL,540445,Battery,540445.0.B.1981,2967,3
Lipscombe Rd AL,540445,Rainfall Increment,540445.0.R.1979,2967,4
Lisarow,561125,Water Level,561125.1.H.3753,1644,1
Lisarow,561125,Battery,561125.1.B.3754,1644,2
LISAROW,561079,Rainfall Increment,561079.1.R,5767,2
Lismore (Ballina St Bridge),58235,Battery,58235.0.B.7139,12283,1
Lismore (Ballina St Bridge),58235,Water Level - AHD,58235.0.H.7112,12283,2
Lismore (Ballina St Bridge),58235,Rainfall,XXXXXX.X.X.XXXX,12283,3
Lismore (Dawson Street),558087,Water Level,558087.1.H.7539,1502,1
Lismore (Dawson Street),558087,Battery,558087.1.B.7540,1502,2
Lismore (Dawson Street),558087,Rainfall,558087.1.R.7538,1502,3
Lismore (Dawson Street),558087,Rainfall Increment,558087.1.R.7538,1502,4
LISMORE (LEYCESTER CREEK AT ROBERT WHITE BRIDGE),556040,Water Level,556040.2.H,11445,1
Lismore (Wilsons River AT Browns Ck),558100,Water Level,558100.1.H.7534,1863,1
Lismore (Wilsons River AT Browns Ck),558100,Battery,558100.1.B.7535,1863,2
Lismore (Wilsons River),58176,Battery,58176.1.B.7144,1187,1
Lismore (Wilsons River),58176,Water Level - AHD,58176.1.H.7133,1187,2
Lismore (Wilsons River),58176,Water Level - AHD,58176.2.H.7145,1187,3
Lithgow (Coxs River),563074,Water Level,563074.1.H.3109,1693,1
Lithgow (Coxs River),563074,Battery,563074.1.B.3111,1693,2
Lithgow (Coxs River),563074,Rainfall,563074.1.R.3110,1693,3
Lithgow (Coxs River),563074,Rainfall Increment,563074.1.R.3110,1693,4
LITHGOW (COXS RIVER),563074,Water Level,563074.2.H,5237,1
LITTLE ANNAN R (MULLIGAN HWY) TM,531113,Water Level,531113.0.H,10339,1
LITTLE ANNAN RIVER TM,531140,Water Level,531140.0.H,9997,1
LITTLE BASS RIVER @ POOWONG U/S LITTLE BASS RES.,586272,Water Level,586272.1.H,9571,1
Little Bay (The Coast Golf Club),66051,Battery,66051.1.B.7637,1346,1
Little Bay (The Coast Golf Club),66051,Rainfall,66051.3.R.7636,1346,2
Little Bay (The Coast Golf Club),66051,Rainfall Increment,66051.3.R.7636,1346,3
Little Bohle River AL,532044,Water Level,532044.0.H.2719,2294,1
Little Bohle River AL,532044,Rainfall,532044.0.R.2718,2294,2
Little Bohle River AL,532044,Battery,532044.0.B.2720,2294,3
Little Bohle River AL,532044,Rainfall Increment,532044.0.R.2718,2294,4
LITTLE BOHLE RIVER TM,532052,Water Level,532052.0.H,6409,1
Little Egypt AL,540170,Rainfall,540170.0.R.6617,2783,1
Little Egypt AL,540170,Rainfall Increment,540170.0.R.6617,2783,2
LITTLE FORESTER D/S DENISON RIVER,591062,Rainfall Increment,591062.1.R,8727,2
Little Nerang Dam AL,540054,Water Level,540054.0.H.2223,2700,1
Little Nerang Dam AL,540054,Rainfall,540054.0.R.2220,2700,2
Little Nerang Dam AL,540054,Battery,540054.0.B.2219,2700,3
Little Nerang Dam AL,540054,Rainfall Increment,540054.0.R.2220,2700,4
LITTLE NERANG DAM HW TM,540612,Water Level,540612.0.H,10303,2
LITTLE NERANG DAM HW TM,540612,Rainfall Increment,540612.0.R,10303,3
Little Oakey Ck AL,540272,Water Level,540272.0.H.6788,2846,1
Little Oakey Ck AL,540272,Battery,540272.0.B.6789,2846,2
LITTLE PARA R DS PORT WAKEFIELD (DEW),523047,Water Level,523047.1.H,8925,1
LITTLE PARA R US FAULT (DEW),523057,Water Level,523057.1.H,8943,1
Little Para Reservoir ,23915,Battery,23915.1.B.5342,1946,1
Little Para Reservoir ,23915,Rainfall,23915.1.R.5343,1946,2
Little Para Reservoir ,23915,Rainfall Increment,23915.1.R.5343,1946,3
LITTLE PARA RESV (SAW),523112,Water Level,523112.1.H,5505,1
LITTLE PINE LAGOON DAM,596080,Water Level - AHD,596080.1.H,8585,1
LITTLE RIVER AT LITTLE RIVER,587087,Water Level,587087.1.H,12280,1
LITTLE RIVER AT LITTLE RIVER,587087,Rainfall,587087.1.R,12280,2
LITTLE RIVER AT RIPLEYS WEIR BALLIANG,587088,Water Level,587088.1.H,12279,1
LITTLE RIVER AT RIPLEYS WEIR BALLIANG,587088,Rainfall,587088.1.R,12279,2
LITTLE RIVER AT RIPLEYS WEIR BALLIANG,587088,Rainfall Increment,587088.1.R,12279,3
Little Swanport (Lisdillon Farm),92154,Rainfall,92154.1.R.760,4290,1
Little Swanport (Lisdillon Farm),92154,Battery,92154.1.B.761,4290,2
Little Swanport (Lisdillon Farm),92154,Rainfall Increment,92154.1.R.760,4290,3
LITTLE SWANPORT (SEAFORD RD),592024,Rainfall Increment,592024.1.R,8755,2
LITTLE SWANPORT 800M D/S EASTERN MARSHES RVT,592025,Rainfall Increment,592025.1.R,8757,2
LITTLE VALLEY (MACINTYRE RIVER),556014,Water Level,556014.1.H,7777,2
LITTLE VALLEY (MACINTYRE RIVER),556014,Rainfall Increment,556014.1.R,7777,3
LITTLE YARRA RIVER AT YARRA JUNCTION,586078,Water Level,586078.1.H,12176,1
LITZOWS TM,40834,Water Level,40834.0.H,6123,1
LIVERPOOL CREEK TM,532148,Water Level,532148.0.H,10043,1
Liverpool Weir U/S (Georges River),566054,Water Level,566054.1.H.7220,1711,1
Liverpool Weir U/S (Georges River),566054,Battery,566054.1.B.7232,1711,2
LIVERPOOL WEIR U/S (GEORGES RIVER),566054,Water Level,566054.2.H,5871,1
Liverpool-Scrivener St (Georges River),566013,Water Level - AHD,566013.2.H.7223,1708,1
Liverpool-Scrivener St (Georges River),566013,Battery,566013.1.B.7224,1708,2
Liverpool-Scrivener St (Georges River),566013,Battery,566013.2.B.7222,1708,3
Liverpool-Scrivener St (Georges River),566013,Rainfall,566013.1.R.7225,1708,4
Liverpool-Scrivener St (Georges River),566013,Rainfall Increment,566013.1.R.7225,1708,5
LIVERPOOL-SCRIVENER ST (GEORGES RIVER),566013,Water Level,566013.1.H,5865,1
LLEWELLYN (SOUTH ESK RIVER),93044,Water Level,93044.1.H,8665,2
LLEWELLYN (SOUTH ESK RIVER),93044,Rainfall Increment,93044.1.R,8665,3
LLEWELLYN (SOUTH ESK RIVER),93044,Flow Rate,93044.1.ML/D,8665,4
LOADERS LANE (COFFS HARBOUR),559056,Rainfall,559056.1.R,11979,1
LOADERS LANE (COFFS HARBOUR),559056,Rainfall Increment,559056.1.R,11979,2
LOADERS LANE (COFFS HARBOUR),559056,Water Level,559056.1.H,11979,3
Loaders Lane (Coffs Harbour),559056,Water Level,559056.0.H,1556,1
Loaders Lane (Coffs Harbour),559056,Rainfall,559056.0.R,1556,2
Loaders Lane (Coffs Harbour),559056,Rainfall Increment,559056.0.R,1556,3
Loadstone (High View),58141,Battery,58141.1.B,1182,1
Loadstone (High View),58141,Rainfall,58141.2.R,1182,2
Loadstone (High View),58141,Rainfall Increment,58141.1.R,1182,3
Loamside AL,540062,Water Level,540062.0.H.2054,2704,1
Loamside AL,540062,Battery,540062.0.B.2058,2704,2
LOAMSIDE TM,540210,Water Level,540210.0.H,6849,1
LOBBS HOLE (MURRUMBIDGEE RIVER),570003,Water Level,570003.1.H,5407,1
Lobethal (Graeber) ,23862,Rainfall,23862.1.R.5598,1923,1
Lobethal (Graeber) ,23862,Battery,23862.1.B.5597,1923,2
Lobethal (Graeber) ,23862,Rainfall Increment,23862.1.R.5598,1923,3
LOCH SPORT MARINA,585059,Water Level,585059.2.H,9535,1
LOCHIEL (PAMBULA RIVER),569014,Water Level,569014.1.H,8127,2
LOCHIEL (PAMBULA RIVER),569014,Rainfall Increment,569014.1.R,8127,3
Lochinvar,44190,Battery,44190.0.B,11964,1
Lochinvar,44190,Water Level,44190.0.H,11964,2
Lochinvar,44190,Rainfall,44190.0.R,11964,3
Lochinvar,44190,Rainfall Increment,44190.0.R,11964,4
Lochsport Marina,585059,Battery,585059.1.B.4925,4851,1
Lochsport Marina,585059,Water Level,585059.1.H.4924,4851,2
Loddon AL,544061,Rainfall,544061.0.R.1055,3394,1
Loddon AL,544061,Battery,544061.0.B.1056,3394,2
Loddon AL,544061,Rainfall Increment,544061.0.R.1055,3394,3
LODDON R @ MURRAY VALLEY HWY BR (KERANG),580001,Water Level,580001.1.H,9281,1
LODDON RIVER @ APPIN SOUTH,580002,Water Level,580002.1.H,9283,1
LODDON RIVER @ D/S CAIRN CURRAN,588000,Water Level,588000.1.H,9609,1
LODDON RIVER @ D/S LAANECOORIE,581004,Water Level,581004.1.H,9321,2
LODDON RIVER @ D/S LAANECOORIE,581004,Rainfall Increment,581004.1.R,9321,3
LODDON RIVER @ D/S LODDON WEIR,580009,Water Level,580009.1.H,9289,1
LODDON RIVER @ LAANECOORIE RES HG,581005,Water Level,581005.1.H,9323,1
LODDON RIVER @ LAANECOORIE RES HG,581005,Rainfall,581005.2.R,9323,2
LODDON RIVER @ LAANECOORIE RES HG,581005,Rainfall Increment,581005.2.R,9323,3
LODDON RIVER @ NEWSTEAD,588004,Water Level,588004.2.H,9617,1
LODDON RIVER @ SERPENTINE WEIR,580012,Water Level,580012.2.H,9293,1
LODDON RIVER @ VAUGHAN,588010,Rainfall,588010.1.R,9629,1
LODDON RIVER @ VAUGHAN,588010,Water Level,588010.1.H,9629,2
LODDON RIVER @ VAUGHAN,588010,Rainfall Increment,588010.1.R,9629,3
LODDON RIVER AT KERANG,577001,Water Level,577001.1.H,11479,1
Loder Ck AL,540238,Water Level - AHD,540238.0.H.2260,2823,1
Loder Ck AL,540238,Rainfall,540238.0.R.2259,2823,2
Loder Ck AL,540238,Battery,540238.0.B.2261,2823,3
Loder Ck AL,540238,Rainfall Increment,540238.0.R.2259,2823,4
Loder Ck Dam AL,540359,Water Level - AHD,540359.0.H.2366,2920,1
Loder Ck Dam AL,540359,Rainfall,540359.0.R.2365,2920,2
Loder Ck Dam AL,540359,Battery,540359.0.B.2367,2920,3
Loder Ck Dam AL,540359,Rainfall Increment,540359.0.R.2365,2920,4
LOGAN CREEK TM,534024,Rainfall,534024.0.R,10081,1
LOGAN CREEK TM,534024,Water Level,534024.0.H,10081,2
LOGAN CREEK TM,534024,Rainfall Increment,534024.0.R,10081,3
Logan Village AL,540596,Water Level,540596.0.H.6264,3071,1
Logan Village AL,540596,Rainfall,540596.0.R.6263,3071,2
Logan Village AL,540596,Battery,540596.0.B.6265,3071,3
Logan Village AL,540596,Rainfall Increment,540596.0.R.6263,3071,4
LOGANS CROSSING (CAMDEN HAVEN RIVER),560017,Rainfall,560017.1.R,5383,1
LOGANS CROSSING (CAMDEN HAVEN RIVER),560017,Water Level,560017.1.H,5383,2
LOGANS CROSSING (CAMDEN HAVEN RIVER),560017,Rainfall Increment,560017.1.R,5383,5
LOGANS CROSSING (CAMDEN HAVEN RIVER),560017,Water Level,560017.2.H,11570,1
LOGANS CROSSING (CAMDEN HAVEN RIVER),560017,Rainfall Increment,560017.2.R,11570,2
Lol Gray,10928,Rainfall,10928.1.R.6317,11967,1
Lol Gray,10928,Battery,10928.1.B.6316,11967,2
Lol Gray,10928,Rainfall Increment,10928.1.R.6317,11967,3
LOLLYPOP CREEK AT BULBAN ROAD WERRIBEE,587094,Water Level,587094.1.H,12067,1
LOLLYPOP CREEK AT BULBAN ROAD WERRIBEE,587094,Rainfall,587094.1.R,12067,2
LOLLYPOP CREEK AT BULBAN ROAD WERRIBEE,587094,Rainfall Increment,587094.1.R,12067,3
LOLWORTH CREEK TM,530055,Rainfall,530055.0.R,9973,1
LOLWORTH CREEK TM,530055,Rainfall Increment,530055.0.R,9973,2
LONE PINE TM,541056,Water Level,541056.0.H,7015,1
Lonesome Ck AL,539175,Water Level,539175.0.H.4477,2614,1
Lonesome Ck AL,539175,Rainfall,539175.0.R.4476,2614,2
Lonesome Ck AL,539175,Battery,539175.0.B.4478,2614,3
Lonesome Ck AL,539175,Rainfall Increment,539175.0.R.4476,2614,4
LONG FLAT (HASTINGS RIVER),560016,Rainfall,560016.1.R,5381,1
LONG FLAT (HASTINGS RIVER),560016,Water Level,560016.1.H,5381,2
LONG FLAT (HASTINGS RIVER),560016,Rainfall Increment,560016.1.R,5381,3
Long Flat (Repeater),60166,Battery,60166.1.B.3833,1252,1
Long Forest,10089,Rainfall,10089.1.R.6085,4423,1
Long Forest,10089,Battery,10089.1.B.6084,4423,2
Long Forest,10089,Rainfall Increment,10089.1.R.6085,4423,3
LONG GULLY CREEK AT BLACKWOODÿ,587529,Water Level,587529.1.H,12237,1
LONG JETTY (TUGGERAH LAKE),561080,Water Level,561080.1.H,5769,1
LONG PLAIN,572031,Rainfall Increment,572031.1.R,8237,2
LONG POINT (HUNTER RIVER),561057,Water Level,561057.1.H,7985,1
LONG POOL,508065,Rainfall Increment,508065.1.R,10545,2
LONG POOL BRIDGE,508030,Water Level,508030.1.H,10523,1
Longford (South Esk River),91207,Battery,91207.1.B.651,4267,1
Longford (South Esk River),91207,Water Level,91207.1.H.650,4267,2
Longford (South Esk River),91207,Battery,91207.1.B.951,4267,3
Longford (South Esk River),91207,Water Level,91207.1.H.950,4267,4
LONGREACH TM,36161,Water Level,36161.0.H,6055,2
LONGREACH TM,36161,Rainfall Increment,36161.0.R,6055,3
Longwood,23108,Rainfall,23108.1.R.5520,1879,1
Longwood,23108,Battery,23108.1.B.5519,1879,2
Longwood,23108,Rainfall Increment,23108.1.R.5520,1879,3
Lookout Rd Reservoir,561105,Battery,561105.1.B.3571,1629,1
Lookout Rd Reservoir,561105,Rainfall,561105.1.R.3570,1629,2
Lookout Rd Reservoir,561105,Battery,561105.2.B.3569,1629,3
Lookout Rd Reservoir,561105,Rainfall Increment,561105.1.R.3570,1629,4
LORD HOWE ISLAND (AEST) (TIDAL),200854,Water Level,200854.1.H,5541,1
LORNE BRIDGE (CAMDEN HAVEN RIVER),560025,Water Level,560025.1.H,5399,1
LORRAINE TM,537016,Rainfall,537016.0.R,10169,1
LORRAINE TM,537016,Rainfall Increment,537016.0.R,10169,2
LOSTOCK DAM D/S (PATERSON RIVER),561011,Water Level,561011.1.H,7929,1
LOSTOCK DAM W/L (PATERSON RIVER),561013,Water Level,561013.1.H,7931,1
LOTUS CK RD TM,534041,Rainfall,534041.0.R,10103,1
LOTUS CK RD TM,534041,Water Level,534041.0.H,10103,2
LOTUS CK RD TM,534041,Rainfall Increment,534041.0.R,10103,3
Loudoun Br AL,541155,Water Level,541155.0.H.6129,3318,1
Loudoun Br AL,541155,Rainfall,541155.0.R.6128,3318,2
Loudoun Br AL,541155,Battery,541155.0.B.6130,3318,3
Loudoun Br AL,541155,Rainfall Increment,541155.0.R.6128,3318,4
LOUDOUN WEIR TM,541054,Water Level,541054.0.H,7013,1
Louisa Ck AL,532032,Water Level,532032.0.H.2751,2282,1
Louisa Ck AL,532032,Rainfall,532032.0.R.2750,2282,2
Louisa Ck AL,532032,Battery,532032.0.B.2752,2282,3
Louisa Ck AL,532032,Rainfall Increment,532032.0.R.2750,2282,4
LOUTH (DARLING RIVER),548005,Water Level,548005.1.H,7503,1
Lowanna (Lowanna Road),59152,Battery,59152.1.B.7849,1224,1
Lowanna (Lowanna Road),59152,Rainfall,59152.1.R.7848,1224,2
Lowanna (Lowanna Road),59152,Rainfall Increment,59152.1.R.7848,1224,3
LOWDEN ROAD BRIDGE,509526,Water Level,509526.1.H,10755,1
Lower Bradleys AL,544027,Water Level,544027.0.H.4205,3362,1
Lower Bradleys AL,544027,Rainfall,544027.0.R.4204,3362,2
Lower Bradleys AL,544027,Battery,544027.0.B.4206,3362,3
Lower Bradleys AL,544027,Rainfall Increment,544027.0.R.4204,3362,4
Lower Gregory AL,533171,Water Level,533171.0.H.2645,2408,1
Lower Gregory AL,533171,Rainfall,533171.0.R.2644,2408,2
Lower Gregory AL,533171,Battery,533171.0.B.2646,2408,3
Lower Gregory AL,533171,Rainfall Increment,533171.0.R.2644,2408,4
LOWER GREGORY TM,533020,Water Level,533020.0.H,6463,2
LOWER GREGORY TM,533020,Rainfall Increment,533020.0.R,6463,3
LOWER LAWN HILL CREEK TM,529063,Rainfall,529063.0.R,9899,1
LOWER LAWN HILL CREEK TM,529063,Water Level,529063.0.H,9899,2
LOWER LAWN HILL CREEK TM,529063,Rainfall Increment,529063.0.R,9899,3
LOWER LIVERPOOL TM,532097,Rainfall Increment,532097.0.R,6431,2
Lower Mt Walker AL,540574,Water Level,540574.0.H.2031,3065,1
Lower Mt Walker AL,540574,Rainfall,540574.0.R.2030,3065,2
Lower Mt Walker AL,540574,Battery,540574.0.B.2032,3065,3
Lower Mt Walker AL,540574,Rainfall Increment,540574.0.R.2030,3065,4
Lower Portland (Hawkesbury River),67094,Water Level,67094.1.H.3065,1370,1
Lower Portland (Hawkesbury River),67094,Battery,67094.1.B.3067,1370,2
Lower Portland (Hawkesbury River),67094,Rainfall,67094.1.R.3066,1370,3
Lower Portland (Hawkesbury River),67094,Rainfall Increment,67094.1.R.3066,1370,4
LOWER PORTLAND (HAWKESBURY RIVER),67094,Water Level,67094.2.H,6013,1
Lower Quinzeh AL,540688,Water Level,540688.0.H.4157,3139,1
Lower Quinzeh AL,540688,Rainfall,540688.0.R.4156,3139,2
Lower Quinzeh AL,540688,Battery,540688.0.B.4158,3139,3
Lower Quinzeh AL,540688,Rainfall Increment,540688.0.R.4156,3139,4
Lower Springbrook AL,40848,Rainfall,40848.0.R.2205,2115,1
Lower Springbrook AL,40848,Battery,40848.0.B.2206,2115,2
Lower Springbrook AL,40848,Rainfall Increment,40848.0.R.2205,2115,3
LOWER WALKER CK TM,529048,Rainfall,529048.0.R,9121,1
LOWER WALKER CK TM,529048,Water Level,529048.0.H,9121,2
LOWER WALKER CK TM,529048,Rainfall Increment,529048.0.R,9121,3
Lowood AL-P,540182,Water Level,540182.0.H.6650,2790,1
Lowood AL-P,540182,Rainfall,540182.0.R.6649,2790,2
Lowood AL-P,540182,Rainfall Increment,540182.0.R.6649,2790,3
Lowood Pump Stn AL,540183,Water Level,540183.0.H.6647,2791,1
LOWTHER (DUDDAWARRA),563022,Rainfall Increment,563022.1.R,5225,2
Loyalty Road Basin (Darling Mills Ck),567072,Water Level - AHD,567072.1.H.7276,1741,1
Loyalty Road Basin (Darling Mills Ck),567072,Battery,567072.1.B.7277,1741,2
LUCAS BRIDGE (CASTLEREAGH RIVER),551008,Water Level,551008.1.H,7561,1
Lucas Heights (ANSTO),66078,Battery,66078.1.B.7629,1351,1
Lucas Heights (ANSTO),66078,Rainfall,66078.1.R.7628,1351,2
Lucas Heights (ANSTO),66078,Rainfall Increment,66078.1.R.7628,1351,3
LUCINDA OFFSHORE TIDE TM,532019,Water Level,532019.0.H,5181,1
Ludlow,9877,Rainfall,9877.1.R.5987,4403,1
Ludlow,9877,Battery,9877.1.B.5986,4403,2
Ludlow,9877,Rainfall Increment,9877.1.R.5987,4403,3
Luggage Point AL,540372,Rainfall,540372.0.R.1838,2926,1
Luggage Point AL,540372,Battery,540372.0.B.1586,2926,2
Luggage Point AL,540372,Rainfall Increment,540372.0.R.1838,2926,3
LUMEAH (LANGLO RD) TM,535206,Rainfall,535206.0.R,10121,1
LUMEAH (LANGLO RD) TM,535206,Rainfall Increment,535206.0.R,10121,2
Lumeah AL,40936,Water Level,40936.0.H.5314,2145,1
Lumeah AL,40936,Rainfall,40936.0.R.5313,2145,2
Lumeah AL,40936,Battery,40936.0.B.5315,2145,3
Lumeah AL,40936,Rainfall Increment,40936.0.R.5313,2145,4
LUMEAH TM,540303,Water Level,540303.0.H,6867,2
LUMEAH TM,540303,Rainfall Increment,540303.0.R,6867,3
Lundavra TM,42115,Rainfall,42115.0.R,2203,1
Lundavra TM,42115,Battery,42115.0.B,2203,2
Lundavra TM,42115,Rainfall Increment,42115.0.R,2203,3
Luscombe AL,40345,Rainfall,40345.0.R.2279,2089,1
Luscombe AL,40345,Battery,40345.0.B.2280,2089,2
Luscombe AL,40345,Rainfall Increment,40345.0.R.2279,2089,3
Lyons AL,40793,Rainfall,40793.0.R.2106,2102,1
Lyons AL,40793,Battery,40793.0.B.2105,2102,2
Lyons AL,40793,Rainfall Increment,40793.0.R.2106,2102,3
Lyons River Airstrip,6112,Rainfall,6112.1.R,4353,1
Lyons River Airstrip,6112,Battery,6112.1.B,4353,2
Lyons River Airstrip,6112,Rainfall Increment,6112.1.R,4353,3
LYONS RIVER CROSSING,506013,Water Level,506013.1.H,10497,2
LYONS RIVER CROSSING,506013,Rainfall Increment,506013.1.R,10497,3
LYRE CREEK WELL,504046,Rainfall Increment,504046.1.R,10453,2
Lytton AL,540225,Rainfall,540225.0.R.1739,2817,1
Lytton AL,540225,Battery,540225.0.B.1738,2817,2
Lytton AL,540225,Rainfall Increment,540225.0.R.1739,2817,3
Ma Ma Ck AL,540518,Water Level,540518.0.H.4022,3029,1
Ma Ma Ck AL,540518,Rainfall,540518.0.R.4021,3029,2
Ma Ma Ck AL,540518,Battery,540518.0.B.4023,3029,3
Ma Ma Ck AL,540518,Rainfall Increment,540518.0.R.4021,3029,4
MA MA CREEK TM,540406,Water Level,540406.0.H,6891,1
Maalan Road AL,531055,Rainfall,531055.0.R.5208,2242,1
Maalan Road AL,531055,Battery,531055.0.B.5209,2242,2
Maalan Road AL,531055,Rainfall Increment,531055.0.R.5208,2242,3
MACALISTER RIVER @ GLENCAIRN,585003,Rainfall,585003.2.R,9485,1
MACALISTER RIVER @ GLENCAIRN,585003,Water Level,585003.2.H,9485,2
MACALISTER RIVER @ GLENCAIRN,585003,Rainfall Increment,585003.2.R,9485,3
MACALISTER RIVER @ GLENMAGGIE T/G,585235,Water Level,585235.2.H,9555,1
MACALISTER RIVER @ LAKE GLENMAGGIE HG,585237,Rainfall,585237.1.R,9557,1
MACALISTER RIVER @ LAKE GLENMAGGIE HG,585237,Water Level,585237.2.H,9557,2
MACALISTER RIVER @ LAKE GLENMAGGIE HG,585237,Rainfall Increment,585237.1.R,9557,3
MACALISTER RIVER @ LICOLA,585004,Water Level,585004.2.H,9487,1
MACALISTER RIVER @ STRINGYBARK CREEK,585032,Rainfall,585032.2.R,9519,1
MACALISTER RIVER @ STRINGYBARK CREEK,585032,Rainfall Increment,585032.2.R,9519,2
Macalister River at Glencairn,585003,Battery,585003.1.B.4810,4729,1
Macalister River at Glencairn,585003,Water Level,585003.1.H.4809,4729,2
Macalister River at Glencairn,585003,Rainfall,585003.1.R.4808,4729,3
Macalister River at Glencairn,585003,Rainfall Increment,585003.1.R.4808,4729,4
Macalister River at Lake Glenmaggie HG,585237,Battery,585237.1.B.4849,4739,1
Macalister River at Lake Glenmaggie HG,585237,Water Level - AHD,585237.1.H.4850,4739,2
Macalister River at Lake Glenmaggie TG,585235,Battery,585235.1.B.4852,4740,1
Macalister River at Lake Glenmaggie TG,585235,Water Level,585235.1.H.4851,4740,2
Macalister River at Licola,585004,Battery,585004.1.B.4813,4730,1
Macalister River at Licola,585004,Rainfall,585004.1.R.4811,4730,2
Macalister River at Licola,585004,Water Level,585004.1.H.4812,4730,3
Macalister River at Licola,585004,Rainfall Increment,585004.1.R.4811,4730,4
Macalister River at Stringybark Ck,585032,Battery,585032.1.B.4816,4735,1
Macalister River at Stringybark Ck,585032,Water Level,585032.1.H.4815,4735,2
Macalister River at Stringybark Ck,585032,Rainfall,585032.1.R.4814,4735,3
Macalister River at Stringybark Ck,585032,Rainfall Increment,585032.1.R.4814,4735,4
Macauleys Reservoir (Coffs Harbour),559062,Rainfall,559062.0.R,1562,1
Macauleys Reservoir (Coffs Harbour),559062,Rainfall Increment,559062.0.R,1562,2
MACAULEYS RESERVOIR (COFFS HARBOUR),559062,Rainfall,559062.1.R,11985,1
MACAULEYS RESERVOIR (COFFS HARBOUR),559062,Rainfall Increment,559062.1.R,11985,2
Macclesfield ,23728,Battery,23728.1.B.5428,1913,1
Macclesfield ,23728,Rainfall,23728.1.R.5429,1913,2
Macclesfield ,23728,Rainfall Increment,23728.1.R.5429,1913,3
MACDONALD R AT RETREAT,555026,Water Level,555026.1.H,7739,2
MACDONALD R AT RETREAT,555026,Rainfall Increment,555026.1.R,7739,3
MACINTYRE R AT RIVERSTONE,556039,Water Level,556039.1.H,7817,2
MACINTYRE R AT RIVERSTONE,556039,Rainfall Increment,556039.1.R,7817,3
MACINTYRE RIVER AT WYOMING,556037,Water Level,556037.1.H,7813,2
MACINTYRE RIVER AT WYOMING,556037,Rainfall Increment,556037.1.R,7813,3
Mackay AL,33303,Water Level,33303.0.H.6155,2055,1
Mackay AL,33303,Rainfall,33303.0.R.6154,2055,2
Mackay AL,33303,Battery,33303.0.B.6156,2055,3
Mackay AL,33303,Rainfall Increment,33303.0.R.6154,2055,4
Mackenzie River at Mckenzie Creek,579017,Water Level,579017.1.H.5937,4711,1
Mackenzie River at Mckenzie Creek,579017,Battery,579017.1.B.5938,4711,2
MACKENZIE RIVER AT MCKENZIE CREEK,579017,Water Level,579017.2.H,9263,1
MACKS REEF RD UPSTREAM (YASS RIVER),570040,Water Level,570040.1.H,8171,1
MACKSVILLE (NAMBUCCA RIVER),559006,Water Level,559006.2.H,5623,1
Macksville-Princess Street (Nambucca River),559006,Water Level,559006.1.H.7511,1525,1
Macksville-Princess Street (Nambucca River),559006,Battery,559006.1.B.7512,1525,2
MACLEAN (CLARENCE RIVER),558022,Water Level,558022.1.H,5551,1
Maclean Bridge AL,40935,Water Level,40935.0.H.5311,2144,1
Maclean Bridge AL,40935,Rainfall,40935.0.R.5310,2144,2
Maclean Bridge AL,40935,Battery,40935.0.B.5312,2144,3
Maclean Bridge AL,40935,Rainfall Increment,40935.0.R.5310,2144,4
Macquarie College,561111,Battery,561111.1.B.3573,1630,1
Macquarie College,561111,Rainfall,561111.1.R.3572,1630,2
Macquarie College,561111,Rainfall Increment,561111.1.R.3572,1630,3
MACQUARIE PASS (NURREWIN),568228,Rainfall Increment,568228.1.R,5953,2
Macquarie Plains (Derwent River),95042,Water Level,95042.1.H.710,4304,1
Macquarie Plains (Derwent River),95042,Battery,95042.1.B.711,4304,2
MACQUARIE R AT MILTARA,551012,Water Level,551012.1.H,7565,1
Macquarie River at Rock Forest,563096,Water Level,563096.1.H.7506,1702,1
Macquarie River at Rock Forest,563096,Battery,563096.1.B.7504,1702,2
Macquarie River at Rock Forest,563096,Rainfall,563096.1.R.7505,1702,4
Macquarie River at Rock Forest,563096,Rainfall Increment,563096.1.R.7505,1702,5
Macquarie River D/S STP,563092,Water Level,563092.1.H.7495,1700,1
Macquarie River D/S STP,563092,Battery,563092.1.B.7494,1700,2
Macquarie River D/S STP,563092,Flow Rate,563092.1.ML/D.7496,1700,3
Macquarie River D/S STP,563092,Flow,563092.2.ML.7497,1700,4
Macquarie River U/S STP,563093,Water Level,563093.1.H.7499,1701,1
Macquarie River U/S STP,563093,Battery,563093.1.B.7498,1701,2
Macquarie River U/S STP,563093,Flow Rate,563093.1.ML/D.7500,1701,3
Macquarie River U/S STP,563093,Flow,563093.2.ML.7501,1701,4
MAGGS MOUNTAIN,596069,Rainfall Increment,596069.1.R,8569,2
Magill,23132,Water Level,23132.1.H.5855,1886,1
Magill,23132,Battery,23132.1.B.5854,1886,2
Magnolia AL,540678,Water Level,540678.0.H.5615,3130,1
Magnolia AL,540678,Rainfall,540678.0.R.5614,3130,2
Magnolia AL,540678,Battery,540678.0.B.5616,3130,3
Magnolia AL,540678,Rainfall Increment,540678.0.R.5614,3130,4
Maguires Ck at Tevan,558070,Water Level,558070.1.H.7568,1488,1
Maguires Ck at Tevan,558070,Battery,558070.1.B.7569,1488,2
MAHRIGONG TM,537017,Rainfall,537017.0.R,10171,1
MAHRIGONG TM,537017,Rainfall Increment,537017.0.R,10171,2
Maidment Road ,23882,Rainfall,23882.1.R.5530,1935,1
Maidment Road ,23882,Battery,23882.1.B.5529,1935,2
Maidment Road ,23882,Rainfall Increment,23882.1.R.5530,1935,3
MAIN ARM,558053,Rainfall Increment,558053.1.R,5581,2
Main Camp Ck AL,540717,Rainfall,540717.0.R.4070,3164,1
Main Camp Ck AL,540717,Battery,540717.0.B.4071,3164,2
Main Camp Ck AL,540717,Rainfall Increment,540717.0.R.4070,3164,3
MAIN CANAL OFFTAKE (WAKOOL RIVER),574029,Water Level,574029.1.H,8315,1
MAISON DIEU (HUNTER RIVER),561053,Water Level,561053.1.H,7979,1
MAITLAND BELMORE BRIDGE (HUNTER RIVER),61268,Water Level,61268.1.H,5999,2
MAITLAND BELMORE BRIDGE (HUNTER RIVER),61268,Rainfall Increment,61268.1.R,5999,3
MAJOR CREEK @ GRAYTOWN,588008,Rainfall,588008.1.R,9625,1
MAJOR CREEK @ GRAYTOWN,588008,Water Level,588008.1.H,9625,2
MAJOR CREEK @ GRAYTOWN,588008,Rainfall Increment,588008.1.R,9625,3
Major Creek AL,533072,Water Level,533072.0.H.6340,2377,1
Major Creek AL,533072,Rainfall,533072.0.R.6339,2377,2
Major Creek AL,533072,Battery,533072.0.B.6341,2377,3
Major Creek AL,533072,Rainfall Increment,533072.0.R.6339,2377,4
MAJOR CREEK TM,533016,Water Level,533016.0.H,6459,2
MAJOR CREEK TM,533016,Rainfall Increment,533016.0.R,6459,3
Majors Creek (Larmer Street),70061,Battery,70061.1.B.3305,1415,1
Majors Creek (Larmer Street),70061,Rainfall,70061.1.R.3304,1415,2
Majors Creek (Larmer Street),70061,Rainfall Increment,70061.1.R.3304,1415,3
Malakoff Junction AL,539245,Water Level,539245.0.H.940,2681,1
Malakoff Junction AL,539245,Rainfall,539245.0.R.939,2681,2
Malakoff Junction AL,539245,Battery,539245.0.B.941,2681,3
Malakoff Junction AL,539245,Rainfall Increment,539245.0.R.939,2681,4
MALAKOFF JUNCTION TM,539067,Rainfall Increment,539067.0.R,7201,2
Malanda AL,31183,Rainfall,31183.0.R.2510,2005,1
Malanda AL,31183,Battery,31183.0.B.2511,2005,2
Malanda AL,31183,Rainfall Increment,31183.0.R.2510,2005,3
MALANDA TM,531123,Rainfall,531123.0.R,9149,1
MALANDA TM,531123,Rainfall Increment,531123.0.R,9149,2
MALBOONA TM,537018,Rainfall,537018.0.R,10173,1
MALBOONA TM,537018,Rainfall Increment,537018.0.R,10173,2
MALCOLM CREEK (SAW),523784,Water Level,523784.1.H,5535,1
MALDON WEIR (NEPEAN RIVER),568233,Water Level,568233.1.H,5315,1
Maleny AL,540336,Rainfall,540336.0.R.6427,2898,1
Maleny AL,540336,Battery,540336.0.B.6428,2898,2
Maleny AL,540336,Rainfall Increment,540336.0.R.6427,2898,3
MALLABULA,561060,Water Level,561060.1.H,5731,1
MALMSBURY HEADWALL,588033,Rainfall,588033.2.R,9661,1
MALMSBURY HEADWALL,588033,Water Level,588033.2.H,9661,2
MALMSBURY HEADWALL,588033,Rainfall Increment,588033.2.R,9661,3
Malmsbury Reservoir,588033,Battery,588033.1.B.1034,4801,1
Malmsbury Reservoir,588033,Rainfall,588033.1.R.1033,4801,2
Malmsbury Reservoir,588033,Water Level,588033.1.H.1035,4801,3
Malmsbury Reservoir,588033,Rainfall Increment,588033.1.R.1033,4801,4
MALPAS DAM D/S (GARA RIVER),556034,Water Level,556034.1.H,7807,1
MALPAS DAM W/L (GARA RIVER),556032,Water Level,556032.1.H,7803,1
Mandagery (Rawene),65096,Battery,65096.1.B,1339,1
Mandagery (Rawene),65096,Rainfall,65096.1.R,1339,2
Mandagery (Rawene),65096,Rainfall Increment,65096.1.R,1339,3
MANDALAY,509073,Rainfall Increment,509073.1.R,10565,2
MANDALONG,561081,Rainfall Increment,561081.1.R,5771,2
Mandurama Post Office,63245,Battery,63245.1.B,1316,1
Mandurama Post Office,63245,Rainfall,63245.3.R,1316,2
Mandurama Post Office,63245,Rainfall Increment,63245.3.R,1316,3
MANGANA (TOWER HILL RD),592013,Rainfall,592013.1.R,8847,1
MANGANA (TOWER HILL RD),592013,Rainfall Increment,592013.1.R,8847,2
Manildra (Hazeldale),65022,Battery,65022.1.B,1335,1
Manildra (Hazeldale),65022,Rainfall,65022.1.R,1335,2
Manildra (Hazeldale),65022,Rainfall Increment,65022.1.R,1335,3
Manilla (Museum),55312,Battery,55312.1.B,1139,1
Manilla (Museum),55312,Rainfall,55312.1.R,1139,2
Manilla (Museum),55312,Rainfall Increment,55312.1.R,1139,3
Manilla (Warrabah),55082,Battery,55082.1.B,1131,1
Manilla (Warrabah),55082,Rainfall,55082.1.R,1131,2
Manilla (Warrabah),55082,Rainfall Increment,55082.1.R,1131,3
MANILLA RLY BRIDGE (NAMOI RIVER),55277,Water Level,55277.1.H,7609,1
Manly AL,540282,Rainfall,540282.0.R.1755,2854,1
Manly AL,540282,Battery,540282.0.B.1751,2854,2
Manly AL,540282,Rainfall Increment,540282.0.R.1755,2854,3
MANLY CBD,566081,Rainfall Increment,566081.1.R,5889,2
MANNUS CK AT TOOMA,572022,Water Level,572022.1.H,8227,2
MANNUS CK AT TOOMA,572022,Rainfall Increment,572022.1.R,8227,3
Mansfield AL,540126,Water Level,540126.0.H.1831,2743,1
Mansfield AL,540126,Rainfall,540126.0.R.1830,2743,2
Mansfield AL,540126,Battery,540126.0.B.1832,2743,3
Mansfield AL,540126,Rainfall Increment,540126.0.R.1830,2743,4
Mantuan Downs (West) AL,535181,Rainfall,535181.0.R.1227,2538,1
Mantuan Downs (West) AL,535181,Battery,535181.0.B.1228,2538,2
Mantuan Downs (West) AL,535181,Rainfall Increment,535181.0.R.1227,2538,3
MANYWATERS,510502,Water Level,510502.1.H,10873,2
MANYWATERS,510502,Rainfall Increment,510502.1.R,10873,3
Mapleton AL,540085,Rainfall,540085.0.R.6447,2714,1
Mapleton AL,540085,Battery,540085.0.B.6448,2714,2
Mapleton AL,540085,Rainfall Increment,540085.0.R.6447,2714,3
MAPOON TM,527027,Rainfall,527027.0.R,9881,1
MAPOON TM,527027,Rainfall Increment,527027.0.R,9881,2
MARAGLE CK AT MARAGLE,572023,Water Level,572023.1.H,8229,2
MARAGLE CK AT MARAGLE,572023,Rainfall Increment,572023.1.R,8229,3
Marana St Reservoir,558085,Battery,558085.1.B.3460,1500,1
Marana St Reservoir,558085,Rainfall,558085.1.R.3456,1500,2
Marana St Reservoir,558085,Rainfall Increment,558085.1.R.3456,1500,3
Maranboy Hill,14652,Battery,14652.1.B.1159,317,1
Maranboy Hill,14652,Rainfall,14652.1.R.1158,317,2
Maranboy Hill,14652,Rainfall Increment,14652.1.R.1158,317,3
MARATHON TM,530164,Rainfall,530164.0.R,9141,1
MARATHON TM,530164,Water Level,530164.0.H,9141,2
MARATHON TM,530164,Rainfall Increment,530164.0.R,9141,3
MARBLE BAR RD CROSSING,504040,Water Level,504040.1.H,10449,1
MARBLE BAR RD CROSSING,504041,Water Level,504041.1.H,10451,1
MARBLE BAR TM,504037,Water Level,504037.1.H,10445,2
MARBLE BAR TM,504037,Rainfall Increment,504037.1.R,10445,3
Marburg AL,540312,Water Level,540312.0.H.2087,2876,1
Marburg AL,540312,Rainfall,540312.0.R.2086,2876,2
Marburg AL,540312,Battery,540312.0.B.2088,2876,3
Marburg AL,540312,Rainfall Increment,540312.0.R.2086,2876,4
Marco St AL,32020,Rainfall,32020.0.R.2589,2016,1
Marco St AL,32020,Battery,32020.0.B.2590,2016,2
Marco St AL,32020,Rainfall Increment,32020.0.R.2589,2016,3
MARDI DAM,561082,Rainfall Increment,561082.1.R,5773,2
MAREBONE BREAK (MAREBONE CREEK),551005,Water Level,551005.1.H,7555,1
MAREBONE D/S (MACQUARIE RIVER),551006,Water Level,551006.1.H,7557,1
Mareeba AL,531033,Water Level,531033.0.H.6805,2224,1
Mareeba AL,531033,Rainfall,531033.0.R.6804,2224,2
Mareeba AL,531033,Battery,531033.0.B.6806,2224,3
Mareeba AL,531033,Rainfall Increment,531033.0.R.6804,2224,4
MAREEBA TM,31188,Water Level,31188.0.H,6027,2
MAREEBA TM,31188,Rainfall Increment,31188.0.R,6027,3
MARGARET GORGE,502059,Water Level,502059.1.H,10401,2
MARGARET GORGE,502059,Rainfall Increment,502059.1.R,10401,3
MARGARET LAKE DAM,597055,Rainfall Increment,597055.1.R,8611,2
Margaret River Airstrip,2073,Rainfall,2073.1.R,4341,1
Margaret River Airstrip,2073,Battery,2073.1.B,4341,2
Margaret River Airstrip,2073,Rainfall Increment,2073.1.R,4341,3
MARIALA NATIONAL PARK TM,544078,Rainfall,544078.0.R,9179,1
MARIALA NATIONAL PARK TM,544078,Rainfall Increment,544078.0.R,9179,2
Marian Weir AL,533145,Water Level,533145.0.H.5032,2401,1
Marian Weir AL,533145,Rainfall,533145.0.R.5031,2401,2
Marian Weir AL,533145,Turbidity,533145.0.TU.5034,2401,3
Marian Weir AL,533145,Battery,533145.0.B.5033,2401,4
Marian Weir AL,533145,Rainfall Increment,533145.0.R.5031,2401,5
MARIAN WEIR TM,533125,Water Level,533125.0.H,7159,1
MARIAN-ETON RD TM,533119,Rainfall Increment,533119.0.R,6523,2
MARIBYRNONG RIVER @ KEILOR,586122,Rainfall,586122.2.R,9563,1
MARIBYRNONG RIVER @ KEILOR,586122,Water Level,586122.2.H,9563,2
MARIBYRNONG RIVER @ KEILOR,586122,Rainfall Increment,586122.2.R,9563,3
MARIBYRNONG RIVER AT CHIFLEY DRIVE MARIBYRNONG,587015,Water Level,587015.1.H,12009,1
MARIBYRNONG RIVER AT CHIFLEY DRIVE MARIBYRNONG,587015,Rainfall,587015.1.R,12009,2
MARIBYRNONG RIVER AT CHIFLEY DRIVE MARIBYRNONG,587015,Rainfall Increment,587015.1.R,12009,3
MARIBYRNONG RIVER AT KEILOR,586122,Water Level,586122.1.H,12008,1
MARIBYRNONG RIVER AT KEILOR,586122,Rainfall,586122.1.R,12008,2
MARIBYRNONG RIVER AT KEILOR,586122,Rainfall Increment,586122.1.R,12008,3
MARIBYRNONG RIVER AT SIMS STREET KENSINGTON,586296,Water Level,586296.1.H,12042,1
MARIBYRNONG RIVER DOWNSTREAM JACKSONS CREEK KEILOR NTH,587083,Water Level,587083.1.H,12044,1
Marion,23140,Rainfall,23140.1.R.5235,1892,1
Marion,23140,Battery,23140.1.B.5234,1892,2
Marion,23140,Water Level,23140.1.H.5238,1892,3
Marion,23140,Battery,23140.2.B.5237,1892,4
Marion,23140,Rainfall Increment,23140.1.R.5235,1892,5
Marion Downs,2068,Rainfall,2068.1.R,4339,1
Marion Downs,2068,Battery,2068.1.B,4339,2
Marion Downs,2068,Rainfall Increment,2068.1.R,4339,3
MARION DOWNS TM,538018,Rainfall,538018.0.R,10215,1
MARION DOWNS TM,538018,Water Level,538018.0.H,10215,2
MARION DOWNS TM,538018,Rainfall Increment,538018.0.R,10215,3
Markwell (Myall River),561104,Water Level,561104.1.H.7485,1628,1
Markwell (Myall River),561104,Battery,561104.1.B.7487,1628,2
Markwell (Myall River),561104,Rainfall,561104.1.R.7486,1628,3
Markwell (Myall River),561104,Rainfall Increment,561104.1.R.7486,1628,4
Marlbed Comparison,77100,Rainfall,77100.2.R,4830,1
Marlbed Comparison,77100,Battery,77100.2.B,4830,2
Marlbed Comparison,77100,Rainfall Increment,77100.2.R,4830,3
MARLBOROUGH CK TM,534031,Water Level,534031.0.H,6603,2
MARLBOROUGH CK TM,534031,Rainfall Increment,534031.0.R,6603,3
Marlborough Helipad TM,33111,Rainfall,33111.0.R,2035,1
Marlborough Helipad TM,33111,Battery,33111.0.B,2035,2
Marlborough Helipad TM,33111,Rainfall Increment,33111.0.R,2035,3
MARLBOROUGH-SARINA RD TM,534037,Rainfall,534037.0.R,10095,1
MARLBOROUGH-SARINA RD TM,534037,Water Level,534037.0.H,10095,2
MARLBOROUGH-SARINA RD TM,534037,Rainfall Increment,534037.0.R,10095,3
Marlua AL,539130,Water Level,539130.0.H.4308,2572,1
Marlua AL,539130,Rainfall,539130.0.R.4307,2572,2
Marlua AL,539130,Battery,539130.0.B.4309,2572,3
Marlua AL,539130,Rainfall Increment,539130.0.R.4307,2572,4
MARMONG POINT,561063,Water Level,561063.1.H,5737,1
MARNE GORGE (DEW),524531,Water Level,524531.1.H,9085,1
MARODIAN TM,40825,Water Level,40825.0.H,6109,2
MARODIAN TM,40825,Rainfall Increment,40825.0.R,6109,3
Maroochy Intake Weir AL,540599,Water Level,540599.0.H.6450,3074,1
Maroochy Intake Weir AL,540599,Rainfall,540599.0.R.6449,3074,2
Maroochy Intake Weir AL,540599,Battery,540599.0.B.6453,3074,3
Maroochy Intake Weir AL,540599,Rainfall Increment,540599.0.R.6449,3074,4
MAROOCHY INTAKE WEIR TM,540613,Water Level,540613.0.H,10305,2
MAROOCHY INTAKE WEIR TM,540613,Rainfall Increment,540613.0.R,10305,3
Maroochydore Depot AL,540423,Rainfall,540423.0.R.5561,2955,1
Maroochydore Depot AL,540423,Battery,540423.0.B.5562,2955,2
Maroochydore Depot AL,540423,Rainfall Increment,540423.0.R.5561,2955,3
Maroon Dam AL,540475,Water Level,540475.0.H.6627,2994,1
Maroon Dam AL,540475,Rainfall,540475.0.R.6626,2994,2
Maroon Dam AL,540475,Rainfall Increment,540475.0.R.6626,2994,3
MAROON DAM HW TM,540229,Water Level,540229.0.H,10255,2
MAROON DAM HW TM,540229,Rainfall Increment,540229.0.R,10255,3
Maroon Dam Inflow AL,540712,Water Level,540712.0.H.6677,3159,1
Maroon Dam Inflow AL,540712,Rainfall,540712.0.R.6676,3159,2
Maroon Dam Inflow AL,540712,Rainfall Increment,540712.0.R.6676,3159,3
MAROON DAM INFLOW TM,540407,Water Level,540407.0.H,6893,1
MAROON DAM TW TM,540591,Water Level,540591.0.H,10285,1
Maroota (Tobruk),567063,Battery,567063.1.B.3061,1733,1
Maroota (Tobruk),567063,Rainfall,567063.1.R.3060,1733,2
Maroota (Tobruk),567063,Rainfall Increment,567063.1.R.3060,1733,3
MARRADONG ROAD BRIDGE,509545,Water Level,509545.1.H,10785,2
MARRADONG ROAD BRIDGE,509545,Rainfall Increment,509545.1.R,10785,3
Marrara,14144,Battery,14144.1.B.3021,290,1
Marrara,14144,Rainfall,14144.1.R.3020,290,2
Marrara,14144,Rainfall Increment,14144.1.R.3020,290,3
Marriages AL,539194,Water Level,539194.0.H.762,2633,1
Marriages AL,539194,Rainfall,539194.0.R.761,2633,2
Marriages AL,539194,Battery,539194.0.B.763,2633,3
Marriages AL,539194,Rainfall Increment,539194.0.R.761,2633,4
MARRIAGES TM,39324,Water Level,39324.0.H,7127,1
Marrickville Golf Club,66036,Battery,66036.1.B.7699,1344,1
Marrickville Golf Club,66036,Rainfall,66036.1.R.7697,1344,2
Marrickville Golf Club,66036,Rainfall Increment,66036.1.R.7697,1344,3
Marsden (First Ave) AL,540078,Water Level,540078.0.H.6218,2710,1
Marsden (First Ave) AL,540078,Rainfall,540078.0.R.6215,2710,2
Marsden (First Ave) AL,540078,Battery,540078.0.B.6216,2710,3
Marsden (First Ave) AL,540078,Rainfall Increment,540078.0.R.6215,2710,4
Marsden Weir,567107,Water Level,567107.1.H.7270,1746,1
Marsden Weir,567107,Battery,567107.1.B.7282,1746,2
Marsden Weir (Wollondily River),570070,Water Level,570070.1.H.3245,1843,1
Marsden Weir (Wollondily River),570070,Battery,570070.1.B.3246,1843,2
Marshall Rd AL,540432,Water Level,540432.0.H.1847,2961,1
Marshall Rd AL,540432,Battery,540432.0.B.1740,2961,2
MARTINSVILLE,561083,Rainfall Increment,561083.1.R,5775,2
Mary Parker Dv AL,531131,Water Level,531131.0.H.5132,2266,1
Mary Parker Dv AL,531131,Rainfall,531131.0.R.5131,2266,2
Mary Parker Dv AL,531131,Battery,531131.0.B.5133,2266,3
Mary Parker Dv AL,531131,Rainfall Increment,531131.0.R.5131,2266,4
Maryborough St AL,539260,Water Level,539260.0.H.4894,2690,1
Maryborough St AL,539260,Battery,539260.0.B.4895,2690,2
MARYSVILLE GOLF COURSE,88103,Rainfall,88103.1.R,9849,1
MARYSVILLE GOLF COURSE,88103,Rainfall Increment,88103.1.R,9849,2
Maryvale AL,544065,Rainfall,544065.0.R.1081,3397,1
Maryvale AL,544065,Battery,544065.0.B.1082,3397,2
Maryvale AL,544065,Rainfall Increment,544065.0.R.1081,3397,3
MARYVALE CK (NIALL RD) TM,530056,Rainfall,530056.0.R,9975,1
MARYVALE CK (NIALL RD) TM,530056,Rainfall Increment,530056.0.R,9975,2
MASCOT (HUMBUG CREEK),550008,Water Level,550008.1.H,11577,1
MASCOT TM,542007,Water Level,542007.0.H,7069,2
MASCOT TM,542007,Rainfall Increment,542007.0.R,7069,3
Mathinna,92106,Battery,92106.1.B,4280,1
Mathinna,92106,Water Level,92106.1.H,4280,2
MATHINNA (ETON RD),592016,Rainfall,592016.1.R,8853,1
MATHINNA (ETON RD),592016,Rainfall Increment,592016.1.R,8853,2
MATHINNA (HOGANS RD),592017,Rainfall,592017.1.R,8855,1
MATHINNA (HOGANS RD),592017,Rainfall Increment,592017.1.R,8855,2
MATTABAND,509413,Rainfall Increment,509413.1.R,10647,2
Mattie ONeill Br AL,533177,Water Level,533177.0.H.5053,2414,1
Mattie ONeill Br AL,533177,Rainfall,533177.0.R.5052,2414,2
Mattie ONeill Br AL,533177,Battery,533177.0.B.5054,2414,3
Mattie ONeill Br AL,533177,Rainfall Increment,533177.0.R.5052,2414,4
MAUD CREEK,514926,Water Level,514926.1.H,7397,2
MAUD CREEK,514926,Rainfall Increment,514926.1.R,7397,3
MAUDE WEIR D/S (MURRUMBIDGEE RIVER),575012,Water Level,575012.1.H,8349,1
MAUDE WEIR W/L (MURRUMBIDGEE RIVER),575008,Water Level,575008.1.H,8827,1
MAULES CK AT AVOCA EAST,555027,Water Level,555027.1.H,7741,1
MAUNDS RD TM,531097,Rainfall Increment,531097.0.R,6375,2
MAURICETON (JORDAN RIVER),94143,Water Level,94143.1.H,8793,2
MAURICETON (JORDAN RIVER),94143,Rainfall Increment,94143.1.R,8793,3
Mawsons Rd AL,540533,Water Level,540533.0.H.5437,3042,1
Mawsons Rd AL,540533,Rainfall,540533.0.R.5436,3042,2
Mawsons Rd AL,540533,Battery,540533.0.B.5438,3042,3
Mawsons Rd AL,540533,Rainfall Increment,540533.0.R.5436,3042,4
MAWSONS ROAD TM,540401,Water Level,540401.0.H,6881,1
MAXON FARM,509321,Water Level,509321.1.H,10615,2
MAXON FARM,509321,Rainfall Increment,509321.1.R,10615,3
MAY DOWNS RD TM,534038,Rainfall,534038.0.R,10097,1
MAY DOWNS RD TM,534038,Water Level,534038.0.H,10097,2
MAY DOWNS RD TM,534038,Rainfall Increment,534038.0.R,10097,3
MAYNARDS WELL,517009,Rainfall Increment,517009.1.R,8875,2
MAZLIN CREEK TM,531065,Water Level,531065.0.H,6333,1
MCARTHUR RIVER BORROLOOLA,514700,Water Level,514700.1.H,7325,2
MCARTHUR RIVER BORROLOOLA,514700,Rainfall Increment,514700.1.R,7325,3
MCARTHUR RIVER MRM,514702,Water Level,514702.1.H,7329,2
MCARTHUR RIVER MRM,514702,Rainfall Increment,514702.1.R,7329,3
McAvoy Bridge AL,532023,Water Level,532023.0.H.2575,2273,1
McAvoy Bridge AL,532023,Rainfall,532023.0.R.2574,2273,2
McAvoy Bridge AL,532023,Battery,532023.0.B.2576,2273,3
McAvoy Bridge AL,532023,Rainfall Increment,532023.0.R.2574,2273,4
MCCALLUMS CK @ CARISBROOK,588014,Water Level,588014.1.H,9637,1
McCord St AL,540478,Water Level,540478.0.H.1576,2997,1
McCord St AL,540478,Rainfall,540478.0.R.1575,2997,2
McCord St AL,540478,Battery,540478.0.B.1568,2997,3
McCord St AL,540478,Rainfall Increment,540478.0.R.1575,2997,4
MCCRAE CREEK AT YELLINGBO,586332,Water Level,586332.1.H,12167,1
McCreadys Creek AL,533144,Water Level,533144.0.H.5039,2400,1
McCreadys Creek AL,533144,Rainfall,533144.0.R.5038,2400,2
McCreadys Creek AL,533144,Battery,533144.0.B.5040,2400,3
McCreadys Creek AL,533144,Rainfall Increment,533144.0.R.5038,2400,4
McDonalds AL,533044,Rainfall,533044.0.R.2825,2357,1
McDonalds AL,533044,Battery,533044.0.B.2826,2357,2
McDonalds AL,533044,Rainfall Increment,533044.0.R.2825,2357,3
McGarrigal Rd AL,540722,Water Level,540722.0.H.4063,3169,1
McGarrigal Rd AL,540722,Rainfall,540722.0.R.4062,3169,2
McGarrigal Rd AL,540722,Battery,540722.0.B.4064,3169,3
McGarrigal Rd AL,540722,Rainfall Increment,540722.0.R.4062,3169,4
McKell Rd AL,31184,Rainfall,31184.0.R.2520,2006,1
McKell Rd AL,31184,Battery,31184.0.B.2521,2006,2
McKell Rd AL,31184,Rainfall Increment,31184.0.R.2520,2006,3
McKillop AL,533203,Water Level,533203.0.H.5064,2427,1
McKillop AL,533203,Rainfall,533203.0.R.5063,2427,2
McKillop AL,533203,Battery,533203.0.B.5065,2427,3
McKillop AL,533203,Rainfall Increment,533203.0.R.5063,2427,4
MCKIMMS CORNER,561064,Water Level,561064.1.H,5739,1
MCKINLAY RIVER LH TM,529087,Water Level,529087.0.H,9937,1
MCLAUGHLIN RIVER AT THE HUT,570056,Water Level,570056.1.H,8173,2
MCLAUGHLIN RIVER AT THE HUT,570056,Rainfall Increment,570056.1.R,8173,3
Mclennan Straight at Hollands Landing,585058,Water Level,585058.1.H.4926,4782,1
Mclennan Straight at Hollands Landing,585058,Battery,585058.1.B.4927,4782,2
MCLEOD RIVER TM,531083,Water Level,531083.0.H,6353,2
MCLEOD RIVER TM,531083,Rainfall Increment,531083.0.R,6353,3
McMahons Lookout,563046,Battery,563046.1.B.3085,1687,1
McMahons Lookout,563046,Rainfall,563046.1.R.3084,1687,2
McMahons Lookout,563046,Rainfall Increment,563046.1.R.3084,1687,3
McMillan Strait at Paynesville,584018,Battery,584018.1.B.4923,4758,1
McMillan Strait at Paynesville,584018,Water Level,584018.1.H.4922,4758,2
McVitties Hill ,23786,Rainfall,23786.1.R.5490,1915,1
McVitties Hill ,23786,Battery,23786.1.B.5489,1915,2
McVitties Hill ,23786,Rainfall Increment,23786.1.R.5490,1915,3
ME NO SAVVY,502006,Water Level,502006.1.H,10369,2
ME NO SAVVY,502006,Rainfall Increment,502006.1.R,10369,3
Meadow Flat Rd Bridge AL,540806,Water Level,540806.0.H.4838,3226,1
Meadow Flat Rd Bridge AL,540806,Rainfall,540806.0.R.4837,3226,2
Meadow Flat Rd Bridge AL,540806,Battery,540806.0.B.4839,3226,3
Meadow Flat Rd Bridge AL,540806,Rainfall Increment,540806.0.R.4837,3226,4
MEADOW STREET BRIDGE,509378,Water Level,509378.1.H,10631,1
MEADOWBANK LAKE DAM,95040,Water Level - AHD,95040.1.H,8675,1
Meander,91267,Battery,91267.1.B,4270,1
Meander,91267,Rainfall,91267.1.R,4270,2
Meander,91267,Water Level,91267.1.H,4270,3
Meander,91267,Rainfall Increment,91267.1.R,4270,4
MEDLOW BATH (LAKE MEDLOW DAM),563071,Rainfall Increment,563071.1.R,5235,2
Medows Lane (Goonoo Goonoo Ck),555034,Water Level,555034.1.H.3618,1449,1
Medows Lane (Goonoo Goonoo Ck),555034,Battery,555034.1.B.3617,1449,2
MEDOWS LANE (GOONOO GOONOO CK),555034,Water Level,555034.2.H,7745,1
Medpark Bridge TM,41489,Water Level,41489.0.H,2178,1
Medpark Bridge TM,41489,Rainfall,41489.0.R,2178,2
Medpark Bridge TM,41489,Battery,41489.0.B,2178,3
Medpark Bridge TM,41489,Gas Pressure,41489.0.GP,2178,4
Medpark Bridge TM,41489,Rainfall Increment,41489.0.R,2178,5
Medway AL,535178,Water Level,535178.0.H.1239,2535,1
Medway AL,535178,Rainfall,535178.0.R.1238,2535,2
Medway AL,535178,Battery,535178.0.B.1240,2535,3
Medway AL,535178,Rainfall Increment,535178.0.R.1238,2535,4
MEEDO POOL,506002,Water Level,506002.1.H,10489,2
MEEDO POOL,506002,Rainfall Increment,506002.1.R,10489,3
Meengo,78030,Rainfall,78030.2.R,4818,1
Meengo,78030,Battery,78030.2.B,4818,2
Meengo,78030,Rainfall Increment,78030.2.R,4818,3
Meldrum (Coolawarrah),59045,Battery,59045.1.B.7829,1204,1
Meldrum (Coolawarrah),59045,Rainfall,59045.1.R.7828,1204,2
Meldrum (Coolawarrah),59045,Rainfall Increment,59045.1.R.7828,1204,3
MELTON RESERVOIR,87040,Water Level,87040.1.H,9833,1
MELTON RESERVOIR,87040,Water Level,87040.3.H,9833,2
Menangle Bridge (Nepean River),68216,Water Level,68216.1.H.7663,1388,1
Menangle Bridge (Nepean River),68216,Water Level,68216.2.H,1388,2
Menangle Bridge (Nepean River),68216,Battery,68216.1.B.7664,1388,3
Menangle Bridge (Nepean River),68216,Battery,68216.2.B,1388,4
Menangle Bridge (Nepean River),68216,Rainfall,68216.1.R.7662,1388,5
Menangle Bridge (Nepean River),68216,Rainfall,68216.2.R,1388,6
Menangle Bridge (Nepean River),68216,Rainfall Increment,68216.1.R.7662,1388,7
Menangle Bridge (Nepean River),68216,Rainfall Increment,68216.2.R,1388,8
Menangle Weir (Nepean River),568171,Water Level,568171.1.H.3282,1785,1
Menangle Weir (Nepean River),568171,Battery,568171.1.B.3283,1785,2
MENANGLE WEIR (NEPEAN RIVER),568171,Water Level,568171.2.H,5297,1
Menavale AL,32164,Rainfall,32164.0.R.2545,2021,1
Menavale AL,32164,Battery,32164.0.B.2546,2021,2
Menavale AL,32164,Rainfall Increment,32164.0.R.2545,2021,3
MENDOORAN (CASTLEREAGH RIVER),564000,Water Level,564000.1.H,8053,1
MENINDEE TOWN (DARLING RIVER),47101,Water Level,47101.1.H,7425,1
MENINDEE WEIR 32 (DARLING RIVER),547001,Water Level,547001.1.H,7489,1
MEREDITH RIVER AT SWANSEA,592020,Water Level,592020.1.H,8747,2
MEREDITH RIVER AT SWANSEA,592020,Rainfall Increment,592020.1.R,8747,3
Merewether Pump Station,561119,Battery,561119.1.B.3587,1638,1
Merewether Pump Station,561119,Rainfall,561119.1.R.3586,1638,2
Merewether Pump Station,561119,Rainfall Increment,561119.1.R.3586,1638,3
Meridan Way AL,540351,Water Level,540351.0.H.5414,2913,1
Meridan Way AL,540351,Rainfall,540351.0.R.5413,2913,2
Meridan Way AL,540351,Battery,540351.0.B.5415,2913,3
Meridan Way AL,540351,Rainfall Increment,540351.0.R.5413,2913,4
MERIMBULA WHARF,569029,Water Level,569029.1.H,5957,1
Merlin Mine,14306,Battery,14306.1.B,316,1
Merlin Mine,14306,Rainfall,14306.1.R,316,2
Merlin Mine,14306,Rainfall Increment,14306.1.R,316,3
MERLYNSTON CREEK AT DALLAS ROAD RB BROADMEADOWS,586323,Water Level,586323.1.H,12109,1
MERLYNSTON CREEK AT DALLAS ROAD RB BROADMEADOWS,586323,Rainfall,586323.1.R,12109,2
MERLYNSTON CREEK AT DALLAS ROAD RB BROADMEADOWS,586323,Rainfall Increment,586323.1.R,12109,3
MERLYNSTON CREEK AT FAWKNER CEMETERY,586167,Water Level,586167.1.H,12134,1
MERLYNSTON CREEK AT FAWKNER CEMETERY,586167,Rainfall,586167.1.R,12134,2
MERLYNSTON CREEK AT FAWKNER CEMETERY,586167,Rainfall Increment,586167.1.R,12134,3
MERRI CREEK AT BELL STREET COBURG,586012,Water Level,586012.1.H,12117,1
MERRI CREEK AT BELL STREET COBURG,586012,Rainfall,586012.1.R,12117,2
MERRI CREEK AT BELL STREET COBURG,586012,Rainfall Increment,586012.1.R,12117,3
MERRI CREEK AT BEVERIDGE,586343,Water Level,586343.1.H,12173,1
MERRI CREEK AT COOPER ST SOMERTON,586030,Water Level,586030.1.H,12119,1
MERRI CREEK AT COOPER ST SOMERTON,586030,Rainfall,586030.1.R,12119,2
MERRI CREEK AT COOPER ST SOMERTON,586030,Rainfall Increment,586030.1.R,12119,3
MERRI CREEK AT CRAIGIEBURN EAST,586314,Water Level,586314.1.H,12106,1
MERRI CREEK AT CRAIGIEBURN EAST,586314,Rainfall,586314.1.R,12106,2
MERRI CREEK AT CRAIGIEBURN EAST,586314,Rainfall Increment,586314.1.R,12106,3
MERRI CREEK AT ST GEORGES ROAD NORTHCOTE,586080,Water Level,586080.1.H,12126,1
MERRI CREEK AT ST GEORGES ROAD NORTHCOTE,586080,Rainfall,586080.1.R,12126,2
MERRI CREEK AT ST GEORGES ROAD NORTHCOTE,586080,Rainfall Increment,586080.1.R,12126,3
MERRI CREEK AT SUMMERHILL ROAD CRAIGIEBURN,586211,Water Level,586211.1.H,12141,1
MERRI CREEK AT SUMMERHILL ROAD CRAIGIEBURN,586211,Rainfall,586211.1.R,12141,2
MERRI CREEK AT SUMMERHILL ROAD CRAIGIEBURN,586211,Rainfall Increment,586211.1.R,12141,3
MERRI RIVER @ WOODFORD,590003,Water Level,590003.1.H,9709,1
MERRIMAN CK @ STRADBROKE WEST,585047,Rainfall,585047.2.R,9533,1
MERRIMAN CK @ STRADBROKE WEST,585047,Water Level,585047.2.H,9533,2
MERRIMAN CK @ STRADBROKE WEST,585047,Rainfall Increment,585047.2.R,9533,3
Merrimans Creek at Seaspray,585046,Water Level,585046.1.H.4896,4690,1
Merrimans Creek at Seaspray,585046,Battery,585046.1.B.4897,4690,2
Merrimans Creek at Stradbroke West,585047,Rainfall,585047.1.R.4898,4691,1
Merrimans Creek at Stradbroke West,585047,Water Level,585047.1.H.4899,4691,2
Merrimans Creek at Stradbroke West,585047,Battery,585047.1.B.4900,4691,3
Merrimans Creek at Stradbroke West,585047,Rainfall Increment,585047.1.R.4898,4691,4
MERRIMU RESERVOIR (HEAD GAUGE),587074,Rainfall,587074.1.R,9599,1
MERRIMU RESERVOIR (HEAD GAUGE),587074,Water Level,587074.1.H,9599,2
MERRIMU RESERVOIR (HEAD GAUGE),587074,Rainfall Increment,587074.1.R,9599,3
Merriwa (Mar-lea),61316,Battery,61316.1.B.3739,1272,1
Merriwa (Mar-lea),61316,Rainfall,61316.1.R.3738,1272,2
Merriwa (Mar-lea),61316,Rainfall Increment,61316.1.R.3738,1272,3
Merriwagga (Old School Caravan Park) Comparison,75178,Battery,75178.1.B,1436,1
Merriwagga (Old School Caravan Park) Comparison,75178,Rainfall,75178.1.R,1436,2
Merriwagga (Old School Caravan Park) Comparison,75178,Rainfall Increment,75178.1.R,1436,3
Merrylands West (Finlayson Creek),567064,Battery,567064.1.B.7264,1734,1
Merrylands West (Finlayson Creek),567064,Rainfall,567064.1.R.7263,1734,2
Merrylands West (Finlayson Creek),567064,Rainfall Increment,567064.1.R.7263,1734,3
MERSEY RIVER (ABOVE ARM RV),596035,Water Level,596035.1.H,8531,1
MERSEY RIVER (ABOVE ARM RV),596035,Flow Rate,596035.1.ML/D,8531,2
METTABINUP,509383,Rainfall Increment,509383.1.R,10637,2
METUNG MARINA,584021,Water Level,584021.1.H,9467,1
Meunga Creek AL,532065,Water Level,532065.0.H.5229,2311,1
Meunga Creek AL,532065,Rainfall,532065.0.R.5228,2311,2
Meunga Creek AL,532065,Battery,532065.0.B.5230,2311,3
Meunga Creek AL,532065,Rainfall Increment,532065.0.R.5228,2311,4
MIAREE POOL,505042,Water Level,505042.1.H,10475,1
Michael Ck AL,32186,Rainfall,32186.0.R.6029,2034,1
Michael Ck AL,32186,Battery,32186.0.B.6030,2034,2
Michael Ck AL,32186,Rainfall Increment,32186.0.R.6029,2034,3
MICHELAGO (MICALIGO CRREK),570059,Water Level,570059.1.H,8175,1
MICROWAVE TOWER,502033,Rainfall Increment,502033.1.R,10393,2
Mid Kroombit AL,539246,Rainfall,539246.0.R.942,2682,1
Mid Kroombit AL,539246,Battery,539246.0.B.943,2682,2
Mid Kroombit AL,539246,Rainfall Increment,539246.0.R.942,2682,3
MIDDLE BOAMBEE (CEDARVALE RD),559048,Rainfall Increment,559048.1.R,5649,2
MIDDLE CK AT STANNIFER,556038,Water Level,556038.1.H,7815,2
MIDDLE CK AT STANNIFER,556038,Rainfall Increment,556038.1.R,7815,3
Middle Creek AL,544032,Rainfall,544032.0.R.4200,3367,1
Middle Creek AL,544032,Battery,544032.0.B.4201,3367,2
Middle Creek AL,544032,Rainfall Increment,544032.0.R.4200,3367,3
MIDDLE CREEK AT RODBOROUGH,588030,Water Level,588030.1.H,9657,1
MIDDLE FALBROOK (FAL BROOK),561014,Water Level,561014.1.H,7933,1
MIDDLE RIVER WTP (SAW),522800,Water Level,522800.1.H,5501,1
Middlemount AL,534022,Rainfall,534022.0.R.5974,2441,1
Middlemount AL,534022,Battery,534022.0.B.5975,2441,2
Middlemount AL,534022,Rainfall Increment,534022.0.R.5974,2441,3
MIDDLEMOUNT TM,534021,Rainfall Increment,534021.0.R,6601,2
MIDDLESEX PLAIN (IRIS RV),591051,Water Level,591051.1.H,8479,1
MIENA (HYDRO TAS),596066,Rainfall Increment,596066.1.R,8565,2
MIITA MITTA RIVER @ TALLANDOON,82106,Water Level,82106.2.H,9773,1
MILANG JETTY (DEW),524535,Water Level,524535.1.H,9093,1
Milbrodale School,61422,Battery,61422.1.B.3732,1299,1
Milbrodale School,61422,Rainfall,61422.1.R.3731,1299,2
Milbrodale School,61422,Rainfall Increment,61422.1.R.3731,1299,3
MILE CREEK AT PARSHALL FLUME SPRINGVALE WEST,586088,Water Level,586088.1.H,12220,1
MILE CREEK AT PARSHALL FLUME SPRINGVALE WEST,586088,Rainfall,586088.1.R,12220,2
MILE CREEK AT PARSHALL FLUME SPRINGVALE WEST,586088,Rainfall Increment,586088.1.R,12220,3
MILE CREEK DOWNSTREAM YARRAMAN CREEK DANDENONG WEST,586206,Water Level,586206.1.H,12261,1
MILE CREEK RETARDING BASIN AT MULGRAVE,586293,Water Level,586293.1.H,12252,1
Miles AL,542023,Water Level,542023.0.H.4932,3355,1
Miles AL,542023,Rainfall,542023.0.R.4931,3355,2
Miles AL,542023,Battery,542023.0.B.4933,3355,3
Miles AL,542023,Rainfall Increment,542023.0.R.4931,3355,4
MILL DAM FALLS (WILLIAMS RIVER),61339,Water Level,61339.1.H,8393,2
MILL DAM FALLS (WILLIAMS RIVER),61339,Rainfall Increment,61339.1.R,8393,3
MILL RD BLACK RIVER TM,532139,Rainfall,532139.0.R,10033,1
MILL RD BLACK RIVER TM,532139,Rainfall Increment,532139.0.R,10033,2
Millaa Millaa AL,31185,Rainfall,31185.0.R.2500,2007,1
Millaa Millaa AL,31185,Battery,31185.0.B.2501,2007,2
Millaa Millaa AL,31185,Rainfall Increment,31185.0.R.2500,2007,3
Millards Creek,569038,Water Level,569038.1.H.3384,1810,1
Millards Creek,569038,Battery,569038.1.B.3385,1810,2
Millards Creek,569038,Rainfall,569038.1.R.3383,1810,3
Millards Creek,569038,Rainfall Increment,569038.1.R.3383,1810,4
Millaroo AL,33287,Water Level,33287.0.H.2943,2045,1
Millaroo AL,33287,Rainfall,33287.0.R.2940,2045,2
Millaroo AL,33287,Battery,33287.0.B.2939,2045,3
Millaroo AL,33287,Rainfall Increment,33287.0.R.2940,2045,4
MILLARS ROAD,509422,Water Level,509422.1.H,11267,1
Millbank,59131,Battery,59131.1.B.7321,1217,1
Millbank,59131,Rainfall,59131.1.R.7322,1217,2
Millbank,59131,Rainfall Increment,59131.1.R.7322,1217,3
Millbrae ,23863,Battery,23863.1.B.5422,1924,1
Millbrae ,23863,Rainfall,23863.1.R.5423,1924,2
Millbrae ,23863,Rainfall Increment,23863.1.R.5423,1924,3
Millbrook AL,541050,Water Level,541050.0.H.5738,3248,1
Millbrook AL,541050,Rainfall,541050.0.R.5737,3248,2
Millbrook AL,541050,Battery,541050.0.B.5739,3248,3
Millbrook AL,541050,Rainfall Increment,541050.0.R.5737,3248,4
Millbrook Reservoir,23731,Battery,23731.1.B.5492,1914,1
Millbrook Reservoir,23731,Rainfall,23731.1.R.5493,1914,2
Millbrook Reservoir,23731,Rainfall Increment,23731.1.R.5493,1914,3
MILLBROOK RESV (SAW),523763,Rainfall,523763.1.R,5529,1
MILLBROOK RESV (SAW),523763,Water Level,523763.1.H,5529,2
MILLBROOK RESV (SAW),523763,Rainfall Increment,523763.1.R,5529,3
MILLENDALE,570346,Rainfall Increment,570346.1.R,5345,2
MILLEWA (GWYDIR RIVER),552013,Water Level,552013.1.H,7593,1
MILLFIELD (CONGEWAI CREEK),561167,Water Level,561167.2.H,8003,1
Millfield (Congewai Creek),561167,Water Level,561167.1.H.7904,1662,1
Millfield (Congewai Creek),561167,Battery,561167.1.B.7903,1662,2
Millfield (Congewai Creek),561167,Rainfall,561167.1.R.7902,1662,3
Millfield (Congewai Creek),561167,Rainfall Increment,561167.1.R.7902,1662,4
MILLIPIT,509605,Rainfall Increment,509605.1.R,10827,2
Millmerran (Town Pool Commens St) TM,541173,Rainfall,541173.0.R,3332,1
Millmerran (Town Pool Commens St) TM,541173,Rainfall Increment,541173.0.R,3332,2
Milperra Bridge (Georges River),66168,Water Level - AHD,66168.1.H.3999,1357,1
Milperra Bridge (Georges River),66168,Battery,66168.1.B.3997,1357,2
Milperra Bridge (Georges River),66168,Rainfall,66168.1.R.3998,1357,3
Milperra Bridge (Georges River),66168,Water Level - AHD,66168.3.H,1357,4
Milperra Bridge (Georges River),66168,Rainfall Increment,66168.1.R.3998,1357,5
MILPERRA BRIDGE (GEORGES RIVER),66168,Water Level,66168.2.H,6011,1
MILROY TM,545010,Rainfall,545010.0.R,9195,1
MILROY TM,545010,Water Level,545010.0.H,9195,2
MILROY TM,545010,Rainfall Increment,545010.0.R,9195,3
Milton AL,539140,Water Level,539140.0.H.4311,2582,1
Milton AL,539140,Rainfall,539140.0.R.4310,2582,2
Milton AL,539140,Battery,539140.0.B.4312,2582,3
Milton AL,539140,Rainfall Increment,539140.0.R.4310,2582,4
Milton Park ,523300,Battery,523300.1.B.5761,1981,1
Milton Park ,523300,Water Level,523300.1.H.5763,1981,2
Milton Park (Cornbrook),23382,Battery,23382.1.B.5759,1911,1
Milton Park (Cornbrook),23382,Rainfall,23382.1.R.5760,1911,2
Milton Park (Cornbrook),23382,Rainfall Increment,23382.1.R.5760,1911,3
Mimdale AL,539132,Water Level,539132.0.H.4362,2574,1
Mimdale AL,539132,Rainfall,539132.0.R.4361,2574,2
Mimdale AL,539132,Battery,539132.0.B.4363,2574,3
Mimdale AL,539132,Rainfall Increment,539132.0.R.4361,2574,4
MIMDALE TM,539085,Water Level,539085.0.H,6753,2
MIMDALE TM,539085,Rainfall Increment,539085.0.R,6753,3
Mindalla TBRG,8318,Rainfall,8318.1.R.6405,4382,1
Mindalla TBRG,8318,Battery,8318.1.B.6404,4382,2
Mindalla TBRG,8318,Rainfall Increment,8318.1.R.6405,4382,3
MINE PUMP OUTFLOW,585081,Flow Rate,585081.1.ML/D,11191,1
Mingah Springs,7165,Rainfall,7165.2.R,4358,1
Mingah Springs,7165,Battery,7165.1.B,4358,2
Mingah Springs,7165,Rainfall Increment,7165.2.R,4358,3
MINGAYS WATERHOLE (DEW),523315,Rainfall Increment,523315.1.R,8961,1
MINGAYS WATERHOLE (DEW),523315,Water Level,523315.1.H,8961,2
Mingela AL,533050,Rainfall,533050.0.R.6305,2360,1
Mingela AL,533050,Battery,533050.0.B.6306,2360,2
Mingela AL,533050,Rainfall Increment,533050.0.R.6305,2360,3
Mingo Ck AL,39340,Rainfall,39340.0.R.838,2081,1
Mingo Ck AL,39340,Battery,39340.0.B.839,2081,2
Mingo Ck AL,39340,Rainfall Increment,39340.0.R.838,2081,3
Mingo Crossing AL,539150,Water Level,539150.0.H.4720,2591,1
Mingo Crossing AL,539150,Rainfall,539150.0.R.4719,2591,2
Mingo Crossing AL,539150,Battery,539150.0.B.4721,2591,3
Mingo Crossing AL,539150,Rainfall Increment,539150.0.R.4719,2591,4
MINILYA BRIDGE,506004,Water Level,506004.1.H,10491,2
MINILYA BRIDGE,506004,Rainfall Increment,506004.1.R,10491,3
MINJERRIBAH TM,540630,Rainfall Increment,540630.0.R,6973,2
Minnie Creek Airstrip,6104,Rainfall,6104.1.R,4351,1
Minnie Creek Airstrip,6104,Battery,6104.1.B,4351,2
Minnie Creek Airstrip,6104,Rainfall Increment,6104.1.R,4351,3
MINNIE DOWNS (LANGLO RD) TM,535207,Rainfall,535207.0.R,10123,1
MINNIE DOWNS (LANGLO RD) TM,535207,Rainfall Increment,535207.0.R,10123,2
Minnie Waters Pump Shed,58222,Battery,58222.1.B.7833,1200,1
Minnie Waters Pump Shed,58222,Rainfall,58222.1.R.7832,1200,2
Minnie Waters Pump Shed,58222,Rainfall Increment,58222.1.R.7832,1200,3
MINNIES DIP TM,529052,Water Level,529052.0.H,6261,2
MINNIES DIP TM,529052,Rainfall Increment,529052.0.R,6261,3
Minno Creek ,523748,Water Level,523748.1.H.5003,1999,1
Minno Creek ,523748,Battery,523748.1.B.5002,1999,2
Minston Park,9274,Rainfall,9274.1.R.6117,4395,1
Minston Park,9274,Battery,9274.1.B.6116,4395,2
Minston Park,9274,Rainfall Increment,9274.1.R.6117,4395,3
MINTO HEIGHTS (GEORGES RIVER),566082,Water Level,566082.1.H,8089,1
MIRANDA CREEK TM,529021,Water Level,529021.0.H,6241,2
MIRANDA CREEK TM,529021,Rainfall Increment,529021.0.R,6241,3
Mirani Township AL,533178,Water Level,533178.0.H.5056,2415,1
Mirani Township AL,533178,Rainfall,533178.0.R.5055,2415,2
Mirani Township AL,533178,Battery,533178.0.B.5057,2415,3
Mirani Township AL,533178,Rainfall Increment,533178.0.R.5055,2415,4
MIRANI WEIR HW TM,533069,Water Level,533069.0.H,7151,1
Mirani Weir TW AL,33302,Water Level,33302.0.H.6163,2054,1
Mirani Weir TW AL,33302,Rainfall,33302.0.R.6162,2054,2
Mirani Weir TW AL,33302,Battery,33302.0.B.6164,2054,3
Mirani Weir TW AL,33302,Rainfall Increment,33302.0.R.6162,2054,4
MIRANI WEIR TW TM,33277,Water Level,33277.0.H,6039,2
MIRANI WEIR TW TM,33277,Rainfall Increment,33277.0.R,6039,3
Mirannie (Maeranie Station),61420,Battery,61420.1.B.3730,1297,1
Mirannie (Maeranie Station),61420,Rainfall,61420.1.R.3729,1297,2
Mirannie (Maeranie Station),61420,Rainfall Increment,61420.1.R.3729,1297,3
Miriam Vale AL,539124,Rainfall,539124.0.R.4328,2566,1
Miriam Vale AL,539124,Battery,539124.0.B.4329,2566,2
Miriam Vale AL,539124,Rainfall Increment,539124.0.R.4328,2566,3
MISERY PLATEAU,595019,Rainfall Increment,595019.1.R,8511,2
MISSINGHAM BRIDGE (RICHMOND RIVER),558114,Water Level,558114.1.H,11447,1
MISTAKE CREEK HOMESTEAD,514825,Water Level,514825.1.H,10893,2
MISTAKE CREEK HOMESTEAD,514825,Rainfall Increment,514825.1.R,10893,3
Misty Morn AL,540061,Water Level,540061.0.H.1722,2703,1
Misty Morn AL,540061,Battery,540061.0.B.1721,2703,2
MITCHAM RESERVOIR RAIN GAUGE,86074,Rainfall,86074.1.R,12082,1
MITCHAM RESERVOIR RAIN GAUGE,86074,Rainfall Increment,86074.1.R,12082,2
MITCHELL (MANN RIVER),557003,Water Level,557003.1.H,7825,1
MITCHELL RD TM,533196,Rainfall Increment,533196.0.R,6579,1
MITCHELL RIVER @ GLENALADALE,85270,Rainfall,85270.2.R,9821,1
MITCHELL RIVER @ GLENALADALE,85270,Water Level,85270.2.H,9821,2
MITCHELL RIVER @ GLENALADALE,85270,Rainfall Increment,85270.2.R,9821,3
MITCHELL RIVER @ LINDENOW (BULMERS LANE),584012,Water Level,584012.1.H,9459,1
MITCHELL RIVER @ ROSEHILL,84147,Rainfall,84147.2.R,9815,1
MITCHELL RIVER @ ROSEHILL,84147,Water Level,84147.2.H,9815,2
MITCHELL RIVER @ ROSEHILL,84147,Rainfall Increment,84147.2.R,9815,3
MITCHELL RIVER @ U/S GLENALADALE PUMPHOUSE,585061,Water Level,585061.1.H,9539,1
MITCHELL RIVER AT BAIRNSDALE,84146,Water Level,84146.2.H,9813,1
Mitchell River at Bairnsdale,84146,Water Level,84146.1.H.4918,4804,1
Mitchell River at Bairnsdale,84146,Battery,84146.1.B.4919,4804,2
Mitchell River at Glenaladale,85270,Battery,85270.1.B.4910,4713,1
Mitchell River at Glenaladale,85270,Rainfall,85270.1.R.4908,4713,2
Mitchell River at Glenaladale,85270,Water Level,85270.1.H.4909,4713,3
Mitchell River at Glenaladale,85270,Rainfall Increment,85270.1.R.4908,4713,4
Mitchell River at Rosehill,84147,Rainfall,84147.1.R.4913,4652,1
Mitchell River at Rosehill,84147,Water Level,84147.1.H.4914,4652,2
Mitchell River at Rosehill,84147,Battery,84147.1.B.4915,4652,3
Mitchell River at Rosehill,84147,Rainfall Increment,84147.1.R.4913,4652,4
MITCHELL TM,43102,Water Level,43102.0.H,6171,2
MITCHELL TM,43102,Rainfall Increment,43102.0.R,6171,3
Mitchelton (Osborne Rd) AL,540111,Water Level,540111.0.H.1540,2731,1
Mitchelton (Osborne Rd) AL,540111,Rainfall,540111.0.R.1539,2731,2
Mitchelton (Osborne Rd) AL,540111,Battery,540111.0.B.1538,2731,3
Mitchelton (Osborne Rd) AL,540111,Rainfall Increment,540111.0.R.1539,2731,4
MITTA MITTA RIVER @ COLEMANS,582010,Water Level,582010.2.H,9389,1
MITTA MITTA RIVER @ HINNOMUNJIE,583005,Rainfall,583005.1.R,9427,1
MITTA MITTA RIVER @ HINNOMUNJIE,583005,Water Level,583005.1.H,9427,2
MITTA MITTA RIVER @ HINNOMUNJIE,583005,Rainfall Increment,583005.1.R,9427,3
Mitta Mitta River @ Tallandoon,82106,Battery,82106.1.B.906,4861,1
Mitta Mitta River @ Tallandoon,82106,Rainfall,82106.1.R.907,4861,2
Mitta Mitta River @ Tallandoon,82106,Water Level,82106.1.H.908,4861,3
Mitta Mitta River @ Tallandoon,82106,Rainfall Increment,82106.1.R.907,4861,4
MITTAGANG CROSSING (MURRUMBIDGEE RIVER),570019,Water Level,570019.1.H,8157,1
MITTAGONG (MAGUIRES CROSSING),568054,Rainfall Increment,568054.1.R,5265,2
MITTHUTHARRA,508037,Water Level,508037.1.H,10533,2
MITTHUTHARRA,508037,Rainfall Increment,508037.1.R,10533,3
MIVA TM,40826,Water Level,40826.0.H,6111,2
MIVA TM,40826,Rainfall Increment,40826.0.R,6111,3
MOA ISLAND (KUBIN) TIDE TM,527017,Water Level,527017.0.H,5143,1
MOA ISLAND (ST PAULS) TIDE TM,527021,Water Level,527021.0.H,5151,1
Moascar,8304,Rainfall,8304.1.R.5925,4375,1
Moascar,8304,Battery,8304.1.B.5924,4375,2
Moascar,8304,Rainfall Increment,8304.1.R.5925,4375,3
MOE DRAIN @ TRAFALGAR EAST,585010,Water Level,585010.1.H,9489,1
MOE RIVER AT DARNUM,585247,Rainfall,585247.1.R,9561,1
MOE RIVER AT DARNUM,585247,Water Level,585247.1.H,9561,2
MOE RIVER AT DARNUM,585247,Rainfall,585247.2.R,9561,3
MOE RIVER AT DARNUM,585247,Water Level,585247.2.H,9561,4
MOE RIVER AT DARNUM,585247,Rainfall Increment,585247.1.R,9561,5
MOE RIVER AT DARNUM,585247,Rainfall Increment,585247.2.R,9561,6
Moe South,85309,Battery,85309.1.B.4893,4749,1
Moe South,85309,Rainfall,85309.1.R.4892,4749,2
Moe South,85309,Rainfall Increment,85309.1.R.4892,4749,3
Moffatt AL,541042,Water Level,541042.0.H.6115,3242,1
Moffatt AL,541042,Rainfall,541042.0.R.6114,3242,2
Moffatt AL,541042,Battery,541042.0.B.6116,3242,3
Moffatt AL,541042,Rainfall Increment,541042.0.R.6114,3242,4
Moggill (Aitchenson St East) AL-B,540201,Water Level,540201.0.H.1764,2804,1
Moggill (Aitchenson St East) AL-B,540201,Battery,540201.0.B.1756,2804,2
Moggill AL,40812,Water Level,40812.0.H.2009,2107,1
Moggill AL,40812,Battery,40812.0.B.2010,2107,2
Moggill AL-P,540200,Water Level,540200.0.H.6755,2803,1
Moggill AL-P,540200,Rainfall,540200.0.R.6754,2803,2
Moggill AL-P,540200,Rainfall Increment,540200.0.R.6754,2803,3
MOGIL MOGIL (BARWON RIVER),548000,Water Level,548000.1.H,7493,1
Molendinar AL,540428,Rainfall,540428.0.R.2201,2959,1
Molendinar AL,540428,Battery,540428.0.B.2203,2959,2
Molendinar AL,540428,Rainfall Increment,540428.0.R.2201,2959,3
MOLLEE WEIR (NAMOI RIVER),553006,Water Level,553006.1.H,7625,1
MOLLEE WEIR WL (NAMOI RIVER),553010,Water Level,553010.1.H,7633,1
Mollisons Ck at Pyalong,88064,Rainfall,88064.1.R.408,4661,1
Mollisons Ck at Pyalong,88064,Battery,88064.1.B.410,4661,2
Mollisons Ck at Pyalong,88064,Water Level,88064.1.H.409,4661,3
Mollisons Ck at Pyalong,88064,Rainfall Increment,88064.1.R.408,4661,4
MOLONG (BELL RIVER),563017,Water Level,563017.1.H,8031,1
Molong (Bonnie Doon),62106,Battery,62106.2.B.3548,1307,1
Molong (Bonnie Doon),62106,Rainfall,62106.2.R.3547,1307,2
Molong (Bonnie Doon),62106,Rainfall Increment,62106.2.R.3547,1307,3
Molong Post Office,65041,Battery,65041.2.B.3550,1337,1
Molong Post Office,65041,Rainfall,65041.2.R.3549,1337,2
Molong Post Office,65041,Rainfall Increment,65041.2.R.3549,1337,3
Molong Repeater,565019,Battery,565019.1.B.3541,1705,1
Molonglo River Below Yarralumla Creek,570071,Water Level,570071.1.H.3361,1844,1
Molonglo River Below Yarralumla Creek,570071,Battery,570071.1.B.3360,1844,2
MOLROY (MYALL CREEK),556018,Water Level,556018.1.H,7783,1
Mona Mona AL,531038,Rainfall,531038.0.R.6820,2229,1
Mona Mona AL,531038,Battery,531038.0.B.6821,2229,2
Mona Mona AL,531038,Rainfall Increment,531038.0.R.6820,2229,3
MONA PARK TM,533164,Rainfall Increment,533164.0.R,6563,2
MONA VALE,566068,Rainfall Increment,566068.1.R,5881,2
Mona Vale Golf Club,66141,Battery,66141.1.B.7647,1354,1
Mona Vale Golf Club,66141,Rainfall,66141.1.R.7646,1354,2
Mona Vale Golf Club,66141,Rainfall Increment,66141.1.R.7646,1354,3
Monal Rd AL,539195,Rainfall,539195.0.R.713,2634,1
Monal Rd AL,539195,Battery,539195.0.B.714,2634,2
Monal Rd AL,539195,Rainfall Increment,539195.0.R.713,2634,3
Monameta (Mathinna Road),92144,Rainfall,92144.1.R.633,4284,1
Monameta (Mathinna Road),92144,Battery,92144.1.B.634,4284,2
Monameta (Mathinna Road),92144,Rainfall Increment,92144.1.R.633,4284,3
MONBULK CREEK AT MONBULK CREEK RET BASIN LYSTERFIELD,586258,Water Level,586258.1.H,12236,1
MONBULK CREEK AT MONBULK CREEK RET BASIN LYSTERFIELD,586258,Rainfall,586258.1.R,12236,2
MONBULK CREEK AT MONBULK CREEK RET BASIN LYSTERFIELD,586258,Rainfall Increment,586258.1.R,12236,3
Mongarlowe (Leweston),69150,Battery,69150.1.B.7077,1412,1
Mongarlowe (Leweston),69150,Rainfall,69150.1.R.7076,1412,2
Mongarlowe (Leweston),69150,Rainfall Increment,69150.1.R.7076,1412,3
MONGARLOWE (MONGARLOWE RIVER),569010,Water Level,569010.2.H,5329,1
MONKEY BRIDGE (BOGAN RIVER),550005,Water Level,550005.1.H,7545,1
MONKIRA TM,538025,Rainfall,538025.0.R,10219,1
MONKIRA TM,538025,Water Level,538025.0.H,10219,2
MONKIRA TM,538025,Rainfall Increment,538025.0.R,10219,3
MONPEELYATA WEIR (OUSE RV),596058,Water Level,596058.1.H,8553,1
Monsildale AL,540490,Rainfall,540490.0.R.6609,3008,1
Monsildale AL,540490,Rainfall Increment,540490.0.R.6609,3008,2
Montacute ,23892,Rainfall,23892.1.R.5475,1937,1
Montacute ,23892,Battery,23892.1.B.5474,1937,2
Montacute ,23892,Rainfall Increment,23892.1.R.5475,1937,3
Monterey Keys AL,540269,Water Level - AHD,540269.0.H.2317,2845,1
Monterey Keys AL,540269,Rainfall,540269.0.R.2316,2845,2
Monterey Keys AL,540269,Battery,540269.0.B.2318,2845,3
Monterey Keys AL,540269,Rainfall Increment,540269.0.R.2316,2845,4
Monto AL,539196,Water Level,539196.0.H.728,2635,1
Monto AL,539196,Rainfall,539196.0.R.727,2635,2
Monto AL,539196,Battery,539196.0.B.729,2635,3
Monto AL,539196,Rainfall Increment,539196.0.R.727,2635,4
MONTO TM,539040,Water Level,539040.0.H,7187,1
MONUMENT TM,527007,Water Level,527007.0.H,6183,2
MONUMENT TM,527007,Rainfall Increment,527007.0.R,6183,3
MOOCHALABRA DAM,501029,Water Level,501029.1.H,10359,2
MOOCHALABRA DAM,501029,Rainfall Increment,501029.1.R,10359,3
MOOCHALABRA NO 1,501008,Rainfall Increment,501008.1.R,10357,2
Moodlu (Williams Rd) AL,540557,Water Level,540557.0.H.5519,3054,1
Moodlu (Williams Rd) AL,540557,Rainfall,540557.0.R.5518,3054,2
Moodlu (Williams Rd) AL,540557,Battery,540557.0.B.5520,3054,3
Moodlu (Williams Rd) AL,540557,Rainfall Increment,540557.0.R.5518,3054,4
MOOGA CREEK TM,543026,Water Level,543026.0.H,11279,1
MOOGA CREEK TM,543026,Rainfall,543026.0.R,11279,2
MOOGA CREEK TM,543026,Rainfall Increment,543026.0.R,11279,3
Mooga Hills TM,43006,Rainfall,43006.0.R,2205,1
Mooga Hills TM,43006,Battery,43006.0.B,2205,2
Mooga Hills TM,43006,Rainfall Increment,43006.0.R,2205,3
Moogerah Dam AL,540474,Water Level,540474.0.H.6625,2993,1
Moogerah Dam AL,540474,Rainfall,540474.0.R.6624,2993,2
Moogerah Dam AL,540474,Rainfall Increment,540474.0.R.6624,2993,3
MOOGERAH DAM HW TM,540364,Water Level,540364.0.H,10265,2
MOOGERAH DAM HW TM,540364,Rainfall Increment,540364.0.R,10265,3
MOOGERAH DAM TW TM,540513,Water Level,540513.0.H,10269,1
Moola Bulla Airstrip,2074,Rainfall,2074.1.R,4342,1
Moola Bulla Airstrip,2074,Battery,2074.1.B,4342,2
Moola Bulla Airstrip,2074,Rainfall Increment,2074.1.R,4342,3
Moolap,587067,Rainfall,587067.1.R.1013,4719,1
Moolap,587067,Battery,587067.1.B.1012,4719,2
Moolap,587067,Rainfall Increment,587067.1.R.1013,4719,3
Moolboolaman AL,539206,Water Level,539206.0.H.4775,2645,1
Moolboolaman AL,539206,Rainfall,539206.0.R.4774,2645,2
Moolboolaman AL,539206,Battery,539206.0.B.4776,2645,3
Moolboolaman AL,539206,Rainfall Increment,539206.0.R.4774,2645,4
Mooliabeenee,9147,Rainfall,9147.1.R.6147,4388,1
Mooliabeenee,9147,Battery,9147.1.B.6146,4388,2
Mooliabeenee,9147,Rainfall Increment,9147.1.R.6147,4388,3
Mooloolaba Tide AL,540347,Water Level,540347.0.H.5419,2909,1
Mooloolaba Tide AL,540347,Battery,540347.0.B.5420,2909,2
MOOLOOLABA TIDE TM,540037,Water Level,540037.0.H,5213,1
Mooloolah AL,540345,Water Level,540345.0.H.5402,2907,1
Mooloolah AL,540345,Battery,540345.0.B.5403,2907,2
MOOLOOLAH TM,540300,Water Level,540300.0.H,6865,1
MOOMIN PLAINS (MOOMIN CREEK),552017,Water Level,552017.1.H,7597,1
Moon Road AL,540567,Water Level,540567.0.H.4034,3061,1
Moon Road AL,540567,Rainfall,540567.0.R.4033,3061,2
Moon Road AL,540567,Battery,540567.0.B.4035,3061,3
Moon Road AL,540567,Rainfall Increment,540567.0.R.4033,3061,4
MOONAN BROOK (MOONAN BROOK),561041,Water Level,561041.1.H,7961,1
MOONAN DAM SITE (HUNTER RIVER),561003,Water Level,561003.1.H,7915,2
MOONAN DAM SITE (HUNTER RIVER),561003,Rainfall Increment,561003.1.R,7915,3
Moondah Brook,9248,Rainfall,9248.1.R.6161,4390,1
Moondah Brook,9248,Battery,9248.1.B.6160,4390,2
Moondah Brook,9248,Rainfall Increment,9248.1.R.6161,4390,3
MOONEE CREEK (MOONEE CREEK),559078,Water Level,559078.1.H,5661,1
MOONEE PONDS CREEK AT JACANA RETARDING BASIN JACANA,586200,Water Level,586200.1.H,12003,1
MOONEE PONDS CREEK AT JACANA RETARDING BASIN JACANA,586200,Rainfall,586200.1.R,12003,2
MOONEE PONDS CREEK AT JACANA RETARDING BASIN JACANA,586200,Rainfall Increment,586200.1.R,12003,3
MOONEE PONDS CREEK UPSTREAM MT ALEXANDER RD FLEMINGTON,586324,Water Level,586324.1.H,12110,1
MOONEE PONDS CREEK UPSTREAM MT ALEXANDER RD FLEMINGTON,586324,Rainfall,586324.1.R,12110,2
MOONEE PONDS CREEK UPSTREAM MT ALEXANDER RD FLEMINGTON,586324,Rainfall Increment,586324.1.R,12110,3
MOORA CARAVAN PARK,508000,Water Level,508000.1.H,10511,1
MOORABOOL RIVER AT BATESFORD,587028,Water Level,587028.1.H,9591,1
MOORABOOL RIVER AT LAL LAL,87068,Rainfall,87068.1.R,9839,1
MOORABOOL RIVER AT LAL LAL,87068,Water Level,87068.1.H,9839,2
MOORABOOL RIVER AT LAL LAL,87068,Rainfall Increment,87068.1.R,9839,3
MOORABOOL RIVER AT MORRISONS,87016,Rainfall,87016.1.R,9831,1
MOORABOOL RIVER AT MORRISONS,87016,Water Level,87016.1.H,9831,2
MOORABOOL RIVER AT MORRISONS,87016,Rainfall Increment,87016.1.R,9831,3
Mooral Creek (The Den),60165,Battery,60165.1.B.3801,1251,1
Mooral Creek (The Den),60165,Rainfall,60165.1.R.3802,1251,2
Mooral Creek (The Den),60165,Rainfall Increment,60165.1.R.3802,1251,3
Moore Park AL,539225,Rainfall,539225.0.R.4756,2662,1
Moore Park AL,539225,Battery,539225.0.B.4757,2662,2
Moore Park AL,539225,Rainfall Increment,539225.0.R.4756,2662,3
MOORE PARK TM,539117,Rainfall Increment,539117.0.R,6785,2
Moorina AL,540358,Rainfall,540358.0.R.6292,2919,1
Moorina AL,540358,Battery,540358.0.B.6293,2919,2
Moorina AL,540358,Rainfall Increment,540358.0.R.6292,2919,3
MOORINA BDGE (RINGAROOMA RV),592005,Water Level,592005.1.H,8735,1
Moorlands (Gooburrum PS) AL,539211,Water Level,539211.0.H.4792,2650,1
Moorlands (Gooburrum PS) AL,539211,Rainfall,539211.0.R.4791,2650,2
Moorlands (Gooburrum PS) AL,539211,Battery,539211.0.B.4793,2650,3
Moorlands (Gooburrum PS) AL,539211,Rainfall Increment,539211.0.R.4791,2650,4
Moparrabah,59128,Water Level,59128.1.H.7327,1216,1
Moparrabah,59128,Battery,59128.1.B.7798,1216,2
Moparrabah,59128,Rainfall,59128.1.R.7328,1216,3
Moparrabah,59128,Rainfall Increment,59128.1.R.7328,1216,4
Moppy Lookout (Barrington Tops),60153,Battery,60153.1.B.3660,1244,1
Moppy Lookout (Barrington Tops),60153,Rainfall,60153.1.R.3659,1244,2
Moppy Lookout (Barrington Tops),60153,Rainfall Increment,60153.1.R.3659,1244,3
MORANS CROSSING (BEMBOKA RIVER),569013,Water Level,569013.1.H,8125,1
MORASS CREEK @ UPLANDS,583017,Water Level,583017.1.H,9437,2
MORASS CREEK @ UPLANDS,583017,Rainfall Increment,583017.1.R,9437,3
Morayfield (Williamson Rd) AL,540654,Rainfall,540654.0.R.4124,3106,1
Morayfield (Williamson Rd) AL,540654,Battery,540654.0.B.4125,3106,2
Morayfield (Williamson Rd) AL,540654,Rainfall Increment,540654.0.R.4124,3106,3
Morayfield AL,40979,Rainfall,40979.0.R.5502,2160,1
Morayfield AL,40979,Battery,40979.0.B.5503,2160,2
Morayfield AL,40979,Rainfall Increment,40979.0.R.5502,2160,3
MOREE (MEHI RIVER),553001,Water Level,553001.1.H,7617,1
MOREHEAD RIVER TM,528016,Water Level,528016.0.H,9883,1
Morella,82146,Rainfall,82146.1.R.490,4514,1
Morella,82146,Battery,82146.1.B.491,4514,2
Morella,82146,Rainfall Increment,82146.1.R.490,4514,3
MORETON ISLAND TM,540593,Rainfall Increment,540593.0.R,6969,1
MORETON TM,527006,Water Level,527006.0.H,6181,2
MORETON TM,527006,Rainfall Increment,527006.0.R,6181,3
MORGAN RD GORDONVALE TM,531114,Rainfall Increment,531114.0.R,6385,2
Morganville AL,539231,Water Level,539231.0.H.4759,2667,1
Morganville AL,539231,Rainfall,539231.0.R.4758,2667,2
Morganville AL,539231,Battery,539231.0.B.4760,2667,3
Morganville AL,539231,Rainfall Increment,539231.0.R.4758,2667,4
MORISSET (STOCKTON CREEK),561089,Water Level,561089.1.H,5787,1
MORNINGSIDE (MACQUARIE RIVER),93026,Water Level,93026.1.H,8785,1
MORNINGTON ISLAND TIDE TM,529020,Water Level,529020.0.H,5157,1
Moroko Park,82148,Rainfall,82148.1.R.482,4510,1
Moroko Park,82148,Battery,82148.1.B.483,4510,2
Moroko Park,82148,Rainfall Increment,82148.1.R.482,4510,3
MORPETH (HUNTER RIVER),561002,Water Level,561002.1.H,5713,1
Morphettville ,23143,Rainfall,23143.1.R.5215,1894,1
Morphettville ,23143,Battery,23143.1.B.5214,1894,2
Morphettville ,23143,Rainfall Increment,23143.1.R.5215,1894,3
MORTIMER TM,540551,Rainfall Increment,540551.0.R,6927,2
Morton,569047,Battery,569047.1.B.7083,11347,1
Morton,569047,Rainfall,569047.1.R.7082,11347,2
Morton,569047,Rainfall Increment,569047.1.R.7082,11347,3
MORUNDAH (COLOMBO CREEK),574017,Water Level,574017.1.H,8297,1
MORUNDAH (YANCO CREEK),574016,Water Level,574016.1.H,8295,1
Moruya (Burra Creek),69033,Battery,69033.1.B.3309,1400,1
Moruya (Burra Creek),69033,Rainfall,69033.1.R.3308,1400,2
Moruya (Burra Creek),69033,Rainfall Increment,69033.1.R.3308,1400,3
Moruya (Plumwood),69145,Battery,69145.1.B.7012,1411,1
Moruya (Plumwood),69145,Rainfall,69145.1.R.7011,1411,2
Moruya (Plumwood),69145,Rainfall Increment,69145.1.R.7011,1411,3
Moruya (The Lagoon),69042,Battery,69042.1.B.3311,1403,1
Moruya (The Lagoon),69042,Rainfall,69042.1.R.3310,1403,2
Moruya (The Lagoon),69042,Rainfall Increment,69042.1.R.3310,1403,3
MORUYA BRIDGE (MORUYA RIVER),69130,Water Level,69130.1.H,6021,1
MORUYA HOSPITAL (MORUYA RIVER),69123,Water Level,69123.1.H,6019,1
MORWELL RIVER @ US EELHOLE CK,585082,Water Level,585082.1.H,8809,2
MORWELL RIVER @ US EELHOLE CK,585082,Rainfall Increment,585082.1.R,8809,3
MORWELL RIVER @ US EELHOLE CK,585082,Flow Rate,585082.1.ML/D,8809,4
MORWELL RIVER @ YALLOURN PUMP HOUSE,585192,Water Level,585192.1.H,8811,1
MORWELL RIVER @ YALLOURN PUMP HOUSE,585192,Flow Rate,585192.1.ML/D,8811,2
MORWELL RIVER AT BOOLARRA,585017,Rainfall,585017.1.R,9497,1
MORWELL RIVER AT BOOLARRA,585017,Water Level,585017.1.H,9497,2
MORWELL RIVER AT BOOLARRA,585017,Rainfall Increment,585017.1.R,9497,3
Moselys AL,541062,Rainfall,541062.0.R.6880,3251,1
Moselys AL,541062,Battery,541062.0.B.6881,3251,2
Moselys AL,541062,Rainfall Increment,541062.0.R.6880,3251,3
MOSMAN (SPIT BRIDGE),566083,Rainfall Increment,566083.1.R,5891,2
MOSS VALE (BERRIMA JUNCTION),568165,Rainfall Increment,568165.1.R,5295,2
Moss Vale AL,33266,Rainfall,33266.0.R.2600,2039,1
Moss Vale AL,33266,Battery,33266.0.B.2601,2039,2
Moss Vale AL,33266,Rainfall Increment,33266.0.R.2600,2039,3
MOSSMAN TIDE TM,531014,Water Level,531014.0.H,5163,1
MOSSMAN TM,531063,Water Level,531063.0.H,6329,1
MOSSMAN TREATMENT PLANT TM,531147,Rainfall,531147.0.R,10007,1
MOSSMAN TREATMENT PLANT TM,531147,Rainfall Increment,531147.0.R,10007,2
MOULAMEIN (EDWARD RIVER),575001,Water Level,575001.1.H,8333,1
MOULTON (GLEN MORRISTON RIVULET),93054,Water Level,93054.1.H,8789,1
Mount Allyn Repeater,61417,Battery,61417.1.B.3699,1294,1
Mount Alma (Fig Tree Rd) AL,539270,Rainfall,539270.0.R.4345,11377,1
Mount Alma (Fig Tree Rd) AL,539270,Battery,539270.0.B.4346,11377,2
Mount Alma (Fig Tree Rd) AL,539270,Rainfall Increment,539270.0.R.4345,11377,3
Mount Alma (Galloway Plains Rd) AL,539277,Rainfall,539277.0.R.5690,11393,1
Mount Alma (Galloway Plains Rd) AL,539277,Battery,539277.0.B.5691,11393,2
Mount Alma (Galloway Plains Rd) AL,539277,Rainfall Increment,539277.0.R.5690,11393,3
Mount Alma (Rockfield Rd) AL,539278,Rainfall,539278.0.R.4347,11379,1
Mount Alma (Rockfield Rd) AL,539278,Battery,539278.0.B.4348,11379,2
Mount Alma (Rockfield Rd) AL,539278,Rainfall Increment,539278.0.R.4347,11379,3
Mount Amhurst,2021,Rainfall,2021.1.R,4333,1
Mount Amhurst,2021,Battery,2021.1.B,4333,2
Mount Amhurst,2021,Rainfall Increment,2021.1.R,4333,3
Mount Arapalies,579016,Battery,579016.1.B.5900,4700,1
Mount Augustus Airstrip,7208,Rainfall,7208.1.R,4360,1
Mount Augustus Airstrip,7208,Battery,7208.1.B,4360,2
Mount Augustus Airstrip,7208,Rainfall Increment,7208.1.R,4360,3
MOUNT AUNT TM,531157,Rainfall,531157.0.R,10017,1
MOUNT AUNT TM,531157,Rainfall Increment,531157.0.R,10017,2
MOUNT BARKER SPRINGS (DEW),524519,Water Level,524519.1.H,9063,1
Mount Barnett,3051,Rainfall,3051.1.R,4346,1
Mount Barnett,3051,Battery,3051.1.B,4346,2
Mount Barnett,3051,Rainfall Increment,3051.1.R,4346,3
Mount Barrington,61418,Battery,61418.1.B.3799,1295,1
Mount Barrington,61418,Rainfall,61418.1.R.3800,1295,2
Mount Barrington,61418,Rainfall Increment,61418.1.R.3800,1295,3
Mount Belmont (Rep),595027,Rainfall,595027.1.R.700,4321,1
Mount Belmont (Rep),595027,Battery,595027.1.B.701,4321,2
Mount Belmont (Rep),595027,Rainfall Increment,595027.1.R.700,4321,3
Mount Benambra Fire Tower,582044,Battery,582044.1.B.930,4856,1
MOUNT BLACKWOOD RAIN GAUGE,587066,Rainfall,587066.1.R,12066,1
MOUNT BLACKWOOD RAIN GAUGE,587066,Rainfall Increment,587066.1.R,12066,2
MOUNT BONINYONG,87046,Rainfall,87046.1.R,9835,1
MOUNT BONINYONG,87046,Rainfall Increment,87046.1.R,9835,2
MOUNT BROWN,510501,Water Level,510501.1.H,10871,1
Mount Buffalo,83073,Rainfall,83073.2.R.154,4657,1
Mount Buffalo,83073,Battery,83073.2.B.155,4657,2
Mount Buffalo,83073,Rainfall Increment,83073.2.R.154,4657,3
MOUNT BULLENGAROOK RAIN GAUGE,587044,Rainfall,587044.1.R,12064,1
MOUNT BULLENGAROOK RAIN GAUGE,587044,Rainfall Increment,587044.1.R,12064,2
Mount Cann Fire Tower,584036,Battery,584036.1.B.4972,4833,1
Mount Cann Fire Tower,584036,Rainfall,584036.1.R.4971,4833,2
Mount Cann Fire Tower,584036,Rainfall Increment,584036.1.R.4971,4833,3
Mount Clere,7132,Rainfall,7132.2.R,4357,1
Mount Clere,7132,Battery,7132.1.B,4357,2
Mount Clere,7132,Rainfall Increment,7132.2.R,4357,3
Mount Cole Ck at Crowlands,579006,Water Level,579006.1.H.5913,4705,1
Mount Cole Ck at Crowlands,579006,Battery,579006.1.B.5914,4705,2
MOUNT COLE CREEK @ CROWLANDS,579006,Water Level,579006.2.H,9247,1
Mount Congewai (Corrabare),561165,Battery,561165.1.B.7233,11597,1
Mount Congewai (Corrabare),561165,Rainfall,561165.1.R.7234,11597,2
Mount Congewai (Corrabare),561165,Rainfall Increment,561165.1.R.7234,11597,3
Mount Cottrell Repeater,587048,Battery,587048.1.B.1425,4659,1
MOUNT COWLEY,90185,Rainfall,90185.1.R,9865,1
MOUNT COWLEY,90185,Rainfall Increment,90185.1.R,9865,2
MOUNT DANDENONG RAIN GAUGE,586182,Rainfall,586182.1.R,11966,1
MOUNT DANDENONG RAIN GAUGE,586182,Rainfall Increment,586182.1.R,11966,2
Mount Darragh,69152,Battery,69152.1.B.3442,1413,1
Mount Darragh,69152,Rainfall,69152.1.R.3441,1413,2
Mount Darragh,69152,Rainfall Increment,69152.1.R.3441,1413,3
Mount Delegate,84152,Battery,84152.1.B.4945,4734,1
Mount Delegate,84152,Rainfall,84152.1.R.4944,4734,2
Mount Delegate,84152,Rainfall Increment,84152.1.R.4944,4734,3
Mount Donna Buang,586075,Battery,586075.1.B.1482,4785,1
Mount Donna Buang,586075,Rainfall,586075.1.R.1484,4785,2
Mount Donna Buang,586075,Rainfall Increment,586075.1.R.1484,4785,3
MOUNT DONNA BUANG RAIN GAUGE,586075,Rainfall,586075.2.R,12094,1
MOUNT DONNA BUANG RAIN GAUGE,586075,Rainfall Increment,586075.2.R,12094,2
Mount Elizabeth,584024,Battery,584024.1.B.4917,4773,1
Mount Elizabeth,584024,Rainfall,584024.1.R.4916,4773,2
Mount Elizabeth,584024,Rainfall Increment,584024.1.R.4916,4773,3
Mount Elliot,61381,Battery,61381.1.B.7389,1282,1
Mount Elliot,61381,Rainfall,61381.1.R.7386,1282,2
Mount Elliot,61381,Rainfall Increment,61381.1.R.7386,1282,3
MOUNT EMU CREEK AT MENA PARK,589008,Rainfall,589008.1.R,9687,1
MOUNT EMU CREEK AT MENA PARK,589008,Water Level,589008.1.H,9687,2
MOUNT EMU CREEK AT MENA PARK,589008,Rainfall Increment,589008.1.R,9687,3
MOUNT EMU CREEK AT SKIPTON,589007,Water Level,589007.1.H,9685,1
Mount Felix,14950,Battery,14950.1.B.1153,295,1
Mount Felix,14950,Rainfall,14950.1.R.1152,295,2
Mount Felix,14950,Rainfall Increment,14950.1.R.1152,295,3
MOUNT FRANKLAND,509548,Water Level,509548.1.H,10789,1
MOUNT GEORGE (MANNING RIVER),60117,Water Level,60117.1.H,5989,2
MOUNT GEORGE (MANNING RIVER),60117,Rainfall Increment,60117.1.R,5989,3
Mount Granya Fire Tower,582042,Battery,582042.1.B.934,4858,1
MOUNT GREGORY RAIN GAUGE,586013,Rainfall,586013.1.R,12086,1
MOUNT GREGORY RAIN GAUGE,586013,Rainfall Increment,586013.1.R,12086,2
Mount Hardey,10132,Rainfall,10132.1.R.6089,4426,1
Mount Hardey,10132,Battery,10132.1.B.6088,4426,2
Mount Hardey,10132,Rainfall Increment,10132.1.R.6089,4426,3
Mount Hickey,88139,Battery,88139.1.B.400,4662,1
Mount Hobbs (Fire Tower),94253,Battery,94253.1.B.740,4302,1
MOUNT HOPE CK @ MITIAMO,580008,Water Level,580008.1.H,9287,1
MOUNT HOPE RAIN GAUGE,587036,Rainfall,587036.1.R,12061,1
MOUNT HOPE RAIN GAUGE,587036,Rainfall Increment,587036.1.R,12061,2
MOUNT HORSFALL RAIN GAUGE,586066,Rainfall,586066.1.R,12091,1
MOUNT HORSFALL RAIN GAUGE,586066,Rainfall Increment,586066.1.R,12091,2
Mount House Airstrip,3098,Rainfall,3098.1.R,4348,1
Mount House Airstrip,3098,Battery,3098.1.B,4348,2
Mount House Airstrip,3098,Rainfall Increment,3098.1.R,4348,3
MOUNT HUNTER (NEPEAN RIVER),568151,Water Level,568151.1.H,5285,1
MOUNT IDA CREEK AT DERRINAL,581030,Water Level,581030.1.H,9361,1
MOUNT JOSEPH,503008,Water Level,503008.1.H,10409,2
MOUNT JOSEPH,503008,Rainfall Increment,503008.1.R,10409,3
MOUNT JULIET RAIN GAUGE,586073,Rainfall,586073.1.R,12092,1
MOUNT JULIET RAIN GAUGE,586073,Rainfall Increment,586073.1.R,12092,2
MOUNT KEMBLA,568184,Rainfall Increment,568184.1.R,5929,2
Mount Krauss,2043,Rainfall,2043.1.R,4337,1
Mount Krauss,2043,Battery,2043.1.B,4337,2
Mount Krauss,2043,Rainfall Increment,2043.1.R,4337,3
MOUNT KRAUSS,502005,Water Level,502005.1.H,10367,2
MOUNT KRAUSS,502005,Rainfall Increment,502005.1.R,10367,3
MOUNT LINDESAY,509017,Water Level,509017.1.H,10555,1
Mount Lloyd,515006,Battery,515006.1.B.4826,307,1
Mount Lloyd,515006,Rainfall,515006.1.R.4825,307,2
Mount Lloyd,515006,Rainfall Increment,515006.1.R.4825,307,3
Mount Lloyd Road,595026,Battery,595026.1.B.705,4320,1
Mount Lloyd Road,595026,Rainfall,595026.1.R.704,4320,2
Mount Lloyd Road,595026,Rainfall Increment,595026.1.R.704,4320,3
Mount Lurg Firetower,582029,Battery,582029.1.B.424,4639,1
MOUNT MACEDON RAIN GAUGE,587118,Rainfall,587118.1.R,12034,1
MOUNT MACEDON RAIN GAUGE,587118,Rainfall Increment,587118.1.R,12034,2
Mount Mcleod Firetower,84154,Battery,84154.1.B.4949,4774,1
MOUNT MEE TM,540588,Rainfall Increment,540588.0.R,6965,2
Mount Mittamatite Fire Tower,582043,Battery,582043.1.B.932,4857,1
Mount Moornapa,85296,Battery,85296.1.B.4907,4636,1
MOUNT MULLIGAN TM,531144,Rainfall,531144.0.R,10001,1
MOUNT MULLIGAN TM,531144,Rainfall Increment,531144.0.R,10001,2
Mount Murray (Rep),92150,Battery,92150.1.B.741,4287,1
MOUNT NANCAR,514911,Water Level,514911.1.H,7373,2
MOUNT NANCAR,514911,Rainfall Increment,514911.1.R,7373,3
Mount Noddy,10129,Rainfall,10129.1.R.6087,4425,1
Mount Noddy,10129,Battery,10129.1.B.6086,4425,2
Mount Noddy,10129,Rainfall Increment,10129.1.R.6087,4425,3
Mount Palmer,61419,Battery,61419.1.B.3737,1296,1
Mount Palmer,61419,Rainfall,61419.1.R.3736,1296,2
Mount Palmer,61419,Rainfall Increment,61419.1.R.3736,1296,3
MOUNT PLEASANT (PARRISH AVE),568229,Rainfall Increment,568229.1.R,5955,2
MOUNT PLEASANT CK @ RUNNYMEDE,581017,Water Level,581017.1.H,9345,1
MOUNT PLEASANT CK @ RUNNYMEDE,581017,Rainfall,581017.2.R,9345,2
MOUNT PLEASANT CK @ RUNNYMEDE,581017,Rainfall Increment,581017.2.R,9345,3
Mount Porepunkah,83089,Battery,83089.1.B.133,4660,1
MOUNT ROB,502046,Rainfall Increment,502046.1.R,10399,2
MOUNT SABINE,90183,Rainfall,90183.1.R,9863,1
MOUNT SABINE,90183,Rainfall Increment,90183.1.R,9863,2
MOUNT SAINT LEONARD RAIN GAUGE,586183,Rainfall,586183.2.R,12098,1
MOUNT SAINT LEONARD RAIN GAUGE,586183,Rainfall Increment,586183.2.R,12098,2
Mount Sandon,55322,Battery,55322.2.B.3633,1143,1
Mount Sandon,55322,Rainfall,55322.2.R.3634,1143,2
Mount Sandon,55322,Rainfall Increment,55322.2.R.3634,1143,3
Mount Seymour,93049,Battery,93049.1.B.753,4296,1
Mount Seymour,93049,Rainfall,93049.1.R.752,4296,2
Mount Seymour,93049,Rainfall Increment,93049.1.R.752,4296,3
Mount Solus,9260,Rainfall,9260.1.R.5993,4391,1
Mount Solus,9260,Battery,9260.1.B.5992,4391,2
Mount Solus,9260,Rainfall Increment,9260.1.R.5993,4391,3
MOUNT ST JOHN,592022,Rainfall Increment,592022.1.R,8751,2
Mount Stow,14972,Battery,14972.1.B.1157,300,1
Mount Stow,14972,Rainfall,14972.1.R.1156,300,2
Mount Stow,14972,Rainfall Increment,14972.1.R.1156,300,3
Mount Tabletop,82142,Rainfall,82142.1.R.457,4504,1
Mount Tabletop,82142,Battery,82142.1.B.458,4504,2
Mount Tabletop,82142,Rainfall Increment,82142.1.R.457,4504,3
Mount Tambortha,85288,Rainfall,85288.1.R.4828,4635,1
Mount Tambortha,85288,Battery,85288.1.B.4829,4635,2
Mount Tambortha,85288,Rainfall Increment,85288.1.R.4828,4635,3
MOUNT TASSIE,585186,Rainfall,585186.2.R,9553,1
MOUNT TASSIE,585186,Rainfall Increment,585186.2.R,9553,2
Mount Tassie NTVS,585186,Rainfall,585186.1.R.4867,4523,1
Mount Tassie NTVS,585186,Battery,585186.1.B.4868,4523,2
Mount Tassie NTVS,585186,Rainfall Increment,585186.1.R.4867,4523,3
Mount Useful,85021,Rainfall,85021.1.R.4800,4634,1
Mount Useful,85021,Battery,85021.1.B.4801,4634,2
Mount Useful,85021,Rainfall Increment,85021.1.R.4800,4634,3
Mount Waldron Fire Tower,584037,Battery,584037.1.B.4974,4832,1
Mount Waldron Fire Tower,584037,Rainfall,584037.1.R.4973,4832,2
Mount Waldron Fire Tower,584037,Rainfall Increment,584037.1.R.4973,4832,3
MOUNT WALKER (FARMERS CREEK),563099,Water Level,563099.1.H,5253,2
MOUNT WALKER (FARMERS CREEK),563099,Rainfall Increment,563099.1.R,5253,3
Mount Wellington,85304,Rainfall,85304.1.R.4826,4637,1
Mount Wellington,85304,Battery,85304.1.B.4827,4637,2
Mount Wellington,85304,Rainfall Increment,85304.1.R.4826,4637,3
MOUNT WELLINGTON,85304,Rainfall,85304.2.R,9829,1
MOUNT WELLINGTON,85304,Rainfall Increment,85304.2.R,9829,2
Mount Werong,563050,Battery,563050.1.B.3097,1689,1
Mount Werong,563050,Rainfall,563050.1.R.3098,1689,2
Mount Werong,563050,Rainfall Increment,563050.1.R.3098,1689,3
Mount Westdale,10920,Rainfall,10920.1.R.6091,4443,1
Mount Westdale,10920,Battery,10920.1.B.6090,4443,2
Mount Westdale,10920,Rainfall Increment,10920.1.R.6091,4443,3
Mount William,109501,Rainfall,109501.1.R.5991,4446,1
Mount William,109501,Battery,109501.1.B.5990,4446,2
Mount William,109501,Rainfall Increment,109501.1.R.5991,4446,3
Mount William AWS,79103,Battery,79103.2.B.5901,4701,1
Mount William Ck at Lake Lonsdale,579002,Water Level,579002.1.H.5924,4708,1
Mount William Ck at Lake Lonsdale,579002,Battery,579002.1.B.5925,4708,2
Mount William Ck at Lake Lonsdale,579002,Conductivity,579002.1.C.5926,4708,3
Mount William Ck at Lake Lonsdale,579002,Water Temperature,579002.1.WT.5927,4708,4
Mount Winifred,2022,Rainfall,2022.1.R,4334,1
Mount Winifred,2022,Battery,2022.1.B,4334,2
Mount Winifred,2022,Rainfall Increment,2022.1.R,4334,3
Mount Wombat,582035,Rainfall,582035.1.R.498,4518,1
Mount Wombat,582035,Battery,582035.1.B.499,4518,2
Mount Wombat,582035,Battery,582035.2.B.468,4518,3
Mount Wombat,582035,Rainfall,582035.2.R.467,4518,4
Mount Wombat,582035,Rainfall Increment,582035.1.R.498,4518,5
Mount Wombat,582035,Rainfall Increment,582035.2.R.467,4518,6
MOUNTAIN BRIDGE,508032,Water Level,508032.1.H,10525,2
MOUNTAIN BRIDGE,508032,Rainfall Increment,508032.1.R,10525,3
Mountain Ck AL,540220,Water Level,540220.0.H.6412,2812,1
Mountain Ck AL,540220,Rainfall,540220.0.R.6410,2812,2
Mountain Ck AL,540220,Battery,540220.0.B.6411,2812,3
Mountain Ck AL,540220,Rainfall Increment,540220.0.R.6410,2812,4
MOUNTAIN RIVER 600M UPSTREAM HUON RIVER,594019,Water Level,594019.1.H,8765,1
Mountain Station Creek AL,541082,Water Level,541082.0.H.5712,3257,1
Mountain Station Creek AL,541082,Rainfall,541082.0.R.5711,3257,2
Mountain Station Creek AL,541082,Battery,541082.0.B.5713,3257,3
Mountain Station Creek AL,541082,Rainfall Increment,541082.0.R.5711,3257,4
MOUNTAIN VIEW (MT LANDSBOROUGH) TM,537019,Rainfall,537019.0.R,10175,1
MOUNTAIN VIEW (MT LANDSBOROUGH) TM,537019,Rainfall Increment,537019.0.R,10175,2
Mountview (Shoalhaven River),569019,Water Level,569019.1.H.7006,1804,1
Mountview (Shoalhaven River),569019,Battery,569019.1.B.3365,1804,2
Mountview (Shoalhaven River),569019,Rainfall,569019.1.R.7007,1804,3
Mountview (Shoalhaven River),569019,Rainfall Increment,569019.1.R.7007,1804,4
MOUNTVIEW (SHOALHAVEN RIVER),569019,Water Level,569019.2.H,5331,2
MOUNTVIEW (SHOALHAVEN RIVER),569019,Rainfall Increment,569019.2.R,5331,3
MOURA WEIR TM,539081,Water Level,539081.0.H,7217,1
MOURILYAN BORE TM,532098,Rainfall Increment,532098.0.R,6433,2
Mourilyan Harbour Tide AL,532024,Water Level,532024.0.H.2580,2274,1
Mourilyan Harbour Tide AL,532024,Battery,532024.0.B.2581,2274,2
Mourilyan Mill AL,532025,Water Level,532025.0.H.2578,2275,1
Mourilyan Mill AL,532025,Rainfall,532025.0.R.2577,2275,2
Mourilyan Mill AL,532025,Battery,532025.0.B.2579,2275,3
Mourilyan Mill AL,532025,Rainfall Increment,532025.0.R.2577,2275,4
MOURILYAN TIDE TM,532018,Water Level,532018.0.H,5179,1
Moy Pocket AL,540330,Water Level,540330.0.H.6479,2892,1
Moy Pocket AL,540330,Rainfall,540330.0.R.6477,2892,2
Moy Pocket AL,540330,Battery,540330.0.B.6478,2892,3
Moy Pocket AL,540330,Rainfall Increment,540330.0.R.6477,2892,4
MOY POCKET TM,40814,Water Level,40814.0.H,6097,2
MOY POCKET TM,40814,Rainfall Increment,40814.0.R,6097,3
Moyallen AL,544054,Rainfall,544054.0.R.4244,3387,1
Moyallen AL,544054,Battery,544054.0.B.4245,3387,2
Moyallen AL,544054,Rainfall Increment,544054.0.R.4244,3387,3
MOYNE R @ TOOLONG,590009,Water Level,590009.1.H,9719,1
MOYNE RIVER AT GIPPS ST BRIDGE,590017,Water Level,590017.1.H,9731,1
MOYNE RIVER AT WILLATOOK,590022,Rainfall,590022.1.R,9737,1
MOYNE RIVER AT WILLATOOK,590022,Water Level,590022.1.H,9737,2
MOYNE RIVER AT WILLATOOK,590022,Rainfall Increment,590022.1.R,9737,3
MT ADAM RAIN (DEW),523050,Rainfall Increment,523050.1.R,8931,2
MT ADRAH (HILLAS CREEK),572007,Water Level,572007.1.H,8209,1
Mt Alford AL,540456,Rainfall,540456.0.R.5356,2976,1
Mt Alford AL,540456,Battery,540456.0.B.5357,2976,2
Mt Alford AL,540456,Rainfall Increment,540456.0.R.5356,2976,3
Mt Arthur Summit (Rep),91338,Rainfall,91338.1.R.610,4276,1
Mt Arthur Summit (Rep),91338,Battery,91338.1.B.609,4276,2
Mt Arthur Summit (Rep),91338,Rainfall Increment,91338.1.R.610,4276,3
MT BARKER CK US BREMER (DEW),524517,Water Level,524517.1.H,9059,1
MT BARKER EFFLUENT PONDS (DEW),523781,Rainfall Increment,523781.1.R,9007,2
MT BARNEY TM,540578,Rainfall Increment,540578.0.R,6945,2
Mt Barrow,91198,Rainfall,91198.1.R.602,4266,1
Mt Barrow,91198,Battery,91198.1.B.603,4266,2
Mt Barrow,91198,Rainfall Increment,91198.1.R.602,4266,3
Mt Barrow,91198,Battery,91198.1.B.903,4266,4
Mt Barrow,91198,Rainfall,91303.1.R.902,4266,5
Mt Beatrice AL,539212,Rainfall,539212.0.R.4783,2651,1
Mt Beatrice AL,539212,Battery,539212.0.B.4784,2651,2
Mt Beatrice AL,539212,Rainfall Increment,539212.0.R.4783,2651,3
Mt Beevor South ,24591,Battery,24591.1.B.5432,1957,1
Mt Beevor South ,24591,Rainfall,24591.1.R.5433,1957,2
Mt Beevor South ,24591,Rainfall Increment,24591.1.R.5433,1957,3
Mt Berryman Rd AL,540718,Rainfall,540718.0.R.4068,3165,1
Mt Berryman Rd AL,540718,Battery,540718.0.B.4069,3165,2
Mt Berryman Rd AL,540718,Rainfall Increment,540718.0.R.4068,3165,3
Mt Bilewilam AL,540307,Rainfall,540307.0.R.6916,2871,1
Mt Bilewilam AL,540307,Battery,540307.0.B.6917,2871,2
Mt Bilewilam AL,540307,Rainfall Increment,540307.0.R.6916,2871,3
Mt Binga AL,540494,Rainfall,540494.0.R.6601,3012,1
Mt Binga AL,540494,Rainfall Increment,540494.0.R.6601,3012,2
Mt Bohle AL,532053,Water Level,532053.0.H.2733,2300,1
Mt Bohle AL,532053,Rainfall,532053.0.R.2732,2300,2
Mt Bohle AL,532053,Battery,532053.0.B.2734,2300,3
Mt Bohle AL,532053,Rainfall Increment,532053.0.R.2732,2300,4
MT BOLD RESV (SAW),523765,Water Level,523765.1.H,5533,1
MT BOWMAN TM,541149,Rainfall Increment,541149.0.R,7049,2
MT BRADLEY TM,532086,Water Level,532086.0.H,6423,2
MT BRADLEY TM,532086,Rainfall Increment,532086.0.R,6423,3
MT BRIDGET TM,533091,Water Level,533091.0.H,6487,2
MT BRIDGET TM,533091,Rainfall Increment,533091.0.R,6487,3
Mt Brigalow AL,541045,Rainfall,541045.0.R.6104,3245,1
Mt Brigalow AL,541045,Battery,541045.0.B.6105,3245,2
Mt Brigalow AL,541045,Rainfall Increment,541045.0.R.6104,3245,3
Mt Buggery,583012,Battery,583012.1.B.108,4779,1
Mt Buggery,583012,Battery,583012.2.B.107,4779,2
Mt Burrabaranga AL,541116,Rainfall,541116.0.R.4504,3282,1
Mt Burrabaranga AL,541116,Battery,541116.0.B.4505,3282,2
Mt Burrabaranga AL,541116,Rainfall Increment,541116.0.R.4504,3282,3
MT BYRON TM,540560,Water Level,540560.0.H,6941,2
MT BYRON TM,540560,Rainfall Increment,540560.0.R,6941,3
Mt Calder AL,536011,Rainfall,536011.0.R.4614,2564,1
Mt Calder AL,536011,Battery,536011.0.B.4615,2564,2
Mt Calder AL,536011,Rainfall Increment,536011.0.R.4614,2564,3
Mt Castle AL,540171,Rainfall,540171.0.R.6619,2784,1
Mt Castle AL,540171,Rainfall Increment,540171.0.R.6619,2784,2
MT CHRISTIAN TM,533097,Rainfall,533097.0.R,6499,1
MT CHRISTIAN TM,533097,Water Level,533097.0.H,6499,2
MT CHRISTIAN TM,533097,Rainfall Increment,533097.0.R,6499,3
Mt Cookem,563030,Battery,563030.1.B.3093,1681,1
Mt Coot-tha AL,540117,Rainfall,540117.0.R.1512,2735,1
Mt Coot-tha AL,540117,Battery,540117.0.B.1567,2735,2
Mt Coot-tha AL,540117,Rainfall Increment,540117.0.R.1512,2735,3
Mt Cotton West AL,540380,Rainfall,540380.0.R.1911,2931,1
Mt Cotton West AL,540380,Battery,540380.0.B.1912,2931,2
Mt Cotton West AL,540380,Rainfall Increment,540380.0.R.1911,2931,3
Mt Crosby AL,540199,Water Level,540199.0.H.6752,2802,1
Mt Crosby AL,540199,Rainfall,540199.0.R.6751,2802,2
Mt Crosby AL,540199,Rainfall Increment,540199.0.R.6751,2802,3
MT CROSBY TM,40818,Water Level,40818.0.H,10233,2
MT CROSBY TM,40818,Rainfall Increment,40818.0.R,10233,3
Mt Dangar AL,33267,Water Level,33267.0.H.2628,2040,1
Mt Dangar AL,33267,Rainfall,33267.0.R.2625,2040,2
Mt Dangar AL,33267,Battery,33267.0.B.2624,2040,3
Mt Dangar AL,33267,Rainfall Increment,33267.0.R.2625,2040,4
MT DESOLATION TM,530060,Rainfall,530060.0.R,9983,1
MT DESOLATION TM,530060,Rainfall Increment,530060.0.R,9983,2
MT DRIVEN TM,542035,Rainfall,542035.0.R,9159,1
MT DRIVEN TM,542035,Water Level,542035.0.H,9159,2
MT DRIVEN TM,542035,Rainfall Increment,542035.0.R,9159,3
Mt Elliot AL,540305,Rainfall,540305.0.R.6914,2869,1
Mt Elliot AL,540305,Battery,540305.0.B.6915,2869,2
Mt Elliot AL,540305,Rainfall Increment,540305.0.R.6914,2869,3
MT ELLIOT(MHL),561084,Rainfall Increment,561084.1.R,5777,2
MT EMU CK @ DRIDENS,589015,Water Level,589015.1.H,9697,1
MT EMU CREEK AT GUTHRIES BRIDGE,589010,Water Level,589010.1.H,9691,1
MT EMU PLAINS TM,530012,Water Level,530012.0.H,6277,2
MT EMU PLAINS TM,530012,Rainfall Increment,530012.0.R,6277,3
MT ENNISKILLEN TM,535208,Rainfall,535208.0.R,10125,1
MT ENNISKILLEN TM,535208,Water Level,535208.0.H,10125,2
MT ENNISKILLEN TM,535208,Rainfall Increment,535208.0.R,10125,3
MT EWAN TM,533136,Rainfall Increment,533136.0.R,6543,2
Mt Fort William AL,539177,Rainfall,539177.0.R.711,2616,1
Mt Fort William AL,539177,Battery,539177.0.B.712,2616,2
Mt Fort William AL,539177,Rainfall Increment,539177.0.R.711,2616,3
Mt Frederick (Rep),597503,Battery,597503.1.B.560,4328,1
MT FULLSTOP TM,532016,Water Level,532016.0.H,6401,2
MT FULLSTOP TM,532016,Rainfall Increment,532016.0.R,6401,3
Mt Garnet AL,31196,Rainfall,31196.0.R.6066,2011,1
Mt Garnet AL,31196,Battery,31196.0.B.6067,2011,2
Mt Garnet AL,31196,Rainfall Increment,31196.0.R.6066,2011,3
Mt Gayndah AL,539180,Rainfall,539180.0.R.812,2619,1
Mt Gayndah AL,539180,Battery,539180.0.B.813,2619,2
Mt Gayndah AL,539180,Rainfall Increment,539180.0.R.812,2619,3
Mt Glorious AL-B,540184,Repeater,540184.1.RP.6503,2792,1
Mt Glorious AL-B,540184,Repeater,540184.2.RP.6505,2792,2
Mt Glorious AL-B,540184,Repeater,540184.0.RP.6500,2792,3
Mt Glorious AL-P,540138,Rainfall,540138.0.R.6680,2752,1
Mt Glorious AL-P,540138,Repeater,540138.0.RP.6686,2752,2
Mt Glorious AL-P,540138,Rainfall Increment,540138.0.R.6680,2752,3
Mt Goonaneman AL,540641,Rainfall,540641.0.R.4702,3096,1
Mt Goonaneman AL,540641,Battery,540641.0.B.4703,3096,2
Mt Goonaneman AL,540641,Rainfall Increment,540641.0.R.4702,3096,3
Mt Gravatt AL,40790,Rainfall,40790.0.R.2138,2099,1
Mt Gravatt AL,40790,Battery,40790.0.B.2137,2099,2
Mt Gravatt AL,40790,Rainfall Increment,40790.0.R.2138,2099,3
Mt Gravatt Lookout AL,540108,Battery,540108.0.B.1901,2728,1
Mt Gravatt Lookout AL,540108,Repeater,540108.0.RP.1900,2728,2
Mt Harden AL,536010,Rainfall,536010.0.R.4610,2563,1
Mt Harden AL,536010,Battery,536010.0.B.4611,2563,2
Mt Harden AL,536010,Rainfall Increment,536010.0.R.4610,2563,3
Mt Hopeful AL,539167,Rainfall,539167.0.R.4498,2606,1
Mt Hopeful AL,539167,Battery,539167.0.B.4499,2606,2
Mt Hopeful AL,539167,Rainfall Increment,539167.0.R.4498,2606,3
Mt Horrocks ,23147,Rainfall,23147.1.R.5298,1898,1
Mt Horrocks ,23147,Battery,23147.1.B.5297,1898,2
Mt Horrocks ,23147,Rainfall Increment,23147.1.R.5298,1898,3
Mt Joseph TM,40868,Rainfall,40868.0.R,2118,1
Mt Joseph TM,40868,Battery,40868.0.B,2118,2
Mt Joseph TM,40868,Rainfall Increment,40868.0.R,2118,3
Mt Joss AL,533191,Rainfall,533191.0.R.1151,2420,1
Mt Joss AL,533191,Battery,533191.0.B.1152,2420,2
Mt Joss AL,533191,Rainfall Increment,533191.0.R.1151,2420,3
Mt Kanigan AL,40892,Rainfall,40892.0.R.5623,2129,1
Mt Kanigan AL,40892,Battery,40892.0.B.5624,2129,2
Mt Kanigan AL,40892,Rainfall Increment,40892.0.R.5623,2129,3
Mt Kelly AL,533109,Rainfall,533109.0.R.2933,2391,1
Mt Kelly AL,533109,Battery,533109.0.B.2934,2391,2
Mt Kelly AL,533109,Rainfall Increment,533109.0.R.2933,2391,3
Mt Kilcoy Weir AL,538013,Water Level,538013.0.H.6720,11359,1
Mt Lawless AL,539151,Water Level,539151.0.H.4723,2592,1
Mt Lawless AL,539151,Rainfall,539151.0.R.4722,2592,2
Mt Lawless AL,539151,Battery,539151.0.B.4724,2592,3
Mt Lawless AL,539151,Rainfall Increment,539151.0.R.4722,2592,4
MT LAWLESS TM,39193,Water Level,39193.0.H,6059,2
MT LAWLESS TM,39193,Rainfall Increment,39193.0.R,6059,3
Mt Lindsay AL,544037,Rainfall,544037.0.R.1011,3370,1
Mt Lindsay AL,544037,Battery,544037.0.B.1012,3370,2
Mt Lindsay AL,544037,Rainfall Increment,544037.0.R.1011,3370,3
MT LOFTY RAIN (DEW),523049,Rainfall Increment,523049.1.R,8929,2
Mt Lofty Repeater ,523734,Battery,523734.1.B.5000,1994,1
Mt Lowe AL,535128,Rainfall,535128.0.R.5995,2493,1
Mt Lowe AL,535128,Battery,535128.0.B.5996,2493,2
Mt Lowe AL,535128,Rainfall Increment,535128.0.R.5995,2493,3
MT MACDONALD (MURRUMBIDGEE RIVER),570017,Water Level,570017.1.H,5421,1
Mt Mackay AL,532069,Battery,532069.0.B.5232,2313,1
Mt Mackay AL,532069,Wind Gust,532069.0.WG.5231,2313,2
Mt Macquarie AL,535121,Rainfall,535121.0.R.4608,2486,1
Mt Macquarie AL,535121,Battery,535121.0.B.4609,2486,2
Mt Macquarie AL,535121,Rainfall Increment,535121.0.R.4608,2486,3
Mt Margaret AL,532042,Rainfall,532042.0.R.2724,2292,1
Mt Margaret AL,532042,Battery,532042.0.B.2725,2292,2
Mt Margaret AL,532042,Rainfall Increment,532042.0.R.2724,2292,3
Mt Marrow AL,540663,Rainfall,540663.0.R.4809,3115,1
Mt Marrow AL,540663,Battery,540663.0.B.4810,3115,2
Mt Marrow AL,540663,Rainfall Increment,540663.0.R.4809,3115,3
Mt Mary,24586,Battery,24586.1.B.5154,1955,1
Mt Mary,24586,Rainfall,24586.1.R.5155,1955,2
Mt Mary,24586,Rainfall Increment,24586.1.R.5155,1955,3
Mt Mayde AL,535080,Rainfall,535080.0.R.5920,2452,1
Mt Mayde AL,535080,Battery,535080.0.B.5921,2452,2
Mt Mayde AL,535080,Rainfall Increment,535080.0.R.5920,2452,3
MT MCKENZIE (DEW),523308,Rainfall Increment,523308.1.R,8953,1
MT MCKENZIE (DEW),523308,Water Level,523308.1.H,8953,2
Mt Mee AL-B,540246,Rainfall,540246.0.R.6701,2831,1
Mt Mee AL-B,540246,Rainfall Increment,540246.0.R.6701,2831,2
Mt Mee AL-P,540185,Rainfall,540185.0.R.6690,2793,1
Mt Mee AL-P,540185,Rainfall Increment,540185.0.R.6690,2793,2
Mt Moffatt AL,535177,Rainfall,535177.0.R.1198,2534,1
Mt Moffatt AL,535177,Battery,535177.0.B.1199,2534,2
Mt Moffatt AL,535177,Relative Humidity,535177.0.RH.1201,2534,3
Mt Moffatt AL,535177,Air Temperature,535177.0.AT.1200,2534,4
Mt Moffatt AL,535177,Rainfall Increment,535177.0.R.1198,2534,5
Mt Mongrel AL,539123,Rainfall,539123.0.R.4302,2565,1
Mt Mongrel AL,539123,Battery,539123.0.B.4303,2565,2
Mt Mongrel AL,539123,Rainfall Increment,539123.0.R.4302,2565,3
Mt Morris AL,544057,Water Level,544057.0.H.1064,3390,1
Mt Morris AL,544057,Rainfall,544057.0.R.1063,3390,2
Mt Morris AL,544057,Battery,544057.0.B.1065,3390,3
Mt Morris AL,544057,Rainfall Increment,544057.0.R.1063,3390,4
Mt Morriston,93052,Rainfall,93052.1.R.614,4298,1
Mt Morriston,93052,Water Level,93052.1.H.615,4298,2
Mt Morriston,93052,Battery,93052.1.B.616,4298,3
Mt Morriston,93052,Rainfall Increment,93052.1.R.614,4298,4
Mt Mowbullan AL,541046,Rainfall,541046.0.R.6100,3246,1
Mt Mowbullan AL,541046,Battery,541046.0.B.6101,3246,2
Mt Mowbullan AL,541046,Rainfall Increment,541046.0.R.6100,3246,3
Mt Mowbullan AL,541046,Repeater,541046,3246,4
Mt Nebo AL,540520,Rainfall,540520.0.R.6620,3031,1
Mt Nebo AL,540520,Rainfall Increment,540520.0.R.6620,3031,2
Mt Nimmel AL,540353,Rainfall,540353.0.R.2361,2915,1
Mt Nimmel AL,540353,Battery,540353.0.B.2362,2915,2
Mt Nimmel AL,540353,Rainfall Increment,540353.0.R.2361,2915,3
Mt Nowa Nowa,84144,Battery,84144.1.B.4943,4732,1
Mt Ogg AL,535123,Rainfall,535123.0.R.5987,2488,1
Mt Ogg AL,535123,Battery,535123.0.B.5988,2488,2
Mt Ogg AL,535123,Rainfall Increment,535123.0.R.5987,2488,3
Mt Panorama,563072,Battery,563072.1.B.7341,1692,1
Mt Panorama AL,535107,Water Level,535107.0.H.5982,2475,1
Mt Panorama AL,535107,Rainfall,535107.0.R.5981,2475,2
Mt Panorama AL,535107,Battery,535107.0.B.5983,2475,3
Mt Panorama AL,535107,Rainfall Increment,535107.0.R.5981,2475,4
Mt Pechey AL,541057,Rainfall,541057.0.R.6511,3249,1
Mt Pechey AL,541057,Battery,541057.0.B.6512,3249,2
Mt Pechey AL,541057,Repeater,541057.0.RP.6513,3249,3
Mt Pechey AL,541057,Rainfall Increment,541057.0.R.6511,3249,4
Mt Perry AL,539158,Rainfall,539158.0.R.4736,2599,1
Mt Perry AL,539158,Battery,539158.0.B.4737,2599,2
Mt Perry AL,539158,Rainfall Increment,539158.0.R.4736,2599,3
Mt Petersen AL,540525,Rainfall,540525.0.R.4000,3036,1
Mt Petersen AL,540525,Battery,540525.0.B.4001,3036,2
Mt Petersen AL,540525,Rainfall Increment,540525.0.R.4000,3036,3
Mt Piccaninny AL,533055,Water Level,533055.0.H.6323,2365,1
Mt Piccaninny AL,533055,Rainfall,533055.0.R.6320,2365,2
Mt Piccaninny AL,533055,Battery,533055.0.B.6321,2365,3
Mt Piccaninny AL,533055,Rainfall Increment,533055.0.R.6320,2365,4
MT PICCANINNY TM,533027,Water Level,533027.0.H,6471,2
MT PICCANINNY TM,533027,Rainfall Increment,533027.0.R,6471,3
Mt Piddington,568158,Battery,568158.1.B.3102,1774,1
Mt Pinnacle AL,533121,Battery,533121.0.B.5027,2397,1
Mt Pinnacle AL,533121,Repeater,533121.0.RP.5026,2397,2
Mt Pisgah AL,535147,Rainfall,535147.0.R.4650,2512,1
Mt Pisgah AL,535147,Battery,535147.0.B.4651,2512,2
Mt Pisgah AL,535147,Rainfall Increment,535147.0.R.4650,2512,3
Mt Playfair AL,535219,Rainfall,535219.0.R.1233,2558,1
Mt Playfair AL,535219,Battery,535219.0.B.1234,2558,2
Mt Playfair AL,535219,Rainfall Increment,535219.0.R.1233,2558,3
Mt Pleasant (Baxter Dv) AL,533204,Water Level,533204.0.H.5070,2428,1
Mt Pleasant (Baxter Dv) AL,533204,Rainfall,533204.0.R.5069,2428,2
Mt Pleasant (Baxter Dv) AL,533204,Battery,533204.0.B.5071,2428,3
Mt Pleasant (Baxter Dv) AL,533204,Rainfall Increment,533204.0.R.5069,2428,4
MT PLEASANT (DEW),523778,Water Level,523778.1.H,9001,2
MT PLEASANT (DEW),523778,Rainfall Increment,523778.1.R,9001,3
Mt Pleasant (Rolleston) AL,535204,Rainfall,535204.0.R.1202,2549,1
Mt Pleasant (Rolleston) AL,535204,Battery,535204.0.B.1203,2549,2
Mt Pleasant (Rolleston) AL,535204,Rainfall Increment,535204.0.R.1202,2549,3
MT PLEASANT (SAW),523732,Rainfall,523732.1.R,5519,1
MT PLEASANT (SAW),523732,Water Level,523732.1.H,5519,2
MT PLEASANT (SAW),523732,Rainfall Increment,523732.1.R,5519,3
Mt Pleasant AL,33290,Rainfall,33290.0.R.2930,2048,1
Mt Pleasant AL,33290,Battery,33290.0.B.2929,2048,2
Mt Pleasant AL,33290,Rainfall Increment,33290.0.R.2930,2048,3
Mt Pleasant WTP,24590,Battery,24590.1.B.5591,1956,1
Mt Pleasant WTP,24590,Rainfall,24590.1.R.5592,1956,2
Mt Pleasant WTP,24590,Rainfall Increment,24590.1.R.5592,1956,3
MT QUINCAN TM,530034,Rainfall Increment,530034.0.R,6289,2
Mt Rawdon AL,539147,Water Level,539147.0.H.4711,2588,1
Mt Rawdon AL,539147,Rainfall,539147.0.R.4710,2588,2
Mt Rawdon AL,539147,Battery,539147.0.B.4712,2588,3
Mt Rawdon AL,539147,Rainfall Increment,539147.0.R.4710,2588,4
MT RAWDON TM,539094,Water Level,539094.0.H,6757,2
MT RAWDON TM,539094,Rainfall Increment,539094.0.R,6757,3
MT ROY TM,533099,Water Level,533099.0.H,6503,2
MT ROY TM,533099,Rainfall Increment,533099.0.R,6503,3
Mt Rufus (Dutton) ,23379,Rainfall,23379.1.R.5157,1908,1
Mt Rufus (Dutton) ,23379,Battery,23379.1.B.5156,1908,2
Mt Rufus (Dutton) ,23379,Rainfall Increment,23379.1.R.5157,1908,3
Mt Samson Rd AL,540447,Rainfall,540447.0.R.1985,2968,1
Mt Samson Rd AL,540447,Battery,540447.0.B.1986,2968,2
Mt Samson Rd AL,540447,Rainfall Increment,540447.0.R.1985,2968,3
MT SEAVIEW (HASTINGS RIVER),560002,Water Level,560002.1.H,7895,1
Mt Seaview AL,539128,Rainfall,539128.0.R.4318,2570,1
Mt Seaview AL,539128,Battery,539128.0.B.4319,2570,2
Mt Seaview AL,539128,Rainfall Increment,539128.0.R.4318,2570,3
Mt Sir Charles,515509,Battery,515509.1.B.4833,313,1
Mt Sir Charles,515509,Rainfall,515509.1.R.4832,313,2
Mt Sir Charles,515509,Rainfall Increment,515509.1.R.4832,313,3
MT SPENCER TM,533120,Rainfall Increment,533120.0.R,6525,2
MT ST GWINEAR RAIN GAUGE,585076,Rainfall,585076.1.R,12275,1
MT ST GWINEAR RAIN GAUGE,585076,Rainfall Increment,585076.1.R,12275,2
Mt St Leonard (Repeater),586183,Rainfall,586183.1.R.1320,4562,1
Mt St Leonard (Repeater),586183,Battery,586183.1.B.1318,4562,2
Mt St Leonard (Repeater),586183,Rainfall Increment,586183.1.R.1320,4562,3
Mt Stanley AL,540488,Rainfall,540488.0.R.6612,3006,1
Mt Stanley AL,540488,Rainfall Increment,540488.0.R.6612,3006,2
Mt Stradbroke AL,540733,Rainfall,540733.0.R.6531,3177,1
Mt Stradbroke AL,540733,Rainfall Increment,540733.0.R.6531,3177,2
Mt Stuart AL,532038,Battery,532038.1.B.2701,2288,1
Mt Stuart AL,532038,Battery,532038.2.B.2703,2288,2
Mt Stuart AL,532038,Battery,532038.3.B.2797,2288,3
Mt Stuart AL,532038,Battery,532038.4.B.2799,2288,4
Mt Stuart AL,532038,Repeater,532038.2.RP.2702,2288,5
Mt Stuart AL,532038,Repeater,532038.3.RP.2796,2288,6
Mt Stuart AL,532038,Repeater,532038.4.RP.2798,2288,7
Mt Stuart AL,532038,Repeater,532038.1.RP.2700,2288,8
Mt Sugarloaf AL,540455,Rainfall,540455.0.R.5358,2975,1
Mt Sugarloaf AL,540455,Battery,540455.0.B.5359,2975,2
Mt Sugarloaf AL,540455,Rainfall Increment,540455.0.R.5358,2975,3
Mt Sunday,83093,Battery,83093.1.B.4835,4772,1
Mt Sunday,83093,Rainfall,83093.1.R.4834,4772,2
Mt Sunday,83093,Rainfall Increment,83093.1.R.4834,4772,3
MT SURPRISE TM,530008,Water Level,530008.0.H,6271,2
MT SURPRISE TM,530008,Rainfall Increment,530008.0.R,6271,3
Mt Sylvia AL,540571,Rainfall,540571.0.R.4039,3064,1
Mt Sylvia AL,540571,Battery,540571.0.B.4040,3064,2
Mt Sylvia AL,540571,Rainfall Increment,540571.0.R.4039,3064,3
Mt Tabor AL,535171,Rainfall,535171.0.R.1030,2529,1
Mt Tabor AL,535171,Battery,535171.0.B.1031,2529,2
Mt Tabor AL,535171,Rainfall Increment,535171.0.R.1030,2529,3
Mt Tabor North AL,535168,Rainfall,535168.0.R.1017,2526,1
Mt Tabor North AL,535168,Battery,535168.0.B.1018,2526,2
Mt Tabor North AL,535168,Rainfall Increment,535168.0.R.1017,2526,3
Mt Tamborine AL,40335,Rainfall,40335.0.R.2275,2087,1
Mt Tamborine AL,40335,Battery,40335.0.B.2276,2087,2
Mt Tamborine AL,40335,Rainfall Increment,40335.0.R.2275,2087,3
Mt Tinbeerwah AL,540328,Rainfall,540328.0.R.6920,2890,1
Mt Tinbeerwah AL,540328,Battery,540328.0.B.6921,2890,2
Mt Tinbeerwah AL,540328,Rainfall Increment,540328.0.R.6920,2890,3
Mt Torrens ,24579,Rainfall,24579.1.R.5570,1952,1
Mt Torrens ,24579,Battery,24579.1.B.5569,1952,2
Mt Torrens ,24579,Rainfall Increment,24579.1.R.5570,1952,3
Mt Victoria,91194,Battery,91194.1.B.630,4265,1
Mt Victoria,91194,Rainfall,91194.1.R.629,4265,2
Mt Victoria,91194,Rainfall Increment,91194.1.R.629,4265,3
MT VINCE EAST TM,533139,Rainfall Increment,533139.0.R,6549,2
MT VINCE WEST TM,533112,Rainfall Increment,533112.0.R,6521,1
Mt Walsh AL,540650,Rainfall,540650.0.R.4742,3102,1
Mt Walsh AL,540650,Battery,540650.0.B.4743,3102,2
Mt Walsh AL,540650,Rainfall Increment,540650.0.R.4742,3102,3
Mt Watalgan AL,539145,Rainfall,539145.0.R.4700,2586,1
Mt Watalgan AL,539145,Battery,539145.0.B.4701,2586,2
Mt Watalgan AL,539145,Rainfall Increment,539145.0.R.4700,2586,3
MT WILLIAM CREEK @ D/S LAKE LONSDALE,579002,Water Level,579002.2.H,9243,1
MT WILLIAM TM,533132,Rainfall Increment,533132.0.R,6535,2
MT WINIFRED,502001,Water Level,502001.1.H,10363,2
MT WINIFRED,502001,Rainfall Increment,502001.1.R,10363,3
Mt Wolvi AL,540304,Rainfall,540304.0.R.6900,2868,1
Mt Wolvi AL,540304,Battery,540304.0.B.6901,2868,2
Mt Wolvi AL,540304,Rainfall Increment,540304.0.R.6900,2868,3
Muchea,9275,Rainfall,9275.1.R.6151,4396,1
Muchea,9275,Battery,9275.1.B.6150,4396,2
Muchea,9275,Rainfall Increment,9275.1.R.6151,4396,3
MUCKATAH CK NARING HALL RD,580023,Water Level,580023.1.H,9311,1
MUCKLEFORD CK @ MUCKLEFORD,588018,Rainfall,588018.1.R,9641,1
MUCKLEFORD CK @ MUCKLEFORD,588018,Water Level,588018.1.H,9641,2
MUCKLEFORD CK @ MUCKLEFORD,588018,Rainfall Increment,588018.1.R,9641,3
MUD SPRINGS,502002,Rainfall Increment,502002.1.R,10365,2
Mudgeeraba AL,540254,Water Level - AHD,540254.0.H.2233,2838,1
Mudgeeraba AL,540254,Rainfall,540254.0.R.2230,2838,2
Mudgeeraba AL,540254,Battery,540254.0.B.2229,2838,3
Mudgeeraba AL,540254,Rainfall Increment,540254.0.R.2230,2838,4
MUDGEERABA CK TM,540399,Water Level,540399.0.H,6879,1
Mueller Ridge (Lake Gordon),595500,Battery,595500.1.B.566,4322,1
Mueller Ridge (Lake Gordon),595500,Rainfall,595500.1.R.565,4322,2
Mueller Ridge (Lake Gordon),595500,Rainfall Increment,595500.1.R.565,4322,3
Mulgowie AL,540528,Water Level,540528.0.H.4010,3039,1
Mulgowie AL,540528,Rainfall,540528.0.R.4009,3039,2
Mulgowie AL,540528,Battery,540528.0.B.4011,3039,3
Mulgowie AL,540528,Rainfall Increment,540528.0.R.4009,3039,4
Mulgowie Rd AL,540723,Water Level,540723.0.H.4066,3170,1
Mulgowie Rd AL,540723,Rainfall,540723.0.R.4065,3170,2
Mulgowie Rd AL,540723,Battery,540723.0.B.4067,3170,3
Mulgowie Rd AL,540723,Rainfall Increment,540723.0.R.4065,3170,4
MULGOWIE TM,40835,Water Level,40835.0.H,6125,1
Mulla Crossing (Cockburn River),55321,Water Level,55321.2.H.3628,1142,1
Mulla Crossing (Cockburn River),55321,Battery,55321.1.B.3609,1142,2
Mulla Crossing (Cockburn River),55321,Rainfall,55321.2.R.3627,1142,3
Mulla Crossing (Cockburn River),55321,Rainfall Increment,55321.2.R.3627,1142,4
MULLA CROSSING (COCKBURN RIVER),55321,Water Level,55321.1.H,7665,1
Mullaley Post Office,55038,Battery,55038.1.B.3703,1129,1
Mullaley Post Office,55038,Rainfall,55038.1.R.3702,1129,2
Mullaley Post Office,55038,Rainfall Increment,55038.1.R.3702,1129,3
MULLET CK (ROSEDALE RD) TM,539256,Water Level,539256.0.H,10347,1
MULLUM MULLUM CREEK AT DONCASTER EAST,586185,Water Level,586185.1.H,12180,1
Mullumbimby -Federation Bridge(Brunswick River),558006,Water Level - AHD,558006.1.H.7551,1459,1
Mullumbimby -Federation Bridge(Brunswick River),558006,Battery,558006.1.B.7552,1459,2
MULLUMBIMBY (BRUNSWICK RIVER),558006,Water Level,558006.2.H,5543,1
Mullumbimby (Chincogan),558025,Battery,558025.1.B.7475,1472,1
Mullumbimby (Chincogan),558025,Rainfall,558025.1.R.7474,1472,2
Mullumbimby (Chincogan),558025,Rainfall Increment,558025.1.R.7474,1472,3
Mullumbimby (Upper Main Arm),558034,Battery,558034.1.B.7471,1478,1
Mullumbimby (Upper Main Arm),558034,Rainfall,558034.1.R.7470,1478,2
Mullumbimby (Upper Main Arm),558034,Rainfall Increment,558034.1.R.7470,1478,3
Mullumbimby Ck (Azalea St Bridge) ,558111,Water Level,558111.1.H.7709,1519,1
Mullumbimby Ck (Azalea St Bridge) ,558111,Battery,558111.1.B.7708,1519,2
Mullumbimby Creek (Mullumbimby Ck),558008,Water Level,558008.1.H.7561,1461,1
Mullumbimby Creek (Mullumbimby Ck),558008,Rainfall,558008.1.R.7560,1461,2
Mullumbimby Creek (Mullumbimby Ck),558008,Battery,558008.1.B.7562,1461,3
Mullumbimby Creek (Mullumbimby Ck),558008,Rainfall Increment,558008.1.R.7560,1461,4
MULYANDRY CREEK (LACHLAN RIVER),565010,Water Level,565010.1.H,8081,1
Mumballup Organics,109513,Rainfall,109513.1.R.6040,4450,1
Mumballup Organics,109513,Battery,109513.1.B.6039,4450,2
Mumballup Organics,109513,Rainfall Increment,109513.1.R.6040,4450,3
MUMMULGUM (BINGEEBEEBRA CREEK),558119,Rainfall Increment,558119.1.R,11453,1
MUNBURRA RD TM,533128,Rainfall Increment,533128.0.R,6529,2
MUNDARLO,573015,Rainfall Increment,573015.1.R,8275,2
MUNDAYS LANE (MARIA RIVER),560067,Water Level,560067.1.H,5707,2
MUNDAYS LANE (MARIA RIVER),560067,Rainfall Increment,560067.1.R,5707,3
MUNDIC GULLY TM,539109,Rainfall Increment,539109.0.R,6779,2
MUNDIWA-U/S COLLERINA (CULGOA RIVER),548007,Water Level,548007.1.H,7507,1
MUNDJURO TM,529078,Rainfall,529078.0.R,9925,1
MUNDJURO TM,529078,Rainfall Increment,529078.0.R,9925,2
Mundubbera AL,539197,Water Level,539197.0.H.815,2636,1
Mundubbera AL,539197,Rainfall,539197.0.R.814,2636,2
Mundubbera AL,539197,Battery,539197.0.B.816,2636,3
Mundubbera AL,539197,Rainfall Increment,539197.0.R.814,2636,4
Mungallala,44056,Battery,44056.0.B,11403,1
Mungallala,44056,Rainfall,44056.0.R,11403,2
Mungallala,44056,Water Level,44056.0.H,11403,3
Mungallala,44056,Rainfall Increment,44056.0.R,11403,4
MUNGALUP TOWER,509530,Water Level,509530.1.H,10763,1
MUNGINDI TM (BARWON RIVER),52068,Water Level,52068.1.H,7455,1
Mungungo Weir AL,539198,Water Level,539198.0.H.725,2637,1
Mungungo Weir AL,539198,Rainfall,539198.0.R.724,2637,2
Mungungo Weir AL,539198,Battery,539198.0.B.726,2637,3
Mungungo Weir AL,539198,Rainfall Increment,539198.0.R.724,2637,4
MUNJINA,505004,Rainfall Increment,505004.1.R,10459,2
Munna Ck (Glenbar Tiaro Rd) Alert ,140025,Battery,140025.1.B.850,11958,1
Munna Ck (Glenbar Tiaro Rd) Alert ,140025,Rainfall,140025.1.R.848,11958,2
Munna Ck (Glenbar Tiaro Rd) Alert ,140025,Water Level,140025.1.H.849,11958,3
Munna Creek AL,540823,Water Level,540823.0.H.5652,3233,1
Munna Creek AL,540823,Rainfall,540823.0.R.5651,3233,2
Munna Creek AL,540823,Battery,540823.0.B.5653,3233,3
Munna Creek AL,540823,Rainfall Increment,540823.0.R.5651,3233,4
Murarrie (Rosewood Pl) AL,540800,Rainfall,540800.0.R.1886,3220,1
Murarrie (Rosewood Pl) AL,540800,Battery,540800.0.B.1887,3220,2
Murarrie (Rosewood Pl) AL,540800,Rainfall Increment,540800.0.R.1886,3220,3
Murderers Hill,85289,Rainfall,85289.1.R.4847,4638,1
Murderers Hill,85289,Battery,85289.1.B.4848,4638,2
Murderers Hill,85289,Rainfall Increment,85289.1.R.4847,4638,3
Muriel Ave AL,540433,Water Level,540433.0.H.1849,2962,1
Muriel Ave AL,540433,Battery,540433.0.B.1737,2962,2
MURPHYS BRIDGE (CATTAI CREEK),567117,Water Level,567117.1.H,8109,1
MURRAY BROOK AT LENEHANS RD,590021,Water Level,590021.1.H,9735,1
Murray Flats AL,532060,Water Level,532060.0.H.5220,2306,1
Murray Flats AL,532060,Rainfall,532060.0.R.5219,2306,2
Murray Flats AL,532060,Battery,532060.0.B.5221,2306,3
Murray Flats AL,532060,Rainfall Increment,532060.0.R.5219,2306,4
MURRAY R 2KM DS WELLINGTON FERRY (DEW),524532,Water Level,524532.1.H,9087,1
MURRAY R AT HOWLONG,574034,Water Level,574034.1.H,8321,1
MURRAY R AT LOXTON IRRI. PUMP STATION (DEW),524034,Water Level,524034.1.H,9039,1
MURRAY R DS MORGAN (DEW),524505,Water Level,524505.1.H,9053,1
MURRAY R LAKE VICTORIA (DEW),547004,Water Level,547004.1.H,9099,1
MURRAY R LOCK 1 DS (DEW),524507,Water Level,524507.1.H,9055,1
MURRAY R LOCK 1 US (DEW),524504,Water Level,524504.1.H,9051,1
MURRAY R LOCK 2 DS (DEW),524033,Water Level,524033.1.H,9037,1
MURRAY R LOCK 3 DS (DEW),524028,Water Level,524028.1.H,9027,1
MURRAY R LOCK 4 DS (DEW),524030,Water Level,524030.1.H,9031,1
MURRAY R LOCK 5 DS (DEW),524031,Water Level,524031.1.H,9033,1
MURRAY R LOCK 6 DS (DEW),524032,Water Level,524032.1.H,9035,1
MURRAY R LOCK 7 DS (DEW),576002,Water Level,576002.1.H,9111,1
MURRAY R LOCK 8 DS (DEW),547005,Water Level,547005.1.H,9101,1
MURRAY R LOCK 9 DS (DEW),547006,Water Level,547006.1.H,9103,1
MURRAY R LONG ISLAND MURRAY BRIDGE (DEW),524524,Water Level,524524.1.H,9071,1
MURRAY R LYRUP PUMP STN (DEW),524027,Water Level,524027.1.H,9025,1
MURRAY R MANNUM WHARF (DEW),524525,Water Level,524525.1.H,9073,1
MURRAY R SWN REACH 3KM DS FERRY (DEW),524526,Water Level,524526.1.H,9075,1
MURRAY R US LOCK 2 (DEW),524035,Water Level,524035.1.H,9041,1
MURRAY R US LOCK 3 (DEW),524039,Water Level,524039.1.H,9049,1
MURRAY R US LOCK 4 (DEW),524036,Water Level,524036.1.H,9043,1
MURRAY R US LOCK 5 (DEW),524037,Water Level,524037.1.H,9045,1
MURRAY R US LOCK 6 (DEW),524038,Water Level,524038.1.H,9047,1
MURRAY R US LOCK 7 (DEW),547007,Water Level,547007.1.H,9105,1
MURRAY R US LOCK 8 (DEW),547008,Water Level,547008.1.H,9107,1
MURRAY R US LOCK 9 (DEW),547009,Water Level,547009.1.H,9109,1
MURRAY R US OVERLAND CORNER (DEW),524007,Water Level,524007.1.H,9019,1
MURRAY R WALKER FLAT (DEW),524527,Water Level,524527.1.H,9077,1
MURRAY RIVER @ BARMAH,574001,Water Level,574001.1.H,9207,1
MURRAY RIVER @ BELOW WAKOOL JUNCTION,76120,Water Level,76120.1.H,9753,1
MURRAY RIVER @ BIGGARA,582015,Water Level,582015.1.H,8369,2
MURRAY RIVER @ BIGGARA,582015,Rainfall Increment,582015.1.R,8369,3
MURRAY RIVER @ BOUNDARY BEND,76135,Water Level,76135.1.H,9755,1
MURRAY RIVER @ BRINGENBRONG,572004,Water Level,572004.1.H,8203,1
MURRAY RIVER @ COBRAM,580007,Water Level,580007.1.H,9285,1
MURRAY RIVER @ COLIGNAN,576000,Water Level,576000.1.H,9215,1
MURRAY RIVER @ EUSTON,49115,Water Level - AHD,49115.1.H,9201,1
MURRAY RIVER @ JINGELLIC,72156,Rainfall,72156.2.R,9749,1
MURRAY RIVER @ JINGELLIC,72156,Water Level,72156.2.H,9749,2
MURRAY RIVER @ JINGELLIC,72156,Rainfall Increment,72156.2.R,9749,3
Murray River @ Jingellic,72156,Battery,72156.1.B.903,4860,1
Murray River @ Jingellic,72156,Rainfall,72156.1.R.904,4860,2
Murray River @ Jingellic,72156,Water Level,72156.1.H.905,4860,3
Murray River @ Jingellic,72156,Rainfall Increment,72156.1.R.904,4860,4
MURRAY RIVER @ PIANTA ROAD,580015,Water Level - AHD,580015.1.H,9297,1
MURRAY RIVER @ TOCUMWAL,574004,Water Level,574004.1.H,9211,1
MURRAY RIVER @ TORRUMBARRY,574003,Water Level,574003.1.H,9209,1
MURRAY RIVER AT SWAN HILL,76112,Water Level,76112.1.H,9751,1
MURRAY RIVER D/S (MILDURA WEIR),547000,Water Level - AHD,547000.1.H,9203,1
Murray Springs AL,31191,Rainfall,31191.0.R.6050,2010,1
Murray Springs AL,31191,Battery,31191.0.B.6049,2010,2
Murray Springs AL,31191,Rainfall Increment,31191.0.R.6050,2010,3
Murrays Br AL,41536,Water Level,41536.0.H.6856,2189,1
Murrays Br AL,41536,Rainfall,41536.0.R.6855,2189,2
Murrays Br AL,41536,Battery,41536.0.B.6857,2189,3
Murrays Br AL,41536,Rainfall Increment,41536.0.R.6855,2189,4
Murrays Flat (Wollondilly River),570027,Water Level,570027.1.H.3251,1823,1
Murrays Flat (Wollondilly River),570027,Battery,570027.1.B.3253,1823,2
Murrays Flat (Wollondilly River),570027,Rainfall,570027.1.R.3252,1823,3
Murrays Flat (Wollondilly River),570027,Rainfall Increment,570027.1.R.3252,1823,4
MURRAYS FLAT (WOLLONDILLY RIVER),570027,Water Level,570027.2.H,5333,1
MURRINDINDI RD MURRINDINDI FALLS,588040,Rainfall,588040.1.R,11323,1
MURRINDINDI RD MURRINDINDI FALLS,588040,Rainfall Increment,588040.1.R,11323,2
MURRINDINDI RIVER ABOVE COLWELLS,588037,Water Level,588037.1.H,11311,1
Murrumba Downs AL,540417,Water Level,540417.0.H.1966,2949,1
Murrumba Downs AL,540417,Rainfall,540417.0.R.1965,2949,2
Murrumba Downs AL,540417,Battery,540417.0.B.1967,2949,3
Murrumba Downs AL,540417,Rainfall Increment,540417.0.R.1965,2949,4
MURRUMBIDGEE R AT GLENDALE,573010,Water Level,573010.1.H,8269,1
Murrumburrah (Historical Society),73029,Battery,73029.1.B,1429,1
Murrumburrah (Historical Society),73029,Rainfall,73029.1.R,1429,2
Murrumburrah (Historical Society),73029,Rainfall Increment,73029.1.R,1429,3
Murrurundi (Haydon St),61431,Battery,61431.3.B.3709,1302,1
Murrurundi (Haydon St),61431,Rainfall,61431.3.R.3708,1302,2
Murrurundi (Haydon St),61431,Rainfall Increment,61431.3.R.3708,1302,3
Murrurundi (Timor),61195,Battery,61195.2.B.7870,1263,1
Murrurundi (Timor),61195,Rainfall,61195.2.R.7869,1263,2
Murrurundi (Timor),61195,Rainfall Increment,61195.2.R.7869,1263,3
Murts Hill (Moogara),595022,Rainfall,595022.1.R.702,4316,1
Murts Hill (Moogara),595022,Battery,595022.1.B.703,4316,2
Murts Hill (Moogara),595022,Rainfall Increment,595022.1.R.702,4316,3
Murwillumbah (Hartigans Hill),58215,Battery,58215.1.B.7184,1199,1
Murwillumbah (Tweed River),58186,Battery,58186.1.B.7150,1189,1
Murwillumbah (Tweed River),58186,Rainfall,58186.1.R.7152,1189,2
Murwillumbah (Tweed River),58186,Water Level - AHD,58186.1.H.7151,1189,3
Murwillumbah (Tweed River),58186,Rainfall Increment,58186.1.R.7152,1189,6
Murwillumbah Bridge,558067,Water Level - AHD,558067.1.H.7195,1485,1
Murwillumbah Bridge,558067,Battery,558067.1.B.7193,1485,2
MURWILLUMBAH BRIDGE,558067,Water Level,558067.2.H,5605,1
Murwillumbah WWTP,558093,Battery,558093.1.B.3477,1508,1
Murwillumbah WWTP,558093,Rainfall,558093.1.R.3476,1508,2
Murwillumbah WWTP,558093,Rainfall Increment,558093.1.R.3476,1508,3
Musket Flat AL,40902,Rainfall,40902.0.R.6078,2132,1
Musket Flat AL,40902,Battery,40902.0.B.6079,2132,2
Musket Flat AL,40902,Rainfall Increment,40902.0.R.6078,2132,3
MUSWELLBROOK (HUNTER RIVER),561005,Water Level,561005.1.H,7917,1
MUTTABURRA TM,536014,Rainfall,536014.0.R,10137,1
MUTTABURRA TM,536014,Water Level,536014.0.H,10137,2
MUTTABURRA TM,536014,Rainfall Increment,536014.0.R,10137,3
Muttama (Grovene),73137,Battery,73137.1.B,1432,1
Muttama (Grovene),73137,Rainfall,73137.1.R,1432,2
Muttama (Grovene),73137,Rainfall Increment,73137.1.R,1432,3
Myall Grove AL,535115,Rainfall,535115.0.R.4602,2480,1
Myall Grove AL,535115,Battery,535115.0.B.4603,2480,2
Myall Grove AL,535115,Rainfall Increment,535115.0.R.4602,2480,3
Myall Park Rd AL,542016,Water Level,542016.0.H.4927,3348,1
Myall Park Rd AL,542016,Rainfall,542016.0.R.4926,3348,2
Myall Park Rd AL,542016,Battery,542016.0.B.4928,3348,3
Myall Park Rd AL,542016,Rainfall Increment,542016.0.R.4926,3348,4
Myendetta AL,44231,Rainfall,44231.0.R.4234,2218,1
Myendetta AL,44231,Battery,44231.0.B.4235,2218,2
Myendetta AL,44231,Rainfall Increment,44231.0.R.4234,2218,3
Myocum,558036,Battery,558036.1.B.7579,1480,1
Myocum,558036,Rainfall,558036.1.R.7584,1480,2
Myocum,558036,Rainfall Increment,558036.1.R.7584,1480,3
MYOCUM,558036,Rainfall Increment,558036.2.R,5557,2
Myola AL,531040,Water Level,531040.0.H.6826,2231,1
Myola AL,531040,Rainfall,531040.0.R.6825,2231,2
Myola AL,531040,Battery,531040.0.B.6827,2231,3
Myola AL,531040,Rainfall Increment,531040.0.R.6825,2231,4
MYOLA TM,31173,Water Level,31173.0.H,6025,1
MYPONGA RIVER (SAW),523723,Water Level,523723.1.H,5509,1
MYRRHEE RAIN GAUGE AT THOMSON-YARRA DIVIDE,585000,Rainfall,585000.2.R,12272,1
MYRRHEE RAIN GAUGE AT THOMSON-YARRA DIVIDE,585000,Rainfall Increment,585000.2.R,12272,2
MYRUP ROAD,509546,Water Level,509546.1.H,10787,1
Mysterton AL,532037,Water Level,532037.0.H.2738,2287,1
Mysterton AL,532037,Rainfall,532037.0.R.2737,2287,2
Mysterton AL,532037,Battery,532037.0.B.2739,2287,3
Mysterton AL,532037,Rainfall Increment,532037.0.R.2737,2287,4
Myuna AL,33292,Water Level,33292.0.H.2923,2050,1
Myuna AL,33292,Water Level,33292.1.H.2941,2050,2
Myuna AL,33292,Rainfall,33292.0.R.2920,2050,3
Myuna AL,33292,Battery,33292.0.B.2921,2050,4
Myuna AL,33292,Battery,33292.1.B.2942,2050,5
Myuna AL,33292,Rainfall Increment,33292.0.R.2920,2050,6
MYUNA TM,533024,Water Level,533024.0.H,6465,2
MYUNA TM,533024,Rainfall Increment,533024.0.R,6465,3
NAAS (GUDGENBY RIVER),570711,Water Level,570711.1.H,5435,1
Nabiac,560048,Water Level,560048.1.H.7450,1599,1
Nabiac,560048,Battery,560048.1.B.7451,1599,2
Nabiac,560048,Rainfall,560048.1.R.7449,1599,3
Nabiac,560048,Rainfall Increment,560048.1.R.7449,1599,4
NABIAC,560048,Water Level,560048.2.H,5693,2
NABIAC,560048,Rainfall Increment,560048.2.R,5693,3
Nagoorin AL,539129,Water Level,539129.0.H.4314,2571,1
Nagoorin AL,539129,Rainfall,539129.0.R.4313,2571,2
Nagoorin AL,539129,Battery,539129.0.B.4315,2571,3
Nagoorin AL,539129,Rainfall Increment,539129.0.R.4313,2571,4
Nambour AL,540137,Rainfall,540137.0.R.6425,2751,1
Nambour AL,540137,Battery,540137.0.B.6426,2751,2
Nambour AL,540137,Rainfall Increment,540137.0.R.6425,2751,3
NAMOI R AT BULLAWA,552025,Water Level,552025.1.H,7603,1
NANAMI (LACHLAN RIVER),565007,Water Level,565007.1.H,8077,1
NANUTARRA,505000,Water Level,505000.1.H,10457,1
NAPPA MERRIE TM,545002,Water Level,545002.0.H,7115,2
NAPPA MERRIE TM,545002,Rainfall Increment,545002.0.R,7115,3
Narangba (Main St) TM,540809,Rainfall,540809.0.R,3229,1
Narangba (Main St) TM,540809,Rainfall Increment,540809.0.R,3229,2
Narangba (Oakey Flat Rd) AL,540508,Water Level,540508.0.H.5507,3024,1
Narangba (Oakey Flat Rd) AL,540508,Rainfall,540508.0.R.5506,3024,2
Narangba (Oakey Flat Rd) AL,540508,Battery,540508.0.B.5508,3024,3
Narangba (Oakey Flat Rd) AL,540508,Rainfall Increment,540508.0.R.5506,3024,4
Narara,561126,Water Level,561126.1.H.3755,1645,1
Narara,561126,Battery,561126.1.B.3756,1645,2
NARARA,561085,Rainfall Increment,561085.1.R,5779,2
NARCISSUS RIVER (HEC NO 1),596047,Rainfall Increment,596047.1.R,8541,2
Narda Lagoon AL,540721,Water Level,540721.0.H.4060,3168,1
Narda Lagoon AL,540721,Rainfall,540721.0.R.4059,3168,2
Narda Lagoon AL,540721,Battery,540721.0.B.4061,3168,3
Narda Lagoon AL,540721,Rainfall Increment,540721.0.R.4059,3168,4
Narloo,7501,Rainfall,7501.1.R,4365,1
Narloo,7501,Battery,7501.1.B,4365,2
Narloo,7501,Rainfall Increment,7501.1.R,4365,3
NARRABEEN LAGOON (OCEAN STREET),566086,Water Level,566086.1.H,5895,1
NARRABRI (BOHENA CREEK),53098,Water Level,53098.1.H,7459,1
Narrabri (Mt Kaputa National Park),54151,Battery,54151.2.B,1127,1
Narrabri (Mt Kaputa National Park),54151,Rainfall,54151.2.R,1127,2
Narrabri (Mt Kaputa National Park),54151,Rainfall Increment,54151.2.R,1127,3
NARRABRI (NARRABRI CREEK),54152,Water Level,54152.1.H,7479,1
NARRACAN CK @ MOE,585011,Water Level,585011.2.H,9491,1
NARRACAN CK AT THORPDALE,585079,Rainfall,585079.2.R,9549,1
NARRACAN CK AT THORPDALE,585079,Water Level,585079.2.H,9549,2
NARRACAN CK AT THORPDALE,585079,Rainfall Increment,585079.2.R,9549,3
Narracan CK at Thorpdale,585079,Battery,585079.1.B.4887,4747,1
Narracan CK at Thorpdale,585079,Rainfall,585079.1.R.4885,4747,2
Narracan CK at Thorpdale,585079,Water Level,585079.1.H.4886,4747,3
Narracan CK at Thorpdale,585079,Rainfall Increment,585079.1.R.4885,4747,4
Narracan Creek at Moe,585011,Water Level,585011.1.H.4888,4744,1
Narracan Creek at Moe,585011,Battery,585011.1.B.4889,4744,2
NARRAN RIVER TM,544012,Water Level,544012.0.H,7087,2
NARRAN RIVER TM,544012,Rainfall Increment,544012.0.R,7087,3
NARRANDERA (MURRUMBIDGEE RIVER),574020,Water Level,574020.1.H,8301,1
NARRAWA (LACHLAN RIVER),70333,Water Level,70333.1.H,8425,2
NARRAWA (LACHLAN RIVER),70333,Rainfall Increment,70333.1.R,8425,3
NARROW NECK (MEGALONG CREEK),563098,Water Level,563098.1.H,8045,1
Nashs Crossing AL,32170,Water Level,32170.0.H.6018,2025,1
Nashs Crossing AL,32170,Rainfall,32170.0.R.6015,2025,2
Nashs Crossing AL,32170,Battery,32170.0.B.6014,2025,3
Nashs Crossing AL,32170,Rainfall Increment,32170.0.R.6015,2025,4
Nashua (Wilsons River),58162,Battery,58162.1.B.7111,1185,1
Nashua (Wilsons River),58162,Rainfall,58162.1.R.7115,1185,2
Nashua (Wilsons River),58162,Water Level,58162.1.H.7114,1185,3
Nashua (Wilsons River),58162,Water Level,58162.2.H.XXXX,1185,4
Nashua (Wilsons River),58162,Rainfall Increment,58162.1.R.7115,1185,5
Natimuk (Fire Dam 159),579027,Rainfall,579027.1.R.5964,4793,1
Natimuk (Fire Dam 159),579027,Battery,579027.1.B.5965,4793,2
Natimuk (Fire Dam 159),579027,Rainfall Increment,579027.1.R.5964,4793,3
Natimuk Ck at McNeils Bridge,579026,Battery,579026.1.B.5966,4794,1
Natimuk Ck at McNeils Bridge,579026,Water Level,579026.1.H.5967,4794,2
Natimuk Ck at McNeils Bridge,579026,Rainfall,579026.1.R.5968,4794,3
Natimuk Ck at McNeils Bridge,579026,Rainfall Increment,579026.1.R.5968,4794,4
National Park (Weir Road),595023,Rainfall,595023.1.R.714,4317,1
National Park (Weir Road),595023,Battery,595023.1.B.715,4317,2
National Park (Weir Road),595023,Rainfall Increment,595023.1.R.714,4317,3
Native Wells AL,531117,Rainfall,531117.0.R.5811,2260,1
Native Wells AL,531117,Battery,531117.0.B.5812,2260,2
Native Wells AL,531117,Rainfall Increment,531117.0.R.5811,2260,3
NATTAI RIVER AT THE CAUSEWAY,568140,Water Level,568140.2.H,5277,2
NATTAI RIVER AT THE CAUSEWAY,568140,Rainfall Increment,568140.2.R,5277,3
Natural Bridge AL,540837,Rainfall,540837.0.R.2440,11489,1
Natural Bridge AL,540837,Battery,540837.0.B.2441,11489,2
Natural Bridge AL,540837,Rainfall Increment,540837.0.R.2440,11489,3
NAYOOK RAIN GAUGE,585090,Rainfall,585090.1.R,12112,1
NAYOOK RAIN GAUGE,585090,Rainfall Increment,585090.1.R,12112,2
Neabul Creek TM,44238,Battery,44238.0.B,11971,1
Neabul Creek TM,44238,Rainfall,44238.0.R,11971,2
Neabul Creek TM,44238,Water Level,44238.0.H,11971,3
Neabul Creek TM,44238,Rainfall Increment,44238.0.R,11971,4
NEALES R ALGEBUCKINA WATERHOLE (DEW),517014,Water Level,517014.1.H,8885,1
NEALES R SOUTH STEWART WATERHOLE (DEW),516001,Water Level,516001.1.H,8867,1
Nearum Rd AL,39339,Rainfall,39339.0.R.844,2080,1
Nearum Rd AL,39339,Battery,39339.0.B.845,2080,2
Nearum Rd AL,39339,Rainfall Increment,39339.0.R.844,2080,3
NEBO BORE TM,534033,Rainfall Increment,534033.0.R,6605,2
Ned Churchward Weir HW AL,539149,Water Level,539149.0.H.4717,2590,1
Ned Churchward Weir HW AL,539149,Rainfall,539149.0.R.4716,2590,2
Ned Churchward Weir HW AL,539149,Battery,539149.0.B.4718,2590,3
Ned Churchward Weir HW AL,539149,Rainfall Increment,539149.0.R.4716,2590,4
NED CHURCHWARD WEIR HW TM,539089,Water Level,539089.0.H,7221,1
NED CHURCHWARD WEIR TW TM,539096,Water Level,539096.0.H,7229,1
NEDS CORNER,509004,Water Level,509004.1.H,10551,2
NEDS CORNER,509004,Rainfall Increment,509004.1.R,10551,3
NEERIM CREEK AT NEERIM,585089,Water Level,585089.1.H,12029,1
Neilrex (Caigan),64007,Battery,64007.1.B,1329,1
Neilrex (Caigan),64007,Rainfall,64007.1.R,1329,2
Neilrex (Caigan),64007,Rainfall Increment,64007.1.R,1329,3
NELIA GAARI (DARLING RIVER),547019,Water Level,547019.1.H,11295,1
Nelly Bay AL,532071,Rainfall,532071.0.R.2764,2314,1
Nelly Bay AL,532071,Battery,532071.0.B.2765,2314,2
Nelly Bay AL,532071,Rainfall Increment,532071.0.R.2764,2314,3
Nepean Dam (Nepean River),68212,Water Level,68212.1.H.3235,1385,1
Nepean Dam (Nepean River),68212,Battery,68212.1.B.3237,1385,2
NEPEAN DAM (NEPEAN RIVER),68212,Water Level,68212.2.H,5359,1
Nerada AL,32165,Water Level,32165.0.H.2563,2022,1
Nerada AL,32165,Rainfall,32165.0.R.2560,2022,2
Nerada AL,32165,Battery,32165.0.B.2559,2022,3
Nerada AL,32165,Rainfall Increment,32165.0.R.2560,2022,4
Neranwood AL,540440,Water Level,540440.0.H.2398,2965,1
Neranwood AL,540440,Rainfall,540440.0.R.2397,2965,2
Neranwood AL,540440,Battery,540440.0.B.2399,2965,3
Neranwood AL,540440,Rainfall Increment,540440.0.R.2397,2965,4
NERINGLA RD (ARALUEN CREEK),569025,Water Level,569025.1.H,8141,1
Nerriga Composite,69049,Battery,69049.1.B.3381,1404,1
Nerriga Composite,69049,Rainfall,69049.2.R.7005,1404,2
Nerriga Composite,69049,Rainfall Increment,69049.2.R.7005,1404,3
Netherdale AL,533179,Water Level,533179.0.H.5042,2416,1
Netherdale AL,533179,Rainfall,533179.0.R.5041,2416,2
Netherdale AL,533179,Battery,533179.0.B.5043,2416,3
Netherdale AL,533179,Rainfall Increment,533179.0.R.5041,2416,4
Nettlefield AL,533043,Rainfall,533043.0.R.2810,2356,1
Nettlefield AL,533043,Battery,533043.0.B.2809,2356,2
Nettlefield AL,533043,Rainfall Increment,533043.0.R.2810,2356,3
NEUBECKS CK U/S WALLERAWANG COLLIERY,563077,Water Level,563077.1.H,8037,1
NEUMEYER VALLEY STATION TM,529073,Rainfall,529073.0.R,9915,1
NEUMEYER VALLEY STATION TM,529073,Water Level,529073.0.H,9915,2
NEUMEYER VALLEY STATION TM,529073,Rainfall Increment,529073.0.R,9915,3
NEUREA (BELL R),562004,Water Level,562004.1.H,8015,1
Neurea (Fernfield),65098,Battery,65098.1.B,1340,1
Neurea (Fernfield),65098,Rainfall,65098.1.R,1340,2
Neurea (Fernfield),65098,Rainfall Increment,65098.1.R,1340,3
NEURIE PLAINS (BOGAN RIVER),551004,Water Level,551004.1.H,7553,1
NEW ANGLEDOOL NO 2 (NARREN RIVER),48223,Water Level,48223.1.H,7439,1
NEW BAMBOO TM,528017,Rainfall,528017.0.R,9885,1
NEW BAMBOO TM,528017,Rainfall Increment,528017.0.R,9885,2
New Beith AL,540097,Water Level,540097.0.H.1727,2723,1
New Beith AL,540097,Battery,540097.0.B.1726,2723,2
NEW BEITH TM,40719,Water Level,40719.0.H,6079,1
New Kildonan TM,41507,Water Level,41507.0.H,2181,1
New Kildonan TM,41507,Rainfall,41507.0.R,2181,2
New Kildonan TM,41507,Battery,41507.0.B,2181,3
New Kildonan TM,41507,Gas Pressure,41507.0.GP,2181,4
New Kildonan TM,41507,Rainfall Increment,41507.0.R,2181,5
New Norfolk (Derwent River),95066,Water Level,95066.1.H.712,4305,1
New Norfolk (Derwent River),95066,Battery,95066.1.B.713,4305,2
Newbridge (Stringybark Rd),63264,Battery,63264.1.B.7348,1318,1
Newbridge (Stringybark Rd),63264,Rainfall,63264.1.R.7347,1318,2
Newbridge (Stringybark Rd),63264,Rainfall Increment,63264.1.R.7347,1318,3
NEWBURY,595013,Water Level,595013.1.H,8769,2
NEWBURY,595013,Rainfall Increment,595013.1.R,8769,3
Newcastle Tafe (Tighes Hill),561117,Battery,561117.1.B.3585,1636,1
Newcastle Tafe (Tighes Hill),561117,Rainfall,561117.1.R.3584,1636,2
Newcastle Tafe (Tighes Hill),561117,Rainfall Increment,561117.1.R.3584,1636,3
NEWHOLME (SANDY CREEK),556020,Water Level,556020.1.H,7787,2
NEWHOLME (SANDY CREEK),556020,Rainfall Increment,556020.1.R,7787,3
NEWMAN (DOW),507016,Rainfall Increment,507016.1.R,10509,2
NEWMAN ROAD BR,507011,Water Level,507011.1.H,10505,1
NEWPORTS CREEK,559039,Water Level,559039.1.H,5637,1
NEWPORTS CREEK (ENGLANDS RD),559051,Rainfall Increment,559051.1.R,5655,2
Newry Island (Kalang River),559020,Water Level - AHD,559020.1.H.7615,1535,1
Newry Island (Kalang River),559020,Battery,559020.1.B.7616,1535,2
NEWRY ISLAND (KALANG RIVER),559020,Water Level,559020.2.H,5633,1
NEWSTEAD NORTH (KINGS CK),556036,Water Level,556036.1.H,7811,2
NEWSTEAD NORTH (KINGS CK),556036,Rainfall Increment,556036.1.R,7811,3
Newton Boyd (Abbey Green),57123,Battery,57123.1.B,1171,1
Newton Boyd (Abbey Green),57123,Rainfall,57123.1.R,1171,2
Newton Boyd (Abbey Green),57123,Rainfall Increment,57123.1.R,1171,3
Ngapala,23381,Battery,23381.1.B.5337,1910,1
Ngapala,23381,Rainfall,23381.1.R.5338,1910,2
Ngapala,23381,Rainfall Increment,23381.1.R.5338,1910,3
Niagara AL,541120,Rainfall,541120.0.R.4959,3286,1
Niagara AL,541120,Battery,541120.0.B.4960,3286,2
Niagara AL,541120,Rainfall Increment,541120.0.R.4959,3286,3
Niagara Rd AL,541204,Rainfall,541204.0.R.4987,11415,1
Niagara Rd AL,541204,Water Level,541204.0.H.4988,11415,2
Niagara Rd AL,541204,Battery,541204.0.B.4989,11415,3
Niagara Rd AL,541204,Rainfall Increment,541204.0.R.4987,11415,4
NICHOLSON R D/S PUMPHOUSE,584023,Water Level,584023.1.H,9471,1
Nicolls Bridge AL,540070,Water Level,540070.0.H.2354,2708,1
Nicolls Bridge AL,540070,Battery,540070.0.B.2355,2708,2
NICOLLS BRIDGE TM,540368,Water Level,540368.0.H,6871,1
NIEMUR R AT MALLAN SCHOOL,575016,Water Level,575016.1.H,8355,1
Nile River at Deddington,91326,Water Level,91326.1.H.605,4275,1
Nile River at Deddington,91326,Battery,91326.1.B.606,4275,2
Nile River at Deddington,91326,Rainfall,91326.1.R.604,4275,3
Nile River at Deddington,91326,Rainfall Increment,91326.1.R.604,4275,4
Nimbin (Goolmanger Creek),58180,Battery,58180.1.B.7105,1188,1
Nimbin (Goolmanger Creek),58180,Rainfall,58180.1.R.7127,1188,2
Nimbin (Goolmanger Creek),58180,Water Level,58180.2.H.7106,1188,3
Nimbin (Goolmanger Creek),58180,Water Level,58180.1.H.7126,1188,4
Nimbin (Goolmanger Creek),58180,Rainfall Increment,58180.1.R.7127,1188,5
NIMBIN GUNGAS ROAD (MULGUM CREEK),558123,Water Level,558123.1.H,11461,1
Nimmitabel (Cottesloe),70237,Battery,70237.1.B.3440,1420,1
Nimmitabel (Cottesloe),70237,Rainfall,70237.1.R.3439,1420,2
Nimmitabel (Cottesloe),70237,Rainfall Increment,70237.1.R.3439,1420,3
Nindigully,44194,Water Level,44194.0.H,2212,1
Nindigully,44194,Rainfall,44194.0.R,2212,2
Nindigully,44194,Battery,44194.0.B,2212,3
Nindigully,44194,Rainfall Increment,44194.0.R,2212,4
NINDIGULLY TM,42105,Water Level,42105.0.H,6159,2
NINDIGULLY TM,42105,Rainfall Increment,42105.0.R,6159,3
Nindooinbah Dam AL,540480,Water Level - AHD,540480.0.H.5361,2999,1
Nindooinbah Dam AL,540480,Rainfall,540480.0.R.5360,2999,2
Nindooinbah Dam AL,540480,Battery,540480.0.B.5362,2999,3
Nindooinbah Dam AL,540480,Rainfall Increment,540480.0.R.5360,2999,4
NINDOOINBAH DAM HW TM,540614,Water Level,540614.0.H,10307,2
NINDOOINBAH DAM HW TM,540614,Rainfall Increment,540614.0.R,10307,3
NINDOOINBAH TM,540559,Rainfall Increment,540559.0.R,6939,2
NINE MILE BRIDGE,506000,Water Level,506000.1.H,10487,1
Nine Mile Creek at Sellicks Road,580024,Battery,580024.1.B.191,4810,1
Nine Mile Creek at Sellicks Road,580024,Water Level,580024.1.H.190,4810,2
Nitmiluk Centre,514916,Battery,514916.1.B.1194,303,1
Nitmiluk Centre,514916,Water Level,514916.1.H.1193,303,2
NITMILUK CENTRE,514916,Water Level,514916.2.H,7383,1
Nitmiluk Ridge A,14966,Battery,14966.1.B.1149,298,1
Nitmiluk Ridge A,14966,Rainfall,14966.1.R.1148,298,2
Nitmiluk Ridge A,14966,Rainfall Increment,14966.1.R.1148,298,3
Nitmiluk Ridge B,14999,Battery,14999.1.B.1147,301,1
Nitschke Hill ,523718,Rainfall,523718.1.R.5550,1993,1
Nitschke Hill ,523718,Battery,523718.1.B.5549,1993,2
Nitschke Hill ,523718,Rainfall Increment,523718.1.R.5550,1993,3
NIVE RIVER (ABV TUNGATINAH),595009,Water Level,595009.1.H,8497,1
NIVE RIVER (ABV TUNGATINAH),595009,Flow Rate,595009.1.ML/D,8497,2
NOCKATUNGA TM,545006,Rainfall,545006.0.R,9189,1
NOCKATUNGA TM,545006,Water Level,545006.0.H,9189,2
NOCKATUNGA TM,545006,Rainfall Increment,545006.0.R,9189,3
Nogoa River (Mt Vexation Rd) AL,535226,Rainfall,535226.0.R.1261,11361,1
Nogoa River (Mt Vexation Rd) AL,535226,Water Level,535226.0.H.1262,11361,2
Nogoa River (Mt Vexation Rd) AL,535226,Battery,535226.0.B.1263,11361,3
Nogoa River (Mt Vexation Rd) AL,535226,Rainfall Increment,535226.0.R.1261,11361,4
NOLBA,508034,Rainfall Increment,508034.1.R,10527,2
NOONKANBAH,503007,Water Level,503007.1.H,10407,2
NOONKANBAH,503007,Rainfall Increment,503007.1.R,10407,3
Noosa Bar AL,540311,Water Level - AHD,540311.0.H.6912,2875,1
Noosa Bar AL,540311,Battery,540311.0.B.6913,2875,2
Noosa Heads AL,540323,Rainfall,540323.0.R.6922,2885,1
Noosa Heads AL,540323,Battery,540323.0.B.6923,2885,2
Noosa Heads AL,540323,Rainfall Increment,540323.0.R.6922,2885,3
Nords Wharf Oval (Nords Wharf),561155,Battery,561155.1.B.7891,1654,1
Nords Wharf Oval (Nords Wharf),561155,Rainfall,561155.1.R.7890,1654,2
Nords Wharf Oval (Nords Wharf),561155,Rainfall Increment,561155.1.R.7890,1654,3
NORFOLK ISLAND (AEST) (TIDAL),200853,Water Level,200853.1.H,5539,1
NORFOLK STATION TM,529064,Rainfall,529064.0.R,9901,1
NORFOLK STATION TM,529064,Rainfall Increment,529064.0.R,9901,2
Normanby Way AL,540414,Rainfall,540414.0.R.4126,2946,1
Normanby Way AL,540414,Battery,540414.0.B.4128,2946,2
Normanby Way AL,540414,Rainfall Increment,540414.0.R.4126,2946,3
NORMANTON TM,529049,Rainfall,529049.0.R,9123,1
NORMANTON TM,529049,Water Level,529049.0.H,9123,2
NORMANTON TM,529049,Rainfall Increment,529049.0.R,9123,3
NORTH BONVILLE (NORTH BONVILLE RD),559050,Rainfall Increment,559050.1.R,5653,2
North Boomerang (Mt Bobs),597506,Battery,597506.1.B.584,4331,1
North Boomerang (Mt Bobs),597506,Rainfall,597506.1.R.583,4331,2
North Boomerang (Mt Bobs),597506,Rainfall Increment,597506.1.R.583,4331,3
NORTH BROGO (BROGO RIVER),569023,Water Level,569023.1.H,8139,1
NORTH CUERINDI (MACDONALD RIVER),555003,Water Level,555003.1.H,7703,1
NORTH ESK AT HOBLERS BRIDGE,591063,Water Level,591063.1.H,8483,1
NORTH ESK RIVER AT HENRY ST BRIDGE,591065,Water Level,591065.1.H,8487,1
NORTH ESK RIVER AT JOHNSTON RD PIPELINE BRIDGE,591064,Water Level,591064.1.H,8485,1
NORTH ESK RIVER AT TAMAR ST BRIDGE,591066,Water Level,591066.1.H,8489,1
NORTH HAVEN,560045,Water Level,560045.1.H,5689,1
NORTH MACQUARIE,568185,Rainfall Increment,568185.1.R,5931,2
NORTH MANLY,566069,Rainfall Increment,566069.1.R,5883,2
NORTH MOOLOOLOO,517008,Rainfall Increment,517008.1.R,8873,2
NORTH MURWILLUMBAH (TWEED RIVER),58186,Water Level,58186.2.H,5979,1
NORTH PARA R DS TURRETFIELD DAM (DEW),523012,Water Level,523012.1.H,8907,1
North Parramatta (Burnside Homes),67111,Battery,67111.1.B.7286,1375,1
North Parramatta (Burnside Homes),67111,Rainfall,67111.1.R.7285,1375,2
North Parramatta (Burnside Homes),67111,Rainfall Increment,67111.1.R.7285,1375,3
North Parramatta (Darling Mills Creek),567057,Water Level,567057.1.H.7278,1730,1
North Parramatta (Darling Mills Creek),567057,Battery,567057.1.B.7280,1730,2
North Pine Dam AL,540202,Water Level,540202.0.H.6761,2805,1
North Pine Dam AL,540202,Rainfall,540202.0.R.6760,2805,3
North Pine Dam AL,540202,Rainfall Increment,540202.0.R.6760,2805,4
North Pine Dam AL-B,540277,Water Level,540277.0.H.6762,2850,1
NORTH POLE MINE,504035,Water Level,504035.1.H,10441,1
North Richmond (Hospital),563009,Battery,563009.1.B.3045,1676,1
North Richmond (Hospital),563009,Rainfall,563009.1.R.3044,1676,2
North Richmond (Hospital),563009,Rainfall Increment,563009.1.R.3044,1676,5
North Richmond Wps (Hawkesbury River),567098,Water Level,567098.1.H.3005,1744,1
North Richmond Wps (Hawkesbury River),567098,Battery,567098.1.B.3007,1744,2
NORTH RICHMOND WPS (HAWKESBURY RIVER),567098,Water Level,567098.2.H,5261,1
North Rocks (Muirfield Golf Club),67112,Battery,67112.1.B.7268,1376,1
North Rocks (Muirfield Golf Club),67112,Rainfall,67112.1.R.7267,1376,2
North Rocks (Muirfield Golf Club),67112,Rainfall Increment,67112.1.R.7267,1376,3
North Ryde Golf Club,66213,Battery,66213.1.B.7643,1361,1
North Ryde Golf Club,66213,Rainfall,66213.1.R.7642,1361,2
North Ryde Golf Club,66213,Rainfall Increment,66213.1.R.7642,1361,3
NORTH STRADBROKE ISLAND TM,540758,Rainfall Increment,540758.0.R,6989,2
North Tamborine AL,540729,Rainfall,540729.0.R.5389,3175,1
North Tamborine AL,540729,Battery,540729.0.B.5390,3175,2
North Tamborine AL,540729,Rainfall Increment,540729.0.R.5389,3175,3
North Ward AL,532078,Rainfall,532078.0.R.2768,2319,1
North Ward AL,532078,Battery,532078.0.B.2769,2319,2
North Ward AL,532078,Rainfall Increment,532078.0.R.2768,2319,3
Northam,10111,Rainfall,10111.2.R.6093,4424,1
Northam,10111,Battery,10111.1.B.6092,4424,2
Northam,10111,Rainfall Increment,10111.2.R.6093,4424,3
Northam Weir,510061,Water Level,510061.2.H.6113,4458,1
Northam Weir,510061,Battery,510061.1.B.6112,4458,2
NORTHAM WEIR,510061,Water Level,510061.1.H,10865,1
NORTHCOTE TM,533093,Water Level,533093.0.H,6491,2
NORTHCOTE TM,533093,Rainfall Increment,533093.0.R,6491,3
Northmead Bowling Club,567055,Battery,567055.1.B.7284,1728,1
Northmead Bowling Club,567055,Rainfall,567055.1.R.7283,1728,2
Northmead Bowling Club,567055,Rainfall Increment,567055.1.R.7283,1728,3
Norwell AL,540408,Water Level,540408.0.H.2392,2940,1
Norwell AL,540408,Rainfall,540408.0.R.2391,2940,2
Norwell AL,540408,Battery,540408.0.B.2393,2940,3
Norwell AL,540408,Rainfall Increment,540408.0.R.2391,2940,4
NOTTING HILL RESERVOIR RAIN GAUGE,586301,Rainfall,586301.1.R,12075,1
NOTTING HILL RESERVOIR RAIN GAUGE,586301,Rainfall Increment,586301.1.R,12075,2
Nowendoc (Green Hills),60104,Battery,60104.2.B.3813,1238,1
Nowendoc (Green Hills),60104,Rainfall,60104.2.R.3814,1238,2
Nowendoc (Green Hills),60104,Rainfall Increment,60104.2.R.3814,1238,3
NOWENDOC (NOWENDOC RIVER),560035,Water Level,560035.1.H,7905,1
Nowra Boat Shed (Shoalhaven River),68213,Water Level - AHD,68213.1.H.7047,1386,1
Nowra Boat Shed (Shoalhaven River),68213,Battery,68213.1.B.7064,1386,2
Nowra Boat Shed (Shoalhaven River),68213,Rainfall,68213.1.R.7051,1386,3
Nowra Boat Shed (Shoalhaven River),68213,Rainfall Increment,68213.1.R.7051,1386,4
Nowra Boat Shed (Shoalhaven River),68213,Battery,68213.2.B.7052,1386,5
NOWRA BOAT SHED (SHOALHAVEN RIVER),68213,Water Level,68213.2.H,6015,1
Nuga Nuga AL,535218,Rainfall,535218.0.R.1225,2557,1
Nuga Nuga AL,535218,Battery,535218.0.B.1226,2557,2
Nuga Nuga AL,535218,Rainfall Increment,535218.0.R.1225,2557,3
Nugent (Twilight Valley TBRG),92158,Rainfall,92158.1.R.746,4293,1
Nugent (Twilight Valley TBRG),92158,Battery,92158.1.B.747,4293,2
Nugent (Twilight Valley TBRG),92158,Rainfall Increment,92158.1.R.746,4293,3
NULLAGINE TM,504016,Water Level,504016.1.H,10429,2
NULLAGINE TM,504016,Rainfall Increment,504016.1.R,10429,3
Nullamanna (Silverdale),54065,Battery,54065.2.B.3866,1122,1
Nullamanna (Silverdale),54065,Rainfall,54065.2.R.3865,1122,2
Nullamanna (Silverdale),54065,Rainfall Increment,54065.2.R.3865,1122,3
NULLINGA TM,531080,Water Level,531080.0.H,6351,2
NULLINGA TM,531080,Rainfall Increment,531080.0.R,6351,3
NUMBER 7 DAM TM,539104,Rainfall Increment,539104.0.R,6771,2
NUMERALLA RIVER (NUMERALLA SCHOOL),570038,Water Level,570038.1.H,8167,1
Numinbah,558081,Battery,558081.1.B.3451,1496,1
Numinbah,558081,Rainfall,558081.1.R.3450,1496,2
Numinbah,558081,Rainfall Increment,558081.1.R.3450,1496,3
Numinbah AL,40882,Rainfall,40882.0.R.2250,2126,1
Numinbah AL,40882,Battery,40882.0.B.2251,2126,2
Numinbah AL,40882,Rainfall Increment,40882.0.R.2250,2126,3
Numinbah Valley AL,540438,Water Level,540438.0.H.2395,2963,1
Numinbah Valley AL,540438,Rainfall,540438.0.R.2394,2963,2
Numinbah Valley AL,540438,Battery,540438.0.B.2396,2963,3
Numinbah Valley AL,540438,Rainfall Increment,540438.0.R.2394,2963,4
NUMINBAH VALLEY TM,540437,Water Level,540437.0.H,6897,2
NUMINBAH VALLEY TM,540437,Rainfall Increment,540437.0.R,6897,3
NUMURKAH BROKEN CRK MELVILLE ST BR,580020,Water Level,580020.2.H,9305,1
Nunamara,91271,Rainfall,91271.1.R.626,4271,1
Nunamara,91271,Battery,91271.1.B.628,4271,2
Nunamara,91271,Water Level,91271.1.H.627,4271,3
Nunamara,91271,Rainfall Increment,91271.1.R.626,4271,4
Nundle (Head of the Peel),55336,Battery,55336.1.B.3645,1145,1
Nundle (Head of the Peel),55336,Rainfall,55336.1.R.3644,1145,2
Nundle (Head of the Peel),55336,Rainfall Increment,55336.1.R.3644,1145,3
Nundle (Keeva),55245,Battery,55245.2.B.3640,1133,1
Nundle (Keeva),55245,Rainfall,55245.2.R.3641,1133,2
Nundle (Keeva),55245,Rainfall Increment,55245.2.R.3641,1133,3
Nundle (Malonga),55335,Battery,55335.2.B.3629,1144,1
Nundle (Malonga),55335,Rainfall,55335.2.R.3630,1144,2
Nundle (Malonga),55335,Rainfall Increment,55335.2.R.3630,1144,3
Nundle (Pearly Gates),555033,Water Level,555033.1.H.3639,1448,1
Nundle (Pearly Gates),555033,Battery,555033.1.B.3638,1448,2
Nuriootpa,23357,Rainfall,23357.1.R.5630,1902,1
Nuriootpa,23357,Water Level,23357.1.H.5631,1902,2
Nuriootpa,23357,Battery,23357.1.B.5629,1902,3
Nuriootpa,23357,Rainfall Increment,23357.1.R.5630,1902,4
Nuriootpa at Penrice R Bridge ,23385,Battery,23385.1.B.5633,11524,1
Nuriootpa at Penrice R Bridge ,23385,Water Level,23385.1.H.5634,11524,2
NYMBOIDA (NYMBOIDA RIVER),59124,Water Level,59124.1.H,8375,2
NYMBOIDA (NYMBOIDA RIVER),59124,Rainfall Increment,59124.1.R,8375,3
NYMBOIDA R D/S NYMBOIDA WEIR,558040,Water Level,558040.1.H,7863,1
NYNGAN (BOGAN RIVER),51156,Water Level,51156.1.H,7453,1
Nyora AL,541115,Rainfall,541115.0.R.4500,3281,1
Nyora AL,541115,Battery,541115.0.B.4501,3281,2
Nyora AL,541115,Rainfall Increment,541115.0.R.4500,3281,3
O SHANNASSY RIVER TM,529065,Rainfall,529065.0.R,9903,1
O SHANNASSY RIVER TM,529065,Rainfall Increment,529065.0.R,9903,2
O&#039;CONNELL TM,533140,Rainfall Increment,533140.0.R,6551,2
O&#039;DONOGHUE RD TM,531068,Rainfall,531068.0.R,6339,1
O&#039;DONOGHUE RD TM,531068,Water Level,531068.0.H,6339,2
O&#039;DONOGHUE RD TM,531068,Rainfall Increment,531068.0.R,6339,3
O&#039;NEIL ROAD,509221,Water Level,509221.1.H,10595,2
O&#039;NEIL ROAD,509221,Rainfall Increment,509221.1.R,10595,3
O&#039;REILLY&#039;S WEIR TM,540051,Rainfall,540051.0.R,6819,1
O&#039;REILLY&#039;S WEIR TM,540051,Water Level,540051.0.H,6819,2
O&#039;REILLY&#039;S WEIR TM,540051,Rainfall Increment,540051.0.R,6819,3
O&#039;SHANNASSY RIVER AT DIVERSION WEIR,586025,Water Level,586025.1.H,12174,1
O&#039;SHANNASSY RIVER AT O&#039;SHANNASSY RESERVOIR HEAD GAUGE,86335,Water Level,86335.1.H,12115,1
O&#039;SHANNASSY RIVER AT O&#039;SHANNASSY RESERVOIR HEAD GAUGE,86335,Rainfall,86335.1.R,12115,2
O&#039;SHANNASSY RIVER AT O&#039;SHANNASSY RESERVOIR HEAD GAUGE,86335,Rainfall Increment,86335.1.R,12115,3
O&#039;SHANNASSY RIVER UPSTREAM OF RESERVOIR,586327,Water Level,586327.1.H,12162,1
Oak Park Xing AL,544051,Rainfall,544051.0.R.4238,3384,1
Oak Park Xing AL,544051,Battery,544051.0.B.4239,3384,2
Oak Park Xing AL,544051,Rainfall Increment,544051.0.R.4238,3384,3
Oakbank,523717,Water Level,523717.1.H.5704,1992,1
Oakbank,523717,Battery,523717.1.B.5703,1992,2
Oakdale (ERTS),568162,Battery,568162.1.B.3182,1778,1
Oakdale (ERTS),568162,Rainfall,568162.1.R.3181,1778,2
Oakdale (ERTS),568162,Rainfall Increment,568162.1.R.3181,1778,3
Oakey (Boodua Muniganeen Rd) TM,541148,Water Level,541148.0.H,3314,1
Oakey (Boodua Muniganeen Rd) TM,541148,Rainfall,541148.0.R,3314,2
Oakey (Boodua Muniganeen Rd) TM,541148,Rainfall Increment,541148.0.R,3314,3
Oakey (Kingsthorpe Haden Rd) TM,541147,Water Level,541147.0.H,3313,1
Oakey (Kingsthorpe Haden Rd) TM,541147,Rainfall,541147.0.R,3313,2
Oakey (Kingsthorpe Haden Rd) TM,541147,Rainfall Increment,541147.0.R,3313,3
Oakey (Oakey-Cooyar Rd) TM,541141,Water Level,541141.0.H,3307,1
Oakey (Oakey-Cooyar Rd) TM,541141,Rainfall,541141.0.R,3307,2
Oakey (Oakey-Cooyar Rd) TM,541141,Rainfall Increment,541141.0.R,3307,3
Oakey (Pechey-Maclagan Rd) TM,541145,Water Level,541145.0.H,3311,1
Oakey (Pechey-Maclagan Rd) TM,541145,Rainfall,541145.0.R,3311,2
Oakey (Pechey-Maclagan Rd) TM,541145,Rainfall Increment,541145.0.R,3311,3
Oakey (Weir Park) TM,541146,Water Level,541146.0.H,3312,1
Oakey (Weir Park) TM,541146,Rainfall,541146.0.R,3312,2
Oakey (Weir Park) TM,541146,Rainfall Increment,541146.0.R,3312,3
OAKEY CREEK CAUSEWAY TM,531141,Water Level,531141.0.H,9999,1
OAKEY TM,541058,Rainfall,541058.0.R,7017,1
OAKEY TM,541058,Water Level,541058.0.H,7017,2
OAKEY TM,541058,Rainfall Increment,541058.0.R,7017,3
OAKHAMPTON BRIDGE (HUNTER RIVER),561039,Water Level,561039.1.H,5729,1
OAKLAND PARK TM,529074,Rainfall,529074.0.R,9917,1
OAKLAND PARK TM,529074,Rainfall Increment,529074.0.R,9917,2
OAKLEIGH SOUTH RAIN GAUGE AT MOORABBIN RESERVOIR,586217,Rainfall,586217.1.R,12202,1
OAKLEIGH SOUTH RAIN GAUGE AT MOORABBIN RESERVOIR,586217,Rainfall Increment,586217.1.R,12202,2
Oaks Estate (Molonglo River),570943,Water Level,570943.2.H.3323,1854,1
Oaks Estate (Molonglo River),570943,Battery,570943.1.B.3322,1854,2
Oaks Estate (Molonglo River),570943,Rainfall,570943.1.R.3321,1854,3
Oaks Estate (Molonglo River),570943,Rainfall Increment,570943.1.R.3321,1854,4
OAKS ESTATE (MOLONGLO RIVER),570943,Water Level,570943.1.H,5483,1
OAKS ESTATE (MOLONGLO RIVER),570943,Rainfall Increment,570943.2.R,5483,3
Oakwood AL,544044,Water Level,544044.0.H.1002,3377,1
Oakwood AL,544044,Rainfall,544044.0.R.1001,3377,2
Oakwood AL,544044,Battery,544044.0.B.1003,3377,3
Oakwood AL,544044,Rainfall Increment,544044.0.R.1001,3377,4
Oakwood TM,40889,Rainfall,40889.0.R,2127,1
Oakwood TM,40889,Battery,40889.0.B,2127,2
Oakwood TM,40889,Rainfall Increment,40889.0.R,2127,3
OAKY CREEK TM,541065,Water Level,541065.0.H,7019,2
OAKY CREEK TM,541065,Rainfall Increment,541065.0.R,7019,3
Oberon (Jenolan Caves Road),63293,Battery,63293.1.B.7357,1322,1
Oberon (Jenolan Caves Road),63293,Rainfall,63293.2.R.7356,1322,2
Oberon (Jenolan Caves Road),63293,Rainfall Increment,63293.2.R.7356,1322,3
Oberon (Mount David),63302,Battery,63302.1.B.7346,1327,1
Oberon (Mount David),63302,Rainfall,63302.1.R.7349,1327,2
Oberon (Mount David),63302,Rainfall Increment,63302.1.R.7349,1327,3
Obi Lookout AL,540333,Rainfall,540333.0.R.6431,2895,1
Obi Lookout AL,540333,Battery,540333.0.B.6432,2895,2
Obi Lookout AL,540333,Rainfall Increment,540333.0.R.6431,2895,3
OBLEY (LITTLE RIVER),565005,Water Level,565005.1.H,8073,1
OCEAN BEACH ROAD,509587,Water Level,509587.1.H,10811,1
Ocean View AL,540634,Rainfall,540634.0.R.5534,3089,1
Ocean View AL,540634,Battery,540634.0.B.5535,3089,2
Ocean View AL,540634,Rainfall Increment,540634.0.R.5534,3089,3
OConnor TM,41508,Water Level,41508.0.H,2182,1
OConnor TM,41508,Rainfall,41508.0.R,2182,2
OConnor TM,41508,Battery,41508.0.B,2182,3
OConnor TM,41508,Rainfall Increment,41508.0.R,2182,4
ODDYS BRIDGE (TUMUT RIVER),72145,Water Level,72145.1.H,8431,1
Odea Road,23879,Rainfall,23879.1.R.5700,1932,1
Odea Road,23879,Battery,23879.1.B.5699,1932,2
Odea Road,23879,Rainfall Increment,23879.1.R.5700,1932,3
ODONNELL RANGE,502010,Water Level,502010.1.H,10371,1
ODRISCOLLS FARM,510035,Water Level,510035.1.H,10857,2
ODRISCOLLS FARM,510035,Rainfall Increment,510035.1.R,10857,3
Ogunbil (Amaroo),55262,Battery,55262.2.B,1135,1
Ogunbil (Amaroo),55262,Rainfall,55262.2.R,1135,2
Ogunbil (Amaroo),55262,Rainfall Increment,55262.2.R,1135,3
OK BRIDGE TM,528006,Water Level,528006.0.H,6209,2
OK BRIDGE TM,528006,Rainfall Increment,528006.0.R,6209,3
Olave Road,523747,Rainfall,523747.1.R.5040,1998,1
Olave Road,523747,Battery,523747.1.B.5039,1998,2
Olave Road,523747,Rainfall Increment,523747.1.R.5040,1998,3
OLD BORAMBOLA (TARCUTTA CREEK),572012,Water Level,572012.1.H,8219,1
OLD BUNBURY RD,509589,Water Level,509589.1.H,10813,1
OLD CASHMERE TM,43100,Water Level,43100.0.H,6167,2
OLD CASHMERE TM,43100,Rainfall Increment,43100.0.R,6167,3
Old Delamere,14816,Battery,14816.1.B,320,1
Old Delamere,14816,Rainfall,14816.1.R,320,2
Old Delamere,14816,Rainfall Increment,14816.1.R,320,3
Old Gympie Rd AL,540342,Water Level,540342.0.H.5428,2904,1
Old Gympie Rd AL,540342,Rainfall,540342.0.R.5427,2904,2
Old Gympie Rd AL,540342,Battery,540342.0.B.5429,2904,3
Old Gympie Rd AL,540342,Rainfall Increment,540342.0.R.5427,2904,4
OLD JOES CREEK RETARDING BASIN AT ARMY RD BORONIA,586289,Water Level,586289.1.H,12250,1
OLD MANDURAH ROAD,509472,Rainfall Increment,509472.1.R,10701,2
Old Mornington Homestead,2036,Rainfall,2036.1.R,4336,1
Old Mornington Homestead,2036,Battery,2036.1.B,4336,2
Old Mornington Homestead,2036,Rainfall Increment,2036.1.R,4336,3
OLD NANNUP CARAVAN PARK,509518,Water Level,509518.1.H,10739,1
OLD RACECOURSE TM,533032,Water Level,533032.0.H,6479,2
OLD RACECOURSE TM,533032,Rainfall Increment,533032.0.R,6479,3
OLD RAILWAY BRIDGE,509559,Water Level,509559.1.H,10797,1
Old Range Rd AL,39338,Rainfall,39338.0.R.846,2079,1
Old Range Rd AL,39338,Battery,39338.0.B.847,2079,2
Old Range Rd AL,39338,Rainfall Increment,39338.0.R.846,2079,3
OLD SEC SAWMILL RUBICON,588042,Rainfall,588042.1.R,11327,1
OLD SEC SAWMILL RUBICON,588042,Rainfall Increment,588042.1.R,11327,2
Old Tambo Rd AL,544041,Water Level,544041.0.H.1043,3374,1
Old Tambo Rd AL,544041,Rainfall,544041.0.R.1042,3374,2
Old Tambo Rd AL,544041,Battery,544041.0.B.1044,3374,3
Old Tambo Rd AL,544041,Rainfall Increment,544041.0.R.1042,3374,4
OLD WARRAH (WARRAH CREEK),555017,Water Level,555017.1.H,7725,2
OLD WARRAH (WARRAH CREEK),555017,Rainfall Increment,555017.1.R,7725,3
OLINDA CREEK AT LILYDALE LAKE RETARDING BASIN,586221,Water Level,586221.1.H,12146,1
OLINDA CREEK AT LILYDALE LAKE RETARDING BASIN,586221,Rainfall,586221.1.R,12146,2
OLINDA CREEK AT LILYDALE LAKE RETARDING BASIN,586221,Rainfall Increment,586221.1.R,12146,3
OLINDA CREEK AT MCINTYRE LANE YERING,586315,Water Level,586315.1.H,12155,1
OLINDA CREEK AT MOUNT EVELYN,586202,Water Level,586202.1.H,12140,1
OLINDA CREEK AT MOUNT EVELYN,586202,Rainfall,586202.1.R,12140,2
OLINDA CREEK AT MOUNT EVELYN,586202,Rainfall Increment,586202.1.R,12140,3
OLINDA CREEK DOWNSTREAM OF LILYDALE LAKE,586330,Water Level,586330.1.H,12165,1
One Mile Br AL,40836,Water Level,40836.0.H.2163,2109,1
One Mile Br AL,40836,Rainfall,40836.0.R.2160,2109,2
One Mile Br AL,40836,Battery,40836.0.B.2161,2109,3
One Mile Br AL,40836,Rainfall Increment,40836.0.R.2160,2109,4
ONKAPARINGA R DS CLARENDON WEIR (DEW),523771,Water Level,523771.1.H,8987,1
ONKAPARINGA R DS HAHNDORF CK (DEW),523772,Water Level,523772.1.H,8989,1
ONKAPARINGA R US OLD NOARLUNGA (DEW),523770,Rainfall Increment,523770.1.R,8985,1
ONKAPARINGA R US OLD NOARLUNGA (DEW),523770,Water Level,523770.1.H,8985,2
ONKAPARINGA RIVER AT PATAPINDA RD BRIDGE (DEW),521011,Water Level,521011.1.H,8891,1
OOHP-FWN-TEST3,290139,Battery,290139.1.B,11423,1
OOHP-FWN-TEST3,290139,Rainfall,290139.1.R,11423,2
OOHP-FWN-TEST3,290139,Rainfall Increment,290139.1.R,11423,3
OOHP-FWN-TEST3,290139,Water Level,290139.1.H,11423,4
OOHP-FWN-TEST3,290139,Battery,290139.2.B.5910,11423,5
OOHP-FWN-TEST3,290139,Rainfall,290139.2.R.5911,11423,6
OOHP-FWN-TEST3,290139,Rainfall Increment,290139.2.R.5911,11423,7
OOHP-FWN-TEST3,290139,Battery,290139.3.B.7930,11423,8
OOHP-FWN-TEST3,290139,Rainfall,290139.3.R.7931,11423,9
OOHP-FWN-TEST3,290139,Rainfall Increment,290139.3.R.7931,11423,10
OOHP-FWN-TEST3,290139,Water Level,290139.3.H.7932,11423,11
OOHP-FWN-TEST3,290139,Battery,290139.4.B.7935,11423,12
OOHP-FWN-TEST3,290139,Battery,290139.5.B.7920,11423,13
OOHP-FWN-TEST3,290139,Rainfall,290139.5.R.7921,11423,14
OOHP-FWN-TEST3,290139,Rainfall Increment,290139.5.R.7921,11423,15
OOHP-FWN-TEST3,290139,Water Level,290139.2.H.5912,11423,16
OOHP-FWN-TEST4,290140,Battery,290140.1.B,11425,1
OOHP-FWN-TEST4,290140,Rainfall,290140.1.R,11425,2
OOHP-FWN-TEST4,290140,Rainfall Increment,290140.1.R,11425,3
OOHP-FWN-TEST4,290140,Water Level,290140.1.H,11425,4
OOHP-FWN-TEST4,290140,Battery,290140.2.B,11425,5
OOHP-FWN-TEST4,290140,Rainfall,290140.2.R,11425,6
OOHP-FWN-TEST4,290140,Rainfall Increment,290140.2.R,11425,7
OOHP-FWN-TEST4,290140,Water Level,290140.2.H,11425,8
OOHP-FWN-TEST4,290140,Battery,290140.8.B.7915,11425,9
OOHP-FWN-TEST4,290140,Rainfall,290140.8.R.7916,11425,10
OOHP-FWN-TEST4,290140,Rainfall Increment,290140.8.R.7916,11425,11
OOHP-FWN-TEST4,290140,Water Level,290140.8.H.7917,11425,12
OOHP-FWN-TEST4,290140,Battery,290140.5.B.7900,11425,13
OOHP-FWN-TEST4,290140,Rainfall,290140.5.R.7901,11425,14
OOHP-FWN-TEST4,290140,Rainfall Increment,290140.5.R.7901,11425,15
OOHP-FWN-TEST4,290140,Water Level,290140.5.H.7902,11425,16
OOHP-FWN-TEST4,290140,Battery,290140.6.B.7905,11425,17
OOHP-FWN-TEST4,290140,Rainfall,290140.6.R.7906,11425,18
OOHP-FWN-TEST4,290140,Rainfall Increment,290140.6.R.7906,11425,19
OOHP-FWN-TEST4,290140,Water Level,290140.6.H.7907,11425,20
OOHP-FWN-TEST4,290140,Battery,290140.7.B.7910,11425,21
OOHP-FWN-TEST4,290140,Rainfall,290140.7.R.7911,11425,22
OOHP-FWN-TEST4,290140,Rainfall Increment,290140.7.R.7911,11425,23
OOHP-FWN-TEST4,290140,Water Level,290140.7.H.7912,11425,24
OOHP-FWN-TEST4,290140,Battery,290140.3.B,11425,25
OOHP-FWN-TEST4,290140,Rainfall,290140.3.R,11425,26
OOHP-FWN-TEST4,290140,Rainfall Increment,290140.3.R,11425,27
OOHP-FWN-TEST4,290140,Water Level,290140.3.H,11425,28
OOHP-FWN-TEST4,290140,Battery,290140.4.B,11425,29
OOHP-FWN-TEST4,290140,Rainfall,290140.4.R,11425,30
OOHP-FWN-TEST4,290140,Rainfall Increment,290140.4.R,11425,31
OOHP-FWN-TEST4,290140,Water Level,290140.4.H,11425,32
OONAVALE TM,541072,Water Level,541072.0.H,7025,2
OONAVALE TM,541072,Rainfall Increment,541072.0.R,7025,3
OONDOOROO TM,537005,Water Level,537005.0.H,6695,2
OONDOOROO TM,537005,Rainfall Increment,537005.0.R,6695,3
Ooralea (Schmidtke Rd) AL,533205,Water Level,533205.0.H.5079,2429,1
Ooralea (Schmidtke Rd) AL,533205,Rainfall,533205.0.R.5078,2429,2
Ooralea (Schmidtke Rd) AL,533205,Battery,533205.0.B.5080,2429,3
Ooralea (Schmidtke Rd) AL,533205,Rainfall Increment,533205.0.R.5078,2429,4
ORANA BRIDGE (MARSHALLS CREEK),558108,Water Level,558108.1.H,5615,1
Orana Park AL,535139,Rainfall,535139.0.R.4453,2504,1
Orana Park AL,535139,Battery,535139.0.B.4454,2504,2
Orana Park AL,535139,Rainfall Increment,535139.0.R.4453,2504,3
Orange (Dalton St Bridge),563081,Water Level,563081.1.H.3553,1695,1
Orange (Dalton St Bridge),563081,Battery,563081.1.B.3554,1695,2
Orange (Kite St),563049,Water Level,563049.1.H.3556,1688,1
Orange (Kite St),563049,Battery,563049.1.B.3557,1688,2
Orange (Kite St),563049,Rainfall,563049.1.R.3555,1688,3
Orange (Kite St),563049,Rainfall Increment,563049.1.R.3555,1688,4
Orange (North Orange WTP),563085,Battery,563085.1.B.3563,1699,1
Orange (North Orange WTP),563085,Rainfall,563085.1.R.3562,1699,2
Orange (North Orange WTP),563085,Rainfall Increment,563085.1.R.3562,1699,3
Orange (Spring Ck WTP),563084,Battery,563084.1.B.3561,1698,1
Orange (Spring Ck WTP),563084,Rainfall,563084.1.R.3560,1698,2
Orange (Spring Ck WTP),563084,Rainfall Increment,563084.1.R.3560,1698,3
Orange (STP),563082,Battery,563082.1.B.3559,1696,1
Orange (STP),563082,Rainfall,563082.1.R.3558,1696,2
Orange (STP),563082,Rainfall Increment,563082.1.R.3558,1696,3
Orange Agricultural Institute,63254,Battery,63254.4.B.3565,1317,1
Orange Agricultural Institute,63254,Rainfall,63254.4.R.3564,1317,2
Orange Agricultural Institute,63254,Rainfall Increment,63254.4.R.3564,1317,3
ORANGE GROVE (ORARA RIVER),559018,Water Level,559018.1.H,7875,1
ORANGE GROVE RD (CABRAMATTA CK),567080,Water Level,567080.1.H,8103,1
ORANMEIR,570344,Rainfall Increment,570344.1.R,5343,2
ORD RIVER HOMESTEAD,502028,Water Level,502028.1.H,10385,2
ORD RIVER HOMESTEAD,502028,Rainfall Increment,502028.1.R,10385,3
ORDINANCE RD CROSSING,509266,Water Level,509266.1.H,10597,1
OReillys AL,40931,Rainfall,40931.0.R.5302,2140,1
OReillys AL,40931,Battery,40931.0.B.5303,2140,2
OReillys AL,40931,Rainfall Increment,40931.0.R.5302,2140,3
OReillys Weir AL,540153,Water Level,540153.0.H.6569,2767,1
OReillys Weir AL,540153,Rainfall,540153.0.R.6568,2767,2
OReillys Weir AL,540153,Rainfall Increment,540153.0.R.6568,2767,3
ORPHAN SCHOOL CK AT SACKVILLE RD,567089,Water Level,567089.1.H,8107,1
Osborne ,523004,Water Level,523004.1.H.5896,1967,1
Osborne ,523004,Battery,523004.1.B.5894,1967,2
OSULLIVAN,509319,Rainfall Increment,509319.1.R,10611,2
Ourimbah (Ourimbah Ck),561152,Water Level,561152.1.H.7387,1652,1
Ourimbah (Ourimbah Ck),561152,Battery,561152.1.B.7388,1652,2
OURIMBAH CK U/S WEIR (OURIMBAH CREEK),561034,Water Level,561034.1.H,7953,1
OUSE RIVER (BLW LIAWENEE CANAL INTAKE),596060,Water Level,596060.1.H,8557,1
OUSE RIVER (BLW LIAWENEE CANAL INTAKE),596060,Flow Rate,596060.1.ML/D,8557,2
OUSE RIVER AT 3B WEIR,595029,Water Level,595029.1.H,8515,1
OUSE RIVER AT 3B WEIR,595029,Flow Rate,595029.1.ML/D,8515,2
OUSE RV (BLW STAFF HOUSE CK),596059,Water Level,596059.1.H,8555,1
OUSE RV (BLW STAFF HOUSE CK),596059,Flow Rate,596059.1.ML/D,8555,2
Outer Harbour Tide AL,33305,Water Level,33305.0.H.6182,2057,1
Outer Harbour Tide AL,33305,Battery,33305.0.B.6184,2057,2
OUTER HARBOUR TIDE TM,533009,Water Level,533009.0.H,5185,1
Oven Mountain,557010,Battery,557010.1.B.7333,1455,1
Oven Mountain,557010,Rainfall,557010.1.R.7335,1455,2
Oven Mountain,557010,Rainfall Increment,557010.1.R.7335,1455,3
Ovens River @ Eurobin,82112,Rainfall,82112.1.R.167,4666,1
Ovens River @ Eurobin,82112,Water Level,82112.1.H.168,4666,2
Ovens River @ Eurobin,82112,Battery,82112.1.B.169,4666,3
Ovens River @ Eurobin,82112,Rainfall Increment,82112.1.R.167,4666,4
OVENS RIVER @ EUROBIN,82112,Rainfall,82112.2.R,9777,1
OVENS RIVER @ EUROBIN,82112,Water Level,82112.2.H,9777,2
OVENS RIVER @ EUROBIN,82112,Rainfall Increment,82112.2.R,9777,3
OVENS RIVER @ HARRIETVILLE,83001,Water Level,83001.2.H,9797,1
OVENS RIVER @ MYRTLEFORD,582027,Water Level,582027.1.H,9417,1
OVENS RIVER @ PEECHELBA EAST,582021,Water Level - AHD,582021.1.H,9409,1
Ovens River @ Rocky Point,582014,Water Level,582014.1.H.139,4667,1
Ovens River @ Rocky Point,582014,Rainfall,582014.1.R.138,4667,2
Ovens River @ Rocky Point,582014,Battery,582014.1.B.140,4667,3
Ovens River @ Rocky Point,582014,Rainfall Increment,582014.1.R.138,4667,4
OVENS RIVER @ WANGARATTA,582033,Water Level,582033.1.H,9421,1
OVENS RIVER AT BRIGHT,583148,Rainfall,583148.2.R,9439,1
OVENS RIVER AT BRIGHT,583148,Water Level,583148.2.H,9439,2
OVENS RIVER AT BRIGHT,583148,Rainfall Increment,583148.2.R,9439,3
Ovens River at Bright,583148,Rainfall,583148.1.R.156,4697,1
Ovens River at Bright,583148,Water Level,583148.1.H.157,4697,2
Ovens River at Bright,583148,Battery,583148.1.B.158,4697,3
Ovens River at Bright,583148,Rainfall Increment,583148.1.R.156,4697,4
Ovens River at Harrietville,83001,Battery,83001.1.B.159,4783,1
Ovens River at Harrietville,83001,Rainfall,83001.1.R.160,4783,2
Ovens River at Harrietville,83001,Battery,83001.2.B.171,4783,3
Ovens River at Harrietville,83001,Water Level,83001.1.H.170,4783,4
Ovens River at Harrietville,83001,Rainfall Increment,83001.1.R.160,4783,5
OVENS RIVER AT ROCKY POINT,582014,Rainfall,582014.2.R,9397,1
OVENS RIVER AT ROCKY POINT,582014,Water Level,582014.2.H,9397,2
OVENS RIVER AT ROCKY POINT,582014,Rainfall Increment,582014.2.R,9397,3
Owanyilla AL,540686,Water Level,540686.0.H.5618,3137,1
Owanyilla AL,540686,Rainfall,540686.0.R.5617,3137,2
Owanyilla AL,540686,Battery,540686.0.B.5619,3137,3
Owanyilla AL,540686,Rainfall Increment,540686.0.R.5617,3137,4
Oxenford Weir AL,540292,Water Level,540292.0.H.2327,2859,1
Oxenford Weir AL,540292,Rainfall,540292.0.R.2326,2859,2
Oxenford Weir AL,540292,Battery,540292.0.B.2328,2859,3
Oxenford Weir AL,540292,Rainfall Increment,540292.0.R.2326,2859,4
OXFORD DOWNS-SARINA RD TM,534039,Rainfall,534039.0.R,10099,1
OXFORD DOWNS-SARINA RD TM,534039,Water Level,534039.0.H,10099,2
OXFORD DOWNS-SARINA RD TM,534039,Rainfall Increment,534039.0.R,10099,3
Oxley Ck (Ipswich Rd) AL,540805,Water Level,540805.0.H.1890,3225,1
Oxley Ck (Ipswich Rd) AL,540805,Battery,540805.0.B.1891,3225,2
Oxley Ck AL,540646,Water Level,540646.0.H.6213,3101,1
Oxley Ck AL,540646,Rainfall,540646.0.R.6212,3101,2
Oxley Ck AL,540646,Battery,540646.0.B.6214,3101,3
Oxley Ck AL,540646,Rainfall Increment,540646.0.R.6212,3101,4
Oxley Ck Mouth AL,540274,Water Level,540274.0.H.1588,2848,1
Oxley Ck Mouth AL,540274,Battery,540274.0.B.1587,2848,2
OXLEY STATION (MACQUARIE RIVER),51146,Water Level,51146.1.H,7451,1
Oyster Ck AL,540252,Water Level - AHD,540252.0.H.2266,2836,1
Oyster Ck AL,540252,Rainfall,540252.0.R.2265,2836,2
Oyster Ck AL,540252,Battery,540252.0.B.2267,2836,3
Oyster Ck AL,540252,Rainfall Increment,540252.0.R.2265,2836,4
PACE RD ROLLINGSTONE TM,532154,Rainfall,532154.0.R,10051,1
PACE RD ROLLINGSTONE TM,532154,Rainfall Increment,532154.0.R,10051,2
Pacific Haven AL,40903,Water Level,40903.0.H.6081,2133,1
Pacific Haven AL,40903,Rainfall,40903.0.R.6080,2133,2
Pacific Haven AL,40903,Battery,40903.0.B.6082,2133,3
Pacific Haven AL,40903,Rainfall Increment,40903.0.R.6080,2133,4
Pacific Haven Drive TM,540812,Rainfall,540812.0.R.6099,3231,1
Pacific Haven Drive TM,540812,Rainfall Increment,540812.0.R.6099,3231,2
PACIFIC HAVEN DRIVE TM,540812,Rainfall,540812.0.R,10221,1
PACIFIC HAVEN DRIVE TM,540812,Rainfall Increment,540812.0.R,10221,2
PACIFIC HIGHWAY (CORINDI RIVER),559069,Rainfall,559069.1.R,11989,1
PACIFIC HIGHWAY (CORINDI RIVER),559069,Rainfall Increment,559069.1.R,11989,2
PACIFIC HIGHWAY (CORINDI RIVER),559069,Water Level,559069.1.H,11989,3
Pacific Pines AL,540693,Rainfall,540693.0.R.2421,3144,1
Pacific Pines AL,540693,Battery,540693.0.B.2422,3144,2
Pacific Pines AL,540693,Rainfall Increment,540693.0.R.2421,3144,3
PAGES RIVER U/S KEWELL CREEK,561159,Water Level,561159.1.H,7995,1
Paget AL,533206,Water Level,533206.0.H.5082,2430,1
Paget AL,533206,Rainfall,533206.0.R.5081,2430,2
Paget AL,533206,Battery,533206.0.B.5083,2430,3
Paget AL,533206,Rainfall Increment,533206.0.R.5081,2430,4
PAINKALAC CREEK @ PAINKALAC RES. H.G.,590027,Rainfall,590027.1.R,9745,1
PAINKALAC CREEK @ PAINKALAC RES. H.G.,590027,Rainfall Increment,590027.1.R,9745,2
PAKENHAM UPPER RAIN GAUGE,586091,Rainfall,586091.1.R,12197,1
PAKENHAM UPPER RAIN GAUGE,586091,Rainfall Increment,586091.1.R,12197,2
Palen Creek AL,40942,Rainfall,40942.0.R.5330,2151,1
Palen Creek AL,40942,Battery,40942.0.B.5331,2151,2
Palen Creek AL,40942,Rainfall Increment,40942.0.R.5330,2151,3
PALLAMALLAWA (GWYDIR RIVER),553000,Water Level,553000.1.H,7615,1
Pallarenda AL,532079,Rainfall,532079.0.R.2770,2320,1
Pallarenda AL,532079,Battery,532079.0.B.2771,2320,2
Pallarenda AL,532079,Rainfall Increment,532079.0.R.2770,2320,3
Palm Beach (Sarawak Ave) AL,540838,Rainfall,540838.0.R.2427,11491,1
Palm Beach (Sarawak Ave) AL,540838,Battery,540838.0.B.2428,11491,2
Palm Beach (Sarawak Ave) AL,540838,Rainfall Increment,540838.0.R.2427,11491,3
PALM COVE TIDE TM,531089,Water Level,531089.0.H,5169,1
Palm Grove (Lyrebird Lane),61432,Battery,61432.1.B.7378,1303,1
Palm Grove (Lyrebird Lane),61432,Rainfall,61432.1.R.7379,1303,2
Palm Grove (Lyrebird Lane),61432,Rainfall Increment,61432.1.R.7379,1303,4
PALMER,509309,Water Level,509309.1.H,10607,1
PALMER RIVER TM,531031,Water Level,531031.0.H,6317,2
PALMER RIVER TM,531031,Rainfall Increment,531031.0.R,6317,3
Palmers Road,558018,Water Level,558018.1.H.7199,1467,1
Palmers Road,558018,Battery,558018.1.B.7149,1467,2
Palmers Road,558018,Rainfall,558018.1.R.7198,1467,3
Palmers Road,558018,Rainfall Increment,558018.1.R.7198,1467,4
PALMERSTON (HYDRO TAS),591043,Rainfall Increment,591043.1.R,8469,2
Palmview AL,540350,Water Level,540350.0.H.5411,2912,1
Palmview AL,540350,Rainfall,540350.0.R.5410,2912,2
Palmview AL,540350,Battery,540350.0.B.5412,2912,3
Palmview AL,540350,Rainfall Increment,540350.0.R.5410,2912,4
Palmwoods AL,540219,Rainfall,540219.0.R.6422,2811,1
Palmwoods AL,540219,Battery,540219.0.B.6423,2811,2
Palmwoods AL,540219,Rainfall Increment,540219.0.R.6422,2811,3
Palmwoods Sportsground AL,540420,Water Level,540420.0.H.5554,2952,1
Palmwoods Sportsground AL,540420,Rainfall,540420.0.R.5553,2952,2
Palmwoods Sportsground AL,540420,Battery,540420.0.B.5555,2952,3
Palmwoods Sportsground AL,540420,Rainfall Increment,540420.0.R.5553,2952,4
Paluma AL,532049,Rainfall,532049.0.R.2704,2299,1
Paluma AL,532049,Battery,532049.0.B.2705,2299,2
Paluma AL,532049,Rainfall Increment,532049.0.R.2704,2299,3
Paluma Dam AL,532063,Water Level,532063.0.H.2762,2309,1
Paluma Dam AL,532063,Rainfall,532063.0.R.2761,2309,2
Paluma Dam AL,532063,Battery,532063.0.B.2763,2309,3
Paluma Dam AL,532063,Rainfall Increment,532063.0.R.2761,2309,4
PAMPAS BRIDGE TM,541047,Water Level,541047.0.H,7005,1
Panorama Ck (Dawson Hway) AL,535214,Water Level,535214.0.H.1186,2554,1
Panorama Ck (Dawson Hway) AL,535214,Rainfall,535214.0.R.1185,2554,2
Panorama Ck (Dawson Hway) AL,535214,Battery,535214.0.B.1187,2554,3
Panorama Ck (Dawson Hway) AL,535214,Rainfall Increment,535214.0.R.1185,2554,4
Paradise Ck Rd AL,540534,Rainfall,540534.0.R.4004,3043,1
Paradise Ck Rd AL,540534,Battery,540534.0.B.4005,3043,2
Paradise Ck Rd AL,540534,Rainfall Increment,540534.0.R.4004,3043,3
Paradise Dam AL,539152,Water Level,539152.0.H.4729,2593,1
Paradise Dam AL,539152,Rainfall,539152.0.R.4728,2593,2
Paradise Dam AL,539152,Battery,539152.0.B.4730,2593,3
Paradise Dam AL,539152,Rainfall Increment,539152.0.R.4728,2593,4
PARADISE DAM HW TM,539108,Rainfall Increment,539108.0.R,7231,1
PARADISE DAM HW TM,539108,Water Level,539108.0.H,7231,2
Paradise Lagoon AL,532026,Rainfall,532026.0.R.2706,2276,1
Paradise Lagoon AL,532026,Battery,532026.0.B.2707,2276,2
Paradise Lagoon AL,532026,Rainfall Increment,532026.0.R.2706,2276,3
PARADISE STATION (PARADISE CK),556035,Water Level,556035.1.H,7809,2
PARADISE STATION (PARADISE CK),556035,Rainfall Increment,556035.1.R,7809,3
PARADISE WEIR (PEEL RIVER),556005,Water Level,556005.1.H,7759,1
Paradise Weir (Peel River),556005,Water Level,556005.2.H.3620,1452,1
Paradise Weir (Peel River),556005,Battery,556005.1.B.3619,1452,2
Pareora ,21063,Rainfall,21063.1.R.5117,1864,1
Pareora ,21063,Battery,21063.1.B.5116,1864,2
Pareora ,21063,Rainfall Increment,21063.1.R.5117,1864,3
Park Ridge (Stoney Camp Rd) AL,540787,Rainfall,540787.0.R.6262,3208,1
Park Ridge (Stoney Camp Rd) AL,540787,Rainfall Increment,540787.0.R.6262,3208,2
PARKERS CORNER RAIN GAUGE AT DELWP OFFICE,85238,Rainfall,85238.1.R,12270,1
PARKERS CORNER RAIN GAUGE AT DELWP OFFICE,85238,Rainfall Increment,85238.1.R,12270,2
Parkers Gap,70214,Battery,70214.1.B.3399,1419,1
Parkers Gap,70214,Rainfall,70214.1.R.3398,1419,2
Parkers Gap,70214,Rainfall Increment,70214.1.R.3398,1419,3
Parklands AL,540645,Water Level,540645.0.H.6270,3100,1
Parklands AL,540645,Rainfall,540645.0.R.6269,3100,2
Parklands AL,540645,Battery,540645.0.B.6271,3100,3
Parklands AL,540645,Rainfall Increment,540645.0.R.6269,3100,4
PARKNOOK (LAKE RIVER),593000,Water Level,593000.1.H,8495,1
PARKNOOK (LAKE RIVER),593000,Flow Rate,593000.1.ML/D,8495,2
Parkville,61373,Water Level,61373.1.H.7862,1280,1
Parkville,61373,Battery,61373.1.B.7863,1280,2
Parkville,61373,Rainfall,61373.1.R.7861,1280,3
Parkville,61373,Rainfall Increment,61373.1.R.7861,1280,4
PARKVILLE (KINGDON PONDS),61373,Water Level,61373.2.H,8401,2
PARKVILLE (KINGDON PONDS),61373,Rainfall Increment,61373.2.R,8401,3
Parramatta (Valentine Ave),566000,Battery,566000.1.B.7298,1706,1
Parramatta (Valentine Ave),566000,Rainfall,566000.1.R.7299,1706,2
Parramatta (Valentine Ave),566000,Rainfall Increment,566000.1.R.7299,1706,3
Parramatta River (Riverside Theatre),567112,Water Level,567112.2.H.7293,1750,1
Parramatta River (Riverside Theatre),567112,Battery,567112.2.B.7292,1750,2
Parrearra Weir U/S AL,540348,Water Level,540348.0.H.5417,2910,1
Parrearra Weir U/S AL,540348,Rainfall,540348.0.R.5416,2910,2
Parrearra Weir U/S AL,540348,Battery,540348.0.B.5418,2910,3
Parrearra Weir U/S AL,540348,Rainfall Increment,540348.0.R.5416,2910,4
PARWAN CREEK AT MADDINGLEY,587096,Water Level,587096.1.H,12032,1
PARWAN CREEK AT MADDINGLEY,587096,Rainfall,587096.1.R,12032,2
PARWAN CREEK AT MADDINGLEY,587096,Rainfall Increment,587096.1.R,12032,3
Patawalonga Lake ,523060,Battery,523060.1.B.5274,1974,1
Patawalonga Lake ,523060,Rainfall,523060.1.R.5275,1974,2
Patawalonga Lake ,523060,Rainfall Increment,523060.1.R.5275,1974,3
PATERSON D/S RAILWAY BR (PATERSON RIVER),561032,Water Level,561032.1.H,5725,1
PATONGA (TIDAL),561149,Water Level,561149.1.H,5835,1
PATRICIA PARK TM,544064,Rainfall,544064.0.R,9175,1
PATRICIA PARK TM,544064,Water Level,544064.0.H,9175,2
PATRICIA PARK TM,544064,Rainfall Increment,544064.0.R,9175,3
PATTERSON RIVER AT WHALERS COVE PATTERSON LAKES,586204,Water Level,586204.1.H,12260,1
PAULS CREEK D/S HEALESVILLE-YARRA GLEN RD TARRAWARRA,586310,Water Level,586310.1.H,12152,1
Paynedale Alert,9987,Rainfall,9987.1.R.5981,4413,1
Paynedale Alert,9987,Battery,9987.1.B.5980,4413,2
Paynedale Alert,9987,Rainfall Increment,9987.1.R.5981,4413,3
Payneham ,23101,Rainfall,23101.1.R.5870,1876,1
Payneham ,23101,Battery,23101.1.B.5869,1876,2
Payneham ,23101,Rainfall Increment,23101.1.R.5870,1876,3
Peachester AL,540059,Water Level,540059.0.H.6776,2701,1
PEACHESTER TM,540046,Water Level,540046.0.H,6815,1
Peacock Siding AL,32173,Water Level,32173.0.H.6023,2028,1
Peacock Siding AL,32173,Rainfall,32173.0.R.6020,2028,2
Peacock Siding AL,32173,Battery,32173.0.B.6019,2028,3
Peacock Siding AL,32173,Rainfall Increment,32173.0.R.6020,2028,4
Peak Crossing AL,540065,Water Level,540065.0.H.2063,2707,1
Peak Crossing AL,540065,Rainfall,540065.0.R.2062,2707,2
Peak Crossing AL,540065,Battery,540065.0.B.2064,2707,3
Peak Crossing AL,540065,Rainfall Increment,540065.0.R.2062,2707,4
PEAK DOWNS HIGHWAY TM,534040,Rainfall,534040.0.R,10101,1
PEAK DOWNS HIGHWAY TM,534040,Water Level,534040.0.H,10101,2
PEAK DOWNS HIGHWAY TM,534040,Rainfall Increment,534040.0.R,10101,3
PEAK HILL (BOGAN RIVER),550001,Water Level,550001.1.H,7539,1
Peak Vale AL,535159,Rainfall,535159.0.R.5998,2522,1
Peak Vale AL,535159,Battery,535159.0.B.5999,2522,2
Peak Vale AL,535159,Rainfall Increment,535159.0.R.5998,2522,3
Peakhurst Golf Club,66148,Battery,66148.1.B.7639,1355,1
Peakhurst Golf Club,66148,Rainfall,66148.1.R.7638,1355,2
Peakhurst Golf Club,66148,Rainfall Increment,66148.1.R.7638,1355,3
PEARL BEACH RESERVOIR,561151,Rainfall Increment,561151.1.R,5839,2
PEDLER CK AT MOANA (DEW),523767,Rainfall Increment,523767.1.R,8979,1
PEDLER CK AT MOANA (DEW),523767,Water Level,523767.1.H,8979,2
PEDLER CK AT STUMP HILL ROAD (DEW),523768,Water Level,523768.1.H,8981,1
PEEKADOO TM,535066,Rainfall Increment,535066.0.R,6663,2
Peets Bridge AL,531052,Water Level,531052.0.H.5108,2240,1
Peets Bridge AL,531052,Rainfall,531052.0.R.5107,2240,2
Peets Bridge AL,531052,Battery,531052.0.B.5109,2240,3
Peets Bridge AL,531052,Rainfall Increment,531052.0.R.5107,2240,4
Peets Bridge AL-B,531099,Water Level,531099.0.H.5117,2253,1
Peets Bridge AL-B,531099,Rainfall,531099.0.R.5116,2253,2
Peets Bridge AL-B,531099,Battery,531099.0.B.5118,2253,3
Peets Bridge AL-B,531099,Rainfall Increment,531099.0.R.5116,2253,4
PEETS BRIDGE TM,531023,Water Level,531023.0.H,6303,2
PEETS BRIDGE TM,531023,Rainfall Increment,531023.0.R,6303,3
Pejar Dam,570068,Water Level,570068.1.H.3240,1841,1
Pejar Dam,570068,Battery,570068.1.B.3241,1841,2
Pejar Dam,570068,Rainfall,570068.1.R.3239,1841,3
Pejar Dam,570068,Rainfall Increment,570068.1.R.3239,1841,4
Pelican Waters AL,540738,Rainfall,540738.0.R.5433,3182,1
Pelican Waters AL,540738,Battery,540738.0.B.5446,3182,2
Pelican Waters AL,540738,Rainfall Increment,540738.0.R.5433,3182,3
PELLS ISLAND,506016,Water Level,506016.1.H,10499,1
Pendle Hill Creek,567118,Water Level,567118.1.H.7246,1754,1
Pendle Hill Creek,567118,Battery,567118.1.B.7245,1754,2
PENRICE (DEW),523314,Rainfall Increment,523314.1.R,8959,1
PENRICE (DEW),523314,Water Level,523314.1.H,8959,2
Penrith (Nepean River),567047,Water Level,567047.1.H.3002,1721,1
Penrith (Nepean River),567047,Battery,567047.1.B.3004,1721,2
PENRITH (NEPEAN RIVER),567047,Water Level,567047.2.H,5257,1
PENTLAND TM,530003,Water Level,530003.0.H,6267,2
PENTLAND TM,530003,Rainfall Increment,530003.0.R,6267,3
Penwortham ,521100,Battery,521100.1.B.5321,1964,1
Penwortham ,521100,Rainfall,521100.1.R.5322,1964,2
Penwortham ,521100,Rainfall Increment,521100.1.R.5322,1964,3
Peranga (Haden-Maclagan Rd) TM,541167,Water Level,541167.0.H,3326,1
Peranga (Haden-Maclagan Rd) TM,541167,Rainfall,541167.0.R,3326,2
Peranga (Haden-Maclagan Rd) TM,541167,Rainfall Increment,541167.0.R,3326,3
Perry Drive (Coffs Harbour),559019,Battery,559019.1.B.7825,1534,1
Perry Drive (Coffs Harbour),559019,Rainfall,559019.1.R.7824,1534,2
Perry Drive (Coffs Harbour),559019,Rainfall Increment,559019.1.R.7824,1534,3
Perseverance AL,540298,Water Level,540298.0.H,2865,1
Perseverance AL,540298,Rainfall,540298.0.R.6780,2865,2
Perseverance AL,540298,Battery,540298.0.B.6781,2865,3
Perseverance AL,540298,Rainfall Increment,540298.0.R.6780,2865,4
Perth (South Esk),591031,Battery,591031.1.B.648,4311,1
Perth (South Esk),591031,Water Level,591031.2.H.649,4311,2
PERTH (SOUTH ESK),591031,Water Level,591031.1.H,8697,2
PERTH (SOUTH ESK),591031,Rainfall Increment,591031.1.R,8697,3
Perthville (Queen Charlottes Creek),563102,Battery,563102.1.B.3566,1704,1
Perthville (Queen Charlottes Creek),563102,Rainfall,563102.2.R.3567,1704,3
Perthville (Queen Charlottes Creek),563102,Water Level,563102.1.H.7720,1704,4
Perthville (Queen Charlottes Creek),563102,Rainfall Increment,563102.2.R.3567,1704,5
Peter Faust Dam HW AL,533172,Water Level,533172.0.H.2651,2409,1
Peter Faust Dam HW AL,533172,Rainfall,533172.0.R.2650,2409,2
Peter Faust Dam HW AL,533172,Battery,533172.0.B.2652,2409,3
Peter Faust Dam HW AL,533172,Rainfall Increment,533172.0.R.2650,2409,4
PETER FAUST DAM HW TM,533019,Water Level,533019.0.H,7145,2
PETER FAUST DAM HW TM,533019,Rainfall Increment,533019.0.R,7145,3
PETER FAUST DAM TW TM,33274,Water Level,33274.0.H,7119,1
PETERSON CK TM,531098,Water Level,531098.0.H,6377,1
Petrona AL,535125,Water Level,535125.0.H.5993,2490,1
Petrona AL,535125,Rainfall,535125.0.R.5992,2490,2
Petrona AL,535125,Battery,535125.0.B.5994,2490,3
Petrona AL,535125,Rainfall Increment,535125.0.R.5992,2490,4
PFITZNERS WELL,517007,Rainfall Increment,517007.1.R,8871,2
Pheasant Ck AL,539169,Rainfall,539169.0.R.4488,2608,1
Pheasant Ck AL,539169,Battery,539169.0.B.4489,2608,2
Pheasant Ck AL,539169,Rainfall Increment,539169.0.R.4488,2608,3
Pheasants Nest (Nepean River),563021,Water Level,563021.1.H.3187,1677,1
Pheasants Nest (Nepean River),563021,Battery,563021.1.B.3188,1677,2
PHEASANTS NEST (NEPEAN RIVER),563021,Water Level,563021.2.H,5223,1
PHILLIPS RANGE,502024,Water Level,502024.1.H,10381,2
PHILLIPS RANGE,502024,Rainfall Increment,502024.1.R,10381,3
PIALLAMORE (PEEL RIVER),55315,Water Level,55315.1.H,7663,1
Piallamore (Peel River),55315,Water Level,55315.2.H.3622,1141,1
Piallamore (Peel River),55315,Battery,55315.1.B.3621,1141,2
Picnic Bay AL,532081,Rainfall,532081.0.R.2776,2321,1
Picnic Bay AL,532081,Battery,532081.0.B.2777,2321,2
Picnic Bay AL,532081,Rainfall Increment,532081.0.R.2776,2321,3
PICNIC CROSSING TM,531066,Water Level,531066.0.H,6335,1
PICNIC POINT (GEORGES RIVER),566011,Water Level,566011.1.H,5861,1
Picnic Point AL,540094,Water Level,540094.0.H.6445,2721,1
Picnic Point AL,540094,Rainfall,540094.0.R.6443,2721,2
Picnic Point AL,540094,Battery,540094.0.B.6444,2721,3
Picnic Point AL,540094,Rainfall Increment,540094.0.R.6443,2721,4
PICTON (CEDAR CREEK),568217,Rainfall Increment,568217.1.R,5307,2
PICTON (STONEQUARRY CK),568172,Water Level,568172.1.H,8113,2
PICTON (STONEQUARRY CK),568172,Rainfall Increment,568172.1.R,8113,3
PICTON LAKESLAND ROAD,568295,Rainfall Increment,568295.1.R,8117,2
PIEMAN RIVER BELOW STRINGERS CREEK,597049,Water Level,597049.1.H,8599,1
PIEMAN RIVER BELOW STRINGERS CREEK,597049,Flow Rate,597049.1.ML/D,8599,2
Pigick Comparison,77099,Rainfall,77099.2.R,4828,1
Pigick Comparison,77099,Battery,77099.2.B,4828,2
Pigick Comparison,77099,Rainfall Increment,77099.2.R,4828,3
Pikedale TM,41365,Rainfall,41365.0.R,2174,1
Pikedale TM,41365,Battery,41365.0.B,2174,2
Pikedale TM,41365,Rainfall Increment,41365.0.R,2174,3
Pikes Creek AL,541191,Rainfall,541191.0.R.5773,3335,1
Pikes Creek AL,541191,Battery,541191.0.B.5774,3335,2
Pikes Creek AL,541191,Rainfall Increment,541191.0.R.5773,3335,3
Pillar Valley,58079,Battery,58079.2.B.7845,1178,1
Pillar Valley,58079,Rainfall,58079.2.R.7844,1178,2
Pillar Valley,58079,Rainfall Increment,58079.2.R.7844,1178,3
PILLIGAWARRINA (MACQUARIE RIVER),541027,Water Level,541027.1.H,7467,1
Pilton (Gatton-Clifton Rd) TM,541168,Rainfall,541168.0.R,3327,1
Pilton (Gatton-Clifton Rd) TM,541168,Rainfall Increment,541168.0.R,3327,2
PINCUNAH,504032,Water Level,504032.1.H,10437,2
PINCUNAH,504032,Rainfall Increment,504032.1.R,10437,3
Pindari AL,535174,Rainfall,535174.0.R.1181,2532,1
Pindari AL,535174,Battery,535174.0.B.1182,2532,2
Pindari AL,535174,Rainfall Increment,535174.0.R.1181,2532,3
PINDARI DAM W/L (SEVERN RIVER),554001,Water Level,554001.1.H,7667,1
PINDARRING ROCKS,508017,Water Level,508017.1.H,10515,2
PINDARRING ROCKS,508017,Rainfall Increment,508017.1.R,10515,3
Pine Ck Rd AL,539263,Water Level,539263.0.H.4383,2693,1
Pine Ck Rd AL,539263,Rainfall,539263.0.R.4382,2693,2
Pine Ck Rd AL,539263,Battery,539263.0.B.4384,2693,3
Pine Ck Rd AL,539263,Rainfall Increment,539263.0.R.4382,2693,4
Pine Creek at Broadford,588022,Rainfall,588022.1.R.404,4669,1
Pine Creek at Broadford,588022,Battery,588022.1.B.405,4669,2
Pine Creek at Broadford,588022,Rainfall Increment,588022.1.R.404,4669,3
PINE FOREST MOOR,596071,Rainfall Increment,596071.1.R,8573,2
Pine Hill Crossing,42113,Battery,42113.0.B,11365,1
Pine Hill Crossing,42113,Rainfall,42113.0.R,11365,2
Pine Hill Crossing,42113,Water Level,42113.0.H,11365,3
Pine Hill Crossing,42113,Rainfall Increment,42113.0.R,11365,4
Pine Hills TM,43051,Rainfall,43051.0.R,2208,1
Pine Hills TM,43051,Battery,43051.0.B,2208,2
Pine Hills TM,43051,Rainfall Increment,43051.0.R,2208,3
PINE PLANTATION,509471,Water Level,509471.1.H,10699,1
Pine Ridge (Billabong),55046,Battery,55046.1.B.3707,1130,1
Pine Ridge (Billabong),55046,Rainfall,55046.1.R.3706,1130,2
Pine Ridge (Billabong),55046,Rainfall Increment,55046.1.R.3706,1130,3
PINE TIER DAM,596062,Water Level - AHD,596062.1.H,8561,1
PINE TREE RIVULET (LAKE HIGHWAY),596012,Water Level,596012.1.H,8527,2
PINE TREE RIVULET (LAKE HIGHWAY),596012,Rainfall Increment,596012.1.R,8527,3
PINE TREE RIVULET (LAKE HIGHWAY),596012,Flow Rate,596012.1.ML/D,8527,4
PINEGROVE (GWYDIR),554007,Water Level,554007.1.H,7677,1
PINEGROVE (TOOMA RIVER),572005,Water Level,572005.1.H,8205,2
PINEGROVE (TOOMA RIVER),572005,Rainfall Increment,572005.1.R,8205,3
Pinelands AL,542017,Rainfall,542017.0.R.6148,3349,1
Pinelands AL,542017,Battery,542017.0.B.6149,3349,2
Pinelands AL,542017,Rainfall Increment,542017.0.R.6148,3349,3
Pingelly,10626,Rainfall,10626.2.R.6303,4439,1
Pingelly,10626,Battery,10626.1.B.6302,4439,2
Pingelly,10626,Rainfall Increment,10626.2.R.6303,4439,3
Pinjarra South,9976,Rainfall,9976.1.R.6044,4406,1
Pinjarra South,9976,Battery,9976.1.B.6043,4406,2
Pinjarra South,9976,Rainfall Increment,9976.1.R.6044,4406,3
PINJARRA TM,509542,Water Level,509542.1.H,10781,1
Pink Lagoon AL,534044,Water Level,534044.0.H.1157,2445,1
Pink Lagoon AL,534044,Rainfall,534044.0.R.1156,2445,2
Pink Lagoon AL,534044,Battery,534044.0.B.1158,2445,3
Pink Lagoon AL,534044,Rainfall Increment,534044.0.R.1156,2445,4
PINK LAGOON TM,534004,Water Level,534004.0.H,6583,2
PINK LAGOON TM,534004,Rainfall Increment,534004.0.R,6583,3
PIPEHEAD,509481,Water Level,509481.1.H,10713,1
PIPERS RIVER D/S YARROW CREEK,591061,Rainfall Increment,591061.1.R,8725,2
PITTURI CREEK TM,538019,Water Level,538019.0.H,10217,1
Planet Downs AL,535213,Rainfall,535213.0.R.1188,2553,1
Planet Downs AL,535213,Battery,535213.0.B.1189,2553,2
Planet Downs AL,535213,Rainfall Increment,535213.0.R.1188,2553,3
PLENTY RIVER AT BRIDGE INN RD MERNDA,586149,Water Level,586149.1.H,12129,1
PLENTY RIVER AT BRIDGE INN RD MERNDA,586149,Rainfall,586149.1.R,12129,2
PLENTY RIVER AT BRIDGE INN RD MERNDA,586149,Rainfall Increment,586149.1.R,12129,3
PLENTY RIVER AT EVELYN STREET WHITTLESEA (WE129),586322,Water Level,586322.1.H,12160,1
PLENTY RIVER AT GREENSBOROUGH,586212,Water Level,586212.1.H,12142,1
PLENTY RIVER AT GREENSBOROUGH,586212,Rainfall,586212.1.R,12142,2
PLENTY RIVER AT GREENSBOROUGH,586212,Rainfall Increment,586212.1.R,12142,3
PLENTY RIVER AT MAIN ROAD LOWER PLENTY,586171,Water Level,586171.1.H,12135,1
PLENTY RIVER AT MAIN ROAD LOWER PLENTY,586171,Rainfall,586171.1.R,12135,2
PLENTY RIVER AT MAIN ROAD LOWER PLENTY,586171,Rainfall Increment,586171.1.R,12135,3
PLENTY RIVER AT TOOROURRONG RESERVOIR HEAD GAUGE,586320,Water Level,586320.1.H,12108,1
PLENTY RIVER AT TOOROURRONG RESERVOIR HEAD GAUGE,586320,Rainfall,586320.1.R,12108,2
PLENTY RIVER AT TOOROURRONG RESERVOIR HEAD GAUGE,586320,Rainfall Increment,586320.1.R,12108,3
Plevna AL,533035,Rainfall,533035.0.R.6194,2349,1
Plevna AL,533035,Battery,533035.0.B.6195,2349,2
Plevna AL,533035,Rainfall Increment,533035.0.R.6194,2349,3
PLIMSOLL LAKE LEAKAGE WEIR-LEVEE DAM,597052,Rainfall Increment,597052.1.R,8605,2
PLOZA RD TM,533192,Rainfall Increment,533192.0.R,6571,2
Plummers Lane (Macleay River),559035,Water Level,559035.1.H.7771,1547,1
Plummers Lane (Macleay River),559035,Battery,559035.1.B.7773,1547,2
POATINA TAILRACE CNL NO.1 DROP,591074,Rainfall Increment,591074.1.R,8491,2
Pocket Ck Rd AL,539170,Rainfall,539170.0.R.4486,2609,1
Pocket Ck Rd AL,539170,Battery,539170.0.B.4487,2609,2
Pocket Ck Rd AL,539170,Rainfall Increment,539170.0.R.4486,2609,3
Pohlmans Range AL,540459,Rainfall,540459.0.R.2004,2979,1
Pohlmans Range AL,540459,Battery,540459.0.B.2005,2979,2
Pohlmans Range AL,540459,Rainfall Increment,540459.0.R.2004,2979,3
Point Lookout,57124,Battery,57124.1.B.7211,1172,1
Point Lookout,57124,Rainfall,57124.1.R.7210,1172,2
Point Lookout,57124,Rainfall Increment,57124.1.R.7210,1172,3
POISON,509604,Rainfall Increment,509604.1.R,10825,2
POISON LEASE,509458,Water Level,509458.1.H,10675,1
Pokolbin (Ben Ean),61056,Battery,61056.2.B.3726,1257,1
Pokolbin (Ben Ean),61056,Rainfall,61056.2.R.3725,1257,2
Pokolbin (Ben Ean),61056,Rainfall Increment,61056.2.R.3725,1257,3
POLEY TOWER RAIN GAUGE AT FIRE TOWER,586021,Rainfall,586021.1.R,12087,1
POLEY TOWER RAIN GAUGE AT FIRE TOWER,586021,Rainfall Increment,586021.1.R,12087,2
Police Ck AL,539228,Water Level,539228.0.H.4377,2665,1
Police Ck AL,539228,Battery,539228.0.B.4378,2665,2
POMEROY (KIALLA CREEK),570072,Water Level,570072.1.H,8181,1
Pomona (Hill St) AL,540775,Water Level,540775.0.H.6966,3196,1
Pomona (Hill St) AL,540775,Rainfall,540775.0.R.6965,3196,2
Pomona (Hill St) AL,540775,Battery,540775.0.B.6967,3196,3
Pomona (Hill St) AL,540775,Rainfall Increment,540775.0.R.6965,3196,4
Pomona (Subway Ave) AL,540776,Water Level,540776.0.H.6968,3197,1
Pomona (Subway Ave) AL,540776,Battery,540776.0.B.6969,3197,2
Pomona AL,540324,Rainfall,540324.0.R.6926,2886,1
Pomona AL,540324,Battery,540324.0.B.6927,2886,2
Pomona AL,540324,Rainfall Increment,540324.0.R.6926,2886,3
Ponderosa ,24585,Battery,24585.1.B.5144,1954,1
Ponderosa ,24585,Rainfall,24585.1.R.5145,1954,2
Ponderosa ,24585,Rainfall Increment,24585.1.R.5145,1954,3
Poona Dam AL,540461,Water Level,540461.0.H.5584,2981,1
Poona Dam AL,540461,Rainfall,540461.0.R.5583,2981,2
Poona Dam AL,540461,Battery,540461.0.B.5585,2981,3
Poona Dam AL,540461,Rainfall Increment,540461.0.R.5583,2981,4
POONA DAM HW TM,540617,Water Level,540617.0.H,10313,2
POONA DAM HW TM,540617,Rainfall Increment,540617.0.R,10313,3
POONCARIE (DARLING RIVER),47103,Water Level,47103.1.H,7427,1
Pooncarie (Tarcoola) Comparison,47115,Rainfall,47115.2.R,1103,1
Pooncarie (Tarcoola) Comparison,47115,Rainfall Increment,47115.2.R,1103,2
POOWONG EAST RAIN GAUGE AT UPPER LANG LANG RESERVOIR,586219,Rainfall,586219.1.R,12203,1
POOWONG EAST RAIN GAUGE AT UPPER LANG LANG RESERVOIR,586219,Rainfall Increment,586219.1.R,12203,2
PORCUPINE CREEK TM,530030,Rainfall,530030.0.R,9129,1
PORCUPINE CREEK TM,530030,Water Level,530030.0.H,9129,2
PORCUPINE CREEK TM,530030,Rainfall Increment,530030.0.R,9129,3
PORMPURAAW AIRPORT TM,529057,Rainfall,529057.0.R,9887,1
PORMPURAAW AIRPORT TM,529057,Rainfall Increment,529057.0.R,9887,2
PORT ALMA TIDE TM,539075,Water Level,539075.0.H,5203,1
PORT DOUGLAS TIDE TM,531016,Water Level,531016.0.H,5165,1
PORT DOUGLAS TM,531134,Rainfall,531134.0.R,9993,1
PORT DOUGLAS TM,531134,Rainfall Increment,531134.0.R,9993,2
PORT KEMBLA,568186,Rainfall Increment,568186.1.R,5933,2
PORT MACQUARIE (GOLF CLUB),560014,Rainfall,560014.1.R,5377,1
PORT MACQUARIE (GOLF CLUB),560014,Rainfall Increment,560014.1.R,5377,2
PORT MACQUARIE (KOALA ST),560015,Rainfall,560015.1.R,5379,1
PORT MACQUARIE (KOALA ST),560015,Rainfall Increment,560015.1.R,5379,2
PORT MACQUARIE (TIDE GAUGE),560050,Water Level,560050.1.H,5695,1
PORT MACQUARIE (WATER SUPPLY DAM),560013,Rainfall,560013.1.R,5375,1
PORT MACQUARIE (WATER SUPPLY DAM),560013,Rainfall Increment,560013.1.R,5375,2
Port Phillip Bay @ St Kilda Marina,586166,Battery,586166.1.B.1293,4642,1
Port Phillip Bay @ St Kilda Marina,586166,Rainfall,586166.1.R.1295,4642,2
Port Phillip Bay @ St Kilda Marina,586166,Water Level,586166.1.H.1294,4642,3
Port Phillip Bay @ St Kilda Marina,586166,Wind Direction,586166.1.WD.1297,4642,4
Port Phillip Bay @ St Kilda Marina,586166,Barometric Pressure,586166.1.BP.1299,4642,5
Port Phillip Bay @ St Kilda Marina,586166,Wind Run,586166.1.WR.1296,4642,6
Port Phillip Bay @ St Kilda Marina,586166,Air Temperature,586166.1.AT.1298,4642,7
Port Phillip Bay @ St Kilda Marina,586166,Rainfall Increment,586166.1.R.1295,4642,8
PORT PHILLIP BAY TIDE GAUGE AT MORNINGTON PIER,586280,Water Level,586280.1.H,12248,1
PORT PHILLIP BAY TIDE GAUGE AT ST KILDA MARINA,586166,Water Level,586166.2.H,12133,1
PORT PHILLIP BAY TIDE GAUGE AT ST KILDA MARINA,586166,Rainfall,586166.2.R,12133,2
PORT PHILLIP BAY TIDE GAUGE AT ST KILDA MARINA,586166,Rainfall Increment,586166.2.R,12133,3
Porters Creek,561131,Water Level,561131.1.H.7406,1649,1
Porters Creek,561131,Battery,561131.1.B.7407,1649,2
Porters Creek Dam,568212,Water Level,568212.1.H.3396,1800,1
Porters Creek Dam,568212,Battery,568212.1.B.3395,1800,2
Porters Creek Dam,568212,Rainfall,568212.1.R.3394,1800,3
Porters Creek Dam,568212,Rainfall Increment,568212.1.R.3394,1800,4
Portside AL,540708,Water Level,540708.0.H.5629,3156,1
Portside AL,540708,Rainfall,540708.0.R.5628,3156,2
Portside AL,540708,Battery,540708.0.B.5630,3156,3
Portside AL,540708,Rainfall Increment,540708.0.R.5628,3156,4
Pottsville West Reservoir,558084,Battery,558084.1.B.3462,1499,1
Pottsville West Reservoir,558084,Rainfall,558084.1.R.3461,1499,2
Pottsville West Reservoir,558084,Rainfall Increment,558084.1.R.3461,1499,3
Poverty Hill AL,32183,Rainfall,32183.0.R.6031,2031,1
Poverty Hill AL,32183,Battery,32183.0.B.6032,2031,2
Poverty Hill AL,32183,Rainfall Increment,32183.0.R.6031,2031,3
POWELL CREEK TM,538011,Rainfall,538011.0.R,10209,1
POWELL CREEK TM,538011,Water Level,538011.0.H,10209,2
POWELL CREEK TM,538011,Rainfall Increment,538011.0.R,10209,3
Powerline AL,533056,Water Level,533056.0.H.6338,2366,1
Powerline AL,533056,Rainfall,533056.0.R.6335,2366,2
Powerline AL,533056,Battery,533056.0.B.6336,2366,3
Powerline AL,533056,Rainfall Increment,533056.0.R.6335,2366,4
POWERLINE TM,33280,Water Level,33280.0.H,6043,2
POWERLINE TM,33280,Rainfall Increment,33280.0.R,6043,3
POWLETT RIVER @ D/S FOSTER CREEK JUNCTION,586271,Water Level,586271.1.H,9569,1
POWLETT RIVER MOUTH AT POWLETT ROAD,586273,Water Level,586273.1.H,9573,1
PRAIRIE TM,530057,Rainfall,530057.0.R,9977,1
PRAIRIE TM,530057,Water Level,530057.0.H,9977,2
PRAIRIE TM,530057,Rainfall Increment,530057.0.R,9977,3
PRANJIP CK @ MOORILIM,581010,Water Level,581010.2.H,9331,1
PRANJIP CK @ MOORILIM,581010,Rainfall,581010.3.R,9331,2
PRANJIP CK @ MOORILIM,581010,Rainfall Increment,581010.3.R,9331,3
Pranjip Ck at Moorilim,581010,Rainfall,581010.1.R.234,4679,1
Pranjip Ck at Moorilim,581010,Water Level,581010.1.H.235,4679,2
Pranjip Ck at Moorilim,581010,Battery,581010.1.B.236,4679,3
Pranjip Ck at Moorilim,581010,Rainfall Increment,581010.1.R.234,4679,4
Pratten AL,41501,Water Level,41501.0.H.5743,2179,1
Pratten AL,41501,Battery,41501.0.B.5744,2179,2
PRESBURY WEIR (BARWON RIVER),548009,Water Level,548009.1.H,7511,1
Preston AL,533173,Rainfall,533173.0.R.2655,2410,1
Preston AL,533173,Battery,533173.0.B.2656,2410,2
Preston AL,533173,Rainfall Increment,533173.0.R.2655,2410,3
PRESTON RESERVOIR RAIN GAUGE,586011,Rainfall,586011.1.R,12085,1
PRESTON RESERVOIR RAIN GAUGE,586011,Rainfall Increment,586011.1.R,12085,2
Preston Vale Vineyard,109518,Rainfall,109518.1.R.5973,4452,1
Preston Vale Vineyard,109518,Battery,109518.1.B.5972,4452,2
Preston Vale Vineyard,109518,Rainfall Increment,109518.1.R.5973,4452,3
PRETTY BEND TM,533135,Rainfall Increment,533135.0.R,6541,2
Priestdale AL,540381,Rainfall,540381.0.R.1909,2932,1
Priestdale AL,540381,Battery,540381.0.B.1910,2932,2
Priestdale AL,540381,Rainfall Increment,540381.0.R.1909,2932,3
Proserpine AL,533174,Rainfall,533174.0.R.2661,2411,1
Proserpine AL,533174,Battery,533174.0.B.2662,2411,2
Proserpine AL,533174,Rainfall Increment,533174.0.R.2661,2411,3
PROSERPINE TM,533018,Water Level,533018.0.H,6461,1
PROSPECT CREEK TM,533113,Rainfall,533113.0.R,10057,1
PROSPECT CREEK TM,533113,Water Level,533113.0.H,10057,2
PROSPECT CREEK TM,533113,Rainfall Increment,533113.0.R,10057,3
Prospect Reservoir,67019,Battery,67019.1.B.7208,1363,1
Prospect Reservoir,67019,Rainfall,67019.2.R.7209,1363,2
Prospect Reservoir,67019,Rainfall Increment,67019.2.R.7209,1363,3
PROSPECT TM,529075,Rainfall,529075.0.R,9919,1
PROSPECT TM,529075,Rainfall Increment,529075.0.R,9919,2
PROSSERS CROSSING (BOOROWA RIVER),573005,Water Level,573005.1.H,8261,2
PROSSERS CROSSING (BOOROWA RIVER),573005,Rainfall Increment,573005.1.R,8261,3
PROSTON TM,540055,Water Level,540055.0.H,6823,2
PROSTON TM,540055,Rainfall Increment,540055.0.R,6823,3
Pullen Pullen Creek AL,540296,Water Level,540296.0.H.1745,2863,1
Pullen Pullen Creek AL,540296,Battery,540296.0.B.1744,2863,2
Pullenvale AL,540297,Rainfall,540297.0.R.1742,2864,1
Pullenvale AL,540297,Battery,540297.0.B.1550,2864,2
Pullenvale AL,540297,Rainfall Increment,540297.0.R.1742,2864,3
PUNCHBOWL RD TM,529042,Water Level,529042.0.H,6257,2
PUNCHBOWL RD TM,529042,Rainfall Increment,529042.0.R,6257,3
PUNCHBOWL TM,529043,Water Level,529043.0.H,6259,2
PUNCHBOWL TM,529043,Rainfall Increment,529043.0.R,6259,3
Purga Creek (Washpool Road) AL,140845,Battery,140845.0.B.5799,11969,1
Purga Creek (Washpool Road) AL,140845,Rainfall,140845.0.R.5797,11969,2
Purga Creek (Washpool Road) AL,140845,Rainfall Increment,140845.0.R.5797,11969,3
Purga Creek (Washpool Road) AL,140845,Water Level,140845.0.H.5798,11969,4
Purlewaugh (Keodoel Lane),64020,Battery,64020.1.B,1330,1
Purlewaugh (Keodoel Lane),64020,Rainfall,64020.1.R,1330,2
Purlewaugh (Keodoel Lane),64020,Rainfall Increment,64020.1.R,1330,3
Putty (The Gibba),61336,Battery,61336.1.B.3157,1274,1
Putty (The Gibba),61336,Rainfall,61336.1.R.3156,1274,2
Putty (The Gibba),61336,Rainfall Increment,61336.1.R.3156,1274,3
Putty Road (Colo River),63288,Battery,63288.2.B.3077,11520,1
Putty Road (Colo River),63288,Water Level,63288.2.H.3078,11520,2
PUTTY ROAD (COLO RIVER),63288,Water Level,63288.1.H,11972,1
Putty Tea Rooms,61209,Battery,61209.1.B.3159,1266,1
Putty Tea Rooms,61209,Rainfall,61209.1.R.3158,1266,2
Putty Tea Rooms,61209,Rainfall Increment,61209.1.R.3158,1266,3
PYKES CREEK @ PYKES CREEK RESERVOIR,587533,Water Level,587533.1.H,12239,1
PYKES CREEK RESERVOIR HEAD GAUGE,587073,Rainfall,587073.1.R,9597,1
PYKES CREEK RESERVOIR HEAD GAUGE,587073,Water Level - AHD,587073.1.H,9597,2
PYKES CREEK RESERVOIR HEAD GAUGE,587073,Rainfall Increment,587073.1.R,9597,3
PYRITES CREEK AT MERRIMU RESERVOIR HEAD GAUGE,587074,Water Level,587074.2.H,12052,1
QUABICUP HILL,509212,Water Level,509212.1.H,10591,2
QUABICUP HILL,509212,Rainfall Increment,509212.1.R,10591,3
Quadney,10307,Rainfall,10307.1.R.6115,4429,1
Quadney,10307,Battery,10307.1.B.6114,4429,2
Quadney,10307,Rainfall Increment,10307.1.R.6115,4429,3
Quairading East,10925,Rainfall,10925.1.R,4445,1
Quairading East,10925,Battery,10925.1.B,4445,2
Quairading East,10925,Rainfall Increment,10925.1.R,4445,3
QUALANDARY CROSSING,510058,Water Level,510058.1.H,10859,1
Quambone Station Comparison,51165,Battery,51165.1.B,1113,1
Quambone Station Comparison,51165,Rainfall,51165.1.R,1113,2
Quambone Station Comparison,51165,Rainfall Increment,51165.1.R,1113,3
QUANDONG RAIN GAUGE,587089,Rainfall,587089.1.R,12268,1
QUANDONG RAIN GAUGE,587089,Rainfall Increment,587089.1.R,12268,2
Quay St (East) AL,539259,Water Level,539259.0.H.4896,2689,1
Quay St (East) AL,539259,Battery,539259.0.B.4897,2689,2
QUE RIVER PLUVIO METEOROLOGICAL,597058,Rainfall Increment,597058.1.R,8615,2
QUEANBEYAN QUEENS BDG (QUEANBEYAN RIVER),570033,Water Level,570033.1.H,8161,1
Queen Mary Falls AL,541139,Rainfall,541139.0.R.6893,3305,1
Queen Mary Falls AL,541139,Battery,541139.0.B.6894,3305,2
Queen Mary Falls AL,541139,Rainfall Increment,541139.0.R.6893,3305,3
Quilpeta,44222,Battery,44222.0.B,12294,1
Quilpeta,44222,Rainfall,44222.0.R,12294,2
Quilpeta,44222,Rainfall Increment,44222.0.R,12294,3
Quilpeta,44222,Water Level,44222.0.H,12294,4
QUILPIE TM,545007,Water Level,545007.0.H,7117,2
QUILPIE TM,545007,Rainfall Increment,545007.0.R,7117,3
QUINNS FORD,509381,Water Level,509381.1.H,10635,2
QUINNS FORD,509381,Rainfall Increment,509381.1.R,10635,3
QUINTARRUP,509482,Water Level,509482.1.H,10715,1
Quorrobolong,561168,Battery,561168.1.B.7901,1663,1
Quorrobolong,561168,Rainfall,561168.1.R.7900,1663,2
Quorrobolong,561168,Rainfall Increment,561168.1.R.7900,1663,3
Raceview AL,544028,Water Level,544028.0.H.4218,3363,1
Raceview AL,544028,Rainfall,544028.0.R.4217,3363,2
Raceview AL,544028,Battery,544028.0.B.4219,3363,3
Raceview AL,544028,Rainfall Increment,544028.0.R.4217,3363,4
Raceview Towers AL,544034,Rainfall,544034.0.R.4202,3369,1
Raceview Towers AL,544034,Battery,544034.0.B.4203,3369,2
Raceview Towers AL,544034,Rainfall Increment,544034.0.R.4202,3369,3
Radar Hill AL,540642,Rainfall,540642.1.R.6406,3097,1
Radar Hill AL,540642,Battery,540642.2.B.6441,3097,2
Radar Hill AL,540642,Battery,540642.1.B.6407,3097,3
Radar Hill AL,540642,Rainfall Increment,540642.1.R.6406,3097,4
RAELEE DOWNS TM,537009,Rainfall,537009.0.R,10155,1
RAELEE DOWNS TM,537009,Rainfall Increment,537009.0.R,10155,2
RAGLAN CK TM,539101,Water Level,539101.0.H,6765,2
RAGLAN CK TM,539101,Rainfall Increment,539101.0.R,6765,3
RAILTON (REDWATER CREEK),91281,Water Level,91281.1.H,11263,1
Railway Br AL,40904,Water Level,40904.0.H.6084,2134,1
Railway Br AL,40904,Rainfall,40904.0.R.6083,2134,2
Railway Br AL,40904,Battery,40904.0.B.6085,2134,3
Railway Br AL,40904,Rainfall Increment,40904.0.R.6083,2134,4
RAILWAY PARADE,509457,Water Level,509457.1.H,10673,1
RAILWAY PARADE (BUNBURY CURRAN CK),567088,Water Level,567088.1.H,8105,1
RAIN GAUGE @ SANDHURST RESERVOIR,581042,Rainfall,581042.1.R,9369,1
RAIN GAUGE @ SANDHURST RESERVOIR,581042,Rainfall Increment,581042.1.R,9369,2
RAIN GAUGE @ SPECIMEN HILL RESERVOIR,581043,Rainfall,581043.1.R,9371,1
RAIN GAUGE @ SPECIMEN HILL RESERVOIR,581043,Rainfall Increment,581043.1.R,9371,2
RAINBOW CK @ HEYFIELD,585028,Water Level,585028.1.H,9511,1
RAINBOW CK @ HEYFIELD,585028,Water Level,585028.2.H,9511,2
Rainbow Radar,77098,Rainfall,77098.2.R,4827,1
Rainbow Radar,77098,Battery,77098.2.B,4827,2
Rainbow Radar,77098,Rainfall Increment,77098.2.R,4827,3
Rainbow Reach (Macleay River),559036,Water Level,559036.1.H.7777,1548,1
Rainbow Reach (Macleay River),559036,Battery,559036.1.B.7779,1548,2
RAINBOW TRAIL,509572,Water Level,509572.1.H,10803,1
Rangemore AL,541152,Rainfall,541152.0.R.6679,3315,1
Rangemore AL,541152,Rainfall Increment,541152.0.R.6679,3315,2
Ranges Bridge AL,541197,Water Level,541197.0.H.6126,3341,1
Ranges Bridge AL,541197,Rainfall,541197.0.R.6125,3341,2
Ranges Bridge AL,541197,Battery,541197.0.B.6127,3341,3
Ranges Bridge AL,541197,Rainfall Increment,541197.0.R.6125,3341,4
RANKIN CREEK TM,532092,Water Level,532092.0.H,6425,2
RANKIN CREEK TM,532092,Rainfall Increment,532092.0.R,6425,3
RANNES TM,539057,Water Level,539057.0.H,6735,2
RANNES TM,539057,Rainfall Increment,539057.0.R,6735,3
Ransome AL,540279,Water Level,540279.0.H.2142,2852,1
Ransome AL,540279,Rainfall,540279.0.R.2141,2852,2
Ransome AL,540279,Battery,540279.0.B.2140,2852,3
Ransome AL,540279,Rainfall Increment,540279.0.R.2141,2852,4
RAPID CREEK,514008,Water Level,514008.1.H,7289,1
Rapleys AL,539142,Water Level,539142.0.H.4369,2584,1
Rapleys AL,539142,Rainfall,539142.0.R.4368,2584,2
Rapleys AL,539142,Battery,539142.0.B.4370,2584,3
Rapleys AL,539142,Rainfall Increment,539142.0.R.4368,2584,4
RAPLEYS TM,539118,Water Level,539118.0.H,6787,2
RAPLEYS TM,539118,Rainfall Increment,539118.0.R,6787,3
RAPPVILLE TM (MYRTLE CREEK),558015,Water Level,558015.1.H,7855,2
RAPPVILLE TM (MYRTLE CREEK),558015,Rainfall Increment,558015.1.R,7855,3
Rathdowney AL,40946,Water Level,40946.0.H.5342,2155,1
Rathdowney AL,40946,Rainfall,40946.0.R.5341,2155,2
Rathdowney AL,40946,Battery,40946.0.B.5343,2155,3
Rathdowney AL,40946,Rainfall Increment,40946.0.R.5341,2155,4
RATHDOWNEY TM,40754,Water Level,40754.0.H,6083,2
RATHDOWNEY TM,40754,Rainfall Increment,40754.0.R,6083,3
Ravencliffe Alert,9997,Rainfall,9997.1.R.5983,4419,1
Ravencliffe Alert,9997,Battery,9997.1.B.5982,4419,2
Ravencliffe Alert,9997,Rainfall Increment,9997.1.R.5983,4419,3
Ravensbourne AL,540299,Rainfall,540299.0.R.6782,2866,1
Ravensbourne AL,540299,Battery,540299.0.B.6783,2866,2
Ravensbourne AL,540299,Rainfall Increment,540299.0.R.6782,2866,3
Ravensbourne Rd AL,535116,Rainfall,535116.0.R.4616,2481,1
Ravensbourne Rd AL,535116,Battery,535116.0.B.4617,2481,2
Ravensbourne Rd AL,535116,Rainfall Increment,535116.0.R.4616,2481,3
Ravenscourt AL,544060,Rainfall,544060.0.R.1053,3393,1
Ravenscourt AL,544060,Battery,544060.0.B.1054,3393,2
Ravenscourt AL,544060,Rainfall Increment,544060.0.R.1053,3393,3
Ravenshoe AL,31200,Rainfall,31200.0.R.6069,2014,1
Ravenshoe AL,31200,Battery,31200.0.B.6070,2014,2
Ravenshoe AL,31200,Rainfall Increment,31200.0.R.6069,2014,3
RAVENSHOE TM,531059,Water Level,531059.0.H,6321,1
Ravenswood AL,533076,Rainfall,533076.0.R.2985,2381,1
Ravenswood AL,533076,Battery,533076.0.B.2986,2381,2
Ravenswood AL,533076,Rainfall Increment,533076.0.R.2985,2381,3
RAWSONVILLE (COOLBAGGIE CREEK),565009,Water Level,565009.1.H,8079,1
Raymond AL,535099,Water Level,535099.0.H.5901,2470,1
Raymond AL,535099,Rainfall,535099.0.R.5900,2470,2
Raymond AL,535099,Battery,535099.0.B.5902,2470,3
Raymond AL,535099,Rainfall Increment,535099.0.R.5900,2470,4
RAYMOND TERRACE (HUNTER RIVER),561037,Water Level,561037.1.H,5727,1
Raynbird Creek AL,540545,Rainfall,540545.0.R.6622,3050,1
Raynbird Creek AL,540545,Rainfall Increment,540545.0.R.6622,3050,2
Razorback (McKays Track),597504,Battery,597504.1.B.576,4329,1
Razorback (McKays Track),597504,Rainfall,597504.1.R.575,4329,2
Razorback (McKays Track),597504,Rainfall Increment,597504.1.R.575,4329,3
Red Hill (Coffs Harbour),559016,Battery,559016.1.B.7821,1532,1
Red Hill (Coffs Harbour),559016,Rainfall,559016.1.R.7820,1532,2
Red Hill (Coffs Harbour),559016,Rainfall Increment,559016.1.R.7820,1532,3
Red Hill AL,539247,Water Level,539247.0.H.919,2683,1
Red Hill AL,539247,Rainfall,539247.0.R.918,2683,2
Red Hill AL,539247,Battery,539247.0.B.920,2683,3
Red Hill AL,539247,Rainfall Increment,539247.0.R.918,2683,4
RED HILL CREEK TM,533025,Water Level,533025.0.H,6467,2
RED HILL CREEK TM,533025,Rainfall Increment,533025.0.R,6467,3
RED HILL TM,539100,Water Level,539100.0.H,6763,2
RED HILL TM,539100,Rainfall Increment,539100.0.R,6763,3
RED ROCK (CORINDI RIVER),559079,Water Level,559079.1.H,5663,1
RED ROCK TM,535061,Rainfall Increment,535061.0.R,6657,2
Red Rocks (ERTS),568169,Battery,568169.1.B.7043,1783,1
Redbank AL,539199,Rainfall,539199.0.R.778,2638,1
Redbank AL,539199,Battery,539199.0.B.779,2638,2
Redbank AL,539199,Rainfall Increment,539199.0.R.778,2638,3
Redbank Ck AL,540489,Rainfall,540489.0.R.6611,3007,1
Redbank Ck AL,540489,Rainfall Increment,540489.0.R.6611,3007,2
REDBANK CREEK TM,532153,Rainfall,532153.0.R,10049,1
REDBANK CREEK TM,532153,Rainfall Increment,532153.0.R,10049,2
REDBANK CREEK TM,532153,Water Level,532153.0.H,10049,3
Redbank Plains AL,540671,Rainfall,540671.0.R.4826,3123,1
Redbank Plains AL,540671,Battery,540671.0.B.4827,3123,2
Redbank Plains AL,540671,Rainfall Increment,540671.0.R.4826,3123,3
REDBANK RESERVOIR,579025,Rainfall,579025.1.R,9271,1
REDBANK RESERVOIR,579025,Rainfall Increment,579025.1.R,9271,2
Redbank Road (Toongabbee Creek),567056,Water Level,567056.1.H.7274,1729,1
Redbank Road (Toongabbee Creek),567056,Battery,567056.1.B.7275,1729,2
Redbank Road (Toongabbee Creek),567056,Rainfall,567056.1.R.7273,1729,3
Redbank Road (Toongabbee Creek),567056,Rainfall Increment,567056.1.R.7273,1729,4
REDBANK WEIR (MURRUMBIDGEE RIVER),549011,Water Level,549011.1.H,8815,1
REDBANK WEIR D/S (MURRUMBIDGEE RIVER),575009,Water Level,575009.1.H,8829,1
Redcliffe (Mimosa Ck) AL,535216,Water Level,535216.0.H.1175,2555,1
Redcliffe (Mimosa Ck) AL,535216,Rainfall,535216.0.R.1174,2555,2
Redcliffe (Mimosa Ck) AL,535216,Battery,535216.0.B.1176,2555,3
Redcliffe (Mimosa Ck) AL,535216,Rainfall Increment,535216.0.R.1174,2555,4
REDCLIFFE TM,535021,Water Level,535021.0.H,6619,2
REDCLIFFE TM,535021,Rainfall Increment,535021.0.R,6619,3
REDFERN RD (BOW BOWING CREEK),568145,Water Level,568145.1.H,8111,1
Redlynch AL,531072,Water Level,531072.0.H.6846,2246,1
Redlynch AL,531072,Battery,531072.0.B.6847,2246,2
REDLYNCH TM,531061,Water Level,531061.0.H,6325,1
REDOAK (STEWARTS RIVER),560012,Rainfall,560012.1.R,5373,1
REDOAK (STEWARTS RIVER),560012,Water Level,560012.1.H,5373,2
REDOAK (STEWARTS RIVER),560012,Rainfall Increment,560012.1.R,5373,3
REECE DAM METEOROLOGICAL,597054,Rainfall Increment,597054.1.R,8609,2
Reed Beds AL,533150,Water Level,533150.0.H.6352,2402,1
Reed Beds AL,533150,Rainfall,533150.0.R.6351,2402,2
Reed Beds AL,533150,Battery,533150.0.B.6353,2402,3
Reed Beds AL,533150,Rainfall Increment,533150.0.R.6351,2402,4
Reedy Ck AL,540732,Rainfall,540732.0.R.6532,3176,1
Reedy Ck AL,540732,Rainfall Increment,540732.0.R.6532,3176,2
REEDY SPRINGS STATION TM,530046,Rainfall,530046.0.R,9961,1
REEDY SPRINGS STATION TM,530046,Rainfall Increment,530046.0.R,9961,2
Reeves AL,33268,Water Level,33268.0.H.2633,2041,1
Reeves AL,33268,Rainfall,33268.0.R.2630,2041,2
Reeves AL,33268,Battery,33268.0.B.2631,2041,3
Reeves AL,33268,Rainfall Increment,33268.0.R.2630,2041,4
Reeves Knob,85303,Rainfall,85303.1.R.4839,4633,1
Reeves Knob,85303,Battery,85303.1.B.4840,4633,2
Reeves Knob,85303,Rainfall Increment,85303.1.R.4839,4633,3
REEVES KNOB,85303,Rainfall,85303.2.R,9827,1
REEVES KNOB,85303,Rainfall Increment,85303.2.R,9827,2
REEVES TM,533013,Rainfall Increment,533013.0.R,6455,1
REEVES TM,533013,Water Level,533013.0.H,6455,3
REGATTA POINT,569032,Water Level,569032.1.H,5961,2
REGATTA POINT,569032,Rainfall Increment,569032.1.R,5961,3
Regency Park ,23137,Battery,23137.1.B.5884,1891,1
Regency Park ,23137,Rainfall,23137.1.R.5885,1891,2
Regency Park ,23137,Rainfall Increment,23137.1.R.5885,1891,3
Reid Ck AL,539200,Water Level,539200.0.H.833,2639,1
Reid Ck AL,539200,Rainfall,539200.0.R.832,2639,2
Reid Ck AL,539200,Battery,539200.0.B.834,2639,3
Reid Ck AL,539200,Rainfall Increment,539200.0.R.832,2639,4
REID CREEK TM,539055,Water Level,539055.0.H,6731,2
REID CREEK TM,539055,Rainfall Increment,539055.0.R,6731,3
REPENTANCE (COOPERS CREEK),558000,Water Level,558000.3.H,7845,1
Repentance (Coopers Creek),558000,Battery,558000.1.B.7109,1456,1
Repentance (Coopers Creek),558000,Rainfall,558000.1.R.7097,1456,2
Repentance (Coopers Creek),558000,Water Level,558000.1.H.7096,1456,3
Repentance (Coopers Creek),558000,Rainfall Increment,558000.1.R.7097,1456,5
Repton,559024,Water Level - AHD,559024.1.H.7600,1537,1
Repton,559024,Battery,559024.1.B.7601,1537,2
REPTON (BELLINGER RIVER),559024,Water Level,559024.2.H,5635,1
REPULSE LAKE DAM,595032,Water Level - AHD,595032.1.H,8519,1
Retreat Bridge TM,41485,Water Level,41485.0.H,2176,1
Retreat Bridge TM,41485,Battery,41485.0.B,2176,2
RETREAT TM,538001,Water Level,538001.0.H,6697,2
RETREAT TM,538001,Rainfall Increment,538001.0.R,6697,3
Reverces,568069,Battery,568069.1.B.7696,1760,1
Reverces,568069,Rainfall,568069.1.R.7695,1760,2
Reverces,568069,Rainfall Increment,568069.1.R.7695,1760,3
REVERCES,568069,Rainfall Increment,568069.2.R,5267,2
Rewan AL,535202,Water Level,535202.0.H.1223,2547,1
Rewan AL,535202,Rainfall,535202.0.R.1222,2547,2
Rewan AL,535202,Battery,535202.0.B.1224,2547,3
Rewan AL,535202,Rainfall Increment,535202.0.R.1222,2547,4
REWAN TM,535054,Water Level,535054.0.H,6643,2
REWAN TM,535054,Rainfall Increment,535054.0.R,6643,3
REX CREEK INTAKE TM,531149,Rainfall,531149.0.R,10011,1
REX CREEK INTAKE TM,531149,Rainfall Increment,531149.0.R,10011,2
Rhynie ,21130,Rainfall,21130.1.R.5175,1867,1
Rhynie ,21130,Battery,21130.1.B.5174,1867,2
Rhynie ,21130,Rainfall Increment,21130.1.R.5175,1867,3
RHYNIE (DEW),521010,Rainfall Increment,521010.1.R,8889,1
RHYNIE (DEW),521010,Water Level,521010.1.H,8889,2
RICH AVON WEIR U/S,578003,Rainfall,578003.1.R,9225,1
RICH AVON WEIR U/S,578003,Water Level,578003.1.H,9225,2
RICH AVON WEIR U/S,578003,Rainfall Increment,578003.1.R,9225,3
RICHARDSON RIVER AT BANYENA,579029,Water Level,579029.2.H,9275,1
Richardson River at Carrs Plains,579021,Battery,579021.1.B.5969,4815,1
Richardson River at Carrs Plains,579021,Rainfall,579021.1.R.5970,4815,2
Richardson River at Carrs Plains,579021,Water Level,579021.1.H.5971,4815,3
Richardson River at Carrs Plains,579021,Rainfall Increment,579021.1.R.5970,4815,4
RICHARDSON RIVER U/S DONALD,578006,Rainfall,578006.1.R,9231,1
RICHARDSON RIVER U/S DONALD,578006,Water Level,578006.1.H,9231,2
RICHARDSON RIVER U/S DONALD,578006,Rainfall Increment,578006.1.R,9231,3
RICHMOND (COAL RIVER),94183,Water Level,94183.1.H,8799,2
RICHMOND (COAL RIVER),94183,Rainfall Increment,94183.1.R,8799,3
RICHMOND TM,530009,Water Level,530009.0.H,6273,2
RICHMOND TM,530009,Rainfall Increment,530009.0.R,6273,3
RICKETTS MARSH,590001,Water Level,590001.1.H,9705,1
RIDDELLS CREEK AT RIDDELLS CREEK,587081,Water Level,587081.1.H,12043,1
RIDER (HORTON RIVER),554008,Water Level,554008.1.H,7679,1
Ridge Park,523100,Rainfall,523100.1.R.5240,1979,1
Ridge Park,523100,Battery,523100.1.B.5239,1979,2
Ridge Park,523100,Rainfall Increment,523100.1.R.5240,1979,3
RIDGELANDS (MACINTYRE RIVER),554002,Water Level,554002.1.H,7669,2
RIDGELANDS (MACINTYRE RIVER),554002,Rainfall Increment,554002.1.R,7669,3
Ridgelands AL,533038,Rainfall,533038.0.R.6191,2352,1
Ridgelands AL,533038,Battery,533038.0.B.6192,2352,2
Ridgelands AL,533038,Rainfall Increment,533038.0.R.6191,2352,3
Rifle Range Road AL,540544,Water Level,540544.0.H.6631,3049,1
RIFLE RANGE ROAD TM,40817,Water Level,40817.0.H,6101,1
RILEY&#039;S CROSSING TM,535046,Water Level,535046.0.H,6631,2
RILEY&#039;S CROSSING TM,535046,Rainfall Increment,535046.0.R,6631,3
Rileys Crossing AL,535095,Water Level,535095.0.H.5859,2466,1
Rileys Crossing AL,535095,Rainfall,535095.0.R.5858,2466,2
Rileys Crossing AL,535095,Battery,535095.0.B.5860,2466,3
Rileys Crossing AL,535095,Rainfall Increment,535095.0.R.5858,2466,4
RINGAROOMA RIVER UPSTREAM BRANXHOLM WATER SUPPLY,591054,Water Level,591054.1.H,8713,1
RINGWOOD RAIN GAUGE AT BURNT BRIDGE TENNIS CLUB,586196,Rainfall,586196.1.R,12099,1
RINGWOOD RAIN GAUGE AT BURNT BRIDGE TENNIS CLUB,586196,Rainfall Increment,586196.1.R,12099,2
RIPON HILLS ROAD,504039,Water Level,504039.1.H,10447,2
RIPON HILLS ROAD,504039,Rainfall Increment,504039.1.R,10447,3
Ripple Downs AL,42102,Rainfall,42102.0.R,2200,1
Ripple Downs AL,42102,Battery,42102.0.B,2200,2
Ripple Downs AL,42102,Rainfall Increment,42102.0.R,2200,3
Rita Island AL,533057,Water Level,533057.0.H.2932,2367,1
Rita Island AL,533057,Rainfall,533057.0.R.2931,2367,2
Rita Island AL,533057,Battery,533057.0.B.2917,2367,3
Rita Island AL,533057,Rainfall Increment,533057.0.R.2931,2367,4
RIVENDALE,510521,Water Level,510521.1.H,10883,1
RIVER ROAD,509497,Water Level,509497.1.H,10729,1
RIVERLEA (PADDY&#039;S RIVER),570713,Water Level,570713.1.H,5437,1
RIVERSLEA TM,39044,Water Level,39044.0.H,6057,2
RIVERSLEA TM,39044,Rainfall Increment,39044.0.R,6057,3
RIVERSLEA TM-B,539041,Water Level,539041.0.H,6711,1
RIVERSLEIGH TM,29166,Water Level,29166.0.H,6023,2
RIVERSLEIGH TM,29166,Rainfall Increment,29166.0.R,6023,3
Riverview (Conway St) AL,540807,Water Level,540807.0.H.4835,3227,1
Riverview (Conway St) AL,540807,Rainfall,540807.0.R.4834,3227,2
Riverview (Conway St) AL,540807,Battery,540807.0.B.4836,3227,3
Riverview (Conway St) AL,540807,Rainfall Increment,540807.0.R.4834,3227,4
RIVERVIEW (DEUA RIVER),569041,Water Level,569041.1.H,8149,1
Rivington AL,535296,Water Level,535296.0.H.4669,2561,1
Rivington AL,535296,Rainfall,535296.0.R.4668,2561,2
Rivington AL,535296,Battery,535296.0.B.4670,2561,3
Rivington AL,535296,Rainfall Increment,535296.0.R.4668,2561,4
RIXONS PASS,568187,Rainfall Increment,568187.1.R,5935,2
ROAD BRIDGE (WILLANDRA CK),549007,Water Level,549007.1.H,7533,1
ROBE RIVER CATCHMENT 56A,505031,Rainfall Increment,505031.1.R,10467,2
Roberts Street ,23119,Water Level,23119.1.H.5273,1883,1
Roberts Street ,23119,Battery,23119.1.B.5269,1883,2
Robertson (The Pie Shop),68224,Battery,68224.1.B.7060,1392,1
Robertson (The Pie Shop),68224,Rainfall,68224.1.R.7038,1392,2
Robertson (The Pie Shop),68224,Rainfall Increment,68224.1.R.7038,1392,3
ROBINSON DR CONFLU,509636,Water Level,509636.1.H,10839,1
Rochedale (Landfill) AL,540786,Rainfall,540786.0.R.1875,3207,1
Rochedale (Landfill) AL,540786,Battery,540786.0.B.1876,3207,2
Rochedale (Landfill) AL,540786,Rainfall Increment,540786.0.R.1875,3207,3
Rochedale South AL,540382,Rainfall,540382.0.R.1907,2933,1
Rochedale South AL,540382,Battery,540382.0.B.1908,2933,2
Rochedale South AL,540382,Rainfall Increment,540382.0.R.1907,2933,3
Rock Valley (Leycester Creek),58199,Battery,58199.1.B.7103,1192,1
Rock Valley (Leycester Creek),58199,Rainfall,58199.1.R.7129,1192,2
Rock Valley (Leycester Creek),58199,Water Level,58199.1.H.7128,1192,3
Rock Valley (Leycester Creek),58199,Water Level,58199.2.H,1192,4
Rock Valley (Leycester Creek),58199,Rainfall Increment,58199.1.R.7129,1192,5
ROCK VALLEY (LEYCESTER CREEK),58199,Water Level,58199.3.H,8363,2
ROCK VALLEY (LEYCESTER CREEK),58199,Rainfall Increment,58199.2.R,8363,3
ROCKFIELDS TM,533095,Water Level,533095.0.H,6495,2
ROCKFIELDS TM,533095,Rainfall Increment,533095.0.R,6495,3
ROCKHAMPTON TM,539258,Rainfall,539258.0.R,9157,1
ROCKHAMPTON TM,539258,Water Level,539258.0.H,9157,2
ROCKHAMPTON TM,539258,Rainfall Increment,539258.0.R,9157,3
Rockley (Glenlea),63304,Battery,63304.1.B.7344,1328,1
Rockley (Glenlea),63304,Rainfall,63304.1.R.7345,1328,2
Rockley (Glenlea),63304,Rainfall Increment,63304.1.R.7345,1328,3
ROCKS CROSSING (NOWENDOC RIVER),60118,Water Level,60118.1.H,8379,2
ROCKS CROSSING (NOWENDOC RIVER),60118,Rainfall Increment,60118.1.R,8379,3
Rocks Rd Reserve AL,531130,Water Level,531130.0.H.5138,2265,1
Rocks Rd Reserve AL,531130,Rainfall,531130.0.R.5137,2265,2
Rocks Rd Reserve AL,531130,Battery,531130.0.B.5139,2265,3
Rocks Rd Reserve AL,531130,Rainfall Increment,531130.0.R.5137,2265,4
Rockside Mt AL,540523,Rainfall,540523.0.R.4028,3034,1
Rockside Mt AL,540523,Battery,540523.0.B.4029,3034,2
Rockside Mt AL,540523,Rainfall Increment,540523.0.R.4028,3034,3
Rocky Ck AL,544045,Rainfall,544045.0.R.1028,3378,1
Rocky Ck AL,544045,Battery,544045.0.B.1029,3378,2
Rocky Ck AL,544045,Rainfall Increment,544045.0.R.1028,3378,3
ROCKY GLEN,509385,Water Level,509385.1.H,10639,2
ROCKY GLEN,509385,Rainfall Increment,509385.1.R,10639,3
Rocky Glen (Borah Station),53114,Battery,53114.1.B,1116,1
Rocky Glen (Borah Station),53114,Rainfall,53114.1.R,1116,2
Rocky Glen (Borah Station),53114,Rainfall Increment,53114.1.R,1116,3
ROCKY MOUTH CREEK,558054,Water Level,558054.1.H,5583,1
ROCKY RIDGE TM,541098,Water Level,541098.0.H,7041,1
ROCKY WATERHOLE (CUDGEGONG RIVER),562002,Water Level,562002.1.H,8011,1
Roddas Lookout AL,535075,Rainfall,535075.0.R.5856,2449,1
Roddas Lookout AL,535075,Battery,535075.0.B.5857,2449,2
Roddas Lookout AL,535075,Rainfall Increment,535075.0.R.5856,2449,3
ROGANS BRIDGE (CLARENCE RIVER),558055,Water Level,558055.1.H,5585,1
Rogans Hill Reservoir,567052,Battery,567052.1.B.7258,1726,1
Rogans Hill Reservoir,567052,Rainfall,567052.1.R.7257,1726,2
Rogans Hill Reservoir,567052,Rainfall Increment,567052.1.R.7257,1726,3
Rolleston AL,535109,Water Level,535109.0.H.5985,2477,1
Rolleston AL,535109,Rainfall,535109.0.R.5984,2477,2
Rolleston AL,535109,Battery,535109.0.B.5986,2477,3
Rolleston AL,535109,Rainfall Increment,535109.0.R.5984,2477,4
Rollingstone AL,532091,Water Level,532091.0.H.2834,2329,1
Rollingstone AL,532091,Rainfall,532091.0.R.2833,2329,2
Rollingstone AL,532091,Battery,532091.0.B.2835,2329,3
Rollingstone AL,532091,Rainfall Increment,532091.0.R.2833,2329,4
Roma Condamine Rd AL,542037,Rainfall,542037.0.R.4990,11417,1
Roma Condamine Rd AL,542037,Water Level,542037.0.H.4991,11417,2
Roma Condamine Rd AL,542037,Battery,542037.0.B.4992,11417,3
Roma Condamine Rd AL,542037,Rainfall Increment,542037.0.R.4990,11417,4
Roma Peak AL,33269,Rainfall,33269.0.R.2615,2042,1
Roma Peak AL,33269,Battery,33269.0.B.2614,2042,2
Roma Peak AL,33269,Rainfall Increment,33269.0.R.2615,2042,3
ROMA TM,543010,Rainfall,543010.0.R,9161,1
ROMA TM,543010,Water Level,543010.0.H,9161,2
ROMA TM,543010,Rainfall Increment,543010.0.R,9161,3
Romani AL,40934,Rainfall,40934.0.R.5308,2143,1
Romani AL,40934,Battery,40934.0.B.5309,2143,2
Romani AL,40934,Rainfall Increment,40934.0.R.5308,2143,3
ROMSEY RAIN GAUGE,587117,Rainfall,587117.1.R,12033,1
ROMSEY RAIN GAUGE,587117,Rainfall Increment,587117.1.R,12033,2
ROOKWOOD TM,528009,Water Level,528009.0.H,6215,2
ROOKWOOD TM,528009,Rainfall Increment,528009.0.R,6215,3
Rooneys Bridge AL,532088,Water Level,532088.0.H.2787,2326,1
Rooneys Bridge AL,532088,Rainfall,532088.0.R.2786,2326,2
Rooneys Bridge AL,532088,Battery,532088.0.B.2788,2326,3
Rooneys Bridge AL,532088,Rainfall Increment,532088.0.R.2786,2326,4
ROPER RIVER ELSEY HOMESTEAD,514610,Rainfall Increment,514610.1.R,7323,2
ROPER RIVER MATARANKA,514604,Water Level,514604.1.H,7315,2
ROPER RIVER MATARANKA,514604,Rainfall Increment,514604.1.R,7315,3
ROSA CAMPSITE,509475,Water Level,509475.1.H,10707,1
Rosalie (Baroona Rd) AL,540785,Rainfall,540785.0.R.1873,3206,1
Rosalie (Baroona Rd) AL,540785,Battery,540785.0.B.1874,3206,2
Rosalie (Baroona Rd) AL,540785,Rainfall Increment,540785.0.R.1873,3206,3
Rose Bay (Royal Sydney Golf Club),66098,Battery,66098.1.B.7645,1352,1
Rose Bay (Royal Sydney Golf Club),66098,Rainfall,66098.2.R.7644,1352,2
Rose Bay (Royal Sydney Golf Club),66098,Rainfall Increment,66098.2.R.7644,1352,3
Rose R at Matong Nth,583000,Battery,583000.1.B.125,4781,1
Rose R at Matong Nth,583000,Rainfall,583000.1.R.124,4781,2
Rose R at Matong Nth,583000,Water Level,583000.1.H.126,4781,3
Rose R at Matong Nth,583000,Rainfall Increment,583000.1.R.124,4781,4
ROSE ROAD,509536,Water Level,509536.1.H,10775,1
ROSEGLEN TM,530010,Water Level,530010.0.H,6275,2
ROSEGLEN TM,530010,Rainfall Increment,530010.0.R,6275,3
ROSELEIGH CROSSING TM,544025,Water Level,544025.0.H,7111,2
ROSELEIGH CROSSING TM,544025,Rainfall Increment,544025.0.R,7111,3
ROSEMOUNT FLAT,92116,Rainfall Increment,92116.1.R,8861,2
ROSENEATH (DUMARESQ RIVER),56158,Water Level,56158.1.H,8007,1
ROSENTRETERS BRIDGE TM,40823,Water Level,40823.0.H,6105,2
ROSENTRETERS BRIDGE TM,40823,Rainfall Increment,40823.0.R,6105,3
Rosentretters Br AL,540148,Water Level,540148.0.H.6554,2762,1
Rosentretters Br AL,540148,Rainfall,540148.0.R.6553,2762,2
Rosentretters Br AL,540148,Rainfall Increment,540148.0.R.6553,2762,3
ROSEWHITE FLD,82162,Rainfall,82162.2.R,9795,1
ROSEWHITE FLD,82162,Water Level,82162.2.H,9795,2
ROSEWHITE FLD,82162,Rainfall Increment,82162.2.R,9795,3
Rosewood AL,540193,Water Level,540193.0.H.6734,2798,1
Rosewood AL,540193,Rainfall,540193.0.R.6733,2798,2
Rosewood AL,540193,Rainfall Increment,540193.0.R.6733,2798,3
Rosewood AL-B,540388,Water Level,540388.0.H.2093,2938,1
Rosewood AL-B,540388,Rainfall,540388.0.R.2092,2938,2
Rosewood AL-B,540388,Battery,540388.0.B.2094,2938,3
Rosewood AL-B,540388,Rainfall Increment,540388.0.R.2092,2938,4
Rosewood Detention Basin AL,540503,Water Level,540503.0.H.2180,3020,1
Rosewood Detention Basin AL,540503,Rainfall,540503.0.R.2179,3020,2
Rosewood Detention Basin AL,540503,Battery,540503.0.B.2181,3020,3
Rosewood Detention Basin AL,540503,Rainfall Increment,540503.0.R.2179,3020,4
Rosewood WWTP AL,540313,Water Level,540313.0.H.2084,2877,1
Rosewood WWTP AL,540313,Rainfall,540313.0.R.2083,2877,2
Rosewood WWTP AL,540313,Battery,540313.0.B.2085,2877,3
Rosewood WWTP AL,540313,Rainfall Increment,540313.0.R.2083,2877,4
Ross (Macquarie River),93051,Rainfall,93051.1.R.764,4297,1
Ross (Macquarie River),93051,Water Level,93051.1.H.765,4297,2
Ross (Macquarie River),93051,Battery,93051.1.B.768,4297,3
Ross (Macquarie River),93051,Rainfall Increment,93051.1.R.764,4297,4
Ross River Dam AL,532020,Water Level,532020.0.H.2818,2272,1
Ross River Dam AL,532020,Rainfall,532020.0.R.2815,2272,2
Ross River Dam AL,532020,Battery,532020.0.B.2814,2272,3
Ross River Dam AL,532020,Rainfall Increment,532020.0.R.2815,2272,4
ROSS RIVER HW TM,532022,Water Level,532022.0.H,6405,1
Rossi (Sawmill),570910,Battery,570910.1.B.3328,1850,1
Rossi (Sawmill),570910,Rainfall,570910.1.R.3327,1850,2
Rossi (Sawmill),570910,Rainfall Increment,570910.1.R.3327,1850,3
ROSSLYN BAY NTC AWS,33208,Water Level,33208.0.H,11259,1
ROSSLYN BAY TIDE TM,533085,Water Level,533085.0.H,5193,1
ROSSMORE (PIAN CREEK),552009,Water Level,552009.1.H,7585,1
Rossmore (South Creek),67061,Battery,67061.1.B.7681,1365,1
Rossmore (South Creek),67061,Rainfall,67061.1.R.7680,1365,2
Rossmore (South Creek),67061,Rainfall Increment,67061.1.R.7680,1365,3
ROTHBURY (BLACK CK ),561046,Water Level,561046.1.H,7967,1
Rothwell AL,540659,Water Level,540659.0.H.4110,3111,1
Rothwell AL,540659,Rainfall,540659.0.R.4109,3111,2
Rothwell AL,540659,Battery,540659.0.B.4111,3111,3
Rothwell AL,540659,Rainfall Increment,540659.0.R.4109,3111,4
ROUCHEL BROOK (ROUCHEL BROOK),561007,Water Level,561007.1.H,7921,2
ROUCHEL BROOK (ROUCHEL BROOK),561007,Rainfall Increment,561007.1.R,7921,3
Round Mountain AL,40945,Water Level,40945.0.H.5339,2154,1
Round Mountain AL,40945,Rainfall,40945.0.R.5338,2154,2
Round Mountain AL,40945,Battery,40945.0.B.5340,2154,3
Round Mountain AL,40945,Rainfall Increment,40945.0.R.5338,2154,4
ROUND MOUNTAIN TM,40714,Water Level,40714.0.H,6077,2
ROUND MOUNTAIN TM,40714,Rainfall Increment,40714.0.R,6077,3
Round Mt Res AL,540241,Rainfall,540241.0.R.6290,2826,1
Round Mt Res AL,540241,Battery,540241.0.B.6291,2826,2
Round Mt Res AL,540241,Rainfall Increment,540241.0.R.6290,2826,3
ROUNDSTONE CREEK TM,535050,Water Level,535050.0.H,6637,2
ROUNDSTONE CREEK TM,535050,Rainfall Increment,535050.0.R,6637,3
Rowallan Park AL,533062,Rainfall,533062.0.R.5000,2372,1
Rowallan Park AL,533062,Battery,533062.0.B.5001,2372,2
Rowallan Park AL,533062,Rainfall Increment,533062.0.R.5000,2372,3
ROXBOROUGH DOWNS TM,537003,Water Level,537003.0.H,6691,2
ROXBOROUGH DOWNS TM,537003,Rainfall Increment,537003.0.R,6691,3
ROXMERE STATION TM,529093,Rainfall,529093.0.R,9949,1
ROXMERE STATION TM,529093,Water Level,529093.0.H,9949,2
ROXMERE STATION TM,529093,Rainfall Increment,529093.0.R,9949,3
RUBICON AT ELIZABETH TOWN,591059,Rainfall Increment,591059.1.R,8721,2
RUBICON RIVER @ RUBICON,588009,Water Level,588009.1.H,9627,1
RUBY CREEK @ ARAWATA,585072,Water Level,585072.1.H,9545,1
Rubyvale AL,535077,Water Level,535077.0.H.5961,2451,1
Rubyvale AL,535077,Rainfall,535077.0.R.5960,2451,2
Rubyvale AL,535077,Battery,535077.0.B.5962,2451,3
Rubyvale AL,535077,Rainfall Increment,535077.0.R.5960,2451,4
Rudds Lane AL,40944,Water Level,40944.0.H.5336,2153,1
Rudds Lane AL,40944,Rainfall,40944.0.R.5335,2153,2
Rudds Lane AL,40944,Battery,40944.0.B.5337,2153,3
Rudds Lane AL,40944,Rainfall Increment,40944.0.R.5335,2153,4
Ruined Castle AL,535140,Rainfall,535140.0.R.4423,2505,1
Ruined Castle AL,535140,Battery,535140.0.B.4424,2505,2
Ruined Castle AL,535140,Rainfall Increment,535140.0.R.4423,2505,3
RUNDALLA BORE,505062,Rainfall Increment,505062.1.R,10485,2
Running Creek (Bells Bridge) Alert,140846,Battery,140846.0.B,11601,1
Running Creek (Bells Bridge) Alert,140846,Rainfall,140846.0.R,11601,2
Running Creek (Bells Bridge) Alert,140846,Water Level,140846.0.H,11601,3
RUNNING CREEK TM,529066,Rainfall,529066.0.R,9905,1
RUNNING CREEK TM,529066,Water Level,529066.0.H,9905,2
RUNNING CREEK TM,529066,Rainfall Increment,529066.0.R,9905,3
RUNNING CREEK TM,532011,Water Level,532011.0.H,6397,2
RUNNING CREEK TM,532011,Rainfall Increment,532011.0.R,6397,3
RUNNING RIVER (HIDDEN VALLEY) TM,532155,Rainfall,532155.0.R,10053,1
RUNNING RIVER (HIDDEN VALLEY) TM,532155,Rainfall Increment,532155.0.R,10053,2
RUSSELL VALE COLLIERY,568188,Rainfall Increment,568188.1.R,5937,2
RUSSELLS CK AT WARES RD,590018,Water Level,590018.1.H,9733,1
RUVIGNE (MOOKI RIVER),555022,Water Level,555022.1.H,7735,2
RUVIGNE (MOOKI RIVER),555022,Rainfall Increment,555022.1.R,7735,3
Ryans Ck at Loombah Reservoir H/G,582030,Rainfall,582030.1.R.447,4519,1
Ryans Ck at Loombah Reservoir H/G,582030,Water Level,582030.1.H.449,4519,2
Ryans Ck at Loombah Reservoir H/G,582030,Battery,582030.1.B.448,4519,3
Ryans Ck at Loombah Reservoir H/G,582030,Rainfall Increment,582030.1.R.447,4519,4
Sackville,567068,Battery,567068.2.B.3022,1737,1
Sackville,567068,Rainfall,567068.2.R.3021,1737,2
Sackville,567068,Rainfall Increment,567068.2.R.3021,1737,3
SACKVILLE,567068,Rainfall Increment,567068.1.R,5909,2
Sackville (Hawkesbury River),63280,Water Level,63280.1.H.3020,1319,1
Sackville (Hawkesbury River),63280,Battery,63280.1.B.3019,1319,2
SACKVILLE (HAWKESBURY RIVER),63280,Water Level,63280.2.H,6009,1
SADDLE CREEK,514831,Rainfall Increment,514831.1.R,7353,2
Saddle Mtn AL,531043,Rainfall,531043.1.R.6800,2234,1
Saddle Mtn AL,531043,Battery,531043.1.B.6801,2234,2
Saddle Mtn AL,531043,Battery,531043.4.B.5199,2234,5
Saddle Mtn AL,531043,Repeater,531043.2.RP.5198,2234,8
SADDLEBACK ROAD BRIDGE,509544,Water Level,509544.1.H,10783,2
SADDLEBACK ROAD BRIDGE,509544,Rainfall Increment,509544.1.R,10783,3
Saddlebags ,23910,Battery,23910.1.B.5439,1942,1
Saddlebags ,23910,Rainfall,23910.1.R.5440,1942,2
Saddlebags ,23910,Rainfall Increment,23910.1.R.5440,1942,3
Saddler Springs AL,535203,Rainfall,535203.0.R.1212,2548,1
Saddler Springs AL,535203,Battery,535203.0.B.1213,2548,2
Saddler Springs AL,535203,Rainfall Increment,535203.0.R.1212,2548,3
Saddleworth (Gumdale),23349,Rainfall,23349.1.R.5334,1901,1
Saddleworth (Gumdale),23349,Battery,23349.1.B.5333,1901,2
Saddleworth (Gumdale),23349,Rainfall Increment,23349.1.R.5334,1901,3
Salisbury AL,540470,Rainfall,540470.0.R.1747,2989,1
Salisbury AL,540470,Battery,540470.0.B.1746,2989,2
Salisbury AL,540470,Rainfall Increment,540470.0.R.1747,2989,3
Saltwater Ck AL,532014,Water Level,532014.0.H.2592,2271,1
Saltwater Ck AL,532014,Rainfall,532014.0.R.2591,2271,2
Saltwater Ck AL,532014,Battery,532014.0.B.2593,2271,3
Saltwater Ck AL,532014,Rainfall Increment,532014.0.R.2591,2271,4
SALVATION CK (FLORENTINE RV),595016,Rainfall Increment,595016.1.R,8507,2
Samford AL,540060,Rainfall,540060.0.R.6778,2702,1
Samford AL,540060,Rainfall Increment,540060.0.R.6778,2702,2
Samford Valley AL,540739,Water Level,540739.0.H.1963,3183,1
Samford Valley AL,540739,Rainfall,540739.0.R.1962,3183,2
Samford Valley AL,540739,Battery,540739.0.B.1964,3183,3
Samford Valley AL,540739,Rainfall Increment,540739.0.R.1962,3183,4
Samford Village AL,540416,Water Level,540416.0.H.1951,2948,1
Samford Village AL,540416,Rainfall,540416.0.R.1950,2948,2
Samford Village AL,540416,Battery,540416.0.B.1952,2948,3
Samford Village AL,540416,Rainfall Increment,540416.0.R.1950,2948,4
SAMSON BROOK DAM,509307,Rainfall Increment,509307.1.R,10605,2
SANDALWOOD,509370,Water Level,509370.1.H,10627,2
SANDALWOOD,509370,Rainfall Increment,509370.1.R,10627,3
Sandra Downs AL,535141,Rainfall,535141.0.R.4455,2506,1
Sandra Downs AL,535141,Battery,535141.0.B.4456,2506,2
Sandra Downs AL,535141,Rainfall Increment,535141.0.R.4455,2506,3
SANDRINGHAM RESERVOIR RAIN GAUGE,586223,Rainfall,586223.1.R,12002,1
SANDRINGHAM RESERVOIR RAIN GAUGE,586223,Rainfall Increment,586223.1.R,12002,2
Sandstone Park AL,535185,Rainfall,535185.0.R.1214,2542,1
Sandstone Park AL,535185,Battery,535185.0.B.1215,2542,2
Sandstone Park AL,535185,Relative Humidity,535185.0.RH.1217,2542,3
Sandstone Park AL,535185,Air Temperature,535185.0.AT.1216,2542,4
Sandstone Park AL,535185,Rainfall Increment,535185.0.R.1214,2542,5
SANDY CREEK BRIDGE TM,535103,Rainfall,535103.0.R,10113,1
SANDY CREEK BRIDGE TM,535103,Water Level,535103.0.H,10113,2
SANDY CREEK BRIDGE TM,535103,Rainfall Increment,535103.0.R,10113,3
Sandy Creek Eton AL,533213,Water Level,533213.0.H.6173,2435,1
Sandy Creek Eton AL,533213,Rainfall,533213.0.R.6169,2435,2
Sandy Creek Eton AL,533213,Battery,533213.0.B.6177,2435,3
Sandy Creek Eton AL,533213,Rainfall Increment,533213.0.R.6169,2435,4
Sandy Creek Road AL,540386,Water Level,540386.0.H.6586,2936,1
Sandy Creek Road AL,540386,Rainfall,540386.0.R.6585,2936,2
Sandy Creek Road AL,540386,Battery,540386.0.B.6587,2936,3
Sandy Creek Road AL,540386,Rainfall Increment,540386.0.R.6585,2936,4
SANDY CREEK TM,529067,Rainfall,529067.0.R,9907,1
SANDY CREEK TM,529067,Water Level,529067.0.H,9907,2
SANDY CREEK TM,529067,Rainfall Increment,529067.0.R,9907,3
SANDY HILL (CATARACT RIVER),556024,Water Level,556024.1.H,7795,2
SANDY HILL (CATARACT RIVER),556024,Rainfall Increment,556024.1.R,7795,3
SANDY HOLLOW (GOULBURN RIVER),561008,Water Level,561008.1.H,7923,1
SANDY PLATEAU TM,533137,Rainfall Increment,533137.0.R,6545,2
SANDY ROAD,509082,Rainfall Increment,509082.1.R,10567,2
SANDY WATERHOLE TM,529068,Rainfall,529068.0.R,9909,1
SANDY WATERHOLE TM,529068,Water Level,529068.0.H,9909,2
SANDY WATERHOLE TM,529068,Rainfall Increment,529068.0.R,9909,3
Sans Souci (Public School),66058,Battery,66058.1.B.7635,1348,1
Sans Souci (Public School),66058,Rainfall,66058.1.R.7634,1348,2
Sans Souci (Public School),66058,Rainfall Increment,66058.1.R.7634,1348,3
Sapphire AL,535100,Water Level,535100.0.H.5958,2471,1
Sapphire AL,535100,Rainfall,535100.0.R.5957,2471,2
Sapphire AL,535100,Battery,535100.0.B.5959,2471,3
Sapphire AL,535100,Rainfall Increment,535100.0.R.5957,2471,4
Sardine Creek AL,535184,Rainfall,535184.0.R.1220,2541,1
Sardine Creek AL,535184,Battery,535184.0.B.1221,2541,2
Sardine Creek AL,535184,Rainfall Increment,535184.0.R.1220,2541,3
SARICH&#039;S TM,33282,Water Level,33282.0.H,6047,1
Sarichs AL,33299,Water Level,33299.0.H.6171,2051,1
Sarichs AL,33299,Rainfall,33299.0.R.6170,2051,2
Sarichs AL,33299,Battery,33299.0.B.6172,2051,3
Sarichs AL,33299,Rainfall Increment,33299.0.R.6170,2051,4
Sarina (Maguire Rd) AL,533211,Rainfall,533211.0.R.6161,2433,1
Sarina (Maguire Rd) AL,533211,Battery,533211.0.B.6165,2433,2
Sarina (Maguire Rd) AL,533211,Rainfall Increment,533211.0.R.6161,2433,3
Sassafras,568160,Battery,568160.1.B.3382,1776,1
Sassafras,568160,Rainfall,568160.1.R.7003,1776,2
Sassafras,568160,Rainfall Increment,568160.1.R.7003,1776,3
Saunders Ck AL,532105,Water Level,532105.0.H.2845,2332,1
Saunders Ck AL,532105,Rainfall,532105.0.R.2844,2332,2
Saunders Ck AL,532105,Battery,532105.0.B.2846,2332,3
Saunders Ck AL,532105,Rainfall Increment,532105.0.R.2844,2332,4
SAVAGES CROSSING TM,540066,Water Level,540066.0.H,6827,1
Savages Xing AL,540150,Water Level,540150.0.H.6560,2764,1
Savages Xing AL,540150,Rainfall,540150.0.R.6559,2764,2
Savages Xing AL,540150,Rainfall Increment,540150.0.R.6559,2764,3
SAVANAH TM,529079,Rainfall,529079.0.R,9927,1
SAVANAH TM,529079,Rainfall Increment,529079.0.R,9927,2
SAWTELL (COFFS HARBOUR),559054,Rainfall,559054.1.R,11977,1
SAWTELL (COFFS HARBOUR),559054,Rainfall Increment,559054.1.R,11977,2
SAWTELL (COFFS HARBOUR),559054,Water Level,559054.1.H,11977,3
Sawtell (Coffs Harbour),559054,Water Level - AHD,559054.0.H,1554,1
Sawtell (Coffs Harbour),559054,Rainfall,559054.0.R,1554,2
Sawtell (Coffs Harbour),559054,Rainfall Increment,559054.0.R,1554,3
SAXBY RIVER (LDR) TM,529080,Rainfall,529080.0.R,9929,1
SAXBY RIVER (LDR) TM,529080,Water Level,529080.0.H,9929,2
SAXBY RIVER (LDR) TM,529080,Rainfall Increment,529080.0.R,9929,3
Scarborough (Wilson St),568123,Rainfall,568123.1.R.7420,1763,1
Scarborough (Wilson St),568123,Rainfall Increment,568123.1.R.7420,1763,2
SCARBOROUGH TIDE TM,540730,Water Level,540730.0.H,5215,1
Scartwater AL,534011,Rainfall,534011.0.R.2959,2439,1
Scartwater AL,534011,Battery,534011.0.B.2960,2439,2
Scartwater AL,534011,Rainfall Increment,534011.0.R.2959,2439,3
Schmidts Rd AL,540675,Water Level,540675.0.H.4152,3127,1
Schmidts Rd AL,540675,Rainfall,540675.0.R.4151,3127,2
Schmidts Rd AL,540675,Battery,540675.0.B.4153,3127,3
Schmidts Rd AL,540675,Rainfall Increment,540675.0.R.4151,3127,4
SCHOOL RD TM,533159,Rainfall Increment,533159.0.R,6561,2
Schultz Lookout AL,540526,Rainfall,540526.0.R.4002,3037,1
Schultz Lookout AL,540526,Battery,540526.0.B.4003,3037,2
Schultz Lookout AL,540526,Rainfall Increment,540526.0.R.4002,3037,3
Schuster Park North AL,540839,Water Level,540839.0.H.2429,11493,1
Schuster Park North AL,540839,Battery,540839.0.B.2430,11493,2
Schuster Park South AL,540840,Rainfall,540840.0.R.2431,11495,1
Schuster Park South AL,540840,Battery,540840.0.B.2432,11495,2
Schuster Park South AL,540840,Rainfall Increment,540840.0.R.2431,11495,3
Schwarz Crescent,515503,Battery,515503.1.B.4803,311,1
Schwarz Crescent,515503,Rainfall,515503.1.R.4802,311,2
Schwarz Crescent,515503,Rainfall Increment,515503.1.R.4802,311,3
Scone (Figtree Gully),61401,Battery,61401.1.B.7868,1289,1
Scone (Figtree Gully),61401,Rainfall,61401.1.R.7867,1289,2
Scone (Figtree Gully),61401,Rainfall Increment,61401.1.R.7867,1289,3
Scone (Kingdon Ponds),61360,Water Level,61360.1.H.7865,1278,1
Scone (Kingdon Ponds),61360,Battery,61360.1.B.7866,1278,2
Scone (Kingdon Ponds),61360,Rainfall,61360.1.R.7864,1278,3
Scone (Kingdon Ponds),61360,Rainfall Increment,61360.1.R.7864,1278,4
Scone (Stoney Creek),61402,Battery,61402.1.B.7851,1290,1
Scone (Stoney Creek),61402,Rainfall,61402.1.R.7850,1290,2
Scone (Stoney Creek),61402,Rainfall Increment,61402.1.R.7850,1290,3
Scotch College ,23105,Rainfall,23105.1.R.5207,1877,1
Scotch College ,23105,Battery,23105.1.B.5206,1877,2
Scotch College ,23105,Rainfall Increment,23105.1.R.5207,1877,3
SCOTCHMANS CREEK AT HUNTINGDALE ROAD RETARDING BASIN,586160,Water Level,586160.1.H,12179,1
SCOTCHMANS CREEK AT WAVERLEY ROAD RETARDING BASIN,586194,Water Level,586194.1.H,12182,1
SCOTCHTOWN (DUCK RIVER),591035,Water Level,591035.1.H,8703,1
Scott Creek ,23921,Battery,23921.1.B.5057,1949,1
Scott Creek ,23921,Rainfall,23921.1.R.5058,1949,2
Scott Creek ,23921,Rainfall Increment,23921.1.R.5058,1949,3
SCOTT CREEK (DEW),523775,Water Level,523775.1.H,8995,1
SCOTT CREEK (SAW),523725,Rainfall,523725.1.R,5513,1
SCOTT CREEK (SAW),523725,Water Level,523725.1.H,5513,2
SCOTT CREEK (SAW),523725,Rainfall Increment,523725.1.R,5513,3
Scottsdale AL,541190,Rainfall,541190.0.R.5771,3334,1
Scottsdale AL,541190,Battery,541190.0.B.5772,3334,2
Scottsdale AL,541190,Rainfall Increment,541190.0.R.5771,3334,3
SCRUBBY CAMP,517016,Water Level - AHD,517016.1.H,10903,1
SCRUBBY CREEK TM,531124,Rainfall,531124.0.R,9151,1
SCRUBBY CREEK TM,531124,Rainfall Increment,531124.0.R,9151,2
Seacliff Park ,523064,Battery,523064.1.B.5287,1978,1
Seacliff Park ,523064,Rainfall,523064.1.R.5288,1978,2
Seacliff Park ,523064,Rainfall Increment,523064.1.R.5288,1978,3
SEAFORTH,509379,Water Level,509379.1.H,10633,1
SEAFORTH TIDE TM,533209,Water Level,533209.0.H,5197,1
SEAHAM,561087,Water Level,561087.1.H,5783,2
SEAHAM,561087,Rainfall Increment,561087.1.R,5783,3
Seale Road (Belmore River),559026,Water Level,559026.1.H.7734,1538,1
Seale Road (Belmore River),559026,Conductivity,559026.1.C.7732,1538,2
Seale Road (Belmore River),559026,Dissolved Oxygen,559026.1.DO.7731,1538,3
Seale Road (Belmore River),559026,pH,559026.1.PH.7730,1538,4
Seale Road (Belmore River),559026,Battery,559026.1.B.7748,1538,5
Seale Road (Belmore River),559026,Water Temperature,559026.1.WT.7733,1538,6
Seale Road (Belmore River),559026,Rainfall,559026.1.R.7705,1538,7
Seale Road (Belmore River),559026,Rainfall Increment,559026.1.R.7705,1538,8
Seaview ,23085,Rainfall,23085.1.R.5830,1874,1
Seaview ,23085,Battery,23085.1.B.5829,1874,2
Seaview ,23085,Rainfall Increment,23085.1.R.5830,1874,3
Sedan Hill,24575,Rainfall,24575.1.R.5140,1951,1
Sedan Hill,24575,Battery,24575.1.B.5139,1951,2
Sedan Hill,24575,Rainfall Increment,24575.1.R.5140,1951,3
Sedgeford AL,535149,Rainfall,535149.0.R.4666,2513,1
Sedgeford AL,535149,Battery,535149.0.B.4667,2513,2
Sedgeford AL,535149,Rainfall Increment,535149.0.R.4666,2513,3
Sellheim AL,533075,Water Level,533075.0.H.2998,2380,1
Sellheim AL,533075,Rainfall,533075.0.R.2997,2380,2
Sellheim AL,533075,Battery,533075.0.B.2999,2380,3
Sellheim AL,533075,Rainfall Increment,533075.0.R.2997,2380,4
SELLHEIM TM,533011,Water Level,533011.0.H,6453,1
Selma Channel (Tyson Rd) AL,535217,Rainfall,535217.0.R.1241,2556,1
Selma Channel (Tyson Rd) AL,535217,Battery,535217.0.B.1242,2556,2
Selma Channel (Tyson Rd) AL,535217,Rainfall Increment,535217.0.R.1241,2556,3
SELWYN TM,529030,Rainfall Increment,529030.0.R,6253,2
Sengs Rd AL,541117,Water Level,541117.0.H.4952,3283,1
Sengs Rd AL,541117,Rainfall,541117.0.R.4951,3283,2
Sengs Rd AL,541117,Battery,541117.0.B.4953,3283,3
Sengs Rd AL,541117,Rainfall Increment,541117.0.R.4951,3283,4
Serpentine,9039,Rainfall,9039.1.R.5959,4386,1
Serpentine,9039,Battery,9039.1.B.5958,4386,2
Serpentine,9039,Rainfall Increment,9039.1.R.5959,4386,3
Serpentine AL,535154,Water Level,535154.0.H.5945,2518,1
Serpentine AL,535154,Rainfall,535154.0.R.5944,2518,2
Serpentine AL,535154,Battery,535154.0.B.5946,2518,3
Serpentine AL,535154,Rainfall Increment,535154.0.R.5944,2518,4
SETTLEMENT POINT (HASTINGS RIVER),60133,Water Level,60133.1.H,5997,1
Seven Cks at Kialla West,581016,Water Level,581016.1.H.223,4674,1
Seven Cks at Kialla West,581016,Battery,581016.1.B.224,4674,2
Seven Cks at Strathbogie,82151,Rainfall,82151.1.R.469,4505,1
Seven Cks at Strathbogie,82151,Battery,82151.1.B.471,4505,2
Seven Cks at Strathbogie,82151,Water Level,82151.1.H.470,4505,3
Seven Cks at Strathbogie,82151,Rainfall Increment,82151.1.R.469,4505,4
SEVEN CREEKS @ KIALLA WEST,581016,Water Level,581016.2.H,9343,1
SEVEN CREEKS AT D/S POLLY MCQUINNS WEIR,82154,Rainfall,82154.2.R,9789,1
SEVEN CREEKS AT D/S POLLY MCQUINNS WEIR,82154,Water Level,82154.2.H,9789,2
SEVEN CREEKS AT D/S POLLY MCQUINNS WEIR,82154,Rainfall Increment,82154.2.R,9789,3
Seven Creeks at D/S Polly McQuinns Weir,82154,Rainfall,82154.1.R.472,4506,1
Seven Creeks at D/S Polly McQuinns Weir,82154,Water Level,82154.1.H.473,4506,2
Seven Creeks at D/S Polly McQuinns Weir,82154,Battery,82154.1.B.474,4506,3
Seven Creeks at D/S Polly McQuinns Weir,82154,Rainfall Increment,82154.1.R.472,4506,4
SEVEN CREEKS AT EUROA,582017,Water Level,582017.2.H,9401,1
SEVEN CREEKS AT GALLS GAP ROAD,82150,Water Level,82150.2.H,9785,1
SEVEN CREEKS AT STRATHBOGIE,82151,Rainfall,82151.2.R,9787,1
SEVEN CREEKS AT STRATHBOGIE,82151,Water Level,82151.2.H,9787,2
SEVEN CREEKS AT STRATHBOGIE,82151,Rainfall Increment,82151.2.R,9787,3
Seven Hills (Radio FM 103.2),67110,Battery,67110.1.B.7266,1374,1
Seven Hills (Radio FM 103.2),67110,Rainfall,67110.1.R.7265,1374,2
Seven Hills (Radio FM 103.2),67110,Rainfall Increment,67110.1.R.7265,1374,3
Seven Hills Reservoir,567110,Battery,567110.1.B.7243,1748,1
Seven Hills Reservoir,567110,Rainfall,567110.1.R.7244,1748,2
Seven Hills Reservoir,567110,Rainfall Increment,567110.1.R.7244,1748,3
Seven Mile Bridge AL,540669,Water Level,540669.0.H.4821,3121,1
Seven Mile Bridge AL,540669,Rainfall,540669.0.R.4820,3121,2
Seven Mile Bridge AL,540669,Battery,540669.0.B.4822,3121,3
Seven Mile Bridge AL,540669,Rainfall Increment,540669.0.R.4820,3121,4
Seven Oaks (Macleay River),559034,Water Level,559034.1.H.7768,1546,1
Seven Oaks (Macleay River),559034,Battery,559034.1.B.7770,1546,2
Seven Oaks (Macleay River),559034,Rainfall,559034.1.R.7769,1546,3
Seven Oaks (Macleay River),559034,Rainfall Increment,559034.1.R.7769,1546,4
Seven Oaks AL,541125,Water Level,541125.0.H.4917,3291,1
Seven Oaks AL,541125,Rainfall,541125.0.R.4916,3291,2
Seven Oaks AL,541125,Battery,541125.0.B.4918,3291,3
Seven Oaks AL,541125,Rainfall Increment,541125.0.R.4916,3291,4
Sevenhill,21127,Rainfall,21127.1.R.5320,1866,1
Sevenhill,21127,Battery,21127.1.B.5319,1866,2
Sevenhill,21127,Rainfall Increment,21127.1.R.5320,1866,3
Sevens Cks at Galls Gap Road,82150,Water Level,82150.1.H.475,4507,1
Sevens Cks at Galls Gap Road,82150,Battery,82150.1.B.476,4507,2
Sevens Creek at Euroa,582017,Water Level,582017.1.H.477,4508,1
Sevens Creek at Euroa,582017,Battery,582017.1.B.478,4508,2
SEVENTEEN MILE CREEK,514917,Water Level,514917.1.H,7385,2
SEVENTEEN MILE CREEK,514917,Rainfall Increment,514917.1.R,7385,3
Sexton AL,540687,Water Level,540687.0.H.5621,3138,1
Sexton AL,540687,Rainfall,540687.0.R.5620,3138,2
Sexton AL,540687,Battery,540687.0.B.5622,3138,3
Sexton AL,540687,Rainfall Increment,540687.0.R.5620,3138,4
SEYMOUR GAP TM,529088,Rainfall,529088.0.R,9939,1
SEYMOUR GAP TM,529088,Rainfall Increment,529088.0.R,9939,2
SHALE ROAD (MERSEY RIVER),591032,Water Level,591032.1.H,8699,1
Shanes Park (South Creek Rd),67081,Battery,67081.1.B.7621,1368,1
Shanes Park (South Creek Rd),67081,Rainfall,67081.1.R.7620,1368,2
Shanes Park (South Creek Rd),67081,Rainfall Increment,67081.1.R.7620,1368,3
SHANNON BROOK AT YORKLEA,558038,Water Level,558038.1.H,7859,2
SHANNON BROOK AT YORKLEA,558038,Rainfall Increment,558038.1.R,7859,3
SHANNON RV (ST PATRICKS PLAINS),596061,Water Level,596061.1.H,8559,1
SHANNON VALE (MANN RIVER),556023,Water Level,556023.1.H,7793,1
SHANNONBROOK TM,541161,Rainfall Increment,541161.0.R,7055,2
SHAWS RAIN GAUGE AT VANTAGE POINT G,586074,Rainfall,586074.1.R,12093,1
SHAWS RAIN GAUGE AT VANTAGE POINT G,586074,Rainfall Increment,586074.1.R,12093,2
Sheep Station Ck AL,540542,Water Level,540542.0.H.5510,3047,1
Sheep Station Ck AL,540542,Rainfall,540542.0.R.5509,3047,2
Sheep Station Ck AL,540542,Battery,540542.0.B.5511,3047,3
Sheep Station Ck AL,540542,Rainfall Increment,540542.0.R.5509,3047,4
Sheep Station Ck AL (Gemfields),535212,Rainfall,535212.0.R.1247,2552,1
Sheep Station Ck AL (Gemfields),535212,Battery,535212.0.B.1248,2552,2
Sheep Station Ck AL (Gemfields),535212,Rainfall Increment,535212.0.R.1247,2552,3
SHEEPWASH BRIDGE (WINGECARRIBEE RIVER),568234,Water Level,568234.1.H,5317,1
SHEFFIELD CONTROL CENTRE,591011,Rainfall Increment,591011.1.R,8451,2
Shepards Lane (Coffs Harbour),559017,Battery,559017.1.B.7823,1533,1
Shepards Lane (Coffs Harbour),559017,Rainfall,559017.1.R.7822,1533,2
Shepards Lane (Coffs Harbour),559017,Rainfall Increment,559017.1.R.7822,1533,3
SHEPHARDS LANE BASIN,559077,Rainfall,559077.1.R,11991,1
SHEPHARDS LANE BASIN,559077,Rainfall Increment,559077.1.R,11991,2
SHEPHARDS LANE BASIN,559077,Water Level,559077.1.H,11991,3
SHEPHERD CREEK D/S HEALESVILLE KOOWEERUP RD NANGANA,586331,Water Level,586331.1.H,12166,1
Sheppards Hill,561118,Battery,561118.1.B.3589,1637,1
Sheppards Hill,561118,Rainfall,561118.1.R.3588,1637,2
Sheppards Hill,561118,Rainfall Increment,561118.1.R.3588,1637,3
Sherwood Road Br (Macleay River),559067,Water Level,559067.1.H.7706,1566,1
Sherwood Road Br (Macleay River),559067,Battery,559067.1.B.7707,1566,2
SHOAL BAY (TIDAL),561153,Water Level,561153.1.H,5841,1
Shoalhaven Heads,568195,Water Level,568195.1.H.7049,1790,1
Shoalhaven Heads,568195,Battery,568195.1.B.7067,1790,2
SHOALHAVEN R AT WARRI,570037,Water Level,570037.1.H,8165,1
Shoeing Tool Bore,14828,Battery,14828.1.B,321,1
Shoeing Tool Bore,14828,Rainfall,14828.1.R,321,2
Shoeing Tool Bore,14828,Rainfall Increment,14828.1.R,321,3
Shooters Hill (Tower Road),563028,Battery,563028.1.B.7343,1680,1
Shooters Hill (Tower Road),563028,Rainfall,563028.2.R.7342,1680,3
Shooters Hill (Tower Road),563028,Rainfall Increment,563028.2.R.7342,1680,5
SHORNCLIFFE TIDE TM,540762,Water Level,540762.0.H,5219,1
Showground Weir AL,540158,Water Level,540158.0.H.6584,2772,1
Showground Weir AL,540158,Rainfall,540158.0.R.6583,2772,2
Showground Weir AL,540158,Rainfall Increment,540158.0.R.6583,2772,3
SHOWGROUND WEIR HW TM,540047,Water Level,540047.0.H,10237,2
SHOWGROUND WEIR HW TM,540047,Rainfall Increment,540047.0.R,10237,3
SHUTE HARBOUR TIDE TM,533008,Water Level,533008.0.H,5183,1
Siddins Creek,2077,Rainfall,2077.1.R,4343,1
Siddins Creek,2077,Battery,2077.1.B,4343,2
Siddins Creek,2077,Rainfall Increment,2077.1.R,4343,3
SILKWOOD TM,532093,Water Level,532093.0.H,6427,2
SILKWOOD TM,532093,Rainfall Increment,532093.0.R,6427,3
Silver Hills AL,535211,Rainfall,535211.0.R.1249,2551,1
Silver Hills AL,535211,Battery,535211.0.B.1250,2551,2
Silver Hills AL,535211,Rainfall Increment,535211.0.R.1249,2551,3
SILVER VALLEY TM,531015,Water Level,531015.0.H,6293,2
SILVER VALLEY TM,531015,Rainfall Increment,531015.0.R,6293,3
SILVERLEAF WEIR HW TM,539077,Water Level,539077.0.H,7211,1
SILVERLEAF WEIR TW TM,539073,Water Level,539073.0.H,7207,1
SIMMONDS CREEK TM,531018,Rainfall,531018.0.R,6295,1
SIMMONDS CREEK TM,531018,Water Level,531018.0.H,6295,2
SIMMONDS CREEK TM,531018,Rainfall Increment,531018.0.R,6295,3
SING&#039;S FARM TM,532096,Water Level,532096.0.H,6429,2
SING&#039;S FARM TM,532096,Rainfall Increment,532096.0.R,6429,3
SINGLETON (HUNTER RIVER),561010,Water Level,561010.1.H,7927,1
Sippy Downs AL,540339,Rainfall,540339.0.R.5400,2901,1
Sippy Downs AL,540339,Battery,540339.0.B.5401,2901,2
Sippy Downs AL,540339,Rainfall Increment,540339.0.R.5400,2901,3
Six Mile Ck (Liane Drv) AL,540777,Water Level,540777.0.H.6974,3198,1
Six Mile Ck (Liane Drv) AL,540777,Battery,540777.0.B.6975,3198,2
Six Mile Ck AL,540664,Water Level,540664.0.H.4804,3116,1
Six Mile Ck AL,540664,Rainfall,540664.0.R.4803,3116,2
Six Mile Ck AL,540664,Battery,540664.0.B.4805,3116,3
Six Mile Ck AL,540664,Rainfall Increment,540664.0.R.4803,3116,4
SIXTH CK AT CASTAMBUL (DEW),523745,Water Level,523745.1.H,8975,1
Sixth Creek,23852,Water Level,23852.1.H.5473,1920,1
Sixth Creek,23852,Battery,23852.1.B.5469,1920,2
SKELETON CREEK AT SAYERS RD HOPPERS CROSSING,587049,Water Level,587049.1.H,12072,1
SKELETON CREEK AT SAYERS RD HOPPERS CROSSING,587049,Rainfall,587049.1.R,12072,2
SKELETON CREEK AT SAYERS RD HOPPERS CROSSING,587049,Rainfall Increment,587049.1.R,12072,3
SKYE ROAD DRAIN AT SKYE ROAD RET BASIN FRANKSTON NORTH,586098,Water Level,586098.1.H,12227,1
SKYE ROAD DRAIN AT SKYE ROAD RET BASIN FRANKSTON NORTH,586098,Rainfall,586098.1.R,12227,2
SKYE ROAD DRAIN AT SKYE ROAD RET BASIN FRANKSTON NORTH,586098,Rainfall Increment,586098.1.R,12227,3
Slacks Ck (Loganlea Rd) AL,540091,Water Level,540091.0.H.6228,2718,1
Slacks Ck (Loganlea Rd) AL,540091,Rainfall,540091.0.R.6225,2718,2
Slacks Ck (Loganlea Rd) AL,540091,Battery,540091.0.B.6226,2718,3
Slacks Ck (Loganlea Rd) AL,540091,Rainfall Increment,540091.0.R.6225,2718,4
Slacks Ck (Reserve Park) AL,540079,Water Level,540079.0.H.6223,2711,1
Slacks Ck (Reserve Park) AL,540079,Rainfall,540079.0.R.6220,2711,2
Slacks Ck (Reserve Park) AL,540079,Battery,540079.0.B.6221,2711,3
Slacks Ck (Reserve Park) AL,540079,Rainfall Increment,540079.0.R.6220,2711,4
SLADE STREET,509476,Water Level,509476.1.H,10709,1
Slatey Creek,561176,Water Level,561176.2.H.7924,1670,1
Slatey Creek,561176,Battery,561176.2.B.7923,1670,2
SLATEY CREEK,561176,Water Level,561176.1.H,5849,1
SLEEMAN ROAD BRIDGE,509439,Water Level,509439.1.H,10661,2
SLEEMAN ROAD BRIDGE,509439,Rainfall Increment,509439.1.R,10661,3
SLEISBECK,514000,Rainfall Increment,514000.1.R,7283,2
Smallwoods Crossing (Nattai River),568140,Water Level,568140.1.H.3172,1765,1
Smallwoods Crossing (Nattai River),568140,Battery,568140.1.B.3174,1765,2
Smallwoods Crossing (Nattai River),568140,Rainfall,568140.1.R.3173,1765,3
Smallwoods Crossing (Nattai River),568140,Rainfall Increment,568140.1.R.3173,1765,4
SMITHFIELD RD (PROSPECT CREEK),567041,Water Level,567041.1.H,8091,1
SMITHS GULLY RAIN GAUGE,586338,Rainfall,586338.1.R,12077,1
SMITHS GULLY RAIN GAUGE,586338,Rainfall Increment,586338.1.R,12077,2
SMITHTOWN,559040,Water Level,559040.1.H,5639,1
SNAKE CREEK TM,529092,Rainfall,529092.0.R,9947,1
SNAKE CREEK TM,529092,Rainfall Increment,529092.0.R,9947,2
Snowball,69062,Battery,69062.1.B.3364,1405,1
Snowball,69062,Rainfall,69062.1.R.7001,1405,2
Snowball,69062,Rainfall Increment,69062.1.R.7001,1405,3
Snowdrop Creek,14651,Battery,14651.1.B.1176,292,1
Snowdrop Creek,14651,Rainfall,14651.1.R.1175,292,2
Snowdrop Creek,14651,Rainfall Increment,14651.1.R.1175,292,3
SNOWY CK D/S LIGHTNING CREEK,82031,Water Level,82031.1.H,9767,1
SNOWY CK D/S LIGHTNING CREEK,82031,Rainfall,82031.2.R,9767,2
SNOWY CK D/S LIGHTNING CREEK,82031,Rainfall Increment,82031.2.R,9767,3
SNOWY CREEK AT GRANITE FLAT,582018,Rainfall,582018.1.R,9403,1
SNOWY CREEK AT GRANITE FLAT,582018,Water Level,582018.1.H,9403,2
SNOWY CREEK AT GRANITE FLAT,582018,Rainfall Increment,582018.1.R,9403,3
Snowy Range,85302,Battery,85302.1.B.4831,4770,1
Snowy Range,85302,Rainfall,85302.1.R.4830,4770,2
Snowy Range,85302,Rainfall Increment,85302.1.R.4830,4770,3
SNOWY RIVER @ BURNT HUT CROSSING,70008,Water Level,70008.1.H,8421,2
SNOWY RIVER @ BURNT HUT CROSSING,70008,Rainfall Increment,70008.1.R,8421,3
SNOWY RIVER @ DALGETY WEIR,71019,Water Level,71019.1.H,8427,2
SNOWY RIVER @ DALGETY WEIR,71019,Rainfall Increment,71019.1.R,8427,3
Snowy River at Basin Creek,84109,Battery,84109.1.B.4952,4769,1
Snowy River at Basin Creek,84109,Water Level,84109.1.H.4951,4769,2
Snowy River at Basin Creek,84109,Rainfall,84109.1.R.4950,4769,3
Snowy River at Basin Creek,84109,Rainfall Increment,84109.1.R.4950,4769,4
SNOWY RIVER AT D/S BASIN CREEK,84109,Water Level,84109.2.H,9803,1
SNOWY RIVER AT JARRAHMOND,584004,Water Level,584004.1.H,9447,1
SNOWY RIVER AT JARRAHMOND,584004,Water Level,584004.2.H,9447,2
SNOWY RIVER AT MCKILLOPS BRIDGE,84126,Rainfall,84126.2.R,9807,1
SNOWY RIVER AT MCKILLOPS BRIDGE,84126,Water Level,84126.2.H,9807,2
SNOWY RIVER AT MCKILLOPS BRIDGE,84126,Rainfall Increment,84126.2.R,9807,3
Snowy River at Mckillops Bridge,84126,Battery,84126.1.B.4948,4733,1
Snowy River at Mckillops Bridge,84126,Rainfall,84126.1.R.4946,4733,2
Snowy River at Mckillops Bridge,84126,Water Level,84126.1.H.4947,4733,3
Snowy River at Mckillops Bridge,84126,Rainfall Increment,84126.1.R.4946,4733,4
Snowy River at Orbost,584011,Battery,584011.1.B.4988,4847,1
Snowy River at Orbost,584011,Water Level,584011.1.H.4987,4847,2
SNOWY RIVER AT ORBOST,584011,Water Level,584011.2.H,9457,1
SOANSVILLE,504030,Rainfall Increment,504030.1.R,10433,2
SOFALA (TURON RIVER),563016,Water Level,563016.1.H,8029,1
SOMERSBY (STRICKLAND S.F.),561027,Rainfall Increment,561027.1.R,5723,2
Somersby Repeater,561123,Battery,561123.1.B.3751,1642,1
Somerset Dam HW AL-B,540160,Water Level,540160.2.H.6591,2774,1
Somerset Dam HW AL-B,540160,Rainfall,540160.1.R.6590,2774,2
Somerset Dam HW AL-B,540160,Rainfall Increment,540160.1.R.6590,2774,3
Somerset Dam HW AL-P,540159,Water Level,540159.2.H.6594,2773,1
Somerset Dam HW AL-P2,540471,Water Level - AHD,540471.0.H.6595,2990,1
SOMERSET DAM TM,40820,Water Level,40820.0.H,10235,2
SOMERSET DAM TM,40820,Rainfall Increment,40820.0.R,10235,3
Somerton Park Esplanade,523062,Battery,523062.1.B.5285,1976,1
Somerton Park Esplanade,523062,Rainfall,523062.1.R.5286,1976,2
Somerton Park Esplanade,523062,Rainfall Increment,523062.1.R.5286,1976,3
Sommariva (Repeater) AL,544063,Rainfall,544063.0.R.1083,3396,1
Sommariva (Repeater) AL,544063,Battery,544063.0.B.1084,3396,2
Sommariva (Repeater) AL,544063,Rainfall Increment,544063.0.R.1083,3396,3
Sooley Dam,570069,Water Level,570069.1.H.3243,1842,1
Sooley Dam,570069,Battery,570069.1.B.3244,1842,2
Sooley Dam,570069,Rainfall,570069.1.R.3242,1842,3
Sooley Dam,570069,Rainfall Increment,570069.1.R.3242,1842,4
SOONAH CROSSING TM,545005,Rainfall,545005.0.R,9187,1
SOONAH CROSSING TM,545005,Water Level,545005.0.H,9187,2
SOONAH CROSSING TM,545005,Rainfall Increment,545005.0.R,9187,3
South Arm (South Arm Road),559074,Battery,559074.1.B.7528,1570,1
South Arm (South Arm Road),559074,Rainfall,559074.1.R.7527,1570,2
South Arm (South Arm Road),559074,Rainfall Increment,559074.1.R.7527,1570,3
SOUTH BOAMBEE (SOUTH BOAMBEE RD),559049,Rainfall Increment,559049.1.R,5651,2
SOUTH BRANCH,509532,Water Level,509532.1.H,10767,1
SOUTH CASCADE CREEK AT THOMSON VALLEY ROAD,585085,Water Level,585085.2.H,12288,1
South Cascade Creek At Thomson Valley Road,585085,Battery,585085.1.B.1877,4871,1
South Cascade Creek At Thomson Valley Road,585085,Water Level,585085.1.H.1878,4871,2
SOUTH COMONGIN TM,545004,Rainfall,545004.0.R,9185,1
SOUTH COMONGIN TM,545004,Water Level,545004.0.H,9185,2
SOUTH COMONGIN TM,545004,Rainfall Increment,545004.0.R,9185,3
SOUTH CREEK (ELIZABETH DRIVE),567070,Water Level,567070.2.H,8095,2
SOUTH CREEK (ELIZABETH DRIVE),567070,Rainfall Increment,567070.2.R,8095,3
South Creek (Elizabeth Drive),567070,Water Level,567070.1.H.3026,1739,1
South Creek (Elizabeth Drive),567070,Battery,567070.1.B.3028,1739,2
South Creek (Elizabeth Drive),567070,Rainfall,567070.1.R.3027,1739,3
South Creek (Elizabeth Drive),567070,Rainfall Increment,567070.1.R.3027,1739,4
SOUTH CREEK (GT WESTERN HIGHWAY),567071,Water Level,567071.2.H,8097,1
SOUTH EAST GAWLER (DEW),523048,Water Level,523048.1.H,8927,1
South Grafton (Clarence Regional Landfill),58231,Battery,58231.1.B.7840,1201,1
South Grafton (Clarence Regional Landfill),58231,Rainfall,58231.1.R.7839,1201,2
South Grafton (Clarence Regional Landfill),58231,Rainfall Increment,58231.1.R.7839,1201,3
South Holmwood AL,8310,Rainfall,8310.1.R.5923,4379,1
South Holmwood AL,8310,Battery,8310.1.B.5922,4379,2
South Holmwood AL,8310,Rainfall Increment,8310.1.R.5923,4379,3
South Kariboe Ck AL,539248,Water Level,539248.0.H.913,2684,1
South Kariboe Ck AL,539248,Rainfall,539248.0.R.912,2684,2
South Kariboe Ck AL,539248,Battery,539248.0.B.914,2684,3
South Kariboe Ck AL,539248,Rainfall Increment,539248.0.R.912,2684,4
SOUTH KARIBOE CREEK TM,539106,Water Level,539106.0.H,6775,2
SOUTH KARIBOE CREEK TM,539106,Rainfall Increment,539106.0.R,6775,3
South Lesdale AL,544029,Rainfall,544029.0.R.4211,3364,1
South Lesdale AL,544029,Battery,544029.0.B.4212,3364,2
South Lesdale AL,544029,Rainfall Increment,544029.0.R.4211,3364,3
South Mackay (Elamang St) AL,533207,Water Level,533207.0.H.5085,2431,1
South Mackay (Elamang St) AL,533207,Rainfall,533207.0.R.5084,2431,2
South Mackay (Elamang St) AL,533207,Battery,533207.0.B.5086,2431,3
South Mackay (Elamang St) AL,533207,Rainfall Increment,533207.0.R.5084,2431,4
South Mackay (Paradise St) AL,533208,Water Level,533208.0.H.5076,2432,1
South Mackay (Paradise St) AL,533208,Rainfall,533208.0.R.5075,2432,2
South Mackay (Paradise St) AL,533208,Battery,533208.0.B.5077,2432,3
South Mackay (Paradise St) AL,533208,Rainfall Increment,533208.0.R.5075,2432,4
SOUTH MACLEAN TM,540214,Water Level,540214.0.H,10247,1
SOUTH MACLEAN TW TM,540515,Water Level,540515.0.H,10273,1
South Mission Beach AL,532074,Rainfall,532074.0.R.5233,2315,1
South Mission Beach AL,532074,Battery,532074.0.B.5235,2315,2
South Mission Beach AL,532074,Wind Gust,532074.0.WG.5234,2315,3
South Mission Beach AL,532074,Rainfall Increment,532074.0.R.5233,2315,4
SOUTH MORANG RAIN GAUGE,586339,Rainfall,586339.1.R,12078,1
SOUTH MORANG RAIN GAUGE,586339,Rainfall Increment,586339.1.R,12078,2
South Para Reservoir ,23820,Battery,23820.1.B.5061,1918,1
South Para Reservoir ,23820,Rainfall,23820.1.R.5062,1918,2
South Para Reservoir ,23820,Rainfall Increment,23820.1.R.5062,1918,3
SOUTH PARA RESV (SAW),523311,Rainfall,523311.1.R,5507,1
SOUTH PARA RESV (SAW),523311,Water Level,523311.1.H,5507,2
SOUTH PARA RESV (SAW),523311,Rainfall Increment,523311.1.R,5507,3
South Rd RB at Mentone,586187,Rainfall,586187.1.R.1067,4555,1
South Rd RB at Mentone,586187,Battery,586187.1.B.1065,4555,2
South Rd RB at Mentone,586187,Rainfall Increment,586187.1.R.1067,4555,3
South Ripley (James Ivory Br) AL,540727,Water Level,540727.0.H.2148,3173,1
South Ripley (James Ivory Br) AL,540727,Rainfall,540727.0.R.2145,3173,2
South Ripley (James Ivory Br) AL,540727,Battery,540727.0.B.2144,3173,3
South Ripley (James Ivory Br) AL,540727,Rainfall Increment,540727.0.R.2145,3173,4
South Ripley (Wards Rd) AL,540666,Water Level,540666.0.H.4814,3118,1
South Ripley (Wards Rd) AL,540666,Rainfall,540666.0.R.4813,3118,2
South Ripley (Wards Rd) AL,540666,Battery,540666.0.B.4815,3118,3
South Ripley (Wards Rd) AL,540666,Rainfall Increment,540666.0.R.4813,3118,4
SOUTH STRADBROKE TM,540704,Rainfall Increment,540704.0.R,6979,2
South Townsville AL,532077,Rainfall,532077.0.R.2774,2318,1
South Townsville AL,532077,Battery,532077.0.B.2775,2318,2
South Townsville AL,532077,Rainfall Increment,532077.0.R.2774,2318,3
SOUTH WEST ROCKS,559041,Water Level,559041.1.H,5641,1
SOUTH WESTERN HIGHWAY,509551,Water Level,509551.1.H,10793,1
South Yaamba TM,33310,Water Level,33310.0.H,2059,1
South Yaamba TM,33310,Rainfall,33310.0.R,2059,2
South Yaamba TM,33310,Battery,33310.0.B,2059,3
South Yaamba TM,33310,Rainfall Increment,33310.0.R,2059,4
Spagnolos Road (Coffs Harbour),559064,Water Level,559064.0.H,1564,1
Spagnolos Road (Coffs Harbour),559064,Rainfall,559064.0.R,1564,2
Spagnolos Road (Coffs Harbour),559064,Rainfall Increment,559064.0.R,1564,3
SPAGNOLOS ROAD (COFFS HARBOUR),559064,Rainfall,559064.1.R,11987,1
SPAGNOLOS ROAD (COFFS HARBOUR),559064,Rainfall Increment,559064.1.R,11987,2
SPAGNOLOS ROAD (COFFS HARBOUR),559064,Water Level,559064.1.H,11987,3
SPANNER WATERHOLE TM,530015,Water Level,530015.0.H,6279,2
SPANNER WATERHOLE TM,530015,Rainfall Increment,530015.0.R,6279,3
SPENCER,561065,Water Level,561065.1.H,5741,1
Spicers Peak AL,541140,Rainfall,541140.0.R.5756,3306,1
Spicers Peak AL,541140,Battery,541140.0.B.5757,3306,2
Spicers Peak AL,541140,Rainfall Increment,541140.0.R.5756,3306,3
Spicketts Ck (Noonannie),59148,Battery,59148.1.B.7593,1223,1
Spicketts Ck (Noonannie),59148,Rainfall,59148.1.R.7592,1223,2
Spicketts Ck (Noonannie),59148,Rainfall Increment,59148.1.R.7592,1223,3
SPLIT ROCK DAM D/S (MANILLA RIVER),555011,Water Level,555011.1.H,7717,1
SPLIT ROCK DAM WL (MANILLA RIVER),555002,Water Level,555002.1.H,7701,1
Splitters Ck AL,539213,Rainfall,539213.0.R.4752,2652,1
Splitters Ck AL,539213,Battery,539213.0.B.4753,2652,2
Splitters Ck AL,539213,Rainfall Increment,539213.0.R.4752,2652,3
Splityard Ck Dam AL,540260,Water Level,540260.0.H.6645,2842,1
Spressers Bridge AL,540314,Water Level,540314.0.H.2081,2878,1
Spressers Bridge AL,540314,Rainfall,540314.0.R.2080,2878,2
Spressers Bridge AL,540314,Battery,540314.0.B.2082,2878,3
Spressers Bridge AL,540314,Rainfall Increment,540314.0.R.2080,2878,4
Spring Bluff AL,540527,Water Level,540527.0.H.4007,3038,1
Spring Bluff AL,540527,Rainfall,540527.0.R.4006,3038,2
Spring Bluff AL,540527,Battery,540527.0.B.4008,3038,3
Spring Bluff AL,540527,Rainfall Increment,540527.0.R.4006,3038,4
SPRING BLUFF TM,540507,Water Level,540507.0.H,6913,2
SPRING BLUFF TM,540507,Rainfall Increment,540507.0.R,6913,3
Spring Ck Rd AL,540700,Rainfall,540700.0.R.6884,3151,1
Spring Ck Rd AL,540700,Battery,540700.0.B.6885,3151,2
Spring Ck Rd AL,540700,Rainfall Increment,540700.0.R.6884,3151,3
SPRING CK RD FAWCETT,588045,Rainfall,588045.1.R,11331,1
SPRING CK RD FAWCETT,588045,Rainfall Increment,588045.1.R,11331,2
Spring Gully,521101,Rainfall,521101.1.R.5300,1965,1
Spring Gully,521101,Battery,521101.1.B.5299,1965,2
Spring Gully,521101,Rainfall Increment,521101.1.R.5300,1965,3
Spring Hill AL,544030,Rainfall,544030.0.R.4215,3365,1
Spring Hill AL,544030,Battery,544030.0.B.4216,3365,2
Spring Hill AL,544030,Rainfall Increment,544030.0.R.4215,3365,3
Spring Mt AL,540665,Rainfall,540665.0.R.4811,3117,1
Spring Mt AL,540665,Battery,540665.0.B.4812,3117,2
Spring Mt AL,540665,Rainfall Increment,540665.0.R.4811,3117,3
SPRING RIDGE (YARRAMAN CK),555028,Water Level,555028.1.H,7743,1
Springbrook National Park AL,540841,Rainfall,540841.0.R.2433,11497,1
Springbrook National Park AL,540841,Battery,540841.0.B.2434,11497,2
Springbrook National Park AL,540841,Rainfall Increment,540841.0.R.2433,11497,3
SPRINGBROOK TM,540581,Rainfall Increment,540581.0.R,6951,2
Springdale TM,43008,Rainfall,43008.0.R,2206,1
Springdale TM,43008,Battery,43008.0.B,2206,2
Springdale TM,43008,Rainfall Increment,43008.0.R,2206,3
Springfield,43099,Battery,43099.0.B,11405,1
Springfield,43099,Rainfall,43099.0.R,11405,2
Springfield,43099,Water Level,43099.0.H,11405,3
Springfield,43099,Rainfall Increment,43099.0.R,11405,4
Springfield AL,539214,Water Level,539214.0.H.4781,2653,1
Springfield AL,539214,Rainfall,539214.0.R.4780,2653,2
Springfield AL,539214,Battery,539214.0.B.4782,2653,3
Springfield AL,539214,Rainfall Increment,539214.0.R.4780,2653,4
Springfield Lakes AL,540501,Water Level,540501.0.H.2052,3018,1
Springfield Lakes AL,540501,Rainfall,540501.0.R.2051,3018,2
Springfield Lakes AL,540501,Battery,540501.0.B.2053,3018,3
Springfield Lakes AL,540501,Rainfall Increment,540501.0.R.2051,3018,4
Springfield Lakes HL Dam AL,540824,Water Level,540824.0.H.4841,3234,1
Springfield Lakes HL Dam AL,540824,Rainfall,540824.0.R.4840,3234,2
Springfield Lakes HL Dam AL,540824,Battery,540824.0.B.4842,3234,3
Springfield Lakes HL Dam AL,540824,Rainfall Increment,540824.0.R.4840,3234,4
Springfield Lakes LL Dam AL,540825,Water Level,540825.0.H.4844,3235,1
Springfield Lakes LL Dam AL,540825,Battery,540825.0.B.4845,3235,2
Springfield Lakes LL Dam AL,540825,Rainfall,540825.0.R.4843,3235,3
Springfield Lakes LL Dam AL,540825,Rainfall Increment,540825.0.R.4843,3235,4
SPRINGFIELD TM,539048,Water Level,539048.0.H,6723,2
SPRINGFIELD TM,539048,Rainfall Increment,539048.0.R,6723,3
SPRINGROCK TM,543017,Rainfall Increment,543017.0.R,11319,1
Springsure AL,535042,Rainfall,535042.0.R.1183,2447,1
Springsure AL,535042,Battery,535042.0.B.1184,2447,2
Springsure AL,535042,Rainfall Increment,535042.0.R.1183,2447,3
Springsure Creek Junction AL,35276,Water Level,35276.0.H.5864,2072,1
Springsure Creek Junction AL,35276,Rainfall,35276.0.R.5863,2072,2
Springsure Creek Junction AL,35276,Battery,35276.0.B.5865,2072,3
Springsure Creek Junction AL,35276,Rainfall Increment,35276.0.R.5863,2072,4
SPRINGSURE CREEK JUNCTION TM,535056,Water Level,535056.0.H,6647,2
SPRINGSURE CREEK JUNCTION TM,535056,Rainfall Increment,535056.0.R,6647,3
SPRINGVALE RAIN GAUGE,586283,Rainfall,586283.1.R,12191,1
SPRINGVALE RAIN GAUGE,586283,Rainfall Increment,586283.1.R,12191,2
St Agnes Ck AL,539215,Water Level,539215.0.H.4747,2654,1
St Agnes Ck AL,539215,Rainfall,539215.0.R.4746,2654,2
St Agnes Ck AL,539215,Battery,539215.0.B.4748,2654,3
St Agnes Ck AL,539215,Rainfall Increment,539215.0.R.4746,2654,4
St Albans (Espie St),61217,Battery,61217.1.B.3075,1267,1
St Albans (Espie St),61217,Rainfall,61217.1.R.3074,1267,2
St Albans (Espie St),61217,Rainfall Increment,61217.1.R.3074,1267,3
St Albans (Jacks Trail),61426,Battery,61426.1.B.3076,1301,1
St Albans (Macdonald River),61353,Water Level,61353.1.H.3068,1277,1
St Albans (Macdonald River),61353,Battery,61353.1.B.3070,1277,2
St Albans (Macdonald River),61353,Water Level,61353.2.H.3069,1277,3
ST ALBANS RAIN GAUGE,587051,Rainfall,587051.1.R,12028,1
ST ALBANS RAIN GAUGE,587051,Rainfall Increment,587051.1.R,12028,2
St Anns AL,534012,Water Level,534012.0.H.2962,2440,1
St Anns AL,534012,Rainfall,534012.0.R.2961,2440,2
St Anns AL,534012,Battery,534012.0.B.2963,2440,3
St Anns AL,534012,Rainfall Increment,534012.0.R.2961,2440,4
ST ANNS TM,534008,Water Level,534008.0.H,6589,2
ST ANNS TM,534008,Rainfall Increment,534008.0.R,6589,3
St Arnaud (Howitt St),579030,Battery,579030.1.B.5981,4816,1
St Arnaud (Howitt St),579030,Rainfall,579030.1.R.5982,4816,2
St Arnaud (Howitt St),579030,Rainfall Increment,579030.1.R.5982,4816,3
ST ARNAUD (HOWITT ST),579030,Rainfall,579030.2.R,9277,1
ST ARNAUD (HOWITT ST),579030,Rainfall Increment,579030.2.R,9277,2
St Aubyns AL,540144,Rainfall,540144.0.R.6529,2758,1
St Aubyns AL,540144,Rainfall Increment,540144.0.R.6529,2758,2
ST CLAIR LAKE AT PUMP HOUSE POINT,596075,Water Level,596075.1.H,11317,1
ST GEORGE (HUTT ST),43053,Battery,43053.0.B,11588,1
ST GEORGE (HUTT ST),43053,Rainfall,43053.0.R,11588,2
ST GEORGE (HUTT ST),43053,Rainfall Increment,43053.0.R,11588,3
ST GEORGE (HUTT ST),43053,Water Level,43053.0.H,11588,4
ST GEORGE (HUTT ST),43053,Synthetic LGH Water Level,43053.0.Hx,11588,5
ST GEORGE TM,43104,Water Level,43104.0.H,6173,1
ST GEORGES BASIN,568240,Rainfall,568240.1.R,10897,1
ST GEORGES BASIN,568240,Rainfall Increment,568240.1.R,10897,2
ST HELENS INTAKE (GEORGE RIVER),593001,Water Level,593001.1.H,8759,1
St Johns,23890,Rainfall,23890.1.R.5045,1936,1
St Johns,23890,Battery,23890.1.B.5044,1936,2
St Johns,23890,Rainfall Increment,23890.1.R.5045,1936,3
St Kilda AL,539156,Rainfall,539156.0.R.4734,2597,1
St Kilda AL,539156,Battery,539156.0.B.4735,2597,2
St Kilda AL,539156,Rainfall Increment,539156.0.R.4734,2597,3
St Lucia AL,540683,Water Level,540683.0.H.1856,3134,1
St Lucia AL,540683,Battery,540683.0.B.1728,3134,2
ST RUTH TM,541187,Rainfall Increment,541187.0.R,7057,2
STAFFORD CROSSING TM,533098,Water Level,533098.0.H,6501,2
STAFFORD CROSSING TM,533098,Rainfall Increment,533098.0.R,6501,3
Stannifer (Rubicon),556015,Battery,556015.2.B.3854,1453,1
Stannifer (Rubicon),556015,Rainfall,556015.2.R.3853,1453,2
Stannifer (Rubicon),556015,Rainfall Increment,556015.2.R.3853,1453,3
Stanthorpe AL,541087,Water Level,541087.0.H.5727,3262,1
Stanthorpe AL,541087,Rainfall,541087.0.R.5726,3262,2
Stanthorpe AL,541087,Battery,541087.0.B.5728,3262,3
Stanthorpe AL,541087,Rainfall Increment,541087.0.R.5726,3262,4
STANTHORPE TM,541073,Water Level,541073.0.H,7027,1
STANWELL TM,539078,Rainfall,539078.0.R,9155,1
STANWELL TM,539078,Water Level,539078.0.H,9155,2
STANWELL TM,539078,Rainfall Increment,539078.0.R,9155,3
STAR RIVER BRIDGE TM,533222,Water Level,533222.0.H,10077,1
STAR RIVER BRIDGE TM,533222,Rainfall,533222.0.R,10077,2
STAR RIVER BRIDGE TM,533222,Rainfall Increment,533222.0.R,10077,3
STATION CREEK CROSSING (KOUMALA) TM,533216,Water Level,533216.0.H,10067,1
STEELE CREEK AT ROSEHILL ROAD KEILOR EAST,586132,Water Level,586132.1.H,12019,1
STEELS CREEK AT GULF ROAD YARRA GLEN,586311,Water Level,586311.1.H,12153,1
Steiglitz Wharf AL,540295,Water Level - AHD,540295.0.H.2286,2862,1
Steiglitz Wharf AL,540295,Rainfall,540295.0.R.2285,2862,2
Steiglitz Wharf AL,540295,Battery,540295.0.B.2287,2862,3
Steiglitz Wharf AL,540295,Rainfall Increment,540295.0.R.2285,2862,4
Steingarten ,23146,Rainfall,23146.1.R.5786,1897,1
Steingarten ,23146,Battery,23146.1.B.5785,1897,2
Steingarten ,23146,Rainfall Increment,23146.1.R.5786,1897,3
STEVENS FARM,509320,Water Level,509320.1.H,10613,1
STEVENS WEIR D/S (EDWARD RIVER),574024,Water Level,574024.1.H,8307,1
STEWART CREEK VALLEY TM,531148,Rainfall,531148.0.R,10009,1
STEWART CREEK VALLEY TM,531148,Rainfall Increment,531148.0.R,10009,2
STEWART RIVER TM,528007,Water Level,528007.0.H,6211,2
STEWART RIVER TM,528007,Rainfall Increment,528007.0.R,6211,3
Stewarts Bridge AL,539201,Water Level,539201.0.H.722,2640,1
Stewarts Bridge AL,539201,Rainfall,539201.0.R.721,2640,2
Stewarts Bridge AL,539201,Battery,539201.0.B.723,2640,3
Stewarts Bridge AL,539201,Rainfall Increment,539201.0.R.721,2640,4
Stewarts Rd AL,540377,Water Level - AHD,540377.0.H.2375,2928,1
Stewarts Rd AL,540377,Rainfall,540377.0.R.2374,2928,2
Stewarts Rd AL,540377,Battery,540377.0.B.2376,2928,3
Stewarts Rd AL,540377,Rainfall Increment,540377.0.R.2374,2928,4
Stillers Rd AL,542021,Rainfall,542021.0.R.6146,3353,1
Stillers Rd AL,542021,Battery,542021.0.B.6147,3353,2
Stillers Rd AL,542021,Rainfall Increment,542021.0.R.6146,3353,3
STIRLING (COLLEGE),570042,Rainfall Increment,570042.1.R,5427,2
Stirling Tce Toodyay,510060,Water Level,510060.2.H.6111,4457,1
Stirling Tce Toodyay,510060,Battery,510060.1.B.6110,4457,2
STIRLING TCE TOODYAY,510060,Water Level,510060.1.H,10863,1
Stockinbingal (Sunnydale),73150,Battery,73150.1.B,1433,1
Stockinbingal (Sunnydale),73150,Rainfall,73150.1.R,1433,2
Stockinbingal (Sunnydale),73150,Rainfall Increment,73150.1.R,1433,3
Stockton Bridge,561088,Water Level,561088.2.H.3597,1624,1
Stockton Bridge,561088,Battery,561088.2.B.3598,1624,2
STOCKTON BRIDGE (HUNTER RIVER),561088,Water Level,561088.1.H,5785,1
Stokers Siding,558127,Battery,558127.1.B.7147,11435,1
Stokers Siding,558127,Rainfall,558127.1.R.7188,11435,2
Stokers Siding,558127,Rainfall Increment,558127.1.R.7188,11435,3
STONEHENGE TM,537004,Water Level,537004.0.H,6693,2
STONEHENGE TM,537004,Rainfall Increment,537004.0.R,6693,3
STONELANDS TM,40837,Water Level,40837.0.H,7129,1
STONEY CK @ TAMLEUGH,581014,Water Level,581014.2.H,9339,1
Stoney Ck at Tamleugh,581014,Water Level,581014.1.H.232,4678,1
Stoney Ck at Tamleugh,581014,Battery,581014.1.B.233,4678,2
STONEY CREEK UPSTREAM TALBOT RESERVOIR.,588031,Rainfall,588031.1.R,9659,1
STONEY CREEK UPSTREAM TALBOT RESERVOIR.,588031,Water Level,588031.1.H,9659,2
STONEY CREEK UPSTREAM TALBOT RESERVOIR.,588031,Rainfall Increment,588031.1.R,9659,3
STONEY CROSSING (WAKOOL RIVER),575002,Water Level,575002.1.H,8335,1
Stoney Wharf Rd AL,540424,Water Level,540424.0.H.5564,2956,1
Stoney Wharf Rd AL,540424,Rainfall,540424.0.R.5563,2956,2
Stoney Wharf Rd AL,540424,Battery,540424.0.B.5565,2956,3
Stoney Wharf Rd AL,540424,Rainfall Increment,540424.0.R.5563,2956,4
Stony Ck AL,532110,Water Level,532110.0.H.2842,2337,1
Stony Ck AL,532110,Rainfall,532110.0.R.2841,2337,2
Stony Ck AL,532110,Battery,532110.0.B.2843,2337,3
Stony Ck AL,532110,Rainfall Increment,532110.0.R.2841,2337,4
STONY CK RD TM,540573,Rainfall Increment,540573.0.R,6943,2
Stony Creek (Bucca Rd) AL,539264,Water Level,539264.0.H.4386,2694,1
Stony Creek (Bucca Rd) AL,539264,Rainfall,539264.0.R.4385,2694,2
Stony Creek (Bucca Rd) AL,539264,Battery,539264.0.B.4387,2694,3
Stony Creek (Bucca Rd) AL,539264,Rainfall Increment,539264.0.R.4385,2694,4
STONY CREEK @ MEENIYAN,585073,Water Level,585073.1.H,9547,1
STONY CREEK AT BENBOW ST YARRAVILLE,587080,Water Level,587080.1.H,12025,1
STONY CREEK AT BENBOW ST YARRAVILLE,587080,Rainfall,587080.1.R,12025,2
STONY CREEK AT BENBOW ST YARRAVILLE,587080,Rainfall Increment,587080.1.R,12025,3
STONY CREEK AT SPOTSWOOD,587052,Water Level,587052.1.H,12021,1
STONY CREEK AT SPOTSWOOD,587052,Rainfall,587052.1.R,12021,2
STONY CREEK AT SPOTSWOOD,587052,Rainfall Increment,587052.1.R,12021,3
Stony Creek U/S,561177,Water Level,561177.2.H.7926,1671,1
Stony Creek U/S,561177,Battery,561177.2.B.7925,1671,2
STONY CREEK U/S,561177,Water Level,561177.1.H,5851,1
Stonyfell,23145,Battery,23145.1.B.5807,1896,1
Stonyfell,23145,Water Level,23145.1.H.5808,1896,2
STOREYS CK (CSIRO),592012,Rainfall Increment,592012.1.R,8845,2
Storm King Dam H/W AL,541081,Water Level,541081.0.H.5715,3256,1
Storm King Dam H/W AL,541081,Rainfall,541081.0.R.5714,3256,2
Storm King Dam H/W AL,541081,Battery,541081.0.B.5716,3256,3
Storm King Dam H/W AL,541081,Rainfall Increment,541081.0.R.5714,3256,4
Storm King Dam Inflow AL,541083,Water Level,541083.0.H.5709,3258,1
Storm King Dam Inflow AL,541083,Rainfall,541083.0.R.5708,3258,2
Storm King Dam Inflow AL,541083,Battery,541083.0.B.5710,3258,3
Storm King Dam Inflow AL,541083,Rainfall Increment,541083.0.R.5708,3258,4
STRAHAN SLIPWAY,597045,Water Level,597045.1.H,8595,1
Strath Creek,88158,Rainfall,88158.2.R.413,4753,1
Strath Creek,88158,Battery,88158.2.B.414,4753,2
Strath Creek,88158,Rainfall Increment,88158.2.R.413,4753,3
STRATHBOGIE (SEVERN RIVER),554004,Water Level,554004.1.H,7671,1
Strathbogie AL,33289,Water Level,33289.0.H.2938,2047,1
Strathbogie AL,33289,Rainfall,33289.0.R.2935,2047,2
Strathbogie AL,33289,Battery,33289.0.B.2936,2047,3
Strathbogie AL,33289,Rainfall Increment,33289.0.R.2935,2047,4
Strathbogie North,82043,Rainfall,82043.1.R.484,4511,1
Strathbogie North,82043,Battery,82043.1.B.485,4511,2
Strathbogie North,82043,Rainfall Increment,82043.1.R.484,4511,3
STRATHBRIDGE (MEANDER RIVER),91260,Water Level,91260.1.H,8779,2
STRATHBRIDGE (MEANDER RIVER),91260,Rainfall Increment,91260.1.R,8779,3
Strathdickie AL,533175,Rainfall,533175.0.R.2642,2412,1
Strathdickie AL,533175,Battery,533175.0.B.2643,2412,2
Strathdickie AL,533175,Rainfall Increment,533175.0.R.2642,2412,3
STRATHGORDON (WORKS OFFICE),597017,Rainfall Increment,597017.1.R,8593,2
STRATHPARK TM,530051,Rainfall,530051.0.R,9965,1
STRATHPARK TM,530051,Rainfall Increment,530051.0.R,9965,2
Strathpine (Gympie Rd) AL,540625,Water Level,540625.0.H.4102,3084,1
Strathpine (Gympie Rd) AL,540625,Rainfall,540625.0.R.4101,3084,2
Strathpine (Gympie Rd) AL,540625,Battery,540625.0.B.4103,3084,3
Strathpine (Gympie Rd) AL,540625,Rainfall Increment,540625.0.R.4101,3084,4
Strathyre Rd AL,541143,Rainfall,541143.0.R.5760,3309,1
Strathyre Rd AL,541143,Battery,541143.0.B.5761,3309,2
Strathyre Rd AL,541143,Rainfall Increment,541143.0.R.5760,3309,3
STRAWBERRY BRIDGE,508303,Water Level,508303.1.H,10549,1
Streeters Rd AL,539216,Rainfall,539216.0.R.4770,2655,1
Streeters Rd AL,539216,Battery,539216.0.B.4771,2655,2
Streeters Rd AL,539216,Rainfall Increment,539216.0.R.4770,2655,3
Stretton (Gowan Rd) AL,540234,Rainfall,540234.0.R.6205,2819,1
Stretton (Gowan Rd) AL,540234,Battery,540234.0.B.6206,2819,2
Stretton (Gowan Rd) AL,540234,Rainfall Increment,540234.0.R.6205,2819,3
STRICKLAND,509467,Water Level,509467.1.H,10693,1
Stringybark ,23865,Rainfall,23865.1.R.5510,1926,1
Stringybark ,23865,Battery,23865.1.B.5509,1926,2
Stringybark ,23865,Rainfall Increment,23865.1.R.5510,1926,3
STRINGYBARK CREEK AT CLEGG ROAD MT EVELYN,586321,Water Level,586321.1.H,12159,1
STRINGYBARK CREEK AT ST HUBERTS ROAD COLDSTREAM,586312,Water Level,586312.1.H,12105,1
STRINGYBARK CREEK AT ST HUBERTS ROAD COLDSTREAM,586312,Rainfall,586312.1.R,12105,2
STRINGYBARK CREEK AT ST HUBERTS ROAD COLDSTREAM,586312,Rainfall Increment,586312.1.R,12105,3
Stuart AL,532036,Rainfall,532036.0.R.2740,2286,1
Stuart AL,532036,Battery,532036.0.B.2741,2286,2
Stuart AL,532036,Rainfall Increment,532036.0.R.2740,2286,3
Stuart Creek AL,532035,Water Level,532035.0.H.2743,2285,1
Stuart Creek AL,532035,Rainfall,532035.0.R.2742,2285,2
Stuart Creek AL,532035,Battery,532035.0.B.2744,2285,3
Stuart Creek AL,532035,Rainfall Increment,532035.0.R.2742,2285,4
STUART MURRAY CANAL,581026,Flow Rate,581026.1.ML/D,11189,1
Stuart Town (Mooker Hill),62010,Battery,62010.1.B,1304,1
Stuart Town (Mooker Hill),62010,Rainfall,62010.1.R,1304,2
Stuart Town (Mooker Hill),62010,Rainfall Increment,62010.1.R,1304,3
STUARTS ISLAND,559042,Water Level,559042.1.H,5643,2
STUARTS ISLAND,559042,Rainfall Increment,559042.1.R,5643,3
Stump Hill (Barjarg),82165,Rainfall,82165.1.R.434,4663,1
Stump Hill (Barjarg),82165,Battery,82165.1.B.433,4663,2
Stump Hill (Barjarg),82165,Rainfall Increment,82165.1.R.434,4663,3
Sturt Creek ,523750,Rainfall,523750.1.R.5005,2001,1
Sturt Creek ,523750,Water Level,523750.1.H.5006,2001,2
Sturt Creek ,523750,Battery,523750.1.B.5004,2001,3
Sturt Creek ,523750,Rainfall Increment,523750.1.R.5005,2001,4
Sturt Dam,23136,Battery,23136.1.B.5041,1890,1
Sturt Dam,23136,Water Level,23136.1.H.5042,1890,2
STURT ISLAND (MOLONGLO RIVER),570741,Water Level,570741.1.H,5441,1
STURT R DS ANZAC HIGHWAY (DEW),523045,Water Level,523045.1.H,8921,1
STURT R DS MINNO CREEK (DEW),523766,Water Level,523766.1.H,8977,1
Styles Fire Tower,9983,Battery,9983.1.B.5960,4410,1
Styx (Waterfall Creek Road),595024,Rainfall,595024.1.R.716,4318,1
Styx (Waterfall Creek Road),595024,Battery,595024.1.B.717,4318,2
Styx (Waterfall Creek Road),595024,Rainfall Increment,595024.1.R.716,4318,3
Styx Channel (Kotara),561120,Water Level,561120.1.H.3592,1639,1
Styx Channel (Kotara),561120,Battery,561120.1.B.3593,1639,2
STYX JUNCTION,509278,Water Level,509278.1.H,10599,2
STYX JUNCTION,509278,Rainfall Increment,509278.1.R,10599,3
Sucrogen Weir AL,533143,Water Level,533143.0.H.5036,2399,1
Sucrogen Weir AL,533143,Rainfall,533143.0.R.5035,2399,2
Sucrogen Weir AL,533143,Battery,533143.0.B.5037,2399,3
Sucrogen Weir AL,533143,Rainfall Increment,533143.0.R.5035,2399,4
Sugarbag Rd AL,540349,Rainfall,540349.0.R.5421,2911,1
Sugarbag Rd AL,540349,Battery,540349.0.B.5422,2911,2
Sugarbag Rd AL,540349,Rainfall Increment,540349.0.R.5421,2911,3
SUGARLOAF CREEK @ ASH BRIDGE,588001,Rainfall,588001.1.R,9611,1
SUGARLOAF CREEK @ ASH BRIDGE,588001,Water Level,588001.1.H,9611,2
SUGARLOAF CREEK @ ASH BRIDGE,588001,Rainfall Increment,588001.1.R,9611,3
SUGGAN BUGGAN RIVER AT SUGGAN BUGGAN,584003,Water Level,584003.1.H,9445,1
SUHRE CK (SANDY CREEK RD) TM,533223,Water Level,533223.0.H,10079,1
Sullivan (Barry Drive),570775,Water Level,570775.2.H.3349,1847,1
Sullivan (Barry Drive),570775,Battery,570775.1.B.3409,1847,2
SULLIVAN CREEK (BARRY DRIVE),570775,Water Level,570775.1.H,5453,1
Sullivan Creek (South Well),570772,Water Level,570772.2.H.3341,1846,1
Sullivan Creek (South Well),570772,Battery,570772.1.B.3403,1846,2
Sullivan Creek (South Well),570772,Rainfall,570772.1.R.3340,1846,3
Sullivan Creek (South Well),570772,Rainfall Increment,570772.1.R.3340,1846,4
SULLIVAN CREEK (SOUTHWELL),570772,Water Level,570772.1.H,5451,1
SULLIVAN CREEK (SOUTHWELL),570772,Rainfall Increment,570772.2.R,5451,3
Summerholm AL,540828,Rainfall,540828.0.R.4077,3238,1
Summerholm AL,540828,Battery,540828.0.B.4078,3238,2
Summerholm AL,540828,Rainfall Increment,540828.0.R.4077,3238,3
Sunday Ck Rd AL,539159,Rainfall,539159.0.R.4738,2600,1
Sunday Ck Rd AL,539159,Battery,539159.0.B.4739,2600,2
Sunday Ck Rd AL,539159,Rainfall Increment,539159.0.R.4738,2600,3
SUNDAY CREEK @ TALLAROOK,588126,Rainfall,588126.1.R,9669,1
SUNDAY CREEK @ TALLAROOK,588126,Water Level,588126.1.H,9669,2
SUNDAY CREEK @ TALLAROOK,588126,Rainfall Increment,588126.1.R,9669,3
Sunday Creek AL,540594,Rainfall,540594.0.R.6669,3069,1
Sunday Creek AL,540594,Rainfall Increment,540594.0.R.6669,3069,2
SUNNY GLEN,509474,Water Level,509474.1.H,10705,2
SUNNY GLEN,509474,Rainfall Increment,509474.1.R,10705,3
Sunny Park AL,535088,Rainfall,535088.0.R.5952,2459,1
Sunny Park AL,535088,Battery,535088.0.B.5953,2459,2
Sunny Park AL,535088,Rainfall Increment,535088.0.R.5952,2459,3
Sunshine Bore,14854,Battery,14854.1.B,323,1
Sunshine Bore,14854,Rainfall,14854.1.R,323,2
Sunshine Bore,14854,Rainfall Increment,14854.1.R,323,3
SUNSHINE NORTH RAIN GAUGE,587004,Rainfall,587004.1.R,12018,1
SUNSHINE NORTH RAIN GAUGE,587004,Rainfall Increment,587004.1.R,12018,2
Surat (Balonne River),43063,Battery,43063.0.B,11409,1
Surat (Balonne River),43063,Rainfall,43063.0.R,11409,2
Surat (Balonne River),43063,Water Level,43063.0.H,11409,3
Surat (Balonne River),43063,Rainfall Increment,43063.0.R,11409,4
SURAT TM,543005,Water Level,543005.0.H,7073,1
SURREY HILLS RESERVOIR RAIN GAUGE,586176,Rainfall,586176.1.R,12097,1
SURREY HILLS RESERVOIR RAIN GAUGE,586176,Rainfall Increment,586176.1.R,12097,2
Surrey TM,42104,Water Level,42104.0.H,2201,1
Surrey TM,42104,Rainfall,42104.0.R,2201,2
Surrey TM,42104,Battery,42104.0.B,2201,3
Surrey TM,42104,Gas Pressure,42104.0.GP,2201,4
Surrey TM,42104,Rainfall Increment,42104.0.R,2201,5
SURRY RIVER @ HEATHMERE,590028,Rainfall,590028.1.R,9747,1
SURRY RIVER @ HEATHMERE,590028,Water Level,590028.1.H,9747,2
SURRY RIVER @ HEATHMERE,590028,Rainfall Increment,590028.1.R,9747,3
Sussex Inlet,568198,Water Level,568198.1.H.7030,1793,1
Sussex Inlet,568198,Battery,568198.1.B.7063,1793,2
Sutherland AL,533079,Rainfall,533079.0.R.2973,2384,1
Sutherland AL,533079,Battery,533079.0.B.2974,2384,2
Sutherland AL,533079,Rainfall Increment,533079.0.R.2973,2384,3
Sutties Creek AL,31186,Rainfall,31186.0.R.2535,2008,1
Sutties Creek AL,31186,Battery,31186.0.B.2536,2008,2
Sutties Creek AL,31186,Rainfall Increment,31186.0.R.2535,2008,3
Sutton Creek,23905,Rainfall,23905.1.R.5455,1939,1
Sutton Creek,23905,Battery,23905.1.B.5454,1939,2
Sutton Creek,23905,Rainfall Increment,23905.1.R.5455,1939,3
SWAN RIVER AT THE GRANGE,592021,Water Level,592021.1.H,8749,1
SWAN RIVER UPSTREAM HARDINGS FALLS,592023,Water Level,592023.1.H,8753,1
Swan Vale (Numeralla),56128,Battery,56128.2.B.3858,1155,1
Swan Vale (Numeralla),56128,Rainfall,56128.2.R.3857,1155,2
Swan Vale (Numeralla),56128,Rainfall Increment,56128.2.R.3857,1155,3
SWANFELS TM,541036,Water Level,541036.0.H,6999,1
SWANSEA CHANNEL,561090,Water Level,561090.1.H,5789,1
Swansea No. 8 WWPS,561174,Battery,561174.2.B.7919,1668,1
Swansea No. 8 WWPS,561174,Rainfall,561174.2.R.7920,1668,2
Swansea No. 8 WWPS,561174,Rainfall Increment,561174.2.R.7920,1668,3
SWANSEA NO.8,561174,Rainfall Increment,561174.1.R,5845,2
Sweeney Ck D/S AL,532013,Water Level,532013.0.H.2585,2270,1
Sweeney Ck D/S AL,532013,Battery,532013.0.B.2586,2270,2
Sweeney Ck U/S AL,532009,Water Level,532009.0.H.2583,2269,1
Sweeney Ck U/S AL,532009,Rainfall,532009.0.R.2582,2269,2
Sweeney Ck U/S AL,532009,Battery,532009.0.B.2584,2269,3
Sweeney Ck U/S AL,532009,Rainfall Increment,532009.0.R.2582,2269,4
SYDENHAM RAIN GAUGE,587084,Rainfall,587084.1.R,12038,1
SYDENHAM RAIN GAUGE,587084,Rainfall Increment,587084.1.R,12038,2
Sydney Hub Test Repeater Station,99998,Battery,99998.1.B.3038,11953,1
Sydney Hub Test Repeater Station,99998,Rainfall,99998.1.R.3039,11953,2
SYDNEY PORT JACKSON (TIDAL),566070,Water Level,566070.1.H,5885,1
TABERS TM,43105,Water Level,43105.0.H,6175,2
TABERS TM,43105,Rainfall Increment,43105.0.R,6175,3
Table Tops AL,539222,Rainfall,539222.0.R.4334,2660,1
Table Tops AL,539222,Battery,539222.0.B.4335,2660,2
Table Tops AL,539222,Rainfall Increment,539222.0.R.4334,2660,3
Tabletop,8300,Rainfall,8300.1.R.5927,4372,1
Tabletop,8300,Battery,8300.1.B.5926,4372,2
Tabletop,8300,Rainfall Increment,8300.1.R.5927,4372,3
TABULAM (CLARENCE RIVER),557000,Water Level,557000.1.H,7819,2
TABULAM (CLARENCE RIVER),557000,Rainfall Increment,557000.1.R,7819,3
Tabulam (Muirne),57095,Battery,57095.1.B,1170,1
Tabulam (Muirne),57095,Rainfall,57095.2.R,1170,2
Tabulam (Muirne),57095,Rainfall Increment,57095.1.R,1170,3
Taemas AL,534010,Water Level,534010.0.H.2965,2438,1
Taemas AL,534010,Rainfall,534010.0.R.2964,2438,2
Taemas AL,534010,Battery,534010.0.B.2966,2438,3
Taemas AL,534010,Rainfall Increment,534010.0.R.2964,2438,4
TAEMAS TM,534017,Water Level,534017.0.H,6597,2
TAEMAS TM,534017,Rainfall Increment,534017.0.R,6597,3
TAGIGAN ROAD TM,540288,Water Level,540288.0.H,6863,2
TAGIGAN ROAD TM,540288,Rainfall Increment,540288.0.R,6863,3
Tahune Bridge (Huon River),597500,Battery,597500.1.B.550,4325,1
Tahune Bridge (Huon River),597500,Water Level,597500.1.H.551,4325,2
Takura Resevoir AL,540268,Rainfall,540268.0.R.6075,2844,1
Takura Resevoir AL,540268,Battery,540268.0.B.6074,2844,2
Takura Resevoir AL,540268,Rainfall Increment,540268.0.R.6075,2844,3
TALBRAGAR RIVER AT DUNEDOO,564007,Water Level,564007.1.H,8065,1
TALBRAGAR RIVER AT GULAMBUL BRIDGE,565020,Water Level,565020.1.H,8087,1
TALGAI TM,541102,Rainfall Increment,541102.0.R,7047,2
TALGAI WEIR HW TM,541049,Water Level,541049.0.H,7267,1
TALGAI WEIR TW TM,541038,Water Level,541038.0.H,7001,1
Tallai AL,540287,Rainfall,540287.0.R.2200,2856,1
Tallai AL,540287,Battery,540287.0.B.2202,2856,2
Tallai AL,540287,Rainfall Increment,540287.0.R.2200,2856,3
Tallangatta Ck @ McCallums,582022,Battery,582022.1.B.912,4863,1
Tallangatta Ck @ McCallums,582022,Rainfall,582022.1.R.913,4863,2
Tallangatta Ck @ McCallums,582022,Rainfall Increment,582022.1.R.913,4863,3
Tallangatta Ck @ McCallums,582022,Water Level,582022.1.H.914,4863,4
TALLANGATTA CK @ MCCALLUMS,582022,Rainfall,582022.2.R,9411,1
TALLANGATTA CK @ MCCALLUMS,582022,Water Level,582022.2.H,9411,2
TALLANGATTA CK @ MCCALLUMS,582022,Rainfall Increment,582022.2.R,9411,3
Tallebudgera Ck Dam AL,540366,Water Level,540366.0.H.2372,2922,1
Tallebudgera Ck Dam AL,540366,Rainfall,540366.0.R.2371,2922,2
Tallebudgera Ck Dam AL,540366,Battery,540366.0.B.2373,2922,3
Tallebudgera Ck Dam AL,540366,Rainfall Increment,540366.0.R.2371,2922,4
Tallebudgera Ck Mouth AL,540577,Water Level,540577.0.H.2410,3068,1
Tallebudgera Ck Mouth AL,540577,Rainfall,540577.0.R.2409,3068,2
Tallebudgera Ck Mouth AL,540577,Battery,540577.0.B.2411,3068,3
Tallebudgera Ck Mouth AL,540577,Rainfall Increment,540577.0.R.2409,3068,4
Tallebudgera Ck Rd AL,540356,Water Level,540356.0.H.2357,2917,1
Tallebudgera Ck Rd AL,540356,Rainfall,540356.0.R.2356,2917,2
Tallebudgera Ck Rd AL,540356,Battery,540356.0.B.2358,2917,3
Tallebudgera Ck Rd AL,540356,Rainfall Increment,540356.0.R.2356,2917,4
TALLEBUDGERA CK RD TM,540355,Water Level,540355.0.H,6869,1
Tallegalla AL,40503,Rainfall,40503.0.R.2068,2091,1
Tallegalla AL,40503,Battery,40503.0.B.2069,2091,2
Tallegalla AL,40503,Rainfall Increment,40503.0.R.2068,2091,3
Tallering TBRG,8321,Rainfall,8321.1.R,4384,1
Tallering TBRG,8321,Battery,8321.1.B,4384,2
Tallering TBRG,8321,Rainfall Increment,8321.1.R,4384,3
Tallong (Throsby Point),568155,Battery,568155.1.B.7044,1771,1
Tallong (Throsby Point),568155,Rainfall,568155.1.R.7019,1771,2
Tallong (Throsby Point),568155,Rainfall Increment,568155.1.R.7019,1771,3
Tallowa Dam (Shoalhaven River),568157,Water Level,568157.1.H.7045,1773,1
Tallowa Dam (Shoalhaven River),568157,Battery,568157.1.B.7073,1773,2
TALLOWA DAM (SHOALHAVEN RIVER),568157,Water Level,568157.2.H,5293,1
TALWOOD TM,42108,Water Level,42108.0.H,6165,1
TALYAWALKA (BARRIER HWY),546000,Water Level,546000.1.H,7485,1
TAMBAR SPRINGS (COXS CREEK),555007,Water Level,555007.1.H,7711,2
TAMBAR SPRINGS (COXS CREEK),555007,Rainfall Increment,555007.1.R,7711,3
TAMBO AIRPORT TM,535148,Rainfall Increment,535148.0.R,6673,2
Tambo AL,535117,Rainfall,535117.0.R.4600,2482,1
Tambo AL,535117,Battery,535117.0.B.4601,2482,2
Tambo AL,535117,Rainfall Increment,535117.0.R.4600,2482,3
TAMBO LAKE TM,535215,Rainfall,535215.0.R,10131,1
TAMBO LAKE TM,535215,Water Level,535215.0.H,10131,2
TAMBO LAKE TM,535215,Rainfall Increment,535215.0.R,10131,3
TAMBO RIVER @ BINDI,584009,Rainfall,584009.1.R,9455,1
TAMBO RIVER @ BINDI,584009,Water Level,584009.1.H,9455,2
TAMBO RIVER @ BINDI,584009,Rainfall Increment,584009.1.R,9455,3
TAMBO RIVER @ DS RAMROD CK,584014,Water Level,584014.2.H,9461,1
TAMBO RIVER @ SWIFTS CREEK,584006,Rainfall,584006.2.R,9451,1
TAMBO RIVER @ SWIFTS CREEK,584006,Water Level,584006.2.H,9451,2
TAMBO RIVER @ SWIFTS CREEK,584006,Rainfall Increment,584006.2.R,9451,3
TAMBO RIVER @ U/S SMITHS CREEK,584017,Rainfall,584017.1.R,9463,1
TAMBO RIVER @ U/S SMITHS CREEK,584017,Water Level,584017.1.H,9463,2
TAMBO RIVER @ U/S SMITHS CREEK,584017,Rainfall Increment,584017.1.R,9463,3
TAMBO RIVER AT BATTERNS LANDING,584022,Water Level,584022.2.H,9469,1
Tambo River at Batterns Landing,584022,Water Level,584022.1.H.4930,4761,1
Tambo River at Batterns Landing,584022,Battery,584022.1.B.4931,4761,2
Tambo River at Swifts Creek,584006,Battery,584006.1.B.4979,4849,1
Tambo River at Swifts Creek,584006,Rainfall,584006.1.R.4977,4849,2
Tambo River at Swifts Creek,584006,Water Level,584006.1.H.4978,4849,3
Tambo River at Swifts Creek,584006,Rainfall Increment,584006.1.R.4977,4849,4
Tambo River D/S Ramrod Ck,584014,Water Level,584014.1.H.4928,4762,1
Tambo River D/S Ramrod Ck,584014,Battery,584014.1.B.4929,4762,2
Tamborine AL,540691,Water Level,540691.0.H.5372,3142,1
Tamborine AL,540691,Rainfall,540691.0.R.5371,3142,2
Tamborine AL,540691,Battery,540691.0.B.5373,3142,3
Tamborine AL,540691,Rainfall Increment,540691.0.R.5371,3142,4
TAMROOKUM TM,540555,Rainfall Increment,540555.0.R,6935,2
TAMWORTH ROAD BRIDGE (PEEL RIVER),55307,Water Level,55307.1.H,7657,1
Tamworth Road Bridge (Peel River),55307,Water Level,55307.2.H.3606,1136,1
Tamworth Road Bridge (Peel River),55307,Battery,55307.1.B.3605,1136,2
TAMWORTH WATER SUPPLY (PEEL RIVER),555008,Water Level,555008.1.H,7713,1
TANAMERAH,509447,Water Level,509447.1.H,10663,1
Tanawha AL,540421,Water Level,540421.0.H.5557,2953,1
Tanawha AL,540421,Rainfall,540421.0.R.5556,2953,2
Tanawha AL,540421,Battery,540421.0.B.5558,2953,3
Tanawha AL,540421,Rainfall Increment,540421.0.R.5556,2953,4
Tanderra AL,535182,Rainfall,535182.0.R.1231,2539,1
Tanderra AL,535182,Battery,535182.0.B.1232,2539,2
Tanderra AL,535182,Rainfall Increment,535182.0.R.1231,2539,3
Tangory Mountain,61421,Battery,61421.1.B.3722,1298,1
Tangory Mountain,61421,Rainfall,61421.1.R.3721,1298,2
Tangory Mountain,61421,Rainfall Increment,61421.1.R.3721,1298,3
TANJIL RIVER @ TANJIL JUNCTION,85266,Water Level,85266.1.H,9819,1
TANJIL RIVER @ TANJIL SOUTH,585029,Rainfall,585029.1.R,9513,1
TANJIL RIVER @ TANJIL SOUTH,585029,Water Level,585029.1.H,9513,2
TANJIL RIVER @ TANJIL SOUTH,585029,Rainfall Increment,585029.1.R,9513,3
TANUNDA CREEK (DEW),523313,Water Level,523313.1.H,8957,1
Tara Lagoon AL,541205,Rainfall,541205.0.R.4993,11419,1
Tara Lagoon AL,541205,Water Level,541205.0.H.4994,11419,2
Tara Lagoon AL,541205,Battery,541205.0.B.4995,11419,3
Tara Lagoon AL,541205,Rainfall Increment,541205.0.R.4993,11419,4
TARABAH TM,535155,Rainfall Increment,535155.0.R,6675,2
TARAGO RIVER AT DROUIN WEST,585043,Water Level,585043.1.H,12213,1
TARAGO RIVER AT DROUIN WEST,585043,Rainfall,585043.1.R,12213,2
TARAGO RIVER AT DROUIN WEST,585043,Rainfall Increment,585043.1.R,12213,3
TARAGO RIVER AT ELTON ROAD NEERIM,585087,Water Level,585087.1.H,12244,1
TARAGO RIVER AT NEERIM SOUTH,585035,Water Level,585035.1.H,12254,1
TARAGO RIVER AT TARAGO RESERVOIR HEAD GAUGE NEERIM STH,585044,Water Level,585044.1.H,12214,1
TARAGO RIVER AT TARAGO RESERVOIR HEAD GAUGE NEERIM STH,585044,Rainfall,585044.1.R,12214,2
TARAGO RIVER AT TARAGO RESERVOIR HEAD GAUGE NEERIM STH,585044,Rainfall Increment,585044.1.R,12214,3
TARAGO RIVER EAST BRANCH AT NEERIM,585088,Water Level,585088.1.H,12017,1
TARAGO RIVER EAST BRANCH AT NEERIM,585088,Rainfall,585088.1.R,12017,2
TARAGO RIVER EAST BRANCH AT NEERIM,585088,Rainfall Increment,585088.1.R,12017,3
Taralga (Summerlee),570026,Battery,570026.1.B.7677,1822,1
Taralga (Summerlee),570026,Rainfall,570026.1.R.7676,1822,2
Taralga (Summerlee),570026,Rainfall Increment,570026.1.R.7676,1822,3
Tarana (Fish River),63297,Water Level,63297.1.H.7350,1325,1
Tarana (Fish River),63297,Water Level,63297.2.H.7365,1325,2
Tarana (Fish River),63297,Battery,63297.1.B.7358,1325,3
Tarana (Fish River),63297,Battery,63297.2.B.7374,1325,4
Tarana (Fish River),63297,Rainfall,63297.1.R.7351,1325,5
Tarana (Fish River),63297,Rainfall Increment,63297.1.R.7351,1325,6
Tarana Crossing AL,535142,Water Level,535142.0.H.4413,2507,1
Tarana Crossing AL,535142,Rainfall,535142.0.R.4412,2507,2
Tarana Crossing AL,535142,Battery,535142.0.B.4414,2507,3
Tarana Crossing AL,535142,Rainfall Increment,535142.0.R.4412,2507,4
Tardun Hill,8308,Rainfall,8308.1.R.5933,4377,1
Tardun Hill,8308,Battery,8308.1.B.5932,4377,2
Tardun Hill,8308,Rainfall Increment,8308.1.R.5933,4377,3
TAREE (MANNING RIVER),60119,Water Level,60119.1.H,5991,1
TARINA,505040,Water Level,505040.1.H,10471,2
TARINA,505040,Rainfall Increment,505040.1.R,10471,3
Tarnma ,23323,Battery,23323.1.B.5192,1899,1
Tarnma ,23323,Rainfall,23323.1.R.5193,1899,2
Tarnma ,23323,Rainfall Increment,23323.1.R.5193,1899,3
Tarome AL-P,540173,Rainfall,540173.0.R.6623,2786,1
Tarome AL-P,540173,Rainfall Increment,540173.0.R.6623,2786,2
TAROOM TM,35282,Water Level,35282.0.H,6053,2
TAROOM TM,35282,Rainfall Increment,35282.0.R,6053,3
Taroona (Peel River),555009,Water Level,555009.2.H.3637,1444,1
Taroona (Peel River),555009,Battery,555009.1.B.3635,1444,2
Taroona (Peel River),555009,Rainfall,555009.2.R.3636,1444,3
Taroona (Peel River),555009,Rainfall Increment,555009.2.R.3636,1444,4
TAROONA (PEEL RIVER),555009,Water Level,555009.1.H,7715,2
TAROONA (PEEL RIVER),555009,Rainfall Increment,555009.1.R,7715,3
TARRA RIVER @ TARRA WEIR OFFTAKE,585067,Water Level,585067.1.H,9543,1
TARRA RIVER @ YARRAM,585018,Water Level,585018.1.H,9499,1
TARRARA BAR,502000,Water Level,502000.1.H,10361,1
Tartrus AL,534043,Water Level,534043.0.H.1160,2444,1
Tartrus AL,534043,Rainfall,534043.0.R.1159,2444,2
Tartrus AL,534043,Battery,534043.0.B.1161,2444,3
Tartrus AL,534043,Rainfall Increment,534043.0.R.1159,2444,4
TARTRUS TM,34096,Water Level,34096.0.H,7123,1
TARWIN RIVER @ MEENIYAN,585066,Water Level,585066.1.H,9541,1
TARWIN RIVER AT TARWIN LOWER,585080,Water Level,585080.1.H,9551,1
TATHAM ELLANGOWAN ROAD (SANDY CREEK),558125,Water Level,558125.1.H,11465,1
Tatong,582032,Rainfall,582032.1.R.440,4501,1
Tatong,582032,Battery,582032.1.B.441,4501,2
Tatong,582032,Rainfall Increment,582032.1.R.440,4501,3
TAUWITCHERE BARRAGE (DEW),524536,Water Level,524536.1.H,9095,1
Taylors Arm,59032,Battery,59032.1.B.7523,1202,1
Taylors Arm,59032,Rainfall,59032.1.R.7522,1202,2
Taylors Arm,59032,Rainfall Increment,59032.1.R.7522,1202,3
TAYLORS VINEYARD (DEW),521013,Water Level,521013.1.H,8895,1
Tea Tree gully (Hope Valley),523008,Rainfall,523008.1.R.5837,1971,1
Tea Tree gully (Hope Valley),523008,Battery,523008.1.B.5838,1971,2
Tea Tree gully (Hope Valley),523008,Rainfall Increment,523008.1.R.5837,1971,3
Tea Tree Point,94204,Battery,94204.1.B.751,4301,1
Tea Tree Point,94204,Rainfall,94204.1.R.750,4301,2
Tea Tree Point,94204,Rainfall Increment,94204.1.R.750,4301,3
Teddington Weir HW TM,40896,Water Level - AHD,40896.0.H,2131,1
Teddington Weir HW TM,40896,Rainfall,40896.0.R,2131,2
Teddington Weir HW TM,40896,Battery,40896.0.B,2131,3
Teddington Weir HW TM,40896,Gas Pressure,40896.0.GP,2131,4
Teddington Weir HW TM,40896,Rainfall Increment,40896.0.R,2131,5
TEDS POOL,509300,Water Level,509300.1.H,10603,2
TEDS POOL,509300,Rainfall Increment,509300.1.R,10603,3
Teelba,43097,Water Level,43097.0.H,2210,1
Teelba,43097,Rainfall,43097.0.R,2210,2
Teelba,43097,Battery,43097.0.B,2210,3
Teelba,43097,Rainfall Increment,43097.0.R,2210,4
TEEMBURRA CK TM,533131,Rainfall Increment,533131.0.R,6533,2
Teemburra Dam AL,533041,Water Level,533041.0.H.6179,2355,1
Teemburra Dam AL,533041,Rainfall,533041.0.R.6178,2355,2
Teemburra Dam AL,533041,Battery,533041.0.B.6180,2355,3
Teemburra Dam AL,533041,Rainfall Increment,533041.0.R.6178,2355,4
TEEMBURRA DAM HW TM,533064,Water Level,533064.0.H,7149,2
TEEMBURRA DAM HW TM,533064,Rainfall Increment,533064.0.R,7149,3
TEEMBURRA DAM TW TM,533089,Water Level,533089.0.H,7153,1
TELEGRAPH CROSSING TM,527003,Water Level,527003.0.H,6179,2
TELEGRAPH CROSSING TM,527003,Rainfall Increment,527003.0.R,6179,3
TELEGRAPH POINT (WTP),560064,Rainfall,560064.1.R,5401,1
TELEGRAPH POINT (WTP),560064,Water Level,560064.1.H,5401,2
TELEGRAPH POINT (WTP),560064,Rainfall Increment,560064.1.R,5401,3
TELEGRAPH PT (WILSON RIVER),560011,Water Level,560011.2.H,5677,1
TELEGRAPH PT (WILSON RIVER),560011,Rainfall Increment,560011.3.R,5677,3
TELEGRAPH ROAD TM,533138,Rainfall Increment,533138.0.R,6547,2
Temagong,588023,Rainfall,588023.1.R.415,4671,1
Temagong,588023,Battery,588023.1.B.416,4671,2
Temagong,588023,Rainfall Increment,588023.1.R.415,4671,3
TEMPE BRIDGE (COOKS RIVER),566012,Water Level,566012.1.H,5863,1
Tenindewa,8237,Rainfall,8237.1.R.5929,4369,1
Tenindewa,8237,Battery,8237.1.B.5928,4369,2
Tenindewa,8237,Rainfall Increment,8237.1.R.5929,4369,3
TENNENT (GUDGENBY RIVER),570015,Water Level,570015.1.H,5419,1
Tenthill AL,540152,Water Level,540152.0.H.6566,2766,1
Tenthill AL,540152,Rainfall,540152.0.R.6565,2766,2
Tenthill AL,540152,Rainfall Increment,540152.0.R.6565,2766,3
TENTHILL BORE TM,540553,Rainfall Increment,540553.0.R,6931,2
TENTHILL TM,540067,Water Level,540067.0.H,6829,2
TENTHILL TM,540067,Rainfall Increment,540067.0.R,6829,3
Terania Creek,558078,Battery,558078.1.B.7113,1493,1
Terania Creek,558078,Rainfall,558078.1.R.7110,1493,2
Terania Creek,558078,Rainfall Increment,558078.1.R.7110,1493,3
"Terania Creek (Green Bridge, Keerrong)",558122,Battery,558122.1.B.3493,11433,1
"Terania Creek (Green Bridge, Keerrong)",558122,Water Level,558122.1.H.3494,11433,2
Terara,68221,Water Level,68221.1.H.7053,1391,1
Terara,68221,Battery,68221.1.B.7066,1391,2
TERARA (SHOALHAVEN RIVER),68221,Water Level,68221.2.H,6017,1
Terraine AL,541111,Water Level,541111.0.H.4520,3277,1
Terraine AL,541111,Rainfall,541111.0.R.4519,3277,2
Terraine AL,541111,Battery,541111.0.B.4521,3277,3
Terraine AL,541111,Rainfall Increment,541111.0.R.4519,3277,4
TERRAINE TM,41495,Water Level,41495.0.H,7135,2
TERRAINE TM,41495,Rainfall Increment,41495.0.R,7135,3
TERRANORA,558056,Water Level,558056.1.H,5587,1
TERREWAH (MACINTYRE RIVER),53109,Water Level,53109.1.H,7465,1
Terrey Hills Repeater,566063,Battery,566063.1.B.7668,1717,1
Terrigal Reservoir,561138,Battery,561138.2.B.3764,1650,1
Terrigal Reservoir,561138,Rainfall,561138.2.R.3763,1650,2
Terrigal Reservoir,561138,Rainfall Increment,561138.2.R.3763,1650,3
TERRIGAL RESERVOIR,561138,Rainfall Increment,561138.1.R,5813,2
Terry Hie Hie,53108,Battery,53108.1.B,1115,1
Terry Hie Hie,53108,Rainfall,53108.1.R,1115,2
Terry Hie Hie,53108,Rainfall Increment,53108.1.R,1115,3
Tewantin AL,540310,Water Level,540310.0.H.6909,2874,1
Tewantin AL,540310,Rainfall,540310.0.R.6908,2874,2
Tewantin AL,540310,Battery,540310.0.B.6910,2874,3
Tewantin AL,540310,Rainfall Increment,540310.0.R.6908,2874,4
TEXAS BORE TM,541078,Rainfall Increment,541078.0.R,7035,2
TEXAS RD TM,532133,Rainfall Increment,532133.0.R,6451,2
Texas TM,41548,Water Level,41548.0.H,2194,1
Texas TM,41548,Rainfall,41548.0.R,2194,2
Texas TM,41548,Battery,41548.0.B,2194,3
Texas TM,41548,Gas Pressure,41548.0.GP,2194,4
Texas TM,41548,Rainfall Increment,41548.0.R,2194,5
THARLANE (BRIGALOW CREEK),553015,Water Level,553015.1.H,7639,1
The 27 Mile Garden AL,44232,Water Level,44232.0.H.4224,2219,1
The 27 Mile Garden AL,44232,Rainfall,44232.0.R.4223,2219,2
The 27 Mile Garden AL,44232,Battery,44232.0.B.4225,2219,3
The 27 Mile Garden AL,44232,Rainfall Increment,44232.0.R.4223,2219,4
THE BARRAGE TM,540039,Water Level,540039.0.H,7245,1
THE BOULDERS TM,531022,Water Level,531022.0.H,6301,2
THE BOULDERS TM,531022,Rainfall Increment,531022.0.R,6301,3
The Cascades AL,531136,Rainfall,531136.0.R,2267,1
The Cascades AL,531136,Battery,531136.0.B,2267,2
The Cascades AL,531136,Rainfall Increment,531136.0.R,2267,3
The Channon,58147,Battery,58147.1.B.7107,1183,1
The Channon,58147,Rainfall,58147.1.R.7095,1183,2
The Channon,58147,Water Level,58147.1.H.7094,1183,3
The Channon,58147,Water Level,58147.2.H.7108,1183,4
The Channon,58147,Rainfall Increment,58147.1.R.7095,1183,5
THE CRAGS (NATTAI RIVER),568235,Water Level,568235.1.H,5319,1
The Crescent AL,535108,Water Level,535108.0.H.5979,2476,1
The Crescent AL,535108,Rainfall,535108.0.R.5978,2476,2
The Crescent AL,535108,Battery,535108.0.B.5980,2476,3
The Crescent AL,535108,Rainfall Increment,535108.0.R.5978,2476,4
The Den,96083,Rainfall,96083.1.R.671,4308,1
The Den,96083,Battery,96083.1.B.672,4308,2
The Den,96083,Rainfall Increment,96083.1.R.671,4308,3
THE DEN,96083,Rainfall,96083.1.R,8691,1
THE DEN,96083,Rainfall Increment,96083.1.R,8691,2
The Entrance (Tuggerah Lake),561001,Battery,561001.1.B.7412,1613,1
The Entrance (Tuggerah Lake),561001,Rainfall,561001.1.R.7410,1613,2
The Entrance (Tuggerah Lake),561001,Water Level,561001.1.H.7411,1613,3
The Entrance (Tuggerah Lake),561001,Water Level,561001.2.H.7419,1613,4
The Entrance (Tuggerah Lake),561001,Rainfall Increment,561001.1.R.7410,1613,5
THE ENTRANCE (TUGGERAH LAKE),561001,Water Level,561001.3.H,5711,1
The Fisheries AL,531076,Water Level,531076.0.H.5111,2249,1
The Fisheries AL,531076,Rainfall,531076.0.R.5110,2249,2
The Fisheries AL,531076,Battery,531076.0.B.5112,2249,3
The Fisheries AL,531076,Rainfall Increment,531076.0.R.5110,2249,4
THE FISHERIES TM,531046,Water Level,531046.0.H,6319,2
THE FISHERIES TM,531046,Rainfall Increment,531046.0.R,6319,3
THE GAP TM,33285,Water Level,33285.0.H,6051,2
THE GAP TM,33285,Rainfall Increment,33285.0.R,6051,3
The Glen TM,33313,Rainfall,33313.0.R,2061,1
The Glen TM,33313,Battery,33313.0.B,2061,2
The Glen TM,33313,Rainfall Increment,33313.0.R,2061,3
The Head AL,541144,Water Level,541144.0.H.6887,3310,1
The Head AL,541144,Rainfall,541144.0.R.6886,3310,2
The Head AL,541144,Battery,541144.0.B.6888,3310,3
The Head AL,541144,Rainfall Increment,541144.0.R.6886,3310,4
The Lake AL,535090,Water Level,535090.0.H.5877,2461,1
The Lake AL,535090,Rainfall,535090.0.R.5997,2461,2
The Lake AL,535090,Battery,535090.0.B.5878,2461,3
The Lake AL,535090,Rainfall Increment,535090.0.R.5997,2461,4
THE LAKE TM,535010,Water Level,535010.0.H,6607,2
THE LAKE TM,535010,Rainfall Increment,535010.0.R,6607,3
The Lakes AL,532107,Water Level,532107.0.H.2857,2334,1
The Lakes AL,532107,Rainfall,532107.0.R.2856,2334,2
The Lakes AL,532107,Battery,532107.0.B.2858,2334,3
The Lakes AL,532107,Rainfall Increment,532107.0.R.2856,2334,4
THE NEEDLES (BELUBULA RIVER),563014,Water Level,563014.1.H,8027,1
The Needles (Woronora River),566062,Water Level,566062.1.H.7692,1716,1
The Needles (Woronora River),566062,Battery,566062.1.B.7693,1716,2
THE NEEDLES (WORONORA RIVER),566062,Water Level,566062.2.H,5255,1
The Pines,14204,Battery,14204.1.B,314,1
The Pines,14204,Rainfall,14204.1.R,314,2
The Pines,14204,Rainfall Increment,14204.1.R,314,3
The Pinnacles AL,532041,Rainfall,532041.0.R.2726,2291,1
The Pinnacles AL,532041,Battery,532041.0.B.2727,2291,2
The Pinnacles AL,532041,Rainfall Increment,532041.0.R.2726,2291,3
THE PLATEAU,517011,Rainfall Increment,517011.1.R,8879,2
The Pocket (Marshalls Creek),558004,Water Level,558004.1.H.7531,1457,1
The Pocket (Marshalls Creek),558004,Battery,558004.1.B.7532,1457,2
THE ROCKS NO.2 (GLEMMIES CK),561045,Water Level,561045.1.H,7965,1
THE SQUARE (WELUMBA CREEK),572034,Water Level,572034.1.H,8243,2
THE SQUARE (WELUMBA CREEK),572034,Rainfall Increment,572034.1.R,8243,3
The Stonewall AL,533080,Rainfall,533080.0.R.2971,2385,1
The Stonewall AL,533080,Battery,533080.0.B.2972,2385,2
The Stonewall AL,533080,Rainfall Increment,533080.0.R.2971,2385,3
The Summit AL,540100,Battery,540100.1.B.1704,2726,1
The Summit AL,540100,Battery,540100.2.B.1705,2726,2
The Summit AL,540100,Repeater,540100.1.RP.1700,2726,3
The Summit AL,540100,Repeater,540100.2.RP.1701,2726,4
THE TOWERS (MULWAREE RIVER),570062,Water Level,570062.1.H,5335,1
THEODORE WEIR TM,535110,Water Level,535110.0.H,7181,1
THERESA CREEK DAM TM,535162,Rainfall,535162.0.R,10119,1
THERESA CREEK DAM TM,535162,Water Level,535162.0.H,10119,2
THERESA CREEK DAM TM,535162,Rainfall Increment,535162.0.R,10119,3
Theresa Hut AL,535158,Rainfall,535158.0.R.5968,2521,1
Theresa Hut AL,535158,Battery,535158.0.B.5969,2521,2
Theresa Hut AL,535158,Rainfall Increment,535158.0.R.5968,2521,3
THEYONA STATION,514902,Water Level,514902.1.H,7365,2
THEYONA STATION,514902,Rainfall Increment,514902.1.R,7365,3
Third Lane,559086,Water Level,559086.1.H.7726,11571,1
Third Lane,559086,Battery,559086.1.B.7725,11571,2
THOMASTOWN RAIN GAUGE,586340,Rainfall,586340.1.R,12079,1
THOMASTOWN RAIN GAUGE,586340,Rainfall Increment,586340.1.R,12079,2
Thomatis Ck AL,531100,Water Level,531100.0.H.5120,2254,1
Thomatis Ck AL,531100,Battery,531100.0.B.5121,2254,3
Thomson Brook,9989,Rainfall,9989.1.R.5975,4415,1
Thomson Brook,9989,Battery,9989.1.B.5974,4415,2
Thomson Brook,9989,Rainfall Increment,9989.1.R.5975,4415,3
THOMSON DAM RG-AWS AT GSB NEAR SPILLWAY,585093,Rainfall,585093.1.R,12266,1
THOMSON DAM RG-AWS AT GSB NEAR SPILLWAY,585093,Rainfall Increment,585093.1.R,12266,2
THOMSON RESERVOIR HEAD GAUGE,585091,Water Level,585091.1.H,12113,1
THOMSON RIVER @ BUNDALAGUAH,585038,Water Level,585038.2.H,9527,1
THOMSON RIVER @ HEYFIELD,585026,Water Level,585026.1.H,9507,1
THOMSON RIVER @ U/S COWWAR WEIR,585022,Rainfall,585022.2.R,9503,1
THOMSON RIVER @ U/S COWWAR WEIR,585022,Water Level,585022.2.H,9503,2
THOMSON RIVER @ U/S COWWAR WEIR,585022,Rainfall Increment,585022.2.R,9503,3
THOMSON RIVER @ WANDOCKA,585027,Water Level,585027.2.H,9509,1
Thomson River at Bundalaguah,585038,Battery,585038.1.B.4805,4760,1
Thomson River at Bundalaguah,585038,Water Level,585038.1.H.4804,4760,2
Thomson River at Coopers Creek,585236,Water Level,585236.1.H.1432,4694,1
Thomson River at Coopers Creek,585236,Battery,585236.1.B.1431,4694,2
THOMSON RIVER AT COOPERS CREEK,585236,Water Level,585236.2.H,12290,1
Thomson River at Sale Wharf,85272,Battery,85272.1.B.4807,4742,1
Thomson River at Sale Wharf,85272,Water Level,85272.1.H.4806,4742,2
Thomson River at the Narrows,585020,Water Level,585020.1.H.1435,4695,1
Thomson River at the Narrows,585020,Battery,585020.1.B.1434,4695,2
THOMSON RIVER AT THE NARROWS,585020,Water Level,585020.2.H,12282,1
THOMSON RIVER AT WANDOCKA,585027,Water Level,585027.3.H,12285,1
Thomson River at Wandocka,585027,Battery,585027.1.B.4803,4757,1
Thomson River at Wandocka,585027,Water Level,585027.1.H.4802,4757,2
Thomson River D/S Of Thomson Dam,585086,Battery,585086.1.B.1766,4872,1
Thomson River D/S Of Thomson Dam,585086,Water Level,585086.1.H.1768,4872,2
Thomson River D/S Whitelaws Creek,585084,Battery,585084.1.B.1866,4870,1
Thomson River D/S Whitelaws Creek,585084,Water Level,585084.1.H.1867,4870,2
THOMSON RIVER DOWNSTREAM OF THOMSON DAM,585086,Water Level,585086.2.H,12289,1
THOMSON RIVER DOWNSTREAM WHITELAWS CREEK,585084,Water Level,585084.2.H,12287,1
Thomson River U/S Cowwarr Weir,585022,Water Level,585022.1.H.4856,4752,1
Thomson River U/S Cowwarr Weir,585022,Rainfall,585022.1.R.4855,4752,2
Thomson River U/S Cowwarr Weir,585022,Battery,585022.1.B.4857,4752,3
Thomson River U/S Cowwarr Weir,585022,Rainfall Increment,585022.1.R.4855,4752,4
THOMSON RIVER US COWWARR WEIR,585022,Water Level,585022.3.H,12284,1
THOMSON ROAD RETARDING BASIN,586288,Water Level,586288.1.H,12210,1
THOMSON ROAD RETARDING BASIN,586288,Rainfall,586288.1.R,12210,2
THOMSON ROAD RETARDING BASIN,586288,Rainfall Increment,586288.1.R,12210,3
Thomson-Yarra Divide,585000,Battery,585000.1.B.1485,4784,1
Thomson-Yarra Divide,585000,Rainfall,585000.1.R.1487,4784,2
Thomson-Yarra Divide,585000,Rainfall Increment,585000.1.R.1487,4784,3
THOMSON-YARRA TUNNEL YARRA OUTLET,586325,Water Level,586325.1.H,12111,1
THOMSON-YARRA TUNNEL YARRA OUTLET,586325,Rainfall,586325.1.R,12111,2
THOMSON-YARRA TUNNEL YARRA OUTLET,586325,Rainfall Increment,586325.1.R,12111,3
THORA (BELLINGER RIVER),59121,Water Level,59121.2.H,8373,1
Thora (Bellinger River),59121,Water Level,59121.1.H.7605,1211,1
Thora (Bellinger River),59121,Water Level,59121.3.H.7598,1211,2
Thora (Bellinger River),59121,Battery,59121.1.B.7606,1211,3
Thora Post Office,59033,Battery,59033.1.B.7599,1203,1
Thora Post Office,59033,Rainfall,59033.1.R.7604,1203,2
Thora Post Office,59033,Rainfall Increment,59033.1.R.7604,1203,3
Thornton (School Rd) AL,540789,Water Level,540789.0.H.4075,3210,1
Thornton (School Rd) AL,540789,Rainfall,540789.0.R.4074,3210,2
Thornton (School Rd) AL,540789,Battery,540789.0.B.4076,3210,3
Thornton (School Rd) AL,540789,Rainfall Increment,540789.0.R.4074,3210,4
Thornton AL,540169,Rainfall,540169.0.R.6615,2782,1
Thornton AL,540169,Rainfall Increment,540169.0.R.6615,2782,2
THORNTONIA TM,529070,Rainfall,529070.0.R,9911,1
THORNTONIA TM,529070,Rainfall Increment,529070.0.R,9911,2
THORNVILLE TM,540705,Rainfall Increment,540705.0.R,6981,2
Thorpdale Peak,85308,Battery,85308.1.B.4891,4748,1
Thorpdale Peak,85308,Rainfall,85308.1.R.4890,4748,2
Thorpdale Peak,85308,Rainfall Increment,85308.1.R.4890,4748,3
Three Mile Br AL,40838,Water Level,40838.0.H.2158,2110,1
Three Mile Br AL,40838,Battery,40838.0.B.2159,2110,2
Three Mile Br AL,40838,Check,40838.1.CK.2154,2110,3
Three Mile Br AL,40838,Check,40838.2.CK.2156,2110,4
Three Rivers,7080,Rainfall,7080.2.R,4356,1
Three Rivers,7080,Battery,7080.1.B,4356,2
Three Rivers,7080,Rainfall Increment,7080.2.R,4356,3
Three Ways AL,540110,Rainfall,540110.0.R.1507,2730,1
Three Ways AL,540110,Battery,540110.0.B.1508,2730,2
Three Ways AL,540110,Rainfall Increment,540110.0.R.1507,2730,3
Thumb Creek (Taylors Arm Road),559075,Battery,559075.1.B.7526,1571,1
Thumb Creek (Taylors Arm Road),559075,Rainfall,559075.1.R.7521,1571,2
Thumb Creek (Taylors Arm Road),559075,Rainfall Increment,559075.1.R.7521,1571,3
THURSDAY ISLAND TIDE TM,527005,Water Level,527005.0.H,5141,1
Tia (Highrent),57045,Battery,57045.1.B.7315,1167,1
Tia (Highrent),57045,Rainfall,57045.1.R.7314,1167,2
Tia (Highrent),57045,Rainfall Increment,57045.1.R.7314,1167,3
TIA (TIA RIVER),57112,Water Level,57112.1.H,8187,1
Tiaro AL,540706,Water Level,540706.0.H.5626,3154,1
Tiaro AL,540706,Rainfall,540706.0.R.5625,3154,2
Tiaro AL,540706,Battery,540706.0.B.5627,3154,3
Tiaro AL,540706,Rainfall Increment,540706.0.R.5625,3154,4
Tibradden,8298,Rainfall,8298.1.R.5921,4370,1
Tibradden,8298,Battery,8298.1.B.5920,4370,2
Tibradden,8298,Rainfall Increment,8298.1.R.5921,4370,3
Tidal Ck AL,539266,Water Level,539266.0.H.4392,2696,1
Tidal Ck AL,539266,Rainfall,539266.0.R.4391,2696,2
Tidal Ck AL,539266,Battery,539266.0.B.4393,2696,3
Tidal Ck AL,539266,Rainfall Increment,539266.0.R.4391,2696,4
Tieri AL,535089,Rainfall,535089.0.R.5972,2460,1
Tieri AL,535089,Battery,535089.0.B.5973,2460,2
Tieri AL,535089,Rainfall Increment,535089.0.R.5972,2460,3
TILLIGRA (WILLIAMS RIVER),561033,Water Level,561033.1.H,7951,1
TILPA (DARLING RIVER),48213,Water Level,48213.1.H,7433,1
TIM SHEA (SUMMIT),95059,Rainfall Increment,95059.1.R,8681,2
Timbarra River d/s Wilkinson Creek,584008,Battery,584008.1.B.4954,4787,1
Timbarra River d/s Wilkinson Creek,584008,Water Level,584008.1.H.4953,4787,2
TIMBER CREEK VICTORIA HIGHWAY,514828,Rainfall Increment,514828.1.R,7347,2
TINANA BARRAGE HW TM,540027,Water Level,540027.0.H,7243,1
TINAROO CREEK TM,531158,Rainfall,531158.0.R,10019,1
TINAROO CREEK TM,531158,Rainfall Increment,531158.0.R,10019,2
Tinaroo Dam AL,531034,Water Level,531034.0.H.6808,2225,1
Tinaroo Dam AL,531034,Rainfall,531034.0.R.6807,2225,2
Tinaroo Dam AL,531034,Battery,531034.0.B.6809,2225,3
Tinaroo Dam AL,531034,Rainfall Increment,531034.0.R.6807,2225,4
TINAROO DAM HW TM,531017,Water Level,531017.0.H,7141,2
TINAROO DAM HW TM,531017,Rainfall Increment,531017.0.R,7141,3
TINAROO DAM T/W TM,531030,Water Level,531030.0.H,7143,1
Tindarra TM,43033,Water Level,43033.0.H,2207,1
Tindarra TM,43033,Rainfall,43033.0.R,2207,2
Tindarra TM,43033,Battery,43033.0.B,2207,3
Tindarra TM,43033,Rainfall Increment,43033.0.R,2207,4
Tinderry (Queanbeyan River),570965,Water Level,570965.2.H.3339,1855,1
Tinderry (Queanbeyan River),570965,Battery,570965.1.B.3402,1855,2
Tinderry (Queanbeyan River),570965,Rainfall,570965.2.R.3338,1855,3
Tinderry (Queanbeyan River),570965,Rainfall Increment,570965.2.R.3338,1855,4
TINDERRY (QUEANBEYAN RIVER),570965,Water Level,570965.1.H,5487,2
TINDERRY (QUEANBEYAN RIVER),570965,Rainfall Increment,570965.1.R,5487,3
Tinderry Mountains (Simons Ck),570968,Battery,570968.1.B.3417,1856,1
Tinderry Mountains (Simons Ck),570968,Rainfall,570968.1.R.3357,1856,2
Tinderry Mountains (Simons Ck),570968,Rainfall Increment,570968.1.R.3357,1856,3
Tingha Post Office,56033,Battery,56033.2.B.3856,1151,1
Tingha Post Office,56033,Rainfall,56033.2.R.3855,1151,2
Tingha Post Office,56033,Rainfall Increment,56033.2.R.3855,1151,3
TINTOT (MACINTRE R),554016,Water Level,554016.1.H,7693,2
TINTOT (MACINTRE R),554016,Rainfall Increment,554016.1.R,7693,3
TIONA,560055,Water Level,560055.2.H,5701,1
TODD RIVER HEAVITREE GAP,515501,Water Level,515501.1.H,7411,1
Tomerong (Eucalypt Lane),568042,Battery,568042.1.B.3363,1757,1
Tomerong (Eucalypt Lane),568042,Rainfall,568042.1.R.3362,1757,2
Tomerong (Eucalypt Lane),568042,Rainfall Increment,568042.1.R.3362,1757,3
Tomerong Creek,568202,Water Level - AHD,568202.1.H.7034,1797,1
Tomerong Creek,568202,Battery,568202.1.B.7035,1797,2
Tomerong Creek,568202,Rainfall,568202.1.R.7033,1797,3
Tomerong Creek,568202,Rainfall Increment,568202.1.R.7033,1797,4
Tomewin AL,540354,Rainfall,540354.0.R.2363,2916,1
Tomewin AL,540354,Battery,540354.0.B.2364,2916,2
Tomewin AL,540354,Rainfall Increment,540354.0.R.2363,2916,3
TONNALI (TONNALI RIVER),563095,Water Level,563095.1.H,5249,1
Toodyay East,10308,Rainfall,10308.1.R.6095,4430,1
Toodyay East,10308,Battery,10308.1.B.6094,4430,2
Toodyay East,10308,Rainfall Increment,10308.1.R.6095,4430,3
TOOGONG (GLENAYR),65084,Water Level,65084.1.H,8411,2
TOOGONG (GLENAYR),65084,Rainfall Increment,65084.1.R,8411,3
Toohills Crossing AL,540549,Water Level,540549.0.H.6662,3052,1
Toohills Crossing AL,540549,Rainfall,540549.0.R.6661,3052,2
Toohills Crossing AL,540549,Rainfall Increment,540549.0.R.6661,3052,3
TOOHILLS CROSSING TM,540365,Water Level,540365.0.H,10267,2
TOOHILLS CROSSING TM,540365,Rainfall Increment,540365.0.R,10267,3
Toolakea AL,532083,Rainfall,532083.0.R.2782,2323,1
Toolakea AL,532083,Battery,532083.0.B.2783,2323,2
Toolakea AL,532083,Rainfall Increment,532083.0.R.2782,2323,3
TOOLEBUC TM,537042,Rainfall,537042.0.R,10191,1
TOOLEBUC TM,537042,Rainfall Increment,537042.0.R,10191,2
TOOLERN CK AT MELTON SOUTH,587043,Water Level,587043.2.H,9595,1
TOOLERN CREEK AT MELTON SOUTH,587043,Water Level,587043.1.H,12071,1
TOOLERN CREEK AT MELTON SOUTH,587043,Rainfall,587043.1.R,12071,2
TOOLERN CREEK AT MELTON SOUTH,587043,Rainfall Increment,587043.1.R,12071,3
TOOLERN VALE RAIN GAUGE,587019,Rainfall,587019.1.R,12060,1
TOOLERN VALE RAIN GAUGE,587019,Rainfall Increment,587019.1.R,12060,2
TOOLUNGU,505055,Water Level,505055.1.H,10479,1
TOOMA DAM,572017,Rainfall Increment,572017.1.R,9875,2
Toombul (Nudgee Rd) AL-B,540548,Water Level,540548.0.H.1558,3051,1
Toombul (Nudgee Rd) AL-B,540548,Rainfall,540548.0.R.1557,3051,2
Toombul (Nudgee Rd) AL-B,540548,Battery,540548.0.B.1559,3051,3
Toombul (Nudgee Rd) AL-B,540548,Rainfall Increment,540548.0.R.1557,3051,4
Tooms Lake,92079,Rainfall,92079.1.R.636,4278,1
Tooms Lake,92079,Water Level,92079.1.H.637,4278,2
Tooms Lake,92079,Battery,92079.1.B.638,4278,3
Tooms Lake,92079,Rainfall Increment,92079.1.R.636,4278,4
TOOMUC CREEK AT PRINCES HIGHWAY PAKENHAM WEST,586082,Water Level,586082.1.H,12255,1
Toomulla AL,532084,Rainfall,532084.0.R.2784,2324,1
Toomulla AL,532084,Battery,532084.0.B.2785,2324,2
Toomulla AL,532084,Rainfall Increment,532084.0.R.2784,2324,3
TOONALOOK (EDWARD RIVER),574012,Water Level,574012.1.H,8289,1
Toongabbie Bowling Club,567065,Battery,567065.1.B.7262,1735,1
Toongabbie Bowling Club,567065,Rainfall,567065.1.R.7261,1735,2
Toongabbie Bowling Club,567065,Rainfall Increment,567065.1.R.7261,1735,3
TOONUNMBAR DAM,558039,Water Level,558039.1.H,7861,1
TOORAK RESEARCH STATION TM,529089,Rainfall,529089.0.R,9941,1
TOORAK RESEARCH STATION TM,529089,Rainfall Increment,529089.0.R,9941,2
Toorbul (Donnybrook Rd) AL,540635,Water Level,540635.0.H.5530,3090,1
Toorbul (Donnybrook Rd) AL,540635,Rainfall,540635.0.R.5529,3090,2
Toorbul (Donnybrook Rd) AL,540635,Battery,540635.0.B.5531,3090,3
Toorbul (Donnybrook Rd) AL,540635,Rainfall Increment,540635.0.R.5529,3090,4
Toormina (Coffs Harbour),559052,Rainfall,559052.0.R,1552,1
Toormina (Coffs Harbour),559052,Rainfall Increment,559052.0.R,1552,2
TOORMINA (COFFS HARBOUR),559052,Rainfall,559052.1.R,11975,1
TOORMINA (COFFS HARBOUR),559052,Rainfall Increment,559052.1.R,11975,2
Toorooka (Macleay River),559038,Water Level,559038.1.H.7786,1550,1
Toorooka (Macleay River),559038,Battery,559038.1.B.7787,1550,2
Toowong AL,540281,Rainfall,540281.0.R.1749,2853,1
Toowong AL,540281,Battery,540281.0.B.1748,2853,2
Toowong AL,540281,Rainfall Increment,540281.0.R.1749,2853,3
Toowoomba AL,540162,Rainfall,540162.0.R.6598,2776,1
Toowoomba AL,540162,Rainfall Increment,540162.0.R.6598,2776,2
Top of Brisbane AL,540164,Rainfall,540164.0.R.6602,2778,1
Top of Brisbane AL,540164,Rainfall Increment,540164.0.R.6602,2778,2
Topaz AL,31187,Rainfall,31187.0.R.2515,2009,1
Topaz AL,31187,Battery,31187.0.B.2516,2009,2
Topaz AL,31187,Rainfall Increment,31187.0.R.2515,2009,3
Torbanlea AL,540449,Water Level,540449.0.H.6094,2970,1
Torbanlea AL,540449,Rainfall,540449.0.R.6093,2970,2
Torbanlea AL,540449,Battery,540449.0.B.6095,2970,3
Torbanlea AL,540449,Rainfall Increment,540449.0.R.6093,2970,4
TORBAY TOWNSHIP,509451,Water Level,509451.1.H,10667,1
Toronto (Stony Ck),561157,Water Level,561157.1.H.7894,1656,1
Toronto (Stony Ck),561157,Battery,561157.1.B.7895,1656,2
TORRENS (BATCHELOR),570902,Rainfall Increment,570902.1.R,5475,2
TORRENS CK TM,530016,Rainfall,530016.0.R,6281,1
TORRENS CK TM,530016,Rainfall Increment,530016.0.R,6281,2
TORRENS CREEK TOWNSHIP TM,530045,Rainfall,530045.0.R,9959,1
TORRENS CREEK TOWNSHIP TM,530045,Water Level,530045.0.H,9959,2
TORRENS CREEK TOWNSHIP TM,530045,Rainfall Increment,530045.0.R,9959,3
TORRENS R AT HOLBROOKS ROAD (DEW),523044,Water Level,523044.1.H,8919,2
TORRENS R AT HOLBROOKS ROAD (DEW),523044,Rainfall Increment,523044.1.R,8919,3
TORRENS R AT SEAVIEW ROAD (DEW),523042,Water Level,523042.1.H,8915,1
TORRENS R AT WALKERVILLE (DEW),523040,Water Level,523040.1.H,8911,1
TORRENS R DS HOLLANDS CK (DEW),523777,Water Level,523777.1.H,8999,1
Torridon AL,541104,Water Level,541104.0.H.5752,3270,1
Torridon AL,541104,Rainfall,541104.0.R.5751,3270,2
Torridon AL,541104,Battery,541104.0.B.5753,3270,3
Torridon AL,541104,Rainfall Increment,541104.0.R.5751,3270,4
Touga,68249,Battery,68249.1.B.7010,1396,1
Touga,68249,Rainfall,68249.1.R.7002,1396,2
Touga,68249,Rainfall Increment,68249.1.R.7002,1396,3
TOUKLEY (TUGGERAH LAKE),561000,Water Level,561000.1.H,5709,2
TOUKLEY (TUGGERAH LAKE),561000,Rainfall Increment,561000.1.R,5709,3
TOWAMBA (TOWAMBA RIVER),569017,Water Level,569017.1.H,8133,1
Tower Hill (Fire Tower),260099,Battery,260099.1.B.620,4310,1
TOWNSEND CREEK,514800,Water Level,514800.1.H,7333,2
TOWNSEND CREEK,514800,Rainfall Increment,514800.1.R,7333,3
Townson AL,540716,Rainfall,540716.0.R.4072,3163,1
Townson AL,540716,Battery,540716.0.B.4073,3163,2
Townson AL,540716,Rainfall Increment,540716.0.R.4072,3163,3
Townsville Airport AL,532031,Rainfall,532031.0.R.2753,2281,1
Townsville Airport AL,532031,Battery,532031.0.B.2754,2281,2
Townsville Airport AL,532031,Rainfall Increment,532031.0.R.2753,2281,3
Townsville Harbour AL,532033,Water Level,532033.0.H.2748,2283,1
Townsville Harbour AL,532033,Battery,532033.0.B.2749,2283,2
TOWNSVILLE TIDE TM,532004,Water Level,532004.0.H,5175,1
TRAGOWEL TM,536015,Rainfall,536015.0.R,10139,1
TRAGOWEL TM,536015,Water Level,536015.0.H,10139,2
TRAGOWEL TM,536015,Rainfall Increment,536015.0.R,10139,3
TRALEE (MELROSE FARM),570993,Rainfall Increment,570993.1.R,5497,2
TRAMWAY LANE TM,540402,Water Level,540402.0.H,6883,2
TRAMWAY LANE TM,540402,Rainfall Increment,540402.0.R,6883,3
TRARALGON CK AT TRARALGON,585013,Water Level,585013.2.H,9493,1
TRARALGON CK AT TRARALGON SOUTH,585014,Rainfall,585014.2.R,9495,1
TRARALGON CK AT TRARALGON SOUTH,585014,Water Level,585014.2.H,9495,2
TRARALGON CK AT TRARALGON SOUTH,585014,Rainfall Increment,585014.2.R,9495,3
TRARALGON CREEK AT KOORNALLA,85281,Rainfall,85281.2.R,9825,1
TRARALGON CREEK AT KOORNALLA,85281,Water Level,85281.2.H,9825,2
TRARALGON CREEK AT KOORNALLA,85281,Rainfall Increment,85281.2.R,9825,3
Traralgon EPA,85009,Rainfall,85009.1.R.4871,4524,1
Traralgon EPA,85009,Battery,85009.1.B.4872,4524,2
Traralgon EPA,85009,Rainfall Increment,85009.1.R.4871,4524,3
Traralgon South,585014,Rainfall,585014.1.R.4875,4521,1
Traralgon South,585014,Water Level,585014.1.H.4876,4521,2
Traralgon South,585014,Battery,585014.1.B.4877,4521,3
Traralgon South,585014,Rainfall Increment,585014.1.R.4875,4521,4
Traralgon South Township,585141,Battery,585141.1.B.4882,4854,1
Traralgon South Township,585141,Rainfall,585141.1.R.4881,4854,2
Traralgon South Township,585141,Rainfall Increment,585141.1.R.4881,4854,3
Traralgon Town (Princes Hwy),585013,Water Level,585013.1.H.4873,4520,1
Traralgon Town (Princes Hwy),585013,Battery,585013.1.B.4874,4520,2
Trebonne AL,532067,Water Level,532067.0.H.6047,2312,1
Trebonne AL,532067,Rainfall,532067.0.R.6046,2312,2
Trebonne AL,532067,Battery,532067.0.B.6048,2312,3
Trebonne AL,532067,Rainfall Increment,532067.0.R.6046,2312,4
TREFUSIS (MACQUARIE RIVER),593003,Water Level,593003.1.H,8761,1
TRENAH (BEN RIDGE RD),592014,Rainfall Increment,592014.1.R,8849,2
TRENTHAM RESERVOIR,588034,Rainfall,588034.2.R,9663,1
TRENTHAM RESERVOIR,588034,Water Level,588034.2.H,9663,2
TRENTHAM RESERVOIR,588034,Rainfall Increment,588034.2.R,9663,3
Trentham Reservoir,588034,Rainfall,588034.1.R.1031,4797,1
Trentham Reservoir,588034,Battery,588034.1.B.1032,4797,2
Trentham Reservoir,588034,Rainfall Increment,588034.1.R.1031,4797,3
TREVALLYN POND (SOUTH ESK RIVER),591037,Water Level - AHD,591037.1.H,8459,1
TREW ROAD,509459,Water Level,509459.1.H,10677,1
Triabunna (Salmons Flats),92157,Rainfall,92157.1.R.756,4292,1
Triabunna (Salmons Flats),92157,Battery,92157.1.B.757,4292,2
Triabunna (Salmons Flats),92157,Rainfall Increment,92157.1.R.756,4292,3
Trig Point Hill ,523306,Rainfall,523306.1.R.5640,1983,1
Trig Point Hill ,523306,Battery,523306.1.B.5639,1983,2
Trig Point Hill ,523306,Rainfall Increment,523306.1.R.5640,1983,3
TRIMBLES CROSSING TM,528003,Water Level,528003.0.H,6203,2
TRIMBLES CROSSING TM,528003,Rainfall Increment,528003.0.R,6203,3
TROUPS CK EAST BR AT PROSPECT HILL RB NARRE WARREN NTH,586290,Water Level,586290.1.H,12211,1
TROUPS CK EAST BR AT PROSPECT HILL RB NARRE WARREN NTH,586290,Rainfall,586290.1.R,12211,2
TROUPS CK EAST BR AT PROSPECT HILL RB NARRE WARREN NTH,586290,Rainfall Increment,586290.1.R,12211,3
Trunkey (Old Post Office),63061,Battery,63061.1.B,1311,1
Trunkey (Old Post Office),63061,Rainfall,63061.1.R,1311,2
Trunkey (Old Post Office),63061,Rainfall Increment,63061.1.R,1311,3
TRUNO RD TM,535209,Rainfall,535209.0.R,10127,1
TRUNO RD TM,535209,Rainfall Increment,535209.0.R,10127,2
Tuckombil,558071,Battery,558071.1.B.7557,1489,1
Tuckombil,558071,Rainfall,558071.1.R.7556,1489,2
Tuckombil,558071,Rainfall Increment,558071.1.R.7556,1489,3
Tuckurimba (Baxters Lane),558076,Water Level,558076.1.H.7117,1492,1
Tuckurimba (Baxters Lane),558076,Battery,558076.1.B.7118,1492,2
Tuckurimba (Baxters Lane),558076,Rainfall,558076.1.R.7116,1492,3
Tuckurimba (Baxters Lane),558076,Rainfall Increment,558076.1.R.7116,1492,4
TUCOMBIL CANAL FLOOD GATE,558057,Water Level,558057.1.H,5589,1
TUCOMBIL HIGHWAY BRIDGE,558058,Water Level,558058.1.H,5591,1
TUGGERANONG CREEK (UPSTREAM OF SEWER),570779,Water Level,570779.1.H,5457,2
TUGGERANONG CREEK (UPSTREAM OF SEWER),570779,Rainfall Increment,570779.1.R,5457,3
TUGGERANONG CREEK WEIR,570771,Water Level - AHD,570771.1.H,5449,1
Tugun AL,540842,Rainfall,540842.0.R.2435,11499,1
Tugun AL,540842,Water Level,540842.0.H.2436,11499,2
Tugun AL,540842,Battery,540842.0.B.2437,11499,3
Tugun AL,540842,Rainfall Increment,540842.0.R.2435,11499,4
TULLAROOP CK @ CLUNES,588013,Rainfall,588013.2.R,9635,1
TULLAROOP CK @ CLUNES,588013,Water Level,588013.2.H,9635,2
TULLAROOP CK @ CLUNES,588013,Rainfall Increment,588013.2.R,9635,3
TULLAROOP CK. AT TULLAROOP RESERVOR H/G,588016,Water Level,588016.1.H,9639,1
TULLAROOP RESERVOIR DS,588012,Water Level,588012.1.H,9633,1
Tully AL,532057,Rainfall,532057.0.R.5202,2303,1
Tully AL,532057,Battery,532057.0.B.5203,2303,2
Tully AL,532057,Rainfall Increment,532057.0.R.5202,2303,3
Tully Gorge AL,531104,Water Level,531104.0.H.5237,2257,1
Tully Gorge AL,531104,Rainfall,531104.0.R.5236,2257,2
Tully Gorge AL,531104,Battery,531104.0.B.5238,2257,3
Tully Gorge AL,531104,Rainfall Increment,531104.0.R.5236,2257,4
TULLY GORGE TM,531085,Water Level,531085.0.H,6357,2
TULLY GORGE TM,531085,Rainfall Increment,531085.0.R,6357,3
Tully Transfer Station AL,532147,Rainfall,532147.0.R.5249,2345,1
Tully Transfer Station AL,532147,Battery,532147.0.B.5250,2345,2
Tully Transfer Station AL,532147,Rainfall Increment,532147.0.R.5249,2345,3
Tully Weir AL,531056,Rainfall,531056.0.R.5222,2243,1
Tully Weir AL,531056,Battery,531056.0.B.5223,2243,2
Tully Weir AL,531056,Rainfall Increment,531056.0.R.5222,2243,3
TUMBARUMBA (WONDALMA),72169,Rainfall Increment,72169.1.R,8433,2
TUMBARUMBA CK AT TUMBARUMBA NO 2,572019,Water Level,572019.1.H,8225,2
TUMBARUMBA CK AT TUMBARUMBA NO 2,572019,Rainfall Increment,572019.1.R,8225,3
TUMBI UMBI CREEK,561092,Water Level,561092.1.H,5793,1
TUMBINNA POOL,504036,Water Level,504036.1.H,10443,2
TUMBINNA POOL,504036,Rainfall Increment,504036.1.R,10443,3
Tumbulgum,558014,Water Level - AHD,558014.1.H.7171,1466,1
Tumbulgum,558014,Battery,558014.1.B.7156,1466,2
Tumbulgum,558014,Rainfall,558014.1.R.7172,1466,3
Tumbulgum,558014,Rainfall Increment,558014.1.R.7172,1466,4
TUMBULGUM (TWEED RIVER),558014,Water Level,558014.2.H,5547,1
TUMMAVILLE TM,41499,Water Level,41499.0.H,6137,1
TUMUT (TUMUT RIVER),572014,Water Level,572014.1.H,8221,1
TUNCESTER (LEYCESTER CREEK),58201,Water Level,58201.3.H,11261,1
Tuncester (Leycester Creek),58201,Battery,58201.1.B.7140,1194,1
Tuncester (Leycester Creek),58201,Rainfall,58201.1.R.7124,1194,2
Tuncester (Leycester Creek),58201,Water Level - AHD,58201.1.H.7123,1194,3
Tuncester (Leycester Creek),58201,Rainfall Increment,58201.1.R.7124,1194,5
Tuncurry,560053,Water Level,560053.1.H.7455,1601,1
Tuncurry,560053,Battery,560053.1.B.7456,1601,2
Tuncurry,560053,Rainfall,560053.1.R.7463,1601,3
Tuncurry,560053,Rainfall Increment,560053.1.R.7463,1601,4
Tuncurry (Point Road),560057,Water Level,560057.1.H.7488,1604,1
Tuncurry (Point Road),560057,Battery,560057.1.B.7489,1604,2
TUNCURRY (WALLAMBA RIVER),560053,Water Level,560053.2.H,5699,2
TUNCURRY (WALLAMBA RIVER),560053,Rainfall Increment,560053.2.R,5699,3
Tung Oil AL,32166,Water Level,32166.0.H.2568,2023,1
Tung Oil AL,32166,Rainfall,32166.0.R.2565,2023,2
Tung Oil AL,32166,Battery,32166.0.B.2564,2023,3
Tung Oil AL,32166,Rainfall Increment,32166.0.R.2565,2023,4
TUNG OIL TM,32152,Water Level,32152.0.H,6033,2
TUNG OIL TM,32152,Rainfall Increment,32152.0.R,6033,3
Turkey Mountain AL,542014,Rainfall,542014.0.R.4922,3346,1
Turkey Mountain AL,542014,Battery,542014.0.B.4923,3346,2
Turkey Mountain AL,542014,Rainfall Increment,542014.0.R.4922,3346,3
Turners Flat (Macleay River),559002,Water Level,559002.1.H.7331,1521,1
Turners Flat (Macleay River),559002,Battery,559002.1.B.7788,1521,2
Turners Flat (Macleay River),559002,Rainfall,559002.1.R.7332,1521,3
Turners Flat (Macleay River),559002,Rainfall Increment,559002.1.R.7332,1521,4
TURNERS FLAT (MACLEAY RIVER),559002,Water Level,559002.2.H,7873,2
TURNERS FLAT (MACLEAY RIVER),559002,Rainfall Increment,559002.2.R,7873,3
TUROSS R D/S WADBILLIGA JUNCTION,569026,Water Level,569026.1.H,8143,1
TUROSS VALE (TUROSS RIVER),569012,Water Level,569012.1.H,8123,1
TURRA (CUTTABURRA CHANNEL),548017,Water Level,548017.1.H,7525,1
TURRAWAN (WALLAH),554005,Water Level,554005.1.H,7673,1
Turretfield Dam,23141,Battery,23141.1.B.5414,1893,1
Turretfield Dam,23141,Water Level,23141.1.H.5418,1893,2
Tutye (Bunurouk),76006,Rainfall,76006.2.R,4829,1
Tutye (Bunurouk),76006,Battery,76006.2.B,4829,2
Tutye (Bunurouk),76006,Rainfall Increment,76006.2.R,4829,3
TWEED ENTRANCE SOUTH,558059,Water Level,558059.1.H,5593,1
Tweed Heads (Duranbah),558011,Battery,558011.1.B.7170,1464,1
Tweed Heads (Duranbah),558011,Rainfall,558011.1.R.7176,1464,2
Tweed Heads (Duranbah),558011,Rainfall Increment,558011.1.R.7176,1464,3
TWIN HILLS TM,536008,Water Level,536008.0.H,6689,2
TWIN HILLS TM,536008,Rainfall Increment,536008.0.R,6689,3
Tyalgum Bridge,558088,Water Level,558088.1.H.3468,1503,1
Tyalgum Bridge,558088,Battery,558088.1.B.3469,1503,2
Tyalgum Bridge,558088,Rainfall,558088.1.R.3467,1503,3
Tyalgum Bridge,558088,Rainfall Increment,558088.1.R.3467,1503,4
Tyalgum Creek,558129,Battery,558129.1.B.7164,11439,1
Tyalgum Creek,558129,Rainfall,558129.1.R.7167,11439,2
Tyalgum Creek,558129,Rainfall Increment,558129.1.R.7167,11439,3
TYNDALE (COLDSTREAM RIVER JUNCTION),558073,Water Level,558073.1.H,5607,1
TYRCONNEL TM,544035,Rainfall,544035.0.R,9171,1
TYRCONNEL TM,544035,Rainfall Increment,544035.0.R,9171,2
TYREEL D/S REGULATOR (GWYDIR RIVER),553028,Water Level,553028.1.H,7653,1
Tyungun AL,40376,Rainfall,40376.0.R.2281,2090,1
Tyungun AL,40376,Battery,40376.0.B.2282,2090,2
Tyungun AL,40376,Rainfall Increment,40376.0.R.2281,2090,3
U/S BLOCKBANK (MERRIMAJEEL CK ),549008,Water Level,549008.1.H,7535,1
U/S FOY BROOK (HUNTER RIVER),561051,Water Level,561051.1.H,7975,1
U/S GLENNIES CK (HUNTER RIVER),561052,Water Level,561052.1.H,7977,1
U/S Pejar Dam,570064,Battery,570064.1.B.3259,1837,1
U/S Pejar Dam,570064,Rainfall,570064.1.R.3258,1837,2
U/S Pejar Dam,570064,Rainfall Increment,570064.1.R.3258,1837,3
U/S SCAMANDER WATER (SCAMANDER RIVER),592006,Water Level,592006.1.H,8737,1
U/S SINGLETON (HUNTER RIVER),561054,Water Level,561054.1.H,7981,1
U/S VALLANCE (MERRIWA RIVER),561130,Water Level,561130.1.H,7993,1
U/S WEST CHANNEL (LIFFEY RIVER),591047,Water Level,591047.1.H,8705,2
U/S WEST CHANNEL (LIFFEY RIVER),591047,Rainfall Increment,591047.1.R,8705,3
U/S WILMORES LANE (BACK CREEK),591048,Water Level,591048.1.H,8707,1
U/S WYONG WEIR,561066,Water Level,561066.1.H,5743,1
Uabba Rd AL,544050,Rainfall,544050.0.R.4246,3383,1
Uabba Rd AL,544050,Battery,544050.0.B.4247,3383,2
Uabba Rd AL,544050,Rainfall Increment,544050.0.R.4246,3383,3
UGAR ISLAND TIDE TM,527022,Water Level,527022.0.H,5153,1
Uki (Tweed River),58167,Battery,58167.1.B.7162,1186,1
Uki (Tweed River),58167,Rainfall,58167.1.R.7161,1186,2
Uki (Tweed River),58167,Water Level,58167.1.H.7160,1186,3
Uki (Tweed River),58167,Water Level,58167.2.H,1186,4
Uki (Tweed River),58167,Rainfall Increment,58167.1.R.7161,1186,5
UKI (TWEED RIVER),58167,Water Level,58167.3.H,8359,1
UKOLAN (HALLS CREEK),555023,Water Level,555023.1.H,7737,1
Ulan Water,62036,Battery,62036.2.B.3745,1305,1
Ulan Water,62036,Rainfall,62036.2.R.3744,1305,2
Ulan Water,62036,Rainfall Increment,62036.2.R.3744,1305,3
Ularunda (Repeater) AL,544077,Rainfall,544077.0.R.1077,3408,1
Ularunda (Repeater) AL,544077,Battery,544077.0.B.1078,3408,2
Ularunda (Repeater) AL,544077,Rainfall Increment,544077.0.R.1077,3408,3
Ulladulla (ERTS),569024,Battery,569024.1.B.7065,1806,1
Ulladulla (ERTS),569024,Rainfall,569024.1.R.7058,1806,2
Ulladulla (ERTS),569024,Rainfall Increment,569024.1.R.7058,1806,3
ULLADULLA BOAT HARBOUR (TIDAL),569039,Water Level,569039.1.H,5965,1
ULLADULLA WWTP,569042,Rainfall,569042.1.R,10901,1
ULLADULLA WWTP,569042,Rainfall Increment,569042.1.R,10901,2
ULMARRA (CLARENCE RIVER),58188,Water Level,58188.1.H,5981,1
Underwood (Millers Rd) AL,540233,Rainfall,540233.0.R.6210,2818,1
Underwood (Millers Rd) AL,540233,Battery,540233.0.B.6211,2818,2
Underwood (Millers Rd) AL,540233,Rainfall Increment,540233.0.R.6210,2818,3
UNDULLAH RD TM,540538,Rainfall Increment,540538.0.R,6919,2
UNGARIE (HUMBUG CREEK),550007,Water Level,550007.1.H,11578,1
UP RIVER ROAD TM,533165,Rainfall Increment,533165.0.R,6565,2
Upper 17 Mile Creek,14965,Battery,14965.1.B.1146,297,1
Upper 17 Mile Creek,14965,Rainfall,14965.1.R.1145,297,2
Upper 17 Mile Creek,14965,Rainfall Increment,14965.1.R.1145,297,3
Upper Adelaide River,14055,Battery,14055.1.B,336,1
Upper Adelaide River,14055,Rainfall,14055.1.R,336,2
Upper Adelaide River,14055,Rainfall Increment,14055.1.R,336,3
UPPER ALLIGATOR CREEK TM,532140,Rainfall,532140.0.R,10035,1
UPPER ALLIGATOR CREEK TM,532140,Rainfall Increment,532140.0.R,10035,2
Upper Allyn Township,61290,Battery,61290.1.B,1269,1
Upper Allyn Township,61290,Rainfall,61290.1.R,1269,2
Upper Allyn Township,61290,Rainfall Increment,61290.1.R,1269,3
UPPER AMBY CK TM,543015,Rainfall,543015.0.R,9167,1
UPPER AMBY CK TM,543015,Water Level,543015.0.H,9167,2
UPPER AMBY CK TM,543015,Rainfall Increment,543015.0.R,9167,3
Upper Barrattas AL,533074,Rainfall,533074.0.R.6346,2379,1
Upper Barrattas AL,533074,Battery,533074.0.B.6347,2379,2
Upper Barrattas AL,533074,Rainfall Increment,533074.0.R.6346,2379,3
UPPER BEE CK TM,533122,Rainfall,533122.0.R,10059,1
UPPER BEE CK TM,533122,Water Level,533122.0.H,10059,2
UPPER BEE CK TM,533122,Rainfall Increment,533122.0.R,10059,3
Upper Bell Ck AL,539249,Rainfall,539249.0.R.946,2685,1
Upper Bell Ck AL,539249,Battery,539249.0.B.947,2685,2
Upper Bell Ck AL,539249,Rainfall Increment,539249.0.R.946,2685,3
Upper Bells Ck North AL,540780,Rainfall,540780.0.R.5455,3201,1
Upper Bells Ck North AL,540780,Battery,540780.0.B.5456,3201,2
Upper Bells Ck North AL,540780,Rainfall Increment,540780.0.R.5455,3201,3
Upper Bells Ck South AL,540783,Rainfall,540783.0.R.5460,3204,1
Upper Bells Ck South AL,540783,Battery,540783.0.B.5461,3204,2
Upper Bells Ck South AL,540783,Rainfall Increment,540783.0.R.5460,3204,3
UPPER BELYANDO TM,535102,Rainfall,535102.0.R,10111,1
UPPER BELYANDO TM,535102,Water Level,535102.0.H,10111,2
UPPER BELYANDO TM,535102,Rainfall Increment,535102.0.R,10111,3
Upper Black River AL,532045,Rainfall,532045.0.R.2716,2295,1
Upper Black River AL,532045,Battery,532045.0.B.2717,2295,2
Upper Black River AL,532045,Rainfall Increment,532045.0.R.2716,2295,3
Upper Blackfellow AL,540570,Rainfall,540570.0.R.4049,3063,1
Upper Blackfellow AL,540570,Battery,540570.0.B.4050,3063,2
Upper Blackfellow AL,540570,Rainfall Increment,540570.0.R.4049,3063,3
Upper Blessington,92109,Battery,92109.1.B,4281,1
Upper Blessington,92109,Rainfall,92109.1.R,4281,2
Upper Blessington,92109,Rainfall Increment,92109.1.R,4281,3
Upper Bluewater AL,532047,Rainfall,532047.0.R.2711,2297,1
Upper Bluewater AL,532047,Battery,532047.0.B.2712,2297,2
Upper Bluewater AL,532047,Rainfall Increment,532047.0.R.2711,2297,3
Upper Bogie AL,533078,Rainfall,533078.0.R.2979,2383,1
Upper Bogie AL,533078,Battery,533078.0.B.2980,2383,2
Upper Bogie AL,533078,Rainfall Increment,533078.0.R.2979,2383,3
Upper Bond Springs,515007,Battery,515007.1.B.4814,308,1
Upper Bond Springs,515007,Rainfall,515007.1.R.4812,308,2
Upper Bond Springs,515007,Rainfall Increment,515007.1.R.4812,308,3
Upper Bowman,60075,Battery,60075.2.B.3664,1232,1
Upper Bowman,60075,Rainfall,60075.2.R.3663,1232,2
Upper Bowman,60075,Rainfall Increment,60075.2.R.3663,1232,3
Upper Bracker Ck AL,541113,Rainfall,541113.0.R.4506,3279,1
Upper Bracker Ck AL,541113,Battery,541113.0.B.4507,3279,2
Upper Bracker Ck AL,541113,Rainfall Increment,541113.0.R.4506,3279,3
UPPER BROOKFIELD TM,40813,Water Level,40813.0.H,6095,1
UPPER BURNETT CK TM,540580,Rainfall Increment,540580.0.R,6949,2
Upper Burringbar Rd,558107,Battery,558107.1.B.3483,1517,1
Upper Burringbar Rd,558107,Rainfall,558107.1.R.3484,1517,2
Upper Burringbar Rd,558107,Rainfall Increment,558107.1.R.3484,1517,3
Upper Caboolture (McClure Rd) AL,540633,Rainfall,540633.0.R.5532,3088,1
Upper Caboolture (McClure Rd) AL,540633,Battery,540633.0.B.5533,3088,2
Upper Caboolture (McClure Rd) AL,540633,Rainfall Increment,540633.0.R.5532,3088,3
Upper Caboolture AL,540357,Water Level,540357.0.H.6295,2918,1
Upper Caboolture AL,540357,Rainfall,540357.0.R.6294,2918,2
Upper Caboolture AL,540357,Battery,540357.0.B.6296,2918,3
Upper Caboolture AL,540357,Rainfall Increment,540357.0.R.6294,2918,4
UPPER CABOOLTURE TM,540208,Water Level,540208.0.H,6845,2
UPPER CABOOLTURE TM,540208,Rainfall Increment,540208.0.R,6845,3
UPPER CALDERWOOD,568189,Rainfall Increment,568189.1.R,5939,2
Upper Castle AL,539168,Rainfall,539168.0.R.4479,2607,1
Upper Castle AL,539168,Battery,539168.0.B.4480,2607,2
Upper Castle AL,539168,Rainfall Increment,539168.0.R.4479,2607,3
Upper Cherwell AL,40905,Rainfall,40905.0.R.6076,2135,1
Upper Cherwell AL,40905,Battery,40905.0.B.6077,2135,2
Upper Cherwell AL,40905,Rainfall Increment,40905.0.R.6076,2135,3
Upper Chichester (Simmonds),61350,Battery,61350.3.B.3685,1276,1
Upper Chichester (Simmonds),61350,Rainfall,61350.3.R.3684,1276,2
Upper Chichester (Simmonds),61350,Rainfall Increment,61350.3.R.3684,1276,3
Upper Claude R AL,535086,Rainfall,535086.0.R.5894,2457,1
Upper Claude R AL,535086,Battery,535086.0.B.5895,2457,2
Upper Claude R AL,535086,Rainfall Increment,535086.0.R.5894,2457,3
Upper Clumber AL,540681,Rainfall,540681.0.R.6673,3132,1
Upper Clumber AL,540681,Rainfall Increment,540681.0.R.6673,3132,2
Upper Colo Swc (Colo River),563033,Water Level,563033.1.H.3071,1684,1
Upper Colo Swc (Colo River),563033,Battery,563033.1.B.3073,1684,2
UPPER COLO SWC (COLO RIVER),563033,Water Level,563033.2.H,5229,1
Upper Crabbes Creek (Crabbes Creek Rd),558094,Battery,558094.1.B.7574,1509,1
Upper Crabbes Creek (Crabbes Creek Rd),558094,Rainfall,558094.1.R.7577,1509,2
Upper Crabbes Creek (Crabbes Creek Rd),558094,Rainfall Increment,558094.1.R.7577,1509,3
Upper Cressbrook AL,540276,Water Level,540276.0.H.6786,2849,1
Upper Cressbrook AL,540276,Battery,540276.0.B.6787,2849,2
Upper Dalrymple Ck AL,541105,Rainfall,541105.0.R.5754,3271,1
Upper Dalrymple Ck AL,541105,Battery,541105.0.B.5755,3271,2
Upper Dalrymple Ck AL,541105,Rainfall Increment,541105.0.R.5754,3271,3
Upper Darkwood,59070,Battery,59070.1.B,1208,1
Upper Darkwood,59070,Rainfall,59070.1.R,1208,2
Upper Darkwood,59070,Rainfall Increment,59070.1.R,1208,3
UPPER DEE TM,539053,Rainfall Increment,539053.0.R,6727,2
Upper Dogwood Ck AL,542018,Rainfall,542018.0.R.6144,3350,1
Upper Dogwood Ck AL,542018,Battery,542018.0.B.6145,3350,2
Upper Dogwood Ck AL,542018,Rainfall Increment,542018.0.R.6144,3350,3
Upper Don AL,33270,Rainfall,33270.0.R.2605,2043,1
Upper Don AL,33270,Battery,33270.0.B.2606,2043,2
Upper Don AL,33270,Rainfall Increment,33270.0.R.2605,2043,3
Upper Doonan AL,540224,Rainfall,540224.0.R.6482,2816,1
Upper Doonan AL,540224,Battery,540224.0.B.6483,2816,2
Upper Doonan AL,540224,Rainfall Increment,540224.0.R.6482,2816,3
Upper Durah Creek AL,542011,Rainfall,542011.0.R.4904,3343,1
Upper Durah Creek AL,542011,Battery,542011.0.B.4905,3343,2
Upper Durah Creek AL,542011,Rainfall Increment,542011.0.R.4904,3343,3
Upper Emu Ck AL,541164,Rainfall,541164.0.R.5769,3323,1
Upper Emu Ck AL,541164,Battery,541164.0.B.5770,3323,2
Upper Emu Ck AL,541164,Rainfall Increment,541164.0.R.5769,3323,3
Upper Esk (South Esk River),92111,Rainfall,92111.1.R.631,4282,1
Upper Esk (South Esk River),92111,Battery,92111.1.B.632,4282,2
Upper Esk (South Esk River),92111,Rainfall Increment,92111.1.R.631,4282,3
UPPER ESK RD BRIDGE (SOUTH ESK RIVER),592019,Water Level,592019.1.H,8745,1
Upper Fergusson River,14947,Battery,14947.1.B,327,1
Upper Fergusson River,14947,Rainfall,14947.1.R,327,2
Upper Fergusson River,14947,Rainfall Increment,14947.1.R,327,3
Upper Finch Hatton AL,533181,Rainfall,533181.0.R.5050,2418,1
Upper Finch Hatton AL,533181,Battery,533181.0.B.5051,2418,2
Upper Finch Hatton AL,533181,Rainfall Increment,533181.0.R.5050,2418,3
UPPER FINCH HATTON TM,533151,Rainfall Increment,533151.0.R,6555,2
UPPER FISHER CK TM,532100,Rainfall Increment,532100.0.R,6437,2
Upper Freestone AL,541192,Rainfall,541192.0.R.5777,3336,1
Upper Freestone AL,541192,Battery,541192.0.B.5778,3336,2
Upper Freestone AL,541192,Rainfall Increment,541192.0.R.5777,3336,3
UPPER GOOBARRAGANDRA,572028,Rainfall Increment,572028.1.R,8235,2
Upper Goomburra AL,541193,Rainfall,541193.0.R.5775,3337,1
Upper Goomburra AL,541193,Battery,541193.0.B.5776,3337,2
Upper Goomburra AL,541193,Rainfall Increment,541193.0.R.5775,3337,3
Upper Horton (Dunbeacon),54138,Battery,54138.1.B,1126,1
Upper Horton (Dunbeacon),54138,Rainfall,54138.2.R,1126,2
Upper Horton (Dunbeacon),54138,Rainfall Increment,54138.2.R,1126,3
UPPER KATHERINE RIVER,514001,Rainfall Increment,514001.1.R,7285,2
Upper Kedron AL,540466,Rainfall,540466.0.R.1761,2985,1
Upper Kedron AL,540466,Battery,540466.0.B.1762,2985,2
Upper Kedron AL,540466,Rainfall Increment,540466.0.R.1761,2985,3
Upper Lamerough AL,540765,Rainfall,540765.0.R.5450,3188,1
Upper Lamerough AL,540765,Battery,540765.0.B.5451,3188,2
Upper Lamerough AL,540765,Rainfall Increment,540765.0.R.5450,3188,3
Upper Lockyer AL,540566,Water Level,540566.0.H.4031,3060,1
Upper Lockyer AL,540566,Rainfall,540566.0.R.4030,3060,2
Upper Lockyer AL,540566,Battery,540566.0.B.4032,3060,3
Upper Lockyer AL,540566,Rainfall Increment,540566.0.R.4030,3060,4
Upper Lonesome AL,539171,Rainfall,539171.0.R.4481,2610,1
Upper Lonesome AL,539171,Battery,539171.0.B.4482,2610,2
Upper Lonesome AL,539171,Rainfall Increment,539171.0.R.4481,2610,3
Upper Major Creek AL,533071,Rainfall,533071.0.R.6342,2376,1
Upper Major Creek AL,533071,Battery,533071.0.B.6343,2376,2
Upper Major Creek AL,533071,Rainfall Increment,533071.0.R.6342,2376,3
UPPER MANILLA (MANILLA RIVER),555020,Water Level,555020.1.H,7731,1
Upper Markwell,560056,Water Level,560056.1.H.7467,1603,1
Upper Markwell,560056,Battery,560056.1.B.7468,1603,2
Upper Missabotti (Missabotti Road),559076,Battery,559076.1.B.7530,1572,1
Upper Missabotti (Missabotti Road),559076,Rainfall,559076.1.R.7529,1572,2
Upper Missabotti (Missabotti Road),559076,Rainfall Increment,559076.1.R.7529,1572,3
Upper Monal AL,539202,Water Level,539202.0.H.703,2641,1
Upper Monal AL,539202,Rainfall,539202.0.R.702,2641,2
Upper Monal AL,539202,Battery,539202.0.B.704,2641,3
Upper Monal AL,539202,Rainfall Increment,539202.0.R.702,2641,4
UPPER MONAL TM,539044,Water Level,539044.0.H,6717,2
UPPER MONAL TM,539044,Rainfall Increment,539044.0.R,6717,3
Upper Murray AL,532061,Water Level,532061.0.H.5217,2307,1
Upper Murray AL,532061,Rainfall,532061.0.R.5216,2307,2
Upper Murray AL,532061,Battery,532061.0.B.5218,2307,3
Upper Murray AL,532061,Rainfall Increment,532061.0.R.5216,2307,4
UPPER MURRAY RD TM,532129,Rainfall Increment,532129.0.R,6447,2
UPPER MURRAY TM,32109,Water Level,32109.0.H,6029,2
UPPER MURRAY TM,32109,Rainfall Increment,32109.0.R,6029,3
Upper Myall Creek,61415,Battery,61415.1.B.3689,1293,1
Upper Myall Creek,61415,Rainfall,61415.1.R.3688,1293,2
Upper Myall Creek,61415,Rainfall Increment,61415.1.R.3688,1293,3
UPPER NORTH POLE,504009,Rainfall Increment,504009.1.R,10427,2
Upper Pappinbarra (Hillcrest),60067,Battery,60067.1.B,1230,1
Upper Pappinbarra (Hillcrest),60067,Rainfall,60067.1.R,1230,2
Upper Pappinbarra (Hillcrest),60067,Rainfall Increment,60067.1.R,1230,3
Upper Poison Ck AL,530036,Rainfall,530036.0.R.5809,2222,1
Upper Poison Ck AL,530036,Battery,530036.0.B.5810,2222,2
Upper Poison Ck AL,530036,Rainfall Increment,530036.0.R.5809,2222,3
UPPER PORTLAND,505009,Rainfall Increment,505009.1.R,10461,2
Upper Quart Pot Ck AL,541165,Rainfall,541165.0.R.5765,3324,1
Upper Quart Pot Ck AL,541165,Battery,541165.0.B.5766,3324,2
Upper Quart Pot Ck AL,541165,Rainfall Increment,541165.0.R.5765,3324,3
Upper Quilberry AL,544074,Rainfall,544074.0.R.1066,3405,1
Upper Quilberry AL,544074,Battery,544074.0.B.1067,3405,2
Upper Quilberry AL,544074,Rainfall Increment,544074.0.R.1066,3405,3
Upper Quinzeh AL,540726,Water Level,540726.0.H.4163,3172,1
Upper Quinzeh AL,540726,Rainfall,540726.0.R.4162,3172,2
Upper Quinzeh AL,540726,Battery,540726.0.B.4164,3172,3
Upper Quinzeh AL,540726,Rainfall Increment,540726.0.R.4162,3172,4
Upper Rainbow AL,539229,Rainfall,539229.0.R.944,2666,1
Upper Rainbow AL,539229,Battery,539229.0.B.945,2666,2
Upper Rainbow AL,539229,Rainfall Increment,539229.0.R.944,2666,3
Upper Reid AL,533053,Rainfall,533053.0.R.6310,2363,1
Upper Reid AL,533053,Battery,533053.0.B.6309,2363,2
Upper Reid AL,533053,Rainfall Increment,533053.0.R.6310,2363,3
Upper Retreat AL,535127,Rainfall,535127.0.R.5966,2492,1
Upper Retreat AL,535127,Battery,535127.0.B.5967,2492,2
Upper Retreat AL,535127,Rainfall Increment,535127.0.R.5966,2492,3
Upper Rollands Plains (Greenacres),60052,Battery,60052.1.B,1228,1
Upper Rollands Plains (Greenacres),60052,Rainfall,60052.1.R,1228,2
Upper Rollands Plains (Greenacres),60052,Rainfall Increment,60052.1.R,1228,3
Upper Rosenthal AL,541163,Rainfall,541163.0.R.5767,3322,1
Upper Rosenthal AL,541163,Battery,541163.0.B.5768,3322,2
Upper Rosenthal AL,541163,Rainfall Increment,541163.0.R.5767,3322,3
Upper Rosenthal AL,541163,Rainfall Increment (test),541163.0.R.5767,3322,4
Upper Rouchel (Mount View),61135,Battery,61135.2.B.3789,1261,1
Upper Rouchel (Mount View),61135,Rainfall,61135.2.R.3788,1261,2
Upper Rouchel (Mount View),61135,Rainfall Increment,61135.2.R.3788,1261,3
Upper Rudd Ck AL,31197,Rainfall,31197.0.R.6063,2012,1
Upper Rudd Ck AL,31197,Battery,31197.0.B.6064,2012,2
Upper Rudd Ck AL,31197,Rainfall Increment,31197.0.R.6063,2012,3
UPPER RUNNING CK TM,540579,Rainfall Increment,540579.0.R,6947,2
Upper Russell (Rep) AWS - 660m,597046,Rainfall,597046.1.R.552,4324,1
Upper Russell (Rep) AWS - 660m,597046,Battery,597046.1.B.553,4324,2
Upper Russell (Rep) AWS - 660m,597046,Rainfall Increment,597046.1.R.552,4324,3
Upper Sandy Creek AL,540385,Rainfall,540385.0.R.6588,2935,1
Upper Sandy Creek AL,540385,Battery,540385.0.B.6589,2935,2
Upper Sandy Creek AL,540385,Rainfall Increment,540385.0.R.6588,2935,3
Upper Sheep Station Creek AL,540711,Rainfall,540711.0.R.6530,3158,1
Upper Sheep Station Creek AL,540711,Rainfall Increment,540711.0.R.6530,3158,2
UPPER SPENCE CREEK TM,531160,Rainfall,531160.0.R,10023,1
UPPER SPENCE CREEK TM,531160,Rainfall Increment,531160.0.R,10023,2
Upper Springbrook AL,540400,Rainfall,540400.0.R.2389,2939,1
Upper Springbrook AL,540400,Battery,540400.0.B.2390,2939,2
Upper Springbrook AL,540400,Rainfall Increment,540400.0.R.2389,2939,3
Upper Stockyard Creek AL,542013,Rainfall,542013.0.R.4906,3345,1
Upper Stockyard Creek AL,542013,Battery,542013.0.B.4907,3345,2
Upper Stockyard Creek AL,542013,Rainfall Increment,542013.0.R.4906,3345,3
Upper Stuart Ck AL,532101,Water Level,532101.0.H.2839,2330,1
Upper Stuart Ck AL,532101,Rainfall,532101.0.R.2838,2330,2
Upper Stuart Ck AL,532101,Battery,532101.0.B.2840,2330,3
Upper Stuart Ck AL,532101,Rainfall Increment,532101.0.R.2838,2330,4
Upper Tallebudgera AL,540497,Rainfall,540497.0.R.2403,3015,1
Upper Tallebudgera AL,540497,Battery,540497.0.B.2404,3015,2
Upper Tallebudgera AL,540497,Rainfall Increment,540497.0.R.2403,3015,3
UPPER TAYLORS ARM (TAYLORS ARM),559073,Water Level,559073.1.H,7889,1
Upper Tenthill AL,540519,Rainfall,540519.0.R.4024,3030,1
Upper Tenthill AL,540519,Battery,540519.0.B.4025,3030,2
Upper Tenthill AL,540519,Rainfall Increment,540519.0.R.4024,3030,3
Upper Townsend Creek,514801,Battery,514801.1.B,330,1
Upper Townsend Creek,514801,Rainfall,514801.1.R,330,2
Upper Townsend Creek,514801,Rainfall Increment,514801.1.R,330,3
Upper Van Dyke AL,535087,Rainfall,535087.0.R.5892,2458,1
Upper Van Dyke AL,535087,Battery,535087.0.B.5893,2458,2
Upper Van Dyke AL,535087,Rainfall Increment,535087.0.R.5892,2458,3
Upper Victoria River,14866,Battery,14866.1.B,324,1
Upper Victoria River,14866,Rainfall,14866.1.R,324,2
Upper Victoria River,14866,Rainfall Increment,14866.1.R,324,3
UPPER WALKER CREEK TM,529050,Rainfall,529050.0.R,9125,1
UPPER WALKER CREEK TM,529050,Water Level,529050.0.H,9125,2
UPPER WALKER CREEK TM,529050,Rainfall Increment,529050.0.R,9125,3
Upper Warrego AL,535169,Rainfall,535169.0.R.1013,2527,1
Upper Warrego AL,535169,Battery,535169.0.B.1014,2527,2
Upper Warrego AL,535169,Rainfall Increment,535169.0.R.1013,2527,3
Upper Waterhouse River,14730,Battery,14730.1.B,294,1
Upper Waterhouse River,14730,Rainfall,14730.1.R,294,3
Upper Waterhouse River,14730,Rainfall Increment,14730.1.R,294,5
Upper Western Ck AL,540667,Rainfall,540667.0.R.4816,3119,1
Upper Western Ck AL,540667,Battery,540667.0.B.4817,3119,2
Upper Western Ck AL,540667,Rainfall Increment,540667.0.R.4816,3119,3
Upper Wickham River,14867,Battery,14867.1.B,325,1
Upper Wickham River,14867,Rainfall,14867.1.R,325,2
Upper Wickham River,14867,Rainfall Increment,14867.1.R,325,3
UPSALLS CREEK BRIDGE (UPSALLS CREEK),560010,Water Level,560010.1.H,5371,1
UPSTREAM LAKE RIVER (MACQUARIE RIVER),591056,Water Level,591056.1.H,8715,1
Uralla (Dumaresq St),56034,Battery,56034.1.B,1152,1
Uralla (Dumaresq St),56034,Rainfall,56034.1.R,1152,2
Uralla (Dumaresq St),56034,Rainfall Increment,56034.1.R,1152,3
Uralla Blue Nobby,57091,Battery,57091.1.B.7305,1169,1
Uralla Blue Nobby,57091,Rainfall,57091.1.R.7304,1169,2
Uralla Blue Nobby,57091,Rainfall Increment,57091.1.R.7304,1169,3
URANDANGI TM,537043,Water Level,537043.0.H,10193,1
URANDANGIE (URANDANGIE CK),556033,Water Level,556033.1.H,7805,1
URANGAN TIDE TM,540036,Water Level,540036.0.H,5211,1
URANNAH TM,533094,Water Level,533094.0.H,6493,2
URANNAH TM,533094,Rainfall Increment,533094.0.R,6493,3
Urbenville,57020,Battery,57020.1.B,1166,1
Urbenville,57020,Rainfall,57020.1.R,1166,2
Urbenville,57020,Rainfall Increment,57020.1.R,1166,3
Urunga,559011,Water Level - AHD,559011.2.H.7596,1528,1
Urunga,559011,Battery,559011.1.B.7597,1528,2
URUNGA (KALANG RIVER),559011,Water Level,559011.1.H,5627,1
UTAKARRA,508026,Water Level,508026.1.H,10521,1
UTOPIA DOWNS TM,535032,Water Level,535032.0.H,6629,2
UTOPIA DOWNS TM,535032,Rainfall Increment,535032.0.R,6629,3
Utungun (Taylors Arm),559005,Water Level,559005.1.H.7519,1524,1
Utungun (Taylors Arm),559005,Battery,559005.1.B.7520,1524,2
Utungun (Taylors Arm),559005,Rainfall,559005.1.R.7518,1524,3
Utungun (Taylors Arm),559005,Rainfall Increment,559005.1.R.7518,1524,4
UTUNGUN (TAYLORS ARM),559005,Water Level,559005.2.H,5621,2
UTUNGUN (TAYLORS ARM),559005,Rainfall Increment,559005.2.R,5621,3
VACY (PATERSON RIVER),561020,Water Level,561020.1.H,7945,1
VAL BIRD WEIR TM,533160,Water Level,533160.0.H,7161,1
VALENCIA CREEK @ SMYTHS RD,585074,Water Level,585074.1.H,8807,1
VALENCIA CREEK @ SMYTHS RD,585074,Flow Rate,585074.1.ML/D,8807,2
Valeria AL,35187,Water Level,35187.0.H.5955,2069,1
Valeria AL,35187,Rainfall,35187.0.R.5954,2069,2
Valeria AL,35187,Battery,35187.0.B.5956,2069,3
Valeria AL,35187,Rainfall Increment,35187.0.R.5954,2069,4
VALERIA TM,535018,Water Level,535018.0.H,6615,2
VALERIA TM,535018,Rainfall Increment,535018.0.R,6615,3
VALLEY OF LAGOONS TM,532103,Rainfall Increment,532103.0.R,6439,1
VALLEY OF LAGOONS TM,532103,Water Level,532103.0.H,6439,3
Vasse Diversion Drain,509521,Water Level,509521.2.H.5957,4456,1
Vasse Diversion Drain,509521,Battery,509521.1.B.5956,4456,2
Vasse Hwy CB3,9984,Water Level,9984.1.H.6036,4411,1
Vasse Hwy CB3,9984,Rainfall,9984.1.R.6035,4411,2
Vasse Hwy CB3,9984,Battery,9984.1.B.6034,4411,3
Vasse Hwy CB3,9984,Rainfall Increment,9984.1.R.6035,4411,4
Vennor Drive AL,540845,Battery,540845.0.B.2446,11505,1
Verdun,23866,Rainfall,23866.1.R.5680,1927,1
Verdun,23866,Battery,23866.1.B.5679,1927,2
Verdun,23866,Rainfall Increment,23866.1.R.5680,1927,3
VERDUN (SAW),523730,Water Level,523730.1.H,5517,1
VERGEMONT CREEK AT WESTERTON TONKORO RD,537008,Rainfall,537008.0.R,10153,1
VERGEMONT CREEK AT WESTERTON TONKORO RD,537008,Water Level,537008.0.H,10153,2
VERGEMONT CREEK AT WESTERTON TONKORO RD,537008,Rainfall Increment,537008.0.R,10153,3
Verwood (Isis River),96038,Rainfall,96038.1.R.607,4306,1
Verwood (Isis River),96038,Battery,96038.1.B.608,4306,2
Verwood (Isis River),96038,Rainfall Increment,96038.1.R.607,4306,3
VIC SIVYER BRIDGE TM,532144,Water Level,532144.0.H,10037,1
Victoria Hill AL,541048,Water Level,541048.0.H.5741,3247,1
Victoria Hill AL,541048,Rainfall,541048.0.R.5740,3247,2
Victoria Hill AL,541048,Battery,541048.0.B.5742,3247,3
Victoria Hill AL,541048,Rainfall Increment,541048.0.R.5740,3247,4
Victoria Park,523010,Water Level,523010.1.H.5227,1973,1
Victoria Park,523010,Battery,523010.1.B.5226,1973,2
VICTORIA RIVER @ VICTORIA FALLS,583016,Rainfall,583016.1.R,9435,1
VICTORIA RIVER @ VICTORIA FALLS,583016,Water Level,583016.1.H,9435,2
VICTORIA RIVER @ VICTORIA FALLS,583016,Rainfall Increment,583016.1.R,9435,3
VICTORIA RIVER CROSSING,514826,Water Level,514826.1.H,7343,2
VICTORIA RIVER CROSSING,514826,Rainfall Increment,514826.1.R,7343,3
VILLA DALE TM,530062,Rainfall,530062.0.R,9987,1
VILLA DALE TM,530062,Water Level,530062.0.H,9987,2
VILLA DALE TM,530062,Rainfall Increment,530062.0.R,9987,3
Vincent AL,532102,Rainfall,532102.0.R.2836,2331,1
Vincent AL,532102,Battery,532102.0.B.2837,2331,2
Vincent AL,532102,Rainfall Increment,532102.0.R.2836,2331,3
Vincentia,568170,Battery,568170.1.B.7055,1784,1
Vincentia,568170,Rainfall,568170.1.R.7056,1784,2
Vincentia,568170,Rainfall Increment,568170.1.R.7056,1784,3
VINCENTIA WWTP,568239,Rainfall,568239.1.R,10895,1
VINCENTIA WWTP,568239,Rainfall Increment,568239.1.R,10895,2
VIOLET GROVE TM,535053,Water Level,535053.0.H,6641,2
VIOLET GROVE TM,535053,Rainfall Increment,535053.0.R,6641,3
VOHLAND RD TM,531092,Rainfall Increment,531092.0.R,6369,2
Wacol AL,540098,Rainfall,540098.0.R.1518,2724,1
Wacol AL,540098,Battery,540098.0.B.1584,2724,2
Wacol AL,540098,Rainfall Increment,540098.0.R.1518,2724,3
WADBILLIGA (WADBILLIGA RIVER),569011,Water Level,569011.1.H,8121,1
Waddy Brae TM,35068,Rainfall,35068.0.R,2065,1
Waddy Brae TM,35068,Battery,35068.0.B,2065,2
Waddy Brae TM,35068,Rainfall Increment,35068.0.R,2065,3
Waeel,10230,Rainfall,10230.1.R.6101,4427,1
Waeel,10230,Battery,10230.1.B.6100,4427,2
Waeel,10230,Rainfall Increment,10230.1.R.6101,4427,3
WAGGA WAGGA (MURRUMBIDGEE RIVER),573000,Water Level,573000.1.H,8251,1
WAGGARANDALL WEIR,581034,Water Level,581034.1.H,9363,1
Wagon Flat,77011,Rainfall,77011.2.R,4819,1
Wagon Flat,77011,Battery,77011.2.B,4819,2
Wagon Flat,77011,Rainfall Increment,77011.2.R,4819,3
WAGOO RD TM,543019,Rainfall Increment,543019.0.R,7083,2
Wahroonga (Ada Avenue),66211,Battery,66211.1.B.7649,1360,1
Wahroonga (Ada Avenue),66211,Rainfall,66211.1.R.7648,1360,2
Wahroonga (Ada Avenue),66211,Rainfall Increment,66211.1.R.7648,1360,3
Waikola AL,535130,Rainfall,535130.0.R.4400,2495,1
Waikola AL,535130,Battery,535130.0.B.4401,2495,2
Waikola AL,535130,Rainfall Increment,535130.0.R.4400,2495,3
WAIRUNA RD TM,532156,Rainfall,532156.0.R,10055,1
WAIRUNA RD TM,532156,Rainfall Increment,532156.0.R,10055,2
WAKEFIELD RIVER AT PORT WAKEFIELD ROAD (DEW),521018,Water Level,521018.1.H,8905,1
WAKEFIELD RIVER UPSTREAM OF BALAKLAVA (DEW),521017,Water Level,521017.1.H,8903,1
Wakerley AL,540477,Water Level,540477.0.H.1760,2996,1
Wakerley AL,540477,Rainfall,540477.0.R.1759,2996,2
Wakerley AL,540477,Rainfall Increment,540477.0.R.1759,2996,3
WAKOOL R AT OFFTAKE REGULATOR,574027,Water Level,574027.1.H,8313,1
WALBUNDRIE (BILLABONG CREEK),574015,Water Level,574015.1.H,8293,1
Walcha (Thee ST),56234,Battery,56234.1.B.7307,1158,1
Walcha (Thee ST),56234,Rainfall,56234.1.R.7306,1158,2
Walcha (Thee ST),56234,Rainfall Increment,56234.1.R.7306,1158,3
Walebing,8151,Rainfall,8151.2.R.6407,4367,1
Walebing,8151,Battery,8151.1.B.6406,4367,2
Walebing,8151,Rainfall Increment,8151.2.R.6407,4367,3
WALGETT (BARWON RIVER),552014,Water Level,552014.1.H,7595,1
WALGETT U/S (NAMOI R),552022,Water Level,552022.1.H,7601,1
WALKER CREEK (WINTON ROAD) TM,530044,Rainfall,530044.0.R,9957,1
WALKER CREEK (WINTON ROAD) TM,530044,Water Level,530044.0.H,9957,2
WALKER CREEK (WINTON ROAD) TM,530044,Rainfall Increment,530044.0.R,9957,3
WALKER RD TM,540541,Rainfall Increment,540541.0.R,6925,2
WALKERS BEND TM,529007,Water Level,529007.0.H,6221,2
WALKERS BEND TM,529007,Rainfall Increment,529007.0.R,6221,3
WALKERS CROSSING,517017,Water Level - AHD,517017.1.H,10905,1
Walkerston AL,533142,Water Level,533142.0.H.5029,2398,1
Walkerston AL,533142,Rainfall,533142.0.R.5028,2398,2
Walkerston AL,533142,Battery,533142.0.B.5030,2398,3
Walkerston AL,533142,Rainfall Increment,533142.0.R.5028,2398,4
Walla AL-B,39258,Water Level,39258.0.H.4766,2078,1
Walla AL-B,39258,Water Level,39258.1.H.4889,2078,2
Walla AL-B,39258,Rainfall,39258.0.R.4765,2078,3
Walla AL-B,39258,Battery,39258.0.B.4767,2078,4
Walla AL-B,39258,Battery,39258.1.B.4890,2078,5
Walla AL-B,39258,Rainfall Increment,39258.0.R.4765,2078,6
WALLA TM,39313,Water Level,39313.0.H,6061,2
WALLA TM,39313,Rainfall Increment,39313.0.R,6061,3
Wallaby Creek,588026,Rainfall,588026.1.R.1370,4566,1
Wallaby Creek,588026,Battery,588026.1.B.1368,4566,2
Wallaby Creek,588026,Rainfall Increment,588026.1.R.1370,4566,3
WALLABY CREEK RAIN GAUGE AT STUD FARM,588026,Rainfall,588026.2.R,12276,1
WALLABY CREEK RAIN GAUGE AT STUD FARM,588026,Rainfall Increment,588026.2.R,12276,2
Wallacia Weir (Nepean River),67093,Water Level,67093.1.H.3271,1369,1
Wallacia Weir (Nepean River),67093,Battery,67093.1.B.3273,1369,2
WALLACIA WEIR (NEPEAN RIVER),67093,Water Level,67093.2.H,5351,1
Wallal AL,544072,Water Level,544072.0.H.1096,3404,1
Wallal AL,544072,Rainfall,544072.0.R.1095,3404,2
Wallal AL,544072,Battery,544072.0.B.1097,3404,3
Wallal AL,544072,Rainfall Increment,544072.0.R.1095,3404,4
Wallaman AL,32172,Rainfall,32172.0.R.6000,2027,1
Wallaman AL,32172,Battery,32172.1.B.6002,2027,2
Wallaman AL,32172,Battery,32172.2.B.6003,2027,3
Wallaman AL,32172,Repeater,32172.0.RP.6001,2027,4
Wallaman AL,32172,Rainfall Increment,32172.0.R.6000,2027,5
WALLAMAN ESCARPMENT TM,532145,Rainfall,532145.0.R,10039,1
WALLAMAN ESCARPMENT TM,532145,Rainfall Increment,532145.0.R,10039,2
WALLAN RAIN GAUGE,586146,Rainfall,586146.1.R,12096,1
WALLAN RAIN GAUGE,586146,Rainfall Increment,586146.1.R,12096,2
Wallangarra TM,41547,Rainfall,41547.0.R,2193,1
Wallangarra TM,41547,Battery,41547.0.B,2193,2
Wallangarra TM,41547,Rainfall Increment,41547.0.R,2193,3
WALLANGRA (MACINTYRE RIVER),54147,Water Level,54147.1.H,7477,1
WALLARAH CREEK BRIDGE,561091,Water Level,561091.1.H,5791,1
WALLEN TM,544024,Water Level,544024.0.H,7109,1
Waller Rd AL,540692,Water Level,540692.0.H.4160,3143,1
Waller Rd AL,540692,Rainfall,540692.0.R.4159,3143,2
Waller Rd AL,540692,Battery,540692.0.B.4161,3143,3
Waller Rd AL,540692,Rainfall Increment,540692.0.R.4159,3143,4
Walli (Kentucky),63234,Battery,63234.1.B,1315,1
Walli (Kentucky),63234,Rainfall,63234.1.R,1315,2
Walli (Kentucky),63234,Rainfall Increment,63234.1.R,1315,3
WALLIS CREEK AT LOUTH PARK,561094,Water Level,561094.1.H,5797,1
WALLIS CREEK D/S (HUNTER RIVER),561095,Water Level,561095.1.H,5799,1
WALLIS CREEK U/S (HUNTER RIVER),561093,Water Level,561093.1.H,5795,1
Wallis Lake at Pacific Palms Wharf,560066,Water Level,560066.1.H.3690,1612,1
Wallis Lake at Pacific Palms Wharf,560066,Battery,560066.1.B.3692,1612,3
Wallis Lake at Pacific Palms Wharf,560066,Rainfall,560066.1.R.3691,1612,5
Wallis Lake at Pacific Palms Wharf,560066,Rainfall Increment,560066.1.R.3691,1612,7
WALLIS LAKES AT PACIFIC PALMS WHARF,560066,Water Level,560066.2.H,5705,2
WALLIS LAKES AT PACIFIC PALMS WHARF,560066,Rainfall Increment,560066.2.R,5705,3
Walloon AL,540504,Water Level,540504.0.H.6743,3021,1
WALLOON TM,540081,Water Level,540081.0.H,6841,1
Walls Camp AL (Pacific Haven),540792,Water Level,540792.0.H.6097,3213,1
Walls Camp AL (Pacific Haven),540792,Rainfall,540792.0.R.6096,3213,2
Walls Camp AL (Pacific Haven),540792,Battery,540792.0.B.6098,3213,3
Walls Camp AL (Pacific Haven),540792,Rainfall Increment,540792.0.R.6096,3213,4
Wallsend Bowling Club,561112,Battery,561112.1.B.3575,1631,1
Wallsend Bowling Club,561112,Rainfall,561112.1.R.3574,1631,2
Wallsend Bowling Club,561112,Rainfall Increment,561112.1.R.3574,1631,3
WALLUMBILLA TM,543018,Rainfall Increment,543018.0.R,11321,1
WALSHES CREEK UPSTREAM ROAD 1,586329,Water Level,586329.1.H,12164,1
WALYUNGA,509438,Water Level,509438.1.H,10659,1
Walyunga,509438,Water Level,509438.2.H.6109,4454,1
Walyunga,509438,Battery,509438.1.B.6108,4454,2
Wamberal Reservoir,561147,Battery,561147.2.B.3766,1651,1
Wamberal Reservoir,561147,Rainfall,561147.2.R.3765,1651,2
Wamberal Reservoir,561147,Rainfall Increment,561147.2.R.3765,1651,3
WAMBERAL RESERVOIR,561147,Rainfall Increment,561147.1.R,5831,2
WAMINDA (PIAN CREEK),552005,Water Level,552005.1.H,7581,1
Wamuran (Eureka Ct) TM,540793,Water Level,540793.0.H,3214,1
Wamuran (Eureka Ct) TM,540793,Rainfall,540793.0.R.5547,3214,2
Wamuran (Eureka Ct) TM,540793,Battery,540793.0.B.5548,3214,3
Wamuran (Eureka Ct) TM,540793,Rainfall Increment,540793.0.R.5547,3214,4
Wamuran (McClintock Rd) AL,540652,Rainfall,540652.0.R.5547,3104,1
Wamuran (McClintock Rd) AL,540652,Battery,540652.0.B.5548,3104,2
Wamuran (McClintock Rd) AL,540652,Rainfall Increment,540652.0.R.5547,3104,3
Wamuran AL,540244,Water Level,540244.0.H.6278,2829,1
Wamuran AL,540244,Rainfall,540244.0.R.6275,2829,2
Wamuran AL,540244,Battery,540244.0.B.6276,2829,3
Wamuran AL,540244,Rainfall Increment,540244.0.R.6275,2829,4
Wandie Creek,14224,Battery,14224.1.B,315,1
Wandie Creek,14224,Rainfall,14224.1.R,315,2
Wandie Creek,14224,Rainfall Increment,14224.1.R,315,3
WANDIN YALLOCK CREEK AT SEVILLE EAST,586334,Water Level,586334.1.H,12169,1
WANDO RIVER AT WANDO VALE,590013,Water Level,590013.1.H,9723,1
WANGARATTA NORTH,582019,Water Level,582019.1.H,9405,1
Wangi Bowling Club,561156,Battery,561156.1.B.7893,1655,1
Wangi Bowling Club,561156,Rainfall,561156.1.R.7892,1655,2
Wangi Bowling Club,561156,Rainfall Increment,561156.1.R.7892,1655,3
Wappa Dam AL,540462,Water Level,540462.0.H.5587,2982,1
Wappa Dam AL,540462,Rainfall,540462.0.R.5586,2982,2
Wappa Dam AL,540462,Battery,540462.0.B.5588,2982,3
Wappa Dam AL,540462,Rainfall Increment,540462.0.R.5586,2982,4
WAPPA DAM HW TM,540616,Water Level,540616.0.H,10311,2
WAPPA DAM HW TM,540616,Rainfall Increment,540616.0.R,10311,3
Warahgai AL,541080,Rainfall,541080.0.R.5704,3255,1
Warahgai AL,541080,Battery,541080.0.B.5705,3255,2
Warahgai AL,541080,Rainfall Increment,541080.0.R.5704,3255,3
Warahgai TM,41415,Rainfall,41415.0.R,2175,1
Warahgai TM,41415,Battery,41415.0.B,2175,2
Warahgai TM,41415,Rainfall Increment,41415.0.R,2175,3
Warana Br AL,540088,Water Level,540088.0.H.6460,2716,1
Warana Br AL,540088,Battery,540088.0.B.6462,2716,2
WARATAH METEOROLOGICAL,597061,Rainfall Increment,597061.1.R,8621,2
Waratah Reservoir,561113,Battery,561113.1.B.3577,1632,1
Waratah Reservoir,561113,Rainfall,561113.1.R.3576,1632,2
Waratah Reservoir,561113,Rainfall Increment,561113.1.R.3576,1632,3
WARBURTON FOUR MILE CREEK RESERVOIR RAIN GAUGE,586302,Rainfall,586302.1.R,12076,1
WARBURTON FOUR MILE CREEK RESERVOIR RAIN GAUGE,586302,Rainfall Increment,586302.1.R,12076,2
WARBURTON R POOTHAPOOTA WH (DEW),517013,Water Level,517013.1.H,8883,1
Ward River Xing AL,544049,Water Level,544049.0.H.4242,3382,1
Ward River Xing AL,544049,Rainfall,544049.0.R.4241,3382,2
Ward River Xing AL,544049,Battery,544049.0.B.4243,3382,3
Ward River Xing AL,544049,Rainfall Increment,544049.0.R.4241,3382,4
WARD ROAD TM,540436,Water Level,540436.0.H,6895,2
WARD ROAD TM,540436,Rainfall Increment,540436.0.R,6895,3
WARDELL (RICHMOND RIVER),558113,Water Level,558113.1.H,11305,1
Warialda Post Office,54029,Battery,54029.1.B,1120,1
Warialda Post Office,54029,Rainfall,54029.2.R,1120,2
Warialda Post Office,54029,Rainfall Increment,54029.1.R,1120,3
Warilda AL,544058,Water Level,544058.0.H.1061,3391,1
Warilda AL,544058,Rainfall,544058.0.R.1060,3391,2
Warilda AL,544058,Battery,544058.0.B.1062,3391,3
Warilda AL,544058,Rainfall Increment,544058.0.R.1060,3391,4
WARILLA ( LITTLE LAKE ENTRANCE),568190,Water Level,568190.1.H,5941,2
WARILLA ( LITTLE LAKE ENTRANCE),568190,Rainfall Increment,568190.1.R,5941,3
Warkon,43052,Battery,43052.0.B,11363,1
Warkon,43052,Rainfall,43052.0.R,11363,2
Warkon,43052,Water Level,43052.0.H,11363,3
Warkon,43052,Rainfall Increment,43052.0.R,11363,4
WARKTON (BELAR CREEK),564001,Water Level,564001.1.H,8055,2
WARKTON (BELAR CREEK),564001,Rainfall Increment,564001.1.R,8055,3
WARKWORTH (WOLLOMBI BROOK),561006,Water Level,561006.1.H,7919,1
WARLOCK PONDS,514606,Water Level,514606.1.H,7317,2
WARLOCK PONDS,514606,Rainfall Increment,514606.1.R,7317,3
Warner AL,540651,Rainfall,540651.0.R.4115,3103,1
Warner AL,540651,Battery,540651.0.B.4116,3103,2
Warner AL,540651,Rainfall Increment,540651.0.R.4115,3103,3
WARRA,97024,Rainfall Increment,97024.0.R,11477,1
Warra AL,541154,Water Level,541154.0.H.6107,3317,1
Warra AL,541154,Rainfall,541154.0.R.6106,3317,2
Warra AL,541154,Battery,541154.0.B.6108,3317,3
Warra AL,541154,Rainfall Increment,541154.0.R.6106,3317,4
WARRA CONTROL WEIR,597050,Water Level,597050.1.H,8601,1
Warragamba,67027,Rainfall,67027.2.R.3284,1364,1
Warragamba,67027,Battery,67027.2.B.3285,1364,2
Warragamba,67027,Rainfall Increment,67027.2.R.3284,1364,3
WARRAGAMBA DAM,567099,Water Level,567099.2.H,5263,1
Warragamba Dam (Warragamba River),567099,Rainfall,567099.2.R.3275,1745,1
Warragamba Dam (Warragamba River),567099,Rainfall Increment,567099.2.R.3275,1745,2
WARRAGAMBA DAM U/S (HIDEAWAY BAY),568213,Water Level,568213.2.H,5301,1
WARRAGAMBA WEIR (WARRAGAMBA RIVER),568231,Water Level,568231.1.H,5313,1
WARRAKER TM,532104,Water Level,532104.0.H,6441,2
WARRAKER TM,532104,Rainfall Increment,532104.0.R,6441,3
WARRAMBINE CK AT WARRAMBINE,89084,Rainfall,89084.1.R,9857,1
WARRAMBINE CK AT WARRAMBINE,89084,Water Level,89084.1.H,9857,2
WARRAMBINE CK AT WARRAMBINE,89084,Rainfall Increment,89084.1.R,9857,3
Warranooke,79102,Rainfall,79102.2.R,4817,1
Warranooke,79102,Battery,79102.2.B,4817,2
Warranooke,79102,Rainfall Increment,79102.2.R,4817,3
WARRAWEENA (DARLING RIVER),548013,Water Level,548013.1.H,7519,1
Warrego Highway AL,540529,Water Level,540529.0.H.4013,3040,1
Warrego Highway AL,540529,Rainfall,540529.0.R.4012,3040,2
Warrego Highway AL,540529,Battery,540529.0.B.4014,3040,3
Warrego Highway AL,540529,Rainfall Increment,540529.0.R.4012,3040,4
WARREGO HIGHWAY TM,540050,Water Level,540050.0.H,6817,1
WARRELL CREEK,559087,Water Level,559087.1.H,5669,1
Warren Reservoir ,523702,Battery,523702.1.B.5066,1986,1
Warren Reservoir ,523702,Rainfall,523702.1.R.5067,1986,2
Warren Reservoir ,523702,Rainfall Increment,523702.1.R.5067,1986,3
WARREN RESV (SAW),523737,Rainfall,523737.1.R,5523,1
WARREN RESV (SAW),523737,Water Level,523737.1.H,5523,2
WARREN RESV (SAW),523737,Rainfall Increment,523737.1.R,5523,3
WARREN ROAD,509637,Water Level,509637.1.H,10841,1
WARREN TOWN (MACQUARIE RIVER),51145,Water Level,51145.1.H,7449,1
WARREN WEIR (MACQUARIE RIVER),551009,Water Level,551009.1.H,7563,1
Warrenbayne,82134,Rainfall,82134.2.R.442,4503,1
Warrenbayne,82134,Battery,82134.1.B.443,4503,2
Warrenbayne,82134,Rainfall Increment,82134.2.R.442,4503,3
WARRILL CREEK BORE TM,540724,Rainfall Increment,540724.0.R,6983,2
Warrock,90200,Battery,90200.1.B,11589,1
Warrock,90200,Rainfall,90200.1.R,11589,2
Warrock,90200,Rainfall Increment,90200.1.R,11589,3
WARROO TM,543016,Water Level,543016.0.H,7281,2
WARROO TM,543016,Rainfall Increment,543016.0.R,7281,3
WARWICK (SCOTS COLLEGE) TM,41503,Water Level,41503.0.H,6141,2
WARWICK (SCOTS COLLEGE) TM,41503,Rainfall Increment,41503.0.R,6141,3
Warwick AL,41534,Water Level,41534.0.H.6853,2187,1
Warwick AL,41534,Rainfall,41534.0.R.6852,2187,2
Warwick AL,41534,Battery,41534.0.B.6854,2187,3
Warwick AL,41534,Rainfall Increment,41534.0.R.6852,2187,4
Washpool AL,540195,Rainfall,540195.0.R.6739,2800,1
Washpool AL,540195,Rainfall Increment,540195.0.R.6739,2800,2
Watagan Central,61201,Battery,61201.1.B,1265,1
Watagan Central,61201,Rainfall,61201.1.R,1265,2
Watagan Central,61201,Rainfall Increment,61201.1.R,1265,3
Waterfall Gully Road,523746,Water Level,523746.1.H.5810,1997,1
Waterfall Gully Road,523746,Battery,523746.1.B.5809,1997,2
Waterford AL,40878,Water Level,40878.0.H.6233,2124,1
Waterford AL,40878,Rainfall,40878.0.R.6230,2124,2
Waterford AL,40878,Battery,40878.0.B.6231,2124,3
Waterford AL,40878,Rainfall Increment,40878.0.R.6230,2124,4
WATERHATCH BRIDGE,510508,Water Level,510508.1.H,10879,2
WATERHATCH BRIDGE,510508,Rainfall Increment,510508.1.R,10879,3
Waterhouse Reservoir,82144,Rainfall,82144.1.R.494,4516,1
Waterhouse Reservoir,82144,Battery,82144.1.B.495,4516,2
Waterhouse Reservoir,82144,Rainfall Increment,82144.1.R.494,4516,3
WATERLOO BORE,505041,Water Level,505041.1.H,10473,2
WATERLOO BORE,505041,Rainfall Increment,505041.1.R,10473,3
Waterloo East (Schutz Road),21140,Battery,21140.1.B.5323,1868,1
Waterloo East (Schutz Road),21140,Rainfall,21140.1.R.5324,1868,2
Waterloo East (Schutz Road),21140,Rainfall Increment,21140.1.R.5324,1868,3
WATERVALE (DEW),521014,Rainfall Increment,521014.1.R,8897,2
WATERVILLE RD,509421,Water Level,509421.1.H,10653,1
WATSON (RACECOURSE),570981,Rainfall Increment,570981.1.R,5491,2
WATSON RIVER TM,527010,Water Level,527010.0.H,6189,2
WATSON RIVER TM,527010,Rainfall Increment,527010.0.R,6189,3
WATSONS CREEK AT KANGAROO GROUND,586062,Water Level,586062.1.H,12124,1
WATSONS CREEK AT KANGAROO GROUND,586062,Rainfall,586062.1.R,12124,2
WATSONS CREEK AT KANGAROO GROUND,586062,Rainfall Increment,586062.1.R,12124,3
Wattamolla (Griffiths),68218,Battery,68218.1.B.7068,1390,1
Wattamolla (Griffiths),68218,Rainfall,68218.1.R.7040,1390,2
Wattamolla (Griffiths),68218,Rainfall Increment,68218.1.R.7040,1390,3
WATTLE BLOCK,509412,Water Level,509412.1.H,10645,2
WATTLE BLOCK,509412,Rainfall Increment,509412.1.R,10645,3
WATTLE CK @ NAVARRE,579010,Rainfall,579010.2.R,9255,1
WATTLE CK @ NAVARRE,579010,Water Level,579010.2.H,9255,2
WATTLE CK @ NAVARRE,579010,Rainfall Increment,579010.2.R,9255,3
Wattle Creek at Navarre,579010,Rainfall,579010.1.R.5906,4703,1
Wattle Creek at Navarre,579010,Water Level,579010.1.H.5907,4703,2
Wattle Creek at Navarre,579010,Battery,579010.1.B.5908,4703,3
Wattle Creek at Navarre,579010,Rainfall Increment,579010.1.R.5906,4703,4
WATTLEBANK TM,533029,Water Level,533029.0.H,7147,1
WATTS RIVER AT HEALESVILLE RACECOURSE,586064,Water Level,586064.1.H,12004,1
WATTS RIVER AT MAROONDAH RESERVOIR HEAD GAUGE,586024,Water Level,586024.1.H,12118,1
WATTS RIVER AT MAROONDAH RESERVOIR HEAD GAUGE,586024,Rainfall,586024.1.R,12118,2
WATTS RIVER AT MAROONDAH RESERVOIR HEAD GAUGE,586024,Rainfall Increment,586024.1.R,12118,3
WATTS RIVER UPSTREAM MAROONDAH RESERVOIR,586317,Water Level,586317.1.H,12157,1
WAUCHOPE (BAIN ST),560009,Rainfall,560009.1.R,5369,1
WAUCHOPE (BAIN ST),560009,Rainfall Increment,560009.1.R,5369,2
WAUCHOPE RWY BR (HASTINGS RIVER),60124,Water Level,60124.1.H,5995,1
Waukivory,60155,Battery,60155.1.B.3658,1246,1
Waukivory,60155,Rainfall,60155.1.R.3657,1246,2
Waukivory,60155,Rainfall Increment,60155.1.R.3657,1246,3
WAVERLY CREEK TM,537044,Rainfall,537044.0.R,10195,1
WAVERLY CREEK TM,537044,Rainfall Increment,537044.0.R,10195,2
WAYATINAH LAGOON AT INTAKE,595031,Water Level - AHD,595031.1.H,8517,1
Weabonga (Stoneleigh),55164,Battery,55164.2.B.3612,1132,1
Weabonga (Stoneleigh),55164,Rainfall,55164.3.R.3613,1132,2
Weabonga (Stoneleigh),55164,Rainfall Increment,55164.3.R.3613,1132,3
WEATHER STATION AT SOUTH EAST REGIONAL OFFICE CARRUM,586291,Water Level,586291.1.H,12212,1
WEATHER STATION AT SOUTH EAST REGIONAL OFFICE CARRUM,586291,Rainfall,586291.1.R,12212,2
WEATHER STATION AT SOUTH EAST REGIONAL OFFICE CARRUM,586291,Rainfall Increment,586291.1.R,12212,3
WEATHER STATION AT WESTERN TREATMENT PLANT COCOROC,587098,Rainfall,587098.1.R,12054,1
WEATHER STATION AT WESTERN TREATMENT PLANT COCOROC,587098,Rainfall Increment,587098.1.R,12054,2
Webbs Ck-Wisemans Ferry (Hawkesbury River),561004,Water Level,561004.1.H.3062,1614,1
Webbs Ck-Wisemans Ferry (Hawkesbury River),561004,Battery,561004.1.B.3064,1614,2
Webbs Ck-Wisemans Ferry (Hawkesbury River),561004,Rainfall,561004.1.R.3063,1614,3
Webbs Ck-Wisemans Ferry (Hawkesbury River),561004,Rainfall Increment,561004.1.R.3063,1614,4
WEBBS CK-WISEMANS FERRY (HAWKESBURY RIVER),561004,Water Level,561004.3.H,5715,2
WEBBS CK-WISEMANS FERRY (HAWKESBURY RIVER),561004,Rainfall Increment,561004.2.R,5715,3
Wedderburn (Booalbyn),68159,Battery,68159.1.B.7204,1382,1
Wedderburn (Booalbyn),68159,Rainfall,68159.1.R.7205,1382,2
Wedderburn (Booalbyn),68159,Rainfall Increment,68159.1.R.7205,1382,3
WEE JASPER (GOODRADIGBEE RIVER),573006,Water Level,573006.1.H,8263,1
WEE WAA (GLENCOE) (NAMOI RIVER),53105,Water Level,53105.1.H,7463,1
WEEMELAH (GIL GIL CREEK),552010,Water Level,552010.1.H,7587,1
WEENS BRIDGE TM,540231,Water Level,540231.0.H,6855,1
WEETA WEIR D/S (NAMOI RIVER),553012,Water Level,553012.1.H,7637,1
Weetalaba AL,533081,Rainfall,533081.0.R.2975,2386,1
Weetalaba AL,533081,Battery,533081.0.B.2976,2386,2
Weetalaba AL,533081,Rainfall Increment,533081.0.R.2975,2386,3
Weilmoringle (Caringle) Comparison ,48256,Battery,48256.1.B,1106,1
Weilmoringle (Caringle) Comparison ,48256,Rainfall,48256.1.R,1106,2
Weilmoringle (Caringle) Comparison ,48256,Rainfall Increment,48256.1.R,1106,3
WEILMORINGLE (CULGOA RIVER),48230,Water Level,48230.1.H,7443,1
WEIPA TIDE TM,527004,Water Level,527004.0.H,5139,1
WELLESLEY-ROWES (LITTLE PLAIN CREEK),570018,Water Level,570018.1.H,8155,2
WELLESLEY-ROWES (LITTLE PLAIN CREEK),570018,Rainfall Increment,570018.1.R,8155,3
WELLINGTON (BELL RIVER),562006,Water Level,562006.1.H,8019,1
WELLINGTON BRIDGE (MACQUARIE RIVER),565002,Water Level,565002.1.H,8069,1
Wellington Pump,523009,Rainfall,523009.1.R.5889,1972,1
Wellington Pump,523009,Battery,523009.1.B.5888,1972,2
Wellington Pump,523009,Rainfall Increment,523009.1.R.5889,1972,3
Wellwater Rd AL,544055,Water Level,544055.0.H.1048,3388,1
Wellwater Rd AL,544055,Rainfall,544055.0.R.1047,3388,2
Wellwater Rd AL,544055,Battery,544055.0.B.1049,3388,3
Wellwater Rd AL,544055,Rainfall Increment,544055.0.R.1047,3388,4
WELSHPOOL DEPOT,509359,Rainfall Increment,509359.1.R,10621,2
WENLOCK RIVER TM,527026,Rainfall,527026.0.R,9879,1
WENLOCK RIVER TM,527026,Water Level,527026.0.H,9879,2
WENLOCK RIVER TM,527026,Rainfall Increment,527026.0.R,9879,3
WENTWORTH FALLS (BODINGTON),563079,Rainfall Increment,563079.1.R,5241,2
WENTWORTH LOCK 10 (MURRAY RIVER),47100,Water Level,47100.1.H,7423,1
WERIBONE TM,43101,Water Level,43101.0.H,6169,2
WERIBONE TM,43101,Rainfall Increment,43101.0.R,6169,3
Weringa Ck AL,535134,Rainfall,535134.0.R.4406,2499,1
Weringa Ck AL,535134,Battery,535134.0.B.4407,2499,2
Weringa Ck AL,535134,Rainfall Increment,535134.0.R.4406,2499,3
WEROMBI (WERRIBERRI CREEK),568214,Water Level,568214.1.H,5303,1
Werribee,10310,Rainfall,10310.1.R.6099,4431,1
Werribee,10310,Battery,10310.1.B.6098,4431,2
Werribee,10310,Rainfall Increment,10310.1.R.6099,4431,3
WERRIBEE RIVER @ BALLAN,587017,Water Level,587017.2.H,9577,1
WERRIBEE RIVER @ MELTON RESERVOIR HG,587526,Water Level,587526.1.H,9607,1
WERRIBEE RIVER AT BACCHUS MARSH,587023,Water Level,587023.2.H,9581,1
WERRIBEE RIVER AT BACCHUS MARSH,587023,Water Level,587023.1.H,12011,1
WERRIBEE RIVER AT BALLAN UPSTREAM OLD WESTERN HIGHWAY,587017,Water Level,587017.1.H,12050,1
WERRIBEE RIVER AT COBBLEDICKS FORD ROAD,587092,Water Level,587092.1.H,12045,1
WERRIBEE RIVER AT COTTRELL STREET FORD WERRIBEE,587070,Water Level,587070.1.H,12051,1
WERRIBEE RIVER AT DROOMERS,587025,Rainfall,587025.1.R,9585,1
WERRIBEE RIVER AT DROOMERS,587025,Rainfall Increment,587025.1.R,9585,2
WERRIBEE RIVER AT MELTON RESERVOIR HEAD GAUGE,587526,Water Level,587526.2.H,12053,1
WERRIBEE RIVER AT MELTON RESERVOIR TAIL GAUGE,87040,Water Level,87040.2.H,12049,1
WERRIBEE RIVER AT SPENCER RD BALLAN,587097,Water Level,587097.1.H,12048,1
WERRIBEE RIVER AT WYNDHAM VALE,587091,Water Level,587091.1.H,12035,1
WERRIBEE RIVER D/S MTP,587531,Water Level,587531.1.H,12238,1
WERRIBEE RIVER D/S TOOLERN CREEK MOUNT COTTRELL,587095,Water Level,587095.1.H,12047,1
WEST BAINES RIVER,514832,Rainfall Increment,514832.1.R,7355,2
WEST BARAMBAH TM,540025,Water Level,540025.0.H,6801,2
WEST BARAMBAH TM,540025,Rainfall Increment,540025.0.R,6801,3
West Bellthorpe AL,540191,Rainfall,540191.0.R.6716,2796,1
West Bellthorpe AL,540191,Rainfall Increment,540191.0.R.6716,2796,2
West Ck (Alderley St) TM,541129,Water Level,541129.0.H,3295,1
West Ck (Herries St) TM,541128,Water Level,541128.0.H,3294,1
West Ck (Margaret St) TM,541133,Water Level,541133.0.H,3299,1
West Gosford,561127,Water Level,561127.1.H.3757,1646,1
West Gosford,561127,Battery,561127.1.B.3758,1646,2
West Haldon AL,541106,Rainfall,541106.0.R.4041,3272,1
West Haldon AL,541106,Battery,541106.0.B.4042,3272,2
West Haldon AL,541106,Rainfall Increment,541106.0.R.4041,3272,3
WEST HAVEN (STINGRAY CREEK),560047,Water Level,560047.1.H,5691,1
WEST NORMANBY TM,531119,Water Level,531119.0.H,6389,2
WEST NORMANBY TM,531119,Rainfall Increment,531119.0.R,6389,3
West of England Fire tower,579045,Battery,579045.1.B.5991,11950,1
West Plane (Creek Rd) AL,533212,Water Level,533212.0.H.6187,2434,1
West Plane (Creek Rd) AL,533212,Rainfall,533212.0.R.6181,2434,2
West Plane (Creek Rd) AL,533212,Battery,533212.0.B.6190,2434,3
West Plane (Creek Rd) AL,533212,Rainfall Increment,533212.0.R.6181,2434,4
West Waterhouse,14648,Battery,14648.1.B,291,1
West Waterhouse,14648,Rainfall,14648.1.R,291,2
West Waterhouse,14648,Rainfall Increment,14648.1.R,291,3
West Woodbine AL,540166,Rainfall,540166.0.R.6606,2779,1
West Woodbine AL,540166,Rainfall Increment,540166.0.R.6606,2779,2
West Woombye AL,540419,Water Level,540419.0.H.5551,2951,1
West Woombye AL,540419,Rainfall,540419.0.R.5550,2951,2
West Woombye AL,540419,Battery,540419.0.B.5552,2951,3
West Woombye AL,540419,Rainfall Increment,540419.0.R.5550,2951,4
WESTAWAYS CREEK TM,540587,Rainfall Increment,540587.0.R,6963,2
WESTBROOK (TARCUTTA CREEK),572033,Water Level,572033.1.H,8241,1
Westcourt (Repeater) AL,544071,Rainfall,544071.0.R.1075,3403,1
Westcourt (Repeater) AL,544071,Battery,544071.0.B.1076,3403,2
Westcourt (Repeater) AL,544071,Rainfall Increment,544071.0.R.1075,3403,3
Western Branch ,523716,Water Level,523716.1.H.5610,1991,1
Western Branch ,523716,Battery,523716.1.B.5609,1991,2
WESTERN CREEK AT BANKTON ROAD BRIDGE,591067,Rainfall Increment,591067.1.R,8729,2
WESTERN FLAT CK AT MT BARKER (DEW),523779,Water Level,523779.1.H,9003,1
WESTERN PORT TIDE GAUGE AT EVANS INLET TOORADIN,586281,Water Level,586281.1.H,12249,1
Westgrove TM,35040,Rainfall,35040.0.R,2064,1
Westgrove TM,35040,Battery,35040.0.B,2064,2
Westgrove TM,35040,Rainfall Increment,35040.0.R,2064,3
WESTHOLME (FRASERS CREEK),556010,Water Level,556010.1.H,7769,2
WESTHOLME (FRASERS CREEK),556010,Rainfall Increment,556010.1.R,7769,3
Westvale AL,540486,Rainfall,540486.0.R.6614,3004,1
Westvale AL,540486,Rainfall Increment,540486.0.R.6614,3004,2
Westwood Bridge (Meander River),91303,Rainfall,91303.1.R.642,4273,1
Westwood Bridge (Meander River),91303,Water Level,91303.1.H.643,4273,2
Westwood Bridge (Meander River),91303,Battery,91303.1.B.644,4273,3
Westwood Bridge (Meander River),91303,Rainfall Increment,91303.1.R.642,4273,4
Westwood Bridge (Meander River),91303,Battery,91303.1.B.944,4273,5
Westwood Bridge (Meander River),91303,Rainfall,91303.1.R.942,4273,6
Westwood Bridge (Meander River),91303,Water Level,91303.1.H.943,4273,7
Westwood Range AL,539137,Rainfall,539137.0.R.4350,2579,1
Westwood Range AL,539137,Battery,539137.0.B.4351,2579,2
Westwood Range AL,539137,Rainfall Increment,539137.0.R.4350,2579,3
Westwood TM,39349,Rainfall,39349.0.R,2084,1
Westwood TM,39349,Battery,39349.0.B,2084,2
Westwood TM,39349,Rainfall Increment,39349.0.R,2084,3
Wetlands,44199,Battery,44199.0.B,11961,1
Wetlands,44199,Water Level,44199.0.H,11961,2
Wetlands,44199,Rainfall,44199.0.R,11961,3
Wetlands,44199,Rainfall Increment,44199.0.R,11961,4
Wharton Ck AL,535038,Rainfall,535038.0.R.5888,2446,1
Wharton Ck AL,535038,Battery,535038.0.B.5889,2446,2
Wharton Ck AL,535038,Rainfall Increment,535038.0.R.5888,2446,3
WHARTON WEIR TM,539049,Water Level,539049.0.H,7191,1
WHEALBAH (LACHLAN RIVER),575005,Water Level,575005.1.H,8341,1
WHEATLEY FARM,509465,Water Level,509465.1.H,10689,1
WHETSTONE WEIR TM,541094,Water Level,541094.0.H,7273,1
WHICHER RANGE,509355,Water Level,509355.1.H,10619,2
WHICHER RANGE,509355,Rainfall Increment,509355.1.R,10619,3
WHIPORIE (MYALL CREEK),558124,Water Level,558124.1.H,11463,1
Whiporie Post Office,58099,Battery,58099.1.B,1179,1
Whiporie Post Office,58099,Rainfall,58099.1.R,1179,2
Whiporie Post Office,58099,Rainfall Increment,58099.1.R,1179,3
WHITE CRYSTAL TM,32142,Rainfall Increment,32142.0.R,6031,2
White Rock (Macquarie River),563080,Water Level,563080.1.H.7369,1694,1
White Rock (Macquarie River),563080,Battery,563080.1.B.7370,1694,2
White Swamp AL,540707,Rainfall,540707.0.R.6675,3155,1
White Swamp AL,540707,Battery,540707.0.B.6534,3155,2
White Swamp AL,540707,Rainfall Increment,540707.0.R.6675,3155,3
WHITEFORD&#039;S TM,533026,Water Level,533026.0.H,6469,2
WHITEFORD&#039;S TM,533026,Rainfall Increment,533026.0.R,6469,3
Whitefords AL,33301,Water Level,33301.0.H.6175,2053,1
Whitefords AL,33301,Rainfall,33301.0.R.6174,2053,2
Whitefords AL,33301,Battery,33301.0.B.6176,2053,3
Whitefords AL,33301,Rainfall Increment,33301.0.R.6174,2053,4
WHITEHEADS CREEK @ WHITEHEADS CREEK,588021,Rainfall,588021.2.R,9645,1
WHITEHEADS CREEK @ WHITEHEADS CREEK,588021,Water Level,588021.2.H,9645,2
WHITEHEADS CREEK @ WHITEHEADS CREEK,588021,Rainfall Increment,588021.2.R,9645,3
Whiteheads Creek at Whiteheads Creek,588021,Rainfall,588021.1.R.401,4670,1
Whiteheads Creek at Whiteheads Creek,588021,Water Level,588021.1.H.402,4670,2
Whiteheads Creek at Whiteheads Creek,588021,Battery,588021.1.B.403,4670,3
Whiteheads Creek at Whiteheads Creek,588021,Rainfall Increment,588021.1.R.401,4670,4
Whiteman Park,9263,Rainfall,9263.2.R.6139,4392,1
Whiteman Park,9263,Battery,9263.1.B.6138,4392,2
Whiteman Park,9263,Rainfall Increment,9263.2.R.6139,4392,3
Whites Ck AL,532090,Water Level,532090.0.H.2793,2328,1
Whites Ck AL,532090,Rainfall,532090.0.R.2792,2328,2
Whites Ck AL,532090,Battery,532090.0.B.2794,2328,3
Whites Ck AL,532090,Rainfall Increment,532090.0.R.2792,2328,4
WHITES MOUNTAIN TM,530031,Rainfall,530031.0.R,9131,1
WHITES MOUNTAIN TM,530031,Water Level,530031.0.H,9131,2
WHITES MOUNTAIN TM,530031,Rainfall Increment,530031.0.R,9131,3
Whiteway Rd AL,540720,Water Level,540720.0.H.4055,3167,1
Whiteway Rd AL,540720,Rainfall,540720.0.R.4054,3167,2
Whiteway Rd AL,540720,Battery,540720.0.B.4056,3167,3
Whiteway Rd AL,540720,Rainfall Increment,540720.0.R.4054,3167,4
Whiteway Rd Overflow AL,540719,Water Level,540719.0.H.4057,3166,1
Whiteway Rd Overflow AL,540719,Battery,540719.0.B.4058,3166,2
WHITING&#039;S CROSSING TM,532151,Rainfall,532151.0.R,10045,1
WHITING&#039;S CROSSING TM,532151,Water Level,532151.0.H,10045,2
WHITING&#039;S CROSSING TM,532151,Rainfall Increment,532151.0.R,10045,3
WHYANBEEL CK TM,531067,Water Level,531067.0.H,6337,2
WHYANBEEL CK TM,531067,Rainfall Increment,531067.0.R,6337,3
WHYENBAH TM,544018,Water Level,544018.0.H,7099,1
Whyte Island AL,540495,Water Level,540495.0.H.6747,3013,1
WIANGAREE BRIDGE (RICHMOND RIVER),558001,Water Level,558001.1.H,7847,2
WIANGAREE BRIDGE (RICHMOND RIVER),558001,Rainfall Increment,558001.1.R,7847,3
WICKA,508011,Rainfall Increment,508011.1.R,10513,2
Wickepin South,10511,Rainfall,10511.1.R,4433,1
Wickepin South,10511,Battery,10511.1.B,4433,2
Wickepin South,10511,Rainfall Increment,10511.1.R,4433,3
Wickerslack (Queanbeyan River),570983,Water Level,570983.2.H.3337,1858,1
Wickerslack (Queanbeyan River),570983,Battery,570983.1.B.3401,1858,2
Wickerslack (Queanbeyan River),570983,Rainfall,570983.2.R.3336,1858,3
Wickerslack (Queanbeyan River),570983,Rainfall Increment,570983.2.R.3336,1858,4
WICKERSLACK (QUEANBEYAN RIVER),570983,Water Level,570983.1.H,5493,2
WICKERSLACK (QUEANBEYAN RIVER),570983,Rainfall Increment,570983.1.R,5493,3
Wicks Estate ,23920,Battery,23920.1.B.5701,1948,1
Wicks Estate ,23920,Rainfall,23920.1.R.5702,1948,2
Wicks Estate ,23920,Rainfall Increment,23920.1.R.5702,1948,3
Widgee Ck (Pahlow Rd Bridge) TM,140029,Battery,140029.0.B,11955,1
Widgee Ck (Pahlow Rd Bridge) TM,140029,Rainfall,140029.0.R,11955,2
Widgee Ck (Pahlow Rd Bridge) TM,140029,Water Level,140029.0.H,11955,3
Widgee Ck (Wide Bay HWY) Alert,140028,Battery,140028.1.B.5637,11960,1
Widgee Ck (Wide Bay HWY) Alert,140028,Rainfall,140028.1.R.5635,11960,2
Widgee Ck (Wide Bay HWY) Alert,140028,Water Level,140028.1.H.5636,11960,3
WIGHTS CATCH,509220,Rainfall Increment,509220.1.R,10593,2
WIGLEY GORGE,515004,Water Level,515004.2.H,7405,1
Wigley Gorge,515004,Battery,515004.1.B.4816,305,1
Wigley Gorge,515004,Rainfall,515004.1.R.4815,305,2
Wigley Gorge,515004,Water Level,515004.1.H.4817,305,3
Wigley Gorge,515004,Rainfall Increment,515004.1.R.4815,305,4
WILBERTREE ROAD (CUDGEGONG RIVER),562003,Water Level,562003.1.H,8013,1
WILCANNIA (DARLING RIVER),546010,Water Level,546010.1.H,7487,1
WILD DUCK CREEK UPSTREAM OF LAKE EPPALOCK,588029,Rainfall,588029.1.R,9655,1
WILD DUCK CREEK UPSTREAM OF LAKE EPPALOCK,588029,Water Level,588029.1.H,9655,2
WILD DUCK CREEK UPSTREAM OF LAKE EPPALOCK,588029,Rainfall Increment,588029.1.R,9655,3
WILD RIVER TM,531120,Rainfall,531120.0.R,9143,1
WILD RIVER TM,531120,Water Level,531120.0.H,9143,2
WILD RIVER TM,531120,Rainfall Increment,531120.0.R,9143,3
WILDEN STATION,514928,Rainfall Increment,514928.1.R,7401,2
Wilgarra,10919,Rainfall,10919.1.R.6313,4442,1
Wilgarra,10919,Battery,10919.1.B.6312,4442,2
Wilgarra,10919,Rainfall Increment,10919.1.R.6313,4442,3
WILLANDRA WEIR (LACHLAN RIVER),549003,Water Level,549003.1.H,7531,1
Willara AL,544040,Rainfall,544040.0.R.1035,3373,1
Willara AL,544040,Battery,544040.0.B.1036,3373,2
Willara AL,544040,Rainfall Increment,544040.0.R.1035,3373,3
WILLARA CROSSING (PAROO RIVER),548008,Water Level,548008.1.H,7509,1
WILLARE,503013,Water Level,503013.1.H,10417,1
WILLIAMS CROSSING,514823,Water Level,514823.1.H,7339,2
WILLIAMS CROSSING,514823,Rainfall Increment,514823.1.R,7339,3
Williams North,10923,Rainfall,10923.1.R.6309,4444,1
Williams North,10923,Battery,10923.1.B.6308,4444,2
Williams North,10923,Rainfall Increment,10923.1.R.6309,4444,3
Willina,60148,Battery,60148.1.B.7466,1242,1
Willina,60148,Rainfall,60148.1.R.7452,1242,2
Willina,60148,Rainfall Increment,60148.1.R.7452,1242,3
Willina (Wang Wauk River),560049,Water Level,560049.1.H.7453,1600,1
Willina (Wang Wauk River),560049,Battery,560049.1.B.7454,1600,2
Willinga Lake (Bawley Point),569045,Water Level,569045.1.H.3320,1812,1
Willinga Lake (Bawley Point),569045,Battery,569045.1.B.3318,1812,2
Willinga Lake (Bawley Point),569045,Rainfall,569045.1.R.3319,1812,3
Willinga Lake (Bawley Point),569045,Rainfall Increment,569045.1.R.3319,1812,4
WILLMOTS FARM,509065,Water Level,509065.1.H,10563,2
WILLMOTS FARM,509065,Rainfall Increment,509065.1.R,10563,3
WILLOW GLEN (GARA RIVER),556031,Water Level,556031.1.H,7801,2
WILLOW GLEN (GARA RIVER),556031,Rainfall Increment,556031.1.R,7801,3
Willow Vale AL,540843,Rainfall,540843.0.R.2444,11501,1
Willow Vale AL,540843,Battery,540843.0.B.2445,11501,2
Willow Vale AL,540843,Rainfall Increment,540843.0.R.2444,11501,3
WILLOWBANK (TARLO RIVER),570073,Water Level,570073.1.H,8183,1
Willowbank Alert,140024,Battery,140024.0.B.4848,11594,1
Willowbank Alert,140024,Rainfall,140024.0.R.4846,11594,2
Willowbank Alert,140024,Rainfall Increment,140024.0.R.4846,11594,3
Willowbank Alert,140024,Water Level,140024.0.H.4847,11594,4
WILLS CREEK (SELWYN ROAD) TM,537039,Water Level,537039.0.H,10185,1
WILLS CREEK CDR TM,537045,Rainfall,537045.0.R,10197,1
WILLS CREEK CDR TM,537045,Rainfall Increment,537045.0.R,10197,2
WILMOT RV (ABV FORTH RV),591042,Water Level,591042.1.H,8467,1
WILMOT RV (ABV FORTH RV),591042,Flow Rate,591042.1.ML/D,8467,2
WILSONS LANE TM,540626,Rainfall Increment,540626.0.R,6971,2
Wilsons Peak AL,40876,Rainfall,40876.0.R.2194,2123,1
Wilsons Peak AL,40876,Battery,40876.0.B.2197,2123,2
Wilsons Peak AL,40876,Rainfall Increment,40876.0.R.2194,2123,3
Wilsons Peak AL-P,540207,Rainfall,540207.0.R.6774,2808,1
Wilsons Peak AL-P,540207,Rainfall Increment,540207.0.R.6774,2808,2
WILSONS RESERVOIR,87067,Rainfall,87067.1.R,9837,1
WILSONS RESERVOIR,87067,Water Level,87067.1.H,9837,2
WILSONS RESERVOIR,87067,Rainfall Increment,87067.1.R,9837,3
WILTON RIVER ROPER HIGHWAY,514609,Water Level,514609.1.H,7321,2
WILTON RIVER ROPER HIGHWAY,514609,Rainfall Increment,514609.1.R,7321,3
WILYDOWNS,509602,Rainfall Increment,509602.1.R,10821,2
WIMMERA RIVER @ EVERSLEY,579005,Rainfall,579005.2.R,9245,1
WIMMERA RIVER @ EVERSLEY,579005,Water Level,579005.2.H,9245,2
WIMMERA RIVER @ EVERSLEY,579005,Rainfall Increment,579005.2.R,9245,3
WIMMERA RIVER @ GLENORCHY,579001,Water Level,579001.2.H,9241,1
WIMMERA RIVER @ GLYNWYLLN,579009,Water Level,579009.2.H,9253,1
Wimmera River at Drung Drung,579014,Battery,579014.1.B.5948,4723,1
Wimmera River at Drung Drung,579014,Water Level,579014.1.H.5945,4723,2
Wimmera River at Eversley,579005,Rainfall,579005.1.R.5903,4699,1
Wimmera River at Eversley,579005,Battery,579005.1.B.5905,4699,2
Wimmera River at Eversley,579005,Water Level,579005.1.H.5904,4699,3
Wimmera River at Eversley,579005,Rainfall Increment,579005.1.R.5903,4699,4
Wimmera River at Glenorchy,579001,Water Level,579001.1.H.5929,4709,1
Wimmera River at Glenorchy,579001,Battery,579001.1.B.5930,4709,2
Wimmera River at Glenorchy,579001,Conductivity,579001.1.C.5931,4709,3
Wimmera River at Glenorchy,579001,Water Temperature,579001.1.WT.5932,4709,4
Wimmera River at Glynwylln,579009,Water Level,579009.1.H.5916,4706,1
Wimmera River at Glynwylln,579009,Battery,579009.1.B.5917,4706,2
Wimmera River at Glynwylln,579009,Conductivity,579009.1.C.5918,4706,3
Wimmera River at Glynwylln,579009,Water Temperature,579009.1.WT.5919,4706,4
Wimmera River at Horsham,579000,Battery,579000.1.B.5943,4721,1
Wimmera River at Horsham,579000,Water Level,579000.1.H.5940,4721,2
WIMMERA RIVER AT LOCHIEL,578005,Water Level,578005.1.H,9229,1
Wimmera River at Quantong Bridge,579013,Battery,579013.1.B.5958,4722,1
Wimmera River at Quantong Bridge,579013,Water Level,579013.1.H.5955,4722,2
WIMMERA RIVER AT WALMER,579000,Water Level,579000.2.H,9239,1
WIMMERA RIVER U/S DIMBOOLA,578004,Rainfall,578004.2.R,9227,1
WIMMERA RIVER U/S DIMBOOLA,578004,Water Level,578004.2.H,9227,2
WIMMERA RIVER U/S DIMBOOLA,578004,Rainfall Increment,578004.2.R,9227,3
Wimmera River U/S Dimboola,578004,Battery,578004.1.B.5953,4724,1
Wimmera River U/S Dimboola,578004,Water Level,578004.1.H.5950,4724,2
Wimmera River U/S Dimboola,578004,Rainfall,578004.1.R.5949,4724,3
Wimmera River U/S Dimboola,578004,Rainfall Increment,578004.1.R.5949,4724,4
WINBIN CREEK TM,545008,Rainfall,545008.0.R,9191,1
WINBIN CREEK TM,545008,Water Level,545008.0.H,9191,2
WINBIN CREEK TM,545008,Rainfall Increment,545008.0.R,9191,3
Winchelsea (Post Office),90167,Battery,90167.2.B.1030,4754,1
Winchelsea (Post Office),90167,Rainfall,90167.2.R.1029,4754,2
Winchelsea (Post Office),90167,Rainfall Increment,90167.2.R.1029,4754,3
Windale No. 2 WWPS,561172,Battery,561172.2.B.7915,1667,1
Windale No. 2 WWPS,561172,Rainfall,561172.2.R.7916,1667,2
Windale No. 2 WWPS,561172,Rainfall Increment,561172.2.R.7916,1667,3
WINDALE NO.2,561172,Rainfall Increment,561172.1.R,5843,2
WINDAMERE DAM,62093,Water Level,62093.1.H,8405,1
WINDAMERE DAM D/S (CUDGEGONG RIVER),562007,Water Level,562007.1.H,8021,1
WINDAMERE TM,535013,Water Level,535013.0.H,6609,2
WINDAMERE TM,535013,Rainfall Increment,535013.0.R,6609,3
Winderie Airstrip,6111,Rainfall,6111.1.R,4352,1
Winderie Airstrip,6111,Battery,6111.1.B,4352,2
Winderie Airstrip,6111,Rainfall Increment,6111.1.R,4352,3
Winding Creek,561178,Water Level,561178.2.H.7928,1672,1
Winding Creek,561178,Battery,561178.2.B.7927,1672,2
WINDING CREEK,561178,Water Level,561178.1.H,5853,1
Windjana Gorge,3094,Rainfall,3094.1.R,4347,1
Windjana Gorge,3094,Battery,3094.1.B,4347,2
Windjana Gorge,3094,Rainfall Increment,3094.1.R,4347,3
WINDORAH (EATON CHANNEL) TM,538009,Water Level,538009.0.H,10205,1
WINDORAH (LIGNUM CHANNEL) TM,538008,Rainfall,538008.0.R,10203,1
WINDORAH (LIGNUM CHANNEL) TM,538008,Water Level,538008.0.H,10203,2
WINDORAH (LIGNUM CHANNEL) TM,538008,Rainfall Increment,538008.0.R,10203,3
WINDORAH (LONG CROSSING) TM,538006,Rainfall,538006.0.R,10199,1
WINDORAH (LONG CROSSING) TM,538006,Water Level,538006.0.H,10199,2
WINDORAH (LONG CROSSING) TM,538006,Rainfall Increment,538006.0.R,10199,3
WINDORAH (MAIN CHANNEL) TM,538010,Water Level,538010.0.H,10207,1
Windsor PWD (Hawkesbury River),567044,Water Level,567044.2.H.3014,1720,1
Windsor PWD (Hawkesbury River),567044,Battery,567044.2.B.3016,1720,2
Windsor PWD (Hawkesbury River),567044,Rainfall,567044.2.R.3015,1720,3
Windsor PWD (Hawkesbury River),567044,Rainfall Increment,567044.2.R.3015,1720,4
WINDSOR PWD (HAWKESBURY RIVER),567044,Water Level,567044.1.H,5897,1
WINDSOR SWC (HAWKESBURY RIVER),567062,Water Level,567062.2.H,5259,1
Wingen,561100,Water Level,561100.1.H.7853,1626,1
Wingen,561100,Battery,561100.1.B.7854,1626,2
Wingen,561100,Rainfall,561100.1.R.7852,1626,3
Wingen,561100,Rainfall Increment,561100.1.R.7852,1626,4
WINGHAM (MANNING RIVER),60120,Water Level,60120.1.H,5993,1
WINNEJUP,509461,Water Level,509461.1.H,10681,1
WINNEKE WTP RAIN GAUGE AT SUGARLOAF RES,586051,Rainfall,586051.1.R,12090,1
WINNEKE WTP RAIN GAUGE AT SUGARLOAF RES,586051,Rainfall Increment,586051.1.R,12090,2
WINTON JUNDAH RD TM,537020,Rainfall,537020.0.R,10177,1
WINTON JUNDAH RD TM,537020,Water Level,537020.0.H,10177,2
WINTON JUNDAH RD TM,537020,Rainfall Increment,537020.0.R,10177,3
Wishart (Greenwood St) AL,540127,Water Level,540127.0.H.1804,2744,1
Wishart (Greenwood St) AL,540127,Rainfall,540127.0.R.1803,2744,2
Wishart (Greenwood St) AL,540127,Battery,540127.0.B.1802,2744,3
Wishart (Greenwood St) AL,540127,Rainfall Increment,540127.0.R.1803,2744,4
Withcott AL,540602,Rainfall,540602.0.R.4045,3077,1
Withcott AL,540602,Battery,540602.0.B.4046,3077,2
Withcott AL,540602,Rainfall Increment,540602.0.R.4045,3077,3
Wittitrin,59060,Battery,59060.1.B.7778,1207,1
Wittitrin,59060,Rainfall,59060.1.R.7318,1207,2
Wittitrin,59060,Rainfall Increment,59060.1.R.7318,1207,3
Wittitrin (Dungay Creek),59125,Water Level,59125.1.H.7317,1213,1
Wittitrin (Dungay Creek),59125,Battery,59125.1.B.7797,1213,2
Wivenhoe Dam HW AL-B,540302,Water Level,540302.1.H.6638,2867,1
Wivenhoe Dam HW AL-P,540177,Water Level,540177.2.H.6637,2787,1
Wivenhoe Dam HW AL-P,540177,Rainfall,540177.1.R.6636,2787,2
Wivenhoe Dam HW AL-P,540177,Rainfall Increment,540177.1.R.6636,2787,3
WIVENHOE DAM HW TM,540049,Water Level,540049.0.H,10239,1
WIVENHOE DAM HW TM,540049,Rainfall Increment,540049.0.R,10239,2
Wivenhoe Dam TW AL,540178,Water Level,540178.2.H.6644,2788,1
Wivenhoe Dam TW AL,540178,Rainfall,540178.1.R.6643,2788,2
Wivenhoe Dam TW AL,540178,Rainfall Increment,540178.1.R.6643,2788,3
WIVENHOE DAM TW TM,540069,Water Level,540069.0.H,10245,1
WOADY YALOAK RIVER @ CRESSY (YARIMA),589017,Rainfall,589017.1.R,9701,1
WOADY YALOAK RIVER @ CRESSY (YARIMA),589017,Water Level,589017.1.H,9701,2
WOADY YALOAK RIVER @ CRESSY (YARIMA),589017,Rainfall Increment,589017.1.R,9701,3
Wolca Range AL,539217,Rainfall,539217.0.R.4796,2656,1
Wolca Range AL,539217,Battery,539217.0.B.4797,2656,2
Wolca Range AL,539217,Rainfall Increment,539217.0.R.4796,2656,3
Wolffdene AL,40761,Water Level - AHD,40761.2.H.6235,2092,1
Wolffdene AL,40761,Rainfall,40761.1.R.6234,2092,2
Wolffdene AL,40761,Battery,40761.0.B.6236,2092,3
Wolffdene AL,40761,Rainfall Increment,40761.1.R.6234,2092,4
WOLLOMBI (MACQUARIE RIVER),65090,Water Level,65090.1.H,8415,1
Wollombi (St Johns Church),61226,Battery,61226.2.B,1268,1
Wollombi (St Johns Church),61226,Rainfall,61226.2.R,1268,2
Wollombi (St Johns Church),61226,Rainfall Increment,61226.2.R,1268,3
Wollombi (Wollombi Brook),561169,Water Level,561169.1.H.7910,1664,1
Wollombi (Wollombi Brook),561169,Battery,561169.1.B.7909,1664,2
WOLLOMBI (WOLLOMBI BROOK),561169,Water Level,561169.2.H,8005,1
Wollomombi (Wollomombi River),57079,Water Level,57079.1.H.7311,1168,1
Wollomombi (Wollomombi River),57079,Battery,57079.1.B,1168,2
Wollomombi (Wollomombi River),57079,Rainfall,57079.2.R,1168,3
Wollomombi (Wollomombi River),57079,Rainfall Increment,57079.2.R,1168,4
Wollongong (Burelli St),568199,Rainfall,568199.1.R.7422,1794,1
Wollongong (Burelli St),568199,Rainfall Increment,568199.1.R.7422,1794,2
Wolston Creek AL,540378,Water Level,540378.0.H.1854,2929,1
Wolston Creek AL,540378,Battery,540378.0.B.1853,2929,2
Wonbah Forest AL,540699,Rainfall,540699.0.R.4772,3150,1
Wonbah Forest AL,540699,Battery,540699.0.B.4773,3150,2
Wonbah Forest AL,540699,Rainfall Increment,540699.0.R.4772,3150,3
WONDECLA TM,531125,Rainfall,531125.0.R,9153,1
WONDECLA TM,531125,Rainfall Increment,531125.0.R,9153,2
WONDOOLA TM,529045,Rainfall,529045.0.R,9115,1
WONDOOLA TM,529045,Water Level,529045.0.H,9115,2
WONDOOLA TM,529045,Rainfall Increment,529045.0.R,9115,3
Wonga Park AL,531127,Water Level,531127.0.H.5129,2262,1
Wonga Park AL,531127,Rainfall,531127.0.R.5128,2262,2
Wonga Park AL,531127,Battery,531127.0.B.5130,2262,3
Wonga Park AL,531127,Rainfall Increment,531127.0.R.5128,2262,4
WONGABEL TM,531121,Rainfall,531121.0.R,9145,1
WONGABEL TM,531121,Rainfall Increment,531121.0.R,9145,2
Wongan Hills North,8302,Rainfall,8302.1.R.6411,4374,1
Wongan Hills North,8302,Battery,8302.1.B.6410,4374,2
Wongan Hills North,8302,Rainfall Increment,8302.1.R.6411,4374,3
Wongawallan (Welch Pioneer Pk) AL,540844,Rainfall,540844.0.R.2438,11503,1
Wongawallan (Welch Pioneer Pk) AL,540844,Battery,540844.0.B.2439,11503,2
Wongawallan (Welch Pioneer Pk) AL,540844,Rainfall Increment,540844.0.R.2438,11503,3
Wongawallan AL,40341,Rainfall,40341.0.R.2277,2088,1
Wongawallan AL,40341,Battery,40341.0.B.2278,2088,2
Wongawallan AL,40341,Rainfall Increment,40341.0.R.2277,2088,3
Wongawilli,568175,Battery,568175.1.B.7438,1787,1
Wongawilli,568175,Rainfall,568175.1.R.7437,1787,2
Wongawilli,568175,Rainfall Increment,568175.1.R.7437,1787,3
WONGAWILLI,568192,Rainfall Increment,568192.1.R,5943,2
WONMUNNA,507012,Rainfall Increment,507012.1.R,10507,2
WONNANGATTA RIVER @ CROOKED RIVER,585033,Rainfall,585033.2.R,9521,1
WONNANGATTA RIVER @ CROOKED RIVER,585033,Water Level,585033.2.H,9521,2
WONNANGATTA RIVER @ CROOKED RIVER,585033,Rainfall Increment,585033.2.R,9521,3
WONNANGATTA RIVER @ WATERFORD,84118,Rainfall,84118.2.R,9805,1
WONNANGATTA RIVER @ WATERFORD,84118,Water Level,84118.2.H,9805,2
WONNANGATTA RIVER @ WATERFORD,84118,Rainfall Increment,84118.2.R,9805,3
Wonnangatta River at Crooked River,585033,Battery,585033.1.B.4846,4838,1
Wonnangatta River at Crooked River,585033,Rainfall,585033.1.R.4845,4838,2
Wonnangatta River at Crooked River,585033,Water Level,585033.1.H.4844,4838,3
Wonnangatta River at Crooked River,585033,Rainfall Increment,585033.1.R.4845,4838,4
Wonnangatta River at Waterford,84118,Battery,84118.1.B.4843,4727,1
Wonnangatta River at Waterford,84118,Rainfall,84118.1.R.4841,4727,2
Wonnangatta River at Waterford,84118,Water Level,84118.1.H.4842,4727,3
Wonnangatta River at Waterford,84118,Rainfall Increment,84118.1.R.4841,4727,4
WONNERUP EAST ROAD,509523,Water Level,509523.1.H,10749,1
WONTON HILLS FARM ROAD,509638,Water Level,509638.1.H,10843,1
WOODBURN (CEDAR ST),58061,Water Level,58061.1.H,5971,1
Woodchester (Craiorah),24593,Battery,24593.1.B.5420,1959,1
Woodchester (Craiorah),24593,Rainfall,24593.1.R.5421,1959,2
Woodchester (Craiorah),24593,Rainfall Increment,24593.1.R.5421,1959,3
Woodford AL-B,540338,Water Level,540338.0.H.6703,2900,1
Woodford AL-B,540338,Rainfall,540338.0.R.6702,2900,2
Woodford AL-B,540338,Rainfall Increment,540338.0.R.6702,2900,3
Woodford AL-P,540337,Water Level,540337.0.H.6706,2899,1
Woodford AL-P,540337,Rainfall,540337.0.R.6705,2899,2
Woodford AL-P,540337,Rainfall Increment,540337.0.R.6705,2899,3
WOODFORD TM,540485,Water Level,540485.0.H,6909,1
Woodgate AL,539251,Rainfall,539251.0.R.4768,2687,1
Woodgate AL,539251,Battery,539251.0.B.4769,2687,2
Woodgate AL,539251,Rainfall Increment,539251.0.R.4768,2687,3
WOODLANDS,509190,Water Level,509190.1.H,10579,1
Woodlands,44075,Battery,44075.0.B,11407,1
Woodlands,44075,Rainfall,44075.0.R,11407,2
Woodlands,44075,Water Level,44075.0.H,11407,3
Woodlands,44075,Rainfall Increment,44075.0.R,11407,4
Woodlands AL,533022,Rainfall,533022.0.R.2829,2348,1
Woodlands AL,533022,Battery,533022.0.B.2830,2348,2
Woodlands AL,533022,Rainfall Increment,533022.0.R.2829,2348,3
Woodlands Rd AL,540680,Water Level,540680.0.H.4052,3131,1
Woodlands Rd AL,540680,Rainfall,540680.0.R.4051,3131,2
Woodlands Rd AL,540680,Battery,540680.0.B.4053,3131,3
Woodlands Rd AL,540680,Rainfall Increment,540680.0.R.4051,3131,4
Woodlawn,558012,Battery,558012.1.B.7142,1465,1
Woodlawn,558012,Water Level - AHD,558012.1.H.7135,1465,2
WOODLAWN (WILSONS RIVER),558012,Water Level,558012.2.H,5545,1
WOODLEIGH TM,539043,Water Level,539043.0.H,6715,2
WOODLEIGH TM,539043,Rainfall Increment,539043.0.R,6715,3
WOODPERRY HOMESTEAD,509528,Water Level,509528.1.H,10759,2
WOODPERRY HOMESTEAD,509528,Rainfall Increment,509528.1.R,10759,3
WOODS LAKE DAM (LAKE RV),596067,Rainfall Increment,596067.1.R,8567,2
Woodside,523714,Water Level,523714.1.H.5600,1989,1
Woodside,523714,Battery,523714.1.B.5599,1989,2
Woodsome Hill,260101,Battery,260101.1.B.6081,4453,1
Woodspring AL,541108,Water Level,541108.0.H.4512,3274,1
Woodspring AL,541108,Rainfall,541108.0.R.4511,3274,2
Woodspring AL,541108,Battery,541108.0.B.4513,3274,3
Woodspring AL,541108,Rainfall Increment,541108.0.R.4511,3274,4
WOODSREEF (IRONBARK CREEK),554006,Water Level,554006.1.H,7675,1
Woody Point AL,540498,Rainfall,540498.0.R.1996,3016,1
Woody Point AL,540498,Battery,540498.0.B.1997,3016,2
Woody Point AL,540498,Rainfall Increment,540498.0.R.1996,3016,3
WOOLBROOK (MACDONALD RIVER),559000,Water Level,559000.1.H,7871,2
WOOLBROOK (MACDONALD RIVER),559000,Rainfall Increment,559000.1.R,7871,3
WOOLERBILLA TM,544023,Water Level,544023.0.H,7107,1
WOOLGA (WARD RD) TM,535210,Rainfall,535210.0.R,10129,1
WOOLGA (WARD RD) TM,535210,Rainfall Increment,535210.0.R,10129,2
WOOLGOOLGA CK AT WOOLGOOLGA,559043,Water Level,559043.1.H,5645,1
WOOLGOOLGA DAM,559061,Rainfall,559061.1.R,11984,1
WOOLGOOLGA DAM,559061,Rainfall Increment,559061.1.R,11984,2
Woolgoolga WTP,559061,Rainfall,559061.0.R,1561,1
Woolgoolga WTP,559061,Rainfall Increment,559061.0.R,1561,2
Wooli (Browns Knob),558068,Battery,558068.1.B.7838,1486,1
Wooli (Browns Knob),558068,Rainfall,558068.1.R.7837,1486,2
Wooli (Browns Knob),558068,Rainfall Increment,558068.1.R.7837,1486,3
WOOLI RIVER ENTRANCE,559044,Water Level,559044.1.H,5647,1
Wooli Sportsground,559071,Battery,559071.1.B.7843,1569,1
Wooli Sportsground,559071,Rainfall,559071.1.R.7834,1569,2
Wooli Sportsground,559071,Rainfall Increment,559071.1.R.7834,1569,3
WOOLI SPORTSGROUND,559071,Rainfall Increment,559071.2.R,5657,2
WOOLNERS ARM (DOUBTFUL CREEK),558118,Rainfall Increment,558118.1.R,11451,1
Wooloomanata,587038,Rainfall,587038.1.R.1005,4490,1
Wooloomanata,587038,Battery,587038.1.B.1006,4490,2
Wooloomanata,587038,Rainfall Increment,587038.1.R.1005,4490,3
Woolshed Creek,570047,Battery,570047.1.B.3412,1833,1
Woolshed Creek,570047,Rainfall,570047.1.R.3352,1833,2
Woolshed Creek,570047,Rainfall Increment,570047.1.R.3352,1833,3
Woolshed Creek U/S Fairbairn Ave Bridge,570074,Water Level,570074.1.H.3317,1845,1
Woolshed Creek U/S Fairbairn Ave Bridge,570074,Battery,570074.1.B.3316,1845,2
WOONANUP,509022,Water Level,509022.1.H,10557,2
WOONANUP,509022,Rainfall Increment,509022.1.R,10557,3
WOONGARRA P/S TM,539058,Water Level,539058.0.H,7197,1
WOORI YALLOCK CREEK AT MONBULK,586335,Water Level,586335.1.H,12170,1
WOORI YALLOCK CREEK AT WOORI YALLOCK,586215,Water Level,586215.1.H,12144,1
WOORI YALLOCK CREEK AT WOORI YALLOCK,586215,Rainfall,586215.1.R,12144,2
WOORI YALLOCK CREEK AT WOORI YALLOCK,586215,Rainfall Increment,586215.1.R,12144,3
WOORI YALLOCK CREEK AT YELLINGBO,586333,Water Level,586333.1.H,12168,1
Wooroora AL,531118,Rainfall,531118.0.R.5813,2261,1
Wooroora AL,531118,Battery,531118.0.B.5814,2261,2
Wooroora AL,531118,Rainfall Increment,531118.0.R.5813,2261,3
WOOROORA TM,531060,Water Level,531060.0.H,6323,2
WOOROORA TM,531060,Rainfall Increment,531060.0.R,6323,3
Wootton,60065,Battery,60065.1.B.7446,1229,1
Wootton,60065,Rainfall,60065.1.R.7445,1229,2
Wootton,60065,Rainfall Increment,60065.1.R.7445,1229,3
Worongary Creek AL,540597,Water Level,540597.0.H.2401,3072,1
Worongary Creek AL,540597,Rainfall,540597.0.R.2400,3072,2
Worongary Creek AL,540597,Battery,540597.0.B.2402,3072,3
Worongary Creek AL,540597,Rainfall Increment,540597.0.R.2400,3072,4
Woronora Bridge (Woronora River),566045,Water Level,566045.1.H.7690,1709,1
Woronora Bridge (Woronora River),566045,Battery,566045.1.B.7691,1709,2
WORONORA BRIDGE (WORONORA RIVER),566045,Water Level,566045.2.H,11507,1
Woronora Dam,68070,Water Level,68070.1.H.7215,1381,1
Woronora Dam,68070,Battery,68070.1.B.7216,1381,2
WORONORA DAM,68070,Water Level,68070.2.H,5353,1
Woronora Dam (AWS),566052,Battery,566052.1.B.7698,1710,1
Woronora Dam (AWS),566052,Rainfall,566052.1.R.7203,1710,2
Woronora Dam (AWS),566052,Rainfall Increment,566052.1.R.7203,1710,3
WORSLEY,509594,Water Level,509594.1.H,10819,2
WORSLEY,509594,Rainfall Increment,509594.1.R,10819,3
WOWAN CEMETRY RD TM,539115,Rainfall Increment,539115.0.R,6781,2
Wowan-Westwood Rd AL,539173,Water Level,539173.0.H.4484,2612,1
Wowan-Westwood Rd AL,539173,Rainfall,539173.0.R.4483,2612,2
Wowan-Westwood Rd AL,539173,Battery,539173.0.B.4485,2612,3
Wowan-Westwood Rd AL,539173,Rainfall Increment,539173.0.R.4483,2612,4
WOY WOY (TIP),561141,Rainfall Increment,561141.1.R,5819,2
WURA TM,539016,Water Level,539016.0.H,6703,2
WURA TM,539016,Rainfall Increment,539016.0.R,6703,3
Wuruma Dam HW AL,539203,Water Level,539203.0.H.745,2642,1
Wuruma Dam HW AL,539203,Rainfall,539203.0.R.744,2642,2
Wuruma Dam HW AL,539203,Battery,539203.0.B.746,2642,3
Wuruma Dam HW AL,539203,Rainfall Increment,539203.0.R.744,2642,4
WURUMA DAM HW TM,539051,Water Level,539051.0.H,7195,1
WURUMA DAM TW TM,539074,Water Level,539074.0.H,7209,1
Wyaga TM,41348,Rainfall,41348.0.R,2173,1
Wyaga TM,41348,Battery,41348.0.B,2173,2
Wyaga TM,41348,Rainfall Increment,41348.0.R,2173,3
WYANDRA TM,544014,Water Level,544014.0.H,7091,2
WYANDRA TM,544014,Rainfall Increment,544014.0.R,7091,3
Wyanga (Quambi),51008,Battery,51008.1.B,1111,1
Wyanga (Quambi),51008,Rainfall,51008.1.R,1111,2
Wyanga (Quambi),51008,Rainfall Increment,51008.1.R,1111,3
Wyanga AL,535119,Rainfall,535119.0.R.4604,2484,1
Wyanga AL,535119,Battery,535119.0.B.4605,2484,2
Wyanga AL,535119,Rainfall Increment,535119.0.R.4604,2484,3
WYANGALA DAM,563145,Water Level,563145.1.H,8049,1
WYANGALA DAM,63267,Water Level,63267.1.H,8831,1
Wyaralong Dam AL,540512,Water Level - AHD,540512.0.H.5367,3026,1
Wyaralong Dam AL,540512,Rainfall,540512.0.R.5366,3026,2
Wyaralong Dam AL,540512,Rainfall Increment,540512.0.R.5366,3026,3
WYARALONG DAM HW TM,540615,Water Level,540615.0.H,10309,2
WYARALONG DAM HW TM,540615,Rainfall Increment,540615.0.R,10309,3
WYBONG (WYBONG CREEK),561009,Water Level,561009.1.H,7925,1
WYEE,561097,Rainfall Increment,561097.1.R,5801,2
Wylie Ck (Aloomba),56038,Battery,56038.1.B,1153,1
Wylie Ck (Aloomba),56038,Rainfall,56038.1.R,1153,2
Wylie Ck (Aloomba),56038,Rainfall Increment,56038.1.R,1153,3
Wylie Creek (Burrenbar),56199,Rainfall,56199.1.R.6882,12014,1
Wylie Creek (Burrenbar),56199,Battery,56199.1.B.6883,12014,2
Wylie Creek (Burrenbar),56199,Rainfall Increment,56199.1.R.6882,12014,3
WYLIE CREEK D/S (MARYLAND RIVER),556026,Water Level,556026.1.H,7799,1
Wynnum (Byrneside Tce) AL,540278,Water Level,540278.0.H.1580,2851,1
Wynnum (Byrneside Tce) AL,540278,Battery,540278.0.B.1581,2851,2
Wynnum Bowls AL,540322,Rainfall,540322.0.R.1837,2884,1
Wynnum Bowls AL,540322,Battery,540322.0.B.1732,2884,2
Wynnum Bowls AL,540322,Rainfall Increment,540322.0.R.1837,2884,3
WYOMING,561098,Rainfall Increment,561098.1.R,5803,2
WYOMING (SSDR) TM,530059,Rainfall,530059.0.R,9981,1
WYOMING (SSDR) TM,530059,Rainfall Increment,530059.0.R,9981,2
Wyong (Olney Forest),61385,Battery,61385.1.B.7385,1286,1
Wyong (Olney Forest),61385,Rainfall,61385.1.R.7384,1286,2
Wyong (Olney Forest),61385,Rainfall Increment,61385.1.R.7384,1286,3
Wyong (Wyong Pool),561179,Battery,561179.1.B.3768,11349,1
Wyong (Wyong Pool),561179,Rainfall,561179.1.R.3767,11349,2
Wyong (Wyong Pool),561179,Rainfall Increment,561179.1.R.3767,11349,3
WYONG (WYONG POOL),561179,Rainfall Increment,561179.2.R,11584,1
WYONG BRIDGE UPSTREAM (WYONG RIVER),61386,Water Level,61386.2.H,6007,1
Wyong D/S Bridge (Wyong River),561025,Water Level,561025.1.H.7396,1617,1
Wyong D/S Bridge (Wyong River),561025,Battery,561025.1.B.7397,1617,2
Wyong D/S Bridge (Wyong River),561025,Rainfall,561025.1.R.7394,1617,3
Wyong D/S Bridge (Wyong River),561025,Rainfall Increment,561025.1.R.7394,1617,4
Wyong U/S Bridge (Wyong River),61386,Water Level,61386.1.H.7395,1287,1
Wyong U/S Bridge (Wyong River),61386,Battery,61386.1.B.7391,1287,2
Yaapeet,77097,Rainfall,77097.2.R,4826,1
Yaapeet,77097,Battery,77097.2.B,4826,2
Yaapeet,77097,Rainfall Increment,77097.2.R,4826,3
YACKABOON,509639,Water Level,509639.1.H,10845,1
YACKANDANDAH CK @ OSBORNES FLAT,582020,Rainfall,582020.1.R,9407,1
YACKANDANDAH CK @ OSBORNES FLAT,582020,Water Level,582020.1.H,9407,2
YACKANDANDAH CK @ OSBORNES FLAT,582020,Rainfall Increment,582020.1.R,9407,3
YALDARA (DEW),523312,Rainfall Increment,523312.1.R,8955,1
YALDARA (DEW),523312,Water Level,523312.1.H,8955,2
Yallalie Basin,8316,Rainfall,8316.1.R.6409,4380,1
Yallalie Basin,8316,Battery,8316.1.B.6408,4380,2
Yallalie Basin,8316,Rainfall Increment,8316.1.R.6409,4380,3
YALLIAWIRRA,510523,Water Level,510523.1.H,10885,1
YALLIAWIRRA NORTH,509388,Rainfall Increment,509388.1.R,10641,2
YALLOCK OUTFALL DRAIN AT MURRAY ROAD CORA LYNN,586260,Water Level,586260.1.H,12265,1
Yalwal,568146,Battery,568146.1.B.7037,1768,1
Yalwal,568146,Rainfall,568146.1.R.7025,1768,2
Yalwal,568146,Rainfall Increment,568146.1.R.7025,1768,3
YAMBA,558061,Rainfall Increment,558061.1.R,5597,2
YAMBA TIDE GAUGE,558062,Water Level,558062.1.H,5599,1
YAMBLA (BOWNA RIVER),572015,Rainfall Increment,572015.1.R,8223,2
YAMBLE BRIDGE (CUDGEGONG RIVER),562005,Water Level,562005.1.H,8017,1
Yambuk AL,535222,Rainfall,535222.0.R.1254,11353,1
Yambuk AL,535222,Battery,535222.0.B.1255,11353,2
Yambuk AL,535222,Rainfall Increment,535222.0.R.1254,11353,3
YAMMANIE MINNAMOOLKA TM,532146,Rainfall,532146.0.R,10041,1
YAMMANIE MINNAMOOLKA TM,532146,Rainfall Increment,532146.0.R,10041,2
YAN YEAN RESERVOIR HEAD GAUGE,586101,Water Level,586101.1.H,12127,1
YAN YEAN RESERVOIR HEAD GAUGE,586101,Rainfall,586101.1.R,12127,2
YAN YEAN RESERVOIR HEAD GAUGE,586101,Rainfall Increment,586101.1.R,12127,3
Yanac North,78087,Rainfall,78087.2.R,4823,1
Yanac North,78087,Battery,78087.2.B,4823,2
Yanac North,78087,Rainfall Increment,78087.2.R,4823,3
YANCO BRIDGE (YANCO CK ),574039,Water Level,574039.1.H,8327,1
YANCO OFFTAKE (YANCO CREEK),574021,Water Level,574021.1.H,8303,1
YANCO WEIR DOWNSTREAM (MURRUMBIDGEE RIVER),574022,Water Level,574022.1.H,8305,1
YANDILL TM,531146,Rainfall,531146.0.R,10005,1
YANDILL TM,531146,Rainfall Increment,531146.0.R,10005,2
Yandina AL,540092,Water Level,540092.0.H.6494,2719,1
Yandina AL,540092,Rainfall,540092.0.R.6492,2719,2
Yandina AL,540092,Battery,540092.0.B.6493,2719,3
Yandina AL,540092,Rainfall Increment,540092.0.R.6492,2719,4
Yandina Ck AL,540223,Water Level,540223.0.H.6466,2815,1
Yandina Ck AL,540223,Rainfall,540223.0.R.6464,2815,2
Yandina Ck AL,540223,Battery,540223.0.B.6465,2815,3
Yandina Ck AL,540223,Rainfall Increment,540223.0.R.6464,2815,4
YANDINA TM,540265,Water Level,540265.0.H,6859,2
YANDINA TM,540265,Rainfall Increment,540265.0.R,6859,3
Yangan AL,41530,Water Level,41530.0.H.6865,2183,1
Yangan AL,41530,Rainfall,41530.0.R.6864,2183,2
Yangan AL,41530,Battery,41530.0.B.6866,2183,3
Yangan AL,41530,Rainfall Increment,41530.0.R.6864,2183,4
YANGEDI SWAMP,509483,Water Level,509483.1.H,10717,1
Yangedine,10908,Rainfall,10908.1.R.6315,4440,1
Yangedine,10908,Battery,10908.1.B.6314,4440,2
Yangedine,10908,Rainfall Increment,10908.1.R.6315,4440,3
Yango,561170,Battery,561170.1.B.7914,1665,1
Yango,561170,Rainfall,561170.1.R.7913,1665,2
Yango,561170,Rainfall Increment,561170.1.R.7913,1665,3
YAPPAR JUNCTION TM,529046,Rainfall,529046.0.R,9117,1
YAPPAR JUNCTION TM,529046,Water Level,529046.0.H,9117,2
YAPPAR JUNCTION TM,529046,Rainfall Increment,529046.0.R,9117,3
YAPPI CREEK TM,545009,Rainfall,545009.0.R,9193,1
YAPPI CREEK TM,545009,Water Level,545009.0.H,9193,2
YAPPI CREEK TM,545009,Rainfall Increment,545009.0.R,9193,3
YARRA RIVER AT BANKSIA STREET HEIDELBERG,586175,Water Level,586175.1.H,11963,1
YARRA RIVER AT BANKSIA STREET HEIDELBERG,586175,Rainfall,586175.1.R,11963,2
YARRA RIVER AT BANKSIA STREET HEIDELBERG,586175,Rainfall Increment,586175.1.R,11963,3
YARRA RIVER AT COLDSTREAM US YARRA GLEN (YARRA GRANGE),586044,Water Level,586044.1.H,12120,1
YARRA RIVER AT COLDSTREAM US YARRA GLEN (YARRA GRANGE),586044,Rainfall,586044.1.R,12120,2
YARRA RIVER AT COLDSTREAM US YARRA GLEN (YARRA GRANGE),586044,Rainfall Increment,586044.1.R,12120,3
YARRA RIVER AT CROWN CASINO SPENCER STREET SOUTHBANK,586246,Water Level,586246.1.H,12188,1
YARRA RIVER AT DEEP ROCK - YARRA BEND PARK,586337,Water Level,586337.1.H,12172,1
YARRA RIVER AT FITZSIMONS LANE TEMPLESTOWE,586050,Water Level,586050.1.H,12122,1
YARRA RIVER AT FITZSIMONS LANE TEMPLESTOWE,586050,Rainfall,586050.1.R,12122,2
YARRA RIVER AT FITZSIMONS LANE TEMPLESTOWE,586050,Rainfall Increment,586050.1.R,12122,3
YARRA RIVER AT FORBES STREET WARRANDYTE,86347,Water Level,86347.1.H,12116,1
YARRA RIVER AT FORBES STREET WARRANDYTE,86347,Rainfall,86347.1.R,12116,2
YARRA RIVER AT FORBES STREET WARRANDYTE,86347,Rainfall Increment,86347.1.R,12116,3
YARRA RIVER AT JOHNSTON STREET ABBOTSFORD,586177,Water Level,586177.1.H,11994,1
YARRA RIVER AT MILLGROVE,586801,Water Level,586801.1.H,12189,1
YARRA RIVER AT PARKS VIC DEPOT BURNLEY (TIDAL),586153,Water Level,586153.1.H,12130,1
YARRA RIVER AT PARKS VIC DEPOT BURNLEY (TIDAL),586153,Rainfall,586153.1.R,12130,2
YARRA RIVER AT PARKS VIC DEPOT BURNLEY (TIDAL),586153,Rainfall Increment,586153.1.R,12130,3
YARRA RIVER AT RUDDER GRANGE ALPHINGTON,586306,Water Level,586306.1.H,12149,1
YARRA RIVER AT UPPER YARRA RESERVOIR HEAD GAUGE,586304,Water Level,586304.1.H,12104,1
YARRA RIVER AT UPPER YARRA RESERVOIR HEAD GAUGE,586304,Rainfall,586304.1.R,12104,2
YARRA RIVER AT UPPER YARRA RESERVOIR HEAD GAUGE,586304,Rainfall Increment,586304.1.R,12104,3
YARRA RIVER AT WALLEN ROAD HAWTHORN,586216,Water Level,586216.1.H,12184,1
YARRA RIVER AT WARBURTON HIGHWAY,586241,Water Level,586241.1.H,12185,1
YARRA RIVER AT YARRA GLEN,586113,Water Level,586113.1.H,12177,1
YARRA RIVER DOWNSTREAM DOCTORS CREEK (UY3),586242,Water Level,586242.1.H,12186,1
YARRA RIVER DOWNSTREAM YERING PUMP STN CHRISTMAS HILLS,586053,Water Level,586053.1.H,12125,1
YARRA RIVER DOWNSTREAM YERING PUMP STN CHRISTMAS HILLS,586053,Rainfall,586053.1.R,12125,2
YARRA RIVER DOWNSTREAM YERING PUMP STN CHRISTMAS HILLS,586053,Rainfall Increment,586053.1.R,12125,3
YARRA RIVER UPSTREAM THOMSON YARRA TUNNEL UPPER YARRA,586316,Water Level,586316.1.H,12156,1
YARRA-SILVAN CONDUIT AT SILVAN INCL SILVAN RG-AWS,586184,Water Level,586184.1.H,12138,1
YARRA-SILVAN CONDUIT AT SILVAN INCL SILVAN RG-AWS,586184,Rainfall,586184.1.R,12138,2
YARRA-SILVAN CONDUIT AT SILVAN INCL SILVAN RG-AWS,586184,Rainfall Increment,586184.1.R,12138,3
YARRACOONA (MACQUARIE RIVER),563090,Water Level,563090.1.H,8041,1
YARRAGIL FORMATION,509329,Water Level,509329.1.H,10617,1
YARRAGIL FORMATION,509329,Rainfall Increment,509329.1.R,10617,2
Yarragon South,85310,Battery,85310.1.B.4895,4750,1
Yarragon South,85310,Rainfall,85310.1.R.4894,4750,2
Yarragon South,85310,Rainfall Increment,85310.1.R.4894,4750,3
Yarrahappini AL,40940,Water Level,40940.0.H.5326,2149,1
Yarrahappini AL,40940,Rainfall,40940.0.R.5325,2149,2
Yarrahappini AL,40940,Battery,40940.0.B.5327,2149,3
Yarrahappini AL,40940,Rainfall Increment,40940.0.R.5325,2149,4
YARRAHAPPINI TM,40762,Water Level,40762.0.H,6085,2
YARRAHAPPINI TM,40762,Rainfall Increment,40762.0.R,6085,3
YARRALOOLA,505059,Water Level,505059.1.H,10483,1
YARRAMALONG (WYONG RIVER),561031,Water Level,561031.1.H,7949,1
YARRAMALONG TM,541040,Water Level,541040.0.H,7265,1
Yarraman AL,540145,Rainfall,540145.0.R.6540,2759,1
Yarraman AL,540145,Battery,540145.0.B.6666,2759,2
Yarraman AL,540145,Rainfall Increment,540145.0.R.6540,2759,3
YARRAMAN BRIDGE (GWYDIR RIVER),553002,Water Level,553002.1.H,7619,1
Yarraman Ck (Emmett St) TM,540768,Water Level,540768.0.H,3191,1
YARRAMUNDI (MANNUS CK),572024,Water Level,572024.1.H,8231,1
YARRAMUNDI (NEPEAN RIVER),563088,Water Level,563088.1.H,5243,1
Yarrandi Bridge (Dart Brook),561018,Water Level,561018.2.H.7874,1615,1
Yarrandi Bridge (Dart Brook),561018,Battery,561018.2.B.7875,1615,2
Yarrandi Bridge (Dart Brook),561018,Rainfall,561018.2.R.7873,1615,3
Yarrandi Bridge (Dart Brook),561018,Rainfall Increment,561018.2.R.7873,1615,4
YARRANDI BRIDGE (DART BROOK),561018,Water Level,561018.1.H,7941,2
YARRANDI BRIDGE (DART BROOK),561018,Rainfall Increment,561018.1.R,7941,3
Yarras (Mount Seaview),60085,Battery,60085.2.B.3819,1233,1
Yarras (Mount Seaview),60085,Rainfall,60085.2.R.3820,1233,2
Yarras (Mount Seaview),60085,Rainfall Increment,60085.2.R.3820,1233,3
Yarras Mountain,60163,Battery,60163.1.B.3831,1249,1
Yarras Mountain,60163,Rainfall,60163.1.R.3832,1249,2
Yarras Mountain,60163,Rainfall Increment,60163.1.R.3832,1249,3
YARRAWONGA WEIR HG,574005,Water Level,574005.1.H,9213,1
YARRAWONGA WEIR HG,574005,Rainfall,574005.2.R,9213,2
YARRAWONGA WEIR HG,574005,Rainfall Increment,574005.2.R,9213,3
Yarriamback Creek At Wimmera River,579018,Battery,579018.1.B.5963,4725,1
Yarriamback Creek At Wimmera River,579018,Water Level,579018.1.H.5960,4725,2
YARRIAMBIACK CK AT AILSA RD,578008,Water Level,578008.1.H,9235,1
YARRIAMBIACK CK AT WARRACKNABEAL,578009,Rainfall,578009.1.R,9237,1
YARRIAMBIACK CK AT WARRACKNABEAL,578009,Water Level,578009.1.H,9237,2
YARRIAMBIACK CK AT WARRACKNABEAL,578009,Rainfall Increment,578009.1.R,9237,3
Yarrol AL,539204,Water Level,539204.0.H.719,2643,1
Yarrol AL,539204,Rainfall,539204.0.R.718,2643,2
Yarrol AL,539204,Battery,539204.0.B.720,2643,3
Yarrol AL,539204,Rainfall Increment,539204.0.R.718,2643,4
YARROL TM,539039,Water Level,539039.0.H,6709,2
YARROL TM,539039,Rainfall Increment,539039.0.R,6709,3
Yarrowitch (Rushbrook),60164,Battery,60164.1.B.3815,1250,1
Yarrowitch (Rushbrook),60164,Rainfall,60164.1.R.3816,1250,2
Yarrowitch (Rushbrook),60164,Rainfall Increment,60164.1.R.3816,1250,3
YARROWYCK (GWYDIR RIVER),556006,Water Level,556006.1.H,7761,2
YARROWYCK (GWYDIR RIVER),556006,Rainfall Increment,556006.1.R,7761,3
YASS (YASS RIVER),570009,Water Level,570009.1.H,8151,1
YASS R U/S BURRINJUCK DAM (RIVERVIEW),570039,Water Level,570039.1.H,8169,1
YATES BRIDGE,509462,Water Level,509462.1.H,10683,1
YATHARAGGA TM,508038,Water Level,508038.1.H,10535,1
Yatton AL,534042,Water Level,534042.0.H.1154,2443,1
Yatton AL,534042,Rainfall,534042.0.R.1153,2443,2
Yatton AL,534042,Battery,534042.0.B.1155,2443,3
Yatton AL,534042,Rainfall Increment,534042.0.R.1153,2443,4
YATTON TM,534014,Water Level,534014.0.H,6593,2
YATTON TM,534014,Rainfall Increment,534014.0.R,6593,3
Yea River at Devlins Bridge,88125,Battery,88125.1.B.211,4731,1
Yea River at Devlins Bridge,88125,Water Level,88125.1.H.210,4731,2
YEA RIVER AT DEVLINS BRIDGE,88125,Water Level,88125.2.H,9853,1
YEA RIVER AT OLD KILLINGWORTH RD YEA,588038,Water Level,588038.1.H,11313,1
YEA RIVER AT OLD KILLINGWORTH RD YEA,588038,Rainfall,588038.1.R,11313,2
YEA RIVER AT OLD KILLINGWORTH RD YEA,588038,Rainfall Increment,588038.1.R,11313,3
Yea River at Yea,588020,Battery,588020.1.B.209,4796,1
Yea River at Yea,588020,Water Level,588020.1.H.208,4796,2
YEA RIVER AT YEA GV WATER PS,588020,Water Level,588020.2.H,9643,1
Yealering East,10912,Rainfall,10912.1.R,4441,1
Yealering East,10912,Battery,10912.1.B,4441,2
Yealering East,10912,Rainfall Increment,10912.1.R,4441,3
Yelgun (Yelgun Creek),558096,Water Level,558096.1.H.7564,1511,1
Yelgun (Yelgun Creek),558096,Battery,558096.1.B.7565,1511,2
Yelgun (Yelgun Creek),558096,Rainfall,558096.1.R.7563,1511,3
Yelgun (Yelgun Creek),558096,Rainfall Increment,558096.1.R.7563,1511,4
Yelgun Creek (Helen St Bridge) ,558112,Water Level,558112.1.H.7712,1520,1
Yelgun Creek (Helen St Bridge) ,558112,Battery,558112.1.B.7710,1520,2
Yelgun Creek (Helen St Bridge) ,558112,Rainfall,558112.1.R.7711,1520,3
Yelgun Creek (Helen St Bridge) ,558112,Rainfall Increment,558112.1.R.7711,1520,4
YELLOW ROCK ROAD,568193,Rainfall Increment,568193.1.R,5945,2
Yeoval Post Office,65036,Battery,65036.1.B,1336,1
Yeoval Post Office,65036,Rainfall,65036.1.R,1336,2
Yeoval Post Office,65036,Rainfall Increment,65036.1.R,1336,3
YERINA,508040,Water Level,508040.1.H,10539,2
YERINA,508040,Rainfall Increment,508040.1.R,10539,3
Yerranderie (SCA),563032,Battery,563032.1.B.3090,1683,1
Yerranderie (SCA),563032,Rainfall,563032.1.R.3091,1683,2
Yerranderie (SCA),563032,Rainfall Increment,563032.1.R.3091,1683,3
YETMAN BRIDGE (MACINTYRE RIVER),554014,Water Level,554014.1.H,7689,2
YETMAN BRIDGE (MACINTYRE RIVER),554014,Rainfall Increment,554014.1.R,7689,3
Yeuralba Ridge,14962,Battery,14962.1.B.1151,296,1
Yeuralba Ridge,14962,Rainfall,14962.1.R.1150,296,2
Yeuralba Ridge,14962,Rainfall Increment,14962.1.R.1150,296,3
Yielo AL,540643,Rainfall,540643.0.R.6670,3098,1
Yielo AL,540643,Rainfall Increment,540643.0.R.6670,3098,2
YINNETHARRA CROSSING,507000,Water Level,507000.1.H,10501,2
YINNETHARRA CROSSING,507000,Rainfall Increment,507000.1.R,10501,3
Yoongarillup TBRG,9278,Rainfall,9278.1.R.5947,4398,1
Yoongarillup TBRG,9278,Battery,9278.1.B.5946,4398,2
Yoongarillup TBRG,9278,Rainfall Increment,9278.1.R.5947,4398,3
York,10311,Rainfall,10311.2.R.6103,4432,1
York,10311,Battery,10311.1.B.6102,4432,2
York,10311,Rainfall Increment,10311.2.R.6103,4432,3
Yorkrakine,10031,Rainfall,10031.1.R,4421,1
Yorkrakine,10031,Battery,10031.1.B,4421,2
Yorkrakine,10031,Rainfall Increment,10031.1.R,4421,3
YOUNG LANE PUCKAPUNYAL,588046,Rainfall,588046.1.R,11333,1
YOUNG LANE PUCKAPUNYAL,588046,Rainfall Increment,588046.1.R,11333,2
Youngs Crossing AL,540412,Water Level,540412.0.H.1954,2944,1
Youngs Crossing AL,540412,Rainfall,540412.0.R.1953,2944,2
Youngs Crossing AL,540412,Battery,540412.0.B.1955,2944,3
Youngs Crossing AL,540412,Rainfall Increment,540412.0.R.1953,2944,4
Yourka AL,531047,Rainfall,531047.0.R.6056,2235,1
Yourka AL,531047,Battery,531047.0.B.6057,2235,2
Yourka AL,531047,Rainfall Increment,531047.0.R.6056,2235,3
YULEBA FORESTRY TM,543008,Water Level,543008.0.H,7075,2
YULEBA FORESTRY TM,543008,Rainfall Increment,543008.0.R,7075,3
Yulmbu,2030,Rainfall,2030.1.R,4335,1
Yulmbu,2030,Battery,2030.1.B,4335,2
Yulmbu,2030,Rainfall Increment,2030.1.R,4335,3
ZACHARIAH TM,40778,Water Level,40778.0.H,6087,2
ZACHARIAH TM,40778,Rainfall Increment,40778.0.R,6087,3
Zattas AL,32184,Water Level,32184.0.H.6037,2032,1
Zattas AL,32184,Rainfall,32184.0.R.6034,2032,2
Zattas AL,32184,Battery,32184.0.B.6033,2032,3
Zattas AL,32184,Rainfall Increment,32184.0.R.6034,2032,4
ZEEHAN METEOROLOGICAL,597059,Rainfall Increment,597059.1.R,8617,2
Zeta AL,535146,Water Level,535146.0.H.4653,2511,1
Zeta AL,535146,Rainfall,535146.0.R.4652,2511,2
Zeta AL,535146,Battery,535146.0.B.4654,2511,3
Zeta AL,535146,Rainfall Increment,535146.0.R.4652,2511,4
Zillmere (Pineapple St) AL,540122,Water Level,540122.0.H.1702,2740,1
Zillmere (Pineapple St) AL,540122,Battery,540122.0.B.1703,2740,2
