ANTENNA_ID,AZ_TYPE,ANGLE_REF,ANGLE,ATTENUATION
13404,AZHH,0,0,0
13404,AZHH,0,0.1,0
13404,AZHH,0,0.2,0.1
13404,AZHH,0,0.3,0.2
13404,AZHH,0,0.4,0.3
13404,AZHH,0,0.5,0.5
13404,AZHH,0,0.6,0.7
13404,AZHH,0,0.7,0.9
13404,AZHH,0,0.8,1.2
13404,AZHH,0,0.9,1.6
13404,AZHH,0,1,1.9
13404,AZHH,0,1.1,2.4
13404,AZHH,0,1.2,2.8
13404,AZHH,0,1.3,3.3
13404,AZHH,0,1.4,3.9
13404,AZHH,0,1.5,4.5
13404,AZHH,0,1.6,5.1
13404,AZHH,0,1.7,5.8
13404,AZHH,0,1.8,6.5
13404,AZHH,0,1.9,7.2
13404,AZHH,0,2,8
13404,AZHH,0,2.1,8.8
13404,AZHH,0,2.2,9.6
13404,AZHH,0,2.3,10.4
13404,AZHH,0,2.4,11.3
13404,AZHH,0,2.5,12.1
13404,AZHH,0,2.6,12.9
13404,AZHH,0,2.7,13.7
13404,AZHH,0,2.8,14.4
13404,AZHH,0,2.9,15.1
13404,AZHH,0,3,15.8
13404,AZHH,0,3.1,16.4
13404,AZHH,0,3.2,17.1
13404,AZHH,0,3.3,17.6
13404,AZHH,0,3.4,18.1
13404,AZHH,0,3.5,18.5
13404,AZHH,0,3.6,18.9
13404,AZHH,0,3.7,19.4
13404,AZHH,0,3.8,19.8
13404,AZHH,0,3.9,20.2
13404,AZHH,0,4,20.6
13404,AZHH,0,4.1,21
13404,AZHH,0,4.2,21.5
13404,AZHH,0,4.3,22
13404,AZHH,0,4.4,22.4
13404,AZHH,0,4.5,22.9
13404,AZHH,0,5,25
13404,AZHH,0,6,29
13404,AZHH,0,7,32
13404,AZHH,0,14,32
13404,AZHH,0,16,35
13404,AZHH,0,18,35
13404,AZHH,0,21,38
13404,AZHH,0,31,38
13404,AZHH,0,33,41
13404,AZHH,0,43,41
13404,AZHH,0,44,42
13404,AZHH,0,59,42
13404,AZHH,0,66,48
13404,AZHH,0,78,48
13404,AZHH,0,86,57
13404,AZHH,0,180,57
13404,AZHH,0,274,57
13404,AZHH,0,282,48
13404,AZHH,0,294,48
13404,AZHH,0,301,42
13404,AZHH,0,316,42
13404,AZHH,0,317,41
13404,AZHH,0,327,41
13404,AZHH,0,329,38
13404,AZHH,0,339,38
13404,AZHH,0,342,35
13404,AZHH,0,344,35
13404,AZHH,0,346,32
13404,AZHH,0,353,32
13404,AZHH,0,354,29
13404,AZHH,0,355,25
13404,AZHH,0,355.5,22.9
13404,AZHH,0,355.6,22.4
13404,AZHH,0,355.7,22
13404,AZHH,0,355.8,21.5
13404,AZHH,0,355.9,21
13404,AZHH,0,356,20.6
13404,AZHH,0,356.1,20.2
13404,AZHH,0,356.2,19.8
13404,AZHH,0,356.3,19.4
13404,AZHH,0,356.4,18.9
13404,AZHH,0,356.5,18.5
13404,AZHH,0,356.6,18.1
13404,AZHH,0,356.7,17.6
13404,AZHH,0,356.8,17.1
13404,AZHH,0,356.9,16.4
13404,AZHH,0,357,15.8
13404,AZHH,0,357.1,15.1
13404,AZHH,0,357.2,14.4
13404,AZHH,0,357.3,13.7
13404,AZHH,0,357.4,12.9
13404,AZHH,0,357.5,12.1
13404,AZHH,0,357.6,11.3
13404,AZHH,0,357.7,10.4
13404,AZHH,0,357.8,9.6
13404,AZHH,0,357.9,8.8
13404,AZHH,0,358,8
13404,AZHH,0,358.1,7.2
13404,AZHH,0,358.2,6.5
13404,AZHH,0,358.3,5.8
13404,AZHH,0,358.4,5.1
13404,AZHH,0,358.5,4.5
13404,AZHH,0,358.6,3.9
13404,AZHH,0,358.7,3.3
13404,AZHH,0,358.8,2.8
13404,AZHH,0,358.9,2.4
13404,AZHH,0,359,1.9
13404,AZHH,0,359.1,1.6
13404,AZHH,0,359.2,1.2
13404,AZHH,0,359.3,0.9
13404,AZHH,0,359.4,0.7
13404,AZHH,0,359.5,0.5
13404,AZHH,0,359.6,0.3
13404,AZHH,0,359.7,0.2
13404,AZHH,0,359.8,0.1
13404,AZHH,0,359.9,0
13404,AZHV,0,0,31
13404,AZHV,0,1,32
13404,AZHV,0,2.5,41
13404,AZHV,0,4,42
13404,AZHV,0,7,48
13404,AZHV,0,15,49
13404,AZHV,0,40,64
13404,AZHV,0,180,64
13404,AZHV,0,320,64
13404,AZHV,0,345,49
13404,AZHV,0,353,48
13404,AZHV,0,356,42
13404,AZHV,0,357.5,41
13404,AZHV,0,359,32
13404,AZVH,0,0,32
13404,AZVH,0,1,32
13404,AZVH,0,2,35
13404,AZVH,0,3,42
13404,AZVH,0,6,47
13404,AZVH,0,12,52
13404,AZVH,0,33,57
13404,AZVH,0,60,62
13404,AZVH,0,180,62
13404,AZVH,0,300,62
13404,AZVH,0,327,57
13404,AZVH,0,348,52
13404,AZVH,0,354,47
13404,AZVH,0,357,42
13404,AZVH,0,358,35
13404,AZVH,0,359,32
13404,AZVV,0,0,0
13404,AZVV,0,0.1,0
13404,AZVV,0,0.2,0.1
13404,AZVV,0,0.3,0.2
13404,AZVV,0,0.4,0.4
13404,AZVV,0,0.5,0.7
13404,AZVV,0,0.6,1
13404,AZVV,0,0.7,1.4
13404,AZVV,0,0.8,1.8
13404,AZVV,0,0.9,2.3
13404,AZVV,0,1,2.8
13404,AZVV,0,1.1,3.4
13404,AZVV,0,1.2,4.1
13404,AZVV,0,1.3,4.9
13404,AZVV,0,1.4,5.8
13404,AZVV,0,1.5,6.7
13404,AZVV,0,1.6,7.7
13404,AZVV,0,1.7,8.8
13404,AZVV,0,1.8,10.1
13404,AZVV,0,1.9,11.3
13404,AZVV,0,2,12.5
13404,AZVV,0,2.1,13.9
13404,AZVV,0,2.2,15.3
13404,AZVV,0,2.3,16.7
13404,AZVV,0,2.4,18.2
13404,AZVV,0,2.5,19.7
13404,AZVV,0,2.6,21.1
13404,AZVV,0,3,22
13404,AZVV,0,6,22
13404,AZVV,0,10,23
13404,AZVV,0,23,37
13404,AZVV,0,29,37
13404,AZVV,0,33,40
13404,AZVV,0,36,40
13404,AZVV,0,38,41
13404,AZVV,0,46,41
13404,AZVV,0,48,43
13404,AZVV,0,64,43
13404,AZVV,0,70,47
13404,AZVV,0,75,56
13404,AZVV,0,80,56
13404,AZVV,0,82,57
13404,AZVV,0,180,57
13404,AZVV,0,278,57
13404,AZVV,0,280,56
13404,AZVV,0,285,56
13404,AZVV,0,290,47
13404,AZVV,0,296,43
13404,AZVV,0,312,43
13404,AZVV,0,314,41
13404,AZVV,0,322,41
13404,AZVV,0,324,40
13404,AZVV,0,327,40
13404,AZVV,0,331,37
13404,AZVV,0,337,37
13404,AZVV,0,350,23
13404,AZVV,0,354,22
13404,AZVV,0,357,22
13404,AZVV,0,357.4,21.1
13404,AZVV,0,357.5,19.7
13404,AZVV,0,357.6,18.2
13404,AZVV,0,357.7,16.7
13404,AZVV,0,357.8,15.3
13404,AZVV,0,357.9,13.9
13404,AZVV,0,358,12.5
13404,AZVV,0,358.1,11.3
13404,AZVV,0,358.2,10.1
13404,AZVV,0,358.3,8.8
13404,AZVV,0,358.4,7.7
13404,AZVV,0,358.5,6.7
13404,AZVV,0,358.6,5.8
13404,AZVV,0,358.7,4.9
13404,AZVV,0,358.8,4.1
13404,AZVV,0,358.9,3.4
13404,AZVV,0,359,2.8
13404,AZVV,0,359.1,2.3
13404,AZVV,0,359.2,1.8
13404,AZVV,0,359.3,1.4
13404,AZVV,0,359.4,1
13404,AZVV,0,359.5,0.7
13404,AZVV,0,359.6,0.4
13404,AZVV,0,359.7,0.2
13404,AZVV,0,359.8,0.1
13404,AZVV,0,359.9,0
20119,AZHH,0,0,0
20119,AZHH,0,0.3,0
20119,AZHH,0,0.5,0.4
20119,AZHH,0,0.8,1.1
20119,AZHH,0,1,2
20119,AZHH,0,1.3,3.4
20119,AZHH,0,1.6,4.9
20119,AZHH,0,1.8,6.6
20119,AZHH,0,2,8.7
20119,AZHH,0,2.2,10.8
20119,AZHH,0,2.4,13.9
20119,AZHH,0,2.5,16
20119,AZHH,0,2.7,18
20119,AZHH,0,5,18
20119,AZHH,0,5.01,20
20119,AZHH,0,7.5,20
20119,AZHH,0,8,22
20119,AZHH,0,9,22
20119,AZHH,0,10,27
20119,AZHH,0,15,27
20119,AZHH,0,16.5,30
20119,AZHH,0,20,30
20119,AZHH,0,27.5,32
20119,AZHH,0,30,32
20119,AZHH,0,30.01,35
20119,AZHH,0,58,35
20119,AZHH,0,80,44
20119,AZHH,0,105,62
20119,AZHH,0,180,62
20119,AZHH,0,255,62
20119,AZHH,0,280,44
20119,AZHH,0,302,35
20119,AZHH,0,330,35
20119,AZHH,0,330.01,32
20119,AZHH,0,332.5,32
20119,AZHH,0,340,30
20119,AZHH,0,343.5,30
20119,AZHH,0,345,27
20119,AZHH,0,350,27
20119,AZHH,0,351,22
20119,AZHH,0,352,22
20119,AZHH,0,352.5,20
20119,AZHH,0,355,20
20119,AZHH,0,355.01,18
20119,AZHH,0,357.3,18
20119,AZHH,0,357.5,16
20119,AZHH,0,357.6,13.9
20119,AZHH,0,357.8,10.8
20119,AZHH,0,358,8.7
20119,AZHH,0,358.2,6.6
20119,AZHH,0,358.4,4.9
20119,AZHH,0,358.7,3.4
20119,AZHH,0,359,2
20119,AZHH,0,359.2,1.1
20119,AZHH,0,359.5,0.4
20119,AZHH,0,359.7,0
20119,AZHV,0,0,32
20119,AZHV,0,3,32
20119,AZHV,0,5,40
20119,AZHV,0,10,40
20119,AZHV,0,14,44
20119,AZHV,0,15,44
20119,AZHV,0,20,44
20119,AZHV,0,30,45
20119,AZHV,0,60,48
20119,AZHV,0,65,50
20119,AZHV,0,80,57
20119,AZHV,0,90,60
20119,AZHV,0,120,62
20119,AZHV,0,180,62
20119,AZHV,0,240,62
20119,AZHV,0,270,60
20119,AZHV,0,280,57
20119,AZHV,0,295,50
20119,AZHV,0,300,48
20119,AZHV,0,330,45
20119,AZHV,0,340,44
20119,AZHV,0,345,44
20119,AZHV,0,346,44
20119,AZHV,0,350,40
20119,AZHV,0,355,40
20119,AZHV,0,357,32
20119,AZVH,0,0,32
20119,AZVH,0,3,32
20119,AZVH,0,5,37
20119,AZVH,0,8,38
20119,AZVH,0,10,41
20119,AZVH,0,12,44
20119,AZVH,0,15,44
20119,AZVH,0,30,44
20119,AZVH,0,36,48
20119,AZVH,0,40,48.5
20119,AZVH,0,60,52
20119,AZVH,0,70,52
20119,AZVH,0,80,56
20119,AZVH,0,105,60
20119,AZVH,0,140,62
20119,AZVH,0,180,62
20119,AZVH,0,220,62
20119,AZVH,0,255,60
20119,AZVH,0,280,56
20119,AZVH,0,290,52
20119,AZVH,0,300,52
20119,AZVH,0,320,48.5
20119,AZVH,0,324,48
20119,AZVH,0,330,44
20119,AZVH,0,345,44
20119,AZVH,0,348,44
20119,AZVH,0,350,41
20119,AZVH,0,352,38
20119,AZVH,0,355,37
20119,AZVH,0,357,32
20119,AZVV,0,0,0
20119,AZVV,0,0.3,0
20119,AZVV,0,0.6,0.5
20119,AZVV,0,0.9,1.2
20119,AZVV,0,1.2,2.3
20119,AZVV,0,1.5,4.2
20119,AZVV,0,1.8,6.3
20119,AZVV,0,2.1,8.3
20119,AZVV,0,2.4,11.8
20119,AZVV,0,2.8,17.5
20119,AZVV,0,4,20
20119,AZVV,0,5,22
20119,AZVV,0,9,22
20119,AZVV,0,11,26
20119,AZVV,0,15,27
20119,AZVV,0,20,28.5
20119,AZVV,0,30,35
20119,AZVV,0,46,36
20119,AZVV,0,60,43
20119,AZVV,0,66,44
20119,AZVV,0,85,58
20119,AZVV,0,100,62
20119,AZVV,0,180,62
20119,AZVV,0,260,62
20119,AZVV,0,275,58
20119,AZVV,0,294,44
20119,AZVV,0,300,43
20119,AZVV,0,314,36
20119,AZVV,0,330,35
20119,AZVV,0,340,28.5
20119,AZVV,0,345,27
20119,AZVV,0,349,26
20119,AZVV,0,351,22
20119,AZVV,0,355,22
20119,AZVV,0,356,20
20119,AZVV,0,357.2,17.5
20119,AZVV,0,357.6,11.8
20119,AZVV,0,357.9,8.3
20119,AZVV,0,358.2,6.3
20119,AZVV,0,358.5,4.2
20119,AZVV,0,358.8,2.3
20119,AZVV,0,359.1,1.2
20119,AZVV,0,359.4,0.5
20119,AZVV,0,359.7,0
208,AZHH,0,0,0
208,AZHH,0,0.5,1.3
208,AZHH,0,1,5
208,AZHH,0,1.5,11
208,AZHH,0,1.6,25
208,AZHH,0,2.9,25
208,AZHH,0,5.4,28
208,AZHH,0,9.5,39
208,AZHH,0,15,40
208,AZHH,0,35,46
208,AZHH,0,60,46
208,AZHH,0,100,68
208,AZHH,0,180,68
208,AZHH,0,260,68
208,AZHH,0,300,46
208,AZHH,0,325,46
208,AZHH,0,345,40
208,AZHH,0,350.5,39
208,AZHH,0,354.6,28
208,AZHH,0,357.1,25
208,AZHH,0,358.4,25
208,AZHH,0,358.5,11
208,AZHH,0,359,5
208,AZHH,0,359.5,1.3
208,AZHV,0,0,30
208,AZHV,0,1.4,30
208,AZHV,0,1.9,40
208,AZHV,0,2.2,46
208,AZHV,0,3.5,49
208,AZHV,0,12.6,49
208,AZHV,0,15,51.8
208,AZHV,0,24,55.4
208,AZHV,0,30.5,55.9
208,AZHV,0,40,60
208,AZHV,0,50,60
208,AZHV,0,100,70
208,AZHV,0,180,70
208,AZHV,0,260,70
208,AZHV,0,310,60
208,AZHV,0,320,60
208,AZHV,0,329.5,55.9
208,AZHV,0,336,55.4
208,AZHV,0,345,51.8
208,AZHV,0,347.4,49
208,AZHV,0,356.5,49
208,AZHV,0,357.8,46
208,AZHV,0,358.1,40
208,AZHV,0,358.6,30
208,AZVH,0,0,30
208,AZVH,0,1.4,30
208,AZVH,0,1.9,40
208,AZVH,0,3,40
208,AZVH,0,4.5,45.8
208,AZVH,0,5.6,45.8
208,AZVH,0,7,49.9
208,AZVH,0,11.5,49.9
208,AZVH,0,15,54.8
208,AZVH,0,24,55.4
208,AZVH,0,30.5,55.9
208,AZVH,0,40,60
208,AZVH,0,65.5,60
208,AZVH,0,100,70
208,AZVH,0,180,70
208,AZVH,0,260,70
208,AZVH,0,294.5,60
208,AZVH,0,320,60
208,AZVH,0,329.5,55.9
208,AZVH,0,336,55.4
208,AZVH,0,345,54.8
208,AZVH,0,348.5,49.9
208,AZVH,0,353,49.9
208,AZVH,0,354.4,45.8
208,AZVH,0,355.5,45.8
208,AZVH,0,357,40
208,AZVH,0,358.1,40
208,AZVH,0,358.6,30
208,AZVV,0,0,0
208,AZVV,0,0.5,1.3
208,AZVV,0,1,5
208,AZVV,0,1.5,11
208,AZVV,0,1.6,25
208,AZVV,0,2.5,25
208,AZVV,0,3.5,27
208,AZVV,0,4.7,27.2
208,AZVV,0,5.4,28
208,AZVV,0,7.5,34
208,AZVV,0,11.1,34
208,AZVV,0,14,40.1
208,AZVV,0,23,40.1
208,AZVV,0,40,50
208,AZVV,0,44.5,54.1
208,AZVV,0,60.5,54.1
208,AZVV,0,100,68
208,AZVV,0,180,68
208,AZVV,0,260,68
208,AZVV,0,299.5,54.1
208,AZVV,0,315.5,54.1
208,AZVV,0,320,50
208,AZVV,0,337,40.1
208,AZVV,0,346,40.1
208,AZVV,0,348.9,34
208,AZVV,0,352.5,34
208,AZVV,0,354.6,28
208,AZVV,0,355.3,27.2
208,AZVV,0,356.5,27
208,AZVV,0,357.5,25
208,AZVV,0,358.4,25
208,AZVV,0,358.5,11
208,AZVV,0,359,5
208,AZVV,0,359.5,1.3
238,AZHH,0,0,0
238,AZHH,0,0.3,0.1
238,AZHH,0,0.8,0.2
238,AZHH,0,1.1,0.2
238,AZHH,0,1.8,0.5
238,AZHH,0,2,0.8
238,AZHH,0,3.3,2
238,AZHH,0,4.3,4
238,AZHH,0,5,5
238,AZHH,0,6,7.8
238,AZHH,0,7.2,11
238,AZHH,0,8.3,14
238,AZHH,0,10.8,20
238,AZHH,0,15,20
238,AZHH,0,22,26
238,AZHH,0,26,26
238,AZHH,0,35,31
238,AZHH,0,115,31
238,AZHH,0,123,35
238,AZHH,0,144,35
238,AZHH,0,170,35
238,AZHH,0,172,33
238,AZHH,0,180,33
238,AZHH,0,188,33
238,AZHH,0,190,35
238,AZHH,0,216,35
238,AZHH,0,237,35
238,AZHH,0,245,31
238,AZHH,0,325,31
238,AZHH,0,334,26
238,AZHH,0,338,26
238,AZHH,0,345,20
238,AZHH,0,349.2,20
238,AZHH,0,351.7,14
238,AZHH,0,352.8,11
238,AZHH,0,354,7.8
238,AZHH,0,355,5
238,AZHH,0,355.7,4
238,AZHH,0,356.7,2
238,AZHH,0,358,0.8
238,AZHH,0,358.2,0.5
238,AZHH,0,358.9,0.2
238,AZHH,0,359.2,0.2
238,AZHH,0,359.7,0.1
238,AZHV,0,0,32
238,AZHV,0,5,32
238,AZHV,0,6,35
238,AZHV,0,9,35
238,AZHV,0,10,38
238,AZHV,0,15,38
238,AZHV,0,145,38
238,AZHV,0,150,42
238,AZHV,0,180,42
238,AZHV,0,210,42
238,AZHV,0,215,38
238,AZHV,0,345,38
238,AZHV,0,350,38
238,AZHV,0,351,35
238,AZHV,0,354,35
238,AZHV,0,355,32
238,AZVH,0,0,32
238,AZVH,0,5,32
238,AZVH,0,6,35
238,AZVH,0,9,35
238,AZVH,0,10,38
238,AZVH,0,15,38
238,AZVH,0,145,38
238,AZVH,0,150,42
238,AZVH,0,180,42
238,AZVH,0,210,42
238,AZVH,0,215,38
238,AZVH,0,345,38
238,AZVH,0,350,38
238,AZVH,0,351,35
238,AZVH,0,354,35
238,AZVH,0,355,32
238,AZVV,0,0,0
238,AZVV,0,0.5,0.1
238,AZVV,0,1,0.2
238,AZVV,0,1.5,0.6
238,AZVV,0,2.1,1.1
238,AZVV,0,3.3,3
238,AZVV,0,4,5
238,AZVV,0,5.2,9
238,AZVV,0,6.5,14
238,AZVV,0,10.6,14
238,AZVV,0,13,18.5
238,AZVV,0,15,18.5
238,AZVV,0,22.5,21
238,AZVV,0,26,23
238,AZVV,0,100,23
238,AZVV,0,105,25
238,AZVV,0,110,25
238,AZVV,0,123,33
238,AZVV,0,180,33
238,AZVV,0,237,33
238,AZVV,0,250,25
238,AZVV,0,255,25
238,AZVV,0,260,23
238,AZVV,0,334,23
238,AZVV,0,337.5,21
238,AZVV,0,345,18.5
238,AZVV,0,347,18.5
238,AZVV,0,349.4,14
238,AZVV,0,353.5,14
238,AZVV,0,354.8,9
238,AZVV,0,356,5
238,AZVV,0,356.7,3
238,AZVV,0,357.9,1.1
238,AZVV,0,358.5,0.6
238,AZVV,0,359,0.2
238,AZVV,0,359.5,0.1
249,AZHH,0,0,0
249,AZHH,0,0.3,0
249,AZHH,0,0.5,0.2
249,AZHH,0,1.2,0.4
249,AZHH,0,1.8,1
249,AZHH,0,2.3,2
249,AZHH,0,3.2,3.9
249,AZHH,0,4.2,6.6
249,AZHH,0,5,8.9
249,AZHH,0,6,13
249,AZHH,0,7,18
249,AZHH,0,8,22
249,AZHH,0,10.1,22
249,AZHH,0,12,25
249,AZHH,0,15,25
249,AZHH,0,18,25
249,AZHH,0,23.5,31
249,AZHH,0,25.5,33
249,AZHH,0,50.7,33
249,AZHH,0,57,36
249,AZHH,0,66,36
249,AZHH,0,70,37
249,AZHH,0,86,37
249,AZHH,0,100,41
249,AZHH,0,169,41
249,AZHH,0,171,38
249,AZHH,0,180,38
249,AZHH,0,189,38
249,AZHH,0,191,41
249,AZHH,0,260,41
249,AZHH,0,274,37
249,AZHH,0,290,37
249,AZHH,0,294,36
249,AZHH,0,303,36
249,AZHH,0,309.3,33
249,AZHH,0,334.5,33
249,AZHH,0,336.5,31
249,AZHH,0,342,25
249,AZHH,0,345,25
249,AZHH,0,348,25
249,AZHH,0,349.9,22
249,AZHH,0,352,22
249,AZHH,0,353,18
249,AZHH,0,354,13
249,AZHH,0,355,8.9
249,AZHH,0,355.8,6.6
249,AZHH,0,356.8,3.9
249,AZHH,0,357.7,2
249,AZHH,0,358.2,1
249,AZHH,0,358.8,0.4
249,AZHH,0,359.5,0.2
249,AZHH,0,359.7,0
249,AZHV,0,0,34
249,AZHV,0,5,34
249,AZHV,0,7,37
249,AZHV,0,15,37
249,AZHV,0,25,37
249,AZHV,0,30,41
249,AZHV,0,130,41
249,AZHV,0,140,43
249,AZHV,0,180,43
249,AZHV,0,220,43
249,AZHV,0,230,41
249,AZHV,0,330,41
249,AZHV,0,335,37
249,AZHV,0,345,37
249,AZHV,0,353,37
249,AZHV,0,355,34
249,AZVH,0,0,34
249,AZVH,0,5,34
249,AZVH,0,7,37
249,AZVH,0,15,37
249,AZVH,0,25,37
249,AZVH,0,30,41
249,AZVH,0,130,41
249,AZVH,0,140,43
249,AZVH,0,180,43
249,AZVH,0,220,43
249,AZVH,0,230,41
249,AZVH,0,330,41
249,AZVH,0,335,37
249,AZVH,0,345,37
249,AZVH,0,353,37
249,AZVH,0,355,34
249,AZVV,0,0,0
249,AZVV,0,0.3,0
249,AZVV,0,0.7,0.3
249,AZVV,0,1,0.6
249,AZVV,0,1.6,1.2
249,AZVV,0,2.3,3
249,AZVV,0,3.2,6
249,AZVV,0,4.3,12
249,AZVV,0,5.1,16
249,AZVV,0,7.5,16
249,AZVV,0,9.5,23
249,AZVV,0,15,23
249,AZVV,0,25,30
249,AZVV,0,87,30
249,AZVV,0,105,38
249,AZVV,0,180,38
249,AZVV,0,255,38
249,AZVV,0,273,30
249,AZVV,0,335,30
249,AZVV,0,345,23
249,AZVV,0,350.5,23
249,AZVV,0,352.5,16
249,AZVV,0,354.9,16
249,AZVV,0,355.7,12
249,AZVV,0,356.8,6
249,AZVV,0,357.7,3
249,AZVV,0,358.4,1.2
249,AZVV,0,359,0.6
249,AZVV,0,359.3,0.3
249,AZVV,0,359.7,0
258,AZHH,0,0,0
258,AZHH,0,0.5,0.6
258,AZHH,0,1,1.3
258,AZHH,0,1.5,2.4
258,AZHH,0,2,4.1
258,AZHH,0,2.5,6.3
258,AZHH,0,3,9.1
258,AZHH,0,4,16
258,AZHH,0,5,16
258,AZHH,0,7.5,22
258,AZHH,0,15,25
258,AZHH,0,30,29
258,AZHH,0,100,29
258,AZHH,0,120,37
258,AZHH,0,140,41
258,AZHH,0,170,41
258,AZHH,0,170.01,40
258,AZHH,0,180,40
258,AZHH,0,190,40
258,AZHH,0,190.01,41
258,AZHH,0,220,41
258,AZHH,0,240,37
258,AZHH,0,260,29
258,AZHH,0,330,29
258,AZHH,0,345,25
258,AZHH,0,352.5,22
258,AZHH,0,355,16
258,AZHH,0,356,16
258,AZHH,0,357,9.1
258,AZHH,0,357.5,6.3
258,AZHH,0,358,4.1
258,AZHH,0,358.5,2.4
258,AZHH,0,359,1.3
258,AZHH,0,359.5,0.6
258,AZHV,0,0,30
258,AZHV,0,4,30
258,AZHV,0,7,40
258,AZHV,0,10,41
258,AZHV,0,15,41
258,AZHV,0,170,41
258,AZHV,0,170.01,40
258,AZHV,0,180,40
258,AZHV,0,190,40
258,AZHV,0,190.01,41
258,AZHV,0,345,41
258,AZHV,0,350,41
258,AZHV,0,353,40
258,AZHV,0,356,30
258,AZVH,0,0,30
258,AZVH,0,4,30
258,AZVH,0,7,40
258,AZVH,0,10,41
258,AZVH,0,15,41
258,AZVH,0,170,41
258,AZVH,0,170.01,40
258,AZVH,0,180,40
258,AZVH,0,190,40
258,AZVH,0,190.01,41
258,AZVH,0,345,41
258,AZVH,0,350,41
258,AZVH,0,353,40
258,AZVH,0,356,30
258,AZVV,0,0,0
258,AZVV,0,0.5,0.2
258,AZVV,0,1,0.7
258,AZVV,0,1.5,1.5
258,AZVV,0,2,2.4
258,AZVV,0,2.5,3.9
258,AZVV,0,3,5.9
258,AZVV,0,4,10.4
258,AZVV,0,5,17
258,AZVV,0,7.5,22
258,AZVV,0,15,25
258,AZVV,0,30,29
258,AZVV,0,50,36
258,AZVV,0,100,36
258,AZVV,0,130,41
258,AZVV,0,170,41
258,AZVV,0,170.01,40
258,AZVV,0,180,40
258,AZVV,0,190,40
258,AZVV,0,190.01,41
258,AZVV,0,230,41
258,AZVV,0,260,36
258,AZVV,0,310,36
258,AZVV,0,330,29
258,AZVV,0,345,25
258,AZVV,0,352.5,22
258,AZVV,0,355,17
258,AZVV,0,356,10.4
258,AZVV,0,357,5.9
258,AZVV,0,357.5,3.9
258,AZVV,0,358,2.4
258,AZVV,0,358.5,1.5
258,AZVV,0,359,0.7
258,AZVV,0,359.5,0.2
30037,AZHH,0,0,0
30037,AZHH,0,0.5,0
30037,AZHH,0,1,0.1
30037,AZHH,0,1.5,0.2
30037,AZHH,0,2,0.4
30037,AZHH,0,2.5,0.6
30037,AZHH,0,3,0.8
30037,AZHH,0,3.5,1.1
30037,AZHH,0,4,1.4
30037,AZHH,0,4.5,1.8
30037,AZHH,0,5,2.2
30037,AZHH,0,5.5,2.7
30037,AZHH,0,6,3.2
30037,AZHH,0,6.5,3.8
30037,AZHH,0,7,4.4
30037,AZHH,0,7.5,5.1
30037,AZHH,0,8,5.8
30037,AZHH,0,8.5,6.5
30037,AZHH,0,9,7.3
30037,AZHH,0,9.5,8.2
30037,AZHH,0,10,9.1
30037,AZHH,0,10.5,10.1
30037,AZHH,0,11,11.3
30037,AZHH,0,11.5,12.6
30037,AZHH,0,12,13.9
30037,AZHH,0,12.5,15.3
30037,AZHH,0,13,16.7
30037,AZHH,0,13.5,18
30037,AZHH,0,15,18
30037,AZHH,0,21,18
30037,AZHH,0,26,23
30037,AZHH,0,35,23
30037,AZHH,0,40,25
30037,AZHH,0,61,25
30037,AZHH,0,69,29
30037,AZHH,0,150.5,29
30037,AZHH,0,153,30
30037,AZHH,0,180,30
30037,AZHH,0,207,30
30037,AZHH,0,209.5,29
30037,AZHH,0,291,29
30037,AZHH,0,299,25
30037,AZHH,0,320,25
30037,AZHH,0,325,23
30037,AZHH,0,334,23
30037,AZHH,0,339,18
30037,AZHH,0,345,18
30037,AZHH,0,346.5,18
30037,AZHH,0,347,16.7
30037,AZHH,0,347.5,15.3
30037,AZHH,0,348,13.9
30037,AZHH,0,348.5,12.6
30037,AZHH,0,349,11.3
30037,AZHH,0,349.5,10.1
30037,AZHH,0,350,9.1
30037,AZHH,0,350.5,8.2
30037,AZHH,0,351,7.3
30037,AZHH,0,351.5,6.5
30037,AZHH,0,352,5.8
30037,AZHH,0,352.5,5.1
30037,AZHH,0,353,4.4
30037,AZHH,0,353.5,3.8
30037,AZHH,0,354,3.2
30037,AZHH,0,354.5,2.7
30037,AZHH,0,355,2.2
30037,AZHH,0,355.5,1.8
30037,AZHH,0,356,1.4
30037,AZHH,0,356.5,1.1
30037,AZHH,0,357,0.8
30037,AZHH,0,357.5,0.6
30037,AZHH,0,358,0.4
30037,AZHH,0,358.5,0.2
30037,AZHH,0,359,0.1
30037,AZHH,0,359.5,0
30037,AZHV,0,0,32
30037,AZHV,0,15,32
30037,AZHV,0,180,32
30037,AZHV,0,345,32
30037,AZVH,0,0,30
30037,AZVH,0,15,30
30037,AZVH,0,30,30
30037,AZVH,0,40,32
30037,AZVH,0,180,32
30037,AZVH,0,320,32
30037,AZVH,0,330,30
30037,AZVH,0,345,30
30037,AZVV,0,0,0
30037,AZVV,0,0.5,0.1
30037,AZVV,0,1,0.1
30037,AZVV,0,1.5,0.2
30037,AZVV,0,2,0.4
30037,AZVV,0,2.5,0.7
30037,AZVV,0,3,1
30037,AZVV,0,3.5,1.4
30037,AZVV,0,4,1.8
30037,AZVV,0,4.5,2.4
30037,AZVV,0,5,3
30037,AZVV,0,5.5,3.5
30037,AZVV,0,6,4.2
30037,AZVV,0,6.5,5
30037,AZVV,0,7,5.8
30037,AZVV,0,7.5,6.6
30037,AZVV,0,8,7.4
30037,AZVV,0,8.5,8.3
30037,AZVV,0,9,9.2
30037,AZVV,0,9.5,10.1
30037,AZVV,0,10,11
30037,AZVV,0,15,11
30037,AZVV,0,16,11
30037,AZVV,0,26,18
30037,AZVV,0,85,18
30037,AZVV,0,105,22
30037,AZVV,0,142,22
30037,AZVV,0,152,28
30037,AZVV,0,180,28
30037,AZVV,0,208,28
30037,AZVV,0,218,22
30037,AZVV,0,255,22
30037,AZVV,0,275,18
30037,AZVV,0,334,18
30037,AZVV,0,344,11
30037,AZVV,0,345,11
30037,AZVV,0,350,11
30037,AZVV,0,350.5,10.1
30037,AZVV,0,351,9.2
30037,AZVV,0,351.5,8.3
30037,AZVV,0,352,7.4
30037,AZVV,0,352.5,6.6
30037,AZVV,0,353,5.8
30037,AZVV,0,353.5,5
30037,AZVV,0,354,4.2
30037,AZVV,0,354.5,3.5
30037,AZVV,0,355,3
30037,AZVV,0,355.5,2.4
30037,AZVV,0,356,1.8
30037,AZVV,0,356.5,1.4
30037,AZVV,0,357,1
30037,AZVV,0,357.5,0.7
30037,AZVV,0,358,0.4
30037,AZVV,0,358.5,0.2
30037,AZVV,0,359,0.1
30037,AZVV,0,359.5,0.1
30127,AZHH,0,0,0
30127,AZHH,0,0.25,0
30127,AZHH,0,0.5,0.34
30127,AZHH,0,0.75,0.95
30127,AZHH,0,1,1.76
30127,AZHH,0,1.24,2.77
30127,AZHH,0,1.48,4.06
30127,AZHH,0,1.75,5.75
30127,AZHH,0,2,7.78
30127,AZHH,0,2.25,10
30127,AZHH,0,2.51,14
30127,AZHH,0,2.64,16
30127,AZHH,0,4.5,16
30127,AZHH,0,5.4,20
30127,AZHH,0,8,20
30127,AZHH,0,11,25
30127,AZHH,0,13,27
30127,AZHH,0,15,30
30127,AZHH,0,22,30
30127,AZHH,0,30,32
30127,AZHH,0,35,35.5
30127,AZHH,0,43,35.5
30127,AZHH,0,69,42
30127,AZHH,0,98,62
30127,AZHH,0,180,62
30127,AZHH,0,262,62
30127,AZHH,0,291,42
30127,AZHH,0,317,35.5
30127,AZHH,0,325,35.5
30127,AZHH,0,330,32
30127,AZHH,0,338,30
30127,AZHH,0,345,30
30127,AZHH,0,347,27
30127,AZHH,0,349,25
30127,AZHH,0,352,20
30127,AZHH,0,354.6,20
30127,AZHH,0,355.5,16
30127,AZHH,0,357.36,16
30127,AZHH,0,357.49,14
30127,AZHH,0,357.75,10
30127,AZHH,0,358,7.78
30127,AZHH,0,358.25,5.75
30127,AZHH,0,358.52,4.06
30127,AZHH,0,358.76,2.77
30127,AZHH,0,359,1.76
30127,AZHH,0,359.25,0.95
30127,AZHH,0,359.5,0.34
30127,AZHH,0,359.75,0
30127,AZHV,0,0,32
30127,AZHV,0,3,32
30127,AZHV,0,6,42
30127,AZHV,0,15,42
30127,AZHV,0,23,44
30127,AZHV,0,30,44
30127,AZHV,0,35,48
30127,AZHV,0,45,48
30127,AZHV,0,48,48
30127,AZHV,0,53,50
30127,AZHV,0,60,56
30127,AZHV,0,68,60
30127,AZHV,0,80,65
30127,AZHV,0,180,65
30127,AZHV,0,280,65
30127,AZHV,0,292,60
30127,AZHV,0,300,56
30127,AZHV,0,307,50
30127,AZHV,0,312,48
30127,AZHV,0,315,48
30127,AZHV,0,325,48
30127,AZHV,0,330,44
30127,AZHV,0,337,44
30127,AZHV,0,345,42
30127,AZHV,0,354,42
30127,AZHV,0,357,32
30127,AZVH,0,0,32
30127,AZVH,0,3,32
30127,AZVH,0,5,46
30127,AZVH,0,7.5,46
30127,AZVH,0,10,50
30127,AZVH,0,15,50
30127,AZVH,0,20,53
30127,AZVH,0,28,54
30127,AZVH,0,33,58
30127,AZVH,0,52,58
30127,AZVH,0,83,66
30127,AZVH,0,180,66
30127,AZVH,0,277,66
30127,AZVH,0,308,58
30127,AZVH,0,327,58
30127,AZVH,0,332,54
30127,AZVH,0,340,53
30127,AZVH,0,345,50
30127,AZVH,0,350,50
30127,AZVH,0,352.5,46
30127,AZVH,0,355,46
30127,AZVH,0,357,32
30127,AZVV,0,0,0
30127,AZVV,0,0.26,0.07
30127,AZVV,0,0.5,0.34
30127,AZVV,0,0.75,0.88
30127,AZVV,0,1,1.62
30127,AZVV,0,1.24,2.71
30127,AZVV,0,1.5,3.93
30127,AZVV,0,1.74,5.48
30127,AZVV,0,2.01,7.38
30127,AZVV,0,2.25,9.5
30127,AZVV,0,2.51,13
30127,AZVV,0,2.75,16
30127,AZVV,0,3,19
30127,AZVV,0,4.5,19
30127,AZVV,0,5,22
30127,AZVV,0,9,22
30127,AZVV,0,10.5,26
30127,AZVV,0,15,30
30127,AZVV,0,23,30
30127,AZVV,0,27,31
30127,AZVV,0,37,36
30127,AZVV,0,45,38
30127,AZVV,0,67,50
30127,AZVV,0,82,58
30127,AZVV,0,95,63
30127,AZVV,0,180,63
30127,AZVV,0,265,63
30127,AZVV,0,278,58
30127,AZVV,0,293,50
30127,AZVV,0,315,38
30127,AZVV,0,323,36
30127,AZVV,0,333,31
30127,AZVV,0,337,30
30127,AZVV,0,345,30
30127,AZVV,0,349.5,26
30127,AZVV,0,351,22
30127,AZVV,0,355,22
30127,AZVV,0,355.5,19
30127,AZVV,0,357,19
30127,AZVV,0,357.25,16
30127,AZVV,0,357.49,13
30127,AZVV,0,357.75,9.5
30127,AZVV,0,357.99,7.38
30127,AZVV,0,358.26,5.48
30127,AZVV,0,358.5,3.93
30127,AZVV,0,358.76,2.71
30127,AZVV,0,359,1.62
30127,AZVV,0,359.25,0.88
30127,AZVV,0,359.5,0.34
30127,AZVV,0,359.74,0.07
40006,AZHH,0,0,0
40006,AZHH,0,0.5,0.7
40006,AZHH,0,1,3
40006,AZHH,0,1.5,9.3
40006,AZHH,0,2,15
40006,AZHH,0,3.5,25
40006,AZHH,0,8.6,25
40006,AZHH,0,9.3,25.8
40006,AZHH,0,10.5,32
40006,AZHH,0,15,33
40006,AZHH,0,20,33
40006,AZHH,0,20.01,36
40006,AZHH,0,30,36
40006,AZHH,0,30.01,42
40006,AZHH,0,46,42
40006,AZHH,0,66,49.3
40006,AZHH,0,100,71
40006,AZHH,0,180,71
40006,AZHH,0,260,71
40006,AZHH,0,294,49.3
40006,AZHH,0,314,42
40006,AZHH,0,330,42
40006,AZHH,0,330.01,36
40006,AZHH,0,340,36
40006,AZHH,0,340.01,33
40006,AZHH,0,345,33
40006,AZHH,0,349.5,32
40006,AZHH,0,350.7,25.8
40006,AZHH,0,351.4,25
40006,AZHH,0,356.5,25
40006,AZHH,0,358,15
40006,AZHH,0,358.5,9.3
40006,AZHH,0,359,3
40006,AZHH,0,359.5,0.7
40006,AZHV,0,0,30
40006,AZHV,0,2,30
40006,AZHV,0,2.01,38.8
40006,AZHV,0,8,40.5
40006,AZHV,0,9.9,50
40006,AZHV,0,12,50
40006,AZHV,0,15,53.9
40006,AZHV,0,45,58
40006,AZHV,0,65,58
40006,AZHV,0,90,72
40006,AZHV,0,180,72
40006,AZHV,0,270,72
40006,AZHV,0,295,58
40006,AZHV,0,315,58
40006,AZHV,0,345,53.9
40006,AZHV,0,348,50
40006,AZHV,0,350.1,50
40006,AZHV,0,352,40.5
40006,AZHV,0,358,38.8
40006,AZHV,0,358.01,30
40006,AZVH,0,0,30
40006,AZVH,0,2,30
40006,AZVH,0,3.2,43.9
40006,AZVH,0,6.4,43.9
40006,AZVH,0,8.6,48.2
40006,AZVH,0,14.3,48.2
40006,AZVH,0,15,50
40006,AZVH,0,24.5,54.5
40006,AZVH,0,56,56.8
40006,AZVH,0,76,63
40006,AZVH,0,94,71.9
40006,AZVH,0,266,71.9
40006,AZVH,0,284,63
40006,AZVH,0,304,56.8
40006,AZVH,0,335.5,54.5
40006,AZVH,0,345,50
40006,AZVH,0,345.7,48.2
40006,AZVH,0,351.4,48.2
40006,AZVH,0,353.6,43.9
40006,AZVH,0,356.8,43.9
40006,AZVH,0,358,30
40006,AZVV,0,0,0
40006,AZVV,0,0.5,0.7
40006,AZVV,0,1,3
40006,AZVV,0,1.5,9.3
40006,AZVV,0,2,15
40006,AZVV,0,3.5,25
40006,AZVV,0,5.5,25
40006,AZVV,0,7.5,27
40006,AZVV,0,11,34
40006,AZVV,0,20,34
40006,AZVV,0,20.01,36
40006,AZVV,0,30,36
40006,AZVV,0,30.01,42
40006,AZVV,0,38,42
40006,AZVV,0,45,45.9
40006,AZVV,0,49.5,45.9
40006,AZVV,0,68.5,53.1
40006,AZVV,0,100,71
40006,AZVV,0,180,71
40006,AZVV,0,260,71
40006,AZVV,0,291.5,53.1
40006,AZVV,0,310.5,45.9
40006,AZVV,0,315,45.9
40006,AZVV,0,322,42
40006,AZVV,0,330,42
40006,AZVV,0,330.01,36
40006,AZVV,0,340,36
40006,AZVV,0,340.01,34
40006,AZVV,0,349,34
40006,AZVV,0,352.5,27
40006,AZVV,0,354.5,25
40006,AZVV,0,356.5,25
40006,AZVV,0,358,15
40006,AZVV,0,358.5,9.3
40006,AZVV,0,359,3
40006,AZVV,0,359.5,0.7
40115,AZHH,0,0,0
40115,AZHH,0,0.2,0.2
40115,AZHH,0,0.4,0.6
40115,AZHH,0,0.6,1.4
40115,AZHH,0,1,4
40115,AZHH,0,1.4,7.8
40115,AZHH,0,1.8,13
40115,AZHH,0,2,16
40115,AZHH,0,2.5,16
40115,AZHH,0,5.5,22
40115,AZHH,0,8,24
40115,AZHH,0,10,28
40115,AZHH,0,15,30
40115,AZHH,0,30,33
40115,AZHH,0,60,46
40115,AZHH,0,100,64
40115,AZHH,0,180,64
40115,AZHH,0,260,64
40115,AZHH,0,300,46
40115,AZHH,0,330,33
40115,AZHH,0,345,30
40115,AZHH,0,350,28
40115,AZHH,0,352,24
40115,AZHH,0,354.5,22
40115,AZHH,0,357.5,16
40115,AZHH,0,358,16
40115,AZHH,0,358.2,13
40115,AZHH,0,358.6,7.8
40115,AZHH,0,359,4
40115,AZHH,0,359.4,1.4
40115,AZHH,0,359.6,0.6
40115,AZHH,0,359.8,0.2
40115,AZHV,0,0,30
40115,AZHV,0,2,30
40115,AZHV,0,5,47
40115,AZHV,0,15,52
40115,AZHV,0,40,54
40115,AZHV,0,80,60
40115,AZHV,0,90,64
40115,AZHV,0,180,64
40115,AZHV,0,270,64
40115,AZHV,0,280,60
40115,AZHV,0,320,54
40115,AZHV,0,345,52
40115,AZHV,0,355,47
40115,AZHV,0,358,30
40115,AZVH,0,0,30
40115,AZVH,0,2,30
40115,AZVH,0,5,47
40115,AZVH,0,12,47
40115,AZVH,0,15,50
40115,AZVH,0,40,54
40115,AZVH,0,80,60
40115,AZVH,0,90,64
40115,AZVH,0,180,64
40115,AZVH,0,270,64
40115,AZVH,0,280,60
40115,AZVH,0,320,54
40115,AZVH,0,345,50
40115,AZVH,0,348,47
40115,AZVH,0,355,47
40115,AZVH,0,358,30
40115,AZVV,0,0,0
40115,AZVV,0,0.2,0.2
40115,AZVV,0,0.4,0.6
40115,AZVV,0,0.6,1.4
40115,AZVV,0,1,4
40115,AZVV,0,1.4,7.8
40115,AZVV,0,1.8,13
40115,AZVV,0,2,16
40115,AZVV,0,2.5,16
40115,AZVV,0,5.5,22
40115,AZVV,0,8,24
40115,AZVV,0,10,28
40115,AZVV,0,15,32
40115,AZVV,0,25,34
40115,AZVV,0,60,46
40115,AZVV,0,100,64
40115,AZVV,0,180,64
40115,AZVV,0,260,64
40115,AZVV,0,300,46
40115,AZVV,0,335,34
40115,AZVV,0,345,32
40115,AZVV,0,350,28
40115,AZVV,0,352,24
40115,AZVV,0,354.5,22
40115,AZVV,0,357.5,16
40115,AZVV,0,358,16
40115,AZVV,0,358.2,13
40115,AZVV,0,358.6,7.8
40115,AZVV,0,359,4
40115,AZVV,0,359.4,1.4
40115,AZVV,0,359.6,0.6
40115,AZVV,0,359.8,0.2
483,AZHH,0,0,0
483,AZHH,0,0.5,2
483,AZHH,0,1,4.8
483,AZHH,0,1.5,22
483,AZHH,0,2.5,22
483,AZHH,0,2.51,24
483,AZHH,0,11.5,36
483,AZHH,0,20,36
483,AZHH,0,20.01,38
483,AZHH,0,30,38
483,AZHH,0,30.01,43
483,AZHH,0,45,43
483,AZHH,0,60,49
483,AZHH,0,70,50
483,AZHH,0,85,66
483,AZHH,0,180,66
483,AZHH,0,275,66
483,AZHH,0,290,50
483,AZHH,0,300,49
483,AZHH,0,315,43
483,AZHH,0,330,43
483,AZHH,0,330.01,38
483,AZHH,0,340,38
483,AZHH,0,340.01,36
483,AZHH,0,348.5,36
483,AZHH,0,357.5,24
483,AZHH,0,357.51,22
483,AZHH,0,358.5,22
483,AZHH,0,359,4.8
483,AZHH,0,359.5,2
483,AZHV,0,0,30
483,AZHV,0,3,30
483,AZHV,0,3.01,37
483,AZHV,0,6,37
483,AZHV,0,11,47
483,AZHV,0,15,47
483,AZHV,0,70,60
483,AZHV,0,85,66
483,AZHV,0,180,66
483,AZHV,0,275,66
483,AZHV,0,290,60
483,AZHV,0,345,47
483,AZHV,0,349,47
483,AZHV,0,354,37
483,AZHV,0,357,37
483,AZHV,0,357.01,30
483,AZVH,0,0,30
483,AZVH,0,3,30
483,AZVH,0,3.01,37
483,AZVH,0,6,37
483,AZVH,0,9.4,43.9
483,AZVH,0,14,43.9
483,AZVH,0,15,47
483,AZVH,0,70,60
483,AZVH,0,85,66
483,AZVH,0,180,66
483,AZVH,0,275,66
483,AZVH,0,290,60
483,AZVH,0,345,47
483,AZVH,0,346,43.9
483,AZVH,0,350.6,43.9
483,AZVH,0,354,37
483,AZVH,0,357,37
483,AZVH,0,357.01,30
483,AZVV,0,0,0
483,AZVV,0,0.5,2
483,AZVV,0,1,4.8
483,AZVV,0,1.5,22
483,AZVV,0,2.5,22
483,AZVV,0,2.51,24
483,AZVV,0,5,27
483,AZVV,0,8,29
483,AZVV,0,14,36
483,AZVV,0,20,36
483,AZVV,0,20.01,38
483,AZVV,0,30,38
483,AZVV,0,30.01,43
483,AZVV,0,45,43
483,AZVV,0,60,49
483,AZVV,0,73,54.2
483,AZVV,0,85,66
483,AZVV,0,180,66
483,AZVV,0,275,66
483,AZVV,0,287,54.2
483,AZVV,0,300,49
483,AZVV,0,315,43
483,AZVV,0,330,43
483,AZVV,0,330.01,38
483,AZVV,0,340,38
483,AZVV,0,340.01,36
483,AZVV,0,346,36
483,AZVV,0,352,29
483,AZVV,0,355,27
483,AZVV,0,357.5,24
483,AZVV,0,357.51,22
483,AZVV,0,358.5,22
483,AZVV,0,359,4.8
483,AZVV,0,359.5,2
558,AZHH,0,0,0
558,AZHH,0,0.5,0.7
558,AZHH,0,1,2.3
558,AZHH,0,1.5,8
558,AZHH,0,2,20
558,AZHH,0,2.1,25
558,AZHH,0,4.5,25
558,AZHH,0,8.4,34
558,AZHH,0,11.8,34
558,AZHH,0,15,39
558,AZHH,0,30,40
558,AZHH,0,40,42
558,AZHH,0,110,42
558,AZHH,0,140,55
558,AZHH,0,170,55
558,AZHH,0,170.01,48
558,AZHH,0,180,48
558,AZHH,0,190,48
558,AZHH,0,190.01,55
558,AZHH,0,220,55
558,AZHH,0,250,42
558,AZHH,0,320,42
558,AZHH,0,330,40
558,AZHH,0,345,39
558,AZHH,0,348.2,34
558,AZHH,0,351.6,34
558,AZHH,0,355.5,25
558,AZHH,0,357.9,25
558,AZHH,0,358,20
558,AZHH,0,358.5,8
558,AZHH,0,359,2.3
558,AZHH,0,359.5,0.7
558,AZHV,0,0,30
558,AZHV,0,1.5,30
558,AZHV,0,2.3,46
558,AZHV,0,8,46
558,AZHV,0,15,51
558,AZHV,0,23,53
558,AZHV,0,99.5,53
558,AZHV,0,120,60
558,AZHV,0,170,60
558,AZHV,0,170.01,55
558,AZHV,0,180,55
558,AZHV,0,190,55
558,AZHV,0,190.01,60
558,AZHV,0,240,60
558,AZHV,0,260.5,53
558,AZHV,0,337,53
558,AZHV,0,345,51
558,AZHV,0,352,46
558,AZHV,0,357.7,46
558,AZHV,0,358.5,30
558,AZVH,0,0,0
558,AZVH,0,1.5,30
558,AZVH,0,3,47
558,AZVH,0,7.4,54.9
558,AZVH,0,115,54.9
558,AZVH,0,125,60
558,AZVH,0,170,60
558,AZVH,0,170.01,55
558,AZVH,0,180,55
558,AZVH,0,190,55
558,AZVH,0,190.01,60
558,AZVH,0,235,60
558,AZVH,0,245,54.9
558,AZVH,0,352.6,54.9
558,AZVH,0,357,47
558,AZVH,0,358.5,30
558,AZVV,0,0,0
558,AZVV,0,0.5,0.7
558,AZVV,0,1,2.3
558,AZVV,0,1.5,8
558,AZVV,0,2,20
558,AZVV,0,2.1,23
558,AZVV,0,4,23
558,AZVV,0,9,32
558,AZVV,0,13.5,32
558,AZVV,0,15,35
558,AZVV,0,35,38
558,AZVV,0,50,47
558,AZVV,0,65,47
558,AZVV,0,95,42
558,AZVV,0,106,42
558,AZVV,0,140,55
558,AZVV,0,170,55
558,AZVV,0,170.01,48
558,AZVV,0,180,48
558,AZVV,0,190,48
558,AZVV,0,190.01,55
558,AZVV,0,220,55
558,AZVV,0,254,42
558,AZVV,0,265,42
558,AZVV,0,295,47
558,AZVV,0,310,47
558,AZVV,0,325,38
558,AZVV,0,345,35
558,AZVV,0,346.5,32
558,AZVV,0,351,32
558,AZVV,0,356,23
558,AZVV,0,357.9,23
558,AZVV,0,358,20
558,AZVV,0,358.5,8
558,AZVV,0,359,2.3
558,AZVV,0,359.5,0.7
70439,AZHH,0,0,0
70439,AZHH,0,0.3,0.5
70439,AZHH,0,0.4,1
70439,AZHH,0,0.5,1.5
70439,AZHH,0,0.6,2
70439,AZHH,0,0.61,2.5
70439,AZHH,0,0.7,3
70439,AZHH,0,0.8,3.5
70439,AZHH,0,0.81,4
70439,AZHH,0,0.9,5.5
70439,AZHH,0,0.9,4.5
70439,AZHH,0,0.91,5
70439,AZHH,0,1,6
70439,AZHH,0,1.01,6.5
70439,AZHH,0,1.1,8
70439,AZHH,0,1.1,7
70439,AZHH,0,1.11,7.5
70439,AZHH,0,1.2,8.5
70439,AZHH,0,1.21,9
70439,AZHH,0,1.3,10.5
70439,AZHH,0,1.3,9.5
70439,AZHH,0,1.31,10
70439,AZHH,0,1.4,12
70439,AZHH,0,1.4,11
70439,AZHH,0,1.41,12.5
70439,AZHH,0,1.41,11.5
70439,AZHH,0,1.5,14
70439,AZHH,0,1.5,13
70439,AZHH,0,1.51,13.5
70439,AZHH,0,1.6,14.5
70439,AZHH,0,2,15
70439,AZHH,0,3,24.5
70439,AZHH,0,4,25.5
70439,AZHH,0,5,29
70439,AZHH,0,7,32.5
70439,AZHH,0,9.5,35
70439,AZHH,0,14,42
70439,AZHH,0,20.5,43.5
70439,AZHH,0,25.5,44.5
70439,AZHH,0,34.5,46.5
70439,AZHH,0,49.5,46.5
70439,AZHH,0,67.5,53.5
70439,AZHH,0,81,63
70439,AZHH,0,95,72
70439,AZHH,0,180,72
70439,AZHH,0,265,72
70439,AZHH,0,279,63
70439,AZHH,0,292.5,53.5
70439,AZHH,0,310.5,46.5
70439,AZHH,0,325.5,46.5
70439,AZHH,0,334.5,44.5
70439,AZHH,0,339.5,43.5
70439,AZHH,0,346,42
70439,AZHH,0,350.5,35
70439,AZHH,0,353,32.5
70439,AZHH,0,355,29
70439,AZHH,0,356,25.5
70439,AZHH,0,357,24.5
70439,AZHH,0,358,15
70439,AZHH,0,358.4,14.5
70439,AZHH,0,358.5,14
70439,AZHH,0,358.51,13
70439,AZHH,0,358.51,13.5
70439,AZHH,0,358.6,12.5
70439,AZHH,0,358.61,11
70439,AZHH,0,358.61,12
70439,AZHH,0,358.61,11.5
70439,AZHH,0,358.7,10.5
70439,AZHH,0,358.71,9.5
70439,AZHH,0,358.71,10
70439,AZHH,0,358.8,9
70439,AZHH,0,358.81,8.5
70439,AZHH,0,358.9,7
70439,AZHH,0,358.9,8
70439,AZHH,0,358.91,7.5
70439,AZHH,0,359,6.5
70439,AZHH,0,359.01,6
70439,AZHH,0,359.1,5.5
70439,AZHH,0,359.11,5
70439,AZHH,0,359.11,4.5
70439,AZHH,0,359.2,4
70439,AZHH,0,359.21,3.5
70439,AZHH,0,359.3,3
70439,AZHH,0,359.4,2.5
70439,AZHH,0,359.41,2
70439,AZHH,0,359.5,1.5
70439,AZHH,0,359.6,1
70439,AZHH,0,359.7,0.5
70439,AZHV,0,1.5,30
70439,AZHV,0,3,45
70439,AZHV,0,4.5,50
70439,AZHV,0,6.5,55
70439,AZHV,0,12.5,58.5
70439,AZHV,0,19.5,61.5
70439,AZHV,0,32,62.5
70439,AZHV,0,48,64
70439,AZHV,0,58.5,65.5
70439,AZHV,0,73,69.5
70439,AZHV,0,90,75
70439,AZHV,0,180,75
70439,AZHV,0,270,75
70439,AZHV,0,287,69.5
70439,AZHV,0,301.5,65.5
70439,AZHV,0,312,64
70439,AZHV,0,328,62.5
70439,AZHV,0,340.5,61.5
70439,AZHV,0,347.5,58.5
70439,AZHV,0,353.5,55
70439,AZHV,0,355.5,50
70439,AZHV,0,357,45
70439,AZHV,0,358.5,30
70439,AZVH,0,0,30
70439,AZVH,0,1.5,30
70439,AZVH,0,3.5,44
70439,AZVH,0,4.5,50
70439,AZVH,0,7.5,57.5
70439,AZVH,0,9.7,57.5
70439,AZVH,0,18.9,60.27
70439,AZVH,0,29.5,60.75
70439,AZVH,0,43.2,61.22
70439,AZVH,0,58.5,65.5
70439,AZVH,0,73,69.5
70439,AZVH,0,90,75
70439,AZVH,0,180,75
70439,AZVH,0,270,75
70439,AZVH,0,287,69.5
70439,AZVH,0,301.5,65.5
70439,AZVH,0,316.8,61.22
70439,AZVH,0,330.5,60.75
70439,AZVH,0,341.1,60.27
70439,AZVH,0,350.3,57.5
70439,AZVH,0,352.5,57.5
70439,AZVH,0,355.5,50
70439,AZVH,0,356.5,44
70439,AZVH,0,358.5,30
70439,AZVV,0,0,0
70439,AZVV,0,0.01,0
70439,AZVV,0,0.3,0.5
70439,AZVV,0,0.4,1
70439,AZVV,0,0.5,1.5
70439,AZVV,0,0.6,2
70439,AZVV,0,0.61,2.5
70439,AZVV,0,0.7,3
70439,AZVV,0,0.8,3.5
70439,AZVV,0,0.81,4
70439,AZVV,0,0.9,4.5
70439,AZVV,0,0.9,5.5
70439,AZVV,0,0.91,5
70439,AZVV,0,1,6
70439,AZVV,0,1.01,6.5
70439,AZVV,0,1.1,8
70439,AZVV,0,1.1,7
70439,AZVV,0,1.11,7.5
70439,AZVV,0,1.2,8.5
70439,AZVV,0,1.21,9
70439,AZVV,0,1.3,10.5
70439,AZVV,0,1.3,9.5
70439,AZVV,0,1.31,10
70439,AZVV,0,1.4,11
70439,AZVV,0,1.4,12
70439,AZVV,0,1.41,12.5
70439,AZVV,0,1.41,11.5
70439,AZVV,0,1.5,13
70439,AZVV,0,2,13
70439,AZVV,0,3,20
70439,AZVV,0,4,21
70439,AZVV,0,5,29.5
70439,AZVV,0,9.5,35
70439,AZVV,0,14,40.5
70439,AZVV,0,20.5,42
70439,AZVV,0,25,43
70439,AZVV,0,28,45
70439,AZVV,0,49.5,46.5
70439,AZVV,0,67.5,53.5
70439,AZVV,0,77.5,62
70439,AZVV,0,95,72
70439,AZVV,0,180,72
70439,AZVV,0,265,72
70439,AZVV,0,282.5,62
70439,AZVV,0,292.5,53.5
70439,AZVV,0,310.5,46.5
70439,AZVV,0,332,45
70439,AZVV,0,335,43
70439,AZVV,0,339.5,42
70439,AZVV,0,346,40.5
70439,AZVV,0,350.5,35
70439,AZVV,0,355,29.5
70439,AZVV,0,356,21
70439,AZVV,0,357,20
70439,AZVV,0,358,13
70439,AZVV,0,358.5,13
70439,AZVV,0,358.6,12.5
70439,AZVV,0,358.61,12
70439,AZVV,0,358.61,11.5
70439,AZVV,0,358.61,11
70439,AZVV,0,358.7,10.5
70439,AZVV,0,358.71,10
70439,AZVV,0,358.71,9.5
70439,AZVV,0,358.8,9
70439,AZVV,0,358.81,8.5
70439,AZVV,0,358.9,8
70439,AZVV,0,358.9,7
70439,AZVV,0,358.91,7.5
70439,AZVV,0,359,6.5
70439,AZVV,0,359.01,6
70439,AZVV,0,359.1,5.5
70439,AZVV,0,359.11,4.5
70439,AZVV,0,359.11,5
70439,AZVV,0,359.2,4
70439,AZVV,0,359.21,3.5
70439,AZVV,0,359.3,3
70439,AZVV,0,359.4,2.5
70439,AZVV,0,359.41,2
70439,AZVV,0,359.5,1.5
70439,AZVV,0,359.6,1
70439,AZVV,0,359.7,0.5
70472,AZHH,0,0,0
70472,AZHH,0,0.43,0.34
70472,AZHH,0,0.78,0.86
70472,AZHH,0,0.86,2.05
70472,AZHH,0,1.21,3.94
70472,AZHH,0,1.38,5.99
70472,AZHH,0,1.98,9.93
70472,AZHH,0,2.76,14.9
70472,AZHH,0,3.53,19.86
70472,AZHH,0,4.48,21.92
70472,AZHH,0,6.55,21.92
70472,AZHH,0,9.31,26.88
70472,AZHH,0,11.03,26.88
70472,AZHH,0,12.5,33.05
70472,AZHH,0,15,33.05
70472,AZHH,0,25.25,32.88
70472,AZHH,0,35.5,39.9
70472,AZHH,0,55.48,42.64
70472,AZHH,0,99.55,64.73
70472,AZHH,0,180,64.9
70472,AZHH,0,260.45,64.73
70472,AZHH,0,304.52,42.64
70472,AZHH,0,324.5,39.9
70472,AZHH,0,334.75,32.88
70472,AZHH,0,345,33.05
70472,AZHH,0,347.5,33.05
70472,AZHH,0,348.97,26.88
70472,AZHH,0,350.69,26.88
70472,AZHH,0,353.45,21.92
70472,AZHH,0,355.52,21.92
70472,AZHH,0,356.47,19.86
70472,AZHH,0,357.24,14.9
70472,AZHH,0,358.02,9.93
70472,AZHH,0,358.62,5.99
70472,AZHH,0,358.79,3.94
70472,AZHH,0,359.14,2.05
70472,AZHH,0,359.22,0.86
70472,AZHH,0,359.57,0.34
70472,AZHV,0,0,30
70472,AZHV,0,2.07,30
70472,AZHV,0,2.07,40.75
70472,AZHV,0,2.08,34.93
70472,AZHV,0,8.36,40.75
70472,AZHV,0,13.53,52.74
70472,AZHV,0,15,52.74
70472,AZHV,0,40.11,52.74
70472,AZHV,0,63.17,59.42
70472,AZHV,0,95,64.9
70472,AZHV,0,180,64.9
70472,AZHV,0,265,64.9
70472,AZHV,0,296.83,59.42
70472,AZHV,0,319.89,52.74
70472,AZHV,0,345,52.74
70472,AZHV,0,346.47,52.74
70472,AZHV,0,351.64,40.75
70472,AZHV,0,357.93,40.75
70472,AZHV,0,357.94,30
70472,AZHV,0,357.94,34.93
70472,AZVH,0,0,30
70472,AZVH,0,1.98,30
70472,AZVH,0,2.24,34.93
70472,AZVH,0,2.59,38.87
70472,AZVH,0,4.05,39.04
70472,AZVH,0,9.91,50.86
70472,AZVH,0,15,50.86
70472,AZVH,0,45.23,52.74
70472,AZVH,0,95,64.9
70472,AZVH,0,180,64.9
70472,AZVH,0,265,64.9
70472,AZVH,0,314.77,52.74
70472,AZVH,0,345,50.86
70472,AZVH,0,350.09,50.86
70472,AZVH,0,355.95,39.04
70472,AZVH,0,357.41,38.87
70472,AZVH,0,357.76,34.93
70472,AZVH,0,358.02,30
70472,AZVV,0,0,0
70472,AZVV,0,0.43,0.34
70472,AZVV,0,0.78,1.03
70472,AZVV,0,1.03,2.91
70472,AZVV,0,1.29,4.79
70472,AZVV,0,2.07,9.93
70472,AZVV,0,2.76,14.9
70472,AZVV,0,3.45,19.86
70472,AZVV,0,5,21
70472,AZVV,0,6.47,21.92
70472,AZVV,0,10.09,26.03
70472,AZVV,0,15,36.82
70472,AZVV,0,35.5,39.73
70472,AZVV,0,40.62,40.58
70472,AZVV,0,99.04,65.07
70472,AZVV,0,180,65.07
70472,AZVV,0,260.96,65.07
70472,AZVV,0,319.38,40.58
70472,AZVV,0,324.5,39.73
70472,AZVV,0,345,36.82
70472,AZVV,0,349.91,26.03
70472,AZVV,0,353.53,21.92
70472,AZVV,0,355,21
70472,AZVV,0,356.55,19.86
70472,AZVV,0,357.24,14.9
70472,AZVV,0,357.93,9.93
70472,AZVV,0,358.71,4.79
70472,AZVV,0,358.97,2.91
70472,AZVV,0,359.22,1.03
70472,AZVV,0,359.57,0.34
70473,AZHH,0,0,0
70473,AZHH,0,0.5,1
70473,AZHH,0,1,3
70473,AZHH,0,1.5,9
70473,AZHH,0,2,15
70473,AZHH,0,3.5,24
70473,AZHH,0,5,27
70473,AZHH,0,10,29
70473,AZHH,0,13.5,33
70473,AZHH,0,15,33
70473,AZHH,0,31,42.2
70473,AZHH,0,65,51
70473,AZHH,0,100,69
70473,AZHH,0,180,69
70473,AZHH,0,260,69
70473,AZHH,0,295,51
70473,AZHH,0,329,42.2
70473,AZHH,0,345,33
70473,AZHH,0,346.5,33
70473,AZHH,0,350,29
70473,AZHH,0,355,27
70473,AZHH,0,356.5,24
70473,AZHH,0,358,15
70473,AZHH,0,358.5,9
70473,AZHH,0,359,3
70473,AZHH,0,359.5,1
70473,AZHV,0,0,30
70473,AZHV,0,1.5,30
70473,AZHV,0,1.51,37
70473,AZHV,0,5,42
70473,AZHV,0,9,42
70473,AZHV,0,12.5,50
70473,AZHV,0,15,51
70473,AZHV,0,35,51
70473,AZHV,0,100,70
70473,AZHV,0,180,70
70473,AZHV,0,260,70
70473,AZHV,0,325,51
70473,AZHV,0,345,51
70473,AZHV,0,347.5,50
70473,AZHV,0,351,42
70473,AZHV,0,355,42
70473,AZHV,0,358.5,37
70473,AZHV,0,358.51,30
70473,AZVH,0,0,30
70473,AZVH,0,1.5,30
70473,AZVH,0,2.5,40
70473,AZVH,0,6,50
70473,AZVH,0,12.5,50
70473,AZVH,0,14,55
70473,AZVH,0,65,55
70473,AZVH,0,100,70
70473,AZVH,0,180,70
70473,AZVH,0,260,70
70473,AZVH,0,295,55
70473,AZVH,0,346,55
70473,AZVH,0,347.5,50
70473,AZVH,0,354,50
70473,AZVH,0,357.5,40
70473,AZVH,0,358.5,30
70473,AZVV,0,0,0
70473,AZVV,0,0.5,1
70473,AZVV,0,1,3
70473,AZVV,0,1.5,9
70473,AZVV,0,2,15
70473,AZVV,0,3.5,24
70473,AZVV,0,5,27
70473,AZVV,0,7,27.7
70473,AZVV,0,9,33
70473,AZVV,0,10.1,33
70473,AZVV,0,11.5,36
70473,AZVV,0,15,36
70473,AZVV,0,35,45
70473,AZVV,0,65,51
70473,AZVV,0,100,69
70473,AZVV,0,180,69
70473,AZVV,0,260,69
70473,AZVV,0,295,51
70473,AZVV,0,325,45
70473,AZVV,0,345,36
70473,AZVV,0,348.5,36
70473,AZVV,0,349.9,33
70473,AZVV,0,351,33
70473,AZVV,0,353,27.7
70473,AZVV,0,355,27
70473,AZVV,0,356.5,24
70473,AZVV,0,358,15
70473,AZVV,0,358.5,9
70473,AZVV,0,359,3
70473,AZVV,0,359.5,1
80082,AZHH,0,0,0
80082,AZHH,0,0.5,0.2
80082,AZHH,0,1,1.4
80082,AZHH,0,1.5,3.4
80082,AZHH,0,2,6
80082,AZHH,0,2.5,10.2
80082,AZHH,0,3,16
80082,AZHH,0,3.37,20
80082,AZHH,0,4.8,20
80082,AZHH,0,5,20.3
80082,AZHH,0,5.75,22
80082,AZHH,0,9,28
80082,AZHH,0,12.5,33
80082,AZHH,0,15,33
80082,AZHH,0,17,33
80082,AZHH,0,20,38
80082,AZHH,0,40,38
80082,AZHH,0,50,44
80082,AZHH,0,65,50
80082,AZHH,0,70,50
80082,AZHH,0,75,52
80082,AZHH,0,95,65
80082,AZHH,0,180,65
80082,AZHH,0,265,65
80082,AZHH,0,285,52
80082,AZHH,0,290,50
80082,AZHH,0,295,50
80082,AZHH,0,310,44
80082,AZHH,0,320,38
80082,AZHH,0,340,38
80082,AZHH,0,343,33
80082,AZHH,0,345,33
80082,AZHH,0,347.5,33
80082,AZHH,0,351,28
80082,AZHH,0,354.25,22
80082,AZHH,0,355,20.3
80082,AZHH,0,355.2,20
80082,AZHH,0,356.63,20
80082,AZHH,0,357,16
80082,AZHH,0,357.5,10.2
80082,AZHH,0,358,6
80082,AZHH,0,358.5,3.4
80082,AZHH,0,359,1.4
80082,AZHH,0,359.5,0.2
80082,AZHV,0,0,30
80082,AZHV,0,3,30
80082,AZHV,0,5,42
80082,AZHV,0,8,52
80082,AZHV,0,15,54
80082,AZHV,0,20,54
80082,AZHV,0,40,54
80082,AZHV,0,85,70
80082,AZHV,0,180,70
80082,AZHV,0,275,70
80082,AZHV,0,320,54
80082,AZHV,0,340,54
80082,AZHV,0,345,54
80082,AZHV,0,352,52
80082,AZHV,0,355,42
80082,AZHV,0,357,30
80082,AZVH,0,0,30
80082,AZVH,0,3,30
80082,AZVH,0,5,42
80082,AZVH,0,6,46
80082,AZVH,0,9,46
80082,AZVH,0,11,52
80082,AZVH,0,15,52
80082,AZVH,0,30,52
80082,AZVH,0,40,56
80082,AZVH,0,45,56
80082,AZVH,0,75,64
80082,AZVH,0,90,69
80082,AZVH,0,180,69
80082,AZVH,0,270,69
80082,AZVH,0,285,64
80082,AZVH,0,315,56
80082,AZVH,0,320,56
80082,AZVH,0,330,52
80082,AZVH,0,345,52
80082,AZVH,0,349,52
80082,AZVH,0,351,46
80082,AZVH,0,354,46
80082,AZVH,0,355,42
80082,AZVH,0,357,30
80082,AZVV,0,0,0
80082,AZVV,0,0.5,0.2
80082,AZVV,0,1,1.62
80082,AZVV,0,1.5,4
80082,AZVV,0,2,7.5
80082,AZVV,0,2.5,12
80082,AZVV,0,2.9,17
80082,AZVV,0,4.3,17
80082,AZVV,0,5,19.5
80082,AZVV,0,5.01,20.3
80082,AZVV,0,5.5,20.3
80082,AZVV,0,6.7,26
80082,AZVV,0,10,28.5
80082,AZVV,0,15,31
80082,AZVV,0,25,36
80082,AZVV,0,28,36
80082,AZVV,0,35,40
80082,AZVV,0,50,40
80082,AZVV,0,56,42
80082,AZVV,0,65,48
80082,AZVV,0,68,48
80082,AZVV,0,76,53
80082,AZVV,0,90,65
80082,AZVV,0,180,65
80082,AZVV,0,270,65
80082,AZVV,0,284,53
80082,AZVV,0,292,48
80082,AZVV,0,295,48
80082,AZVV,0,304,42
80082,AZVV,0,310,40
80082,AZVV,0,325,40
80082,AZVV,0,332,36
80082,AZVV,0,335,36
80082,AZVV,0,345,31
80082,AZVV,0,350,28.5
80082,AZVV,0,353.3,26
80082,AZVV,0,354.5,20.3
80082,AZVV,0,355,20.3
80082,AZVV,0,355.01,19.5
80082,AZVV,0,355.7,17
80082,AZVV,0,357.1,17
80082,AZVV,0,357.5,12
80082,AZVV,0,358,7.5
80082,AZVV,0,358.5,4
80082,AZVV,0,359,1.62
80082,AZVV,0,359.5,0.2
80110,AZHH,0,0,0
80110,AZHH,0,0.5,0.14
80110,AZHH,0,1,0.67
80110,AZHH,0,1.5,1.76
80110,AZHH,0,2,3.3
80110,AZHH,0,2.5,5.34
80110,AZHH,0,3,8.12
80110,AZHH,0,3.5,11.2
80110,AZHH,0,3.8,13
80110,AZHH,0,4.4,16
80110,AZHH,0,5.5,18
80110,AZHH,0,8.5,18
80110,AZHH,0,15,30
80110,AZHH,0,22.5,30
80110,AZHH,0,25,33
80110,AZHH,0,42,33
80110,AZHH,0,85,54
80110,AZHH,0,105,54
80110,AZHH,0,115,57
80110,AZHH,0,180,57
80110,AZHH,0,245,57
80110,AZHH,0,255,54
80110,AZHH,0,275,54
80110,AZHH,0,318,33
80110,AZHH,0,335,33
80110,AZHH,0,337.5,30
80110,AZHH,0,345,30
80110,AZHH,0,351.5,18
80110,AZHH,0,354.5,18
80110,AZHH,0,355.6,16
80110,AZHH,0,356.2,13
80110,AZHH,0,356.5,11.2
80110,AZHH,0,357,8.12
80110,AZHH,0,357.5,5.34
80110,AZHH,0,358,3.3
80110,AZHH,0,358.5,1.76
80110,AZHH,0,359,0.67
80110,AZHH,0,359.5,0.14
80110,AZHV,0,0,30
80110,AZHV,0,3,30
80110,AZHV,0,6,42
80110,AZHV,0,15,50
80110,AZHV,0,45,56
80110,AZHV,0,60,56
80110,AZHV,0,60.01,60
80110,AZHV,0,180,60
80110,AZHV,0,300,60
80110,AZHV,0,300.01,56
80110,AZHV,0,315,56
80110,AZHV,0,345,50
80110,AZHV,0,354,42
80110,AZHV,0,357,30
80110,AZVH,0,0,30
80110,AZVH,0,3,30
80110,AZVH,0,6,42
80110,AZVH,0,15,52
80110,AZVH,0,30,54
80110,AZVH,0,45,54
80110,AZVH,0,50,56
80110,AZVH,0,60,56
80110,AZVH,0,60.01,60
80110,AZVH,0,180,60
80110,AZVH,0,300,60
80110,AZVH,0,300.01,56
80110,AZVH,0,310,56
80110,AZVH,0,315,54
80110,AZVH,0,330,54
80110,AZVH,0,345,52
80110,AZVH,0,354,42
80110,AZVH,0,357,30
80110,AZVV,0,0,0
80110,AZVV,0,0.25,0
80110,AZVV,0,0.5,0.1
80110,AZVV,0,0.75,0.41
80110,AZVV,0,1,0.71
80110,AZVV,0,1.25,1.22
80110,AZVV,0,1.5,1.88
80110,AZVV,0,1.75,2.54
80110,AZVV,0,2,3.35
80110,AZVV,0,2.25,4.37
80110,AZVV,0,2.5,5.43
80110,AZVV,0,2.75,6.7
80110,AZVV,0,3,8.22
80110,AZVV,0,3.25,9.85
80110,AZVV,0,3.5,11.68
80110,AZVV,0,3.75,13.65
80110,AZVV,0,4,16.09
80110,AZVV,0,4.2,17.87
80110,AZVV,0,4.6,22
80110,AZVV,0,8,22
80110,AZVV,0,12,28
80110,AZVV,0,15,28
80110,AZVV,0,18,28
80110,AZVV,0,26,32
80110,AZVV,0,50,35.5
80110,AZVV,0,85,57
80110,AZVV,0,180,57
80110,AZVV,0,275,57
80110,AZVV,0,310,35.5
80110,AZVV,0,334,32
80110,AZVV,0,342,28
80110,AZVV,0,345,28
80110,AZVV,0,348,28
80110,AZVV,0,352,22
80110,AZVV,0,355.4,22
80110,AZVV,0,355.8,17.87
80110,AZVV,0,356,16.09
80110,AZVV,0,356.25,13.65
80110,AZVV,0,356.5,11.68
80110,AZVV,0,356.75,9.85
80110,AZVV,0,357,8.22
80110,AZVV,0,357.25,6.7
80110,AZVV,0,357.5,5.43
80110,AZVV,0,357.75,4.37
80110,AZVV,0,358,3.35
80110,AZVV,0,358.25,2.54
80110,AZVV,0,358.5,1.88
80110,AZVV,0,358.75,1.22
80110,AZVV,0,359,0.71
80110,AZVV,0,359.25,0.41
80110,AZVV,0,359.5,0.1
80110,AZVV,0,359.75,0
80111,AZHH,0,0,0
80111,AZHH,0,0.28,0.1
80111,AZHH,0,0.5,0.47
80111,AZHH,0,1,2
80111,AZHH,0,1.25,3.2
80111,AZHH,0,1.5,5
80111,AZHH,0,2,9.5
80111,AZHH,0,2.5,15
80111,AZHH,0,2.75,17.75
80111,AZHH,0,3,20
80111,AZHH,0,5,26
80111,AZHH,0,6.5,26
80111,AZHH,0,8,30
80111,AZHH,0,9,30
80111,AZHH,0,10,32
80111,AZHH,0,12,32
80111,AZHH,0,15,37
80111,AZHH,0,22,37
80111,AZHH,0,24,39
80111,AZHH,0,30,39
80111,AZHH,0,30.01,42
80111,AZHH,0,52,42
80111,AZHH,0,60,43
80111,AZHH,0,80,56.5
80111,AZHH,0,95,66.1
80111,AZHH,0,120,66.1
80111,AZHH,0,120.01,67
80111,AZHH,0,180,67
80111,AZHH,0,240,67
80111,AZHH,0,240.01,66.1
80111,AZHH,0,265,66.1
80111,AZHH,0,280,56.5
80111,AZHH,0,300,43
80111,AZHH,0,308,42
80111,AZHH,0,330,42
80111,AZHH,0,330.01,39
80111,AZHH,0,336,39
80111,AZHH,0,338,37
80111,AZHH,0,345,37
80111,AZHH,0,348,32
80111,AZHH,0,350,32
80111,AZHH,0,351,30
80111,AZHH,0,352,30
80111,AZHH,0,353.5,26
80111,AZHH,0,355,26
80111,AZHH,0,357,20
80111,AZHH,0,357.25,17.75
80111,AZHH,0,357.5,15
80111,AZHH,0,358,9.5
80111,AZHH,0,358.5,5
80111,AZHH,0,358.75,3.2
80111,AZHH,0,359,2
80111,AZHH,0,359.5,0.47
80111,AZHH,0,359.72,0.1
80111,AZHV,0,0,30
80111,AZHV,0,2,30
80111,AZHV,0,4,40
80111,AZHV,0,7,46
80111,AZHV,0,15,52
80111,AZHV,0,22,55
80111,AZHV,0,50,57
80111,AZHV,0,65,64
80111,AZHV,0,90,71
80111,AZHV,0,180,71
80111,AZHV,0,270,71
80111,AZHV,0,295,64
80111,AZHV,0,310,57
80111,AZHV,0,338,55
80111,AZHV,0,345,52
80111,AZHV,0,353,46
80111,AZHV,0,356,40
80111,AZHV,0,358,30
80111,AZVH,0,0,30
80111,AZVH,0,2,30
80111,AZVH,0,4,40
80111,AZVH,0,7,46
80111,AZVH,0,15,52
80111,AZVH,0,22,55
80111,AZVH,0,50,57
80111,AZVH,0,65,64
80111,AZVH,0,90,71
80111,AZVH,0,180,71
80111,AZVH,0,270,71
80111,AZVH,0,295,64
80111,AZVH,0,310,57
80111,AZVH,0,338,55
80111,AZVH,0,345,52
80111,AZVH,0,353,46
80111,AZVH,0,356,40
80111,AZVH,0,358,30
80111,AZVV,0,0,0
80111,AZVV,0,0.28,0.1
80111,AZVV,0,0.5,0.47
80111,AZVV,0,1,2
80111,AZVV,0,1.25,3.8
80111,AZVV,0,1.5,5.7
80111,AZVV,0,2,10.9
80111,AZVV,0,2.5,17.8
80111,AZVV,0,2.75,20
80111,AZVV,0,3.75,20
80111,AZVV,0,5,25
80111,AZVV,0,6,28
80111,AZVV,0,7.5,28
80111,AZVV,0,9,30
80111,AZVV,0,9.5,30
80111,AZVV,0,14,32
80111,AZVV,0,15,34
80111,AZVV,0,18,34
80111,AZVV,0,20,36
80111,AZVV,0,25,40
80111,AZVV,0,30,40
80111,AZVV,0,30.01,42
80111,AZVV,0,52,42
80111,AZVV,0,60,43.5
80111,AZVV,0,80,56.5
80111,AZVV,0,95,66.1
80111,AZVV,0,120,66.1
80111,AZVV,0,120.01,67
80111,AZVV,0,180,67
80111,AZVV,0,240,67
80111,AZVV,0,240.01,66.1
80111,AZVV,0,265,66.1
80111,AZVV,0,280,56.5
80111,AZVV,0,300,43.5
80111,AZVV,0,308,42
80111,AZVV,0,330,42
80111,AZVV,0,330.01,40
80111,AZVV,0,335,40
80111,AZVV,0,340,36
80111,AZVV,0,342,34
80111,AZVV,0,345,34
80111,AZVV,0,346,32
80111,AZVV,0,350.5,30
80111,AZVV,0,351,30
80111,AZVV,0,352.5,28
80111,AZVV,0,354,28
80111,AZVV,0,355,25
80111,AZVV,0,356.25,20
80111,AZVV,0,357.25,20
80111,AZVV,0,357.5,17.8
80111,AZVV,0,358,10.9
80111,AZVV,0,358.5,5.7
80111,AZVV,0,358.75,3.8
80111,AZVV,0,359,2
80111,AZVV,0,359.5,0.47
80111,AZVV,0,359.72,0.1
80119,AZHH,0,0,0
80119,AZHH,0,0.5,0.05
80119,AZHH,0,1,0.68
80119,AZHH,0,1.5,1.83
80119,AZHH,0,2,3.72
80119,AZHH,0,2.5,6
80119,AZHH,0,3,10
80119,AZHH,0,3.6,16
80119,AZHH,0,5,16
80119,AZHH,0,6.5,20
80119,AZHH,0,8,24
80119,AZHH,0,12,24
80119,AZHH,0,13.5,28
80119,AZHH,0,15,28
80119,AZHH,0,16.5,28
80119,AZHH,0,21,35
80119,AZHH,0,25,35
80119,AZHH,0,30,38
80119,AZHH,0,45,38
80119,AZHH,0,60,40
80119,AZHH,0,65,40
80119,AZHH,0,73,44
80119,AZHH,0,77,46
80119,AZHH,0,82,49
80119,AZHH,0,100,61
80119,AZHH,0,180,61
80119,AZHH,0,260,61
80119,AZHH,0,278,49
80119,AZHH,0,283,46
80119,AZHH,0,287,44
80119,AZHH,0,295,40
80119,AZHH,0,300,40
80119,AZHH,0,315,38
80119,AZHH,0,330,38
80119,AZHH,0,335,35
80119,AZHH,0,339,35
80119,AZHH,0,343.5,28
80119,AZHH,0,345,28
80119,AZHH,0,346.5,28
80119,AZHH,0,348,24
80119,AZHH,0,352,24
80119,AZHH,0,353.5,20
80119,AZHH,0,355,16
80119,AZHH,0,356.4,16
80119,AZHH,0,357,10
80119,AZHH,0,357.5,6
80119,AZHH,0,358,3.72
80119,AZHH,0,358.5,1.83
80119,AZHH,0,359,0.68
80119,AZHH,0,359.5,0.05
80119,AZHV,0,0,30
80119,AZHV,0,3,30
80119,AZHV,0,6,44
80119,AZHV,0,9,48
80119,AZHV,0,12,50
80119,AZHV,0,15,52
80119,AZHV,0,22,52
80119,AZHV,0,27,56
80119,AZHV,0,45,56
80119,AZHV,0,53,58
80119,AZHV,0,60,61
80119,AZHV,0,75,64
80119,AZHV,0,90,65
80119,AZHV,0,180,65
80119,AZHV,0,270,65
80119,AZHV,0,285,64
80119,AZHV,0,300,61
80119,AZHV,0,307,58
80119,AZHV,0,315,56
80119,AZHV,0,333,56
80119,AZHV,0,338,52
80119,AZHV,0,345,52
80119,AZHV,0,348,50
80119,AZHV,0,351,48
80119,AZHV,0,354,44
80119,AZHV,0,357,30
80119,AZVH,0,0,30
80119,AZVH,0,3,30
80119,AZVH,0,5,42
80119,AZVH,0,15,52
80119,AZVH,0,30,56
80119,AZVH,0,57,56
80119,AZVH,0,67,56
80119,AZVH,0,82,63
80119,AZVH,0,180,63
80119,AZVH,0,278,63
80119,AZVH,0,293,56
80119,AZVH,0,303,56
80119,AZVH,0,330,56
80119,AZVH,0,345,52
80119,AZVH,0,355,42
80119,AZVH,0,357,30
80119,AZVV,0,0,0
80119,AZVV,0,0.5,0.07
80119,AZVV,0,1,1
80119,AZVV,0,1.5,2.5
80119,AZVV,0,2,5
80119,AZVV,0,2.5,8.73
80119,AZVV,0,3,14
80119,AZVV,0,4.5,14
80119,AZVV,0,5,15.5
80119,AZVV,0,7,20
80119,AZVV,0,9.5,20
80119,AZVV,0,12.5,24
80119,AZVV,0,15,29
80119,AZVV,0,17.5,29
80119,AZVV,0,20,32
80119,AZVV,0,22.5,34
80119,AZVV,0,30,35
80119,AZVV,0,40,35
80119,AZVV,0,45,36
80119,AZVV,0,50,36
80119,AZVV,0,60,40
80119,AZVV,0,90,61
80119,AZVV,0,180,61
80119,AZVV,0,270,61
80119,AZVV,0,300,40
80119,AZVV,0,310,36
80119,AZVV,0,315,36
80119,AZVV,0,320,35
80119,AZVV,0,330,35
80119,AZVV,0,337.5,34
80119,AZVV,0,340,32
80119,AZVV,0,342.5,29
80119,AZVV,0,345,29
80119,AZVV,0,347.5,24
80119,AZVV,0,350.5,20
80119,AZVV,0,353,20
80119,AZVV,0,355,15.5
80119,AZVV,0,355.5,14
80119,AZVV,0,357,14
80119,AZVV,0,357.5,8.73
80119,AZVV,0,358,5
80119,AZVV,0,358.5,2.5
80119,AZVV,0,359,1
80119,AZVV,0,359.5,0.07
80120,AZHH,0,0,0
80120,AZHH,0,0.08,0.05
80120,AZHH,0,0.15,0.19
80120,AZHH,0,0.23,0.42
80120,AZHH,0,0.3,0.74
80120,AZHH,0,0.38,1.16
80120,AZHH,0,0.46,1.66
80120,AZHH,0,0.53,2.25
80120,AZHH,0,0.61,2.93
80120,AZHH,0,0.68,3.7
80120,AZHH,0,0.76,4.56
80120,AZHH,0,0.84,5.5
80120,AZHH,0,0.91,6.53
80120,AZHH,0,0.99,7.64
80120,AZHH,0,1.06,8.83
80120,AZHH,0,1.14,10.11
80120,AZHH,0,1.23,11.67
80120,AZHH,0,1.33,13.32
80120,AZHH,0,1.42,15.03
80120,AZHH,0,3,20
80120,AZHH,0,5,31
80120,AZHH,0,11,31
80120,AZHH,0,15,36
80120,AZHH,0,70,50
80120,AZHH,0,91,56
80120,AZHH,0,100,67
80120,AZHH,0,180,67
80120,AZHH,0,260,67
80120,AZHH,0,269,56
80120,AZHH,0,290,50
80120,AZHH,0,345,36
80120,AZHH,0,349,31
80120,AZHH,0,355,31
80120,AZHH,0,357,20
80120,AZHH,0,358.58,15.03
80120,AZHH,0,358.67,13.32
80120,AZHH,0,358.77,11.67
80120,AZHH,0,358.86,10.11
80120,AZHH,0,358.94,8.83
80120,AZHH,0,359.01,7.64
80120,AZHH,0,359.09,6.53
80120,AZHH,0,359.16,5.5
80120,AZHH,0,359.24,4.56
80120,AZHH,0,359.32,3.7
80120,AZHH,0,359.39,2.93
80120,AZHH,0,359.47,2.25
80120,AZHH,0,359.54,1.66
80120,AZHH,0,359.62,1.16
80120,AZHH,0,359.7,0.74
80120,AZHH,0,359.77,0.42
80120,AZHH,0,359.85,0.19
80120,AZHH,0,359.92,0.05
80120,AZHV,0,0,30
80120,AZHV,0,1.5,30
80120,AZHV,0,2.5,40
80120,AZHV,0,3,42
80120,AZHV,0,11,42
80120,AZHV,0,12.5,47
80120,AZHV,0,15,51
80120,AZHV,0,40,54
80120,AZHV,0,80,64
80120,AZHV,0,90,68
80120,AZHV,0,180,68
80120,AZHV,0,270,68
80120,AZHV,0,280,64
80120,AZHV,0,320,54
80120,AZHV,0,345,51
80120,AZHV,0,347.5,47
80120,AZHV,0,349,42
80120,AZHV,0,357,42
80120,AZHV,0,357.5,40
80120,AZHV,0,358.5,30
80120,AZVH,0,0,30
80120,AZVH,0,1.5,30
80120,AZVH,0,2.25,37
80120,AZVH,0,4.5,44
80120,AZVH,0,13,45
80120,AZVH,0,15,52
80120,AZVH,0,20,55
80120,AZVH,0,40,55
80120,AZVH,0,80,65
80120,AZVH,0,90,68
80120,AZVH,0,180,68
80120,AZVH,0,270,68
80120,AZVH,0,280,65
80120,AZVH,0,320,55
80120,AZVH,0,340,55
80120,AZVH,0,345,52
80120,AZVH,0,347,45
80120,AZVH,0,355.5,44
80120,AZVH,0,357.75,37
80120,AZVH,0,358.5,30
80120,AZVV,0,0,0
80120,AZVV,0,0.08,0.05
80120,AZVV,0,0.16,0.21
80120,AZVV,0,0.24,0.47
80120,AZVV,0,0.32,0.82
80120,AZVV,0,0.4,1.27
80120,AZVV,0,0.48,1.8
80120,AZVV,0,0.56,2.42
80120,AZVV,0,0.64,3.12
80120,AZVV,0,0.72,3.9
80120,AZVV,0,0.8,4.76
80120,AZVV,0,0.88,5.68
80120,AZVV,0,0.96,6.67
80120,AZVV,0,1.04,7.73
80120,AZVV,0,1.12,8.84
80120,AZVV,0,1.2,10.01
80120,AZVV,0,1.3,11.55
80120,AZVV,0,1.4,13.18
80120,AZVV,0,1.5,14.87
80120,AZVV,0,1.83,20.71
80120,AZVV,0,2,21
80120,AZVV,0,3,23
80120,AZVV,0,5,23
80120,AZVV,0,10,33
80120,AZVV,0,15,39
80120,AZVV,0,25,39
80120,AZVV,0,99,68
80120,AZVV,0,180,68
80120,AZVV,0,261,68
80120,AZVV,0,335,39
80120,AZVV,0,345,39
80120,AZVV,0,350,33
80120,AZVV,0,355,23
80120,AZVV,0,357,23
80120,AZVV,0,358,21
80120,AZVV,0,358.17,20.71
80120,AZVV,0,358.5,14.87
80120,AZVV,0,358.6,13.18
80120,AZVV,0,358.7,11.55
80120,AZVV,0,358.8,10.01
80120,AZVV,0,358.88,8.84
80120,AZVV,0,358.96,7.73
80120,AZVV,0,359.04,6.67
80120,AZVV,0,359.12,5.68
80120,AZVV,0,359.2,4.76
80120,AZVV,0,359.28,3.9
80120,AZVV,0,359.36,3.12
80120,AZVV,0,359.44,2.42
80120,AZVV,0,359.52,1.8
80120,AZVV,0,359.6,1.27
80120,AZVV,0,359.68,0.82
80120,AZVV,0,359.76,0.47
80120,AZVV,0,359.84,0.21
80120,AZVV,0,359.92,0.05
80248,AZHH,0,0,0
80248,AZHH,0,0.5,0.5
80248,AZHH,0,0.7,1
80248,AZHH,0,0.8,1.5
80248,AZHH,0,1,2
80248,AZHH,0,1.1,2.5
80248,AZHH,0,1.2,3
80248,AZHH,0,1.3,3.5
80248,AZHH,0,1.4,4
80248,AZHH,0,1.41,4.5
80248,AZHH,0,1.5,5
80248,AZHH,0,1.6,5.5
80248,AZHH,0,1.7,6
80248,AZHH,0,1.71,6.5
80248,AZHH,0,1.8,7
80248,AZHH,0,1.9,7.5
80248,AZHH,0,1.91,8
80248,AZHH,0,2,8.5
80248,AZHH,0,2.01,9
80248,AZHH,0,2.1,9.5
80248,AZHH,0,2.11,10
80248,AZHH,0,2.2,10.5
80248,AZHH,0,2.21,11
80248,AZHH,0,2.3,11.5
80248,AZHH,0,2.31,12
80248,AZHH,0,2.4,12.5
80248,AZHH,0,2.41,13
80248,AZHH,0,2.5,13.5
80248,AZHH,0,2.51,14
80248,AZHH,0,2.6,14.5
80248,AZHH,0,2.61,15
80248,AZHH,0,6,19
80248,AZHH,0,8.5,20
80248,AZHH,0,9.5,23
80248,AZHH,0,12,23
80248,AZHH,0,13.5,27
80248,AZHH,0,20,27
80248,AZHH,0,25,29
80248,AZHH,0,35,36
80248,AZHH,0,45,36
80248,AZHH,0,50,38
80248,AZHH,0,70,38
80248,AZHH,0,80,42
80248,AZHH,0,85,43
80248,AZHH,0,110,61
80248,AZHH,0,180,61
80248,AZHH,0,250,61
80248,AZHH,0,275,43
80248,AZHH,0,280,42
80248,AZHH,0,290,38
80248,AZHH,0,310,38
80248,AZHH,0,315,36
80248,AZHH,0,325,36
80248,AZHH,0,335,29
80248,AZHH,0,340,27
80248,AZHH,0,346.5,27
80248,AZHH,0,348,23
80248,AZHH,0,350.5,23
80248,AZHH,0,351.5,20
80248,AZHH,0,354,19
80248,AZHH,0,357.4,15
80248,AZHH,0,357.41,14.5
80248,AZHH,0,357.5,14
80248,AZHH,0,357.51,13.5
80248,AZHH,0,357.6,13
80248,AZHH,0,357.61,12.5
80248,AZHH,0,357.7,12
80248,AZHH,0,357.71,11.5
80248,AZHH,0,357.8,11
80248,AZHH,0,357.81,10.5
80248,AZHH,0,357.9,10
80248,AZHH,0,357.91,9.5
80248,AZHH,0,358,9
80248,AZHH,0,358.01,8.5
80248,AZHH,0,358.1,8
80248,AZHH,0,358.11,7.5
80248,AZHH,0,358.2,7
80248,AZHH,0,358.3,6.5
80248,AZHH,0,358.31,6
80248,AZHH,0,358.4,5.5
80248,AZHH,0,358.5,5
80248,AZHH,0,358.6,4.5
80248,AZHH,0,358.61,4
80248,AZHH,0,358.7,3.5
80248,AZHH,0,358.8,3
80248,AZHH,0,358.9,2.5
80248,AZHH,0,359,2
80248,AZHH,0,359.2,1.5
80248,AZHH,0,359.3,1
80248,AZHH,0,359.5,0.5
80248,AZHV,0,0,30
80248,AZHV,0,2.5,30
80248,AZHV,0,5.5,35
80248,AZHV,0,10.5,35
80248,AZHV,0,12,41
80248,AZHV,0,20,41
80248,AZHV,0,25,44
80248,AZHV,0,45,44
80248,AZHV,0,55,49
80248,AZHV,0,70,49
80248,AZHV,0,100,61
80248,AZHV,0,180,61
80248,AZHV,0,260,61
80248,AZHV,0,290,49
80248,AZHV,0,305,49
80248,AZHV,0,315,44
80248,AZHV,0,335,44
80248,AZHV,0,340,41
80248,AZHV,0,348,41
80248,AZHV,0,349.5,35
80248,AZHV,0,354.5,35
80248,AZHV,0,357.5,30
80248,AZVH,0,0,30
80248,AZVH,0,2.5,30
80248,AZVH,0,5.5,35
80248,AZVH,0,10.5,35
80248,AZVH,0,12,41
80248,AZVH,0,20,41
80248,AZVH,0,25,44
80248,AZVH,0,45,44
80248,AZVH,0,55,49
80248,AZVH,0,70,49
80248,AZVH,0,100,61
80248,AZVH,0,180,61
80248,AZVH,0,260,61
80248,AZVH,0,290,49
80248,AZVH,0,305,49
80248,AZVH,0,315,44
80248,AZVH,0,335,44
80248,AZVH,0,340,41
80248,AZVH,0,348,41
80248,AZVH,0,349.5,35
80248,AZVH,0,354.5,35
80248,AZVH,0,357.5,30
80248,AZVV,0,0,0
80248,AZVV,0,0.5,0.5
80248,AZVV,0,0.7,1
80248,AZVV,0,0.8,1.5
80248,AZVV,0,1,2
80248,AZVV,0,1.1,2.5
80248,AZVV,0,1.2,3
80248,AZVV,0,1.3,3.5
80248,AZVV,0,1.4,4
80248,AZVV,0,1.41,4.5
80248,AZVV,0,1.5,5
80248,AZVV,0,1.6,5.5
80248,AZVV,0,1.7,6
80248,AZVV,0,1.71,6.5
80248,AZVV,0,1.8,7
80248,AZVV,0,1.9,7.5
80248,AZVV,0,1.91,8
80248,AZVV,0,2,8.5
80248,AZVV,0,2.01,9
80248,AZVV,0,2.1,9.5
80248,AZVV,0,2.11,10
80248,AZVV,0,2.2,10.5
80248,AZVV,0,2.21,11
80248,AZVV,0,2.3,11.5
80248,AZVV,0,2.31,12
80248,AZVV,0,2.4,12.5
80248,AZVV,0,2.41,13
80248,AZVV,0,2.5,13.5
80248,AZVV,0,2.51,14
80248,AZVV,0,2.6,14.5
80248,AZVV,0,2.61,15
80248,AZVV,0,6,19
80248,AZVV,0,8.5,20
80248,AZVV,0,9.5,23
80248,AZVV,0,12,23
80248,AZVV,0,13.5,27
80248,AZVV,0,20,27
80248,AZVV,0,25,29
80248,AZVV,0,35,36
80248,AZVV,0,45,36
80248,AZVV,0,50,38
80248,AZVV,0,70,38
80248,AZVV,0,80,42
80248,AZVV,0,85,43
80248,AZVV,0,110,61
80248,AZVV,0,180,61
80248,AZVV,0,250,61
80248,AZVV,0,275,43
80248,AZVV,0,280,42
80248,AZVV,0,290,38
80248,AZVV,0,310,38
80248,AZVV,0,315,36
80248,AZVV,0,325,36
80248,AZVV,0,335,29
80248,AZVV,0,340,27
80248,AZVV,0,346.5,27
80248,AZVV,0,348,23
80248,AZVV,0,350.5,23
80248,AZVV,0,351.5,20
80248,AZVV,0,354,19
80248,AZVV,0,357.4,15
80248,AZVV,0,357.41,14.5
80248,AZVV,0,357.5,14
80248,AZVV,0,357.51,13.5
80248,AZVV,0,357.6,13
80248,AZVV,0,357.61,12.5
80248,AZVV,0,357.7,12
80248,AZVV,0,357.71,11.5
80248,AZVV,0,357.8,11
80248,AZVV,0,357.81,10.5
80248,AZVV,0,357.9,10
80248,AZVV,0,357.91,9.5
80248,AZVV,0,358,9
80248,AZVV,0,358.01,8.5
80248,AZVV,0,358.1,8
80248,AZVV,0,358.11,7.5
80248,AZVV,0,358.2,7
80248,AZVV,0,358.3,6.5
80248,AZVV,0,358.31,6
80248,AZVV,0,358.4,5.5
80248,AZVV,0,358.5,5
80248,AZVV,0,358.6,4.5
80248,AZVV,0,358.61,4
80248,AZVV,0,358.7,3.5
80248,AZVV,0,358.8,3
80248,AZVV,0,358.9,2.5
80248,AZVV,0,359,2
80248,AZVV,0,359.2,1.5
80248,AZVV,0,359.3,1
80248,AZVV,0,359.5,0.5
80285,AZHH,0,0,0
80285,AZHH,0,0.1,0
80285,AZHH,0,0.2,0.2
80285,AZHH,0,0.3,0.4
80285,AZHH,0,0.4,0.8
80285,AZHH,0,0.5,1.2
80285,AZHH,0,0.6,1.7
80285,AZHH,0,0.7,2.4
80285,AZHH,0,0.8,3.1
80285,AZHH,0,0.9,3.9
80285,AZHH,0,1,4.8
80285,AZHH,0,1.1,5.9
80285,AZHH,0,1.2,7
80285,AZHH,0,1.3,8.2
80285,AZHH,0,1.4,9.5
80285,AZHH,0,1.5,10.9
80285,AZHH,0,1.6,12.4
80285,AZHH,0,1.7,14
80285,AZHH,0,1.8,15.7
80285,AZHH,0,1.9,17.5
80285,AZHH,0,2,19.4
80285,AZHH,0,2.1,21.3
80285,AZHH,0,2.2,23
80285,AZHH,0,4,23
80285,AZHH,0,4.5,26
80285,AZHH,0,7,26
80285,AZHH,0,8,29
80285,AZHH,0,13.5,29
80285,AZHH,0,15,31
80285,AZHH,0,20,31
80285,AZHH,0,30,37
80285,AZHH,0,35,37
80285,AZHH,0,40,39
80285,AZHH,0,50,39
80285,AZHH,0,55,41
80285,AZHH,0,80,41
80285,AZHH,0,105,62
80285,AZHH,0,180,62
80285,AZHH,0,255,62
80285,AZHH,0,280,41
80285,AZHH,0,305,41
80285,AZHH,0,310,39
80285,AZHH,0,320,39
80285,AZHH,0,325,37
80285,AZHH,0,330,37
80285,AZHH,0,340,31
80285,AZHH,0,345,31
80285,AZHH,0,346.5,29
80285,AZHH,0,352,29
80285,AZHH,0,353,26
80285,AZHH,0,355.5,26
80285,AZHH,0,356,23
80285,AZHH,0,357.8,23
80285,AZHH,0,357.9,21.3
80285,AZHH,0,358,19.4
80285,AZHH,0,358.1,17.5
80285,AZHH,0,358.2,15.7
80285,AZHH,0,358.3,14
80285,AZHH,0,358.4,12.4
80285,AZHH,0,358.5,10.9
80285,AZHH,0,358.6,9.5
80285,AZHH,0,358.7,8.2
80285,AZHH,0,358.8,7
80285,AZHH,0,358.9,5.9
80285,AZHH,0,359,4.8
80285,AZHH,0,359.1,3.9
80285,AZHH,0,359.2,3.1
80285,AZHH,0,359.3,2.4
80285,AZHH,0,359.4,1.7
80285,AZHH,0,359.5,1.2
80285,AZHH,0,359.6,0.8
80285,AZHH,0,359.7,0.4
80285,AZHH,0,359.8,0.2
80285,AZHH,0,359.9,0
80285,AZHV,0,0,30
80285,AZHV,0,1.5,30
80285,AZHV,0,2,36
80285,AZHV,0,3.5,36
80285,AZHV,0,5,41
80285,AZHV,0,7.5,41
80285,AZHV,0,8.5,43
80285,AZHV,0,20,43
80285,AZHV,0,30,46
80285,AZHV,0,40,46
80285,AZHV,0,50,49
80285,AZHV,0,65,49
80285,AZHV,0,80,52
80285,AZHV,0,95,62
80285,AZHV,0,180,62
80285,AZHV,0,265,62
80285,AZHV,0,280,52
80285,AZHV,0,295,49
80285,AZHV,0,310,49
80285,AZHV,0,320,46
80285,AZHV,0,330,46
80285,AZHV,0,340,43
80285,AZHV,0,351.5,43
80285,AZHV,0,352.5,41
80285,AZHV,0,355,41
80285,AZHV,0,356.5,36
80285,AZHV,0,358,36
80285,AZHV,0,358.5,30
80285,AZVH,0,0,30
80285,AZVH,0,1.5,30
80285,AZVH,0,2,36
80285,AZVH,0,3.5,36
80285,AZVH,0,5,41
80285,AZVH,0,7.5,41
80285,AZVH,0,8.5,43
80285,AZVH,0,20,43
80285,AZVH,0,30,46
80285,AZVH,0,40,46
80285,AZVH,0,50,49
80285,AZVH,0,65,49
80285,AZVH,0,80,52
80285,AZVH,0,95,62
80285,AZVH,0,180,62
80285,AZVH,0,265,62
80285,AZVH,0,280,52
80285,AZVH,0,295,49
80285,AZVH,0,310,49
80285,AZVH,0,320,46
80285,AZVH,0,330,46
80285,AZVH,0,340,43
80285,AZVH,0,351.5,43
80285,AZVH,0,352.5,41
80285,AZVH,0,355,41
80285,AZVH,0,356.5,36
80285,AZVH,0,358,36
80285,AZVH,0,358.5,30
80285,AZVV,0,0,0
80285,AZVV,0,0.1,0
80285,AZVV,0,0.2,0.2
80285,AZVV,0,0.3,0.4
80285,AZVV,0,0.4,0.8
80285,AZVV,0,0.5,1.2
80285,AZVV,0,0.6,1.7
80285,AZVV,0,0.7,2.4
80285,AZVV,0,0.8,3.1
80285,AZVV,0,0.9,3.9
80285,AZVV,0,1,4.8
80285,AZVV,0,1.1,5.9
80285,AZVV,0,1.2,7
80285,AZVV,0,1.3,8.2
80285,AZVV,0,1.4,9.5
80285,AZVV,0,1.5,10.9
80285,AZVV,0,1.6,12.4
80285,AZVV,0,1.7,14
80285,AZVV,0,1.8,15.7
80285,AZVV,0,1.9,17.5
80285,AZVV,0,2,19.4
80285,AZVV,0,2.1,21.3
80285,AZVV,0,2.2,23
80285,AZVV,0,4,23
80285,AZVV,0,4.5,26
80285,AZVV,0,7,26
80285,AZVV,0,8,29
80285,AZVV,0,13.5,29
80285,AZVV,0,15,31
80285,AZVV,0,20,31
80285,AZVV,0,30,37
80285,AZVV,0,35,37
80285,AZVV,0,40,39
80285,AZVV,0,50,39
80285,AZVV,0,55,41
80285,AZVV,0,80,41
80285,AZVV,0,105,62
80285,AZVV,0,180,62
80285,AZVV,0,255,62
80285,AZVV,0,280,41
80285,AZVV,0,305,41
80285,AZVV,0,310,39
80285,AZVV,0,320,39
80285,AZVV,0,325,37
80285,AZVV,0,330,37
80285,AZVV,0,340,31
80285,AZVV,0,345,31
80285,AZVV,0,346.5,29
80285,AZVV,0,352,29
80285,AZVV,0,353,26
80285,AZVV,0,355.5,26
80285,AZVV,0,356,23
80285,AZVV,0,357.8,23
80285,AZVV,0,357.9,21.3
80285,AZVV,0,358,19.4
80285,AZVV,0,358.1,17.5
80285,AZVV,0,358.2,15.7
80285,AZVV,0,358.3,14
80285,AZVV,0,358.4,12.4
80285,AZVV,0,358.5,10.9
80285,AZVV,0,358.6,9.5
80285,AZVV,0,358.7,8.2
80285,AZVV,0,358.8,7
80285,AZVV,0,358.9,5.9
80285,AZVV,0,359,4.8
80285,AZVV,0,359.1,3.9
80285,AZVV,0,359.2,3.1
80285,AZVV,0,359.3,2.4
80285,AZVV,0,359.4,1.7
80285,AZVV,0,359.5,1.2
80285,AZVV,0,359.6,0.8
80285,AZVV,0,359.7,0.4
80285,AZVV,0,359.8,0.2
80285,AZVV,0,359.9,0
80294,AZHH,0,0,0
80294,AZHH,0,0.25,0.3
80294,AZHH,0,0.5,1.2
80294,AZHH,0,0.75,2.6
80294,AZHH,0,1,5
80294,AZHH,0,2,15
80294,AZHH,0,3,17
80294,AZHH,0,4,27
80294,AZHH,0,7,32
80294,AZHH,0,10,38
80294,AZHH,0,23,41
80294,AZHH,0,34,48
80294,AZHH,0,70,55
80294,AZHH,0,80,58
80294,AZHH,0,90,64
80294,AZHH,0,180,66
80294,AZHH,0,270,64
80294,AZHH,0,280,58
80294,AZHH,0,290,55
80294,AZHH,0,326,48
80294,AZHH,0,337,41
80294,AZHH,0,350,38
80294,AZHH,0,353,32
80294,AZHH,0,356,27
80294,AZHH,0,357,17
80294,AZHH,0,358,15
80294,AZHH,0,359,5
80294,AZHH,0,359.25,2.6
80294,AZHH,0,359.5,1.2
80294,AZHH,0,359.75,0.3
80294,AZHV,0,0,30
80294,AZHV,0,1,30
80294,AZHV,0,4,46
80294,AZHV,0,10,54
80294,AZHV,0,15,58
80294,AZHV,0,90,66
80294,AZHV,0,180,66
80294,AZHV,0,270,66
80294,AZHV,0,345,58
80294,AZHV,0,350,54
80294,AZHV,0,356,46
80294,AZHV,0,359,30
80294,AZVH,0,0,30
80294,AZVH,0,1,30
80294,AZVH,0,3,42
80294,AZVH,0,10,58
80294,AZVH,0,90,66
80294,AZVH,0,180,66
80294,AZVH,0,270,66
80294,AZVH,0,350,58
80294,AZVH,0,357,42
80294,AZVH,0,359,30
80294,AZVV,0,0,0
80294,AZVV,0,0.25,0.3
80294,AZVV,0,0.5,1.2
80294,AZVV,0,0.75,2.6
80294,AZVV,0,1,5
80294,AZVV,0,2,15
80294,AZVV,0,3,18
80294,AZVV,0,4,28
80294,AZVV,0,8,36
80294,AZVV,0,10,38
80294,AZVV,0,20,39
80294,AZVV,0,37,45
80294,AZVV,0,60,55
80294,AZVV,0,90,64
80294,AZVV,0,180,66
80294,AZVV,0,270,64
80294,AZVV,0,300,55
80294,AZVV,0,323,45
80294,AZVV,0,340,39
80294,AZVV,0,350,38
80294,AZVV,0,352,36
80294,AZVV,0,356,28
80294,AZVV,0,357,18
80294,AZVV,0,358,15
80294,AZVV,0,359,5
80294,AZVV,0,359.25,2.6
80294,AZVV,0,359.5,1.2
80294,AZVV,0,359.75,0.3
80301,AZHH,0,0,0
80301,AZHH,0,0.1,0
80301,AZHH,0,0.2,0.1
80301,AZHH,0,0.3,0.1
80301,AZHH,0,0.4,0.2
80301,AZHH,0,0.5,0.4
80301,AZHH,0,0.6,0.5
80301,AZHH,0,0.7,0.7
80301,AZHH,0,0.8,1
80301,AZHH,0,0.9,1.2
80301,AZHH,0,1,1.5
80301,AZHH,0,1.1,1.8
80301,AZHH,0,1.2,2.2
80301,AZHH,0,1.3,2.6
80301,AZHH,0,1.4,3
80301,AZHH,0,1.5,3.4
80301,AZHH,0,1.6,3.9
80301,AZHH,0,1.7,4.4
80301,AZHH,0,1.8,4.9
80301,AZHH,0,1.9,5.5
80301,AZHH,0,2,6.1
80301,AZHH,0,2.1,6.7
80301,AZHH,0,2.2,7.4
80301,AZHH,0,2.3,8.1
80301,AZHH,0,2.4,8.8
80301,AZHH,0,2.5,9.5
80301,AZHH,0,2.6,10.3
80301,AZHH,0,2.7,11.1
80301,AZHH,0,2.8,11.9
80301,AZHH,0,2.9,12.8
80301,AZHH,0,3,13.7
80301,AZHH,0,3.1,14.6
80301,AZHH,0,5,15
80301,AZHH,0,6,19
80301,AZHH,0,8.5,20
80301,AZHH,0,9.5,23
80301,AZHH,0,12,23
80301,AZHH,0,13.5,27
80301,AZHH,0,20,27
80301,AZHH,0,25,29
80301,AZHH,0,35,36
80301,AZHH,0,45,36
80301,AZHH,0,50,38
80301,AZHH,0,70,38
80301,AZHH,0,80,42
80301,AZHH,0,85,43
80301,AZHH,0,105,62
80301,AZHH,0,180,62
80301,AZHH,0,255,62
80301,AZHH,0,275,43
80301,AZHH,0,280,42
80301,AZHH,0,290,38
80301,AZHH,0,310,38
80301,AZHH,0,315,36
80301,AZHH,0,325,36
80301,AZHH,0,335,29
80301,AZHH,0,340,27
80301,AZHH,0,346.5,27
80301,AZHH,0,348,23
80301,AZHH,0,350.5,23
80301,AZHH,0,351.5,20
80301,AZHH,0,354,19
80301,AZHH,0,355,15
80301,AZHH,0,356.9,14.6
80301,AZHH,0,357,13.7
80301,AZHH,0,357.1,12.8
80301,AZHH,0,357.2,11.9
80301,AZHH,0,357.3,11.1
80301,AZHH,0,357.4,10.3
80301,AZHH,0,357.5,9.5
80301,AZHH,0,357.6,8.8
80301,AZHH,0,357.7,8.1
80301,AZHH,0,357.8,7.4
80301,AZHH,0,357.9,6.7
80301,AZHH,0,358,6.1
80301,AZHH,0,358.1,5.5
80301,AZHH,0,358.2,4.9
80301,AZHH,0,358.3,4.4
80301,AZHH,0,358.4,3.9
80301,AZHH,0,358.5,3.4
80301,AZHH,0,358.6,3
80301,AZHH,0,358.7,2.6
80301,AZHH,0,358.8,2.2
80301,AZHH,0,358.9,1.8
80301,AZHH,0,359,1.5
80301,AZHH,0,359.1,1.2
80301,AZHH,0,359.2,1
80301,AZHH,0,359.3,0.7
80301,AZHH,0,359.4,0.5
80301,AZHH,0,359.5,0.4
80301,AZHH,0,359.6,0.2
80301,AZHH,0,359.7,0.1
80301,AZHH,0,359.8,0.1
80301,AZHH,0,359.9,0
80301,AZHV,0,0,30
80301,AZHV,0,2.5,30
80301,AZHV,0,5.5,35
80301,AZHV,0,10.5,35
80301,AZHV,0,12,41
80301,AZHV,0,20,41
80301,AZHV,0,25,44
80301,AZHV,0,45,44
80301,AZHV,0,55,49
80301,AZHV,0,70,49
80301,AZHV,0,100,62
80301,AZHV,0,180,62
80301,AZHV,0,260,62
80301,AZHV,0,290,49
80301,AZHV,0,305,49
80301,AZHV,0,315,44
80301,AZHV,0,335,44
80301,AZHV,0,340,41
80301,AZHV,0,348,41
80301,AZHV,0,349.5,35
80301,AZHV,0,354.5,35
80301,AZHV,0,357.5,30
80301,AZVH,0,0,30
80301,AZVH,0,2.5,30
80301,AZVH,0,5.5,35
80301,AZVH,0,10.5,35
80301,AZVH,0,12,41
80301,AZVH,0,20,41
80301,AZVH,0,25,44
80301,AZVH,0,45,44
80301,AZVH,0,55,49
80301,AZVH,0,70,49
80301,AZVH,0,100,62
80301,AZVH,0,180,62
80301,AZVH,0,260,62
80301,AZVH,0,290,49
80301,AZVH,0,305,49
80301,AZVH,0,315,44
80301,AZVH,0,335,44
80301,AZVH,0,340,41
80301,AZVH,0,348,41
80301,AZVH,0,349.5,35
80301,AZVH,0,354.5,35
80301,AZVH,0,357.5,30
80301,AZVV,0,0,0
80301,AZVV,0,0.1,0
80301,AZVV,0,0.2,0.1
80301,AZVV,0,0.3,0.1
80301,AZVV,0,0.4,0.2
80301,AZVV,0,0.5,0.4
80301,AZVV,0,0.6,0.5
80301,AZVV,0,0.7,0.7
80301,AZVV,0,0.8,1
80301,AZVV,0,0.9,1.2
80301,AZVV,0,1,1.5
80301,AZVV,0,1.1,1.8
80301,AZVV,0,1.2,2.2
80301,AZVV,0,1.3,2.6
80301,AZVV,0,1.4,3
80301,AZVV,0,1.5,3.4
80301,AZVV,0,1.6,3.9
80301,AZVV,0,1.7,4.4
80301,AZVV,0,1.8,4.9
80301,AZVV,0,1.9,5.5
80301,AZVV,0,2,6.1
80301,AZVV,0,2.1,6.7
80301,AZVV,0,2.2,7.4
80301,AZVV,0,2.3,8.1
80301,AZVV,0,2.4,8.8
80301,AZVV,0,2.5,9.5
80301,AZVV,0,2.6,10.3
80301,AZVV,0,2.7,11.1
80301,AZVV,0,2.8,11.9
80301,AZVV,0,2.9,12.8
80301,AZVV,0,3,13.7
80301,AZVV,0,3.1,14.6
80301,AZVV,0,5,15
80301,AZVV,0,6,19
80301,AZVV,0,8.5,20
80301,AZVV,0,9.5,23
80301,AZVV,0,12,23
80301,AZVV,0,13.5,27
80301,AZVV,0,20,27
80301,AZVV,0,25,29
80301,AZVV,0,35,36
80301,AZVV,0,45,36
80301,AZVV,0,50,38
80301,AZVV,0,70,38
80301,AZVV,0,80,42
80301,AZVV,0,85,43
80301,AZVV,0,105,62
80301,AZVV,0,180,62
80301,AZVV,0,255,62
80301,AZVV,0,275,43
80301,AZVV,0,280,42
80301,AZVV,0,290,38
80301,AZVV,0,310,38
80301,AZVV,0,315,36
80301,AZVV,0,325,36
80301,AZVV,0,335,29
80301,AZVV,0,340,27
80301,AZVV,0,346.5,27
80301,AZVV,0,348,23
80301,AZVV,0,350.5,23
80301,AZVV,0,351.5,20
80301,AZVV,0,354,19
80301,AZVV,0,355,15
80301,AZVV,0,356.9,14.6
80301,AZVV,0,357,13.7
80301,AZVV,0,357.1,12.8
80301,AZVV,0,357.2,11.9
80301,AZVV,0,357.3,11.1
80301,AZVV,0,357.4,10.3
80301,AZVV,0,357.5,9.5
80301,AZVV,0,357.6,8.8
80301,AZVV,0,357.7,8.1
80301,AZVV,0,357.8,7.4
80301,AZVV,0,357.9,6.7
80301,AZVV,0,358,6.1
80301,AZVV,0,358.1,5.5
80301,AZVV,0,358.2,4.9
80301,AZVV,0,358.3,4.4
80301,AZVV,0,358.4,3.9
80301,AZVV,0,358.5,3.4
80301,AZVV,0,358.6,3
80301,AZVV,0,358.7,2.6
80301,AZVV,0,358.8,2.2
80301,AZVV,0,358.9,1.8
80301,AZVV,0,359,1.5
80301,AZVV,0,359.1,1.2
80301,AZVV,0,359.2,1
80301,AZVV,0,359.3,0.7
80301,AZVV,0,359.4,0.5
80301,AZVV,0,359.5,0.4
80301,AZVV,0,359.6,0.2
80301,AZVV,0,359.7,0.1
80301,AZVV,0,359.8,0.1
80301,AZVV,0,359.9,0
80304,AZHH,0,0,0
80304,AZHH,0,0.36,0.05
80304,AZHH,0,0.5,0.2
80304,AZHH,0,0.75,0.66
80304,AZHH,0,1,1.37
80304,AZHH,0,1.25,2.54
80304,AZHH,0,1.5,4.11
80304,AZHH,0,1.76,6.09
80304,AZHH,0,1.95,7.36
80304,AZHH,0,2.17,9.44
80304,AZHH,0,2.32,11.22
80304,AZHH,0,2.55,14.9
80304,AZHH,0,4.5,15
80304,AZHH,0,5,17.7
80304,AZHH,0,6,18.6
80304,AZHH,0,7,21
80304,AZHH,0,15,27.5
80304,AZHH,0,17,30
80304,AZHH,0,20,30
80304,AZHH,0,28.5,32.1
80304,AZHH,0,45,36.3
80304,AZHH,0,51.5,38
80304,AZHH,0,65,44
80304,AZHH,0,75,49
80304,AZHH,0,90,57
80304,AZHH,0,99,62.5
80304,AZHH,0,100,63
80304,AZHH,0,180,63
80304,AZHH,0,260,63
80304,AZHH,0,261,62.5
80304,AZHH,0,270,57
80304,AZHH,0,285,49
80304,AZHH,0,295,44
80304,AZHH,0,308.5,38
80304,AZHH,0,315,36.3
80304,AZHH,0,331.5,32.1
80304,AZHH,0,340,30
80304,AZHH,0,343,30
80304,AZHH,0,345,27.5
80304,AZHH,0,353,21
80304,AZHH,0,354,18.6
80304,AZHH,0,355,17.7
80304,AZHH,0,355.5,15
80304,AZHH,0,357.45,14.9
80304,AZHH,0,357.68,11.22
80304,AZHH,0,357.83,9.44
80304,AZHH,0,358.05,7.36
80304,AZHH,0,358.24,6.09
80304,AZHH,0,358.5,4.11
80304,AZHH,0,358.75,2.54
80304,AZHH,0,359,1.37
80304,AZHH,0,359.25,0.66
80304,AZHH,0,359.5,0.2
80304,AZHH,0,359.64,0.05
80304,AZHV,0,0,32
80304,AZHV,0,2.5,32
80304,AZHV,0,5,36
80304,AZHV,0,7.5,45.5
80304,AZHV,0,15,48
80304,AZHV,0,30,50
80304,AZHV,0,65,57
80304,AZHV,0,90,63
80304,AZHV,0,180,63
80304,AZHV,0,270,63
80304,AZHV,0,295,57
80304,AZHV,0,330,50
80304,AZHV,0,345,48
80304,AZHV,0,352.5,45.5
80304,AZHV,0,355,36
80304,AZHV,0,357.5,32
80304,AZVH,0,0,32
80304,AZVH,0,2.5,32
80304,AZVH,0,5,39.5
80304,AZVH,0,15,45.5
80304,AZVH,0,37.6,45.5
80304,AZVH,0,60,52.5
80304,AZVH,0,70,55.5
80304,AZVH,0,93,63
80304,AZVH,0,180,63
80304,AZVH,0,267,63
80304,AZVH,0,290,55.5
80304,AZVH,0,300,52.5
80304,AZVH,0,322.4,45.5
80304,AZVH,0,345,45.5
80304,AZVH,0,355,39.5
80304,AZVH,0,357.5,32
80304,AZVV,0,0,0
80304,AZVV,0,0.3,0
80304,AZVV,0,0.5,0.27
80304,AZVV,0,1,1.69
80304,AZVV,0,1.5,4.33
80304,AZVV,0,2,8
80304,AZVV,0,2.3,11.8
80304,AZVV,0,3.75,11.8
80304,AZVV,0,4.5,17.5
80304,AZVV,0,5,19.5
80304,AZVV,0,7,19.5
80304,AZVV,0,10,22
80304,AZVV,0,12,25.5
80304,AZVV,0,15,29
80304,AZVV,0,20,30.5
80304,AZVV,0,25,31.5
80304,AZVV,0,34.5,33.6
80304,AZVV,0,52.5,38.3
80304,AZVV,0,60,41.5
80304,AZVV,0,70,47.5
80304,AZVV,0,80,52
80304,AZVV,0,85,55
80304,AZVV,0,95,60.5
80304,AZVV,0,99,62.5
80304,AZVV,0,100,63
80304,AZVV,0,180,63
80304,AZVV,0,260,63
80304,AZVV,0,261,62.5
80304,AZVV,0,265,60.5
80304,AZVV,0,275,55
80304,AZVV,0,280,52
80304,AZVV,0,290,47.5
80304,AZVV,0,300,41.5
80304,AZVV,0,307.5,38.3
80304,AZVV,0,325.5,33.6
80304,AZVV,0,335,31.5
80304,AZVV,0,340,30.5
80304,AZVV,0,345,29
80304,AZVV,0,348,25.5
80304,AZVV,0,350,22
80304,AZVV,0,353,19.5
80304,AZVV,0,355,19.5
80304,AZVV,0,355.5,17.5
80304,AZVV,0,356.25,11.8
80304,AZVV,0,357.7,11.8
80304,AZVV,0,358,8
80304,AZVV,0,358.5,4.33
80304,AZVV,0,359,1.69
80304,AZVV,0,359.5,0.27
80304,AZVV,0,359.7,0
80307,AZHH,0,0,0
80307,AZHH,0,0.2,0.07
80307,AZHH,0,0.35,0.25
80307,AZHH,0,0.49,0.85
80307,AZHH,0,0.83,2.61
80307,AZHH,0,1,4
80307,AZHH,0,1.35,7.35
80307,AZHH,0,1.5,9.2
80307,AZHH,0,2,12.5
80307,AZHH,0,3.5,12.5
80307,AZHH,0,5,27
80307,AZHH,0,7.5,27
80307,AZHH,0,10,35
80307,AZHH,0,15,35
80307,AZHH,0,20,41
80307,AZHH,0,27.5,41
80307,AZHH,0,30,42
80307,AZHH,0,52,42
80307,AZHH,0,65,48
80307,AZHH,0,90,61
80307,AZHH,0,180,61
80307,AZHH,0,270,61
80307,AZHH,0,295,48
80307,AZHH,0,308,42
80307,AZHH,0,330,42
80307,AZHH,0,332.5,41
80307,AZHH,0,340,41
80307,AZHH,0,345,35
80307,AZHH,0,350,35
80307,AZHH,0,352.5,27
80307,AZHH,0,355,27
80307,AZHH,0,356.5,12.5
80307,AZHH,0,358,12.5
80307,AZHH,0,358.5,9.2
80307,AZHH,0,358.65,7.35
80307,AZHH,0,359,4
80307,AZHH,0,359.17,2.61
80307,AZHH,0,359.51,0.85
80307,AZHH,0,359.65,0.25
80307,AZHH,0,359.8,0.07
80307,AZHV,0,0,30
80307,AZHV,0,2,30
80307,AZHV,0,5,45
80307,AZHV,0,8,50
80307,AZHV,0,15,56
80307,AZHV,0,40,57
80307,AZHV,0,60,64
80307,AZHV,0,180,64
80307,AZHV,0,300,64
80307,AZHV,0,320,57
80307,AZHV,0,345,56
80307,AZHV,0,352,50
80307,AZHV,0,355,45
80307,AZHV,0,358,30
80307,AZVH,0,0,30
80307,AZVH,0,2,30
80307,AZVH,0,5,43
80307,AZVH,0,10,51
80307,AZVH,0,15,51
80307,AZVH,0,23,54
80307,AZVH,0,45,60
80307,AZVH,0,80,64
80307,AZVH,0,180,64
80307,AZVH,0,280,64
80307,AZVH,0,315,60
80307,AZVH,0,337,54
80307,AZVH,0,345,51
80307,AZVH,0,350,51
80307,AZVH,0,355,43
80307,AZVH,0,358,30
80307,AZVV,0,0,0
80307,AZVV,0,0.25,0.1
80307,AZVV,0,0.5,0.71
80307,AZVV,0,0.76,1.9
80307,AZVV,0,1,3.51
80307,AZVV,0,1.25,5.62
80307,AZVV,0,1.5,8.23
80307,AZVV,0,1.9,14
80307,AZVV,0,3.37,14
80307,AZVV,0,5,25
80307,AZVV,0,6,32
80307,AZVV,0,9,32
80307,AZVV,0,15,38
80307,AZVV,0,20,41.5
80307,AZVV,0,30,46
80307,AZVV,0,40,47.5
80307,AZVV,0,45,48
80307,AZVV,0,55,50
80307,AZVV,0,60,52
80307,AZVV,0,80,61
80307,AZVV,0,180,61
80307,AZVV,0,280,61
80307,AZVV,0,300,52
80307,AZVV,0,305,50
80307,AZVV,0,315,48
80307,AZVV,0,320,47.5
80307,AZVV,0,330,46
80307,AZVV,0,340,41.5
80307,AZVV,0,345,38
80307,AZVV,0,351,32
80307,AZVV,0,354,32
80307,AZVV,0,355,25
80307,AZVV,0,356.63,14
80307,AZVV,0,358.1,14
80307,AZVV,0,358.5,8.23
80307,AZVV,0,358.75,5.62
80307,AZVV,0,359,3.51
80307,AZVV,0,359.24,1.9
80307,AZVV,0,359.5,0.71
80307,AZVV,0,359.75,0.1
80319,AZHH,0,0,0
80319,AZHH,0,0.5,0.27
80319,AZHH,0,1,1.35
80319,AZHH,0,1.5,3.38
80319,AZHH,0,2,6.36
80319,AZHH,0,2.5,10.76
80319,AZHH,0,3,17
80319,AZHH,0,4.5,17
80319,AZHH,0,5.5,22
80319,AZHH,0,10,22
80319,AZHH,0,11,25
80319,AZHH,0,13,25
80319,AZHH,0,15,30
80319,AZHH,0,21,30
80319,AZHH,0,24,34
80319,AZHH,0,42.5,34
80319,AZHH,0,47.5,36
80319,AZHH,0,52.5,42
80319,AZHH,0,65,42
80319,AZHH,0,75,51
80319,AZHH,0,83,51
80319,AZHH,0,100,62
80319,AZHH,0,180,62
80319,AZHH,0,260,62
80319,AZHH,0,277,51
80319,AZHH,0,285,51
80319,AZHH,0,295,42
80319,AZHH,0,307.5,42
80319,AZHH,0,312.5,36
80319,AZHH,0,317.5,34
80319,AZHH,0,336,34
80319,AZHH,0,339,30
80319,AZHH,0,345,30
80319,AZHH,0,347,25
80319,AZHH,0,349,25
80319,AZHH,0,350,22
80319,AZHH,0,354.5,22
80319,AZHH,0,355.5,17
80319,AZHH,0,357,17
80319,AZHH,0,357.5,10.76
80319,AZHH,0,358,6.36
80319,AZHH,0,358.5,3.38
80319,AZHH,0,359,1.35
80319,AZHH,0,359.5,0.27
80319,AZHV,0,0,30
80319,AZHV,0,2.5,30
80319,AZHV,0,4.5,42
80319,AZHV,0,6,44
80319,AZHV,0,8,44
80319,AZHV,0,11,50
80319,AZHV,0,15,50
80319,AZHV,0,19,55
80319,AZHV,0,27,55
80319,AZHV,0,30,56
80319,AZHV,0,45,56
80319,AZHV,0,60,62
80319,AZHV,0,180,62
80319,AZHV,0,300,62
80319,AZHV,0,315,56
80319,AZHV,0,330,56
80319,AZHV,0,333,55
80319,AZHV,0,341,55
80319,AZHV,0,345,50
80319,AZHV,0,349,50
80319,AZHV,0,352,44
80319,AZHV,0,354,44
80319,AZHV,0,355.5,42
80319,AZHV,0,357.5,30
80319,AZVH,0,0,30
80319,AZVH,0,2.5,30
80319,AZVH,0,4.5,42
80319,AZVH,0,10,42
80319,AZVH,0,15,53
80319,AZVH,0,25,53
80319,AZVH,0,30,56
80319,AZVH,0,45,56
80319,AZVH,0,50,60
80319,AZVH,0,68,60
80319,AZVH,0,83,65
80319,AZVH,0,180,65
80319,AZVH,0,277,65
80319,AZVH,0,292,60
80319,AZVH,0,310,60
80319,AZVH,0,315,56
80319,AZVH,0,330,56
80319,AZVH,0,335,53
80319,AZVH,0,345,53
80319,AZVH,0,350,42
80319,AZVH,0,355.5,42
80319,AZVH,0,357.5,30
80319,AZVV,0,0,0
80319,AZVV,0,0.5,0.2
80319,AZVV,0,1,1.49
80319,AZVV,0,1.5,3.59
80319,AZVV,0,2,7.04
80319,AZVV,0,2.5,12.79
80319,AZVV,0,2.65,14
80319,AZVV,0,4.5,14
80319,AZVV,0,5,18
80319,AZVV,0,6,22
80319,AZVV,0,7.5,22
80319,AZVV,0,8.5,22
80319,AZVV,0,9,24
80319,AZVV,0,13.5,24
80319,AZVV,0,15,30
80319,AZVV,0,21,30
80319,AZVV,0,25,32
80319,AZVV,0,30,32
80319,AZVV,0,30.01,33
80319,AZVV,0,35,33
80319,AZVV,0,37.5,36
80319,AZVV,0,47.5,36
80319,AZVV,0,56,43
80319,AZVV,0,68,43
80319,AZVV,0,90,62
80319,AZVV,0,180,62
80319,AZVV,0,270,62
80319,AZVV,0,292,43
80319,AZVV,0,304,43
80319,AZVV,0,312.5,36
80319,AZVV,0,322.5,36
80319,AZVV,0,325,33
80319,AZVV,0,330,33
80319,AZVV,0,330.01,32
80319,AZVV,0,335,32
80319,AZVV,0,339,30
80319,AZVV,0,345,30
80319,AZVV,0,346.5,24
80319,AZVV,0,351,24
80319,AZVV,0,351.5,22
80319,AZVV,0,352.5,22
80319,AZVV,0,354,22
80319,AZVV,0,355,18
80319,AZVV,0,355.5,14
80319,AZVV,0,357.35,14
80319,AZVV,0,357.5,12.79
80319,AZVV,0,358,7.04
80319,AZVV,0,358.5,3.59
80319,AZVV,0,359,1.49
80319,AZVV,0,359.5,0.2
80325,AZHH,0,0,0
80325,AZHH,0,0.5,0.05
80325,AZHH,0,1,0.65
80325,AZHH,0,1.5,1.79
80325,AZHH,0,2,3.41
80325,AZHH,0,2.5,5.58
80325,AZHH,0,3,8.55
80325,AZHH,0,3.5,12.29
80325,AZHH,0,3.83,16
80325,AZHH,0,4,18
80325,AZHH,0,7,18
80325,AZHH,0,9,24
80325,AZHH,0,11,24
80325,AZHH,0,14,32
80325,AZHH,0,15,32
80325,AZHH,0,17.5,32
80325,AZHH,0,21,35
80325,AZHH,0,25,35
80325,AZHH,0,30,35
80325,AZHH,0,37.5,38
80325,AZHH,0,55.5,38
80325,AZHH,0,75,48
80325,AZHH,0,100,60
80325,AZHH,0,180,60
80325,AZHH,0,260,60
80325,AZHH,0,285,48
80325,AZHH,0,304.5,38
80325,AZHH,0,322.5,38
80325,AZHH,0,330,35
80325,AZHH,0,335,35
80325,AZHH,0,339,35
80325,AZHH,0,342.5,32
80325,AZHH,0,345,32
80325,AZHH,0,346,32
80325,AZHH,0,349,24
80325,AZHH,0,351,24
80325,AZHH,0,353,18
80325,AZHH,0,356,18
80325,AZHH,0,356.17,16
80325,AZHH,0,356.5,12.29
80325,AZHH,0,357,8.55
80325,AZHH,0,357.5,5.58
80325,AZHH,0,358,3.41
80325,AZHH,0,358.5,1.79
80325,AZHH,0,359,0.65
80325,AZHH,0,359.5,0.05
80325,AZHV,0,0,30
80325,AZHV,0,4,30
80325,AZHV,0,7.5,44
80325,AZHV,0,10,44
80325,AZHV,0,12,48
80325,AZHV,0,15,50
80325,AZHV,0,22,50
80325,AZHV,0,27,54
80325,AZHV,0,45,54
80325,AZHV,0,53,58
80325,AZHV,0,60,60
80325,AZHV,0,180,60
80325,AZHV,0,300,60
80325,AZHV,0,307,58
80325,AZHV,0,315,54
80325,AZHV,0,333,54
80325,AZHV,0,338,50
80325,AZHV,0,345,50
80325,AZHV,0,348,48
80325,AZHV,0,350,44
80325,AZHV,0,352.5,44
80325,AZHV,0,356,30
80325,AZVH,0,0,30
80325,AZVH,0,4,30
80325,AZVH,0,5,37
80325,AZVH,0,7.5,37
80325,AZVH,0,15,50
80325,AZVH,0,30,52
80325,AZVH,0,40.5,54
80325,AZVH,0,60,54
80325,AZVH,0,75,62
80325,AZVH,0,180,62
80325,AZVH,0,285,62
80325,AZVH,0,300,54
80325,AZVH,0,319.5,54
80325,AZVH,0,330,52
80325,AZVH,0,345,50
80325,AZVH,0,352.5,37
80325,AZVH,0,355,37
80325,AZVH,0,356,30
80325,AZVV,0,0,0
80325,AZVV,0,0.5,0.11
80325,AZVV,0,1,0.65
80325,AZVV,0,1.5,1.68
80325,AZVV,0,2,3.3
80325,AZVV,0,2.5,5.41
80325,AZVV,0,3,8.12
80325,AZVV,0,3.5,11.75
80325,AZVV,0,4,16
80325,AZVV,0,4.17,18
80325,AZVV,0,6,18
80325,AZVV,0,7,21
80325,AZVV,0,9,24
80325,AZVV,0,10,24
80325,AZVV,0,14,30
80325,AZVV,0,15,30
80325,AZVV,0,17.5,30
80325,AZVV,0,20,32
80325,AZVV,0,22.5,34
80325,AZVV,0,30,35
80325,AZVV,0,40,35
80325,AZVV,0,45,36
80325,AZVV,0,50,36
80325,AZVV,0,60,40
80325,AZVV,0,90,60
80325,AZVV,0,180,60
80325,AZVV,0,270,60
80325,AZVV,0,300,40
80325,AZVV,0,310,36
80325,AZVV,0,315,36
80325,AZVV,0,320,35
80325,AZVV,0,330,35
80325,AZVV,0,337.5,34
80325,AZVV,0,340,32
80325,AZVV,0,342.5,30
80325,AZVV,0,345,30
80325,AZVV,0,346,30
80325,AZVV,0,350,24
80325,AZVV,0,351,24
80325,AZVV,0,353,21
80325,AZVV,0,354,18
80325,AZVV,0,355.83,18
80325,AZVV,0,356,16
80325,AZVV,0,356.5,11.75
80325,AZVV,0,357,8.12
80325,AZVV,0,357.5,5.41
80325,AZVV,0,358,3.3
80325,AZVV,0,358.5,1.68
80325,AZVV,0,359,0.65
80325,AZVV,0,359.5,0.11
80341,AZHH,0,0,0
80341,AZHH,0,0.5,0.57
80341,AZHH,0,1,2.27
80341,AZHH,0,1.5,5.1
80341,AZHH,0,2,9.07
80341,AZHH,0,3,14
80341,AZHH,0,8,26
80341,AZHH,0,12,33
80341,AZHH,0,21,40
80341,AZHH,0,32,42
80341,AZHH,0,60,47
80341,AZHH,0,100,62
80341,AZHH,0,180,62
80341,AZHH,0,260,62
80341,AZHH,0,300,47
80341,AZHH,0,328,42
80341,AZHH,0,339,40
80341,AZHH,0,348,33
80341,AZHH,0,352,26
80341,AZHH,0,357,14
80341,AZHH,0,358,9.07
80341,AZHH,0,358.5,5.1
80341,AZHH,0,359,2.27
80341,AZHH,0,359.5,0.57
80341,AZHV,0,0,30
80341,AZHV,0,1.5,30
80341,AZHV,0,9,49
80341,AZHV,0,19,55
80341,AZHV,0,46,58
80341,AZHV,0,63,62
80341,AZHV,0,180,62
80341,AZHV,0,297,62
80341,AZHV,0,314,58
80341,AZHV,0,341,55
80341,AZHV,0,351,49
80341,AZHV,0,358.5,30
80341,AZVH,0,0,30
80341,AZVH,0,1.5,30
80341,AZVH,0,7,50
80341,AZVH,0,19,56
80341,AZVH,0,58,62
80341,AZVH,0,180,62
80341,AZVH,0,302,62
80341,AZVH,0,341,56
80341,AZVH,0,353,50
80341,AZVH,0,358.5,30
80341,AZVV,0,0,0
80341,AZVV,0,0.5,0.57
80341,AZVV,0,1,2.27
80341,AZVV,0,1.5,5.1
80341,AZVV,0,2,9.07
80341,AZVV,0,3,13.8
80341,AZVV,0,8,29.3
80341,AZVV,0,12,33.8
80341,AZVV,0,18,38.8
80341,AZVV,0,30,39.8
80341,AZVV,0,52,62
80341,AZVV,0,180,62
80341,AZVV,0,308,62
80341,AZVV,0,330,39.8
80341,AZVV,0,342,38.8
80341,AZVV,0,348,33.8
80341,AZVV,0,352,29.3
80341,AZVV,0,357,13.8
80341,AZVV,0,358,9.07
80341,AZVV,0,358.5,5.1
80341,AZVV,0,359,2.27
80341,AZVV,0,359.5,0.57
80351,AZHH,0,0,0
80351,AZHH,0,0.5,0
80351,AZHH,0,1,0.22
80351,AZHH,0,1.5,0.7
80351,AZHH,0,2,1.3
80351,AZHH,0,2.5,2.17
80351,AZHH,0,3,3.25
80351,AZHH,0,3.5,4.38
80351,AZHH,0,4,5.79
80351,AZHH,0,4.5,7.52
80351,AZHH,0,5,9.5
80351,AZHH,0,5.5,11.69
80351,AZHH,0,6,14.67
80351,AZHH,0,6.5,18
80351,AZHH,0,10,18
80351,AZHH,0,13,22
80351,AZHH,0,15,22
80351,AZHH,0,16.5,22
80351,AZHH,0,22.5,27
80351,AZHH,0,25.5,29
80351,AZHH,0,30,30
80351,AZHH,0,35,32
80351,AZHH,0,45,37
80351,AZHH,0,52.5,40
80351,AZHH,0,57.5,42
80351,AZHH,0,60,42
80351,AZHH,0,68,48
80351,AZHH,0,75,52
80351,AZHH,0,82,52
80351,AZHH,0,90,57
80351,AZHH,0,180,57
80351,AZHH,0,270,57
80351,AZHH,0,278,52
80351,AZHH,0,285,52
80351,AZHH,0,292,48
80351,AZHH,0,300,42
80351,AZHH,0,302.5,42
80351,AZHH,0,307.5,40
80351,AZHH,0,315,37
80351,AZHH,0,325,32
80351,AZHH,0,330,30
80351,AZHH,0,334.5,29
80351,AZHH,0,337.5,27
80351,AZHH,0,343.5,22
80351,AZHH,0,345,22
80351,AZHH,0,347,22
80351,AZHH,0,350,18
80351,AZHH,0,353.5,18
80351,AZHH,0,354,14.67
80351,AZHH,0,354.5,11.69
80351,AZHH,0,355,9.5
80351,AZHH,0,355.5,7.52
80351,AZHH,0,356,5.79
80351,AZHH,0,356.5,4.38
80351,AZHH,0,357,3.25
80351,AZHH,0,357.5,2.17
80351,AZHH,0,358,1.3
80351,AZHH,0,358.5,0.7
80351,AZHH,0,359,0.22
80351,AZHH,0,359.5,0
80351,AZHV,0,0,32
80351,AZHV,0,3,32
80351,AZHV,0,4.5,40
80351,AZHV,0,5.5,44
80351,AZHV,0,10,44
80351,AZHV,0,15,48
80351,AZHV,0,17.5,52
80351,AZHV,0,30,52
80351,AZHV,0,37.5,54
80351,AZHV,0,42.5,54
80351,AZHV,0,50,59
80351,AZHV,0,180,59
80351,AZHV,0,310,59
80351,AZHV,0,317.5,54
80351,AZHV,0,322.5,54
80351,AZHV,0,330,52
80351,AZHV,0,342.5,52
80351,AZHV,0,345,48
80351,AZHV,0,350,44
80351,AZHV,0,354.5,44
80351,AZHV,0,355.5,40
80351,AZHV,0,357,32
80351,AZVH,0,0,32
80351,AZVH,0,3,32
80351,AZVH,0,4,38
80351,AZVH,0,5,40
80351,AZVH,0,6.5,42
80351,AZVH,0,10,44
80351,AZVH,0,15,48
80351,AZVH,0,27.5,48
80351,AZVH,0,32.5,54
80351,AZVH,0,37.5,56
80351,AZVH,0,45,60
80351,AZVH,0,60,60
80351,AZVH,0,180,60
80351,AZVH,0,300,60
80351,AZVH,0,315,60
80351,AZVH,0,322.5,56
80351,AZVH,0,327.5,54
80351,AZVH,0,332.5,48
80351,AZVH,0,345,48
80351,AZVH,0,350,44
80351,AZVH,0,353.5,42
80351,AZVH,0,355,40
80351,AZVH,0,356,38
80351,AZVH,0,357,32
80351,AZVV,0,0,0
80351,AZVV,0,0.5,0.11
80351,AZVV,0,1,0.32
80351,AZVV,0,1.5,0.87
80351,AZVV,0,2,1.62
80351,AZVV,0,2.5,2.76
80351,AZVV,0,3,3.9
80351,AZVV,0,3.5,5.41
80351,AZVV,0,4,7.2
80351,AZVV,0,4.5,9.26
80351,AZVV,0,5,11.31
80351,AZVV,0,5.5,13.9
80351,AZVV,0,6.1,16
80351,AZVV,0,8.5,16
80351,AZVV,0,10.5,18
80351,AZVV,0,12,20
80351,AZVV,0,15,21
80351,AZVV,0,19.5,28
80351,AZVV,0,22.5,30
80351,AZVV,0,30,30
80351,AZVV,0,37.5,30
80351,AZVV,0,42.5,32
80351,AZVV,0,47.5,36
80351,AZVV,0,52.5,40
80351,AZVV,0,60,44
80351,AZVV,0,67.75,48
80351,AZVV,0,75,50
80351,AZVV,0,82.5,54
80351,AZVV,0,100,57
80351,AZVV,0,180,57
80351,AZVV,0,260,57
80351,AZVV,0,277.5,54
80351,AZVV,0,285,50
80351,AZVV,0,292.25,48
80351,AZVV,0,300,44
80351,AZVV,0,307.5,40
80351,AZVV,0,312.5,36
80351,AZVV,0,317.5,32
80351,AZVV,0,322.5,30
80351,AZVV,0,330,30
80351,AZVV,0,337.5,30
80351,AZVV,0,340.5,28
80351,AZVV,0,345,21
80351,AZVV,0,348,20
80351,AZVV,0,349.5,18
80351,AZVV,0,351.5,16
80351,AZVV,0,353.9,16
80351,AZVV,0,354.5,13.9
80351,AZVV,0,355,11.31
80351,AZVV,0,355.5,9.26
80351,AZVV,0,356,7.2
80351,AZVV,0,356.5,5.41
80351,AZVV,0,357,3.9
80351,AZVV,0,357.5,2.76
80351,AZVV,0,358,1.62
80351,AZVV,0,358.5,0.87
80351,AZVV,0,359,0.32
80351,AZVV,0,359.5,0.11
80360,AZHH,0,0,0
80360,AZHH,0,0.5,0.1
80360,AZHH,0,1,0.33
80360,AZHH,0,1.5,1.01
80360,AZHH,0,2,2
80360,AZHH,0,2.5,3.11
80360,AZHH,0,3,4.67
80360,AZHH,0,3.5,6.6
80360,AZHH,0,4,8.93
80360,AZHH,0,4.5,11.7
80360,AZHH,0,5,15.9
80360,AZHH,0,5.5,19
80360,AZHH,0,13,19
80360,AZHH,0,15,24
80360,AZHH,0,17.5,31
80360,AZHH,0,45,31
80360,AZHH,0,54.5,44
80360,AZHH,0,75,44
80360,AZHH,0,90,52
80360,AZHH,0,120,52
80360,AZHH,0,120.01,54
80360,AZHH,0,180,54
80360,AZHH,0,240,54
80360,AZHH,0,240.01,52
80360,AZHH,0,270,52
80360,AZHH,0,285,44
80360,AZHH,0,305.5,44
80360,AZHH,0,315,31
80360,AZHH,0,342.5,31
80360,AZHH,0,345,24
80360,AZHH,0,347,19
80360,AZHH,0,354.5,19
80360,AZHH,0,355,15.9
80360,AZHH,0,355.5,11.7
80360,AZHH,0,356,8.93
80360,AZHH,0,356.5,6.6
80360,AZHH,0,357,4.67
80360,AZHH,0,357.5,3.11
80360,AZHH,0,358,2
80360,AZHH,0,358.5,1.01
80360,AZHH,0,359,0.33
80360,AZHH,0,359.5,0.1
80360,AZHV,0,0,30
80360,AZHV,0,4.5,30
80360,AZHV,0,7.5,38
80360,AZHV,0,12,44
80360,AZHV,0,15,44
80360,AZHV,0,44,44
80360,AZHV,0,60,56
80360,AZHV,0,82,56
80360,AZHV,0,90,58
80360,AZHV,0,180,58
80360,AZHV,0,270,58
80360,AZHV,0,278,56
80360,AZHV,0,300,56
80360,AZHV,0,316,44
80360,AZHV,0,345,44
80360,AZHV,0,348,44
80360,AZHV,0,352.5,38
80360,AZHV,0,355.5,30
80360,AZVH,0,0,30
80360,AZVH,0,4.5,30
80360,AZVH,0,6,38
80360,AZVH,0,10.5,38
80360,AZVH,0,15,46
80360,AZVH,0,45,46
80360,AZVH,0,50,48
80360,AZVH,0,75,48
80360,AZVH,0,90,57
80360,AZVH,0,180,57
80360,AZVH,0,270,57
80360,AZVH,0,285,48
80360,AZVH,0,310,48
80360,AZVH,0,315,46
80360,AZVH,0,345,46
80360,AZVH,0,349.5,38
80360,AZVH,0,354,38
80360,AZVH,0,355.5,30
80360,AZVV,0,0,0
80360,AZVV,0,0.5,0.1
80360,AZVV,0,1,0.33
80360,AZVV,0,1.5,1.01
80360,AZVV,0,2,2
80360,AZVV,0,2.5,3.51
80360,AZVV,0,3,5.5
80360,AZVV,0,3.5,7.6
80360,AZVV,0,4,10
80360,AZVV,0,4.5,12.2
80360,AZVV,0,5.2,15
80360,AZVV,0,6,18
80360,AZVV,0,8.5,18
80360,AZVV,0,10.5,22
80360,AZVV,0,15,23
80360,AZVV,0,22.5,26
80360,AZVV,0,30,28
80360,AZVV,0,35,34
80360,AZVV,0,55,34
80360,AZVV,0,60,40
80360,AZVV,0,75,47
80360,AZVV,0,90,55
80360,AZVV,0,180,55
80360,AZVV,0,270,55
80360,AZVV,0,285,47
80360,AZVV,0,300,40
80360,AZVV,0,305,34
80360,AZVV,0,325,34
80360,AZVV,0,330,28
80360,AZVV,0,337.5,26
80360,AZVV,0,345,23
80360,AZVV,0,349.5,22
80360,AZVV,0,351.5,18
80360,AZVV,0,354,18
80360,AZVV,0,354.8,15
80360,AZVV,0,355.5,12.2
80360,AZVV,0,356,10
80360,AZVV,0,356.5,7.6
80360,AZVV,0,357,5.5
80360,AZVV,0,357.5,3.51
80360,AZVV,0,358,2
80360,AZVV,0,358.5,1.01
80360,AZVV,0,359,0.33
80360,AZVV,0,359.5,0.1
80369,AZHH,0,0,0
80369,AZHH,0,0.5,0.7
80369,AZHH,0,1,6
80369,AZHH,0,1.4,16.2
80369,AZHH,0,2.5,23
80369,AZHH,0,3,23
80369,AZHH,0,3.5,26
80369,AZHH,0,5,26
80369,AZHH,0,5.01,27
80369,AZHH,0,6,30
80369,AZHH,0,10,30
80369,AZHH,0,10.01,36
80369,AZHH,0,15,36
80369,AZHH,0,20,40
80369,AZHH,0,25,40
80369,AZHH,0,30,42
80369,AZHH,0,30.01,43
80369,AZHH,0,60,43
80369,AZHH,0,90,68
80369,AZHH,0,180,68
80369,AZHH,0,270,68
80369,AZHH,0,300,43
80369,AZHH,0,330,43
80369,AZHH,0,330.01,42
80369,AZHH,0,335,40
80369,AZHH,0,340,40
80369,AZHH,0,345,36
80369,AZHH,0,350,36
80369,AZHH,0,350.01,30
80369,AZHH,0,354,30
80369,AZHH,0,355,27
80369,AZHH,0,355.01,26
80369,AZHH,0,356.5,26
80369,AZHH,0,357,23
80369,AZHH,0,357.5,23
80369,AZHH,0,358.6,16.2
80369,AZHH,0,359,6
80369,AZHH,0,359.5,0.7
80369,AZHV,0,0,34
80369,AZHV,0,2.5,34
80369,AZHV,0,5,40
80369,AZHV,0,10,50
80369,AZHV,0,30,50
80369,AZHV,0,30.01,51
80369,AZHV,0,60,53
80369,AZHV,0,85,68
80369,AZHV,0,180,68
80369,AZHV,0,275,68
80369,AZHV,0,300,53
80369,AZHV,0,330,51
80369,AZHV,0,330.01,50
80369,AZHV,0,350,50
80369,AZHV,0,355,40
80369,AZHV,0,357.5,34
80369,AZVH,0,0,34
80369,AZVH,0,2.4,34
80369,AZVH,0,10,43
80369,AZVH,0,12.5,50
80369,AZVH,0,15,50
80369,AZVH,0,30,50
80369,AZVH,0,30.01,51
80369,AZVH,0,55,51
80369,AZVH,0,90,68
80369,AZVH,0,180,68
80369,AZVH,0,270,68
80369,AZVH,0,305,51
80369,AZVH,0,330,51
80369,AZVH,0,330.01,50
80369,AZVH,0,345,50
80369,AZVH,0,347.5,50
80369,AZVH,0,350,43
80369,AZVH,0,357.6,34
80369,AZVV,0,0,0
80369,AZVV,0,0.5,0.7
80369,AZVV,0,1,6
80369,AZVV,0,1.4,16.2
80369,AZVV,0,1.8,24
80369,AZVV,0,3.2,24
80369,AZVV,0,5,26
80369,AZVV,0,5.01,32
80369,AZVV,0,10,32
80369,AZVV,0,15,40
80369,AZVV,0,30,41
80369,AZVV,0,30.01,45.7
80369,AZVV,0,70,47
80369,AZVV,0,90,68
80369,AZVV,0,180,68
80369,AZVV,0,270,68
80369,AZVV,0,290,47
80369,AZVV,0,330,45.7
80369,AZVV,0,330.01,41
80369,AZVV,0,345,40
80369,AZVV,0,350,32
80369,AZVV,0,355,32
80369,AZVV,0,355.01,26
80369,AZVV,0,356.8,24
80369,AZVV,0,358.2,24
80369,AZVV,0,358.6,16.2
80369,AZVV,0,359,6
80369,AZVV,0,359.5,0.7
80371,AZHH,0,0,0
80371,AZHH,0,0.5,0
80371,AZHH,0,1,0.44
80371,AZHH,0,1.5,1.05
80371,AZHH,0,2,2.1
80371,AZHH,0,2.5,3.38
80371,AZHH,0,3,5.11
80371,AZHH,0,3.5,7.55
80371,AZHH,0,4,10.15
80371,AZHH,0,4.5,13.37
80371,AZHH,0,5,15
80371,AZHH,0,7.5,15
80371,AZHH,0,9,18
80371,AZHH,0,10.5,22
80371,AZHH,0,15,22
80371,AZHH,0,19,30
80371,AZHH,0,30,30
80371,AZHH,0,42.5,30
80371,AZHH,0,50,36
80371,AZHH,0,60,36
80371,AZHH,0,67,36
80371,AZHH,0,90,50
80371,AZHH,0,98,50
80371,AZHH,0,105,53
80371,AZHH,0,180,53
80371,AZHH,0,255,53
80371,AZHH,0,262,50
80371,AZHH,0,270,50
80371,AZHH,0,293,36
80371,AZHH,0,300,36
80371,AZHH,0,310,36
80371,AZHH,0,317.5,30
80371,AZHH,0,330,30
80371,AZHH,0,341,30
80371,AZHH,0,345,22
80371,AZHH,0,349.5,22
80371,AZHH,0,351,18
80371,AZHH,0,352.5,15
80371,AZHH,0,355,15
80371,AZHH,0,355.5,13.37
80371,AZHH,0,356,10.15
80371,AZHH,0,356.5,7.55
80371,AZHH,0,357,5.11
80371,AZHH,0,357.5,3.38
80371,AZHH,0,358,2.1
80371,AZHH,0,358.5,1.05
80371,AZHH,0,359,0.44
80371,AZHH,0,359.5,0
80371,AZHV,0,0,30
80371,AZHV,0,4.5,30
80371,AZHV,0,7.5,38
80371,AZHV,0,10.5,42
80371,AZHV,0,15,44
80371,AZHV,0,22.5,44
80371,AZHV,0,27.5,47
80371,AZHV,0,32.5,50
80371,AZHV,0,45,50
80371,AZHV,0,50,53
80371,AZHV,0,83,53
80371,AZHV,0,95,56
80371,AZHV,0,180,56
80371,AZHV,0,265,56
80371,AZHV,0,277,53
80371,AZHV,0,310,53
80371,AZHV,0,315,50
80371,AZHV,0,327.5,50
80371,AZHV,0,332.5,47
80371,AZHV,0,337.5,44
80371,AZHV,0,345,44
80371,AZHV,0,349.5,42
80371,AZHV,0,352.5,38
80371,AZHV,0,355.5,30
80371,AZVH,0,0,30
80371,AZVH,0,4.5,30
80371,AZVH,0,7,40
80371,AZVH,0,9,44
80371,AZVH,0,10,46
80371,AZVH,0,13,46
80371,AZVH,0,15,48
80371,AZVH,0,50,48
80371,AZVH,0,56,53
80371,AZVH,0,75,53
80371,AZVH,0,90,55
80371,AZVH,0,180,55
80371,AZVH,0,270,55
80371,AZVH,0,285,53
80371,AZVH,0,304,53
80371,AZVH,0,310,48
80371,AZVH,0,345,48
80371,AZVH,0,347,46
80371,AZVH,0,350,46
80371,AZVH,0,351,44
80371,AZVH,0,353,40
80371,AZVH,0,355.5,30
80371,AZVV,0,0,0
80371,AZVV,0,1,0.47
80371,AZVV,0,1.5,1.35
80371,AZVV,0,2,2.57
80371,AZVV,0,2.5,4.47
80371,AZVV,0,3,6.7
80371,AZVV,0,3.5,10
80371,AZVV,0,3.75,12
80371,AZVV,0,6,12
80371,AZVV,0,8,12
80371,AZVV,0,10,18
80371,AZVV,0,15,18
80371,AZVV,0,18,26
80371,AZVV,0,20,28
80371,AZVV,0,27.5,28
80371,AZVV,0,30,30
80371,AZVV,0,37.5,30
80371,AZVV,0,40,32
80371,AZVV,0,52.5,32
80371,AZVV,0,58,35
80371,AZVV,0,67,41
80371,AZVV,0,75,41
80371,AZVV,0,96,53
80371,AZVV,0,180,53
80371,AZVV,0,264,53
80371,AZVV,0,285,41
80371,AZVV,0,293,41
80371,AZVV,0,302,35
80371,AZVV,0,307.5,32
80371,AZVV,0,320,32
80371,AZVV,0,322.5,30
80371,AZVV,0,330,30
80371,AZVV,0,332.5,28
80371,AZVV,0,340,28
80371,AZVV,0,342,26
80371,AZVV,0,345,18
80371,AZVV,0,350,18
80371,AZVV,0,352,12
80371,AZVV,0,354,12
80371,AZVV,0,356.25,12
80371,AZVV,0,356.5,10
80371,AZVV,0,357,6.7
80371,AZVV,0,357.5,4.47
80371,AZVV,0,358,2.57
80371,AZVV,0,358.5,1.35
80371,AZVV,0,359,0.47
80388,AZHH,0,0,0
80388,AZHH,0,0.19,0.41
80388,AZHH,0,0.38,1.83
80388,AZHH,0,0.57,4.47
80388,AZHH,0,0.75,9.14
80388,AZHH,0,0.94,16
80388,AZHH,0,1.69,16
80388,AZHH,0,2,22
80388,AZHH,0,3,22
80388,AZHH,0,3.5,28
80388,AZHH,0,4,34
80388,AZHH,0,7,34
80388,AZHH,0,10,40
80388,AZHH,0,13,46
80388,AZHH,0,15,46
80388,AZHH,0,17.5,46
80388,AZHH,0,20,48
80388,AZHH,0,40,48
80388,AZHH,0,45,50
80388,AZHH,0,50,52
80388,AZHH,0,55,52
80388,AZHH,0,60,54
80388,AZHH,0,67.5,56
80388,AZHH,0,92,74
80388,AZHH,0,180,74
80388,AZHH,0,268,74
80388,AZHH,0,292.5,56
80388,AZHH,0,300,54
80388,AZHH,0,305,52
80388,AZHH,0,310,52
80388,AZHH,0,315,50
80388,AZHH,0,320,48
80388,AZHH,0,340,48
80388,AZHH,0,342.5,46
80388,AZHH,0,345,46
80388,AZHH,0,347,46
80388,AZHH,0,350,40
80388,AZHH,0,353,34
80388,AZHH,0,356,34
80388,AZHH,0,356.5,28
80388,AZHH,0,357,22
80388,AZHH,0,358,22
80388,AZHH,0,358.31,16
80388,AZHH,0,359.06,16
80388,AZHH,0,359.25,9.14
80388,AZHH,0,359.43,4.47
80388,AZHH,0,359.62,1.83
80388,AZHH,0,359.81,0.41
80388,AZHV,0,0,30
80388,AZHV,0,0.8,30
80388,AZHV,0,1.3,34
80388,AZHV,0,2.5,34
80388,AZHV,0,4.5,47
80388,AZHV,0,5.5,47
80388,AZHV,0,7,54
80388,AZHV,0,9,56
80388,AZHV,0,15,56
80388,AZHV,0,20,62
80388,AZHV,0,27,62
80388,AZHV,0,45,64
80388,AZHV,0,67.5,68
80388,AZHV,0,82.5,74
80388,AZHV,0,95,79
80388,AZHV,0,180,79
80388,AZHV,0,265,79
80388,AZHV,0,277.5,74
80388,AZHV,0,292.5,68
80388,AZHV,0,315,64
80388,AZHV,0,333,62
80388,AZHV,0,340,62
80388,AZHV,0,345,56
80388,AZHV,0,351,56
80388,AZHV,0,353,54
80388,AZHV,0,354.5,47
80388,AZHV,0,355.5,47
80388,AZHV,0,357.5,34
80388,AZHV,0,358.7,34
80388,AZHV,0,359.2,30
80388,AZVH,0,0,30
80388,AZVH,0,1.03,30
80388,AZVH,0,2,36
80388,AZVH,0,3,36
80388,AZVH,0,5,46
80388,AZVH,0,6,46
80388,AZVH,0,8,54
80388,AZVH,0,10,54
80388,AZVH,0,12.5,58
80388,AZVH,0,15,58
80388,AZVH,0,17.5,60
80388,AZVH,0,27.5,60
80388,AZVH,0,32.5,61
80388,AZVH,0,40,61
80388,AZVH,0,45,62
80388,AZVH,0,50,63
80388,AZVH,0,55,66
80388,AZVH,0,60,70
80388,AZVH,0,75,70
80388,AZVH,0,90,78
80388,AZVH,0,180,78
80388,AZVH,0,270,78
80388,AZVH,0,285,70
80388,AZVH,0,300,70
80388,AZVH,0,305,66
80388,AZVH,0,310,63
80388,AZVH,0,315,62
80388,AZVH,0,320,61
80388,AZVH,0,327.5,61
80388,AZVH,0,332.5,60
80388,AZVH,0,342.5,60
80388,AZVH,0,345,58
80388,AZVH,0,347.5,58
80388,AZVH,0,350,54
80388,AZVH,0,352,54
80388,AZVH,0,354,46
80388,AZVH,0,355,46
80388,AZVH,0,357,36
80388,AZVH,0,358,36
80388,AZVH,0,358.97,30
80388,AZVV,0,0,0
80388,AZVV,0,0.19,0.41
80388,AZVV,0,0.37,2.1
80388,AZVV,0,0.56,5.35
80388,AZVV,0,0.75,11.1
80388,AZVV,0,0.81,13
80388,AZVV,0,1.51,13
80388,AZVV,0,1.89,20
80388,AZVV,0,3,20
80388,AZVV,0,4,26
80388,AZVV,0,4.5,26
80388,AZVV,0,5.5,32
80388,AZVV,0,7.5,36
80388,AZVV,0,8.5,36
80388,AZVV,0,10.5,40
80388,AZVV,0,15,45
80388,AZVV,0,22.5,48
80388,AZVV,0,30,48
80388,AZVV,0,37.5,50
80388,AZVV,0,45,50
80388,AZVV,0,52.5,52
80388,AZVV,0,60,52
80388,AZVV,0,61.5,52
80388,AZVV,0,90,74
80388,AZVV,0,180,74
80388,AZVV,0,270,74
80388,AZVV,0,298.5,52
80388,AZVV,0,300,52
80388,AZVV,0,307.5,52
80388,AZVV,0,315,50
80388,AZVV,0,322.5,50
80388,AZVV,0,330,48
80388,AZVV,0,337.5,48
80388,AZVV,0,345,45
80388,AZVV,0,349.5,40
80388,AZVV,0,351.5,36
80388,AZVV,0,352.5,36
80388,AZVV,0,354.5,32
80388,AZVV,0,355.5,26
80388,AZVV,0,356,26
80388,AZVV,0,357,20
80388,AZVV,0,358.11,20
80388,AZVV,0,358.49,13
80388,AZVV,0,359.19,13
80388,AZVV,0,359.25,11.1
80388,AZVV,0,359.44,5.35
80388,AZVV,0,359.63,2.1
80388,AZVV,0,359.81,0.41
80396,AZHH,0,0,0
80396,AZHH,0,0.16,0.03
80396,AZHH,0,0.25,0.3
80396,AZHH,0,0.35,0.85
80396,AZHH,0,0.44,1.6
80396,AZHH,0,0.54,2.84
80396,AZHH,0,0.7,5.25
80396,AZHH,0,0.82,7.82
80396,AZHH,0,0.89,9.8
80396,AZHH,0,0.97,12.2
80396,AZHH,0,1.05,14.92
80396,AZHH,0,1.06,15.19
80396,AZHH,0,1.8,15.33
80396,AZHH,0,2.2,15.33
80396,AZHH,0,3.6,32
80396,AZHH,0,7.5,32
80396,AZHH,0,9.5,42
80396,AZHH,0,12,42
80396,AZHH,0,13,46
80396,AZHH,0,15,46
80396,AZHH,0,40,46
80396,AZHH,0,50,48
80396,AZHH,0,60,55
80396,AZHH,0,69,55
80396,AZHH,0,95,72.1
80396,AZHH,0,180,72.1
80396,AZHH,0,265,72.1
80396,AZHH,0,291,55
80396,AZHH,0,300,55
80396,AZHH,0,310,48
80396,AZHH,0,320,46
80396,AZHH,0,345,46
80396,AZHH,0,347,46
80396,AZHH,0,348,42
80396,AZHH,0,350.5,42
80396,AZHH,0,352.5,32
80396,AZHH,0,356.4,32
80396,AZHH,0,357.8,15.33
80396,AZHH,0,358.2,15.33
80396,AZHH,0,358.95,15.19
80396,AZHH,0,358.96,14.92
80396,AZHH,0,359.03,12.2
80396,AZHH,0,359.11,9.8
80396,AZHH,0,359.18,7.82
80396,AZHH,0,359.3,5.25
80396,AZHH,0,359.46,2.84
80396,AZHH,0,359.56,1.6
80396,AZHH,0,359.65,0.85
80396,AZHH,0,359.75,0.3
80396,AZHH,0,359.84,0.03
80396,AZHV,0,0,30
80396,AZHV,0,2,30
80396,AZHV,0,4.5,50
80396,AZHV,0,7.5,57.5
80396,AZHV,0,11,57.5
80396,AZHV,0,12,62
80396,AZHV,0,15,62
80396,AZHV,0,45,65
80396,AZHV,0,67,71
80396,AZHV,0,75,77
80396,AZHV,0,180,77
80396,AZHV,0,285,77
80396,AZHV,0,293,71
80396,AZHV,0,315,65
80396,AZHV,0,345,62
80396,AZHV,0,348,62
80396,AZHV,0,349,57.5
80396,AZHV,0,352.5,57.5
80396,AZHV,0,355.5,50
80396,AZHV,0,358,30
80396,AZVH,0,0,30
80396,AZVH,0,2,30
80396,AZVH,0,2.5,39
80396,AZVH,0,6.5,54
80396,AZVH,0,9,59.5
80396,AZVH,0,15,59.5
80396,AZVH,0,22.5,62
80396,AZVH,0,49,62
80396,AZVH,0,69,68
80396,AZVH,0,90,77
80396,AZVH,0,180,77
80396,AZVH,0,270,77
80396,AZVH,0,291,68
80396,AZVH,0,311,62
80396,AZVH,0,337.5,62
80396,AZVH,0,345,59.5
80396,AZVH,0,351,59.5
80396,AZVH,0,353.5,54
80396,AZVH,0,357.5,39
80396,AZVH,0,358,30
80396,AZVV,0,0,0
80396,AZVV,0,0.13,0.06
80396,AZVV,0,0.17,0.12
80396,AZVV,0,0.32,0.86
80396,AZVV,0,0.41,1.69
80396,AZVV,0,0.51,2.84
80396,AZVV,0,0.63,4.6
80396,AZVV,0,0.72,6.11
80396,AZVV,0,0.77,7.28
80396,AZVV,0,0.85,9.26
80396,AZVV,0,0.87,9.93
80396,AZVV,0,0.93,11.8
80396,AZVV,0,1,14.1
80396,AZVV,0,1.5,14.1
80396,AZVV,0,2.5,23
80396,AZVV,0,3.5,23
80396,AZVV,0,4,28
80396,AZVV,0,8.5,36
80396,AZVV,0,12,41.5
80396,AZVV,0,15,41.5
80396,AZVV,0,19.5,44
80396,AZVV,0,40,46
80396,AZVV,0,50,48
80396,AZVV,0,71,56.5
80396,AZVV,0,83,64
80396,AZVV,0,90,72.1
80396,AZVV,0,180,72.1
80396,AZVV,0,270,72.1
80396,AZVV,0,277,64
80396,AZVV,0,289,56.5
80396,AZVV,0,310,48
80396,AZVV,0,320,46
80396,AZVV,0,340.5,44
80396,AZVV,0,345,41.5
80396,AZVV,0,348,41.5
80396,AZVV,0,351.5,36
80396,AZVV,0,356,28
80396,AZVV,0,356.5,23
80396,AZVV,0,357.5,23
80396,AZVV,0,358.5,14.1
80396,AZVV,0,359,14.1
80396,AZVV,0,359.07,11.8
80396,AZVV,0,359.13,9.93
80396,AZVV,0,359.15,9.26
80396,AZVV,0,359.23,7.28
80396,AZVV,0,359.28,6.11
80396,AZVV,0,359.37,4.6
80396,AZVV,0,359.49,2.84
80396,AZVV,0,359.59,1.69
80396,AZVV,0,359.68,0.86
80396,AZVV,0,359.83,0.12
80396,AZVV,0,359.87,0.06
80408,AZHH,0,0,0
80408,AZHH,0,0.1,0
80408,AZHH,0,0.2,0.1
80408,AZHH,0,0.3,0.3
80408,AZHH,0,0.4,0.5
80408,AZHH,0,0.5,0.9
80408,AZHH,0,0.6,1.2
80408,AZHH,0,0.7,1.7
80408,AZHH,0,0.8,2.2
80408,AZHH,0,0.9,2.8
80408,AZHH,0,1,3.4
80408,AZHH,0,1.1,4.2
80408,AZHH,0,1.2,4.9
80408,AZHH,0,1.3,5.8
80408,AZHH,0,1.4,6.7
80408,AZHH,0,1.5,7.7
80408,AZHH,0,1.6,8.8
80408,AZHH,0,1.7,9.9
80408,AZHH,0,1.8,11.1
80408,AZHH,0,1.9,12.4
80408,AZHH,0,2,13.7
80408,AZHH,0,2.1,15.1
80408,AZHH,0,2.2,16.6
80408,AZHH,0,2.3,18.2
80408,AZHH,0,2.4,19.8
80408,AZHH,0,2.5,21.5
80408,AZHH,0,2.6,23.2
80408,AZHH,0,2.7,25
80408,AZHH,0,2.8,26
80408,AZHH,0,5.5,26
80408,AZHH,0,7,29
80408,AZHH,0,8.5,29
80408,AZHH,0,10.5,34
80408,AZHH,0,12.5,34
80408,AZHH,0,13.5,36
80408,AZHH,0,20,36
80408,AZHH,0,30,42
80408,AZHH,0,40,42
80408,AZHH,0,50,46
80408,AZHH,0,55,50
80408,AZHH,0,60,50
80408,AZHH,0,90,66
80408,AZHH,0,180,66
80408,AZHH,0,270,66
80408,AZHH,0,300,50
80408,AZHH,0,305,50
80408,AZHH,0,310,46
80408,AZHH,0,320,42
80408,AZHH,0,330,42
80408,AZHH,0,340,36
80408,AZHH,0,346.5,36
80408,AZHH,0,347.5,34
80408,AZHH,0,349.5,34
80408,AZHH,0,351.5,29
80408,AZHH,0,353,29
80408,AZHH,0,354.5,26
80408,AZHH,0,357.2,26
80408,AZHH,0,357.3,25
80408,AZHH,0,357.4,23.2
80408,AZHH,0,357.5,21.5
80408,AZHH,0,357.6,19.8
80408,AZHH,0,357.7,18.2
80408,AZHH,0,357.8,16.6
80408,AZHH,0,357.9,15.1
80408,AZHH,0,358,13.7
80408,AZHH,0,358.1,12.4
80408,AZHH,0,358.2,11.1
80408,AZHH,0,358.3,9.9
80408,AZHH,0,358.4,8.8
80408,AZHH,0,358.5,7.7
80408,AZHH,0,358.6,6.7
80408,AZHH,0,358.7,5.8
80408,AZHH,0,358.8,4.9
80408,AZHH,0,358.9,4.2
80408,AZHH,0,359,3.4
80408,AZHH,0,359.1,2.8
80408,AZHH,0,359.2,2.2
80408,AZHH,0,359.3,1.7
80408,AZHH,0,359.4,1.2
80408,AZHH,0,359.5,0.9
80408,AZHH,0,359.6,0.5
80408,AZHH,0,359.7,0.3
80408,AZHH,0,359.8,0.1
80408,AZHH,0,359.9,0
80408,AZHV,0,0,32
80408,AZHV,0,1.5,32
80408,AZHV,0,3.5,43
80408,AZHV,0,10,43
80408,AZHV,0,12,46
80408,AZHV,0,20,46
80408,AZHV,0,30,51
80408,AZHV,0,35,51
80408,AZHV,0,45,55
80408,AZHV,0,55,55
80408,AZHV,0,85,66
80408,AZHV,0,180,66
80408,AZHV,0,275,66
80408,AZHV,0,305,55
80408,AZHV,0,315,55
80408,AZHV,0,325,51
80408,AZHV,0,330,51
80408,AZHV,0,340,46
80408,AZHV,0,348,46
80408,AZHV,0,350,43
80408,AZHV,0,356.5,43
80408,AZHV,0,358.5,32
80408,AZVH,0,0,32
80408,AZVH,0,1.5,32
80408,AZVH,0,3.5,43
80408,AZVH,0,10,43
80408,AZVH,0,12,46
80408,AZVH,0,20,46
80408,AZVH,0,30,51
80408,AZVH,0,35,51
80408,AZVH,0,45,55
80408,AZVH,0,55,55
80408,AZVH,0,85,66
80408,AZVH,0,180,66
80408,AZVH,0,275,66
80408,AZVH,0,305,55
80408,AZVH,0,315,55
80408,AZVH,0,325,51
80408,AZVH,0,330,51
80408,AZVH,0,340,46
80408,AZVH,0,348,46
80408,AZVH,0,350,43
80408,AZVH,0,356.5,43
80408,AZVH,0,358.5,32
80408,AZVV,0,0,0
80408,AZVV,0,0.1,0
80408,AZVV,0,0.2,0.1
80408,AZVV,0,0.3,0.3
80408,AZVV,0,0.4,0.5
80408,AZVV,0,0.5,0.9
80408,AZVV,0,0.6,1.2
80408,AZVV,0,0.7,1.7
80408,AZVV,0,0.8,2.2
80408,AZVV,0,0.9,2.8
80408,AZVV,0,1,3.4
80408,AZVV,0,1.1,4.2
80408,AZVV,0,1.2,4.9
80408,AZVV,0,1.3,5.8
80408,AZVV,0,1.4,6.7
80408,AZVV,0,1.5,7.7
80408,AZVV,0,1.6,8.8
80408,AZVV,0,1.7,9.9
80408,AZVV,0,1.8,11.1
80408,AZVV,0,1.9,12.4
80408,AZVV,0,2,13.7
80408,AZVV,0,2.1,15.1
80408,AZVV,0,2.2,16.6
80408,AZVV,0,2.3,18.2
80408,AZVV,0,2.4,19.8
80408,AZVV,0,2.5,21.5
80408,AZVV,0,2.6,23.2
80408,AZVV,0,2.7,25
80408,AZVV,0,2.8,26
80408,AZVV,0,5.5,26
80408,AZVV,0,7,29
80408,AZVV,0,8.5,29
80408,AZVV,0,10.5,34
80408,AZVV,0,12.5,34
80408,AZVV,0,13.5,36
80408,AZVV,0,20,36
80408,AZVV,0,30,42
80408,AZVV,0,40,42
80408,AZVV,0,50,46
80408,AZVV,0,55,50
80408,AZVV,0,60,50
80408,AZVV,0,90,66
80408,AZVV,0,180,66
80408,AZVV,0,270,66
80408,AZVV,0,300,50
80408,AZVV,0,305,50
80408,AZVV,0,310,46
80408,AZVV,0,320,42
80408,AZVV,0,330,42
80408,AZVV,0,340,36
80408,AZVV,0,346.5,36
80408,AZVV,0,347.5,34
80408,AZVV,0,349.5,34
80408,AZVV,0,351.5,29
80408,AZVV,0,353,29
80408,AZVV,0,354.5,26
80408,AZVV,0,357.2,26
80408,AZVV,0,357.3,25
80408,AZVV,0,357.4,23.2
80408,AZVV,0,357.5,21.5
80408,AZVV,0,357.6,19.8
80408,AZVV,0,357.7,18.2
80408,AZVV,0,357.8,16.6
80408,AZVV,0,357.9,15.1
80408,AZVV,0,358,13.7
80408,AZVV,0,358.1,12.4
80408,AZVV,0,358.2,11.1
80408,AZVV,0,358.3,9.9
80408,AZVV,0,358.4,8.8
80408,AZVV,0,358.5,7.7
80408,AZVV,0,358.6,6.7
80408,AZVV,0,358.7,5.8
80408,AZVV,0,358.8,4.9
80408,AZVV,0,358.9,4.2
80408,AZVV,0,359,3.4
80408,AZVV,0,359.1,2.8
80408,AZVV,0,359.2,2.2
80408,AZVV,0,359.3,1.7
80408,AZVV,0,359.4,1.2
80408,AZVV,0,359.5,0.9
80408,AZVV,0,359.6,0.5
80408,AZVV,0,359.7,0.3
80408,AZVV,0,359.8,0.1
80408,AZVV,0,359.9,0
80416,AZHH,0,0,0
80416,AZHH,0,0.15,0
80416,AZHH,0,0.25,0.2
80416,AZHH,0,0.39,0.54
80416,AZHH,0,0.49,0.95
80416,AZHH,0,0.63,1.62
80416,AZHH,0,0.75,2.3
80416,AZHH,0,0.88,3.32
80416,AZHH,0,0.99,4.47
80416,AZHH,0,1.14,5.82
80416,AZHH,0,1.25,7.11
80416,AZHH,0,1.37,8.8
80416,AZHH,0,1.5,11
80416,AZHH,0,1.65,14
80416,AZHH,0,1.71,16
80416,AZHH,0,2.99,16
80416,AZHH,0,4,20
80416,AZHH,0,4.8,28
80416,AZHH,0,7.52,28
80416,AZHH,0,8.78,32
80416,AZHH,0,10,34
80416,AZHH,0,12.5,36
80416,AZHH,0,13.5,40
80416,AZHH,0,15,41
80416,AZHH,0,25,41
80416,AZHH,0,30,44
80416,AZHH,0,52.5,44
80416,AZHH,0,60,46
80416,AZHH,0,69,46
80416,AZHH,0,98,67
80416,AZHH,0,180,67
80416,AZHH,0,262,67
80416,AZHH,0,291,46
80416,AZHH,0,300,46
80416,AZHH,0,307.5,44
80416,AZHH,0,330,44
80416,AZHH,0,335,41
80416,AZHH,0,345,41
80416,AZHH,0,346.5,40
80416,AZHH,0,347.5,36
80416,AZHH,0,350,34
80416,AZHH,0,351.22,32
80416,AZHH,0,352.48,28
80416,AZHH,0,355.2,28
80416,AZHH,0,356,20
80416,AZHH,0,357.01,16
80416,AZHH,0,358.29,16
80416,AZHH,0,358.35,14
80416,AZHH,0,358.5,11
80416,AZHH,0,358.63,8.8
80416,AZHH,0,358.75,7.11
80416,AZHH,0,358.86,5.82
80416,AZHH,0,359.01,4.47
80416,AZHH,0,359.12,3.32
80416,AZHH,0,359.25,2.3
80416,AZHH,0,359.37,1.62
80416,AZHH,0,359.51,0.95
80416,AZHH,0,359.61,0.54
80416,AZHH,0,359.75,0.2
80416,AZHH,0,359.85,0
80416,AZHV,0,0,30
80416,AZHV,0,1.5,30
80416,AZHV,0,5,54
80416,AZHV,0,7.5,54
80416,AZHV,0,12.5,54
80416,AZHV,0,15,56
80416,AZHV,0,17.5,56
80416,AZHV,0,20,60
80416,AZHV,0,30,60
80416,AZHV,0,37.5,63
80416,AZHV,0,45,63
80416,AZHV,0,53,64
80416,AZHV,0,60,65
80416,AZHV,0,67,66
80416,AZHV,0,75,72
80416,AZHV,0,180,72
80416,AZHV,0,285,72
80416,AZHV,0,293,66
80416,AZHV,0,300,65
80416,AZHV,0,307,64
80416,AZHV,0,315,63
80416,AZHV,0,322.5,63
80416,AZHV,0,330,60
80416,AZHV,0,340,60
80416,AZHV,0,342.5,56
80416,AZHV,0,345,56
80416,AZHV,0,347.5,54
80416,AZHV,0,352.5,54
80416,AZHV,0,355,54
80416,AZHV,0,358.5,30
80416,AZVH,0,0,30
80416,AZVH,0,1.5,30
80416,AZVH,0,2.5,40
80416,AZVH,0,3.5,46
80416,AZVH,0,5,46
80416,AZVH,0,6,50
80416,AZVH,0,7.5,50
80416,AZVH,0,8.5,54
80416,AZVH,0,10,54
80416,AZVH,0,15,54
80416,AZVH,0,18,58
80416,AZVH,0,20,60
80416,AZVH,0,30,60
80416,AZVH,0,35,62
80416,AZVH,0,60,62
80416,AZVH,0,68,62
80416,AZVH,0,75,68
80416,AZVH,0,90,70
80416,AZVH,0,180,70
80416,AZVH,0,270,70
80416,AZVH,0,285,68
80416,AZVH,0,292,62
80416,AZVH,0,300,62
80416,AZVH,0,325,62
80416,AZVH,0,330,60
80416,AZVH,0,340,60
80416,AZVH,0,342,58
80416,AZVH,0,345,54
80416,AZVH,0,350,54
80416,AZVH,0,351.5,54
80416,AZVH,0,352.5,50
80416,AZVH,0,354,50
80416,AZVH,0,355,46
80416,AZVH,0,356.5,46
80416,AZVH,0,357.5,40
80416,AZVH,0,358.5,30
80416,AZVV,0,0,0
80416,AZVV,0,0.13,0
80416,AZVV,0,0.25,0.27
80416,AZVV,0,0.38,0.74
80416,AZVV,0,0.49,1.15
80416,AZVV,0,0.64,2.17
80416,AZVV,0,0.75,2.91
80416,AZVV,0,0.88,4.2
80416,AZVV,0,1,5.62
80416,AZVV,0,1.15,7.58
80416,AZVV,0,1.26,10
80416,AZVV,0,1.44,14
80416,AZVV,0,2.73,14
80416,AZVV,0,3.51,20
80416,AZVV,0,5,25
80416,AZVV,0,5.5,25
80416,AZVV,0,7.52,25
80416,AZVV,0,9.28,32
80416,AZVV,0,11,32
80416,AZVV,0,12.5,36
80416,AZVV,0,15,36
80416,AZVV,0,17.5,39
80416,AZVV,0,27.5,39
80416,AZVV,0,30,42
80416,AZVV,0,52,42
80416,AZVV,0,67,50
80416,AZVV,0,84,64
80416,AZVV,0,98,68
80416,AZVV,0,180,68
80416,AZVV,0,262,68
80416,AZVV,0,276,64
80416,AZVV,0,293,50
80416,AZVV,0,308,42
80416,AZVV,0,330,42
80416,AZVV,0,332.5,39
80416,AZVV,0,342.5,39
80416,AZVV,0,345,36
80416,AZVV,0,347.5,36
80416,AZVV,0,349,32
80416,AZVV,0,350.72,32
80416,AZVV,0,352.48,25
80416,AZVV,0,354.5,25
80416,AZVV,0,355,25
80416,AZVV,0,356.49,20
80416,AZVV,0,357.27,14
80416,AZVV,0,358.56,14
80416,AZVV,0,358.74,10
80416,AZVV,0,358.85,7.58
80416,AZVV,0,359,5.62
80416,AZVV,0,359.12,4.2
80416,AZVV,0,359.25,2.91
80416,AZVV,0,359.36,2.17
80416,AZVV,0,359.51,1.15
80416,AZVV,0,359.62,0.74
80416,AZVV,0,359.75,0.27
80416,AZVV,0,359.87,0
80420,AZHH,0,0,0
80420,AZHH,0,0.5,0.05
80420,AZHH,0,1,0.65
80420,AZHH,0,1.5,1.79
80420,AZHH,0,2,3.41
80420,AZHH,0,2.5,5.58
80420,AZHH,0,3,8.55
80420,AZHH,0,3.5,12.29
80420,AZHH,0,3.83,16
80420,AZHH,0,4,18
80420,AZHH,0,7,18
80420,AZHH,0,9,24
80420,AZHH,0,11,24
80420,AZHH,0,14,32
80420,AZHH,0,15,32
80420,AZHH,0,17.5,32
80420,AZHH,0,21,35
80420,AZHH,0,25,35
80420,AZHH,0,30,35
80420,AZHH,0,37.5,38
80420,AZHH,0,55.5,38
80420,AZHH,0,75,48
80420,AZHH,0,100,60
80420,AZHH,0,180,60
80420,AZHH,0,260,60
80420,AZHH,0,285,48
80420,AZHH,0,304.5,38
80420,AZHH,0,322.5,38
80420,AZHH,0,330,35
80420,AZHH,0,335,35
80420,AZHH,0,339,35
80420,AZHH,0,342.5,32
80420,AZHH,0,345,32
80420,AZHH,0,346,32
80420,AZHH,0,349,24
80420,AZHH,0,351,24
80420,AZHH,0,353,18
80420,AZHH,0,356,18
80420,AZHH,0,356.17,16
80420,AZHH,0,356.5,12.29
80420,AZHH,0,357,8.55
80420,AZHH,0,357.5,5.58
80420,AZHH,0,358,3.41
80420,AZHH,0,358.5,1.79
80420,AZHH,0,359,0.65
80420,AZHH,0,359.5,0.05
80420,AZHV,0,0,30
80420,AZHV,0,4,30
80420,AZHV,0,7.5,44
80420,AZHV,0,10,44
80420,AZHV,0,12,48
80420,AZHV,0,15,50
80420,AZHV,0,22,50
80420,AZHV,0,27,54
80420,AZHV,0,45,54
80420,AZHV,0,53,58
80420,AZHV,0,60,60
80420,AZHV,0,180,60
80420,AZHV,0,300,60
80420,AZHV,0,307,58
80420,AZHV,0,315,54
80420,AZHV,0,333,54
80420,AZHV,0,338,50
80420,AZHV,0,345,50
80420,AZHV,0,348,48
80420,AZHV,0,350,44
80420,AZHV,0,352.5,44
80420,AZHV,0,356,30
80420,AZVH,0,0,30
80420,AZVH,0,4,30
80420,AZVH,0,5,37
80420,AZVH,0,7.5,37
80420,AZVH,0,15,50
80420,AZVH,0,30,52
80420,AZVH,0,40.5,54
80420,AZVH,0,60,54
80420,AZVH,0,75,62
80420,AZVH,0,180,62
80420,AZVH,0,285,62
80420,AZVH,0,300,54
80420,AZVH,0,319.5,54
80420,AZVH,0,330,52
80420,AZVH,0,345,50
80420,AZVH,0,352.5,37
80420,AZVH,0,355,37
80420,AZVH,0,356,30
80420,AZVV,0,0,0
80420,AZVV,0,0.5,0.11
80420,AZVV,0,1,0.65
80420,AZVV,0,1.5,1.68
80420,AZVV,0,2,3.3
80420,AZVV,0,2.5,5.41
80420,AZVV,0,3,8.12
80420,AZVV,0,3.5,11.75
80420,AZVV,0,4,16
80420,AZVV,0,4.17,18
80420,AZVV,0,6,18
80420,AZVV,0,7,21
80420,AZVV,0,9,24
80420,AZVV,0,10,24
80420,AZVV,0,14,30
80420,AZVV,0,15,30
80420,AZVV,0,17.5,30
80420,AZVV,0,20,32
80420,AZVV,0,22.5,34
80420,AZVV,0,30,35
80420,AZVV,0,40,35
80420,AZVV,0,45,36
80420,AZVV,0,50,36
80420,AZVV,0,60,40
80420,AZVV,0,90,60
80420,AZVV,0,180,60
80420,AZVV,0,270,60
80420,AZVV,0,300,40
80420,AZVV,0,310,36
80420,AZVV,0,315,36
80420,AZVV,0,320,35
80420,AZVV,0,330,35
80420,AZVV,0,337.5,34
80420,AZVV,0,340,32
80420,AZVV,0,342.5,30
80420,AZVV,0,345,30
80420,AZVV,0,346,30
80420,AZVV,0,350,24
80420,AZVV,0,351,24
80420,AZVV,0,353,21
80420,AZVV,0,354,18
80420,AZVV,0,355.83,18
80420,AZVV,0,356,16
80420,AZVV,0,356.5,11.75
80420,AZVV,0,357,8.12
80420,AZVV,0,357.5,5.41
80420,AZVV,0,358,3.3
80420,AZVV,0,358.5,1.68
80420,AZVV,0,359,0.65
80420,AZVV,0,359.5,0.11
80431,AZHH,0,0,0
80431,AZHH,0,0.1,0
80431,AZHH,0,0.2,0.2
80431,AZHH,0,0.3,0.4
80431,AZHH,0,0.4,0.7
80431,AZHH,0,0.5,1.1
80431,AZHH,0,0.6,1.5
80431,AZHH,0,0.7,2.1
80431,AZHH,0,0.8,2.7
80431,AZHH,0,0.9,3.4
80431,AZHH,0,1,4.2
80431,AZHH,0,1.1,5.1
80431,AZHH,0,1.2,6.1
80431,AZHH,0,1.3,7.1
80431,AZHH,0,1.4,8.3
80431,AZHH,0,1.5,9.5
80431,AZHH,0,1.6,10.8
80431,AZHH,0,1.7,12.2
80431,AZHH,0,1.8,13.7
80431,AZHH,0,1.9,15.2
80431,AZHH,0,2,16.9
80431,AZHH,0,2.1,18.6
80431,AZHH,0,2.2,20.4
80431,AZHH,0,4,22
80431,AZHH,0,5,25
80431,AZHH,0,15,33
80431,AZHH,0,20,36
80431,AZHH,0,25,36
80431,AZHH,0,30,42
80431,AZHH,0,80,45
80431,AZHH,0,100,66
80431,AZHH,0,180,66
80431,AZHH,0,260,66
80431,AZHH,0,280,45
80431,AZHH,0,330,42
80431,AZHH,0,335,36
80431,AZHH,0,340,36
80431,AZHH,0,345,33
80431,AZHH,0,355,25
80431,AZHH,0,356,22
80431,AZHH,0,357.8,20.4
80431,AZHH,0,357.9,18.6
80431,AZHH,0,358,16.9
80431,AZHH,0,358.1,15.2
80431,AZHH,0,358.2,13.7
80431,AZHH,0,358.3,12.2
80431,AZHH,0,358.4,10.8
80431,AZHH,0,358.5,9.5
80431,AZHH,0,358.6,8.3
80431,AZHH,0,358.7,7.1
80431,AZHH,0,358.8,6.1
80431,AZHH,0,358.9,5.1
80431,AZHH,0,359,4.2
80431,AZHH,0,359.1,3.4
80431,AZHH,0,359.2,2.7
80431,AZHH,0,359.3,2.1
80431,AZHH,0,359.4,1.5
80431,AZHH,0,359.5,1.1
80431,AZHH,0,359.6,0.7
80431,AZHH,0,359.7,0.4
80431,AZHH,0,359.8,0.2
80431,AZHH,0,359.9,0
80431,AZHV,0,0,30
80431,AZHV,0,2,30
80431,AZHV,0,5,40
80431,AZHV,0,12,44
80431,AZHV,0,15,47
80431,AZHV,0,30,47
80431,AZHV,0,80,54
80431,AZHV,0,100,66
80431,AZHV,0,180,66
80431,AZHV,0,260,66
80431,AZHV,0,280,54
80431,AZHV,0,330,47
80431,AZHV,0,345,47
80431,AZHV,0,348,44
80431,AZHV,0,355,40
80431,AZHV,0,358,30
80431,AZVH,0,0,30
80431,AZVH,0,2,30
80431,AZVH,0,5,40
80431,AZVH,0,12,44
80431,AZVH,0,15,47
80431,AZVH,0,30,47
80431,AZVH,0,80,54
80431,AZVH,0,100,66
80431,AZVH,0,180,66
80431,AZVH,0,260,66
80431,AZVH,0,280,54
80431,AZVH,0,330,47
80431,AZVH,0,345,47
80431,AZVH,0,348,44
80431,AZVH,0,355,40
80431,AZVH,0,358,30
80431,AZVV,0,0,0
80431,AZVV,0,0.1,0
80431,AZVV,0,0.2,0.2
80431,AZVV,0,0.3,0.4
80431,AZVV,0,0.4,0.7
80431,AZVV,0,0.5,1.1
80431,AZVV,0,0.6,1.5
80431,AZVV,0,0.7,2.1
80431,AZVV,0,0.8,2.7
80431,AZVV,0,0.9,3.4
80431,AZVV,0,1,4.2
80431,AZVV,0,1.1,5.1
80431,AZVV,0,1.2,6.1
80431,AZVV,0,1.3,7.1
80431,AZVV,0,1.4,8.3
80431,AZVV,0,1.5,9.5
80431,AZVV,0,1.6,10.8
80431,AZVV,0,1.7,12.2
80431,AZVV,0,1.8,13.7
80431,AZVV,0,1.9,15.2
80431,AZVV,0,2,16.9
80431,AZVV,0,2.1,18.6
80431,AZVV,0,2.2,20.4
80431,AZVV,0,4,22
80431,AZVV,0,5,25
80431,AZVV,0,15,33
80431,AZVV,0,20,36
80431,AZVV,0,25,36
80431,AZVV,0,30,42
80431,AZVV,0,80,45
80431,AZVV,0,100,66
80431,AZVV,0,180,66
80431,AZVV,0,260,66
80431,AZVV,0,280,45
80431,AZVV,0,330,42
80431,AZVV,0,335,36
80431,AZVV,0,340,36
80431,AZVV,0,345,33
80431,AZVV,0,355,25
80431,AZVV,0,356,22
80431,AZVV,0,357.8,20.4
80431,AZVV,0,357.9,18.6
80431,AZVV,0,358,16.9
80431,AZVV,0,358.1,15.2
80431,AZVV,0,358.2,13.7
80431,AZVV,0,358.3,12.2
80431,AZVV,0,358.4,10.8
80431,AZVV,0,358.5,9.5
80431,AZVV,0,358.6,8.3
80431,AZVV,0,358.7,7.1
80431,AZVV,0,358.8,6.1
80431,AZVV,0,358.9,5.1
80431,AZVV,0,359,4.2
80431,AZVV,0,359.1,3.4
80431,AZVV,0,359.2,2.7
80431,AZVV,0,359.3,2.1
80431,AZVV,0,359.4,1.5
80431,AZVV,0,359.5,1.1
80431,AZVV,0,359.6,0.7
80431,AZVV,0,359.7,0.4
80431,AZVV,0,359.8,0.2
80431,AZVV,0,359.9,0
80443,AZHH,0,0,0
80443,AZHH,0,0.1,0
80443,AZHH,0,0.2,0
80443,AZHH,0,0.3,0
80443,AZHH,0,0.4,0
80443,AZHH,0,0.5,0
80443,AZHH,0,0.6,0
80443,AZHH,0,0.7,0.1
80443,AZHH,0,0.8,0.1
80443,AZHH,0,0.9,0.1
80443,AZHH,0,1,0.2
80443,AZHH,0,1.1,0.2
80443,AZHH,0,1.2,0.3
80443,AZHH,0,1.3,0.4
80443,AZHH,0,1.4,0.4
80443,AZHH,0,1.5,0.5
80443,AZHH,0,1.6,0.6
80443,AZHH,0,1.7,0.7
80443,AZHH,0,1.8,0.8
80443,AZHH,0,1.9,1
80443,AZHH,0,2,1.1
80443,AZHH,0,2.1,1.2
80443,AZHH,0,2.2,1.4
80443,AZHH,0,2.3,1.5
80443,AZHH,0,2.4,1.7
80443,AZHH,0,2.5,1.9
80443,AZHH,0,2.6,2.1
80443,AZHH,0,2.7,2.3
80443,AZHH,0,2.8,2.5
80443,AZHH,0,2.9,2.7
80443,AZHH,0,3,2.9
80443,AZHH,0,3.1,3.1
80443,AZHH,0,3.2,3.4
80443,AZHH,0,3.3,3.6
80443,AZHH,0,3.4,3.8
80443,AZHH,0,3.5,4.1
80443,AZHH,0,3.6,4.4
80443,AZHH,0,3.7,4.7
80443,AZHH,0,3.8,4.9
80443,AZHH,0,3.9,5.2
80443,AZHH,0,4,5.5
80443,AZHH,0,4.1,5.9
80443,AZHH,0,4.2,6.2
80443,AZHH,0,4.3,6.5
80443,AZHH,0,4.4,6.8
80443,AZHH,0,4.5,7.2
80443,AZHH,0,4.6,7.6
80443,AZHH,0,4.7,7.9
80443,AZHH,0,4.8,8.3
80443,AZHH,0,4.9,8.7
80443,AZHH,0,5,9.1
80443,AZHH,0,10,19.6
80443,AZHH,0,100,49.6
80443,AZHH,0,180,49.6
80443,AZHH,0,260,49.6
80443,AZHH,0,350,19.6
80443,AZHH,0,355,9.1
80443,AZHH,0,355.1,8.7
80443,AZHH,0,355.2,8.3
80443,AZHH,0,355.3,7.9
80443,AZHH,0,355.4,7.6
80443,AZHH,0,355.5,7.2
80443,AZHH,0,355.6,6.8
80443,AZHH,0,355.7,6.5
80443,AZHH,0,355.8,6.2
80443,AZHH,0,355.9,5.9
80443,AZHH,0,356,5.5
80443,AZHH,0,356.1,5.2
80443,AZHH,0,356.2,4.9
80443,AZHH,0,356.3,4.7
80443,AZHH,0,356.4,4.4
80443,AZHH,0,356.5,4.1
80443,AZHH,0,356.6,3.8
80443,AZHH,0,356.7,3.6
80443,AZHH,0,356.8,3.4
80443,AZHH,0,356.9,3.1
80443,AZHH,0,357,2.9
80443,AZHH,0,357.1,2.7
80443,AZHH,0,357.2,2.5
80443,AZHH,0,357.3,2.3
80443,AZHH,0,357.4,2.1
80443,AZHH,0,357.5,1.9
80443,AZHH,0,357.6,1.7
80443,AZHH,0,357.7,1.5
80443,AZHH,0,357.8,1.4
80443,AZHH,0,357.9,1.2
80443,AZHH,0,358,1.1
80443,AZHH,0,358.1,1
80443,AZHH,0,358.2,0.8
80443,AZHH,0,358.3,0.7
80443,AZHH,0,358.4,0.6
80443,AZHH,0,358.5,0.5
80443,AZHH,0,358.6,0.4
80443,AZHH,0,358.7,0.4
80443,AZHH,0,358.8,0.3
80443,AZHH,0,358.9,0.2
80443,AZHH,0,359,0.2
80443,AZHH,0,359.1,0.1
80443,AZHH,0,359.2,0.1
80443,AZHH,0,359.3,0.1
80443,AZHH,0,359.4,0
80443,AZHH,0,359.5,0
80443,AZHH,0,359.6,0
80443,AZHH,0,359.7,0
80443,AZHH,0,359.8,0
80443,AZHH,0,359.9,0
80443,AZHV,0,0,44.1
80443,AZHV,0,50,56.1
80443,AZHV,0,180,56.1
80443,AZHV,0,310,56.1
80443,AZVH,0,0,41.1
80443,AZVH,0,10,44.1
80443,AZVH,0,40,44.1
80443,AZVH,0,60,56.1
80443,AZVH,0,180,56.1
80443,AZVH,0,300,56.1
80443,AZVH,0,320,44.1
80443,AZVH,0,350,44.1
80443,AZVV,0,0,0
80443,AZVV,0,0.1,0
80443,AZVV,0,0.2,0
80443,AZVV,0,0.3,0
80443,AZVV,0,0.4,0.1
80443,AZVV,0,0.5,0.1
80443,AZVV,0,0.6,0.1
80443,AZVV,0,0.7,0.2
80443,AZVV,0,0.8,0.3
80443,AZVV,0,0.9,0.4
80443,AZVV,0,1,0.4
80443,AZVV,0,1.1,0.6
80443,AZVV,0,1.2,0.7
80443,AZVV,0,1.3,0.8
80443,AZVV,0,1.4,0.9
80443,AZVV,0,1.5,1.1
80443,AZVV,0,1.6,1.3
80443,AZVV,0,1.7,1.4
80443,AZVV,0,1.8,1.6
80443,AZVV,0,1.9,1.8
80443,AZVV,0,2,2
80443,AZVV,0,2.1,2.3
80443,AZVV,0,2.2,2.5
80443,AZVV,0,2.3,2.8
80443,AZVV,0,2.4,3
80443,AZVV,0,2.5,3.3
80443,AZVV,0,2.6,3.6
80443,AZVV,0,2.7,3.9
80443,AZVV,0,2.8,4.3
80443,AZVV,0,2.9,4.6
80443,AZVV,0,3,5
80443,AZVV,0,3.1,5.3
80443,AZVV,0,3.2,5.7
80443,AZVV,0,3.3,6.1
80443,AZVV,0,3.4,6.6
80443,AZVV,0,3.5,7
80443,AZVV,0,3.6,7.4
80443,AZVV,0,3.7,7.9
80443,AZVV,0,3.8,8.4
80443,AZVV,0,3.9,8.9
80443,AZVV,0,4,9.5
80443,AZVV,0,4.1,10
80443,AZVV,0,4.2,10.6
80443,AZVV,0,4.3,11.1
80443,AZVV,0,4.4,11.7
80443,AZVV,0,4.5,12.4
80443,AZVV,0,4.6,12.9
80443,AZVV,0,4.7,13.4
80443,AZVV,0,4.8,14.1
80443,AZVV,0,4.9,14.9
80443,AZVV,0,5,15.2
80443,AZVV,0,10,23.1
80443,AZVV,0,20,24.1
80443,AZVV,0,40,34.1
80443,AZVV,0,70,51.1
80443,AZVV,0,180,51.1
80443,AZVV,0,290,51.1
80443,AZVV,0,320,34.1
80443,AZVV,0,340,24.1
80443,AZVV,0,350,23.1
80443,AZVV,0,355,15.2
80443,AZVV,0,355.1,14.9
80443,AZVV,0,355.2,14.1
80443,AZVV,0,355.3,13.4
80443,AZVV,0,355.4,12.9
80443,AZVV,0,355.5,12.4
80443,AZVV,0,355.6,11.7
80443,AZVV,0,355.7,11.1
80443,AZVV,0,355.8,10.6
80443,AZVV,0,355.9,10
80443,AZVV,0,356,9.5
80443,AZVV,0,356.1,8.9
80443,AZVV,0,356.2,8.4
80443,AZVV,0,356.3,7.9
80443,AZVV,0,356.4,7.4
80443,AZVV,0,356.5,7
80443,AZVV,0,356.6,6.6
80443,AZVV,0,356.7,6.1
80443,AZVV,0,356.8,5.7
80443,AZVV,0,356.9,5.3
80443,AZVV,0,357,5
80443,AZVV,0,357.1,4.6
80443,AZVV,0,357.2,4.3
80443,AZVV,0,357.3,3.9
80443,AZVV,0,357.4,3.6
80443,AZVV,0,357.5,3.3
80443,AZVV,0,357.6,3
80443,AZVV,0,357.7,2.8
80443,AZVV,0,357.8,2.5
80443,AZVV,0,357.9,2.3
80443,AZVV,0,358,2
80443,AZVV,0,358.1,1.8
80443,AZVV,0,358.2,1.6
80443,AZVV,0,358.3,1.4
80443,AZVV,0,358.4,1.3
80443,AZVV,0,358.5,1.1
80443,AZVV,0,358.6,0.9
80443,AZVV,0,358.7,0.8
80443,AZVV,0,358.8,0.7
80443,AZVV,0,358.9,0.6
80443,AZVV,0,359,0.4
80443,AZVV,0,359.1,0.4
80443,AZVV,0,359.2,0.3
80443,AZVV,0,359.3,0.2
80443,AZVV,0,359.4,0.1
80443,AZVV,0,359.5,0.1
80443,AZVV,0,359.6,0.1
80443,AZVV,0,359.7,0
80443,AZVV,0,359.8,0
80443,AZVV,0,359.9,0
80534,AZHH,0,0,0
80534,AZHH,0,0.5,0.11
80534,AZHH,0,1,1.14
80534,AZHH,0,1.5,2.6
80534,AZHH,0,2,5.14
80534,AZHH,0,2.5,8.23
80534,AZHH,0,3,13.1
80534,AZHH,0,3.5,18
80534,AZHH,0,5.5,18
80534,AZHH,0,7.5,21
80534,AZHH,0,10,21
80534,AZHH,0,15,29
80534,AZHH,0,18,29
80534,AZHH,0,22.5,31
80534,AZHH,0,27,31
80534,AZHH,0,30,34
80534,AZHH,0,41,34
80534,AZHH,0,50.5,40
80534,AZHH,0,60,40
80534,AZHH,0,78.5,50
80534,AZHH,0,90,55
80534,AZHH,0,100,61
80534,AZHH,0,180,61
80534,AZHH,0,260,61
80534,AZHH,0,270,55
80534,AZHH,0,281.5,50
80534,AZHH,0,300,40
80534,AZHH,0,309.5,40
80534,AZHH,0,319,34
80534,AZHH,0,330,34
80534,AZHH,0,333,31
80534,AZHH,0,337.5,31
80534,AZHH,0,342,29
80534,AZHH,0,345,29
80534,AZHH,0,350,21
80534,AZHH,0,352.5,21
80534,AZHH,0,354.5,18
80534,AZHH,0,356.5,18
80534,AZHH,0,357,13.1
80534,AZHH,0,357.5,8.23
80534,AZHH,0,358,5.14
80534,AZHH,0,358.5,2.6
80534,AZHH,0,359,1.14
80534,AZHH,0,359.5,0.11
80534,AZHV,0,0,30
80534,AZHV,0,2,30
80534,AZHV,0,4.5,42
80534,AZHV,0,7.5,46
80534,AZHV,0,15,52
80534,AZHV,0,28.5,52
80534,AZHV,0,35,56
80534,AZHV,0,45,56
80534,AZHV,0,52.5,60
80534,AZHV,0,60,60
80534,AZHV,0,67.5,64
80534,AZHV,0,180,64
80534,AZHV,0,292.5,64
80534,AZHV,0,300,60
80534,AZHV,0,307.5,60
80534,AZHV,0,315,56
80534,AZHV,0,325,56
80534,AZHV,0,331.5,52
80534,AZHV,0,345,52
80534,AZHV,0,352.5,46
80534,AZHV,0,355.5,42
80534,AZHV,0,358,30
80534,AZVH,0,0,30
80534,AZVH,0,2,30
80534,AZVH,0,4,40
80534,AZVH,0,7.5,40
80534,AZVH,0,10,46
80534,AZVH,0,15,50
80534,AZVH,0,30,52
80534,AZVH,0,45,56
80534,AZVH,0,60,58
80534,AZVH,0,75,58
80534,AZVH,0,90,64
80534,AZVH,0,180,64
80534,AZVH,0,270,64
80534,AZVH,0,285,58
80534,AZVH,0,300,58
80534,AZVH,0,315,56
80534,AZVH,0,330,52
80534,AZVH,0,345,50
80534,AZVH,0,350,46
80534,AZVH,0,352.5,40
80534,AZVH,0,356,40
80534,AZVH,0,358,30
80534,AZVV,0,0,0
80534,AZVV,0,0.5,0.32
80534,AZVV,0,1,1.3
80534,AZVV,0,1.5,3.19
80534,AZVV,0,2,5.74
80534,AZVV,0,2.5,9.7
80534,AZVV,0,2.92,14
80534,AZVV,0,3.2,17
80534,AZVV,0,5,17
80534,AZVV,0,6,20
80534,AZVV,0,10,20
80534,AZVV,0,13,26
80534,AZVV,0,15,26
80534,AZVV,0,18,28
80534,AZVV,0,22.5,30
80534,AZVV,0,27,30
80534,AZVV,0,30,32
80534,AZVV,0,45,34.5
80534,AZVV,0,60,40
80534,AZVV,0,82.5,54
80534,AZVV,0,100,61
80534,AZVV,0,180,61
80534,AZVV,0,260,61
80534,AZVV,0,277.5,54
80534,AZVV,0,300,40
80534,AZVV,0,315,34.5
80534,AZVV,0,330,32
80534,AZVV,0,333,30
80534,AZVV,0,337.5,30
80534,AZVV,0,342,28
80534,AZVV,0,345,26
80534,AZVV,0,347,26
80534,AZVV,0,350,20
80534,AZVV,0,354,20
80534,AZVV,0,355,17
80534,AZVV,0,356.8,17
80534,AZVV,0,357.08,14
80534,AZVV,0,357.5,9.7
80534,AZVV,0,358,5.74
80534,AZVV,0,358.5,3.19
80534,AZVV,0,359,1.3
80534,AZVV,0,359.5,0.32
80752,AZHH,0,0,0
80752,AZHH,0,0.3,0
80752,AZHH,0,0.9,1.7
80752,AZHH,0,1.2,4
80752,AZHH,0,1.5,6
80752,AZHH,0,1.7,9
80752,AZHH,0,2,12
80752,AZHH,0,3.2,12
80752,AZHH,0,5,26
80752,AZHH,0,8,28
80752,AZHH,0,10,30
80752,AZHH,0,15,34
80752,AZHH,0,20,39
80752,AZHH,0,27.5,39
80752,AZHH,0,30,42.5
80752,AZHH,0,60,42.5
80752,AZHH,0,67.7,43.7
80752,AZHH,0,80,51.5
80752,AZHH,0,90,58
80752,AZHH,0,100,64
80752,AZHH,0,180,64
80752,AZHH,0,260,64
80752,AZHH,0,270,58
80752,AZHH,0,280,51.5
80752,AZHH,0,292.3,43.7
80752,AZHH,0,300,42.5
80752,AZHH,0,330,42.5
80752,AZHH,0,332.5,39
80752,AZHH,0,340,39
80752,AZHH,0,345,34
80752,AZHH,0,350,30
80752,AZHH,0,352,28
80752,AZHH,0,355,26
80752,AZHH,0,356.8,12
80752,AZHH,0,358,12
80752,AZHH,0,358.3,9
80752,AZHH,0,358.5,6
80752,AZHH,0,358.8,4
80752,AZHH,0,359.1,1.7
80752,AZHH,0,359.7,0
80752,AZHV,0,0,30
80752,AZHV,0,3,30
80752,AZHV,0,5,38
80752,AZHV,0,10,47
80752,AZHV,0,30,53
80752,AZHV,0,60,60
80752,AZHV,0,75,62
80752,AZHV,0,95,64
80752,AZHV,0,180,64
80752,AZHV,0,265,64
80752,AZHV,0,285,62
80752,AZHV,0,300,60
80752,AZHV,0,330,53
80752,AZHV,0,350,47
80752,AZHV,0,355,38
80752,AZHV,0,357,30
80752,AZVH,0,0,30
80752,AZVH,0,3,30
80752,AZVH,0,5,38
80752,AZVH,0,10,47
80752,AZVH,0,30,53
80752,AZVH,0,60,56
80752,AZVH,0,75,57
80752,AZVH,0,95,64
80752,AZVH,0,180,64
80752,AZVH,0,265,64
80752,AZVH,0,285,57
80752,AZVH,0,300,56
80752,AZVH,0,330,53
80752,AZVH,0,350,47
80752,AZVH,0,355,38
80752,AZVH,0,357,30
80752,AZVV,0,0,0
80752,AZVV,0,0.3,0
80752,AZVV,0,0.9,1.7
80752,AZVV,0,1.2,4
80752,AZVV,0,1.5,6
80752,AZVV,0,1.7,9
80752,AZVV,0,2,12
80752,AZVV,0,3.4,12
80752,AZVV,0,5,25
80752,AZVV,0,7.5,25
80752,AZVV,0,10,30
80752,AZVV,0,15,33.5
80752,AZVV,0,20,37
80752,AZVV,0,30,42
80752,AZVV,0,55,42
80752,AZVV,0,67.7,46
80752,AZVV,0,85,61
80752,AZVV,0,100,64
80752,AZVV,0,180,64
80752,AZVV,0,260,64
80752,AZVV,0,275,61
80752,AZVV,0,292.3,46
80752,AZVV,0,305,42
80752,AZVV,0,330,42
80752,AZVV,0,340,37
80752,AZVV,0,345,33.5
80752,AZVV,0,350,30
80752,AZVV,0,352.5,25
80752,AZVV,0,355,25
80752,AZVV,0,356.6,12
80752,AZVV,0,358,12
80752,AZVV,0,358.3,9
80752,AZVV,0,358.5,6
80752,AZVV,0,358.8,4
80752,AZVV,0,359.1,1.7
80752,AZVV,0,359.7,0
80807,AZHH,0,0,0
80807,AZHH,0,0.5,0.1
80807,AZHH,0,1,0.5
80807,AZHH,0,1.5,1.6
80807,AZHH,0,2,3.2
80807,AZHH,0,2.5,5.1
80807,AZHH,0,3,7.8
80807,AZHH,0,3.5,11.5
80807,AZHH,0,4,15.5
80807,AZHH,0,4.4,19
80807,AZHH,0,7.5,19
80807,AZHH,0,10,24
80807,AZHH,0,12.5,30
80807,AZHH,0,15,30
80807,AZHH,0,18,32
80807,AZHH,0,27.5,32
80807,AZHH,0,30,34
80807,AZHH,0,45,34
80807,AZHH,0,50,36
80807,AZHH,0,100,60
80807,AZHH,0,180,60
80807,AZHH,0,260,60
80807,AZHH,0,310,36
80807,AZHH,0,315,34
80807,AZHH,0,330,34
80807,AZHH,0,332.5,32
80807,AZHH,0,342,32
80807,AZHH,0,345,30
80807,AZHH,0,347.5,30
80807,AZHH,0,350,24
80807,AZHH,0,352.5,19
80807,AZHH,0,355.6,19
80807,AZHH,0,356,15.5
80807,AZHH,0,356.5,11.5
80807,AZHH,0,357,7.8
80807,AZHH,0,357.5,5.1
80807,AZHH,0,358,3.2
80807,AZHH,0,358.5,1.6
80807,AZHH,0,359,0.5
80807,AZHH,0,359.5,0.1
80807,AZHV,0,0,30
80807,AZHV,0,2.5,30
80807,AZHV,0,5,34
80807,AZHV,0,7.5,39
80807,AZHV,0,10,43
80807,AZHV,0,15,50
80807,AZHV,0,45,50
80807,AZHV,0,60,54
80807,AZHV,0,85,64
80807,AZHV,0,180,64
80807,AZHV,0,275,64
80807,AZHV,0,300,54
80807,AZHV,0,315,50
80807,AZHV,0,345,50
80807,AZHV,0,350,43
80807,AZHV,0,352.5,39
80807,AZHV,0,355,34
80807,AZHV,0,357.5,30
80807,AZVH,0,0,30
80807,AZVH,0,2.5,30
80807,AZVH,0,5,34
80807,AZVH,0,7.5,39
80807,AZVH,0,10,43
80807,AZVH,0,15,50
80807,AZVH,0,45,50
80807,AZVH,0,60,54
80807,AZVH,0,85,64
80807,AZVH,0,180,64
80807,AZVH,0,275,64
80807,AZVH,0,300,54
80807,AZVH,0,315,50
80807,AZVH,0,345,50
80807,AZVH,0,350,43
80807,AZVH,0,352.5,39
80807,AZVH,0,355,34
80807,AZVH,0,357.5,30
80807,AZVV,0,0,0
80807,AZVV,0,0.5,0.1
80807,AZVV,0,1,0.75
80807,AZVV,0,1.5,2
80807,AZVV,0,2,3.8
80807,AZVV,0,2.5,6.1
80807,AZVV,0,3,9.3
80807,AZVV,0,3.5,13.3
80807,AZVV,0,4.1,19
80807,AZVV,0,7.5,19
80807,AZVV,0,9.1,24
80807,AZVV,0,12.5,26
80807,AZVV,0,15,28
80807,AZVV,0,17.5,32
80807,AZVV,0,40,32
80807,AZVV,0,55,36
80807,AZVV,0,60,38
80807,AZVV,0,90,60
80807,AZVV,0,180,60
80807,AZVV,0,270,60
80807,AZVV,0,300,38
80807,AZVV,0,305,36
80807,AZVV,0,320,32
80807,AZVV,0,342.5,32
80807,AZVV,0,345,28
80807,AZVV,0,347.5,26
80807,AZVV,0,350.9,24
80807,AZVV,0,352.5,19
80807,AZVV,0,355.9,19
80807,AZVV,0,356.5,13.3
80807,AZVV,0,357,9.3
80807,AZVV,0,357.5,6.1
80807,AZVV,0,358,3.8
80807,AZVV,0,358.5,2
80807,AZVV,0,359,0.75
80807,AZVV,0,359.5,0.1
80825,AZHH,0,0,0
80825,AZHH,0,0.27,0
80825,AZHH,0,0.5,0.61
80825,AZHH,0,0.78,2.23
80825,AZHH,0,0.99,3.93
80825,AZHH,0,1.18,6
80825,AZHH,0,1.49,10.9
80825,AZHH,0,1.64,14.75
80825,AZHH,0,3,14.75
80825,AZHH,0,4.5,24
80825,AZHH,0,5,28
80825,AZHH,0,10,28
80825,AZHH,0,11,30
80825,AZHH,0,12,32
80825,AZHH,0,14.99,32
80825,AZHH,0,15.01,33
80825,AZHH,0,21,34.5
80825,AZHH,0,30,35.8
80825,AZHH,0,43,39.1
80825,AZHH,0,47.5,40.3
80825,AZHH,0,52.5,42
80825,AZHH,0,57.5,45
80825,AZHH,0,67.5,48
80825,AZHH,0,71.5,49.5
80825,AZHH,0,78.5,54
80825,AZHH,0,86,60
80825,AZHH,0,91,64
80825,AZHH,0,100,66.5
80825,AZHH,0,112.5,67
80825,AZHH,0,180,67
80825,AZHH,0,247.5,67
80825,AZHH,0,260,66.5
80825,AZHH,0,269,64
80825,AZHH,0,274,60
80825,AZHH,0,281.5,54
80825,AZHH,0,288.5,49.5
80825,AZHH,0,292.5,48
80825,AZHH,0,302.5,45
80825,AZHH,0,307.5,42
80825,AZHH,0,312.5,40.3
80825,AZHH,0,317,39.1
80825,AZHH,0,330,35.8
80825,AZHH,0,339,34.5
80825,AZHH,0,345,33
80825,AZHH,0,345.02,32
80825,AZHH,0,348,32
80825,AZHH,0,349,30
80825,AZHH,0,350,28
80825,AZHH,0,355,28
80825,AZHH,0,355.5,24
80825,AZHH,0,357,14.75
80825,AZHH,0,358.36,14.75
80825,AZHH,0,358.51,10.9
80825,AZHH,0,358.82,6
80825,AZHH,0,359.01,3.93
80825,AZHH,0,359.22,2.23
80825,AZHH,0,359.5,0.61
80825,AZHH,0,359.73,0
80825,AZHV,0,0,32
80825,AZHV,0,2,32
80825,AZHV,0,5,38
80825,AZHV,0,8,42
80825,AZHV,0,11.5,46
80825,AZHV,0,15,48
80825,AZHV,0,20.1,52
80825,AZHV,0,25,53
80825,AZHV,0,35,53
80825,AZHV,0,45,58
80825,AZHV,0,60,62
80825,AZHV,0,67,65
80825,AZHV,0,89.5,68
80825,AZHV,0,180,68
80825,AZHV,0,270.5,68
80825,AZHV,0,293,65
80825,AZHV,0,300,62
80825,AZHV,0,315,58
80825,AZHV,0,325,53
80825,AZHV,0,335,53
80825,AZHV,0,339.9,52
80825,AZHV,0,345,48
80825,AZHV,0,348.5,46
80825,AZHV,0,352,42
80825,AZHV,0,355,38
80825,AZHV,0,358,32
80825,AZVH,0,0,32
80825,AZVH,0,2,32
80825,AZVH,0,3.5,38
80825,AZVH,0,5,40
80825,AZVH,0,7.5,40
80825,AZVH,0,10,43.5
80825,AZVH,0,12.5,50
80825,AZVH,0,27.5,54
80825,AZVH,0,40,54
80825,AZVH,0,45,55
80825,AZVH,0,50,59
80825,AZVH,0,60,59
80825,AZVH,0,70,62
80825,AZVH,0,82,64
80825,AZVH,0,100,68
80825,AZVH,0,180,68
80825,AZVH,0,260,68
80825,AZVH,0,278,64
80825,AZVH,0,290,62
80825,AZVH,0,300,59
80825,AZVH,0,310,59
80825,AZVH,0,315,55
80825,AZVH,0,320,54
80825,AZVH,0,332.5,54
80825,AZVH,0,347.5,50
80825,AZVH,0,350,43.5
80825,AZVH,0,352.5,40
80825,AZVH,0,355,40
80825,AZVH,0,356.5,38
80825,AZVH,0,358,32
80825,AZVV,0,0,0
80825,AZVV,0,0.35,0
80825,AZVV,0,0.5,0.41
80825,AZVV,0,0.75,1.62
80825,AZVV,0,0.99,3.65
80825,AZVV,0,1.26,6.29
80825,AZVV,0,1.4,8.93
80825,AZVV,0,1.5,10.56
80825,AZVV,0,1.62,13.5
80825,AZVV,0,2.5,13.5
80825,AZVV,0,3,15.13
80825,AZVV,0,4.5,21
80825,AZVV,0,5,22
80825,AZVV,0,7.5,23.5
80825,AZVV,0,10,25.5
80825,AZVV,0,12.49,27.5
80825,AZVV,0,12.51,31.5
80825,AZVV,0,17.5,34
80825,AZVV,0,22.5,35
80825,AZVV,0,30,36.5
80825,AZVV,0,35,37.87
80825,AZVV,0,41.31,39
80825,AZVV,0,45,40
80825,AZVV,0,52.5,41.7
80825,AZVV,0,57.5,44
80825,AZVV,0,65,48
80825,AZVV,0,70,52
80825,AZVV,0,77,56
80825,AZVV,0,85,60
80825,AZVV,0,90,64
80825,AZVV,0,95,66
80825,AZVV,0,100,67
80825,AZVV,0,180,67
80825,AZVV,0,260,67
80825,AZVV,0,265,66
80825,AZVV,0,270,64
80825,AZVV,0,275,60
80825,AZVV,0,283,56
80825,AZVV,0,290,52
80825,AZVV,0,295,48
80825,AZVV,0,302.5,44
80825,AZVV,0,307.5,41.7
80825,AZVV,0,315,40
80825,AZVV,0,318.69,39
80825,AZVV,0,325,37.87
80825,AZVV,0,330,36.5
80825,AZVV,0,337.5,35
80825,AZVV,0,342.5,34
80825,AZVV,0,347.5,31.5
80825,AZVV,0,347.52,27.5
80825,AZVV,0,350,25.5
80825,AZVV,0,352.5,23.5
80825,AZVV,0,355,22
80825,AZVV,0,355.5,21
80825,AZVV,0,357,15.13
80825,AZVV,0,357.5,13.5
80825,AZVV,0,358.38,13.5
80825,AZVV,0,358.5,10.56
80825,AZVV,0,358.6,8.93
80825,AZVV,0,358.74,6.29
80825,AZVV,0,359.01,3.65
80825,AZVV,0,359.25,1.62
80825,AZVV,0,359.5,0.41
80825,AZVV,0,359.65,0
80837,AZHH,0,0,0
80837,AZHH,0,0.25,0.2
80837,AZHH,0,0.5,1.15
80837,AZHH,0,0.75,2.25
80837,AZHH,0,1,4.15
80837,AZHH,0,1.25,6.7
80837,AZHH,0,1.5,9.95
80837,AZHH,0,1.75,13.75
80837,AZHH,0,1.9,16
80837,AZHH,0,2.5,16
80837,AZHH,0,4.25,24
80837,AZHH,0,5,24
80837,AZHH,0,6,27.5
80837,AZHH,0,9,27.5
80837,AZHH,0,9.5,30.5
80837,AZHH,0,12,30.5
80837,AZHH,0,12.5,32.5
80837,AZHH,0,16.5,32.5
80837,AZHH,0,25,39
80837,AZHH,0,39,39
80837,AZHH,0,48,40.5
80837,AZHH,0,70,46
80837,AZHH,0,100,66
80837,AZHH,0,180,66
80837,AZHH,0,260,66
80837,AZHH,0,290,46
80837,AZHH,0,312,40.5
80837,AZHH,0,321,39
80837,AZHH,0,335,39
80837,AZHH,0,343.5,32.5
80837,AZHH,0,347.5,32.5
80837,AZHH,0,348,30.5
80837,AZHH,0,350.5,30.5
80837,AZHH,0,351,27.5
80837,AZHH,0,354,27.5
80837,AZHH,0,355,24
80837,AZHH,0,355.75,24
80837,AZHH,0,357.5,16
80837,AZHH,0,358.1,16
80837,AZHH,0,358.25,13.75
80837,AZHH,0,358.5,9.95
80837,AZHH,0,358.75,6.7
80837,AZHH,0,359,4.15
80837,AZHH,0,359.25,2.25
80837,AZHH,0,359.5,1.15
80837,AZHH,0,359.75,0.2
80837,AZHV,0,0,30
80837,AZHV,0,2,30
80837,AZHV,0,8.5,49
80837,AZHV,0,15,58
80837,AZHV,0,22.5,60.5
80837,AZHV,0,58,61.5
80837,AZHV,0,75,68
80837,AZHV,0,180,68
80837,AZHV,0,285,68
80837,AZHV,0,302,61.5
80837,AZHV,0,337.5,60.5
80837,AZHV,0,345,58
80837,AZHV,0,351.5,49
80837,AZHV,0,358,30
80837,AZVH,0,0,30
80837,AZVH,0,2,30
80837,AZVH,0,8,51
80837,AZVH,0,15,53
80837,AZVH,0,27,56.5
80837,AZVH,0,54,58
80837,AZVH,0,80,64
80837,AZVH,0,92,68
80837,AZVH,0,180,68
80837,AZVH,0,268,68
80837,AZVH,0,280,64
80837,AZVH,0,306,58
80837,AZVH,0,333,56.5
80837,AZVH,0,345,53
80837,AZVH,0,352,51
80837,AZVH,0,358,30
80837,AZVV,0,0,0
80837,AZVV,0,0.25,0.15
80837,AZVV,0,0.5,1.05
80837,AZVV,0,0.75,2.65
80837,AZVV,0,1,4.9
80837,AZVV,0,1.25,8.15
80837,AZVV,0,1.5,13.15
80837,AZVV,0,1.6,15
80837,AZVV,0,2.75,15
80837,AZVV,0,4.25,23.5
80837,AZVV,0,8.5,25.5
80837,AZVV,0,11.5,28
80837,AZVV,0,13.5,32.5
80837,AZVV,0,15,33
80837,AZVV,0,16.5,34
80837,AZVV,0,18,36.5
80837,AZVV,0,28.5,36.5
80837,AZVV,0,34.5,38.5
80837,AZVV,0,49.5,41
80837,AZVV,0,55.5,42.5
80837,AZVV,0,65,47
80837,AZVV,0,90,66
80837,AZVV,0,180,66
80837,AZVV,0,270,66
80837,AZVV,0,295,47
80837,AZVV,0,304.5,42.5
80837,AZVV,0,310.5,41
80837,AZVV,0,325.5,38.5
80837,AZVV,0,331.5,36.5
80837,AZVV,0,342,36.5
80837,AZVV,0,343.5,34
80837,AZVV,0,345,33
80837,AZVV,0,346.5,32.5
80837,AZVV,0,348.5,28
80837,AZVV,0,351.5,25.5
80837,AZVV,0,355.75,23.5
80837,AZVV,0,357.25,15
80837,AZVV,0,358.4,15
80837,AZVV,0,358.5,13.15
80837,AZVV,0,358.75,8.15
80837,AZVV,0,359,4.9
80837,AZVV,0,359.25,2.65
80837,AZVV,0,359.5,1.05
80837,AZVV,0,359.75,0.15
80853,AZHH,0,0,0
80853,AZHH,0,0.5,0
80853,AZHH,0,1,1
80853,AZHH,0,1.3,2.1
80853,AZHH,0,1.6,3.4
80853,AZHH,0,2,5.7
80853,AZHH,0,2.3,8
80853,AZHH,0,2.5,10
80853,AZHH,0,2.9,14
80853,AZHH,0,4,14
80853,AZHH,0,5,16
80853,AZHH,0,6,17
80853,AZHH,0,10,24
80853,AZHH,0,15,28
80853,AZHH,0,30,33
80853,AZHH,0,40,34
80853,AZHH,0,45,35
80853,AZHH,0,50,37
80853,AZHH,0,60,42
80853,AZHH,0,75,48
80853,AZHH,0,90,57
80853,AZHH,0,100,62
80853,AZHH,0,180,62
80853,AZHH,0,260,62
80853,AZHH,0,270,57
80853,AZHH,0,285,48
80853,AZHH,0,300,42
80853,AZHH,0,310,37
80853,AZHH,0,315,35
80853,AZHH,0,320,34
80853,AZHH,0,330,33
80853,AZHH,0,345,28
80853,AZHH,0,350,24
80853,AZHH,0,354,17
80853,AZHH,0,355,16
80853,AZHH,0,356,14
80853,AZHH,0,357.1,14
80853,AZHH,0,357.5,10
80853,AZHH,0,357.7,8
80853,AZHH,0,358,5.7
80853,AZHH,0,358.4,3.4
80853,AZHH,0,358.7,2.1
80853,AZHH,0,359,1
80853,AZHH,0,359.5,0
80853,AZHV,0,0,30
80853,AZHV,0,3,30
80853,AZHV,0,5,42
80853,AZHV,0,10,46
80853,AZHV,0,15,50
80853,AZHV,0,45,54
80853,AZHV,0,90,62
80853,AZHV,0,180,62
80853,AZHV,0,270,62
80853,AZHV,0,315,54
80853,AZHV,0,345,50
80853,AZHV,0,350,46
80853,AZHV,0,355,42
80853,AZHV,0,357,30
80853,AZVH,0,0,30
80853,AZVH,0,3,30
80853,AZVH,0,5,35
80853,AZVH,0,10,44
80853,AZVH,0,15,50
80853,AZVH,0,45,54
80853,AZVH,0,90,62
80853,AZVH,0,180,62
80853,AZVH,0,270,62
80853,AZVH,0,315,54
80853,AZVH,0,345,50
80853,AZVH,0,350,44
80853,AZVH,0,355,35
80853,AZVH,0,357,30
80853,AZVV,0,0,0
80853,AZVV,0,0.5,0
80853,AZVV,0,1,1.1
80853,AZVV,0,1.5,3
80853,AZVV,0,2,6
80853,AZVV,0,2.4,9.3
80853,AZVV,0,2.7,12
80853,AZVV,0,2.9,14.9
80853,AZVV,0,4,15
80853,AZVV,0,5,16
80853,AZVV,0,6,18
80853,AZVV,0,10,21
80853,AZVV,0,15,25
80853,AZVV,0,20,30
80853,AZVV,0,30,32
80853,AZVV,0,35,32
80853,AZVV,0,40,33
80853,AZVV,0,45,34.5
80853,AZVV,0,55,38
80853,AZVV,0,60,40
80853,AZVV,0,75,48
80853,AZVV,0,90,55
80853,AZVV,0,100,62
80853,AZVV,0,180,62
80853,AZVV,0,260,62
80853,AZVV,0,270,55
80853,AZVV,0,285,48
80853,AZVV,0,300,40
80853,AZVV,0,305,38
80853,AZVV,0,315,34.5
80853,AZVV,0,320,33
80853,AZVV,0,325,32
80853,AZVV,0,330,32
80853,AZVV,0,340,30
80853,AZVV,0,345,25
80853,AZVV,0,350,21
80853,AZVV,0,354,18
80853,AZVV,0,355,16
80853,AZVV,0,356,15
80853,AZVV,0,357.1,14.9
80853,AZVV,0,357.3,12
80853,AZVV,0,357.6,9.3
80853,AZVV,0,358,6
80853,AZVV,0,358.5,3
80853,AZVV,0,359,1.1
80853,AZVV,0,359.5,0
80896,AZHH,0,0,0
80896,AZHH,0,0.25,0.05
80896,AZHH,0,0.5,0.65
80896,AZHH,0,0.75,1.52
80896,AZHH,0,1,2.92
80896,AZHH,0,1.25,5.03
80896,AZHH,0,1.5,7.52
80896,AZHH,0,1.75,10.83
80896,AZHH,0,2,15.53
80896,AZHH,0,2.1,17
80896,AZHH,0,4,17
80896,AZHH,0,5,24
80896,AZHH,0,6,24
80896,AZHH,0,7.5,26
80896,AZHH,0,9,26
80896,AZHH,0,10.5,28
80896,AZHH,0,13.5,28
80896,AZHH,0,15,30
80896,AZHH,0,16.5,32
80896,AZHH,0,19.5,34
80896,AZHH,0,22.5,34
80896,AZHH,0,25.5,34.5
80896,AZHH,0,28.5,34.5
80896,AZHH,0,30,36
80896,AZHH,0,32.5,37
80896,AZHH,0,40,38
80896,AZHH,0,45,39
80896,AZHH,0,50,40
80896,AZHH,0,55,43
80896,AZHH,0,60,43
80896,AZHH,0,67.5,46
80896,AZHH,0,100,65
80896,AZHH,0,180,65
80896,AZHH,0,260,65
80896,AZHH,0,292.5,46
80896,AZHH,0,300,43
80896,AZHH,0,305,43
80896,AZHH,0,310,40
80896,AZHH,0,315,39
80896,AZHH,0,320,38
80896,AZHH,0,327.5,37
80896,AZHH,0,330,36
80896,AZHH,0,331.5,34.5
80896,AZHH,0,334.5,34.5
80896,AZHH,0,337.5,34
80896,AZHH,0,340.5,34
80896,AZHH,0,343.5,32
80896,AZHH,0,345,30
80896,AZHH,0,346.5,28
80896,AZHH,0,349.5,28
80896,AZHH,0,351,26
80896,AZHH,0,352.5,26
80896,AZHH,0,354,24
80896,AZHH,0,355,24
80896,AZHH,0,356,17
80896,AZHH,0,357.9,17
80896,AZHH,0,358,15.53
80896,AZHH,0,358.25,10.83
80896,AZHH,0,358.5,7.52
80896,AZHH,0,358.75,5.03
80896,AZHH,0,359,2.92
80896,AZHH,0,359.25,1.52
80896,AZHH,0,359.5,0.65
80896,AZHH,0,359.75,0.05
80896,AZHV,0,0,32
80896,AZHV,0,1.5,32
80896,AZHV,0,2.5,42
80896,AZHV,0,5,44
80896,AZHV,0,7.5,46
80896,AZHV,0,10,48
80896,AZHV,0,12.5,52
80896,AZHV,0,15,55
80896,AZHV,0,27.5,55
80896,AZHV,0,32.5,58
80896,AZHV,0,37.5,60
80896,AZHV,0,45,62
80896,AZHV,0,52.5,62
80896,AZHV,0,60,64
80896,AZHV,0,75,68
80896,AZHV,0,180,68
80896,AZHV,0,285,68
80896,AZHV,0,300,64
80896,AZHV,0,307.5,62
80896,AZHV,0,315,62
80896,AZHV,0,322.5,60
80896,AZHV,0,327.5,58
80896,AZHV,0,332.5,55
80896,AZHV,0,345,55
80896,AZHV,0,347.5,52
80896,AZHV,0,350,48
80896,AZHV,0,352.5,46
80896,AZHV,0,355,44
80896,AZHV,0,357.5,42
80896,AZHV,0,358.5,32
80896,AZVH,0,0,32
80896,AZVH,0,1.5,32
80896,AZVH,0,3.5,42
80896,AZVH,0,5,44
80896,AZVH,0,7.5,46
80896,AZVH,0,10,46
80896,AZVH,0,15,52
80896,AZVH,0,20,54
80896,AZVH,0,30,56
80896,AZVH,0,45,56
80896,AZVH,0,52.5,60
80896,AZVH,0,60,60
80896,AZVH,0,67.5,62.87
80896,AZVH,0,75,63
80896,AZVH,0,82.5,66
80896,AZVH,0,90,66
80896,AZVH,0,105,68
80896,AZVH,0,180,68
80896,AZVH,0,255,68
80896,AZVH,0,270,66
80896,AZVH,0,277.5,66
80896,AZVH,0,285,63
80896,AZVH,0,292.5,62.87
80896,AZVH,0,300,60
80896,AZVH,0,307.5,60
80896,AZVH,0,315,56
80896,AZVH,0,330,56
80896,AZVH,0,340,54
80896,AZVH,0,345,52
80896,AZVH,0,350,46
80896,AZVH,0,352.5,46
80896,AZVH,0,355,44
80896,AZVH,0,356.5,42
80896,AZVH,0,358.5,32
80896,AZVV,0,0,0
80896,AZVV,0,0.25,0.16
80896,AZVV,0,0.5,0.6
80896,AZVV,0,0.75,1.62
80896,AZVV,0,1,3.03
80896,AZVV,0,1.25,4.98
80896,AZVV,0,1.5,7.79
80896,AZVV,0,1.75,11.58
80896,AZVV,0,2.1,17
80896,AZVV,0,2.2,18
80896,AZVV,0,3,18
80896,AZVV,0,4,20
80896,AZVV,0,4.5,22
80896,AZVV,0,5.5,22
80896,AZVV,0,6,24
80896,AZVV,0,7.5,24
80896,AZVV,0,9,25
80896,AZVV,0,10.5,27
80896,AZVV,0,12,28
80896,AZVV,0,13.5,28
80896,AZVV,0,15,29
80896,AZVV,0,16.5,32
80896,AZVV,0,18,32
80896,AZVV,0,19.5,34
80896,AZVV,0,27,34
80896,AZVV,0,30,36
80896,AZVV,0,32.5,36
80896,AZVV,0,35,38
80896,AZVV,0,42.5,38
80896,AZVV,0,45,40
80896,AZVV,0,50,40
80896,AZVV,0,55,42
80896,AZVV,0,67.5,48
80896,AZVV,0,97.5,66
80896,AZVV,0,180,66
80896,AZVV,0,262.5,66
80896,AZVV,0,292.5,48
80896,AZVV,0,305,42
80896,AZVV,0,310,40
80896,AZVV,0,315,40
80896,AZVV,0,317.5,38
80896,AZVV,0,325,38
80896,AZVV,0,327.5,36
80896,AZVV,0,330,36
80896,AZVV,0,333,34
80896,AZVV,0,340.5,34
80896,AZVV,0,342,32
80896,AZVV,0,343.5,32
80896,AZVV,0,345,29
80896,AZVV,0,346.5,28
80896,AZVV,0,348,28
80896,AZVV,0,349.5,27
80896,AZVV,0,351,25
80896,AZVV,0,352.5,24
80896,AZVV,0,354,24
80896,AZVV,0,354.5,22
80896,AZVV,0,355.5,22
80896,AZVV,0,356,20
80896,AZVV,0,357,18
80896,AZVV,0,357.8,18
80896,AZVV,0,357.9,17
80896,AZVV,0,358.25,11.58
80896,AZVV,0,358.5,7.79
80896,AZVV,0,358.75,4.98
80896,AZVV,0,359,3.03
80896,AZVV,0,359.25,1.62
80896,AZVV,0,359.5,0.6
80896,AZVV,0,359.75,0.16
80920,AZHH,0,0,0
80920,AZHH,0,0.5,0.1
80920,AZHH,0,1,0.5
80920,AZHH,0,1.5,1.6
80920,AZHH,0,2,3.2
80920,AZHH,0,2.5,5.1
80920,AZHH,0,3,7.8
80920,AZHH,0,3.5,11.5
80920,AZHH,0,4,15.5
80920,AZHH,0,4.4,19
80920,AZHH,0,7.5,19
80920,AZHH,0,10,24
80920,AZHH,0,12.5,30
80920,AZHH,0,15,30
80920,AZHH,0,18,32
80920,AZHH,0,27.5,32
80920,AZHH,0,30,35
80920,AZHH,0,45,35
80920,AZHH,0,50,36
80920,AZHH,0,100,60
80920,AZHH,0,180,60
80920,AZHH,0,260,60
80920,AZHH,0,310,36
80920,AZHH,0,315,35
80920,AZHH,0,330,35
80920,AZHH,0,332.5,32
80920,AZHH,0,342,32
80920,AZHH,0,345,30
80920,AZHH,0,347.5,30
80920,AZHH,0,350,24
80920,AZHH,0,352.5,19
80920,AZHH,0,355.6,19
80920,AZHH,0,356,15.5
80920,AZHH,0,356.5,11.5
80920,AZHH,0,357,7.8
80920,AZHH,0,357.5,5.1
80920,AZHH,0,358,3.2
80920,AZHH,0,358.5,1.6
80920,AZHH,0,359,0.5
80920,AZHH,0,359.5,0.1
80920,AZHV,0,0,30
80920,AZHV,0,2.5,30
80920,AZHV,0,5,34
80920,AZHV,0,7.5,39
80920,AZHV,0,10,43
80920,AZHV,0,15,50
80920,AZHV,0,45,50
80920,AZHV,0,60,54
80920,AZHV,0,85,64
80920,AZHV,0,180,64
80920,AZHV,0,275,64
80920,AZHV,0,300,54
80920,AZHV,0,315,50
80920,AZHV,0,345,50
80920,AZHV,0,350,43
80920,AZHV,0,352.5,39
80920,AZHV,0,355,34
80920,AZHV,0,357.5,30
80920,AZVH,0,0,30
80920,AZVH,0,2.5,30
80920,AZVH,0,5,34
80920,AZVH,0,7.5,39
80920,AZVH,0,10,43
80920,AZVH,0,15,50
80920,AZVH,0,45,50
80920,AZVH,0,60,54
80920,AZVH,0,85,64
80920,AZVH,0,180,64
80920,AZVH,0,275,64
80920,AZVH,0,300,54
80920,AZVH,0,315,50
80920,AZVH,0,345,50
80920,AZVH,0,350,43
80920,AZVH,0,352.5,39
80920,AZVH,0,355,34
80920,AZVH,0,357.5,30
80920,AZVV,0,0,0
80920,AZVV,0,0.5,0.1
80920,AZVV,0,1,0.75
80920,AZVV,0,1.5,2
80920,AZVV,0,2,3.8
80920,AZVV,0,2.5,6.1
80920,AZVV,0,3,9.3
80920,AZVV,0,3.5,13.3
80920,AZVV,0,4.1,19
80920,AZVV,0,7.5,19
80920,AZVV,0,9.1,24
80920,AZVV,0,12.5,26
80920,AZVV,0,15,28
80920,AZVV,0,17.5,32
80920,AZVV,0,25,32
80920,AZVV,0,30,35
80920,AZVV,0,50.5,35
80920,AZVV,0,60,38
80920,AZVV,0,90,60
80920,AZVV,0,180,60
80920,AZVV,0,270,60
80920,AZVV,0,300,38
80920,AZVV,0,309.5,35
80920,AZVV,0,330,35
80920,AZVV,0,335,32
80920,AZVV,0,342.5,32
80920,AZVV,0,345,28
80920,AZVV,0,347.5,26
80920,AZVV,0,350.9,24
80920,AZVV,0,352.5,19
80920,AZVV,0,355.9,19
80920,AZVV,0,356.5,13.3
80920,AZVV,0,357,9.3
80920,AZVV,0,357.5,6.1
80920,AZVV,0,358,3.8
80920,AZVV,0,358.5,2
80920,AZVV,0,359,0.75
80920,AZVV,0,359.5,0.1
80946,AZHH,0,0,0
80946,AZHH,0,0.3,0
80946,AZHH,0,0.9,1.7
80946,AZHH,0,1.3,4
80946,AZHH,0,1.6,6
80946,AZHH,0,1.9,9
80946,AZHH,0,2.1,12
80946,AZHH,0,3.2,12
80946,AZHH,0,5,21
80946,AZHH,0,6,21
80946,AZHH,0,10,25
80946,AZHH,0,20,32.5
80946,AZHH,0,25,33
80946,AZHH,0,30,36
80946,AZHH,0,35,36
80946,AZHH,0,45,38.5
80946,AZHH,0,50,39
80946,AZHH,0,67.7,43.7
80946,AZHH,0,80,51.5
80946,AZHH,0,90,58
80946,AZHH,0,100,64
80946,AZHH,0,180,64
80946,AZHH,0,260,64
80946,AZHH,0,270,58
80946,AZHH,0,280,51.5
80946,AZHH,0,292.3,43.7
80946,AZHH,0,310,39
80946,AZHH,0,315,38.5
80946,AZHH,0,325,36
80946,AZHH,0,330,36
80946,AZHH,0,335,33
80946,AZHH,0,340,32.5
80946,AZHH,0,350,25
80946,AZHH,0,354,21
80946,AZHH,0,355,21
80946,AZHH,0,356.8,12
80946,AZHH,0,357.9,12
80946,AZHH,0,358.1,9
80946,AZHH,0,358.4,6
80946,AZHH,0,358.7,4
80946,AZHH,0,359.1,1.7
80946,AZHH,0,359.7,0
80946,AZHV,0,0,30
80946,AZHV,0,3,30
80946,AZHV,0,5,38
80946,AZHV,0,10,47
80946,AZHV,0,30,53
80946,AZHV,0,60,60
80946,AZHV,0,75,62
80946,AZHV,0,95,64
80946,AZHV,0,180,64
80946,AZHV,0,265,64
80946,AZHV,0,285,62
80946,AZHV,0,300,60
80946,AZHV,0,330,53
80946,AZHV,0,350,47
80946,AZHV,0,355,38
80946,AZHV,0,357,30
80946,AZVH,0,0,30
80946,AZVH,0,3,30
80946,AZVH,0,5,38
80946,AZVH,0,10,47
80946,AZVH,0,30,53
80946,AZVH,0,60,56
80946,AZVH,0,75,57
80946,AZVH,0,95,64
80946,AZVH,0,180,64
80946,AZVH,0,265,64
80946,AZVH,0,285,57
80946,AZVH,0,300,56
80946,AZVH,0,330,53
80946,AZVH,0,350,47
80946,AZVH,0,355,38
80946,AZVH,0,357,30
80946,AZVV,0,0,0
80946,AZVV,0,0.3,0
80946,AZVV,0,0.9,1.7
80946,AZVV,0,1.3,4
80946,AZVV,0,1.6,6
80946,AZVV,0,1.9,9
80946,AZVV,0,2,10
80946,AZVV,0,3,10
80946,AZVV,0,5,20
80946,AZVV,0,7,21
80946,AZVV,0,10,25
80946,AZVV,0,20,32.5
80946,AZVV,0,25,33
80946,AZVV,0,30,36
80946,AZVV,0,35,36
80946,AZVV,0,45,38.5
80946,AZVV,0,67.7,45
80946,AZVV,0,85,60
80946,AZVV,0,100,64
80946,AZVV,0,180,64
80946,AZVV,0,260,64
80946,AZVV,0,275,60
80946,AZVV,0,292.3,45
80946,AZVV,0,315,38.5
80946,AZVV,0,325,36
80946,AZVV,0,330,36
80946,AZVV,0,335,33
80946,AZVV,0,340,32.5
80946,AZVV,0,350,25
80946,AZVV,0,353,21
80946,AZVV,0,355,20
80946,AZVV,0,357,10
80946,AZVV,0,358,10
80946,AZVV,0,358.1,9
80946,AZVV,0,358.4,6
80946,AZVV,0,358.7,4
80946,AZVV,0,359.1,1.7
80946,AZVV,0,359.7,0
81003,AZHH,0,0,0
81003,AZHH,0,0.25,0.25
81003,AZHH,0,0.5,1.15
81003,AZHH,0,0.75,2.55
81003,AZHH,0,1,4.65
81003,AZHH,0,1.25,8.1
81003,AZHH,0,1.5,12.65
81003,AZHH,0,1.7,17
81003,AZHH,0,3,17
81003,AZHH,0,4,24
81003,AZHH,0,5,25
81003,AZHH,0,5.5,25
81003,AZHH,0,8,27.5
81003,AZHH,0,10,31
81003,AZHH,0,11,32
81003,AZHH,0,12,34.5
81003,AZHH,0,15,34.5
81003,AZHH,0,17.5,34.5
81003,AZHH,0,22.5,38.5
81003,AZHH,0,30,42
81003,AZHH,0,50,42
81003,AZHH,0,68,46
81003,AZHH,0,95.5,66
81003,AZHH,0,180,66
81003,AZHH,0,264.5,66
81003,AZHH,0,292,46
81003,AZHH,0,310,42
81003,AZHH,0,330,42
81003,AZHH,0,337.5,38.5
81003,AZHH,0,342.5,34.5
81003,AZHH,0,345,34.5
81003,AZHH,0,348,34.5
81003,AZHH,0,349,32
81003,AZHH,0,350,31
81003,AZHH,0,352,27.5
81003,AZHH,0,354.5,25
81003,AZHH,0,355,25
81003,AZHH,0,356,24
81003,AZHH,0,357,17
81003,AZHH,0,358.3,17
81003,AZHH,0,358.5,12.65
81003,AZHH,0,358.75,8.1
81003,AZHH,0,359,4.65
81003,AZHH,0,359.25,2.55
81003,AZHH,0,359.5,1.15
81003,AZHH,0,359.75,0.25
81003,AZHV,0,0,30
81003,AZHV,0,2,30
81003,AZHV,0,6,52.5
81003,AZHV,0,12,57.5
81003,AZHV,0,15,58.5
81003,AZHV,0,23,60.5
81003,AZHV,0,58.5,64
81003,AZHV,0,73,68
81003,AZHV,0,180,68
81003,AZHV,0,287,68
81003,AZHV,0,301.5,64
81003,AZHV,0,337,60.5
81003,AZHV,0,345,58.5
81003,AZHV,0,348,57.5
81003,AZHV,0,354,52.5
81003,AZHV,0,358,30
81003,AZVH,0,0,30
81003,AZVH,0,2,30
81003,AZVH,0,5,48
81003,AZVH,0,8,54
81003,AZVH,0,15,56
81003,AZVH,0,23.5,58.5
81003,AZVH,0,54.5,58.5
81003,AZVH,0,86,68
81003,AZVH,0,180,68
81003,AZVH,0,274,68
81003,AZVH,0,305.5,58.5
81003,AZVH,0,336.5,58.5
81003,AZVH,0,345,56
81003,AZVH,0,352,54
81003,AZVH,0,355,48
81003,AZVH,0,358,30
81003,AZVV,0,0,0
81003,AZVV,0,0.25,0.2
81003,AZVV,0,0.5,1.1
81003,AZVV,0,0.75,2.8
81003,AZVV,0,1,5.25
81003,AZVV,0,1.25,8.85
81003,AZVV,0,1.5,14.85
81003,AZVV,0,1.55,17
81003,AZVV,0,2.75,17
81003,AZVV,0,4,25
81003,AZVV,0,5.5,25
81003,AZVV,0,6.5,28
81003,AZVV,0,8.5,28
81003,AZVV,0,9,31
81003,AZVV,0,10.5,31
81003,AZVV,0,11.5,34
81003,AZVV,0,15,34
81003,AZVV,0,15.5,34
81003,AZVV,0,16,36.5
81003,AZVV,0,18.5,36.5
81003,AZVV,0,19,39
81003,AZVV,0,27.5,39
81003,AZVV,0,30,42
81003,AZVV,0,51.5,42
81003,AZVV,0,88,66
81003,AZVV,0,180,66
81003,AZVV,0,272,66
81003,AZVV,0,308.5,42
81003,AZVV,0,330,42
81003,AZVV,0,332.5,39
81003,AZVV,0,341,39
81003,AZVV,0,341.5,36.5
81003,AZVV,0,344,36.5
81003,AZVV,0,344.5,34
81003,AZVV,0,345,34
81003,AZVV,0,348.5,34
81003,AZVV,0,349.5,31
81003,AZVV,0,351,31
81003,AZVV,0,351.5,28
81003,AZVV,0,353.5,28
81003,AZVV,0,354.5,25
81003,AZVV,0,356,25
81003,AZVV,0,357.25,17
81003,AZVV,0,358.45,17
81003,AZVV,0,358.5,14.85
81003,AZVV,0,358.75,8.85
81003,AZVV,0,359,5.25
81003,AZVV,0,359.25,2.8
81003,AZVV,0,359.5,1.1
81003,AZVV,0,359.75,0.2
81094,AZHH,0,0,0
81094,AZHH,0,0.25,0.2
81094,AZHH,0,0.5,1.15
81094,AZHH,0,0.75,2.25
81094,AZHH,0,1,4.15
81094,AZHH,0,1.25,6.7
81094,AZHH,0,1.5,9.95
81094,AZHH,0,1.75,13.75
81094,AZHH,0,1.9,16
81094,AZHH,0,2.5,16
81094,AZHH,0,4.25,24
81094,AZHH,0,5,24
81094,AZHH,0,6,27.5
81094,AZHH,0,9,27.5
81094,AZHH,0,9.5,30.5
81094,AZHH,0,12,30.5
81094,AZHH,0,12.5,32.5
81094,AZHH,0,15,32.5
81094,AZHH,0,16.5,32.5
81094,AZHH,0,25,39
81094,AZHH,0,39,39
81094,AZHH,0,48,40.5
81094,AZHH,0,70,46
81094,AZHH,0,100,66
81094,AZHH,0,180,66
81094,AZHH,0,260,66
81094,AZHH,0,290,46
81094,AZHH,0,312,40.5
81094,AZHH,0,321,39
81094,AZHH,0,335,39
81094,AZHH,0,343.5,32.5
81094,AZHH,0,345,32.5
81094,AZHH,0,347.5,32.5
81094,AZHH,0,348,30.5
81094,AZHH,0,350.5,30.5
81094,AZHH,0,351,27.5
81094,AZHH,0,354,27.5
81094,AZHH,0,355,24
81094,AZHH,0,355.75,24
81094,AZHH,0,357.5,16
81094,AZHH,0,358.1,16
81094,AZHH,0,358.25,13.75
81094,AZHH,0,358.5,9.95
81094,AZHH,0,358.75,6.7
81094,AZHH,0,359,4.15
81094,AZHH,0,359.25,2.25
81094,AZHH,0,359.5,1.15
81094,AZHH,0,359.75,0.2
81094,AZHV,0,0,30
81094,AZHV,0,2,30
81094,AZHV,0,8.5,49
81094,AZHV,0,15,58
81094,AZHV,0,22.5,60.5
81094,AZHV,0,58,61.5
81094,AZHV,0,75,68
81094,AZHV,0,180,68
81094,AZHV,0,285,68
81094,AZHV,0,302,61.5
81094,AZHV,0,337.5,60.5
81094,AZHV,0,345,58
81094,AZHV,0,351.5,49
81094,AZHV,0,358,30
81094,AZVH,0,0,30
81094,AZVH,0,2,30
81094,AZVH,0,8,51
81094,AZVH,0,15,53
81094,AZVH,0,27,56.5
81094,AZVH,0,54,58
81094,AZVH,0,80,64
81094,AZVH,0,92,68
81094,AZVH,0,180,68
81094,AZVH,0,268,68
81094,AZVH,0,280,64
81094,AZVH,0,306,58
81094,AZVH,0,333,56.5
81094,AZVH,0,345,53
81094,AZVH,0,352,51
81094,AZVH,0,358,30
81094,AZVV,0,0,0
81094,AZVV,0,0.25,0.15
81094,AZVV,0,0.5,1.05
81094,AZVV,0,0.75,2.65
81094,AZVV,0,1,4.9
81094,AZVV,0,1.25,8.15
81094,AZVV,0,1.5,13.15
81094,AZVV,0,1.6,15
81094,AZVV,0,2.75,15
81094,AZVV,0,4.25,23.5
81094,AZVV,0,8.5,25.5
81094,AZVV,0,11.5,28
81094,AZVV,0,13.5,32.5
81094,AZVV,0,15,33
81094,AZVV,0,16.5,34
81094,AZVV,0,18,36.5
81094,AZVV,0,28.5,36.5
81094,AZVV,0,34.5,38.5
81094,AZVV,0,49.5,41
81094,AZVV,0,55.5,42.5
81094,AZVV,0,65,47
81094,AZVV,0,90,66
81094,AZVV,0,180,66
81094,AZVV,0,270,66
81094,AZVV,0,295,47
81094,AZVV,0,304.5,42.5
81094,AZVV,0,310.5,41
81094,AZVV,0,325.5,38.5
81094,AZVV,0,331.5,36.5
81094,AZVV,0,342,36.5
81094,AZVV,0,343.5,34
81094,AZVV,0,345,33
81094,AZVV,0,346.5,32.5
81094,AZVV,0,348.5,28
81094,AZVV,0,351.5,25.5
81094,AZVV,0,355.75,23.5
81094,AZVV,0,357.25,15
81094,AZVV,0,358.4,15
81094,AZVV,0,358.5,13.15
81094,AZVV,0,358.75,8.15
81094,AZVV,0,359,4.9
81094,AZVV,0,359.25,2.65
81094,AZVV,0,359.5,1.05
81094,AZVV,0,359.75,0.15
