LICENCE_NO,CLIENT_NO,SV_ID,SS_ID,LICENCE_TYPE_NAME,LICENCE_CATEGORY_NAME,DATE_ISSUED,DATE_OF_EFFECT,DATE_OF_EXPIRY,STATUS,STATUS_TEXT,AP_ID,AP_PRJ_IDENT,SHIP_NAME,BSL_NO,AWL_TYPE
10000690/1,74734,3,304,Land Mobile,Land Mobile System - > 30MHz,2026-07-13,2026-07-13,2027-07-10,1,Granted,10000900,20011258_BE45_1,,,
10006423/1,1401916,2,203,Fixed,Point to Point,2026-08-24,2026-08-24,2027-09-30,1,Granted,10006958,1143026_QES386_2-2,,,
10051222/1,70610,3,304,Land Mobile,Land Mobile System - > 30MHz,2026-03-30,2026-03-30,2027-03-31,1,Granted,10053205,20011258_OE72_2,,,
10051235/3,1102518,1,105,Broadcasting,Narrowcasting Service (LPON),2026-05-12,2026-05-12,2027-06-01,1,Granted,10543894,,,,
10051260/2,70610,2,203,Fixed,Point to Point,2026-03-30,2026-03-30,2027-03-31,1,Granted,12418874,20054753_400MHz_P2P_ADC66_1,,,
10058372/1,20053835,2,203,Fixed,Point to Point,2026-04-11,2026-04-11,2028-05-19,1,Granted,10060356,1148302_001760,,,
10058373/1,20053835,2,203,Fixed,Point to Point,2026-04-11,2026-04-11,2028-05-19,1,Granted,10060357,1148302_001760,,,
10058374/1,20053835,2,203,Fixed,Point to Point,2026-04-11,2026-04-11,2028-05-19,1,Granted,10060358,1148302_001760,,,
10058375/1,20053835,2,203,Fixed,Point to Point,2026-04-11,2026-04-11,2028-05-19,1,Granted,10060359,1148302_001760,,,
10058376/1,20053835,2,203,Fixed,Point to Point,2026-04-11,2026-04-11,2028-05-19,1,Granted,10060360,1148302_001760,,,
10058377/1,20053835,2,203,Fixed,Point to Point,2026-04-11,2026-04-11,2028-05-19,1,Granted,10060361,1148302_001760,,,
10059266/1,85665,3,304,Land Mobile,Land Mobile System - > 30MHz,2026-06-05,2026-06-05,2027-07-01,1,Granted,10061295,1143026_NX494_2-11,,,
10059679/1,20026788,3,304,Land Mobile,Land Mobile System - > 30MHz,2026-06-10,2026-06-10,2027-06-19,1,Granted,10061822,20006728_DIBP_LMR_QLD_160616,,,
10062257/1,20013543,3,304,Land Mobile,Land Mobile System - > 30MHz,2026-05-13,2026-05-13,2027-06-22,1,Granted,10062286,,,,
10062984/1,20028875,3,304,Land Mobile,Land Mobile System - > 30MHz,2026-08-11,2026-08-11,2027-07-25,1,Granted,10063341,20016317_JSMFAC887,,,
10062985/1,20028875,3,304,Land Mobile,Land Mobile System - > 30MHz,2026-08-11,2026-08-11,2027-07-25,1,Granted,10063342,20016317_JSMFAC887,,,
10069934/1,20004308,3,308,Land Mobile,Paging System - Interior,2026-06-05,2026-06-05,2027-07-06,1,Granted,10070147,1143026_GC869_1-2,,,
10069935/1,20004308,3,308,Land Mobile,Paging System - Interior,2026-06-05,2026-06-05,2027-07-06,1,Granted,10070148,1143026_GC869_2-2,,,
10070385/11,20029073,3,304,Land Mobile,Land Mobile System - > 30MHz,2026-05-28,2026-05-28,2027-07-07,1,Granted,11675171,1148302_App_Sub_008646,,,
10070386/18,20029073,3,304,Land Mobile,Land Mobile System - > 30MHz,2026-05-28,2026-05-28,2027-07-07,1,Granted,12694207,20056436_App_Sub_012963,,,
10070420/14,20029073,3,304,Land Mobile,Land Mobile System - > 30MHz,2026-05-28,2026-05-28,2027-07-07,1,Granted,12694208,20056436_App_Sub_012963,,,
10074098/1,20053835,2,203,Fixed,Point to Point,2026-04-11,2026-04-11,2028-05-19,1,Granted,10076085,1148302_002085,,,
10074099/1,20053835,2,203,Fixed,Point to Point,2026-04-11,2026-04-11,2028-05-19,1,Granted,10076086,1148302_002085,,,
10077566/1,41389,3,304,Land Mobile,Land Mobile System - > 30MHz,2026-06-15,2026-06-15,2027-07-25,1,Granted,10077587,,,,
10077571/1,41389,3,304,Land Mobile,Land Mobile System - > 30MHz,2026-06-15,2026-06-15,2027-07-25,1,Granted,10077589,,,,
10080315/1,82694,2,203,Fixed,Point to Point,2025-11-26,2025-11-26,2026-12-01,1,Granted,10080442,1130096_EG135,,,
10080488/1,1401916,2,203,Fixed,Point to Point,2026-08-24,2026-08-24,2027-09-30,1,Granted,10081019,20011258_QES373_2,,,
10084716/1,83314,3,304,Land Mobile,Land Mobile System - > 30MHz,2026-08-24,2026-08-24,2027-09-30,1,Granted,10085514,20016317_JSMFAC1056,,,
10084717/1,83314,3,304,Land Mobile,Land Mobile System - > 30MHz,2026-08-24,2026-08-24,2027-09-30,1,Granted,10085515,20016317_JSMFAC1056,,,
10086833/1,270141,3,304,Land Mobile,Land Mobile System - > 30MHz,2026-05-21,2026-05-21,2027-06-30,1,Granted,10087298,20011258_QES421_2,,,
10089766/1,84379,2,203,Fixed,Point to Point,2026-08-16,2026-08-16,2027-08-31,1,Granted,10089840,20011258_QES422_1,,,
10089767/1,84379,2,203,Fixed,Point to Point,2026-08-16,2026-08-16,2027-08-31,1,Granted,10089841,20011258_QES422_2,,,
10089768/2,84379,2,203,Fixed,Point to Point,2026-08-16,2026-08-16,2027-08-31,1,Granted,12441503,20016317_JSMFAC13042,,,
10089770/2,84379,2,203,Fixed,Point to Point,2026-08-16,2026-08-16,2027-08-31,1,Granted,12441502,20016317_JSMFAC13042,,,
10089771/2,84379,2,203,Fixed,Point to Point,2026-08-16,2026-08-16,2027-08-31,1,Granted,10379164,20016317_JSMFAC3028,,,
10090315/2,84379,2,203,Fixed,Point to Point,2026-08-16,2026-08-16,2027-08-31,1,Granted,10643856,20011258_QES424_2,,,
10090946/1,20053835,2,203,Fixed,Point to Point,2026-04-11,2026-04-11,2028-05-19,1,Granted,10091147,1131121_002436,,,
10091922/5,20053835,2,203,Fixed,Point to Point,2026-04-11,2026-04-11,2028-05-19,1,Granted,11963712,1131121_App_Sub_010068,,,
10094267/248,512112,10,125,PTS,PMTS Class B,2026-08-28,2026-08-28,2027-09-26,1,Granted,13090982,1139435_VentiaPTSSubmission_20260813_3,,,
10094272/206,512112,10,125,PTS,PMTS Class B,2026-08-28,2026-08-28,2027-09-26,1,Granted,13090988,1139435_VentiaPTSSubmission_20260813_2,,,
10099877/1,58050,3,304,Land Mobile,Land Mobile System - > 30MHz,2026-04-20,2026-04-20,2027-05-04,1,Granted,10100101,20016317_JSMFAC1191,,,
10104347/1,20053835,2,203,Fixed,Point to Point,2026-04-11,2026-04-11,2028-05-19,1,Granted,10104871,1148302_002626,,,
10109338/1,59938,5,501,Maritime Coast,Limited Coast Assigned System,2025-09-25,2025-09-25,2026-09-22,1,Granted,10109571,1143026_MSQ03,,,
10110246/2,34383,3,304,Land Mobile,Land Mobile System - > 30MHz,2026-05-08,2026-05-08,2027-06-14,1,Granted,12066704,1148302_App_Sub_010787,,,
10111124/2,84379,2,203,Fixed,Point to Point,2026-08-16,2026-08-16,2027-08-31,1,Granted,10506172,1143026_QES444_2-3,,,
10111163/2,84379,2,203,Fixed,Point to Point,2026-08-16,2026-08-16,2027-08-31,1,Granted,10506170,1143026_QES444_3-3,,,
10112915/1,85149,2,203,Fixed,Point to Point,2026-01-27,2026-01-27,2027-02-01,1,Granted,10113863,1148302_002723,,,
10112916/1,85149,2,203,Fixed,Point to Point,2026-01-27,2026-01-27,2027-02-01,1,Granted,10116841,1148302_002723,,,
10118995/1,85149,3,304,Land Mobile,Land Mobile System - > 30MHz,2026-01-27,2026-01-27,2027-02-01,1,Granted,10119753,1148302_002770,,,
10118996/1,85149,3,304,Land Mobile,Land Mobile System - > 30MHz,2026-01-27,2026-01-27,2027-02-01,1,Granted,10119754,1148302_002770,,,
10118997/1,85149,3,304,Land Mobile,Land Mobile System - > 30MHz,2026-01-27,2026-01-27,2027-02-01,1,Granted,10119755,1148302_002770,,,
10118998/1,85149,3,304,Land Mobile,Land Mobile System - > 30MHz,2026-01-27,2026-01-27,2027-02-01,1,Granted,10119756,1148302_002770,,,
10119212/1,84379,3,304,Land Mobile,Land Mobile System - > 30MHz,2026-08-16,2026-08-16,2027-08-31,1,Granted,10119772,20011258_QES455_2,,,
10123604/1,88239,3,304,Land Mobile,Land Mobile System - > 30MHz,2025-11-03,2025-11-03,2026-10-20,1,Granted,10123694,20011258_BMS97,,,
10132209/1,84379,2,203,Fixed,Point to Point,2026-08-16,2026-08-16,2027-08-31,1,Granted,10132768,20011258_QES448_1,,,
10132210/1,84379,2,203,Fixed,Point to Point,2026-08-16,2026-08-16,2027-08-31,1,Granted,10132769,20011258_QES448_2,,,
10137110/1,521072,2,203,Fixed,Point to Point,2025-08-29,2025-08-29,2026-09-30,1,Granted,10137245,1143026_QES459,,,
10143110,1136980,85,854,Spectrum,2 GHz Band,2021-06-29,2017-10-12,2032-10-11,1,Granted,,,,,
10143128/1,1147378,3,304,Land Mobile,Land Mobile System - > 30MHz,2026-05-01,2026-05-01,2027-05-23,1,Granted,10143157,20011258_NOR16_1,,,
10143129/1,1147378,3,304,Land Mobile,Land Mobile System - > 30MHz,2026-05-01,2026-05-01,2027-05-23,1,Granted,10143158,20011258_NOR16_2,,,
10143136,1103274,85,854,Spectrum,2 GHz Band,2017-07-04,2017-10-12,2032-10-11,1,Granted,,,,,
10143466,1104504,85,854,Spectrum,2 GHz Band,2024-08-22,2017-10-12,2032-10-11,1,Granted,,,,,
10143562,1103276,85,854,Spectrum,2 GHz Band,2024-08-22,2017-10-12,2032-10-11,1,Granted,,,,,
10158198/1,1420699,3,304,Land Mobile,Land Mobile System - > 30MHz,2025-10-30,2025-10-30,2026-12-08,1,Granted,10158774,20011258_GC953_1,,,
10158199/1,1420699,3,304,Land Mobile,Land Mobile System - > 30MHz,2025-10-30,2025-10-30,2026-12-08,1,Granted,10158775,20011258_GC953_2,,,
10158201/1,1420699,3,304,Land Mobile,Land Mobile System - > 30MHz,2025-10-30,2025-10-30,2026-12-08,1,Granted,10158776,20011258_GC953_3,,,
10160190/1,1144435,2,200,Fixed,Point to Multipoint,2026-03-19,2026-03-19,2027-03-17,1,Granted,10164931,20011258_SEQ03_6,,,
10160191/1,1144435,2,200,Fixed,Point to Multipoint,2026-03-19,2026-03-19,2027-03-17,1,Granted,10166462,20011258_SEQ03_7,,,
10165274/1,521072,2,203,Fixed,Point to Point,2025-08-29,2025-08-29,2026-09-30,1,Granted,10167489,20011258_QES478_1,,,
10165275/1,521072,2,203,Fixed,Point to Point,2025-08-29,2025-08-29,2026-09-30,1,Granted,10167482,20011258_QES478_2,,,
10167521/1,401054,2,203,Fixed,Point to Point,2026-06-19,2026-06-19,2027-06-30,1,Granted,10168022,1148302_003377,,,
10167522/1,401054,2,203,Fixed,Point to Point,2026-06-19,2026-06-19,2027-06-30,1,Granted,10168023,1148302_003377,,,
10171265/1,1424239,3,304,Land Mobile,Land Mobile System - > 30MHz,2025-09-09,2025-09-09,2026-09-09,1,Granted,10171616,1130096_QC142,,,
10172447/7,8129031,2,203,Fixed,Point to Point,2026-04-22,2026-04-22,2027-05-31,1,Granted,12308212,20056206_App_Sub_012121,,,
10172448/6,8129031,2,203,Fixed,Point to Point,2026-04-22,2026-04-22,2027-05-31,1,Granted,12308213,20056206_App_Sub_012121,,,
10179493/1,435100,2,200,Fixed,Point to Multipoint,2025-09-12,2025-09-12,2026-09-23,1,Granted,10180046,1148302_003537,,,
10179494/1,435100,2,200,Fixed,Point to Multipoint,2025-09-12,2025-09-12,2026-09-23,1,Granted,10180047,1148302_003537,,,
10179495/1,435100,2,200,Fixed,Point to Multipoint,2025-09-12,2025-09-12,2026-09-23,1,Granted,10180048,1148302_003537,,,
10181470/3,1144284,3,304,Land Mobile,Land Mobile System - > 30MHz,2026-02-09,2026-02-09,2027-02-24,1,Granted,10594670,20038343_LMS_RCS334_vary_1,,,
10181471/3,1144284,3,304,Land Mobile,Land Mobile System - > 30MHz,2026-02-09,2026-02-09,2027-02-24,1,Granted,10594671,20038343_LMS_RCS334_vary_2,,,
10181472/3,1144284,3,304,Land Mobile,Land Mobile System - > 30MHz,2026-02-09,2026-02-09,2027-02-24,1,Granted,10594672,20038343_LMS_RCS334_vary_3,,,
10181473/3,1144284,3,304,Land Mobile,Land Mobile System - > 30MHz,2026-02-09,2026-02-09,2027-02-24,1,Granted,10594673,20038343_LMS_RCS334_vary_4,,,
10181474/3,1144284,3,304,Land Mobile,Land Mobile System - > 30MHz,2026-02-09,2026-02-09,2027-02-24,1,Granted,10594674,20038343_LMS_RCS334_vary_5,,,
10181475/3,1144284,3,304,Land Mobile,Land Mobile System - > 30MHz,2026-02-09,2026-02-09,2027-02-24,1,Granted,10594675,20038343_LMS_RCS334_vary_6,,,
10182194/1,435100,2,200,Fixed,Point to Multipoint,2025-09-12,2025-09-12,2026-09-23,1,Granted,10182658,1148302_003579,,,
10182195/1,435100,2,200,Fixed,Point to Multipoint,2025-09-12,2025-09-12,2026-09-23,1,Granted,10182659,1148302_003579,,,
10182196/1,435100,2,200,Fixed,Point to Multipoint,2025-09-12,2025-09-12,2026-09-23,1,Granted,10182660,1148302_003579,,,
10182197/1,435100,2,200,Fixed,Point to Multipoint,2025-09-12,2025-09-12,2026-09-23,1,Granted,10182661,1148302_003579,,,
10183402/2,79601,2,203,Fixed,Point to Point,2025-08-29,2025-08-29,2026-09-30,1,Granted,10390707,20016317_JSMFAC3079,,,
10192296/1,20017373,2,203,Fixed,Point to Point,2026-01-14,2026-01-14,2027-02-22,1,Granted,10193701,20019387_B8969-B0098_20170221_n1,,,
10195042/1,52399,3,303,Land Mobile,CBRS Repeater,2025-10-03,2025-10-03,2026-10-16,1,Granted,10196373,1130096_SC716A,,,
10195047/1,52399,2,203,Fixed,Point to Point,2025-10-03,2025-10-03,2026-10-16,1,Granted,10196377,1130096_SC716C,,,
10195649/1,58050,3,304,Land Mobile,Land Mobile System - > 30MHz,2026-04-20,2026-04-20,2027-05-04,1,Granted,10196470,20016317_JSMFAC1751,,,
10195650/1,58050,3,304,Land Mobile,Land Mobile System - > 30MHz,2026-04-20,2026-04-20,2027-05-04,1,Granted,10196471,20016317_JSMFAC1752,,,
10195651/2,58050,3,304,Land Mobile,Land Mobile System - > 30MHz,2026-04-20,2026-04-20,2027-05-04,1,Granted,12287385,20016317_JSMFAC12410,,,
10195652/2,58050,3,304,Land Mobile,Land Mobile System - > 30MHz,2026-04-20,2026-04-20,2027-05-04,1,Granted,12287386,20016317_JSMFAC12410,,,
10195653/1,58050,3,304,Land Mobile,Land Mobile System - > 30MHz,2026-04-20,2026-04-20,2027-05-04,1,Granted,10196474,20016317_JSMFAC1755,,,
10195654/1,58050,3,304,Land Mobile,Land Mobile System - > 30MHz,2026-04-20,2026-04-20,2027-05-04,1,Granted,10196475,20016317_JSMFAC1756,,,
10200444/1,20060946,3,304,Land Mobile,Land Mobile System - > 30MHz,2025-08-31,2025-08-31,2026-10-10,1,Granted,10203474,20016317_JSMFAC1793,,,
10200458/1,20060946,3,304,Land Mobile,Land Mobile System - > 30MHz,2025-08-31,2025-08-31,2026-10-10,1,Granted,10203494,20016317_JSMFAC1793,,,
10200466/1,20060946,3,304,Land Mobile,Land Mobile System - > 30MHz,2025-08-31,2025-08-31,2026-10-10,1,Granted,10203502,20016317_JSMFAC1793,,,
10200468/1,20060946,3,304,Land Mobile,Land Mobile System - > 30MHz,2025-08-31,2025-08-31,2026-10-10,1,Granted,10203504,20016317_JSMFAC1793,,,
10200523/1,20060946,3,304,Land Mobile,Land Mobile System - > 30MHz,2025-08-31,2025-08-31,2026-10-10,1,Granted,10203577,20016317_JSMFAC1797,,,
10200530/1,20060946,3,304,Land Mobile,Land Mobile System - > 30MHz,2025-08-31,2025-08-31,2026-10-10,1,Granted,10203588,20016317_JSMFAC1797,,,
10200550/1,20060946,3,304,Land Mobile,Land Mobile System - > 30MHz,2025-08-31,2025-08-31,2026-10-10,1,Granted,10203644,20016317_JSMFAC1797,,,
10200557/1,58050,3,304,Land Mobile,Land Mobile System - > 30MHz,2026-04-20,2026-04-20,2027-05-04,1,Granted,10203651,20016317_JSMFAC1804,,,
10200558/1,58050,3,304,Land Mobile,Land Mobile System - > 30MHz,2026-04-20,2026-04-20,2027-05-04,1,Granted,10203652,20016317_JSMFAC1804,,,
10200560/1,58050,3,304,Land Mobile,Land Mobile System - > 30MHz,2026-04-20,2026-04-20,2027-05-04,1,Granted,10203654,20016317_JSMFAC1804,,,
10200582/1,58050,3,304,Land Mobile,Land Mobile System - > 30MHz,2026-04-20,2026-04-20,2027-05-04,1,Granted,10203678,20016317_JSMFAC1806,,,
10200598/1,58050,3,304,Land Mobile,Land Mobile System - > 30MHz,2026-04-20,2026-04-20,2027-05-04,1,Granted,10203719,20016317_JSMFAC1805,,,
10200602/1,58050,3,304,Land Mobile,Land Mobile System - > 30MHz,2026-04-20,2026-04-20,2027-05-04,1,Granted,10203724,20016317_JSMFAC1805,,,
10200604/1,58050,3,304,Land Mobile,Land Mobile System - > 30MHz,2026-04-20,2026-04-20,2027-05-04,1,Granted,10203726,20016317_JSMFAC1805,,,
10200605/1,58050,3,304,Land Mobile,Land Mobile System - > 30MHz,2026-04-20,2026-04-20,2027-05-04,1,Granted,10203727,20016317_JSMFAC1805,,,
10200613/1,58050,3,304,Land Mobile,Land Mobile System - > 30MHz,2026-04-20,2026-04-20,2027-05-04,1,Granted,10203735,20016317_JSMFAC1805,,,
10200614/1,58050,3,304,Land Mobile,Land Mobile System - > 30MHz,2026-04-20,2026-04-20,2027-05-04,1,Granted,10203736,20016317_JSMFAC1805,,,
10200634/1,58050,3,304,Land Mobile,Land Mobile System - > 30MHz,2026-04-20,2026-04-20,2027-05-04,1,Granted,10203757,20016317_JSMFAC1809,,,
10200645/2,58050,3,304,Land Mobile,Land Mobile System - > 30MHz,2026-04-20,2026-04-20,2027-05-04,1,Granted,12763570,20016317_JSMFAC13992,,,
10200678/1,58050,3,304,Land Mobile,Land Mobile System - > 30MHz,2026-04-20,2026-04-20,2027-05-04,1,Granted,10203868,20016317_JSMFAC1808,,,
10201014/1,58050,3,304,Land Mobile,Land Mobile System - > 30MHz,2026-04-20,2026-04-20,2027-05-04,1,Granted,10204386,20016317_JSMFAC1813,,,
10201064/1,58050,3,304,Land Mobile,Land Mobile System - > 30MHz,2026-04-20,2026-04-20,2027-05-04,1,Granted,10204468,20016317_JSMFAC1812,,,
102046/1,48068,5,501,Maritime Coast,Limited Coast Assigned System,2025-09-05,2025-09-05,2026-09-13,1,Granted,9808631,,,,
10204749/1,58050,3,304,Land Mobile,Land Mobile System - > 30MHz,2026-04-20,2026-04-20,2027-05-04,1,Granted,10205046,20016317_JSMFAC1850,,,
10204765/2,58050,3,304,Land Mobile,Land Mobile System - > 30MHz,2026-04-20,2026-04-20,2027-05-04,1,Granted,10436339,20016317_JSMFAC3495,,,
10204769/1,58050,3,304,Land Mobile,Land Mobile System - > 30MHz,2026-04-20,2026-04-20,2027-05-04,1,Granted,10205183,20016317_JSMFAC1847,,,
10204786/1,58050,3,304,Land Mobile,Land Mobile System - > 30MHz,2026-04-20,2026-04-20,2027-05-04,1,Granted,10205200,20016317_JSMFAC1847,,,
10204811/1,58050,3,304,Land Mobile,Land Mobile System - > 30MHz,2026-04-20,2026-04-20,2027-05-04,1,Granted,10205245,20016317_JSMFAC1851,,,
10208914/1,20010642,3,304,Land Mobile,Land Mobile System - > 30MHz,2026-03-03,2026-03-03,2027-03-28,1,Granted,10209539,1130096_JC114,,,
10212566/1,17375,2,201,Fixed,Point to Multipoint - Land Mobile Spec,2025-12-19,2025-12-19,2027-01-01,1,Granted,10212640,20006728_Port_Mac_ptmpt_040417,,,
10215409/1,20011641,3,307,Land Mobile,Paging System - Exterior,2026-03-04,2026-03-04,2027-04-12,1,Granted,10215497,20030429_EP_RCS274,,,
10215412/1,20011641,3,307,Land Mobile,Paging System - Exterior,2026-03-04,2026-03-04,2027-04-12,1,Granted,10215499,20030429_EP_RCS275,,,
10215968/1,85149,3,304,Land Mobile,Land Mobile System - > 30MHz,2026-01-27,2026-01-27,2027-02-01,1,Granted,10218530,1130095_004002,,,
10215969/1,85149,3,304,Land Mobile,Land Mobile System - > 30MHz,2026-01-27,2026-01-27,2027-02-01,1,Granted,10218531,1130095_004002,,,
10215970/1,85149,3,304,Land Mobile,Land Mobile System - > 30MHz,2026-01-27,2026-01-27,2027-02-01,1,Granted,10218532,1130095_004002,,,
10215971/1,85149,3,304,Land Mobile,Land Mobile System - > 30MHz,2026-01-27,2026-01-27,2027-02-01,1,Granted,10218534,1130095_004002,,,
10223156/1,58050,3,304,Land Mobile,Land Mobile System - > 30MHz,2026-04-20,2026-04-20,2027-05-04,1,Granted,10223212,20016317_JSMFAC2044,,,
10226022/1,1144661,2,203,Fixed,Point to Point,2026-06-22,2026-06-22,2027-06-22,1,Granted,10227746,1131121_004241,,,
10228142/2,1401916,3,304,Land Mobile,Land Mobile System - > 30MHz,2026-08-24,2026-08-24,2027-09-30,1,Granted,11000267,20016317_JSMFAC7069,,,
10228145/1,1401916,2,203,Fixed,Point to Point,2026-08-24,2026-08-24,2027-09-30,1,Granted,10230675,20016317_JSMFAC2061,,,
10230572/1,1401916,3,304,Land Mobile,Land Mobile System - > 30MHz,2026-08-24,2026-08-24,2027-09-30,1,Granted,10230727,20016317_JSMFAC2077,,,
10230651/1,70610,3,304,Land Mobile,Land Mobile System - > 30MHz,2026-03-30,2026-03-30,2027-03-31,1,Granted,10230667,20030429_LMS_OE77_1,,,
10230653/1,70610,3,304,Land Mobile,Land Mobile System - > 30MHz,2026-03-30,2026-03-30,2027-03-31,1,Granted,10230672,20030429_LMS_OE77_2,,,
10230785/2,58050,3,304,Land Mobile,Land Mobile System - > 30MHz,2026-04-20,2026-04-20,2027-05-04,1,Granted,12814061,20016317_JSMFAC14544_Project_12673,,,
10230836/3,20007490,1,105,Broadcasting,Narrowcasting Service (LPON),2026-06-05,2026-06-05,2027-06-08,1,Granted,10575542,,,,
10230991/1,20017363,2,203,Fixed,Point to Point,2026-04-13,2026-04-13,2027-05-22,1,Granted,10231098,20029601_APP_OP-49042,,,
10231228/1,1144284,3,304,Land Mobile,Land Mobile System - > 30MHz,2026-05-15,2026-05-15,2027-05-23,1,Granted,10231643,20030429_LMS_RCS268_7,,,
10231229/1,1144284,3,304,Land Mobile,Land Mobile System - > 30MHz,2026-05-15,2026-05-15,2027-05-23,1,Granted,10231644,20030429_LMS_RCS268_8,,,
10231244/1,58050,2,203,Fixed,Point to Point,2026-04-20,2026-04-20,2027-05-04,1,Granted,10231648,20016317_JSMFAC2090,,,
10231245/1,58050,2,203,Fixed,Point to Point,2026-04-20,2026-04-20,2027-05-04,1,Granted,10231649,20016317_JSMFAC2089,,,
10231246/1,58050,2,203,Fixed,Point to Point,2026-04-20,2026-04-20,2027-05-04,1,Granted,10231650,20016317_JSMFAC2089,,,
10231248/1,58050,2,203,Fixed,Point to Point,2026-04-20,2026-04-20,2027-05-04,1,Granted,10231652,20016317_JSMFAC2089,,,
10231250/1,58050,2,203,Fixed,Point to Point,2026-04-20,2026-04-20,2027-05-04,1,Granted,10231654,20016317_JSMFAC2089,,,
10231251/1,1144284,3,304,Land Mobile,Land Mobile System - > 30MHz,2026-05-15,2026-05-15,2027-05-23,1,Granted,10231655,20030429_LMS_RCS268_10,,,
10231252/1,1144284,3,304,Land Mobile,Land Mobile System - > 30MHz,2026-05-15,2026-05-15,2027-05-23,1,Granted,10231656,20030429_LMS_RCS268_9,,,
10231258,1103276,85,850,Spectrum,1800 MHz Band,2023-05-04,2017-05-30,2028-06-17,1,Granted,,,,,
10231315/3,1144284,3,304,Land Mobile,Land Mobile System - > 30MHz,2026-05-15,2026-05-15,2027-05-23,1,Granted,10607930,20038343_vary_LMS_RCS338_1,,,
10231316/1,1144284,3,304,Land Mobile,Land Mobile System - > 30MHz,2026-05-15,2026-05-15,2027-05-23,1,Granted,10231674,20030429_LMS_RCS268_12,,,
10231319/1,1144284,3,304,Land Mobile,Land Mobile System - > 30MHz,2026-05-15,2026-05-15,2027-05-23,1,Granted,10231675,20030429_LMS_RCS268_13,,,
10231321/1,1144284,3,304,Land Mobile,Land Mobile System - > 30MHz,2026-05-15,2026-05-15,2027-05-23,1,Granted,10231676,20030429_LMS_RCS268_14,,,
10231326/1,1144284,3,304,Land Mobile,Land Mobile System - > 30MHz,2026-05-15,2026-05-15,2027-05-23,1,Granted,10231677,20030429_LMS_RCS268_15,,,
10235466,1136980,85,850,Spectrum,1800 MHz Band,2023-05-05,2017-05-30,2028-06-17,1,Granted,,,,,
10247219/1,84379,3,304,Land Mobile,Land Mobile System - > 30MHz,2026-08-16,2026-08-16,2027-08-31,1,Granted,10251397,20016317_JSMFAC2204,,,
10247220/1,84379,3,304,Land Mobile,Land Mobile System - > 30MHz,2026-08-16,2026-08-16,2027-08-31,1,Granted,10251399,20016317_JSMFAC2204,,,
10247225/1,84379,3,304,Land Mobile,Land Mobile System - > 30MHz,2026-08-16,2026-08-16,2027-08-31,1,Granted,10251419,20016317_JSMFAC2204,,,
10247227/1,84379,3,304,Land Mobile,Land Mobile System - > 30MHz,2026-08-16,2026-08-16,2027-08-31,1,Granted,10251425,20016317_JSMFAC2204,,,
10252997/1,20027731,2,203,Fixed,Point to Point,2026-06-24,2026-06-24,2027-06-20,1,Granted,10256086,1143026_GD56_2-2,,,
10257947/1,59938,5,501,Maritime Coast,Limited Coast Assigned System,2025-09-25,2025-09-25,2026-09-22,1,Granted,10258199,1130096_JC116A,,,
10257949/1,59938,5,501,Maritime Coast,Limited Coast Assigned System,2025-09-25,2025-09-25,2026-09-22,1,Granted,10258201,1130096_JC116B,,,
10257950/1,59938,5,501,Maritime Coast,Limited Coast Assigned System,2025-09-25,2025-09-25,2026-09-22,1,Granted,10258202,1130096_JC116C,,,
10257951/1,59938,5,501,Maritime Coast,Limited Coast Assigned System,2025-09-25,2025-09-25,2026-09-22,1,Granted,10258203,1130096_JC116D,,,
10257952/1,59938,5,501,Maritime Coast,Limited Coast Assigned System,2025-09-25,2025-09-25,2026-09-22,1,Granted,10258204,1130096_JC116E,,,
10257953/1,59938,5,501,Maritime Coast,Limited Coast Assigned System,2025-09-25,2025-09-25,2026-09-22,1,Granted,10258205,1130096_JC116F,,,
10259289/1,20031759,3,304,Land Mobile,Land Mobile System - > 30MHz,2025-09-24,2025-09-24,2026-09-27,1,Granted,10259644,1130096_QC155B,,,
10259680/1,567929,1,110,Broadcasting,Community Broadcasting,2026-02-27,2026-02-27,2027-02-27,1,Granted,10300635,,,1150720,
10263656/2,20013543,3,304,Land Mobile,Land Mobile System - > 30MHz,2026-06-01,2026-06-01,2027-07-11,1,Granted,10565784,,,,
10263657/1,20013543,3,304,Land Mobile,Land Mobile System - > 30MHz,2026-06-01,2026-06-01,2027-07-11,1,Granted,10263814,,,,
10267384/1,59938,5,501,Maritime Coast,Limited Coast Assigned System,2025-09-25,2025-09-25,2026-09-22,1,Granted,10267834,1143026_MSQ06-A_1-2,,,
10267385/1,59938,5,501,Maritime Coast,Limited Coast Assigned System,2025-09-25,2025-09-25,2026-09-22,1,Granted,10267835,1143026_MSQ06-A_2-2,,,
10267386/1,59938,5,501,Maritime Coast,Limited Coast Assigned System,2025-09-25,2025-09-25,2026-09-22,1,Granted,10267836,1143026_MSQ06-B_1-2,,,
10267387/1,59938,5,501,Maritime Coast,Limited Coast Assigned System,2025-09-25,2025-09-25,2026-09-22,1,Granted,10267837,1143026_MSQ06-B_2-2,,,
10267388/1,59938,5,501,Maritime Coast,Limited Coast Assigned System,2025-09-25,2025-09-25,2026-09-22,1,Granted,10267838,1143026_MSQ06-C_1-2,,,
10267389/1,59938,5,501,Maritime Coast,Limited Coast Assigned System,2025-09-25,2025-09-25,2026-09-22,1,Granted,10267839,1143026_MSQ06-C_2-2,,,
10271089/1,20017363,2,203,Fixed,Point to Point,2026-06-23,2026-06-23,2027-08-01,1,Granted,10271881,20029601_APP_OP-49209-49210,,,
10271090/1,20017363,2,203,Fixed,Point to Point,2026-06-23,2026-06-23,2027-08-01,1,Granted,10271885,20029601_APP_OP-49209-49210,,,
10272293/3,439082,3,304,Land Mobile,Land Mobile System - > 30MHz,2026-03-17,2026-03-17,2027-03-23,1,Granted,12827689,20056206_App_Sub_013651,,,
10272294/2,439082,3,304,Land Mobile,Land Mobile System - > 30MHz,2026-03-17,2026-03-17,2027-03-23,1,Granted,11648838,1130096_RD382AK,,,
10272295/3,439082,3,304,Land Mobile,Land Mobile System - > 30MHz,2026-03-17,2026-03-17,2027-03-23,1,Granted,12827691,20056206_App_Sub_013651,,,
10272296/1,439082,3,304,Land Mobile,Land Mobile System - > 30MHz,2026-03-17,2026-03-17,2027-03-23,1,Granted,10272312,20011258_RCS283_4,,,
10272299/4,439082,3,304,Land Mobile,Land Mobile System - > 30MHz,2026-03-17,2026-03-17,2027-03-23,1,Granted,12827690,20056206_App_Sub_013651,,,
10272315/1,20013543,3,303,Land Mobile,CBRS Repeater,2026-06-22,2026-06-22,2027-08-01,1,Granted,10272316,,,,
10280628/1,58050,2,203,Fixed,Point to Point,2026-04-20,2026-04-20,2027-05-04,1,Granted,10280990,20016317_JSMFAC2498,,,
10281258/4,20036656,3,304,Land Mobile,Land Mobile System - > 30MHz,2026-05-25,2026-05-25,2027-05-31,1,Granted,10476117,20011258_QR39,,,
10283454/1,85149,2,203,Fixed,Point to Point,2026-01-27,2026-01-27,2027-02-01,1,Granted,10283996,1148302_004904,,,
10283455/1,85149,2,203,Fixed,Point to Point,2026-01-27,2026-01-27,2027-02-01,1,Granted,10283997,1148302_004904,,,
102855/1,1442121,3,304,Land Mobile,Land Mobile System - > 30MHz,2026-03-05,2026-03-05,2027-03-26,1,Granted,9665691,,,,
10288014/2,1316295,2,203,Fixed,Point to Point,2025-10-21,2025-10-21,2026-10-02,1,Granted,11632615,20006604_SWP14g_LicVar10288014,,,
10289239/3,1419950,6,602,Amateur,Amateur Repeater,2025-07-29,2025-07-29,2026-09-04,1,Granted,10582202,1143026_GD407B,,,
10292909/2,1144284,3,304,Land Mobile,Land Mobile System - > 30MHz,2026-05-15,2026-05-15,2027-05-23,1,Granted,10594680,20038343_LMS_RCS334_vary_7,,,
10292911/2,1144284,3,304,Land Mobile,Land Mobile System - > 30MHz,2026-05-15,2026-05-15,2027-05-23,1,Granted,10594685,20038343_LMS_RCS334_vary_8,,,
10293364/1,1144284,3,304,Land Mobile,Land Mobile System - > 30MHz,2026-05-15,2026-05-15,2027-05-23,1,Granted,10293875,20030429_LMS_RCS290_9,,,
10293372/2,1144284,3,304,Land Mobile,Land Mobile System - > 30MHz,2026-05-15,2026-05-15,2027-05-23,1,Granted,10294964,20030429_LMS_VAR_RCS290_10,,,
10293374/3,1144284,3,304,Land Mobile,Land Mobile System - > 30MHz,2026-05-15,2026-05-15,2027-05-23,1,Granted,10594688,20038343_LMS_RCS334_vary_9,,,
10293375/2,1144284,3,304,Land Mobile,Land Mobile System - > 30MHz,2026-05-15,2026-05-15,2027-05-23,1,Granted,10594689,20038343_LMS_RCS334_vary_10,,,
10293376/2,1144284,3,304,Land Mobile,Land Mobile System - > 30MHz,2026-05-15,2026-05-15,2027-05-23,1,Granted,10594690,20038343_LMS_RCS334_vary_11,,,
10293422/2,1144284,3,304,Land Mobile,Land Mobile System - > 30MHz,2026-05-15,2026-05-15,2027-05-23,1,Granted,10607931,20038343_vary_LMS_RCS338_2,,,
10298128/3,20029474,2,203,Fixed,Point to Point,2025-10-21,2025-10-21,2026-10-05,1,Granted,12078919,20016317_JSMFAC3419,,,
10298129/2,20029474,2,203,Fixed,Point to Point,2025-10-21,2025-10-21,2026-10-05,1,Granted,12078908,20016317_JSMFAC2593,,,
10298130/2,20029474,2,203,Fixed,Point to Point,2025-10-21,2025-10-21,2026-10-05,1,Granted,12078909,20016317_JSMFAC2593,,,
10298131/2,20029474,2,203,Fixed,Point to Point,2025-10-21,2025-10-21,2026-10-05,1,Granted,12078910,20016317_JSMFAC2593,,,
10300633/1,1314973,2,203,Fixed,Point to Point,2025-11-28,2025-11-28,2026-12-06,1,Granted,10300878,1148302_005080,,,
10312349/1,58050,2,203,Fixed,Point to Point,2026-04-20,2026-04-20,2027-05-04,1,Granted,10312518,20016317_JSMFAC2716,,,
10312362/1,1401916,2,203,Fixed,Point to Point,2026-08-24,2026-08-24,2027-09-30,1,Granted,10312522,20016317_JSMFAC2717,,,
10312363/1,1401916,2,203,Fixed,Point to Point,2026-08-24,2026-08-24,2027-09-30,1,Granted,10312523,20016317_JSMFAC2717,,,
10312366/1,521072,2,203,Fixed,Point to Point,2025-08-29,2025-08-29,2026-09-30,1,Granted,10312526,20016317_JSMFAC2718,,,
10312368/1,79601,2,203,Fixed,Point to Point,2025-08-29,2025-08-29,2026-09-30,1,Granted,10312528,20016317_JSMFAC2719,,,
10312459/3,1149151,3,304,Land Mobile,Land Mobile System - > 30MHz,2026-05-25,2026-05-25,2027-05-31,1,Granted,11717819,20011258_QR87_Phase2B_1,,,
10333801/1,1412719,3,304,Land Mobile,Land Mobile System - > 30MHz,2026-01-19,2026-01-19,2026-12-31,1,Granted,10333915,20030429_LMS_CTL184,,,
10334254/1,85149,2,203,Fixed,Point to Point,2026-01-27,2026-01-27,2027-02-01,1,Granted,10334597,1131121_005481,,,
10334255/1,85149,2,203,Fixed,Point to Point,2026-01-27,2026-01-27,2027-02-01,1,Granted,10334598,1131121_005481,,,
10334260/1,85149,2,203,Fixed,Point to Point,2026-01-27,2026-01-27,2027-02-01,1,Granted,10334603,1131121_005481,,,
10334261/1,85149,2,203,Fixed,Point to Point,2026-01-27,2026-01-27,2027-02-01,1,Granted,10334604,1131121_005481,,,
10334264/1,85149,2,203,Fixed,Point to Point,2026-01-27,2026-01-27,2027-02-01,1,Granted,10334607,1131121_005481,,,
10334265/1,85149,2,203,Fixed,Point to Point,2026-01-27,2026-01-27,2027-02-01,1,Granted,10334608,1131121_005481,,,
10334270/1,85149,2,203,Fixed,Point to Point,2026-01-27,2026-01-27,2027-02-01,1,Granted,10334613,1131121_005481,,,
10334271/1,85149,2,203,Fixed,Point to Point,2026-01-27,2026-01-27,2027-02-01,1,Granted,10334614,1131121_005481,,,
10334272/1,85149,2,203,Fixed,Point to Point,2026-01-27,2026-01-27,2027-02-01,1,Granted,10334615,1131121_005481,,,
10334273/1,85149,2,203,Fixed,Point to Point,2026-01-27,2026-01-27,2027-02-01,1,Granted,10334616,1131121_005481,,,
10334276/1,85149,2,203,Fixed,Point to Point,2026-01-27,2026-01-27,2027-02-01,1,Granted,10334619,1131121_005481,,,
10334277/1,85149,2,203,Fixed,Point to Point,2026-01-27,2026-01-27,2027-02-01,1,Granted,10334620,1131121_005481,,,
10334280/1,85149,2,203,Fixed,Point to Point,2026-01-27,2026-01-27,2027-02-01,1,Granted,10334623,1131121_005481,,,
10334281/1,85149,2,203,Fixed,Point to Point,2026-01-27,2026-01-27,2027-02-01,1,Granted,10334624,1131121_005481,,,
10334546/2,51271,5,501,Maritime Coast,Limited Coast Assigned System,2025-10-13,2025-10-13,2026-11-22,1,Granted,10435132,,,,
10338645/1,58050,2,203,Fixed,Point to Point,2026-04-20,2026-04-20,2027-05-04,1,Granted,10339000,20016317_JSMFAC2885,,,
10339707/1,85149,3,304,Land Mobile,Land Mobile System - > 30MHz,2026-01-27,2026-01-27,2027-02-01,1,Granted,10340182,1148302_005598,,,
10339708/1,85149,3,304,Land Mobile,Land Mobile System - > 30MHz,2026-01-27,2026-01-27,2027-02-01,1,Granted,10340183,1148302_005598,,,
10339709/1,85149,3,304,Land Mobile,Land Mobile System - > 30MHz,2026-01-27,2026-01-27,2027-02-01,1,Granted,10340184,1148302_005598,,,
10339710/1,85149,3,304,Land Mobile,Land Mobile System - > 30MHz,2026-01-27,2026-01-27,2027-02-01,1,Granted,10340185,1148302_005598,,,
10339715/1,85149,3,304,Land Mobile,Land Mobile System - > 30MHz,2026-01-27,2026-01-27,2027-02-01,1,Granted,10340194,1148302_005598,,,
10339716/1,85149,3,304,Land Mobile,Land Mobile System - > 30MHz,2026-01-27,2026-01-27,2027-02-01,1,Granted,10340195,1148302_005598,,,
10339717/1,85149,3,304,Land Mobile,Land Mobile System - > 30MHz,2026-01-27,2026-01-27,2027-02-01,1,Granted,10340196,1148302_005598,,,
10339718/1,85149,3,304,Land Mobile,Land Mobile System - > 30MHz,2026-01-27,2026-01-27,2027-02-01,1,Granted,10340197,1148302_005598,,,
10339727/1,85149,3,304,Land Mobile,Land Mobile System - > 30MHz,2026-01-27,2026-01-27,2027-02-01,1,Granted,10340206,1148302_005598,,,
10339728/1,85149,3,304,Land Mobile,Land Mobile System - > 30MHz,2026-01-27,2026-01-27,2027-02-01,1,Granted,10340207,1148302_005598,,,
10339729/1,85149,3,304,Land Mobile,Land Mobile System - > 30MHz,2026-01-27,2026-01-27,2027-02-01,1,Granted,10340209,1148302_005598,,,
10339730/1,85149,3,304,Land Mobile,Land Mobile System - > 30MHz,2026-01-27,2026-01-27,2027-02-01,1,Granted,10340210,1148302_005598,,,
10339731/1,85149,3,304,Land Mobile,Land Mobile System - > 30MHz,2026-01-27,2026-01-27,2027-02-01,1,Granted,10340211,1148302_005598,,,
10339732/1,85149,3,304,Land Mobile,Land Mobile System - > 30MHz,2026-01-27,2026-01-27,2027-02-01,1,Granted,10340212,1148302_005598,,,
10339733/1,85149,3,304,Land Mobile,Land Mobile System - > 30MHz,2026-01-27,2026-01-27,2027-02-01,1,Granted,10340213,1148302_005598,,,
10339734/1,85149,3,304,Land Mobile,Land Mobile System - > 30MHz,2026-01-27,2026-01-27,2027-02-01,1,Granted,10340214,1148302_005598,,,
10339739/1,85149,3,304,Land Mobile,Land Mobile System - > 30MHz,2026-01-27,2026-01-27,2027-02-01,1,Granted,10340219,1148302_005598,,,
10339740/1,85149,3,304,Land Mobile,Land Mobile System - > 30MHz,2026-01-27,2026-01-27,2027-02-01,1,Granted,10340220,1148302_005598,,,
10339741/1,85149,3,304,Land Mobile,Land Mobile System - > 30MHz,2026-01-27,2026-01-27,2027-02-01,1,Granted,10340221,1148302_005598,,,
10339742/1,85149,3,304,Land Mobile,Land Mobile System - > 30MHz,2026-01-27,2026-01-27,2027-02-01,1,Granted,10340222,1148302_005598,,,
10339743/1,85149,3,304,Land Mobile,Land Mobile System - > 30MHz,2026-01-27,2026-01-27,2027-02-01,1,Granted,10340223,1148302_005598,,,
10339744/1,85149,3,304,Land Mobile,Land Mobile System - > 30MHz,2026-01-27,2026-01-27,2027-02-01,1,Granted,10340224,1148302_005598,,,
10339745/1,85149,3,304,Land Mobile,Land Mobile System - > 30MHz,2026-01-27,2026-01-27,2027-02-01,1,Granted,10340225,1148302_005598,,,
10339746/1,85149,3,304,Land Mobile,Land Mobile System - > 30MHz,2026-01-27,2026-01-27,2027-02-01,1,Granted,10340226,1148302_005598,,,
10339747/1,85149,3,304,Land Mobile,Land Mobile System - > 30MHz,2026-01-27,2026-01-27,2027-02-01,1,Granted,10340227,1148302_005598,,,
10339748/1,85149,3,304,Land Mobile,Land Mobile System - > 30MHz,2026-01-27,2026-01-27,2027-02-01,1,Granted,10340228,1148302_005598,,,
10339749/1,85149,3,304,Land Mobile,Land Mobile System - > 30MHz,2026-01-27,2026-01-27,2027-02-01,1,Granted,10340229,1148302_005598,,,
10339750/1,85149,3,304,Land Mobile,Land Mobile System - > 30MHz,2026-01-27,2026-01-27,2027-02-01,1,Granted,10340230,1148302_005598,,,
10339755/1,85149,3,304,Land Mobile,Land Mobile System - > 30MHz,2026-01-27,2026-01-27,2027-02-01,1,Granted,10340235,1148302_005598,,,
10339756/1,85149,3,304,Land Mobile,Land Mobile System - > 30MHz,2026-01-27,2026-01-27,2027-02-01,1,Granted,10340236,1148302_005598,,,
10339757/1,85149,3,304,Land Mobile,Land Mobile System - > 30MHz,2026-01-27,2026-01-27,2027-02-01,1,Granted,10340237,1148302_005598,,,
10339758/1,85149,3,304,Land Mobile,Land Mobile System - > 30MHz,2026-01-27,2026-01-27,2027-02-01,1,Granted,10340238,1148302_005598,,,
10339759/1,85149,3,304,Land Mobile,Land Mobile System - > 30MHz,2026-01-27,2026-01-27,2027-02-01,1,Granted,10340239,1148302_005598,,,
10339760/1,85149,3,304,Land Mobile,Land Mobile System - > 30MHz,2026-01-27,2026-01-27,2027-02-01,1,Granted,10340240,1148302_005598,,,
10339761/1,85149,3,304,Land Mobile,Land Mobile System - > 30MHz,2026-01-27,2026-01-27,2027-02-01,1,Granted,10340241,1148302_005598,,,
10339762/1,85149,3,304,Land Mobile,Land Mobile System - > 30MHz,2026-01-27,2026-01-27,2027-02-01,1,Granted,10340242,1148302_005598,,,
10341176/1,20000768,5,501,Maritime Coast,Limited Coast Assigned System,2024-06-21,2024-06-21,2029-06-26,1,Granted,10341424,1148302_005613,,,
10341177/1,20000768,5,501,Maritime Coast,Limited Coast Assigned System,2024-06-21,2024-06-21,2029-06-26,1,Granted,10341425,1148302_005613,,,
10341560/1,58075,3,304,Land Mobile,Land Mobile System - > 30MHz,2026-04-14,2026-04-14,2027-04-14,1,Granted,10341607,20030429_LMS_CTL183_5,,,
10341561/1,58075,3,304,Land Mobile,Land Mobile System - > 30MHz,2026-04-14,2026-04-14,2027-04-14,1,Granted,10341608,20030429_LMS_CTL183_6,,,
10354161/1,1401916,3,304,Land Mobile,Land Mobile System - > 30MHz,2026-08-24,2026-08-24,2027-09-30,1,Granted,10354231,20016317_JSMFAC2951,,,
10365441/1,20019469,3,304,Land Mobile,Land Mobile System - > 30MHz,2025-11-27,2025-11-27,2027-01-05,1,Granted,10365482,1103264_DB1047D,,,
10365442/1,20019469,3,304,Land Mobile,Land Mobile System - > 30MHz,2025-11-27,2025-11-27,2027-01-05,1,Granted,10365483,1103264_DB1047E,,,
10370667/1,20019469,3,304,Land Mobile,Land Mobile System - > 30MHz,2025-11-27,2025-11-27,2027-01-05,1,Granted,10370854,1103264_DB1047Y,,,
10377445/1,439082,3,304,Land Mobile,Land Mobile System - > 30MHz,2026-03-18,2026-03-18,2027-03-23,1,Granted,10378041,20011258_RCS304_1,,,
10377446/1,439082,3,304,Land Mobile,Land Mobile System - > 30MHz,2026-03-18,2026-03-18,2027-03-23,1,Granted,10378044,20011258_RCS304_2,,,
10377447/1,439082,3,304,Land Mobile,Land Mobile System - > 30MHz,2026-03-18,2026-03-18,2027-03-23,1,Granted,10378045,20011258_RCS304_3,,,
10377448/3,439082,3,304,Land Mobile,Land Mobile System - > 30MHz,2026-03-18,2026-03-18,2027-03-23,1,Granted,11659682,1130096_RD382Ab,,,
10377449/2,439082,3,304,Land Mobile,Land Mobile System - > 30MHz,2026-03-18,2026-03-18,2027-03-23,1,Granted,11636685,1130096_RD382B,,,
10377450/1,439082,3,304,Land Mobile,Land Mobile System - > 30MHz,2026-03-18,2026-03-18,2027-03-23,1,Granted,10378042,20011258_RCS304_6,,,
10377451/2,439082,3,304,Land Mobile,Land Mobile System - > 30MHz,2026-03-18,2026-03-18,2027-03-23,1,Granted,11636686,1130096_RD382C,,,
10377452/1,439082,3,304,Land Mobile,Land Mobile System - > 30MHz,2026-03-18,2026-03-18,2027-03-23,1,Granted,10378038,20011258_RCS304_8,,,
10377453/2,439082,3,304,Land Mobile,Land Mobile System - > 30MHz,2026-03-18,2026-03-18,2027-03-23,1,Granted,11636687,1130096_RD382D,,,
10377454/1,439082,3,304,Land Mobile,Land Mobile System - > 30MHz,2026-03-18,2026-03-18,2027-03-23,1,Granted,10378040,20011258_RCS304_10,,,
10377455/1,439082,3,304,Land Mobile,Land Mobile System - > 30MHz,2026-03-18,2026-03-18,2027-03-23,1,Granted,10378049,20011258_RCS304_11,,,
10377456/1,439082,3,304,Land Mobile,Land Mobile System - > 30MHz,2026-03-18,2026-03-18,2027-03-23,1,Granted,10378050,20011258_RCS304_13,,,
10377457/1,439082,3,304,Land Mobile,Land Mobile System - > 30MHz,2026-03-18,2026-03-18,2027-03-23,1,Granted,10378051,20011258_RCS304_12,,,
10379968/2,20039296,3,307,Land Mobile,Paging System - Exterior,2026-01-28,2026-01-28,2027-01-22,1,Granted,11197077,20030429_LMS_GD241,,,
10385687/1,1409360,3,304,Land Mobile,Land Mobile System - > 30MHz,2026-04-13,2026-04-13,2027-05-01,1,Granted,10385866,1130096_RD164MR,,,
10385688/1,1409360,3,304,Land Mobile,Land Mobile System - > 30MHz,2026-04-13,2026-04-13,2027-05-01,1,Granted,10385867,1130096_RD164MS,,,
10385689/1,1409360,3,304,Land Mobile,Land Mobile System - > 30MHz,2026-04-13,2026-04-13,2027-05-01,1,Granted,10385868,1130096_RD164MT,,,
10385713/2,86206,2,203,Fixed,Point to Point,2026-03-30,2026-03-30,2027-03-01,1,Granted,11220776,1148302_App_Sub_006526,,,
10385714/2,86206,2,203,Fixed,Point to Point,2026-03-30,2026-03-30,2027-03-01,1,Granted,11220775,1148302_App_Sub_006526,,,
10388334,20053843,85,861,Spectrum,3.4 GHz Band,2025-11-28,2018-02-01,2030-12-13,1,Granted,,,,,
10391280,1136980,85,870,Spectrum,700 MHz Band,2026-04-10,2018-04-01,2029-12-31,1,Granted,,,,,
10391286,20009217,85,870,Spectrum,700 MHz Band,2026-04-10,2018-04-01,2029-12-31,1,Granted,,,,,
10396315/1,20035550,3,304,Land Mobile,Land Mobile System - > 30MHz,2026-03-10,2026-03-10,2027-03-05,1,Granted,10396525,20025735_180048,,,
10396332/1,20017363,2,203,Fixed,Point to Point,2025-12-29,2025-12-29,2027-02-06,1,Granted,10396535,20029601_APP_OP-49527-49528,,,
10398759/3,20036601,3,304,Land Mobile,Land Mobile System - > 30MHz,2026-01-23,2026-01-23,2027-02-02,1,Granted,11153098,1130096_SC808,,,
10399516/1,20035681,3,304,Land Mobile,Land Mobile System - > 30MHz,2026-04-10,2026-01-14,2027-02-18,1,Granted,10399810,1143026_AUS99_1-2,,,
10399517/1,20035681,3,304,Land Mobile,Land Mobile System - > 30MHz,2026-04-10,2026-01-14,2027-02-18,1,Granted,10399811,1143026_AUS99_2-2,,,
10400488/1,20035519,3,304,Land Mobile,Land Mobile System - > 30MHz,2026-01-16,2026-01-16,2027-02-19,1,Granted,10400580,20011258_RB31_2,,,
10412755/1,20034908,3,304,Land Mobile,Land Mobile System - > 30MHz,2026-02-17,2026-02-17,2027-03-26,1,Granted,10412880,20016828_Russo_and_Vella_DGPS,,,
10416348/1,107618,2,203,Fixed,Point to Point,2025-10-17,2025-10-17,2026-10-07,1,Granted,10416631,1148302_006328,,,
10419547/3,20017363,2,203,Fixed,Point to Point,2026-02-15,2026-02-15,2027-03-26,1,Granted,12182321,20029601_APP_OP-00670,,,
10423139/1,58050,2,203,Fixed,Point to Point,2026-04-20,2026-04-20,2027-05-04,1,Granted,10423657,20016317_JSMFAC3370,,,
10424278/1,20000768,5,501,Maritime Coast,Limited Coast Assigned System,2024-06-21,2024-06-21,2029-06-26,1,Granted,10425031,1148302_006441,,,
10424279/1,20000768,5,501,Maritime Coast,Limited Coast Assigned System,2024-06-21,2024-06-21,2029-06-26,1,Granted,10425032,1148302_006441,,,
10425801/1,58050,2,203,Fixed,Point to Point,2026-04-20,2026-04-20,2027-05-04,1,Granted,10426096,1148302_006484,,,
10426024/2,20017363,2,203,Fixed,Point to Point,2026-03-03,2026-03-03,2027-04-11,1,Granted,10460071,1138777_APP_OP-49984,,,
10426025/1,20017363,2,203,Fixed,Point to Point,2026-03-03,2026-03-03,2027-04-11,1,Granted,10426571,1138777_APP_OP-49794-49795-49796,,,
10426026/1,20017363,2,203,Fixed,Point to Point,2026-03-03,2026-03-03,2027-04-11,1,Granted,10426572,1138777_APP_OP-49794-49795-49796,,,
10427055/1,79946,2,203,Fixed,Point to Point,2026-05-11,2026-05-11,2027-05-30,1,Granted,10427404,1131121_006510,,,
10430100/1,59938,5,501,Maritime Coast,Limited Coast Assigned System,2025-09-25,2025-09-25,2026-09-22,1,Granted,10430134,20011258_MSQ09_1,,,
104319/1,49686,5,501,Maritime Coast,Limited Coast Assigned System,2025-11-21,2025-11-21,2026-12-31,1,Granted,9633726,,,,
104320/1,49686,5,501,Maritime Coast,Limited Coast Assigned System,2025-11-21,2025-11-21,2026-12-31,1,Granted,9633729,,,,
104326/1,49686,5,501,Maritime Coast,Limited Coast Assigned System,2025-11-21,2025-11-21,2026-12-31,1,Granted,9633761,,,,
10434354/2,1401916,2,203,Fixed,Point to Point,2026-08-24,2026-08-24,2027-09-30,1,Granted,10457710,20016317_JSMFAC3631,,,
10434355/1,1401916,2,203,Fixed,Point to Point,2026-08-24,2026-08-24,2027-09-30,1,Granted,10434914,20016317_JSMFAC3472,,,
10434373/1,79403,3,304,Land Mobile,Land Mobile System - > 30MHz,2026-05-22,2026-05-22,2027-06-04,1,Granted,10434940,20025735_180248,,,
10435053,20053843,85,850,Spectrum,1800 MHz Band,2024-08-22,2018-05-18,2028-06-17,1,Granted,,,,,
10435528/1,84379,3,304,Land Mobile,Land Mobile System - > 30MHz,2026-08-16,2026-08-16,2027-08-31,1,Granted,10436355,20016317_JSMFAC3497,,,
10435530/1,84379,3,304,Land Mobile,Land Mobile System - > 30MHz,2026-08-16,2026-08-16,2027-08-31,1,Granted,10436357,20016317_JSMFAC3497,,,
10435561/1,84379,3,304,Land Mobile,Land Mobile System - > 30MHz,2026-08-16,2026-08-16,2027-08-31,1,Granted,10436388,20016317_JSMFAC3499,,,
10435562/1,84379,3,304,Land Mobile,Land Mobile System - > 30MHz,2026-08-16,2026-08-16,2027-08-31,1,Granted,10436389,20016317_JSMFAC3499,,,
10435578/1,84379,3,304,Land Mobile,Land Mobile System - > 30MHz,2026-08-16,2026-08-16,2027-08-31,1,Granted,10436405,20016317_JSMFAC3499,,,
10435584/1,84379,3,304,Land Mobile,Land Mobile System - > 30MHz,2026-08-16,2026-08-16,2027-08-31,1,Granted,10436415,20016317_JSMFAC3499,,,
10435728/1,84379,3,304,Land Mobile,Land Mobile System - > 30MHz,2026-08-16,2026-08-16,2027-08-31,1,Granted,10436498,20016317_JSMFAC3502,,,
10435729/2,84379,3,304,Land Mobile,Land Mobile System - > 30MHz,2026-08-16,2026-08-16,2027-08-31,1,Granted,10643857,20016317_JSMFAC3502,,,
10435734/1,84379,3,304,Land Mobile,Land Mobile System - > 30MHz,2026-08-16,2026-08-16,2027-08-31,1,Granted,10436516,20016317_JSMFAC3502,,,
10435748/1,84379,3,304,Land Mobile,Land Mobile System - > 30MHz,2026-08-16,2026-08-16,2027-08-31,1,Granted,10436530,20016317_JSMFAC3500,,,
10435759/1,84379,3,304,Land Mobile,Land Mobile System - > 30MHz,2026-08-16,2026-08-16,2027-08-31,1,Granted,10436549,20016317_JSMFAC3500,,,
104424/1,49932,5,502,Maritime Coast,Limited Coast Marine Rescue,2025-11-19,2025-11-19,2026-12-29,1,Granted,9633771,,,,
10443283/1,59938,5,501,Maritime Coast,Limited Coast Assigned System,2025-09-25,2025-09-25,2026-09-22,1,Granted,10444127,20030429_MRT_MSQ10_1,,,
10443302/2,59938,5,501,Maritime Coast,Limited Coast Assigned System,2025-09-25,2025-09-25,2026-09-22,1,Granted,10510392,20011258_MSQ10_vary,,,
10444316/1,1146331,2,200,Fixed,Point to Multipoint,2026-05-22,2026-05-22,2027-06-01,1,Granted,10444511,20016317_JSMFAC3593,,,
10448721/1,79601,2,203,Fixed,Point to Point,2025-08-29,2025-08-29,2026-09-30,1,Granted,10449489,20016317_JSMFAC3617,,,
104490/1,50110,5,501,Maritime Coast,Limited Coast Assigned System,2025-11-21,2025-11-21,2026-12-31,1,Granted,9633779,,,,
104566/1,50237,5,502,Maritime Coast,Limited Coast Marine Rescue,2025-11-21,2025-11-21,2026-12-31,1,Granted,9633785,,,,
10461146/1,1147832,3,304,Land Mobile,Land Mobile System - > 30MHz,2026-04-29,2026-04-29,2027-05-06,1,Granted,10461549,20030429_LMS_RCS322_1,,,
10461147/1,1147832,3,304,Land Mobile,Land Mobile System - > 30MHz,2026-04-29,2026-04-29,2027-05-06,1,Granted,10461550,20030429_LMS_RCS322_2,,,
10461153/2,1147832,3,304,Land Mobile,Land Mobile System - > 30MHz,2026-04-29,2026-04-29,2027-05-06,1,Granted,11244333,20038343_vary_LMS_RCS396_2_resub,,,
10461204/1,1147832,3,304,Land Mobile,Land Mobile System - > 30MHz,2026-04-29,2026-04-29,2027-05-06,1,Granted,10461560,20030429_LMS_RCS322_4,,,
10461205/2,1147832,3,304,Land Mobile,Land Mobile System - > 30MHz,2026-04-29,2026-04-29,2027-05-06,1,Granted,11244332,20038343_vary_LMS_RCS396_1_resub,,,
10461214/1,1147832,3,304,Land Mobile,Land Mobile System - > 30MHz,2026-04-29,2026-04-29,2027-05-06,1,Granted,10461562,20030429_LMS_RCS322_6,,,
10461217/1,1147832,3,304,Land Mobile,Land Mobile System - > 30MHz,2026-04-29,2026-04-29,2027-05-06,1,Granted,10461563,20030429_LMS_RCS322_7,,,
10469418/1,58050,2,203,Fixed,Point to Point,2026-04-20,2026-04-20,2027-05-04,1,Granted,10469958,20016317_JSMFAC3741,,,
10469419/1,58050,2,203,Fixed,Point to Point,2026-04-20,2026-04-20,2027-05-04,1,Granted,10469959,20016317_JSMFAC3741,,,
10470110/1,20013543,3,304,Land Mobile,Land Mobile System - > 30MHz,2026-05-24,2026-05-24,2027-07-02,1,Granted,10470141,,,,
10474504/1,82694,2,203,Fixed,Point to Point,2025-11-26,2025-11-26,2026-12-01,1,Granted,10475618,1130096_EG143C,,,
10475980/1,82694,2,203,Fixed,Point to Point,2025-11-26,2025-11-26,2026-12-01,1,Granted,10476418,1130096_EG143D,,,
10476077/1,20053835,2,203,Fixed,Point to Point,2026-04-11,2026-04-11,2028-05-19,1,Granted,10476623,1148302_007175,,,
104778/1,50967,5,502,Maritime Coast,Limited Coast Marine Rescue,2026-05-21,2026-05-21,2027-06-30,1,Granted,9633800,,,,
104787/1,50967,5,501,Maritime Coast,Limited Coast Assigned System,2026-05-21,2026-05-21,2027-06-30,1,Granted,9633803,,,,
10480277/1,59938,5,501,Maritime Coast,Limited Coast Assigned System,2025-09-25,2025-09-25,2026-09-22,1,Granted,10480595,20011258_MSQ11_1,,,
10480278/1,59938,5,501,Maritime Coast,Limited Coast Assigned System,2025-09-25,2025-09-25,2026-09-22,1,Granted,10480596,20011258_MSQ11_2,,,
10480279/1,59938,5,501,Maritime Coast,Limited Coast Assigned System,2025-09-25,2025-09-25,2026-09-22,1,Granted,10480597,20011258_MSQ11_3,,,
10480280/1,59938,5,501,Maritime Coast,Limited Coast Assigned System,2025-09-25,2025-09-25,2026-09-22,1,Granted,10480598,20011258_MSQ11_4,,,
10480281/1,59938,5,501,Maritime Coast,Limited Coast Assigned System,2025-09-25,2025-09-25,2026-09-22,1,Granted,10480599,20011258_MSQ11_5,,,
10480282/1,59938,5,501,Maritime Coast,Limited Coast Assigned System,2025-09-25,2025-09-25,2026-09-22,1,Granted,10480600,20011258_MSQ11_6,,,
10480283/1,59938,5,501,Maritime Coast,Limited Coast Assigned System,2025-09-25,2025-09-25,2026-09-22,1,Granted,10480601,20011258_MSQ11_7,,,
10480284/1,59938,5,501,Maritime Coast,Limited Coast Assigned System,2025-09-25,2025-09-25,2026-09-22,1,Granted,10480602,20011258_MSQ11_8,,,
10480285/1,59938,5,501,Maritime Coast,Limited Coast Assigned System,2025-09-25,2025-09-25,2026-09-22,1,Granted,10480603,20011258_MSQ11_9,,,
10480286/1,59938,5,501,Maritime Coast,Limited Coast Assigned System,2025-09-25,2025-09-25,2026-09-22,1,Granted,10480608,20011258_MSQ11_10,,,
10480287/1,59938,5,501,Maritime Coast,Limited Coast Assigned System,2025-09-25,2025-09-25,2026-09-22,1,Granted,10480609,20011258_MSQ11_11,,,
10480288/1,59938,5,501,Maritime Coast,Limited Coast Assigned System,2025-09-25,2025-09-25,2026-09-22,1,Granted,10480610,20011258_MSQ11_12,,,
10480289/1,59938,5,501,Maritime Coast,Limited Coast Assigned System,2025-09-25,2025-09-25,2026-09-22,1,Granted,10480611,20011258_MSQ11_13,,,
10480290/1,59938,5,501,Maritime Coast,Limited Coast Assigned System,2025-09-25,2025-09-25,2026-09-22,1,Granted,10480612,20011258_MSQ11_14,,,
10480291/1,59938,5,501,Maritime Coast,Limited Coast Assigned System,2025-09-25,2025-09-25,2026-09-22,1,Granted,10480613,20011258_MSQ11_15,,,
10480292/1,59938,5,501,Maritime Coast,Limited Coast Assigned System,2025-09-25,2025-09-25,2026-09-22,1,Granted,10480614,20011258_MSQ11_16,,,
10480293/1,59938,5,501,Maritime Coast,Limited Coast Assigned System,2025-09-25,2025-09-25,2026-09-22,1,Granted,10480615,20011258_MSQ11_17,,,
10480294/1,59938,5,501,Maritime Coast,Limited Coast Assigned System,2025-09-25,2025-09-25,2026-09-22,1,Granted,10480616,20011258_MSQ11_18,,,
10480295/1,59938,5,501,Maritime Coast,Limited Coast Assigned System,2025-09-25,2025-09-25,2026-09-22,1,Granted,10480617,20011258_MSQ11_19,,,
10480296/1,59938,5,501,Maritime Coast,Limited Coast Assigned System,2025-09-25,2025-09-25,2026-09-22,1,Granted,10480618,20011258_MSQ11_20,,,
10480297/1,59938,5,501,Maritime Coast,Limited Coast Assigned System,2025-09-25,2025-09-25,2026-09-22,1,Granted,10480619,20011258_MSQ11_21,,,
104830/1,51105,5,502,Maritime Coast,Limited Coast Marine Rescue,2025-01-17,2025-01-17,2030-02-26,1,Granted,9633807,,,,
10487506/1,56139,3,304,Land Mobile,Land Mobile System - > 30MHz,2026-02-09,2026-02-09,2027-03-01,1,Granted,10488266,20016317_JSMFAC3899,,,
10487507/1,56139,3,304,Land Mobile,Land Mobile System - > 30MHz,2026-02-09,2026-02-09,2027-03-01,1,Granted,10488267,20016317_JSMFAC3899,,,
10487508/1,56139,3,304,Land Mobile,Land Mobile System - > 30MHz,2026-02-10,2026-02-09,2027-03-01,1,Granted,10488268,20016317_JSMFAC3899,,,
10487509/1,56139,3,304,Land Mobile,Land Mobile System - > 30MHz,2026-02-09,2026-02-09,2027-03-01,1,Granted,10488269,20016317_JSMFAC3899,,,
10487512/3,56139,3,304,Land Mobile,Land Mobile System - > 30MHz,2026-02-09,2026-02-09,2027-03-01,1,Granted,11433841,20016317_JSMFAC8866,,,
10487513/3,56139,3,304,Land Mobile,Land Mobile System - > 30MHz,2026-02-10,2026-02-10,2027-03-01,1,Granted,11433842,20016317_JSMFAC8866,,,
10487514/2,56139,3,304,Land Mobile,Land Mobile System - > 30MHz,2026-02-09,2026-02-09,2027-03-01,1,Granted,10616932,20016317_JSMFAC4984,,,
10487515/2,56139,3,304,Land Mobile,Land Mobile System - > 30MHz,2026-02-09,2026-02-09,2027-03-01,1,Granted,10616933,20016317_JSMFAC4984,,,
10487516/2,56139,3,304,Land Mobile,Land Mobile System - > 30MHz,2026-02-09,2026-02-09,2027-03-01,1,Granted,10616930,20016317_JSMFAC4984,,,
10487517/2,56139,3,304,Land Mobile,Land Mobile System - > 30MHz,2026-02-09,2026-02-09,2027-03-01,1,Granted,10616931,20016317_JSMFAC4984,,,
10487518/1,56139,3,304,Land Mobile,Land Mobile System - > 30MHz,2026-02-09,2026-02-09,2027-03-01,1,Granted,10488278,20016317_JSMFAC3899,,,
10487519/1,56139,3,304,Land Mobile,Land Mobile System - > 30MHz,2026-02-09,2026-02-09,2027-03-01,1,Granted,10488279,20016317_JSMFAC3899,,,
10487520/1,56139,3,304,Land Mobile,Land Mobile System - > 30MHz,2026-02-09,2026-02-09,2027-03-01,1,Granted,10488280,20016317_JSMFAC3899,,,
10487521/1,56139,3,304,Land Mobile,Land Mobile System - > 30MHz,2026-02-09,2026-02-09,2027-03-01,1,Granted,10488281,20016317_JSMFAC3899,,,
10487522/1,56139,3,304,Land Mobile,Land Mobile System - > 30MHz,2026-02-09,2026-02-09,2027-03-01,1,Granted,10488282,20016317_JSMFAC3899,,,
10487523/1,56139,3,304,Land Mobile,Land Mobile System - > 30MHz,2026-02-09,2026-02-09,2027-03-01,1,Granted,10488306,20016317_JSMFAC3899,,,
10487524/1,56139,3,304,Land Mobile,Land Mobile System - > 30MHz,2026-02-09,2026-02-09,2027-03-01,1,Granted,10488307,20016317_JSMFAC3899,,,
10487525/1,56139,3,304,Land Mobile,Land Mobile System - > 30MHz,2026-02-09,2026-02-09,2027-03-01,1,Granted,10488308,20016317_JSMFAC3899,,,
10487526/2,56139,3,304,Land Mobile,Land Mobile System - > 30MHz,2026-02-09,2026-02-09,2027-03-01,1,Granted,10617386,20016317_JSMFAC4984,,,
10487527/2,56139,3,304,Land Mobile,Land Mobile System - > 30MHz,2026-02-09,2026-02-09,2027-03-01,1,Granted,10617387,20016317_JSMFAC4984,,,
10487528/2,56139,3,304,Land Mobile,Land Mobile System - > 30MHz,2026-02-09,2026-02-09,2027-03-01,1,Granted,10616929,20016317_JSMFAC4984,,,
10487529/2,56139,3,304,Land Mobile,Land Mobile System - > 30MHz,2026-02-09,2026-02-09,2027-03-01,1,Granted,10617388,20016317_JSMFAC4984,,,
10487530/1,56139,3,304,Land Mobile,Land Mobile System - > 30MHz,2026-02-09,2026-02-09,2027-03-01,1,Granted,10488313,20016317_JSMFAC3899,,,
10487531/1,56139,3,304,Land Mobile,Land Mobile System - > 30MHz,2026-02-09,2026-02-09,2027-03-01,1,Granted,10488314,20016317_JSMFAC3899,,,
10487532/1,56139,3,304,Land Mobile,Land Mobile System - > 30MHz,2026-02-09,2026-02-09,2027-03-01,1,Granted,10488315,20016317_JSMFAC3899,,,
10487533/1,56139,3,304,Land Mobile,Land Mobile System - > 30MHz,2026-02-09,2026-02-09,2027-03-01,1,Granted,10488316,20016317_JSMFAC3899,,,
10487534/1,56139,3,304,Land Mobile,Land Mobile System - > 30MHz,2026-02-09,2026-02-09,2027-03-01,1,Granted,10488317,20016317_JSMFAC3899,,,
10487535/1,56139,3,304,Land Mobile,Land Mobile System - > 30MHz,2026-02-09,2026-02-09,2027-03-01,1,Granted,10488318,20016317_JSMFAC3899,,,
10487536/1,56139,3,304,Land Mobile,Land Mobile System - > 30MHz,2026-02-09,2026-02-09,2027-03-01,1,Granted,10488319,20016317_JSMFAC3899,,,
10487537/1,56139,3,304,Land Mobile,Land Mobile System - > 30MHz,2026-02-09,2026-02-09,2027-03-01,1,Granted,10488320,20016317_JSMFAC3899,,,
10487770/1,20017363,2,203,Fixed,Point to Point,2026-06-22,2026-06-22,2027-07-30,1,Granted,10488329,20029601_APP_OP-50088,,,
10491474/4,8129031,2,203,Fixed,Point to Point,2026-04-22,2026-04-22,2027-05-31,1,Granted,12308214,20056206_App_Sub_012121,,,
10491475/4,8129031,2,203,Fixed,Point to Point,2026-04-22,2026-04-22,2027-05-31,1,Granted,12308215,20056206_App_Sub_012121,,,
10491476/4,8129031,2,203,Fixed,Point to Point,2026-04-22,2026-04-22,2027-05-31,1,Granted,12308216,20056206_App_Sub_012121,,,
10491477/4,8129031,2,203,Fixed,Point to Point,2026-04-22,2026-04-22,2027-05-31,1,Granted,12308217,20056206_App_Sub_012121,,,
10491909/1,5832,3,307,Land Mobile,Paging System - Exterior,2026-07-04,2026-07-04,2027-08-12,1,Granted,10493057,,,,
10498637/1,84379,2,203,Fixed,Point to Point,2026-08-16,2026-08-16,2027-08-31,1,Granted,10499663,20016317_JSMFAC3986,,,
10498638/1,84379,2,203,Fixed,Point to Point,2026-08-16,2026-08-16,2027-08-31,1,Granted,10499664,20016317_JSMFAC3986,,,
10499060/1,58050,2,203,Fixed,Point to Point,2026-04-20,2026-04-20,2027-05-04,1,Granted,10499854,20016317_JSMFAC3991,,,
10500352/1,20017363,2,203,Fixed,Point to Point,2026-07-19,2026-07-19,2027-08-27,1,Granted,10500743,20029601_APP_OP-50110,,,
10502028/1,17375,2,201,Fixed,Point to Multipoint - Land Mobile Spec,2025-12-19,2025-12-19,2027-01-01,1,Granted,10502711,20006728_PMHC_VHF_ptmpt_300818,,,
10502029/1,17375,2,201,Fixed,Point to Multipoint - Land Mobile Spec,2025-12-19,2025-12-19,2027-01-01,1,Granted,10502712,20006728_PMHC_VHF_ptmpt_300818,,,
10512606/1,1144665,2,200,Fixed,Point to Multipoint,2025-06-25,2025-06-25,2026-06-30,10,Expired,10513752,20011258_GD347_1,,,
10521665/1,85149,3,304,Land Mobile,Land Mobile System - > 30MHz,2026-01-27,2026-01-27,2027-02-01,1,Granted,10522818,1148302_007779,,,
10521666/1,85149,3,304,Land Mobile,Land Mobile System - > 30MHz,2026-01-27,2026-01-27,2027-02-01,1,Granted,10522819,1148302_007779,,,
10521667/1,85149,3,304,Land Mobile,Land Mobile System - > 30MHz,2026-01-27,2026-01-27,2027-02-01,1,Granted,10522820,1148302_007779,,,
10521668/1,85149,3,304,Land Mobile,Land Mobile System - > 30MHz,2026-01-27,2026-01-27,2027-02-01,1,Granted,10524047,1148302_007779,,,
10534456/1,85149,2,203,Fixed,Point to Point,2026-01-27,2026-01-27,2027-02-01,1,Granted,10535600,1148302_007856,,,
10534457/1,85149,2,203,Fixed,Point to Point,2026-01-27,2026-01-27,2027-02-01,1,Granted,10535601,1148302_007856,,,
10535362/1,84379,2,203,Fixed,Point to Point,2026-08-16,2026-08-16,2027-08-31,1,Granted,10536090,20016317_JSMFAC4234,,,
10535364/2,84379,2,203,Fixed,Point to Point,2026-08-16,2026-08-16,2027-08-31,1,Granted,11690375,20016317_JSMFAC9655,,,
10535366/1,84379,2,203,Fixed,Point to Point,2026-08-16,2026-08-16,2027-08-31,1,Granted,10536094,20016317_JSMFAC4234,,,
10542915/1,58050,2,203,Fixed,Point to Point,2026-04-20,2026-04-20,2027-05-04,1,Granted,10544250,1148302_007897,,,
105461/2,51920,2,203,Fixed,Point to Point,2026-07-24,2026-07-24,2027-07-26,1,Granted,11192216,20038343_vary_400MHz_P2P_KCM28_2,,,
105463/1,51920,3,304,Land Mobile,Land Mobile System - > 30MHz,2026-07-24,2026-07-24,2027-07-26,1,Granted,9801696,,,,
10550350/2,20054518,3,304,Land Mobile,Land Mobile System - > 30MHz,2025-11-03,2025-11-03,2026-11-06,1,Granted,11970993,20011258_GD387,,,
10551517/1,20038341,3,304,Land Mobile,Land Mobile System - > 30MHz,2026-01-08,2026-01-08,2026-12-10,1,Granted,10552387,20025735_180624,,,
10552353/4,8129031,2,203,Fixed,Point to Point,2026-04-22,2026-04-22,2027-05-31,1,Granted,12108741,1138777_NB2_62_2_10552353var,,,
10552354/4,8129031,2,203,Fixed,Point to Point,2026-04-22,2026-04-22,2027-05-31,1,Granted,12108740,1138777_NB2_62_1_1_10552354var,,,
10552365/2,8129031,2,203,Fixed,Point to Point,2026-04-22,2026-04-22,2027-05-31,1,Granted,12153533,1138777_NB2_61_1_3_10552365var,,,
10559567/1,1147832,3,304,Land Mobile,Land Mobile System - > 30MHz,2026-04-29,2026-04-29,2027-05-06,1,Granted,10559678,20011258_RCS331_1,,,
10559568/1,1147832,3,304,Land Mobile,Land Mobile System - > 30MHz,2026-04-29,2026-04-29,2027-05-06,1,Granted,10559679,20011258_RCS331_2,,,
10563395/1,20017363,2,203,Fixed,Point to Point,2025-10-18,2025-10-18,2026-11-26,1,Granted,10563812,20029601_APP_OP-50236,,,
10565710/1,20013543,2,203,Fixed,Point to Point,2025-10-20,2025-10-20,2026-11-29,1,Granted,10565785,,,,
10566248/1,1144284,3,304,Land Mobile,Land Mobile System - > 30MHz,2026-02-09,2026-02-09,2027-02-24,1,Granted,10566718,20011258_RCS333_1,,,
10566493/1,1144284,3,304,Land Mobile,Land Mobile System - > 30MHz,2026-02-09,2026-02-09,2027-02-24,1,Granted,10566727,20011258_RCS333_2,,,
10566494/1,1144284,3,304,Land Mobile,Land Mobile System - > 30MHz,2026-02-09,2026-02-09,2027-02-24,1,Granted,10566728,20011258_RCS333_3,,,
10566495/1,1144284,3,304,Land Mobile,Land Mobile System - > 30MHz,2026-02-09,2026-02-09,2027-02-24,1,Granted,10566729,20011258_RCS333_4,,,
10566700/1,20038569,3,307,Land Mobile,Paging System - Exterior,2025-10-28,2025-10-28,2026-12-03,1,Granted,10566764,20011258_GD406,,,
10568965/2,8129031,2,203,Fixed,Point to Point,2026-04-22,2026-04-22,2027-05-31,1,Granted,11449814,1148302_App_Sub_007905,,,
10568966/2,8129031,2,203,Fixed,Point to Point,2026-04-22,2026-04-22,2027-05-31,1,Granted,11449815,1148302_App_Sub_007905,,,
10568967/2,8129031,2,203,Fixed,Point to Point,2026-04-22,2026-04-22,2027-05-31,1,Granted,11449816,1148302_App_Sub_007905,,,
10568968/2,8129031,2,203,Fixed,Point to Point,2026-04-22,2026-04-22,2027-05-31,1,Granted,11449817,1148302_App_Sub_007905,,,
10568971/2,8129031,2,203,Fixed,Point to Point,2026-04-22,2026-04-22,2027-05-31,1,Granted,11775893,20006728_NBN_ptpt_4BIL_VAR1_120922,,,
10568972/2,8129031,2,203,Fixed,Point to Point,2026-04-22,2026-04-22,2027-05-31,1,Granted,11775894,20006728_NBN_ptpt_4BIL_VAR2_120922,,,
10580189/1,1401916,2,203,Fixed,Point to Point,2026-08-24,2026-08-24,2027-09-30,1,Granted,10580343,20016317_JSMFAC4611,,,
10580193/1,1401916,2,203,Fixed,Point to Point,2026-08-24,2026-08-24,2027-09-30,1,Granted,10580347,20016317_JSMFAC4611,,,
10581159/1,20060946,3,304,Land Mobile,Land Mobile System - > 30MHz,2025-08-31,2025-08-31,2026-10-10,1,Granted,10581395,20016317_JSMFAC4615,,,
10586029/1,56139,3,304,Land Mobile,Land Mobile System - > 30MHz,2026-02-09,2026-02-09,2027-03-01,1,Granted,10587654,20016317_JSMFAC4671,,,
10586030/1,56139,3,304,Land Mobile,Land Mobile System - > 30MHz,2026-02-09,2026-02-09,2027-03-01,1,Granted,10587655,20016317_JSMFAC4671,,,
10598402/1,20027621,3,304,Land Mobile,Land Mobile System - > 30MHz,2025-12-24,2025-12-24,2027-01-05,1,Granted,10598970,20016317_JSMFAC4788,,,
10599320/1,1149151,2,203,Fixed,Point to Point,2026-05-25,2026-05-25,2027-05-31,1,Granted,10600084,20011258_QR42_2,,,
106008/1,53012,3,308,Land Mobile,Paging System - Interior,2026-03-17,2026-03-17,2027-04-05,1,Granted,9665726,,,,
10603031/1,58050,2,203,Fixed,Point to Point,2026-04-20,2026-04-20,2027-05-04,1,Granted,10604060,20016317_JSMFAC4833,,,
10603032/1,58050,2,203,Fixed,Point to Point,2026-04-20,2026-04-20,2027-05-04,1,Granted,10604061,20016317_JSMFAC4833,,,
10618646/1,1409360,2,203,Fixed,Point to Point,2026-04-13,2026-04-13,2027-05-01,1,Granted,10620470,1130095_App_Sub_001018,,,
10618647/1,1409360,2,203,Fixed,Point to Point,2026-04-13,2026-04-13,2027-05-01,1,Granted,10620471,1130095_App_Sub_001018,,,
106206/1,53416,5,502,Maritime Coast,Limited Coast Marine Rescue,2026-07-22,2026-07-22,2027-08-31,1,Granted,9633834,,,,
10632315/1,1401916,2,203,Fixed,Point to Point,2026-08-24,2026-08-24,2027-09-30,1,Granted,10633241,20016317_JSMFAC5086,,,
10632316/1,1401916,2,203,Fixed,Point to Point,2026-08-24,2026-08-24,2027-09-30,1,Granted,10633242,20016317_JSMFAC5086,,,
10633202/1,20000768,5,501,Maritime Coast,Limited Coast Assigned System,2024-06-21,2024-06-21,2029-06-26,1,Granted,10633388,1148302_App_Sub_001170,,,
10633203/1,20000768,5,501,Maritime Coast,Limited Coast Assigned System,2024-06-21,2024-06-21,2029-06-26,1,Granted,10633389,1148302_App_Sub_001170,,,
10633204/1,20000768,5,501,Maritime Coast,Limited Coast Assigned System,2024-06-21,2024-06-21,2029-06-26,1,Granted,10633390,1148302_App_Sub_001170,,,
10633205/1,20000768,5,501,Maritime Coast,Limited Coast Assigned System,2024-06-21,2024-06-21,2029-06-26,1,Granted,10633391,1148302_App_Sub_001170,,,
10633206/1,20000768,5,501,Maritime Coast,Limited Coast Assigned System,2024-06-21,2024-06-21,2029-06-26,1,Granted,10633392,1148302_App_Sub_001170,,,
10633207/1,20000768,5,501,Maritime Coast,Limited Coast Assigned System,2024-06-21,2024-06-21,2029-06-26,1,Granted,10633393,1148302_App_Sub_001170,,,
10633208/1,20000768,5,501,Maritime Coast,Limited Coast Assigned System,2024-06-21,2024-06-21,2029-06-26,1,Granted,10633394,1148302_App_Sub_001170,,,
10633209/1,20000768,5,501,Maritime Coast,Limited Coast Assigned System,2024-06-21,2024-06-21,2029-06-26,1,Granted,10633395,1148302_App_Sub_001170,,,
10633258/1,1144284,3,304,Land Mobile,Land Mobile System - > 30MHz,2026-05-15,2026-05-15,2027-05-23,1,Granted,10633837,20038343_RCS342_1,,,
10633259/1,1144284,3,304,Land Mobile,Land Mobile System - > 30MHz,2026-05-15,2026-05-15,2027-05-23,1,Granted,10633838,20038343_RCS342_2,,,
10633260/1,1144284,3,304,Land Mobile,Land Mobile System - > 30MHz,2026-05-15,2026-05-15,2027-05-23,1,Granted,10633839,20038343_RCS342_3,,,
10633261/1,1144284,3,304,Land Mobile,Land Mobile System - > 30MHz,2026-05-15,2026-05-15,2027-05-23,1,Granted,10633840,20038343_RCS342_4,,,
10633284/1,1144284,3,304,Land Mobile,Land Mobile System - > 30MHz,2026-05-15,2026-05-15,2027-05-23,1,Granted,10633842,20038343_RCS342_5,,,
10633285/2,1144284,3,304,Land Mobile,Land Mobile System - > 30MHz,2026-05-15,2026-05-15,2027-05-23,1,Granted,10780920,20011258_RCS366_1,,,
10633286/2,1144284,3,304,Land Mobile,Land Mobile System - > 30MHz,2026-05-15,2026-05-15,2027-05-23,1,Granted,10780927,20011258_RCS366_2,,,
10633308/1,1144284,3,304,Land Mobile,Land Mobile System - > 30MHz,2026-05-15,2026-05-15,2027-05-23,1,Granted,10633845,20038343_RCS342_8,,,
10633396/1,1144284,3,304,Land Mobile,Land Mobile System - > 30MHz,2026-05-15,2026-05-15,2027-05-23,1,Granted,10633848,20038343_RCS342_9,,,
10633410/1,1144284,3,304,Land Mobile,Land Mobile System - > 30MHz,2026-05-15,2026-05-15,2027-05-23,1,Granted,10633969,20038343_RCS342_10,,,
10639584/1,20008537,3,304,Land Mobile,Land Mobile System - > 30MHz,2026-06-24,2026-06-24,2027-07-15,1,Granted,10640644,20038343_LMS_RIC112_resub,,,
10645071/2,1147832,3,304,Land Mobile,Land Mobile System - > 30MHz,2026-04-29,2026-04-29,2027-05-06,1,Granted,11367356,20011258_NX603_1,,,
10645074/2,1147832,3,304,Land Mobile,Land Mobile System - > 30MHz,2026-04-29,2026-04-29,2027-05-06,1,Granted,11367357,20011258_NX603_2,,,
10645075/2,1147832,3,304,Land Mobile,Land Mobile System - > 30MHz,2026-04-29,2026-04-29,2027-05-06,1,Granted,11367358,20011258_NX603_3,,,
10645078/2,1147832,3,304,Land Mobile,Land Mobile System - > 30MHz,2026-04-29,2026-04-29,2027-05-06,1,Granted,11367360,20011258_NX603_4,,,
10645079/2,1147832,3,304,Land Mobile,Land Mobile System - > 30MHz,2026-04-29,2026-04-29,2027-05-06,1,Granted,11367363,20011258_NX603_5,,,
10645080/2,1147832,3,304,Land Mobile,Land Mobile System - > 30MHz,2026-04-29,2026-04-29,2027-05-06,1,Granted,11367364,20011258_NX603_6,,,
10648438/1,521072,3,304,Land Mobile,Land Mobile System - > 30MHz,2025-08-29,2025-08-29,2026-09-30,1,Granted,10649508,20016317_JSMFAC5189,,,
10655900/1,86206,2,203,Fixed,Point to Point,2026-03-30,2026-03-30,2027-03-01,1,Granted,10656324,1148302_App_Sub_001443,,,
10660717/1,58050,2,203,Fixed,Point to Point,2026-04-20,2026-04-20,2027-05-04,1,Granted,10661032,1148302_App_Sub_001515,,,
10660718/1,58050,2,203,Fixed,Point to Point,2026-04-20,2026-04-20,2027-05-04,1,Granted,10661033,1148302_App_Sub_001515,,,
10665518/1,58050,5,502,Maritime Coast,Limited Coast Marine Rescue,2026-04-20,2026-04-20,2027-05-04,1,Granted,10668123,20016317_JSMFAC5373,,,
106702/1,53733,3,303,Land Mobile,CBRS Repeater,2026-08-12,2026-08-12,2027-09-12,1,Granted,9811640,,,,
10672194/1,51920,3,304,Land Mobile,Land Mobile System - > 30MHz,2026-07-24,2026-07-24,2027-07-26,1,Granted,10672194,20038343_LMS_KCM25,,,
106735/1,53823,3,304,Land Mobile,Land Mobile System - > 30MHz,2026-02-06,2026-02-06,2027-02-14,1,Granted,9665746,,,,
10679232/1,1147832,3,304,Land Mobile,Land Mobile System - > 30MHz,2026-04-29,2026-04-29,2027-05-06,1,Granted,10680067,20038343_RCS354_1,,,
10679234/1,1147832,3,304,Land Mobile,Land Mobile System - > 30MHz,2026-04-29,2026-04-29,2027-05-06,1,Granted,10680069,20038343_RCS354_2,,,
10679236/1,1147832,3,304,Land Mobile,Land Mobile System - > 30MHz,2026-04-29,2026-04-29,2027-05-06,1,Granted,10680071,20038343_RCS354_3,,,
10679237/1,1147832,3,304,Land Mobile,Land Mobile System - > 30MHz,2026-04-29,2026-04-29,2027-05-06,1,Granted,10680072,20038343_RCS354_4,,,
10680101/1,75345,3,304,Land Mobile,Land Mobile System - > 30MHz,2025-09-17,2025-09-17,2026-10-26,1,Granted,10680539,20038343_LMS_PC547,,,
10685440/1,20041030,3,304,Land Mobile,Land Mobile System - > 30MHz,2026-08-10,2026-08-10,2027-08-08,1,Granted,10685756,20038343_LMS_GD553,,,
10697814/2,1140609,3,304,Land Mobile,Land Mobile System - > 30MHz,2026-08-12,2026-08-12,2027-08-13,1,Granted,12244847,1130096_GM163Aa,,,
10697815/2,1140609,3,304,Land Mobile,Land Mobile System - > 30MHz,2026-08-12,2026-08-12,2027-08-13,1,Granted,12244848,1130096_GM163B,,,
106992/1,54167,5,502,Maritime Coast,Limited Coast Marine Rescue,2026-01-11,2026-01-11,2027-02-20,1,Granted,9633844,,,,
10724672/1,20039815,3,304,Land Mobile,Land Mobile System - > 30MHz,2026-02-20,2026-02-20,2027-03-23,1,Granted,10725724,20038343_LMS_RCS359,,,
10729779/1,20008537,3,304,Land Mobile,Land Mobile System - > 30MHz,2026-06-24,2026-06-24,2027-07-15,1,Granted,10729991,20038343_LMS_RIC117,,,
10731183/1,75345,2,203,Fixed,Point to Point,2025-09-02,2025-09-02,2026-09-11,1,Granted,10731557,20038343_P2P_PC548_1,,,
10732250/1,20004872,3,307,Land Mobile,Paging System - Exterior,2026-04-24,2026-04-24,2027-04-30,1,Granted,10732736,20038343_Ext_Paging_GD567,,,
10732652/1,20017363,2,203,Fixed,Point to Point,2026-08-09,2026-08-09,2027-09-17,1,Granted,10732871,20029601_APP_OP-50626-50627,,,
10732653/2,20017363,2,203,Fixed,Point to Point,2026-08-09,2026-08-09,2027-09-17,1,Granted,12451632,20029601_APP_OP-01403,,,
10734699/1,1144573,3,304,Land Mobile,Land Mobile System - > 30MHz,2026-06-12,2026-06-12,2027-06-18,1,Granted,10734727,1130096_SC910A,,,
10734702/1,1144573,3,304,Land Mobile,Land Mobile System - > 30MHz,2026-06-12,2026-06-12,2027-06-18,1,Granted,10734728,1130096_SC910E,,,
10734703/1,1144573,3,304,Land Mobile,Land Mobile System - > 30MHz,2026-06-12,2026-06-12,2027-06-18,1,Granted,10734729,1130096_SC910B,,,
10734704/1,1144573,3,304,Land Mobile,Land Mobile System - > 30MHz,2026-06-12,2026-06-12,2027-06-18,1,Granted,10734730,1130096_SC910F,,,
10734705/1,1144573,3,304,Land Mobile,Land Mobile System - > 30MHz,2026-06-12,2026-06-12,2027-06-18,1,Granted,10734732,1130096_SC910C,,,
10734706/1,1144573,3,304,Land Mobile,Land Mobile System - > 30MHz,2026-06-12,2026-06-12,2027-06-18,1,Granted,10734733,1130096_SC910D,,,
10749678/2,8129031,2,203,Fixed,Point to Point,2026-04-22,2026-04-22,2027-05-31,1,Granted,11775895,20006728_NBN_ptpt_4BIL_VAR3_120922,,,
10750398/1,20008537,3,304,Land Mobile,Land Mobile System - > 30MHz,2026-06-24,2026-06-24,2027-07-15,1,Granted,10750398,1143026_RIC118,,,
10757259/1,1401916,2,203,Fixed,Point to Point,2026-08-24,2026-08-24,2027-09-30,1,Granted,10757967,20016317_JSMFAC5886,,,
10762508/1,521072,2,203,Fixed,Point to Point,2025-08-29,2025-08-29,2026-09-30,1,Granted,10762803,20016317_JSMFAC5920,,,
10763265/1,1149151,3,304,Land Mobile,Land Mobile System - > 30MHz,2026-05-25,2026-05-25,2027-05-31,1,Granted,10764748,20038343_QR54_1,,,
10763355/1,1149151,3,304,Land Mobile,Land Mobile System - > 30MHz,2026-05-25,2026-05-25,2027-05-31,1,Granted,10764749,20038343_QR54_2,,,
10763436/1,1149151,3,304,Land Mobile,Land Mobile System - > 30MHz,2026-05-25,2026-05-25,2027-05-31,1,Granted,10764750,20038343_QR54_3,,,
10764860/1,1149151,3,304,Land Mobile,Land Mobile System - > 30MHz,2026-05-25,2026-05-25,2027-05-31,1,Granted,10764860,20038343_QR54_4,,,
10774613/1,1144435,2,200,Fixed,Point to Multipoint,2026-03-19,2026-03-19,2027-03-17,1,Granted,10775210,20011258_SEQ04_1,,,
10774614/1,1144435,2,200,Fixed,Point to Multipoint,2026-03-19,2026-03-19,2027-03-17,1,Granted,10775211,20011258_SEQ04_2,,,
10774615/1,1144435,2,200,Fixed,Point to Multipoint,2026-03-19,2026-03-19,2027-03-17,1,Granted,10775212,20011258_SEQ04_3,,,
10774616/1,1144435,2,200,Fixed,Point to Multipoint,2026-03-19,2026-03-19,2027-03-17,1,Granted,10775213,20011258_SEQ04_4,,,
10774617/1,1144435,2,200,Fixed,Point to Multipoint,2026-03-19,2026-03-19,2027-03-17,1,Granted,10775214,20011258_SEQ04_5,,,
10775742/1,1144435,2,200,Fixed,Point to Multipoint,2026-03-19,2026-03-19,2027-03-17,1,Granted,10775974,20011258_SEQ04_6,,,
10775743/1,1144435,2,200,Fixed,Point to Multipoint,2026-03-19,2026-03-19,2027-03-17,1,Granted,10775975,20011258_SEQ04_7,,,
10775744/1,1144435,2,200,Fixed,Point to Multipoint,2026-03-19,2026-03-19,2027-03-17,1,Granted,10775976,20011258_SEQ04_8,,,
10775745/1,1144435,2,200,Fixed,Point to Multipoint,2026-03-19,2026-03-19,2027-03-17,1,Granted,10775977,20011258_SEQ04_9,,,
10775746/1,1144435,2,200,Fixed,Point to Multipoint,2026-03-19,2026-03-19,2027-03-17,1,Granted,10775978,20011258_SEQ04_10,,,
10775747/1,1144435,2,200,Fixed,Point to Multipoint,2026-03-19,2026-03-19,2027-03-17,1,Granted,10775979,20011258_SEQ04_11,,,
10775748/1,1144435,2,200,Fixed,Point to Multipoint,2026-03-19,2026-03-19,2027-03-17,1,Granted,10775980,20011258_SEQ04_12,,,
10775749/1,1144435,2,200,Fixed,Point to Multipoint,2026-03-19,2026-03-19,2027-03-17,1,Granted,10775981,20011258_SEQ04_13,,,
10775750/1,1144435,2,200,Fixed,Point to Multipoint,2026-03-19,2026-03-19,2027-03-17,1,Granted,10775982,20011258_SEQ04_14,,,
10775751/1,1144435,2,200,Fixed,Point to Multipoint,2026-03-19,2026-03-19,2027-03-17,1,Granted,10775983,20011258_SEQ04_15,,,
10775752/1,1144435,2,200,Fixed,Point to Multipoint,2026-03-19,2026-03-19,2027-03-17,1,Granted,10775984,20011258_SEQ04_16,,,
10775753/1,1144435,2,200,Fixed,Point to Multipoint,2026-03-19,2026-03-19,2027-03-17,1,Granted,10775985,20011258_SEQ04_17,,,
10775754/1,1144435,2,200,Fixed,Point to Multipoint,2026-03-19,2026-03-19,2027-03-17,1,Granted,10775986,20011258_SEQ04_18,,,
10775755/1,1144435,2,200,Fixed,Point to Multipoint,2026-03-19,2026-03-19,2027-03-17,1,Granted,10775987,20011258_SEQ04_19,,,
10775756/1,1144435,2,200,Fixed,Point to Multipoint,2026-03-19,2026-03-19,2027-03-17,1,Granted,10775988,20011258_SEQ04_20,,,
10775757/1,1144435,2,200,Fixed,Point to Multipoint,2026-03-19,2026-03-19,2027-03-17,1,Granted,10775989,20011258_SEQ04_21,,,
10775758/1,1144435,2,200,Fixed,Point to Multipoint,2026-03-19,2026-03-19,2027-03-17,1,Granted,10775990,20011258_SEQ04_22,,,
10838924/1,20042158,3,304,Land Mobile,Land Mobile System - > 30MHz,2025-11-10,2025-11-10,2026-12-03,1,Granted,10840011,20038343_LMS_RIC121,,,
108453/1,1144665,3,304,Land Mobile,Land Mobile System - > 30MHz,2025-06-25,2025-06-25,2026-06-30,10,Expired,9665786,,,,
10890528/1,521072,2,203,Fixed,Point to Point,2025-08-29,2025-08-29,2026-09-30,1,Granted,10890534,20016317_JSMFAC6167,,,
10890529/1,521072,2,203,Fixed,Point to Point,2025-08-29,2025-08-29,2026-09-30,1,Granted,10890535,20016317_JSMFAC6167,,,
10890999/1,20017363,2,203,Fixed,Point to Point,2025-11-29,2025-11-29,2027-01-07,1,Granted,10891041,20029601_B0866-B0525_8G59M,,,
10891000/1,20017363,2,203,Fixed,Point to Point,2025-11-29,2025-11-29,2027-01-07,1,Granted,10891042,20029601_B0866-B0525_8G59M,,,
10893623/1,58050,2,203,Fixed,Point to Point,2026-04-20,2026-04-20,2027-05-04,1,Granted,10893660,20016317_JSMFAC6202,,,
10893925/1,420540,2,200,Fixed,Point to Multipoint,2026-01-15,2026-01-15,2027-01-18,1,Granted,10893963,20016317_JSMFAC6187,,,
10895435/1,51920,2,203,Fixed,Point to Point,2026-07-24,2026-07-24,2027-07-26,1,Granted,10895443,20038343_P2P_KCM27_3,,,
10899830/1,1170013,3,304,Land Mobile,Land Mobile System - > 30MHz,2026-02-19,2026-02-19,2027-02-17,1,Granted,10899863,20025735_190517_03_of_03,,,
10899831/1,1170013,3,304,Land Mobile,Land Mobile System - > 30MHz,2026-02-19,2026-02-19,2027-02-17,1,Granted,10899864,20025735_190517_02_of_03,,,
10899836/1,1170013,3,304,Land Mobile,Land Mobile System - > 30MHz,2026-02-19,2026-02-19,2027-02-17,1,Granted,10899866,20025735_190517_01_of_03,,,
10900816/1,1149151,3,304,Land Mobile,Land Mobile System - > 30MHz,2026-05-25,2026-05-25,2027-05-31,1,Granted,10901214,20038343_QR56_6,,,
10900818/1,1149151,3,304,Land Mobile,Land Mobile System - > 30MHz,2026-05-25,2026-05-25,2027-05-31,1,Granted,10901216,20038343_QR56_7,,,
10900847/1,1149151,3,304,Land Mobile,Land Mobile System - > 30MHz,2026-05-25,2026-05-25,2027-05-31,1,Granted,10901266,20038343_QR56_8,,,
10901615/1,549255,5,501,Maritime Coast,Limited Coast Assigned System,2026-01-27,2026-01-27,2027-03-08,1,Granted,10901675,20038343_ME210_1,,,
10901638/1,549255,5,501,Maritime Coast,Limited Coast Assigned System,2026-01-27,2026-01-27,2027-03-08,1,Granted,10901910,20038343_ME210_2,,,
10903288/1,82694,3,304,Land Mobile,Land Mobile System - > 30MHz,2025-11-26,2025-11-26,2026-12-01,1,Granted,10903398,1148302_App_Sub_003344,,,
10903289/1,82694,3,304,Land Mobile,Land Mobile System - > 30MHz,2025-11-26,2025-11-26,2026-12-01,1,Granted,10903399,1148302_App_Sub_003344,,,
10903290/1,82694,3,304,Land Mobile,Land Mobile System - > 30MHz,2025-11-26,2025-11-26,2026-12-01,1,Granted,10903400,1148302_App_Sub_003344,,,
10903291/1,82694,3,304,Land Mobile,Land Mobile System - > 30MHz,2025-11-26,2025-11-26,2026-12-01,1,Granted,10903401,1148302_App_Sub_003344,,,
10903292/1,82694,3,304,Land Mobile,Land Mobile System - > 30MHz,2025-11-26,2025-11-26,2026-12-01,1,Granted,10903402,1148302_App_Sub_003344,,,
10903293/1,82694,3,304,Land Mobile,Land Mobile System - > 30MHz,2025-11-26,2025-11-26,2026-12-01,1,Granted,10903403,1148302_App_Sub_003344,,,
10903294/1,82694,3,304,Land Mobile,Land Mobile System - > 30MHz,2025-11-26,2025-11-26,2026-12-01,1,Granted,10903404,1148302_App_Sub_003344,,,
10903295/1,82694,3,304,Land Mobile,Land Mobile System - > 30MHz,2025-11-26,2025-11-26,2026-12-01,1,Granted,10903405,1148302_App_Sub_003344,,,
10903296/1,82694,3,304,Land Mobile,Land Mobile System - > 30MHz,2025-11-26,2025-11-26,2026-12-01,1,Granted,10903406,1148302_App_Sub_003344,,,
10903297/1,82694,3,304,Land Mobile,Land Mobile System - > 30MHz,2025-11-26,2025-11-26,2026-12-01,1,Granted,10903407,1148302_App_Sub_003344,,,
10903298/1,82694,3,304,Land Mobile,Land Mobile System - > 30MHz,2025-11-26,2025-11-26,2026-12-01,1,Granted,10903408,1148302_App_Sub_003344,,,
10903299/1,82694,3,304,Land Mobile,Land Mobile System - > 30MHz,2025-11-26,2025-11-26,2026-12-01,1,Granted,10903409,1148302_App_Sub_003344,,,
10903300/1,82694,3,304,Land Mobile,Land Mobile System - > 30MHz,2025-11-26,2025-11-26,2026-12-01,1,Granted,10903410,1148302_App_Sub_003344,,,
10903301/1,82694,3,304,Land Mobile,Land Mobile System - > 30MHz,2025-11-26,2025-11-26,2026-12-01,1,Granted,10903411,1148302_App_Sub_003344,,,
10903302/1,82694,3,304,Land Mobile,Land Mobile System - > 30MHz,2025-11-26,2025-11-26,2026-12-01,1,Granted,10903412,1148302_App_Sub_003344,,,
10903303/1,82694,3,304,Land Mobile,Land Mobile System - > 30MHz,2025-11-26,2025-11-26,2026-12-01,1,Granted,10903413,1148302_App_Sub_003344,,,
10903304/1,82694,3,304,Land Mobile,Land Mobile System - > 30MHz,2025-11-26,2025-11-26,2026-12-01,1,Granted,10903414,1148302_App_Sub_003344,,,
10903305/1,82694,3,304,Land Mobile,Land Mobile System - > 30MHz,2025-11-26,2025-11-26,2026-12-01,1,Granted,10903415,1148302_App_Sub_003344,,,
10903306/1,82694,3,304,Land Mobile,Land Mobile System - > 30MHz,2025-11-26,2025-11-26,2026-12-01,1,Granted,10903416,1148302_App_Sub_003344,,,
10903307/1,82694,3,304,Land Mobile,Land Mobile System - > 30MHz,2025-11-26,2025-11-26,2026-12-01,1,Granted,10903417,1148302_App_Sub_003344,,,
10903308/1,82694,3,304,Land Mobile,Land Mobile System - > 30MHz,2025-11-26,2025-11-26,2026-12-01,1,Granted,10903418,1148302_App_Sub_003344,,,
10903309/1,82694,3,304,Land Mobile,Land Mobile System - > 30MHz,2025-11-26,2025-11-26,2026-12-01,1,Granted,10903419,1148302_App_Sub_003344,,,
10903310/1,82694,3,304,Land Mobile,Land Mobile System - > 30MHz,2025-11-26,2025-11-26,2026-12-01,1,Granted,10903420,1148302_App_Sub_003344,,,
10903311/1,82694,3,304,Land Mobile,Land Mobile System - > 30MHz,2025-11-26,2025-11-26,2026-12-01,1,Granted,10903421,1148302_App_Sub_003344,,,
10903312/1,82694,3,304,Land Mobile,Land Mobile System - > 30MHz,2025-11-26,2025-11-26,2026-12-01,1,Granted,10903422,1148302_App_Sub_003344,,,
10903313/1,82694,3,304,Land Mobile,Land Mobile System - > 30MHz,2025-11-26,2025-11-26,2026-12-01,1,Granted,10903423,1148302_App_Sub_003344,,,
10903314/1,82694,3,304,Land Mobile,Land Mobile System - > 30MHz,2025-11-26,2025-11-26,2026-12-01,1,Granted,10903424,1148302_App_Sub_003344,,,
10903315/1,82694,3,304,Land Mobile,Land Mobile System - > 30MHz,2025-11-26,2025-11-26,2026-12-01,1,Granted,10903425,1148302_App_Sub_003344,,,
10903316/1,82694,3,304,Land Mobile,Land Mobile System - > 30MHz,2025-11-26,2025-11-26,2026-12-01,1,Granted,10903427,1148302_App_Sub_003344,,,
10903317/1,82694,3,304,Land Mobile,Land Mobile System - > 30MHz,2025-11-26,2025-11-26,2026-12-01,1,Granted,10903428,1148302_App_Sub_003344,,,
10903318/1,82694,3,304,Land Mobile,Land Mobile System - > 30MHz,2025-11-26,2025-11-26,2026-12-01,1,Granted,10903429,1148302_App_Sub_003344,,,
10903319/1,82694,3,304,Land Mobile,Land Mobile System - > 30MHz,2025-11-26,2025-11-26,2026-12-01,1,Granted,10903430,1148302_App_Sub_003344,,,
109050/2,20052834,3,304,Land Mobile,Land Mobile System - > 30MHz,2025-10-20,2025-10-20,2026-11-25,1,Granted,11780482,,,,
10906728/1,85149,3,304,Land Mobile,Land Mobile System - > 30MHz,2026-01-27,2026-01-27,2027-02-01,1,Granted,10906783,1148302_App_Sub_003420,,,
10906729/1,85149,3,304,Land Mobile,Land Mobile System - > 30MHz,2026-01-27,2026-01-27,2027-02-01,1,Granted,10906784,1148302_App_Sub_003420,,,
10906730/1,85149,3,304,Land Mobile,Land Mobile System - > 30MHz,2026-01-27,2026-01-27,2027-02-01,1,Granted,10906785,1148302_App_Sub_003420,,,
10906731/1,85149,3,304,Land Mobile,Land Mobile System - > 30MHz,2026-01-27,2026-01-27,2027-02-01,1,Granted,10906786,1148302_App_Sub_003420,,,
10914942,20053843,85,861,Spectrum,3.4 GHz Band,2025-11-28,2020-03-30,2030-12-13,1,Granted,,,,,
10917409/1,20053835,2,203,Fixed,Point to Point,2026-04-11,2026-04-11,2028-05-19,1,Granted,10917446,1148302_App_Sub_003596,,,
10917462,1103276,85,861,Spectrum,3.4 GHz Band,2024-08-09,2020-03-30,2030-12-13,1,Granted,,,,,
10917464,20037707,85,861,Spectrum,3.4 GHz Band,2022-02-03,2020-03-30,2030-12-13,1,Granted,,,,,
10920093/1,1480691,2,203,Fixed,Point to Point,2026-03-02,2026-03-02,2027-03-13,1,Granted,10920538,20038343_P2P_RCS371_3,,,
10936533/1,20017363,2,203,Fixed,Point to Point,2026-03-05,2026-03-05,2027-04-13,1,Granted,10936890,20029601_APP_OP-48771,,,
10941867/1,20021546,2,203,Fixed,Point to Point,2026-04-16,2026-04-16,2027-04-30,1,Granted,10941971,1103264_DB1537L1A,,,
10941925/1,20021546,2,203,Fixed,Point to Point,2026-04-16,2026-04-16,2027-04-30,1,Granted,10941972,1103264_DB1537L1B,,,
10941926/2,20021546,2,203,Fixed,Point to Point,2026-04-16,2026-04-16,2027-04-30,1,Granted,11137651,1103264_DB1644L2A,,,
10941928/2,20021546,2,203,Fixed,Point to Point,2026-04-16,2026-04-16,2027-04-30,1,Granted,11137652,1103264_DB1644L2B,,,
109420/2,20066114,3,304,Land Mobile,Land Mobile System - > 30MHz,2026-02-12,2026-02-12,2027-02-13,1,Granted,12932883,,,,
10953818/1,71963,2,200,Fixed,Point to Multipoint,2026-05-01,2026-05-01,2027-05-10,1,Granted,10953974,20038343_PMP_MST579,,,
10954033/1,435100,2,200,Fixed,Point to Multipoint,2025-09-12,2025-09-12,2026-09-23,1,Granted,10954148,1148302_App_Sub_005003,,,
10954034/1,435100,2,200,Fixed,Point to Multipoint,2025-09-12,2025-09-12,2026-09-23,1,Granted,10954149,1148302_App_Sub_005003,,,
10955781/1,20017363,2,203,Fixed,Point to Point,2026-04-03,2026-04-03,2027-05-12,1,Granted,10955809,20029601_APP_OP-48873,,,
10962752/1,20036656,3,304,Land Mobile,Land Mobile System - > 30MHz,2026-05-25,2026-05-25,2027-05-31,1,Granted,10963938,20011258_QR64,,,
10964021/1,107618,2,203,Fixed,Point to Point,2025-10-17,2025-10-17,2026-10-07,1,Granted,10964145,1148302_App_Sub_005118,,,
10964027/1,107618,2,203,Fixed,Point to Point,2025-10-17,2025-10-17,2026-10-07,1,Granted,10964126,1148302_App_Sub_005119,,,
10964566/1,435100,2,200,Fixed,Point to Multipoint,2025-09-12,2025-09-12,2026-09-23,1,Granted,10964692,1148302_App_Sub_005137,,,
10967417/2,85946,2,203,Fixed,Point to Point,2025-12-10,2025-12-10,2026-12-09,1,Granted,11985083,1148302_App_Sub_005155,,,
10969506/1,1401916,3,304,Land Mobile,Land Mobile System - > 30MHz,2026-08-24,2026-08-24,2027-09-30,1,Granted,10970512,20016317_JSMFAC6857,,,
10975238/1,82694,2,203,Fixed,Point to Point,2025-11-26,2025-11-26,2026-12-01,1,Granted,10975311,1148302_App_Sub_005263,,,
10981081/3,1148961,2,203,Fixed,Point to Point,2026-05-18,2026-05-18,2027-05-26,1,Granted,12928136,20016317_JSMFAC15607,,,
10985079/3,46975,3,304,Land Mobile,Land Mobile System - > 30MHz,2026-08-17,2026-08-17,2027-09-19,1,Granted,12186354,20034122_2023_09_19_RG_Land_Mobile_Greenbank,,,
10985082/3,46975,3,304,Land Mobile,Land Mobile System - > 30MHz,2026-08-17,2026-08-17,2027-09-19,1,Granted,12186353,20034122_2023_09_19_RG_Land_Mobile_Canungra_1,,,
10985084/3,46975,3,304,Land Mobile,Land Mobile System - > 30MHz,2026-08-17,2026-08-17,2027-09-19,1,Granted,11675888,20034122_2022_05_20_RG_Land_Mobile_Canungra_2,,,
10985123/2,46975,3,304,Land Mobile,Land Mobile System - > 30MHz,2026-08-17,2026-08-17,2027-09-19,1,Granted,11808794,20034122_2022_10_13_RG_Land_Mobile_Enoggera,,,
11006553/1,1401916,2,203,Fixed,Point to Point,2026-08-24,2026-08-24,2027-09-30,1,Granted,11011002,20016317_JSMFAC7146,,,
1100992/1,20015983,3,304,Land Mobile,Land Mobile System - > 30MHz,2026-04-13,2026-04-13,2027-05-07,1,Granted,9688461,,,,
1101111/1,85313,3,304,Land Mobile,Land Mobile System - > 30MHz,2026-06-11,2026-06-11,2027-06-28,1,Granted,9688477,,,,
1101293/1,514483,3,304,Land Mobile,Land Mobile System - > 30MHz,2025-12-01,2025-12-01,2026-12-13,1,Granted,9688481,,,,
1101829/1,87965,3,304,Land Mobile,Land Mobile System - > 30MHz,2026-05-26,2026-05-26,2027-06-15,1,Granted,9688526,,,,
11018668/1,20017363,2,203,Fixed,Point to Point,2026-08-06,2026-08-06,2027-09-14,1,Granted,11018749,20029601_APP_OP-49087-49088,,,
11018669/1,20017363,2,203,Fixed,Point to Point,2026-08-06,2026-08-06,2027-09-14,1,Granted,11018750,20029601_APP_OP-49087-49088,,,
110389/1,107618,3,304,Land Mobile,Land Mobile System - > 30MHz,2025-10-17,2025-10-17,2026-10-07,1,Granted,9808633,,,,
11049542/5,58075,2,203,Fixed,Point to Point,2026-04-14,2026-04-14,2027-04-14,1,Granted,12294813,20054753_Vary_7GHz_CTL232,,,
1106682/2,1149151,2,203,Fixed,Point to Point,2026-05-25,2026-05-25,2027-05-31,1,Granted,10057019,,,,
1106684/2,1149151,2,203,Fixed,Point to Point,2026-05-25,2026-05-25,2027-05-31,1,Granted,10057020,,,,
1106689/2,1149151,2,203,Fixed,Point to Point,2026-05-25,2026-05-25,2027-05-31,1,Granted,10057021,,,,
1106706/3,1149151,2,203,Fixed,Point to Point,2026-05-25,2026-05-25,2027-05-31,1,Granted,11440171,20038343_vary_6GHz_P2P_QR84_6,,,
1106708/3,1149151,2,203,Fixed,Point to Point,2026-05-25,2026-05-25,2027-05-31,1,Granted,11440168,20038343_vary_6GHz_P2P_QR84_3,,,
1106710/3,1149151,2,203,Fixed,Point to Point,2026-05-25,2026-05-25,2027-05-31,1,Granted,11440170,20038343_vary_6GHz_P2P_QR84_5,,,
1106712/3,1149151,2,203,Fixed,Point to Point,2026-05-25,2026-05-25,2027-05-31,1,Granted,11439695,20038343_vary_6GHz_P2P_QR84_2,,,
1106714/3,1149151,2,203,Fixed,Point to Point,2026-05-25,2026-05-25,2027-05-31,1,Granted,11439697,20038343_vary_6GHz_P2P_QR84_4,,,
1106716/3,1149151,2,203,Fixed,Point to Point,2026-05-25,2026-05-25,2027-05-31,1,Granted,11439688,20038343_vary_6GHz_P2P_QR84_1,,,
11080949/1,521072,2,203,Fixed,Point to Point,2025-08-29,2025-08-29,2026-09-30,1,Granted,11093983,20016317_JSMFAC7248,,,
11127917/1,20015983,3,304,Land Mobile,Land Mobile System - > 30MHz,2025-11-04,2025-11-04,2026-12-10,1,Granted,11128214,1144246_VIVA_LMR,,,
11129440/1,20017363,2,203,Fixed,Point to Point,2025-09-02,2025-09-02,2026-10-11,1,Granted,11129858,20029601_APP_OP-49173-49174,,,
11129441/1,20017363,2,203,Fixed,Point to Point,2025-09-02,2025-09-02,2026-10-11,1,Granted,11129859,20029601_APP_OP-49173-49174,,,
11129904/1,1316295,2,203,Fixed,Point to Point,2025-10-27,2025-10-27,2026-10-26,1,Granted,11129919,1148302_App_Sub_005865,,,
11132212/1,20031385,2,200,Fixed,Point to Multipoint,2025-09-16,2025-09-16,2026-10-19,1,Granted,11132226,1148302_App_Sub_005876,,,
11133494/1,1401916,2,203,Fixed,Point to Point,2026-08-24,2026-08-24,2027-09-30,1,Granted,11133537,20016317_JSMFAC7324,,,
11141588/2,46975,3,304,Land Mobile,Land Mobile System - > 30MHz,2026-08-17,2026-08-17,2027-09-19,1,Granted,11655178,20034122_2022_04_29_RG_Land_Mobile_Cowley_Beach,,,
11141942/1,20039794,2,201,Fixed,Point to Multipoint - Land Mobile Spec,2025-11-07,2025-11-07,2026-11-01,1,Granted,11142021,20012911_MW121020-1,,,
11141944/1,20039794,2,201,Fixed,Point to Multipoint - Land Mobile Spec,2025-11-07,2025-11-07,2026-11-01,1,Granted,11142022,20012911_MW121020-2,,,
11141945/1,20039794,2,201,Fixed,Point to Multipoint - Land Mobile Spec,2025-11-07,2025-11-07,2026-11-01,1,Granted,11142023,20012911_MW121020-3,,,
11141946/1,20039794,2,201,Fixed,Point to Multipoint - Land Mobile Spec,2025-11-07,2025-11-07,2026-11-01,1,Granted,11142024,20012911_MW121020-4,,,
11141947/1,20039794,2,201,Fixed,Point to Multipoint - Land Mobile Spec,2025-11-07,2025-11-07,2026-11-01,1,Granted,11142025,20012911_MW121020-5,,,
11141950/1,20039794,2,201,Fixed,Point to Multipoint - Land Mobile Spec,2025-11-07,2025-11-07,2026-11-01,1,Granted,11142028,20012911_MW121020-6,,,
111428/1,58050,2,203,Fixed,Point to Point,2026-04-20,2026-04-20,2027-05-04,1,Granted,9675453,,,,
11143277/3,46975,3,304,Land Mobile,Land Mobile System - > 30MHz,2026-08-17,2026-08-17,2027-09-19,1,Granted,11692897,20034122_2022_06_14_RG_Land_Mobile_Wide_Bay,,,
111452/1,58050,2,203,Fixed,Point to Point,2026-04-20,2026-04-20,2027-05-04,1,Granted,9675455,,,,
11145542/1,75345,2,203,Fixed,Point to Point,2025-09-26,2025-09-26,2026-10-01,1,Granted,11145668,20038343_11GHz_P2P_PC574,,,
111457/1,58050,2,203,Fixed,Point to Point,2026-04-20,2026-04-20,2027-05-04,1,Granted,9675462,,,,
11145816/1,75345,2,203,Fixed,Point to Point,2025-09-26,2025-09-26,2026-10-01,1,Granted,11145919,20038343_11GHz_P2P_PC575_B,,,
11145821/1,75345,2,203,Fixed,Point to Point,2025-09-26,2025-09-26,2026-10-01,1,Granted,11145922,20038343_11GHz_P2P_PC575_E,,,
11147089/2,46975,3,304,Land Mobile,Land Mobile System - > 30MHz,2026-08-17,2026-08-17,2027-09-19,1,Granted,11692893,20034122_2022_06_14_RG_Land_Mobile_Tully,,,
11152669/1,20036601,3,304,Land Mobile,Land Mobile System - > 30MHz,2026-01-23,2026-01-23,2027-02-02,1,Granted,11152687,1130096_SC1013,,,
11152673/3,46975,3,304,Land Mobile,Land Mobile System - > 30MHz,2026-08-17,2026-08-17,2027-09-19,1,Granted,12075921,20034122_2023_06_07_RG_Land_Mobile_Townsville_Field_1_ModifiedDMR,,,
11152680/3,46975,3,304,Land Mobile,Land Mobile System - > 30MHz,2026-08-17,2026-08-17,2027-09-19,1,Granted,12075922,20034122_2023_06_07_RG_Land_Mobile_Townsville_Field_2_ModifiedDMR,,,
11154751/5,46975,3,304,Land Mobile,Land Mobile System - > 30MHz,2026-08-17,2026-08-17,2027-09-19,1,Granted,12119281,20034122_2023_07_07_RG_Land_Mobile_Mt_Stuart_Mt_Migloo,,,
111555/1,58050,2,203,Fixed,Point to Point,2026-04-20,2026-04-20,2027-05-04,1,Granted,9675469,,,,
11161573/3,20017363,2,203,Fixed,Point to Point,2025-10-18,2025-10-18,2026-11-26,1,Granted,11277200,20029601_APP_OP-00298-00299,,,
11161574/3,20017363,2,203,Fixed,Point to Point,2025-10-18,2025-10-18,2026-11-26,1,Granted,11277201,20029601_APP_OP-00298-00299,,,
11162385/1,439072,3,304,Land Mobile,Land Mobile System - > 30MHz,2026-03-17,2026-03-17,2027-03-23,1,Granted,11162414,20038343_LMS_RCS389_15,,,
11163222/1,439072,3,304,Land Mobile,Land Mobile System - > 30MHz,2026-03-17,2026-03-17,2027-03-23,1,Granted,11163249,20038343_LMS_RCS389_1,,,
11163224/1,439072,3,304,Land Mobile,Land Mobile System - > 30MHz,2026-03-17,2026-03-17,2027-03-23,1,Granted,11163250,20038343_LMS_RCS389_2,,,
11163226/1,439072,3,304,Land Mobile,Land Mobile System - > 30MHz,2026-03-17,2026-03-17,2027-03-23,1,Granted,11163252,20038343_LMS_RCS389_3,,,
11163228/2,439072,3,304,Land Mobile,Land Mobile System - > 30MHz,2026-03-17,2026-03-17,2027-03-23,1,Granted,11169344,20038343_vary_LMS_RCS389_southern,,,
11163229/1,439072,3,304,Land Mobile,Land Mobile System - > 30MHz,2026-03-17,2026-03-17,2027-03-23,1,Granted,11163254,20038343_LMS_RCS389_5,,,
11163251/1,439072,3,304,Land Mobile,Land Mobile System - > 30MHz,2026-03-17,2026-03-17,2027-03-23,1,Granted,11163288,20038343_LMS_RCS389_6,,,
11163256/1,439072,3,304,Land Mobile,Land Mobile System - > 30MHz,2026-03-17,2026-03-17,2027-03-23,1,Granted,11163290,20038343_LMS_RCS389_7,,,
11163258/1,439072,3,304,Land Mobile,Land Mobile System - > 30MHz,2026-03-17,2026-03-17,2027-03-23,1,Granted,11163292,20038343_LMS_RCS389_8,,,
11163260/1,439072,3,304,Land Mobile,Land Mobile System - > 30MHz,2026-03-17,2026-03-17,2027-03-23,1,Granted,11163293,20038343_LMS_RCS389_9,,,
11163262/3,439082,3,304,Land Mobile,Land Mobile System - > 30MHz,2026-03-17,2026-03-17,2027-03-23,1,Granted,11274516,20011258_RCS400_27_vary,,,
11163266/1,439072,3,304,Land Mobile,Land Mobile System - > 30MHz,2026-03-17,2026-03-17,2027-03-23,1,Granted,11163295,20038343_LMS_RCS389_11,,,
11163267/1,439072,3,304,Land Mobile,Land Mobile System - > 30MHz,2026-03-17,2026-03-17,2027-03-23,1,Granted,11163296,20038343_LMS_RCS389_12,,,
11163268/1,439072,3,304,Land Mobile,Land Mobile System - > 30MHz,2026-03-17,2026-03-17,2027-03-23,1,Granted,11163297,20038343_LMS_RCS389_13,,,
11163269/1,439072,3,304,Land Mobile,Land Mobile System - > 30MHz,2026-03-17,2026-03-17,2027-03-23,1,Granted,11163298,20038343_LMS_RCS389_14,,,
11165505/1,435100,2,200,Fixed,Point to Multipoint,2025-09-12,2025-09-12,2026-09-23,1,Granted,11165717,1148302_App_Sub_006134,,,
11181841/3,20062681,2,203,Fixed,Point to Point,2026-06-07,2026-06-07,2027-07-17,1,Granted,13020613,20038343_vary_400MHz_P2P_GD809_3,,,
11183726/1,20046011,3,304,Land Mobile,Land Mobile System - > 30MHz,2025-09-25,2025-09-25,2026-10-14,1,Granted,11183737,20025735_200559_04_of_05,,,
11183727/1,20046011,3,304,Land Mobile,Land Mobile System - > 30MHz,2025-09-25,2025-09-25,2026-10-14,1,Granted,11183738,20025735_200559_05_of_05,,,
11188150/1,20046267,2,201,Fixed,Point to Multipoint - Land Mobile Spec,2026-01-28,2026-01-28,2027-02-25,1,Granted,11188251,20006728_SafeGroup_ptmpt_VHF_50_210121,,,
11194947/1,20060946,3,304,Land Mobile,Land Mobile System - > 30MHz,2025-08-31,2025-08-31,2026-10-10,1,Granted,11195835,20016317_JSMFAC7696,,,
11204122,20002360,85,860,Spectrum,AWL - FSS Only,2026-06-22,2026-03-10,2031-03-14,1,Granted,,,,,
11210917,8129031,85,859,Spectrum,AWL - Standard,2026-03-25,2026-03-25,2031-03-24,1,Granted,,,,,AWL_26/28_GHz
11221519/1,20036601,3,304,Land Mobile,Land Mobile System - > 30MHz,2026-01-23,2026-01-23,2027-02-02,1,Granted,11224132,1130096_SC1030A,,,
11221576/1,20036601,3,304,Land Mobile,Land Mobile System - > 30MHz,2026-01-23,2026-01-23,2027-02-02,1,Granted,11224133,1130096_SC1030B,,,
11228696/1,74734,3,304,Land Mobile,Land Mobile System - > 30MHz,2026-07-13,2026-07-13,2027-07-10,1,Granted,11229155,20016317_JSMFAC7895,,,
11229908/1,1147832,3,304,Land Mobile,Land Mobile System - > 30MHz,2026-04-29,2026-04-29,2027-05-06,1,Granted,11230109,20038343_LMS_RCS396_3,,,
11229909/1,1147832,3,304,Land Mobile,Land Mobile System - > 30MHz,2026-04-29,2026-04-29,2027-05-06,1,Granted,11230110,20038343_LMS_RCS396_4,,,
11233128/3,59235,6,602,Amateur,Amateur Repeater,2026-04-07,2026-04-07,2027-04-06,1,Granted,12890280,20029952_VK4RME_3,,,
11244554/1,50967,3,304,Land Mobile,Land Mobile System - > 30MHz,2026-03-20,2026-03-20,2027-04-29,1,Granted,11244624,20025735_210131,,,
11261595/1,20047564,3,304,Land Mobile,Land Mobile System - > 30MHz,2026-05-08,2026-05-08,2027-05-25,1,Granted,11261833,20011258_RCS399,,,
11264478/1,1147602,3,304,Land Mobile,Land Mobile System - > 30MHz,2026-06-07,2026-06-07,2027-07-17,1,Granted,11264598,1148302_App_Sub_006899,,,
11264479/1,1147602,3,304,Land Mobile,Land Mobile System - > 30MHz,2026-06-07,2026-06-07,2027-07-17,1,Granted,11264599,1148302_App_Sub_006899,,,
11264480/1,1147602,5,501,Maritime Coast,Limited Coast Assigned System,2026-06-07,2026-06-07,2027-07-17,1,Granted,11264600,1148302_App_Sub_006900,,,
11264481/1,1147602,5,501,Maritime Coast,Limited Coast Assigned System,2026-06-07,2026-06-07,2027-07-17,1,Granted,11264601,1148302_App_Sub_006900,,,
11264482/1,1147602,5,501,Maritime Coast,Limited Coast Assigned System,2026-06-07,2026-06-07,2027-07-17,1,Granted,11264602,1148302_App_Sub_006900,,,
11265645/1,20046011,3,304,Land Mobile,Land Mobile System - > 30MHz,2025-09-25,2025-09-25,2026-10-14,1,Granted,11265707,20025735_210210_01_of_12,,,
11265646/1,20046011,3,304,Land Mobile,Land Mobile System - > 30MHz,2025-09-25,2025-09-25,2026-10-14,1,Granted,11265708,20025735_210210_02_of_12,,,
11265647/1,20046011,3,304,Land Mobile,Land Mobile System - > 30MHz,2025-09-25,2025-09-25,2026-10-14,1,Granted,11265709,20025735_210210_03_of_12,,,
11265648/1,20046011,3,304,Land Mobile,Land Mobile System - > 30MHz,2025-09-25,2025-09-25,2026-10-14,1,Granted,11265710,20025735_210210_04_of_12,,,
11265649/1,20046011,3,304,Land Mobile,Land Mobile System - > 30MHz,2025-09-25,2025-09-25,2026-10-14,1,Granted,11265711,20025735_210210_05_of_12,,,
11265651/1,20046011,3,304,Land Mobile,Land Mobile System - > 30MHz,2025-09-25,2025-09-25,2026-10-14,1,Granted,11265713,20025735_210210_06_of_12,,,
11265652/1,20046011,3,304,Land Mobile,Land Mobile System - > 30MHz,2025-09-25,2025-09-25,2026-10-14,1,Granted,11265714,20025735_210210_07_of_12,,,
11265653/1,20046011,3,304,Land Mobile,Land Mobile System - > 30MHz,2025-09-25,2025-09-25,2026-10-14,1,Granted,11265715,20025735_210210_08_of_12,,,
11265654/1,20046011,3,304,Land Mobile,Land Mobile System - > 30MHz,2025-09-25,2025-09-25,2026-10-14,1,Granted,11265716,20025735_210210_09_of_12,,,
11265655/1,20046011,3,304,Land Mobile,Land Mobile System - > 30MHz,2025-09-25,2025-09-25,2026-10-14,1,Granted,11265717,20025735_210210_10_of_12,,,
11265657/1,20046011,3,304,Land Mobile,Land Mobile System - > 30MHz,2025-09-25,2025-09-25,2026-10-14,1,Granted,11265719,20025735_210210_12_of_12,,,
11268156/1,20046011,3,304,Land Mobile,Land Mobile System - > 30MHz,2025-09-25,2025-09-25,2026-10-14,1,Granted,11268964,20025735_210210_01_of_18,,,
11268275/1,20046011,3,304,Land Mobile,Land Mobile System - > 30MHz,2025-09-25,2025-09-25,2026-10-14,1,Granted,11268967,20025735_210210_02_of_18,,,
11268276/1,20046011,3,304,Land Mobile,Land Mobile System - > 30MHz,2025-09-25,2025-09-25,2026-10-14,1,Granted,11268968,20025735_210210_03_of_18,,,
11268280/1,20046011,3,304,Land Mobile,Land Mobile System - > 30MHz,2025-09-25,2025-09-25,2026-10-14,1,Granted,11268970,20025735_210210_04_of_18,,,
11268294/1,20046011,3,304,Land Mobile,Land Mobile System - > 30MHz,2025-09-25,2025-09-25,2026-10-14,1,Granted,11268971,20025735_210210_05_of_18,,,
11268295/1,20046011,3,304,Land Mobile,Land Mobile System - > 30MHz,2025-09-25,2025-09-25,2026-10-14,1,Granted,11268972,20025735_210210_06_of_18,,,
11268309/1,20046011,3,304,Land Mobile,Land Mobile System - > 30MHz,2025-09-25,2025-09-25,2026-10-14,1,Granted,11268974,20025735_210210_07_of_18,,,
11268317/1,20046011,3,304,Land Mobile,Land Mobile System - > 30MHz,2025-09-25,2025-09-25,2026-10-14,1,Granted,11268977,20025735_210210_08_of_18,,,
11268318/1,20046011,3,304,Land Mobile,Land Mobile System - > 30MHz,2025-09-25,2025-09-25,2026-10-14,1,Granted,11268979,20025735_210210_09_of_18,,,
11268319/1,20046011,3,304,Land Mobile,Land Mobile System - > 30MHz,2025-09-25,2025-09-25,2026-10-14,1,Granted,11268980,20025735_210210_10_of_18,,,
11268321/1,20046011,3,304,Land Mobile,Land Mobile System - > 30MHz,2025-09-25,2025-09-25,2026-10-14,1,Granted,11268984,20025735_210210_11_of_18,,,
11268322/1,20046011,3,304,Land Mobile,Land Mobile System - > 30MHz,2025-09-25,2025-09-25,2026-10-14,1,Granted,11268985,20025735_210210_12_of_18,,,
11268328/1,20046011,3,304,Land Mobile,Land Mobile System - > 30MHz,2025-09-25,2025-09-25,2026-10-14,1,Granted,11268989,20025735_210210_16_of_18,,,
11268329/1,20046011,3,304,Land Mobile,Land Mobile System - > 30MHz,2025-09-25,2025-09-25,2026-10-14,1,Granted,11268990,20025735_210210_17_of_18,,,
11268331/1,20046011,3,304,Land Mobile,Land Mobile System - > 30MHz,2025-09-25,2025-09-25,2026-10-14,1,Granted,11268992,20025735_210210_18_of_18,,,
11270098/1,20046011,3,304,Land Mobile,Land Mobile System - > 30MHz,2025-09-25,2025-09-25,2026-10-14,1,Granted,11270194,20025735_210210_01_of_07,,,
11270099/1,20046011,3,304,Land Mobile,Land Mobile System - > 30MHz,2025-09-25,2025-09-25,2026-10-14,1,Granted,11270195,20025735_210210_02_of_07,,,
11270119/1,20046011,3,304,Land Mobile,Land Mobile System - > 30MHz,2025-09-25,2025-09-25,2026-10-14,1,Granted,11270197,20025735_210210_04_of_07,,,
11270120/1,20046011,3,304,Land Mobile,Land Mobile System - > 30MHz,2025-09-25,2025-09-25,2026-10-14,1,Granted,11270198,20025735_210210_05_of_07,,,
11270157/1,20046011,3,304,Land Mobile,Land Mobile System - > 30MHz,2025-09-25,2025-09-25,2026-10-14,1,Granted,11270199,20025735_210210_06_of_07,,,
11270158/1,20046011,3,304,Land Mobile,Land Mobile System - > 30MHz,2025-09-25,2025-09-25,2026-10-14,1,Granted,11270200,20025735_210210_07_of_07,,,
11274096/2,439082,3,304,Land Mobile,Land Mobile System - > 30MHz,2026-03-17,2026-03-17,2027-03-23,1,Granted,11648848,1130096_RD382AR,,,
11274156/2,439082,3,304,Land Mobile,Land Mobile System - > 30MHz,2026-03-17,2026-03-17,2027-03-23,1,Granted,11648841,1130096_RD382AM,,,
11274157/2,439082,3,304,Land Mobile,Land Mobile System - > 30MHz,2026-03-17,2026-03-17,2027-03-23,1,Granted,11648840,1130096_RD382AL,,,
11274158/2,439082,3,304,Land Mobile,Land Mobile System - > 30MHz,2026-03-17,2026-03-17,2027-03-23,1,Granted,11648842,1130096_RD382AN,,,
11274159/2,439082,3,304,Land Mobile,Land Mobile System - > 30MHz,2026-03-17,2026-03-17,2027-03-23,1,Granted,11648843,1130096_RD382AO,,,
11274160/2,439082,3,304,Land Mobile,Land Mobile System - > 30MHz,2026-03-17,2026-03-17,2027-03-23,1,Granted,11648845,1130096_RD382AP,,,
11274161/2,439082,3,304,Land Mobile,Land Mobile System - > 30MHz,2026-03-17,2026-03-17,2027-03-23,1,Granted,11648846,1130096_RD382AQ,,,
11274165/1,439082,3,304,Land Mobile,Land Mobile System - > 30MHz,2026-03-17,2026-03-17,2027-03-23,1,Granted,11274492,20011258_RCS400_21_new,,,
11274174/1,439082,3,304,Land Mobile,Land Mobile System - > 30MHz,2026-03-17,2026-03-17,2027-03-23,1,Granted,11274505,20011258_RCS400_22_new,,,
11274175/1,439082,3,304,Land Mobile,Land Mobile System - > 30MHz,2026-03-17,2026-03-17,2027-03-23,1,Granted,11274507,20011258_RCS400_23_new,,,
11274176/1,439082,3,304,Land Mobile,Land Mobile System - > 30MHz,2026-03-17,2026-03-17,2027-03-23,1,Granted,11274511,20011258_RCS400_25_new,,,
11274179/1,439082,3,304,Land Mobile,Land Mobile System - > 30MHz,2026-03-17,2026-03-17,2027-03-23,1,Granted,11274515,20011258_RCS400_26_new,,,
11274185/1,439082,3,304,Land Mobile,Land Mobile System - > 30MHz,2026-03-17,2026-03-17,2027-03-23,1,Granted,11274527,20011258_RCS400_27_new,,,
11274186/1,439082,3,304,Land Mobile,Land Mobile System - > 30MHz,2026-03-17,2026-03-17,2027-03-23,1,Granted,11274528,20011258_RCS400_28_new,,,
11274187/1,439082,3,304,Land Mobile,Land Mobile System - > 30MHz,2026-03-17,2026-03-17,2027-03-23,1,Granted,11274529,20011258_RCS400_29_new,,,
11274189/1,439082,3,304,Land Mobile,Land Mobile System - > 30MHz,2026-03-17,2026-03-17,2027-03-23,1,Granted,11274530,20011258_RCS400_31_new,,,
11274190/1,439082,3,304,Land Mobile,Land Mobile System - > 30MHz,2026-03-17,2026-03-17,2027-03-23,1,Granted,11274531,20011258_RCS400_32_new,,,
11274191/1,439082,3,304,Land Mobile,Land Mobile System - > 30MHz,2026-03-17,2026-03-17,2027-03-23,1,Granted,11274532,20011258_RCS400_33_new,,,
11274192/1,439082,3,304,Land Mobile,Land Mobile System - > 30MHz,2026-03-17,2026-03-17,2027-03-23,1,Granted,11274533,20011258_RCS400_34_new,,,
11274193/1,439082,3,304,Land Mobile,Land Mobile System - > 30MHz,2026-03-17,2026-03-17,2027-03-23,1,Granted,11274534,20011258_RCS400_35_new,,,
11274194/1,439082,3,304,Land Mobile,Land Mobile System - > 30MHz,2026-03-17,2026-03-17,2027-03-23,1,Granted,11274535,20011258_RCS400_36_new,,,
11274458/1,20046011,3,304,Land Mobile,Land Mobile System - > 30MHz,2025-09-25,2025-09-25,2026-10-14,1,Granted,11274607,20025735_210210_11_of_12_resub,,,
11274460/1,20046011,3,304,Land Mobile,Land Mobile System - > 30MHz,2025-09-25,2025-09-25,2026-10-14,1,Granted,11274609,20025735_210210_03_of_07_resub,,,
11274461/1,20046011,3,304,Land Mobile,Land Mobile System - > 30MHz,2025-09-25,2025-09-25,2026-10-14,1,Granted,11274610,20025735_210210_13_of_18_resub,,,
11274462/1,20046011,3,304,Land Mobile,Land Mobile System - > 30MHz,2025-09-25,2025-09-25,2026-10-14,1,Granted,11274611,20025735_210210_14_of_18_resub,,,
11274465/1,20046011,3,304,Land Mobile,Land Mobile System - > 30MHz,2025-09-25,2025-09-25,2026-10-14,1,Granted,11274613,20025735_210210_15_of_18_resub,,,
11280974/1,46975,3,304,Land Mobile,Land Mobile System - > 30MHz,2026-08-17,2026-08-17,2027-09-19,1,Granted,11281275,20034122_2021_07_01_RG_New_Land_Mobile_System_Townsville_Training_Area_1_Resubmit,,,
11280975/1,46975,3,304,Land Mobile,Land Mobile System - > 30MHz,2026-08-17,2026-08-17,2027-09-19,1,Granted,11281276,20034122_2021_07_01_RG_New_Land_Mobile_System_Townsville_Training_Area_2_Resubmit,,,
11282852/1,20029474,2,203,Fixed,Point to Point,2025-07-17,2025-07-17,2026-07-05,10,Expired,11283455,20016317_JSMFAC8318,,,
11283419/1,20017363,2,203,Fixed,Point to Point,2026-05-28,2026-05-28,2027-07-06,1,Granted,11284910,20029601_APP_OP-00332-00333,,,
11283420/1,20017363,2,203,Fixed,Point to Point,2026-05-28,2026-05-28,2027-07-06,1,Granted,11284911,20029601_APP_OP-00332-00333,,,
11286123,1103276,85,861,Spectrum,3.4 GHz Band,2023-12-21,2023-08-03,2030-12-13,1,Granted,,,,,
11286129,8129031,85,861,Spectrum,3.4 GHz Band,2025-11-28,2024-07-01,2030-12-13,1,Granted,,,,,
11286131,8129031,85,861,Spectrum,3.4 GHz Band,2024-08-08,2021-07-13,2030-12-13,1,Granted,,,,,
112865/1,58050,2,203,Fixed,Point to Point,2026-04-20,2026-04-20,2027-05-04,1,Granted,9675475,,,,
112869/2,58050,2,203,Fixed,Point to Point,2026-04-20,2026-04-20,2027-05-04,1,Granted,10437389,20016317_JSMFAC3511,,,
112871/1,58050,2,203,Fixed,Point to Point,2026-04-20,2026-04-20,2027-05-04,1,Granted,9675481,,,,
112875/1,58050,2,203,Fixed,Point to Point,2026-04-20,2026-04-20,2027-05-04,1,Granted,9675485,,,,
11292268/2,439082,3,304,Land Mobile,Land Mobile System - > 30MHz,2026-03-17,2026-03-17,2027-03-23,1,Granted,11648851,1130096_RD382ASa,,,
11292270/1,439082,3,304,Land Mobile,Land Mobile System - > 30MHz,2026-03-17,2026-03-17,2027-03-23,1,Granted,11292922,20038343_RCS403_3,,,
11292725/1,84124,3,304,Land Mobile,Land Mobile System - > 30MHz,2026-07-09,2026-07-09,2027-07-21,1,Granted,11292938,1103264_DB1819,,,
113065/1,58050,2,203,Fixed,Point to Point,2026-04-20,2026-04-20,2027-05-04,1,Granted,9675526,,,,
113069/1,58050,5,501,Maritime Coast,Limited Coast Assigned System,2026-04-20,2026-04-20,2027-05-04,1,Granted,9633916,,,,
11315193/1,20047564,3,304,Land Mobile,Land Mobile System - > 30MHz,2026-05-08,2026-05-08,2027-05-25,1,Granted,11315239,20011258_NX596_1,,,
11315195/1,20047564,3,304,Land Mobile,Land Mobile System - > 30MHz,2026-05-08,2026-05-08,2027-05-25,1,Granted,11315240,20011258_NX596_2,,,
11315196/1,20047564,3,304,Land Mobile,Land Mobile System - > 30MHz,2026-05-08,2026-05-08,2027-05-25,1,Granted,11315241,20011258_NX596_3,,,
113186/1,58050,2,203,Fixed,Point to Point,2026-04-20,2026-04-20,2027-05-04,1,Granted,9675543,,,,
11323215/1,1425181,3,304,Land Mobile,Land Mobile System - > 30MHz,2026-08-21,2026-08-21,2027-08-30,1,Granted,11324036,20038343_LMS_RCS406_4,,,
113316/2,58050,2,203,Fixed,Point to Point,2026-04-20,2026-04-20,2027-05-04,1,Granted,10384270,20016317_JSMFAC3053,,,
11337346/1,1144284,3,304,Land Mobile,Land Mobile System - > 30MHz,2026-09-01,2026-09-01,2027-09-16,1,Granted,11337437,20038343_LMS_TH29_1,,,
11337347/1,1144284,3,304,Land Mobile,Land Mobile System - > 30MHz,2026-09-01,2026-09-01,2027-09-16,1,Granted,11337438,20038343_LMS_TH29_2,,,
11337348/1,1144284,3,304,Land Mobile,Land Mobile System - > 30MHz,2026-09-01,2026-09-01,2027-09-16,1,Granted,11337439,20038343_LMS_TH29_3,,,
11337369/1,1144284,3,304,Land Mobile,Land Mobile System - > 30MHz,2026-09-01,2026-09-01,2027-09-16,1,Granted,11337452,20038343_LMS_TH29_4,,,
11337370/1,1144284,3,304,Land Mobile,Land Mobile System - > 30MHz,2026-09-01,2026-09-01,2027-09-16,1,Granted,11337453,20038343_LMS_TH29_5,,,
11337371/1,1144284,3,304,Land Mobile,Land Mobile System - > 30MHz,2026-09-01,2026-09-01,2027-09-16,1,Granted,11337454,20038343_LMS_TH29_6,,,
11337372/1,1144284,3,304,Land Mobile,Land Mobile System - > 30MHz,2026-09-01,2026-09-01,2027-09-16,1,Granted,11337455,20038343_LMS_TH29_7,,,
11337374/1,1144284,3,304,Land Mobile,Land Mobile System - > 30MHz,2026-09-01,2026-09-01,2027-09-16,1,Granted,11337715,20038343_LMS_TH29_8,,,
11345733,20048575,85,871,Spectrum,2.5 GHz Band,2023-11-08,2021-09-29,2029-09-30,1,Granted,,,,,
11346465/1,20017363,2,203,Fixed,Point to Point,2026-08-27,2026-08-27,2027-09-23,1,Granted,11346500,20029601_APP_OP-00574-00575,,,
11353026/1,1316295,2,203,Fixed,Point to Point,2025-10-21,2025-10-21,2026-10-13,1,Granted,11354251,20006604_SWP01-17xFX,,,
11354283/1,20017363,2,203,Fixed,Point to Point,2026-08-27,2026-08-27,2027-09-30,1,Granted,11356803,20029601_APP_OP-00581,,,
113597/1,58050,2,203,Fixed,Point to Point,2026-04-20,2026-04-20,2027-05-04,1,Granted,9675557,,,,
113606/1,58050,2,203,Fixed,Point to Point,2026-04-20,2026-04-20,2027-05-04,1,Granted,9675563,,,,
113608/1,58050,2,203,Fixed,Point to Point,2026-04-20,2026-04-20,2027-05-04,1,Granted,9675565,,,,
113705/1,58050,2,203,Fixed,Point to Point,2026-04-20,2026-04-20,2027-05-04,1,Granted,9675580,,,,
113707/1,58050,2,203,Fixed,Point to Point,2026-04-20,2026-04-20,2027-05-04,1,Granted,9675582,,,,
11376037/1,1144544,3,304,Land Mobile,Land Mobile System - > 30MHz,2025-10-22,2025-10-22,2026-10-19,1,Granted,11376145,20038343_GD977,,,
113789/1,58050,2,203,Fixed,Point to Point,2026-04-20,2026-04-20,2027-05-04,1,Granted,9675606,,,,
113799/1,58050,5,501,Maritime Coast,Limited Coast Assigned System,2026-04-20,2026-04-20,2027-05-04,1,Granted,9633935,,,,
113800/1,58050,5,501,Maritime Coast,Limited Coast Assigned System,2026-04-20,2026-04-20,2027-05-04,1,Granted,9633938,,,,
1138014/1,46975,3,304,Land Mobile,Land Mobile System - > 30MHz,2026-08-17,2026-08-17,2027-09-19,1,Granted,9830703,,,,
1138015/1,46975,3,304,Land Mobile,Land Mobile System - > 30MHz,2026-08-17,2026-08-17,2027-09-19,1,Granted,9830704,,,,
11391571/1,20017363,2,203,Fixed,Point to Point,2025-09-23,2025-09-23,2026-11-01,1,Granted,11393409,20029601_APP_OP-00669-00670,,,
11391572/1,20017363,2,203,Fixed,Point to Point,2025-09-23,2025-09-23,2026-11-01,1,Granted,11393410,20029601_APP_OP-00669-00670,,,
11393460/1,20049396,3,304,Land Mobile,Land Mobile System - > 30MHz,2025-12-03,2025-12-03,2026-11-29,1,Granted,11397119,1130096_SC1070A,,,
11398306/1,77058,3,304,Land Mobile,Land Mobile System - > 30MHz,2026-02-02,2026-02-02,2027-02-03,1,Granted,11400031,1130096_SC1067C,,,
11398318/1,20049396,3,304,Land Mobile,Land Mobile System - > 30MHz,2025-12-03,2025-12-03,2026-11-29,1,Granted,11400040,1130096_SC1070C,,,
1140585/2,1149151,2,203,Fixed,Point to Point,2026-05-25,2026-05-25,2027-05-31,1,Granted,10057097,,,,
11409094/1,1149151,2,203,Fixed,Point to Point,2026-05-25,2026-05-25,2027-05-31,1,Granted,11411728,1130105_NBN_DS_01_QR_081121,,,
11409095/1,1149151,2,203,Fixed,Point to Point,2026-05-25,2026-05-25,2027-05-31,1,Granted,11411729,1130105_NBN_DS_01_QR_081121,,,
11409096/1,1149151,2,203,Fixed,Point to Point,2026-05-25,2026-05-25,2027-05-31,1,Granted,11411730,1130105_NBN_DS_01_QR_081121,,,
11409097/1,1149151,2,203,Fixed,Point to Point,2026-05-25,2026-05-25,2027-05-31,1,Granted,11411731,1130105_NBN_DS_01_QR_081121,,,
11409100/1,1149151,2,203,Fixed,Point to Point,2026-05-25,2026-05-25,2027-05-31,1,Granted,11411734,1130105_NBN_DS_01_QR_081121,,,
114137/1,58050,2,203,Fixed,Point to Point,2026-04-20,2026-04-20,2027-05-04,1,Granted,9675610,,,,
1142031/1,20053835,2,203,Fixed,Point to Point,2026-04-11,2026-04-11,2028-05-19,1,Granted,9683989,,,,
1142157/2,20037563,3,304,Land Mobile,Land Mobile System - > 30MHz,2025-09-23,2025-09-23,2026-09-26,1,Granted,10529213,,,,
114247/1,58050,2,203,Fixed,Point to Point,2026-04-20,2026-04-20,2027-05-04,1,Granted,9675629,,,,
1142613/1,1170617,1,108,Broadcasting,Commercial Radio,2022-02-18,2022-02-18,2027-02-20,1,Granted,10011356,,,1150711,
1142707/1,20053835,2,203,Fixed,Point to Point,2026-04-11,2026-04-11,2028-05-19,1,Granted,9684191,,,,
114271/1,58050,2,203,Fixed,Point to Point,2026-04-20,2026-04-20,2027-05-04,1,Granted,9675639,,,,
11427994/1,1149151,2,203,Fixed,Point to Point,2026-05-25,2026-05-25,2027-05-31,1,Granted,11428848,1130105_DS_01_QR_171121_number2,,,
11427996/1,1149151,2,203,Fixed,Point to Point,2026-05-25,2026-05-25,2027-05-31,1,Granted,11428850,1130105_DS_01_QR_171121_number2,,,
11428480/1,1144284,3,304,Land Mobile,Land Mobile System - > 30MHz,2021-11-18,2021-11-18,2026-11-17,1,Granted,11428858,20011258_TH30_1,,,
11428481/1,1144284,3,304,Land Mobile,Land Mobile System - > 30MHz,2021-11-18,2021-11-18,2026-11-17,1,Granted,11428859,20011258_TH30_2,,,
11436051/1,20001770,2,201,Fixed,Point to Multipoint - Land Mobile Spec,2026-07-29,2026-07-29,2027-07-27,1,Granted,11436356,20006728_UnityW_ptmpt_25_BBFF_241121,,,
11436453/3,8129031,2,203,Fixed,Point to Point,2026-04-22,2026-04-22,2027-05-31,1,Granted,12308221,20056206_App_Sub_012123,,,
11436454/3,8129031,2,203,Fixed,Point to Point,2026-04-22,2026-04-22,2027-05-31,1,Granted,12308220,20056206_App_Sub_012123,,,
11436455/3,8129031,2,203,Fixed,Point to Point,2026-04-22,2026-04-22,2027-05-31,1,Granted,12308223,20056206_App_Sub_012123,,,
11436456/3,8129031,2,203,Fixed,Point to Point,2026-04-22,2026-04-22,2027-05-31,1,Granted,12308222,20056206_App_Sub_012123,,,
11436457/1,8129031,2,203,Fixed,Point to Point,2026-04-22,2026-04-22,2027-05-31,1,Granted,11436593,1148302_App_Sub_007835,,,
11436458/1,8129031,2,203,Fixed,Point to Point,2026-04-22,2026-04-22,2027-05-31,1,Granted,11436594,1148302_App_Sub_007835,,,
11436459/1,8129031,2,203,Fixed,Point to Point,2026-04-22,2026-04-22,2027-05-31,1,Granted,11436595,1148302_App_Sub_007835,,,
11436460/1,8129031,2,203,Fixed,Point to Point,2026-04-22,2026-04-22,2027-05-31,1,Granted,11436596,1148302_App_Sub_007835,,,
11437180/1,20017363,2,203,Fixed,Point to Point,2025-10-17,2025-10-17,2026-11-25,1,Granted,11437419,20029601_APP_OP-00704,,,
114401/1,58050,2,203,Fixed,Point to Point,2026-04-20,2026-04-20,2027-05-04,1,Granted,9675660,,,,
1144254/1,71974,2,203,Fixed,Point to Point,2026-06-09,2026-06-09,2027-06-16,1,Granted,9684647,,,,
1144255/1,71974,2,203,Fixed,Point to Point,2026-06-09,2026-06-09,2027-06-16,1,Granted,9684649,,,,
11442792/1,20014348,2,203,Fixed,Point to Point,2025-12-05,2025-12-05,2026-12-02,1,Granted,11445046,1130095_App_Sub_007881,,,
1144304/1,1138584,3,304,Land Mobile,Land Mobile System - > 30MHz,2025-11-28,2025-11-28,2026-12-06,1,Granted,9692102,,,,
1144855/1,1149181,3,304,Land Mobile,Land Mobile System - > 30MHz,2026-01-09,2026-01-09,2027-01-20,1,Granted,9692520,,,,
11448712/1,58050,3,304,Land Mobile,Land Mobile System - > 30MHz,2026-04-20,2026-04-20,2027-05-04,1,Granted,11449804,20016317_JSMFAC8945,,,
11448863/1,8129031,2,203,Fixed,Point to Point,2026-04-22,2026-04-22,2027-05-31,1,Granted,11449808,1148302_App_Sub_007905,,,
11448864/1,8129031,2,203,Fixed,Point to Point,2026-04-22,2026-04-22,2027-05-31,1,Granted,11449809,1148302_App_Sub_007905,,,
11448865/2,8129031,2,203,Fixed,Point to Point,2026-04-22,2026-04-22,2027-05-31,1,Granted,11775896,20006728_NBN_ptpt_4BIL_VAR4_120922,,,
11448866/2,8129031,2,203,Fixed,Point to Point,2026-04-22,2026-04-22,2027-05-31,1,Granted,11775897,20006728_NBN_ptpt_4BIL_VAR5_120922,,,
1145476/1,20053835,2,203,Fixed,Point to Point,2026-04-11,2026-04-11,2028-05-19,1,Granted,9684874,,,,
11456796/1,58050,2,203,Fixed,Point to Point,2026-04-20,2026-04-20,2027-05-04,1,Granted,11458882,20016317_JSMFAC8975,,,
1145837/1,82694,2,203,Fixed,Point to Point,2025-11-26,2025-11-26,2026-12-01,1,Granted,9685019,,,,
1146027/1,59938,5,501,Maritime Coast,Limited Coast Assigned System,2025-09-25,2025-09-25,2026-09-22,1,Granted,9852112,,,,
1146028/1,59938,5,501,Maritime Coast,Limited Coast Assigned System,2025-09-25,2025-09-25,2026-09-22,1,Granted,9852113,,,,
11470924/1,8129031,2,203,Fixed,Point to Point,2025-10-22,2025-10-22,2026-11-30,1,Granted,11470984,1130105_NBN_AP_37_191221,,,
1147962/2,1149151,2,201,Fixed,Point to Multipoint - Land Mobile Spec,2026-05-25,2026-05-25,2027-05-31,1,Granted,10065753,1143026_QR09_3-3,,,
1148009/1,56398,3,304,Land Mobile,Land Mobile System - > 30MHz,2025-11-26,2025-11-26,2026-12-11,1,Granted,9693826,,,,
11480288/1,8129031,2,203,Fixed,Point to Point,2025-10-22,2025-10-22,2026-11-30,1,Granted,11480399,1130105_NBN_AP_39_211221,,,
1148632/1,76441,3,302,Land Mobile,Ambulatory System,2025-10-24,2025-10-24,2026-11-24,1,Granted,9694001,,,,
1148747/2,58050,2,203,Fixed,Point to Point,2026-04-20,2026-04-20,2027-05-04,1,Granted,12184000,20016317_JSMFAC11876,,,
11491674/1,20014348,2,203,Fixed,Point to Point,2025-12-18,2025-12-18,2026-12-22,1,Granted,11491986,1148302_App_Sub_008006,,,
11492864/1,20000768,5,501,Maritime Coast,Limited Coast Assigned System,2024-06-21,2024-06-21,2029-06-26,1,Granted,11505318,1148302_App_Sub_008013,,,
11492866/1,20000768,5,501,Maritime Coast,Limited Coast Assigned System,2024-06-21,2024-06-21,2029-06-26,1,Granted,11505327,1148302_App_Sub_008013,,,
1149295/1,1139904,3,304,Land Mobile,Land Mobile System - > 30MHz,2026-04-17,2026-04-17,2027-05-08,1,Granted,9694207,,,,
1149753/1,435100,2,200,Fixed,Point to Multipoint,2025-09-12,2025-09-12,2026-09-23,1,Granted,9845187,,,,
1150310/1,1103909,1,107,Broadcasting,National Broadcasting,2025-10-22,2025-10-22,2026-11-30,1,Granted,10011546,,,,
1150318/1,1103909,1,107,Broadcasting,National Broadcasting,2025-10-22,2025-10-22,2026-11-30,1,Granted,10011552,,,,
1150324/1,1103909,1,107,Broadcasting,National Broadcasting,2025-10-22,2025-10-22,2026-11-30,1,Granted,10011553,,,,
1150328/1,1103909,1,107,Broadcasting,National Broadcasting,2025-10-22,2025-10-22,2026-11-30,1,Granted,10011557,,,,
1151090/1,52399,1,105,Broadcasting,Narrowcasting Service (LPON),2025-10-03,2025-10-03,2026-10-16,1,Granted,9635556,,,,
115163/1,58050,5,502,Maritime Coast,Limited Coast Marine Rescue,2026-04-20,2026-04-20,2027-05-04,1,Granted,9633953,,,,
1151789/1,1103909,1,107,Broadcasting,National Broadcasting,2025-10-22,2025-10-22,2026-11-30,1,Granted,10011650,,,,
115242/1,58075,3,304,Land Mobile,Land Mobile System - > 30MHz,2026-04-14,2026-04-14,2027-04-14,1,Granted,9666163,,,,
115398/1,58075,3,304,Land Mobile,Land Mobile System - > 30MHz,2026-04-14,2026-04-14,2027-04-14,1,Granted,9666177,,,,
1155350/1,1157000,1,108,Broadcasting,Commercial Radio,2023-03-03,2023-03-03,2028-04-01,1,Granted,10012079,,,1150016,
115604/1,20008300,3,302,Land Mobile,Ambulatory System,2026-08-28,2026-08-28,2027-09-10,1,Granted,9808636,,,,
115612/1,20008300,3,304,Land Mobile,Land Mobile System - > 30MHz,2026-08-28,2026-08-28,2027-09-10,1,Granted,9808637,,,,
11567882/1,8129031,2,203,Fixed,Point to Point,2025-10-22,2025-10-22,2026-11-30,1,Granted,11567921,1130105_NBN_AP_46_140122,,,
11568247/1,8129031,2,203,Fixed,Point to Point,2025-10-22,2025-10-22,2026-11-30,1,Granted,11568743,1130105_NBN_AP_47_150122,,,
11568257/2,8129031,2,203,Fixed,Point to Point,2025-10-22,2025-10-22,2026-11-30,1,Granted,12153532,1138777_NB2_61_1_1_11568257var,,,
11568702/1,8129031,2,203,Fixed,Point to Point,2025-10-22,2025-10-22,2026-11-30,1,Granted,11568790,1130105_NBN_AP_48_160122,,,
11568703/1,8129031,2,203,Fixed,Point to Point,2025-10-22,2025-10-22,2026-11-30,1,Granted,11568791,1130105_NBN_AP_48_160122,,,
11570380/1,8129031,2,203,Fixed,Point to Point,2025-10-22,2025-10-22,2026-11-30,1,Granted,11570405,1130105_NBN_AP_52_180122,,,
11570690/1,8129031,2,203,Fixed,Point to Point,2025-10-22,2025-10-22,2026-11-30,1,Granted,11570840,1130105_NBN_AP_53_190122,,,
11571041/1,20003601,2,206,Fixed,Point to Point (Self Coordinated),2026-01-06,2026-01-06,2027-02-14,1,Granted,11571235,20025735_220014,,,
11573792/1,59938,5,501,Maritime Coast,Limited Coast Assigned System,2025-09-25,2025-09-25,2026-09-22,1,Granted,11574019,20038343_Maritime_GD1001,,,
11576073/1,20008537,3,304,Land Mobile,Land Mobile System - > 30MHz,2026-06-24,2026-06-24,2027-07-15,1,Granted,11576103,20011258_RIC138_1,,,
11576074/1,20008537,3,304,Land Mobile,Land Mobile System - > 30MHz,2026-06-24,2026-06-24,2027-07-15,1,Granted,11576104,20011258_RIC138_2,,,
11576075/1,20008537,3,304,Land Mobile,Land Mobile System - > 30MHz,2026-06-24,2026-06-24,2027-07-15,1,Granted,11576105,20011258_RIC138_3,,,
1158252/1,1170617,1,108,Broadcasting,Commercial Radio,2024-09-16,2024-09-16,2029-10-03,1,Granted,10012301,,,10216,
1158284/1,88495,1,109,Broadcasting,Commercial Television,2026-07-02,2022-07-15,2027-10-03,1,Granted,10012315,,,115,
1158366/1,1133847,1,107,Broadcasting,National Broadcasting,2026-06-22,2026-06-22,2027-06-30,1,Granted,10012322,,,,
1158672/2,1143327,1,109,Broadcasting,Commercial Television,2025-03-03,2025-03-01,2026-10-17,1,Granted,12790181,,,113,
11588019/1,1401916,2,203,Fixed,Point to Point,2026-08-24,2026-08-24,2027-09-30,1,Granted,11590803,20016317_JSMFAC9098,,,
1158897/1,1170617,1,108,Broadcasting,Commercial Radio,2024-09-16,2024-09-16,2029-10-03,1,Granted,10012392,,,10216,
1159128/1,88495,1,109,Broadcasting,Commercial Television,2026-07-03,2022-07-15,2027-10-03,1,Granted,10012443,,,115,
1159130/1,1137920,1,107,Broadcasting,National Broadcasting,2025-10-22,2025-10-22,2026-11-30,1,Granted,10012444,,,,
1159136/1,1155726,1,109,Broadcasting,Commercial Television,2017-10-09,2021-10-09,2026-10-17,1,Granted,10012446,,,116,
1159341/1,1133847,1,107,Broadcasting,National Broadcasting,2026-06-22,2026-06-22,2027-06-30,1,Granted,10012504,,,,
1159678/1,1155726,1,109,Broadcasting,Commercial Television,2017-10-09,2021-10-09,2026-10-17,1,Granted,10012592,,,116,
1159682/1,1137920,1,107,Broadcasting,National Broadcasting,2025-10-22,2025-10-22,2026-11-30,1,Granted,10012596,,,,
1159723/2,1143327,1,109,Broadcasting,Commercial Television,2025-03-03,2025-03-01,2026-10-17,1,Granted,12790174,,,113,
1159726/2,1143327,1,109,Broadcasting,Commercial Television,2025-03-03,2025-03-01,2026-10-17,1,Granted,12790178,,,113,
1159751/1,88495,1,109,Broadcasting,Commercial Television,2026-07-02,2022-07-15,2027-10-03,1,Granted,10012662,,,115,
1159756/1,88495,1,109,Broadcasting,Commercial Television,2026-07-02,2022-07-15,2027-10-03,1,Granted,10012667,,,115,
1159806/1,1137920,1,107,Broadcasting,National Broadcasting,2025-10-22,2025-10-22,2026-11-30,1,Granted,10012717,,,,
1159871/1,1133847,1,107,Broadcasting,National Broadcasting,2026-06-22,2026-06-22,2027-06-30,1,Granted,10012782,,,,
1159887/1,88495,1,109,Broadcasting,Commercial Television,2026-07-02,2022-07-15,2027-10-03,1,Granted,10012798,,,115,
1159902/1,1133847,1,107,Broadcasting,National Broadcasting,2026-06-22,2026-06-22,2027-06-30,1,Granted,10012812,,,,
1160264/2,1143327,1,109,Broadcasting,Commercial Television,2025-03-03,2025-03-01,2026-10-17,1,Granted,12790209,,,113,
1160339/1,1137920,1,107,Broadcasting,National Broadcasting,2025-10-22,2025-10-22,2026-11-30,1,Granted,10013236,,,,
1160352/1,1155726,1,109,Broadcasting,Commercial Television,2017-10-09,2021-10-09,2026-10-17,1,Granted,10013249,,,116,
1160358/2,1143327,1,109,Broadcasting,Commercial Television,2025-03-03,2025-03-01,2026-10-17,1,Granted,12790199,,,113,
1160374/1,1155726,1,109,Broadcasting,Commercial Television,2017-10-09,2021-10-09,2026-10-17,1,Granted,10013271,,,116,
1160387/2,1143327,1,109,Broadcasting,Commercial Television,2025-03-03,2025-03-01,2026-10-17,1,Granted,12790222,,,113,
1160479/1,1155726,1,109,Broadcasting,Commercial Television,2017-10-09,2021-10-09,2026-10-17,1,Granted,10013373,,,116,
1160480/1,88495,1,109,Broadcasting,Commercial Television,2026-07-02,2022-07-15,2027-10-03,1,Granted,10013374,,,115,
1160484/1,1137920,1,107,Broadcasting,National Broadcasting,2025-10-22,2025-10-22,2026-11-30,1,Granted,10013378,,,,
1160496/1,1137920,1,107,Broadcasting,National Broadcasting,2025-10-22,2025-10-22,2026-11-30,1,Granted,10013390,,,,
1160500/1,1133847,1,107,Broadcasting,National Broadcasting,2026-06-22,2026-06-22,2027-06-30,1,Granted,10013393,,,,
1160502/1,1133847,1,107,Broadcasting,National Broadcasting,2026-06-22,2026-06-22,2027-06-30,1,Granted,10013395,,,,
11623726/1,8129031,2,203,Fixed,Point to Point,2026-04-22,2026-04-22,2027-05-31,1,Granted,11624273,1148302_App_Sub_008281,,,
11623727/1,8129031,2,203,Fixed,Point to Point,2026-04-22,2026-04-22,2027-05-31,1,Granted,11624274,1148302_App_Sub_008281,,,
11623728/1,8129031,2,203,Fixed,Point to Point,2026-04-22,2026-04-22,2027-05-31,1,Granted,11624275,1148302_App_Sub_008281,,,
11623729/1,8129031,2,203,Fixed,Point to Point,2026-04-22,2026-04-22,2027-05-31,1,Granted,11624276,1148302_App_Sub_008281,,,
11623730/1,8129031,2,203,Fixed,Point to Point,2026-04-22,2026-04-22,2027-05-31,1,Granted,11624277,1148302_App_Sub_008281,,,
11623731/1,8129031,2,203,Fixed,Point to Point,2026-04-22,2026-04-22,2027-05-31,1,Granted,11624278,1148302_App_Sub_008281,,,
11623732/1,8129031,2,203,Fixed,Point to Point,2026-04-22,2026-04-22,2027-05-31,1,Granted,11624279,1148302_App_Sub_008281,,,
11624346/1,8129031,2,203,Fixed,Point to Point,2025-10-22,2025-10-22,2026-11-30,1,Granted,11624507,1130105_NBN_AP_87_080322,,,
11624347/1,8129031,2,203,Fixed,Point to Point,2025-10-22,2025-10-22,2026-11-30,1,Granted,11624508,1130105_NBN_AP_87_080322,,,
11637122/2,20029474,2,203,Fixed,Point to Point,2026-05-28,2026-05-28,2027-03-31,1,Granted,12078928,20016317_JSMFAC9356,,,
11637417/1,439082,3,304,Land Mobile,Land Mobile System - > 30MHz,2026-03-17,2026-03-17,2027-03-23,1,Granted,11637559,1130096_RD382E,,,
11637636/1,439082,3,304,Land Mobile,Land Mobile System - > 30MHz,2026-03-17,2026-03-17,2027-03-23,1,Granted,11638412,1148302_App_Sub_008388,,,
11637637/1,439082,3,304,Land Mobile,Land Mobile System - > 30MHz,2026-03-17,2026-03-17,2027-03-23,1,Granted,11638414,1148302_App_Sub_008388,,,
11637638/1,439082,3,304,Land Mobile,Land Mobile System - > 30MHz,2026-03-17,2026-03-17,2027-03-23,1,Granted,11638415,1148302_App_Sub_008388,,,
11637639/1,439082,3,304,Land Mobile,Land Mobile System - > 30MHz,2026-03-17,2026-03-17,2027-03-23,1,Granted,11638416,1148302_App_Sub_008388,,,
11637640/1,439082,3,304,Land Mobile,Land Mobile System - > 30MHz,2026-03-17,2026-03-17,2027-03-23,1,Granted,11638417,1148302_App_Sub_008388,,,
11637641/1,439082,3,304,Land Mobile,Land Mobile System - > 30MHz,2026-03-17,2026-03-17,2027-03-23,1,Granted,11638418,1148302_App_Sub_008388,,,
11637642/1,439082,3,304,Land Mobile,Land Mobile System - > 30MHz,2026-03-17,2026-03-17,2027-03-23,1,Granted,11638419,1148302_App_Sub_008388,,,
11637643/1,439082,3,304,Land Mobile,Land Mobile System - > 30MHz,2026-03-17,2026-03-17,2027-03-23,1,Granted,11638420,1148302_App_Sub_008388,,,
11637644/1,439082,3,304,Land Mobile,Land Mobile System - > 30MHz,2026-03-17,2026-03-17,2027-03-23,1,Granted,11638421,1148302_App_Sub_008388,,,
11637645/1,439082,3,304,Land Mobile,Land Mobile System - > 30MHz,2026-03-17,2026-03-17,2027-03-23,1,Granted,11638422,1148302_App_Sub_008388,,,
11637646/1,439082,3,304,Land Mobile,Land Mobile System - > 30MHz,2026-03-17,2026-03-17,2027-03-23,1,Granted,11638423,1148302_App_Sub_008388,,,
11637647/1,439082,3,304,Land Mobile,Land Mobile System - > 30MHz,2026-03-17,2026-03-17,2027-03-23,1,Granted,11638424,1148302_App_Sub_008388,,,
11637648/1,439082,3,304,Land Mobile,Land Mobile System - > 30MHz,2026-03-17,2026-03-17,2027-03-23,1,Granted,11638425,1148302_App_Sub_008388,,,
11637649/2,439082,3,304,Land Mobile,Land Mobile System - > 30MHz,2026-03-17,2026-03-17,2027-03-23,1,Granted,11672805,1148302_App_Sub_008625,,,
11637650/1,439082,3,304,Land Mobile,Land Mobile System - > 30MHz,2026-03-17,2026-03-17,2027-03-23,1,Granted,11638427,1148302_App_Sub_008388,,,
11637651/1,439082,3,304,Land Mobile,Land Mobile System - > 30MHz,2026-03-17,2026-03-17,2027-03-23,1,Granted,11638428,1148302_App_Sub_008388,,,
11637652/1,439082,3,304,Land Mobile,Land Mobile System - > 30MHz,2026-03-17,2026-03-17,2027-03-23,1,Granted,11638429,1148302_App_Sub_008388,,,
11637653/1,439082,3,304,Land Mobile,Land Mobile System - > 30MHz,2026-03-17,2026-03-17,2027-03-23,1,Granted,11638430,1148302_App_Sub_008388,,,
11637654/1,439082,3,304,Land Mobile,Land Mobile System - > 30MHz,2026-03-17,2026-03-17,2027-03-23,1,Granted,11638431,1148302_App_Sub_008388,,,
11637655/2,439082,3,304,Land Mobile,Land Mobile System - > 30MHz,2026-03-17,2026-03-17,2027-03-23,1,Granted,11672806,1148302_App_Sub_008625,,,
11637656/2,439082,3,304,Land Mobile,Land Mobile System - > 30MHz,2026-03-17,2026-03-17,2027-03-23,1,Granted,11672807,1148302_App_Sub_008625,,,
11637657/2,439082,3,304,Land Mobile,Land Mobile System - > 30MHz,2026-03-17,2026-03-17,2027-03-23,1,Granted,11672808,1148302_App_Sub_008625,,,
11637658/2,439082,3,304,Land Mobile,Land Mobile System - > 30MHz,2026-03-17,2026-03-17,2027-03-23,1,Granted,11672809,1148302_App_Sub_008625,,,
11637659/2,439082,3,304,Land Mobile,Land Mobile System - > 30MHz,2026-03-17,2026-03-17,2027-03-23,1,Granted,11672810,1148302_App_Sub_008625,,,
11637660/2,439082,3,304,Land Mobile,Land Mobile System - > 30MHz,2026-03-17,2026-03-17,2027-03-23,1,Granted,11672811,1148302_App_Sub_008625,,,
11637661/1,439082,3,304,Land Mobile,Land Mobile System - > 30MHz,2026-03-17,2026-03-17,2027-03-23,1,Granted,11638438,1148302_App_Sub_008388,,,
11638220/1,439082,3,304,Land Mobile,Land Mobile System - > 30MHz,2026-03-17,2026-03-17,2027-03-23,1,Granted,11638447,1130096_RD382F,,,
11638224/1,439082,3,304,Land Mobile,Land Mobile System - > 30MHz,2026-03-17,2026-03-17,2027-03-23,1,Granted,11638449,1130096_RD382G,,,
11638231/1,439082,3,304,Land Mobile,Land Mobile System - > 30MHz,2026-03-17,2026-03-17,2027-03-23,1,Granted,11638507,1130096_RD382Ha,,,
11651328/1,1144688,3,304,Land Mobile,Land Mobile System - > 30MHz,2026-03-06,2026-03-06,2027-04-05,1,Granted,11651476,20038343_LMS_RFC65,,,
11673942/1,20047873,3,304,Land Mobile,Land Mobile System - > 30MHz,2026-05-11,2026-05-11,2027-05-08,1,Granted,11674106,20038343_LMS_GD1050_1,,,
11683120/1,20053835,2,203,Fixed,Point to Point,2026-04-11,2026-04-11,2028-05-19,1,Granted,11685115,1148302_App_Sub_008710,,,
11689983/1,84379,2,203,Fixed,Point to Point,2026-08-16,2026-08-16,2027-08-31,1,Granted,11690385,20016317_JSMFAC9656,,,
11690374/1,84379,3,304,Land Mobile,Land Mobile System - > 30MHz,2026-08-16,2026-08-16,2027-08-31,1,Granted,11691583,20016317_JSMFAC9660,,,
11691494/1,58050,2,203,Fixed,Point to Point,2026-04-20,2026-04-20,2027-05-04,1,Granted,11691625,20016317_JSMFAC9665,,,
11695123/1,58050,2,203,Fixed,Point to Point,2026-04-20,2026-04-20,2027-05-04,1,Granted,11695623,20016317_JSMFAC9693,,,
11704823/1,20037316,3,304,Land Mobile,Land Mobile System - > 30MHz,2026-05-29,2026-05-29,2027-06-11,1,Granted,11704925,20025735_220271_03_of_03,,,
1170638/1,1156969,1,110,Broadcasting,Community Broadcasting,2026-03-11,2026-03-11,2027-04-06,1,Granted,10013737,,,1150107,
11710794/2,20053835,2,203,Fixed,Point to Point,2026-04-11,2026-04-11,2028-05-19,1,Granted,12030677,1148302_App_Sub_010531,,,
11720242/1,455305,3,304,Land Mobile,Land Mobile System - > 30MHz,2026-01-08,2026-01-08,2027-01-01,1,Granted,11720557,20025735_220180_02_of_04,,,
11720517/2,20053835,2,203,Fixed,Point to Point,2026-04-11,2026-04-11,2028-05-19,1,Granted,12634060,20056206_App_Sub_012757,,,
11720518/2,20053835,2,203,Fixed,Point to Point,2026-04-11,2026-04-11,2028-05-19,1,Granted,12634061,20056206_App_Sub_012757,,,
11732860/1,20008537,3,304,Land Mobile,Land Mobile System - > 30MHz,2026-06-24,2026-06-24,2027-07-15,1,Granted,11733927,20011258_RIC144,,,
11743907/1,435100,18,181,Radiodetermination,Radiodetermination,2025-09-12,2025-09-12,2026-09-23,1,Granted,11744245,1142972_BOM-DarlingDowns-S-Radar,,,
11747557/1,20013683,3,304,Land Mobile,Land Mobile System - > 30MHz,2026-07-30,2026-07-30,2026-11-05,1,Granted,11750638,20025735_220350_01_of_02_resub,,,
11747558/1,20013683,3,304,Land Mobile,Land Mobile System - > 30MHz,2026-07-30,2026-07-30,2026-11-05,1,Granted,11750639,20025735_220350_02_of_02_resub,,,
11747576/1,20053835,2,203,Fixed,Point to Point,2026-04-11,2026-04-11,2028-05-19,1,Granted,11749019,1148302_App_Sub_009167,,,
11747577/1,20053835,2,203,Fixed,Point to Point,2026-04-11,2026-04-11,2028-05-19,1,Granted,11749020,1148302_App_Sub_009167,,,
11747621/1,555861,3,304,Land Mobile,Land Mobile System - > 30MHz,2025-11-28,2025-11-28,2026-11-30,1,Granted,11749033,20038343_LMS_PC618_8,,,
11752463/1,20039815,3,304,Land Mobile,Land Mobile System - > 30MHz,2026-02-20,2026-02-20,2027-03-23,1,Granted,11752887,20038343_LMS_RCS432,,,
11752992/1,20039815,3,304,Land Mobile,Land Mobile System - > 30MHz,2026-02-20,2026-02-20,2027-03-23,1,Granted,11753248,20038343_LMS_RCS433_1,,,
11752993/1,20039815,3,304,Land Mobile,Land Mobile System - > 30MHz,2026-02-20,2026-02-20,2027-03-23,1,Granted,11753249,20038343_LMS_RCS433_2,,,
11752994/1,20039815,3,304,Land Mobile,Land Mobile System - > 30MHz,2026-02-20,2026-02-20,2027-03-23,1,Granted,11753250,20038343_LMS_RCS433_3,,,
11766117/1,20013966,1,105,Broadcasting,Narrowcasting Service (LPON),2026-06-16,2026-06-16,2027-07-01,1,Granted,11766912,,,,
11772323/2,8129031,2,203,Fixed,Point to Point,2026-04-22,2026-04-22,2027-05-31,1,Granted,11790575,20006728_NBN_ptpt_4TUL_VAR1_160922,,,
11772325/2,8129031,2,203,Fixed,Point to Point,2026-04-22,2026-04-22,2027-05-31,1,Granted,11790576,20006728_NBN_ptpt_4TUL_VAR2_160922,,,
11775094/1,8129031,2,203,Fixed,Point to Point,2026-04-22,2026-04-22,2027-05-31,1,Granted,11775888,20006728_NBN_ptpt_4BIL_120922,,,
11775095/1,8129031,2,203,Fixed,Point to Point,2026-04-22,2026-04-22,2027-05-31,1,Granted,11775889,20006728_NBN_ptpt_4BIL_120922,,,
11775096/1,8129031,2,203,Fixed,Point to Point,2026-04-22,2026-04-22,2027-05-31,1,Granted,11775890,20006728_NBN_ptpt_4BIL_120922,,,
11775097/2,8129031,2,203,Fixed,Point to Point,2026-04-22,2026-04-22,2027-05-31,1,Granted,11793014,20006728_NBN_ptpt_4BIL_VAR6_041022,,,
11775098/1,8129031,2,203,Fixed,Point to Point,2026-04-22,2026-04-22,2027-05-31,1,Granted,11775892,20006728_NBN_ptpt_4BIL_120922,,,
11781235/1,20017363,2,203,Fixed,Point to Point,2026-08-11,2026-08-11,2027-09-19,1,Granted,11782455,20029601_APP_OP-00562,,,
11781265/1,20017363,2,203,Fixed,Point to Point,2026-08-11,2026-08-11,2027-09-19,1,Granted,11782456,20029601_APP_OP-00562-00563,,,
11781267/1,20017363,2,203,Fixed,Point to Point,2026-08-11,2026-08-11,2027-09-19,1,Granted,11782457,20029601_APP_OP-00562-00563,,,
11791083/1,439082,3,304,Land Mobile,Land Mobile System - > 30MHz,2026-03-17,2026-03-17,2027-03-23,1,Granted,11791163,20038343_LMS_RCS439_2,,,
11797095/1,84379,2,203,Fixed,Point to Point,2026-08-16,2026-08-16,2027-08-31,1,Granted,11799422,20016317_JSMFAC10239,,,
11799709/1,84379,3,304,Land Mobile,Land Mobile System - > 30MHz,2026-08-16,2026-08-16,2027-08-31,1,Granted,11799762,20016317_JSMFAC10254,,,
1180141/1,455305,3,304,Land Mobile,Land Mobile System - > 30MHz,2026-06-30,2026-06-30,2027-01-01,1,Granted,9694583,,,,
11814247/1,1144435,3,304,Land Mobile,Land Mobile System - > 30MHz,2026-03-19,2026-03-19,2027-03-17,1,Granted,11815654,20011258_GD1126_1,,,
11814269/1,1144435,3,304,Land Mobile,Land Mobile System - > 30MHz,2026-03-19,2026-03-19,2027-03-17,1,Granted,11815655,20011258_GD1126_2,,,
11815663/1,1144435,3,304,Land Mobile,Land Mobile System - > 30MHz,2026-03-19,2026-03-19,2027-03-17,1,Granted,11815962,20011258_GD1126_8,,,
1181783/1,79946,2,203,Fixed,Point to Point,2026-05-11,2026-05-11,2027-05-30,1,Granted,9686636,,,,
11818445/1,1144723,2,203,Fixed,Point to Point,2025-11-19,2025-11-19,2026-10-22,1,Granted,11819443,1148302_App_Sub_009457,,,
11818446/2,1144723,2,203,Fixed,Point to Point,2025-11-19,2025-11-19,2026-10-22,1,Granted,11935928,1148302_App_Sub_009950,,,
11818448/1,1144723,2,203,Fixed,Point to Point,2025-11-19,2025-11-19,2026-10-22,1,Granted,11819446,1148302_App_Sub_009457,,,
11818449/1,1144723,2,203,Fixed,Point to Point,2025-11-19,2025-11-19,2026-10-22,1,Granted,11819447,1148302_App_Sub_009457,,,
11818450/1,1144723,2,203,Fixed,Point to Point,2025-11-19,2025-11-19,2026-10-22,1,Granted,11819448,1148302_App_Sub_009457,,,
11818454/1,1144723,2,203,Fixed,Point to Point,2025-11-19,2025-11-19,2026-10-22,1,Granted,11819451,1148302_App_Sub_009457,,,
11818455/1,1144723,2,203,Fixed,Point to Point,2025-11-19,2025-11-19,2026-10-22,1,Granted,11819452,1148302_App_Sub_009457,,,
1181927/1,1140545,3,304,Land Mobile,Land Mobile System - > 30MHz,2026-08-03,2026-08-03,2027-08-07,1,Granted,9695228,,,,
1181929/1,1140545,3,304,Land Mobile,Land Mobile System - > 30MHz,2026-08-03,2026-08-03,2027-08-07,1,Granted,9695230,,,,
1181981/1,1140545,3,304,Land Mobile,Land Mobile System - > 30MHz,2026-08-03,2026-08-03,2027-08-09,1,Granted,9695259,,,,
11820637/1,439082,3,304,Land Mobile,Land Mobile System - > 30MHz,2026-03-17,2026-03-17,2027-03-23,1,Granted,11821043,20038343_LMS_RCS439_3,,,
1182197/1,5832,3,304,Land Mobile,Land Mobile System - > 30MHz,2026-05-20,2026-05-20,2027-06-29,1,Granted,9695371,,,,
1184704/1,435100,2,200,Fixed,Point to Multipoint,2025-09-12,2025-09-12,2026-09-23,1,Granted,9845192,,,,
118511/1,60974,3,304,Land Mobile,Land Mobile System - > 30MHz,2026-02-11,2026-02-11,2027-03-01,1,Granted,9666219,,,,
11851418/1,20017363,2,203,Fixed,Point to Point,2025-10-09,2025-10-09,2026-11-17,1,Granted,11851976,20029601_APP_OP-00706,,,
1185231/1,1144665,3,304,Land Mobile,Land Mobile System - > 30MHz,2025-06-25,2025-06-25,2026-06-30,10,Expired,9697058,,,,
1185232/1,1144665,3,304,Land Mobile,Land Mobile System - > 30MHz,2025-06-25,2025-06-25,2026-06-30,10,Expired,9697061,,,,
1185487/2,20037563,3,304,Land Mobile,Land Mobile System - > 30MHz,2025-09-23,2025-09-23,2026-09-26,1,Granted,10529204,,,,
1185488/2,20037563,3,304,Land Mobile,Land Mobile System - > 30MHz,2025-09-23,2025-09-23,2026-09-26,1,Granted,10529205,,,,
11856633/1,1144435,2,203,Fixed,Point to Point,2026-03-19,2026-03-19,2027-03-17,1,Granted,11858401,20011258_GD1126_P2P_1,,,
11856634/1,1144435,2,203,Fixed,Point to Point,2026-03-19,2026-03-19,2027-03-17,1,Granted,11858402,20011258_GD1126_P2P_2,,,
11856635/1,1144435,2,203,Fixed,Point to Point,2026-03-19,2026-03-19,2027-03-17,1,Granted,11858403,20011258_GD1126_P2P_3,,,
11856636/1,1144435,2,203,Fixed,Point to Point,2026-03-19,2026-03-19,2027-03-17,1,Granted,11858404,20011258_GD1126_P2P_4,,,
11856640/1,1144435,2,203,Fixed,Point to Point,2026-03-19,2026-03-19,2027-03-17,1,Granted,11858405,20011258_GD1126_P2P_5,,,
11856641/1,1144435,2,203,Fixed,Point to Point,2026-03-19,2026-03-19,2027-03-17,1,Granted,11858406,20011258_GD1126_P2P_6,,,
11856663/1,1144435,2,203,Fixed,Point to Point,2026-03-19,2026-03-19,2027-03-17,1,Granted,11858407,20011258_GD1126_P2P_7,,,
11856697/1,1144435,2,203,Fixed,Point to Point,2026-03-19,2026-03-19,2027-03-17,1,Granted,11858409,20011258_GD1126_P2P_9,,,
118567/2,1147378,3,307,Land Mobile,Paging System - Exterior,2026-05-01,2026-05-01,2027-05-23,1,Granted,12243801,20011258_NOR30_paging_1,,,
1185670/1,58050,2,203,Fixed,Point to Point,2026-04-20,2026-04-20,2027-05-04,1,Granted,9687320,,,,
11856701/1,1144435,2,203,Fixed,Point to Point,2026-03-19,2026-03-19,2027-03-17,1,Granted,11858410,20011258_GD1126_P2P_10,,,
11856711/1,1144435,2,203,Fixed,Point to Point,2026-03-19,2026-03-19,2027-03-17,1,Granted,11858411,20011258_GD1126_P2P_11,,,
11856712/1,1144435,2,203,Fixed,Point to Point,2026-03-19,2026-03-19,2027-03-17,1,Granted,11858412,20011258_GD1126_P2P_12,,,
1185673/1,58050,2,203,Fixed,Point to Point,2026-04-20,2026-04-20,2027-05-04,1,Granted,9687323,,,,
1185675/1,58050,2,203,Fixed,Point to Point,2026-04-20,2026-04-20,2027-05-04,1,Granted,9687327,,,,
1185676/1,58050,2,203,Fixed,Point to Point,2026-04-20,2026-04-20,2027-05-04,1,Granted,9687329,,,,
118569/2,1147378,2,203,Fixed,Point to Point,2026-05-01,2026-05-01,2027-05-23,1,Granted,12246334,20011258_NOR30_vary_2,,,
1185817/1,435100,2,200,Fixed,Point to Multipoint,2025-09-12,2025-09-12,2026-09-23,1,Granted,9845195,,,,
1185818/1,435100,2,200,Fixed,Point to Multipoint,2025-09-12,2025-09-12,2026-09-23,1,Granted,9845196,,,,
11858788/1,58050,3,304,Land Mobile,Land Mobile System - > 30MHz,2026-04-20,2026-04-20,2027-05-04,1,Granted,11861105,20016317_JSMFAC10498,,,
1186023/1,270141,3,304,Land Mobile,Land Mobile System - > 30MHz,2026-05-21,2026-05-21,2027-06-30,1,Granted,9697702,,,,
1186401/1,1147602,3,304,Land Mobile,Land Mobile System - > 30MHz,2026-06-07,2026-06-07,2027-07-17,1,Granted,9697944,,,,
1186524/1,521072,3,304,Land Mobile,Land Mobile System - > 30MHz,2025-08-29,2025-08-29,2026-09-30,1,Granted,9862837,,,,
11870554/1,1144435,2,200,Fixed,Point to Multipoint,2026-03-19,2026-03-19,2027-03-17,1,Granted,11872190,20011258_GD1126_PMP_2,,,
118731/1,61281,3,304,Land Mobile,Land Mobile System - > 30MHz,2026-06-11,2026-06-11,2027-05-29,1,Granted,9666222,,,,
1187339/1,20053835,2,203,Fixed,Point to Point,2026-04-11,2026-04-11,2028-05-19,1,Granted,9687743,,,,
11879766/1,58050,3,304,Land Mobile,Land Mobile System - > 30MHz,2026-04-20,2026-04-20,2027-05-04,1,Granted,11883750,20016317_JSMFAC10536,,,
1188236/1,20053835,2,203,Fixed,Point to Point,2026-04-11,2026-04-11,2028-05-19,1,Granted,9687989,,,,
11883708/1,52399,3,304,Land Mobile,Land Mobile System - > 30MHz,2026-02-27,2026-02-27,2027-02-26,1,Granted,11883851,20016317_JSMFAC10542,,,
11883711/1,52399,3,304,Land Mobile,Land Mobile System - > 30MHz,2026-02-27,2026-02-27,2027-02-26,1,Granted,11883854,20016317_JSMFAC10542,,,
11883712/1,52399,3,304,Land Mobile,Land Mobile System - > 30MHz,2026-02-27,2026-02-27,2027-02-26,1,Granted,11883855,20016317_JSMFAC10542,,,
1188600/1,1149181,3,304,Land Mobile,Land Mobile System - > 30MHz,2026-01-09,2026-01-09,2027-01-20,1,Granted,9698645,,,,
1189259/1,1103909,1,107,Broadcasting,National Broadcasting,2025-10-22,2025-10-22,2026-11-30,1,Granted,10014337,,,,
11893375/1,58050,2,203,Fixed,Point to Point,2026-04-20,2026-04-20,2027-05-04,1,Granted,11893473,20016317_JSMFAC10596,,,
11893576/1,1148961,2,206,Fixed,Point to Point (Self Coordinated),2026-05-18,2026-05-18,2027-05-26,1,Granted,11894774,1148302_App_Sub_009787,,,
11893585/1,1148961,2,203,Fixed,Point to Point,2026-05-18,2026-05-18,2027-05-26,1,Granted,11894783,1148302_App_Sub_009788,,,
11893586/1,1148961,2,203,Fixed,Point to Point,2026-05-18,2026-05-18,2027-05-26,1,Granted,11894784,1148302_App_Sub_009788,,,
11893587/1,1148961,2,203,Fixed,Point to Point,2026-05-18,2026-05-18,2027-05-26,1,Granted,11894785,1148302_App_Sub_009788,,,
11897725/1,20017363,2,203,Fixed,Point to Point,2025-11-13,2025-11-13,2026-12-22,1,Granted,11897745,20029601_APP_OP-00792-00793-00794,,,
11897726/1,20017363,2,203,Fixed,Point to Point,2025-11-13,2025-11-13,2026-12-22,1,Granted,11897746,20029601_APP_OP-00792-00793-00794,,,
11897835/1,20017363,2,203,Fixed,Point to Point,2025-11-24,2025-11-24,2027-01-02,1,Granted,11898643,20029601_APP_OP-00794-00795,,,
11897836/1,20017363,2,203,Fixed,Point to Point,2025-11-24,2025-11-24,2027-01-02,1,Granted,11898644,20029601_APP_OP-00794-00795,,,
1189998/1,20004872,3,308,Land Mobile,Paging System - Interior,2026-04-24,2026-04-24,2027-04-30,1,Granted,9699272,,,,
1190038/2,20041324,3,304,Land Mobile,Land Mobile System - > 30MHz,2025-12-19,2025-12-19,2026-12-31,1,Granted,10730032,,,,
1190039/2,20041324,3,304,Land Mobile,Land Mobile System - > 30MHz,2025-12-19,2025-12-19,2026-12-31,1,Granted,10730033,,,,
1190066/1,1147602,5,501,Maritime Coast,Limited Coast Assigned System,2026-06-07,2026-06-07,2027-07-17,1,Granted,9639821,,,,
11902485/1,20017363,2,203,Fixed,Point to Point,2025-12-02,2025-12-02,2027-01-10,1,Granted,11902534,20029601_APP_OP-00860,,,
11902498/1,8129031,2,203,Fixed,Point to Point,2026-04-22,2026-04-22,2027-05-31,1,Granted,11902548,1148302_App_Sub_009841,,,
11902499/1,8129031,2,203,Fixed,Point to Point,2026-04-22,2026-04-22,2027-05-31,1,Granted,11902549,1148302_App_Sub_009841,,,
11902500/2,8129031,2,203,Fixed,Point to Point,2026-04-22,2026-04-22,2027-05-31,1,Granted,12308218,20056206_App_Sub_012121,,,
11902501/2,8129031,2,203,Fixed,Point to Point,2026-04-22,2026-04-22,2027-05-31,1,Granted,12308219,20056206_App_Sub_012121,,,
11902516/1,20017363,2,203,Fixed,Point to Point,2025-12-02,2025-12-02,2027-01-10,1,Granted,11902579,20029601_APP_OP-00863,,,
11902728/2,8129031,2,203,Fixed,Point to Point,2026-04-22,2026-04-22,2027-05-31,1,Granted,12308206,20056206_App_Sub_012122,,,
11902729/2,8129031,2,203,Fixed,Point to Point,2026-04-22,2026-04-22,2027-05-31,1,Granted,12308207,20056206_App_Sub_012122,,,
11902730/2,8129031,2,203,Fixed,Point to Point,2026-04-22,2026-04-22,2027-05-31,1,Granted,12308208,20056206_App_Sub_012122,,,
11902731/2,8129031,2,203,Fixed,Point to Point,2026-04-22,2026-04-22,2027-05-31,1,Granted,12308209,20056206_App_Sub_012122,,,
1190297/2,270141,3,304,Land Mobile,Land Mobile System - > 30MHz,2026-05-21,2026-05-21,2027-06-30,1,Granted,11799423,20016317_JSMFAC10240,,,
1190337/1,270141,2,203,Fixed,Point to Point,2026-05-21,2026-05-21,2027-06-30,1,Granted,9688490,,,,
1190425/1,439082,3,304,Land Mobile,Land Mobile System - > 30MHz,2026-03-17,2026-03-17,2027-03-23,1,Granted,9699500,,,,
1190426/3,439082,3,304,Land Mobile,Land Mobile System - > 30MHz,2026-03-17,2026-03-17,2027-03-23,1,Granted,12827684,20056206_App_Sub_013651,,,
1190427/4,439082,3,304,Land Mobile,Land Mobile System - > 30MHz,2026-03-17,2026-03-17,2027-03-23,1,Granted,12827685,20056206_App_Sub_013651,,,
1190428/1,439082,3,304,Land Mobile,Land Mobile System - > 30MHz,2026-03-17,2026-03-17,2027-03-23,1,Granted,9699505,,,,
1190429/1,439082,3,304,Land Mobile,Land Mobile System - > 30MHz,2026-03-17,2026-03-17,2027-03-23,1,Granted,9699506,,,,
1190430/1,439082,3,304,Land Mobile,Land Mobile System - > 30MHz,2026-03-17,2026-03-17,2027-03-23,1,Granted,9699507,,,,
1190431/1,439082,3,304,Land Mobile,Land Mobile System - > 30MHz,2026-03-17,2026-03-17,2027-03-23,1,Granted,9699509,,,,
1190432/1,439082,3,304,Land Mobile,Land Mobile System - > 30MHz,2026-03-17,2026-03-17,2027-03-23,1,Granted,9699511,,,,
1190470/1,439082,3,304,Land Mobile,Land Mobile System - > 30MHz,2026-03-17,2026-03-17,2027-03-23,1,Granted,9699523,,,,
1190472/1,439082,3,304,Land Mobile,Land Mobile System - > 30MHz,2026-03-17,2026-03-17,2027-03-23,1,Granted,9699526,,,,
1190473/1,439082,3,304,Land Mobile,Land Mobile System - > 30MHz,2026-03-17,2026-03-17,2027-03-23,1,Granted,9699528,,,,
1190476/1,439082,3,304,Land Mobile,Land Mobile System - > 30MHz,2026-03-17,2026-03-17,2027-03-23,1,Granted,9699530,,,,
1190477/1,439082,3,304,Land Mobile,Land Mobile System - > 30MHz,2026-03-17,2026-03-17,2027-03-23,1,Granted,9699532,,,,
1191121/1,1139904,3,304,Land Mobile,Land Mobile System - > 30MHz,2026-05-01,2026-05-01,2027-05-16,1,Granted,9699837,,,,
1191122/1,1139904,3,304,Land Mobile,Land Mobile System - > 30MHz,2026-05-01,2026-05-01,2027-05-16,1,Granted,9699839,,,,
1191123/1,1139904,3,304,Land Mobile,Land Mobile System - > 30MHz,2026-05-01,2026-05-01,2027-05-16,1,Granted,9699841,,,,
1191124/1,1139904,3,304,Land Mobile,Land Mobile System - > 30MHz,2026-05-01,2026-05-01,2027-05-16,1,Granted,9699843,,,,
1191125/1,1139904,3,304,Land Mobile,Land Mobile System - > 30MHz,2026-05-01,2026-05-01,2027-05-16,1,Granted,9699845,,,,
1191126/1,1139904,3,304,Land Mobile,Land Mobile System - > 30MHz,2026-05-01,2026-05-01,2027-05-16,1,Granted,9699846,,,,
1192510/1,59938,5,501,Maritime Coast,Limited Coast Assigned System,2025-09-25,2025-09-25,2026-09-22,1,Granted,9852134,,,,
1192511/1,59938,5,501,Maritime Coast,Limited Coast Assigned System,2025-09-25,2025-09-25,2026-09-22,1,Granted,9852135,,,,
1192512/1,59938,5,501,Maritime Coast,Limited Coast Assigned System,2025-09-25,2025-09-25,2026-09-22,1,Granted,9852136,,,,
11927521/1,20053835,2,203,Fixed,Point to Point,2026-04-11,2026-04-11,2028-05-19,1,Granted,11928511,1148302_App_Sub_009918,,,
1192876/2,79946,2,203,Fixed,Point to Point,2026-05-11,2026-05-11,2027-05-30,1,Granted,11632837,1148302_App_Sub_008346,,,
1192900/1,20004872,3,307,Land Mobile,Paging System - Exterior,2026-04-24,2026-04-24,2027-04-30,1,Granted,9700513,,,,
11932615/1,79601,2,203,Fixed,Point to Point,2025-08-29,2025-08-29,2026-09-30,1,Granted,11933903,20016317_JSMFAC10694,,,
11932616/1,79601,2,203,Fixed,Point to Point,2025-08-29,2025-08-29,2026-09-30,1,Granted,11933904,20016317_JSMFAC10694,,,
11935995/1,1170617,1,108,Broadcasting,Commercial Radio,2023-02-07,2023-02-07,2027-02-20,1,Granted,11937365,,,1150711,
1193867/1,1141962,3,308,Land Mobile,Paging System - Interior,2026-08-19,2026-08-19,2027-08-19,1,Granted,9793650,,,,
11949144/2,20062276,3,304,Land Mobile,Land Mobile System - > 30MHz,2026-01-22,2026-01-22,2027-02-09,1,Granted,12754575,20011258_GD1157,,,
119594/1,1149315,3,304,Land Mobile,Land Mobile System - > 30MHz,2026-02-19,2026-02-19,2027-03-19,1,Granted,9666237,,,,
11961110/1,20017363,2,203,Fixed,Point to Point,2026-01-06,2026-01-06,2027-02-14,1,Granted,11961538,20029601_APP_OP-00992-00993,,,
11961111/1,20017363,2,203,Fixed,Point to Point,2026-01-06,2026-01-06,2027-02-14,1,Granted,11961539,20029601_APP_OP-00992-00993,,,
11961117/1,20046011,2,203,Fixed,Point to Point,2025-09-25,2025-09-25,2026-10-14,1,Granted,11961541,20025735_230037_Kalpowar,,,
11963549/1,20046011,3,304,Land Mobile,Land Mobile System - > 30MHz,2025-09-25,2025-09-25,2026-10-14,1,Granted,11967479,20025735_230037_F01_of_15,,,
11963551/1,20046011,3,304,Land Mobile,Land Mobile System - > 30MHz,2025-09-25,2025-09-25,2026-10-14,1,Granted,11967480,20025735_230037_F02_of_15,,,
11963552/1,20046011,3,304,Land Mobile,Land Mobile System - > 30MHz,2025-09-25,2025-09-25,2026-10-14,1,Granted,11967481,20025735_230037_F03_of_15,,,
11963553/1,20046011,3,304,Land Mobile,Land Mobile System - > 30MHz,2025-09-25,2025-09-25,2026-10-14,1,Granted,11967482,20025735_230037_F04_of_15,,,
11963554/1,20046011,3,304,Land Mobile,Land Mobile System - > 30MHz,2025-09-25,2025-09-25,2026-10-14,1,Granted,11967483,20025735_230037_F05_of_15,,,
11963555/1,20046011,3,304,Land Mobile,Land Mobile System - > 30MHz,2025-09-25,2025-09-25,2026-10-14,1,Granted,11967484,20025735_230037_F06_of_15,,,
11963556/1,20046011,3,304,Land Mobile,Land Mobile System - > 30MHz,2025-09-25,2025-09-25,2026-10-14,1,Granted,11967485,20025735_230037_F07_of_15,,,
11963557/1,20046011,3,304,Land Mobile,Land Mobile System - > 30MHz,2025-09-25,2025-09-25,2026-10-14,1,Granted,11967486,20025735_230037_F08_of_15,,,
11963558/1,20046011,3,304,Land Mobile,Land Mobile System - > 30MHz,2025-09-25,2025-09-25,2026-10-14,1,Granted,11967487,20025735_230037_F09_of_15,,,
11963559/1,20046011,3,304,Land Mobile,Land Mobile System - > 30MHz,2025-09-25,2025-09-25,2026-10-14,1,Granted,11967488,20025735_230037_F10_of_15,,,
11963560/1,20046011,3,304,Land Mobile,Land Mobile System - > 30MHz,2025-09-25,2025-09-25,2026-10-14,1,Granted,11967489,20025735_230037_F11_of_15,,,
11963561/1,20046011,3,304,Land Mobile,Land Mobile System - > 30MHz,2025-09-25,2025-09-25,2026-10-14,1,Granted,11967490,20025735_230037_F12_of_15,,,
11963562/1,20046011,3,304,Land Mobile,Land Mobile System - > 30MHz,2025-09-25,2025-09-25,2026-10-14,1,Granted,11967491,20025735_230037_F13_of_15,,,
11963563/1,20046011,3,304,Land Mobile,Land Mobile System - > 30MHz,2025-09-25,2025-09-25,2026-10-14,1,Granted,11967492,20025735_230037_F14_of_15,,,
11963564/1,20046011,3,304,Land Mobile,Land Mobile System - > 30MHz,2025-09-25,2025-09-25,2026-10-14,1,Granted,11967493,20025735_230037_F15_of_15,,,
11963565/1,20046011,3,304,Land Mobile,Land Mobile System - > 30MHz,2025-09-25,2025-09-25,2026-10-14,1,Granted,11967494,20025735_230037_K01_of_02,,,
11963566/1,20046011,3,304,Land Mobile,Land Mobile System - > 30MHz,2025-09-25,2025-09-25,2026-10-14,1,Granted,11967495,20025735_230037_K02_of_02,,,
1198676/1,1103909,1,107,Broadcasting,National Broadcasting,2025-10-22,2025-10-22,2026-11-30,1,Granted,10014707,,,,
1198702/1,1103909,1,107,Broadcasting,National Broadcasting,2025-10-22,2025-10-22,2026-11-30,1,Granted,10014727,,,,
1198762/1,1103909,1,107,Broadcasting,National Broadcasting,2025-10-22,2025-10-22,2026-11-30,1,Granted,10014780,,,,
11988219/2,20053835,2,203,Fixed,Point to Point,2026-04-11,2026-04-11,2028-05-19,1,Granted,12809660,20056206_App_Sub_013514,,,
11988220/2,20053835,2,203,Fixed,Point to Point,2026-04-11,2026-04-11,2028-05-19,1,Granted,12809661,20056206_App_Sub_013514,,,
11990084/1,84379,2,203,Fixed,Point to Point,2026-08-16,2026-08-16,2027-08-31,1,Granted,11990247,20016317_JSMFAC11001,,,
12016948/1,79946,2,203,Fixed,Point to Point,2026-05-11,2026-05-11,2027-05-30,1,Granted,12017862,1148302_App_Sub_010473,,,
12028480/1,20017363,2,203,Fixed,Point to Point,2026-03-13,2026-03-13,2027-04-21,1,Granted,12029260,20029601_APP_OP-00308-00309,,,
12028481/1,20017363,2,203,Fixed,Point to Point,2026-03-13,2026-03-13,2027-04-21,1,Granted,12029261,20029601_APP_OP-00308-00309,,,
12030310/1,20004872,3,308,Land Mobile,Paging System - Interior,2026-04-24,2026-04-24,2027-04-30,1,Granted,12030684,20011258_GD1214_1,,,
12030318/1,20004872,3,308,Land Mobile,Paging System - Interior,2026-04-24,2026-04-24,2027-04-30,1,Granted,12030686,20011258_GD1214_2,,,
12031435/1,82694,2,203,Fixed,Point to Point,2025-11-26,2025-11-26,2026-12-01,1,Granted,12031988,1148302_App_Sub_010554,,,
120348/2,20036497,3,304,Land Mobile,Land Mobile System - > 30MHz,2026-03-11,2026-03-11,2027-03-19,1,Granted,10441577,,,,
12042442/1,8129031,2,203,Fixed,Point to Point,2026-04-22,2026-04-22,2027-05-31,1,Granted,12042881,1148302_App_Sub_010601,,,
12042443/1,8129031,2,203,Fixed,Point to Point,2026-04-22,2026-04-22,2027-05-31,1,Granted,12042882,1148302_App_Sub_010601,,,
12042444/1,8129031,2,203,Fixed,Point to Point,2026-04-22,2026-04-22,2027-05-31,1,Granted,12042883,1148302_App_Sub_010601,,,
12042445/1,8129031,2,203,Fixed,Point to Point,2026-04-22,2026-04-22,2027-05-31,1,Granted,12042884,1148302_App_Sub_010601,,,
12043661/1,521072,3,304,Land Mobile,Land Mobile System - > 30MHz,2025-08-29,2025-08-29,2026-09-30,1,Granted,12044026,20016317_JSMFAC11243,,,
12044188/1,8129031,2,203,Fixed,Point to Point,2026-04-22,2026-04-22,2027-05-31,1,Granted,12047223,1148302_App_Sub_010640,,,
12044189/1,8129031,2,203,Fixed,Point to Point,2026-04-22,2026-04-22,2027-05-31,1,Granted,12047224,1148302_App_Sub_010640,,,
12044190/1,8129031,2,203,Fixed,Point to Point,2026-04-22,2026-04-22,2027-05-31,1,Granted,12047225,1148302_App_Sub_010640,,,
12044191/1,8129031,2,203,Fixed,Point to Point,2026-04-22,2026-04-22,2027-05-31,1,Granted,12047226,1148302_App_Sub_010640,,,
1205104/1,5832,3,307,Land Mobile,Paging System - Exterior,2026-05-20,2026-05-20,2027-06-29,1,Granted,9702579,,,,
1205109/1,5832,3,307,Land Mobile,Paging System - Exterior,2026-05-20,2026-05-20,2027-06-29,1,Granted,9702587,,,,
1205111/1,5832,3,307,Land Mobile,Paging System - Exterior,2026-05-20,2026-05-20,2027-06-29,1,Granted,9702591,,,,
1205114/1,5832,3,307,Land Mobile,Paging System - Exterior,2026-05-20,2026-05-20,2027-06-29,1,Granted,9702596,,,,
1205118/1,5832,3,307,Land Mobile,Paging System - Exterior,2026-05-20,2026-05-20,2027-06-29,1,Granted,9702602,,,,
1205126/1,5832,3,307,Land Mobile,Paging System - Exterior,2026-05-20,2026-05-20,2027-06-29,1,Granted,9702609,,,,
12055788/1,52399,3,304,Land Mobile,Land Mobile System - > 30MHz,2026-01-21,2026-01-21,2027-01-24,1,Granted,12055819,20016317_JSMFAC11280,,,
12055789/1,52399,3,304,Land Mobile,Land Mobile System - > 30MHz,2026-01-21,2026-01-21,2027-01-24,1,Granted,12055820,20016317_JSMFAC11280,,,
12055796/1,52399,3,304,Land Mobile,Land Mobile System - > 30MHz,2026-01-21,2026-01-21,2027-01-24,1,Granted,12055827,20016317_JSMFAC11280,,,
12055798/1,52399,3,303,Land Mobile,CBRS Repeater,2026-01-21,2026-01-21,2027-01-24,1,Granted,12055844,20016317_JSMFAC11281,,,
12056124/1,52399,3,303,Land Mobile,CBRS Repeater,2026-01-21,2026-01-21,2027-01-24,1,Granted,12056206,20016317_JSMFAC11286,,,
1206071/1,20053835,2,203,Fixed,Point to Point,2026-04-11,2026-04-11,2028-05-19,1,Granted,9690263,,,,
1206088/1,5832,3,307,Land Mobile,Paging System - Exterior,2026-05-20,2026-05-20,2027-06-29,1,Granted,9702760,,,,
1206089/1,5832,3,307,Land Mobile,Paging System - Exterior,2026-05-20,2026-05-20,2027-06-29,1,Granted,9702773,,,,
1206090/1,5832,3,307,Land Mobile,Paging System - Exterior,2026-05-20,2026-05-20,2027-06-29,1,Granted,9702775,,,,
120610/2,20036497,3,304,Land Mobile,Land Mobile System - > 30MHz,2026-03-11,2026-03-11,2027-03-19,1,Granted,10441593,,,,
1207069/1,5832,3,307,Land Mobile,Paging System - Exterior,2026-05-20,2026-05-20,2027-06-29,1,Granted,9702945,,,,
12072769/1,20004872,3,307,Land Mobile,Paging System - Exterior,2026-04-24,2026-04-24,2027-04-30,1,Granted,12072824,20011258_GD1239,,,
12079321/2,8129031,2,203,Fixed,Point to Point,2026-04-22,2026-04-22,2027-05-31,1,Granted,12907995,20056206_App_Sub_014275,,,
12079322/2,8129031,2,203,Fixed,Point to Point,2026-04-22,2026-04-22,2027-05-31,1,Granted,12907996,20056206_App_Sub_014275,,,
12079323/2,8129031,2,203,Fixed,Point to Point,2026-04-22,2026-04-22,2027-05-31,1,Granted,12907997,20056206_App_Sub_014275,,,
12079324/2,8129031,2,203,Fixed,Point to Point,2026-04-22,2026-04-22,2027-05-31,1,Granted,12907998,20056206_App_Sub_014275,,,
120808/1,62687,6,602,Amateur,Amateur Repeater,2026-01-13,2026-01-13,2027-09-07,1,Granted,9649327,,,,
1208229/3,20008471,3,307,Land Mobile,Paging System - Exterior,2025-11-27,2025-11-27,2027-01-05,1,Granted,11142005,1103264_DB1647Z,,,
1209493/1,5832,3,307,Land Mobile,Paging System - Exterior,2026-05-20,2026-05-20,2027-06-29,1,Granted,9703676,,,,
1209494/1,5832,3,307,Land Mobile,Paging System - Exterior,2026-05-20,2026-05-20,2027-06-29,1,Granted,9703678,,,,
12107708/1,8129031,2,203,Fixed,Point to Point,2026-05-25,2026-05-25,2027-07-02,1,Granted,12108742,1138777_NB2_62_3_11G,,,
1211479/1,20053835,2,203,Fixed,Point to Point,2026-04-11,2026-04-11,2028-05-19,1,Granted,9691077,,,,
1211760/1,20053835,2,203,Fixed,Point to Point,2026-04-11,2026-04-11,2028-05-19,1,Granted,9691122,,,,
12133149/1,59938,5,501,Maritime Coast,Limited Coast Assigned System,2025-09-25,2025-09-25,2026-09-22,1,Granted,12133354,20054753_LMS_M_MSQ18,,,
12137387/1,439082,3,304,Land Mobile,Land Mobile System - > 30MHz,2026-03-17,2026-03-17,2027-03-23,1,Granted,12138213,20011258_CSE125,,,
12148751/1,20000768,5,501,Maritime Coast,Limited Coast Assigned System,2024-06-21,2024-06-21,2029-06-26,1,Granted,12150280,1148302_App_Sub_011209,,,
12148752/1,20000768,5,501,Maritime Coast,Limited Coast Assigned System,2024-06-21,2024-06-21,2029-06-26,1,Granted,12150281,1148302_App_Sub_011209,,,
12150909/1,1144588,3,304,Land Mobile,Land Mobile System - > 30MHz,2026-03-30,2026-03-30,2027-03-23,1,Granted,12151044,20054753_LMS_PC632_2,,,
12152094/1,1425181,3,304,Land Mobile,Land Mobile System - > 30MHz,2026-08-21,2026-08-21,2027-08-30,1,Granted,12152154,20011258_CSE127_1,,,
12152095/1,1425181,3,304,Land Mobile,Land Mobile System - > 30MHz,2026-08-21,2026-08-21,2027-08-30,1,Granted,12152155,20011258_CSE127_2,,,
12152096/1,1425181,3,304,Land Mobile,Land Mobile System - > 30MHz,2026-08-21,2026-08-21,2027-08-30,1,Granted,12152156,20011258_CSE127_3,,,
12153161/1,8129031,2,203,Fixed,Point to Point,2026-07-06,2026-07-06,2027-08-14,1,Granted,12153534,1138777_NB2_61_1_2_6UG,,,
12153173/1,8129031,2,203,Fixed,Point to Point,2026-07-06,2026-07-06,2027-08-14,1,Granted,12153539,1138777_NB2_61_2_16LG,,,
12154066/1,8129031,2,203,Fixed,Point to Point,2026-07-14,2026-07-14,2027-08-22,1,Granted,12154223,1138777_NB2_61_2_3_6LG,,,
12154364/1,20003601,2,206,Fixed,Point to Point (Self Coordinated),2026-08-17,2026-08-17,2027-08-16,1,Granted,12154501,1148302_App_Sub_011274,,,
1216732/2,20008471,3,307,Land Mobile,Paging System - Exterior,2025-11-27,2025-11-27,2027-01-05,1,Granted,10124988,,,,
1216733/2,20008471,3,307,Land Mobile,Paging System - Exterior,2025-11-27,2025-11-27,2027-01-05,1,Granted,10124989,,,,
1216736/3,20008471,3,307,Land Mobile,Paging System - Exterior,2025-11-27,2025-11-27,2027-01-05,1,Granted,10125013,1103264_DB0689C,,,
1216740/2,20008471,3,307,Land Mobile,Paging System - Exterior,2025-11-27,2025-11-27,2027-01-05,1,Granted,10124995,,,,
1216746/2,20008471,3,307,Land Mobile,Paging System - Exterior,2025-11-27,2025-11-27,2027-01-05,1,Granted,10125000,,,,
12167470/1,20045955,3,307,Land Mobile,Paging System - Exterior,2026-04-20,2026-04-20,2027-04-18,1,Granted,12169541,20016317_JSMFAC11755,,,
12167471/1,20045955,3,307,Land Mobile,Paging System - Exterior,2026-04-20,2026-04-20,2027-04-18,1,Granted,12169542,20016317_JSMFAC11755,,,
12167472/1,20045955,3,307,Land Mobile,Paging System - Exterior,2026-04-20,2026-04-20,2027-04-18,1,Granted,12169543,20016317_JSMFAC11755,,,
12167473/1,20045955,3,307,Land Mobile,Paging System - Exterior,2026-04-20,2026-04-20,2027-04-18,1,Granted,12169544,20016317_JSMFAC11755,,,
12167474/1,20045955,3,307,Land Mobile,Paging System - Exterior,2026-04-20,2026-04-20,2027-04-18,1,Granted,12169545,20016317_JSMFAC11755,,,
12167475/1,20045955,3,307,Land Mobile,Paging System - Exterior,2026-04-20,2026-04-20,2027-04-18,1,Granted,12169546,20016317_JSMFAC11755,,,
12167476/1,20045955,3,307,Land Mobile,Paging System - Exterior,2026-04-20,2026-04-20,2027-04-18,1,Granted,12169547,20016317_JSMFAC11755,,,
12167479/1,20045955,3,307,Land Mobile,Paging System - Exterior,2026-04-20,2026-04-20,2027-04-18,1,Granted,12169550,20016317_JSMFAC11755,,,
12167480/1,20045955,3,307,Land Mobile,Paging System - Exterior,2026-04-20,2026-04-20,2027-04-18,1,Granted,12169551,20016317_JSMFAC11755,,,
12167482/1,20045955,3,307,Land Mobile,Paging System - Exterior,2026-04-20,2026-04-20,2027-04-18,1,Granted,12169553,20016317_JSMFAC11755,,,
12167485/1,20045955,3,307,Land Mobile,Paging System - Exterior,2026-04-20,2026-04-20,2027-04-18,1,Granted,12169556,20016317_JSMFAC11755,,,
12167487/1,20045955,3,307,Land Mobile,Paging System - Exterior,2026-04-20,2026-04-20,2027-04-18,1,Granted,12169558,20016317_JSMFAC11755,,,
12167488/1,20045955,3,307,Land Mobile,Paging System - Exterior,2026-04-20,2026-04-20,2027-04-18,1,Granted,12169559,20016317_JSMFAC11755,,,
12167489/1,20045955,3,307,Land Mobile,Paging System - Exterior,2026-04-20,2026-04-20,2027-04-18,1,Granted,12169560,20016317_JSMFAC11755,,,
12167490/1,20045955,3,307,Land Mobile,Paging System - Exterior,2026-04-20,2026-04-20,2027-04-18,1,Granted,12169561,20016317_JSMFAC11755,,,
12167491/1,20045955,3,307,Land Mobile,Paging System - Exterior,2026-04-20,2026-04-20,2027-04-18,1,Granted,12169562,20016317_JSMFAC11755,,,
12167493/1,20045955,3,307,Land Mobile,Paging System - Exterior,2026-04-20,2026-04-20,2027-04-18,1,Granted,12169564,20016317_JSMFAC11755,,,
12167494/1,20045955,3,307,Land Mobile,Paging System - Exterior,2026-04-20,2026-04-20,2027-04-18,1,Granted,12169565,20016317_JSMFAC11755,,,
12167495/1,20045955,3,307,Land Mobile,Paging System - Exterior,2026-04-20,2026-04-20,2027-04-18,1,Granted,12169566,20016317_JSMFAC11755,,,
12167496/1,20045955,3,307,Land Mobile,Paging System - Exterior,2026-04-20,2026-04-20,2027-04-18,1,Granted,12169567,20016317_JSMFAC11755,,,
12167497/1,20045955,3,307,Land Mobile,Paging System - Exterior,2026-04-20,2026-04-20,2027-04-18,1,Granted,12169568,20016317_JSMFAC11755,,,
12167499/1,20045955,3,307,Land Mobile,Paging System - Exterior,2026-04-20,2026-04-20,2027-04-18,1,Granted,12169570,20016317_JSMFAC11755,,,
12167500/1,20045955,3,307,Land Mobile,Paging System - Exterior,2026-04-20,2026-04-20,2027-04-18,1,Granted,12169571,20016317_JSMFAC11755,,,
12167501/1,20045955,3,307,Land Mobile,Paging System - Exterior,2026-04-20,2026-04-20,2027-04-18,1,Granted,12169572,20016317_JSMFAC11755,,,
12167502/1,20045955,3,307,Land Mobile,Paging System - Exterior,2026-04-20,2026-04-20,2027-04-18,1,Granted,12169573,20016317_JSMFAC11755,,,
12167503/1,20045955,3,307,Land Mobile,Paging System - Exterior,2026-04-20,2026-04-20,2027-04-18,1,Granted,12169574,20016317_JSMFAC11755,,,
12167504/1,20045955,3,307,Land Mobile,Paging System - Exterior,2026-04-20,2026-04-20,2027-04-18,1,Granted,12169575,20016317_JSMFAC11755,,,
12167506/1,20045955,3,307,Land Mobile,Paging System - Exterior,2026-04-20,2026-04-20,2027-04-18,1,Granted,12169577,20016317_JSMFAC11755,,,
12167507/1,20045955,3,307,Land Mobile,Paging System - Exterior,2026-04-20,2026-04-20,2027-04-18,1,Granted,12169578,20016317_JSMFAC11755,,,
12167508/1,20045955,3,307,Land Mobile,Paging System - Exterior,2026-04-20,2026-04-20,2027-04-18,1,Granted,12169579,20016317_JSMFAC11755,,,
12167511/1,20045955,3,307,Land Mobile,Paging System - Exterior,2026-04-20,2026-04-20,2027-04-18,1,Granted,12169582,20016317_JSMFAC11755,,,
12167513/1,20045955,3,307,Land Mobile,Paging System - Exterior,2026-04-20,2026-04-20,2027-04-18,1,Granted,12169584,20016317_JSMFAC11755,,,
12167515/1,20045955,3,307,Land Mobile,Paging System - Exterior,2026-04-20,2026-04-20,2027-04-18,1,Granted,12169586,20016317_JSMFAC11755,,,
12167516/1,20045955,3,307,Land Mobile,Paging System - Exterior,2026-04-20,2026-04-20,2027-04-18,1,Granted,12169587,20016317_JSMFAC11755,,,
12167517/1,20045955,3,307,Land Mobile,Paging System - Exterior,2026-04-20,2026-04-20,2027-04-18,1,Granted,12169588,20016317_JSMFAC11755,,,
12167518/1,20045955,3,307,Land Mobile,Paging System - Exterior,2026-04-20,2026-04-20,2027-04-18,1,Granted,12169589,20016317_JSMFAC11755,,,
12167519/1,20045955,3,307,Land Mobile,Paging System - Exterior,2026-04-20,2026-04-20,2027-04-18,1,Granted,12169590,20016317_JSMFAC11755,,,
12167520/1,20045955,3,307,Land Mobile,Paging System - Exterior,2026-04-20,2026-04-20,2027-04-18,1,Granted,12169591,20016317_JSMFAC11755,,,
12167522/1,20045955,3,307,Land Mobile,Paging System - Exterior,2026-04-20,2026-04-20,2027-04-18,1,Granted,12169593,20016317_JSMFAC11755,,,
12167527/1,20045955,3,307,Land Mobile,Paging System - Exterior,2026-04-20,2026-04-20,2027-04-18,1,Granted,12169598,20016317_JSMFAC11755,,,
12167529/1,20045955,3,307,Land Mobile,Paging System - Exterior,2026-04-20,2026-04-20,2027-04-18,1,Granted,12169600,20016317_JSMFAC11755,,,
12167530/1,20045955,3,307,Land Mobile,Paging System - Exterior,2026-04-20,2026-04-20,2027-04-18,1,Granted,12169601,20016317_JSMFAC11755,,,
12167532/1,20045955,3,307,Land Mobile,Paging System - Exterior,2026-04-20,2026-04-20,2027-04-18,1,Granted,12169603,20016317_JSMFAC11755,,,
12167533/1,20045955,3,307,Land Mobile,Paging System - Exterior,2026-04-20,2026-04-20,2027-04-18,1,Granted,12169604,20016317_JSMFAC11755,,,
12167534/1,20045955,3,307,Land Mobile,Paging System - Exterior,2026-04-20,2026-04-20,2027-04-18,1,Granted,12169605,20016317_JSMFAC11755,,,
1216754/2,20008471,3,307,Land Mobile,Paging System - Exterior,2025-11-27,2025-11-27,2027-01-05,1,Granted,10124898,,,,
1216755/2,20008471,3,307,Land Mobile,Paging System - Exterior,2025-11-27,2025-11-27,2027-01-05,1,Granted,10124899,,,,
1216758/2,20008471,3,307,Land Mobile,Paging System - Exterior,2025-11-27,2025-11-27,2027-01-05,1,Granted,10124901,,,,
1216759/2,20008471,3,307,Land Mobile,Paging System - Exterior,2025-11-27,2025-11-27,2027-01-05,1,Granted,10124902,,,,
1216760/3,20008471,3,307,Land Mobile,Paging System - Exterior,2025-11-27,2025-11-27,2027-01-05,1,Granted,10729320,1103264_DB1404G,,,
12167609/1,20045955,3,307,Land Mobile,Paging System - Exterior,2026-04-20,2026-04-20,2027-04-18,1,Granted,12169609,20016317_JSMFAC11756,,,
12167611/2,20045955,3,307,Land Mobile,Paging System - Exterior,2026-04-20,2026-04-20,2027-04-18,1,Granted,12271798,20016317_JSMFAC12327,,,
12167612/1,20045955,3,307,Land Mobile,Paging System - Exterior,2026-04-20,2026-04-20,2027-04-18,1,Granted,12169611,20016317_JSMFAC11756,,,
12167613/1,20045955,3,307,Land Mobile,Paging System - Exterior,2026-04-20,2026-04-20,2027-04-18,1,Granted,12169612,20016317_JSMFAC11756,,,
12167615/1,20045955,3,307,Land Mobile,Paging System - Exterior,2026-04-20,2026-04-20,2027-04-18,1,Granted,12169613,20016317_JSMFAC11756,,,
12167616/1,20045955,3,307,Land Mobile,Paging System - Exterior,2026-04-20,2026-04-20,2027-04-18,1,Granted,12169614,20016317_JSMFAC11756,,,
12167617/1,20045955,3,307,Land Mobile,Paging System - Exterior,2026-04-20,2026-04-20,2027-04-18,1,Granted,12169615,20016317_JSMFAC11756,,,
12169704/1,20045955,3,307,Land Mobile,Paging System - Exterior,2026-04-20,2026-04-20,2027-04-18,1,Granted,12169839,20016317_JSMFAC11764,,,
12169709/1,20045955,3,307,Land Mobile,Paging System - Exterior,2026-04-20,2026-04-20,2027-04-18,1,Granted,12169959,20016317_JSMFAC11765,,,
12169710/1,20045955,3,307,Land Mobile,Paging System - Exterior,2026-04-20,2026-04-20,2027-04-18,1,Granted,12169960,20016317_JSMFAC11765,,,
12169711/1,20045955,3,307,Land Mobile,Paging System - Exterior,2026-04-20,2026-04-20,2027-04-18,1,Granted,12169961,20016317_JSMFAC11765,,,
12169712/1,20045955,3,307,Land Mobile,Paging System - Exterior,2026-04-20,2026-04-20,2027-04-18,1,Granted,12169962,20016317_JSMFAC11765,,,
12169713/1,20045955,3,307,Land Mobile,Paging System - Exterior,2026-04-20,2026-04-20,2027-04-18,1,Granted,12169963,20016317_JSMFAC11765,,,
12169714/1,20045955,3,307,Land Mobile,Paging System - Exterior,2026-04-20,2026-04-20,2027-04-18,1,Granted,12169964,20016317_JSMFAC11765,,,
12169716/1,20045955,3,307,Land Mobile,Paging System - Exterior,2026-04-20,2026-04-20,2027-04-18,1,Granted,12169966,20016317_JSMFAC11765,,,
12169717/1,20045955,3,307,Land Mobile,Paging System - Exterior,2026-04-20,2026-04-20,2027-04-18,1,Granted,12169967,20016317_JSMFAC11765,,,
12169718/1,20045955,3,307,Land Mobile,Paging System - Exterior,2026-04-20,2026-04-20,2027-04-18,1,Granted,12169968,20016317_JSMFAC11766,,,
12169719/1,20045955,3,307,Land Mobile,Paging System - Exterior,2026-04-20,2026-04-20,2027-04-18,1,Granted,12169969,20016317_JSMFAC11766,,,
12169720/1,20045955,3,307,Land Mobile,Paging System - Exterior,2026-04-20,2026-04-20,2027-04-18,1,Granted,12169970,20016317_JSMFAC11766,,,
12169721/1,20045955,3,307,Land Mobile,Paging System - Exterior,2026-04-20,2026-04-20,2027-04-18,1,Granted,12169971,20016317_JSMFAC11766,,,
12169722/1,20045955,3,307,Land Mobile,Paging System - Exterior,2026-04-20,2026-04-20,2027-04-18,1,Granted,12169972,20016317_JSMFAC11766,,,
12169725/1,20045955,3,307,Land Mobile,Paging System - Exterior,2026-04-20,2026-04-20,2027-04-18,1,Granted,12169975,20016317_JSMFAC11766,,,
12169727/1,20045955,3,307,Land Mobile,Paging System - Exterior,2026-04-20,2026-04-20,2027-04-18,1,Granted,12169977,20016317_JSMFAC11766,,,
12169728/1,20045955,3,307,Land Mobile,Paging System - Exterior,2026-04-20,2026-04-20,2027-04-18,1,Granted,12169978,20016317_JSMFAC11767,,,
12169729/1,20045955,3,307,Land Mobile,Paging System - Exterior,2026-04-20,2026-04-20,2027-04-18,1,Granted,12169979,20016317_JSMFAC11767,,,
12169730/1,20045955,3,307,Land Mobile,Paging System - Exterior,2026-04-20,2026-04-20,2027-04-18,1,Granted,12169980,20016317_JSMFAC11767,,,
12169731/1,20045955,3,307,Land Mobile,Paging System - Exterior,2026-04-20,2026-04-20,2027-04-18,1,Granted,12169981,20016317_JSMFAC11767,,,
12169732/1,20045955,3,307,Land Mobile,Paging System - Exterior,2026-04-20,2026-04-20,2027-04-18,1,Granted,12169982,20016317_JSMFAC11767,,,
12169733/1,20045955,3,307,Land Mobile,Paging System - Exterior,2026-04-20,2026-04-20,2027-04-18,1,Granted,12169983,20016317_JSMFAC11767,,,
12170136/1,20045955,3,307,Land Mobile,Paging System - Exterior,2026-04-20,2026-04-20,2027-04-18,1,Granted,12170704,20016317_JSMFAC11775,,,
12170163/1,20045955,3,307,Land Mobile,Paging System - Exterior,2026-04-20,2026-04-20,2027-04-18,1,Granted,12170707,20016317_JSMFAC11777,,,
12170164/1,20045955,3,307,Land Mobile,Paging System - Exterior,2026-04-20,2026-04-20,2027-04-18,1,Granted,12170708,20016317_JSMFAC11777,,,
12170165/1,20045955,3,307,Land Mobile,Paging System - Exterior,2026-04-20,2026-04-20,2027-04-18,1,Granted,12170709,20016317_JSMFAC11777,,,
12170166/1,20045955,3,307,Land Mobile,Paging System - Exterior,2026-04-20,2026-04-20,2027-04-18,1,Granted,12170710,20016317_JSMFAC11777,,,
12170174/1,20045955,3,307,Land Mobile,Paging System - Exterior,2026-04-20,2026-04-20,2027-04-18,1,Granted,12170715,20016317_JSMFAC11779,,,
12170175/1,20045955,3,307,Land Mobile,Paging System - Exterior,2026-04-20,2026-04-20,2027-04-18,1,Granted,12170716,20016317_JSMFAC11779,,,
12170176/1,20045955,3,307,Land Mobile,Paging System - Exterior,2026-04-20,2026-04-20,2027-04-18,1,Granted,12170717,20016317_JSMFAC11779,,,
12170177/1,20045955,3,307,Land Mobile,Paging System - Exterior,2026-04-20,2026-04-20,2027-04-18,1,Granted,12170718,20016317_JSMFAC11779,,,
12170178/1,20045955,3,307,Land Mobile,Paging System - Exterior,2026-04-20,2026-04-20,2027-04-18,1,Granted,12170719,20016317_JSMFAC11779,,,
12170179/1,20045955,3,307,Land Mobile,Paging System - Exterior,2026-04-20,2026-04-20,2027-04-18,1,Granted,12170720,20016317_JSMFAC11779,,,
12170180/1,20045955,3,307,Land Mobile,Paging System - Exterior,2026-04-20,2026-04-20,2027-04-18,1,Granted,12170721,20016317_JSMFAC11779,,,
12170181/1,20045955,3,307,Land Mobile,Paging System - Exterior,2026-04-20,2026-04-20,2027-04-18,1,Granted,12170712,20016317_JSMFAC11779,,,
12178444/1,102634,3,304,Land Mobile,Land Mobile System - > 30MHz,2026-02-25,2026-02-25,2027-02-21,1,Granted,12179181,20054753_LMS_RIC152_1,,,
12178451/1,102634,3,304,Land Mobile,Land Mobile System - > 30MHz,2026-02-25,2026-02-25,2027-02-21,1,Granted,12179182,20054753_LMS_RIC152_2,,,
12181847/1,20017363,2,203,Fixed,Point to Point,2026-08-05,2026-08-05,2027-09-13,1,Granted,12182481,20029601_APP_OP-00669,,,
1218413/2,20008471,3,307,Land Mobile,Paging System - Exterior,2025-11-27,2025-11-27,2027-01-05,1,Granted,10124913,,,,
121865/1,64340,3,303,Land Mobile,CBRS Repeater,2025-11-20,2025-11-20,2026-11-13,1,Granted,9666304,,,,
12191061/1,1147832,3,304,Land Mobile,Land Mobile System - > 30MHz,2026-04-29,2026-04-29,2027-05-06,1,Granted,12196129,20054753_LMS_CSE134_1,,,
12191064/1,1147832,3,304,Land Mobile,Land Mobile System - > 30MHz,2026-04-29,2026-04-29,2027-05-06,1,Granted,12196135,20054753_LMS_CSE134_2,,,
121951/1,20004872,3,308,Land Mobile,Paging System - Interior,2026-04-24,2026-04-24,2027-04-30,1,Granted,9666305,,,,
12206833/1,439072,3,304,Land Mobile,Land Mobile System - > 30MHz,2026-03-17,2026-03-17,2027-03-23,1,Granted,12207149,20054753_LMS_CSE135,,,
1223293/2,20059065,3,308,Land Mobile,Paging System - Interior,2026-05-15,2026-05-15,2027-06-10,1,Granted,12407661,,,,
122566/1,346596,3,304,Land Mobile,Land Mobile System - > 30MHz,2026-07-21,2026-07-21,2027-07-23,1,Granted,9666307,,,,
122567/1,346596,3,304,Land Mobile,Land Mobile System - > 30MHz,2026-07-21,2026-07-21,2027-07-23,1,Granted,9666308,,,,
12271717/1,46975,3,304,Land Mobile,Land Mobile System - > 30MHz,2026-08-17,2026-08-17,2027-09-19,1,Granted,12272011,20034122_2023_12_07_RG_Land_Mobile_Greenbank_Range_Control,,,
12276225/1,53715,3,304,Land Mobile,Land Mobile System - > 30MHz,2025-11-10,2025-11-10,2026-12-01,1,Granted,12276428,20011258_ME258_44,,,
12276373/1,53715,3,304,Land Mobile,Land Mobile System - > 30MHz,2025-11-10,2025-11-10,2026-12-01,1,Granted,12276438,20011258_ME258_41,,,
1228610/1,20053835,2,203,Fixed,Point to Point,2026-04-11,2026-04-11,2028-05-19,1,Granted,9693061,,,,
12287539,8129031,85,861,Spectrum,3.4 GHz Band,2025-11-28,2024-07-01,2030-12-13,1,Granted,,,,,
12289660,20037707,85,861,Spectrum,3.4 GHz Band,2024-01-16,2024-01-19,2044-01-18,1,Granted,,,,,
12290736,20053843,85,861,Spectrum,3.4 GHz Band,2025-11-28,2024-07-01,2030-12-13,1,Granted,,,,,
12290740,20053843,85,861,Spectrum,3.4 GHz Band,2024-08-21,2024-01-19,2044-01-18,1,Granted,,,,,
12293219/1,59938,5,501,Maritime Coast,Limited Coast Assigned System,2025-09-25,2025-09-25,2026-09-22,1,Granted,12294795,20054753_LMS_M_MSQ19_1,,,
12293256/1,59938,2,203,Fixed,Point to Point,2025-09-25,2025-09-25,2026-09-22,1,Granted,12294799,20054753_400MHz_P2P_MSQ19_2,,,
12296042/1,20027731,2,203,Fixed,Point to Point,2026-06-24,2026-06-24,2027-06-20,1,Granted,12297120,20056206_App_Sub_012067,,,
12296043/1,20027731,2,203,Fixed,Point to Point,2026-06-24,2026-06-24,2027-06-20,1,Granted,12297121,20056206_App_Sub_012067,,,
12306664/1,102982,5,501,Maritime Coast,Limited Coast Assigned System,2025-10-12,2025-10-12,2026-11-21,1,Granted,12306791,20025735_240053,,,
12307991/1,20057649,3,304,Land Mobile,Land Mobile System - > 30MHz,2025-11-27,2025-11-27,2026-12-12,1,Granted,12308189,1130096_CW100,,,
12308925/2,58050,2,203,Fixed,Point to Point,2026-04-20,2026-04-20,2027-05-04,1,Granted,12350011,20054753_Vary_13GHz_P2P_ME263,,,
12308927/1,58050,2,203,Fixed,Point to Point,2026-04-20,2026-04-20,2027-05-04,1,Granted,12309170,20016317_JSMFAC12604,,,
12310827/1,58050,3,304,Land Mobile,Land Mobile System - > 30MHz,2026-04-20,2026-04-20,2027-05-04,1,Granted,12311139,20016317_JSMFAC12626,,,
1231605/1,435100,2,200,Fixed,Point to Multipoint,2025-09-12,2025-09-12,2026-09-23,1,Granted,9845261,,,,
123210/2,1144661,2,200,Fixed,Point to Multipoint,2025-12-15,2025-12-15,2026-12-31,1,Granted,10091377,,,,
12334937/2,58050,3,304,Land Mobile,Land Mobile System - > 30MHz,2026-04-20,2026-04-20,2027-05-04,1,Granted,12833598,20016317_JSMFAC14762,,,
12348035/1,21612,2,200,Fixed,Point to Multipoint,2025-11-11,2025-11-11,2026-10-30,1,Granted,12349255,20006728_KSC_ptmpt_50_VHF_090424,,,
1235301/1,5832,3,307,Land Mobile,Paging System - Exterior,2026-05-20,2026-05-20,2027-06-29,1,Granted,9708130,,,,
123884/1,1401904,3,304,Land Mobile,Land Mobile System - > 30MHz,2025-10-20,2025-10-20,2026-10-19,1,Granted,9666316,,,,
12427957/1,20017363,2,203,Fixed,Point to Point,2026-03-28,2026-03-28,2027-05-06,1,Granted,12428286,1138777_OP_24_13_1_8GHz,,,
12430773/1,75783,3,304,Land Mobile,Land Mobile System - > 30MHz,2026-04-09,2026-04-09,2027-04-28,1,Granted,12437822,20054753_LMS_RFC81,,,
12433780/1,20017363,2,203,Fixed,Point to Point,2026-04-04,2026-04-04,2027-05-13,1,Granted,12438210,20029601_APP_OP-01369-01370,,,
12433781/1,20017363,2,203,Fixed,Point to Point,2026-04-04,2026-04-04,2027-05-13,1,Granted,12438211,20029601_APP_OP-01369-01370,,,
12457643/1,20059684,3,304,Land Mobile,Land Mobile System - > 30MHz,2026-06-29,2026-06-29,2027-06-30,1,Granted,12458041,20054753_LMS_BMS144_RS,,,
12468015,20053843,85,873,Spectrum,850/900 MHz Band,2026-06-22,2024-07-01,2044-06-30,1,Granted,,,,,
12468165,1149289,85,873,Spectrum,850/900 MHz Band,2024-06-27,2024-07-01,2044-06-30,1,Granted,,,,,
12488030/1,1401916,2,203,Fixed,Point to Point,2026-08-24,2026-08-24,2027-09-30,1,Granted,12489550,20016317_JSMFAC13218,,,
12501222/1,8129031,2,203,Fixed,Point to Point,2026-04-22,2026-04-22,2027-05-31,1,Granted,12521167,20056206_App_Sub_012634,,,
12501223/1,8129031,2,203,Fixed,Point to Point,2026-04-22,2026-04-22,2027-05-31,1,Granted,12521168,20056206_App_Sub_012634,,,
12501224/1,8129031,2,203,Fixed,Point to Point,2026-04-22,2026-04-22,2027-05-31,1,Granted,12521169,20056206_App_Sub_012634,,,
12501225/1,8129031,2,203,Fixed,Point to Point,2026-04-22,2026-04-22,2027-05-31,1,Granted,12521171,20056206_App_Sub_012634,,,
12501226/1,8129031,2,203,Fixed,Point to Point,2026-04-22,2026-04-22,2027-05-31,1,Granted,12521172,20056206_App_Sub_012634,,,
12501227/1,8129031,2,203,Fixed,Point to Point,2026-04-22,2026-04-22,2027-05-31,1,Granted,12521173,20056206_App_Sub_012634,,,
12501228/1,8129031,2,203,Fixed,Point to Point,2026-04-22,2026-04-22,2027-05-31,1,Granted,12521174,20056206_App_Sub_012634,,,
12511790/1,58050,2,203,Fixed,Point to Point,2026-04-20,2026-04-20,2027-05-04,1,Granted,12521242,20016317_JSMFAC13264,,,
125214/1,1144573,3,304,Land Mobile,Land Mobile System - > 30MHz,2026-06-12,2026-06-12,2027-06-18,1,Granted,9666339,,,,
1252556/1,435100,2,200,Fixed,Point to Multipoint,2025-09-12,2025-09-12,2026-09-23,1,Granted,9845294,,,,
125286/1,69016,3,304,Land Mobile,Land Mobile System - > 30MHz,2026-02-04,2026-02-04,2027-02-08,1,Granted,9666342,,,,
12566534/1,58050,2,203,Fixed,Point to Point,2026-04-20,2026-04-20,2027-05-04,1,Granted,12566676,20016317_JSMFAC13307,,,
12631575/1,58050,2,203,Fixed,Point to Point,2026-04-20,2026-04-20,2027-05-04,1,Granted,12631599,20016317_JSMFAC13363,,,
12631576/1,58050,2,203,Fixed,Point to Point,2026-04-20,2026-04-20,2027-05-04,1,Granted,12631600,20016317_JSMFAC13363,,,
12635324/1,1148461,3,304,Land Mobile,Land Mobile System - > 30MHz,2025-10-30,2025-10-30,2026-09-02,1,Granted,12635352,20025735_240336_03_of_09,,,
12635430/1,1148461,3,304,Land Mobile,Land Mobile System - > 30MHz,2025-10-30,2025-10-30,2026-09-02,1,Granted,12636634,20025735_240336_07_of_09,,,
12635431/1,1148461,3,304,Land Mobile,Land Mobile System - > 30MHz,2025-10-30,2025-10-30,2026-09-02,1,Granted,12636636,20025735_240336_08_of_09,,,
12635432/1,1148461,3,304,Land Mobile,Land Mobile System - > 30MHz,2025-10-30,2025-10-30,2026-09-02,1,Granted,12636637,20025735_240336_09_of_09,,,
12637215/1,85149,2,203,Fixed,Point to Point,2026-01-27,2026-01-27,2027-02-01,1,Granted,12637436,20056206_App_Sub_012781,,,
12637216/1,85149,2,203,Fixed,Point to Point,2026-01-27,2026-01-27,2027-02-01,1,Granted,12637437,20056206_App_Sub_012781,,,
12637217/1,85149,2,203,Fixed,Point to Point,2026-01-27,2026-01-27,2027-02-01,1,Granted,12637438,20056206_App_Sub_012781,,,
12637218/1,85149,2,203,Fixed,Point to Point,2026-01-27,2026-01-27,2027-02-01,1,Granted,12637439,20056206_App_Sub_012781,,,
12637395/1,46260,3,304,Land Mobile,Land Mobile System - > 30MHz,2026-07-04,2026-07-04,2027-08-12,1,Granted,12637475,,,,
12637420/1,46260,3,304,Land Mobile,Land Mobile System - > 30MHz,2026-07-04,2026-07-04,2027-08-12,1,Granted,12637476,,,,
12637440/1,46260,3,304,Land Mobile,Land Mobile System - > 30MHz,2026-07-04,2026-07-04,2027-08-12,1,Granted,12637477,,,,
12637468/1,46260,3,304,Land Mobile,Land Mobile System - > 30MHz,2026-07-04,2026-07-04,2027-08-12,1,Granted,12637479,,,,
12651677/1,20021476,3,304,Land Mobile,Land Mobile System - > 30MHz,2026-03-02,2026-03-02,2027-02-03,1,Granted,12652351,20011258_CSE157_2,,,
12651810/1,20010808,2,201,Fixed,Point to Multipoint - Land Mobile Spec,2026-07-16,2026-07-16,2027-07-24,1,Granted,12652353,20054753_LMS_PMP_SD47,,,
12655320/1,58050,2,203,Fixed,Point to Point,2026-04-20,2026-04-20,2027-05-04,1,Granted,12655635,20016317_JSMFAC13512,,,
12655321/1,58050,2,203,Fixed,Point to Point,2026-04-20,2026-04-20,2027-05-04,1,Granted,12655636,20016317_JSMFAC13512,,,
12660616/1,82694,2,203,Fixed,Point to Point,2025-11-26,2025-11-26,2026-12-01,1,Granted,12680138,20056206_App_Sub_012896,,,
12691938/1,20061331,3,302,Land Mobile,Ambulatory System,2024-10-03,2024-10-03,2026-10-02,1,Granted,12692176,1130096_MW131c,,,
12691986/1,439045,3,304,Land Mobile,Land Mobile System - > 30MHz,2026-03-23,2026-03-23,2027-03-23,1,Granted,12692194,20011258_CSE162_13,,,
12691987/1,439045,3,304,Land Mobile,Land Mobile System - > 30MHz,2026-03-23,2026-03-23,2027-03-23,1,Granted,12692195,20011258_CSE162_14,,,
12691988/1,439045,3,304,Land Mobile,Land Mobile System - > 30MHz,2026-03-23,2026-03-23,2027-03-23,1,Granted,12692196,20011258_CSE162_15,,,
12691989/1,439045,3,304,Land Mobile,Land Mobile System - > 30MHz,2026-03-23,2026-03-23,2027-03-23,1,Granted,12692197,20011258_CSE162_16,,,
12691990/1,439045,3,304,Land Mobile,Land Mobile System - > 30MHz,2026-03-23,2026-03-23,2027-03-23,1,Granted,12692198,20011258_CSE162_17,,,
12691991/1,439045,3,304,Land Mobile,Land Mobile System - > 30MHz,2026-03-23,2026-03-23,2027-03-23,1,Granted,12692199,20011258_CSE162_18,,,
12708339/2,58050,2,203,Fixed,Point to Point,2026-03-20,2026-03-20,2027-05-04,1,Granted,13005509,20054753_8GHz_P2P_CTL241_1,,,
12709048/1,20012824,3,302,Land Mobile,Ambulatory System,2025-10-27,2025-10-27,2026-10-24,1,Granted,12709422,1148302_App_Sub_013054,,,
12710343/1,1148961,2,203,Fixed,Point to Point,2026-05-18,2026-05-18,2027-05-26,1,Granted,12710454,20056206_App_Sub_013064,,,
12714847/1,1409360,2,203,Fixed,Point to Point,2026-04-13,2026-04-13,2027-05-01,1,Granted,12715793,20056206_App_Sub_013111,,,
12716136/1,536353,2,203,Fixed,Point to Point,2026-06-12,2026-06-12,2027-07-21,1,Granted,12716197,1141877_Digicomm_P2P-121124-1,,,
12716137/1,536353,2,203,Fixed,Point to Point,2026-06-12,2026-06-12,2027-07-21,1,Granted,12716198,1141877_Digicomm_P2P-121124-1,,,
12716209/1,20057649,3,304,Land Mobile,Land Mobile System - > 30MHz,2025-11-27,2025-11-27,2026-12-12,1,Granted,12716551,1130096_CW102B,,,
127228/1,71843,3,304,Land Mobile,Land Mobile System - > 30MHz,2026-07-17,2026-07-17,2027-07-20,1,Granted,9666363,,,,
127568/2,1142834,3,304,Land Mobile,Land Mobile System - > 30MHz,2025-09-12,2025-09-12,2026-10-19,1,Granted,11185082,20011258_GD827_2,,,
127570/1,1142834,3,304,Land Mobile,Land Mobile System - > 30MHz,2025-09-12,2025-09-12,2026-10-19,1,Granted,9666376,,,,
127571/1,1142834,3,304,Land Mobile,Land Mobile System - > 30MHz,2025-09-12,2025-09-12,2026-10-19,1,Granted,9666377,,,,
127577/1,1142834,3,304,Land Mobile,Land Mobile System - > 30MHz,2025-09-12,2025-09-12,2026-10-19,1,Granted,9666381,,,,
127578/1,1142834,3,304,Land Mobile,Land Mobile System - > 30MHz,2025-09-12,2025-09-12,2026-10-19,1,Granted,9666382,,,,
127579/1,1142834,3,304,Land Mobile,Land Mobile System - > 30MHz,2025-09-12,2025-09-12,2026-10-19,1,Granted,9666383,,,,
127580/1,1142834,3,304,Land Mobile,Land Mobile System - > 30MHz,2025-09-12,2025-09-12,2026-10-19,1,Granted,9666384,,,,
127582/1,1142834,3,304,Land Mobile,Land Mobile System - > 30MHz,2025-09-12,2025-09-12,2026-10-19,1,Granted,9666386,,,,
127583/1,1142834,3,304,Land Mobile,Land Mobile System - > 30MHz,2025-09-12,2025-09-12,2026-10-19,1,Granted,9666387,,,,
127586/1,1142834,3,304,Land Mobile,Land Mobile System - > 30MHz,2025-09-12,2025-09-12,2026-10-19,1,Granted,9666389,,,,
12771387/1,20017363,2,203,Fixed,Point to Point,2025-11-30,2025-11-30,2027-01-08,1,Granted,12771531,20029601_APP_OP-00012-00013,,,
12771388/1,20017363,2,203,Fixed,Point to Point,2025-11-30,2025-11-30,2027-01-08,1,Granted,12771532,20029601_APP_OP-00012-00013,,,
12775481/1,58050,3,304,Land Mobile,Land Mobile System - > 30MHz,2026-04-20,2026-04-20,2027-05-04,1,Granted,12775710,20016317_JSMFAC14118,,,
12777853/1,82694,2,203,Fixed,Point to Point,2025-11-26,2025-11-26,2026-12-01,1,Granted,12778444,20056206_App_Sub_013329,,,
12779522/1,1442707,2,200,Fixed,Point to Multipoint,2026-01-30,2026-01-30,2027-02-10,1,Granted,12779823,20011258_RIC162,,,
12781835/1,20004872,3,307,Land Mobile,Paging System - Exterior,2026-04-24,2026-04-24,2027-04-30,1,Granted,12782062,20011258_GD1533,,,
12782174/1,1148654,2,203,Fixed,Point to Point,2026-02-03,2026-02-03,2027-02-02,1,Granted,12784291,20011258_AUS137,,,
12783243/1,395302,3,308,Land Mobile,Paging System - Interior,2026-03-16,2026-03-16,2027-03-10,1,Granted,12783371,20025735_250051_01_of_02,,,
1280408/1,20053835,2,203,Fixed,Point to Point,2026-04-11,2026-04-11,2028-05-19,1,Granted,9694904,,,,
1280561/1,3792,3,304,Land Mobile,Land Mobile System - > 30MHz,2026-07-10,2026-07-10,2027-06-30,1,Granted,9708877,,,,
1280711/1,20053835,2,203,Fixed,Point to Point,2026-04-11,2026-04-11,2028-05-19,1,Granted,9694939,,,,
12811990/1,20063469,3,302,Land Mobile,Ambulatory System,2026-07-02,2026-07-01,2027-04-29,1,Granted,12812777,1130096_MC222A,,,
12811991/1,20063469,3,302,Land Mobile,Ambulatory System,2026-07-02,2026-07-01,2027-04-29,1,Granted,12812778,1130096_MC222B,,,
12811993/1,20063469,3,302,Land Mobile,Ambulatory System,2026-07-02,2026-07-01,2027-04-29,1,Granted,12812780,1130096_MC222C,,,
12811994/1,20063469,3,302,Land Mobile,Ambulatory System,2026-07-02,2026-07-01,2027-04-29,1,Granted,12812781,1130096_MC222D,,,
12824672/1,58050,3,304,Land Mobile,Land Mobile System - > 30MHz,2026-04-20,2026-04-20,2027-05-04,1,Granted,12825484,20016317_JSMFAC14669,,,
12829963/1,514483,3,304,Land Mobile,Land Mobile System - > 30MHz,2025-12-01,2025-12-01,2026-12-13,1,Granted,12829978,1130096_CW103A,,,
12829964/1,514483,3,304,Land Mobile,Land Mobile System - > 30MHz,2025-12-01,2025-12-01,2026-12-13,1,Granted,12829979,1130096_CW103B,,,
12829966/1,514483,3,304,Land Mobile,Land Mobile System - > 30MHz,2025-12-01,2025-12-01,2026-12-13,1,Granted,12829981,1130096_CW103C,,,
12829968/1,514483,3,304,Land Mobile,Land Mobile System - > 30MHz,2025-12-01,2025-12-01,2026-12-13,1,Granted,12829983,1130096_CW103D,,,
12829970/1,514483,3,304,Land Mobile,Land Mobile System - > 30MHz,2025-12-01,2025-12-01,2026-12-13,1,Granted,12829984,1130096_CW103E,,,
12833330/1,20060946,3,304,Land Mobile,Land Mobile System - > 30MHz,2025-06-04,2025-06-04,2026-10-10,1,Granted,12833599,20016317_JSMFAC14764,,,
12833332/2,84379,3,304,Land Mobile,Land Mobile System - > 30MHz,2026-08-16,2026-08-16,2027-08-31,1,Granted,13027116,20016317_JSMFAC16337,,,
12833333/1,1401916,3,304,Land Mobile,Land Mobile System - > 30MHz,2026-08-24,2026-08-24,2027-09-30,1,Granted,12833601,20016317_JSMFAC14765,,,
12835538/1,20017363,2,203,Fixed,Point to Point,2026-05-03,2026-05-03,2027-06-11,1,Granted,12835613,20029601_APP_OP-00541,,,
12837108/1,20060946,3,304,Land Mobile,Land Mobile System - > 30MHz,2025-06-16,2025-06-16,2026-10-10,1,Granted,12837328,20016317_JSMFAC14812,,,
12842181/1,573690,1,104,Broadcasting,Narrowband Area Service station(s),2026-06-30,2026-06-30,2027-07-11,1,Granted,12842791,20011258_KCM33,,,
12847164/1,1149151,2,203,Fixed,Point to Point,2025-08-04,2026-02-28,2027-05-31,1,Granted,12847687,20006728_QLD_Rail_ptpt_L6GHz_020725,,,
12847165/1,1149151,2,203,Fixed,Point to Point,2025-08-04,2026-02-28,2027-05-31,1,Granted,12847688,20006728_QLD_Rail_ptpt_L6GHz_020725,,,
12847166/1,1149151,2,203,Fixed,Point to Point,2025-08-04,2026-02-28,2027-05-31,1,Granted,12847689,20006728_QLD_Rail_ptpt_L6GHz_020725,,,
12847167/1,1149151,2,203,Fixed,Point to Point,2025-08-04,2026-02-28,2027-05-31,1,Granted,12847690,20006728_QLD_Rail_ptpt_L6GHz_020725,,,
12853795/1,71389,3,304,Land Mobile,Land Mobile System - > 30MHz,2026-06-18,2026-06-18,2027-06-27,1,Granted,12853929,1130096_RD636A,,,
12853798/1,71389,3,304,Land Mobile,Land Mobile System - > 30MHz,2026-06-18,2026-06-18,2027-06-27,1,Granted,12853932,1130096_RD636B,,,
12859660/1,1140096,3,304,Land Mobile,Land Mobile System - > 30MHz,2026-07-15,2026-07-15,2027-07-14,1,Granted,12859751,1130096_SC1263A,,,
12859661/1,1140096,3,304,Land Mobile,Land Mobile System - > 30MHz,2026-07-15,2026-07-15,2027-07-14,1,Granted,12859752,1130096_SC1263B,,,
128607/1,1142834,2,203,Fixed,Point to Point,2025-09-12,2025-09-12,2026-10-19,1,Granted,9675774,,,,
12861629/1,58050,2,203,Fixed,Point to Point,2026-04-20,2026-04-20,2027-05-04,1,Granted,12861678,20016317_JSMFAC15042,,,
128621/1,1142834,2,203,Fixed,Point to Point,2025-09-12,2025-09-12,2026-10-19,1,Granted,9675780,,,,
128623/1,1142834,2,203,Fixed,Point to Point,2025-09-12,2025-09-12,2026-10-19,1,Granted,9675782,,,,
12863066/1,20064596,3,304,Land Mobile,Land Mobile System - > 30MHz,2025-09-02,2025-09-02,2026-09-01,10,Expired,12863274,20025735_250322_resub,,,
12875521/1,20017363,2,203,Fixed,Point to Point,2026-07-26,2026-07-26,2027-09-02,1,Granted,12875858,20029601_APP_OP-00621-00622-00623-48757,,,
12875522/1,20017363,2,203,Fixed,Point to Point,2026-07-26,2026-07-26,2027-09-02,1,Granted,12875835,20029601_APP_OP-00621-00622-00623-48757,,,
12875523/1,20017363,2,203,Fixed,Point to Point,2026-07-26,2026-07-26,2027-09-02,1,Granted,12875836,20029601_APP_OP-00621-00622-00623-48757,,,
12875524/1,20017363,2,203,Fixed,Point to Point,2026-07-26,2026-07-26,2027-09-02,1,Granted,12875837,20029601_APP_OP-00621-00622-00623-48757,,,
12877170/1,20053835,2,203,Fixed,Point to Point,2026-04-11,2026-04-11,2028-05-19,1,Granted,12877217,20056206_App_Sub_014071,,,
12877171/1,20053835,2,203,Fixed,Point to Point,2026-04-11,2026-04-11,2028-05-19,1,Granted,12877218,20056206_App_Sub_014071,,,
12877175/1,435100,2,200,Fixed,Point to Multipoint,2025-09-05,2025-09-05,2026-09-23,1,Granted,12877224,20040387_M360_04092025_BOM5_1,,,
12877176/1,435100,2,200,Fixed,Point to Multipoint,2025-09-05,2025-09-05,2026-09-23,1,Granted,12877225,20040387_M360_04092025_BOM5_2,,,
12877177/1,435100,2,200,Fixed,Point to Multipoint,2025-09-05,2025-09-05,2026-09-23,1,Granted,12877226,20040387_M360_04092025_BOM5_3,,,
12877178/1,435100,2,200,Fixed,Point to Multipoint,2025-09-05,2025-09-05,2026-09-23,1,Granted,12877227,20040387_M360_04092025_BOM5_4,,,
12877179/1,435100,2,200,Fixed,Point to Multipoint,2025-09-05,2025-09-05,2026-09-23,1,Granted,12877228,20040387_M360_04092025_BOM5_5,,,
12877180/1,435100,2,200,Fixed,Point to Multipoint,2025-09-05,2025-09-05,2026-09-23,1,Granted,12877229,20040387_M360_04092025_BOM5_6,,,
12877181/1,435100,2,200,Fixed,Point to Multipoint,2025-09-05,2025-09-05,2026-09-23,1,Granted,12877230,20040387_M360_04092025_BOM5_7,,,
12877182/1,435100,2,200,Fixed,Point to Multipoint,2025-09-05,2025-09-05,2026-09-23,1,Granted,12877231,20040387_M360_04092025_BOM5_8,,,
12877183/1,435100,2,200,Fixed,Point to Multipoint,2025-09-05,2025-09-05,2026-09-23,1,Granted,12877232,20040387_M360_04092025_BOM5_9,,,
12877184/1,435100,2,200,Fixed,Point to Multipoint,2025-09-05,2025-09-05,2026-09-23,1,Granted,12877233,20040387_M360_04092025_BOM5_10,,,
128837/1,1142834,3,304,Land Mobile,Land Mobile System - > 30MHz,2025-09-12,2025-09-12,2026-10-19,1,Granted,9666406,,,,
128839/1,1142834,2,203,Fixed,Point to Point,2025-09-12,2025-09-12,2026-10-19,1,Granted,9675789,,,,
128841/1,1142834,2,203,Fixed,Point to Point,2025-09-12,2025-09-12,2026-10-19,1,Granted,9675796,,,,
128842/1,1142834,3,304,Land Mobile,Land Mobile System - > 30MHz,2025-09-12,2025-09-12,2026-10-19,1,Granted,9666407,,,,
12887461/1,1144303,3,304,Land Mobile,Land Mobile System - > 30MHz,2026-08-17,2026-08-17,2027-09-22,1,Granted,12887512,,,,
12887508/1,1144303,3,304,Land Mobile,Land Mobile System - > 30MHz,2026-08-17,2026-08-17,2027-09-22,1,Granted,12887513,,,,
12887509/1,1144303,3,304,Land Mobile,Land Mobile System - > 30MHz,2026-08-17,2026-08-17,2027-09-22,1,Granted,12887514,,,,
12887510/1,1144303,3,304,Land Mobile,Land Mobile System - > 30MHz,2026-08-17,2026-08-17,2027-09-22,1,Granted,12887515,,,,
12887511/1,1144303,3,304,Land Mobile,Land Mobile System - > 30MHz,2026-08-17,2026-08-17,2027-09-22,1,Granted,12887516,,,,
12887947/1,1144588,3,304,Land Mobile,Land Mobile System - > 30MHz,2026-03-30,2026-03-30,2027-03-23,1,Granted,12889640,20011258_PC684,,,
12891845/1,20060491,2,203,Fixed,Point to Point,2025-10-01,2025-10-01,2026-09-30,1,Granted,12891887,20011258_AUS143_3,,,
12896558/1,1144572,2,200,Fixed,Point to Multipoint,2025-10-10,2025-10-10,2026-11-07,1,Granted,12896739,20011258_ME281_3,,,
12901951/1,20000768,5,501,Maritime Coast,Limited Coast Assigned System,2025-10-24,2025-10-24,2029-06-26,1,Granted,12902748,20056206_App_Sub_014233,,,
12901952/1,20000768,5,501,Maritime Coast,Limited Coast Assigned System,2025-10-24,2025-10-24,2029-06-26,1,Granted,12902749,20056206_App_Sub_014233,,,
12903849/1,20004872,3,308,Land Mobile,Paging System - Interior,2026-04-24,2026-04-24,2027-04-30,1,Granted,12904145,20011258_GD1659,,,
12903859/1,20039659,2,203,Fixed,Point to Point,2025-10-29,2025-10-29,2026-10-28,1,Granted,12904147,1138777_KESTREL_4_8GHz,,,
12914229/1,1144303,3,304,Land Mobile,Land Mobile System - > 30MHz,2025-11-18,2025-11-18,2026-11-17,1,Granted,12914646,,,,
12914230/1,1144303,3,304,Land Mobile,Land Mobile System - > 30MHz,2025-11-18,2025-11-18,2026-11-17,1,Granted,12914647,,,,
12914596/1,20025709,3,302,Land Mobile,Ambulatory System,2025-12-16,2025-12-16,2026-12-15,1,Granted,12914871,20025735_250523,,,
12919887/1,48814,5,501,Maritime Coast,Limited Coast Assigned System,2026-05-28,2026-05-28,2027-06-12,1,Granted,12920008,20011258_ME265_2,,,
12921200/1,564292,3,304,Land Mobile,Land Mobile System - > 30MHz,2026-07-03,2026-07-03,2027-07-08,1,Granted,12921924,20064714_ME288,,,
129219/1,1142834,2,203,Fixed,Point to Point,2025-09-12,2025-09-12,2026-10-19,1,Granted,9675798,,,,
12927968/1,20053835,2,203,Fixed,Point to Point,2026-04-11,2026-04-11,2028-05-19,1,Granted,12928140,20056206_App_Sub_014395,,,
12931399/1,435100,2,200,Fixed,Point to Multipoint,2025-12-15,2025-12-15,2026-09-23,1,Granted,12931408,20016317_JSMFAC15672,,,
12931400/1,435100,2,200,Fixed,Point to Multipoint,2025-12-15,2025-12-15,2026-09-23,1,Granted,12931409,20016317_JSMFAC15673,,,
129351/1,1142834,3,304,Land Mobile,Land Mobile System - > 30MHz,2025-09-12,2025-09-12,2026-10-19,1,Granted,9666418,,,,
129354/1,1142834,3,304,Land Mobile,Land Mobile System - > 30MHz,2025-09-12,2025-09-12,2026-10-19,1,Granted,9666420,,,,
129372/1,1142834,3,304,Land Mobile,Land Mobile System - > 30MHz,2025-09-12,2025-09-12,2026-10-19,1,Granted,9666421,,,,
129374/1,1142834,2,203,Fixed,Point to Point,2025-09-12,2025-09-12,2026-10-19,1,Granted,9675810,,,,
12937825/1,20017363,2,203,Fixed,Point to Point,2025-12-22,2025-12-22,2026-12-21,1,Granted,12937894,1138777_OP_2025_7_1_11GHz,,,
12937827/1,20017363,2,203,Fixed,Point to Point,2025-12-22,2025-12-22,2026-12-21,1,Granted,12937896,1138777_OP_2025_7_2_11GHz,,,
12946400/1,8129031,2,206,Fixed,Point to Point (Self Coordinated),2026-04-22,2026-04-22,2027-05-31,1,Granted,12946605,20056206_App_Sub_014459,,,
129530/1,20004872,3,307,Land Mobile,Paging System - Exterior,2026-04-24,2026-04-24,2027-04-30,1,Granted,9666422,,,,
12961962/1,1146331,3,304,Land Mobile,Land Mobile System - > 30MHz,2026-05-22,2026-05-22,2027-06-01,1,Granted,12962492,20056206_App_Sub_014521,,,
129760/1,1144661,3,304,Land Mobile,Land Mobile System - > 30MHz,2025-12-15,2025-12-15,2026-10-30,1,Granted,9666426,,,,
13003095/1,1147602,5,501,Maritime Coast,Limited Coast Assigned System,2026-06-07,2026-06-07,2027-07-17,1,Granted,13003426,20056206_App_Sub_014661,,,
13003096/1,1147602,5,501,Maritime Coast,Limited Coast Assigned System,2026-06-07,2026-06-07,2027-07-17,1,Granted,13003427,20056206_App_Sub_014661,,,
13004000/1,20058561,3,302,Land Mobile,Ambulatory System,2026-03-12,2026-03-12,2027-03-11,1,Granted,13004308,1103264_DB2759,,,
13011827/1,46260,3,304,Land Mobile,Land Mobile System - > 30MHz,2026-03-26,2026-03-26,2027-03-25,1,Granted,13011950,,,,
13018116/1,58050,2,203,Fixed,Point to Point,2026-04-10,2026-04-10,2027-05-04,1,Granted,13018389,20016317_JSMFAC16223,,,
13018117/1,58050,2,203,Fixed,Point to Point,2026-04-10,2026-04-10,2027-05-04,1,Granted,13018390,20016317_JSMFAC16223,,,
13018141/1,84379,2,203,Fixed,Point to Point,2026-04-10,2026-04-10,2027-08-31,1,Granted,13018401,20016317_JSMFAC16225,,,
13018142/1,84379,2,203,Fixed,Point to Point,2026-04-10,2026-04-10,2027-08-31,1,Granted,13018402,20016317_JSMFAC16225,,,
13018143/1,84379,2,203,Fixed,Point to Point,2026-04-10,2026-04-10,2027-08-31,1,Granted,13018403,20016317_JSMFAC16225,,,
13019770/1,20068581,3,302,Land Mobile,Ambulatory System,2026-04-15,2026-04-15,2027-04-14,1,Granted,13019887,1130096_MW133a,,,
13020595/1,20012824,3,304,Land Mobile,Land Mobile System - > 30MHz,2026-04-16,2026-04-16,2027-04-15,1,Granted,13020617,20064714_CTL260-1,,,
13020597/1,20012824,3,304,Land Mobile,Land Mobile System - > 30MHz,2026-04-17,2026-04-17,2027-04-16,1,Granted,13020841,20064714_CTL260-2,,,
13020598/1,20012824,3,304,Land Mobile,Land Mobile System - > 30MHz,2026-04-17,2026-04-17,2027-04-16,1,Granted,13020842,20064714_CTL260-3,,,
13020599/1,20012824,3,304,Land Mobile,Land Mobile System - > 30MHz,2026-04-17,2026-04-17,2027-04-16,1,Granted,13020843,20064714_CTL260-4,,,
13020600/1,20012824,3,304,Land Mobile,Land Mobile System - > 30MHz,2026-04-17,2026-04-17,2027-04-16,1,Granted,13020844,20064714_CTL260-5,,,
13020601/1,20012824,3,304,Land Mobile,Land Mobile System - > 30MHz,2026-04-17,2026-04-17,2027-04-16,1,Granted,13020845,20064714_CTL260-6,,,
13020603/1,20012824,3,304,Land Mobile,Land Mobile System - > 30MHz,2026-04-17,2026-04-17,2027-04-16,1,Granted,13020846,20064714_CTL260-7,,,
13028662/1,53715,3,304,Land Mobile,Land Mobile System - > 30MHz,2026-05-08,2026-05-08,2026-12-01,1,Granted,13028853,20064714_ME291,,,
13031849/1,1144661,2,200,Fixed,Point to Multipoint,2026-06-05,2026-06-05,2027-06-04,1,Granted,13032009,20006728_Fraser_Coast_ptmpt_RV_150526,,,
13031850/1,1144661,2,200,Fixed,Point to Multipoint,2026-06-05,2026-06-05,2027-06-04,1,Granted,13032010,20006728_Fraser_Coast_ptmpt_RV_150526,,,
13035820/1,52399,3,304,Land Mobile,Land Mobile System - > 30MHz,2026-05-22,2026-05-22,2027-01-24,1,Granted,13035921,1130096_SC1297C,,,
13035821/1,52399,3,304,Land Mobile,Land Mobile System - > 30MHz,2026-05-22,2026-05-22,2027-01-24,1,Granted,13035922,1130096_SC1297D,,,
13038548/1,1401916,2,203,Fixed,Point to Point,2026-05-29,2026-05-29,2027-09-30,1,Granted,13038612,20016317_JSMFAC16478,,,
13038549/1,84379,2,203,Fixed,Point to Point,2026-05-29,2026-05-29,2027-08-31,1,Granted,13038613,20016317_JSMFAC16479,,,
13054096/1,63553,5,501,Maritime Coast,Limited Coast Assigned System,2026-07-15,2026-07-15,2027-07-14,1,Granted,13054239,20025735_260264_resub,,,
13058274/1,1409360,2,203,Fixed,Point to Point,2026-06-23,2026-06-23,2027-05-01,1,Granted,13058793,20056206_App_Sub_015029,,,
13058275/1,1409360,2,203,Fixed,Point to Point,2026-06-23,2026-06-23,2027-05-01,1,Granted,13058794,20056206_App_Sub_015029,,,
13078155/1,58050,2,203,Fixed,Point to Point,2026-07-23,2026-07-23,2027-05-04,1,Granted,13078525,20016317_JSMFAC16715,,,
13078156/1,58050,2,203,Fixed,Point to Point,2026-07-23,2026-07-23,2027-05-04,1,Granted,13078526,20016317_JSMFAC16715,,,
13094945/1,63560,2,200,Fixed,Point to Multipoint,2026-08-26,2026-08-26,2026-11-14,1,Granted,13095203,20064714_GD1798_1,,,
13094946/1,63560,2,200,Fixed,Point to Multipoint,2026-08-26,2026-08-26,2026-11-14,1,Granted,13095204,20064714_GD1798_2,,,
13094947/1,63560,2,200,Fixed,Point to Multipoint,2026-08-26,2026-08-26,2026-11-14,1,Granted,13095205,20064714_GD1798_3,,,
131215/1,75346,3,303,Land Mobile,CBRS Repeater,2026-04-28,2026-04-28,2027-04-28,1,Granted,9666443,,,,
131913/1,75791,3,308,Land Mobile,Paging System - Interior,2026-01-19,2026-01-19,2027-01-12,1,Granted,9666457,,,,
132179/1,76086,3,307,Land Mobile,Paging System - Exterior,2026-04-07,2026-04-07,2027-04-15,1,Granted,9666468,,,,
133360/3,20004872,3,307,Land Mobile,Paging System - Exterior,2026-04-24,2026-04-24,2027-04-30,1,Granted,11140400,20025735_200455,,,
133552/1,1424647,3,304,Land Mobile,Land Mobile System - > 30MHz,2026-04-20,2026-04-20,2027-04-22,1,Granted,9666507,,,,
133557/1,1424647,3,304,Land Mobile,Land Mobile System - > 30MHz,2026-04-20,2026-04-20,2027-04-22,1,Granted,9666508,,,,
133560/1,1424647,3,304,Land Mobile,Land Mobile System - > 30MHz,2026-04-20,2026-04-20,2027-04-22,1,Granted,9666509,,,,
133561/1,77058,3,304,Land Mobile,Land Mobile System - > 30MHz,2026-02-02,2026-02-02,2027-02-03,1,Granted,9666510,,,,
133562/1,77058,3,304,Land Mobile,Land Mobile System - > 30MHz,2026-02-02,2026-02-02,2027-02-03,1,Granted,9666511,,,,
133659/1,1138660,3,304,Land Mobile,Land Mobile System - > 30MHz,2025-10-17,2025-10-17,2026-11-04,1,Granted,9666515,,,,
133660/1,1138660,3,304,Land Mobile,Land Mobile System - > 30MHz,2025-10-17,2025-10-17,2026-11-04,1,Granted,9666516,,,,
133949/1,77686,3,304,Land Mobile,Land Mobile System - > 30MHz,2026-08-04,2026-08-04,2027-08-05,1,Granted,9666520,,,,
134072/2,20062681,5,501,Maritime Coast,Limited Coast Assigned System,2026-06-21,2026-06-21,2027-07-31,1,Granted,12884113,,,,
134852/3,1149181,3,304,Land Mobile,Land Mobile System - > 30MHz,2026-01-09,2026-01-09,2027-01-20,1,Granted,10606639,20038343_vary_LMS_A1C50,,,
134886/1,1149181,5,501,Maritime Coast,Limited Coast Assigned System,2026-01-09,2026-01-09,2027-01-20,1,Granted,9634196,,,,
135174/1,79403,2,200,Fixed,Point to Multipoint,2026-05-15,2026-05-15,2027-03-03,1,Granted,9675839,,,,
135240/2,79601,2,203,Fixed,Point to Point,2025-08-29,2025-08-29,2026-09-30,1,Granted,10536095,20016317_JSMFAC4236,,,
135246/1,79601,3,304,Land Mobile,Land Mobile System - > 30MHz,2025-08-29,2025-08-29,2026-09-30,1,Granted,9854299,,,,
135312/1,79601,3,304,Land Mobile,Land Mobile System - > 30MHz,2025-08-29,2025-08-29,2026-09-30,1,Granted,9854307,,,,
135314/1,79601,2,203,Fixed,Point to Point,2025-08-29,2025-08-29,2026-09-30,1,Granted,9854308,,,,
135369/1,79601,2,203,Fixed,Point to Point,2025-08-29,2025-08-29,2026-09-30,1,Granted,9854314,,,,
135401/1,79601,2,203,Fixed,Point to Point,2025-08-29,2025-08-29,2026-09-30,1,Granted,9854318,,,,
135405/1,79601,2,203,Fixed,Point to Point,2025-08-29,2025-08-29,2026-09-30,1,Granted,9854320,,,,
135469/1,1401916,3,304,Land Mobile,Land Mobile System - > 30MHz,2026-08-24,2026-08-24,2027-09-30,1,Granted,9805950,,,,
135520/1,1401916,2,203,Fixed,Point to Point,2026-08-24,2026-08-24,2027-09-30,1,Granted,9805956,,,,
135772/1,79601,3,304,Land Mobile,Land Mobile System - > 30MHz,2025-08-29,2025-08-29,2026-09-30,1,Granted,9854331,,,,
135774/1,79601,3,304,Land Mobile,Land Mobile System - > 30MHz,2025-08-29,2025-08-29,2026-09-30,1,Granted,9854333,,,,
135779/2,79601,3,304,Land Mobile,Land Mobile System - > 30MHz,2025-08-29,2025-08-29,2026-09-30,1,Granted,10437401,20016317_JSMFAC3513,,,
135780/1,79601,3,304,Land Mobile,Land Mobile System - > 30MHz,2025-08-29,2025-08-29,2026-09-30,1,Granted,9854339,,,,
135791/1,79601,2,203,Fixed,Point to Point,2025-08-29,2025-08-29,2026-09-30,1,Granted,9854348,,,,
135795/1,79601,2,203,Fixed,Point to Point,2025-08-29,2025-08-29,2026-09-30,1,Granted,9854350,,,,
135797/1,79601,2,203,Fixed,Point to Point,2025-08-29,2025-08-29,2026-09-30,1,Granted,9854351,,,,
135799/1,79601,2,203,Fixed,Point to Point,2025-08-29,2025-08-29,2026-09-30,1,Granted,9854352,,,,
135801/1,79601,2,203,Fixed,Point to Point,2025-08-29,2025-08-29,2026-09-30,1,Granted,9854353,,,,
135807/1,79601,2,203,Fixed,Point to Point,2025-08-29,2025-08-29,2026-09-30,1,Granted,9854356,,,,
135809/1,79601,2,203,Fixed,Point to Point,2025-08-29,2025-08-29,2026-09-30,1,Granted,9854357,,,,
135811/1,79601,2,203,Fixed,Point to Point,2025-08-29,2025-08-29,2026-09-30,1,Granted,9854358,,,,
135813/2,79601,2,203,Fixed,Point to Point,2025-08-29,2025-08-29,2026-09-30,1,Granted,11933906,20016317_JSMFAC10694,,,
135815/2,79601,2,203,Fixed,Point to Point,2025-08-29,2025-08-29,2026-09-30,1,Granted,10437390,20016317_JSMFAC3512,,,
135819/1,79601,2,203,Fixed,Point to Point,2025-08-29,2025-08-29,2026-09-30,1,Granted,9854362,,,,
136157/1,521072,3,304,Land Mobile,Land Mobile System - > 30MHz,2025-08-29,2025-08-29,2026-09-30,1,Granted,9862715,,,,
136166/1,521072,2,203,Fixed,Point to Point,2025-08-29,2025-08-29,2026-09-30,1,Granted,9862718,,,,
136304/1,79629,5,501,Maritime Coast,Limited Coast Assigned System,2026-04-16,2026-04-16,2027-03-28,1,Granted,9634205,,,,
137996/1,79733,3,304,Land Mobile,Land Mobile System - > 30MHz,2026-04-01,2026-04-01,2027-03-31,1,Granted,9666739,,,,
1400231/1,435100,2,200,Fixed,Point to Multipoint,2025-09-12,2025-09-12,2026-09-23,1,Granted,9845394,,,,
1400232/1,435100,2,200,Fixed,Point to Multipoint,2025-09-12,2025-09-12,2026-09-23,1,Granted,9845395,,,,
1400233/1,435100,2,200,Fixed,Point to Multipoint,2025-09-12,2025-09-12,2026-09-23,1,Granted,9845396,,,,
1400234/1,435100,2,200,Fixed,Point to Multipoint,2025-09-12,2025-09-12,2026-09-23,1,Granted,9845397,,,,
1401212/1,79648,2,203,Fixed,Point to Point,2025-12-24,2025-12-24,2026-12-31,1,Granted,9698265,,,,
1401461/1,58050,2,203,Fixed,Point to Point,2026-04-20,2026-04-20,2027-05-04,1,Granted,9698282,,,,
1401989/1,20053835,2,203,Fixed,Point to Point,2026-04-11,2026-04-11,2028-05-19,1,Granted,9698314,,,,
1401990/1,20053835,2,203,Fixed,Point to Point,2026-04-11,2026-04-11,2028-05-19,1,Granted,9698316,,,,
1402264/1,20053835,2,203,Fixed,Point to Point,2026-04-11,2026-04-11,2028-05-19,1,Granted,9698337,,,,
1402379/1,59938,5,501,Maritime Coast,Limited Coast Assigned System,2025-09-25,2025-09-25,2026-09-22,1,Granted,9852147,,,,
1402381/1,59938,5,501,Maritime Coast,Limited Coast Assigned System,2025-09-25,2025-09-25,2026-09-22,1,Granted,9852148,,,,
1402383/1,59938,5,501,Maritime Coast,Limited Coast Assigned System,2025-09-25,2025-09-25,2026-09-22,1,Granted,9852149,,,,
1402385/1,59938,5,501,Maritime Coast,Limited Coast Assigned System,2025-09-25,2025-09-25,2026-09-22,1,Granted,9852150,,,,
1402387/1,59938,5,501,Maritime Coast,Limited Coast Assigned System,2025-09-25,2025-09-25,2026-09-22,1,Granted,9852151,,,,
1402431/1,79733,3,304,Land Mobile,Land Mobile System - > 30MHz,2026-04-01,2026-04-01,2027-03-31,1,Granted,9720647,,,,
1402787/1,20053835,2,203,Fixed,Point to Point,2026-04-11,2026-04-11,2028-05-19,1,Granted,9698359,,,,
1402819/1,20053835,2,203,Fixed,Point to Point,2026-04-11,2026-04-11,2028-05-19,1,Granted,9698372,,,,
1403152/1,254802,2,200,Fixed,Point to Multipoint,2025-09-12,2025-09-12,2026-09-11,1,Granted,9804826,,,,
1403783/1,79946,2,203,Fixed,Point to Point,2026-05-11,2026-05-11,2027-05-30,1,Granted,9698454,,,,
1403787/1,79946,2,203,Fixed,Point to Point,2026-05-11,2026-05-11,2027-05-30,1,Granted,9698456,,,,
1403788/1,79946,2,203,Fixed,Point to Point,2026-05-11,2026-05-11,2027-05-30,1,Granted,9698458,,,,
1404375/1,58050,2,203,Fixed,Point to Point,2026-04-20,2026-04-20,2027-05-04,1,Granted,9698521,,,,
1404376/1,58050,2,203,Fixed,Point to Point,2026-04-20,2026-04-20,2027-05-04,1,Granted,9698523,,,,
1404457/1,20053835,2,203,Fixed,Point to Point,2026-04-11,2026-04-11,2028-05-19,1,Granted,9698533,,,,
1404800/1,20053835,2,203,Fixed,Point to Point,2026-04-11,2026-04-11,2028-05-19,1,Granted,9698590,,,,
1404983/1,20053835,2,203,Fixed,Point to Point,2026-04-11,2026-04-11,2028-05-19,1,Granted,9698605,,,,
1404985/1,20053835,2,203,Fixed,Point to Point,2026-04-11,2026-04-11,2028-05-19,1,Granted,9698609,,,,
1405079/1,1412719,3,302,Land Mobile,Ambulatory System,2026-01-19,2026-01-19,2026-12-31,1,Granted,9720990,,,,
1405080/1,1412719,3,302,Land Mobile,Ambulatory System,2026-01-19,2026-01-19,2026-12-31,1,Granted,9720992,,,,
1405669/1,20053835,2,203,Fixed,Point to Point,2026-04-11,2026-04-11,2028-05-19,1,Granted,9698665,,,,
1405739/1,79946,2,203,Fixed,Point to Point,2026-05-11,2026-05-11,2027-05-30,1,Granted,9698683,,,,
1405745/1,79946,2,200,Fixed,Point to Multipoint,2026-05-11,2026-05-11,2027-05-30,1,Granted,9698692,,,,
1406464/2,54976,6,602,Amateur,Amateur Repeater,2026-04-15,2026-04-15,2027-05-20,1,Granted,12785391,20029952_VK4RZB_Additions,,,
1406987/1,254802,2,200,Fixed,Point to Multipoint,2025-09-12,2025-09-12,2026-09-11,1,Granted,9804832,,,,
1406988/1,254802,2,200,Fixed,Point to Multipoint,2025-09-12,2025-09-12,2026-09-11,1,Granted,9804833,,,,
1406989/1,254802,2,200,Fixed,Point to Multipoint,2025-09-12,2025-09-12,2026-09-11,1,Granted,9804834,,,,
1407034/1,20053835,2,203,Fixed,Point to Point,2026-04-11,2026-04-11,2028-05-19,1,Granted,9698863,,,,
1407800/2,20031759,3,304,Land Mobile,Land Mobile System - > 30MHz,2026-07-14,2026-07-14,2027-07-20,1,Granted,10263436,,,,
1407801/2,20031759,3,304,Land Mobile,Land Mobile System - > 30MHz,2026-07-14,2026-07-14,2027-07-20,1,Granted,10263437,,,,
1407964/1,1412719,3,304,Land Mobile,Land Mobile System - > 30MHz,2026-01-19,2026-01-19,2026-12-31,1,Granted,9721534,,,,
1407965/1,1412719,3,304,Land Mobile,Land Mobile System - > 30MHz,2026-01-19,2026-01-19,2026-12-31,1,Granted,9721536,,,,
1408234/1,20053835,2,203,Fixed,Point to Point,2026-04-11,2026-04-11,2028-05-19,1,Granted,9698920,,,,
1408473/2,54976,6,602,Amateur,Amateur Repeater,2026-04-15,2026-04-15,2027-05-20,1,Granted,12785392,20029952_VK4RZC_Additions,,,
1408590/2,20031759,3,304,Land Mobile,Land Mobile System - > 30MHz,2026-07-14,2026-07-14,2026-10-23,1,Granted,10263431,,,,
1408592/2,20031759,3,304,Land Mobile,Land Mobile System - > 30MHz,2026-07-14,2026-07-14,2026-10-23,1,Granted,10263433,,,,
1408593/2,20031759,3,304,Land Mobile,Land Mobile System - > 30MHz,2026-07-14,2026-07-14,2026-10-23,1,Granted,10263434,,,,
1408768/1,58075,3,304,Land Mobile,Land Mobile System - > 30MHz,2026-04-14,2026-04-14,2027-04-14,1,Granted,9721682,,,,
1409455/2,20031759,3,304,Land Mobile,Land Mobile System - > 30MHz,2026-02-12,2026-02-12,2027-02-24,1,Granted,10259523,,,,
1409456/2,20031759,3,304,Land Mobile,Land Mobile System - > 30MHz,2026-02-12,2026-02-12,2027-02-24,1,Granted,10259524,,,,
1409542/1,455305,3,304,Land Mobile,Land Mobile System - > 30MHz,2026-06-30,2026-06-30,2027-01-01,1,Granted,9721764,,,,
1409697/1,521072,2,203,Fixed,Point to Point,2025-08-29,2025-08-29,2026-09-30,1,Granted,9862878,,,,
1409931/1,75783,3,302,Land Mobile,Ambulatory System,2026-04-09,2026-04-09,2027-04-28,1,Granted,9721802,,,,
1409965/1,58050,2,203,Fixed,Point to Point,2026-04-20,2026-04-20,2027-05-04,1,Granted,9699064,,,,
1409966/1,58050,2,203,Fixed,Point to Point,2026-04-20,2026-04-20,2027-05-04,1,Granted,9699066,,,,
1409967/1,58050,2,203,Fixed,Point to Point,2026-04-20,2026-04-20,2027-05-04,1,Granted,9699068,,,,
1410136/1,60974,3,304,Land Mobile,Land Mobile System - > 30MHz,2026-02-11,2026-02-11,2027-03-01,1,Granted,9721828,,,,
1410359/1,1401916,2,203,Fixed,Point to Point,2026-08-24,2026-08-24,2027-09-30,1,Granted,9806882,,,,
1410360/1,1401916,2,203,Fixed,Point to Point,2026-08-24,2026-08-24,2027-09-30,1,Granted,9806884,,,,
1410361/1,1401916,2,203,Fixed,Point to Point,2026-08-24,2026-08-24,2027-09-30,1,Granted,9806886,,,,
1410365/1,1401916,2,203,Fixed,Point to Point,2026-08-24,2026-08-24,2027-09-30,1,Granted,9806891,,,,
1410423/1,1480691,2,203,Fixed,Point to Point,2026-06-15,2026-06-15,2027-06-16,1,Granted,9699143,,,,
1410424/1,1480691,2,203,Fixed,Point to Point,2026-06-15,2026-06-15,2027-06-16,1,Granted,9699144,,,,
1410738/1,435100,2,200,Fixed,Point to Multipoint,2025-09-12,2025-09-12,2026-09-23,1,Granted,9845403,,,,
1410739/1,435100,2,200,Fixed,Point to Multipoint,2025-09-12,2025-09-12,2026-09-23,1,Granted,9845404,,,,
1410740/1,435100,2,200,Fixed,Point to Multipoint,2025-09-12,2025-09-12,2026-09-23,1,Granted,9845405,,,,
1410857/1,63560,3,304,Land Mobile,Land Mobile System - > 30MHz,2025-11-12,2025-11-12,2026-11-14,1,Granted,9721908,,,,
1410991/1,79648,3,304,Land Mobile,Land Mobile System - > 30MHz,2025-12-24,2025-12-24,2026-12-31,1,Granted,9721926,,,,
1411025/1,435100,2,200,Fixed,Point to Multipoint,2025-09-12,2025-09-12,2026-09-23,1,Granted,9845406,,,,
1411489/1,521072,2,203,Fixed,Point to Point,2025-08-29,2025-08-29,2026-09-30,1,Granted,9862883,,,,
1411513/1,521072,2,203,Fixed,Point to Point,2025-08-29,2025-08-29,2026-09-30,1,Granted,9862886,,,,
1412503/2,20036497,3,304,Land Mobile,Land Mobile System - > 30MHz,2026-03-11,2026-03-11,2027-03-19,1,Granted,10441669,,,,
1412833/2,20031759,3,304,Land Mobile,Land Mobile System - > 30MHz,2026-05-26,2026-05-26,2027-05-27,1,Granted,10259528,,,,
1412896/1,56139,3,304,Land Mobile,Land Mobile System - > 30MHz,2026-02-09,2026-02-09,2027-03-01,1,Granted,9722382,,,,
1412903/1,20053835,2,203,Fixed,Point to Point,2026-04-11,2026-04-11,2028-05-19,1,Granted,9699419,,,,
1413182/2,20031759,3,304,Land Mobile,Land Mobile System - > 30MHz,2026-07-03,2026-07-03,2026-10-05,1,Granted,10259529,,,,
1413183/2,20031759,3,304,Land Mobile,Land Mobile System - > 30MHz,2026-07-03,2026-07-03,2026-10-05,1,Granted,10259520,,,,
1413184/2,20031759,3,304,Land Mobile,Land Mobile System - > 30MHz,2026-07-03,2026-07-03,2026-10-05,1,Granted,10259530,,,,
1414448/1,1144435,2,203,Fixed,Point to Point,2026-03-19,2026-03-19,2027-03-17,1,Granted,9699589,,,,
1414577/1,20008300,3,304,Land Mobile,Land Mobile System - > 30MHz,2026-08-28,2026-08-28,2027-09-10,1,Granted,9808945,,,,
1415029/1,20015983,3,304,Land Mobile,Land Mobile System - > 30MHz,2025-11-17,2025-11-17,2026-12-22,1,Granted,9723019,,,,
1416024/1,5832,3,307,Land Mobile,Paging System - Exterior,2026-05-20,2026-05-20,2027-06-29,1,Granted,9723149,,,,
1416072/1,107618,2,203,Fixed,Point to Point,2025-10-17,2025-10-17,2026-10-07,1,Granted,9808947,,,,
1416832/1,1413467,3,308,Land Mobile,Paging System - Interior,2025-08-13,2025-08-13,2026-08-16,10,Expired,9723314,,,,
1417860/1,107618,2,203,Fixed,Point to Point,2025-10-17,2025-10-17,2026-10-07,1,Granted,9808957,,,,
1417861/1,107618,2,203,Fixed,Point to Point,2025-10-17,2025-10-17,2026-10-07,1,Granted,9808958,,,,
1417862/1,107618,2,203,Fixed,Point to Point,2025-10-17,2025-10-17,2026-10-07,1,Granted,9808959,,,,
1418797/1,435100,2,200,Fixed,Point to Multipoint,2025-09-12,2025-09-12,2026-09-23,1,Granted,9845416,,,,
1419226/1,1415609,3,308,Land Mobile,Paging System - Interior,2026-04-07,2026-04-07,2027-04-10,1,Granted,9723739,,,,
1420017/1,1480691,3,304,Land Mobile,Land Mobile System - > 30MHz,2026-08-18,2026-08-18,2027-09-24,1,Granted,9820294,,,,
1420031/1,1480691,3,304,Land Mobile,Land Mobile System - > 30MHz,2026-08-18,2026-08-18,2027-09-24,1,Granted,9820296,,,,
1420099/1,1416226,3,308,Land Mobile,Paging System - Interior,2026-06-11,2026-06-11,2027-06-24,1,Granted,9723901,,,,
1420592/1,59938,5,501,Maritime Coast,Limited Coast Assigned System,2025-09-25,2025-09-25,2026-09-22,1,Granted,9852157,,,,
1420593/1,59938,5,501,Maritime Coast,Limited Coast Assigned System,2025-09-25,2025-09-25,2026-09-22,1,Granted,9852158,,,,
1420594/1,59938,5,501,Maritime Coast,Limited Coast Assigned System,2025-09-25,2025-09-25,2026-09-22,1,Granted,9852159,,,,
1420595/1,59938,5,501,Maritime Coast,Limited Coast Assigned System,2025-09-25,2025-09-25,2026-09-22,1,Granted,9852160,,,,
1420744/1,20053835,2,203,Fixed,Point to Point,2026-04-11,2026-04-11,2028-05-19,1,Granted,9700468,,,,
1421318/1,435100,2,200,Fixed,Point to Multipoint,2025-09-12,2025-09-12,2026-09-23,1,Granted,9845419,,,,
1421319/1,435100,2,200,Fixed,Point to Multipoint,2025-09-12,2025-09-12,2026-09-23,1,Granted,9845420,,,,
1421513/1,1417380,3,308,Land Mobile,Paging System - Interior,2026-03-30,2026-03-30,2027-03-08,1,Granted,9724253,,,,
1421931/1,20004872,3,307,Land Mobile,Paging System - Exterior,2026-04-24,2026-04-24,2027-04-30,1,Granted,9724371,,,,
1421985/1,63254,2,203,Fixed,Point to Point,2026-08-05,2026-08-05,2027-08-04,1,Granted,9700602,,,,
1421993/1,20015983,3,304,Land Mobile,Land Mobile System - > 30MHz,2025-11-04,2025-11-04,2026-12-10,1,Granted,9724395,,,,
1421994/1,20015983,3,304,Land Mobile,Land Mobile System - > 30MHz,2025-11-04,2025-11-04,2026-12-10,1,Granted,9724397,,,,
1422227/1,1412719,3,304,Land Mobile,Land Mobile System - > 30MHz,2026-01-19,2026-01-19,2026-12-31,1,Granted,9724413,,,,
1422292/1,1412719,3,304,Land Mobile,Land Mobile System - > 30MHz,2026-01-19,2026-01-19,2026-12-31,1,Granted,9724429,,,,
1422682/1,20053835,2,203,Fixed,Point to Point,2026-04-11,2026-04-11,2028-05-19,1,Granted,9700660,,,,
1422735/1,20008916,3,304,Land Mobile,Land Mobile System - > 30MHz,2026-01-05,2026-01-05,2026-12-31,1,Granted,9724557,,,,
1422880/2,20027047,3,308,Land Mobile,Paging System - Interior,2026-03-10,2026-03-10,2027-03-24,1,Granted,9897175,,,,
1423249/1,1418731,3,308,Land Mobile,Paging System - Interior,2026-03-23,2026-03-23,2027-03-20,1,Granted,9724664,,,,
1423560/4,439082,3,304,Land Mobile,Land Mobile System - > 30MHz,2026-03-17,2026-03-17,2027-03-23,1,Granted,11648829,1130096_RD382AD,,,
1423561/4,439082,3,304,Land Mobile,Land Mobile System - > 30MHz,2026-03-17,2026-03-17,2027-03-23,1,Granted,12827687,20056206_App_Sub_013651,,,
1423600/1,59938,5,501,Maritime Coast,Limited Coast Assigned System,2025-09-25,2025-09-25,2026-09-22,1,Granted,9852166,,,,
1423716/1,20053835,2,203,Fixed,Point to Point,2026-04-11,2026-04-11,2028-05-19,1,Granted,9700800,,,,
1425073/1,20053835,2,203,Fixed,Point to Point,2026-04-11,2026-04-11,2028-05-19,1,Granted,9700963,,,,
1425369/1,455305,3,304,Land Mobile,Land Mobile System - > 30MHz,2026-06-30,2026-06-30,2027-01-01,1,Granted,9725260,,,,
1425676/1,1412719,3,307,Land Mobile,Paging System - Exterior,2026-01-19,2026-01-19,2026-12-31,1,Granted,9725295,,,,
1426092/2,20062681,5,501,Maritime Coast,Limited Coast Assigned System,2026-06-21,2026-06-21,2027-07-31,1,Granted,12884115,,,,
1426603/4,20064675,3,303,Land Mobile,CBRS Repeater,2026-02-12,2026-02-12,2027-02-06,1,Granted,12866473,20025735_240169_resub,,,
1426660/1,1442121,3,304,Land Mobile,Land Mobile System - > 30MHz,2026-03-05,2026-03-05,2027-03-26,1,Granted,9725591,,,,
1426662/1,1442121,3,304,Land Mobile,Land Mobile System - > 30MHz,2026-03-05,2026-03-05,2027-03-26,1,Granted,9725595,,,,
1426663/1,1442121,3,304,Land Mobile,Land Mobile System - > 30MHz,2026-03-05,2026-03-05,2027-03-26,1,Granted,9725597,,,,
1426684/1,20004872,3,307,Land Mobile,Paging System - Exterior,2026-04-24,2026-04-24,2027-04-30,1,Granted,9725603,,,,
1426732/1,1412719,3,304,Land Mobile,Land Mobile System - > 30MHz,2026-01-19,2026-01-19,2026-12-31,1,Granted,9725619,,,,
1426757/1,270141,3,304,Land Mobile,Land Mobile System - > 30MHz,2026-05-21,2026-05-21,2027-06-30,1,Granted,9725629,,,,
1426761/1,270141,3,304,Land Mobile,Land Mobile System - > 30MHz,2026-05-21,2026-05-21,2027-06-30,1,Granted,9725638,,,,
1426771/1,270141,3,304,Land Mobile,Land Mobile System - > 30MHz,2026-05-21,2026-05-21,2027-06-30,1,Granted,9725665,,,,
1426780/1,270141,3,304,Land Mobile,Land Mobile System - > 30MHz,2026-05-21,2026-05-21,2027-06-30,1,Granted,9725682,,,,
1426885/1,20053835,2,203,Fixed,Point to Point,2026-04-11,2026-04-11,2028-05-19,1,Granted,9701209,,,,
1426893/1,20053835,2,203,Fixed,Point to Point,2026-04-11,2026-04-11,2028-05-19,1,Granted,9701213,,,,
1426909/1,20053835,2,203,Fixed,Point to Point,2026-04-11,2026-04-11,2028-05-19,1,Granted,9701215,,,,
1426941/1,20008300,3,304,Land Mobile,Land Mobile System - > 30MHz,2026-08-28,2026-08-28,2027-09-10,1,Granted,9808973,,,,
1427198/3,52399,3,304,Land Mobile,Land Mobile System - > 30MHz,2025-10-29,2025-10-29,2026-10-16,1,Granted,12055829,20016317_JSMFAC11280,,,
1427199/2,52399,3,304,Land Mobile,Land Mobile System - > 30MHz,2025-10-29,2025-10-29,2026-10-16,1,Granted,9967470,1130096_SC589C,,,
1427201/2,52399,2,203,Fixed,Point to Point,2025-10-03,2025-10-03,2026-10-16,1,Granted,10196379,1130096_SC716D,,,
1427202/1,52399,2,203,Fixed,Point to Point,2025-10-03,2025-10-03,2026-10-16,1,Granted,9701302,,,,
1427376/1,514483,3,304,Land Mobile,Land Mobile System - > 30MHz,2025-12-01,2025-12-01,2026-12-13,1,Granted,9725922,,,,
1427866/1,435100,2,200,Fixed,Point to Multipoint,2025-09-12,2025-09-12,2026-09-23,1,Granted,9845425,,,,
1428003/1,20053835,2,203,Fixed,Point to Point,2026-04-11,2026-04-11,2028-05-19,1,Granted,9701429,,,,
142845/1,79946,3,304,Land Mobile,Land Mobile System - > 30MHz,2026-05-11,2026-05-11,2027-05-30,1,Granted,9667081,,,,
1428481/1,1101084,3,308,Land Mobile,Paging System - Interior,2025-10-13,2025-10-13,2026-10-19,1,Granted,9808976,,,,
1428735/2,20036497,3,304,Land Mobile,Land Mobile System - > 30MHz,2026-03-11,2026-03-11,2027-03-19,1,Granted,10441617,,,,
1428757/1,20015983,3,304,Land Mobile,Land Mobile System - > 30MHz,2025-09-12,2025-09-12,2026-10-21,1,Granted,9726618,,,,
1428758/2,20062681,3,304,Land Mobile,Land Mobile System - > 30MHz,2025-09-09,2025-09-09,2026-10-19,1,Granted,12862798,,,,
1428887/1,20053835,2,203,Fixed,Point to Point,2026-04-11,2026-04-11,2028-05-19,1,Granted,9701679,,,,
1428970/2,20021476,3,304,Land Mobile,Land Mobile System - > 30MHz,2026-06-29,2026-06-29,2027-06-30,1,Granted,12937986,,,,
1429466/1,102982,3,304,Land Mobile,Land Mobile System - > 30MHz,2025-10-12,2025-10-12,2026-11-21,1,Granted,9727056,,,,
1429937/1,85149,2,200,Fixed,Point to Multipoint,2026-01-27,2026-01-27,2027-02-01,1,Granted,9701854,,,,
1429942/1,85149,2,200,Fixed,Point to Multipoint,2026-01-27,2026-01-27,2027-02-01,1,Granted,9701864,,,,
1430319/1,20053835,2,203,Fixed,Point to Point,2026-04-11,2026-04-11,2028-05-19,1,Granted,9701985,,,,
1430321/1,76441,3,304,Land Mobile,Land Mobile System - > 30MHz,2025-10-24,2025-10-24,2026-11-24,1,Granted,9727514,,,,
1430516/1,76441,3,304,Land Mobile,Land Mobile System - > 30MHz,2025-10-24,2025-10-24,2026-11-24,1,Granted,9727664,,,,
1430818/1,20008300,3,304,Land Mobile,Land Mobile System - > 30MHz,2026-08-28,2026-08-28,2027-09-10,1,Granted,9808979,,,,
1430956/1,455305,3,304,Land Mobile,Land Mobile System - > 30MHz,2026-06-30,2026-06-30,2027-01-01,1,Granted,9727890,,,,
1430957/1,455305,3,304,Land Mobile,Land Mobile System - > 30MHz,2026-06-30,2026-06-30,2027-01-01,1,Granted,9727892,,,,
1431128/1,20053835,2,203,Fixed,Point to Point,2026-04-11,2026-04-11,2028-05-19,1,Granted,9702206,,,,
1431166/1,1411119,2,203,Fixed,Point to Point,2026-08-28,2026-08-28,2027-09-06,1,Granted,9702225,,,,
1431248/1,1424239,3,304,Land Mobile,Land Mobile System - > 30MHz,2025-09-09,2025-09-09,2026-09-09,1,Granted,9811838,,,,
1431249/1,1424239,3,304,Land Mobile,Land Mobile System - > 30MHz,2025-09-09,2025-09-09,2026-09-09,1,Granted,9811839,,,,
1431527/1,59938,5,501,Maritime Coast,Limited Coast Assigned System,2025-09-25,2025-09-25,2026-09-22,1,Granted,9852182,,,,
1431528/1,59938,5,501,Maritime Coast,Limited Coast Assigned System,2025-09-25,2025-09-25,2026-09-22,1,Granted,9852183,,,,
1431529/1,59938,5,501,Maritime Coast,Limited Coast Assigned System,2025-09-25,2025-09-25,2026-09-22,1,Granted,9852184,,,,
1431530/1,59938,5,501,Maritime Coast,Limited Coast Assigned System,2025-09-25,2025-09-25,2026-09-22,1,Granted,9852185,,,,
1431910/1,1149181,3,304,Land Mobile,Land Mobile System - > 30MHz,2026-01-09,2026-01-09,2027-01-20,1,Granted,9728370,,,,
1431954/1,20053835,2,203,Fixed,Point to Point,2026-04-11,2026-04-11,2028-05-19,1,Granted,9702460,,,,
1431955/1,20053835,2,203,Fixed,Point to Point,2026-04-11,2026-04-11,2028-05-19,1,Granted,9702461,,,,
1432097/1,1424630,3,304,Land Mobile,Land Mobile System - > 30MHz,2026-01-09,2026-01-09,2027-02-02,1,Granted,9728478,,,,
1432098/1,1424630,3,304,Land Mobile,Land Mobile System - > 30MHz,2026-01-09,2026-01-09,2027-02-02,1,Granted,9728480,,,,
1432107/1,59938,5,501,Maritime Coast,Limited Coast Assigned System,2025-09-25,2025-09-25,2026-09-22,1,Granted,9852188,,,,
1432108/1,59938,5,501,Maritime Coast,Limited Coast Assigned System,2025-09-25,2025-09-25,2026-09-22,1,Granted,9852189,,,,
1432142/2,20057576,3,308,Land Mobile,Paging System - Interior,2026-03-26,2026-03-26,2027-04-28,1,Granted,12268695,,,,
143229/1,79946,3,304,Land Mobile,Land Mobile System - > 30MHz,2025-12-15,2025-12-15,2026-12-31,1,Granted,9667109,,,,
143246/3,20036656,3,304,Land Mobile,Land Mobile System - > 30MHz,2026-05-25,2026-05-25,2027-05-31,1,Granted,11197737,20038343_QR74_1,,,
143247/1,20036656,3,304,Land Mobile,Land Mobile System - > 30MHz,2026-05-25,2026-05-25,2027-05-31,1,Granted,9667113,,,,
1432573/1,58050,2,203,Fixed,Point to Point,2026-04-20,2026-04-20,2027-05-04,1,Granted,9702621,,,,
143271/2,1149151,3,304,Land Mobile,Land Mobile System - > 30MHz,2026-05-25,2026-05-25,2027-05-31,1,Granted,10065780,1143026_QR09_2a-3,,,
1432730/1,1424647,3,304,Land Mobile,Land Mobile System - > 30MHz,2026-04-20,2026-04-20,2027-04-22,1,Granted,9728785,,,,
1432827/1,435100,2,200,Fixed,Point to Multipoint,2025-09-12,2025-09-12,2026-09-23,1,Granted,9845428,,,,
1432864/1,20053835,2,203,Fixed,Point to Point,2026-04-11,2026-04-11,2028-05-19,1,Granted,9702695,,,,
1433215/1,1424647,3,304,Land Mobile,Land Mobile System - > 30MHz,2026-04-20,2026-04-20,2027-04-22,1,Granted,9729038,,,,
1433216/1,1424647,3,304,Land Mobile,Land Mobile System - > 30MHz,2026-04-20,2026-04-20,2027-04-22,1,Granted,9729040,,,,
1433217/1,1424647,3,304,Land Mobile,Land Mobile System - > 30MHz,2026-04-20,2026-04-20,2027-04-22,1,Granted,9729042,,,,
1433218/1,1424647,3,304,Land Mobile,Land Mobile System - > 30MHz,2026-04-20,2026-04-20,2027-04-22,1,Granted,9729044,,,,
1433226/1,20003601,3,304,Land Mobile,Land Mobile System - > 30MHz,2025-11-18,2025-11-18,2026-12-24,1,Granted,9729050,,,,
1433227/1,20003601,3,304,Land Mobile,Land Mobile System - > 30MHz,2025-11-18,2025-11-18,2026-12-24,1,Granted,9729052,,,,
1433316/3,20013965,3,304,Land Mobile,Land Mobile System - > 30MHz,2025-11-18,2025-11-18,2026-11-06,1,Granted,12716957,,,,
143766/1,20036656,3,304,Land Mobile,Land Mobile System - > 30MHz,2026-05-25,2026-05-25,2027-05-31,1,Granted,9667135,,,,
143925/1,1149151,2,203,Fixed,Point to Point,2026-05-25,2026-05-25,2027-05-31,1,Granted,9676019,,,,
143927/1,1149151,2,203,Fixed,Point to Point,2026-05-25,2026-05-25,2027-05-31,1,Granted,9676021,,,,
1440349/2,20037563,3,304,Land Mobile,Land Mobile System - > 30MHz,2025-09-23,2025-09-23,2026-09-26,1,Granted,10529154,,,,
1440390/1,51411,5,501,Maritime Coast,Limited Coast Assigned System,2026-05-21,2026-05-21,2027-06-30,1,Granted,9641667,,,,
1440391/1,51411,3,304,Land Mobile,Land Mobile System - > 30MHz,2026-05-21,2026-05-21,2027-06-30,1,Granted,9729393,,,,
1440466/1,1401916,2,203,Fixed,Point to Point,2026-08-24,2026-08-24,2027-09-30,1,Granted,9806930,,,,
1440471/1,1401916,2,203,Fixed,Point to Point,2026-08-24,2026-08-24,2027-09-30,1,Granted,9806935,,,,
1440915/1,20003089,3,304,Land Mobile,Land Mobile System - > 30MHz,2026-06-12,2026-06-12,2027-07-18,1,Granted,9729456,,,,
1440939/3,20040155,5,501,Maritime Coast,Limited Coast Assigned System,2026-07-07,2026-07-07,2027-08-16,1,Granted,12121673,,,,
1440940/3,20040155,5,501,Maritime Coast,Limited Coast Assigned System,2026-07-07,2026-07-07,2027-08-16,1,Granted,12121674,,,,
1441012/1,435100,2,200,Fixed,Point to Multipoint,2025-09-12,2025-09-12,2026-09-23,1,Granted,9845430,,,,
1441013/1,435100,2,200,Fixed,Point to Multipoint,2025-09-12,2025-09-12,2026-09-23,1,Granted,9845431,,,,
1441014/1,435100,2,200,Fixed,Point to Multipoint,2025-09-12,2025-09-12,2026-09-23,1,Granted,9845432,,,,
1441342/1,77686,3,304,Land Mobile,Land Mobile System - > 30MHz,2026-08-04,2026-08-04,2027-08-05,1,Granted,9729506,,,,
1441653/2,20041324,2,200,Fixed,Point to Multipoint,2025-12-19,2025-12-19,2026-12-31,1,Granted,10730034,,,,
1441654/2,20041324,2,200,Fixed,Point to Multipoint,2025-12-19,2025-12-19,2026-12-31,1,Granted,10730035,,,,
1441857/2,20037563,3,304,Land Mobile,Land Mobile System - > 30MHz,2025-09-23,2025-09-23,2026-09-26,1,Granted,10529155,,,,
1441871/2,564292,3,304,Land Mobile,Land Mobile System - > 30MHz,2026-07-03,2026-07-03,2027-07-08,1,Granted,9855143,20011258_ME150_4,,,
1442266/1,20053835,2,203,Fixed,Point to Point,2026-04-11,2026-04-11,2028-05-19,1,Granted,9703000,,,,
1442650/1,20004872,3,307,Land Mobile,Paging System - Exterior,2026-04-24,2026-04-24,2027-04-30,1,Granted,9729676,,,,
1443118/1,75835,3,304,Land Mobile,Land Mobile System - > 30MHz,2026-06-22,2026-06-22,2027-07-25,1,Granted,9729717,,,,
1443119/1,75835,3,304,Land Mobile,Land Mobile System - > 30MHz,2026-06-22,2026-06-22,2027-07-25,1,Granted,9729719,,,,
1443339/1,55679,2,200,Fixed,Point to Multipoint,2026-01-29,2026-01-29,2027-02-25,1,Granted,9703057,,,,
1443349/1,401054,2,203,Fixed,Point to Point,2026-06-19,2026-06-19,2027-06-30,1,Granted,9703059,,,,
1443370/1,1442222,3,308,Land Mobile,Paging System - Interior,2026-07-31,2026-07-31,2027-07-29,1,Granted,9729756,,,,
1443796/1,51273,5,501,Maritime Coast,Limited Coast Assigned System,2025-09-05,2025-09-05,2026-10-15,1,Granted,9641792,,,,
1444261/2,8133088,3,304,Land Mobile,Land Mobile System - > 30MHz,2025-10-09,2025-10-09,2026-10-29,1,Granted,9872961,,,,
144454/1,79946,3,304,Land Mobile,Land Mobile System - > 30MHz,2026-05-11,2026-05-11,2027-05-30,1,Granted,9667209,,,,
1444823/1,1102518,1,105,Broadcasting,Narrowcasting Service (LPON),2026-08-07,2026-08-07,2027-09-01,1,Granted,9798392,,,,
1445008/1,49832,5,501,Maritime Coast,Limited Coast Assigned System,2026-02-26,2026-02-26,2027-04-07,1,Granted,9641854,,,,
1445013/1,49832,5,501,Maritime Coast,Limited Coast Assigned System,2026-02-26,2026-02-26,2027-04-07,1,Granted,9641865,,,,
1445014/1,49832,5,501,Maritime Coast,Limited Coast Assigned System,2026-02-26,2026-02-26,2027-04-07,1,Granted,9641868,,,,
1445016/1,49832,5,501,Maritime Coast,Limited Coast Assigned System,2026-02-26,2026-02-26,2027-04-07,1,Granted,9641873,,,,
1445017/1,49832,5,501,Maritime Coast,Limited Coast Assigned System,2026-02-26,2026-02-26,2027-04-07,1,Granted,9641876,,,,
1445018/1,49832,2,203,Fixed,Point to Point,2026-02-26,2026-02-26,2027-04-07,1,Granted,9703170,,,,
1445133/1,1401916,2,203,Fixed,Point to Point,2026-08-24,2026-08-24,2027-09-30,1,Granted,9806954,,,,
1445315/1,1444124,3,304,Land Mobile,Land Mobile System - > 30MHz,2025-09-29,2025-09-29,2026-11-08,1,Granted,9729973,,,,
1445794/1,20053835,2,203,Fixed,Point to Point,2026-04-11,2026-04-11,2028-05-19,1,Granted,9703324,,,,
1445814/1,79648,3,304,Land Mobile,Land Mobile System - > 30MHz,2025-12-24,2025-12-24,2026-12-31,1,Granted,9730049,,,,
1446024/1,20002412,3,304,Land Mobile,Land Mobile System - > 30MHz,2025-09-18,2025-09-18,2026-09-24,1,Granted,9824625,,,,
1446433/1,20053835,2,203,Fixed,Point to Point,2026-04-11,2026-04-11,2028-05-19,1,Granted,9703358,,,,
1446446/1,435100,2,200,Fixed,Point to Multipoint,2025-09-12,2025-09-12,2026-09-23,1,Granted,9845434,,,,
1446447/1,435100,2,200,Fixed,Point to Multipoint,2025-09-12,2025-09-12,2026-09-23,1,Granted,9845435,,,,
144649/1,20036656,3,304,Land Mobile,Land Mobile System - > 30MHz,2026-05-25,2026-05-25,2027-05-31,1,Granted,9667258,,,,
1446528/1,79601,2,203,Fixed,Point to Point,2025-08-29,2025-08-29,2026-09-30,1,Granted,9854477,,,,
1446584/1,435100,2,200,Fixed,Point to Multipoint,2025-09-12,2025-09-12,2026-09-23,1,Granted,9845438,,,,
1446938/1,20053835,2,203,Fixed,Point to Point,2026-04-11,2026-04-11,2028-05-19,1,Granted,9703405,,,,
1447271/1,20004872,3,307,Land Mobile,Paging System - Exterior,2026-04-24,2026-04-24,2027-04-30,1,Granted,9730256,,,,
1447297/1,1442222,3,308,Land Mobile,Paging System - Interior,2026-07-31,2026-07-31,2027-07-29,1,Granted,9730261,,,,
1447368/1,20004872,3,307,Land Mobile,Paging System - Exterior,2026-04-24,2026-04-24,2027-04-30,1,Granted,9730263,,,,
1447469/1,435100,2,200,Fixed,Point to Multipoint,2025-09-12,2025-09-12,2026-09-23,1,Granted,9845439,,,,
1447471/1,435100,2,200,Fixed,Point to Multipoint,2025-09-12,2025-09-12,2026-09-23,1,Granted,9845440,,,,
1447474/1,435100,2,200,Fixed,Point to Multipoint,2025-09-12,2025-09-12,2026-09-23,1,Granted,9845441,,,,
1447476/1,20053835,2,203,Fixed,Point to Point,2026-04-11,2026-04-11,2028-05-19,1,Granted,9703422,,,,
1447477/1,435100,2,200,Fixed,Point to Multipoint,2025-09-12,2025-09-12,2026-09-23,1,Granted,9845442,,,,
1447480/1,435100,2,200,Fixed,Point to Multipoint,2025-09-12,2025-09-12,2026-09-23,1,Granted,9845443,,,,
1448341/1,435100,2,200,Fixed,Point to Multipoint,2025-09-12,2025-09-12,2026-09-23,1,Granted,9845444,,,,
1448342/1,435100,2,200,Fixed,Point to Multipoint,2025-09-12,2025-09-12,2026-09-23,1,Granted,9845445,,,,
1448343/1,435100,2,200,Fixed,Point to Multipoint,2025-09-12,2025-09-12,2026-09-23,1,Granted,9845446,,,,
1448344/1,435100,2,200,Fixed,Point to Multipoint,2025-09-12,2025-09-12,2026-09-23,1,Granted,9845447,,,,
1449984/1,106569,3,304,Land Mobile,Land Mobile System - > 30MHz,2025-11-27,2025-11-27,2026-11-28,1,Granted,9730435,,,,
1450660/2,1149151,2,203,Fixed,Point to Point,2026-05-25,2026-05-25,2027-05-31,1,Granted,10963767,20038343_vary_P2P_QR62_2_resub,,,
1450661/3,1149151,2,203,Fixed,Point to Point,2026-05-25,2026-05-25,2027-05-31,1,Granted,11185100,20038343_vary_800MHz_P2P_QR73_3,,,
1450705/1,1149151,3,304,Land Mobile,Land Mobile System - > 30MHz,2026-05-25,2026-05-25,2027-05-31,1,Granted,9730559,,,,
1450706/1,1149151,3,304,Land Mobile,Land Mobile System - > 30MHz,2026-05-25,2026-05-25,2027-05-31,1,Granted,9730561,,,,
1450840/1,1149151,3,304,Land Mobile,Land Mobile System - > 30MHz,2026-05-25,2026-05-25,2027-05-31,1,Granted,9730606,,,,
1451074/1,85149,2,200,Fixed,Point to Multipoint,2026-01-27,2026-01-27,2027-02-01,1,Granted,9703918,,,,
1452012/2,20060946,2,203,Fixed,Point to Point,2025-08-31,2025-08-31,2026-10-10,1,Granted,9848962,,,,
1452117/1,1442707,2,203,Fixed,Point to Point,2026-01-30,2026-01-30,2027-02-10,1,Granted,9704148,,,,
1452119/1,1442707,2,201,Fixed,Point to Multipoint - Land Mobile Spec,2026-01-30,2026-01-30,2027-02-10,1,Granted,9704152,,,,
1452120/1,1442707,3,304,Land Mobile,Land Mobile System - > 30MHz,2026-01-30,2026-01-30,2027-02-10,1,Granted,9731035,,,,
145610/1,80681,3,304,Land Mobile,Land Mobile System - > 30MHz,2026-08-31,2026-08-31,2027-09-01,1,Granted,9793372,,,,
1460101/1,1144665,3,301,Land Mobile,Ambulatory - Initial,2025-06-25,2025-06-25,2026-06-30,10,Expired,9731083,,,,
1460102/1,1144665,3,301,Land Mobile,Ambulatory - Initial,2025-06-25,2025-06-25,2026-06-30,10,Expired,9731085,,,,
1461592/1,20004872,3,307,Land Mobile,Paging System - Exterior,2026-04-24,2026-04-24,2027-04-30,1,Granted,9731159,,,,
1461648/1,53733,3,303,Land Mobile,CBRS Repeater,2026-06-16,2026-06-16,2027-07-02,1,Granted,9731175,,,,
1461689/1,20004872,3,307,Land Mobile,Paging System - Exterior,2026-04-24,2026-04-24,2027-04-30,1,Granted,9731184,,,,
1462016/1,20004872,3,307,Land Mobile,Paging System - Exterior,2026-04-24,2026-04-24,2027-04-30,1,Granted,9731214,,,,
1462155/1,49686,2,203,Fixed,Point to Point,2025-11-21,2025-11-21,2026-12-31,1,Granted,9704282,,,,
1462159/1,49686,2,203,Fixed,Point to Point,2025-11-21,2025-11-21,2026-12-31,1,Granted,9704285,,,,
1462214/1,1405412,3,308,Land Mobile,Paging System - Interior,2025-11-06,2025-11-06,2026-11-01,1,Granted,9731232,,,,
1462295/1,51920,3,304,Land Mobile,Land Mobile System - > 30MHz,2026-07-24,2026-07-24,2027-07-26,1,Granted,9801801,,,,
1462373/1,56921,3,303,Land Mobile,CBRS Repeater,2026-03-04,2026-03-04,2027-03-05,1,Granted,9731253,,,,
1462397/1,20053835,2,203,Fixed,Point to Point,2026-04-11,2026-04-11,2028-05-19,1,Granted,9704318,,,,
1463732/3,20013965,3,304,Land Mobile,Land Mobile System - > 30MHz,2025-11-18,2025-11-18,2026-11-06,1,Granted,12716750,,,,
1463733/1,49686,5,501,Maritime Coast,Limited Coast Assigned System,2025-11-21,2025-11-21,2026-12-31,1,Granted,9642314,,,,
1463975/1,435100,2,200,Fixed,Point to Multipoint,2025-09-12,2025-09-12,2026-09-23,1,Granted,9845456,,,,
1464004/1,20053835,2,203,Fixed,Point to Point,2026-04-11,2026-04-11,2028-05-19,1,Granted,9704402,,,,
1464078/1,1144665,3,304,Land Mobile,Land Mobile System - > 30MHz,2025-06-25,2025-06-25,2026-06-30,10,Expired,9731484,,,,
1464371/1,1480691,3,304,Land Mobile,Land Mobile System - > 30MHz,2026-06-15,2026-06-15,2027-06-16,1,Granted,9731526,,,,
1464442/1,20053835,2,203,Fixed,Point to Point,2026-04-11,2026-04-11,2028-05-19,1,Granted,9704482,,,,
1464539/2,1144661,2,200,Fixed,Point to Multipoint,2025-12-15,2025-12-15,2026-12-31,1,Granted,10091381,,,,
1464895/1,1480691,3,304,Land Mobile,Land Mobile System - > 30MHz,2026-07-13,2026-07-13,2027-08-03,1,Granted,9731644,,,,
1464912/1,1480691,3,304,Land Mobile,Land Mobile System - > 30MHz,2026-06-29,2026-06-29,2027-07-22,1,Granted,9731662,,,,
1464913/1,1480691,3,304,Land Mobile,Land Mobile System - > 30MHz,2026-06-29,2026-06-29,2027-07-22,1,Granted,9731664,,,,
1464914/1,1480691,3,304,Land Mobile,Land Mobile System - > 30MHz,2026-06-29,2026-06-29,2027-07-22,1,Granted,9731666,,,,
1464915/1,1480691,3,304,Land Mobile,Land Mobile System - > 30MHz,2026-06-29,2026-06-29,2027-07-22,1,Granted,9731668,,,,
1465048/2,49686,5,501,Maritime Coast,Limited Coast Assigned System,2025-11-21,2025-11-21,2026-12-31,1,Granted,11172426,,,,
1465067/1,420540,3,304,Land Mobile,Land Mobile System - > 30MHz,2026-01-15,2026-01-15,2027-01-18,1,Granted,9731711,,,,
1465093/1,76441,3,302,Land Mobile,Ambulatory System,2025-10-24,2025-10-24,2026-11-24,1,Granted,9731713,,,,
1465158/1,20053835,2,203,Fixed,Point to Point,2026-04-11,2026-04-11,2028-05-19,1,Granted,9704612,,,,
1465159/1,20053835,2,203,Fixed,Point to Point,2026-04-11,2026-04-11,2028-05-19,1,Granted,9704614,,,,
1465314/1,76441,3,302,Land Mobile,Ambulatory System,2025-10-24,2025-10-24,2026-11-24,1,Granted,9731732,,,,
1465379/1,20053835,2,203,Fixed,Point to Point,2026-04-11,2026-04-11,2028-05-19,1,Granted,9704656,,,,
1465397/2,20062681,2,203,Fixed,Point to Point,2026-06-21,2026-06-21,2027-07-31,1,Granted,12884127,,,,
1465444/2,1144661,3,304,Land Mobile,Land Mobile System - > 30MHz,2025-12-15,2025-12-15,2026-12-31,1,Granted,10091383,,,,
1465621/1,50654,5,501,Maritime Coast,Limited Coast Assigned System,2026-06-21,2026-06-21,2027-07-30,1,Granted,9642375,,,,
1465659/1,59938,5,501,Maritime Coast,Limited Coast Assigned System,2025-09-25,2025-09-25,2026-09-22,1,Granted,9852201,,,,
1465660/1,59938,5,501,Maritime Coast,Limited Coast Assigned System,2025-09-25,2025-09-25,2026-09-22,1,Granted,9852202,,,,
1465722/1,1401916,3,304,Land Mobile,Land Mobile System - > 30MHz,2026-08-24,2026-08-24,2027-09-30,1,Granted,9807078,,,,
1465823/1,270141,3,304,Land Mobile,Land Mobile System - > 30MHz,2026-05-21,2026-05-21,2027-06-30,1,Granted,9731855,,,,
1465945/1,20053835,2,203,Fixed,Point to Point,2026-04-11,2026-04-11,2028-05-19,1,Granted,9704756,,,,
1466024/1,20053835,2,203,Fixed,Point to Point,2026-04-11,2026-04-11,2028-05-19,1,Granted,9704760,,,,
1466313/2,20021476,3,304,Land Mobile,Land Mobile System - > 30MHz,2026-06-29,2026-06-29,2027-06-30,1,Granted,12937995,,,,
1466318/2,20021476,3,304,Land Mobile,Land Mobile System - > 30MHz,2026-06-29,2026-06-29,2027-06-30,1,Granted,12937996,,,,
1466536/1,20053835,2,203,Fixed,Point to Point,2026-04-11,2026-04-11,2028-05-19,1,Granted,9704822,,,,
1466719/1,20053835,2,203,Fixed,Point to Point,2026-04-11,2026-04-11,2028-05-19,1,Granted,9704832,,,,
147834/1,83188,3,304,Land Mobile,Land Mobile System - > 30MHz,2026-05-20,2026-05-20,2027-06-12,1,Granted,9667429,,,,
1480828/2,1147378,3,304,Land Mobile,Land Mobile System - > 30MHz,2026-05-01,2026-05-01,2027-05-23,1,Granted,12187678,,,,
1480976/2,20062681,5,501,Maritime Coast,Limited Coast Assigned System,2026-06-05,2026-06-05,2027-07-15,1,Granted,13050412,,,,
148104/1,83314,3,304,Land Mobile,Land Mobile System - > 30MHz,2026-08-24,2026-08-24,2027-09-30,1,Granted,9806034,,,,
148105/1,83314,3,304,Land Mobile,Land Mobile System - > 30MHz,2026-08-24,2026-08-24,2027-09-30,1,Granted,9806035,,,,
148106/1,83314,3,304,Land Mobile,Land Mobile System - > 30MHz,2026-08-24,2026-08-24,2027-09-30,1,Granted,9806036,,,,
1481302/1,1480691,3,304,Land Mobile,Land Mobile System - > 30MHz,2026-08-18,2026-08-18,2027-09-24,1,Granted,9820310,,,,
1481303/1,1480691,3,304,Land Mobile,Land Mobile System - > 30MHz,2026-08-18,2026-08-18,2027-09-24,1,Granted,9820311,,,,
1481318/1,1480691,3,304,Land Mobile,Land Mobile System - > 30MHz,2026-08-18,2026-08-18,2027-09-24,1,Granted,9820312,,,,
1481319/1,1480691,3,304,Land Mobile,Land Mobile System - > 30MHz,2026-08-18,2026-08-18,2027-09-24,1,Granted,9820313,,,,
1481717/1,49932,5,501,Maritime Coast,Limited Coast Assigned System,2025-11-19,2025-11-19,2026-12-29,1,Granted,9642446,,,,
1481733/1,20003601,3,304,Land Mobile,Land Mobile System - > 30MHz,2025-11-18,2025-11-18,2026-12-24,1,Granted,9732445,,,,
1482087/3,20062681,5,501,Maritime Coast,Limited Coast Assigned System,2026-06-05,2026-06-05,2027-07-15,1,Granted,13050414,,,,
1482320/1,20053835,2,203,Fixed,Point to Point,2026-04-11,2026-04-11,2028-05-19,1,Granted,9704938,,,,
1482414/1,51273,5,502,Maritime Coast,Limited Coast Marine Rescue,2025-09-05,2025-09-05,2026-10-15,1,Granted,9642479,,,,
1482422/1,51273,5,502,Maritime Coast,Limited Coast Marine Rescue,2025-09-05,2025-09-05,2026-10-15,1,Granted,9642480,,,,
1482427/2,51273,5,501,Maritime Coast,Limited Coast Assigned System,2025-09-05,2025-09-05,2026-10-15,1,Granted,11292853,1130096_SC1031,,,
1482535/3,71963,3,304,Land Mobile,Land Mobile System - > 30MHz,2026-01-30,2026-01-30,2027-02-07,1,Granted,12734653,20054753_Vary_LMS_MST44_2_Resub1,,,
1482581/1,20053835,2,203,Fixed,Point to Point,2026-04-11,2026-04-11,2028-05-19,1,Granted,9704988,,,,
1482660/1,439045,3,304,Land Mobile,Land Mobile System - > 30MHz,2026-03-18,2026-03-18,2027-03-23,1,Granted,9732541,,,,
1482661/1,439045,3,304,Land Mobile,Land Mobile System - > 30MHz,2026-03-18,2026-03-18,2027-03-23,1,Granted,9732543,,,,
1482662/1,439045,3,304,Land Mobile,Land Mobile System - > 30MHz,2026-03-18,2026-03-18,2027-03-23,1,Granted,9732545,,,,
1482784/1,1480691,3,304,Land Mobile,Land Mobile System - > 30MHz,2026-03-02,2026-03-02,2027-03-13,1,Granted,9732582,,,,
1482788/1,1480691,3,302,Land Mobile,Ambulatory System,2026-03-02,2026-03-02,2027-03-13,1,Granted,9732585,,,,
1483038/1,86637,5,501,Maritime Coast,Limited Coast Assigned System,2026-01-07,2026-01-07,2027-01-06,1,Granted,9642508,,,,
1483044/1,1444124,3,304,Land Mobile,Land Mobile System - > 30MHz,2025-09-29,2025-09-29,2026-11-08,1,Granted,9732714,,,,
1483045/2,55666,3,304,Land Mobile,Land Mobile System - > 30MHz,2026-05-11,2026-05-11,2027-05-08,1,Granted,12264633,,,,
150641/1,84818,3,304,Land Mobile,Land Mobile System - > 30MHz,2025-12-05,2025-12-05,2026-12-14,1,Granted,9667636,,,,
151236/1,20004872,3,308,Land Mobile,Paging System - Interior,2026-04-24,2026-04-24,2027-04-30,1,Granted,9667641,,,,
151728/1,85150,5,502,Maritime Coast,Limited Coast Marine Rescue,2026-04-21,2026-04-21,2027-05-31,1,Granted,9634307,,,,
152245/1,85665,3,304,Land Mobile,Land Mobile System - > 30MHz,2025-12-01,2025-12-01,2026-12-22,1,Granted,9667681,,,,
153020/1,1440623,5,501,Maritime Coast,Limited Coast Assigned System,2026-06-18,2026-06-18,2027-06-23,1,Granted,9804648,,,,
153510/1,86637,5,501,Maritime Coast,Limited Coast Assigned System,2026-01-07,2026-01-07,2027-01-06,1,Granted,9634338,,,,
153511/1,86637,5,501,Maritime Coast,Limited Coast Assigned System,2026-01-07,2026-01-07,2027-01-06,1,Granted,9634346,,,,
153516/1,86637,2,203,Fixed,Point to Point,2026-01-07,2026-01-07,2027-01-06,1,Granted,9676169,,,,
153621/1,86659,3,304,Land Mobile,Land Mobile System - > 30MHz,2025-12-17,2025-12-17,2026-12-27,1,Granted,9667718,,,,
154063/1,107618,3,304,Land Mobile,Land Mobile System - > 30MHz,2025-10-17,2025-10-17,2026-10-07,1,Granted,9808640,,,,
155025/1,1144661,3,304,Land Mobile,Land Mobile System - > 30MHz,2026-06-22,2026-06-22,2027-07-04,1,Granted,9667727,,,,
1563983/1,20018366,3,304,Land Mobile,Land Mobile System - > 30MHz,2025-09-26,2025-09-26,2026-10-24,1,Granted,9735544,,,,
1564128/1,52399,1,116,Broadcasting,Retransmission,2025-10-03,2025-10-03,2026-10-16,1,Granted,10015128,,,,
1564279/1,20053835,2,203,Fixed,Point to Point,2026-04-11,2026-04-11,2028-05-19,1,Granted,9707172,,,,
1564280/1,20053835,2,203,Fixed,Point to Point,2026-04-11,2026-04-11,2028-05-19,1,Granted,9707174,,,,
1564799/1,5832,3,307,Land Mobile,Paging System - Exterior,2026-05-20,2026-05-20,2027-06-29,1,Granted,9735804,,,,
1564821/1,20011310,3,304,Land Mobile,Land Mobile System - > 30MHz,2026-06-26,2026-06-26,2027-07-17,1,Granted,9735811,,,,
1564822/1,20011310,3,304,Land Mobile,Land Mobile System - > 30MHz,2026-06-26,2026-06-26,2027-07-17,1,Granted,9735813,,,,
1564824/1,20011310,3,304,Land Mobile,Land Mobile System - > 30MHz,2026-06-26,2026-06-26,2027-07-17,1,Granted,9735815,,,,
1564825/1,20011310,3,304,Land Mobile,Land Mobile System - > 30MHz,2026-06-26,2026-06-26,2027-07-17,1,Granted,9735817,,,,
1564826/1,20011310,3,304,Land Mobile,Land Mobile System - > 30MHz,2026-06-26,2026-06-26,2027-07-17,1,Granted,9735819,,,,
1566637/2,20062681,3,304,Land Mobile,Land Mobile System - > 30MHz,2025-12-21,2025-12-21,2027-01-29,1,Granted,12776374,,,,
1567728/2,20041324,3,307,Land Mobile,Paging System - Exterior,2025-12-19,2025-12-19,2026-12-31,1,Granted,10730037,,,,
1568972/2,20026788,5,501,Maritime Coast,Limited Coast Assigned System,2026-06-10,2026-06-10,2027-06-19,1,Granted,9885186,,,,
1569313/1,1147602,3,304,Land Mobile,Land Mobile System - > 30MHz,2026-06-07,2026-06-07,2027-07-17,1,Granted,9738568,,,,
1569751/1,1144544,3,304,Land Mobile,Land Mobile System - > 30MHz,2026-03-03,2026-03-03,2027-03-25,1,Granted,9738736,,,,
165892/1,1404142,3,304,Land Mobile,Land Mobile System - > 30MHz,2025-10-09,2025-10-09,2026-10-20,1,Granted,9667799,,,,
166337/8,1419950,6,602,Amateur,Amateur Repeater,2025-10-14,2025-10-14,2026-10-11,1,Granted,12152616,20029952_VK4RTQ_3,,,
166597/1,100395,5,502,Maritime Coast,Limited Coast Marine Rescue,2026-07-04,2026-07-04,2027-08-13,1,Granted,9808642,,,,
166598/1,100395,5,502,Maritime Coast,Limited Coast Marine Rescue,2026-07-04,2026-07-04,2027-08-13,1,Granted,9808643,,,,
166599/1,100395,5,502,Maritime Coast,Limited Coast Marine Rescue,2026-07-04,2026-07-04,2027-08-13,1,Granted,9808644,,,,
166600/1,100395,5,502,Maritime Coast,Limited Coast Marine Rescue,2026-07-04,2026-07-04,2027-08-13,1,Granted,9808645,,,,
167645/1,1480691,3,304,Land Mobile,Land Mobile System - > 30MHz,2026-06-15,2026-06-15,2027-06-16,1,Granted,9667823,,,,
168540/1,521072,3,304,Land Mobile,Land Mobile System - > 30MHz,2025-08-29,2025-08-29,2026-09-30,1,Granted,9862741,,,,
169629/1,102982,5,502,Maritime Coast,Limited Coast Marine Rescue,2025-10-12,2025-10-12,2026-11-21,1,Granted,9634480,,,,
169633/1,102982,5,502,Maritime Coast,Limited Coast Marine Rescue,2025-10-12,2025-10-12,2026-11-21,1,Granted,9634483,,,,
169710/1,103087,3,304,Land Mobile,Land Mobile System - > 30MHz,2025-09-09,2025-09-09,2026-09-30,1,Granted,9839929,,,,
169945/1,58075,3,304,Land Mobile,Land Mobile System - > 30MHz,2026-04-14,2026-04-14,2027-04-14,1,Granted,9667922,,,,
170602/1,105056,3,304,Land Mobile,Land Mobile System - > 30MHz,2026-02-24,2026-02-24,2027-01-15,1,Granted,9667934,,,,
170712/1,1412719,3,304,Land Mobile,Land Mobile System - > 30MHz,2026-01-19,2026-01-19,2026-12-31,1,Granted,9667942,,,,
170713/1,1412719,3,304,Land Mobile,Land Mobile System - > 30MHz,2026-01-19,2026-01-19,2026-12-31,1,Granted,9667943,,,,
170728/1,1412719,3,304,Land Mobile,Land Mobile System - > 30MHz,2026-01-19,2026-01-19,2026-12-31,1,Granted,9667946,,,,
170729/1,1412719,3,304,Land Mobile,Land Mobile System - > 30MHz,2026-01-19,2026-01-19,2026-12-31,1,Granted,9667947,,,,
171862/1,107618,2,203,Fixed,Point to Point,2025-10-17,2025-10-17,2026-10-07,1,Granted,9808652,,,,
171865/1,107618,2,203,Fixed,Point to Point,2025-10-17,2025-10-17,2026-10-07,1,Granted,9808654,,,,
174481/1,118314,6,602,Amateur,Amateur Repeater,2026-07-10,2026-07-10,2027-08-05,1,Granted,9650299,,,,
174829/1,119511,5,502,Maritime Coast,Limited Coast Marine Rescue,2026-08-24,2026-08-24,2027-09-30,1,Granted,9811654,,,,
174901/1,1144688,3,304,Land Mobile,Land Mobile System - > 30MHz,2026-03-06,2026-03-06,2027-04-05,1,Granted,9667998,,,,
179312/1,50110,5,501,Maritime Coast,Limited Coast Assigned System,2025-11-21,2025-11-21,2026-12-31,1,Granted,9634563,,,,
1801825/2,85149,3,304,Land Mobile,Land Mobile System - > 30MHz,2026-01-27,2026-01-27,2027-02-01,1,Granted,11293686,1148302_App_Sub_007163,,,
1801826/2,85149,3,304,Land Mobile,Land Mobile System - > 30MHz,2026-01-27,2026-01-27,2027-02-01,1,Granted,11293687,1148302_App_Sub_007163,,,
1801827/2,85149,3,304,Land Mobile,Land Mobile System - > 30MHz,2026-01-27,2026-01-27,2027-02-01,1,Granted,11293688,1148302_App_Sub_007163,,,
1801828/2,85149,3,304,Land Mobile,Land Mobile System - > 30MHz,2026-01-27,2026-01-27,2027-02-01,1,Granted,11293689,1148302_App_Sub_007163,,,
1801829/1,85149,3,304,Land Mobile,Land Mobile System - > 30MHz,2026-01-27,2026-01-27,2027-02-01,1,Granted,9747829,,,,
1801830/1,85149,3,304,Land Mobile,Land Mobile System - > 30MHz,2026-01-27,2026-01-27,2027-02-01,1,Granted,9747831,,,,
1801831/1,85149,3,304,Land Mobile,Land Mobile System - > 30MHz,2026-01-27,2026-01-27,2027-02-01,1,Granted,9747833,,,,
1801832/1,85149,3,304,Land Mobile,Land Mobile System - > 30MHz,2026-01-27,2026-01-27,2027-02-01,1,Granted,9747835,,,,
1801833/1,85149,3,304,Land Mobile,Land Mobile System - > 30MHz,2026-01-27,2026-01-27,2027-02-01,1,Granted,9747837,,,,
1801834/1,85149,3,304,Land Mobile,Land Mobile System - > 30MHz,2026-01-27,2026-01-27,2027-02-01,1,Granted,9747840,,,,
1801835/1,85149,3,304,Land Mobile,Land Mobile System - > 30MHz,2026-01-27,2026-01-27,2027-02-01,1,Granted,9747842,,,,
1801836/1,85149,3,304,Land Mobile,Land Mobile System - > 30MHz,2026-01-27,2026-01-27,2027-02-01,1,Granted,9747844,,,,
1801841/2,85149,3,304,Land Mobile,Land Mobile System - > 30MHz,2026-01-27,2026-01-27,2027-02-01,1,Granted,11293690,1148302_App_Sub_007163,,,
1801842/2,85149,3,304,Land Mobile,Land Mobile System - > 30MHz,2026-01-27,2026-01-27,2027-02-01,1,Granted,11293691,1148302_App_Sub_007163,,,
1801843/2,85149,3,304,Land Mobile,Land Mobile System - > 30MHz,2026-01-27,2026-01-27,2027-02-01,1,Granted,11293692,1148302_App_Sub_007163,,,
1801844/2,85149,3,304,Land Mobile,Land Mobile System - > 30MHz,2026-01-27,2026-01-27,2027-02-01,1,Granted,11293693,1148302_App_Sub_007163,,,
1801845/1,85149,3,304,Land Mobile,Land Mobile System - > 30MHz,2026-01-27,2026-01-27,2027-02-01,1,Granted,9747863,,,,
1801846/1,85149,3,304,Land Mobile,Land Mobile System - > 30MHz,2026-01-27,2026-01-27,2027-02-01,1,Granted,9747864,,,,
1801847/1,85149,3,304,Land Mobile,Land Mobile System - > 30MHz,2026-01-27,2026-01-27,2027-02-01,1,Granted,9747865,,,,
1801848/1,85149,3,304,Land Mobile,Land Mobile System - > 30MHz,2026-01-27,2026-01-27,2027-02-01,1,Granted,9747866,,,,
1801849/1,85149,3,304,Land Mobile,Land Mobile System - > 30MHz,2026-01-27,2026-01-27,2027-02-01,1,Granted,9747868,,,,
1801850/1,85149,3,304,Land Mobile,Land Mobile System - > 30MHz,2026-01-27,2026-01-27,2027-02-01,1,Granted,9747870,,,,
1801851/1,85149,3,304,Land Mobile,Land Mobile System - > 30MHz,2026-01-27,2026-01-27,2027-02-01,1,Granted,9747872,,,,
1801852/1,85149,3,304,Land Mobile,Land Mobile System - > 30MHz,2026-01-27,2026-01-27,2027-02-01,1,Granted,9747874,,,,
1801853/1,85149,3,304,Land Mobile,Land Mobile System - > 30MHz,2026-01-27,2026-01-27,2027-02-01,1,Granted,9747876,,,,
1801854/1,85149,3,304,Land Mobile,Land Mobile System - > 30MHz,2026-01-27,2026-01-27,2027-02-01,1,Granted,9747886,,,,
1801855/1,85149,3,304,Land Mobile,Land Mobile System - > 30MHz,2026-01-27,2026-01-27,2027-02-01,1,Granted,9747888,,,,
1801856/1,85149,3,304,Land Mobile,Land Mobile System - > 30MHz,2026-01-27,2026-01-27,2027-02-01,1,Granted,9747890,,,,
1802814/1,85149,3,304,Land Mobile,Land Mobile System - > 30MHz,2026-01-27,2026-01-27,2027-02-01,1,Granted,9749746,,,,
1802815/1,85149,3,304,Land Mobile,Land Mobile System - > 30MHz,2026-01-27,2026-01-27,2027-02-01,1,Granted,9749748,,,,
1802816/1,85149,3,304,Land Mobile,Land Mobile System - > 30MHz,2026-01-27,2026-01-27,2027-02-01,1,Granted,9749750,,,,
1802817/1,85149,3,304,Land Mobile,Land Mobile System - > 30MHz,2026-01-27,2026-01-27,2027-02-01,1,Granted,9749752,,,,
1802834/2,85149,3,304,Land Mobile,Land Mobile System - > 30MHz,2026-01-27,2026-01-27,2027-02-01,1,Granted,11293697,1148302_App_Sub_007163,,,
1802835/2,85149,3,304,Land Mobile,Land Mobile System - > 30MHz,2026-01-27,2026-01-27,2027-02-01,1,Granted,11293696,1148302_App_Sub_007163,,,
1802836/2,85149,3,304,Land Mobile,Land Mobile System - > 30MHz,2026-01-27,2026-01-27,2027-02-01,1,Granted,11293695,1148302_App_Sub_007163,,,
1802837/2,85149,3,304,Land Mobile,Land Mobile System - > 30MHz,2026-01-27,2026-01-27,2027-02-01,1,Granted,11293694,1148302_App_Sub_007163,,,
1802840/1,85149,2,203,Fixed,Point to Point,2026-01-27,2026-01-27,2027-02-01,1,Granted,9712765,,,,
1802841/1,85149,2,203,Fixed,Point to Point,2026-01-27,2026-01-27,2027-02-01,1,Granted,9712767,,,,
1802842/1,85149,2,203,Fixed,Point to Point,2026-01-27,2026-01-27,2027-02-01,1,Granted,9712769,,,,
1802843/1,85149,2,203,Fixed,Point to Point,2026-01-27,2026-01-27,2027-02-01,1,Granted,9712771,,,,
1802854/1,85149,2,203,Fixed,Point to Point,2026-01-27,2026-01-27,2027-02-01,1,Granted,9712792,,,,
1802855/1,85149,2,203,Fixed,Point to Point,2026-01-27,2026-01-27,2027-02-01,1,Granted,9712794,,,,
1803341/1,70610,3,304,Land Mobile,Land Mobile System - > 30MHz,2026-03-30,2026-03-30,2027-03-31,1,Granted,9750167,,,,
1804791/1,20017373,2,203,Fixed,Point to Point,2026-03-11,2026-03-11,2027-04-19,1,Granted,9713848,,,,
1806521/2,1149151,3,304,Land Mobile,Land Mobile System - > 30MHz,2026-05-25,2026-05-25,2027-05-31,1,Granted,11196558,20038343_QR75_8,,,
1806551/1,1149151,3,304,Land Mobile,Land Mobile System - > 30MHz,2026-05-25,2026-05-25,2027-05-31,1,Granted,9795822,,,,
1806658/1,20017373,2,203,Fixed,Point to Point,2026-06-03,2026-06-03,2027-07-12,1,Granted,9714381,,,,
1806659/1,20017373,2,203,Fixed,Point to Point,2026-06-03,2026-06-03,2027-07-12,1,Granted,9714382,,,,
1900268/2,20007586,2,203,Fixed,Point to Point,2026-02-20,2026-02-20,2027-03-31,1,Granted,10758750,20029601_APP_OP-50651,,,
1901542/2,20056117,3,304,Land Mobile,Land Mobile System - > 30MHz,2026-05-19,2026-05-19,2027-05-19,1,Granted,12138699,,,,
1902152/1,1139904,3,304,Land Mobile,Land Mobile System - > 30MHz,2026-05-01,2026-05-01,2027-06-05,1,Granted,9753381,,,,
1902176/1,79946,2,203,Fixed,Point to Point,2026-05-11,2026-05-11,2027-05-30,1,Granted,9715186,,,,
1902177/1,79946,2,203,Fixed,Point to Point,2026-05-11,2026-05-11,2027-05-30,1,Granted,9715188,,,,
1903205/1,20007586,2,203,Fixed,Point to Point,2026-02-20,2026-02-20,2027-03-31,1,Granted,9715386,,,,
1903265/1,5832,3,307,Land Mobile,Paging System - Exterior,2026-05-20,2026-05-20,2027-06-29,1,Granted,9753639,,,,
1903376/1,20013050,3,304,Land Mobile,Land Mobile System - > 30MHz,2026-06-26,2026-06-26,2027-07-06,1,Granted,9753694,,,,
1903409/1,79601,3,304,Land Mobile,Land Mobile System - > 30MHz,2025-08-29,2025-08-29,2026-09-30,1,Granted,9854514,,,,
1904021/2,514483,3,304,Land Mobile,Land Mobile System - > 30MHz,2025-12-01,2025-12-01,2026-12-13,1,Granted,10671546,1130096_SC899B,,,
1904022/1,514483,3,304,Land Mobile,Land Mobile System - > 30MHz,2025-12-01,2025-12-01,2026-12-13,1,Granted,9753801,,,,
1904023/1,514483,3,304,Land Mobile,Land Mobile System - > 30MHz,2025-12-01,2025-12-01,2026-12-13,1,Granted,9753802,,,,
1904036/2,20056117,3,304,Land Mobile,Land Mobile System - > 30MHz,2026-05-19,2026-05-19,2027-05-19,1,Granted,12138698,,,,
1904052/1,85149,2,203,Fixed,Point to Point,2026-01-27,2026-01-27,2027-02-01,1,Granted,9715654,,,,
1904053/2,85149,2,203,Fixed,Point to Point,2026-01-27,2026-01-27,2027-02-01,1,Granted,12275925,20056206_App_Sub_011944,,,
1904251/1,20007586,2,203,Fixed,Point to Point,2026-02-20,2026-02-20,2027-03-31,1,Granted,9715707,,,,
1904310/3,20021476,3,304,Land Mobile,Land Mobile System - > 30MHz,2026-06-29,2026-06-29,2027-06-30,1,Granted,12938017,20011258_RCS313,,,
1904491/1,56398,3,304,Land Mobile,Land Mobile System - > 30MHz,2025-11-26,2025-11-26,2026-12-11,1,Granted,9753876,,,,
1904774/1,5832,3,307,Land Mobile,Paging System - Exterior,2026-05-20,2026-05-20,2027-06-29,1,Granted,9753933,,,,
1905032/1,1144303,3,304,Land Mobile,Land Mobile System - > 30MHz,2026-03-04,2026-03-04,2027-04-13,1,Granted,9754151,,,,
1905033/1,1144303,3,304,Land Mobile,Land Mobile System - > 30MHz,2026-03-04,2026-03-04,2027-04-13,1,Granted,9754156,,,,
1905034/1,1144303,3,304,Land Mobile,Land Mobile System - > 30MHz,2026-03-04,2026-03-04,2027-04-13,1,Granted,9754160,,,,
1905035/1,1144303,3,304,Land Mobile,Land Mobile System - > 30MHz,2026-03-04,2026-03-04,2027-04-13,1,Granted,9754164,,,,
1905036/1,1144303,3,304,Land Mobile,Land Mobile System - > 30MHz,2026-03-04,2026-03-04,2027-04-13,1,Granted,9754169,,,,
1905043/1,1144303,3,304,Land Mobile,Land Mobile System - > 30MHz,2026-03-04,2026-03-04,2027-04-13,1,Granted,9754201,,,,
1905044/1,1144303,3,304,Land Mobile,Land Mobile System - > 30MHz,2026-03-04,2026-03-04,2027-04-13,1,Granted,9754205,,,,
1905045/1,1144303,3,304,Land Mobile,Land Mobile System - > 30MHz,2026-03-04,2026-03-04,2027-04-13,1,Granted,9754209,,,,
1905046/1,1144303,3,304,Land Mobile,Land Mobile System - > 30MHz,2026-03-04,2026-03-04,2027-04-13,1,Granted,9754214,,,,
1905047/1,1144303,3,304,Land Mobile,Land Mobile System - > 30MHz,2026-03-04,2026-03-04,2027-04-13,1,Granted,9754218,,,,
1905048/1,1144303,3,304,Land Mobile,Land Mobile System - > 30MHz,2026-03-04,2026-03-04,2027-04-13,1,Granted,9754222,,,,
1905049/1,1144303,3,304,Land Mobile,Land Mobile System - > 30MHz,2026-03-04,2026-03-04,2027-04-13,1,Granted,9754226,,,,
1905050/1,1144303,3,304,Land Mobile,Land Mobile System - > 30MHz,2026-03-04,2026-03-04,2027-04-13,1,Granted,9754230,,,,
1905051/1,1144303,3,304,Land Mobile,Land Mobile System - > 30MHz,2026-03-04,2026-03-04,2027-04-13,1,Granted,9754234,,,,
1905052/1,1144303,3,304,Land Mobile,Land Mobile System - > 30MHz,2026-03-04,2026-03-04,2027-04-13,1,Granted,9754238,,,,
1905053/1,1144303,3,304,Land Mobile,Land Mobile System - > 30MHz,2026-03-04,2026-03-04,2027-04-13,1,Granted,9754243,,,,
1905054/1,1144303,3,304,Land Mobile,Land Mobile System - > 30MHz,2026-03-04,2026-03-04,2027-04-13,1,Granted,9754246,,,,
1905055/1,1144303,3,304,Land Mobile,Land Mobile System - > 30MHz,2026-03-04,2026-03-04,2027-04-13,1,Granted,9754247,,,,
1905056/1,1144303,3,304,Land Mobile,Land Mobile System - > 30MHz,2026-03-04,2026-03-04,2027-04-13,1,Granted,9754248,,,,
1905057/1,1144303,3,304,Land Mobile,Land Mobile System - > 30MHz,2026-03-04,2026-03-04,2027-04-13,1,Granted,9754251,,,,
1905058/1,1144303,3,304,Land Mobile,Land Mobile System - > 30MHz,2026-03-04,2026-03-04,2027-04-13,1,Granted,9754255,,,,
1905059/1,1144303,3,304,Land Mobile,Land Mobile System - > 30MHz,2026-03-04,2026-03-04,2027-04-13,1,Granted,9754260,,,,
1905060/1,1144303,3,304,Land Mobile,Land Mobile System - > 30MHz,2026-03-04,2026-03-04,2027-04-13,1,Granted,9754264,,,,
1905066/1,1144303,3,304,Land Mobile,Land Mobile System - > 30MHz,2026-03-04,2026-03-04,2027-04-13,1,Granted,9754290,,,,
1905067/1,1144303,3,304,Land Mobile,Land Mobile System - > 30MHz,2026-03-04,2026-03-04,2027-04-13,1,Granted,9754294,,,,
1905068/1,1144303,3,304,Land Mobile,Land Mobile System - > 30MHz,2026-03-04,2026-03-04,2027-04-13,1,Granted,9754298,,,,
1905069/1,1144303,3,304,Land Mobile,Land Mobile System - > 30MHz,2026-03-04,2026-03-04,2027-04-13,1,Granted,9754301,,,,
1905070/1,1144303,3,304,Land Mobile,Land Mobile System - > 30MHz,2026-03-04,2026-03-04,2027-04-13,1,Granted,9754305,,,,
1905071/1,1144303,3,304,Land Mobile,Land Mobile System - > 30MHz,2026-03-04,2026-03-04,2027-04-13,1,Granted,9754309,,,,
1905201/5,439082,3,304,Land Mobile,Land Mobile System - > 30MHz,2026-03-17,2026-03-17,2027-03-23,1,Granted,12827692,20056206_App_Sub_013651,,,
1905202/4,439082,3,304,Land Mobile,Land Mobile System - > 30MHz,2026-03-17,2026-03-17,2027-03-23,1,Granted,11651099,1130096_RD382AGa,,,
1905203/2,439082,3,304,Land Mobile,Land Mobile System - > 30MHz,2026-03-17,2026-03-17,2027-03-23,1,Granted,11274501,20011258_RCS400_22_vary,,,
1905204/2,439082,3,304,Land Mobile,Land Mobile System - > 30MHz,2026-03-17,2026-03-17,2027-03-23,1,Granted,11274506,20011258_RCS400_23_vary,,,
1905205/1,439082,3,304,Land Mobile,Land Mobile System - > 30MHz,2026-03-17,2026-03-17,2027-03-23,1,Granted,9754602,,,,
1905206/1,439082,3,304,Land Mobile,Land Mobile System - > 30MHz,2026-03-17,2026-03-17,2027-03-23,1,Granted,9754607,,,,
1905207/1,439082,3,304,Land Mobile,Land Mobile System - > 30MHz,2026-03-17,2026-03-17,2027-03-23,1,Granted,9754611,,,,
1905209/1,439082,3,304,Land Mobile,Land Mobile System - > 30MHz,2026-03-17,2026-03-17,2027-03-23,1,Granted,9754615,,,,
1905334/1,1144303,3,304,Land Mobile,Land Mobile System - > 30MHz,2026-03-04,2026-03-04,2027-04-13,1,Granted,9754717,,,,
1905335/1,1144303,3,304,Land Mobile,Land Mobile System - > 30MHz,2026-03-04,2026-03-04,2027-04-13,1,Granted,9754718,,,,
1905337/1,1144303,3,304,Land Mobile,Land Mobile System - > 30MHz,2026-03-04,2026-03-04,2027-04-13,1,Granted,9754721,,,,
1905338/1,1144303,3,304,Land Mobile,Land Mobile System - > 30MHz,2026-03-04,2026-03-04,2027-04-13,1,Granted,9754726,,,,
1905339/1,1144303,3,304,Land Mobile,Land Mobile System - > 30MHz,2026-03-04,2026-03-04,2027-04-13,1,Granted,9754730,,,,
1905341/1,1144303,3,304,Land Mobile,Land Mobile System - > 30MHz,2026-03-04,2026-03-04,2027-04-13,1,Granted,9754740,,,,
1905343/1,1144303,3,304,Land Mobile,Land Mobile System - > 30MHz,2026-03-04,2026-03-04,2027-04-13,1,Granted,9754750,,,,
1905344/1,1144303,3,304,Land Mobile,Land Mobile System - > 30MHz,2026-03-04,2026-03-04,2027-04-13,1,Granted,9754755,,,,
1905345/1,1144303,3,304,Land Mobile,Land Mobile System - > 30MHz,2026-03-04,2026-03-04,2027-04-13,1,Granted,9754759,,,,
1905346/1,1144303,3,304,Land Mobile,Land Mobile System - > 30MHz,2026-03-04,2026-03-04,2027-04-13,1,Granted,9754763,,,,
1905348/1,1144303,3,304,Land Mobile,Land Mobile System - > 30MHz,2026-03-04,2026-03-04,2027-04-13,1,Granted,9754782,,,,
1905350/1,1144303,3,304,Land Mobile,Land Mobile System - > 30MHz,2026-03-04,2026-03-04,2027-04-13,1,Granted,9754789,,,,
1905351/1,1144303,3,304,Land Mobile,Land Mobile System - > 30MHz,2026-03-04,2026-03-04,2027-04-13,1,Granted,9754793,,,,
1905352/1,1144303,3,304,Land Mobile,Land Mobile System - > 30MHz,2026-03-04,2026-03-04,2027-04-13,1,Granted,9754797,,,,
1905353/1,1144303,3,304,Land Mobile,Land Mobile System - > 30MHz,2026-03-04,2026-03-04,2027-04-13,1,Granted,9754801,,,,
1905354/1,1144303,3,304,Land Mobile,Land Mobile System - > 30MHz,2026-03-04,2026-03-04,2027-04-13,1,Granted,9754805,,,,
1905355/1,1144303,3,304,Land Mobile,Land Mobile System - > 30MHz,2026-03-04,2026-03-04,2027-04-13,1,Granted,9754809,,,,
1905356/1,1144303,3,304,Land Mobile,Land Mobile System - > 30MHz,2026-03-04,2026-03-04,2027-04-13,1,Granted,9754812,,,,
1905357/1,1144303,3,304,Land Mobile,Land Mobile System - > 30MHz,2026-03-04,2026-03-04,2027-04-13,1,Granted,9754817,,,,
1905359/1,1144303,3,304,Land Mobile,Land Mobile System - > 30MHz,2026-03-04,2026-03-04,2027-04-13,1,Granted,9754825,,,,
1905383/1,1144303,3,304,Land Mobile,Land Mobile System - > 30MHz,2026-03-04,2026-03-04,2027-04-13,1,Granted,9754836,,,,
1905384/1,1144303,3,304,Land Mobile,Land Mobile System - > 30MHz,2026-03-04,2026-03-04,2027-04-13,1,Granted,9754840,,,,
1905385/1,1144303,3,304,Land Mobile,Land Mobile System - > 30MHz,2026-03-04,2026-03-04,2027-04-13,1,Granted,9754843,,,,
1905386/1,1144303,3,304,Land Mobile,Land Mobile System - > 30MHz,2026-03-04,2026-03-04,2027-04-13,1,Granted,9754847,,,,
1905387/1,1144303,3,304,Land Mobile,Land Mobile System - > 30MHz,2026-03-04,2026-03-04,2027-04-13,1,Granted,9754848,,,,
1905388/1,1144303,3,304,Land Mobile,Land Mobile System - > 30MHz,2026-03-04,2026-03-04,2027-04-13,1,Granted,9754849,,,,
1905389/1,1144303,3,304,Land Mobile,Land Mobile System - > 30MHz,2026-03-04,2026-03-04,2027-04-13,1,Granted,9754850,,,,
1905390/1,1144303,3,304,Land Mobile,Land Mobile System - > 30MHz,2026-03-04,2026-03-04,2027-04-13,1,Granted,9754854,,,,
1905391/1,1144303,3,304,Land Mobile,Land Mobile System - > 30MHz,2026-03-04,2026-03-04,2027-04-13,1,Granted,9754858,,,,
1905392/1,1144303,3,304,Land Mobile,Land Mobile System - > 30MHz,2026-03-04,2026-03-04,2027-04-13,1,Granted,9754863,,,,
1905393/1,1144303,3,304,Land Mobile,Land Mobile System - > 30MHz,2026-03-04,2026-03-04,2027-04-13,1,Granted,9754867,,,,
1905394/1,1144303,3,304,Land Mobile,Land Mobile System - > 30MHz,2026-03-04,2026-03-04,2027-04-13,1,Granted,9754872,,,,
1905395/1,1144303,3,304,Land Mobile,Land Mobile System - > 30MHz,2026-03-04,2026-03-04,2027-04-13,1,Granted,9754876,,,,
1905396/1,1144303,3,304,Land Mobile,Land Mobile System - > 30MHz,2026-03-04,2026-03-04,2027-04-13,1,Granted,9754881,,,,
1905397/1,1144303,3,304,Land Mobile,Land Mobile System - > 30MHz,2026-03-04,2026-03-04,2027-04-13,1,Granted,9754885,,,,
1905398/1,1144303,3,304,Land Mobile,Land Mobile System - > 30MHz,2026-03-04,2026-03-04,2027-04-13,1,Granted,9754888,,,,
1905399/1,1144303,3,304,Land Mobile,Land Mobile System - > 30MHz,2026-03-04,2026-03-04,2027-04-13,1,Granted,9754892,,,,
1905400/1,1144303,3,304,Land Mobile,Land Mobile System - > 30MHz,2026-03-04,2026-03-04,2027-04-13,1,Granted,9754896,,,,
1905401/1,1144303,3,304,Land Mobile,Land Mobile System - > 30MHz,2026-03-04,2026-03-04,2027-04-13,1,Granted,9754899,,,,
1905402/1,1144303,3,304,Land Mobile,Land Mobile System - > 30MHz,2026-03-04,2026-03-04,2027-04-13,1,Granted,9754903,,,,
1905524/1,1144303,3,304,Land Mobile,Land Mobile System - > 30MHz,2026-03-04,2026-03-04,2027-04-13,1,Granted,9755112,,,,
1905525/1,1144303,3,304,Land Mobile,Land Mobile System - > 30MHz,2026-03-04,2026-03-04,2027-04-13,1,Granted,9755117,,,,
1905526/1,1144303,3,304,Land Mobile,Land Mobile System - > 30MHz,2026-03-04,2026-03-04,2027-04-13,1,Granted,9755121,,,,
1905527/1,1144303,3,304,Land Mobile,Land Mobile System - > 30MHz,2026-03-04,2026-03-04,2027-04-13,1,Granted,9755123,,,,
1905528/1,1144303,3,304,Land Mobile,Land Mobile System - > 30MHz,2026-03-04,2026-03-04,2027-04-13,1,Granted,9755124,,,,
1905529/1,1144303,3,304,Land Mobile,Land Mobile System - > 30MHz,2026-03-04,2026-03-04,2027-04-13,1,Granted,9755128,,,,
1905530/1,1144303,3,304,Land Mobile,Land Mobile System - > 30MHz,2026-03-04,2026-03-04,2027-04-13,1,Granted,9755133,,,,
1905531/1,1144303,3,304,Land Mobile,Land Mobile System - > 30MHz,2026-03-04,2026-03-04,2027-04-13,1,Granted,9755137,,,,
1905532/1,1144303,3,304,Land Mobile,Land Mobile System - > 30MHz,2026-03-04,2026-03-04,2027-04-13,1,Granted,9755140,,,,
1905533/1,1144303,3,304,Land Mobile,Land Mobile System - > 30MHz,2026-03-04,2026-03-04,2027-04-13,1,Granted,9755143,,,,
1905534/1,1144303,3,304,Land Mobile,Land Mobile System - > 30MHz,2026-03-04,2026-03-04,2027-04-13,1,Granted,9755166,,,,
1905535/1,1144303,3,304,Land Mobile,Land Mobile System - > 30MHz,2026-03-04,2026-03-04,2027-04-13,1,Granted,9755170,,,,
1905536/1,1144303,3,304,Land Mobile,Land Mobile System - > 30MHz,2026-03-04,2026-03-04,2027-04-13,1,Granted,9755174,,,,
1905537/1,1144303,3,304,Land Mobile,Land Mobile System - > 30MHz,2026-03-04,2026-03-04,2027-04-13,1,Granted,9755178,,,,
1905538/1,1144303,3,304,Land Mobile,Land Mobile System - > 30MHz,2026-03-04,2026-03-04,2027-04-13,1,Granted,9755181,,,,
1905539/1,1144303,3,304,Land Mobile,Land Mobile System - > 30MHz,2026-03-04,2026-03-04,2027-04-13,1,Granted,9755185,,,,
1905540/1,1144303,3,304,Land Mobile,Land Mobile System - > 30MHz,2026-03-04,2026-03-04,2027-04-13,1,Granted,9755186,,,,
1905555/1,420540,3,304,Land Mobile,Land Mobile System - > 30MHz,2026-01-15,2026-01-15,2027-01-18,1,Granted,9755205,,,,
1905566/3,20007586,2,203,Fixed,Point to Point,2026-06-16,2026-06-16,2026-12-29,1,Granted,9903528,20019387_B0861-B0860_20160209_v2,,,
1905715/1,1144303,3,304,Land Mobile,Land Mobile System - > 30MHz,2026-03-04,2026-03-04,2027-04-13,1,Granted,9755458,,,,
1905716/1,1144303,3,304,Land Mobile,Land Mobile System - > 30MHz,2026-03-04,2026-03-04,2027-04-13,1,Granted,9755464,,,,
1905717/1,1144303,3,304,Land Mobile,Land Mobile System - > 30MHz,2026-03-04,2026-03-04,2027-04-13,1,Granted,9755469,,,,
1905718/1,1144303,3,304,Land Mobile,Land Mobile System - > 30MHz,2026-03-04,2026-03-04,2027-04-13,1,Granted,9755474,,,,
1905719/1,1144303,3,304,Land Mobile,Land Mobile System - > 30MHz,2026-03-04,2026-03-04,2027-04-13,1,Granted,9755479,,,,
1905720/1,1144303,3,304,Land Mobile,Land Mobile System - > 30MHz,2026-03-04,2026-03-04,2027-04-13,1,Granted,9755484,,,,
1905721/1,1144303,3,304,Land Mobile,Land Mobile System - > 30MHz,2026-03-04,2026-03-04,2027-04-13,1,Granted,9755489,,,,
1905722/1,1144303,3,304,Land Mobile,Land Mobile System - > 30MHz,2026-03-04,2026-03-04,2027-04-13,1,Granted,9755493,,,,
1905723/1,1144303,3,304,Land Mobile,Land Mobile System - > 30MHz,2026-03-04,2026-03-04,2027-04-13,1,Granted,9755498,,,,
1905724/1,1144303,3,304,Land Mobile,Land Mobile System - > 30MHz,2026-03-04,2026-03-04,2027-04-13,1,Granted,9755503,,,,
1905725/1,1144303,3,304,Land Mobile,Land Mobile System - > 30MHz,2026-03-04,2026-03-04,2027-04-13,1,Granted,9755506,,,,
1905726/1,1144303,3,304,Land Mobile,Land Mobile System - > 30MHz,2026-03-04,2026-03-04,2027-04-13,1,Granted,9755509,,,,
1905727/1,1144303,3,304,Land Mobile,Land Mobile System - > 30MHz,2026-03-04,2026-03-04,2027-04-13,1,Granted,9755512,,,,
1905728/1,1144303,3,304,Land Mobile,Land Mobile System - > 30MHz,2026-03-04,2026-03-04,2027-04-13,1,Granted,9755514,,,,
1905729/1,1144303,3,304,Land Mobile,Land Mobile System - > 30MHz,2026-03-04,2026-03-04,2027-04-13,1,Granted,9755516,,,,
1905730/1,1144303,3,304,Land Mobile,Land Mobile System - > 30MHz,2026-03-04,2026-03-04,2027-04-13,1,Granted,9755517,,,,
1905731/1,1144303,3,304,Land Mobile,Land Mobile System - > 30MHz,2026-03-04,2026-03-04,2027-04-13,1,Granted,9755518,,,,
1905732/1,1144303,3,304,Land Mobile,Land Mobile System - > 30MHz,2026-03-04,2026-03-04,2027-04-13,1,Granted,9755519,,,,
1905733/1,1144303,3,304,Land Mobile,Land Mobile System - > 30MHz,2026-03-04,2026-03-04,2027-04-13,1,Granted,9755521,,,,
1905734/1,1144303,3,304,Land Mobile,Land Mobile System - > 30MHz,2026-03-04,2026-03-04,2027-04-13,1,Granted,9755522,,,,
1905735/1,1144303,3,304,Land Mobile,Land Mobile System - > 30MHz,2026-03-04,2026-03-04,2027-04-13,1,Granted,9755528,,,,
1905736/1,1144303,3,304,Land Mobile,Land Mobile System - > 30MHz,2026-03-04,2026-03-04,2027-04-13,1,Granted,9755532,,,,
1905737/1,1144303,3,304,Land Mobile,Land Mobile System - > 30MHz,2026-03-04,2026-03-04,2027-04-13,1,Granted,9755536,,,,
1905738/1,1144303,3,304,Land Mobile,Land Mobile System - > 30MHz,2026-03-04,2026-03-04,2027-04-13,1,Granted,9755541,,,,
1905739/1,1144303,3,304,Land Mobile,Land Mobile System - > 30MHz,2026-03-04,2026-03-04,2027-04-13,1,Granted,9755546,,,,
1905740/1,1144303,3,304,Land Mobile,Land Mobile System - > 30MHz,2026-03-04,2026-03-04,2027-04-13,1,Granted,9755551,,,,
1905741/1,1144303,3,304,Land Mobile,Land Mobile System - > 30MHz,2026-03-04,2026-03-04,2027-04-13,1,Granted,9755555,,,,
1905742/1,1144303,3,304,Land Mobile,Land Mobile System - > 30MHz,2026-03-04,2026-03-04,2027-04-13,1,Granted,9755560,,,,
1905743/1,1144303,3,304,Land Mobile,Land Mobile System - > 30MHz,2026-03-04,2026-03-04,2027-04-13,1,Granted,9755580,,,,
1905744/1,1144303,3,304,Land Mobile,Land Mobile System - > 30MHz,2026-03-04,2026-03-04,2027-04-13,1,Granted,9755581,,,,
1905745/1,1144303,3,304,Land Mobile,Land Mobile System - > 30MHz,2026-03-04,2026-03-04,2027-04-13,1,Granted,9755585,,,,
1905746/1,1144303,3,304,Land Mobile,Land Mobile System - > 30MHz,2026-03-04,2026-03-04,2027-04-13,1,Granted,9755591,,,,
1905747/1,1144303,3,304,Land Mobile,Land Mobile System - > 30MHz,2026-03-04,2026-03-04,2027-04-13,1,Granted,9755596,,,,
1905748/1,1144303,3,304,Land Mobile,Land Mobile System - > 30MHz,2026-03-04,2026-03-04,2027-04-13,1,Granted,9755602,,,,
1905749/1,1144303,3,304,Land Mobile,Land Mobile System - > 30MHz,2026-03-04,2026-03-04,2027-04-13,1,Granted,9755607,,,,
1905750/1,1144303,3,304,Land Mobile,Land Mobile System - > 30MHz,2026-03-04,2026-03-04,2027-04-13,1,Granted,9755612,,,,
1905751/1,1144303,3,304,Land Mobile,Land Mobile System - > 30MHz,2026-03-04,2026-03-04,2027-04-13,1,Granted,9755618,,,,
1905752/1,1144303,3,304,Land Mobile,Land Mobile System - > 30MHz,2026-03-04,2026-03-04,2027-04-13,1,Granted,9755623,,,,
1905753/1,1144303,3,304,Land Mobile,Land Mobile System - > 30MHz,2026-03-04,2026-03-04,2027-04-13,1,Granted,9755628,,,,
1905754/1,1144303,3,304,Land Mobile,Land Mobile System - > 30MHz,2026-03-04,2026-03-04,2027-04-13,1,Granted,9755633,,,,
1905755/1,1144303,3,304,Land Mobile,Land Mobile System - > 30MHz,2026-03-04,2026-03-04,2027-04-13,1,Granted,9755638,,,,
1905756/1,1144303,3,304,Land Mobile,Land Mobile System - > 30MHz,2026-03-04,2026-03-04,2027-04-13,1,Granted,9755643,,,,
1905757/1,1144303,3,304,Land Mobile,Land Mobile System - > 30MHz,2026-03-04,2026-03-04,2027-04-13,1,Granted,9755644,,,,
1905758/1,1144303,3,304,Land Mobile,Land Mobile System - > 30MHz,2026-03-04,2026-03-04,2027-04-13,1,Granted,9755648,,,,
1905759/1,1144303,3,304,Land Mobile,Land Mobile System - > 30MHz,2026-03-04,2026-03-04,2027-04-13,1,Granted,9755654,,,,
1905760/1,1144303,3,304,Land Mobile,Land Mobile System - > 30MHz,2026-03-04,2026-03-04,2027-04-13,1,Granted,9755659,,,,
1905761/1,1144303,3,304,Land Mobile,Land Mobile System - > 30MHz,2026-03-04,2026-03-04,2027-04-13,1,Granted,9755665,,,,
1905762/1,1144303,3,304,Land Mobile,Land Mobile System - > 30MHz,2026-03-04,2026-03-04,2027-04-13,1,Granted,9755670,,,,
1905763/1,1144303,3,304,Land Mobile,Land Mobile System - > 30MHz,2026-03-04,2026-03-04,2027-04-13,1,Granted,9755676,,,,
1905764/1,1144303,3,304,Land Mobile,Land Mobile System - > 30MHz,2026-03-04,2026-03-04,2027-04-13,1,Granted,9755681,,,,
1905765/1,1144303,3,304,Land Mobile,Land Mobile System - > 30MHz,2026-03-04,2026-03-04,2027-04-13,1,Granted,9755687,,,,
1905766/1,1144303,3,304,Land Mobile,Land Mobile System - > 30MHz,2026-03-04,2026-03-04,2027-04-13,1,Granted,9755689,,,,
1905767/1,1144303,3,304,Land Mobile,Land Mobile System - > 30MHz,2026-03-04,2026-03-04,2027-04-13,1,Granted,9755692,,,,
1905768/1,1144303,3,304,Land Mobile,Land Mobile System - > 30MHz,2026-03-04,2026-03-04,2027-04-13,1,Granted,9755694,,,,
1905769/1,1144303,3,304,Land Mobile,Land Mobile System - > 30MHz,2026-03-04,2026-03-04,2027-04-13,1,Granted,9755696,,,,
1905932/1,1144303,3,304,Land Mobile,Land Mobile System - > 30MHz,2026-03-04,2026-03-04,2027-04-13,1,Granted,9756076,,,,
1905935/1,1144303,3,304,Land Mobile,Land Mobile System - > 30MHz,2026-03-04,2026-03-04,2027-04-13,1,Granted,9756092,,,,
1905937/1,1144303,3,304,Land Mobile,Land Mobile System - > 30MHz,2026-03-04,2026-03-04,2027-04-13,1,Granted,9756098,,,,
1906062/1,1144303,3,304,Land Mobile,Land Mobile System - > 30MHz,2026-03-04,2026-03-04,2027-04-13,1,Granted,9756400,,,,
1906063/1,1144303,3,304,Land Mobile,Land Mobile System - > 30MHz,2026-03-04,2026-03-04,2027-04-13,1,Granted,9756406,,,,
1906064/1,1144303,3,304,Land Mobile,Land Mobile System - > 30MHz,2026-03-04,2026-03-04,2027-04-13,1,Granted,9756411,,,,
1906065/1,1144303,3,304,Land Mobile,Land Mobile System - > 30MHz,2026-03-04,2026-03-04,2027-04-13,1,Granted,9756417,,,,
1906066/1,1144303,3,304,Land Mobile,Land Mobile System - > 30MHz,2026-03-04,2026-03-04,2027-04-13,1,Granted,9756418,,,,
1906067/1,1144303,3,304,Land Mobile,Land Mobile System - > 30MHz,2026-03-04,2026-03-04,2027-04-13,1,Granted,9756419,,,,
1906068/1,1144303,3,304,Land Mobile,Land Mobile System - > 30MHz,2026-03-04,2026-03-04,2027-04-13,1,Granted,9756424,,,,
1906069/1,1144303,3,304,Land Mobile,Land Mobile System - > 30MHz,2026-03-04,2026-03-04,2027-04-13,1,Granted,9756428,,,,
1906070/1,1144303,3,304,Land Mobile,Land Mobile System - > 30MHz,2026-03-04,2026-03-04,2027-04-13,1,Granted,9756432,,,,
1906071/1,1144303,3,304,Land Mobile,Land Mobile System - > 30MHz,2026-03-04,2026-03-04,2027-04-13,1,Granted,9756436,,,,
1906072/1,1144303,3,304,Land Mobile,Land Mobile System - > 30MHz,2026-03-04,2026-03-04,2027-04-13,1,Granted,9756442,,,,
1906073/1,1144303,3,304,Land Mobile,Land Mobile System - > 30MHz,2026-03-04,2026-03-04,2027-04-13,1,Granted,9756447,,,,
1906074/1,1144303,3,304,Land Mobile,Land Mobile System - > 30MHz,2026-03-04,2026-03-04,2027-04-13,1,Granted,9756452,,,,
1906075/1,1144303,3,304,Land Mobile,Land Mobile System - > 30MHz,2026-03-04,2026-03-04,2027-04-13,1,Granted,9756457,,,,
1906076/1,1144303,3,304,Land Mobile,Land Mobile System - > 30MHz,2026-03-04,2026-03-04,2027-04-13,1,Granted,9756463,,,,
1906078/1,1144303,3,304,Land Mobile,Land Mobile System - > 30MHz,2026-03-04,2026-03-04,2027-04-13,1,Granted,9756467,,,,
1906079/1,1144303,3,304,Land Mobile,Land Mobile System - > 30MHz,2026-03-04,2026-03-04,2027-04-13,1,Granted,9756481,,,,
1906080/1,1144303,3,304,Land Mobile,Land Mobile System - > 30MHz,2026-03-04,2026-03-04,2027-04-13,1,Granted,9756485,,,,
1906081/1,1144303,3,304,Land Mobile,Land Mobile System - > 30MHz,2026-03-04,2026-03-04,2027-04-13,1,Granted,9756488,,,,
1906082/1,1144303,3,304,Land Mobile,Land Mobile System - > 30MHz,2026-03-04,2026-03-04,2027-04-13,1,Granted,9756492,,,,
1906083/1,1144303,3,304,Land Mobile,Land Mobile System - > 30MHz,2026-03-04,2026-03-04,2027-04-13,1,Granted,9756496,,,,
1906084/1,1144303,3,304,Land Mobile,Land Mobile System - > 30MHz,2026-03-04,2026-03-04,2027-04-13,1,Granted,9756500,,,,
1906085/1,1144303,3,304,Land Mobile,Land Mobile System - > 30MHz,2026-03-04,2026-03-04,2027-04-13,1,Granted,9756505,,,,
1906086/1,1144303,3,304,Land Mobile,Land Mobile System - > 30MHz,2026-03-04,2026-03-04,2027-04-13,1,Granted,9756510,,,,
1906087/1,1144303,3,304,Land Mobile,Land Mobile System - > 30MHz,2026-03-04,2026-03-04,2027-04-13,1,Granted,9756514,,,,
1906088/1,1144303,3,304,Land Mobile,Land Mobile System - > 30MHz,2026-03-04,2026-03-04,2027-04-13,1,Granted,9756518,,,,
1906089/1,1144303,3,304,Land Mobile,Land Mobile System - > 30MHz,2026-03-04,2026-03-04,2027-04-13,1,Granted,9756521,,,,
1906090/1,1144303,3,304,Land Mobile,Land Mobile System - > 30MHz,2026-03-04,2026-03-04,2027-04-13,1,Granted,9756524,,,,
1906091/1,1144303,3,304,Land Mobile,Land Mobile System - > 30MHz,2026-03-04,2026-03-04,2027-04-13,1,Granted,9756528,,,,
1906092/1,1144303,3,304,Land Mobile,Land Mobile System - > 30MHz,2026-03-04,2026-03-04,2027-04-13,1,Granted,9756532,,,,
1906356/1,1103909,1,107,Broadcasting,National Broadcasting,2025-10-22,2025-10-22,2026-11-30,1,Granted,10015249,,,,
1907386/1,1146020,3,304,Land Mobile,Land Mobile System - > 30MHz,2025-10-24,2025-10-24,2026-10-22,1,Granted,9758088,,,,
1907400/2,1144661,2,203,Fixed,Point to Point,2025-09-18,2025-09-18,2026-10-22,1,Granted,10091392,,,,
1907401/2,1144661,2,203,Fixed,Point to Point,2025-09-18,2025-09-18,2026-10-22,1,Granted,10091393,,,,
1907932/1,324293,2,200,Fixed,Point to Multipoint,2026-02-11,2026-02-11,2027-03-01,1,Granted,9716799,,,,
1908173/1,20053835,2,203,Fixed,Point to Point,2026-04-11,2026-04-11,2028-05-19,1,Granted,9716871,,,,
1908209/1,439082,3,304,Land Mobile,Land Mobile System - > 30MHz,2026-03-17,2026-03-17,2027-03-23,1,Granted,9758935,,,,
1908219/1,1146176,3,304,Land Mobile,Land Mobile System - > 30MHz,2025-10-15,2025-10-15,2026-11-13,1,Granted,9758937,,,,
1908781/3,439082,3,304,Land Mobile,Land Mobile System - > 30MHz,2026-03-17,2026-03-17,2027-03-23,1,Granted,12827682,20056206_App_Sub_013651,,,
1908845/1,20001190,2,200,Fixed,Point to Multipoint,2025-12-17,2025-12-17,2027-01-16,1,Granted,9717048,,,,
1909116/1,58050,2,203,Fixed,Point to Point,2026-04-20,2026-04-20,2027-05-04,1,Granted,9717074,,,,
1909195/1,20007586,2,203,Fixed,Point to Point,2026-02-20,2026-02-20,2027-03-31,1,Granted,9717122,,,,
1909608/1,58050,2,203,Fixed,Point to Point,2026-04-20,2026-04-20,2027-05-04,1,Granted,9717232,,,,
1909954/1,71963,2,203,Fixed,Point to Point,2026-08-16,2026-08-16,2027-08-24,1,Granted,9856494,,,,
1910400/2,439082,3,304,Land Mobile,Land Mobile System - > 30MHz,2026-03-17,2026-03-17,2027-03-23,1,Granted,11274525,20011258_RCS400_31_vary,,,
1910401/2,439082,3,304,Land Mobile,Land Mobile System - > 30MHz,2026-03-17,2026-03-17,2027-03-23,1,Granted,11274526,20011258_RCS400_35_vary,,,
1910402/3,439082,3,304,Land Mobile,Land Mobile System - > 30MHz,2026-03-17,2026-03-17,2027-03-23,1,Granted,12827688,20056206_App_Sub_013651,,,
1910404/3,439082,3,304,Land Mobile,Land Mobile System - > 30MHz,2026-03-17,2026-03-17,2027-03-23,1,Granted,12827693,20056206_App_Sub_013651,,,
1910405/4,439082,3,304,Land Mobile,Land Mobile System - > 30MHz,2026-03-17,2026-03-17,2027-03-23,1,Granted,12827683,20056206_App_Sub_013651,,,
1910406/1,439082,3,304,Land Mobile,Land Mobile System - > 30MHz,2026-03-17,2026-03-17,2027-03-23,1,Granted,9761164,,,,
1910407/4,439082,3,304,Land Mobile,Land Mobile System - > 30MHz,2026-03-17,2026-03-17,2027-03-23,1,Granted,12827686,20056206_App_Sub_013651,,,
1910408/1,439082,3,304,Land Mobile,Land Mobile System - > 30MHz,2026-03-17,2026-03-17,2027-03-23,1,Granted,9761171,,,,
1910931/1,1442707,2,200,Fixed,Point to Multipoint,2026-01-30,2026-01-30,2027-02-10,1,Granted,9717670,,,,
1911323/1,439082,3,304,Land Mobile,Land Mobile System - > 30MHz,2026-03-17,2026-03-17,2027-03-23,1,Granted,9762096,,,,
1911324/1,439082,3,304,Land Mobile,Land Mobile System - > 30MHz,2026-03-17,2026-03-17,2027-03-23,1,Granted,9762100,,,,
1911325/1,439082,3,304,Land Mobile,Land Mobile System - > 30MHz,2026-03-17,2026-03-17,2027-03-23,1,Granted,9762104,,,,
1911344/1,439082,3,304,Land Mobile,Land Mobile System - > 30MHz,2026-03-17,2026-03-17,2027-03-23,1,Granted,9762121,,,,
1911394/1,521072,2,203,Fixed,Point to Point,2025-08-29,2025-08-29,2026-09-30,1,Granted,9863032,,,,
1911610/3,1144284,3,304,Land Mobile,Land Mobile System - > 30MHz,2026-03-02,2026-03-02,2027-03-18,1,Granted,10594691,20038343_LMS_RCS334_vary_12,,,
1912028/1,1144665,3,304,Land Mobile,Land Mobile System - > 30MHz,2025-06-25,2025-06-25,2026-06-30,10,Expired,9762800,,,,
1912031/1,1144665,3,304,Land Mobile,Land Mobile System - > 30MHz,2025-06-25,2025-06-25,2026-06-30,10,Expired,9762808,,,,
1912333/1,85149,2,200,Fixed,Point to Multipoint,2026-01-27,2026-01-27,2027-02-01,1,Granted,9718187,,,,
1912377/1,1144303,3,304,Land Mobile,Land Mobile System - > 30MHz,2026-03-04,2026-03-04,2027-04-13,1,Granted,9763323,,,,
1912378/1,1144303,3,304,Land Mobile,Land Mobile System - > 30MHz,2026-03-04,2026-03-04,2027-04-13,1,Granted,9763327,,,,
1912379/1,1144303,3,304,Land Mobile,Land Mobile System - > 30MHz,2026-03-04,2026-03-04,2027-04-13,1,Granted,9763330,,,,
1912381/1,1144303,3,304,Land Mobile,Land Mobile System - > 30MHz,2026-03-04,2026-03-04,2027-04-13,1,Granted,9763337,,,,
1912382/1,1144303,3,304,Land Mobile,Land Mobile System - > 30MHz,2026-03-04,2026-03-04,2027-04-13,1,Granted,9763341,,,,
1912835/1,1148654,2,200,Fixed,Point to Multipoint,2026-02-03,2026-02-03,2027-02-02,1,Granted,9718296,,,,
1913370/1,1155726,1,109,Broadcasting,Commercial Television,2017-10-09,2021-10-09,2026-10-17,1,Granted,10015316,,,116,
1913515/1,1147177,3,304,Land Mobile,Land Mobile System - > 30MHz,2026-06-19,2026-06-19,2027-06-29,1,Granted,9764441,,,,
1913840/1,1144303,3,304,Land Mobile,Land Mobile System - > 30MHz,2026-03-04,2026-03-04,2027-04-13,1,Granted,9764601,,,,
1916390/1,20007586,2,203,Fixed,Point to Point,2026-02-20,2026-02-20,2027-03-31,1,Granted,9719668,,,,
1917350/1,115634,3,304,Land Mobile,Land Mobile System - > 30MHz,2026-04-24,2026-04-24,2027-04-15,1,Granted,9765925,,,,
1917361/1,115634,3,304,Land Mobile,Land Mobile System - > 30MHz,2026-04-24,2026-04-24,2027-04-15,1,Granted,9765953,,,,
1917363/1,115634,3,304,Land Mobile,Land Mobile System - > 30MHz,2026-04-24,2026-04-24,2027-04-15,1,Granted,9765959,,,,
1917364/1,115634,3,304,Land Mobile,Land Mobile System - > 30MHz,2026-04-24,2026-04-24,2027-04-15,1,Granted,9765962,,,,
1917369/1,115634,3,304,Land Mobile,Land Mobile System - > 30MHz,2026-04-24,2026-04-24,2027-04-15,1,Granted,9765973,,,,
1917372/1,115634,3,304,Land Mobile,Land Mobile System - > 30MHz,2026-04-24,2026-04-24,2027-04-15,1,Granted,9765979,,,,
1917821/1,510769,2,203,Fixed,Point to Point,2026-08-27,2026-08-27,2027-09-30,1,Granted,9838885,,,,
1918219/2,72693,3,307,Land Mobile,Paging System - Exterior,2025-12-24,2025-12-24,2026-12-08,1,Granted,9856367,1143026,,,
1918679/1,59938,5,501,Maritime Coast,Limited Coast Assigned System,2025-09-25,2025-09-25,2026-09-22,1,Granted,9852258,,,,
1918680/1,59938,5,501,Maritime Coast,Limited Coast Assigned System,2025-09-25,2025-09-25,2026-09-22,1,Granted,9852259,,,,
1918686/1,59938,5,501,Maritime Coast,Limited Coast Assigned System,2025-09-25,2025-09-25,2026-09-22,1,Granted,9852262,,,,
1918687/1,59938,5,501,Maritime Coast,Limited Coast Assigned System,2025-09-25,2025-09-25,2026-09-22,1,Granted,9852263,,,,
1918688/1,59938,5,501,Maritime Coast,Limited Coast Assigned System,2025-09-25,2025-09-25,2026-09-22,1,Granted,9852264,,,,
1918689/1,59938,5,501,Maritime Coast,Limited Coast Assigned System,2025-09-25,2025-09-25,2026-09-22,1,Granted,9852265,,,,
1918690/1,59938,5,501,Maritime Coast,Limited Coast Assigned System,2025-09-25,2025-09-25,2026-09-22,1,Granted,9852266,,,,
1918691/1,59938,5,501,Maritime Coast,Limited Coast Assigned System,2025-09-25,2025-09-25,2026-09-22,1,Granted,9852267,,,,
1918692/1,59938,5,501,Maritime Coast,Limited Coast Assigned System,2025-09-25,2025-09-25,2026-09-22,1,Granted,9852268,,,,
1918694/1,59938,5,501,Maritime Coast,Limited Coast Assigned System,2025-09-25,2025-09-25,2026-09-22,1,Granted,9852269,,,,
1918695/1,59938,5,501,Maritime Coast,Limited Coast Assigned System,2025-09-25,2025-09-25,2026-09-22,1,Granted,9852270,,,,
1918696/1,59938,5,501,Maritime Coast,Limited Coast Assigned System,2025-09-25,2025-09-25,2026-09-22,1,Granted,9852271,,,,
1918697/1,59938,5,501,Maritime Coast,Limited Coast Assigned System,2025-09-25,2025-09-25,2026-09-22,1,Granted,9852272,,,,
1918698/1,59938,5,501,Maritime Coast,Limited Coast Assigned System,2025-09-25,2025-09-25,2026-09-22,1,Granted,9852273,,,,
1918699/1,59938,5,501,Maritime Coast,Limited Coast Assigned System,2025-09-25,2025-09-25,2026-09-22,1,Granted,9852274,,,,
1918700/1,59938,5,501,Maritime Coast,Limited Coast Assigned System,2025-09-25,2025-09-25,2026-09-22,1,Granted,9852275,,,,
1918701/1,59938,5,501,Maritime Coast,Limited Coast Assigned System,2025-09-25,2025-09-25,2026-09-22,1,Granted,9852276,,,,
1918702/1,59938,5,501,Maritime Coast,Limited Coast Assigned System,2025-09-25,2025-09-25,2026-09-22,1,Granted,9852277,,,,
1918703/1,59938,5,501,Maritime Coast,Limited Coast Assigned System,2025-09-25,2025-09-25,2026-09-22,1,Granted,9852278,,,,
1918704/1,59938,5,501,Maritime Coast,Limited Coast Assigned System,2025-09-25,2025-09-25,2026-09-22,1,Granted,9852279,,,,
1918753/1,59938,5,501,Maritime Coast,Limited Coast Assigned System,2025-09-25,2025-09-25,2026-09-22,1,Granted,9852280,,,,
1920244/1,1144435,2,200,Fixed,Point to Multipoint,2026-03-19,2026-03-19,2027-03-17,1,Granted,9801835,,,,
1920800/1,76441,3,304,Land Mobile,Land Mobile System - > 30MHz,2025-10-24,2025-10-24,2026-11-24,1,Granted,9768213,,,,
1920801/1,76441,3,304,Land Mobile,Land Mobile System - > 30MHz,2025-10-24,2025-10-24,2026-11-24,1,Granted,9768214,,,,
1921063/2,49686,5,501,Maritime Coast,Limited Coast Assigned System,2025-11-21,2025-11-21,2026-12-31,1,Granted,10333697,,,,
1921458/2,1442707,2,203,Fixed,Point to Point,2026-01-22,2026-01-22,2027-01-17,1,Granted,11233981,,,,
1921477/1,1148506,3,304,Land Mobile,Land Mobile System - > 30MHz,2025-12-16,2025-12-16,2027-01-18,1,Granted,9768350,,,,
1921720/1,58050,2,203,Fixed,Point to Point,2026-04-20,2026-04-20,2027-05-04,1,Granted,9721765,,,,
1921851/1,38986,3,307,Land Mobile,Paging System - Exterior,2026-02-23,2026-02-23,2027-02-08,1,Granted,9768471,,,,
1922023/1,82694,2,203,Fixed,Point to Point,2025-11-26,2025-11-26,2026-12-01,1,Granted,9721886,,,,
1922109/2,1144661,2,201,Fixed,Point to Multipoint - Land Mobile Spec,2026-02-13,2026-02-13,2027-03-09,1,Granted,10091394,,,,
1922774/1,1148749,3,304,Land Mobile,Land Mobile System - > 30MHz,2026-03-10,2026-03-10,2027-03-11,1,Granted,9768709,,,,
1923008/2,1442707,2,203,Fixed,Point to Point,2026-01-22,2026-01-22,2027-01-17,1,Granted,11233980,,,,
1923233/1,20019830,3,304,Land Mobile,Land Mobile System - > 30MHz,2026-03-12,2026-03-12,2027-03-17,1,Granted,9768754,,,,
1923234/1,20017269,3,304,Land Mobile,Land Mobile System - > 30MHz,2026-02-10,2026-02-10,2027-03-17,1,Granted,9768755,,,,
1924424/1,401054,8,800,Aeronautical,Aeronautical Assigned System,2026-06-19,2026-06-19,2027-06-30,1,Granted,9765056,,,,
1924425/1,401054,8,800,Aeronautical,Aeronautical Assigned System,2026-06-19,2026-06-19,2027-06-30,1,Granted,9765058,,,,
1924426/1,401054,8,800,Aeronautical,Aeronautical Assigned System,2026-06-19,2026-06-19,2027-06-30,1,Granted,9765059,,,,
1924427/1,401054,8,800,Aeronautical,Aeronautical Assigned System,2026-06-19,2026-06-19,2027-06-30,1,Granted,9765061,,,,
1924428/1,401054,8,800,Aeronautical,Aeronautical Assigned System,2026-06-19,2026-06-19,2027-06-30,1,Granted,9765062,,,,
1924489/1,20008916,3,304,Land Mobile,Land Mobile System - > 30MHz,2026-01-05,2026-01-05,2026-12-31,1,Granted,9769039,,,,
1924490/1,20008916,3,304,Land Mobile,Land Mobile System - > 30MHz,2026-01-05,2026-01-05,2026-12-31,1,Granted,9769040,,,,
1924491/1,20008916,3,304,Land Mobile,Land Mobile System - > 30MHz,2026-01-05,2026-01-05,2026-12-31,1,Granted,9769041,,,,
1924832/1,1149315,3,304,Land Mobile,Land Mobile System - > 30MHz,2026-02-19,2026-02-19,2027-03-19,1,Granted,9769113,,,,
1926190/2,20056117,3,304,Land Mobile,Land Mobile System - > 30MHz,2026-06-24,2026-06-24,2027-06-21,1,Granted,12138697,,,,
1926769/1,58050,2,203,Fixed,Point to Point,2026-04-20,2026-04-20,2027-05-04,1,Granted,9723656,,,,
1926812/1,85149,2,203,Fixed,Point to Point,2026-01-27,2026-01-27,2027-02-01,1,Granted,9723684,,,,
1926813/1,85149,2,203,Fixed,Point to Point,2026-01-27,2026-01-27,2027-02-01,1,Granted,9723686,,,,
1926835/1,85149,2,203,Fixed,Point to Point,2026-01-27,2026-01-27,2027-02-01,1,Granted,9723732,,,,
1927278/1,1139904,3,304,Land Mobile,Land Mobile System - > 30MHz,2026-07-02,2026-07-02,2027-07-26,1,Granted,9769688,,,,
1927320/1,1424630,3,302,Land Mobile,Ambulatory System,2026-01-09,2026-01-09,2027-02-02,1,Granted,9769700,,,,
1927321/1,1424630,3,302,Land Mobile,Ambulatory System,2026-01-09,2026-01-09,2027-02-02,1,Granted,9769701,,,,
1927322/1,1424630,3,302,Land Mobile,Ambulatory System,2026-01-09,2026-01-09,2027-02-02,1,Granted,9769702,,,,
1927323/1,1424630,3,302,Land Mobile,Ambulatory System,2026-01-09,2026-01-09,2027-02-02,1,Granted,9769703,,,,
1927324/1,1424630,3,302,Land Mobile,Ambulatory System,2026-01-09,2026-01-09,2027-02-02,1,Granted,9769704,,,,
1927325/1,1424630,3,302,Land Mobile,Ambulatory System,2026-01-09,2026-01-09,2027-02-02,1,Granted,9769705,,,,
1927326/1,1424630,3,302,Land Mobile,Ambulatory System,2026-01-09,2026-01-09,2027-02-02,1,Granted,9769706,,,,
1927327/1,1424630,3,302,Land Mobile,Ambulatory System,2026-01-09,2026-01-09,2027-02-02,1,Granted,9769707,,,,
1927857/1,20053839,10,125,PTS,PMTS Class B,2025-10-29,2025-10-29,2027-10-11,1,Granted,9765739,,,,
1927871/1,20053839,10,125,PTS,PMTS Class B,2025-10-29,2025-10-29,2027-10-11,1,Granted,9765767,,,,
1928336/1,56398,3,304,Land Mobile,Land Mobile System - > 30MHz,2025-11-26,2025-11-26,2026-12-11,1,Granted,9769904,,,,
1928502/1,71963,3,302,Land Mobile,Ambulatory System,2026-08-16,2026-08-16,2027-08-24,1,Granted,9856495,,,,
1928510/1,71963,3,304,Land Mobile,Land Mobile System - > 30MHz,2026-08-16,2026-08-16,2027-08-24,1,Granted,9856501,,,,
1929058/1,58050,2,203,Fixed,Point to Point,2026-04-20,2026-04-20,2027-05-04,1,Granted,9724340,,,,
1929193/1,20009033,3,304,Land Mobile,Land Mobile System - > 30MHz,2025-09-15,2025-09-15,2026-09-16,1,Granted,9804000,,,,
1929301/1,85149,2,203,Fixed,Point to Point,2026-01-27,2026-01-27,2027-02-01,1,Granted,9724456,,,,
1929302/1,85149,2,203,Fixed,Point to Point,2026-01-27,2026-01-27,2027-02-01,1,Granted,9724458,,,,
1929303/1,85149,2,203,Fixed,Point to Point,2026-01-27,2026-01-27,2027-02-01,1,Granted,9724459,,,,
1929304/1,85149,2,203,Fixed,Point to Point,2026-01-27,2026-01-27,2027-02-01,1,Granted,9724461,,,,
1929305/1,85149,2,203,Fixed,Point to Point,2026-01-27,2026-01-27,2027-02-01,1,Granted,9724463,,,,
1929306/1,85149,2,203,Fixed,Point to Point,2026-01-27,2026-01-27,2027-02-01,1,Granted,9724465,,,,
1929307/1,85149,2,203,Fixed,Point to Point,2026-01-27,2026-01-27,2027-02-01,1,Granted,9724467,,,,
1929308/1,85149,2,203,Fixed,Point to Point,2026-01-27,2026-01-27,2027-02-01,1,Granted,9724472,,,,
1929311/1,85149,2,203,Fixed,Point to Point,2026-01-27,2026-01-27,2027-02-01,1,Granted,9724478,,,,
1929333/1,435100,2,200,Fixed,Point to Multipoint,2025-09-12,2025-09-12,2026-09-23,1,Granted,9845589,,,,
1929334/1,435100,2,200,Fixed,Point to Multipoint,2025-09-12,2025-09-12,2026-09-23,1,Granted,9845590,,,,
1929336/1,435100,2,200,Fixed,Point to Multipoint,2025-09-12,2025-09-12,2026-09-23,1,Granted,9845592,,,,
1929337/1,435100,2,200,Fixed,Point to Multipoint,2025-09-12,2025-09-12,2026-09-23,1,Granted,9845593,,,,
1929339/1,435100,2,200,Fixed,Point to Multipoint,2025-09-12,2025-09-12,2026-09-23,1,Granted,9845594,,,,
1929340/1,435100,2,200,Fixed,Point to Multipoint,2025-09-12,2025-09-12,2026-09-23,1,Granted,9845595,,,,
1930614/2,1144661,2,203,Fixed,Point to Point,2025-12-15,2025-12-15,2026-11-23,1,Granted,10091399,,,,
1931249/1,20053835,2,203,Fixed,Point to Point,2026-04-11,2026-04-11,2028-05-19,1,Granted,9725146,,,,
1931364/1,115634,3,304,Land Mobile,Land Mobile System - > 30MHz,2026-04-24,2026-04-24,2027-04-15,1,Granted,9770632,,,,
1931466/1,20000768,5,501,Maritime Coast,Limited Coast Assigned System,2024-06-21,2024-06-21,2029-06-26,1,Granted,9645586,,,,
1931467/1,20000768,5,501,Maritime Coast,Limited Coast Assigned System,2024-06-21,2024-06-21,2029-06-26,1,Granted,9645587,,,,
1931470/1,20000768,5,501,Maritime Coast,Limited Coast Assigned System,2024-06-21,2024-06-21,2029-06-26,1,Granted,9645590,,,,
1931471/1,20000768,5,501,Maritime Coast,Limited Coast Assigned System,2024-06-21,2024-06-21,2029-06-26,1,Granted,9645591,,,,
1931474/1,20000768,5,501,Maritime Coast,Limited Coast Assigned System,2024-06-21,2024-06-21,2029-06-26,1,Granted,9645594,,,,
1931475/1,20000768,5,501,Maritime Coast,Limited Coast Assigned System,2024-06-21,2024-06-21,2029-06-26,1,Granted,9645595,,,,
1931478/1,20000768,5,501,Maritime Coast,Limited Coast Assigned System,2024-06-21,2024-06-21,2029-06-26,1,Granted,9645598,,,,
1931479/1,20000768,5,501,Maritime Coast,Limited Coast Assigned System,2024-06-21,2024-06-21,2029-06-26,1,Granted,9645599,,,,
1931484/1,20000768,5,501,Maritime Coast,Limited Coast Assigned System,2024-06-21,2024-06-21,2029-06-26,1,Granted,9645604,,,,
1931485/1,20000768,5,501,Maritime Coast,Limited Coast Assigned System,2024-06-21,2024-06-21,2029-06-26,1,Granted,9645605,,,,
1931488/1,20000768,5,501,Maritime Coast,Limited Coast Assigned System,2024-06-21,2024-06-21,2029-06-26,1,Granted,9645608,,,,
1931489/1,20000768,5,501,Maritime Coast,Limited Coast Assigned System,2024-06-21,2024-06-21,2029-06-26,1,Granted,9645609,,,,
1931516/1,20000768,5,501,Maritime Coast,Limited Coast Assigned System,2024-06-21,2024-06-21,2029-06-26,1,Granted,9645634,,,,
1931517/1,20000768,5,501,Maritime Coast,Limited Coast Assigned System,2024-06-21,2024-06-21,2029-06-26,1,Granted,9645635,,,,
1931530/1,20000768,5,501,Maritime Coast,Limited Coast Assigned System,2024-06-21,2024-06-21,2029-06-26,1,Granted,9645648,,,,
1931531/1,20000768,5,501,Maritime Coast,Limited Coast Assigned System,2024-06-21,2024-06-21,2029-06-26,1,Granted,9645649,,,,
1931542/1,20000768,5,501,Maritime Coast,Limited Coast Assigned System,2024-06-21,2024-06-21,2029-06-26,1,Granted,9645660,,,,
1931543/1,20000768,5,501,Maritime Coast,Limited Coast Assigned System,2024-06-21,2024-06-21,2029-06-26,1,Granted,9645661,,,,
1931618/1,82694,2,203,Fixed,Point to Point,2025-11-26,2025-11-26,2026-12-01,1,Granted,9725215,,,,
1931792/1,107618,3,304,Land Mobile,Land Mobile System - > 30MHz,2025-10-17,2025-10-17,2026-10-07,1,Granted,9809582,,,,
1931803/1,1142834,3,304,Land Mobile,Land Mobile System - > 30MHz,2025-09-12,2025-09-12,2026-10-19,1,Granted,9770702,,,,
1932177/1,20053835,2,203,Fixed,Point to Point,2026-04-11,2026-04-11,2028-05-19,1,Granted,9725362,,,,
1932178/1,20053835,2,203,Fixed,Point to Point,2026-04-11,2026-04-11,2028-05-19,1,Granted,9725364,,,,
1932389/1,20007586,2,203,Fixed,Point to Point,2026-02-20,2026-02-20,2027-03-31,1,Granted,9725429,,,,
1932426/1,85149,2,203,Fixed,Point to Point,2026-01-27,2026-01-27,2027-02-01,1,Granted,9725456,,,,
1932427/1,85149,2,203,Fixed,Point to Point,2026-01-27,2026-01-27,2027-02-01,1,Granted,9725458,,,,
1932430/1,85149,2,203,Fixed,Point to Point,2026-01-27,2026-01-27,2027-02-01,1,Granted,9725464,,,,
1932431/1,85149,2,203,Fixed,Point to Point,2026-01-27,2026-01-27,2027-02-01,1,Granted,9725466,,,,
1932672/1,1142834,3,304,Land Mobile,Land Mobile System - > 30MHz,2025-09-12,2025-09-12,2026-10-19,1,Granted,9770894,,,,
1934094/1,20036656,3,304,Land Mobile,Land Mobile System - > 30MHz,2026-05-25,2026-05-25,2027-05-31,1,Granted,9771316,,,,
1935248/1,1480691,3,304,Land Mobile,Land Mobile System - > 30MHz,2026-06-15,2026-06-15,2027-06-16,1,Granted,9771538,,,,
1935249/1,1480691,3,304,Land Mobile,Land Mobile System - > 30MHz,2026-08-18,2026-08-18,2027-09-24,1,Granted,9820491,,,,
1935250/1,1480691,3,304,Land Mobile,Land Mobile System - > 30MHz,2026-08-18,2026-08-18,2027-09-24,1,Granted,9820492,,,,
1935931/1,59938,5,501,Maritime Coast,Limited Coast Assigned System,2025-09-25,2025-09-25,2026-09-22,1,Granted,9852289,,,,
1936245/1,455305,3,304,Land Mobile,Land Mobile System - > 30MHz,2026-06-30,2026-06-30,2027-01-01,1,Granted,9771753,,,,
1936246/1,455305,3,304,Land Mobile,Land Mobile System - > 30MHz,2026-06-30,2026-06-30,2027-01-01,1,Granted,9771754,,,,
1936247/1,455305,3,304,Land Mobile,Land Mobile System - > 30MHz,2026-06-30,2026-06-30,2027-01-01,1,Granted,9771755,,,,
1936294/1,20003229,3,304,Land Mobile,Land Mobile System - > 30MHz,2026-05-11,2026-05-11,2027-06-16,1,Granted,9771769,,,,
1936330/1,85149,3,304,Land Mobile,Land Mobile System - > 30MHz,2026-01-27,2026-01-27,2027-02-01,1,Granted,9771787,,,,
1936331/1,85149,3,304,Land Mobile,Land Mobile System - > 30MHz,2026-01-27,2026-01-27,2027-02-01,1,Granted,9771788,,,,
1936332/1,85149,3,304,Land Mobile,Land Mobile System - > 30MHz,2026-01-27,2026-01-27,2027-02-01,1,Granted,9771789,,,,
1936333/1,85149,3,304,Land Mobile,Land Mobile System - > 30MHz,2026-01-27,2026-01-27,2027-02-01,1,Granted,9771790,,,,
1936334/1,85149,3,304,Land Mobile,Land Mobile System - > 30MHz,2026-01-27,2026-01-27,2027-02-01,1,Granted,9771791,,,,
1936335/1,85149,3,304,Land Mobile,Land Mobile System - > 30MHz,2026-01-27,2026-01-27,2027-02-01,1,Granted,9771792,,,,
1936336/1,85149,3,304,Land Mobile,Land Mobile System - > 30MHz,2026-01-27,2026-01-27,2027-02-01,1,Granted,9771793,,,,
1936337/1,85149,3,304,Land Mobile,Land Mobile System - > 30MHz,2026-01-27,2026-01-27,2027-02-01,1,Granted,9771794,,,,
1936338/1,85149,3,304,Land Mobile,Land Mobile System - > 30MHz,2026-01-27,2026-01-27,2027-02-01,1,Granted,9771795,,,,
1936339/1,85149,3,304,Land Mobile,Land Mobile System - > 30MHz,2026-01-27,2026-01-27,2027-02-01,1,Granted,9771796,,,,
1936340/1,85149,3,304,Land Mobile,Land Mobile System - > 30MHz,2026-01-27,2026-01-27,2027-02-01,1,Granted,9771797,,,,
1936341/1,85149,3,304,Land Mobile,Land Mobile System - > 30MHz,2026-01-27,2026-01-27,2027-02-01,1,Granted,9771798,,,,
1936342/1,85149,3,304,Land Mobile,Land Mobile System - > 30MHz,2026-01-27,2026-01-27,2027-02-01,1,Granted,9771799,,,,
1936343/1,85149,3,304,Land Mobile,Land Mobile System - > 30MHz,2026-01-27,2026-01-27,2027-02-01,1,Granted,9771800,,,,
1936344/1,85149,3,304,Land Mobile,Land Mobile System - > 30MHz,2026-01-27,2026-01-27,2027-02-01,1,Granted,9771801,,,,
1936345/1,85149,3,304,Land Mobile,Land Mobile System - > 30MHz,2026-01-27,2026-01-27,2027-02-01,1,Granted,9771802,,,,
1936346/1,85149,3,304,Land Mobile,Land Mobile System - > 30MHz,2026-01-27,2026-01-27,2027-02-01,1,Granted,9771803,,,,
1936347/1,85149,3,304,Land Mobile,Land Mobile System - > 30MHz,2026-01-28,2026-01-27,2027-02-01,1,Granted,9771804,,,,
1936348/1,85149,3,304,Land Mobile,Land Mobile System - > 30MHz,2026-01-27,2026-01-27,2027-02-01,1,Granted,9771805,,,,
1936349/1,85149,3,304,Land Mobile,Land Mobile System - > 30MHz,2026-01-27,2026-01-27,2027-02-01,1,Granted,9771806,,,,
1936350/1,85149,3,304,Land Mobile,Land Mobile System - > 30MHz,2026-01-27,2026-01-27,2027-02-01,1,Granted,9771807,,,,
1936351/1,85149,3,304,Land Mobile,Land Mobile System - > 30MHz,2026-01-27,2026-01-27,2027-02-01,1,Granted,9771808,,,,
1936352/1,85149,3,304,Land Mobile,Land Mobile System - > 30MHz,2026-01-27,2026-01-27,2027-02-01,1,Granted,9771809,,,,
1936353/1,85149,3,304,Land Mobile,Land Mobile System - > 30MHz,2026-01-27,2026-01-27,2027-02-01,1,Granted,9771810,,,,
1936354/1,85149,3,304,Land Mobile,Land Mobile System - > 30MHz,2026-01-27,2026-01-27,2027-02-01,1,Granted,9771811,,,,
1936355/1,85149,3,304,Land Mobile,Land Mobile System - > 30MHz,2026-01-27,2026-01-27,2027-02-01,1,Granted,9771812,,,,
1936361/1,85149,3,304,Land Mobile,Land Mobile System - > 30MHz,2026-01-27,2026-01-27,2027-02-01,1,Granted,9771813,,,,
1936362/1,85149,3,304,Land Mobile,Land Mobile System - > 30MHz,2026-01-27,2026-01-27,2027-02-01,1,Granted,9771814,,,,
1936363/1,85149,3,304,Land Mobile,Land Mobile System - > 30MHz,2026-01-27,2026-01-27,2027-02-01,1,Granted,9771815,,,,
1936364/1,85149,3,304,Land Mobile,Land Mobile System - > 30MHz,2026-01-27,2026-01-27,2027-02-01,1,Granted,9771816,,,,
1936365/1,85149,3,304,Land Mobile,Land Mobile System - > 30MHz,2026-01-27,2026-01-27,2027-02-01,1,Granted,9771817,,,,
1936367/1,85149,3,304,Land Mobile,Land Mobile System - > 30MHz,2026-01-27,2026-01-27,2027-02-01,1,Granted,9771818,,,,
1936369/1,85149,3,304,Land Mobile,Land Mobile System - > 30MHz,2026-01-27,2026-01-27,2027-02-01,1,Granted,9771819,,,,
1936370/1,85149,3,304,Land Mobile,Land Mobile System - > 30MHz,2026-01-27,2026-01-27,2027-02-01,1,Granted,9771820,,,,
1936371/1,85149,3,304,Land Mobile,Land Mobile System - > 30MHz,2026-01-27,2026-01-27,2027-02-01,1,Granted,9771821,,,,
1936372/1,85149,3,304,Land Mobile,Land Mobile System - > 30MHz,2026-01-27,2026-01-27,2027-02-01,1,Granted,9771822,,,,
1936373/1,85149,3,304,Land Mobile,Land Mobile System - > 30MHz,2026-01-27,2026-01-27,2027-02-01,1,Granted,9771823,,,,
1936374/1,85149,3,304,Land Mobile,Land Mobile System - > 30MHz,2026-01-27,2026-01-27,2027-02-01,1,Granted,9771824,,,,
1936375/1,85149,3,304,Land Mobile,Land Mobile System - > 30MHz,2026-01-27,2026-01-27,2027-02-01,1,Granted,9771825,,,,
1936376/1,85149,3,304,Land Mobile,Land Mobile System - > 30MHz,2026-01-27,2026-01-27,2027-02-01,1,Granted,9771826,,,,
1936377/1,85149,3,304,Land Mobile,Land Mobile System - > 30MHz,2026-01-27,2026-01-27,2027-02-01,1,Granted,9771827,,,,
1936378/1,85149,3,304,Land Mobile,Land Mobile System - > 30MHz,2026-01-27,2026-01-27,2027-02-01,1,Granted,9771828,,,,
1936379/1,85149,3,304,Land Mobile,Land Mobile System - > 30MHz,2026-01-27,2026-01-27,2027-02-01,1,Granted,9771829,,,,
1936380/1,85149,3,304,Land Mobile,Land Mobile System - > 30MHz,2026-01-27,2026-01-27,2027-02-01,1,Granted,9771830,,,,
1936381/1,85149,3,304,Land Mobile,Land Mobile System - > 30MHz,2026-01-27,2026-01-27,2027-02-01,1,Granted,9771831,,,,
1936382/1,85149,3,304,Land Mobile,Land Mobile System - > 30MHz,2026-01-27,2026-01-27,2027-02-01,1,Granted,9771832,,,,
1936383/1,85149,3,304,Land Mobile,Land Mobile System - > 30MHz,2026-01-27,2026-01-27,2027-02-01,1,Granted,9771833,,,,
1936384/1,85149,3,304,Land Mobile,Land Mobile System - > 30MHz,2026-01-27,2026-01-27,2027-02-01,1,Granted,9771834,,,,
1936385/1,85149,3,304,Land Mobile,Land Mobile System - > 30MHz,2026-01-27,2026-01-27,2027-02-01,1,Granted,9771835,,,,
1936386/1,85149,3,304,Land Mobile,Land Mobile System - > 30MHz,2026-01-27,2026-01-27,2027-02-01,1,Granted,9771836,,,,
1936387/1,85149,3,304,Land Mobile,Land Mobile System - > 30MHz,2026-01-27,2026-01-27,2027-02-01,1,Granted,9771837,,,,
1936388/1,85149,3,304,Land Mobile,Land Mobile System - > 30MHz,2026-01-27,2026-01-27,2027-02-01,1,Granted,9771838,,,,
1936389/1,85149,3,304,Land Mobile,Land Mobile System - > 30MHz,2026-01-27,2026-01-27,2027-02-01,1,Granted,9771839,,,,
1936390/1,85149,3,304,Land Mobile,Land Mobile System - > 30MHz,2026-01-27,2026-01-27,2027-02-01,1,Granted,9771840,,,,
1936391/1,85149,3,304,Land Mobile,Land Mobile System - > 30MHz,2026-01-27,2026-01-27,2027-02-01,1,Granted,9771841,,,,
1936392/1,85149,3,304,Land Mobile,Land Mobile System - > 30MHz,2026-01-27,2026-01-27,2027-02-01,1,Granted,9771842,,,,
1936405/1,85149,3,304,Land Mobile,Land Mobile System - > 30MHz,2026-01-27,2026-01-27,2027-02-01,1,Granted,9771855,,,,
1936406/1,85149,3,304,Land Mobile,Land Mobile System - > 30MHz,2026-01-27,2026-01-27,2027-02-01,1,Granted,9771856,,,,
1936407/1,85149,3,304,Land Mobile,Land Mobile System - > 30MHz,2026-01-27,2026-01-27,2027-02-01,1,Granted,9771857,,,,
1936408/1,85149,3,304,Land Mobile,Land Mobile System - > 30MHz,2026-01-27,2026-01-27,2027-02-01,1,Granted,9771858,,,,
1936409/1,85149,3,304,Land Mobile,Land Mobile System - > 30MHz,2026-01-27,2026-01-27,2027-02-01,1,Granted,9771859,,,,
1936414/1,85149,3,304,Land Mobile,Land Mobile System - > 30MHz,2026-01-27,2026-01-27,2027-02-01,1,Granted,9771864,,,,
1936415/1,85149,3,304,Land Mobile,Land Mobile System - > 30MHz,2026-01-27,2026-01-27,2027-02-01,1,Granted,9771865,,,,
1936416/1,85149,3,304,Land Mobile,Land Mobile System - > 30MHz,2026-01-27,2026-01-27,2027-02-01,1,Granted,9771866,,,,
1936417/1,85149,3,304,Land Mobile,Land Mobile System - > 30MHz,2026-01-27,2026-01-27,2027-02-01,1,Granted,9771867,,,,
1936418/1,85149,3,304,Land Mobile,Land Mobile System - > 30MHz,2026-01-27,2026-01-27,2027-02-01,1,Granted,9771868,,,,
1936419/1,85149,3,304,Land Mobile,Land Mobile System - > 30MHz,2026-01-27,2026-01-27,2027-02-01,1,Granted,9771869,,,,
1936420/1,85149,3,304,Land Mobile,Land Mobile System - > 30MHz,2026-01-27,2026-01-27,2027-02-01,1,Granted,9771870,,,,
1936421/1,85149,3,304,Land Mobile,Land Mobile System - > 30MHz,2026-01-27,2026-01-27,2027-02-01,1,Granted,9771871,,,,
1936426/1,85149,3,304,Land Mobile,Land Mobile System - > 30MHz,2026-01-27,2026-01-27,2027-02-01,1,Granted,9771876,,,,
1936427/1,85149,3,304,Land Mobile,Land Mobile System - > 30MHz,2026-01-27,2026-01-27,2027-02-01,1,Granted,9771877,,,,
1936428/1,85149,3,304,Land Mobile,Land Mobile System - > 30MHz,2026-01-27,2026-01-27,2027-02-01,1,Granted,9771878,,,,
1936429/1,85149,3,304,Land Mobile,Land Mobile System - > 30MHz,2026-01-27,2026-01-27,2027-02-01,1,Granted,9771879,,,,
1936434/1,85149,3,304,Land Mobile,Land Mobile System - > 30MHz,2026-01-27,2026-01-27,2027-02-01,1,Granted,9771884,,,,
1936435/1,85149,3,304,Land Mobile,Land Mobile System - > 30MHz,2026-01-27,2026-01-27,2027-02-01,1,Granted,9771885,,,,
1936436/1,85149,3,304,Land Mobile,Land Mobile System - > 30MHz,2026-01-27,2026-01-27,2027-02-01,1,Granted,9771886,,,,
1937494/1,20001770,2,203,Fixed,Point to Point,2026-07-29,2026-07-29,2027-07-27,1,Granted,9727183,,,,
1937496/1,20001770,2,203,Fixed,Point to Point,2026-07-29,2026-07-29,2027-07-27,1,Granted,9727186,,,,
1937945/1,20004872,3,308,Land Mobile,Paging System - Interior,2026-04-24,2026-04-24,2027-04-30,1,Granted,9772217,,,,
1938011/2,20026040,3,304,Land Mobile,Land Mobile System - > 30MHz,2026-05-01,2026-05-01,2027-04-14,1,Granted,9855085,,,,
1938517/1,1425181,3,304,Land Mobile,Land Mobile System - > 30MHz,2026-08-21,2026-08-21,2027-08-30,1,Granted,9772293,,,,
1938702/1,82694,2,203,Fixed,Point to Point,2025-11-26,2025-11-26,2026-12-01,1,Granted,9727787,,,,
1938703/1,82694,2,203,Fixed,Point to Point,2025-11-26,2025-11-26,2026-12-01,1,Granted,9727789,,,,
1938903/1,85149,3,304,Land Mobile,Land Mobile System - > 30MHz,2026-01-27,2026-01-27,2027-02-01,1,Granted,9772422,,,,
1938904/1,85149,3,304,Land Mobile,Land Mobile System - > 30MHz,2026-01-27,2026-01-27,2027-02-01,1,Granted,9772423,,,,
1938905/1,85149,3,304,Land Mobile,Land Mobile System - > 30MHz,2026-01-27,2026-01-27,2027-02-01,1,Granted,9772424,,,,
1938906/1,85149,3,304,Land Mobile,Land Mobile System - > 30MHz,2026-01-27,2026-01-27,2027-02-01,1,Granted,9772425,,,,
1938907/1,85149,3,304,Land Mobile,Land Mobile System - > 30MHz,2026-01-27,2026-01-27,2027-02-01,1,Granted,9772426,,,,
1938908/1,85149,3,304,Land Mobile,Land Mobile System - > 30MHz,2026-01-27,2026-01-27,2027-02-01,1,Granted,9772427,,,,
1938909/1,85149,3,304,Land Mobile,Land Mobile System - > 30MHz,2026-01-27,2026-01-27,2027-02-01,1,Granted,9772428,,,,
1938910/1,85149,3,304,Land Mobile,Land Mobile System - > 30MHz,2026-01-27,2026-01-27,2027-02-01,1,Granted,9772429,,,,
1938911/1,85149,3,304,Land Mobile,Land Mobile System - > 30MHz,2026-01-27,2026-01-27,2027-02-01,1,Granted,9772430,,,,
1938917/1,85149,3,304,Land Mobile,Land Mobile System - > 30MHz,2026-01-27,2026-01-27,2027-02-01,1,Granted,9772436,,,,
1938918/1,85149,3,304,Land Mobile,Land Mobile System - > 30MHz,2026-01-27,2026-01-27,2027-02-01,1,Granted,9772437,,,,
1938919/1,85149,3,304,Land Mobile,Land Mobile System - > 30MHz,2026-01-27,2026-01-27,2027-02-01,1,Granted,9772438,,,,
1938920/1,85149,3,304,Land Mobile,Land Mobile System - > 30MHz,2026-01-27,2026-01-27,2027-02-01,1,Granted,9772439,,,,
1938921/1,85149,3,304,Land Mobile,Land Mobile System - > 30MHz,2026-01-27,2026-01-27,2027-02-01,1,Granted,9772440,,,,
1938922/1,85149,3,304,Land Mobile,Land Mobile System - > 30MHz,2026-01-27,2026-01-27,2027-02-01,1,Granted,9772441,,,,
1938923/1,85149,3,304,Land Mobile,Land Mobile System - > 30MHz,2026-01-27,2026-01-27,2027-02-01,1,Granted,9772442,,,,
1938924/1,85149,3,304,Land Mobile,Land Mobile System - > 30MHz,2026-01-27,2026-01-27,2027-02-01,1,Granted,9772443,,,,
1938925/1,85149,3,304,Land Mobile,Land Mobile System - > 30MHz,2026-01-27,2026-01-27,2027-02-01,1,Granted,9772444,,,,
1938926/1,85149,3,304,Land Mobile,Land Mobile System - > 30MHz,2026-01-27,2026-01-27,2027-02-01,1,Granted,9772445,,,,
1938927/1,85149,3,304,Land Mobile,Land Mobile System - > 30MHz,2026-01-27,2026-01-27,2027-02-01,1,Granted,9772446,,,,
1938928/1,85149,3,304,Land Mobile,Land Mobile System - > 30MHz,2026-01-27,2026-01-27,2027-02-01,1,Granted,9772447,,,,
1938929/1,85149,3,304,Land Mobile,Land Mobile System - > 30MHz,2026-01-27,2026-01-27,2027-02-01,1,Granted,9772448,,,,
1938930/1,85149,3,304,Land Mobile,Land Mobile System - > 30MHz,2026-01-27,2026-01-27,2027-02-01,1,Granted,9772449,,,,
1938931/1,85149,3,304,Land Mobile,Land Mobile System - > 30MHz,2026-01-27,2026-01-27,2027-02-01,1,Granted,9772450,,,,
1938932/1,85149,3,304,Land Mobile,Land Mobile System - > 30MHz,2026-01-27,2026-01-27,2027-02-01,1,Granted,9772451,,,,
1938933/1,85149,3,304,Land Mobile,Land Mobile System - > 30MHz,2026-01-27,2026-01-27,2027-02-01,1,Granted,9772452,,,,
1938934/1,85149,3,304,Land Mobile,Land Mobile System - > 30MHz,2026-01-27,2026-01-27,2027-02-01,1,Granted,9772453,,,,
1938935/1,85149,3,304,Land Mobile,Land Mobile System - > 30MHz,2026-01-27,2026-01-27,2027-02-01,1,Granted,9772454,,,,
1938936/1,85149,3,304,Land Mobile,Land Mobile System - > 30MHz,2026-01-27,2026-01-27,2027-02-01,1,Granted,9772455,,,,
1938937/1,85149,3,304,Land Mobile,Land Mobile System - > 30MHz,2026-01-27,2026-01-27,2027-02-01,1,Granted,9772456,,,,
1938938/1,85149,3,304,Land Mobile,Land Mobile System - > 30MHz,2026-01-27,2026-01-27,2027-02-01,1,Granted,9772457,,,,
1938944/1,85149,3,304,Land Mobile,Land Mobile System - > 30MHz,2026-01-27,2026-01-27,2027-02-01,1,Granted,9772463,,,,
1938945/1,85149,3,304,Land Mobile,Land Mobile System - > 30MHz,2026-01-27,2026-01-27,2027-02-01,1,Granted,9772464,,,,
1938946/1,85149,3,304,Land Mobile,Land Mobile System - > 30MHz,2026-01-27,2026-01-27,2027-02-01,1,Granted,9772465,,,,
1938947/1,85149,3,304,Land Mobile,Land Mobile System - > 30MHz,2026-01-27,2026-01-27,2027-02-01,1,Granted,9772466,,,,
1938948/1,85149,3,304,Land Mobile,Land Mobile System - > 30MHz,2026-01-27,2026-01-27,2027-02-01,1,Granted,9772467,,,,
1938949/1,85149,3,304,Land Mobile,Land Mobile System - > 30MHz,2026-01-27,2026-01-27,2027-02-01,1,Granted,9772468,,,,
1938950/1,85149,3,304,Land Mobile,Land Mobile System - > 30MHz,2026-01-27,2026-01-27,2027-02-01,1,Granted,9772469,,,,
1938951/1,85149,3,304,Land Mobile,Land Mobile System - > 30MHz,2026-01-27,2026-01-27,2027-02-01,1,Granted,9772470,,,,
1938952/1,85149,3,304,Land Mobile,Land Mobile System - > 30MHz,2026-01-27,2026-01-27,2027-02-01,1,Granted,9772471,,,,
1938953/1,85149,3,304,Land Mobile,Land Mobile System - > 30MHz,2026-01-27,2026-01-27,2027-02-01,1,Granted,9772472,,,,
1938954/1,85149,3,304,Land Mobile,Land Mobile System - > 30MHz,2026-01-27,2026-01-27,2027-02-01,1,Granted,9772473,,,,
1938955/1,85149,3,304,Land Mobile,Land Mobile System - > 30MHz,2026-01-27,2026-01-27,2027-02-01,1,Granted,9772474,,,,
1938956/1,85149,3,304,Land Mobile,Land Mobile System - > 30MHz,2026-01-27,2026-01-27,2027-02-01,1,Granted,9772475,,,,
1938957/1,85149,3,304,Land Mobile,Land Mobile System - > 30MHz,2026-01-27,2026-01-27,2027-02-01,1,Granted,9772476,,,,
1938958/1,85149,3,304,Land Mobile,Land Mobile System - > 30MHz,2026-01-27,2026-01-27,2027-02-01,1,Granted,9772477,,,,
1938959/1,85149,3,304,Land Mobile,Land Mobile System - > 30MHz,2026-01-27,2026-01-27,2027-02-01,1,Granted,9772478,,,,
1938960/1,85149,3,304,Land Mobile,Land Mobile System - > 30MHz,2026-01-27,2026-01-27,2027-02-01,1,Granted,9772479,,,,
1938961/1,85149,3,304,Land Mobile,Land Mobile System - > 30MHz,2026-01-27,2026-01-27,2027-02-01,1,Granted,9772480,,,,
1938962/1,85149,3,304,Land Mobile,Land Mobile System - > 30MHz,2026-01-27,2026-01-27,2027-02-01,1,Granted,9772481,,,,
1938963/1,85149,3,304,Land Mobile,Land Mobile System - > 30MHz,2026-01-27,2026-01-27,2027-02-01,1,Granted,9772482,,,,
1938964/1,85149,3,304,Land Mobile,Land Mobile System - > 30MHz,2026-01-27,2026-01-27,2027-02-01,1,Granted,9772483,,,,
1938965/1,85149,3,304,Land Mobile,Land Mobile System - > 30MHz,2026-01-27,2026-01-27,2027-02-01,1,Granted,9772484,,,,
1938966/1,85149,3,304,Land Mobile,Land Mobile System - > 30MHz,2026-01-27,2026-01-27,2027-02-01,1,Granted,9772485,,,,
1938967/1,85149,3,304,Land Mobile,Land Mobile System - > 30MHz,2026-01-27,2026-01-27,2027-02-01,1,Granted,9772486,,,,
1938968/1,85149,3,304,Land Mobile,Land Mobile System - > 30MHz,2026-01-27,2026-01-27,2027-02-01,1,Granted,9772487,,,,
1938969/1,85149,3,304,Land Mobile,Land Mobile System - > 30MHz,2026-01-27,2026-01-27,2027-02-01,1,Granted,9772488,,,,
1938974/1,85149,3,304,Land Mobile,Land Mobile System - > 30MHz,2026-01-27,2026-01-27,2027-02-01,1,Granted,9772493,,,,
1938975/1,85149,3,304,Land Mobile,Land Mobile System - > 30MHz,2026-01-27,2026-01-27,2027-02-01,1,Granted,9772494,,,,
1938976/1,85149,3,304,Land Mobile,Land Mobile System - > 30MHz,2026-01-27,2026-01-27,2027-02-01,1,Granted,9772495,,,,
1938977/1,85149,3,304,Land Mobile,Land Mobile System - > 30MHz,2026-01-27,2026-01-27,2027-02-01,1,Granted,9772496,,,,
1938982/1,85149,3,304,Land Mobile,Land Mobile System - > 30MHz,2026-01-27,2026-01-27,2027-02-01,1,Granted,9772501,,,,
1938983/1,85149,3,304,Land Mobile,Land Mobile System - > 30MHz,2026-01-27,2026-01-27,2027-02-01,1,Granted,9772502,,,,
1938984/1,85149,3,304,Land Mobile,Land Mobile System - > 30MHz,2026-01-27,2026-01-27,2027-02-01,1,Granted,9772503,,,,
1938985/1,85149,3,304,Land Mobile,Land Mobile System - > 30MHz,2026-01-27,2026-01-27,2027-02-01,1,Granted,9772504,,,,
1938995/1,85149,3,304,Land Mobile,Land Mobile System - > 30MHz,2026-01-27,2026-01-27,2027-02-01,1,Granted,9772514,,,,
1938996/1,85149,3,304,Land Mobile,Land Mobile System - > 30MHz,2026-01-27,2026-01-27,2027-02-01,1,Granted,9772515,,,,
1938997/1,85149,3,304,Land Mobile,Land Mobile System - > 30MHz,2026-01-27,2026-01-27,2027-02-01,1,Granted,9772516,,,,
1938998/1,85149,3,304,Land Mobile,Land Mobile System - > 30MHz,2026-01-27,2026-01-27,2027-02-01,1,Granted,9772517,,,,
1938999/1,85149,3,304,Land Mobile,Land Mobile System - > 30MHz,2026-01-27,2026-01-27,2027-02-01,1,Granted,9772518,,,,
1939000/1,85149,3,304,Land Mobile,Land Mobile System - > 30MHz,2026-01-27,2026-01-27,2027-02-01,1,Granted,9772519,,,,
1939001/1,85149,3,304,Land Mobile,Land Mobile System - > 30MHz,2026-01-27,2026-01-27,2027-02-01,1,Granted,9772520,,,,
1939002/1,85149,3,304,Land Mobile,Land Mobile System - > 30MHz,2026-01-27,2026-01-27,2027-02-01,1,Granted,9772521,,,,
1939003/1,85149,3,304,Land Mobile,Land Mobile System - > 30MHz,2026-01-27,2026-01-27,2027-02-01,1,Granted,9772522,,,,
1939004/1,85149,3,304,Land Mobile,Land Mobile System - > 30MHz,2026-01-27,2026-01-27,2027-02-01,1,Granted,9772523,,,,
1939005/1,85149,3,304,Land Mobile,Land Mobile System - > 30MHz,2026-01-27,2026-01-27,2027-02-01,1,Granted,9772524,,,,
1939024/1,85149,3,304,Land Mobile,Land Mobile System - > 30MHz,2026-01-27,2026-01-27,2027-02-01,1,Granted,9772543,,,,
1939025/1,85149,3,304,Land Mobile,Land Mobile System - > 30MHz,2026-01-27,2026-01-27,2027-02-01,1,Granted,9772544,,,,
1939026/1,85149,3,304,Land Mobile,Land Mobile System - > 30MHz,2026-01-27,2026-01-27,2027-02-01,1,Granted,9772545,,,,
1939027/1,85149,3,304,Land Mobile,Land Mobile System - > 30MHz,2026-01-27,2026-01-27,2027-02-01,1,Granted,9772546,,,,
1939028/1,85149,3,304,Land Mobile,Land Mobile System - > 30MHz,2026-01-27,2026-01-27,2027-02-01,1,Granted,9772547,,,,
1939029/1,85149,3,304,Land Mobile,Land Mobile System - > 30MHz,2026-01-27,2026-01-27,2027-02-01,1,Granted,9772548,,,,
1939030/1,85149,3,304,Land Mobile,Land Mobile System - > 30MHz,2026-01-27,2026-01-27,2027-02-01,1,Granted,9772549,,,,
1939031/1,85149,3,304,Land Mobile,Land Mobile System - > 30MHz,2026-01-27,2026-01-27,2027-02-01,1,Granted,9772550,,,,
1939156/1,59938,5,501,Maritime Coast,Limited Coast Assigned System,2025-09-25,2025-09-25,2026-09-22,1,Granted,9852297,,,,
1939176/1,59938,5,501,Maritime Coast,Limited Coast Assigned System,2025-09-25,2025-09-25,2026-09-22,1,Granted,9852307,,,,
1939278/1,20053835,2,203,Fixed,Point to Point,2026-04-11,2026-04-11,2028-05-19,1,Granted,9727941,,,,
1939417/2,20040155,5,501,Maritime Coast,Limited Coast Assigned System,2026-07-07,2026-07-07,2027-08-16,1,Granted,10660725,,,,
1939418/2,20040155,5,501,Maritime Coast,Limited Coast Assigned System,2026-07-07,2026-07-07,2027-08-16,1,Granted,10660726,,,,
1940081/1,20004872,3,307,Land Mobile,Paging System - Exterior,2026-04-24,2026-04-24,2027-04-30,1,Granted,9772802,,,,
1940083/2,20004872,3,307,Land Mobile,Paging System - Exterior,2026-04-24,2026-04-24,2027-04-30,1,Granted,12818281,20011258_GD1552,,,
1940924/1,20053835,2,203,Fixed,Point to Point,2026-04-11,2026-04-11,2028-05-19,1,Granted,9728657,,,,
1940966/1,510769,2,203,Fixed,Point to Point,2026-08-27,2026-08-27,2027-09-30,1,Granted,9848359,,,,
1940982/2,1144661,2,203,Fixed,Point to Point,2026-08-04,2026-08-04,2027-09-11,1,Granted,10091400,,,,
1940983/2,1144661,2,203,Fixed,Point to Point,2026-08-04,2026-08-04,2027-09-11,1,Granted,10091401,,,,
1941476/1,85149,2,203,Fixed,Point to Point,2026-01-27,2026-01-27,2027-02-01,1,Granted,9728917,,,,
1941477/1,85149,2,203,Fixed,Point to Point,2026-01-27,2026-01-27,2027-02-01,1,Granted,9728919,,,,
1941912/1,20004872,3,307,Land Mobile,Paging System - Exterior,2026-04-24,2026-04-24,2027-04-30,1,Granted,9773225,,,,
1943292/1,1147602,3,304,Land Mobile,Land Mobile System - > 30MHz,2026-06-07,2026-06-07,2027-07-17,1,Granted,9773695,,,,
1943308/1,1147602,3,304,Land Mobile,Land Mobile System - > 30MHz,2026-06-07,2026-06-07,2027-07-17,1,Granted,9773709,,,,
1943309/1,1147602,3,304,Land Mobile,Land Mobile System - > 30MHz,2026-06-07,2026-06-07,2027-07-17,1,Granted,9773710,,,,
1943310/1,1147602,3,304,Land Mobile,Land Mobile System - > 30MHz,2026-06-07,2026-06-07,2027-07-17,1,Granted,9773711,,,,
1943318/1,1147602,3,304,Land Mobile,Land Mobile System - > 30MHz,2026-06-07,2026-06-07,2027-07-17,1,Granted,9773715,,,,
1943319/1,1147602,3,304,Land Mobile,Land Mobile System - > 30MHz,2026-06-07,2026-06-07,2027-07-17,1,Granted,9773716,,,,
1943320/1,1147602,3,304,Land Mobile,Land Mobile System - > 30MHz,2026-06-07,2026-06-07,2027-07-17,1,Granted,9773717,,,,
1943321/1,1147602,3,304,Land Mobile,Land Mobile System - > 30MHz,2026-06-07,2026-06-07,2027-07-17,1,Granted,9773718,,,,
1943322/1,1147602,3,304,Land Mobile,Land Mobile System - > 30MHz,2026-06-07,2026-06-07,2027-07-17,1,Granted,9773719,,,,
1943323/1,1147602,3,304,Land Mobile,Land Mobile System - > 30MHz,2026-06-07,2026-06-07,2027-07-17,1,Granted,9773720,,,,
1943336/1,1147602,3,304,Land Mobile,Land Mobile System - > 30MHz,2026-06-07,2026-06-07,2027-07-17,1,Granted,9773733,,,,
1943337/1,1147602,3,304,Land Mobile,Land Mobile System - > 30MHz,2026-06-07,2026-06-07,2027-07-17,1,Granted,9773734,,,,
1943338/1,1147602,3,304,Land Mobile,Land Mobile System - > 30MHz,2026-06-07,2026-06-07,2027-07-17,1,Granted,9773735,,,,
1943398/1,1144665,3,304,Land Mobile,Land Mobile System - > 30MHz,2025-06-25,2025-06-25,2026-06-30,10,Expired,9773752,,,,
1943399/1,1144665,3,304,Land Mobile,Land Mobile System - > 30MHz,2025-06-25,2025-06-25,2026-06-30,10,Expired,9773753,,,,
1943552/1,1142834,3,304,Land Mobile,Land Mobile System - > 30MHz,2025-09-12,2025-09-12,2026-10-19,1,Granted,9773784,,,,
1943625/1,85149,3,304,Land Mobile,Land Mobile System - > 30MHz,2026-01-27,2026-01-27,2027-02-01,1,Granted,9773822,,,,
1943626/1,85149,3,304,Land Mobile,Land Mobile System - > 30MHz,2026-01-27,2026-01-27,2027-02-01,1,Granted,9773823,,,,
1943627/1,85149,3,304,Land Mobile,Land Mobile System - > 30MHz,2026-01-28,2026-01-28,2027-02-01,1,Granted,9773824,,,,
1943628/1,85149,3,304,Land Mobile,Land Mobile System - > 30MHz,2026-01-27,2026-01-27,2027-02-01,1,Granted,9773825,,,,
1943629/1,85149,3,304,Land Mobile,Land Mobile System - > 30MHz,2026-01-27,2026-01-27,2027-02-01,1,Granted,9773826,,,,
1943635/1,85149,3,304,Land Mobile,Land Mobile System - > 30MHz,2026-01-27,2026-01-27,2027-02-01,1,Granted,9773832,,,,
1943636/1,85149,3,304,Land Mobile,Land Mobile System - > 30MHz,2026-01-27,2026-01-27,2027-02-01,1,Granted,9773833,,,,
1943637/1,85149,3,304,Land Mobile,Land Mobile System - > 30MHz,2026-01-27,2026-01-27,2027-02-01,1,Granted,9773834,,,,
1943638/1,85149,3,304,Land Mobile,Land Mobile System - > 30MHz,2026-01-27,2026-01-27,2027-02-01,1,Granted,9773835,,,,
1943639/1,85149,3,304,Land Mobile,Land Mobile System - > 30MHz,2026-01-27,2026-01-27,2027-02-01,1,Granted,9773836,,,,
1943640/1,85149,3,304,Land Mobile,Land Mobile System - > 30MHz,2026-01-27,2026-01-27,2027-02-01,1,Granted,9773837,,,,
1943641/1,85149,3,304,Land Mobile,Land Mobile System - > 30MHz,2026-01-27,2026-01-27,2027-02-01,1,Granted,9773838,,,,
1943642/1,85149,3,304,Land Mobile,Land Mobile System - > 30MHz,2026-01-27,2026-01-27,2027-02-01,1,Granted,9773839,,,,
1943643/1,85149,3,304,Land Mobile,Land Mobile System - > 30MHz,2026-01-27,2026-01-27,2027-02-01,1,Granted,9773840,,,,
1943644/1,85149,3,304,Land Mobile,Land Mobile System - > 30MHz,2026-01-27,2026-01-27,2027-02-01,1,Granted,9773841,,,,
1943645/1,85149,3,304,Land Mobile,Land Mobile System - > 30MHz,2026-01-27,2026-01-27,2027-02-01,1,Granted,9773842,,,,
1943646/1,85149,3,304,Land Mobile,Land Mobile System - > 30MHz,2026-01-27,2026-01-27,2027-02-01,1,Granted,9773843,,,,
1943647/1,85149,3,304,Land Mobile,Land Mobile System - > 30MHz,2026-01-27,2026-01-27,2027-02-01,1,Granted,9773844,,,,
1943648/1,85149,3,304,Land Mobile,Land Mobile System - > 30MHz,2026-01-27,2026-01-27,2027-02-01,1,Granted,9773845,,,,
1943649/1,85149,3,304,Land Mobile,Land Mobile System - > 30MHz,2026-01-27,2026-01-27,2027-02-01,1,Granted,9773846,,,,
1943650/1,85149,3,304,Land Mobile,Land Mobile System - > 30MHz,2026-01-27,2026-01-27,2027-02-01,1,Granted,9773847,,,,
1943651/1,85149,3,304,Land Mobile,Land Mobile System - > 30MHz,2026-01-27,2026-01-27,2027-02-01,1,Granted,9773848,,,,
1943652/1,85149,3,304,Land Mobile,Land Mobile System - > 30MHz,2026-01-27,2026-01-27,2027-02-01,1,Granted,9773849,,,,
1943653/1,85149,3,304,Land Mobile,Land Mobile System - > 30MHz,2026-01-27,2026-01-27,2027-02-01,1,Granted,9773850,,,,
1943654/1,85149,3,304,Land Mobile,Land Mobile System - > 30MHz,2026-01-27,2026-01-27,2027-02-01,1,Granted,9773851,,,,
1943655/1,85149,3,304,Land Mobile,Land Mobile System - > 30MHz,2026-01-27,2026-01-27,2027-02-01,1,Granted,9773852,,,,
1943656/1,85149,3,304,Land Mobile,Land Mobile System - > 30MHz,2026-01-27,2026-01-27,2027-02-01,1,Granted,9773853,,,,
1943657/1,85149,3,304,Land Mobile,Land Mobile System - > 30MHz,2026-01-27,2026-01-27,2027-02-01,1,Granted,9773854,,,,
1943658/1,85149,3,304,Land Mobile,Land Mobile System - > 30MHz,2026-01-27,2026-01-27,2027-02-01,1,Granted,9773855,,,,
1943659/1,85149,3,304,Land Mobile,Land Mobile System - > 30MHz,2026-01-27,2026-01-27,2027-02-01,1,Granted,9773856,,,,
1943660/1,85149,3,304,Land Mobile,Land Mobile System - > 30MHz,2026-01-27,2026-01-27,2027-02-01,1,Granted,9773857,,,,
1943661/1,85149,3,304,Land Mobile,Land Mobile System - > 30MHz,2026-01-27,2026-01-27,2027-02-01,1,Granted,9773858,,,,
1943666/1,85149,3,304,Land Mobile,Land Mobile System - > 30MHz,2026-01-27,2026-01-27,2027-02-01,1,Granted,9773863,,,,
1943667/1,85149,3,304,Land Mobile,Land Mobile System - > 30MHz,2026-01-27,2026-01-27,2027-02-01,1,Granted,9773864,,,,
1943668/1,85149,3,304,Land Mobile,Land Mobile System - > 30MHz,2026-01-27,2026-01-27,2027-02-01,1,Granted,9773865,,,,
1943669/1,85149,3,304,Land Mobile,Land Mobile System - > 30MHz,2026-01-27,2026-01-27,2027-02-01,1,Granted,9773866,,,,
1943670/1,85149,3,304,Land Mobile,Land Mobile System - > 30MHz,2026-01-27,2026-01-27,2027-02-01,1,Granted,9773867,,,,
1943671/1,85149,3,304,Land Mobile,Land Mobile System - > 30MHz,2026-01-27,2026-01-27,2027-02-01,1,Granted,9773868,,,,
1943672/1,85149,3,304,Land Mobile,Land Mobile System - > 30MHz,2026-01-27,2026-01-27,2027-02-01,1,Granted,9773869,,,,
1943673/1,85149,3,304,Land Mobile,Land Mobile System - > 30MHz,2026-01-27,2026-01-27,2027-02-01,1,Granted,9773870,,,,
1943674/1,85149,3,304,Land Mobile,Land Mobile System - > 30MHz,2026-01-27,2026-01-27,2027-02-01,1,Granted,9773871,,,,
1943675/2,85149,3,304,Land Mobile,Land Mobile System - > 30MHz,2026-01-27,2026-01-27,2027-02-01,1,Granted,11293698,1148302_App_Sub_007163,,,
1943676/2,85149,3,304,Land Mobile,Land Mobile System - > 30MHz,2026-01-27,2026-01-27,2027-02-01,1,Granted,11293699,1148302_App_Sub_007163,,,
1943677/2,85149,3,304,Land Mobile,Land Mobile System - > 30MHz,2026-01-27,2026-01-27,2027-02-01,1,Granted,11293700,1148302_App_Sub_007163,,,
1943678/2,85149,3,304,Land Mobile,Land Mobile System - > 30MHz,2026-01-27,2026-01-27,2027-02-01,1,Granted,11293701,1148302_App_Sub_007163,,,
1943679/2,85149,3,304,Land Mobile,Land Mobile System - > 30MHz,2026-01-27,2026-01-27,2027-02-01,1,Granted,11293702,1148302_App_Sub_007163,,,
1943680/2,85149,3,304,Land Mobile,Land Mobile System - > 30MHz,2026-01-27,2026-01-27,2027-02-01,1,Granted,11293703,1148302_App_Sub_007163,,,
1943681/2,85149,3,304,Land Mobile,Land Mobile System - > 30MHz,2026-01-27,2026-01-27,2027-02-01,1,Granted,11293704,1148302_App_Sub_007163,,,
1943682/2,85149,3,304,Land Mobile,Land Mobile System - > 30MHz,2026-01-27,2026-01-27,2027-02-01,1,Granted,11293705,1148302_App_Sub_007163,,,
1943683/2,85149,3,304,Land Mobile,Land Mobile System - > 30MHz,2026-01-27,2026-01-27,2027-02-01,1,Granted,11293706,1148302_App_Sub_007163,,,
1943684/2,85149,3,304,Land Mobile,Land Mobile System - > 30MHz,2026-01-27,2026-01-27,2027-02-01,1,Granted,11293707,1148302_App_Sub_007163,,,
1943685/1,85149,3,304,Land Mobile,Land Mobile System - > 30MHz,2026-01-27,2026-01-27,2027-02-01,1,Granted,9773882,,,,
1943686/1,85149,3,304,Land Mobile,Land Mobile System - > 30MHz,2026-01-27,2026-01-27,2027-02-01,1,Granted,9773883,,,,
1943687/1,85149,3,304,Land Mobile,Land Mobile System - > 30MHz,2026-01-27,2026-01-27,2027-02-01,1,Granted,9773884,,,,
1943688/1,85149,3,304,Land Mobile,Land Mobile System - > 30MHz,2026-01-27,2026-01-27,2027-02-01,1,Granted,9773885,,,,
1943689/1,85149,3,304,Land Mobile,Land Mobile System - > 30MHz,2026-01-27,2026-01-27,2027-02-01,1,Granted,9773886,,,,
1943690/2,85149,3,304,Land Mobile,Land Mobile System - > 30MHz,2026-01-27,2026-01-27,2027-02-01,1,Granted,11293708,1148302_App_Sub_007163,,,
1943691/2,85149,3,304,Land Mobile,Land Mobile System - > 30MHz,2026-01-27,2026-01-27,2027-02-01,1,Granted,11293709,1148302_App_Sub_007163,,,
1943692/2,85149,3,304,Land Mobile,Land Mobile System - > 30MHz,2026-01-27,2026-01-27,2027-02-01,1,Granted,11293710,1148302_App_Sub_007163,,,
1943693/2,85149,3,304,Land Mobile,Land Mobile System - > 30MHz,2026-01-27,2026-01-27,2027-02-01,1,Granted,11293711,1148302_App_Sub_007163,,,
1943694/2,85149,3,304,Land Mobile,Land Mobile System - > 30MHz,2026-01-27,2026-01-27,2027-02-01,1,Granted,11293712,1148302_App_Sub_007163,,,
1943700/1,85149,3,304,Land Mobile,Land Mobile System - > 30MHz,2026-01-27,2026-01-27,2027-02-01,1,Granted,9773897,,,,
1943701/1,85149,3,304,Land Mobile,Land Mobile System - > 30MHz,2026-01-27,2026-01-27,2027-02-01,1,Granted,9773898,,,,
1943702/1,85149,3,304,Land Mobile,Land Mobile System - > 30MHz,2026-01-27,2026-01-27,2027-02-01,1,Granted,9773899,,,,
1943703/1,85149,3,304,Land Mobile,Land Mobile System - > 30MHz,2026-01-27,2026-01-27,2027-02-01,1,Granted,9773900,,,,
1943704/1,85149,3,304,Land Mobile,Land Mobile System - > 30MHz,2026-01-27,2026-01-27,2027-02-01,1,Granted,9773901,,,,
1943705/1,85149,3,304,Land Mobile,Land Mobile System - > 30MHz,2026-01-27,2026-01-27,2027-02-01,1,Granted,9773902,,,,
1943706/1,85149,3,304,Land Mobile,Land Mobile System - > 30MHz,2026-01-27,2026-01-27,2027-02-01,1,Granted,9773903,,,,
1943707/1,85149,3,304,Land Mobile,Land Mobile System - > 30MHz,2026-01-27,2026-01-27,2027-02-01,1,Granted,9773904,,,,
1943708/1,85149,3,304,Land Mobile,Land Mobile System - > 30MHz,2026-01-27,2026-01-27,2027-02-01,1,Granted,9773905,,,,
1943709/1,85149,3,304,Land Mobile,Land Mobile System - > 30MHz,2026-01-27,2026-01-27,2027-02-01,1,Granted,9773906,,,,
1943710/1,85149,3,304,Land Mobile,Land Mobile System - > 30MHz,2026-01-27,2026-01-27,2027-02-01,1,Granted,9773907,,,,
1943711/1,85149,3,304,Land Mobile,Land Mobile System - > 30MHz,2026-01-27,2026-01-27,2027-02-01,1,Granted,9773908,,,,
1943712/1,85149,3,304,Land Mobile,Land Mobile System - > 30MHz,2026-01-27,2026-01-27,2027-02-01,1,Granted,9773909,,,,
1943713/1,85149,3,304,Land Mobile,Land Mobile System - > 30MHz,2026-01-27,2026-01-27,2027-02-01,1,Granted,9773910,,,,
1943714/1,85149,3,304,Land Mobile,Land Mobile System - > 30MHz,2026-01-27,2026-01-27,2027-02-01,1,Granted,9773911,,,,
1943715/1,85149,3,304,Land Mobile,Land Mobile System - > 30MHz,2026-01-27,2026-01-27,2027-02-01,1,Granted,9773912,,,,
1943716/2,85149,3,304,Land Mobile,Land Mobile System - > 30MHz,2026-01-27,2026-01-27,2027-02-01,1,Granted,11293713,1148302_App_Sub_007163,,,
1943717/2,85149,3,304,Land Mobile,Land Mobile System - > 30MHz,2026-01-27,2026-01-27,2027-02-01,1,Granted,11293714,1148302_App_Sub_007163,,,
1943718/2,85149,3,304,Land Mobile,Land Mobile System - > 30MHz,2026-01-27,2026-01-27,2027-02-01,1,Granted,11293715,1148302_App_Sub_007163,,,
1943719/2,85149,3,304,Land Mobile,Land Mobile System - > 30MHz,2026-01-27,2026-01-27,2027-02-01,1,Granted,11293716,1148302_App_Sub_007163,,,
1943720/2,85149,3,304,Land Mobile,Land Mobile System - > 30MHz,2026-01-27,2026-01-27,2027-02-01,1,Granted,11293717,1148302_App_Sub_007163,,,
1943721/2,85149,3,304,Land Mobile,Land Mobile System - > 30MHz,2026-01-28,2026-01-28,2027-02-01,1,Granted,11293718,1148302_App_Sub_007163,,,
1943722/2,85149,3,304,Land Mobile,Land Mobile System - > 30MHz,2026-01-27,2026-01-27,2027-02-01,1,Granted,11293719,1148302_App_Sub_007163,,,
1943723/2,85149,3,304,Land Mobile,Land Mobile System - > 30MHz,2026-01-27,2026-01-27,2027-02-01,1,Granted,11293720,1148302_App_Sub_007163,,,
1943724/2,85149,3,304,Land Mobile,Land Mobile System - > 30MHz,2026-01-27,2026-01-27,2027-02-01,1,Granted,11293721,1148302_App_Sub_007163,,,
1943725/1,85149,3,304,Land Mobile,Land Mobile System - > 30MHz,2026-01-27,2026-01-27,2027-02-01,1,Granted,9773922,,,,
1943726/1,85149,3,304,Land Mobile,Land Mobile System - > 30MHz,2026-01-27,2026-01-27,2027-02-01,1,Granted,9773923,,,,
1943727/1,85149,3,304,Land Mobile,Land Mobile System - > 30MHz,2026-01-27,2026-01-27,2027-02-01,1,Granted,9773924,,,,
1943728/1,85149,3,304,Land Mobile,Land Mobile System - > 30MHz,2026-01-27,2026-01-27,2027-02-01,1,Granted,9773925,,,,
1943729/1,85149,3,304,Land Mobile,Land Mobile System - > 30MHz,2026-01-27,2026-01-27,2027-02-01,1,Granted,9773926,,,,
1943730/2,85149,3,304,Land Mobile,Land Mobile System - > 30MHz,2026-01-27,2026-01-27,2027-02-01,1,Granted,12337097,20056206_App_Sub_012249,,,
1943731/2,85149,3,304,Land Mobile,Land Mobile System - > 30MHz,2026-01-27,2026-01-27,2027-02-01,1,Granted,12337098,20056206_App_Sub_012249,,,
1943732/2,85149,3,304,Land Mobile,Land Mobile System - > 30MHz,2026-01-27,2026-01-27,2027-02-01,1,Granted,12337099,20056206_App_Sub_012249,,,
1943733/2,85149,3,304,Land Mobile,Land Mobile System - > 30MHz,2026-01-27,2026-01-27,2027-02-01,1,Granted,12337100,20056206_App_Sub_012249,,,
1943780/1,51411,5,501,Maritime Coast,Limited Coast Assigned System,2026-05-21,2026-05-21,2027-06-30,1,Granted,9646168,,,,
1944329/1,77129,6,602,Amateur,Amateur Repeater,2025-11-18,2025-11-18,2026-12-21,1,Granted,9660898,,,,
1944498/1,1423905,3,304,Land Mobile,Land Mobile System - > 30MHz,2025-09-30,2025-09-30,2026-10-11,1,Granted,9840199,,,,
1944528/1,1144303,3,304,Land Mobile,Land Mobile System - > 30MHz,2026-03-04,2026-03-04,2027-04-13,1,Granted,9774163,,,,
1946312/2,521072,2,203,Fixed,Point to Point,2025-08-29,2025-08-29,2026-09-30,1,Granted,10141810,1143026_QES464_3-4,,,
1946812/1,58050,2,203,Fixed,Point to Point,2026-04-20,2026-04-20,2027-05-04,1,Granted,9730830,,,,
1948410/1,1144572,2,200,Fixed,Point to Multipoint,2025-05-02,2025-05-02,2027-04-08,1,Granted,9731402,,,,
1948442/1,1424647,3,304,Land Mobile,Land Mobile System - > 30MHz,2026-04-20,2026-04-20,2027-04-22,1,Granted,9775252,,,,
1948443/1,1424647,3,304,Land Mobile,Land Mobile System - > 30MHz,2026-04-20,2026-04-20,2027-04-22,1,Granted,9775253,,,,
1948444/1,1424647,3,304,Land Mobile,Land Mobile System - > 30MHz,2026-04-20,2026-04-20,2027-04-22,1,Granted,9775254,,,,
1948463/1,5832,3,307,Land Mobile,Paging System - Exterior,2026-05-20,2026-05-20,2027-06-29,1,Granted,9775261,,,,
1948611/2,59938,5,501,Maritime Coast,Limited Coast Assigned System,2025-09-25,2025-09-25,2026-09-22,1,Granted,10430133,20011258_MSQ09_2,,,
1948612/1,59938,5,501,Maritime Coast,Limited Coast Assigned System,2025-09-25,2025-09-25,2026-09-22,1,Granted,9852325,,,,
1948613/1,59938,5,501,Maritime Coast,Limited Coast Assigned System,2025-09-25,2025-09-25,2026-09-22,1,Granted,9852326,,,,
1948879/1,84001,3,304,Land Mobile,Land Mobile System - > 30MHz,2025-11-21,2025-11-21,2026-12-31,1,Granted,9775355,,,,
1949862/1,20053835,2,203,Fixed,Point to Point,2026-04-11,2026-04-11,2028-05-19,1,Granted,9731887,,,,
1951315/1,1144661,3,304,Land Mobile,Land Mobile System - > 30MHz,2026-08-04,2026-08-04,2027-08-28,1,Granted,9776460,,,,
1953818/1,56398,3,304,Land Mobile,Land Mobile System - > 30MHz,2025-11-26,2025-11-26,2026-12-11,1,Granted,9777172,,,,
1953982/2,20029474,2,203,Fixed,Point to Point,2025-12-09,2025-12-09,2026-11-06,1,Granted,12078900,,,,
1954825/1,1213409,1,116,Broadcasting,Retransmission,2022-09-17,2022-09-17,2027-09-18,1,Granted,10016106,,,,
1954826/1,1213409,1,116,Broadcasting,Retransmission,2022-09-17,2022-09-17,2027-09-18,1,Granted,10016107,,,,
1954827/1,1213409,1,116,Broadcasting,Retransmission,2022-09-17,2022-09-17,2027-09-18,1,Granted,10016108,,,,
1954828/1,1213409,1,116,Broadcasting,Retransmission,2022-09-17,2022-09-17,2027-09-18,1,Granted,10016109,,,,
1954829/1,1213409,1,116,Broadcasting,Retransmission,2022-09-17,2022-09-17,2027-09-18,1,Granted,10016110,,,,
1954974/1,50967,5,501,Maritime Coast,Limited Coast Assigned System,2026-05-21,2026-05-21,2027-06-30,1,Granted,9646530,,,,
1955328/1,119707,5,501,Maritime Coast,Limited Coast Assigned System,2026-06-23,2026-06-23,2027-06-30,1,Granted,9646537,,,,
1955452/1,53733,6,601,Amateur,Amateur Beacon,2025-10-07,2025-10-07,2026-10-25,1,Granted,9661335,,,,
1955469/1,1144303,3,304,Land Mobile,Land Mobile System - > 30MHz,2026-03-04,2026-03-04,2027-04-13,1,Granted,9777611,,,,
1957721/1,1147602,5,501,Maritime Coast,Limited Coast Assigned System,2026-06-07,2026-06-07,2027-07-17,1,Granted,9646630,,,,
1957749/1,1144303,3,304,Land Mobile,Land Mobile System - > 30MHz,2026-03-04,2026-03-04,2027-04-13,1,Granted,9778284,,,,
1958004/1,105056,3,304,Land Mobile,Land Mobile System - > 30MHz,2026-02-24,2026-02-24,2027-01-15,1,Granted,9778354,,,,
1958413/2,20060946,5,501,Maritime Coast,Limited Coast Assigned System,2025-08-31,2025-08-31,2026-10-10,1,Granted,9849041,,,,
1958414/2,20060946,5,501,Maritime Coast,Limited Coast Assigned System,2025-08-31,2025-08-31,2026-10-10,1,Granted,9849042,,,,
1958702/8,8129031,2,203,Fixed,Point to Point,2026-04-22,2026-04-22,2027-05-31,1,Granted,12308210,20056206_App_Sub_012121,,,
1958703/7,8129031,2,203,Fixed,Point to Point,2026-04-22,2026-04-22,2027-05-31,1,Granted,12308211,20056206_App_Sub_012121,,,
1959584/1,20004872,3,307,Land Mobile,Paging System - Exterior,2026-04-24,2026-04-24,2027-04-30,1,Granted,9778772,,,,
1959585/1,20004872,3,307,Land Mobile,Paging System - Exterior,2026-04-24,2026-04-24,2027-04-30,1,Granted,9778773,,,,
1959934/1,58050,2,203,Fixed,Point to Point,2026-04-20,2026-04-20,2027-05-04,1,Granted,9735779,,,,
1960094/1,1137920,1,107,Broadcasting,National Broadcasting,2025-10-22,2025-10-22,2026-11-30,1,Granted,10016406,,,,
1960782/2,20029474,2,203,Fixed,Point to Point,2026-05-28,2026-05-28,2027-03-26,1,Granted,12078902,,,,
1961253/1,58050,2,203,Fixed,Point to Point,2026-04-20,2026-04-20,2027-05-04,1,Granted,9736470,,,,
1961254/1,58050,2,203,Fixed,Point to Point,2026-04-20,2026-04-20,2027-05-04,1,Granted,9736472,,,,
1961255/1,58050,2,203,Fixed,Point to Point,2026-04-20,2026-04-20,2027-05-04,1,Granted,9736474,,,,
1961258/1,58050,2,203,Fixed,Point to Point,2026-04-20,2026-04-20,2027-05-04,1,Granted,9736481,,,,
1961259/2,58050,2,203,Fixed,Point to Point,2026-04-20,2026-04-20,2027-05-04,1,Granted,10952951,20016317_JSMFAC6713,,,
1961260/1,58050,2,203,Fixed,Point to Point,2026-04-20,2026-04-20,2027-05-04,1,Granted,9736485,,,,
1961263/1,58050,2,203,Fixed,Point to Point,2026-04-20,2026-04-20,2027-05-04,1,Granted,9736494,,,,
1961266/1,58050,2,203,Fixed,Point to Point,2026-04-20,2026-04-20,2027-05-04,1,Granted,9736501,,,,
1961267/1,58050,2,203,Fixed,Point to Point,2026-04-20,2026-04-20,2027-05-04,1,Granted,9736503,,,,
1961891/2,20005946,3,304,Land Mobile,Land Mobile System - > 30MHz,2026-06-24,2026-06-24,2027-07-19,1,Granted,10547781,20025735_180603,,,
1962422/2,20062681,2,203,Fixed,Point to Point,2026-06-21,2026-06-21,2027-07-31,1,Granted,12884129,,,,
1963236/1,521072,2,203,Fixed,Point to Point,2025-08-29,2025-08-29,2026-09-30,1,Granted,9863085,,,,
1963237/2,521072,2,203,Fixed,Point to Point,2025-08-29,2025-08-29,2026-09-30,1,Granted,10141813,1143026_QES464_4-4,,,
1964500/1,1147602,5,501,Maritime Coast,Limited Coast Assigned System,2026-06-07,2026-06-07,2027-07-17,1,Granted,9647323,,,,
1964510/1,1147602,5,501,Maritime Coast,Limited Coast Assigned System,2026-06-07,2026-06-07,2027-07-17,1,Granted,9647345,,,,
1964536/1,1147602,5,501,Maritime Coast,Limited Coast Assigned System,2026-06-07,2026-06-07,2027-07-17,1,Granted,9647353,,,,
1964544/1,1147602,5,501,Maritime Coast,Limited Coast Assigned System,2026-06-07,2026-06-07,2027-07-17,1,Granted,9647388,,,,
1964754/1,55679,2,200,Fixed,Point to Multipoint,2026-01-29,2026-01-29,2027-02-25,1,Granted,9738143,,,,
1965851/1,1401916,2,203,Fixed,Point to Point,2026-08-24,2026-08-24,2027-09-30,1,Granted,9807366,,,,
1966183/2,58075,3,304,Land Mobile,Land Mobile System - > 30MHz,2026-04-14,2026-04-14,2027-04-14,1,Granted,9993396,,,,
1967072/1,1401916,2,203,Fixed,Point to Point,2026-08-24,2026-08-24,2027-09-30,1,Granted,9807367,,,,
1967745/1,1448525,3,304,Land Mobile,Land Mobile System - > 30MHz,2026-08-16,2026-08-16,2027-09-12,1,Granted,9817537,,,,
1967746/1,1448525,3,304,Land Mobile,Land Mobile System - > 30MHz,2026-08-16,2026-08-16,2027-09-12,1,Granted,9817538,,,,
1967747/1,1448525,3,304,Land Mobile,Land Mobile System - > 30MHz,2026-08-16,2026-08-16,2027-09-12,1,Granted,9817539,,,,
1967748/1,1448525,3,304,Land Mobile,Land Mobile System - > 30MHz,2026-08-16,2026-08-16,2027-09-12,1,Granted,9817540,,,,
1967749/1,1448525,3,304,Land Mobile,Land Mobile System - > 30MHz,2026-08-16,2026-08-16,2027-09-12,1,Granted,9817541,,,,
1967750/1,1448525,3,304,Land Mobile,Land Mobile System - > 30MHz,2026-08-16,2026-08-16,2027-09-12,1,Granted,9817542,,,,
1967751/1,1448525,3,304,Land Mobile,Land Mobile System - > 30MHz,2026-08-16,2026-08-16,2027-09-12,1,Granted,9817543,,,,
1967752/1,1448525,3,304,Land Mobile,Land Mobile System - > 30MHz,2026-08-16,2026-08-16,2027-09-12,1,Granted,9817544,,,,
1967753/1,1448525,3,304,Land Mobile,Land Mobile System - > 30MHz,2026-08-16,2026-08-16,2027-09-12,1,Granted,9817545,,,,
1967754/1,1448525,3,304,Land Mobile,Land Mobile System - > 30MHz,2026-08-16,2026-08-16,2027-09-12,1,Granted,9817546,,,,
1967755/1,1448525,3,304,Land Mobile,Land Mobile System - > 30MHz,2026-08-16,2026-08-16,2027-09-12,1,Granted,9817547,,,,
1967756/1,1448525,3,304,Land Mobile,Land Mobile System - > 30MHz,2026-08-16,2026-08-16,2027-09-12,1,Granted,9817548,,,,
1967757/1,1448525,3,304,Land Mobile,Land Mobile System - > 30MHz,2026-08-16,2026-08-16,2027-09-12,1,Granted,9817549,,,,
1967758/1,1448525,3,304,Land Mobile,Land Mobile System - > 30MHz,2026-08-16,2026-08-16,2027-09-12,1,Granted,9817550,,,,
1967759/1,1448525,3,304,Land Mobile,Land Mobile System - > 30MHz,2026-08-16,2026-08-16,2027-09-12,1,Granted,9817551,,,,
1967957/1,71963,3,304,Land Mobile,Land Mobile System - > 30MHz,2026-08-16,2026-08-16,2027-08-24,1,Granted,9856542,,,,
1968703/2,20065019,3,304,Land Mobile,Land Mobile System - > 30MHz,2025-09-11,2025-09-11,2026-09-30,1,Granted,12880336,,,,
1968726/1,85149,3,304,Land Mobile,Land Mobile System - > 30MHz,2026-01-27,2026-01-27,2027-02-01,1,Granted,9781949,,,,
1968727/1,85149,3,304,Land Mobile,Land Mobile System - > 30MHz,2026-01-27,2026-01-27,2027-02-01,1,Granted,9781950,,,,
1968728/1,85149,3,304,Land Mobile,Land Mobile System - > 30MHz,2026-01-28,2026-01-28,2027-02-01,1,Granted,9781951,,,,
1968729/1,85149,3,304,Land Mobile,Land Mobile System - > 30MHz,2026-01-27,2026-01-27,2027-02-01,1,Granted,9781952,,,,
1968730/1,85149,3,304,Land Mobile,Land Mobile System - > 30MHz,2026-01-27,2026-01-27,2027-02-01,1,Granted,9781953,,,,
1968731/1,85149,3,304,Land Mobile,Land Mobile System - > 30MHz,2026-01-27,2026-01-27,2027-02-01,1,Granted,9781954,,,,
1968732/1,85149,3,304,Land Mobile,Land Mobile System - > 30MHz,2026-01-27,2026-01-27,2027-02-01,1,Granted,9781955,,,,
1968733/1,85149,3,304,Land Mobile,Land Mobile System - > 30MHz,2026-01-27,2026-01-27,2027-02-01,1,Granted,9781956,,,,
1968734/1,85149,3,304,Land Mobile,Land Mobile System - > 30MHz,2026-01-27,2026-01-27,2027-02-01,1,Granted,9781957,,,,
1968735/1,85149,3,304,Land Mobile,Land Mobile System - > 30MHz,2026-01-27,2026-01-27,2027-02-01,1,Granted,9781958,,,,
1968736/2,85149,3,304,Land Mobile,Land Mobile System - > 30MHz,2026-01-27,2026-01-27,2027-02-01,1,Granted,11293722,1148302_App_Sub_007163,,,
1968737/2,85149,3,304,Land Mobile,Land Mobile System - > 30MHz,2026-01-27,2026-01-27,2027-02-01,1,Granted,11293723,1148302_App_Sub_007163,,,
1968738/2,85149,3,304,Land Mobile,Land Mobile System - > 30MHz,2026-01-27,2026-01-27,2027-02-01,1,Granted,11293724,1148302_App_Sub_007163,,,
1968739/2,85149,3,304,Land Mobile,Land Mobile System - > 30MHz,2026-01-27,2026-01-27,2027-02-01,1,Granted,11293725,1148302_App_Sub_007163,,,
1968740/2,85149,3,304,Land Mobile,Land Mobile System - > 30MHz,2026-01-27,2026-01-27,2027-02-01,1,Granted,11293726,1148302_App_Sub_007163,,,
1968741/2,85149,3,304,Land Mobile,Land Mobile System - > 30MHz,2026-01-27,2026-01-27,2027-02-01,1,Granted,11293727,1148302_App_Sub_007163,,,
1968742/2,85149,3,304,Land Mobile,Land Mobile System - > 30MHz,2026-01-27,2026-01-27,2027-02-01,1,Granted,11293728,1148302_App_Sub_007163,,,
1968743/2,85149,3,304,Land Mobile,Land Mobile System - > 30MHz,2026-01-28,2026-01-28,2027-02-01,1,Granted,11293729,1148302_App_Sub_007163,,,
1968886/1,20053835,2,203,Fixed,Point to Point,2026-04-11,2026-04-11,2028-05-19,1,Granted,9740115,,,,
1969606/1,48609,3,308,Land Mobile,Paging System - Interior,2026-08-31,2026-08-31,2027-09-08,1,Granted,9812175,,,,
1969961/1,1144665,3,304,Land Mobile,Land Mobile System - > 30MHz,2025-06-25,2025-06-25,2026-06-30,10,Expired,9782342,,,,
1969962/1,1144665,3,304,Land Mobile,Land Mobile System - > 30MHz,2025-06-25,2025-06-25,2026-06-30,10,Expired,9782343,,,,
1970331/1,62687,3,303,Land Mobile,CBRS Repeater,2026-01-13,2026-01-13,2027-09-07,1,Granted,9782481,,,,
1970534/1,20012824,3,304,Land Mobile,Land Mobile System - > 30MHz,2025-11-17,2025-11-17,2026-11-26,1,Granted,9782558,,,,
1970987/1,20053835,2,203,Fixed,Point to Point,2026-04-11,2026-04-11,2028-05-19,1,Granted,9741017,,,,
1971315/2,20053835,2,203,Fixed,Point to Point,2026-04-11,2026-04-11,2028-05-19,1,Granted,10070564,1148302_002013,,,
1971907/1,85149,2,203,Fixed,Point to Point,2026-01-27,2026-01-27,2027-02-01,1,Granted,9741499,,,,
1972474/1,20053835,2,203,Fixed,Point to Point,2026-04-11,2026-04-11,2028-05-19,1,Granted,9741822,,,,
1972580/1,20013683,3,304,Land Mobile,Land Mobile System - > 30MHz,2026-07-30,2026-07-30,2026-11-05,1,Granted,9783217,,,,
1972581/1,20013683,3,304,Land Mobile,Land Mobile System - > 30MHz,2026-07-30,2026-07-30,2026-11-05,1,Granted,9783218,,,,
1972582/1,20013683,3,304,Land Mobile,Land Mobile System - > 30MHz,2026-07-30,2026-07-30,2026-11-05,1,Granted,9783219,,,,
1972676/1,1140609,3,304,Land Mobile,Land Mobile System - > 30MHz,2026-01-27,2026-01-27,2027-02-26,1,Granted,9783252,,,,
1972677/1,1140609,3,304,Land Mobile,Land Mobile System - > 30MHz,2026-01-27,2026-01-27,2027-02-26,1,Granted,9783253,,,,
1972707/1,82694,2,203,Fixed,Point to Point,2025-11-26,2025-11-26,2026-12-01,1,Granted,9741911,,,,
1972708/1,82694,2,203,Fixed,Point to Point,2025-11-26,2025-11-26,2026-12-01,1,Granted,9741913,,,,
1972906/1,107618,2,203,Fixed,Point to Point,2025-10-17,2025-10-17,2026-10-07,1,Granted,9809916,,,,
1973387/1,1401916,2,203,Fixed,Point to Point,2026-08-24,2026-08-24,2027-09-30,1,Granted,9807385,,,,
1973491/1,85149,3,304,Land Mobile,Land Mobile System - > 30MHz,2026-01-27,2026-01-27,2027-02-01,1,Granted,9783581,,,,
1973492/1,85149,3,304,Land Mobile,Land Mobile System - > 30MHz,2026-01-27,2026-01-27,2027-02-01,1,Granted,9783582,,,,
1973493/1,85149,3,304,Land Mobile,Land Mobile System - > 30MHz,2026-01-27,2026-01-27,2027-02-01,1,Granted,9783583,,,,
1973494/1,85149,3,304,Land Mobile,Land Mobile System - > 30MHz,2026-01-27,2026-01-27,2027-02-01,1,Granted,9783584,,,,
1975599/1,82694,2,203,Fixed,Point to Point,2025-11-26,2025-11-26,2026-12-01,1,Granted,9743381,,,,
1975600/1,82694,2,203,Fixed,Point to Point,2025-11-26,2025-11-26,2026-12-01,1,Granted,9743383,,,,
1975812/1,1401916,3,304,Land Mobile,Land Mobile System - > 30MHz,2026-08-24,2026-08-24,2027-09-30,1,Granted,9807401,,,,
1975813/1,1401916,3,304,Land Mobile,Land Mobile System - > 30MHz,2026-08-24,2026-08-24,2027-09-30,1,Granted,9807402,,,,
1975814/1,1401916,3,304,Land Mobile,Land Mobile System - > 30MHz,2026-08-24,2026-08-24,2027-09-30,1,Granted,9807403,,,,
1975934/1,85149,3,304,Land Mobile,Land Mobile System - > 30MHz,2026-01-27,2026-01-27,2027-02-01,1,Granted,9784459,,,,
1976487/1,86643,3,304,Land Mobile,Land Mobile System - > 30MHz,2025-12-22,2025-12-22,2027-01-05,1,Granted,9784652,,,,
1976743/1,20053835,2,203,Fixed,Point to Point,2026-04-11,2026-04-11,2028-05-19,1,Granted,9743930,,,,
1976744/1,20053835,2,203,Fixed,Point to Point,2026-04-11,2026-04-11,2028-05-19,1,Granted,9743932,,,,
1976745/1,20053835,2,203,Fixed,Point to Point,2026-04-11,2026-04-11,2028-05-19,1,Granted,9743934,,,,
1976748/1,20053835,2,203,Fixed,Point to Point,2026-04-11,2026-04-11,2028-05-19,1,Granted,9743940,,,,
1977150/1,20004308,3,308,Land Mobile,Paging System - Interior,2026-05-19,2026-05-19,2027-06-26,1,Granted,9784880,,,,
1977188/1,70610,2,200,Fixed,Point to Multipoint,2026-03-30,2026-03-30,2027-03-31,1,Granted,9744164,,,,
1977299/1,20000768,5,501,Maritime Coast,Limited Coast Assigned System,2024-04-26,2024-04-26,2029-02-03,1,Granted,9648539,,,,
1977300/1,20000768,5,501,Maritime Coast,Limited Coast Assigned System,2024-04-26,2024-04-26,2029-02-03,1,Granted,9648542,,,,
1977304/1,60974,3,304,Land Mobile,Land Mobile System - > 30MHz,2026-02-11,2026-02-11,2027-03-01,1,Granted,9784940,,,,
1977343/1,401054,2,203,Fixed,Point to Point,2026-06-19,2026-06-19,2027-06-30,1,Granted,9744217,,,,
1977416/1,20000768,5,501,Maritime Coast,Limited Coast Assigned System,2024-04-26,2024-04-26,2029-02-03,1,Granted,9648566,,,,
1977417/1,20000768,5,501,Maritime Coast,Limited Coast Assigned System,2024-04-26,2024-04-26,2029-02-03,1,Granted,9648569,,,,
1977418/2,20000768,5,501,Maritime Coast,Limited Coast Assigned System,2024-04-26,2024-04-26,2029-02-03,1,Granted,10222848,1148302_004164,,,
1977419/2,20000768,5,501,Maritime Coast,Limited Coast Assigned System,2024-04-26,2024-04-26,2029-02-03,1,Granted,10222847,1148302_004164,,,
1977420/1,20000768,5,501,Maritime Coast,Limited Coast Assigned System,2024-04-26,2024-04-26,2029-02-03,1,Granted,9648578,,,,
1977421/1,20000768,5,501,Maritime Coast,Limited Coast Assigned System,2024-04-26,2024-04-26,2029-02-03,1,Granted,9648580,,,,
1977428/1,20000768,5,501,Maritime Coast,Limited Coast Assigned System,2024-04-19,2024-04-19,2029-01-31,1,Granted,9648586,,,,
1977429/1,20000768,5,501,Maritime Coast,Limited Coast Assigned System,2024-04-19,2024-04-19,2029-01-31,1,Granted,9648589,,,,
1977432/1,20000768,5,501,Maritime Coast,Limited Coast Assigned System,2024-04-19,2024-04-19,2029-01-31,1,Granted,9648598,,,,
1977433/1,20000768,5,501,Maritime Coast,Limited Coast Assigned System,2024-04-19,2024-04-19,2029-01-31,1,Granted,9648601,,,,
1977434/1,20000768,5,501,Maritime Coast,Limited Coast Assigned System,2024-04-19,2024-04-19,2029-01-31,1,Granted,9648604,,,,
1977435/1,20000768,5,501,Maritime Coast,Limited Coast Assigned System,2024-04-19,2024-04-19,2029-01-31,1,Granted,9648606,,,,
1977561/1,1401916,2,203,Fixed,Point to Point,2026-08-24,2026-08-24,2027-09-30,1,Granted,9807413,,,,
1978058/1,20053835,2,203,Fixed,Point to Point,2026-04-11,2026-04-11,2028-05-19,1,Granted,9744541,,,,
1979227/1,20000768,5,501,Maritime Coast,Limited Coast Assigned System,2024-04-26,2024-04-26,2029-02-03,1,Granted,9648765,,,,
1979228/1,20000768,5,501,Maritime Coast,Limited Coast Assigned System,2024-04-26,2024-04-26,2029-02-03,1,Granted,9648767,,,,
1979313/1,1401916,2,203,Fixed,Point to Point,2026-08-24,2026-08-24,2027-09-30,1,Granted,9807423,,,,
1979438/1,1424647,3,304,Land Mobile,Land Mobile System - > 30MHz,2026-04-20,2026-04-20,2027-04-22,1,Granted,9785642,,,,
1980257/2,20039815,3,304,Land Mobile,Land Mobile System - > 30MHz,2026-02-20,2026-02-20,2027-03-23,1,Granted,10622133,,,,
1980258/2,20039815,3,304,Land Mobile,Land Mobile System - > 30MHz,2026-02-20,2026-02-20,2027-03-23,1,Granted,10622134,,,,
1980259/3,20039815,3,304,Land Mobile,Land Mobile System - > 30MHz,2026-02-20,2026-02-20,2027-03-23,1,Granted,10725730,20038343_vary_LMS_RCS359,,,
1980260/2,20039815,3,304,Land Mobile,Land Mobile System - > 30MHz,2026-02-20,2026-02-20,2027-03-23,1,Granted,10622136,,,,
1980261/2,20039815,3,304,Land Mobile,Land Mobile System - > 30MHz,2026-02-20,2026-02-20,2027-03-23,1,Granted,10622137,,,,
1980262/2,20039815,3,304,Land Mobile,Land Mobile System - > 30MHz,2026-02-20,2026-02-20,2027-03-23,1,Granted,10622138,,,,
1980263/2,20039815,3,304,Land Mobile,Land Mobile System - > 30MHz,2026-02-20,2026-02-20,2027-03-23,1,Granted,10622139,,,,
1980268/2,20039815,3,304,Land Mobile,Land Mobile System - > 30MHz,2026-02-20,2026-02-20,2027-03-23,1,Granted,10622143,,,,
1980269/2,20039815,3,304,Land Mobile,Land Mobile System - > 30MHz,2026-02-20,2026-02-20,2027-03-23,1,Granted,10622144,,,,
1980270/2,20039815,3,304,Land Mobile,Land Mobile System - > 30MHz,2026-02-20,2026-02-20,2027-03-23,1,Granted,10622145,,,,
1980271/2,20039815,3,304,Land Mobile,Land Mobile System - > 30MHz,2026-02-20,2026-02-20,2027-03-23,1,Granted,10622146,,,,
1980272/2,20039815,3,304,Land Mobile,Land Mobile System - > 30MHz,2026-02-20,2026-02-20,2027-03-23,1,Granted,10622147,,,,
1980779/1,510769,2,203,Fixed,Point to Point,2026-08-27,2026-08-27,2027-09-30,1,Granted,9839474,,,,
1980780/1,510769,2,203,Fixed,Point to Point,2026-08-27,2026-08-27,2027-09-30,1,Granted,9839475,,,,
1980781/1,510769,2,203,Fixed,Point to Point,2026-08-27,2026-08-27,2027-09-30,1,Granted,9839476,,,,
1980793/1,20007586,2,203,Fixed,Point to Point,2026-02-20,2026-02-20,2027-03-31,1,Granted,9746145,,,,
1980794/1,20007586,2,203,Fixed,Point to Point,2026-02-20,2026-02-20,2027-03-31,1,Granted,9746147,,,,
1980798/1,510769,2,203,Fixed,Point to Point,2026-08-27,2026-08-27,2027-09-30,1,Granted,9746156,,,,
1981100/1,1147602,5,501,Maritime Coast,Limited Coast Assigned System,2026-06-07,2026-06-07,2027-07-17,1,Granted,9648925,,,,
1981102/1,1147602,5,501,Maritime Coast,Limited Coast Assigned System,2026-06-07,2026-06-07,2027-07-17,1,Granted,9648931,,,,
1981130/1,85149,3,304,Land Mobile,Land Mobile System - > 30MHz,2026-01-27,2026-01-27,2027-02-01,1,Granted,9786252,,,,
1981131/1,85149,3,304,Land Mobile,Land Mobile System - > 30MHz,2026-01-27,2026-01-27,2027-02-01,1,Granted,9786253,,,,
1981132/1,85149,3,304,Land Mobile,Land Mobile System - > 30MHz,2026-01-27,2026-01-27,2027-02-01,1,Granted,9786254,,,,
1981133/1,85149,3,304,Land Mobile,Land Mobile System - > 30MHz,2026-01-27,2026-01-27,2027-02-01,1,Granted,9786255,,,,
1981134/1,85149,3,304,Land Mobile,Land Mobile System - > 30MHz,2026-01-27,2026-01-27,2027-02-01,1,Granted,9786256,,,,
1981135/1,85149,3,304,Land Mobile,Land Mobile System - > 30MHz,2026-01-27,2026-01-27,2027-02-01,1,Granted,9786257,,,,
1981136/1,85149,3,304,Land Mobile,Land Mobile System - > 30MHz,2026-01-27,2026-01-27,2027-02-01,1,Granted,9786258,,,,
1981414/2,1423905,3,304,Land Mobile,Land Mobile System - > 30MHz,2026-05-13,2026-05-13,2026-11-11,1,Granted,13029967,20025735_260209,,,
1981664/1,1423905,3,304,Land Mobile,Land Mobile System - > 30MHz,2025-11-11,2025-11-11,2026-11-12,1,Granted,9786506,,,,
1982031/1,102634,3,302,Land Mobile,Ambulatory System,2025-11-24,2025-11-24,2026-12-01,1,Granted,9786625,,,,
1982131/1,79601,2,203,Fixed,Point to Point,2025-08-29,2025-08-29,2026-09-30,1,Granted,9854531,,,,
1982132/1,79601,2,203,Fixed,Point to Point,2025-08-29,2025-08-29,2026-09-30,1,Granted,9854532,,,,
1982138/1,79601,2,203,Fixed,Point to Point,2025-08-29,2025-08-29,2026-09-30,1,Granted,9854538,,,,
1982139/1,79601,2,203,Fixed,Point to Point,2025-08-29,2025-08-29,2026-09-30,1,Granted,9854539,,,,
1982140/1,79601,2,203,Fixed,Point to Point,2025-08-29,2025-08-29,2026-09-30,1,Granted,9854540,,,,
1982330/1,85149,2,203,Fixed,Point to Point,2026-01-02,2026-01-02,2027-01-08,1,Granted,9746909,,,,
1982808/1,20017373,2,203,Fixed,Point to Point,2026-01-01,2026-01-01,2027-02-09,1,Granted,9747123,,,,
1982809/1,20017373,2,203,Fixed,Point to Point,2026-01-01,2026-01-01,2027-02-09,1,Granted,9747125,,,,
1983304/1,1147602,5,501,Maritime Coast,Limited Coast Assigned System,2026-06-07,2026-06-07,2027-07-17,1,Granted,9649206,,,,
1983468/1,85149,3,304,Land Mobile,Land Mobile System - > 30MHz,2026-01-27,2026-01-27,2027-02-01,1,Granted,9786977,,,,
1983469/1,85149,3,304,Land Mobile,Land Mobile System - > 30MHz,2026-01-27,2026-01-27,2027-02-01,1,Granted,9786978,,,,
1983914/1,20012320,3,304,Land Mobile,Land Mobile System - > 30MHz,2026-06-09,2026-06-09,2027-07-07,1,Granted,9787145,,,,
1983915/1,20012320,3,304,Land Mobile,Land Mobile System - > 30MHz,2026-06-09,2026-06-09,2027-07-07,1,Granted,9787146,,,,
1983916/1,20012320,3,304,Land Mobile,Land Mobile System - > 30MHz,2026-06-09,2026-06-09,2027-07-07,1,Granted,9787147,,,,
1984756/1,49365,3,304,Land Mobile,Land Mobile System - > 30MHz,2026-05-21,2026-05-21,2027-06-30,1,Granted,9787498,,,,
1984906/1,85149,2,203,Fixed,Point to Point,2026-02-17,2026-02-17,2027-02-25,1,Granted,9748262,,,,
1985318/1,20017363,2,203,Fixed,Point to Point,2026-02-26,2026-02-26,2027-04-06,1,Granted,9748458,,,,
1985320/1,20017363,2,203,Fixed,Point to Point,2026-02-26,2026-02-26,2027-04-06,1,Granted,9748460,,,,
1985703/1,59938,2,203,Fixed,Point to Point,2025-09-25,2025-09-25,2026-09-22,1,Granted,9852345,,,,
1986157/1,20017373,2,203,Fixed,Point to Point,2026-05-03,2026-05-03,2027-06-11,1,Granted,9817642,,,,
1986401/2,439072,3,304,Land Mobile,Land Mobile System - > 30MHz,2026-03-17,2026-03-17,2027-03-23,1,Granted,11153691,20038343_vary_LMS_RCS391_1,,,
1986402/2,439072,3,304,Land Mobile,Land Mobile System - > 30MHz,2026-03-17,2026-03-17,2027-03-23,1,Granted,11153692,20038343_vary_LMS_RCS391_2,,,
1986403/1,439072,3,304,Land Mobile,Land Mobile System - > 30MHz,2026-03-17,2026-03-17,2027-03-23,1,Granted,9788191,,,,
1986404/2,439072,3,304,Land Mobile,Land Mobile System - > 30MHz,2026-03-17,2026-03-17,2027-03-23,1,Granted,11154016,20038343_vary_LMS_RCS391_3,,,
1986405/2,439072,3,304,Land Mobile,Land Mobile System - > 30MHz,2026-03-17,2026-03-17,2027-03-23,1,Granted,11169619,20038343_vary_LMS_RCS389_central_resub,,,
1986551/1,20011310,3,304,Land Mobile,Land Mobile System - > 30MHz,2025-07-21,2025-07-21,2026-12-04,1,Granted,9788256,,,,
1986566/1,20020218,3,304,Land Mobile,Land Mobile System - > 30MHz,2026-03-18,2026-03-18,2027-03-31,1,Granted,9788260,,,,
1987040/2,20062681,5,501,Maritime Coast,Limited Coast Assigned System,2026-05-08,2026-05-08,2027-06-17,1,Granted,13020606,,,,
1987142/1,5832,3,307,Land Mobile,Paging System - Exterior,2026-05-20,2026-05-20,2027-06-29,1,Granted,9788550,,,,
1987252/2,1149151,3,304,Land Mobile,Land Mobile System - > 30MHz,2026-05-25,2026-05-25,2027-05-31,1,Granted,10306324,20030429_LMS_VAR_QR19_7,,,
1987368/1,85149,3,304,Land Mobile,Land Mobile System - > 30MHz,2026-01-27,2026-01-27,2027-02-01,1,Granted,9788686,,,,
1987369/1,85149,3,304,Land Mobile,Land Mobile System - > 30MHz,2026-01-27,2026-01-27,2027-02-01,1,Granted,9788687,,,,
1987370/1,85149,3,304,Land Mobile,Land Mobile System - > 30MHz,2026-01-27,2026-01-27,2027-02-01,1,Granted,9788688,,,,
1987371/1,85149,3,304,Land Mobile,Land Mobile System - > 30MHz,2026-01-27,2026-01-27,2027-02-01,1,Granted,9788689,,,,
1987372/1,85149,3,304,Land Mobile,Land Mobile System - > 30MHz,2026-01-27,2026-01-27,2027-02-01,1,Granted,9788690,,,,
1987373/1,85149,3,304,Land Mobile,Land Mobile System - > 30MHz,2026-01-27,2026-01-27,2027-02-01,1,Granted,9788691,,,,
1987374/1,85149,3,304,Land Mobile,Land Mobile System - > 30MHz,2026-01-27,2026-01-27,2027-02-01,1,Granted,9788692,,,,
1987375/1,85149,3,304,Land Mobile,Land Mobile System - > 30MHz,2026-01-27,2026-01-27,2027-02-01,1,Granted,9788693,,,,
1987543/1,20010808,3,304,Land Mobile,Land Mobile System - > 30MHz,2026-07-16,2026-07-16,2027-07-24,1,Granted,9788764,,,,
1987550/3,84379,2,203,Fixed,Point to Point,2026-08-16,2026-08-16,2027-08-31,1,Granted,11690423,20016317_JSMFAC9655,,,
1987654/1,1142834,3,304,Land Mobile,Land Mobile System - > 30MHz,2025-09-12,2025-09-12,2026-10-19,1,Granted,9788836,,,,
1987655/1,1142834,2,203,Fixed,Point to Point,2025-09-12,2025-09-12,2026-10-19,1,Granted,9749847,,,,
1987797/1,1147832,3,304,Land Mobile,Land Mobile System - > 30MHz,2026-04-29,2026-04-29,2027-05-06,1,Granted,9788900,,,,
1987799/1,1147832,3,304,Land Mobile,Land Mobile System - > 30MHz,2026-04-29,2026-04-29,2027-05-06,1,Granted,9788901,,,,
1987800/1,1147832,3,304,Land Mobile,Land Mobile System - > 30MHz,2026-04-29,2026-04-29,2027-05-06,1,Granted,9788902,,,,
1987801/1,1147832,3,304,Land Mobile,Land Mobile System - > 30MHz,2026-04-29,2026-04-29,2027-05-06,1,Granted,9788903,,,,
1987802/1,1147832,3,304,Land Mobile,Land Mobile System - > 30MHz,2026-04-29,2026-04-29,2027-05-06,1,Granted,9788904,,,,
1987803/1,1147832,3,304,Land Mobile,Land Mobile System - > 30MHz,2026-04-29,2026-04-29,2027-05-06,1,Granted,9788905,,,,
1987804/1,1147832,3,304,Land Mobile,Land Mobile System - > 30MHz,2026-04-29,2026-04-29,2027-05-06,1,Granted,9788906,,,,
1987805/1,1147832,3,304,Land Mobile,Land Mobile System - > 30MHz,2026-04-29,2026-04-29,2027-05-06,1,Granted,9788907,,,,
1988358/9,1136980,10,125,PTS,PMTS Class B,2026-07-30,2026-07-30,2027-08-17,1,Granted,13036622,1141877_Digicomm-TPG_PTS2100_220526-6B,,,
1988401/1,20004872,3,308,Land Mobile,Paging System - Interior,2026-04-24,2026-04-24,2027-04-30,1,Granted,9789224,,,,
1988402/1,20004872,3,307,Land Mobile,Paging System - Exterior,2026-04-24,2026-04-24,2027-04-30,1,Granted,9789225,,,,
1988751/2,20026788,3,304,Land Mobile,Land Mobile System - > 30MHz,2026-06-10,2026-06-10,2027-06-19,1,Granted,9885116,,,,
1989295/1,41389,3,304,Land Mobile,Land Mobile System - > 30MHz,2026-07-23,2026-07-23,2027-09-01,1,Granted,9789728,,,,
1989440/2,20056117,3,304,Land Mobile,Land Mobile System - > 30MHz,2025-06-25,2025-06-25,2027-06-28,1,Granted,12138700,,,,
1989904/1,1144661,2,203,Fixed,Point to Point,2026-06-22,2026-06-22,2027-06-18,1,Granted,9750906,,,,
1990127/3,20017373,2,203,Fixed,Point to Point,2026-07-15,2026-07-15,2027-08-23,1,Granted,9903529,20019387_B0861-B0860_20160209_v1,,,
1990166/2,1140096,3,304,Land Mobile,Land Mobile System - > 30MHz,2026-07-15,2026-07-15,2027-07-14,1,Granted,10232074,,,,
1990167/2,1140096,3,304,Land Mobile,Land Mobile System - > 30MHz,2026-07-15,2026-07-15,2027-07-14,1,Granted,10232075,,,,
1990168/2,1140096,3,304,Land Mobile,Land Mobile System - > 30MHz,2026-07-15,2026-07-15,2027-07-14,1,Granted,10232076,,,,
1990169/2,1140096,3,304,Land Mobile,Land Mobile System - > 30MHz,2026-07-15,2026-07-15,2027-07-14,1,Granted,10232077,,,,
1990170/2,1140096,3,304,Land Mobile,Land Mobile System - > 30MHz,2026-07-15,2026-07-15,2027-07-14,1,Granted,10232078,,,,
1990171/2,1140096,3,304,Land Mobile,Land Mobile System - > 30MHz,2026-07-15,2026-07-15,2027-07-14,1,Granted,10232079,,,,
1990172/2,1140096,3,304,Land Mobile,Land Mobile System - > 30MHz,2026-07-15,2026-07-15,2027-07-14,1,Granted,10232080,,,,
1990173/2,1140096,3,304,Land Mobile,Land Mobile System - > 30MHz,2026-07-15,2026-07-15,2027-07-14,1,Granted,10232081,,,,
1990174/2,1140096,3,304,Land Mobile,Land Mobile System - > 30MHz,2026-07-15,2026-07-15,2027-07-14,1,Granted,10232082,,,,
1990175/2,1140096,3,304,Land Mobile,Land Mobile System - > 30MHz,2026-07-15,2026-07-15,2027-07-14,1,Granted,10232083,,,,
1990812/1,521072,2,203,Fixed,Point to Point,2025-08-29,2025-08-29,2026-09-30,1,Granted,9751508,,,,
347666/1,243342,3,304,Land Mobile,Land Mobile System - > 30MHz,2026-04-23,2026-04-23,2027-04-24,1,Granted,9678571,,,,
356179/3,1419950,6,602,Amateur,Amateur Repeater,2025-10-14,2025-10-14,2026-10-11,1,Granted,10335982,,,,
361175/1,1445006,3,304,Land Mobile,Land Mobile System - > 30MHz,2026-03-04,2026-03-04,2027-03-17,1,Granted,9678808,,,,
361967/1,270141,3,304,Land Mobile,Land Mobile System - > 30MHz,2026-05-21,2026-05-21,2027-06-30,1,Granted,9679146,,,,
361971/1,270141,3,304,Land Mobile,Land Mobile System - > 30MHz,2026-05-21,2026-05-21,2027-06-30,1,Granted,9679148,,,,
362235/1,123718,5,501,Maritime Coast,Limited Coast Assigned System,2025-10-13,2025-10-13,2026-11-22,1,Granted,9636704,,,,
362236/1,123718,5,501,Maritime Coast,Limited Coast Assigned System,2025-10-13,2025-10-13,2026-11-22,1,Granted,9636707,,,,
388241/1,293206,3,304,Land Mobile,Land Mobile System - > 30MHz,2026-06-26,2026-06-26,2027-06-30,1,Granted,9679850,,,,
388294/1,1142879,3,308,Land Mobile,Paging System - Interior,2025-11-06,2025-11-06,2026-11-09,1,Granted,9679860,,,,
399830/1,324293,3,304,Land Mobile,Land Mobile System - > 30MHz,2026-02-11,2026-02-11,2027-03-01,1,Granted,9680121,,,,
404436/1,336877,3,304,Land Mobile,Land Mobile System - > 30MHz,2026-06-22,2026-06-22,2027-07-31,1,Granted,9680394,,,,
404437/1,336877,3,304,Land Mobile,Land Mobile System - > 30MHz,2026-06-22,2026-06-22,2027-07-31,1,Granted,9680396,,,,
404438/1,336877,3,304,Land Mobile,Land Mobile System - > 30MHz,2026-06-22,2026-06-22,2027-07-31,1,Granted,9680398,,,,
404439/1,336877,3,304,Land Mobile,Land Mobile System - > 30MHz,2026-06-22,2026-06-22,2027-07-31,1,Granted,9680400,,,,
411325/1,362205,5,501,Maritime Coast,Limited Coast Assigned System,2025-10-14,2025-10-14,2026-11-11,1,Granted,9637081,,,,
416010/1,379679,3,308,Land Mobile,Paging System - Interior,2025-11-12,2025-11-12,2026-11-19,1,Granted,9680714,,,,
419001/1,388462,3,304,Land Mobile,Land Mobile System - > 30MHz,2026-03-10,2026-03-10,2027-04-15,1,Granted,9680880,,,,
433505/1,435100,2,203,Fixed,Point to Point,2025-09-12,2025-09-12,2026-09-23,1,Granted,9844943,,,,
433507/1,435100,2,203,Fixed,Point to Point,2025-09-12,2025-09-12,2026-09-23,1,Granted,9844944,,,,
433543/1,435100,18,181,Radiodetermination,Radiodetermination,2025-09-12,2025-09-12,2026-09-23,1,Granted,9844969,,,,
433712/1,435100,2,203,Fixed,Point to Point,2025-09-12,2025-09-12,2026-09-23,1,Granted,9845018,,,,
433713/1,435100,2,200,Fixed,Point to Multipoint,2025-09-12,2025-09-12,2026-09-23,1,Granted,9845019,,,,
433714/1,435100,2,203,Fixed,Point to Point,2025-09-12,2025-09-12,2026-09-23,1,Granted,9845020,,,,
433715/1,435100,2,200,Fixed,Point to Multipoint,2025-09-12,2025-09-12,2026-09-23,1,Granted,9845021,,,,
433716/1,435100,2,203,Fixed,Point to Point,2025-09-12,2025-09-12,2026-09-23,1,Granted,9845022,,,,
433717/1,435100,2,203,Fixed,Point to Point,2025-09-12,2025-09-12,2026-09-23,1,Granted,9845023,,,,
433718/1,435100,2,203,Fixed,Point to Point,2025-09-12,2025-09-12,2026-09-23,1,Granted,9845024,,,,
433719/1,435100,2,203,Fixed,Point to Point,2025-09-12,2025-09-12,2026-09-23,1,Granted,9845025,,,,
433726/1,435100,2,200,Fixed,Point to Multipoint,2025-09-12,2025-09-12,2026-09-23,1,Granted,9845030,,,,
433771/1,435100,2,200,Fixed,Point to Multipoint,2025-09-12,2025-09-12,2026-09-23,1,Granted,9845036,,,,
433844/1,435100,2,200,Fixed,Point to Multipoint,2025-09-12,2025-09-12,2026-09-23,1,Granted,9845072,,,,
433855/1,435100,2,200,Fixed,Point to Multipoint,2025-09-12,2025-09-12,2026-09-23,1,Granted,9845073,,,,
433870/1,435100,2,200,Fixed,Point to Multipoint,2025-09-12,2025-09-12,2026-09-23,1,Granted,9845074,,,,
433887/1,435100,2,200,Fixed,Point to Multipoint,2025-09-12,2025-09-12,2026-09-23,1,Granted,9845077,,,,
433890/1,435100,2,200,Fixed,Point to Multipoint,2025-09-12,2025-09-12,2026-09-23,1,Granted,9845078,,,,
433891/1,435100,2,200,Fixed,Point to Multipoint,2025-09-12,2025-09-12,2026-09-23,1,Granted,9845079,,,,
433892/1,435100,2,200,Fixed,Point to Multipoint,2025-09-12,2025-09-12,2026-09-23,1,Granted,9845080,,,,
433911/1,435100,2,200,Fixed,Point to Multipoint,2025-09-12,2025-09-12,2026-09-23,1,Granted,9845087,,,,
433954/1,435100,2,200,Fixed,Point to Multipoint,2025-09-12,2025-09-12,2026-09-23,1,Granted,9845097,,,,
433955/1,435100,2,203,Fixed,Point to Point,2025-09-12,2025-09-12,2026-09-23,1,Granted,9845098,,,,
433963/1,435100,2,200,Fixed,Point to Multipoint,2025-09-12,2025-09-12,2026-09-23,1,Granted,9845099,,,,
433974/1,435100,2,203,Fixed,Point to Point,2025-09-12,2025-09-12,2026-09-23,1,Granted,9845103,,,,
433987/1,435100,2,200,Fixed,Point to Multipoint,2025-09-12,2025-09-12,2026-09-23,1,Granted,9845109,,,,
433988/1,435100,2,200,Fixed,Point to Multipoint,2025-09-12,2025-09-12,2026-09-23,1,Granted,9845110,,,,
433989/1,435100,2,200,Fixed,Point to Multipoint,2025-09-12,2025-09-12,2026-09-23,1,Granted,9845111,,,,
434037/1,435100,5,501,Maritime Coast,Limited Coast Assigned System,2025-09-12,2025-09-12,2026-09-23,1,Granted,9845125,,,,
435158/3,439082,3,304,Land Mobile,Land Mobile System - > 30MHz,2026-03-17,2026-03-17,2027-03-23,1,Granted,11648828,1130096_RD382AC,,,
435410/1,20012533,3,304,Land Mobile,Land Mobile System - > 30MHz,2026-04-29,2026-04-29,2027-05-08,1,Granted,9681531,,,,
440423/2,20031759,3,304,Land Mobile,Land Mobile System - > 30MHz,2026-08-28,2026-08-28,2027-08-30,1,Granted,10259453,,,,
440433/2,20031759,3,304,Land Mobile,Land Mobile System - > 30MHz,2026-02-26,2026-02-26,2027-03-01,1,Granted,10259458,,,,
440440/2,20031759,3,304,Land Mobile,Land Mobile System - > 30MHz,2026-06-11,2026-06-11,2026-09-14,1,Granted,10259465,,,,
440464/2,20031759,3,304,Land Mobile,Land Mobile System - > 30MHz,2025-11-27,2025-11-27,2026-11-27,1,Granted,10259478,,,,
440529/1,455305,5,501,Maritime Coast,Limited Coast Assigned System,2026-06-30,2026-06-30,2027-01-01,1,Granted,9637562,,,,
440638/1,455305,3,304,Land Mobile,Land Mobile System - > 30MHz,2026-06-30,2026-06-30,2027-01-01,1,Granted,9681737,,,,
448404/2,20062681,5,502,Maritime Coast,Limited Coast Marine Rescue,2026-06-05,2026-06-05,2027-07-15,1,Granted,13050410,,,,
453503/2,20070415,3,304,Land Mobile,Land Mobile System - > 30MHz,2026-05-25,2026-05-25,2027-05-21,1,Granted,13023392,,,,
455529/1,1401916,3,304,Land Mobile,Land Mobile System - > 30MHz,2026-08-24,2026-08-24,2027-09-30,1,Granted,9806510,,,,
455532/1,1401916,2,203,Fixed,Point to Point,2026-08-24,2026-08-24,2027-09-30,1,Granted,9806512,,,,
455565/1,1401916,2,203,Fixed,Point to Point,2026-08-24,2026-08-24,2027-09-30,1,Granted,9806522,,,,
455578/1,1401916,2,203,Fixed,Point to Point,2026-08-24,2026-08-24,2027-09-30,1,Granted,9806526,,,,
455658/1,1401916,2,203,Fixed,Point to Point,2026-08-24,2026-08-24,2027-09-30,1,Granted,9806553,,,,
455662/1,1401916,2,203,Fixed,Point to Point,2026-08-24,2026-08-24,2027-09-30,1,Granted,9806555,,,,
455664/1,1401916,2,203,Fixed,Point to Point,2026-08-24,2026-08-24,2027-09-30,1,Granted,9806556,,,,
455666/1,1401916,2,203,Fixed,Point to Point,2026-08-24,2026-08-24,2027-09-30,1,Granted,9806557,,,,
479658/1,537746,5,501,Maritime Coast,Limited Coast Assigned System,2026-08-28,2026-08-28,2027-09-06,1,Granted,9637988,,,,
480262/1,539042,3,304,Land Mobile,Land Mobile System - > 30MHz,2025-11-01,2025-11-01,2026-09-29,1,Granted,9845127,,,,
493290/1,46975,5,501,Maritime Coast,Limited Coast Assigned System,2026-08-17,2026-08-17,2027-09-19,1,Granted,9829783,,,,
496511/2,20026547,3,304,Land Mobile,Land Mobile System - > 30MHz,2026-06-24,2026-06-24,2027-06-16,1,Granted,10275968,,,,
499104/2,564292,3,304,Land Mobile,Land Mobile System - > 30MHz,2026-07-03,2026-07-03,2027-07-08,1,Granted,9855144,20011258_ME150_3,,,
508491/2,20062681,5,501,Maritime Coast,Limited Coast Assigned System,2026-06-21,2026-06-21,2027-07-31,1,Granted,12884110,,,,
509001/1,1138241,3,308,Land Mobile,Paging System - Interior,2026-07-13,2026-07-13,2027-07-28,1,Granted,9686289,,,,
512364/1,1401916,2,203,Fixed,Point to Point,2026-08-24,2026-08-24,2027-09-30,1,Granted,9806575,,,,
513199/2,514483,3,304,Land Mobile,Land Mobile System - > 30MHz,2025-12-01,2025-12-01,2026-12-13,1,Granted,10671545,1130096_SC899A,,,
518115/1,49933,5,501,Maritime Coast,Limited Coast Assigned System,2025-11-21,2025-11-21,2026-12-31,1,Granted,9638741,,,,
521029/1,20053835,2,203,Fixed,Point to Point,2026-04-11,2026-04-11,2028-05-19,1,Granted,9680654,,,,
521152/1,3792,3,304,Land Mobile,Land Mobile System - > 30MHz,2026-07-10,2026-07-10,2027-06-30,1,Granted,9687372,,,,
521507/1,3792,3,304,Land Mobile,Land Mobile System - > 30MHz,2026-07-10,2026-07-10,2027-06-30,1,Granted,9687436,,,,
523509/1,521072,2,203,Fixed,Point to Point,2025-08-29,2025-08-29,2026-09-30,1,Granted,9862807,,,,
523513/1,521072,2,203,Fixed,Point to Point,2025-08-29,2025-08-29,2026-09-30,1,Granted,9862809,,,,
524263/1,1412719,3,308,Land Mobile,Paging System - Interior,2026-01-19,2026-01-19,2026-12-31,1,Granted,9687800,,,,
524266/1,1412719,3,307,Land Mobile,Paging System - Exterior,2026-01-19,2026-01-19,2026-12-31,1,Granted,9687802,,,,
524669/1,1401916,2,203,Fixed,Point to Point,2026-08-24,2026-08-24,2027-09-30,1,Granted,9806588,,,,
524675/1,1401916,2,203,Fixed,Point to Point,2026-08-24,2026-08-24,2027-09-30,1,Granted,9806592,,,,
524973/1,58050,2,203,Fixed,Point to Point,2026-04-20,2026-04-20,2027-05-04,1,Granted,9680803,,,,
528075/1,58050,2,203,Fixed,Point to Point,2026-04-20,2026-04-20,2027-05-04,1,Granted,9680908,,,,
529202/1,3792,3,304,Land Mobile,Land Mobile System - > 30MHz,2026-07-10,2026-07-10,2027-06-30,1,Granted,9688243,,,,
529856/1,1442121,3,304,Land Mobile,Land Mobile System - > 30MHz,2026-03-05,2026-03-05,2027-03-26,1,Granted,9688281,,,,
530718/1,58050,2,203,Fixed,Point to Point,2026-04-20,2026-04-20,2027-05-04,1,Granted,9681028,,,,
531023/1,455305,3,304,Land Mobile,Land Mobile System - > 30MHz,2026-06-30,2026-06-30,2027-01-01,1,Granted,9688376,,,,
531059/1,79601,2,203,Fixed,Point to Point,2025-08-29,2025-08-29,2026-09-30,1,Granted,9854389,,,,
531263/1,58050,2,203,Fixed,Point to Point,2026-04-20,2026-04-20,2027-05-04,1,Granted,9681082,,,,
531330/1,3792,3,304,Land Mobile,Land Mobile System - > 30MHz,2026-07-10,2026-07-10,2027-06-30,1,Granted,9688420,,,,
5709/1,1147602,5,502,Maritime Coast,Limited Coast Marine Rescue,2026-06-07,2026-06-07,2027-07-17,1,Granted,9836160,,,,
62527/1,20053835,2,203,Fixed,Point to Point,2026-04-12,2026-04-11,2028-05-19,1,Granted,9669826,,,,
62562/1,20053835,2,203,Fixed,Point to Point,2026-04-12,2026-04-11,2028-05-19,1,Granted,9669834,,,,
62572/1,20053835,2,203,Fixed,Point to Point,2026-04-12,2026-04-11,2028-05-19,1,Granted,9669836,,,,
62576/1,20053835,2,203,Fixed,Point to Point,2026-04-12,2026-04-11,2028-05-19,1,Granted,9669839,,,,
62588/1,20053835,2,203,Fixed,Point to Point,2026-04-12,2026-04-11,2028-05-19,1,Granted,9669842,,,,
62658/1,20053835,2,203,Fixed,Point to Point,2026-04-12,2026-04-11,2028-05-19,1,Granted,9669855,,,,
62664/1,20053835,2,203,Fixed,Point to Point,2026-04-12,2026-04-11,2028-05-19,1,Granted,9669861,,,,
62666/1,20053835,2,203,Fixed,Point to Point,2026-04-12,2026-04-11,2028-05-19,1,Granted,9669862,,,,
62668/1,20053835,2,203,Fixed,Point to Point,2026-04-12,2026-04-11,2028-05-19,1,Granted,9669864,,,,
62670/1,20053835,2,203,Fixed,Point to Point,2026-04-12,2026-04-11,2028-05-19,1,Granted,9669866,,,,
62674/1,20053835,2,203,Fixed,Point to Point,2026-04-12,2026-04-11,2028-05-19,1,Granted,9669867,,,,
62676/1,20053835,2,203,Fixed,Point to Point,2026-04-12,2026-04-11,2028-05-19,1,Granted,9669869,,,,
62762/1,20053835,2,203,Fixed,Point to Point,2026-04-12,2026-04-11,2028-05-19,1,Granted,9669892,,,,
62822/1,20053835,2,203,Fixed,Point to Point,2026-04-12,2026-04-11,2028-05-19,1,Granted,9669907,,,,
62830/1,20053835,2,203,Fixed,Point to Point,2026-04-12,2026-04-11,2028-05-19,1,Granted,9669911,,,,
62844/1,20053835,2,203,Fixed,Point to Point,2026-04-12,2026-04-11,2028-05-19,1,Granted,9669923,,,,
62846/1,20053835,2,203,Fixed,Point to Point,2026-04-12,2026-04-11,2028-05-19,1,Granted,9669924,,,,
62848/1,20053835,2,203,Fixed,Point to Point,2026-04-12,2026-04-11,2028-05-19,1,Granted,9669926,,,,
62931/1,20053835,2,203,Fixed,Point to Point,2026-04-12,2026-04-11,2028-05-19,1,Granted,9669936,,,,
62980/1,20053835,2,203,Fixed,Point to Point,2026-04-12,2026-04-11,2028-05-19,1,Granted,9669950,,,,
63019/1,20053835,2,203,Fixed,Point to Point,2026-04-12,2026-04-11,2028-05-19,1,Granted,9669953,,,,
63021/1,20053835,2,203,Fixed,Point to Point,2026-04-12,2026-04-11,2028-05-19,1,Granted,9669955,,,,
63089/1,20053835,2,203,Fixed,Point to Point,2026-04-12,2026-04-11,2028-05-19,1,Granted,9669962,,,,
63091/1,20053835,2,203,Fixed,Point to Point,2026-04-12,2026-04-11,2028-05-19,1,Granted,9669964,,,,
63121/1,20053835,2,203,Fixed,Point to Point,2026-04-12,2026-04-11,2028-05-19,1,Granted,9669966,,,,
63155/1,20053835,2,203,Fixed,Point to Point,2026-04-12,2026-04-11,2028-05-19,1,Granted,9669973,,,,
63171/1,20053835,2,203,Fixed,Point to Point,2026-04-12,2026-04-11,2028-05-19,1,Granted,9669979,,,,
63263/1,20053835,2,203,Fixed,Point to Point,2026-04-12,2026-04-11,2028-05-19,1,Granted,9670006,,,,
63274/1,20053835,2,203,Fixed,Point to Point,2026-04-12,2026-04-11,2028-05-19,1,Granted,9670009,,,,
63475/1,20053835,2,203,Fixed,Point to Point,2026-04-12,2026-04-11,2028-05-19,1,Granted,9670038,,,,
63639/1,20053835,2,203,Fixed,Point to Point,2026-04-12,2026-04-11,2028-05-19,1,Granted,9670076,,,,
63643/1,20053835,2,203,Fixed,Point to Point,2026-04-12,2026-04-11,2028-05-19,1,Granted,9670078,,,,
63645/1,20053835,2,203,Fixed,Point to Point,2026-04-12,2026-04-11,2028-05-19,1,Granted,9670079,,,,
63721/1,20053835,2,203,Fixed,Point to Point,2026-04-12,2026-04-11,2028-05-19,1,Granted,9670110,,,,
64384/1,20053835,2,203,Fixed,Point to Point,2026-04-12,2026-04-11,2028-05-19,1,Granted,9670276,,,,
64386/1,20053835,2,203,Fixed,Point to Point,2026-04-12,2026-04-11,2028-05-19,1,Granted,9670278,,,,
64454/1,20053835,2,203,Fixed,Point to Point,2026-04-12,2026-04-11,2028-05-19,1,Granted,9670301,,,,
64479/1,20053835,2,203,Fixed,Point to Point,2026-04-12,2026-04-11,2028-05-19,1,Granted,9670306,,,,
64513/1,20053835,2,203,Fixed,Point to Point,2026-04-12,2026-04-11,2028-05-19,1,Granted,9670309,,,,
64519/1,20053835,2,203,Fixed,Point to Point,2026-04-12,2026-04-11,2028-05-19,1,Granted,9670311,,,,
64522/1,20053835,2,203,Fixed,Point to Point,2026-04-12,2026-04-11,2028-05-19,1,Granted,9670313,,,,
64524/1,20053835,2,203,Fixed,Point to Point,2026-04-12,2026-04-11,2028-05-19,1,Granted,9670314,,,,
64549/1,20053835,2,203,Fixed,Point to Point,2026-04-12,2026-04-11,2028-05-19,1,Granted,9670318,,,,
64572/1,20053835,2,203,Fixed,Point to Point,2026-04-12,2026-04-11,2028-05-19,1,Granted,9670320,,,,
64639/1,20053835,2,203,Fixed,Point to Point,2026-04-12,2026-04-11,2028-05-19,1,Granted,9670324,,,,
64650/1,20053835,2,203,Fixed,Point to Point,2026-04-12,2026-04-11,2028-05-19,1,Granted,9670327,,,,
64651/1,20053835,2,203,Fixed,Point to Point,2026-04-12,2026-04-11,2028-05-19,1,Granted,9670328,,,,
64652/1,20053835,2,203,Fixed,Point to Point,2026-04-12,2026-04-11,2028-05-19,1,Granted,9670330,,,,
64659/1,20053835,2,203,Fixed,Point to Point,2026-04-12,2026-04-11,2028-05-19,1,Granted,9670334,,,,
64661/1,20053835,2,203,Fixed,Point to Point,2026-04-12,2026-04-11,2028-05-19,1,Granted,9670336,,,,
64666/1,20053835,2,203,Fixed,Point to Point,2026-04-12,2026-04-11,2028-05-19,1,Granted,9670338,,,,
65147/1,20053835,2,200,Fixed,Point to Multipoint,2026-04-12,2026-04-11,2028-05-19,1,Granted,9670352,,,,
65343/1,20053835,2,200,Fixed,Point to Multipoint,2026-04-12,2026-04-11,2028-05-19,1,Granted,9670385,,,,
74701/1,20053835,2,203,Fixed,Point to Point,2026-04-12,2026-04-11,2028-05-19,1,Granted,9670860,,,,
74703/1,20053835,2,203,Fixed,Point to Point,2026-04-12,2026-04-11,2028-05-19,1,Granted,9670861,,,,
74953/1,20053835,2,203,Fixed,Point to Point,2026-04-12,2026-04-11,2028-05-19,1,Granted,9670940,,,,
74955/1,20053835,2,203,Fixed,Point to Point,2026-04-12,2026-04-11,2028-05-19,1,Granted,9670942,,,,
75430/1,20053835,2,203,Fixed,Point to Point,2026-04-12,2026-04-11,2028-05-19,1,Granted,9671128,,,,
75610/1,20053835,2,203,Fixed,Point to Point,2026-04-12,2026-04-11,2028-05-19,1,Granted,9671180,,,,
76264/1,20053835,2,200,Fixed,Point to Multipoint,2026-04-12,2026-04-11,2028-05-19,1,Granted,9671323,,,,
76606/1,20053835,2,203,Fixed,Point to Point,2026-04-12,2026-04-11,2028-05-19,1,Granted,9671412,,,,
76941/1,20053835,2,203,Fixed,Point to Point,2026-04-12,2026-04-11,2028-05-19,1,Granted,9671479,,,,
78158/1,20053835,2,203,Fixed,Point to Point,2026-04-12,2026-04-11,2028-05-19,1,Granted,9671885,,,,
78160/1,20053835,2,203,Fixed,Point to Point,2026-04-12,2026-04-11,2028-05-19,1,Granted,9671887,,,,
78179/1,20053835,2,203,Fixed,Point to Point,2026-04-12,2026-04-11,2028-05-19,1,Granted,9671899,,,,
78485/1,20053835,2,203,Fixed,Point to Point,2026-04-12,2026-04-11,2028-05-19,1,Granted,9671952,,,,
78947/1,20053835,2,203,Fixed,Point to Point,2026-04-12,2026-04-11,2028-05-19,1,Granted,9672098,,,,
78957/1,20053835,2,203,Fixed,Point to Point,2026-04-12,2026-04-11,2028-05-19,1,Granted,9672101,,,,
78965/1,20053835,2,203,Fixed,Point to Point,2026-04-12,2026-04-11,2028-05-19,1,Granted,9672103,,,,
79182/1,20053835,2,203,Fixed,Point to Point,2026-04-12,2026-04-11,2028-05-19,1,Granted,9672162,,,,
79186/1,20053835,2,203,Fixed,Point to Point,2026-04-12,2026-04-11,2028-05-19,1,Granted,9672164,,,,
79414/1,20053835,2,203,Fixed,Point to Point,2026-04-12,2026-04-11,2028-05-19,1,Granted,9672253,,,,
79440/1,20053835,2,203,Fixed,Point to Point,2026-04-12,2026-04-11,2028-05-19,1,Granted,9672267,,,,
79711/1,20053835,2,203,Fixed,Point to Point,2026-04-12,2026-04-11,2028-05-19,1,Granted,9672352,,,,
79713/1,20053835,2,203,Fixed,Point to Point,2026-04-12,2026-04-11,2028-05-19,1,Granted,9672353,,,,
79714/1,20053835,2,200,Fixed,Point to Multipoint,2026-04-12,2026-04-11,2028-05-19,1,Granted,9672354,,,,
79807/1,20053835,2,203,Fixed,Point to Point,2026-04-12,2026-04-11,2028-05-19,1,Granted,9672369,,,,
79900/1,20053835,2,203,Fixed,Point to Point,2026-04-12,2026-04-11,2028-05-19,1,Granted,9672410,,,,
79948/1,20053835,2,203,Fixed,Point to Point,2026-04-12,2026-04-11,2028-05-19,1,Granted,9672436,,,,
80235/1,20053835,2,203,Fixed,Point to Point,2026-04-12,2026-04-11,2028-05-19,1,Granted,9672488,,,,
80641/1,20053835,2,203,Fixed,Point to Point,2026-04-12,2026-04-11,2028-05-19,1,Granted,9672656,,,,
80705/1,20053835,2,203,Fixed,Point to Point,2026-04-12,2026-04-11,2028-05-19,1,Granted,9672670,,,,
81103/1,20053835,2,203,Fixed,Point to Point,2026-04-12,2026-04-11,2028-05-19,1,Granted,9672730,,,,
83490/1,20053835,2,203,Fixed,Point to Point,2026-04-12,2026-04-11,2028-05-19,1,Granted,9673385,,,,
83498/1,20053835,2,203,Fixed,Point to Point,2026-04-12,2026-04-11,2028-05-19,1,Granted,9673391,,,,
84150/1,20053835,2,203,Fixed,Point to Point,2026-04-12,2026-04-11,2028-05-19,1,Granted,9673549,,,,
85204/1,20053835,2,203,Fixed,Point to Point,2026-04-12,2026-04-11,2028-05-19,1,Granted,9673758,,,,
85337/1,20053835,2,203,Fixed,Point to Point,2026-04-12,2026-04-11,2028-05-19,1,Granted,9673784,,,,
85743/1,20053835,2,203,Fixed,Point to Point,2026-04-11,2026-04-11,2028-05-19,1,Granted,9673887,,,,
86078/1,20053835,2,203,Fixed,Point to Point,2026-04-11,2026-04-11,2028-05-19,1,Granted,9673952,,,,
86563/1,20053835,2,203,Fixed,Point to Point,2026-04-11,2026-04-11,2028-05-19,1,Granted,9674070,,,,
86567/1,20053835,2,203,Fixed,Point to Point,2026-04-11,2026-04-11,2028-05-19,1,Granted,9674077,,,,
87461/1,20053835,2,203,Fixed,Point to Point,2026-04-11,2026-04-11,2028-05-19,1,Granted,9674304,,,,
87764/1,20053835,2,203,Fixed,Point to Point,2026-04-11,2026-04-11,2028-05-19,1,Granted,9674386,,,,
88170/1,20053835,2,203,Fixed,Point to Point,2026-04-11,2026-04-11,2028-05-19,1,Granted,9674468,,,,
88172/1,20053835,2,203,Fixed,Point to Point,2026-04-11,2026-04-11,2028-05-19,1,Granted,9674470,,,,
88236/1,20053835,2,203,Fixed,Point to Point,2026-04-11,2026-04-11,2028-05-19,1,Granted,9674495,,,,
88447/1,20053835,2,203,Fixed,Point to Point,2026-04-11,2026-04-11,2028-05-19,1,Granted,9674519,,,,
88460/1,20053835,2,203,Fixed,Point to Point,2026-04-11,2026-04-11,2028-05-19,1,Granted,9674521,,,,
88697/1,20053835,2,203,Fixed,Point to Point,2026-04-11,2026-04-11,2028-05-19,1,Granted,9674559,,,,
88798/1,20053835,2,203,Fixed,Point to Point,2026-04-11,2026-04-11,2028-05-19,1,Granted,9674584,,,,
89143/1,20053835,2,203,Fixed,Point to Point,2026-04-11,2026-04-11,2028-05-19,1,Granted,9674642,,,,
9263429,1136980,85,868,Spectrum,800 MHz Band,2023-01-27,2013-06-18,2028-06-17,1,Granted,,,,,
9263433,20053843,85,868,Spectrum,800 MHz Band,2023-02-09,2013-06-18,2028-06-17,1,Granted,,,,,
9263448,1103276,85,850,Spectrum,1800 MHz Band,2023-05-04,2013-06-18,2028-06-17,1,Granted,,,,,
9263452,1133304,85,850,Spectrum,1800 MHz Band,2023-05-04,2013-06-18,2028-06-17,1,Granted,,,,,
9367136,1133304,85,850,Spectrum,1800 MHz Band,2023-05-04,2015-05-04,2028-06-17,1,Granted,,,,,
9448619,8129031,85,857,Spectrum,2.3 GHz Band,2024-05-02,2024-05-02,2030-07-24,1,Granted,,,,,
9460720,1103276,85,857,Spectrum,2.3 GHz Band,2023-12-21,2015-07-25,2030-07-24,1,Granted,,,,,
9469858,1149289,85,870,Spectrum,700 MHz Band,2026-04-09,2015-01-01,2029-12-31,1,Granted,,,,,
9469862,20053843,85,870,Spectrum,700 MHz Band,2026-04-09,2015-01-01,2029-12-31,1,Granted,,,,,
9469864,1149289,85,871,Spectrum,2.5 GHz Band,2014-09-17,2014-10-01,2029-09-30,1,Granted,,,,,
9469871,20053843,85,871,Spectrum,2.5 GHz Band,2023-02-09,2014-10-01,2029-09-30,1,Granted,,,,,
94885/1,1147602,5,502,Maritime Coast,Limited Coast Marine Rescue,2026-06-07,2026-06-07,2027-07-17,1,Granted,9633318,,,,
95013/1,1147602,5,502,Maritime Coast,Limited Coast Marine Rescue,2026-06-07,2026-06-07,2027-07-17,1,Granted,9633326,,,,
9619844,1136980,85,850,Spectrum,1800 MHz Band,2023-05-05,2015-06-05,2028-06-17,1,Granted,,,,,
9800320/2,51920,2,200,Fixed,Point to Multipoint,2026-07-24,2026-07-24,2027-07-26,1,Granted,9841711,20003443,,,
9827646/2,1423905,3,304,Land Mobile,Land Mobile System - > 30MHz,2025-09-05,2025-09-05,2026-09-23,1,Granted,12112857,20025735_220302,,,
9837281/4,20048777,3,304,Land Mobile,Land Mobile System - > 30MHz,2025-09-02,2025-09-02,2026-10-08,1,Granted,11327867,1143026_CTL150,,,
9846309/1,20025709,3,302,Land Mobile,Ambulatory System,2025-09-03,2025-09-03,2026-10-12,1,Granted,9847735,20025735_150265,,,
9849560/1,1144588,3,304,Land Mobile,Land Mobile System - > 30MHz,2026-03-30,2026-03-30,2027-03-23,1,Granted,9849640,20011258_GC745,,,
9849561/1,1144588,3,304,Land Mobile,Land Mobile System - > 30MHz,2026-03-30,2026-03-30,2027-03-23,1,Granted,9849639,20011258_GC745,,,
9849562/1,1144588,3,304,Land Mobile,Land Mobile System - > 30MHz,2026-03-30,2026-03-30,2027-03-23,1,Granted,9849642,20011258_GC745,,,
9849563/1,1144588,3,304,Land Mobile,Land Mobile System - > 30MHz,2026-03-30,2026-03-30,2027-03-23,1,Granted,9849641,20011258_GC745,,,
9849564/1,1144588,3,304,Land Mobile,Land Mobile System - > 30MHz,2026-03-30,2026-03-30,2027-03-23,1,Granted,9849643,20011258_GC745,,,
9849565/3,1144588,3,304,Land Mobile,Land Mobile System - > 30MHz,2025-09-29,2025-09-29,2027-04-15,1,Granted,12151042,20054753_LMS_PC632_1,,,
9849566/1,1144588,3,304,Land Mobile,Land Mobile System - > 30MHz,2026-03-30,2026-03-30,2027-03-23,1,Granted,9849645,20011258_GC745,,,
9849567/1,1144588,3,304,Land Mobile,Land Mobile System - > 30MHz,2026-03-30,2026-03-30,2027-03-23,1,Granted,9849646,20011258_GC745,,,
9849568/1,1144588,3,304,Land Mobile,Land Mobile System - > 30MHz,2026-03-30,2026-03-30,2027-03-23,1,Granted,9849647,20011258_GC745,,,
9849569/1,1144588,3,304,Land Mobile,Land Mobile System - > 30MHz,2026-03-30,2026-03-30,2027-03-23,1,Granted,9849648,20011258_GC745,,,
9849570/1,1144588,3,304,Land Mobile,Land Mobile System - > 30MHz,2026-03-30,2026-03-30,2027-03-23,1,Granted,9849649,20011258_GC745,,,
9853378/3,75345,3,304,Land Mobile,Land Mobile System - > 30MHz,2025-09-26,2025-09-26,2026-10-01,1,Granted,10258514,20011258_PC425_1,,,
9853379/3,75345,3,304,Land Mobile,Land Mobile System - > 30MHz,2025-09-26,2025-09-26,2026-10-01,1,Granted,10258515,20011258_PC425_2,,,
9853380/2,75345,3,304,Land Mobile,Land Mobile System - > 30MHz,2025-09-26,2025-09-26,2026-10-01,1,Granted,10258504,20011258_PC408_5,,,
9853382/2,75345,3,304,Land Mobile,Land Mobile System - > 30MHz,2025-09-26,2025-09-26,2026-10-01,1,Granted,10258510,20011258_PC408_6,,,
9853383/2,75345,3,304,Land Mobile,Land Mobile System - > 30MHz,2025-09-26,2025-09-26,2026-10-01,1,Granted,10258508,20011258_PC408_7,,,
9853384/2,75345,3,304,Land Mobile,Land Mobile System - > 30MHz,2025-09-26,2025-09-26,2026-10-01,1,Granted,10258503,20011258_PC408_8,,,
9853385/2,75345,3,304,Land Mobile,Land Mobile System - > 30MHz,2025-09-26,2025-09-26,2026-10-01,1,Granted,10258509,20011258_PC408_9,,,
9853386/2,75345,3,304,Land Mobile,Land Mobile System - > 30MHz,2025-09-26,2025-09-26,2026-10-01,1,Granted,10258507,20011258_PC408_10,,,
9853387/3,75345,3,304,Land Mobile,Land Mobile System - > 30MHz,2025-09-26,2025-09-26,2026-10-01,1,Granted,10258517,20011258_PC455_1,,,
9853388/3,75345,3,304,Land Mobile,Land Mobile System - > 30MHz,2025-09-26,2025-09-26,2026-10-01,1,Granted,10258516,20011258_PC455_2,,,
9853389/2,75345,3,304,Land Mobile,Land Mobile System - > 30MHz,2025-09-26,2025-09-26,2026-10-01,1,Granted,10258506,20011258_PC408_13,,,
9853390/2,75345,3,304,Land Mobile,Land Mobile System - > 30MHz,2025-09-26,2025-09-26,2026-10-01,1,Granted,10258505,20011258_PC408_14,,,
9862305/2,20029058,2,203,Fixed,Point to Point,2026-06-02,2026-06-02,2027-04-18,1,Granted,10069768,1148302_000517,,,
9867964/2,20036497,2,203,Fixed,Point to Point,2026-03-11,2026-03-11,2027-03-19,1,Granted,10441703,20011258_PC412_1,,,
9886785/1,85149,3,304,Land Mobile,Land Mobile System - > 30MHz,2026-01-27,2026-01-27,2027-02-01,1,Granted,9887100,1148302_000790,,,
9886786/1,85149,3,304,Land Mobile,Land Mobile System - > 30MHz,2026-01-27,2026-01-27,2027-02-01,1,Granted,9887101,1148302_000790,,,
9886787/1,85149,3,304,Land Mobile,Land Mobile System - > 30MHz,2026-01-27,2026-01-27,2027-02-01,1,Granted,9887102,1148302_000790,,,
9886788/1,85149,3,304,Land Mobile,Land Mobile System - > 30MHz,2026-01-27,2026-01-27,2027-02-01,1,Granted,9887103,1148302_000790,,,
9886789/1,85149,3,304,Land Mobile,Land Mobile System - > 30MHz,2026-01-27,2026-01-27,2027-02-01,1,Granted,9887104,1148302_000790,,,
9886790/1,85149,3,304,Land Mobile,Land Mobile System - > 30MHz,2026-01-27,2026-01-27,2027-02-01,1,Granted,9887105,1148302_000790,,,
9886791/1,85149,3,304,Land Mobile,Land Mobile System - > 30MHz,2026-01-28,2026-01-28,2027-02-01,1,Granted,9887106,1148302_000790,,,
9886792/1,85149,3,304,Land Mobile,Land Mobile System - > 30MHz,2026-01-27,2026-01-27,2027-02-01,1,Granted,9887107,1148302_000790,,,
9886793/1,85149,3,304,Land Mobile,Land Mobile System - > 30MHz,2026-01-27,2026-01-27,2027-02-01,1,Granted,9887108,1148302_000790,,,
9886795/1,85149,3,304,Land Mobile,Land Mobile System - > 30MHz,2026-01-27,2026-01-27,2027-02-01,1,Granted,9887109,1148302_000790,,,
9886796/1,85149,3,304,Land Mobile,Land Mobile System - > 30MHz,2026-01-27,2026-01-27,2027-02-01,1,Granted,9887111,1148302_000790,,,
9886797/1,85149,3,304,Land Mobile,Land Mobile System - > 30MHz,2026-01-27,2026-01-27,2027-02-01,1,Granted,9887112,1148302_000790,,,
9886802/2,85149,3,304,Land Mobile,Land Mobile System - > 30MHz,2026-01-27,2026-01-27,2027-02-01,1,Granted,10260461,1148302_004561,,,
9886803/2,85149,3,304,Land Mobile,Land Mobile System - > 30MHz,2026-01-27,2026-01-27,2027-02-01,1,Granted,10260462,1148302_004561,,,
9886804/2,85149,3,304,Land Mobile,Land Mobile System - > 30MHz,2026-01-27,2026-01-27,2027-02-01,1,Granted,10260463,1148302_004561,,,
9886805/2,85149,3,304,Land Mobile,Land Mobile System - > 30MHz,2026-01-27,2026-01-27,2027-02-01,1,Granted,10260464,1148302_004561,,,
9888376/2,20037563,3,304,Land Mobile,Land Mobile System - > 30MHz,2025-09-23,2025-09-23,2026-09-26,1,Granted,10529160,1143026_AUS80,,,
9896386/1,20007010,5,501,Maritime Coast,Limited Coast Assigned System,2026-02-19,2026-02-19,2027-02-04,1,Granted,9896387,,,,
9898305/1,1142834,3,304,Land Mobile,Land Mobile System - > 30MHz,2025-09-12,2025-09-12,2026-10-19,1,Granted,9902037,20011258_DMR62_1_resub,,,
9898307/2,1142834,3,304,Land Mobile,Land Mobile System - > 30MHz,2025-09-12,2025-09-12,2026-10-19,1,Granted,11185081,20011258_GD827_1,,,
9901076/1,82694,2,203,Fixed,Point to Point,2025-11-26,2025-11-26,2026-12-01,1,Granted,9901745,1130096_EG132,,,
9906149/1,1417381,3,308,Land Mobile,Paging System - Interior,2026-02-17,2026-02-17,2027-02-16,1,Granted,9911287,1143026_GC804,,,
9935065/1,1420699,3,304,Land Mobile,Land Mobile System - > 30MHz,2026-01-20,2026-01-20,2027-02-25,1,Granted,9939790,1143026_GC818,,,
9935703/1,84379,2,200,Fixed,Point to Multipoint,2026-08-16,2026-08-16,2027-08-31,1,Granted,9940417,20016317_JSMFAC503,,,
9935706/1,84379,2,200,Fixed,Point to Multipoint,2026-08-16,2026-08-16,2027-08-31,1,Granted,9940429,20016317_JSMFAC504,,,
9935707/1,84379,2,200,Fixed,Point to Multipoint,2026-08-16,2026-08-16,2027-08-31,1,Granted,9940430,20016317_JSMFAC504,,,
9936021/1,1412719,3,304,Land Mobile,Land Mobile System - > 30MHz,2026-01-19,2026-01-19,2026-12-31,1,Granted,9940556,1143026_CTL156,,,
9937730/1,20025709,3,304,Land Mobile,Land Mobile System - > 30MHz,2026-01-22,2026-01-22,2027-03-01,1,Granted,9943180,20025735_160054,,,
9942975/1,84379,2,203,Fixed,Point to Point,2026-08-16,2026-08-16,2027-08-31,1,Granted,9950234,20016317_JSMFAC528,,,
9942984/1,84379,2,203,Fixed,Point to Point,2026-08-16,2026-08-16,2027-08-31,1,Granted,9950242,20016317_JSMFAC528,,,
9942992/1,84379,2,203,Fixed,Point to Point,2026-08-16,2026-08-16,2027-08-31,1,Granted,9950248,20016317_JSMFAC528,,,
9942997/1,84379,2,203,Fixed,Point to Point,2026-08-16,2026-08-16,2027-08-31,1,Granted,9950257,20016317_JSMFAC528,,,
9943002/2,84379,2,203,Fixed,Point to Point,2026-08-16,2026-08-16,2027-08-31,1,Granted,11690424,20016317_JSMFAC9655,,,
9943007/2,84379,2,203,Fixed,Point to Point,2026-08-16,2026-08-16,2027-08-31,1,Granted,11690425,20016317_JSMFAC9655,,,
9943011/1,84379,2,203,Fixed,Point to Point,2026-08-16,2026-08-16,2027-08-31,1,Granted,9950882,20016317_JSMFAC529,,,
9943012/1,84379,2,203,Fixed,Point to Point,2026-08-16,2026-08-16,2027-08-31,1,Granted,9950874,20016317_JSMFAC529,,,
9943029/1,84379,2,203,Fixed,Point to Point,2026-08-16,2026-08-16,2027-08-31,1,Granted,9950974,20016317_JSMFAC529,,,
9943226/1,84379,2,203,Fixed,Point to Point,2026-08-16,2026-08-16,2027-08-31,1,Granted,9951995,20016317_JSMFAC539,,,
9946765/2,84379,2,203,Fixed,Point to Point,2026-08-16,2026-08-16,2027-08-31,1,Granted,11203326,20016317_JSMFAC7762,,,
9946767/1,84379,2,203,Fixed,Point to Point,2026-08-16,2026-08-16,2027-08-31,1,Granted,9961378,1143026_QES367_2-5,,,
9947778/1,20053835,2,203,Fixed,Point to Point,2026-04-11,2026-04-11,2028-05-19,1,Granted,9964824,1148302_001131,,,
9955659/1,20053835,2,203,Fixed,Point to Point,2026-04-11,2026-04-11,2028-05-19,1,Granted,9968753,1131121_001193,,,
9958377/1,84379,3,304,Land Mobile,Land Mobile System - > 30MHz,2026-08-16,2026-08-16,2027-08-31,1,Granted,9969795,1143026_QES366_2-2,,,
9970613/1,84379,2,203,Fixed,Point to Point,2026-08-16,2026-08-16,2027-08-31,1,Granted,9970918,20016317_JSMFAC612,,,
9970614/2,84379,2,203,Fixed,Point to Point,2026-08-16,2026-08-16,2027-08-31,1,Granted,10437397,20016317_JSMFAC3510,,,
9970618/2,84379,2,203,Fixed,Point to Point,2026-08-16,2026-08-16,2027-08-31,1,Granted,10437398,20016317_JSMFAC3510,,,
9970626/1,84379,2,203,Fixed,Point to Point,2026-08-16,2026-08-16,2027-08-31,1,Granted,9970944,20016317_JSMFAC612,,,
9970676/2,84379,2,203,Fixed,Point to Point,2026-08-16,2026-08-16,2027-08-31,1,Granted,10643858,20016317_JSMFAC614,,,
9970697/2,84379,2,203,Fixed,Point to Point,2026-08-16,2026-08-16,2027-08-31,1,Granted,10437394,20016317_JSMFAC3510,,,
9970698/1,84379,2,203,Fixed,Point to Point,2026-08-16,2026-08-16,2027-08-31,1,Granted,9972648,20016317_JSMFAC615,,,
9970705/2,84379,2,203,Fixed,Point to Point,2026-08-16,2026-08-16,2027-08-31,1,Granted,11690426,20016317_JSMFAC9654,,,
9970713/1,84379,2,203,Fixed,Point to Point,2026-08-16,2026-08-16,2027-08-31,1,Granted,9972681,20016317_JSMFAC615,,,
9979229/1,1464852,3,304,Land Mobile,Land Mobile System - > 30MHz,2026-04-23,2026-04-23,2027-05-13,1,Granted,9979994,1143026_GC835,,,
9993380/1,1144435,2,203,Fixed,Point to Point,2026-03-19,2026-03-19,2027-03-17,1,Granted,9993408,1143026_SEQ02,,,
9993659/1,1401916,2,203,Fixed,Point to Point,2026-08-24,2026-08-24,2027-09-30,1,Granted,9993948,1143026_QES381_1-2,,,
9994990/1,58075,3,304,Land Mobile,Land Mobile System - > 30MHz,2026-04-14,2026-04-14,2027-04-14,1,Granted,9995130,20011258_CTL159_2,,,
9994991/1,58075,3,304,Land Mobile,Land Mobile System - > 30MHz,2026-04-14,2026-04-14,2027-04-14,1,Granted,9995156,20011258_CTL159_3,,,
9996195/9,1136980,10,125,PTS,PMTS Class B,2026-08-16,2026-08-16,2027-05-12,1,Granted,13080052,20040960_270720260001,,,
