SITE_ID,LATITUDE,LONGITUDE,NAME,STATE,LICENSING_AREA_ID,POSTCODE,SITE_PRECISION,ELEVATION,HCIS_L2,_NEAREST_ANCHOR_ID,_NEAREST_ANCHOR_NAME,_DISTANCE_KM
10000265,-24.182717,151.236237,"Telstra Radio Tower Lake Awoonga, 4km north of Boynedale",QLD,4,,Within 10 metres,,NS7A,kroombit_repeater_al,Kroombit Repeater Al,35.715
10000390,-27.542505,153.073407,Mount Gravatt Outlook Mount Gravatt Outlook Drive Mount Gravatt,QLD,2,,Within 10 metres,,NT9I,mt_gravatt_lookout_a,MT GRAVATT LOOKOUT A,0.031
10000420,-19.878417,146.633056,QR Site Hervey Street MINGELA,QLD,4,,Within 10 metres,,LR2O,mingela_al,Mingela AL,0.104
10000462,-33.32185,150.9626,TL132 Transgrid 500kV Tower Off Boyds Trail Central MacDonald,NSW,2,,Within 10 metres,,MV9H,somersby,Somersby,32.068
10000570,-31.457495,152.72804,69 High Street WAUCHOPE,NSW,4,,Within 10 metres,,NV2G,port_macquarie_golf,Port Macquarie (Golf,18.085
10000571,-31.436696,152.897726,19-33 Morton Street PORT MACQUARIE,NSW,4,,Within 10 metres,,NV2H,port_macquarie_golf,Port Macquarie (Golf,5.583
10000683,-28.852978,153.556522,Ballina Fire Station 62 Tamarind Drive Ballina,NSW,4,,Within 10 metres,,NU3O,tuckombil,Tuckombil,8.058
10000687,-31.444239,152.893401,Port Macquarie Fire Station 5 Central Road Port Macquarie,NSW,4,,Within 10 metres,,NV2H,port_macquarie_golf,Port Macquarie (Golf,4.958
10000688,-33.412239,149.555986,Bathurst Fire Station 1 Alexander Street West Bathurst,NSW,4,,Within 10 metres,,MV8G,orange_stp_enviromon,Orange Stp Enviromon,42.954
10000779,-28.167718,153.549191,VRA Site Point Danger Tweed Heads,NSW,2,,Within 10 metres,,NU3C,tweed_heads_duranba,Tweed Heads (Duranba,12.022
10000782,-28.235179,153.288503,CommSite Bilbrough Lookout Springbrook,QLD,2,,Within 10 metres,,NU3B,murwillumbah_hartigans_hill,Murwillumbah (Hartigans Hill),14.612
10000824,-34.757375,149.763206,Radio Broadcast Site Mt Grey Goulburn,NSW,4,,Within 10 metres,,MW2P,bumana,Bumana,9.595
10001219,-18.200681,145.944401,QAS Site Lemon Tree Hill via KENNEDY,QLD,4,,Within 10 metres,,LQ7D,bilyana_al,Bilyana AL,11.607
10001304,-33.793865,151.167378,126 Greville Street West Chatswood,NSW,2,,Within 10 metres,,NV7M,kincumber,Kincumber,44.027
10002303,-27.81038,153.3146,104 Swan Rd PIMPAMA,QLD,2,,Within 10 metres,,NT9N,cedar_ck_plunket,Cedar Ck (Plunket,14.061
10002955,-27.222669,151.116752,Myola Kupunn Rd NANDI,QLD,4,,Within 10 metres,,NT7A,braziers_hill_al,Braziers Hill Al,55.239
10002956,-27.274661,151.289491,743 Dalby-Cecil Plains Rd CECIL PLAINS,QLD,4,,Within 10 metres,,NT7F,mt_mowbullan_rptr,Mt MOWBULLAN RPTR,52.862
10002957,-27.104699,151.030027,960 Dalby-Kogan Rd MACALISTER,QLD,4,,Within 10 metres,,NT7A,braziers_hill_al,Braziers Hill Al,43.314
10003439,-33.4972,150.8769,BOM Site 952 Sackville Ferry Road Sackville North,NSW,2,,Within 10 metres,,MV9H,somersby,Somersby,40.38
10003442,-33.5931,150.6994,BOM Site St John Of God Hospital 177 Grose Vale Road North Richmond,NSW,2,,Within 10 metres,,MV9K,somersby,Somersby,59.385
10003447,-33.27696,150.953,BOM Site Via Jacks Trail St Albans,NSW,2,,Within 10 metres,,MV9H,somersby,Somersby,34.56
10003448,-32.5553,151.379,BOM Site Via Cranky Corner Road North Glendonbrook,NSW,4,,Within 100 metres,,NV4J,lookout_rd_reservoir,Lookout Rd Reservoir,50.999
10003450,-31.445,152.477,BOM Site Via Oxley Highway Long Flat,NSW,4,,Within 100 metres,,NV2F,port_macquarie_golf,Port Macquarie (Golf,41.876
10003451,-31.664,152.3705,BOM Site 320 The Den Road Mooral Creek,NSW,4,,Within 100 metres,,NV2J,port_macquarie_golf,Port Macquarie (Golf,55.411
10003452,-31.4621,152.3245,BOM Site Yarras Mountain,NSW,4,,Within 100 metres,,NV2F,port_macquarie_golf,Port Macquarie (Golf,56.16
10003453,-31.5949,151.8274,BOM Site Hawkins Road Cooplacurripa,NSW,4,,Within 100 metres,,NV1L,copeland_tops_copel,Copeland Tops (Copel,42.0
10004033,-28.797778,151.830278,BOM Site Ballandean Hill  via Bents Road Ballandean,QLD,4,,Within 100 metres,,NU1P,ballandean_hill_aler,Ballandean Hill Aler,0.003
10004034,-28.606111,151.8175,BOM Site Amiens Knob 71 Minuti Lane Amiens,QLD,4,,Within 100 metres,,NU1L,amiens_knob_al,Amiens Knob AL,0.001
10004035,-28.101389,151.876667,BOM Site via Yankee Gully Road Bony Mountain,QLD,4,,Within 10 metres,,NU1D,bony_mountain_al,Bony Mountain AL,0.003
10004036,-28.226667,151.489167,"BOM Site Warahgai via Rabbit Fence Road, 8 km West of Karara",QLD,4,,Within 100 metres,,NU1B,warahgai_al,Warahgai AL,0.026
10004303,-34.5876,150.8673,Shell Cove Marina SHELL COVE,NSW,2,,Within 10 metres,,MW3L,vincentia,Vincentia,57.359
10004325,-25.29068,152.41408,Pig Creek 27265 Bruce HW Isis River,QLD,4,,Within 10 metres,,NT2F,cherwell_river_rail,Cherwell River (Rail,0.194
10004934,-26.950693,150.474926,QCG/Veoloa Water Treatment Facility Vanrenes Rd 8.6km SSW of CROSSROADS,QLD,5,,Within 10 metres,,MT6N,bottle_tree_al,Bottle Tree AL,17.284
10004936,-28.028022,153.428653,Gold Coast Convention and Exhibition Centre 2684-2690 Gold Coast Hwy Broadbeach,QLD,2,,Within 10 metres,,NU3B,laheys_lookout_al,Laheys Lookout AL,24.406
10005203,-26.816577,153.171902,AtoN Beacon 15km SSE of Point Cartwright,QLD,4,,Within 10 metres,,NT6M,bald_knob_al,Bald Knob AL,25.811
10005409,-22.470452,148.450536,South Site Lake Vermont Mine 16.7km NNE of DYSART,QLD,4,,Within 10 metres,,MS1F,mt_lowe_al,Mt Lowe Al,57.335
10005605,-27.57918,151.98751,Council Reservoir Picnic Point Tourist Drive Picnic Point,QLD,4,,Within 10 metres,,NT7L,paradise_ck_rd,Paradise Ck Rd,16.564
10005678,-25.310828,152.832031,BAI Tower Regency Avenue HERVEY BAY,QLD,4,,Within 10 metres,,NT2H,ghost_hill_al,Ghost Hill AL,0.014
10006071,-27.384722,153.175528,Port Of Brisbane Office 3 Port Central Av Port Of Brisbane,QLD,2,,Within 10 metres,,NT9E,eildon_hill_al,EILDON HILL AL,15.866
10006339,-24.397889,150.508458,Broadcast site 3A Murchison St BILOELA,QLD,4,,Within 10 metres,,MS9G,callide_dam_inflow_a,Callide Dam Inflow A,19.546
10006890,-22.429318,148.407057,North Site Lake Vermont Mine 19.3km NNE of DYSART,QLD,4,,Within 10 metres,,MS1F,mt_lowe_al,Mt Lowe Al,59.119
10007022,-33.767583,151.268911,Brookvale CHC 620 Pittwater Road Brookvale,NSW,2,,Within 10 metres,,NV7N,kincumber,Kincumber,37.436
10007401,-34.673633,149.983521,Marulan Balance Tank Brayton Road MARULAN,NSW,4,,Within 10 metres,,MW2L,bumana,Bumana,23.644
10007709,-33.751025,151.233034,Northern Beaches Hospital Warringah Rd & Wakehurst Parkway Frenchs Forest,NSW,2,,Within 10 metres,,NV7M,kincumber,Kincumber,36.993
10007928,-34.888739,150.567839,University of Wollongong Shoalhaven Campus 69 George Evans Road MUNDAMIA,NSW,4,,Within 100 metres,,MW3O,vincentia,Vincentia,23.595
10007939,-33.868479,151.238438,Longwood Building 5-11 Thornton Street Darling Point,NSW,2,,Within 10 metres,,NV7M,kincumber,Kincumber,48.965
10007968,-25.191781,151.687783,Scrub Road Mt Perry,QLD,4,,Within 10 metres,,NT1C,mt_perry_al,Mt Perry AL,6.153
10007970,-24.14221,148.154055,Ergon Energy Site Roddas Lookout SPRINGSURE,QLD,5,,Within 10 metres,,MS7A,rocky_ck_dam,Rocky Ck Dam,0.015
10007972,-24.647598,151.339105,Ergon Energy Site Mt Fort William KALPOWAR,QLD,4,,Within 10 metres,,NS7J,mt_fort_william_aler,Mt Fort William Aler,0.023
10008038,-27.618217,153.311383,Australian Volunteer Coast Guard Site Redland Bay Ferry Terminal Redland Bay,QLD,2,,Within 10 metres,,NT9J,schmidts_rd_al,Schmidts Rd AL,20.901
10008332,-22.501125,148.349054,Hakea (9.5km N of Dysart) SARAJI MINE,QLD,4,,Within 10 metres,,MS1J,mt_lowe_al,Mt Lowe Al,49.346
10008381,-33.8006,151.04955,20 Dorahy Street DUNDAS,NSW,2,,Within 10 metres,,NV7M,somersby,Somersby,50.224
10008412,-19.662104,147.313255,Ergon Communications Site Kelly Mountain Warana Road Mount Kelly,QLD,4,,Within 10 metres,,LR3J,mt_kelly_al,Mt Kelly AL,0.053
10008649,-24.901333,152.357194,Bundaberg Fire Station 65 Wyllie Street Thabeban,QLD,4,,Within 10 metres,,NS8N,cherwell_river_rail,Cherwell River (Rail,43.677
10008687,-27.923098,152.471461,Lot 1936 Tarome Rd TAROME,QLD,4,,Within 10 metres,,NT8N,schultz_lookout_aler,Schultz Lookout Aler,31.217
10008868,-20.408147,148.578544,Fire Station 61 Hinschen Street Proserpine,QLD,4,,Within 10 metres,,MR4G,strathdickie_al,Strathdickie AL,9.124
10008887,-26.62164,152.9076,460 Nambour Mapleton Rd KUREELPA,QLD,4,,Within 10 metres,,NT5L,obi_lookout_al,Obi Lookout AL,12.493
10008967,-28.678556,153.597533,59 Coopers Shoot Rd Coopers Shoot,NSW,4,,Within 10 metres,,NU3K,coopers_shoot_repeat,Coopers Shoot Repeat,0.177
10009026,-24.393623,148.359934,MIA Site off Dawson Hwy 27km WNW ROLLESTON,QLD,5,,Within 10 metres,,MS7F,rolleston_al,Rolleston AL,27.496
10009062,-16.472,145.3286,Mossman Gorge Road  (5km WSW of) MOSSMAN,QLD,4,,Within 10 metres,,LQ1F,saddle_mountain_aler,Saddle Mountain Aler,52.445
10009087,-33.885008,151.176139,1 Sterling Cct CAMPERDOWN,NSW,2,,Within 10 metres,,NV7M,kincumber,Kincumber,52.734
10009531,-19.662221,147.31344,Russo and Vella DGPS 14 km SW of Ayr Mount Kelly,QLD,4,,Within 10 metres,,LR3J,mt_kelly_al,Mt Kelly AL,0.076
10009701,-34.604453,150.812205,Western Comms Site Dunmore Quarry 38 Tabbitta Road DUNMORE,NSW,2,,Within 10 metres,,MW3L,vincentia,Vincentia,54.237
10010193,-27.75226,153.347,80 Cabbage tree point rd WOONGOOLBA,QLD,2,,Within 10 metres,,NT9N,cedar_ck_plunket,Cedar Ck (Plunket,19.227
10010312,-25.321168,152.559238,Howard Emergency Services Complex Thomas Street HOWARD,QLD,4,,Within 10 metres,,NT2G,takura_reservoir_ale,Takura Reservoir Ale,14.778
10011196,-33.420859,151.339758,Gosford Hospital Holden St NSW,NSW,2,,Within 10 metres,,NV7F,somersby,Somersby,4.817
10011364,-33.844533,151.074899,NSW Fire Service Headquarters 4 Murray Rose Avenue Sydney Olympic Park,NSW,2,,Within 10 metres,,NV7M,kincumber,Kincumber,53.362
10011922,-33.2976,151.3012,BoM Site 357 Lyrebird Lane PALM GROVE,NSW,2,,Within 10 metres,,NV7F,somersby,Somersby,11.187
10011923,-33.4022,151.3939,BoM Site 73 Toomeys Road MOUNT ELLIOT,NSW,2,,Within 10 metres,,NV7F,kincumber,Kincumber,5.383
10012541,-37.800392,142.81176,CFA Site 3174 Mortlake-Ararat Rd Woorndoo,VIC,4,,Within 10 metres,,KX1P,mt_warrnambool_repea,Mt Warrnambool Repea,56.529
10012607,-19.662,147.3135,Radio Site via Mt Kelly Dr MOUNT KELLY,QLD,4,,Within 10 metres,,LR3J,mt_kelly_al,Mt Kelly AL,0.074
100129,-23.476616,148.489461,Mine Site ENSHAM MINE,QLD,4,4702,Unknown,212,MS4F,emerald_al,Emerald AL,33.467
10013217,-28.138545,151.795362,South Toolburra Farm Leyburn Cunningham Rd PRATTEN,QLD,4,,Within 10 metres,,NU1D,bony_mountain_al,Bony Mountain AL,8.983
10013467,-34.920911,150.389271,SCC site Yalwal Rd DANJERA DAM,NSW,4,,Within 10 metres,,MW3N,vincentia,Vincentia,31.846
10013594,-28.67846,153.59739,NSWTA 20m Monopole off Coopers Shoot Road COOPERS SHOOT,NSW,4,2479,Within 10 metres,,NU3K,coopers_shoot_repeat,Coopers Shoot Repeat,0.16
10013776,-27.386221,151.921267,Toowoomba Regional Council lay down yard Pipeline Road COOBY DAM,QLD,4,,Within 10 metres,,NT7H,toowoomba_radar,Toowoomba Radar,14.336
10014207,-33.8591,151.181567,29 Booth Street Balmain,NSW,2,,Within 10 metres,,NV7M,kincumber,Kincumber,49.898
10014473,-33.8494,150.9697,26 Robertson Street GUILDFORD WEST,NSW,2,,Within 10 metres,,MV9P,somersby,Somersby,58.556
10015567,-27.3636,153.1706,AIS Beacon #21 NW off Port of Brisbane Moreton Bay,QLD,2,,Within 10 metres,,NT9E,eildon_hill_al,EILDON HILL AL,16.374
10015568,-27.3612,153.171,AIS Beacon #19 NW off Port of Brisbane Moreton Bay,QLD,2,,Within 10 metres,,NT9E,eildon_hill_al,EILDON HILL AL,16.535
10015569,-27.3583,153.1729,AIS Beacon #17 NW off Port of Brisbane Moreton Bay,QLD,2,,Within 10 metres,,NT9E,eildon_hill_al,EILDON HILL AL,16.856
10015570,-27.357,153.1752,AIS Beacon #15 NW off Port of Brisbane Moreton Bay,QLD,2,,Within 10 metres,,NT9E,eildon_hill_al,EILDON HILL AL,17.125
100166,-27.396575,153.114822,Rear End JUHI Admin Bldg Hakea St BRISBANE AIRPORT,QLD,2,4009,Within 10 metres,,NT9E,eildon_hill_al,EILDON HILL AL,9.81
10016811,-33.905264,151.132376,Radio Site 608 New Canterbury Road HURLSTONE PARK,NSW,2,,Within 10 metres,,NV7M,kincumber,Kincumber,56.482
10017236,-30.70318,150.044641,FRNSW 175 Merton Street Boggabri,NSW,4,,Within 10 metres,,MU9I,carroll_village_nam,Carroll Village (Nam,49.062
10017242,-28.187409,153.53953,FRNSW Lots 387 and 405 Dry Dock Road Tweed Heads,NSW,2,,Within 10 metres,,NU3C,tweed_heads_duranba,Tweed Heads (Duranba,9.71
10017985,-27.629683,152.380423,SEQ Water Site Bill Gunn Dam LAIDLEY HEIGHTS,QLD,4,,Within 10 metres,,NT8J,schultz_lookout_aler,Schultz Lookout Aler,5.226
10017986,-27.509611,151.955092,SEQ Water Site Shuttleworth Crt TOOWOOMBA,QLD,4,,Within 10 metres,,NT7L,paradise_ck_rd,Paradise Ck Rd,13.68
10017987,-26.508192,152.58317,SEQ Water Site via Yabba Creek Rd BORUMBA DAM,QLD,4,,Within 10 metres,,NT5K,moy_pocket_al,Moy Pocket AL,16.116
10017988,-26.658293,152.452485,SEQ Water Site Kilcoy Murgon Rd JIMNA,QLD,4,,Within 10 metres,,NT5J,coolabine_ck_aler,Coolabine Ck Aler,32.024
10017989,-27.536476,152.79919,SEQ Water Site Allawah Rd MT CROSBY,QLD,2,,Within 10 metres,,NT8L,bundamba_barclay_st,Bundamba (Barclay St,9.691
10017990,-28.265906,152.537218,SEQ Water Site Carneys Creek Rd WHITE SWAMP,QLD,4,,Within 10 metres,,NU2G,wilsons_peak,Wilsons Peak,5.805
10017991,-26.714169,152.871998,SEQ Water Site Baroon Pocket Rd BAROON DAM,QLD,4,,Within 10 metres,,NT5L,obi_lookout_al,Obi Lookout AL,7.123
10017992,-27.941906,152.959443,SEQ Water Site Bromelton Dam Brabazon Rd GLENEAGLE,QLD,2,,Within 10 metres,,NT8P,round_mountain_al,Round Mountain AL,14.678
10017993,-26.177335,152.871877,SEQ Water Site Wolvi Mountain Rd MT WOLVI,QLD,4,,Within 10 metres,,NT5D,mt_wolvi_al,Mt Wolvi AL,0.442
10017996,-27.935487,152.594153,SEQ Water Site Kalbar Connection Rd KALBAR WEIR,QLD,4,,Within 10 metres,,NT8O,willowbank,Willowbank,28.22
10017997,-26.94658,152.584643,SEQ Water Site Kennedys Rd KILCOY,QLD,4,,Within 10 metres,,NT5O,bellthorpe_gap_rd,Bellthorpe (Gap Rd),20.196
10018140,-19.345792,146.852755,21 Hunter Street STUART,QLD,4,,Within 10 metres,,LR2H,stuart_al,Stuart AL,0.213
10018387,-19.27217,146.7557,411 Bayswater Road  GARBUTT,QLD,4,,Within 10 metres,,LR2H,castle_hill_al,Castle Hill AL,5.199
10018864,-17.264043,145.393139,"Energy Qld site Mt Wallum, 9 km W of ATHERTON",QLD,4,,Within 10 metres,,LQ4F,bones_knob_al,Bones Knob AL,7.479
10018986,-27.450996,153.030885,"Brisbane Exhibition Grounds, 600 Gregory Terrace Bowen Hills",QLD,2,,Within 10 metres,,NT9E,eildon_hill_al,EILDON HILL AL,2.128
10019343,-26.19358,149.7911,Atlas Compressor Station 20km South West of WANDOAN,QLD,5,,Within 10 metres,,MT5D,bundi_rd_al,Bundi Rd AL,20.103
10019484,-33.94605,151.1939,17 Byrnes St BOTANY,NSW,2,,Within 10 metres,,NV7M,kincumber,Kincumber,58.455
10019963,-21.424344,149.223137,Council Site Brewers Rd SARINA,QLD,4,,Within 10 metres,,MR8E,hospital_br_aler,Hospital Br Aler,31.933
10020275,-22.811104,148.676103,"BoM Site, Nolan Drive MIDDLEMOUNT",QLD,4,,Unknown,,MS1O,mt_lowe_al,Mt Lowe Al,54.938
10020277,-26.992197,152.431402,"BoM Site, Pohlmans Range Road GREGORS CREEK",QLD,4,,Within 100 metres,,NT5N,bellthorpe_gap_rd,Bellthorpe (Gap Rd),35.644
10020298,-24.35954,150.16014,QGP 9481 Leichhardt Hwy BANANA,QLD,4,,Within 10 metres,,MS9E,banana_range_al,Banana Range AL,18.598
10020301,-27.11637,150.891945,DDP 472 Grahams Road KOGAN,QLD,5,,Within 10 metres,,MT9D,braziers_hill_al,Braziers Hill Al,49.532
10020302,-26.890255,150.353208,DDP 4839 Kogan Condamine Rd WIEAMBILLA,QLD,5,,Within 10 metres,,MT6N,bottle_tree_al,Bottle Tree AL,12.733
10020747,-22.637148,148.44611,Ramp 59 Mine Site NORWICH PARK,QLD,4,4745,Within 10 metres,,MS1J,mt_lowe_al,Mt Lowe Al,42.552
10020786,-33.864297,151.22612,Building 1 Garden Island POTTS POINT,NSW,2,,Within 10 metres,,NV7M,kincumber,Kincumber,48.893
10021117,-27.649167,152.942222,Defence Site MTR Off Centenary Highway  GREENBANK,QLD,2,,Within 100 metres,,NT8L,hillcrest_wine_glass,Hillcrest(Wine Glass,9.156
10021150,-31.126993,150.922279,South Tamworth Fire Station 13 The Ringers Road Tamworth,NSW,4,,Within 10 metres,,MV3D,carroll_village_nam,Carroll Village (Nam,48.487
10021351,-27.20944,151.2848,6 Commodity Court DALBY,QLD,4,,Within 10 metres,,NT7B,mt_mowbullan_rptr,Mt MOWBULLAN RPTR,47.468
10021498,-27.448714,153.027194,"Block 21, Mental Health Centre Royal Brisbane Hospital HERSTON",QLD,2,,Within 10 metres,,NT9E,eildon_hill_al,EILDON HILL AL,1.794
10021577,-25.906667,152.923333,Defence Site Mt Marylin Approx. 7.2km East of Cooloola Coast Rd TIN CAN BAY,QLD,4,,Within 10 metres,,NT2P,mt_wolvi_al,Mt Wolvi AL,30.54
10021579,-27.706111,152.977222,Defence Site Range control Approx. 200m East of Goodna Rd Greenbank,QLD,2,,Within 10 metres,,NT8L,hillcrest_wine_glass,Hillcrest(Wine Glass,6.164
10021584,-28.071944,153.224444,Defence Site Canungra South Approx. 300m West of Beechmont Road LOWER BEECHMONT,QLD,2,,Within 10 metres,,NU3A,laheys_lookout_al,Laheys Lookout AL,9.275
10021723,-19.161389,146.2025,Defence Site-Star River Mast Approx. 18 km south west of Ewan Paluma Road Dotswood,QLD,4,,Within 10 metres,,LR2A,paluma_al,Paluma AL,16.89
10021724,-19.628056,146.315,Defence Site-Mt St Michael Appox . 2.4km North east of Dotswood Road Dotswood,QLD,4,,Within 10 metres,,LR2J,charters_towers_weir,Charters Towers Weir,37.614
10021725,-19.601667,146.549444,Defence Site- Sentry Post 3 approx. 19 km North of Dotswood Road Granite Vale,QLD,4,,Within 10 metres,,LR2K,haughton_river_flin,Haughton River (Flin,29.829
10021726,-19.441667,146.520556,Defence Site-High Range approx . 10 km South east of Harvey range RdH Hervey Range,QLD,4,,Within 10 metres,,LR2G,allambie_lane,Allambie Lane,21.566
10021736,-19.342222,146.734722,Defence Site-Mt Stuart Range control Approx . 10m west of Angus smith Dr Mount Stuart,QLD,4,,Within 10 metres,,LR2G,allambie_lane,Allambie Lane,3.625
10021738,-19.343611,146.780833,Defence Site- Mt. Stuart North Approx. 25m NW of Mount Stuart Rd Mount Stuart,QLD,4,,Within 10 metres,,LR2H,gordon_ck_al,Gordon Ck AL,4.461
10021739,-19.377222,146.770556,Defence Site- Mt Migloo Approx. 3.2 East of Angus Smith Dr Mount Stuart,QLD,4,,Within 10 metres,,LR2H,allambie_lane,Allambie Lane,6.629
10021778,-19.397222,146.333056,Defence Site- Ben Lomond Approx. 8.5 km NW of Hervey Range Rd Dotswood,QLD,4,,Within 10 metres,,LR2F,allambie_lane,Allambie Lane,39.602
10021878,-17.796111,145.780278,Defence Site-Earls Court Approx. 12 km North of Tully Gorge Rd Walter Hill,QLD,4,,Within 10 metres,,LQ4P,koombooloomba_al,Koombooloomba AL,19.402
10021879,-17.888333,145.811111,Defence Site-Tully Range control Approx. 300m North Tully Gorge Rd Walter Hill,QLD,4,,Within 10 metres,,LQ4P,euramo_al,Euramo AL,18.072
10022009,-26.672834,153.09989,Alex Headland Reservoir 56 Tantula Rd E Alexandra Headland,QLD,4,,Within 10 metres,,NT6I,bald_knob_al,Bald Knob AL,21.799
10022010,-26.679989,153.138305,Point Cartwright Reservoir Pacific Blvd Buddina,QLD,4,,Within 10 metres,,NT6I,bald_knob_al,Bald Knob AL,24.728
10022011,-26.656693,153.094203,Northern Corporate Centre 5-9 Maud St Maroochydore,QLD,4,,Within 10 metres,,NT6I,bald_knob_al,Bald Knob AL,22.37
10022012,-26.667233,153.044784,Kunda Park Reservoir 70-46 Jarrah Rd Buderim,QLD,4,,Within 10 metres,,NT6I,bald_knob_al,Bald Knob AL,17.876
10022013,-26.685225,153.080601,Mountain Creek Reservoir Mooloolaba Rd Buderim,QLD,4,,Within 10 metres,,NT6I,bald_knob_al,Bald Knob AL,19.442
10022014,-26.675521,153.075743,Maroochydore South Reservoir Facility 33 Rim Rd Buderim,QLD,4,,Within 10 metres,,NT6I,bald_knob_al,Bald Knob AL,19.648
10022196,-27.44929,153.0263,STARS 296 Herston Rd HERSTON,QLD,2,,Within 10 metres,,NT9E,eildon_hill_al,EILDON HILL AL,1.845
10022226,-17.689722,146.113056,Range control Approx 20m West of Inarlinga Rd Cowley Beach,QLD,4,,Within 10 metres,,LQ5I,sweeney_ck_u_s_al,Sweeney Ck U/S Al,20.487
10022407,-24.375556,148.437139,TLO Site Dawson Hwy 21km WNW ROLLESTON,QLD,5,,Within 10 metres,,MS7F,rolleston_al,Rolleston AL,21.053
10022482,-22.5954,148.4134,Far North DYSART,QLD,4,,Within 10 metres,,MS1J,mt_lowe_al,Mt Lowe Al,43.776
10022711,-32.64,151.172778,Hut Hill Approx. 800m East of Range Road Singleton,NSW,4,,Within 10 metres,,NV4I,lookout_rd_reservoir,Lookout Rd Reservoir,58.239
10022712,-32.725833,151.139722,Retrans Peak (F241) Approx. 1.5km North of Cessnock Rd Singleton,NSW,4,,Within 10 metres,,NV4I,lookout_rd_reservoir,Lookout Rd Reservoir,56.291
10022780,-28.20692,153.270845,"BoM site, 2459 Springbrook Road Springbrook",QLD,2,,Within 10 metres,,NU3B,o_reillys_al,O'Reillys AL,13.528
10022822,-33.409535,151.193642,69 Cooks Road Glenworth Valley,NSW,2,,Within 10 metres,,NV7E,somersby,Somersby,9.549
10023178,-18.744025,146.579918,Butler Bay Reservoir PALM ISLAND,QLD,4,,Within 10 metres,,LQ8K,paluma_al,Paluma AL,48.415
10023646,-27.194786,152.092222,"Council Monopole Barnes Hill, Anduramba Road Anduramba",QLD,4,,Within 10 metres,,NT8A,toowoomba_radar,Toowoomba Radar,13.192
10024573,-25.427372,152.117161,"ViaSat Earth Station, Mt Goonaneman, via Brandts Road Golden Fleece",QLD,4,,Within 100 metres,,NT2E,mt_goonaneman_al,Mt Goonaneman AL,0.015
10025278,-22.458903,148.319014,"New Southern, Saraji Mine, 14.6km NNW of Dysart",QLD,4,,Within 10 metres,,MS1F,mt_lowe_al,Mt Lowe Al,52.557
10025279,-22.407208,148.291228,"Central 2021, Saraji Mine, 20.8km NNW of Dysart",QLD,4,,Within 10 metres,,MS1F,mt_lowe_al,Mt Lowe Al,57.225
10025517,-33.709653,151.097906,14-18 College Cres HORNSBY,NSW,2,,Within 10 metres,,NV7I,somersby,Somersby,39.189
10025540,-26.90154,152.850412,Swains Fire Tower Tower Hill WOODFORD,QLD,2,,Within 10 metres,,NT5P,hume_lane_alert,Hume Lane Alert,7.988
10025541,-26.956146,152.96045,HQ Plantations Office Steve Irwin Way BEERBURRUM,QLD,2,,Within 10 metres,,NT5P,hume_lane_alert,Hume Lane Alert,14.252
10025542,-26.891756,152.104786,Blackbutt Forest Office 2 Pine St BLACKBUTT,QLD,4,,Within 10 metres,,NT5M,toowoomba_radar,Toowoomba Radar,43.94
10025543,-26.172966,152.462093,Fire Tower Brooyar State Forest WIDGEE,QLD,4,,Within 10 metres,,NT5B,widgee_ck_wide_bay,Widgee Ck (Wide Bay,10.277
10025544,-26.334082,152.620544,Cookes Tower  149 Gibson Rd MOOLOO,QLD,4,,Within 10 metres,,NT5G,moy_pocket_al,Moy Pocket AL,24.632
10025545,-26.461772,152.370555,Mortimer Fire Tower Kandanga Creek Rd MANUMBAR,QLD,4,,Within 10 metres,,NT5F,moy_pocket_al,Moy Pocket AL,37.837
10025546,-27.314218,152.320381,Fire Tower Esk State Forest MT ARTHUR,QLD,4,,Within 10 metres,,NT8F,mt_hallen_sandy,Mt Hallen (Sandy,5.533
10025549,-26.460713,152.664792,HQ Plantations Office 8 Yabba Road IMBIL,QLD,4,,Within 10 metres,,NT5G,moy_pocket_al,Moy Pocket AL,10.716
10025556,-21.082078,149.120319,Repeater Site via Glendaragh Rd FARLEIGH,QLD,4,,Within 10 metres,,MR8A,black_mountain_farl,Black Mountain (Farl,3.253
10025607,-22.504019,148.350869,"Hakea, Saraji Mine, 9.3km North of Dysart",QLD,4,,Within 10 metres,,MS1J,mt_lowe_al,Mt Lowe Al,49.131
10025626,-31.843391,152.752727,"Marine Rescue Site, Elizabeth Street CROWDY HEAD",NSW,4,,Within 10 metres,,NV2P,port_macquarie_golf,Port Macquarie (Golf,42.808
10025995,-26.653699,152.098268,Marble Top Fire Tower MARBLE TOP,QLD,4,,Within 10 metres,,NT5I,mt_mowbullan_rptr,Mt MOWBULLAN RPTR,55.871
10025996,-26.663944,152.455643,Jimna Steel Tower Kilcoy Murgon Rd JIMNA,QLD,4,,Within 10 metres,,NT5J,coolabine_ck_aler,Coolabine Ck Aler,31.858
10026617,-27.558513,153.063093,Qld Sports and Athletics Centre Kessels Rd NATHAN,QLD,2,,Within 10 metres,,NT9I,mt_gravatt_lookout_a,MT GRAVATT LOOKOUT A,2.06
10026737,-20.64155,147.14816,"Burdekin Dam Water Tower, Burdekin Falls Dam Road Ravenswood",QLD,5,,Within 10 metres,,LR6I,burdekin_dam_repeater_alert,BURDEKIN DAM REPEATER ALERT,0.022
10027266,-29.023679,152.379316,"Monopole, 1042 Long Gully Road, 10.7 km S of DRAKE",NSW,4,,Within 10 metres,,NU5B,ballandean_hill_aler,Ballandean Hill Aler,59.048
10027368,-22.830194,148.649875,North Site Middlemount Mine MIDDLEMOUNT,QLD,4,,Within 10 metres,,MS1O,mt_lowe_al,Mt Lowe Al,51.916
10027398,-27.922379,151.953296,118 Willow Springs Rd CLIFTON,QLD,4,,Within 10 metres,,NT7P,bony_mountain_al,Bony Mountain AL,21.279
10027437,-20.3264,148.586122,QR Site Mt Lucas STRATHDICKIE,QLD,4,,Within 10 metres,,MR4G,strathdickie_al,Strathdickie AL,0.002
10027463,-34.870855,150.600641,Nowra Fire Station 69 Bridge Road Nowra,NSW,4,,Within 10 metres,,MW3O,vincentia,Vincentia,24.354
10027635,-26.685385,153.129333,Marina 33-45 Parkyn Pde MOOLOOLABA,QLD,4,,Within 10 metres,,NT6I,bald_knob_al,Bald Knob AL,23.663
10027993,-25.28756,150.29376,"Cracow Repeater, 1KM NW of Cracow Cracow",QLD,5,,Within 100 metres,,MT3F,cracow_al,Cracow AL,0.084
10028089,-18.649512,146.162648,Fire Station Eleanor Street INGHAM,QLD,4,,Within 10 metres,,LQ8I,paluma_al,Paluma AL,40.47
10028221,-33.880274,151.221519,St Vincent's Hospital site 1 390 Victoria St Darlinghurst,NSW,2,,Within 10 metres,,NV7M,kincumber,Kincumber,50.71
10028222,-33.880667,151.220179,St Vincent's Hospital site 2 390 Victoria St Darlinghurst,NSW,2,,Within 10 metres,,NV7M,kincumber,Kincumber,50.792
10028323,-21.108756,149.222987,Old Boat Ramp Monopole corner of Outer Harbour Road & Ken White Avenue MACKAY HARBOUR,QLD,4,,Within 10 metres,,MR8A,outer_harbour_tide_a,Outer Harbour Tide A,0.107
10028417,-18.47698,145.89221,Wilmar Site via Abergowrie Rd ABERGOWRIE,QLD,4,,Within 10 metres,,LQ7H,wallaman_al,Wallaman AL,16.334
10028418,-18.49064,145.98919,Mahoneys Site via Abergowrie Rd ABERGOWRIE,QLD,4,,Within 10 metres,,LQ7H,wallaman_al,Wallaman AL,26.67
10028615,-33.487653,149.022405,"Moly Plant Cadia Mine, 1650 Cadia Road CADIA",NSW,4,,Within 10 metres,,MV8E,orange_stp_enviromon,Orange Stp Enviromon,26.694
10028616,-33.507236,148.97012,"Cody's Mount, 445 Panuara Road PANUARA",NSW,4,,Within 10 metres,,MV7L,orange_stp_enviromon,Orange Stp Enviromon,30.736
10028858,-21.146499,149.155255,"Mackay Base Hospital Rooftop Pole Mount, 475 Bridge Road Mackay",QLD,4,,Within 100 metres,,MR8A,hospital_br_aler,Hospital Br Aler,0.25
10029030,-28.842352,153.542481,57 Gallans Road BALLINA,NSW,4,,Within 10 metres,,NU3O,tuckombil,Tuckombil,6.3
10029151,-22.414181,148.32195,"Ramp9, 20 km north of Dysart Saraji Mine",QLD,4,,Unknown,,MS1F,mt_lowe_al,Mt Lowe Al,57.367
10029164,-21.145283,149.154549,Helipad Secure Site Bridge Road MACKAY 4740,QLD,4,,Within 10 metres,,MR8A,hospital_br_aler,Hospital Br Aler,0.099
10029357,-23.446752,150.44167,158 Foster Street Gracemere,QLD,4,,Within 10 metres,,MS6F,mt_hopeful_al,Mt Hopeful AL,32.859
10029733,-31.97234,151.80899,NSWTA 20m Lattice Tower Copeland Tops off Copeland Trig Trail COPELAND,NSW,4,,Within 10 metres,,NV1P,copeland_tops_copel,Copeland Tops (Copel,0.02
10029951,-35.536789,150.383601,"Generator Site - Bawley Point, 374 Murramarang Road Bawley Point",NSW,4,,Within 10 metres,,MW6J,budawang,Budawang,35.673
10030248,-33.5713,149.3829,"BoM Site, 103 Stringybark Road NEWBRIDGE",NSW,4,,Within 10 metres,,MV8J,orange_stp_enviromon,Orange Stp Enviromon,41.469
10030311,-24.762632,152.386784,15-17 Marina Drive Port Bundaberg,QLD,4,,Within 10 metres,,NS8N,walla_al_b,Walla AL-B,58.03
10030374,-32.793275,151.478144,Hart Road LOXFORD,NSW,3,,Within 10 metres,,NV4N,lookout_rd_reservoir,Lookout Rd Reservoir,25.089
10030434,-34.581069,149.359993,Gullen Range Wind Farm (BWF_04) 280 Storriers Lance Bannister,NSW,4,,Within 10 metres,,MW2J,bumana,Bumana,35.059
10030435,-34.53447,149.43342,Gullen Range Wind Farm (BAN_08) 280 Storriers Lance Bannister,NSW,4,,Within 10 metres,,MW2J,bumana,Bumana,31.037
10030436,-34.62936,149.45916,Gullen Range Wind Farm (POM_08) 280 Storriers Lance Bannister,NSW,4,,Within 10 metres,,MW2J,bumana,Bumana,24.887
10030437,-34.6733,149.48749,Gullen Range Wind Farm (GUR_07) 280 Storriers Lance Bannister,NSW,4,,Within 10 metres,,MW2J,bumana,Bumana,21.723
100306,-33.269393,151.470673,CMTS Site Reservoir Johns Rd WALDALBA,NSW,2,2259,Within 10 metres,47,NV7F,kincumber,Kincumber,21.04
10030632,-27.27401,151.99303,BOM-Darling Downs Bald Hills Rd WHICHELLO,QLD,4,4352,Within 10 metres,,NT7H,toowoomba_radar,Toowoomba Radar,0.022
10030949,-23.19244,148.418824,Sojitz Gregory Mine 45 km NE of EMERALD,QLD,4,,Within 10 metres,,MS4B,mt_lowe_al,Mt Lowe Al,42.188
10032455,-33.96137,151.254,Jemena Malabar Plant 247 Franklin St MALABAR,NSW,2,,Within 10 metres,,NV7N,kincumber,Kincumber,58.511
10033091,-25.996604,152.833788,HQPlantations Toolara Office Tin Can Bay Rd TOOLARA FOREST,QLD,4,,Within 10 metres,,NT2P,mt_wolvi_al,Mt Wolvi AL,20.307
10033092,-25.677494,152.793231,Tuan Steel Tower Maryborough Tuan Forest Rd TUAN,QLD,4,,Within 10 metres,,NT2L,takura_reservoir_ale,Takura Reservoir Ale,39.888
10033093,-25.436155,152.567914,Wongi Fire Tower Lenthall Dam Rd WONGI,QLD,4,,Within 10 metres,,NT2G,takura_reservoir_ale,Takura Reservoir Ale,18.404
10033094,-24.699367,151.302653,Kalpowar Hill Forest Street KALPOWAR,QLD,4,,Within 10 metres,,NS7J,mt_fort_william_aler,Mt Fort William Aler,6.832
10033347,-16.467273,145.37259,Mossman Fire Station 87-89 Front Street MOSSMAN,QLD,4,,Within 10 metres,,LQ1F,saddle_mountain_aler,Saddle Mountain Aler,49.794
10033632,-31.075618,150.958273,Tamworth Regional Council GPoV - Bald Hill TAMWORTH,NSW,4,,Within 10 metres,,MV3D,carroll_village_nam,Carroll Village (Nam,50.28
10034425,-35.061373,149.581559,"Mill Processor, Woodlawn Mine Site 507 Collector Road TARAGO",NSW,4,,Within 10 metres,,MW5C,bumana,Bumana,44.699
10034905,-32.826615,151.728722,21D School Drive TOMAGO,NSW,3,,Within 10 metres,,NV4O,lookout_rd_reservoir,Lookout Rd Reservoir,12.277
10035159,-32.787919,151.478802,"Snowy Hydro Hunter Power Communications Room, Hart Road LOXFORD",NSW,3,,Within 10 metres,,NV4N,lookout_rd_reservoir,Lookout Rd Reservoir,25.413
10035232,-16.357395,145.415046,MRQPD Ops 5 Camelia Close WONGA BEACH,QLD,4,,Within 10 metres,,LQ1F,saddle_mountain_aler,Saddle Mountain Aler,57.651
10035444,-33.889564,151.193286,J03 Building Maze Crescent Darlington,NSW,2,,Within 10 metres,,NV7M,kincumber,Kincumber,52.593
10035614,-23.398553,150.491628,Rockhampton Zoo Curators Building  Cnr of Spencer St ROCKHAMPTON,QLD,4,,Within 10 metres,,MS6F,mt_hopeful_al,Mt Hopeful AL,37.103
10035733,-32.836027,151.450286,"HEZ Power Station Communications Room, 105 Bromage Road ABERMAIN",NSW,3,,Within 10 metres,,NV4N,lookout_rd_reservoir,Lookout Rd Reservoir,24.794
10035758,-26.855272,152.959287,Beerwah Fire Station 23A Beerwah Parade BEERWAH,QLD,2,,Within 10 metres,,NT5P,hume_lane_alert,Hume Lane Alert,6.52
10035759,-27.315227,151.848481,Goombungee Fire Station 4 Anvil Court GOOMBUNGEE,QLD,4,,Within 10 metres,,NT7H,toowoomba_radar,Toowoomba Radar,15.001
10035760,-27.450933,151.94727,Highfields Fire Station 49 Obrien Rd HIGHFIELDS,QLD,4,,Within 10 metres,,NT7H,paradise_ck_rd,Paradise Ck Rd,12.993
10036455,-27.978893,153.385679,Unit 11 19 Expo Court ASHMORE,QLD,2,,Within 10 metres,,NT9N,laheys_lookout_al,Laheys Lookout AL,20.054
10036624,-34.815825,150.661842,Jaspers Brush Airfield Swamp Rd Jaspers Brush,NSW,4,,Within 100 metres,,MW3O,vincentia,Vincentia,29.422
10036883,-33.688888,151.234742,"Kimbriki Site Office, 1 Kimbriki Road INGLESIDE",NSW,2,,Within 10 metres,,NV7I,kincumber,Kincumber,30.804
10036953,-32.995431,151.058602,553 Upper Yango Rd LAGUNA,NSW,4,,Within 10 metres,,NV4M,somersby,Somersby,49.911
10037375,-27.43568,153.5213,Reservoir Donohue St Point Lookout NORTH STRADBROKE ISLAND,QLD,4,,Within 10 metres,,NT9G,mt_gravatt_lookout_a,MT GRAVATT LOOKOUT A,45.763
10037403,-23.353391,148.581014,Portable Trailer within 30km Wilton Mine Fairhill Rd LILYVALE,QLD,4,,Within 10 metres,,MS4G,emerald_al,Emerald AL,46.62
10037437,-33.521246,148.985118,"Cadia Dam Trailer, Panuara Road PANUARA",NSW,4,,Within 10 metres,,MV7L,orange_stp_enviromon,Orange Stp Enviromon,31.497
10037786,-21.441317,148.71132,"Ergon Energy lattice tower, Mt Seaview Mount Britton",QLD,4,,Within 10 metres,,MR7G,mt_pinnacle_al,Mt Pinnacle AL,31.974
10038455,-27.640861,151.866917,DGPS Site 416 Toowoomba Karara Rd WYREEMA,QLD,4,,Within 10 metres,,NT7L,paradise_ck_rd,Paradise Ck Rd,29.455
10039043,-33.512789,149.220691,CTW Site Browns Creek Rd  BLAYNEY,NSW,4,,Within 10 metres,,MV8I,orange_stp_enviromon,Orange Stp Enviromon,28.889
10040030,-21.145456,149.154468,"DGPS Site, Mackay Hospital 475 Bridge St MACKAY",QLD,4,,Within 10 metres,,MR8A,hospital_br_aler,Hospital Br Aler,0.118
10040132,-27.94108,153.192212,Little Athletics 400 Long Rd TAMBORINE MOUNTAIN,QLD,2,,Within 10 metres,,NT9M,laheys_lookout_al,Laheys Lookout AL,6.313
10040191,-33.78188,151.121161,St John Macquarie Park 12 Lyonpark Road MACQUARIE PARK,NSW,2,,Within 10 metres,,NV7M,kincumber,Kincumber,45.205
10040306,-33.869123,151.180761,Sydney Superyacht Marina 2 Maritime Court ROZELLE,NSW,2,,Within 100 metres,,NV7M,kincumber,Kincumber,50.945
10040494,-23.24019,148.628112,Trailer Site Fairhill Mine Fairhill Rd 57km NE EMERALD,QLD,4,,Within 10 metres,,MS4C,emerald_al,Emerald AL,57.069
100406,-35.530623,149.51789,NSWTA 30m Lattice Tower Mt Cronin off Tower Rd CAPTAINS FLAT,NSW,4,2623,Within 10 metres,1189,MW5K,budawang,Budawang,43.614
10040867,-33.451403,148.998914,"Cadia Mine Vent Adit, Canyon Drive CADIA",NSW,4,,Within 10 metres,,MV7H,orange_stp_enviromon,Orange Stp Enviromon,24.016
100409,-35.44208,149.79929,Telstra Exchange BRAIDWOOD,NSW,4,2622,Within 100 metres,646,MW5H,budawang,Budawang,18.284
10041058,-17.120942,145.708027,Reservoir via Gallett Rd LITTLE MUSGRAVE,QLD,4,,Within 10 metres,,LQ4C,gillies_lookout_aler,Gillies Lookout Aler,5.895
10041059,-17.122387,145.697693,WPS via Neilsen Rd LITTLE MUSGRAVE,QLD,4,,Within 10 metres,,LQ4C,gillies_lookout_aler,Gillies Lookout Aler,5.447
10041077,-25.294584,152.865843,43 Exeter St TORQUAY,QLD,4,,Within 10 metres,,NT2H,ghost_hill_al,Ghost Hill AL,3.859
10041490,-33.917147,151.237614,New Sydney Childrens Hospital cnr Botany & High Streets RANDWICK,NSW,2,,Within 10 metres,,NV7M,kincumber,Kincumber,54.154
10041517,-28.195564,153.190357,Bell Bird Clearing off Binna Burra Rd BINNA BURRA,QLD,2,,Within 10 metres,,NU3A,o_reillys_al,O'Reillys AL,6.683
10041527,-33.280219,150.94872,CREST Site via Jacks Trail ST ALBANS,NSW,2,,Within 10 metres,,MV9H,somersby,Somersby,34.788
10041689,-34.5067,149.7228,off Middle Arm Road MIDDLE ARM,NSW,4,,Within 100 metres,,MW2K,bumana,Bumana,18.938
10041815,-22.603633,148.410321,"SKID-2 South Saraji Mine, 6.5 km E of DYSART",QLD,4,,Within 10 metres,,MS1J,mt_lowe_al,Mt Lowe Al,42.862
10041816,-22.566999,148.383454,"SKID-1 South Saraji Mine, 4.5 km NE of DYSART",QLD,4,,Within 100 metres,,MS1J,mt_lowe_al,Mt Lowe Al,44.578
10042690,-17.2464,145.7744,BoM Goldsborough Valley Alert Goldsborough Valley Campground GOLDSBOROUGH,QLD,4,,Within 10 metres,,LQ4D,gillies_lookout_aler,Gillies Lookout Aler,12.414
10042691,-17.5047,145.9928,BoM Mcavoy Bridge Alert Creagan Rd FITZGERALD CREEK,QLD,4,,Within 10 metres,,LQ4L,sweeney_ck_u_s_al,Sweeney Ck U/S Al,4.093
10042692,-28.7847,151.4122,BoM Upper Bracker Ck Alert Silver Spur Redgate Rd SILVER SPUR,QLD,4,,Within 10 metres,,NU1N,ballandean_al,Ballandean AL,39.742
10042693,-28.3614,151.1381,BoM Woodspring Alert 6033 Millmerran Inglewood Rd INGLEWOOD,QLD,4,,Within 10 metres,,NU1E,warahgai_al,Warahgai AL,37.489
10042694,-17.7047,145.1461,BoM Mt Garnet Alert Mount Garnet Airfield INNOT HOT SPRINGS,QLD,4,,Within 10 metres,,LQ4I,upper_rudd_ck_ale,Upper Rudd Ck Ale,46.315
10042695,-27.9839,152.2909,BoM Upper Dalrymple Ck Alert 2006 Inverramsay Rd GOOMBURRA,QLD,4,,Within 10 metres,,NT8N,mt_sylvia_al,Mt Sylvia AL,30.077
10042696,-26.6333,151.2703,BoM Diamondy Al Mount Pipe Dodge Rd DIAMONDY,QLD,4,,Within 10 metres,,NT4J,braziers_hill_al,Braziers Hill Al,17.121
10042697,-27.1897,151.6994,BoM Kulpi Alert 49 Oakey Cooyar Rd KULPI,QLD,4,,Within 10 metres,,NT7C,toowoomba_radar,Toowoomba Radar,30.521
10042698,-26.3642,150.2161,BoM Stillers Road Alert Greens Rd PELHAM,QLD,5,,Within 10 metres,,MT6E,clovelly_al,Clovelly AL,18.686
10042699,-26.2514,150.7272,BoM Upper Stockyard Creek Al Kragra Barakula Rd KRAGRA,QLD,5,,Within 10 metres,,MT6G,turkey_mountain_al,Turkey Mountain Al,17.674
10042945,-17.614435,145.800372,JHG Office via Palmerston Hwy EAST PALMERSTON,QLD,4,,Within 10 metres,,LQ4L,marco_street_al,Marco Street AL,17.707
10042946,-17.607997,145.77653,JHG Site 1 via Palmerston Hwy PALMERSTON,QLD,4,,Within 10 metres,,LQ4L,maalan_rd_al,Maalan Rd AL,19.128
10043136,-26.6555,153.216167,"Gneering Shoal Buoy, 8.1 km ENE of POINT CARTWRIGHT",QLD,4,,Unknown,,NT6I,bald_knob_al,Bald Knob AL,32.883
10043158,-27.69642,152.812281,150 Botany Dr SOUTH RIPLEY,QLD,2,,Within 10 metres,,NT8L,loamside_al,Loamside AL,8.265
10044101,-27.957029,153.183816,Football Club 386-398 Main Western Rd TAMBORINE MOUNTAIN,QLD,2,,Within 10 metres,,NT9M,laheys_lookout_al,Laheys Lookout AL,4.469
10044128,-20.27085,147.56982,Blast Site Mt Carlton Mine 74 km WSW of Bowen,QLD,4,,Within 10 metres,,LR6G,strathbogie_al,Strathbogie AL,14.289
10044303,-28.61972,152.100024,CREST Liston  5438A Mt Lindesay Rd LISTON,NSW,4,,Within 10 metres,,NU2I,upper_rosenthal_aler,Upper Rosenthal Aler,24.888
10045113,-33.801901,150.988723,"Cumberland Hospital, Corner of Dragonfly Drive and Redbank Road WESTMEAD",WA,2,,Within 10 metres,,MV9P,somersby,Somersby,53.14
100618,-35.735517,150.16988,Indara 30m Lattice Tower Round Hill off Princes Hwy BATEMANS BAY,NSW,4,2536,Within 100 metres,141,MW6I,budawang,Budawang,32.474
100755,-25.913141,153.005043,Fire Station 25 Bream St TIN CAN BAY,QLD,4,4580,Within 100 metres,,NT3M,mt_wolvi_al,Mt Wolvi AL,32.368
10076,-33.42358,150.734961,Bush Camp Comleroy Rd COLO,NSW,2,2758,Unknown,,MV9G,somersby,Somersby,52.115
10110,-33.505636,150.990593,Telstra Customer Schwartz CANOELANDS,NSW,2,2756,Unknown,84,MV9L,somersby,Somersby,30.72
10112,-33.50564,151.025038,Telstra Exchange Old North Road CANOELANDS,NSW,2,2159,Unknown,201,NV7I,somersby,Somersby,27.804
101162,-27.473667,153.004149,Vodafone Site Clough Bldg 301 Coronation Drive MILTON,QLD,2,4064,Within 10 metres,,NT9E,eildon_hill_al,EILDON HILL AL,4.956
101353,-33.796391,151.178976,Vodafone Site 12 Help St CHATSWOOD,NSW,2,2067,Unknown,110,NV7M,kincumber,Kincumber,43.752
101662,-18.541916,146.496754,AMSA Radar Site PELORUS ISLAND,QLD,4,4850,Unknown,,LQ8J,paluma_al,Paluma AL,59.876
10179,-33.740854,150.844294,RFS Training Centre 12 Florence St PLUMPTON,NSW,2,2761,Within 10 metres,50,MV9L,somersby,Somersby,56.577
101807,-35.362448,150.473112,Corner Deering Street and Princes Highway ULLADULLA,NSW,4,2539,Unknown,,MW6F,vincentia,Vincentia,36.6
10186,-33.765832,150.828985,Mount Druitt Hospital Railway Pde MOUNT DRUITT,NSW,2,2770,Unknown,58,MV9P,somersby,Somersby,59.501
10199,-33.654978,150.847408,Bandon Rd VINEYARD,NSW,2,2765,Unknown,,MV9L,somersby,Somersby,50.417
10276,-33.496679,151.038335,NSWTA 60m Lattice Tower 9 Canoelands Rd CANOELANDS,NSW,2,2159,Within 10 metres,204,NV7E,somersby,Somersby,26.266
10281,-33.398767,150.984909,RFS Site Old Northern Rd WISEMANS FERRY,NSW,2,2775,Within 10 metres,73,MV9H,somersby,Somersby,28.842
10550,-33.406734,149.572254,Bathurst District Hospital BATHURST,NSW,4,2795,Unknown,,MV8G,orange_stp_enviromon,Orange Stp Enviromon,44.133
10556,-33.455835,149.551331,Castrol Tower Water Telemetry Repeater MT PANORAMA,NSW,4,2795,Within 10 metres,871,MV8G,orange_stp_enviromon,Orange Stp Enviromon,44.641
10562,-33.570109,149.326133,Commsite CLARKE TRIG,NSW,4,2799,Unknown,1084,MV8J,orange_stp_enviromon,Orange Stp Enviromon,38.598
10570,-33.458866,149.548634,Forestry Hut McPhillamy Park MT PANORAMA,NSW,4,2795,Within 10 metres,875,MV8G,orange_stp_enviromon,Orange Stp Enviromon,44.583
10575,-33.458986,149.547605,Evans Shire Council Hut McPhillamy Park MT PANORAMA,NSW,4,2795,Within 10 metres,874,MV8G,orange_stp_enviromon,Orange Stp Enviromon,44.506
10645,-33.530067,149.253409,23 Church St BLAYNEY,NSW,4,2799,Unknown,,MV8J,orange_stp_enviromon,Orange Stp Enviromon,31.708
10652,-33.646516,149.180704,Reece Communications Site MT MACQUARIE,NSW,4,2791,Within 100 metres,1183,MV8I,orange_stp_enviromon,Orange Stp Enviromon,42.74
10693,-33.2829,149.094205,Fire Station ORANGE,NSW,4,2800,Unknown,,MV8E,orange_stp_enviromon,Orange Stp Enviromon,3.798
10696,-33.303389,149.049806,Hillview Wrights Lane ORANGE,NSW,4,2800,Unknown,,MV8E,orange_stp_enviromon,Orange Stp Enviromon,8.508
10712,-33.34557,148.9811,Transgrid 45.7m Lattice Tower Mount Canobolas Rd CANOBOLAS,NSW,4,2800,Within 10 metres,1382,MV7H,orange_stp_enviromon,Orange Stp Enviromon,16.408
12173,-27.465485,153.025857,Sofitel Hotel 249 Turbot St BRISBANE,QLD,2,4000,Within 100 metres,,NT9E,eildon_hill_al,EILDON HILL AL,3.638
12280,-27.47352,153.026669,Mineral House 41 George St BRISBANE,QLD,2,4000,Within 10 metres,3,NT9E,eildon_hill_al,EILDON HILL AL,4.534
12316,-27.449234,153.028586,Block 7 Royal Brisbane Hospital Bowen Bridge Rd HERSTON,QLD,2,4006,Within 100 metres,23,NT9E,eildon_hill_al,EILDON HILL AL,1.878
12441,-27.438385,153.07179,11 Curtin Ave EAGLE FARM,QLD,2,4009,Within 100 metres,,NT9E,eildon_hill_al,EILDON HILL AL,4.737
12568,-27.228236,153.104227,Redcliffe Hospital Anzac Ave REDCLIFFE,QLD,2,4020,Within 10 metres,14,NT9A,eildon_hill_al,EILDON HILL AL,24.081
12606,-27.431179,153.025142,Optus/Hutchison Site adjacent to Eildon Hill Reservoir WINDSOR,QLD,2,4030,Within 10 metres,68,NT9E,eildon_hill_al,EILDON HILL AL,0.203
12617,-27.381253,153.028165,Wheller Gardens 930 Gympie Rd CHERMSIDE,QLD,2,4032,Within 100 metres,,NT9E,eildon_hill_al,EILDON HILL AL,5.745
12682,-27.429189,152.959578,Dept of Defence Military Site ENOGGERA HILL,QLD,2,4052,Within 100 metres,260,NT8H,the_summit_alert,The Summit Alert,4.017
12724,-27.464765,153.010171,Suncorp Stadium MILTON,QLD,2,4064,Within 100 metres,,NT9E,eildon_hill_al,EILDON HILL AL,3.814
12744,-27.460831,152.957846,Qld Communications Site Paten Rd MOUNT COOT-THA,QLD,2,4069,Within 10 metres,208,NT8H,the_summit_alert,The Summit Alert,1.095
12747,-27.46313,152.946612,Telstra Site The Summit MOUNT COOT-THA,QLD,2,4066,Within 10 metres,,NT8H,the_summit_alert,The Summit Alert,0.078
12749,-27.46313,152.94813,TXA T-Site Tower 445 Sir Samuel Griffith Drive MOUNT COOT-THA,QLD,2,4066,Within 10 metres,,NT8H,the_summit_alert,The Summit Alert,0.106
12750,-27.463175,152.94646,BCC/Telstra Site The Summit off Sir Samuel Griffith Dr MOUNT COOT-THA,QLD,2,4066,Within 10 metres,250,NT8H,the_summit_alert,The Summit Alert,0.087
12752,-27.464574,152.94742,BAI Comms Site 620 Sir Samuel Griffith Drive MOUNT COOT-THA,QLD,2,4066,Within 10 metres,222,NT8H,the_summit_alert,The Summit Alert,0.11
12758,-27.433481,153.114941,Qld Transport Marine Operations Centre Macarthur Av East PINKENBA,QLD,2,4008,Within 10 metres,0,NT9E,eildon_hill_al,EILDON HILL AL,8.956
12761,-27.471614,152.942255,TXA Q-Site Tower 632 Sir Samuel Griffith Drive MOUNT COOT-THA,QLD,2,4066,Within 10 metres,164,NT8H,the_summit_alert,The Summit Alert,1.016
12766,-27.479744,152.954043,Energex Site Constitution Hill Sir Samuel Griffith Dr MOUNT COOT-THA,QLD,2,4066,Within 10 metres,236,NT8H,constitution_hill,Constitution Hill,0.016
12847,-27.588645,152.912303,Water Tower Basil Stafford Ctr Aveyron Rd WACOL,QLD,2,4076,Within 100 metres,26,NT8L,bundamba_barclay_st,Bundamba (Barclay St,9.195
12867,-27.601509,152.911532,Wolston Park Hospital WACOL,QLD,2,4076,Within 100 metres,,NT8L,bundamba_barclay_st,Bundamba (Barclay St,8.673
12911,-27.485437,153.027786,Mater Hospital Raymond Tce SOUTH BRISBANE,QLD,2,4101,Within 100 metres,17,NT9E,eildon_hill_al,EILDON HILL AL,5.864
12926,-27.473924,153.036488,Admin Bldg Mt Olivet Hospital Main St KANGAROO POINT,QLD,2,4169,Within 100 metres,,NT9E,eildon_hill_al,EILDON HILL AL,4.731
130143,-25.422865,152.118078,Axicom Site Mt Goonaneman Access Rd MT GOONANEMAN,QLD,4,4621,Within 10 metres,476,NT2E,mt_goonaneman_al,Mt Goonaneman AL,0.523
130214,-27.610474,151.924194,Optus/Comtel Site 82 Volker St Darling Heights TOOWOOMBA,QLD,4,4350,Within 10 metres,696,NT7L,paradise_ck_rd,Paradise Ck Rd,23.123
130220,-29.086143,151.966348,Tenterfield Council 40m Lattice Tower Mount MacKenzie Lookout Rd TENTERFIELD,NSW,4,2372,Within 10 metres,1295,NU4D,ballandean_hill_aler,Ballandean Hill Aler,34.688
130245,-16.818246,145.662478,Optus Site Saddle Mountain Road  3 km E of Kuranda SADDLE MOUNTAIN,QLD,4,4871,Unknown,611,LQ1O,saddle_mountain_aler,Saddle Mountain Aler,0.035
130872,-33.487465,151.391272,Vodafone/Telstra/Optus Site 63 Empire Bay Rd KINCUMBER,NSW,2,2251,Within 10 metres,93,NV7F,kincumber,Kincumber,4.308
131105,-35.085058,150.678449,Shoalhaven City Council 50m Lattice Tower St George Avenue VINCENTIA,NSW,4,2541,Within 10 metres,87,MW6C,vincentia,Vincentia,0.58
13115,-27.676915,153.03047,Wineglass Water Tower Wineglass Dr HILLCREST,QLD,2,4118,Within 100 metres,43,NT9I,hillcrest_wine_glass,Hillcrest(Wine Glass,0.083
13117,-27.682334,152.983824,Defence Site GREENBANK,QLD,2,4124,Within 100 metres,,NT8L,hillcrest_wine_glass,Hillcrest(Wine Glass,4.596
13137,-27.512785,153.047942,Greenslopes Private Hospital Newdegate St GREENSLOPES,QLD,2,4120,Within 100 metres,26,NT9I,mt_gravatt_lookout_a,MT GRAVATT LOOKOUT A,4.12
131397,-21.598811,149.242474,Telstra Exchange KOUMALA,QLD,4,4738,Unknown,21,MR8I,hospital_br_aler,Hospital Br Aler,51.345
13145,-27.542701,153.073933,Powerlink Site The Summit MOUNT GRAVATT,QLD,2,4122,Within 10 metres,192,NT9I,mt_gravatt_lookout_a,MT GRAVATT LOOKOUT A,0.085
13147,-27.543144,153.073508,Telstra Radio Terminal The Summit MOUNT GRAVATT,QLD,2,4122,Within 10 metres,,NT9I,mt_gravatt_lookout_a,MT GRAVATT LOOKOUT A,0.099
13165,-27.623307,153.147217,Water Tower Karawatha St SPRINGWOOD,QLD,2,4127,Within 10 metres,65,NT9I,schmidts_rd_al,Schmidts Rd AL,8.93
131826,-38.6022,143.0113,Telstra CDMA Currels Rd PORT CAMPBELL,VIC,4,3268,Within 10 metres,,KX5I,mt_warrnambool_repea,Mt Warrnambool Repea,40.579
131828,-38.476171,142.963648,Telstra CDMA Curdies Rd opp Golf Course TIMBOON,VIC,4,3268,Within 10 metres,,KX4H,mt_warrnambool_repea,Mt Warrnambool Repea,27.209
13184,-27.670527,153.1415,Logan Hospital Cnr Loganlea & Armstrong Rds MEADOWBROOK,QLD,2,4131,Within 10 metres,,NT9I,schmidts_rd_al,Schmidts Rd AL,3.886
131932,-34.722414,150.54461,Broadcast/Comm Site Clover Hill Upper River Rd Barrengar KANGAROO VALLEY,NSW,4,2577,Within 10 metres,125,MW3K,vincentia,Vincentia,41.635
13203,-27.498705,153.034472,Princess Alexandra Hospital Ipswich Rd WOOLLOONGABBA,QLD,2,4102,Within 100 metres,64,NT9I,mt_gravatt_lookout_a,MT GRAVATT LOOKOUT A,6.171
132129,-25.892845,152.194427,Defence Site WIDE BAY,QLD,4,4600,Unknown,,NT2M,munna_ck_al,Munna Ck AL,30.724
13271,-27.543964,153.23152,Water Tower off Nanette Ct ALEXANDRA HILLS,QLD,2,4161,Within 10 metres,47,NT9I,mt_gravatt_lookout_a,MT GRAVATT LOOKOUT A,15.61
13280,-27.528214,153.283498,Stradbroke Ferries Terminal Middle St CLEVELAND,QLD,2,4163,Within 100 metres,,NT9J,mt_gravatt_lookout_a,MT GRAVATT LOOKOUT A,20.794
13301,-27.620279,153.218057,ComGroup Site off Seaview Rd MOUNT COTTON,QLD,2,4165,Within 10 metres,218,NT9I,schmidts_rd_al,Schmidts Rd AL,13.087
13303,-27.620414,153.218291,Police Site off Seaview Rd MOUNT COTTON,QLD,2,4165,Within 10 metres,218,NT9I,schmidts_rd_al,Schmidts Rd AL,13.094
13318,-27.997423,153.18257,Telstra Radio Terminal Laheys Lookout Rd MOUNT TAMBORINE,QLD,2,4272,Within 100 metres,482,NT9M,laheys_lookout_al,Laheys Lookout AL,0.026
133408,-26.87744,152.151394,Telstra Radio Terminal D`Aguilar Highway BENARKIN,QLD,4,4306,Within 10 metres,461,NT5M,toowoomba_radar,Toowoomba Radar,46.819
133518,-30.757401,150.319945,CB Repeater Site Kelvin State Forest 25 km NNE of Gunnedah TULCUMBA,NSW,4,2380,Unknown,,MU9N,carroll_village_nam,Carroll Village (Nam,27.677
13369,-27.375381,153.172018,T4 Admin Bldg P & O Ports Container Terminal FISHERMAN ISLANDS,QLD,2,4178,Within 10 metres,,NT9E,eildon_hill_al,EILDON HILL AL,15.928
13390,-27.402248,153.15719,Qld Transport Control Tower Rooftop Site Port of Brisbane Operations Base Howard Smith Dr LYTTON,QLD,2,4008,Within 10 metres,0,NT9E,eildon_hill_al,EILDON HILL AL,13.559
133947,-35.717878,150.191196,Tuna Drive BATEMANS BAY,NSW,4,2536,Unknown,,MW6I,budawang,Budawang,31.804
134006,-33.85622,151.162447,Coast Guard Base Birkenhead Shopping Complex DRUMMOYNE,NSW,2,2047,Unknown,,NV7M,kincumber,Kincumber,50.363
134534,-24.448109,150.315632,Optus Site Mount Benn Banana Holding Rd BANANA,QLD,4,4702,Within 10 metres,,MS9F,banana_range_al,Banana Range AL,0.055
13465,-27.717787,153.23996,Air Sea Rescue Yellowwood Hill BEENLEIGH,QLD,2,4207,Within 100 metres,,NT9I,schmidts_rd_al,Schmidts Rd AL,11.945
13476,-27.7883,153.213012,Crown Castle Site off Cliff Barons Road DARLINGTON RANGE,QLD,2,4208,Within 10 metres,275,NT9M,cedar_ck_plunket,Cedar Ck (Plunket,6.239
13513,-19.885975,148.075734,Qld Tspt Site ABBOT POINT,QLD,4,4805,Unknown,38,MR1M,moss_vale_al,Moss Vale AL,39.431
135558,-25.310922,152.829933,Optus Site Hervey Bay Regency Avenue HERVEY BAY,QLD,4,4655,Within 10 metres,71,NT2H,ghost_hill_al,Ghost Hill AL,0.198
135649,-27.45482,152.210608,Rainfall Data Repeater Site Upper Sandy Creek near Wallers Road  13.5 km NE of HELIDON,QLD,4,4343,Unknown,,NT8E,upper_sandy_ck_al,Upper Sandy Ck Al,1.219
135801,-17.95087,146.087017,Optus Site Mission Beach South Cnr Jessie St & Campbell Tce MISSION BEACH,QLD,4,4854,Within 10 metres,66,LQ5M,south_mission_beach,South Mission Beach,0.102
13586,-28.066039,153.313471,Floodalert Met Bureau Site The Panorama TALLAI,QLD,2,4213,Within 100 metres,365,NU3B,laheys_lookout_al,Laheys Lookout AL,14.961
136029,-16.937629,145.756443,1 Rodda Street BUNGALOW,QLD,4,4870,Within 10 metres,,LQ1P,brinsmead_al,Brinsmead AL,7.301
136134,-33.4968,151.320932,Woy Woy Hospital Ocean Beach Road WOY WOY,NSW,2,2256,Within 10 metres,11,NV7F,kincumber,Kincumber,9.228
136137,-33.744436,151.000874,Hills Community Health Centre 183-187 Excelsior Avenue CASTLE HILL,NSW,2,2154,Within 10 metres,,MV9L,somersby,Somersby,47.209
136147,-31.871711,152.692895,Crowdy Harrington RVCP 8-10 Beach Street HARRINGTON,NSW,4,2427,Within 10 metres,,NV2O,port_macquarie_golf,Port Macquarie (Golf,47.968
136152,-35.037806,150.672191,RVCP Site Voyager Memorial Park HUSKISSON,NSW,4,2540,Within 10 metres,,MW6C,vincentia,Vincentia,4.745
136158,-35.558337,150.3836,RVCP Site  Boat Ramp Lot 1 Scerri Drive KIOLOA,NSW,4,2539,Within 10 metres,,MW6J,budawang,Budawang,36.168
13627,-26.178109,152.872456,Fire Tower MT WOLVI,QLD,4,4570,Within 100 metres,357,NT5D,mt_wolvi_al,Mt Wolvi AL,0.519
136288,-17.624722,145.596932,BOM site Maalan Road access from Sutties Road TULLY,QLD,4,4872,Within 10 metres,,LQ4K,maalan_rd_al,Maalan Rd AL,0.004
136330,-26.591686,152.771949,BOM site Coolabine Creek NAMBOUR,QLD,4,4574,Within 10 metres,,NT5L,coolabine_ck_aler,Coolabine Ck Aler,0.731
136331,-26.688076,152.803894,BOM Site Obi Lookout NAMBOUR,QLD,4,4552,Within 10 metres,,NT5L,obi_lookout_al,Obi Lookout AL,0.25
136344,-24.44849,150.316206,Rebel Media Site Lot 15 Banana Holdings Rd BANANA,QLD,4,4715,Within 10 metres,,MS9F,banana_range_al,Banana Range AL,0.063
13645,-27.987086,153.391974,74 Wardoo St ASHMORE,QLD,2,4214,Within 100 metres,,NT9N,laheys_lookout_al,Laheys Lookout AL,20.598
13655,-27.936971,153.427013,Seaway Tower The Spit MAIN BEACH,QLD,2,4217,Within 10 metres,0,NT9N,laheys_lookout_al,Laheys Lookout AL,24.93
136842,-27.607737,152.758403,RiverLink Shopping Complex Security Corner Pine Street and The Terrace NORTH IPSWICH,QLD,2,4305,Within 10 metres,,NT8L,bundamba_barclay_st,Bundamba (Barclay St,6.815
136852,-27.437412,153.110999,Brisbane Port Cnr Macarthur Street and Savage Street PINKENBA,QLD,2,4008,Within 10 metres,,NT9E,eildon_hill_al,EILDON HILL AL,8.581
136874,-33.326947,151.504442,Lot 8004 Wilfred Barrett Drive THE ENTRANCE NORTH,NSW,2,2261,Unknown,,NV7G,kincumber,Kincumber,16.606
13698,-25.905347,153.090907,QFS Fire Station Gympie Rd RAINBOW BEACH,QLD,4,4581,Unknown,,NT3M,mt_wolvi_al,Mt Wolvi AL,37.531
13700,-26.594156,152.726874,QFS Fire Station Philip St KENILWORTH,QLD,4,4574,Unknown,,NT5K,coolabine_ck_aler,Coolabine Ck Aler,4.02
137066,-35.556225,150.377674,RFS Paging Site Corner O Hara Road & Murramarang Road KIOLOA,NSW,4,2539,Within 10 metres,,MW6J,budawang,Budawang,35.592
137152,-32.588571,151.613278,RFS Brigade Shed Webbers Creek Road PATERSON NSW,NSW,3,2420,Unknown,,NV4K,lookout_rd_reservoir,Lookout Rd Reservoir,38.865
137187,-21.194643,149.158075,C & JC Camilleri - Paget 263 Connors Road PAGET,QLD,4,4740,Within 10 metres,,MR8A,hospital_br_aler,Hospital Br Aler,5.6
137344,-33.894814,151.233289,Centenial Park Parkes Drive Centenial Park SYDNEY,NSW,2,2031,Unknown,,NV7M,kincumber,Kincumber,51.897
137349,-38.106691,142.323012,Hawkesdale CFA Group HQ 72 Dawson Street HAWKESDALE,VIC,4,3287,Within 10 metres,,KX4B,mt_warrnambool_repea,Mt Warrnambool Repea,42.608
137433,-34.784704,149.91419,"NSWTA 25m Monopole Egans Hill, via Tiyces Ln BOXERS CREEK",NSW,4,2580,Within 100 metres,828,MW2P,bumana,Bumana,21.032
137462,-33.839908,151.207112,WYD Mast  Optus Building 101 Miller Street NORTH SYDNEY,NSW,2,2060,Within 100 metres,,NV7M,kincumber,Kincumber,46.999
137501,-25.286658,150.29525,Cracow Gold Mine Repeater  2.5 km West of CRACOW,QLD,5,4719,Unknown,458,MT3F,cracow_al,Cracow AL,0.247
137548,-25.604648,151.540217,Broadcast Tower Council Site MT GAYNDAH,QLD,4,4625,Within 10 metres,,NT1K,mt_gayndah_al,Mt Gayndah AL,0.04
137615,-34.610195,150.823107,Dunmore Quarry 38 Tabbitta Road DUNMORE,NSW,2,2529,Within 10 metres,,MW3L,vincentia,Vincentia,53.848
13770,-25.332263,151.23293,Telstra Radio Terminal HOLLYWELL,QLD,4,4627,Within 100 metres,386,NT1E,hollywell_al,Hollywell AL,0.042
137762,-33.551619,151.24856,NSW Volunteer Rescue Assocaition 23 Little Wabby Beach BROOKLYN,NSW,2,2083,Within 10 metres,,NV7I,somersby,Somersby,17.619
13780,-27.973713,153.426598,Southport Yacht Club MacArthur Pde MAIN BEACH,QLD,2,4217,Within 100 metres,,NT9N,laheys_lookout_al,Laheys Lookout AL,24.11
137800,-38.617516,143.169238,Princetown Fire Station Princetown Road PRINCETOWN,VIC,4,3268,Within 10 metres,174,KX5I,mt_warrnambool_repea,Mt Warrnambool Repea,51.0
137884,-38.283244,142.526901,CFA Site 340 Grassmere Road Grassmere,VIC,4,3281,Unknown,,KX4G,mt_warrnambool_repea,Mt Warrnambool Repea,18.745
137984,-37.956825,142.518854,General Store 29 Brown Street CARAMUT,VIC,4,3274,Within 10 metres,,KX1O,mt_warrnambool_repea,Mt Warrnambool Repea,43.33
138027,-19.183062,147.015568,Cape Cleveland Lighthouse  CAPE CLEVELAND,QLD,4,4816,Within 100 metres,,LR3A,castle_hill_al,Castle Hill AL,23.837
138049,-24.395009,148.432503,Security Gate Mine Site  ROLLESTON,QLD,5,4722,Within 10 metres,,MS7F,rolleston_al,Rolleston AL,20.532
138057,-18.158336,146.303337,South Island Lighthouse 160 kms NE of Townsville  SOUTH ISLAND,QLD,4,4816,Within 100 metres,,LQ8B,south_mission_beach,South Mission Beach,32.573
138102,-32.9136,151.805199,Port of Newcastle Entrance Buoy 850 Metres NE of Nobbys Signal Station NEWCASTLE,NSW,3,2300,Within 10 metres,,NV4P,lookout_rd_reservoir,Lookout Rd Reservoir,10.957
138104,-37.948374,143.22389,Urquhart Motors 139 Hamilton Highway Derrinallum,VIC,4,3325,Within 10 metres,,KX2M,mt_warrnambool_repea,Mt Warrnambool Repea,58.059
138109,-38.359409,143.059029,CFA Site 260 Cobden Scotts Creek Road Cobden,VIC,4,3266,Within 10 metres,,KX5E,mt_warrnambool_repea,Mt Warrnambool Repea,28.48
138319,-33.537987,151.241577,RFS Brigade Station Boronia Street DANGAR ISLAND,NSW,2,2083,Within 10 metres,40,NV7I,somersby,Somersby,16.342
138349,-32.897242,151.849756,Approx. 3 nautical miles off Newcastle Harbour Newcastle,NSW,3,,Within 10 metres,,NV4P,lookout_rd_reservoir,Lookout Rd Reservoir,15.417
138388,-27.470407,153.022571,BCC Site 266 George Street Brisbane Square,QLD,2,4000,Within 10 metres,,NT9E,eildon_hill_al,EILDON HILL AL,4.185
138390,-27.431687,153.540559,Point Lookout Lighthouse Lucinda Cresent Point Lookout NORTH STRADBROKE ISLAND,QLD,4,4183,Within 10 metres,,NT9G,mt_gravatt_lookout_a,MT GRAVATT LOOKOUT A,47.714
138407,-19.881579,148.078044,Abbot Point Jetty Entrance Bowen,QLD,4,4805,Within 10 metres,,MR1M,moss_vale_al,Moss Vale AL,39.945
138598,-34.834274,149.622439,CBRS site Mahoneys Fire Trail Komungla Range 13 kms SW of GOULBURN,NSW,4,2580,Within 10 metres,,MW2O,bumana,Bumana,19.84
138664,-33.896668,151.19389,Seven Network Studios 8 Central Avenue EVELEIGH,NSW,2,2043,Within 10 metres,,NV7M,kincumber,Kincumber,53.307
138680,-34.656487,150.30618,Bundanoon Reservoir  BUNDANOON,NSW,4,2578,Within 10 metres,698,MW3J,bumana,Bumana,53.201
138698,-38.280719,142.617806,Purnim  Fire Station 19 Bryan Olynn Road Purnim,VIC,4,3281,Within 10 metres,,KX4G,mt_warrnambool_repea,Mt Warrnambool Repea,11.0
138700,-38.322524,142.22442,CFA Site Toolong West Road TOOLONG,VIC,4,3283,Within 10 metres,16,KX4E,mt_warrnambool_repea,Mt Warrnambool Repea,45.004
138702,-38.372921,142.459506,Country Fire Authority (CFA) 2 Cooper St WARRNAMBOOL,VIC,4,3280,Within 10 metres,,KX4F,mt_warrnambool_repea,Mt Warrnambool Repea,25.567
138745,-38.241713,142.45857,Fire Station Cnr Church & Duffy Streets WINSLOW,VIC,4,3276,Within 10 metres,,KX4B,mt_warrnambool_repea,Mt Warrnambool Repea,25.557
138788,-38.365083,142.460059,CFA Warrnambool ICC site Corner Walsh Road and Raglan Parade WARRNAMBOOL,VIC,4,3280,Within 10 metres,,KX4F,mt_warrnambool_repea,Mt Warrnambool Repea,25.28
138805,-38.07821,142.809051,66 Officer Street MORTLAKE,VIC,4,3272,Within 10 metres,,KX4D,mt_warrnambool_repea,Mt Warrnambool Repea,25.999
138857,-23.486108,150.994997,Sea Hill  CURTIS ISLAND,QLD,4,4680,Within 10 metres,,MS6H,mt_hopeful_al,Mt Hopeful AL,54.273
138858,-28.239003,152.486003,SE Queensland Water Corporation Site Mt Wilson THE HEAD,QLD,4,4370,Within 100 metres,,NU2B,wilsons_peak,Wilsons Peak,0.17
139208,-38.303952,142.300482,489 Penshurst Port Fairy Road KIRKSTALL,VIC,4,3283,Within 10 metres,,KX4F,mt_warrnambool_repea,Mt Warrnambool Repea,38.334
139364,-25.500296,152.051688,Biggenden Reservoir BIGGENDEN,QLD,4,4621,Within 10 metres,,NT2I,mt_goonaneman_al,Mt Goonaneman AL,10.43
139366,-33.439475,149.557714,Mount Panorama Race Circuit Pit Straight Mount Panorama BATHURST,NSW,4,2795,Unknown,,MV8G,orange_stp_enviromon,Orange Stp Enviromon,44.339
139401,-24.208307,151.188926,Mt Mongrel  GLADSTONE,QLD,4,4680,Within 100 metres,,NS7A,kroombit_repeater_al,Kroombit Repeater Al,30.141
139479,-23.687219,147.426109,Mt Mayde 130 meters SE of ACMA Site 17928 EMERALD,QLD,5,4702,Within 10 metres,,LS6J,mt_mayde_al,Mt Mayde Al,0.002
139480,-23.549997,148.239721,Emerald Radar Site Foley Road Near Cnr of Capricorn Highway EMERALD,QLD,4,4720,Within 10 metres,,MS4I,emerald_al,Emerald AL,7.808
139482,-24.463609,147.568055,Glen Rock 70 metres south of ACMA Site 403861 EMERALD,QLD,5,4722,Within 10 metres,,LS9G,glen_rock_al,Glen Rock Al,0.005
139485,-23.240834,147.573884,Clermont Rubyvale Road Near ACMA Site 16081 FLORENCE VALE,QLD,5,4702,Within 10 metres,,LS6C,mt_mayde_al,Mt Mayde Al,51.872
139487,-23.803889,147.769162,Kulumur Range Approx. 3.36 km NW of ACMA Site 17927 EMERALD AREA,QLD,5,4720,Within 10 metres,,LS6P,mt_mayde_al,Mt Mayde Al,37.25
139505,-23.378329,150.478333,Rockhampton Airport Canoona Road ROCKHAMPTON,QLD,4,4700,Within 100 metres,,MS6F,mt_hopeful_al,Mt Hopeful AL,39.508
139510,-24.142222,148.154162,Roddas Lookout Adjcent to ACMA Site 18056 EMERALD,QLD,5,4722,Within 10 metres,,MS7A,rocky_ck_dam,Rocky Ck Dam,0.005
139623,-33.820818,151.190495,Royal North Shore Hospital- Kolling Building Pacific Highway ST LEONARDS,NSW,2,2065,Within 10 metres,88,NV7M,kincumber,Kincumber,45.69
139733,-33.468279,148.997614,Cadia East Mine Site VR21 Cadia Road ORANGE,NSW,4,2798,Unknown,,MV7H,orange_stp_enviromon,Orange Stp Enviromon,25.712
13980,-27.91856,153.160535,Energex Site Hendersons Knob MOUNT TAMBORINE,QLD,2,4272,Within 10 metres,544,NT9M,tamborine_al,Tamborine AL,7.134
14008,-27.996729,153.183113,Council Site Laheys Lookout MOUNT TAMBORINE,QLD,2,4272,Within 10 metres,491,NT9M,laheys_lookout_al,Laheys Lookout AL,0.08
140116,-34.902247,150.767701,Pilot House Prince Edward Ave CROOKHAVEN HEADS,NSW,4,2540,Within 10 metres,,MW3P,vincentia,Vincentia,21.319
14014,-27.828759,153.02838,Telstra Exchange Mt Lindsay Hwy JIMBOOMBA,QLD,2,4280,Within 10 metres,34,NT9M,tamborine_al,Tamborine AL,9.954
140178,-33.088095,151.664402,NSWTA 30m Monopole and MRNSW Lattice Tower 2B Wallsend St via Greens Ln SWANSEA HEADS,NSW,3,2281,Within 100 metres,,NV7C,lookout_rd_reservoir,Lookout Rd Reservoir,17.508
140242,-28.538557,153.555815,Off South Beach Road BRUNSWICK HEADS,NSW,4,2483,Within 10 metres,,NU3K,mullumbimby_chincoga,Mullumbimby(Chincoga,8.384
140247,-31.648424,152.801782,Off Tunis Street LAURIETON,NSW,4,2443,Within 10 metres,,NV2L,port_macquarie_golf,Port Macquarie (Golf,21.212
140248,-28.165013,153.550827,Point Danger Off Tweed Terrace COOLANGATTA,NSW,2,2485,Within 10 metres,,NU3C,tweed_heads_duranba,Tweed Heads (Duranba,12.347
140250,-34.576003,150.870869,Off Towns Street SHELLHARBOUR,NSW,2,2529,Within 10 metres,,MW3L,vincentia,Vincentia,58.687
140251,-34.555556,150.834002,Off The Esplanade LAKE ILLAWARRA,NSW,2,2529,Within 10 metres,,MW3L,vincentia,Vincentia,59.986
140252,-33.259351,151.542417,Aquatic Club Peel Street TOUKLEY,NSW,2,2263,Within 10 metres,,NV7G,kincumber,Kincumber,24.836
140279,-21.193032,149.166102,Paget Depot Chrictons Road PAGET,QLD,4,4740,Within 100 metres,2,MR8A,hospital_br_aler,Hospital Br Aler,5.542
140280,-21.121904,149.15497,Mt Pleasant Reservoir Northside  MT PLEASANT,QLD,4,4740,Within 10 metres,16,MR8A,hospital_br_aler,Hospital Br Aler,2.502
14046,-23.079393,148.50994,Radio Hill OAKY CREEK MINE,QLD,4,4702,Within 100 metres,,MS4C,mt_lowe_al,Mt Lowe Al,41.663
140463,-27.308506,152.077973,Council Site Reservoir Cnr Thompson Road and Grapetree Road PECHEY,QLD,4,4352,Within 10 metres,,NT8E,toowoomba_radar,Toowoomba Radar,9.214
14047,-23.027991,148.560839,Northern Radio Site OAKY CREEK MINE,QLD,4,4702,Within 100 metres,,MS4C,mt_lowe_al,Mt Lowe Al,44.259
140502,-25.358534,152.889192,161 River Heads Road BOORAL,QLD,4,4655,Within 10 metres,,NT2H,ghost_hill_al,Ghost Hill AL,7.831
140835,-27.457748,153.030066,St John Ambulance 225 St Pauls Terrace FORTITUDE VALLEY,QLD,2,4006,Within 10 metres,,NT9E,eildon_hill_al,EILDON HILL AL,2.834
140982,-38.401487,142.475403,Pavilion Cafe and Bar 500 Viaduct Road Warrnambool,VIC,4,3280,Unknown,,KX4F,mt_warrnambool_repea,Mt Warrnambool Repea,25.401
14099,-27.620251,152.825926,Ipswich City Council Site Barclay St BUNDAMBA,QLD,2,4304,Within 10 metres,,NT8L,bundamba_barclay_st,Bundamba (Barclay St,0.018
141069,-17.222369,145.447616,Sthrn Cross Austereo Site Bones Knob  off Griffin Rd TOLGA,QLD,4,4882,Within 10 metres,901,LQ4B,bones_knob_al,Bones Knob AL,0.211
141138,-38.383211,143.135844,Fire Station 805 Lavers Hill - Cobden Rd JANCOURT EAST,VIC,4,3266,Within 10 metres,,KX5E,mt_warrnambool_repea,Mt Warrnambool Repea,35.601
141150,-27.432472,153.009297,SES Headquarters 66 Wilston Road NEWMARKET,QLD,2,4051,Within 10 metres,,NT9E,eildon_hill_al,EILDON HILL AL,1.471
141151,-27.184059,153.370898,SES Base Tangalooma Bypass Rd MORETON ISLAND,QLD,4,4025,Within 10 metres,,NT9B,eildon_hill_al,EILDON HILL AL,44.027
141191,-17.523587,146.024516,3/50 Grace St INNISFAIL,QLD,4,4860,Within 10 metres,,LQ5I,sweeney_ck_u_s_al,Sweeney Ck U/S Al,0.281
141232,-34.592367,150.516669,RFS Brigade Shed off Barrett Street BURRAWANG,NSW,4,2577,Within 10 metres,713,MW3K,vincentia,Vincentia,56.234
141233,-34.346158,150.225284,RFS Wollondilly Station off Wombeyan Caves Rd BULLIO,NSW,4,2577,Within 10 metres,751,MW3E,bumana,Bumana,58.775
14143,-27.619384,152.759492,Admin Bldg Ipswich Hospital Chelmsford Ave IPSWICH,QLD,2,4305,Within 10 metres,20,NT8L,bundamba_barclay_st,Bundamba (Barclay St,6.563
141442,-38.286158,142.523852,Fire Station 329 Grassmere Road GRASSMERE,VIC,4,3283,Within 10 metres,,KX4G,mt_warrnambool_repea,Mt Warrnambool Repea,18.969
14169,-26.86319,152.182433,Sandy Fire Tower Forest R283 BENARKIN,QLD,4,4306,Within 100 metres,379,NT5M,toowoomba_radar,Toowoomba Radar,49.398
14175,-26.971085,152.173243,Telstra Customer Qualischefski via BLACKBUTT,QLD,4,4306,Within 100 metres,271,NT5M,toowoomba_radar,Toowoomba Radar,38.13
14176,-26.989048,152.405177,SEQ Water S & F Repeater GREGORS CREEK,QLD,4,4515,Within 100 metres,115,NT5N,mt_hallen_sandy,Mt Hallen (Sandy,36.578
141807,-24.866942,152.348891,11A Barolin Street BUNDABERG,QLD,4,4670,Within 10 metres,,NS8N,walla_al_b,Walla AL-B,47.36
14187,-27.502263,152.591633,Broadcast Site THE KNOBBY,QLD,2,4311,Within 10 metres,348,NT8K,willowbank,Willowbank,23.402
141997,-27.341976,153.0709,Brisbane Entertainment Centre  BRISBANE,QLD,2,4034,Within 10 metres,,NT9E,eildon_hill_al,EILDON HILL AL,11.102
142047,-18.520395,146.386057,Lucinda Bulk Sugar Terminal 2 Dungeness Rd LUCINDA,QLD,4,,Within 10 metres,,LQ8J,paluma_al,Paluma AL,57.323
14205,-27.594195,152.60183,Mt Marrow HAIGSLEA,QLD,2,4340,Within 100 metres,,NT8K,willowbank,Willowbank,13.989
142089,-27.431242,153.115455,QLD Transport Marine Operations Centre Macarthur Ave East PINKENBA,QLD,2,4008,Within 10 metres,,NT9E,eildon_hill_al,EILDON HILL AL,9.008
142215,-22.559567,148.282475,Seven Queensland Site Tayglen  DYSART,QLD,4,4745,Within 10 metres,,MS1J,mt_lowe_al,Mt Lowe Al,40.753
14242,-27.829367,152.820313,Telstra Customer 2.5 km E of MT WELCOME,QLD,2,4285,Within 100 metres,232,NT8P,loamside_al,Loamside AL,18.548
142606,-38.173347,143.112751,Fire Station 435 Darlinton Road BOOKAAR,VIC,4,3260,Within 10 metres,,KX5A,mt_warrnambool_repea,Mt Warrnambool Repea,35.738
14265,-28.051611,152.741604,Energex/Police Site Green Hill BOONAH,QLD,4,4310,Within 10 metres,469,NU2C,kooralbyn_al,Kooralbyn AL,11.068
142716,-38.184403,142.434648,Fire Station 1 Nicholson St WOOLSTHORPE,VIC,4,3276,Within 10 metres,,KX4B,mt_warrnambool_repea,Mt Warrnambool Repea,29.863
14316,-27.650566,152.425248,QR Site YARONGMULU  LAIDLEY,QLD,4,4341,Within 10 metres,259,NT8J,schultz_lookout_aler,Schultz Lookout Aler,7.994
14367,-27.606435,152.54007,Meteorology Site The Bluff off Embreys Rd The Bluff,QLD,4,4340,Within 10 metres,,NT8K,willowbank,Willowbank,17.477
14404,-27.543468,151.970876,Telstra Radio Terminal Video Av Mount Lofty TOOWOOMBA,QLD,4,4350,Within 10 metres,688,NT7L,paradise_ck_rd,Paradise Ck Rd,14.562
14507,-27.611959,151.955624,QR/Ergon/Telstra/Commex Site adj Reservoir Nelson St Middle Ridge TOOWOOMBA,QLD,4,4352,Within 10 metres,721,NT7L,paradise_ck_rd,Paradise Ck Rd,21.342
14527,-27.413366,152.161336,Energex Site MT PERSEVERANCE,QLD,4,4352,Within 10 metres,803,NT8E,ravensbourne_al,Ravensbourne AL,5.639
14541,-27.506035,151.956474,Comtel Tower Mount Kynoch  36 Hilltop Crescent BLUE MOUNTAIN HEIGHTS,QLD,4,4350,Within 10 metres,684,NT7L,paradise_ck_rd,Paradise Ck Rd,13.382
14544,-27.509629,151.954263,State Govt Services Site Behind Water Treatment Plant Shuttlewood St Mount Kynoch TOOWOOMBA,QLD,4,4350,Within 10 metres,686,NT7L,paradise_ck_rd,Paradise Ck Rd,13.753
14545,-27.509364,151.954974,City Council Site Water Treatment Plant Admin Bldg Rooftop Shuttlewood St Mount Kynoch TOOWOOMBA,QLD,4,4350,Within 10 metres,686,NT7L,paradise_ck_rd,Paradise Ck Rd,13.678
14566,-28.012318,151.241518,QAS/Police Site MT DOMVILLE,QLD,4,4357,Within 100 metres,625,NU1A,warahgai_al,Warahgai AL,34.049
14567,-28.059506,151.410651,Telstra Customer Grays Gate Snake Creek via PITTSWORTH,QLD,4,4357,Within 100 metres,439,NU1B,warahgai_al,Warahgai AL,20.144
14590,-27.308966,152.077523,Reservoir PECHEY,QLD,4,4352,Within 100 metres,739,NT8E,toowoomba_radar,Toowoomba Radar,9.195
14591,-27.319121,152.084312,SEQ Water S & F Repeater MT PECHEY,QLD,4,4352,Within 100 metres,696,NT8E,ravensbourne_al,Ravensbourne AL,8.818
14592,-27.331764,152.051054,Lookout State Forest R909 PECHEY,QLD,4,4352,Within 100 metres,732,NT8E,toowoomba_radar,Toowoomba Radar,8.588
14597,-27.715741,151.633344,Telstra Exchange PITTSWORTH,QLD,4,4356,Within 10 metres,515,NT7K,bony_mountain_al,Bony Mountain AL,49.1
14631,-27.798529,151.857109,QR Site MT KENT,QLD,4,4360,Within 10 metres,669,NT7P,bony_mountain_al,Bony Mountain AL,33.733
14648,-28.097655,151.872785,QR Site BONY MOUNTAIN,QLD,4,4362,Within 10 metres,574,NU1D,bony_mountain_al,Bony Mountain AL,0.566
14691,-27.522926,151.620925,Cecil Plains Rd PURRAWUNDA,QLD,4,4401,Within 100 metres,,NT7K,paradise_ck_rd,Paradise Ck Rd,45.817
14718,-27.179865,151.266681,Fire Station 23 New St DALBY,QLD,4,4405,Within 100 metres,340,NT7B,mt_mowbullan_rptr,Mt MOWBULLAN RPTR,46.313
14739,-27.632228,152.063475,QFS Site FLAGSTONE CREEK,QLD,4,4344,Within 100 metres,,NT8I,mt_petersen_al,Mt Petersen AL,13.485
14802,-26.344704,150.869254,Council Site Turkey Mountain via CHINCHILLA,QLD,5,4413,Within 100 metres,473,MT6H,turkey_mountain_al,Turkey Mountain Al,0.124
14809,-26.649478,150.270678,Telstra Site 8 km east of Miles via Warrego Hwy COLUMBOOLA,QLD,5,4415,Within 10 metres,409,MT6J,bottle_tree_al,Bottle Tree AL,23.184
14842,-26.384019,149.832501,Telstra Customer Homestead HIGHLANDS,QLD,5,4425,Within 100 metres,357,MT5H,clovelly_al,Clovelly AL,26.369
14847,-26.364266,150.244089,Telstra Customer 5077 7 km SW of GLENROWAN,QLD,5,4418,Within 100 metres,368,MT6E,clovelly_al,Clovelly AL,20.84
14860,-25.61365,151.89021,Telstra Exchange 9 Main Street COALSTOUN LAKES,QLD,4,4625,Within 100 metres,244,NT1L,ban_ban_al,Ban Ban AL,13.568
14885,-24.861151,146.948883,Telstra Site MT PLAYFAIR,QLD,5,4722,Within 100 metres,518,LS8P,mt_lindsay_al,Mt Lindsay AL,52.403
14905,-27.278142,150.460129,Water Tower cnr Fry and Smallcombe Streets TARA,QLD,5,4421,Within 10 metres,310,MT9F,bottle_tree_al,Bottle Tree AL,53.239
150032,-27.188631,151.268938,Council Community Centre 107 Drayton St DALBY,QLD,4,4405,Within 10 metres,339,NT7B,mt_mowbullan_rptr,Mt MOWBULLAN RPTR,46.843
150238,-28.093275,152.823338,Council Site adj Reservoir  200-204 Walker Drive KOORALBYN,QLD,4,4285,Within 10 metres,151,NU2D,kooralbyn_al,Kooralbyn AL,4.209
150273,-24.1419,148.153627,Lot 75 of R326 SPRINGSURE,QLD,5,4722,Unknown,,MS7A,rocky_ck_dam,Rocky Ck Dam,0.067
150338,-31.922141,152.181657,NSWRFS and 2RE 60m Lattice Tower Mount Ganghat Somerset Rd KIMBRIKI,NSW,4,2429,Within 100 metres,,NV2M,copeland_tops_copel,Copeland Tops (Copel,35.582
151525,-25.426931,152.117054,BAI Comms Site Mt Goonaneman Access Rd MT GOONANEMAN,QLD,4,4621,Within 10 metres,591,NT2E,mt_goonaneman_al,Mt Goonaneman AL,0.065
151533,-25.287328,150.292981,Broadcast Site Golden Plateau via CRACOW,QLD,5,4719,Unknown,466,MT3F,cracow_al,Cracow AL,0.125
15161,-26.907358,147.330466,Telstra Site 58 km SSE of Leinster West via MORVEN,QLD,5,4467,Within 100 metres,337,LT6N,ularunda_al,Ularunda AL,24.259
15162,-26.212775,147.08128,Telstra Radio Terminal MT JOY,QLD,5,4468,Within 10 metres,523,LT6A,moyallen_al,Moyallen AL,0.161
15193,-26.404474,146.244331,Water Tower Parry St CHARLEVILLE,QLD,5,4470,Within 100 metres,297,LT5E,middle_ck_al,Middle Ck AL,21.287
152493,-17.699048,146.056171,Broadcast/Comm Site Cowley Hill COWLEY,QLD,4,4871,Unknown,51,LQ5I,marco_street_al,Marco Street AL,19.184
153176,-38.304778,142.737589,ACE Broadcast Site MT WARRNAMBOOL,VIC,4,3265,Within 10 metres,186,KX4G,mt_warrnambool_repea,Mt Warrnambool Repea,0.213
153198,-25.309794,152.808804,Broadcast Site Scrub Hill NIKENBAH,QLD,4,4655,Unknown,,NT2H,ghost_hill_al,Ghost Hill AL,2.324
15322,-25.806309,146.588827,BA Site 1 km SE of AUGATHELLA,QLD,5,4470,Within 10 metres,,LT2O,augathella_rptr_aler,Augathella Rptr Aler,0.22
153227,-17.160882,145.746618,Broadcast Site Reservoir Golden St GOLDSBOROUGH VALLEY,QLD,4,4865,Within 10 metres,174,LQ4C,gillies_lookout_aler,Gillies Lookout Aler,6.258
15327,-25.539743,146.911542,Telstra Radio Terminal 5km NE WILLARA,QLD,5,4477,Within 100 metres,482,LT2L,willara_al,Willara AL,0.185
15333,-25.008875,146.424464,Telstra Radio Terminal IVANHOE,QLD,5,4478,Within 100 metres,468,LT2B,cooks_tank_al,Cooks Tank AL,55.478
153365,-24.784917,150.9727,Broadcast Site Cania View MONTO,QLD,4,4630,Unknown,,MS9P,caniaview_al,Caniaview AL,0.014
153407,-19.363935,146.708949,Broadcast Site Allambie Lane KELSO,QLD,4,4815,Within 10 metres,,LR2G,allambie_lane,Allambie Lane,0.0
15350,-25.496598,146.307365,Telstra Radio Terminal 3 km ENE of COOKS TANK,QLD,5,4477,Within 10 metres,398,LT2F,cooks_tank_al,Cooks Tank AL,0.028
15512,-27.17336,147.452373,Telstra Radio Terminal SPRING CREEK HOMESTEAD,QLD,5,4465,Within 100 metres,300,LT9B,ularunda_al,Ularunda AL,53.274
15561,-27.589709,145.367928,Telstra Radio Terminal 11 km SE of BOOBERA HOMESTEAD,QLD,5,4490,Within 100 metres,233,LT7J,humeburn_al,Humeburn Al,26.507
15799,-26.829257,152.679013,Brandons Rd BELLTHORPE WEST,QLD,4,4514,Within 100 metres,619,NT5O,bellthorpe_gap_rd,Bellthorpe (Gap Rd),6.369
15808,-27.036716,152.823105,Amateur Site Lot 1 Williams Rd WAMURAN,QLD,2,4512,Within 100 metres,,NT8D,hume_lane_alert,Hume Lane Alert,22.814
15810,-25.44509,152.534086,Telstra Customer Dongal Creek via STONY CREEK,QLD,4,4650,Unknown,30,NT2G,cherwell_river_rail,Cherwell River (Rail,20.887
15824,-26.955787,152.949121,Fire Tower Mt Beerburrum BEERBURRUM,QLD,2,4518,Within 10 metres,,NT5P,hume_lane_alert,Hume Lane Alert,13.742
15829,-26.931742,152.945112,Fire Tower No 1 SF 589 MT BEERBURRUM,QLD,2,4517,Within 100 metres,,NT5P,hume_lane_alert,Hume Lane Alert,11.145
15835,-27.249253,152.97016,Water Tower off Torrens Rd PETRIE,QLD,2,4502,Within 100 metres,,NT8H,eildon_hill_al,EILDON HILL AL,21.096
15837,-27.295494,152.751301,Forestry Site TENISON WOODS MTN,QLD,2,4520,Within 10 metres,,NT8H,mt_glorious_al_rptr,Mt Glorious AL RPTR,2.209
15841,-27.315169,152.74777,Telstra Radio Terminal The Summit MOUNT GLORIOUS,QLD,2,4520,Within 10 metres,735,NT8G,mt_glorious_al_rptr,Mt Glorious AL RPTR,0.01
15842,-27.314943,152.748074,Airservices Tower The Summit MOUNT GLORIOUS,QLD,2,4520,Within 10 metres,725,NT8G,mt_glorious_al_rptr,Mt Glorious AL RPTR,0.041
15843,-27.315287,152.748013,Powerlink Tower The Summit MOUNT GLORIOUS,QLD,2,4306,Within 10 metres,,NT8G,mt_glorious_al_rptr,Mt Glorious AL RPTR,0.037
15846,-27.31657,152.749182,Philcomm Site Attunga Lane MOUNT GLORIOUS,QLD,2,4520,Within 10 metres,720,NT8G,mt_glorious_al_rptr,Mt Glorious AL RPTR,0.219
15848,-27.332206,152.78665,Commex Site End of Fahey Rd MOUNT GLORIOUS,QLD,2,4520,Within 10 metres,,NT8H,mt_glorious_al_rptr,Mt Glorious AL RPTR,4.292
15864,-27.412484,152.877187,Ranger Signal Station Transmit Site CAMP MOUNTAIN,QLD,2,4520,Within 10 metres,,NT8H,the_summit_alert,The Summit Alert,8.947
15865,-27.421141,152.866303,Vertel Site Hill 309A D`AGUILAR RANGE,QLD,2,4306,Within 10 metres,,NT8H,the_summit_alert,The Summit Alert,9.275
15871,-27.088657,152.751154,QR Site Bootawa MOUNT MEE,QLD,2,4521,Within 100 metres,548,NT8D,mt_glorious_al_rptr,Mt Glorious AL RPTR,25.182
15877,-27.13699,152.81393,Qld Communications Site Lot 3 Townsend Rd OCEAN VIEW,QLD,2,4521,Within 10 metres,461,NT8D,mt_glorious_al_rptr,Mt Glorious AL RPTR,20.86
15890,-27.206306,152.703263,Energex Site 12 km W of Dayboro D`AGUILAR RANGE,QLD,2,4521,Within 100 metres,646,NT8C,mt_glorious_al_rptr,Mt Glorious AL RPTR,12.87
15891,-26.778491,152.913841,Radio Rhema Site 18 Eagles Nest Court BALD KNOB,QLD,2,4553,Within 10 metres,472,NT5P,bald_knob_al,Bald Knob AL,0.152
15897,-26.820772,153.004075,Deans Hill 4km ESE of LANDSBOROUGH,QLD,4,4550,Within 10 metres,,NT6M,bald_knob_al,Bald Knob AL,9.966
15938,-26.690369,152.734877,Energex Site DONOVANS KNOB,QLD,4,4552,Within 100 metres,627,NT5K,obi_lookout_al,Obi Lookout AL,7.109
15954,-26.77727,152.910371,Costigans Site WILKES KNOB,QLD,2,4552,Within 10 metres,439,NT5P,bald_knob_al,Bald Knob AL,0.522
15955,-26.778175,152.912493,Alcorn/Vodafone/Optus Site WILKES KNOB,QLD,2,4552,Within 10 metres,459,NT5P,bald_knob_al,Bald Knob AL,0.29
15957,-26.778175,152.913187,QR Site WILKES KNOB,QLD,2,4552,Within 10 metres,463,NT5P,bald_knob_al,Bald Knob AL,0.225
15958,-26.778853,152.915249,Main Roads/Qld Transport Site WILKES KNOB,QLD,2,4552,Within 10 metres,464,NT5P,bald_knob_al,Bald Knob AL,0.007
15959,-26.778944,152.91545,Energex Site WILKES KNOB,QLD,2,4552,Within 10 metres,464,NT5P,bald_knob_al,Bald Knob AL,0.016
15960,-26.778266,152.913741,Telstra Radio Terminal WILKES KNOB,QLD,2,4552,Within 10 metres,468,NT5P,bald_knob_al,Bald Knob AL,0.17
15961,-26.778763,152.914998,Qld Communications Site Eagles Nest Ct WILKES KNOB,QLD,2,4552,Within 10 metres,468,NT5P,bald_knob_al,Bald Knob AL,0.034
15989,-26.694543,153.038951,Commex Site Reservoir William St BUDERIM,QLD,4,4556,Within 10 metres,175,NT6I,bald_knob_al,Bald Knob AL,15.452
16020,-26.597585,152.945223,Met Bureau Site IMAGE FLAT,QLD,4,4560,Within 100 metres,,NT5L,obi_lookout_al,Obi Lookout AL,17.091
16039,-26.621496,152.951982,Nambour General Hospital Hospital Rd NAMBOUR,QLD,4,4560,Within 10 metres,,NT5L,obi_lookout_al,Obi Lookout AL,16.263
16061,-26.454531,152.957449,Met Bureau Site BALL LOOKOUT,QLD,4,4563,Within 100 metres,,NT5H,black_mt_al,Black Mt. AL,10.804
16073,-26.422157,152.85474,Police Site BLACK MOUNTAIN,QLD,4,4563,Within 10 metres,295,NT5H,black_mt_al,Black Mt. AL,1.804
16109,-26.40663,153.046746,Telstra Exchange Goodchap St NOOSAVILLE,QLD,4,4566,Within 10 metres,8,NT6E,black_mt_al,Black Mt. AL,18.35
16154,-26.184264,152.659584,Hospital 12 Henry St GYMPIE,QLD,4,4570,Within 100 metres,,NT5C,widgee_ck_wide_bay,Widgee Ck (Wide Bay,18.136
16186,-26.252422,152.805557,Energex/Telstra Site MT BOULDER,QLD,4,4568,Within 10 metres,495,NT5H,mt_wolvi_al,Mt Wolvi AL,10.444
16188,-26.252528,152.805384,Qld Comm Site MT BOULDER,QLD,4,4568,Within 10 metres,490,NT5H,mt_wolvi_al,Mt Wolvi AL,10.464
16194,-26.447278,152.575061,Comm Site Imbil SF 256 MT KANDANGA,QLD,4,4570,Within 100 metres,558,NT5G,moy_pocket_al,Moy Pocket AL,18.952
16202,-26.174945,152.868957,Rassonon Site MT WOLVI,QLD,4,4570,Within 100 metres,,NT5D,mt_wolvi_al,Mt Wolvi AL,0.243
16239,-26.639453,152.634434,Fire Tower SF 135 Cambroon MT ALLAN,QLD,4,4515,Within 100 metres,544,NT5K,coolabine_ck_aler,Coolabine Ck Aler,14.028
16240,-26.680124,153.1385,Water Tower Point Cartwright BUDDINA,QLD,4,4575,Within 10 metres,0,NT6I,bald_knob_al,Bald Knob AL,24.738
16274,-25.904969,153.011782,AVCG Esplanade TIN CAN BAY,QLD,4,4580,Within 100 metres,,NT3M,mt_wolvi_al,Mt Wolvi AL,33.477
16285,-25.931074,153.190789,Comms Site DOUBLE ISLAND POINT,QLD,4,4581,Within 100 metres,90,NT3M,mt_wolvi_al,Mt Wolvi AL,42.296
16291,-26.457956,152.459362,Kingham Station via JIMNA,QLD,4,4570,Within 100 metres,,NT5F,moy_pocket_al,Moy Pocket AL,29.313
16296,-26.173548,151.959764,Ergon Energy Site MT ENGLAND,QLD,4,4601,Within 10 metres,571,NT4D,boondooma_rptr_al,Boondooma Rptr AL,52.464
16310,-26.24194,151.941135,62 Gore St MURGON,QLD,4,4605,Within 100 metres,,NT4D,boondooma_rptr_al,Boondooma Rptr AL,52.48
16316,-26.319213,151.874613,McKenzie St WONDAI,QLD,4,4606,Within 100 metres,,NT4H,boondooma_rptr_al,Boondooma Rptr AL,49.913
16351,-26.830664,151.548911,QNPWS Site MT KIANGAROW,QLD,4,4408,Within 100 metres,1118,NT4O,mt_mowbullan_rptr,Mt MOWBULLAN RPTR,8.208
16353,-26.888643,151.600672,Wambo Shire Council/Qld Comm Site Westside MT MOWBULLAN,QLD,4,4405,Within 10 metres,1093,NT4O,mt_mowbullan_rptr,Mt MOWBULLAN RPTR,0.039
16366,-26.170657,151.363093,Telstra Customer Homestead BERYLDALE,QLD,4,4613,Within 100 metres,304,NT4B,boondooma_rptr_al,Boondooma Rptr AL,11.57
16367,-26.172534,151.451106,Telstra Customer Homestead TRENTHAM,QLD,4,4613,Within 100 metres,312,NT4B,boondooma_rptr_al,Boondooma Rptr AL,8.761
16369,-26.26275,151.27859,Telstra Radio Terminal BOONDOOMA,QLD,4,4613,Within 100 metres,380,NT4F,boondooma_rptr_al,Boondooma Rptr AL,24.823
16373,-26.75689,152.116016,Telstra Customer Gartshore MT MELLARA,QLD,4,4306,Within 100 metres,291,NT5M,mt_mowbullan_rptr,Mt MOWBULLAN RPTR,53.192
16377,-26.802606,151.909882,Main Tower Meandu Mine TARONG,QLD,4,4615,Within 10 metres,490,NT4P,mt_mowbullan_rptr,Mt MOWBULLAN RPTR,32.13
16378,-26.834351,151.97042,SEQ Water S & F Repeater YARRAMAN,QLD,4,4614,Within 100 metres,508,NT4P,mt_mowbullan_rptr,Mt MOWBULLAN RPTR,37.172
16383,-26.884518,151.9483,Forestry Tower SF 379 YARRAMAN,QLD,4,4614,Within 100 metres,532,NT4P,mt_mowbullan_rptr,Mt MOWBULLAN RPTR,34.486
16399,-26.783946,151.914425,Power Station TARONG,QLD,4,4615,Within 100 metres,,NT4P,mt_mowbullan_rptr,Mt MOWBULLAN RPTR,33.229
16406,-26.898309,151.619784,Ergon Energy Site Eastside MT MOWBULLAN,QLD,4,4405,Within 10 metres,1049,NT4O,mt_mowbullan_rptr,Mt MOWBULLAN RPTR,2.204
16409,-25.87583,152.258111,Telstra Radio Terminal 53 km NW of Gympie BALLUGAN,QLD,4,4570,Within 100 metres,113,NT2N,munna_ck_al,Munna Ck AL,28.686
16411,-25.757872,152.316051,Telstra Customer 14 km NNE of BALLUGAN,QLD,4,4621,Unknown,84,NT2N,munna_ck_al,Munna Ck AL,17.533
16413,-25.63277,152.263571,Telstra Radio Terminal BROOWEENA,QLD,4,4620,Unknown,92,NT2J,munna_ck_al,Munna Ck AL,3.383
16415,-25.827685,152.496191,Telstra Exchange GUNDIAH,QLD,4,4650,Unknown,30,NT2N,widgee_ck_wide_bay,Widgee Ck (Wide Bay,29.347
16416,-25.816538,152.192948,Telstra Customer SPRINGVALE,QLD,4,4600,Unknown,166,NT2M,munna_ck_al,Munna Ck AL,22.361
16421,-25.510223,152.04537,Telstra Exchange George St BIGGENDEN,QLD,4,4621,Within 100 metres,118,NT2I,mt_walsh_al,Mt Walsh AL,10.814
16426,-25.427006,152.117461,Telstra Radio Terminal 60 km WNW of Maryborough MT GOONANEMAN,QLD,4,4621,Within 10 metres,591,NT2E,mt_goonaneman_al,Mt Goonaneman AL,0.061
16427,-25.433093,152.122131,Amateur Site 60 km WNW of Maryborough MT GOONANEMAN,QLD,4,4621,Within 100 metres,525,NT2E,mt_goonaneman_al,Mt Goonaneman AL,0.795
16428,-25.515104,152.274682,Forestry Site SEAVIEW RANGE,QLD,4,4620,Within 100 metres,254,NT2J,munna_ck_al,Munna Ck AL,12.245
16429,-25.563591,151.504932,Telstra Radio Terminal BINJOUR,QLD,4,4625,Within 100 metres,358,NT1K,mt_gayndah_al,Mt Gayndah AL,5.812
16437,-25.78804,151.969734,Telstra Customer Stockhaven via GAYNDAH,QLD,4,4601,Within 100 metres,347,NT1P,ban_ban_al,Ban Ban AL,18.308
16440,-25.632384,151.611468,QAS/OPTUS Site Duke Mtn Maud St GAYNDAH,QLD,4,4625,Within 100 metres,154,NT1K,mt_gayndah_al,Mt Gayndah AL,7.758
16447,-25.715299,150.975258,CB Repeater Site Doug McIvors Hill via MUNDUBBERA,QLD,5,4626,Unknown,,MT3L,hawkwood_range_al,Hawkwood Range AL,0.056
16456,-25.660389,151.374547,Regional Council Site Ac Rock MUNDUBBERA,QLD,4,4626,Within 100 metres,329,NT1J,mt_gayndah_al,Mt Gayndah AL,17.722
16457,-25.660385,151.374995,Ergon Energy Site Property AC Rock MUNDUBBERA,QLD,4,4626,Within 100 metres,329,NT1J,mt_gayndah_al,Mt Gayndah AL,17.679
16459,-25.587314,151.294463,QAS 94 Leichhardt Street MUNDUBBERA,QLD,4,4626,Within 100 metres,122,NT1J,coonambula_al,Coonambula AL,14.599
16460,-25.07063,151.325481,Telstra Customer BAYWULLA,QLD,4,4630,Unknown,230,NT1B,hollywell_al,Hollywell AL,30.512
16466,-25.71733,150.976707,Telstra Hawkwood Radio Terminal 11 km SE of CSIRO NARAYEN,QLD,5,4626,Unknown,380,MT3L,hawkwood_range_al,Hawkwood Range AL,0.221
16467,-25.084875,151.388736,Telstra Customer Baywulla Creek (Ahern) THE GORGE HOMESTEAD,QLD,4,4630,Unknown,257,NT1B,mt_perry_al,Mt Perry AL,26.616
16479,-24.926756,151.294677,Telstra Radio Terminal CANNIINDAH,QLD,4,4630,Unknown,418,NS7N,mt_fort_william_aler,Mt Fort William Aler,31.371
16483,-24.697035,150.874402,Telstra Radio Terminal DAWES RANGE,QLD,4,4630,Within 100 metres,656,MS9L,caniaview_al,Caniaview AL,13.943
16496,-24.647454,151.338954,Comm Site State Forest MT FORT WILLIAM,QLD,4,4630,Within 100 metres,661,NS7J,mt_fort_william_aler,Mt Fort William Aler,0.007
16500,-24.989188,151.186417,BAI Comms Site 78 Plateau Road MULGILDIE,QLD,4,4630,Within 10 metres,344,NS7M,caniaview_al,Caniaview AL,31.302
16506,-24.356626,150.939698,Amateur Site KROOMBIT TOPS,QLD,4,4716,Within 100 metres,,MS9H,kroombit_repeater_al,Kroombit Repeater Al,0.031
16508,-24.356592,150.940517,New Forestry Site KROOMBIT TOPS,QLD,4,4716,Within 100 metres,913,MS9H,kroombit_repeater_al,Kroombit Repeater Al,0.052
16513,-24.272609,150.712685,Telstra Customer Seeana Stud via BILOELA,QLD,4,4680,Unknown,278,MS9G,callide_dam_inflow_a,Callide Dam Inflow A,6.532
16517,-24.198749,150.760075,Ergon Energy Site SPECIMEN HILL,QLD,4,4715,Within 10 metres,670,MS9D,callide_dam_inflow_a,Callide Dam Inflow A,16.037
16518,-25.796944,152.782593,Fire Tower BIG ANGLE,QLD,4,4650,Within 100 metres,123,NT2P,widgee_ck_wide_bay,Widgee Ck (Wide Bay,42.574
16520,-25.671721,152.882966,Telstra Radio Terminal Eckert Rd BOONOOROO,QLD,4,4650,Within 100 metres,0,NT2L,ghost_hill_al,Ghost Hill AL,40.459
16522,-25.799805,152.948267,Telstra Radio Terminal KAURI CREEK,QLD,4,4580,Unknown,0,NT2P,mt_wolvi_al,Mt Wolvi AL,42.679
16527,-25.516394,152.663212,Telstra Radio Terminal MARYBOROUGH,QLD,4,4650,Unknown,13,NT2K,takura_reservoir_ale,Takura Reservoir Ale,21.441
16538,-25.513773,152.68756,Ergon Control Centre Searle St MARYBOROUGH,QLD,4,4650,Within 10 metres,20,NT2K,takura_reservoir_ale,Takura Reservoir Ale,20.796
16543,-25.522261,152.690684,Walker St MARYBOROUGH,QLD,4,4650,Within 100 metres,,NT2K,takura_reservoir_ale,Takura Reservoir Ale,21.712
16576,-25.970642,152.862143,Fire Tower SF 1004 Toolara MT KELLY,QLD,4,4570,Within 100 metres,129,NT2P,mt_wolvi_al,Mt Wolvi AL,22.919
16582,-25.553395,152.680798,Water Tower Tinana MARYBOROUGH,QLD,4,4650,Within 100 metres,,NT2K,takura_reservoir_ale,Takura Reservoir Ale,25.247
16589,-25.169782,153.2139,Telstra Radio Terminal Bowarrady Lake FRASER ISLAND,QLD,4,4650,Unknown,237,NT3A,ghost_hill_al,Ghost Hill AL,41.498
16591,-25.714782,152.086983,Telstra Customer BROOKDALE,QLD,4,4621,Unknown,195,NT2I,mt_walsh_al,Mt Walsh AL,13.091
16595,-25.145005,151.830359,Telstra Customer Gray 1 km S of DOUGHBOY CREEK,QLD,4,4671,Unknown,244,NT1D,walla_al_b,Walla AL-B,15.54
16609,-25.788487,152.362694,Telstra Customer GLENEDEN,QLD,4,4621,Unknown,106,NT2N,munna_ck_al,Munna Ck AL,22.876
16612,-25.39244,153.176015,Telstra Customer Poyungan Valley FRASER ISLAND,QLD,4,4650,Unknown,10,NT3E,ghost_hill_al,Ghost Hill AL,35.751
16614,-25.727219,152.054989,Telstra Customer Hunter JIMMYS CREEK,QLD,4,4621,Unknown,203,NT2I,mt_walsh_al,Mt Walsh AL,14.966
16615,-25.178863,151.888582,Telstra Customer KELLY HOMESTEAD,QLD,4,4671,Unknown,88,NT1D,walla_al_b,Walla AL-B,10.767
16616,-25.224359,153.251224,Telstra Customer Cathedral Beach FRASER ISLAND,QLD,4,4650,Unknown,81,NT3B,ghost_hill_al,Ghost Hill AL,43.247
16617,-25.168328,153.273933,Telstra Customer Dundubara 1 FRASER ISLAND,QLD,4,4650,Unknown,99,NT3B,ghost_hill_al,Ghost Hill AL,47.198
16621,-25.956751,152.576328,Met/Rassonon Site MT KANIGAN,QLD,4,4570,Within 100 metres,350,NT2O,widgee_ck_wide_bay,Widgee Ck (Wide Bay,16.351
16624,-25.966094,152.584606,Ergon Site MT KANIGAN,QLD,4,4570,Within 10 metres,320,NT2O,widgee_ck_wide_bay,Widgee Ck (Wide Bay,15.778
16631,-25.063349,151.579339,Telstra Customer 5 km NW of Wolca THE TOP,QLD,4,4671,Unknown,413,NT1C,mt_perry_al,Mt Perry AL,14.784
16639,-25.311176,152.831899,Telstra Radio Terminal GHOST HILL,QLD,4,4655,Within 100 metres,,NT2H,ghost_hill_al,Ghost Hill AL,0.042
16640,-25.31086,152.8319,Nixons Site  Ghost Hill 22 Regency Ave URRAWEEN,QLD,4,4655,Within 10 metres,72,NT2H,ghost_hill_al,Ghost Hill AL,0.007
16643,-25.310613,152.837444,Amateur Site GHOST HILL,QLD,4,4655,Within 100 metres,,NT2H,ghost_hill_al,Ghost Hill AL,0.558
16671,-25.327597,152.706233,Council Site TAKURA HILL,QLD,4,4655,Within 100 metres,92,NT2G,takura_reservoir_ale,Takura Reservoir Ale,0.017
16673,-25.286882,152.865497,Hervey Bay Fire Station TORQUAY,QLD,4,4655,Within 100 metres,2,NT2H,ghost_hill_al,Ghost Hill AL,4.299
16682,-25.294176,152.909554,VMR Buccaneer Ave URANGAN,QLD,4,4650,Within 100 metres,,NT2H,ghost_hill_al,Ghost Hill AL,8.022
16686,-25.318119,152.56258,Telstra Exchange HOWARD,QLD,4,4650,Within 100 metres,17,NT2G,takura_reservoir_ale,Takura Reservoir Ale,14.463
16705,-25.235702,152.278354,Telstra Radio Terminal Crescent St CHILDERS,QLD,4,4660,Within 10 metres,96,NT2B,cherwell_river_rail,Cherwell River (Rail,15.124
16710,-25.235469,152.280469,Council Reservoir Churchill & Ernest Sts CHILDERS,QLD,4,4660,Within 10 metres,96,NT2B,cherwell_river_rail,Cherwell River (Rail,14.94
16715,-25.314317,152.341352,Telstra Customer Lindsay via CHILDERS,QLD,4,4660,Within 100 metres,33,NT2F,cherwell_river_rail,Cherwell River (Rail,7.958
16743,-24.885521,152.320492,Sugarland Water Tower Turner St BUNDABERG,QLD,4,4670,Within 10 metres,,NS8N,walla_al_b,Walla AL-B,43.835
16747,-24.886279,152.32285,Takalvan St BUNDABERG,QLD,4,4670,Within 100 metres,,NS8N,walla_al_b,Walla AL-B,43.965
16789,-24.863402,152.366698,2 Victoria St BUNDABERG,QLD,4,4670,Within 10 metres,,NS8N,cherwell_river_rail,Cherwell River (Rail,47.75
16806,-24.760827,152.401398,The Esplanade BURNETT HEADS,QLD,4,4670,Within 100 metres,0,NS8N,cherwell_river_rail,Cherwell River (Rail,58.915
16818,-24.696726,151.961102,Telstra Site 43 km WNW of Bundaberg MT WATALGAN,QLD,4,4674,Within 100 metres,191,NS7L,walla_al_b,Walla AL-B,48.879
16820,-24.702274,151.962385,QR Site 43 km WNW of Bundaberg MT WATALGAN,QLD,4,4674,Within 100 metres,290,NS7L,walla_al_b,Walla AL-B,48.257
16821,-24.701339,151.962052,Lucke Site 43 km WNW of Bundaberg MT WATALGAN,QLD,4,4674,Within 100 metres,246,NS7L,walla_al_b,Walla AL-B,48.362
16825,-24.842477,152.426293,Council Tower adj Water Reservoir  Sloping Hummock  Heathwood Crescent QUNABA,QLD,4,4670,Within 10 metres,84,NS8N,cherwell_river_rail,Cherwell River (Rail,49.829
16828,-24.843029,152.42639,QR Site SLOPING HUMMOCK,QLD,4,4670,Within 10 metres,88,NS8N,cherwell_river_rail,Cherwell River (Rail,49.768
16831,-24.842931,152.426846,Broadcast Australia Site Sloping Hummock  Heathwood Cres QUNABA,QLD,4,4670,Within 10 metres,79,NS8N,cherwell_river_rail,Cherwell River (Rail,49.779
16833,-24.843744,152.426782,Lucke No 3 Site SLOPING HUMMOCK,QLD,4,4670,Within 10 metres,81,NS8N,cherwell_river_rail,Cherwell River (Rail,49.689
16851,-24.99573,151.956238,Telstra Radio Terminal William St GIN GIN,QLD,4,4671,Within 10 metres,69,NS7P,walla_al_b,Walla AL-B,15.831
16853,-24.995644,151.956522,Water Tower Reservoir Hill GIN GIN,QLD,4,4671,Within 100 metres,69,NS7P,walla_al_b,Walla AL-B,15.836
16862,-25.230913,151.540671,Telstra Customer 10 km WSW of MOUNT PERRY,QLD,4,4627,Unknown,190,NT1C,mt_perry_al,Mt Perry AL,9.819
16865,-25.189236,151.627075,Telstra Radio Terminal MOUNT PERRY,QLD,4,4671,Within 10 metres,320,NT1C,mt_perry_al,Mt Perry AL,0.038
16867,-25.191665,151.688005,QAS/Police Site MT PERRY,QLD,4,4671,Within 100 metres,720,NT1C,mt_perry_al,Mt Perry AL,6.175
16870,-25.273115,151.517328,Telstra Customer REIDS CREEK,QLD,4,4627,Unknown,167,NT1G,mt_perry_al,Mt Perry AL,14.426
16873,-25.208711,151.899944,Telstra Customer via GIN GIN,QLD,4,4671,Unknown,64,NT1D,walla_al_b,Walla AL-B,11.746
16876,-25.070012,151.971517,Telstra Exchange WALLAVILLE,QLD,4,4671,Within 10 metres,33,NT1D,walla_al_b,Walla AL-B,7.429
16888,-24.971672,151.623979,Telstra Customer Reeve 7 km W of RED MOUNTAIN,QLD,4,4671,Unknown,219,NS7O,mt_perry_al,Mt Perry AL,24.19
16899,-24.32973,151.563785,Telstra Exchange MIRIAM VALE,QLD,4,4677,Within 100 metres,56,NS7G,mt_fort_william_aler,Mt Fort William Aler,42.028
16905,-24.311781,151.62444,Powerlink Site WESTWOOD RANGE,QLD,4,4677,Within 10 metres,228,NS7G,mt_fort_william_aler,Mt Fort William Aler,47.208
16937,-24.205564,150.912704,Telstra Customer Bocoolima Pumping Station CALLIOPE,QLD,4,4680,Unknown,154,MS9D,kroombit_repeater_al,Kroombit Repeater Al,17.021
16943,-23.99467,151.20956,Telstra Radio Terminal CALLIOPE,QLD,4,4680,Unknown,68,NS4M,kroombit_repeater_al,Kroombit Repeater Al,48.656
16949,-24.297258,151.36238,Telstra Site EASTERN BOYNE,QLD,4,4680,Unknown,139,NS7F,mt_fort_william_aler,Mt Fort William Aler,39.018
17074,-24.308397,150.9423,Telstra Customer Tablelands 7.5 km SE of KROOMBIT TOPS,QLD,4,4680,Within 100 metres,456,MS9H,kroombit_repeater_al,Kroombit Repeater Al,5.365
17080,-23.934623,151.242612,Telstra Radio Terminal MAURICE HILL,QLD,4,4680,Within 10 metres,199,NS4M,kroombit_repeater_al,Kroombit Repeater Al,56.075
17081,-24.293155,150.940783,Telstra Customer Callemondah 2 km S of MT SEAVIEW,QLD,4,4680,Within 100 metres,478,MS9H,kroombit_repeater_al,Kroombit Repeater Al,7.055
17083,-24.376488,151.300498,Telstra Radio Terminal NAGOORIN,QLD,4,4680,Unknown,128,NS7F,mt_fort_william_aler,Mt Fort William Aler,30.385
17089,-24.152361,151.110268,Telstra Exchange WOODERSON,QLD,4,4680,Unknown,102,NS7A,kroombit_repeater_al,Kroombit Repeater Al,28.526
17093,-23.935977,151.242554,Ergon Energy Site MAURICE HILL,QLD,4,4680,Within 10 metres,194,NS4M,kroombit_repeater_al,Kroombit Repeater Al,55.946
17096,-23.934316,151.243412,Win Site MAURICE HILL,QLD,4,4680,Within 10 metres,191,NS4M,kroombit_repeater_al,Kroombit Repeater Al,56.148
17103,-23.467045,151.028837,Telstra Customer SPADLEY,QLD,4,4680,Unknown,9,NS4E,mt_hopeful_al,Mt Hopeful AL,58.322
17123,-23.735457,151.059766,Old Jones Communications Site 23 km NW of Gladstone SCRUBBY MTN,QLD,4,4680,Within 10 metres,328,NS4I,mt_hopeful_al,Mt Hopeful AL,53.563
17134,-23.725746,150.530646,TMR RoadTek Site  MT HOPEFUL,QLD,4,4702,Within 100 metres,557,MS6K,mt_hopeful_al,Mt Hopeful AL,0.561
17136,-23.729977,150.533851,Ergon Site 38 km S of Rockhampton MT HOPEFUL,QLD,4,4702,Within 100 metres,596,MS6K,mt_hopeful_al,Mt Hopeful AL,0.026
17138,-23.729509,150.535625,BA Site Mount Hopeful 1046 Mount Hopeful Rd BAJOOL,QLD,4,4702,Within 10 metres,552,MS6K,mt_hopeful_al,Mt Hopeful AL,0.213
17171,-23.317603,150.486636,Glenmore W/Treatment ROCKHAMPTON,QLD,4,4702,Unknown,11,MS6F,mt_hopeful_al,Mt Hopeful AL,46.106
17176,-23.387308,150.49335,Police Site Agnes St ROCKHAMPTON,QLD,4,4700,Unknown,7,MS6F,mt_hopeful_al,Mt Hopeful AL,38.326
17265,-23.389277,150.523435,94 Wharf St ROCKHAMPTON,QLD,4,4700,Unknown,,MS6G,mt_hopeful_al,Mt Hopeful AL,37.901
17334,-22.807562,149.432185,Telstra Radio Terminal Hill 481 BROADSOUND RANGE,QLD,4,4705,Unknown,454,MS2N,yambuk_alert,Yambuk Alert,35.107
17335,-22.807628,149.431694,Ergon Energy Site Hill 481 BROADSOUND RANGE,QLD,4,4705,Within 10 metres,454,MS2N,yambuk_alert,Yambuk Alert,35.088
17339,-24.212182,150.487398,Callide Coalfields BOUNDARY HILL MINE,QLD,4,4702,Unknown,,MS9B,callide_dam_inflow_a,Callide Dam Inflow A,23.584
17346,-23.119562,148.039709,Telstra Radio Terminal CAPELLA,QLD,4,4702,Within 100 metres,239,MS4A,mt_lowe_al,Mt Lowe Al,26.381
17357,-24.148977,150.534683,Telstra Customers CRAIGLANDS,QLD,4,4702,Unknown,179,MS9C,callide_dam_inflow_a,Callide Dam Inflow A,24.784
17368,-23.64675,149.337925,Telstra Exchange DINGO,QLD,4,4702,Unknown,121,MS5J,yambuk_alert,Yambuk Alert,59.217
17383,-23.652076,148.075265,Ergon Site FAIRBAIRN DAM,QLD,4,4720,Unknown,212,MS4I,emerald_al,Emerald AL,16.475
17392,-23.910163,150.565935,Telstra Customer GLENGOWAN,QLD,4,4702,Unknown,232,MS6O,mt_hopeful_al,Mt Hopeful AL,20.301
17427,-23.337255,150.576557,Council Water Reservoir MT ARCHER,QLD,4,4701,Within 10 metres,,MS6G,mt_hopeful_al,Mt Hopeful AL,43.89
17428,-23.337163,150.576662,Powerlink/Ergon Site MT ARCHER,QLD,4,4701,Within 10 metres,594,MS6G,mt_hopeful_al,Mt Hopeful AL,43.902
17438,-23.592842,148.658622,QR Site MT CROCKER,QLD,4,4702,Within 10 metres,292,MS4K,emerald_al,Emerald AL,50.659
17442,-23.729651,150.536014,Broadcast Australia Site 1046 Mt Hopeful Rd MOUNT HOPEFUL,QLD,4,4702,Within 10 metres,530,MS6K,mt_hopeful_al,Mt Hopeful AL,0.249
17452,-23.529655,147.293125,TMR RoadTek Site  MT TABLETOP,QLD,5,4702,Within 100 metres,900,LS6J,mt_pisgah_al,Mt Pisgah AL,16.036
17465,-23.875481,150.542044,Telstra Customer POMEGRANATE,QLD,4,4702,Unknown,233,MS6O,mt_hopeful_al,Mt Hopeful AL,16.2
17475,-24.713865,148.842873,Duke Energy Operations Site ROLLESTON,QLD,5,4702,Unknown,276,MS7L,mt_pleasant_rollest,Mt Pleasant (Rollest,31.505
17476,-24.529169,148.884577,Planet Downs via ROLLESTON,QLD,5,4702,Unknown,256,MS7L,rolleston_al,Rolleston AL,27.716
17477,-24.675651,148.147618,Telstra Customer Deepdale via ROLLESTON,QLD,5,4702,Unknown,348,MS7I,mt_moffatt_al,Mt Moffatt AL,27.989
17483,-23.528411,147.997071,Rural Fires/DPI Site State Forest 223 SELMA,QLD,5,4720,Unknown,272,LS6L,emerald_al,Emerald AL,17.264
17486,-23.511992,150.316118,Power Station STANWELL,QLD,4,4702,Unknown,,MS6J,mt_hopeful_al,Mt Hopeful AL,32.842
17488,-23.506629,150.319172,Power Station STANWELL,QLD,4,4702,Unknown,53,MS6J,mt_hopeful_al,Mt Hopeful AL,33.078
17491,-23.506304,150.350254,Power Station STANWELL,QLD,4,4702,Unknown,74,MS6J,mt_hopeful_al,Mt Hopeful AL,31.107
17500,-24.070876,150.40958,Telstra Radio Terminal TOMLIN,QLD,4,4702,Within 10 metres,294,MS9B,pheasant_ck_al,Pheasant Ck AL,36.098
17511,-24.1448,149.50586,Telstra Radio Terminal WOORABINDA,QLD,5,4702,Unknown,196,MS8C,dawson_range_south_a,Dawson Range South A,58.898
17552,-24.59459,149.813349,Council Site DAWSON RANGE SOUTH,QLD,5,4718,Within 100 metres,268,MS8L,dawson_range_south_a,Dawson Range South A,0.022
17554,-24.629193,149.029552,TMR RoadTek Site  EXPEDITION RANGE,QLD,5,4702,Within 100 metres,466,MS8I,rolleston_al,Rolleston AL,45.249
17557,-24.629079,149.030102,Ergon Site EXPEDITION RANGE,QLD,5,4702,Within 100 metres,461,MS8I,rolleston_al,Rolleston AL,45.295
17673,-23.151039,148.392204,Wash Plant GREGORY MINE,QLD,4,4702,Unknown,,MS4B,mt_lowe_al,Mt Lowe Al,36.937
17674,-23.153285,148.393565,Administration Office GREGORY MINE,QLD,4,4702,Unknown,,MS4B,mt_lowe_al,Mt Lowe Al,37.215
17687,-22.905965,148.149787,Ergon East Site MT LOWE,QLD,4,4702,Within 100 metres,457,MS1M,mt_lowe_al,Mt Lowe Al,0.108
17700,-23.649827,150.397722,Police Site MOUNT MORGAN,QLD,4,4714,Within 10 metres,253,MS6J,mt_hopeful_al,Mt Hopeful AL,16.459
17719,-24.39217,150.531126,Telstra Radio Terminal BILOELA,QLD,4,4715,Unknown,202,MS9G,callide_dam_inflow_a,Callide Dam Inflow A,17.197
17724,-24.327305,150.618393,DGPS Site CALLIDE MINE,QLD,4,4715,Unknown,,MS9G,callide_dam_inflow_a,Callide Dam Inflow A,6.671
17727,-24.346109,150.620228,Unit 1 Callide B Power Station CALLIDE,QLD,4,4715,Within 100 metres,,MS9G,callide_dam_inflow_a,Callide Dam Inflow A,6.882
17738,-24.44873,150.31556,CB Repeater Site BANANA RANGE,QLD,4,4715,Within 10 metres,,MS9F,banana_range_al,Banana Range AL,0.015
17739,-24.448326,150.315667,QR Site BANANA RANGE,QLD,4,4715,Within 10 metres,579,MS9F,banana_range_al,Banana Range AL,0.031
17740,-24.448332,150.316012,Council Site BANANA RANGE,QLD,4,4715,Within 10 metres,585,MS9F,banana_range_al,Banana Range AL,0.051
17741,-24.448783,150.316002,Telstra Radio Terminal BANANA RANGE,QLD,4,4715,Within 10 metres,599,MS9F,banana_range_al,Banana Range AL,0.045
17742,-24.438464,150.28085,Ergon Site MT BERTHA,QLD,4,4715,Within 100 metres,429,MS9F,banana_range_al,Banana Range AL,3.694
17852,-25.28842,150.29395,Telstra Radio Terminal CRACOW,QLD,5,4719,Within 10 metres,474,MT3F,cracow_al,Cracow AL,0.038
17856,-25.072273,150.173356,Ergon Site MT OX,QLD,5,4719,Within 100 metres,303,MT3A,castle_ck_al,Castle Ck AL,20.644
17857,-25.435557,150.705101,Council Site QUAGGY MTN,QLD,5,4627,Within 100 metres,,MT3G,auburn_river_andrew,Auburn River (Andrew,36.354
17859,-25.252939,150.728288,Telstra Radio Terminal TANDORA,QLD,5,4627,Unknown,449,MT3G,cracow_al,Cracow AL,43.886
17890,-23.525031,148.159249,QFS 30 Egerton St EMERALD,QLD,4,4720,Within 100 metres,,MS4I,emerald_al,Emerald AL,0.895
17897,-23.528308,148.160561,QR Microwave Site Cnr Brooks & Lorraway Streets EMERALD,QLD,4,4720,Within 100 metres,177,MS4I,emerald_al,Emerald AL,0.615
17913,-24.696546,151.961103,Department of Transport and Main Roads (Queensland Transport) Site 43 km WNW of Bundaberg MT WATALGAN,QLD,4,4674,Within 100 metres,189,NS7L,walla_al_b,Walla AL-B,48.899
17928,-23.686489,147.425165,Ergon Site MT MAYDE,QLD,5,4702,Within 100 metres,436,LS6J,mt_mayde_al,Mt Mayde Al,0.124
17964,-22.894563,148.304764,Telstra Customer COOMBURRAGEE,QLD,4,4745,Unknown,331,MS1N,mt_lowe_al,Mt Lowe Al,15.926
17966,-22.905514,148.149725,MVQ UHF TV Site MT LOWE,QLD,4,4702,Within 100 metres,445,MS1M,mt_lowe_al,Mt Lowe Al,0.057
17984,-22.628815,148.225599,Telstra Radio Terminal COTHERSTONE,QLD,4,4745,Within 100 metres,255,MS1I,mt_lowe_al,Mt Lowe Al,31.681
18024,-24.14217,148.153777,TMR RoadTek Site  RODDAS LOOKOUT,QLD,5,4722,Within 100 metres,599,MS7A,rocky_ck_dam,Rocky Ck Dam,0.043
18028,-24.511478,147.847056,Telstra Customer Allambie via SPRINGSURE,QLD,5,4722,Unknown,393,LS9L,glen_rock_al,Glen Rock Al,28.726
18029,-24.667655,147.857002,Telstra Customer Kareela Outstation via SPRINGSURE,QLD,5,4722,Unknown,579,LS9L,mt_moffatt_al,Mt Moffatt AL,32.667
18046,-24.683556,147.162239,Telstra Customer CUNGELELLA,QLD,5,4722,Unknown,395,LS9I,glen_rock_al,Glen Rock Al,47.777
18047,-24.788262,147.208871,Telstra Customer Salvator Rosa via CUNGELELLA,QLD,5,4722,Unknown,429,LS9M,glen_rock_al,Glen Rock Al,51.203
18048,-24.126309,147.14294,Telstra Customer JO JO STATION,QLD,5,4722,Unknown,401,LS9A,cooinda_al,Cooinda AL,49.447
18049,-24.148934,147.342483,Telstra Site ECHO HILLS,QLD,5,4722,Unknown,376,LS9B,glen_rock_al,Glen Rock Al,41.797
18051,-24.907597,148.041833,CB Repeater Site MT MOFFATT,QLD,5,4702,Unknown,1181,MS7M,mt_moffatt_al,Mt Moffatt AL,0.111
18053,-24.633483,148.41713,Telstra Radio Terminal PEAWADDY CREEK,QLD,5,4702,Within 100 metres,258,MS7J,mt_pleasant_rollest,Mt Pleasant (Rollest,12.577
18056,-24.142276,148.154053,Shire Council Site RODDAS LOOKOUT,QLD,5,4722,Within 100 metres,599,MS7A,rocky_ck_dam,Rocky Ck Dam,0.017
18057,-24.142374,148.154222,Amateur Site RODDAS LOOKOUT,QLD,5,4722,Within 100 metres,,MS7A,rocky_ck_dam,Rocky Ck Dam,0.019
18058,-24.142444,148.154488,OCA Site Roddas Lookout SPRINGSURE,QLD,5,4722,Within 100 metres,591,MS7A,rocky_ck_dam,Rocky Ck Dam,0.04
18359,-21.452341,149.213059,QR Microwave Site SARINA,QLD,4,4741,Within 10 metres,110,MR8E,hospital_br_aler,Hospital Br Aler,34.777
18360,-21.497521,149.16955,Hobbs Site JORDAN CREEK,QLD,4,4737,Within 100 metres,,MR8E,hospital_br_aler,Hospital Br Aler,39.297
18381,-21.42158,149.226328,Sarina Shire Council Office Bruce Highway SARINA,QLD,4,4737,Within 100 metres,16,MR8E,hospital_br_aler,Hospital Br Aler,31.709
18396,-21.607812,149.049718,QR Site COLSTON,QLD,4,4741,Within 100 metres,236,MR8I,hospital_br_aler,Hospital Br Aler,52.657
18427,-21.116545,149.170118,Telstra Radio Terminal Pollock St Mt Oscar MACKAY,QLD,4,4740,Within 100 metres,53,MR8A,hospital_br_aler,Hospital Br Aler,3.5
18429,-21.064265,149.095449,Shepherd Site The Black Mountain  13 km NW of MACKAY,QLD,4,4740,Within 10 metres,,MR8A,black_mountain_farl,Black Mountain (Farl,0.009
18430,-21.280938,149.287993,Sub 7 Control Room BHP Coal Premises HAY POINT,QLD,4,4740,Within 10 metres,,MR8F,outer_harbour_tide_a,Outer Harbour Tide A,20.314
18433,-21.064218,149.095535,Police Site The Black Mountain  13 km NW of MACKAY,QLD,4,4740,Within 10 metres,285,MR8A,black_mountain_farl,Black Mountain (Farl,0.004
18434,-21.164993,149.132613,Racecourse Sugar Mill Tower Peak Downs Highway MACKAY,QLD,4,4740,Within 100 metres,,MR8A,hospital_br_aler,Hospital Br Aler,3.217
18438,-21.286802,149.277111,Ports Corporation Building Horyu Maru Drive HAY POINT,QLD,4,4740,Within 10 metres,57,MR8F,hospital_br_aler,Hospital Br Aler,20.311
18462,-21.117173,149.217083,Bureau of Meteorology Site Mount Bassett Drive  Mount Bassett MACKAY,QLD,4,4740,Within 10 metres,8,MR8A,outer_harbour_tide_a,Outer Harbour Tide A,1.214
18469,-20.951215,148.975942,Farleigh Sugar Mill Miers Road Site SEAFORTH,QLD,4,4741,Within 100 metres,,MR4P,black_mountain_farl,Black Mountain (Farl,17.66
18496,-21.064217,149.095641,Pagex Site The Black Mountain  13 km NW of MACKAY,QLD,4,4740,Within 10 metres,,MR8A,black_mountain_farl,Black Mountain (Farl,0.015
18568,-21.145513,149.155475,Hospital Bridge Road MACKAY,QLD,4,4740,Unknown,,MR8A,hospital_br_aler,Hospital Br Aler,0.167
18569,-21.145117,149.156037,470 Bridge Road MACKAY,QLD,4,4740,Within 100 metres,,MR8A,hospital_br_aler,Hospital Br Aler,0.188
18648,-21.642464,149.25815,Telstra Radio Terminal Three Sisters KOUMALA,QLD,4,4738,Within 100 metres,198,MR8J,hospital_br_aler,Hospital Br Aler,56.414
18649,-21.032749,148.943279,Mackay Communications Site Mt Blackwood  28 km WNW of MACKAY,QLD,4,4741,Within 10 metres,519,MR7D,black_mountain_farl,Black Mountain (Farl,16.179
18651,-21.032368,148.943457,Broadcast Tower Broadcast Australia Site  Mt Blackwood  Lot 410 Mt Blackwood Access Rd KUTTABUL,QLD,4,4741,Within 10 metres,557,MR7D,black_mountain_farl,Black Mountain (Farl,16.171
18653,-20.676551,149.139905,Telstra Customer FARRIER ISLAND,QLD,4,4741,Unknown,0,MR5I,black_mountain_farl,Black Mountain (Farl,43.351
18657,-21.031638,148.943342,Old Television Stub Tower Mt Blackwood  28 km WNW of MACKAY,QLD,4,4741,Within 10 metres,586,MR7D,black_mountain_farl,Black Mountain (Farl,16.2
18658,-21.143245,149.039686,Pleystowe Sugar Mill Cane Inspectors Office PLEYSTOWE,QLD,4,4741,Within 100 metres,,MR8A,black_mountain_farl,Black Mountain (Farl,10.525
18659,-21.343022,148.939909,Telstra Radio Terminal SPENCER GAP,QLD,4,4740,Within 100 metres,250,MR7H,hospital_br_aler,Hospital Br Aler,31.336
18665,-21.644011,149.26009,TMR RoadTek Site Three Sisters KOUMALA,QLD,4,4738,Within 10 metres,261,MR8J,hospital_br_aler,Hospital Br Aler,56.622
18666,-20.805334,149.273946,Resort Site Brampton Peak BRAMPTON ISLAND,QLD,4,4741,Within 100 metres,193,MR5N,outer_harbour_tide_a,Outer Harbour Tide A,34.087
18674,-21.322836,148.780946,Telstra Customer Bussey Pastoral Company via MIRANI,QLD,4,4754,Unknown,84,MR7H,mt_pinnacle_al,Mt Pinnacle AL,22.448
18716,-20.386226,148.861915,Telstra Customer Paradise Bay LONG ISLAND,QLD,4,4741,Unknown,93,MR4H,strathdickie_al,Strathdickie AL,29.513
18762,-21.212774,147.888914,Main Repeater Site Maintenance Hut NEWLANDS MINE,QLD,5,4743,Within 100 metres,333,LR9D,the_stonewall_al,The Stonewall AL,45.942
18763,-21.212759,147.886582,Gatehouse Newlands Mine NEWLANDS,QLD,5,4743,Within 100 metres,,LR9D,the_stonewall_al,The Stonewall AL,46.024
18846,-22.778855,148.294767,Telstra Customer 5069 COLORADO,QLD,4,4702,Unknown,258,MS1N,mt_lowe_al,Mt Lowe Al,20.439
18865,-22.692692,148.033559,Central Highlands Arc Site HODGSON RANGE,QLD,4,4702,Within 100 metres,,MS1I,mt_lowe_al,Mt Lowe Al,26.44
18910,-22.932702,148.561938,Pit C GERMAN CREEK,QLD,4,4746,Unknown,212,MS1O,mt_lowe_al,Mt Lowe Al,42.332
18917,-22.810872,148.676083,Ergon Energy Site MIDDLEMOUNT,QLD,4,4746,Within 100 metres,269,MS1O,mt_lowe_al,Mt Lowe Al,54.941
18932,-21.174891,149.067889,Silingardis Road Walkerston MACKAY,QLD,4,4751,Within 100 metres,,MR8A,hospital_br_aler,Hospital Br Aler,9.59
18937,-21.144314,148.941217,Sugar Bin Marian Mill MARIAN,QLD,4,4753,Within 100 metres,,MR7D,black_mountain_farl,Black Mountain (Farl,18.317
18947,-21.440099,148.709048,Police Site Mt Seaview NEBO,QLD,4,4742,Within 100 metres,827,MR7G,mt_pinnacle_al,Mt Pinnacle AL,31.798
18948,-21.35232,148.35603,Telstra Radio Terminal EXE CREEK,QLD,4,4742,Unknown,390,MR7F,clarke_range_al,Clarke Range AL,36.075
18953,-21.058098,148.578888,TMR RoadTek Site DALRYMPLE HEIGHTS,QLD,4,4757,Within 100 metres,986,MR7C,clarke_range_al,Clarke Range AL,4.309
18957,-21.079693,148.543852,Ergon Energy (MK) Site EUNGELLA,QLD,4,4757,Within 100 metres,942,MR7C,clarke_range_al,Clarke Range AL,0.049
18968,-20.830584,148.556047,TMR RoadTek Site  MT MACARTNEY,QLD,4,4800,Within 100 metres,840,MR4O,clarke_range_al,Clarke Range AL,27.694
18969,-20.831108,148.555553,Ergon Energy (MK) Site 47 km S of Proserpine MT MACARTNEY,QLD,4,4800,Within 100 metres,840,MR4O,clarke_range_al,Clarke Range AL,27.634
18971,-20.704575,148.596778,Telstra Exchange BLOOMSBURY,QLD,4,4799,Within 100 metres,52,MR4K,clarke_range_al,Clarke Range AL,42.035
18972,-20.644254,148.712253,Telstra Exchange MIDGE POINT,QLD,4,4799,Within 100 metres,5,MR4K,strathdickie_al,Strathdickie AL,37.708
18974,-20.749289,148.498573,Telstra Site PALM TREE,QLD,4,4800,Unknown,86,MR4N,clarke_range_al,Clarke Range AL,37.011
18975,-20.722664,148.664916,Telstra Customer Exmoor Station Exmoor Rd 7 km SE of BLOOMSBURY,QLD,4,4799,Unknown,16,MR4K,clarke_range_al,Clarke Range AL,41.602
18981,-20.326326,148.586061,Seven Queensland Site Staniland Drive  8.5 km N of Proserpine MT LUCAS,QLD,4,4800,Within 10 metres,280,MR4G,strathdickie_al,Strathdickie AL,0.009
18984,-20.400904,148.580802,Telstra Radio Terminal & Exchange 11 Main St PROSERPINE,QLD,4,4800,Within 100 metres,15,MR4G,strathdickie_al,Strathdickie AL,8.303
18995,-20.560382,148.608903,Telstra Exchange Moloneys Rd LETHEBROOK,QLD,4,4800,Within 100 metres,34,MR4K,strathdickie_al,Strathdickie AL,26.126
19036,-20.049463,148.889454,VMR Site HAYMAN ISLAND,QLD,4,4801,Within 100 metres,222,MR4D,strathdickie_al,Strathdickie AL,44.165
19037,-20.055874,148.881272,Resort Site HAYMAN ISLAND,QLD,4,4801,Within 100 metres,50,MR4D,strathdickie_al,Strathdickie AL,43.056
19042,-20.271,148.703783,VMR Site Altmann Avenue CANNONVALE,QLD,4,4802,Within 100 metres,0,MR4G,strathdickie_al,Strathdickie AL,13.732
19043,-20.249443,148.979913,Mt Robinson WHITSUNDAY ISLAND,QLD,4,4802,Within 100 metres,355,MR4H,strathdickie_al,Strathdickie AL,41.955
19081,-20.350635,148.95547,Hamilton Repeater Site VOR Hill HAMILTON ISLAND,QLD,4,4803,Within 10 metres,184,MR4H,strathdickie_al,Strathdickie AL,38.606
19093,-20.39749,147.866278,Telstra Radio Terminal Peter Delamothe Highway BRIABA,QLD,4,4804,Within 10 metres,439,LR6H,moss_vale_al,Moss Vale AL,24.688
19109,-20.524149,147.83831,Burdekin Communications Site 3.3 km NNW of Collinsville MT DEVLIN,QLD,4,4804,Within 10 metres,393,LR6L,moss_vale_al,Moss Vale AL,37.623
19110,-20.521689,147.83334,Ergon Energy Site 3.7 km NNW of Collinsville MT DEVLIN,QLD,4,4804,Within 10 metres,464,LR6L,moss_vale_al,Moss Vale AL,37.673
19123,-20.583781,148.235008,Telstra Site Homestead NORMANBY,QLD,4,4805,Unknown,504,MR4I,the_stonewall_al,The Stonewall AL,33.551
19134,-20.521545,147.833119,Council Site Mt Devlin SPRINGLANDS,QLD,4,4804,Within 10 metres,444,LR6L,moss_vale_al,Moss Vale AL,37.673
19205,-20.552081,148.040992,Telstra Site Flagstone COLLINSVILLE,QLD,4,4805,Unknown,304,MR4I,the_stonewall_al,The Stonewall AL,30.314
19207,-20.542901,148.38996,Telstra Customer AMELIA VALE,QLD,4,4800,Unknown,83,MR4J,strathdickie_al,Strathdickie AL,31.579
19211,-20.502071,148.343577,Telstra Site Hecare Station PROSERPINE,QLD,4,4805,Unknown,131,MR4J,strathdickie_al,Strathdickie AL,31.943
19212,-20.429155,147.395072,Telstra Customer Johnny Cake Homestead MT JOHNNY CAKE,QLD,5,4804,Unknown,70,LR6F,burdekin_dam_repeater_alert,BURDEKIN DAM REPEATER ALERT,34.89
19225,-20.012342,148.247072,Telstra Exchange Herbert St BOWEN,QLD,4,4805,Within 10 metres,11,MR4A,moss_vale_al,Moss Vale AL,33.743
19226,-20.053761,148.084635,QR Site SUMMER HILL,QLD,4,4805,Within 10 metres,221,MR4A,moss_vale_al,Moss Vale AL,21.246
19227,-20.016154,148.257282,Air Sea Rescue Base Boat Harbour BOWEN,QLD,4,4805,Within 100 metres,,MR4B,moss_vale_al,Moss Vale AL,34.157
19228,-20.010029,148.241941,Air Sea Rescue Standby 32 Sinclair Street BOWEN,QLD,4,4805,Within 100 metres,,MR4A,moss_vale_al,Moss Vale AL,33.582
19230,-19.992316,148.106083,Burdekin Communications Site SPROLE CASTLE,QLD,4,4805,Within 10 metres,133,MR1M,moss_vale_al,Moss Vale AL,28.429
19231,-19.98702,148.250361,Bowen Air Sea Rescue 1 Crofton Street QUEENS BEACH,QLD,4,4805,Within 100 metres,,MR1M,moss_vale_al,Moss Vale AL,36.105
19234,-20.003299,148.235293,Air Sea Rescue Standby 15 Phillip Street BOWEN,QLD,4,4805,Within 10 metres,,MR4A,moss_vale_al,Moss Vale AL,33.707
19239,-19.87746,147.6855,Telstra Exchange Bruce Highway GUMLU,QLD,4,4805,Within 100 metres,16,LR3O,hurricane_cliff_al,Hurricane Cliff Al,24.255
19241,-19.983381,148.228228,Ergon Site 3.7 km NNW of Bowen MOUNT NUTT,QLD,4,4805,Within 10 metres,18,MR1M,moss_vale_al,Moss Vale AL,35.013
19269,-19.998471,148.05107,Amateur Site MT ROUNDBACK,QLD,4,4805,Unknown,,MR4A,moss_vale_al,Moss Vale AL,26.727
19276,-19.935601,147.927971,Telstra Customer Abbot Run MT CURLEWIS,QLD,4,4805,Unknown,5,LR3P,hurricane_cliff_al,Hurricane Cliff Al,28.842
19286,-19.899564,148.081748,Gatehouse ABBOT POINT,QLD,4,4805,Within 100 metres,,MR1M,moss_vale_al,Moss Vale AL,38.013
19298,-19.743117,147.499098,Telstra Radio Terminal 12 km SE of Home Hill MT INKERMAN,QLD,4,4806,Within 10 metres,76,LR3J,mt_kelly_al,Mt Kelly AL,21.492
19299,-19.745665,147.495833,Burdekin Communications Site 12 km SE of Home Hill MT INKERMAN,QLD,4,4806,Within 10 metres,152,LR3J,mt_kelly_al,Mt Kelly AL,21.305
19300,-19.745982,147.495586,QR Site 12 km SE of Home Hill MT INKERMAN,QLD,4,4806,Within 10 metres,185,LR3J,mt_kelly_al,Mt Kelly AL,21.297
19301,-19.745972,147.496015,TMR RoadTek Site 12 km SE of Home Hill MT INKERMAN,QLD,4,4806,Within 10 metres,213,LR3J,mt_kelly_al,Mt Kelly AL,21.337
19306,-20.04453,147.27864,Telstra Exchange Ayr Dalbeg Road MILLAROO,QLD,5,4807,Within 10 metres,41,LR6B,strathbogie_al,Strathbogie AL,31.64
19307,-19.662061,147.31285,Pagex Site 14 km SW of Ayr KELLY MOUNTAIN,QLD,4,4807,Within 10 metres,156,LR3J,mt_kelly_al,Mt Kelly AL,0.019
19308,-19.662006,147.312984,Powerlink Site 14 km SW of Ayr KELLY MOUNTAIN,QLD,4,4807,Within 10 metres,156,LR3J,mt_kelly_al,Mt Kelly AL,0.023
19309,-19.662015,147.313184,Telstra Radio Terminal 14 km SW of Ayr KELLY MOUNTAIN,QLD,4,4807,Within 10 metres,156,LR3J,mt_kelly_al,Mt Kelly AL,0.042
19314,-20.246175,147.303479,Telstra Exchange DALBEG,QLD,5,4807,Within 100 metres,54,LR6B,strathbogie_al,Strathbogie AL,29.445
19320,-20.181496,147.425071,Ergon Energy Site  DE SALIS,QLD,5,4804,Unknown,391,LR6B,strathbogie_al,Strathbogie AL,15.046
19332,-19.641608,147.400218,Inkerman Sugar Mill Premises HOME HILL,QLD,4,4806,Within 10 metres,,LR3J,mt_kelly_al,Mt Kelly AL,9.428
19383,-19.662141,147.313461,Burdekin Communications Site 14 km SW of Ayr KELLY MOUNTAIN,QLD,4,4807,Within 10 metres,170,LR3J,mt_kelly_al,Mt Kelly AL,0.074
19403,-19.249736,146.799679,Telstra Radio Terminal 8 Sterling Drive CASTLE HILL,QLD,4,4810,Within 10 metres,95,LR2H,castle_hill_al,Castle Hill AL,1.049
19404,-19.25856,146.802543,Police Site Castle Hill TOWNSVILLE,QLD,4,4810,Within 10 metres,260,LR2H,castle_hill_al,Castle Hill AL,0.059
19405,-19.261311,146.814615,Police Station Stanley Street TOWNSVILLE,QLD,4,4810,Within 10 metres,17,LR2H,castle_hill_al,Castle Hill AL,1.246
19406,-19.258551,146.802438,Vodafone Site Castle Hill TOWNSVILLE,QLD,4,4810,Within 10 metres,245,LR2H,castle_hill_al,Castle Hill AL,0.07
19409,-19.252381,146.831982,Port Authority Tower Lennon Dr SOUTH TOWNSVILLE,QLD,4,4810,Within 100 metres,0,LR2H,castle_hill_al,Castle Hill AL,3.11
19413,-19.254382,146.826451,Qf 8 Boat Ramp Sir Leslie Thiess Drive TOWNSVILLE,QLD,4,4810,Within 10 metres,0,LR2H,castle_hill_al,Castle Hill AL,2.496
19424,-19.255188,146.827906,Queensland Department of Transport Ross Street SOUTH TOWNSVILLE,QLD,4,4810,Unknown,0,LR2H,castle_hill_al,Castle Hill AL,2.631
19476,-19.245445,146.837032,Berth 1 Fire Pump House Lennon Drive SOUTH TOWNSVILLE,QLD,4,4810,Within 10 metres,0,LR2D,castle_hill_al,Castle Hill AL,3.851
19484,-19.343161,146.781353,Pagex Site MT STUART,QLD,4,4813,Within 10 metres,546,LR2H,gordon_ck_al,Gordon Ck AL,4.387
19487,-19.346895,146.775683,QR Site MT STUART,QLD,4,4816,Within 10 metres,486,LR2H,gordon_ck_al,Gordon Ck AL,5.097
19488,-19.344108,146.780209,Ergon Energy Site  MT STUART,QLD,4,4813,Within 10 metres,570,LR2H,gordon_ck_al,Gordon Ck AL,4.546
19489,-19.343521,146.78021,4TTT Site MT STUART,QLD,4,4813,Within 10 metres,570,LR2H,gordon_ck_al,Gordon Ck AL,4.498
19490,-19.342683,146.782267,"Axicom Mast 1 - 74m, Axicom Site 828 Mt Stuart Road MOUNT STUART",QLD,4,4813,Within 10 metres,523,LR2H,gordon_ck_al,Gordon Ck AL,4.284
19492,-19.343838,146.780685,Amateur Site MT STUART,QLD,4,4813,Within 10 metres,,LR2H,gordon_ck_al,Gordon Ck AL,4.49
19498,-19.343837,146.780209,TMR RoadTek Site MT STUART,QLD,4,4813,Within 10 metres,570,LR2H,gordon_ck_al,Gordon Ck AL,4.524
19500,-19.343386,146.780829,Met Tower National Broadcast Site MT STUART,QLD,4,4813,Within 10 metres,,LR2H,gordon_ck_al,Gordon Ck AL,4.443
19674,-19.742374,146.855018,Telstra Radio Terminal PLANT HILL CAMERON HILL,QLD,4,4816,Within 10 metres,186,LR2L,cameron_hill_al,Cameron Hill AL,0.403
19675,-19.01152,146.357333,Telstra Radio Terminal Bruce Highway KINDURO,QLD,4,4816,Within 100 metres,195,LR2B,paluma_al,Paluma AL,14.901
19683,-19.743823,146.858901,QR Site Plant Hill CAMERON HILL,QLD,4,4816,Within 100 metres,316,LR2L,cameron_hill_al,Cameron Hill AL,0.034
19692,-19.595519,146.838981,Telstra Exchange 3553 Woodstock Giru Road,QLD,4,4816,Within 100 metres,57,LR2L,cameron_hill_al,Cameron Hill AL,16.605
19694,-20.364738,145.632587,Ergon Site Flinders Hwy MT MISERY,QLD,5,4816,Within 100 metres,433,LR4G,brdley_ck_core,BRdley Ck (Core,48.503
19701,-19.695483,146.330337,Telstra Radio Terminal MYRTLEVALE,QLD,4,4820,Unknown,367,LR2J,charters_towers_weir,Charters Towers Weir,30.216
19717,-19.743678,146.85871,QAS Site Plant Hill CAMERON HILL,QLD,4,4816,Within 10 metres,316,LR2L,cameron_hill_al,Cameron Hill AL,0.012
19720,-19.340671,146.414618,Ergon Energy  HERVEY RANGE,QLD,4,4820,Within 100 metres,661,LR2F,allambie_lane,Allambie Lane,30.987
19722,-18.460698,145.738597,Bureau of Meteorology Site WALLAMAN,QLD,4,4850,Unknown,,LQ7G,wallaman_al,Wallaman AL,0.033
19739,-19.426091,145.945856,Telstra Radio Terminal ELLA CREEK,QLD,5,4820,Within 100 metres,303,LR1H,paluma_al,Paluma AL,54.248
19740,-19.354717,146.455202,Telstra Radio Terminal HERVEY RANGE,QLD,4,4818,Within 100 metres,370,LR2F,allambie_lane,Allambie Lane,26.64
19745,-18.73731,146.57704,Telstra Radio Terminal PALM ISLAND,QLD,4,4816,Within 100 metres,34,LQ8K,paluma_al,Paluma AL,48.638
19762,-19.791647,146.498209,Ergon Site Mt Success MINGELA,QLD,4,4816,Within 100 metres,471,LR2N,mingela_al,Mingela AL,17.046
19763,-19.425426,146.3686,Telstra Site Homestead BYERS,QLD,4,4820,Unknown,367,LR2F,allambie_lane,Allambie Lane,36.346
19771,-18.969174,145.988018,Telstra Radio Terminal HIDDEN VALLEY,QLD,4,4816,Within 100 metres,812,LQ7P,paluma_al,Paluma AL,24.356
19779,-19.00721,146.212042,Telstra Radio Terminal PALUMA,QLD,4,4816,Unknown,840,LR2A,paluma_al,Paluma AL,0.486
198043,-32.060282,152.377668,Indara 60m Lattice Tower Mt Talawahl via Candoormakh Creek Rd NABIAC,NSW,4,2430,Within 10 metres,,NV5B,copeland_tops_copel,Copeland Tops (Copel,54.482
19816,-20.026576,146.992488,Telstra Customer Hillsborough Cottage HILLSBOROUGH,QLD,5,4816,Unknown,122,LR5D,mt_piccaninny_al,Mt Piccaninny AL,28.371
19819,-19.965999,146.305759,Phil Mathews Pump Station Burdekin River Weir CHARTERS TOWERS,QLD,4,4820,Within 10 metres,233,LR2N,charters_towers_weir,Charters Towers Weir,0.053
19825,-19.764508,146.969592,Telstra Customer Glendale Homestead GLENDALE,QLD,4,4816,Unknown,45,LR2P,mt_piccaninny_al,Mt Piccaninny AL,1.424
19826,-19.747334,146.950506,Telstra Customer Glen Kathleen Station BOUNDARY HILL,QLD,4,4816,Unknown,61,LR2L,mt_piccaninny_al,Mt Piccaninny AL,3.043
19829,-19.727434,146.904704,Telstra Customer Limestone Station 3 km E of LIMESTONE HILLS,QLD,4,4816,Unknown,62,LR2L,cameron_hill_al,Cameron Hill AL,5.153
19841,-19.484602,146.390764,Telstra Customer Boseeva Mine 7 km SE of MT GIBSON,QLD,4,4820,Unknown,373,LR2F,allambie_lane,Allambie Lane,35.964
19854,-19.30162,146.244659,Telstra Customer Ponto Out Station PONTO,QLD,4,4820,Unknown,363,LR2E,paluma_al,Paluma AL,32.57
19855,-19.197229,145.775174,Telstra Customer New Moon Station NEW MOON,QLD,5,4820,Unknown,311,LR1D,paluma_al,Paluma AL,50.744
19858,-19.182969,147.015168,Light House CAPE CLEVELAND,QLD,4,4816,Unknown,64,LR3A,castle_hill_al,Castle Hill AL,23.802
19863,-18.98042,146.199116,Telstra Customer CRYSTAL CREEK,QLD,4,4816,Unknown,417,LQ8M,paluma_al,Paluma AL,3.718
19864,-18.955513,146.146236,Telstra Site Paluma Dam PALUMA,QLD,4,4816,Unknown,838,LQ8M,paluma_al,Paluma AL,9.482
19868,-18.758155,146.570356,Telstra Customer Pencil Bay PALM ISLAND,QLD,4,4816,Unknown,12,LQ8O,paluma_al,Paluma AL,46.661
19888,-19.414298,146.531649,Telstra Site Army Camp A2 HERVEY RANGE,QLD,4,4816,Unknown,511,LR2G,allambie_lane,Allambie Lane,19.422
19937,-20.08887,146.252212,Ergon Site Towers Hill CHARTERS TOWERS,QLD,5,4820,Within 10 metres,413,LR5B,charters_towers_weir,Charters Towers Weir,14.725
19943,-20.542568,146.445669,RB Communications Site MT JANET,QLD,5,4820,Within 100 metres,498,LR5J,brdley_ck_core,BRdley Ck (Core,54.274
19952,-20.089106,146.252431,Comms Mast  Pagex Site Towers Hill  off Blackjack Rd CHARTERS TOWERS,QLD,5,4820,Within 10 metres,413,LR5B,charters_towers_weir,Charters Towers Weir,14.74
200310,-33.138309,151.202095,NSWOEH Depot Rooftop 9 Walker Ridge Rd BUCKETTY,NSW,2,2250,Within 10 metres,360,NV7A,somersby,Somersby,30.167
200311,-33.301966,151.186995,Bushfire Brigade Borisbrook off Waratah Road MANGROVE MOUNTAIN,NSW,2,2250,Within 10 metres,,NV7E,somersby,Somersby,14.698
200430,-33.580742,151.330187,Lighthouse BARRENJOEY HEADLAND,NSW,2,2108,Unknown,0,NV7J,kincumber,Kincumber,16.033
200440,-33.144346,151.581008,Bush Fire Station GWANDALAN,NSW,3,2259,Unknown,21,NV7C,lookout_rd_reservoir,Lookout Rd Reservoir,25.691
200444,-33.805851,151.246895,RVCP Base 239 Spit Road MOSMAN,NSW,2,2088,Within 10 metres,,NV7M,kincumber,Kincumber,42.129
200472,-33.610406,150.820046,Hawkesbury Hospital WINDSOR,NSW,2,2756,Within 10 metres,7,MV9L,somersby,Somersby,50.015
200478,-33.253202,151.283787,"NSWTA 30m Lattice Tower Bumble Hill, Cnr Bradley Ln & Forest Rd WYONG CREEK",NSW,2,2250,Within 10 metres,297,NV7F,somersby,Somersby,16.149
200495,-34.704095,150.484471,Sydney Water Control Structure KANGAROO VALLEY,NSW,4,2577,Unknown,637,MW3J,vincentia,Vincentia,45.444
200629,-33.261095,151.481648,Wyong Hospital Pacific Hwy KANWAL,NSW,2,2259,Unknown,24,NV7F,kincumber,Kincumber,22.236
200684,-33.874562,151.225825,St Lukes Hospital 18 Roslyn Street POTTS POINT,NSW,2,2011,Within 100 metres,,NV7M,kincumber,Kincumber,49.979
200813,-28.394714,152.325308,RFS site ACACIA PLATEAU,NSW,4,2476,Unknown,677,NU2F,carrs_lookout_al,Carrs Lookout AL,14.23
200818,-33.558983,150.839132,Fire Control Macquarie Road WILBERFORCE,NSW,2,2756,Within 100 metres,32,MV9L,somersby,Somersby,45.96
200861,-33.471247,148.997477,Cadia Mine Site Cadia Road via ORANGE,NSW,4,2800,Within 100 metres,,MV7H,orange_stp_enviromon,Orange Stp Enviromon,26.009
200877,-33.868658,151.212932,Sydney Hospital Macquarie Street SYDNEY,NSW,2,2000,Within 100 metres,,NV7M,kincumber,Kincumber,49.769
200908,-28.533883,153.407368,RFS Site Koonyum Range Rd via MULLUMBIMBY,NSW,4,2482,Unknown,538,NU3J,mullumbimby_chincoga,Mullumbimby(Chincoga,6.498
200919,-33.778968,151.135968,De Burghs Bridge Cottage Riverside Drive National Park LANE COVE,NSW,2,2113,Unknown,34,NV7M,kincumber,Kincumber,44.158
200950,-33.419067,150.985515,Old Northern Road WISEMANS FERRY,NSW,2,2756,Within 100 metres,,MV9H,somersby,Somersby,28.877
200986,-35.69454,149.616557,Fairfield Trig via TALLAGANDA,NSW,4,2622,Unknown,,MW5K,budawang,Budawang,41.761
200999,-33.883529,151.284189,NSWTA 28.3m Monopole Hugh Bamford Reserve Wentworth St NORTH BONDI,NSW,2,2030,Within 10 metres,,NV7N,kincumber,Kincumber,49.446
201325,-33.799447,151.124723,Macquarie Hospital Wicks Road NORTH RYDE,NSW,2,2113,Unknown,54,NV7M,kincumber,Kincumber,46.628
201330,-33.762032,151.210182,22 Melwood Ave FORESTVILLE,NSW,2,2087,Unknown,,NV7M,kincumber,Kincumber,39.026
201376,-28.933154,153.42236,RFS site BUCKOMBIL MOUNTAIN,NSW,4,2477,Unknown,131,NU3N,tuckombil,Tuckombil,14.17
201389,-33.044229,151.264477,"Forestry NSW 17.5m Lattice Tower Fire Lookout, Mount Warrawolong, Olney State Forest WATAGAN",NSW,2,2325,Within 10 metres,615,NV7B,somersby,Somersby,39.455
201404,-33.308601,149.104807,25 Scott Place ORANGE,NSW,4,2800,Unknown,,MV8E,orange_stp_enviromon,Orange Stp Enviromon,5.373
201491,-33.918613,151.098482,Canterbury Hospital Canterbury Road CAMPSIE,NSW,2,2194,Unknown,39,NV7M,kincumber,Kincumber,59.242
201511,-32.53827,151.524872,Dungog Shire Site at MOUNT GEORGE,NSW,4,2421,Unknown,338,NV4K,lookout_rd_reservoir,Lookout Rd Reservoir,46.433
201565,-33.26393,149.127993,Sewage Treatment Works ORANGE,NSW,4,2800,Unknown,833,MV8E,orange_stp_enviromon,Orange Stp Enviromon,0.099
201566,-33.414852,149.579902,St John Ambulance Howick Street BATHURST,NSW,4,2795,Within 100 metres,,MV8G,orange_stp_enviromon,Orange Stp Enviromon,45.122
201617,-35.630726,150.221049,"Indara 16m (West) and Essential Energy 15m (East) Monopoles Boyne State Forest, Big Bit Firetrail  BENANDARAH",NSW,4,2536,Unknown,227,MW6I,budawang,Budawang,26.384
201622,-34.407278,149.891601,Goulburn Mulwaree Council 30m and 40m Lattice Towers off Bannaby Road BANNABY HILL,NSW,4,2580,Within 10 metres,949,MW2H,bumana,Bumana,33.65
201623,-35.043851,149.599683,Goulburn Mulwaree Council 20m Guyed Mast Cowley Hills via 2574 Collector Rd LAKE BATHURST,NSW,4,2580,Within 10 metres,919,MW5C,bumana,Bumana,42.364
201625,-35.245208,150.437983,Shoalhaven City Council 50m Lattice Tower Yatte Yattah / Fishermans Paradice off Cornfield Pde CONJOLA,NSW,4,2539,Within 10 metres,104,MW6B,vincentia,Vincentia,28.662
201662,-33.108175,151.553191,Rural Fire Service Facility MORISSET PARK,NSW,3,2264,Unknown,,NV7C,lookout_rd_reservoir,Lookout Rd Reservoir,23.362
201685,-35.093343,150.24219,Council site Bhundoo Hill SASSAFRAS,NSW,4,2538,Within 10 metres,754,MW6A,vincentia,Vincentia,39.864
201687,-34.800336,150.719469,Monopole  Council Site Moeyan Hill  off 370 Agars Lane BERRY,NSW,4,2535,Within 10 metres,,MW3O,vincentia,Vincentia,31.305
201739,-33.890949,151.245554,79 Grafton Street BONDI JUNCTION,NSW,2,2025,Within 100 metres,,NV7M,kincumber,Kincumber,51.153
201754,-33.674068,151.122273,National Parks and Wildlife Service Works Depot Ku-Ring-Gai Road MOUNT COLAH,NSW,2,2080,Unknown,,NV7I,somersby,Somersby,34.637
201792,-33.105329,148.868075,Hacianda Water Reservoir MOLONG,NSW,4,2866,Unknown,591,MV7D,orange_stp_enviromon,Orange Stp Enviromon,30.032
201853,-33.812196,151.29931,Water Reservoir School of Artillery NORTH HEAD,NSW,2,2095,Within 100 metres,96,NV7N,kincumber,Kincumber,41.405
201875,-34.656732,150.29761,Bundanoon Fire Station BUNDANOON,NSW,4,2578,Unknown,663,MW3J,bumana,Bumana,52.416
201895,-33.799081,151.288044,22 Wentworth Street MANLY,NSW,2,2095,Unknown,,NV7N,kincumber,Kincumber,40.251
201951,-34.571374,150.775661,Kiama/Shellharbour Fire Control Centre Tongarra Road ALBION PARK,NSW,2,2527,Unknown,17,MW3L,vincentia,Vincentia,57.227
202230,-32.216983,152.303129,Wattle Downs 1196 Willina Rd COOLONGOLOOK,NSW,4,2423,Unknown,262,NV5B,copeland_tops_copel,Copeland Tops (Copel,53.9
202271,-33.701783,151.138587,Kuring-Gai Bushfire Brigade Headquarters N of Golden Jubilee Oval  Esk Street WAHROONGA,NSW,2,2076,Within 10 metres,,NV7I,somersby,Somersby,36.77
202409,-33.512907,151.193908,Community Services Complex PEAT ISLAND,NSW,2,2083,Unknown,,NV7I,somersby,Somersby,15.874
202732,-33.853007,151.266217,Neilson Park off Vaucluse Road VAUCLUSE,NSW,2,2030,Unknown,,NV7N,kincumber,Kincumber,46.569
202734,-33.858384,151.257462,Shark Island SYDNEY HARBOUR,NSW,2,2000,Unknown,,NV7N,kincumber,Kincumber,47.369
202740,-33.834262,151.279887,South Head Sydney Harbour National Park WATSONS BAY,NSW,2,2030,Within 10 metres,,NV7N,kincumber,Kincumber,44.224
202753,-33.419758,149.619806,Fire Station KELSO,NSW,4,2795,Unknown,675,MV8G,orange_stp_enviromon,Orange Stp Enviromon,48.773
202840,-33.822576,151.194173,St Leonards Rail Station ST LEONARDS,NSW,2,2065,Unknown,,NV7M,kincumber,Kincumber,45.721
202933,-32.895597,149.137593,"NSWPF 30m Lattice Tower Flagstaff Hill, 511 Bundalah Rd EUCHAREENA",NSW,4,2850,Within 10 metres,755,MV5M,orange_stp_enviromon,Orange Stp Enviromon,41.04
203059,-33.889603,151.181731,King George V Hospital cnr Susan Street and Salisbury Rd CAMPERDOWN,NSW,2,2050,Within 10 metres,26,NV7M,kincumber,Kincumber,53.001
203248,-33.475755,148.99758,Ridgeway-VR1 Cadia Mine Site Cadia Rd ORANGE,NSW,4,2800,Unknown,,MV7H,orange_stp_enviromon,Orange Stp Enviromon,26.449
203355,-28.206128,153.537669,Unit 4/23 Corporation Cct TWEED HEADS SOUTH,NSW,2,2486,Within 100 metres,,NU3C,tweed_heads_duranba,Tweed Heads (Duranba,7.623
203605,-32.65828,152.041169,Rural Fire Service Shed NORTH ARM COVE,NSW,4,2324,Unknown,,NV5I,lookout_rd_reservoir,Lookout Rd Reservoir,44.778
203844,-32.126705,151.43034,NSWTA 21m Lattice Tower off Mount Allyn Rd UPPER ALLYN,NSW,4,2420,Within 10 metres,1071,NV4B,copeland_tops_copel,Copeland Tops (Copel,39.62
204016,-33.701523,151.112019,Hornsby Hospital Palmerston Road HORNSBY,NSW,2,2077,Unknown,,NV7I,somersby,Somersby,37.786
204076,-28.861687,153.051314,Casino Fire Station 43 Hickey Street CASINO,NSW,4,2470,Unknown,,NU3M,goonellabah_wyreem,Goonellabah(Wyreem,26.296
204082,-34.776582,150.698981,Berry Fire Station 26 Prince Alfred Street BERRY,NSW,4,2535,Unknown,,MW3O,vincentia,Vincentia,33.783
204212,-31.462772,152.324461,NSWTA 42m Lattice Tower Yarras Mountain Trail YARRAS,NSW,4,2446,Unknown,588,NV2F,port_macquarie_golf,Port Macquarie (Golf,56.16
204400,-35.661453,149.512294,"BOM 27m Radar Tower, Mount Cowangerong Off Captains Flat Rd Jingera",NSW,4,,Unknown,1220,MW5K,budawang,Budawang,48.148
204403,-31.47098,152.732448,Bundaleer Gardens WAUCHOPE,NSW,4,2446,Unknown,,NV2G,port_macquarie_golf,Port Macquarie (Golf,17.48
204470,-33.68537,151.306505,Mona Vale Hospital Coronation St MONA VALE,NSW,2,2103,Unknown,20,NV7J,kincumber,Kincumber,27.66
204536,-32.003195,152.415691,Breakneck Lookout Blackbutts Rd TAREE,NSW,4,2430,Within 10 metres,,NV5B,copeland_tops_copel,Copeland Tops (Copel,57.302
204557,-31.465173,151.925595,Telstra Customer Mr Glen Grant PORTERS CAMP,NSW,4,2354,Unknown,614,NV1H,copeland_tops_copel,Copeland Tops (Copel,57.455
204646,-33.692477,151.223104,BoM Site Kamber Rd TERREY HILLS,NSW,2,2084,Unknown,,NV7I,kincumber,Kincumber,31.703
204807,-28.008408,153.204452,Feature 402 Canungra Military Training Area CANUNGRA,QLD,2,4272,Unknown,278,NU3A,laheys_lookout_al,Laheys Lookout AL,2.49
204828,-28.67765,153.596066,RVCP Site Coopers Shoot Road BYRON BAY,NSW,4,2481,Within 10 metres,,NU3K,coopers_shoot_repeat,Coopers Shoot Repeat,0.009
204829,-28.639612,153.635824,Light House Cottage CAPE BYRON,NSW,4,2481,Unknown,,NU3K,coopers_shoot_repeat,Coopers Shoot Repeat,5.748
204908,-34.712428,150.842145,Mt Pleasant Lookout Princes Highway KIAMA,NSW,2,2534,Unknown,95,MW3L,vincentia,Vincentia,43.465
205116,-33.163915,149.499742,Telstra Customer Gordon SOFALA,NSW,4,2795,Unknown,494,MV8B,orange_stp_enviromon,Orange Stp Enviromon,36.288
205184,-33.81868,151.186748,ABC site Lanceley Place GORE HILL,NSW,2,2064,Unknown,,NV7M,kincumber,Kincumber,45.627
20522,-18.577569,146.28642,Telstra Radio Terminal HALIFAX,QLD,4,4850,Within 10 metres,4,LQ8J,paluma_al,Paluma AL,48.659
20523,-18.310068,146.05028,Telstra Radio Terminal CARDWELL,QLD,4,4816,Within 10 metres,136,LQ8E,bilyana_al,Bilyana AL,28.104
20525,-18.531109,146.336761,AVCG Qf14 Patterson Parade LUCINDA,QLD,4,4850,Within 10 metres,0,LQ8J,paluma_al,Paluma AL,54.757
20527,-18.689011,146.214387,Ergon Energy Site MT MERCER,QLD,4,4850,Within 10 metres,36,LQ8I,paluma_al,Paluma AL,35.693
20538,-18.613051,146.240376,Skypage Site MT CORDELIA,QLD,4,4850,Unknown,97,LQ8I,paluma_al,Paluma AL,44.216
20539,-18.749938,146.114936,CSR Site MT POVERTY,QLD,4,4850,Within 10 metres,165,LQ8M,paluma_al,Paluma AL,30.796
205479,-33.548732,151.209424,RFS Shed Brooklyn Rd BROOKLYN,NSW,2,2083,Unknown,58,NV7I,somersby,Somersby,18.559
205516,-35.378549,150.230738,Telstra Customer TADBOURIE LAKE,NSW,4,2538,Unknown,66,MW6E,budawang,Budawang,24.104
20557,-18.670418,146.151465,9 Challands Street INGHAM,QLD,4,4850,Within 10 metres,,LQ8I,paluma_al,Paluma AL,38.358
205697,-34.550008,149.866699,Met Bureau Site via Marulan LONG VIEW,NSW,4,2580,Unknown,,MW2L,bumana,Bumana,19.172
205698,-33.312634,150.698616,Met Bureau Site Culoul Sawmill Putty Rd COLO HEIGHTS,NSW,4,2775,Within 10 metres,,MV9G,somersby,Somersby,56.255
205699,-28.273314,153.526057,Bureau of Meteorology DURANBAH,NSW,2,2487,Unknown,,NU3G,tweed_heads_duranba,Tweed Heads (Duranba,0.099
205701,-34.758319,149.764504,Met Bureau site Rosemont Road MT GRAY,NSW,4,2580,Unknown,,MW2P,bumana,Bumana,9.736
205706,-35.565216,149.742589,Met Bureau Site Old School House MAJORS CREEK,NSW,4,2622,Unknown,,MW5K,budawang,Budawang,24.785
205707,-33.429137,150.989778,Met Bureau Site 116 Old Northern Rd MAROOTA,NSW,2,2756,Unknown,,MV9H,somersby,Somersby,28.594
205708,-35.97801,149.856493,Met Bureau Site via Moruya Little Sugarloaf Rd PLUMWOOD,NSW,4,2537,Unknown,,MW5P,budawang,Budawang,56.773
205710,-35.629419,149.501191,Bureau of Meteorology PARKERS GAP,NSW,4,2623,Unknown,,MW5J,budawang,Budawang,47.717
205715,-34.585505,150.626183,Met Bureau Site The Pie Shop Illawarra Hwy ROBERTSON,NSW,4,2577,Unknown,,MW3K,vincentia,Vincentia,55.204
205716,-34.812701,150.191186,Bureau of Meteorology Throsby Point Fire Track THROSBY POINT,NSW,4,2579,Within 10 metres,,MW3M,bumana,Bumana,45.189
20579,-18.526939,146.33313,Receive Station Bulk Sugar Terminal LUCINDA,QLD,4,4850,Unknown,,LQ8J,paluma_al,Paluma AL,55.121
20584,-18.612447,146.490149,Telstra Customer Pioneer Bay ORPHEUS ISLAND,QLD,4,4816,Unknown,37,LQ8J,paluma_al,Paluma AL,52.813
205849,-30.907581,150.992094,Telstra Customer Keatabri Lot 7 New England Hwy MOONBI,NSW,4,2340,Unknown,1011,MU9P,carroll_village_nam,Carroll Village (Nam,53.16
205878,-33.528897,151.201384,5 Kowan Road MOONEY MOONEY,NSW,2,2083,Within 100 metres,,NV7I,somersby,Somersby,16.968
205893,-33.665296,151.278406,Pole adj Minkara Reservoir Off Walter Road INGLESIDE,NSW,2,2101,Unknown,,NV7J,kincumber,Kincumber,26.582
205903,-35.748545,149.92446,Telstra Customer `Bakers Flat Cottage` 3539 Araluen Rd DEUA RIVER VALLEY,NSW,4,2537,Unknown,68,MW5P,budawang,Budawang,30.537
205935,-33.776484,150.917494,Admin Bld Blacktown Hospital Blacktown Rd BLACKTOWN,NSW,2,2148,Within 10 metres,56,MV9P,somersby,Somersby,54.744
206010,-35.920134,150.134795,Moruya South Head Reservoir Top of Hazel Road MORUYA HEADS,NSW,4,2537,Unknown,63,MW6M,budawang,Budawang,50.516
206016,-33.27925,151.567555,639 Maitland St NORAH HEAD,NSW,2,2263,Unknown,,NV7G,kincumber,Kincumber,24.367
20606,-17.994685,146.071728,AVCG Site Luff St HULL HEADS,QLD,4,4854,Within 100 metres,0,LQ5M,south_mission_beach,South Mission Beach,5.132
206137,-35.395682,149.630946,Telstra Customer Lot 89 Hoskington Rd BOMBAY,NSW,4,2622,Unknown,754,MW5G,budawang,Budawang,34.352
20617,-17.9463,145.975197,Common Site 5.6 km ESE of Tully MT MACKAY,QLD,4,4854,Within 100 metres,682,LQ4P,euramo_al,Euramo AL,6.165
20624,-18.149859,145.479696,Met Bureau Flood Warning Station MURRAY SPRINGS,QLD,4,4872,Within 100 metres,,LQ7B,murray_springs_al,Murray Springs AL,0.082
20628,-17.945762,145.97605,B&W Site 5.7 km ESE of Tully MT MACKAY,QLD,4,4854,Within 100 metres,664,LQ4P,euramo_al,Euramo AL,6.265
20639,-18.149529,145.480225,Ergon Site Access via Cashmere Kirrama Rd GOSHEN,QLD,4,,Within 100 metres,841,LQ7B,murray_springs_al,Murray Springs AL,0.016
20641,-17.766955,145.577625,Powerlink Site 41 km NW of Tully TULLY FALLS,QLD,4,4872,Within 100 metres,,LQ4O,koombooloomba_al,Koombooloomba AL,7.732
20729,-17.524801,146.032507,Police Station INNISFAIL,QLD,4,4860,Within 10 metres,4,LQ5I,sweeney_ck_u_s_al,Sweeney Ck U/S Al,0.893
20732,-17.383015,146.003501,Police Hut GRAHAM RANGE,QLD,4,4861,Within 10 metres,304,LQ5E,sweeney_ck_u_s_al,Sweeney Ck U/S Al,16.061
20736,-17.52856,146.03434,Water Tower Mourilyan Road INNISFAIL,QLD,4,4860,Within 100 metres,15,LQ5I,sweeney_ck_u_s_al,Sweeney Ck U/S Al,1.109
20804,-17.017742,145.634651,Miles Site LAMBS HEAD,QLD,4,4872,Within 10 metres,1209,LQ4C,davies_ck_tm,Davies Ck Tm,13.023
20846,-16.923989,145.780098,17 Abbott Street CAIRNS,QLD,4,4870,Within 100 metres,0,LQ1P,brinsmead_al,Brinsmead AL,8.357
20937,-16.923247,145.775409,82 Grafton Street CAIRNS,QLD,4,4870,Within 10 metres,,LQ1P,brinsmead_al,Brinsmead AL,7.88
20967,-16.91268,145.770595,Cairns Base Hospital Abbott Street CAIRNS,QLD,4,4870,Within 10 metres,0,LQ1P,brinsmead_al,Brinsmead AL,6.902
20995,-16.882958,145.738496,Ergon Site Lumley Hill CAIRNS,QLD,4,4870,Within 10 metres,310,LQ1O,brinsmead_al,Brinsmead AL,3.013
21007,-16.879598,145.755086,Juhi Depot Airport CAIRNS,QLD,4,4870,Within 10 metres,,LQ1P,brinsmead_al,Brinsmead AL,4.817
21023,-16.940521,145.763935,Palmer Street Portsmith CAIRNS,QLD,4,4870,Within 100 metres,,LQ1P,brinsmead_al,Brinsmead AL,8.08
21077,-16.905042,145.843335,Mt Yarrabah Site Mt Yarrabah  off Pine Creek Yarrabah Rd MT YARRABAH,QLD,4,4871,Unknown,,LQ1P,brinsmead_al,Brinsmead AL,14.219
21114,-16.480433,145.462426,MRQPD Wharf Street PORT DOUGLAS,QLD,4,4871,Within 10 metres,,LQ1F,saddle_mountain_aler,Saddle Mountain Aler,43.21
21117,-16.949557,145.864682,AVCG Site 10 km ESE of Cairns MT GORTON,QLD,4,4871,Within 100 metres,728,LQ1P,brinsmead_al,Brinsmead AL,17.718
21158,-17.264216,145.853685,Radio Terminal 38 km SSE of Cairns MT BELLENDEN KER,QLD,4,4871,Within 10 metres,1492,LQ4H,gordonvale_al,Gordonvale AL,19.381
21215,-16.481912,145.467117,Comms Tower Flagstaff Hill Island Point Rd PORT DOUGLAS,QLD,4,4871,Within 10 metres,69,LQ1F,saddle_mountain_aler,Saddle Mountain Aler,42.822
21228,-17.560625,145.953507,Ergon Site PIN GIN HILL,QLD,4,4860,Within 100 metres,158,LQ4L,marco_street_al,Marco Street AL,0.601
21249,-16.758965,145.972297,Green Island Reef Resort GREEN ISLAND,QLD,4,4871,Within 100 metres,2,LQ1P,brinsmead_al,Brinsmead AL,31.344
21276,-16.904575,145.842727,SCA site Mt Yarrabah YARRABAH,QLD,4,4871,Within 10 metres,543,LQ1P,brinsmead_al,Brinsmead AL,14.148
21349,-16.904073,145.841529,Miles Site Mt Yarrabah  7.5 km ENE of Cairns YARRABAH,QLD,4,4871,Within 10 metres,535,LQ1P,brinsmead_al,Brinsmead AL,14.015
21526,-18.023548,144.871154,Telstra Radio Terminal LYND RIVER,QLD,5,4872,Within 100 metres,742,KQ9D,upper_rudd_ck_ale,Upper Rudd Ck Ale,2.332
21527,-18.124755,144.35324,Telstra Radio Terminal 4.7 km NE of Mt Surprise & 152 km SW of Atherton MT SURPRISE,QLD,5,4871,Within 10 metres,487,KQ9B,upper_rudd_ck_ale,Upper Rudd Ck Ale,57.067
21530,-17.361602,144.947541,Telstra Radio Terminal PETFORD,QLD,5,4871,Within 100 metres,483,KQ6H,scrubby_ck_tm,Scrubby Ck Tm,54.96
21550,-17.24008,145.779217,Telstra Radio Terminal Goldsborough State Forest GOLDSBOROUGH,QLD,4,4871,Within 100 metres,146,LQ4D,gillies_lookout_aler,Gillies Lookout Aler,12.342
21551,-17.204609,145.742777,Telstra Radio Terminal Mulgrave River 13km SW of GORDONVALE,QLD,4,4871,Within 100 metres,70,LQ4C,gillies_lookout_aler,Gillies Lookout Aler,6.886
21628,-17.522653,144.992801,Telstra Site Homestead GURRUMBA,QLD,5,4871,Within 100 metres,695,KQ6L,scrubby_ck_tm,Scrubby Ck Tm,55.407
21638,-16.943001,145.008462,Telstra Site Homestead THORNBOROUGH,QLD,4,4871,Within 100 metres,386,LQ1M,bones_knob_al,Bones Knob AL,55.897
21647,-16.936036,145.035757,Telstra Customer Tyrconnel Mine DIMBULAH,QLD,4,4871,Within 10 metres,480,LQ1M,davies_ck_tm,Davies Ck Tm,53.811
21673,-17.455511,145.486324,Austek Site 1.5 Km NE of Cnr Kennedy Hwy and Longlands Gap Rd LONGLANDS GAP,QLD,4,4883,Within 10 metres,,LQ4F,millaa_millaa_al,Millaa Millaa AL,14.714
21679,-17.455595,145.486435,Ergon Energy Site LONGLANDS GAP,QLD,4,4883,Within 100 metres,1218,LQ4F,millaa_millaa_al,Millaa Millaa AL,14.7
21682,-16.947479,145.198985,Telstra Customer Glen Russell Holding DIMBULAH,QLD,4,4871,Within 100 metres,561,LQ1M,davies_ck_tm,Davies Ck Tm,36.449
21695,-16.818195,145.663041,Met Bureau Hut Saddle Mountain Road  3 km E of Kuranda SADDLE MOUNTAIN,QLD,4,4871,Within 10 metres,618,LQ1O,saddle_mountain_aler,Saddle Mountain Aler,0.028
21708,-16.916101,145.252179,QAS Site HANN TABLELAND,QLD,4,4871,Within 10 metres,942,LQ1N,davies_ck_tm,Davies Ck Tm,30.918
21710,-17.455522,145.486673,Qld Police Site LONGLANDS GAP,QLD,4,4883,Within 10 metres,1221,LQ4F,millaa_millaa_al,Millaa Millaa AL,14.681
21712,-16.818168,145.663097,Met Bureau Radar Tower Saddle Mountain Road  3 km E of Kuranda SADDLE MOUNTAIN,QLD,4,4871,Within 10 metres,618,LQ1O,saddle_mountain_aler,Saddle Mountain Aler,0.035
21713,-17.456378,145.487438,Telstra Radio Terminal LONGLANDS GAP,QLD,4,4883,Within 10 metres,1223,LQ4F,millaa_millaa_al,Millaa Millaa AL,14.565
21714,-17.68522,145.120241,Telstra Site Lot 39 Onyx St MOUNT GARNET,QLD,4,4872,Within 10 metres,774,LQ4I,upper_rudd_ck_ale,Upper Rudd Ck Ale,46.559
21717,-17.540461,145.02448,Telstra Radio Terminal 56 km SW of Atherton IRON MOUNTAIN,QLD,4,4872,Within 10 metres,859,LQ4I,scrubby_ck_tm,Scrubby Ck Tm,53.359
21724,-16.706007,145.195174,Telstra Customer Font Hill Station MARYFARMS,QLD,4,4871,Within 100 metres,381,LQ1I,davies_ck_tm,Davies Ck Tm,45.231
21739,-16.743499,145.575131,Telstra Customer Cadaghi Stud 15 km NW of KURANDA,QLD,4,4871,Within 100 metres,435,LQ1K,saddle_mountain_aler,Saddle Mountain Aler,12.502
21768,-16.742644,145.566631,Telstra Customer via KURANDA,QLD,4,4871,Within 100 metres,433,LQ1K,saddle_mountain_aler,Saddle Mountain Aler,13.251
21770,-16.746223,145.576987,Telstra Customer 5116 KURANDA,QLD,4,4871,Within 100 metres,436,LQ1K,saddle_mountain_aler,Saddle Mountain Aler,12.153
21772,-16.346968,145.409788,Telstra Exchange WONGA BEACH,QLD,4,4873,Within 10 metres,79,LQ1F,saddle_mountain_aler,Saddle Mountain Aler,58.939
21774,-16.669564,145.472547,Telstra Site Homestead THOMPSON,QLD,4,4871,Unknown,425,LQ1J,saddle_mountain_aler,Saddle Mountain Aler,26.152
21948,-16.818231,145.662937,Airservices Tower Saddle Mountain Road  3 km E of Kuranda SADDLE MOUNTAIN,QLD,4,4871,Within 10 metres,618,LQ1O,saddle_mountain_aler,Saddle Mountain Aler,0.016
21964,-16.985858,145.425072,21 Lloyd Street MAREEBA,QLD,4,4880,Within 100 metres,,LQ1N,davies_ck_tm,Davies Ck Tm,13.335
21992,-16.581432,145.189324,Telstra Exchange MARYFARMS,QLD,4,4871,Within 100 metres,347,LQ1I,davies_ck_tm,Davies Ck Tm,54.87
22008,-17.266979,145.482662,Jack Street ATHERTON,QLD,4,4883,Within 100 metres,,LQ4F,scrubby_ck_tm,Scrubby Ck Tm,4.611
22011,-17.268113,145.494071,Telstra Radio Terminal Hallorans Hill ATHERTON,QLD,4,4883,Within 10 metres,851,LQ4F,scrubby_ck_tm,Scrubby Ck Tm,5.208
22020,-17.34986,145.570527,Lot 1 Carson Road MALANDA,QLD,4,4885,Within 100 metres,,LQ4G,glen_allyn_al,Glen Allyn AL,9.188
22025,-17.517641,145.609143,Met Bureau Flood Warning Repeater Site MILLAA MILLAA,QLD,4,4886,Unknown,,LQ4K,millaa_millaa_al,Millaa Millaa AL,0.03
250007,-32.376141,152.099385,Telstra Customer Staples Crawford Road BULAHDELAH,NSW,4,2423,Unknown,130,NV5E,copeland_tops_copel,Copeland Tops (Copel,52.559
250053,-31.320891,150.74928,Country Energy Site Mt Soma WERRIS CREEK,NSW,4,2344,Within 10 metres,960,MV3G,carroll_village_nam,Carroll Village (Nam,47.601
250106,-31.054904,150.928181,Easters Site 194 Forest Road TAMWORTH,NSW,4,2340,Unknown,,MV3D,carroll_village_nam,Carroll Village (Nam,47.037
250109,-32.937755,151.140898,Wollombi Police Station 2888 Wollombri Road WOLLOMBI,NSW,2,2325,Unknown,95,NV4M,lookout_rd_reservoir,Lookout Rd Reservoir,51.239
250305,-32.669531,152.163906,Fire Brigade 135 Marine Drive TEA GARDENS,NSW,4,2324,Unknown,,NV5I,lookout_rd_reservoir,Lookout Rd Reservoir,53.059
250338,-33.146188,151.458316,Russell Trig MORISSET,NSW,2,2264,Unknown,168,NV7B,somersby,Somersby,31.835
250353,-32.731516,152.040066,Albatross Marina Off Cook Parade LEMON TREE PASSAGE,NSW,3,2301,Unknown,,NV5I,lookout_rd_reservoir,Lookout Rd Reservoir,39.596
250392,-32.968797,151.694521,ASNSW 37.5 m lattice tower Ambulance Control Centre Cnr Pacific Highway & Dudley Rd CHARLESTOWN,NSW,3,2290,Unknown,104,NV4O,lookout_rd_reservoir,Lookout Rd Reservoir,4.103
250402,-28.801597,152.133239,NPWS Site Boonoo Boonoo NP Via TENTERFIELD,NSW,4,2372,Within 100 metres,1037,NU2M,ballandean_hill_aler,Ballandean Hill Aler,29.522
250448,-29.252237,151.887694,Telstra Customer Peru TENTERFIELD,NSW,4,2372,Unknown,804,NU4H,ballandean_hill_aler,Ballandean Hill Aler,50.838
250483,-32.977482,151.573904,Powercoal Newstan Colliery Wakefield Rd FASSIFERN,NSW,3,2283,Unknown,,NV4O,lookout_rd_reservoir,Lookout Rd Reservoir,11.941
250495,-28.814517,153.300846,Water Tower Ross St. EAST LISMORE,NSW,4,2480,Unknown,58,NU3N,goonellabah_wyreem,Goonellabah(Wyreem,1.834
250533,-31.72741,151.7158,"NSWOEH 30m & 35m Lattice Towers Mt Myra, off Mount Myra Trail CURRICABARK",NSW,4,2422,Within 100 metres,1022,NV1K,copeland_tops_copel,Copeland Tops (Copel,28.624
250635,-32.935959,151.777194,RVCP Site Heritage Cottage The Terrace Cooks Hill NEWCASTLE,NSW,3,2300,Unknown,,NV4P,lookout_rd_reservoir,Lookout Rd Reservoir,8.158
250651,-32.040125,151.403831,National Parks and Wildlife Site MOUNT BARRINGTON,NSW,4,2420,Unknown,1531,NV4B,copeland_tops_copel,Copeland Tops (Copel,38.96
250734,-29.11524,153.439033,Coastguard Base Razorback Lookout Ocean Drive EVANS HEAD,NSW,4,2473,Within 10 metres,48,NU6B,tuckombil,Tuckombil,33.364
280008,-28.522596,153.477844,Met Bureau Site Chincogan Mountain MULLUMBIMBY,NSW,4,2483,Unknown,,NU3J,mullumbimby_chincoga,Mullumbimby(Chincoga,0.563
280026,-31.426019,152.475,Telstra Site Oxley Highway Pillar LONG FLAT,NSW,4,2446,Unknown,88,NV2F,port_macquarie_golf,Port Macquarie (Golf,42.341
280027,-31.415584,152.517141,Telstra Site Pappinbarra Rd Por 204 HOLLISDALE,NSW,4,2446,Unknown,359,NV2G,port_macquarie_golf,Port Macquarie (Golf,38.611
280038,-28.621165,152.510042,NSWTA 50m Lattice Tower and Kyogle Council 35m Guyed Mast Haystack Mountain off Pocupar Rd YABBRA,NSW,4,2470,Unknown,796,NU2K,carrs_lookout_al,Carrs Lookout AL,37.489
280045,-31.642164,152.796764,Boral Bayside Crescent LAURIETON,NSW,4,2443,Unknown,,NV2L,port_macquarie_golf,Port Macquarie (Golf,20.871
280078,-28.571032,153.070907,"NSWRFS 25m Lattice Tower  Homeleigh Mountain, Whites Rd HOMELEIGH",NSW,4,2474,Within 10 metres,525,NU3I,goonellabah_wyreem,Goonellabah(Wyreem,36.858
280176,-31.08082,152.82832,Fire Station 78 Elbow Street KEMPSEY,NSW,4,2440,Unknown,,NV2D,port_macquarie_golf,Port Macquarie (Golf,45.645
280178,-28.843831,153.440042,Fire Station 1 Mellis Circuit ALSTONVILLE,NSW,4,2477,Unknown,,NU3N,tuckombil,Tuckombil,5.185
280180,-28.68629,153.525875,Fire Station 28 Byron Street BANGALOW,NSW,4,2479,Unknown,,NU3K,coopers_shoot_repeat,Coopers Shoot Repeat,6.907
280181,-28.540638,153.552238,Fire Station Cnr The Terrace & Fingal St BRUNSWICK HEADS,NSW,4,2483,Unknown,,NU3K,mullumbimby_chincoga,Mullumbimby(Chincoga,8.103
280184,-28.647563,153.612859,Fire Station 3 Kingsley Street BYRON BAY,NSW,4,2481,Unknown,,NU3K,coopers_shoot_repeat,Coopers Shoot Repeat,3.733
280185,-28.991097,153.286264,Fire Station 14 Adams Street CORAKI,NSW,4,2471,Unknown,,NU3N,goonellabah_wyreem,Goonellabah(Wyreem,19.025
280186,-29.113653,153.427514,Fire Station 76 Woodburn Street EVANS HEAD,NSW,4,2473,Unknown,,NU6B,tuckombil,Tuckombil,33.356
280187,-29.688783,152.93503,Fire Station 94 Prince Street GRAFTON,NSW,4,2460,Unknown,15,NU5L,whiporie_myall_cree,Whiporie (Myall Cree,45.805
280188,-29.704938,152.935743,Fire Station 61 Wharf Street SOUTH GRAFTON,NSW,4,2461,Unknown,15,NU5L,whiporie_myall_cree,Whiporie (Myall Cree,47.582
280189,-28.552621,153.49955,Fire Station Dalley St MULLUMBIMBY,NSW,4,2482,Unknown,,NU3J,mullumbimby_chincoga,Mullumbimby(Chincoga,4.392
280190,-28.326127,153.39525,Fire Station 133 Murwillumbah St MURWILLUMBAH,NSW,2,2484,Unknown,,NU3F,murwillumbah_hartigans_hill,Murwillumbah (Hartigans Hill),0.934
280199,-28.803339,153.11523,Casino Rescue Site NAUGHTONS GAP,NSW,4,2470,Unknown,,NU3M,goonellabah_wyreem,Goonellabah(Wyreem,19.818
280226,-29.110836,153.258124,Vodafone Site MOUNT MOONIMBA,NSW,4,2471,Unknown,119,NU6B,whiporie_myall_cree,Whiporie (Myall Cree,32.046
280235,-29.055634,152.021195,Fire Station 125 Logan Street TENTERFIELD,NSW,4,2372,Unknown,855,NU5A,ballandean_hill_aler,Ballandean Hill Aler,34.163
280236,-29.433184,153.362233,CMTS Site Yamba Reservoir Clarence St YAMBA,NSW,4,2464,Unknown,31,NU6F,whiporie_myall_cree,Whiporie (Myall Cree,39.856
280241,-29.12651,152.73995,"Northern River Communications 25m Guyed Mast and NSWOEH 35m Lattice Tower Pickabooba, off Mt Belmore Rd BUSBYS FLAT",NSW,4,2470,Unknown,569,NU5C,whiporie_myall_cree,Whiporie (Myall Cree,29.699
280244,-31.451959,152.899268,Port Macquarie Base Hospital Wright Street PORT MACQUARIE,NSW,4,2444,Unknown,,NV2H,port_macquarie_golf,Port Macquarie (Golf,3.945
301077,-38.241081,142.901095,1 Austin Ave TERANG,VIC,4,3264,Within 100 metres,,KX4D,mt_warrnambool_repea,Mt Warrnambool Repea,15.803
301722,-38.093125,142.960654,CFA Site David Selman Residence Terang-Darlington Rd MORTLAKE,VIC,4,3264,Within 100 metres,,KX4D,mt_warrnambool_repea,Mt Warrnambool Repea,30.507
302532,-38.082071,142.37819,Minjah Road HAWKESDALE,VIC,4,3287,Within 100 metres,139,KX4B,mt_warrnambool_repea,Mt Warrnambool Repea,40.205
302617,-38.453908,143.046586,Fire Station Timboon - Colac rd SCOTTS CREEK,VIC,4,3267,Within 10 metres,,KX5E,mt_warrnambool_repea,Mt Warrnambool Repea,31.418
302633,-38.569263,142.928882,Fire Station Peterborough Timboon Rd LOWER HEYTESBURY,VIC,4,3268,Within 10 metres,,KX4L,mt_warrnambool_repea,Mt Warrnambool Repea,33.627
302669,-38.38654,142.598178,Allansford Fire Station Ziegler Pde ALLANSFORD,VIC,4,3277,Within 100 metres,,KX4G,mt_warrnambool_repea,Mt Warrnambool Repea,15.282
302670,-38.293841,142.367676,Koroit Fire Station High St KOROIT,VIC,4,3282,Unknown,,KX4F,mt_warrnambool_repea,Mt Warrnambool Repea,32.499
302671,-38.217123,142.466988,CFA Site Owen OKeefe Residence Greenhill Lane WINSLOW,VIC,4,3282,Within 100 metres,,KX4B,mt_warrnambool_repea,Mt Warrnambool Repea,25.771
302712,-38.615649,142.999951,Fire Station Desaily St PORT CAMPBELL,VIC,4,3269,Within 100 metres,,KX4L,mt_warrnambool_repea,Mt Warrnambool Repea,41.251
302715,-38.495256,143.208446,Fire Station Williams Rd SIMPSON,VIC,4,3266,Within 100 metres,,KX5E,mt_warrnambool_repea,Mt Warrnambool Repea,45.962
303009,-33.881883,151.20152,ABC 700 Harris Street ULTIMO,NSW,2,2007,Within 10 metres,19,NV7M,kincumber,Kincumber,51.519
304445,-38.074539,142.409184,Group Base Minjah Rd HAWKESDALE,VIC,4,3276,Within 100 metres,139,KX4B,mt_warrnambool_repea,Mt Warrnambool Repea,38.665
304446,-38.42111,142.924166,Fire Station Glenfyne Brucknell Rd BRUCKNELL,VIC,4,3264,Within 100 metres,,KX4H,mt_warrnambool_repea,Mt Warrnambool Repea,20.576
305061,-38.304605,142.738874,3-WAY-FM Mast off Princes Highway MT WARRNAMBOOL,VIC,4,3265,Within 10 metres,192,KX4G,mt_warrnambool_repea,Mt Warrnambool Repea,0.137
306160,-38.232065,143.149442,CFA Site 34 Fergusson St CAMPERDOWN,VIC,4,3260,Within 10 metres,,KX5A,mt_warrnambool_repea,Mt Warrnambool Repea,36.685
306161,-38.325643,143.066229,16 Station Streeet COBDEN,VIC,4,3266,Within 10 metres,,KX5E,mt_warrnambool_repea,Mt Warrnambool Repea,28.566
3290,-33.862761,151.211704,AMP Centre 50 Bridge Street SYDNEY,NSW,2,2000,Within 10 metres,17,NV7M,kincumber,Kincumber,49.197
3351,-33.868697,151.209364,MLC Centre 19-29 Martin Place SYDNEY,NSW,2,2000,Within 10 metres,55,NV7M,kincumber,Kincumber,49.891
3353,-33.868478,151.212936,Macquarie St SYDNEY,NSW,2,2000,Unknown,39,NV7M,kincumber,Kincumber,49.75
3397,-33.870447,151.208787,Broadcast/Comms Tower  Sydney Tower Westfield Centrepoint  100 Market Street SYDNEY,NSW,2,2000,Within 10 metres,69,NV7M,kincumber,Kincumber,50.091
3410,-33.889407,151.182765,E Block Royal Alfred Princes Hospital Missenden Rd CAMPERDOWN,NSW,2,2050,Unknown,27,NV7M,kincumber,Kincumber,52.944
3423,-33.881352,151.199153,700 Harris St ULTIMO,NSW,2,2007,Unknown,,NV7M,kincumber,Kincumber,51.544
34523,-38.37427,142.471256,71 Hyland Street WARRNAMBOOL,VIC,4,3280,Within 10 metres,49,KX4F,mt_warrnambool_repea,Mt Warrnambool Repea,24.634
34566,-34.616759,150.704659,Radio Site Mission Australia Complex via Jamberoo Mountain Road KNIGHTS HILL,NSW,2,2533,Within 10 metres,,MW3K,vincentia,Vincentia,51.559
34718,-28.261467,153.580358,Faulks Pk KINGSCLIFF,NSW,2,2487,Unknown,,NU3G,tweed_heads_duranba,Tweed Heads (Duranba,5.437
34786,-35.923379,150.088052,Princes Hwy MORUYA,NSW,4,2537,Unknown,,MW6M,budawang,Budawang,49.991
34790,-34.461176,149.472483,Fire Station Goulburn St CROOKWELL,NSW,4,2583,Unknown,888,MW2F,bumana,Bumana,33.324
34792,-33.560942,148.664015,17 Ryall St CANOWINDRA,NSW,4,2804,Unknown,,MV7K,orange_stp_enviromon,Orange Stp Enviromon,54.278
34793,-35.442713,149.793373,Park Lane BRAIDWOOD,NSW,4,2622,Unknown,,MW5H,budawang,Budawang,18.79
34805,-31.645951,152.795648,Fire Station 33 Castle St LAURIETON,NSW,4,2443,Unknown,,NV2L,port_macquarie_golf,Port Macquarie (Golf,21.282
34837,-35.909114,150.079602,15 Church St MORUYA,NSW,4,2537,Unknown,,MW6M,budawang,Budawang,48.302
34839,-33.100944,148.865839,Filtration Plant Park St MOLONG,NSW,4,2866,Within 10 metres,551,MV7D,orange_stp_enviromon,Orange Stp Enviromon,30.489
34845,-35.711521,150.183749,Fire Station Herarde St BATEMANS BAY,NSW,4,2536,Unknown,,MW6I,budawang,Budawang,30.843
34848,-30.730242,150.648587,Comm Site Mt Baldwin  7 km WNW of MANILLA,NSW,4,2346,Within 100 metres,877,MU9K,carroll_village_nam,Carroll Village (Nam,34.377
34876,-33.398017,151.29574,Comms Site Reeves Rd SOMERSBY,NSW,2,2250,Unknown,227,NV7F,somersby,Somersby,0.016
34882,-32.912469,149.140925,RFS Site Spot Height 777 Metres STORE CREEK,NSW,4,2850,Unknown,757,MV5M,orange_stp_enviromon,Orange Stp Enviromon,39.172
34905,-33.031962,149.582488,Telstra Radio Terminal Monkey Hill via SOFALA,NSW,4,2795,Within 10 metres,1050,MV8C,orange_stp_enviromon,Orange Stp Enviromon,49.538
34911,-28.678457,153.597442,NSW Rural Fire Service Site Coopers Shoot BYRON BAY,NSW,4,2481,Within 10 metres,108,NU3K,coopers_shoot_repeat,Coopers Shoot Repeat,0.164
34919,-34.635539,149.350256,"NSWRFS 40m Lattice Tower Mt Mary, off 1720 Grabben Gullen Rd GURRUNDAH",NSW,4,2581,Within 10 metres,914,MW2J,bumana,Bumana,34.585
34939,-33.405387,151.297209,Gencom Site 1 Mt Penang Portion 319 Debenham Rd SOMERSBY,NSW,2,2250,Unknown,238,NV7F,somersby,Somersby,0.824
35041,-28.234862,153.288859,Broadcast Site Bilbrough Lookout SPRINGBROOK,NSW,2,2484,Within 10 metres,952,NU3B,murwillumbah_hartigans_hill,Murwillumbah (Hartigans Hill),14.615
35045,-33.458372,149.547706,Readymix/Pioneer Hut McPhillamy Park MT PANORAMA,NSW,4,2795,Within 10 metres,874,MV8G,orange_stp_enviromon,Orange Stp Enviromon,44.481
35066,-33.341852,148.982967,Prime TV Site  MT CANOBOLAS,NSW,4,2800,Within 10 metres,1334,MV7H,orange_stp_enviromon,Orange Stp Enviromon,16.038
35087,-27.463175,152.947118,Community Radio Site The Summit Sir Samuel Griffith Drv MOUNT COOT-THA,QLD,2,4069,Within 10 metres,224,NT8H,the_summit_alert,The Summit Alert,0.048
35245,-33.466012,150.992724,Lot 2 Old Northern Rd MAROOTA,NSW,2,2756,Unknown,,MV9H,somersby,Somersby,29.103
35249,-32.329098,151.958812,Council Radio Site PEPPERS MOUNTAIN,NSW,4,2415,Unknown,369,NV4H,copeland_tops_copel,Copeland Tops (Copel,42.1
35271,-33.803874,150.987988,Westmead Hospital WESTMEAD,NSW,2,2145,Unknown,,MV9P,somersby,Somersby,53.362
35366,-33.620876,151.146926,47 Berowra Waters Road BEROWRA,NSW,2,2081,Within 10 metres,,NV7I,somersby,Somersby,28.348
35499,-34.865699,149.613593,Commsite BANGALORE TRIG,NSW,4,2580,Unknown,,MW2O,bumana,Bumana,23.32
35519,-28.251087,153.372903,Council Site MT TOMEWIN,NSW,2,2486,Unknown,271,NU3F,murwillumbah_hartigans_hill,Murwillumbah (Hartigans Hill),9.176
35638,-34.430142,150.234345,Comsite GREEN WALK,NSW,4,2575,Unknown,,MW3E,bumana,Bumana,54.123
35836,-28.232629,153.290201,Energex Site Bilbrough Lookout SPRINGBROOK,QLD,2,4213,Within 10 metres,943,NU3B,murwillumbah_hartigans_hill,Murwillumbah (Hartigans Hill),14.713
35875,-33.861794,151.275443,Reservoir Clairvaux St VAUCLUSE,NSW,2,2030,Unknown,,NV7N,kincumber,Kincumber,47.289
36185,-33.52179,151.38209,Gosford City Council 20m Water Reservoir The Scenic Drive KILLCARE HEIGHTS,NSW,2,2257,Within 10 metres,131,NV7J,kincumber,Kincumber,8.217
36261,-34.788307,150.542559,Telstra Site RED ROCKS,NSW,4,2541,Unknown,590,MW3O,vincentia,Vincentia,34.771
36294,-28.177887,153.116183,Telstra Customer via CANUNGRA,QLD,2,4275,Unknown,562,NU3A,o_reillys_al,O'Reillys AL,6.247
36295,-28.108561,153.030784,Telstra Exchange KERRY,QLD,2,4285,Unknown,120,NU3A,round_mountain_al,Round Mountain AL,10.995
36319,-16.818955,145.636996,Telstra Exchange KURANDA,QLD,4,4872,Unknown,332,LQ1O,saddle_mountain_aler,Saddle Mountain Aler,2.748
36571,-25.442774,152.657539,Telstra Customer Sharpe via MARYBOROUGH,QLD,4,4650,Unknown,24,NT2G,takura_reservoir_ale,Takura Reservoir Ale,13.715
36619,-26.004253,153.152437,Telstra Customer via NOOSAVILLE,QLD,4,4581,Unknown,5,NT6A,mt_wolvi_al,Mt Wolvi AL,34.313
36669,-33.403106,151.393883,Tower 2 MT ELLIOT,NSW,2,2250,Within 10 metres,160,NV7F,kincumber,Kincumber,5.284
36684,-31.078856,152.830347,Telstra Exchange 15 Elbow Street KEMPSEY,NSW,4,2440,Unknown,11,NV2D,port_macquarie_golf,Port Macquarie (Golf,45.825
36702,-28.553616,153.498983,Telstra Comms Site Telstra Exchange MULLUMBIMBY,NSW,4,2482,Within 10 metres,6,NU3J,mullumbimby_chincoga,Mullumbimby(Chincoga,4.448
36712,-38.38356,142.4854,Telstra Site Warnambool 118 Koroit St WARRNAMBOOL,VIC,4,3280,Within 10 metres,26,KX4F,mt_warrnambool_repea,Mt Warrnambool Repea,23.82
3673,-33.930574,151.182918,Qantas Cargo Terminal MASCOT,NSW,2,2020,Unknown,,NV7M,kincumber,Kincumber,57.189
36883,-28.231127,153.136117,Telstra Site O`Reillys Guesthouse via CANUNGRA,QLD,2,4285,Unknown,897,NU3A,o_reillys_al,O'Reillys AL,0.059
36978,-28.672861,152.367204,Telstra Customer Boreham via BONALBO,NSW,4,2475,Unknown,368,NU2J,carrs_lookout_al,Carrs Lookout AL,42.348
37002,-26.344711,150.869755,Telstra Lookout Tower Turkey Mtn via CHINCHILLA,QLD,5,4413,Within 100 metres,473,MT6H,turkey_mountain_al,Turkey Mountain Al,0.102
370251,-28.3996,153.45235,Vodafone Site Cooradilla Rd BURRINGBAR,NSW,4,2484,Unknown,223,NU3F,burringbar_reservo,Burringbar Reservo,4.639
37146,-26.495607,151.13982,Telstra Exchange DARR CREEK,QLD,4,4410,Within 100 metres,390,NT4E,braziers_hill_al,Braziers Hill Al,25.639
37147,-26.318996,150.963368,Telstra Site 4 km S of DURAH HOMESTEAD,QLD,5,4413,Within 100 metres,367,MT6H,turkey_mountain_al,Turkey Mountain Al,9.764
37501,-26.178536,151.191905,Telstra Customer Perrett 9 km W of BOONDOOMA HOMESTEAD,QLD,4,4626,Within 100 metres,374,NT4A,boondooma_rptr_al,Boondooma Rptr AL,26.641
37599,-28.535928,151.832789,Broadcast Australia Mast Television Drive PASSCHENDAELE,QLD,4,4375,Within 10 metres,983,NU1L,amiens_knob_al,Amiens Knob AL,7.944
37733,-17.14754,145.11128,Telstra Radio Terminal DIMBULAH,QLD,4,4872,Within 10 metres,464,LQ4A,bones_knob_al,Bones Knob AL,36.567
37916,-38.23537,143.116304,Private Tower  Caravan Park Park Road CAMPERDOWN,VIC,4,3260,Within 100 metres,257,KX5A,mt_warrnambool_repea,Mt Warrnambool Repea,33.783
37917,-38.055772,142.811906,Telstra Mobile Phone Site MT SHADWELL,VIC,4,3272,Within 10 metres,278,KX4D,mt_warrnambool_repea,Mt Warrnambool Repea,28.486
3794,-33.917547,151.23906,Pares Block Prince of Wales Hos RANDWICK,NSW,2,2031,Unknown,68,NV7M,kincumber,Kincumber,54.159
3802,-33.926646,151.232167,558a Anzac Parade KINGSFORD,NSW,2,2032,Unknown,,NV7M,kincumber,Kincumber,55.31
38169,-20.185584,147.98399,Telstra Radio Terminal KENTIA PALMS TURNOFF,QLD,4,4805,Unknown,82,LR6D,moss_vale_al,Moss Vale AL,7.633
38222,-28.797687,151.830489,Telstra Radio Terminal New England Hwy BALLANDEAN,QLD,4,4382,Unknown,711,NU1P,ballandean_hill_aler,Ballandean Hill Aler,0.022
38582,-23.152967,148.39435,Telstra Radio Terminal GREGORY MINE,QLD,4,4702,Within 100 metres,216,MS4B,mt_lowe_al,Mt Lowe Al,37.243
3891,-33.868486,151.182667,Glebe Island Bridge Site ROZELLE,NSW,2,2039,Unknown,,NV7M,kincumber,Kincumber,50.809
38963,-26.288237,150.19427,Telstra Downfall Radio Terminal 15km E of GULUGUBA,QLD,5,4418,Within 10 metres,401,MT6E,clovelly_al,Clovelly AL,23.992
39013,-33.341631,148.982694,Radio 2MCE Site off Old Canobolas Rd  4km SW of MT CANOBOLAS,NSW,4,2800,Unknown,,MV7H,orange_stp_enviromon,Orange Stp Enviromon,16.046
39080,-28.396344,153.366775,NSW VRA Site Mt Nullum via MURWILLUMBAH,NSW,4,2484,Unknown,,NU3F,murwillumbah_hartigans_hill,Murwillumbah (Hartigans Hill),7.433
39149,-33.511258,151.326895,67 Springwood Ave ETTALONG BEACH,NSW,2,2257,Unknown,,NV7J,kincumber,Kincumber,9.816
39150,-33.447175,151.329525,The Waterfront POINT CLARE,NSW,2,2250,Unknown,,NV7F,somersby,Somersby,6.3
39219,-28.235179,153.288503,Qld Comm Site Bilbrough Lookout SPRINGBROOK,QLD,2,4213,Within 10 metres,951,NU3B,murwillumbah_hartigans_hill,Murwillumbah (Hartigans Hill),14.612
39418,-20.056226,148.886343,Resort Security Office HAYMAN ISLAND,QLD,4,4801,Unknown,,MR4D,strathdickie_al,Strathdickie AL,43.409
39420,-28.237476,153.268633,ComGroup Site 363 Repeater Station Rd SPRINGBROOK,QLD,2,4213,Unknown,957,NU3B,o_reillys_al,O'Reillys AL,13.05
39440,-17.594824,146.125056,Hilda Hill MOURILYAN HARBOUR,QLD,4,4858,Unknown,104,LQ5I,sweeney_ck_u_s_al,Sweeney Ck U/S Al,13.142
39442,-27.451907,153.190099,Boat Harbour MANLY,QLD,2,4179,Unknown,,NT9E,mt_gravatt_lookout_a,MT GRAVATT LOOKOUT A,15.296
39443,-27.195552,153.106063,Thurecht Pde SCARBOROUGH,QLD,2,4020,Unknown,0,NT9A,eildon_hill_al,EILDON HILL AL,27.593
39446,-26.394221,153.07359,Munna Point NOOSAVILLE,QLD,4,4566,Unknown,,NT6E,black_mt_al,Black Mt. AL,21.076
39455,-26.685103,153.125791,West of AVCG Building Parkyn Pde MOOLOOLABA,QLD,4,4557,Within 10 metres,,NT6I,bald_knob_al,Bald Knob AL,23.361
39464,-28.234454,153.289775,Twd 2way Bilbrough Lookout SPRINGBROOK,QLD,2,4213,Within 10 metres,902,NU3B,murwillumbah_hartigans_hill,Murwillumbah (Hartigans Hill),14.589
39473,-20.326325,148.586185,Optus Site Staniland Drive  8.5 km N of Proserpine MT LUCAS,QLD,4,4800,Within 10 metres,280,MR4G,strathdickie_al,Strathdickie AL,0.012
39483,-27.063838,153.144262,Sylvan Beach Esplanade Bellara BRIBIE ISLAND,QLD,2,4507,Unknown,,NT9A,hume_lane_alert,Hume Lane Alert,34.899
39488,-27.580417,153.314937,Marine Rescue Site adjacent to Launching Ramp VICTORIA POINT,QLD,2,4165,Unknown,,NT9J,schmidts_rd_al,Schmidts Rd AL,23.333
39498,-27.060406,151.895571,SEQWB flood gauge ST AUBINS,QLD,4,4352,Unknown,616,NT7D,toowoomba_radar,Toowoomba Radar,25.656
39499,-26.977298,152.285751,SEQWB Site BOAT MTN,QLD,4,4306,Unknown,128,NT5N,mt_hallen_sandy,Mt Hallen (Sandy,38.821
39500,-27.542219,152.11442,SEQWB Flood Gauge HELIDON,QLD,4,4344,Unknown,142,NT8I,paradise_ck_rd,Paradise Ck Rd,10.395
39501,-26.946512,152.736437,SEQWB Site WOODFORD,QLD,4,4514,Unknown,126,NT5O,bellthorpe_gap_rd,Bellthorpe (Gap Rd),12.695
39502,-26.898236,152.321885,SEQWB Site DEVON HILLS,QLD,4,4306,Unknown,108,NT5N,bellthorpe_gap_rd,Bellthorpe (Gap Rd),42.416
39504,-26.873695,152.766336,SEQWB Site FERRIS KNOB,QLD,4,4514,Unknown,326,NT5P,bellthorpe_gap_rd,Bellthorpe (Gap Rd),5.128
39505,-26.73997,152.137796,SEQWB Site COOYAR CREEK,QLD,4,4306,Unknown,168,NT5I,mt_mowbullan_rptr,Mt MOWBULLAN RPTR,55.804
39506,-27.263801,152.195949,SEQWB Site CRESSBROOK DAM,QLD,4,4352,Unknown,260,NT8E,ravensbourne_al,Ravensbourne AL,11.59
3951,-33.889153,151.153576,Millers Storage 606 Parramatta Rd PETERSHAM,NSW,2,2049,Unknown,26,NV7M,kincumber,Kincumber,54.016
39554,-20.559227,147.801405,Wash Plant Mine Site COLLINSVILLE,QLD,4,4804,Unknown,,LR6L,the_stonewall_al,The Stonewall AL,38.62
39585,-27.1671,151.27816,Dalby Hospital Hospital Rd DALBY,QLD,4,4405,Unknown,,NT7B,mt_mowbullan_rptr,Mt MOWBULLAN RPTR,44.51
39587,-27.691258,151.991884,O`Roukes House 13 km SSE of TOOWOOMBA,QLD,4,4358,Within 100 metres,,NT7L,mt_petersen_al,Mt Petersen AL,20.827
39598,-28.229165,152.66707,MOEC Site Waterfall Creek Rd MT MAY,QLD,4,4310,Within 10 metres,560,NU2C,wilsons_peak,Wilsons Peak,17.648
39608,-16.536608,145.385812,Ergon Site LYONS LOOKOUT,QLD,4,4871,Unknown,485,LQ1J,saddle_mountain_aler,Saddle Mountain Aler,43.03
39610,-16.916357,145.252204,Ergon Site HANN TABLELAND,QLD,4,4871,Unknown,942,LQ1N,davies_ck_tm,Davies Ck Tm,30.913
39611,-28.229045,152.416042,Forestry Site Gambubal BALD MOUNTAIN,QLD,4,4370,Unknown,1194,NU2B,wilsons_peak,Wilsons Peak,7.04
39646,-27.514331,152.58207,Qld Communications Site MT STRADBROKE,QLD,2,4311,Within 10 metres,315,NT8K,willowbank,Willowbank,22.591
39656,-27.640565,152.43643,Range Crescent 4km ESE of LAIDLEY,QLD,4,4341,Unknown,260,NT8J,schultz_lookout_aler,Schultz Lookout Aler,9.341
39667,-21.290337,148.283227,Ergon Energy (MK) Powerlink Site MT HILLALONG,QLD,4,4742,Unknown,425,MR7F,clarke_range_al,Clarke Range AL,35.809
39682,-28.236665,153.267816,Motorola Site Repeater Station Rd SPRINGBROOK,QLD,2,4213,Within 10 metres,927,NU3B,o_reillys_al,O'Reillys AL,12.966
39719,-19.255276,146.826288,Ferry Terminal Sir Leslie Thiess Drive TOWNSVILLE,QLD,4,4810,Unknown,,LR2H,castle_hill_al,Castle Hill AL,2.462
39736,-27.402067,153.157494,Port of Brisbane Operations Base Rooftop Howard Smith Dr LYTTON,QLD,2,4008,Within 10 metres,,NT9E,eildon_hill_al,EILDON HILL AL,13.593
39742,-17.610001,145.467968,QAS Site Bald Rock RAVENSHOE,QLD,4,4872,Within 10 metres,1001,LQ4J,maalan_rd_al,Maalan Rd AL,13.762
39745,-27.333294,153.081427,QCYC Sinbad St SHORNCLIFFE,QLD,2,4017,Unknown,,NT9E,eildon_hill_al,EILDON HILL AL,12.424
39773,-28.227005,151.48898,QR Site GORE,QLD,4,4352,Within 100 metres,622,NU1B,warahgai_al,Warahgai AL,0.025
39845,-27.951781,153.42519,VMR Southport Seaworld Dr MAIN BEACH,QLD,2,4217,Within 100 metres,0,NT9N,laheys_lookout_al,Laheys Lookout AL,24.362
39866,-27.330792,153.081928,Marine Rescue Club House SHORNCLIFFE,QLD,2,4017,Within 10 metres,,NT9E,eildon_hill_al,EILDON HILL AL,12.694
39889,-28.328368,153.509107,Tweed Radio Site CLOTHIERS CREEK,NSW,4,2484,Unknown,20,NU3G,tweed_heads_duranba,Tweed Heads (Duranba,6.286
39939,-33.80137,150.99199,Roof of plant room New Childrens Hospital WESTMEAD,NSW,2,2145,Within 10 metres,,MV9P,somersby,Somersby,52.929
39985,-31.448697,152.883327,Lot 3 Uralla Rd PORT MACQUARIE,NSW,4,2444,Unknown,,NV2H,port_macquarie_golf,Port Macquarie (Golf,5.042
400240,-21.078729,148.543572,Bureau of Meteorology Site CLARKE RG,QLD,4,4757,Unknown,,MR7C,clarke_range_al,Clarke Range AL,0.099
400242,-28.437305,152.09581,Bureau of Met Repeater Site Cherrabah ELBOW VALLEY,QLD,4,4370,Unknown,,NU2E,upper_rosenthal_aler,Upper Rosenthal Aler,6.803
400243,-28.215083,152.017747,Bureau of Met Office WARWICK,QLD,4,4370,Unknown,,NU2A,bony_mountain_al,Bony Mountain AL,18.735
400245,-19.54575,147.033446,Telstra GSM Site MT ELLIOT,QLD,4,4816,Within 10 metres,100,LR3I,mt_piccaninny_al,Mt Piccaninny AL,26.455
400324,-27.569602,151.945461,Emma Webb Building  Base Hospital Pechey Street TOOWOOMBA,QLD,4,4350,Within 10 metres,604,NT7L,paradise_ck_rd,Paradise Ck Rd,18.381
400325,-26.085873,152.241104,Fire Station Bligh St KILKIVAN,QLD,4,4600,Unknown,,NT5A,widgee_ck_wide_bay,Widgee Ck (Wide Bay,26.89
400326,-26.164807,151.604473,Fire Station Cnr Collingwood & Nelson Sts PROSTON,QLD,4,4613,Within 100 metres,,NT4C,boondooma_rptr_al,Boondooma Rptr AL,18.047
400327,-26.181464,152.067366,Fire Station Moore St GOOMERI,QLD,4,4601,Unknown,,NT5A,widgee_ck_wide_bay,Widgee Ck (Wide Bay,45.338
400347,-28.414933,151.082778,Telstra Inglewood Exchange off Elizabeth St INGLEWOOD,QLD,4,4387,Within 10 metres,276,NU1E,warahgai_al,Warahgai AL,44.942
400358,-23.457283,149.991362,Telstra Customer BUNAVON HOMESTEAD,QLD,4,4702,Unknown,32,MS5H,pheasant_ck_al,Pheasant Ck AL,47.918
400360,-26.840005,151.989571,QAS Fire Station 12 Browne St YARRAMAN,QLD,4,4614,Unknown,,NT4P,mt_mowbullan_rptr,Mt MOWBULLAN RPTR,38.956
400398,-25.400141,150.779308,Telstra Customer DANMORE HOMESTEAD,QLD,5,4627,Unknown,311,MT3H,hawkwood_range_al,Hawkwood Range AL,40.231
400444,-28.703949,151.83201,Ergon Site Malachi Creek via MT STIRLING,QLD,4,4380,Within 100 metres,906,NU1L,ballandean_al,Ballandean AL,9.055
400519,-28.797733,151.831358,Vodafone/Optus Site off Bents Rd via BALLANDEAN,QLD,4,4382,Within 10 metres,710,NU1P,ballandean_hill_aler,Ballandean Hill Aler,0.103
400578,-26.789783,152.922586,488 Landsborough Maleny Rd BALD KNOB,QLD,2,4550,Within 10 metres,,NT5P,bald_knob_al,Bald Knob AL,1.41
400628,-28.390881,151.925221,Ergon Energy Site Datum Hill BRAESIDE,QLD,4,4370,Within 10 metres,869,NU1H,upper_rosenthal_aler,Upper Rosenthal Aler,11.165
400675,-27.664031,152.82246,Remondis Services Landfill 99 Blackheath Rd SWANBANK,QLD,2,4300,Within 100 metres,,NT8L,bundamba_barclay_st,Bundamba (Barclay St,4.876
400676,-27.554503,153.00248,69 Grindle Rd ROCKLEA,QLD,2,4106,Within 10 metres,,NT9I,mt_gravatt_lookout_a,MT GRAVATT LOOKOUT A,7.103
400688,-19.949533,147.494975,Telstra Customer LEICHHARDT CREEK,QLD,4,4806,Unknown,75,LR3N,strathbogie_al,Strathbogie AL,22.606
400763,-27.178209,153.374018,Tangalooma Island Resort MORETON ISLAND,QLD,4,4025,Unknown,,NT9B,eildon_hill_al,EILDON HILL AL,44.677
400802,-27.996121,152.681214,Fire Station Farley St BOONAH,QLD,4,4310,Unknown,,NT8O,kooralbyn_al,Kooralbyn AL,18.588
400804,-27.715342,151.636767,Fire Station Murray St PITTSWORTH,QLD,4,4356,Unknown,,NT7K,bony_mountain_al,Bony Mountain AL,48.976
400806,-26.743104,150.628929,Chinchilla Fire Station 20 Villiers St CHINCHILLA,QLD,5,4413,Within 10 metres,,MT6K,bottle_tree_al,Bottle Tree AL,20.53
400810,-17.868129,146.104381,QES Site MISSION BEACH,QLD,4,4854,Unknown,,LQ5M,south_mission_beach,South Mission Beach,9.372
400811,-17.813693,146.059835,QES Site Bingil Bay Rd EL ARISH,QLD,4,4854,Unknown,,LQ5M,south_mission_beach,South Mission Beach,15.475
400812,-27.930749,151.904909,Fire Station King St CLIFTON,QLD,4,4361,Unknown,,NT7P,bony_mountain_al,Bony Mountain AL,19.177
400813,-27.241927,152.420778,Fire Station Heap St ESK,QLD,4,4312,Unknown,,NT8B,mt_hallen_sandy,Mt Hallen (Sandy,9.434
400814,-27.087368,152.378707,Fire Station Cressbrook St TOOGOOLAWAH,QLD,4,4313,Unknown,,NT8B,mt_hallen_sandy,Mt Hallen (Sandy,25.535
400910,-26.810082,151.899286,Mine Survey Site TARONG,QLD,4,4615,Within 100 metres,,NT4P,mt_mowbullan_rptr,Mt MOWBULLAN RPTR,30.882
400998,-25.716202,150.975243,Ergon Energy Site  HAWKWOOD RANGE,QLD,5,4626,Within 100 metres,388,MT3L,hawkwood_range_al,Hawkwood Range AL,0.045
401008,-28.250944,153.57133,Fire Station 152 Marine Pde KINGSCLIFF,NSW,2,2487,Within 10 metres,,NU3G,tweed_heads_duranba,Tweed Heads (Duranba,5.067
401223,-27.467832,153.027984,GPO Queen St BRISBANE,QLD,2,4000,Within 100 metres,,NT9E,eildon_hill_al,EILDON HILL AL,3.913
401234,-27.527452,152.797919,Amateur Site Summit MOUNT CROSBY,QLD,2,4306,Within 100 metres,,NT8L,bundamba_barclay_st,Bundamba (Barclay St,10.691
401264,-27.145551,152.820209,Kyle Communications Amateur Repeater Site Ocean View Rd OCEAN VIEW,QLD,2,4521,Within 10 metres,,NT8D,mt_glorious_al_rptr,Mt Glorious AL RPTR,20.17
401289,-28.174966,152.652161,Maroon Outdoor Education Centre MAROON DAM,QLD,4,4310,Within 10 metres,196,NU2C,wilsons_peak,Wilsons Peak,17.614
401292,-27.080701,152.963266,Caboolture Hospital Rooftop McKean St CABOOLTURE,QLD,2,4510,Within 10 metres,11,NT8D,hume_lane_alert,Hume Lane Alert,27.395
401301,-27.526594,153.091706,Vodafone/Hutchison Site Block A Moreton TAFE Mt Gravatt Campus Cavendish Rd MOUNT GRAVATT EAST,QLD,2,4122,Within 10 metres,,NT9I,mt_gravatt_lookout_a,MT GRAVATT LOOKOUT A,2.526
401378,-28.237273,152.486938,Met Bureau Site 2 km N of summit of WILSONS PEAK,QLD,4,4310,Unknown,,NU2B,wilsons_peak,Wilsons Peak,0.074
401394,-27.968611,153.213568,Met Bureau Site Golf Course Rd opposite Golf Course MOUNT TAMBORINE,QLD,2,4272,Unknown,,NT9M,laheys_lookout_al,Laheys Lookout AL,4.406
401399,-28.044765,153.383656,Sewage Treatment Plant Boowaggan Rd MERRIMAC,QLD,2,4213,Unknown,,NU3B,laheys_lookout_al,Laheys Lookout AL,20.442
401454,-27.391432,153.084605,Raubers Rd NORTHGATE,QLD,2,4014,Unknown,,NT9E,eildon_hill_al,EILDON HILL AL,7.531
401547,-27.262081,152.05902,Fire Station 28 Creek St CROWS NEST,QLD,4,4352,Unknown,,NT8E,toowoomba_radar,Toowoomba Radar,6.653
401548,-28.333179,152.294583,Fire Station Ivy St KILLARNEY,QLD,4,4373,Unknown,,NU2F,carrs_lookout_al,Carrs Lookout AL,12.607
401549,-26.413429,151.813844,Fire Station Alexander St WOOROOLIN,QLD,4,4608,Unknown,,NT4H,boondooma_rptr_al,Boondooma Rptr AL,51.355
401562,-28.07081,153.3764,Robina Hospital 2 Bayberry Lane ROBINA,QLD,2,4226,Within 10 metres,6,NU3B,laheys_lookout_al,Laheys Lookout AL,20.717
401573,-25.03715,152.220691,Fire Tower No 5 ELLIOTT RIVER,QLD,4,4660,Within 100 metres,74,NT2A,walla_al_b,Walla AL-B,26.203
401698,-26.297963,151.442692,Telstra Site THREE STONE,QLD,4,4613,Unknown,383,NT4F,boondooma_rptr_al,Boondooma Rptr AL,22.658
401760,-26.460871,152.676531,Fire Station Yabba Rd IMBIL,QLD,4,4570,Unknown,,NT5G,moy_pocket_al,Moy Pocket AL,9.877
401761,-28.415826,151.082803,Fire Station Regent St INGLEWOOD,QLD,4,4387,Unknown,,NU1E,warahgai_al,Warahgai AL,44.986
401767,-33.484583,151.159312,NSWTA 30m Lattice Tower Mt White 2766 Hawkesbury River BAR POINT,NSW,2,2083,Within 10 metres,76,NV7E,somersby,Somersby,15.887
40179,-33.247164,151.449046,Railway Station WARNERVALE,NSW,2,2259,Unknown,,NV7B,somersby,Somersby,22.022
401848,-27.446797,153.028788,RBH/Hutchison Paging Site Block 40 Rooftop Royal Brisbane Hospital HERSTON,QLD,2,4029,Within 10 metres,18,NT9E,eildon_hill_al,EILDON HILL AL,1.621
401897,-23.379645,150.494521,Optus/Medical Block Hospital Canning St ROCKHAMPTON,QLD,4,4700,Within 10 metres,5,MS6F,mt_hopeful_al,Mt Hopeful AL,39.161
401931,-27.369651,152.636159,Splityard Creek Hydro Dam WIVENHOE,QLD,2,4306,Unknown,197,NT8G,mt_glorious_al_rptr,Mt Glorious AL RPTR,12.577
401932,-26.80308,152.273414,Met Site via LINVILLE,QLD,4,4306,Unknown,132,NT5N,bellthorpe_gap_rd,Bellthorpe (Gap Rd),46.724
402002,-29.355086,153.079786,Macrocom Site Banyabba Gibberagee State Forest off Grafton-Casino Rd via MACLEAN,NSW,4,2463,Within 100 metres,243,NU6E,whiporie_myall_cree,Whiporie (Myall Cree,12.043
402049,-27.479789,152.953942,QR Site Constitution Hill MOUNT COOT-THA,QLD,2,4066,Within 10 metres,236,NT8H,constitution_hill,Constitution Hill,0.027
402155,-31.599101,152.841395,RFS Site Water Tank GRANTS HEAD,NSW,4,2445,Unknown,,NV2L,port_macquarie_golf,Port Macquarie (Golf,14.587
402171,-28.653741,151.946595,Shire Council Site Mt Marlay STANTHORPE,QLD,4,4380,Within 10 metres,,NU1L,amiens_knob_al,Amiens Knob AL,13.668
402247,-33.795727,151.277743,Fire Station cnr Sydney Rd & Thornton St FAIRLIGHT,NSW,2,2094,Within 100 metres,42,NV7N,kincumber,Kincumber,40.157
402298,-27.540196,153.248789,Mater Private Hospital Weippin St CLEVELAND,QLD,2,4163,Within 10 metres,,NT9I,mt_gravatt_lookout_a,MT GRAVATT LOOKOUT A,17.314
402351,-28.600331,151.15842,Telstra Customer Lot 45 Bamblings Rd Sapalla via INGLEWOOD,QLD,4,4387,Unknown,329,NU1I,warahgai_al,Warahgai AL,52.638
402352,-33.078885,151.442687,RFS Fire Station Freemans Dr Cooranbong near MORRISET,NSW,3,2265,Unknown,,NV7B,lookout_rd_reservoir,Lookout Rd Reservoir,28.246
402431,-27.277826,150.460085,Council Office Fry St TARA,QLD,5,4421,Unknown,310,MT9F,bottle_tree_al,Bottle Tree AL,53.204
402432,-27.279319,150.452881,Council Store Beardmore St TARA,QLD,5,4421,Unknown,310,MT9F,bottle_tree_al,Bottle Tree AL,53.337
402433,-27.279768,150.45277,Council Workshop Beardmore St TARA,QLD,5,4421,Unknown,310,MT9F,bottle_tree_al,Bottle Tree AL,53.387
402459,-27.074395,152.780383,Commex Site Mount Mee Rd MOUNT MEE,QLD,2,4521,Unknown,,NT8D,mt_glorious_al_rptr,Mt Glorious AL RPTR,26.96
402503,-27.390373,153.023514,Bldg 3 Clinical Sciences Prince Charles Hospital Rode Rd CHERMSIDE,QLD,2,4032,Within 10 metres,38,NT9E,eildon_hill_al,EILDON HILL AL,4.718
402541,-26.888563,151.600764,Comtel Site Westside MT MOWBULLAN,QLD,4,4405,Within 10 metres,1093,NT4O,mt_mowbullan_rptr,Mt MOWBULLAN RPTR,0.033
402542,-26.888552,151.600522,BOM Site Westside MT MOWBULLAN,QLD,4,4405,Within 10 metres,,NT4O,mt_mowbullan_rptr,Mt MOWBULLAN RPTR,0.029
402600,-26.175089,152.868547,Met Bureau Site MT WOLVI,QLD,4,4570,Unknown,,NT5D,mt_wolvi_al,Mt Wolvi AL,0.207
402660,-27.870992,153.359962,Lions Haven for the Aged 9 Pendraat Pde HOPE ISLAND,QLD,2,4212,Within 100 metres,,NT9N,cedar_ck_plunket,Cedar Ck (Plunket,18.799
402673,-24.392356,150.50394,Fire Station cnr Callide & Tiamby Sts BILOELA,QLD,4,4715,Within 10 metres,178,MS9G,callide_dam_inflow_a,Callide Dam Inflow A,19.723
402714,-27.997281,153.182442,Council Tower Laheys Lookout Lot 137 Lahey Lookout Rd TAMBORINE MOUNTAIN,QLD,2,4272,Within 10 metres,488,NT9M,laheys_lookout_al,Laheys Lookout AL,0.011
402752,-26.800586,153.119931,Caloundra Hospital West Tce CALOUNDRA,QLD,4,4551,Within 100 metres,,NT6M,bald_knob_al,Bald Knob AL,20.454
402921,-28.629872,153.490861,John Nolan Comms Site 4km W of ST HELENA,NSW,4,2479,Unknown,,NU3J,coopers_shoot_repeat,Coopers Shoot Repeat,11.556
402944,-23.393845,150.703858,Police Site FLAT TOP RANGE,QLD,4,4702,Within 100 metres,319,MS6G,mt_hopeful_al,Mt Hopeful AL,41.211
402950,-28.228692,153.133851,Met Bureau Site O`Reillys Guesthouse via CANUNGRA,QLD,2,4275,Unknown,,NU3A,o_reillys_al,O'Reillys AL,0.346
402955,-27.495009,152.990938,Aveo Taringa 1 Moore St TARINGA,QLD,2,4068,Within 100 metres,,NT8H,constitution_hill,Constitution Hill,4.004
402956,-27.542615,153.259328,Forest Place 148 Smith St CLEVELAND,QLD,2,4163,Within 100 metres,,NT9J,mt_gravatt_lookout_a,MT GRAVATT LOOKOUT A,18.351
402964,-27.110517,152.785963,Lot 10 Robinson Rd MOUNT MEE,QLD,2,4521,Unknown,,NT8D,mt_glorious_al_rptr,Mt Glorious AL RPTR,23.061
402965,-26.778061,151.914682,Tarong North Power Station TARONG,QLD,4,4615,Unknown,,NT4P,mt_mowbullan_rptr,Mt MOWBULLAN RPTR,33.488
403010,-33.288634,149.266485,Rural Fires Site MT RAGAN,NSW,4,2800,Unknown,918,MV8F,orange_stp_enviromon,Orange Stp Enviromon,13.085
40305,-28.300638,153.435981,Pacific Hwy CONDONG,NSW,2,2484,Unknown,,NU3F,murwillumbah_hartigans_hill,Murwillumbah (Hartigans Hill),5.806
403097,-26.795456,151.899226,Meandu Mine Workshop TARONG,QLD,4,4615,Unknown,,NT4P,mt_mowbullan_rptr,Mt MOWBULLAN RPTR,31.375
403179,-24.44934,149.640972,Telstra Customer via Moura WALBA STATION,QLD,5,4702,Unknown,116,MS8G,dawson_range_south_a,Dawson Range South A,23.751
403235,-27.360943,153.010161,Aspley Court Retirement Estate 100 Albany Creek Rd ASPLEY,QLD,2,4034,Within 100 metres,,NT9E,eildon_hill_al,EILDON HILL AL,8.109
403285,-34.769197,150.800243,Sewerage Treatment Plant GERROA,NSW,4,2534,Unknown,,MW3P,vincentia,Vincentia,36.257
40332,-27.518642,153.284587,Launching Ramp Raby Bay CLEVELAND,QLD,2,4163,Unknown,,NT9J,mt_gravatt_lookout_a,MT GRAVATT LOOKOUT A,21.009
40336,-27.495033,153.345269,Rangers Residence PEEL ISLAND,QLD,2,4184,Unknown,,NT9F,mt_gravatt_lookout_a,MT GRAVATT LOOKOUT A,27.34
40342,-28.43724,153.472935,Tweed Shire Council Site Reservoir BURRINGBAR,NSW,4,2483,Unknown,18,NU3F,burringbar_reservo,Burringbar Reservo,0.006
403451,-34.731995,150.443332,GlenGary Scots College Jacks Corner Road KANGAROO VALLEY,NSW,4,2577,Unknown,,MW3J,vincentia,Vincentia,44.308
403453,-26.655382,150.192204,Fire Station Marian St MILES,QLD,5,4415,Unknown,,MT6I,clovelly_al,Clovelly AL,22.994
403460,-26.881757,152.104394,Fire Station Hart St BLACKBUTT,QLD,4,4306,Unknown,436,NT5M,toowoomba_radar,Toowoomba Radar,45.007
403461,-25.637049,149.794418,Fire Station Kelman St TAROOM,QLD,5,4420,Unknown,,MT2L,bundi_rd_al,Bundi Rd AL,53.717
403515,-26.533988,151.843288,Fire Station Kent St KINGAROY,QLD,4,4610,Unknown,466,NT4L,mt_mowbullan_rptr,Mt MOWBULLAN RPTR,46.187
403516,-26.668427,151.999679,Fire Station Alfred St NANANGO,QLD,4,4615,Unknown,,NT4L,mt_mowbullan_rptr,Mt MOWBULLAN RPTR,46.553
403517,-18.266809,146.022213,Fire Station Roma St CARDWELL,QLD,4,4816,Unknown,,LQ8E,bilyana_al,Bilyana AL,22.541
403518,-17.93317,145.9284,Fire Station Murray St TULLY,QLD,4,4854,Unknown,,LQ4P,euramo_al,Euramo AL,6.731
403519,-28.658698,151.933029,Fire Station 54 Lock St East STANTHORPE,QLD,4,4380,Unknown,798,NU1L,amiens_knob_al,Amiens Knob AL,12.702
403573,-27.969604,153.213366,GCT Mt Tamborine Site 103m Tower Golf Course Road MOUNT TAMBORINE,QLD,2,4272,Within 10 metres,550,NT9M,laheys_lookout_al,Laheys Lookout AL,4.313
403720,-29.109753,153.25843,Northern Communications Site Moonimba off Boggy Creek Rd WOODBURN,NSW,4,2471,Within 100 metres,164,NU6B,whiporie_myall_cree,Whiporie (Myall Cree,32.14
403753,-31.579146,152.798957,Fettel Site Camp Ridge Rd  19 km SSW of Port Macquarie JOLLY NOSE HILL,NSW,4,2446,Unknown,242,NV2L,port_macquarie_golf,Port Macquarie (Golf,15.305
403764,-22.93276,148.650157,DGPS Site German Creek East MIDDLEMOUNT,QLD,4,4746,Unknown,,MS1O,mt_lowe_al,Mt Lowe Al,51.348
403772,-29.348382,153.210612,Northern Comms Site via Jacky Bulbin Rd Mororo WOOMBAH,NSW,4,2460,Unknown,216,NU6E,whiporie_myall_cree,Whiporie (Myall Cree,22.657
403824,-26.795991,151.898416,Mobiles within Mine Site TARONG,QLD,4,4615,Unknown,452,NT4P,mt_mowbullan_rptr,Mt MOWBULLAN RPTR,31.28
403861,-24.462995,147.567993,Bauhinia Shire Site 65 km WSW of SPRINGSURE,QLD,5,4722,Within 100 metres,597,LS9G,glen_rock_al,Glen Rock Al,0.068
403867,-27.372566,153.178334,P & O Ports Container Park FISHERMAN ISLANDS,QLD,2,4178,Within 100 metres,,NT9E,eildon_hill_al,EILDON HILL AL,16.625
403879,-24.290415,150.728567,Telstra Customer Lone Star via BILOELA,QLD,4,4715,Unknown,274,MS9G,callide_dam_inflow_a,Callide Dam Inflow A,5.938
403880,-25.737861,152.44055,Telstra Customer Eucabar via BROOWEENA,QLD,4,4650,Unknown,25,NT2J,munna_ck_al,Munna Ck AL,24.605
403947,-20.268634,146.265699,Pump Station PAJINGO MINE,QLD,5,4820,Unknown,,LR5F,charters_towers_weir,Charters Towers Weir,33.882
403960,-23.479718,148.519034,Admin Building ENSHAM MINE,QLD,4,4702,Unknown,202,MS4G,emerald_al,Emerald AL,36.385
404014,-24.862536,152.365841,East Water Tower cnr Sussex & Princess Sts BUNDABERG,QLD,4,4670,Within 100 metres,,NS8N,cherwell_river_rail,Cherwell River (Rail,47.855
404041,-26.845551,152.891335,Met Bureau Site off Taroona Court PEACHESTER,QLD,2,4519,Unknown,,NT5P,hume_lane_alert,Hume Lane Alert,0.565
404067,-23.337398,148.887343,Curragh North Mine Site BLACKWATER,QLD,4,4702,Unknown,,MS4H,yambuk_alert,Yambuk Alert,53.491
404076,-21.420723,149.214029,Fire Station Anzac St SARINA,QLD,4,4737,Within 100 metres,27,MR8E,hospital_br_aler,Hospital Br Aler,31.341
404193,-27.493159,153.403878,VMR Yabby St Dunwich NORTH STRADBROKE ISLAND,QLD,4,4183,Within 100 metres,,NT9F,mt_gravatt_lookout_a,MT GRAVATT LOOKOUT A,33.065
404204,-25.79597,146.586127,Augathella Fire Station 61 Cavanagh St AUGATHELLA,QLD,5,4477,Unknown,,LT2O,augathella_rptr_aler,Augathella Rptr Aler,0.993
404220,-24.447156,150.31584,Optus Site Banana Holding Rd BANANA RANGE,QLD,4,4715,Within 10 metres,572,MS9F,banana_range_al,Banana Range AL,0.162
404222,-24.202426,151.60956,Telstra Customer Balacalava via MIRIAM VALE,QLD,4,4678,Unknown,109,NS7C,mt_fort_william_aler,Mt Fort William Aler,56.57
404326,-27.514124,153.286601,VMR Raby Bay William St CLEVELAND,QLD,2,4163,Within 100 metres,,NT9J,mt_gravatt_lookout_a,MT GRAVATT LOOKOUT A,21.275
404339,-17.599755,146.12094,Qld Transport DGPS Site MOURILYAN HARBOUR,QLD,4,4858,Within 10 metres,,LQ5I,sweeney_ck_u_s_al,Sweeney Ck U/S Al,13.125
404429,-27.424123,151.719265,District Hospital cnr Fitzpatrick & Beale Sts OAKEY,QLD,4,4401,Within 10 metres,,NT7G,toowoomba_radar,Toowoomba Radar,31.771
404430,-27.5667,152.27625,District Hospital Hill St GATTON,QLD,4,4343,Within 10 metres,,NT8J,mt_petersen_al,Mt Petersen AL,12.16
404503,-25.800907,152.255188,Telstra Customer Beulah Kildare Road  22 km S of BROOWEENA,QLD,4,4621,Unknown,77,NT2N,munna_ck_al,Munna Ck AL,20.365
404555,-28.215718,152.036592,Fire Station 23 Canning St WARWICK,QLD,4,4370,Within 10 metres,450,NU2A,bony_mountain_al,Bony Mountain AL,20.181
404593,-28.016937,153.165936,Christie St CANUNGRA,QLD,2,4275,Within 10 metres,,NU3A,laheys_lookout_al,Laheys Lookout AL,2.731
404594,-17.266923,145.475045,17 Vernon St ATHERTON,QLD,4,4883,Within 10 metres,,LQ4F,scrubby_ck_tm,Scrubby Ck Tm,4.286
404597,-23.651697,146.640767,Fire Station 16 Byron St ALPHA,QLD,5,4724,Within 10 metres,,LS5K,sedgeford_al,Sedgeford AL,25.52
4046,-33.805346,151.181412,TXA Artarmon Site Tower 192-196 Hampden Road ARTARMON,NSW,2,2064,Within 10 metres,110,NV7M,kincumber,Kincumber,44.526
404600,-27.946331,152.625716,53 George St KALBAR,QLD,4,4309,Within 10 metres,,NT8O,kooralbyn_al,Kooralbyn AL,26.002
404601,-26.941328,152.567262,17 McCauley St KILCOY,QLD,4,4515,Within 10 metres,,NT5O,bellthorpe_gap_rd,Bellthorpe (Gap Rd),21.226
404602,-27.869974,151.271183,Attleigh St MILLMERRAN,QLD,4,4357,Within 10 metres,,NT7N,warahgai_al,Warahgai AL,45.088
404604,-27.631715,152.589653,John St ROSEWOOD,QLD,4,4340,Within 10 metres,,NT8K,willowbank,Willowbank,11.866
404620,-27.130317,150.484238,Ergon Energy Site Chinchilla Tara Rd 16 km N of TARA,QLD,5,4421,Within 100 metres,377,MT9B,bottle_tree_al,Bottle Tree AL,37.09
404636,-27.903691,153.199123,7 Paradise Dr EAGLE HEIGHTS,QLD,2,4271,Within 100 metres,,NT9M,cedar_ck_plunket,Cedar Ck (Plunket,8.309
404648,-27.423131,153.148155,Cnr Lytton Rd & Pritchard St LYTTON,QLD,2,4178,Within 10 metres,,NT9E,eildon_hill_al,EILDON HILL AL,12.281
404694,-28.332737,153.388236,Council Reservoir Lucas Lookout Eyles Ave MURWILLUMBAH,NSW,2,2484,Within 10 metres,,NU3F,murwillumbah_hartigans_hill,Murwillumbah (Hartigans Hill),0.075
404697,-24.00364,148.81832,Ramp 84 Mine Site SOUTH BLACKWATER,QLD,4,4702,Within 10 metres,276,MS7D,rolleston_al,Rolleston AL,55.299
404702,-27.322583,152.99444,Neilsen`s Quality Gravels Johnstone Rd BRENDALE,QLD,2,4500,Within 10 metres,,NT8H,eildon_hill_al,EILDON HILL AL,12.603
404905,-27.229091,153.09637,Cnr George St & Ashmole Rd REDCLIFFE,QLD,2,4021,Within 10 metres,,NT9A,eildon_hill_al,EILDON HILL AL,23.747
404913,-23.193118,148.388858,Repeater Site Crinum Mine EMERALD,QLD,4,4702,Within 10 metres,,MS4B,mt_lowe_al,Mt Lowe Al,40.314
404952,-23.915787,148.056513,Minerva Coal Mine 20 km N of SPRINGSURE,QLD,4,4722,Within 100 metres,,MS4M,rocky_ck_dam,Rocky Ck Dam,27.06
404970,-25.216787,152.036318,Telstra Exchange BOOYAL,QLD,4,4660,Within 100 metres,83,NT2A,walla_al_b,Walla AL-B,10.411
404971,-25.235543,151.867308,Telstra Customer Gannon via BOOYAL,QLD,4,4671,Within 100 metres,68,NT1D,walla_al_b,Walla AL-B,16.181
404972,-25.197436,151.91007,Telstra Customer Krebs via BOOYAL,QLD,4,4671,Within 100 metres,50,NT1D,walla_al_b,Walla AL-B,10.145
404975,-34.750096,149.719399,159 Bourke St GOULBURN,NSW,4,2580,Within 10 metres,639,MW2O,bumana,Bumana,8.144
40499,-34.623543,150.694541,FM/Comms Mast BAI Comms Site  233 Knights Hill Road KNIGHTS HILL,NSW,2,2533,Within 10 metres,766,MW3K,vincentia,Vincentia,50.773
405003,-26.679664,153.13847,Beacon Lighthouse POINT CARTWRIGHT,QLD,4,4575,Within 10 metres,,NT6I,bald_knob_al,Bald Knob AL,24.759
405021,-24.882846,152.322473,Cemetery Takalvan St MILLBANK,QLD,4,4670,Within 10 metres,,NS8N,walla_al_b,Walla AL-B,44.178
405054,-28.147238,153.401952,Met Bureau Site Tallebudgera Creek Rd TALLEBUDGERA VALLEY,QLD,2,4228,Unknown,,NU3B,tweed_heads_duranba,Tweed Heads (Duranba,18.657
405055,-26.97509,152.161767,Telstra Customer Glenhowden 12 km SSE of BLACKBUTT,QLD,4,4352,Within 10 metres,209,NT5M,toowoomba_radar,Toowoomba Radar,37.213
405073,-28.534832,151.834568,Forestry Site PASSCHENDAELE,QLD,4,4352,Within 100 metres,962,NU1L,amiens_knob_al,Amiens Knob AL,8.098
405097,-29.122237,152.197239,Telstra Customer RW Henderson Lot 152 Billarimba Rd via TENTERFIELD,NSW,4,2372,Within 100 metres,743,NU5A,ballandean_hill_aler,Ballandean Hill Aler,50.754
405101,-33.663238,151.302389,Rowland Reserve off Pittwater Rd BAYVIEW,NSW,2,2104,Within 100 metres,,NV7J,kincumber,Kincumber,25.481
405105,-29.0986,151.585171,Telstra Customer McGee `Maids Creek` Reedy Creek Rd MAIDS VALLEY,NSW,4,2372,Within 100 metres,414,NU4C,ballandean_hill_aler,Ballandean Hill Aler,41.081
405185,-27.676103,153.030319,BOM Site Behind buildings near Wineglass Water Tower Wineglass Dr HILLCREST,QLD,2,4118,Within 10 metres,,NT9I,hillcrest_wine_glass,Hillcrest(Wine Glass,0.038
405187,-27.661203,152.284195,Gatton Shire Council site  Beins MTN,QLD,4,4343,Within 10 metres,434,NT8J,schultz_lookout_aler,Schultz Lookout Aler,6.084
40942,-16.818287,145.663247,TV tower Saddle Mountain Road SADDLE MOUNTAIN,QLD,4,4871,Unknown,,LQ1O,saddle_mountain_aler,Saddle Mountain Aler,0.048
41408,-33.341888,148.98286,Prime TV Tower  MT CANOBOLAS,NSW,4,2800,Within 10 metres,1334,MV7H,orange_stp_enviromon,Orange Stp Enviromon,16.049
41430,-28.136167,153.477544,Duringan St CURRUMBIN,QLD,2,4223,Unknown,,NU3B,tweed_heads_duranba,Tweed Heads (Duranba,16.065
4162,-33.691422,151.151227,Lady Davidson Hospital Reception 434 Bobbin Head Road NORTH TURRAMURRA,NSW,2,2074,Within 10 metres,,NV7I,somersby,Somersby,35.254
4178,-33.733869,151.099709,Sydney Adventist Hospital 185 Fox Valley Rd WAHROONGA,NSW,2,2076,Within 10 metres,172,NV7I,somersby,Somersby,41.514
4204,-33.67648,151.097197,Bushfire HQ Galston Rd HORNSBY HEIGHTS,NSW,2,2077,Within 10 metres,,NV7I,somersby,Somersby,36.005
42058,-38.304936,142.737853,Telstra mast MT WARRNAMBOOL,VIC,4,3265,Within 10 metres,186,KX4G,mt_warrnambool_repea,Mt Warrnambool Repea,0.185
4213,-33.689879,151.100677,Storey Park Old Berowra Road HORNSBY,NSW,2,2077,Within 10 metres,,NV7I,somersby,Somersby,37.135
4228,-33.578404,151.184432,Council Telstra site Behind Wedgewood Pacific Highway COWAN,NSW,2,2081,Within 10 metres,228,NV7I,somersby,Somersby,22.544
4229,-33.581669,151.186045,Sydney Trains 35m Lattice Tower Repeater Trail via Pacific Hwy COWAN,NSW,2,2081,Within 10 metres,218,NV7I,somersby,Somersby,22.801
4245,-33.692724,151.222139,Bush Fire Brigade Tower Emergency Services Centre Kamber Road TERREY HILLS,NSW,2,2084,Within 10 metres,185,NV7I,kincumber,Kincumber,31.773
4247,-33.692908,151.222351,Northern Beaches Council Tower East Emergency Services Centre Thompson Road TERREY HILLS,NSW,2,2084,Within 10 metres,185,NV7I,kincumber,Kincumber,31.78
43030,-38.055891,142.811703,Datafast Site MT SHADWELL,VIC,4,3272,Within 10 metres,287,KX4D,mt_warrnambool_repea,Mt Warrnambool Repea,28.469
4306,-33.80601,151.294171,District Hospital Darley Rd MANLY,NSW,2,2095,Unknown,67,NV7N,kincumber,Kincumber,40.851
4317,-33.735151,151.285862,RFS Site Middleton Rd CROMER,NSW,2,2099,Unknown,,NV7J,kincumber,Kincumber,33.515
440307,-17.220423,145.44719,Comms Mast  Bureau of Meteorology Site Bones Knob  off Griffin Rd TOLGA,QLD,4,4882,Unknown,,LQ4B,bones_knob_al,Bones Knob AL,0.037
440322,-17.447083,146.015799,Babinda Sugar Mill Site GARADUNGA,QLD,4,4860,Unknown,96,LQ5E,sweeney_ck_u_s_al,Sweeney Ck U/S Al,8.831
440326,-16.886487,145.714489,Met Site Whitfield Range BRINSMEAD,QLD,4,4870,Unknown,,LQ1O,brinsmead_al,Brinsmead AL,0.457
440333,-16.945967,145.766247,26 Redden St PORTSMITH,QLD,4,4870,Unknown,,LQ1P,brinsmead_al,Brinsmead AL,8.688
440335,-16.951417,145.772371,Harbour Master Tingara St Portsmith CAIRNS,QLD,4,4870,Within 10 metres,0,LQ1P,brinsmead_al,Brinsmead AL,9.576
440361,-17.522231,146.024608,99 Ernest St INNISFAIL,QLD,4,4860,Unknown,,LQ5I,sweeney_ck_u_s_al,Sweeney Ck U/S Al,0.432
440366,-17.380962,145.383005,Fire Station 43 Grace Street HERBERTON,QLD,4,4872,Unknown,,LQ4F,scrubby_ck_tm,Scrubby Ck Tm,12.014
440448,-17.450075,145.030514,Telstra Site Mr Bidner Station EMUFORD,QLD,4,4871,Unknown,539,LQ4E,scrubby_ck_tm,Scrubby Ck Tm,48.581
440532,-16.946953,145.770936,41-45 Tingara Street PORTSMITH,QLD,4,4870,Within 10 metres,,LQ1P,brinsmead_al,Brinsmead AL,9.112
440538,-17.035972,145.81747,Greenwood Farm GREEN HILL,QLD,4,4871,Unknown,35,LQ4D,gordonvale_al,Gordonvale AL,7.833
440539,-17.089031,145.791076,Loco Shed Mulgrave Mill GORDONVALE,QLD,4,4865,Unknown,,LQ4D,gordonvale_al,Gordonvale AL,1.354
440569,-17.383102,146.002927,Ergon Enrgy Site TV Site GRAHAM RANGE,QLD,4,4861,Within 10 metres,286,LQ5E,sweeney_ck_u_s_al,Sweeney Ck U/S Al,16.06
440602,-21.064039,149.095465,RCS Site The Black Mountain  13 km NW of MACKAY,QLD,4,4740,Within 10 metres,284,MR8A,black_mountain_farl,Black Mountain (Farl,0.018
440610,-16.915483,145.748373,99 Anderson St MANUNDA,QLD,4,4870,Within 10 metres,,LQ1O,brinsmead_al,Brinsmead AL,4.992
440687,-16.498979,145.463255,Fire Station 5 Port Douglas Road PORT DOUGLAS,QLD,4,4871,Unknown,,LQ1J,saddle_mountain_aler,Saddle Mountain Aler,41.384
440688,-17.343915,145.919685,Babinda Fire Station 44 Eastwood Street BABINDA,QLD,4,4861,Unknown,,LQ4H,sweeney_ck_u_s_al,Sweeney Ck U/S Al,23.094
440689,-16.818924,145.636499,Kuranda Fire Station 10 Coondoo Street KURANDA,QLD,4,4872,Unknown,,LQ1O,saddle_mountain_aler,Saddle Mountain Aler,2.8
440690,-17.15175,145.106803,Fire Station Petford Road DIMBULAH,QLD,4,4872,Unknown,,LQ4A,bones_knob_al,Bones Knob AL,36.931
440691,-17.17551,145.865195,Fire Station 105 Norman Street GORDONVALE,QLD,4,4871,Unknown,,LQ4D,gordonvale_al,Gordonvale AL,11.547
440694,-20.013267,148.240575,Fire Station 44 Gordon Street BOWEN,QLD,4,4805,Within 100 metres,3,MR4A,moss_vale_al,Moss Vale AL,33.216
440763,-19.938742,147.215256,DPI Site MT DALRYMPLE,QLD,4,4807,Unknown,,LR3M,clare_al,Clare AL,20.249
440817,-16.995395,145.419687,Fire Station 25 Byrnes St MAREEBA,QLD,4,4880,Unknown,,LQ1N,davies_ck_tm,Davies Ck Tm,14.279
440818,-17.023382,145.739297,Fire Station 84 Robert Road CENTENARY PARK,QLD,4,4869,Unknown,,LQ4C,gordonvale_al,Gordonvale AL,10.151
440857,-16.915969,145.761607,Cnr Martyn and Grove Streets CAIRNS,QLD,4,4870,Unknown,,LQ1P,brinsmead_al,Brinsmead AL,6.203
440918,-19.121585,146.083058,Telstra Radio Terminal TARAVALE,QLD,4,4816,Unknown,694,LR2A,paluma_al,Paluma AL,18.654
440958,-17.259388,145.494575,Lot 42 Maunds Road ATHERTON,QLD,4,4883,Unknown,,LQ4F,scrubby_ck_tm,Scrubby Ck Tm,6.002
440988,-23.301783,148.580411,Telstra Radio Terminal REDROCK,QLD,4,4702,Unknown,183,MS4G,emerald_al,Emerald AL,49.263
440990,-18.749848,146.114974,Bureau Of Met Site MT POVERTY,QLD,4,4850,Within 10 metres,,LQ8M,paluma_al,Paluma AL,30.804
440991,-19.000131,146.212198,Bureau Of Met Site PALUMA,QLD,4,4816,Unknown,,LR2A,paluma_al,Paluma AL,1.154
440997,-20.237911,148.032193,Bureau Of Met Repeater Site MOSSVALE,QLD,4,4805,Unknown,,MR4A,moss_vale_al,Moss Vale AL,0.116
441009,-17.31681,145.699415,Amateur Radio Site Land Rd BUTCHERS CREEK,QLD,4,4885,Unknown,,LQ4G,glen_allyn_al,Glen Allyn AL,8.789
441052,-19.320733,146.76201,Plant Room The Townsville Hospital DOUGLAS,QLD,4,4814,Within 10 metres,,LR2H,gordon_ck_al,Gordon Ck AL,5.031
441067,-19.744023,146.859703,Met Bureau Site Cameron Hill REID RIVER,QLD,4,4816,Unknown,,LR2L,cameron_hill_al,Cameron Hill AL,0.121
441133,-21.106781,149.223848,Mackay Harbour Area MACKAY,QLD,4,4740,Within 10 metres,,MR8A,outer_harbour_tide_a,Outer Harbour Tide A,0.169
441157,-19.878997,146.632229,Bureau of Meteorology Site MINGELA,QLD,4,4816,Within 10 metres,,LR2O,mingela_al,Mingela AL,0.011
441159,-20.822625,148.039686,Bureau Of Meteorology Site The Stonewall COLLINSVILLE,QLD,4,4804,Unknown,,MR4M,the_stonewall_al,The Stonewall AL,0.258
441162,-18.115695,145.876089,Bureau Of Meteorology Site BILYANA,QLD,4,4854,Unknown,,LQ7D,bilyana_al,Bilyana AL,0.292
441254,-21.121999,149.149955,Magpies Sports Club Glenella Road GLENELLA,QLD,4,4740,Unknown,,MR8A,hospital_br_aler,Hospital Br Aler,2.533
441270,-18.690135,145.976096,CRS Site UPPER STONE,QLD,4,4850,Unknown,,LQ7L,wallaman_al,Wallaman AL,35.772
441311,-19.258533,146.802961,Public Toilet Block CASTLE HILL,QLD,4,4810,Unknown,,LR2H,castle_hill_al,Castle Hill AL,0.016
441379,-18.522764,146.335609,Sugar Wharf LUCINDA,QLD,4,4850,Unknown,,LQ8J,paluma_al,Paluma AL,55.632
441394,-16.921956,145.780253,Reef Fleet Terminal The Esplanade CAIRNS,QLD,4,4870,Unknown,0,LQ1P,brinsmead_al,Brinsmead AL,8.268
4494,-33.74005,151.05798,Axicom 45m Lattice Tower Corner of Loftus Rd and Pennant Hills Rd PENNANT HILLS,NSW,2,2120,Within 10 metres,178,NV7I,somersby,Somersby,43.937
4528,-33.747333,151.049542,24 Castle Hill Road WEST PENNANT HILLS,NSW,2,2125,Within 10 metres,149,NV7I,somersby,Somersby,45.03
45532,-37.949383,143.219595,Main St F/S DERRINALLUM,VIC,4,3325,Within 100 metres,,KX2M,mt_warrnambool_repea,Mt Warrnambool Repea,57.708
45537,-37.892578,142.799413,CFA Site Eilyer (Proprietor - D Austin) WOORNDOO,VIC,4,3272,Within 100 metres,,KX1P,mt_warrnambool_repea,Mt Warrnambool Repea,46.221
45539,-38.313839,143.287562,Fire Lookout Hut Shaws Road MT PORNDON,VIC,4,3260,Within 100 metres,276,KX5F,mt_warrnambool_repea,Mt Warrnambool Repea,47.802
45540,-38.192453,142.926663,Terang Rd F/S NOORAT,VIC,4,3265,Within 100 metres,,KX4D,mt_warrnambool_repea,Mt Warrnambool Repea,20.605
45541,-38.585647,143.166728,CFA Site Turrong Rd R Smith Prop PRINCETOWN,VIC,4,3268,Within 100 metres,,KX5I,mt_warrnambool_repea,Mt Warrnambool Repea,48.498
45542,-38.241337,142.913099,High St F/S TERANG,VIC,4,3264,Within 100 metres,,KX4D,mt_warrnambool_repea,Mt Warrnambool Repea,16.731
45543,-38.484817,142.968747,Fire Station GHQ Bailey Street TIMBOON,VIC,4,3268,Within 100 metres,,KX4H,mt_warrnambool_repea,Mt Warrnambool Repea,28.2
45678,-38.202687,142.538646,CFA Site Cooranook GRASSMERE,VIC,4,3282,Within 100 metres,,KX4C,mt_warrnambool_repea,Mt Warrnambool Repea,20.963
45686,-38.418802,142.684968,CFA Site Reas Rd MEPUNGA EAST,VIC,4,3277,Within 100 metres,,KX4G,mt_warrnambool_repea,Mt Warrnambool Repea,13.465
45689,-38.081791,142.801762,Fire Station Dunlop St MORTLAKE,VIC,4,3272,Within 100 metres,,KX4D,mt_warrnambool_repea,Mt Warrnambool Repea,25.469
45693,-38.404959,142.704401,CFA Site Pamure-Naringal Rd NARINGAL,VIC,4,3277,Within 100 metres,,KX4G,mt_warrnambool_repea,Mt Warrnambool Repea,11.471
45696,-38.384361,142.234175,Fire Station James St PORT FAIRY,VIC,4,3284,Within 10 metres,,KX4E,mt_warrnambool_repea,Mt Warrnambool Repea,44.956
45699,-38.376446,142.481647,CFA Site cnr Raglan Parade & King St WARRNAMBOOL,VIC,4,3280,Within 100 metres,31,KX4F,mt_warrnambool_repea,Mt Warrnambool Repea,23.853
45702,-38.324194,142.065319,CFA Site Lake Rd YAMBUK,VIC,4,3285,Within 100 metres,,KX4E,mt_warrnambool_repea,Mt Warrnambool Repea,58.882
460255,-23.687339,146.34389,QAS Site BETANGA,QLD,5,4724,Unknown,487,LS5J,betanga_al,Betanga AL,0.224
460293,-25.311177,152.832396,New Police Site GHOST HILL,QLD,4,4655,Unknown,72,NT2H,ghost_hill_al,Ghost Hill AL,0.065
460304,-25.611767,151.941373,Telstra Customer Plum Creek Road COALSTOUN LAKES,QLD,4,4621,Unknown,240,NT1L,mt_walsh_al,Mt Walsh AL,15.35
460308,-25.33698,153.19743,Telstra Radio Terminal Happy Valley FRASER ISLAND,QLD,4,4650,Unknown,95,NT3E,ghost_hill_al,Ghost Hill AL,36.854
460339,-25.41804,152.11165,Ergon Energy Site 61 km WNW of Maryborough MT GOONANEMAN,QLD,4,4621,Within 10 metres,527,NT2E,mt_goonaneman_al,Mt Goonaneman AL,1.19
460342,-23.337258,150.576752,Dept of Education Site MT ARCHER,QLD,4,4701,Within 10 metres,594,MS6G,mt_hopeful_al,Mt Hopeful AL,43.892
460368,-23.185551,148.350387,Repeater Station GREGORY MINE,QLD,4,4702,Unknown,195,MS4B,mt_lowe_al,Mt Lowe Al,37.348
460390,-23.386628,150.493167,Council Site Agnes St ROCKHAMPTON,QLD,4,4700,Unknown,,MS6F,mt_hopeful_al,Mt Hopeful AL,38.403
460403,-25.512536,152.046924,QFS Fire Station 22 George St BIGGENDEN,QLD,4,4621,Within 100 metres,,NT2I,mt_walsh_al,Mt Walsh AL,10.514
460404,-25.371336,151.121628,QFS Fire Station 29 Golden Spur St EIDSVOLD,QLD,4,4627,Within 100 metres,,NT1E,hollywell_al,Hollywell AL,12.001
460406,-24.866,151.12439,QFS Fire Station 15 Kelvin St MONTO,QLD,4,4630,Unknown,,NS7M,caniaview_al,Caniaview AL,17.753
460420,-23.338784,150.799148,Coast Guard KEPPEL SANDS,QLD,4,4702,Unknown,0,MS6H,mt_hopeful_al,Mt Hopeful AL,51.237
460424,-23.382532,150.518182,Coast Guard Base Quay St ROCKHAMPTON,QLD,4,4700,Unknown,2,MS6G,mt_hopeful_al,Mt Hopeful AL,38.669
460462,-25.299333,152.82074,Hospital Nissen St and Urraween Rd HERVEY BAY,QLD,4,4655,Unknown,,NT2H,ghost_hill_al,Ghost Hill AL,1.698
460518,-22.419493,148.27975,Electrical Workshop SARAJI MINE,QLD,4,4745,Unknown,,MS1F,mt_lowe_al,Mt Lowe Al,55.611
460554,-25.235016,152.280224,Fire Station Lord St CHILDERS,QLD,4,4660,Within 10 metres,,NT2B,cherwell_river_rail,Cherwell River (Rail,14.983
460555,-25.54034,152.699447,Fire Station cnr Lennox & Alice Sts MARYBOROUGH,QLD,4,4650,Unknown,4,NT2K,takura_reservoir_ale,Takura Reservoir Ale,23.676
460561,-24.302904,150.936725,Telstra Customer L.A. House Lot 6 Tablelands Rd WOODERSON,QLD,4,4680,Unknown,440,MS9H,kroombit_repeater_al,Kroombit Repeater Al,5.98
460744,-24.448554,150.31581,Emergency Services Site BANANA RANGE,QLD,4,4715,Within 10 metres,591,MS9F,banana_range_al,Banana Range AL,0.022
460795,-22.932253,148.651145,Capcoal German Creek East MIDDLEMOUNT,QLD,4,4746,Unknown,180,MS1O,mt_lowe_al,Mt Lowe Al,51.446
460815,-24.327229,151.557112,Miriam Fire Station Cnr Roe and Jinke St MIRIAM VALE,QLD,4,4677,Unknown,,NS7G,mt_fort_william_aler,Mt Fort William Aler,41.903
460862,-21.110071,149.224975,Volunteer Marine Rescue Base Mackay Marina MACKAY,QLD,4,4740,Within 10 metres,0,MR8A,outer_harbour_tide_a,Outer Harbour Tide A,0.226
460931,-24.813501,152.458901,QFS/QAS Station 29 Tanner St BARGARA,QLD,4,4670,Within 10 metres,,NS8N,cherwell_river_rail,Cherwell River (Rail,53.216
460974,-21.600646,148.967883,RCS Site Blue Mountain NEBO,QLD,4,4741,Unknown,1022,MR7L,hospital_br_aler,Hospital Br Aler,54.284
460978,-24.929814,152.198877,Bundaberg Sugar Bingera Water Tower BINGERA,QLD,4,4670,Within 10 metres,52,NS8M,walla_al_b,Walla AL-B,31.489
460986,-24.178111,150.915257,Telstra BOCOOLIMA,QLD,4,4680,Unknown,111,MS9D,kroombit_repeater_al,Kroombit Repeater Al,20.005
460995,-23.737713,151.059517,New Jones Communications Site 23 km NW of Gladstone SCRUBBY MTN,QLD,4,4680,Within 100 metres,330,NS4I,mt_hopeful_al,Mt Hopeful AL,53.54
461039,-24.891801,151.976722,Telstra Customer Tobin H/S Kolan Flats Rd GIN GIN,QLD,4,4671,Unknown,21,NS7P,walla_al_b,Walla AL-B,27.143
461078,-25.726165,152.401267,Telstra Customer Glenbar Rd 19 km SE of BROOWEENA,QLD,4,4621,Within 10 metres,81,NT2J,munna_ck_al,Munna Ck AL,20.613
461164,-25.01954,152.016609,Bundy Sugar Site Cloyne Hill MCILWRAITH,QLD,4,4671,Within 100 metres,93,NT2A,walla_al_b,Walla AL-B,13.328
461184,-25.398434,152.187796,Telstra Customer MASON HOMESTEAD,QLD,4,4621,Unknown,148,NT2E,mt_goonaneman_al,Mt Goonaneman AL,7.792
461198,-22.590051,148.348184,Fire Station Queen Elizabeth Drive DYSART,QLD,4,4745,Unknown,217,MS1J,mt_lowe_al,Mt Lowe Al,40.506
461247,-24.87176,152.327711,Milbank Sewage Well Bourbong Street BUNDABERG,QLD,4,4670,Unknown,,NS8N,walla_al_b,Walla AL-B,45.376
461267,-25.717029,152.431307,Telstra Customer Rock Heart Ranch BROOWEENA,QLD,4,4621,Unknown,39,NT2J,munna_ck_al,Munna Ck AL,22.626
461316,-26.401384,146.241303,Fire Station 95 Galatea St CHARLEVILLE,QLD,5,4470,Within 10 metres,,LT5E,middle_ck_al,Middle Ck AL,21.421
461320,-19.513432,147.106977,Fire Station Cnr Walton & Brooke Sts GIRU,QLD,4,4809,Within 10 metres,,LR3I,mt_kelly_al,Mt Kelly AL,27.156
461321,-24.005653,151.204897,Council Building Don Cameron Drive CALLIOPE,QLD,4,4680,Unknown,59,NS7A,kroombit_repeater_al,Kroombit Repeater Al,47.38
461394,-19.530746,146.14034,Comm Site Paynes Lagoon Station MT BLUEY,QLD,4,4820,Unknown,550,LR2I,charters_towers_weir,Charters Towers Weir,51.406
461411,-22.758147,148.474831,Central Tower Mine Site NORWICH PARK,QLD,4,4745,Within 100 metres,213,MS1N,mt_lowe_al,Mt Lowe Al,37.106
461418,-26.77813,152.912957,24 Eagles Nest Ct WILKES KNOB,QLD,2,4553,Within 10 metres,463,NT5P,bald_knob_al,Bald Knob AL,0.248
461481,-24.404751,148.392615,Surface Operations Main Repeater Site ROLLESTON MINE,QLD,5,4722,Within 10 metres,,MS7F,rolleston_al,Rolleston AL,23.97
461489,-16.929635,145.77964,AVCG No 6 Wharf Trinity Inlet CAIRNS,QLD,4,4870,Unknown,2,LQ1P,brinsmead_al,Brinsmead AL,8.629
461521,-23.736819,151.059435,Pietro Site 23 km NW of Gladstone SCRUBBY MTN,QLD,4,4680,Within 100 metres,330,NS4I,mt_hopeful_al,Mt Hopeful AL,53.531
461530,-24.642447,148.541137,QPS Site Wild Horse Swamp KONGABULA RANGE,QLD,5,4702,Unknown,408,MS7K,mt_pleasant_rollest,Mt Pleasant (Rollest,0.028
46246,-38.085548,142.537329,CFA Site Bostocks Lane WOOLSTHORPE,VIC,4,3273,Within 100 metres,,KX4C,mt_warrnambool_repea,Mt Warrnambool Repea,30.196
4626,-33.838312,151.0925,Hospital Rd CONCORD,NSW,2,2139,Within 10 metres,20,NV7M,kincumber,Kincumber,51.875
4627,-33.834533,151.095862,Hospital Rd CONCORD,NSW,2,2139,Unknown,,NV7M,kincumber,Kincumber,51.353
46298,-37.930574,142.31108,CFA Site Kolor Rd MINHAMITE,VIC,4,3289,Within 100 metres,,KX1N,mt_warrnambool_repea,Mt Warrnambool Repea,56.086
46379,-38.495223,143.207814,CFA Site 1 Kardella St SIMPSON,VIC,4,3266,Within 10 metres,,KX5E,mt_warrnambool_repea,Mt Warrnambool Repea,45.912
46385,-38.607509,142.87662,CFA Site cnr Blair & Macs St PETERBOROUGH,VIC,4,3270,Within 100 metres,,KX4L,mt_warrnambool_repea,Mt Warrnambool Repea,35.622
46455,-38.492529,142.980491,Water Tower Leahys Lane TIMBOON,VIC,4,3268,Unknown,,KX4H,mt_warrnambool_repea,Mt Warrnambool Repea,29.529
4720,-33.860152,151.033361,Auburn Hospital Norval St AUBURN,NSW,2,2144,Unknown,37,NV7M,somersby,Somersby,56.826
4728,-33.818756,150.999253,Wentworth Gardens 15 Campbell St PARRAMATTA,NSW,2,2150,Within 10 metres,26,MV9P,somersby,Somersby,54.231
4760,-33.804145,150.987982,Westmead Hospital Hawkesbury Road WESTMEAD,NSW,2,2145,Within 100 metres,20,MV9P,somersby,Somersby,53.387
480006,-19.892456,147.266957,Louisa Mountain Burdekin via MILLAROO,QLD,4,4806,Within 100 metres,,LR3N,clare_al,Clare AL,15.083
480210,-19.662025,147.312745,Optus Radio Terminal 14 km SW of Ayr KELLY MOUNTAIN,QLD,4,4807,Within 10 metres,156,LR3J,mt_kelly_al,Mt Kelly AL,0.015
480229,-19.743869,146.859216,Bureau Met Site PLANT HILL CAMERON HILL,QLD,4,4816,Within 10 metres,,LR2L,cameron_hill_al,Cameron Hill AL,0.067
480231,-21.110555,146.885552,Bureau of Meteorology Site HURRICANE CLIFF,QLD,5,4804,Unknown,,LR8D,scartwater_al,Scartwater AL,0.007
480232,-20.648461,147.151089,Bureau of Meteorology Site BURDEKIN FALLS DAM,QLD,5,4816,Unknown,,LR6I,burdekin_dam_repeater_alert,BURDEKIN DAM REPEATER ALERT,0.837
480233,-21.141354,148.038321,Bureau of Meteorology Site MOSS VALE,QLD,4,4804,Unknown,,MR7A,the_stonewall_al,The Stonewall AL,35.211
48026,-38.305857,142.739475,CFA Fire Tower off A1 MT WARRNAMBOOL,VIC,4,3265,Within 100 metres,215,KX4G,mt_warrnambool_repea,Mt Warrnambool Repea,0.04
480266,-18.588467,146.244418,Water Tower Managers Residence Macknade Mill MACKNADE,QLD,4,4850,Within 10 metres,3,LQ8I,paluma_al,Paluma AL,46.97
480276,-19.390446,146.480538,Army High Range HERVEY RANGE,QLD,4,4820,Unknown,594,LR2F,allambie_lane,Allambie Lane,24.14
480277,-21.227504,147.913468,Main Deposit NEWLANDS MINE,QLD,5,4743,Within 100 metres,,LR9D,the_stonewall_al,The Stonewall AL,46.699
480282,-20.11899,147.934787,Telstra Site Homestead HIGHLANDS,QLD,4,4805,Unknown,145,LR6D,moss_vale_al,Moss Vale AL,16.627
480292,-20.587135,147.999876,Telstra Site PARADA HOMESTEAD,QLD,4,4804,Within 10 metres,408,LR6L,the_stonewall_al,The Stonewall AL,26.757
480293,-20.159077,147.464532,Telstra Site Desalis Homestead STRATHALBYN,QLD,5,4804,Unknown,61,LR6B,strathbogie_al,Strathbogie AL,10.453
480313,-21.394248,149.237658,Doug Waterson Site Sarina Beach Road SARINA,QLD,4,4737,Within 10 metres,147,MR8E,hospital_br_aler,Hospital Br Aler,29.091
480322,-21.108444,149.221621,Mackay Port Authority GPS Site Mackay Harbour MACKAY,QLD,4,4740,Within 100 metres,,MR8A,outer_harbour_tide_a,Outer Harbour Tide A,0.237
480329,-21.064402,149.095326,Telstra Site The Black Mountain  13 km NW of MACKAY,QLD,4,4740,Within 10 metres,,MR8A,black_mountain_farl,Black Mountain (Farl,0.029
480340,-18.547791,146.216029,Pagex/Telstra Site 13 km NNE of Ingham MT CUDMORE EAST,QLD,4,4850,Within 100 metres,274,LQ8I,wallaman_al,Wallaman AL,51.299
480381,-19.571572,147.409554,Ayr Fire Station 47-49 Soper Street AYR,QLD,4,4807,Within 10 metres,,LR3J,mt_kelly_al,Mt Kelly AL,14.268
480382,-19.660468,147.416863,QFS 86 Eleventh Avenue HOME HILL,QLD,4,4806,Unknown,,LR3J,mt_kelly_al,Mt Kelly AL,10.898
480405,-20.5392,146.457691,Cindy Compressor / Mine Entrance PAJINGO,QLD,5,4820,Within 100 metres,,LR5J,brdley_ck_core,BRdley Ck (Core,55.581
480424,-21.164402,149.132884,Racecourse Mill Premises Peak Downs Highway MACKAY,QLD,4,4740,Within 100 metres,,MR8A,hospital_br_aler,Hospital Br Aler,3.15
480450,-20.562957,147.757755,Ramp 5A Collinsville Coal Mine COLLINSVILLE,QLD,4,4804,Within 10 metres,159,LR6L,the_stonewall_al,The Stonewall AL,41.4
480454,-20.567516,147.73127,Ramp 11 Collinsville Coal Mine COLLINSVILLE,QLD,4,4804,Within 10 metres,162,LR6K,the_stonewall_al,The Stonewall AL,43.064
480458,-21.200405,147.885593,Coal Prep Plant NEWLANDS MINE,QLD,5,4743,Within 10 metres,,LR9D,the_stonewall_al,The Stonewall AL,44.775
480487,-21.135764,148.390456,Telstra Site EUNGELLA DAM,QLD,4,4757,Unknown,558,MR7B,clarke_range_al,Clarke Range AL,17.136
480529,-18.584507,146.287993,Fire Station 5 Rosendahl St HALIFAX,QLD,4,4850,Within 10 metres,,LQ8J,paluma_al,Paluma AL,47.922
480530,-18.707622,146.297334,Fire Station 18 Maple St FORREST BEACH,QLD,4,4850,Within 10 metres,,LQ8J,paluma_al,Paluma AL,34.705
480543,-21.157335,148.656172,RCS Site MT PINNACLE,QLD,4,4756,Unknown,581,MR7C,mt_pinnacle_al,Mt Pinnacle AL,0.186
480568,-19.320101,146.762011,Supp Pager Allied Health The Townsville Hospital DOUGLAS,QLD,4,4814,Unknown,,LR2H,gordon_ck_al,Gordon Ck AL,5.02
480579,-21.440951,148.710799,Tomlinson Comms Site MT SEAVIEW,QLD,4,4742,Unknown,,MR7G,mt_pinnacle_al,Mt Pinnacle AL,31.924
480626,-21.13047,149.166567,Mater Hospital 76 Willetts Road NORTH MACKAY,QLD,4,4740,Unknown,,MR8A,hospital_br_aler,Hospital Br Aler,1.998
480634,-17.021159,145.744949,Police Station 103 Bruce Highway EDMONTON,QLD,4,4869,Unknown,25,LQ4C,gordonvale_al,Gordonvale AL,10.067
480638,-17.776323,145.561045,Kareeya Power Station Jarra Creek Road TULLY,QLD,4,4872,Unknown,,LQ4O,koombooloomba_al,Koombooloomba AL,7.578
480644,-19.258235,146.802962,Car Park Summit Castle Hill TOWNSVILLE,QLD,4,4810,Unknown,245,LR2H,castle_hill_al,Castle Hill AL,0.043
480735,-19.266911,146.771605,Qbuild 9-15 Langton Street GARBUTT,QLD,4,4814,Within 10 metres,,LR2H,castle_hill_al,Castle Hill AL,3.433
480737,-25.290655,150.278485,Cracow Mine Site 2 km west of CRACOW,QLD,5,4719,Unknown,348,MT3F,cracow_al,Cracow AL,1.542
48187,-32.918395,151.798236,Nobbys Signal Station NEWCASTLE,NSW,3,2300,Unknown,21,NV4P,lookout_rd_reservoir,Lookout Rd Reservoir,10.226
48511,-33.966149,151.220094,MSB Botany Bay Pilot Station BANKSMEADOW,NSW,2,2019,Within 10 metres,,NV7M,kincumber,Kincumber,59.838
4855,-33.81887,151.006326,Met Bureau Site 1/10 Valentine St PARRAMATTA,NSW,2,2150,Unknown,,NV7M,somersby,Somersby,53.914
48999,-27.581601,153.310129,19 Wilsons Esp VICTORIA POINT,QLD,2,4165,Unknown,,NT9J,schmidts_rd_al,Schmidts Rd AL,22.869
4906,-33.732379,151.005254,340 Old Northern Rd ROGANS HILL,NSW,2,2154,Unknown,122,NV7I,somersby,Somersby,45.884
49198,-33.85059,151.286801,South Head Signal Station Old South Head Road WATSONS BAY,NSW,2,2030,Within 10 metres,75,NV7N,kincumber,Kincumber,45.826
49199,-33.621644,151.205115,Marine Rescue Site COTTAGE POINT,NSW,2,2084,Unknown,,NV7I,somersby,Somersby,26.234
4937,-33.599733,150.975762,Bushfire HQ Cattai Ridge Rd HILLSIDE,NSW,2,2157,Within 10 metres,,MV9L,somersby,Somersby,37.178
4944,-33.698742,151.055463,WIA/Comsite Comms 63 Quarry Road DURAL,NSW,2,2158,Within 10 metres,133,NV7I,somersby,Somersby,40.16
4947,-33.699491,151.046309,Quarry Rd Bushfire HQ DURAL,NSW,2,2158,Within 10 metres,200,NV7I,somersby,Somersby,40.704
49534,-33.814269,151.001194,2-12 Macquarie St Marsden St side of Gov. offices PARRAMATTA,NSW,2,2150,Within 10 metres,21,NV7M,somersby,Somersby,53.711
49752,-28.338408,153.399947,Met Bureau Site Tumbulgum Rd MURWILLUMBAH,NSW,2,2484,Unknown,4,NU3F,murwillumbah_hartigans_hill,Murwillumbah (Hartigans Hill),1.271
49762,-28.305014,153.234635,Met Bureau Site BALD MOUNTAIN,NSW,2,2484,Unknown,292,NU3E,o_reillys_al,O'Reillys AL,12.691
49763,-28.465637,153.263283,Met Bureau Site KUNGHUR,NSW,4,2484,Unknown,,NU3F,murwillumbah_hartigans_hill,Murwillumbah (Hartigans Hill),19.247
49764,-28.35341,153.276066,Met Bureau Site EUNGELLA,NSW,2,2484,Unknown,25,NU3F,murwillumbah_hartigans_hill,Murwillumbah (Hartigans Hill),11.287
49765,-28.413416,153.334387,Met Bureau Site UKI,NSW,4,2484,Unknown,18,NU3F,murwillumbah_hartigans_hill,Murwillumbah (Hartigans Hill),10.469
49766,-28.338414,153.40106,Met Bureau Site MURWILLUMBAH,NSW,2,2484,Unknown,5,NU3F,murwillumbah_hartigans_hill,Murwillumbah (Hartigans Hill),1.365
49767,-28.306742,153.332727,Met Bureau Site Boat Harbour MURWILLUMBAH,NSW,2,2484,Unknown,14,NU3F,murwillumbah_hartigans_hill,Murwillumbah (Hartigans Hill),6.195
49776,-34.820097,150.182858,Bureau of Meteorology FOSSICKERS FLAT,NSW,4,2538,Unknown,176,MW3M,bumana,Bumana,44.756
501190,-35.775227,149.943431,Telstra Radio Terminal Opposite Burree Property COOPERS CREEK,NSW,4,2536,Unknown,97,MW5P,budawang,Budawang,33.155
501197,-35.42225,150.147395,Telstra Radio Terminal Mares Hill Rd BRONCO RIDGE,NSW,4,2538,Unknown,437,MW6E,budawang,Budawang,15.172
50251,-33.751678,151.249045,312 Warringah Rd BEACON HILL,NSW,2,2100,Unknown,,NV7M,kincumber,Kincumber,36.453
50310,-38.235304,143.116462,Telstra Tower Caravan Park Park Road CAMPERDOWN,VIC,4,3260,Within 100 metres,257,KX5A,mt_warrnambool_repea,Mt Warrnambool Repea,33.798
51089,-33.57593,151.189461,Optus/Hutchison Site 3.5 km Nth Old Pacific Hwy COWAN,NSW,2,2081,Unknown,207,NV7I,somersby,Somersby,22.088
51094,-32.932738,151.689138,CMTS Site Water Res cnr Lookout Grandview Rds NEW LAMBTON HEIGHTS,NSW,3,2305,Unknown,110,NV4O,lookout_rd_reservoir,Lookout Rd Reservoir,0.1
51096,-33.45006,151.40299,Axicom 50.2m Lattice Tower via 345 Island View Dr Yanina Trail PICKETTS VALLEY,NSW,2,2251,Within 10 metres,168,NV7F,kincumber,Kincumber,0.012
51175,-38.055981,142.811751,Telstra SMR / Police Site MT SHADWELL,VIC,4,3272,Within 10 metres,287,KX4D,mt_warrnambool_repea,Mt Warrnambool Repea,28.46
51181,-38.317198,142.377837,Broadcast/Comm Site Spencer Rd TOWER HILL,VIC,4,3282,Within 10 metres,89,KX4F,mt_warrnambool_repea,Mt Warrnambool Repea,31.607
51659,-33.919497,151.098506,Canterbury Hospital Canterbury Road CANTERBURY,NSW,2,2194,Unknown,40,NV7M,kincumber,Kincumber,59.327
51802,-32.95199,151.7475,Water Reservoir Hickson Street MEREWETHER,NSW,3,2291,Unknown,,NV4O,lookout_rd_reservoir,Lookout Rd Reservoir,5.812
51811,-33.643139,151.313738,Comms (Vodafone) Monopole  Sydney Water Board Site off Plateau Rd BILGOLA PLATEAU,NSW,2,2107,Within 10 metres,154,NV7J,kincumber,Kincumber,23.018
5226,-33.917997,151.087842,26 Bridge St BELMORE,NSW,2,2192,Unknown,,NV7M,kincumber,Kincumber,59.657
52562,-32.929178,151.766378,Cnr Union & King Street NEWCASTLE,NSW,3,2300,Unknown,,NV4P,lookout_rd_reservoir,Lookout Rd Reservoir,7.145
52604,-33.795393,151.089709,Ryde Hospital EASTWOOD,NSW,2,2122,Unknown,,NV7M,somersby,Somersby,48.117
52713,-16.936583,145.777811,HMAS Cairns CAIRNS,QLD,4,4870,Unknown,,LQ1P,brinsmead_al,Brinsmead AL,8.905
52717,-33.865064,151.226302,Defence site GARDEN ISLAND,NSW,2,2011,Within 100 metres,,NV7M,kincumber,Kincumber,48.968
52821,-33.825067,151.222807,HMAS Penguin Balmoral North BALMORAL,NSW,2,2090,Unknown,,NV7M,kincumber,Kincumber,44.921
52822,-35.132076,150.700705,HMAS Creswell JERVIS BAY,ACT,4,2541,Within 100 metres,,MW6C,vincentia,Vincentia,6.089
52838,-33.840529,151.194715,HMAS Waterhen SYDNEY,NSW,2,2060,Within 100 metres,,NV7M,kincumber,Kincumber,47.516
53725,-32.732001,152.131305,Port Stephens Council site Gan Gan Hill NELSON BAY,NSW,3,2301,Within 100 metres,133,NV5I,lookout_rd_reservoir,Lookout Rd Reservoir,46.861
54260,-35.364068,150.472951,Deering St ULLADULLA,NSW,4,2538,Unknown,,MW6F,vincentia,Vincentia,36.762
54279,-33.853957,150.973845,32 Tamplin Road MCCREDIE PARK,NSW,2,2161,Unknown,,MV9P,somersby,Somersby,58.795
54313,-28.295391,152.416087,Telstra Radio Terminal CARRS LOOKOUT,QLD,4,4370,Within 10 metres,1085,NU2F,carrs_lookout_al,Carrs Lookout AL,0.12
54398,-27.676563,153.030693,Optus/Hutchison Site Wineglass Dr HILLCREST,QLD,2,4118,Within 10 metres,43,NT9I,hillcrest_wine_glass,Hillcrest(Wine Glass,0.074
54434,-21.404667,148.63919,Telstra Customer Hanrahan MT ADDER HMSD,QLD,4,4742,Unknown,506,MR7G,mt_pinnacle_al,Mt Pinnacle AL,27.41
54615,-35.157135,150.580354,Boral Plant Site SUSSEX INLET,NSW,4,2541,Unknown,,MW6C,vincentia,Vincentia,12.478
54744,-33.514894,151.163508,39 Kalinda Rd Bar Point Estate BAR POINT,NSW,2,2083,Unknown,,NV7I,somersby,Somersby,17.856
55315,-33.729434,151.292333,Broadcast/Comms Monopole  Crown Castle Site Plateau Park  off Blandford St COLLAROY PLATEAU,NSW,2,2097,Within 10 metres,90,NV7J,kincumber,Kincumber,32.722
55433,-32.731782,152.131062,Optus Site Gan Gan Hill off Nelson Bay Road NELSON BAY,NSW,3,2315,Unknown,133,NV5I,lookout_rd_reservoir,Lookout Rd Reservoir,46.853
55631,-25.327326,152.706333,Ergon Energy Site TAKURA HILL,QLD,4,4655,Within 10 metres,90,NT2G,takura_reservoir_ale,Takura Reservoir Ale,0.03
55674,-23.378056,150.510344,Ergon Office Alma & Fitzroy Sts ROCKHAMPTON,QLD,4,4700,Unknown,,MS6G,mt_hopeful_al,Mt Hopeful AL,39.206
5569,-33.289838,151.237199,RFS Site Central Mangrove Mtn Rd CENTRAL MANGROVE,NSW,2,2250,Unknown,,NV7E,somersby,Somersby,13.204
55727,-25.604752,151.54612,Radcoms Tower Council Site MT GAYNDAH,QLD,4,4625,Unknown,318,NT1K,mt_gayndah_al,Mt Gayndah AL,0.584
5574,-33.43916,151.371039,Council Depot Patemans Rd EAST GOSFORD,NSW,2,2250,Unknown,,NV7F,kincumber,Kincumber,3.21
5589,-33.22481,151.222817,Commsite KULNURA,NSW,2,2250,Unknown,342,NV7A,somersby,Somersby,20.421
5594,-33.410894,151.297639,Gencom Site 2 Mt Penang Lot 32 Debenham Road SOMERSBY,NSW,2,2250,Within 10 metres,218,NV7F,somersby,Somersby,1.435
5598,-33.288974,151.236658,NPWS site MANGROVE MOUNTAIN,NSW,2,2250,Unknown,363,NV7E,somersby,Somersby,13.312
5601,-33.36034,151.291231,Transgrid Site Mangrove Trig Marabunga Rd SOMERSBY,NSW,2,2250,Within 10 metres,303,NV7F,somersby,Somersby,4.218
5628,-33.406084,151.295477,Sydney Trains 55m Lattice Tower Mt Penang 209 Debenham Road SOMERSBY,NSW,2,2250,Within 10 metres,246,NV7F,somersby,Somersby,0.888
5674,-33.498476,151.362339,50 Kendall Rd EMPIRE BAY,NSW,2,2257,Unknown,,NV7J,kincumber,Kincumber,6.584
5677,-33.521751,151.382121,Gosford City Council 20m Water Reservoir The Scenic Drive KILLCARE HEIGHTS,NSW,2,2257,Within 10 metres,,NV7J,kincumber,Kincumber,8.212
5684,-33.367237,151.326864,RFS Site RMB 3411 Dog Trap Rd SOMERSBY,NSW,2,2250,Unknown,,NV7F,somersby,Somersby,4.495
5687,-33.285929,151.426348,1 Control Centre Levitt St WYONG,NSW,2,2259,Unknown,,NV7F,somersby,Somersby,17.409
5707,-33.294467,151.367119,"Central Coast Council 65m Lattice Tower Ourimbah State Forest, cnr of Scaddens Ridge Rd and Potters Gully Rd OURIMBAH",NSW,2,2258,Within 10 metres,175,NV7F,somersby,Somersby,13.301
5741,-33.448174,151.448057,Terrigal Esplanade Terrigal HAVEN,NSW,2,2260,Unknown,,NV7F,kincumber,Kincumber,4.176
5756,-33.209046,151.545809,Main Office Colongra Power Plant Scenic Dr DOYALSON,NSW,2,2262,Unknown,,NV7C,kincumber,Kincumber,29.894
5782,-33.113899,151.513851,Telstra Exchange East MORISSET,NSW,3,2264,Within 100 metres,9,NV7C,lookout_rd_reservoir,Lookout Rd Reservoir,26.039
5793,-33.064208,151.572763,Myuna Colliery Wangi Point Road WANGI WANGI,NSW,3,2267,Unknown,,NV7C,lookout_rd_reservoir,Lookout Rd Reservoir,18.306
5803,-33.068679,151.642103,Royal Volunteer Coastal Patrol Soldiers Road Pelican BELMONT,NSW,3,2281,Within 100 metres,,NV7C,lookout_rd_reservoir,Lookout Rd Reservoir,15.828
5838,-32.890196,151.538894,NBN TV Site Mt Sugarloaf  3A Mount Sugarloaf Rd WEST WALLSEND,NSW,3,2286,Within 10 metres,392,NV4O,lookout_rd_reservoir,Lookout Rd Reservoir,14.847
5840,-32.890673,151.538615,Transgrid Site Mount Sugarloaf via NEWCASTLE,NSW,3,2286,Within 100 metres,375,NV4O,lookout_rd_reservoir,Lookout Rd Reservoir,14.855
5841,-32.898947,151.539071,State Rail Authority (SRA) Site Sugarloaf Range via NEWCASTLE,NSW,3,2286,Within 100 metres,294,NV4O,lookout_rd_reservoir,Lookout Rd Reservoir,14.554
5852,-32.93207,151.689989,Ausgrid 40m Lattice Tower 4/154 Lookout Rd NEW LAMBTON HEIGHTS,NSW,3,2305,Within 10 metres,111,NV4O,lookout_rd_reservoir,Lookout Rd Reservoir,0.009
5855,-32.932067,151.689971,Telstra Site Off Lookout Road New Lambton Heights NEWCASTLE,NSW,3,2305,Within 10 metres,,NV4O,lookout_rd_reservoir,Lookout Rd Reservoir,0.008
5859,-32.927381,151.69603,Gencom Site 2 Ridgway Rd & Lookout Rd NEW LAMBTON HEIGHTS,NSW,3,2305,Within 10 metres,103,NV4O,lookout_rd_reservoir,Lookout Rd Reservoir,0.776
5955,-32.726923,152.029337,Off 154 Whitebread Drive LEMON TREE PASSAGE,NSW,3,2301,Within 10 metres,28,NV5I,lookout_rd_reservoir,Lookout Rd Reservoir,39.069
5957,-32.936971,151.776448,Council Cooks Hill Site Strzelecki Lookout Shepherds Hill 43 High Street THE HILL,NSW,3,2300,Within 10 metres,56,NV4P,lookout_rd_reservoir,Lookout Rd Reservoir,8.095
5978,-32.887452,151.76994,Maritime Services Board (MSB) Tower Kooragang Island CARRINGTON,NSW,3,2304,Unknown,2,NV4P,lookout_rd_reservoir,Lookout Rd Reservoir,8.971
6041,-32.314545,151.593252,CBRS Repeater Site Lords Pillar Underbank Near EAST GRESFORD,NSW,4,2311,Unknown,,NV4G,copeland_tops_copel,Copeland Tops (Copel,43.147
6054,-32.73162,152.131117,Comms Site Gan Gan Hill near NELSON BAY,NSW,3,2301,Within 100 metres,140,NV5I,lookout_rd_reservoir,Lookout Rd Reservoir,46.866
6055,-32.73155,152.13131,Gencom Site Gan Gan Hill Near NELSON BAY,NSW,3,2315,Within 100 metres,140,NV5I,lookout_rd_reservoir,Lookout Rd Reservoir,46.885
6056,-32.710913,152.160639,Port Stephens Royal Volunteer Coastal Patrol Nelson Head NELSON BAY,NSW,3,2315,Within 100 metres,,NV5I,lookout_rd_reservoir,Lookout Rd Reservoir,50.397
6062,-32.731099,152.131314,Energy Australia Site Gan Gan Hill Near NELSON BAY,NSW,3,2301,Within 100 metres,140,NV5I,lookout_rd_reservoir,Lookout Rd Reservoir,46.91
6071,-32.689068,151.578659,Lot 1 Tocal Road BOLWARRA,NSW,3,2421,Unknown,22,NV4K,lookout_rd_reservoir,Lookout Rd Reservoir,28.955
6084,-32.763513,151.223085,Ausgrid 40m Lattice Tower Brokenback Rd POKOLBIN,NSW,4,2330,Within 10 metres,590,NV4M,lookout_rd_reservoir,Lookout Rd Reservoir,47.467
6085,-32.763362,151.223348,Motorola Site Brokenback Near CESSNOCK,NSW,4,2330,Within 10 metres,591,NV4M,lookout_rd_reservoir,Lookout Rd Reservoir,47.451
6107,-33.000881,151.445023,Bush Fire Services Site Mount Faulk Road Newcastle NATIONAL PARK,NSW,3,2325,Unknown,,NV7B,lookout_rd_reservoir,Lookout Rd Reservoir,24.091
6112,-32.944671,151.515857,Gencom Site 1 Sugarloaf  Range  Sugarloaf Dam Access Rd SUGARLOAF STATE CONSERVATION AREA,NSW,3,2323,Within 10 metres,348,NV4O,lookout_rd_reservoir,Lookout Rd Reservoir,16.302
6144,-32.762309,151.742362,Telstra Exchange RAYMOND TERRACE,NSW,3,2324,Within 100 metres,10,NV4O,lookout_rd_reservoir,Lookout Rd Reservoir,19.506
6145,-32.659744,151.829314,Fire Tower Wallaroo Hill off Pacific Hwy 12km North of RAYMOND TERRACE,NSW,3,2324,Within 100 metres,86,NV4L,lookout_rd_reservoir,Lookout Rd Reservoir,32.969
6148,-32.978419,151.246156,"NSWTA 40m Lattice Tower Mount Congewai, Watagan Track via Cabans Rd CORRABARE",NSW,3,2325,Within 10 metres,321,NV4M,lookout_rd_reservoir,Lookout Rd Reservoir,41.722
6170,-33.058088,151.267784,RFS Site Bar Lookout Wattagan State Forest Access via MULBRING,NSW,2,2325,Within 100 metres,532,NV7B,somersby,Somersby,37.896
6389,-31.583145,151.472509,Telstra Site The Willows via MURRURUNDI,NSW,4,2337,Unknown,1103,NV1J,copeland_tops_copel,Copeland Tops (Copel,53.716
6427,-30.857039,150.505299,National Fitness Camp Keepit Dam via TAMWORTH,NSW,4,2340,Unknown,,MU9O,carroll_village_nam,Carroll Village (Nam,15.294
6439,-31.107557,150.898733,St John Ambulance Brigade 18 Macgregor Street TAMWORTH,NSW,4,2340,Unknown,,MV3D,carroll_village_nam,Carroll Village (Nam,45.68
6452,-31.09211,150.919617,Mcconaghy Holdings Bridge Street TAMWORTH,NSW,4,2340,Unknown,,MV3D,carroll_village_nam,Carroll Village (Nam,47.114
6479,-31.075685,150.958646,Independent Communications Site Bald Hill TAMWORTH,NSW,4,2340,Within 10 metres,767,MV3D,carroll_village_nam,Carroll Village (Nam,50.316
6483,-30.969378,150.947094,Independent Comms Site Mt Sterling North of TAMWORTH,NSW,4,2340,Within 100 metres,925,MU9P,carroll_village_nam,Carroll Village (Nam,48.207
6488,-31.073783,150.924208,Tamworth Hospital TAMWORTH,NSW,4,2340,Within 100 metres,400,MV3D,carroll_village_nam,Carroll Village (Nam,47.063
6501,-31.116501,150.909567,Tamworth City Council Reservoir Site One Tree Hill TAMWORTH,NSW,4,2340,Within 100 metres,442,MV3D,carroll_village_nam,Carroll Village (Nam,46.967
6523,-31.350329,150.651628,Fire Station 11 Coronation Ave Werris Creek via TAMWORTH,NSW,4,2341,Unknown,402,MV3G,carroll_village_nam,Carroll Village (Nam,45.437
6543,-31.39183,150.382289,Spring Ridge Road Caroona Via QUIRINDI,NSW,4,2343,Unknown,,MV3F,carroll_village_nam,Carroll Village (Nam,45.777
6549,-31.477007,150.58638,Killara QUIRINDI,NSW,4,2343,Unknown,,MV3G,carroll_village_nam,Carroll Village (Nam,56.595
6567,-30.749019,150.718572,24 Strafford/Namoi Streets MANILLA,NSW,4,2346,Unknown,,MU9O,carroll_village_nam,Carroll Village (Nam,37.108
6695,-31.024321,150.191778,Technicom Site Black Jack Mountain via GUNNEDAH,NSW,4,2380,Within 10 metres,642,MV3A,carroll_village_nam,Carroll Village (Nam,24.253
6696,-31.023907,150.191973,NSWTA 30m Lattice Tower Black Jack Mountain via Barlow Road GUNNEDAH,NSW,4,2380,Within 10 metres,642,MV3A,carroll_village_nam,Carroll Village (Nam,24.226
6709,-32.93318,151.689955,Newcastle City Council Site Blackbutt Reserve NEW LAMBTON HEIGHTS,NSW,3,2305,Unknown,,NV4O,lookout_rd_reservoir,Lookout Rd Reservoir,0.12
6969,-28.724809,152.235243,Telstra Customer Amos/Morton via DRAKE,NSW,4,2372,Unknown,394,NU2I,ballandean_hill_aler,Ballandean Hill Aler,40.298
6978,-29.004753,151.541128,Telstra Exchange Barwick via TENTERFIELD,NSW,4,2372,Unknown,376,NU4C,ballandean_hill_aler,Ballandean Hill Aler,36.359
6981,-28.750641,152.202475,Telstra Customer Johnstone DRAKE,NSW,4,2372,Unknown,532,NU2M,ballandean_hill_aler,Ballandean Hill Aler,36.651
6986,-29.086035,151.966834,NSWPF 25m Lattice Tower Mount MacKenzie Lookout Rd TENTERFIELD,NSW,4,2372,Within 10 metres,1293,NU4D,ballandean_hill_aler,Ballandean Hill Aler,34.695
6987,-29.086395,151.966521,Telstra Tower Mt McKenzie  via Mt McKenzie Lookout Rd TENTERFIELD,NSW,4,2372,Within 10 metres,1295,NU4D,ballandean_hill_aler,Ballandean Hill Aler,34.72
7007,-30.977875,150.251941,Fire Station Barber Street GUNNEDAH,NSW,4,2380,Within 100 metres,,MU9N,carroll_village_nam,Carroll Village (Nam,18.1
7012,-31.318623,150.12234,Quirindi Shire Council Site South Wondabah SPRING RIDGE,NSW,4,2343,Unknown,,MV3E,carroll_village_nam,Carroll Village (Nam,48.103
7027,-30.704574,150.040972,Merton & Brent Streets BOGGABRI,NSW,4,2382,Unknown,250,MU9I,carroll_village_nam,Carroll Village (Nam,49.236
7411,-32.403378,151.754553,Fire Brigade Site Cnr Ford and Mackay Street DUNGOG,NSW,4,2420,Unknown,,NV4H,copeland_tops_copel,Copeland Tops (Copel,48.209
7414,-32.536716,151.651557,Comms Site  Mount Douglas Gardiners Road MARTINS CREEK,NSW,4,2420,Within 100 metres,368,NV4K,lookout_rd_reservoir,Lookout Rd Reservoir,44.111
7417,-32.411069,151.651728,Dungog Shire Council Site Mount Richardson Near DUNGOG,NSW,4,2311,Within 10 metres,452,NV4G,copeland_tops_copel,Copeland Tops (Copel,50.99
7436,-31.972415,151.809048,"NSWSES 17m Lattice Tower Copeland Tops, off Copeland Trig Trail COPELAND",NSW,4,2422,Within 10 metres,701,NV1P,copeland_tops_copel,Copeland Tops (Copel,0.019
7442,-32.008143,151.959701,40 King Street GLOUCESTER,NSW,4,2422,Unknown,,NV4D,copeland_tops_copel,Copeland Tops (Copel,14.743
7446,-32.110883,151.767761,Manning Communications Site Mount Berrico Near GLOUCESTER,NSW,4,2422,Within 100 metres,898,NV4D,copeland_tops_copel,Copeland Tops (Copel,15.897
7447,-32.106904,151.766755,Country Energy Hut Mount Berrico Near GLOUCESTER,NSW,4,2422,Within 100 metres,971,NV4D,copeland_tops_copel,Copeland Tops (Copel,15.493
7460,-32.257894,152.120853,NBN Broadcasting Site Cabbage Tree Mountain via BULAHDELAH,NSW,4,2425,Within 100 metres,629,NV5E,copeland_tops_copel,Copeland Tops (Copel,43.243
7461,-32.258206,152.120274,"TransGrid 30m Lattice Tower Cabbage Tree Mtn, off Cabbage Tree Rd UPPER MYALL",NSW,4,2425,Within 10 metres,626,NV5E,copeland_tops_copel,Copeland Tops (Copel,43.232
7462,-32.257231,152.120368,"Essential Energy 38m Lattice Tower Cabbage Tree Mtn, off Cabbage Tree Rd UPPER MYALL",NSW,4,2425,Within 10 metres,626,NV5E,copeland_tops_copel,Copeland Tops (Copel,43.158
7507,-31.870478,152.37238,Fire Station 22 Farquar Road Wingham via TAREE,NSW,4,2429,Unknown,,NV2N,copeland_tops_copel,Copeland Tops (Copel,54.345
7513,-31.647888,152.456355,Vertel Site Latimores Rd Comboyne via WINGHAM,NSW,4,2430,Within 100 metres,638,NV2J,port_macquarie_golf,Port Macquarie (Golf,47.199
7514,-31.66076,152.14249,NSWTA 40m Lattice Tower Nine Tree Hill Rd DINGO FOREST,NSW,4,2424,Within 100 metres,886,NV2I,copeland_tops_copel,Copeland Tops (Copel,46.816
7639,-31.314788,152.97358,Telstra Customer NG & RG Radley POINT PLOMER,NSW,4,2444,Unknown,15,NV2H,port_macquarie_golf,Port Macquarie (Golf,19.633
7654,-31.705857,152.673626,Fettells Site MIDDLE BROTHER,NSW,4,2443,Within 10 metres,504,NV2K,port_macquarie_golf,Port Macquarie (Golf,33.672
7659,-31.705886,152.674238,Pacific Power Site MIDDLE BROTHER,NSW,4,2443,Within 10 metres,496,NV2K,port_macquarie_golf,Port Macquarie (Golf,33.635
7660,-31.701304,152.678285,Prime TV Site MIDDLE BROTHER,NSW,4,2439,Within 10 metres,542,NV2K,port_macquarie_golf,Port Macquarie (Golf,33.001
7685,-31.430443,152.903763,Butler Street PORT MACQUARIE,NSW,4,2444,Unknown,,NV2H,port_macquarie_golf,Port Macquarie (Golf,6.113
7718,-31.465305,152.918778,"Port Macquarie Hasting Council Monopole Transit Hill, 25 Orr St PORT MACQUARIE",NSW,4,2444,Unknown,118,NV2H,port_macquarie_golf,Port Macquarie (Golf,2.138
7722,-31.430292,152.920735,South End of Town Beach PORT MACQUARIE,NSW,4,2444,Unknown,,NV2H,port_macquarie_golf,Port Macquarie (Golf,6.033
7725,-31.431434,152.914368,Telstra Exchange cnr Church & Grant Sts PORT MACQUARIE,NSW,4,2444,Within 10 metres,4,NV2H,port_macquarie_golf,Port Macquarie (Golf,5.892
7728,-31.579137,152.799094,Translator Tower Camp Ridge Road  19 km SSW of Port Macquarie JOLLY NOSE HILL,NSW,4,2446,Within 10 metres,242,NV2L,port_macquarie_golf,Port Macquarie (Golf,15.295
7747,-31.341013,152.682993,RMS 15m Lattice Tower Mt Cairncross Tower Trail Rd CAIRNCROSS,NSW,4,2446,Within 100 metres,495,NV2G,port_macquarie_golf,Port Macquarie (Golf,27.268
7752,-31.462581,152.688472,Commsite ROSEWOOD,NSW,4,2446,Unknown,,NV2G,port_macquarie_golf,Port Macquarie (Golf,21.723
7753,-31.415073,152.339989,Telstra Exchange YARRAS,NSW,4,2446,Unknown,102,NV2F,port_macquarie_golf,Port Macquarie (Golf,55.191
7756,-31.455459,152.731019,Young Street WAUCHOPE,NSW,4,2446,Unknown,,NV2G,port_macquarie_golf,Port Macquarie (Golf,17.846
7757,-31.341348,152.682513,Fettells Site 24 km WNW of Port Macquarie MT CAIRNCROSS,NSW,4,2446,Within 10 metres,528,NV2G,port_macquarie_golf,Port Macquarie (Golf,27.284
7980,-31.042475,152.573389,NSWTA 30m Lattice Tower and 27m Kempsey Council Guyed Mast off Bonnangi Trail TEMAGOG,NSW,4,2440,Within 10 metres,615,NV2C,port_macquarie_golf,Port Macquarie (Golf,58.956
8000003,-25.310924,152.832288,Storage Tank 22 Regency Avenue GHOST HILL,QLD,4,4655,Within 10 metres,72,NT2H,ghost_hill_al,Ghost Hill AL,0.041
8070,-29.438857,153.360201,14 River Street YAMBA,NSW,4,2464,Unknown,,NU6F,whiporie_myall_cree,Whiporie (Myall Cree,39.953
8074,-29.490914,153.120516,2NR Telstra Exchange LAWRENCE,NSW,4,2460,Unknown,,NU6E,whiporie_myall_cree,Whiporie (Myall Cree,26.646
8116,-29.432439,153.363993,Lighthouse YAMBA,NSW,4,2464,Unknown,28,NU6F,whiporie_myall_cree,Whiporie (Myall Cree,39.975
8166,-29.730995,152.921829,Comms 35m Tower  Nth Rivers Comms Site Adj Golf Club  Bent Street SOUTH GRAFTON,NSW,4,2460,Within 10 metres,47,NU5L,whiporie_myall_cree,Whiporie (Myall Cree,50.621
8170,-29.689374,152.933743,Telstra Exchange Near 131 Pound Street GRAFTON,NSW,4,2460,Within 10 metres,14,NU5L,whiporie_myall_cree,Whiporie (Myall Cree,45.885
8192,-29.530731,152.530092,Vertel Site MT WALKER GRANGE NATIONAL FOREST,NSW,4,2460,Within 10 metres,633,NU5K,whiporie_myall_cree,Whiporie (Myall Cree,52.623
8193,-29.740339,152.888957,Telstra Site cnr Watters Road and Tintenbar Rd RUSHFORTH,NSW,4,2460,Within 10 metres,103,NU5L,whiporie_myall_cree,Whiporie (Myall Cree,52.157
8202,-29.635007,153.157229,NSWTA 25m Lattice Tower Pine Brush State Forest PILLAR VALLEY,NSW,4,2462,Within 100 metres,244,NU6I,whiporie_myall_cree,Whiporie (Myall Cree,42.675
8206,-29.457159,153.196914,251 River Street MACLEAN,NSW,4,2463,Unknown,,NU6E,whiporie_myall_cree,Whiporie (Myall Cree,28.091
8212,-29.585045,153.27715,NSWOEH 25m Lattice Tower off Clarence Peak Trail via Blooms Head Rd TALOUMBI,NSW,4,2463,Within 10 metres,289,NU6J,whiporie_myall_cree,Whiporie (Myall Cree,43.851
8216,-29.457108,153.213871,Clarence Valley Council 30m Lattice Tower Lookout Rd MACLEAN,NSW,4,2463,Within 10 metres,92,NU6E,whiporie_myall_cree,Whiporie (Myall Cree,29.279
8222,-29.454445,153.201137,Union Street MACLEAN,NSW,4,2463,Unknown,25,NU6E,whiporie_myall_cree,Whiporie (Myall Cree,28.175
8228,-29.422335,153.359029,Coastguard Base Moriartys Hill ILUKA,NSW,4,2460,Within 10 metres,,NU6F,whiporie_myall_cree,Whiporie (Myall Cree,39.072
8238,-28.761129,152.637535,Telstra Pole  Browns Hill off Woodenbong Rd  3km SSE of BONALBO,NSW,4,2469,Within 10 metres,330,NU2O,carrs_lookout_al,Carrs Lookout AL,56.245
8255,-28.9489,152.30699,"NSWTA 2 x 30m Lattice Towers Girard State Forest, off Tower Fire Trail SANDY HILL",NSW,4,2372,Within 10 metres,937,NU2N,ballandean_hill_aler,Ballandean Hill Aler,49.364
8256,-29.309801,153.086341,Forestry Gibberagee Fire Tower GIBBERAGEE,NSW,4,2470,Unknown,146,NU6E,whiporie_myall_cree,Whiporie (Myall Cree,9.869
8257,-28.949079,152.306979,"Fire Tower Girard State Forest, off Tower Fire Trail SANDY HILL",NSW,4,2372,Within 10 metres,950,NU2N,ballandean_hill_aler,Ballandean Hill Aler,49.369
8269,-28.89949,152.74012,Transgrid 30m Monopole Mellanganee Lookout Rd MALLANGANEE,NSW,4,2469,Within 10 metres,332,NU2O,whiporie_myall_cree,Whiporie (Myall Cree,48.783
8281,-28.806398,152.270329,Telstra Site Boorook Trig BOOROOK,NSW,4,2372,Unknown,854,NU2N,ballandean_hill_aler,Ballandean Hill Aler,42.887
8320,-28.620336,153.002452,Fire Station 37 Bloore Street KYOGLE,NSW,4,2474,Unknown,,NU3I,goonellabah_wyreem,Goonellabah(Wyreem,38.048
8326,-28.507862,152.840429,Roseberry Fire Tower Toonumbar National Forest TOONUMBAR,NSW,4,2474,Unknown,,NU2L,o_reillys_al,O'Reillys AL,42.179
8333,-28.49643,152.87842,"NSWOEH 26m Lattice Tower Tower Rd, off Toonumbar Forest Road UPPER EDEN CREEK",NSW,4,2474,Within 10 metres,479,NU2H,o_reillys_al,O'Reillys AL,38.752
8335,-28.618874,153.068842,Red Mountain Mackellar Range via Murwillumbah Rd KYOGLE,NSW,4,2474,Within 10 metres,487,NU3I,goonellabah_wyreem,Goonellabah(Wyreem,33.153
8339,-28.659528,152.359149,Telstra Customer Kelk via BONALBO,NSW,4,2475,Unknown,340,NU2J,carrs_lookout_al,Carrs Lookout AL,40.974
8344,-28.386095,152.643634,Kyogle Council 31.2m Lattice Tower Towers Road WOODENBONG,NSW,4,2476,Within 10 metres,563,NU2G,wilsons_peak,Wilsons Peak,22.496
8353,-28.963709,153.462921,RFS Site Pacific Hwy WARDELL,NSW,4,2477,Unknown,,NU3N,tuckombil,Tuckombil,16.356
8358,-28.968011,153.416847,RTA Site Wardell Trig WARDELL,NSW,4,2477,Unknown,165,NU3N,tuckombil,Tuckombil,17.944
8382,-28.867169,153.591893,Coastguard Tower BALLINA,NSW,4,2478,Unknown,,NU3O,tuckombil,Tuckombil,11.839
8391,-28.863099,153.583258,Pine Avenue Site 1 BALLINA,NSW,4,2478,Within 10 metres,22,NU3O,tuckombil,Tuckombil,10.884
8394,-28.816357,153.509106,Quarry North Teven via BALLINA,NSW,4,2478,Within 10 metres,126,NU3O,tuckombil,Tuckombil,2.432
8396,-28.863751,153.589208,Richmond Park Site 2 BALLINA,NSW,4,2478,Within 10 metres,54,NU3O,tuckombil,Tuckombil,11.433
8410,-28.769026,153.534485,Reservoir Pacific Highway KNOCKROW,NSW,4,2479,Unknown,,NU3O,tuckombil,Tuckombil,7.309
8456,-28.531186,153.31495,Met Bureau Site DOON DOON,NSW,4,2484,Unknown,218,NU3J,mullumbimby_chincoga,Mullumbimby(Chincoga,15.412
8457,-28.67311,153.325516,Met Bureau Site DUNOON,NSW,4,2480,Unknown,,NU3J,goonellabah_wyreem,Goonellabah(Wyreem,16.596
8492,-28.814759,153.271586,Molesworth & Junction Streets LISMORE,NSW,4,2480,Unknown,7,NU3N,goonellabah_wyreem,Goonellabah(Wyreem,4.549
8507,-28.817789,153.318534,Fire Station Rous Road & Taylor Street GOONELLABAH,NSW,4,2480,Unknown,177,NU3N,goonellabah_wyreem,Goonellabah(Wyreem,0.501
8533,-28.545563,153.287606,Broadcast Australia Tower 30 km N of Lismore MT NARDI,NSW,4,2480,Within 10 metres,783,NU3J,mullumbimby_chincoga,Mullumbimby(Chincoga,18.245
8535,-28.542669,153.290154,NRN8 TV Tower 30 km N of Lismore MT NARDI,NSW,4,2480,Within 10 metres,776,NU3J,mullumbimby_chincoga,Mullumbimby(Chincoga,17.953
8536,-28.822296,153.317308,"Lismore City Council 22m Water Reservoir A, 16 Wyreema Ave GOONELLABAH",NSW,4,2480,Within 10 metres,144,NU3N,goonellabah_wyreem,Goonellabah(Wyreem,0.022
8537,-28.822437,153.317473,"Lismore City Council 22m Water Reservoir B, 16 Wyreema Ave GOONELLABAH",NSW,4,2480,Within 10 metres,144,NU3N,goonellabah_wyreem,Goonellabah(Wyreem,0.026
8539,-28.856937,153.228511,State Rail Authority & Northern Rivers Communications PARROTS NEST,NSW,4,2480,Within 10 metres,187,NU3M,goonellabah_wyreem,Goonellabah(Wyreem,9.49
8540,-28.822639,153.317513,Telstra Radio Terminal Fischer Street at Duke Street GOONELLABAH,NSW,4,2480,Within 10 metres,144,NU3N,goonellabah_wyreem,Goonellabah(Wyreem,0.049
8557,-28.671561,153.584875,Byron Shire Council Site HAYTERS HILL,NSW,4,2481,Within 10 metres,68,NU3K,coopers_shoot_repeat,Coopers Shoot Repeat,1.282
8573,-28.672192,153.574623,Northern Comms Site Hayters Hill BYRON BAY,NSW,4,2481,Unknown,75,NU3K,coopers_shoot_repeat,Coopers Shoot Repeat,2.174
8581,-28.660016,153.560704,NSWPF 45m Lattice Tower off St Helena Rd MCLEODS SHOOT,NSW,4,2479,Within 10 metres,146,NU3K,coopers_shoot_repeat,Coopers Shoot Repeat,3.965
8949,-34.69813,150.791728,"Tower 4, NSWTA 35m Monopole 630 Saddleback Mountain Rd SADDLEBACK MOUNTAIN",NSW,2,2533,Within 10 metres,503,MW3L,vincentia,Vincentia,43.668
8955,-34.698339,150.792174,"Tower 2, Kiama Council 22m Monopole Saddleback Mountain Rd SADDLEBACK MOUNTAIN",NSW,2,2533,Within 10 metres,513,MW3L,vincentia,Vincentia,43.655
8963,-34.787995,150.594581,Tourist Road Cambewarra Range Skyline Rig Stud Near Misty Ridge via BOMADERRY,NSW,4,2535,Within 10 metres,477,MW3O,vincentia,Vincentia,33.39
8980,-35.794687,150.006294,North Site  18 km WSW of Batemans Bay MT WANDERA,NSW,4,2537,Within 100 metres,530,MW6M,budawang,Budawang,34.994
8995,-35.361028,150.465564,Bus Depot Lot 10-12 Deering Street ULLADULLA,NSW,4,2538,Within 10 metres,30,MW6F,vincentia,Vincentia,36.823
8999,-35.452238,150.320504,"Transgrid 40m Lattice Tower, Boyne Trig off Old Coach Road BROOMAN",NSW,4,2538,Within 10 metres,343,MW6F,budawang,Budawang,29.578
9000,-35.350449,150.476897,Fire Station 46 Nurrawallee Street ULLADULLA,NSW,4,2538,Within 10 metres,0,MW6F,vincentia,Vincentia,35.282
9000010,-38.523002,142.972162,EAS Tower end of Ford and Fells Rd PAARATTE CORNER,VIC,4,3268,Within 100 metres,120,KX4L,mt_warrnambool_repea,Mt Warrnambool Repea,31.531
9000048,-24.570622,149.974233,Fire Station Gilchrist St MOURA,QLD,5,4718,Within 10 metres,142,MS8L,dawson_range_south_a,Dawson Range South A,16.486
9000100,-27.597176,152.358732,Fire Station 24 Victoria St FOREST HILL,QLD,4,4342,Within 100 metres,,NT8J,schultz_lookout_aler,Schultz Lookout Aler,7.681
9000101,-22.824016,147.639799,Fire Station Capella St CLERMONT,QLD,5,4721,Within 10 metres,,LS3O,mt_lowe_al,Mt Lowe Al,53.014
9000103,-24.180474,149.813277,Fire Station Stopford Dr BARALABA,QLD,5,4702,Within 100 metres,,MS8D,dawson_range_south_a,Dawson Range South A,46.027
9000105,-27.557774,152.278537,Fire Station North St GATTON,QLD,4,4343,Within 10 metres,,NT8J,mt_petersen_al,Mt Petersen AL,13.081
9000108,-21.352368,148.116813,Fire Station Bell Place GLENDEN,QLD,4,4743,Within 100 metres,,MR7E,clarke_range_al,Clarke Range AL,53.703
9000109,-23.087489,148.028596,Fire Station Conran St CAPELLA,QLD,4,4702,Within 100 metres,,MS4A,mt_lowe_al,Mt Lowe Al,23.779
9000128,-26.422623,147.113974,Fire Station Cnr Albert & Eurella Sts MORVEN,QLD,5,4468,Within 10 metres,,LT6E,glengarry_al,Glengarry Al,16.525
9000129,-24.115039,148.091547,Fire Station Wood St SPRINGSURE,QLD,5,4722,Within 100 metres,,MS7A,rocky_ck_dam,Rocky Ck Dam,7.039
9000131,-27.629576,152.397161,Fire Station 56 William St LAIDLEY,QLD,4,4341,Within 10 metres,,NT8J,schultz_lookout_aler,Schultz Lookout Aler,6.432
9000132,-22.810772,148.700086,Fire Station Centenary Dr MIDDLEMOUNT,QLD,4,4746,Within 100 metres,,MS1O,mt_lowe_al,Mt Lowe Al,57.359
9000133,-26.779377,151.114953,Fire Station High St JANDOWAE,QLD,4,4410,Within 10 metres,,NT4M,braziers_hill_al,Braziers Hill Al,6.184
9000134,-28.223644,152.854511,Fire Station Running Creek Rd RATHDOWNEY,QLD,4,4285,Within 100 metres,,NU2D,kooralbyn_al,Kooralbyn AL,17.519
9000136,-17.508996,145.614728,Fire Station Maple St MILLAA MILLAA,QLD,4,4886,Within 100 metres,,LQ4K,millaa_millaa_al,Millaa Millaa AL,1.13
9000156,-26.12194,149.963704,Fire Station North St WANDOAN,QLD,5,4419,Within 10 metres,,MT5D,bundi_rd_al,Bundi Rd AL,34.203
9000157,-28.917126,151.930199,Fire Station Margetts St WALLANGARRA,QLD,4,4383,Within 10 metres,,NU1P,ballandean_hill_aler,Ballandean Hill Aler,16.453
9000159,-24.945606,150.074068,Fire Station Fifth Ave THEODORE,QLD,4,4719,Within 10 metres,,MS9M,castle_ck_al,Castle Ck AL,14.147
9000162,-27.27436,150.45557,Fire Station Fry St TARA,QLD,5,4421,Within 10 metres,,MT9F,bottle_tree_al,Bottle Tree AL,52.797
9000164,-17.271253,145.585151,Fire Station 32 Eacham St YUNGABURRA,QLD,4,4872,Within 10 metres,,LQ4G,scrubby_ck_tm,Scrubby Ck Tm,13.583
9000165,-23.039007,148.350181,Fire Station 2 Malvern Ave TIERI,QLD,4,4709,Within 10 metres,,MS4B,mt_lowe_al,Mt Lowe Al,25.363
9000166,-17.353471,145.595436,Fire Station 23 James St MALANDA,QLD,4,4885,Within 10 metres,,LQ4G,glen_allyn_al,Glen Allyn AL,6.615
9000184,-23.325216,148.893359,Repeater Site 4 Curragh Mine BLACKWATER,QLD,4,4702,Within 10 metres,142,MS4H,yambuk_alert,Yambuk Alert,52.328
9000205,-24.450172,148.401351,DMO Frequency 1 Mine Site  ROLLESTON,QLD,5,4722,Within 100 metres,,MS7F,rolleston_al,Rolleston AL,22.147
9000271,-29.622185,152.929827,Northern Comms Site off Summerland Way KOOLKHAN,NSW,4,2460,Within 10 metres,,NU5L,whiporie_myall_cree,Whiporie (Myall Cree,38.535
9000290,-33.097707,148.865172,Fire Station Cnr Edwards & Lee Sts MOLONG,NSW,4,2866,Within 10 metres,549,MV7D,orange_stp_enviromon,Orange Stp Enviromon,30.755
9000325,-33.8916,151.250136,MetWide Room T2 500 Oxford St BONDI JUNCTION,NSW,2,2022,Within 10 metres,86,NV7M,kincumber,Kincumber,51.103
9001068,-33.455607,148.985993,Telstra Springside Newcrest Mining 1460 Cadia Road SPRINGSIDE,NSW,4,2798,Within 10 metres,883,MV7H,orange_stp_enviromon,Orange Stp Enviromon,25.035
9001276,-22.801149,148.528228,South Tower Mine Site NORWICH PARK,QLD,4,4745,Within 10 metres,202,MS1O,mt_lowe_al,Mt Lowe Al,40.469
9001429,-18.020573,145.520205,12 Leichhardt Road Murray Upper via TULLY,QLD,4,4872,Within 10 metres,,LQ7C,murray_springs_al,Murray Springs AL,14.933
9001704,-26.097866,152.253091,Ergon Energy Site  MT BOO BOO,QLD,4,4600,Within 10 metres,394,NT5B,widgee_ck_wide_bay,Widgee Ck (Wide Bay,25.695
9001706,-25.490062,152.384831,Ergon Energy Site  MUSKET FLATS,QLD,4,4620,Within 10 metres,196,NT2F,munna_ck_al,Munna Ck AL,20.859
9001716,-29.039169,153.287793,McPhersons Hill 860 Oakland Road CORAKI,NSW,4,2471,Within 100 metres,,NU6B,goonellabah_wyreem,Goonellabah(Wyreem,24.298
9001717,-28.943335,153.511128,97 Reedy Creek Road EMPIRE VALE,NSW,4,2478,Within 100 metres,,NU3O,tuckombil,Tuckombil,14.203
9001719,-29.635279,152.943069,134 School Lane SOUTHGATE,NSW,4,2460,Within 100 metres,,NU5L,whiporie_myall_cree,Whiporie (Myall Cree,39.806
9001720,-28.566945,153.502795,McCauleys Lane 1.5km South of MULLUMBIMBY,NSW,4,2482,Within 100 metres,,NU3K,mullumbimby_chincoga,Mullumbimby(Chincoga,5.895
9001722,-28.448057,153.526683,240 Hulls Road MOOBALL,NSW,4,2483,Within 100 metres,,NU3G,burringbar_reservo,Burringbar Reservo,5.395
9001723,-28.781391,153.533906,49 Ross Lane LENNOX HEAD,NSW,4,2478,Within 100 metres,,NU3O,tuckombil,Tuckombil,6.313
9001724,-29.35778,153.251959,Transformer Lane 7.7km NNE of CHATSWORTH ISLAND,NSW,4,2469,Within 100 metres,,NU6F,whiporie_myall_cree,Whiporie (Myall Cree,26.785
9001746,-29.465835,153.290848,110 Collvilles Lane ILARWILL,NSW,4,2463,Within 100 metres,,NU6F,whiporie_myall_cree,Whiporie (Myall Cree,35.705
9001748,-29.502223,153.10057,Water Tower High Streeet LAWRENCE,NSW,4,2460,Within 10 metres,,NU6I,whiporie_myall_cree,Whiporie (Myall Cree,26.94
9001756,-28.333248,153.44417,100 Reserve Creek Road MURWILLUMBAH,NSW,2,2484,Within 10 metres,,NU3F,murwillumbah_hartigans_hill,Murwillumbah (Hartigans Hill),5.41
9001759,-23.192515,148.359719,BM Chnl 3 Site  GREGORY MINE,QLD,4,4702,Within 10 metres,,MS4B,mt_lowe_al,Mt Lowe Al,38.521
9002306,-23.372065,148.522461,Ensham Mine 40 km NE of EMERALD,QLD,4,4702,Within 10 metres,,MS4G,emerald_al,Emerald AL,40.33
9002503,-20.27833,148.728219,Fire Station Shute Harbour Rd AIRLIE BEACH,QLD,4,4802,Within 10 metres,8,MR4G,strathdickie_al,Strathdickie AL,15.756
9003104,-28.067252,153.377845,Telstra Skilled Park Stadium Cheltenham Dr ROBINA,QLD,2,4226,Within 10 metres,,NU3B,laheys_lookout_al,Laheys Lookout AL,20.695
9003217,-28.793369,153.499332,Water Reservoir Lot 4 Fredericks Lane TINTENBAR,NSW,4,2478,Within 10 metres,96,NU3N,tuckombil,Tuckombil,3.091
9003262,-26.389268,153.097528,QPWS Site Laguna Lookout off Viewland Dr NOOSA HEADS,QLD,4,4567,Within 10 metres,86,NT6E,black_mt_al,Black Mt. AL,23.496
9003276,-33.413721,150.791017,Somerset Camp 411 Upper Colo Rd COLO,NSW,2,2756,Within 10 metres,,MV9H,somersby,Somersby,46.87
9003309,-17.8318,145.60409,Dam Wall Kareeya Power Station KOOMBOOLOOMBA,QLD,4,4872,Within 10 metres,720,LQ4O,koombooloomba_al,Koombooloomba AL,0.335
9003310,-17.774627,145.573791,Translator Site Kareeya Power Station KOOMBOOLOOMBA,QLD,4,4854,Within 10 metres,621,LQ4O,koombooloomba_al,Koombooloomba AL,7.085
9003430,-17.876792,145.752865,Harney Farm North Davidson Road TULLY,QLD,4,4854,Within 100 metres,,LQ4P,koombooloomba_al,Koombooloomba AL,16.791
9003431,-17.838304,145.716782,McKay Bolinda Farm Tully Gorge Road TULLY,QLD,4,4854,Within 100 metres,,LQ4O,koombooloomba_al,Koombooloomba AL,12.26
9003432,-17.882232,145.950811,Clifford Home Farm Stuart Drive FELUGA,QLD,4,4854,Within 100 metres,,LQ4P,euramo_al,Euramo AL,12.259
9003433,-17.813653,146.059749,Blenner Farm Bingal Bay Road EL ARISH,QLD,4,4855,Within 100 metres,,LQ5M,south_mission_beach,South Mission Beach,15.481
9003434,-18.029725,145.937868,Dore Farms Stamp Road TULLY,QLD,4,4854,Within 100 metres,,LQ7D,murray_flats_al,Murray Flats AL,1.445
9003435,-18.046327,145.799287,McKay Blenner Farm Blackman Road TULLY,QLD,4,4854,Within 100 metres,,LQ7D,bilyana_al,Bilyana AL,11.468
9003793,-28.822478,153.317282,"Lismore City Council 35m Lattice Tower, 16 Wyreema Ave GOONELLABAH",NSW,4,2480,Within 10 metres,144,NU3N,goonellabah_wyreem,Goonellabah(Wyreem,0.038
9003805,-26.989663,150.772912,Kogan Repeater North Kogan Road KOGAN,QLD,5,4411,Within 100 metres,366,MT6P,bottle_tree_al,Bottle Tree AL,39.829
9003915,-29.008011,152.574084,Correctional Centre 186 Welsh Rd 14 km S of TABULAM,NSW,4,2469,Within 10 metres,,NU5C,whiporie_myall_cree,Whiporie (Myall Cree,50.487
9004049,-22.881942,148.639854,Mine Repeater Site Middlemount Road 10km SW of MIDDLEMOUNT,QLD,4,4746,Within 10 metres,,MS1O,mt_lowe_al,Mt Lowe Al,50.275
9004167,-27.125055,151.1489,'Uralla' Dalby-Kogan Rd 15km W of DALBY,QLD,4,4405,Within 10 metres,,NT7A,braziers_hill_al,Braziers Hill Al,44.391
9004213,-24.116463,151.064179,Telstra RT Wooderson Pump Station Chapman Road CALLIOPE,QLD,4,4680,Within 10 metres,106,NS7A,kroombit_repeater_al,Kroombit Repeater Al,29.522
9004214,-24.2115,150.905776,Telstra Site Bocoolima Pump Station Pump Station Road MT ALMA,QLD,4,4680,Within 10 metres,192,MS9D,kroombit_repeater_al,Kroombit Repeater Al,16.503
9004221,-25.944116,152.172347,"Telstra Customer Tye Lot 22, 2020 Mudlo Road TANSEY",QLD,4,4600,Within 10 metres,312,NT2M,munna_ck_al,Munna Ck AL,36.69
9004466,-33.09169,149.13857,"TransGrid 80m Lattice Tower, Mt Meehan  Mullions Range State Forest, via Tower Rd KERRS CREEK",NSW,4,2800,Within 100 metres,984,MV8A,orange_stp_enviromon,Orange Stp Enviromon,19.249
9004467,-33.645628,149.181726,Transgrid 80m Lattice Tower Mount Macquarie Road NEVILLE,NSW,4,2791,Within 100 metres,1192,MV8I,orange_stp_enviromon,Orange Stp Enviromon,42.653
9004571,-22.495668,148.411323,Lake Vermont Mine Site 14 km NNE of DYSART,QLD,4,4745,Within 10 metres,,MS1F,mt_lowe_al,Mt Lowe Al,52.839
9006,-35.358124,150.477538,RVCP South Side Harbour ULLADULLA,NSW,4,2539,Within 10 metres,,MW6F,vincentia,Vincentia,35.982
9006951,-20.640293,147.955832,Sonoma Mine 15 km SE of COLLINSVILLE,QLD,4,4804,Within 10 metres,,LR6L,the_stonewall_al,The Stonewall AL,22.328
9006975,-26.77898,150.447673,"Ergon Energy site Rywung Hubbards Road, 19 km WSW of CHINCHILLA",QLD,5,4413,Within 10 metres,387,MT6N,bottle_tree_al,Bottle Tree AL,2.797
9006976,-26.647519,150.272346,Ergon Energy site Columboola 8 km E of MILES,QLD,5,4415,Within 10 metres,404,MT6J,bottle_tree_al,Bottle Tree AL,23.228
9007029,-27.675086,152.221948,671 Mt Sylvia Road GATTON,QLD,4,4343,Within 10 metres,,NT8I,mt_petersen_al,Mt Petersen AL,3.471
9007122,-26.61047,149.59743,Ergon Energy site 5 km NW of JACKSON,QLD,5,4426,Within 100 metres,387,MT5K,clovelly_al,Clovelly AL,49.923
9007136,-22.459341,148.412306,Comms / Broadcast Mast 15km NE of Dysart LAKE VERMONT MINE,QLD,4,4745,Within 10 metres,,MS1F,mt_lowe_al,Mt Lowe Al,56.405
9007145,-16.947346,145.771628,60-62 Tingira St PORTSMITH,QLD,4,4870,Within 10 metres,,LQ1P,brinsmead_al,Brinsmead AL,9.195
9007343,-26.767107,150.945248,1911 Warra Canaga Creek Road 18km N of WARRA,QLD,5,4410,Within 10 metres,,MT6P,braziers_hill_al,Braziers Hill Al,19.174
9007610,-34.914979,150.579576,Fire Station 1/34 Norfolk Ave SOUTH NOWRA,NSW,4,2541,Within 10 metres,59,MW3O,vincentia,Vincentia,20.503
9007834,-26.820535,151.008847,286 Weirs Road JANDOWAE,QLD,4,4411,Within 10 metres,,NT4M,braziers_hill_al,Braziers Hill Al,16.177
9008,-35.353654,150.352909,Shared Site Kingiman Road Mount Kingiman Croobyar State Forest via MILTON,NSW,4,2538,Within 10 metres,283,MW6F,budawang,Budawang,35.292
9008202,-27.572366,152.258494,1 Saleyards Rd GATTON,QLD,4,4343,Within 10 metres,,NT8J,mt_petersen_al,Mt Petersen AL,10.613
9008206,-17.455556,145.026502,"Telstra Customer Emuford Battery, Lot 352 Plan 818005 IRVINEBANK",QLD,4,4871,Within 100 metres,586,LQ4E,scrubby_ck_tm,Scrubby Ck Tm,49.188
9008240,-23.476341,148.489948,Within 50 km radius of Ensham Mine Site via EMERALD,QLD,4,4702,Within 10 metres,,MS4F,emerald_al,Emerald AL,33.522
9008255,-33.633974,150.773952,City Waste Facility Cnr The Driftway & Reynolds Rd SOUTH WINDSOR,NSW,2,2753,Within 10 metres,,MV9L,somersby,Somersby,55.015
9008362,-24.640737,148.542351,Mt Panorama off Carnarvon Development Rd 13 km SW of ROLLESTON,QLD,5,4702,Within 10 metres,413,MS7K,mt_pleasant_rollest,Mt Pleasant (Rollest,0.2
9008366,-28.828219,153.471464,Northern Rivers Comms Site 77 Leadbeatters La ALSTONVILLE,NSW,4,2478,Within 10 metres,124,NU3N,tuckombil,Tuckombil,1.698
9008395,-33.546171,151.270015,"Gosford City Council Tower adjacent to Water Tank, Patonga Drive PATONGA",NSW,2,2256,Within 10 metres,,NV7J,kincumber,Kincumber,16.329
9008407,-26.843932,150.57155,484 Avenue Road CHINCHILLA,QLD,5,4413,Within 100 metres,,MT6O,bottle_tree_al,Bottle Tree AL,14.665
9008483,-26.94942,152.777967,2366 D'Aguilar Hwy WOODFORD,QLD,4,4514,Within 10 metres,,NT5P,bellthorpe_gap_rd,Bellthorpe (Gap Rd),13.453
9008485,-21.159457,149.069465,Dunn St WALKERSTON,QLD,4,4751,Within 10 metres,,MR8A,hospital_br_aler,Hospital Br Aler,8.966
9008486,-28.034423,151.985682,3 Muir St ALLORA,QLD,4,4362,Within 10 metres,,NU1D,bony_mountain_al,Bony Mountain AL,13.031
9008487,-24.75983,152.40625,Cnr Brewer & Zunker Sts BURNETT HEADS,QLD,4,4670,Within 10 metres,,NS8N,cherwell_river_rail,Cherwell River (Rail,59.016
9008502,-33.444258,149.000882,"Control Room Ridgway Mine, Cadia Road ORANGE",NSW,4,2800,Within 100 metres,,MV7H,orange_stp_enviromon,Orange Stp Enviromon,23.238
9008555,-33.876179,151.101057,EDS Building IBC 48 - 60 George St BURWOOD,NSW,2,2134,Within 10 metres,,NV7M,kincumber,Kincumber,55.019
9008726,-26.936839,152.589642,Kilcoy Pastoral Company 4830 D`Aguilar Highway KILCOY,QLD,4,4515,Within 10 metres,,NT5O,bellthorpe_gap_rd,Bellthorpe (Gap Rd),19.137
9008984,-28.183802,152.926115,'Rahane' 278 Oaky Creek Rd INNISPLAIN,QLD,4,4285,Within 10 metres,,NU2D,round_mountain_al,Round Mountain AL,12.566
9009834,-35.369879,150.451011,Telstra RBS Sewage Treatment Plant Off Kings Point Dr ULLADULLA,NSW,4,2539,Within 10 metres,74,MW6F,vincentia,Vincentia,38.362
9010212,-27.433047,151.722774,Fire Station Bridge St OAKEY,QLD,4,4401,Within 10 metres,,NT7G,toowoomba_radar,Toowoomba Radar,32.012
9010357,-27.892625,153.00185,Water Tower Old Bluff Rd CEDAR VALE,QLD,2,4285,Within 10 metres,,NT9M,tamborine_al,Tamborine AL,12.125
9010435,-16.81818,145.66275,"Telstra Site Saddle Mountain, Saddle Mountain Road KURANDA",QLD,4,4871,Within 10 metres,618,LQ1O,saddle_mountain_aler,Saddle Mountain Aler,0.014
9010881,-23.337107,150.576583,"RRC Monopole Pilbeam Drive, Mt Archer ROCKHAMPTON",QLD,4,4701,Within 10 metres,596,MS6G,mt_hopeful_al,Mt Hopeful AL,43.907
9010896,-29.043752,152.018924,Tenterfield Hospital 1 Naas Street TENTERFIELD NSW 2372,NSW,4,2372,Within 10 metres,,NU5A,ballandean_hill_aler,Ballandean Hill Aler,32.939
9010934,-31.045559,150.959429,Avoca Hill Tintinhull Road TAMWORTH NSW 2340,NSW,4,2340,Within 10 metres,710,MV3D,carroll_village_nam,Carroll Village (Nam,49.822
9010980,-17.517594,145.608795,Milla Milla Palmerstone Highway MILLAA MILLAA QLD 4886,QLD,4,4886,Within 10 metres,812,LQ4K,millaa_millaa_al,Millaa Millaa AL,0.015
9011190,-27.722667,152.218475,Energex Substation Back Mount Sylvia Rd MOUNT SYLVIA,QLD,4,4343,Within 10 metres,187,NT8I,mt_sylvia_al,Mt Sylvia AL,0.217
9011212,-33.604402,150.796728,The Sebel Resort 61 Richmond Road WINDSOR,NSW,2,2755,Within 10 metres,,MV9L,somersby,Somersby,51.632
9011272,-33.969977,151.242938,Justice of Health Administration Bldg Long Bay Gaol MALABAR,NSW,2,2036,Within 10 metres,30,NV7M,kincumber,Kincumber,59.687
9011373,-27.044874,150.020903,'Myall Grove' Condamine Meandarra Rd 19 km SW of CONDAMINE,QLD,5,4416,Within 10 metres,,MT9A,bottle_tree_al,Bottle Tree AL,49.033
9011390,-27.618021,152.099016,'Flagstone Fresh' Flagstone Creek Road FLAGSTONE,QLD,4,4344,Within 10 metres,,NT8I,mt_petersen_al,Mt Petersen AL,10.501
9011391,-27.580022,152.149981,Mahons Road CARPENDALE,QLD,4,4347,Within 10 metres,,NT8I,mt_petersen_al,Mt Petersen AL,9.299
9011397,-33.8811,151.201569,Transgrid Shaft Mary Ann Street HAYMARKET,NSW,2,2007,Within 10 metres,,NV7M,kincumber,Kincumber,51.437
9011398,-33.908003,151.188957,Transgrid Shaft 398 Sydney Park Road ALEXANDRIA,NSW,2,2015,Within 10 metres,,NV7M,kincumber,Kincumber,54.647
9011428,-31.057003,150.922383,TRC Waste Depot Forest Rd TAMWORTH,NSW,4,2340,Within 10 metres,,MV3D,carroll_village_nam,Carroll Village (Nam,46.533
9011487,-33.04198,149.413738,Mine Site 4 Bowen St HILL END,NSW,4,2795,Within 10 metres,,MV8B,orange_stp_enviromon,Orange Stp Enviromon,36.289
9011705,-32.83838,151.35717,52 Cumberland St CESSNOCK,NSW,3,2325,Within 10 metres,,NV4N,lookout_rd_reservoir,Lookout Rd Reservoir,32.771
9011941,-26.782543,150.256572,766 Fairymeadow Rd 15 km SE of MILES,QLD,5,4415,Within 10 metres,,MT6N,bottle_tree_al,Bottle Tree AL,17.54
9011943,-28.227158,151.489397,Optus Site Off Rabbit Fence Rd KARARA,QLD,4,4352,Within 10 metres,619,NU1B,warahgai_al,Warahgai AL,0.035
9011944,-28.92251,153.461661,RFS Site Two Coolgardie Road COOLGARDIE,NSW,4,2477,Within 10 metres,107,NU3N,tuckombil,Tuckombil,11.848
9012,-35.452467,150.32057,NSWPF 35m Lattice Tower Boyne Trig off Old Coach Road BROOMAN,NSW,4,2538,Within 10 metres,338,MW6F,budawang,Budawang,29.581
9012107,-20.267598,148.647454,Ergon Energy (MK) Site Riordanvale Road RIORDANVALE,QLD,4,4800,Within 10 metres,188,MR4G,strathdickie_al,Strathdickie AL,9.148
9012109,-21.146728,149.161471,Ergon Site Ness Street Depot MACKAY,QLD,4,4740,Within 10 metres,6,MR8A,hospital_br_aler,Hospital Br Aler,0.778
9012166,-23.915924,148.056317,Within 50 km radius of Mineva Coal Mine Site via SPRINGSURE,QLD,4,4722,Within 10 metres,,MS4M,rocky_ck_dam,Rocky Ck Dam,27.053
9012208,-27.513935,151.830624,10965 Warrego Highway CHARLTON,QLD,4,4350,Within 10 metres,,NT7L,paradise_ck_rd,Paradise Ck Rd,25.376
9012281,-23.003615,148.71065,DGPS Site Lake Lindsay Mine 21 km S of MIDDLEMOUNT,QLD,4,4746,Within 10 metres,,MS4C,mt_lowe_al,Mt Lowe Al,58.473
9012368,-22.419757,148.280628,SR Admin  SARAJI MINE,QLD,4,4745,Within 10 metres,219,MS1F,mt_lowe_al,Mt Lowe Al,55.604
9012369,-22.467598,148.329124,SR South  SARAJI MINE,QLD,4,4745,Within 10 metres,209,MS1F,mt_lowe_al,Mt Lowe Al,52.004
9012370,-27.419625,153.151014,Warehouse Caltex Oil Refinery South St LYTTON,QLD,2,4178,Within 10 metres,,NT9E,eildon_hill_al,EILDON HILL AL,12.602
9012436,-26.645028,149.82401,Ludlow 6.5km E of DULACCA,QLD,5,4425,Within 10 metres,,MT5L,clovelly_al,Clovelly AL,31.333
9012495,-19.905409,147.692949,Ergon Substation Tondara Road GUTHALUNGRA,QLD,4,4805,Within 100 metres,18,LR3O,hurricane_cliff_al,Hurricane Cliff Al,21.088
9012498,-17.610043,145.467534,Ergon Energy Site Off Ascham St RAVENSHOE,QLD,4,4872,Within 10 metres,1001,LQ4J,maalan_rd_al,Maalan Rd AL,13.807
9012562,-33.797009,151.173932,473-501 Victoria Avenue CHATSWOOD,NSW,2,2067,Within 10 metres,,NV7M,kincumber,Kincumber,44.035
9012675,-33.849219,151.203125,14-28 Blues Point Road MCMAHONS POINT,NSW,2,2060,Within 10 metres,5,NV7M,kincumber,Kincumber,48.096
9012818,-17.308038,144.892684,"Telstra Site Dover Castle Mine, 6 km NW of PETFORD",QLD,5,4871,Within 100 metres,594,KQ6H,bones_knob_al,Bones Knob AL,59.647
9012849,-34.286759,149.888741,OEH 30m Monopole Wombeyan Caves Road RICHLANDS,NSW,4,2580,Within 10 metres,966,MW2H,bumana,Bumana,45.915
9012862,-33.180617,151.622565,NPWS 10m Monopole Tank Trail via Snapper Point Rd,NSW,3,2259,Within 10 metres,,NV7C,lookout_rd_reservoir,Lookout Rd Reservoir,28.337
9012899,-24.989816,152.207802,Landfill Site The Cedars Rd 20 km SW of BUNDABERG,QLD,4,4670,Within 10 metres,,NS8M,walla_al_b,Walla AL-B,27.746
9012984,-25.564233,151.504616,Ergon Energy Site Darlingtons Road BINJOUR,QLD,4,4625,Within 10 metres,357,NT1K,mt_gayndah_al,Mt Gayndah AL,5.776
9012987,-25.332146,151.232912,Ergon Energy Site Off Hollywell Ceratodus Road EIDSVOID EAST,QLD,4,4627,Within 10 metres,386,NT1E,hollywell_al,Hollywell AL,0.03
9013079,-28.308919,152.291378,Ergon Energy Site O'Maras Rd KILLARNEY,QLD,4,4370,Within 10 metres,787,NU2F,carrs_lookout_al,Carrs Lookout AL,12.268
9013080,-19.743914,146.858797,"Ergon Energy Site Plant Hill, Off Fliders Hwy, 15 km S of Woodstock CAMERON HILL",QLD,4,4816,Within 10 metres,316,LR2L,cameron_hill_al,Cameron Hill AL,0.031
9013345,-32.930332,148.753158,RFS Station Maclaughan St CUMNOCK,NSW,4,2867,Within 10 metres,516,MV4P,orange_stp_enviromon,Orange Stp Enviromon,51.042
9013357,-21.10321,148.854235,Mt Toby 6 km NNW of MIRANI,QLD,4,4754,Within 10 metres,,MR7D,mt_pinnacle_al,Mt Pinnacle AL,21.563
9013358,-20.912385,148.768824,MSL Site 1.5 km SW of CALEN,QLD,4,4798,Within 10 metres,,MR4P,clarke_range_al,Clarke Range AL,29.81
9013604,-27.296233,151.545937,'Girraween' Kummerows Road  (5km ENE of) BOWENVILLE,QLD,4,4403,Within 10 metres,,NT7G,toowoomba_radar,Toowoomba Radar,44.258
9013620,-25.967781,150.051107,"Ergon Energy Site Daldowie, Nathan Road BUNGABAN",QLD,5,4419,Within 10 metres,343,MT3M,bundi_rd_al,Bundi Rd AL,45.09
9013622,-25.598369,150.40217,"Ergon Energy Site Deearne Road, 39 km SW of EIDSVOLD WEST",QLD,5,4627,Within 10 metres,488,MT3J,auburn_river_andrew,Auburn River (Andrew,24.857
9013868,-23.477517,148.486887,Red Hill Site Duckponds Rd 33 km E of EMERALD,QLD,4,4702,Within 10 metres,172,MS4F,emerald_al,Emerald AL,33.191
9013870,-23.433898,148.47848,Whitehill South Site Ensham Mine 30 km ENE of EMERALD,QLD,4,4702,Within 10 metres,262,MS4F,emerald_al,Emerald AL,33.563
9013899,-27.145019,151.019998,'Brumby' Thetan Rd 25 km W of DALBY,QLD,4,4405,Within 10 metres,,NT7A,braziers_hill_al,Braziers Hill Al,47.905
9014001,-21.282224,149.286376,Sub 14A Coal Terminal  HAY POINT,QLD,4,4740,Within 10 metres,,MR8F,outer_harbour_tide_a,Outer Harbour Tide A,20.395
9014197,-27.561897,153.047711,QEII Hospital SW cnr  Kessels & Troughton Roads COOPERS PLAINS,QLD,2,4108,Within 10 metres,,NT9I,mt_gravatt_lookout_a,MT GRAVATT LOOKOUT A,3.326
9014398,-26.289171,149.083049,Pleasant Hills Gas Plant 34 km NW of WALLUMBILLA,QLD,5,4455,Within 10 metres,,MT5E,bundi_rd_al,Bundi Rd AL,58.006
9014404,-34.908151,150.606236,27 Quinns Lane NOWRA SOUTH,NSW,4,2541,Within 10 metres,,MW3O,vincentia,Vincentia,20.256
9014439,-34.582789,150.811101,Cleary Bros Quarry Repeater Site East West Link Rd ALBION PARK,NSW,2,2529,Within 10 metres,,MW3L,vincentia,Vincentia,56.567
9015415,-33.734255,150.985817,Unit 4 / 11 Packard Ave CASTLE HILL,NSW,2,2154,Within 10 metres,97,MV9L,somersby,Somersby,47.127
9015519,-22.881224,148.638539,GPS Site Dysart-Middlemount Road  (10km SW of) MIDDLEMOUNT,QLD,4,4746,Within 10 metres,,MS1O,mt_lowe_al,Mt Lowe Al,50.145
9015615,-17.943219,145.928281,Tully Sewerage Plant Wildsoet St TULLY,QLD,4,4854,Within 10 metres,,LQ4P,euramo_al,Euramo AL,5.65
9015699,-31.209293,152.830912,"RFS Brigade Station Winstead Road, 50 m North of Kundabung Road KUNDABUNG",NSW,4,2441,Within 10 metres,,NV2D,port_macquarie_golf,Port Macquarie (Golf,31.642
9015984,-31.086041,150.96693,"NSWRFS 40m Lattice Tower Flagstaff Mountain, via Eloura Rd EAST TAMWORTH",NSW,4,2340,Within 10 metres,831,MV3D,carroll_village_nam,Carroll Village (Nam,51.33
9016528,-27.677096,153.030015,3485-3493 Mount Lindesay Highway HILLCREST,QLD,2,4118,Within 10 metres,43,NT9I,hillcrest_wine_glass,Hillcrest(Wine Glass,0.089
9016913,-29.432632,153.362798,Pilot Station Pilot Street YAMBA,NSW,4,2464,Within 10 metres,,NU6F,whiporie_myall_cree,Whiporie (Myall Cree,39.879
9017410,-28.296105,152.416247,Ergon Energy Power Pole Off Spring Creek Road THE FALLS,QLD,4,4370,Within 10 metres,1095,NU2F,carrs_lookout_al,Carrs Lookout AL,0.2
9018109,-27.449798,145.607097,Sholto Station Mitchell Highway WYANDRA,QLD,5,4489,Within 10 metres,228,LT7G,cliffdale_al,Cliffdale Al,27.044
9018321,-33.909834,151.084154,1 Knox St BELMORE,NSW,2,2192,Within 10 metres,,NV7M,kincumber,Kincumber,59.037
9018335,-26.717661,152.908811,Water Treatment Plant 25 McKillop Road MONTVILLE,QLD,4,4560,Within 100 metres,,NT5L,bald_knob_al,Bald Knob AL,6.84
9018656,-25.188815,151.62678,NBN Co Site 35 Schuhs Lookout Rd MOUNT PERRY,QLD,4,4671,Within 10 metres,328,NT1C,mt_perry_al,Mt Perry AL,0.044
9018665,-24.44671,150.315603,NBN Co Site Dawson Highway BILOELA,QLD,4,4715,Within 10 metres,567,MS9F,banana_range_al,Banana Range AL,0.21
9018967,-24.998707,151.955506,Water Tower Manning St (Lot 196 Rieck St) GIN GIN,QLD,4,4671,Within 10 metres,79,NT1D,walla_al_b,Walla AL-B,15.519
9019455,-27.102497,151.039647,698 Dalby-Kogan Rd 24 km WNW of DALBY,QLD,4,4405,Within 10 metres,,NT7A,braziers_hill_al,Braziers Hill Al,42.86
9019479,-26.266951,149.708608,QGC Woleebee Creek Central Processing Plant HLS Gadbys Rd WOLEEBEE,QLD,5,4419,Within 10 metres,,MT5G,bundi_rd_al,Bundi Rd AL,20.993
9019614,-18.549869,146.025505,Ergon Energy Sub Station Abergowrie Rd LANNERCOST,QLD,4,4850,Within 10 metres,16,LQ8I,wallaman_al,Wallaman AL,31.87
9019752,-19.258614,146.802343,GMG site Castle Hill TOWNSVILLE,QLD,4,4810,Within 10 metres,,LR2H,castle_hill_al,Castle Hill AL,0.079
9019871,-26.635791,150.34744,Cameby Downs Mine Ryalls Road COLUMBOOLA,QLD,5,4415,Within 10 metres,,MT6J,bottle_tree_al,Bottle Tree AL,20.107
9020034,-27.67747,152.900327,Mater Hill Hospital Main St SPRINGFIELD LAKES,QLD,2,4300,Within 10 metres,,NT8L,bundamba_barclay_st,Bundamba (Barclay St,9.688
9021165,-28.803795,153.110456,NSWTA 40m Lattice Tower off Rambaldinis Rd NAUGHTONS GAP,NSW,4,2470,Within 10 metres,131,NU3M,goonellabah_wyreem,Goonellabah(Wyreem,20.276
9021291,-28.262726,152.572782,Repeater Site  2km SSW of BURNETT CREEK,QLD,4,4310,Within 10 metres,,NU2G,wilsons_peak,Wilsons Peak,8.826
9021970,-31.430852,152.921177,8-10 William St PORT MACQUARIE,NSW,4,2444,Within 10 metres,,NV2H,port_macquarie_golf,Port Macquarie (Golf,5.974
9022005,-25.241089,149.930436,Ergon Energy Isla Gorge 1km NW of Leichhardt Hwy ISLA GORGE,QLD,5,4719,Within 100 metres,,MT2D,ghinghinda_al,Ghinghinda AL,22.754
9022046,-33.265329,151.207129,Quarry Lot 71 George Downes Drive KULNURA,NSW,2,2250,Within 10 metres,,NV7E,somersby,Somersby,16.897
9022155,-33.917401,151.241389,Level 0  NCCC Bldg SW cnr High & Avoca Streets RANDWICK,NSW,2,2031,Within 10 metres,,NV7M,kincumber,Kincumber,54.084
9022156,-33.820997,151.191021,Level 02  Acute Services Bldg Reserve Road ST LEONARDS,NSW,2,2065,Within 10 metres,,NV7M,kincumber,Kincumber,45.687
9022341,-26.336292,152.832842,Fire Station Queen St COORAN,QLD,4,4569,Within 10 metres,,NT5H,black_mt_al,Black Mt. AL,8.451
9022342,-26.366215,152.857818,Fire Station 2 Factory St POMONA,QLD,4,4568,Within 10 metres,,NT5H,black_mt_al,Black Mt. AL,4.614
9022343,-25.281968,152.726447,Fire Station 63 Castles Rd North CRAIGNISH,QLD,4,4655,Within 10 metres,,NT2G,takura_reservoir_ale,Takura Reservoir Ale,5.46
9022344,-24.908875,152.488658,Fire Station 100 Welch St ELLIOT HEADS,QLD,4,4670,Within 10 metres,,NS8N,cherwell_river_rail,Cherwell River (Rail,43.061
9022630,-27.787727,152.557666,Energex Repeater Site MT WALKER,QLD,4,4340,Within 10 metres,,NT8O,willowbank,Willowbank,16.328
9022757,-27.48074,151.867452,GWN Site Hilltop Drive GOWRIE JUNCTION,QLD,4,4352,Within 10 metres,,NT7H,paradise_ck_rd,Paradise Ck Rd,21.069
9022940,-27.95589,153.409957,Australian Volunteer Coast Guard 171 Marine Parade SOUTHPORT,QLD,2,4215,Within 10 metres,,NT9N,laheys_lookout_al,Laheys Lookout AL,22.804
9022992,-34.88554,150.506224,Vertel Tower at Illaroo Near Bundanon Road ILLAROO,NSW,4,2577,Within 10 metres,91,MW3O,vincentia,Vincentia,26.799
9023162,-27.461419,153.038265,505 Brunswick St FORTITUDE VALLEY,QLD,2,4006,Within 10 metres,,NT9E,eildon_hill_al,EILDON HILL AL,3.472
9023215,-22.86253,148.651762,Repeater Site STH Middlemount Rd  (7.6km SW of) MIDDLEMOUNT,QLD,4,4746,Within 10 metres,,MS1O,mt_lowe_al,Mt Lowe Al,51.649
9023216,-22.838376,148.633835,Repeater Site NTH Middlemount Rd  (7.5km WSW of) MIDDLEMOUNT,QLD,4,4745,Within 10 metres,,MS1O,mt_lowe_al,Mt Lowe Al,50.151
9023320,-17.865274,146.073534,Fenby Gap Reservoir El Arish Mission Beach Road DJIRU,QLD,4,4855,Within 100 metres,,LQ5M,south_mission_beach,South Mission Beach,9.581
9023522,-29.384626,153.234131,Site Shed Fig Tree Lane CHATSWORTH,NSW,4,2469,Within 10 metres,,NU6E,whiporie_myall_cree,Whiporie (Myall Cree,26.333
9023870,-26.773541,150.801007,GPS Site Boonara Invern Rd 18km E of CHINCHILLA,QLD,5,4412,Within 10 metres,,MT6P,braziers_hill_al,Braziers Hill Al,33.365
9024241,-22.841962,148.662572,Paddock Repeater Site Middlemount Road  (5.2km SW of) MIDDLEMOUNT,QLD,4,4745,Within 10 metres,,MS1O,mt_lowe_al,Mt Lowe Al,53.01
9024789,-28.642468,153.34721,End of Rocky Creek Dam Road DORROUGHBY,NSW,4,2480,Within 10 metres,,NU3J,mullumbimby_chincoga,Mullumbimby(Chincoga,18.194
9026156,-26.184665,152.85959,Council Repeater Site Wolvi Mountain Rd MT WOLVI,QLD,4,4570,Within 10 metres,,NT5D,mt_wolvi_al,Mt Wolvi AL,1.186
9026215,-28.163187,153.509126,Caltex Depot 1 Tower Road COOLANGATTA,QLD,2,4225,Within 10 metres,3,NU3C,tweed_heads_duranba,Tweed Heads (Duranba,12.442
9026389,-23.618524,150.368558,Pinnacle Mountain RRC Site Salsbury Rd via STANWELL,QLD,4,4714,Within 10 metres,,MS6J,mt_hopeful_al,Mt Hopeful AL,20.884
9026477,-17.42845,145.243624,PSBA Site Dargo Range 4km E of IRVINEBANK,QLD,4,4872,Within 10 metres,,LQ4E,scrubby_ck_tm,Scrubby Ck Tm,27.005
9026687,-21.106708,149.223906,"Light Pole, Tripper Bulk Sugar Terminal Ken White Ave MACKAY HARBOUR",QLD,4,4740,Within 100 metres,,MR8A,outer_harbour_tide_a,Outer Harbour Tide A,0.177
9027002,-35.363351,150.483494,VMR Site Deering St ULLADULLA,NSW,4,2539,Within 10 metres,,MW6F,vincentia,Vincentia,36.212
9027111,-24.696493,151.961183,Ergon Energy Site 43 km WNW of Bundaberg MT WATALGAN,QLD,4,4674,Within 10 metres,,NS7L,walla_al_b,Walla AL-B,48.905
9027196,-33.368881,151.468509,Long Jetty Health Care Centre 64 Wyong Road KILLARNEY VALE,NSW,2,2261,Within 10 metres,8,NV7F,kincumber,Kincumber,10.873
9027461,-26.944979,151.152541,624 Kents Road JIMBOUR,QLD,4,4410,Within 10 metres,350,NT4M,braziers_hill_al,Braziers Hill Al,24.417
9028144,-27.612383,152.760575,117 Brisbane Street IPSWICH,QLD,2,4305,Within 10 metres,32,NT8L,bundamba_barclay_st,Bundamba (Barclay St,6.516
9028164,-33.533673,149.275774,Cadia Sealink Filter Plant 133 Newbridge Rd BLAYNEY,NSW,4,2799,Within 10 metres,878,MV8J,orange_stp_enviromon,Orange Stp Enviromon,32.888
9028246,-34.720564,150.08633,Tallong Brigade Shed 2-8 Memorial Drive TALLONG,NSW,4,2579,Within 10 metres,,MW3I,bumana,Bumana,33.386
9048,-35.093806,150.804723,SLSNSW Monopole Point Perpendicular Lighthouse Street POINT PERPENDICULAR,NSW,4,2541,Unknown,43,MW6D,vincentia,Vincentia,11.452
9059,-35.034475,150.631983,Lot 81 Husskisson Rd HUSKISSON,NSW,4,2541,Unknown,,MW6C,vincentia,Vincentia,6.688
9067,-35.174089,150.589733,RVCP Alamein Caravan Park SUSSEX INLET,NSW,4,2541,Within 10 metres,,MW6C,vincentia,Vincentia,13.298
9068,-35.156552,150.600898,RVCP Butcher Shop 181 Jacobs Drive SUSSEX INLET,NSW,4,2541,Within 10 metres,,MW6C,vincentia,Vincentia,11.145
9070,-35.169401,150.594262,RVCP Hillpine Boatshed Near Post Office SUSSEX INLET,NSW,4,2541,Within 10 metres,,MW6C,vincentia,Vincentia,12.634
9083,-34.930927,150.38785,Bureau of Meteorology YALWAL,NSW,4,2541,Unknown,108,MW3N,vincentia,Vincentia,31.35
9100,-34.800271,150.577176,Cambewarra Lookout Cambewarra Mountain via BOMADERRY,NSW,4,2535,Within 10 metres,,MW3O,vincentia,Vincentia,32.486
9109,-34.868734,150.601966,Council Buildings Bridge Road NOWRA,NSW,4,2541,Unknown,13,MW3O,vincentia,Vincentia,24.544
9113,-34.788481,150.542204,Red Rocks Nature Reserve Cambewarra Range near Browns Mountain via BOMADERRY,NSW,4,2541,Within 10 metres,595,MW3O,vincentia,Vincentia,34.764
9429,-34.579534,150.209004,Elcom Repeater Station ELLSMORE,NSW,4,2577,Unknown,723,MW3I,bumana,Bumana,45.592
9433,-34.586576,150.212469,Commsite ELLSMORE TOWER,NSW,4,2577,Unknown,775,MW3I,bumana,Bumana,45.72
9436,-34.850096,150.389512,Bureau of Meteorology GRASSY GULLY,NSW,4,2541,Unknown,161,MW3N,vincentia,Vincentia,36.8
9439,-34.618683,150.696754,Illawarra Communications Site KNIGHTS HILL,NSW,2,2533,Within 10 metres,736,MW3K,vincentia,Vincentia,51.319
9442,-34.703672,150.484486,Kangaroo Valley BUNDANOON,NSW,4,2577,Unknown,623,MW3J,vincentia,Vincentia,45.487
9444,-34.623063,150.694779,Commsite KNIGHTS HILL,NSW,2,2533,Unknown,739,MW3K,vincentia,Vincentia,50.827
9449,-34.623507,150.694439,NTA UHF Tower KNIGHTS HILL,NSW,2,2533,Within 10 metres,739,MW3K,vincentia,Vincentia,50.777
9453,-34.580152,150.617326,Transgrid 50m Lattice Tower 75-77 Mackeys Ln ROBERTSON,NSW,4,2577,Within 10 metres,,MW3K,vincentia,Vincentia,55.874
9462,-34.76621,150.303689,Met Bureau Site Tallowa Dam BAMARANG,NSW,4,2579,Unknown,32,MW3N,vincentia,Vincentia,48.934
9464,-34.645821,150.147225,Telstra Site Hume Hwy 15 km N of Marulan FREESTONE,NSW,4,2579,Within 10 metres,712,MW3I,bumana,Bumana,38.772
9480,-34.566753,149.992804,Sydney Catchment Authority commsite Big Hill GLEN DUSK,NSW,4,2580,Unknown,,MW2L,bumana,Bumana,27.401
9491,-34.758567,149.763092,South Site MT GRAY,NSW,4,2580,Within 100 metres,797,MW2P,bumana,Bumana,9.715
9492,-34.758093,149.76335,SRA Site MT GRAY,NSW,4,2580,Within 10 metres,795,MW2P,bumana,Bumana,9.674
9495,-34.751424,149.76368,Pacific Power Site MT GRAY,NSW,4,2580,Within 10 metres,750,MW2P,bumana,Bumana,8.999
9538,-34.384948,149.473164,"Multiple Lattice Towers and Poles Laggan Trig, 563 Redground Rd CROOKWELL",NSW,4,2583,Unknown,1017,MW2F,bumana,Bumana,39.835
9714,-35.255053,149.440243,RFS/SES Site Gibraltar St BUNGENDORE,NSW,4,2621,Unknown,692,MW5F,budawang,Budawang,56.24
9719,-35.099475,150.038056,Meangora Trig 5 km W of NERRIGA,NSW,4,2622,Unknown,683,MW6A,budawang,Budawang,42.498
9720,-35.10277,150.407812,Jerrawangala Lookout Survey Trig Commsite Jerrawangala Lookout TURPENTINE RANGE,NSW,4,2540,Unknown,388,MW6B,vincentia,Vincentia,24.894
9721,-35.503177,149.575455,Commsite MT LOWDEN,NSW,4,2621,Unknown,1304,MW5K,budawang,Budawang,38.133
9723,-35.455206,149.771452,Services Site 2.8 km SW of Braidwood MT GILLAMATONG,NSW,4,2622,Within 10 metres,906,MW5H,budawang,Budawang,20.496
9726,-35.976375,149.858842,"Forestry NSW 11.5m Watch Tower Plumwood Fire Tower Track, off Little Sugarloaf Rd DEUA",NSW,4,2537,Within 10 metres,939,MW5P,budawang,Budawang,56.549
9727,-35.668053,149.914708,"Eurobodalla Shire Council 40m Lattice Tower Boundary Mountain, Monga National Park, off Boundary Fire Trail MONGA",NSW,4,2622,Within 10 metres,943,MW5L,budawang,Budawang,22.146
9728,-35.479975,149.99564,"NPWS 18m Lattice Tower Fire Lookout Budawang National Park, Mount Budawang Rd BUDAWANG",NSW,4,2622,Within 100 metres,1099,MW5H,budawang,Budawang,0.015
