id,name,lat,lon,elvis_ahd_m,dem_resolution,dem_resolution_m,source,dataset
abbieglassie_al,Abbieglassie AL,-27.2919,147.4838,266.29,1 Second,30.0,Geoscience Australia SRTM,srtm-1sec-dem-v1-COG.tif
aberfeldy_river_at_beardmores,Aberfeldy River at Beardmores,-37.854,146.433,315.77,1 Second,30.0,Geoscience Australia SRTM,srtm-1sec-dem-v1-COG.tif
above_farmhouse_creek_picton_river,Above Farmhouse Creek (Picton River),-43.2469,146.6947,145.94,2m,2.0,TAS Government,Tasmania_Statewide_2m_DEM_14-08-2021.tif
acheron_river_at_taggerty,Acheron River at Taggerty,-37.3167,145.7167,201.18,1 Second,30.0,Geoscience Australia SRTM,srtm-1sec-dem-v1-COG.tif
ackland_hill,Ackland Hill,-35.045,138.649,414.85,1m,1.0,SA Government,Onkaparinga2019_DEM_2856119_01_001.tif
acton_park,Acton Park,-33.785,115.406,131.8,1 Second,30.0,Geoscience Australia SRTM,srtm-1sec-dem-v1-COG.tif
adams_br_al,Adams Br AL,-27.8294,152.5108,87.31,1m,1.0,QLD Government,ScenicRim_2011_LGA_SW_451000_6921000_1K_DEM_1m.tif
adamstown,Adamstown,-32.9446,151.711,27.42,1m,1.0,NSW Government,Newcastle201409-LID1-AHD_3786354_56_0002_0002_1m.tif
adavale_rd_al,Adavale Rd AL,-26.3264,146.0978,287.45,1m,1.0,QLD Government,Charleville_2011_Twn_SW_409000_7087000_1K_DEM_1m.tif
adelaide_airport,Adelaide Airport,-34.952,138.521,2.39,50cm,0.5,SA Government,AdelaideMetro2022-DEM-GRID-50cm_2736129_54_0001_0001.tif
adelaide_river_station,Adelaide River Station,-12.847,131.329,34.11,1 Second,30.0,Geoscience Australia SRTM,srtm-1sec-dem-v1-COG.tif
agnes_water_jarvey_drive_al,Agnes Water (Jarvey Drive) AL,-24.229678,151.90721,16.82,1m,1.0,QLD Government,Gladstone_2009_Ctl_SW_388000_7318000_2K_DEM_1m.tif
air_sea_rescue_al,Air Sea Rescue AL,-27.9525,153.4242,0.89,1m,1.0,QLD Government,GoldCoast_2009_LGA_SW_541000_6907000_1K_DEM_1m.tif
aitkenvale_al,Aitkenvale AL,-19.295,146.771,8.95,50cm,0.5,Griffith Uni,Townsville201804-DEM-GRID-50cm_4757866_55_0001_0001.tif
alawoona_comparison,Alawoona Comparison,-34.731,140.504,72.33,1 Second,30.0,Geoscience Australia SRTM,srtm-1sec-dem-v1-COG.tif
albany_creek_al,Albany Creek AL,-27.351,152.991,42.74,1m,1.0,QLD Government,MoretonBay_2014_LGA_SW_499000_6974000_1K_DEM_1m.tif
albion_park_post_office,Albion Park Post Office,-34.57,150.779,9.15,1m,1.0,NSW Government,Kiama201103-LID1-AHD_2966172_56_0002_0002_1m.tif
alderley_al,Alderley AL,-27.424,153.003,42.67,1m,1.0,QLD Government,Brisbane_2019_Prj_SW_500000_6966000_1k_DEM_1m.tif
aldgate_creek,Aldgate Creek,-35.015,138.732,426.16,1 Second,30.0,Geoscience Australia SRTM,srtm-1sec-dem-v1-COG.tif
alectown_vanvilla,Alectown (Vanvilla),-32.937,148.244,341.1,5m,5.0,NSW Government,PeakHill201204-PHO3-AHD_6166354_55_0002_0002_5m.tif
alice_downs_al,Alice Downs AL,-26.4131,146.887,364.87,1 Second,30.0,Geoscience Australia SRTM,srtm-1sec-dem-v1-COG.tif
alice_gap_repeater,Alice Gap Repeater,-23.725,133.863,697.0,1 Second,30.0,Geoscience Australia SRTM,srtm-1sec-dem-v1-COG.tif
alick_ck_tm,Alick Ck Tm,-20.4167,141.9992,127.57,1 Second,30.0,Geoscience Australia SRTM,srtm-1sec-dem-v1-COG.tif
allambie_lane,Allambie Lane,-19.363935,146.708949,20.86,1m,1.0,QLD Government,Townsville_2009_Ctl_SW_469000_7858000_1K_DEM_1m.tif
allandale_al,Allandale AL,-24.3028,146.0125,448.01,1 Second,30.0,Geoscience Australia SRTM,srtm-1sec-dem-v1-COG.tif
alligator_flats_al,Alligator Flats AL,-24.3333,151.5819,36.86,50cm,0.5,Griffith Uni,Gladstone201307-DEM-GRID-50cm_3567308_56_0001_0001.tif
alpha,Alpha,-23.649,146.6464,349.27,1m,1.0,QLD Government,Alpha_2011_Twn_SW_463000_7384000_1K_DEM_1m.tif
alroy_crossing_tm,Alroy Crossing Tm,-27.8055,144.7079,191.0,1 Second,30.0,Geoscience Australia SRTM,srtm-1sec-dem-v1-COG.tif
amberley_dnrm_al,Amberley (DNRM) AL,-27.6658,152.6989,23.68,1m,1.0,QLD Government,Ipswich_2009_LGA_SW_470000_6939000_1K_DEM_1m.tif
amberley_greens_rd_al_p,Amberley (Greens Rd) AL-P,-27.6783,152.6989,25.79,1m,1.0,QLD Government,Ipswich_2023_LGA_SW_470000_6938000_1k_DEM_1m.tif
amby,Amby,-26.5478,148.185,347.17,1m,1.0,QLD Government,Amby_2011_Twn_SW_618000_7063000_1K_DEM_1m.tif
amelia_cr_yarrowmer,Amelia Cr (Yarrowmer,-21.0257,145.7661,279.72,1 Second,30.0,Geoscience Australia SRTM,srtm-1sec-dem-v1-COG.tif
amery_acres,Amery Acres,-31.168,117.074,354.96,1 Second,30.0,Geoscience Australia SRTM,srtm-1sec-dem-v1-COG.tif
ampthill_al,Ampthill AL,-24.702,151.855,59.2,1m,1.0,QLD Government,Gladstone_2009_Rgn_SW_384000_7266000_2K_DEM_1m.tif
andergrove_al,Andergrove AL,-21.0986,149.1778,4.98,50cm,0.5,Griffith Uni,Mackay201805-DEM-GRID-50cm_7267665_55_0001_0001.tif
anduramba_al,Anduramba AL,-27.0712,152.0858,480.8,1 Second,30.0,Geoscience Australia SRTM,srtm-1sec-dem-v1-COG.tif
angas_creek,Angas Creek,-34.829,138.949,371.71,1m,1.0,SA Government,CudleeCreek2020_DEM_3126144_01_001.tif
annandale_alert,Annandale AL,-19.3128,146.7864,8.89,1m,1.0,QLD Government,Townsville_2018_Prj_SW_477000_7864000_1.0K_DEM_1m.tif
anro_tbrg,Anro TBRG,-30.36,116.29,345.76,1 Second,30.0,Geoscience Australia SRTM,srtm-1sec-dem-v1-COG.tif
antiene_ck_at_liddell,Antiene Ck at Liddell,-32.338,150.981,135.78,2m,2.0,NSW Government,Muswellbrook201711-LID2-AHD_3086420_56_0002_0002_2m.tif
antoneys_crossing_al,Antoneys Crossing AL,-21.2298,148.9495,32.39,50cm,0.5,Griffith Uni,Mackay201805-DEM-GRID-50cm_7027651_55_0001_0001.tif
anzac_oval,Anzac Oval,-23.69506,133.88507,578.0,1 Second,30.0,Geoscience Australia SRTM,srtm-1sec-dem-v1-COG.tif
apjohn_street_horseshoe_bay_tm,Apjohn Street Horseshoe Bay Tm,-19.1247,146.8493,8.59,1m,1.0,QLD Government,Townsville_2009_Ctl_SW_484000_7885000_1K_DEM_1m.tif
appin_wilton_road,Appin (Wilton Road),-34.211,150.774,220.16,1m,1.0,NSW Government,Wollongong201102-LID1-AHD_2946212_56_0002_0002_1m.tif
arabella,Arabella AL,-26.4336,146.4586,369.55,1m,1.0,QLD Government,Charleville_2011_Twn_SW_446000_7076000_1K_DEM_1m.tif
araluen_lower_araluen_rd,Araluen Lower (Araluen Rd),-35.688,149.837,160.59,2m,2.0,NSW Government,Araluen201804-LID2-AHD_7566046_55_0002_0002_2m.tif
arana_hills_olearia_st_west_tm,Arana Hills (Olearia St West) TM,-27.3972,152.9646,40.92,1m,1.0,QLD Government,Moreton_Bay_2018_LGA_SW_496000_6969000_1k_DEM_1m.tif
arcadia_valley_school_al,Arcadia Valley School AL,-25.2555,148.8217,309.24,1m,1.0,QLD Government,ArcadiaValley_2012_Loc_SW_683000_7205000_1K_DEM_1m.tif
archerton,Archerton,-36.908,146.238,895.79,1 Second,30.0,Geoscience Australia SRTM,srtm-1sec-dem-v1-COG.tif
archie_ck_tm,Archie Ck Tm,-18.5062,138.8551,70.89,1 Second,30.0,Geoscience Australia SRTM,srtm-1sec-dem-v1-COG.tif
arcturus_downs_al,Arcturus Downs AL,-24.040784,148.409309,213.0,1 Second,30.0,Geoscience Australia SRTM,srtm-1sec-dem-v1-COG.tif
arden_downs_tm,Arden Downs TM,-28.23,149.5617,221.71,1 Second,30.0,Geoscience Australia SRTM,srtm-1sec-dem-v1-COG.tif
argalong_sandy_creek,Argalong (Sandy Creek),-35.317,148.433,653.81,2m,2.0,NSW Government,Tumut201702-LID2-AHD_6306090_55_0002_0002_2m.tif
armidale_stephens_br,Armidale-Stephens Br,-30.5117,151.67,970.36,2m,2.0,NSW Government,Armidale201505-LID2-AHD_3726622_56_0002_0002_2m.tif
arradale,Arradale,-29.11,115.317,278.77,1 Second,30.0,Geoscience Australia SRTM,srtm-1sec-dem-v1-COG.tif
arthurs_lkt_al,Arthurs Lkt AL,-25.769,150.77,306.59,1 Second,30.0,Geoscience Australia SRTM,srtm-1sec-dem-v1-COG.tif
ashford_avenue,Ashford Avenue,-33.931139,150.990551,1.08,1m,1.0,NSW Government,Penrith201304-LID1-AHD_3146242_56_0002_0002_1m.tif
ashgrove_royal_pde_al,Ashgrove (Royal Pde) AL,-27.4466,152.9701,29.26,1m,1.0,QLD Government,Brisbane_2014_LGA_SW_497000_6964000_1K_DEM_1m.tif
ashton,Ashton,-34.9313,138.75,499.75,1 Second,30.0,Geoscience Australia SRTM,srtm-1sec-dem-v1-COG.tif
aspley_res_al,Aspley Res AL,-27.375556,153.008333,49.17,1m,1.0,QLD Government,Brisbane_2009_LGA_SW_500000_6971000_1K_DEM_1m.tif
aspley_stringybark_dr_al,Aspley (Stringybark Dr) AL,-27.371,153.004,46.07,1m,1.0,QLD Government,Brisbane_2009_LGA_SW_500000_6972000_1K_DEM_1m.tif
aston_downs_al,Aston Downs AL,-33.799,115.313,72.97,1 Second,30.0,Geoscience Australia SRTM,srtm-1sec-dem-v1-COG.tif
athelstone,Athelstone,-34.869,138.6917,77.22,50cm,0.5,SA Government,AdelaideMetro2022-DEM-GRID-50cm_2896139_54_0001_0001.tif
atkinson_dam_al,Atkinson Dam AL,-27.4319,152.4642,65.65,1m,1.0,QLD Government,LockyerCreekGap_2012_Rgn_SW_447000_6965000_1K_DEM_1m.tif
auburn,Auburn,-25.954497,150.615197,276.74,50cm,0.5,Griffith Uni,Taroom201810-DEM-GRID-50cm_2617127_56_0001_0001.tif
auburn_rosnay_golf_club,Auburn (Rosnay Golf Club),-33.865,151.014,9.36,1m,1.0,NSW Government,Sydney201304-LID1-AHD_3166250_56_0002_0002_1m.tif
audley_royal_national_park,Audley (Royal National Park),-34.066,151.057,93.23,1m,1.0,NSW Government,PortHacking201304-LID1-AHD_3206228_56_0002_0002_1m.tif
augathella_al,Augathella AL,-25.794,146.585,364.58,1m,1.0,QLD Government,Augathella_2011_Twn_SW_458000_7147000_1K_DEM_1m.tif
augathella_rptr_aler,Augathella Rptr AL,-25.8044,146.5894,387.13,1m,1.0,QLD Government,Augathella_2011_Twn_SW_458000_7145000_1K_DEM_1m.tif
augustus_downs_stati,Augustus Downs Stati,-18.5119,139.8534,29.81,1 Second,30.0,Geoscience Australia SRTM,srtm-1sec-dem-v1-COG.tif
avalon_station,Avalon Station,-37.253,144.862,386.0,1 Second,30.0,Geoscience Australia SRTM,srtm-1sec-dem-v1-COG.tif
avalon_wollstonecraft_ave,Avalon (Wollstonecraft Ave),-33.63,151.3291,12.18,1m,1.0,NSW Government,Sydney201105-LID1-AHD_3446276_56_0002_0002_1m.tif
avoca_river_at_charlton_town,Avoca River at Charlton Town,-36.2671,143.3487,132.08,1 Second,30.0,Geoscience Australia SRTM,srtm-1sec-dem-v1-COG.tif
avoca_river_at_logan,Avoca River at Logan,-36.6228,143.471,170.4,1 Second,30.0,Geoscience Australia SRTM,srtm-1sec-dem-v1-COG.tif
avoca_river_at_yawong_weir,Avoca River at Yawong Weir,-36.438,143.298,150.54,1 Second,30.0,Geoscience Australia SRTM,srtm-1sec-dem-v1-COG.tif
avocet_al,Avocet AL,-23.823,148.127,239.1,50cm,0.5,Griffith Uni,Emerald201803-DEM-GRID-50cm_6147364_55_0001_0001.tif
avon_fire_tower,Avon Fire Tower,-34.373,150.61,557.93,1m,1.0,NSW Government,Wollongong201405-LID1-AHD_2806192_56_0002_0002_1m.tif
avon_river_at_stratford,Avon River at Stratford,-37.9686,147.0767,17.49,1 Second,30.0,Geoscience Australia SRTM,srtm-1sec-dem-v1-COG.tif
avon_river_at_the_channel,Avon River at the Channel,-37.80236,146.8855,113.99,1 Second,30.0,Geoscience Australia SRTM,srtm-1sec-dem-v1-COG.tif
awaba_stony_ck,Awaba (Stony Ck),-33.015,151.5397,24.54,1m,1.0,NSW Government,LakeMacquarie201409-LID1-AHD_3626346_56_0002_0002_1m.tif
awoonga_dam_al,Awoonga Dam AL,-24.07,151.322,32.6,1m,1.0,QLD Government,Gladstone_2014_Rgn_SW_329000_7337000_1K_DEM_1m.tif
baerami_the_old_dairy,Baerami (The Old Dairy),-32.379,150.487,167.59,2m,2.0,NSW Government,Merriwa201710-LID2-AHD_2626414_56_0002_0002_2m.tif
bahrs_scrub_alert,Bahrs Scrub AL,-27.7372,153.1894,10.33,1m,1.0,QLD Government,Logan_2017_LGA_SW_518500_6931500_0.5K_DEM_1m.tif
bairds_tm,Bairds Tm,-16.1817,145.2808,59.14,1m,1.0,QLD Government,Cairns_2010_Prj_SW_316000_8210000_1K_DEM_1m.tif
bakers_bend_al,Bakers Bend AL,-26.7053,146.1089,271.32,1m,1.0,QLD Government,Charleville_2011_Twn_SW_411000_7045000_1K_DEM_1m.tif
bakers_creek_al,Bakers Creek AL,-21.216,149.146,9.82,1m,1.0,QLD Government,Mackay_2009_Rgn_SW_722000_7652000_2K_DEM_1m.tif
bakers_road_coffs_harbour,Bakers Road (Coffs Harbour),-30.286,153.09,19.14,1m,1.0,NSW Government,CoffsHarbour201309-LID1-AHD_5086648_56_0002_0002_1m.tif
bald_hill,Bald Hill,-37.032,146.351,1190.18,1 Second,30.0,Geoscience Australia SRTM,srtm-1sec-dem-v1-COG.tif
balgownie_brokers_rd,Balgownie (Brokers Rd),-34.392,150.869,105.96,1m,1.0,NSW Government,Wollongong201304-LID1-AHD_3046192_56_0002_0002_1m.tif
balhannah_gumbooya,Balhannah (Gumbooya),-35.022,138.855,404.28,50cm,0.5,SA Government,MtBarker2021-DEM-GRID-0_5_3046122_54_0001_0001.tif
ball_lkt_al,Ball Lkt AL,-26.456,152.956,111.52,1m,1.0,QLD Government,Sunshine_Coast_2022_LGA_SW_495000_7073000_1k_DEM_1m.tif
ballangarry_bridge,Ballangarry Bridge,-28.4189913,148.812903,180.35,1m,1.0,QLD Government,Nindigully_2012_Twn_SW_677000_6855000_1K_DEM_1m.tif
ballera_jackson_rd,Ballera Jackson Rd,-27.5006,141.9317,71.49,1m,1.0,DCCEEW,CooperBasin2019_DEM_5926957_54_01_001.tif
ballon_al,Ballon AL,-26.4489,150.8925,351.5,1 Second,30.0,Geoscience Australia SRTM,srtm-1sec-dem-v1-COG.tif
balook,Balook,-38.431,146.542,579.32,1 Second,30.0,Geoscience Australia SRTM,srtm-1sec-dem-v1-COG.tif
balquhain,Balquhain,-36.821,145.705,577.33,1 Second,30.0,Geoscience Australia SRTM,srtm-1sec-dem-v1-COG.tif
ban_ban_springs_airstrip,Ban Ban Springs Airstrip,-13.375,131.498,123.0,1 Second,30.0,Geoscience Australia SRTM,srtm-1sec-dem-v1-COG.tif
banana_range_al,Banana Range AL,-24.4486,150.3156,602.34,50cm,0.5,Griffith Uni,Moura201802-DEM-GRID-50cm_2277293_56_0001_0001.tif
banksia_beach_al,Banksia Beach AL,-27.033,153.149,6.82,1m,1.0,QLD Government,MoretonBay_2014_LGA_SW_514000_7009000_1K_DEM_1m.tif
banksia_park,Banksia Park,-34.809,138.723,184.86,50cm,0.5,SA Government,AdelaideMetro2022-DEM-GRID-50cm_2916145_54_0001_0001.tif
baradine_forestry,Baradine Forestry,-30.947,149.065,300.52,5m,5.0,NSW Government,Baradine201106-PHO3-AHD_6966574_55_0002_0002_5m.tif
baralaba,Baralaba,-24.1817,149.81,92.34,1m,1.0,QLD Government,Baralaba_2011_Twn_SW_785000_7322000_1K_DEM_1m.tif
barberton_east,Barberton East,-30.755,116.13,321.3,1 Second,30.0,Geoscience Australia SRTM,srtm-1sec-dem-v1-COG.tif
bardon_detention_basin_al,Bardon (Detention Basin) AL,-27.459,152.966,82.4,1m,1.0,QLD Government,Brisbane_2014_LGA_SW_496000_6962000_1K_DEM_1m.tif
barkly_river_wdr_tm,Barkly River Wdr Tm,-18.2408,139.2658,42.11,1 Second,30.0,Geoscience Australia SRTM,srtm-1sec-dem-v1-COG.tif
barnetts_rd_al,Barnetts Rd AL,-24.518,151.962,6.74,1m,1.0,QLD Government,Gladstone_2009_Ctl_SW_394000_7288000_2K_DEM_1m.tif
barneys_bore_al,Barneys Bore AL,-24.544,145.364,313.29,1 Second,30.0,Geoscience Australia SRTM,srtm-1sec-dem-v1-COG.tif
barngo_xing_al,Barngo Xing AL,-25.028,147.284,548.29,1 Second,30.0,Geoscience Australia SRTM,srtm-1sec-dem-v1-COG.tif
barolin_st_alert,Maryborough St AL,-24.873,152.35,2.46,1m,1.0,QLD Government,Bundaberg_2011_Rgn_SW_434000_7248000_1K_DEM_1m.tif
baroon_boat_ramp_al,Baroon Boat Ramp AL,-26.718,152.872,263.75,1m,1.0,QLD Government,SunshineCoast_2008_LGA_SW_487000_7044000_1K_DEM_1m.tif
baroon_pocket_dam_hw_al,Baroon Pocket Dam HW AL,-26.71,152.879,217.11,1m,1.0,QLD Government,SunshineCoast_2008_LGA_SW_487000_7045000_1K_DEM_1m.tif
barraba_clifton_lane,Barraba (Clifton Lane),-30.378,150.61,500.59,5m,5.0,NSW Government,Cobbadah201210-PHO3-AHD_2706636_56_0002_0002_5m.tif
barraba_mount_lindsay,Barraba (Mount Lindsay),-30.3209,150.2734,889.99,5m,5.0,NSW Government,Horton201209-PHO3-AHD_2366642_56_0002_0002_5m.tif
barrack_st,Barrack St,-31.96,115.857,1.0,1 Second,30.0,Geoscience Australia SRTM,srtm-1sec-dem-v1-COG.tif
barradeen_al,Barradeen AL,-26.0419,146.4292,348.06,1m,1.0,QLD Government,WarregoRivGowrieStation_2013_Prj_SW_442000_7119000_1K_DEM_1m.tif
barratt_creek_tm,Barratt Creek Tm,-16.2626,145.3371,2.31,1m,1.0,QLD Government,Cairns_2010_Prj_SW_322000_8201000_1K_DEM_1m.tif
barrengarry_the_old_school_house,Barrengarry (The Old School House),-34.688,150.53,90.9,1m,1.0,NSW Government,Kiama201610-LID1-AHD_2726158_56_0002_0002_1m.tif
barrington_bonnie_doon_salisbury,Barrington (Bonnie Doon Salisbury),-32.16447,151.53662,313.6,2m,2.0,NSW Government,Dungog201805-LID2-AHD_3626440_56_0002_0002_2m.tif
barta_park_tm,Barta Park Tm,-27.0711,147.8653,357.04,1 Second,30.0,Geoscience Australia SRTM,srtm-1sec-dem-v1-COG.tif
barton_isis_river,Barton (Isis River),-41.862,147.245,164.4,1m,1.0,TAS Government,NorthernMidlands2019-DEM-1m_5205365_GDA2020_55.tif
barwon_river_at_pollocksford,Barwon River at Pollocksford,-38.144,144.187,29.51,1 Second,30.0,Geoscience Australia SRTM,srtm-1sec-dem-v1-COG.tif
barwon_river_at_ricketts_marsh,Barwon River at Ricketts Marsh,-38.304,143.836,104.0,1 Second,30.0,Geoscience Australia SRTM,srtm-1sec-dem-v1-COG.tif
basalt_ck_al,Basalt Creek AL,-24.6325,148.8711,348.71,50cm,0.5,Griffith Uni,Emerald201803-DEM-GRID-50cm_6897274_55_0001_0001.tif
basalt_river_gregor,Basalt River (Gregor,-19.6306,145.7734,295.86,1 Second,30.0,Geoscience Australia SRTM,srtm-1sec-dem-v1-COG.tif
batlow_post_office,Batlow Post Office,-35.52,148.145,786.59,1m,1.0,NSW Government,Yarrangobilly201312-LID1-AHD_6026068_55_0002_0002_1m.tif
battery_ck_tm,Battery Ck Tm,-19.4375,145.8611,296.11,50cm,0.5,Griffith Uni,ChartersTowers201804-DEM-GRID-50cm_3807850_55_0001_0001.tif
bauhinia_downs_al,Bauhinia Downs AL,-24.5617,149.2853,209.86,1m,1.0,QLD Government,Bauhinia_2012_Twn_SW_731000_7281000_1K_DEM_1m.tif
baulkham_hills_eucalyptus_ct,Baulkham Hills Eucalyptus Ct,-33.766,150.982,98.39,1m,1.0,NSW Government,Penrith201906-LID1-AHD_3126260_56_0002_0002_1m.tif
baulkham_hills_swimming_pool,Baulkham Hills (Swimming Pool),-33.744,150.992,95.19,1m,1.0,NSW Government,Penrith202006-LID1-AHD_3126264_56_0002_0002_1m.tif
bawnduggie_al,Bawnduggie AL,-26.16,150.8392,369.41,1 Second,30.0,Geoscience Australia SRTM,srtm-1sec-dem-v1-COG.tif
bayes_rd_al,Bayes Rd AL,-27.698,153.107,7.54,1m,1.0,QLD Government,Logan_2013_LGA_SW_510000_6936000_1K_DEM_1m.tif
beachmere_al,Beachmere AL,-27.137,153.05,1.02,1m,1.0,QLD Government,MoretonBay_2009_LGA_SW_504000_6998000_1K_DEM_1m.tif
beachmere_riversleigh_rd_al,Beachmere (Riversleigh Rd) AL,-27.104,153.007,1.26,1m,1.0,QLD Government,MoretonBay_2014_LGA_SW_500000_7002000_1K_DEM_1m.tif
beachmere_st_smith_rd_al,Beachmere (St Smith Rd) AL,-27.146,153.036,0.53,1m,1.0,QLD Government,MoretonBay_2009_LGA_SW_503000_6997000_1K_DEM_1m.tif
beaconsfield_golflinks_al,Beaconsfield Golflinks AL,-21.0892,149.1658,3.21,1m,1.0,QLD Government,Mackay_2009_Rgn_SW_724000_7666000_2K_DEM_1m.tif
beatty_rd_al,Beatty Rd AL,-27.587,153.009,10.92,1m,1.0,QLD Government,Brisbane_2014_LGA_SW_500000_6948000_1K_DEM_1m.tif
beaumont,Beaumont,-34.954,138.658,214.44,1m,1.0,SA Government,AdelaideMetro2018_DEM_2856125_05_001.tif
bedford_downs_airstrip,Bedford Downs Airstrip,-17.28,127.465,528.0,1 Second,30.0,Geoscience Australia SRTM,srtm-1sec-dem-v1-COG.tif
bedford_weir_tw_aler,Bedford Weir AL,-23.3739,148.8408,131.01,50cm,0.5,Griffith Uni,Emerald201803-DEM-GRID-50cm_6887413_55_0001_0001.tif
bedourie,Bedourie,-24.3597,139.4714,91.59,1 Second,30.0,Geoscience Australia SRTM,srtm-1sec-dem-v1-COG.tif
beechmont_al,Beechmont AL,-28.135,153.189,575.34,1m,1.0,QLD Government,ScenicRim_2011_LGA_SW_518000_6887000_1K_DEM_1m.tif
beerwah_al,Beerwah AL,-26.8664,152.9617,23.56,1m,1.0,QLD Government,SunshineCoast_2014_LGA_SW_496000_7028000_1K_DEM_1m.tif
bega_rd_quarry_al,Bega Rd Quarry AL,-27.667,153.117,10.95,1m,1.0,QLD Government,Logan_2013_LGA_SW_511000_6939000_1K_DEM_1m.tif
belair,Belair,-35.009,138.679,474.97,50cm,0.5,SA Government,AdelaideMetro2022-DEM-GRID-50cm_2886123_54_0001_0001.tif
bellalie_tm,Bellalie Tm,-27.0191,142.9404,150.1,1 Second,30.0,Geoscience Australia SRTM,srtm-1sec-dem-v1-COG.tif
bellbird_park_eugene_st_al,Bellbird Park (Eugene St) AL,-27.633,152.906,14.46,1m,1.0,QLD Government,Ipswich_2023_LGA_SW_490000_6943000_1k_DEM_1m.tif
bellendaine,Bellendaine,-29.288,115.631,215.06,1 Second,30.0,Geoscience Australia SRTM,srtm-1sec-dem-v1-COG.tif
bellevue_bay_al,Bellevue Bay AL,-27.346,152.529,84.0,1 Second,30.0,Geoscience Australia SRTM,srtm-1sec-dem-v1-COG.tif
bellevue_heights,Bellevue Heights,-35.032,138.588,207.29,1m,1.0,SA Government,AdelaideMetro2018_DEM_2756120_05_001.tif
bellingen_bellinger,Bellingen (Bellinger River),-30.4517,152.8983,12.11,50cm,0.5,NSW Gov,Bellinger2024-DEM-AHD-50cm_487404m6621624m_56_0018km_0013km.tif
bellingen_crystal_creek,Bellingen (Crystal Creek),-30.348,152.902,106.25,2m,2.0,NSW Government,Dorrigo201801-LID2-AHD_4906642_56_0002_0002_2m.tif
bellmere_bellmere_rd_tm,Bellmere (Bellmere Rd) TM,-27.0822,152.9305,13.73,1m,1.0,QLD Government,MoretonBay_2009_LGA_SW_493000_7004000_1K_DEM_1m.tif
bells_ck_north_al,Bells Ck North AL,-26.815,153.08,2.66,1m,1.0,QLD Government,Sunshine_Coast_2022_LGA_SW_507000_7034000_1k_DEM_1m.tif
bells_ck_south_al,Bells Ck South AL,-26.832,153.073,1.97,1m,1.0,QLD Government,Sunshine_Coast_2022_LGA_SW_507000_7032000_1k_DEM_1m.tif
bells_creek_al,Bells Creek AL,-21.4051,149.2297,8.16,1m,1.0,QLD Government,Mackay_2009_Rgn_SW_730000_7630000_2K_DEM_1m.tif
belmont_wwtp,Belmont WWTW,-33.0464,151.6711,7.72,1m,1.0,NSW Government,LakeMacquarie201409-LID1-AHD_3746342_56_0002_0002_1m.tif
belowra_belowra_sta,Belowra (ERTS),-36.1975,149.7067,186.55,2m,2.0,NSW Government,Cobargo201804-LID2-AHD_7425990_55_0002_0002_2m.tif
bemboka_the_knob,Bemboka (The Knob),-36.663,149.514,323.94,2m,2.0,NSW Government,Bega201804-LID2-AHD_7245938_55_0002_0002_2m.tif
bemm_river_at_princes_hwy,Bemm River at Princes HWY,-37.6065,148.9017,69.23,1 Second,30.0,Geoscience Australia SRTM,srtm-1sec-dem-v1-COG.tif
ben_bullen_clearview,Ben Bullen (Clearview),-33.225,150.017,940.52,2m,2.0,NSW Government,Bathurst201510-LID2-AHD_7806318_55_0002_0002_2m.tif
ben_lomond_beulah,Ben Lomond (Beulah),-29.9594,151.605,1468.87,5m,5.0,NSW Government,GlenInnes201712-PHO3-AHD_3646684_56_0002_0002_5m.tif
ben_nevis,Ben Nevis,-37.228,143.201,856.87,1 Second,30.0,Geoscience Australia SRTM,srtm-1sec-dem-v1-COG.tif
benaraby_al,Benaraby AL,-24.028,151.339,4.36,1m,1.0,QLD Government,Gladstone_2009_Rgn_SW_330000_7340000_2K_DEM_1m.tif
bendemeer_bonna,Bendemeer (Bonna),-30.883,151.162,861.67,5m,5.0,NSW Government,Bendemeer201111-PHO3-AHD_3246580_56_0002_0002_5m.tif
bendethera,Bendethera,-35.95,149.75,330.17,2m,2.0,NSW Government,Araluen201804-LID2-AHD_7486018_55_0002_0002_2m.tif
bendoba_tm,Bendoba TM,-25.96,148.3867,445.67,50cm,0.5,Griffith Uni,Roma201810-DEM-GRID-50cm_6387128_55_0001_0001.tif
bennetts_road_coffs_harbour,Bennetts Road (Coffs Harbour),-30.287,153.08,23.16,1m,1.0,NSW Government,CoffsHarbour201309-LID1-AHD_5066648_56_0002_0002_1m.tif
berring,Berring,-31.304,116.902,256.17,1 Second,30.0,Geoscience Australia SRTM,srtm-1sec-dem-v1-COG.tif
berrys_lagoon_al,Berrys Lagoon AL,-27.6422,152.7431,21.59,1m,1.0,QLD Government,Ipswich_2014_LGA_SW_474000_6942000_1K_DEM_1m.tif
berrys_lagoon_al_b,Berrys Lagoon AL-B,-27.644,152.745,21.36,1m,1.0,QLD Government,Ipswich_2014_LGA_SW_474000_6942000_1K_DEM_1m.tif
betanga_al,Betanga AL,-23.6889,146.3425,489.99,1 Second,30.0,Geoscience Australia SRTM,srtm-1sec-dem-v1-COG.tif
bettowynd_condry,Bettowynd (Condry),-35.7011,149.7896,154.12,2m,2.0,NSW Government,Araluen201804-LID2-AHD_7526044_55_0002_0002_2m.tif
bettowynd_nobbys_hill,Bettowynd (Nobbys Hill),-35.756,149.815,240.91,2m,2.0,NSW Government,Araluen201804-LID2-AHD_7546038_55_0002_0002_2m.tif
beverley,Beverley,-32.108,116.925,204.03,1 Second,30.0,Geoscience Australia SRTM,srtm-1sec-dem-v1-COG.tif
bickley,Bickley,-32.008,116.137,382.24,1 Second,30.0,Geoscience Australia SRTM,srtm-1sec-dem-v1-COG.tif
biddenham_al,Biddenham AL,-25.8033,146.4253,357.05,1 Second,30.0,Geoscience Australia SRTM,srtm-1sec-dem-v1-COG.tif
biddenham_tm,Biddenham TM,-25.804,146.424,358.99,1 Second,30.0,Geoscience Australia SRTM,srtm-1sec-dem-v1-COG.tif
bidwell_alert,Bidwell AL,-25.6342,152.6806,7.19,1m,1.0,QLD Government,Fraser_coast_2022_LGA_SW_467000_7164000_1k_DEM_1m.tif
big_ben_lane_comms_facility,Big Ben Lane (Comms Facility),-36.40591,146.9412,1151.85,1 Second,30.0,Geoscience Australia SRTM,srtm-1sec-dem-v1-COG.tif
big_dipper,Big Dipper,-23.64799,133.86403,625.0,1 Second,30.0,Geoscience Australia SRTM,srtm-1sec-dem-v1-COG.tif
big_hill_glen_dusk,Big Hill (Glen Dusk),-34.569,149.996,661.12,5m,5.0,NSW Government,Goulburn201312-PHO3-AHD_7746170_55_0002_0002_5m.tif
big_hill_longview,Big Hill (Longview),-34.5299,149.997,727.75,2m,2.0,NSW Government,MossVale201805-LID2-AHD_2246174_56_0002_0002_2m.tif
biggenden_al,Biggenden AL,-25.5122,152.0389,136.04,50cm,0.5,Griffith Uni,Bundaberg201801-DEM-GRID-50cm_4037177_56_0001_0001.tif
biggera_ck_dam_al,Biggera Ck Dam AL,-27.9486,153.3828,4.57,1m,1.0,QLD Government,GoldCoast_2009_LGA_SW_537000_6908000_1K_DEM_1m.tif
biggs_flat,Biggs Flat,-35.063,138.763,307.81,50cm,0.5,SA Government,MtBarker2021-DEM-GRID-0_5_2966117_54_0001_0001.tif
bill_gunn_dam_al,Bill Gunn Dam AL,-27.6317,152.3794,109.19,1m,1.0,QLD Government,Lockyer_Valley_2022_LGA_SW_438000_6943000_1k_DEM_1m.tif
billabalong_al,Billabalong AL,-25.1329,148.5929,379.75,1 Second,30.0,Geoscience Australia SRTM,srtm-1sec-dem-v1-COG.tif
billaboo_al,Billaboo AL,-23.589,147.322,761.87,1 Second,30.0,Geoscience Australia SRTM,srtm-1sec-dem-v1-COG.tif
biloela_al,Biloela AL,-24.435,150.541,180.51,1m,1.0,QLD Government,BiloelaThangool_2011_Twn_SW_250000_7295000_1K_DEM_1m.tif
bilpin_fern_grove,Bilpin (Fern Grove),-33.499,150.518,601.99,1m,1.0,NSW Government,StAlbans201610-LID1-AHD_2686290_56_0002_0002_1m.tif
bindi_bindi_north,Bindi Bindi North,-30.622,116.38,312.55,1 Second,30.0,Geoscience Australia SRTM,srtm-1sec-dem-v1-COG.tif
bingara_keera,Bingara (Keera),-29.994,150.781,320.63,5m,5.0,NSW Government,Cobbadah201210-PHO3-AHD_2846678_56_0002_0002_5m.tif
bingegang_weir_al,Bingegang Weir AL,-23.0733,149.035,108.99,50cm,0.5,Griffith Uni,Emerald201305-DEM-GRID-50cm_7087446_55_0001_0001.tif
binna_burra_al,Binna Burra AL,-28.201,153.187,764.23,1m,1.0,QLD Government,GoldCoast_2009_LGA_SW_518000_6880000_1K_DEM_1m.tif
binnowee_al,Binnowee AL,-26.4842,146.0861,281.39,1m,1.0,QLD Government,Charleville_2011_Twn_SW_408000_7070000_1K_DEM_1m.tif
birdsville_police_st,Birdsville Police St,-25.9003,139.3492,46.69,1m,1.0,QLD Government,Birdsville_2013_Twn_SW_334000_7134000_1K_DEM_1m.tif
birralee_creek,Birralee Creek,-42.305,147.571,390.48,1m,1.0,TAS Government,CentralMidlands2019-DEM-1m_5475316_GDA2020_55.tif
birrimba,Birrimba,-16.3494295,132.1290314,234.18,1 Second,30.0,Geoscience Australia SRTM,srtm-1sec-dem-v1-COG.tif
black_hill,Black Hill,-34.876,138.71,194.55,50cm,0.5,SA Government,AdelaideMetro2022-DEM-GRID-50cm_2906138_54_0001_0001.tif
black_pinch_road_al,Black Pinch Road AL,-26.3125,152.8917,165.15,1m,1.0,QLD Government,SunshineCoast_2008_LGA_SW_489000_7089000_1K_DEM_1m.tif
black_range_creek_at_trout_farm,Black Range Creek at Trout Farm,-36.748,146.536,443.38,1 Second,30.0,Geoscience Australia SRTM,srtm-1sec-dem-v1-COG.tif
black_range_grandview_lane,Black Range (Grandview Lane),-36.727,149.843,254.31,1m,1.0,NSW Government,Bega201303-LID1-AHD_7525930_55_0002_0002_1m.tif
black_swamp_alert,Black Swamp Ck AL,-25.3756,152.7683,2.82,1m,1.0,QLD Government,HerveyBay_2015_Rgn_SW_476000_7193000_1K_DEM_1m.tif
blackall_al,Blackall AL,-24.4267,145.4583,280.27,1m,1.0,QLD Government,Blackall_2011_Twn_SW_343000_7297000_1K_DEM_1m.tif
blackbutt_al,Blackbutt AL,-26.886,152.102,436.55,1m,1.0,QLD Government,Blackbutt_2012_Twn_SW_410000_7025000_1K_DEM_1m.tif
blackdown_tableland_al,Blackdown Tableland AL,-23.774,149.117,948.64,1 Second,30.0,Geoscience Australia SRTM,srtm-1sec-dem-v1-COG.tif
blackheath_wombat_street,Blackheath (Wombat Street),-33.63,150.28,1060.85,1m,1.0,NSW Government,Katoomba201904-LID1-AHD_2466274_56_0002_0002_1m.tif
blacksmiths,Blacksmiths,-33.083,151.651,0.51,1m,1.0,NSW Government,LakeMacquarie201409-LID1-AHD_3746338_56_0002_0002_1m.tif
blacktown_creek_int_peace_park,Blacktown Creek (Int. Peace Park),-33.773,150.926,38.28,1m,1.0,NSW Government,Penrith201304-LID1-AHD_3066260_56_0002_0002_1m.tif
blacktown_dog_pound,Blacktown (Dog Pound),-33.801,150.902,75.94,1m,1.0,NSW Government,Penrith201906-LID1-AHD_3046256_56_0002_0002_1m.tif
blackville_post_office,Blackville Post Office,-31.64,150.236,412.72,1m,1.0,NSW Government,UpperNamoiSouth_202304_LID1_AHD_1m_1km_56_2376496.tif
blanket_hill,Blanket Hill,-37.84,146.688,253.0,1 Second,30.0,Geoscience Australia SRTM,srtm-1sec-dem-v1-COG.tif
blayney_orange_road,Blayney (Orange Road),-33.528,149.245,878.16,1m,1.0,NSW Government,Blayney201704-LID1-AHD_7086286_55_0002_0002_1m.tif
bli_bli_al,Bli Bli AL,-26.6336,153.0386,2.79,1m,1.0,QLD Government,Sunshine_Coast_2022_LGA_SW_503000_7054000_1k_DEM_1m.tif
bloomfield_park_everton,Bloomfield Park (Everton),-36.419,146.557,218.0,1 Second,30.0,Geoscience Australia SRTM,srtm-1sec-dem-v1-COG.tif
bloomfield_river_bridge_tm,Bloomfield River Bridge TM,-15.951554,145.320164,0.48,50cm,0.5,Griffith Uni,Cooktown201808-DEM-GRID-50cm_3208235_55_0001_0001.tif
blue_bush_creek,Blue Bush Creek,-23.21284,142.8654,220.0,1 Second,30.0,Geoscience Australia SRTM,srtm-1sec-dem-v1-COG.tif
bluff_al,Bluff AL,-23.5903,149.0569,225.27,1m,1.0,QLD Government,Bluff_2011_Twn_SW_709000_7389000_1K_DEM_1m.tif
boambee_reservoir_coffs_harbour,Boambee Reservoir (Coffs Harbour),-30.356,153.104,45.4,1m,1.0,NSW Government,CoffsHarbour201309-LID1-AHD_5086640_56_0002_0002_1m.tif
boat_mountain_al,Boat Mountain AL,-26.9789,152.2847,125.81,1 Second,30.0,Geoscience Australia SRTM,srtm-1sec-dem-v1-COG.tif
bodalla_post_office,Bodalla Post Office,-36.088,150.051,42.28,1m,1.0,NSW Government,Narooma201108-LID1-AHD_2346002_56_0002_0002_1m.tif
boddington_north,Boddington North,-32.7786,116.4803,212.86,1 Second,30.0,Geoscience Australia SRTM,srtm-1sec-dem-v1-COG.tif
bogarella_crossing_a,Bogarella Xing AL,-25.3381,147.1006,477.03,1 Second,30.0,Geoscience Australia SRTM,srtm-1sec-dem-v1-COG.tif
boggy_ck_at_angleside,Boggy Ck at Angleside,-36.6083,146.3583,189.0,1 Second,30.0,Geoscience Australia SRTM,srtm-1sec-dem-v1-COG.tif
boggy_creek_at_bullumwaal,Boggy Creek at Bullumwaal,-37.678,147.55,190.52,1 Second,30.0,Geoscience Australia SRTM,srtm-1sec-dem-v1-COG.tif
bolgart_bin,Bolgart Bin,-31.275,116.507,230.91,1 Second,30.0,Geoscience Australia SRTM,srtm-1sec-dem-v1-COG.tif
bollon_mary_st,Bollon (Mary St),-28.0331,147.4795,182.24,1m,1.0,QLD Government,Bollon_2011_Twn_SW_547000_6899000_1K_DEM_1m.tif
bond_springs,Bond Springs,-23.54165,133.94661,701.0,1 Second,30.0,Geoscience Australia SRTM,srtm-1sec-dem-v1-COG.tif
bond_springs_turnoff,Bond Springs Turnoff,-23.57705,133.8791,707.0,1 Second,30.0,Geoscience Australia SRTM,srtm-1sec-dem-v1-COG.tif
bonella_al,Bonella AL,-26.2387,145.8924,302.0,1 Second,30.0,Geoscience Australia SRTM,srtm-1sec-dem-v1-COG.tif
bonfield_al,Bonfield AL,-26.166,146.95,407.99,1 Second,30.0,Geoscience Australia SRTM,srtm-1sec-dem-v1-COG.tif
bonogin_al,Bonogin AL,-28.109,153.364,32.18,1m,1.0,QLD Government,GoldCoast_2014_LGA_SW_535000_6890000_1K_DEM_1m.tif
bonogin_ck_hardys_rd_al,Bonogin Ck (Hardys Rd) AL,-28.113,153.363,19.67,1m,1.0,QLD Government,GoldCoast_2014_LGA_SW_535000_6890000_1K_DEM_1m.tif
bonogin_parkmeadows_crt_al,Bonogin (Parkmeadows Crt) AL,-28.1364,153.3476,42.45,1m,1.0,QLD Government,GoldCoast_2014_LGA_SW_534000_6887000_1K_DEM_1m.tif
boobegan_ck_lock_al,Boobegan Ck Lock AL,-28.0383,153.3917,3.42,1m,1.0,QLD Government,GoldCoast_2014_LGA_SW_538000_6898000_1K_DEM_1m.tif
boolaroo_tops_al,Boolaroo Tops AL,-24.393,151.035,874.05,1 Second,30.0,Geoscience Australia SRTM,srtm-1sec-dem-v1-COG.tif
booligal_yarto_comparison,Booligal (Yarto) Comparison,-33.516,144.7651,97.54,5m,5.0,NSW Government,Booligal201310-PHO3-AHD_2926288_55_0002_0002_5m.tif
boonah,Boonah,-38.441,143.977,402.1,1 Second,30.0,Geoscience Australia SRTM,srtm-1sec-dem-v1-COG.tif
boonanghi,Boonanghi,-31.043,152.572,569.68,2m,2.0,NSW Government,Kempsey201707-LID2-AHD_4586564_56_0002_0002_2m.tif
boondooma_hw_al,Boondooma Dam HW AL,-26.0956,151.4339,281.0,1 Second,30.0,Geoscience Australia SRTM,srtm-1sec-dem-v1-COG.tif
boondoon_tm,Boondoon Tm,-25.702,145.1291,363.38,1 Second,30.0,Geoscience Australia SRTM,srtm-1sec-dem-v1-COG.tif
booral_road_alert,Booral Rd AL,-25.3439,152.8269,4.53,1m,1.0,QLD Government,FraserCoast_2009_Ctl_SW_482000_7196000_1K_DEM_1m.tif
booroola,Booroola,-36.942,145.292,308.0,1 Second,30.0,Geoscience Australia SRTM,srtm-1sec-dem-v1-COG.tif
booroopki_comparison,Booroopki Comparison,-36.814149,141.260016,134.32,1 Second,30.0,Geoscience Australia SRTM,srtm-1sec-dem-v1-COG.tif
boreen_point_al,Boreen Point AL,-26.2858,152.9964,3.52,1m,1.0,QLD Government,SunshineCoast_2008_LGA_SW_499000_7092000_1K_DEM_1m.tif
borenore_lyden_brae,Borenore (Lyden Brae),-33.2542,148.9753,811.31,5m,5.0,NSW Government,Molong201308-PHO3-AHD_6846318_55_0002_0002_5m.tif
borilla_ck_al,Borilla Ck AL,-23.70508,147.80207,217.32,1 Second,30.0,Geoscience Australia SRTM,srtm-1sec-dem-v1-COG.tif
bororen_reedbed_rd_al,Bororen (Reedbed Rd) AL,-24.305128,151.473326,91.1,1m,1.0,QLD Government,Gladstone_2009_Rgn_SW_344000_7310000_2K_DEM_1m.tif
borumba_dam_hw_al,Borumba Dam HW AL,-26.508,152.583,149.49,1 Second,30.0,Geoscience Australia SRTM,srtm-1sec-dem-v1-COG.tif
bouldercombe_alert,Bouldercombe Alert,-23.6036,150.4568,340.68,50cm,0.5,Griffith Uni,Rockhampton201305-DEM-GRID-50cm_2407387_56_0001_0001.tif
bowen_hills_al,Bowen Hills AL,-27.4436,153.0328,-0.37,1m,1.0,QLD Government,Brisbane_2009_LGA_SW_503000_6964000_1K_DEM_1m.tif
bowning_wanganui,Bowning (Wanganui),-34.761,148.826,568.92,5m,5.0,NSW Government,Yass201411-PHO3-AHD_6666150_55_0002_0002_5m.tif
bowra_sugarloaf,Bowra Sugarloaf,-30.662,152.653,877.52,2m,2.0,NSW Government,Macksville201707-LID2-AHD_4666606_56_0002_0002_2m.tif
bowral_orchard_st,Bowral (Orchard St),-34.488,150.401,685.87,1m,1.0,NSW Government,Burragorang201405-LID1-AHD_2606180_56_0002_0002_1m.tif
bowraville_lanes_bri,Bowraville Lanes Bri,-30.6433,152.855,18.81,1m,1.0,NSW Government,Macksville200912-LID1-AHD_4866608_56_0002_0002_1m.tif
bowraville_wtp,Bowraville WTP,-30.6428,152.8567,2.95,1m,1.0,NSW Government,Macksville200912-LID1-AHD_4866608_56_0002_0002_1m.tif
box_hill_mccall_gardens,Box Hill (McCall Gardens),-33.6542,150.8931,47.49,1m,1.0,NSW Government,Penrith201705-LID1-AHD_3046274_56_0002_0002_1m.tif
boyanup_north,Boyanup North,-33.479,115.7377,40.0,1 Second,30.0,Geoscience Australia SRTM,srtm-1sec-dem-v1-COG.tif
boyne_island_al,Boyne Island AL,-23.957,151.358,1.28,1m,1.0,QLD Government,Gladstone_2009_Ctl_SW_332000_7348000_2K_DEM_1m.tif
bracken_ridge_res_al,Bracken Ridge Res AL,-27.323,153.031,43.73,1m,1.0,QLD Government,Moreton_Bay_2018_LGA_SW_503000_6977000_1k_DEM_1m.tif
bray_street_coffs_harbour,Bray Street (Coffs Harbour),-30.282,153.122,6.61,1m,1.0,NSW Government,CoffsHarbour201309-LID1-AHD_5106648_56_0002_0002_1m.tif
brays_creek_misty_mountain,Brays Creek (Misty mountain),-28.394,153.193,69.05,1m,1.0,CSIRO and NEMA,RichmondRiver2023-DEM-AHD-1m_5186859_56_0001_0001.tif
brdley_ck_core,BRdley Ck (Core,-20.6863,145.9473,276.64,1 Second,30.0,Geoscience Australia SRTM,srtm-1sec-dem-v1-COG.tif
brdmere_al,Broadmere AL,-25.5686,149.4142,435.28,1 Second,30.0,Geoscience Australia SRTM,srtm-1sec-dem-v1-COG.tif
brdwater_tm,BRdwater Tm,-18.0797,141.1331,13.92,1 Second,30.0,Geoscience Australia SRTM,srtm-1sec-dem-v1-COG.tif
breakfast_ck_mouth_al,Breakfast Ck Mouth AL,-27.443,153.046,5.36,1m,1.0,QLD Government,Brisbane_2019_Prj_SW_504000_6964000_1k_DEM_1m.tif
brennans_knob_tm,Brennans Knob Tm,-18.4571,142.5626,200.0,1 Second,30.0,Geoscience Australia SRTM,srtm-1sec-dem-v1-COG.tif
bribie_island_al,Bribie Island AL,-27.0786,153.1808,5.07,1m,1.0,QLD Government,Moreton_Bay_2018_LGA_SW_517000_7004000_1k_DEM_1m.tif
brickfields_creek,Brickfields Creek,-33.808,151.009,9.47,1m,1.0,NSW Government,Sydney201906-LID1-AHD_3146256_56_0002_0002_1m.tif
briens_rd_toongabbie_ck,Briens Rd (Toongabbie Ck),-33.8,150.981,12.98,1m,1.0,NSW Government,Penrith201304-LID1-AHD_3126258_56_0002_0002_1m.tif
brighton,Brighton,-35.017,138.53,14.69,1m,1.0,SA Government,AdelaideMetro2018_DEM_2706120_05_001.tif
brighton_queens_pde_al,Brighton (Queens Pde) AL,-27.2989,153.0558,2.03,1m,1.0,QLD Government,Brisbane_2009_LGA_SW_505000_6980000_1K_DEM_1m.tif
brigooda_al,Brigooda AL,-26.254,151.409,398.07,50cm,0.5,Griffith Uni,Kingaroy201211-DEM-GRID-50cm_3417095_56_0001_0001.tif
brindabella_koolami,Brindabella (Koolami),-35.388,148.748,639.9,2m,2.0,NSW Government,Brindabella201802-LID2-AHD_6586082_55_0002_0002_2m.tif
bringelly_maryland,Bringelly (Maryland),-33.973,150.722,112.73,1m,1.0,NSW Government,Penrith201102-LID1-AHD_2886238_56_0002_0002_1m.tif
brisbane_bar_tide_tm,Brisbane Bar Tide TM,-27.3608,153.1719,-1.29,1m,1.0,QLD Government,Brisbane_2014_LGA_SW_517000_6973000_1K_DEM_1m.tif
brisbane_port_office_al,Brisbane Port Office AL,-27.4717,153.0308,5.22,1m,1.0,QLD Government,Brisbane_2014_LGA_SW_503000_6961000_1K_DEM_1m.tif
broadmeadow,Broadmeadow,-32.921,151.73,7.25,1m,1.0,NSW Government,Newcastle201409-LID1-AHD_3806356_56_0002_0002_1m.tif
broadwater_creek_alert_tbrg_relocation,Broadwater Creek Alert TBRG Relocation,-28.59599,151.87687,832.27,1m,1.0,QLD Government,TheSummittoDalveen_2013_Prj_SW_390000_6836000_1K_DEM_1m.tif
broke_harrowby,Broke (Harrowby),-32.7667,151.0872,81.77,1m,1.0,NSW Government,Cessnock201110-LID1-AHD_3206372_56_0002_0002_1m.tif
broken_back_cedar_c,Broken Back (Cedar Creek),-32.827,151.151,477.67,1m,1.0,NSW Government,Cessnock201409-LID1-AHD_3266366_56_0002_0002_1m.tif
broken_creek_at_larissa_road,Broken Creek at Larissa Road,-36.0988,145.593,116.89,1 Second,30.0,Geoscience Australia SRTM,srtm-1sec-dem-v1-COG.tif
broken_creek_at_numurkah,Broken Creek at Numurkah,-36.095,145.442,110.09,1 Second,30.0,Geoscience Australia SRTM,srtm-1sec-dem-v1-COG.tif
broken_creek_at_school_road,Broken Creek at School Road,-36.145,145.796,118.92,1 Second,30.0,Geoscience Australia SRTM,srtm-1sec-dem-v1-COG.tif
broken_r_d_s_back_ck_junction,Broken R D/S Back Ck Junction,-36.8,146.017,236.0,1 Second,30.0,Geoscience Australia SRTM,srtm-1sec-dem-v1-COG.tif
broken_river_at_benalla,Broken River at Benalla,-36.555,145.978,170.65,1 Second,30.0,Geoscience Australia SRTM,srtm-1sec-dem-v1-COG.tif
broken_river_at_orrvale,Broken River at Orrvale,-36.433,145.445,117.84,1 Second,30.0,Geoscience Australia SRTM,srtm-1sec-dem-v1-COG.tif
broken_river_d_s_bridge_creek,Broken River D/S Bridge Creek,-36.978,146.104,340.0,1 Second,30.0,Geoscience Australia SRTM,srtm-1sec-dem-v1-COG.tif
broken_weir,Broken Weir,-36.617,145.969,187.0,1 Second,30.0,Geoscience Australia SRTM,srtm-1sec-dem-v1-COG.tif
bromelton_dam_al,Bromelton Dam AL,-27.942,152.959,43.51,1m,1.0,QLD Government,Logan_2009_LGA_SW_495000_6909000_1K_DEM_1m.tif
brookong_al,Brookong AL,-23.05539,148.04355,222.6,1m,1.0,QLD Government,Capella_2012_Twn_SW_606000_7449000_1K_DEM_1m.tif
brookton,Brookton,-32.3735,117.0072,250.86,1 Second,30.0,Geoscience Australia SRTM,srtm-1sec-dem-v1-COG.tif
brookville,Brookville,-37.3224,147.6209,759.0,1 Second,30.0,Geoscience Australia SRTM,srtm-1sec-dem-v1-COG.tif
brooman_carisbrook,Brooman (Carisbrook),-35.441,150.286,125.89,2m,2.0,NSW Government,Ulladulla201804-LID2-AHD_2526074_56_0002_0002_2m.tif
brooweena_tm,Brooweena TM,-25.6022,152.2603,99.7,1m,1.0,QLD Government,Fraser_coast_2022_LGA_SW_425000_7168000_1k_DEM_1m.tif
broughton_creek,Broughton Creek,-34.789,150.708,10.79,1m,1.0,NSW Government,Kiama201103-LID1-AHD_2906146_56_0002_0002_1m.tif
broughtons_pass_cataract_river,Broughtons Pass (Cataract River),-34.23,150.743,131.76,1m,1.0,NSW Government,Wollongong201102-LID1-AHD_2926210_56_0002_0002_1m.tif
brovinia_al,Brovinia AL,-25.9381,151.0203,252.55,1 Second,30.0,Geoscience Australia SRTM,srtm-1sec-dem-v1-COG.tif
browns_creek_rd_al,Browns Creek Rd AL,-27.194,152.917,52.57,1m,1.0,QLD Government,MoretonBay_2014_LGA_SW_491000_6992000_1K_DEM_1m.tif
bruces_bridge_styx_river,Bruces Bridge (Styx River),-42.818,146.618,323.0,1m,1.0,TAS Government,CentralAndSouth2013-DEM-1m_4685259_55.tif
brungle_bonnie_doon,Brungle (Bonnie Doon),-35.169,148.231,265.58,2m,2.0,NSW Government,Tumut201702-LID2-AHD_6126106_55_0002_0002_2m.tif
brunswick_heads_brunswick_river,Brunswick Heads (Brunswick River),-28.5383,153.5517,-0.09,1m,1.0,NSW Government,Ballina201008-LID1-AHD_5526842_56_0002_0002_1m.tif
bryah,Bryah,-25.5067,118.7933,527.69,1 Second,30.0,Geoscience Australia SRTM,srtm-1sec-dem-v1-COG.tif
bryden_al,Bryden AL,-27.243,152.568,92.0,1 Second,30.0,Geoscience Australia SRTM,srtm-1sec-dem-v1-COG.tif
buaraba_al,Buaraba AL,-27.406,152.382,118.88,1m,1.0,QLD Government,LockyerValley_2015_Prj_SW_438000_6968000_1K_DEM_1m.tif
bucca_weir_al,Bucca Weir AL,-24.8592,152.0717,27.73,1m,1.0,QLD Government,Bundaberg_2016_Rgn_SW_406000_7250000_1K_DEM_1m.tif
buchan_river_at_buchan,Buchan River at Buchan,-37.4975,148.1719,109.27,1 Second,30.0,Geoscience Australia SRTM,srtm-1sec-dem-v1-COG.tif
buchanans_road_coffs_harbour,Buchanans Road (Coffs Harbour),-30.295,153.088,67.23,1m,1.0,NSW Government,CoffsHarbour_202306_LID1_AHD_1m_1km_56_5086648.tif
bucketty,Bucketty,-33.104,151.1369,253.51,1m,1.0,NSW Government,Gosford201409-LID1-AHD_3266334_56_0002_0002_1m.tif
buckland_brockley_road,Buckland (Brockley Road),-42.579,147.783,75.79,1m,1.0,TAS Government,EastCoast2020-DEM-1m_5645285_GDA2020_55.tif
buckland_river_harris_lane,Buckland River @ Harris Lane,-36.723,146.88,296.02,1 Second,30.0,Geoscience Australia SRTM,srtm-1sec-dem-v1-COG.tif
bucklands_tm,Bucklands Tm,-17.3833,145.9667,7.12,50cm,0.5,Griffith Uni,Innisfail201807-DEM-GRID-50cm_3908077_55_0001_0001.tif
buderim_al,Buderim AL,-26.685046,153.080452,51.16,1m,1.0,QLD Government,Sunshine_Coast_2022_LGA_SW_508000_7048000_1k_DEM_1m.tif
buffalo_river_d_s_lake_buffalo,Buffalo River D/S Lake Buffalo,-36.7167,146.6667,271.99,1 Second,30.0,Geoscience Australia SRTM,srtm-1sec-dem-v1-COG.tif
buffalo_river_ds_rose_river_junction,Buffalo River DS Rose River Junction,-36.795,146.665,283.51,1 Second,30.0,Geoscience Australia SRTM,srtm-1sec-dem-v1-COG.tif
bukkulla_rfs,Bukkulla (RFS),-29.505,151.129,580.5,5m,5.0,NSW Government,Inverell201110-PHO3-AHD_3186734_56_0002_0002_5m.tif
bulahdelah_myall_river,Bulahdelah (Myall River),-32.413,152.207,8.18,1m,1.0,NSW Government,Bulahdelah201306-LID1-AHD_4246412_56_0002_0002_1m.tif
bulburin_al,Bulburin AL,-24.51,151.459,554.47,1 Second,30.0,Geoscience Australia SRTM,srtm-1sec-dem-v1-COG.tif
buldah,Buldah,-37.2653,149.1457,371.0,1 Second,30.0,Geoscience Australia SRTM,srtm-1sec-dem-v1-COG.tif
bulimba_al,Bulimba AL,-27.4536,153.0619,3.96,1m,1.0,QLD Government,Brisbane_2019_Prj_SW_506000_6963000_1k_DEM_1m.tif
bullardoo_tbrg,Bullardoo TBRG,-27.855642,115.67158,298.13,1 Second,30.0,Geoscience Australia SRTM,srtm-1sec-dem-v1-COG.tif
bulyee,Bulyee,-32.376,117.513,261.59,1 Second,30.0,Geoscience Australia SRTM,srtm-1sec-dem-v1-COG.tif
bumbulla,Bumbulla,-34.734,150.135,670.86,2m,2.0,NSW Government,MossVale201805-LID2-AHD_2366152_56_0002_0002_2m.tif
bundaberg_al,Bundaberg AL,-24.864,152.35,9.37,50cm,0.5,Griffith Uni,Bundaberg201801-DEM-GRID-50cm_4347249_56_0001_0001.tif
bundaberg_south_alert,Bundaberg South AL,-24.8736,152.3636,4.62,1m,1.0,QLD Government,Bundaberg_2016_Rgn_SW_435000_7248000_1K_DEM_1m.tif
bundarra_granite_heights,Bundarra (Granite Heights),-30.335,150.934,878.02,5m,5.0,NSW Government,Cobbadah201210-PHO3-AHD_3006642_56_0002_0002_5m.tif
bundarra_post_office,Bundarra Post Office,-30.171,151.076,655.09,5m,5.0,NSW Government,Bundarra201210-PHO3-AHD_3146660_56_0002_0002_5m.tif
bundilla_al,Bundilla AL,-26.703,153.1,3.6,1m,1.0,QLD Government,SunshineCoast_2008_LGA_SW_509000_7046000_1K_DEM_1m.tif
bungaban_tm,Bungaban TM,-25.8986,150.1297,252.99,50cm,0.5,Griffith Uni,Taroom201810-DEM-GRID-50cm_2127132_56_0001_0001.tif
bungendore,Bungendore,-32.189,116.056,202.68,1 Second,30.0,Geoscience Australia SRTM,srtm-1sec-dem-v1-COG.tif
bungwahl,Bungwahl,-32.375,152.381,39.45,1m,1.0,NSW Government,Bulahdelah201306-LID1-AHD_4406416_56_0002_0002_1m.tif
bunnan_milhaven,Bunnan (Milhaven),-32.033,150.584,251.75,2m,2.0,NSW Government,Muswellbrook201711-LID2-AHD_2706452_56_0002_0002_2m.tif
burbank_al,Burbank AL,-27.558,153.158,19.18,1m,1.0,QLD Government,Brisbane_2014_LGA_SW_515000_6951000_1K_DEM_1m.tif
burbong_molonglo_river,Burbong (Molonglo River),-35.333,149.317,691.77,1m,1.0,ACT Government,ACT2020_DEM_7106087_55_01_001.tif
burdekin_dam_al,Burdekin Dam AL,-20.6467,147.1372,159.0,1 Second,30.0,Geoscience Australia SRTM,srtm-1sec-dem-v1-COG.tif
burdekin_dam_repeater_alert,Burdekin Dam Repeater,-20.6414,147.1483,241.19,50cm,0.5,Griffith Uni,Proserpine201311-DEM-GRID-50cm_5157717_55_0001_0001.tif
burdekin_falls_dam_hw_alert,Burdekin Falls Dam HW Alert,-20.6407,147.1412,190.26,50cm,0.5,Griffith Uni,Proserpine201311-DEM-GRID-50cm_5147717_55_0001_0001.tif
burleigh_tm,Burleigh Tm,-19.9447,143.1733,326.96,1 Second,30.0,Geoscience Australia SRTM,srtm-1sec-dem-v1-COG.tif
burleigh_waters_al,Burleigh Waters AL,-28.0792,153.4319,2.45,1m,1.0,QLD Government,GoldCoast_2014_LGA_SW_542000_6893000_1K_DEM_1m.tif
burnside,Burnside,-34.939,138.661,126.76,50cm,0.5,SA Government,AdelaideMetro2022-DEM-GRID-50cm_2866131_54_0001_0001.tif
burnt_creek_at_wonwondah_east,Burnt Creek at Wonwondah East,-36.883,142.233,161.29,1 Second,30.0,Geoscience Australia SRTM,srtm-1sec-dem-v1-COG.tif
burpengary_ck_morayfield_rd_tm,Burpengary Ck (Morayfield Rd) TM,-27.152288,152.977011,6.61,1m,1.0,QLD Government,MoretonBay_2014_LGA_SW_497000_6996000_1K_DEM_1m.tif
burpengary_dale_st_al,Burpengary (Dale St) AL,-27.148,152.962,10.71,1m,1.0,QLD Government,Moreton_Bay_2018_LGA_SW_496000_6997000_1k_DEM_1m.tif
burpengary_mathew_cr_al,Burpengary (Mathew Cr) AL,-27.165,152.941,19.37,1m,1.0,QLD Government,MoretonBay_2009_LGA_SW_494000_6995000_1K_DEM_1m.tif
burpengary_new_settlement_rd_tm,Burpengary (New Settlement Rd) TM,-27.1779,152.966,20.89,1m,1.0,QLD Government,MoretonBay_2009_LGA_SW_496000_6993000_1K_DEM_1m.tif
burpengary_rowley_rd_al,Burpengary (Rowley Rd) AL,-27.1642,152.9375,20.75,1m,1.0,QLD Government,MoretonBay_2009_LGA_SW_493000_6995000_1K_DEM_1m.tif
burra_burra_creek,Burra (Burra Creek),-35.545,149.227,742.34,1m,1.0,ACT Government,ACT2015_4ppm_7006064_55_0002_0002_1m.tif
burrill_lake,Burrill Lake,-35.388,150.445,1.64,1m,1.0,NSW Government,Ulladulla201105-LID1-AHD_2666080_56_0002_0002_1m.tif
burringbar_burringbar_creek,Burringbar (Burringbar Creek),-28.438,153.477,17.97,1m,1.0,CSIRO and NEMA,RichmondRiver2023-DEM-AHD-1m_5466854_56_0001_0001.tif
burringbar_rd_burringbar_creek,Burringbar Rd (Burringbar Creek),-28.444,153.442,34.42,1m,1.0,NSW Government,Murwillumbah201309-LID1-AHD_5426852_56_0002_0002_1m.tif
burringurrah_airstrip,Burringurrah Airstrip,-24.635,116.947,442.0,1 Second,30.0,Geoscience Australia SRTM,srtm-1sec-dem-v1-COG.tif
burtons_bridge_al,Burtons Bridge AL,-27.5,152.689,20.52,1m,1.0,QLD Government,Ipswich_2019_LGA_SW_469000_6958000_1k_DEM_1m.tif
burwood,Burwood,-35.138,138.971,203.0,1 Second,30.0,Geoscience Australia SRTM,srtm-1sec-dem-v1-COG.tif
busby_flat,Busby Flat,-29.037,152.805,104.4,2m,2.0,NSW Government,Coaldale201707-LID2-AHD_4806786_56_0002_0002_2m.tif
bushley_al,Bushley AL,-23.5919,150.2382,134.44,1 Second,30.0,Geoscience Australia SRTM,srtm-1sec-dem-v1-COG.tif
busselton_jetty,Busselton Jetty,-33.633,115.338,0.0,1 Second,30.0,Geoscience Australia SRTM,srtm-1sec-dem-v1-COG.tif
bylong_bylong_road,Bylong (Bylong Road),-32.52,150.082,332.35,2m,2.0,NSW Government,MountPomany201705-LID2-AHD_2246398_56_0002_0002_2m.tif
bylong_glenview,Bylong (Glenview),-32.471,150.106,572.73,2m,2.0,NSW Government,Merriwa201710-LID2-AHD_2286402_56_0002_0002_2m.tif
byrnes_point,Byrnes Point,-28.875,153.525,-0.31,1m,1.0,NSW Government,Ballina201006-LID1-AHD_5506804_56_0002_0002_1m.tif
byrnestown_al,Byrnestown AL,-25.52293,151.7609,120.87,1 Second,30.0,Geoscience Australia SRTM,srtm-1sec-dem-v1-COG.tif
byron_bay_belongil_ck_bridge,Byron Bay (Belongil Ck Bridge),-28.66,153.605,2.54,1m,1.0,NSW Government,Ballina201008-LID1-AHD_5586828_56_0002_0002_1m.tif
byron_bay_tallow_ck_bridge,Byron Bay (Tallow Ck Bridge),-28.672,153.618,1.05,1m,1.0,CSIRO and NEMA,RichmondRiver2023-DEM-AHD-1m_5606828_56_0001_0001.tif
cabbage_tree_mountain,Cabbage Tree Mountain,-32.258,152.121,654.41,1m,1.0,NSW Government,Bulahdelah201801-LID1-AHD_4166430_56_0002_0002_1m.tif
caboolture_al,Caboolture AL,-27.0861,152.9394,11.8,1m,1.0,QLD Government,MoretonBay_2009_LGA_SW_493000_7004000_1K_DEM_1m.tif
caboolture_bribie_island_rd_al,Caboolture (Bribie Island Rd) AL,-27.075,153.011,1.91,1m,1.0,QLD Government,Moreton_Bay_2018_LGA_SW_501000_7005000_1k_DEM_1m.tif
caboolture_bruce_hway_al,Caboolture (Bruce Hway) AL,-27.057,152.977,5.01,1m,1.0,QLD Government,MoretonBay_2014_LGA_SW_497000_7007000_1K_DEM_1m.tif
caboolture_machinery_pde_al,Caboolture (Machinery Pde) AL,-27.073,152.947,13.03,1m,1.0,QLD Government,Moreton_Bay_2018_LGA_SW_494000_7005000_1k_DEM_1m.tif
caboolture_pumicestone_rd_al,Caboolture (Pumicestone Rd) AL,-27.053,152.963,5.62,1m,1.0,QLD Government,MoretonBay_2014_LGA_SW_496000_7007000_1K_DEM_1m.tif
caboolture_short_st_al,Caboolture (Short St) AL,-27.0874,152.9608,8.71,1m,1.0,QLD Government,MoretonBay_2014_LGA_SW_496000_7003000_1K_DEM_1m.tif
caboonbah_al,Caboonbah AL,-27.146,152.49,65.48,1 Second,30.0,Geoscience Australia SRTM,srtm-1sec-dem-v1-COG.tif
calamvale_al,Calamvale AL,-27.615,153.044,46.92,1m,1.0,QLD Government,Brisbane_2019_Prj_SW_504000_6945000_1k_DEM_1m.tif
callide_dam_hw_alert,Callide Dam HW AL,-24.3689,150.6128,219.46,50cm,0.5,Griffith Uni,Moura201802-DEM-GRID-50cm_2577302_56_0001_0001.tif
callide_dam_inflow_a,Callide Dam Inflow AL,-24.3253,150.6842,222.57,50cm,0.5,Griffith Uni,Moura201802-DEM-GRID-50cm_2657307_56_0001_0001.tif
callington_hill_colrae,Callington Hill (Colrae),-35.081,139.069,232.99,1 Second,30.0,Geoscience Australia SRTM,srtm-1sec-dem-v1-COG.tif
calliope_camgrounds_al,Calliope Camgrounds AL,-23.964072,151.153968,12.19,1m,1.0,QLD Government,Gladstone_2009_Rgn_SW_312000_7348000_2K_DEM_1m.tif
calliope_station_al,Calliope Station AL,-24.020911,150.965967,37.71,1 Second,30.0,Geoscience Australia SRTM,srtm-1sec-dem-v1-COG.tif
calliope_stowe_rd_al,Calliope (Stowe Rd) AL,-24.0008,151.1925,26.27,1m,1.0,QLD Government,Gladstone_2009_Ctl_SW_316000_7344000_2K_DEM_1m.tif
calowrie_al,Calowrie AL,-26.1697,146.1981,388.15,1 Second,30.0,Geoscience Australia SRTM,srtm-1sec-dem-v1-COG.tif
camden_weir_nepean_river,Camden Weir (Nepean River),-34.05,150.704,64.36,1m,1.0,NSW Government,Wollongong201102-LID1-AHD_2886228_56_0002_0002_1m.tif
cameron_creek_tm,Cameron Creek Tm,-18.0669,145.34,592.88,50cm,0.5,DCCEEW,Herbert2018-DEM-GRID-0_5_3248001_55_0001_0001.tif
camp_hill_tarana_st_al,Camp Hill (Tarana St) AL,-27.496,153.072,27.58,1m,1.0,QLD Government,Brisbane_2014_LGA_SW_507000_6958000_1K_DEM_1m.tif
campaspe_river_at_rochester_town,Campaspe River at Rochester Town,-36.36,144.704,117.94,1 Second,30.0,Geoscience Australia SRTM,srtm-1sec-dem-v1-COG.tif
cania_dam_hw_alert,Cania Dam HW AL,-24.65,150.9833,345.27,1 Second,30.0,Geoscience Australia SRTM,srtm-1sec-dem-v1-COG.tif
cann_river_at_weeragua,Cann River at Weeragua,-37.375,149.1972,189.46,1 Second,30.0,Geoscience Australia SRTM,srtm-1sec-dem-v1-COG.tif
cann_river_east_branch,Cann River East Branch,-37.3564,149.2058,178.27,1 Second,30.0,Geoscience Australia SRTM,srtm-1sec-dem-v1-COG.tif
cannells_hill_huonville,Cannells Hill (Huonville),-43.036,147.02,344.14,2m,2.0,TAS Government,Tasmania_Statewide_2m_DEM_14-08-2021.tif
cannery_ck_al,Cannery Ck AL,-27.3947,153.0797,4.73,1m,1.0,QLD Government,Brisbane_2019_Prj_SW_507000_6969000_1k_DEM_1m.tif
cannon_cove_al,Cannon Cove AL,-28.0396,152.7158,183.25,1m,1.0,QLD Government,ScenicRim_2011_LGA_SW_472000_6898000_1K_DEM_1m.tif
canowindra_riverside,Canowindra (Riverside),-33.5331,148.7527,332.63,5m,5.0,NSW Government,Cowra201404-PHO3-AHD_6626288_55_0002_0002_5m.tif
canterbury,Canterbury,-31.001,116.231,295.39,1 Second,30.0,Geoscience Australia SRTM,srtm-1sec-dem-v1-COG.tif
canungra_army_al,Canungra Army AL,-28.0256,153.1928,89.79,1m,1.0,QLD Government,ScenicRim_2011_LGA_SW_518000_6899000_1K_DEM_1m.tif
capel_north,Capel North,-33.5424,115.5541,9.79,1 Second,30.0,Geoscience Australia SRTM,srtm-1sec-dem-v1-COG.tif
capella_al,Capella AL,-23.121,148.041,264.24,50cm,0.5,Griffith Uni,Emerald201803-DEM-GRID-50cm_6067442_55_0001_0001.tif
captain_ck_al,Captain Ck AL,-24.291,151.78,32.57,1m,1.0,QLD Government,Gladstone_2009_Rgn_SW_376000_7312000_2K_DEM_1m.tif
captain_ck_murphy_rd_al,Captain Ck (Murphy Rd) AL,-24.240951,151.704481,107.72,50cm,0.5,Griffith Uni,Gladstone201307-DEM-GRID-50cm_3687318_56_0001_0001.tif
captains_flat_cowangerong_radar,Captains Flat (Cowangerong Radar),-35.663,149.511,1316.26,2m,2.0,NSW Government,Araluen201804-LID2-AHD_7266050_55_0002_0002_2m.tif
carabost,Carabost,-35.604,147.726,338.02,2m,2.0,NSW Government,Rosewood201702-LID2-AHD_5646058_55_0002_0002_2m.tif
caravan_park_wooli,Caravan Park (Wooli River),-29.8517,153.253,0.24,1m,1.0,NSW Government,Barepoint201004-LID1-AHD_5246696_56_0002_0002_1m.tif
carboor_upper,Carboor Upper,-36.636,146.555,268.98,1 Second,30.0,Geoscience Australia SRTM,srtm-1sec-dem-v1-COG.tif
cardstone_alert,Cardstone AL,-17.7642,145.5936,211.3,1 Second,30.0,Geoscience Australia SRTM,srtm-1sec-dem-v1-COG.tif
careys_peak_barrington_tops,Careys Peak (Barrington Tops),-32.054,151.471,1432.19,2m,2.0,NSW Government,Camberwell201805-LID2-AHD_3546452_56_0002_0002_2m.tif
carindale_al,Carindale AL,-27.503,153.104,13.09,1m,1.0,QLD Government,Brisbane_2009_LGA_SW_510000_6957000_1K_DEM_1m.tif
carinya,Carinya,-34.402,137.719,203.99,1 Second,30.0,Geoscience Australia SRTM,srtm-1sec-dem-v1-COG.tif
caroda_paleroo,Caroda (Paleroo),-30.109,150.138,561.34,5m,5.0,NSW Government,Horton201209-PHO3-AHD_2246664_56_0002_0002_5m.tif
carole_park_al,Carole Park AL,-27.602,152.951,62.47,1m,1.0,QLD Government,Brisbane_2019_Prj_SW_495000_6946000_1k_DEM_1m.tif
caroline_crossing_al,Caroline Xing AL,-25.6147,146.7489,400.68,1 Second,30.0,Geoscience Australia SRTM,srtm-1sec-dem-v1-COG.tif
carool_cougal_road,Carool (Cougal Road),-28.231,153.428,226.46,1m,1.0,NSW Government,Murwillumbah201309-LID1-AHD_5406876_56_0002_0002_1m.tif
carrara_al,Carrara AL,-28.0064,153.3667,4.13,1m,1.0,QLD Government,GoldCoast_2009_LGA_SW_536000_6902000_1K_DEM_1m.tif
carrow_brook,Carrow Brook,-32.2722,151.3052,218.08,2m,2.0,NSW Government,Camberwell201803-LID2-AHD_3406428_56_0002_0002_2m.tif
cartridge_ck_tm,Cartridge Ck Tm,-18.6898,139.4659,63.89,1 Second,30.0,Geoscience Australia SRTM,srtm-1sec-dem-v1-COG.tif
carwoola_molonglo_river,Carwoola (Molonglo River),-35.383,149.383,803.46,1m,1.0,NSW Government,Canberra201712-LID1-AHD_7166080_55_0002_0002_1m.tif
caseys_weir,Caseys Weir,-36.483,145.95,162.0,1 Second,30.0,Geoscience Australia SRTM,srtm-1sec-dem-v1-COG.tif
cashs_crossing_al,Cashs Crossing AL,-27.3428,152.9608,13.51,1m,1.0,QLD Government,Moreton_Bay_2018_LGA_SW_496000_6975000_1k_DEM_1m.tif
cassilis_thistledale,Cassilis (Thistledale),-32.035,150.019,548.42,2m,2.0,NSW Government,Merriwa201710-LID2-AHD_2186450_56_0002_0002_2m.tif
castle_ck_al,Castle Creek AL,-24.8881,150.1992,169.84,50cm,0.5,Griffith Uni,Moura201306-DEM-GRID-50cm_2177244_56_0001_0001.tif
castle_ck_at_arcadia,Castle Ck at Arcadia,-36.592,145.342,122.0,1 Second,30.0,Geoscience Australia SRTM,srtm-1sec-dem-v1-COG.tif
castle_ck_at_telfords_bridge,Castle Ck at Telfords Bridge,-36.786,145.568,193.09,1 Second,30.0,Geoscience Australia SRTM,srtm-1sec-dem-v1-COG.tif
cataract_dam_cataract_river,Cataract Dam (Cataract River),-34.267,150.803,286.38,1m,1.0,NSW Government,Wollongong201405-LID1-AHD_2966206_56_0002_0002_1m.tif
cattle_creek,Cattle Creek,-17.598,131.544,191.0,1 Second,30.0,Geoscience Australia SRTM,srtm-1sec-dem-v1-COG.tif
cawongla,Cawongla,-28.605,153.091,156.71,1m,1.0,CSIRO and NEMA,RichmondRiver2023-DEM-AHD-1m_5086835_56_0001_0001.tif
cecil_park_erts,Cecil Park (ERTS),-33.864,150.849,113.77,1m,1.0,NSW Government,Penrith201906-LID1-AHD_3006250_56_0002_0002_1m.tif
cedar_ck_rd_al,Cedar Ck Rd AL,-27.3278,152.8647,56.46,1m,1.0,QLD Government,MoretonBay_2014_LGA_SW_486000_6977000_1K_DEM_1m.tif
cedar_ford_kowmung_river,Cedar Ford (Kowmung River),-33.947,150.245,189.04,2m,2.0,NSW Government,Katoomba201804-LID2-AHD_2446240_56_0002_0002_2m.tif
cedar_pocket_dam_al,Cedar Pocket Dam AL,-26.213,152.792,101.1,1m,1.0,QLD Government,Gympie_2009_Rgn_SW_479000_7100000_1K_DEM_1m.tif
cedar_vale_al,Cedar Vale AL,-24.422,151.115,252.89,1 Second,30.0,Geoscience Australia SRTM,srtm-1sec-dem-v1-COG.tif
central_mill_alert,Central Mill AL,-17.6089,145.9792,16.37,50cm,0.5,QLD Government,South_Johnstone_River_2024_Prj_SW_391000_8052000_1k_DEM_50cm.tif
central_waterhouse,Central Waterhouse,-14.329,133.118,223.0,1 Second,30.0,Geoscience Australia SRTM,srtm-1sec-dem-v1-COG.tif
chambers_creek,Chambers Creek,-35.053,138.618,195.63,1m,1.0,SA Government,AdelaideMetro2018_DEM_2806115_05_001.tif
chambers_creek_al,Chambers Creek AL,-27.754,153.087,17.72,1m,1.0,QLD Government,Logan_2021_GDA2020_LGA_SW_508500_6930000_500m_DEM_1m.tif
chandler_bacton_rd_al,Chandler (Bacton Rd) AL,-27.51,153.154,18.88,1m,1.0,QLD Government,Brisbane_2014_LGA_SW_515000_6957000_1K_DEM_1m.tif
chapman_hill_rd_cb2,Chapman Hill Rd CB2,-33.737,115.355,27.01,1 Second,30.0,Geoscience Australia SRTM,srtm-1sec-dem-v1-COG.tif
charleston,Charleston,-34.916,138.899,377.64,50cm,0.5,SA Government,MtBarker2021-DEM-GRID-0_5_3086134_54_0001_0001.tif
charleville_al,Charleville AL,-26.4009397,146.2385865,295.7,1m,1.0,QLD Government,Charleville_2011_Twn_SW_424000_7079000_1K_DEM_1m.tif
charleville_bradleys,Charleville(Bradleys,-26.4031,146.2383,294.88,1m,1.0,QLD Government,Charleville_2011_Twn_SW_424000_7079000_1K_DEM_1m.tif
charnwood,Charnwood,-36.854,145.938,359.35,1 Second,30.0,Geoscience Australia SRTM,srtm-1sec-dem-v1-COG.tif
charters_towers_weir,Charters Towers Weir,-19.9662,146.3053,235.65,50cm,0.5,Griffith Uni,ChartersTowers201804-DEM-GRID-50cm_4277792_55_0001_0001.tif
chatswood_bowling_club,Chatswood Bowling Club,-33.8011,151.1803,96.23,1m,1.0,NSW Government,Sydney202005-LID1-AHD_3306258_56_0002_0002_1m.tif
cheetham_salt_works,Cheetham Salt Works,-38.158,144.395,2.92,1 Second,30.0,Geoscience Australia SRTM,srtm-1sec-dem-v1-COG.tif
cherry_ck_lenihans_rd_al,Cherry Ck (Lenihans Rd) AL,-25.0118,152.1423,24.73,1m,1.0,QLD Government,Bundaberg_2009_Prj_SW_412000_7232000_2K_DEM_1m.tif
chesterton_tm,Chesterton TM,-25.335,147.3,536.09,1 Second,30.0,Geoscience Australia SRTM,srtm-1sec-dem-v1-COG.tif
chifley_dam,Chifley Dam,-33.559,149.636,687.45,5m,5.0,NSW Government,Oberon201311-PHO3-AHD_7446282_55_0002_0002_5m.tif
chilgerrie_hill,Chilgerrie Hill,-25.8544,149.7919,206.15,1 Second,30.0,Geoscience Australia SRTM,srtm-1sec-dem-v1-COG.tif
china_camp_tm,China Camp Tm,-15.985,145.2878,156.36,1 Second,30.0,Geoscience Australia SRTM,srtm-1sec-dem-v1-COG.tif
chinbi_tower,Chinbi Tower,-21.382,143.6779,324.32,1 Second,30.0,Geoscience Australia SRTM,srtm-1sec-dem-v1-COG.tif
chinook_mehi_river,Chinook (Mehi River),-29.4752,149.977,218.47,1m,1.0,NSW Government,Moree202008-LID1-AHD_7886734_55_0002_0002_1m.tif
christmas_ck_homestead,Christmas Ck Homestead,-18.879,125.921,158.0,1 Second,30.0,Geoscience Australia SRTM,srtm-1sec-dem-v1-COG.tif
churchbank_weir_al,Churchbank Weir AL,-27.7706,152.685,41.4,1m,1.0,QLD Government,Ipswich_2019_LGA_SW_468000_6928000_1k_DEM_1m.tif
clagiraba_road_al,Clagiraba Road AL,-27.99,153.244,40.96,1m,1.0,QLD Government,GoldCoast_2014_LGA_SW_523000_6903000_1K_DEM_1m.tif
claraville_tm,Claraville Tm,-18.658,141.711,65.97,1 Second,30.0,Geoscience Australia SRTM,srtm-1sec-dem-v1-COG.tif
clarence_zig_zag,Clarence (Zig Zag),-33.477,150.241,1067.46,1m,1.0,NSW Government,Wallerawang201108-LID1-AHD_2426292_56_0002_0002_1m.tif
clarendon_weir,Clarendon Weir,-35.111,138.635,179.98,1m,1.0,SA Government,Onkaparinga2019_DEM_2846112_01_001.tif
clarke_river_tm,Clarke River Tm,-19.213,145.4408,364.8,50cm,0.5,Griffith Uni,Ingham201806-DEM-GRID-50cm_3367874_55_0001_0001.tif
clarrie_hall_dam,Clarrie Hall Dam,-28.44,153.304,61.31,1m,1.0,CSIRO and NEMA,RichmondRiver2023-DEM-AHD-1m_5296854_56_0001_0001.tif
clay_cliff_creek,Clay Cliff Creek,-33.823,151.0,13.99,1m,1.0,NSW Government,Sydney201304-LID1-AHD_3146254_56_0002_0002_1m.tif
clear_mountain_al,Clear Mountain AL,-27.306,152.886,225.68,1m,1.0,QLD Government,MoretonBay_2009_LGA_SW_488000_6979000_1K_DEM_1m.tif
clearview_al,Clearview AL,-28.0017,153.3083,11.91,1m,1.0,QLD Government,GoldCoast_2009_LGA_SW_530000_6902000_1K_DEM_1m.tif
clermont_alpha_rd_tm,Clermont Alpha Rd Tm,-22.8949,147.2053,325.3,1 Second,30.0,Geoscience Australia SRTM,srtm-1sec-dem-v1-COG.tif
clifton_beach_cape_deslacs_tbrg,Clifton Beach (Cape Deslacs TBRG),-42.96773,147.53426,3.66,1m,1.0,TAS Government,ClimateFuturesDerwent2008-DEM-1m_5435242_55.tif
club_terrace,Club Terrace,-37.553,148.9376,146.04,1 Second,30.0,Geoscience Australia SRTM,srtm-1sec-dem-v1-COG.tif
cluden_al,Cluden AL,-19.311,146.822,2.55,1m,1.0,QLD Government,Townsville_2018_Prj_SW_481000_7864000_1.0K_DEM_1m.tif
clybucca_creek_u_s_floodgates,Clybucca Creek U/S Floodgates,-30.943,152.97,1.51,50cm,0.5,NSW Gov,Macleay2024-DEM-AHD-50cm_474000m6554000m_56_0033km_0040km.tif
coaldale_bellona,Coaldale (Bellona),-29.384,152.794,138.12,1m,1.0,CSIRO and NEMA,ClarenceRiver2023-DEM-AHD-1m_4806749_56_0001_0001.tif
cobark,Cobark,-31.955,151.728,299.97,2m,2.0,NSW Government,UpperManning201803-LID2-AHD_3786462_56_0002_0002_2m.tif
cobra_airstrip,Cobra Airstrip,-24.199,116.481,373.54,1 Second,30.0,Geoscience Australia SRTM,srtm-1sec-dem-v1-COG.tif
coffs_harbour_shepards_lane_detention_basin,Coffs Harbour (Shepards Lane Detention Basin),-30.2763,153.0881,43.23,1m,1.0,NSW Government,CoffsHarbour_202306_LID1_AHD_1m_1km_56_5086650.tif
coles_crossing_al,Coles Crossing AL,-26.3679,152.7424,52.85,1m,1.0,QLD Government,Gympie_2009_Rgn_SW_474000_7083000_1K_DEM_1m.tif
coliban_river_at_springhill_road,Coliban River at Springhill Road,-37.32,144.365,528.46,1 Second,30.0,Geoscience Australia SRTM,srtm-1sec-dem-v1-COG.tif
coliban_river_downstream_of_lauriston_reservoir,Coliban River downstream of Lauriston Reservoir,-37.2524,144.3806,464.77,1 Second,30.0,Geoscience Australia SRTM,srtm-1sec-dem-v1-COG.tif
colleges_xing_al,Colleges Xing AL,-27.5572,152.7975,13.28,1m,1.0,QLD Government,Ipswich_2009_LGA_SW_480000_6951000_1K_DEM_1m.tif
collingwood_park_al,Collingwood Park AL,-27.621,152.867,20.73,1m,1.0,QLD Government,Ipswich_2014_LGA_SW_486000_6944000_1K_DEM_1m.tif
collombatti_collombatti_ck,Collombatti (Collombatti Ck),-30.98,152.84,1.89,1m,1.0,NSW Government,Macksville201607-LID1-AHD_4846572_56_0002_0002_1m.tif
colo_heights_sawmill,Colo Heights (Sawmill),-33.314,150.697,323.52,2m,2.0,NSW Government,StAlbans201709-LID2-AHD_2846310_56_0002_0002_2m.tif
colosseum_logan_rd_al,Colosseum (Logan Rd) AL,-24.537468,151.625793,80.88,50cm,0.5,Griffith Uni,Gladstone201801-DEM-GRID-50cm_3607285_56_0001_0001.tif
colosseum_mossman_rd_al,Colosseum (Mossman Rd) AL,-24.371432,151.485089,102.05,50cm,0.5,Griffith Uni,Gladstone201801-DEM-GRID-50cm_3467303_56_0001_0001.tif
colyer_creek,Colyer Creek,-23.57512,133.75263,758.0,1 Second,30.0,Geoscience Australia SRTM,srtm-1sec-dem-v1-COG.tif
comboyne_public_school,Comboyne (Public School),-31.606,152.472,615.82,1m,1.0,NSW Government,Wingham201707-LID1-AHD_4486502_56_0002_0002_1m.tif
comet_weir_al,Comet Weir AL,-23.6125,148.5514,156.21,50cm,0.5,Griffith Uni,Emerald201803-DEM-GRID-50cm_6587387_55_0001_0001.tif
como_bridge,Como Bridge,-33.997,151.0709,-0.01,1m,1.0,NSW Government,Sydney202004-LID1-AHD_3206236_56_0002_0002_1m.tif
concongella_ck_at_stawell,Concongella Ck at Stawell,-37.027,142.82,203.53,1 Second,30.0,Geoscience Australia SRTM,srtm-1sec-dem-v1-COG.tif
congie_tm,Congie Tm,-26.8766,143.5853,197.86,1 Second,30.0,Geoscience Australia SRTM,srtm-1sec-dem-v1-COG.tif
constitution_hill_al,Constitution Hill AL,-27.466,152.945,239.94,1m,1.0,QLD Government,Brisbane_2014_LGA_SW_494000_6961000_1K_DEM_1m.tif
consuelo_alert,Consuelo AL,-24.7387,148.4045,258.57,1 Second,30.0,Geoscience Australia SRTM,srtm-1sec-dem-v1-COG.tif
conways,Conways,-14.42,133.33,244.0,1 Second,30.0,Geoscience Australia SRTM,srtm-1sec-dem-v1-COG.tif
cooby_creek_dam_al,Cooby Creek Dam AL,-27.382,151.924,472.53,1m,1.0,QLD Government,Toowoomba_2010_Rgn_SW_393000_6970000_1K_DEM_1m.tif
cooinda,Cooinda,-33.929,138.815,431.0,1 Second,30.0,Geoscience Australia SRTM,srtm-1sec-dem-v1-COG.tif
cooinda_al,Cooinda AL,-23.7217,146.9411,371.01,1 Second,30.0,Geoscience Australia SRTM,srtm-1sec-dem-v1-COG.tif
cooks_ck_kalang,Cooks Ck (Kalang),-30.53,152.739,74.53,2m,2.0,NSW Government,Macksville201707-LID2-AHD_4746622_56_0002_0002_2m.tif
cooks_tank_al,Cooks Tank AL,-25.4964,146.3072,403.65,1 Second,30.0,Geoscience Australia SRTM,srtm-1sec-dem-v1-COG.tif
cooladdi_al,Cooladdi AL,-26.6333,145.4636,268.39,1m,1.0,QLD Government,Cooladdi_2012_Twn_SW_347000_7053000_1K_DEM_1m.tif
coolah_binnia_st,Coolah (Binnia St),-31.823,149.72,500.36,5m,5.0,NSW Government,Coolah201109-PHO3-AHD_7566474_55_0002_0002_5m.tif
coolami,Coolami,-35.8429,140.8184,121.91,1 Second,30.0,Geoscience Australia SRTM,srtm-1sec-dem-v1-COG.tif
coolangatta_al,Coolangatta AL,-28.894,115.452,242.15,1 Second,30.0,Geoscience Australia SRTM,srtm-1sec-dem-v1-COG.tif
coolmaringa_al,Coolmaringa AL,-23.3184,149.5224,75.55,1m,1.0,QLD Government,Mid_Fitzroy_River_Junction_2023_Prj_SW_757000_7418000_1k_DEM_1m.tif
coolmunda_dam_tw_al,Coolmunda Dam TW AL,-28.435,151.213,304.52,1m,1.0,QLD Government,Inglewood_2011_Twn_SW_324000_6853000_1K_DEM_1m.tif
cooloolabin_dam_al,Cooloolabin Dam AL,-26.556,152.879,287.68,1m,1.0,QLD Government,SunshineCoast_2008_LGA_SW_487000_7062000_1K_DEM_1m.tif
coolum_al,Coolum AL,-26.544,153.091,38.32,1m,1.0,QLD Government,SunshineCoast_2008_LGA_SW_509000_7064000_1K_DEM_1m.tif
coolum_west_al,Coolum West AL,-26.533,153.051,1.29,1m,1.0,QLD Government,SunshineCoast_2014_LGA_SW_505000_7065000_1K_DEM_1m.tif
cooma_benefield,Cooma (Benefield),-36.265,149.1208,913.5,1m,1.0,NSW Government,Cooma201108-LID1-AHD_6905984_55_0002_0002_1m.tif
cooma_bondo,Cooma (Bondo),-36.355,149.145,910.35,2m,2.0,NSW Government,Cooma201802-LID2-AHD_6925974_55_0002_0002_2m.tif
cooma_cherry_tree,Cooma (Cherry Tree),-36.3889,149.05,1028.44,2m,2.0,NSW Government,Cooma201802-LID2-AHD_6825970_55_0002_0002_2m.tif
cooma_myalla_lake,Cooma (Myalla Lake),-36.4083,149.1183,1095.22,2m,2.0,NSW Government,Cooma201802-LID2-AHD_6885968_55_0002_0002_2m.tif
cooma_smec_cooma_ba,Cooma SMEC (Cooma Back Ck),-36.24,149.1167,799.6,1m,1.0,NSW Government,Cooma201108-LID1-AHD_6905986_55_0002_0002_1m.tif
cooma_willarney,Cooma (Willarney),-36.3083,149.0917,936.58,1m,1.0,NSW Government,Cooma201108-LID1-AHD_6865978_55_0002_0002_1m.tif
cooma_willow_grove,Cooma (Willow Grove),-36.3,149.1417,875.84,2m,2.0,NSW Government,Cooma201802-LID2-AHD_6925980_55_0002_0002_2m.tif
coombabah_al,Coombabah AL,-27.9186,153.3442,0.84,1m,1.0,QLD Government,GoldCoast_2014_LGA_SW_533000_6911000_1K_DEM_1m.tif
coomera_shores_al,Coomera Shores AL,-27.848,153.359,2.88,1m,1.0,QLD Government,GoldCoast_2009_LGA_SW_535000_6919000_1K_DEM_1m.tif
coonabarabran_barina_tm,Coonabarabran (Barina TM),-31.313,149.205,610.1,5m,5.0,NSW Government,Coonabarabran201108-PHO3-AHD_7086532_55_0002_0002_5m.tif
coondee,Coondee,-32.48,116.817,270.59,1 Second,30.0,Geoscience Australia SRTM,srtm-1sec-dem-v1-COG.tif
coopers_plains_al,Coopers Plains AL,-27.565,153.027,10.94,1m,1.0,QLD Government,Brisbane_2009_LGA_SW_502000_6950000_1K_DEM_1m.tif
cooplacurripa,Cooplacurripa,-31.632,151.959,256.7,2m,2.0,NSW Government,UpperManning201803-LID2-AHD_4006498_56_0002_0002_2m.tif
cooplacurripa_hawkins_rd,Cooplacurripa (Hawkins Rd),-31.595,151.827,1035.41,2m,2.0,NSW Government,UpperManning201803-LID2-AHD_3886502_56_0002_0002_2m.tif
coops_corner_al,Coops Corner AL,-26.0569,153.0419,9.62,1m,1.0,QLD Government,Gympie_2009_Rgn_SW_504000_7118000_1K_DEM_1m.tif
coorada_al,Coorada AL,-25.0114,149.5042,358.71,1 Second,30.0,Geoscience Australia SRTM,srtm-1sec-dem-v1-COG.tif
cooranbong_avondale,Cooranbong (Avondale),-33.087,151.461,13.94,1m,1.0,NSW Government,Gosford201409-LID1-AHD_3566338_56_0002_0002_1m.tif
cooranga_boyne_r_al,Cooranga (Boyne R) AL,-25.7858,151.3328,158.13,1 Second,30.0,Geoscience Australia SRTM,srtm-1sec-dem-v1-COG.tif
cooroy_elm_st_al,Cooroy (Elm St) AL,-26.3997,152.9022,98.96,1m,1.0,QLD Government,SunshineCoast_2008_LGA_SW_490000_7080000_1K_DEM_1m.tif
cooroy_garnet_st_al,Cooroy (Garnet St) AL,-26.4181,152.9061,108.05,1m,1.0,QLD Government,SunshineCoast_2008_LGA_SW_490000_7078000_1K_DEM_1m.tif
cootabinya_al,Cootabinya AL,-25.16,145.262,361.14,1 Second,30.0,Geoscience Australia SRTM,srtm-1sec-dem-v1-COG.tif
cooyar_ck_al,Cooyar Ck AL,-26.741667,152.136667,174.74,1 Second,30.0,Geoscience Australia SRTM,srtm-1sec-dem-v1-COG.tif
cooyar_ck_cooyar_kooralgin_rd_tm,Cooyar Ck (Cooyar-Kooralgin Rd) TM,-26.969,151.856,428.58,1m,1.0,QLD Government,Cooyar_2010_Loc_SW_386000_7016000_1K_DEM_1m.tif
coplicks_br_al,Coplicks Br AL,-28.1381,153.4244,2.79,1m,1.0,QLD Government,GoldCoast_2014_LGA_SW_541000_6887000_1K_DEM_1m.tif
copmanhurst_clarenc,Copmanhurst (Clarenc,-29.5944,152.7806,36.5,1m,1.0,NSW Government,Grafton201003-LID1-AHD_4786726_56_0002_0002_1m.tif
copping_yaxley_estate,Copping (Yaxley Estate),-42.824,147.794,150.14,1m,1.0,TAS Government,Copping2019-DEM-1m_5645258_GDA2020_55.tif
coppins_crossing_below_molonglo_river,Coppins Crossing Below (Molonglo River),-35.273,149.002,528.12,1m,1.0,ACT Government,ACT2015_4ppm_6826094_55_0002_0002_1m.tif
corinda_high_al,Corinda High AL,-27.5483,152.9867,10.42,1m,1.0,QLD Government,Brisbane_2009_LGA_SW_498000_6952000_1K_DEM_1m.tif
corindi_creek_boyles_bridge,Corindi Creek (Boyles Bridge),-30.039,153.121,27.33,1m,1.0,NSW Government,CoffsHarbour201309-LID1-AHD_5106676_56_0002_0002_1m.tif
corindi_creek_pacific_highway,Corindi Creek (Pacific Highway),-30.023,153.189,11.37,1m,1.0,NSW Government,CoffsHarbour201309-LID1-AHD_5186678_56_0002_0002_1m.tif
coronation_dve_al_d_s_flood_gate,Coronation Dve AL (D/S Flood Gate),-27.4745,153.0036,6.71,1m,1.0,QLD Government,Brisbane_2019_Prj_SW_500000_6961000_1k_DEM_1m.tif
coronation_dve_al_u_s_flood_gate,Coronation Dve AL (U/S Flood Gate),-27.468,153.0036,17.32,1m,1.0,QLD Government,Brisbane_2019_Prj_SW_500000_6961000_1k_DEM_1m.tif
corra_linn,Corra Linn,-41.489,147.232,33.62,1m,1.0,TAS Government,ProssersRoad2010-DEM-1m_5195406_55.tif
corrigin,Corrigin,-32.329,117.873,301.88,1 Second,30.0,Geoscience Australia SRTM,srtm-1sec-dem-v1-COG.tif
corryong_ck_towong,Corryong Ck @ Towong,-36.1014,147.9675,288.13,2m,2.0,NSW Government,Corryong201702-LID2-AHD_5866004_55_0002_0002_2m.tif
cottonbush_ck_tm,Cottonbush Ck Tm,-22.9363,139.1893,142.66,1 Second,30.0,Geoscience Australia SRTM,srtm-1sec-dem-v1-COG.tif
couran_point_al,Couran Point AL,-27.8269,153.4083,1.34,1m,1.0,QLD Government,GoldCoast_2009_LGA_SW_540000_6921000_1K_DEM_1m.tif
crabbes_creek_crabbes_creek,Crabbes Creek,-28.456,153.489,16.47,1m,1.0,CSIRO and NEMA,RichmondRiver2023-DEM-AHD-1m_5476852_56_0001_0001.tif
crabbes_creek_wooyung_rd,Crabbes Creek (Wooyung Rd),-28.467,153.53,2.03,1m,1.0,NSW Government,TweedHeads201309-LID1-AHD_5506850_56_0002_0002_1m.tif
cracow_al,Cracow AL,-25.2883,150.2936,478.34,50cm,0.5,Griffith Uni,Moura201802-DEM-GRID-50cm_2277200_56_0001_0001.tif
crafers_west,Crafers West,-34.994,138.693,584.68,1 Second,30.0,Geoscience Australia SRTM,srtm-1sec-dem-v1-COG.tif
craiglands_al,Craiglands AL,-24.15,150.525,184.55,1 Second,30.0,Geoscience Australia SRTM,srtm-1sec-dem-v1-COG.tif
craigmore_al,Craigmore AL,-23.8847,147.7569,235.01,1m,1.0,QLD Government,CraigmoreRiv_Gauge_2013_Prj_SW_577000_7358000_1K_DEM_1m.tif
craigmore_b_al,Craigmore B AL,-23.8647,147.7569,224.84,1m,1.0,QLD Government,CraigmoreRiv_Gauge_2013_Prj_SW_577000_7360000_1K_DEM_1m.tif
craven_longview,Craven (Longview),-32.153,151.951,148.58,1m,1.0,NSW Government,Dungog201801-LID1-AHD_4006442_56_0002_0002_1m.tif
crawford,Crawford,-32.444,152.156,12.28,1m,1.0,NSW Government,Bulahdelah201306-LID1-AHD_4206410_56_0002_0002_1m.tif
crawford_river,Crawford River,-32.419,152.191,0.99,1m,1.0,NSW Government,Bulahdelah201306-LID1-AHD_4226412_56_0002_0002_1m.tif
crawney_mountain,Crawney Mountain,-31.588,150.995,1361.44,5m,5.0,NSW Government,Murrurundi201111-PHO3-AHD_3086502_56_0002_0002_5m.tif
crescent_head_killick_creek,Crescent Head (Killick Creek),-31.18,152.97,1.11,1m,1.0,NSW Government,Kempsey201607-LID1-AHD_4966550_56_0002_0002_1m.tif
cressbrook_dam_al,Cressbrook Dam AL,-27.2633,152.2089,284.32,1m,1.0,QLD Government,EsktoToogoolawah_2010_Rgn_SW_421000_6984000_1K_DEM_1m.tif
cressfield,Cressfield,-20.3436,148.5,28.63,1m,1.0,QLD Government,Whitsunday_2009_Prj_SW_656000_7748000_2K_DEM_1m.tif
cringila_jarvie_rd,Cringila (Jarvie Rd),-34.478,150.861,56.37,1m,1.0,NSW Government,Wollongong201304-LID1-AHD_3026182_56_0002_0002_1m.tif
crohamhurst_al,Crohamhurst AL,-26.807,152.865,191.9,1m,1.0,QLD Government,SunshineCoast_2014_LGA_SW_486000_7034000_1K_DEM_1m.tif
cromer_road,Cromer Road,-34.7706,139.0055,453.92,50cm,0.5,SA Government,Gumeracha2021-DEM-GRID-0_5_3176150_54_0001_0001.tif
cronulla_south_bowling_club,Cronulla South Bowling Club,-34.072,151.15,19.8,1m,1.0,NSW Government,PortHacking201304-LID1-AHD_3286228_56_0002_0002_1m.tif
crows_nest_al,Crows Nest AL,-27.230833,152.031111,656.79,1m,1.0,QLD Government,Toowoomba_2010_Rgn_SW_404000_6987000_1K_DEM_1m.tif
cudal_post_office,Cudal Post Office,-33.287,148.74,440.4,5m,5.0,NSW Government,Molong201403-PHO3-AHD_6626314_55_0002_0002_5m.tif
cudgewa_creek_berringama,Cudgewa Creek @ Berringama,-36.212,147.678,371.69,1 Second,30.0,Geoscience Australia SRTM,srtm-1sec-dem-v1-COG.tif
cudgewa_creek_cudgewa_north,Cudgewa Creek @ Cudgewa North,-36.067,147.878,244.98,2m,2.0,NSW Government,Corryong201702-LID2-AHD_5786008_55_0002_0002_2m.tif
cudlee_creek,Cudlee Creek,-34.847,138.836,300.66,50cm,0.5,SA Government,Gumeracha2021-DEM-GRID-0_5_3026141_54_0001_0001.tif
culford,Culford,-32.57,116.439,329.7,1 Second,30.0,Geoscience Australia SRTM,srtm-1sec-dem-v1-COG.tif
cumnock_tm,Cumnock TM,-32.929,148.755,504.8,5m,5.0,NSW Government,Wellington201409-PHO3-AHD_6646354_55_0002_0002_5m.tif
cungelella_al,Cungelella AL,-24.683,147.164,405.72,1 Second,30.0,Geoscience Australia SRTM,srtm-1sec-dem-v1-COG.tif
cunningham_arm_bullock_island,Cunningham Arm @ Bullock Island,-37.885235,147.97311,3.0,1 Second,30.0,Geoscience Australia SRTM,srtm-1sec-dem-v1-COG.tif
curramulka_north,Curramulka North,-34.649,137.727,160.79,1 Second,30.0,Geoscience Australia SRTM,srtm-1sec-dem-v1-COG.tif
currarong,Currarong,-35.016,150.82,4.29,1m,1.0,NSW Government,JervisBay201012-LID1-AHD_3006122_56_0002_0002_1m.tif
curricabark,Curricabark,-31.7423,151.6484,417.7,2m,2.0,NSW Government,UpperManning201805-LID2-AHD_3706486_56_0002_0002_2m.tif
currumbin_ck_al,Currumbin Ck AL,-28.2106,153.3889,46.74,1m,1.0,QLD Government,GoldCoast_2014_LGA_SW_538000_6879000_1K_DEM_1m.tif
currumbin_ck_robert_neumann_pk_al,Currumbin Ck (Robert Neumann Pk) AL,-28.1686,153.4434,2.26,1m,1.0,QLD Government,GoldCoast_2014_LGA_SW_543000_6884000_1K_DEM_1m.tif
currunda_creek_tm,Currunda Ck AL,-16.9347,145.692,24.23,1m,1.0,QLD Government,Cairns_2010_Prj_SW_360000_8127000_1K_DEM_1m.tif
dairy_flat,Dairy Flat,-28.381,152.717,245.62,1m,1.0,CSIRO and NEMA,RichmondRiver2023-DEM-AHD-1m_4726860_56_0001_0001.tif
dairy_flat_molonglo_river,Dairy Flat (Molonglo River),-35.319,149.174,564.61,1m,1.0,ACT Government,ACT2015_8ppm_6966088_55_0002_0002_1m.tif
daisy_downs,Daisy Downs,-28.38,115.458,297.34,1 Second,30.0,Geoscience Australia SRTM,srtm-1sec-dem-v1-COG.tif
dajarra_airport_tm,Dajarra Airport TM,-21.7013,139.5308,330.45,1m,1.0,QLD Government,Dajarra_2011_Twn_SW_348000_7599000_1K_DEM_1m.tif
dalgety_downs_airstrip,Dalgety Downs Airstrip,-25.2697,116.2211,301.0,1 Second,30.0,Geoscience Australia SRTM,srtm-1sec-dem-v1-COG.tif
dalmorton_homestead,Dalmorton Homestead,-29.8317,152.4067,245.48,1m,1.0,CSIRO and NEMA,ClarenceRiver2023-DEM-AHD-1m_4426699_56_0001_0001.tif
dalton_hillview,Dalton (Hillview),-34.722,149.182,532.2,5m,5.0,NSW Government,Gunning201503-PHO3-AHD_6986154_55_0002_0002_5m.tif
dampier_downs_airstrip,Dampier Downs Airstrip,-18.51,123.468,117.0,1 Second,30.0,Geoscience Australia SRTM,srtm-1sec-dem-v1-COG.tif
dandaloo_hazelbrook_comparison,Dandaloo (Hazelbrook) Comparison,-32.378,147.727,210.15,5m,5.0,NSW Government,Dandaloo201208-PHO3-AHD_5686416_55_0002_0002_5m.tif
dandongadale_r_at_matong_nth,Dandongadale R at Matong Nth,-36.80552,146.6314,293.62,1 Second,30.0,Geoscience Australia SRTM,srtm-1sec-dem-v1-COG.tif
danjera_creek,Danjera Creek,-34.952,150.347,85.03,2m,2.0,NSW Government,MossVale201805-LID2-AHD_2566128_56_0002_0002_2m.tif
danjera_dam_danjera_creek,Danjera Dam (Danjera Creek),-34.921,150.385,77.06,2m,2.0,NSW Government,MossVale201805-LID2-AHD_2606132_56_0002_0002_2m.tif
dardanup_east_al,Dardanup East AL,-33.398,115.782,40.07,1 Second,30.0,Geoscience Australia SRTM,srtm-1sec-dem-v1-COG.tif
darkes_forest_kintyre,Darkes Forest (Kintyre),-34.229,150.911,373.52,1m,1.0,NSW Government,Wollongong201304-LID1-AHD_3066210_56_0002_0002_1m.tif
darr_creek_al,Darr Creek AL,-26.5392,151.1347,393.0,1 Second,30.0,Geoscience Australia SRTM,srtm-1sec-dem-v1-COG.tif
dawson_range_south_a,Dawson Range South AL,-24.5944,149.8133,283.81,1 Second,30.0,Geoscience Australia SRTM,srtm-1sec-dem-v1-COG.tif
dayboro_al,Dayboro AL,-27.199,152.83,50.6,1m,1.0,QLD Government,Moreton_Bay_2018_LGA_SW_483000_6991000_1k_DEM_1m.tif
dayboro_terrors_ck_al,Dayboro (Terrors Ck) AL,-27.1883,152.8267,56.9,1m,1.0,QLD Government,MoretonBay_2014_LGA_SW_482000_6992000_1K_DEM_1m.tif
dayboro_wwtp_al,Dayboro WWTP AL,-27.2186,152.8403,46.33,1m,1.0,QLD Government,MoretonBay_2009_LGA_SW_484000_6989000_1K_DEM_1m.tif
deacey_al,Deacey AL,-22.2661,149.2839,469.41,1 Second,30.0,Geoscience Australia SRTM,srtm-1sec-dem-v1-COG.tif
deagon_al,Deagon AL,-27.336,153.058,1.53,1m,1.0,QLD Government,Brisbane_2014_LGA_SW_505000_6976000_1K_DEM_1m.tif
deception_bay_al,Deception Bay AL,-27.1822,153.0186,5.06,1m,1.0,QLD Government,Moreton_Bay_2018_LGA_SW_501000_6993000_1k_DEM_1m.tif
deception_bay_creek_rd_al,Deception Bay (Creek Rd) AL,-27.173,152.983,11.8,1m,1.0,QLD Government,MoretonBay_2014_LGA_SW_498000_6994000_1K_DEM_1m.tif
deception_bay_major_st_al,Deception Bay (Major St) AL,-27.207,153.027,4.18,1m,1.0,QLD Government,MoretonBay_2014_LGA_SW_502000_6990000_1K_DEM_1m.tif
delungra_post_office,Delungra Post Office,-29.654,150.829,602.16,2m,2.0,NSW Government,Bingara201705-LID2-AHD_2886716_56_0002_0002_2m.tif
devencourt_station,Devencourt Station,-21.2149,140.2339,279.7,1 Second,30.0,Geoscience Australia SRTM,srtm-1sec-dem-v1-COG.tif
devon_hills_al,Devon Hills AL,-26.9,152.321,102.63,1m,1.0,QLD Government,LinvilleToogoolawah_2012_Rgn_SW_432000_7024000_1K_DEM_1m.tif
diamond_valley_al,Diamond Valley AL,-26.755,152.931,48.52,1m,1.0,QLD Government,SunshineCoast_2014_LGA_SW_493000_7040000_1K_DEM_1m.tif
diddillibah_al,Diddillibah AL,-26.642,152.993,7.93,1m,1.0,QLD Government,SunshineCoast_2014_LGA_SW_499000_7053000_1K_DEM_1m.tif
dlrm_depot,DLRM Depot,-12.428,130.874,24.99,1 Second,30.0,Geoscience Australia SRTM,srtm-1sec-dem-v1-COG.tif
dolaghans_crossing,Dolaghans Crossing,-34.461,138.558,44.94,50cm,0.5,SA Government,MiddleBeach2021-DEM-GRID-0_5_2756184_54_0001_0001.tif
donald,Donald,-36.3611,143.0038,120.02,1 Second,30.0,Geoscience Australia SRTM,srtm-1sec-dem-v1-COG.tif
donald_comparison,Donald Comparison,-36.361,143.004,120.02,1 Second,30.0,Geoscience Australia SRTM,srtm-1sec-dem-v1-COG.tif
donaleen,Donaleen,-34.202,138.597,257.0,1 Second,30.0,Geoscience Australia SRTM,srtm-1sec-dem-v1-COG.tif
donnybrook_east,Donnybrook East,-33.57,115.841,73.0,1 Second,30.0,Geoscience Australia SRTM,srtm-1sec-dem-v1-COG.tif
dookie_water_storage,Dookie Water Storage,-36.3,145.596,116.36,1 Second,30.0,Geoscience Australia SRTM,srtm-1sec-dem-v1-COG.tif
dooloogarah_al,Dooloogarah AL,-24.865,147.713,831.48,1 Second,30.0,Geoscience Australia SRTM,srtm-1sec-dem-v1-COG.tif
doomadgee_tm,Doomadgee Tm,-17.959,138.8519,41.29,1m,1.0,QLD Government,Doomadgee_2010_Twn_SW_272000_8013000_1K_DEM_1m.tif
doon_doon_mccabes_road,Doon Doon (Mccabes Road),-28.533,153.314,265.62,1m,1.0,CSIRO and NEMA,RichmondRiver2023-DEM-AHD-1m_5306843_56_0001_0001.tif
doonan_ck_al,Doonan Ck AL,-26.4842,153.0425,6.95,1m,1.0,QLD Government,SunshineCoast_2014_LGA_SW_504000_7070000_1K_DEM_1m.tif
doongarra_rd_tm,Doongarra Rd TM,-20.6176,146.2823,251.01,1 Second,30.0,Geoscience Australia SRTM,srtm-1sec-dem-v1-COG.tif
doongul_creek_old_gayndah_rd_tm,Doongul Creek (Old Gayndah Rd) TM,-25.394149,152.430947,39.69,1m,1.0,QLD Government,Fraser_coast_2022_LGA_SW_442000_7191000_1k_DEM_1m.tif
dooralong_whiteman_ridge,Dooralong (Whiteman Ridge),-33.208,151.325,194.25,1m,1.0,NSW Government,Gosford201409-LID1-AHD_3426324_56_0002_0002_1m.tif
dora_ck,Dora Creek WWTW,-33.097,151.5038,15.1,1m,1.0,NSW Government,LakeMacquarie201409-LID1-AHD_3606336_56_0002_0002_1m.tif
dorrigo_mountain_top,Dorrigo (Mountain Top),-30.397,152.691,795.82,1m,1.0,CSIRO and NEMA,ClarenceRiver2023-DEM-AHD-1m_4706637_56_0001_0001.tif
dorrigo_old_coramba_rd,Dorrigo (Old Coramba Rd),-30.3442,152.7187,765.15,1m,1.0,CSIRO and NEMA,ClarenceRiver2023-DEM-AHD-1m_4726643_56_0001_0001.tif
doughboy_hill,Doughboy Hill,-35.2578,149.6595,750.81,1m,1.0,NSW Government,Braidwood201501-LID1-AHD_7406094_55_0002_0002_1m.tif
downfall_ck_al,Downfall Ck AL,-25.5003,150.2506,295.76,1 Second,30.0,Geoscience Australia SRTM,srtm-1sec-dem-v1-COG.tif
doyle_rd_cb1,Doyle Rd CB1,-33.744,115.343,33.91,1 Second,30.0,Geoscience Australia SRTM,srtm-1sec-dem-v1-COG.tif
drake_village_resource_centre,Drake (Village Resource Centre),-28.928,152.376,488.95,1m,1.0,CSIRO and NEMA,ClarenceRiver2023-DEM-AHD-1m_4396799_56_0001_0001.tif
drapers_xing_al,Drapers Xing AL,-27.35,152.916667,32.87,1m,1.0,QLD Government,MoretonBay_2014_LGA_SW_491000_6974000_1K_DEM_1m.tif
drensmaine_al,Drensmaine AL,-25.186,146.504,447.9,1 Second,30.0,Geoscience Australia SRTM,srtm-1sec-dem-v1-COG.tif
dry_creek_scone,Dry Creek (Scone),-31.9116,150.8189,317.75,5m,5.0,NSW Government,Murrurundi201111-PHO3-AHD_2926466_56_0002_0002_5m.tif
duaringa_al,Duaringa AL,-23.718,149.6714,102.0,50cm,0.5,Griffith Uni,Rockhampton201305-DEM-GRID-50cm_7727374_55_0001_0001.tif
ducabrook_al,Ducabrook AL,-23.853,147.4,338.0,1 Second,30.0,Geoscience Australia SRTM,srtm-1sec-dem-v1-COG.tif
duckponds_al,Duckponds AL,-23.4817,148.4728,152.43,50cm,0.5,Griffith Uni,Emerald201305-DEM-GRID-50cm_6507402_55_0001_0001.tif
duckponds_creek,Duckponds Creek,-34.455,139.062,297.48,50cm,0.5,SA Government,Nuriootpa2021-DEM-GRID-0_5_3216185_54_0001_0001.tif
dumaresq_dam_d_s_du,Dumaresq Dam D/S (Du,-30.4661,151.6144,1014.82,5m,5.0,NSW Government,Guyra201111-PHO3-AHD_3666628_56_0002_0002_5m.tif
dunbible_creek_at_dunbible_creek_rail_trail_bridge,Dunbible Creek at Dunbible Creek Rail Trail Bridge,-28.383,153.401,7.03,1m,1.0,CSIRO and NEMA,RichmondRiver2023-DEM-AHD-1m_5396860_56_0001_0001.tif
dunedoo_shell,Dunedoo (Shell),-32.016,149.393,389.56,1m,1.0,NSW Government,Cobbora201407-LID1-AHD_7266454_55_0002_0002_1m.tif
duneira_al,Duneira AL,-24.5383,145.5683,296.34,1m,1.0,QLD Government,Blackall_2011_Twn_SW_354000_7285000_1K_DEM_1m.tif
dunethin_rock_al,Dunethin Rock AL,-26.5758,153.0092,-0.36,1m,1.0,QLD Government,Sunshine_Coast_2022_LGA_SW_500000_7060000_1k_DEM_1m.tif
dungog_leawood,Dungog (Leawood),-32.365,151.683,180.93,1m,1.0,NSW Government,Dungog201601-LID1-AHD_3766418_56_0002_0002_1m.tif
dungog_myall_creek,Dungog (Myall Creek),-32.4006,151.757,50.7,1m,1.0,NSW Government,Dungog201601-LID1-AHD_3826414_56_0002_0002_1m.tif
dungog_post_office,Dungog Post Office,-32.4022,151.7582,57.67,1m,1.0,NSW Government,Dungog201601-LID1-AHD_3826414_56_0002_0002_1m.tif
dunoon,Dunoon,-28.677,153.322,203.81,1m,1.0,NSW Government,Lismore201707-LID1-AHD_5306826_56_0002_0002_1m.tif
dunvegan_al,Dunvegan AL,-26.1367,146.6942,474.87,1 Second,30.0,Geoscience Australia SRTM,srtm-1sec-dem-v1-COG.tif
dunvegan_tm,Dunvegan TM,-26.1236,146.6228,380.9,1 Second,30.0,Geoscience Australia SRTM,srtm-1sec-dem-v1-COG.tif
dunwich_al,Dunwich AL,-27.493,153.416,114.33,1m,1.0,QLD Government,Redland_2009_LGA_SW_541000_6958000_1K_DEM_1m.tif
durack_king_ave_al,Durack (King Ave) AL,-27.594,152.997,7.26,1m,1.0,QLD Government,Brisbane_2009_LGA_SW_499000_6947000_1K_DEM_1m.tif
duri_dungowan_rd,Duri (Dungowan Rd),-31.221,150.821,458.68,5m,5.0,NSW Government,Tamworth201602-PHO3-AHD_2926542_56_0002_0002_5m.tif
dutton_river_tm_rn,Dutton River TM [RN],-20.2932,143.8714,406.9,1 Second,30.0,Geoscience Australia SRTM,srtm-1sec-dem-v1-COG.tif
dutton_river_tm_wl,Dutton River Tm [WL],-20.6284,143.3612,236.97,1 Second,30.0,Geoscience Australia SRTM,srtm-1sec-dem-v1-COG.tif
dykehead_al,Dykehead AL,-25.6814,151.0075,212.19,1 Second,30.0,Geoscience Australia SRTM,srtm-1sec-dem-v1-COG.tif
dysart_al,Dysart AL,-22.591,148.34,220.14,1m,1.0,QLD Government,Dysart_2011_Twn_SW_637000_7501000_1K_DEM_1m.tif
eagle_farm_bcc_asphalt_plant_al,Eagle Farm (BCC Asphalt Plant) AL,-27.4394,153.0836,3.23,1m,1.0,QLD Government,Brisbane_2019_Prj_SW_508000_6964000_1k_DEM_1m.tif
earlstan_comparison,Earlstan (Comparison),-36.2705,142.2162,115.73,1 Second,30.0,Geoscience Australia SRTM,srtm-1sec-dem-v1-COG.tif
east_brisbane_al,East Brisbane AL,-27.4911,153.0489,-0.06,1m,1.0,QLD Government,Brisbane_2014_LGA_SW_504000_6959000_1K_DEM_1m.tif
east_creek_alderley_st_tm,East Ck (Alderley St) TM,-27.5883,151.9732,626.86,1m,1.0,QLD Government,Toowoomba_Cooby_2020_Prj_SW_398000_6947000_1k_DEM_1m.tif
east_creek_long_st_tm,East Ck (Long St) TM,-27.5774,151.9692,612.72,1m,1.0,QLD Government,Toowoomba_Cooby_2020_Prj_SW_398000_6949000_1k_DEM_1m.tif
east_creek_south_st_tm,East Ck (South St) TM,-27.5826,151.971,619.02,1m,1.0,QLD Government,Toowoomba_2015_Prj_SW_398000_6948000_1K_DEM_1m.tif
east_end_wilmott_rd_al,East End (Wilmott Rd) AL,-23.870432,150.971565,60.18,50cm,0.5,Griffith Uni,Gladstone201801-DEM-GRID-50cm_2937358_56_0001_0001.tif
east_funnel_creek_tm,East Funnel Creek TM,-21.5458,149.1099,206.29,50cm,0.5,Griffith Uni,Mackay201308-DEM-GRID-50cm_7187615_55_0001_0001.tif
east_leichardt_dam_t,East Leichardt Dam T,-20.7797,139.7849,368.0,1 Second,30.0,Geoscience Australia SRTM,srtm-1sec-dem-v1-COG.tif
eastern_creek_gt_western_highway,Eastern Creek (Gt Western highway),-33.789,150.866,49.64,1m,1.0,NSW Government,Penrith201102-LID1-AHD_3026258_56_0002_0002_1m.tif
eatons_hill_tm,Eatons Hill TM,-27.348,152.953,15.25,1m,1.0,QLD Government,MoretonBay_2009_LGA_SW_495000_6975000_1K_DEM_1m.tif
echo_hills_al,Echo Hills AL,-24.178,147.444,366.0,1 Second,30.0,Geoscience Australia SRTM,srtm-1sec-dem-v1-COG.tif
eden_al,Eden AL,-24.302,151.397,168.7,50cm,0.5,Griffith Uni,Gladstone201801-DEM-GRID-50cm_3377311_56_0001_0001.tif
edi_upper_schmidts_farm,Edi Upper (Schmidts Farm),-36.718,146.349,356.1,1 Second,30.0,Geoscience Australia SRTM,srtm-1sec-dem-v1-COG.tif
edith_falls_ridge,Edith Falls Ridge,-14.151,132.18,146.0,1 Second,30.0,Geoscience Australia SRTM,srtm-1sec-dem-v1-COG.tif
eerwah_vale_al,Eerwah Vale AL,-26.48,152.879,129.97,1m,1.0,QLD Government,SunshineCoast_2008_LGA_SW_487000_7071000_1K_DEM_1m.tif
eidsvold_bridge,Eidsvold Bridge,-25.3772,151.0819,158.61,1m,1.0,QLD Government,Eidsvold_2011_Twn_SW_307000_7191000_1K_DEM_1m.tif
eight_mile_plains_al,Eight Mile Plains AL,-27.584,153.088,45.37,1m,1.0,QLD Government,Brisbane_2009_LGA_SW_508000_6948000_1K_DEM_1m.tif
ekibin_park_south_al,Ekibin Park South AL,-27.5133,153.0391,6.72,1m,1.0,QLD Government,Brisbane_2019_Prj_SW_503000_6956000_1k_DEM_1m.tif
elands_black_sands_creek,Elands (Black Sands Creek),-31.567,152.24,654.89,2m,2.0,NSW Government,Wingham201804-LID2-AHD_4266506_56_0002_0002_2m.tif
elderslie,Elderslie,-32.5932,151.3335,53.32,1m,1.0,NSW Government,Cessnock201202-LID1-AHD_3426392_56_0002_0002_1m.tif
eleebana_reservoir,Eleebana Reservoir,-32.9956,151.6515,87.45,1m,1.0,NSW Government,Newcastle201409-LID1-AHD_3746348_56_0002_0002_1m.tif
elimbah_al,Elimbah AL,-26.97,152.9167,53.61,1m,1.0,QLD Government,MoretonBay_2014_LGA_SW_491000_7016000_1K_DEM_1m.tif
elimbah_rose_creek_rd_al,Elimbah (Rose Creek Rd) AL,-27.013,152.946,19.99,1m,1.0,QLD Government,Moreton_Bay_2018_LGA_SW_494000_7012000_1k_DEM_1m.tif
elsmore_danthonia,Elsmore (Danthonia),-29.783,151.362,774.41,5m,5.0,NSW Government,Inverell201110-PHO3-AHD_3406704_56_0002_0002_5m.tif
elsmore_village,Elsmore Village,-29.802,151.273,665.06,5m,5.0,NSW Government,Inverell201110-PHO3-AHD_3326700_56_0002_0002_5m.tif
emerald_al,Emerald AL,-23.5297,148.1664,176.54,1m,1.0,QLD Government,Emerald_2011_Twn_SW_619000_7397000_1K_DEM_1m.tif
emerald_radar_al,Emerald Radar AL,-23.549,148.239,185.7,1m,1.0,QLD Government,Emerald_2011_Twn_SW_626000_7395000_1K_DEM_1m.tif
emmaville_post_office,Emmaville Post Office,-29.445,151.599,888.12,5m,5.0,NSW Government,Clive201711-PHO3-AHD_3646740_56_0002_0002_5m.tif
emmigrant_creek_ballina_local,Emmigrant creek (ballina local),-28.828737,153.526772,1.61,1m,1.0,NSW Government,Ballina201006-LID1-AHD_5506810_56_0002_0002_1m.tif
enderlee,Enderlee,-36.922,145.677,493.0,1 Second,30.0,Geoscience Australia SRTM,srtm-1sec-dem-v1-COG.tif
englands_road_coffs_harbour,Englands Road (Coffs Harbour),-30.304,153.054,36.2,1m,1.0,NSW Government,CoffsHarbour_202306_LID1_AHD_1m_1km_56_5056647.tif
enoggera_dam_al,Enoggera Dam AL,-27.447,152.926,73.91,1m,1.0,QLD Government,Brisbane_2014_LGA_SW_492000_6964000_1K_DEM_1m.tif
erina_heights,Erina Heights,-33.424,151.395,3.92,1m,1.0,NSW Government,Gosford202008-LID1-AHD_3506300_56_0002_0002_1m.tif
eromanga_al,Eromanga Al,-26.6682,143.2668,156.08,1m,1.0,QLD Government,Eromanga_2011_Twn_SW_725000_7048000_1K_DEM_1m.tif
erskine_park_reservoir,Erskine Park Reservoir,-33.8078,150.7995,82.8,1m,1.0,NSW Government,Penrith201705-LID1-AHD_2966256_56_0002_0002_1m.tif
eskdale_al,Eskdale AL,-27.168,152.198,342.47,1 Second,30.0,Geoscience Australia SRTM,srtm-1sec-dem-v1-COG.tif
esmeralda_rr_tm,Esmeralda Rr TM,-18.8804,142.5623,162.78,1 Second,30.0,Geoscience Australia SRTM,srtm-1sec-dem-v1-COG.tif
essendean_bridge_al,Essendean Bridge AL,-24.601,151.845,1.2,1m,1.0,QLD Government,Gladstone_2009_Rgn_SW_382000_7278000_2K_DEM_1m.tif
eudlo_al,Eudlo AL,-26.727,152.956,24.46,1m,1.0,QLD Government,SunshineCoast_2008_LGA_SW_495000_7043000_1K_DEM_1m.tif
eumundi_al,Eumundi AL,-26.4945,152.9616,16.32,1m,1.0,QLD Government,Sunshine_Coast_2022_LGA_SW_496000_7069000_1k_DEM_1m.tif
eungai_creek_unkya_reserve,Eungai Creek (Unkya Reserve),-30.836,152.898,27.09,1m,1.0,NSW Government,Macksville201607-LID1-AHD_4906588_56_0002_0002_1m.tif
evandale_al,Evandale AL,-28.005,153.4161,4.25,1m,1.0,QLD Government,GoldCoast_2009_LGA_SW_540000_6902000_1K_DEM_1m.tif
eversfield_tm,Eversfield Tm,-26.6569,147.4481,405.7,1 Second,30.0,Geoscience Australia SRTM,srtm-1sec-dem-v1-COG.tif
everton_hills_al,Everton Hills AL,-27.3822,152.9783,46.1,1m,1.0,QLD Government,Brisbane_2009_LGA_SW_497000_6971000_1K_DEM_1m.tif
everton_park_trouts_rd_al,Everton Park (Trouts Rd) AL,-27.392,152.997,41.42,1m,1.0,QLD Government,Brisbane_2019_Prj_SW_499000_6970000_1k_DEM_1m.tif
ewart_ck_al,Ewart Ck AL,-23.7003,150.5483,80.53,50cm,0.5,Griffith Uni,Gladstone201801-DEM-GRID-50cm_2507376_56_0001_0001.tif
ewen_maddock_dam_al,Ewen Maddock Dam AL,-26.7797,153.0101,26.75,1m,1.0,QLD Government,SunshineCoast_2008_LGA_SW_501000_7037000_1K_DEM_1m.tif
fairbairn_dam_al,Fairbairn Dam AL,-23.6525,148.0744,202.57,50cm,0.5,Griffith Uni,Emerald201305-DEM-GRID-50cm_6097383_55_0001_0001.tif
fairfield_city_farm,Fairfield (City Farm),-33.867,150.861,69.3,1m,1.0,NSW Government,Penrith201906-LID1-AHD_3026250_56_0002_0002_1m.tif
fairview_al,Fairview AL,-24.295246,146.922802,541.0,1 Second,30.0,Geoscience Australia SRTM,srtm-1sec-dem-v1-COG.tif
fanning_river_burde,Fanning River (Burde,-19.981,146.4485,232.83,50cm,0.5,Griffith Uni,ChartersTowers201804-DEM-GRID-50cm_4427790_55_0001_0001.tif
fanny_creek,Fanny Creek,-14.108,132.9,232.0,1 Second,30.0,Geoscience Australia SRTM,srtm-1sec-dem-v1-COG.tif
farrars_ck_tm,Farrars Ck Tm,-25.1642,141.2387,97.75,1 Second,30.0,Geoscience Australia SRTM,srtm-1sec-dem-v1-COG.tif
faulconbridge_great_western_hwy,Faulconbridge (Great Western Hwy),-33.696,150.536,431.4,1m,1.0,NSW Government,Penrith201804-LID1-AHD_2706268_56_0002_0002_1m.tif
feilton_plenty_river,Feilton (Plenty River),-42.791,146.945,88.33,1m,1.0,TAS Government,Feilton2018-DEM-1m_4955262_GDA2020_55.tif
ferguson_valley_alert,Ferguson Valley Alert,-33.444,115.854,148.31,1 Second,30.0,Geoscience Australia SRTM,srtm-1sec-dem-v1-COG.tif
ferris_knob_al,Ferris Knob AL,-26.854167,152.816667,148.91,1m,1.0,QLD Government,MoretonBay_2014_LGA_SW_481000_7029000_1K_DEM_1m.tif
fifteen_mile_ck_at_glenrowan,Fifteen Mile Ck at Glenrowan,-36.4708,146.2461,166.76,1 Second,30.0,Geoscience Australia SRTM,srtm-1sec-dem-v1-COG.tif
fifteen_mile_ck_greta_south,Fifteen Mile Ck @ Greta South,-36.621,146.243,196.0,1 Second,30.0,Geoscience Australia SRTM,srtm-1sec-dem-v1-COG.tif
figtree_obriens_rd,Figtree (OBriens Rd),-34.424,150.838,146.94,1m,1.0,NSW Government,Wollongong202106-LID1-AHD_3006188_56_0002_0002_1m.tif
fingal_south_esk_river,Fingal (South Esk River),-41.638,147.964,225.39,1m,1.0,TAS Government,NorthEast2011-DEM-1m_5805389_55.tif
fish_hole_ck_tm,Fish Hole Ck Tm,-17.6318,141.993,68.85,1 Second,30.0,Geoscience Australia SRTM,srtm-1sec-dem-v1-COG.tif
fish_river,Fish River,-14.1894,130.8815,71.0,1 Second,30.0,Geoscience Australia SRTM,srtm-1sec-dem-v1-COG.tif
fishermans_paradise_conjola_creek,Fishermans Paradise (Conjola Creek),-35.232032,150.450328,1.42,1m,1.0,NSW Government,Ulladulla201105-LID1-AHD_2666098_56_0002_0002_1m.tif
fishermans_repeater,Fishermans Repeater,-35.247,150.437,51.06,1m,1.0,NSW Government,Ulladulla201105-LID1-AHD_2666096_56_0002_0002_1m.tif
fitzroy_falls_red_hills,Fitzroy Falls (Red Hills),-34.663,150.433,671.39,2m,2.0,NSW Government,MossVale201805-LID2-AHD_2646160_56_0002_0002_2m.tif
five_mile_br_al,Five Mile Br AL,-27.629,152.668,26.22,1m,1.0,QLD Government,Ipswich_2014_LGA_SW_467000_6943000_1K_DEM_1m.tif
flaggy_creek_alert_decoupled_rg,Flaggy Creek Alert (Decoupled RG),-16.796434,145.554651,370.62,50cm,0.5,Griffith Uni,Cairns201308-DEM-GRID-50cm_3458142_55_0001_0001.tif
flagstone_bridge_al,Flagstone Bridge AL,-25.66,151.177,129.07,1 Second,30.0,Geoscience Australia SRTM,srtm-1sec-dem-v1-COG.tif
fletchervale_rd_wan,Fletchervale Rd (Wan,-19.8319,145.1988,592.24,50cm,0.5,Griffith Uni,ChartersTowers201310-DEM-GRID-50cm_3117806_55_0001_0001.tif
flinders_cloncurry_j,Flinders Cloncurry J,-18.5594,140.7194,23.09,1 Second,30.0,Geoscience Australia SRTM,srtm-1sec-dem-v1-COG.tif
flinders_view_ash_st_al,Flinders View (Ash St) AL,-27.655,152.7587,23.56,1m,1.0,QLD Government,Ipswich_2009_LGA_SW_476000_6940000_1K_DEM_1m.tif
flinton,Flinton,-27.89459,149.5595,222.69,1m,1.0,QLD Government,Flinton_2011_Twn_SW_751000_6911000_1K_DEM_1m.tif
flora_valley,Flora Valley,-19.7581,146.8389,61.26,1m,1.0,QLD Government,Townsville_2018_Prj_SW_483000_7815000_1.0K_DEM_1m.tif
florence_ck_tm,Florence Ck TM,-21.2014,140.5077,317.91,1 Second,30.0,Geoscience Australia SRTM,srtm-1sec-dem-v1-COG.tif
florence_vale_al,Florence Vale AL,-23.241,147.574,411.86,50cm,0.5,Griffith Uni,Emerald201305-DEM-GRID-50cm_5587429_55_0001_0001.tif
foelsche_headland,Foelsche Headland,-14.083,131.81,208.21,1 Second,30.0,Geoscience Australia SRTM,srtm-1sec-dem-v1-COG.tif
fog_ck_tm,Fog Ck Tm,-19.2463,143.0669,304.0,1 Second,30.0,Geoscience Australia SRTM,srtm-1sec-dem-v1-COG.tif
foleyvale_al,Foleyvale AL,-23.5272,149.7189,62.13,1m,1.0,QLD Government,Duaringa_2012_Twn_SW_777000_7395000_1K_DEM_1m.tif
foleyvale_alert_decoupled_rg,Foleyvale Alert (Decoupled RG),-23.51312,149.70927,72.16,1m,1.0,QLD Government,Duaringa_2012_Twn_SW_776000_7397000_1K_DEM_1m.tif
fools_ridge_mt_picton,Fools Ridge (Mt Picton),-43.147,146.578,918.92,2m,2.0,TAS Government,Tasmania_Statewide_2m_DEM_14-08-2021.tif
forbes_river_birdwood,Forbes River (Birdwood),-31.294,152.312,177.53,2m,2.0,NSW Government,Cowarral201804-LID2-AHD_4346536_56_0002_0002_2m.tif
forest_hill_al,Forest Hill AL,-27.584,152.35,92.91,1m,1.0,QLD Government,LockyerValleyNorth_2010_Rgn_SW_435000_6948000_1K_DEM_1m.tif
forest_lake_rachele_cl_al,Forest Lake (Rachele Cl) AL,-27.6315,152.9536,66.0,1m,1.0,QLD Government,Logan_2009_LGA_SW_495000_6943000_1K_DEM_1m.tif
forest_vale_tm,Forest Vale TM,-25.925019,147.870115,397.3,1 Second,30.0,Geoscience Australia SRTM,srtm-1sec-dem-v1-COG.tif
forestdale_johnson_rd_al,Forestdale (Johnson Rd) AL,-27.6583,153.0,27.82,1m,1.0,QLD Government,Logan_2013_LGA_SW_500000_6940000_1K_DEM_1m.tif
forreston,Forreston,-34.795,138.9,384.12,50cm,0.5,SA Government,Gumeracha2021-DEM-GRID-0_5_3076147_54_0001_0001.tif
forreston_alert,Forreston Alert,-34.793,138.904,390.55,50cm,0.5,SA Government,Gumeracha2021-DEM-GRID-0_5_3086147_54_0001_0001.tif
forster_tuncurry_marine_rescue,Forster - Tuncurry Marine Rescue,-32.176,152.509,3.62,1m,1.0,NSW Government,Forster201208-LID1-AHD_4526438_56_0002_0002_1m.tif
fosters_bellingen_r,Fosters (Bellingen R,-30.4417,152.8852,11.68,50cm,0.5,NSW Gov,Bellinger2024-DEM-AHD-50cm_487404m6621624m_56_0018km_0013km.tif
four_ways_wdr_tm,Four Ways Wdr Tm,-19.2497,140.3673,61.18,1 Second,30.0,Geoscience Australia SRTM,srtm-1sec-dem-v1-COG.tif
frank_sleeman_park_al,Frank Sleeman Park AL,-27.3631,153.0564,8.1,1m,1.0,QLD Government,Brisbane_2019_Prj_SW_505000_6973000_1k_DEM_1m.tif
franklyn_vale_al,Franklyn Vale AL,-27.759,152.469,134.7,1m,1.0,QLD Government,Ipswich_2014_LGA_SW_447000_6929000_1K_DEM_1m.tif
fred_haigh_dam_hw_al,Fred Haigh Dam HW AL,-24.8725,151.85,74.5,1m,1.0,QLD Government,Bundaberg_2016_Rgn_SW_383000_7248000_1K_DEM_1m.tif
frederickton,Frederickton,-31.0374,152.881,7.22,1m,1.0,NSW Government,Kempsey201607-LID1-AHD_4886566_56_0002_0002_1m.tif
freeling,Freeling,-34.457,138.806,190.9,50cm,0.5,SA Government,Nuriootpa2021-DEM-GRID-0_5_2986184_54_0001_0001.tif
freestone_ck_at_briagolong,Freestone Ck at Briagolong,-37.813,147.093,88.75,1 Second,30.0,Geoscience Australia SRTM,srtm-1sec-dem-v1-COG.tif
frog_hill_repeater,Frog Hill (Repeater),-42.048,147.03,985.88,1m,1.0,TAS Government,CentralHighlands2013-DEM-1m_5025344_55.tif
fulham_al,Fulham AL,-27.077,152.413,87.47,1m,1.0,QLD Government,Toogoolawah_2011_Twn_SW_441000_7004000_1K_DEM_1m.tif
fyans_ck_at_fyans_ck,Fyans Ck at Fyans Ck,-37.109,142.558,208.38,1 Second,30.0,Geoscience Australia SRTM,srtm-1sec-dem-v1-COG.tif
gaeta_al,Gaeta AL,-24.801,151.604,183.04,1 Second,30.0,Geoscience Australia SRTM,srtm-1sec-dem-v1-COG.tif
garbutt_al,Garbutt AL,-19.261,146.784,2.64,1m,1.0,QLD Government,Townsville_2018_Prj_SW_477000_7870000_1.0K_DEM_1m.tif
gatton_al,Gatton AL,-27.556389,152.273056,113.66,1m,1.0,QLD Government,LockyerValley_2015_Prj_SW_428000_6951000_1K_DEM_1m.tif
gatton_lvrc_enviromon_basestation,GATTON LVRC ENVIROMON BASESTATION,-27.5588,152.2762,108.39,1m,1.0,QLD Government,LockyerValley_2015_Prj_SW_428000_6951000_1K_DEM_1m.tif
gawler,Gawler,-34.601,138.736,45.45,50cm,0.5,SA Government,AdelaideMetro2022-DEM-GRID-50cm_2926168_54_0001_0001.tif
gayndah,Gayndah,-25.6283,151.6133,103.46,1m,1.0,QLD Government,Gayndah_2011_Twn_SW_360000_7164000_1K_DEM_1m.tif
gears_wyong_river,Gears (Wyong River),-33.2528,151.316,21.98,1m,1.0,NSW Government,Gosford201409-LID1-AHD_3426318_56_0002_0002_1m.tif
geebung_al,Geebung AL,-27.3839,153.0578,10.15,1m,1.0,QLD Government,Brisbane_2019_Prj_SW_505000_6971000_1k_DEM_1m.tif
george_boyd_lookout,George Boyd Lookout,-35.1749,150.3673,503.21,2m,2.0,NSW Government,Ulladulla201804-LID2-AHD_2606104_56_0002_0002_2m.tif
georges_ck_macle,Georges Ck (Macleay River),-30.7533,152.205,127.88,2m,2.0,NSW Government,Carrai201805-LID2-AHD_4226596_56_0002_0002_2m.tif
gerang_gerung_comparison,Gerang Gerung (Comparison),-36.398,141.879,140.76,1 Second,30.0,Geoscience Australia SRTM,srtm-1sec-dem-v1-COG.tif
germanbulyan_ck_bungadoo_al,Bungadoo (Goondoon Rd) AL,-24.9864,152.0748,11.13,1m,1.0,QLD Government,Bundaberg_2016_Rgn_SW_406000_7236000_1K_DEM_1m.tif
ghinghinda_al,Ghinghinda AL,-25.1497,149.7281,307.9,1 Second,30.0,Geoscience Australia SRTM,srtm-1sec-dem-v1-COG.tif
gibb_river,Gibb River,-16.4203,126.4411,508.13,1 Second,30.0,Geoscience Australia SRTM,srtm-1sec-dem-v1-COG.tif
gidgegannup,Gidgegannup,-31.791,116.198,305.99,1 Second,30.0,Geoscience Australia SRTM,srtm-1sec-dem-v1-COG.tif
gilgandra_rosewood,Gilgandra (Rosewood),-31.7042,148.6283,282.1,5m,5.0,NSW Government,Gilgandra201108-PHO3-AHD_6546490_55_0002_0002_5m.tif
giligulgul_tm,Giligulgul TM,-26.3564,150.0464,320.87,50cm,0.5,Griffith Uni,Taroom201810-DEM-GRID-50cm_2057081_56_0001_0001.tif
gillespie_al,Gillespie AL,-24.558,145.787,324.02,1 Second,30.0,Geoscience Australia SRTM,srtm-1sec-dem-v1-COG.tif
gin_gin_al,Gin Gin AL,-24.996,151.957,97.17,50cm,0.5,Griffith Uni,Bundaberg201801-DEM-GRID-50cm_3947235_56_0001_0001.tif
gin_gin_ck_al,Gin Gin Ck AL,-24.9686,151.8917,63.78,1m,1.0,QLD Government,BundabergCentral_2009_Rgn_SW_388000_7238000_2K_DEM_1m.tif
ginginjibby,Ginginjibby,-24.6132,117.6529,477.0,1 Second,30.0,Geoscience Australia SRTM,srtm-1sec-dem-v1-COG.tif
girralong,Girralong,-30.568,152.652,142.74,2m,2.0,NSW Government,Macksville201707-LID2-AHD_4666618_56_0002_0002_2m.tif
giru_north,Giru North,-19.5144,147.1011,3.85,50cm,0.5,Griffith Uni,Ayr201804-DEM-GRID-50cm_5107842_55_0001_0001.tif
gladstone_radar_al,Gladstone Radar AL,-23.855,151.263,62.46,1m,1.0,QLD Government,Gladstone_2009_Ctl_SW_322000_7360000_2K_DEM_1m.tif
glasshouse_mountains_al,Glasshouse Mountains AL,-26.8994,152.9586,26.79,1m,1.0,QLD Government,SunshineCoast_2014_LGA_SW_495000_7024000_1K_DEM_1m.tif
glen_alice,Glen Alice,-33.05,150.232,317.54,2m,2.0,NSW Government,Wallerawang201704-LID2-AHD_2406338_56_0002_0002_2m.tif
glen_eden_kirkwood_rd_al,Glen Eden (Kirkwood Rd) AL,-23.910076,151.253269,28.34,1m,1.0,QLD Government,Gladstone_2014_Rgn_SW_322000_7354000_1K_DEM_1m.tif
glen_elgin_glenbrook,Glen Elgin (Glenbrook),-29.558,152.139,893.42,1m,1.0,CSIRO and NEMA,ClarenceRiver2023-DEM-AHD-1m_4166729_56_0001_0001.tif
glen_esk_al,Glen Esk AL,-27.221,152.487,77.0,1 Second,30.0,Geoscience Australia SRTM,srtm-1sec-dem-v1-COG.tif
glen_innes_ag_research_stn,Glen Innes Ag Research Stn,-29.695,151.694,1065.57,5m,5.0,NSW Government,GlenInnes201712-PHO3-AHD_3726714_56_0002_0002_5m.tif
glen_rock_al,Glen Rock AL,-24.4636,147.5681,629.9,1 Second,30.0,Geoscience Australia SRTM,srtm-1sec-dem-v1-COG.tif
glencoe_al,Glencoe AL,-23.717,146.173,367.09,1 Second,30.0,Geoscience Australia SRTM,srtm-1sec-dem-v1-COG.tif
glencoe_rd_al,Glencoe Rd AL,-25.256,150.729,456.53,1 Second,30.0,Geoscience Australia SRTM,srtm-1sec-dem-v1-COG.tif
glendower_mountain_leconfield,Glendower Mountain (Leconfield),-31.15,151.233,865.04,5m,5.0,NSW Government,Nundle201305-PHO3-AHD_3306552_56_0002_0002_5m.tif
glenelg_oval,Glenelg Oval,-34.983,138.522,5.95,1m,1.0,SA Government,AdelaideMetro2018_DEM_2706125_05_001.tif
glenella_al,Glenella AL,-21.1233,149.147,8.54,1m,1.0,QLD Government,Mackay_2015_Rgn_SW_722000_7662000_1K_DEM_1m.tif
glengarry_al,Glengarry (Repeater) AL,-26.5705,147.0975,495.68,1 Second,30.0,Geoscience Australia SRTM,srtm-1sec-dem-v1-COG.tif
glengyle,Glengyle,-24.7856,139.5919,86.81,1 Second,30.0,Geoscience Australia SRTM,srtm-1sec-dem-v1-COG.tif
glenhaughton_rd_aler,Glenhaughton Rd AL,-25.4172,149.5236,338.0,1 Second,30.0,Geoscience Australia SRTM,srtm-1sec-dem-v1-COG.tif
gleniffer_never_nev,Gleniffer,-30.3883,152.8817,27.72,1m,1.0,NSW Government,Dorrigo200912-LID1-AHD_4886638_56_0002_0002_1m.tif
glenlee_al,Glenlee AL,-24.0719,147.7628,244.66,1 Second,30.0,Geoscience Australia SRTM,srtm-1sec-dem-v1-COG.tif
glenmaggie_ck_at_the_gorge,Glenmaggie Ck at the Gorge,-37.9158,146.6553,201.53,1 Second,30.0,Geoscience Australia SRTM,srtm-1sec-dem-v1-COG.tif
glenmoan_station_tm,Glenmoan Station Tm,-20.815,144.4398,370.33,1 Second,30.0,Geoscience Australia SRTM,srtm-1sec-dem-v1-COG.tif
glenoma_park_alert,Glenoma Park AL,-16.8988,145.7083,8.3,1m,1.0,QLD Government,Cairns_2010_Prj_SW_362000_8131000_1K_DEM_1m.tif
glenore_grove_alert,Glenore Grove AL,-27.5231,152.4092,81.23,1m,1.0,QLD Government,LockyerValley_2015_Prj_SW_441000_6955000_1K_DEM_1m.tif
glenreagh_coramba_street,Glenreagh (Coramba Street),-30.05,152.978,69.55,1m,1.0,NSW Government,Dorrigo201607-LID1-AHD_4966674_56_0002_0002_1m.tif
gloucester_post_office,Gloucester Post Office,-32.006,151.96,102.25,1m,1.0,NSW Government,Dungog201801-LID1-AHD_4006458_56_0002_0002_1m.tif
gold_ck_res_al,Gold Ck Res AL,-27.467,152.883,163.86,1m,1.0,QLD Government,Brisbane_2009_LGA_SW_488000_6961000_1K_DEM_1m.tif
golden_beach_al,Golden Beach AL,-26.833,153.119,1.33,1m,1.0,QLD Government,SunshineCoast_2008_LGA_SW_511000_7032000_1K_DEM_1m.tif
golden_grove,Golden Grove,-34.778,138.725,186.28,1m,1.0,SA Government,AdelaideMetro2018_DEM_2906145_05_001.tif
golden_valley_wollondilly_river,Golden Valley (Wollondilly River),-34.554,150.08,625.53,2m,2.0,NSW Government,MossVale201805-LID2-AHD_2326172_56_0002_0002_2m.tif
golspie_ayrston,Golspie (Ayrston),-34.279,149.665,853.72,2m,2.0,NSW Government,Taralga201611-LID2-AHD_7446202_55_0002_0002_2m.tif
gomersal_woodbridge,Gomersal (Woodbridge),-34.538,138.911,218.0,1 Second,30.0,Geoscience Australia SRTM,srtm-1sec-dem-v1-COG.tif
goodna_al,Goodna AL,-27.6,152.894,7.53,1m,1.0,QLD Government,Ipswich_2023_LGA_SW_489000_6947000_1k_DEM_1m.tif
googong_dam_u_s_queanbeayan_river,Googong Dam U/S (Queanbeayan River),-35.524,149.299,732.62,1m,1.0,ACT Government,ACT2015_4ppm_7086066_55_0002_0002_1m.tif
googong_dam_w_l_queanbeyan_river,Googong Dam W/L (Queanbeyan River),-35.433,149.267,650.9,1m,1.0,ACT Government,ACT2020_DEM_7056076_55_01_001.tif
googong_hill,Googong Hill,-35.484,149.236,1015.48,1m,1.0,ACT Government,ACT2020_DEM_7026070_55_01_001.tif
goolman_al,Goolman AL,-27.736,152.767,81.16,1m,1.0,QLD Government,Ipswich_2014_LGA_SW_477000_6932000_1K_DEM_1m.tif
goomboorian_al,Goomboorian AL,-26.064,152.773,97.89,1m,1.0,QLD Government,Gympie_2009_Rgn_SW_477000_7117000_1K_DEM_1m.tif
goombungee_pechey_maclagan_rd_tm,Goombungee (Pechey-Maclagan Rd) TM,-27.307,151.877,550.58,1m,1.0,QLD Government,Toowoomba_2010_Rgn_SW_388000_6979000_1K_DEM_1m.tif
goondiwindi,Goondiwindi,-28.5514,150.3086,217.63,1m,1.0,QLD Government,Goondiwindi_2011_Twn_SW_236000_6838000_1K_DEM_1m.tif
goonengerry,Goonengerry,-28.594,153.417,362.4,1m,1.0,CSIRO and NEMA,RichmondRiver2023-DEM-AHD-1m_5406836_56_0001_0001.tif
goonumbla_cordadgery,Goonumbla (Cordadgery),-32.974,148.063,295.73,5m,5.0,NSW Government,PeakHill201204-PHO3-AHD_5986350_55_0002_0002_5m.tif
goorambat,Goorambat,-36.407,145.919,162.0,1 Second,30.0,Geoscience Australia SRTM,srtm-1sec-dem-v1-COG.tif
gooseponds_al,Gooseponds AL,-21.1253,149.1664,6.25,1m,1.0,QLD Government,Mackay_2009_Rgn_SW_724000_7662000_2K_DEM_1m.tif
goovigen_al,Goovigen AL,-24.106,150.287,122.11,50cm,0.5,Griffith Uni,Moura201802-DEM-GRID-50cm_2247331_56_0001_0001.tif
gorge_weir,Gorge Weir,-34.856,138.731,103.15,1m,1.0,SA Government,TeaTreeGully2019_DEM_2926140_01_001.tif
goulburn_mt_gray,Goulburn (Mt Gray),-34.765,149.758,792.08,5m,5.0,NSW Government,Goulburn201312-PHO3-AHD_7526148_55_0002_0002_5m.tif
goulburn_river_at_arcadia_downs,Goulburn River at Arcadia Downs,-36.455,145.378,112.65,1 Second,30.0,Geoscience Australia SRTM,srtm-1sec-dem-v1-COG.tif
goulburn_river_at_murchison,Goulburn River at Murchison,-36.617,145.217,125.0,1 Second,30.0,Geoscience Australia SRTM,srtm-1sec-dem-v1-COG.tif
goulburn_river_at_seymour,Goulburn River at Seymour,-37.019,145.11,155.42,1 Second,30.0,Geoscience Australia SRTM,srtm-1sec-dem-v1-COG.tif
goulburn_river_at_shepparton,Goulburn River at Shepparton,-36.378,145.419,114.1,1 Second,30.0,Geoscience Australia SRTM,srtm-1sec-dem-v1-COG.tif
goulburn_river_d_s_goulburn_weir,Goulburn River D/S Goulburn Weir,-36.713,145.173,126.12,1 Second,30.0,Geoscience Australia SRTM,srtm-1sec-dem-v1-COG.tif
granite_road,Granite Road,-37.869,144.303,231.0,1 Second,30.0,Geoscience Australia SRTM,srtm-1sec-dem-v1-COG.tif
grassy_gully_shoalhaven_river,Grassy Gully (Shoalhaven River),-34.842,150.424,22.35,1m,1.0,NSW Government,MossVale201501-LID1-AHD_2646140_56_0002_0002_1m.tif
grassy_hill,Grassy Hill,-33.236,150.654,430.21,2m,2.0,NSW Government,StAlbans201709-LID2-AHD_2806320_56_0002_0002_2m.tif
graves_hill_al,Graves Hill AL,-23.47419,147.68794,239.4,1m,1.0,QLD Government,Rubyvale_2011_Twn_SW_570000_7403000_1K_DEM_1m.tif
gray,Gray,-41.623,148.221,352.23,1m,1.0,TAS Government,NorthEast2012-DEM-1m_6015391_55.tif
grays_gate_exchange_tm,Grays Gate Exchange TM,-27.9856,151.2828,456.99,1 Second,30.0,Geoscience Australia SRTM,srtm-1sec-dem-v1-COG.tif
green_hill_res_al,Green Hill Res AL,-27.495,152.958,85.47,1m,1.0,QLD Government,Brisbane_2009_LGA_SW_495000_6958000_1K_DEM_1m.tif
green_pigeon_morning_view,Green Pigeon (Morning View),-28.474,153.086,207.47,1m,1.0,CSIRO and NEMA,RichmondRiver2023-DEM-AHD-1m_5086850_56_0001_0001.tif
green_valley_al,Green Valley AL,-23.679,147.315,337.05,50cm,0.5,Griffith Uni,Emerald201305-DEM-GRID-50cm_5327381_55_0001_0001.tif
greenacres,Greenacres,-34.87,138.636,66.53,50cm,0.5,SA Government,AdelaideMetro2022-DEM-GRID-50cm_2836138_54_0001_0001.tif
greenbank_thompson_rd_al,Greenbank (Thompson Rd) AL,-27.696,152.933,92.89,1m,1.0,QLD Government,Logan_2017_LGA_SW_493000_6936000_0.5K_DEM_1m.tif
greenhill,Greenhill,-34.95,138.687,424.23,1 Second,30.0,Geoscience Australia SRTM,srtm-1sec-dem-v1-COG.tif
greenmount_al,Greenmount AL,-21.175,149.029,51.05,50cm,0.5,Griffith Uni,Mackay201805-DEM-GRID-50cm_7107657_55_0001_0001.tif
greenock,Greenock,-34.457,138.921,283.23,50cm,0.5,SA Government,Nuriootpa2021-DEM-GRID-0_5_3096185_54_0001_0001.tif
greenock_creek,Greenock Creek,-34.51,138.837,151.0,1 Second,30.0,Geoscience Australia SRTM,srtm-1sec-dem-v1-COG.tif
greenough_rvr_tbrg_yuin,Greenough Rvr TBRG @ Yuin,-27.979,116.035,289.78,1 Second,30.0,Geoscience Australia SRTM,srtm-1sec-dem-v1-COG.tif
greenstead_wingecarribee_river,Greenstead (Wingecarribee River),-34.417,150.197,527.83,2m,2.0,NSW Government,Burragorang201805-LID2-AHD_2426188_56_0002_0002_2m.tif
greenwalk,Greenwalk,-34.429,150.234,729.23,2m,2.0,NSW Government,Burragorang201805-LID2-AHD_2446186_56_0002_0002_2m.tif
greenwell_point,Greenwell Point,-34.9073,150.7364,0.18,1m,1.0,NSW Government,Kiama201104-LID1-AHD_2926134_56_0002_0002_1m.tif
gregor_ck_al_b,Gregor Ck AL-B,-26.991,152.404,97.17,1m,1.0,QLD Government,LinvilleToogoolawah_2012_Rgn_SW_440000_7014000_1K_DEM_1m.tif
gregor_ck_al_p,Gregor Ck AL-P,-26.990556,152.404167,85.49,1m,1.0,QLD Government,LinvilleToogoolawah_2012_Rgn_SW_440000_7014000_1K_DEM_1m.tif
gregory_highway_aler,Gregory Highway AL,-23.4292,148.1514,171.83,50cm,0.5,Griffith Uni,Emerald201803-DEM-GRID-50cm_6177408_55_0001_0001.tif
grenada_al,Grenada AL,-22.7341,147.9752,374.45,50cm,0.5,Griffith Uni,Clermont201304-DEM-GRID-50cm_6007485_55_0001_0001.tif
gresford_post_office,Gresford Post Office,-32.427,151.538,91.63,1m,1.0,NSW Government,Dungog201601-LID1-AHD_3626410_56_0002_0002_1m.tif
greta_west,Greta West,-36.534,146.218,183.41,1 Second,30.0,Geoscience Australia SRTM,srtm-1sec-dem-v1-COG.tif
greystanes_cumberland_golf_club,Greystanes (Cumberland Golf Club),-33.822,150.942,61.3,1m,1.0,NSW Government,Penrith201304-LID1-AHD_3086254_56_0002_0002_1m.tif
grindstone_point,Grindstone Point,-42.443,147.997,11.42,1m,1.0,TAS Government,EastCoast2020-DEM-1m_5815300_GDA2020_55.tif
groongal_groongal_station_comparison,Groongal (Groongal Station) Comparison,-34.4419,145.5611,109.26,5m,5.0,NSW Government,Kooroongal201710-PHO3-AHD_3666186_55_0002_0002_5m.tif
grose_wold_burralow,Grose Wold (Burralow),-33.617,150.628,115.08,1m,1.0,NSW Government,Penrith201102-LID1-AHD_2786276_56_0002_0002_1m.tif
guildford_woodville_golf_club,Guildford (Woodville Golf Club),-33.869,150.995,46.6,1m,1.0,NSW Government,Sydney201906-LID1-AHD_3146250_56_0002_0002_1m.tif
gumeracha_weir,Gumeracha Weir,-34.822,138.852,320.72,1m,1.0,SA Government,CudleeCreek2020_DEM_3036144_01_001.tif
gundagai_street_coffs_harbour,Gundagai Street (Coffs Harbour),-30.294,153.109,3.59,1m,1.0,NSW Government,CoffsHarbour_202306_LID1_AHD_1m_1km_56_5106648.tif
guyra_box_point,Guyra (Box Point),-30.336,151.737,1370.14,5m,5.0,NSW Government,Guyra201111-PHO3-AHD_3786642_56_0002_0002_5m.tif
guyra_gowan_brae,Guyra (Gowan Brae),-30.157,151.877,1333.64,1m,1.0,CSIRO and NEMA,ClarenceRiver2023-DEM-AHD-1m_3916663_56_0001_0001.tif
gympie_al,Gympie AL,-26.192,152.655,37.31,1m,1.0,QLD Government,Gympie_2009_Rgn_SW_465000_7103000_1K_DEM_1m.tif
gyranda_weir_al,Gyranda Weir AL,-25.2842,150.1825,158.61,50cm,0.5,Griffith Uni,Moura201306-DEM-GRID-50cm_2167200_56_0001_0001.tif
halbury_road,Halbury Road,-34.763,138.631,24.89,50cm,0.5,SA Government,AdelaideMetro2022-DEM-GRID-50cm_2836150_54_0001_0001.tif
hamilton_river_stati_2,Hamilton River Stati,-22.7731,140.6198,166.26,1 Second,30.0,Geoscience Australia SRTM,srtm-1sec-dem-v1-COG.tif
hamley_bridge,Hamley Bridge,-34.371,138.669,114.25,1 Second,30.0,Geoscience Australia SRTM,srtm-1sec-dem-v1-COG.tif
hampden_bridge_kangaroo_river,Hampden Bridge (Kangaroo River),-34.734,150.522,80.33,1m,1.0,NSW Government,Kiama201610-LID1-AHD_2726152_56_0002_0002_1m.tif
hampstead_tm,Hampstead Tm,-19.8712,143.6155,515.0,1 Second,30.0,Geoscience Australia SRTM,srtm-1sec-dem-v1-COG.tif
hampton_bindo,Hampton (Bindo),-33.7,150.028,1091.38,2m,2.0,NSW Government,Katoomba201804-LID2-AHD_2246266_56_0002_0002_2m.tif
hannaville_al,Hannaville AL,-21.417,148.895,266.95,50cm,0.5,Griffith Uni,Mackay201308-DEM-GRID-50cm_6967630_55_0001_0001.tif
hanrahans_crossing_tm,Hanrahans Crossing TM,-23.469,150.0296,52.52,50cm,0.5,DCCEEW,Fitzroy2018-DEM-GRID-0_5_1967401_56_0001_0001.tif
hansborough,Hansborough,-34.252,139.018,346.02,1 Second,30.0,Geoscience Australia SRTM,srtm-1sec-dem-v1-COG.tif
happy_valley,Happy Valley,-33.6808,115.6242,76.19,1 Second,30.0,Geoscience Australia SRTM,srtm-1sec-dem-v1-COG.tif
happy_valley_ck_rosewhite,Happy Valley Ck @ Rosewhite,-36.578,146.82,255.0,1 Second,30.0,Geoscience Australia SRTM,srtm-1sec-dem-v1-COG.tif
harrisons_opening_huon_river,Harrisons Opening (Huon River),-43.0989,146.5458,95.33,1m,1.0,TAS Government,WeldRiver2023-DEM-1m_4635228_GDA2020_55.tif
harrisville_al,Harrisville AL,-27.8133,152.6417,52.69,1m,1.0,QLD Government,ScenicRim_2011_LGA_SW_464000_6923000_1K_DEM_1m.tif
harrisville_al_b,Harrisville AL-B,-27.8133,152.6417,52.69,1m,1.0,QLD Government,ScenicRim_2011_LGA_SW_464000_6923000_1K_DEM_1m.tif
haughton_bridge_al,Haughton Bridge AL,-19.550112,147.100097,5.92,1m,1.0,QLD Government,Burdekin_2009_Prj_SW_510000_7838000_1K_DEM_1m.tif
haunted_stream_at_hells_gate,Haunted Stream at Hells Gate,-37.4816,147.8266,161.85,1 Second,30.0,Geoscience Australia SRTM,srtm-1sec-dem-v1-COG.tif
hawthorne_al,Hawthorne AL,-27.4603,153.0536,1.84,1m,1.0,QLD Government,Brisbane_2019_Prj_SW_505000_6962000_1k_DEM_1m.tif
hay_noonamah,Hay (Noonamah),-34.2182,144.449,79.45,1m,1.0,NSW Spatial Services,Booligal_202306_LID1_AHD_1m_1km_55_2646210.tif
hays_landing_al,Hays Landing AL,-27.332,152.61,82.0,1 Second,30.0,Geoscience Australia SRTM,srtm-1sec-dem-v1-COG.tif
hayward_creek,Hayward Creek,-13.565,130.865,95.34,1 Second,30.0,Geoscience Australia SRTM,srtm-1sec-dem-v1-COG.tif
hazeldean_al,Hazeldean AL,-27.0275,152.5372,133.0,1 Second,30.0,Geoscience Australia SRTM,srtm-1sec-dem-v1-COG.tif
hazelton,Hazelton,-34.232,138.688,295.78,1 Second,30.0,Geoscience Australia SRTM,srtm-1sec-dem-v1-COG.tif
heaslip_road,Heaslip Road,-34.631,138.646,30.73,50cm,0.5,SA Government,AdelaideMetro2022-DEM-GRID-50cm_2846165_54_0001_0001.tif
heathwood_al,Heathwood AL,-24.343,148.062,309.69,50cm,0.5,Griffith Uni,Emerald201305-DEM-GRID-50cm_6077307_55_0001_0001.tif
hedlow_airfield_tm,Hedlow Airfield TM,-23.223,150.605,34.11,1m,1.0,QLD Government,Rockhampton_2009_Prj_SW_254000_7428000_2K_DEM_1m.tif
helidon_al,Helidon AL,-27.544,152.113,145.88,1m,1.0,QLD Government,Lockyer_Valley_2022_LGA_SW_412000_6952000_1k_DEM_1m.tif
hemmant_al,Hemmant AL,-27.4503,153.125,1.72,1m,1.0,QLD Government,Brisbane_2014_LGA_SW_512000_6963000_1K_DEM_1m.tif
hendra_al,Hendra AL,-27.4019,153.0747,4.39,1m,1.0,QLD Government,Brisbane_2019_Prj_SW_507000_6969000_1k_DEM_1m.tif
henty_brook,Henty Brook,-33.39,115.85,216.25,1 Second,30.0,Geoscience Australia SRTM,srtm-1sec-dem-v1-COG.tif
hermans_gully_al,Hermans Gully AL,-24.86488,152.11314,16.52,1m,1.0,QLD Government,Bundaberg_2011_Rgn_SW_410000_7249000_1K_DEM_1m.tif
hermitage,Hermitage,-34.763,138.776,351.17,50cm,0.5,SA Government,AdelaideMetro2022-DEM-GRID-50cm_2966150_54_0001_0001.tif
heronslea,Heronslea,-36.786,145.658,239.0,1 Second,30.0,Geoscience Australia SRTM,srtm-1sec-dem-v1-COG.tif
hexham_bridge,Hexham Bridge,-32.819,151.682,0.36,1m,1.0,NSW Government,Newcastle201306-LID1-AHD_3766368_56_0002_0002_1m.tif
heywood_park,Heywood Park,-34.962,138.6,45.14,50cm,0.5,SA Government,AdelaideMetro2022-DEM-GRID-50cm_2806128_54_0001_0001.tif
high_range_merrioola,High Range (Merrioola),-34.373,150.334,795.88,2m,2.0,NSW Government,Burragorang201805-LID2-AHD_2546192_56_0002_0002_2m.tif
high_ridge,High Ridge,-37.254,146.602,1074.88,1 Second,30.0,Geoscience Australia SRTM,srtm-1sec-dem-v1-COG.tif
highland_valley_greenholm,Highland Valley (Greenholm),-35.2,138.92,204.0,1 Second,30.0,Geoscience Australia SRTM,srtm-1sec-dem-v1-COG.tif
highlands,Highlands,-36.257,146.043,273.0,1 Second,30.0,Geoscience Australia SRTM,srtm-1sec-dem-v1-COG.tif
highvale_al,Highvale AL,-27.3711,152.825,87.99,1m,1.0,QLD Government,MoretonBay_2009_LGA_SW_482000_6972000_1K_DEM_1m.tif
highwood,Highwood,-37.392,145.476,293.6,1 Second,30.0,Geoscience Australia SRTM,srtm-1sec-dem-v1-COG.tif
hills_road_al,Hills Road AL,-24.476,151.889,5.05,1m,1.0,QLD Government,Gladstone_2009_Ctl_SW_386000_7292000_2K_DEM_1m.tif
hillside,Hillside,-36.875,145.578,264.0,1 Second,30.0,Geoscience Australia SRTM,srtm-1sec-dem-v1-COG.tif
hillston_airport_comparison,Hillston Airport Comparison,-33.4915,145.525,119.38,5m,5.0,NSW Government,Hillston201511-PHO3-AHD_3626292_55_0002_0002_5m.tif
hillview_shoalhaven_river,Hillview (Shoalhaven River),-35.2,149.955,577.22,1m,1.0,NSW Government,Braidwood201501-LID1-AHD_7686100_55_0002_0002_1m.tif
hindmarsh_jerrabomberra_creek,Hindmarsh (Jerrabomberra Creek),-35.341,149.167,563.44,1m,1.0,ACT Government,ACT2020_DEM_6966086_55_01_001.tif
hinze_dam_hw_al,Hinze Dam HW AL,-28.052,153.282,82.08,1m,1.0,QLD Government,GoldCoast_2009_LGA_SW_527000_6897000_1K_DEM_1m.tif
hoddles_head_erts,Hoddles Head (ERTS),-34.155,150.465,416.26,1m,1.0,NSW Government,Burragorang201605-LID1-AHD_2666216_56_0002_0002_1m.tif
hoganthulla_xing_al,Hoganthulla Xing AL,-25.629,147.09,459.75,1 Second,30.0,Geoscience Australia SRTM,srtm-1sec-dem-v1-COG.tif
holland_ck_kelfeera,Holland Ck @ Kelfeera,-36.613,146.06,186.98,1 Second,30.0,Geoscience Australia SRTM,srtm-1sec-dem-v1-COG.tif
holland_ck_wrightley,Holland Ck @ Wrightley,-36.821,146.128,339.0,1 Second,30.0,Geoscience Australia SRTM,srtm-1sec-dem-v1-COG.tif
holland_pk_west_al,Holland Pk West AL,-27.523,153.054,27.13,1m,1.0,QLD Government,Brisbane_2009_LGA_SW_505000_6955000_1K_DEM_1m.tif
holmleigh_tm,Holmleigh Tm,-26.2999,147.9809,452.12,1 Second,30.0,Geoscience Australia SRTM,srtm-1sec-dem-v1-COG.tif
home_creek_at_yarck,Home Creek at Yarck,-37.1083,145.6031,193.0,1 Second,30.0,Geoscience Australia SRTM,srtm-1sec-dem-v1-COG.tif
homebush_station_tm,Homebush Station Tm,-26.393,147.9415,349.18,1 Second,30.0,Geoscience Australia SRTM,srtm-1sec-dem-v1-COG.tif
honeysuckle_ck_u_s_violet_town,HoneySuckle Ck U/S Violet Town,-36.713,145.758,336.75,1 Second,30.0,Geoscience Australia SRTM,srtm-1sec-dem-v1-COG.tif
hornsby_swimming_pool,Hornsby (Swimming Pool),-33.702,151.096,175.63,1m,1.0,NSW Government,Sydney201105-LID1-AHD_3226268_56_0002_0002_1m.tif
horse_creek_al,Horse Creek AL,-26.5519,150.6322,330.86,1 Second,30.0,Geoscience Australia SRTM,srtm-1sec-dem-v1-COG.tif
hotham_creek_al,Hotham Creek AL,-27.8158,153.2819,3.37,1m,1.0,QLD Government,GoldCoast_2014_LGA_SW_527000_6923000_1K_DEM_1m.tif
howes_valley_commission_road,Howes Valley (Commission Road),-32.878,150.791,236.02,2m,2.0,NSW Government,HowesValley201804-LID2-AHD_2926360_56_0002_0002_2m.tif
howes_valley_macdonald_river,Howes Valley (Macdonald River),-32.872,150.81,175.13,2m,2.0,NSW Government,HowesValley201804-LID2-AHD_2946360_56_0002_0002_2m.tif
howley_creek,Howley Creek,-13.228,131.34,68.0,1 Second,30.0,Geoscience Australia SRTM,srtm-1sec-dem-v1-COG.tif
hughenden_tm,Hughenden Tm,-20.841,144.2011,320.49,1 Second,30.0,Geoscience Australia SRTM,srtm-1sec-dem-v1-COG.tif
hughes_ck_at_tarcombe_road,Hughes Ck at Tarcombe Road,-36.95,145.284,177.0,1 Second,30.0,Geoscience Australia SRTM,srtm-1sec-dem-v1-COG.tif
hulberrts_br_tm,HulbERRTS Br Tm,-20.6419,142.6281,156.43,1m,1.0,QLD Government,Maxwelton_2012_Twn_SW_669000_7716000_1K_DEM_1m.tif
humboldt_al,Humboldt AL,-24.103,148.816,235.0,1 Second,30.0,Geoscience Australia SRTM,srtm-1sec-dem-v1-COG.tif
hume_lane_alert,Hume Lane AL,-26.8419,152.8953,158.67,1m,1.0,QLD Government,SunshineCoast_2014_LGA_SW_489000_7031000_1K_DEM_1m.tif
hummocky_hill_rep,Hummocky Hill (Rep),-41.731,147.236,437.92,1m,1.0,TAS Government,NorthernMidlands2019-DEM-1m_5195380_GDA2020_55.tif
hunter_springs_wondecla,Hunter Springs (Wondecla),-31.8626,151.4398,1238.43,2m,2.0,NSW Government,Ellerston201805-LID2-AHD_3526472_56_0002_0002_2m.tif
huonville_huon_river,Huonville (Huon River),-43.0347,147.0461,7.35,1m,1.0,TAS Government,ClimateFuturesHuon2008-DEM-1m_5035235_55.tif
hurdle_creek_at_bobinawarrah,Hurdle Creek at Bobinawarrah,-36.507,146.443,167.0,1 Second,30.0,Geoscience Australia SRTM,srtm-1sec-dem-v1-COG.tif
hurstville_erts,Hurstville (ERTS),-33.961,151.1,52.82,1m,1.0,NSW Government,Sydney201304-LID1-AHD_3246240_56_0002_0002_1m.tif
iffley_tm,Iffley Tm,-18.8536,141.1917,45.19,1 Second,30.0,Geoscience Australia SRTM,srtm-1sec-dem-v1-COG.tif
iluka_rd_local_flood_warning_system,Iluka Rd (Local flood warning system),-29.353548,153.31786,0.69,1m,1.0,NSW Government,Woodburn201003-LID1-AHD_5306752_56_0002_0002_1m.tif
imbil_al,Imbil AL,-26.457,152.68,87.36,1m,1.0,QLD Government,Gympie_2009_Rgn_SW_468000_7073000_1K_DEM_1m.tif
inala_al,Inala AL,-27.58844,152.98705,14.79,1m,1.0,QLD Government,Brisbane_2014_LGA_SW_498000_6948000_1K_DEM_1m.tif
industrial_drive_coffs_harbour,Industrial Drive (Coffs Harbour),-30.311,153.086,7.86,1m,1.0,NSW Government,CoffsHarbour201309-LID1-AHD_5086646_56_0002_0002_1m.tif
ingleburn_long_point,Ingleburn (Long Point),-34.03,150.887,51.33,1m,1.0,NSW Government,Wollongong201102-LID1-AHD_3046232_56_0002_0002_1m.tif
ingleburn_weir,Ingleburn Weir,-34.0089,150.8881,6.14,1m,1.0,NSW Government,Wollongong201906-LID1-AHD_3046234_56_0002_0002_1m.tif
inglewood,Inglewood,-34.815,138.774,369.0,1 Second,30.0,Geoscience Australia SRTM,srtm-1sec-dem-v1-COG.tif
injune_tm,Injune TM,-25.843,148.567,390.25,1m,1.0,QLD Government,Injune_2011_Twn_SW_657000_7140000_1K_DEM_1m.tif
interlaken,Interlaken,-42.147,147.172,803.86,1m,1.0,TAS Government,CentralHighlands2019-DEM-1m_5145333_GDA2020_55.tif
inverbrackie,Inverbrackie,-34.947,138.926,437.52,1m,1.0,SA Government,CudleeCreek2020_DEM_3106130_01_001.tif
inverell_fisher_rd,Inverell (Fisher Rd),-29.785,151.161,707.28,5m,5.0,NSW Government,Inverell201110-PHO3-AHD_3226702_56_0002_0002_5m.tif
irishtown_st_patricks_head_rd,Irishtown (St Patricks Head Rd ),-41.5769,148.2181,331.96,1m,1.0,TAS Government,NorthEast2012-DEM-1m_6015396_55.tif
ironbark_ck_croudace_rd,Ironbark Ck (Croudace Rd),-32.9148,151.6684,9.62,1m,1.0,NSW Government,Newcastle201409-LID1-AHD_3746356_56_0002_0002_1m.tif
ironstone_road,Ironstone Road,-34.76,138.934,462.98,1 Second,30.0,Geoscience Australia SRTM,srtm-1sec-dem-v1-COG.tif
isla_delusion_crossi,Isla-Delusion AL,-25.1803,150.185,164.59,1 Second,30.0,Geoscience Australia SRTM,srtm-1sec-dem-v1-COG.tif
ithaca_lugg_st_al,Ithaca (Lugg St) AL,-27.4492,152.9914,15.64,1m,1.0,QLD Government,Brisbane_2019_Prj_SW_499000_6963000_1k_DEM_1m.tif
ivanhoe_al,Ivanhoe AL,-25.019,146.428,475.64,1 Second,30.0,Geoscience Australia SRTM,srtm-1sec-dem-v1-COG.tif
iveragh_al,Iveragh AL,-24.132,151.446,183.6,50cm,0.5,Griffith Uni,Gladstone201801-DEM-GRID-50cm_3427330_56_0001_0001.tif
jacks_ck_al,Jacks Ck AL,-20.7525,147.8819,142.9,50cm,0.5,QLD Government,Burdekin_River_South_2024_Prj_SW_591500_7704500_500m_DEM_50cm.tif
jacobs_creek,Jacobs Creek,-34.565,138.941,228.0,1 Second,30.0,Geoscience Australia SRTM,srtm-1sec-dem-v1-COG.tif
jambin_al,Jambin AL,-24.198,150.367,133.59,1m,1.0,QLD Government,GoovigenJambin_2011_Twn_SW_232000_7321000_1K_DEM_1m.tif
jandowae_dam_alert,Jandowae Dam AL,-26.7608,151.1372,371.81,1m,1.0,QLD Government,Jandowae_2010_Twn_SW_314000_7038000_2K_DEM_1m.tif
jarrahdale,Jarrahdale,-32.3342,116.0755,232.5,1 Second,30.0,Geoscience Australia SRTM,srtm-1sec-dem-v1-COG.tif
jeeralang_north,Jeeralang North,-38.37,146.439,593.0,1 Second,30.0,Geoscience Australia SRTM,srtm-1sec-dem-v1-COG.tif
jerangle_eastwood,Jerangle (Eastwood),-35.8833,149.35,1191.72,2m,2.0,NSW Government,Michelago201803-LID2-AHD_7126026_55_0002_0002_2m.tif
jerangle_lyons_creek,Jerangle (Lyons Creek),-35.747,149.351,1058.76,2m,2.0,NSW Government,Michelago201803-LID2-AHD_7126040_55_0002_0002_2m.tif
jerangle_slap_up,Jerangle (Slap Up),-35.905,149.4517,1172.47,2m,2.0,NSW Government,Michelago201803-LID2-AHD_7206022_55_0002_0002_2m.tif
jericho_al,Jericho AL,-23.604,146.13,350.15,1m,1.0,QLD Government,Jericho_2011_Twn_SW_411000_7389000_1K_DEM_1m.tif
jerrawangla,Jerrawangla,-35.146,150.446,48.03,1m,1.0,NSW Government,Ulladulla201607-LID1-AHD_2666106_56_0002_0002_1m.tif
jerseyville,Jerseyville,-30.933,153.033,1.67,1m,1.0,NSW Government,Nambucca200910-LID1-AHD_5026576_56_0002_0002_1m.tif
jilliby_jilliby_creek,Jilliby (Jilliby Creek),-33.249,151.39,18.73,1m,1.0,NSW Government,Gosford201409-LID1-AHD_3506318_56_0002_0002_1m.tif
jimna_al,Jimna AL,-26.660556,152.451389,519.74,1m,1.0,QLD Government,Jimna_2012_Twn_SW_445000_7051000_1K_DEM_1m.tif
jindalee_al,Jindalee AL,-27.5322,152.9239,1.84,1m,1.0,QLD Government,Brisbane_2019_Prj_SW_492000_6954000_1k_DEM_1m.tif
jindalee_boat_ramp_park_al_b,Jindalee (Boat Ramp Park) AL-B,-27.538,152.929,25.32,1m,1.0,QLD Government,Brisbane_2009_LGA_SW_492000_6953000_1K_DEM_1m.tif
jindong,Jindong,-33.756,115.212,39.67,1 Second,30.0,Geoscience Australia SRTM,srtm-1sec-dem-v1-COG.tif
jingera_hillside,Jingera (Hillside),-35.786,149.419,1008.3,2m,2.0,NSW Government,Michelago201803-LID2-AHD_7186036_55_0002_0002_2m.tif
jingle_downs_al,Jingle Downs AL,-27.746,152.908,95.2,1m,1.0,QLD Government,Logan_2017_LGA_SW_490500_6930500_0.5K_DEM_1m.tif
jo_jo_station_al,Jo Jo Station AL,-24.073,147.249,427.22,1 Second,30.0,Geoscience Australia SRTM,srtm-1sec-dem-v1-COG.tif
john_bray_park_al,John Bray Park AL,-27.283,152.985,11.79,1m,1.0,QLD Government,MoretonBay_2014_LGA_SW_498000_6982000_1K_DEM_1m.tif
johnstons_bridge_toongabbee_creek,Johnstons Bridge (Toongabbee Creek),-33.781,150.966,18.82,1m,1.0,NSW Government,Penrith201906-LID1-AHD_3106260_56_0002_0002_1m.tif
jooriland_wollondilly_river,Jooriland (Wollondilly River),-34.24,150.253,246.35,1m,1.0,NSW Government,Burragorang201407-LID1-AHD_2466206_56_0002_0002_1m.tif
jordan_river_downstream_johnsons_creek,Jordan River Downstream Johnsons Creek,-37.683916,146.318409,470.15,1 Second,30.0,Geoscience Australia SRTM,srtm-1sec-dem-v1-COG.tif
jordan_st_al,Jordan St AL,-26.7669,153.0553,9.61,1m,1.0,QLD Government,Sunshine_Coast_2022_LGA_SW_505000_7039000_1k_DEM_1m.tif
joylands_al,Joylands AL,-26.394,146.574,388.95,1m,1.0,QLD Government,Charleville_2011_Twn_SW_457000_7080000_1K_DEM_1m.tif
judbury_huon_river,Judbury (Huon River),-43.0017,146.9253,49.35,2m,2.0,TAS Government,Tasmania_Statewide_2m_DEM_14-08-2021.tif
judds_road_al,Judds Road AL,-26.9133,152.8897,98.72,1m,1.0,QLD Government,SunshineCoast_2008_LGA_SW_489000_7023000_1K_DEM_1m.tif
julimar_forest,Julimar Forest,-31.456,116.371,344.56,1 Second,30.0,Geoscience Australia SRTM,srtm-1sec-dem-v1-COG.tif
kabra_alert,Kabra Alert,-23.47,150.396,27.54,1m,1.0,QLD Government,Rockhampton_2009_Prj_SW_234000_7402000_2K_DEM_1m.tif
kalang_rd_dora_creek,Kalang Road (Dora Creek),-33.0842,151.4825,0.58,1m,1.0,NSW Government,Gosford201409-LID1-AHD_3586338_56_0002_0002_1m.tif
kalbar,Kalbar,-27.9233,152.6008,77.11,1m,1.0,QLD Government,ScenicRim_2011_LGA_SW_460000_6911000_1K_DEM_1m.tif
kalbar_tm,Kalbar TM,-27.941,152.624,92.14,1m,1.0,QLD Government,ScenicRim_2011_LGA_SW_463000_6909000_1K_DEM_1m.tif
kalbar_weir_al,Kalbar Weir AL,-27.923333,152.600833,77.03,1m,1.0,QLD Government,ScenicRim_2011_LGA_SW_460000_6911000_1K_DEM_1m.tif
kallangur_al,Kallangur AL,-27.2416,152.9912,17.4,1m,1.0,QLD Government,Moreton_Bay_2018_LGA_SW_499000_6986000_1k_DEM_1m.tif
kameruka_kameruka_estate,Kameruka (Kameruka Estate),-36.739,149.71,118.19,2m,2.0,NSW Government,Bega201804-LID2-AHD_7405930_55_0002_0002_2m.tif
kandanga_tm,Kandanga TM,-26.3878,152.6842,73.66,1m,1.0,QLD Government,Gympie_2009_Rgn_SW_468000_7081000_1K_DEM_1m.tif
kangaroo_creek,Kangaroo Creek,-34.865,138.774,226.13,1m,1.0,SA Government,CudleeCreek2020_DEM_2966139_01_001.tif
kangy_angy_orchard,Kangy Angy (Orchard,-33.3333,151.3901,9.87,1m,1.0,NSW Government,Gosford202008-LID1-AHD_3506310_56_0002_0002_1m.tif
kangy_angy_ourimbah,Kangy Angy (Ourimbah Creek),-33.3319,151.3833,18.96,1m,1.0,NSW Government,Gosford202008-LID1-AHD_3486310_56_0002_0002_1m.tif
kaniva_comparison,Kaniva Comparison,-36.37206,141.24222,140.88,1 Second,30.0,Geoscience Australia SRTM,srtm-1sec-dem-v1-COG.tif
kapunda_west_kaplee,Kapunda West (Kaplee),-34.302,138.845,397.0,1 Second,30.0,Geoscience Australia SRTM,srtm-1sec-dem-v1-COG.tif
karalee_al,Karalee AL,-27.5843,152.8131,9.37,1m,1.0,QLD Government,Ipswich_2009_LGA_SW_481000_6948000_1K_DEM_1m.tif
karamea_al,Karamea AL,-24.52,149.77,102.26,1m,1.0,QLD Government,KarameaRiv_Gauge_2013_Prj_SW_780000_7285000_1K_DEM_1m.tif
karangi_orara_river,Karangi (Orara River,-30.2544,153.0328,104.53,1m,1.0,NSW Government,CoffsHarbour201607-LID1-AHD_5026652_56_0002_0002_1m.tif
kariong_reservoir,Kariong Reservoir,-33.4451,151.2966,219.88,1m,1.0,NSW Government,Gosford202008-LID1-AHD_3406298_56_0002_0002_1m.tif
karoola_park,Karoola Park,-27.2272,148.7408,246.22,1 Second,30.0,Geoscience Australia SRTM,srtm-1sec-dem-v1-COG.tif
katherine_bridge,Katherine Bridge,-14.465,132.257,98.7,1 Second,30.0,Geoscience Australia SRTM,srtm-1sec-dem-v1-COG.tif
keilambete_al,Keilambete AL,-23.4469,147.5961,258.66,50cm,0.5,Griffith Uni,Emerald201803-DEM-GRID-50cm_5607406_55_0001_0001.tif
keiraville_murphy_ave,Keiraville (Murphy Ave),-34.411,150.871,41.33,1m,1.0,NSW Government,Wollongong201304-LID1-AHD_3046190_56_0002_0002_1m.tif
kelpie_point_coxs_river,Kelpie Point (Coxs River),-33.872,150.253,121.63,1m,1.0,NSW Government,Katoomba201407-LID1-AHD_2446248_56_0002_0002_1m.tif
kelso_ck_d_s_leve,Kelso Creek U/S Levee (Georges River),-33.9548,150.9847,5.41,1m,1.0,NSW Government,Penrith201906-LID1-AHD_3126240_56_0002_0002_1m.tif
kelso_ck_u_s_leve,Kelso Creek D/S Levee (Georges River),-33.9548,150.9847,5.41,1m,1.0,NSW Government,Penrith201906-LID1-AHD_3126240_56_0002_0002_1m.tif
kelvin_grove_al,Kelvin Grove AL,-27.4369,153.0044,12.18,1m,1.0,QLD Government,Brisbane_2014_LGA_SW_500000_6965000_1K_DEM_1m.tif
kembla_grange,Kembla Grange,-34.467,150.817,32.76,1m,1.0,NSW Government,Wollongong202106-LID1-AHD_2986182_56_0002_0002_1m.tif
kenmore_hills_al,Kenmore Hills AL,-27.505833,152.925,16.12,1m,1.0,QLD Government,Brisbane_2014_LGA_SW_492000_6957000_1K_DEM_1m.tif
kentlyn_georges_river_road,Kentlyn (Georges River Road),-34.063,150.864,128.74,1m,1.0,NSW Government,Wollongong201102-LID1-AHD_3026228_56_0002_0002_1m.tif
kerkin_road_weir_al,Kerkin Road Weir AL,-27.8028,153.3392,1.26,1m,1.0,QLD Government,GoldCoast_2014_LGA_SW_533000_6924000_1K_DEM_1m.tif
kersbrook,Kersbrook,-34.786,138.865,359.0,1 Second,30.0,Geoscience Australia SRTM,srtm-1sec-dem-v1-COG.tif
keswick,Keswick,-34.947,138.583,28.91,1m,1.0,SA Government,AdelaideMetro2018_DEM_2756130_05_001.tif
kholo_bridge_al,Kholo Bridge AL,-27.565,152.7486,15.36,1m,1.0,QLD Government,Ipswich_2019_LGA_SW_475000_6950000_1k_DEM_1m.tif
kiamba_al,Kiamba AL,-26.591,152.903,140.65,1m,1.0,QLD Government,SunshineCoast_2008_LGA_SW_490000_7058000_1K_DEM_1m.tif
kiana,Kiana,-17.243,136.182,225.82,1 Second,30.0,Geoscience Australia SRTM,srtm-1sec-dem-v1-COG.tif
kiaramba_springs,Kiaramba Springs,-34.031,150.209,575.9,2m,2.0,NSW Government,Burragorang201805-LID2-AHD_2426230_56_0002_0002_2m.tif
kiels_mtn_al,Kiels Mtn AL,-26.664,153.018,3.48,1m,1.0,QLD Government,SunshineCoast_2014_LGA_SW_501000_7050000_1K_DEM_1m.tif
kies_estate,Kies Estate,-34.622,138.912,242.0,1 Second,30.0,Geoscience Australia SRTM,srtm-1sec-dem-v1-COG.tif
kiewa_river_at_bandiana,Kiewa River at Bandiana,-36.1381,146.95,162.4,1m,1.0,NSW Government,Albury202011-LID1-AHD_4946000_55_0002_0002_1m.tif
kiewa_river_at_kiewa_main_channel,Kiewa River at Kiewa (Main Channel),-36.2552,147.0192,175.64,1 Second,30.0,Geoscience Australia SRTM,srtm-1sec-dem-v1-COG.tif
kilburn,Kilburn,-34.852,138.586,5.44,1m,1.0,SA Government,AdelaideMetro2018_DEM_2756140_05_001.tif
kilcare_heights_rese,Kilcare Heights Rese,-33.5216,151.3822,152.88,1m,1.0,NSW Government,Sydney202008-LID1-AHD_3486288_56_0002_0002_1m.tif
kilcoy_al,Kilcoy AL,-26.9481,152.5836,143.93,1m,1.0,QLD Government,Kilcoy_2011_Twn_SW_458000_7019000_1K_DEM_1m.tif
killabakh,Killabakh,-31.7347,152.4,92.76,1m,1.0,NSW Government,Wingham201208-LID1-AHD_4426488_56_0002_0002_1m.tif
kimberley_mersey_river,Kimberley (Mersey River),-41.397,146.495,50.51,2m,2.0,TAS Government,MeanderValleyRegional2014-DEM-2m_4575417_55.tif
kin_kin_al,Kin Kin AL,-26.263,152.879,54.9,1m,1.0,QLD Government,Noosa_2022_LGA_SW_487000_7095000_1k_DEM_1m.tif
kin_kin_ck_wahpunga_ln_al,Kin Kin Ck (Wahpunga Ln) AL,-26.2375,152.9075,24.82,1m,1.0,QLD Government,SunshineCoast_2008_LGA_SW_490000_7098000_1K_DEM_1m.tif
kinchela_creek_d_s_floodgates,Kinchela Creek D/S Floodgates,-31.03,153.0,0.29,1m,1.0,NSW Government,KorogoroPoint200910-LID1-AHD_5006566_56_0002_0002_1m.tif
kincumber,Kincumber Repeater,-33.45,151.4031,184.11,1m,1.0,NSW Government,Gosford201105-LID1-AHD_3506296_56_0002_0002_1m.tif
kincumber_ck,Kincumber Ck,-33.472,151.392,0.4,1m,1.0,NSW Government,Gosford202008-LID1-AHD_3506294_56_0002_0002_1m.tif
kincumber_mountain_r,Kincumber Mountain R,-33.4632,151.3801,71.82,1m,1.0,NSW Government,Gosford202008-LID1-AHD_3486296_56_0002_0002_1m.tif
king_john_ck_beerburrum_rd_tm,King John Ck (Beerburrum Rd) TM,-27.051605,152.948093,10.72,1m,1.0,QLD Government,Moreton_Bay_2018_LGA_SW_494000_7007000_1k_DEM_1m.tif
king_river_cheshunt,King River @ Cheshunt,-36.831,146.398,297.31,1 Second,30.0,Geoscience Australia SRTM,srtm-1sec-dem-v1-COG.tif
king_river_docker_rd,King River @ Docker Rd,-36.518,146.387,157.0,1 Second,30.0,Geoscience Australia SRTM,srtm-1sec-dem-v1-COG.tif
kingaham_al,Kingaham AL,-26.536,152.448,460.58,1 Second,30.0,Geoscience Australia SRTM,srtm-1sec-dem-v1-COG.tif
kingfisher_camp_tm,Kingfisher Camp Tm,-17.8751,138.2835,78.64,1 Second,30.0,Geoscience Australia SRTM,srtm-1sec-dem-v1-COG.tif
kinglake,Kinglake,-37.525,145.317,543.41,1 Second,30.0,Geoscience Australia SRTM,srtm-1sec-dem-v1-COG.tif
kings_langley_nsw_soccer_federation,Kings Langley (NSW Soccer Federation),-33.74,150.946,81.22,1m,1.0,NSW Government,Penrith201906-LID1-AHD_3086264_56_0002_0002_1m.tif
kings_plains_windemere,Kings Plains (Windemere),-29.64,151.43,932.03,5m,5.0,NSW Government,Inverell201110-PHO3-AHD_3486720_56_0002_0002_5m.tif
kingsholme_montego_hills_res_al,Kingsholme (Montego Hills Res) AL,-27.8079,153.2555,36.48,1m,1.0,QLD Government,GoldCoast_2014_LGA_SW_525000_6924000_1K_DEM_1m.tif
kingsthorpe_east_st_tm,Kingsthorpe (East St) TM,-27.4792,151.8179,446.1,1m,1.0,QLD Government,Toowoomba_2015_Prj_SW_383000_6959000_1K_DEM_1m.tif
kinkora,Kinkora,-27.8344,149.6842,229.97,1 Second,30.0,Geoscience Australia SRTM,srtm-1sec-dem-v1-COG.tif
kippa_ring_al,Kippa-Ring AL,-27.217,153.093,1.7,1m,1.0,QLD Government,MoretonBay_2009_LGA_SW_509000_6989000_1K_DEM_1m.tif
kirwan_al,Kirwan AL,-19.306,146.738,14.79,1m,1.0,QLD Government,Townsville_2018_Prj_SW_472000_7865000_1.0K_DEM_1m.tif
kirwan_sandstone_dve_al,Kirwan (Sandstone Dve) AL,-19.305,146.718,10.86,1m,1.0,QLD Government,Townsville_2018_Prj_SW_470000_7865000_1.0K_DEM_1m.tif
kluvers_lkt_al,Kluvers Lkt AL,-27.207,152.703,642.74,1m,1.0,QLD Government,MoretonBay_2009_LGA_SW_470000_6990000_1K_DEM_1m.tif
koala_court_al,Koala Court AL,-26.8,153.077,7.23,1m,1.0,QLD Government,SunshineCoast_2008_LGA_SW_507000_7035000_1K_DEM_1m.tif
kobble_ck_al,Kobble Ck AL,-27.248,152.837,50.79,1m,1.0,QLD Government,MoretonBay_2014_LGA_SW_483000_6986000_1K_DEM_1m.tif
kobble_ck_ladies_rd_al,Kobble Ck (Ladies Rd) AL,-27.291,152.83,91.76,1m,1.0,QLD Government,MoretonBay_2014_LGA_SW_483000_6981000_1K_DEM_1m.tif
kogal_nulla_nulla_c,Kogal,-30.7333,152.5,97.9,2m,2.0,NSW Government,Macksville201707-LID2-AHD_4526598_56_0002_0002_2m.tif
koolaroo_cooma_cree,Koolaroo (Cooma Creek),-36.2633,149.135,813.38,1m,1.0,NSW Government,Cooma201108-LID1-AHD_6905984_55_0002_0002_1m.tif
koonandah_tm,Koonandah TM,-20.0064,148.1289,6.15,1m,1.0,QLD Government,Bowen_2013_Twn_SW_618000_7787000_1K_DEM_1m.tif
koornalla,Koornalla,-38.324,146.528,117.7,1 Second,30.0,Geoscience Australia SRTM,srtm-1sec-dem-v1-COG.tif
kooroowi_kalang_riv,Kooroowi-Scotchman (Kalang River),-30.4653,152.8222,27.82,1m,1.0,NSW Government,Dorrigo200912-LID1-AHD_4826628_56_0002_0002_1m.tif
kooroowi_sharabel,Kooroowi (Sharabel),-30.469,152.818,60.16,1m,1.0,NSW Government,Dorrigo200912-LID1-AHD_4826628_56_0002_0002_1m.tif
krambach_tipperary,Krambach (Tipperary),-32.064,152.124,186.04,1m,1.0,NSW Government,Bulahdelah201801-LID1-AHD_4166452_56_0002_0002_1m.tif
krismark_downs_al,Krismark Downs AL,-24.81,149.8247,150.6,50cm,0.5,Griffith Uni,Moura201802-DEM-GRID-50cm_7857253_55_0001_0001.tif
kroombit_dam_alert,Kroombit Dam AL,-24.418,150.774,258.93,1 Second,30.0,Geoscience Australia SRTM,srtm-1sec-dem-v1-COG.tif
kroombit_repeater_al,Kroombit Repeater AL,-24.3566,150.94,950.16,1 Second,30.0,Geoscience Australia SRTM,srtm-1sec-dem-v1-COG.tif
kroombit_tops_al,Kroombit Tops AL,-24.358,150.962,781.56,1 Second,30.0,Geoscience Australia SRTM,srtm-1sec-dem-v1-COG.tif
kulnura_jeavons,Kulnura (Jeavons),-33.1681,151.2181,350.01,1m,1.0,NSW Government,Gosford201409-LID1-AHD_3326328_56_0002_0002_1m.tif
kulumur_range_al,Kulumur Range AL,-23.814,147.752,360.25,1 Second,30.0,Geoscience Australia SRTM,srtm-1sec-dem-v1-COG.tif
kunghur_the_junction,Kunghur (The Junction),-28.467,153.262,63.26,1m,1.0,CSIRO and NEMA,RichmondRiver2023-DEM-AHD-1m_5256851_56_0001_0001.tif
kurrajong_heights_burralow_road,Kurrajong Heights (Burralow Road),-33.546,150.617,551.86,1m,1.0,NSW Government,Penrith201904-LID1-AHD_2786284_56_0002_0002_1m.tif
kurrajong_tm,Kurrajong TM,-27.6746,153.1121,5.49,1m,1.0,QLD Government,Logan_2023_LGA_SW_511000_6938000_1k_DEM_1m.tif
kuss_rd_al,Kuss Rd AL,-27.6658,152.5414,52.57,1m,1.0,QLD Government,Ipswich_2019_LGA_SW_454000_6939000_1k_DEM_1m.tif
kyndalyn_park_comparison,Kyndalyn Park Comparison,-34.7223,142.9297,64.22,5m,5.0,NSW Government,Robinvale201303-PHO3-AHD_6766156_54_0002_0002_5m.tif
laceys_ck_al,Laceys Ck AL,-27.196,152.751,104.69,1m,1.0,QLD Government,MoretonBay_2014_LGA_SW_475000_6991000_1K_DEM_1m.tif
laglan_rd_tm,Laglan Rd Tm,-22.5625,147.0721,255.86,1 Second,30.0,Geoscience Australia SRTM,srtm-1sec-dem-v1-COG.tif
laguna_wollombi_bro,Laguna (Wollombi Brook),-32.9901,151.1325,97.95,1m,1.0,NSW Government,Cessnock201409-LID1-AHD_3246348_56_0002_0002_1m.tif
laidley_alexandre_street,Laidley Alexandre Street,-27.626082,152.385557,98.64,1m,1.0,QLD Government,LockyerValley_2015_Prj_SW_439000_6944000_1K_DEM_1m.tif
lake_bathurst_somerton,Lake Bathurst (Somerton),-35.015,149.657,666.99,1m,1.0,NSW Government,Braidwood201709-LID1-AHD_7426122_55_0002_0002_1m.tif
lake_brown_al,Lake Brown AL,-24.8419,148.6937,243.76,1 Second,30.0,Geoscience Australia SRTM,srtm-1sec-dem-v1-COG.tif
lake_buffalo_head_gauge,Lake Buffalo Head Gauge,-36.71443,146.6565,272.76,1 Second,30.0,Geoscience Australia SRTM,srtm-1sec-dem-v1-COG.tif
lake_burley_griffin_boat_harbour,Lake Burley Griffin (Boat Harbour),-35.313,149.147,558.13,1m,1.0,ACT Government,ACT2020_DEM_6956090_55_01_001.tif
lake_burley_griffin_dam,Lake Burley Griffin (Dam),-35.3,149.073,549.33,1m,1.0,ACT Government,ACT2020_DEM_6886091_55_01_001.tif
lake_cargelligo_airport_comparison,Lake Cargelligo Airport Comparison,-33.2829,146.3707,178.46,5m,5.0,NSW Government,Cargelligo201602-PHO3-AHD_4406316_55_0002_0002_5m.tif
lake_chittering,Lake Chittering,-31.432,116.086,128.31,1 Second,30.0,Geoscience Australia SRTM,srtm-1sec-dem-v1-COG.tif
lake_clarendon_dam_al,Lake Clarendon Dam AL,-27.516,152.353,89.14,1m,1.0,QLD Government,LockyerValley_2015_Prj_SW_436000_6956000_1K_DEM_1m.tif
lake_conjola,Lake Conjola,-35.268,150.497,0.76,1m,1.0,NSW Government,JervisBay201105-LID1-AHD_2726094_56_0002_0002_1m.tif
lake_cooroibah_al,Lake Cooroibah AL,-26.35,153.0414,-0.38,1m,1.0,QLD Government,Noosa_2015_LGA_SW_504000_7085000_1K_DEM_1m.tif
lake_kurwongbah_al,Lake Kurwongbah AL,-27.25,152.95,19.37,1m,1.0,QLD Government,MoretonBay_2014_LGA_SW_495000_6985000_1K_DEM_1m.tif
lake_leake_fws,Lake Leake FWS,-42.007,147.796,575.94,1m,1.0,TAS Government,EastCoast2014-DEM-1m_5655349_55.tif
lake_macdonald_dam_al,Lake MacDonald Dam AL,-26.381,152.93,85.27,1m,1.0,QLD Government,Noosa_2015_LGA_SW_493000_7082000_1K_DEM_1m.tif
lake_manchester_al,Lake Manchester AL,-27.49,152.75,57.9,1m,1.0,QLD Government,Brisbane_2019_Prj_SW_475000_6959000_1k_DEM_1m.tif
lake_munmorah,Lake Munmorah (at Colongra Reserve),-33.194,151.5651,6.26,1m,1.0,NSW Government,LakeMacquarie201409-LID1-AHD_3666326_56_0002_0002_1m.tif
lake_orr_al,Lake Orr AL,-28.078,153.415,4.26,1m,1.0,QLD Government,GoldCoast_2009_LGA_SW_540000_6894000_1K_DEM_1m.tif
lake_orr_weir_tw_al,Lake Orr Weir TW AL,-28.073,153.421,3.38,1m,1.0,QLD Government,GoldCoast_2014_LGA_SW_541000_6894000_1K_DEM_1m.tif
lake_tabourie,Lake Tabourie,-35.441,150.403,1.29,1m,1.0,NSW Government,Ulladulla201105-LID1-AHD_2646074_56_0002_0002_1m.tif
lakeside_crescent_al,Lakeside Crescent AL,-27.625,152.9619,41.19,1m,1.0,QLD Government,Logan_2009_LGA_SW_496000_6944000_1K_DEM_1m.tif
lambton_reservoir,Lambton Reservoir,-32.9091,151.7036,45.54,1m,1.0,NSW Government,Newcastle201409-LID1-AHD_3786358_56_0002_0002_1m.tif
lancefield_at_ashworths_hill_winery,Lancefield at Ashworths Hill Winery,-37.235,144.7,500.34,1 Second,30.0,Geoscience Australia SRTM,srtm-1sec-dem-v1-COG.tif
landor_airstrip,Landor Airstrip,-25.1283,116.9367,368.96,1 Second,30.0,Geoscience Australia SRTM,srtm-1sec-dem-v1-COG.tif
lands_end_al,Lands End AL,-25.2144,151.2739,205.99,1 Second,30.0,Geoscience Australia SRTM,srtm-1sec-dem-v1-COG.tif
landsborough_al,Landsborough AL,-26.804,152.958,41.6,1m,1.0,QLD Government,SunshineCoast_2014_LGA_SW_495000_7035000_1K_DEM_1m.tif
lansdowne,Lansdowne,-17.6133,126.7442,360.0,1 Second,30.0,Geoscience Australia SRTM,srtm-1sec-dem-v1-COG.tif
lara,Lara,-38.017,144.4,11.0,1 Second,30.0,Geoscience Australia SRTM,srtm-1sec-dem-v1-COG.tif
largs_north,Largs North,-34.819,138.502,3.44,50cm,0.5,SA Government,AdelaideMetro2022-DEM-GRID-50cm_2716144_54_0001_0001.tif
larrawa_airstrip,Larrawa Airstrip,-18.832,126.53,260.69,1 Second,30.0,Geoscience Australia SRTM,srtm-1sec-dem-v1-COG.tif
latrobe_mersey_river,Latrobe (Mersey River),-41.237,146.401,4.03,1m,1.0,TAS Government,ClimateFuturesNorthWest2008-DEM-1m_4495434_55.tif
latrobe_river_at_kilmany_south,Latrobe River at Kilmany South,-38.1411,146.9178,9.7,1 Second,30.0,Geoscience Australia SRTM,srtm-1sec-dem-v1-COG.tif
latrobe_river_at_noojee,Latrobe River at Noojee,-37.9081,146.0211,236.44,1 Second,30.0,Geoscience Australia SRTM,srtm-1sec-dem-v1-COG.tif
latrobe_river_at_rosedale,Latrobe River at Rosedale,-38.142,146.791,14.99,1 Second,30.0,Geoscience Australia SRTM,srtm-1sec-dem-v1-COG.tif
laurel_bank_tm,Laurel Bank TM,-23.2967,150.435,13.27,50cm,0.5,Griffith Uni,Rockhampton201305-DEM-GRID-50cm_2377421_56_0001_0001.tif
lauriston_reservoir_repeater,Lauriston Reservoir Repeater,-37.2536,144.3821,488.86,1 Second,30.0,Geoscience Australia SRTM,srtm-1sec-dem-v1-COG.tif
lawnton_al,Lawnton AL,-27.276,152.994,1.24,1m,1.0,QLD Government,MoretonBay_2014_LGA_SW_499000_6982000_1K_DEM_1m.tif
lawnton_todds_rd_al,Lawnton (Todds Rd) AL,-27.282,152.969,13.57,1m,1.0,QLD Government,MoretonBay_2009_LGA_SW_496000_6982000_1K_DEM_1m.tif
lawrence_rd_pringles_way,Lawrence Rd (Pringles Way),-29.413,153.015,111.95,1m,1.0,NSW Government,Woodburn201003-LID1-AHD_5006746_56_0002_0002_1m.tif
lees_crossing_al,Lees Crossing AL,-27.2104,152.8101,64.46,1m,1.0,QLD Government,MoretonBay_2009_LGA_SW_481000_6990000_1K_DEM_1m.tif
leichardt,Leichardt,-34.824,138.652,80.31,50cm,0.5,SA Government,AdelaideMetro2022-DEM-GRID-50cm_2856143_54_0001_0001.tif
leigh_river_at_mt_mercer,Leigh River at Mt Mercer,-37.8128,143.9178,291.37,1 Second,30.0,Geoscience Australia SRTM,srtm-1sec-dem-v1-COG.tif
lenah_valley,Lenah Valley,-42.877,147.255,270.86,1m,1.0,TAS Government,HobartCity2024-DEM-1m_5205252_GDA2020_55.tif
lenswood,Lenswood,-34.948,138.807,453.47,1 Second,30.0,Geoscience Australia SRTM,srtm-1sec-dem-v1-COG.tif
lenswood_alert,Lenswood Alert,-34.938,138.821,393.74,50cm,0.5,SA Government,MtBarker2021-DEM-GRID-0_5_3006131_54_0001_0001.tif
leopold_downs_tbrg,Leopold Downs TBRG,-17.753,125.381,216.0,1 Second,30.0,Geoscience Australia SRTM,srtm-1sec-dem-v1-COG.tif
lesdale_al,Lesdale AL,-26.374,146.524,393.58,1m,1.0,QLD Government,Charleville_2011_Twn_SW_452000_7082000_1K_DEM_1m.tif
leslie_harrison_dam_al,Leslie Harrison Dam AL,-27.529,153.18,18.32,1m,1.0,QLD Government,Redland_2009_LGA_SW_517000_6954000_1K_DEM_1m.tif
letitia_2a,Letitia 2A,-28.1973,153.56,-0.32,1m,1.0,CSIRO and NEMA,RichmondRiver2023-DEM-AHD-1m_5546880_56_0001_0001.tif
lewis_hill,Lewis Hill,-41.821,147.953,227.26,1m,1.0,TAS Government,NorthernMidlands2019-DEM-1m_5795369_GDA2020_55.tif
lidcombe_carnarvon_golf_club,Lidcombe (Carnarvon Golf Club),-33.879,151.039,26.42,1m,1.0,NSW Government,Sydney202005-LID1-AHD_3186248_56_0002_0002_1m.tif
lightning_ridge_airport,Lightning Ridge Airport,-29.452404,147.979686,160.88,5m,5.0,NSW Government,LightningRidge201801-PHO3-AHD_5946740_55_0002_0002_5m.tif
lillian_rock_williams_road,Lillian Rock (Williams Road),-28.528,153.152,341.58,1m,1.0,NSW Government,Lismore201707-LID1-AHD_5146844_56_0002_0002_1m.tif
limestone_park_dentention_basin_al,Limestone Park (Dentention Basin) AL,-27.6211,152.7657,34.12,1m,1.0,QLD Government,Ipswich_2009_LGA_SW_476000_6944000_1K_DEM_1m.tif
limpinwood_bald_mountain,Limpinwood (Bald Mountain),-28.306,153.217,100.84,2m,2.0,NSW Government,Murwillumbah201709-LID2-AHD_5206868_56_0002_0002_2m.tif
lindfield_al,Lindfield AL,-26.8369,152.5811,148.87,1 Second,30.0,Geoscience Australia SRTM,srtm-1sec-dem-v1-COG.tif
linkes_causeway_aler,Linkes Causeway AL,-24.3806,150.5492,177.0,50cm,0.5,Griffith Uni,Moura201802-DEM-GRID-50cm_2517301_56_0001_0001.tif
linville_al,Linville AL,-26.8044,152.2719,131.97,1m,1.0,QLD Government,LinvilleToogoolawah_2012_Rgn_SW_427000_7035000_1K_DEM_1m.tif
lipscombe_rd_al,Lipscombe Rd AL,-27.2031,153.0147,7.48,1m,1.0,QLD Government,MoretonBay_2014_LGA_SW_501000_6991000_1K_DEM_1m.tif
lisarow,Lisarow,-33.38,151.375,23.51,1m,1.0,NSW Government,Gosford201105-LID1-AHD_3486304_56_0002_0002_1m.tif
lismore_wilsons_river,Lismore (Wilsons River),-28.81,153.2733,3.9,1m,1.0,CSIRO and NEMA,RichmondRiver2023-DEM-AHD-1m_5266813_56_0001_0001.tif
lithgow_coxs_river,Lithgow (Coxs River),-33.53,150.083,794.72,1m,1.0,NSW Government,Katoomba201108-LID1-AHD_2286286_56_0002_0002_1m.tif
little_bay_the_coast_golf_club,Little Bay (The Coast Golf Club),-33.985,151.249,23.78,1m,1.0,NSW Government,Sydney201304-LID1-AHD_3386238_56_0002_0002_1m.tif
little_egypt_al,Little Egypt AL,-27.704167,152.065,510.71,1m,1.0,QLD Government,LockyerValleySouth_2011_Rgn_SW_407000_6935000_1K_DEM_1m.tif
little_nerang_dam_al,Little Nerang Dam AL,-28.1467,153.285,168.25,1m,1.0,QLD Government,GoldCoast_2009_LGA_SW_527000_6886000_1K_DEM_1m.tif
little_oakey_creek_alert,Little Oakey Ck AL,-27.2906,152.1994,355.82,1m,1.0,QLD Government,EsktoToogoolawah_2010_Rgn_SW_420000_6981000_1K_DEM_1m.tif
little_para_reservoir,Little Para Reservoir,-34.754,138.719,150.34,50cm,0.5,SA Government,AdelaideMetro2022-DEM-GRID-50cm_2916151_54_0001_0001.tif
little_river_at_arthurville,Little RIver at Arthurville,-32.571624,148.724746,290.42,5m,5.0,NSW Government,Wellington201409-PHO3-AHD_6606394_55_0002_0002_5m.tif
little_swanport_lisdillon_farm,Little Swanport (Lisdillon Farm),-42.289,148.001,18.33,1m,1.0,TAS Government,EastCoast2020-DEM-1m_5825317_GDA2020_55.tif
liverpool_scrivener_st_georges_river,Liverpool-Scrivener St (Georges River),-33.9203,150.944,3.01,1m,1.0,NSW Government,Penrith201906-LID1-AHD_3086244_56_0002_0002_1m.tif
liverpool_weir_u_s,Liverpool Weir U/S (Georges River),-33.9267,150.9172,26.0,1m,1.0,NSW Government,Penrith201906-LID1-AHD_3066244_56_0002_0002_1m.tif
loaders_lane_coffs_harbour,Loaders Lane (Coffs Harbour),-30.288,153.092,13.68,1m,1.0,NSW Government,CoffsHarbour201309-LID1-AHD_5086648_56_0002_0002_1m.tif
loadstone_high_view,Loadstone (High View),-28.412,152.983,151.83,1m,1.0,CSIRO and NEMA,RichmondRiver2023-DEM-AHD-1m_4986857_56_0001_0001.tif
lobbs_hole_murrumbidgee_river,Lobbs Hole (Murrumbidgee River),-35.54,149.1,634.95,1m,1.0,ACT Government,ACT2020_DEM_6906065_55_01_001.tif
lobethal_graeber,Lobethal (Graeber),-34.912009,138.88453,430.32,1m,1.0,SA Government,CudleeCreek2020_DEM_3066134_01_001.tif
lochsport_marina,Lochsport Marina,-38.044357,147.581985,0.0,1 Second,30.0,Geoscience Australia SRTM,srtm-1sec-dem-v1-COG.tif
loddon_al,Loddon AL,-26.51,145.6172,373.01,1 Second,30.0,Geoscience Australia SRTM,srtm-1sec-dem-v1-COG.tif
loder_ck_al,Loder Ck AL,-27.97,153.3964,6.91,1m,1.0,QLD Government,GoldCoast_2014_LGA_SW_538000_6906000_1K_DEM_1m.tif
loder_ck_dam_al,Loder Ck Dam AL,-27.9675,153.3867,8.91,1m,1.0,QLD Government,GoldCoast_2014_LGA_SW_538000_6906000_1K_DEM_1m.tif
logan_ck_tm,Logan Ck Tm,-22.1653,147.5628,248.45,1m,1.0,QLD Government,Logan_Creek_Catchments_2023_Prj_SW_558000_7548000_1k_DEM_1m.tif
lol_gray,Lol Gray,-32.828,116.822,269.45,1 Second,30.0,Geoscience Australia SRTM,srtm-1sec-dem-v1-COG.tif
lolworth_ck_tm,Lolworth Ck Tm,-20.2021,145.0248,639.97,1 Second,30.0,Geoscience Australia SRTM,srtm-1sec-dem-v1-COG.tif
lonesome_ck_al,Lonesome Ck AL,-24.8167,150.1617,167.94,50cm,0.5,Griffith Uni,Moura201802-DEM-GRID-50cm_2137252_56_0001_0001.tif
long_flat_repeater,Long Flat (Repeater),-31.445,152.477,351.54,2m,2.0,NSW Government,Cowarral201804-LID2-AHD_4506520_56_0002_0002_2m.tif
long_forest,Long Forest,-31.349,116.65,301.99,1 Second,30.0,Geoscience Australia SRTM,srtm-1sec-dem-v1-COG.tif
longford_south_esk_river,Longford (South Esk River),-41.5886,147.1233,135.3,1m,1.0,TAS Government,Nile2017-DEM-1m_5105395_55.tif
longwood,Longwood,-35.051,138.726,427.79,1 Second,30.0,Geoscience Australia SRTM,srtm-1sec-dem-v1-COG.tif
lookout_rd_reservoir,Lookout Rd Reservoir,-32.9321,151.6899,141.24,1m,1.0,NSW Government,Newcastle201409-LID1-AHD_3766354_56_0002_0002_1m.tif
lorraine,Lorraine,-19.0067,139.8961,60.19,1 Second,30.0,Geoscience Australia SRTM,srtm-1sec-dem-v1-COG.tif
loudoun_bridge_alert_decoupled_rg,Loudoun Bridge Alert (Decoupled RG),-27.327824,150.921772,351.29,1m,1.0,QLD Government,Surat_CMA_2012_OGIA_SW_294000_6975000_1k_DEM_1m.tif
lowanna_lowanna_road,Lowanna (Lowanna Road),-30.21,152.899,547.45,2m,2.0,NSW Government,Dorrigo201801-LID2-AHD_4906656_56_0002_0002_2m.tif
lower_bradleys_al,Lower Bradleys AL,-26.3736,146.3397,307.69,1m,1.0,QLD Government,Charleville_2014_Twn_SW_434000_7082000_1K_DEM_1m.tif
lower_lawn_hill_cree,Lower Lawn Hill Cree,-18.2369,138.6428,58.26,1 Second,30.0,Geoscience Australia SRTM,srtm-1sec-dem-v1-COG.tif
lower_portland_hawkesbury_river,Lower Portland (Hawkesbury River),-33.438,150.892,6.5,1m,1.0,NSW Government,StAlbans201705-LID1-AHD_3046298_56_0002_0002_1m.tif
lower_springbrook_al,Lower Springbrook AL,-28.208,153.27,724.28,1m,1.0,QLD Government,GoldCoast_2009_LGA_SW_526000_6879000_1K_DEM_1m.tif
lower_walker_ck_tm,Lower Walker Ck Tm,-17.4725,141.1789,8.98,1 Second,30.0,Geoscience Australia SRTM,srtm-1sec-dem-v1-COG.tif
lowood,Lowood,-27.4708,152.5894,40.43,1m,1.0,QLD Government,Somerset_2009_Prj_SW_459000_6961000_1K_DEM_1m.tif
lowood_al_p,Lowood AL-P,-27.471,152.594,50.6,1m,1.0,QLD Government,Somerset_2009_Prj_SW_459000_6961000_1K_DEM_1m.tif
lowood_pump_stn_al,Lowood Pump Stn AL,-27.473,152.593,83.7,1m,1.0,QLD Government,Somerset_2009_Prj_SW_459000_6961000_1K_DEM_1m.tif
loyalty_road_basin_darling_mills_ck,Loyalty Road Basin (Darling Mills Ck),-33.776,151.005,21.75,1m,1.0,NSW Government,Sydney201304-LID1-AHD_3146260_56_0002_0002_1m.tif
lucas_heights_ansto,Lucas Heights (ANSTO),-34.052,150.98,157.45,1m,1.0,NSW Government,Wollongong202004-LID1-AHD_3126230_56_0002_0002_1m.tif
ludlow,Ludlow,-33.6022,115.5014,13.98,1 Second,30.0,Geoscience Australia SRTM,srtm-1sec-dem-v1-COG.tif
luggage_point_al,Luggage Point AL,-27.3828,153.1464,3.27,1m,1.0,QLD Government,Brisbane_2009_LGA_SW_514000_6971000_1K_DEM_1m.tif
luscombe_al,Luscombe AL,-27.806,153.207,227.71,1m,1.0,QLD Government,GoldCoast_2009_LGA_SW_520000_6924000_1K_DEM_1m.tif
lyons_al,Lyons AL,-27.763,152.837,177.6,1m,1.0,QLD Government,Logan_2021_GDA2020_LGA_SW_483500_6929000_500m_DEM_1m.tif
lyons_river_airstrip,Lyons River Airstrip,-24.62,115.3347,187.85,1 Second,30.0,Geoscience Australia SRTM,srtm-1sec-dem-v1-COG.tif
lytton_al,Lytton AL,-27.421,153.162,3.28,1m,1.0,QLD Government,Brisbane_2019_Prj_SW_516000_6966000_1k_DEM_1m.tif
macalister_river_at_glencairn,Macalister River at Glencairn,-37.517,146.567,296.49,1 Second,30.0,Geoscience Australia SRTM,srtm-1sec-dem-v1-COG.tif
macalister_river_at_lake_glenmaggie_hg,Macalister River at Lake Glenmaggie HG,-37.89,146.79,115.0,1 Second,30.0,Geoscience Australia SRTM,srtm-1sec-dem-v1-COG.tif
macalister_river_at_lake_glenmaggie_tg,Macalister River at Lake Glenmaggie TG,-37.91,146.81,98.62,1 Second,30.0,Geoscience Australia SRTM,srtm-1sec-dem-v1-COG.tif
macalister_river_at_licola,Macalister River at Licola,-37.62344,146.6208,304.95,1 Second,30.0,Geoscience Australia SRTM,srtm-1sec-dem-v1-COG.tif
macalister_river_at_stringybark_ck,Macalister River at Stringybark Ck,-37.76838,146.6681,110.83,1 Second,30.0,Geoscience Australia SRTM,srtm-1sec-dem-v1-COG.tif
macauleys_reservoir_coffs_harbour,Macauleys Reservoir (Coffs Harbour),-30.276,153.13,88.49,1m,1.0,NSW Government,CoffsHarbour201309-LID1-AHD_5126650_56_0002_0002_1m.tif
macclesfield,Macclesfield,-35.189,138.826,313.96,1 Second,30.0,Geoscience Australia SRTM,srtm-1sec-dem-v1-COG.tif
mackenzie_river_at_mckenzie_creek,Mackenzie River at Mckenzie Creek,-36.807,142.183,143.7,1 Second,30.0,Geoscience Australia SRTM,srtm-1sec-dem-v1-COG.tif
macksville_nambucca,Macksville-Princess Street (Nambucca River),-30.7078,152.92,2.63,1m,1.0,NSW Government,Macksville201607-LID1-AHD_4926602_56_0002_0002_1m.tif
macquarie_college,Macquarie College,-32.9209,151.6514,70.42,1m,1.0,NSW Government,Newcastle201409-LID1-AHD_3726356_56_0002_0002_1m.tif
macquarie_plains_derwent_river,Macquarie Plains (Derwent River),-42.708,146.91,18.75,1m,1.0,TAS Government,BushyPark2019-DEM-1m_4925271_GDA2020_55.tif
macquarie_river_d_s_stp,Macquarie River D/S STP,-33.397,149.568,648.54,2m,2.0,NSW Government,Bathurst201510-LID2-AHD_7386300_55_0002_0002_2m.tif
macquarie_river_u_s_stp,Macquarie River U/S STP,-33.402,149.577,645.33,2m,2.0,NSW Government,Bathurst201510-LID2-AHD_7386300_55_0002_0002_2m.tif
magill,Magill,-34.909,138.672,107.79,50cm,0.5,SA Government,AdelaideMetro2022-DEM-GRID-50cm_2876134_54_0001_0001.tif
magnolia_al,Magnolia AL,-25.724,152.666,20.65,1m,1.0,QLD Government,FraserCoast_2009_Ctl_SW_466000_7154000_1K_DEM_1m.tif
maguires_ck_at_tevan,Maguires Ck at Tevan,-28.808,153.4867,3.38,1m,1.0,NSW Government,Lismore201006-LID1-AHD_5466812_56_0002_0002_1m.tif
maidment_road,Maidment Road,-34.872,138.906,485.18,1m,1.0,SA Government,CudleeCreek2020_DEM_3086139_01_001.tif
majors_creek_larmer_street,Majors Creek (Larmer Street),-35.567,149.741,675.57,2m,2.0,NSW Government,Araluen201804-LID2-AHD_7486060_55_0002_0002_2m.tif
malakoff_junction_al,Malakoff Junction AL,-24.3131,150.7758,269.19,1 Second,30.0,Geoscience Australia SRTM,srtm-1sec-dem-v1-COG.tif
malmsbury_reservoir,Malmsbury Reservoir,-37.1956,144.3758,448.98,1 Second,30.0,Geoscience Australia SRTM,srtm-1sec-dem-v1-COG.tif
mandagery_rawene,Mandagery (Rawene),-33.268,148.394,417.68,5m,5.0,NSW Government,Parkes201509-PHO3-AHD_6286318_55_0002_0002_5m.tif
mandurama_post_office,Mandurama Post Office,-33.649,149.076,660.79,5m,5.0,NSW Government,Blayney201407-PHO3-AHD_6926274_55_0002_0002_5m.tif
manildra_hazeldale,Manildra (Hazeldale),-33.163,148.588,523.82,5m,5.0,NSW Government,Molong201403-PHO3-AHD_6486328_55_0002_0002_5m.tif
manilla_museum,Manilla (Museum),-30.746,150.72,353.87,5m,5.0,NSW Government,Manilla201210-PHO3-AHD_2806596_56_0002_0002_5m.tif
manilla_warrabah,Manilla (Warrabah),-30.47,150.954,853.37,5m,5.0,NSW Government,Cobbadah201210-PHO3-AHD_3026626_56_0002_0002_5m.tif
manly_al,Manly AL,-27.462,153.181,23.53,1m,1.0,QLD Government,Brisbane_2009_LGA_SW_517000_6962000_1K_DEM_1m.tif
mansfield_al,Mansfield AL,-27.53,153.105,19.05,1m,1.0,QLD Government,Brisbane_2009_LGA_SW_510000_6954000_1K_DEM_1m.tif
mantuan_downs_west_al,Mantuan Downs (West) AL,-24.3013,147.1335,428.0,1 Second,30.0,Geoscience Australia SRTM,srtm-1sec-dem-v1-COG.tif
maranboy_hill,Maranboy Hill,-14.526,132.8,234.2,1 Second,30.0,Geoscience Australia SRTM,srtm-1sec-dem-v1-COG.tif
marathon_tm,Marathon Tm,-20.8175,143.5769,238.04,1 Second,30.0,Geoscience Australia SRTM,srtm-1sec-dem-v1-COG.tif
marburg_al,Marburg AL,-27.5778,152.5936,79.56,1m,1.0,QLD Government,Ipswich_2009_LGA_SW_459000_6949000_1K_DEM_1m.tif
margaret_river_airstrip,Margaret River Airstrip,-18.622,126.883,282.92,1 Second,30.0,Geoscience Australia SRTM,srtm-1sec-dem-v1-COG.tif
mariala_national_par,Mariala National Par,-25.9892,145.0188,379.74,1 Second,30.0,Geoscience Australia SRTM,srtm-1sec-dem-v1-COG.tif
marion,Marion,-35.011,138.559,29.9,50cm,0.5,SA Government,AdelaideMetro2022-DEM-GRID-50cm_2776123_54_0001_0001.tif
marion_downs,Marion Downs,-23.365,139.6556,128.55,1 Second,30.0,Geoscience Australia SRTM,srtm-1sec-dem-v1-COG.tif
marion_downs_2,Marion Downs,-17.0557,126.8393,459.0,1 Second,30.0,Geoscience Australia SRTM,srtm-1sec-dem-v1-COG.tif
marion_downs_tm,Marion Downs Tm,-23.3643,139.6562,122.68,1 Second,30.0,Geoscience Australia SRTM,srtm-1sec-dem-v1-COG.tif
markwell_myall_river,Markwell (Myall River),-32.381,152.197,2.98,1m,1.0,NSW Government,Bulahdelah201306-LID1-AHD_4246416_56_0002_0002_1m.tif
marlbed_comparison,Marlbed Comparison,-35.798,142.877,93.49,1 Second,30.0,Geoscience Australia SRTM,srtm-1sec-dem-v1-COG.tif
marlborough_helipad_tm,Marlborough Helipad TM,-22.815,149.8878,85.82,50cm,0.5,Griffith Uni,Rockhampton201305-DEM-GRID-50cm_7967474_55_0001_0001.tif
marlua_al,Marlua AL,-24.193,151.156,68.93,1 Second,30.0,Geoscience Australia SRTM,srtm-1sec-dem-v1-COG.tif
marodian_tm,Marodian Tm,-25.9,152.3497,46.12,1 Second,30.0,Geoscience Australia SRTM,srtm-1sec-dem-v1-COG.tif
maroochy_intake_weir_al,Maroochy Intake Weir AL,-26.588,152.891,156.07,1m,1.0,QLD Government,SunshineCoast_2014_LGA_SW_489000_7059000_1K_DEM_1m.tif
maroochydore_depot_al,Maroochydore Depot AL,-26.669,153.077,6.27,1m,1.0,QLD Government,Sunshine_Coast_2022_LGA_SW_507000_7050000_1k_DEM_1m.tif
maroon_dam_al,Maroon Dam AL,-28.184,152.654,207.54,1m,1.0,QLD Government,ScenicRim_2011_LGA_SW_466000_6882000_1K_DEM_1m.tif
maroon_dam_inflow_al,Maroon Dam Inflow AL,-28.2197,152.6078,223.9,1m,1.0,QLD Government,ScenicRim_2011_LGA_SW_461000_6878000_1K_DEM_1m.tif
maroota_tobruk,Maroota (Tobruk),-33.431,150.989,214.46,1m,1.0,NSW Government,StAlbans201705-LID1-AHD_3126298_56_0002_0002_1m.tif
marrara,Marrara,-12.397,130.878,17.31,1 Second,30.0,Geoscience Australia SRTM,srtm-1sec-dem-v1-COG.tif
marrickville_golf_club,Marrickville Golf Club,-33.921,151.141,2.05,1m,1.0,NSW Government,Sydney202005-LID1-AHD_3286244_56_0002_0002_1m.tif
marsden_weir,Marsden Weir,-33.812,151.002,11.96,1m,1.0,NSW Government,Sydney201906-LID1-AHD_3146256_56_0002_0002_1m.tif
marshall_rd_al,Marshall Rd AL,-27.555,153.009,10.89,1m,1.0,QLD Government,Brisbane_2014_LGA_SW_500000_6952000_1K_DEM_1m.tif
mary_parker_drive_tm,Mary Parker Dv AL,-16.9427,145.6956,24.03,1m,1.0,QLD Government,Cairns_2010_Prj_SW_361000_8126000_1K_DEM_1m.tif
maryvale_al,Maryvale AL,-26.5514,146.9408,441.92,1 Second,30.0,Geoscience Australia SRTM,srtm-1sec-dem-v1-COG.tif
maryvale_ck_niall_r,Maryvale Ck (Niall R,-19.4826,145.2713,426.0,1 Second,30.0,Geoscience Australia SRTM,srtm-1sec-dem-v1-COG.tif
mathinna,Mathinna,-41.466,147.889,280.15,1m,1.0,TAS Government,NorthEast2012-DEM-1m_5745409_55.tif
mawsons_rd_al,Mawsons Rd AL,-26.8775,153.0041,8.97,1m,1.0,QLD Government,SunshineCoast_2008_LGA_SW_500000_7027000_1K_DEM_1m.tif
mccord_st_al,McCord St AL,-27.4178,153.0308,12.02,1m,1.0,QLD Government,Brisbane_2019_Prj_SW_503000_6967000_1k_DEM_1m.tif
mccreadys_creek_al,McCreadys Creek AL,-21.073,149.156,8.24,1m,1.0,QLD Government,Mackay_2009_Rgn_SW_724000_7668000_2K_DEM_1m.tif
mckillop_al,McKillop AL,-21.0814,149.1839,4.58,1m,1.0,QLD Government,Mackay_2009_Rgn_SW_726000_7666000_2K_DEM_1m.tif
mclennan_straight_at_hollands_landing,Mclennan Straight at Hollands Landing,-38.0544,147.4597,2.0,1 Second,30.0,Geoscience Australia SRTM,srtm-1sec-dem-v1-COG.tif
mcmahons_lookout,McMahons Lookout,-33.883,150.383,678.73,1m,1.0,NSW Government,Katoomba201407-LID1-AHD_2566246_56_0002_0002_1m.tif
mcmillan_strait_at_paynesville,McMillan Strait at Paynesville,-37.912,147.729,3.0,1 Second,30.0,Geoscience Australia SRTM,srtm-1sec-dem-v1-COG.tif
mcvitties_hill,McVitties Hill,-34.827,139.009,481.48,1m,1.0,SA Government,CudleeCreek2020_DEM_3176144_01_001.tif
meadow_flat_rd_bridge_al,Meadow Flat Rd Bridge AL,-27.736,152.467,87.46,1m,1.0,QLD Government,Ipswich_2019_LGA_SW_447000_6931000_1k_DEM_1m.tif
meander,Meander,-41.649,146.615,288.73,1m,1.0,TAS Government,MeanderValleyUrban2014-1m-DEM_4675389_55.tif
medway_al,Medway AL,-23.7425,147.3799,290.58,1 Second,30.0,Geoscience Australia SRTM,srtm-1sec-dem-v1-COG.tif
meengo,Meengo,-36.08,141.1,132.18,1 Second,30.0,Geoscience Australia SRTM,srtm-1sec-dem-v1-COG.tif
meldrum_coolawarrah,Meldrum (Coolawarrah),-30.361,152.492,1234.96,2m,2.0,NSW Government,Ebor201801-LID2-AHD_4506640_56_0002_0002_2m.tif
menangle_bridge_nepean_river,Menangle Bridge (Nepean River),-34.118,150.744,62.32,1m,1.0,NSW Government,Wollongong201102-LID1-AHD_2906222_56_0002_0002_1m.tif
menangle_weir_nepean_river,Menangle Weir (Nepean River),-34.1177,150.7394,63.44,1m,1.0,NSW Government,Wollongong201102-LID1-AHD_2906222_56_0002_0002_1m.tif
merewether_pump_station,Merewether Pump Station,-32.9454,151.748,29.82,1m,1.0,NSW Government,Newcastle201409-LID1-AHD_3826354_56_0002_0002_1m.tif
meridan_way_al,Meridan Way AL,-26.764,153.1,1.27,1m,1.0,QLD Government,SunshineCoast_2008_LGA_SW_509000_7039000_1K_DEM_1m.tif
merlin_mine,Merlin Mine,-16.821,136.333,195.0,1 Second,30.0,Geoscience Australia SRTM,srtm-1sec-dem-v1-COG.tif
merrimans_creek_at_seaspray,Merrimans Creek at Seaspray,-38.361,147.162,12.0,1 Second,30.0,Geoscience Australia SRTM,srtm-1sec-dem-v1-COG.tif
merrimans_creek_at_stradbroke_west,Merrimans Creek at Stradbroke West,-38.268,146.865,102.99,1 Second,30.0,Geoscience Australia SRTM,srtm-1sec-dem-v1-COG.tif
merriwa_mar_lea,Merriwa (Mar-lea),-32.067,150.233,397.28,2m,2.0,NSW Government,Merriwa201710-LID2-AHD_2386448_56_0002_0002_2m.tif
merriwagga_old_school_caravan_park_comparison,Merriwagga (Old School Caravan Park) Comparison,-33.814,145.628,114.75,5m,5.0,NSW Government,Merriwagga201202-PHO3-AHD_3726256_55_0002_0002_5m.tif
merrylands_west_finlayson_creek,Merrylands West (Finlayson Creek),-33.837,150.957,55.26,1m,1.0,NSW Government,Penrith201304-LID1-AHD_3106254_56_0002_0002_1m.tif
mid_kroombit_al,Mid Kroombit AL,-24.4145,150.885,733.3,1 Second,30.0,Geoscience Australia SRTM,srtm-1sec-dem-v1-COG.tif
middle_ck_al,Middle Creek AL,-26.3242,146.4383,388.03,1 Second,30.0,Geoscience Australia SRTM,srtm-1sec-dem-v1-COG.tif
middlemount_al,Middlemount AL,-22.811,148.676,275.37,50cm,0.5,Griffith Uni,Emerald201305-DEM-GRID-50cm_6727476_55_0001_0001.tif
milbrodale_school,Milbrodale School,-32.697,151.005,81.16,1m,1.0,NSW Government,Cessnock201110-LID1-AHD_3126380_56_0002_0002_1m.tif
millards_creek,Millards Creek,-35.355,150.473,0.96,1m,1.0,NSW Government,Ulladulla_202311_LID1_AHD_1m_1km_56_2706084.tif
millbank,Millbank,-30.87,152.627,63.84,2m,2.0,NSW Government,Macksville201707-LID2-AHD_4646584_56_0002_0002_2m.tif
millbrae,Millbrae,-35.024,139.001,257.34,1m,1.0,SA Government,CudleeCreek2020_DEM_3176122_01_001.tif
millbrook_al,Millbrook AL,-27.9411,151.7222,412.94,1m,1.0,QLD Government,Toowoomba_2010_Prj_SW_374000_6908000_1K_DEM_1m.tif
millbrook_reservoir,Millbrook Reservoir,-34.833,138.821,315.31,1m,1.0,SA Government,CudleeCreek2020_DEM_3006143_01_001.tif
millfield_congewai,Millfield (Congewai Creek),-32.9783,151.2463,510.77,1m,1.0,NSW Government,Cessnock201409-LID1-AHD_3366348_56_0002_0002_1m.tif
milperra_bridge_georges_river,Milperra Bridge (Georges River),-33.927,150.974,1.54,1m,1.0,NSW Government,Penrith201304-LID1-AHD_3126244_56_0002_0002_1m.tif
milroy_tm,Milroy Tm,-26.0556,144.3533,221.1,1 Second,30.0,Geoscience Australia SRTM,srtm-1sec-dem-v1-COG.tif
milton_al,Milton AL,-24.282,151.286,46.09,1m,1.0,QLD Government,NagoorintoManyPeaks_2012_Rgn_SW_326000_7313000_1K_DEM_1m.tif
milton_park,Milton Park,-34.495,139.081,332.84,1 Second,30.0,Geoscience Australia SRTM,srtm-1sec-dem-v1-COG.tif
milton_park_cornbrook,Milton Park (Cornbrook),-34.497,139.084,356.0,1 Second,30.0,Geoscience Australia SRTM,srtm-1sec-dem-v1-COG.tif
mimdale_al,Mimdale AL,-24.515,151.7356,34.9,1m,1.0,QLD Government,Gladstone_2009_Rgn_SW_370000_7288000_2K_DEM_1m.tif
mindalla_tbrg,Mindalla TBRG,-30.422,116.458,311.07,1 Second,30.0,Geoscience Australia SRTM,srtm-1sec-dem-v1-COG.tif
mingah_springs,Mingah Springs,-24.9483,118.7147,527.66,1 Second,30.0,Geoscience Australia SRTM,srtm-1sec-dem-v1-COG.tif
mingo_ck_al,Mingo Ck AL,-25.3206,151.7214,136.18,1m,1.0,QLD Government,GoodNight_2014_Prj_SW_371000_7198000_1K_DEM_1m.tif
minnie_creek_airstrip,Minnie Creek Airstrip,-24.0297,115.6894,257.97,1 Second,30.0,Geoscience Australia SRTM,srtm-1sec-dem-v1-COG.tif
minnie_water_pump_s,Minnie Waters Pump Shed,-29.7847,153.2639,22.84,1m,1.0,NSW Government,Barepoint201004-LID1-AHD_5246704_56_0002_0002_1m.tif
minno_creek,Minno Creek,-35.034,138.624,192.05,1m,1.0,SA Government,AdelaideMetro2018_DEM_2806120_05_001.tif
minston_park,Minston Park,-31.26,116.13,289.94,1 Second,30.0,Geoscience Australia SRTM,srtm-1sec-dem-v1-COG.tif
mirani,Mirani,-21.1583,148.8608,51.24,50cm,0.5,Griffith Uni,Mackay201308-DEM-GRID-50cm_6937659_55_0001_0001.tif
mirannie_maeranie_station,Mirannie (Maeranie Station),-32.393,151.374,181.01,2m,2.0,NSW Government,Camberwell201803-LID2-AHD_3466414_56_0002_0002_2m.tif
miriam_vale_al,Miriam Vale AL,-24.328,151.569,49.63,50cm,0.5,Griffith Uni,Gladstone201801-DEM-GRID-50cm_3547308_56_0001_0001.tif
misty_morn_al,Misty Morn AL,-27.5167,152.9333,43.47,1m,1.0,QLD Government,Brisbane_2019_Prj_SW_493000_6956000_1k_DEM_1m.tif
mitcham_reservoir,Mitcham Reservoir,-37.823,145.189,157.0,1 Second,30.0,Geoscience Australia SRTM,srtm-1sec-dem-v1-COG.tif
mitchell,Mitchell,-26.4872,147.9783,334.85,1m,1.0,QLD Government,Mitchell_2011_Twn_SW_597000_7069000_1K_DEM_1m.tif
mitchell_river_at_bairnsdale,Mitchell River at Bairnsdale,-37.8275,147.5936,7.91,1 Second,30.0,Geoscience Australia SRTM,srtm-1sec-dem-v1-COG.tif
mitchell_river_at_glenaladale,Mitchell River at Glenaladale,-37.765,147.374,36.47,1 Second,30.0,Geoscience Australia SRTM,srtm-1sec-dem-v1-COG.tif
mitchell_river_at_rosehill,Mitchell River at Rosehill,-37.816,147.571,10.0,1 Second,30.0,Geoscience Australia SRTM,srtm-1sec-dem-v1-COG.tif
mitchelton_osborne_rd_al,Mitchelton (Osborne Rd) AL,-27.405,152.977,41.96,1m,1.0,QLD Government,Brisbane_2019_Prj_SW_497000_6968000_1k_DEM_1m.tif
mitta_mitta_river_tallandoon,Mitta Mitta River @ Tallandoon,-36.4083,147.2333,252.69,1 Second,30.0,Geoscience Australia SRTM,srtm-1sec-dem-v1-COG.tif
moascar,Moascar,-28.957,114.949,255.82,1 Second,30.0,Geoscience Australia SRTM,srtm-1sec-dem-v1-COG.tif
moe_south,Moe South,-38.2186,146.2487,379.98,1 Second,30.0,Geoscience Australia SRTM,srtm-1sec-dem-v1-COG.tif
moggill_al,Moggill AL,-27.586,152.858,25.25,1m,1.0,QLD Government,Brisbane_2019_Prj_SW_485000_6948000_1k_DEM_1m.tif
moggill_al_p,Moggill AL-P,-27.41672,152.850111,220.15,1m,1.0,QLD Government,MoretonBay_2014_LGA_SW_485000_6967000_1K_DEM_1m.tif
molendinar_al,Molendinar AL,-27.98,153.36,20.74,1m,1.0,QLD Government,GoldCoast_2009_LGA_SW_535000_6904000_1K_DEM_1m.tif
mollisons_ck_at_pyalong,Mollisons Ck at Pyalong,-37.123,144.856,270.41,1 Second,30.0,Geoscience Australia SRTM,srtm-1sec-dem-v1-COG.tif
molong_bonnie_doon,Molong (Bonnie Doon),-32.989,148.932,585.67,5m,5.0,NSW Government,Wellington201409-PHO3-AHD_6806348_55_0002_0002_5m.tif
molong_post_office,Molong Post Office,-33.096,148.869,544.69,1m,1.0,NSW Government,Molong_202502_LID1_AHD_1m_1km_55_6746336.tif
molong_repeater,Molong Repeater,-33.106,148.869,603.39,1m,1.0,NSW Government,Molong_202502_LID1_AHD_1m_1km_55_6746335.tif
molonglo_river_below_yarralumla_creek,Molonglo River Below Yarralumla Creek,-35.309,149.07,539.4,1m,1.0,ACT Government,ACT2020_DEM_6886090_55_01_001.tif
mona_vale_golf_club,Mona Vale Golf Club,-33.681,151.307,3.04,1m,1.0,NSW Government,Sydney201105-LID1-AHD_3426270_56_0002_0002_1m.tif
monal_rd_al,Monal Rd AL,-24.472,151.132,524.07,1 Second,30.0,Geoscience Australia SRTM,srtm-1sec-dem-v1-COG.tif
monameta_mathinna_road,Monameta (Mathinna Road),-41.554,147.9872,248.78,1m,1.0,TAS Government,NorthEast2012-DEM-1m_5825399_55.tif
mongarlowe_leweston,Mongarlowe (Leweston),-35.379,150.003,665.5,1m,1.0,NSW Government,Braidwood201501-LID1-AHD_7726080_55_0002_0002_1m.tif
monkira_tm,Monkira TM,-24.8321,140.5536,75.72,1 Second,30.0,Geoscience Australia SRTM,srtm-1sec-dem-v1-COG.tif
monsildale_al,Monsildale AL,-26.581,152.325,442.44,1 Second,30.0,Geoscience Australia SRTM,srtm-1sec-dem-v1-COG.tif
montacute,Montacute,-34.886,138.756,343.55,1 Second,30.0,Geoscience Australia SRTM,srtm-1sec-dem-v1-COG.tif
monterey_keys_al,Monterey Keys AL,-27.886,153.338,4.44,1m,1.0,QLD Government,GoldCoast_2014_LGA_SW_533000_6915000_1K_DEM_1m.tif
moodlu_williams_rd_al,Moodlu (Williams Rd) AL,-27.051,152.912,19.35,1m,1.0,QLD Government,MoretonBay_2014_LGA_SW_491000_7007000_1K_DEM_1m.tif
mooga_hills_tm,Mooga Hills TM,-26.2544,148.9453,410.98,1 Second,30.0,Geoscience Australia SRTM,srtm-1sec-dem-v1-COG.tif
moogerah_dam_al,Moogerah Dam AL,-28.0314,152.55,154.33,1m,1.0,QLD Government,ScenicRim_2011_LGA_SW_455000_6899000_1K_DEM_1m.tif
moola_bulla_airstrip,Moola Bulla Airstrip,-18.197,127.501,427.87,1 Second,30.0,Geoscience Australia SRTM,srtm-1sec-dem-v1-COG.tif
moolap,Moolap,-38.179,144.403,7.0,1 Second,30.0,Geoscience Australia SRTM,srtm-1sec-dem-v1-COG.tif
moolboolaman_al,Moolboolaman AL,-24.981,151.804,68.87,1m,1.0,QLD Government,Bundaberg_2016_Rgn_SW_379000_7236000_1K_DEM_1m.tif
mooliabeenee,Mooliabeenee,-31.329,116.081,185.21,1 Second,30.0,Geoscience Australia SRTM,srtm-1sec-dem-v1-COG.tif
mooloolaba_tide_al,Mooloolaba Tide AL,-26.684,153.133,2.58,1m,1.0,QLD Government,SunshineCoast_2014_LGA_SW_513000_7048000_1K_DEM_1m.tif
mooloolah_al,Mooloolah AL,-26.7614,152.9822,25.46,1m,1.0,QLD Government,Sunshine_Coast_2022_LGA_SW_498000_7039000_1k_DEM_1m.tif
moondah_brook,Moondah Brook,-31.332,115.951,112.84,1 Second,30.0,Geoscience Australia SRTM,srtm-1sec-dem-v1-COG.tif
mooral_creek_the_den,Mooral Creek (The Den),-31.664,152.37,650.05,2m,2.0,NSW Government,Wingham201804-LID2-AHD_4406496_56_0002_0002_2m.tif
moore_park_al,Moore Park AL,-24.715,152.24,6.05,1m,1.0,QLD Government,Bundaberg_2016_Rgn_SW_423000_7266000_1K_DEM_1m.tif
moorina_al,Moorina AL,-27.1531,152.8528,215.69,1m,1.0,QLD Government,Moreton_Bay_2018_LGA_SW_485000_6996000_1k_DEM_1m.tif
moorlands_gooburrum_ps_al,Moorlands (Gooburrum PS) AL,-24.785,152.1892,17.43,1m,1.0,QLD Government,Bundaberg_2011_Rgn_SW_418000_7258000_1K_DEM_1m.tif
moppy_lookout_barrington_tops,Moppy Lookout (Barrington Tops),-31.8919,151.5544,1340.57,2m,2.0,NSW Government,UpperManning201805-LID2-AHD_3626470_56_0002_0002_2m.tif
morayfield_al,Morayfield AL,-27.1247,152.9356,18.34,1m,1.0,QLD Government,MoretonBay_2009_LGA_SW_493000_6999000_1K_DEM_1m.tif
morayfield_williamson_rd_al,Morayfield (Williamson Rd) AL,-27.145,152.911,33.54,1m,1.0,QLD Government,MoretonBay_2009_LGA_SW_491000_6997000_1K_DEM_1m.tif
morella,Morella,-36.932,145.584,355.0,1 Second,30.0,Geoscience Australia SRTM,srtm-1sec-dem-v1-COG.tif
moroko_park,Moroko Park,-36.828,145.849,580.89,1 Second,30.0,Geoscience Australia SRTM,srtm-1sec-dem-v1-COG.tif
morphettville,Morphettville,-34.978,138.542,11.24,50cm,0.5,SA Government,AdelaideMetro2022-DEM-GRID-50cm_2756126_54_0001_0001.tif
morton,Morton,-35.3946,150.3715,148.68,1m,1.0,NSW Government,Ulladulla201105-LID1-AHD_2606080_56_0002_0002_1m.tif
moruya_burra_creek,Moruya (Burra Creek),-35.902,149.961,22.24,2m,2.0,NSW Government,Araluen201804-LID2-AHD_7666022_55_0002_0002_2m.tif
moruya_plumwood,Moruya (Plumwood),-35.98,149.855,892.94,2m,2.0,NSW Government,Araluen201804-LID2-AHD_7566014_55_0002_0002_2m.tif
moruya_the_lagoon,Moruya (The Lagoon),-35.768,149.94,50.41,2m,2.0,NSW Government,Araluen201804-LID2-AHD_7646036_55_0002_0002_2m.tif
mount_allyn_repeater,Mount Allyn Repeater,-32.124,151.429,1138.97,2m,2.0,NSW Government,Camberwell201805-LID2-AHD_3506444_56_0002_0002_2m.tif
mount_alma_fig_tree_rd_al,Mount Alma (Fig Tree Rd) AL,-24.042935,150.770555,119.22,50cm,0.5,Griffith Uni,Gladstone201801-DEM-GRID-50cm_2737339_56_0001_0001.tif
mount_alma_galloway_plains_rd_al,Mount Alma (Galloway Plains Rd) AL,-24.187665,150.932853,126.0,1 Second,30.0,Geoscience Australia SRTM,srtm-1sec-dem-v1-COG.tif
mount_alma_rockfield_rd_al,Mount Alma (Rockfield Rd) AL,-24.101914,150.803855,89.79,50cm,0.5,Griffith Uni,Gladstone201307-DEM-GRID-50cm_2767332_56_0001_0001.tif
mount_amhurst,Mount Amhurst,-18.3869,126.9892,308.0,1 Second,30.0,Geoscience Australia SRTM,srtm-1sec-dem-v1-COG.tif
mount_arapalies,Mount Arapalies,-36.75,141.833,325.09,1 Second,30.0,Geoscience Australia SRTM,srtm-1sec-dem-v1-COG.tif
mount_augustus_airstrip,Mount Augustus Airstrip,-24.308,116.909,388.0,1 Second,30.0,Geoscience Australia SRTM,srtm-1sec-dem-v1-COG.tif
mount_aunt_tm,Mount Aunt Tm,-17.0753,145.4009,507.99,50cm,0.5,Griffith Uni,Cairns201308-DEM-GRID-50cm_3298111_55_0001_0001.tif
mount_barnett,Mount Barnett,-16.737,125.909,405.0,1 Second,30.0,Geoscience Australia SRTM,srtm-1sec-dem-v1-COG.tif
mount_barrington,Mount Barrington,-32.04,151.404,1553.79,2m,2.0,NSW Government,Camberwell201805-LID2-AHD_3486454_56_0002_0002_2m.tif
mount_belmont_rep,Mount Belmont (Rep),-42.713,146.974,435.71,2m,2.0,TAS Government,Tasmania_Statewide_2m_DEM_14-08-2021.tif
mount_benambra_fire_tower,Mount Benambra Fire Tower,-36.5052,147.5747,1461.86,1 Second,30.0,Geoscience Australia SRTM,srtm-1sec-dem-v1-COG.tif
mount_buffalo,Mount Buffalo,-36.722,146.819,1344.95,1 Second,30.0,Geoscience Australia SRTM,srtm-1sec-dem-v1-COG.tif
mount_cann_fire_tower,Mount Cann Fire Tower,-37.6469,148.9792,523.42,1 Second,30.0,Geoscience Australia SRTM,srtm-1sec-dem-v1-COG.tif
mount_clere,Mount Clere,-25.0964,117.5922,416.7,1 Second,30.0,Geoscience Australia SRTM,srtm-1sec-dem-v1-COG.tif
mount_cole_ck_at_crowlands,Mount Cole Ck at Crowlands,-37.165,143.092,259.3,1 Second,30.0,Geoscience Australia SRTM,srtm-1sec-dem-v1-COG.tif
mount_cottrell_repeater,Mount Cottrell Repeater,-37.764,144.621,193.33,1 Second,30.0,Geoscience Australia SRTM,srtm-1sec-dem-v1-COG.tif
mount_darragh,Mount Darragh,-36.84,149.521,889.73,2m,2.0,NSW Government,Bega201804-LID2-AHD_7245918_55_0002_0002_2m.tif
mount_delegate,Mount Delegate,-37.112,148.897,1292.27,1 Second,30.0,Geoscience Australia SRTM,srtm-1sec-dem-v1-COG.tif
mount_donna_buang,Mount Donna Buang,-37.707,145.682,1237.7,1 Second,30.0,Geoscience Australia SRTM,srtm-1sec-dem-v1-COG.tif
mount_elizabeth,Mount Elizabeth,-37.475,147.913,798.67,1 Second,30.0,Geoscience Australia SRTM,srtm-1sec-dem-v1-COG.tif
mount_elliot,Mount Elliot,-33.404,151.393,196.96,1m,1.0,NSW Government,Gosford201105-LID1-AHD_3506302_56_0002_0002_1m.tif
mount_felix,Mount Felix,-14.124,132.638,298.0,1 Second,30.0,Geoscience Australia SRTM,srtm-1sec-dem-v1-COG.tif
mount_granya_fire_tower,Mount Granya Fire Tower,-36.135,147.2747,862.3,1 Second,30.0,Geoscience Australia SRTM,srtm-1sec-dem-v1-COG.tif
mount_hardey,Mount Hardey,-31.9207,116.8153,281.6,1 Second,30.0,Geoscience Australia SRTM,srtm-1sec-dem-v1-COG.tif
mount_hickey,Mount Hickey,-37.177,145.153,800.52,1 Second,30.0,Geoscience Australia SRTM,srtm-1sec-dem-v1-COG.tif
mount_hobbs_fire_tower,Mount Hobbs (Fire Tower),-42.504,147.591,822.03,1m,1.0,TAS Government,SouthernMidlands2013-DEM-1m_5485294_55.tif
mount_house_airstrip,Mount House Airstrip,-17.055,125.711,274.0,1 Second,30.0,Geoscience Australia SRTM,srtm-1sec-dem-v1-COG.tif
mount_krauss,Mount Krauss,-18.337,126.124,152.0,1 Second,30.0,Geoscience Australia SRTM,srtm-1sec-dem-v1-COG.tif
mount_lloyd,Mount Lloyd,-23.64177,133.79974,695.0,1 Second,30.0,Geoscience Australia SRTM,srtm-1sec-dem-v1-COG.tif
mount_lloyd_road,Mount Lloyd Road,-42.825,146.95,564.33,1m,1.0,TAS Government,CentralAndSouth2013-DEM-1m_4955258_55.tif
mount_lurg_firetower,Mount Lurg Firetower,-36.568,146.156,361.49,1 Second,30.0,Geoscience Australia SRTM,srtm-1sec-dem-v1-COG.tif
mount_mcleod_firetower,Mount Mcleod Firetower,-37.456,148.25,564.57,1 Second,30.0,Geoscience Australia SRTM,srtm-1sec-dem-v1-COG.tif
mount_mittamatite_fire_tower,Mount Mittamatite Fire Tower,-36.1485,147.8616,990.9,1 Second,30.0,Geoscience Australia SRTM,srtm-1sec-dem-v1-COG.tif
mount_moornapa,Mount Moornapa,-37.749,147.141,435.19,1 Second,30.0,Geoscience Australia SRTM,srtm-1sec-dem-v1-COG.tif
mount_murray_rep,Mount Murray (Rep),-42.464,147.977,281.59,1m,1.0,TAS Government,EastCoast2020-DEM-1m_5805298_GDA2020_55.tif
mount_noddy,Mount Noddy,-31.587,116.886,314.65,1 Second,30.0,Geoscience Australia SRTM,srtm-1sec-dem-v1-COG.tif
mount_palmer,Mount Palmer,-31.829,150.348,1049.73,5m,5.0,NSW Government,Blackville201108-PHO3-AHD_2486474_56_0002_0002_5m.tif
mount_porepunkah,Mount Porepunkah,-36.657,146.962,1172.99,1 Second,30.0,Geoscience Australia SRTM,srtm-1sec-dem-v1-COG.tif
mount_sandon,Mount Sandon,-31.391,151.402,1262.1,5m,5.0,NSW Government,Nundle201305-PHO3-AHD_3486524_56_0002_0002_5m.tif
mount_seymour,Mount Seymour,-42.37,147.463,624.93,1m,1.0,TAS Government,CentralMidlands2019-DEM-1m_5385309_GDA2020_55.tif
mount_solus,Mount Solus,-32.47,116.214,564.08,1 Second,30.0,Geoscience Australia SRTM,srtm-1sec-dem-v1-COG.tif
mount_stow,Mount Stow,-13.852,132.65,306.21,1 Second,30.0,Geoscience Australia SRTM,srtm-1sec-dem-v1-COG.tif
mount_tabletop,Mount Tabletop,-36.946,146.22,887.0,1 Second,30.0,Geoscience Australia SRTM,srtm-1sec-dem-v1-COG.tif
mount_tambortha,Mount Tambortha,-37.461,146.692,1366.88,1 Second,30.0,Geoscience Australia SRTM,srtm-1sec-dem-v1-COG.tif
mount_tassie_ntvs,Mount Tassie NTVS,-38.4,146.567,743.26,1 Second,30.0,Geoscience Australia SRTM,srtm-1sec-dem-v1-COG.tif
mount_useful,Mount Useful,-37.7,146.517,1087.56,1 Second,30.0,Geoscience Australia SRTM,srtm-1sec-dem-v1-COG.tif
mount_waldron_fire_tower,Mount Waldron Fire Tower,-37.4419,149.0729,796.91,1 Second,30.0,Geoscience Australia SRTM,srtm-1sec-dem-v1-COG.tif
mount_werong,Mount Werong,-34.082,149.916,1151.35,2m,2.0,NSW Government,Taralga201611-LID2-AHD_7686224_55_0002_0002_2m.tif
mount_westdale,Mount Westdale,-32.268,116.675,377.02,1 Second,30.0,Geoscience Australia SRTM,srtm-1sec-dem-v1-COG.tif
mount_william,Mount William,-32.933,116.017,349.57,1 Second,30.0,Geoscience Australia SRTM,srtm-1sec-dem-v1-COG.tif
mount_william_aws,Mount William AWS,-37.295,142.604,1141.51,1 Second,30.0,Geoscience Australia SRTM,srtm-1sec-dem-v1-COG.tif
mount_william_ck_at_lake_lonsdale,Mount William Ck at Lake Lonsdale,-37.033,142.583,183.62,1 Second,30.0,Geoscience Australia SRTM,srtm-1sec-dem-v1-COG.tif
mount_winifred,Mount Winifred,-18.016,126.303,190.0,1 Second,30.0,Geoscience Australia SRTM,srtm-1sec-dem-v1-COG.tif
mount_wombat,Mount Wombat,-36.851,145.672,736.7,1 Second,30.0,Geoscience Australia SRTM,srtm-1sec-dem-v1-COG.tif
mountain_ck_al,Mountain Ck AL,-26.704,153.07,10.13,1m,1.0,QLD Government,SunshineCoast_2008_LGA_SW_506000_7046000_1K_DEM_1m.tif
mountview_shoalhaven_river,Mountview (Shoalhaven River),-35.455,149.725,654.16,1m,1.0,NSW Government,Braidwood201501-LID1-AHD_7466072_55_0002_0002_1m.tif
moura,Moura,-24.5917,149.9017,105.05,50cm,0.5,Griffith Uni,Moura201802-DEM-GRID-50cm_7937277_55_0001_0001.tif
moura_weir_al,Moura Weir AL,-24.5903,149.9039,109.17,1m,1.0,QLD Government,Moura_2012_Twn_SW_794000_7277000_1K_DEM_1m.tif
moyallen_al,Moyallen AL,-26.2125,147.0797,524.0,1 Second,30.0,Geoscience Australia SRTM,srtm-1sec-dem-v1-COG.tif
mt_alford_al,Mt Alford AL,-28.059,152.57,307.86,1m,1.0,QLD Government,ScenicRim_2011_LGA_SW_457000_6896000_1K_DEM_1m.tif
mt_archer_al,Mt Archer AL,-23.3375,150.5725,524.05,1m,1.0,QLD Government,Rockhampton_2008_Rgn_SW_250000_7416000_2K_DEM_1m.tif
mt_arthur_summit_rep,Mt Arthur Summit (Rep),-41.277,147.29,1178.92,1m,1.0,TAS Government,NorthEast2012-DEM-1m_5245430_55.tif
mt_barrow,Mt Barrow,-41.394,147.422,1287.11,1m,1.0,TAS Government,NorthEast2012-DEM-1m_5355417_55.tif
mt_beatrice_al,Mt Beatrice AL,-24.586,151.431,199.01,1 Second,30.0,Geoscience Australia SRTM,srtm-1sec-dem-v1-COG.tif
mt_beevor_south,Mt Beevor South,-34.932,139.032,459.92,1m,1.0,SA Government,CudleeCreek2020_DEM_3206132_01_001.tif
mt_bilewilam_al,Mt Bilewilam AL,-26.010833,153.046389,73.86,1m,1.0,QLD Government,Gympie_2009_Rgn_SW_504000_7123000_1K_DEM_1m.tif
mt_binga_al,Mt Binga AL,-26.9953,151.9867,595.84,1 Second,30.0,Geoscience Australia SRTM,srtm-1sec-dem-v1-COG.tif
mt_buggery,Mt Buggery,-36.797,146.697,696.54,1 Second,30.0,Geoscience Australia SRTM,srtm-1sec-dem-v1-COG.tif
mt_calder_al,Mt Calder AL,-24.98,145.065,370.85,1 Second,30.0,Geoscience Australia SRTM,srtm-1sec-dem-v1-COG.tif
mt_castle_al,Mt Castle AL,-27.963611,152.375556,972.58,1m,1.0,QLD Government,Lockyer_Valley_2022_LGA_SW_438000_6906000_1k_DEM_1m.tif
mt_cookem,Mt Cookem,-33.869,150.271,349.81,1m,1.0,NSW Government,Katoomba201407-LID1-AHD_2466248_56_0002_0002_1m.tif
mt_coot_tha_al,Mt Coot-tha AL,-27.464722,152.945278,244.24,1m,1.0,QLD Government,Brisbane_2014_LGA_SW_494000_6962000_1K_DEM_1m.tif
mt_cotton_west_al,Mt Cotton West AL,-27.615,153.204,125.44,1m,1.0,QLD Government,Redland_2014_LGA_SW_520000_6945000_1K_DEM_1m.tif
mt_crosby_al,Mt Crosby AL,-27.538056,152.798056,3.07,1m,1.0,QLD Government,Brisbane_2009_LGA_SW_480000_6953000_1K_DEM_1m.tif
mt_desolation_tm,Mt Desolation TM,-20.5533,144.1459,495.94,1 Second,30.0,Geoscience Australia SRTM,srtm-1sec-dem-v1-COG.tif
mt_elliot_al,Mt Elliot AL,-26.013889,152.907778,63.01,1m,1.0,QLD Government,Gympie_2009_Rgn_SW_490000_7122000_1K_DEM_1m.tif
mt_frederick_rep,Mt Frederick (Rep),-43.0517,146.6556,920.97,1m,1.0,TAS Government,WeldRiver2023-DEM-1m_4715233_GDA2020_55.tif
mt_glorious_al_b,Mt Glorious AL-B,-27.317,152.747,689.58,1m,1.0,QLD Government,Somerset_2009_Prj_SW_474000_6978000_1K_DEM_1m.tif
mt_glorious_al_p,Mt Glorious AL-P,-27.317,152.747,689.58,1m,1.0,QLD Government,Somerset_2009_Prj_SW_474000_6978000_1K_DEM_1m.tif
mt_gravatt_al,Mt Gravatt AL,-27.547,153.072,113.09,1m,1.0,QLD Government,Brisbane_2019_Prj_SW_507000_6952000_1k_DEM_1m.tif
mt_harden_al,Mt Harden AL,-24.7531,144.8708,321.0,1 Second,30.0,Geoscience Australia SRTM,srtm-1sec-dem-v1-COG.tif
mt_hercules_thurns_rd,Mt Hercules (Thurns Rd),-34.145,150.6458,308.3,1m,1.0,NSW Government,Wollongong201102-LID1-AHD_2826218_56_0002_0002_1m.tif
mt_hopeful_al,Mt Hopeful AL,-23.73,150.5336,632.99,50cm,0.5,Griffith Uni,Rockhampton201305-DEM-GRID-50cm_2487373_56_0001_0001.tif
mt_horrocks,Mt Horrocks,-33.931,138.677,603.42,50cm,0.5,SA Government,ClareStockport2021-DEM-GRID-0_5_2856243_54_0001_0001.tif
mt_joseph_tm,Mt Joseph TM,-25.7417,152.2353,113.64,1m,1.0,QLD Government,Fraser_coast_2022_LGA_SW_423000_7152000_1k_DEM_1m.tif
mt_joss_al,Mt Joss AL,-22.5106,149.2761,425.4,1 Second,30.0,Geoscience Australia SRTM,srtm-1sec-dem-v1-COG.tif
mt_kanigan_al,Mt Kanigan AL,-25.959,152.575,347.73,1m,1.0,QLD Government,Gympie_2009_Rgn_SW_457000_7128000_1K_DEM_1m.tif
mt_kilcoy_weir_al,Mt Kilcoy Weir AL,-26.915389,152.583208,122.01,1m,1.0,QLD Government,Kilcoy_2011_Twn_SW_458000_7022000_1K_DEM_1m.tif
mt_lindsay_al,Mt Lindsay AL,-25.325,146.8569,516.08,1 Second,30.0,Geoscience Australia SRTM,srtm-1sec-dem-v1-COG.tif
mt_lofty_repeater,Mt Lofty Repeater,-34.975,138.709,701.07,1 Second,30.0,Geoscience Australia SRTM,srtm-1sec-dem-v1-COG.tif
mt_lowe_al,Mt Lowe AL,-22.905,148.1497,486.33,50cm,0.5,Griffith Uni,Clermont201803-DEM-GRID-50cm_6177466_55_0001_0001.tif
mt_macdonald_murrumbidgee_river,Mt Macdonald (Murrumbidgee River),-35.2917,148.955,482.01,1m,1.0,ACT Government,ACT2020_DEM_6776092_55_01_001.tif
mt_mackay_al,Mt Mackay AL,-17.5261,146.0242,4.42,50cm,0.5,Griffith Uni,Innisfail201807-DEM-GRID-50cm_3968061_55_0001_0001.tif
mt_macquarie_al,Mt Macquarie AL,-24.687,145.891,383.13,1 Second,30.0,Geoscience Australia SRTM,srtm-1sec-dem-v1-COG.tif
mt_marrow_al,Mt Marrow AL,-27.604,152.61,144.37,1m,1.0,QLD Government,Ipswich_2014_LGA_SW_461000_6946000_1K_DEM_1m.tif
mt_mary,Mt Mary,-34.131,139.423,102.03,1 Second,30.0,Geoscience Australia SRTM,srtm-1sec-dem-v1-COG.tif
mt_mayde_al,Mt Mayde AL,-23.6872,147.4261,445.4,1 Second,30.0,Geoscience Australia SRTM,srtm-1sec-dem-v1-COG.tif
mt_mee_al_b,Mt Mee AL-B,-27.07,152.78,475.21,1m,1.0,QLD Government,MoretonBay_2009_LGA_SW_478000_7005000_1K_DEM_1m.tif
mt_mee_al_p,Mt Mee AL-P,-27.069722,152.78,480.64,1m,1.0,QLD Government,MoretonBay_2009_LGA_SW_478000_7005000_1K_DEM_1m.tif
mt_moffatt_al,Mt Moffatt AL,-24.9085,148.0423,1208.86,1 Second,30.0,Geoscience Australia SRTM,srtm-1sec-dem-v1-COG.tif
mt_mongrel_al,Mt Mongrel AL,-24.203,151.18,348.66,1 Second,30.0,Geoscience Australia SRTM,srtm-1sec-dem-v1-COG.tif
mt_morris_al,Mt Morris AL,-25.8128,145.5731,328.12,1 Second,30.0,Geoscience Australia SRTM,srtm-1sec-dem-v1-COG.tif
mt_morriston,Mt Morriston,-42.164,147.58,209.51,1m,1.0,TAS Government,CentralMidlands2019-DEM-1m_5475331_GDA2020_55.tif
mt_mowbullan_al,Mt Mowbullan AL,-26.89,151.599,1028.62,1 Second,30.0,Geoscience Australia SRTM,srtm-1sec-dem-v1-COG.tif
mt_nimmel_al,Mt Nimmel AL,-28.154,153.297,482.45,1m,1.0,QLD Government,GoldCoast_2009_LGA_SW_529000_6885000_1K_DEM_1m.tif
mt_nowa_nowa,Mt Nowa Nowa,-37.6925,148.0908,343.89,1 Second,30.0,Geoscience Australia SRTM,srtm-1sec-dem-v1-COG.tif
mt_ogg_al,Mt Ogg AL,-24.672,148.185,395.43,1 Second,30.0,Geoscience Australia SRTM,srtm-1sec-dem-v1-COG.tif
mt_panorama,Mt Panorama,-33.461,149.541,809.97,2m,2.0,NSW Government,Bathurst201510-LID2-AHD_7366294_55_0002_0002_2m.tif
mt_panorama_al,Mt Panorama AL,-24.5614,148.5372,215.24,1m,1.0,QLD Government,Rolleston_2011_Twn_SW_655000_7282000_1K_DEM_1m.tif
mt_pechey_al,Mt Pechey AL,-27.317,152.082,704.6,1m,1.0,QLD Government,Toowoomba_2010_Rgn_SW_409000_6978000_1K_DEM_1m.tif
mt_piddington,Mt Piddington,-33.602,150.256,1043.73,2m,2.0,NSW Government,Katoomba201804-LID2-AHD_2446278_56_0002_0002_2m.tif
mt_pisgah_al,Mt Pisgah AL,-23.6403,147.1922,591.8,1 Second,30.0,Geoscience Australia SRTM,srtm-1sec-dem-v1-COG.tif
mt_playfair_al,Mt Playfair AL,-24.886,146.893,636.98,1 Second,30.0,Geoscience Australia SRTM,srtm-1sec-dem-v1-COG.tif
mt_pleasant_baxter_dv_alert,Mt Pleasant (Baxter Dv) AL,-21.1115,149.1574,8.8,1m,1.0,QLD Government,Mackay_2015_Rgn_SW_724000_7663000_1K_DEM_1m.tif
mt_pleasant_rollest,Mt Pleasant (Rolleston) AL,-24.6422,148.5412,462.94,1m,1.0,QLD Government,Rolleston_2011_Twn_SW_655000_7273000_1K_DEM_1m.tif
mt_pleasant_wtp,Mt Pleasant WTP,-34.796,139.047,464.84,50cm,0.5,SA Government,Gumeracha2021-DEM-GRID-0_5_3216147_54_0001_0001.tif
mt_rufus_dutton,Mt Rufus (Dutton),-34.309,139.122,510.0,1 Second,30.0,Geoscience Australia SRTM,srtm-1sec-dem-v1-COG.tif
mt_samson_rd_al,Mt Samson Rd AL,-27.249,152.838,52.38,1m,1.0,QLD Government,Moreton_Bay_2018_LGA_SW_483000_6985000_1k_DEM_1m.tif
mt_seaview_al,Mt Seaview AL,-24.29,150.954,477.43,50cm,0.5,Griffith Uni,Gladstone201801-DEM-GRID-50cm_2927312_56_0001_0001.tif
mt_sir_charles,Mt Sir Charles,-23.54628,133.99792,747.0,1 Second,30.0,Geoscience Australia SRTM,srtm-1sec-dem-v1-COG.tif
mt_st_leonard_repeater,Mt St Leonard (Repeater),-37.569,145.524,938.84,1 Second,30.0,Geoscience Australia SRTM,srtm-1sec-dem-v1-COG.tif
mt_stanley_al,Mt Stanley AL,-26.682,152.204,168.98,1 Second,30.0,Geoscience Australia SRTM,srtm-1sec-dem-v1-COG.tif
mt_stradbroke_al,Mt Stradbroke AL,-27.52,152.585,240.86,1m,1.0,QLD Government,Somerset_2009_Prj_SW_459000_6955000_1K_DEM_1m.tif
mt_stuart_al,Mt Stuart AL,-19.344,146.781,572.12,50cm,0.5,Griffith Uni,Townsville201804-DEM-GRID-50cm_4767861_55_0001_0001.tif
mt_sugarloaf_al,Mt Sugarloaf AL,-28.049,152.713,266.17,1m,1.0,QLD Government,ScenicRim_2011_LGA_SW_471000_6897000_1K_DEM_1m.tif
mt_sunday,Mt Sunday,-37.34,146.424,1397.28,1 Second,30.0,Geoscience Australia SRTM,srtm-1sec-dem-v1-COG.tif
mt_tabor_al,Mt Tabor AL,-25.1925,147.4928,905.86,1 Second,30.0,Geoscience Australia SRTM,srtm-1sec-dem-v1-COG.tif
mt_tabor_north_al,Mt Tabor North AL,-25.105,147.578,751.14,1 Second,30.0,Geoscience Australia SRTM,srtm-1sec-dem-v1-COG.tif
mt_tamborine_al,Mt Tamborine AL,-27.9692,153.2164,500.53,1m,1.0,QLD Government,ScenicRim_2011_LGA_SW_521000_6906000_1K_DEM_1m.tif
mt_tinbeerwah_al,Mt Tinbeerwah AL,-26.387,152.971,211.68,1m,1.0,QLD Government,SunshineCoast_2008_LGA_SW_497000_7081000_1K_DEM_1m.tif
mt_torrens,Mt Torrens,-34.88,138.973,501.08,1m,1.0,SA Government,CudleeCreek2020_DEM_3146138_01_001.tif
mt_victoria,Mt Victoria,-41.348,147.798,780.86,1m,1.0,TAS Government,NorthEast2010-DEM-1m_5665422_55.tif
mt_warrnambool_repea,Mt Warrnambool Repea,-38.3056,142.7398,212.0,1 Second,30.0,Geoscience Australia SRTM,srtm-1sec-dem-v1-COG.tif
mt_watalgan_al,Mt Watalgan AL,-24.7025,151.9622,378.78,1m,1.0,QLD Government,Gladstone_2009_Rgn_SW_394000_7266000_2K_DEM_1m.tif
mt_wellington,Mount Wellington,-37.4967,146.8575,1540.26,1 Second,30.0,Geoscience Australia SRTM,srtm-1sec-dem-v1-COG.tif
muchea,Muchea,-31.587,115.969,57.48,1 Second,30.0,Geoscience Australia SRTM,srtm-1sec-dem-v1-COG.tif
mudgeeraba_al,Mudgeeraba AL,-28.0847,153.3717,2.76,1m,1.0,QLD Government,GoldCoast_2009_LGA_SW_536000_6893000_1K_DEM_1m.tif
mueller_ridge_lake_gordon,Mueller Ridge (Lake Gordon),-42.798,146.404,790.18,1m,1.0,TAS Government,CentralAndSouth2013-DEM-1m_4515261_55.tif
mulgowie_western_bank,Mulgowie Western Bank,-27.727242,152.359386,137.96,1m,1.0,QLD Government,Lockyer_Valley_2022_LGA_SW_436000_6932000_1k_DEM_1m.tif
mullaley_post_office,Mullaley Post Office,-31.098,149.911,312.9,5m,5.0,NSW Government,TambarSprings201605-PHO3-AHD_7766554_55_0002_0002_5m.tif
mullumbimby_upper_main_arm,Mullumbimby (Upper Main Arm),-28.506,153.387,350.2,1m,1.0,NSW Government,Lismore201707-LID1-AHD_5366846_56_0002_0002_1m.tif
mumballup_organics,Mumballup Organics,-33.5384,116.1159,246.97,1 Second,30.0,Geoscience Australia SRTM,srtm-1sec-dem-v1-COG.tif
mundjuro_tm,Mundjuro Tm,-19.2781,141.5907,86.91,1 Second,30.0,Geoscience Australia SRTM,srtm-1sec-dem-v1-COG.tif
mungallala,Mungallala,-26.4458,147.5453,428.59,1m,1.0,QLD Government,Mungallala_2011_Twn_SW_554000_7074000_1K_DEM_1m.tif
mungungo_weir_al,Mungungo Weir AL,-24.764,151.16,254.24,1m,1.0,QLD Government,Mungungo_2012_Twn_SW_313000_7259000_1K_DEM_1m.tif
murarrie_rosewood_pl_al,Murarrie (Rosewood Pl) AL,-27.4653,153.0943,7.16,1m,1.0,QLD Government,Brisbane_2014_LGA_SW_509000_6962000_1K_DEM_1m.tif
murderers_hill,Murderers Hill,-37.851,146.555,714.97,1 Second,30.0,Geoscience Australia SRTM,srtm-1sec-dem-v1-COG.tif
muriel_ave_al,Muriel Ave AL,-27.5436,153.0125,8.43,1m,1.0,QLD Government,Brisbane_2019_Prj_SW_501000_6953000_1k_DEM_1m.tif
murray_river_jingellic,Murray River @ Jingellic,-35.933,147.716,236.08,2m,2.0,NSW Government,Rosewood201702-LID2-AHD_5646022_55_0002_0002_2m.tif
murrays_flat_wollondilly_river,Murrays Flat (Wollondilly River),-34.722,149.793,623.31,1m,1.0,NSW Government,Goulburn201107-LID1-AHD_7546154_55_0002_0002_1m.tif
murrumba_downs_al,Murrumba Downs AL,-27.288,153.018,13.14,1m,1.0,QLD Government,Brisbane_2014_LGA_SW_501000_6981000_1K_DEM_1m.tif
murrumburrah_historical_society,Murrumburrah (Historical Society),-34.55,148.351,372.39,5m,5.0,NSW Government,Cootamundra201702-PHO3-AHD_6226176_55_0002_0002_5m.tif
murrurundi_haydon_st,Murrurundi (Haydon St),-31.765,150.836,465.42,1m,1.0,NSW Government,Murrurundi_202401_LID1_AHD_1m_1km_56_2956483.tif
murrurundi_timor,Murrurundi (Timor),-31.773,151.078,412.37,5m,5.0,NSW Government,Ellerston201304-PHO3-AHD_3166482_56_0002_0002_5m.tif
murts_hill_moogara,Murts Hill (Moogara),-42.792,146.895,571.13,1m,1.0,TAS Government,CentralAndSouth2013-DEM-1m_4915262_55.tif
murwillumbah_hartigans_hill,Murwillumbah (Hartigans Hill),-28.3324,153.3889,53.08,1m,1.0,CSIRO and NEMA,RichmondRiver2023-DEM-AHD-1m_5386865_56_0001_0001.tif
muttama_grovene,Muttama (Grovene),-34.803,148.117,272.22,5m,5.0,NSW Government,Cootamundra201702-PHO3-AHD_6026148_55_0002_0002_5m.tif
myall_grove_al,Myall Grove AL,-24.552,146.321,482.79,1 Second,30.0,Geoscience Australia SRTM,srtm-1sec-dem-v1-COG.tif
myendetta_al,Myendetta AL,-26.5458,146.0167,314.18,1 Second,30.0,Geoscience Australia SRTM,srtm-1sec-dem-v1-COG.tif
myocum,Myocum,-28.59,153.52,31.62,1m,1.0,CSIRO and NEMA,RichmondRiver2023-DEM-AHD-1m_5506837_56_0001_0001.tif
mysterton_al,Mysterton AL,-19.285,146.794,4.22,1m,1.0,QLD Government,Townsville_2009_Ctl_SW_478000_7867000_1K_DEM_1m.tif
nabiac,Nabiac,-32.113,152.385,7.56,1m,1.0,NSW Government,Bulahdelah201208-LID1-AHD_4406446_56_0002_0002_1m.tif
nagoorin_al,Nagoorin AL,-24.357,151.312,62.49,50cm,0.5,Griffith Uni,Gladstone201801-DEM-GRID-50cm_3287305_56_0001_0001.tif
nambour_al,Nambour AL,-26.63,152.958,23.08,1m,1.0,QLD Government,SunshineCoast_2008_LGA_SW_495000_7054000_1K_DEM_1m.tif
narangba_main_st_tm,Narangba (Main St) TM,-27.2044,152.9616,48.35,1m,1.0,QLD Government,MoretonBay_2009_LGA_SW_496000_6990000_1K_DEM_1m.tif
narangba_oakey_flat_rd_al,Narangba (Oakey Flat Rd) AL,-27.175,152.922,26.86,1m,1.0,QLD Government,MoretonBay_2014_LGA_SW_492000_6994000_1K_DEM_1m.tif
narara,Narara,-33.397,151.339,5.03,1m,1.0,NSW Government,Gosford202008-LID1-AHD_3446302_56_0002_0002_1m.tif
narloo,Narloo,-27.876,116.262,336.88,1 Second,30.0,Geoscience Australia SRTM,srtm-1sec-dem-v1-COG.tif
narrabri_mt_kaputa_national_park,Narrabri (Mt Kaputa National Park),-30.284,150.167,1448.57,5m,5.0,NSW Government,Horton201209-PHO3-AHD_2266646_56_0002_0002_5m.tif
narracan_ck_at_thorpdale,Narracan CK at Thorpdale,-38.2681,146.1833,231.99,1 Second,30.0,Geoscience Australia SRTM,srtm-1sec-dem-v1-COG.tif
narracan_creek_at_moe,Narracan Creek at Moe,-38.163,146.269,59.0,1 Second,30.0,Geoscience Australia SRTM,srtm-1sec-dem-v1-COG.tif
nash_s_crossing_alert_decoupled_rg,Nash's Crossing Alert (Decoupled RG),-18.415064,145.771796,54.86,50cm,0.5,QLD Government,Herbert_River_2024_Prj_SW_370000_7963000_1k_DEM_50cm.tif
natimuk_ck_at_mcneils_bridge,Natimuk Ck at McNeils Bridge,-36.828234,141.933978,145.33,1 Second,30.0,Geoscience Australia SRTM,srtm-1sec-dem-v1-COG.tif
natimuk_fire_dam_159,Natimuk (Fire Dam 159),-36.763,141.967,135.67,1 Second,30.0,Geoscience Australia SRTM,srtm-1sec-dem-v1-COG.tif
national_park_weir_road,National Park (Weir Road),-42.688,146.71,169.67,1m,1.0,TAS Government,CentralAndSouth2013-DEM-1m_4765273_55.tif
natural_bridge_al,Natural Bridge AL,-28.1988,153.2308,161.66,1m,1.0,QLD Government,GoldCoast_2009_LGA_SW_522000_6880000_1K_DEM_1m.tif
neabul_ck,Neabul Ck,-27.5955,147.7925,232.2,1 Second,30.0,Geoscience Australia SRTM,srtm-1sec-dem-v1-COG.tif
nearum_rd_al,Nearum Rd AL,-25.1097,151.8531,131.54,50cm,0.5,Griffith Uni,Bundaberg201801-DEM-GRID-50cm_3847222_56_0001_0001.tif
neilrex_caigan,Neilrex (Caigan),-31.723,149.256,372.5,5m,5.0,NSW Government,Mendooran201109-PHO3-AHD_7126488_55_0002_0002_5m.tif
nelly_bay_al,Nelly Bay AL,-19.158,146.856,2.52,1m,1.0,QLD Government,Townsville_2009_Ctl_SW_484000_7881000_1K_DEM_1m.tif
nepean_dam_nepean_river,Nepean Dam (Nepean River),-34.338,150.613,335.14,1m,1.0,NSW Government,Wollongong201405-LID1-AHD_2806196_56_0002_0002_1m.tif
neranwood_al,Neranwood AL,-28.1133,153.3178,34.69,1m,1.0,QLD Government,GoldCoast_2009_LGA_SW_531000_6890000_1K_DEM_1m.tif
nerriga_composite,Nerriga Composite,-35.116,150.085,625.95,2m,2.0,NSW Government,Ulladulla201804-LID2-AHD_2346110_56_0002_0002_2m.tif
neumeyer_valley_stat,Neumeyer Valley Stat,-18.4732,140.2296,28.52,1 Second,30.0,Geoscience Australia SRTM,srtm-1sec-dem-v1-COG.tif
neurea_fernfield,Neurea (Fernfield),-32.683,148.917,334.51,5m,5.0,NSW Government,Wellington201409-PHO3-AHD_6786382_55_0002_0002_5m.tif
new_beith_al,New Beith AL,-27.7297,152.9481,50.97,1m,1.0,QLD Government,Logan_2017_LGA_SW_494500_6932500_0.5K_DEM_1m.tif
new_beith_tm,New Beith Tm,-27.73,152.9483,53.09,1m,1.0,QLD Government,Logan_2017_LGA_SW_494500_6932500_0.5K_DEM_1m.tif
new_norfolk_derwent_river,New Norfolk (Derwent River),-42.781,147.058,22.48,1m,1.0,TAS Government,ClimateFuturesDerwent2008-DEM-1m_5045263_55.tif
newbridge_stringybark_rd,Newbridge (Stringybark Rd),-33.571,149.383,933.19,5m,5.0,NSW Government,Blayney201407-PHO3-AHD_7206282_55_0002_0002_5m.tif
newcastle_tafe_tighes_hill,Newcastle Tafe (Tighes Hill),-32.9084,151.7453,4.17,1m,1.0,NSW Government,Newcastle201409-LID1-AHD_3826358_56_0002_0002_1m.tif
newholme_sandy_creek,Newholme (Sandy Creek),-30.43,151.65,1042.03,5m,5.0,NSW Government,Guyra201111-PHO3-AHD_3706632_56_0002_0002_5m.tif
newry_island_kalang,Newry Island (Kalang River),-30.5067,152.985,2.77,1m,1.0,NSW Government,Macksville200912-LID1-AHD_4986624_56_0002_0002_1m.tif
newton_boyd_abbey_green,Newton Boyd (Abbey Green),-29.7603,152.2057,398.71,2m,2.0,NSW Government,NewtonBoyd201801-LID2-AHD_4226706_56_0002_0002_2m.tif
ngapala,Ngapala,-34.063,139.006,518.91,1 Second,30.0,Geoscience Australia SRTM,srtm-1sec-dem-v1-COG.tif
nicolls_bridge_al,Nicolls Bridge AL,-28.1792,153.4239,12.52,1m,1.0,QLD Government,GoldCoast_2009_LGA_SW_541000_6882000_1K_DEM_1m.tif
nile_river_at_deddington,Nile River at Deddington,-41.606,147.383,265.16,1m,1.0,TAS Government,Nile2017-DEM-1m_5315393_55.tif
nimmitabel_cottesloe,Nimmitabel (Cottesloe),-36.59,149.382,1186.09,2m,2.0,NSW Government,Bombala201803-LID2-AHD_7125946_55_0002_0002_2m.tif
nindigully,Nindigully,-28.354694,148.820583,184.02,1m,1.0,QLD Government,Moonie_South_2023_Prj_SW_678000_6862000_1k_DEM_1m.tif
nindooinbah_dam_al,Nindooinbah Dam AL,-27.996,153.03,123.0,1m,1.0,QLD Government,ScenicRim_2011_LGA_SW_502000_6903000_1K_DEM_1m.tif
nine_mile_creek_at_sellicks_road,Nine Mile Creek at Sellicks Road,-36.130978,145.486221,110.83,1 Second,30.0,Geoscience Australia SRTM,srtm-1sec-dem-v1-COG.tif
nitmiluk_centre,Nitmiluk Centre,-14.319,132.421,126.24,1 Second,30.0,Geoscience Australia SRTM,srtm-1sec-dem-v1-COG.tif
nitmiluk_ridge_a,Nitmiluk Ridge A,-14.36,132.421,118.9,1 Second,30.0,Geoscience Australia SRTM,srtm-1sec-dem-v1-COG.tif
nitmiluk_ridge_b,Nitmiluk Ridge B,-14.4,132.421,118.03,1 Second,30.0,Geoscience Australia SRTM,srtm-1sec-dem-v1-COG.tif
nitschke_hill,Nitschke Hill,-34.883,138.871,558.38,50cm,0.5,SA Government,MtBarker2021-DEM-GRID-0_5_3056137_54_0001_0001.tif
nockatunga_tm,Nockatunga Tm,-27.6983,142.7523,96.18,1 Second,30.0,Geoscience Australia SRTM,srtm-1sec-dem-v1-COG.tif
nogo_river_at_rawbelle,Nogo River at Rawbelle,-25.56271,150.839679,288.22,1 Second,30.0,Geoscience Australia SRTM,srtm-1sec-dem-v1-COG.tif
nogoa_river_mt_vexation_rd_al,Nogoa River (Mt Vexation Rd) AL,-24.682683,147.18646,377.56,50cm,0.5,Griffith Uni,Emerald201803-DEM-GRID-50cm_5187270_55_0001_0001.tif
noosa_bar_al,Noosa Bar AL,-26.3808,153.0794,-0.5,1m,1.0,QLD Government,Noosa_2022_LGA_SW_507000_7082000_1k_DEM_1m.tif
noosa_heads_al,Noosa Heads AL,-26.382,153.083,-0.26,1m,1.0,QLD Government,Noosa_2022_LGA_SW_508000_7082000_1k_DEM_1m.tif
nords_wharf_oval_no,Nords Wharf Oval (Nords Wharf),-33.1301,151.6098,4.61,1m,1.0,NSW Government,LakeMacquarie201409-LID1-AHD_3706332_56_0002_0002_1m.tif
norfolk_station_tm,Norfolk Station Tm,-19.3151,138.3323,237.15,1 Second,30.0,Geoscience Australia SRTM,srtm-1sec-dem-v1-COG.tif
normanby_way_al,Normanby Way AL,-27.306,152.997,4.33,1m,1.0,QLD Government,Brisbane_2009_LGA_SW_499000_6979000_1K_DEM_1m.tif
normanton_tm,Normanton Tm,-17.6647,141.0872,3.64,1m,1.0,QLD Government,Normanton_2010_Twn_SW_509000_8046000_1K_DEM_1m.tif
north_boomerang_mt_bobs,North Boomerang (Mt Bobs),-43.2722,146.6919,520.89,2m,2.0,TAS Government,Tasmania_Statewide_2m_DEM_14-08-2021.tif
north_creek_ballina_local,North Creek (ballina local),-28.788176,153.56347,1.92,1m,1.0,CSIRO and NEMA,RichmondRiver2023-DEM-AHD-1m_5546815_56_0001_0001.tif
north_murwillumbah,North Murwillumbah (,-28.3274,143.402,160.71,1 Second,30.0,Geoscience Australia SRTM,srtm-1sec-dem-v1-COG.tif
north_murwillumbah_tweed_river,Murwillumbah (Tweed River),-28.3274,153.402,4.8,1m,1.0,NSW Government,Murwillumbah201309-LID1-AHD_5386866_56_0002_0002_1m.tif
north_parramatta_burnside_homes,North Parramatta (Burnside Homes),-33.792,151.018,54.63,1m,1.0,NSW Government,Sydney201906-LID1-AHD_3166258_56_0002_0002_1m.tif
north_parramatta_darling_mills_creek,North Parramatta (Darling Mills Creek),-33.798,150.998,15.52,1m,1.0,NSW Government,Sydney201906-LID1-AHD_3146258_56_0002_0002_1m.tif
north_pine_dam_al,North Pine Dam AL,-27.267,152.933,36.41,1m,1.0,QLD Government,MoretonBay_2009_LGA_SW_493000_6983000_1K_DEM_1m.tif
north_pine_dam_al_b,North Pine Dam AL-B,-27.272,152.93,36.7,1m,1.0,QLD Government,MoretonBay_2009_LGA_SW_493000_6983000_1K_DEM_1m.tif
north_richmond_hospital,North Richmond (Hospital),-33.594,150.701,65.21,1m,1.0,NSW Government,Penrith201102-LID1-AHD_2866280_56_0002_0002_1m.tif
north_richmond_wps_hawkesbury_river,North Richmond Wps (Hawkesbury River),-33.59,150.713,9.96,1m,1.0,NSW Government,Penrith201102-LID1-AHD_2866280_56_0002_0002_1m.tif
north_rocks_muirfield_golf_club,North Rocks (Muirfield Golf Club),-33.767,151.016,91.33,1m,1.0,NSW Government,Sydney201304-LID1-AHD_3166260_56_0002_0002_1m.tif
north_ryde_golf_club,North Ryde Golf Club,-33.801,151.12,81.47,1m,1.0,NSW Government,Sydney202005-LID1-AHD_3246258_56_0002_0002_1m.tif
north_ward_al,North Ward AL,-19.242,146.803,3.52,1m,1.0,QLD Government,Townsville_2018_Prj_SW_479000_7872000_1.0K_DEM_1m.tif
northam,Northam,-31.651,116.659,172.95,1 Second,30.0,Geoscience Australia SRTM,srtm-1sec-dem-v1-COG.tif
northam_weir,Northam Weir,-31.648,116.671,151.83,1 Second,30.0,Geoscience Australia SRTM,srtm-1sec-dem-v1-COG.tif
northmead_bowling_club,Northmead Bowling Club,-33.782,150.996,59.19,1m,1.0,NSW Government,Sydney201304-LID1-AHD_3146260_56_0002_0002_1m.tif
norwell_al,Norwell AL,-27.7881,153.3139,0.49,1m,1.0,QLD Government,GoldCoast_2009_LGA_SW_530000_6926000_1K_DEM_1m.tif
nowendoc_green_hills,Nowendoc (Green Hills),-31.414,151.598,1131.16,5m,5.0,NSW Government,Yarrowitch201211-PHO3-AHD_3666522_56_0002_0002_5m.tif
nowra_boat_shed_shoalhaven_river,Nowra Boat Shed (Shoalhaven River),-34.867,150.605,4.07,1m,1.0,NSW Government,Kiama201104-LID1-AHD_2806138_56_0002_0002_1m.tif
nuga_nuga_al,Nuga Nuga AL,-25.067,148.9793,480.0,1 Second,30.0,Geoscience Australia SRTM,srtm-1sec-dem-v1-COG.tif
nugent_twilight_valley_tbrg,Nugent (Twilight Valley TBRG),-42.715,147.753,316.49,1m,1.0,TAS Government,SouthEast2011-DEM-1m_5615270_55.tif
nukinenda_al,Nukinenda AL,-27.056667,152.107222,479.39,1 Second,30.0,Geoscience Australia SRTM,srtm-1sec-dem-v1-COG.tif
nullamanna_silverdale,Nullamanna (Silverdale),-29.605,151.267,712.94,5m,5.0,NSW Government,Inverell201110-PHO3-AHD_3326722_56_0002_0002_5m.tif
numinbah_al,Numinbah AL,-28.165,153.216,154.85,1m,1.0,QLD Government,GoldCoast_2014_LGA_SW_521000_6884000_1K_DEM_1m.tif
numinbah_valley_al,Numinbah Valley AL,-28.1494,153.2242,129.55,1m,1.0,QLD Government,GoldCoast_2009_LGA_SW_522000_6886000_1K_DEM_1m.tif
nunamara,Nunamara,-41.396,147.3,361.06,1m,1.0,TAS Government,ProssersRoad2010-DEM-1m_5255417_55.tif
nundle_head_of_the_peel,Nundle (Head of the Peel),-31.59,151.128,742.27,5m,5.0,NSW Government,Ellerston201304-PHO3-AHD_3226502_56_0002_0002_5m.tif
nundle_keeva,Nundle (Keeva),-31.501,151.027,670.97,5m,5.0,NSW Government,Ellerston201304-PHO3-AHD_3126512_56_0002_0002_5m.tif
nundle_malonga,Nundle (Malonga),-31.534,151.181,1232.22,5m,5.0,NSW Government,Ellerston201304-PHO3-AHD_3266508_56_0002_0002_5m.tif
nuriootpa,Nuriootpa,-34.47,138.999,271.8,50cm,0.5,SA Government,Nuriootpa2021-DEM-GRID-0_5_3166183_54_0001_0001.tif
o_shannassy_river_tm,O'Shannassy River Tm,-19.6744,138.4004,252.02,1 Second,30.0,Geoscience Australia SRTM,srtm-1sec-dem-v1-COG.tif
oak_park_xing_al,Oak Park Xing AL,-26.063,146.124,305.72,1 Second,30.0,Geoscience Australia SRTM,srtm-1sec-dem-v1-COG.tif
oakbank,Oakbank,-34.981,138.843,327.9,50cm,0.5,SA Government,MtBarker2021-DEM-GRID-0_5_3036126_54_0001_0001.tif
oakdale_erts,Oakdale (ERTS),-34.071,150.446,507.25,1m,1.0,NSW Government,Burragorang201605-LID1-AHD_2646226_56_0002_0002_1m.tif
oakey_boodua_muniganeen_rd_tm,Oakey (Boodua Muniganeen Rd) TM,-27.3734,151.8594,434.84,1m,1.0,QLD Government,Toowoomba_2010_Rgn_SW_387000_6971000_1K_DEM_1m.tif
oakey_kingsthorpe_haden_rd_tm,Oakey (Kingsthorpe Haden Rd) TM,-27.401,151.8326,421.63,1m,1.0,QLD Government,Toowoomba_2010_Rgn_SW_384000_6968000_1K_DEM_1m.tif
oakey_oakey_cooyar_rd_tm,Oakey (Oakey-Cooyar Rd) TM,-27.3969,151.7188,401.67,1m,1.0,QLD Government,Toowoomba_2010_Rgn_SW_373000_6968000_1K_DEM_1m.tif
oakey_pechey_maclagan_rd_tm,Oakey (Pechey-Maclagan Rd) TM,-27.289,151.8051,470.96,1m,1.0,QLD Government,Toowoomba_Cooby_2020_Prj_SW_381000_6980000_1k_DEM_1m.tif
oakey_weir_park_tm,Oakey (Weir Park) TM,-27.4297,151.7185,401.87,1m,1.0,QLD Government,Toowoomba_2010_Rgn_SW_373000_6965000_1K_DEM_1m.tif
oakland_park_tm,Oakland Park Tm,-17.9259,142.0255,78.86,1 Second,30.0,Geoscience Australia SRTM,srtm-1sec-dem-v1-COG.tif
oaks_estate_molonglo_river,Oaks Estate (Molonglo River),-35.3372,149.2275,578.76,1m,1.0,ACT Government,ACT2015_4ppm_7026086_55_0002_0002_1m.tif
oakwood_al,Oakwood AL,-25.6656,146.1228,335.5,1 Second,30.0,Geoscience Australia SRTM,srtm-1sec-dem-v1-COG.tif
oakwood_tm,Oakwood TM,-26.4472,152.4869,200.37,1 Second,30.0,Geoscience Australia SRTM,srtm-1sec-dem-v1-COG.tif
oberon_jenolan_caves_road,Oberon (Jenolan Caves Road),-33.74,149.881,1162.38,5m,5.0,NSW Government,Oberon201311-PHO3-AHD_7666262_55_0002_0002_5m.tif
oberon_mount_david,Oberon (Mount David),-33.828,149.619,948.05,5m,5.0,NSW Government,Oberon201311-PHO3-AHD_7426252_55_0002_0002_5m.tif
ocean_view_al,Ocean View AL,-27.117,152.789,467.1,1m,1.0,QLD Government,MoretonBay_2014_LGA_SW_479000_7000000_1K_DEM_1m.tif
odea_road,Odea Road,-34.848,138.875,488.32,1m,1.0,SA Government,CudleeCreek2020_DEM_3056141_01_001.tif
ogunbil_amaroo,Ogunbil (Amaroo),-31.351,151.318,603.1,5m,5.0,NSW Government,Nundle201305-PHO3-AHD_3406530_56_0002_0002_5m.tif
olave_road,Olave Road,-35.024,138.656,407.81,50cm,0.5,SA Government,AdelaideMetro2022-DEM-GRID-50cm_2866121_54_0001_0001.tif
old_delamere,Old Delamere,-15.737,131.535,112.08,1 Second,30.0,Geoscience Australia SRTM,srtm-1sec-dem-v1-COG.tif
old_gympie_rd_al,Old Gympie Rd AL,-26.8572,152.938,29.79,1m,1.0,QLD Government,SunshineCoast_2014_LGA_SW_493000_7029000_1K_DEM_1m.tif
old_mornington_homestead,Old Mornington Homestead,-17.3922,126.2306,290.0,1 Second,30.0,Geoscience Australia SRTM,srtm-1sec-dem-v1-COG.tif
old_range_rd_al,Old Range Rd AL,-25.3572,152.0958,148.02,1 Second,30.0,Geoscience Australia SRTM,srtm-1sec-dem-v1-COG.tif
old_tambo_rd_al,Old Tambo Rd AL,-25.6053,146.5025,380.27,1 Second,30.0,Geoscience Australia SRTM,srtm-1sec-dem-v1-COG.tif
oohp_fwn_test3,OOHP-FWN-TEST3,-31.8638,115.8047,22.37,1 Second,30.0,Geoscience Australia SRTM,srtm-1sec-dem-v1-COG.tif
oohp_fwn_test4,OOHP-FWN-TEST4,-31.864,115.804,19.93,1 Second,30.0,Geoscience Australia SRTM,srtm-1sec-dem-v1-COG.tif
ooralea_schmidtke_rd_al,Ooralea (Schmidtke Rd) AL,-21.1841,149.1428,7.96,1m,1.0,QLD Government,Mackay_2015_Rgn_SW_722000_7655000_1K_DEM_1m.tif
orana_park_al,Orana Park AL,-24.8072,149.4481,253.0,1 Second,30.0,Geoscience Australia SRTM,srtm-1sec-dem-v1-COG.tif
orange_agricultural_institute,Orange Agricultural Institute,-33.321,149.083,928.34,1m,1.0,NSW Government,Orange201305-LID1-AHD_6926310_55_0002_0002_1m.tif
oreillys_weir_al,OReillys Weir AL,-27.419722,152.589167,41.35,1m,1.0,QLD Government,Somerset_2009_Prj_SW_459000_6967000_1K_DEM_1m.tif
osborne,Osborne,-34.798,138.51,-1.26,50cm,0.5,SA Government,AdelaideMetro2022-DEM-GRID-50cm_2726146_54_0001_0001.tif
ourimbah_ourimbah_ck,Ourimbah (Ourimbah Ck),-33.3466,151.3778,15.5,1m,1.0,NSW Government,Gosford202008-LID1-AHD_3486308_56_0002_0002_1m.tif
oven_mountain,Oven Mountain,-30.82,152.201,1129.58,2m,2.0,NSW Government,Carrai201805-LID2-AHD_4226590_56_0002_0002_2m.tif
ovens_river_at_bright,Ovens River at Bright,-36.727,146.951,302.2,1 Second,30.0,Geoscience Australia SRTM,srtm-1sec-dem-v1-COG.tif
ovens_river_at_harrietville,Ovens River at Harrietville,-36.878,147.065,481.84,1 Second,30.0,Geoscience Australia SRTM,srtm-1sec-dem-v1-COG.tif
ovens_river_eurobin,Ovens River @ Eurobin,-36.653,146.857,252.76,1 Second,30.0,Geoscience Australia SRTM,srtm-1sec-dem-v1-COG.tif
ovens_river_rocky_point,Ovens River @ Rocky Point,-36.535,146.667,198.0,1 Second,30.0,Geoscience Australia SRTM,srtm-1sec-dem-v1-COG.tif
oxenford_weir_al,Oxenford Weir AL,-27.88361,153.28347,24.46,1m,1.0,QLD Government,GoldCoast_2014_LGA_SW_527000_6915000_1K_DEM_1m.tif
oxley_ck_ipswich_rd_al,Oxley Ck (Ipswich Rd) AL,-27.5647,152.9904,4.54,1m,1.0,QLD Government,Brisbane_2019_Prj_SW_499000_6951000_1k_DEM_1m.tif
oxley_ck_mouth_al,Oxley Ck Mouth AL,-27.526,152.994,7.86,1m,1.0,QLD Government,Brisbane_2014_LGA_SW_499000_6955000_1K_DEM_1m.tif
oyster_ck_al,Oyster Ck AL,-28.1128,153.4378,2.81,1m,1.0,QLD Government,GoldCoast_2014_LGA_SW_543000_6890000_1K_DEM_1m.tif
pace_rd_rollingstone,Pace Rd Rollingstone,-19.0688,146.3858,40.79,1m,1.0,QLD Government,Rollingstone_2013_Twn_SW_435000_7891000_1K_DEM_1m.tif
pacific_haven_drive_tm,Pacific Haven Drive TM,-25.293097,152.560153,12.83,1m,1.0,QLD Government,Fraser_coast_2022_LGA_SW_455000_7202000_1k_DEM_1m.tif
pacific_pines_al,Pacific Pines AL,-27.9528,153.3069,102.03,1m,1.0,QLD Government,GoldCoast_2014_LGA_SW_530000_6907000_1K_DEM_1m.tif
paget_al,Paget AL,-21.1928,149.1683,3.59,1m,1.0,QLD Government,Mackay_2009_Rgn_SW_724000_7654000_2K_DEM_1m.tif
palen_ck_al,Palen Creek AL,-28.3222,142.7358,103.31,1 Second,30.0,Geoscience Australia SRTM,srtm-1sec-dem-v1-COG.tif
palm_beach_sarawak_ave_al,Palm Beach (Sarawak Ave) AL,-28.1338,153.4728,1.74,1m,1.0,QLD Government,GoldCoast_2009_LGA_SW_546000_6887000_1K_DEM_1m.tif
palm_grove_lyrebird_lane,Palm Grove (Lyrebird Lane),-33.298,151.301,270.51,1m,1.0,NSW Government,Gosford201409-LID1-AHD_3406314_56_0002_0002_1m.tif
palmview_al,Palmview AL,-26.745,153.083,3.97,1m,1.0,QLD Government,Sunshine_Coast_2022_LGA_SW_508000_7041000_1k_DEM_1m.tif
palmwoods_al,Palmwoods AL,-26.689,152.957,28.26,1m,1.0,QLD Government,SunshineCoast_2014_LGA_SW_495000_7048000_1K_DEM_1m.tif
palmwoods_sportsground_al,Palmwoods Sportsground AL,-26.676,152.954,31.92,1m,1.0,QLD Government,Sunshine_Coast_2022_LGA_SW_495000_7049000_1k_DEM_1m.tif
paluma_dam_alert,Paluma Dam AL,-18.9536,146.1469,892.39,1m,1.0,QLD Government,HiddenValley_2013_Loc_SW_410000_7904000_1K_DEM_1m.tif
panorama_ck_dawson_hway_al,Panorama Ck (Dawson Hway) AL,-24.459757,148.604436,205.68,50cm,0.5,Griffith Uni,Emerald201803-DEM-GRID-50cm_6627293_55_0001_0001.tif
paradise_dam_alert,Paradise Dam AL,-25.3511,151.9197,73.86,50cm,0.5,Griffith Uni,Bundaberg201801-DEM-GRID-50cm_3917195_56_0001_0001.tif
pareora,Pareora,-34.156,138.183,13.0,1 Second,30.0,Geoscience Australia SRTM,srtm-1sec-dem-v1-COG.tif
park_ridge_stoney_camp_rd_al,Park Ridge (Stoney Camp Rd) AL,-27.725,153.03,34.21,1m,1.0,QLD Government,Logan_2021_GDA2020_LGA_SW_502500_6933000_500m_DEM_1m.tif
parkers_gap,Parkers Gap,-35.631,149.5,1179.23,2m,2.0,NSW Government,Araluen201804-LID2-AHD_7266054_55_0002_0002_2m.tif
parramatta_river_riverside_theatre,Parramatta River (Riverside Theatre),-33.81,151.003,8.35,1m,1.0,NSW Government,Sydney201906-LID1-AHD_3146256_56_0002_0002_1m.tif
parramatta_valentine_ave,Parramatta (Valentine Ave),-33.821,151.006,10.0,1m,1.0,NSW Government,Sydney201304-LID1-AHD_3146254_56_0002_0002_1m.tif
parrearra_weir_u_s_al,Parrearra Weir U/S AL,-26.7258,153.1198,1.8,1m,1.0,QLD Government,SunshineCoast_2014_LGA_SW_511000_7043000_1K_DEM_1m.tif
patawalonga_lake,Patawalonga Lake,-34.966,138.512,2.77,50cm,0.5,SA Government,AdelaideMetro2022-DEM-GRID-50cm_2726127_54_0001_0001.tif
patricia_park_tm,Patricia  Park Tm,-25.6894,144.7657,252.93,1 Second,30.0,Geoscience Australia SRTM,srtm-1sec-dem-v1-COG.tif
paynedale_alert,Paynedale Alert,-33.6442,115.7025,50.82,1 Second,30.0,Geoscience Australia SRTM,srtm-1sec-dem-v1-COG.tif
payneham,Payneham,-34.8923,138.6421,47.52,1m,1.0,SA Government,AdelaideMetro2018_DEM_2806135_05_001.tif
peachester_al,Peachester AL,-26.8385,152.8416,130.18,1m,1.0,QLD Government,SunshineCoast_2008_LGA_SW_484000_7031000_1K_DEM_1m.tif
peak_vale_al,Peak Vale AL,-23.142,147.279,485.99,1 Second,30.0,Geoscience Australia SRTM,srtm-1sec-dem-v1-COG.tif
peakhurst_golf_club,Peakhurst Golf Club,-33.972,151.061,29.35,1m,1.0,NSW Government,Sydney202004-LID1-AHD_3206238_56_0002_0002_1m.tif
pearl_beach_reservoi,Pearl Beach Reservoi,-33.5364,151.3064,73.19,1m,1.0,NSW Government,Sydney201105-LID1-AHD_3426286_56_0002_0002_1m.tif
peets_bridge_alert_b,Peets Bridge AL-B,-17.1336,145.7644,22.55,50cm,0.5,Griffith Uni,Cairns201308-DEM-GRID-50cm_3688105_55_0001_0001.tif
peets_bridge_tm,Peets Bridge Tm,-17.1331,145.7625,98.14,50cm,0.5,Griffith Uni,Cairns201308-DEM-GRID-50cm_3688105_55_0001_0001.tif
pejar_dam,Pejar Dam,-34.583,149.58,785.08,5m,5.0,NSW Government,Goulburn201312-PHO3-AHD_7366170_55_0002_0002_5m.tif
pelican_waters_al,Pelican Waters AL,-26.823,153.111,2.69,1m,1.0,QLD Government,SunshineCoast_2014_LGA_SW_511000_7033000_1K_DEM_1m.tif
pendle_hill_creek,Pendle Hill Creek,-33.782,150.955,23.08,1m,1.0,NSW Government,Penrith201906-LID1-AHD_3106260_56_0002_0002_1m.tif
penrith_nepean_river,Penrith (Nepean River),-33.748,150.683,25.25,1m,1.0,NSW Government,Penrith201102-LID1-AHD_2846262_56_0002_0002_1m.tif
penwortham,Penwortham,-33.914,138.648,511.16,50cm,0.5,SA Government,ClareStockport2021-DEM-GRID-0_5_2826244_54_0001_0001.tif
percy_hindmarsh,Percy Hindmarsh,-24.89711,150.696552,295.95,1 Second,30.0,Geoscience Australia SRTM,srtm-1sec-dem-v1-COG.tif
perry_drive_coffs_harbour,Perry Drive (Coffs Harbour),-30.282,153.108,25.31,1m,1.0,NSW Government,CoffsHarbour201309-LID1-AHD_5106648_56_0002_0002_1m.tif
perseverance_alert,Perseverance AL,-27.29,152.1228,451.09,1m,1.0,QLD Government,Toowoomba_2010_Rgn_SW_413000_6981000_1K_DEM_1m.tif
perth_south_esk,Perth (South Esk),-41.592,147.184,151.84,1m,1.0,TAS Government,Nile2017-DEM-1m_5155395_55.tif
perthville_queen_charlottes_creek,Perthville (Queen Charlottes Creek),-33.4889,149.5464,674.63,2m,2.0,NSW Government,Bathurst201510-LID2-AHD_7366290_55_0002_0002_2m.tif
peter_faust_dam_hw_alert,Peter Faust Dam HW AL,-20.3667,148.3822,81.0,1 Second,30.0,Geoscience Australia SRTM,srtm-1sec-dem-v1-COG.tif
petrona_al,Petrona AL,-24.4072,147.3225,319.05,1m,1.0,QLD Government,ClaudeRiv_Gauge_2013_Prj_SW_532000_7300000_1K_DEM_1m.tif
pheasant_ck_al,Pheasant Ck AL,-23.8686,150.1317,235.88,1m,1.0,QLD Government,Wowan_2011_Twn_SW_207000_7357000_1K_DEM_1m.tif
pheasants_nest_nepean_river,Pheasants Nest (Nepean River),-34.247,150.667,142.18,1m,1.0,NSW Government,Wollongong201405-LID1-AHD_2846206_56_0002_0002_1m.tif
picnic_bay_al,Picnic Bay AL,-19.177,146.834,68.05,1m,1.0,QLD Government,Townsville_2009_Ctl_SW_482000_7879000_1K_DEM_1m.tif
picnic_point_al,Picnic Point AL,-26.646,153.081,1.65,1m,1.0,QLD Government,SunshineCoast_2008_LGA_SW_508000_7052000_1K_DEM_1m.tif
picton_stonequarry,Picton (Stonequarry,-34.1791,150.6111,158.35,1m,1.0,NSW Government,Wollongong201906-LID1-AHD_2786214_56_0002_0002_1m.tif
pigick_comparison,Pigick Comparison,-35.871,141.817,86.72,1 Second,30.0,Geoscience Australia SRTM,srtm-1sec-dem-v1-COG.tif
pillar_valley,Pillar Valley,-29.75,153.105,22.37,1m,1.0,CSIRO and NEMA,ClarenceRiver2023-DEM-AHD-1m_5106708_56_0001_0001.tif
pindari_al,Pindari AL,-24.6077,148.0694,799.63,1 Second,30.0,Geoscience Australia SRTM,srtm-1sec-dem-v1-COG.tif
pine_creek_at_broadford,Pine Creek at Broadford,-37.289,145.048,255.24,1 Second,30.0,Geoscience Australia SRTM,srtm-1sec-dem-v1-COG.tif
pine_creek_pine_ck_rd_al,Pine Ck Rd AL,-25.0041,152.1664,4.03,1m,1.0,QLD Government,Bundaberg_2016_Rgn_SW_415000_7234000_1K_DEM_1m.tif
pine_hill_crossing,Pine Hill Crossing,-26.9097,149.9614,279.3,1 Second,30.0,Geoscience Australia SRTM,srtm-1sec-dem-v1-COG.tif
pine_hills_tm,Pine Hills TM,-26.2625,149.2389,366.5,50cm,0.5,Griffith Uni,Roma201810-DEM-GRID-50cm_7237093_55_0001_0001.tif
pine_ridge_billabong,Pine Ridge (Billabong),-31.527,150.43,326.17,5m,5.0,NSW Government,Blackville201108-PHO3-AHD_2546508_56_0002_0002_5m.tif
pingelly,Pingelly,-32.534,117.083,307.36,1 Second,30.0,Geoscience Australia SRTM,srtm-1sec-dem-v1-COG.tif
pinjarra_south,Pinjarra South,-32.645,115.864,9.06,1 Second,30.0,Geoscience Australia SRTM,srtm-1sec-dem-v1-COG.tif
pink_lagoon_al,Pink Lagoon AL,-22.3408,148.9508,123.1,1 Second,30.0,Geoscience Australia SRTM,srtm-1sec-dem-v1-COG.tif
pitturi_ck_tm,Pitturi Ck Tm,-22.6231,138.5557,150.06,1 Second,30.0,Geoscience Australia SRTM,srtm-1sec-dem-v1-COG.tif
plane_creek_sugar_mill,Plane Creek Sugar Mill,-21.427,149.216,19.97,50cm,0.5,Griffith Uni,Mackay201308-DEM-GRID-50cm_7297628_55_0001_0001.tif
planet_downs_al,Planet Downs AL,-24.350276,148.994354,458.81,1 Second,30.0,Geoscience Australia SRTM,srtm-1sec-dem-v1-COG.tif
plummers_lane_macleay_river,Plummers Lane (Macleay River),-30.955,153.0,1.74,1m,1.0,NSW Government,Nambucca200910-LID1-AHD_5006574_56_0002_0002_1m.tif
pocket_ck_rd_al,Pocket Ck Rd AL,-23.9442,150.1147,206.71,1 Second,30.0,Geoscience Australia SRTM,srtm-1sec-dem-v1-COG.tif
pohlmans_range_al,Pohlmans Range AL,-26.992,152.431,451.78,1 Second,30.0,Geoscience Australia SRTM,srtm-1sec-dem-v1-COG.tif
point_lookout,Point Lookout,-30.483,152.396,1521.81,2m,2.0,NSW Government,Ebor201801-LID2-AHD_4426626_56_0002_0002_2m.tif
poison_creek_alert,Poison Creek Alert,-23.6748,150.5389,66.99,50cm,0.5,Griffith Uni,Rockhampton201305-DEM-GRID-50cm_2497379_56_0001_0001.tif
pokolbin_ben_ean,Pokolbin (Ben Ean),-32.797,151.28,143.44,1m,1.0,NSW Government,Cessnock201110-LID1-AHD_3386368_56_0002_0002_1m.tif
police_ck_al,Police Ck AL,-23.8739,151.2386,7.64,50cm,0.5,Griffith Uni,Gladstone201307-DEM-GRID-50cm_3207358_56_0001_0001.tif
pomona_hill_st_al,Pomona (Hill St) AL,-26.3664,152.8583,86.14,1m,1.0,QLD Government,SunshineCoast_2008_LGA_SW_485000_7083000_1K_DEM_1m.tif
pomona_subway_ave_al,Pomona (Subway Ave) AL,-26.3664,152.8583,86.14,1m,1.0,QLD Government,SunshineCoast_2008_LGA_SW_485000_7083000_1K_DEM_1m.tif
ponderosa,Ponderosa,-34.508,139.531,86.97,1 Second,30.0,Geoscience Australia SRTM,srtm-1sec-dem-v1-COG.tif
poona_dam_al,Poona Dam AL,-26.5939,152.9117,153.68,1m,1.0,QLD Government,SunshineCoast_2014_LGA_SW_491000_7058000_1K_DEM_1m.tif
pooncarie_tarcoola_comparison,Pooncarie (Tarcoola) Comparison,-33.4255,142.576,45.57,5m,5.0,NSW Government,Pooncarie201411-PHO3-AHD_6466300_54_0002_0002_5m.tif
porcupine_ck_tm,Porcupine Ck Tm,-20.6936,144.3778,345.84,1 Second,30.0,Geoscience Australia SRTM,srtm-1sec-dem-v1-COG.tif
port_phillip_bay_st_kilda_marina,Port Phillip Bay @ St Kilda Marina,-37.874,144.973,0.0,1 Second,30.0,Geoscience Australia SRTM,srtm-1sec-dem-v1-COG.tif
porters_creek,Porters Creek,-33.2744,151.4139,0.53,1m,1.0,NSW Government,Gosford202008-LID1-AHD_3526316_56_0002_0002_1m.tif
porters_creek_dam,Porters Creek Dam,-35.258,150.341,488.26,2m,2.0,NSW Government,Ulladulla201804-LID2-AHD_2586094_56_0002_0002_2m.tif
poverty_hill_al,Poverty Hill AL,-18.752,146.114,146.54,50cm,0.5,Griffith Uni,Ingham201806-DEM-GRID-50cm_4067926_55_0001_0001.tif
prairie_flinders_highway_prairie_creek,Prairie (Flinders Highway) (Prairie Creek),-20.87,144.6107,429.07,1m,1.0,QLD Government,Prairie_2012_Twn_SW_251000_7690000_1K_DEM_1m.tif
pranjip_ck_at_moorilim,Pranjip Ck at Moorilim,-36.617,145.3,122.0,1 Second,30.0,Geoscience Australia SRTM,srtm-1sec-dem-v1-COG.tif
pratten_al,Pratten AL,-28.055,151.7881,422.93,1m,1.0,QLD Government,SouthernDowns_2010_Rgn_SW_380000_6896000_1K_DEM_1m.tif
preston_vale_vineyard,Preston Vale Vineyard,-33.556,116.037,228.0,1 Second,30.0,Geoscience Australia SRTM,srtm-1sec-dem-v1-COG.tif
priestdale_al,Priestdale AL,-27.609,153.184,78.54,1m,1.0,QLD Government,Logan_2013_LGA_SW_518000_6946000_1K_DEM_1m.tif
prospect_reservoir,Prospect Reservoir,-33.822,150.912,63.28,1m,1.0,NSW Government,Penrith201304-LID1-AHD_3066254_56_0002_0002_1m.tif
prospect_tm,Prospect Tm,-18.9155,142.2502,132.54,1 Second,30.0,Geoscience Australia SRTM,srtm-1sec-dem-v1-COG.tif
pullen_pullen_creek_al,Pullen Pullen Creek AL,-27.561,152.893,15.48,1m,1.0,QLD Government,Brisbane_2009_LGA_SW_489000_6951000_1K_DEM_1m.tif
pullenvale_al,Pullenvale AL,-27.525,152.885,34.99,1m,1.0,QLD Government,Brisbane_2019_Prj_SW_488000_6955000_1k_DEM_1m.tif
punchbowl_road_tm,Punchbowl Road TM,-20.0531,142.0349,138.31,1 Second,30.0,Geoscience Australia SRTM,srtm-1sec-dem-v1-COG.tif
purlewaugh_keodoel_lane,Purlewaugh (Keodoel Lane),-31.3432,149.5076,498.48,5m,5.0,NSW Government,TambarSprings201605-PHO3-AHD_7386528_55_0002_0002_5m.tif
putty_rd_colo_riv,Putty Rd (Colo Riv,-33.432,150.8285,3.01,1m,1.0,NSW Government,StAlbans201105-LID1-AHD_2986298_56_0002_0002_1m.tif
putty_tea_rooms,Putty Tea Rooms,-32.961,150.674,263.79,2m,2.0,NSW Government,HowesValley201804-LID2-AHD_2826350_56_0002_0002_2m.tif
putty_the_gibba,Putty (The Gibba),-33.158,150.683,313.42,2m,2.0,NSW Government,StAlbans201709-LID2-AHD_2826328_56_0002_0002_2m.tif
quadney,Quadney,-31.794,116.628,314.29,1 Second,30.0,Geoscience Australia SRTM,srtm-1sec-dem-v1-COG.tif
quairading_east,Quairading East,-32.0047,117.4134,245.9,1 Second,30.0,Geoscience Australia SRTM,srtm-1sec-dem-v1-COG.tif
quambone_station_comparison,Quambone Station Comparison,-30.926,147.87,153.71,1m,1.0,NSW Government,Quambone_202403_LID1_AHD_1m_1km_55_5836578.tif
quorrobolong,Quorrobolong,-32.936,151.352,148.61,1m,1.0,NSW Government,Cessnock201110-LID1-AHD_3446354_56_0002_0002_1m.tif
raceview_al,Raceview AL,-26.4083,146.4042,321.14,1m,1.0,QLD Government,Charleville_2011_Twn_SW_440000_7078000_1K_DEM_1m.tif
raceview_towers_al,Raceview Towers AL,-26.3983,146.3597,337.45,1m,1.0,QLD Government,Charleville_2011_Twn_SW_436000_7080000_1K_DEM_1m.tif
radar_hill_al,Radar Hill AL,-26.605,152.989,175.3,1m,1.0,QLD Government,Sunshine_Coast_2022_LGA_SW_498000_7057000_1k_DEM_1m.tif
rainbow_radar,Rainbow Radar,-35.997,142.01,113.96,1 Second,30.0,Geoscience Australia SRTM,srtm-1sec-dem-v1-COG.tif
rainbow_reach_macleay_river,Rainbow Reach (Macleay River),-30.92,153.0,1.27,1m,1.0,NSW Government,Nambucca200910-LID1-AHD_5006578_56_0002_0002_1m.tif
rangemore_al,Rangemore AL,-26.98,151.682,699.53,1 Second,30.0,Geoscience Australia SRTM,srtm-1sec-dem-v1-COG.tif
ransome_al,Ransome AL,-27.487,153.17,4.02,1m,1.0,QLD Government,Brisbane_2009_LGA_SW_516000_6959000_1K_DEM_1m.tif
rapleys_al,Rapleys AL,-24.3769,151.8253,11.12,1m,1.0,QLD Government,Gladstone_2009_Ctl_SW_380000_7302000_2K_DEM_1m.tif
rathdowney_alert_de_coupled,Rathdowney Alert (De-Coupled),-28.2153,152.8681,86.52,1m,1.0,QLD Government,ScenicRim_2011_LGA_SW_487000_6878000_1K_DEM_1m.tif
ravencliffe_alert,Ravencliffe Alert,-33.766,115.838,166.0,1 Second,30.0,Geoscience Australia SRTM,srtm-1sec-dem-v1-COG.tif
ravensbourne_rd_al,Ravensbourne Rd AL,-24.855,145.545,328.05,1 Second,30.0,Geoscience Australia SRTM,srtm-1sec-dem-v1-COG.tif
ravenscourt_al,Ravenscourt AL,-26.0219,145.7233,386.73,1 Second,30.0,Geoscience Australia SRTM,srtm-1sec-dem-v1-COG.tif
raymond_al,Raymond AL,-24.2317,147.645,267.8,1m,1.0,QLD Government,Raymond_TresswellRiv_Gauge_2013_Prj_SW_565000_7319000_1K_DEM_1m.tif
raynbird_creek_al,Raynbird Creek AL,-27.262,152.733,287.06,1m,1.0,QLD Government,MoretonBay_2014_LGA_SW_473000_6984000_1K_DEM_1m.tif
razorback_mckays_track,Razorback (McKays Track),-43.152,146.445,297.55,2m,2.0,TAS Government,Tasmania_Statewide_2m_DEM_14-08-2021.tif
red_hill_al,Red Hill AL,-24.448,150.425,188.68,50cm,0.5,Griffith Uni,Moura201802-DEM-GRID-50cm_2387293_56_0001_0001.tif
red_hill_coffs_harbour,Red Hill (Coffs Harbour),-30.287,153.068,58.35,1m,1.0,NSW Government,CoffsHarbour201309-LID1-AHD_5066648_56_0002_0002_1m.tif
red_rocks_erts,Red Rocks (ERTS),-34.792,150.541,528.61,1m,1.0,NSW Government,Kiama201610-LID1-AHD_2746146_56_0002_0002_1m.tif
redbank_al,Redbank AL,-25.485,150.605,347.5,1 Second,30.0,Geoscience Australia SRTM,srtm-1sec-dem-v1-COG.tif
redbank_ck_al,Redbank Ck AL,-27.277,152.289,489.56,1 Second,30.0,Geoscience Australia SRTM,srtm-1sec-dem-v1-COG.tif
redbank_plains_al,Redbank Plains AL,-27.6486,152.8642,66.56,1m,1.0,QLD Government,Ipswich_2014_LGA_SW_486000_6941000_1K_DEM_1m.tif
redbank_road_toongabbee_creek,Redbank Road (Toongabbee Creek),-33.8,150.992,13.25,1m,1.0,NSW Government,Sydney201906-LID1-AHD_3146258_56_0002_0002_1m.tif
redcliffe_mimosa_ck,Redcliffe (Mimosa Ck) AL,-24.3386,149.5838,122.99,1 Second,30.0,Geoscience Australia SRTM,srtm-1sec-dem-v1-COG.tif
redlynch_tm,Redlynch Tm,-16.9422,145.6953,26.19,1m,1.0,QLD Government,Cairns_2010_Prj_SW_361000_8126000_1K_DEM_1m.tif
reed_beds_al,Reed Beds AL,-19.517,147.046,2.27,50cm,0.5,Griffith Uni,Townsville201305-DEM-GRID-50cm_5047841_55_0001_0001.tif
reedy_ck_al,Reedy Ck AL,-27.151,152.653,134.45,1 Second,30.0,Geoscience Australia SRTM,srtm-1sec-dem-v1-COG.tif
reedy_springs_statio,Reedy Springs Statio,-19.9659,144.6834,783.0,1 Second,30.0,Geoscience Australia SRTM,srtm-1sec-dem-v1-COG.tif
reeves_knob,Reeves Knob,-37.532,147.005,1248.39,1 Second,30.0,Geoscience Australia SRTM,srtm-1sec-dem-v1-COG.tif
regency_park,Regency Park,-34.868,138.57,9.19,50cm,0.5,SA Government,AdelaideMetro2022-DEM-GRID-50cm_2776138_54_0001_0001.tif
repton_bellinger_ri,Repton,-30.4417,153.0217,2.42,1m,1.0,NSW Government,CoffsHarbour201002-LID1-AHD_5026632_56_0002_0002_1m.tif
reverces,Reverces,-34.167,150.933,250.14,1m,1.0,NSW Government,Wollongong202004-LID1-AHD_3086216_56_0002_0002_1m.tif
rewan_al,Rewan AL,-24.9776,148.3881,310.57,1 Second,30.0,Geoscience Australia SRTM,srtm-1sec-dem-v1-COG.tif
rex_creek_intake_tm,Rex Creek Intake TM,-16.4739,145.3228,144.66,1m,1.0,QLD Government,Cairns_2010_Prj_SW_320000_8177000_1K_DEM_1m.tif
rhynie,Rhynie,-34.101,138.63,202.0,1 Second,30.0,Geoscience Australia SRTM,srtm-1sec-dem-v1-COG.tif
richardson_river_at_carrs_plains,Richardson River at Carrs Plains,-36.7416,142.7869,157.14,1 Second,30.0,Geoscience Australia SRTM,srtm-1sec-dem-v1-COG.tif
richmond_post_office,Richmond Post Office,-20.7289,143.1425,209.99,1m,1.0,QLD Government,Richmond_2012_Twn_SW_723000_7706000_1K_DEM_1m.tif
ridge_park,Ridge Park,-34.961,138.64,122.89,50cm,0.5,SA Government,AdelaideMetro2022-DEM-GRID-50cm_2846128_54_0001_0001.tif
rifle_range_road_al,Rifle Range Road AL,-27.454,152.517,50.19,1m,1.0,QLD Government,LockyerCreekGap_2012_Rgn_SW_452000_6963000_1K_DEM_1m.tif
rileys_crossing_aler,Rileys Crossing AL,-23.5433,148.6053,147.1,1m,1.0,QLD Government,Comet_2012_Twn_SW_663000_7395000_1K_DEM_1m.tif
ripple_downs_al,Ripple Downs AL,-27.9364,150.1425,249.31,1 Second,30.0,Geoscience Australia SRTM,srtm-1sec-dem-v1-COG.tif
riverview_conway_st_al,Riverview (Conway St) AL,-27.607,152.847,25.19,1m,1.0,QLD Government,Ipswich_2023_LGA_SW_484000_6946000_1k_DEM_1m.tif
rivington_al,Rivington AL,-23.9606,146.5606,395.03,50cm,0.5,Griffith Uni,Alpha201304-DEM-GRID-50cm_4557350_55_0001_0001.tif
roberts_street,Roberts Street,-34.942,138.603,40.49,1m,1.0,SA Government,AdelaideMetro2018_DEM_2806130_05_001.tif
robertson_the_pie_shop,Robertson (The Pie Shop),-34.587,150.625,740.99,1m,1.0,NSW Government,Kiama201405-LID1-AHD_2826170_56_0002_0002_1m.tif
rochedale_landfill_al,Rochedale (Landfill) AL,-27.558,153.121,28.94,1m,1.0,QLD Government,Brisbane_2009_LGA_SW_511000_6951000_1K_DEM_1m.tif
rochedale_south_al,Rochedale South AL,-27.591,153.142,38.38,1m,1.0,QLD Government,Brisbane_2019_Prj_SW_514000_6948000_1k_DEM_1m.tif
rock_forest_macquarie_river,Macquarie River at Rock Forest,-33.3696,149.4579,633.97,5m,5.0,NSW Government,Orange201308-PHO3-AHD_7286304_55_0002_0002_5m.tif
rockhampton_tm,Rockhampton Tm,-23.3811,150.5172,7.71,50cm,0.5,Griffith Uni,Rockhampton201305-DEM-GRID-50cm_2467412_56_0001_0001.tif
rockley_glenlea,Rockley (Glenlea),-33.723,149.507,1016.73,5m,5.0,NSW Government,Oberon201311-PHO3-AHD_7326264_55_0002_0002_5m.tif
rocks_rd_reserve_tm,Rocks Rd Reserve AL,-16.9278,145.6975,17.38,50cm,0.5,Griffith Uni,Cairns201807-DEM-GRID-50cm_3618127_55_0001_0001.tif
rocky_ck_al,Rocky Ck AL,-25.719,147.04,511.0,1 Second,30.0,Geoscience Australia SRTM,srtm-1sec-dem-v1-COG.tif
rocky_ck_dam,Rocky Ck Dam,-24.1422,148.1542,614.72,50cm,0.5,Griffith Uni,Emerald201305-DEM-GRID-50cm_6177329_55_0001_0001.tif
rocky_creek_dam,Rocky Creek Dam,-28.632811,153.344161,172.46,1m,1.0,CSIRO and NEMA,NorthernRiversNSW2022Bathymetry-RockyCreekDam-DEM-AHD-1m_5336832_56_0001_0001.tif
rocky_crossing,Rocky Crossing,-27.8571185,149.3799619,227.57,1 Second,30.0,Geoscience Australia SRTM,srtm-1sec-dem-v1-COG.tif
rocky_glen_borah_station,Rocky Glen (Borah Station),-31.007,149.546,394.92,5m,5.0,NSW Government,TambarSprings201605-PHO3-AHD_7426566_55_0002_0002_5m.tif
roddas_lookout_al,Roddas Lookout AL,-24.1422,148.1542,614.72,50cm,0.5,Griffith Uni,Emerald201305-DEM-GRID-50cm_6177329_55_0001_0001.tif
rogans_hill_reservoir,Rogans Hill Reservoir,-33.745,151.037,116.05,1m,1.0,NSW Government,Sydney202006-LID1-AHD_3186264_56_0002_0002_1m.tif
rolleston_al,Rolleston AL,-24.4667,148.6194,205.65,50cm,0.5,Griffith Uni,Emerald201803-DEM-GRID-50cm_6647293_55_0001_0001.tif
romani_al,Romani AL,-27.8481,152.9061,39.78,1m,1.0,QLD Government,ScenicRim_2011_LGA_SW_490000_6919000_1K_DEM_1m.tif
rosalie_baroona_rd_al,Rosalie (Baroona Rd) AL,-27.465,152.991,14.19,1m,1.0,QLD Government,Brisbane_2019_Prj_SW_499000_6962000_1k_DEM_1m.tif
rose_bay_royal_sydney_golf_club,Rose Bay (Royal Sydney Golf Club),-33.88,151.265,8.42,1m,1.0,NSW Government,Sydney202005-LID1-AHD_3386248_56_0002_0002_1m.tif
rose_r_at_matong_nth,Rose R at Matong Nth,-36.821,146.581,321.71,1 Second,30.0,Geoscience Australia SRTM,srtm-1sec-dem-v1-COG.tif
rosentretters_br_al,Rosentretters Br AL,-27.1383,152.3294,131.85,1m,1.0,QLD Government,Toogoolawah_2011_Twn_SW_433000_6998000_1K_DEM_1m.tif
rosewood_al,Rosewood AL,-27.661,152.603,42.98,1m,1.0,QLD Government,Ipswich_2023_LGA_SW_460000_6940000_1k_DEM_1m.tif
rosewood_al_b,Rosewood AL-B,-27.6592,152.6042,38.63,1m,1.0,QLD Government,Ipswich_2023_LGA_SW_460000_6940000_1k_DEM_1m.tif
rosewood_detention_basin_al,Rosewood Detention Basin AL,-27.6272,152.5914,80.4,1m,1.0,QLD Government,Ipswich_2023_LGA_SW_459000_6944000_1k_DEM_1m.tif
ross_macquarie_river,Ross (Macquarie River),-42.031742,147.490737,185.07,1m,1.0,TAS Government,NorthernMidlands2019-DEM-1m_5405346_GDA2020_55.tif
rossi_sawmill,Rossi (Sawmill),-35.468,149.527,915.92,1m,1.0,NSW Government,Braidwood201712-LID1-AHD_7286072_55_0002_0002_1m.tif
rossmore_south_creek,Rossmore (South Creek),-33.935,150.782,77.87,1m,1.0,NSW Government,Penrith201102-LID1-AHD_2946242_56_0002_0002_1m.tif
rothwell_al,Rothwell AL,-27.2173,153.0443,1.55,1m,1.0,QLD Government,MoretonBay_2014_LGA_SW_504000_6989000_1K_DEM_1m.tif
round_mt_res_al,Round Mt Res AL,-27.032,152.934,54.18,1m,1.0,QLD Government,Moreton_Bay_2018_LGA_SW_493000_7010000_1k_DEM_1m.tif
rowallan_park_al,Rowallan Park AL,-21.094,149.118,43.3,1m,1.0,QLD Government,Mackay_2021_Prj_SW_720000_7665000_1k_DEM_1m.tif
roxmere_station_tm,Roxmere Station TM,-20.835,140.5147,203.38,1 Second,30.0,Geoscience Australia SRTM,srtm-1sec-dem-v1-COG.tif
rubyvale_al,Rubyvale AL,-23.4183,147.6986,248.17,50cm,0.5,Griffith Uni,Emerald201803-DEM-GRID-50cm_5717410_55_0001_0001.tif
ruined_castle_al,Ruined Castle AL,-25.2317,149.2658,416.66,1 Second,30.0,Geoscience Australia SRTM,srtm-1sec-dem-v1-COG.tif
running_ck_tm,Running Ck Tm,-18.322,139.264,49.3,1 Second,30.0,Geoscience Australia SRTM,srtm-1sec-dem-v1-COG.tif
ryan_weare_park_tm,Ryan Weare Park TM,-16.8852,145.7032,5.97,1m,1.0,QLD Government,Cairns_2010_Prj_SW_361000_8132000_1K_DEM_1m.tif
ryans_ck_at_loombah_reservoir_h_g,Ryans Ck at Loombah Reservoir H/G,-36.7228,146.2181,355.37,1 Second,30.0,Geoscience Australia SRTM,srtm-1sec-dem-v1-COG.tif
sackville,Sackville,-33.497,150.877,17.15,1m,1.0,NSW Government,Penrith201705-LID1-AHD_3026290_56_0002_0002_1m.tif
sackville_hawkesbury_river,Sackville (Hawkesbury River),-33.5,150.878,2.78,1m,1.0,NSW Government,Penrith201705-LID1-AHD_3026290_56_0002_0002_1m.tif
saddlebags,Saddlebags,-35.13,138.682,380.32,1m,1.0,SA Government,Onkaparinga2019_DEM_2886110_01_001.tif
saddler_springs_aler,Saddler Springs AL,-25.0469,148.1369,1073.17,1 Second,30.0,Geoscience Australia SRTM,srtm-1sec-dem-v1-COG.tif
saddleworth_gumdale,Saddleworth (Gumdale),-34.094,138.795,333.15,50cm,0.5,SA Government,ClareStockport2021-DEM-GRID-0_5_2966225_54_0001_0001.tif
salisbury_al,Salisbury AL,-27.551,153.037,20.52,1m,1.0,QLD Government,Brisbane_2019_Prj_SW_503000_6952000_1k_DEM_1m.tif
saltwater_creek_alert,Saltwater Ck AL,-17.5122,146.0322,4.18,1m,1.0,QLD Government,CassowaryCoast_2009_Ctl_SW_397000_8063000_1K_DEM_1m.tif
samford_al,Samford AL,-27.361,152.879,68.32,1m,1.0,QLD Government,MoretonBay_2014_LGA_SW_488000_6973000_1K_DEM_1m.tif
samford_valley_al,Samford Valley AL,-27.367,152.876,52.77,1m,1.0,QLD Government,Moreton_Bay_2018_LGA_SW_487000_6972000_1k_DEM_1m.tif
samford_village_al,Samford Village AL,-27.3703,152.8883,51.32,1m,1.0,QLD Government,MoretonBay_2009_LGA_SW_488000_6972000_1K_DEM_1m.tif
sandra_downs_al,Sandra Downs AL,-24.8714,149.1536,221.19,50cm,0.5,Griffith Uni,Moura201306-DEM-GRID-50cm_7177247_55_0001_0001.tif
sandstone_park_al,Sandstone Park AL,-25.0719,148.2742,444.25,50cm,0.5,Griffith Uni,Emerald201305-DEM-GRID-50cm_6287226_55_0001_0001.tif
sandy_ck_tm,Sandy Ck Tm,-18.6182,139.0627,87.96,1 Second,30.0,Geoscience Australia SRTM,srtm-1sec-dem-v1-COG.tif
sandy_creek_eton_al,Sandy Creek Eton AL,-21.2623,148.9764,30.11,1m,1.0,QLD Government,Mackay_2009_Rgn_SW_704000_7646000_2K_DEM_1m.tif
sans_souci_public_school,Sans Souci (Public School),-33.997,151.127,14.72,1m,1.0,NSW Government,Sydney201304-LID1-AHD_3266236_56_0002_0002_1m.tif
sapphire_al,Sapphire AL,-23.4694,147.7261,231.81,50cm,0.5,Griffith Uni,Emerald201305-DEM-GRID-50cm_5747404_55_0001_0001.tif
sardine_creek_al,Sardine Creek AL,-25.259,148.417,907.54,1 Second,30.0,Geoscience Australia SRTM,srtm-1sec-dem-v1-COG.tif
savages_xing_al,Savages Xing AL,-27.4411,152.6683,24.57,1m,1.0,QLD Government,Somerset_2009_Prj_SW_467000_6964000_1K_DEM_1m.tif
savanah_tm,Savanah Tm,-19.6168,142.2362,163.16,1 Second,30.0,Geoscience Australia SRTM,srtm-1sec-dem-v1-COG.tif
sawtell_coffs_harbour,Sawtell (Coffs Harbour),-30.367,153.095,1.62,1m,1.0,NSW Government,CoffsHarbour201309-LID1-AHD_5086640_56_0002_0002_1m.tif
saxby_river_ldr_tm,Saxby River Ldr Tm,-19.4823,141.2343,67.96,1 Second,30.0,Geoscience Australia SRTM,srtm-1sec-dem-v1-COG.tif
scarborough_wilson_st,Scarborough (Wilson St),-34.275,150.957,18.2,1m,1.0,NSW Government,Wollongong201405-LID1-AHD_3106204_56_0002_0002_1m.tif
scartwater_al,Scartwater AL,-21.1106,146.8856,237.0,1 Second,30.0,Geoscience Australia SRTM,srtm-1sec-dem-v1-COG.tif
schuster_park_north_al,Schuster Park North AL,-28.125,153.4414,1.77,1m,1.0,QLD Government,GoldCoast_2014_LGA_SW_543000_6888000_1K_DEM_1m.tif
schuster_park_south_al,Schuster Park South AL,-28.1288,153.4451,2.12,1m,1.0,QLD Government,GoldCoast_2014_LGA_SW_543000_6888000_1K_DEM_1m.tif
schwarz_crescent,Schwarz Crescent,-23.69169,133.88514,584.0,1 Second,30.0,Geoscience Australia SRTM,srtm-1sec-dem-v1-COG.tif
scone_figtree_gully,Scone (Figtree Gully),-32.044,150.902,483.66,1m,1.0,NSW Government,Scone_202402_LID1_AHD_1m_1km_56_3016452.tif
scone_stoney_creek,Scone (Stoney Creek),-31.85,150.82,464.73,5m,5.0,NSW Government,Murrurundi201111-PHO3-AHD_2926474_56_0002_0002_5m.tif
scotch_college,Scotch College,-34.981,138.621,94.87,1m,1.0,SA Government,AdelaideMetro2018_DEM_2806125_05_001.tif
scott_creek,Scott Creek,-35.1,138.675,221.01,1m,1.0,SA Government,Onkaparinga2019_DEM_2886113_01_001.tif
seacliff_park,Seacliff Park,-35.033,138.531,54.61,1m,1.0,SA Government,AdelaideMetro2018_DEM_2706120_05_001.tif
seale_road_belmore_river,Seale Road (Belmore River),-31.11,152.95,0.28,1m,1.0,NSW Government,Kempsey201607-LID1-AHD_4946558_56_0002_0002_1m.tif
seaview,Seaview,-34.922,138.681,182.44,50cm,0.5,SA Government,AdelaideMetro2022-DEM-GRID-50cm_2886133_54_0001_0001.tif
sedan_hill,Sedan Hill,-34.544,139.193,457.0,1 Second,30.0,Geoscience Australia SRTM,srtm-1sec-dem-v1-COG.tif
sedgeford_al,Sedgeford AL,-23.8811,146.6331,487.0,1 Second,30.0,Geoscience Australia SRTM,srtm-1sec-dem-v1-COG.tif
sellheim_al,Sellheim AL,-20.0061,146.4392,231.3,1m,1.0,QLD Government,Sellheim_2012_Twn_SW_441000_7787000_1K_DEM_1m.tif
selma_channel_tyson_rd_al,Selma Channel (Tyson Rd) AL,-23.513,148.111,201.09,50cm,0.5,Griffith Uni,Emerald201803-DEM-GRID-50cm_6137399_55_0001_0001.tif
serpentine,Serpentine,-32.355,116.003,96.92,1 Second,30.0,Geoscience Australia SRTM,srtm-1sec-dem-v1-COG.tif
serpentine_al,Serpentine AL,-23.8589,147.6139,243.89,1 Second,30.0,Geoscience Australia SRTM,srtm-1sec-dem-v1-COG.tif
seven_cks_at_kialla_west,Seven Cks at Kialla West,-36.452,145.39,117.23,1 Second,30.0,Geoscience Australia SRTM,srtm-1sec-dem-v1-COG.tif
seven_cks_at_strathbogie,Seven Cks at Strathbogie,-36.863,145.733,494.0,1 Second,30.0,Geoscience Australia SRTM,srtm-1sec-dem-v1-COG.tif
seven_creeks_at_d_s_polly_mcquinns_weir,Seven Creeks at D/S Polly McQuinns Weir,-36.889,145.681,449.95,1 Second,30.0,Geoscience Australia SRTM,srtm-1sec-dem-v1-COG.tif
seven_hills_radio_fm_103_2,Seven Hills (Radio FM 103.2),-33.785,150.925,57.92,1m,1.0,NSW Government,Penrith201304-LID1-AHD_3066258_56_0002_0002_1m.tif
seven_hills_reservoir,Seven Hills Reservoir,-33.7613,150.9587,81.42,1m,1.0,NSW Government,Penrith201304-LID1-AHD_3106262_56_0002_0002_1m.tif
sevenhill,Sevenhill,-33.883,138.639,480.63,50cm,0.5,SA Government,ClareStockport2021-DEM-GRID-0_5_2816248_54_0001_0001.tif
sevens_cks_at_galls_gap_road,Sevens Cks at Galls Gap Road,-36.881,145.618,240.51,1 Second,30.0,Geoscience Australia SRTM,srtm-1sec-dem-v1-COG.tif
sevens_creek_at_euroa,Sevens Creek at Euroa,-36.761,145.583,182.0,1 Second,30.0,Geoscience Australia SRTM,srtm-1sec-dem-v1-COG.tif
shanes_park_south_creek_rd,Shanes Park (South Creek Rd),-33.7138,150.7732,25.05,1m,1.0,NSW Government,Penrith201102-LID1-AHD_2926266_56_0002_0002_1m.tif
shannon_ck_dam_d_s,Shannon Ck Dam D/S,-29.822862,152.796539,51.56,1m,1.0,CSIRO and NEMA,ClarenceRiver2023-DEM-AHD-1m_4806700_56_0001_0001.tif
shannon_ck_dam_mt_top_rn,Shannon Ck Dam Mt Top RN,-29.848551,152.774053,218.36,1m,1.0,CSIRO and NEMA,ClarenceRiver2023-DEM-AHD-1m_4786697_56_0001_0001.tif
shannon_ck_dam_u_s,Shannon Ck Dam U/S,-29.84973,152.759548,162.46,1m,1.0,CSIRO and NEMA,ClarenceRiver2023-DEM-AHD-1m_4766697_56_0001_0001.tif
sheep_station_ck_al,Sheep Station Ck AL,-27.11,152.9486,9.04,1m,1.0,QLD Government,MoretonBay_2014_LGA_SW_494000_7001000_1K_DEM_1m.tif
sheep_station_ck_al_gemfields,Sheep Station Ck AL (Gemfields),-23.37424,147.570137,321.99,1 Second,30.0,Geoscience Australia SRTM,srtm-1sec-dem-v1-COG.tif
shepards_lane_coffs_harbour,Shepards Lane (Coffs Harbour),-30.277,153.083,46.9,1m,1.0,NSW Government,CoffsHarbour_202306_LID1_AHD_1m_1km_56_5076650.tif
sheppards_hill,Sheppards Hill,-32.936,151.7779,74.56,1m,1.0,NSW Government,Newcastle201409-LID1-AHD_3846354_56_0002_0002_1m.tif
shoalhaven_heads,Shoalhaven Heads,-34.861,150.729,0.69,1m,1.0,NSW Government,Kiama201104-LID1-AHD_2926140_56_0002_0002_1m.tif
shoeing_tool_bore,Shoeing Tool Bore,-16.39,131.557,180.81,1 Second,30.0,Geoscience Australia SRTM,srtm-1sec-dem-v1-COG.tif
shooters_hill_tower_road,Shooters Hill (Tower Road),-33.897,149.859,1260.01,5m,5.0,NSW Government,Oberon201311-PHO3-AHD_7646244_55_0002_0002_5m.tif
showground_weir_al,Showground Weir AL,-27.638611,152.384444,104.85,1m,1.0,QLD Government,Lockyer_Valley_2022_LGA_SW_439000_6942000_1k_DEM_1m.tif
siddins_creek,Siddins Creek,-16.9188,126.5497,406.0,1 Second,30.0,Geoscience Australia SRTM,srtm-1sec-dem-v1-COG.tif
silver_hills_al,Silver Hills AL,-23.525774,147.596506,313.0,1 Second,30.0,Geoscience Australia SRTM,srtm-1sec-dem-v1-COG.tif
sippy_downs_al,Sippy Downs AL,-26.726,153.051,17.15,1m,1.0,QLD Government,SunshineCoast_2008_LGA_SW_505000_7043000_1K_DEM_1m.tif
six_mile_ck_al,Six Mile Ck AL,-27.641,152.844,34.01,1m,1.0,QLD Government,Ipswich_2023_LGA_SW_484000_6942000_1k_DEM_1m.tif
six_mile_ck_liane_drv_al,Six Mile Ck (Liane Drv) AL,-26.3825,152.9242,90.05,1m,1.0,QLD Government,Noosa_2022_LGA_SW_492000_7081000_1k_DEM_1m.tif
sixth_creek,Sixth Creek,-34.8721111,138.7547222,149.56,50cm,0.5,SA Government,AdelaideMetro2022-DEM-GRID-50cm_2946138_54_0001_0001.tif
slatey_creek,Slatey Creek,-32.911,151.577,21.01,1m,1.0,NSW Government,Newcastle201409-LID1-AHD_3666356_56_0002_0002_1m.tif
smallwoods_crossing_nattai_river,Smallwoods Crossing (Nattai River),-34.15,150.417,260.39,1m,1.0,NSW Government,Burragorang201407-LID1-AHD_2606218_56_0002_0002_1m.tif
snake_ck_tm,Snake Ck TM,-20.9882,140.6531,276.0,1 Second,30.0,Geoscience Australia SRTM,srtm-1sec-dem-v1-COG.tif
snowball,Snowball,-35.946,149.586,876.54,2m,2.0,NSW Government,Araluen201804-LID2-AHD_7326018_55_0002_0002_2m.tif
snowdrop_creek,Snowdrop Creek,-13.827,133.328,387.0,1 Second,30.0,Geoscience Australia SRTM,srtm-1sec-dem-v1-COG.tif
snowy_range,Snowy Range,-37.286,146.719,1635.68,1 Second,30.0,Geoscience Australia SRTM,srtm-1sec-dem-v1-COG.tif
snowy_river_at_basin_creek,Snowy River at Basin Creek,-37.5006,148.2717,84.38,1 Second,30.0,Geoscience Australia SRTM,srtm-1sec-dem-v1-COG.tif
snowy_river_at_mckillops_bridge,Snowy River at Mckillops Bridge,-37.083,148.4141,182.03,1 Second,30.0,Geoscience Australia SRTM,srtm-1sec-dem-v1-COG.tif
snowy_river_at_orbost,Snowy River at Orbost,-37.7089,148.4497,5.98,1 Second,30.0,Geoscience Australia SRTM,srtm-1sec-dem-v1-COG.tif
somersby,Somersby Repeater,-33.3981,151.2956,244.29,1m,1.0,NSW Government,Gosford201105-LID1-AHD_3406302_56_0002_0002_1m.tif
somerset_dam_hw_al_b,Somerset Dam HW AL-B,-27.111,152.551,195.84,1m,1.0,QLD Government,SomersetDam_2012_Twn_SW_455000_7001000_1K_DEM_1m.tif
somerset_dam_hw_al_p,Somerset Dam HW AL-P,-27.1106,152.5514,202.92,1m,1.0,QLD Government,SomersetDam_2012_Twn_SW_455000_7001000_1K_DEM_1m.tif
somerset_dam_hw_al_p2,Somerset Dam HW AL-P2,-27.111,152.551,195.84,1m,1.0,QLD Government,SomersetDam_2012_Twn_SW_455000_7001000_1K_DEM_1m.tif
somerton_park_esplanade,Somerton Park Esplanade,-34.998,138.511,6.15,50cm,0.5,SA Government,AdelaideMetro2022-DEM-GRID-50cm_2726124_54_0001_0001.tif
sommariva_al,Sommariva (Repeater) AL,-26.5038,146.6662,406.84,1 Second,30.0,Geoscience Australia SRTM,srtm-1sec-dem-v1-COG.tif
sooley_dam,Sooley Dam,-34.718,149.678,653.36,5m,5.0,NSW Government,Goulburn201312-PHO3-AHD_7446154_55_0002_0002_5m.tif
soonah_crossing_tm,Soonah Crossing Tm,-27.7078,144.0048,143.14,1 Second,30.0,Geoscience Australia SRTM,srtm-1sec-dem-v1-COG.tif
south_arm_south_arm,South Arm (South Arm Road),-30.6909,152.7192,90.1,2m,2.0,NSW Government,Macksville201707-LID2-AHD_4726604_56_0002_0002_2m.tif
south_cascade_creek_at_thomson_valley_road,South Cascade Creek At Thomson Valley Road,-37.83327,146.35449,847.56,1 Second,30.0,Geoscience Australia SRTM,srtm-1sec-dem-v1-COG.tif
south_comongin_tm,South Comongin Tm,-26.8801,144.3289,176.86,1 Second,30.0,Geoscience Australia SRTM,srtm-1sec-dem-v1-COG.tif
south_creek_elizabeth_drive,South Creek (Elizabeth Drive),-33.878,150.774,43.06,1m,1.0,NSW Government,Penrith201705-LID1-AHD_2946248_56_0002_0002_1m.tif
south_grafton_clarence_regional_landfill,South Grafton (Clarence Regional Landfill),-29.766,152.923,78.79,1m,1.0,NSW Government,Grafton201003-LID1-AHD_4926706_56_0002_0002_1m.tif
south_holmwood_al,South Holmwood AL,-29.029,115.555,274.15,1 Second,30.0,Geoscience Australia SRTM,srtm-1sec-dem-v1-COG.tif
south_lesdale_al,South Lesdale AL,-26.415,146.516,381.47,1m,1.0,QLD Government,Charleville_2011_Twn_SW_451000_7078000_1K_DEM_1m.tif
south_mackay_elamang_st_al,South Mackay (Elamang St) AL,-21.1665,149.1869,4.12,1m,1.0,QLD Government,Mackay_2009_Rgn_SW_726000_7656000_2K_DEM_1m.tif
south_mackay_paradise_st_al,South Mackay (Paradise St) AL,-21.156,149.172,6.32,1m,1.0,QLD Government,Mackay_2015_Rgn_SW_725000_7659000_1K_DEM_1m.tif
south_para_reservoir,South Para Reservoir,-34.681,138.856,282.87,1 Second,30.0,Geoscience Australia SRTM,srtm-1sec-dem-v1-COG.tif
south_ripley_james_ivory_br_al,South Ripley (James Ivory Br) AL,-27.693,152.805,39.7,1m,1.0,QLD Government,Ipswich_2019_LGA_SW_480000_6936000_1k_DEM_1m.tif
south_ripley_wards_rd_al,South Ripley (Wards Rd) AL,-27.726,152.822,70.31,1m,1.0,QLD Government,Ipswich_2023_LGA_SW_482000_6933000_1k_DEM_1m.tif
south_yaamba_tm,South Yaamba TM,-23.2,150.3978,16.2,50cm,0.5,Griffith Uni,Rockhampton201305-DEM-GRID-50cm_2337431_56_0001_0001.tif
spagnolos_road_coffs_harbour,Spagnolos Road (Coffs Harbour),-30.2864,153.0814,20.7,1m,1.0,NSW Government,CoffsHarbour201309-LID1-AHD_5066648_56_0002_0002_1m.tif
spicketts_ck_noonannie,Spicketts Ck (Noonannie),-30.562,152.871,67.09,1m,1.0,NSW Government,Macksville200912-LID1-AHD_4866618_56_0002_0002_1m.tif
splitters_ck_al,Splitters Ck AL,-24.919,152.094,61.05,50cm,0.5,Griffith Uni,Bundaberg201801-DEM-GRID-50cm_4087243_56_0001_0001.tif
splityard_ck_dam_al,Splityard Ck Dam AL,-27.371111,152.627778,99.45,1 Second,30.0,Geoscience Australia SRTM,srtm-1sec-dem-v1-COG.tif
spring_gully,Spring Gully,-33.901,138.611,489.62,50cm,0.5,SA Government,ClareStockport2021-DEM-GRID-0_5_2796246_54_0001_0001.tif
spring_hill_al,Spring Hill AL,-26.468,146.415,356.49,1m,1.0,QLD Government,Charleville_2011_Twn_SW_441000_7072000_1K_DEM_1m.tif
spring_mt_al,Spring Mt AL,-27.677,152.848,71.02,1m,1.0,QLD Government,Ipswich_2023_LGA_SW_485000_6938000_1k_DEM_1m.tif
springbrook_national_park_al,Springbrook National Park AL,-28.1909,153.2725,597.43,1m,1.0,QLD Government,GoldCoast_2009_LGA_SW_526000_6881000_1K_DEM_1m.tif
springdale_tm,Springdale TM,-26.1683,148.6644,390.0,1 Second,30.0,Geoscience Australia SRTM,srtm-1sec-dem-v1-COG.tif
springfield,Springfield,-26.82,148.0244,308.94,1 Second,30.0,Geoscience Australia SRTM,srtm-1sec-dem-v1-COG.tif
springfield_al,Springfield AL,-24.7533,151.5872,125.65,1 Second,30.0,Geoscience Australia SRTM,srtm-1sec-dem-v1-COG.tif
springfield_lakes_al,Springfield Lakes AL,-27.681,152.897,52.42,1m,1.0,QLD Government,Ipswich_2009_LGA_SW_489000_6938000_1K_DEM_1m.tif
springfield_lakes_hl_dam_al,Springfield Lakes HL Dam AL,-27.675568,152.91673,62.1,1m,1.0,QLD Government,Ipswich_2023_LGA_SW_491000_6938000_1k_DEM_1m.tif
springfield_lakes_ll_dam_al,Springfield Lakes LL Dam AL,-27.677008,152.913108,53.74,1m,1.0,QLD Government,Ipswich_2023_LGA_SW_491000_6938000_1k_DEM_1m.tif
springsure_al,Springsure AL,-24.124,148.089,362.99,1m,1.0,QLD Government,Springsure_2012_Twn_SW_610000_7331000_1K_DEM_1m.tif
springsure_creek_junction_al,Springsure Creek Junction AL,-23.856,148.504,167.65,1 Second,30.0,Geoscience Australia SRTM,srtm-1sec-dem-v1-COG.tif
st_albans_espie_st,St Albans (Espie St),-33.291,150.97,7.86,1m,1.0,NSW Government,StAlbans201705-LID1-AHD_3106314_56_0002_0002_1m.tif
st_albans_jacks_trail,St Albans (Jacks Trail),-33.276,150.9536,194.42,1m,1.0,NSW Government,StAlbans201705-LID1-AHD_3086316_56_0002_0002_1m.tif
st_albans_macdonald,St Albans (Macdonald River),-33.2944,150.9719,10.34,1m,1.0,NSW Government,StAlbans201705-LID1-AHD_3106314_56_0002_0002_1m.tif
st_anns_al,St Anns AL,-21.2289,146.9128,172.0,1 Second,30.0,Geoscience Australia SRTM,srtm-1sec-dem-v1-COG.tif
st_arnaud_howitt_st,St Arnaud (Howitt St),-36.6216,143.2622,235.97,1 Second,30.0,Geoscience Australia SRTM,srtm-1sec-dem-v1-COG.tif
st_aubyns_al,St Aubyns AL,-27.061944,151.894444,614.99,1 Second,30.0,Geoscience Australia SRTM,srtm-1sec-dem-v1-COG.tif
st_johns,St Johns,-35.001,138.621,313.21,50cm,0.5,SA Government,AdelaideMetro2022-DEM-GRID-50cm_2826124_54_0001_0001.tif
st_lucia_al,St Lucia AL,-27.50395,153.00594,8.15,1m,1.0,QLD Government,Brisbane_2014_LGA_SW_500000_6957000_1K_DEM_1m.tif
stannifer_rubicon,Stannifer (Rubicon),-29.906,151.304,906.08,5m,5.0,NSW Government,Inverell201110-PHO3-AHD_3366690_56_0002_0002_5m.tif
stanwell_tm,Stanwell Tm,-23.4836,150.3437,31.81,50cm,0.5,Griffith Uni,Rockhampton201805-DEM-GRID-50cm_2287400_56_0001_0001.tif
star_river_br_tm,Star River Br Tm,-19.4339,145.992,302.0,1 Second,30.0,Geoscience Australia SRTM,srtm-1sec-dem-v1-COG.tif
station_ck_crossing_koumala_tm,Station Ck Crossing (Koumala) TM,-21.6006,149.2395,27.21,1m,1.0,QLD Government,Mackay_2009_Prj_SW_730000_7608000_2K_DEM_1m.tif
steiglitz_wharf_al,Steiglitz Wharf AL,-27.745,153.354,-1.29,1m,1.0,QLD Government,GoldCoast_2014_LGA_SW_534000_6930000_1K_DEM_1m.tif
steingarten,Steingarten,-34.597,138.961,458.0,1 Second,30.0,Geoscience Australia SRTM,srtm-1sec-dem-v1-COG.tif
stewarts_bridge_al,Stewarts Bridge AL,-24.92,151.203,241.51,1 Second,30.0,Geoscience Australia SRTM,srtm-1sec-dem-v1-COG.tif
stewarts_rd_al,Stewarts Rd AL,-27.7881,153.2689,2.09,1m,1.0,QLD Government,GoldCoast_2014_LGA_SW_526000_6926000_1K_DEM_1m.tif
stirling_tce_toodyay,Stirling Tce Toodyay,-31.549,116.462,130.02,1 Second,30.0,Geoscience Australia SRTM,srtm-1sec-dem-v1-COG.tif
stockinbingal_sunnydale,Stockinbingal (Sunnydale),-34.531,147.844,353.55,5m,5.0,NSW Government,Junee201502-PHO3-AHD_5766178_55_0002_0002_5m.tif
stockton_bridge,Stockton Bridge,-32.883,151.783,2.35,1m,1.0,NSW Government,Newcastle201409-LID1-AHD_3866360_56_0002_0002_1m.tif
stokers_siding,Stokers Siding,-28.399141,153.406156,16.43,1m,1.0,NSW Government,Murwillumbah201309-LID1-AHD_5386858_56_0002_0002_1m.tif
stoney_ck_at_tamleugh,Stoney Ck at Tamleugh,-36.592,145.625,146.32,1 Second,30.0,Geoscience Australia SRTM,srtm-1sec-dem-v1-COG.tif
stoney_wharf_rd_al,Stoney Wharf Rd AL,-26.596,153.054,1.47,1m,1.0,QLD Government,SunshineCoast_2008_LGA_SW_505000_7058000_1K_DEM_1m.tif
stony_creek_bucca_rd_al,Stony Creek (Bucca Rd) AL,-24.84132,152.16693,16.33,50cm,0.5,Griffith Uni,Bundaberg201801-DEM-GRID-50cm_4157252_56_0001_0001.tif
stony_creek_u_s,Stony Creek U/S,-33.002,151.567,3.25,1m,1.0,NSW Government,LakeMacquarie201409-LID1-AHD_3666346_56_0002_0002_1m.tif
stonyfell,Stonyfell,-34.939,138.674,180.67,50cm,0.5,SA Government,AdelaideMetro2022-DEM-GRID-50cm_2876131_54_0001_0001.tif
storm_king_dam_h_w_al,Storm King Dam H/W AL,-28.708,151.992,891.31,1m,1.0,QLD Government,Stanthorpe_2011_Twn_SW_401000_6823000_1K_DEM_1m.tif
storm_king_dam_inflow_al,Storm King Dam Inflow AL,-28.734,151.99,878.37,50cm,0.5,QLD Government,Dumaresq_River_Catchment_2023_Prj_SW_401000_6821000_1k_DEM_50cm.tif
strath_creek,Strath Creek,-37.271,145.283,256.79,1 Second,30.0,Geoscience Australia SRTM,srtm-1sec-dem-v1-COG.tif
strathbogie_north,Strathbogie North,-36.783,145.816,547.0,1 Second,30.0,Geoscience Australia SRTM,srtm-1sec-dem-v1-COG.tif
strathpark_tm,Strathpark Tm,-19.6049,143.1695,372.0,1 Second,30.0,Geoscience Australia SRTM,srtm-1sec-dem-v1-COG.tif
strathpine_gympie_rd_al,Strathpine (Gympie Rd) AL,-27.316,153.0,4.02,1m,1.0,QLD Government,Moreton_Bay_2018_LGA_SW_500000_6978000_1k_DEM_1m.tif
streeters_rd_al,Streeters Rd AL,-24.749,151.466,236.04,1 Second,30.0,Geoscience Australia SRTM,srtm-1sec-dem-v1-COG.tif
stringybark,Stringybark,-34.8947,138.8099,539.74,1m,1.0,SA Government,CudleeCreek2020_DEM_2996136_01_001.tif
stuart_town_mooker_hill,Stuart Town (Mooker Hill),-32.822,149.072,596.41,5m,5.0,NSW Government,Euchareena201409-PHO3-AHD_6926366_55_0002_0002_5m.tif
stump_hill_barjarg,Stump Hill (Barjarg),-36.95,146.01,300.9,1 Second,30.0,Geoscience Australia SRTM,srtm-1sec-dem-v1-COG.tif
sturt_creek,Sturt Creek,-35.035,138.625,191.8,1m,1.0,SA Government,AdelaideMetro2018_DEM_2806120_05_001.tif
sturt_dam,Sturt Dam,-35.041,138.589,100.38,1m,1.0,SA Government,AdelaideMetro2018_DEM_2806115_05_001.tif
styles_fire_tower,Styles Fire Tower,-33.911,115.903,349.23,1 Second,30.0,Geoscience Australia SRTM,srtm-1sec-dem-v1-COG.tif
styx_channel_kotara,Styx Channel (Kotara),-32.9432,151.7055,25.14,1m,1.0,NSW Government,Newcastle201409-LID1-AHD_3786354_56_0002_0002_1m.tif
styx_waterfall_creek_road,Styx (Waterfall Creek Road),-42.821,146.673,489.55,1m,1.0,TAS Government,CentralAndSouth2013-DEM-1m_4735259_55.tif
sucrogen_weir_al,Sucrogen Weir AL,-21.4242,149.2231,17.36,1m,1.0,QLD Government,Mackay_2009_Rgn_SW_730000_7628000_2K_DEM_1m.tif
sugarbag_rd_al,Sugarbag Rd AL,-26.785,153.115,54.5,1m,1.0,QLD Government,SunshineCoast_2014_LGA_SW_511000_7037000_1K_DEM_1m.tif
sullivan_barry_drive,Sullivan (Barry Drive),-35.275,149.123,562.81,1m,1.0,ACT Government,ACT2015_8ppm_6926094_55_0002_0002_1m.tif
sullivan_creek_south_well,Sullivan Creek (South Well),-35.248,149.13,569.84,1m,1.0,ACT Government,ACT2020_DEM_6936097_55_01_001.tif
sunday_creek_al,Sunday Creek AL,-26.707,152.536,633.98,1 Second,30.0,Geoscience Australia SRTM,srtm-1sec-dem-v1-COG.tif
sunny_park_al,Sunny Park AL,-22.992,147.463,340.47,50cm,0.5,Griffith Uni,Clermont201304-DEM-GRID-50cm_5477457_55_0001_0001.tif
sunshine_bore,Sunshine Bore,-17.858,130.884,307.21,1 Second,30.0,Geoscience Australia SRTM,srtm-1sec-dem-v1-COG.tif
surat_balonne_river,Surat (Balonne River),-27.150546,149.074094,240.01,1m,1.0,QLD Government,Surat_2011_Twn_SW_705000_6995000_1K_DEM_1m.tif
sutton_creek,Sutton Creek,-34.969,138.741,504.35,1 Second,30.0,Geoscience Australia SRTM,srtm-1sec-dem-v1-COG.tif
swan_vale_numeralla,Swan Vale (Numeralla),-29.826,151.521,967.57,5m,5.0,NSW Government,GlenInnes201712-PHO3-AHD_3566698_56_0002_0002_5m.tif
swansea_no_8,Swansea No. 8 WWPS,-33.0797,151.6317,0.73,1m,1.0,NSW Government,LakeMacquarie201409-LID1-AHD_3726338_56_0002_0002_1m.tif
table_tops_al,Table Tops AL,-24.532,151.209,564.26,1 Second,30.0,Geoscience Australia SRTM,srtm-1sec-dem-v1-COG.tif
tabletop,Tabletop,-29.069,115.091,236.63,1 Second,30.0,Geoscience Australia SRTM,srtm-1sec-dem-v1-COG.tif
tabulam_muirne,Tabulam (Muirne),-28.755,152.451,556.99,2m,2.0,NSW Government,Drake201709-LID2-AHD_4466818_56_0002_0002_2m.tif
taemas_al,Taemas AL,-20.9994,146.4272,195.1,50cm,0.5,Griffith Uni,ChartersTowers201310-DEM-GRID-50cm_4407677_55_0001_0001.tif
tahune_bridge_huon_river,Tahune Bridge (Huon River),-43.098,146.727,58.75,1m,1.0,TAS Government,CentralAndSouth2013-DEM-1m_4775228_55.tif
talbragar_river_at_gulambul_bridge,Talbragar River At Gulambul Bridge,-32.1808,148.7389,261.94,1m,1.0,NSW Government,Dubbo201407-LID1-AHD_6626438_55_0002_0002_1m.tif
tallai_al,Tallai AL,-28.067,153.296,91.33,1m,1.0,QLD Government,GoldCoast_2014_LGA_SW_529000_6895000_1K_DEM_1m.tif
tallangatta_ck_mccallums,Tallangatta Ck @ McCallums,-36.213,147.335,215.0,1 Second,30.0,Geoscience Australia SRTM,srtm-1sec-dem-v1-COG.tif
tallebudgera_ck_dam_al,Tallebudgera Ck Dam AL,-28.1789,153.3606,68.69,1m,1.0,QLD Government,GoldCoast_2009_LGA_SW_535000_6882000_1K_DEM_1m.tif
tallebudgera_ck_mouth_al,Tallebudgera Ck Mouth AL,-28.0936,153.4603,3.27,1m,1.0,QLD Government,GoldCoast_2009_LGA_SW_545000_6892000_1K_DEM_1m.tif
tallebudgera_ck_rd_al,Tallebudgera Ck Rd AL,-28.1472,153.4019,16.05,1m,1.0,QLD Government,GoldCoast_2014_LGA_SW_539000_6886000_1K_DEM_1m.tif
tallegalla_al,Tallegalla AL,-27.6075,152.578056,170.27,1m,1.0,QLD Government,Ipswich_2019_LGA_SW_458000_6946000_1k_DEM_1m.tif
tallering_tbrg,Tallering TBRG,-28.378,115.851,317.01,1 Second,30.0,Geoscience Australia SRTM,srtm-1sec-dem-v1-COG.tif
tallong_throsby_point,Tallong (Throsby Point),-34.812,150.199,542.8,2m,2.0,NSW Government,MossVale201805-LID2-AHD_2426144_56_0002_0002_2m.tif
tallowa_dam_shoalhaven_river,Tallowa Dam (Shoalhaven River),-34.775,150.313,33.32,1m,1.0,NSW Government,MossVale201501-LID1-AHD_2546148_56_0002_0002_1m.tif
talwood,Talwood,-28.4983,149.4819,187.08,5m,5.0,NSW Government,Burrenbar201108-PHO3-AHD_7426844_55_0002_0002_5m.tif
tambo_al,Tambo AL,-24.887,146.257,400.59,1m,1.0,QLD Government,Tambo_2011_Twn_SW_424000_7247000_1K_DEM_1m.tif
tambo_river_at_batterns_landing,Tambo River at Batterns Landing,-37.758,147.849,15.78,1 Second,30.0,Geoscience Australia SRTM,srtm-1sec-dem-v1-COG.tif
tambo_river_at_swifts_creek,Tambo River at Swifts Creek,-37.2667,147.725,294.0,1 Second,30.0,Geoscience Australia SRTM,srtm-1sec-dem-v1-COG.tif
tambo_river_d_s_ramrod_ck,Tambo River D/S Ramrod Ck,-37.492,147.842,197.98,1 Second,30.0,Geoscience Australia SRTM,srtm-1sec-dem-v1-COG.tif
tanawha_al,Tanawha AL,-26.7067,153.0464,15.84,1m,1.0,QLD Government,SunshineCoast_2008_LGA_SW_504000_7046000_1K_DEM_1m.tif
tanderra_al,Tanderra AL,-24.6547,147.7034,530.0,1 Second,30.0,Geoscience Australia SRTM,srtm-1sec-dem-v1-COG.tif
tangory_mountain,Tangory Mountain,-32.555,151.379,447.3,1m,1.0,NSW Government,Cessnock201202-LID1-AHD_3466396_56_0002_0002_1m.tif
tannadice_st_winnellie,Tannadice St Winnellie,-12.437,130.874,14.24,1 Second,30.0,Geoscience Australia SRTM,srtm-1sec-dem-v1-COG.tif
taralga_summerlee,Taralga (Summerlee),-34.416,149.867,918.14,2m,2.0,NSW Government,Taralga201611-LID2-AHD_7626186_55_0002_0002_2m.tif
tardun_hill,Tardun Hill,-28.794,115.75,329.7,1 Second,30.0,Geoscience Australia SRTM,srtm-1sec-dem-v1-COG.tif
tarnma,Tarnma,-34.199,138.938,407.0,1 Second,30.0,Geoscience Australia SRTM,srtm-1sec-dem-v1-COG.tif
tarome_al_p,Tarome AL-P,-27.986667,152.500833,179.57,1m,1.0,QLD Government,ScenicRim_2011_LGA_SW_450000_6904000_1K_DEM_1m.tif
tartrus_al,Tartrus AL,-22.9547,149.4233,89.96,50cm,0.5,Griffith Uni,Emerald201305-DEM-GRID-50cm_7487459_55_0001_0001.tif
tatong,Tatong,-36.689,146.099,244.0,1 Second,30.0,Geoscience Australia SRTM,srtm-1sec-dem-v1-COG.tif
taylors_arm,Taylors Arm,-30.78,152.702,75.73,2m,2.0,NSW Government,Macksville201707-LID2-AHD_4706594_56_0002_0002_2m.tif
tea_tree_gully_hope_valley,Tea Tree gully (Hope Valley),-34.838,138.713,170.96,1m,1.0,SA Government,AdelaideMetro2018_DEM_2906140_05_001.tif
tea_tree_point,Tea Tree Point,-42.653,147.358,335.68,1m,1.0,TAS Government,SouthEast2019-DEM-1m_5295277_GDA2020_55.tif
teelba,Teelba,-27.76418,149.39775,230.74,1 Second,30.0,Geoscience Australia SRTM,srtm-1sec-dem-v1-COG.tif
temagong,Temagong,-37.038,145.509,561.0,1 Second,30.0,Geoscience Australia SRTM,srtm-1sec-dem-v1-COG.tif
tenindewa,Tenindewa,-28.686,115.281,273.34,1 Second,30.0,Geoscience Australia SRTM,srtm-1sec-dem-v1-COG.tif
tenthill_al,Tenthill AL,-27.636,152.214,150.58,1m,1.0,QLD Government,Lockyer_Valley_2022_LGA_SW_422000_6942000_1k_DEM_1m.tif
terrey_hills_repeater,Terrey Hills Repeater,-33.694,151.222,187.66,1m,1.0,NSW Government,Sydney201105-LID1-AHD_3346270_56_0002_0002_1m.tif
terrigal_reservoir,Terrigal Reservoir,-33.453,151.441,85.31,1m,1.0,NSW Government,Gosford201105-LID1-AHD_3546296_56_0002_0002_1m.tif
terry_hie_hie,Terry Hie Hie,-29.792,150.154,293.87,5m,5.0,NSW Government,Gravesend200907-PHO3-AHD_2246700_56_0002_0002_5m.tif
tewantin_al,Tewantin AL,-26.395,153.0408,0.07,1m,1.0,QLD Government,SunshineCoast_2008_LGA_SW_504000_7080000_1K_DEM_1m.tif
thallon_br,Thallon Br,-28.6328,148.8564,170.19,1m,1.0,QLD Government,Thallon_2011_Twn_SW_681000_6831000_1K_DEM_1m.tif
the_27_mile_garden_a,The 27 Mile Garden AL,-26.0808,146.4172,327.25,1m,1.0,QLD Government,WarregoRivGowrieStation_2013_Prj_SW_441000_7115000_1K_DEM_1m.tif
the_boulders_tm,The Boulders Tm,-17.3489,145.8725,22.68,50cm,0.5,Griffith Uni,Innisfail201807-DEM-GRID-50cm_3808081_55_0001_0001.tif
the_crescent_al,The Crescent AL,-24.5917,148.6744,213.94,1m,1.0,QLD Government,Rolleston_2011_Twn_SW_669000_7279000_1K_DEM_1m.tif
the_den,The Den,-41.985,147.052,504.32,1m,1.0,TAS Government,CentralHighlands2013-DEM-1m_5045351_55.tif
the_entrance_tugger,The Entrance (Tuggerah Lake),-33.3633,151.5,0.92,1m,1.0,NSW Government,LakeMacquarie201105-LID1-AHD_3606306_56_0002_0002_1m.tif
the_fisheries_tm,The Fisheries Tm,-17.1853,145.7239,89.51,50cm,0.5,Griffith Uni,Cairns201308-DEM-GRID-50cm_3648099_55_0001_0001.tif
the_glen_tm,The Glen TM,-22.826,150.337,48.55,50cm,0.5,Griffith Uni,Rockhampton201305-DEM-GRID-50cm_2267473_56_0001_0001.tif
the_lake_al,The Lake AL,-24.3114,148.6144,200.47,1 Second,30.0,Geoscience Australia SRTM,srtm-1sec-dem-v1-COG.tif
the_lakes_al,The Lakes AL,-19.28,146.783,5.21,50cm,0.5,Griffith Uni,Townsville201804-DEM-GRID-50cm_4777868_55_0001_0001.tif
the_needles_woronora_river,The Needles (Woronora River),-34.0467,151.006,4.65,1m,1.0,NSW Government,Wollongong202004-LID1-AHD_3146230_56_0002_0002_1m.tif
the_pines,The Pines,-13.758,131.574,99.9,1 Second,30.0,Geoscience Australia SRTM,srtm-1sec-dem-v1-COG.tif
the_summit_alert,The Summit AL,-27.4636,152.9472,269.78,1m,1.0,QLD Government,Brisbane_2014_LGA_SW_494000_6962000_1K_DEM_1m.tif
theresa_hut_al,Theresa Hut AL,-23.386,147.266,645.0,1 Second,30.0,Geoscience Australia SRTM,srtm-1sec-dem-v1-COG.tif
thomson_brook,Thomson Brook,-33.6442,115.9586,265.0,1 Second,30.0,Geoscience Australia SRTM,srtm-1sec-dem-v1-COG.tif
thomson_river_at_bundalaguah,Thomson River at Bundalaguah,-38.047,146.991,17.03,1 Second,30.0,Geoscience Australia SRTM,srtm-1sec-dem-v1-COG.tif
thomson_river_at_coopers_creek,Thomson River at Coopers Creek,-37.983,146.433,363.72,1 Second,30.0,Geoscience Australia SRTM,srtm-1sec-dem-v1-COG.tif
thomson_river_at_sale_wharf,Thomson River at Sale Wharf,-38.1144,147.0606,3.99,1 Second,30.0,Geoscience Australia SRTM,srtm-1sec-dem-v1-COG.tif
thomson_river_at_the_narrows,Thomson River at the Narrows,-37.891,146.403,272.03,1 Second,30.0,Geoscience Australia SRTM,srtm-1sec-dem-v1-COG.tif
thomson_river_at_wandocka,Thomson River at Wandocka,-38.0117,146.88,26.36,1 Second,30.0,Geoscience Australia SRTM,srtm-1sec-dem-v1-COG.tif
thomson_river_d_s_of_thomson_dam,Thomson River D/S Of Thomson Dam,-37.85,146.403,297.44,1 Second,30.0,Geoscience Australia SRTM,srtm-1sec-dem-v1-COG.tif
thomson_river_d_s_whitelaws_creek,Thomson River D/S Whitelaws Creek,-37.711,146.282,492.24,1 Second,30.0,Geoscience Australia SRTM,srtm-1sec-dem-v1-COG.tif
thomson_river_u_s_cowwarr_weir,Thomson River U/S Cowwarr Weir,-37.976,146.624,123.35,1 Second,30.0,Geoscience Australia SRTM,srtm-1sec-dem-v1-COG.tif
thomson_yarra_divide,Thomson-Yarra Divide,-37.756,146.162,1005.05,1 Second,30.0,Geoscience Australia SRTM,srtm-1sec-dem-v1-COG.tif
thora_bellinger_riv,Thora (Bellinger River),-30.425,152.7806,27.91,2m,2.0,NSW Government,Dorrigo201801-LID2-AHD_4786634_56_0002_0002_2m.tif
thora_post_office,Thora Post Office,-30.427,152.778,53.95,1m,1.0,NSW Spatial Services,BellingerRiver_202502_LID1_AHD_1m_1km_56_4786633.tif
thornton,Thornton,-27.7956,152.3753,175.83,1m,1.0,QLD Government,LockyerValleySouth_2011_Rgn_SW_438000_6925000_1K_DEM_1m.tif
thornton_al,Thornton AL,-27.821111,152.38,175.9,1m,1.0,QLD Government,LockyerValleySouth_2011_Rgn_SW_438000_6922000_1K_DEM_1m.tif
thorntonia_tm,Thorntonia Tm,-19.503,138.9473,222.0,1 Second,30.0,Geoscience Australia SRTM,srtm-1sec-dem-v1-COG.tif
thorpdale_peak,Thorpdale Peak,-38.3053,146.2139,366.26,1 Second,30.0,Geoscience Australia SRTM,srtm-1sec-dem-v1-COG.tif
three_moon_ck_at_biegogo,Three Moon Ck at Biegogo,-24.562708,151.004785,340.18,1 Second,30.0,Geoscience Australia SRTM,srtm-1sec-dem-v1-COG.tif
three_rivers,Three Rivers,-25.1256,119.1514,526.0,1 Second,30.0,Geoscience Australia SRTM,srtm-1sec-dem-v1-COG.tif
three_ways_al,Three Ways AL,-27.445,152.826,335.44,1m,1.0,QLD Government,Brisbane_2014_LGA_SW_482000_6964000_1K_DEM_1m.tif
thumb_ck_taylors,Thumb Creek (Taylors Arm Road),-30.633,152.579,219.24,2m,2.0,NSW Government,Macksville201707-LID2-AHD_4586610_56_0002_0002_2m.tif
thylungra_al,Thylungra Al,-26.0957,143.4404,167.0,1 Second,30.0,Geoscience Australia SRTM,srtm-1sec-dem-v1-COG.tif
tia_highrent,Tia (Highrent),-31.192,151.856,1141.66,5m,5.0,NSW Government,Yarrowitch201211-PHO3-AHD_3906548_56_0002_0002_5m.tif
tibradden,Tibradden,-28.76,114.937,260.06,1 Second,30.0,Geoscience Australia SRTM,srtm-1sec-dem-v1-COG.tif
tidal_ck_al,Tidal Ck AL,-24.69771,152.23922,1.11,1m,1.0,QLD Government,Bundaberg_2011_Rgn_SW_423000_7268000_1K_DEM_1m.tif
tieri_al,Tieri AL,-23.046,148.369,260.27,50cm,0.5,Griffith Uni,Emerald201305-DEM-GRID-50cm_6407450_55_0001_0001.tif
timbarra_river_d_s_wilkinson_creek,Timbarra River d/s Wilkinson Creek,-37.4447,148.0637,202.06,1 Second,30.0,Geoscience Australia SRTM,srtm-1sec-dem-v1-COG.tif
tinderry_mountains_simons_ck,Tinderry Mountains (Simons Ck),-35.75,149.283,1307.57,2m,2.0,NSW Government,Michelago201803-LID2-AHD_7066040_55_0002_0002_2m.tif
tinderry_queanbeyan_river,Tinderry (Queanbeyan River),-35.617,149.35,815.7,2m,2.0,NSW Government,Michelago201803-LID2-AHD_7126054_55_0002_0002_2m.tif
tingha_post_office,Tingha Post Office,-29.955,151.211,784.38,5m,5.0,NSW Government,Inverell201110-PHO3-AHD_3266684_56_0002_0002_5m.tif
tirranna_springs_crossing_qra,Tirranna Springs Crossing (QRA),-17.891609,139.287044,6.97,50cm,0.5,QLD Government,Burketown_2024_Prj_SW_318000_8020000_1k_DEM_50cm.tif
tomewin_al,Tomewin AL,-28.241,153.378,314.16,1m,1.0,QLD Government,GoldCoast_2014_LGA_SW_537000_6876000_1K_DEM_1m.tif
toodyay_east,Toodyay East,-31.55,116.487,149.88,1 Second,30.0,Geoscience Australia SRTM,srtm-1sec-dem-v1-COG.tif
toohills_crossing_al,Toohills Crossing AL,-27.9753,152.5231,111.51,1m,1.0,QLD Government,ScenicRim_2011_LGA_SW_453000_6905000_1K_DEM_1m.tif
toombul_nudgee_rd_al_b,Toombul (Nudgee Rd) AL-B,-27.407,153.074,-0.66,1m,1.0,QLD Government,Brisbane_2019_Prj_SW_507000_6968000_1k_DEM_1m.tif
tooms_lake,Tooms Lake,-42.213,147.783,464.53,1m,1.0,TAS Government,EastCoast2014-DEM-1m_5645326_55.tif
toomulla_al,Toomulla AL,-19.0756,146.4694,5.76,1m,1.0,QLD Government,Townsville_2009_Ctl_SW_444000_7890000_1K_DEM_1m.tif
toongabbie_bowling_club,Toongabbie Bowling Club,-33.784,150.952,28.27,1m,1.0,NSW Government,Penrith201906-LID1-AHD_3106258_56_0002_0002_1m.tif
toorbul_donnybrook_rd_al,Toorbul (Donnybrook Rd) AL,-27.031,153.04,1.99,1m,1.0,QLD Government,MoretonBay_2014_LGA_SW_503000_7010000_1K_DEM_1m.tif
toormina_coffs_harbour,Toormina (Coffs Harbour),-30.352,153.076,50.84,1m,1.0,NSW Government,CoffsHarbour201309-LID1-AHD_5066642_56_0002_0002_1m.tif
toowong_al,Toowong AL,-27.481944,152.978333,42.85,1m,1.0,QLD Government,Brisbane_2009_LGA_SW_497000_6960000_1K_DEM_1m.tif
toowoomba_al,Toowoomba AL,-27.511389,151.953611,694.21,1m,1.0,QLD Government,LockyerValleyNorth_2010_Rgn_SW_396000_6956000_1K_DEM_1m.tif
top_of_brisbane_al,Top of Brisbane AL,-26.477222,152.156667,438.24,1 Second,30.0,Geoscience Australia SRTM,srtm-1sec-dem-v1-COG.tif
torbanlea_alert,Torbanlea AL,-25.3406,152.6058,30.09,1m,1.0,QLD Government,Fraser_coast_2022_LGA_SW_460000_7197000_1k_DEM_1m.tif
toronto_stony_ck,Toronto (Stony Ck),-33.008,151.58,1.34,1m,1.0,NSW Government,LakeMacquarie201409-LID1-AHD_3666346_56_0002_0002_1m.tif
torrens_creek_township_torrens_creek,Torrens Creek Township (Torrens Creek),-20.7676,145.0304,455.8,1m,1.0,QLD Government,TorrensCreek_2012_Twn_SW_294000_7702000_1K_DEM_1m.tif
touga,Touga,-34.964,150.097,644.3,2m,2.0,NSW Government,MossVale201805-LID2-AHD_2346126_56_0002_0002_2m.tif
tower_hill_fire_tower,Tower Hill (Fire Tower),-41.548,147.853,1069.83,1m,1.0,TAS Government,NorthEast2012-DEM-1m_5715400_55.tif
townsville_harbour_al,Townsville Harbour AL,-19.2517,146.8303,-0.29,1m,1.0,QLD Government,Townsville_2009_Ctl_SW_482000_7871000_1K_DEM_1m.tif
traralgon_epa,Traralgon EPA,-38.196,146.529,62.0,1 Second,30.0,Geoscience Australia SRTM,srtm-1sec-dem-v1-COG.tif
traralgon_south,Traralgon South,-38.253,146.543,59.0,1 Second,30.0,Geoscience Australia SRTM,srtm-1sec-dem-v1-COG.tif
traralgon_south_township,Traralgon South Township,-38.295,146.542,96.95,1 Second,30.0,Geoscience Australia SRTM,srtm-1sec-dem-v1-COG.tif
traralgon_town_princes_hwy,Traralgon Town (Princes Hwy),-38.193,146.54,47.0,1 Second,30.0,Geoscience Australia SRTM,srtm-1sec-dem-v1-COG.tif
trentham_reservoir,Trentham Reservoir,-37.407,144.356,731.2,1 Second,30.0,Geoscience Australia SRTM,srtm-1sec-dem-v1-COG.tif
triabunna_salmons_flats,Triabunna (Salmons Flats),-42.509,147.899,13.13,1m,1.0,TAS Government,TriabunnaOrford2014-DEM-1m_5735293_55.tif
trig_point_hill,Trig Point Hill,-34.561,139.033,500.91,1 Second,30.0,Geoscience Australia SRTM,srtm-1sec-dem-v1-COG.tif
trinidad_al,Trinidad Al,-25.6004,143.893,260.32,1 Second,30.0,Geoscience Australia SRTM,srtm-1sec-dem-v1-COG.tif
trunkey_old_post_office,Trunkey (Old Post Office),-33.82,149.325,851.79,5m,5.0,NSW Government,Blayney201407-PHO3-AHD_7146254_55_0002_0002_5m.tif
tugun_al,Tugun AL,-28.1525,153.4998,5.03,1m,1.0,QLD Government,GoldCoast_2014_LGA_SW_549000_6885000_1K_DEM_1m.tif
tully_transfer_station_al,Tully Transfer Station AL,-17.9397,145.892,25.57,50cm,0.5,Griffith Uni,Innisfail201308-DEM-GRID-50cm_3828016_55_0001_0001.tif
tuncurry,Tuncurry,-32.184,152.486,0.24,1m,1.0,NSW Government,Bulahdelah201208-LID1-AHD_4506438_56_0002_0002_1m.tif
tuncurry_point_road,Tuncurry (Point Road),-32.185,152.491,0.5,1m,1.0,NSW Government,Forster201208-LID1-AHD_4526438_56_0002_0002_1m.tif
turretfield_dam,Turretfield Dam,-34.562,138.77,93.27,50cm,0.5,SA Government,MiddleBeach2021-DEM-GRID-0_5_2956173_54_0001_0001.tif
tutye_bunurouk,Tutye (Bunurouk),-35.2858,141.4935,67.97,1 Second,30.0,Geoscience Australia SRTM,srtm-1sec-dem-v1-COG.tif
tyalgum_creek,Tyalgum Creek,-28.343012,153.156431,124.68,2m,2.0,NSW Government,Murwillumbah201709-LID2-AHD_5146864_56_0002_0002_2m.tif
tyrconnel_tm,Tyrconnel Tm,-26.299,147.5501,473.5,1 Second,30.0,Geoscience Australia SRTM,srtm-1sec-dem-v1-COG.tif
tyungun_al,Tyungun AL,-28.087,153.159,215.68,1m,1.0,QLD Government,ScenicRim_2011_LGA_SW_515000_6893000_1K_DEM_1m.tif
uabba_rd_al,Uabba Rd AL,-25.976,147.101,493.0,1 Second,30.0,Geoscience Australia SRTM,srtm-1sec-dem-v1-COG.tif
ulan_water,Ulan Water,-32.281,149.741,421.19,2m,2.0,NSW Government,Gulgong201510-LID2-AHD_7586424_55_0002_0002_2m.tif
ularunda_al,Ularunda (Repeater) AL,-26.7972,147.1194,400.75,1 Second,30.0,Geoscience Australia SRTM,srtm-1sec-dem-v1-COG.tif
ulladulla_erts,Ulladulla (ERTS),-35.365,150.482,33.99,1m,1.0,NSW Government,Ulladulla201105-LID1-AHD_2706082_56_0002_0002_1m.tif
underwood_millers_rd_al,Underwood (Millers Rd) AL,-27.612,153.108,68.97,1m,1.0,QLD Government,Logan_2017_LGA_SW_510500_6945500_0.5K_DEM_1m.tif
upper_17_mile_creek,Upper 17 Mile Creek,-14.189,132.395,210.8,1 Second,30.0,Geoscience Australia SRTM,srtm-1sec-dem-v1-COG.tif
upper_adelaide_river,Upper Adelaide River,-13.482,131.118,211.0,1 Second,30.0,Geoscience Australia SRTM,srtm-1sec-dem-v1-COG.tif
upper_allyn_township,Upper Allyn Township,-32.162,151.491,303.78,2m,2.0,NSW Government,Camberwell201805-LID2-AHD_3566440_56_0002_0002_2m.tif
upper_bell_ck_al,Upper Bell Ck AL,-24.15,150.678,302.52,50cm,0.5,Griffith Uni,Gladstone201307-DEM-GRID-50cm_2647327_56_0001_0001.tif
upper_bells_ck_north_al,Upper Bells Ck North AL,-26.806,153.041,13.49,1m,1.0,QLD Government,SunshineCoast_2014_LGA_SW_504000_7035000_1K_DEM_1m.tif
upper_bells_ck_south_al,Upper Bells Ck South AL,-26.845,153.036,12.05,1m,1.0,QLD Government,SunshineCoast_2014_LGA_SW_503000_7030000_1K_DEM_1m.tif
upper_belyando_tm,Upper Belyando Tm,-23.1131,146.785,289.48,1 Second,30.0,Geoscience Australia SRTM,srtm-1sec-dem-v1-COG.tif
upper_blessington,Upper Blessington,-41.462,147.57,427.49,1m,1.0,TAS Government,NorthEast2012-DEM-1m_5475409_55.tif
upper_bond_springs,Upper Bond Springs,-23.4537,134.001,780.0,1 Second,30.0,Geoscience Australia SRTM,srtm-1sec-dem-v1-COG.tif
upper_bowman,Upper Bowman,-31.95,151.792,289.86,2m,2.0,NSW Government,UpperManning201803-LID2-AHD_3846464_56_0002_0002_2m.tif
upper_caboolture_al,Upper Caboolture AL,-27.0997,152.8911,18.36,1m,1.0,QLD Government,Moreton_Bay_2018_LGA_SW_489000_7002000_1k_DEM_1m.tif
upper_caboolture_mcclure_rd_al,Upper Caboolture (McClure Rd) AL,-27.086,152.84,162.86,1m,1.0,QLD Government,MoretonBay_2009_LGA_SW_484000_7004000_1K_DEM_1m.tif
upper_chichester_simmonds,Upper Chichester (Simmonds),-32.171,151.594,242.06,2m,2.0,NSW Government,Dungog201805-LID2-AHD_3666438_56_0002_0002_2m.tif
upper_claude_r_al,Upper Claude R AL,-24.474,146.965,428.95,50cm,0.5,Griffith Uni,Emerald201803-DEM-GRID-50cm_4967293_55_0001_0001.tif
upper_clumber_al,Upper Clumber AL,-28.123,152.442,485.54,1m,1.0,QLD Government,ScenicRim_2011_LGA_SW_445000_6889000_1K_DEM_1m.tif
upper_colo_swc_colo_river,Upper Colo Swc (Colo River),-33.425,150.725,41.31,1m,1.0,NSW Government,StAlbans201105-LID1-AHD_2886298_56_0002_0002_1m.tif
upper_cressbrook_alert,Upper Cressbrook AL,-27.2597,152.1525,306.35,1m,1.0,QLD Government,Toowoomba_2010_Rgn_SW_416000_6984000_1K_DEM_1m.tif
upper_darkwood,Upper Darkwood,-30.451,152.623,139.56,2m,2.0,NSW Government,Dorrigo201801-LID2-AHD_4626630_56_0002_0002_2m.tif
upper_dawson_tm,Upper Dawson TM,-25.4227,148.6355,442.84,1 Second,30.0,Geoscience Australia SRTM,srtm-1sec-dem-v1-COG.tif
upper_doonan_al,Upper Doonan AL,-26.45,153.028,20.32,1m,1.0,QLD Government,SunshineCoast_2008_LGA_SW_502000_7074000_1K_DEM_1m.tif
upper_esk_south_esk_river,Upper Esk (South Esk River),-41.433,147.72,360.41,1m,1.0,TAS Government,NorthEast2010-DEM-1m_5605412_55.tif
upper_fergusson_river,Upper Fergusson River,-14.011,132.208,185.0,1 Second,30.0,Geoscience Australia SRTM,srtm-1sec-dem-v1-COG.tif
upper_gracemere_aler,Upper Gracemere Aler,-23.5517,150.3987,128.65,1m,1.0,QLD Government,Rockhampton_2015_Prj_SW_234000_7392000_1K_DEM_1m.tif
upper_horton_dunbeacon,Upper Horton (Dunbeacon),-30.156,150.389,392.15,5m,5.0,NSW Government,Horton201209-PHO3-AHD_2486660_56_0002_0002_5m.tif
upper_kedron_al,Upper Kedron AL,-27.41,152.923,77.97,1m,1.0,QLD Government,MoretonBay_2014_LGA_SW_492000_6968000_1K_DEM_1m.tif
upper_lamerough_al,Upper Lamerough AL,-26.794,153.061,13.8,1m,1.0,QLD Government,SunshineCoast_2014_LGA_SW_506000_7036000_1K_DEM_1m.tif
upper_markwell,Upper Markwell,-32.327,152.193,26.35,1m,1.0,NSW Natural Resorces Commision,Bulahdelah2022-DEM-AHD-1m_424000-6423000_56_500m_500m.tif
upper_missabotti_mi,Upper Missabotti (Missabotti Road),-30.564,152.7869,115.45,2m,2.0,NSW Government,Macksville201707-LID2-AHD_4786618_56_0002_0002_2m.tif
upper_monal_al,Upper Monal AL,-24.6133,151.1139,320.97,1 Second,30.0,Geoscience Australia SRTM,srtm-1sec-dem-v1-COG.tif
upper_myall_creek,Upper Myall Creek,-32.345,151.65,217.71,1m,1.0,NSW Government,Dungog201601-LID1-AHD_3726420_56_0002_0002_1m.tif
upper_pappinbarra_hillcrest,Upper Pappinbarra (Hillcrest),-31.2821,152.4315,220.65,2m,2.0,NSW Government,Cowarral201804-LID2-AHD_4446538_56_0002_0002_2m.tif
upper_quilberry_al,Upper Quilberry AL,-26.3328,145.5118,339.79,1 Second,30.0,Geoscience Australia SRTM,srtm-1sec-dem-v1-COG.tif
upper_rainbow_al,Upper Rainbow AL,-24.2209,150.7015,547.13,1 Second,30.0,Geoscience Australia SRTM,srtm-1sec-dem-v1-COG.tif
upper_retreat_al,Upper Retreat AL,-23.459,147.411,457.23,1 Second,30.0,Geoscience Australia SRTM,srtm-1sec-dem-v1-COG.tif
upper_rollands_plains_greenacres,Upper Rollands Plains (Greenacres),-31.232,152.591,90.74,2m,2.0,NSW Government,Kempsey201707-LID2-AHD_4606544_56_0002_0002_2m.tif
upper_rouchel_mount_view,Upper Rouchel (Mount View),-32.102,151.233,537.53,2m,2.0,NSW Government,Camberwell201805-LID2-AHD_3326446_56_0002_0002_2m.tif
upper_russell_rep_aws_660m,Upper Russell (Rep) AWS - 660m,-42.931,146.737,655.69,1m,1.0,TAS Government,CentralAndSouth2013-DEM-1m_4785246_55.tif
upper_sheep_station_creek_al,Upper Sheep Station Creek AL,-26.833,152.435,268.2,1 Second,30.0,Geoscience Australia SRTM,srtm-1sec-dem-v1-COG.tif
upper_springbrook_al,Upper Springbrook AL,-28.23,153.28,825.24,1m,1.0,QLD Government,GoldCoast_2009_LGA_SW_527000_6877000_1K_DEM_1m.tif
upper_stuart_ck_al,Upper Stuart Ck AL,-19.391,146.864,36.56,1m,1.0,QLD Government,Townsville_2009_Ctl_SW_485000_7855000_1K_DEM_1m.tif
upper_tallebudgera_al,Upper Tallebudgera AL,-28.2133,153.3306,84.76,1m,1.0,QLD Government,GoldCoast_2009_LGA_SW_532000_6879000_1K_DEM_1m.tif
upper_townsend_creek,Upper Townsend Creek,-16.871,131.858,241.9,1 Second,30.0,Geoscience Australia SRTM,srtm-1sec-dem-v1-COG.tif
upper_van_dyke_al,Upper Van Dyke AL,-24.501,147.845,395.93,50cm,0.5,Griffith Uni,Emerald201305-DEM-GRID-50cm_5857290_55_0001_0001.tif
upper_victoria_river,Upper Victoria River,-17.613,130.071,411.67,1 Second,30.0,Geoscience Australia SRTM,srtm-1sec-dem-v1-COG.tif
upper_walker_ck_t,Upper Walker Ck T,-17.3522,141.6461,35.22,1 Second,30.0,Geoscience Australia SRTM,srtm-1sec-dem-v1-COG.tif
upper_warrego_al,Upper Warrego AL,-25.153,147.16,556.41,1 Second,30.0,Geoscience Australia SRTM,srtm-1sec-dem-v1-COG.tif
upper_waterhouse_river,Upper Waterhouse River,-14.114,133.326,269.0,1 Second,30.0,Geoscience Australia SRTM,srtm-1sec-dem-v1-COG.tif
upper_western_ck_al,Upper Western Ck AL,-27.681,152.434,108.8,1m,1.0,QLD Government,Ipswich_2009_LGA_SW_444000_6938000_1K_DEM_1m.tif
upper_wickham_river,Upper Wickham River,-16.957,130.568,245.0,1 Second,30.0,Geoscience Australia SRTM,srtm-1sec-dem-v1-COG.tif
uralla_blue_nobby,Uralla Blue Nobby,-30.718,151.852,1078.1,2m,2.0,NSW Government,Armidale201505-LID2-AHD_3906600_56_0002_0002_2m.tif
uralla_dumaresq_st,Uralla (Dumaresq St),-30.644,151.491,1017.85,5m,5.0,NSW Government,Bendemeer201111-PHO3-AHD_3546608_56_0002_0002_5m.tif
urandangi_tm,Urandangi Tm,-21.6236,138.3093,171.23,1m,1.0,QLD Government,Urandangi_2010_Twn_SW_221000_7606000_1K_DEM_1m.tif
urbenville,Urbenville,-28.474,152.548,370.27,2m,2.0,NSW Government,MountLindesay201709-LID2-AHD_4546850_56_0002_0002_2m.tif
urunga_kalang_river,Urunga,-30.494,153.012,-0.29,1m,1.0,NSW Government,CoffsHarbour201002-LID1-AHD_5006626_56_0002_0002_1m.tif
utungun_taylors_arm,Utungun (Taylors Arm),-30.7306,152.85,20.95,1m,1.0,NSW Government,Macksville200912-LID1-AHD_4846600_56_0002_0002_1m.tif
valeria_al,Valeria AL,-23.1856,147.8947,211.65,50cm,0.5,Griffith Uni,Clermont201803-DEM-GRID-50cm_5917435_55_0001_0001.tif
van_dyke_ck_al,Van Dyke Ck AL,-24.2019,147.8283,265.32,1m,1.0,QLD Government,Vandyke_River_Gauge_2013_Prj_SW_584000_7323000_1.0K_DEM_1m.tif
vasse_diversion_drain,Vasse Diversion Drain,-33.685,115.358,9.74,1 Second,30.0,Geoscience Australia SRTM,srtm-1sec-dem-v1-COG.tif
vasse_hwy_cb3,Vasse Hwy CB3,-33.703,115.399,18.93,1 Second,30.0,Geoscience Australia SRTM,srtm-1sec-dem-v1-COG.tif
vennor_drive_al,Vennor Drive AL,-27.7883,153.2525,21.69,1m,1.0,QLD Government,GoldCoast_2009_LGA_SW_524000_6926000_1K_DEM_1m.tif
verdun,Verdun,-35.007,138.803,327.93,50cm,0.5,SA Government,MtBarker2021-DEM-GRID-0_5_2996123_54_0001_0001.tif
verwood_isis_river,Verwood (Isis River),-42.058,147.287,304.82,1m,1.0,TAS Government,CentralMidlands2019-DEM-1m_5235343_GDA2020_55.tif
victoria_hill_al,Victoria Hill AL,-27.983,151.771,417.04,1m,1.0,QLD Government,Toowoomba_2010_Prj_SW_379000_6904000_1K_DEM_1m.tif
victoria_park,Victoria Park,-34.94,138.624,57.89,1m,1.0,SA Government,AdelaideMetro2018_DEM_2806130_05_001.tif
villa_dale_tm,Villa Dale TM,-20.6077,143.4753,258.04,1 Second,30.0,Geoscience Australia SRTM,srtm-1sec-dem-v1-COG.tif
vincent_al,Vincent AL,-19.287,146.767,9.1,50cm,0.5,Griffith Uni,Townsville201804-DEM-GRID-50cm_4757867_55_0001_0001.tif
vohland_rd_tm,Vohland Rd Tm,-17.1372,145.8572,8.55,1m,1.0,QLD Government,Cairns_2010_Prj_SW_378000_8104000_1K_DEM_1m.tif
wacol_al,Wacol AL,-27.579167,152.905278,15.23,1m,1.0,QLD Government,Ipswich_2019_LGA_SW_490000_6949000_1k_DEM_1m.tif
waddy_brae_tm,Waddy Brae TM,-25.6103,148.9444,479.81,50cm,0.5,Griffith Uni,Roma201810-DEM-GRID-50cm_6957166_55_0001_0001.tif
waeel,Waeel,-31.615,117.062,208.15,1 Second,30.0,Geoscience Australia SRTM,srtm-1sec-dem-v1-COG.tif
wagon_flat,Wagon Flat,-35.87263,141.38835,140.0,1 Second,30.0,Geoscience Australia SRTM,srtm-1sec-dem-v1-COG.tif
wahroonga_ada_avenue,Wahroonga (Ada Avenue),-33.724,151.114,180.83,1m,1.0,NSW Government,Sydney202006-LID1-AHD_3246266_56_0002_0002_1m.tif
wakerley_alert,Wakerley AL,-27.4808,153.1628,5.67,1m,1.0,QLD Government,Brisbane_2014_LGA_SW_516000_6960000_1K_DEM_1m.tif
walcha_thee_st,Walcha (Thee ST),-30.99,151.586,1106.79,2m,2.0,NSW Government,Armidale201505-LID2-AHD_3646570_56_0002_0002_2m.tif
walebing,Walebing,-30.665,116.138,256.85,1 Second,30.0,Geoscience Australia SRTM,srtm-1sec-dem-v1-COG.tif
walkerston_al,Walkerston AL,-21.159,149.056,20.26,1m,1.0,QLD Government,Mackay_2015_Rgn_SW_713000_7658000_1K_DEM_1m.tif
wallaby_creek,Wallaby Creek,-37.417,145.25,488.17,1 Second,30.0,Geoscience Australia SRTM,srtm-1sec-dem-v1-COG.tif
wallacia_weir_nepean_river,Wallacia Weir (Nepean River),-33.863,150.63,48.36,1m,1.0,NSW Government,Penrith201705-LID1-AHD_2806250_56_0002_0002_1m.tif
wallal_al,Wallal AL,-26.653,146.1758,274.94,1m,1.0,QLD Government,Charleville_2011_Twn_SW_417000_7051000_1K_DEM_1m.tif
waller_rd_al,Waller Rd AL,-27.67,153.051,23.53,1m,1.0,QLD Government,Logan_2021_GDA2020_LGA_SW_505000_6939000_500m_DEM_1m.tif
walli_kentucky,Walli (Kentucky),-33.6708,148.8565,570.67,5m,5.0,NSW Government,Cowra201404-PHO3-AHD_6726272_55_0002_0002_5m.tif
wallis_lake_at_pacific_palms_wharf,Wallis Lake at Pacific Palms Wharf,-32.333,152.526,-0.12,1m,1.0,NSW Government,Forster201306-LID1-AHD_4546422_56_0002_0002_1m.tif
walloon_alert,Walloon AL,-27.6033,152.6928,26.44,1m,1.0,QLD Government,Ipswich_2023_LGA_SW_469000_6946000_1k_DEM_1m.tif
wallsend_bowling_club,Wallsend Bowling Club,-32.9045,151.6654,7.76,1m,1.0,NSW Government,Newcastle201409-LID1-AHD_3746358_56_0002_0002_1m.tif
walyunga,Walyunga,-31.75,116.069,22.92,1 Second,30.0,Geoscience Australia SRTM,srtm-1sec-dem-v1-COG.tif
wamberal_reservoir,Wamberal Reservoir,-33.4147,151.4431,98.75,1m,1.0,NSW Government,Gosford202008-LID1-AHD_3546300_56_0002_0002_1m.tif
wamuran_al,Wamuran AL,-27.0022,152.8692,46.14,1m,1.0,QLD Government,MoretonBay_2014_LGA_SW_487000_7013000_1K_DEM_1m.tif
wamuran_eureka_ct_tm,Wamuran (Eureka Ct) TM,-27.058,152.88,27.56,1m,1.0,QLD Government,Moreton_Bay_2018_LGA_SW_488000_7007000_1k_DEM_1m.tif
wamuran_mcclintock_rd_al,Wamuran (McClintock Rd) AL,-27.0022,152.8692,46.14,1m,1.0,QLD Government,MoretonBay_2014_LGA_SW_487000_7013000_1K_DEM_1m.tif
wandie_creek,Wandie Creek,-13.806,132.197,178.0,1 Second,30.0,Geoscience Australia SRTM,srtm-1sec-dem-v1-COG.tif
wangi_bowling_club,Wangi Bowling Club,-33.0666,151.5779,2.58,1m,1.0,NSW Government,LakeMacquarie201409-LID1-AHD_3666340_56_0002_0002_1m.tif
wappa_dam_al,Wappa Dam AL,-26.57,152.922,42.01,1m,1.0,QLD Government,SunshineCoast_2014_LGA_SW_492000_7061000_1K_DEM_1m.tif
warahgai_tm,Warahgai TM,-28.2367,151.5347,504.0,1 Second,30.0,Geoscience Australia SRTM,srtm-1sec-dem-v1-COG.tif
warana_br_al,Warana Br AL,-26.624,152.958,13.01,1m,1.0,QLD Government,Sunshine_Coast_2022_LGA_SW_495000_7055000_1k_DEM_1m.tif
waratah_reservoir,Waratah Reservoir,-32.8989,151.7186,56.1,1m,1.0,NSW Government,Newcastle201409-LID1-AHD_3806358_56_0002_0002_1m.tif
warburton,Warburton,-37.777,145.724,765.26,1 Second,30.0,Geoscience Australia SRTM,srtm-1sec-dem-v1-COG.tif
ward_r_crossing_ale,Ward River Xing AL,-25.9497,146.1136,314.81,1 Second,30.0,Geoscience Australia SRTM,srtm-1sec-dem-v1-COG.tif
warialda_post_office,Warialda Post Office,-29.542,150.575,333.97,2m,2.0,NSW Government,Bingara201705-LID2-AHD_2646728_56_0002_0002_2m.tif
warilda_al,Warilda AL,-26.1267,145.6694,306.55,1 Second,30.0,Geoscience Australia SRTM,srtm-1sec-dem-v1-COG.tif
warkon,Warkon,-27.0006,149.4969,259.88,1 Second,30.0,Geoscience Australia SRTM,srtm-1sec-dem-v1-COG.tif
warner_al,Warner AL,-27.3078,152.9417,39.76,1m,1.0,QLD Government,MoretonBay_2014_LGA_SW_494000_6979000_1K_DEM_1m.tif
warragamba,Warragamba,-33.8902,150.5934,187.24,1m,1.0,NSW Government,Penrith201907-LID1-AHD_2766246_56_0002_0002_1m.tif
warragamba_dam_warragamba_river,Warragamba Dam (Warragamba River),-33.9,150.59,148.1,1m,1.0,NSW Government,Penrith201907-LID1-AHD_2766246_56_0002_0002_1m.tif
warranooke,Warranooke,-36.726,142.729,154.01,1 Second,30.0,Geoscience Australia SRTM,srtm-1sec-dem-v1-COG.tif
warren_reservoir,Warren Reservoir,-34.711,138.933,398.98,1 Second,30.0,Geoscience Australia SRTM,srtm-1sec-dem-v1-COG.tif
warrenbayne,Warrenbayne,-36.695,145.877,226.0,1 Second,30.0,Geoscience Australia SRTM,srtm-1sec-dem-v1-COG.tif
warroo,Warroo,-27.645,148.7411,216.18,1 Second,30.0,Geoscience Australia SRTM,srtm-1sec-dem-v1-COG.tif
washpool_al,Washpool AL,-27.829,152.755,61.74,1m,1.0,QLD Government,ScenicRim_2011_LGA_SW_475000_6921000_1K_DEM_1m.tif
watagan_central,Watagan Central,-33.026,151.188,137.53,1m,1.0,NSW Government,Gosford201409-LID1-AHD_3306344_56_0002_0002_1m.tif
waterfall_gully_road,Waterfall Gully Road,-34.95,138.67,162.45,50cm,0.5,SA Government,AdelaideMetro2022-DEM-GRID-50cm_2876130_54_0001_0001.tif
waterhouse_reservoir,Waterhouse Reservoir,-36.817,145.64,305.59,1 Second,30.0,Geoscience Australia SRTM,srtm-1sec-dem-v1-COG.tif
waterloo_east_schutz_road,Waterloo East (Schutz Road),-33.999,138.91,498.91,1 Second,30.0,Geoscience Australia SRTM,srtm-1sec-dem-v1-COG.tif
wattle_creek_at_navarre,Wattle Creek at Navarre,-36.903,143.105,229.0,1 Second,30.0,Geoscience Australia SRTM,srtm-1sec-dem-v1-COG.tif
waugh_culvert_tm,Waugh Culvert Tm,-17.4368,145.9437,12.43,1m,1.0,QLD Government,Cairns_2010_Prj_SW_387000_8071000_1K_DEM_1m.tif
waukivory,Waukivory,-32.08,152.029,162.04,1m,1.0,NSW Government,Bulahdelah201801-LID1-AHD_4086450_56_0002_0002_1m.tif
waverly_ck_tm,Waverly Ck Tm,-21.4219,139.1277,271.94,1 Second,30.0,Geoscience Australia SRTM,srtm-1sec-dem-v1-COG.tif
weabonga_stoneleigh,Weabonga (Stoneleigh),-31.18,151.303,684.23,5m,5.0,NSW Government,Nundle201305-PHO3-AHD_3386548_56_0002_0002_5m.tif
webbs_ck_wisemans_ferry_hawkesbury_river,Webbs Ck-Wisemans Ferry (Hawkesbury River),-33.383,150.983,1.26,1m,1.0,NSW Government,StAlbans201105-LID1-AHD_3126304_56_0002_0002_1m.tif
wedderburn_booalbyn,Wedderburn (Booalbyn),-34.167,150.808,244.34,1m,1.0,NSW Government,Wollongong201102-LID1-AHD_2966216_56_0002_0002_1m.tif
weilmoringle_caringle_comparison,Weilmoringle (Caringle) Comparison,-29.3515,146.8125,122.44,1m,1.0,NSW Government,Culgoa_202402_LID1_AHD_1m_1km_55_4816753.tif
wellington_pump,Wellington Pump,-34.853,138.505,1.17,1m,1.0,SA Government,AdelaideMetro2018_DEM_2706140_05_001.tif
wellwater_rd_al,Wellwater Rd AL,-26.326,146.318,309.21,1 Second,30.0,Geoscience Australia SRTM,srtm-1sec-dem-v1-COG.tif
werribee,Werribee,-31.765,116.346,289.8,1 Second,30.0,Geoscience Australia SRTM,srtm-1sec-dem-v1-COG.tif
west_bellthorpe_al,West Bellthorpe AL,-26.823333,152.677778,565.78,1m,1.0,QLD Government,Moreton_Bay_2018_LGA_SW_467000_7033000_1k_DEM_1m.tif
west_creek_alderley_st_tm,West Ck (Alderley St) TM,-27.5849,151.9456,627.06,1m,1.0,QLD Government,Toowoomba_2010_Rgn_SW_395000_6948000_1K_DEM_1m.tif
west_creek_herries_st_tm,West Ck (Herries St) TM,-27.5643,151.9492,593.1,1m,1.0,QLD Government,Toowoomba_Cooby_2020_Prj_SW_396000_6950000_1k_DEM_1m.tif
west_creek_margaret_st_tm,West Ck (Margaret St) TM,-27.5608,151.9508,589.45,1m,1.0,QLD Government,Toowoomba_2010_Rgn_SW_396000_6951000_1K_DEM_1m.tif
west_gosford,West Gosford,-33.428,151.323,1.17,1m,1.0,NSW Government,Gosford201105-LID1-AHD_3446300_56_0002_0002_1m.tif
west_waterhouse,West Waterhouse,-14.132,133.109,328.0,1 Second,30.0,Geoscience Australia SRTM,srtm-1sec-dem-v1-COG.tif
west_woodbine_al,West Woodbine AL,-27.784722,152.149722,612.84,1m,1.0,QLD Government,Toowoomba_2011_Prj_SW_416000_6926000_1K_DEM_1m.tif
west_woombye_al,West Woombye AL,-26.662,152.924,37.9,1m,1.0,QLD Government,SunshineCoast_2014_LGA_SW_492000_7050000_1K_DEM_1m.tif
westcourt_al,Westcourt (Repeater) AL,-27.1313,147.4792,341.12,1 Second,30.0,Geoscience Australia SRTM,srtm-1sec-dem-v1-COG.tif
western_branch,Western Branch,-34.947,138.857,351.63,1m,1.0,SA Government,CudleeCreek2020_DEM_3046130_01_001.tif
westgrove_tm,Westgrove TM,-25.5811,148.4811,487.29,50cm,0.5,Griffith Uni,Roma201810-DEM-GRID-50cm_6487169_55_0001_0001.tif
westvale_al,Westvale AL,-27.0244,152.6044,140.0,1 Second,30.0,Geoscience Australia SRTM,srtm-1sec-dem-v1-COG.tif
westwood_bridge_meander_river,Westwood Bridge (Meander River),-41.521,147.034,129.07,1m,1.0,TAS Government,MeanderValleyUrban2014-1m-DEM_5025403_55.tif
westwood_range_al,Westwood Range AL,-24.3108,151.6241,290.14,1m,1.0,QLD Government,Gladstone_2009_Rgn_SW_360000_7310000_2K_DEM_1m.tif
westwood_tm,Westwood TM,-23.626,150.155,154.5,1m,1.0,QLD Government,Westwood_2012_Twn_SW_209000_7384000_1K_DEM_1m.tif
wharton_ck_al,Wharton Ck AL,-24.628,147.403,372.76,1 Second,30.0,Geoscience Australia SRTM,srtm-1sec-dem-v1-COG.tif
whiporie_post_office,Whiporie Post Office,-29.282,152.989,47.35,1m,1.0,CSIRO and NEMA,RichmondRiver2023-DEM-AHD-1m_4986760_56_0001_0001.tif
white_swamp_al,White Swamp AL,-28.266,152.537,677.64,1m,1.0,QLD Government,ScenicRim_2011_LGA_SW_454000_6873000_1K_DEM_1m.tif
whiteheads_creek_at_whiteheads_creek,Whiteheads Creek at Whiteheads Creek,-37.033,145.207,161.0,1 Second,30.0,Geoscience Australia SRTM,srtm-1sec-dem-v1-COG.tif
whiteman_park,Whiteman Park,-31.837,115.95,35.73,1 Second,30.0,Geoscience Australia SRTM,srtm-1sec-dem-v1-COG.tif
whites_mountain_tm,Whites Mountain Tm,-20.5467,144.6619,467.82,1 Second,30.0,Geoscience Australia SRTM,srtm-1sec-dem-v1-COG.tif
whyanbeel_ck_tm,Whyanbeel Ck Tm,-16.3903,145.3381,22.84,1m,1.0,QLD Government,Mossman_2019_Prj_SW_322500_8187000_0.5K_DEM_1m.tif
whyte_island_alert,Whyte Island AL,-27.4017,153.1575,-1.05,1m,1.0,QLD Government,Brisbane_2019_Prj_SW_515000_6969000_1k_DEM_1m.tif
wickepin_south,Wickepin South,-32.802,117.503,366.89,1 Second,30.0,Geoscience Australia SRTM,srtm-1sec-dem-v1-COG.tif
wickerslack_queanbeyan_river,Wickerslack (Queanbeyan River),-35.4,149.25,631.68,1m,1.0,ACT Government,ACT2020_DEM_7046080_55_01_001.tif
wicks_estate,Wicks Estate,-34.963,138.871,343.49,1m,1.0,SA Government,CudleeCreek2020_DEM_3056128_01_001.tif
wigley_gorge,Wigley Gorge,-23.63412,133.88244,640.0,1 Second,30.0,Geoscience Australia SRTM,srtm-1sec-dem-v1-COG.tif
wild_river_tm,Wild River Tm,-17.3663,145.4317,1047.61,1 Second,30.0,Geoscience Australia SRTM,srtm-1sec-dem-v1-COG.tif
wilgarra,Wilgarra,-32.694,116.614,401.72,1 Second,30.0,Geoscience Australia SRTM,srtm-1sec-dem-v1-COG.tif
willara_al,Willara AL,-25.5414,146.9117,488.18,1 Second,30.0,Geoscience Australia SRTM,srtm-1sec-dem-v1-COG.tif
williams_north,Williams North,-33.004,116.851,304.16,1 Second,30.0,Geoscience Australia SRTM,srtm-1sec-dem-v1-COG.tif
willina,Willina,-32.1625,152.2614,22.47,1m,1.0,NSW Government,Bulahdelah201208-LID1-AHD_4306440_56_0002_0002_1m.tif
willina_wang_wauk_river,Willina (Wang Wauk River),-32.165,152.285,17.17,1m,1.0,NSW Government,Bulahdelah201208-LID1-AHD_4326440_56_0002_0002_1m.tif
willinga_lake_bawley_point,Willinga Lake (Bawley Point),-35.504897,150.377904,2.31,1m,1.0,NSW Government,BatemansBay201106-LID1-AHD_2626066_56_0002_0002_1m.tif
willow_vale_al,Willow Vale AL,-27.8436,153.2498,50.71,1m,1.0,QLD Government,GoldCoast_2009_LGA_SW_524000_6920000_1K_DEM_1m.tif
wills_ck_cdr_tm,Wills Ck CDR TM,-21.2698,139.7284,378.7,1 Second,30.0,Geoscience Australia SRTM,srtm-1sec-dem-v1-COG.tif
wills_ck_selwyn,Wills Ck (Selwyn,-22.4118,139.9615,203.17,1 Second,30.0,Geoscience Australia SRTM,srtm-1sec-dem-v1-COG.tif
wilsons_peak_al,Wilsons Peak AL,-28.239,152.486,835.45,1m,1.0,QLD Government,ScenicRim_2011_LGA_SW_449000_6876000_1K_DEM_1m.tif
wilsons_peak_al_p,Wilsons Peak AL-P,-28.238889,152.485833,827.15,1m,1.0,QLD Government,ScenicRim_2011_LGA_SW_449000_6876000_1K_DEM_1m.tif
wimmera_river_at_drung_drung,Wimmera River at Drung Drung,-36.722,142.325,134.14,1 Second,30.0,Geoscience Australia SRTM,srtm-1sec-dem-v1-COG.tif
wimmera_river_at_eversley,Wimmera River at Eversley,-37.177,143.193,273.0,1 Second,30.0,Geoscience Australia SRTM,srtm-1sec-dem-v1-COG.tif
wimmera_river_at_glenorchy,Wimmera River at Glenorchy,-36.917,142.648,177.77,1 Second,30.0,Geoscience Australia SRTM,srtm-1sec-dem-v1-COG.tif
wimmera_river_at_glynwylln,Wimmera River at Glynwylln,-36.957,142.857,194.47,1 Second,30.0,Geoscience Australia SRTM,srtm-1sec-dem-v1-COG.tif
wimmera_river_at_horsham,Wimmera River at Horsham,-36.74,142.147,124.28,1 Second,30.0,Geoscience Australia SRTM,srtm-1sec-dem-v1-COG.tif
wimmera_river_at_quantong_bridge,Wimmera River at Quantong Bridge,-36.732,142.005,116.86,1 Second,30.0,Geoscience Australia SRTM,srtm-1sec-dem-v1-COG.tif
wimmera_river_u_s_dimboola,Wimmera River U/S Dimboola,-36.557,142.013,106.59,1 Second,30.0,Geoscience Australia SRTM,srtm-1sec-dem-v1-COG.tif
winbin_ck_tm,Winbin Ck Tm,-26.6189,144.5124,207.11,1 Second,30.0,Geoscience Australia SRTM,srtm-1sec-dem-v1-COG.tif
winchelsea_post_office,Winchelsea (Post Office),-38.243,143.9887,94.9,1 Second,30.0,Geoscience Australia SRTM,srtm-1sec-dem-v1-COG.tif
windale_no_2,Windale No. 2 WWPS,-32.99,151.6916,14.31,1m,1.0,NSW Government,Newcastle201409-LID1-AHD_3766348_56_0002_0002_1m.tif
winderie_airstrip,Winderie Airstrip,-25.3097,115.145,192.14,1 Second,30.0,Geoscience Australia SRTM,srtm-1sec-dem-v1-COG.tif
winding_creek,Winding Creek,-32.949,151.667,17.01,1m,1.0,NSW Government,Newcastle201409-LID1-AHD_3746352_56_0002_0002_1m.tif
windjana_gorge,Windjana Gorge,-17.4211,124.9247,91.0,1 Second,30.0,Geoscience Australia SRTM,srtm-1sec-dem-v1-COG.tif
windorah_lignum_cha,Windorah (Lignum Cha,-25.44,142.8079,127.45,1m,1.0,DCCEEW,CooperBasin2019_DEM_6817185_54_01_001.tif
windorah_long_cross,Windorah (Long Cross,-25.3703,142.7258,126.77,1m,1.0,DCCEEW,CooperBasin2019_DEM_6737192_54_01_001.tif
windorah_main_chann,Windorah (Main Chann,-25.3702,142.7453,128.34,1m,1.0,DCCEEW,CooperBasin2019_DEM_6757192_54_01_001.tif
windsor_pwd_hawkesbury_river,Windsor PWD (Hawkesbury River),-33.602,150.817,9.37,1m,1.0,NSW Government,Penrith201904-LID1-AHD_2966278_56_0002_0002_1m.tif
winton_jundah_rd_tm,Winton Jundah Rd Tm,-23.6371,142.3299,170.73,1 Second,30.0,Geoscience Australia SRTM,srtm-1sec-dem-v1-COG.tif
wishart_greenwood_st_al,Wishart (Greenwood St) AL,-27.562,153.103,21.91,1m,1.0,QLD Government,Brisbane_2019_Prj_SW_510000_6951000_1k_DEM_1m.tif
wittitrin,Wittitrin,-31.117,152.683,37.54,2m,2.0,NSW Government,Kempsey201707-LID2-AHD_4686556_56_0002_0002_2m.tif
wivenhoe_dam_hw_al_b,Wivenhoe Dam HW AL-B,-27.393,152.596,63.27,1m,1.0,QLD Government,Somerset_2009_Prj_SW_460000_6969000_1K_DEM_1m.tif
wivenhoe_dam_hw_al_p,Wivenhoe Dam HW AL-P,-27.39441,152.60971,67.45,1 Second,30.0,Geoscience Australia SRTM,srtm-1sec-dem-v1-COG.tif
wivenhoe_dam_tw_al,Wivenhoe Dam TW AL,-27.402,152.607,34.75,1m,1.0,QLD Government,Somerset_2009_Prj_SW_461000_6968000_1K_DEM_1m.tif
wolca_range_al,Wolca Range AL,-25.078,151.557,459.97,1 Second,30.0,Geoscience Australia SRTM,srtm-1sec-dem-v1-COG.tif
wollombi_st_johns_church,Wollombi (St Johns Church),-32.938,151.14,96.49,1m,1.0,NSW Government,Cessnock201409-LID1-AHD_3266354_56_0002_0002_1m.tif
wollombi_wollombi_b,Wollombi (Wollombi Brook),-32.934,151.134,86.83,1m,1.0,NSW Government,Cessnock201409-LID1-AHD_3246354_56_0002_0002_1m.tif
wollomombi_wollomombi_river,Wollomombi (Wollomombi River),-30.518,152.043,939.64,2m,2.0,NSW Government,Carrai201805-LID2-AHD_4086622_56_0002_0002_2m.tif
wollongong_burelli_st,Wollongong (Burelli St),-34.433,150.883,23.56,1m,1.0,NSW Government,Wollongong202106-LID1-AHD_3046186_56_0002_0002_1m.tif
wolston_creek_al,Wolston Creek AL,-27.566,152.93,3.13,1m,1.0,QLD Government,Brisbane_2014_LGA_SW_493000_6950000_1K_DEM_1m.tif
wonbah_forest_al,Wonbah Forest AL,-24.978,151.614,216.55,1 Second,30.0,Geoscience Australia SRTM,srtm-1sec-dem-v1-COG.tif
wondoola_tm,Wondoola Tm,-18.5147,140.9097,23.27,1 Second,30.0,Geoscience Australia SRTM,srtm-1sec-dem-v1-COG.tif
wonga_park_alert,Wonga Park AL,-17.3441,145.9285,8.56,50cm,0.5,Griffith Uni,Innisfail201807-DEM-GRID-50cm_3868082_55_0001_0001.tif
wongan_hills_north,Wongan Hills North,-30.851,116.721,340.87,1 Second,30.0,Geoscience Australia SRTM,srtm-1sec-dem-v1-COG.tif
wongawallan_al,Wongawallan AL,-27.879,153.214,310.38,1m,1.0,QLD Government,GoldCoast_2014_LGA_SW_521000_6916000_1K_DEM_1m.tif
wongawallan_welch_pioneer_pk_al,Wongawallan (Welch Pioneer Pk) AL,-27.8965,153.2325,113.83,1m,1.0,QLD Government,GoldCoast_2014_LGA_SW_522000_6914000_1K_DEM_1m.tif
wongawilli,Wongawilli,-34.483,150.758,32.27,1m,1.0,NSW Government,Wollongong201304-LID1-AHD_2946182_56_0002_0002_1m.tif
wonnangatta_river_at_crooked_river,Wonnangatta River at Crooked River,-37.4075,147.0875,246.97,1 Second,30.0,Geoscience Australia SRTM,srtm-1sec-dem-v1-COG.tif
wonnangatta_river_at_waterford,Wonnangatta River at Waterford,-37.487,147.161,323.69,1 Second,30.0,Geoscience Australia SRTM,srtm-1sec-dem-v1-COG.tif
woodchester_craiorah,Woodchester (Craiorah),-35.193,138.992,93.0,1 Second,30.0,Geoscience Australia SRTM,srtm-1sec-dem-v1-COG.tif
woodford_al_b,Woodford AL-B,-26.9383,152.76,112.68,1m,1.0,QLD Government,MoretonBay_2014_LGA_SW_476000_7020000_1K_DEM_1m.tif
woodford_al_p,Woodford AL-P,-26.9352,152.761,116.77,1m,1.0,QLD Government,MoretonBay_2014_LGA_SW_476000_7020000_1K_DEM_1m.tif
woodlands,Woodlands,-27.265,148.0814,273.94,1 Second,30.0,Geoscience Australia SRTM,srtm-1sec-dem-v1-COG.tif
woodside,Woodside,-34.95,138.874,350.8,50cm,0.5,SA Government,MtBarker2021-DEM-GRID-0_5_3056130_54_0001_0001.tif
woodsome_hill,Woodsome Hill,-31.71,116.064,259.0,1 Second,30.0,Geoscience Australia SRTM,srtm-1sec-dem-v1-COG.tif
woody_point_al,Woody Point AL,-27.258,153.085,2.36,1m,1.0,QLD Government,MoretonBay_2009_LGA_SW_508000_6984000_1K_DEM_1m.tif
woolgoolga_wtp,Woolgoolga WTP,-30.122,153.202,7.54,1m,1.0,NSW Government,Woolgoolga_202306_LID1_AHD_1m_1km_56_5196667.tif
wooli_browns_knob,Wooli (Browns Knob),-29.9125,153.1275,322.28,1m,1.0,NSW Government,Barepoint201004-LID1-AHD_5126690_56_0002_0002_1m.tif
wooli_sportsground,Wooli Sportsground,-29.858,153.266,1.91,1m,1.0,NSW Government,Barepoint201004-LID1-AHD_5246696_56_0002_0002_1m.tif
wooloomanata,Wooloomanata,-37.935,144.369,61.0,1 Second,30.0,Geoscience Australia SRTM,srtm-1sec-dem-v1-COG.tif
woolshed_creek,Woolshed Creek,-35.24,149.199,619.95,1m,1.0,ACT Government,ACT2020_DEM_7006098_55_01_001.tif
woolshed_creek_u_s_fairbairn_ave_bridge,Woolshed Creek U/S Fairbairn Ave Bridge,-35.298,149.179,557.44,1m,1.0,ACT Government,ACT2020_DEM_6986091_55_01_001.tif
wootton,Wootton,-32.294,152.305,65.85,1m,1.0,NSW Government,Bulahdelah201306-LID1-AHD_4346426_56_0002_0002_1m.tif
worongary_creek_al,Worongary Creek AL,-28.0589,153.3539,4.19,1m,1.0,QLD Government,GoldCoast_2009_LGA_SW_534000_6896000_1K_DEM_1m.tif
woronora_br_wor,Woronora Bridge (Woronora River),-34.0209,151.0499,1.59,1m,1.0,NSW Government,PortHacking201304-LID1-AHD_3186232_56_0002_0002_1m.tif
woronora_dam,Woronora Dam,-34.117,150.933,160.84,1m,1.0,NSW Government,Wollongong202004-LID1-AHD_3086222_56_0002_0002_1m.tif
woronora_dam_aws,Woronora Dam (AWS),-34.1136,150.935,198.2,1m,1.0,NSW Government,Wollongong202004-LID1-AHD_3086222_56_0002_0002_1m.tif
wowan_westwood_rd_al,Wowan-Westwood Rd AL,-23.8925,150.1569,129.94,1m,1.0,QLD Government,Wowan_2011_Twn_SW_210000_7354000_1K_DEM_1m.tif
woy_woy_tip,Woy Woy (Tip),-33.5041,151.2912,66.31,1m,1.0,NSW Government,Sydney202008-LID1-AHD_3406290_56_0002_0002_1m.tif
wuruma_hw_alert,Wuruma Dam HW AL,-25.1994,150.9894,234.94,1 Second,30.0,Geoscience Australia SRTM,srtm-1sec-dem-v1-COG.tif
wyanga_al,Wyanga AL,-24.765,146.053,433.13,1 Second,30.0,Geoscience Australia SRTM,srtm-1sec-dem-v1-COG.tif
wyanga_quambi,Wyanga (Quambi),-32.458,148.149,245.36,5m,5.0,NSW Government,Narromine201510-PHO3-AHD_6066408_55_0002_0002_5m.tif
wyaralong_dam_al,Wyaralong Dam AL,-27.9092,152.8806,61.69,1m,1.0,QLD Government,ScenicRim_2011_LGA_SW_488000_6912000_1K_DEM_1m.tif
wylie_ck_aloomba,Wylie Ck (Aloomba),-28.553,152.158,663.72,2m,2.0,NSW Government,Drake201709-LID2-AHD_4166840_56_0002_0002_2m.tif
wynnum_bowls_al,Wynnum Bowls AL,-27.4453,153.1656,9.06,1m,1.0,QLD Government,Brisbane_2019_Prj_SW_516000_6964000_1k_DEM_1m.tif
wynnum_byrneside_tce_al,Wynnum (Byrneside Tce) AL,-27.442,153.171,10.2,1m,1.0,QLD Government,Brisbane_2019_Prj_SW_516000_6964000_1k_DEM_1m.tif
wyong_br_upstrea,Wyong U/S Bridge (Wyong River),-33.291,151.4238,2.13,1m,1.0,NSW Government,Gosford201409-LID1-AHD_3526314_56_0002_0002_1m.tif
wyong_d_s_bridge_wyong_river,Wyong D/S Bridge (Wyong River),-33.292,151.43,1.2,1m,1.0,NSW Government,Gosford201409-LID1-AHD_3526314_56_0002_0002_1m.tif
wyong_olney_forest,Wyong (Olney Forest),-33.084,151.357,423.92,1m,1.0,NSW Government,Gosford201409-LID1-AHD_3466338_56_0002_0002_1m.tif
wyong_pool,Wyong (Wyong Pool),-33.2853,151.4282,3.93,1m,1.0,NSW Government,Gosford201409-LID1-AHD_3526314_56_0002_0002_1m.tif
yaapeet,Yaapeet,-35.6856,142.0031,79.7,1 Second,30.0,Geoscience Australia SRTM,srtm-1sec-dem-v1-COG.tif
yallalie_basin,Yallalie Basin,-30.3819,115.8464,273.06,1 Second,30.0,Geoscience Australia SRTM,srtm-1sec-dem-v1-COG.tif
yalwal,Yalwal,-34.932,150.387,124.61,2m,2.0,NSW Government,MossVale201805-LID2-AHD_2606130_56_0002_0002_2m.tif
yambuk_al,Yambuk AL,-23.1143,149.3511,189.98,1 Second,30.0,Geoscience Australia SRTM,srtm-1sec-dem-v1-COG.tif
yambuk_alert,Yambuk Alert,-23.114338,149.351147,189.86,1 Second,30.0,Geoscience Australia SRTM,srtm-1sec-dem-v1-COG.tif
yanac_north,Yanac North,-36.11474,141.46124,136.09,1 Second,30.0,Geoscience Australia SRTM,srtm-1sec-dem-v1-COG.tif
yandina_al,Yandina AL,-26.564,152.938,15.21,1m,1.0,QLD Government,Sunshine_Coast_2022_LGA_SW_493000_7061000_1k_DEM_1m.tif
yandina_ck_al,Yandina Ck AL,-26.527,153.021,2.68,1m,1.0,QLD Government,SunshineCoast_2008_LGA_SW_502000_7065000_1K_DEM_1m.tif
yangedine,Yangedine,-32.029,116.784,199.14,1 Second,30.0,Geoscience Australia SRTM,srtm-1sec-dem-v1-COG.tif
yango,Yango,-32.962,151.101,214.16,1m,1.0,NSW Government,Cessnock201409-LID1-AHD_3226350_56_0002_0002_1m.tif
yappar_junction_tm,Yappar Junction Tm,-18.2853,141.2153,17.85,1 Second,30.0,Geoscience Australia SRTM,srtm-1sec-dem-v1-COG.tif
yappi_ck_tm,Yappi Ck Tm,-27.9039,143.8009,132.24,1 Second,30.0,Geoscience Australia SRTM,srtm-1sec-dem-v1-COG.tif
yarragon_south,Yarragon South,-38.2741,146.0914,398.37,1 Second,30.0,Geoscience Australia SRTM,srtm-1sec-dem-v1-COG.tif
yarraman_al,Yarraman AL,-26.836,151.969,541.73,1m,1.0,QLD Government,Yarraman_2010_Twn_SW_397000_7031000_1K_DEM_1m.tif
yarraman_ck_emmert_st_tm,Yarraman Ck (Emmett St) TM,-26.843,151.98,438.28,1m,1.0,QLD Government,Yarraman_2010_Twn_SW_398000_7030000_1K_DEM_1m.tif
yarras_mount_seaview,Yarras (Mount Seaview),-31.387,152.248,150.57,2m,2.0,NSW Government,Cowarral201804-LID2-AHD_4286526_56_0002_0002_2m.tif
yarras_mountain,Yarras Mountain,-31.462,152.325,675.7,2m,2.0,NSW Government,Cowarral201804-LID2-AHD_4346518_56_0002_0002_2m.tif
yarriamback_creek_at_wimmera_river,Yarriamback Creek At Wimmera River,-36.623,142.372,134.72,1 Second,30.0,Geoscience Australia SRTM,srtm-1sec-dem-v1-COG.tif
yarrowitch_rushbrook,Yarrowitch (Rushbrook),-31.346,152.009,1167.74,2m,2.0,NSW Government,Cowarral201804-LID2-AHD_4046530_56_0002_0002_2m.tif
yatton_al,Yatton AL,-22.6614,149.1378,103.53,1 Second,30.0,Geoscience Australia SRTM,srtm-1sec-dem-v1-COG.tif
yea_river_at_devlins_bridge,Yea River at Devlins Bridge,-37.38125,145.4745,218.0,1 Second,30.0,Geoscience Australia SRTM,srtm-1sec-dem-v1-COG.tif
yea_river_at_yea,Yea River at Yea,-37.2167,145.4353,171.93,1 Second,30.0,Geoscience Australia SRTM,srtm-1sec-dem-v1-COG.tif
yealering_east,Yealering East,-32.588,117.641,288.11,1 Second,30.0,Geoscience Australia SRTM,srtm-1sec-dem-v1-COG.tif
yelgun_creek_helen_st_bridge,Yelgun Creek (Helen St Bridge),-28.497,153.545,0.82,1m,1.0,NSW Government,Ballina201008-LID1-AHD_5526846_56_0002_0002_1m.tif
yelgun_yelgun_creek,Yelgun (Yelgun Creek),-28.485,153.514,6.96,1m,1.0,NSW Government,TweedHeads201008-LID1-AHD_5506848_56_0002_0002_1m.tif
yeoval_post_office,Yeoval Post Office,-32.754,148.648,386.45,5m,5.0,NSW Government,Wellington201409-PHO3-AHD_6546374_55_0002_0002_5m.tif
yerranderie_sca,Yerranderie (SCA),-34.121,150.217,578.75,2m,2.0,NSW Government,Burragorang201805-LID2-AHD_2426220_56_0002_0002_2m.tif
yeuralba_ridge,Yeuralba Ridge,-14.254,132.735,267.0,1 Second,30.0,Geoscience Australia SRTM,srtm-1sec-dem-v1-COG.tif
yielo_al,Yielo AL,-26.603,152.545,401.0,1 Second,30.0,Geoscience Australia SRTM,srtm-1sec-dem-v1-COG.tif
yoongarillup_tbrg,Yoongarillup TBRG,-33.743,115.468,63.22,1 Second,30.0,Geoscience Australia SRTM,srtm-1sec-dem-v1-COG.tif
york,York,-31.8997,116.765,184.5,1 Second,30.0,Geoscience Australia SRTM,srtm-1sec-dem-v1-COG.tif
yorkrakine,Yorkrakine,-31.3742,117.5861,302.73,1 Second,30.0,Geoscience Australia SRTM,srtm-1sec-dem-v1-COG.tif
youngs_crossing_al,Youngs Crossing AL,-27.267,152.954,17.27,1m,1.0,QLD Government,MoretonBay_2009_LGA_SW_495000_6983000_1K_DEM_1m.tif
yulmbu,Yulmbu,-17.2964,126.915,449.0,1 Second,30.0,Geoscience Australia SRTM,srtm-1sec-dem-v1-COG.tif
zeta_al,Zeta AL,-23.7617,146.7225,368.24,50cm,0.5,Griffith Uni,Alpha201304-DEM-GRID-50cm_4717372_55_0001_0001.tif
zillmere_pineapple_st_al,Zillmere (Pineapple St) AL,-27.354,153.031,16.51,1m,1.0,QLD Government,Brisbane_2009_LGA_SW_503000_6974000_1K_DEM_1m.tif
