{
"type": "FeatureCollection",
"meta": {"generator": "tools/build_geo_layers.py", "min_area_km2": 1.0, "note": "Bureau maintenance hub boundaries, May 2018.", "source": "314b5661-Hub_Boundaries_May_2018v2_Si2.kmz", "tolerance_deg": 0.004},
"features": [
{"geometry":{"coordinates":[[[[137.99819,-22.89446],[137.49426,-22.94774],[137.04876,-23.03876],[136.61239,-23.19888],[135.94346,-23.23606],[135.09115,-23.39227],[134.22665,-23.26941],[134.12711,-23.44033],[134.034,-23.69808],[133.56399,-23.76158],[132.98864,-23.60685],[132.55766,-23.69473],[132.0832,-23.75858],[131.58635,-23.59409],[130.9309,-23.80978],[129.51322,-23.62342],[128.77025,-23.4735],[128.49827,-23.21399],[128.28273,-23.06533],[127.75705,-24.13469],[127.36414,-25.03235],[126.18104,-25.9662],[125.62039,-27.4411],[125.15709,-28.68302],[125.13737,-29.62525],[124.93535,-30.3067],[124.22635,-30.7776],[124.51655,-31.77092],[125.21733,-32.6509],[125.31525,-32.60792],[125.37067,-32.5917],[125.439,-32.5829],[125.48505,-32.55965],[125.53204,-32.54924],[125.71199,-32.42188],[125.80121,-32.36672],[125.83592,-32.34689],[125.8708,-32.33662],[125.95099,-32.29054],[126.03703,-32.26859],[126.06615,-32.27607],[126.09084,-32.27269],[126.1697,-32.23518],[126.22883,-32.23564],[126.42201,-32.28409],[126.67277,-32.30837],[126.73422,-32.30588],[126.77256,-32.29234],[126.93926,-32.29866],[127.0893,-32.28058],[127.2293,-32.2745],[127.32595,-32.25654],[127.45206,-32.2223],[127.5188,-32.21413],[127.54858,-32.19076],[127.58536,-32.17506],[127.70569,-32.13671],[128.02236,-32.07399],[128.24752,-32.00183],[128.49481,-31.91191],[128.50184,-31.9029],[128.52751,-31.89493],[128.55174,-31.87816],[128.59022,-31.87166],[128.59658,-31.86309],[128.64232,-31.85094],[128.70669,-31.80866],[128.89635,-31.71704],[128.96321,-31.69414],[129.04459,-31.67567],[129.43277,-31.63722],[129.52777,-31.62269],[129.84308,-31.60776],[129.9182,-31.59031],[130.12038,-31.58643],[130.15217,-31.57654],[130.22215,-31.5798],[130.27504,-31.57368],[130.48879,-31.59305],[130.56791,-31.58574],[130.73446,-31.60605],[130.80612,-31.60563],[130.8461,-31.59776],[131.02638,-31.53764],[131.05754,-31.52156],[131.08179,-31.4909],[131.13796,-31.46363],[131.20838,-31.47921],[131.44216,-31.57183],[131.75856,-31.72026],[131.82905,-31.76229],[131.85787,-31.78747],[132.07362,-31.91817],[132.11295,-31.94661],[132.11683,-31.96082],[132.1519,-32.00218],[132.16734,-32.0046],[132.17666,-32.01754],[132.2006,-32.02647],[132.22602,-32.02471],[132.26531,-32.03368],[132.28505,-32.02227],[132.33469,-32.02895],[132.34401,-32.0144],[132.38177,-32.00934],[132.38633,-32.01502],[132.39497,-32.0009],[132.41614,-31.99867],[132.45092,-32.02179],[132.47332,-32.02919],[132.47562,-32.02493],[132.46125,-32.00982],[132.43939,-32.00186],[132.43745,-31.99261],[132.44736,-31.96936],[132.47199,-31.94922],[132.52302,-31.93519],[132.60033,-31.93488],[132.67673,-31.95752],[132.68637,-31.95042],[132.73383,-31.95567],[132.73753,-31.94902],[132.74876,-31.94912],[132.83185,-31.98406],[132.90707,-32.03876],[132.97355,-32.07165],[132.98155,-32.08408],[132.97943,-32.10604],[133.00446,-32.08271],[133.05783,-32.10468],[133.11272,-32.14646],[133.13882,-32.17529],[133.12909,-32.18731],[133.13315,-32.19702],[133.12634,-32.20736],[133.14642,-32.19492],[133.14624,-32.17475],[133.1627,-32.16917],[133.22889,-32.19009],[133.25297,-32.20525],[133.25268,-32.21043],[133.27448,-32.19448],[133.27969,-32.18288],[133.32383,-32.17982],[133.40532,-32.19955],[133.41342,-32.19449],[133.42282,-32.19776],[133.42536,-32.18469],[133.44353,-32.17784],[133.47984,-32.19251],[133.48805,-32.19951],[133.48672,-32.20559],[133.49097,-32.19568],[133.47772,-32.18552],[133.48275,-32.18632],[133.4715,-32.16523],[133.45534,-32.1721],[133.44368,-32.15977],[133.44696,-32.16824],[133.43725,-32.17381],[133.44075,-32.16359],[133.42217,-32.16802],[133.41756,-32.1627],[133.44874,-32.15789],[133.4586,-32.17099],[133.46449,-32.15881],[133.42544,-32.15135],[133.40366,-32.16129],[133.42126,-32.14063],[133.39716,-32.14613],[133.39967,-32.14065],[133.41815,-32.12856],[133.42782,-32.13173],[133.43803,-32.12475],[133.45047,-32.13637],[133.44963,-32.11594],[133.47117,-32.09975],[133.48965,-32.11238],[133.47997,-32.11538],[133.48612,-32.12106],[133.48254,-32.1258],[133.5024,-32.12929],[133.49683,-32.15161],[133.51312,-32.15173],[133.51879,-32.14365],[133.51076,-32.13907],[133.51878,-32.13395],[133.5245,-32.14291],[133.52171,-32.15429],[133.53497,-32.1658],[133.55147,-32.16986],[133.55574,-32.15898],[133.58407,-32.14094],[133.57291,-32.11997],[133.58194,-32.09601],[133.60062,-32.08465],[133.61518,-32.08657],[133.62825,-32.09108],[133.63053,-32.10024],[133.64397,-32.09594],[133.67115,-32.10755],[133.67087,-32.13361],[133.65541,-32.14392],[133.6439,-32.14237],[133.64319,-32.14878],[133.65147,-32.15173],[133.67316,-32.14254],[133.69148,-32.15385],[133.69445,-32.16109],[133.67871,-32.2031],[133.71457,-32.19504],[133.73271,-32.19915],[133.73625,-32.2077],[133.74483,-32.20175],[133.75358,-32.20444],[133.76169,-32.2236],[133.75459,-32.23587],[133.76842,-32.26425],[133.78102,-32.25476],[133.79682,-32.2533],[133.80867,-32.24333],[133.8076,-32.23251],[133.82125,-32.2344],[133.82624,-32.24352],[133.81771,-32.24757],[133.8291,-32.25674],[133.84302,-32.25672],[133.85965,-32.27908],[133.87078,-32.28284],[133.87959,-32.30597],[133.90194,-32.31862],[133.93082,-32.36257],[133.93241,-32.37996],[133.95055,-32.38953],[133.94733,-32.41051],[133.92234,-32.42526],[133.89293,-32.41873],[133.91178,-32.41516],[133.90191,-32.40314],[133.89379,-32.4051],[133.89927,-32.39985],[133.8667,-32.39877],[133.86268,-32.4358],[133.8497,-32.46154],[133.86177,-32.48475],[133.85002,-32.49395],[133.84644,-32.50688],[133.85648,-32.51888],[133.84862,-32.54239],[133.8603,-32.53249],[133.89337,-32.5418],[133.89586,-32.52427],[133.90813,-32.51839],[133.90568,-32.51203],[133.91971,-32.496],[133.947,-32.49405],[133.99101,-32.50564],[133.99609,-32.50144],[133.99192,-32.48835],[134.00672,-32.47541],[134.04019,-32.46015],[134.08589,-32.47214],[134.08177,-32.45664],[134.10284,-32.45052],[134.09215,-32.45815],[134.13261,-32.45685],[134.18345,-32.48288],[134.26454,-32.57094],[134.27784,-32.60833],[134.27914,-32.64884],[134.29403,-32.66209],[134.28366,-32.68474],[134.29003,-32.69491],[134.27222,-32.71066],[134.25836,-32.7377],[134.24028,-32.74893],[134.24037,-32.75864],[134.23046,-32.76481],[134.2324,-32.77836],[134.22152,-32.79017],[134.19639,-32.79505],[134.19,-32.76547],[134.20184,-32.7479],[134.16546,-32.73514],[134.18514,-32.72404],[134.21447,-32.73113],[134.20515,-32.72557],[134.17716,-32.71848],[134.10734,-32.72125],[134.08112,-32.71008],[134.06102,-32.72253],[134.11805,-32.78302],[134.13376,-32.81389],[134.13842,-32.84089],[134.13204,-32.85643],[134.11659,-32.86901],[134.09949,-32.86792],[134.09568,-32.87919],[134.07251,-32.88371],[134.07953,-32.89536],[134.07544,-32.90663],[134.06019,-32.90746],[134.08191,-32.91952],[134.08146,-32.92685],[134.09069,-32.92689],[134.10496,-32.91364],[134.11952,-32.91528],[134.12948,-32.92796],[134.12495,-32.93279],[134.14089,-32.94448],[134.14299,-32.92937],[134.16641,-32.92698],[134.18109,-32.93414],[134.2026,-32.96671],[134.20533,-32.99363],[134.19557,-33.01204],[134.18887,-33.01597],[134.1676,-33.00985],[134.13893,-33.01859],[134.16605,-33.0421],[134.16869,-33.05598],[134.1734,-33.04707],[134.18532,-33.04743],[134.18346,-33.04168],[134.1907,-33.03594],[134.23166,-33.04456],[134.2478,-33.08755],[134.26212,-33.09873],[134.26676,-33.13888],[134.261,-33.15325],[134.31297,-33.18425],[134.32796,-33.19959],[134.35173,-33.19035],[134.34517,-33.1626],[134.35281,-33.15809],[134.34531,-33.16],[134.35885,-33.14918],[134.35202,-33.13937],[134.31717,-33.12718],[134.32214,-33.11872],[134.31303,-33.11229],[134.29319,-33.11894],[134.27926,-33.10788],[134.28449,-33.10089],[134.26321,-33.08396],[134.26135,-33.07234],[134.26244,-33.06072],[134.27986,-33.0534],[134.2717,-33.042],[134.27881,-33.03693],[134.26449,-33.03218],[134.27373,-33.02565],[134.28457,-33.02949],[134.28175,-33.03998],[134.29554,-33.04134],[134.30035,-33.05071],[134.28963,-33.06119],[134.29256,-33.07619],[134.30688,-33.08928],[134.3243,-33.09075],[134.34318,-33.11625],[134.35805,-33.12561],[134.36863,-33.1758],[134.38513,-33.17332],[134.38808,-33.17772],[134.39251,-33.16576],[134.4157,-33.14873],[134.45109,-33.14488],[134.47162,-33.15558],[134.50622,-33.16141],[134.54784,-33.19012],[134.574,-33.19268],[134.59509,-33.20347],[134.63063,-33.24493],[134.64144,-33.22549],[134.66371,-33.22341],[134.6539,-33.21745],[134.64156,-33.22154],[134.63134,-33.21378],[134.62325,-33.19857],[134.64699,-33.1957],[134.64132,-33.18354],[134.63729,-33.18118],[134.627,-33.19484],[134.61384,-33.18934],[134.59964,-33.19737],[134.57762,-33.19019],[134.55905,-33.16112],[134.59588,-33.13919],[134.63308,-33.16246],[134.66714,-33.16137],[134.70488,-33.17786],[134.71756,-33.19723],[134.7184,-33.20647],[134.70984,-33.21473],[134.7222,-33.21898],[134.71889,-33.22981],[134.691,-33.23665],[134.71164,-33.22859],[134.6986,-33.22197],[134.69164,-33.22943],[134.65851,-33.23301],[134.68756,-33.25031],[134.69512,-33.26348],[134.71875,-33.26455],[134.73692,-33.27454],[134.7607,-33.30988],[134.80203,-33.32959],[134.84532,-33.43737],[134.86201,-33.51309],[134.86302,-33.54974],[134.84048,-33.59324],[134.84265,-33.62108],[134.83,-33.62587],[134.86057,-33.64413],[134.87117,-33.63541],[134.88319,-33.63897],[134.88605,-33.6446],[134.87855,-33.65309],[134.88627,-33.65926],[134.97997,-33.71298],[135.04301,-33.75738],[135.08323,-33.80457],[135.14492,-33.85163],[135.16181,-33.87783],[135.16971,-33.87311],[135.18153,-33.87675],[135.19361,-33.9189],[135.25311,-33.98277],[135.2718,-34.01805],[135.2654,-34.032],[135.28121,-34.06801],[135.27257,-34.09439],[135.27967,-34.11967],[135.26192,-34.12764],[135.25095,-34.14099],[135.24363,-34.14005],[135.24102,-34.14937],[135.26438,-34.16404],[135.26702,-34.17634],[135.27099,-34.16948],[135.28083,-34.16967],[135.3055,-34.18663],[135.34891,-34.2738],[135.35984,-34.34294],[135.3568,-34.36609],[135.35115,-34.36736],[135.36487,-34.38483],[135.3582,-34.41763],[135.38682,-34.43846],[135.39573,-34.4942],[135.37725,-34.51307],[135.38222,-34.5291],[135.38199,-34.51906],[135.38689,-34.52088],[135.384,-34.52764],[135.39874,-34.5553],[135.38931,-34.59474],[135.3942,-34.59994],[135.42201,-34.60182],[135.39682,-34.59273],[135.41346,-34.59142],[135.41258,-34.56159],[135.40733,-34.55476],[135.42248,-34.54826],[135.39201,-34.53443],[135.40128,-34.53241],[135.39546,-34.52406],[135.40601,-34.50707],[135.41481,-34.52152],[135.40971,-34.53831],[135.41937,-34.53957],[135.4295,-34.52742],[135.44527,-34.53716],[135.43599,-34.54176],[135.44319,-34.54888],[135.44434,-34.5703],[135.43209,-34.60399],[135.47268,-34.61716],[135.44396,-34.60153],[135.45832,-34.5868],[135.47779,-34.59778],[135.50191,-34.59985],[135.5071,-34.59896],[135.50166,-34.59455],[135.50877,-34.59479],[135.51715,-34.61262],[135.51127,-34.62118],[135.49465,-34.61382],[135.47376,-34.62235],[135.45219,-34.61418],[135.44522,-34.63153],[135.39879,-34.63574],[135.38489,-34.64456],[135.3658,-34.64248],[135.36337,-34.63706],[135.37658,-34.64093],[135.37376,-34.62965],[135.38971,-34.63026],[135.39173,-34.63759],[135.40211,-34.63322],[135.39097,-34.62316],[135.36288,-34.62093],[135.35056,-34.60229],[135.35771,-34.58856],[135.35461,-34.57975],[135.30957,-34.5636],[135.29751,-34.5507],[135.31551,-34.52054],[135.3546,-34.52112],[135.30382,-34.51543],[135.29637,-34.50785],[135.26231,-34.50919],[135.21786,-34.49525],[135.21193,-34.44122],[135.21742,-34.43357],[135.20656,-34.42879],[135.19207,-34.43921],[135.18608,-34.46038],[135.17367,-34.46427],[135.16484,-34.48216],[135.14004,-34.50302],[135.14429,-34.51996],[135.13048,-34.5279],[135.13375,-34.54641],[135.12509,-34.55719],[135.1259,-34.57647],[135.11196,-34.58148],[135.10959,-34.58902],[135.12229,-34.58548],[135.14379,-34.5919],[135.15008,-34.56915],[135.17348,-34.55572],[135.2099,-34.55815],[135.20936,-34.54889],[135.22384,-34.54433],[135.25118,-34.55052],[135.27873,-34.5707],[135.29675,-34.59377],[135.29725,-34.60268],[135.32176,-34.60874],[135.34118,-34.62763],[135.34769,-34.66351],[135.34084,-34.67104],[135.32897,-34.66954],[135.32046,-34.68033],[135.32439,-34.68587],[135.32997,-34.68972],[135.35075,-34.68156],[135.38906,-34.69182],[135.47721,-34.74717],[135.49482,-34.7672],[135.49569,-34.78193],[135.53882,-34.813],[135.62439,-34.90714],[135.61676,-34.92075],[135.623,-34.92372],[135.61969,-34.94525],[135.63996,-34.9429],[135.64201,-34.93687],[135.68452,-34.94723],[135.69144,-34.93841],[135.68145,-34.91406],[135.70664,-34.90561],[135.71376,-34.8657],[135.75136,-34.85678],[135.79021,-34.86141],[135.82304,-34.87017],[135.85412,-34.88728],[135.86031,-34.89979],[135.85623,-34.92719],[135.86991,-34.92041],[135.92856,-34.94907],[135.93177,-34.97116],[135.94905,-34.98049],[135.94209,-34.98625],[135.94344,-35.00273],[135.95458,-35.00586],[135.96144,-35.0049],[135.96059,-34.99231],[135.97676,-34.9952],[135.98932,-34.98086],[136.00357,-34.98535],[135.99897,-34.95987],[135.98774,-34.95865],[135.99317,-34.94365],[135.98589,-34.93701],[135.99242,-34.92584],[135.96271,-34.87528],[135.96045,-34.84936],[135.98118,-34.8306],[135.99415,-34.8273],[136.00898,-34.80585],[136.005,-34.80033],[136.01592,-34.79524],[136.00263,-34.78467],[136.01455,-34.75702],[136.00684,-34.73686],[135.99601,-34.72595],[135.97937,-34.7306],[135.99186,-34.74997],[135.9845,-34.75743],[135.98987,-34.77117],[135.98076,-34.78483],[135.96204,-34.78396],[135.95582,-34.75703],[135.94997,-34.76527],[135.92948,-34.76858],[135.89609,-34.80493],[135.86165,-34.80745],[135.83938,-34.8183],[135.78743,-34.8092],[135.80941,-34.78236],[135.84926,-34.75132],[135.86402,-34.75525],[135.86418,-34.76946],[135.89297,-34.75183],[135.89282,-34.74462],[135.87229,-34.7434],[135.88541,-34.72524],[135.8544,-34.71569],[135.85514,-34.66608],[135.86219,-34.63417],[135.88998,-34.61621],[135.91249,-34.61967],[135.91251,-34.63106],[135.92384,-34.63634],[135.92687,-34.64682],[135.93765,-34.64962],[135.93134,-34.63283],[135.93415,-34.61084],[135.91247,-34.61054],[135.90179,-34.59173],[135.92473,-34.54885],[135.93656,-34.54094],[135.92906,-34.53779],[135.93462,-34.52741],[135.9727,-34.50479],[135.9929,-34.51761],[136.00812,-34.5081],[136.02217,-34.51596],[136.01666,-34.49827],[136.02682,-34.48313],[136.0569,-34.47911],[136.07448,-34.4847],[136.08433,-34.49584],[136.07389,-34.50691],[136.09249,-34.52479],[136.08462,-34.53259],[136.08616,-34.54104],[136.0965,-34.53966],[136.09712,-34.52511],[136.11261,-34.51683],[136.1182,-34.48919],[136.11053,-34.4793],[136.12204,-34.46742],[136.11547,-34.4591],[136.11695,-34.42595],[136.10974,-34.42541],[136.10515,-34.43286],[136.09275,-34.43008],[136.11742,-34.40892],[136.13074,-34.40742],[136.11738,-34.40058],[136.11215,-34.38729],[136.10744,-34.39234],[136.10449,-34.37773],[136.11405,-34.35696],[136.14062,-34.34064],[136.17894,-34.33893],[136.22089,-34.30844],[136.26113,-34.26792],[136.27904,-34.22089],[136.30192,-34.1957],[136.3253,-34.18183],[136.33212,-34.14854],[136.35688,-34.12238],[136.34855,-34.11407],[136.34727,-34.10115],[136.36407,-34.06834],[136.44281,-34.00714],[136.48109,-33.99857],[136.48135,-33.99085],[136.48726,-33.99598],[136.50136,-33.99124],[136.55514,-33.95048],[136.57652,-33.94192],[136.57761,-33.93178],[136.57019,-33.92584],[136.59331,-33.89931],[136.67333,-33.87631],[136.72964,-33.83593],[136.77773,-33.83058],[136.77839,-33.82303],[136.79848,-33.80418],[136.85504,-33.79936],[136.95033,-33.7561],[136.96943,-33.73914],[136.94295,-33.72862],[136.93488,-33.73743],[136.9389,-33.72784],[136.93431,-33.72717],[136.92017,-33.736],[136.92694,-33.74387],[136.92631,-33.75638],[136.91296,-33.75811],[136.90194,-33.77256],[136.87983,-33.77801],[136.8729,-33.76371],[136.87388,-33.73339],[136.90286,-33.72296],[136.92182,-33.70568],[136.93277,-33.67251],[136.97634,-33.67995],[136.97625,-33.68942],[136.96521,-33.69599],[136.9682,-33.70162],[136.99911,-33.70581],[136.98989,-33.72613],[137.02238,-33.72152],[137.03702,-33.70829],[137.07217,-33.69904],[137.14485,-33.69741],[137.17016,-33.68953],[137.18045,-33.67506],[137.21137,-33.66219],[137.22574,-33.63541],[137.23381,-33.633],[137.25182,-33.60835],[137.26146,-33.58125],[137.27619,-33.5698],[137.29404,-33.50918],[137.30447,-33.50045],[137.30263,-33.48896],[137.31993,-33.46486],[137.31495,-33.46455],[137.33266,-33.45882],[137.35854,-33.43512],[137.36118,-33.41268],[137.38439,-33.37615],[137.3766,-33.34498],[137.38006,-33.30901],[137.38585,-33.295],[137.41193,-33.26926],[137.4394,-33.2203],[137.44272,-33.15717],[137.45139,-33.13829],[137.51262,-33.11085],[137.54572,-33.08616],[137.57381,-33.04506],[137.59252,-33.04278],[137.59486,-33.036],[137.58627,-33.02096],[137.5971,-33.01987],[137.58941,-33.01395],[137.59868,-33.01828],[137.60107,-33.00384],[137.59304,-33.00333],[137.60494,-32.98427],[137.59669,-32.99164],[137.6286,-32.96477],[137.61393,-32.97048],[137.62162,-32.96018],[137.66115,-32.94833],[137.69399,-32.96047],[137.71269,-32.97445],[137.72099,-32.99074],[137.75034,-32.99575],[137.75916,-32.99457],[137.76018,-32.9887],[137.78744,-32.99855],[137.75008,-32.91946],[137.758,-32.90758],[137.78721,-32.91517],[137.79251,-32.90973],[137.79836,-32.89245],[137.79268,-32.87029],[137.80107,-32.86731],[137.79888,-32.86135],[137.81075,-32.84437],[137.80078,-32.79068],[137.81018,-32.75298],[137.80443,-32.7369],[137.78059,-32.71181],[137.75434,-32.71468],[137.7512,-32.70692],[137.75911,-32.69538],[137.75198,-32.67175],[137.76548,-32.59762],[137.75626,-32.56263],[137.75828,-32.54943],[137.76964,-32.53866],[137.75546,-32.53074],[137.76381,-32.51029],[137.75309,-32.50247],[137.7537,-32.49514],[137.76688,-32.48053],[137.75501,-32.46008],[137.7643,-32.44211],[137.75451,-32.43203],[137.75321,-32.41975],[137.75624,-32.43258],[137.76561,-32.43974],[137.75724,-32.45692],[137.76967,-32.47972],[137.7586,-32.49184],[137.77217,-32.5081],[137.765,-32.52539],[137.77845,-32.52677],[137.78466,-32.53586],[137.77446,-32.5579],[137.78338,-32.55762],[137.7865,-32.5647],[137.8044,-32.55546],[137.82268,-32.55996],[137.81957,-32.56979],[137.8307,-32.59248],[137.81887,-32.58061],[137.80298,-32.60584],[137.81432,-32.62256],[137.84263,-32.64311],[137.84913,-32.63991],[137.84683,-32.64951],[137.85121,-32.64824],[137.85708,-32.67659],[137.85134,-32.67551],[137.84219,-32.69473],[137.8575,-32.70668],[137.88799,-32.71492],[137.93659,-32.75693],[137.93437,-32.76225],[137.91684,-32.75764],[137.90975,-32.76885],[137.89642,-32.76974],[137.90481,-32.78139],[137.90802,-32.83343],[137.92888,-32.88725],[137.95158,-32.98308],[137.94637,-32.99854],[137.95758,-32.99953],[137.94903,-33.00052],[137.94967,-33.00761],[137.96979,-33.02092],[137.98582,-33.01917],[138.01664,-33.03454],[138.04528,-33.08827],[138.02686,-33.09568],[138.0378,-33.10038],[138.03233,-33.09786],[138.02381,-33.10603],[138.05093,-33.11377],[138.0441,-33.11316],[138.0496,-33.13911],[138.03888,-33.13926],[138.05112,-33.1478],[138.03487,-33.13833],[138.03945,-33.14192],[138.03584,-33.14567],[138.01693,-33.14947],[138.03322,-33.15567],[138.01833,-33.15748],[138.01343,-33.17728],[138.02024,-33.18004],[138.02784,-33.17084],[138.03817,-33.16979],[138.0483,-33.17606],[138.02971,-33.17119],[138.02384,-33.18198],[138.0126,-33.17953],[138.01379,-33.15577],[138.00684,-33.15346],[138.01288,-33.15317],[138.00573,-33.14444],[137.99564,-33.14661],[138.00889,-33.13736],[138.00588,-33.1307],[137.97013,-33.14272],[137.96694,-33.153],[137.96628,-33.14456],[137.95915,-33.14294],[137.95638,-33.1548],[137.94685,-33.1531],[137.95812,-33.16357],[137.94912,-33.17821],[137.95316,-33.16362],[137.94653,-33.15874],[137.94059,-33.16533],[137.94189,-33.15326],[137.92355,-33.1726],[137.91263,-33.16776],[137.91138,-33.1912],[137.91352,-33.17372],[137.90571,-33.17166],[137.90808,-33.16814],[137.87795,-33.17835],[137.87345,-33.18234],[137.87739,-33.18625],[137.87158,-33.18337],[137.86939,-33.1897],[137.86594,-33.18219],[137.85915,-33.18563],[137.86705,-33.18488],[137.85985,-33.18799],[137.86445,-33.19065],[137.85462,-33.18782],[137.85366,-33.1956],[137.85066,-33.19214],[137.84569,-33.20086],[137.83513,-33.20321],[137.83347,-33.21934],[137.81746,-33.24563],[137.82347,-33.25369],[137.81125,-33.26248],[137.81199,-33.27878],[137.82892,-33.29949],[137.84579,-33.30677],[137.84262,-33.31793],[137.85266,-33.32766],[137.86256,-33.32531],[137.86962,-33.33144],[137.86469,-33.32405],[137.87763,-33.32775],[137.87024,-33.31769],[137.87943,-33.32199],[137.88402,-33.35248],[137.89008,-33.35377],[137.88235,-33.35756],[137.89136,-33.36829],[137.88179,-33.37515],[137.8858,-33.3644],[137.8753,-33.36237],[137.86986,-33.39633],[137.90628,-33.43405],[137.92888,-33.48057],[137.93156,-33.49846],[137.94833,-33.51327],[137.94001,-33.52361],[137.93945,-33.54907],[137.95914,-33.5518],[137.96942,-33.54267],[137.97715,-33.55893],[137.9654,-33.57392],[137.95367,-33.5727],[137.94694,-33.55508],[137.93535,-33.55362],[137.92594,-33.61783],[137.90957,-33.63106],[137.89491,-33.62344],[137.90037,-33.60051],[137.90652,-33.59752],[137.90259,-33.61435],[137.90936,-33.61698],[137.9235,-33.59836],[137.92176,-33.59004],[137.89399,-33.58785],[137.87678,-33.59906],[137.85757,-33.63057],[137.81701,-33.65891],[137.80224,-33.68259],[137.77491,-33.69535],[137.75413,-33.7147],[137.73517,-33.73954],[137.72463,-33.76972],[137.64104,-33.83217],[137.59982,-33.87656],[137.62491,-33.89664],[137.62872,-33.92207],[137.59861,-33.93662],[137.57515,-33.96621],[137.56277,-33.97194],[137.55807,-33.98798],[137.55696,-33.98405],[137.55136,-33.99276],[137.54213,-33.99001],[137.52829,-34.00388],[137.55467,-34.01493],[137.56834,-34.04322],[137.55277,-34.07286],[137.54518,-34.07522],[137.54057,-34.09483],[137.52756,-34.1053],[137.52322,-34.12807],[137.50749,-34.13707],[137.46007,-34.13219],[137.45057,-34.13646],[137.5012,-34.22519],[137.50047,-34.30791],[137.48456,-34.34092],[137.47622,-34.39275],[137.46521,-34.40097],[137.44631,-34.39836],[137.43812,-34.42821],[137.41428,-34.45106],[137.42663,-34.4726],[137.43998,-34.45808],[137.44735,-34.43588],[137.46273,-34.42914],[137.45552,-34.42778],[137.46804,-34.42666],[137.48339,-34.43851],[137.48676,-34.48212],[137.4749,-34.5104],[137.50754,-34.5822],[137.51039,-34.62569],[137.50657,-34.64981],[137.49321,-34.66614],[137.47746,-34.76],[137.46009,-34.80529],[137.45895,-34.87988],[137.45003,-34.90929],[137.41649,-34.93822],[137.37404,-34.95338],[137.35517,-34.94468],[137.34741,-34.92867],[137.31033,-34.92747],[137.29098,-34.89926],[137.2765,-34.89292],[137.25078,-34.89388],[137.22271,-34.90361],[137.19797,-34.89915],[137.14824,-34.9167],[137.09706,-34.91867],[137.07654,-34.91736],[137.04885,-34.90237],[137.0095,-34.89456],[137.01236,-34.91969],[136.97677,-34.94178],[136.9678,-34.97392],[136.97238,-34.98567],[136.96837,-35.00121],[136.94504,-35.01287],[136.94638,-35.02009],[136.9317,-35.02749],[136.95486,-35.06383],[136.96164,-35.08751],[136.94195,-35.10538],[136.94141,-35.12717],[136.93235,-35.14006],[136.89425,-35.1599],[136.89459,-35.17737],[136.88782,-35.18479],[136.86691,-35.19318],[136.84633,-35.18928],[136.84669,-35.22816],[136.83745,-35.23477],[136.82922,-35.23204],[136.83302,-35.24186],[136.82215,-35.24396],[136.84142,-35.26499],[136.84767,-35.28157],[136.87087,-35.28751],[136.88254,-35.30087],[136.90182,-35.28613],[136.94171,-35.28389],[136.94519,-35.26901],[136.96803,-35.26666],[136.97054,-35.25228],[136.98237,-35.24982],[136.98255,-35.23563],[137.00279,-35.22305],[137.08054,-35.22701],[137.11101,-35.24294],[137.11775,-35.23765],[137.14061,-35.24376],[137.17366,-35.2376],[137.19023,-35.22976],[137.1906,-35.20818],[137.21051,-35.18352],[137.23743,-35.16448],[137.26529,-35.15896],[137.29755,-35.16818],[137.33338,-35.16838],[137.34491,-35.16308],[137.33365,-35.16523],[137.34285,-35.16128],[137.34077,-35.14799],[137.34844,-35.13694],[137.42273,-35.09821],[137.46566,-35.09984],[137.5114,-35.11946],[137.52249,-35.11369],[137.54965,-35.11543],[137.58908,-35.13299],[137.64093,-35.16841],[137.6808,-35.16809],[137.69753,-35.14201],[137.73532,-35.13026],[137.76128,-35.11337],[137.74392,-35.10038],[137.75039,-35.08177],[137.732,-35.05492],[137.71884,-35.05441],[137.71532,-35.06264],[137.71269,-35.05803],[137.72966,-35.05234],[137.73591,-35.0433],[137.76549,-35.0407],[137.75885,-34.99677],[137.79005,-34.92516],[137.8055,-34.9124],[137.797,-34.90634],[137.79957,-34.88221],[137.83247,-34.81365],[137.86442,-34.77774],[137.85784,-34.77021],[137.88031,-34.69332],[137.8772,-34.66674],[137.90751,-34.61516],[137.88499,-34.60767],[137.8759,-34.59576],[137.88387,-34.56667],[137.88784,-34.50672],[137.89705,-34.49554],[137.89725,-34.47999],[137.90994,-34.45923],[137.91823,-34.42721],[138.00663,-34.34853],[138.01657,-34.32436],[138.02327,-34.27573],[138.01841,-34.27267],[138.01221,-34.28694],[138.01514,-34.27367],[138.00874,-34.27724],[138.01598,-34.27074],[138.00479,-34.25965],[138.01026,-34.2331],[138.03124,-34.21753],[138.0341,-34.19547],[138.0705,-34.13717],[138.0876,-34.13115],[138.09734,-34.13423],[138.13485,-34.189],[138.14406,-34.18982],[138.1626,-34.22469],[138.16331,-34.24598],[138.14506,-34.25977],[138.14543,-34.2671],[138.1925,-34.27097],[138.2238,-34.31195],[138.2302,-34.3407],[138.22508,-34.36389],[138.246,-34.39864],[138.26622,-34.47709],[138.34305,-34.53202],[138.34975,-34.56594],[138.36402,-34.57757],[138.36047,-34.58061],[138.36767,-34.58648],[138.37136,-34.58288],[138.37067,-34.58795],[138.40236,-34.60794],[138.40183,-34.59994],[138.40796,-34.6013],[138.41448,-34.61112],[138.40807,-34.61437],[138.40914,-34.62068],[138.42277,-34.62014],[138.43148,-34.62792],[138.44574,-34.65363],[138.4351,-34.65463],[138.43017,-34.66758],[138.44285,-34.66951],[138.43779,-34.67322],[138.46013,-34.68676],[138.45495,-34.68946],[138.46285,-34.69386],[138.45944,-34.69702],[138.47512,-34.69861],[138.49159,-34.72071],[138.53197,-34.73708],[138.54655,-34.76851],[138.53821,-34.77414],[138.54463,-34.77178],[138.55308,-34.79713],[138.56537,-34.80739],[138.55362,-34.80186],[138.54788,-34.80918],[138.5644,-34.82597],[138.54542,-34.81064],[138.54118,-34.81639],[138.51578,-34.81119],[138.51919,-34.81897],[138.50975,-34.82695],[138.50987,-34.84216],[138.49812,-34.84384],[138.49797,-34.8506],[138.49552,-34.84271],[138.50564,-34.83811],[138.51182,-34.81535],[138.5087,-34.798],[138.51528,-34.77097],[138.4985,-34.7633],[138.47827,-34.78231],[138.48631,-34.79077],[138.48359,-34.78446],[138.48891,-34.78559],[138.49051,-34.81331],[138.47596,-34.85565],[138.51177,-34.97498],[138.51342,-34.96642],[138.50969,-34.9957],[138.51754,-35.03237],[138.49397,-35.0845],[138.46815,-35.11977],[138.46903,-35.24114],[138.46176,-35.24621],[138.45737,-35.26287],[138.44144,-35.27672],[138.44694,-35.31845],[138.44028,-35.34985],[138.41133,-35.36554],[138.37282,-35.37329],[138.34076,-35.39274],[138.29386,-35.46801],[138.24546,-35.50013],[138.21444,-35.50964],[138.19387,-35.52355],[138.16606,-35.51932],[138.12721,-35.55569],[138.11132,-35.58848],[138.09545,-35.60051],[138.09658,-35.62572],[138.14668,-35.65367],[138.18527,-35.66446],[138.22226,-35.66184],[138.28414,-35.63877],[138.40776,-35.64013],[138.43315,-35.62956],[138.49484,-35.63381],[138.52214,-35.64283],[138.56308,-35.61027],[138.60374,-35.59413],[138.59916,-35.5786],[138.61573,-35.56028],[138.62599,-35.55796],[138.63244,-35.54332],[138.68411,-35.53783],[138.69525,-35.5288],[138.69261,-35.52284],[138.70987,-35.5133],[138.73985,-35.51576],[138.79019,-35.527],[138.88214,-35.55949],[138.88655,-35.55913],[138.86941,-35.55019],[138.89918,-35.54941],[138.89554,-35.5653],[139.00083,-35.61758],[139.11384,-35.6864],[139.3058,-35.82983],[139.48712,-36.00284],[139.59889,-36.13917],[139.70916,-36.31272],[139.7896,-36.47326],[139.82885,-36.57562],[139.86358,-36.69619],[139.8629,-36.76867],[139.85112,-36.82374],[139.8199,-36.869],[139.78683,-36.89633],[139.74783,-36.9102],[139.70236,-36.93843],[139.67606,-36.94278],[139.67167,-36.95977],[139.74112,-37.02334],[139.74403,-37.0753],[139.76706,-37.0817],[139.78887,-37.1059],[139.79657,-37.1385],[139.7914,-37.15561],[139.77781,-37.16661],[139.75036,-37.16424],[139.74337,-37.15689],[139.73982,-37.18347],[139.76057,-37.19899],[139.84223,-37.32281],[139.86602,-37.33618],[139.89068,-37.37728],[139.91378,-37.39312],[139.93105,-37.41909],[139.94839,-37.43153],[139.9516,-37.44269],[139.9598,-37.44372],[139.99744,-37.47728],[139.99515,-37.48561],[140.01182,-37.49274],[140.021,-37.47715],[140.05048,-37.47906],[140.07857,-37.50457],[140.11886,-37.52851],[140.13059,-37.5443],[140.13184,-37.55895],[140.12106,-37.57111],[140.1086,-37.56693],[140.11382,-37.57888],[140.17357,-37.61364],[140.25535,-37.69503],[140.32029,-37.79181],[140.32884,-37.81975],[140.33495,-37.82053],[140.35604,-37.85331],[140.37574,-37.89904],[140.39054,-37.90342],[140.3969,-37.91825],[140.40594,-37.91782],[140.42162,-37.93121],[140.45423,-37.93713],[140.46794,-37.95108],[140.49532,-37.96432],[140.5172,-37.99008],[140.54346,-38.00354],[140.5667,-38.00731],[140.57919,-38.02993],[140.59085,-38.02404],[140.60868,-38.02793],[140.623,-38.04107],[140.64339,-38.04145],[140.66274,-38.06122],[140.71642,-38.05053],[140.77108,-38.05931],[140.78354,-38.04531],[140.80792,-38.04855],[140.83993,-38.0405],[140.87423,-38.05092],[140.89301,-38.04642],[140.96592,-38.05581],[140.97199,-37.40261],[140.96688,-36.35587],[141.05124,-36.34131],[141.12382,-36.31253],[141.18832,-36.26832],[141.24656,-36.20696],[141.29256,-36.13865],[141.33475,-36.0563],[141.48386,-35.66392],[141.52424,-35.57658],[141.56638,-35.50399],[141.6809,-35.36466],[141.98763,-35.05619],[142.05225,-34.97865],[142.10204,-34.90647],[142.14273,-34.82959],[142.17432,-34.74421],[142.24523,-34.43787],[142.28186,-34.32297],[142.34176,-34.19849],[142.51726,-33.88885],[142.55274,-33.80799],[142.57219,-33.73972],[142.57542,-33.67059],[142.55611,-33.60991],[142.51275,-33.551],[142.44462,-33.49421],[142.35244,-33.44056],[142.23529,-33.38985],[142.0974,-33.34386],[141.93732,-33.30204],[141.91342,-32.96759],[141.84861,-32.67504],[141.70695,-32.3563],[141.73568,-32.15944],[141.7565,-31.87736],[141.82762,-31.63889],[141.93099,-31.35167],[141.97179,-31.19303],[142.10763,-30.96585],[142.28423,-30.68905],[142.41597,-30.33727],[141.00007,-30.33325],[140.99938,-25.99638],[137.99904,-25.99688],[137.99819,-22.89446]]],[[[137.62241,-35.56131],[137.60453,-35.57184],[137.59209,-35.56445],[137.5655,-35.57182],[137.5484,-35.58712],[137.52131,-35.59619],[137.50515,-35.59308],[137.50361,-35.58643],[137.48993,-35.57982],[137.44789,-35.5959],[137.31113,-35.57948],[137.28372,-35.59821],[137.23885,-35.60386],[137.20432,-35.62393],[137.18402,-35.62179],[137.16392,-35.63203],[137.14149,-35.62976],[137.11407,-35.65546],[137.07419,-35.66316],[137.07048,-35.66848],[136.95164,-35.67354],[136.82303,-35.69899],[136.78363,-35.69975],[136.77856,-35.71161],[136.75932,-35.72141],[136.72104,-35.71969],[136.69741,-35.73875],[136.58688,-35.74829],[136.57371,-35.76542],[136.57821,-35.79023],[136.5596,-35.82801],[136.56335,-35.84808],[136.53998,-35.85825],[136.53196,-35.87591],[136.53705,-35.87915],[136.53406,-35.88576],[136.54974,-35.88576],[136.53758,-35.89887],[136.5492,-35.9013],[136.57863,-35.92952],[136.57927,-35.9482],[136.59239,-35.9522],[136.59475,-35.96014],[136.62309,-35.95341],[136.63025,-35.96032],[136.65299,-35.96373],[136.70465,-36.02648],[136.70831,-36.04936],[136.69733,-36.05558],[136.70535,-36.06438],[136.72684,-36.04564],[136.74282,-36.04314],[136.76055,-36.04931],[136.77353,-36.04511],[136.78187,-36.03176],[136.81524,-36.03855],[136.83084,-36.02099],[136.85399,-36.01507],[136.9171,-36.04304],[136.94103,-36.02783],[136.99645,-36.01689],[137.04036,-36.0263],[137.06921,-36.01942],[137.09226,-36.02404],[137.10235,-36.01778],[137.13139,-36.03257],[137.14643,-36.02051],[137.16271,-36.025],[137.16235,-36.01538],[137.18903,-35.99684],[137.17891,-35.9921],[137.17919,-35.98388],[137.20325,-35.96953],[137.23119,-35.97982],[137.25587,-35.98049],[137.27879,-35.99197],[137.36948,-35.9965],[137.37269,-36.00646],[137.40737,-36.03209],[137.40661,-36.03718],[137.41164,-36.03469],[137.46102,-36.07407],[137.48225,-36.06556],[137.48649,-36.05717],[137.50427,-36.05476],[137.54083,-36.02384],[137.58729,-36.01836],[137.60279,-36.00825],[137.61942,-35.9781],[137.60465,-35.96407],[137.59718,-35.93954],[137.61256,-35.91144],[137.65992,-35.88503],[137.7262,-35.87698],[137.73912,-35.85425],[137.81241,-35.8518],[137.85136,-35.85847],[137.87416,-35.87073],[137.91107,-35.86015],[137.94807,-35.86917],[138.02043,-35.90178],[138.04188,-35.90344],[138.11063,-35.84799],[138.1339,-35.84296],[138.12324,-35.8336],[138.11948,-35.81996],[138.12535,-35.80152],[138.10528,-35.809],[138.08114,-35.79845],[138.06877,-35.78625],[138.06696,-35.75867],[138.04536,-35.74205],[138.00567,-35.7258],[137.9352,-35.71642],[137.89986,-35.72091],[137.89289,-35.72996],[137.89203,-35.75834],[137.85223,-35.79483],[137.81976,-35.79995],[137.77719,-35.78439],[137.77797,-35.79644],[137.7629,-35.79831],[137.75797,-35.80565],[137.77091,-35.81562],[137.76809,-35.82858],[137.7536,-35.83428],[137.76496,-35.83513],[137.765,-35.84189],[137.75282,-35.84127],[137.74633,-35.80165],[137.77251,-35.78712],[137.77287,-35.78036],[137.80327,-35.75825],[137.78023,-35.72491],[137.69505,-35.74026],[137.62714,-35.73217],[137.5973,-35.73611],[137.57818,-35.72637],[137.58284,-35.71599],[137.57856,-35.71724],[137.57866,-35.70992],[137.60386,-35.69181],[137.60505,-35.67975],[137.64359,-35.65417],[137.64186,-35.63998],[137.61658,-35.6368],[137.5883,-35.6432],[137.56976,-35.63244],[137.5708,-35.61723],[137.59926,-35.59506],[137.61483,-35.58949],[137.62687,-35.59723],[137.63486,-35.5669],[137.62241,-35.56131]]],[[[136.11032,-34.93635],[136.10564,-34.93174],[136.08298,-34.94579],[136.07877,-34.95301],[136.08865,-34.95772],[136.08349,-34.96754],[136.10925,-34.97006],[136.11283,-34.97889],[136.15403,-35.0042],[136.15956,-35.02183],[136.14813,-35.02688],[136.1657,-35.05614],[136.17687,-35.06163],[136.17939,-35.05468],[136.18946,-35.05257],[136.20361,-35.0647],[136.20422,-35.05218],[136.19327,-35.04517],[136.18993,-35.00541],[136.1771,-35.00712],[136.15029,-34.98796],[136.12861,-34.95252],[136.11032,-34.93635]]],[[[134.52974,-33.68567],[134.52743,-33.67676],[134.49668,-33.68424],[134.48307,-33.69406],[134.47025,-33.6908],[134.4654,-33.70456],[134.46799,-33.73106],[134.45248,-33.74076],[134.45802,-33.75035],[134.44723,-33.77279],[134.49581,-33.7457],[134.50794,-33.73001],[134.50672,-33.72257],[134.51899,-33.71737],[134.53088,-33.72491],[134.53524,-33.71812],[134.5474,-33.72383],[134.52974,-33.68567]]],[[[133.67274,-32.23202],[133.62448,-32.23898],[133.5953,-32.26053],[133.58339,-32.26274],[133.59234,-32.25091],[133.57904,-32.25385],[133.56667,-32.26706],[133.55012,-32.26353],[133.55133,-32.27302],[133.5405,-32.27891],[133.54958,-32.30765],[133.57203,-32.31946],[133.58015,-32.307],[133.60007,-32.30762],[133.60784,-32.30125],[133.61177,-32.28278],[133.62796,-32.27162],[133.61587,-32.27322],[133.61027,-32.26279],[133.61392,-32.25684],[133.67274,-32.23202]]],[[[137.37707,-34.48955],[137.3771,-34.47118],[137.36392,-34.46282],[137.35437,-34.47824],[137.33883,-34.48779],[137.34146,-34.52533],[137.35193,-34.53312],[137.36624,-34.52796],[137.37173,-34.50554],[137.38209,-34.49745],[137.37707,-34.48955]]],[[[136.46722,-35.14741],[136.45148,-35.13526],[136.454,-35.14528],[136.44153,-35.14939],[136.44194,-35.15795],[136.45331,-35.16675],[136.46965,-35.16438],[136.49089,-35.17716],[136.49306,-35.16089],[136.46722,-35.14741]]],[[[135.92191,-34.68324],[135.91711,-34.67412],[135.91224,-34.69611],[135.924,-34.70252],[135.92143,-34.71425],[135.93143,-34.72506],[135.92967,-34.7334],[135.93769,-34.72031],[135.95286,-34.72558],[135.9404,-34.71219],[135.9398,-34.68806],[135.92191,-34.68324]]],[[[133.83385,-32.3549],[133.78809,-32.35877],[133.85629,-32.38798],[133.8519,-32.37284],[133.82555,-32.36094],[133.84518,-32.3658],[133.83385,-32.3549]]],[[[133.28747,-32.49337],[133.26856,-32.50054],[133.28012,-32.50586],[133.28395,-32.51308],[133.27861,-32.51848],[133.28767,-32.51703],[133.28829,-32.52887],[133.30308,-32.52214],[133.30966,-32.50322],[133.30714,-32.49871],[133.28825,-32.50114],[133.28747,-32.49337]]],[[[138.53248,-34.77842],[138.51925,-34.76241],[138.5232,-34.77007],[138.51677,-34.78381],[138.51893,-34.80849],[138.53532,-34.80039],[138.54584,-34.8031],[138.53248,-34.77842]]],[[[136.30619,-34.50537],[136.27991,-34.50436],[136.27779,-34.53414],[136.27116,-34.54172],[136.27625,-34.55004],[136.28658,-34.54605],[136.27929,-34.53526],[136.28784,-34.53037],[136.28542,-34.51494],[136.30619,-34.50537]]],[[[136.34821,-34.67968],[136.34557,-34.67327],[136.35901,-34.66418],[136.35609,-34.65743],[136.3356,-34.65325],[136.33131,-34.66409],[136.34317,-34.68128],[136.34821,-34.67968]]],[[[134.81326,-33.59412],[134.81028,-33.59154],[134.80572,-33.59528],[134.78374,-33.59174],[134.7762,-33.5947],[134.77919,-33.60021],[134.78741,-33.5994],[134.80674,-33.61038],[134.8087,-33.59876],[134.81326,-33.59412]]],[[[133.5215,-32.30154],[133.50523,-32.30613],[133.49764,-32.31841],[133.52818,-32.3087],[133.53036,-32.30443],[133.5215,-32.30154]]],[[[136.01392,-34.88994],[136.01343,-34.86751],[136.00891,-34.8656],[136.00103,-34.88027],[136.00763,-34.8904],[136.01392,-34.88994]]],[[[133.67805,-32.44386],[133.68342,-32.43973],[133.67802,-32.43416],[133.66922,-32.43623],[133.6585,-32.45567],[133.67805,-32.44386]]],[[[133.65482,-32.45147],[133.62767,-32.45171],[133.62548,-32.45722],[133.63846,-32.46285],[133.65482,-32.45147]]],[[[135.95918,-34.5887],[135.95955,-34.5754],[135.9459,-34.56787],[135.95264,-34.59289],[135.95918,-34.5887]]],[[[134.27697,-33.94989],[134.27428,-33.9411],[134.26414,-33.93725],[134.25912,-33.94153],[134.2652,-33.95405],[134.27697,-33.94989]]],[[[134.68285,-33.20713],[134.67772,-33.20048],[134.67076,-33.20298],[134.66677,-33.21585],[134.67778,-33.21672],[134.68285,-33.20713]]],[[[136.06982,-35.22625],[136.0644,-35.22271],[136.05531,-35.23565],[136.07246,-35.23734],[136.06982,-35.22625]]],[[[135.98179,-35.02539],[135.97909,-35.01925],[135.97389,-35.02685],[135.96586,-35.02153],[135.9748,-35.0369],[135.98336,-35.03299],[135.98179,-35.02539]]],[[[138.54624,-34.8085],[138.54707,-34.80637],[138.54051,-34.80568],[138.53792,-34.80152],[138.53081,-34.80343],[138.5263,-34.81029],[138.53627,-34.81176],[138.54624,-34.8085]]],[[[133.28967,-32.55456],[133.28382,-32.55545],[133.28832,-32.56143],[133.2782,-32.5631],[133.29364,-32.5646],[133.30046,-32.55425],[133.28967,-32.55456]]],[[[136.96318,-33.7289],[136.97607,-33.71253],[136.97483,-33.70599],[136.95752,-33.72993],[136.96318,-33.7289]]],[[[136.06808,-34.96492],[136.06671,-34.95946],[136.06133,-34.95824],[136.05047,-34.96996],[136.06477,-34.96819],[136.06808,-34.96492]]],[[[133.37546,-32.40259],[133.37894,-32.39211],[133.36751,-32.39379],[133.36655,-32.40336],[133.37546,-32.40259]]],[[[135.62342,-34.99451],[135.62718,-34.98167],[135.61828,-34.98008],[135.61833,-34.99617],[135.62342,-34.99451]]],[[[133.48324,-32.3832],[133.48658,-32.36765],[133.47568,-32.37565],[133.47501,-32.38106],[133.48324,-32.3832]]]],"type":"MultiPolygon"},"properties":{"area_sqkm":1604771.47,"id":"adelaide","name":"Adelaide Hub"},"type":"Feature"},
{"geometry":{"coordinates":[[[[151.12774,-23.69991],[151.13385,-23.69547],[151.12619,-23.68568],[151.12082,-23.69],[151.11907,-23.68493],[151.1163,-23.69217],[151.11552,-23.68517],[151.08994,-23.6722],[151.12135,-23.6769],[151.10852,-23.66195],[151.08865,-23.66025],[151.09482,-23.65858],[151.0864,-23.65705],[151.09119,-23.65424],[151.08576,-23.64863],[151.07973,-23.65363],[151.08146,-23.64605],[151.0729,-23.6488],[151.0768,-23.64539],[151.07052,-23.63966],[151.04182,-23.63585],[151.04619,-23.6286],[151.04173,-23.61981],[151.03687,-23.62785],[151.03962,-23.61497],[151.02861,-23.5956],[151.03038,-23.58136],[151.01694,-23.56573],[151.00896,-23.56898],[150.97539,-23.55541],[150.96804,-23.60512],[150.92531,-23.62277],[150.93253,-23.60967],[150.95858,-23.60042],[150.95698,-23.5503],[150.93455,-23.54395],[150.87175,-23.58121],[150.86548,-23.5748],[150.87095,-23.56451],[150.87988,-23.56222],[150.87813,-23.55229],[150.78993,-23.51008],[150.79614,-23.50108],[150.85002,-23.50689],[150.8609,-23.502],[150.87143,-23.48088],[150.84218,-23.45269],[150.81095,-23.40845],[150.79161,-23.36059],[150.79359,-23.33628],[150.78758,-23.33301],[150.79881,-23.33863],[150.7924,-23.3224],[150.77564,-23.32323],[150.76919,-23.31862],[150.76763,-23.30268],[150.75538,-23.3032],[150.7597,-23.29663],[150.77856,-23.30785],[150.79314,-23.30737],[150.80835,-23.28806],[150.82489,-23.27935],[150.82982,-23.25513],[150.82407,-23.24975],[150.82838,-23.23617],[150.82139,-23.23593],[150.81937,-23.2216],[150.80822,-23.22971],[150.79869,-23.22782],[150.78804,-23.20218],[150.77036,-23.20177],[150.78428,-23.19981],[150.78131,-23.19045],[150.79248,-23.20384],[150.79329,-23.18647],[150.79992,-23.18261],[150.79226,-23.17504],[150.79422,-23.16247],[150.77482,-23.16524],[150.76265,-23.14196],[150.75215,-23.13667],[150.74951,-23.14155],[150.75212,-23.10488],[150.7715,-23.05592],[150.77814,-22.96424],[150.76618,-22.95544],[150.77217,-22.93886],[150.77079,-22.94449],[150.74716,-22.95165],[150.7435,-22.9618],[150.74804,-22.94018],[150.73358,-22.93837],[150.73876,-22.92524],[150.75192,-22.92498],[150.75257,-22.91991],[150.78423,-22.92191],[150.78534,-22.93804],[150.79232,-22.94418],[150.79324,-22.9352],[150.79987,-22.93316],[150.78656,-22.92034],[150.7897,-22.86575],[150.79693,-22.82527],[150.80383,-22.81586],[150.81063,-22.81789],[150.80596,-22.79199],[150.8094,-22.7641],[150.81913,-22.73266],[150.82468,-22.73073],[150.82184,-22.71535],[150.8306,-22.70406],[150.82703,-22.69186],[150.83486,-22.68397],[150.8056,-22.67323],[150.80373,-22.64685],[150.78646,-22.65002],[150.77842,-22.64104],[150.77903,-22.57833],[150.78433,-22.55567],[150.79036,-22.55496],[150.78026,-22.54532],[150.78854,-22.53612],[150.78335,-22.52955],[150.77196,-22.52848],[150.76956,-22.52178],[150.76499,-22.52679],[150.75451,-22.52363],[150.75933,-22.54328],[150.77425,-22.54685],[150.77415,-22.5524],[150.76281,-22.552],[150.75604,-22.57695],[150.7484,-22.58031],[150.75356,-22.58948],[150.7451,-22.58312],[150.74584,-22.59924],[150.74063,-22.5973],[150.75297,-22.60459],[150.74853,-22.61012],[150.74131,-22.60383],[150.74365,-22.61727],[150.75164,-22.62159],[150.74399,-22.62008],[150.74124,-22.62829],[150.74899,-22.63341],[150.75266,-22.62554],[150.75928,-22.62665],[150.74836,-22.63589],[150.7358,-22.6242],[150.72856,-22.63306],[150.73278,-22.64146],[150.72649,-22.63407],[150.70725,-22.6362],[150.69411,-22.60636],[150.71532,-22.62344],[150.71313,-22.63252],[150.73192,-22.62339],[150.71895,-22.6002],[150.72651,-22.58006],[150.72481,-22.56314],[150.71724,-22.55363],[150.69172,-22.55358],[150.68141,-22.56784],[150.68572,-22.57768],[150.68646,-22.57305],[150.67953,-22.57345],[150.67704,-22.56532],[150.68885,-22.54465],[150.66703,-22.52253],[150.66494,-22.50887],[150.67431,-22.50634],[150.67375,-22.50104],[150.64425,-22.47427],[150.65839,-22.47863],[150.67429,-22.49473],[150.67834,-22.48698],[150.67364,-22.48232],[150.6814,-22.48474],[150.67904,-22.47469],[150.67189,-22.47284],[150.67832,-22.47322],[150.68597,-22.49244],[150.6962,-22.48958],[150.69754,-22.50605],[150.72392,-22.5186],[150.73094,-22.48505],[150.74086,-22.47338],[150.74824,-22.47749],[150.7585,-22.46841],[150.74736,-22.45301],[150.75331,-22.44629],[150.71655,-22.44382],[150.6932,-22.43059],[150.68447,-22.39569],[150.68703,-22.37711],[150.67844,-22.37469],[150.68092,-22.36625],[150.66712,-22.34655],[150.66068,-22.35045],[150.66167,-22.36207],[150.65047,-22.36899],[150.67231,-22.4025],[150.66402,-22.40707],[150.66138,-22.41946],[150.66001,-22.43985],[150.66634,-22.4541],[150.65031,-22.439],[150.65529,-22.42211],[150.62734,-22.44167],[150.64629,-22.42398],[150.62799,-22.42104],[150.6502,-22.42152],[150.65778,-22.41424],[150.64387,-22.39126],[150.63428,-22.39154],[150.6307,-22.39941],[150.62796,-22.39296],[150.62161,-22.39822],[150.61094,-22.38889],[150.61864,-22.38964],[150.612,-22.38554],[150.61522,-22.38184],[150.62338,-22.38843],[150.6425,-22.37964],[150.61725,-22.34983],[150.64068,-22.3634],[150.64577,-22.3455],[150.62589,-22.32767],[150.60414,-22.33509],[150.56244,-22.31641],[150.54997,-22.34372],[150.53984,-22.35065],[150.5361,-22.39267],[150.52995,-22.40242],[150.54482,-22.40889],[150.53884,-22.41343],[150.54059,-22.42111],[150.54558,-22.42002],[150.54143,-22.42269],[150.55642,-22.43058],[150.53994,-22.42696],[150.54299,-22.43972],[150.5386,-22.4424],[150.57553,-22.451],[150.59002,-22.46406],[150.53225,-22.44608],[150.55628,-22.47702],[150.58704,-22.4858],[150.59303,-22.4758],[150.59071,-22.48448],[150.60186,-22.48614],[150.5874,-22.4875],[150.60696,-22.5023],[150.57421,-22.48211],[150.55246,-22.48399],[150.56893,-22.50473],[150.56959,-22.52718],[150.58746,-22.54417],[150.58171,-22.54541],[150.58528,-22.55524],[150.59756,-22.55943],[150.58841,-22.55909],[150.59413,-22.57266],[150.57302,-22.57726],[150.56235,-22.56433],[150.55153,-22.56649],[150.5488,-22.57347],[150.55892,-22.58358],[150.55468,-22.58252],[150.554,-22.59109],[150.55993,-22.60341],[150.54743,-22.57605],[150.53736,-22.59018],[150.55064,-22.61714],[150.5466,-22.61617],[150.53801,-22.59842],[150.52982,-22.60229],[150.54404,-22.57354],[150.53039,-22.58134],[150.5325,-22.57312],[150.51574,-22.57243],[150.52246,-22.56752],[150.51478,-22.55743],[150.53785,-22.57237],[150.54475,-22.56137],[150.50207,-22.53796],[150.4862,-22.52138],[150.50101,-22.54147],[150.49996,-22.55779],[150.51222,-22.5708],[150.48738,-22.58957],[150.50176,-22.57323],[150.51052,-22.57217],[150.49281,-22.55412],[150.49014,-22.54023],[150.48379,-22.54339],[150.48821,-22.54031],[150.48388,-22.53432],[150.45689,-22.52329],[150.44839,-22.52537],[150.44865,-22.53473],[150.43926,-22.51245],[150.43071,-22.51727],[150.4354,-22.50892],[150.42433,-22.49891],[150.4149,-22.49433],[150.40501,-22.49831],[150.40288,-22.48127],[150.38385,-22.46545],[150.36857,-22.46283],[150.35595,-22.45],[150.33189,-22.44033],[150.32219,-22.42683],[150.30101,-22.42135],[150.30052,-22.39767],[150.29367,-22.40314],[150.22185,-22.39021],[150.21709,-22.39393],[150.20582,-22.3691],[150.17741,-22.36049],[150.17883,-22.34089],[150.19222,-22.32524],[150.17794,-22.31182],[150.15739,-22.30496],[150.15158,-22.25983],[150.12555,-22.24707],[150.09994,-22.21785],[150.09255,-22.21755],[150.09964,-22.21233],[150.08081,-22.15286],[150.06807,-22.15454],[150.059,-22.13269],[150.05243,-22.13545],[150.04298,-22.12612],[150.03028,-22.13646],[150.03551,-22.14643],[149.99751,-22.14563],[149.98683,-22.16362],[149.96399,-22.17423],[149.95594,-22.18532],[149.94287,-22.21177],[149.94393,-22.22927],[149.93114,-22.2643],[149.9175,-22.2761],[149.91578,-22.29518],[149.92237,-22.30508],[149.91494,-22.32124],[149.97184,-22.32977],[149.93208,-22.33357],[149.96185,-22.34381],[149.93201,-22.34271],[149.92973,-22.34734],[149.91395,-22.34177],[149.913,-22.34585],[149.96309,-22.45597],[149.97679,-22.47339],[149.98475,-22.50698],[150.00284,-22.53012],[150.01052,-22.58198],[150.04675,-22.66107],[150.02717,-22.64118],[150.0182,-22.63964],[150.00391,-22.6087],[149.99137,-22.60183],[149.99129,-22.58671],[149.96283,-22.53946],[149.92728,-22.52157],[149.92222,-22.50895],[149.8863,-22.4904],[149.86489,-22.45675],[149.84989,-22.41618],[149.82847,-22.40385],[149.81107,-22.38207],[149.78431,-22.38032],[149.77164,-22.42039],[149.69513,-22.48215],[149.65736,-22.50461],[149.65232,-22.52313],[149.63101,-22.54417],[149.63952,-22.58477],[149.62678,-22.58208],[149.62544,-22.59772],[149.56572,-22.59351],[149.51809,-22.62324],[149.5111,-22.61698],[149.49247,-22.62098],[149.46344,-22.59665],[149.45871,-22.63149],[149.45244,-22.62805],[149.42438,-22.64731],[149.40759,-22.63684],[149.39702,-22.61531],[149.38854,-22.61601],[149.38816,-22.63538],[149.37703,-22.65888],[149.39069,-22.68532],[149.40375,-22.68087],[149.40873,-22.69466],[149.43202,-22.70162],[149.43506,-22.72975],[149.44853,-22.74076],[149.44044,-22.76538],[149.427,-22.77156],[149.43016,-22.80628],[149.43621,-22.80939],[149.43466,-22.82788],[149.41318,-22.85747],[149.39835,-22.85726],[149.36859,-22.87787],[149.32956,-22.87571],[149.33024,-22.89863],[149.31252,-22.90638],[149.30389,-22.92581],[149.28542,-22.94177],[149.28725,-22.95598],[149.23717,-22.97599],[149.22908,-23.003],[149.19921,-23.04991],[149.17986,-23.04824],[149.1251,-23.06271],[149.11142,-23.05605],[149.08443,-23.06142],[149.04429,-23.05885],[149.02536,-23.08142],[148.97615,-23.09454],[148.97119,-23.10248],[148.97722,-23.11309],[148.97352,-23.12509],[148.99055,-23.12971],[148.9873,-23.14378],[149.00574,-23.15022],[149.00633,-23.1667],[148.98544,-23.19451],[148.97465,-23.19282],[148.96668,-23.19713],[148.97044,-23.20453],[148.95339,-23.20781],[148.94726,-23.21789],[148.9526,-23.22465],[148.9481,-23.24056],[148.92567,-23.24561],[148.9212,-23.25129],[148.92509,-23.26196],[148.89803,-23.26145],[148.87915,-23.24781],[148.87341,-23.2605],[148.85577,-23.26593],[148.85379,-23.28015],[148.8453,-23.28934],[148.85642,-23.30996],[148.86898,-23.31914],[148.86564,-23.35609],[148.82566,-23.37949],[148.79965,-23.36237],[148.79683,-23.3524],[148.78066,-23.35115],[148.77543,-23.37396],[148.75856,-23.38119],[148.74753,-23.37911],[148.73605,-23.34789],[148.71345,-23.35264],[148.70457,-23.36584],[148.71247,-23.38642],[148.69485,-23.40208],[148.68152,-23.40473],[148.67827,-23.41881],[148.67235,-23.42109],[148.70554,-23.43533],[148.67851,-23.44937],[148.65424,-23.47608],[148.63501,-23.4766],[148.63415,-23.50971],[148.61867,-23.53583],[148.59258,-23.54331],[148.58118,-23.53107],[148.57198,-23.55186],[148.53692,-23.55592],[148.5249,-23.54832],[148.52268,-23.50538],[148.57298,-23.46896],[148.55038,-23.40692],[148.57049,-23.3793],[148.55034,-23.34683],[148.50267,-23.33033],[148.51216,-23.28902],[148.5825,-23.23394],[148.56522,-23.22196],[148.62442,-23.14898],[148.57919,-23.11753],[148.56227,-23.1159],[148.58783,-23.07147],[148.59971,-23.00286],[148.58496,-23.00055],[148.58094,-22.97168],[148.55444,-22.97467],[148.5503,-22.95724],[148.54258,-22.95941],[148.54253,-22.95102],[148.55269,-22.94182],[148.54016,-22.92339],[148.5419,-22.8773],[148.45807,-22.86749],[148.32505,-22.94984],[148.29772,-22.9095],[148.28866,-22.90796],[148.29042,-22.89961],[148.27505,-22.8756],[148.28256,-22.87478],[148.29714,-22.85459],[148.32639,-22.83273],[148.33848,-22.81146],[148.35708,-22.8083],[148.37141,-22.79056],[148.37382,-22.76728],[148.34313,-22.72542],[148.23907,-22.73977],[148.23083,-22.7774],[148.19639,-22.78113],[148.17614,-22.79034],[148.16932,-22.78303],[148.14926,-22.77932],[148.14351,-22.76485],[148.10967,-22.76703],[148.06394,-22.73949],[148.06076,-22.70987],[148.04781,-22.69747],[148.023,-22.69312],[148.01309,-22.65425],[147.9952,-22.67405],[147.99554,-22.68965],[147.98525,-22.70447],[147.97095,-22.70238],[147.93147,-22.71819],[147.91278,-22.71875],[147.91475,-22.73272],[147.89511,-22.76173],[147.8738,-22.76566],[147.84512,-22.78507],[147.82095,-22.78293],[147.79407,-22.8005],[147.75499,-22.8561],[147.73697,-22.86154],[147.70277,-22.88582],[147.69433,-22.91469],[147.68078,-22.90973],[147.66386,-22.91272],[147.66104,-22.92107],[147.64051,-22.92629],[147.62064,-22.91211],[147.61795,-22.89389],[147.60521,-22.89241],[147.60636,-22.90711],[147.59898,-22.90901],[147.59678,-22.92345],[147.58786,-22.92228],[147.58228,-22.96301],[147.56824,-22.96169],[147.55541,-22.97636],[147.56099,-22.98747],[147.55348,-22.99266],[147.55303,-23.00917],[147.50416,-22.98576],[147.49706,-23.0009],[147.51999,-23.02843],[147.5084,-23.02908],[147.48372,-23.04666],[147.48745,-23.07865],[147.47852,-23.09146],[147.46415,-23.09222],[147.4415,-23.11977],[147.39457,-23.14733],[147.38337,-23.16536],[147.35396,-23.19039],[147.33992,-23.18256],[147.31501,-23.19315],[147.28654,-23.19337],[147.26075,-23.21013],[147.26076,-23.24465],[147.27375,-23.27077],[147.28752,-23.2791],[147.28004,-23.29892],[147.2951,-23.32241],[147.28311,-23.33071],[147.28661,-23.35124],[147.16188,-23.33971],[147.15869,-23.32626],[147.07485,-23.30692],[147.07906,-23.27983],[146.9763,-23.26328],[146.93972,-23.26036],[146.9327,-23.31548],[146.85458,-23.30475],[146.85486,-23.29378],[146.8777,-23.26923],[146.88446,-23.22027],[146.87221,-23.21072],[146.8747,-23.19565],[146.86417,-23.17492],[146.81452,-23.15363],[146.78905,-23.12731],[146.77887,-23.09068],[146.78654,-23.07924],[146.78221,-23.05374],[146.78756,-23.03715],[146.75288,-22.98426],[146.73277,-22.97016],[146.70228,-22.96222],[146.68423,-22.94577],[146.66509,-22.92516],[146.66431,-22.90654],[146.64606,-22.88321],[146.62354,-22.88659],[146.61085,-22.88117],[146.57843,-22.88956],[146.56014,-22.87844],[146.54575,-22.83769],[146.52477,-22.80405],[146.52873,-22.79281],[146.54842,-22.77824],[146.5484,-22.76889],[146.40143,-22.7555],[146.42416,-22.54738],[146.43932,-22.54887],[146.45177,-22.49931],[146.43673,-22.48708],[146.4286,-22.48794],[146.38297,-22.52089],[146.32959,-22.49482],[146.29694,-22.49574],[146.2693,-22.50865],[146.27555,-22.46274],[146.10892,-22.44566],[146.12207,-22.34742],[146.05213,-22.3385],[146.07066,-22.22662],[146.06458,-22.18576],[146.07406,-22.12338],[146.06606,-22.11621],[146.03776,-22.1058],[145.76961,-22.06659],[145.77008,-22.04853],[145.66117,-22.04116],[145.66826,-21.93203],[145.6272,-21.92672],[145.63017,-21.89292],[145.64062,-21.89399],[145.6506,-21.70712],[145.67474,-21.70814],[145.67848,-21.66819],[145.53283,-21.65825],[145.5294,-21.70194],[145.43473,-21.69205],[145.41823,-21.84625],[145.26204,-21.82872],[145.2548,-21.7938],[145.16607,-21.78489],[145.15296,-21.89893],[145.0752,-21.89144],[145.07425,-21.89975],[145.08434,-21.91026],[145.08221,-21.94261],[144.9563,-21.93031],[144.94305,-22.05915],[144.80091,-22.04539],[144.79636,-22.09843],[144.75232,-22.0948],[144.73978,-22.21173],[144.72353,-22.20211],[144.50051,-22.18566],[144.50178,-22.16514],[144.39778,-22.15705],[144.40281,-22.1133],[144.41387,-22.09836],[144.41721,-22.06172],[144.26849,-22.04787],[144.26344,-21.99739],[144.18033,-21.98956],[144.18849,-21.90841],[144.1843,-21.91332],[144.03885,-21.89471],[144.04462,-21.8303],[143.78183,-21.81408],[143.63084,-21.79742],[143.64926,-21.64118],[143.32877,-21.61186],[143.35953,-21.32201],[143.18803,-21.30866],[142.95333,-21.49376],[142.94241,-21.48166],[142.86209,-21.54506],[142.8154,-21.49313],[142.69396,-21.58786],[142.71847,-21.61495],[142.65137,-21.66749],[142.65651,-21.61036],[142.49559,-21.598],[142.49122,-21.64418],[142.33256,-21.63632],[142.33519,-21.6071],[142.22816,-21.59628],[142.23184,-21.55087],[142.072,-21.54075],[142.06935,-21.60472],[142.06451,-21.60838],[142.06915,-21.61039],[142.06622,-21.69515],[142.0487,-21.816],[141.74048,-21.79173],[141.73828,-21.80702],[141.58002,-21.79319],[141.58316,-21.75598],[141.50783,-21.75047],[141.48325,-21.94717],[141.30967,-21.93967],[141.28454,-21.98884],[141.29434,-22.06189],[141.19863,-22.05517],[141.18285,-22.24963],[141.25349,-22.32137],[141.24578,-22.33543],[141.07972,-22.46565],[141.19892,-22.59756],[141.14563,-22.63336],[141.13389,-22.62126],[141.09085,-22.61823],[141.10277,-22.69007],[141.11725,-22.7027],[141.12286,-22.7492],[141.11446,-22.7745],[141.12226,-22.80449],[140.99907,-22.89842],[140.98506,-22.89627],[140.98916,-22.91321],[141.02273,-22.92334],[141.04636,-22.94765],[140.92457,-23.04444],[140.947,-23.06777],[140.82219,-23.16155],[140.82937,-23.17019],[140.75962,-23.22316],[140.71936,-23.18863],[140.66264,-23.15666],[140.57265,-23.23141],[140.41323,-23.34621],[140.34191,-23.41827],[140.35557,-23.52578],[139.93792,-23.48723],[139.93072,-23.5478],[139.93917,-23.55002],[139.93623,-23.57709],[139.86254,-23.62968],[139.87751,-23.67181],[139.88866,-23.67674],[139.89261,-23.69364],[139.46373,-23.67129],[139.47576,-23.52078],[139.29542,-23.50998],[139.339,-23.47387],[139.17487,-23.30997],[139.1227,-23.35208],[139.07635,-23.30682],[138.89945,-23.44833],[138.9211,-23.47649],[138.82556,-23.54562],[138.66877,-23.54008],[138.59205,-23.46253],[138.46439,-23.55506],[137.99839,-23.52091],[137.99905,-25.99687],[140.99939,-25.99638],[140.99926,-28.9991],[148.95809,-28.99905],[148.95844,-29.00688],[148.94704,-29.01113],[148.9426,-29.02405],[148.9292,-29.02456],[148.9391,-29.06864],[149.01674,-29.07614],[149.1247,-29.10383],[149.26901,-29.09942],[149.45327,-29.12703],[149.54424,-29.11281],[149.64391,-29.17191],[149.70784,-29.23422],[149.73724,-29.34279],[149.78474,-29.44546],[149.8539,-29.48753],[149.92757,-29.56621],[150.04546,-29.5815],[150.27605,-29.67159],[150.36493,-29.65078],[150.50395,-29.65326],[150.68257,-29.70651],[150.76524,-29.73884],[150.85469,-29.80973],[151.1079,-29.8831],[151.26042,-29.85643],[151.49375,-29.86553],[151.60891,-29.79773],[151.71044,-29.80406],[151.84001,-29.77365],[151.98736,-29.7144],[152.11023,-29.71098],[152.22152,-29.66623],[152.28908,-29.59443],[152.39473,-29.52065],[152.39932,-29.5859],[152.49672,-29.63176],[152.65369,-29.68578],[152.78397,-29.70055],[152.9186,-29.75744],[153.00064,-29.86125],[153.02129,-29.94736],[153.1062,-30.0161],[153.14445,-30.0816],[153.2059,-30.07692],[153.20654,-30.05888],[153.19684,-30.05612],[153.19722,-30.03906],[153.23329,-29.9798],[153.25457,-29.95116],[153.25975,-29.95169],[153.26114,-29.92957],[153.2725,-29.91745],[153.26903,-29.85808],[153.28211,-29.83324],[153.29389,-29.82446],[153.2874,-29.80083],[153.30295,-29.77786],[153.29199,-29.75362],[153.30669,-29.71225],[153.33068,-29.68178],[153.332,-29.67447],[153.3229,-29.67053],[153.3206,-29.65771],[153.33005,-29.6258],[153.34139,-29.61172],[153.33259,-29.60023],[153.33244,-29.58665],[153.34947,-29.53992],[153.36229,-29.52565],[153.35759,-29.52073],[153.36318,-29.50437],[153.35873,-29.49608],[153.36644,-29.48313],[153.35842,-29.46584],[153.3728,-29.4395],[153.36488,-29.43542],[153.36328,-29.42157],[153.37345,-29.39683],[153.36822,-29.3898],[153.3754,-29.36714],[153.35371,-29.35757],[153.34436,-29.34426],[153.34026,-29.32041],[153.34432,-29.29658],[153.39059,-29.21528],[153.45707,-29.13868],[153.44857,-29.13339],[153.45131,-29.11875],[153.43527,-29.1131],[153.43278,-29.10109],[153.44145,-29.06529],[153.464,-29.01871],[153.52188,-28.94191],[153.58563,-28.87587],[153.57404,-28.87722],[153.57143,-28.88511],[153.52694,-28.87289],[153.54577,-28.86689],[153.56464,-28.87371],[153.57679,-28.86984],[153.57052,-28.86399],[153.57106,-28.84929],[153.56344,-28.84708],[153.57487,-28.84016],[153.5712,-28.84777],[153.57704,-28.86845],[153.58841,-28.87356],[153.59874,-28.85911],[153.60778,-28.82225],[153.60614,-28.80844],[153.59551,-28.79876],[153.59496,-28.77959],[153.61887,-28.72226],[153.61909,-28.70583],[153.61355,-28.70114],[153.61765,-28.67814],[153.63873,-28.6361],[153.6193,-28.64227],[153.59203,-28.62777],[153.5685,-28.5897],[153.55335,-28.53118],[153.55525,-28.45389],[153.5806,-28.36285],[153.57496,-28.35239],[153.57818,-28.33583],[153.5714,-28.32713],[153.58569,-28.25846],[153.57418,-28.25139],[153.56808,-28.2363],[153.57142,-28.19942],[153.54995,-28.17138],[153.5652,-28.205],[153.55473,-28.23601],[153.54127,-28.24339],[153.53741,-28.23946],[153.54399,-28.23801],[153.5393,-28.23613],[153.55449,-28.22481],[153.55962,-28.216],[153.55476,-28.20934],[153.5618,-28.20719],[153.55441,-28.19294],[153.54288,-28.19435],[153.53796,-28.18384],[153.53518,-28.19166],[153.51674,-28.19388],[153.50976,-28.21762],[153.52019,-28.221],[153.50558,-28.22441],[153.49425,-28.21982],[153.50074,-28.21387],[153.50009,-28.206],[153.49379,-28.2072],[153.49637,-28.20267],[153.50828,-28.19976],[153.50795,-28.19417],[153.50696,-28.20288],[153.5123,-28.2003],[153.50824,-28.19053],[153.52813,-28.1908],[153.54234,-28.17811],[153.5455,-28.18339],[153.53912,-28.18333],[153.54691,-28.18446],[153.54435,-28.1697],[153.55399,-28.16883],[153.55214,-28.16427],[153.5295,-28.16723],[153.51432,-28.16102],[153.48686,-28.12782],[153.47889,-28.12696],[153.46003,-28.09087],[153.45036,-28.08361],[153.4315,-28.00292],[153.4292,-27.93811],[153.43458,-27.934],[153.4219,-27.94073],[153.42189,-27.94513],[153.4262,-27.94091],[153.4286,-27.96968],[153.42156,-27.97853],[153.42458,-27.98319],[153.41857,-27.98428],[153.42175,-27.99177],[153.42813,-27.98966],[153.42601,-27.9986],[153.41859,-27.99104],[153.41523,-27.99961],[153.42113,-27.97451],[153.4103,-27.95496],[153.40792,-27.90878],[153.39633,-27.88444],[153.40056,-27.87232],[153.39059,-27.87753],[153.37921,-27.87391],[153.38245,-27.89069],[153.36872,-27.89688],[153.35845,-27.89334],[153.35784,-27.91184],[153.34884,-27.91929],[153.34318,-27.91007],[153.34842,-27.90176],[153.34236,-27.89488],[153.35233,-27.90205],[153.35755,-27.89115],[153.35114,-27.89002],[153.37174,-27.89366],[153.38079,-27.88912],[153.38161,-27.85992],[153.3664,-27.8513],[153.37958,-27.85512],[153.38525,-27.87421],[153.39527,-27.87329],[153.39709,-27.86835],[153.39109,-27.87054],[153.40192,-27.86324],[153.39832,-27.85747],[153.39558,-27.86419],[153.39476,-27.84038],[153.37914,-27.8428],[153.38586,-27.82718],[153.37107,-27.81606],[153.36874,-27.80175],[153.34981,-27.80054],[153.36662,-27.7963],[153.37561,-27.80241],[153.39155,-27.79396],[153.36228,-27.77329],[153.36275,-27.76381],[153.35482,-27.75688],[153.35921,-27.73367],[153.35198,-27.7223],[153.3575,-27.7114],[153.35283,-27.69865],[153.32923,-27.6964],[153.32124,-27.71024],[153.30636,-27.71448],[153.29259,-27.7005],[153.29316,-27.69175],[153.30203,-27.70691],[153.32304,-27.69983],[153.31584,-27.68196],[153.32074,-27.67426],[153.30815,-27.65645],[153.3151,-27.63942],[153.3122,-27.61741],[153.30148,-27.60067],[153.31786,-27.58131],[153.30532,-27.57489],[153.30824,-27.56493],[153.28943,-27.56463],[153.2852,-27.55246],[153.27875,-27.55222],[153.28378,-27.54585],[153.2779,-27.54052],[153.29068,-27.51096],[153.28129,-27.52111],[153.26226,-27.51751],[153.26011,-27.48326],[153.24164,-27.48072],[153.23981,-27.46571],[153.23771,-27.47826],[153.22829,-27.48307],[153.2073,-27.48181],[153.20181,-27.4728],[153.19201,-27.47629],[153.19125,-27.45099],[153.17543,-27.44038],[153.16937,-27.42609],[153.17351,-27.40479],[153.15937,-27.4015],[153.14122,-27.42261],[153.10045,-27.44766],[153.05165,-27.44303],[153.0574,-27.46942],[153.05316,-27.47485],[153.04337,-27.47762],[153.03543,-27.46474],[153.03159,-27.4818],[153.01688,-27.46951],[153.00973,-27.4726],[152.99633,-27.48869],[153.01551,-27.49091],[153.02226,-27.50275],[153.00167,-27.50901],[153.00022,-27.51455],[153.01167,-27.51859],[153.00649,-27.52395],[152.99517,-27.5247],[152.97103,-27.50668],[152.97415,-27.54464],[152.9406,-27.52812],[152.92883,-27.52902],[152.92454,-27.54254],[152.90447,-27.54481],[152.90725,-27.55561],[152.89525,-27.56071],[152.9024,-27.56656],[152.89462,-27.57905],[152.9067,-27.60135],[152.89608,-27.60198],[152.88847,-27.59076],[152.89656,-27.60166],[152.90599,-27.60126],[152.89379,-27.57782],[152.90187,-27.56677],[152.89454,-27.56053],[152.90658,-27.55543],[152.90415,-27.5445],[152.92518,-27.54135],[152.92744,-27.52954],[152.93856,-27.52536],[152.97355,-27.54258],[152.9658,-27.5143],[152.97061,-27.50456],[152.99695,-27.52167],[153.00838,-27.52099],[152.99787,-27.51494],[153.00045,-27.50688],[153.02062,-27.50056],[153.0151,-27.49249],[152.99463,-27.48987],[153.00199,-27.47647],[153.01668,-27.46764],[153.03039,-27.47946],[153.03445,-27.46264],[153.04323,-27.47524],[153.05277,-27.47169],[153.04978,-27.44018],[153.08702,-27.44564],[153.10803,-27.44161],[153.14108,-27.41706],[153.15013,-27.39417],[153.13898,-27.39496],[153.16004,-27.37773],[153.15324,-27.36176],[153.13784,-27.36082],[153.13606,-27.36552],[153.1315,-27.35689],[153.08123,-27.33409],[153.08782,-27.32707],[153.07182,-27.31693],[153.06483,-27.30151],[153.06118,-27.28083],[153.07622,-27.26384],[153.05388,-27.23019],[153.07572,-27.22799],[153.06841,-27.24714],[153.07753,-27.26264],[153.09591,-27.25518],[153.10807,-27.26116],[153.11788,-27.23207],[153.11476,-27.19136],[153.08739,-27.20598],[153.04815,-27.19412],[153.03774,-27.19681],[153.02949,-27.17896],[153.03601,-27.16407],[153.03255,-27.15968],[153.04314,-27.15652],[153.03263,-27.15194],[153.04657,-27.1465],[153.06723,-27.10884],[153.10434,-27.08742],[153.13299,-27.08505],[153.14404,-27.07518],[153.12606,-27.06278],[153.0989,-27.06396],[153.10948,-27.06095],[153.09666,-27.05329],[153.10704,-27.05799],[153.11263,-27.05308],[153.10265,-27.03506],[153.08369,-27.02619],[153.08461,-27.01598],[153.06323,-26.99615],[153.06849,-26.98592],[153.04276,-26.96946],[153.06085,-26.97855],[153.06586,-26.97497],[153.06582,-26.96434],[153.04314,-26.94623],[153.062,-26.9283],[153.06108,-26.89291],[153.0709,-26.90905],[153.0788,-26.89347],[153.09078,-26.89564],[153.10862,-26.88694],[153.10936,-26.84145],[153.11943,-26.83329],[153.12456,-26.80664],[153.13466,-26.80937],[153.15038,-26.80252],[153.1484,-26.79169],[153.13654,-26.78805],[153.14093,-26.78667],[153.13423,-26.74053],[153.13871,-26.67986],[153.12732,-26.68446],[153.10847,-26.6707],[153.09869,-26.64259],[153.1025,-26.54695],[153.0927,-26.53215],[153.09191,-26.51765],[153.11917,-26.37999],[153.10681,-26.37825],[153.09083,-26.38649],[153.0783,-26.38118],[153.06407,-26.34952],[153.06135,-26.30821],[153.06917,-26.25373],[153.11319,-26.10351],[153.14963,-26.01105],[153.19221,-25.93234],[153.18226,-25.92834],[153.17652,-25.94584],[153.16245,-25.94988],[153.14077,-25.9462],[153.11698,-25.93123],[153.0862,-25.89016],[153.06938,-25.8136],[153.05032,-25.80864],[153.06788,-25.81636],[153.07208,-25.82443],[153.05512,-25.82742],[153.04695,-25.84828],[153.04736,-25.86193],[153.06597,-25.88236],[153.05784,-25.88747],[153.05831,-25.90212],[153.05299,-25.90613],[153.05965,-25.91392],[153.05032,-25.90897],[153.05106,-25.89912],[153.0373,-25.91229],[153.0298,-25.91147],[153.03289,-25.90517],[153.0252,-25.90933],[153.0276,-25.92224],[153.05886,-25.93018],[153.04658,-25.93235],[153.04853,-25.94441],[153.03991,-25.93711],[153.03614,-25.94116],[153.03292,-25.94795],[153.04229,-25.95106],[153.03909,-25.96961],[153.0286,-25.95571],[153.02451,-25.95917],[153.03116,-25.97805],[153.01538,-25.97631],[153.02667,-25.98797],[153.01912,-25.98638],[153.01652,-25.99732],[153.01728,-25.9901],[153.0112,-25.99001],[153.01628,-25.98275],[153.00534,-25.9813],[153.00623,-25.96938],[152.99599,-25.97121],[153.00863,-25.95809],[153.00336,-25.96115],[153.00334,-25.95258],[152.99846,-25.95336],[153.0305,-25.93398],[153.01862,-25.93127],[153.0118,-25.93945],[153.00344,-25.93498],[153.01566,-25.93088],[153.00671,-25.91769],[153.01532,-25.90364],[152.99697,-25.90572],[153.00294,-25.90355],[152.99919,-25.89815],[153.00719,-25.90188],[153.01982,-25.89132],[153.01981,-25.89709],[153.02619,-25.89644],[153.03155,-25.87716],[153.02096,-25.86677],[153.00925,-25.88545],[153.00527,-25.88673],[153.01036,-25.87736],[152.99359,-25.88111],[153.01659,-25.86554],[153.01502,-25.85379],[153.02589,-25.85214],[153.0205,-25.82955],[152.98822,-25.80467],[152.98183,-25.80989],[152.98743,-25.81538],[152.98331,-25.82454],[152.9783,-25.80948],[152.94426,-25.81049],[152.9492,-25.81843],[152.94111,-25.81976],[152.93671,-25.81504],[152.93961,-25.79592],[152.94962,-25.80162],[152.96711,-25.79911],[152.97601,-25.77804],[152.97317,-25.76607],[152.95672,-25.75762],[152.93704,-25.7623],[152.94192,-25.76535],[152.93687,-25.76809],[152.93829,-25.74647],[152.9313,-25.7414],[152.91177,-25.73879],[152.90509,-25.75359],[152.91373,-25.72998],[152.89825,-25.71997],[152.88843,-25.72937],[152.89538,-25.71919],[152.90587,-25.7265],[152.91302,-25.72301],[152.92033,-25.70702],[152.88061,-25.68452],[152.87686,-25.69722],[152.86651,-25.69273],[152.87274,-25.69441],[152.87807,-25.68457],[152.8819,-25.67395],[152.8759,-25.66889],[152.88488,-25.67433],[152.90692,-25.67208],[152.89645,-25.65807],[152.90085,-25.64573],[152.89107,-25.61722],[152.87648,-25.61368],[152.87128,-25.62318],[152.86927,-25.619],[152.87744,-25.60397],[152.87694,-25.56174],[152.8702,-25.56152],[152.86895,-25.55431],[152.85826,-25.55761],[152.86047,-25.54869],[152.87568,-25.5561],[152.89058,-25.54726],[152.87912,-25.54413],[152.871,-25.53342],[152.88646,-25.54151],[152.89378,-25.53539],[152.88817,-25.53067],[152.90846,-25.53389],[152.90352,-25.50216],[152.8926,-25.51677],[152.8702,-25.51378],[152.88076,-25.5098],[152.89446,-25.51417],[152.89629,-25.5049],[152.89119,-25.50503],[152.9248,-25.47298],[152.91274,-25.47516],[152.89565,-25.49285],[152.89015,-25.49137],[152.89074,-25.47906],[152.89625,-25.49045],[152.91061,-25.47178],[152.92638,-25.46463],[152.92313,-25.45967],[152.92104,-25.46622],[152.90985,-25.46761],[152.90995,-25.45971],[152.90326,-25.46706],[152.90907,-25.45711],[152.91121,-25.46569],[152.92574,-25.45876],[152.92665,-25.46973],[152.94094,-25.4647],[152.94639,-25.46015],[152.9417,-25.45186],[152.95259,-25.44593],[152.95603,-25.43329],[152.93684,-25.43219],[152.92298,-25.45165],[152.88907,-25.45971],[152.84854,-25.49831],[152.82374,-25.494],[152.85033,-25.48523],[152.86587,-25.4605],[152.87185,-25.44237],[152.86749,-25.44153],[152.87321,-25.44208],[152.87468,-25.43462],[152.86498,-25.43555],[152.8597,-25.41434],[152.86378,-25.40891],[152.88895,-25.42499],[152.89674,-25.41255],[152.88192,-25.40412],[152.89012,-25.40354],[152.89962,-25.41852],[152.91081,-25.41895],[152.92441,-25.43037],[152.90956,-25.37818],[152.91795,-25.36338],[152.9038,-25.33033],[152.9026,-25.30875],[152.89371,-25.31023],[152.89937,-25.31096],[152.90855,-25.28784],[152.89881,-25.28071],[152.85997,-25.28371],[152.83619,-25.27767],[152.82636,-25.26161],[152.82785,-25.24781],[152.81388,-25.24362],[152.8052,-25.24793],[152.80871,-25.2635],[152.77738,-25.269],[152.72271,-25.26968],[152.72598,-25.26631],[152.65932,-25.24308],[152.66046,-25.25607],[152.65372,-25.23507],[152.66261,-25.24092],[152.65273,-25.23116],[152.64422,-25.23391],[152.64971,-25.22716],[152.61497,-25.18328],[152.59696,-25.18782],[152.557,-25.18212],[152.54833,-25.18825],[152.54703,-25.205],[152.54026,-25.19],[152.55545,-25.17167],[152.57796,-25.16688],[152.61774,-25.17327],[152.63302,-25.15178],[152.57706,-25.11901],[152.54623,-25.07385],[152.54715,-25.08578],[152.54071,-25.079],[152.53368,-25.08961],[152.53608,-25.0811],[152.52333,-25.06952],[152.50752,-25.07753],[152.52434,-25.06851],[152.53215,-25.07935],[152.54157,-25.06929],[152.54946,-25.07012],[152.51277,-25.02067],[152.48446,-24.96876],[152.48736,-24.92941],[152.47653,-24.92938],[152.47242,-24.92025],[152.49013,-24.92269],[152.49321,-24.91512],[152.48343,-24.87226],[152.47565,-24.87871],[152.48145,-24.87305],[152.48178,-24.85702],[152.47498,-24.848],[152.4779,-24.83998],[152.46623,-24.8259],[152.46719,-24.81596],[152.42118,-24.77533],[152.41254,-24.75776],[152.38361,-24.76386],[152.38691,-24.78017],[152.38135,-24.79663],[152.37798,-24.76943],[152.37134,-24.76175],[152.37797,-24.73769],[152.33365,-24.74364],[152.3463,-24.73765],[152.28845,-24.72236],[152.28498,-24.71943],[152.29657,-24.72361],[152.25805,-24.70129],[152.2004,-24.65436],[152.22488,-24.67388],[152.2014,-24.66847],[152.16482,-24.64264],[152.17034,-24.64231],[152.10689,-24.58452],[152.06471,-24.52219],[152.05914,-24.52084],[152.0658,-24.52638],[152.06247,-24.53394],[152.04748,-24.53061],[152.04421,-24.52377],[152.05556,-24.51362],[152.03805,-24.49374],[152.00899,-24.43752],[152.0176,-24.45976],[152.00245,-24.43988],[152.00615,-24.43288],[151.95368,-24.28756],[151.9434,-24.24015],[151.9284,-24.22793],[151.92042,-24.21088],[151.90614,-24.20804],[151.88631,-24.14944],[151.88282,-24.17551],[151.86901,-24.1896],[151.87898,-24.19368],[151.87023,-24.19479],[151.84914,-24.21847],[151.86583,-24.17932],[151.87582,-24.17155],[151.83593,-24.1769],[151.8213,-24.16536],[151.84061,-24.17069],[151.80474,-24.1458],[151.7931,-24.12625],[151.78475,-24.12195],[151.7851,-24.1294],[151.78425,-24.12432],[151.77148,-24.12953],[151.77171,-24.12471],[151.77932,-24.12837],[151.78648,-24.11562],[151.77122,-24.07304],[151.76688,-24.0403],[151.76161,-24.03407],[151.7531,-24.04786],[151.74924,-24.03361],[151.76911,-24.02873],[151.76484,-24.01544],[151.75338,-24.0184],[151.7427,-24.00146],[151.73841,-24.00326],[151.74489,-24.03202],[151.73492,-24.04192],[151.74142,-24.04227],[151.73834,-24.04679],[151.72531,-24.0498],[151.73215,-24.06191],[151.71584,-24.08726],[151.72081,-24.06897],[151.7158,-24.05814],[151.70278,-24.0564],[151.71152,-24.05235],[151.70455,-24.03981],[151.71993,-24.03544],[151.73029,-24.0225],[151.6942,-24.00966],[151.6716,-23.98863],[151.62348,-23.97476],[151.60926,-23.98113],[151.60303,-24.00657],[151.63015,-24.01308],[151.63816,-23.99692],[151.64163,-24.00263],[151.63537,-23.99979],[151.63287,-24.0113],[151.63991,-24.01188],[151.63567,-24.01638],[151.64683,-24.02758],[151.63758,-24.03285],[151.65196,-24.03222],[151.6691,-24.05191],[151.67747,-24.04956],[151.68565,-24.06732],[151.67546,-24.06616],[151.67045,-24.05746],[151.66466,-24.06049],[151.68412,-24.08888],[151.67888,-24.10996],[151.67796,-24.09033],[151.67231,-24.0893],[151.67117,-24.09855],[151.66531,-24.08465],[151.65767,-24.09095],[151.65317,-24.07466],[151.64504,-24.08041],[151.63468,-24.05578],[151.62103,-24.05505],[151.61039,-24.0425],[151.60508,-24.04811],[151.5955,-24.04459],[151.5827,-24.04986],[151.57366,-24.03572],[151.56492,-24.03693],[151.55532,-24.06997],[151.57593,-24.07758],[151.58009,-24.0871],[151.56047,-24.0736],[151.56363,-24.11141],[151.55985,-24.09978],[151.55515,-24.10913],[151.55281,-24.0817],[151.54744,-24.10109],[151.55207,-24.11025],[151.54542,-24.11328],[151.55022,-24.10854],[151.5452,-24.10366],[151.54772,-24.08935],[151.52548,-24.0895],[151.51731,-24.07299],[151.52743,-24.06375],[151.52195,-24.05292],[151.48947,-24.0412],[151.47857,-24.04847],[151.47921,-24.05847],[151.49336,-24.06818],[151.48432,-24.07471],[151.47378,-24.0638],[151.47178,-24.07282],[151.46578,-24.07196],[151.46287,-24.05509],[151.46362,-24.06375],[151.45519,-24.0672],[151.45583,-24.04834],[151.45178,-24.05084],[151.45663,-24.03705],[151.44314,-24.0268],[151.44037,-24.03519],[151.44824,-24.04725],[151.44369,-24.04606],[151.44286,-24.06048],[151.44798,-24.06236],[151.44294,-24.07741],[151.44706,-24.08891],[151.45887,-24.09077],[151.44991,-24.09284],[151.42497,-24.04735],[151.42664,-24.03706],[151.41361,-24.03757],[151.41002,-24.03058],[151.40475,-24.03456],[151.4105,-24.02934],[151.42897,-24.03435],[151.43446,-24.02744],[151.42364,-24.00129],[151.432,-24.00763],[151.42664,-23.98718],[151.36662,-23.93789],[151.35482,-23.93577],[151.33467,-23.90663],[151.32371,-23.87487],[151.32263,-23.88634],[151.32001,-23.88083],[151.31934,-23.88998],[151.31696,-23.88277],[151.307,-23.89909],[151.31474,-23.89825],[151.30567,-23.90068],[151.2956,-23.91869],[151.29931,-23.88852],[151.29381,-23.89138],[151.29173,-23.8757],[151.29898,-23.85973],[151.27721,-23.85421],[151.27009,-23.83608],[151.23595,-23.83357],[151.22692,-23.82323],[151.21551,-23.83074],[151.20948,-23.82152],[151.19148,-23.82941],[151.19107,-23.82219],[151.18669,-23.82752],[151.17292,-23.81588],[151.16426,-23.7932],[151.14387,-23.7705],[151.15858,-23.74908],[151.15113,-23.72841],[151.13792,-23.72029],[151.13505,-23.75146],[151.13668,-23.71826],[151.12728,-23.72429],[151.11976,-23.71868],[151.13352,-23.72279],[151.13395,-23.70881],[151.12375,-23.71305],[151.12406,-23.70425],[151.10692,-23.70283],[151.11559,-23.70343],[151.11096,-23.69647],[151.12774,-23.69991]]],[[[152.95196,-25.57137],[152.95864,-25.57404],[152.94424,-25.58481],[152.95174,-25.59394],[152.95242,-25.58452],[152.9562,-25.58828],[152.96412,-25.57583],[152.95582,-25.5965],[152.96423,-25.60007],[152.96289,-25.61309],[152.97468,-25.62468],[152.97022,-25.63915],[152.97952,-25.66159],[152.98425,-25.66078],[152.97988,-25.66867],[152.98717,-25.67199],[152.98358,-25.67839],[152.99161,-25.69395],[152.98919,-25.71033],[152.99576,-25.73175],[153.03679,-25.79151],[153.07176,-25.79545],[153.08916,-25.75612],[153.07618,-25.67561],[153.11124,-25.54862],[153.19029,-25.36477],[153.35771,-25.00938],[153.35054,-24.99612],[153.34952,-24.96289],[153.32478,-24.96377],[153.29662,-24.94279],[153.26397,-24.8751],[153.2586,-24.81469],[153.265,-24.69768],[153.25015,-24.69757],[153.20897,-24.71803],[153.16701,-24.75414],[153.12169,-24.80636],[153.11906,-24.81643],[153.14414,-24.81675],[153.18183,-24.84492],[153.22846,-24.91615],[153.23411,-24.93689],[153.22991,-24.9644],[153.23602,-24.96022],[153.21921,-25.00173],[153.16098,-25.08305],[153.07457,-25.15473],[153.02913,-25.17805],[152.99159,-25.22451],[152.99539,-25.23032],[152.99627,-25.21952],[153.00038,-25.22289],[152.99526,-25.22694],[153.01216,-25.2309],[153.02507,-25.22293],[153.03867,-25.22316],[153.05153,-25.24466],[153.04575,-25.24761],[153.05135,-25.26267],[153.04505,-25.26369],[153.03999,-25.2767],[153.04673,-25.29048],[153.04803,-25.29914],[153.04221,-25.29738],[153.0506,-25.3191],[153.05152,-25.34511],[153.03444,-25.38458],[153.00794,-25.41126],[152.99855,-25.43235],[153.00303,-25.43353],[152.99645,-25.434],[152.98986,-25.44524],[152.99651,-25.44289],[152.98761,-25.44767],[152.98968,-25.46155],[152.98546,-25.46002],[152.98395,-25.46696],[152.9983,-25.46981],[152.98455,-25.4697],[152.9895,-25.48159],[152.99629,-25.47867],[152.99011,-25.48537],[152.9887,-25.51211],[152.97217,-25.52282],[152.95245,-25.55182],[152.95953,-25.56083],[152.95162,-25.56051],[152.95196,-25.57137]]],[[[151.27473,-23.76705],[151.26478,-23.77791],[151.28465,-23.79591],[151.28561,-23.75807],[151.30033,-23.75416],[151.31472,-23.75842],[151.30072,-23.74466],[151.28594,-23.68411],[151.27267,-23.66375],[151.26073,-23.66617],[151.24845,-23.65694],[151.23937,-23.64315],[151.23671,-23.62196],[151.2256,-23.60949],[151.22542,-23.56624],[151.23922,-23.48814],[151.23308,-23.48377],[151.23206,-23.49462],[151.21853,-23.5035],[151.22212,-23.50935],[151.2174,-23.51842],[151.18339,-23.54131],[151.1931,-23.53098],[151.18367,-23.53125],[151.19344,-23.52747],[151.18262,-23.52087],[151.1955,-23.5234],[151.19143,-23.51868],[151.19927,-23.5201],[151.19958,-23.51039],[151.15513,-23.51131],[151.12306,-23.4907],[151.12569,-23.49893],[151.08676,-23.47993],[151.08498,-23.48785],[151.07272,-23.48836],[151.07783,-23.4828],[151.07191,-23.47368],[151.08092,-23.46664],[151.06002,-23.44902],[151.05232,-23.4486],[151.04794,-23.45246],[151.05163,-23.45617],[151.0171,-23.45226],[151.01391,-23.47362],[150.97872,-23.48969],[150.98963,-23.49761],[151.01261,-23.55367],[151.03254,-23.5704],[151.04491,-23.61427],[151.05384,-23.61558],[151.05216,-23.62158],[151.04578,-23.61641],[151.04641,-23.62115],[151.08744,-23.64117],[151.09608,-23.6568],[151.1034,-23.64959],[151.10457,-23.65802],[151.12974,-23.66924],[151.16314,-23.72921],[151.17456,-23.73657],[151.17248,-23.74549],[151.19322,-23.77521],[151.21377,-23.78492],[151.21396,-23.79395],[151.22272,-23.79933],[151.22727,-23.79033],[151.245,-23.79365],[151.24169,-23.77584],[151.24581,-23.76749],[151.24522,-23.77969],[151.25594,-23.77903],[151.25985,-23.75879],[151.25272,-23.75608],[151.26209,-23.74911],[151.26229,-23.75709],[151.27161,-23.74931],[151.27457,-23.75253],[151.26244,-23.76013],[151.26262,-23.77458],[151.27148,-23.76362],[151.27473,-23.76705]]],[[[153.51496,-27.42044],[153.48317,-27.41556],[153.45498,-27.38943],[153.44271,-27.39171],[153.42413,-27.46897],[153.411,-27.47539],[153.3993,-27.49574],[153.41385,-27.509],[153.41428,-27.59575],[153.40805,-27.61021],[153.42277,-27.64285],[153.39973,-27.6626],[153.40308,-27.69355],[153.3939,-27.7064],[153.408,-27.73353],[153.41959,-27.74018],[153.43701,-27.73385],[153.43216,-27.72816],[153.43994,-27.71547],[153.44627,-27.71651],[153.4434,-27.73011],[153.43553,-27.72938],[153.4384,-27.73315],[153.454,-27.72876],[153.45871,-27.67062],[153.48087,-27.58079],[153.52719,-27.46159],[153.54594,-27.43509],[153.54333,-27.42535],[153.51496,-27.42044]]],[[[153.45898,-27.02713],[153.454,-27.02262],[153.38873,-27.05035],[153.40275,-27.03863],[153.36258,-27.06035],[153.37099,-27.10213],[153.36272,-27.13628],[153.37415,-27.17291],[153.36606,-27.2001],[153.42463,-27.335],[153.41944,-27.35424],[153.429,-27.36265],[153.43696,-27.33523],[153.41794,-27.2769],[153.41723,-27.22728],[153.42962,-27.14798],[153.46723,-27.03034],[153.45898,-27.02713]]],[[[153.1316,-26.88384],[153.13096,-26.81849],[153.12486,-26.84639],[153.12995,-26.87391],[153.10263,-26.89748],[153.07771,-26.90696],[153.0752,-26.92027],[153.09092,-26.94497],[153.07926,-26.96074],[153.07706,-26.97943],[153.09399,-26.99081],[153.10196,-27.01556],[153.13283,-27.03494],[153.13557,-27.05291],[153.15465,-27.07031],[153.16599,-27.09838],[153.19574,-27.09581],[153.2075,-27.08226],[153.2063,-27.07266],[153.16447,-26.99413],[153.1316,-26.88384]]],[[[149.898,-22.23431],[149.91858,-22.205],[149.92063,-22.15466],[149.92974,-22.13679],[149.91877,-22.12274],[149.90426,-22.07687],[149.91023,-22.05823],[149.9033,-22.0516],[149.8816,-22.06795],[149.8832,-22.09942],[149.87281,-22.10432],[149.87155,-22.14675],[149.8617,-22.16496],[149.86532,-22.18853],[149.87908,-22.20371],[149.8662,-22.22204],[149.898,-22.23431]]],[[[150.51964,-22.22503],[150.48019,-22.20592],[150.47024,-22.22162],[150.47547,-22.23271],[150.49004,-22.22752],[150.49722,-22.2412],[150.49156,-22.237],[150.49175,-22.24332],[150.48605,-22.24384],[150.49231,-22.25547],[150.4815,-22.25045],[150.47831,-22.25539],[150.5005,-22.26963],[150.47547,-22.26111],[150.47462,-22.26883],[150.46936,-22.26693],[150.47219,-22.27665],[150.48279,-22.27874],[150.47057,-22.28126],[150.45916,-22.29662],[150.46396,-22.30115],[150.47262,-22.29492],[150.48595,-22.31101],[150.50004,-22.30308],[150.49569,-22.30714],[150.4997,-22.30877],[150.47848,-22.32065],[150.48996,-22.32506],[150.47568,-22.33518],[150.48562,-22.35002],[150.49004,-22.34127],[150.49948,-22.34392],[150.50478,-22.33427],[150.51056,-22.34005],[150.52298,-22.3335],[150.5165,-22.32579],[150.52912,-22.32442],[150.52749,-22.31663],[150.54249,-22.32113],[150.54424,-22.2995],[150.55452,-22.30509],[150.56077,-22.29499],[150.55341,-22.29021],[150.55253,-22.27994],[150.53486,-22.27542],[150.53506,-22.2655],[150.52458,-22.25765],[150.53024,-22.24788],[150.52337,-22.24264],[150.51964,-22.22503]]],[[[151.47139,-24.03713],[151.47831,-24.04497],[151.4886,-24.03883],[151.5418,-24.03784],[151.54564,-24.03234],[151.5077,-24.01719],[151.50742,-24.0288],[151.50577,-24.01504],[151.46825,-23.99522],[151.43773,-23.99397],[151.44085,-24.01273],[151.4585,-24.01887],[151.44281,-24.01679],[151.46634,-24.035],[151.46927,-24.03158],[151.47016,-24.03801],[151.4748,-24.03364],[151.47139,-24.03713]]],[[[151.36553,-23.85522],[151.36637,-23.87484],[151.37403,-23.88111],[151.38874,-23.87553],[151.39345,-23.86556],[151.37376,-23.81284],[151.34082,-23.78515],[151.33315,-23.75416],[151.33278,-23.76815],[151.32366,-23.77749],[151.32804,-23.79808],[151.33978,-23.80614],[151.33665,-23.82392],[151.35401,-23.81898],[151.36071,-23.82406],[151.36527,-23.84732],[151.37069,-23.8427],[151.36553,-23.85522]]],[[[150.01391,-22.10564],[150.01045,-22.101],[150.00107,-22.10525],[150.00107,-22.12226],[149.99224,-22.1135],[149.97846,-22.11763],[149.97007,-22.13403],[149.95964,-22.13035],[149.93659,-22.14512],[149.93323,-22.15236],[149.94338,-22.17093],[149.97528,-22.15882],[149.9873,-22.14218],[150.02068,-22.1269],[150.02234,-22.11993],[150.011,-22.11643],[150.0135,-22.10992],[150.04036,-22.11143],[150.03739,-22.10644],[150.02427,-22.11083],[150.01391,-22.10564]]],[[[153.41076,-27.84839],[153.4105,-27.85639],[153.42458,-27.87277],[153.42021,-27.92021],[153.42975,-27.9324],[153.42496,-27.90801],[153.44535,-27.75738],[153.43975,-27.75109],[153.44144,-27.77039],[153.43218,-27.79493],[153.40864,-27.82579],[153.41076,-27.84839]]],[[[150.97553,-23.14885],[150.95775,-23.15547],[150.95111,-23.17119],[150.93545,-23.169],[150.93974,-23.19777],[150.97838,-23.18315],[150.98796,-23.19203],[150.98669,-23.18413],[150.99423,-23.17755],[150.97551,-23.1712],[150.97553,-23.14885]]],[[[153.40279,-27.63736],[153.40058,-27.64502],[153.39083,-27.64134],[153.38949,-27.64624],[153.37095,-27.64606],[153.36613,-27.65159],[153.36721,-27.67063],[153.3746,-27.6679],[153.37938,-27.67349],[153.36678,-27.69636],[153.38224,-27.70833],[153.3976,-27.69595],[153.38826,-27.65737],[153.40484,-27.6427],[153.41595,-27.64182],[153.40279,-27.63736]]],[[[152.95508,-25.49358],[152.95045,-25.48138],[152.94103,-25.47954],[152.9342,-25.49509],[152.93366,-25.48222],[152.9089,-25.5003],[152.91474,-25.52859],[152.93611,-25.52268],[152.9354,-25.51721],[152.92271,-25.51567],[152.93153,-25.51384],[152.93409,-25.49915],[152.93402,-25.51372],[152.94137,-25.51629],[152.95508,-25.49358]]],[[[150.4607,-22.24263],[150.45411,-22.23424],[150.46401,-22.22518],[150.43984,-22.23265],[150.43058,-22.25209],[150.44256,-22.25455],[150.43432,-22.26767],[150.41554,-22.27958],[150.42308,-22.29025],[150.42166,-22.29936],[150.42987,-22.28839],[150.4258,-22.28249],[150.43062,-22.2725],[150.44098,-22.26795],[150.44395,-22.27406],[150.44607,-22.26619],[150.46335,-22.25921],[150.45472,-22.24732],[150.46538,-22.24841],[150.4607,-22.24263]]],[[[153.40672,-27.78304],[153.38375,-27.78658],[153.3925,-27.79294],[153.37434,-27.80806],[153.37665,-27.81782],[153.39455,-27.81878],[153.40289,-27.81166],[153.41163,-27.79094],[153.40672,-27.78304]]],[[[153.36245,-27.58194],[153.34995,-27.60156],[153.34849,-27.62148],[153.36342,-27.63154],[153.37633,-27.61803],[153.36825,-27.60587],[153.36814,-27.61607],[153.36036,-27.61432],[153.36771,-27.58967],[153.36245,-27.58194]]],[[[153.38408,-27.76709],[153.36994,-27.75584],[153.36462,-27.74259],[153.35894,-27.74522],[153.37255,-27.77904],[153.4182,-27.77448],[153.38408,-27.76709]]],[[[152.98896,-25.31461],[152.94371,-25.27321],[152.94462,-25.28325],[152.95985,-25.30274],[152.97778,-25.31052],[152.99347,-25.33587],[152.98896,-25.31461]]],[[[153.40171,-27.75144],[153.3927,-27.73827],[153.38337,-27.73992],[153.37642,-27.75204],[153.3929,-27.76544],[153.4085,-27.75835],[153.40171,-27.75144]]],[[[150.18342,-21.97283],[150.15993,-21.97757],[150.15154,-21.97137],[150.1647,-21.98604],[150.16874,-22.00414],[150.18025,-21.99843],[150.178,-21.98275],[150.18529,-21.98125],[150.18342,-21.97283]]],[[[152.87365,-25.4239],[152.86168,-25.41286],[152.86622,-25.43487],[152.87417,-25.43011],[152.87993,-25.44308],[152.90859,-25.42651],[152.89294,-25.4304],[152.89355,-25.42622],[152.87365,-25.4239]]],[[[150.90225,-23.06471],[150.89208,-23.05447],[150.89336,-23.06565],[150.88462,-23.07742],[150.8894,-23.08315],[150.90402,-23.07971],[150.91321,-23.08757],[150.91439,-23.07967],[150.90225,-23.06471]]],[[[153.37474,-27.49807],[153.371,-27.48953],[153.35911,-27.48574],[153.35588,-27.49227],[153.33824,-27.49665],[153.34718,-27.51262],[153.35602,-27.50257],[153.37474,-27.49807]]],[[[153.36959,-27.71667],[153.38519,-27.73757],[153.39553,-27.73772],[153.40481,-27.74825],[153.41747,-27.74415],[153.39611,-27.72896],[153.38628,-27.73116],[153.37946,-27.72485],[153.38096,-27.71754],[153.36959,-27.71667]]],[[[153.18249,-27.39389],[153.17812,-27.38085],[153.17084,-27.38286],[153.17804,-27.37329],[153.17874,-27.37829],[153.18557,-27.37667],[153.17423,-27.3705],[153.16418,-27.3798],[153.15789,-27.39897],[153.16542,-27.39902],[153.16808,-27.39246],[153.18249,-27.39389]]],[[[153.26107,-27.34045],[153.26176,-27.33115],[153.24901,-27.32323],[153.24164,-27.3274],[153.23924,-27.33959],[153.24552,-27.34545],[153.26107,-27.34045]]],[[[149.90781,-22.25785],[149.91553,-22.23782],[149.91288,-22.22726],[149.89616,-22.25057],[149.89753,-22.25903],[149.90781,-22.25785]]],[[[149.87861,-22.00103],[149.87887,-21.99192],[149.8685,-21.99258],[149.86532,-22.00041],[149.84404,-22.00422],[149.85011,-22.01186],[149.86174,-22.01305],[149.86629,-22.00424],[149.87861,-22.00103]]],[[[153.32926,-27.63518],[153.32356,-27.65106],[153.3303,-27.67],[153.34144,-27.64881],[153.32926,-27.63518]]],[[[153.39199,-27.7111],[153.37738,-27.70942],[153.38575,-27.72583],[153.40099,-27.73238],[153.40273,-27.7258],[153.39199,-27.7111]]],[[[152.37436,-24.73121],[152.38454,-24.74761],[152.37836,-24.74909],[152.37778,-24.76659],[152.39486,-24.74998],[152.39117,-24.74776],[152.39604,-24.74906],[152.37436,-24.73121]]],[[[149.89251,-22.25227],[149.88625,-22.23729],[149.87669,-22.2353],[149.87701,-22.25145],[149.89251,-22.25227]]],[[[150.86213,-23.5336],[150.8616,-23.5248],[150.83785,-23.52116],[150.84695,-23.53264],[150.86213,-23.5336]]],[[[153.33973,-27.68985],[153.32945,-27.67941],[153.31976,-27.67989],[153.32742,-27.69464],[153.33913,-27.69494],[153.33973,-27.68985]]],[[[150.30503,-22.24667],[150.31972,-22.24488],[150.32332,-22.23567],[150.2975,-22.23872],[150.30503,-22.24667]]],[[[151.31422,-23.87861],[151.31827,-23.86085],[151.31075,-23.85315],[151.30594,-23.87052],[151.31422,-23.87861]]],[[[153.36046,-27.68627],[153.35425,-27.64927],[153.35092,-27.68322],[153.3554,-27.687],[153.36046,-27.68627]]],[[[153.43341,-27.74519],[153.40455,-27.75123],[153.41042,-27.75772],[153.42594,-27.75496],[153.43341,-27.74519]]],[[[153.23905,-27.38127],[153.23564,-27.37716],[153.22392,-27.39018],[153.23939,-27.39742],[153.23905,-27.38127]]],[[[150.68993,-21.94887],[150.68474,-21.94771],[150.68522,-21.95955],[150.67738,-21.96539],[150.69041,-21.96721],[150.69141,-21.9535],[150.69828,-21.95341],[150.68993,-21.94887]]],[[[150.28123,-22.34893],[150.27313,-22.34717],[150.26635,-22.35805],[150.251,-22.36455],[150.26467,-22.3698],[150.27234,-22.35234],[150.28123,-22.34893]]],[[[149.92219,-22.20024],[149.93169,-22.18734],[149.92654,-22.17483],[149.91867,-22.19586],[149.92219,-22.20024]]],[[[153.38447,-27.6163],[153.37482,-27.62121],[153.37356,-27.63035],[153.38584,-27.62742],[153.38982,-27.62005],[153.38447,-27.6163]]],[[[152.89996,-25.59646],[152.89964,-25.58082],[152.89152,-25.57747],[152.89128,-25.59408],[152.89996,-25.59646]]],[[[152.95943,-25.63574],[152.96392,-25.61953],[152.95357,-25.61583],[152.95515,-25.63321],[152.95943,-25.63574]]],[[[151.31125,-23.89183],[151.31316,-23.88381],[151.30633,-23.87369],[151.30403,-23.89561],[151.30589,-23.89751],[151.31125,-23.89183]]],[[[152.94416,-25.57848],[152.94534,-25.58052],[152.94893,-25.57486],[152.94862,-25.55771],[152.94067,-25.56236],[152.94416,-25.57848]]],[[[150.87024,-23.51224],[150.8701,-23.50524],[150.85054,-23.51174],[150.86451,-23.517],[150.87024,-23.51224]]],[[[152.93768,-25.59601],[152.93083,-25.58641],[152.92892,-25.59898],[152.93727,-25.61128],[152.93768,-25.59601]]],[[[151.43937,-24.05022],[151.43586,-24.03793],[151.43021,-24.03807],[151.42803,-24.04716],[151.43643,-24.05394],[151.43937,-24.05022]]],[[[153.33229,-27.56305],[153.31967,-27.57235],[153.33609,-27.5742],[153.33823,-27.56452],[153.33229,-27.56305]]],[[[150.11595,-21.9314],[150.1186,-21.91519],[150.10832,-21.92223],[150.10802,-21.93162],[150.11595,-21.9314]]],[[[153.38004,-27.74318],[153.37869,-27.73668],[153.3665,-27.73094],[153.37103,-27.74844],[153.37497,-27.74382],[153.38004,-27.74318]]],[[[150.13783,-21.99889],[150.13725,-21.99306],[150.12808,-21.98766],[150.12547,-22.00137],[150.13783,-21.99889]]],[[[149.87955,-22.25402],[149.8847,-22.26325],[149.89413,-22.26208],[149.89361,-22.25407],[149.87955,-22.25402]]],[[[153.38255,-27.82309],[153.39006,-27.82992],[153.3968,-27.82897],[153.39733,-27.8225],[153.39134,-27.81974],[153.38255,-27.82309]]],[[[150.14665,-21.95883],[150.13989,-21.95844],[150.14303,-21.98042],[150.1474,-21.97924],[150.14262,-21.9621],[150.14968,-21.96203],[150.14665,-21.95883]]],[[[153.4201,-27.76798],[153.42395,-27.76553],[153.40993,-27.76187],[153.39923,-27.76848],[153.4201,-27.76798]]],[[[152.96609,-25.49007],[152.96996,-25.48151],[152.9658,-25.47365],[152.95969,-25.48822],[152.96609,-25.49007]]],[[[153.35254,-27.63236],[153.34229,-27.62714],[153.33983,-27.62134],[153.33572,-27.62142],[153.34652,-27.63674],[153.34922,-27.63801],[153.35254,-27.63236]]],[[[152.9024,-25.56968],[152.89623,-25.56203],[152.89015,-25.56871],[152.90025,-25.57389],[152.9024,-25.56968]]],[[[152.92404,-25.57765],[152.92179,-25.57495],[152.91835,-25.57927],[152.92426,-25.59808],[152.92404,-25.57765]]]],"type":"MultiPolygon"},"properties":{"area_sqkm":968804.98,"id":"brisbane","name":"Brisbane Hub"},"type":"Feature"},
{"geometry":{"coordinates":[[[[142.59453,-10.88926],[142.57505,-10.8696],[142.56898,-10.87231],[142.57445,-10.88701],[142.57309,-10.8774],[142.55823,-10.88009],[142.55755,-10.8741],[142.54265,-10.90223],[142.55579,-10.91344],[142.54333,-10.90789],[142.52567,-10.93488],[142.5124,-10.93972],[142.49865,-10.96812],[142.48211,-10.97837],[142.48196,-10.97159],[142.50006,-10.95443],[142.49781,-10.93906],[142.48869,-10.94408],[142.50337,-10.93066],[142.50659,-10.92219],[142.50112,-10.9177],[142.5161,-10.90944],[142.51045,-10.86115],[142.51722,-10.84376],[142.53209,-10.84342],[142.54926,-10.83182],[142.56645,-10.79532],[142.57857,-10.79578],[142.58752,-10.77364],[142.59965,-10.76439],[142.59702,-10.75839],[142.60927,-10.74902],[142.58322,-10.73384],[142.58106,-10.7248],[142.57396,-10.73281],[142.567,-10.72207],[142.55842,-10.72771],[142.55172,-10.70836],[142.5453,-10.71266],[142.53856,-10.7062],[142.54063,-10.69625],[142.53093,-10.68754],[142.51594,-10.70289],[142.51115,-10.69961],[142.50968,-10.7091],[142.49821,-10.71681],[142.45936,-10.72028],[142.4361,-10.7102],[142.42315,-10.72722],[142.42669,-10.73851],[142.39171,-10.82578],[142.36652,-10.84599],[142.35368,-10.88174],[142.32126,-10.90223],[142.31502,-10.91515],[142.31875,-10.90597],[142.31324,-10.90114],[142.28468,-10.91793],[142.24973,-10.90949],[142.22552,-10.92232],[142.19364,-10.91497],[142.13279,-10.94845],[142.12594,-10.98138],[142.14473,-11.03908],[142.15294,-11.09387],[142.14735,-11.09875],[142.15728,-11.12178],[142.1475,-11.1383],[142.13768,-11.20695],[142.12858,-11.22168],[142.11622,-11.22467],[142.1268,-11.26837],[142.11996,-11.36854],[142.09733,-11.44503],[142.10049,-11.46321],[142.08858,-11.46473],[142.05131,-11.55484],[142.02573,-11.66315],[142.01595,-11.67308],[142.00189,-11.75327],[141.97742,-11.77697],[141.96196,-11.82077],[141.94217,-11.94551],[141.94342,-11.97773],[141.97168,-11.98011],[142.00082,-12.01289],[142.01224,-12.03911],[141.99419,-12.05965],[141.95798,-12.04232],[141.93235,-12.07088],[141.93075,-12.11516],[141.94894,-12.14991],[141.9245,-12.1681],[141.91335,-12.16435],[141.92784,-12.161],[141.94504,-12.14638],[141.92541,-12.12242],[141.91603,-12.0743],[141.91781,-12.04136],[141.8865,-11.98503],[141.89634,-11.96432],[141.90902,-11.95546],[141.87998,-11.95441],[141.85044,-11.98445],[141.81038,-12.04863],[141.73539,-12.21821],[141.71483,-12.23471],[141.67342,-12.36954],[141.59192,-12.55896],[141.60069,-12.57179],[141.62571,-12.58326],[141.64324,-12.5776],[141.65449,-12.56341],[141.69481,-12.55698],[141.69576,-12.5338],[141.70201,-12.51957],[141.70942,-12.51895],[141.76005,-12.53914],[141.76251,-12.55092],[141.76975,-12.55266],[141.76841,-12.56566],[141.79351,-12.5822],[141.81146,-12.58422],[141.81988,-12.60146],[141.83155,-12.59315],[141.85121,-12.59585],[141.87924,-12.5839],[141.89374,-12.59353],[141.88608,-12.61729],[141.87675,-12.61916],[141.85927,-12.63774],[141.83782,-12.64521],[141.83162,-12.64201],[141.82733,-12.64855],[141.83953,-12.66828],[141.85932,-12.66455],[141.87774,-12.67131],[141.86311,-12.69341],[141.85452,-12.68623],[141.83897,-12.68774],[141.82109,-12.67181],[141.80378,-12.67953],[141.79533,-12.72914],[141.76246,-12.81661],[141.7399,-12.85347],[141.72071,-12.86411],[141.71002,-12.87898],[141.6858,-12.88348],[141.67029,-12.89413],[141.65275,-12.91676],[141.64099,-12.91839],[141.63598,-12.90875],[141.60981,-12.94648],[141.59974,-12.95207],[141.58316,-12.99672],[141.58871,-13.01723],[141.60451,-13.0204],[141.61777,-13.03996],[141.61394,-13.09195],[141.62949,-13.15943],[141.64507,-13.16893],[141.65776,-13.2042],[141.67992,-13.21754],[141.69076,-13.23664],[141.69539,-13.27008],[141.6821,-13.30276],[141.63011,-13.36767],[141.59326,-13.45915],[141.5506,-13.50694],[141.52328,-13.57213],[141.50322,-13.65768],[141.48971,-13.77126],[141.46719,-13.86425],[141.46818,-13.92314],[141.47631,-13.94591],[141.51177,-13.99455],[141.57254,-14.05732],[141.59903,-14.11666],[141.59289,-14.15872],[141.60248,-14.23351],[141.5984,-14.25837],[141.55051,-14.37974],[141.52561,-14.48709],[141.5536,-14.59257],[141.55349,-14.64242],[141.56698,-14.74031],[141.59026,-14.85731],[141.6289,-14.94491],[141.65136,-14.97361],[141.66441,-15.00577],[141.65264,-14.97372],[141.66103,-14.98626],[141.66583,-15.03043],[141.65955,-15.0552],[141.65904,-15.04994],[141.62966,-15.1053],[141.63932,-15.13089],[141.63551,-15.14967],[141.59203,-15.19608],[141.58026,-15.19875],[141.58596,-15.20171],[141.58103,-15.20806],[141.57559,-15.2054],[141.57971,-15.23647],[141.56959,-15.29217],[141.54511,-15.33254],[141.52329,-15.41078],[141.47304,-15.52167],[141.43468,-15.65759],[141.40931,-15.87129],[141.39757,-15.90963],[141.37338,-15.91691],[141.39267,-15.9512],[141.40966,-16.02389],[141.43277,-16.07476],[141.41237,-16.12277],[141.35108,-16.21887],[141.34352,-16.27027],[141.32083,-16.34245],[141.29651,-16.39722],[141.28971,-16.39801],[141.28607,-16.40817],[141.28721,-16.42569],[141.30486,-16.45712],[141.29648,-16.49621],[141.27065,-16.55775],[141.25947,-16.55299],[141.25137,-16.55773],[141.23304,-16.58798],[141.22119,-16.6561],[141.20445,-16.69199],[141.12882,-16.77976],[141.09388,-16.80377],[141.08229,-16.80316],[141.07868,-16.83626],[141.06485,-16.87024],[141.01122,-16.94072],[140.97359,-16.96984],[140.95802,-16.99814],[140.94689,-17.04059],[140.95525,-17.08621],[140.96223,-17.09284],[140.95693,-17.09106],[140.95391,-17.09854],[140.9504,-17.15077],[140.94043,-17.18461],[140.92554,-17.19859],[140.92526,-17.21329],[140.91255,-17.23313],[140.90603,-17.26831],[140.90966,-17.27741],[140.89939,-17.30282],[140.89922,-17.31503],[140.90499,-17.31624],[140.89959,-17.31796],[140.89371,-17.34229],[140.90083,-17.34865],[140.8934,-17.34941],[140.884,-17.3741],[140.88742,-17.38231],[140.8797,-17.38531],[140.82882,-17.45517],[140.8284,-17.46534],[140.76944,-17.4777],[140.7355,-17.51222],[140.70984,-17.50993],[140.67459,-17.5329],[140.65723,-17.55489],[140.59363,-17.59783],[140.56594,-17.60154],[140.47918,-17.64487],[140.46221,-17.64887],[140.44792,-17.64168],[140.38457,-17.67788],[140.24733,-17.6985],[140.21668,-17.70917],[140.19992,-17.70298],[140.09343,-17.72254],[140.00438,-17.71458],[139.98291,-17.70476],[139.94882,-17.6738],[139.93644,-17.64442],[139.94127,-17.63753],[139.93774,-17.63098],[139.84721,-17.59605],[139.84179,-17.60023],[139.84508,-17.60475],[139.83389,-17.60542],[139.8392,-17.58983],[139.82177,-17.57062],[139.80893,-17.57809],[139.77698,-17.57341],[139.7573,-17.57702],[139.75177,-17.56368],[139.73728,-17.56174],[139.72162,-17.5484],[139.7123,-17.55347],[139.70748,-17.54759],[139.64669,-17.53814],[139.60328,-17.50542],[139.59095,-17.48236],[139.55034,-17.46895],[139.55236,-17.46048],[139.53532,-17.44136],[139.51227,-17.43047],[139.4769,-17.4009],[139.4525,-17.39551],[139.43644,-17.42251],[139.45049,-17.39383],[139.41741,-17.3746],[139.34151,-17.37458],[139.3058,-17.36484],[139.23767,-17.31978],[139.20116,-17.27047],[139.15505,-17.16389],[139.14056,-17.07869],[139.15793,-17.02923],[139.08672,-16.99851],[139.07805,-16.98717],[139.07924,-16.97779],[139.04322,-16.95019],[139.03479,-16.92798],[139.03868,-16.91244],[138.97921,-16.88729],[138.94517,-16.88894],[138.91597,-16.87601],[138.8838,-16.88477],[138.88065,-16.87731],[138.84464,-16.86798],[138.82285,-16.8528],[138.75743,-16.83345],[138.74643,-16.82361],[138.68116,-16.80017],[138.65093,-16.77889],[138.65858,-16.78418],[138.65742,-16.77819],[138.62896,-16.76794],[138.53999,-16.78196],[138.48643,-16.78307],[138.47157,-16.77545],[138.47951,-16.78361],[138.45059,-16.77322],[138.4279,-16.77726],[138.36211,-16.74034],[138.34088,-16.74217],[138.33915,-16.73618],[138.32907,-16.73636],[138.32362,-16.75046],[138.2729,-16.71939],[138.19509,-16.69632],[138.11836,-16.64924],[138.06022,-16.59782],[138.04722,-16.57832],[137.9946,-16.53826],[137.99825,-23.5209],[138.46439,-23.55506],[138.59205,-23.46253],[138.66877,-23.54008],[138.82556,-23.54562],[138.9211,-23.47649],[138.89945,-23.44833],[139.07635,-23.30682],[139.1227,-23.35208],[139.17487,-23.30997],[139.339,-23.47387],[139.29542,-23.50998],[139.47576,-23.52078],[139.46373,-23.67129],[139.89261,-23.69364],[139.88866,-23.67674],[139.87751,-23.67181],[139.86254,-23.62968],[139.93623,-23.57709],[139.93917,-23.55002],[139.93072,-23.5478],[139.93792,-23.48723],[140.35557,-23.52578],[140.34191,-23.41827],[140.41323,-23.34621],[140.57265,-23.23141],[140.66264,-23.15666],[140.71936,-23.18863],[140.75962,-23.22316],[140.82937,-23.17019],[140.82219,-23.16155],[140.947,-23.06777],[140.92457,-23.04444],[141.04636,-22.94765],[141.02273,-22.92334],[140.98916,-22.91321],[140.98506,-22.89627],[140.99907,-22.89842],[141.12226,-22.80449],[141.11446,-22.7745],[141.12286,-22.7492],[141.11725,-22.7027],[141.10277,-22.69007],[141.09085,-22.61823],[141.13389,-22.62126],[141.14563,-22.63336],[141.19892,-22.59756],[141.07972,-22.46565],[141.24578,-22.33543],[141.25349,-22.32137],[141.18285,-22.24963],[141.19863,-22.05517],[141.29434,-22.06189],[141.28454,-21.98884],[141.30967,-21.93967],[141.48325,-21.94717],[141.50783,-21.75047],[141.58316,-21.75598],[141.58002,-21.79319],[141.73828,-21.80702],[141.74048,-21.79173],[142.0487,-21.816],[142.06622,-21.69515],[142.06915,-21.61039],[142.06451,-21.60838],[142.06935,-21.60472],[142.072,-21.54075],[142.23184,-21.55087],[142.22816,-21.59628],[142.33519,-21.6071],[142.33256,-21.63632],[142.49122,-21.64418],[142.49559,-21.598],[142.65651,-21.61036],[142.65137,-21.66749],[142.71847,-21.61495],[142.69396,-21.58786],[142.8154,-21.49313],[142.86209,-21.54506],[142.94241,-21.48166],[142.95333,-21.49376],[143.18803,-21.30866],[143.35953,-21.32201],[143.32877,-21.61186],[143.64926,-21.64118],[143.63084,-21.79742],[143.78183,-21.81408],[144.04462,-21.8303],[144.03885,-21.89471],[144.1843,-21.91332],[144.18849,-21.90841],[144.18033,-21.98956],[144.26344,-21.99739],[144.26849,-22.04787],[144.41721,-22.06172],[144.41387,-22.09836],[144.40281,-22.1133],[144.39778,-22.15705],[144.50178,-22.16514],[144.50051,-22.18566],[144.72353,-22.20211],[144.73978,-22.21173],[144.75232,-22.0948],[144.79636,-22.09843],[144.80091,-22.04539],[144.94305,-22.05915],[144.9563,-21.93031],[145.08221,-21.94261],[145.08434,-21.91026],[145.07425,-21.89975],[145.0752,-21.89144],[145.15296,-21.89893],[145.16607,-21.78489],[145.2548,-21.7938],[145.26204,-21.82872],[145.41823,-21.84625],[145.43473,-21.69205],[145.5294,-21.70194],[145.53283,-21.65825],[145.67848,-21.66819],[145.67474,-21.70814],[145.6506,-21.70712],[145.64062,-21.89399],[145.63017,-21.89292],[145.6272,-21.92672],[145.66826,-21.93203],[145.66117,-22.04116],[145.77008,-22.04853],[145.76961,-22.06659],[146.03776,-22.1058],[146.06606,-22.11621],[146.07406,-22.12338],[146.06458,-22.18576],[146.07066,-22.22662],[146.05213,-22.3385],[146.12207,-22.34742],[146.10892,-22.44566],[146.27555,-22.46274],[146.2693,-22.50865],[146.29694,-22.49574],[146.32959,-22.49482],[146.38297,-22.52089],[146.4286,-22.48794],[146.43673,-22.48708],[146.45177,-22.49931],[146.43932,-22.54887],[146.42416,-22.54738],[146.40143,-22.7555],[146.5484,-22.76889],[146.54842,-22.77824],[146.52873,-22.79281],[146.52477,-22.80405],[146.54575,-22.83769],[146.56014,-22.87844],[146.57843,-22.88956],[146.61085,-22.88117],[146.62354,-22.88659],[146.64606,-22.88321],[146.66431,-22.90654],[146.66509,-22.92516],[146.68423,-22.94577],[146.70228,-22.96222],[146.73277,-22.97016],[146.75288,-22.98426],[146.78756,-23.03715],[146.78221,-23.05374],[146.78654,-23.07924],[146.77887,-23.09068],[146.78905,-23.12731],[146.81452,-23.15363],[146.86417,-23.17492],[146.8747,-23.19565],[146.87221,-23.21072],[146.88446,-23.22027],[146.8777,-23.26923],[146.85486,-23.29378],[146.85458,-23.30475],[146.9327,-23.31548],[146.93972,-23.26036],[146.9763,-23.26328],[147.07906,-23.27983],[147.07485,-23.30692],[147.15869,-23.32626],[147.16188,-23.33971],[147.28661,-23.35124],[147.28311,-23.33071],[147.2951,-23.32241],[147.28004,-23.29892],[147.28752,-23.2791],[147.27375,-23.27077],[147.26076,-23.24465],[147.26075,-23.21013],[147.28654,-23.19337],[147.31501,-23.19315],[147.33992,-23.18256],[147.35396,-23.19039],[147.38337,-23.16536],[147.39457,-23.14733],[147.4415,-23.11977],[147.46415,-23.09222],[147.47852,-23.09146],[147.48745,-23.07865],[147.48372,-23.04666],[147.5084,-23.02908],[147.51999,-23.02843],[147.49706,-23.0009],[147.50416,-22.98576],[147.55303,-23.00917],[147.55348,-22.99266],[147.56099,-22.98747],[147.55541,-22.97636],[147.56824,-22.96169],[147.58228,-22.96301],[147.58786,-22.92228],[147.59678,-22.92345],[147.59898,-22.90901],[147.60636,-22.90711],[147.60521,-22.89241],[147.61795,-22.89389],[147.62064,-22.91211],[147.64051,-22.92629],[147.66104,-22.92107],[147.66386,-22.91272],[147.68078,-22.90973],[147.69433,-22.91469],[147.70277,-22.88582],[147.73697,-22.86154],[147.75499,-22.8561],[147.79407,-22.8005],[147.82095,-22.78293],[147.84512,-22.78507],[147.8738,-22.76566],[147.89511,-22.76173],[147.91475,-22.73272],[147.91278,-22.71875],[147.93147,-22.71819],[147.97095,-22.70238],[147.98525,-22.70447],[147.99554,-22.68965],[147.9952,-22.67405],[148.01309,-22.65425],[148.023,-22.69312],[148.04781,-22.69747],[148.06076,-22.70987],[148.06394,-22.73949],[148.10967,-22.76703],[148.14351,-22.76485],[148.14926,-22.77932],[148.16932,-22.78303],[148.17614,-22.79034],[148.19639,-22.78113],[148.23083,-22.7774],[148.23907,-22.73977],[148.34313,-22.72542],[148.37382,-22.76728],[148.37141,-22.79056],[148.35708,-22.8083],[148.33848,-22.81146],[148.32639,-22.83273],[148.29714,-22.85459],[148.28256,-22.87478],[148.27505,-22.8756],[148.29042,-22.89961],[148.28866,-22.90796],[148.29772,-22.9095],[148.32505,-22.94984],[148.45807,-22.86749],[148.5419,-22.8773],[148.54016,-22.92339],[148.55269,-22.94182],[148.54253,-22.95102],[148.54258,-22.95941],[148.5503,-22.95724],[148.55444,-22.97467],[148.58094,-22.97168],[148.58496,-23.00055],[148.59971,-23.00286],[148.58783,-23.07147],[148.56227,-23.1159],[148.57919,-23.11753],[148.62442,-23.14898],[148.56522,-23.22196],[148.5825,-23.23394],[148.51216,-23.28902],[148.50267,-23.33033],[148.55034,-23.34683],[148.57049,-23.3793],[148.55038,-23.40692],[148.57298,-23.46896],[148.52268,-23.50538],[148.5255,-23.55032],[148.53749,-23.55596],[148.57056,-23.55247],[148.58118,-23.53107],[148.59258,-23.54331],[148.61222,-23.53964],[148.63415,-23.50971],[148.63501,-23.4766],[148.65424,-23.47608],[148.67851,-23.44937],[148.70554,-23.43533],[148.67235,-23.42109],[148.67827,-23.41881],[148.68152,-23.40473],[148.69485,-23.40208],[148.71247,-23.38642],[148.70457,-23.36584],[148.71184,-23.35375],[148.73605,-23.34789],[148.74753,-23.37911],[148.75856,-23.38119],[148.77543,-23.37396],[148.78066,-23.35115],[148.79683,-23.3524],[148.79965,-23.36237],[148.82566,-23.37949],[148.86564,-23.35609],[148.86898,-23.31914],[148.85642,-23.30996],[148.8453,-23.28934],[148.85379,-23.28015],[148.85577,-23.26593],[148.87341,-23.2605],[148.87915,-23.24781],[148.89803,-23.26145],[148.92509,-23.26196],[148.9212,-23.25129],[148.92567,-23.24561],[148.9481,-23.24056],[148.9526,-23.22465],[148.94726,-23.21789],[148.95339,-23.20781],[148.97044,-23.20453],[148.96668,-23.19713],[148.97465,-23.19282],[148.98544,-23.19451],[149.00633,-23.1667],[149.00574,-23.15022],[148.9873,-23.14378],[148.99055,-23.12971],[148.97352,-23.12509],[148.97722,-23.11309],[148.97119,-23.10248],[148.97615,-23.09454],[149.02536,-23.08142],[149.04429,-23.05885],[149.08443,-23.06142],[149.11142,-23.05605],[149.1251,-23.06271],[149.17986,-23.04824],[149.19921,-23.04991],[149.22908,-23.003],[149.23717,-22.97599],[149.28725,-22.95598],[149.28542,-22.94177],[149.30389,-22.92581],[149.31252,-22.90638],[149.33024,-22.89863],[149.32956,-22.87571],[149.36859,-22.87787],[149.39835,-22.85726],[149.41318,-22.85747],[149.43466,-22.82788],[149.43621,-22.80939],[149.43016,-22.80628],[149.427,-22.77156],[149.44044,-22.76538],[149.44853,-22.74076],[149.43506,-22.72975],[149.43202,-22.70162],[149.40873,-22.69466],[149.40375,-22.68087],[149.39069,-22.68532],[149.37703,-22.65888],[149.38816,-22.63538],[149.38854,-22.61601],[149.39702,-22.61531],[149.40759,-22.63684],[149.42438,-22.64731],[149.45244,-22.62805],[149.45871,-22.63149],[149.46344,-22.59665],[149.49247,-22.62098],[149.5111,-22.61698],[149.51809,-22.62324],[149.56572,-22.59351],[149.62544,-22.59772],[149.62678,-22.58208],[149.63952,-22.58477],[149.63101,-22.54417],[149.65232,-22.52313],[149.65736,-22.50461],[149.7521,-22.43638],[149.74359,-22.42144],[149.74686,-22.387],[149.7667,-22.37135],[149.73106,-22.34778],[149.71326,-22.35664],[149.71051,-22.36974],[149.7043,-22.36945],[149.69332,-22.34825],[149.68422,-22.3451],[149.66982,-22.35575],[149.65828,-22.35489],[149.65628,-22.33605],[149.62936,-22.29718],[149.59729,-22.28147],[149.6032,-22.27164],[149.59773,-22.26747],[149.5988,-22.25392],[149.57413,-22.23321],[149.56227,-22.19147],[149.55438,-22.18732],[149.56695,-22.17194],[149.55894,-22.16823],[149.55366,-22.14048],[149.54323,-22.13418],[149.54381,-22.12345],[149.51705,-22.07532],[149.52337,-22.02711],[149.49009,-21.9895],[149.48526,-21.9585],[149.46542,-21.92568],[149.46554,-21.90852],[149.45983,-21.90404],[149.46574,-21.90254],[149.46228,-21.87593],[149.47168,-21.83852],[149.46274,-21.83903],[149.45594,-21.8301],[149.46311,-21.82221],[149.45835,-21.8175],[149.43897,-21.8104],[149.43431,-21.8181],[149.4308,-21.7459],[149.42674,-21.7712],[149.42165,-21.77169],[149.42729,-21.76386],[149.42522,-21.74344],[149.43971,-21.74347],[149.45653,-21.72994],[149.44247,-21.7236],[149.43271,-21.72704],[149.43583,-21.72194],[149.45553,-21.72634],[149.4797,-21.74289],[149.48068,-21.72922],[149.47268,-21.72612],[149.47063,-21.70841],[149.44928,-21.71317],[149.45818,-21.70803],[149.45274,-21.68832],[149.44476,-21.68792],[149.45593,-21.67962],[149.44535,-21.66771],[149.44335,-21.65949],[149.44914,-21.65866],[149.44065,-21.65274],[149.43864,-21.64089],[149.45347,-21.60289],[149.47329,-21.58934],[149.47775,-21.57161],[149.48619,-21.57065],[149.48459,-21.53171],[149.4682,-21.53487],[149.45771,-21.5531],[149.47236,-21.55956],[149.45737,-21.55581],[149.46501,-21.56119],[149.45332,-21.56271],[149.45332,-21.58167],[149.44339,-21.59336],[149.44968,-21.5782],[149.43235,-21.58429],[149.4369,-21.57987],[149.42202,-21.5751],[149.44424,-21.57757],[149.43781,-21.55378],[149.41423,-21.54625],[149.40098,-21.54982],[149.40044,-21.55896],[149.40869,-21.55875],[149.40044,-21.56044],[149.39278,-21.54999],[149.39899,-21.54059],[149.385,-21.54167],[149.37362,-21.53508],[149.39579,-21.4931],[149.35569,-21.50301],[149.35006,-21.50937],[149.35709,-21.49623],[149.33959,-21.47455],[149.33473,-21.48654],[149.30921,-21.49671],[149.32687,-21.50509],[149.30188,-21.50058],[149.29716,-21.51131],[149.28672,-21.48723],[149.27425,-21.47849],[149.29845,-21.47081],[149.28912,-21.46307],[149.29826,-21.4264],[149.31541,-21.42627],[149.32104,-21.41895],[149.33432,-21.43343],[149.33822,-21.42692],[149.33126,-21.41026],[149.32502,-21.41526],[149.31534,-21.41045],[149.29536,-21.41574],[149.28218,-21.4096],[149.2889,-21.40167],[149.27636,-21.40072],[149.28319,-21.39469],[149.27617,-21.38909],[149.2887,-21.38936],[149.30215,-21.40002],[149.30644,-21.39142],[149.31218,-21.39659],[149.31729,-21.39272],[149.3186,-21.36957],[149.31185,-21.37425],[149.30857,-21.36467],[149.31514,-21.35447],[149.29723,-21.34067],[149.30154,-21.33513],[149.2912,-21.31802],[149.29541,-21.31721],[149.29866,-21.27329],[149.29147,-21.2701],[149.28524,-21.27946],[149.27399,-21.27759],[149.26054,-21.26196],[149.25587,-21.24471],[149.2249,-21.26371],[149.19808,-21.29644],[149.19025,-21.29541],[149.20173,-21.27769],[149.18522,-21.27788],[149.18069,-21.28683],[149.17993,-21.2779],[149.19927,-21.26811],[149.21407,-21.24153],[149.20202,-21.21313],[149.19021,-21.2164],[149.18499,-21.20349],[149.17422,-21.19832],[149.18467,-21.19928],[149.18911,-21.21145],[149.19598,-21.21101],[149.19316,-21.18384],[149.19982,-21.15896],[149.21516,-21.14535],[149.17263,-21.13412],[149.16155,-21.13564],[149.15258,-21.14556],[149.16347,-21.13202],[149.20008,-21.13728],[149.20403,-21.13275],[149.19272,-21.13224],[149.19689,-21.12556],[149.20898,-21.13037],[149.22275,-21.14769],[149.22422,-21.11593],[149.2354,-21.10611],[149.22613,-21.10106],[149.22703,-21.06279],[149.20556,-21.07676],[149.18672,-21.03406],[149.17473,-21.03267],[149.17067,-21.0422],[149.15754,-21.01623],[149.15807,-21.00031],[149.13459,-20.99504],[149.11551,-21.00241],[149.08881,-20.97568],[149.06444,-20.9744],[149.04897,-20.97912],[149.04161,-20.98932],[149.03042,-20.98675],[149.01738,-20.99344],[149.02054,-20.95843],[149.03164,-20.95817],[149.01423,-20.93578],[149.0283,-20.92395],[149.03947,-20.92405],[149.04494,-20.93154],[149.06068,-20.92819],[149.04664,-20.92089],[149.04611,-20.90301],[149.02903,-20.89771],[149.0174,-20.91221],[149.00539,-20.91235],[148.99569,-20.90293],[148.99541,-20.89225],[148.98282,-20.89202],[148.98293,-20.90034],[148.97101,-20.90038],[148.95118,-20.87559],[148.93846,-20.88829],[148.92793,-20.8838],[148.91506,-20.89198],[148.89018,-20.87791],[148.88825,-20.8614],[148.89259,-20.86216],[148.88098,-20.85605],[148.88482,-20.84878],[148.87492,-20.86253],[148.87747,-20.87525],[148.87268,-20.87711],[148.86623,-20.86759],[148.84481,-20.87577],[148.84737,-20.85723],[148.84185,-20.85495],[148.84934,-20.84547],[148.83889,-20.82454],[148.79508,-20.81254],[148.81835,-20.802],[148.81466,-20.79102],[148.82451,-20.79516],[148.82541,-20.79019],[148.84079,-20.79111],[148.82966,-20.77659],[148.81126,-20.77137],[148.80267,-20.77588],[148.78081,-20.76247],[148.7779,-20.73212],[148.76683,-20.7344],[148.75858,-20.72438],[148.7308,-20.71666],[148.73258,-20.68848],[148.70632,-20.67068],[148.73086,-20.64459],[148.72716,-20.633],[148.72148,-20.6326],[148.71806,-20.6425],[148.69994,-20.63973],[148.68687,-20.62052],[148.69031,-20.59909],[148.66926,-20.59268],[148.66164,-20.58417],[148.70092,-20.52757],[148.71509,-20.49484],[148.71356,-20.48343],[148.69027,-20.45749],[148.69195,-20.44598],[148.67962,-20.4425],[148.68426,-20.43601],[148.73593,-20.48176],[148.75257,-20.47288],[148.76361,-20.4797],[148.78217,-20.46426],[148.78443,-20.45179],[148.77566,-20.43175],[148.75845,-20.42629],[148.75613,-20.41892],[148.78591,-20.43039],[148.7841,-20.43802],[148.79385,-20.45366],[148.797,-20.44712],[148.7879,-20.42889],[148.79088,-20.41523],[148.79789,-20.41554],[148.80067,-20.42368],[148.80913,-20.41862],[148.81473,-20.42264],[148.81345,-20.43992],[148.82179,-20.44303],[148.8228,-20.4249],[148.82553,-20.44696],[148.83178,-20.4506],[148.82398,-20.44923],[148.82372,-20.45711],[148.81728,-20.45811],[148.82475,-20.47399],[148.83108,-20.475],[148.82322,-20.47774],[148.82425,-20.50093],[148.84495,-20.50317],[148.84633,-20.51531],[148.85039,-20.51028],[148.85656,-20.51552],[148.85742,-20.52819],[148.88481,-20.52321],[148.89903,-20.54523],[148.90188,-20.53706],[148.93027,-20.53295],[148.91973,-20.51364],[148.88412,-20.4881],[148.89095,-20.47704],[148.91123,-20.47946],[148.90278,-20.46704],[148.89263,-20.46455],[148.88024,-20.47226],[148.84681,-20.43174],[148.83868,-20.43095],[148.83958,-20.39164],[148.82373,-20.38679],[148.82001,-20.3922],[148.81638,-20.38491],[148.83106,-20.3844],[148.83468,-20.37944],[148.82789,-20.36543],[148.83721,-20.36623],[148.84071,-20.35194],[148.8257,-20.33772],[148.82283,-20.3551],[148.81841,-20.35447],[148.81661,-20.34383],[148.807,-20.34262],[148.82235,-20.33194],[148.81635,-20.32145],[148.79193,-20.32127],[148.793,-20.31372],[148.76912,-20.29971],[148.76638,-20.28693],[148.79354,-20.29125],[148.79097,-20.27879],[148.7948,-20.28298],[148.80184,-20.27798],[148.77765,-20.27411],[148.76928,-20.23596],[148.75234,-20.23568],[148.75268,-20.26215],[148.73308,-20.25378],[148.73859,-20.28175],[148.72552,-20.27648],[148.72827,-20.26577],[148.7204,-20.2681],[148.71554,-20.26268],[148.70282,-20.27337],[148.69373,-20.27045],[148.68929,-20.27894],[148.67315,-20.28233],[148.67934,-20.26744],[148.67665,-20.25462],[148.68511,-20.2414],[148.67897,-20.23098],[148.6689,-20.24716],[148.66278,-20.24748],[148.6677,-20.23335],[148.66064,-20.2167],[148.67683,-20.1917],[148.67793,-20.17869],[148.67613,-20.18882],[148.65297,-20.21614],[148.6429,-20.21389],[148.64813,-20.20128],[148.64626,-20.17817],[148.63939,-20.17092],[148.6286,-20.19098],[148.63357,-20.209],[148.63004,-20.21952],[148.62282,-20.21525],[148.61464,-20.22038],[148.60115,-20.21093],[148.61993,-20.1767],[148.59923,-20.20128],[148.58264,-20.19764],[148.58277,-20.18165],[148.59801,-20.16633],[148.59108,-20.17145],[148.58499,-20.16473],[148.57779,-20.17257],[148.57031,-20.17028],[148.57694,-20.15451],[148.56599,-20.15],[148.5799,-20.13442],[148.57839,-20.1273],[148.56697,-20.13273],[148.56788,-20.11881],[148.55483,-20.11387],[148.55272,-20.09419],[148.56608,-20.08215],[148.56287,-20.06673],[148.54088,-20.07632],[148.52986,-20.09376],[148.51331,-20.09327],[148.50732,-20.08709],[148.49504,-20.08846],[148.49404,-20.07941],[148.48723,-20.08148],[148.47452,-20.06458],[148.45201,-20.05936],[148.44073,-20.07359],[148.44362,-20.11105],[148.44769,-20.11668],[148.45624,-20.11101],[148.47896,-20.1175],[148.46037,-20.14377],[148.44813,-20.14459],[148.43731,-20.15407],[148.43486,-20.16846],[148.42178,-20.16052],[148.38937,-20.16367],[148.34202,-20.15302],[148.33865,-20.13958],[148.32083,-20.1361],[148.3034,-20.11067],[148.27768,-20.09956],[148.27422,-20.08657],[148.28352,-20.07747],[148.25282,-20.05757],[148.23687,-20.0544],[148.23058,-20.04532],[148.22909,-20.03829],[148.2403,-20.02264],[148.24753,-20.01884],[148.25116,-20.02456],[148.2586,-20.01883],[148.2675,-20.02365],[148.2681,-19.99243],[148.25975,-19.97544],[148.25674,-19.98526],[148.23918,-19.98434],[148.22013,-19.95604],[148.18621,-19.94407],[148.16453,-19.95795],[148.11318,-19.94137],[148.09722,-19.92495],[148.08011,-19.88186],[148.06317,-19.89037],[148.047,-19.88594],[148.02623,-19.89401],[148.01756,-19.91314],[147.99218,-19.92762],[147.95026,-19.91579],[147.93848,-19.91848],[147.91783,-19.90831],[147.86484,-19.85099],[147.84567,-19.78207],[147.85246,-19.76896],[147.85139,-19.73925],[147.84598,-19.72757],[147.8373,-19.72736],[147.82355,-19.70965],[147.75234,-19.7066],[147.76089,-19.72687],[147.74493,-19.76898],[147.76887,-19.79191],[147.77177,-19.81085],[147.76665,-19.81656],[147.77265,-19.82678],[147.76459,-19.83708],[147.74661,-19.83392],[147.71932,-19.84282],[147.70004,-19.83554],[147.71063,-19.82368],[147.70377,-19.83198],[147.67135,-19.82836],[147.6633,-19.80968],[147.62858,-19.78664],[147.60136,-19.75746],[147.5868,-19.72509],[147.59965,-19.68704],[147.61699,-19.68596],[147.61544,-19.6731],[147.60098,-19.64641],[147.58544,-19.64853],[147.57409,-19.6293],[147.58099,-19.62489],[147.57111,-19.60579],[147.5711,-19.5814],[147.55928,-19.55051],[147.54634,-19.52713],[147.53784,-19.52678],[147.53014,-19.51671],[147.50773,-19.47632],[147.50025,-19.46963],[147.51024,-19.48481],[147.5011,-19.48505],[147.487,-19.46552],[147.48062,-19.45007],[147.48984,-19.45999],[147.47706,-19.44056],[147.4572,-19.37435],[147.41434,-19.31263],[147.38458,-19.3025],[147.42131,-19.32174],[147.41707,-19.33321],[147.44604,-19.3652],[147.45516,-19.39519],[147.44101,-19.42116],[147.41044,-19.42596],[147.39042,-19.41788],[147.35905,-19.41958],[147.30418,-19.40764],[147.2469,-19.43247],[147.2346,-19.41863],[147.21284,-19.42394],[147.18392,-19.41162],[147.16927,-19.41354],[147.16154,-19.40544],[147.13505,-19.40681],[147.13576,-19.4176],[147.1261,-19.42247],[147.11022,-19.3971],[147.11393,-19.38778],[147.06498,-19.34218],[147.04807,-19.299],[147.04067,-19.29566],[147.04665,-19.27452],[147.06144,-19.2767],[147.06058,-19.25631],[147.04494,-19.23733],[147.03999,-19.20693],[147.01627,-19.18229],[147.02177,-19.21585],[147.00763,-19.2264],[147.00185,-19.24938],[146.98004,-19.28054],[146.96051,-19.2933],[146.95803,-19.30876],[146.95314,-19.29825],[146.94246,-19.29537],[146.90373,-19.30501],[146.88257,-19.30357],[146.84786,-19.27327],[146.83598,-19.27068],[146.84677,-19.2555],[146.83881,-19.24296],[146.83407,-19.25304],[146.82933,-19.24998],[146.83324,-19.2436],[146.82052,-19.25243],[146.80646,-19.23907],[146.79623,-19.24317],[146.78957,-19.23899],[146.77825,-19.21873],[146.7743,-19.18891],[146.76751,-19.1845],[146.73709,-19.18028],[146.7231,-19.1816],[146.70596,-19.19362],[146.67657,-19.18989],[146.6289,-19.17041],[146.59543,-19.14712],[146.56223,-19.14246],[146.54113,-19.11643],[146.51794,-19.09988],[146.49765,-19.09715],[146.47292,-19.0765],[146.45416,-19.07369],[146.39627,-18.9985],[146.38012,-18.99765],[146.36323,-18.96701],[146.33632,-18.95632],[146.31739,-18.91761],[146.28983,-18.8919],[146.27515,-18.85781],[146.27636,-18.81318],[146.30184,-18.70511],[146.33851,-18.63034],[146.33825,-18.62169],[146.33152,-18.6408],[146.31933,-18.64571],[146.33892,-18.60684],[146.33986,-18.56299],[146.34543,-18.55926],[146.33788,-18.52663],[146.31843,-18.51865],[146.31347,-18.52194],[146.26184,-18.49444],[146.22989,-18.48956],[146.21511,-18.47236],[146.18937,-18.47383],[146.18852,-18.46005],[146.20046,-18.45234],[146.19074,-18.444],[146.1675,-18.44534],[146.17355,-18.43487],[146.16122,-18.4245],[146.1656,-18.42156],[146.15916,-18.39693],[146.14968,-18.38904],[146.14112,-18.36408],[146.1332,-18.36873],[146.10276,-18.34854],[146.08511,-18.33128],[146.08154,-18.31467],[146.06153,-18.29944],[146.05003,-18.2772],[146.02626,-18.26252],[146.01619,-18.24502],[146.01818,-18.22932],[146.00761,-18.17939],[146.00803,-18.12053],[146.02726,-18.09102],[146.04104,-18.04366],[146.05507,-18.02975],[146.07386,-17.98994],[146.09432,-17.97378],[146.10139,-17.97686],[146.09153,-17.95512],[146.09795,-17.89685],[146.11023,-17.86412],[146.11959,-17.8558],[146.10651,-17.85202],[146.09974,-17.83324],[146.10583,-17.81563],[146.09126,-17.79926],[146.11261,-17.77082],[146.10453,-17.72795],[146.1134,-17.69295],[146.13143,-17.66397],[146.14905,-17.64855],[146.14059,-17.63971],[146.14344,-17.62969],[146.13267,-17.60097],[146.12613,-17.60147],[146.12364,-17.61419],[146.11528,-17.61006],[146.12882,-17.59952],[146.12793,-17.59254],[146.09212,-17.56157],[146.06818,-17.5104],[146.06029,-17.51128],[146.0586,-17.52484],[146.03322,-17.52535],[146.02781,-17.55027],[146.03271,-17.51226],[146.03609,-17.52305],[146.05635,-17.52093],[146.05754,-17.50714],[146.05059,-17.50962],[146.05162,-17.50545],[146.07697,-17.50455],[146.07794,-17.47823],[146.06489,-17.45889],[146.0732,-17.39472],[146.06179,-17.38464],[146.05096,-17.38452],[146.02076,-17.34675],[145.99568,-17.27325],[145.98266,-17.24883],[145.97207,-17.24196],[145.97009,-17.21067],[145.96134,-17.19014],[145.96455,-17.16846],[145.95293,-17.15771],[145.94921,-17.1307],[145.92902,-17.11733],[145.91602,-17.08702],[145.88941,-17.0576],[145.9007,-16.98168],[145.93433,-16.94753],[145.93101,-16.92299],[145.94428,-16.90653],[145.95618,-16.90549],[145.95765,-16.89658],[145.92819,-16.86587],[145.91921,-16.86429],[145.90649,-16.89722],[145.89755,-16.89529],[145.88494,-16.90682],[145.86975,-16.90664],[145.86236,-16.90367],[145.86318,-16.89116],[145.84888,-16.87119],[145.8256,-16.88932],[145.81989,-16.90152],[145.7931,-16.91056],[145.785,-16.94112],[145.77921,-16.94045],[145.78343,-16.91701],[145.77654,-16.91819],[145.76244,-16.89788],[145.76862,-16.88225],[145.77703,-16.88037],[145.76547,-16.86925],[145.77412,-16.87409],[145.77487,-16.87002],[145.74484,-16.84545],[145.72485,-16.80388],[145.71499,-16.80272],[145.69534,-16.77561],[145.69098,-16.78042],[145.68271,-16.77558],[145.67289,-16.75786],[145.671,-16.73736],[145.65123,-16.72949],[145.62153,-16.69954],[145.58194,-16.6872],[145.56498,-16.64317],[145.52299,-16.60091],[145.52208,-16.58625],[145.51366,-16.58441],[145.50003,-16.55287],[145.47004,-16.51438],[145.46858,-16.4799],[145.44222,-16.47237],[145.42688,-16.47454],[145.41011,-16.45929],[145.40515,-16.43341],[145.41987,-16.38793],[145.41213,-16.37618],[145.41817,-16.3383],[145.44925,-16.29088],[145.45994,-16.29033],[145.47708,-16.27523],[145.4889,-16.27668],[145.47894,-16.26799],[145.48194,-16.24141],[145.47035,-16.23584],[145.46926,-16.2109],[145.44491,-16.20087],[145.44232,-16.18629],[145.44567,-16.1535],[145.45966,-16.12634],[145.46755,-16.08754],[145.47689,-16.0761],[145.46483,-16.0664],[145.46362,-16.03598],[145.45566,-16.03057],[145.45072,-16.00932],[145.43435,-15.99809],[145.42784,-15.97287],[145.41384,-15.951],[145.40432,-15.94033],[145.39347,-15.93982],[145.38212,-15.92416],[145.36293,-15.92178],[145.35734,-15.91047],[145.35685,-15.88997],[145.37738,-15.84064],[145.37295,-15.83322],[145.35832,-15.83096],[145.3519,-15.80751],[145.36813,-15.76678],[145.36128,-15.71959],[145.3355,-15.68149],[145.33305,-15.66261],[145.31275,-15.6468],[145.31913,-15.63226],[145.31641,-15.60557],[145.32763,-15.60542],[145.32958,-15.59412],[145.32016,-15.58894],[145.31739,-15.57373],[145.32283,-15.57063],[145.30703,-15.55245],[145.28729,-15.55911],[145.27202,-15.54129],[145.27252,-15.51791],[145.28371,-15.49719],[145.2758,-15.49366],[145.26283,-15.46113],[145.25626,-15.45658],[145.24419,-15.46588],[145.22855,-15.46204],[145.24106,-15.46157],[145.23908,-15.44089],[145.24815,-15.41628],[145.28816,-15.37596],[145.28543,-15.36388],[145.29806,-15.34227],[145.28371,-15.3293],[145.28636,-15.31646],[145.33159,-15.27833],[145.35709,-15.27724],[145.33955,-15.22663],[145.33175,-15.23107],[145.32894,-15.2487],[145.31592,-15.25938],[145.26702,-15.25579],[145.23926,-15.19848],[145.23536,-15.16923],[145.24028,-15.15255],[145.2338,-15.14074],[145.289,-15.0435],[145.34734,-14.98468],[145.35532,-14.98742],[145.34899,-14.9688],[145.35196,-14.95299],[145.34045,-14.94553],[145.33235,-14.95578],[145.31458,-14.95325],[145.30712,-14.96305],[145.29757,-14.9636],[145.28087,-14.95494],[145.26455,-14.92718],[145.21933,-14.88088],[145.2297,-14.83174],[145.17348,-14.84268],[145.15944,-14.83459],[145.11779,-14.8277],[145.09048,-14.8031],[145.07554,-14.80571],[145.06998,-14.79804],[145.02344,-14.79535],[145.02217,-14.78397],[145.0041,-14.773],[145.00191,-14.76084],[145.00784,-14.75582],[144.96985,-14.74833],[144.95379,-14.73721],[144.95044,-14.6775],[144.94248,-14.6641],[144.92385,-14.66351],[144.92374,-14.64106],[144.90965,-14.61372],[144.88831,-14.6094],[144.87207,-14.61267],[144.87288,-14.61696],[144.86999,-14.61142],[144.83878,-14.61434],[144.82812,-14.60586],[144.81629,-14.6081],[144.80946,-14.59872],[144.78267,-14.59362],[144.77506,-14.54611],[144.72683,-14.559],[144.71605,-14.55593],[144.71511,-14.56102],[144.69259,-14.5586],[144.69333,-14.5533],[144.68267,-14.55126],[144.66511,-14.51104],[144.62516,-14.48638],[144.61938,-14.47642],[144.62415,-14.41945],[144.64041,-14.38042],[144.64929,-14.37325],[144.65111,-14.35871],[144.64391,-14.34843],[144.62237,-14.36204],[144.61264,-14.35749],[144.60012,-14.36505],[144.58752,-14.36139],[144.58804,-14.32879],[144.58018,-14.30806],[144.59579,-14.26028],[144.57606,-14.24847],[144.57737,-14.23485],[144.55784,-14.22876],[144.52373,-14.16993],[144.51621,-14.16664],[144.49145,-14.16602],[144.46487,-14.22751],[144.43546,-14.25969],[144.407,-14.27371],[144.39898,-14.27129],[144.37557,-14.29022],[144.36013,-14.2905],[144.33833,-14.307],[144.31401,-14.30833],[144.29237,-14.29792],[144.28034,-14.30152],[144.26821,-14.29492],[144.24445,-14.26412],[144.23272,-14.26886],[144.21634,-14.25414],[144.20914,-14.2617],[144.19536,-14.26141],[144.20045,-14.27591],[144.19849,-14.32281],[144.16831,-14.38141],[144.15114,-14.38971],[144.14191,-14.40472],[144.12769,-14.40508],[144.09521,-14.44514],[144.03589,-14.47547],[144.0324,-14.48292],[143.95867,-14.48637],[143.94923,-14.49567],[143.92965,-14.48393],[143.88143,-14.48238],[143.8289,-14.45177],[143.78355,-14.40576],[143.75013,-14.34595],[143.72895,-14.26442],[143.70321,-14.20866],[143.69833,-14.1848],[143.70198,-14.1268],[143.67956,-14.01452],[143.63419,-13.98033],[143.62326,-13.96475],[143.60057,-13.90859],[143.59993,-13.88111],[143.59138,-13.85907],[143.5474,-13.80336],[143.5313,-13.75502],[143.54324,-13.71571],[143.55128,-13.61743],[143.56095,-13.58493],[143.58608,-13.54406],[143.57893,-13.50014],[143.59745,-13.42281],[143.58179,-13.37567],[143.5401,-13.35294],[143.52692,-13.32737],[143.5167,-13.25822],[143.5218,-13.17885],[143.50552,-13.15064],[143.50215,-13.12428],[143.51291,-13.05869],[143.5059,-13.03706],[143.51457,-13.00813],[143.50408,-12.98665],[143.5122,-12.96122],[143.50033,-12.95806],[143.49772,-12.94913],[143.51198,-12.90238],[143.54424,-12.84328],[143.53363,-12.83897],[143.51695,-12.84446],[143.50011,-12.8601],[143.4745,-12.8654],[143.44934,-12.84893],[143.40512,-12.8678],[143.39782,-12.88735],[143.40142,-12.90052],[143.39151,-12.89697],[143.39021,-12.88507],[143.37549,-12.89928],[143.3652,-12.89121],[143.3535,-12.89609],[143.35769,-12.79962],[143.37075,-12.76377],[143.38211,-12.74996],[143.39001,-12.71483],[143.41886,-12.68166],[143.41873,-12.67601],[143.40235,-12.67905],[143.40247,-12.66227],[143.43816,-12.62333],[143.43845,-12.61181],[143.41883,-12.61595],[143.42175,-12.60621],[143.41424,-12.59324],[143.39343,-12.59555],[143.35528,-12.56414],[143.33665,-12.5661],[143.32808,-12.5571],[143.30545,-12.55067],[143.29854,-12.53069],[143.29121,-12.53011],[143.28951,-12.52016],[143.27736,-12.51346],[143.2759,-12.49645],[143.27105,-12.49643],[143.27735,-12.483],[143.27237,-12.46708],[143.27761,-12.44042],[143.27013,-12.43313],[143.27386,-12.40711],[143.26613,-12.39436],[143.2498,-12.3901],[143.24737,-12.37915],[143.23012,-12.38201],[143.21504,-12.36271],[143.1949,-12.34908],[143.1826,-12.35045],[143.18029,-12.34311],[143.12801,-12.34737],[143.11543,-12.33811],[143.08463,-12.34823],[143.07961,-12.34087],[143.08125,-12.28891],[143.0949,-12.25907],[143.08604,-12.24214],[143.09704,-12.2183],[143.09507,-12.20396],[143.08759,-12.20102],[143.09491,-12.17346],[143.08493,-12.17278],[143.07871,-12.15923],[143.09295,-12.15762],[143.10121,-12.14564],[143.16193,-12.04358],[143.18558,-11.99082],[143.21569,-11.97461],[143.22808,-11.98909],[143.23709,-11.9848],[143.24406,-11.96873],[143.23229,-11.96503],[143.22463,-11.95413],[143.21547,-11.95967],[143.21194,-11.95442],[143.20983,-11.96219],[143.16745,-11.9733],[143.16196,-11.95436],[143.15079,-11.94823],[143.1475,-11.91937],[143.1221,-11.90514],[143.10947,-11.90611],[143.09785,-11.89282],[143.09319,-11.90409],[143.06648,-11.92012],[143.06614,-11.92826],[143.06092,-11.92367],[143.01539,-11.93765],[142.9746,-11.93292],[142.9459,-11.90044],[142.92248,-11.89266],[142.92897,-11.90438],[142.90932,-11.8901],[142.90108,-11.87213],[142.8818,-11.87186],[142.87149,-11.85466],[142.85636,-11.84552],[142.85309,-11.82513],[142.84749,-11.82392],[142.85416,-11.82266],[142.85038,-11.8061],[142.86047,-11.76702],[142.85744,-11.75409],[142.86242,-11.751],[142.85949,-11.63589],[142.85226,-11.62042],[142.85217,-11.58639],[142.83433,-11.55969],[142.83967,-11.49262],[142.82683,-11.47651],[142.83296,-11.43353],[142.86866,-11.38158],[142.86183,-11.37085],[142.8635,-11.35868],[142.84036,-11.31946],[142.82887,-11.31444],[142.81981,-11.29181],[142.8024,-11.29145],[142.79355,-11.27855],[142.79317,-11.24983],[142.78316,-11.22267],[142.7947,-11.19322],[142.79936,-11.15723],[142.78768,-11.12676],[142.78791,-11.08053],[142.77971,-11.06255],[142.77566,-11.06566],[142.76516,-11.0559],[142.76746,-11.04734],[142.75571,-11.04272],[142.7456,-10.99353],[142.72776,-10.98199],[142.71633,-10.96107],[142.69813,-10.9779],[142.6807,-10.97158],[142.66784,-10.94465],[142.64978,-10.94],[142.64439,-10.94576],[142.646,-10.93931],[142.638,-10.93716],[142.62987,-10.94518],[142.61717,-10.94381],[142.60929,-10.93385],[142.61914,-10.91646],[142.60428,-10.91214],[142.61674,-10.9151],[142.61654,-10.89226],[142.58923,-10.86815],[142.59288,-10.87516],[142.58614,-10.87052],[142.58545,-10.87493],[142.59527,-10.89111],[142.58875,-10.88951],[142.58336,-10.90127],[142.58795,-10.88861],[142.59453,-10.88926]]],[[[139.64051,-16.44235],[139.60447,-16.40304],[139.55091,-16.39081],[139.53704,-16.39915],[139.53525,-16.40855],[139.48937,-16.42817],[139.46539,-16.44607],[139.36362,-16.45239],[139.33312,-16.46611],[139.30953,-16.46134],[139.28728,-16.48095],[139.24123,-16.50533],[139.24128,-16.51908],[139.21789,-16.53621],[139.21138,-16.56936],[139.16046,-16.60983],[139.16137,-16.62039],[139.15003,-16.63447],[139.16152,-16.66518],[139.18041,-16.66853],[139.19502,-16.66193],[139.18993,-16.66699],[139.19766,-16.67758],[139.19976,-16.70765],[139.22115,-16.71204],[139.22926,-16.73269],[139.25925,-16.72496],[139.28749,-16.73529],[139.30507,-16.72413],[139.31364,-16.73],[139.32198,-16.71018],[139.35056,-16.68895],[139.35607,-16.6911],[139.35874,-16.68457],[139.36569,-16.69335],[139.37283,-16.68747],[139.3686,-16.6721],[139.38301,-16.65638],[139.37585,-16.64203],[139.38066,-16.64134],[139.38007,-16.64711],[139.39308,-16.63727],[139.40199,-16.64043],[139.41525,-16.65872],[139.4162,-16.67195],[139.43699,-16.67475],[139.45289,-16.66128],[139.44711,-16.63315],[139.43914,-16.63069],[139.46493,-16.62963],[139.47241,-16.61356],[139.46642,-16.60035],[139.47015,-16.58531],[139.45527,-16.58031],[139.47225,-16.58418],[139.46778,-16.56892],[139.4583,-16.57538],[139.45308,-16.5695],[139.4837,-16.55602],[139.49566,-16.56041],[139.49527,-16.56781],[139.50628,-16.57785],[139.51621,-16.55601],[139.51177,-16.54276],[139.48731,-16.5429],[139.47502,-16.52623],[139.4927,-16.52384],[139.50678,-16.51199],[139.53033,-16.51761],[139.54066,-16.48821],[139.56082,-16.48027],[139.54663,-16.46053],[139.56658,-16.4745],[139.55795,-16.49269],[139.5783,-16.50267],[139.57818,-16.5267],[139.58826,-16.53263],[139.59411,-16.55534],[139.65722,-16.5194],[139.68156,-16.52045],[139.68792,-16.53583],[139.71153,-16.53222],[139.69943,-16.50874],[139.70184,-16.48707],[139.69029,-16.468],[139.68062,-16.46885],[139.67639,-16.45061],[139.65018,-16.4495],[139.64051,-16.44235]]],[[[146.22348,-18.19423],[146.22447,-18.21367],[146.21646,-18.22736],[146.22782,-18.23445],[146.23248,-18.25749],[146.24421,-18.26617],[146.23262,-18.26551],[146.23051,-18.2723],[146.247,-18.29588],[146.21716,-18.28102],[146.19634,-18.2779],[146.12708,-18.23462],[146.10379,-18.23443],[146.07058,-18.24746],[146.10102,-18.28595],[146.15169,-18.31299],[146.17732,-18.35544],[146.1913,-18.36671],[146.20698,-18.39776],[146.2009,-18.43742],[146.21455,-18.45356],[146.22182,-18.47682],[146.2479,-18.48886],[146.28969,-18.48742],[146.30522,-18.49371],[146.32841,-18.48349],[146.32878,-18.44722],[146.33762,-18.43092],[146.34567,-18.43169],[146.35842,-18.41833],[146.3391,-18.41081],[146.33553,-18.40121],[146.32416,-18.40022],[146.32731,-18.38146],[146.33442,-18.3863],[146.33961,-18.38075],[146.3306,-18.37275],[146.3314,-18.36235],[146.31812,-18.35199],[146.30606,-18.35575],[146.30117,-18.33994],[146.29003,-18.33443],[146.29001,-18.32562],[146.27556,-18.31751],[146.28162,-18.28281],[146.30564,-18.24027],[146.29876,-18.23148],[146.27454,-18.23989],[146.25053,-18.23712],[146.23169,-18.21953],[146.23117,-18.19716],[146.22348,-18.19423]]],[[[142.21202,-10.61843],[142.20462,-10.59483],[142.18691,-10.59796],[142.17693,-10.61846],[142.15249,-10.62285],[142.14227,-10.6412],[142.12193,-10.64297],[142.11867,-10.65791],[142.11023,-10.6627],[142.11375,-10.68733],[142.11971,-10.69058],[142.10963,-10.68509],[142.1191,-10.71082],[142.11422,-10.72214],[142.13863,-10.73709],[142.15005,-10.76487],[142.15827,-10.76133],[142.17786,-10.77087],[142.18631,-10.76597],[142.18794,-10.74618],[142.19572,-10.74627],[142.20685,-10.72643],[142.2274,-10.7207],[142.22388,-10.72636],[142.23022,-10.73946],[142.24734,-10.72009],[142.24291,-10.71114],[142.25504,-10.71381],[142.26481,-10.72722],[142.26591,-10.71682],[142.27742,-10.70648],[142.2497,-10.66702],[142.24539,-10.64725],[142.21202,-10.61843]]],[[[142.2795,-10.12433],[142.26589,-10.11579],[142.25383,-10.12545],[142.23693,-10.12133],[142.22371,-10.12579],[142.21166,-10.13929],[142.20582,-10.16396],[142.21075,-10.17083],[142.20583,-10.16655],[142.18574,-10.19259],[142.21599,-10.23793],[142.22639,-10.23036],[142.24113,-10.23426],[142.26285,-10.24356],[142.27867,-10.25978],[142.33201,-10.19874],[142.34493,-10.17304],[142.33089,-10.15925],[142.32553,-10.13511],[142.31208,-10.13856],[142.30015,-10.12402],[142.29207,-10.12847],[142.2795,-10.12433]]],[[[139.51182,-16.99851],[139.50487,-16.98544],[139.49377,-16.97962],[139.49263,-16.9965],[139.50046,-17.0023],[139.49458,-17.00098],[139.49057,-17.01581],[139.48205,-17.02242],[139.47745,-17.01951],[139.47376,-17.03038],[139.47544,-17.0358],[139.48695,-17.0347],[139.49013,-17.04457],[139.48607,-17.03624],[139.47298,-17.03558],[139.46972,-17.02385],[139.46163,-17.02526],[139.46859,-17.02917],[139.45674,-17.03128],[139.45044,-17.05528],[139.42923,-17.07153],[139.43043,-17.06682],[139.42334,-17.07861],[139.39457,-17.08161],[139.41117,-17.12219],[139.43086,-17.13134],[139.43361,-17.13901],[139.43982,-17.13569],[139.42552,-17.12346],[139.42728,-17.10559],[139.47973,-17.09442],[139.48441,-17.09156],[139.48075,-17.08463],[139.48453,-17.09281],[139.47233,-17.09515],[139.478,-17.11579],[139.48567,-17.12082],[139.49526,-17.11477],[139.50986,-17.12315],[139.51317,-17.11852],[139.51868,-17.12316],[139.51447,-17.11186],[139.52269,-17.10276],[139.57786,-17.09389],[139.55443,-17.06973],[139.54927,-17.04797],[139.55634,-17.03431],[139.54354,-17.03135],[139.51182,-16.99851]]],[[[148.97785,-20.17033],[148.97686,-20.16032],[148.95597,-20.15803],[148.96026,-20.18734],[148.95205,-20.2194],[148.93988,-20.22586],[148.93794,-20.23961],[148.94211,-20.24336],[148.95847,-20.22764],[148.95479,-20.23952],[148.96203,-20.24486],[148.95016,-20.25252],[148.94279,-20.26819],[148.9363,-20.26372],[148.92715,-20.28148],[148.91269,-20.28216],[148.91281,-20.29106],[148.9291,-20.28634],[148.92304,-20.29579],[148.93219,-20.29445],[148.93116,-20.3023],[148.93756,-20.30712],[148.95309,-20.294],[148.9574,-20.2807],[148.95916,-20.288],[148.96629,-20.28022],[148.96845,-20.26531],[148.97487,-20.26884],[148.9499,-20.30302],[148.95155,-20.3078],[148.95548,-20.30175],[148.96239,-20.30359],[148.96319,-20.32876],[148.98658,-20.32251],[148.97853,-20.31366],[148.99026,-20.30076],[149.02207,-20.3214],[149.03291,-20.3005],[149.03464,-20.3087],[149.04336,-20.30218],[149.04682,-20.30954],[149.06308,-20.29417],[149.04308,-20.28709],[149.02534,-20.25542],[149.02025,-20.26985],[149.01499,-20.26973],[149.02594,-20.23491],[149.00448,-20.25548],[149.01078,-20.23292],[148.99163,-20.25037],[148.9959,-20.2283],[148.98933,-20.22395],[148.99805,-20.20966],[148.99422,-20.20213],[148.97617,-20.20523],[148.98377,-20.18508],[148.97421,-20.17851],[148.97785,-20.17033]]],[[[142.18261,-10.05991],[142.12789,-10.07288],[142.11418,-10.06851],[142.11276,-10.08254],[142.08536,-10.11259],[142.0919,-10.12286],[142.0877,-10.13045],[142.10888,-10.14881],[142.12165,-10.14809],[142.13432,-10.1788],[142.15742,-10.17322],[142.16371,-10.18149],[142.17008,-10.1599],[142.18821,-10.14927],[142.193,-10.10713],[142.18261,-10.05991]]],[[[142.66719,-9.37431],[142.65876,-9.36652],[142.64464,-9.36517],[142.60958,-9.38],[142.60048,-9.38577],[142.59775,-9.40759],[142.65157,-9.42796],[142.67428,-9.42351],[142.70725,-9.42832],[142.74215,-9.41981],[142.7542,-9.40047],[142.78983,-9.39196],[142.80086,-9.382],[142.79766,-9.37217],[142.75719,-9.36689],[142.72537,-9.37178],[142.7075,-9.38175],[142.66719,-9.37431]]],[[[142.2302,-9.24167],[142.22192,-9.22929],[142.21127,-9.23111],[142.13578,-9.26031],[142.13193,-9.26688],[142.15155,-9.27869],[142.19228,-9.28686],[142.2454,-9.29079],[142.28499,-9.28375],[142.29389,-9.26007],[142.26654,-9.25069],[142.24255,-9.25892],[142.24412,-9.25333],[142.2302,-9.24167]]],[[[146.57861,-18.68169],[146.57243,-18.67765],[146.58905,-18.71205],[146.57833,-18.72516],[146.57722,-18.74891],[146.56662,-18.75],[146.56946,-18.7641],[146.58203,-18.77169],[146.57978,-18.7653],[146.58711,-18.7585],[146.60956,-18.75803],[146.61716,-18.76504],[146.63113,-18.76183],[146.64742,-18.77671],[146.67561,-18.76187],[146.68286,-18.76455],[146.68792,-18.75719],[146.69444,-18.76144],[146.68463,-18.73737],[146.64212,-18.74963],[146.63488,-18.72751],[146.61712,-18.70456],[146.59773,-18.69799],[146.59558,-18.68253],[146.57861,-18.68169]]],[[[148.96012,-20.06161],[148.93336,-20.06894],[148.92643,-20.08167],[148.91973,-20.07253],[148.92266,-20.06211],[148.90682,-20.0713],[148.90222,-20.07958],[148.91188,-20.08806],[148.90694,-20.09787],[148.91156,-20.10044],[148.90412,-20.10991],[148.88932,-20.11142],[148.88428,-20.12268],[148.88857,-20.12905],[148.8817,-20.16163],[148.88539,-20.15871],[148.88762,-20.16916],[148.9024,-20.14977],[148.90008,-20.13949],[148.90519,-20.14323],[148.91557,-20.12343],[148.90222,-20.16612],[148.91504,-20.1742],[148.92052,-20.14523],[148.93002,-20.13276],[148.93454,-20.15764],[148.92627,-20.16947],[148.93154,-20.17826],[148.95126,-20.15655],[148.94578,-20.15335],[148.93701,-20.1017],[148.94239,-20.10343],[148.94542,-20.09375],[148.95733,-20.10626],[148.95929,-20.09459],[148.94999,-20.09252],[148.94854,-20.0835],[148.95766,-20.07871],[148.95727,-20.07058],[148.96779,-20.07092],[148.96012,-20.06161]]],[[[142.30718,-10.57116],[142.27035,-10.57468],[142.25017,-10.58414],[142.23972,-10.60069],[142.24317,-10.60645],[142.2361,-10.60885],[142.25976,-10.63837],[142.26766,-10.6423],[142.29587,-10.63778],[142.32651,-10.61289],[142.30718,-10.57116]]],[[[146.86817,-19.10479],[146.86183,-19.10274],[146.86468,-19.11459],[146.85953,-19.11755],[146.84486,-19.1166],[146.83245,-19.10483],[146.82706,-19.11396],[146.8155,-19.11752],[146.78999,-19.11514],[146.77903,-19.12917],[146.79259,-19.13878],[146.80424,-19.16128],[146.83608,-19.18155],[146.84611,-19.18176],[146.85082,-19.16014],[146.85585,-19.16243],[146.86602,-19.15055],[146.87283,-19.15308],[146.86895,-19.14845],[146.87597,-19.12917],[146.88354,-19.12691],[146.87751,-19.12306],[146.88337,-19.12135],[146.88305,-19.11158],[146.86945,-19.11104],[146.86817,-19.10479]]],[[[139.1837,-16.69589],[139.18863,-16.67996],[139.1728,-16.67103],[139.14595,-16.69193],[139.13996,-16.70616],[139.14722,-16.73227],[139.14135,-16.75408],[139.16234,-16.74889],[139.16141,-16.73973],[139.16997,-16.73069],[139.18475,-16.73364],[139.17396,-16.72844],[139.18862,-16.71928],[139.1837,-16.69589]]],[[[148.47469,-20.0497],[148.47843,-20.00024],[148.46739,-19.99591],[148.45774,-19.97467],[148.44521,-19.97395],[148.4396,-19.98728],[148.44439,-20.00694],[148.438,-20.02109],[148.44704,-20.03555],[148.44454,-20.04443],[148.45732,-20.05182],[148.47469,-20.0497]]],[[[150.26955,-21.64343],[150.24732,-21.61905],[150.24609,-21.64828],[150.25042,-21.651],[150.24259,-21.65428],[150.24306,-21.67531],[150.25344,-21.66782],[150.27414,-21.68089],[150.28619,-21.67712],[150.28809,-21.66891],[150.30004,-21.66985],[150.29087,-21.64379],[150.26955,-21.64343]]],[[[139.15222,-16.82234],[139.13253,-16.79781],[139.09393,-16.81338],[139.09063,-16.82671],[139.09473,-16.8431],[139.11326,-16.84944],[139.11386,-16.83758],[139.1284,-16.82606],[139.15222,-16.82234]]],[[[142.21386,-10.52106],[142.20494,-10.54381],[142.19247,-10.54318],[142.18041,-10.56091],[142.19524,-10.57498],[142.21908,-10.56318],[142.22367,-10.54037],[142.2313,-10.53692],[142.22436,-10.52341],[142.21386,-10.52106]]],[[[144.27445,-14.16026],[144.25,-14.1607],[144.2516,-14.17621],[144.2322,-14.17556],[144.23113,-14.1844],[144.26129,-14.19675],[144.28304,-14.19641],[144.27445,-14.16026]]],[[[149.07992,-20.44354],[149.08326,-20.43501],[149.07428,-20.45183],[149.08233,-20.45978],[149.07427,-20.46483],[149.07564,-20.48153],[149.06867,-20.47737],[149.06537,-20.50215],[149.04995,-20.50965],[149.03672,-20.50303],[149.04683,-20.51339],[149.04688,-20.52395],[149.06517,-20.51625],[149.06694,-20.52597],[149.06961,-20.50437],[149.07726,-20.50256],[149.07401,-20.49527],[149.08326,-20.49236],[149.08201,-20.48434],[149.09829,-20.49074],[149.09528,-20.48057],[149.1044,-20.4819],[149.08425,-20.45929],[149.08817,-20.44444],[149.07992,-20.44354]]],[[[142.66947,-10.91289],[142.65266,-10.91377],[142.65116,-10.92361],[142.66671,-10.93628],[142.68695,-10.93697],[142.69231,-10.95857],[142.70627,-10.95691],[142.70315,-10.93535],[142.69329,-10.92262],[142.66947,-10.91289]]],[[[146.49743,-18.59156],[146.49238,-18.57272],[146.48431,-18.56744],[146.48129,-18.58542],[146.49473,-18.59894],[146.48917,-18.60178],[146.49099,-18.6116],[146.48364,-18.61445],[146.50007,-18.63361],[146.48698,-18.65013],[146.48941,-18.66752],[146.50335,-18.65608],[146.50684,-18.63832],[146.50809,-18.62284],[146.50023,-18.61234],[146.50445,-18.60059],[146.49743,-18.59156]]],[[[150.36045,-21.73138],[150.36127,-21.71778],[150.35641,-21.7298],[150.33978,-21.74135],[150.31383,-21.73939],[150.29978,-21.74639],[150.33196,-21.77175],[150.34816,-21.76395],[150.34573,-21.74299],[150.36045,-21.73138]]],[[[139.63952,-17.07427],[139.62577,-17.06232],[139.61461,-17.10606],[139.59566,-17.11203],[139.59707,-17.13313],[139.60434,-17.13832],[139.61493,-17.13913],[139.61326,-17.11832],[139.63952,-17.07427]]],[[[139.21404,-17.00307],[139.20735,-17.00333],[139.20551,-17.01069],[139.21469,-17.0364],[139.22289,-17.03172],[139.23323,-17.04614],[139.24787,-17.04538],[139.25075,-17.05564],[139.26568,-17.05828],[139.21404,-17.00307]]],[[[139.46709,-16.66703],[139.44401,-16.68243],[139.43816,-16.69611],[139.44133,-16.70368],[139.45365,-16.70751],[139.46455,-16.70038],[139.47766,-16.67945],[139.46709,-16.66703]]],[[[149.62581,-20.86683],[149.62322,-20.8563],[149.60346,-20.84649],[149.6057,-20.86498],[149.59153,-20.86717],[149.5847,-20.86122],[149.57811,-20.86919],[149.59441,-20.88429],[149.60643,-20.8794],[149.6166,-20.88448],[149.62581,-20.86683]]],[[[142.84817,-10.01742],[142.83288,-10.01831],[142.82626,-10.03006],[142.8576,-10.05315],[142.86765,-10.03903],[142.85729,-10.01958],[142.84817,-10.01742]]],[[[142.31943,-9.56791],[142.31381,-9.55934],[142.2906,-9.5513],[142.25831,-9.55391],[142.26826,-9.56529],[142.28377,-9.56986],[142.30669,-9.57429],[142.31943,-9.56791]]],[[[139.71713,-16.4507],[139.70911,-16.47154],[139.70118,-16.47532],[139.70954,-16.49018],[139.72335,-16.49097],[139.73111,-16.5013],[139.73102,-16.45499],[139.71713,-16.4507]]],[[[149.44231,-20.90711],[149.43916,-20.90274],[149.42454,-20.90772],[149.43111,-20.91631],[149.42764,-20.92673],[149.43506,-20.92789],[149.42245,-20.93918],[149.42649,-20.94554],[149.43261,-20.93713],[149.44189,-20.94125],[149.45936,-20.92113],[149.45257,-20.90579],[149.44231,-20.90711]]],[[[148.85509,-20.33507],[148.85373,-20.31599],[148.84734,-20.3209],[148.85062,-20.33323],[148.84454,-20.33563],[148.84899,-20.33982],[148.84706,-20.36129],[148.85458,-20.38692],[148.86855,-20.39648],[148.87525,-20.39406],[148.87501,-20.38299],[148.85079,-20.34784],[148.85509,-20.33507]]],[[[146.16207,-18.368],[146.14502,-18.35809],[146.1658,-18.40291],[146.17872,-18.40967],[146.17913,-18.37905],[146.17106,-18.36562],[146.16207,-18.368]]],[[[142.93009,-9.84637],[142.9009,-9.84585],[142.89776,-9.85344],[142.90344,-9.86495],[142.91256,-9.86685],[142.94857,-9.8556],[142.93009,-9.84637]]],[[[142.31938,-10.52281],[142.31223,-10.50554],[142.30429,-10.52061],[142.2841,-10.52793],[142.29924,-10.54189],[142.31181,-10.54274],[142.32013,-10.53773],[142.31938,-10.52281]]],[[[145.45936,-14.64847],[145.45077,-14.64713],[145.45461,-14.66158],[145.44262,-14.67092],[145.44842,-14.68125],[145.46208,-14.6794],[145.47159,-14.68683],[145.46787,-14.68132],[145.47751,-14.66826],[145.45936,-14.64847]]],[[[144.23894,-14.13161],[144.23045,-14.13316],[144.22921,-14.15379],[144.21093,-14.17312],[144.2094,-14.1851],[144.22025,-14.1672],[144.23892,-14.16373],[144.24504,-14.15158],[144.2676,-14.14993],[144.25895,-14.14271],[144.24264,-14.14291],[144.23596,-14.13608],[144.23894,-14.13161]]],[[[146.17865,-18.17737],[146.19222,-18.16661],[146.17198,-18.15117],[146.16052,-18.1522],[146.15807,-18.17153],[146.1524,-18.17538],[146.16423,-18.18044],[146.17865,-18.17737]]],[[[146.17818,-17.96697],[146.17318,-17.94593],[146.15153,-17.92766],[146.13415,-17.9354],[146.15108,-17.95274],[146.16335,-17.95381],[146.17818,-17.96697]]],[[[149.10176,-20.26645],[149.10327,-20.25053],[149.09435,-20.27087],[149.08949,-20.26515],[149.07812,-20.26655],[149.07024,-20.29311],[149.07713,-20.2933],[149.07523,-20.30118],[149.08548,-20.29473],[149.08494,-20.30449],[149.09341,-20.30087],[149.09419,-20.28704],[149.08933,-20.289],[149.08826,-20.28097],[149.10176,-20.26645]]],[[[148.95869,-20.34748],[148.95695,-20.33865],[148.94669,-20.33312],[148.94479,-20.36394],[148.95273,-20.36166],[148.95309,-20.3768],[148.96126,-20.35671],[148.96778,-20.35196],[148.96659,-20.36556],[148.9767,-20.36482],[148.98223,-20.34821],[148.95869,-20.34748]]],[[[142.72525,-9.36952],[142.68893,-9.35825],[142.6673,-9.36979],[142.69885,-9.37734],[142.72525,-9.36952]]],[[[146.5065,-18.65888],[146.51851,-18.68428],[146.50804,-18.69991],[146.51979,-18.71507],[146.52688,-18.67239],[146.52017,-18.66073],[146.5065,-18.65888]]],[[[149.41465,-20.90181],[149.41418,-20.89685],[149.40821,-20.90199],[149.40362,-20.89745],[149.38586,-20.90411],[149.38508,-20.90972],[149.39038,-20.90616],[149.39366,-20.91828],[149.40014,-20.91476],[149.40549,-20.92424],[149.41414,-20.91862],[149.41884,-20.92761],[149.42399,-20.92204],[149.4156,-20.91364],[149.41465,-20.90181]]],[[[142.18858,-9.94321],[142.16457,-9.95129],[142.17743,-9.97265],[142.19134,-9.95494],[142.20073,-9.9528],[142.19934,-9.94604],[142.18858,-9.94321]]],[[[149.04008,-20.43814],[149.03346,-20.42991],[149.03165,-20.4387],[149.02431,-20.44141],[149.03405,-20.46025],[149.05279,-20.45056],[149.06462,-20.45303],[149.05494,-20.44611],[149.053,-20.43627],[149.04008,-20.43814]]],[[[142.64325,-10.62188],[142.63937,-10.61826],[142.63227,-10.62707],[142.65077,-10.63783],[142.64459,-10.64947],[142.63807,-10.64946],[142.64732,-10.6566],[142.66712,-10.63027],[142.64325,-10.62188]]],[[[142.60507,-10.72539],[142.59525,-10.71283],[142.58439,-10.7144],[142.59934,-10.7359],[142.62242,-10.7461],[142.61545,-10.73818],[142.62015,-10.73242],[142.61421,-10.72901],[142.61604,-10.7219],[142.60507,-10.72539]]],[[[142.29673,-10.73174],[142.30492,-10.72187],[142.30315,-10.7083],[142.29511,-10.70167],[142.28158,-10.71722],[142.29022,-10.73391],[142.29673,-10.73174]]],[[[143.77872,-9.57188],[143.7721,-9.58007],[143.75735,-9.58234],[143.76123,-9.59912],[143.77591,-9.59763],[143.78313,-9.58721],[143.78494,-9.57811],[143.77872,-9.57188]]],[[[144.98031,-14.49357],[144.94985,-14.49967],[144.95666,-14.50711],[144.9883,-14.51111],[144.98959,-14.50193],[144.98031,-14.49357]]],[[[149.29383,-20.7859],[149.29348,-20.77644],[149.28487,-20.77166],[149.27335,-20.77888],[149.27616,-20.79284],[149.28344,-20.79778],[149.29547,-20.79338],[149.29999,-20.79972],[149.30019,-20.78744],[149.29383,-20.7859]]],[[[146.19426,-18.42806],[146.19384,-18.39586],[146.1783,-18.37317],[146.18452,-18.41192],[146.18003,-18.41746],[146.19426,-18.42806]]],[[[146.55856,-18.68727],[146.56766,-18.67157],[146.54545,-18.65189],[146.53797,-18.65842],[146.55856,-18.68727]]],[[[149.2773,-20.79795],[149.2603,-20.79772],[149.24928,-20.80591],[149.26825,-20.8101],[149.2649,-20.82333],[149.27978,-20.8104],[149.28608,-20.82033],[149.28997,-20.80997],[149.2843,-20.81088],[149.2773,-20.79795]]],[[[142.40912,-10.71024],[142.39655,-10.70925],[142.38973,-10.71799],[142.39344,-10.73042],[142.38333,-10.74448],[142.38564,-10.75012],[142.39895,-10.73547],[142.40912,-10.71024]]],[[[149.68253,-21.30863],[149.67532,-21.30812],[149.67225,-21.30029],[149.66437,-21.30718],[149.6873,-21.33204],[149.69591,-21.32385],[149.69419,-21.31311],[149.68253,-21.30863]]],[[[142.18079,-9.23925],[142.18816,-9.23164],[142.1631,-9.22484],[142.15576,-9.24171],[142.15726,-9.24758],[142.18079,-9.23925]]],[[[148.83529,-20.26091],[148.82951,-20.25667],[148.82685,-20.28527],[148.83966,-20.28048],[148.85041,-20.26177],[148.84714,-20.25692],[148.83529,-20.26091]]],[[[149.80872,-21.59969],[149.8118,-21.59277],[149.80334,-21.59161],[149.7969,-21.60035],[149.78461,-21.60089],[149.78074,-21.61265],[149.78865,-21.60922],[149.79151,-21.61641],[149.80314,-21.60807],[149.8188,-21.60683],[149.80872,-21.59969]]],[[[142.12671,-10.3552],[142.12636,-10.38483],[142.13562,-10.38864],[142.14197,-10.37516],[142.13402,-10.35608],[142.12671,-10.3552]]],[[[139.87925,-16.65659],[139.88755,-16.65355],[139.87078,-16.64568],[139.86822,-16.65821],[139.84815,-16.66269],[139.8564,-16.67667],[139.87925,-16.65659]]],[[[148.94169,-20.37609],[148.93558,-20.33983],[148.92811,-20.33726],[148.92811,-20.3695],[148.94038,-20.38077],[148.94169,-20.37609]]],[[[142.18018,-10.5864],[142.14503,-10.59626],[142.15552,-10.60475],[142.17078,-10.60556],[142.18018,-10.5864]]],[[[148.90246,-20.83026],[148.8915,-20.8293],[148.89288,-20.84771],[148.9001,-20.84854],[148.9,-20.85594],[148.91525,-20.85359],[148.90246,-20.83026]]],[[[149.15475,-20.66217],[149.15222,-20.67278],[149.14551,-20.67349],[149.14825,-20.68494],[149.13609,-20.68598],[149.1385,-20.69472],[149.15812,-20.68327],[149.15645,-20.67445],[149.16666,-20.68333],[149.16361,-20.66524],[149.15475,-20.66217]]],[[[148.88604,-20.03794],[148.88097,-20.037],[148.87891,-20.05671],[148.881,-20.06191],[148.88571,-20.05763],[148.89465,-20.06259],[148.89805,-20.05045],[148.88604,-20.03794]]],[[[142.53729,-9.41044],[142.52772,-9.41338],[142.53194,-9.43633],[142.55198,-9.42084],[142.54298,-9.42016],[142.53729,-9.41044]]],[[[142.63566,-9.7606],[142.62757,-9.75823],[142.6228,-9.7735],[142.64866,-9.77223],[142.6474,-9.76138],[142.63566,-9.7606]]],[[[146.505,-18.55552],[146.5033,-18.54434],[146.49128,-18.53813],[146.48815,-18.55805],[146.50041,-18.56333],[146.505,-18.55552]]],[[[144.27729,-14.21969],[144.26613,-14.22552],[144.24507,-14.2208],[144.26984,-14.23924],[144.2778,-14.23229],[144.27729,-14.21969]]],[[[149.49754,-21.82144],[149.46902,-21.82173],[149.49004,-21.8365],[149.50052,-21.83067],[149.49754,-21.82144]]],[[[144.0478,-9.92621],[144.05931,-9.92158],[144.06158,-9.9088],[144.04074,-9.91405],[144.04168,-9.92529],[144.0478,-9.92621]]],[[[148.91565,-20.2521],[148.90631,-20.26804],[148.90881,-20.27434],[148.92145,-20.2709],[148.9243,-20.256],[148.91565,-20.2521]]],[[[149.04206,-20.15823],[149.03813,-20.15023],[149.03633,-20.15938],[149.02318,-20.15574],[149.02066,-20.16082],[149.02855,-20.16371],[149.03865,-20.18293],[149.04269,-20.17682],[149.0366,-20.16488],[149.04206,-20.15823]]],[[[139.05866,-16.88511],[139.0461,-16.88612],[139.07684,-16.90513],[139.07368,-16.89111],[139.05866,-16.88511]]],[[[142.23332,-10.57418],[142.22149,-10.56977],[142.20559,-10.58149],[142.21374,-10.58788],[142.23332,-10.57418]]],[[[149.08891,-20.661],[149.07636,-20.64842],[149.07708,-20.64462],[149.06811,-20.63425],[149.06637,-20.62641],[149.05523,-20.61843],[149.0572,-20.62942],[149.07189,-20.64378],[149.08335,-20.66107],[149.08891,-20.661]]],[[[145.99241,-16.94266],[146.00513,-16.92418],[145.99252,-16.9239],[145.98299,-16.93486],[145.99241,-16.94266]]],[[[149.12161,-20.5413],[149.11264,-20.5378],[149.09599,-20.54721],[149.11496,-20.55294],[149.12161,-20.5413]]],[[[149.19394,-20.67162],[149.18157,-20.66619],[149.17254,-20.67226],[149.18919,-20.68921],[149.18679,-20.6756],[149.19394,-20.67162]]],[[[146.20829,-18.45956],[146.19278,-18.4597],[146.18996,-18.47078],[146.20606,-18.47177],[146.20829,-18.45956]]],[[[149.9094,-21.01171],[149.90379,-21.00286],[149.8942,-21.00485],[149.89759,-21.02095],[149.90043,-21.01619],[149.90972,-21.01984],[149.9094,-21.01171]]],[[[148.83019,-20.23996],[148.82533,-20.22456],[148.81008,-20.21414],[148.82271,-20.23823],[148.83019,-20.23996]]],[[[150.33997,-21.65784],[150.32584,-21.65862],[150.34004,-21.67438],[150.33909,-21.66841],[150.35051,-21.66705],[150.33997,-21.65784]]],[[[144.21426,-14.22015],[144.2306,-14.21447],[144.22878,-14.20609],[144.22233,-14.20613],[144.20236,-14.23131],[144.21426,-14.22015]]],[[[149.47974,-20.74657],[149.48369,-20.741],[149.46627,-20.72671],[149.47228,-20.74721],[149.47974,-20.74657]]],[[[142.48776,-10.2554],[142.48918,-10.24239],[142.47404,-10.25026],[142.48002,-10.2604],[142.48776,-10.2554]]],[[[144.33463,-14.08518],[144.32475,-14.09792],[144.33049,-14.10478],[144.34063,-14.09393],[144.33463,-14.08518]]],[[[142.16905,-10.55766],[142.17097,-10.55359],[142.14565,-10.56567],[142.15778,-10.57003],[142.16905,-10.55766]]],[[[142.76651,-9.89536],[142.76856,-9.90507],[142.78347,-9.90492],[142.78095,-9.8957],[142.76651,-9.89536]]],[[[149.4123,-20.77291],[149.39886,-20.7664],[149.39007,-20.76933],[149.39887,-20.77932],[149.4123,-20.77291]]],[[[143.3779,-12.88595],[143.36889,-12.88211],[143.35907,-12.88807],[143.37454,-12.89599],[143.3779,-12.88595]]],[[[146.61496,-19.02576],[146.59803,-19.03524],[146.61649,-19.037],[146.62146,-19.03099],[146.61496,-19.02576]]],[[[139.26993,-16.98735],[139.26335,-16.98531],[139.26262,-16.9992],[139.27968,-16.99458],[139.26993,-16.98735]]],[[[149.57555,-21.97799],[149.58253,-21.97444],[149.57679,-21.96793],[149.57673,-21.97448],[149.55856,-21.98757],[149.56622,-21.99205],[149.57555,-21.97799]]],[[[142.25032,-9.23481],[142.24379,-9.22274],[142.23354,-9.22119],[142.2403,-9.23361],[142.25032,-9.23481]]],[[[149.61969,-20.77393],[149.6264,-20.77338],[149.62272,-20.76078],[149.61235,-20.7717],[149.61392,-20.77899],[149.61969,-20.77393]]],[[[142.63583,-10.92495],[142.63402,-10.91421],[142.62074,-10.91872],[142.62268,-10.92448],[142.63583,-10.92495]]],[[[143.4237,-9.75025],[143.40192,-9.74906],[143.398,-9.75396],[143.39893,-9.7566],[143.40505,-9.7567],[143.4237,-9.75025]]],[[[149.12456,-20.46424],[149.1207,-20.46943],[149.13228,-20.48202],[149.13285,-20.4671],[149.12456,-20.46424]]],[[[142.61723,-10.58995],[142.61459,-10.59298],[142.61197,-10.59084],[142.61031,-10.59759],[142.61544,-10.59767],[142.61617,-10.60147],[142.62055,-10.59832],[142.62933,-10.59866],[142.62145,-10.59017],[142.61742,-10.5921],[142.61723,-10.58995]]],[[[142.11345,-10.96916],[142.10093,-10.97457],[142.10116,-10.99046],[142.10764,-10.99739],[142.11637,-10.99144],[142.10276,-10.98881],[142.10042,-10.98157],[142.11345,-10.96916]]],[[[142.06234,-10.35494],[142.05047,-10.35577],[142.04994,-10.36685],[142.06214,-10.36116],[142.06234,-10.35494]]],[[[150.27584,-21.51815],[150.27161,-21.51275],[150.25909,-21.52193],[150.24518,-21.5172],[150.25751,-21.52851],[150.26638,-21.51845],[150.27584,-21.51815]]],[[[146.55118,-18.84415],[146.53585,-18.83236],[146.53106,-18.83536],[146.5498,-18.84896],[146.55118,-18.84415]]],[[[146.23786,-18.28234],[146.22564,-18.2773],[146.22983,-18.28766],[146.24108,-18.29284],[146.23786,-18.28234]]],[[[149.71714,-21.45382],[149.71837,-21.44638],[149.7102,-21.43936],[149.70784,-21.44839],[149.71831,-21.45882],[149.71714,-21.45382]]],[[[146.186,-18.44321],[146.18918,-18.43598],[146.17581,-18.43758],[146.17085,-18.4455],[146.186,-18.44321]]],[[[146.18251,-18.41362],[146.17054,-18.40686],[146.16736,-18.4107],[146.17258,-18.4203],[146.18251,-18.41362]]],[[[143.27532,-11.98821],[143.26808,-11.97599],[143.26213,-11.97602],[143.26624,-11.98866],[143.27532,-11.98821]]],[[[148.61197,-20.14625],[148.61284,-20.13838],[148.60662,-20.13799],[148.60026,-20.1525],[148.6051,-20.14803],[148.61384,-20.15156],[148.61197,-20.14625]]],[[[150.26862,-21.48138],[150.26562,-21.47726],[150.26307,-21.48427],[150.27202,-21.49029],[150.27571,-21.48403],[150.28039,-21.48627],[150.2781,-21.48045],[150.26862,-21.48138]]],[[[144.81771,-14.43339],[144.8149,-14.42548],[144.80337,-14.43326],[144.81199,-14.43876],[144.81771,-14.43339]]],[[[142.17272,-10.2257],[142.16859,-10.21983],[142.1714,-10.20716],[142.16401,-10.21442],[142.16369,-10.222],[142.16885,-10.2282],[142.17272,-10.2257]]],[[[149.84248,-21.65977],[149.83536,-21.64707],[149.83151,-21.64744],[149.83393,-21.66221],[149.83694,-21.6606],[149.83877,-21.66307],[149.84248,-21.65977]]],[[[139.06325,-16.87506],[139.0676,-16.865],[139.06315,-16.86059],[139.05786,-16.86974],[139.05891,-16.87686],[139.06325,-16.87506]]],[[[148.28479,-20.03364],[148.28511,-20.02623],[148.27766,-20.03803],[148.28609,-20.04068],[148.29463,-20.0333],[148.28479,-20.03364]]],[[[143.3973,-12.87574],[143.40039,-12.86793],[143.3893,-12.86537],[143.3892,-12.87334],[143.3973,-12.87574]]],[[[149.12686,-20.34803],[149.11989,-20.34299],[149.11776,-20.35575],[149.1241,-20.35703],[149.12686,-20.34803]]],[[[149.03628,-20.39701],[149.02635,-20.39279],[149.02306,-20.39744],[149.03473,-20.40344],[149.03628,-20.39701]]],[[[146.18111,-18.4239],[146.17885,-18.41871],[146.17117,-18.42843],[146.17722,-18.43204],[146.18111,-18.4239]]]],"type":"MultiPolygon"},"properties":{"area_sqkm":810379.67,"id":"cairns","name":"Cairns Hub"},"type":"Feature"},
{"geometry":{"coordinates":[[[[135.99648,-12.46185],[136.00363,-12.45349],[135.99326,-12.44096],[136.0155,-12.39706],[135.97561,-12.39509],[135.97248,-12.37711],[135.98522,-12.36048],[135.99533,-12.35978],[136.00816,-12.33116],[136.02365,-12.31927],[136.01593,-12.30436],[136.00834,-12.30064],[136.0118,-12.3086],[136.00743,-12.30381],[136.00902,-12.2908],[136.01797,-12.28785],[136.02993,-12.29473],[136.03392,-12.27098],[136.05414,-12.26902],[136.06121,-12.24086],[136.04925,-12.23173],[136.02813,-12.24001],[136.01353,-12.23325],[136.01964,-12.24613],[136.02331,-12.24296],[136.03067,-12.24939],[136.01056,-12.2423],[136.00117,-12.26809],[135.95006,-12.27902],[135.96223,-12.26962],[135.95452,-12.26103],[135.95623,-12.24961],[135.93312,-12.23721],[135.92805,-12.22207],[135.94227,-12.19932],[135.95536,-12.19682],[135.95787,-12.18201],[135.97349,-12.18526],[135.98309,-12.1519],[136.01199,-12.12337],[136.01954,-12.09984],[136.02847,-12.08649],[136.03869,-12.0832],[136.04577,-12.06306],[136.03878,-12.06997],[136.03464,-12.06624],[136.03156,-12.0762],[136.01113,-12.07917],[136.0093,-12.08708],[136.00367,-12.08393],[135.9968,-12.09309],[136.00484,-12.10043],[135.99635,-12.10542],[136.00233,-12.10812],[136.00211,-12.11683],[135.97234,-12.13739],[135.95999,-12.13701],[135.95909,-12.15193],[135.95002,-12.15127],[135.94863,-12.13849],[135.94818,-12.15025],[135.94256,-12.15218],[135.93566,-12.14337],[135.93579,-12.15479],[135.92844,-12.16192],[135.92188,-12.14927],[135.91224,-12.14973],[135.89493,-12.18491],[135.88241,-12.17836],[135.87884,-12.16763],[135.88559,-12.14953],[135.86837,-12.15588],[135.8685,-12.16979],[135.86207,-12.17477],[135.85529,-12.16912],[135.85048,-12.18405],[135.83869,-12.18205],[135.83625,-12.18971],[135.82855,-12.1913],[135.82521,-12.18441],[135.81592,-12.20115],[135.80363,-12.1989],[135.79836,-12.21202],[135.77826,-12.22492],[135.77633,-12.25906],[135.76208,-12.25376],[135.74623,-12.26247],[135.73027,-12.29346],[135.70959,-12.31326],[135.66593,-12.31565],[135.70465,-12.31156],[135.72165,-12.28634],[135.71027,-12.26249],[135.67683,-12.2417],[135.65236,-12.20282],[135.65373,-12.15646],[135.70046,-12.12603],[135.71366,-12.10394],[135.72733,-12.10239],[135.73124,-12.09029],[135.74305,-12.09097],[135.74672,-12.0809],[135.75855,-12.07943],[135.75785,-12.06914],[135.77277,-12.04392],[135.79457,-12.03407],[135.83277,-12.00069],[135.82651,-11.99533],[135.83169,-11.98426],[135.8697,-11.97572],[135.87175,-11.98578],[135.87749,-11.98612],[135.91126,-11.95994],[135.9099,-11.95237],[135.88658,-11.96568],[135.8084,-11.98129],[135.7545,-12.00775],[135.72741,-12.00912],[135.69401,-12.02417],[135.68426,-12.03457],[135.65356,-12.03948],[135.64365,-12.05336],[135.64972,-12.05903],[135.64307,-12.0546],[135.60539,-12.07687],[135.61564,-12.07831],[135.60378,-12.07845],[135.58277,-12.09134],[135.59976,-12.0875],[135.5985,-12.09632],[135.59379,-12.09168],[135.58127,-12.09937],[135.58575,-12.10333],[135.58081,-12.10118],[135.57047,-12.12153],[135.55073,-12.13181],[135.53487,-12.15047],[135.51363,-12.15114],[135.51076,-12.14492],[135.49698,-12.14424],[135.47951,-12.15814],[135.44368,-12.16366],[135.42528,-12.18592],[135.39335,-12.17957],[135.36254,-12.20792],[135.34251,-12.24635],[135.31309,-12.26023],[135.26943,-12.25396],[135.25952,-12.27668],[135.26686,-12.28675],[135.26248,-12.29782],[135.28808,-12.29723],[135.2757,-12.29648],[135.26598,-12.31467],[135.26719,-12.30066],[135.25098,-12.3003],[135.24361,-12.31261],[135.22006,-12.30501],[135.17497,-12.2674],[135.16428,-12.26479],[135.16017,-12.24974],[135.14469,-12.23671],[135.13778,-12.24281],[135.12412,-12.23736],[135.05605,-12.26358],[135.04494,-12.24648],[135.00458,-12.21293],[134.98518,-12.17152],[134.97161,-12.15837],[134.93539,-12.14249],[134.90482,-12.15318],[134.88523,-12.13425],[134.85683,-12.13101],[134.84196,-12.11215],[134.84425,-12.06159],[134.8381,-12.05543],[134.79819,-12.04776],[134.77954,-12.00338],[134.76921,-12.00415],[134.76072,-11.99515],[134.7677,-11.98847],[134.7655,-11.96995],[134.77083,-11.95976],[134.74761,-11.94932],[134.73972,-11.95985],[134.71908,-11.95974],[134.70335,-11.96706],[134.68784,-11.96281],[134.65588,-12.01508],[134.60508,-12.04897],[134.50455,-12.06922],[134.49092,-12.07721],[134.49285,-12.07158],[134.46461,-12.07247],[134.46524,-12.06505],[134.47044,-12.06802],[134.46673,-12.06466],[134.41242,-12.06349],[134.36461,-12.04259],[134.37788,-12.05131],[134.35388,-12.05055],[134.3628,-12.04634],[134.30651,-12.00842],[134.28668,-11.98377],[134.25902,-11.98923],[134.24581,-11.98472],[134.25354,-12.03412],[134.22842,-12.03644],[134.19378,-12.07444],[134.18806,-12.10532],[134.16844,-12.11474],[134.16226,-12.10042],[134.19427,-12.02865],[134.18109,-12.01495],[134.18176,-11.99415],[134.17297,-12.00223],[134.15202,-11.98796],[134.14993,-11.96343],[134.16857,-11.97247],[134.17542,-11.95676],[134.16888,-11.95643],[134.13419,-11.92057],[134.12718,-11.89725],[134.11995,-11.89737],[134.12075,-11.90754],[134.10454,-11.91286],[134.10171,-11.92449],[134.08094,-11.92959],[134.07486,-11.94179],[134.06602,-11.93429],[134.07165,-11.93343],[134.06854,-11.91592],[134.08013,-11.90428],[134.0784,-11.89817],[134.06394,-11.8922],[134.06359,-11.86949],[134.0308,-11.85494],[134.0045,-11.86375],[133.98408,-11.89493],[133.93955,-11.91233],[133.93321,-11.92023],[133.91993,-11.91673],[133.90774,-11.92759],[133.91242,-11.90686],[133.89538,-11.91378],[133.88887,-11.91273],[133.89445,-11.91175],[133.89074,-11.90792],[133.87604,-11.91049],[133.86772,-11.90135],[133.87793,-11.90248],[133.85832,-11.87796],[133.84214,-11.87988],[133.83194,-11.85875],[133.82964,-11.86496],[133.83103,-11.85292],[133.82311,-11.83807],[133.84653,-11.81345],[133.86764,-11.8051],[133.88989,-11.81234],[133.90171,-11.80568],[133.90549,-11.785],[133.91628,-11.77235],[133.92669,-11.76834],[133.9344,-11.77563],[133.94037,-11.77032],[133.92763,-11.76411],[133.91559,-11.74241],[133.89942,-11.75416],[133.86756,-11.75389],[133.84818,-11.7444],[133.83704,-11.72319],[133.81239,-11.73018],[133.79393,-11.72464],[133.80868,-11.73376],[133.79381,-11.72746],[133.78589,-11.73209],[133.77694,-11.74101],[133.779,-11.754],[133.77361,-11.76111],[133.73849,-11.78255],[133.69067,-11.78274],[133.67015,-11.77391],[133.66464,-11.77955],[133.69203,-11.79404],[133.67805,-11.7886],[133.65589,-11.80902],[133.66315,-11.81887],[133.63889,-11.82505],[133.631,-11.83592],[133.61353,-11.83767],[133.61111,-11.84275],[133.59518,-11.83369],[133.60701,-11.81631],[133.60216,-11.80913],[133.56562,-11.80677],[133.54919,-11.82696],[133.53015,-11.81295],[133.53443,-11.80074],[133.52894,-11.79106],[133.53953,-11.77025],[133.53381,-11.7603],[133.50118,-11.78119],[133.48014,-11.78127],[133.47876,-11.7885],[133.45913,-11.80194],[133.44812,-11.7904],[133.44813,-11.77831],[133.4385,-11.77401],[133.41039,-11.77952],[133.3987,-11.76775],[133.39882,-11.75747],[133.41465,-11.75749],[133.41008,-11.7481],[133.41559,-11.73941],[133.40286,-11.73205],[133.38564,-11.75203],[133.36923,-11.75767],[133.37644,-11.76739],[133.36965,-11.77608],[133.35693,-11.77551],[133.35316,-11.76465],[133.32091,-11.76981],[133.30986,-11.75814],[133.30811,-11.73895],[133.32041,-11.71952],[133.31971,-11.72427],[133.34059,-11.72712],[133.35448,-11.71787],[133.34338,-11.69368],[133.29554,-11.70277],[133.28394,-11.71767],[133.2518,-11.73186],[133.18013,-11.72067],[133.14989,-11.7022],[133.13059,-11.66296],[133.10565,-11.63308],[133.09416,-11.59114],[133.06961,-11.54827],[133.07688,-11.52095],[133.04598,-11.50282],[133.00787,-11.4328],[132.96815,-11.41678],[132.94525,-11.36758],[132.93335,-11.3636],[132.91797,-11.3317],[132.89791,-11.3399],[132.87205,-11.32978],[132.86504,-11.34004],[132.88048,-11.34743],[132.89359,-11.37118],[132.9092,-11.38468],[132.89969,-11.40272],[132.90366,-11.41719],[132.89642,-11.42587],[132.88587,-11.4298],[132.87308,-11.41688],[132.86402,-11.41901],[132.85035,-11.39254],[132.84221,-11.39511],[132.82317,-11.40466],[132.82553,-11.42071],[132.81139,-11.43807],[132.78388,-11.44635],[132.7782,-11.47005],[132.76301,-11.48853],[132.74787,-11.49526],[132.7329,-11.51905],[132.71455,-11.52328],[132.69465,-11.51418],[132.66903,-11.51556],[132.63784,-11.4775],[132.63546,-11.43661],[132.62204,-11.41024],[132.58547,-11.39452],[132.57031,-11.37278],[132.55922,-11.36789],[132.54707,-11.34198],[132.5192,-11.34476],[132.51185,-11.33021],[132.5019,-11.32991],[132.50354,-11.31843],[132.51717,-11.31702],[132.50529,-11.31008],[132.51184,-11.30378],[132.51016,-11.29271],[132.48684,-11.29946],[132.49727,-11.28215],[132.50516,-11.2841],[132.50681,-11.27225],[132.47677,-11.25839],[132.45106,-11.21805],[132.43395,-11.2113],[132.42002,-11.22561],[132.41367,-11.23789],[132.42227,-11.26221],[132.41411,-11.26997],[132.40612,-11.26451],[132.39739,-11.29913],[132.38572,-11.29684],[132.38439,-11.28735],[132.37371,-11.29543],[132.38233,-11.20795],[132.36493,-11.19374],[132.35696,-11.14889],[132.34135,-11.13392],[132.3437,-11.11992],[132.33331,-11.1157],[132.33892,-11.14034],[132.31952,-11.15585],[132.32222,-11.16557],[132.30571,-11.17318],[132.2879,-11.16485],[132.26509,-11.17537],[132.27401,-11.19935],[132.26468,-11.21353],[132.28159,-11.23306],[132.27769,-11.24487],[132.28745,-11.26253],[132.28357,-11.2767],[132.26536,-11.26379],[132.24988,-11.2216],[132.23983,-11.2185],[132.24348,-11.1974],[132.23089,-11.19678],[132.2251,-11.18885],[132.22754,-11.18028],[132.21151,-11.18314],[132.19604,-11.16488],[132.18683,-11.13029],[132.13563,-11.12236],[132.14347,-11.1338],[132.14127,-11.15365],[132.16198,-11.16077],[132.16083,-11.18368],[132.19457,-11.20767],[132.19993,-11.22422],[132.18869,-11.24152],[132.17991,-11.2407],[132.19025,-11.24853],[132.1977,-11.26934],[132.1925,-11.27869],[132.19687,-11.27521],[132.1971,-11.27999],[132.19135,-11.28071],[132.19264,-11.29743],[132.17562,-11.31293],[132.17259,-11.32342],[132.19754,-11.30118],[132.22675,-11.32143],[132.23649,-11.33987],[132.23136,-11.36298],[132.22215,-11.36962],[132.19031,-11.35094],[132.18291,-11.36536],[132.18844,-11.38007],[132.19999,-11.38249],[132.19786,-11.3975],[132.20621,-11.39811],[132.20815,-11.41338],[132.19913,-11.41741],[132.17599,-11.39683],[132.18082,-11.41627],[132.17038,-11.4204],[132.16428,-11.41262],[132.1693,-11.40696],[132.15205,-11.39195],[132.15798,-11.38251],[132.1447,-11.38233],[132.15413,-11.37447],[132.15363,-11.36013],[132.14541,-11.35636],[132.15589,-11.32266],[132.14094,-11.31502],[132.1368,-11.29614],[132.12504,-11.31302],[132.12267,-11.34925],[132.10882,-11.32851],[132.1,-11.32903],[132.10729,-11.3153],[132.09831,-11.30283],[132.10445,-11.2901],[132.11327,-11.288],[132.11643,-11.27368],[132.11417,-11.26847],[132.10052,-11.27473],[132.09578,-11.26206],[132.10486,-11.25578],[132.1139,-11.23415],[132.11356,-11.21111],[132.1091,-11.20962],[132.09858,-11.23192],[132.08451,-11.23151],[132.07547,-11.20934],[132.08264,-11.1947],[132.07085,-11.19701],[132.06642,-11.19168],[132.07552,-11.17953],[132.06833,-11.17577],[132.06875,-11.18266],[132.05475,-11.19105],[132.05675,-11.2019],[132.05209,-11.19612],[132.04613,-11.19947],[132.0472,-11.19124],[132.03701,-11.19276],[132.02908,-11.17872],[132.01071,-11.12985],[131.99299,-11.12422],[131.97286,-11.12824],[131.96986,-11.13907],[131.98595,-11.15096],[131.98647,-11.17083],[131.99355,-11.17572],[131.98245,-11.18007],[131.97,-11.17079],[131.96244,-11.17664],[131.97016,-11.1998],[131.98647,-11.21857],[131.97419,-11.23514],[131.96128,-11.2289],[131.96123,-11.25303],[131.94478,-11.24444],[131.94556,-11.25155],[131.92998,-11.25986],[131.92753,-11.23502],[131.92033,-11.23376],[131.91511,-11.21874],[131.90413,-11.21634],[131.91205,-11.20687],[131.90233,-11.20493],[131.90236,-11.19567],[131.8825,-11.18151],[131.87561,-11.19312],[131.8862,-11.20726],[131.87966,-11.21706],[131.87938,-11.2349],[131.86798,-11.21929],[131.85643,-11.21959],[131.86046,-11.2091],[131.84006,-11.22654],[131.83114,-11.22325],[131.82182,-11.2064],[131.81482,-11.21168],[131.81582,-11.22128],[131.83691,-11.24765],[131.84833,-11.25299],[131.85521,-11.27672],[131.84023,-11.28638],[131.8158,-11.26813],[131.79441,-11.2683],[131.80649,-11.28312],[131.79935,-11.29778],[131.80656,-11.29656],[131.7998,-11.29936],[131.77992,-11.29128],[131.77669,-11.30076],[131.7816,-11.30484],[131.77631,-11.31126],[131.77003,-11.30864],[131.77291,-11.30221],[131.7593,-11.29969],[131.76268,-11.31573],[131.7733,-11.32502],[131.82114,-11.31827],[131.8421,-11.31258],[131.85977,-11.29276],[131.91471,-11.32474],[131.93062,-11.32444],[131.93327,-11.31632],[131.94356,-11.31984],[131.94564,-11.32507],[131.92612,-11.33696],[131.91692,-11.35748],[131.9304,-11.36564],[131.92825,-11.35784],[131.93761,-11.35079],[131.95172,-11.35147],[131.95551,-11.34425],[131.95128,-11.34119],[131.96593,-11.34247],[131.97563,-11.35175],[131.97366,-11.3619],[131.97173,-11.35671],[131.96485,-11.36075],[131.97121,-11.3642],[131.96724,-11.3681],[131.98473,-11.3766],[131.97739,-11.38426],[131.95989,-11.38061],[131.93983,-11.3923],[131.94245,-11.39987],[131.96245,-11.41109],[131.99016,-11.40145],[131.99427,-11.40586],[131.986,-11.42277],[131.99662,-11.43002],[132.04124,-11.4204],[132.05938,-11.43212],[132.05097,-11.46019],[132.03026,-11.45884],[132.0339,-11.48211],[132.05543,-11.49648],[132.05891,-11.51499],[132.0679,-11.52498],[132.08951,-11.5313],[132.10453,-11.52811],[132.11385,-11.5399],[132.12263,-11.5264],[132.11491,-11.51659],[132.14214,-11.51928],[132.15003,-11.50345],[132.1673,-11.49157],[132.19383,-11.49018],[132.21009,-11.46921],[132.23882,-11.45518],[132.30195,-11.46507],[132.35348,-11.44125],[132.39923,-11.45489],[132.42877,-11.45196],[132.45717,-11.45773],[132.48054,-11.48403],[132.49418,-11.48248],[132.49979,-11.50952],[132.51578,-11.52076],[132.53194,-11.52049],[132.52485,-11.54497],[132.53776,-11.55405],[132.55311,-11.5549],[132.54914,-11.5742],[132.53628,-11.58025],[132.54785,-11.60864],[132.61634,-11.65013],[132.65784,-11.6487],[132.64939,-11.67148],[132.65775,-11.67795],[132.64897,-11.72242],[132.62308,-11.74729],[132.62063,-11.75812],[132.59674,-11.76786],[132.58073,-11.78598],[132.59497,-11.8053],[132.61851,-11.80498],[132.63655,-11.822],[132.6479,-11.85821],[132.64564,-11.87512],[132.65535,-11.88979],[132.64083,-11.90131],[132.63872,-11.94275],[132.61899,-12.01669],[132.62638,-12.05414],[132.62329,-12.07261],[132.62931,-12.08539],[132.57841,-12.10545],[132.55624,-12.08575],[132.55484,-12.09828],[132.51306,-12.12412],[132.44204,-12.14645],[132.41761,-12.19531],[132.41714,-12.22239],[132.38942,-12.23639],[132.35319,-12.1988],[132.27849,-12.22419],[132.26431,-12.203],[132.26175,-12.17341],[132.24498,-12.1754],[132.23822,-12.16974],[132.22438,-12.19455],[132.19668,-12.20882],[132.17083,-12.21326],[132.14766,-12.24583],[132.07392,-12.28896],[132.06974,-12.30352],[132.02119,-12.2967],[131.93944,-12.27291],[131.91752,-12.25587],[131.90426,-12.22433],[131.87929,-12.21453],[131.83055,-12.24504],[131.77533,-12.26821],[131.68285,-12.28472],[131.5481,-12.27819],[131.47232,-12.28369],[131.4268,-12.27539],[131.3809,-12.25647],[131.3431,-12.22226],[131.32279,-12.19341],[131.31408,-12.16566],[131.32286,-12.14722],[131.31293,-12.13243],[131.32186,-12.1226],[131.31391,-12.11268],[131.32095,-12.08985],[131.29953,-12.07015],[131.30338,-12.05297],[131.29715,-12.04259],[131.26638,-12.07691],[131.27358,-12.10011],[131.25084,-12.13592],[131.25391,-12.16279],[131.2289,-12.20726],[131.2311,-12.21437],[131.2509,-12.22001],[131.21234,-12.24017],[131.20701,-12.26312],[131.23402,-12.26632],[131.22855,-12.28136],[131.2291,-12.27322],[131.22291,-12.27787],[131.22503,-12.28502],[131.22199,-12.27799],[131.23207,-12.26677],[131.21759,-12.26433],[131.206,-12.27037],[131.20981,-12.23962],[131.19338,-12.23771],[131.20522,-12.24166],[131.22207,-12.22716],[131.17598,-12.19208],[131.16908,-12.1732],[131.15758,-12.16882],[131.1443,-12.18241],[131.12546,-12.18257],[131.11437,-12.17503],[131.11322,-12.15504],[131.0876,-12.15375],[131.06536,-12.16679],[131.05179,-12.15824],[131.04589,-12.14277],[131.03063,-12.14642],[130.99599,-12.16863],[130.99465,-12.18604],[131.0047,-12.20906],[131.0216,-12.21625],[131.03048,-12.23149],[131.013,-12.32326],[131.01772,-12.32686],[131.02847,-12.30548],[131.02804,-12.3178],[131.06098,-12.33211],[131.02979,-12.32559],[131.02498,-12.3352],[131.03258,-12.33925],[131.02984,-12.34638],[131.05507,-12.34777],[131.04501,-12.34917],[131.03489,-12.36086],[131.00894,-12.35636],[131.01322,-12.3663],[131.0193,-12.3621],[131.01879,-12.37163],[131.01792,-12.36177],[131.01253,-12.36698],[131.0048,-12.35219],[130.98282,-12.34185],[130.95012,-12.34602],[130.94608,-12.35717],[130.94605,-12.34203],[130.92341,-12.34479],[130.89603,-12.33004],[130.87056,-12.35539],[130.86117,-12.37576],[130.8421,-12.38007],[130.84913,-12.39147],[130.84083,-12.4127],[130.8164,-12.40711],[130.81963,-12.41456],[130.82824,-12.41161],[130.83598,-12.42877],[130.82682,-12.45432],[130.81636,-12.4532],[130.82143,-12.45986],[130.83385,-12.46018],[130.84628,-12.47056],[130.8518,-12.46648],[130.8529,-12.44185],[130.86627,-12.44028],[130.85637,-12.45099],[130.8787,-12.46361],[130.88594,-12.46201],[130.87833,-12.4505],[130.88602,-12.44303],[130.89077,-12.46517],[130.9071,-12.4648],[130.91697,-12.45766],[130.89194,-12.47274],[130.89737,-12.48764],[130.90537,-12.48068],[130.92588,-12.48295],[130.93644,-12.47141],[130.94675,-12.47103],[130.9306,-12.48667],[130.94088,-12.50427],[130.9473,-12.49647],[130.94195,-12.52178],[130.95517,-12.52938],[130.95387,-12.55511],[130.95569,-12.54582],[130.94947,-12.53962],[130.93899,-12.55406],[130.94705,-12.54166],[130.93427,-12.53219],[130.93486,-12.54061],[130.92738,-12.53661],[130.93056,-12.52022],[130.92264,-12.50923],[130.91043,-12.51744],[130.91138,-12.53054],[130.91667,-12.53087],[130.90806,-12.54072],[130.90709,-12.51643],[130.89562,-12.52978],[130.90363,-12.51327],[130.87961,-12.52111],[130.86981,-12.50576],[130.85923,-12.50657],[130.86214,-12.52623],[130.87388,-12.52801],[130.87955,-12.54789],[130.8943,-12.55848],[130.90144,-12.55624],[130.89338,-12.56051],[130.87784,-12.55241],[130.88467,-12.57477],[130.90262,-12.57891],[130.90748,-12.57282],[130.9231,-12.57989],[130.94547,-12.6065],[130.95334,-12.59684],[130.94812,-12.60842],[130.95727,-12.63088],[130.96687,-12.62976],[130.94531,-12.63784],[130.93295,-12.61108],[130.88231,-12.60618],[130.88281,-12.62459],[130.89365,-12.63429],[130.89044,-12.64175],[130.9082,-12.65641],[130.89831,-12.66275],[130.89524,-12.68245],[130.90002,-12.65529],[130.88712,-12.6482],[130.87983,-12.63126],[130.87145,-12.63964],[130.86978,-12.65871],[130.86879,-12.64111],[130.87661,-12.62878],[130.86932,-12.61162],[130.85899,-12.62056],[130.84724,-12.61347],[130.85737,-12.61515],[130.86804,-12.60146],[130.84278,-12.56727],[130.84149,-12.5553],[130.81608,-12.55816],[130.82887,-12.58812],[130.82555,-12.57984],[130.81422,-12.582],[130.81183,-12.56664],[130.80513,-12.56349],[130.81215,-12.55004],[130.81018,-12.53987],[130.79994,-12.53932],[130.78822,-12.54826],[130.79448,-12.57842],[130.78369,-12.5894],[130.79015,-12.60261],[130.78041,-12.61686],[130.79188,-12.62188],[130.77995,-12.61945],[130.77716,-12.59957],[130.77474,-12.61598],[130.77244,-12.60161],[130.76739,-12.60167],[130.77428,-12.59721],[130.78171,-12.57369],[130.77858,-12.55912],[130.74906,-12.58402],[130.73008,-12.58303],[130.73445,-12.60066],[130.73206,-12.59691],[130.72932,-12.58157],[130.74894,-12.57995],[130.77442,-12.54557],[130.76944,-12.52705],[130.7785,-12.50953],[130.77146,-12.49383],[130.77891,-12.47473],[130.76167,-12.48243],[130.73677,-12.52461],[130.7271,-12.52621],[130.75741,-12.48221],[130.76517,-12.43735],[130.74986,-12.42709],[130.71168,-12.4234],[130.70569,-12.41403],[130.68385,-12.41609],[130.65428,-12.39397],[130.62416,-12.38891],[130.61933,-12.38135],[130.61163,-12.3931],[130.57899,-12.40488],[130.58728,-12.42521],[130.61224,-12.43175],[130.62327,-12.44774],[130.58846,-12.45278],[130.58099,-12.46262],[130.59112,-12.4799],[130.60413,-12.48791],[130.60579,-12.50143],[130.58873,-12.50125],[130.58287,-12.51278],[130.56589,-12.56669],[130.56844,-12.59008],[130.57799,-12.59572],[130.58902,-12.58046],[130.60397,-12.57837],[130.58926,-12.5921],[130.61205,-12.60146],[130.61851,-12.61287],[130.63151,-12.60901],[130.64415,-12.62378],[130.63913,-12.63262],[130.64247,-12.6394],[130.64121,-12.64414],[130.63821,-12.63285],[130.64292,-12.62516],[130.63116,-12.61139],[130.61889,-12.61562],[130.60722,-12.60429],[130.6047,-12.61446],[130.58826,-12.62939],[130.58886,-12.65436],[130.59627,-12.65397],[130.58653,-12.66043],[130.58285,-12.62295],[130.5596,-12.62647],[130.54993,-12.61608],[130.54569,-12.63428],[130.57343,-12.65222],[130.57333,-12.66352],[130.58589,-12.68442],[130.59727,-12.67074],[130.61742,-12.67637],[130.61649,-12.66869],[130.63775,-12.68365],[130.63343,-12.6863],[130.67395,-12.69145],[130.66475,-12.7005],[130.67409,-12.70783],[130.68444,-12.70681],[130.70198,-12.69046],[130.70273,-12.6956],[130.67916,-12.71348],[130.69022,-12.71979],[130.70609,-12.71096],[130.73879,-12.71052],[130.70736,-12.71649],[130.70821,-12.72265],[130.68461,-12.74443],[130.69396,-12.74665],[130.68917,-12.75147],[130.67978,-12.74523],[130.69069,-12.73267],[130.68717,-12.72793],[130.66916,-12.724],[130.66063,-12.71463],[130.63012,-12.71522],[130.62148,-12.70518],[130.617,-12.71173],[130.63635,-12.72708],[130.63775,-12.74075],[130.64358,-12.74367],[130.62477,-12.76969],[130.63522,-12.77417],[130.62437,-12.77508],[130.62956,-12.72777],[130.61033,-12.72225],[130.60251,-12.72779],[130.60505,-12.73269],[130.59986,-12.72904],[130.60768,-12.71988],[130.59605,-12.71797],[130.58513,-12.73187],[130.59117,-12.73917],[130.58467,-12.73526],[130.56994,-12.74375],[130.58076,-12.73391],[130.58328,-12.71922],[130.56726,-12.70635],[130.55864,-12.71856],[130.5573,-12.70197],[130.53579,-12.719],[130.53591,-12.71338],[130.52065,-12.70347],[130.51144,-12.71023],[130.51547,-12.72266],[130.53113,-12.72491],[130.52527,-12.73429],[130.53103,-12.74214],[130.52435,-12.73406],[130.52941,-12.72502],[130.51755,-12.72559],[130.51918,-12.75011],[130.51824,-12.73147],[130.50615,-12.71498],[130.50121,-12.71794],[130.51833,-12.69135],[130.5136,-12.66774],[130.49213,-12.66726],[130.46091,-12.63915],[130.44469,-12.64549],[130.43858,-12.63363],[130.42029,-12.6454],[130.42456,-12.65693],[130.41398,-12.6647],[130.4096,-12.66349],[130.41282,-12.65558],[130.3936,-12.66226],[130.3981,-12.67368],[130.39063,-12.68589],[130.35205,-12.67031],[130.34633,-12.7152],[130.35624,-12.73475],[130.35282,-12.79535],[130.35836,-12.80721],[130.33318,-12.88105],[130.33826,-12.89009],[130.27952,-12.93251],[130.24714,-12.94835],[130.21326,-12.947],[130.19263,-12.92778],[130.19378,-12.91048],[130.17581,-12.91025],[130.15911,-12.9292],[130.14113,-12.93343],[130.12821,-12.97367],[130.14121,-13.00064],[130.12017,-13.07935],[130.1203,-13.08974],[130.13407,-13.10745],[130.1189,-13.13337],[130.11619,-13.16411],[130.13053,-13.17651],[130.16307,-13.17689],[130.2116,-13.23139],[130.22522,-13.24917],[130.23475,-13.27705],[130.26819,-13.2998],[130.26527,-13.33269],[130.2355,-13.33965],[130.21445,-13.36819],[130.19838,-13.37418],[130.18224,-13.40861],[130.14162,-13.45709],[130.12524,-13.46617],[130.10638,-13.45628],[130.06416,-13.50367],[130.0587,-13.49942],[130.04244,-13.5155],[130.00838,-13.53331],[129.95686,-13.53579],[129.92865,-13.52826],[129.90991,-13.51432],[129.90053,-13.49858],[129.89745,-13.44039],[129.87841,-13.46019],[129.86942,-13.47975],[129.86897,-13.48913],[129.87985,-13.50381],[129.87326,-13.49907],[129.83121,-13.51145],[129.81734,-13.50174],[129.82775,-13.51812],[129.83485,-13.56117],[129.79018,-13.66689],[129.78402,-13.72013],[129.79144,-13.73176],[129.78511,-13.76816],[129.79485,-13.7895],[129.78177,-13.78941],[129.74004,-13.82685],[129.72258,-13.84789],[129.71554,-13.87886],[129.71694,-13.89627],[129.73512,-13.89718],[129.74728,-13.91918],[129.74592,-13.94698],[129.75241,-13.95218],[129.74606,-13.97512],[129.72132,-14.01341],[129.7073,-14.01452],[129.64089,-14.04718],[129.60929,-14.03559],[129.59811,-14.01104],[129.59065,-14.03284],[129.61169,-14.05356],[129.61109,-14.06351],[129.59341,-14.09625],[129.58322,-14.09747],[129.57097,-14.08128],[129.55878,-14.0955],[129.55432,-14.11832],[129.55943,-14.1641],[129.55479,-14.16737],[129.53656,-14.13546],[129.51199,-14.13528],[129.49637,-14.1279],[129.46384,-14.19369],[129.45321,-14.1912],[129.43109,-14.2264],[129.40928,-14.23595],[129.41158,-14.27947],[129.41839,-14.27714],[129.41447,-14.28253],[129.41943,-14.29113],[129.41051,-14.28828],[129.3935,-14.31683],[129.367,-14.33811],[129.37388,-14.35474],[129.36071,-14.38251],[129.35675,-14.42364],[129.37927,-14.41942],[129.40186,-14.42886],[129.42071,-14.44994],[129.42264,-14.46735],[129.43444,-14.4788],[129.44454,-14.476],[129.45021,-14.48212],[129.45097,-14.50371],[129.47849,-14.49677],[129.48834,-14.50211],[129.52628,-14.55227],[129.53182,-14.54778],[129.55693,-14.55079],[129.56677,-14.56253],[129.66935,-14.58047],[129.78755,-14.53203],[129.80825,-14.53286],[129.78294,-14.53803],[129.74877,-14.57234],[129.75199,-14.59597],[129.73559,-14.61719],[129.69364,-14.6386],[129.68165,-14.65813],[129.66063,-14.65776],[129.64922,-14.67424],[129.62272,-14.68583],[129.65378,-14.7224],[129.68306,-14.71804],[129.66282,-14.73462],[129.66592,-14.75553],[129.72465,-14.79145],[129.73441,-14.79395],[129.75848,-14.782],[129.77474,-14.78304],[129.77604,-14.77128],[129.79464,-14.75503],[129.79157,-14.73483],[129.80231,-14.75357],[129.79673,-14.76295],[129.80613,-14.76748],[129.79381,-14.76904],[129.77682,-14.79536],[129.75415,-14.80302],[129.74891,-14.81431],[129.76899,-14.82801],[129.7684,-14.84146],[129.74457,-14.85231],[129.68552,-14.84891],[129.64405,-14.83562],[129.64383,-14.89292],[129.63346,-14.91665],[129.62646,-14.91956],[129.61968,-14.94317],[129.62475,-14.96737],[129.62164,-15.00053],[129.52477,-15.0281],[129.52229,-15.0057],[129.47969,-14.93892],[129.36725,-14.90318],[129.35371,-14.87641],[129.33485,-14.873],[129.31738,-14.85946],[129.29159,-14.85723],[129.26994,-14.86315],[129.26581,-14.88302],[129.27109,-14.90135],[129.24824,-14.91766],[129.23488,-14.91411],[129.23231,-14.95084],[129.24136,-14.98647],[129.23281,-15.00592],[129.26454,-15.03245],[129.25521,-15.03474],[129.25146,-15.05598],[129.23648,-15.0678],[129.2494,-15.09098],[129.23514,-15.1086],[129.24191,-15.12924],[129.22898,-15.142],[129.22915,-15.15896],[129.22416,-15.14625],[129.2286,-15.1334],[129.20942,-15.16234],[129.19631,-15.15966],[129.20366,-15.14707],[129.18664,-15.13779],[129.20054,-15.12262],[129.19799,-15.10948],[129.18896,-15.10498],[129.18653,-15.09252],[129.16559,-15.08011],[129.16445,-15.05556],[129.14482,-15.0409],[129.13824,-15.01438],[129.12654,-15.00985],[129.10841,-14.98924],[129.11271,-14.93445],[129.10128,-14.91507],[129.07695,-14.89632],[129.05848,-14.89161],[129.05247,-14.91001],[129.02446,-14.88344],[128.97518,-14.87628],[128.96739,-14.88475],[128.95391,-14.87276],[128.93172,-14.87275],[128.91638,-14.86268],[128.9129,-14.86731],[128.91011,-14.856],[128.83272,-14.8583],[128.83702,-14.86034],[128.83039,-14.86406],[128.82749,-14.85569],[128.82481,-14.86654],[128.82087,-14.86179],[128.81888,-14.86653],[128.80855,-14.85646],[128.80077,-14.85588],[128.80146,-14.86244],[128.79356,-14.86028],[128.78915,-14.85146],[128.78775,-14.8605],[128.77719,-14.84749],[128.76789,-14.85312],[128.77731,-14.84059],[128.75443,-14.83502],[128.73839,-14.83929],[128.71889,-14.8266],[128.71809,-14.81609],[128.67886,-14.79579],[128.61347,-14.78741],[128.60882,-14.78988],[128.62786,-14.79896],[128.62343,-14.80393],[128.59602,-14.8007],[128.58706,-14.80769],[128.58848,-14.79741],[128.57547,-14.7958],[128.57445,-14.78608],[128.57025,-14.79115],[128.56574,-14.78244],[128.55413,-14.78083],[128.54725,-14.77259],[128.55044,-14.76794],[128.52846,-14.77997],[128.53588,-14.787],[128.5253,-14.78957],[128.50662,-14.78105],[128.48511,-14.79139],[128.47525,-14.78616],[128.46592,-14.7997],[128.43638,-14.81216],[128.41807,-14.79527],[128.3799,-14.81629],[128.38185,-14.82432],[128.39766,-14.82278],[128.43905,-14.85195],[128.47712,-14.91162],[128.46976,-14.92708],[128.47484,-14.941],[128.50777,-14.97375],[128.50171,-14.97848],[128.47769,-14.96045],[128.4227,-14.88265],[128.40272,-14.87784],[128.41775,-14.90433],[128.4192,-14.92773],[128.43801,-14.97446],[128.45493,-14.99497],[128.4714,-14.99925],[128.47006,-15.00422],[128.44376,-14.99719],[128.43043,-14.98201],[128.4189,-14.95033],[128.40103,-14.93852],[128.36864,-14.88994],[128.35912,-14.88482],[128.34863,-14.96638],[128.38815,-14.99857],[128.40135,-15.01796],[128.39669,-15.02123],[128.37307,-14.99686],[128.36378,-14.99401],[128.36144,-14.99857],[128.35809,-14.99128],[128.35939,-14.99857],[128.33897,-14.99857],[128.32688,-14.96993],[128.32305,-14.93318],[128.3139,-14.92569],[128.29584,-14.93738],[128.29248,-14.96676],[128.31598,-14.99857],[128.30906,-14.99857],[128.28746,-14.97374],[128.2772,-14.98083],[128.27789,-14.99857],[128.27071,-14.99857],[128.27382,-14.985],[128.26918,-14.98193],[128.23013,-15.00068],[128.19905,-15.07081],[128.19402,-15.09352],[128.19772,-15.10189],[128.17943,-15.11383],[128.16085,-15.09266],[128.15233,-15.05173],[128.12431,-15.04083],[128.12523,-15.09553],[128.114,-15.12161],[128.1258,-15.15136],[128.12689,-15.1838],[128.11849,-15.19305],[128.11694,-15.20661],[128.11007,-15.20964],[128.11317,-15.23824],[128.08727,-15.2453],[128.08081,-15.22788],[128.09166,-15.21423],[128.09887,-15.16735],[128.08354,-15.1524],[128.07494,-15.104],[128.09212,-15.07093],[128.10308,-15.06451],[128.0944,-15.04472],[128.1014,-15.03727],[128.10006,-15.01116],[128.11335,-14.99328],[128.11428,-14.96503],[128.10785,-14.94692],[128.13908,-14.87078],[128.12293,-14.87105],[128.11849,-14.86135],[128.15117,-14.8419],[128.19243,-14.83867],[128.19398,-14.82806],[128.17519,-14.79182],[128.18386,-14.74427],[128.20061,-14.73756],[128.21575,-14.75468],[128.22145,-14.75256],[128.2251,-14.74014],[128.21657,-14.74069],[128.21421,-14.7332],[128.22144,-14.72509],[128.21961,-14.71638],[128.20119,-14.70648],[128.1842,-14.71466],[128.16112,-14.70802],[128.15572,-14.69534],[128.15072,-14.69588],[128.15019,-14.68559],[128.13125,-14.6871],[128.13722,-14.67763],[128.13089,-14.66415],[128.1019,-14.65635],[128.10343,-14.65093],[128.08677,-14.63899],[128.08592,-14.6469],[128.06936,-14.65024],[128.06656,-14.64172],[128.07334,-14.63],[128.06932,-14.62072],[128.02784,-14.57928],[128.01408,-14.56983],[128.0005,-14.57056],[127.99303,-14.55617],[127.98479,-14.57964],[127.96269,-14.59038],[127.95262,-14.58605],[127.95351,-14.57056],[127.92735,-14.55801],[127.94021,-14.54339],[127.93886,-14.53015],[127.95255,-14.52942],[127.94933,-14.52422],[127.92925,-14.50287],[127.92334,-14.50137],[127.92075,-14.50825],[127.91764,-14.50349],[127.90208,-14.50508],[127.88225,-14.48477],[127.88023,-14.47086],[127.85012,-14.48449],[127.83464,-14.45197],[127.82444,-14.45034],[127.81974,-14.44059],[127.82701,-14.42685],[127.82841,-14.40256],[127.81929,-14.39584],[127.81045,-14.40212],[127.8065,-14.38255],[127.7966,-14.39097],[127.78274,-14.38208],[127.7875,-14.37973],[127.78648,-14.35441],[127.76266,-14.3032],[127.7376,-14.2878],[127.73822,-14.28136],[127.71933,-14.27666],[127.71058,-14.25272],[127.68318,-14.24341],[127.68461,-14.23664],[127.68457,-14.24274],[127.69118,-14.24278],[127.69217,-14.23194],[127.68371,-14.21234],[127.67176,-14.22158],[127.67723,-14.21162],[127.66531,-14.20974],[127.66983,-14.19056],[127.64868,-14.18218],[127.64841,-14.16963],[127.62461,-14.16056],[127.61591,-14.14367],[127.58911,-14.14427],[127.5793,-14.12841],[127.56728,-14.12528],[127.56678,-14.11341],[127.55676,-14.10465],[127.54955,-14.11048],[127.54348,-14.09982],[127.5239,-14.1198],[127.5222,-14.11324],[127.53561,-14.09909],[127.53755,-14.08633],[127.521,-14.08543],[127.51481,-14.0942],[127.50848,-14.08784],[127.52365,-14.06929],[127.51441,-14.06629],[127.51518,-14.07308],[127.5046,-14.07468],[127.49338,-14.06073],[127.48289,-14.08508],[127.47753,-14.06232],[127.47071,-14.06385],[127.46753,-14.05675],[127.45913,-14.06281],[127.45249,-14.05879],[127.4491,-14.05407],[127.45925,-14.03511],[127.44852,-14.02479],[127.46719,-14.0009],[127.45967,-13.98848],[127.45424,-13.99008],[127.45546,-13.98025],[127.43961,-13.9802],[127.44443,-13.9725],[127.42496,-13.96671],[127.43005,-13.94296],[127.42322,-13.94287],[127.41074,-13.9614],[127.39555,-13.93949],[127.37409,-13.93916],[127.37744,-13.92804],[127.36056,-13.91893],[127.35977,-13.90868],[127.34738,-13.90659],[127.33792,-13.91397],[127.32184,-13.91471],[127.32956,-13.93367],[127.3444,-13.93869],[127.34721,-13.94693],[127.34463,-13.93993],[127.33107,-13.96112],[127.31811,-13.96117],[127.29068,-13.93382],[127.27577,-13.93798],[127.28275,-13.91927],[127.26556,-13.90194],[127.24903,-13.90686],[127.24669,-13.90043],[127.23515,-13.90782],[127.22661,-13.94253],[127.21042,-13.94463],[127.207,-13.95662],[127.21428,-13.9665],[127.20773,-13.9736],[127.19873,-13.94478],[127.1952,-13.95948],[127.18987,-13.95724],[127.18621,-13.93884],[127.19552,-13.92231],[127.19071,-13.90402],[127.16979,-13.91065],[127.16623,-13.91789],[127.17876,-13.92587],[127.15762,-13.93374],[127.14822,-13.95614],[127.15312,-13.96708],[127.14502,-13.96688],[127.14715,-13.98089],[127.14287,-13.98226],[127.12719,-13.9657],[127.11749,-13.97059],[127.11376,-13.9628],[127.12273,-13.9482],[127.10768,-13.94463],[127.11146,-13.93445],[127.1046,-13.92532],[127.09884,-13.93076],[127.09385,-13.92739],[127.10075,-13.91403],[127.10931,-13.91389],[127.09863,-13.90331],[127.10529,-13.89334],[127.10283,-13.88431],[127.06934,-13.89617],[127.06057,-13.90793],[127.07664,-13.86982],[127.06786,-13.87052],[127.06507,-13.8642],[127.0811,-13.85455],[127.0814,-13.83998],[127.06855,-13.83595],[127.05749,-13.84784],[127.04431,-13.8489],[127.04576,-13.83342],[127.0558,-13.82819],[127.04706,-13.80573],[127.03945,-13.81389],[127.03662,-13.83209],[127.02597,-13.82704],[127.03044,-13.81697],[127.00606,-13.82379],[127.01783,-13.81271],[127.01768,-13.80356],[127.03075,-13.80397],[127.01835,-13.79746],[127.01346,-13.78538],[127.01233,-13.79578],[127.00204,-13.794],[127.00595,-13.788],[126.99826,-13.7687],[126.99626,-13.79085],[126.98573,-13.78749],[126.9845,-13.76648],[126.97789,-13.76142],[126.984,-13.75417],[126.96954,-13.75251],[126.96327,-13.74168],[126.95428,-13.74758],[126.91438,-13.74124],[126.92506,-13.75726],[126.93731,-13.75791],[126.94439,-13.7676],[126.92176,-13.77613],[126.92046,-13.76834],[126.89757,-13.76636],[126.89778,-13.75868],[126.88099,-13.74867],[126.87048,-13.7514],[126.86842,-13.76135],[126.85131,-13.75822],[126.85158,-13.77449],[126.87293,-13.79901],[126.84736,-13.79777],[126.84231,-13.81699],[126.82622,-13.80855],[126.83149,-13.78685],[126.81819,-13.78439],[126.81873,-13.76936],[126.79401,-13.77642],[126.78916,-13.79131],[126.77818,-13.78153],[126.76433,-13.7915],[126.7671,-13.78709],[126.75773,-13.78699],[126.76661,-13.77647],[126.74329,-13.79176],[126.76044,-13.80822],[126.75839,-13.82607],[126.7728,-13.86073],[126.79053,-13.87662],[126.79445,-13.873],[126.79134,-13.87798],[126.79956,-13.88304],[126.80947,-13.9168],[126.80556,-13.93048],[126.82082,-13.9248],[126.82453,-13.92954],[126.83945,-13.9277],[126.84005,-13.93753],[126.86506,-13.94559],[126.87016,-13.95181],[126.86545,-13.963],[126.87174,-13.96655],[126.82354,-13.95112],[126.81905,-13.96005],[126.83224,-13.96149],[126.81928,-13.96208],[126.81999,-13.96682],[126.84566,-13.96372],[126.85575,-13.97161],[126.83828,-13.97108],[126.8184,-13.9814],[126.80999,-13.99791],[126.8103,-13.98413],[126.8013,-13.99262],[126.79342,-13.98935],[126.80718,-13.98639],[126.79802,-13.97602],[126.79179,-13.98382],[126.78911,-13.9731],[126.77353,-13.98279],[126.78876,-13.97231],[126.79779,-13.97398],[126.78771,-13.97027],[126.77212,-13.98318],[126.76805,-13.97539],[126.75069,-13.97215],[126.75316,-13.98999],[126.74067,-13.99701],[126.72239,-13.99501],[126.70604,-13.97334],[126.69592,-13.99902],[126.70185,-14.02123],[126.7233,-14.02938],[126.73861,-14.01394],[126.75398,-14.01137],[126.75776,-14.01636],[126.7459,-14.01469],[126.75308,-14.01613],[126.74714,-14.0313],[126.75474,-14.04787],[126.76272,-14.0501],[126.74943,-14.05027],[126.74511,-14.05922],[126.72312,-14.06521],[126.73307,-14.06459],[126.73715,-14.07045],[126.72973,-14.09219],[126.71815,-14.09021],[126.71021,-14.1003],[126.71787,-14.10411],[126.71965,-14.12061],[126.69382,-14.13473],[126.68916,-14.12764],[126.68628,-14.13104],[126.69288,-14.10547],[126.68934,-14.09125],[126.68551,-14.08991],[126.68558,-14.1037],[126.66324,-14.07814],[126.65153,-14.073],[126.64483,-14.0771],[126.66097,-14.11477],[126.6473,-14.13755],[126.6514,-14.17346],[126.6336,-14.19122],[126.61901,-14.17993],[126.60697,-14.1801],[126.60534,-14.23288],[126.57904,-14.23016],[126.56568,-14.21858],[126.57045,-14.1946],[126.5626,-14.17],[126.57491,-14.15458],[126.56895,-14.13901],[126.56166,-14.13994],[126.5558,-14.15104],[126.53784,-14.14716],[126.51543,-14.15742],[126.51724,-14.14724],[126.5011,-14.13397],[126.49947,-14.10019],[126.51194,-14.09201],[126.52513,-14.09241],[126.52207,-14.07841],[126.51372,-14.0755],[126.51185,-14.08603],[126.51178,-14.0815],[126.49217,-14.09875],[126.48129,-14.09743],[126.47879,-14.10965],[126.45688,-14.09933],[126.45466,-14.10353],[126.45417,-14.08386],[126.44945,-14.08374],[126.45496,-14.07957],[126.45249,-14.07346],[126.45945,-14.07367],[126.48353,-14.04737],[126.49718,-14.04585],[126.4874,-14.02848],[126.49102,-14.00858],[126.50895,-14.00885],[126.53921,-13.96438],[126.56592,-13.95476],[126.56521,-13.94414],[126.57737,-13.95384],[126.57122,-13.94052],[126.55435,-13.95183],[126.53907,-13.94168],[126.53872,-13.93411],[126.51147,-13.96473],[126.50393,-13.96587],[126.49525,-13.95764],[126.49584,-13.97717],[126.48521,-13.9957],[126.47029,-13.99514],[126.46487,-14.00563],[126.45434,-14.00522],[126.446,-14.00231],[126.4439,-13.9842],[126.43835,-13.98273],[126.42702,-13.99708],[126.42533,-14.01207],[126.39654,-14.01492],[126.3876,-14.03789],[126.39431,-14.05178],[126.37189,-14.04517],[126.33431,-14.05004],[126.34382,-14.05882],[126.3463,-14.07497],[126.34134,-14.07985],[126.34876,-14.08344],[126.34499,-14.09801],[126.31444,-14.09733],[126.3152,-14.11902],[126.30618,-14.12232],[126.29755,-14.13884],[126.30403,-14.13882],[126.30547,-14.15475],[126.32087,-14.14098],[126.32307,-14.1582],[126.35368,-14.17731],[126.35254,-14.18364],[126.36078,-14.18994],[126.33938,-14.19272],[126.32383,-14.20749],[126.31867,-14.19787],[126.31266,-14.20128],[126.30083,-14.23362],[126.28215,-14.21673],[126.27814,-14.23233],[126.2697,-14.23654],[126.27635,-14.21449],[126.27251,-14.20715],[126.27058,-14.22106],[126.25361,-14.23918],[126.24976,-14.22699],[126.24095,-14.2234],[126.23069,-14.23709],[126.22431,-14.23236],[126.21598,-14.23657],[126.23338,-14.20365],[126.2481,-14.21072],[126.24008,-14.19809],[126.24803,-14.18564],[126.2331,-14.18681],[126.24326,-14.17572],[126.21121,-14.17942],[126.20463,-14.18519],[126.20785,-14.17705],[126.19641,-14.18273],[126.19731,-14.17561],[126.18595,-14.16694],[126.20891,-14.13649],[126.18566,-14.14039],[126.17938,-14.13036],[126.2165,-14.12088],[126.21198,-14.11592],[126.22168,-14.11048],[126.20578,-14.09154],[126.21419,-14.07649],[126.17813,-14.09138],[126.16569,-14.11424],[126.16253,-14.09899],[126.17036,-14.08214],[126.19184,-14.06627],[126.15911,-14.06873],[126.15081,-14.08016],[126.14951,-14.06751],[126.16024,-14.05754],[126.17516,-14.05795],[126.18867,-14.04606],[126.21746,-14.04293],[126.2247,-14.02642],[126.2204,-14.0175],[126.20223,-14.01258],[126.20069,-14.00095],[126.18522,-14.00901],[126.18501,-14.01581],[126.17331,-14.00972],[126.15413,-14.01915],[126.14429,-14.01499],[126.15774,-13.9978],[126.1884,-13.98744],[126.19337,-13.9801],[126.22101,-13.98791],[126.21581,-13.96758],[126.18702,-13.96813],[126.17475,-13.98223],[126.15312,-13.99046],[126.11724,-14.01867],[126.12677,-14.02704],[126.11621,-14.02376],[126.10975,-14.02829],[126.11006,-14.01383],[126.12865,-14.00091],[126.13577,-13.98943],[126.13092,-13.98694],[126.15868,-13.97014],[126.14134,-13.95985],[126.12619,-13.96401],[126.13684,-13.94957],[126.14841,-13.94969],[126.1616,-13.9243],[126.15282,-13.92655],[126.15837,-13.91504],[126.13421,-13.91897],[126.13234,-13.94449],[126.11211,-13.9351],[126.11582,-13.92731],[126.10495,-13.9256],[126.08562,-13.94568],[126.08598,-13.93834],[126.10785,-13.91906],[126.0853,-13.92095],[126.10069,-13.90008],[126.0948,-13.89534],[126.06506,-13.92726],[126.06875,-13.93392],[126.06273,-13.94295],[126.05025,-13.94169],[126.03697,-13.92666],[126.03871,-13.92101],[126.01119,-13.92572],[126.02111,-13.93928],[126.0239,-13.93183],[126.0313,-13.93218],[126.03602,-13.94348],[126.0514,-13.94801],[126.04653,-13.95433],[126.08225,-13.96961],[126.08385,-13.98203],[126.1004,-13.97279],[126.10722,-13.97675],[126.08639,-13.98768],[126.09663,-13.99858],[126.08993,-14.00755],[126.09561,-14.01477],[126.08637,-14.01908],[126.1026,-14.04084],[126.10076,-14.04548],[126.08304,-14.03467],[126.07473,-14.04147],[126.06534,-13.98822],[126.03817,-13.98153],[126.03851,-13.99158],[126.03169,-13.98841],[126.02185,-13.99686],[126.04332,-14.00324],[126.05597,-14.0266],[126.03475,-14.0383],[126.04001,-14.02516],[126.02669,-14.01672],[126.02927,-14.03467],[126.01196,-14.05572],[126.01528,-14.06614],[126.01013,-14.06543],[126.00534,-14.04003],[126.01434,-14.02544],[125.98411,-14.00614],[125.98383,-13.98981],[125.9729,-13.99867],[125.98294,-14.0164],[125.97621,-14.03964],[125.99204,-14.05016],[125.99306,-14.06821],[126.00412,-14.06951],[126.00981,-14.08136],[126.0325,-14.0951],[126.06404,-14.07335],[126.08778,-14.08617],[126.10441,-14.07575],[126.1262,-14.09693],[126.13331,-14.11804],[126.15218,-14.12568],[126.15326,-14.14013],[126.1697,-14.14619],[126.15214,-14.15785],[126.14126,-14.15778],[126.14986,-14.17234],[126.16017,-14.17649],[126.15301,-14.18351],[126.14774,-14.20917],[126.14404,-14.21234],[126.13662,-14.20434],[126.13978,-14.2198],[126.1332,-14.23145],[126.12141,-14.23871],[126.10902,-14.2349],[126.09391,-14.244],[126.09652,-14.23924],[126.08403,-14.24026],[126.08124,-14.23416],[126.07003,-14.24751],[126.05765,-14.24686],[126.05338,-14.25421],[126.06533,-14.27],[126.07302,-14.29777],[126.08287,-14.30351],[126.08047,-14.32091],[126.0902,-14.32315],[126.08639,-14.33062],[126.07388,-14.32567],[126.07287,-14.34375],[126.08421,-14.34282],[126.08841,-14.35121],[126.08188,-14.35891],[126.07543,-14.35221],[126.06931,-14.36228],[126.04579,-14.35916],[126.02788,-14.38201],[126.02173,-14.37762],[126.00982,-14.3878],[126.01214,-14.39548],[126.00613,-14.39978],[125.99611,-14.39638],[125.9924,-14.40258],[125.97665,-14.39331],[125.98544,-14.41954],[126.01958,-14.41139],[126.016,-14.41897],[126.0261,-14.43488],[126.02204,-14.43285],[126.02474,-14.45781],[126.03148,-14.47056],[126.04631,-14.47223],[126.04287,-14.49437],[126.05343,-14.50395],[126.04335,-14.50341],[126.0422,-14.50872],[126.05127,-14.52881],[126.04189,-14.53673],[126.01544,-14.51949],[126.00571,-14.52504],[126.01384,-14.53418],[126.00027,-14.555],[125.98835,-14.55164],[125.98187,-14.54047],[125.9725,-14.54575],[125.97284,-14.52929],[125.96473,-14.51924],[125.95557,-14.5313],[125.9492,-14.52351],[125.94565,-14.53874],[125.93546,-14.53771],[125.93249,-14.53062],[125.92056,-14.53725],[125.91651,-14.54255],[125.92067,-14.55211],[125.90385,-14.56443],[125.90245,-14.57221],[125.90756,-14.5703],[125.90268,-14.5765],[125.91913,-14.58282],[125.93302,-14.60926],[125.9305,-14.63318],[125.93629,-14.64634],[125.92098,-14.65093],[125.92847,-14.64582],[125.92129,-14.63983],[125.91373,-14.66047],[125.90828,-14.66092],[125.89475,-14.6231],[125.88128,-14.62334],[125.87622,-14.60627],[125.8514,-14.61214],[125.84673,-14.60604],[125.84925,-14.59169],[125.83056,-14.5851],[125.83557,-14.56807],[125.85018,-14.56403],[125.82865,-14.54278],[125.84987,-14.53592],[125.83644,-14.52485],[125.82443,-14.49842],[125.81719,-14.4976],[125.82804,-14.48093],[125.8591,-14.47499],[125.85205,-14.4567],[125.80255,-14.47909],[125.81627,-14.45037],[125.80354,-14.44421],[125.79797,-14.44533],[125.79458,-14.46643],[125.78113,-14.46777],[125.77439,-14.47972],[125.76537,-14.47225],[125.74066,-14.48564],[125.731,-14.477],[125.7067,-14.48941],[125.70211,-14.521],[125.64851,-14.65024],[125.652,-14.60206],[125.67526,-14.55673],[125.68065,-14.52943],[125.67624,-14.52347],[125.68066,-14.52514],[125.68871,-14.49942],[125.6824,-14.46938],[125.67498,-14.47004],[125.67757,-14.45199],[125.65928,-14.44168],[125.66428,-14.43638],[125.65895,-14.43479],[125.66083,-14.42475],[125.67069,-14.42037],[125.66109,-14.41279],[125.66377,-14.40388],[125.65118,-14.38759],[125.65456,-14.37981],[125.66612,-14.38384],[125.66629,-14.36697],[125.67801,-14.35673],[125.66956,-14.35287],[125.67294,-14.3452],[125.66416,-14.335],[125.68269,-14.33427],[125.70212,-14.34797],[125.70583,-14.34098],[125.72633,-14.34182],[125.71754,-14.33412],[125.72567,-14.32455],[125.70457,-14.33365],[125.69718,-14.32539],[125.71084,-14.32768],[125.71266,-14.31516],[125.72373,-14.31224],[125.72155,-14.29847],[125.7145,-14.29664],[125.72284,-14.29395],[125.73004,-14.28099],[125.71789,-14.27746],[125.7181,-14.28864],[125.70325,-14.30407],[125.69528,-14.29243],[125.66669,-14.28819],[125.66501,-14.26312],[125.65505,-14.26682],[125.65819,-14.25961],[125.64854,-14.24343],[125.64912,-14.2596],[125.6415,-14.26589],[125.64094,-14.24751],[125.62627,-14.24486],[125.63312,-14.23607],[125.62005,-14.23446],[125.60902,-14.24368],[125.59758,-14.23665],[125.6059,-14.243],[125.60824,-14.26238],[125.59213,-14.24375],[125.58498,-14.25679],[125.58132,-14.25283],[125.57367,-14.26165],[125.58391,-14.26013],[125.59877,-14.27379],[125.58224,-14.30536],[125.58277,-14.32184],[125.59977,-14.33329],[125.60368,-14.34357],[125.58789,-14.35786],[125.58855,-14.36994],[125.59722,-14.37651],[125.608,-14.37496],[125.6104,-14.39043],[125.62269,-14.38572],[125.61687,-14.39586],[125.62193,-14.41292],[125.60125,-14.43353],[125.59944,-14.46163],[125.59447,-14.45879],[125.60064,-14.49403],[125.59102,-14.49367],[125.59796,-14.49673],[125.5882,-14.50574],[125.59457,-14.50756],[125.60236,-14.49832],[125.60628,-14.50928],[125.61369,-14.51065],[125.60011,-14.51751],[125.6037,-14.52214],[125.59647,-14.53657],[125.59102,-14.53735],[125.5863,-14.52616],[125.58096,-14.52784],[125.57245,-14.54769],[125.59931,-14.56265],[125.56941,-14.55829],[125.55733,-14.56594],[125.5504,-14.55655],[125.53477,-14.56392],[125.52745,-14.55423],[125.53326,-14.54826],[125.54798,-14.54842],[125.54466,-14.53497],[125.55777,-14.53072],[125.56059,-14.51481],[125.54136,-14.5099],[125.52904,-14.52229],[125.52953,-14.5119],[125.51992,-14.50917],[125.52875,-14.50276],[125.52029,-14.50025],[125.51527,-14.51299],[125.5061,-14.5176],[125.49626,-14.51238],[125.48859,-14.51924],[125.49041,-14.53019],[125.49563,-14.53044],[125.49086,-14.53494],[125.49617,-14.54466],[125.49137,-14.56034],[125.48044,-14.5322],[125.46651,-14.53554],[125.46737,-14.55925],[125.48341,-14.56804],[125.47118,-14.56446],[125.46662,-14.57607],[125.45235,-14.57919],[125.4634,-14.6053],[125.43723,-14.59461],[125.45001,-14.62377],[125.42993,-14.6415],[125.42714,-14.63059],[125.43821,-14.6138],[125.42675,-14.60733],[125.42723,-14.60079],[125.41343,-14.60052],[125.42496,-14.58644],[125.41547,-14.57919],[125.42035,-14.57638],[125.41517,-14.56395],[125.41064,-14.56664],[125.40859,-14.55783],[125.41533,-14.5504],[125.41025,-14.54564],[125.39958,-14.54719],[125.40007,-14.57282],[125.39441,-14.56512],[125.39159,-14.57617],[125.38582,-14.56825],[125.38317,-14.57515],[125.37443,-14.57578],[125.37465,-14.58551],[125.35457,-14.58407],[125.36891,-14.56357],[125.35503,-14.55178],[125.36002,-14.55055],[125.35511,-14.5301],[125.36417,-14.52505],[125.36412,-14.50575],[125.34204,-14.52159],[125.34256,-14.53898],[125.35008,-14.54386],[125.34449,-14.54994],[125.34969,-14.55515],[125.34757,-14.56474],[125.33565,-14.55578],[125.32822,-14.55925],[125.32569,-14.58442],[125.30039,-14.55824],[125.29767,-14.5719],[125.30356,-14.57959],[125.29488,-14.57471],[125.28744,-14.57852],[125.29044,-14.58339],[125.28246,-14.57861],[125.278,-14.59226],[125.27291,-14.58885],[125.27448,-14.5951],[125.26548,-14.5895],[125.25536,-14.5977],[125.25354,-14.60683],[125.26307,-14.61185],[125.26085,-14.61556],[125.249,-14.61114],[125.25685,-14.63054],[125.28033,-14.64022],[125.28274,-14.62536],[125.28783,-14.62899],[125.28843,-14.62323],[125.3084,-14.64995],[125.30235,-14.65501],[125.27927,-14.65368],[125.27367,-14.66134],[125.27137,-14.65523],[125.26081,-14.65779],[125.26099,-14.67066],[125.25427,-14.66849],[125.26822,-14.69101],[125.26209,-14.69309],[125.24554,-14.67557],[125.24563,-14.68223],[125.23434,-14.66119],[125.21873,-14.67524],[125.21842,-14.66688],[125.21284,-14.66867],[125.21054,-14.69226],[125.21745,-14.70572],[125.21146,-14.72172],[125.20112,-14.69798],[125.19923,-14.70655],[125.17983,-14.70986],[125.18289,-14.72692],[125.19527,-14.73838],[125.18772,-14.73868],[125.18896,-14.74704],[125.17879,-14.73628],[125.15978,-14.73213],[125.14669,-14.75218],[125.14141,-14.74768],[125.15077,-14.77511],[125.15464,-14.76655],[125.16968,-14.77881],[125.16677,-14.79052],[125.19001,-14.77539],[125.18941,-14.78269],[125.19546,-14.7762],[125.19296,-14.79121],[125.20169,-14.78514],[125.20515,-14.79103],[125.20513,-14.79713],[125.18948,-14.80378],[125.19525,-14.82757],[125.19248,-14.82338],[125.1841,-14.82696],[125.18955,-14.8297],[125.18615,-14.83736],[125.19685,-14.83334],[125.20052,-14.84408],[125.20889,-14.84287],[125.21008,-14.86489],[125.22354,-14.86662],[125.22455,-14.84801],[125.23172,-14.85447],[125.24412,-14.83171],[125.2491,-14.83455],[125.2355,-14.86758],[125.25093,-14.87227],[125.25426,-14.85253],[125.26408,-14.86543],[125.27167,-14.85372],[125.27393,-14.8701],[125.28665,-14.85298],[125.29587,-14.87529],[125.30564,-14.86964],[125.30502,-14.8815],[125.33396,-14.88132],[125.31672,-14.88763],[125.3189,-14.89701],[125.31138,-14.90006],[125.30707,-14.89121],[125.31202,-14.9041],[125.30806,-14.90871],[125.30333,-14.8982],[125.2946,-14.90359],[125.30767,-14.92023],[125.29566,-14.92874],[125.29467,-14.93798],[125.28719,-14.92874],[125.26772,-14.9296],[125.26131,-14.92311],[125.26358,-14.90461],[125.25628,-14.89984],[125.25502,-14.92659],[125.24385,-14.91394],[125.23924,-14.92326],[125.23069,-14.91914],[125.23283,-14.93169],[125.22574,-14.92401],[125.21877,-14.92928],[125.22055,-14.94859],[125.21488,-14.94281],[125.21357,-14.95184],[125.20779,-14.94718],[125.21327,-14.96934],[125.22244,-14.9705],[125.22209,-14.96368],[125.22768,-14.96894],[125.23154,-14.9606],[125.2342,-14.96535],[125.24159,-14.94506],[125.25263,-14.94397],[125.25715,-14.94648],[125.25035,-14.96553],[125.25564,-14.97921],[125.26541,-14.97574],[125.2637,-14.96716],[125.27118,-14.9596],[125.28857,-14.966],[125.30462,-14.96165],[125.29597,-14.97664],[125.27807,-14.97883],[125.28525,-14.98417],[125.287,-15.00026],[125.29544,-14.99594],[125.30164,-15.00336],[125.30357,-14.99631],[125.31873,-15.00588],[125.33949,-14.98682],[125.33731,-15.00264],[125.34718,-15.0009],[125.35291,-15.00889],[125.36347,-15.00579],[125.36494,-14.99143],[125.3705,-14.99585],[125.38592,-15.03256],[125.42096,-15.02166],[125.42518,-15.02909],[125.41146,-15.04746],[125.4012,-15.04265],[125.38429,-15.05222],[125.3878,-15.05616],[125.37546,-15.05272],[125.36738,-15.06247],[125.3707,-15.07443],[125.39625,-15.07058],[125.40213,-15.06377],[125.40018,-15.08897],[125.37306,-15.10333],[125.37751,-15.10885],[125.36795,-15.10381],[125.35763,-15.10838],[125.38044,-15.11233],[125.37593,-15.11699],[125.39317,-15.12345],[125.39707,-15.13171],[125.45156,-15.12892],[125.46474,-15.13619],[125.47928,-15.13404],[125.48421,-15.1394],[125.48131,-15.15481],[125.46087,-15.14942],[125.44617,-15.15359],[125.44307,-15.14873],[125.41185,-15.15758],[125.37828,-15.14262],[125.36818,-15.15587],[125.35065,-15.15054],[125.34596,-15.14311],[125.33156,-15.14646],[125.33885,-15.1606],[125.33491,-15.16293],[125.32532,-15.15247],[125.30677,-15.15164],[125.30584,-15.14217],[125.30296,-15.14659],[125.28228,-15.14363],[125.27917,-15.13212],[125.2897,-15.09966],[125.28108,-15.09755],[125.271,-15.11374],[125.26502,-15.11268],[125.26598,-15.09999],[125.24194,-15.10427],[125.24443,-15.11296],[125.23755,-15.10859],[125.24051,-15.10252],[125.22543,-15.10344],[125.22699,-15.11383],[125.22196,-15.10628],[125.21813,-15.10912],[125.22338,-15.11305],[125.21651,-15.10992],[125.21944,-15.11499],[125.21247,-15.11637],[125.22424,-15.12118],[125.21201,-15.1183],[125.20552,-15.12069],[125.20883,-15.12508],[125.19716,-15.12321],[125.1877,-15.13232],[125.17428,-15.13008],[125.17537,-15.13799],[125.16322,-15.15137],[125.145,-15.13472],[125.13845,-15.10294],[125.12203,-15.09165],[125.1256,-15.05899],[125.13339,-15.05896],[125.12565,-15.04351],[125.1055,-15.03319],[125.09653,-15.05627],[125.10078,-15.06448],[125.07682,-15.06685],[125.07238,-15.06122],[125.08345,-15.04062],[125.05956,-15.03654],[125.05957,-15.02669],[125.08168,-15.00549],[125.09096,-14.98454],[125.0747,-14.98424],[125.07868,-14.97703],[125.07183,-14.97633],[125.05446,-14.9881],[125.05563,-14.99979],[125.0446,-14.98445],[125.03304,-14.99602],[125.02798,-14.98426],[125.01568,-14.98014],[125.01177,-14.98434],[125.02515,-14.99238],[125.01893,-15.00796],[125.02352,-15.02207],[125.01416,-15.03509],[125.01766,-15.03836],[125.02618,-15.03135],[125.02025,-15.04705],[125.02574,-15.05392],[125.03549,-15.05197],[125.02939,-15.06622],[125.04768,-15.07712],[125.03104,-15.10181],[125.02984,-15.11329],[125.01112,-15.09351],[125.00861,-15.1047],[124.99756,-15.10485],[124.99705,-15.12282],[124.99306,-15.11334],[124.98771,-15.11426],[124.98503,-15.13329],[124.98113,-15.12648],[124.97442,-15.13532],[124.96145,-15.11875],[124.94944,-15.12355],[124.95166,-15.11324],[124.94322,-15.12558],[124.92642,-15.10869],[124.92203,-15.11672],[124.91036,-15.10681],[124.90679,-15.11586],[124.89306,-15.11432],[124.87788,-15.13062],[124.87066,-15.12624],[124.86897,-15.14489],[124.83389,-15.15888],[124.84577,-15.16271],[124.83769,-15.18316],[124.84464,-15.1732],[124.84744,-15.17794],[124.86152,-15.16905],[124.85479,-15.18357],[124.89635,-15.17345],[124.87738,-15.19153],[124.86425,-15.19495],[124.86765,-15.20409],[124.88112,-15.20844],[124.86747,-15.22161],[124.86882,-15.24364],[124.8918,-15.23034],[124.87445,-15.25515],[124.87575,-15.26192],[124.90792,-15.24567],[124.90988,-15.239],[124.90096,-15.24023],[124.90683,-15.23065],[124.91752,-15.22825],[124.91713,-15.21514],[124.92298,-15.22574],[124.94376,-15.21314],[124.93588,-15.20974],[124.9428,-15.20512],[124.93515,-15.18742],[124.93987,-15.19711],[124.9423,-15.19371],[124.9549,-15.20542],[124.97108,-15.20831],[124.96103,-15.19558],[124.97122,-15.183],[124.97012,-15.16426],[124.97826,-15.16818],[124.97608,-15.17632],[124.98535,-15.16613],[124.9848,-15.17596],[124.99,-15.16555],[124.99583,-15.17046],[124.98195,-15.19099],[124.9928,-15.19785],[125.01423,-15.17586],[125.00581,-15.16335],[125.0138,-15.15451],[125.02276,-15.15617],[125.02014,-15.16951],[125.04579,-15.15768],[125.04862,-15.16637],[125.05601,-15.16444],[125.05317,-15.17053],[125.06019,-15.18079],[125.04146,-15.17859],[125.04678,-15.18872],[125.0285,-15.19705],[125.02196,-15.21854],[125.01984,-15.21358],[125.01813,-15.22059],[125.00453,-15.22447],[125.00562,-15.24194],[124.98149,-15.22421],[124.97208,-15.22725],[124.97915,-15.21992],[124.96633,-15.21228],[124.95148,-15.22509],[124.92741,-15.22923],[124.9272,-15.23375],[124.93335,-15.23114],[124.91863,-15.2453],[124.9319,-15.24741],[124.91878,-15.25457],[124.92279,-15.27049],[124.9135,-15.27051],[124.91296,-15.25639],[124.90319,-15.25687],[124.90462,-15.27573],[124.90323,-15.26896],[124.89382,-15.27181],[124.87612,-15.30531],[124.8801,-15.31049],[124.89521,-15.30536],[124.88303,-15.31591],[124.89145,-15.32775],[124.90676,-15.31743],[124.90249,-15.32512],[124.90864,-15.32471],[124.90239,-15.32964],[124.90777,-15.33504],[124.89624,-15.33451],[124.91575,-15.35569],[125.01486,-15.3086],[125.02936,-15.29545],[125.03039,-15.27485],[125.03492,-15.2882],[125.04493,-15.28387],[125.03599,-15.29554],[125.03962,-15.3014],[125.05212,-15.3024],[125.06541,-15.31622],[125.08587,-15.31174],[125.09428,-15.29205],[125.07974,-15.29086],[125.08752,-15.29016],[125.0868,-15.28377],[125.09497,-15.28968],[125.09564,-15.28312],[125.08098,-15.25561],[125.0734,-15.25393],[125.07969,-15.25324],[125.07743,-15.24768],[125.0866,-15.2644],[125.08998,-15.24781],[125.08812,-15.26677],[125.09428,-15.26505],[125.09116,-15.27071],[125.09909,-15.27339],[125.1003,-15.28593],[125.10508,-15.2614],[125.1189,-15.25562],[125.10765,-15.26308],[125.10816,-15.28409],[125.10184,-15.29044],[125.10246,-15.29936],[125.10999,-15.29245],[125.10189,-15.30264],[125.1155,-15.30203],[125.10283,-15.30546],[125.09915,-15.31418],[125.11032,-15.31459],[125.11011,-15.32024],[125.09835,-15.31847],[125.08924,-15.33862],[125.11876,-15.3289],[125.11698,-15.3193],[125.12063,-15.32878],[125.12655,-15.32661],[125.12476,-15.31656],[125.12863,-15.324],[125.13121,-15.31573],[125.13675,-15.31686],[125.13051,-15.32784],[125.14434,-15.32315],[125.14343,-15.31789],[125.14957,-15.32211],[125.14652,-15.31412],[125.15249,-15.32244],[125.15617,-15.30654],[125.15526,-15.31836],[125.16081,-15.31055],[125.16254,-15.31697],[125.15504,-15.32141],[125.1633,-15.32149],[125.15636,-15.32347],[125.16407,-15.33058],[125.1591,-15.33527],[125.15482,-15.32413],[125.13879,-15.33074],[125.15207,-15.3325],[125.14451,-15.33388],[125.14678,-15.34607],[125.14206,-15.33355],[125.13732,-15.33945],[125.11996,-15.3359],[125.09083,-15.35499],[125.0888,-15.36946],[125.09498,-15.37131],[125.08429,-15.37772],[125.08251,-15.4123],[125.0694,-15.43483],[125.07333,-15.45919],[125.05092,-15.46946],[125.05225,-15.48256],[125.0479,-15.47343],[125.04442,-15.47661],[125.04273,-15.48915],[125.05488,-15.49814],[125.04499,-15.49705],[125.04458,-15.51129],[125.03986,-15.49786],[125.03092,-15.50445],[125.03342,-15.51788],[125.04426,-15.51886],[125.03577,-15.52228],[125.03011,-15.51382],[125.02983,-15.52241],[125.02676,-15.51113],[125.02262,-15.51412],[125.01888,-15.52121],[125.02554,-15.52582],[125.01783,-15.52212],[125.013,-15.53055],[125.0194,-15.53521],[125.01422,-15.53339],[125.01709,-15.54467],[125.01133,-15.52858],[125.00575,-15.53086],[125.0141,-15.52179],[125.0029,-15.51629],[125.01526,-15.51987],[125.0253,-15.49667],[125.02548,-15.48334],[125.01669,-15.47083],[125.01127,-15.48015],[125.00948,-15.47323],[125.00309,-15.47867],[124.99978,-15.49506],[125.01015,-15.4965],[125.00138,-15.50363],[124.99781,-15.49631],[124.9995,-15.51045],[124.99596,-15.50084],[124.98689,-15.50584],[124.99571,-15.49564],[124.99622,-15.477],[124.98297,-15.48428],[124.98173,-15.49501],[124.98133,-15.48349],[124.97321,-15.4912],[124.96178,-15.48875],[124.98445,-15.47602],[124.96023,-15.47995],[124.95293,-15.48923],[124.95802,-15.47973],[124.95218,-15.47523],[124.96709,-15.47586],[124.96405,-15.47157],[124.97011,-15.47426],[124.99372,-15.46368],[125.00375,-15.44015],[124.97992,-15.42181],[124.97882,-15.40961],[124.97444,-15.42013],[124.96674,-15.41688],[124.96321,-15.40627],[124.95364,-15.40111],[124.95254,-15.38631],[124.94055,-15.38363],[124.94517,-15.39579],[124.92672,-15.39385],[124.9253,-15.38888],[124.93706,-15.38986],[124.92885,-15.37192],[124.91523,-15.37332],[124.90704,-15.36024],[124.89585,-15.35881],[124.89479,-15.35361],[124.8886,-15.35644],[124.87252,-15.34249],[124.86799,-15.34668],[124.87257,-15.35322],[124.86465,-15.35223],[124.86232,-15.35912],[124.86092,-15.35178],[124.84649,-15.35216],[124.84051,-15.34065],[124.84946,-15.33543],[124.84768,-15.32854],[124.83635,-15.31637],[124.84922,-15.30063],[124.84282,-15.29873],[124.82666,-15.30713],[124.82912,-15.31255],[124.82215,-15.31189],[124.83693,-15.32569],[124.82102,-15.32511],[124.81038,-15.30876],[124.78322,-15.29447],[124.78384,-15.31189],[124.75935,-15.33328],[124.75324,-15.35443],[124.74547,-15.34445],[124.73611,-15.34317],[124.76178,-15.32616],[124.77056,-15.30207],[124.76223,-15.30055],[124.76215,-15.29283],[124.75338,-15.29448],[124.75795,-15.29012],[124.7534,-15.28494],[124.721,-15.26806],[124.71563,-15.25812],[124.71017,-15.26202],[124.70502,-15.2534],[124.70636,-15.27554],[124.69053,-15.2749],[124.68748,-15.26473],[124.67852,-15.26362],[124.6807,-15.25356],[124.67466,-15.25504],[124.67282,-15.26792],[124.67888,-15.27017],[124.67273,-15.279],[124.67927,-15.28859],[124.66766,-15.29991],[124.69687,-15.29647],[124.69247,-15.30913],[124.70755,-15.31941],[124.69207,-15.33309],[124.67423,-15.32453],[124.66646,-15.33426],[124.6619,-15.32489],[124.65645,-15.33688],[124.67234,-15.34625],[124.66207,-15.34795],[124.66407,-15.35969],[124.68875,-15.3575],[124.70532,-15.34356],[124.70471,-15.35984],[124.72347,-15.35281],[124.72663,-15.3605],[124.74476,-15.36179],[124.72719,-15.36341],[124.72373,-15.37675],[124.68371,-15.39141],[124.67616,-15.40069],[124.67817,-15.41164],[124.68707,-15.41372],[124.68098,-15.42023],[124.67504,-15.4173],[124.66889,-15.42861],[124.67163,-15.4529],[124.67654,-15.46283],[124.68665,-15.45581],[124.68576,-15.46688],[124.69076,-15.46803],[124.68204,-15.47322],[124.68609,-15.48092],[124.67985,-15.48034],[124.67418,-15.49809],[124.67705,-15.4782],[124.66751,-15.48375],[124.66633,-15.47664],[124.65721,-15.47761],[124.65035,-15.46808],[124.64896,-15.47475],[124.64218,-15.46312],[124.64993,-15.4378],[124.64566,-15.43414],[124.65377,-15.43519],[124.64466,-15.42481],[124.63269,-15.43828],[124.63718,-15.43832],[124.63131,-15.44371],[124.63307,-15.45241],[124.6298,-15.44631],[124.62574,-15.45423],[124.6282,-15.46281],[124.61784,-15.4661],[124.62637,-15.47243],[124.62153,-15.50067],[124.63878,-15.50392],[124.62435,-15.51276],[124.63213,-15.51631],[124.62875,-15.52567],[124.6232,-15.51864],[124.61443,-15.51958],[124.62063,-15.51446],[124.61746,-15.50385],[124.61141,-15.50894],[124.59905,-15.50648],[124.59581,-15.52341],[124.58406,-15.51669],[124.58032,-15.52006],[124.57993,-15.49961],[124.55466,-15.5028],[124.55168,-15.49081],[124.52896,-15.48444],[124.52979,-15.4772],[124.52148,-15.48513],[124.51719,-15.46863],[124.50858,-15.47033],[124.50737,-15.48374],[124.49805,-15.47497],[124.47663,-15.47791],[124.44577,-15.50516],[124.46158,-15.4982],[124.45581,-15.5085],[124.46593,-15.50541],[124.49252,-15.48619],[124.49856,-15.50582],[124.50579,-15.50409],[124.50025,-15.51643],[124.51041,-15.52513],[124.49617,-15.51656],[124.49647,-15.50752],[124.48651,-15.49729],[124.47303,-15.50357],[124.47267,-15.51238],[124.47013,-15.50641],[124.46168,-15.51172],[124.46577,-15.53691],[124.46198,-15.53208],[124.45858,-15.53952],[124.45466,-15.5305],[124.44599,-15.52883],[124.4363,-15.547],[124.42543,-15.54061],[124.41754,-15.54891],[124.43006,-15.5608],[124.42464,-15.55937],[124.43002,-15.57448],[124.41379,-15.59195],[124.40493,-15.61638],[124.41602,-15.62018],[124.40956,-15.60947],[124.43058,-15.5881],[124.43345,-15.60846],[124.44524,-15.59887],[124.45067,-15.60115],[124.45386,-15.59189],[124.4563,-15.61474],[124.45236,-15.61605],[124.45044,-15.60278],[124.43546,-15.61433],[124.4402,-15.62012],[124.43376,-15.62303],[124.43649,-15.64351],[124.43939,-15.64029],[124.4424,-15.64976],[124.4501,-15.64774],[124.45717,-15.6566],[124.44464,-15.65484],[124.44367,-15.66975],[124.42836,-15.66497],[124.43038,-15.67382],[124.4215,-15.66737],[124.41973,-15.64027],[124.41435,-15.63724],[124.41265,-15.68144],[124.40245,-15.68519],[124.39808,-15.67233],[124.39047,-15.67204],[124.39022,-15.66242],[124.3857,-15.66933],[124.37925,-15.66021],[124.3688,-15.67189],[124.37596,-15.68011],[124.38634,-15.67219],[124.3932,-15.67732],[124.39515,-15.69197],[124.40252,-15.69863],[124.39733,-15.72604],[124.40901,-15.71101],[124.41781,-15.71142],[124.41146,-15.71508],[124.41684,-15.72041],[124.41739,-15.71535],[124.42058,-15.71979],[124.43724,-15.71148],[124.42906,-15.71207],[124.4192,-15.72397],[124.42378,-15.73258],[124.40764,-15.72007],[124.39591,-15.73119],[124.38593,-15.71757],[124.39213,-15.74555],[124.40175,-15.75782],[124.39797,-15.77128],[124.41027,-15.80591],[124.40546,-15.81565],[124.40927,-15.86386],[124.41284,-15.87796],[124.4175,-15.87681],[124.42483,-15.84763],[124.42952,-15.8674],[124.43904,-15.87038],[124.44462,-15.82906],[124.45124,-15.83136],[124.45826,-15.81145],[124.4452,-15.81399],[124.44336,-15.80921],[124.44683,-15.81319],[124.46254,-15.80251],[124.45772,-15.78295],[124.46247,-15.78489],[124.46026,-15.81603],[124.47663,-15.82027],[124.45933,-15.81772],[124.45998,-15.85075],[124.46499,-15.84914],[124.46093,-15.85413],[124.4776,-15.86339],[124.47524,-15.86841],[124.48424,-15.86664],[124.47515,-15.87372],[124.48993,-15.88607],[124.48364,-15.88983],[124.49939,-15.88979],[124.47889,-15.89339],[124.47487,-15.88569],[124.48046,-15.89696],[124.47668,-15.94159],[124.48729,-15.92042],[124.49241,-15.93598],[124.498,-15.92833],[124.4993,-15.93572],[124.5061,-15.92788],[124.50646,-15.93488],[124.51244,-15.93443],[124.50566,-15.94065],[124.50825,-15.94638],[124.49699,-15.94326],[124.49195,-15.95914],[124.49806,-15.97726],[124.49211,-15.97551],[124.49023,-15.9875],[124.49647,-15.99707],[124.51636,-15.97973],[124.51353,-15.96809],[124.52031,-15.97238],[124.5294,-15.96118],[124.572,-15.86124],[124.5823,-15.85465],[124.60788,-15.81087],[124.62947,-15.79564],[124.62567,-15.78609],[124.63175,-15.79049],[124.63277,-15.77896],[124.63385,-15.79048],[124.66043,-15.78162],[124.69045,-15.75127],[124.68868,-15.74563],[124.69301,-15.74878],[124.70477,-15.74107],[124.67895,-15.76971],[124.6778,-15.77548],[124.68281,-15.77434],[124.67537,-15.78475],[124.69357,-15.78301],[124.69785,-15.76922],[124.69118,-15.76517],[124.70076,-15.76775],[124.69642,-15.75905],[124.70168,-15.7639],[124.70433,-15.75022],[124.70297,-15.7665],[124.7116,-15.76512],[124.69984,-15.77441],[124.7008,-15.78447],[124.7165,-15.79349],[124.71329,-15.80279],[124.73553,-15.81049],[124.74157,-15.82228],[124.71395,-15.81178],[124.7045,-15.81406],[124.71192,-15.83947],[124.68199,-15.84952],[124.68652,-15.85659],[124.67581,-15.86282],[124.67783,-15.87728],[124.68683,-15.88189],[124.68156,-15.88892],[124.66845,-15.86273],[124.65454,-15.8536],[124.6294,-15.88157],[124.60783,-15.89133],[124.60528,-15.89845],[124.62117,-15.90611],[124.61605,-15.91301],[124.62283,-15.91774],[124.62288,-15.91277],[124.62599,-15.9209],[124.61048,-15.92737],[124.60597,-15.94444],[124.59685,-15.94299],[124.60176,-15.95001],[124.59878,-15.96829],[124.58887,-15.97351],[124.58574,-15.98549],[124.59126,-15.99769],[124.58378,-15.99499],[124.57944,-16.00054],[124.59547,-16.02743],[124.58052,-16.02324],[124.58676,-16.03941],[124.5881,-16.10953],[124.59243,-16.11609],[124.60713,-16.11344],[124.61809,-16.08977],[124.62427,-16.09295],[124.62296,-16.09972],[124.63409,-16.09186],[124.64693,-16.09812],[124.62867,-16.10347],[124.59924,-16.12741],[124.5607,-16.11947],[124.55561,-16.13777],[124.54919,-16.13648],[124.54037,-16.14988],[124.54142,-16.15763],[124.52696,-16.16202],[124.52579,-16.17118],[124.53667,-16.18425],[124.52539,-16.18121],[124.5326,-16.18937],[124.52512,-16.18821],[124.52638,-16.19477],[124.52128,-16.18492],[124.51881,-16.18909],[124.51882,-16.17883],[124.50815,-16.20604],[124.51676,-16.17745],[124.50148,-16.18925],[124.50142,-16.1827],[124.51701,-16.17361],[124.51412,-16.16468],[124.4866,-16.12221],[124.45841,-16.10253],[124.47995,-16.09415],[124.47722,-16.07855],[124.46405,-16.07182],[124.46272,-16.07949],[124.45326,-16.07844],[124.44433,-16.0654],[124.44309,-16.10223],[124.4489,-16.11029],[124.44327,-16.11354],[124.44966,-16.12204],[124.43464,-16.17882],[124.42768,-16.18282],[124.42589,-16.17652],[124.39856,-16.16949],[124.40095,-16.18273],[124.38947,-16.18482],[124.38874,-16.19092],[124.39855,-16.1939],[124.40015,-16.20171],[124.38662,-16.21679],[124.37902,-16.21664],[124.37873,-16.22703],[124.40265,-16.238],[124.40785,-16.25068],[124.39895,-16.27403],[124.38514,-16.27611],[124.40293,-16.29812],[124.41069,-16.29364],[124.40101,-16.30625],[124.39453,-16.33854],[124.40592,-16.33422],[124.4082,-16.342],[124.41226,-16.33924],[124.40689,-16.3473],[124.41164,-16.35727],[124.42415,-16.35959],[124.45742,-16.35285],[124.46427,-16.34124],[124.47067,-16.34771],[124.47757,-16.34498],[124.48046,-16.35645],[124.50658,-16.34286],[124.51086,-16.34623],[124.57094,-16.3293],[124.67341,-16.3504],[124.69347,-16.34473],[124.71517,-16.35585],[124.72518,-16.37221],[124.78765,-16.38587],[124.81445,-16.41642],[124.83051,-16.40907],[124.87438,-16.41622],[124.88187,-16.40878],[124.90125,-16.41605],[124.9101,-16.40997],[124.91772,-16.38808],[124.9277,-16.38226],[124.94393,-16.38396],[124.95332,-16.37133],[124.94894,-16.39209],[124.92227,-16.39114],[124.91717,-16.42082],[124.8405,-16.43432],[124.7454,-16.38999],[124.70334,-16.40133],[124.62669,-16.40485],[124.59973,-16.41431],[124.56045,-16.40712],[124.51363,-16.40857],[124.50126,-16.40081],[124.49452,-16.41169],[124.4944,-16.40431],[124.44921,-16.41092],[124.44952,-16.38863],[124.43124,-16.39409],[124.42541,-16.38909],[124.4319,-16.37748],[124.42622,-16.36683],[124.40736,-16.3733],[124.40174,-16.36954],[124.40253,-16.35225],[124.38747,-16.34563],[124.36564,-16.37874],[124.34885,-16.38917],[124.34425,-16.41639],[124.33651,-16.41883],[124.34643,-16.42476],[124.38878,-16.41523],[124.40188,-16.42902],[124.4009,-16.44412],[124.40661,-16.4489],[124.40276,-16.46967],[124.41908,-16.48523],[124.44136,-16.47542],[124.44005,-16.48284],[124.4682,-16.49856],[124.44803,-16.49609],[124.44922,-16.50119],[124.44351,-16.49495],[124.44935,-16.50675],[124.44464,-16.50275],[124.44262,-16.50892],[124.44115,-16.49754],[124.42979,-16.4985],[124.43551,-16.52554],[124.42758,-16.51793],[124.42623,-16.53171],[124.41028,-16.54326],[124.40404,-16.54076],[124.40642,-16.53388],[124.39225,-16.53302],[124.40751,-16.52552],[124.4152,-16.50996],[124.40903,-16.5036],[124.39905,-16.50643],[124.40587,-16.50359],[124.39996,-16.50262],[124.40086,-16.49735],[124.3916,-16.50459],[124.40728,-16.47862],[124.39028,-16.45899],[124.39012,-16.4452],[124.37338,-16.44275],[124.36106,-16.44868],[124.36366,-16.45824],[124.35342,-16.45418],[124.34496,-16.46558],[124.34379,-16.45978],[124.33232,-16.45848],[124.32563,-16.46116],[124.3306,-16.46545],[124.32363,-16.46216],[124.31914,-16.4687],[124.30808,-16.45543],[124.32218,-16.44882],[124.31508,-16.44155],[124.33183,-16.43949],[124.33423,-16.42854],[124.32268,-16.42147],[124.32494,-16.41493],[124.31121,-16.42017],[124.30785,-16.41405],[124.30012,-16.41492],[124.29468,-16.42393],[124.28291,-16.41449],[124.26108,-16.41943],[124.26406,-16.41382],[124.25671,-16.4096],[124.2227,-16.41845],[124.21147,-16.3985],[124.20183,-16.40477],[124.21007,-16.39702],[124.20486,-16.38693],[124.19584,-16.38903],[124.20582,-16.38389],[124.19968,-16.37255],[124.19696,-16.37705],[124.19929,-16.36057],[124.19352,-16.36641],[124.19463,-16.35658],[124.18564,-16.35269],[124.19484,-16.34257],[124.17503,-16.32822],[124.17971,-16.30959],[124.13094,-16.28636],[124.12452,-16.28891],[124.12443,-16.28044],[124.10782,-16.27865],[124.10141,-16.2854],[124.10479,-16.27784],[124.08634,-16.27196],[124.0802,-16.27637],[124.08235,-16.27272],[124.07546,-16.27098],[124.05697,-16.27143],[124.06824,-16.28416],[124.05241,-16.27197],[124.04195,-16.27834],[124.04236,-16.26896],[124.02619,-16.25575],[124.01493,-16.2594],[124.0178,-16.26835],[124.00992,-16.25745],[123.9998,-16.26473],[124.0028,-16.25457],[123.99672,-16.25419],[123.9955,-16.26164],[123.97991,-16.24831],[123.97588,-16.25586],[123.97005,-16.25367],[123.9721,-16.24532],[123.93989,-16.23357],[123.93202,-16.2221],[123.92161,-16.22225],[123.90989,-16.2103],[123.91593,-16.23148],[123.91957,-16.22868],[123.9214,-16.23536],[123.92588,-16.22963],[123.92444,-16.2355],[123.936,-16.2375],[123.94165,-16.24918],[123.95197,-16.2462],[123.95145,-16.25241],[123.94573,-16.25091],[123.95071,-16.25772],[123.96245,-16.25283],[123.95022,-16.26054],[123.95336,-16.26475],[123.9638,-16.26019],[123.96117,-16.26864],[123.98761,-16.28386],[123.99372,-16.28141],[124.00006,-16.29184],[123.96097,-16.27983],[123.93357,-16.29773],[123.94932,-16.30439],[123.94567,-16.30742],[123.95514,-16.32501],[123.97727,-16.34042],[123.98758,-16.37044],[123.98409,-16.36838],[123.98383,-16.37951],[123.9757,-16.37895],[123.9413,-16.35984],[123.90579,-16.33517],[123.89535,-16.3074],[123.88379,-16.30404],[123.8928,-16.33372],[123.91701,-16.35221],[123.88571,-16.34283],[123.90896,-16.36293],[123.88434,-16.35367],[123.89502,-16.36505],[123.89359,-16.38346],[123.89937,-16.39221],[123.88953,-16.39451],[123.89996,-16.42284],[123.89515,-16.42394],[123.88836,-16.40954],[123.88303,-16.41673],[123.87559,-16.41012],[123.86702,-16.41288],[123.87567,-16.44475],[123.87109,-16.44706],[123.86798,-16.43968],[123.85408,-16.43517],[123.85707,-16.42762],[123.84202,-16.38284],[123.85056,-16.37648],[123.83645,-16.35438],[123.85142,-16.37174],[123.87607,-16.37768],[123.87882,-16.37126],[123.86578,-16.36224],[123.87871,-16.35521],[123.87643,-16.34706],[123.86546,-16.34245],[123.86761,-16.35174],[123.86013,-16.35033],[123.86458,-16.33612],[123.85845,-16.34059],[123.85666,-16.33018],[123.86593,-16.32788],[123.84391,-16.31505],[123.83521,-16.31962],[123.84296,-16.32623],[123.82535,-16.32283],[123.79952,-16.30398],[123.79842,-16.30996],[123.81004,-16.32068],[123.79636,-16.31613],[123.78443,-16.30307],[123.78365,-16.29877],[123.79273,-16.30483],[123.79581,-16.29977],[123.78318,-16.28407],[123.7827,-16.29766],[123.77802,-16.28584],[123.77157,-16.28715],[123.76056,-16.27497],[123.75729,-16.27867],[123.74064,-16.26328],[123.74295,-16.25313],[123.76946,-16.25955],[123.77713,-16.25181],[123.78348,-16.26215],[123.78329,-16.24304],[123.79175,-16.25294],[123.79108,-16.26356],[123.79693,-16.26304],[123.79679,-16.25129],[123.80121,-16.25494],[123.79502,-16.23884],[123.78832,-16.22827],[123.78501,-16.23345],[123.77568,-16.22885],[123.77158,-16.21616],[123.78906,-16.22365],[123.7886,-16.20951],[123.79855,-16.22293],[123.80036,-16.21616],[123.8146,-16.21966],[123.80664,-16.20615],[123.79679,-16.20924],[123.80315,-16.20352],[123.79054,-16.20048],[123.77055,-16.1706],[123.7509,-16.15745],[123.74723,-16.16278],[123.74181,-16.15353],[123.73789,-16.16062],[123.73837,-16.15278],[123.7266,-16.14052],[123.70308,-16.12869],[123.72845,-16.15682],[123.71315,-16.15409],[123.72342,-16.1709],[123.70896,-16.15225],[123.7031,-16.1539],[123.71362,-16.16755],[123.71071,-16.17295],[123.70213,-16.17118],[123.7014,-16.19027],[123.70097,-16.16948],[123.69714,-16.16685],[123.69603,-16.17328],[123.69657,-16.16424],[123.68983,-16.16001],[123.69682,-16.16225],[123.69341,-16.15111],[123.67976,-16.1606],[123.68345,-16.15362],[123.66534,-16.15121],[123.67574,-16.16322],[123.66641,-16.16287],[123.65983,-16.15343],[123.66306,-16.15843],[123.65416,-16.15994],[123.65525,-16.16831],[123.64063,-16.16898],[123.62841,-16.16176],[123.63335,-16.15863],[123.62042,-16.1577],[123.63576,-16.17617],[123.61333,-16.1605],[123.59432,-16.16791],[123.58417,-16.16443],[123.57069,-16.18081],[123.56925,-16.17232],[123.56568,-16.17851],[123.55845,-16.17596],[123.57367,-16.19961],[123.56493,-16.19659],[123.56386,-16.21037],[123.58168,-16.20589],[123.60111,-16.21637],[123.56369,-16.21625],[123.57638,-16.22246],[123.58224,-16.23371],[123.58918,-16.22992],[123.58654,-16.22493],[123.60191,-16.23241],[123.58009,-16.23923],[123.59089,-16.24769],[123.60965,-16.24378],[123.6035,-16.25096],[123.61662,-16.26181],[123.57605,-16.2453],[123.59928,-16.26409],[123.58387,-16.26062],[123.58212,-16.27203],[123.56605,-16.2763],[123.55441,-16.26975],[123.55681,-16.26321],[123.54956,-16.26281],[123.55019,-16.28316],[123.5657,-16.3015],[123.5898,-16.31482],[123.58809,-16.31006],[123.59874,-16.32281],[123.59335,-16.31124],[123.62443,-16.31727],[123.61136,-16.28709],[123.62713,-16.2905],[123.64031,-16.3087],[123.66238,-16.31352],[123.67998,-16.33559],[123.69741,-16.33754],[123.7001,-16.35101],[123.71061,-16.35404],[123.69899,-16.35411],[123.69886,-16.35914],[123.71689,-16.3724],[123.68139,-16.37539],[123.66295,-16.368],[123.67301,-16.38312],[123.66352,-16.38338],[123.65135,-16.36949],[123.65867,-16.36288],[123.62922,-16.35676],[123.64793,-16.3854],[123.68827,-16.40484],[123.68005,-16.40793],[123.68952,-16.40903],[123.67974,-16.41618],[123.6972,-16.41486],[123.69692,-16.42085],[123.68023,-16.42749],[123.68147,-16.4327],[123.67167,-16.42833],[123.67655,-16.43357],[123.66551,-16.43664],[123.62956,-16.423],[123.62138,-16.42998],[123.60798,-16.42576],[123.59179,-16.41714],[123.60515,-16.41556],[123.59798,-16.40567],[123.57191,-16.40081],[123.57172,-16.40838],[123.55667,-16.40316],[123.56747,-16.39986],[123.53587,-16.398],[123.50911,-16.38024],[123.51862,-16.38926],[123.51123,-16.39134],[123.56306,-16.40796],[123.54783,-16.40851],[123.57887,-16.4202],[123.5822,-16.42769],[123.55949,-16.42636],[123.50276,-16.40709],[123.49793,-16.40987],[123.50533,-16.42],[123.51133,-16.41757],[123.5129,-16.42402],[123.54012,-16.4315],[123.54297,-16.42723],[123.56822,-16.44554],[123.57189,-16.44127],[123.59922,-16.44874],[123.61981,-16.46474],[123.65135,-16.47496],[123.64826,-16.4799],[123.66292,-16.4911],[123.63286,-16.49865],[123.63512,-16.4946],[123.6252,-16.49045],[123.60583,-16.49526],[123.60271,-16.49071],[123.59937,-16.49645],[123.59415,-16.49166],[123.58295,-16.49857],[123.58847,-16.51048],[123.60761,-16.50488],[123.63702,-16.51802],[123.64301,-16.53005],[123.5843,-16.51746],[123.59901,-16.52518],[123.59453,-16.52591],[123.54634,-16.50424],[123.53412,-16.50865],[123.544,-16.50456],[123.47345,-16.47001],[123.46143,-16.47702],[123.46954,-16.47506],[123.47249,-16.48402],[123.49512,-16.49406],[123.50206,-16.50407],[123.49294,-16.50173],[123.49657,-16.51454],[123.44529,-16.50988],[123.43107,-16.50297],[123.44222,-16.50047],[123.42853,-16.49887],[123.42436,-16.50618],[123.42852,-16.5112],[123.46806,-16.51823],[123.46038,-16.52461],[123.46368,-16.53481],[123.48207,-16.5473],[123.49099,-16.54602],[123.5031,-16.56603],[123.51343,-16.56842],[123.49807,-16.56508],[123.49426,-16.57081],[123.51159,-16.59776],[123.51773,-16.56614],[123.54219,-16.57203],[123.53384,-16.55048],[123.52074,-16.54818],[123.52604,-16.54442],[123.57861,-16.54985],[123.5819,-16.53968],[123.58857,-16.53831],[123.61513,-16.55434],[123.61942,-16.57379],[123.58923,-16.56746],[123.60199,-16.58215],[123.58838,-16.58283],[123.58113,-16.59452],[123.56337,-16.58826],[123.56302,-16.60081],[123.57244,-16.60801],[123.56468,-16.61122],[123.56074,-16.60633],[123.55564,-16.61261],[123.57386,-16.62524],[123.50658,-16.64315],[123.52054,-16.65007],[123.50279,-16.65883],[123.52299,-16.66783],[123.54184,-16.65808],[123.54681,-16.66612],[123.55215,-16.65972],[123.55573,-16.66574],[123.5698,-16.66598],[123.57137,-16.67277],[123.5876,-16.6676],[123.59993,-16.67901],[123.61775,-16.6795],[123.63775,-16.69843],[123.64834,-16.72067],[123.6815,-16.75169],[123.71152,-16.75272],[123.71758,-16.78487],[123.74724,-16.83066],[123.75833,-16.83775],[123.76095,-16.87586],[123.79611,-16.91184],[123.81244,-16.91027],[123.83193,-16.89572],[123.8559,-16.8925],[123.88395,-16.8779],[123.89332,-16.85723],[123.90362,-16.86378],[123.92096,-16.85208],[123.92589,-16.85683],[123.94212,-16.85208],[123.94222,-16.82281],[123.95141,-16.81812],[123.94928,-16.83642],[123.95926,-16.85242],[123.9515,-16.86752],[123.92837,-16.87131],[123.91583,-16.88651],[123.90258,-16.8875],[123.89438,-16.90743],[123.82686,-16.95728],[123.80255,-16.98638],[123.8216,-16.99284],[123.82038,-16.9979],[123.79644,-17.00401],[123.81788,-17.05449],[123.83423,-17.11805],[123.82959,-17.13465],[123.88551,-17.18658],[123.88769,-17.20252],[123.91485,-17.20565],[123.91248,-17.21186],[123.88869,-17.22173],[123.86248,-17.21657],[123.85196,-17.19541],[123.83622,-17.19163],[123.82991,-17.17839],[123.80725,-17.16916],[123.79344,-17.1507],[123.7892,-17.15229],[123.78608,-17.13881],[123.77306,-17.12904],[123.76111,-17.08775],[123.74085,-17.06835],[123.70441,-17.04268],[123.68918,-17.06003],[123.68024,-17.05923],[123.67913,-17.04507],[123.66002,-17.03965],[123.65931,-17.01018],[123.64796,-16.99974],[123.60068,-17.01062],[123.58353,-17.03326],[123.59062,-17.10099],[123.60807,-17.13938],[123.64621,-17.18395],[123.64169,-17.19365],[123.62379,-17.19866],[123.61272,-17.27909],[123.61663,-17.28037],[123.6045,-17.30087],[123.60291,-17.33941],[123.59376,-17.36154],[123.58639,-17.34928],[123.58097,-17.35016],[123.57383,-17.3672],[123.57515,-17.38574],[123.56446,-17.40581],[123.58274,-17.42476],[123.58476,-17.47021],[123.57963,-17.48363],[123.59558,-17.49986],[123.6001,-17.51559],[123.59133,-17.52945],[123.59704,-17.5427],[123.58992,-17.55262],[123.59531,-17.56032],[123.59313,-17.57376],[123.58034,-17.5842],[123.57238,-17.55585],[123.57686,-17.52385],[123.5627,-17.5039],[123.54354,-17.50109],[123.54519,-17.46924],[123.54098,-17.4638],[123.5414,-17.47465],[123.53777,-17.46898],[123.53385,-17.48191],[123.53749,-17.4544],[123.5341,-17.44964],[123.53295,-17.45568],[123.52313,-17.4523],[123.52417,-17.43321],[123.51555,-17.43718],[123.51477,-17.42955],[123.51227,-17.43553],[123.51424,-17.41847],[123.48326,-17.39707],[123.4839,-17.38838],[123.47379,-17.38277],[123.45926,-17.35062],[123.44269,-17.34545],[123.42515,-17.32547],[123.40518,-17.32752],[123.39271,-17.31626],[123.38875,-17.30762],[123.39433,-17.28067],[123.38339,-17.24004],[123.36694,-17.21723],[123.34456,-17.16274],[123.31571,-17.13139],[123.3083,-17.1318],[123.31232,-17.12775],[123.29058,-17.10773],[123.28067,-17.07705],[123.28505,-17.07221],[123.27816,-17.03555],[123.26334,-17.01184],[123.24561,-16.99324],[123.23482,-16.96996],[123.16862,-16.92496],[123.14909,-16.92473],[123.15353,-16.87845],[123.16338,-16.859],[123.17348,-16.85899],[123.17124,-16.84924],[123.16211,-16.84666],[123.16139,-16.81794],[123.15695,-16.80568],[123.13482,-16.79075],[123.11984,-16.78731],[123.10991,-16.79421],[123.10597,-16.78976],[123.11067,-16.77907],[123.10252,-16.78373],[123.10781,-16.7726],[123.10344,-16.74531],[123.11873,-16.73157],[123.13262,-16.73805],[123.14504,-16.70845],[123.13882,-16.68849],[123.13304,-16.69137],[123.13703,-16.70136],[123.1266,-16.71108],[123.09401,-16.70914],[123.08487,-16.6983],[123.08374,-16.66483],[123.07872,-16.69326],[123.0506,-16.6908],[123.03617,-16.67154],[123.04174,-16.65679],[123.03263,-16.64448],[123.03865,-16.62137],[123.02709,-16.61706],[123.02326,-16.60458],[123.00768,-16.63244],[122.99573,-16.64086],[122.9883,-16.62562],[122.99588,-16.61813],[122.99649,-16.60186],[122.98655,-16.6071],[122.98172,-16.60137],[122.98472,-16.5931],[122.96068,-16.59062],[122.95441,-16.58015],[122.96872,-16.56189],[122.985,-16.55876],[122.98106,-16.55247],[122.98977,-16.53252],[123.00801,-16.52844],[123.00668,-16.52221],[122.97105,-16.51612],[122.99748,-16.48582],[122.99568,-16.47758],[122.97908,-16.4771],[122.98556,-16.47018],[122.98297,-16.46514],[122.99191,-16.45678],[123.00453,-16.45888],[123.01539,-16.45176],[123.02205,-16.4532],[123.02381,-16.46271],[123.04283,-16.45897],[123.045,-16.4738],[123.04723,-16.46298],[123.07667,-16.44035],[123.04306,-16.43987],[123.03099,-16.43057],[123.03404,-16.42077],[123.02397,-16.41998],[123.01474,-16.40578],[123.02448,-16.39794],[123.03487,-16.40021],[123.03411,-16.38562],[123.02026,-16.37822],[123.02315,-16.37181],[123.03571,-16.36924],[123.03888,-16.35922],[122.99162,-16.3801],[122.99368,-16.39342],[122.9824,-16.40591],[122.98339,-16.39449],[122.99201,-16.38756],[122.98764,-16.38091],[122.97402,-16.39533],[122.95521,-16.40175],[122.9435,-16.40146],[122.92528,-16.38946],[122.91896,-16.41107],[122.90151,-16.43499],[122.91148,-16.43709],[122.90506,-16.4413],[122.90176,-16.43668],[122.89806,-16.44721],[122.89583,-16.46823],[122.90569,-16.47361],[122.90436,-16.48853],[122.88408,-16.50805],[122.86721,-16.50937],[122.86306,-16.49911],[122.85387,-16.5127],[122.86124,-16.50996],[122.88421,-16.53026],[122.8614,-16.51911],[122.84771,-16.54651],[122.81647,-16.55613],[122.83339,-16.56071],[122.81156,-16.5583],[122.79474,-16.5717],[122.81791,-16.53918],[122.81009,-16.54531],[122.77127,-16.59032],[122.77898,-16.58495],[122.77109,-16.62862],[122.74178,-16.68341],[122.74385,-16.70013],[122.76277,-16.71034],[122.77374,-16.69402],[122.78412,-16.69598],[122.78528,-16.70416],[122.77307,-16.70453],[122.77567,-16.73548],[122.79079,-16.73373],[122.80093,-16.74476],[122.80655,-16.74281],[122.81,-16.75285],[122.8384,-16.74449],[122.82674,-16.74736],[122.83016,-16.75017],[122.82139,-16.75699],[122.83337,-16.75829],[122.82345,-16.76986],[122.8334,-16.77242],[122.82757,-16.77357],[122.83922,-16.77962],[122.83419,-16.7845],[122.84555,-16.79204],[122.83198,-16.78869],[122.8136,-16.77012],[122.80983,-16.77431],[122.81017,-16.76618],[122.80059,-16.76703],[122.803,-16.76215],[122.78158,-16.74743],[122.79208,-16.76061],[122.79277,-16.7685],[122.78662,-16.7717],[122.78893,-16.76356],[122.77351,-16.75142],[122.77719,-16.76089],[122.76964,-16.75268],[122.77162,-16.76157],[122.76672,-16.75438],[122.76193,-16.76552],[122.74268,-16.77221],[122.76495,-16.75202],[122.75741,-16.74606],[122.73444,-16.77766],[122.70656,-16.78748],[122.69349,-16.77725],[122.66505,-16.79418],[122.63739,-16.80071],[122.62012,-16.79467],[122.60992,-16.76566],[122.57941,-16.76214],[122.56947,-16.77143],[122.57747,-16.77729],[122.57409,-16.78577],[122.55327,-16.80537],[122.57128,-16.82261],[122.57121,-16.83616],[122.56779,-16.82906],[122.56535,-16.83799],[122.56427,-16.82929],[122.55112,-16.82888],[122.56053,-16.83552],[122.55102,-16.83453],[122.54573,-16.82946],[122.54933,-16.81984],[122.53378,-16.83695],[122.54348,-16.86143],[122.55147,-16.86446],[122.55652,-16.89642],[122.56945,-16.90327],[122.57036,-16.92937],[122.5779,-16.93658],[122.58219,-16.93322],[122.58557,-16.94808],[122.59746,-16.95493],[122.59135,-16.95495],[122.59561,-16.96431],[122.61215,-16.96526],[122.60149,-16.96633],[122.60209,-16.9713],[122.5876,-16.95722],[122.57233,-16.95568],[122.55399,-16.9624],[122.55554,-16.9581],[122.53652,-16.95703],[122.52756,-16.94768],[122.50794,-16.95437],[122.50818,-16.9449],[122.51301,-16.9493],[122.51977,-16.93369],[122.50307,-16.92368],[122.50328,-16.91599],[122.48967,-16.91851],[122.48021,-16.89459],[122.47688,-16.92171],[122.4855,-16.93728],[122.47687,-16.95718],[122.48554,-16.95163],[122.47502,-16.96815],[122.48104,-16.98135],[122.47211,-16.97696],[122.4686,-16.98273],[122.47336,-16.98786],[122.46873,-16.98635],[122.46142,-16.97778],[122.46717,-16.97709],[122.46762,-16.96884],[122.45448,-16.97328],[122.44442,-16.98776],[122.43102,-16.98339],[122.44346,-16.98053],[122.44168,-16.97173],[122.44719,-16.96979],[122.44072,-16.9671],[122.46054,-16.95688],[122.46964,-16.9363],[122.44844,-16.95363],[122.42427,-16.96035],[122.36634,-16.99764],[122.36976,-17.00809],[122.35103,-17.03695],[122.29551,-17.06723],[122.25318,-17.11985],[122.25379,-17.13172],[122.2672,-17.13701],[122.30347,-17.11242],[122.30161,-17.1209],[122.29326,-17.11922],[122.29258,-17.13029],[122.30598,-17.13276],[122.31197,-17.12709],[122.30962,-17.13083],[122.31785,-17.12968],[122.31328,-17.13647],[122.31939,-17.13533],[122.28813,-17.13957],[122.31719,-17.15127],[122.31355,-17.15534],[122.31897,-17.15895],[122.28202,-17.14512],[122.27981,-17.15744],[122.27463,-17.15044],[122.26524,-17.1604],[122.25489,-17.16064],[122.25738,-17.169],[122.24655,-17.16393],[122.25876,-17.15566],[122.2516,-17.1576],[122.24103,-17.16925],[122.24704,-17.17331],[122.23941,-17.18417],[122.24308,-17.19603],[122.23401,-17.18576],[122.22932,-17.1982],[122.22567,-17.19233],[122.23435,-17.18102],[122.22636,-17.18645],[122.20655,-17.22919],[122.20469,-17.24038],[122.2149,-17.22817],[122.21104,-17.24037],[122.20164,-17.24592],[122.18728,-17.24041],[122.17319,-17.26359],[122.16199,-17.34157],[122.15,-17.35537],[122.15224,-17.46565],[122.14237,-17.48883],[122.14515,-17.56036],[122.14917,-17.57403],[122.17253,-17.60124],[122.18405,-17.66767],[122.18569,-17.66134],[122.19382,-17.66187],[122.18675,-17.66428],[122.19963,-17.68483],[122.19795,-17.75331],[122.20327,-17.76415],[122.19868,-17.77432],[122.21285,-17.87374],[122.20491,-17.94528],[122.18971,-17.97072],[122.17531,-17.97401],[122.20712,-18.00888],[122.21075,-17.98923],[122.23683,-17.97055],[122.24723,-17.95295],[122.30167,-17.97362],[122.33593,-17.97989],[122.35186,-17.97523],[122.37067,-17.99101],[122.37804,-17.98982],[122.37257,-17.99372],[122.38093,-18.07067],[122.37542,-18.10213],[122.36363,-18.12678],[122.31504,-18.17233],[122.26153,-18.18448],[122.24215,-18.1994],[122.2146,-18.20404],[122.2049,-18.21738],[122.212,-18.22857],[122.19981,-18.2497],[122.18503,-18.24789],[122.1991,-18.24314],[122.20064,-18.23761],[122.19059,-18.24122],[122.20159,-18.23535],[122.19828,-18.23071],[122.18302,-18.23942],[122.17213,-18.26292],[122.17793,-18.26608],[122.16811,-18.27343],[122.16622,-18.26665],[122.13001,-18.30743],[122.09947,-18.31522],[122.08337,-18.32764],[122.0635,-18.32582],[122.04596,-18.35733],[122.00627,-18.39623],[122.25979,-18.51011],[122.5996,-18.6525],[123.06337,-18.78104],[123.36227,-19.12432],[123.76039,-19.09813],[124.38924,-19.08415],[124.87685,-19.39985],[125.44894,-19.49675],[125.90179,-19.46688],[126.18664,-19.54738],[126.62981,-19.3277],[126.78217,-19.5546],[126.76888,-19.85982],[126.6287,-20.1599],[126.39942,-20.40519],[126.36846,-20.67523],[126.68535,-20.92512],[126.93122,-21.15458],[127.23705,-21.28399],[127.58588,-21.26172],[127.65032,-21.50069],[127.65618,-21.83917],[127.39026,-22.05042],[127.36889,-22.59045],[127.98917,-22.86286],[128.49827,-23.21399],[128.77025,-23.4735],[129.51322,-23.62342],[130.9309,-23.80978],[131.58635,-23.59409],[132.0832,-23.75858],[132.55766,-23.69473],[132.98864,-23.60685],[133.56399,-23.76158],[134.034,-23.69808],[134.12711,-23.44033],[134.22665,-23.26941],[135.09115,-23.39227],[135.94346,-23.23606],[136.61239,-23.19888],[137.04876,-23.03876],[137.49426,-22.94774],[137.99819,-22.89446],[137.99594,-18.99851],[138.00118,-18.99851],[138.00117,-16.54452],[137.94054,-16.4879],[137.9368,-16.4903],[137.93671,-16.4818],[137.86201,-16.42272],[137.82979,-16.37179],[137.78984,-16.32601],[137.76884,-16.28573],[137.74088,-16.26178],[137.72966,-16.23226],[137.71939,-16.22973],[137.72637,-16.23586],[137.68061,-16.22233],[137.57376,-16.17483],[137.5343,-16.16424],[137.55693,-16.1743],[137.46489,-16.16002],[137.44345,-16.14827],[137.45442,-16.15195],[137.44989,-16.14661],[137.42574,-16.13924],[137.40921,-16.1443],[137.38841,-16.1266],[137.3371,-16.10832],[137.29494,-16.0811],[137.30897,-16.0851],[137.27394,-16.0459],[137.25443,-16.01233],[137.22703,-16.00435],[137.25186,-16.01276],[137.23179,-16.00845],[137.23571,-16.0165],[137.23144,-16.02194],[137.23408,-16.01502],[137.22841,-16.00809],[137.19638,-15.99551],[137.16041,-15.97057],[137.09666,-15.95024],[137.05033,-15.91952],[137.06164,-15.93149],[137.05663,-15.92912],[136.99841,-15.86959],[137.00587,-15.87931],[136.99934,-15.87512],[136.9893,-15.88878],[136.97413,-15.8794],[136.95787,-15.88045],[136.95569,-15.87396],[136.91272,-15.89967],[136.91877,-15.91707],[136.94969,-15.93121],[136.95326,-15.93832],[136.94432,-15.9329],[136.93886,-15.93829],[136.93066,-15.93323],[136.90463,-15.93648],[136.90627,-15.92699],[136.87172,-15.92356],[136.85493,-15.90672],[136.8352,-15.90827],[136.82296,-15.89922],[136.79587,-15.90449],[136.79579,-15.91178],[136.78606,-15.90278],[136.76075,-15.91625],[136.77322,-15.90637],[136.7715,-15.88943],[136.72951,-15.93238],[136.70639,-15.93121],[136.69081,-15.90339],[136.69854,-15.89008],[136.70999,-15.88604],[136.70571,-15.88089],[136.71467,-15.87724],[136.71378,-15.85679],[136.70154,-15.85067],[136.70389,-15.84175],[136.69317,-15.83575],[136.69284,-15.82705],[136.67458,-15.81447],[136.67865,-15.80522],[136.67051,-15.79413],[136.63691,-15.79248],[136.63215,-15.78219],[136.62815,-15.78808],[136.63553,-15.78208],[136.6196,-15.76296],[136.60383,-15.76732],[136.59838,-15.75759],[136.58414,-15.75959],[136.57122,-15.74984],[136.56957,-15.75616],[136.56401,-15.74192],[136.55547,-15.75038],[136.55841,-15.74213],[136.54092,-15.73914],[136.5476,-15.72888],[136.5339,-15.73193],[136.46892,-15.66642],[136.43461,-15.64655],[136.42074,-15.63071],[136.39134,-15.62707],[136.36629,-15.61311],[136.34134,-15.61339],[136.29031,-15.57234],[136.27043,-15.53576],[136.26319,-15.49671],[136.24156,-15.4486],[136.23973,-15.41607],[136.20714,-15.40112],[136.20977,-15.39286],[136.18332,-15.39086],[136.17824,-15.39823],[136.16469,-15.39232],[136.12971,-15.36427],[136.07158,-15.33915],[136.0498,-15.31677],[135.98154,-15.28697],[135.92518,-15.24919],[135.89961,-15.21578],[135.8628,-15.18272],[135.79972,-15.15076],[135.74898,-15.11649],[135.72415,-15.11627],[135.70389,-15.09665],[135.70188,-15.0875],[135.67441,-15.07512],[135.65593,-15.05172],[135.63974,-15.04442],[135.61232,-15.05197],[135.57996,-15.04528],[135.54756,-15.02006],[135.53099,-15.01716],[135.50292,-14.98841],[135.47047,-14.97021],[135.43114,-14.91069],[135.43304,-14.90134],[135.41549,-14.87058],[135.41094,-14.87312],[135.41282,-14.85079],[135.39378,-14.80861],[135.39379,-14.77186],[135.38208,-14.72572],[135.39334,-14.71917],[135.4053,-14.73658],[135.41634,-14.73501],[135.43469,-14.71375],[135.44049,-14.69412],[135.46501,-14.67577],[135.48487,-14.66707],[135.4995,-14.67577],[135.50437,-14.66571],[135.51459,-14.66458],[135.51912,-14.65327],[135.53468,-14.65779],[135.54106,-14.6527],[135.53955,-14.64253],[135.52745,-14.64093],[135.51842,-14.62546],[135.5372,-14.55976],[135.55519,-14.53624],[135.56679,-14.53748],[135.56841,-14.51498],[135.58952,-14.50513],[135.59866,-14.45685],[135.61962,-14.42309],[135.62811,-14.42755],[135.631,-14.41952],[135.65629,-14.41838],[135.66685,-14.42753],[135.67033,-14.42436],[135.66775,-14.39915],[135.71256,-14.33489],[135.73014,-14.29666],[135.71851,-14.28453],[135.74948,-14.27708],[135.78362,-14.23498],[135.81582,-14.22895],[135.87821,-14.18273],[135.8899,-14.18012],[135.89827,-14.19377],[135.90359,-14.19049],[135.87877,-14.16681],[135.885,-14.16045],[135.89487,-14.10741],[135.89012,-14.10753],[135.89114,-14.0943],[135.90524,-14.0746],[135.91317,-14.04248],[135.91496,-14.00855],[135.90974,-13.99042],[135.94104,-13.95373],[135.95575,-13.94928],[135.96991,-13.91365],[135.98908,-13.89611],[135.99168,-13.85783],[136.01574,-13.82833],[136.00642,-13.79158],[136.01349,-13.7628],[136.01995,-13.75275],[136.03517,-13.74674],[136.03426,-13.71646],[136.05539,-13.69464],[136.05487,-13.68063],[136.06913,-13.66984],[136.07559,-13.67275],[136.08223,-13.66018],[136.08283,-13.65521],[136.076,-13.65744],[136.05142,-13.64476],[136.04007,-13.65605],[136.02591,-13.65204],[136.0336,-13.68246],[136.02004,-13.69132],[136.01242,-13.68847],[136.00905,-13.70743],[135.99568,-13.714],[135.98829,-13.70994],[135.97817,-13.7316],[135.95624,-13.74334],[135.9145,-13.74722],[135.88935,-13.72825],[135.87939,-13.71202],[135.87783,-13.70038],[135.88911,-13.68801],[135.90637,-13.67827],[135.91872,-13.68183],[135.92164,-13.67596],[135.9074,-13.65816],[135.89104,-13.67017],[135.87927,-13.66793],[135.87123,-13.65663],[135.86517,-13.62225],[135.84304,-13.61296],[135.83529,-13.59081],[135.84123,-13.58146],[135.83974,-13.56634],[135.86928,-13.56172],[135.86505,-13.53142],[135.85505,-13.51996],[135.86234,-13.49447],[135.85767,-13.48224],[135.8637,-13.47685],[135.85973,-13.44022],[135.87261,-13.42888],[135.89433,-13.42515],[135.89946,-13.43895],[135.91271,-13.44399],[135.91955,-13.46244],[135.93125,-13.4668],[135.93573,-13.45822],[135.92734,-13.45016],[135.92946,-13.44238],[135.94531,-13.43499],[135.95183,-13.44813],[135.96108,-13.44557],[135.97299,-13.40231],[135.96517,-13.41046],[135.92646,-13.41773],[135.91909,-13.40442],[135.92564,-13.39626],[135.92064,-13.37753],[135.90576,-13.379],[135.87998,-13.36305],[135.88664,-13.32366],[135.91332,-13.29505],[135.90861,-13.28676],[135.91866,-13.26841],[135.94832,-13.25342],[135.96363,-13.29477],[135.96339,-13.27296],[135.96976,-13.26802],[135.97915,-13.22262],[135.99803,-13.21293],[136.01211,-13.21489],[136.03044,-13.24322],[136.04189,-13.28914],[136.03688,-13.29917],[136.04722,-13.30983],[136.06208,-13.26313],[136.0506,-13.24929],[136.0532,-13.23439],[136.0642,-13.22631],[136.08436,-13.23261],[136.07776,-13.20953],[136.1079,-13.17238],[136.09848,-13.16647],[136.09908,-13.15856],[136.14515,-13.12053],[136.15309,-13.14568],[136.15019,-13.18351],[136.13704,-13.19436],[136.13996,-13.20154],[136.13417,-13.20728],[136.14775,-13.21887],[136.14604,-13.23693],[136.1555,-13.26656],[136.18163,-13.28078],[136.18385,-13.27469],[136.16716,-13.26469],[136.15937,-13.25167],[136.16194,-13.24207],[136.1749,-13.23297],[136.18642,-13.24492],[136.20137,-13.24697],[136.21342,-13.23323],[136.21849,-13.20377],[136.23881,-13.20454],[136.24516,-13.21245],[136.23527,-13.18756],[136.2472,-13.17349],[136.2358,-13.16972],[136.23124,-13.15513],[136.21406,-13.15427],[136.22308,-13.14629],[136.21804,-13.13825],[136.22528,-13.1355],[136.24338,-13.14557],[136.25256,-13.12127],[136.25922,-13.13275],[136.25626,-13.15465],[136.27957,-13.15595],[136.28435,-13.16842],[136.31019,-13.16569],[136.31563,-13.15961],[136.30668,-13.14478],[136.32118,-13.12009],[136.31165,-13.10887],[136.29148,-13.10756],[136.30651,-13.09349],[136.30878,-13.07147],[136.33126,-13.04739],[136.33342,-13.03413],[136.33547,-13.04484],[136.36392,-13.05629],[136.37143,-13.07043],[136.36265,-13.09255],[136.36871,-13.10883],[136.35407,-13.11648],[136.37155,-13.13951],[136.35603,-13.14709],[136.3698,-13.16656],[136.36613,-13.19682],[136.38046,-13.20301],[136.38807,-13.22705],[136.36758,-13.25268],[136.35846,-13.25418],[136.35064,-13.24602],[136.32814,-13.25001],[136.33809,-13.27659],[136.32991,-13.29215],[136.31898,-13.29856],[136.32299,-13.30851],[136.33163,-13.3117],[136.33136,-13.32469],[136.34301,-13.32586],[136.35817,-13.30987],[136.3999,-13.24324],[136.43696,-13.23058],[136.43965,-13.21737],[136.45416,-13.22442],[136.44683,-13.24846],[136.45489,-13.25469],[136.46778,-13.24753],[136.47559,-13.2343],[136.47395,-13.20165],[136.48391,-13.18485],[136.48073,-13.16643],[136.49999,-13.13909],[136.51436,-13.13989],[136.52116,-13.15182],[136.53117,-13.15441],[136.53898,-13.11075],[136.56671,-13.05882],[136.53998,-13.05777],[136.53289,-13.05193],[136.53529,-13.01896],[136.5288,-13.02263],[136.51066,-13.01601],[136.5071,-12.99659],[136.48407,-12.99801],[136.48064,-13.00644],[136.47796,-12.99589],[136.45272,-12.99134],[136.45521,-12.97822],[136.46233,-12.97311],[136.47433,-12.97737],[136.49189,-12.99245],[136.50134,-12.98192],[136.51994,-12.97675],[136.53177,-12.99191],[136.53191,-12.9822],[136.5424,-12.97917],[136.53954,-12.97036],[136.55868,-12.96498],[136.5644,-12.98137],[136.55114,-12.98676],[136.56909,-12.99781],[136.5625,-13.0181],[136.57246,-13.0139],[136.58446,-13.01842],[136.58007,-13.00132],[136.59813,-12.98991],[136.60086,-12.9751],[136.61765,-12.96759],[136.62754,-12.97461],[136.6275,-12.99471],[136.63517,-13.00159],[136.62924,-13.01738],[136.6545,-13.0158],[136.66797,-13.00429],[136.6449,-12.99046],[136.63808,-12.9507],[136.6254,-12.95293],[136.59816,-12.93006],[136.55915,-12.91417],[136.55522,-12.92011],[136.54625,-12.91629],[136.54284,-12.89629],[136.5544,-12.88053],[136.55246,-12.87418],[136.53885,-12.8816],[136.51826,-12.87545],[136.50918,-12.86708],[136.50588,-12.85182],[136.47862,-12.84156],[136.47827,-12.82217],[136.48861,-12.81501],[136.48798,-12.80156],[136.46804,-12.79349],[136.46371,-12.77203],[136.46788,-12.78015],[136.48338,-12.76801],[136.51775,-12.80713],[136.54285,-12.80674],[136.53124,-12.80186],[136.53495,-12.79216],[136.52548,-12.75826],[136.53208,-12.7454],[136.54982,-12.74036],[136.56748,-12.76378],[136.58198,-12.76708],[136.60552,-12.79006],[136.58379,-12.77894],[136.58062,-12.80401],[136.58729,-12.82157],[136.62175,-12.83944],[136.60845,-12.81491],[136.62478,-12.77395],[136.61976,-12.75666],[136.60275,-12.74669],[136.6073,-12.72107],[136.63313,-12.69933],[136.64819,-12.70286],[136.65278,-12.71134],[136.67535,-12.70438],[136.68557,-12.71276],[136.69386,-12.71108],[136.69905,-12.70409],[136.68102,-12.68757],[136.67865,-12.66905],[136.69058,-12.63226],[136.70397,-12.6097],[136.73543,-12.57916],[136.75212,-12.57376],[136.76189,-12.57739],[136.74745,-12.55163],[136.73487,-12.57091],[136.72373,-12.56276],[136.71578,-12.57189],[136.69715,-12.56915],[136.69608,-12.58665],[136.68296,-12.5908],[136.68168,-12.59859],[136.67686,-12.59361],[136.6804,-12.60356],[136.66927,-12.59055],[136.67585,-12.58119],[136.69309,-12.58619],[136.69647,-12.56463],[136.7143,-12.56625],[136.71949,-12.55666],[136.71535,-12.55721],[136.72548,-12.55317],[136.73098,-12.56289],[136.7379,-12.55443],[136.7484,-12.5339],[136.73345,-12.53613],[136.72691,-12.52901],[136.74223,-12.51785],[136.72217,-12.49484],[136.72563,-12.48169],[136.75911,-12.46741],[136.77594,-12.44731],[136.79444,-12.44974],[136.79585,-12.4922],[136.77596,-12.49612],[136.77455,-12.50955],[136.76072,-12.52568],[136.77274,-12.55551],[136.77185,-12.53834],[136.77901,-12.52526],[136.80514,-12.50633],[136.86331,-12.43133],[136.88989,-12.41364],[136.89969,-12.39242],[136.94546,-12.36978],[136.96269,-12.37454],[136.96178,-12.36381],[136.97892,-12.34543],[136.96526,-12.34079],[136.96421,-12.35027],[136.94432,-12.35793],[136.92056,-12.3439],[136.91053,-12.36771],[136.88238,-12.3679],[136.87282,-12.38064],[136.87916,-12.36631],[136.89847,-12.36261],[136.9339,-12.33386],[136.93924,-12.32406],[136.92889,-12.30337],[136.92811,-12.28271],[136.91492,-12.2757],[136.91169,-12.28326],[136.90239,-12.28076],[136.90278,-12.24824],[136.88579,-12.24641],[136.8732,-12.21964],[136.84668,-12.21023],[136.8182,-12.21154],[136.79046,-12.18597],[136.78236,-12.15908],[136.7271,-12.17241],[136.72547,-12.18246],[136.71433,-12.18695],[136.68137,-12.18632],[136.67709,-12.20561],[136.68318,-12.19592],[136.6987,-12.19031],[136.71453,-12.19881],[136.72242,-12.21249],[136.72908,-12.21137],[136.73147,-12.22007],[136.72319,-12.22977],[136.73457,-12.21861],[136.75216,-12.21413],[136.74696,-12.22462],[136.7512,-12.23298],[136.76612,-12.23504],[136.74228,-12.27181],[136.7263,-12.27607],[136.72092,-12.26691],[136.70571,-12.28845],[136.69126,-12.276],[136.66379,-12.28249],[136.66025,-12.27413],[136.64751,-12.2697],[136.64645,-12.23548],[136.59932,-12.20228],[136.57776,-12.14605],[136.58702,-12.12557],[136.58121,-12.10777],[136.59032,-12.09509],[136.58725,-12.08447],[136.5807,-12.09113],[136.5644,-12.08565],[136.55532,-12.07521],[136.56567,-12.08306],[136.54307,-12.03602],[136.53109,-11.99142],[136.51227,-11.98798],[136.50306,-11.99788],[136.50599,-12.00339],[136.49603,-12.00953],[136.50167,-12.01623],[136.49514,-12.01948],[136.49827,-12.02897],[136.49539,-12.03261],[136.49207,-12.02729],[136.48901,-12.04007],[136.49047,-12.0308],[136.48429,-12.03579],[136.48929,-12.05624],[136.46483,-12.05089],[136.4816,-12.05013],[136.48885,-12.02402],[136.47747,-12.01818],[136.46983,-11.99967],[136.45585,-12.0057],[136.4571,-11.99993],[136.44585,-11.99884],[136.45202,-11.99957],[136.44896,-11.98744],[136.45607,-11.97885],[136.47284,-11.99657],[136.47211,-11.9603],[136.5342,-11.94724],[136.58042,-11.91551],[136.58217,-11.90365],[136.56877,-11.894],[136.56297,-11.87659],[136.55766,-11.88629],[136.5738,-11.90204],[136.56137,-11.91749],[136.54826,-11.92333],[136.53119,-11.91458],[136.52331,-11.93919],[136.51676,-11.94177],[136.51391,-11.936],[136.50826,-11.94638],[136.49242,-11.9526],[136.46832,-11.95195],[136.45947,-11.94235],[136.44398,-11.94146],[136.44571,-11.95411],[136.43081,-11.97107],[136.4261,-11.95842],[136.41485,-11.95866],[136.3824,-11.99743],[136.3816,-12.00479],[136.38971,-12.01132],[136.3822,-12.01157],[136.37877,-12.0196],[136.36751,-12.01138],[136.36996,-12.02765],[136.35743,-12.02113],[136.35516,-12.03097],[136.34404,-12.03281],[136.34877,-12.04387],[136.34178,-12.0474],[136.3394,-12.05916],[136.33182,-12.05907],[136.32616,-12.04552],[136.30737,-12.05664],[136.30299,-12.04851],[136.29347,-12.05182],[136.29062,-12.06188],[136.28843,-12.05601],[136.2671,-12.06499],[136.24732,-12.09929],[136.24688,-12.11049],[136.23175,-12.11843],[136.2304,-12.13166],[136.2126,-12.1308],[136.21724,-12.15238],[136.20771,-12.15161],[136.19521,-12.16305],[136.17683,-12.15801],[136.16742,-12.163],[136.17605,-12.16875],[136.16895,-12.17814],[136.17219,-12.19204],[136.19057,-12.19551],[136.20824,-12.18473],[136.23212,-12.18264],[136.21892,-12.18731],[136.22828,-12.21317],[136.28822,-12.20534],[136.31545,-12.2107],[136.33701,-12.19564],[136.33438,-12.20296],[136.34583,-12.20015],[136.34208,-12.20599],[136.35312,-12.21139],[136.35915,-12.23036],[136.36278,-12.25748],[136.34293,-12.26522],[136.35422,-12.27615],[136.36847,-12.27849],[136.35388,-12.27717],[136.342,-12.30128],[136.32547,-12.30687],[136.33376,-12.31555],[136.3331,-12.32663],[136.30402,-12.36751],[136.30382,-12.37633],[136.31418,-12.38184],[136.3048,-12.39905],[136.2633,-12.44143],[136.25284,-12.44338],[136.25971,-12.45642],[136.2494,-12.44542],[136.23367,-12.45654],[136.23174,-12.4657],[136.21931,-12.46132],[136.17564,-12.46696],[136.16908,-12.46155],[136.15896,-12.46326],[136.1584,-12.4705],[136.15961,-12.44438],[136.15143,-12.43547],[136.12112,-12.45238],[136.10799,-12.43906],[136.10491,-12.45309],[136.08583,-12.45742],[136.07363,-12.44806],[136.07579,-12.43494],[136.06371,-12.42999],[136.06166,-12.4413],[136.04628,-12.45704],[136.04631,-12.47083],[136.05182,-12.47025],[136.04562,-12.47241],[136.0516,-12.47932],[136.03366,-12.47345],[136.02138,-12.48613],[136.01448,-12.4849],[136.01801,-12.45968],[136.00524,-12.45484],[135.98892,-12.46233],[135.99648,-12.46185]]],[[[130.40123,-11.35971],[130.40951,-11.36723],[130.41169,-11.40869],[130.42583,-11.42549],[130.41823,-11.45489],[130.43353,-11.47496],[130.43188,-11.50254],[130.4521,-11.51672],[130.46098,-11.53557],[130.47422,-11.53909],[130.48166,-11.5502],[130.48727,-11.54758],[130.49382,-11.56406],[130.48625,-11.5895],[130.47835,-11.59292],[130.47648,-11.62061],[130.49264,-11.65491],[130.52903,-11.67945],[130.54066,-11.6723],[130.55637,-11.6724],[130.5682,-11.68547],[130.57164,-11.70143],[130.57947,-11.69707],[130.59056,-11.70201],[130.59756,-11.7172],[130.62271,-11.72335],[130.64116,-11.74754],[130.67983,-11.76169],[130.67534,-11.78042],[130.68332,-11.78906],[130.69172,-11.78391],[130.69063,-11.79328],[130.69765,-11.78958],[130.69898,-11.79707],[130.72498,-11.80265],[130.80191,-11.84504],[130.86231,-11.85463],[130.9194,-11.90043],[130.91649,-11.89542],[130.94057,-11.92989],[130.95239,-11.92882],[130.96473,-11.93804],[130.98257,-11.92751],[131.01828,-11.88598],[131.04832,-11.88154],[131.08194,-11.83619],[131.10801,-11.82921],[131.18193,-11.79173],[131.20013,-11.77188],[131.25408,-11.73446],[131.26464,-11.73213],[131.28042,-11.73977],[131.28874,-11.72354],[131.33399,-11.67924],[131.37061,-11.60971],[131.36893,-11.6009],[131.37928,-11.59118],[131.40287,-11.58882],[131.42605,-11.61366],[131.43112,-11.60533],[131.44817,-11.61127],[131.46983,-11.60808],[131.47036,-11.58672],[131.45812,-11.58669],[131.45528,-11.58092],[131.46447,-11.57248],[131.4545,-11.54658],[131.465,-11.49784],[131.48301,-11.48865],[131.48989,-11.47715],[131.48558,-11.47522],[131.50233,-11.46671],[131.51115,-11.46466],[131.51593,-11.47353],[131.52702,-11.47628],[131.54314,-11.45365],[131.53242,-11.42469],[131.53791,-11.4149],[131.52402,-11.39407],[131.5108,-11.39604],[131.49533,-11.383],[131.48269,-11.39904],[131.4651,-11.38571],[131.46353,-11.37689],[131.471,-11.37037],[131.45609,-11.35363],[131.45406,-11.34207],[131.4627,-11.32799],[131.42973,-11.30403],[131.42954,-11.29544],[131.44262,-11.28669],[131.43584,-11.26588],[131.40132,-11.25828],[131.39556,-11.26706],[131.40316,-11.28155],[131.40026,-11.29114],[131.38083,-11.29818],[131.37089,-11.28367],[131.37497,-11.26426],[131.35329,-11.24994],[131.3289,-11.25593],[131.32811,-11.27919],[131.32045,-11.27667],[131.32448,-11.27296],[131.30216,-11.2732],[131.2973,-11.25894],[131.31564,-11.22898],[131.28823,-11.19384],[131.28369,-11.20631],[131.27948,-11.20425],[131.27567,-11.18949],[131.27134,-11.19794],[131.26113,-11.19033],[131.25186,-11.19231],[131.2475,-11.21782],[131.23579,-11.22522],[131.21931,-11.22457],[131.20427,-11.23545],[131.20736,-11.24183],[131.1988,-11.2535],[131.1978,-11.26953],[131.20299,-11.28424],[131.19065,-11.30225],[131.21536,-11.30474],[131.22207,-11.31393],[131.20936,-11.34404],[131.19001,-11.33794],[131.179,-11.31913],[131.16839,-11.31343],[131.17219,-11.28634],[131.16376,-11.27806],[131.16566,-11.26553],[131.14835,-11.24985],[131.14145,-11.2558],[131.1127,-11.25904],[131.11156,-11.28027],[131.08764,-11.30036],[131.10583,-11.30351],[131.11084,-11.30817],[131.10306,-11.30609],[131.10578,-11.31209],[131.08134,-11.30146],[131.04096,-11.31773],[131.05112,-11.34298],[131.03163,-11.36727],[130.99026,-11.35452],[130.98782,-11.33957],[130.92158,-11.31219],[130.89527,-11.30933],[130.88498,-11.32531],[130.84378,-11.35816],[130.85126,-11.35323],[130.80773,-11.36465],[130.77229,-11.36437],[130.76305,-11.3755],[130.70458,-11.38529],[130.69538,-11.4085],[130.6969,-11.42663],[130.70595,-11.42032],[130.72644,-11.42192],[130.74016,-11.44246],[130.75445,-11.44696],[130.75563,-11.45985],[130.76945,-11.4657],[130.76621,-11.47956],[130.71867,-11.47091],[130.71556,-11.48987],[130.6942,-11.46431],[130.70134,-11.44142],[130.69534,-11.44703],[130.68552,-11.44357],[130.68048,-11.42682],[130.65737,-11.40063],[130.66205,-11.39179],[130.65552,-11.37525],[130.66195,-11.37247],[130.65733,-11.36114],[130.66308,-11.34141],[130.65659,-11.33594],[130.6411,-11.35629],[130.6403,-11.37244],[130.61924,-11.38755],[130.60138,-11.38652],[130.58134,-11.40242],[130.56831,-11.39759],[130.5565,-11.38315],[130.5546,-11.36099],[130.56689,-11.34063],[130.58669,-11.34292],[130.57953,-11.33428],[130.58788,-11.33592],[130.59419,-11.32225],[130.60379,-11.32134],[130.60279,-11.30032],[130.59486,-11.28919],[130.57443,-11.28355],[130.55381,-11.26642],[130.54338,-11.28329],[130.51615,-11.28004],[130.51252,-11.28495],[130.49712,-11.27309],[130.51364,-11.27833],[130.48942,-11.26204],[130.44506,-11.206],[130.40282,-11.16679],[130.37717,-11.16798],[130.3726,-11.17093],[130.36351,-11.25118],[130.37007,-11.26484],[130.39014,-11.27473],[130.4092,-11.30474],[130.40904,-11.31808],[130.39827,-11.3181],[130.3934,-11.33812],[130.38402,-11.34628],[130.39106,-11.36671],[130.40149,-11.36736],[130.39953,-11.35946],[130.40766,-11.36068],[130.40421,-11.35504],[130.40835,-11.36],[130.40123,-11.35971]]],[[[136.731,-13.66369],[136.72856,-13.65214],[136.71527,-13.66592],[136.71049,-13.65752],[136.69531,-13.66202],[136.69378,-13.65217],[136.68876,-13.67054],[136.67851,-13.68006],[136.67628,-13.70217],[136.66404,-13.69439],[136.66187,-13.70409],[136.64746,-13.70011],[136.63945,-13.70411],[136.63213,-13.72054],[136.61707,-13.70598],[136.63636,-13.68849],[136.61891,-13.68867],[136.61765,-13.67886],[136.61213,-13.67862],[136.59777,-13.68723],[136.59585,-13.67879],[136.57778,-13.68738],[136.57424,-13.69424],[136.59237,-13.69656],[136.58466,-13.71739],[136.58864,-13.72432],[136.60731,-13.73003],[136.61816,-13.74415],[136.60768,-13.76359],[136.63055,-13.76617],[136.62928,-13.77723],[136.63802,-13.78353],[136.62442,-13.79075],[136.5941,-13.78701],[136.59976,-13.80702],[136.58394,-13.80859],[136.58121,-13.79962],[136.57417,-13.79853],[136.57511,-13.80888],[136.56535,-13.81438],[136.56619,-13.82992],[136.56025,-13.81524],[136.55223,-13.8198],[136.53922,-13.81402],[136.54258,-13.78908],[136.53189,-13.785],[136.52382,-13.79151],[136.52457,-13.82146],[136.49563,-13.84081],[136.48369,-13.83374],[136.46276,-13.83448],[136.45713,-13.81921],[136.44046,-13.83137],[136.44036,-13.82414],[136.44673,-13.82212],[136.43472,-13.81509],[136.42258,-13.81562],[136.40924,-13.83095],[136.40805,-13.84529],[136.42903,-13.86929],[136.43615,-13.89077],[136.40816,-13.97631],[136.41818,-13.99599],[136.41803,-14.05798],[136.43317,-14.07974],[136.42964,-14.09422],[136.44262,-14.12345],[136.42104,-14.1423],[136.42213,-14.15496],[136.41142,-14.16947],[136.32447,-14.2133],[136.32471,-14.24609],[136.35659,-14.22009],[136.39556,-14.20231],[136.43736,-14.19628],[136.4508,-14.20392],[136.45552,-14.21803],[136.49083,-14.23699],[136.52461,-14.2338],[136.54053,-14.25413],[136.62821,-14.26502],[136.63392,-14.28356],[136.64565,-14.28606],[136.64991,-14.2962],[136.6704,-14.28703],[136.68248,-14.29774],[136.67976,-14.29087],[136.69423,-14.27584],[136.75547,-14.25804],[136.76144,-14.26431],[136.78434,-14.26028],[136.80946,-14.27068],[136.81301,-14.27934],[136.80279,-14.28858],[136.81477,-14.29435],[136.82438,-14.29348],[136.81239,-14.28737],[136.81914,-14.27748],[136.82556,-14.2833],[136.83003,-14.27784],[136.84247,-14.29512],[136.84549,-14.28278],[136.85958,-14.27814],[136.87548,-14.29381],[136.87463,-14.30105],[136.88353,-14.29905],[136.89091,-14.3079],[136.89642,-14.30175],[136.90484,-14.31015],[136.89902,-14.29709],[136.91352,-14.28454],[136.9517,-14.30327],[136.9522,-14.29491],[136.93594,-14.29088],[136.93529,-14.284],[136.9467,-14.27768],[136.96459,-14.28259],[136.94796,-14.2762],[136.94074,-14.26034],[136.94954,-14.24783],[136.95982,-14.24491],[136.95315,-14.24258],[136.9526,-14.2286],[136.94573,-14.2255],[136.95193,-14.21957],[136.93611,-14.21215],[136.93429,-14.2037],[136.94017,-14.18918],[136.95411,-14.19312],[136.96414,-14.16524],[136.94519,-14.15706],[136.92498,-14.16255],[136.92037,-14.15254],[136.93071,-14.14386],[136.9105,-14.13817],[136.91565,-14.144],[136.90913,-14.15208],[136.91818,-14.16479],[136.89558,-14.20157],[136.8806,-14.20916],[136.85534,-14.2078],[136.84295,-14.18306],[136.81093,-14.16414],[136.80035,-14.14695],[136.78858,-14.15157],[136.77682,-14.14455],[136.78243,-14.16337],[136.7709,-14.16945],[136.78818,-14.18489],[136.78544,-14.1931],[136.76328,-14.1957],[136.74789,-14.1858],[136.72626,-14.18915],[136.70709,-14.16897],[136.7156,-14.14223],[136.70546,-14.14075],[136.69967,-14.11458],[136.70442,-14.10561],[136.71153,-14.10669],[136.71136,-14.0998],[136.72066,-14.10424],[136.71327,-14.09312],[136.72414,-14.07812],[136.7206,-14.0699],[136.73663,-14.06551],[136.74157,-14.07187],[136.7378,-14.07834],[136.75223,-14.08692],[136.74789,-14.06651],[136.75278,-14.05687],[136.75869,-14.05806],[136.76021,-14.04641],[136.77526,-14.04617],[136.77733,-14.05801],[136.78411,-14.03977],[136.80757,-14.03584],[136.80753,-14.0181],[136.77899,-14.02391],[136.76229,-14.00097],[136.76727,-13.96328],[136.77892,-13.934],[136.7932,-13.91401],[136.8126,-13.90412],[136.85782,-13.91282],[136.8585,-13.8932],[136.88401,-13.84279],[136.91204,-13.80754],[136.92442,-13.80651],[136.90523,-13.76411],[136.88867,-13.75392],[136.86438,-13.75542],[136.84054,-13.74517],[136.83932,-13.78029],[136.81475,-13.8019],[136.79701,-13.83417],[136.81373,-13.81205],[136.83729,-13.80242],[136.8455,-13.81503],[136.83733,-13.84289],[136.80931,-13.85585],[136.76526,-13.84136],[136.75447,-13.83234],[136.72536,-13.84226],[136.71831,-13.83578],[136.72915,-13.8197],[136.71685,-13.81078],[136.7125,-13.79379],[136.72131,-13.77839],[136.73264,-13.77826],[136.73536,-13.77094],[136.72476,-13.76753],[136.71798,-13.77576],[136.69706,-13.7749],[136.68953,-13.76388],[136.69063,-13.74457],[136.6854,-13.74813],[136.68108,-13.7394],[136.68605,-13.72713],[136.69447,-13.72878],[136.70728,-13.71565],[136.71989,-13.71772],[136.73098,-13.687],[136.731,-13.66369]]],[[[130.45458,-11.62856],[130.46291,-11.60833],[130.46373,-11.57499],[130.45259,-11.567],[130.45214,-11.57322],[130.42995,-11.54978],[130.40241,-11.53991],[130.37618,-11.50698],[130.38085,-11.49442],[130.3752,-11.48404],[130.39283,-11.47281],[130.40388,-11.44758],[130.40015,-11.425],[130.3944,-11.41608],[130.38524,-11.41837],[130.38429,-11.40526],[130.36131,-11.37978],[130.35481,-11.34872],[130.34227,-11.32581],[130.32235,-11.33332],[130.34101,-11.32435],[130.35355,-11.34612],[130.34421,-11.32343],[130.33481,-11.3195],[130.30289,-11.34138],[130.25169,-11.34646],[130.24839,-11.36127],[130.25484,-11.37652],[130.2479,-11.39811],[130.23871,-11.38841],[130.2452,-11.36659],[130.22501,-11.41285],[130.18606,-11.42411],[130.16915,-11.4627],[130.14799,-11.48204],[130.15661,-11.49118],[130.18513,-11.48445],[130.20285,-11.51076],[130.17484,-11.55782],[130.18576,-11.57204],[130.19528,-11.57191],[130.20083,-11.58554],[130.19129,-11.64265],[130.20987,-11.64262],[130.2141,-11.63436],[130.23041,-11.64382],[130.23698,-11.66177],[130.25065,-11.66728],[130.25503,-11.67676],[130.24688,-11.67418],[130.23911,-11.69183],[130.23175,-11.68122],[130.22558,-11.69276],[130.22864,-11.67727],[130.21399,-11.6686],[130.20163,-11.6493],[130.15162,-11.70669],[130.1181,-11.69997],[130.09006,-11.67097],[130.07423,-11.67054],[130.07459,-11.6823],[130.06886,-11.68615],[130.07167,-11.72287],[130.0615,-11.75091],[130.07288,-11.76344],[130.05694,-11.76595],[130.04418,-11.75602],[130.03317,-11.75627],[130.02046,-11.77583],[130.02381,-11.7973],[130.04887,-11.82405],[130.06494,-11.81849],[130.11821,-11.8271],[130.31227,-11.77087],[130.36394,-11.78419],[130.36783,-11.78011],[130.36589,-11.78453],[130.39313,-11.8014],[130.5034,-11.83032],[130.54581,-11.81898],[130.60644,-11.82651],[130.63873,-11.76707],[130.64009,-11.75318],[130.6174,-11.73394],[130.59231,-11.73049],[130.58489,-11.70886],[130.56427,-11.70702],[130.55611,-11.69273],[130.51691,-11.69122],[130.485,-11.66984],[130.46836,-11.66616],[130.46469,-11.62934],[130.4602,-11.62393],[130.44874,-11.62713],[130.45458,-11.62856]]],[[[132.59713,-10.97365],[132.57054,-10.97338],[132.56449,-10.97916],[132.55678,-10.99429],[132.5615,-11.02521],[132.54555,-11.04243],[132.52725,-11.0426],[132.5208,-11.05353],[132.50203,-11.05775],[132.46713,-11.03187],[132.4615,-11.03716],[132.48571,-11.07836],[132.50937,-11.08251],[132.51333,-11.09247],[132.50463,-11.1244],[132.51104,-11.12982],[132.50996,-11.1382],[132.49182,-11.15519],[132.4764,-11.14892],[132.46984,-11.15691],[132.48957,-11.17483],[132.50066,-11.20503],[132.51265,-11.2123],[132.53061,-11.24354],[132.54328,-11.25228],[132.5552,-11.31072],[132.56612,-11.32872],[132.58453,-11.33646],[132.588,-11.35579],[132.59977,-11.30004],[132.6194,-11.28474],[132.61924,-11.23211],[132.6043,-11.21873],[132.60274,-11.20472],[132.61517,-11.18612],[132.6313,-11.18617],[132.62483,-11.17282],[132.60046,-11.17026],[132.597,-11.17872],[132.58785,-11.17688],[132.58002,-11.16002],[132.58626,-11.14062],[132.60239,-11.14282],[132.61444,-11.1297],[132.60236,-11.11774],[132.59748,-11.07412],[132.58679,-11.05669],[132.57917,-11.00731],[132.58316,-10.99079],[132.59049,-10.98849],[132.59713,-10.97365]]],[[[135.90034,-11.79732],[135.90018,-11.80818],[135.89468,-11.80218],[135.88355,-11.80409],[135.87159,-11.83244],[135.85379,-11.84824],[135.8351,-11.83759],[135.83299,-11.87024],[135.83025,-11.86097],[135.7813,-11.90961],[135.76052,-11.91263],[135.73397,-11.9379],[135.74844,-11.93306],[135.75762,-11.93692],[135.66684,-11.93563],[135.6698,-11.94592],[135.65679,-11.96488],[135.63209,-11.975],[135.61558,-11.97044],[135.61881,-11.95972],[135.60527,-11.96082],[135.59461,-11.95074],[135.58334,-11.9593],[135.58883,-11.97027],[135.56442,-12.00383],[135.56338,-12.03198],[135.55419,-12.04837],[135.5644,-12.05697],[135.56463,-12.06974],[135.58208,-12.05539],[135.59207,-12.0555],[135.59426,-12.04272],[135.60539,-12.03289],[135.62468,-12.02882],[135.63708,-12.01785],[135.70285,-12.00223],[135.73487,-12.00165],[135.74183,-11.97554],[135.75917,-11.97127],[135.77603,-11.9765],[135.79763,-11.96466],[135.82855,-11.92877],[135.858,-11.87841],[135.90071,-11.85145],[135.90785,-11.82355],[135.92048,-11.81001],[135.93804,-11.80336],[135.92557,-11.77148],[135.90986,-11.76818],[135.90712,-11.75722],[135.89094,-11.76217],[135.8765,-11.7556],[135.8649,-11.76757],[135.86603,-11.78271],[135.88552,-11.79211],[135.88895,-11.80319],[135.89904,-11.80219],[135.89733,-11.79473],[135.90375,-11.79383],[135.90034,-11.79732]]],[[[135.5606,-12.09688],[135.54489,-12.08761],[135.53846,-12.06443],[135.51849,-12.0599],[135.50788,-12.08588],[135.46966,-12.10951],[135.44945,-12.11471],[135.41535,-12.11389],[135.40525,-12.10179],[135.4226,-12.08303],[135.39689,-12.082],[135.39596,-12.08889],[135.38654,-12.09273],[135.36623,-12.08469],[135.353,-12.10593],[135.30601,-12.12431],[135.30427,-12.13573],[135.31919,-12.14536],[135.30298,-12.16287],[135.28449,-12.16398],[135.26907,-12.17968],[135.22334,-12.18866],[135.24332,-12.19491],[135.25674,-12.20793],[135.27087,-12.20727],[135.27088,-12.20048],[135.27606,-12.20037],[135.2726,-12.20817],[135.28739,-12.2273],[135.31219,-12.24157],[135.33126,-12.23978],[135.34609,-12.23143],[135.3667,-12.18373],[135.38061,-12.17572],[135.42505,-12.18343],[135.4408,-12.16309],[135.48043,-12.1561],[135.49434,-12.1439],[135.53545,-12.14854],[135.55808,-12.12695],[135.56107,-12.11531],[135.57151,-12.1109],[135.56887,-12.09959],[135.5606,-12.09688]]],[[[137.00082,-15.59022],[136.99139,-15.58445],[136.99998,-15.62285],[136.97678,-15.63446],[136.98119,-15.65615],[136.99553,-15.65898],[136.99074,-15.67287],[136.98397,-15.67445],[136.98421,-15.66699],[136.96941,-15.66111],[136.97117,-15.64519],[136.96104,-15.64009],[136.94936,-15.65827],[136.9363,-15.6604],[136.94563,-15.66052],[136.94118,-15.67226],[136.94794,-15.67599],[136.94001,-15.68423],[136.91832,-15.68466],[136.9393,-15.6901],[136.93405,-15.69732],[136.94009,-15.71991],[136.92924,-15.72544],[136.9416,-15.72556],[136.94112,-15.73945],[136.9473,-15.73313],[136.95395,-15.74003],[136.94767,-15.71766],[136.95911,-15.70988],[136.96387,-15.73055],[136.97839,-15.71241],[136.98284,-15.72356],[136.97459,-15.73756],[136.98077,-15.7405],[136.96968,-15.74908],[136.9824,-15.74954],[136.97877,-15.76196],[136.98939,-15.76061],[136.99263,-15.79212],[137.0163,-15.80557],[137.03451,-15.79711],[137.04406,-15.81722],[137.03986,-15.83551],[137.07497,-15.84613],[137.07288,-15.83438],[137.09773,-15.81203],[137.10625,-15.77398],[137.0785,-15.76066],[137.08037,-15.74971],[137.07345,-15.74584],[137.08305,-15.7479],[137.0778,-15.74327],[137.08551,-15.7129],[137.07759,-15.68376],[137.08121,-15.66434],[137.07608,-15.66163],[137.08168,-15.65576],[137.07305,-15.64943],[137.06312,-15.65269],[137.05989,-15.6413],[137.06514,-15.62684],[137.05838,-15.62831],[137.0607,-15.63497],[137.05452,-15.64039],[137.03203,-15.63394],[137.01993,-15.59486],[137.00887,-15.58672],[137.00082,-15.59022]]],[[[136.21303,-13.66225],[136.1814,-13.67764],[136.19251,-13.67958],[136.18747,-13.69967],[136.17369,-13.70707],[136.1809,-13.71825],[136.17362,-13.7274],[136.18167,-13.73624],[136.17365,-13.7483],[136.14522,-13.74741],[136.13949,-13.73564],[136.12797,-13.73634],[136.12255,-13.72225],[136.11373,-13.73001],[136.1104,-13.76733],[136.11981,-13.78779],[136.10565,-13.81459],[136.12789,-13.83579],[136.16825,-13.83458],[136.16923,-13.82058],[136.15525,-13.8168],[136.15762,-13.79986],[136.14473,-13.78536],[136.15008,-13.77668],[136.18566,-13.76815],[136.19218,-13.77337],[136.18909,-13.79478],[136.21033,-13.81988],[136.19803,-13.85005],[136.20471,-13.85686],[136.23771,-13.84669],[136.24787,-13.85],[136.24468,-13.83842],[136.25464,-13.83206],[136.26,-13.78419],[136.2735,-13.79315],[136.28322,-13.78844],[136.27392,-13.77045],[136.27639,-13.75634],[136.25488,-13.75966],[136.25388,-13.74768],[136.26825,-13.73688],[136.28338,-13.74066],[136.30189,-13.73541],[136.2925,-13.70748],[136.27401,-13.7055],[136.26666,-13.69192],[136.25233,-13.693],[136.25436,-13.67369],[136.21303,-13.66225]]],[[[136.76071,-11.02509],[136.75913,-11.01763],[136.75095,-11.03024],[136.74583,-11.02697],[136.73678,-11.03384],[136.74521,-11.04821],[136.73605,-11.05056],[136.72578,-11.03958],[136.71281,-11.05468],[136.73408,-11.06062],[136.73759,-11.07599],[136.72712,-11.09721],[136.7007,-11.09228],[136.70251,-11.09986],[136.71591,-11.09842],[136.71417,-11.10486],[136.72217,-11.10985],[136.71584,-11.12464],[136.70373,-11.11783],[136.69376,-11.11972],[136.70714,-11.12721],[136.70104,-11.13816],[136.70479,-11.14789],[136.6962,-11.15114],[136.70306,-11.15285],[136.7037,-11.17263],[136.68728,-11.1927],[136.67243,-11.19699],[136.66509,-11.18518],[136.65731,-11.18493],[136.64362,-11.20987],[136.63113,-11.21379],[136.62703,-11.20496],[136.6229,-11.21004],[136.6203,-11.23805],[136.60722,-11.24638],[136.60099,-11.26376],[136.58319,-11.28168],[136.58636,-11.29182],[136.57691,-11.31624],[136.58295,-11.32462],[136.56597,-11.3353],[136.56882,-11.34164],[136.56318,-11.34741],[136.55105,-11.34565],[136.55446,-11.35606],[136.54779,-11.36497],[136.53346,-11.3656],[136.53019,-11.3775],[136.51748,-11.3842],[136.52047,-11.39558],[136.49781,-11.39223],[136.49531,-11.40647],[136.5033,-11.41029],[136.49772,-11.41325],[136.50195,-11.42475],[136.49476,-11.43777],[136.47438,-11.44908],[136.4839,-11.45653],[136.49375,-11.46081],[136.50223,-11.45554],[136.49998,-11.44177],[136.51837,-11.43076],[136.5254,-11.43506],[136.522,-11.44456],[136.53598,-11.44189],[136.54174,-11.43208],[136.53767,-11.42608],[136.55508,-11.41675],[136.56234,-11.39849],[136.58874,-11.38351],[136.59962,-11.34756],[136.61616,-11.32845],[136.62715,-11.3287],[136.62318,-11.3131],[136.62961,-11.30973],[136.62378,-11.30361],[136.63423,-11.29482],[136.6251,-11.28431],[136.63336,-11.27764],[136.64491,-11.28231],[136.6484,-11.26345],[136.65471,-11.25917],[136.66214,-11.26416],[136.67031,-11.24667],[136.68404,-11.24874],[136.66682,-11.22485],[136.6847,-11.21332],[136.695,-11.21883],[136.70647,-11.21117],[136.71166,-11.19469],[136.72002,-11.1938],[136.71468,-11.1765],[136.72253,-11.1485],[136.737,-11.12774],[136.73486,-11.11463],[136.75746,-11.04452],[136.76606,-11.03471],[136.76071,-11.02509]]],[[[124.56933,-15.25058],[124.57165,-15.24583],[124.56501,-15.24584],[124.55188,-15.25716],[124.55173,-15.26441],[124.54177,-15.26463],[124.53713,-15.27277],[124.54186,-15.2801],[124.52759,-15.27301],[124.52248,-15.28284],[124.52235,-15.27493],[124.51165,-15.27754],[124.4948,-15.29222],[124.49518,-15.2999],[124.50237,-15.29634],[124.50437,-15.30433],[124.51657,-15.29878],[124.51588,-15.30398],[124.52343,-15.29392],[124.52065,-15.30556],[124.53555,-15.30362],[124.5152,-15.31359],[124.5139,-15.30681],[124.50297,-15.31168],[124.50552,-15.30738],[124.49837,-15.30768],[124.49994,-15.31953],[124.51709,-15.33381],[124.50952,-15.33213],[124.50545,-15.33801],[124.50026,-15.33659],[124.50492,-15.32672],[124.49075,-15.32105],[124.48425,-15.32548],[124.48281,-15.34018],[124.49729,-15.34801],[124.4921,-15.35823],[124.48162,-15.34565],[124.47322,-15.35502],[124.46111,-15.3553],[124.46078,-15.36801],[124.4669,-15.37289],[124.48379,-15.36156],[124.47915,-15.3769],[124.48429,-15.38061],[124.46554,-15.40306],[124.4758,-15.40504],[124.48639,-15.40319],[124.47937,-15.39825],[124.4835,-15.38547],[124.50306,-15.37717],[124.4981,-15.3697],[124.50411,-15.37282],[124.51237,-15.36523],[124.50401,-15.38073],[124.50718,-15.39756],[124.51614,-15.39269],[124.51542,-15.3806],[124.52777,-15.38646],[124.53522,-15.38317],[124.52217,-15.3789],[124.52857,-15.37505],[124.52796,-15.35736],[124.5373,-15.37594],[124.54508,-15.36],[124.55203,-15.36457],[124.54695,-15.367],[124.54871,-15.37219],[124.55324,-15.36801],[124.54687,-15.38384],[124.55456,-15.38857],[124.56689,-15.38245],[124.56745,-15.37108],[124.57271,-15.37872],[124.59103,-15.36903],[124.58979,-15.38193],[124.55759,-15.39151],[124.56017,-15.40054],[124.53888,-15.41289],[124.54734,-15.42503],[124.54298,-15.42328],[124.54113,-15.43323],[124.54041,-15.42068],[124.53691,-15.41662],[124.53238,-15.4251],[124.52945,-15.41324],[124.51375,-15.42637],[124.52039,-15.4311],[124.51073,-15.43428],[124.51761,-15.44117],[124.52388,-15.43566],[124.52462,-15.44839],[124.56654,-15.44426],[124.60866,-15.42092],[124.61555,-15.42735],[124.62391,-15.41626],[124.65508,-15.39858],[124.62449,-15.39358],[124.6195,-15.38161],[124.62615,-15.37479],[124.605,-15.34183],[124.59,-15.34671],[124.58002,-15.34269],[124.58939,-15.33643],[124.58993,-15.31225],[124.57142,-15.31318],[124.56678,-15.32019],[124.5562,-15.31428],[124.56871,-15.29533],[124.56904,-15.28131],[124.56252,-15.28042],[124.56831,-15.26696],[124.55805,-15.25523],[124.56933,-15.25058]]],[[[125.16984,-14.44685],[125.16534,-14.43994],[125.16272,-14.45641],[125.15115,-14.45275],[125.16045,-14.4712],[125.15201,-14.46743],[125.15579,-14.47626],[125.14816,-14.47159],[125.13585,-14.47606],[125.1166,-14.50262],[125.13163,-14.51217],[125.1326,-14.52911],[125.1422,-14.51587],[125.14202,-14.52294],[125.1498,-14.51959],[125.14664,-14.52567],[125.15313,-14.52706],[125.14964,-14.53395],[125.1486,-14.52805],[125.14384,-14.53018],[125.14411,-14.54616],[125.14148,-14.53886],[125.1344,-14.54517],[125.14116,-14.55011],[125.13908,-14.55748],[125.15157,-14.56578],[125.14288,-14.56416],[125.13407,-14.57673],[125.13882,-14.56414],[125.13215,-14.55169],[125.12006,-14.5574],[125.1194,-14.54836],[125.11278,-14.55127],[125.11084,-14.54539],[125.10742,-14.55678],[125.10029,-14.54398],[125.0961,-14.54622],[125.10249,-14.56838],[125.0942,-14.56729],[125.09916,-14.61116],[125.09475,-14.61284],[125.10098,-14.61942],[125.0926,-14.62593],[125.10175,-14.62924],[125.10807,-14.64282],[125.11412,-14.63856],[125.11266,-14.62794],[125.13014,-14.63739],[125.13633,-14.62838],[125.13506,-14.65197],[125.14583,-14.65642],[125.15257,-14.6551],[125.14755,-14.63588],[125.15497,-14.63659],[125.16734,-14.61982],[125.18085,-14.63444],[125.18894,-14.61313],[125.18525,-14.60996],[125.19758,-14.60188],[125.19978,-14.61289],[125.21426,-14.60725],[125.21041,-14.59144],[125.2078,-14.59718],[125.20285,-14.58925],[125.19608,-14.59026],[125.20856,-14.58307],[125.1973,-14.58347],[125.20429,-14.57616],[125.1996,-14.56248],[125.18716,-14.56954],[125.18047,-14.55969],[125.18422,-14.55113],[125.19452,-14.55636],[125.20105,-14.54781],[125.19772,-14.54],[125.20587,-14.53292],[125.20149,-14.52557],[125.20891,-14.5265],[125.20556,-14.52299],[125.21173,-14.51737],[125.20764,-14.49657],[125.21611,-14.49571],[125.20812,-14.49274],[125.20473,-14.49972],[125.2078,-14.48788],[125.19024,-14.47302],[125.18011,-14.48393],[125.18497,-14.45922],[125.16984,-14.44685]]],[[[136.59693,-15.51769],[136.57866,-15.51086],[136.5702,-15.52914],[136.54223,-15.53459],[136.52534,-15.53093],[136.52567,-15.53838],[136.5119,-15.54342],[136.51048,-15.55042],[136.52209,-15.563],[136.51902,-15.57857],[136.50452,-15.59208],[136.5134,-15.62261],[136.49476,-15.64353],[136.52286,-15.65438],[136.53919,-15.65375],[136.5509,-15.63985],[136.57033,-15.64932],[136.59052,-15.6444],[136.5943,-15.626],[136.60503,-15.62377],[136.59898,-15.62003],[136.60482,-15.61518],[136.59901,-15.61065],[136.59652,-15.58128],[136.60485,-15.56086],[136.61734,-15.55535],[136.61298,-15.52823],[136.59693,-15.51769]]],[[[132.55863,-11.63715],[132.50556,-11.63649],[132.49987,-11.68209],[132.51899,-11.68759],[132.54385,-11.71954],[132.59471,-11.73002],[132.63098,-11.72044],[132.65439,-11.6523],[132.58113,-11.65711],[132.55863,-11.63715]]],[[[136.68035,-15.67387],[136.67162,-15.66391],[136.66494,-15.67847],[136.64221,-15.67378],[136.61529,-15.71325],[136.61556,-15.74578],[136.62811,-15.76343],[136.68174,-15.77823],[136.71393,-15.72635],[136.72461,-15.69678],[136.70455,-15.69674],[136.69688,-15.68351],[136.68184,-15.6846],[136.68035,-15.67387]]],[[[136.16007,-11.69189],[136.17251,-11.69423],[136.20393,-11.66587],[136.21436,-11.67412],[136.21356,-11.65909],[136.22376,-11.65288],[136.23121,-11.65559],[136.23075,-11.66802],[136.26285,-11.66135],[136.2719,-11.62938],[136.25677,-11.63164],[136.27282,-11.61717],[136.28027,-11.62384],[136.28978,-11.62226],[136.29689,-11.64157],[136.31729,-11.61716],[136.32898,-11.61727],[136.33219,-11.62349],[136.33998,-11.60383],[136.35544,-11.59433],[136.36507,-11.59794],[136.37676,-11.58573],[136.36908,-11.58065],[136.37182,-11.56675],[136.36551,-11.55433],[136.36081,-11.54947],[136.35818,-11.56009],[136.34569,-11.56338],[136.34845,-11.57727],[136.33836,-11.57953],[136.34066,-11.58869],[136.33298,-11.58315],[136.32106,-11.58575],[136.30891,-11.57084],[136.29619,-11.57943],[136.29677,-11.59186],[136.31419,-11.59276],[136.31511,-11.60383],[136.2813,-11.60316],[136.28003,-11.58294],[136.27487,-11.57966],[136.27098,-11.58531],[136.26513,-11.57254],[136.23981,-11.60034],[136.24611,-11.61062],[136.24256,-11.62023],[136.22353,-11.61831],[136.23293,-11.62825],[136.23075,-11.64565],[136.21,-11.64181],[136.2076,-11.6565],[136.16954,-11.64101],[136.16816,-11.65649],[136.18088,-11.67513],[136.17928,-11.67999],[136.1638,-11.67852],[136.16007,-11.69189]]],[[[136.77206,-15.64198],[136.73462,-15.64767],[136.74101,-15.67286],[136.73456,-15.6776],[136.73685,-15.69714],[136.72973,-15.70018],[136.74593,-15.70484],[136.75128,-15.71276],[136.74902,-15.71862],[136.73857,-15.71239],[136.72815,-15.73564],[136.72835,-15.75134],[136.73847,-15.76265],[136.7462,-15.7499],[136.76487,-15.7426],[136.77653,-15.74634],[136.79149,-15.72864],[136.80445,-15.7238],[136.79818,-15.70335],[136.78547,-15.70649],[136.77953,-15.70129],[136.78783,-15.68673],[136.80429,-15.68524],[136.80251,-15.69782],[136.81382,-15.70033],[136.82421,-15.68826],[136.83716,-15.68726],[136.82808,-15.67686],[136.8324,-15.67303],[136.8281,-15.66195],[136.79467,-15.64496],[136.78021,-15.64821],[136.77206,-15.64198]]],[[[136.31387,-11.97476],[136.28185,-11.97522],[136.27268,-11.98698],[136.27154,-12.00236],[136.26364,-12.00848],[136.25617,-12.00601],[136.25504,-12.01246],[136.22339,-12.027],[136.21764,-12.03591],[136.19859,-12.01857],[136.20786,-12.00815],[136.20301,-11.99614],[136.19856,-12.00614],[136.18925,-12.00073],[136.19421,-12.01101],[136.18722,-12.01735],[136.19252,-12.02707],[136.18541,-12.02912],[136.17149,-12.0132],[136.17267,-12.02993],[136.15547,-12.04105],[136.14629,-12.03767],[136.14581,-12.02716],[136.13341,-12.02515],[136.13137,-12.03962],[136.14032,-12.03814],[136.13941,-12.04616],[136.14758,-12.05485],[136.15216,-12.04953],[136.16128,-12.05342],[136.15079,-12.05112],[136.13818,-12.06052],[136.11945,-12.05084],[136.11832,-12.06124],[136.12833,-12.07366],[136.16103,-12.06557],[136.17804,-12.07684],[136.19469,-12.07658],[136.20064,-12.06921],[136.19775,-12.06006],[136.27667,-12.03524],[136.28823,-12.02108],[136.30864,-12.01267],[136.31721,-11.9925],[136.31239,-11.98572],[136.30435,-11.99284],[136.31387,-11.97476]]],[[[129.7306,-14.6104],[129.7463,-14.59358],[129.7375,-14.57764],[129.71892,-14.58281],[129.69089,-14.61317],[129.58686,-14.61298],[129.58111,-14.64111],[129.59777,-14.67437],[129.61739,-14.67859],[129.64435,-14.67062],[129.65913,-14.65279],[129.68015,-14.65259],[129.69086,-14.63487],[129.7306,-14.6104]]],[[[136.09607,-13.35726],[136.08819,-13.36389],[136.10931,-13.36522],[136.12704,-13.37456],[136.12687,-13.38924],[136.13343,-13.39311],[136.14176,-13.41913],[136.13041,-13.42846],[136.12863,-13.43907],[136.13597,-13.45254],[136.12176,-13.48219],[136.13213,-13.488],[136.12694,-13.50352],[136.13914,-13.49808],[136.15006,-13.511],[136.13946,-13.53355],[136.12662,-13.54379],[136.13616,-13.54924],[136.1413,-13.56417],[136.14999,-13.55788],[136.14919,-13.525],[136.15511,-13.5187],[136.16502,-13.52393],[136.16773,-13.50982],[136.15625,-13.49125],[136.14915,-13.49531],[136.14357,-13.48714],[136.14213,-13.4703],[136.15103,-13.4683],[136.16551,-13.4853],[136.17077,-13.46849],[136.1813,-13.46356],[136.1942,-13.47253],[136.20592,-13.45473],[136.19519,-13.45333],[136.17712,-13.43756],[136.1804,-13.42628],[136.16185,-13.4174],[136.15051,-13.38465],[136.14079,-13.38642],[136.11522,-13.35757],[136.10609,-13.36171],[136.09607,-13.35726]]],[[[133.40943,-11.58436],[133.3804,-11.61123],[133.34954,-11.6234],[133.36488,-11.64274],[133.35878,-11.66488],[133.37023,-11.68151],[133.39008,-11.67102],[133.39604,-11.67351],[133.40236,-11.65973],[133.3869,-11.64062],[133.38835,-11.63337],[133.39861,-11.63464],[133.41518,-11.6252],[133.4214,-11.64527],[133.42659,-11.62924],[133.44104,-11.6253],[133.44667,-11.61705],[133.4806,-11.62261],[133.47374,-11.59504],[133.46721,-11.5913],[133.44485,-11.59253],[133.44129,-11.59897],[133.44439,-11.59355],[133.43901,-11.58789],[133.40943,-11.58436]]],[[[136.88229,-15.51499],[136.88067,-15.50561],[136.86749,-15.51655],[136.86727,-15.50751],[136.85851,-15.52128],[136.86047,-15.53269],[136.84158,-15.54237],[136.84201,-15.56293],[136.85261,-15.56983],[136.85585,-15.58181],[136.83322,-15.59747],[136.83134,-15.60492],[136.84113,-15.60392],[136.84311,-15.61025],[136.82957,-15.61791],[136.84263,-15.61736],[136.85171,-15.62472],[136.84704,-15.63036],[136.83737,-15.62854],[136.8455,-15.64718],[136.87629,-15.633],[136.88154,-15.63571],[136.87759,-15.62216],[136.88192,-15.61347],[136.87538,-15.61718],[136.86199,-15.60734],[136.86999,-15.60291],[136.8719,-15.6104],[136.88402,-15.60726],[136.88684,-15.59405],[136.89569,-15.59858],[136.90491,-15.59012],[136.8907,-15.5796],[136.88167,-15.54108],[136.87376,-15.53203],[136.88229,-15.51499]]],[[[129.18103,-15.08444],[129.16966,-15.03583],[129.1799,-15.02485],[129.18891,-14.98718],[129.13288,-14.95012],[129.12334,-14.95189],[129.11088,-14.98281],[129.12912,-15.00784],[129.13989,-15.01213],[129.14703,-15.04092],[129.1653,-15.05263],[129.16736,-15.07809],[129.18103,-15.08444]]],[[[129.58437,-14.87806],[129.56999,-14.84757],[129.53382,-14.80681],[129.50133,-14.78922],[129.50025,-14.80323],[129.53326,-14.8493],[129.53647,-14.86904],[129.5479,-14.87853],[129.59881,-14.97116],[129.58684,-14.93162],[129.59384,-14.89826],[129.58437,-14.87806]]],[[[136.03243,-11.64648],[136.02418,-11.63902],[136.00985,-11.64839],[136.01202,-11.65438],[136.00446,-11.65053],[135.96019,-11.67049],[135.95043,-11.68461],[135.95099,-11.69749],[135.98147,-11.71492],[135.99066,-11.70397],[135.99214,-11.71843],[135.99925,-11.71618],[136.05604,-11.65305],[136.04894,-11.64423],[136.03243,-11.64648]]],[[[135.26706,-12.2249],[135.2075,-12.2345],[135.1933,-12.22582],[135.16298,-12.22408],[135.15986,-12.23176],[135.17066,-12.23065],[135.18145,-12.23903],[135.18613,-12.25611],[135.19577,-12.26054],[135.19983,-12.25571],[135.19681,-12.26167],[135.20151,-12.26428],[135.20704,-12.25987],[135.20346,-12.26597],[135.20839,-12.27401],[135.21667,-12.26837],[135.21827,-12.27549],[135.23092,-12.27133],[135.21804,-12.27662],[135.21702,-12.27006],[135.21092,-12.27616],[135.22342,-12.28952],[135.25756,-12.27882],[135.26735,-12.263],[135.26706,-12.2249]]],[[[124.44434,-15.25664],[124.44105,-15.24977],[124.43665,-15.25645],[124.42455,-15.25752],[124.39968,-15.2895],[124.39092,-15.28479],[124.37956,-15.29444],[124.37813,-15.28608],[124.36929,-15.28838],[124.36348,-15.29995],[124.36705,-15.30838],[124.35947,-15.30604],[124.35941,-15.29113],[124.35,-15.29569],[124.34284,-15.30984],[124.35256,-15.32223],[124.37378,-15.32937],[124.38364,-15.32031],[124.39186,-15.33247],[124.39843,-15.32282],[124.39755,-15.30713],[124.40281,-15.31287],[124.41467,-15.29306],[124.41377,-15.303],[124.42747,-15.30559],[124.42052,-15.31561],[124.4433,-15.30658],[124.4324,-15.31635],[124.4351,-15.32142],[124.46143,-15.30209],[124.45768,-15.29578],[124.44937,-15.30319],[124.44918,-15.29503],[124.44186,-15.29823],[124.44985,-15.2904],[124.44214,-15.27222],[124.45282,-15.27897],[124.45716,-15.26966],[124.44434,-15.25664]]],[[[136.51478,-13.70023],[136.50866,-13.69984],[136.51803,-13.70998],[136.51459,-13.71854],[136.50116,-13.72053],[136.49518,-13.71336],[136.47159,-13.72008],[136.46634,-13.73893],[136.47279,-13.75036],[136.4904,-13.75922],[136.49814,-13.78204],[136.51953,-13.79271],[136.54171,-13.7718],[136.53172,-13.75226],[136.53856,-13.73888],[136.52829,-13.71324],[136.53093,-13.70344],[136.51478,-13.70023]]],[[[134.86617,-12.04884],[134.85393,-12.04093],[134.84696,-12.04427],[134.86615,-12.07066],[134.86375,-12.10901],[134.87497,-12.11773],[134.86814,-12.12435],[134.90193,-12.13884],[134.91434,-12.12742],[134.91163,-12.12033],[134.91985,-12.11516],[134.92927,-12.09065],[134.91068,-12.0681],[134.8803,-12.06137],[134.86617,-12.04884]]],[[[125.16846,-15.0255],[125.16658,-15.02054],[125.15638,-15.02611],[125.15659,-15.04825],[125.14714,-15.03982],[125.14414,-15.04536],[125.15166,-15.06364],[125.16074,-15.06722],[125.16442,-15.08279],[125.17486,-15.07891],[125.16989,-15.0848],[125.17529,-15.09767],[125.16484,-15.09928],[125.16828,-15.11497],[125.18727,-15.12337],[125.2166,-15.1054],[125.21285,-15.09841],[125.21869,-15.1046],[125.22884,-15.09958],[125.21657,-15.09783],[125.22985,-15.08427],[125.23085,-15.07066],[125.22734,-15.06514],[125.20338,-15.06298],[125.2022,-15.05767],[125.1913,-15.06359],[125.18848,-15.05784],[125.18423,-15.06814],[125.17649,-15.06625],[125.17844,-15.04817],[125.1735,-15.03474],[125.16383,-15.02947],[125.16846,-15.0255]]],[[[132.40578,-12.07897],[132.37423,-12.07383],[132.3609,-12.08306],[132.33737,-12.08256],[132.33643,-12.09351],[132.36604,-12.11759],[132.36644,-12.12395],[132.39888,-12.14152],[132.41393,-12.13534],[132.422,-12.12056],[132.40578,-12.07897]]],[[[133.48001,-11.48644],[133.46661,-11.46428],[133.42155,-11.49115],[133.39004,-11.48841],[133.4016,-11.50616],[133.38494,-11.5466],[133.40295,-11.5291],[133.41648,-11.52674],[133.43449,-11.50596],[133.45362,-11.51547],[133.49237,-11.51843],[133.49306,-11.50555],[133.48161,-11.49616],[133.48001,-11.48644]]],[[[124.93009,-14.94618],[124.92659,-14.92663],[124.9172,-14.9224],[124.9171,-14.94137],[124.93008,-14.94833],[124.92227,-14.95405],[124.92152,-14.96728],[124.8981,-14.97482],[124.8977,-14.96183],[124.89002,-14.9654],[124.88935,-14.95941],[124.87915,-14.97562],[124.88518,-14.97848],[124.87677,-14.98634],[124.88334,-14.99687],[124.87841,-15.00465],[124.8914,-14.98788],[124.89403,-14.99636],[124.90143,-14.98319],[124.92109,-14.98056],[124.91209,-14.989],[124.91379,-14.99613],[124.90578,-14.99428],[124.89771,-15.00527],[124.9205,-15.00894],[124.91101,-15.02128],[124.92641,-15.03807],[124.93185,-15.03275],[124.9414,-15.03814],[124.9397,-15.04922],[124.9594,-15.03074],[124.94847,-15.02742],[124.94541,-15.01892],[124.95873,-15.00623],[124.94837,-15.0014],[124.93924,-15.01554],[124.93896,-15.00256],[124.93026,-15.00767],[124.94277,-14.98859],[124.93632,-14.97795],[124.94614,-14.96546],[124.93501,-14.96111],[124.9383,-14.94793],[124.93009,-14.94618]]],[[[136.47155,-11.48388],[136.47291,-11.46671],[136.4563,-11.47372],[136.44658,-11.49429],[136.4302,-11.49091],[136.43066,-11.49939],[136.41567,-11.5186],[136.40239,-11.52731],[136.4009,-11.52177],[136.38612,-11.5254],[136.38121,-11.55037],[136.36653,-11.53467],[136.36298,-11.54021],[136.37422,-11.56562],[136.39255,-11.55443],[136.40424,-11.55465],[136.40905,-11.54391],[136.42714,-11.5465],[136.42588,-11.53667],[136.44902,-11.53191],[136.45153,-11.51914],[136.46389,-11.50998],[136.46171,-11.49857],[136.47155,-11.48388]]],[[[135.72938,-14.83576],[135.70953,-14.85194],[135.72101,-14.86041],[135.7169,-14.88214],[135.69005,-14.89888],[135.68959,-14.90612],[135.69819,-14.90498],[135.70797,-14.91289],[135.73212,-14.89217],[135.73887,-14.89884],[135.75316,-14.89588],[135.7641,-14.90175],[135.76817,-14.87517],[135.75933,-14.84763],[135.74751,-14.83653],[135.72938,-14.83576]]],[[[129.49345,-14.0499],[129.47746,-14.04998],[129.48647,-14.05836],[129.48631,-14.07848],[129.49951,-14.07897],[129.50246,-14.10203],[129.5079,-14.10363],[129.50153,-14.10531],[129.49964,-14.11932],[129.51098,-14.12488],[129.51073,-14.132],[129.52765,-14.13001],[129.53222,-14.1064],[129.54222,-14.09116],[129.53506,-14.08143],[129.53697,-14.06029],[129.52506,-14.05235],[129.52887,-14.05519],[129.52318,-14.06377],[129.50683,-14.06893],[129.49345,-14.0499]]],[[[124.81842,-15.23642],[124.80886,-15.22978],[124.79972,-15.26013],[124.79232,-15.2627],[124.79596,-15.27535],[124.79077,-15.28734],[124.81177,-15.30615],[124.81229,-15.28954],[124.81917,-15.2919],[124.82614,-15.28781],[124.82206,-15.28545],[124.83811,-15.28134],[124.83407,-15.27251],[124.84217,-15.28009],[124.85041,-15.27092],[124.84794,-15.26256],[124.85365,-15.26481],[124.85734,-15.25621],[124.83634,-15.23773],[124.83041,-15.23764],[124.83416,-15.24723],[124.81842,-15.23642]]],[[[130.51688,-12.58051],[130.52286,-12.57576],[130.51733,-12.55757],[130.50814,-12.57418],[130.48478,-12.58034],[130.49493,-12.59638],[130.48667,-12.62363],[130.49924,-12.64544],[130.52407,-12.66175],[130.52432,-12.70005],[130.54102,-12.70965],[130.54227,-12.68117],[130.52982,-12.65903],[130.51785,-12.65056],[130.51104,-12.61701],[130.50298,-12.61023],[130.5101,-12.59068],[130.52115,-12.59],[130.51688,-12.58051]]],[[[126.52524,-13.86805],[126.50489,-13.86908],[126.50398,-13.8928],[126.51382,-13.90669],[126.52735,-13.90137],[126.53614,-13.90757],[126.5455,-13.89356],[126.56042,-13.89592],[126.56388,-13.89129],[126.56817,-13.89659],[126.55962,-13.90315],[126.59373,-13.89837],[126.60739,-13.91327],[126.61779,-13.90806],[126.61131,-13.90095],[126.61927,-13.89055],[126.60193,-13.8917],[126.59939,-13.89724],[126.58804,-13.88595],[126.57544,-13.88732],[126.54709,-13.87187],[126.52732,-13.87392],[126.52524,-13.86805]]],[[[129.63422,-14.86827],[129.62615,-14.83401],[129.58287,-14.79957],[129.5745,-14.80079],[129.58767,-14.84207],[129.61563,-14.8671],[129.61804,-14.88157],[129.63059,-14.88521],[129.63422,-14.86827]]],[[[126.01306,-14.3067],[126.00425,-14.30276],[126.0085,-14.28073],[125.98659,-14.28928],[125.99237,-14.30204],[125.98506,-14.31331],[125.99814,-14.32574],[125.99361,-14.33691],[126.02216,-14.35333],[126.02339,-14.32847],[126.04101,-14.33793],[126.04678,-14.32798],[126.04155,-14.31523],[126.02347,-14.30046],[126.01306,-14.3067]]],[[[134.96083,-12.01811],[134.94118,-12.01569],[134.91196,-12.02185],[134.90824,-12.02889],[134.93284,-12.04426],[134.94058,-12.06138],[134.96048,-12.06458],[134.95887,-12.05306],[134.99062,-12.03523],[134.97404,-12.03053],[134.96083,-12.01811]]],[[[136.62308,-11.74397],[136.62756,-11.74116],[136.61495,-11.73774],[136.60964,-11.75128],[136.60518,-11.74517],[136.58752,-11.7441],[136.58819,-11.75021],[136.57866,-11.75504],[136.58726,-11.75631],[136.58769,-11.76456],[136.56511,-11.76076],[136.57209,-11.76496],[136.56738,-11.77026],[136.57211,-11.77866],[136.55763,-11.76741],[136.55909,-11.78097],[136.54516,-11.78089],[136.54684,-11.77167],[136.5387,-11.77007],[136.53379,-11.76022],[136.53432,-11.77661],[136.51572,-11.78684],[136.51153,-11.80491],[136.58592,-11.78523],[136.58676,-11.76975],[136.62308,-11.74397]]],[[[123.70655,-16.10588],[123.70176,-16.10641],[123.70744,-16.11188],[123.68288,-16.11202],[123.70539,-16.11899],[123.70917,-16.11393],[123.70935,-16.12004],[123.73673,-16.13213],[123.76609,-16.15858],[123.76683,-16.15441],[123.77658,-16.16027],[123.75916,-16.14903],[123.77804,-16.1424],[123.77448,-16.14814],[123.78902,-16.15984],[123.78278,-16.14865],[123.7974,-16.14752],[123.78443,-16.13227],[123.79078,-16.12814],[123.78532,-16.12346],[123.79178,-16.12058],[123.78868,-16.11366],[123.77758,-16.11255],[123.78162,-16.11801],[123.77688,-16.12566],[123.7363,-16.11381],[123.73206,-16.11785],[123.72729,-16.11532],[123.73199,-16.11242],[123.70655,-16.10588]]],[[[129.25373,-14.91135],[129.2629,-14.85012],[129.22842,-14.83938],[129.22173,-14.85541],[129.23412,-14.90089],[129.24275,-14.91157],[129.25373,-14.91135]]],[[[135.08272,-11.91606],[135.05285,-11.92238],[135.04704,-11.94066],[135.05548,-11.95415],[135.08098,-11.94939],[135.08893,-11.94117],[135.10752,-11.94226],[135.12261,-11.92853],[135.08272,-11.91606]]],[[[124.59667,-15.9109],[124.59198,-15.90593],[124.58054,-15.91723],[124.58137,-15.91126],[124.57343,-15.91071],[124.57076,-15.91738],[124.57614,-15.92054],[124.54558,-15.93686],[124.53201,-15.96657],[124.53795,-15.96184],[124.54132,-15.96726],[124.55732,-15.96498],[124.56197,-15.95531],[124.57574,-15.9541],[124.57766,-15.94875],[124.58508,-15.9525],[124.59667,-15.9109]]],[[[123.4573,-16.20896],[123.44646,-16.22785],[123.47977,-16.2441],[123.4787,-16.25765],[123.48908,-16.27244],[123.48306,-16.27827],[123.48978,-16.28477],[123.49751,-16.28484],[123.50662,-16.2743],[123.50576,-16.26638],[123.49132,-16.25912],[123.49703,-16.24968],[123.53166,-16.25976],[123.52125,-16.24956],[123.49066,-16.24329],[123.48887,-16.23389],[123.47806,-16.2269],[123.48768,-16.22439],[123.47382,-16.22015],[123.479,-16.21436],[123.4573,-16.20896]]],[[[125.73154,-14.40808],[125.72249,-14.41484],[125.72281,-14.42793],[125.7293,-14.4276],[125.72151,-14.44102],[125.72717,-14.44983],[125.71812,-14.45377],[125.71602,-14.46336],[125.72027,-14.4795],[125.75008,-14.46681],[125.75508,-14.45982],[125.75033,-14.45552],[125.75695,-14.45102],[125.75383,-14.44537],[125.74906,-14.45202],[125.73879,-14.4292],[125.75399,-14.42235],[125.75411,-14.41648],[125.73154,-14.40808]]],[[[136.49941,-11.79871],[136.49695,-11.79398],[136.49145,-11.80257],[136.47746,-11.80123],[136.47989,-11.81908],[136.46454,-11.84169],[136.47085,-11.84145],[136.47396,-11.85885],[136.46055,-11.86654],[136.46973,-11.87648],[136.4579,-11.88984],[136.46838,-11.89693],[136.46414,-11.90405],[136.47916,-11.89873],[136.48626,-11.88414],[136.47796,-11.84664],[136.49984,-11.81849],[136.49124,-11.81681],[136.49941,-11.79871]]],[[[130.02906,-13.15164],[130.02085,-13.1407],[130.02473,-13.11978],[130.01849,-13.1112],[130.02045,-13.1798],[130.07376,-13.17867],[130.07339,-13.16725],[130.05767,-13.15203],[130.02906,-13.15164]]],[[[132.14044,-11.62157],[132.14935,-11.60626],[132.13844,-11.59017],[132.135,-11.56892],[132.1238,-11.56401],[132.11366,-11.57592],[132.12091,-11.59007],[132.10976,-11.617],[132.11339,-11.62379],[132.13399,-11.62718],[132.14044,-11.62157]]],[[[136.82319,-12.12562],[136.82398,-12.07277],[136.79708,-12.08876],[136.80132,-12.09532],[136.79625,-12.10604],[136.80067,-12.13292],[136.80194,-12.12739],[136.81432,-12.14107],[136.82534,-12.13827],[136.82319,-12.12562]]],[[[125.53807,-14.44431],[125.52978,-14.42261],[125.51141,-14.44446],[125.51731,-14.4499],[125.51127,-14.45496],[125.5166,-14.45407],[125.52351,-14.4673],[125.52346,-14.48502],[125.55926,-14.49426],[125.56264,-14.48626],[125.5564,-14.47935],[125.5381,-14.47456],[125.54429,-14.45584],[125.53029,-14.44756],[125.53807,-14.44431]]],[[[125.03378,-15.32277],[125.02143,-15.32146],[124.99317,-15.35635],[124.99018,-15.36653],[124.99546,-15.37578],[125.01385,-15.37526],[125.01941,-15.3696],[125.03636,-15.32875],[125.03378,-15.32277]]],[[[136.83654,-15.56032],[136.83398,-15.55546],[136.80507,-15.56287],[136.79307,-15.56002],[136.77358,-15.57862],[136.78161,-15.58237],[136.79585,-15.57302],[136.80329,-15.58297],[136.83569,-15.58483],[136.84059,-15.5802],[136.83723,-15.56676],[136.82767,-15.56991],[136.83654,-15.56032]]],[[[123.18761,-16.38716],[123.16756,-16.38967],[123.17885,-16.40606],[123.16612,-16.42312],[123.17382,-16.43304],[123.18383,-16.42126],[123.18534,-16.43247],[123.19248,-16.43277],[123.19262,-16.42102],[123.20923,-16.40141],[123.21144,-16.39273],[123.20588,-16.38713],[123.19113,-16.39704],[123.19215,-16.3897],[123.1843,-16.38996],[123.18761,-16.38716]]],[[[124.28046,-15.2859],[124.27543,-15.27971],[124.23254,-15.29749],[124.2318,-15.31873],[124.2417,-15.31971],[124.25686,-15.30168],[124.26145,-15.30812],[124.26579,-15.30494],[124.26321,-15.31071],[124.27196,-15.30394],[124.28079,-15.31155],[124.28693,-15.3026],[124.28046,-15.2859]]],[[[132.86796,-11.14416],[132.86328,-11.13952],[132.85685,-11.14752],[132.87194,-11.15603],[132.87568,-11.1696],[132.90385,-11.16097],[132.90424,-11.15009],[132.90534,-11.1612],[132.91974,-11.16914],[132.91405,-11.15873],[132.9173,-11.13987],[132.86796,-11.14416]]],[[[125.96664,-14.33158],[125.95935,-14.3222],[125.95263,-14.3266],[125.95819,-14.33565],[125.94359,-14.3355],[125.94902,-14.34566],[125.94415,-14.35672],[125.93476,-14.36088],[125.94298,-14.36586],[125.92351,-14.37543],[125.93312,-14.37724],[125.9374,-14.38752],[125.94736,-14.3864],[125.95652,-14.37422],[125.96013,-14.35098],[125.97044,-14.34794],[125.96664,-14.33158]]],[[[123.52273,-16.60916],[123.51286,-16.61122],[123.50231,-16.62356],[123.50821,-16.63141],[123.48917,-16.61549],[123.45653,-16.61715],[123.48052,-16.63376],[123.50953,-16.64047],[123.52681,-16.62423],[123.53117,-16.60935],[123.52273,-16.60916]]],[[[125.24738,-14.61907],[125.24381,-14.61437],[125.2321,-14.62309],[125.23497,-14.63113],[125.23007,-14.62583],[125.22554,-14.64084],[125.21797,-14.63669],[125.21886,-14.64385],[125.21167,-14.64258],[125.20433,-14.65226],[125.21427,-14.65953],[125.22832,-14.65846],[125.23608,-14.63282],[125.24795,-14.653],[125.25656,-14.64547],[125.267,-14.64618],[125.24738,-14.61907]]],[[[123.35368,-16.53072],[123.34814,-16.54491],[123.35953,-16.57724],[123.38796,-16.60464],[123.39021,-16.57956],[123.36467,-16.55603],[123.35674,-16.54092],[123.3586,-16.53099],[123.35368,-16.53072]]],[[[131.05275,-12.0308],[131.02337,-12.03618],[131.00194,-12.05237],[131.03249,-12.0583],[131.05268,-12.05227],[131.06289,-12.04682],[131.05886,-12.0431],[131.06482,-12.03756],[131.05275,-12.0308]]],[[[136.40995,-11.85755],[136.40364,-11.8606],[136.40973,-11.86353],[136.40974,-11.87845],[136.39643,-11.878],[136.3985,-11.88975],[136.368,-11.90401],[136.38601,-11.90659],[136.40459,-11.90218],[136.40241,-11.89698],[136.40883,-11.89359],[136.43155,-11.89425],[136.42671,-11.86623],[136.41857,-11.87403],[136.40995,-11.85755]]],[[[124.19175,-15.91749],[124.19279,-15.93375],[124.18531,-15.92456],[124.20105,-15.96501],[124.23389,-15.97122],[124.23312,-15.9527],[124.21128,-15.95436],[124.2049,-15.92351],[124.20044,-15.92001],[124.20123,-15.92632],[124.19175,-15.91749]]],[[[131.11645,-12.07325],[131.1271,-12.0626],[131.1249,-12.05572],[131.09436,-12.05353],[131.06179,-12.06942],[131.08638,-12.07592],[131.11645,-12.07325]]],[[[136.12599,-12.17439],[136.12161,-12.16795],[136.11784,-12.17655],[136.10567,-12.18064],[136.10846,-12.19782],[136.15577,-12.19106],[136.1478,-12.17129],[136.12599,-12.17439]]],[[[127.86834,-14.46153],[127.87496,-14.45886],[127.8731,-14.43862],[127.86328,-14.43043],[127.85433,-14.43456],[127.85227,-14.45105],[127.83867,-14.45652],[127.84969,-14.47929],[127.86834,-14.46153]]],[[[136.37294,-13.82689],[136.36709,-13.81152],[136.35472,-13.81024],[136.33584,-13.83423],[136.33543,-13.84373],[136.36886,-13.84179],[136.37294,-13.82689]]],[[[136.59925,-15.73783],[136.60924,-15.70905],[136.58681,-15.72278],[136.58245,-15.73932],[136.57393,-15.74025],[136.57274,-15.74781],[136.58009,-15.74862],[136.58263,-15.75778],[136.59827,-15.75534],[136.60657,-15.74689],[136.59925,-15.73783]]],[[[124.98158,-15.06499],[124.98494,-15.05552],[124.97675,-15.04052],[124.97001,-15.04099],[124.95593,-15.07064],[124.9622,-15.067],[124.96469,-15.08213],[124.9546,-15.08804],[124.95231,-15.09855],[124.97122,-15.08686],[124.98158,-15.06499]]],[[[126.39409,-14.00917],[126.40296,-13.9876],[126.37646,-13.97462],[126.36247,-13.98264],[126.38427,-14.01146],[126.39409,-14.00917]]],[[[124.2243,-16.34715],[124.22203,-16.35516],[124.21607,-16.35433],[124.2234,-16.38093],[124.23966,-16.4025],[124.24811,-16.40309],[124.25943,-16.38498],[124.24741,-16.37881],[124.24512,-16.38908],[124.23442,-16.37783],[124.2389,-16.37243],[124.2241,-16.36161],[124.23126,-16.35736],[124.2243,-16.34715]]],[[[129.72612,-14.81159],[129.73207,-14.80638],[129.72917,-14.80185],[129.70142,-14.78915],[129.67075,-14.78436],[129.69813,-14.80949],[129.72612,-14.81159]]],[[[135.98561,-11.84894],[135.9421,-11.87963],[135.94598,-11.90461],[135.95688,-11.89897],[135.96183,-11.87976],[135.96769,-11.87977],[135.98067,-11.85662],[135.99272,-11.85199],[135.98561,-11.84894]]],[[[123.87823,-16.23592],[123.88552,-16.24607],[123.86078,-16.23843],[123.89714,-16.257],[123.90042,-16.27184],[123.91201,-16.27067],[123.90577,-16.27639],[123.92538,-16.28207],[123.94004,-16.27822],[123.87823,-16.23592]]],[[[123.54473,-16.0689],[123.54317,-16.06097],[123.52551,-16.06138],[123.52528,-16.08579],[123.53851,-16.09575],[123.53543,-16.08758],[123.54031,-16.09102],[123.54387,-16.0854],[123.55242,-16.09598],[123.54725,-16.09944],[123.55321,-16.09893],[123.55699,-16.09569],[123.54955,-16.07821],[123.56405,-16.07811],[123.54473,-16.0689]]],[[[133.00622,-11.08425],[133.01678,-11.06755],[132.97793,-11.04352],[132.9934,-11.0866],[133.00622,-11.08425]]],[[[134.84675,-12.00956],[134.83559,-12.00706],[134.82688,-12.02116],[134.82935,-12.02792],[134.85114,-12.03767],[134.86537,-12.02409],[134.86,-12.01464],[134.84675,-12.00956]]],[[[135.97664,-11.73412],[135.95497,-11.73218],[135.95244,-11.74213],[135.9412,-11.74098],[135.94003,-11.76392],[135.96056,-11.76021],[135.96815,-11.7453],[135.97686,-11.74147],[135.97664,-11.73412]]],[[[125.45277,-14.48098],[125.44454,-14.48129],[125.44948,-14.4944],[125.4696,-14.5106],[125.48259,-14.5103],[125.49027,-14.49859],[125.49711,-14.49973],[125.49504,-14.49375],[125.49549,-14.4995],[125.48507,-14.49439],[125.48845,-14.48898],[125.48114,-14.49156],[125.48406,-14.4848],[125.4744,-14.49741],[125.45277,-14.48098]]],[[[124.10061,-16.09674],[124.06913,-16.08144],[124.0765,-16.09385],[124.05927,-16.10755],[124.07695,-16.10394],[124.0632,-16.11402],[124.06586,-16.11913],[124.07205,-16.11996],[124.07807,-16.11073],[124.07803,-16.1166],[124.08587,-16.11677],[124.08745,-16.09917],[124.09372,-16.10176],[124.09441,-16.1149],[124.10061,-16.09674]]],[[[124.46372,-15.89772],[124.46074,-15.90812],[124.45292,-15.90782],[124.45438,-15.91979],[124.46024,-15.91862],[124.45085,-15.93867],[124.45433,-15.95571],[124.44899,-15.98465],[124.45606,-15.97524],[124.45549,-15.95548],[124.46882,-15.9361],[124.46999,-15.91418],[124.4648,-15.91748],[124.46372,-15.89772]]],[[[124.36935,-15.38056],[124.36684,-15.36634],[124.35284,-15.36075],[124.338,-15.37572],[124.37223,-15.39896],[124.36672,-15.39175],[124.37487,-15.39082],[124.36344,-15.3868],[124.36935,-15.38056]]],[[[136.03907,-12.10841],[136.04755,-12.1015],[136.03147,-12.09372],[136.02609,-12.10356],[136.02881,-12.15963],[136.03256,-12.13566],[136.04128,-12.12819],[136.03907,-12.10841]]],[[[132.32215,-11.57583],[132.30158,-11.56512],[132.29553,-11.5844],[132.29904,-11.59312],[132.3178,-11.59874],[132.32215,-11.57583]]],[[[128.47293,-14.91353],[128.46485,-14.89633],[128.44548,-14.87989],[128.44832,-14.90419],[128.4672,-14.92832],[128.47293,-14.91353]]],[[[129.60944,-14.94688],[129.61719,-14.90146],[129.60408,-14.88697],[129.60109,-14.93466],[129.60944,-14.94688]]],[[[123.54961,-17.28968],[123.55207,-17.24244],[123.54365,-17.23257],[123.53855,-17.24046],[123.54003,-17.27517],[123.54267,-17.28772],[123.54961,-17.28968]]],[[[124.34711,-15.32778],[124.34765,-15.31908],[124.34041,-15.31391],[124.3365,-15.3259],[124.30354,-15.35179],[124.31814,-15.35687],[124.3282,-15.34392],[124.33542,-15.34523],[124.33956,-15.33233],[124.35004,-15.3315],[124.34711,-15.32778]]],[[[130.37725,-12.6168],[130.36492,-12.62497],[130.3685,-12.64204],[130.38645,-12.64305],[130.39645,-12.62654],[130.37725,-12.6168]]],[[[126.19467,-13.93595],[126.1897,-13.92737],[126.1742,-13.93266],[126.15591,-13.96054],[126.16459,-13.96359],[126.19467,-13.93595]]],[[[136.10765,-13.46056],[136.08644,-13.45234],[136.0822,-13.44362],[136.07476,-13.48257],[136.08042,-13.4827],[136.08266,-13.47198],[136.1068,-13.47129],[136.10765,-13.46056]]],[[[126.0215,-14.22524],[125.99346,-14.2437],[126.00649,-14.24933],[126.01215,-14.24344],[126.03634,-14.24238],[126.04304,-14.23424],[126.0215,-14.22524]]],[[[136.1412,-11.7201],[136.15543,-11.69626],[136.13915,-11.68202],[136.14064,-11.69761],[136.12527,-11.71116],[136.13088,-11.72529],[136.1412,-11.7201]]],[[[131.04172,-12.12538],[131.04823,-12.11215],[131.03535,-12.09971],[131.01299,-12.11629],[131.01381,-12.12217],[131.04172,-12.12538]]],[[[136.81934,-15.60445],[136.81317,-15.59609],[136.79375,-15.59063],[136.77725,-15.60698],[136.79007,-15.60881],[136.79134,-15.61536],[136.81934,-15.60445]]],[[[135.24961,-12.29905],[135.26029,-12.29884],[135.26123,-12.28335],[135.21951,-12.29381],[135.23902,-12.30797],[135.24961,-12.29905]]],[[[124.11491,-16.23235],[124.11346,-16.24025],[124.10213,-16.23713],[124.105,-16.24608],[124.09759,-16.25112],[124.10457,-16.25749],[124.11276,-16.25686],[124.11,-16.24995],[124.14392,-16.25174],[124.13145,-16.24409],[124.13756,-16.24029],[124.12343,-16.23545],[124.11895,-16.2413],[124.11937,-16.23136],[124.11491,-16.23235]]],[[[123.52474,-16.01977],[123.51621,-16.01958],[123.51708,-16.02682],[123.50842,-16.02431],[123.53018,-16.05045],[123.53856,-16.05392],[123.54272,-16.04627],[123.55124,-16.04759],[123.54488,-16.04041],[123.54041,-16.0441],[123.54235,-16.03677],[123.5366,-16.03876],[123.53353,-16.03002],[123.52705,-16.03505],[123.52199,-16.02687],[123.52938,-16.02366],[123.52474,-16.01977]]],[[[123.83384,-16.22805],[123.83106,-16.22368],[123.83132,-16.23504],[123.82261,-16.22752],[123.82766,-16.23976],[123.81512,-16.24193],[123.8099,-16.23669],[123.81529,-16.2495],[123.80457,-16.244],[123.81096,-16.2497],[123.81188,-16.26643],[123.81483,-16.26307],[123.81865,-16.2692],[123.82327,-16.26109],[123.81947,-16.25394],[123.82646,-16.25739],[123.82595,-16.24812],[123.83134,-16.24725],[123.83036,-16.25256],[123.83543,-16.24751],[123.83384,-16.22805]]],[[[128.29909,-14.73555],[128.29468,-14.73553],[128.29708,-14.74571],[128.30846,-14.74598],[128.30171,-14.75149],[128.30644,-14.76032],[128.32701,-14.75599],[128.33396,-14.76019],[128.32275,-14.74332],[128.31682,-14.74578],[128.30931,-14.7357],[128.29909,-14.73555]]],[[[124.99534,-14.49718],[124.99042,-14.48451],[124.99,-14.49862],[124.98502,-14.4977],[124.98357,-14.50751],[124.97674,-14.50703],[124.98439,-14.52807],[124.98432,-14.52016],[124.9917,-14.52901],[124.99976,-14.51753],[124.99534,-14.49718]]],[[[132.67636,-11.194],[132.68198,-11.18826],[132.66357,-11.18583],[132.64278,-11.20948],[132.6604,-11.21112],[132.67636,-11.194]]],[[[135.61703,-14.5127],[135.63036,-14.49618],[135.62757,-14.49019],[135.60239,-14.49111],[135.60798,-14.51632],[135.61703,-14.5127]]],[[[134.81287,-12.02095],[134.80316,-12.01289],[134.79802,-12.01678],[134.79817,-12.03306],[134.83079,-12.04622],[134.81287,-12.02095]]],[[[136.97951,-15.86009],[136.98185,-15.85354],[136.97228,-15.85252],[136.96714,-15.86832],[136.98941,-15.88765],[136.99701,-15.87919],[136.98732,-15.87512],[136.98663,-15.86371],[136.97951,-15.86009]]],[[[124.62586,-16.34372],[124.60002,-16.34137],[124.56492,-16.34418],[124.58092,-16.3491],[124.65011,-16.35029],[124.62586,-16.34372]]],[[[126.31481,-13.96186],[126.32106,-13.94209],[126.30961,-13.92719],[126.29978,-13.96761],[126.31481,-13.96186]]],[[[124.71742,-16.37],[124.70897,-16.36],[124.69655,-16.36958],[124.67947,-16.36862],[124.6888,-16.37723],[124.71148,-16.38103],[124.72073,-16.37823],[124.71742,-16.37]]],[[[136.24926,-13.44054],[136.24639,-13.43556],[136.23875,-13.44265],[136.24434,-13.46187],[136.2536,-13.45379],[136.26845,-13.46692],[136.26964,-13.45428],[136.24926,-13.44054]]],[[[130.41852,-12.59181],[130.43439,-12.57982],[130.42068,-12.56355],[130.40539,-12.57385],[130.41852,-12.59181]]],[[[124.98462,-14.39685],[124.97345,-14.38347],[124.95933,-14.40169],[124.97326,-14.39758],[124.97237,-14.41158],[124.98332,-14.42429],[124.98462,-14.39685]]],[[[130.10566,-13.20493],[130.10195,-13.19398],[130.09352,-13.19207],[130.08444,-13.20859],[130.10778,-13.22403],[130.10566,-13.20493]]],[[[136.61765,-15.74985],[136.60872,-15.72871],[136.59971,-15.74009],[136.60821,-15.7461],[136.60049,-15.75218],[136.60396,-15.76563],[136.61656,-15.76408],[136.61765,-15.74985]]],[[[136.66876,-15.59467],[136.67272,-15.59287],[136.65477,-15.59362],[136.64646,-15.60614],[136.67956,-15.61085],[136.68016,-15.6017],[136.66876,-15.59467]]],[[[124.07922,-16.13164],[124.08438,-16.14626],[124.07194,-16.13578],[124.07375,-16.14449],[124.06638,-16.1449],[124.06528,-16.15235],[124.09853,-16.16296],[124.08972,-16.15194],[124.09458,-16.14214],[124.08836,-16.14504],[124.07922,-16.13164]]],[[[136.66811,-13.65454],[136.66196,-13.65697],[136.66872,-13.66381],[136.65967,-13.67966],[136.66598,-13.68469],[136.67686,-13.67807],[136.68263,-13.65878],[136.66811,-13.65454]]],[[[123.35085,-16.35332],[123.34935,-16.33974],[123.33467,-16.33282],[123.33965,-16.33807],[123.33157,-16.3381],[123.33592,-16.35872],[123.3574,-16.36141],[123.35085,-16.35332]]],[[[134.99997,-12.0897],[134.99787,-12.07225],[134.97725,-12.06498],[134.98959,-12.09381],[135.0026,-12.09306],[134.99997,-12.0897]]],[[[136.10427,-11.74833],[136.0998,-11.7411],[136.07766,-11.75273],[136.07467,-11.77125],[136.08132,-11.77216],[136.09223,-11.75443],[136.10427,-11.74833]]],[[[124.98348,-15.34983],[124.98427,-15.34305],[124.97646,-15.3398],[124.95241,-15.3531],[124.95083,-15.36429],[124.98348,-15.34983]]],[[[131.2058,-11.33915],[131.21016,-11.31466],[131.20194,-11.31055],[131.18843,-11.33432],[131.2058,-11.33915]]],[[[123.86063,-16.25674],[123.85739,-16.25321],[123.86597,-16.27746],[123.88378,-16.28946],[123.88321,-16.27329],[123.86063,-16.25674]]],[[[136.24542,-13.58421],[136.23308,-13.57841],[136.23637,-13.5948],[136.21953,-13.58773],[136.22517,-13.60064],[136.23623,-13.60304],[136.24698,-13.59991],[136.24542,-13.58421]]],[[[123.40107,-16.11313],[123.39575,-16.10754],[123.40045,-16.11674],[123.38989,-16.11947],[123.39535,-16.12392],[123.38933,-16.12907],[123.40026,-16.13449],[123.40806,-16.12642],[123.41416,-16.13688],[123.42251,-16.13176],[123.40107,-16.11313]]],[[[128.11385,-14.95701],[128.12817,-14.92271],[128.12953,-14.90362],[128.10902,-14.94523],[128.11385,-14.95701]]],[[[123.4338,-16.07885],[123.4289,-16.07801],[123.43231,-16.08743],[123.42448,-16.0878],[123.43282,-16.10721],[123.44211,-16.11363],[123.44224,-16.10052],[123.43426,-16.09185],[123.44588,-16.08654],[123.4338,-16.07885]]],[[[130.4145,-12.59849],[130.40954,-12.58402],[130.40079,-12.58086],[130.39182,-12.58708],[130.39413,-12.5976],[130.40196,-12.602],[130.4145,-12.59849]]],[[[125.99404,-14.37358],[125.99382,-14.36162],[125.98293,-14.36432],[125.97098,-14.38823],[125.98427,-14.38884],[125.98269,-14.37842],[125.99392,-14.379],[125.99404,-14.37358]]],[[[123.34807,-16.41728],[123.3425,-16.42389],[123.34588,-16.44733],[123.35967,-16.4391],[123.35579,-16.42979],[123.3612,-16.42792],[123.34807,-16.41728]]],[[[123.77724,-16.16356],[123.77187,-16.16654],[123.79136,-16.20026],[123.80844,-16.20062],[123.80314,-16.19041],[123.79668,-16.19157],[123.7842,-16.18042],[123.77724,-16.16356]]],[[[123.22271,-16.40031],[123.21295,-16.39376],[123.19995,-16.42516],[123.21984,-16.41599],[123.21615,-16.41143],[123.22591,-16.40791],[123.21855,-16.40614],[123.22271,-16.40031]]],[[[123.53801,-16.59211],[123.52923,-16.59147],[123.52723,-16.57958],[123.51832,-16.58029],[123.5162,-16.59294],[123.52277,-16.60486],[123.53796,-16.59742],[123.53801,-16.59211]]],[[[136.06921,-12.28189],[136.07069,-12.27601],[136.04807,-12.28486],[136.04362,-12.30047],[136.04834,-12.31086],[136.05636,-12.29152],[136.06921,-12.28189]]],[[[123.87717,-16.19096],[123.86757,-16.19191],[123.87757,-16.19955],[123.87038,-16.20753],[123.87521,-16.21875],[123.89064,-16.20293],[123.88397,-16.18875],[123.88162,-16.19781],[123.87717,-16.19096]]],[[[136.82182,-15.72643],[136.79966,-15.72831],[136.8008,-15.74221],[136.80709,-15.74606],[136.81224,-15.73725],[136.8176,-15.74009],[136.81561,-15.74686],[136.82086,-15.74224],[136.81773,-15.7306],[136.82951,-15.73152],[136.82182,-15.72643]]],[[[123.60513,-16.32795],[123.6001,-16.3278],[123.6064,-16.34289],[123.61141,-16.34542],[123.61152,-16.34101],[123.61919,-16.35294],[123.62912,-16.35461],[123.6278,-16.3451],[123.60513,-16.32795]]],[[[123.59484,-16.08618],[123.58506,-16.08146],[123.62517,-16.10668],[123.63997,-16.09934],[123.61488,-16.09348],[123.60432,-16.08468],[123.59484,-16.08618]]],[[[125.29305,-14.26975],[125.29043,-14.28893],[125.30269,-14.29316],[125.31017,-14.27478],[125.29305,-14.26975]]],[[[132.35873,-12.18447],[132.35409,-12.15521],[132.34591,-12.16513],[132.34587,-12.18422],[132.35275,-12.18886],[132.35873,-12.18447]]],[[[136.9625,-13.6264],[136.9451,-13.63575],[136.93333,-13.63442],[136.9255,-13.64452],[136.95035,-13.64348],[136.95123,-13.64891],[136.9625,-13.6264]]],[[[124.86228,-15.30851],[124.85929,-15.28332],[124.84897,-15.2934],[124.85435,-15.30344],[124.84042,-15.31286],[124.84857,-15.31611],[124.86228,-15.30851]]],[[[136.83507,-11.65892],[136.82372,-11.65867],[136.80959,-11.67322],[136.82483,-11.67619],[136.83654,-11.66808],[136.83507,-11.65892]]],[[[123.52549,-16.1491],[123.51831,-16.14124],[123.51149,-16.14547],[123.50525,-16.16192],[123.52313,-16.16298],[123.52549,-16.1491]]],[[[123.54093,-16.25923],[123.53676,-16.2549],[123.54115,-16.26138],[123.52438,-16.26519],[123.50338,-16.25844],[123.52929,-16.27744],[123.52724,-16.27222],[123.54713,-16.27217],[123.54093,-16.25923]]],[[[136.45704,-11.91479],[136.45702,-11.89705],[136.43627,-11.91255],[136.4349,-11.91933],[136.44408,-11.92011],[136.45704,-11.91479]]],[[[125.2544,-15.08558],[125.24832,-15.07815],[125.23755,-15.08588],[125.23312,-15.08285],[125.22913,-15.09857],[125.25258,-15.09237],[125.2544,-15.08558]]],[[[123.4563,-16.1565],[123.439,-16.15509],[123.42829,-16.16223],[123.46013,-16.17111],[123.4563,-16.1565]]],[[[126.59311,-14.2153],[126.58599,-14.20086],[126.57567,-14.19763],[126.57644,-14.21559],[126.59059,-14.22288],[126.59311,-14.2153]]],[[[125.21341,-14.31436],[125.22828,-14.30415],[125.2282,-14.29636],[125.22233,-14.28674],[125.21768,-14.29078],[125.21135,-14.30826],[125.21063,-14.31356],[125.21341,-14.31436]]],[[[125.25091,-14.97129],[125.24565,-14.9794],[125.2395,-14.97723],[125.23887,-14.98852],[125.22875,-14.99108],[125.23407,-14.9981],[125.25118,-14.99251],[125.25091,-14.97129]]],[[[126.69649,-13.93699],[126.69359,-13.93134],[126.68516,-13.93858],[126.67721,-13.96186],[126.68889,-13.95665],[126.69245,-13.94388],[126.69997,-13.94466],[126.69649,-13.93699]]],[[[123.32841,-16.15018],[123.32214,-16.14537],[123.32723,-16.15085],[123.31984,-16.15292],[123.32975,-16.15619],[123.33583,-16.16699],[123.34598,-16.16957],[123.34234,-16.16061],[123.35141,-16.16511],[123.34433,-16.14921],[123.33386,-16.15442],[123.32841,-16.15018]]],[[[124.22466,-15.94154],[124.22956,-15.93825],[124.22671,-15.92708],[124.21243,-15.91866],[124.21237,-15.93436],[124.21977,-15.94337],[124.22466,-15.94154]]],[[[126.63497,-13.87133],[126.62687,-13.86626],[126.62581,-13.85349],[126.61496,-13.86243],[126.62054,-13.88264],[126.63497,-13.87133]]],[[[124.9863,-14.43051],[124.97247,-14.43722],[124.9795,-14.44403],[124.97747,-14.45497],[124.99479,-14.44603],[124.9863,-14.43051]]],[[[136.09562,-13.2984],[136.07797,-13.29799],[136.08183,-13.31292],[136.09194,-13.32172],[136.09562,-13.2984]]],[[[124.95832,-15.05515],[124.96224,-15.04497],[124.95734,-15.04114],[124.94356,-15.05712],[124.94891,-15.05699],[124.94393,-15.06367],[124.95114,-15.06444],[124.93976,-15.06718],[124.94479,-15.0753],[124.95832,-15.05515]]],[[[126.31562,-13.88789],[126.31631,-13.87615],[126.30348,-13.86734],[126.30152,-13.88337],[126.31447,-13.89478],[126.31562,-13.88789]]],[[[124.62524,-15.27501],[124.6201,-15.2653],[124.61873,-15.28034],[124.6121,-15.28362],[124.61712,-15.29073],[124.63142,-15.28009],[124.63957,-15.28313],[124.63571,-15.27251],[124.62524,-15.27501]]],[[[123.69861,-15.93595],[123.69113,-15.92659],[123.69663,-15.93652],[123.69079,-15.93529],[123.69035,-15.95314],[123.6844,-15.95891],[123.6892,-15.96715],[123.69164,-15.95788],[123.70157,-15.95934],[123.6935,-15.95686],[123.70213,-15.94555],[123.69861,-15.93595]]],[[[132.87059,-11.05514],[132.87725,-11.04725],[132.86261,-11.04349],[132.85239,-11.0586],[132.87023,-11.06045],[132.87059,-11.05514]]],[[[123.42398,-17.32321],[123.39951,-17.3007],[123.39804,-17.31132],[123.40364,-17.31937],[123.40974,-17.32291],[123.42398,-17.32321]]],[[[125.26386,-14.41291],[125.24647,-14.41589],[125.24622,-14.42007],[125.2563,-14.41898],[125.25012,-14.42889],[125.26938,-14.42366],[125.27162,-14.41463],[125.26386,-14.41291]]],[[[125.27726,-14.57216],[125.26523,-14.56376],[125.26681,-14.57618],[125.25439,-14.5793],[125.2765,-14.58785],[125.27726,-14.57216]]],[[[127.82064,-14.36172],[127.81083,-14.35296],[127.80536,-14.35757],[127.81116,-14.3776],[127.81964,-14.37392],[127.81749,-14.36532],[127.82327,-14.36874],[127.82064,-14.36172]]],[[[132.80226,-11.38766],[132.77538,-11.37583],[132.78015,-11.3894],[132.79857,-11.39499],[132.80226,-11.38766]]],[[[132.82334,-10.97018],[132.82186,-10.96589],[132.81853,-10.97243],[132.82555,-10.99809],[132.83236,-10.97382],[132.83078,-10.96727],[132.82334,-10.97018]]],[[[123.39033,-16.51084],[123.38029,-16.51899],[123.38782,-16.5272],[123.40046,-16.52834],[123.39827,-16.51306],[123.39033,-16.51084]]],[[[125.20131,-14.94078],[125.1956,-14.9433],[125.19834,-14.95302],[125.1882,-14.96157],[125.19762,-14.96705],[125.20692,-14.95882],[125.20102,-14.95304],[125.20845,-14.95272],[125.20131,-14.94078]]],[[[124.70316,-16.35689],[124.69287,-16.34936],[124.67296,-16.35618],[124.69188,-16.36471],[124.70316,-16.35689]]],[[[136.20508,-11.61525],[136.19339,-11.61378],[136.19304,-11.62361],[136.20794,-11.64124],[136.20508,-11.61525]]],[[[124.46513,-16.35695],[124.44447,-16.3685],[124.433,-16.36867],[124.44174,-16.3773],[124.44841,-16.3762],[124.45757,-16.3707],[124.46513,-16.35695]]],[[[136.04358,-11.7831],[136.03876,-11.78762],[136.02877,-11.81236],[136.04357,-11.80129],[136.04357,-11.79564],[136.05092,-11.78706],[136.04358,-11.7831]]],[[[134.17323,-12.10973],[134.18531,-12.09608],[134.18215,-12.08661],[134.16479,-12.10097],[134.17323,-12.10973]]],[[[136.70992,-12.20738],[136.69613,-12.20848],[136.70473,-12.21404],[136.69633,-12.22339],[136.70044,-12.23051],[136.71079,-12.22489],[136.70992,-12.20738]]],[[[136.68747,-11.82357],[136.68816,-11.82143],[136.67692,-11.82321],[136.6598,-11.83401],[136.64303,-11.83973],[136.66977,-11.83664],[136.68747,-11.82357]]],[[[126.30753,-13.92335],[126.31736,-13.90946],[126.30996,-13.90042],[126.30059,-13.91409],[126.30013,-13.92075],[126.30753,-13.92335]]],[[[124.74845,-14.91018],[124.74673,-14.90645],[124.7431,-14.9106],[124.73823,-14.90877],[124.73311,-14.91145],[124.73668,-14.91576],[124.7342,-14.9232],[124.73705,-14.93112],[124.73538,-14.93812],[124.73885,-14.94198],[124.7426,-14.91659],[124.74609,-14.91582],[124.74845,-14.91018]]],[[[124.80543,-15.21182],[124.79994,-15.20381],[124.7837,-15.22046],[124.80709,-15.2212],[124.80672,-15.2151],[124.79939,-15.21444],[124.80543,-15.21182]]],[[[124.46545,-16.00006],[124.46206,-16.00072],[124.45564,-16.02284],[124.45725,-16.02975],[124.46748,-16.01488],[124.47034,-16.0046],[124.46545,-16.00006]]],[[[136.60279,-13.6579],[136.5863,-13.65379],[136.576,-13.66759],[136.59126,-13.66751],[136.60279,-13.6579]]],[[[128.10615,-15.19178],[128.11306,-15.17348],[128.10622,-15.16398],[128.09799,-15.19413],[128.10615,-15.19178]]],[[[123.67962,-17.04224],[123.67852,-17.02269],[123.66971,-17.02243],[123.66425,-17.03574],[123.67962,-17.04224]]],[[[134.95822,-12.09253],[134.95656,-12.07491],[134.94319,-12.06983],[134.94738,-12.08777],[134.95822,-12.09253]]],[[[123.09935,-16.4241],[123.09077,-16.42706],[123.10383,-16.43138],[123.10411,-16.43749],[123.1299,-16.43562],[123.09935,-16.4241]]],[[[125.45463,-15.13669],[125.44813,-15.13808],[125.48063,-15.14954],[125.47963,-15.13825],[125.45463,-15.13669]]],[[[125.69557,-14.11364],[125.69212,-14.10765],[125.69776,-14.11974],[125.69424,-14.13982],[125.70187,-14.14401],[125.70436,-14.11625],[125.69557,-14.11364]]],[[[135.16959,-11.70653],[135.15796,-11.68682],[135.15016,-11.68758],[135.15652,-11.70569],[135.16959,-11.70653]]],[[[136.39156,-13.69909],[136.38025,-13.69454],[136.38414,-13.71115],[136.40041,-13.71526],[136.39156,-13.69909]]],[[[134.86097,-12.1191],[134.86028,-12.09389],[134.85327,-12.08129],[134.85439,-12.11486],[134.86097,-12.1191]]],[[[123.31081,-16.03492],[123.2853,-16.03704],[123.27752,-16.04341],[123.29491,-16.04596],[123.31081,-16.03492]]],[[[124.39195,-15.22932],[124.38415,-15.22833],[124.38501,-15.23895],[124.39256,-15.23417],[124.38889,-15.2456],[124.39449,-15.25054],[124.39974,-15.22782],[124.39195,-15.22932]]],[[[123.5909,-16.14516],[123.57603,-16.14685],[123.58396,-16.16194],[123.58822,-16.15723],[123.59519,-16.1617],[123.5909,-16.14516]]],[[[136.40077,-13.62078],[136.39672,-13.62783],[136.41947,-13.63309],[136.41776,-13.62224],[136.40077,-13.62078]]],[[[124.86219,-15.02085],[124.86449,-15.01293],[124.85984,-15.01113],[124.84442,-15.02462],[124.85444,-15.03115],[124.85789,-15.02097],[124.86569,-15.02558],[124.86219,-15.02085]]],[[[136.57138,-15.73392],[136.58049,-15.7301],[136.57922,-15.7231],[136.5602,-15.72711],[136.56844,-15.74182],[136.57138,-15.73392]]],[[[124.61522,-15.43763],[124.6208,-15.43254],[124.60449,-15.43358],[124.59438,-15.44162],[124.60206,-15.44138],[124.60593,-15.45223],[124.60579,-15.44307],[124.60987,-15.44047],[124.61407,-15.44769],[124.61522,-15.43763]]],[[[136.11306,-11.56619],[136.12281,-11.54416],[136.11066,-11.54788],[136.10607,-11.55907],[136.11306,-11.56619]]],[[[125.02632,-14.77354],[125.02578,-14.7653],[125.017,-14.78016],[125.02379,-14.78001],[125.02045,-14.78695],[125.02727,-14.79263],[125.03201,-14.78204],[125.02632,-14.77354]]],[[[125.99908,-14.44614],[126.00467,-14.43819],[125.99643,-14.43508],[125.98217,-14.44308],[125.9912,-14.4493],[125.99908,-14.44614]]],[[[135.2818,-12.2552],[135.28334,-12.25285],[135.27199,-12.23339],[135.26842,-12.24096],[135.26978,-12.25181],[135.2818,-12.2552]]],[[[136.91367,-13.66431],[136.90852,-13.65839],[136.887,-13.67607],[136.90062,-13.67799],[136.90441,-13.66672],[136.91367,-13.66431]]],[[[127.17391,-13.89854],[127.16275,-13.88287],[127.15907,-13.88752],[127.1643,-13.8962],[127.15656,-13.89871],[127.17058,-13.90488],[127.17391,-13.89854]]],[[[134.86178,-12.07059],[134.85472,-12.06376],[134.8563,-12.08579],[134.86436,-12.09676],[134.86178,-12.07059]]],[[[124.75104,-14.94374],[124.74665,-14.93931],[124.74472,-14.95071],[124.75839,-14.95801],[124.75999,-14.94334],[124.75104,-14.94374]]],[[[136.08553,-11.60166],[136.08852,-11.58132],[136.07602,-11.5908],[136.07865,-11.6038],[136.08553,-11.60166]]],[[[124.51621,-15.2155],[124.50909,-15.20545],[124.49812,-15.21223],[124.50947,-15.22353],[124.51621,-15.2155]]],[[[124.64845,-15.79904],[124.65519,-15.78818],[124.63969,-15.79228],[124.62887,-15.8045],[124.64845,-15.79904]]],[[[125.73985,-14.18394],[125.73189,-14.17478],[125.7225,-14.18289],[125.73092,-14.19284],[125.73985,-14.18394]]],[[[125.18411,-14.85282],[125.17901,-14.85201],[125.17619,-14.85945],[125.1794,-14.8685],[125.18646,-14.87552],[125.1895,-14.87136],[125.18534,-14.86457],[125.18411,-14.85282]]],[[[136.75732,-11.00994],[136.76225,-11.00543],[136.75688,-11.0009],[136.75457,-11.00971],[136.73662,-11.00729],[136.74654,-11.02008],[136.75732,-11.00994]]],[[[125.42282,-14.56634],[125.42469,-14.56138],[125.43305,-14.55858],[125.43573,-14.55487],[125.43423,-14.55125],[125.42601,-14.54806],[125.42681,-14.55044],[125.42183,-14.55098],[125.41925,-14.5582],[125.42296,-14.56013],[125.41911,-14.56486],[125.42282,-14.56634]]],[[[123.65813,-16.34468],[123.64814,-16.33567],[123.63011,-16.33597],[123.65049,-16.34744],[123.65813,-16.34468]]],[[[128.41728,-14.86839],[128.40999,-14.85797],[128.3979,-14.85827],[128.40263,-14.8697],[128.41728,-14.86839]]],[[[123.62188,-16.41717],[123.60996,-16.41481],[123.60675,-16.41987],[123.62143,-16.42836],[123.62747,-16.4214],[123.62188,-16.41717]]],[[[123.38466,-16.06029],[123.38386,-16.05802],[123.37801,-16.05899],[123.39663,-16.06708],[123.42006,-16.07375],[123.42416,-16.07243],[123.41366,-16.07029],[123.4052,-16.06332],[123.38466,-16.06029]]],[[[123.63326,-16.40201],[123.62215,-16.40056],[123.64834,-16.41796],[123.66592,-16.41686],[123.64232,-16.4109],[123.63326,-16.40201]]],[[[123.15976,-15.51428],[123.15254,-15.51258],[123.15601,-15.53563],[123.16662,-15.52853],[123.15929,-15.51699],[123.1629,-15.52332],[123.15707,-15.52377],[123.15976,-15.51428]]],[[[123.87173,-16.28915],[123.86458,-16.29102],[123.88183,-16.31499],[123.87785,-16.31429],[123.88517,-16.31973],[123.88073,-16.30549],[123.87282,-16.29944],[123.87753,-16.29631],[123.87173,-16.28915]]],[[[124.78877,-15.01624],[124.78719,-15.01007],[124.78373,-15.01798],[124.77569,-15.01348],[124.77482,-15.0354],[124.78877,-15.01624]]],[[[125.44121,-14.54314],[125.44169,-14.53964],[125.43418,-14.53115],[125.43011,-14.53385],[125.43033,-14.53916],[125.42625,-14.54456],[125.43807,-14.54708],[125.44121,-14.54314]]],[[[125.36372,-15.07446],[125.35697,-15.07235],[125.3475,-15.08414],[125.36087,-15.08442],[125.36677,-15.07942],[125.36372,-15.07446]]],[[[125.68201,-14.17196],[125.67823,-14.15762],[125.66929,-14.16674],[125.67622,-14.1759],[125.68258,-14.17727],[125.68201,-14.17196]]],[[[123.41474,-16.07889],[123.38923,-16.06983],[123.40631,-16.08017],[123.40496,-16.08638],[123.4191,-16.08753],[123.41474,-16.07889]]],[[[125.36139,-15.02952],[125.36605,-15.00984],[125.3555,-15.01452],[125.35511,-15.02819],[125.36139,-15.02952]]],[[[130.40288,-12.60731],[130.38504,-12.60246],[130.39322,-12.61297],[130.40404,-12.61455],[130.40841,-12.6081],[130.40288,-12.60731]]],[[[130.96193,-11.9397],[130.95075,-11.92959],[130.93815,-11.93145],[130.94931,-11.94008],[130.96193,-11.9397]]],[[[123.83808,-16.20887],[123.84141,-16.1881],[123.83088,-16.20305],[123.83267,-16.21233],[123.84155,-16.21398],[123.83808,-16.20887]]],[[[123.56658,-16.23278],[123.54716,-16.21983],[123.56492,-16.23435],[123.56451,-16.24135],[123.5784,-16.24407],[123.57904,-16.23843],[123.56658,-16.23278]]],[[[126.29504,-13.94186],[126.29111,-13.9378],[126.28024,-13.93554],[126.27249,-13.92729],[126.27654,-13.93407],[126.2755,-13.93825],[126.28382,-13.9457],[126.29504,-13.94186]]],[[[135.9719,-13.32757],[135.96134,-13.32136],[135.96162,-13.32944],[135.97598,-13.34363],[135.9719,-13.32757]]],[[[125.26677,-14.46802],[125.25486,-14.46131],[125.24763,-14.47133],[125.26479,-14.47072],[125.27058,-14.48333],[125.26677,-14.46802]]],[[[123.44902,-16.26461],[123.43804,-16.26293],[123.43824,-16.2783],[123.44694,-16.27432],[123.44279,-16.26772],[123.45937,-16.26982],[123.44902,-16.26461]]],[[[123.45695,-17.34168],[123.4556,-17.33003],[123.44422,-17.32399],[123.44708,-17.33824],[123.45695,-17.34168]]],[[[125.52085,-14.42643],[125.5044,-14.42469],[125.50079,-14.43043],[125.51607,-14.43488],[125.52085,-14.42643]]],[[[136.06327,-11.64616],[136.06775,-11.63566],[136.06259,-11.62797],[136.05445,-11.64051],[136.06327,-11.64616]]],[[[128.1581,-14.85176],[128.16335,-14.84647],[128.15418,-14.84417],[128.13704,-14.85867],[128.1581,-14.85176]]],[[[136.63817,-13.65585],[136.63166,-13.66009],[136.63165,-13.67364],[136.64244,-13.66843],[136.63817,-13.65585]]],[[[123.12631,-16.42247],[123.12495,-16.40855],[123.13395,-16.39938],[123.1261,-16.39839],[123.11803,-16.40938],[123.12631,-16.42247]]],[[[123.16401,-16.40319],[123.15935,-16.40067],[123.15323,-16.424],[123.16699,-16.40888],[123.16401,-16.40319]]],[[[128.4427,-14.87864],[128.44097,-14.87422],[128.43286,-14.86572],[128.4281,-14.86322],[128.4274,-14.86492],[128.42913,-14.86854],[128.44035,-14.88575],[128.4427,-14.87864]]],[[[123.74665,-16.25926],[123.74288,-16.26172],[123.75229,-16.27038],[123.76516,-16.26969],[123.75401,-16.263],[123.76544,-16.26449],[123.74665,-16.25926]]],[[[125.79266,-14.16836],[125.79002,-14.1565],[125.77833,-14.15671],[125.78652,-14.17038],[125.79266,-14.16836]]],[[[124.07098,-16.24168],[124.06082,-16.23992],[124.0744,-16.25504],[124.08076,-16.24909],[124.07098,-16.24168]]],[[[136.63823,-15.77531],[136.63984,-15.78706],[136.65325,-15.78687],[136.65396,-15.78314],[136.6584,-15.78157],[136.64802,-15.78076],[136.63823,-15.77531]]],[[[134.93132,-12.06486],[134.9295,-12.05515],[134.92476,-12.05191],[134.91845,-12.05254],[134.91851,-12.05808],[134.92591,-12.06434],[134.93132,-12.06486]]],[[[136.73967,-13.68952],[136.73576,-13.68745],[136.73372,-13.69602],[136.75048,-13.69583],[136.75433,-13.69066],[136.73967,-13.68952]]],[[[123.45552,-16.53044],[123.44353,-16.52253],[123.43545,-16.52177],[123.42932,-16.52533],[123.4362,-16.52879],[123.44932,-16.5288],[123.45222,-16.53199],[123.45552,-16.53044]]],[[[123.53543,-17.32499],[123.52822,-17.3071],[123.52579,-17.32144],[123.52963,-17.3314],[123.53543,-17.32499]]],[[[126.24377,-14.1486],[126.23162,-14.14931],[126.23094,-14.15688],[126.23871,-14.16206],[126.24377,-14.1486]]],[[[123.52609,-17.35648],[123.52615,-17.34438],[123.51572,-17.33597],[123.52045,-17.35487],[123.52609,-17.35648]]],[[[131.96366,-11.48052],[131.94845,-11.47371],[131.95369,-11.48648],[131.96021,-11.4883],[131.96366,-11.48052]]],[[[126.58609,-14.22539],[126.5747,-14.21651],[126.57488,-14.20374],[126.56995,-14.21528],[126.57497,-14.22622],[126.58609,-14.22539]]],[[[124.71635,-14.85883],[124.71296,-14.86299],[124.7162,-14.8647],[124.71627,-14.87205],[124.73282,-14.86288],[124.73168,-14.86017],[124.7219,-14.86372],[124.71635,-14.85883]]],[[[131.35374,-12.1121],[131.35729,-12.10904],[131.35047,-12.09608],[131.34397,-12.10762],[131.35374,-12.1121]]],[[[128.40774,-14.90893],[128.39838,-14.89399],[128.40077,-14.90801],[128.41037,-14.92578],[128.40774,-14.90893]]],[[[134.22179,-11.95977],[134.22213,-11.9539],[134.21926,-11.95255],[134.21284,-11.95402],[134.20791,-11.96114],[134.21755,-11.96362],[134.22179,-11.95977]]],[[[125.98713,-14.33273],[125.99339,-14.32043],[125.97381,-14.33463],[125.98273,-14.33757],[125.98713,-14.33273]]],[[[123.56701,-16.24872],[123.56471,-16.24452],[123.5599,-16.25782],[123.56706,-16.25529],[123.56457,-16.25989],[123.54627,-16.25193],[123.56595,-16.26194],[123.57269,-16.25454],[123.56701,-16.24872]]],[[[132.33767,-11.54022],[132.33958,-11.52431],[132.3347,-11.51446],[132.33544,-11.52779],[132.33035,-11.53793],[132.33767,-11.54022]]],[[[136.3351,-11.96074],[136.33291,-11.94526],[136.3282,-11.94786],[136.33188,-11.95521],[136.32419,-11.95668],[136.32397,-11.96334],[136.3351,-11.96074]]],[[[125.05271,-15.31356],[125.04873,-15.30713],[125.04015,-15.31541],[125.04856,-15.32351],[125.05271,-15.31356]]],[[[126.60801,-13.94512],[126.60013,-13.93575],[126.5954,-13.94298],[126.60525,-13.9528],[126.60801,-13.94512]]],[[[136.7,-13.62873],[136.69529,-13.62586],[136.70034,-13.61732],[136.68635,-13.63132],[136.69866,-13.63651],[136.7,-13.62873]]],[[[123.47864,-16.40664],[123.47126,-16.40737],[123.49504,-16.41798],[123.50102,-16.41554],[123.47864,-16.40664]]],[[[123.60412,-16.3622],[123.59327,-16.35758],[123.60103,-16.36714],[123.60406,-16.36887],[123.60256,-16.36546],[123.60572,-16.36617],[123.60695,-16.37228],[123.61556,-16.37835],[123.61444,-16.37246],[123.60412,-16.3622]]],[[[124.07858,-16.17335],[124.08494,-16.16751],[124.0803,-16.16149],[124.06822,-16.16639],[124.07858,-16.17335]]],[[[123.95358,-16.34602],[123.93787,-16.33302],[123.92084,-16.32544],[123.94237,-16.34187],[123.95358,-16.34602]]],[[[123.51751,-16.28559],[123.5217,-16.2759],[123.51251,-16.28249],[123.51505,-16.29868],[123.52046,-16.295],[123.51751,-16.28559]]],[[[124.69437,-14.95504],[124.68889,-14.94009],[124.68391,-14.93735],[124.68236,-14.94322],[124.68568,-14.95024],[124.69437,-14.95504]]],[[[124.66125,-14.93744],[124.66107,-14.94625],[124.67256,-14.94937],[124.67099,-14.93998],[124.66125,-14.93744]]],[[[124.2182,-15.94992],[124.22008,-15.9461],[124.21179,-15.93526],[124.20914,-15.94454],[124.21525,-15.95197],[124.2182,-15.94992]]],[[[125.67486,-14.36722],[125.66906,-14.36957],[125.67321,-14.38155],[125.68109,-14.37592],[125.67486,-14.36722]]],[[[136.63463,-15.76762],[136.62648,-15.76365],[136.61717,-15.75188],[136.61878,-15.76092],[136.62611,-15.76986],[136.63148,-15.77055],[136.63463,-15.76762]]],[[[128.12061,-14.95229],[128.12765,-14.93673],[128.12639,-14.93254],[128.12126,-14.93636],[128.1171,-14.95634],[128.12061,-14.95229]]],[[[125.58499,-14.35955],[125.57841,-14.34869],[125.57341,-14.35771],[125.57999,-14.3645],[125.58499,-14.35955]]],[[[124.8588,-15.34286],[124.85238,-15.33734],[124.84378,-15.34211],[124.84776,-15.34899],[124.8588,-15.34286]]],[[[124.45461,-15.85168],[124.4513,-15.83469],[124.4478,-15.84403],[124.45347,-15.86339],[124.45461,-15.85168]]],[[[123.20044,-16.36039],[123.19472,-16.35909],[123.19269,-16.36212],[123.18055,-16.35928],[123.17251,-16.3625],[123.20097,-16.36537],[123.19864,-16.36422],[123.20044,-16.36039]]],[[[132.463,-11.6214],[132.45052,-11.61717],[132.44741,-11.621],[132.45884,-11.62861],[132.463,-11.6214]]],[[[123.55185,-17.3115],[123.54826,-17.30029],[123.54295,-17.30366],[123.54488,-17.31746],[123.55185,-17.3115]]],[[[124.35569,-16.35688],[124.35855,-16.34695],[124.35543,-16.34095],[124.35211,-16.34794],[124.34754,-16.34961],[124.35323,-16.35811],[124.35569,-16.35688]]],[[[123.42836,-17.29825],[123.42358,-17.28952],[123.41678,-17.28508],[123.41779,-17.29379],[123.42493,-17.30083],[123.42799,-17.30107],[123.42836,-17.29825]]],[[[123.45219,-16.14651],[123.44276,-16.14156],[123.45,-16.15429],[123.46085,-16.15756],[123.45219,-16.14651]]],[[[132.7262,-11.28418],[132.71977,-11.28936],[132.73074,-11.29572],[132.73284,-11.28477],[132.7262,-11.28418]]],[[[132.8208,-11.02293],[132.82807,-10.99957],[132.81773,-11.01457],[132.81588,-11.02145],[132.8208,-11.02293]]],[[[130.64602,-11.80926],[130.64697,-11.82125],[130.66124,-11.81501],[130.65266,-11.81021],[130.64709,-11.81418],[130.64602,-11.80926]]],[[[123.42999,-16.28365],[123.42125,-16.2795],[123.42063,-16.27136],[123.41651,-16.27448],[123.42104,-16.28945],[123.42999,-16.28365]]],[[[136.62468,-12.86734],[136.63044,-12.8643],[136.62643,-12.85447],[136.61825,-12.85851],[136.62468,-12.86734]]],[[[128.40619,-14.92486],[128.39194,-14.90911],[128.39446,-14.91986],[128.40385,-14.92847],[128.40619,-14.92486]]],[[[127.71579,-14.23354],[127.70535,-14.2354],[127.70276,-14.24319],[127.71144,-14.24369],[127.71579,-14.23354]]],[[[124.45063,-15.86945],[124.44236,-15.87579],[124.44733,-15.87464],[124.4479,-15.88627],[124.45555,-15.87584],[124.45063,-15.86945]]],[[[124.48038,-15.32019],[124.48212,-15.3186],[124.47684,-15.31027],[124.4708,-15.31278],[124.46977,-15.31662],[124.47655,-15.32122],[124.48038,-15.32019]]],[[[125.50001,-14.49963],[125.49176,-14.50638],[125.49557,-14.51034],[125.50578,-14.50856],[125.50001,-14.49963]]],[[[123.2929,-16.12451],[123.28996,-16.12595],[123.29157,-16.12845],[123.30299,-16.13218],[123.30188,-16.1376],[123.30355,-16.13411],[123.30492,-16.13717],[123.30777,-16.1337],[123.31676,-16.13492],[123.3098,-16.12965],[123.30743,-16.13279],[123.2929,-16.12451]]],[[[124.18723,-15.95546],[124.18663,-15.95128],[124.17855,-15.94544],[124.17688,-15.93799],[124.17482,-15.94839],[124.18618,-15.95738],[124.18723,-15.95546]]],[[[125.44237,-14.5804],[125.44149,-14.56753],[125.43275,-14.57969],[125.43784,-14.58343],[125.44237,-14.5804]]],[[[129.21563,-15.14956],[129.22311,-15.13493],[129.21939,-15.13467],[129.21099,-15.14782],[129.21281,-15.15213],[129.21563,-15.14956]]],[[[130.69251,-11.7864],[130.68702,-11.78434],[130.68636,-11.79642],[130.70458,-11.79912],[130.6888,-11.79271],[130.69251,-11.7864]]],[[[136.65674,-13.65523],[136.64371,-13.65692],[136.64647,-13.65819],[136.644,-13.65891],[136.64551,-13.66179],[136.64895,-13.66034],[136.64778,-13.66566],[136.65323,-13.66356],[136.65674,-13.65523]]],[[[124.496,-15.46143],[124.50075,-15.45689],[124.49607,-15.45115],[124.48705,-15.46486],[124.496,-15.46143]]],[[[125.01553,-15.21156],[125.01364,-15.20275],[125.00538,-15.20481],[125.00902,-15.21339],[125.01553,-15.21156]]],[[[124.09631,-16.23235],[124.09226,-16.22701],[124.09022,-16.23366],[124.07469,-16.2304],[124.08587,-16.23793],[124.09631,-16.23235]]],[[[130.86841,-12.5583],[130.87173,-12.54734],[130.86701,-12.54509],[130.86266,-12.55684],[130.86841,-12.5583]]],[[[123.31784,-16.31954],[123.31412,-16.3169],[123.31387,-16.30763],[123.30896,-16.30701],[123.31141,-16.31846],[123.30929,-16.32036],[123.31851,-16.32226],[123.31784,-16.31954]]],[[[123.69223,-16.35355],[123.67873,-16.34496],[123.68823,-16.35623],[123.69841,-16.35643],[123.69223,-16.35355]]]],"type":"MultiPolygon"},"properties":{"area_sqkm":1495118.35,"id":"darwin","name":"Darwin Hub"},"type":"Feature"},
{"geometry":{"coordinates":[[[[147.7819,-43.22478],[147.78538,-43.23749],[147.79838,-43.24164],[147.79732,-43.21738],[147.84303,-43.18802],[147.85985,-43.20744],[147.87375,-43.20697],[147.86637,-43.19753],[147.8755,-43.19101],[147.85271,-43.18059],[147.87063,-43.16355],[147.87051,-43.15361],[147.86032,-43.16436],[147.84568,-43.1548],[147.8596,-43.14215],[147.85457,-43.13513],[147.86499,-43.13755],[147.85015,-43.12447],[147.85828,-43.12426],[147.8538,-43.11745],[147.86324,-43.10803],[147.86715,-43.12922],[147.88409,-43.12218],[147.8885,-43.13802],[147.89332,-43.1384],[147.8877,-43.14262],[147.89464,-43.15492],[147.89581,-43.19041],[147.9162,-43.18929],[147.93078,-43.19807],[147.94425,-43.19433],[147.94918,-43.2151],[148.00126,-43.22745],[148.01078,-43.2212],[147.9741,-43.20343],[147.96336,-43.19105],[147.98331,-43.15615],[148.00527,-43.13859],[147.97124,-43.13488],[147.9637,-43.14246],[147.95447,-43.13658],[147.9597,-43.13063],[147.95495,-43.12549],[147.96659,-43.12654],[147.97368,-43.11934],[147.97955,-43.12326],[147.98023,-43.10706],[147.96817,-43.09909],[147.95528,-43.06473],[147.94546,-43.06017],[147.95368,-43.05194],[147.95002,-43.03475],[147.93464,-43.03443],[147.92575,-43.02116],[147.92882,-43.01091],[147.9519,-43.00092],[147.96201,-42.98362],[147.97711,-42.98264],[147.99959,-42.96532],[147.99326,-42.95702],[147.99675,-42.95116],[147.98787,-42.95043],[147.98486,-42.94068],[147.99597,-42.92882],[147.99901,-42.91341],[147.98414,-42.88998],[147.95795,-42.88172],[147.97354,-42.86749],[147.9679,-42.86439],[147.93828,-42.87633],[147.92077,-42.86105],[147.92326,-42.85225],[147.91656,-42.85116],[147.92073,-42.84295],[147.91294,-42.84753],[147.8922,-42.84264],[147.89074,-42.8502],[147.88037,-42.85313],[147.88582,-42.86081],[147.87449,-42.86261],[147.87188,-42.87103],[147.86143,-42.87498],[147.87429,-42.87798],[147.87689,-42.87339],[147.90523,-42.8824],[147.90187,-42.89917],[147.90643,-42.90621],[147.89588,-42.89424],[147.87575,-42.88792],[147.87075,-42.89362],[147.84112,-42.88877],[147.81951,-42.89491],[147.81241,-42.88949],[147.82727,-42.88018],[147.83268,-42.86585],[147.83998,-42.87607],[147.84493,-42.87407],[147.83533,-42.86115],[147.84316,-42.85992],[147.84475,-42.84508],[147.85582,-42.84827],[147.85339,-42.83919],[147.86247,-42.81996],[147.88116,-42.84505],[147.87303,-42.8314],[147.86918,-42.8037],[147.87921,-42.76699],[147.90158,-42.74305],[147.92952,-42.73825],[147.94669,-42.72792],[147.94292,-42.71371],[147.94776,-42.70905],[147.93949,-42.70048],[147.96201,-42.67967],[147.96278,-42.66874],[147.95432,-42.66126],[147.95698,-42.64707],[147.93239,-42.63324],[147.94662,-42.60775],[147.9361,-42.60389],[147.93105,-42.59334],[147.9168,-42.58945],[147.90326,-42.56622],[147.88114,-42.56697],[147.87845,-42.55496],[147.85102,-42.55983],[147.8739,-42.55637],[147.88862,-42.54586],[147.9131,-42.5488],[147.91349,-42.53133],[147.89909,-42.52192],[147.92234,-42.50014],[147.91461,-42.51629],[147.92942,-42.53116],[147.92573,-42.53839],[147.93261,-42.55026],[147.94194,-42.54748],[147.94906,-42.55354],[147.95507,-42.55198],[147.95536,-42.53886],[147.96844,-42.52935],[147.9694,-42.52063],[147.9835,-42.51646],[147.99516,-42.52694],[147.99658,-42.51824],[148.01178,-42.51],[147.99728,-42.50206],[147.99548,-42.49006],[147.98875,-42.4995],[148.01301,-42.45114],[148.01061,-42.44038],[147.98222,-42.44031],[148.00008,-42.43303],[147.98132,-42.40534],[147.99223,-42.38542],[148.00981,-42.37373],[148.01066,-42.36299],[148.02698,-42.35032],[148.01591,-42.32594],[148.01892,-42.3155],[147.99185,-42.31418],[147.97671,-42.33385],[147.98392,-42.33671],[147.96174,-42.3408],[147.96287,-42.35614],[147.95549,-42.3439],[147.94551,-42.34898],[147.93211,-42.34276],[147.93625,-42.33567],[147.94462,-42.34334],[147.93995,-42.33784],[147.97349,-42.3317],[147.97012,-42.32515],[147.97947,-42.30827],[148.00149,-42.30913],[148.00803,-42.29245],[148.00116,-42.28038],[148.00709,-42.27524],[148.00893,-42.29081],[148.01626,-42.28574],[148.01214,-42.27886],[148.01899,-42.2714],[148.0068,-42.26393],[148.01579,-42.26848],[148.02838,-42.2614],[148.01334,-42.24906],[148.01454,-42.23922],[148.04656,-42.2096],[148.04614,-42.20225],[148.06684,-42.19243],[148.07259,-42.17567],[148.0846,-42.16786],[148.0766,-42.15326],[148.08178,-42.14383],[148.07678,-42.1335],[148.08466,-42.12589],[148.07594,-42.12359],[148.07257,-42.11433],[148.09309,-42.09931],[148.1599,-42.09142],[148.23616,-42.0985],[148.24816,-42.11667],[148.26758,-42.11234],[148.28438,-42.12185],[148.28404,-42.12837],[148.29882,-42.12691],[148.30252,-42.13446],[148.29763,-42.14043],[148.27372,-42.14848],[148.25997,-42.16595],[148.27982,-42.17506],[148.29151,-42.19124],[148.29021,-42.19928],[148.27682,-42.20803],[148.27061,-42.2259],[148.25139,-42.2323],[148.25212,-42.24353],[148.2615,-42.25427],[148.29027,-42.26151],[148.27965,-42.25299],[148.28756,-42.25073],[148.29492,-42.28282],[148.31453,-42.27698],[148.30848,-42.2667],[148.32062,-42.2648],[148.3244,-42.23748],[148.3469,-42.22299],[148.34346,-42.21229],[148.35578,-42.19352],[148.35127,-42.18693],[148.35523,-42.18054],[148.34566,-42.18342],[148.31548,-42.16977],[148.30883,-42.17614],[148.29791,-42.16813],[148.3244,-42.14932],[148.31994,-42.13335],[148.33776,-42.13268],[148.33493,-42.12667],[148.3453,-42.11799],[148.34049,-42.10318],[148.33294,-42.10563],[148.326,-42.09653],[148.30989,-42.05731],[148.29815,-42.05771],[148.28371,-42.03638],[148.28409,-41.99875],[148.29208,-41.97408],[148.30994,-41.96188],[148.30207,-41.95105],[148.30241,-41.93664],[148.32319,-41.91726],[148.31842,-41.90399],[148.30426,-41.89224],[148.31092,-41.8743],[148.30552,-41.86959],[148.29999,-41.87314],[148.27711,-41.85619],[148.26605,-41.83495],[148.26366,-41.81445],[148.26619,-41.79388],[148.2822,-41.7608],[148.29199,-41.74972],[148.30447,-41.74771],[148.30232,-41.73932],[148.29181,-41.73725],[148.28569,-41.72828],[148.28508,-41.70647],[148.29523,-41.69355],[148.28741,-41.68687],[148.28843,-41.66513],[148.29845,-41.64761],[148.31251,-41.63973],[148.32064,-41.61062],[148.31465,-41.57129],[148.30624,-41.5696],[148.29949,-41.55753],[148.28947,-41.5575],[148.28286,-41.54682],[148.28242,-41.51928],[148.2659,-41.48542],[148.26788,-41.45286],[148.29022,-41.3983],[148.29263,-41.37694],[148.31227,-41.34849],[148.32602,-41.30752],[148.3582,-41.28166],[148.35832,-41.2754],[148.33167,-41.28269],[148.32433,-41.29735],[148.31157,-41.3056],[148.30969,-41.31585],[148.27314,-41.33824],[148.26376,-41.33973],[148.23763,-41.32377],[148.24015,-41.32012],[148.24739,-41.32698],[148.26803,-41.3215],[148.26378,-41.31549],[148.27044,-41.32002],[148.27651,-41.3153],[148.26308,-41.31297],[148.27457,-41.31257],[148.2712,-41.30597],[148.28053,-41.27685],[148.29508,-41.28232],[148.2912,-41.30359],[148.31139,-41.29931],[148.30984,-41.28808],[148.33077,-41.27435],[148.33844,-41.25702],[148.32966,-41.24867],[148.31885,-41.25449],[148.31198,-41.24729],[148.30104,-41.2521],[148.28335,-41.2252],[148.28446,-41.20922],[148.27399,-41.20788],[148.2706,-41.19637],[148.26852,-41.17841],[148.27992,-41.1759],[148.28394,-41.16185],[148.27051,-41.14533],[148.27043,-41.12073],[148.29721,-41.06344],[148.28244,-41.05191],[148.24871,-41.05147],[148.29379,-41.0292],[148.28629,-41.04752],[148.29497,-41.06089],[148.29663,-41.03657],[148.30831,-41.02083],[148.33486,-40.9952],[148.3488,-40.99355],[148.34409,-40.9873],[148.32927,-40.99071],[148.32173,-40.98632],[148.31688,-40.97154],[148.30359,-40.96125],[148.30174,-40.94056],[148.27358,-40.92022],[148.26107,-40.89184],[148.23732,-40.88604],[148.22508,-40.87516],[148.21924,-40.86263],[148.22368,-40.84645],[148.1979,-40.83986],[148.17714,-40.82119],[148.17294,-40.83861],[148.11406,-40.83042],[148.10795,-40.82001],[148.11746,-40.82043],[148.11505,-40.81511],[148.121,-40.82556],[148.12684,-40.82282],[148.14907,-40.83466],[148.16991,-40.83489],[148.17459,-40.82986],[148.15519,-40.83463],[148.13293,-40.82602],[148.07886,-40.76882],[148.05819,-40.77126],[148.0374,-40.76363],[148.04265,-40.76857],[148.03946,-40.77257],[148.03137,-40.75049],[148.01868,-40.75306],[148.00616,-40.7437],[147.97506,-40.738],[147.95006,-40.74642],[147.94104,-40.73949],[147.94191,-40.7511],[147.95858,-40.75488],[147.95868,-40.76444],[147.95324,-40.77621],[147.94397,-40.77609],[147.94672,-40.79318],[147.93286,-40.81501],[147.88428,-40.87005],[147.88568,-40.8801],[147.87645,-40.86999],[147.84446,-40.88464],[147.82215,-40.88642],[147.78123,-40.87852],[147.76383,-40.86859],[147.758,-40.85783],[147.71001,-40.86119],[147.67053,-40.82736],[147.66996,-40.82078],[147.62664,-40.84463],[147.59554,-40.84919],[147.59852,-40.85673],[147.59426,-40.86379],[147.58438,-40.86304],[147.589,-40.87128],[147.58372,-40.87947],[147.51108,-40.96458],[147.44432,-41.00147],[147.39634,-41.00277],[147.38913,-40.98276],[147.3589,-40.97726],[147.35503,-40.95317],[147.34565,-40.93939],[147.32393,-40.95251],[147.29948,-40.95745],[147.28514,-40.95214],[147.27886,-40.94218],[147.24967,-40.95347],[147.24182,-40.9696],[147.2172,-40.99335],[147.17504,-41.00893],[147.14846,-41.01205],[147.11646,-40.99433],[147.06989,-40.99817],[147.059,-40.98802],[147.03212,-40.99044],[147.01569,-40.98142],[146.9949,-40.98636],[146.95184,-41.02345],[146.89312,-41.02925],[146.87435,-41.01895],[146.86493,-41.02882],[146.82896,-41.04266],[146.806,-41.06295],[146.78761,-41.0541],[146.81139,-41.08316],[146.81705,-41.10876],[146.82709,-41.1061],[146.81839,-41.12364],[146.82652,-41.13073],[146.83375,-41.12507],[146.82875,-41.13618],[146.85492,-41.13887],[146.88567,-41.1323],[146.85995,-41.17144],[146.83669,-41.16269],[146.82139,-41.17077],[146.82367,-41.15021],[146.81914,-41.13595],[146.81152,-41.13225],[146.81063,-41.11801],[146.80628,-41.11261],[146.79801,-41.11675],[146.79585,-41.11103],[146.78649,-41.11169],[146.79748,-41.10508],[146.77638,-41.0824],[146.76113,-41.07811],[146.74491,-41.08416],[146.70817,-41.06341],[146.71422,-41.07368],[146.69146,-41.09279],[146.67346,-41.10084],[146.64759,-41.09325],[146.64241,-41.09631],[146.64809,-41.11012],[146.61922,-41.13421],[146.59058,-41.1455],[146.5649,-41.14767],[146.56362,-41.16096],[146.58619,-41.16677],[146.57841,-41.19652],[146.58505,-41.19956],[146.58438,-41.22059],[146.56979,-41.23229],[146.57683,-41.23359],[146.57669,-41.23936],[146.56661,-41.24495],[146.57297,-41.24065],[146.56282,-41.23803],[146.56514,-41.22763],[146.57393,-41.21972],[146.5631,-41.19735],[146.57311,-41.18848],[146.56643,-41.17585],[146.54563,-41.1722],[146.5611,-41.16924],[146.54285,-41.15598],[146.54578,-41.12948],[146.53393,-41.11854],[146.52233,-41.13419],[146.47758,-41.1557],[146.42335,-41.16267],[146.39511,-41.17308],[146.36492,-41.17167],[146.35643,-41.15881],[146.34069,-41.1626],[146.325,-41.15403],[146.2907,-41.16076],[146.2588,-41.15206],[146.25185,-41.15865],[146.22967,-41.15926],[146.20081,-41.15069],[146.16946,-41.15033],[146.16121,-41.1413],[146.12959,-41.13531],[146.11939,-41.11909],[146.07788,-41.11538],[146.0644,-41.10263],[146.01353,-41.08887],[146.00488,-41.0794],[145.973,-41.0662],[145.92476,-41.06627],[145.90951,-41.05726],[145.91151,-41.04877],[145.88557,-41.04404],[145.87778,-41.03664],[145.85231,-41.03966],[145.80833,-41.02952],[145.76795,-40.99703],[145.74004,-40.98869],[145.72987,-40.97939],[145.7248,-40.96764],[145.73309,-40.9559],[145.72939,-40.94517],[145.65265,-40.93982],[145.62367,-40.9334],[145.61996,-40.92588],[145.59731,-40.92469],[145.5839,-40.91417],[145.5588,-40.91488],[145.5385,-40.89995],[145.53893,-40.8903],[145.53141,-40.89302],[145.522,-40.88718],[145.52135,-40.87208],[145.5099,-40.86334],[145.51594,-40.85758],[145.50593,-40.85152],[145.48808,-40.86637],[145.44695,-40.87145],[145.38922,-40.85043],[145.34166,-40.8505],[145.31217,-40.83795],[145.28034,-40.79254],[145.29363,-40.82503],[145.2804,-40.82902],[145.28541,-40.82022],[145.27128,-40.81273],[145.26704,-40.80016],[145.27169,-40.80067],[145.28948,-40.76633],[145.30942,-40.76378],[145.29552,-40.75466],[145.29683,-40.7388],[145.27725,-40.7356],[145.26121,-40.71242],[145.25327,-40.71577],[145.25164,-40.72985],[145.25835,-40.73268],[145.26175,-40.74554],[145.26913,-40.74699],[145.26983,-40.75923],[145.26763,-40.78894],[145.25932,-40.80537],[145.24162,-40.81325],[145.21788,-40.80983],[145.25855,-40.79016],[145.19098,-40.80401],[145.11476,-40.79391],[145.11336,-40.80103],[145.1367,-40.80374],[145.14103,-40.81119],[145.15454,-40.81097],[145.16468,-40.8207],[145.13192,-40.81925],[145.13283,-40.82532],[145.12019,-40.83542],[145.11893,-40.82862],[145.11057,-40.82819],[145.11482,-40.82143],[145.10411,-40.81084],[145.09624,-40.81485],[145.10085,-40.82585],[145.0876,-40.82327],[145.09058,-40.81329],[145.07804,-40.80839],[145.06888,-40.81724],[145.07066,-40.80908],[145.05287,-40.78601],[145.0396,-40.78116],[145.02773,-40.79171],[145.01935,-40.78846],[145.02471,-40.77026],[145.00916,-40.77461],[145.01355,-40.76492],[145.00246,-40.77305],[144.99882,-40.76645],[145.00392,-40.76058],[144.98029,-40.74304],[144.92069,-40.76569],[144.91836,-40.75537],[144.90707,-40.75041],[144.85187,-40.73852],[144.83682,-40.74693],[144.84156,-40.73498],[144.83591,-40.71753],[144.81127,-40.72658],[144.80472,-40.71303],[144.78609,-40.70828],[144.77967,-40.7131],[144.77652,-40.73627],[144.76843,-40.7386],[144.77091,-40.70246],[144.74762,-40.69431],[144.74643,-40.7001],[144.73741,-40.6897],[144.73742,-40.67941],[144.74999,-40.68888],[144.72669,-40.6414],[144.71407,-40.6567],[144.69013,-40.66695],[144.68575,-40.67899],[144.69805,-40.68963],[144.67958,-40.71688],[144.68693,-40.72546],[144.69264,-40.75506],[144.70588,-40.75181],[144.71096,-40.76157],[144.70992,-40.77235],[144.699,-40.78269],[144.70693,-40.7938],[144.69762,-40.81135],[144.71343,-40.83611],[144.71331,-40.85673],[144.70005,-40.86185],[144.70726,-40.86853],[144.68787,-40.90434],[144.6783,-40.90931],[144.64987,-40.90021],[144.65682,-40.91305],[144.64926,-40.91985],[144.6339,-40.92066],[144.62947,-40.93098],[144.61418,-40.93582],[144.6132,-40.94422],[144.62315,-40.94516],[144.63329,-40.96118],[144.633,-40.99097],[144.62637,-41.00423],[144.60814,-41.00878],[144.64043,-41.04468],[144.66065,-41.05271],[144.67443,-41.07931],[144.67778,-41.103],[144.67376,-41.11619],[144.66628,-41.12007],[144.67127,-41.13778],[144.68017,-41.13913],[144.67655,-41.16897],[144.69545,-41.19922],[144.68655,-41.22445],[144.69158,-41.23126],[144.68462,-41.23616],[144.71002,-41.26088],[144.71591,-41.27484],[144.71243,-41.2817],[144.72221,-41.28633],[144.72043,-41.29983],[144.74205,-41.31116],[144.73654,-41.31728],[144.73929,-41.3254],[144.76288,-41.34188],[144.7823,-41.36605],[144.77755,-41.3665],[144.7828,-41.38614],[144.77803,-41.40642],[144.76533,-41.41346],[144.75736,-41.40934],[144.74717,-41.42088],[144.79356,-41.44632],[144.79471,-41.46201],[144.81249,-41.47742],[144.81614,-41.49185],[144.8331,-41.50712],[144.88902,-41.58931],[144.90569,-41.62721],[144.89823,-41.63899],[144.90663,-41.64153],[144.90907,-41.65527],[144.92796,-41.67098],[144.91114,-41.68621],[144.92059,-41.714],[144.93367,-41.72453],[144.94805,-41.71723],[144.96702,-41.72522],[145.00892,-41.7712],[145.00855,-41.78414],[145.02439,-41.80356],[145.03452,-41.80689],[145.02964,-41.8122],[145.05648,-41.82438],[145.0808,-41.86185],[145.10823,-41.87758],[145.12794,-41.90288],[145.1736,-41.92826],[145.19044,-41.94527],[145.22782,-42.00545],[145.25529,-42.06126],[145.26499,-42.13512],[145.25927,-42.17449],[145.22587,-42.21988],[145.24842,-42.22098],[145.2698,-42.23258],[145.28772,-42.22945],[145.29117,-42.19746],[145.28367,-42.19808],[145.28901,-42.20706],[145.283,-42.21025],[145.26877,-42.20212],[145.29403,-42.1797],[145.31856,-42.17588],[145.31193,-42.16093],[145.31566,-42.15835],[145.30413,-42.15331],[145.30736,-42.14929],[145.32306,-42.15648],[145.33473,-42.15159],[145.32707,-42.16072],[145.32915,-42.1725],[145.34782,-42.16882],[145.36169,-42.18162],[145.34654,-42.20739],[145.35161,-42.21039],[145.35767,-42.20197],[145.37233,-42.20152],[145.36428,-42.20974],[145.372,-42.22577],[145.36109,-42.23407],[145.36547,-42.25162],[145.37736,-42.25163],[145.40378,-42.28101],[145.42274,-42.29013],[145.43283,-42.31439],[145.46343,-42.32407],[145.46762,-42.3463],[145.47807,-42.34902],[145.48061,-42.36403],[145.49276,-42.35584],[145.48527,-42.35689],[145.48988,-42.35312],[145.48017,-42.34784],[145.49897,-42.33879],[145.49061,-42.33586],[145.49565,-42.33398],[145.49336,-42.32264],[145.49984,-42.33262],[145.51794,-42.33906],[145.51396,-42.34183],[145.52765,-42.36042],[145.52036,-42.3678],[145.50369,-42.36325],[145.51332,-42.37383],[145.53047,-42.37308],[145.54458,-42.35238],[145.55848,-42.35678],[145.55606,-42.36431],[145.5438,-42.3685],[145.54367,-42.383],[145.55076,-42.38768],[145.53735,-42.38721],[145.53418,-42.40906],[145.52047,-42.41933],[145.52663,-42.42344],[145.51613,-42.43276],[145.50601,-42.43562],[145.49105,-42.42211],[145.45338,-42.44101],[145.475,-42.44091],[145.46538,-42.44295],[145.47378,-42.47333],[145.47994,-42.47439],[145.4732,-42.50048],[145.47992,-42.52981],[145.46627,-42.51925],[145.45966,-42.45817],[145.44701,-42.4379],[145.4528,-42.40491],[145.4435,-42.40178],[145.43558,-42.38634],[145.41126,-42.37053],[145.39363,-42.37483],[145.34114,-42.33765],[145.3381,-42.3447],[145.33186,-42.33068],[145.3111,-42.32069],[145.31765,-42.28599],[145.29995,-42.29691],[145.29327,-42.29564],[145.28956,-42.28288],[145.27276,-42.28421],[145.26708,-42.29108],[145.25472,-42.28889],[145.25047,-42.28158],[145.25589,-42.26745],[145.23681,-42.26301],[145.23601,-42.2447],[145.22051,-42.24179],[145.22502,-42.22875],[145.21441,-42.21164],[145.19836,-42.20631],[145.19745,-42.19761],[145.16773,-42.1969],[145.17529,-42.20938],[145.19032,-42.20771],[145.19101,-42.24238],[145.2068,-42.25434],[145.21492,-42.27925],[145.21116,-42.30548],[145.19548,-42.31224],[145.19717,-42.32761],[145.22485,-42.35628],[145.21684,-42.36593],[145.22954,-42.37144],[145.22531,-42.38643],[145.23762,-42.39211],[145.23536,-42.40061],[145.24218,-42.40657],[145.23782,-42.41745],[145.24513,-42.43452],[145.25394,-42.43763],[145.25381,-42.45316],[145.23691,-42.47189],[145.24831,-42.48211],[145.2456,-42.48588],[145.25506,-42.48781],[145.26231,-42.50307],[145.26112,-42.51545],[145.25356,-42.52154],[145.26724,-42.5284],[145.28128,-42.55248],[145.27558,-42.55494],[145.27822,-42.56275],[145.30338,-42.57075],[145.30425,-42.58572],[145.2965,-42.59491],[145.30057,-42.60064],[145.28172,-42.61454],[145.26418,-42.61249],[145.2631,-42.62024],[145.27099,-42.62884],[145.28565,-42.63173],[145.28955,-42.62251],[145.31213,-42.62034],[145.33562,-42.63195],[145.32746,-42.64583],[145.33491,-42.65694],[145.34714,-42.65083],[145.36663,-42.65696],[145.36595,-42.68722],[145.37373,-42.69375],[145.38066,-42.72191],[145.38385,-42.72696],[145.39372,-42.7224],[145.39679,-42.73743],[145.39003,-42.73621],[145.39164,-42.74281],[145.3804,-42.75157],[145.38366,-42.76887],[145.41199,-42.77987],[145.4077,-42.78425],[145.42543,-42.81413],[145.42046,-42.81612],[145.42623,-42.82771],[145.42149,-42.83671],[145.44348,-42.86853],[145.43641,-42.87361],[145.45994,-42.90479],[145.47122,-42.90535],[145.48419,-42.91543],[145.48133,-42.92996],[145.49017,-42.93167],[145.49928,-42.95074],[145.4926,-42.95553],[145.49848,-42.96267],[145.49551,-42.97311],[145.50457,-42.97648],[145.4953,-42.99095],[145.51307,-42.98109],[145.53205,-42.98265],[145.56183,-42.97066],[145.59115,-42.97249],[145.60073,-42.99023],[145.60787,-42.99146],[145.60281,-42.99679],[145.61303,-43.00187],[145.61264,-43.00994],[145.64345,-43.02557],[145.63982,-43.03206],[145.64937,-43.0482],[145.66211,-43.04389],[145.68663,-43.05395],[145.68589,-43.06847],[145.69136,-43.06859],[145.67589,-43.07086],[145.67762,-43.07687],[145.6713,-43.08124],[145.67829,-43.09043],[145.66652,-43.09493],[145.67477,-43.10555],[145.68571,-43.10158],[145.69527,-43.11739],[145.70932,-43.11717],[145.71688,-43.10608],[145.71651,-43.11061],[145.73225,-43.11355],[145.73573,-43.11881],[145.7262,-43.12219],[145.72764,-43.13233],[145.72278,-43.13453],[145.74189,-43.14278],[145.74635,-43.15498],[145.7592,-43.16484],[145.76016,-43.19],[145.7677,-43.19257],[145.76999,-43.1856],[145.79579,-43.19114],[145.79177,-43.20058],[145.80902,-43.20914],[145.79881,-43.21902],[145.81185,-43.23445],[145.80554,-43.23519],[145.80876,-43.24139],[145.80428,-43.24351],[145.81876,-43.25034],[145.8179,-43.27886],[145.83079,-43.28139],[145.83033,-43.28733],[145.84101,-43.29421],[145.85297,-43.29415],[145.8547,-43.30159],[145.8455,-43.30446],[145.84122,-43.3142],[145.85221,-43.3069],[145.87172,-43.32204],[145.87958,-43.31093],[145.8964,-43.31342],[145.90028,-43.30037],[145.92824,-43.3004],[145.92134,-43.29176],[145.92549,-43.26719],[145.90188,-43.26548],[145.90627,-43.27161],[145.89874,-43.28227],[145.88247,-43.2893],[145.86524,-43.27386],[145.87798,-43.27327],[145.87995,-43.26632],[145.87096,-43.26485],[145.874,-43.2583],[145.89868,-43.26362],[145.90974,-43.24741],[145.92825,-43.24702],[145.91902,-43.21247],[145.93223,-43.21136],[145.94796,-43.2295],[145.97719,-43.23247],[145.96872,-43.26253],[145.97481,-43.27319],[145.95565,-43.28185],[145.9661,-43.28596],[145.96028,-43.29123],[145.96983,-43.30234],[145.98342,-43.30468],[145.9802,-43.31478],[145.98499,-43.32227],[146.00701,-43.32107],[146.0057,-43.3289],[145.99856,-43.3311],[146.00527,-43.33487],[146.01866,-43.33456],[146.02996,-43.34272],[146.04058,-43.33349],[146.05948,-43.33431],[146.05962,-43.32653],[146.0497,-43.32141],[146.05361,-43.31042],[146.06181,-43.30734],[146.05232,-43.30404],[146.06641,-43.28956],[146.06717,-43.29729],[146.05837,-43.30149],[146.07248,-43.312],[146.07307,-43.3273],[146.08577,-43.34015],[146.08818,-43.32633],[146.09236,-43.33854],[146.11346,-43.34827],[146.13738,-43.34513],[146.14213,-43.32257],[146.15063,-43.31625],[146.15452,-43.31943],[146.15864,-43.31198],[146.15317,-43.29856],[146.16986,-43.29234],[146.1772,-43.29854],[146.17335,-43.31534],[146.17791,-43.32656],[146.18837,-43.32024],[146.18611,-43.31574],[146.19801,-43.31752],[146.21126,-43.33053],[146.21781,-43.32231],[146.23032,-43.32548],[146.23488,-43.32041],[146.22419,-43.33324],[146.22813,-43.36129],[146.21527,-43.36384],[146.22819,-43.38494],[146.21745,-43.38601],[146.20977,-43.37363],[146.21128,-43.36386],[146.18362,-43.36059],[146.15722,-43.36318],[146.17775,-43.38281],[146.16603,-43.38221],[146.1597,-43.39215],[146.14872,-43.37782],[146.13597,-43.37645],[146.14485,-43.40732],[146.15965,-43.41746],[146.14103,-43.40713],[146.13901,-43.38974],[146.12835,-43.37428],[146.13731,-43.37293],[146.13045,-43.36582],[146.13634,-43.36275],[146.13144,-43.35559],[146.11405,-43.35485],[146.1021,-43.34597],[146.09647,-43.35176],[146.08748,-43.34224],[146.09025,-43.35063],[146.05934,-43.34397],[146.09244,-43.36484],[146.08283,-43.37127],[146.07182,-43.36488],[146.07872,-43.35857],[146.06782,-43.35349],[146.00432,-43.34519],[146.00719,-43.3398],[145.98869,-43.32963],[145.97639,-43.34872],[145.99121,-43.34885],[145.9931,-43.36397],[145.99999,-43.36798],[145.99477,-43.39318],[145.98529,-43.39153],[145.99397,-43.37402],[145.98859,-43.3613],[145.97876,-43.35591],[145.97106,-43.35819],[145.97675,-43.36262],[145.97223,-43.36952],[145.95427,-43.36],[145.94853,-43.37062],[145.93497,-43.37007],[145.92501,-43.37962],[145.93503,-43.39002],[145.94946,-43.381],[145.96514,-43.38173],[145.97748,-43.39636],[145.97046,-43.40355],[145.99819,-43.40674],[146.00188,-43.437],[146.01822,-43.4542],[146.0069,-43.46458],[146.01582,-43.45953],[146.02882,-43.46352],[146.02855,-43.48885],[146.04302,-43.50845],[146.03642,-43.52129],[146.0416,-43.53143],[146.03995,-43.54143],[146.03485,-43.53981],[146.03147,-43.57079],[146.04513,-43.5534],[146.07011,-43.55584],[146.08123,-43.54079],[146.09128,-43.54322],[146.09497,-43.55607],[146.11022,-43.55698],[146.10876,-43.5275],[146.12286,-43.52634],[146.12238,-43.52211],[146.1302,-43.52544],[146.13702,-43.51804],[146.14829,-43.52836],[146.14327,-43.50442],[146.1602,-43.49965],[146.15929,-43.51352],[146.17723,-43.5106],[146.18458,-43.53232],[146.19942,-43.53953],[146.21226,-43.5335],[146.20991,-43.51251],[146.21674,-43.49509],[146.23294,-43.4905],[146.24541,-43.49527],[146.25196,-43.48974],[146.27626,-43.50168],[146.27427,-43.51138],[146.26584,-43.51577],[146.27047,-43.51813],[146.26784,-43.52853],[146.28692,-43.53565],[146.28855,-43.54383],[146.31639,-43.53649],[146.3262,-43.52048],[146.34417,-43.51492],[146.36452,-43.5178],[146.37414,-43.53479],[146.39226,-43.53023],[146.40719,-43.53973],[146.45374,-43.53464],[146.46135,-43.54238],[146.47008,-43.54221],[146.47479,-43.53508],[146.49029,-43.54261],[146.50737,-43.52458],[146.52951,-43.53072],[146.54272,-43.52432],[146.59484,-43.54481],[146.60263,-43.55223],[146.59717,-43.559],[146.61021,-43.56003],[146.60677,-43.56819],[146.61846,-43.5627],[146.62873,-43.56571],[146.64458,-43.58069],[146.64009,-43.58665],[146.65659,-43.57931],[146.65249,-43.59621],[146.65992,-43.60652],[146.67013,-43.59468],[146.68609,-43.59667],[146.70552,-43.63229],[146.71192,-43.62603],[146.72374,-43.63132],[146.74601,-43.61014],[146.7633,-43.61522],[146.77122,-43.60806],[146.78152,-43.60938],[146.78663,-43.59797],[146.83358,-43.61648],[146.83895,-43.63095],[146.8271,-43.64296],[146.84516,-43.63317],[146.86343,-43.63224],[146.87063,-43.63884],[146.87441,-43.62268],[146.92156,-43.59921],[146.91716,-43.59435],[146.92413,-43.58128],[146.917,-43.56903],[146.87305,-43.58959],[146.89202,-43.58257],[146.88729,-43.56641],[146.90366,-43.56238],[146.88505,-43.55487],[146.8953,-43.54145],[146.89085,-43.53532],[146.90229,-43.52311],[146.90066,-43.51631],[146.91138,-43.53033],[146.90436,-43.53969],[146.91731,-43.54651],[146.92966,-43.53499],[146.95333,-43.5331],[146.95637,-43.51021],[146.97794,-43.49355],[146.97654,-43.48752],[146.94459,-43.51166],[146.94423,-43.49998],[146.92924,-43.49441],[146.94241,-43.47802],[146.94702,-43.48082],[146.97155,-43.46891],[146.98167,-43.47384],[146.98156,-43.48733],[147.00309,-43.47946],[146.99653,-43.46162],[146.98468,-43.45521],[146.96986,-43.45548],[146.96029,-43.44787],[146.94319,-43.4509],[146.93762,-43.44718],[146.9457,-43.44625],[146.94203,-43.44021],[146.91656,-43.44668],[146.91904,-43.43866],[146.92862,-43.43491],[146.91967,-43.41376],[146.94753,-43.43465],[146.95064,-43.44697],[146.95999,-43.44672],[146.96479,-43.43587],[146.97396,-43.43224],[146.9869,-43.44095],[147.00397,-43.43388],[147.0187,-43.44269],[147.02734,-43.43495],[147.01393,-43.42197],[147.02663,-43.41093],[147.01865,-43.40246],[147.04787,-43.3792],[147.05408,-43.3574],[147.06051,-43.35754],[147.06027,-43.35214],[147.03364,-43.3447],[147.0208,-43.33361],[147.0077,-43.34263],[146.98641,-43.33324],[146.98,-43.33854],[146.98305,-43.32964],[146.97194,-43.32808],[146.98036,-43.32532],[147.00513,-43.33577],[147.00483,-43.32353],[147.01323,-43.31588],[147.0451,-43.31232],[147.06631,-43.33214],[147.07328,-43.3262],[147.06819,-43.31831],[147.08168,-43.29225],[147.09999,-43.29173],[147.10132,-43.28353],[147.07301,-43.26738],[147.06511,-43.24869],[147.03806,-43.24131],[147.08389,-43.20685],[147.0731,-43.20228],[147.08733,-43.19176],[147.08166,-43.16538],[147.09484,-43.16924],[147.09312,-43.18056],[147.10674,-43.18517],[147.09515,-43.18776],[147.1057,-43.19765],[147.10273,-43.20645],[147.1159,-43.20911],[147.09249,-43.21894],[147.09953,-43.23818],[147.09046,-43.24326],[147.10141,-43.24629],[147.09593,-43.24892],[147.10509,-43.25158],[147.12604,-43.2424],[147.14428,-43.24972],[147.14367,-43.27186],[147.16796,-43.28274],[147.18898,-43.27607],[147.21693,-43.28085],[147.24218,-43.26727],[147.24176,-43.25344],[147.2611,-43.22312],[147.25552,-43.18746],[147.23967,-43.17461],[147.24837,-43.16553],[147.23906,-43.16194],[147.23904,-43.15395],[147.24762,-43.15101],[147.2417,-43.14798],[147.25634,-43.13779],[147.25168,-43.1328],[147.26257,-43.13086],[147.2469,-43.12181],[147.26918,-43.12142],[147.27174,-43.11444],[147.25938,-43.10615],[147.27411,-43.10434],[147.285,-43.11054],[147.301,-43.08804],[147.27919,-43.07436],[147.25757,-43.07131],[147.26443,-43.06556],[147.25576,-43.06282],[147.26612,-43.05792],[147.26764,-43.0438],[147.27948,-43.02589],[147.26483,-43.02075],[147.27071,-43.0235],[147.27636,-43.01169],[147.28575,-43.00934],[147.31095,-43.05607],[147.32204,-43.06017],[147.34416,-43.05097],[147.32436,-43.00553],[147.33138,-42.98898],[147.32551,-42.98305],[147.3398,-42.97313],[147.34647,-42.95398],[147.35684,-42.95102],[147.36303,-42.9238],[147.35819,-42.90875],[147.33384,-42.90061],[147.34033,-42.89036],[147.33294,-42.88399],[147.36709,-42.86993],[147.36784,-42.88249],[147.40533,-42.88368],[147.41852,-42.91125],[147.41071,-42.91853],[147.41027,-42.93817],[147.42218,-42.93942],[147.43501,-42.92246],[147.43668,-42.90823],[147.47935,-42.90652],[147.48622,-42.92347],[147.49385,-42.92301],[147.48587,-42.92859],[147.47794,-42.91815],[147.46592,-42.92304],[147.45656,-42.94829],[147.44994,-42.94945],[147.45411,-42.95602],[147.4463,-42.97728],[147.46634,-42.96947],[147.47967,-42.9844],[147.46916,-42.9989],[147.47364,-43.01854],[147.46672,-43.02765],[147.44885,-43.03166],[147.42941,-43.02554],[147.42793,-43.01223],[147.41821,-43.00334],[147.41921,-42.98425],[147.40516,-42.97771],[147.40945,-42.96232],[147.40195,-42.97349],[147.39285,-42.9754],[147.40496,-42.98377],[147.39735,-43.00574],[147.41534,-43.01987],[147.40453,-43.0365],[147.41925,-43.04987],[147.43627,-43.03799],[147.52152,-43.02046],[147.52859,-43.0064],[147.52421,-42.99327],[147.5543,-42.98569],[147.5505,-42.96744],[147.53494,-42.95682],[147.53196,-42.93184],[147.51573,-42.92453],[147.51272,-42.91608],[147.49791,-42.91447],[147.49538,-42.90746],[147.51168,-42.87619],[147.50406,-42.86516],[147.54238,-42.84229],[147.5935,-42.83899],[147.61707,-42.85094],[147.6077,-42.85544],[147.61219,-42.8642],[147.60712,-42.86939],[147.65397,-42.8785],[147.6491,-42.87393],[147.65809,-42.8755],[147.68565,-42.86267],[147.69811,-42.87235],[147.70386,-42.8681],[147.69859,-42.87406],[147.68481,-42.86416],[147.681,-42.8723],[147.66547,-42.87403],[147.6576,-42.88167],[147.64079,-42.87976],[147.64836,-42.89244],[147.65671,-42.88614],[147.66833,-42.8902],[147.66937,-42.90126],[147.68129,-42.90328],[147.69324,-42.89132],[147.70595,-42.894],[147.72376,-42.8865],[147.72916,-42.89845],[147.74492,-42.89502],[147.76752,-42.90637],[147.77103,-42.8994],[147.79143,-42.90213],[147.79506,-42.89154],[147.81529,-42.89878],[147.82351,-42.91713],[147.81264,-42.92584],[147.81315,-42.93572],[147.8332,-42.93511],[147.83494,-42.9421],[147.82975,-42.9443],[147.83648,-42.94706],[147.85676,-42.93512],[147.86543,-42.94659],[147.85344,-42.94575],[147.84797,-42.95082],[147.85315,-42.95754],[147.83131,-42.96476],[147.81196,-42.96094],[147.82326,-42.97573],[147.83255,-42.97035],[147.83726,-42.97981],[147.85606,-42.98181],[147.83825,-42.99081],[147.84269,-42.99766],[147.83834,-43.00323],[147.85007,-43.00816],[147.84622,-43.01311],[147.92358,-43.01709],[147.87191,-43.02308],[147.85844,-43.05692],[147.8576,-43.04416],[147.84121,-43.03058],[147.83551,-43.04131],[147.84406,-43.05069],[147.84063,-43.06],[147.82646,-43.05552],[147.8138,-43.06006],[147.80539,-43.04702],[147.77942,-43.04898],[147.77346,-43.05468],[147.76677,-43.03308],[147.75959,-43.04425],[147.74741,-43.04172],[147.74087,-43.01405],[147.71898,-43.02772],[147.72741,-43.02516],[147.72744,-43.0193],[147.71958,-43.00903],[147.70814,-43.007],[147.73713,-42.96908],[147.72798,-42.96429],[147.73026,-42.95286],[147.72159,-42.94959],[147.7067,-42.95608],[147.70083,-42.94445],[147.68095,-42.93426],[147.66744,-42.93839],[147.66626,-42.9444],[147.677,-42.95738],[147.67048,-42.96324],[147.6855,-42.9741],[147.6844,-42.98535],[147.66849,-42.9996],[147.64201,-42.99299],[147.61861,-43.0083],[147.62792,-43.04056],[147.62271,-43.05162],[147.62719,-43.07338],[147.64251,-43.07679],[147.6512,-43.08935],[147.67321,-43.08601],[147.68544,-43.10247],[147.7011,-43.09748],[147.71242,-43.10141],[147.73229,-43.09149],[147.741,-43.09621],[147.74632,-43.11139],[147.73075,-43.10034],[147.71722,-43.10464],[147.73565,-43.11329],[147.72814,-43.13006],[147.71824,-43.12093],[147.70536,-43.1218],[147.68544,-43.13843],[147.69802,-43.14556],[147.69482,-43.15364],[147.70122,-43.16012],[147.6952,-43.16906],[147.70538,-43.17855],[147.71545,-43.17845],[147.71186,-43.19413],[147.74589,-43.19757],[147.7441,-43.20501],[147.77671,-43.21319],[147.7819,-43.22478]]],[[[147.95274,-39.72436],[147.93768,-39.72221],[147.93408,-39.73312],[147.91906,-39.7444],[147.89695,-39.75019],[147.8842,-39.7614],[147.87182,-39.75858],[147.86289,-39.74755],[147.84779,-39.75098],[147.85034,-39.76099],[147.86766,-39.77432],[147.86356,-39.78046],[147.86858,-39.78679],[147.86245,-39.79801],[147.84065,-39.80868],[147.84998,-39.82289],[147.84523,-39.8315],[147.82375,-39.83814],[147.8025,-39.83595],[147.80233,-39.84282],[147.78849,-39.85157],[147.77722,-39.84993],[147.76888,-39.86645],[147.75131,-39.87317],[147.75762,-39.89071],[147.78986,-39.89983],[147.80411,-39.91661],[147.83521,-39.90133],[147.86082,-39.89792],[147.88862,-39.92404],[147.90516,-39.96589],[147.90287,-39.9912],[147.88585,-40.00112],[147.88126,-40.01181],[147.86925,-40.00979],[147.8568,-40.02106],[147.87659,-40.02217],[147.89488,-40.03674],[147.91613,-40.03009],[147.93389,-40.03445],[147.95113,-40.06108],[147.95343,-40.09866],[147.96439,-40.08909],[147.95547,-40.08405],[147.96104,-40.07521],[147.96988,-40.08645],[147.9899,-40.09196],[147.99667,-40.10479],[148.00644,-40.10467],[148.01679,-40.13026],[148.01777,-40.17064],[148.04225,-40.20234],[148.03783,-40.21439],[148.02474,-40.21231],[148.02564,-40.22615],[148.04116,-40.23073],[148.04653,-40.24958],[148.06026,-40.24823],[148.06621,-40.25848],[148.08319,-40.26042],[148.08875,-40.26876],[148.09793,-40.26261],[148.12188,-40.27402],[148.13012,-40.2671],[148.15636,-40.26403],[148.1689,-40.25209],[148.18663,-40.24862],[148.19307,-40.219],[148.21,-40.21082],[148.23446,-40.20935],[148.24118,-40.21499],[148.25877,-40.21004],[148.27198,-40.21738],[148.27128,-40.23032],[148.28474,-40.23134],[148.33467,-40.21124],[148.30545,-40.14622],[148.28768,-40.08126],[148.28179,-40.08149],[148.28397,-40.11211],[148.27882,-40.11665],[148.23402,-40.12786],[148.22334,-40.12132],[148.23791,-40.1022],[148.2462,-40.1039],[148.26919,-40.0911],[148.28261,-40.07638],[148.2866,-40.05449],[148.27877,-40.00918],[148.29083,-39.96528],[148.25917,-39.96657],[148.20426,-39.94567],[148.17639,-39.95191],[148.17508,-39.94158],[148.12561,-39.90046],[148.10858,-39.89494],[148.12163,-39.89689],[148.00716,-39.77964],[147.96284,-39.74217],[147.9898,-39.77916],[147.96715,-39.75879],[147.96746,-39.77342],[147.95556,-39.74598],[147.95534,-39.73243],[147.96264,-39.72768],[147.95274,-39.72436]]],[[[143.97892,-39.595],[143.95004,-39.57983],[143.93581,-39.59531],[143.92683,-39.59285],[143.92555,-39.61162],[143.93453,-39.64031],[143.92864,-39.65959],[143.89757,-39.69441],[143.84489,-39.7162],[143.85417,-39.73747],[143.85046,-39.77055],[143.86371,-39.79073],[143.86065,-39.82297],[143.86755,-39.83293],[143.86388,-39.84532],[143.85459,-39.851],[143.86109,-39.8561],[143.8476,-39.8706],[143.84261,-39.88536],[143.84708,-39.89491],[143.83664,-39.90223],[143.83983,-39.91111],[143.83441,-39.91994],[143.84551,-39.92474],[143.84017,-39.93664],[143.8793,-39.96705],[143.88709,-39.9919],[143.89235,-39.99352],[143.88582,-39.9984],[143.89247,-40.01014],[143.8846,-40.02827],[143.89058,-40.05474],[143.88139,-40.06227],[143.86322,-40.05981],[143.85812,-40.06435],[143.87239,-40.08322],[143.86865,-40.0887],[143.87642,-40.09739],[143.87633,-40.11664],[143.90533,-40.12171],[143.90912,-40.12802],[143.90111,-40.13824],[143.91615,-40.14327],[143.92549,-40.1572],[143.93064,-40.14714],[143.92207,-40.13349],[143.94719,-40.11485],[143.96228,-40.10927],[143.97197,-40.11708],[143.98737,-40.09956],[144.02806,-40.09417],[144.03968,-40.07857],[144.05083,-40.07412],[144.04839,-40.06906],[144.06321,-40.063],[144.06303,-40.06946],[144.06996,-40.05177],[144.08603,-40.04764],[144.09435,-40.05178],[144.10591,-40.04341],[144.10153,-40.02818],[144.11603,-40.01784],[144.1132,-40.00765],[144.12807,-39.99267],[144.13775,-39.93759],[144.13582,-39.92513],[144.1113,-39.91312],[144.10514,-39.88974],[144.10737,-39.86457],[144.12796,-39.82371],[144.11162,-39.79765],[144.10248,-39.7662],[144.11,-39.66945],[144.06827,-39.64297],[144.05408,-39.62471],[144.01375,-39.60934],[144.00431,-39.5981],[143.98847,-39.60281],[143.97892,-39.595]]],[[[148.16367,-40.34689],[148.14516,-40.34298],[148.14254,-40.33705],[148.0924,-40.3455],[148.07901,-40.34022],[148.06136,-40.35872],[148.03906,-40.35842],[148.02787,-40.36954],[147.99239,-40.38315],[147.98606,-40.38946],[147.99124,-40.39727],[147.98396,-40.40306],[147.98976,-40.40604],[147.98736,-40.4187],[147.99818,-40.42303],[148.01881,-40.41449],[148.03245,-40.42508],[148.02484,-40.42986],[148.04527,-40.43448],[148.03997,-40.44186],[148.04672,-40.44882],[148.08675,-40.45713],[148.09123,-40.45011],[148.11427,-40.44754],[148.12547,-40.43955],[148.14088,-40.44922],[148.14084,-40.46022],[148.15053,-40.45361],[148.14356,-40.44725],[148.16397,-40.45026],[148.19923,-40.43753],[148.21666,-40.46267],[148.22525,-40.46603],[148.25239,-40.45212],[148.27365,-40.43078],[148.28386,-40.42797],[148.29452,-40.4342],[148.30924,-40.42625],[148.33606,-40.46485],[148.33645,-40.48289],[148.35135,-40.49303],[148.37747,-40.47701],[148.39726,-40.49009],[148.40064,-40.47371],[148.4132,-40.46294],[148.42965,-40.46555],[148.43513,-40.45361],[148.42921,-40.44939],[148.43685,-40.44072],[148.45023,-40.43655],[148.45508,-40.44213],[148.47337,-40.44299],[148.48132,-40.43561],[148.46564,-40.42881],[148.45752,-40.41985],[148.45795,-40.40994],[148.44631,-40.40564],[148.44446,-40.39018],[148.45137,-40.37728],[148.4203,-40.37208],[148.40803,-40.37826],[148.39733,-40.35832],[148.36981,-40.34115],[148.36308,-40.3233],[148.32989,-40.29135],[148.331,-40.30003],[148.31796,-40.31155],[148.3081,-40.31179],[148.29965,-40.32196],[148.28213,-40.31995],[148.26566,-40.33832],[148.24657,-40.33263],[148.24303,-40.32574],[148.22853,-40.3305],[148.22563,-40.32211],[148.21018,-40.31801],[148.20839,-40.33954],[148.19927,-40.35176],[148.19146,-40.3563],[148.18375,-40.34475],[148.16367,-40.34689]]],[[[147.36201,-43.08402],[147.3667,-43.07047],[147.3511,-43.06342],[147.33649,-43.08243],[147.32291,-43.08388],[147.32675,-43.08828],[147.31676,-43.10872],[147.30677,-43.11224],[147.31484,-43.1186],[147.33031,-43.11495],[147.32298,-43.12573],[147.32815,-43.13046],[147.33795,-43.11941],[147.35274,-43.12801],[147.36085,-43.11407],[147.35562,-43.14024],[147.35299,-43.13101],[147.3375,-43.13585],[147.32975,-43.1516],[147.30966,-43.13433],[147.28307,-43.14364],[147.29166,-43.14545],[147.29591,-43.15699],[147.28342,-43.15804],[147.27633,-43.1656],[147.28525,-43.1707],[147.301,-43.16788],[147.29926,-43.18016],[147.33098,-43.16892],[147.34354,-43.17169],[147.32911,-43.18139],[147.33218,-43.18455],[147.35446,-43.18579],[147.36386,-43.17519],[147.38445,-43.18206],[147.38533,-43.20143],[147.37607,-43.21417],[147.36432,-43.20829],[147.34957,-43.21164],[147.35209,-43.21843],[147.34177,-43.2184],[147.35643,-43.22843],[147.34982,-43.23645],[147.35925,-43.247],[147.35672,-43.25889],[147.32983,-43.28716],[147.30729,-43.29652],[147.29902,-43.27296],[147.30211,-43.26278],[147.2915,-43.24083],[147.28571,-43.26715],[147.27281,-43.27443],[147.27091,-43.29513],[147.24384,-43.30665],[147.2417,-43.32652],[147.22285,-43.33909],[147.22358,-43.3508],[147.23433,-43.36338],[147.21827,-43.36188],[147.219,-43.37603],[147.2078,-43.3825],[147.19925,-43.37902],[147.19648,-43.36079],[147.18613,-43.3572],[147.18956,-43.34902],[147.17931,-43.35163],[147.18625,-43.38652],[147.1684,-43.40837],[147.17484,-43.40928],[147.17469,-43.42291],[147.18558,-43.41744],[147.19242,-43.42818],[147.17495,-43.43734],[147.18114,-43.4415],[147.17221,-43.45063],[147.18078,-43.45762],[147.16067,-43.46333],[147.1632,-43.45821],[147.15378,-43.45793],[147.1236,-43.41605],[147.09886,-43.41208],[147.0956,-43.42816],[147.11436,-43.43619],[147.13642,-43.45702],[147.13393,-43.48172],[147.14186,-43.48594],[147.13896,-43.49212],[147.14769,-43.49563],[147.15819,-43.48294],[147.17939,-43.49164],[147.18795,-43.48002],[147.18064,-43.47066],[147.19351,-43.46622],[147.20393,-43.45316],[147.20225,-43.43789],[147.2177,-43.43633],[147.25214,-43.44708],[147.25488,-43.46054],[147.24139,-43.46494],[147.24876,-43.49256],[147.26355,-43.48751],[147.27321,-43.4997],[147.29122,-43.50487],[147.29526,-43.51537],[147.32811,-43.4961],[147.32142,-43.46937],[147.33276,-43.44065],[147.34476,-43.43633],[147.34663,-43.42834],[147.33874,-43.42292],[147.36551,-43.39085],[147.37986,-43.38933],[147.38267,-43.37189],[147.37987,-43.36047],[147.36728,-43.34972],[147.35051,-43.36762],[147.33108,-43.36162],[147.32271,-43.34409],[147.32105,-43.30805],[147.33631,-43.28346],[147.36501,-43.25887],[147.41007,-43.24035],[147.41899,-43.24124],[147.42264,-43.25246],[147.42999,-43.25199],[147.4329,-43.23812],[147.42663,-43.20526],[147.41127,-43.19891],[147.40897,-43.16793],[147.39312,-43.16358],[147.40059,-43.12657],[147.38996,-43.121],[147.38791,-43.10214],[147.37721,-43.10068],[147.37451,-43.08868],[147.36201,-43.08402]]],[[[148.09026,-42.58446],[148.07315,-42.56935],[148.05342,-42.58501],[148.04867,-42.60774],[148.02576,-42.6292],[148.03536,-42.6345],[148.03926,-42.64727],[148.02803,-42.65799],[148.00988,-42.66157],[148.02598,-42.66824],[148.05071,-42.65569],[148.06268,-42.66319],[148.06722,-42.67613],[148.05818,-42.6854],[148.0396,-42.68494],[148.02699,-42.71265],[148.01344,-42.72014],[148.01534,-42.74218],[148.04843,-42.7231],[148.06862,-42.72608],[148.06624,-42.71759],[148.07991,-42.7241],[148.09374,-42.72035],[148.09647,-42.71121],[148.08801,-42.68941],[148.06989,-42.68303],[148.07028,-42.67347],[148.08166,-42.66217],[148.11277,-42.66006],[148.12049,-42.66834],[148.13485,-42.66038],[148.14353,-42.66728],[148.1541,-42.65294],[148.16892,-42.64903],[148.14181,-42.63128],[148.13849,-42.60793],[148.1213,-42.58487],[148.09026,-42.58446]]],[[[144.93846,-40.65],[144.92991,-40.62258],[144.91997,-40.62511],[144.91206,-40.64749],[144.87249,-40.67792],[144.87664,-40.7092],[144.86804,-40.7216],[144.87106,-40.72611],[144.89495,-40.73968],[144.90629,-40.73889],[144.9201,-40.72809],[144.94349,-40.73063],[144.96317,-40.71175],[144.97746,-40.70729],[144.99512,-40.70716],[145.00531,-40.71421],[145.01263,-40.70698],[145.03415,-40.70936],[145.04118,-40.70429],[145.03993,-40.71267],[145.05082,-40.71222],[145.04209,-40.7169],[145.06846,-40.71429],[145.04426,-40.68837],[145.04994,-40.67995],[145.02546,-40.6843],[144.99139,-40.66904],[144.957,-40.63149],[144.95226,-40.63205],[144.96826,-40.65828],[144.93846,-40.65]]],[[[148.23694,-40.501],[148.24632,-40.49721],[148.24689,-40.47952],[148.22734,-40.48564],[148.2093,-40.50348],[148.19284,-40.48951],[148.12952,-40.50238],[148.12614,-40.51041],[148.11491,-40.50931],[148.09436,-40.53227],[148.12061,-40.53761],[148.11928,-40.54552],[148.1145,-40.54478],[148.11887,-40.54827],[148.11331,-40.56541],[148.12688,-40.57291],[148.13155,-40.56557],[148.14897,-40.56589],[148.17944,-40.59368],[148.18791,-40.5872],[148.19777,-40.58884],[148.19163,-40.57933],[148.19398,-40.56729],[148.2344,-40.53262],[148.22769,-40.52575],[148.23694,-40.501]]],[[[144.93662,-40.46748],[144.94272,-40.45942],[144.95193,-40.45977],[144.94914,-40.43776],[144.97013,-40.4254],[144.95655,-40.4117],[144.96222,-40.40208],[144.95521,-40.39133],[144.94221,-40.39737],[144.92575,-40.3912],[144.91386,-40.39675],[144.89942,-40.39437],[144.89762,-40.38868],[144.88247,-40.39048],[144.88462,-40.39877],[144.87564,-40.40073],[144.88542,-40.40744],[144.87935,-40.4208],[144.85754,-40.43353],[144.84195,-40.43048],[144.83552,-40.44144],[144.85103,-40.45242],[144.85899,-40.46771],[144.89384,-40.48281],[144.91301,-40.48061],[144.93662,-40.46748]]],[[[144.78975,-40.48856],[144.79296,-40.47855],[144.78573,-40.47011],[144.79153,-40.46436],[144.79323,-40.41984],[144.78581,-40.39855],[144.78552,-40.41987],[144.77621,-40.42477],[144.76622,-40.45121],[144.77292,-40.46516],[144.75664,-40.48531],[144.73208,-40.4884],[144.72541,-40.47907],[144.71175,-40.48276],[144.71911,-40.50029],[144.70986,-40.50892],[144.7227,-40.51677],[144.73372,-40.54949],[144.72733,-40.57506],[144.73714,-40.59317],[144.75834,-40.60541],[144.77675,-40.58112],[144.77074,-40.55699],[144.77313,-40.53164],[144.79177,-40.50739],[144.78975,-40.48856]]],[[[148.30396,-42.29642],[148.29533,-42.29257],[148.28022,-42.30024],[148.25519,-42.29264],[148.24027,-42.30232],[148.2376,-42.31666],[148.25162,-42.32858],[148.27764,-42.32515],[148.29507,-42.33207],[148.29276,-42.33558],[148.30509,-42.34351],[148.34653,-42.34144],[148.32671,-42.33333],[148.33252,-42.32263],[148.31819,-42.32313],[148.31985,-42.30551],[148.30396,-42.29642]]],[[[147.34656,-39.46015],[147.34175,-39.45024],[147.32644,-39.45795],[147.32105,-39.45286],[147.31031,-39.46781],[147.31352,-39.47327],[147.30513,-39.47466],[147.3073,-39.48408],[147.31716,-39.48334],[147.31932,-39.50233],[147.32537,-39.50527],[147.33178,-39.50076],[147.33118,-39.49064],[147.34189,-39.48875],[147.35217,-39.49724],[147.34993,-39.48546],[147.35822,-39.48092],[147.34674,-39.47143],[147.36209,-39.46474],[147.34656,-39.46015]]],[[[147.90833,-40.3017],[147.90345,-40.29177],[147.87556,-40.30567],[147.86816,-40.29758],[147.83943,-40.29248],[147.83644,-40.30308],[147.85593,-40.30938],[147.84694,-40.32362],[147.86403,-40.31958],[147.87843,-40.32511],[147.90199,-40.31868],[147.90833,-40.3017]]],[[[147.75932,-40.06893],[147.7872,-40.04242],[147.7761,-40.032],[147.77596,-40.02347],[147.76483,-40.02874],[147.76103,-40.04815],[147.74747,-40.0671],[147.75087,-40.07611],[147.72485,-40.09295],[147.72698,-40.10333],[147.75654,-40.09442],[147.76233,-40.08237],[147.75932,-40.06893]]],[[[145.10504,-40.79374],[145.04479,-40.75147],[145.04048,-40.77311],[145.04656,-40.78327],[145.0778,-40.79432],[145.10504,-40.79374]]],[[[148.32031,-40.28097],[148.31246,-40.26628],[148.29478,-40.25794],[148.27946,-40.2873],[148.3072,-40.29294],[148.32196,-40.28602],[148.32031,-40.28097]]],[[[144.94207,-40.62474],[144.94941,-40.62025],[144.9289,-40.57756],[144.92355,-40.58171],[144.91991,-40.61184],[144.93249,-40.61872],[144.93512,-40.62828],[144.94207,-40.62474]]],[[[147.89994,-39.68204],[147.88848,-39.68485],[147.89228,-39.70246],[147.94531,-39.69963],[147.92969,-39.6865],[147.90697,-39.68944],[147.89994,-39.68204]]],[[[147.98613,-39.64207],[147.98205,-39.6372],[147.97719,-39.64295],[147.98509,-39.65198],[147.96793,-39.65579],[147.96616,-39.66347],[147.99067,-39.66341],[148.01029,-39.65058],[148.00183,-39.64057],[147.98613,-39.64207]]],[[[146.37747,-43.5875],[146.34718,-43.58681],[146.33764,-43.59312],[146.3428,-43.60433],[146.35933,-43.60733],[146.37697,-43.59882],[146.37747,-43.5875]]],[[[148.23438,-40.23992],[148.22746,-40.24135],[148.23412,-40.25528],[148.2384,-40.24909],[148.24903,-40.25633],[148.26606,-40.25612],[148.25892,-40.24296],[148.23438,-40.23992]]],[[[148.34679,-39.95296],[148.32817,-39.93243],[148.32382,-39.94452],[148.31545,-39.94686],[148.32272,-39.95938],[148.34679,-39.95296]]],[[[148.02387,-40.3516],[148.00771,-40.35091],[147.98035,-40.36695],[148.00771,-40.36533],[148.02387,-40.3516]]],[[[147.3034,-39.44056],[147.28737,-39.43881],[147.28657,-39.44592],[147.27464,-39.44556],[147.3001,-39.46179],[147.29702,-39.45554],[147.30557,-39.45505],[147.30026,-39.44726],[147.3034,-39.44056]]],[[[148.12537,-40.72794],[148.11279,-40.72789],[148.08941,-40.74008],[148.10705,-40.74278],[148.1266,-40.73413],[148.12537,-40.72794]]],[[[147.62336,-40.81346],[147.6385,-40.80041],[147.64191,-40.77911],[147.61581,-40.81022],[147.62336,-40.81346]]],[[[147.92809,-40.2815],[147.93696,-40.27155],[147.93085,-40.25819],[147.91131,-40.27725],[147.92809,-40.2815]]],[[[147.29737,-39.46781],[147.29416,-39.46223],[147.2712,-39.46714],[147.27322,-39.47183],[147.26151,-39.47902],[147.27998,-39.47442],[147.28496,-39.48053],[147.29737,-39.46781]]],[[[148.34906,-40.518],[148.34373,-40.49883],[148.33422,-40.49503],[148.328,-40.50001],[148.34034,-40.51656],[148.34906,-40.518]]],[[[148.07152,-40.47407],[148.05902,-40.46861],[148.04782,-40.47383],[148.08039,-40.48828],[148.07152,-40.47407]]],[[[148.31621,-40.50353],[148.3123,-40.4973],[148.30326,-40.50424],[148.30878,-40.51186],[148.30458,-40.5216],[148.31415,-40.51993],[148.31621,-40.50353]]],[[[146.27541,-43.6574],[146.28715,-43.65211],[146.2765,-43.63665],[146.26793,-43.65785],[146.27541,-43.6574]]],[[[147.97538,-40.17504],[147.97108,-40.17753],[147.9773,-40.19425],[147.98639,-40.18658],[147.98369,-40.17762],[147.97538,-40.17504]]],[[[148.1658,-40.29262],[148.14342,-40.29023],[148.13216,-40.2981],[148.16131,-40.29752],[148.1658,-40.29262]]],[[[147.49076,-43.06265],[147.48369,-43.04364],[147.47231,-43.04547],[147.48279,-43.0603],[147.48787,-43.06463],[147.49076,-43.06265]]],[[[147.91008,-40.18191],[147.89388,-40.18187],[147.89021,-40.19058],[147.89511,-40.19406],[147.90309,-40.18499],[147.91684,-40.18679],[147.91008,-40.18191]]],[[[146.64836,-39.47864],[146.65955,-39.46397],[146.63866,-39.47301],[146.64259,-39.48085],[146.64836,-39.47864]]],[[[148.11121,-40.30856],[148.1164,-40.29908],[148.11112,-40.29551],[148.09815,-40.30975],[148.11121,-40.30856]]],[[[144.69705,-40.63664],[144.68895,-40.62677],[144.6796,-40.62733],[144.68665,-40.63807],[144.69705,-40.63664]]],[[[143.82651,-39.67729],[143.83819,-39.66827],[143.82584,-39.66603],[143.81969,-39.67528],[143.82651,-39.67729]]],[[[147.10368,-43.40656],[147.10635,-43.39613],[147.10023,-43.38907],[147.09529,-43.39919],[147.10368,-43.40656]]],[[[148.00479,-43.24446],[148.00895,-43.23493],[148.00092,-43.23117],[147.99629,-43.24069],[148.00479,-43.24446]]],[[[147.64939,-42.95614],[147.64587,-42.94398],[147.6374,-42.94643],[147.64051,-42.95436],[147.64939,-42.95614]]],[[[144.83792,-40.69963],[144.84141,-40.69444],[144.83446,-40.69076],[144.82432,-40.69929],[144.83792,-40.69963]]]],"type":"MultiPolygon"},"properties":{"area_sqkm":68293.29,"id":"hobart","name":"Hobart Hub"},"type":"Feature"},
{"geometry":{"coordinates":[[[[142.28179,-34.32314],[142.24566,-34.43618],[142.17221,-34.751],[142.13754,-34.84095],[142.09194,-34.92248],[141.98523,-35.05885],[141.68275,-35.3627],[141.56638,-35.50399],[141.52424,-35.57658],[141.48386,-35.66392],[141.33475,-36.0563],[141.29256,-36.13865],[141.24656,-36.20696],[141.18832,-36.26832],[141.12382,-36.31253],[141.05124,-36.34131],[140.96688,-36.35587],[140.97199,-37.40261],[140.96592,-38.05581],[141.02951,-38.0722],[141.14859,-38.12537],[141.2728,-38.20179],[141.35843,-38.27541],[141.39109,-38.31702],[141.39839,-38.33781],[141.36604,-38.36632],[141.36408,-38.37555],[141.37338,-38.38576],[141.41289,-38.39764],[141.40662,-38.37033],[141.42274,-38.36267],[141.45422,-38.36031],[141.52049,-38.3905],[141.52918,-38.4061],[141.5214,-38.4144],[141.54328,-38.43267],[141.55654,-38.42661],[141.55966,-38.40646],[141.57312,-38.39058],[141.61379,-38.39389],[141.62629,-38.40649],[141.62739,-38.39387],[141.65016,-38.3928],[141.62179,-38.35055],[141.60948,-38.34991],[141.6021,-38.3128],[141.67868,-38.26813],[141.73882,-38.25344],[141.84766,-38.2619],[141.84004,-38.25893],[141.84482,-38.25839],[141.9299,-38.27817],[141.99797,-38.30754],[142.07491,-38.35649],[142.15184,-38.39164],[142.2406,-38.39452],[142.24805,-38.37503],[142.26508,-38.36433],[142.3751,-38.35021],[142.45963,-38.39721],[142.47067,-38.40169],[142.47117,-38.39755],[142.47497,-38.40417],[142.47824,-38.39571],[142.49054,-38.39366],[142.56324,-38.42153],[142.69156,-38.50389],[142.69717,-38.50235],[142.69995,-38.51205],[142.78801,-38.56828],[142.82355,-38.57656],[142.82679,-38.5857],[142.85116,-38.59132],[142.85911,-38.60465],[142.90301,-38.6108],[142.93582,-38.62579],[142.94878,-38.61907],[142.97748,-38.62514],[142.99125,-38.61849],[142.99142,-38.62315],[143.03677,-38.63207],[143.05679,-38.6433],[143.05538,-38.64834],[143.08008,-38.65166],[143.12469,-38.67856],[143.18998,-38.73443],[143.19054,-38.74073],[143.23438,-38.76658],[143.25784,-38.77223],[143.30297,-38.75006],[143.32735,-38.75716],[143.36174,-38.75569],[143.39355,-38.7701],[143.4019,-38.78046],[143.42738,-38.78303],[143.46067,-38.80587],[143.50802,-38.85615],[143.55354,-38.85528],[143.57955,-38.8362],[143.5867,-38.8212],[143.61534,-38.79518],[143.64446,-38.79156],[143.66584,-38.77934],[143.66895,-38.76517],[143.67971,-38.76104],[143.67061,-38.75217],[143.68161,-38.73716],[143.76346,-38.70505],[143.83819,-38.69223],[143.84384,-38.67801],[143.86592,-38.67229],[143.87154,-38.65492],[143.89485,-38.64186],[143.89219,-38.63498],[143.91179,-38.62219],[143.9239,-38.59318],[143.97546,-38.56567],[143.97691,-38.5561],[143.98794,-38.54927],[143.97798,-38.54156],[143.97863,-38.5343],[144.0368,-38.47546],[144.10588,-38.46834],[144.13441,-38.43384],[144.1831,-38.42871],[144.18081,-38.41821],[144.19767,-38.4072],[144.25221,-38.39647],[144.25661,-38.38238],[144.28108,-38.37096],[144.30423,-38.34756],[144.32733,-38.33987],[144.32809,-38.32613],[144.42749,-38.28201],[144.50105,-38.29038],[144.49476,-38.28351],[144.50562,-38.27529],[144.53876,-38.27101],[144.56947,-38.27528],[144.61392,-38.29181],[144.62361,-38.2739],[144.6599,-38.27409],[144.6663,-38.26271],[144.63346,-38.26983],[144.63646,-38.26566],[144.62487,-38.25667],[144.62529,-38.24969],[144.62986,-38.25148],[144.6672,-38.20944],[144.68686,-38.19703],[144.69556,-38.19431],[144.704,-38.20128],[144.69634,-38.21954],[144.70588,-38.2113],[144.71962,-38.17265],[144.72026,-38.14607],[144.69196,-38.11965],[144.63178,-38.10768],[144.55513,-38.15592],[144.47512,-38.16437],[144.44005,-38.14701],[144.42483,-38.12448],[144.41652,-38.15499],[144.40154,-38.15441],[144.38317,-38.14313],[144.36919,-38.14649],[144.35595,-38.13803],[144.36556,-38.10989],[144.36144,-38.10505],[144.38176,-38.097],[144.37914,-38.08637],[144.3897,-38.07603],[144.40666,-38.07132],[144.41508,-38.06018],[144.40868,-38.04947],[144.41225,-38.04339],[144.40982,-38.05026],[144.41736,-38.06051],[144.40679,-38.081],[144.44325,-38.08587],[144.44481,-38.09127],[144.45879,-38.07642],[144.47089,-38.08318],[144.47944,-38.07676],[144.50765,-38.09118],[144.51791,-38.05459],[144.51164,-38.05898],[144.5142,-38.04625],[144.55734,-38.03667],[144.58949,-38.00411],[144.5734,-37.9995],[144.65432,-37.99935],[144.68848,-37.97366],[144.69943,-37.97323],[144.73504,-37.94343],[144.79478,-37.92646],[144.79863,-37.90518],[144.81498,-37.87478],[144.87054,-37.85958],[144.87864,-37.86825],[144.90493,-37.87285],[144.91516,-37.86632],[144.90393,-37.86204],[144.89699,-37.84146],[144.9059,-37.84752],[144.90532,-37.84087],[144.91158,-37.84988],[144.91413,-37.84211],[144.92819,-37.8413],[144.97056,-37.86187],[144.97543,-37.88258],[144.98569,-37.89372],[144.98576,-37.9266],[145.01804,-37.9814],[145.03729,-37.99691],[145.05065,-37.98743],[145.06276,-37.99191],[145.10239,-38.03056],[145.12429,-38.09477],[145.11841,-38.14267],[145.0976,-38.16249],[145.08805,-38.1632],[145.06266,-38.20017],[145.04491,-38.21275],[145.03277,-38.2128],[145.02407,-38.25575],[145.00217,-38.2706],[144.98362,-38.29635],[144.99482,-38.30442],[144.98861,-38.31661],[144.92289,-38.3494],[144.85761,-38.36694],[144.81971,-38.36952],[144.76688,-38.3559],[144.73532,-38.32296],[144.68025,-38.30525],[144.65185,-38.30126],[144.65219,-38.30527],[144.74199,-38.35392],[144.8377,-38.4295],[144.88704,-38.47722],[144.88729,-38.49941],[144.89442,-38.4924],[144.91562,-38.48963],[144.91981,-38.49728],[144.93744,-38.49688],[144.94929,-38.48896],[144.97438,-38.49078],[145.01042,-38.48016],[145.03267,-38.48615],[145.02654,-38.47052],[145.05104,-38.4301],[145.07763,-38.4248],[145.07744,-38.41827],[145.09579,-38.40286],[145.12975,-38.3903],[145.23426,-38.40875],[145.22772,-38.39842],[145.21653,-38.39567],[145.21599,-38.38385],[145.18352,-38.37448],[145.19256,-38.37296],[145.19349,-38.36483],[145.21552,-38.37968],[145.22304,-38.37311],[145.21239,-38.36664],[145.21764,-38.34655],[145.18798,-38.32488],[145.198,-38.31097],[145.18957,-38.29727],[145.20252,-38.29145],[145.20678,-38.30337],[145.22252,-38.30542],[145.22806,-38.29086],[145.21986,-38.28133],[145.25806,-38.24257],[145.25009,-38.23136],[145.2451,-38.23263],[145.25624,-38.21825],[145.28127,-38.22249],[145.28834,-38.21568],[145.28712,-38.20781],[145.29467,-38.2064],[145.31277,-38.21732],[145.30731,-38.22682],[145.32455,-38.22389],[145.32181,-38.23438],[145.33818,-38.22897],[145.34472,-38.21394],[145.36735,-38.22009],[145.37282,-38.21183],[145.38224,-38.21108],[145.37906,-38.22068],[145.39884,-38.22617],[145.41171,-38.22799],[145.42442,-38.21606],[145.43941,-38.21595],[145.49004,-38.23323],[145.49774,-38.27484],[145.52094,-38.29713],[145.51409,-38.33832],[145.53099,-38.33467],[145.55077,-38.34816],[145.54401,-38.37887],[145.51502,-38.41491],[145.49346,-38.41569],[145.47875,-38.40736],[145.45405,-38.41263],[145.41648,-38.40751],[145.43396,-38.43216],[145.42676,-38.46353],[145.41754,-38.47104],[145.43241,-38.48027],[145.43461,-38.49557],[145.42077,-38.51224],[145.36396,-38.5211],[145.37187,-38.53557],[145.42811,-38.53605],[145.47909,-38.55324],[145.51192,-38.57855],[145.5614,-38.65204],[145.60678,-38.67788],[145.6387,-38.67269],[145.65533,-38.67668],[145.67102,-38.67087],[145.68935,-38.65177],[145.73881,-38.63466],[145.77026,-38.63405],[145.82356,-38.64418],[145.82004,-38.65013],[145.8455,-38.69578],[145.80918,-38.68345],[145.79844,-38.6707],[145.80162,-38.66125],[145.73332,-38.6449],[145.78706,-38.68183],[145.83593,-38.73237],[145.87293,-38.78152],[145.89517,-38.8267],[145.89643,-38.84618],[145.91699,-38.87774],[145.91164,-38.89113],[145.922,-38.90882],[145.93916,-38.89588],[145.97043,-38.89634],[146.00112,-38.88137],[146.00573,-38.87585],[145.99666,-38.85164],[146.00141,-38.83891],[146.01135,-38.82427],[146.03812,-38.81232],[146.06432,-38.81186],[146.10723,-38.82332],[146.17368,-38.86153],[146.18261,-38.85836],[146.16142,-38.84972],[146.15102,-38.83543],[146.1625,-38.82021],[146.1563,-38.81493],[146.16897,-38.81671],[146.17076,-38.8407],[146.18706,-38.85464],[146.18422,-38.86951],[146.23176,-38.91628],[146.27244,-38.98006],[146.26742,-38.98988],[146.24953,-38.99415],[146.27503,-38.99717],[146.29401,-39.01513],[146.28549,-39.02489],[146.30438,-39.02314],[146.30578,-39.03946],[146.31462,-39.03239],[146.32614,-39.0395],[146.31825,-39.05263],[146.33208,-39.05014],[146.34379,-39.06061],[146.34029,-39.07675],[146.3224,-39.07827],[146.32479,-39.09289],[146.34492,-39.11443],[146.3461,-39.1249],[146.37649,-39.13575],[146.38819,-39.12596],[146.39093,-39.13471],[146.41638,-39.12601],[146.42801,-39.12961],[146.42475,-39.11658],[146.43267,-39.1147],[146.42809,-39.10844],[146.43545,-39.10769],[146.44223,-39.08971],[146.42637,-39.08379],[146.43242,-39.06549],[146.45592,-39.05431],[146.47968,-39.06667],[146.48363,-39.06089],[146.47973,-39.0526],[146.47543,-39.05456],[146.47827,-39.04372],[146.47355,-39.04602],[146.46168,-39.03635],[146.47092,-39.03591],[146.46474,-39.02922],[146.47535,-39.02539],[146.46154,-39.01945],[146.43918,-39.02093],[146.43293,-39.00961],[146.44633,-39.00442],[146.43713,-38.97842],[146.45178,-38.94491],[146.47301,-38.91548],[146.49016,-38.90993],[146.48396,-38.88163],[146.46906,-38.87445],[146.4766,-38.84227],[146.47082,-38.83412],[146.47183,-38.81351],[146.48037,-38.79883],[146.466,-38.7803],[146.43865,-38.77917],[146.43701,-38.79247],[146.4224,-38.80367],[146.41596,-38.85091],[146.39387,-38.85051],[146.36944,-38.86005],[146.3377,-38.88032],[146.3254,-38.90266],[146.29745,-38.90487],[146.29049,-38.8934],[146.29532,-38.87627],[146.28836,-38.86446],[146.27292,-38.85763],[146.26474,-38.82611],[146.26941,-38.8056],[146.23416,-38.80905],[146.22284,-38.77833],[146.20294,-38.76384],[146.19152,-38.74268],[146.18278,-38.75373],[146.19133,-38.72511],[146.20332,-38.74311],[146.21322,-38.73712],[146.2096,-38.72722],[146.19694,-38.72634],[146.20153,-38.72126],[146.21376,-38.72316],[146.22964,-38.69981],[146.2131,-38.69703],[146.21257,-38.69159],[146.2302,-38.69429],[146.22859,-38.68663],[146.23823,-38.6883],[146.24367,-38.68265],[146.2463,-38.69662],[146.28063,-38.69158],[146.28048,-38.68659],[146.29344,-38.69571],[146.33738,-38.69143],[146.34395,-38.68341],[146.34133,-38.67598],[146.34836,-38.67371],[146.37874,-38.68668],[146.38654,-38.72112],[146.41126,-38.7198],[146.40737,-38.71711],[146.41496,-38.71028],[146.43859,-38.69852],[146.48601,-38.69732],[146.48498,-38.69259],[146.49317,-38.69312],[146.49467,-38.68118],[146.49715,-38.6868],[146.50546,-38.68237],[146.50423,-38.69184],[146.51991,-38.69447],[146.56304,-38.67816],[146.57588,-38.68407],[146.57712,-38.69499],[146.58304,-38.68178],[146.58289,-38.69845],[146.59346,-38.69051],[146.59309,-38.67959],[146.60502,-38.68009],[146.59817,-38.68598],[146.60751,-38.68661],[146.61248,-38.6796],[146.6563,-38.66247],[146.65369,-38.6448],[146.63996,-38.63847],[146.6554,-38.64332],[146.67066,-38.66205],[146.66484,-38.6703],[146.65165,-38.67308],[146.69765,-38.6754],[146.70416,-38.66545],[146.71208,-38.66628],[146.71466,-38.65198],[146.72296,-38.64875],[146.72113,-38.65307],[146.74222,-38.66432],[146.75012,-38.66381],[146.75504,-38.65364],[146.7571,-38.6587],[146.78096,-38.65944],[146.78576,-38.65231],[146.77153,-38.65117],[146.78712,-38.6451],[146.78979,-38.63945],[146.78141,-38.63477],[146.78826,-38.63078],[146.7753,-38.6276],[146.79467,-38.62635],[146.78975,-38.62277],[146.79857,-38.62846],[146.80178,-38.62021],[146.81904,-38.61052],[146.84078,-38.61555],[146.8447,-38.60504],[146.8827,-38.60453],[146.88655,-38.61431],[146.92579,-38.59367],[146.9027,-38.60821],[146.90092,-38.61577],[146.88948,-38.61879],[146.88422,-38.63426],[147.0678,-38.47467],[147.47741,-38.15063],[147.64862,-38.03272],[147.80022,-37.9498],[147.96931,-37.88807],[148.07028,-37.86523],[148.14786,-37.8388],[148.25141,-37.81591],[148.34321,-37.80471],[148.53766,-37.80061],[148.62683,-37.80743],[148.69912,-37.8009],[148.72118,-37.80503],[148.72981,-37.81337],[148.74906,-37.79628],[148.82497,-37.78475],[148.88294,-37.78931],[148.94048,-37.77951],[149.20677,-37.77681],[149.25255,-37.7815],[149.26607,-37.78861],[149.26608,-37.79774],[149.27509,-37.80311],[149.29049,-37.78815],[149.32554,-37.7782],[149.41387,-37.77317],[149.43099,-37.77701],[149.4667,-37.76894],[149.48663,-37.77504],[149.49524,-37.76666],[149.49709,-37.75338],[149.51729,-37.74845],[149.52192,-37.73947],[149.56305,-37.7251],[149.59637,-37.72577],[149.60217,-37.71251],[149.61729,-37.70112],[149.67454,-37.68658],[149.6821,-37.66432],[149.70635,-37.64452],[149.73623,-37.59051],[149.76693,-37.57298],[149.76461,-37.56182],[149.75991,-37.56641],[149.7635,-37.559],[149.75363,-37.5549],[149.75951,-37.5449],[149.74583,-37.53965],[149.7296,-37.51874],[149.7211,-37.51982],[149.7219,-37.52681],[149.71911,-37.52161],[149.70619,-37.52774],[149.69251,-37.5235],[149.72652,-37.51489],[149.69249,-37.50953],[149.69339,-37.50312],[149.69623,-37.50769],[149.70599,-37.50172],[149.69492,-37.49029],[149.67296,-37.49568],[149.69115,-37.48441],[149.67729,-37.46936],[149.69022,-37.47787],[149.69648,-37.47341],[149.68998,-37.48868],[149.68063,-37.4919],[149.69677,-37.48861],[149.70927,-37.49814],[149.71101,-37.49319],[149.71841,-37.50382],[149.74647,-37.49439],[149.75163,-37.50309],[149.73831,-37.50786],[149.73416,-37.51392],[149.73952,-37.51519],[149.73227,-37.51976],[149.74282,-37.52725],[149.75368,-37.51312],[149.75686,-37.52124],[149.77456,-37.51863],[149.77902,-37.50727],[149.77504,-37.4916],[149.79065,-37.50203],[149.78856,-37.49842],[149.81054,-37.48782],[149.80173,-37.49499],[149.80305,-37.50795],[149.78917,-37.51104],[149.79705,-37.51704],[149.78723,-37.526],[149.80188,-37.53328],[149.77478,-37.54599],[149.77885,-37.55018],[149.7683,-37.56093],[149.80929,-37.54581],[149.90533,-37.54304],[149.9248,-37.526],[149.96316,-37.517],[149.97548,-37.50488],[149.13454,-37.1752],[148.19485,-36.79627],[148.18477,-36.80506],[148.18006,-36.79732],[148.15576,-36.79049],[148.12821,-36.79652],[148.12045,-36.80569],[148.11018,-36.80126],[148.09871,-36.78814],[148.12508,-36.76127],[148.11987,-36.75859],[148.13199,-36.75232],[148.13606,-36.73889],[148.13141,-36.73508],[148.16212,-36.71247],[148.17025,-36.71275],[148.21581,-36.64044],[148.21281,-36.63437],[148.21979,-36.62024],[148.21397,-36.61216],[148.20279,-36.61247],[148.21662,-36.59806],[148.20533,-36.58777],[148.19147,-36.58516],[148.19083,-36.5775],[148.17898,-36.57983],[148.16718,-36.57405],[148.16136,-36.57916],[148.15012,-36.55849],[148.13387,-36.56783],[148.1249,-36.54941],[148.13892,-36.52622],[148.11922,-36.49501],[148.12695,-36.4855],[148.12105,-36.48193],[148.1234,-36.46366],[148.08883,-36.45248],[148.08048,-36.42278],[148.06062,-36.41591],[148.05758,-36.40195],[148.03922,-36.39021],[148.04571,-36.38274],[148.03968,-36.37872],[148.04557,-36.36663],[148.03875,-36.36667],[148.04842,-36.35635],[148.04559,-36.35152],[148.0552,-36.33513],[148.05163,-36.32478],[148.05897,-36.31979],[148.03648,-36.31055],[148.04377,-36.29992],[148.03578,-36.29354],[148.04059,-36.28517],[148.03445,-36.28352],[148.03322,-36.26887],[148.03915,-36.26253],[148.03039,-36.2468],[148.03577,-36.24102],[148.02826,-36.22371],[148.04092,-36.20719],[148.03707,-36.19503],[148.02478,-36.18879],[148.02246,-36.17663],[148.03502,-36.16473],[148.02312,-36.15397],[148.03506,-36.15357],[148.03858,-36.14206],[148.00119,-36.13966],[148.00039,-36.12557],[147.99105,-36.12167],[147.99864,-36.11657],[147.99249,-36.11152],[147.99977,-36.09965],[147.98121,-36.0887],[147.98212,-36.07946],[147.99114,-36.08127],[147.98981,-36.06815],[147.99935,-36.05861],[147.99992,-36.04725],[147.98761,-36.05295],[147.9877,-36.04314],[147.97397,-36.04726],[147.97364,-36.0396],[147.9637,-36.04731],[147.95881,-36.04193],[147.93373,-36.04824],[147.92412,-36.04287],[147.92834,-36.03737],[147.92412,-36.03524],[147.93125,-36.03499],[147.91195,-36.02782],[147.91248,-35.99556],[147.89549,-35.99295],[147.89809,-35.99958],[147.88616,-35.99764],[147.88266,-36.00281],[147.87386,-35.99115],[147.84906,-35.98866],[147.85046,-35.98225],[147.81516,-35.97811],[147.80625,-35.96487],[147.77724,-35.96779],[147.76707,-35.96437],[147.77351,-35.9587],[147.74118,-35.95651],[147.7175,-35.94475],[147.70937,-35.92902],[147.67998,-35.94416],[147.64683,-35.94574],[147.6364,-35.96224],[147.6028,-35.97835],[147.59279,-35.97017],[147.58017,-35.96803],[147.5751,-35.9751],[147.5664,-35.96678],[147.549,-35.96453],[147.54759,-35.97861],[147.55945,-35.97284],[147.58334,-35.98249],[147.5524,-36.00515],[147.52147,-35.98675],[147.51513,-35.97546],[147.52489,-35.96333],[147.51158,-35.96193],[147.4931,-35.94322],[147.48756,-35.94808],[147.47774,-35.94184],[147.46007,-35.94559],[147.45213,-35.96157],[147.40341,-35.9451],[147.39154,-35.94959],[147.3914,-35.97195],[147.35673,-35.99173],[147.3553,-36.00943],[147.34601,-36.01773],[147.35248,-36.03187],[147.32,-36.06023],[147.31156,-36.05397],[147.31322,-36.06124],[147.30465,-36.04782],[147.28507,-36.0397],[147.24334,-36.03862],[147.22662,-36.04835],[147.20639,-36.05009],[147.165,-36.0316],[147.14355,-36.03788],[147.14467,-36.03207],[147.12725,-36.01882],[147.12161,-35.9985],[147.11007,-36.00321],[147.11383,-36.00915],[147.10533,-36.00606],[147.10766,-36.01381],[147.09694,-36.01248],[147.10456,-36.01676],[147.09672,-36.01722],[147.09758,-36.02814],[147.0909,-36.02988],[147.10166,-36.0342],[147.09723,-36.04652],[147.091,-36.04604],[147.09476,-36.054],[147.08931,-36.05085],[147.07448,-36.06516],[147.06822,-36.06142],[147.066,-36.07012],[147.0616,-36.06674],[147.06256,-36.08209],[147.05203,-36.09181],[147.05281,-36.10731],[147.0428,-36.10552],[147.03393,-36.11606],[147.02357,-36.10113],[147.01383,-36.10516],[147.01626,-36.0904],[146.99078,-36.08652],[146.98004,-36.09461],[146.97282,-36.08306],[146.95791,-36.07935],[146.9582,-36.09208],[146.95058,-36.09405],[146.94847,-36.10331],[146.95202,-36.11016],[146.94347,-36.11609],[146.92822,-36.10674],[146.9281,-36.09733],[146.92051,-36.10127],[146.92379,-36.10812],[146.90701,-36.11185],[146.90486,-36.10749],[146.91111,-36.10506],[146.90352,-36.09801],[146.90421,-36.08482],[146.88188,-36.08769],[146.87229,-36.07513],[146.85799,-36.07513],[146.85697,-36.0846],[146.83612,-36.08272],[146.82451,-36.08854],[146.82503,-36.07152],[146.81616,-36.07383],[146.81721,-36.06774],[146.80293,-36.056],[146.79421,-36.05932],[146.7972,-36.06565],[146.78691,-36.06534],[146.78644,-36.05937],[146.78121,-36.0647],[146.76641,-36.05634],[146.76228,-36.05975],[146.76096,-36.05232],[146.74853,-36.06051],[146.75184,-36.04234],[146.74439,-36.04814],[146.73226,-36.04585],[146.73099,-36.02432],[146.7091,-36.02929],[146.70694,-36.03607],[146.68968,-36.03076],[146.69485,-36.03445],[146.68504,-36.04047],[146.68245,-36.03023],[146.6748,-36.02824],[146.68017,-36.02303],[146.66732,-36.02941],[146.65591,-36.02643],[146.6503,-36.01879],[146.65776,-36.01447],[146.64928,-36.01283],[146.65021,-36.00775],[146.64242,-36.0052],[146.64107,-36.01016],[146.62601,-35.99606],[146.61353,-35.99538],[146.60784,-35.98659],[146.61783,-35.9752],[146.612,-35.97193],[146.58413,-35.97486],[146.58592,-35.98298],[146.56651,-35.97485],[146.55347,-35.97845],[146.55569,-35.98883],[146.54972,-35.99187],[146.53225,-35.98385],[146.51869,-35.95994],[146.51175,-35.96342],[146.50011,-35.95812],[146.49495,-35.97209],[146.49855,-35.97976],[146.48806,-35.98685],[146.46539,-35.98355],[146.46818,-35.976],[146.46002,-35.96517],[146.4467,-35.96515],[146.44085,-35.97596],[146.42493,-35.96376],[146.42021,-35.96669],[146.42338,-35.97323],[146.41256,-35.97569],[146.4142,-35.98381],[146.39697,-35.99562],[146.39998,-36.00597],[146.38127,-36.01211],[146.37926,-36.02745],[146.38707,-36.03644],[146.38294,-36.04288],[146.37667,-36.0385],[146.37906,-36.04503],[146.3695,-36.05103],[146.34808,-36.04061],[146.33761,-36.02666],[146.32515,-36.03391],[146.33168,-36.03603],[146.32893,-36.04314],[146.31544,-36.03866],[146.312,-36.04555],[146.29947,-36.03735],[146.302,-36.04613],[146.2927,-36.04661],[146.29073,-36.03906],[146.28158,-36.04133],[146.29031,-36.03602],[146.28543,-36.03084],[146.29237,-36.02925],[146.28195,-36.02691],[146.28984,-36.02001],[146.27886,-36.01609],[146.28134,-36.01124],[146.27524,-36.01295],[146.27887,-36.02071],[146.27348,-36.0267],[146.26014,-36.02199],[146.25706,-36.01321],[146.24472,-36.01875],[146.25116,-36.02268],[146.24155,-36.02417],[146.24295,-36.02879],[146.22171,-36.03063],[146.21104,-36.03955],[146.21241,-36.02929],[146.2041,-36.03933],[146.19756,-36.03044],[146.18453,-36.04226],[146.17755,-36.03795],[146.18118,-36.0344],[146.17297,-36.01988],[146.15311,-36.02476],[146.1452,-36.01416],[146.1319,-36.01962],[146.13221,-36.01008],[146.14057,-36.00845],[146.13499,-36.0027],[146.12007,-36.01712],[146.10919,-36.01533],[146.11209,-36.00689],[146.10143,-36.01319],[146.09172,-36.0098],[146.09666,-36.0182],[146.09289,-36.02149],[146.0755,-36.0177],[146.07289,-36.0093],[146.0717,-36.01506],[146.05943,-36.01446],[146.05553,-35.99843],[146.04955,-36.0029],[146.03056,-35.99489],[146.0164,-36.00614],[146.00584,-36.0037],[145.98962,-36.0132],[145.97655,-36.00952],[145.97075,-36.01533],[145.972,-36.00677],[145.95757,-36.00608],[145.96494,-35.99684],[145.94578,-35.98297],[145.94893,-35.97127],[145.94089,-35.96584],[145.927,-35.97351],[145.92707,-35.96539],[145.91529,-35.96408],[145.91372,-35.96915],[145.90615,-35.96313],[145.90236,-35.96874],[145.90006,-35.96219],[145.90997,-35.95458],[145.90278,-35.95217],[145.85335,-35.96033],[145.84801,-35.96819],[145.85792,-35.97524],[145.84532,-35.97358],[145.84802,-35.98126],[145.83801,-35.98345],[145.836,-35.97668],[145.82769,-35.97538],[145.82803,-35.98305],[145.81318,-35.98385],[145.81659,-35.98917],[145.80784,-35.99046],[145.80612,-35.98222],[145.79308,-35.98236],[145.79277,-35.97255],[145.77641,-35.97198],[145.7782,-35.96027],[145.76427,-35.96637],[145.75798,-35.9581],[145.74585,-35.9641],[145.73176,-35.95948],[145.73282,-35.95093],[145.72433,-35.95391],[145.71552,-35.94865],[145.72706,-35.94547],[145.72067,-35.93471],[145.6968,-35.93584],[145.69542,-35.92494],[145.70264,-35.92375],[145.69755,-35.92033],[145.68656,-35.92363],[145.68551,-35.9305],[145.67393,-35.925],[145.67874,-35.91714],[145.66874,-35.91864],[145.65787,-35.90108],[145.63953,-35.89394],[145.62973,-35.88],[145.62012,-35.88398],[145.62675,-35.87456],[145.61473,-35.87176],[145.62795,-35.86747],[145.62594,-35.86204],[145.60135,-35.86792],[145.60098,-35.87479],[145.59511,-35.86866],[145.59769,-35.86169],[145.58689,-35.86115],[145.59356,-35.84903],[145.58201,-35.84793],[145.56344,-35.83344],[145.56593,-35.8257],[145.5573,-35.82673],[145.56192,-35.81313],[145.54642,-35.81254],[145.53841,-35.82138],[145.54122,-35.80855],[145.5348,-35.80229],[145.52116,-35.81795],[145.50128,-35.80909],[145.49037,-35.81538],[145.47113,-35.80964],[145.46077,-35.82733],[145.45039,-35.82159],[145.44071,-35.83613],[145.43545,-35.82993],[145.43074,-35.83455],[145.42036,-35.82858],[145.41179,-35.83117],[145.40971,-35.84943],[145.38701,-35.84998],[145.35696,-35.86676],[145.32404,-35.85107],[145.30714,-35.86064],[145.28362,-35.85633],[145.27215,-35.84539],[145.26619,-35.85259],[145.25802,-35.85044],[145.26027,-35.83625],[145.24547,-35.8307],[145.22388,-35.83315],[145.22165,-35.84261],[145.18984,-35.83467],[145.18223,-35.83611],[145.18166,-35.84219],[145.15536,-35.84304],[145.15872,-35.83178],[145.13964,-35.8287],[145.13658,-35.83444],[145.12749,-35.82146],[145.12552,-35.83024],[145.12265,-35.82122],[145.11627,-35.82605],[145.11449,-35.8212],[145.10367,-35.82917],[145.09884,-35.82623],[145.09229,-35.8359],[145.09192,-35.82599],[145.07737,-35.83225],[145.07393,-35.82807],[145.06794,-35.83606],[145.04761,-35.83475],[145.03649,-35.847],[145.02459,-35.84752],[145.02053,-35.85585],[144.99953,-35.84992],[144.99867,-35.85498],[144.99204,-35.85248],[144.99021,-35.85901],[144.96775,-35.86614],[144.97415,-35.88463],[144.94812,-35.93095],[144.95556,-35.96128],[144.92988,-35.96806],[144.92272,-35.98301],[144.94626,-36.00596],[144.94652,-36.01317],[144.96232,-36.01939],[144.96876,-36.04307],[144.98234,-36.04919],[144.98674,-36.06317],[144.98129,-36.0732],[144.94861,-36.08292],[144.93186,-36.06778],[144.86481,-36.06015],[144.86073,-36.07242],[144.8577,-36.06666],[144.85613,-36.07421],[144.84767,-36.07305],[144.85026,-36.08208],[144.84261,-36.08464],[144.84224,-36.10053],[144.82066,-36.10834],[144.81069,-36.10335],[144.8162,-36.11103],[144.80649,-36.10863],[144.81327,-36.11429],[144.80807,-36.12385],[144.79448,-36.1185],[144.77704,-36.13015],[144.77059,-36.11717],[144.75359,-36.12307],[144.74187,-36.10882],[144.73212,-36.11273],[144.73487,-36.11758],[144.71753,-36.11221],[144.72559,-36.09185],[144.71896,-36.08698],[144.70988,-36.09336],[144.69964,-36.08858],[144.69751,-36.09556],[144.68375,-36.09561],[144.683,-36.08422],[144.69226,-36.07199],[144.68913,-36.06273],[144.66838,-36.07041],[144.66597,-36.07727],[144.65878,-36.07228],[144.65597,-36.07632],[144.65309,-36.05388],[144.64755,-36.05205],[144.64445,-36.05835],[144.63508,-36.04884],[144.62602,-36.05375],[144.62817,-36.06232],[144.61971,-36.06126],[144.62869,-36.06627],[144.61832,-36.07782],[144.61143,-36.07204],[144.61633,-36.06722],[144.60955,-36.06425],[144.61802,-36.04649],[144.61661,-36.03285],[144.60824,-36.0372],[144.61,-36.04217],[144.58323,-36.03955],[144.58763,-36.02864],[144.58157,-36.02252],[144.57225,-36.02518],[144.56448,-36.00925],[144.55888,-36.01519],[144.55467,-36.00468],[144.51099,-35.99217],[144.51955,-35.97016],[144.50954,-35.97301],[144.51212,-35.96492],[144.50056,-35.97013],[144.50084,-35.95808],[144.49324,-35.96827],[144.48755,-35.95741],[144.48116,-35.95849],[144.48722,-35.95009],[144.47845,-35.9534],[144.47911,-35.94529],[144.46718,-35.94643],[144.46608,-35.93392],[144.45909,-35.9395],[144.4405,-35.93203],[144.43933,-35.92515],[144.42641,-35.91817],[144.42282,-35.9053],[144.41641,-35.90941],[144.42427,-35.8999],[144.40749,-35.90337],[144.4173,-35.89275],[144.40377,-35.87912],[144.41039,-35.87028],[144.40241,-35.86706],[144.41026,-35.85913],[144.39832,-35.86195],[144.38827,-35.85804],[144.38947,-35.85073],[144.38157,-35.85224],[144.38281,-35.84166],[144.3732,-35.83662],[144.381,-35.83218],[144.37189,-35.83086],[144.38338,-35.81947],[144.36412,-35.82223],[144.36713,-35.81393],[144.3771,-35.81311],[144.3662,-35.81133],[144.37599,-35.79272],[144.36185,-35.79541],[144.35599,-35.78894],[144.35909,-35.78491],[144.35161,-35.78597],[144.34827,-35.7669],[144.34365,-35.77148],[144.34112,-35.76403],[144.3362,-35.77063],[144.31774,-35.76595],[144.32787,-35.75276],[144.29538,-35.75414],[144.30038,-35.74248],[144.29534,-35.7377],[144.2783,-35.74103],[144.27107,-35.75346],[144.26227,-35.75034],[144.24627,-35.72056],[144.21542,-35.70584],[144.22058,-35.69272],[144.19502,-35.68514],[144.18573,-35.66984],[144.16198,-35.6705],[144.15111,-35.64222],[144.14138,-35.64629],[144.11785,-35.62532],[144.11327,-35.60184],[144.10436,-35.59825],[144.10448,-35.59116],[144.06281,-35.57628],[144.06374,-35.5701],[144.04801,-35.56339],[144.03887,-35.54977],[144.03449,-35.55603],[144.01344,-35.55444],[144.01219,-35.56287],[143.99169,-35.55615],[143.99819,-35.54574],[143.99587,-35.53664],[143.97546,-35.53375],[143.96215,-35.51393],[143.96483,-35.50772],[143.97063,-35.50948],[143.9693,-35.50105],[143.93301,-35.50615],[143.93446,-35.49973],[143.91753,-35.50041],[143.91196,-35.49448],[143.90554,-35.49959],[143.90658,-35.4934],[143.87953,-35.4866],[143.87022,-35.47777],[143.85826,-35.47954],[143.85465,-35.46222],[143.81211,-35.44561],[143.81769,-35.43882],[143.81228,-35.43446],[143.79962,-35.43353],[143.78796,-35.42245],[143.76237,-35.42193],[143.75979,-35.41049],[143.76747,-35.40733],[143.7635,-35.39288],[143.74447,-35.38679],[143.73957,-35.39291],[143.7089,-35.39206],[143.71049,-35.38417],[143.70241,-35.38826],[143.70164,-35.37802],[143.69329,-35.3837],[143.68314,-35.36832],[143.68181,-35.37418],[143.66735,-35.37133],[143.66787,-35.38517],[143.65686,-35.38478],[143.6424,-35.40027],[143.63205,-35.3957],[143.63238,-35.38354],[143.62576,-35.38064],[143.61975,-35.38675],[143.61281,-35.37654],[143.61509,-35.36853],[143.60338,-35.36521],[143.59628,-35.3506],[143.5793,-35.33975],[143.56585,-35.34319],[143.56252,-35.33712],[143.56959,-35.30152],[143.5766,-35.30205],[143.58966,-35.28083],[143.58401,-35.27826],[143.58933,-35.27227],[143.58219,-35.27219],[143.58242,-35.26464],[143.57103,-35.26616],[143.57275,-35.25557],[143.56333,-35.24187],[143.56343,-35.23489],[143.57686,-35.23089],[143.58049,-35.21883],[143.56875,-35.20537],[143.54803,-35.20567],[143.54794,-35.21355],[143.52958,-35.21914],[143.51883,-35.21152],[143.49499,-35.21949],[143.47194,-35.219],[143.4493,-35.18912],[143.43052,-35.19458],[143.42556,-35.18908],[143.41735,-35.1944],[143.39457,-35.19209],[143.38644,-35.18265],[143.393,-35.17791],[143.39051,-35.17217],[143.38215,-35.17242],[143.38222,-35.15361],[143.38987,-35.14515],[143.36084,-35.11515],[143.35929,-35.10209],[143.34818,-35.10032],[143.34915,-35.10437],[143.3398,-35.09426],[143.34457,-35.08625],[143.33688,-35.08007],[143.34413,-35.07454],[143.33627,-35.06048],[143.3394,-35.05316],[143.33514,-35.04821],[143.33119,-35.0552],[143.33567,-35.04269],[143.32774,-35.04507],[143.32251,-35.0363],[143.33511,-35.03639],[143.33137,-35.023],[143.33736,-35.01026],[143.32881,-34.99479],[143.31841,-34.99264],[143.32308,-34.97835],[143.31724,-34.9521],[143.32053,-34.94227],[143.33243,-34.9385],[143.3368,-34.94447],[143.34133,-34.93209],[143.33944,-34.91418],[143.32063,-34.88906],[143.32417,-34.88332],[143.33195,-34.88828],[143.33566,-34.87961],[143.34167,-34.88075],[143.33731,-34.87106],[143.35127,-34.85801],[143.34499,-34.85316],[143.35442,-34.84653],[143.3413,-34.84697],[143.35883,-34.8167],[143.34682,-34.8061],[143.34957,-34.79327],[143.33345,-34.79291],[143.32882,-34.7866],[143.31652,-34.79042],[143.3108,-34.78028],[143.29399,-34.7905],[143.2843,-34.78497],[143.28469,-34.7951],[143.27596,-34.79216],[143.27285,-34.77696],[143.25156,-34.77242],[143.27125,-34.75916],[143.26716,-34.75386],[143.2729,-34.75196],[143.26513,-34.74834],[143.24982,-34.75789],[143.2407,-34.74504],[143.2295,-34.74738],[143.22565,-34.75829],[143.21438,-34.73845],[143.2219,-34.73261],[143.21863,-34.72957],[143.2017,-34.73403],[143.19902,-34.71725],[143.19303,-34.71273],[143.17964,-34.71653],[143.18103,-34.70944],[143.17158,-34.71966],[143.16545,-34.71762],[143.16156,-34.69802],[143.14772,-34.7142],[143.13222,-34.70053],[143.11789,-34.70252],[143.1272,-34.69263],[143.1078,-34.70091],[143.11208,-34.68685],[143.12109,-34.68676],[143.11279,-34.68077],[143.0906,-34.70142],[143.0763,-34.69608],[143.0697,-34.67816],[143.05323,-34.69893],[143.04088,-34.68538],[143.03758,-34.69077],[143.04409,-34.69947],[143.03916,-34.70193],[143.0298,-34.69153],[143.03148,-34.68275],[143.02548,-34.68251],[143.02087,-34.69289],[143.00999,-34.69361],[143.00815,-34.68605],[143.01653,-34.67256],[142.99431,-34.6736],[142.98958,-34.66232],[142.97577,-34.67072],[142.98198,-34.6829],[142.9725,-34.69469],[142.95971,-34.66513],[142.94932,-34.6697],[142.93195,-34.65521],[142.92321,-34.65698],[142.92409,-34.64752],[142.90236,-34.65418],[142.8937,-34.66506],[142.90007,-34.6705],[142.89093,-34.6718],[142.89402,-34.6779],[142.88678,-34.67944],[142.88615,-34.67212],[142.87591,-34.6741],[142.87175,-34.66383],[142.86015,-34.66456],[142.87144,-34.6493],[142.86388,-34.63879],[142.85921,-34.64428],[142.85501,-34.63953],[142.86832,-34.62755],[142.85162,-34.6189],[142.8427,-34.62618],[142.83885,-34.61354],[142.82458,-34.60795],[142.82422,-34.60051],[142.81867,-34.61199],[142.80495,-34.60773],[142.80878,-34.58849],[142.79713,-34.5971],[142.78229,-34.57911],[142.75124,-34.57622],[142.74599,-34.58498],[142.76217,-34.58879],[142.75935,-34.60015],[142.74352,-34.60253],[142.72167,-34.5926],[142.71615,-34.59978],[142.70159,-34.59777],[142.70404,-34.6131],[142.68968,-34.61729],[142.70887,-34.62113],[142.70121,-34.62378],[142.69005,-34.65108],[142.6957,-34.65968],[142.70986,-34.66281],[142.71097,-34.67633],[142.68455,-34.67053],[142.67887,-34.68007],[142.69123,-34.70065],[142.68483,-34.71401],[142.69962,-34.72424],[142.67862,-34.72219],[142.67584,-34.72724],[142.6867,-34.73407],[142.6775,-34.73897],[142.66689,-34.73495],[142.66265,-34.72164],[142.63727,-34.73442],[142.61767,-34.72921],[142.6208,-34.75683],[142.63965,-34.75651],[142.64628,-34.76298],[142.64246,-34.77692],[142.6279,-34.78504],[142.56758,-34.76625],[142.55616,-34.77405],[142.54974,-34.76195],[142.53827,-34.76186],[142.53345,-34.7527],[142.5241,-34.75849],[142.5081,-34.74846],[142.51174,-34.74072],[142.49967,-34.74],[142.51317,-34.72236],[142.50959,-34.7132],[142.519,-34.70179],[142.49854,-34.70326],[142.51393,-34.69172],[142.49761,-34.67385],[142.5159,-34.66234],[142.50738,-34.65619],[142.50173,-34.66462],[142.48675,-34.66354],[142.49688,-34.66709],[142.49281,-34.67094],[142.47604,-34.6715],[142.4738,-34.64727],[142.48544,-34.63683],[142.45296,-34.63364],[142.46435,-34.62556],[142.45923,-34.61657],[142.46875,-34.61314],[142.46188,-34.60687],[142.47146,-34.59374],[142.46325,-34.58512],[142.47322,-34.57547],[142.46795,-34.56468],[142.44787,-34.55814],[142.45863,-34.58339],[142.45188,-34.58336],[142.4446,-34.5754],[142.43015,-34.57447],[142.42556,-34.56209],[142.40678,-34.56635],[142.41092,-34.55439],[142.40592,-34.54167],[142.39154,-34.54907],[142.37703,-34.54046],[142.37861,-34.53188],[142.36784,-34.53081],[142.40021,-34.5231],[142.39307,-34.51581],[142.37577,-34.51522],[142.39345,-34.4927],[142.37643,-34.49177],[142.36861,-34.50319],[142.35973,-34.49849],[142.36562,-34.48438],[142.38409,-34.47753],[142.3798,-34.46673],[142.35451,-34.47045],[142.36761,-34.43568],[142.36065,-34.43176],[142.36372,-34.42239],[142.35201,-34.42188],[142.36065,-34.4108],[142.35259,-34.40666],[142.3565,-34.40033],[142.35171,-34.39652],[142.36497,-34.38529],[142.37382,-34.38706],[142.36949,-34.37039],[142.37761,-34.3645],[142.36335,-34.36309],[142.37239,-34.35764],[142.3901,-34.36196],[142.38549,-34.34519],[142.39784,-34.34265],[142.3963,-34.33578],[142.36607,-34.32634],[142.34725,-34.33679],[142.32701,-34.33812],[142.31513,-34.32949],[142.28179,-34.32314]]],[[[145.35164,-38.30818],[145.32915,-38.29076],[145.30132,-38.28127],[145.29063,-38.28438],[145.28642,-38.30502],[145.29173,-38.30746],[145.27297,-38.35962],[145.27676,-38.37953],[145.27068,-38.38633],[145.27524,-38.38495],[145.27732,-38.39215],[145.27005,-38.40887],[145.28189,-38.40496],[145.2775,-38.39541],[145.28967,-38.3959],[145.34907,-38.42219],[145.36064,-38.40713],[145.3864,-38.40627],[145.3856,-38.3994],[145.39285,-38.3953],[145.39114,-38.38416],[145.40632,-38.37267],[145.47634,-38.3657],[145.50092,-38.35266],[145.47376,-38.33193],[145.45412,-38.30618],[145.40378,-38.30408],[145.37357,-38.31242],[145.35164,-38.30818]]],[[[145.24022,-38.44712],[145.2073,-38.44969],[145.1659,-38.46557],[145.14631,-38.50386],[145.12691,-38.50602],[145.11708,-38.51797],[145.17161,-38.50962],[145.22171,-38.52899],[145.23923,-38.50667],[145.27146,-38.50482],[145.31278,-38.5219],[145.34159,-38.54649],[145.34519,-38.56133],[145.35872,-38.56485],[145.36316,-38.55129],[145.3406,-38.53545],[145.34505,-38.5227],[145.36332,-38.51547],[145.35895,-38.50976],[145.29654,-38.50466],[145.30732,-38.49367],[145.30537,-38.48591],[145.2925,-38.48824],[145.29098,-38.47992],[145.3104,-38.46031],[145.27915,-38.45848],[145.29987,-38.45362],[145.29584,-38.4515],[145.24022,-38.44712]]],[[[146.50448,-38.72844],[146.51059,-38.71693],[146.49558,-38.72961],[146.47228,-38.72858],[146.46618,-38.74212],[146.49676,-38.77556],[146.54319,-38.78999],[146.56372,-38.78347],[146.60278,-38.75703],[146.6357,-38.75382],[146.6444,-38.74645],[146.60318,-38.75241],[146.60282,-38.74442],[146.58833,-38.74787],[146.59216,-38.74177],[146.57873,-38.73474],[146.54294,-38.75598],[146.54813,-38.75719],[146.50877,-38.76559],[146.50299,-38.76213],[146.49829,-38.76823],[146.49145,-38.75632],[146.51748,-38.75666],[146.50853,-38.7514],[146.52856,-38.73746],[146.53476,-38.73912],[146.5423,-38.72895],[146.52605,-38.72868],[146.49668,-38.74334],[146.49779,-38.73771],[146.51558,-38.73188],[146.51238,-38.72604],[146.50448,-38.72844]]],[[[146.85164,-38.61164],[146.82733,-38.61947],[146.82221,-38.61174],[146.80536,-38.61963],[146.80191,-38.63215],[146.79087,-38.63336],[146.79516,-38.64459],[146.82236,-38.64936],[146.83503,-38.63969],[146.87865,-38.62574],[146.87881,-38.61515],[146.85164,-38.61164]]],[[[146.61961,-38.70615],[146.62576,-38.70273],[146.60661,-38.69912],[146.59033,-38.71216],[146.60806,-38.71736],[146.60234,-38.72099],[146.62823,-38.72209],[146.67416,-38.71407],[146.67812,-38.70728],[146.66548,-38.70758],[146.67333,-38.70258],[146.66542,-38.70173],[146.61961,-38.70615]]],[[[145.29842,-38.22327],[145.30163,-38.21627],[145.27932,-38.22734],[145.28392,-38.24342],[145.30352,-38.24622],[145.30479,-38.23146],[145.29842,-38.22327]]],[[[146.45564,-38.71265],[146.44572,-38.71246],[146.44049,-38.7269],[146.46847,-38.7171],[146.49483,-38.72499],[146.50397,-38.71639],[146.45564,-38.71265]]],[[[146.73764,-38.66558],[146.72768,-38.66103],[146.72007,-38.67639],[146.71188,-38.67599],[146.71238,-38.68331],[146.70588,-38.67941],[146.69795,-38.69129],[146.71502,-38.68837],[146.72824,-38.6742],[146.72758,-38.67961],[146.73488,-38.67732],[146.73942,-38.67165],[146.73046,-38.6663],[146.73764,-38.66558]]],[[[146.86762,-38.64723],[146.87481,-38.64019],[146.86456,-38.63875],[146.85196,-38.6505],[146.83563,-38.65445],[146.85116,-38.65625],[146.83485,-38.67439],[146.86762,-38.64723]]],[[[146.98567,-39.20932],[146.97815,-39.22171],[146.9808,-39.23518],[146.995,-39.22371],[146.98909,-39.21907],[146.99284,-39.21259],[146.98567,-39.20932]]],[[[146.80712,-38.66152],[146.81571,-38.65887],[146.80145,-38.65469],[146.78695,-38.66932],[146.82838,-38.66103],[146.80712,-38.66152]]],[[[144.68125,-38.23836],[144.66371,-38.25347],[144.67115,-38.25763],[144.70268,-38.24362],[144.67913,-38.24985],[144.68125,-38.23836]]],[[[146.28485,-38.7052],[146.28337,-38.6936],[146.26326,-38.69612],[146.27134,-38.70613],[146.28485,-38.7052]]],[[[146.71835,-38.7049],[146.74899,-38.6939],[146.7209,-38.70162],[146.67149,-38.73616],[146.67797,-38.7368],[146.71835,-38.7049]]],[[[149.91722,-37.56741],[149.91782,-37.56099],[149.90615,-37.54823],[149.90824,-37.55432],[149.90467,-37.56038],[149.90619,-37.56636],[149.91722,-37.56741]]],[[[146.23073,-39.08382],[146.22362,-39.07115],[146.22612,-39.08521],[146.23685,-39.09772],[146.24235,-39.08822],[146.23073,-39.08382]]],[[[142.01292,-38.41244],[142.00116,-38.41282],[141.99118,-38.41783],[141.99727,-38.42614],[142.01292,-38.41244]]],[[[146.67048,-38.71972],[146.67002,-38.71758],[146.63242,-38.72511],[146.65458,-38.72657],[146.67048,-38.71972]]],[[[146.55317,-38.70164],[146.55106,-38.68993],[146.54402,-38.68952],[146.54063,-38.69742],[146.56225,-38.70509],[146.55317,-38.70164]]],[[[146.80182,-38.67586],[146.75671,-38.69013],[146.78436,-38.68195],[146.82225,-38.67808],[146.80182,-38.67586]]],[[[146.68365,-38.68439],[146.68675,-38.67705],[146.67955,-38.67562],[146.68431,-38.67819],[146.6815,-38.68485],[146.67459,-38.68309],[146.67699,-38.67812],[146.66913,-38.68312],[146.68025,-38.68936],[146.68365,-38.68439]]]],"type":"MultiPolygon"},"properties":{"area_sqkm":208746.55,"id":"melbourne","name":"Melbourne Hub"},"type":"Feature"},
{"geometry":{"coordinates":[[[[114.39133,-22.44376],[114.38031,-22.44127],[114.39,-22.46103],[114.40383,-22.4694],[114.38356,-22.46475],[114.38172,-22.47637],[114.37711,-22.47614],[114.38608,-22.48461],[114.37261,-22.48302],[114.38377,-22.49078],[114.36458,-22.49034],[114.37708,-22.49814],[114.36919,-22.49542],[114.36785,-22.50016],[114.36276,-22.49282],[114.35874,-22.50389],[114.35765,-22.49428],[114.35485,-22.5006],[114.34503,-22.4902],[114.34028,-22.49786],[114.34585,-22.50984],[114.34051,-22.50791],[114.34032,-22.5163],[114.33896,-22.49211],[114.32718,-22.48972],[114.32404,-22.47956],[114.32279,-22.5037],[114.31744,-22.44061],[114.28237,-22.43378],[114.26197,-22.44062],[114.24117,-22.4592],[114.22563,-22.45736],[114.23069,-22.47328],[114.2262,-22.47169],[114.21621,-22.486],[114.21861,-22.49718],[114.1888,-22.5208],[114.16073,-22.52377],[114.1618,-22.53404],[114.15104,-22.51709],[114.14381,-22.53806],[114.14885,-22.51855],[114.14608,-22.51211],[114.14339,-22.51628],[114.14391,-22.50669],[114.1355,-22.50056],[114.12521,-22.51165],[114.13859,-22.49753],[114.1218,-22.47266],[114.12833,-22.44165],[114.1221,-22.4158],[114.12819,-22.4078],[114.14093,-22.40919],[114.14704,-22.3968],[114.12992,-22.39991],[114.14012,-22.39802],[114.13552,-22.39316],[114.14584,-22.39025],[114.15962,-22.36693],[114.17822,-22.35344],[114.18237,-22.34352],[114.17419,-22.31619],[114.17847,-22.30537],[114.1495,-22.30146],[114.13271,-22.31981],[114.12469,-22.32441],[114.12204,-22.31944],[114.11582,-22.33115],[114.11708,-22.31491],[114.12642,-22.31392],[114.12374,-22.27927],[114.13301,-22.26158],[114.11609,-22.24394],[114.11336,-22.22509],[114.08476,-22.19127],[114.08027,-22.15413],[114.13807,-21.95782],[114.14888,-21.86665],[114.19101,-21.81458],[114.1652,-21.78576],[114.13157,-21.80557],[114.10802,-21.80327],[114.07875,-21.81596],[114.07208,-21.82757],[114.02393,-21.85115],[113.99509,-21.87546],[113.96395,-21.938],[113.94795,-21.9507],[113.94196,-21.9702],[113.9336,-21.97322],[113.93325,-21.99888],[113.91207,-22.0361],[113.88622,-22.0983],[113.88206,-22.12394],[113.86689,-22.15106],[113.82081,-22.30585],[113.78031,-22.37676],[113.76547,-22.38435],[113.74938,-22.40842],[113.7469,-22.4451],[113.73774,-22.47103],[113.72298,-22.49621],[113.70792,-22.4967],[113.71646,-22.51026],[113.71376,-22.51796],[113.69313,-22.54095],[113.6653,-22.55012],[113.65408,-22.57877],[113.67361,-22.59686],[113.66826,-22.62872],[113.68642,-22.66441],[113.67101,-22.69896],[113.67049,-22.71713],[113.67712,-22.72304],[113.70939,-22.71528],[113.75525,-22.75622],[113.7938,-22.84266],[113.80119,-22.8868],[113.81666,-22.90693],[113.82619,-22.95601],[113.81976,-22.97705],[113.82949,-22.99488],[113.82943,-23.0309],[113.8125,-23.08276],[113.78967,-23.10673],[113.76048,-23.12129],[113.77086,-23.13064],[113.76383,-23.17776],[113.77444,-23.19455],[113.77038,-23.21783],[113.79445,-23.29604],[113.78811,-23.36515],[113.77694,-23.37893],[113.78346,-23.41539],[113.77973,-23.47059],[113.75326,-23.52823],[113.72587,-23.545],[113.70047,-23.57519],[113.65086,-23.59957],[113.63619,-23.61891],[113.61321,-23.6309],[113.61415,-23.64668],[113.59661,-23.66335],[113.59169,-23.69893],[113.57905,-23.71599],[113.56727,-23.75222],[113.55495,-23.76555],[113.54022,-23.76413],[113.52698,-23.78334],[113.51383,-23.84732],[113.4971,-23.87322],[113.47031,-23.89855],[113.465,-23.92556],[113.47091,-23.96644],[113.4587,-24.01363],[113.44694,-24.03216],[113.42999,-24.03264],[113.42215,-24.04292],[113.42812,-24.08073],[113.41942,-24.09033],[113.44238,-24.13678],[113.44334,-24.18169],[113.40911,-24.2235],[113.39016,-24.22399],[113.40619,-24.30306],[113.4073,-24.36207],[113.39952,-24.4114],[113.40695,-24.48417],[113.41917,-24.4917],[113.42761,-24.51561],[113.44926,-24.54287],[113.48993,-24.57595],[113.62323,-24.74603],[113.63272,-24.79744],[113.62021,-24.84972],[113.62287,-24.83448],[113.61866,-24.83359],[113.61678,-24.8574],[113.63113,-24.85961],[113.63178,-24.86716],[113.65257,-24.87014],[113.62846,-24.8709],[113.62837,-24.87755],[113.61969,-24.8724],[113.63471,-24.88656],[113.63836,-24.90178],[113.63965,-24.8844],[113.6442,-24.87908],[113.65201,-24.8839],[113.65247,-24.87532],[113.65549,-24.88682],[113.64689,-24.89915],[113.64976,-24.90523],[113.65059,-24.89778],[113.65235,-24.90511],[113.6653,-24.89569],[113.6778,-24.92498],[113.69192,-24.92853],[113.67416,-24.93943],[113.66216,-24.96667],[113.66463,-25.01818],[113.67424,-25.04302],[113.6977,-25.08659],[113.72467,-25.1155],[113.74324,-25.12895],[113.76962,-25.1363],[113.81706,-25.17356],[113.83961,-25.21699],[113.84815,-25.25692],[113.84208,-25.2559],[113.84257,-25.26459],[113.87147,-25.29031],[113.8649,-25.2876],[113.86862,-25.29933],[113.85671,-25.29245],[113.89133,-25.337],[113.89668,-25.35741],[113.8911,-25.37298],[113.91383,-25.40094],[113.90812,-25.4067],[113.91359,-25.41346],[113.90204,-25.41008],[113.94417,-25.45867],[113.94841,-25.47716],[113.9412,-25.47322],[113.93972,-25.48022],[113.93921,-25.47063],[113.934,-25.47548],[113.95451,-25.4934],[113.99163,-25.56487],[113.99165,-25.57513],[113.98218,-25.56082],[113.99018,-25.58991],[113.99678,-25.59903],[113.99689,-25.59058],[114.01525,-25.61687],[113.99952,-25.60219],[114.00031,-25.60719],[114.01535,-25.62048],[114.00417,-25.61851],[114.01964,-25.63234],[114.01919,-25.62411],[114.04842,-25.66732],[114.03538,-25.66253],[114.09108,-25.69637],[114.11955,-25.72818],[114.11358,-25.72545],[114.12224,-25.73597],[114.11411,-25.74317],[114.12192,-25.74951],[114.1194,-25.75526],[114.1463,-25.78017],[114.13252,-25.77234],[114.13448,-25.7781],[114.17209,-25.80644],[114.17554,-25.81265],[114.16795,-25.81127],[114.19874,-25.83563],[114.20539,-25.85302],[114.22704,-25.862],[114.23209,-25.87567],[114.25912,-25.88072],[114.26683,-25.88774],[114.24703,-25.9365],[114.25286,-25.97295],[114.25756,-25.98334],[114.2653,-25.98213],[114.24504,-25.99255],[114.2236,-25.9874],[114.22566,-25.97365],[114.21844,-25.96889],[114.19466,-25.98357],[114.19833,-26.00568],[114.20956,-26.01706],[114.20914,-26.03161],[114.23927,-26.0727],[114.23601,-26.11778],[114.2547,-26.14489],[114.25383,-26.15537],[114.24133,-26.16586],[114.22534,-26.16504],[114.21989,-26.13951],[114.22353,-26.12725],[114.23068,-26.12461],[114.2235,-26.11902],[114.21067,-26.1578],[114.19117,-26.16833],[114.18828,-26.18026],[114.19188,-26.20364],[114.20552,-26.22406],[114.20402,-26.24479],[114.23797,-26.2839],[114.23717,-26.29922],[114.23164,-26.30087],[114.23764,-26.31276],[114.21589,-26.34154],[114.21984,-26.35725],[114.21027,-26.37205],[114.16634,-26.39001],[114.15645,-26.4101],[114.12665,-26.42841],[114.10883,-26.44988],[114.08955,-26.45848],[114.0948,-26.45932],[114.08955,-26.46761],[114.07678,-26.46658],[114.07258,-26.45233],[114.07512,-26.45927],[114.07435,-26.45122],[114.08123,-26.45884],[114.0784,-26.45192],[114.08255,-26.45454],[114.06769,-26.44359],[114.05385,-26.41921],[113.97285,-26.3425],[113.96724,-26.29392],[113.95047,-26.26759],[113.9595,-26.24422],[113.9424,-26.22533],[113.9343,-26.20394],[113.94755,-26.143],[113.93887,-26.12984],[113.92451,-26.13338],[113.91084,-26.12237],[113.90458,-26.0889],[113.90845,-26.05449],[113.89351,-26.03514],[113.90248,-25.99874],[113.91442,-25.98243],[113.90641,-25.96011],[113.88745,-25.9591],[113.87721,-25.94512],[113.86524,-25.95596],[113.88524,-26.0293],[113.87901,-26.06811],[113.88373,-26.06021],[113.83764,-26.13865],[113.83632,-26.11672],[113.84556,-26.11365],[113.83519,-26.1156],[113.8364,-26.14018],[113.81327,-26.17881],[113.78997,-26.2074],[113.77398,-26.21488],[113.76221,-26.2122],[113.75351,-26.18504],[113.75279,-26.1979],[113.74231,-26.20683],[113.72817,-26.20674],[113.72101,-26.19672],[113.7032,-26.19976],[113.72489,-26.19468],[113.72825,-26.18723],[113.70111,-26.1319],[113.69915,-26.09458],[113.70608,-26.06197],[113.69992,-26.04495],[113.73432,-26.01365],[113.73891,-25.99966],[113.72993,-26.00194],[113.73549,-25.97512],[113.73163,-25.94952],[113.73763,-25.93136],[113.74774,-25.92561],[113.75847,-25.90509],[113.76185,-25.87859],[113.72445,-25.86481],[113.71948,-25.84044],[113.72176,-25.79364],[113.69111,-25.78921],[113.65902,-25.74857],[113.62641,-25.73353],[113.60665,-25.71432],[113.59276,-25.68362],[113.58909,-25.63591],[113.58686,-25.64153],[113.5813,-25.62077],[113.57682,-25.61963],[113.58278,-25.62878],[113.57467,-25.63689],[113.55862,-25.6355],[113.53774,-25.62576],[113.52522,-25.60779],[113.51598,-25.57303],[113.51933,-25.52814],[113.51107,-25.5033],[113.49972,-25.51377],[113.48894,-25.54781],[113.47274,-25.55826],[113.44907,-25.61088],[113.43197,-25.62572],[113.41523,-25.68378],[113.41962,-25.71222],[113.41447,-25.72473],[113.43149,-25.73854],[113.43742,-25.75333],[113.45817,-25.77256],[113.45777,-25.7799],[113.46934,-25.78545],[113.46713,-25.77383],[113.4542,-25.76488],[113.46469,-25.75859],[113.46433,-25.75114],[113.44962,-25.75641],[113.45947,-25.7526],[113.46026,-25.73974],[113.44648,-25.72301],[113.45685,-25.71311],[113.44466,-25.70947],[113.45862,-25.70285],[113.47243,-25.70931],[113.46992,-25.71574],[113.46408,-25.71098],[113.45946,-25.7156],[113.4714,-25.72014],[113.47324,-25.73052],[113.46229,-25.72576],[113.46052,-25.73376],[113.46675,-25.73558],[113.47925,-25.76404],[113.46628,-25.76807],[113.47461,-25.77193],[113.47869,-25.78333],[113.46105,-25.80935],[113.51291,-25.85211],[113.51127,-25.85978],[113.5253,-25.88417],[113.51761,-25.91957],[113.5591,-25.94639],[113.56057,-25.99874],[113.57533,-26.01454],[113.56724,-26.04432],[113.58001,-26.07183],[113.58589,-26.07104],[113.57353,-26.08627],[113.58029,-26.09721],[113.6208,-26.10089],[113.61481,-26.10868],[113.63945,-26.12196],[113.6426,-26.13639],[113.66503,-26.15971],[113.66312,-26.16538],[113.68747,-26.18618],[113.68337,-26.19836],[113.69065,-26.21053],[113.68804,-26.21753],[113.75351,-26.23331],[113.79774,-26.25226],[113.83663,-26.28081],[113.88065,-26.33537],[113.88543,-26.37144],[113.87412,-26.39437],[113.87022,-26.39133],[113.88737,-26.44969],[113.88901,-26.48149],[113.88285,-26.50846],[113.86365,-26.53672],[113.8331,-26.55125],[113.81236,-26.576],[113.81422,-26.60385],[113.80771,-26.61097],[113.78761,-26.60505],[113.76935,-26.58728],[113.75173,-26.61021],[113.73844,-26.61758],[113.71418,-26.6068],[113.70489,-26.60806],[113.70616,-26.61325],[113.697,-26.61146],[113.6868,-26.60167],[113.69614,-26.61924],[113.68639,-26.63787],[113.69073,-26.6439],[113.69755,-26.63255],[113.69995,-26.63931],[113.68893,-26.64903],[113.70491,-26.66208],[113.69902,-26.66615],[113.69485,-26.65691],[113.68092,-26.65841],[113.664,-26.67445],[113.6578,-26.65416],[113.66569,-26.64558],[113.66127,-26.63408],[113.66641,-26.63035],[113.65937,-26.62698],[113.65708,-26.61616],[113.66535,-26.60588],[113.65969,-26.60093],[113.66369,-26.59619],[113.6539,-26.59462],[113.64202,-26.61945],[113.63397,-26.61078],[113.63215,-26.57661],[113.62561,-26.57121],[113.6335,-26.56364],[113.62869,-26.54019],[113.63814,-26.50285],[113.63272,-26.48763],[113.63708,-26.47127],[113.63054,-26.46327],[113.61805,-26.48968],[113.61849,-26.52047],[113.62627,-26.52429],[113.62153,-26.53873],[113.61638,-26.534],[113.62009,-26.51077],[113.61507,-26.50886],[113.61407,-26.48942],[113.60981,-26.51473],[113.59338,-26.51193],[113.59921,-26.54463],[113.5892,-26.56021],[113.58823,-26.58558],[113.6071,-26.6062],[113.59808,-26.61419],[113.59629,-26.60193],[113.58374,-26.60018],[113.57178,-26.57816],[113.55822,-26.574],[113.55982,-26.54715],[113.57718,-26.50462],[113.57554,-26.49582],[113.563,-26.49392],[113.55231,-26.46911],[113.5617,-26.46132],[113.56706,-26.43334],[113.56141,-26.42827],[113.5615,-26.40278],[113.5487,-26.38091],[113.55947,-26.35348],[113.5405,-26.32475],[113.54548,-26.30275],[113.5372,-26.27952],[113.53044,-26.28438],[113.51153,-26.27683],[113.5183,-26.2845],[113.51368,-26.3021],[113.4939,-26.31034],[113.50141,-26.3118],[113.50706,-26.32398],[113.51595,-26.32206],[113.51245,-26.3365],[113.52826,-26.36221],[113.51625,-26.385],[113.51701,-26.39695],[113.50599,-26.40914],[113.50927,-26.43982],[113.50013,-26.45234],[113.5064,-26.45302],[113.50328,-26.46881],[113.48648,-26.48483],[113.47695,-26.47705],[113.47919,-26.44998],[113.48808,-26.43915],[113.48532,-26.43058],[113.50224,-26.42031],[113.48467,-26.38355],[113.48905,-26.37711],[113.49644,-26.37813],[113.50222,-26.40023],[113.50658,-26.36391],[113.48779,-26.35704],[113.4988,-26.33605],[113.48276,-26.32072],[113.47986,-26.27109],[113.4622,-26.25338],[113.45956,-26.2218],[113.4483,-26.21255],[113.44467,-26.16326],[113.43692,-26.16754],[113.42441,-26.161],[113.42166,-26.15401],[113.42916,-26.13855],[113.39671,-26.11395],[113.40029,-26.10572],[113.38555,-26.09218],[113.38631,-26.06082],[113.36373,-26.01747],[113.35735,-26.02109],[113.35697,-26.03327],[113.36757,-26.05415],[113.35869,-26.06509],[113.37793,-26.07864],[113.37342,-26.09713],[113.38729,-26.11147],[113.38053,-26.11959],[113.3785,-26.16504],[113.38649,-26.21265],[113.37586,-26.2052],[113.36459,-26.21072],[113.36633,-26.23757],[113.35819,-26.24366],[113.35592,-26.25787],[113.32198,-26.26082],[113.31838,-26.24656],[113.32478,-26.22818],[113.31904,-26.21374],[113.32543,-26.20483],[113.32006,-26.19456],[113.31988,-26.1262],[113.3143,-26.08987],[113.30643,-26.0814],[113.30897,-26.04632],[113.29926,-26.01596],[113.28461,-26.04008],[113.2916,-26.04776],[113.28419,-26.0763],[113.29155,-26.08544],[113.29112,-26.12572],[113.28218,-26.1732],[113.27303,-26.18266],[113.28036,-26.22159],[113.26995,-26.24177],[113.26088,-26.19122],[113.19724,-26.17398],[113.19338,-26.16427],[113.16253,-26.14356],[113.15626,-26.15167],[113.17783,-26.17981],[113.23641,-26.23349],[113.27751,-26.29401],[113.29962,-26.34243],[113.29421,-26.36386],[113.30822,-26.38745],[113.30633,-26.39613],[113.29668,-26.40019],[113.34954,-26.45415],[113.50351,-26.58859],[113.58435,-26.67142],[113.78308,-26.92904],[113.96513,-27.23074],[114.08599,-27.46028],[114.15106,-27.64966],[114.16317,-27.70668],[114.12433,-27.7729],[114.10537,-27.85037],[114.14452,-27.97238],[114.17363,-28.11047],[114.19745,-28.12737],[114.23762,-28.18661],[114.32181,-28.23223],[114.34154,-28.26759],[114.40372,-28.33418],[114.43372,-28.39583],[114.45403,-28.40949],[114.53127,-28.49429],[114.59607,-28.61108],[114.61221,-28.66162],[114.60551,-28.68653],[114.61975,-28.72909],[114.61355,-28.76469],[114.60265,-28.77583],[114.58729,-28.77322],[114.57615,-28.77838],[114.57536,-28.78481],[114.5897,-28.7845],[114.61247,-28.79513],[114.6279,-28.82909],[114.62314,-28.84318],[114.63438,-28.86045],[114.63653,-28.87726],[114.69707,-28.94149],[114.81137,-29.0448],[114.87169,-29.11641],[114.90078,-29.21144],[114.91937,-29.25142],[114.9222,-29.26982],[114.91425,-29.27797],[114.92634,-29.31189],[114.95364,-29.34893],[114.95993,-29.37847],[114.95626,-29.3963],[114.99763,-29.49422],[114.99694,-29.51396],[114.97926,-29.54707],[114.97456,-29.60304],[114.95904,-29.66998],[114.95966,-29.77217],[114.9647,-29.80871],[114.98182,-29.85266],[114.97764,-29.87884],[114.98254,-29.9112],[114.97735,-29.94494],[114.96255,-29.97442],[114.9692,-30.00889],[114.95456,-30.05008],[114.96495,-30.0549],[114.96267,-30.07159],[114.98383,-30.07932],[115.00178,-30.13215],[115.00348,-30.1716],[114.99171,-30.18336],[114.99671,-30.20128],[114.99231,-30.20749],[114.99765,-30.21153],[114.99396,-30.23387],[115.00303,-30.22775],[115.02527,-30.23536],[115.04204,-30.27263],[115.03877,-30.29902],[115.01973,-30.31779],[115.04165,-30.3378],[115.05084,-30.39155],[115.04979,-30.42257],[115.07056,-30.47448],[115.07088,-30.48688],[115.05769,-30.51026],[115.07059,-30.51394],[115.09183,-30.54567],[115.09462,-30.55727],[115.0878,-30.57928],[115.10061,-30.586],[115.10146,-30.6019],[115.11562,-30.62079],[115.15496,-30.7184],[115.18369,-30.77264],[115.19128,-30.80068],[115.18892,-30.82403],[115.208,-30.82418],[115.2202,-30.83281],[115.24158,-30.86869],[115.25813,-30.8826],[115.2687,-30.90161],[115.26785,-30.91232],[115.28898,-30.94537],[115.31311,-30.97334],[115.33032,-31.01861],[115.32699,-31.02705],[115.33908,-31.03907],[115.37124,-31.10939],[115.38257,-31.11993],[115.40065,-31.18194],[115.44009,-31.27584],[115.54103,-31.41104],[115.5844,-31.50108],[115.60302,-31.51762],[115.63481,-31.56509],[115.66265,-31.62111],[115.68559,-31.65264],[115.73215,-31.77502],[115.72822,-31.80647],[115.75017,-31.8416],[115.75491,-31.89157],[115.75139,-32.01291],[115.73356,-32.05328],[115.74781,-32.06315],[115.76259,-32.11018],[115.75772,-32.12702],[115.74403,-32.13767],[115.76499,-32.14078],[115.77455,-32.19111],[115.75638,-32.22184],[115.75579,-32.24958],[115.73678,-32.26935],[115.72223,-32.27667],[115.68437,-32.26683],[115.69965,-32.27881],[115.70119,-32.30556],[115.73057,-32.31098],[115.74247,-32.33248],[115.73774,-32.3606],[115.71293,-32.37081],[115.74592,-32.40753],[115.74548,-32.478],[115.73103,-32.51194],[115.71172,-32.52292],[115.71894,-32.52901],[115.71916,-32.5554],[115.73874,-32.56202],[115.72383,-32.56122],[115.72319,-32.56629],[115.75587,-32.56465],[115.76924,-32.58132],[115.76291,-32.59047],[115.77712,-32.59485],[115.76693,-32.62707],[115.77277,-32.63494],[115.74625,-32.64637],[115.72069,-32.63199],[115.71691,-32.6405],[115.70498,-32.64313],[115.67504,-32.61604],[115.66612,-32.6159],[115.66533,-32.63314],[115.68433,-32.65397],[115.68432,-32.67866],[115.69427,-32.68728],[115.71169,-32.72623],[115.71002,-32.74132],[115.71865,-32.7436],[115.72573,-32.75642],[115.72404,-32.77775],[115.72086,-32.78111],[115.71241,-32.77237],[115.71025,-32.78542],[115.69302,-32.76744],[115.69612,-32.75407],[115.68261,-32.74935],[115.67295,-32.72732],[115.6713,-32.69988],[115.65476,-32.67006],[115.6414,-32.61797],[115.64455,-32.60867],[115.67017,-32.59544],[115.66627,-32.58545],[115.67049,-32.57548],[115.71658,-32.55784],[115.71593,-32.53279],[115.70118,-32.5188],[115.66998,-32.56251],[115.63273,-32.59517],[115.60603,-32.68314],[115.63242,-32.83603],[115.65416,-32.90258],[115.67064,-32.98415],[115.68384,-33.07399],[115.68875,-33.13573],[115.67996,-33.27856],[115.67175,-33.30286],[115.67928,-33.30236],[115.68853,-33.28078],[115.68886,-33.25247],[115.69927,-33.23542],[115.69171,-33.22734],[115.69224,-33.20445],[115.70292,-33.19811],[115.71501,-33.24344],[115.71021,-33.28784],[115.69953,-33.3049],[115.69081,-33.30403],[115.68201,-33.32133],[115.67239,-33.31719],[115.67132,-33.305],[115.65827,-33.31819],[115.66379,-33.317],[115.66302,-33.32489],[115.64213,-33.31929],[115.6577,-33.32756],[115.64915,-33.32725],[115.63953,-33.3231],[115.63683,-33.31361],[115.64608,-33.30209],[115.63634,-33.30909],[115.59726,-33.41318],[115.57373,-33.45357],[115.43936,-33.59833],[115.40492,-33.62338],[115.36446,-33.6406],[115.30469,-33.65519],[115.25454,-33.65686],[115.20192,-33.6495],[115.12214,-33.62314],[115.10537,-33.60605],[115.10234,-33.58657],[115.08435,-33.5652],[115.06615,-33.55915],[115.05789,-33.54565],[115.03392,-33.54367],[115.0316,-33.5341],[115.00359,-33.53111],[115.0116,-33.55499],[115.00447,-33.56086],[115.02824,-33.63464],[115.01872,-33.6572],[115.00781,-33.65959],[114.99988,-33.66997],[114.99367,-33.66739],[114.99692,-33.67516],[114.98834,-33.6992],[114.97539,-33.69786],[114.99291,-33.75092],[114.9897,-33.76828],[115.00042,-33.79328],[114.99419,-33.84784],[114.98502,-33.85744],[114.98826,-33.86279],[114.97585,-33.86376],[114.98863,-33.90533],[114.9925,-33.94624],[114.99063,-33.95537],[114.98022,-33.96248],[115.00241,-34.01562],[114.9971,-34.06796],[115.00403,-34.08103],[114.99106,-34.09774],[115.01771,-34.13413],[115.03846,-34.19138],[115.03742,-34.21022],[115.02497,-34.22242],[115.03287,-34.23605],[115.02367,-34.25174],[115.03455,-34.25838],[115.03444,-34.26988],[115.05511,-34.27774],[115.09041,-34.31861],[115.11615,-34.33671],[115.13691,-34.36452],[115.13313,-34.37423],[115.15704,-34.36864],[115.16489,-34.35948],[115.17069,-34.32584],[115.16022,-34.31123],[115.16181,-34.29983],[115.14835,-34.29761],[115.1446,-34.28922],[115.16043,-34.29409],[115.15588,-34.27526],[115.17651,-34.26506],[115.16551,-34.27332],[115.1692,-34.27861],[115.17176,-34.27421],[115.19406,-34.27877],[115.18565,-34.28229],[115.18745,-34.29097],[115.16548,-34.30039],[115.16499,-34.3128],[115.17208,-34.32112],[115.19487,-34.31079],[115.17287,-34.3233],[115.2033,-34.3119],[115.26388,-34.3064],[115.34219,-34.31479],[115.4013,-34.33382],[115.45164,-34.3593],[115.48365,-34.38361],[115.51872,-34.39536],[115.54261,-34.41434],[115.54096,-34.42268],[115.56016,-34.41527],[115.60598,-34.43775],[115.67481,-34.4847],[115.81995,-34.60248],[115.82964,-34.60879],[115.8414,-34.6055],[115.83592,-34.6134],[115.84398,-34.62411],[115.87649,-34.65395],[115.88646,-34.6562],[115.95273,-34.72706],[115.96298,-34.74637],[115.96126,-34.76205],[115.98047,-34.77571],[116.0046,-34.8137],[115.99659,-34.83086],[116.0025,-34.84279],[116.03189,-34.83675],[116.09771,-34.8483],[116.12402,-34.84097],[116.25066,-34.87536],[116.43689,-34.97432],[116.47507,-35.00069],[116.48143,-35.01589],[116.49718,-35.01532],[116.51758,-35.0019],[116.53594,-35.00494],[116.56747,-35.01945],[116.57378,-35.02485],[116.57036,-35.03139],[116.60626,-35.0309],[116.61545,-35.03585],[116.62876,-35.04553],[116.62467,-35.05297],[116.62921,-35.06018],[116.6448,-35.04674],[116.65714,-35.05089],[116.70723,-35.02803],[116.72522,-35.04051],[116.74535,-35.03618],[116.71431,-35.01326],[116.698,-35.01092],[116.70306,-35.00843],[116.69539,-35.00178],[116.70607,-35.00629],[116.707,-34.99963],[116.72355,-34.99173],[116.71889,-34.9797],[116.72561,-34.97507],[116.72603,-34.98122],[116.73826,-34.98394],[116.72486,-34.98687],[116.72498,-34.99668],[116.73723,-34.99015],[116.7576,-34.99743],[116.7361,-35.01693],[116.7341,-35.03046],[116.75569,-35.01575],[116.78391,-35.01624],[116.81946,-35.03068],[116.82691,-35.04249],[116.84554,-35.04131],[116.84613,-35.04807],[116.86055,-35.05512],[116.86586,-35.04767],[116.88354,-35.04715],[116.89318,-35.05591],[116.92255,-35.06369],[116.929,-35.04079],[116.9586,-35.01903],[116.95324,-35.01714],[116.96139,-35.00493],[116.9421,-35.00768],[116.94977,-34.99104],[116.97458,-34.97297],[116.99643,-34.98639],[116.9659,-35.00412],[116.95721,-35.01532],[116.96079,-35.01914],[116.98574,-35.02173],[117.01833,-35.03588],[117.03436,-35.02633],[117.06036,-35.02961],[117.07052,-35.03906],[117.08132,-35.03115],[117.0987,-35.03366],[117.15113,-35.06241],[117.15707,-35.05896],[117.15217,-35.05599],[117.15583,-35.04767],[117.1656,-35.04516],[117.16302,-35.03104],[117.18481,-35.01982],[117.20772,-35.01763],[117.24803,-35.02966],[117.27155,-35.02217],[117.32479,-35.04385],[117.33468,-35.04189],[117.33803,-35.03582],[117.33124,-35.02826],[117.33701,-35.02285],[117.36394,-35.02099],[117.47211,-35.07001],[117.48574,-35.08012],[117.48553,-35.08936],[117.51232,-35.08409],[117.51526,-35.07622],[117.53391,-35.07733],[117.59721,-35.10874],[117.60731,-35.11668],[117.61215,-35.13305],[117.62531,-35.13514],[117.63193,-35.1293],[117.63986,-35.13531],[117.6428,-35.12596],[117.63024,-35.11385],[117.63847,-35.091],[117.6514,-35.08609],[117.64505,-35.06836],[117.64949,-35.05981],[117.68276,-35.04484],[117.70068,-35.05212],[117.70976,-35.04606],[117.72524,-35.04724],[117.7981,-35.06844],[117.84998,-35.09417],[117.86599,-35.10954],[117.88533,-35.1106],[117.90011,-35.1245],[117.90644,-35.1156],[117.92468,-35.12229],[117.94074,-35.11634],[117.94456,-35.12751],[117.95142,-35.12842],[117.96929,-35.11514],[117.96807,-35.10556],[117.97645,-35.10027],[118.008,-35.10043],[118.02239,-35.10867],[118.01528,-35.09525],[118.0013,-35.08779],[117.97865,-35.09611],[117.94423,-35.09211],[117.93602,-35.08082],[117.93909,-35.05963],[117.92005,-35.05148],[117.92008,-35.04145],[117.91432,-35.04234],[117.9169,-35.04866],[117.911,-35.05372],[117.92907,-35.06525],[117.92313,-35.08057],[117.91119,-35.0845],[117.88789,-35.07757],[117.86862,-35.05758],[117.85505,-35.0563],[117.84945,-35.0484],[117.85307,-35.03195],[117.86761,-35.0277],[117.91968,-35.03615],[117.9245,-35.02781],[117.91792,-35.02532],[117.91945,-35.01777],[117.94621,-35.00019],[117.97084,-35.01605],[118.00004,-35.01101],[118.00496,-35.02139],[118.02456,-35.0169],[118.03484,-35.0213],[118.05197,-35.01546],[118.06841,-34.99675],[118.10641,-34.98617],[118.16868,-34.99573],[118.17566,-35.00409],[118.17489,-35.0174],[118.1912,-35.01523],[118.18915,-35.02631],[118.20462,-35.01243],[118.20171,-34.99967],[118.21326,-34.98756],[118.20863,-34.97609],[118.19075,-34.96752],[118.18272,-34.97321],[118.17391,-34.96763],[118.17105,-34.95479],[118.1775,-34.94043],[118.2123,-34.94416],[118.21032,-34.93105],[118.22672,-34.91961],[118.25558,-34.91851],[118.26056,-34.90957],[118.30109,-34.91222],[118.29954,-34.90454],[118.32181,-34.90463],[118.33647,-34.8925],[118.33173,-34.89836],[118.33986,-34.90326],[118.38078,-34.90407],[118.38944,-34.90784],[118.39062,-34.91549],[118.40269,-34.91799],[118.40392,-34.90614],[118.42671,-34.90089],[118.42795,-34.88972],[118.42004,-34.88076],[118.39853,-34.878],[118.39703,-34.84239],[118.41373,-34.79739],[118.43889,-34.76483],[118.46744,-34.74272],[118.51181,-34.72557],[118.51988,-34.71672],[118.5509,-34.7114],[118.56091,-34.70298],[118.57851,-34.70528],[118.58605,-34.69685],[118.60093,-34.69734],[118.61325,-34.68813],[118.64586,-34.69068],[118.66558,-34.66807],[118.70205,-34.6554],[118.72196,-34.65701],[118.74547,-34.63845],[118.75205,-34.62223],[118.78125,-34.6093],[118.75572,-34.603],[118.74393,-34.59032],[118.73947,-34.57318],[118.7463,-34.55696],[118.77169,-34.53264],[118.80713,-34.51825],[118.80741,-34.51169],[118.85495,-34.50127],[118.91405,-34.50388],[118.90711,-34.49892],[118.91297,-34.48855],[118.90153,-34.47818],[118.90711,-34.46714],[118.94236,-34.45429],[118.98891,-34.45168],[119.10189,-34.46655],[119.13799,-34.4799],[119.15192,-34.49452],[119.17261,-34.49505],[119.18035,-34.48669],[119.19629,-34.49015],[119.22342,-34.50124],[119.23777,-34.51507],[119.2219,-34.53167],[119.25542,-34.53463],[119.25753,-34.51975],[119.26392,-34.51658],[119.27852,-34.52341],[119.27659,-34.51654],[119.2846,-34.51291],[119.28358,-34.49612],[119.2886,-34.49329],[119.27824,-34.49016],[119.27968,-34.47675],[119.27149,-34.46979],[119.2944,-34.45079],[119.32948,-34.44459],[119.3559,-34.45058],[119.36659,-34.46463],[119.35576,-34.47448],[119.3716,-34.48501],[119.38669,-34.48157],[119.38255,-34.47122],[119.39133,-34.45981],[119.41773,-34.46015],[119.40245,-34.45221],[119.39801,-34.43792],[119.40298,-34.42618],[119.39137,-34.41834],[119.40852,-34.3963],[119.40048,-34.3934],[119.4003,-34.38619],[119.42102,-34.37236],[119.44247,-34.36765],[119.45187,-34.37077],[119.45382,-34.37876],[119.48372,-34.37682],[119.49307,-34.39233],[119.47899,-34.40265],[119.50326,-34.41211],[119.51563,-34.41082],[119.54866,-34.39014],[119.57502,-34.38798],[119.56922,-34.37708],[119.54263,-34.38341],[119.52822,-34.36455],[119.50834,-34.35947],[119.49936,-34.31782],[119.50709,-34.27733],[119.52218,-34.24063],[119.54811,-34.20501],[119.58773,-34.17089],[119.5779,-34.16249],[119.58927,-34.1426],[119.64026,-34.1129],[119.63461,-34.10099],[119.64657,-34.08954],[119.66897,-34.07972],[119.68159,-34.08178],[119.7104,-34.06245],[119.73354,-34.06118],[119.75029,-34.04248],[119.76757,-34.03763],[119.78222,-34.02615],[119.78705,-34.00831],[119.80675,-33.98844],[119.85425,-33.97102],[119.9105,-33.96782],[119.92539,-33.96943],[119.92749,-33.97798],[119.94345,-33.97846],[119.96484,-33.96448],[119.96748,-33.95647],[119.98248,-33.95492],[119.99016,-33.93674],[120.01062,-33.93697],[120.04042,-33.92401],[120.11304,-33.94477],[120.12004,-33.95291],[120.18068,-33.9346],[120.238,-33.93315],[120.31517,-33.94253],[120.43657,-33.97219],[120.44618,-33.96441],[120.4689,-33.96724],[120.4712,-33.95755],[120.4946,-33.95361],[120.51785,-33.93591],[120.55855,-33.92621],[120.56165,-33.92001],[120.55353,-33.90333],[120.59284,-33.88674],[120.63879,-33.89121],[120.67203,-33.88497],[120.71043,-33.89291],[120.77771,-33.88624],[120.81044,-33.89213],[120.82188,-33.87926],[120.83889,-33.87402],[120.84129,-33.86635],[120.86773,-33.85647],[120.90328,-33.86109],[120.91806,-33.87051],[120.94113,-33.86276],[121.00916,-33.87331],[121.01637,-33.86122],[121.0504,-33.85758],[121.07881,-33.86218],[121.08508,-33.85156],[121.09763,-33.84913],[121.13522,-33.853],[121.13434,-33.84331],[121.15825,-33.8088],[121.18085,-33.81476],[121.17202,-33.82473],[121.15732,-33.82785],[121.13591,-33.85412],[121.1725,-33.86779],[121.17704,-33.87791],[121.18154,-33.8665],[121.19593,-33.85785],[121.1941,-33.84885],[121.20419,-33.84326],[121.26938,-33.85099],[121.2758,-33.84328],[121.29644,-33.84078],[121.29525,-33.82884],[121.30669,-33.82369],[121.32382,-33.82177],[121.34998,-33.83039],[121.35284,-33.81898],[121.37483,-33.81635],[121.42861,-33.83106],[121.43553,-33.82108],[121.45993,-33.8289],[121.46676,-33.82344],[121.50483,-33.83961],[121.52694,-33.83303],[121.53161,-33.82574],[121.55239,-33.82951],[121.6329,-33.87319],[121.64655,-33.88738],[121.64468,-33.89819],[121.67481,-33.8745],[121.67668,-33.86313],[121.70089,-33.86228],[121.76314,-33.88692],[121.75693,-33.88598],[121.78987,-33.90906],[121.80375,-33.89934],[121.82365,-33.89731],[121.82927,-33.88889],[121.86483,-33.89065],[121.8634,-33.88196],[121.87453,-33.87684],[121.88734,-33.88265],[121.90048,-33.879],[121.89397,-33.86352],[121.90397,-33.84486],[121.9151,-33.83826],[121.9561,-33.83349],[121.98296,-33.83914],[121.98627,-33.82923],[122.001,-33.8293],[122.03078,-33.84498],[122.08538,-33.9028],[122.11898,-33.98003],[122.10985,-33.99252],[122.09319,-33.99393],[122.09329,-34.00284],[122.11252,-34.00037],[122.11357,-34.0172],[122.13674,-34.0066],[122.14485,-34.0144],[122.15656,-34.01356],[122.1653,-34.00244],[122.17302,-34.00487],[122.17145,-34.01142],[122.19325,-34.01719],[122.18899,-34.00816],[122.20076,-34.0085],[122.19779,-34.00031],[122.20943,-34.00076],[122.21153,-34.00873],[122.22702,-33.98801],[122.24379,-33.99414],[122.24943,-34.0046],[122.2641,-33.99588],[122.27731,-34.00075],[122.28064,-33.98982],[122.2728,-33.98439],[122.26824,-33.96815],[122.2745,-33.95948],[122.32628,-33.92891],[122.34144,-33.92656],[122.35415,-33.93312],[122.3493,-33.92184],[122.3642,-33.91352],[122.39925,-33.91187],[122.44443,-33.91923],[122.49111,-33.93899],[122.50072,-33.93651],[122.50966,-33.95342],[122.52522,-33.94779],[122.53605,-33.93527],[122.55757,-33.93662],[122.56082,-33.94485],[122.57504,-33.94834],[122.56895,-33.95319],[122.57531,-33.95454],[122.5676,-33.95838],[122.57153,-33.96142],[122.58263,-33.95804],[122.57653,-33.95522],[122.58072,-33.94518],[122.59736,-33.93728],[122.58558,-33.93289],[122.58165,-33.91632],[122.59165,-33.90966],[122.59572,-33.91597],[122.6014,-33.91337],[122.59531,-33.90977],[122.59801,-33.90244],[122.61869,-33.89284],[122.64142,-33.89181],[122.64927,-33.89744],[122.65346,-33.88932],[122.66982,-33.88862],[122.74776,-33.89582],[122.75462,-33.88127],[122.77382,-33.87773],[122.81268,-33.88938],[122.82939,-33.90997],[122.93509,-33.8861],[122.97001,-33.89004],[122.97589,-33.90231],[122.97906,-33.88741],[123.00226,-33.88551],[123.00485,-33.87081],[123.02272,-33.85664],[123.08312,-33.87153],[123.13389,-33.90437],[123.13977,-33.91151],[123.13416,-33.91768],[123.13958,-33.91692],[123.15133,-33.93234],[123.14804,-33.93683],[123.16107,-33.94593],[123.15656,-33.95086],[123.16244,-33.96856],[123.14846,-33.97629],[123.15565,-33.97465],[123.17215,-33.98953],[123.1654,-34.0084],[123.15199,-34.01063],[123.16307,-34.01663],[123.21295,-34.00185],[123.22726,-33.98892],[123.25196,-33.99748],[123.27543,-33.97586],[123.2869,-33.97987],[123.30303,-33.96114],[123.29997,-33.95368],[123.32868,-33.93467],[123.33029,-33.91878],[123.37144,-33.89589],[123.41229,-33.89383],[123.47401,-33.90618],[123.508,-33.9221],[123.51208,-33.94252],[123.53428,-33.94013],[123.55302,-33.92779],[123.558,-33.90604],[123.56926,-33.89932],[123.57337,-33.88772],[123.61913,-33.87615],[123.63913,-33.87699],[123.65629,-33.84694],[123.69365,-33.83148],[123.70762,-33.81641],[123.74236,-33.80916],[123.76415,-33.79523],[123.74919,-33.78313],[123.74749,-33.76532],[123.75693,-33.72306],[123.77441,-33.69818],[123.81023,-33.66476],[123.85316,-33.64013],[123.87771,-33.63317],[123.86682,-33.61873],[123.87507,-33.59901],[123.93073,-33.58665],[123.93573,-33.57685],[123.95028,-33.57561],[123.97602,-33.5586],[123.99799,-33.42636],[124.02447,-33.35804],[124.07909,-33.24923],[124.10117,-33.17616],[124.12338,-33.13511],[124.15429,-33.09607],[124.23556,-33.01986],[124.30536,-32.98092],[124.39355,-32.94909],[124.45824,-32.93558],[124.68997,-32.90925],[124.7663,-32.89227],[124.88692,-32.83766],[124.92803,-32.79417],[124.95803,-32.775],[124.99306,-32.76271],[125.02617,-32.72887],[125.1024,-32.71541],[125.21733,-32.6509],[124.51655,-31.77092],[124.22635,-30.7776],[124.93535,-30.3067],[125.13737,-29.62525],[125.15709,-28.68302],[125.62039,-27.4411],[126.18104,-25.9662],[127.36414,-25.03235],[127.75705,-24.13469],[128.28273,-23.06533],[127.98917,-22.86286],[127.36889,-22.59045],[127.39026,-22.05042],[127.65618,-21.83917],[127.65032,-21.50069],[127.58588,-21.26172],[127.23705,-21.28399],[126.93122,-21.15458],[126.68535,-20.92512],[126.36846,-20.67523],[126.39942,-20.40519],[126.6287,-20.1599],[126.76888,-19.85982],[126.78217,-19.5546],[126.62981,-19.3277],[126.18664,-19.54738],[125.90179,-19.46688],[125.44894,-19.49675],[124.87685,-19.39985],[124.38924,-19.08415],[123.76039,-19.09813],[123.36227,-19.12432],[123.06337,-18.78104],[122.5996,-18.6525],[122.25979,-18.51011],[122.00627,-18.39623],[122.00034,-18.40277],[121.98258,-18.40485],[121.94666,-18.43927],[121.89794,-18.4662],[121.86738,-18.47101],[121.85165,-18.46171],[121.83997,-18.44373],[121.8152,-18.45114],[121.78896,-18.48419],[121.80323,-18.50806],[121.81239,-18.49237],[121.81016,-18.48107],[121.81701,-18.49182],[121.80773,-18.50976],[121.79432,-18.51945],[121.79832,-18.52997],[121.78811,-18.53774],[121.79536,-18.52782],[121.79069,-18.51795],[121.79837,-18.50986],[121.79092,-18.50385],[121.76474,-18.55283],[121.72937,-18.57568],[121.75577,-18.58501],[121.78351,-18.60467],[121.78189,-18.61004],[121.79081,-18.60926],[121.78379,-18.61084],[121.79303,-18.65718],[121.78817,-18.66079],[121.78688,-18.65389],[121.76691,-18.67305],[121.75185,-18.67483],[121.7411,-18.70474],[121.73732,-18.69682],[121.71726,-18.70637],[121.69807,-18.69864],[121.67774,-18.71564],[121.68116,-18.72062],[121.665,-18.72026],[121.65725,-18.70711],[121.63934,-18.70999],[121.63545,-18.70422],[121.63555,-18.70964],[121.62938,-18.70883],[121.63076,-18.72194],[121.62882,-18.70025],[121.61813,-18.70631],[121.61978,-18.74202],[121.63448,-18.74331],[121.65551,-18.76721],[121.64545,-18.79588],[121.65489,-18.81319],[121.65317,-18.83593],[121.64876,-18.83475],[121.65143,-18.81906],[121.64263,-18.82265],[121.64265,-18.81801],[121.6313,-18.84001],[121.63768,-18.84771],[121.62809,-18.84158],[121.61816,-18.86437],[121.60271,-18.86918],[121.60069,-18.90318],[121.57594,-18.94738],[121.60007,-18.94068],[121.57819,-18.95089],[121.55316,-18.94346],[121.56458,-18.96926],[121.54073,-19.0213],[121.518,-19.04283],[121.52534,-19.05313],[121.51113,-19.09388],[121.41299,-19.23799],[121.33321,-19.34166],[121.21012,-19.46631],[121.11391,-19.53858],[120.95078,-19.63864],[120.86262,-19.67452],[120.86468,-19.66938],[120.85285,-19.67337],[120.63099,-19.77006],[120.56798,-19.78623],[120.32297,-19.87575],[120.19593,-19.91392],[120.1332,-19.91244],[120.08029,-19.92126],[120.08739,-19.92529],[120.08123,-19.92649],[120.07499,-19.92242],[120.02473,-19.93264],[119.97276,-19.93301],[119.88443,-19.95532],[119.86513,-19.96442],[119.86622,-19.9696],[119.86154,-19.96217],[119.78775,-19.97331],[119.7915,-19.96813],[119.76414,-19.95557],[119.77253,-19.96976],[119.76519,-19.97644],[119.75535,-19.97173],[119.75736,-19.9636],[119.73006,-19.97619],[119.75276,-19.98374],[119.7413,-19.9844],[119.7465,-20.00322],[119.74113,-20.00592],[119.75389,-20.02161],[119.74626,-20.01089],[119.733,-20.01336],[119.72632,-20.01673],[119.73007,-20.02249],[119.72345,-20.02068],[119.72488,-20.02621],[119.71449,-20.02247],[119.70267,-20.02991],[119.70481,-20.03724],[119.69275,-20.03396],[119.69681,-20.03791],[119.69107,-20.04106],[119.69204,-20.03271],[119.70004,-20.03419],[119.70936,-20.02134],[119.70086,-19.99511],[119.6805,-20.00382],[119.67834,-20.01239],[119.68259,-20.01231],[119.67318,-20.03201],[119.65549,-20.04654],[119.56933,-20.08035],[119.56278,-20.07898],[119.57244,-20.0772],[119.56983,-20.07099],[119.51292,-20.04652],[119.48849,-20.02503],[119.4903,-20.01803],[119.47099,-20.00569],[119.46608,-20.01335],[119.44303,-20.01724],[119.41515,-19.99452],[119.38548,-19.99884],[119.37166,-20.00812],[119.38124,-19.99646],[119.37336,-19.9915],[119.33825,-19.9862],[119.32077,-19.99038],[119.24261,-19.96452],[119.24154,-19.97107],[119.24844,-19.9706],[119.23995,-19.97171],[119.23808,-19.96136],[119.21826,-19.95322],[119.19295,-19.95072],[119.17158,-19.95658],[119.16785,-19.98864],[119.17624,-19.99922],[119.16809,-19.99192],[119.17214,-20.00774],[119.21055,-20.01726],[119.20706,-20.02368],[119.16841,-20.01517],[119.15867,-20.00407],[119.16062,-20.01213],[119.14708,-19.97858],[119.11868,-19.96172],[119.0997,-19.95933],[119.08834,-19.97038],[119.09369,-19.98846],[119.06834,-20.0154],[119.0431,-20.02194],[119.04199,-20.02743],[118.99382,-20.0358],[118.9764,-20.09552],[118.95913,-20.12703],[118.94086,-20.14476],[118.89649,-20.16776],[118.86026,-20.22545],[118.86261,-20.22144],[118.86498,-20.23642],[118.8782,-20.24252],[118.87144,-20.25373],[118.88264,-20.26113],[118.86953,-20.25338],[118.87451,-20.24235],[118.85129,-20.22551],[118.84205,-20.23065],[118.83526,-20.24528],[118.83978,-20.24835],[118.83271,-20.24989],[118.82978,-20.2589],[118.84099,-20.26529],[118.84725,-20.26233],[118.83239,-20.2623],[118.82778,-20.27266],[118.84933,-20.28949],[118.86026,-20.2821],[118.85482,-20.29065],[118.82261,-20.27601],[118.82086,-20.28785],[118.82069,-20.27803],[118.80595,-20.2811],[118.8059,-20.2881],[118.79783,-20.27891],[118.76821,-20.28173],[118.69024,-20.3158],[118.67675,-20.32666],[118.68731,-20.32716],[118.67864,-20.33028],[118.67833,-20.34032],[118.66567,-20.34286],[118.67444,-20.33228],[118.65512,-20.33112],[118.66706,-20.32648],[118.66016,-20.32146],[118.64344,-20.32646],[118.65969,-20.3198],[118.63702,-20.31159],[118.64179,-20.31298],[118.63987,-20.29807],[118.57936,-20.30802],[118.57283,-20.31689],[118.58949,-20.32886],[118.60676,-20.32459],[118.62954,-20.33437],[118.60849,-20.3316],[118.61727,-20.34243],[118.60562,-20.33124],[118.5874,-20.33539],[118.60285,-20.34905],[118.61283,-20.34755],[118.60307,-20.35154],[118.59666,-20.34494],[118.59592,-20.35449],[118.59283,-20.34491],[118.5802,-20.33726],[118.58321,-20.3506],[118.57855,-20.35768],[118.57601,-20.33779],[118.57128,-20.34521],[118.57441,-20.32796],[118.55623,-20.34976],[118.552,-20.34631],[118.55337,-20.33999],[118.56054,-20.34095],[118.55613,-20.33439],[118.56327,-20.32957],[118.55847,-20.31667],[118.56918,-20.32408],[118.5633,-20.31083],[118.57373,-20.3016],[118.56894,-20.29451],[118.52625,-20.30536],[118.54732,-20.30485],[118.5573,-20.31361],[118.54811,-20.31061],[118.54682,-20.32087],[118.54047,-20.32172],[118.54493,-20.3379],[118.54506,-20.33147],[118.53393,-20.33116],[118.53662,-20.3244],[118.53088,-20.32391],[118.53954,-20.31923],[118.53673,-20.31165],[118.50619,-20.32766],[118.51789,-20.33081],[118.50656,-20.34009],[118.51099,-20.34644],[118.50637,-20.34878],[118.51071,-20.33064],[118.49103,-20.33427],[118.48657,-20.33046],[118.49494,-20.32814],[118.4875,-20.32597],[118.47938,-20.32915],[118.4959,-20.34364],[118.48925,-20.35099],[118.49302,-20.34363],[118.4775,-20.34949],[118.45583,-20.33507],[118.4489,-20.33715],[118.45029,-20.34674],[118.44451,-20.34214],[118.428,-20.34472],[118.43957,-20.33845],[118.41684,-20.33956],[118.40888,-20.34916],[118.41161,-20.36109],[118.40384,-20.36431],[118.40942,-20.35853],[118.40061,-20.34865],[118.37907,-20.35138],[118.37919,-20.36963],[118.37903,-20.3612],[118.36866,-20.35144],[118.36359,-20.37397],[118.35913,-20.35873],[118.34405,-20.36006],[118.3536,-20.35526],[118.34476,-20.34233],[118.34611,-20.3299],[118.32787,-20.34096],[118.28876,-20.34864],[118.31539,-20.3547],[118.31833,-20.36541],[118.3148,-20.35606],[118.30839,-20.36435],[118.30761,-20.35621],[118.29776,-20.35164],[118.28349,-20.36742],[118.28101,-20.35343],[118.25733,-20.35886],[118.25236,-20.36962],[118.25721,-20.37773],[118.24422,-20.36978],[118.23599,-20.37524],[118.24016,-20.37195],[118.23271,-20.36815],[118.21548,-20.37095],[118.2247,-20.37056],[118.21393,-20.37321],[118.19615,-20.40376],[118.20545,-20.37642],[118.16512,-20.38295],[118.16952,-20.36899],[118.18432,-20.36502],[118.19822,-20.36946],[118.18007,-20.35814],[118.19982,-20.36895],[118.19757,-20.36121],[118.18412,-20.35601],[118.18371,-20.34672],[118.17598,-20.35489],[118.18209,-20.35599],[118.17229,-20.35913],[118.17296,-20.35095],[118.18478,-20.34558],[118.2002,-20.36007],[118.19672,-20.33793],[118.18156,-20.33642],[118.1609,-20.3579],[118.11028,-20.38773],[118.10975,-20.40106],[118.10324,-20.39477],[118.05007,-20.42211],[118.03866,-20.44147],[118.01777,-20.45872],[117.9923,-20.47216],[117.95253,-20.4792],[117.95959,-20.47992],[117.95748,-20.48528],[117.96529,-20.49112],[117.94809,-20.47786],[117.94091,-20.47992],[117.94216,-20.51091],[117.93152,-20.5266],[117.94293,-20.53051],[117.9494,-20.51044],[117.96168,-20.50665],[117.95136,-20.51162],[117.9484,-20.51999],[117.95918,-20.51701],[117.94841,-20.52258],[117.94271,-20.53684],[117.95967,-20.54682],[117.97096,-20.52521],[117.97351,-20.53152],[117.9643,-20.53675],[117.96411,-20.54692],[117.97284,-20.54169],[117.97504,-20.55049],[117.97057,-20.54441],[117.95932,-20.54942],[117.96022,-20.56196],[117.95775,-20.54785],[117.94539,-20.5462],[117.9495,-20.55183],[117.94041,-20.55898],[117.94177,-20.56699],[117.93453,-20.55855],[117.94376,-20.55682],[117.94132,-20.54667],[117.92913,-20.54068],[117.91984,-20.54358],[117.91225,-20.55553],[117.92456,-20.56105],[117.91464,-20.56269],[117.93027,-20.57088],[117.92029,-20.56673],[117.91216,-20.5766],[117.91589,-20.5673],[117.90036,-20.56195],[117.90597,-20.5594],[117.90333,-20.55369],[117.89013,-20.55818],[117.89529,-20.5518],[117.88173,-20.55196],[117.87181,-20.56114],[117.87102,-20.57176],[117.87837,-20.58111],[117.89141,-20.57305],[117.88472,-20.57827],[117.89798,-20.58526],[117.88844,-20.57938],[117.86746,-20.58194],[117.85936,-20.59744],[117.86456,-20.60747],[117.86003,-20.61133],[117.85411,-20.60604],[117.81413,-20.63214],[117.79417,-20.65558],[117.78277,-20.65437],[117.77427,-20.66354],[117.78511,-20.67187],[117.79266,-20.66936],[117.79484,-20.67534],[117.81161,-20.673],[117.79341,-20.6793],[117.77418,-20.67009],[117.77017,-20.67633],[117.76945,-20.66608],[117.7473,-20.67412],[117.74623,-20.68229],[117.74479,-20.6757],[117.73927,-20.67764],[117.73738,-20.68657],[117.73627,-20.67889],[117.71396,-20.68222],[117.70353,-20.68778],[117.7041,-20.69455],[117.70064,-20.68677],[117.68817,-20.69154],[117.69728,-20.687],[117.68681,-20.67731],[117.68943,-20.66872],[117.68042,-20.6666],[117.67349,-20.67893],[117.66677,-20.67939],[117.67535,-20.69903],[117.66414,-20.68414],[117.66735,-20.67228],[117.65431,-20.68891],[117.6563,-20.71547],[117.65135,-20.70393],[117.64397,-20.71165],[117.62828,-20.70909],[117.64654,-20.70214],[117.64506,-20.68944],[117.63715,-20.69335],[117.6435,-20.68622],[117.64168,-20.67798],[117.62595,-20.6771],[117.61656,-20.68727],[117.61886,-20.67885],[117.64832,-20.66199],[117.63072,-20.66377],[117.58995,-20.67977],[117.59886,-20.69477],[117.59068,-20.68801],[117.585,-20.69417],[117.5949,-20.70364],[117.57329,-20.69403],[117.55254,-20.704],[117.55484,-20.71337],[117.54825,-20.72569],[117.55569,-20.73084],[117.54754,-20.72818],[117.54227,-20.7362],[117.55279,-20.71089],[117.54451,-20.70774],[117.51047,-20.71992],[117.44256,-20.7306],[117.43455,-20.74051],[117.46111,-20.75166],[117.45739,-20.75722],[117.44141,-20.74536],[117.44105,-20.75361],[117.43541,-20.75124],[117.42977,-20.75802],[117.43648,-20.7465],[117.42698,-20.73114],[117.39516,-20.7306],[117.38771,-20.73535],[117.38743,-20.74479],[117.40383,-20.76007],[117.38833,-20.75274],[117.38607,-20.76045],[117.39734,-20.75884],[117.39795,-20.77103],[117.39014,-20.76099],[117.38175,-20.78437],[117.37754,-20.77579],[117.38293,-20.76472],[117.37704,-20.75885],[117.3828,-20.75072],[117.3709,-20.73502],[117.3625,-20.73615],[117.36671,-20.74575],[117.35194,-20.75807],[117.3507,-20.77164],[117.35786,-20.77578],[117.34969,-20.77899],[117.34551,-20.77755],[117.34964,-20.76304],[117.34046,-20.76429],[117.33729,-20.77422],[117.34029,-20.7583],[117.33197,-20.77058],[117.3326,-20.76123],[117.32023,-20.75853],[117.34666,-20.75931],[117.35782,-20.74304],[117.34752,-20.73566],[117.30266,-20.72681],[117.29798,-20.73804],[117.29332,-20.73583],[117.30161,-20.73424],[117.29991,-20.72651],[117.28792,-20.73492],[117.292,-20.72363],[117.28372,-20.7269],[117.28391,-20.73533],[117.28467,-20.72026],[117.26379,-20.72851],[117.27747,-20.72385],[117.24475,-20.70432],[117.245,-20.71421],[117.24227,-20.70254],[117.22308,-20.69515],[117.21192,-20.69774],[117.22896,-20.70554],[117.21641,-20.72485],[117.21727,-20.71333],[117.22728,-20.70678],[117.21444,-20.70599],[117.19359,-20.68646],[117.19516,-20.68034],[117.18586,-20.69795],[117.20027,-20.70621],[117.18674,-20.70141],[117.18263,-20.69185],[117.17193,-20.7006],[117.20041,-20.66656],[117.18912,-20.66509],[117.19008,-20.67333],[117.1752,-20.66417],[117.17555,-20.67389],[117.177,-20.66948],[117.18383,-20.67272],[117.16799,-20.68224],[117.16728,-20.65739],[117.17197,-20.65468],[117.17327,-20.674],[117.18135,-20.64507],[117.15684,-20.65716],[117.17125,-20.64192],[117.16842,-20.65186],[117.18158,-20.63967],[117.17486,-20.63051],[117.16538,-20.63457],[117.16562,-20.62836],[117.19296,-20.63859],[117.19826,-20.63245],[117.19119,-20.61335],[117.18064,-20.61613],[117.18471,-20.61425],[117.17584,-20.60612],[117.1828,-20.59234],[117.17141,-20.59357],[117.13826,-20.62676],[117.1403,-20.63489],[117.12818,-20.6544],[117.10532,-20.65479],[117.09588,-20.64185],[117.10154,-20.63011],[117.09434,-20.624],[117.08449,-20.63607],[117.06636,-20.63955],[117.05866,-20.65377],[117.03879,-20.66758],[117.03801,-20.6595],[117.02949,-20.65825],[117.03622,-20.64821],[116.9902,-20.65816],[116.97625,-20.66897],[116.99709,-20.67518],[116.98729,-20.67003],[116.98688,-20.67895],[116.9861,-20.67049],[116.97914,-20.6711],[116.97924,-20.68745],[116.98074,-20.67639],[116.97362,-20.67102],[116.96543,-20.68327],[116.95631,-20.68333],[116.94556,-20.6982],[116.95201,-20.70131],[116.95477,-20.69637],[116.9568,-20.70123],[116.95438,-20.69779],[116.92641,-20.71321],[116.95266,-20.72434],[116.92706,-20.72009],[116.93164,-20.73093],[116.9279,-20.72569],[116.92036,-20.74035],[116.92752,-20.72509],[116.92364,-20.71233],[116.89876,-20.72411],[116.86981,-20.72225],[116.82818,-20.70872],[116.79979,-20.68066],[116.79743,-20.66757],[116.7912,-20.67009],[116.79357,-20.68453],[116.78863,-20.68094],[116.78783,-20.68693],[116.78527,-20.6804],[116.79221,-20.6772],[116.78725,-20.6653],[116.79321,-20.66511],[116.80241,-20.64045],[116.7979,-20.63009],[116.8128,-20.61476],[116.81489,-20.60718],[116.80808,-20.60642],[116.81426,-20.60147],[116.81926,-20.60631],[116.82288,-20.598],[116.82426,-20.58918],[116.81622,-20.58855],[116.81978,-20.58164],[116.8675,-20.52785],[116.84923,-20.52231],[116.81115,-20.52919],[116.80476,-20.54199],[116.81471,-20.53934],[116.81057,-20.54986],[116.78977,-20.56014],[116.77813,-20.5768],[116.79634,-20.57093],[116.79815,-20.57544],[116.78448,-20.58928],[116.78003,-20.58318],[116.77065,-20.5888],[116.74638,-20.62133],[116.76514,-20.63315],[116.72647,-20.64176],[116.70031,-20.663],[116.69212,-20.67761],[116.69647,-20.68309],[116.66804,-20.68484],[116.64246,-20.70472],[116.64492,-20.71453],[116.65281,-20.70896],[116.66678,-20.71171],[116.6539,-20.70997],[116.65021,-20.71586],[116.6612,-20.71389],[116.65658,-20.71786],[116.66669,-20.72221],[116.68151,-20.71097],[116.68757,-20.71296],[116.68887,-20.70578],[116.68473,-20.72303],[116.68261,-20.71423],[116.66636,-20.72831],[116.67392,-20.72681],[116.68584,-20.73718],[116.68235,-20.75217],[116.67923,-20.73175],[116.64206,-20.72194],[116.65583,-20.73389],[116.6635,-20.73205],[116.66376,-20.74137],[116.66293,-20.73325],[116.65212,-20.73549],[116.65755,-20.74032],[116.64701,-20.74489],[116.65362,-20.74908],[116.64701,-20.74647],[116.65514,-20.73954],[116.64912,-20.73641],[116.65402,-20.73232],[116.63958,-20.72595],[116.63362,-20.73484],[116.63952,-20.73679],[116.63655,-20.74358],[116.64124,-20.74424],[116.63514,-20.74449],[116.63991,-20.75322],[116.63538,-20.74788],[116.62975,-20.75117],[116.63518,-20.74289],[116.62941,-20.74367],[116.63809,-20.73827],[116.62989,-20.73209],[116.6361,-20.7262],[116.63061,-20.71073],[116.62402,-20.73404],[116.61607,-20.72911],[116.62307,-20.71519],[116.59173,-20.73451],[116.60519,-20.75382],[116.59754,-20.74567],[116.58738,-20.75242],[116.59448,-20.74467],[116.59019,-20.74042],[116.58133,-20.74552],[116.58305,-20.75172],[116.57917,-20.74519],[116.56056,-20.74681],[116.57831,-20.74169],[116.55336,-20.74643],[116.55185,-20.75501],[116.54977,-20.74836],[116.5259,-20.75286],[116.53209,-20.76785],[116.54241,-20.76634],[116.5421,-20.77841],[116.54027,-20.76556],[116.5315,-20.76875],[116.52412,-20.75806],[116.51338,-20.77176],[116.54445,-20.79102],[116.53578,-20.78545],[116.52782,-20.79152],[116.52772,-20.78277],[116.52116,-20.77898],[116.51822,-20.78464],[116.51966,-20.77953],[116.51377,-20.77853],[116.48928,-20.79717],[116.49647,-20.80231],[116.50064,-20.7985],[116.49719,-20.80298],[116.50226,-20.80782],[116.49241,-20.79951],[116.48314,-20.80428],[116.48814,-20.81544],[116.48052,-20.80801],[116.46685,-20.81495],[116.46439,-20.82771],[116.48104,-20.82603],[116.47437,-20.83095],[116.45944,-20.82265],[116.44346,-20.82271],[116.45242,-20.83972],[116.46611,-20.84141],[116.45378,-20.84447],[116.43976,-20.82667],[116.40016,-20.8303],[116.39902,-20.82218],[116.39125,-20.83202],[116.3669,-20.84192],[116.34538,-20.83882],[116.32902,-20.868],[116.30262,-20.87631],[116.2959,-20.88197],[116.29949,-20.88864],[116.29733,-20.87711],[116.28599,-20.88132],[116.28928,-20.87702],[116.27243,-20.86893],[116.27145,-20.87537],[116.26258,-20.86964],[116.25556,-20.88019],[116.25955,-20.86763],[116.25296,-20.86617],[116.24133,-20.87658],[116.24671,-20.86596],[116.24142,-20.86574],[116.25616,-20.85777],[116.23636,-20.86034],[116.20577,-20.83297],[116.19102,-20.88843],[116.207,-20.88961],[116.21401,-20.87986],[116.21012,-20.8885],[116.22673,-20.88346],[116.18973,-20.9013],[116.18809,-20.9679],[116.17681,-20.97763],[116.16452,-20.96874],[116.1403,-20.99192],[116.1378,-20.99926],[116.1482,-21.00329],[116.14614,-21.01273],[116.13569,-21.00024],[116.13287,-21.00533],[116.13045,-20.99702],[116.10322,-21.00113],[116.09552,-21.0245],[116.10646,-21.03963],[116.0989,-21.05168],[116.10562,-21.03839],[116.09371,-21.02427],[116.09709,-21.00045],[116.06942,-21.01704],[115.98938,-21.04011],[115.92766,-21.07741],[115.92378,-21.09569],[115.91693,-21.09263],[115.91191,-21.10158],[115.915,-21.09274],[115.92342,-21.09355],[115.92573,-21.07786],[115.91815,-21.07875],[115.88934,-21.11268],[115.90098,-21.12602],[115.89403,-21.11709],[115.8815,-21.12114],[115.88004,-21.12949],[115.88754,-21.13881],[115.87798,-21.13536],[115.86904,-21.15171],[115.87654,-21.16414],[115.86999,-21.15736],[115.85455,-21.17607],[115.8514,-21.18532],[115.85702,-21.20102],[115.86534,-21.19336],[115.86039,-21.20419],[115.8522,-21.20293],[115.85643,-21.19492],[115.8503,-21.19186],[115.83353,-21.2056],[115.84487,-21.22789],[115.83891,-21.22221],[115.83096,-21.22524],[115.82924,-21.2398],[115.81934,-21.24745],[115.83667,-21.25325],[115.83983,-21.24388],[115.84438,-21.25292],[115.80886,-21.2489],[115.81665,-21.26562],[115.80465,-21.24584],[115.79189,-21.24649],[115.78754,-21.25156],[115.79572,-21.25621],[115.79037,-21.25584],[115.79905,-21.27033],[115.79614,-21.2772],[115.79606,-21.26208],[115.78786,-21.26567],[115.77927,-21.28855],[115.78379,-21.25674],[115.76742,-21.25411],[115.7693,-21.26834],[115.77701,-21.26768],[115.76172,-21.26809],[115.77034,-21.2846],[115.76231,-21.27182],[115.75261,-21.28401],[115.75905,-21.27204],[115.75634,-21.25386],[115.7441,-21.27731],[115.74858,-21.28943],[115.7387,-21.28548],[115.74747,-21.28025],[115.73797,-21.27492],[115.73585,-21.28383],[115.71996,-21.28872],[115.71628,-21.27667],[115.70509,-21.29957],[115.70936,-21.29392],[115.70454,-21.29092],[115.70783,-21.28003],[115.70314,-21.27946],[115.69287,-21.28721],[115.68884,-21.30425],[115.67894,-21.30998],[115.68322,-21.31931],[115.65254,-21.31565],[115.64838,-21.33167],[115.66826,-21.33376],[115.64969,-21.33664],[115.6622,-21.34221],[115.64872,-21.33743],[115.65291,-21.34636],[115.64032,-21.32713],[115.61808,-21.34568],[115.62745,-21.35474],[115.63741,-21.34555],[115.6383,-21.35282],[115.63252,-21.3525],[115.62795,-21.36318],[115.62107,-21.35167],[115.60876,-21.35626],[115.61919,-21.36685],[115.61449,-21.37174],[115.61796,-21.37734],[115.60501,-21.3611],[115.58878,-21.37989],[115.59573,-21.38951],[115.60216,-21.37938],[115.60903,-21.38204],[115.59307,-21.39165],[115.59746,-21.41085],[115.59269,-21.39786],[115.58578,-21.40618],[115.58086,-21.40188],[115.591,-21.3974],[115.58358,-21.38484],[115.55091,-21.41306],[115.55075,-21.42287],[115.55752,-21.41816],[115.55242,-21.42717],[115.56215,-21.4359],[115.57269,-21.42754],[115.56334,-21.43895],[115.57162,-21.4488],[115.56105,-21.43883],[115.56544,-21.45725],[115.55864,-21.43769],[115.54925,-21.43472],[115.53486,-21.44347],[115.54068,-21.43751],[115.53333,-21.43579],[115.51857,-21.44658],[115.51432,-21.45265],[115.52046,-21.45482],[115.51814,-21.46147],[115.51696,-21.4547],[115.50971,-21.45794],[115.50626,-21.47441],[115.52635,-21.45947],[115.50842,-21.476],[115.51528,-21.48121],[115.52826,-21.46479],[115.51647,-21.48348],[115.50661,-21.47734],[115.50574,-21.48332],[115.49274,-21.48577],[115.49255,-21.49244],[115.50895,-21.49338],[115.4976,-21.49003],[115.49112,-21.4955],[115.49515,-21.50146],[115.50133,-21.49814],[115.50662,-21.50138],[115.50057,-21.49973],[115.4994,-21.50471],[115.5203,-21.50918],[115.51455,-21.51045],[115.51086,-21.52485],[115.51069,-21.50953],[115.49992,-21.50888],[115.49372,-21.51898],[115.49323,-21.53434],[115.50825,-21.53954],[115.49951,-21.53385],[115.49242,-21.54581],[115.49145,-21.5374],[115.47727,-21.53004],[115.47557,-21.54719],[115.47174,-21.5329],[115.47616,-21.52711],[115.46774,-21.51474],[115.46038,-21.53173],[115.46386,-21.54723],[115.45905,-21.53106],[115.44998,-21.52818],[115.44506,-21.53284],[115.45634,-21.53978],[115.45568,-21.54848],[115.45525,-21.5399],[115.44349,-21.53285],[115.44888,-21.52672],[115.45866,-21.52756],[115.45731,-21.50848],[115.43816,-21.52961],[115.43955,-21.53819],[115.44884,-21.53779],[115.44652,-21.54379],[115.44376,-21.5359],[115.43531,-21.54202],[115.43659,-21.53019],[115.42813,-21.54537],[115.43333,-21.52919],[115.4129,-21.5248],[115.40809,-21.52788],[115.41633,-21.53257],[115.40471,-21.52824],[115.38116,-21.54329],[115.40327,-21.55303],[115.39911,-21.55606],[115.38168,-21.54814],[115.33116,-21.57599],[115.3276,-21.58527],[115.34162,-21.59599],[115.33383,-21.59608],[115.32721,-21.5803],[115.2982,-21.59413],[115.24467,-21.5882],[115.24594,-21.59589],[115.2431,-21.58707],[115.25214,-21.585],[115.24231,-21.5768],[115.22997,-21.59256],[115.23441,-21.59622],[115.22564,-21.59529],[115.21977,-21.60255],[115.21985,-21.61621],[115.21104,-21.59774],[115.18686,-21.61242],[115.21013,-21.62789],[115.20444,-21.62499],[115.20544,-21.63097],[115.19378,-21.62029],[115.19492,-21.62831],[115.18601,-21.61231],[115.17852,-21.61133],[115.16157,-21.62507],[115.17658,-21.63661],[115.16061,-21.62621],[115.14716,-21.64061],[115.1322,-21.64485],[115.14218,-21.65904],[115.13518,-21.66031],[115.13347,-21.65513],[115.13168,-21.65984],[115.13112,-21.64486],[115.10895,-21.63174],[115.05711,-21.67588],[115.05595,-21.68605],[115.0547,-21.67758],[115.03033,-21.68558],[115.04324,-21.68214],[115.0371,-21.68488],[115.04039,-21.69221],[115.02949,-21.68671],[115.02784,-21.69488],[115.02612,-21.68819],[115.01671,-21.69286],[115.029,-21.68468],[114.98404,-21.67954],[114.97471,-21.67155],[114.96796,-21.67541],[114.97381,-21.68179],[114.96627,-21.67723],[114.95869,-21.68369],[114.97031,-21.68941],[114.96312,-21.6846],[114.96298,-21.69261],[114.95834,-21.68617],[114.94519,-21.69039],[114.97229,-21.67077],[114.98837,-21.67399],[114.97313,-21.66964],[114.93613,-21.69076],[114.91425,-21.68834],[114.90344,-21.70531],[114.85895,-21.73265],[114.8609,-21.73804],[114.85715,-21.73446],[114.84209,-21.7511],[114.82483,-21.75577],[114.77839,-21.79054],[114.73768,-21.80101],[114.72088,-21.79878],[114.69879,-21.81372],[114.68335,-21.82899],[114.69338,-21.83081],[114.69764,-21.84308],[114.68534,-21.8579],[114.68524,-21.86783],[114.69316,-21.83936],[114.68613,-21.83294],[114.67548,-21.82765],[114.64807,-21.84452],[114.6436,-21.84893],[114.64251,-21.90933],[114.6476,-21.91993],[114.6643,-21.91054],[114.65164,-21.92252],[114.63937,-21.91735],[114.6215,-21.93588],[114.61933,-21.94478],[114.63713,-21.94458],[114.61522,-21.94763],[114.61572,-21.95948],[114.62615,-21.97358],[114.61294,-21.96152],[114.61575,-21.97619],[114.60487,-21.98749],[114.60591,-22.00686],[114.60136,-21.98772],[114.58657,-22.00381],[114.58938,-22.01948],[114.58503,-21.99688],[114.5706,-22.00178],[114.57544,-22.01578],[114.56419,-22.02684],[114.57436,-22.04366],[114.55898,-22.0203],[114.54785,-22.05213],[114.5516,-22.06646],[114.54252,-22.06082],[114.54531,-22.06488],[114.51734,-22.06646],[114.52024,-22.08271],[114.53574,-22.07876],[114.52315,-22.09343],[114.52581,-22.10032],[114.53139,-22.09534],[114.52775,-22.10179],[114.51806,-22.10585],[114.52848,-22.12978],[114.52633,-22.14157],[114.51939,-22.12323],[114.51612,-22.12797],[114.50486,-22.12356],[114.50134,-22.12988],[114.50655,-22.14918],[114.5149,-22.15664],[114.50691,-22.15291],[114.50582,-22.15821],[114.50085,-22.15031],[114.50799,-22.1835],[114.49952,-22.16295],[114.49353,-22.16253],[114.49069,-22.17105],[114.48946,-22.15764],[114.47711,-22.15425],[114.45566,-22.15954],[114.4536,-22.16609],[114.48182,-22.18822],[114.49018,-22.18597],[114.47176,-22.19036],[114.48722,-22.2002],[114.50046,-22.22049],[114.48899,-22.21911],[114.47842,-22.20481],[114.46642,-22.20424],[114.46932,-22.21794],[114.4532,-22.20796],[114.45222,-22.23504],[114.48187,-22.25149],[114.44397,-22.24204],[114.44869,-22.25355],[114.47257,-22.2644],[114.45038,-22.25965],[114.46093,-22.27189],[114.43983,-22.26494],[114.42976,-22.27543],[114.43726,-22.28932],[114.46139,-22.29261],[114.44902,-22.30005],[114.45604,-22.30931],[114.45071,-22.30682],[114.45155,-22.31608],[114.46137,-22.32771],[114.44913,-22.31709],[114.44695,-22.30422],[114.43362,-22.29496],[114.43968,-22.30399],[114.42525,-22.29969],[114.41651,-22.31052],[114.42644,-22.31978],[114.41152,-22.31988],[114.41308,-22.33827],[114.42314,-22.34596],[114.44328,-22.34293],[114.4309,-22.35172],[114.45164,-22.36257],[114.4366,-22.35714],[114.44569,-22.3637],[114.43987,-22.3629],[114.44083,-22.36753],[114.42302,-22.35149],[114.407,-22.35091],[114.40881,-22.36208],[114.41702,-22.36352],[114.40129,-22.35959],[114.39641,-22.38295],[114.42333,-22.39573],[114.41448,-22.39527],[114.41654,-22.39911],[114.39337,-22.39096],[114.39481,-22.40168],[114.40209,-22.40304],[114.39044,-22.40258],[114.39236,-22.42154],[114.40788,-22.42923],[114.38604,-22.42661],[114.38627,-22.43406],[114.4053,-22.43894],[114.39173,-22.43903],[114.39133,-22.44376]]],[[[112.98645,-25.49729],[112.97066,-25.48038],[112.96342,-25.48383],[112.92942,-25.52538],[112.92875,-25.56419],[112.92111,-25.58818],[112.92979,-25.6432],[112.9425,-25.65795],[112.97959,-25.74947],[112.97693,-25.77315],[112.96641,-25.78031],[113.02296,-25.86041],[113.04858,-25.93107],[113.13596,-26.02234],[113.15749,-26.05589],[113.18084,-26.12261],[113.19034,-26.12195],[113.20857,-26.13485],[113.21627,-26.1625],[113.22907,-26.14357],[113.2231,-26.12551],[113.23661,-26.11887],[113.22764,-26.10532],[113.23789,-26.10635],[113.23082,-26.07622],[113.21973,-26.05838],[113.21977,-26.03672],[113.21089,-26.03817],[113.20379,-26.03003],[113.20397,-26.00329],[113.16699,-25.97982],[113.16347,-25.95972],[113.16805,-25.94327],[113.15072,-25.94128],[113.14916,-25.95187],[113.15756,-25.96895],[113.15127,-25.97693],[113.13667,-25.97743],[113.12649,-25.92243],[113.14241,-25.91032],[113.13884,-25.90083],[113.15259,-25.89593],[113.156,-25.88782],[113.12112,-25.88043],[113.10972,-25.86797],[113.11475,-25.83865],[113.09996,-25.81026],[113.09722,-25.78915],[113.07678,-25.76862],[113.07504,-25.74784],[113.0637,-25.72826],[113.0711,-25.7204],[113.05407,-25.69548],[113.03887,-25.61833],[113.00939,-25.56118],[113.00558,-25.53599],[113.02262,-25.49897],[112.98645,-25.49729]]],[[[115.4505,-20.80552],[115.47064,-20.7776],[115.46918,-20.76699],[115.4759,-20.76607],[115.47092,-20.74135],[115.47691,-20.73355],[115.46739,-20.71968],[115.4702,-20.71285],[115.46161,-20.70773],[115.46518,-20.697],[115.45954,-20.69463],[115.4641,-20.69395],[115.45833,-20.69238],[115.46867,-20.68024],[115.43617,-20.6656],[115.41931,-20.68183],[115.38095,-20.74099],[115.35473,-20.75834],[115.35183,-20.77238],[115.32368,-20.80398],[115.30907,-20.8435],[115.30778,-20.86869],[115.3203,-20.88052],[115.32211,-20.89215],[115.33375,-20.87611],[115.32041,-20.8751],[115.34767,-20.86481],[115.36883,-20.87348],[115.37427,-20.89481],[115.39493,-20.88643],[115.40871,-20.86699],[115.42072,-20.8637],[115.42535,-20.83705],[115.44744,-20.82889],[115.45208,-20.80732],[115.44757,-20.8022],[115.4505,-20.80552]]],[[[113.88971,-25.8064],[113.87363,-25.80145],[113.85183,-25.81611],[113.85371,-25.84623],[113.87355,-25.87103],[113.86145,-25.86416],[113.85834,-25.86822],[113.88815,-25.8911],[113.91957,-25.8974],[113.91952,-25.85048],[113.91516,-25.84812],[113.91716,-25.85917],[113.91302,-25.82646],[113.9094,-25.81744],[113.88971,-25.8064]]],[[[113.12106,-25.018],[113.12422,-25.00775],[113.11836,-24.99216],[113.11648,-25.01617],[113.10164,-25.03268],[113.08765,-25.06984],[113.09476,-25.12111],[113.08736,-25.19205],[113.06929,-25.23142],[113.07604,-25.27324],[113.08881,-25.23754],[113.09111,-25.1879],[113.10421,-25.17477],[113.11071,-25.10676],[113.12823,-25.06002],[113.11726,-25.03107],[113.12106,-25.018]]],[[[113.14371,-24.92614],[113.13776,-24.87107],[113.16506,-24.80447],[113.16554,-24.77445],[113.15712,-24.75459],[113.1423,-24.78428],[113.13774,-24.82175],[113.12798,-24.8441],[113.1244,-24.88755],[113.13059,-24.91655],[113.11898,-24.98686],[113.13357,-24.95221],[113.14978,-24.93505],[113.15002,-24.92816],[113.14371,-24.92614]]],[[[116.88366,-20.4398],[116.8857,-20.42365],[116.86893,-20.44068],[116.85434,-20.44517],[116.82549,-20.50416],[116.81797,-20.50809],[116.8209,-20.5218],[116.85606,-20.51162],[116.86468,-20.51917],[116.87505,-20.51087],[116.88683,-20.48167],[116.8651,-20.49399],[116.86088,-20.48939],[116.86934,-20.48223],[116.87055,-20.46675],[116.86254,-20.46974],[116.86213,-20.46217],[116.8724,-20.45748],[116.88366,-20.4398]]],[[[116.55173,-20.58341],[116.55225,-20.56839],[116.54244,-20.57295],[116.54511,-20.57847],[116.53225,-20.59896],[116.52374,-20.60114],[116.51268,-20.59463],[116.51286,-20.58266],[116.49131,-20.58941],[116.48589,-20.58514],[116.47751,-20.58799],[116.47778,-20.59488],[116.46321,-20.60961],[116.46707,-20.61524],[116.47665,-20.6117],[116.50141,-20.62154],[116.53005,-20.61545],[116.55275,-20.62089],[116.56085,-20.60934],[116.56073,-20.60294],[116.54991,-20.60476],[116.555,-20.59006],[116.56254,-20.58653],[116.57589,-20.59471],[116.57417,-20.58625],[116.58507,-20.58383],[116.58618,-20.57618],[116.57355,-20.58309],[116.5662,-20.57601],[116.55173,-20.58341]]],[[[116.64824,-20.68493],[116.63762,-20.67471],[116.62837,-20.68361],[116.6066,-20.68704],[116.5929,-20.70595],[116.59348,-20.68457],[116.57902,-20.69213],[116.5737,-20.7083],[116.59073,-20.7172],[116.57538,-20.73177],[116.6019,-20.72838],[116.64824,-20.68493]]],[[[116.67593,-20.55282],[116.67101,-20.54566],[116.64962,-20.56706],[116.64335,-20.56043],[116.64015,-20.56733],[116.62423,-20.57237],[116.61342,-20.59308],[116.59716,-20.60275],[116.60569,-20.60478],[116.60009,-20.61222],[116.63378,-20.60902],[116.64564,-20.58447],[116.66965,-20.56663],[116.66541,-20.55886],[116.67593,-20.55282]]],[[[115.52785,-31.98814],[115.50349,-31.99097],[115.47722,-32.01377],[115.45687,-32.01574],[115.44976,-32.02619],[115.47689,-32.01587],[115.49467,-32.01947],[115.50757,-32.01297],[115.52762,-32.02764],[115.53163,-32.01496],[115.55115,-32.01248],[115.55835,-32.00459],[115.54507,-32.00076],[115.53963,-31.98819],[115.52785,-31.98814]]],[[[114.51035,-21.99376],[114.50076,-22.01239],[114.53526,-22.06194],[114.54555,-22.04445],[114.54228,-22.02842],[114.53231,-22.02286],[114.53949,-22.01815],[114.53865,-22.01093],[114.5338,-22.0133],[114.54082,-22.00743],[114.51035,-21.99376]]],[[[116.84923,-20.36391],[116.83849,-20.35201],[116.8318,-20.35408],[116.83084,-20.36013],[116.84933,-20.37881],[116.91673,-20.40686],[116.92988,-20.4184],[116.95289,-20.42006],[116.84923,-20.36391]]],[[[115.53253,-20.43248],[115.53322,-20.41364],[115.52449,-20.43778],[115.5306,-20.44095],[115.51718,-20.44149],[115.51679,-20.45661],[115.52194,-20.45764],[115.51567,-20.48358],[115.52177,-20.48992],[115.52114,-20.50605],[115.525,-20.49331],[115.53217,-20.50495],[115.5359,-20.49276],[115.53027,-20.49072],[115.5365,-20.49141],[115.5322,-20.4861],[115.54156,-20.47415],[115.52693,-20.48575],[115.52142,-20.48337],[115.52911,-20.47052],[115.52435,-20.45425],[115.53165,-20.45754],[115.53322,-20.45122],[115.5258,-20.44715],[115.53813,-20.44942],[115.53149,-20.48079],[115.53222,-20.47176],[115.53917,-20.47098],[115.53355,-20.46533],[115.54039,-20.46776],[115.54506,-20.46084],[115.54377,-20.44345],[115.53394,-20.44558],[115.53782,-20.42211],[115.53253,-20.43248]]],[[[116.60707,-20.45729],[116.60969,-20.45412],[116.6,-20.45653],[116.58273,-20.47874],[116.56605,-20.48575],[116.58088,-20.49139],[116.58643,-20.50133],[116.60235,-20.49333],[116.60886,-20.47727],[116.61654,-20.48005],[116.61914,-20.47383],[116.60665,-20.46734],[116.60707,-20.45729]]],[[[115.69802,-32.226],[115.68256,-32.20433],[115.66889,-32.15652],[115.66,-32.1566],[115.68101,-32.24456],[115.69014,-32.24618],[115.68677,-32.23056],[115.69802,-32.226]]],[[[123.21529,-34.09127],[123.21518,-34.0809],[123.20173,-34.09294],[123.18098,-34.09571],[123.17192,-34.08983],[123.15748,-34.11032],[123.16112,-34.11687],[123.17062,-34.11373],[123.17316,-34.12445],[123.18081,-34.10755],[123.19382,-34.10859],[123.19298,-34.11739],[123.20589,-34.10772],[123.20721,-34.11945],[123.21538,-34.10762],[123.20807,-34.10389],[123.21529,-34.09127]]],[[[116.67006,-20.59654],[116.68066,-20.58407],[116.66814,-20.597],[116.65816,-20.5931],[116.64932,-20.59912],[116.63535,-20.63238],[116.65103,-20.62644],[116.64992,-20.62125],[116.66736,-20.62839],[116.67739,-20.59944],[116.67006,-20.59654]]],[[[117.73881,-20.64477],[117.7444,-20.62748],[117.73395,-20.6266],[117.72936,-20.61442],[117.71638,-20.60824],[117.71136,-20.64298],[117.73416,-20.65371],[117.73881,-20.64477]]],[[[116.82716,-20.46712],[116.80258,-20.47465],[116.80533,-20.48147],[116.79295,-20.49486],[116.78685,-20.51578],[116.79933,-20.51831],[116.82716,-20.46712]]],[[[118.44675,-34.90636],[118.44249,-34.90414],[118.43753,-34.91275],[118.46379,-34.93406],[118.47806,-34.93709],[118.486,-34.92598],[118.47627,-34.91411],[118.44675,-34.90636]]],[[[122.23352,-34.10896],[122.23846,-34.11992],[122.23121,-34.12653],[122.23914,-34.12641],[122.23514,-34.15753],[122.24477,-34.16204],[122.24917,-34.1451],[122.25616,-34.14296],[122.25256,-34.12788],[122.2611,-34.12415],[122.23352,-34.10896]]],[[[113.70422,-28.46499],[113.70842,-28.46194],[113.70059,-28.4403],[113.69383,-28.45053],[113.68204,-28.45401],[113.68576,-28.48513],[113.69607,-28.484],[113.69626,-28.46978],[113.70422,-28.46499]]],[[[116.82872,-20.44927],[116.83717,-20.43594],[116.83538,-20.42406],[116.81555,-20.45025],[116.79914,-20.45147],[116.80361,-20.45709],[116.79832,-20.47259],[116.80921,-20.4705],[116.82872,-20.44927]]],[[[115.45993,-21.50383],[115.46528,-21.49341],[115.44095,-21.49978],[115.41974,-21.51945],[115.43682,-21.52849],[115.44945,-21.50639],[115.45993,-21.50383]]],[[[115.02232,-21.46123],[115.02314,-21.45626],[115.0043,-21.4508],[114.97922,-21.45315],[114.97153,-21.45938],[115.01678,-21.4652],[115.02232,-21.46123]]],[[[117.08943,-20.61688],[117.07251,-20.61629],[117.03783,-20.63599],[117.04717,-20.63399],[117.04608,-20.64144],[117.05831,-20.6388],[117.07142,-20.62352],[117.08102,-20.62579],[117.08943,-20.61688]]],[[[115.22343,-21.5939],[115.24795,-21.57067],[115.24502,-21.56493],[115.22923,-21.56953],[115.21238,-21.59976],[115.22343,-21.5939]]],[[[115.56207,-20.38264],[115.55836,-20.37745],[115.54602,-20.38149],[115.57054,-20.40196],[115.57089,-20.41212],[115.58226,-20.42082],[115.57916,-20.40931],[115.58551,-20.40345],[115.56936,-20.39586],[115.56207,-20.38264]]],[[[114.37569,-21.64475],[114.39199,-21.6329],[114.39151,-21.62613],[114.37533,-21.62804],[114.35819,-21.65118],[114.36978,-21.65186],[114.37569,-21.64475]]],[[[115.47675,-21.50926],[115.47575,-21.5052],[115.48028,-21.52934],[115.49167,-21.53503],[115.49619,-21.51094],[115.47675,-21.50926]]],[[[114.3077,-21.71052],[114.33452,-21.67521],[114.35155,-21.66664],[114.35022,-21.6602],[114.31761,-21.68559],[114.30456,-21.70386],[114.3077,-21.71052]]],[[[123.53944,-34.37682],[123.55954,-34.36],[123.56087,-34.33722],[123.55436,-34.35031],[123.54281,-34.35686],[123.54472,-34.36464],[123.53385,-34.36882],[123.53141,-34.3757],[123.53944,-34.37682]]],[[[117.08375,-20.45343],[117.08184,-20.43153],[117.06868,-20.43093],[117.07443,-20.43376],[117.07105,-20.45544],[117.07595,-20.46561],[117.08375,-20.45343]]],[[[113.98152,-28.92574],[114.00475,-28.90009],[113.96663,-28.93283],[113.95405,-28.97715],[113.962,-28.98508],[113.95743,-28.96709],[113.96634,-28.95453],[113.9672,-28.93851],[113.98152,-28.92574]]],[[[115.3242,-20.93369],[115.33607,-20.90659],[115.32344,-20.89497],[115.32443,-20.92184],[115.31653,-20.93827],[115.3242,-20.93369]]],[[[115.90073,-20.947],[115.90085,-20.93763],[115.89087,-20.93447],[115.88163,-20.94971],[115.90111,-20.95592],[115.90073,-20.947]]],[[[116.68203,-20.50831],[116.68,-20.50162],[116.67296,-20.51682],[116.679,-20.52424],[116.69,-20.519],[116.6922,-20.50544],[116.68203,-20.50831]]],[[[116.8291,-20.4163],[116.81761,-20.41738],[116.81237,-20.44078],[116.83261,-20.42193],[116.83413,-20.41593],[116.8291,-20.4163]]],[[[113.74218,-28.43096],[113.74463,-28.42636],[113.73609,-28.43202],[113.71876,-28.42956],[113.71936,-28.44538],[113.7298,-28.44408],[113.74218,-28.43096]]],[[[122.86271,-33.98351],[122.84334,-33.98311],[122.83146,-33.99464],[122.8232,-33.99309],[122.8243,-33.99737],[122.81398,-34.00303],[122.82251,-34.00293],[122.83242,-33.99611],[122.84798,-33.99314],[122.85325,-33.98929],[122.85337,-33.98534],[122.86271,-33.98351]]],[[[114.6874,-21.63017],[114.69753,-21.62631],[114.68798,-21.61775],[114.68711,-21.60736],[114.6639,-21.59216],[114.68544,-21.61628],[114.68812,-21.62599],[114.68233,-21.63074],[114.6874,-21.63017]]],[[[115.3341,-20.96935],[115.3371,-20.96619],[115.31662,-20.9482],[115.324,-20.97388],[115.3341,-20.96935]]],[[[114.57568,-21.99975],[114.58249,-21.99293],[114.58006,-21.98458],[114.57158,-21.98289],[114.56614,-21.98673],[114.56938,-22.00009],[114.57568,-21.99975]]],[[[124.14039,-33.862],[124.1463,-33.84328],[124.13495,-33.83912],[124.13009,-33.84476],[124.13672,-33.85208],[124.12998,-33.86178],[124.14039,-33.862]]],[[[114.16659,-22.4738],[114.17234,-22.45667],[114.16874,-22.44549],[114.16956,-22.45508],[114.1476,-22.48943],[114.16659,-22.4738]]],[[[122.01256,-33.95585],[122.00226,-33.95806],[122.00435,-33.97092],[122.02687,-33.96346],[122.01256,-33.95585]]],[[[121.60871,-34.02463],[121.61618,-34.0132],[121.60451,-34.0163],[121.60557,-34.02884],[121.59305,-34.02816],[121.60692,-34.0389],[121.6127,-34.0347],[121.60871,-34.02463]]],[[[118.52055,-20.314],[118.5275,-20.31327],[118.51174,-20.30909],[118.49953,-20.31862],[118.51065,-20.32375],[118.52055,-20.314]]],[[[113.77574,-26.54542],[113.77282,-26.53167],[113.7594,-26.5352],[113.76986,-26.54905],[113.77574,-26.54542]]],[[[121.99335,-34.04216],[122.00271,-34.03805],[121.99723,-34.03612],[122.00905,-34.02163],[121.98247,-34.03673],[121.99335,-34.04216]]],[[[117.85253,-20.53591],[117.86235,-20.53215],[117.87416,-20.51618],[117.85394,-20.52856],[117.84523,-20.5392],[117.85253,-20.53591]]],[[[113.6008,-28.30363],[113.60289,-28.2972],[113.59491,-28.28932],[113.58979,-28.30407],[113.59823,-28.308],[113.6008,-28.30363]]],[[[116.68612,-20.65709],[116.69745,-20.64484],[116.67303,-20.6558],[116.68339,-20.66218],[116.68612,-20.65709]]],[[[121.96945,-34.04381],[121.95291,-34.04739],[121.95423,-34.05779],[121.96096,-34.05018],[121.97958,-34.04982],[121.96945,-34.04381]]],[[[121.6863,-33.99992],[121.6739,-33.994],[121.66857,-33.9999],[121.68631,-34.00918],[121.6863,-33.99992]]],[[[116.44901,-20.65673],[116.44851,-20.65166],[116.43409,-20.65532],[116.45014,-20.66712],[116.44901,-20.65673]]],[[[113.84683,-26.00764],[113.84468,-26.00055],[113.83732,-26.00214],[113.88038,-26.03022],[113.87946,-26.043],[113.88175,-26.03021],[113.8527,-26.00909],[113.85731,-26.00694],[113.84683,-26.00764]]],[[[116.97307,-20.44172],[116.97521,-20.43979],[116.9678,-20.4273],[116.96337,-20.42654],[116.96004,-20.43018],[116.97417,-20.44521],[116.97307,-20.44172]]],[[[115.37238,-21.45987],[115.3754,-21.4437],[115.36188,-21.4605],[115.36613,-21.46431],[115.37238,-21.45987]]],[[[115.36145,-21.48512],[115.35603,-21.46833],[115.35106,-21.48326],[115.35712,-21.48707],[115.36145,-21.48512]]],[[[122.80978,-34.00299],[122.79842,-34.00446],[122.79909,-34.01401],[122.81267,-34.00998],[122.80978,-34.00299]]],[[[117.88609,-35.1805],[117.87853,-35.18014],[117.87413,-35.18464],[117.88662,-35.18692],[117.89665,-35.18435],[117.89556,-35.18074],[117.88609,-35.1805]]],[[[116.15606,-20.94787],[116.15781,-20.93758],[116.15134,-20.93151],[116.14678,-20.93863],[116.15606,-20.94787]]],[[[122.13705,-34.02693],[122.12852,-34.02941],[122.15119,-34.0357],[122.14754,-34.02739],[122.13705,-34.02693]]],[[[118.04357,-35.06009],[118.04083,-35.06201],[118.04631,-35.06697],[118.07017,-35.06563],[118.04357,-35.06009]]],[[[115.52475,-20.35956],[115.51276,-20.36484],[115.52378,-20.36294],[115.5395,-20.37171],[115.52475,-20.35956]]],[[[115.53185,-20.40833],[115.54084,-20.40236],[115.52646,-20.41103],[115.52168,-20.4047],[115.51651,-20.41586],[115.53185,-20.40833]]]],"type":"MultiPolygon"},"properties":{"area_sqkm":1820350.9,"id":"perth","name":"Perth Hub"},"type":"Feature"},
{"geometry":{"coordinates":[[[[149.01674,-29.07614],[148.9391,-29.06864],[148.92333,-28.99843],[140.99926,-28.9991],[141.00007,-30.33325],[142.41597,-30.33727],[142.28423,-30.68905],[142.10763,-30.96585],[141.97179,-31.19303],[141.93099,-31.35167],[141.82762,-31.63889],[141.7565,-31.87736],[141.73568,-32.15944],[141.70695,-32.3563],[141.84861,-32.67504],[141.91342,-32.96759],[141.93732,-33.30204],[142.1841,-33.37142],[142.2877,-33.41083],[142.37484,-33.45212],[142.4467,-33.49564],[142.50294,-33.5412],[142.54344,-33.58867],[142.56803,-33.63792],[142.57615,-33.67788],[142.57471,-33.72393],[142.54251,-33.83395],[142.48788,-33.94479],[142.32491,-34.23029],[142.29126,-34.30056],[142.2991,-34.30589],[142.2886,-34.30673],[142.28179,-34.32314],[142.33435,-34.33853],[142.36824,-34.32633],[142.39837,-34.33949],[142.38549,-34.34519],[142.3901,-34.36196],[142.36453,-34.36129],[142.37761,-34.3645],[142.36949,-34.37039],[142.37382,-34.38706],[142.36497,-34.38529],[142.35171,-34.39652],[142.3565,-34.40033],[142.35259,-34.40666],[142.36065,-34.4108],[142.35201,-34.42188],[142.36372,-34.42239],[142.36065,-34.43176],[142.36761,-34.43568],[142.35451,-34.47045],[142.3798,-34.46673],[142.38409,-34.47753],[142.36562,-34.48438],[142.35973,-34.49849],[142.36861,-34.50319],[142.37643,-34.49177],[142.39345,-34.4927],[142.37577,-34.51522],[142.39307,-34.51581],[142.40021,-34.5231],[142.36784,-34.53081],[142.37861,-34.53188],[142.37703,-34.54046],[142.39154,-34.54907],[142.40592,-34.54167],[142.41092,-34.55439],[142.40678,-34.56635],[142.42556,-34.56209],[142.43015,-34.57447],[142.4446,-34.5754],[142.45188,-34.58336],[142.45863,-34.58339],[142.44787,-34.55814],[142.46795,-34.56468],[142.47322,-34.57547],[142.46325,-34.58512],[142.47146,-34.59374],[142.46188,-34.60687],[142.46875,-34.61314],[142.45923,-34.61657],[142.46435,-34.62556],[142.45296,-34.63364],[142.48544,-34.63683],[142.4738,-34.64727],[142.47604,-34.6715],[142.49281,-34.67094],[142.49688,-34.66709],[142.48675,-34.66354],[142.50173,-34.66462],[142.50738,-34.65619],[142.5163,-34.66325],[142.49761,-34.67385],[142.51393,-34.69172],[142.49854,-34.70326],[142.519,-34.70179],[142.50959,-34.7132],[142.51317,-34.72236],[142.49967,-34.74],[142.51174,-34.74072],[142.5081,-34.74846],[142.5241,-34.75849],[142.53345,-34.7527],[142.53827,-34.76186],[142.54974,-34.76195],[142.55766,-34.77462],[142.56758,-34.76625],[142.59361,-34.77139],[142.61588,-34.78496],[142.63791,-34.78071],[142.64628,-34.76298],[142.63965,-34.75651],[142.6208,-34.75683],[142.61767,-34.72921],[142.63727,-34.73442],[142.66265,-34.72164],[142.66689,-34.73495],[142.6775,-34.73897],[142.6867,-34.73407],[142.67584,-34.72724],[142.67862,-34.72219],[142.69962,-34.72424],[142.68483,-34.71401],[142.69123,-34.70065],[142.67887,-34.68007],[142.68455,-34.67053],[142.71097,-34.67633],[142.70986,-34.66281],[142.6957,-34.65968],[142.69005,-34.65108],[142.70121,-34.62378],[142.70887,-34.62113],[142.68968,-34.61729],[142.70404,-34.6131],[142.70159,-34.59777],[142.71615,-34.59978],[142.72167,-34.5926],[142.74352,-34.60253],[142.75935,-34.60015],[142.76217,-34.58879],[142.74599,-34.58498],[142.75124,-34.57622],[142.78229,-34.57911],[142.79713,-34.5971],[142.80878,-34.58849],[142.80495,-34.60773],[142.81867,-34.61199],[142.82422,-34.60051],[142.82458,-34.60795],[142.83885,-34.61354],[142.8427,-34.62618],[142.85162,-34.6189],[142.86832,-34.62755],[142.85501,-34.63953],[142.85921,-34.64428],[142.86388,-34.63879],[142.87144,-34.6493],[142.86015,-34.66456],[142.87175,-34.66383],[142.87591,-34.6741],[142.88615,-34.67212],[142.88678,-34.67944],[142.89402,-34.6779],[142.89093,-34.6718],[142.90007,-34.6705],[142.8937,-34.66506],[142.90236,-34.65418],[142.92409,-34.64752],[142.92321,-34.65698],[142.93195,-34.65521],[142.94932,-34.6697],[142.95971,-34.66513],[142.9725,-34.69469],[142.98198,-34.6829],[142.97577,-34.67072],[142.98958,-34.66232],[142.99431,-34.6736],[143.01653,-34.67256],[143.00815,-34.68605],[143.00999,-34.69361],[143.02087,-34.69289],[143.02548,-34.68251],[143.03148,-34.68275],[143.0298,-34.69153],[143.03916,-34.70193],[143.04409,-34.69947],[143.03758,-34.69077],[143.04088,-34.68538],[143.05323,-34.69893],[143.0697,-34.67816],[143.0763,-34.69608],[143.0906,-34.70142],[143.11279,-34.68077],[143.12109,-34.68676],[143.11208,-34.68685],[143.1078,-34.70091],[143.1272,-34.69263],[143.11789,-34.70252],[143.13222,-34.70053],[143.14772,-34.7142],[143.16156,-34.69802],[143.16545,-34.71762],[143.17158,-34.71966],[143.18103,-34.70944],[143.17964,-34.71653],[143.19303,-34.71273],[143.19902,-34.71725],[143.2017,-34.73403],[143.21863,-34.72957],[143.2219,-34.73261],[143.21438,-34.73845],[143.22565,-34.75829],[143.2295,-34.74738],[143.2407,-34.74504],[143.24982,-34.75789],[143.26513,-34.74834],[143.2729,-34.75196],[143.26716,-34.75386],[143.27125,-34.75916],[143.25156,-34.77242],[143.27285,-34.77696],[143.27596,-34.79216],[143.28469,-34.7951],[143.2843,-34.78497],[143.29399,-34.7905],[143.3108,-34.78028],[143.31652,-34.79042],[143.32882,-34.7866],[143.33345,-34.79291],[143.34957,-34.79327],[143.34682,-34.8061],[143.35883,-34.8167],[143.3413,-34.84697],[143.35442,-34.84653],[143.34499,-34.85316],[143.35127,-34.85801],[143.33731,-34.87106],[143.34167,-34.88075],[143.33566,-34.87961],[143.33195,-34.88828],[143.32417,-34.88332],[143.32063,-34.88906],[143.33944,-34.91418],[143.34133,-34.93209],[143.3368,-34.94447],[143.33243,-34.9385],[143.32053,-34.94227],[143.31724,-34.9521],[143.32308,-34.97835],[143.31841,-34.99264],[143.32881,-34.99479],[143.33736,-35.01026],[143.33137,-35.023],[143.33511,-35.03639],[143.32251,-35.0363],[143.32774,-35.04507],[143.33567,-35.04269],[143.33119,-35.0552],[143.33514,-35.04821],[143.3394,-35.05316],[143.33627,-35.06048],[143.34413,-35.07454],[143.33688,-35.08007],[143.34457,-35.08625],[143.3398,-35.09426],[143.34915,-35.10437],[143.34818,-35.10032],[143.35929,-35.10209],[143.36084,-35.11515],[143.38987,-35.14515],[143.38222,-35.15361],[143.38215,-35.17242],[143.39051,-35.17217],[143.393,-35.17791],[143.38644,-35.18265],[143.39457,-35.19209],[143.41735,-35.1944],[143.42556,-35.18908],[143.43052,-35.19458],[143.4493,-35.18912],[143.47194,-35.219],[143.49499,-35.21949],[143.51883,-35.21152],[143.52958,-35.21914],[143.54794,-35.21355],[143.54803,-35.20567],[143.56875,-35.20537],[143.58049,-35.21883],[143.57686,-35.23089],[143.56343,-35.23489],[143.56333,-35.24187],[143.57275,-35.25557],[143.57103,-35.26616],[143.58242,-35.26464],[143.58219,-35.27219],[143.58933,-35.27227],[143.58401,-35.27826],[143.58966,-35.28083],[143.5766,-35.30205],[143.56959,-35.30152],[143.56252,-35.33712],[143.56585,-35.34319],[143.5793,-35.33975],[143.59628,-35.3506],[143.60338,-35.36521],[143.61509,-35.36853],[143.61281,-35.37654],[143.61975,-35.38675],[143.62576,-35.38064],[143.63238,-35.38354],[143.62872,-35.39144],[143.6424,-35.40027],[143.65686,-35.38478],[143.66787,-35.38517],[143.66735,-35.37133],[143.68181,-35.37418],[143.68452,-35.36832],[143.69329,-35.3837],[143.70164,-35.37802],[143.70241,-35.38826],[143.71049,-35.38417],[143.7089,-35.39206],[143.74984,-35.38788],[143.7635,-35.39288],[143.76715,-35.40129],[143.75886,-35.41395],[143.76493,-35.41549],[143.76237,-35.42193],[143.78796,-35.42245],[143.79962,-35.43353],[143.81228,-35.43446],[143.81769,-35.43882],[143.81211,-35.44561],[143.85465,-35.46222],[143.85826,-35.47954],[143.87022,-35.47777],[143.87953,-35.4866],[143.90658,-35.4934],[143.90554,-35.49959],[143.91196,-35.49448],[143.91753,-35.50041],[143.93446,-35.49973],[143.93301,-35.50615],[143.9693,-35.50105],[143.97063,-35.50948],[143.96483,-35.50772],[143.96215,-35.51393],[143.97393,-35.53242],[143.99587,-35.53664],[143.99819,-35.54574],[143.98933,-35.55425],[144.01219,-35.56287],[144.01344,-35.55444],[144.03449,-35.55603],[144.03887,-35.54977],[144.04801,-35.56339],[144.06374,-35.5701],[144.06281,-35.57628],[144.10448,-35.59116],[144.10436,-35.59825],[144.11327,-35.60184],[144.11785,-35.62532],[144.14138,-35.64629],[144.15111,-35.64222],[144.16198,-35.6705],[144.18573,-35.66984],[144.19502,-35.68514],[144.22058,-35.69272],[144.21542,-35.70584],[144.24627,-35.72056],[144.26227,-35.75034],[144.27107,-35.75346],[144.2783,-35.74103],[144.29534,-35.7377],[144.30038,-35.74248],[144.29538,-35.75414],[144.32787,-35.75276],[144.31774,-35.76595],[144.3362,-35.77063],[144.34112,-35.76403],[144.34365,-35.77148],[144.34827,-35.7669],[144.35161,-35.78597],[144.35909,-35.78491],[144.35599,-35.78894],[144.36185,-35.79541],[144.37599,-35.79272],[144.3662,-35.81133],[144.3771,-35.81311],[144.36713,-35.81393],[144.36412,-35.82223],[144.38338,-35.81947],[144.37189,-35.83086],[144.381,-35.83218],[144.3732,-35.83662],[144.38281,-35.84166],[144.38157,-35.85224],[144.38947,-35.85073],[144.38827,-35.85804],[144.39832,-35.86195],[144.41026,-35.85913],[144.40241,-35.86706],[144.41039,-35.87028],[144.40377,-35.87912],[144.4173,-35.89275],[144.40749,-35.90337],[144.42427,-35.8999],[144.41641,-35.90941],[144.42282,-35.9053],[144.42641,-35.91817],[144.43933,-35.92515],[144.4405,-35.93203],[144.45909,-35.9395],[144.46608,-35.93392],[144.46718,-35.94643],[144.47911,-35.94529],[144.47845,-35.9534],[144.48722,-35.95009],[144.48116,-35.95849],[144.48755,-35.95741],[144.49324,-35.96827],[144.50084,-35.95808],[144.50056,-35.97013],[144.51364,-35.96527],[144.50954,-35.97301],[144.52035,-35.97264],[144.51099,-35.99217],[144.55467,-36.00468],[144.55888,-36.01519],[144.56448,-36.00925],[144.57225,-36.02518],[144.58157,-36.02252],[144.58763,-36.02864],[144.58248,-36.03075],[144.58447,-36.04057],[144.6075,-36.04328],[144.61661,-36.03285],[144.61802,-36.04649],[144.60955,-36.06425],[144.61633,-36.06722],[144.61143,-36.07204],[144.61832,-36.07782],[144.62869,-36.06627],[144.61971,-36.06126],[144.62817,-36.06232],[144.62602,-36.05375],[144.63508,-36.04884],[144.64445,-36.05835],[144.64755,-36.05205],[144.65309,-36.05388],[144.65597,-36.07632],[144.65878,-36.07228],[144.66597,-36.07727],[144.66838,-36.07041],[144.68913,-36.06273],[144.69226,-36.07199],[144.683,-36.08422],[144.68416,-36.09617],[144.71896,-36.08698],[144.7256,-36.09118],[144.71905,-36.11413],[144.73487,-36.11758],[144.73212,-36.11273],[144.74187,-36.10882],[144.74832,-36.12237],[144.77059,-36.11717],[144.77704,-36.13015],[144.79448,-36.1185],[144.80807,-36.12385],[144.81327,-36.11429],[144.80649,-36.10863],[144.8162,-36.11103],[144.81069,-36.10335],[144.82066,-36.10834],[144.84224,-36.10053],[144.84261,-36.08464],[144.85026,-36.08208],[144.84767,-36.07305],[144.85613,-36.07421],[144.8577,-36.06666],[144.86073,-36.07242],[144.86481,-36.06015],[144.93186,-36.06778],[144.94861,-36.08292],[144.98277,-36.07182],[144.98358,-36.05133],[144.96627,-36.03935],[144.96232,-36.01939],[144.94652,-36.01317],[144.94626,-36.00596],[144.92272,-35.98301],[144.92988,-35.96806],[144.95556,-35.96128],[144.94812,-35.93095],[144.97415,-35.88463],[144.9704,-35.86164],[144.99021,-35.85901],[144.99953,-35.84992],[145.02053,-35.85585],[145.02459,-35.84752],[145.03649,-35.847],[145.04761,-35.83475],[145.06794,-35.83606],[145.07393,-35.82807],[145.07737,-35.83225],[145.09068,-35.82564],[145.09229,-35.8359],[145.09884,-35.82623],[145.12265,-35.82122],[145.12318,-35.82843],[145.12746,-35.82912],[145.12749,-35.82146],[145.13658,-35.83444],[145.13964,-35.8287],[145.15872,-35.83178],[145.15536,-35.84304],[145.18166,-35.84219],[145.18223,-35.83611],[145.18984,-35.83467],[145.22165,-35.84261],[145.22388,-35.83315],[145.24547,-35.8307],[145.26027,-35.83625],[145.25802,-35.85044],[145.26619,-35.85259],[145.27215,-35.84539],[145.28362,-35.85633],[145.30714,-35.86064],[145.32404,-35.85107],[145.35696,-35.86676],[145.38701,-35.84998],[145.40971,-35.84943],[145.41179,-35.83117],[145.42036,-35.82858],[145.43074,-35.83455],[145.43545,-35.82993],[145.44071,-35.83613],[145.45039,-35.82159],[145.46077,-35.82733],[145.47113,-35.80964],[145.49037,-35.81538],[145.50128,-35.80909],[145.52116,-35.81795],[145.5348,-35.80229],[145.54122,-35.80855],[145.53841,-35.82138],[145.54642,-35.81254],[145.56192,-35.81313],[145.5573,-35.82673],[145.56593,-35.8257],[145.56344,-35.83344],[145.58201,-35.84793],[145.59356,-35.84903],[145.58689,-35.86115],[145.59769,-35.86169],[145.59511,-35.86866],[145.60098,-35.87479],[145.60135,-35.86792],[145.6269,-35.86273],[145.62795,-35.86747],[145.61473,-35.87176],[145.62675,-35.87456],[145.62012,-35.88398],[145.62973,-35.88],[145.63953,-35.89394],[145.65787,-35.90108],[145.66874,-35.91864],[145.67874,-35.91714],[145.67393,-35.925],[145.68551,-35.9305],[145.68656,-35.92363],[145.69755,-35.92033],[145.70264,-35.92375],[145.69542,-35.92494],[145.6968,-35.93584],[145.72067,-35.93471],[145.72706,-35.94547],[145.71552,-35.94865],[145.72433,-35.95391],[145.73282,-35.95093],[145.73176,-35.95948],[145.74585,-35.9641],[145.75798,-35.9581],[145.76427,-35.96637],[145.7782,-35.96027],[145.77641,-35.97198],[145.79277,-35.97255],[145.79308,-35.98236],[145.80612,-35.98222],[145.80977,-35.99104],[145.81659,-35.98917],[145.81318,-35.98385],[145.82803,-35.98305],[145.82769,-35.97538],[145.836,-35.97668],[145.83801,-35.98345],[145.84802,-35.98126],[145.84532,-35.97358],[145.85792,-35.97524],[145.84801,-35.96819],[145.85335,-35.96033],[145.90278,-35.95217],[145.90997,-35.95458],[145.90006,-35.96219],[145.90236,-35.96874],[145.90615,-35.96313],[145.91372,-35.96915],[145.91529,-35.96408],[145.92707,-35.96539],[145.927,-35.97351],[145.94089,-35.96584],[145.94893,-35.97127],[145.94578,-35.98297],[145.96494,-35.99684],[145.95757,-36.00608],[145.972,-36.00677],[145.97075,-36.01533],[145.97655,-36.00952],[145.98962,-36.0132],[146.00584,-36.0037],[146.0164,-36.00614],[146.03056,-35.99489],[146.04955,-36.0029],[146.05553,-35.99843],[146.05943,-36.01446],[146.0717,-36.01506],[146.07289,-36.0093],[146.0755,-36.0177],[146.09289,-36.02149],[146.09666,-36.0182],[146.09172,-36.0098],[146.10143,-36.01319],[146.11209,-36.00689],[146.10919,-36.01533],[146.12007,-36.01712],[146.13499,-36.0027],[146.14057,-36.00845],[146.13221,-36.01008],[146.1319,-36.01962],[146.1452,-36.01416],[146.15311,-36.02476],[146.17297,-36.01988],[146.18118,-36.0344],[146.17755,-36.03795],[146.18453,-36.04226],[146.19756,-36.03044],[146.2041,-36.03933],[146.21241,-36.02929],[146.21104,-36.03955],[146.22171,-36.03063],[146.24295,-36.02879],[146.24155,-36.02417],[146.25116,-36.02268],[146.24472,-36.01875],[146.25706,-36.01321],[146.26014,-36.02199],[146.27348,-36.0267],[146.27887,-36.02071],[146.27524,-36.01295],[146.28134,-36.01124],[146.27886,-36.01609],[146.28984,-36.02001],[146.28195,-36.02691],[146.29237,-36.02925],[146.28543,-36.03084],[146.29031,-36.03602],[146.28158,-36.04133],[146.29073,-36.03906],[146.2927,-36.04661],[146.302,-36.04613],[146.29947,-36.03735],[146.312,-36.04555],[146.31544,-36.03866],[146.32893,-36.04314],[146.33168,-36.03603],[146.32515,-36.03391],[146.33761,-36.02666],[146.34808,-36.04061],[146.35891,-36.04159],[146.36839,-36.05115],[146.37906,-36.04503],[146.37667,-36.0385],[146.38294,-36.04288],[146.38707,-36.03644],[146.37926,-36.02745],[146.38127,-36.01211],[146.39998,-36.00597],[146.39697,-35.99562],[146.4142,-35.98381],[146.41256,-35.97569],[146.42338,-35.97323],[146.42091,-35.96567],[146.43616,-35.96739],[146.4421,-35.97597],[146.45281,-35.96279],[146.46818,-35.976],[146.46608,-35.98401],[146.48983,-35.98674],[146.49855,-35.97976],[146.49495,-35.97209],[146.50247,-35.95778],[146.51175,-35.96342],[146.51869,-35.95994],[146.53225,-35.98385],[146.54972,-35.99187],[146.55569,-35.98883],[146.55347,-35.97845],[146.56651,-35.97485],[146.58592,-35.98298],[146.58413,-35.97486],[146.612,-35.97193],[146.61783,-35.9752],[146.60784,-35.98659],[146.61353,-35.99538],[146.62601,-35.99606],[146.64107,-36.01016],[146.64242,-36.0052],[146.65021,-36.00775],[146.64928,-36.01283],[146.65776,-36.01447],[146.6503,-36.01879],[146.65591,-36.02643],[146.66732,-36.02941],[146.68017,-36.02303],[146.6748,-36.02824],[146.68245,-36.03023],[146.68504,-36.04047],[146.69485,-36.03445],[146.68968,-36.03076],[146.70694,-36.03607],[146.7091,-36.02929],[146.73099,-36.02432],[146.73226,-36.04585],[146.74439,-36.04814],[146.75184,-36.04234],[146.74853,-36.06051],[146.76096,-36.05232],[146.76228,-36.05975],[146.76641,-36.05634],[146.78121,-36.0647],[146.78644,-36.05937],[146.78691,-36.06534],[146.7972,-36.06565],[146.79421,-36.05932],[146.80293,-36.056],[146.81721,-36.06774],[146.81616,-36.07383],[146.82503,-36.07152],[146.82451,-36.08854],[146.83612,-36.08272],[146.85697,-36.0846],[146.85799,-36.07513],[146.87229,-36.07513],[146.88188,-36.08769],[146.90421,-36.08482],[146.90352,-36.09801],[146.91111,-36.10506],[146.90486,-36.10749],[146.90701,-36.11185],[146.92379,-36.10812],[146.92051,-36.10127],[146.9281,-36.09733],[146.92822,-36.10674],[146.94347,-36.11609],[146.95202,-36.11016],[146.94847,-36.10331],[146.95058,-36.09405],[146.9582,-36.09208],[146.95791,-36.07935],[146.97282,-36.08306],[146.98004,-36.09461],[146.99078,-36.08652],[147.01626,-36.0904],[147.01383,-36.10516],[147.02357,-36.10113],[147.03393,-36.11606],[147.0428,-36.10552],[147.05281,-36.10731],[147.05203,-36.09181],[147.06256,-36.08209],[147.0616,-36.06674],[147.066,-36.07012],[147.06822,-36.06142],[147.07448,-36.06516],[147.08931,-36.05085],[147.09476,-36.054],[147.091,-36.04604],[147.09723,-36.04652],[147.10166,-36.0342],[147.0909,-36.02988],[147.09758,-36.02814],[147.09672,-36.01722],[147.10456,-36.01676],[147.09694,-36.01248],[147.10766,-36.01381],[147.10533,-36.00606],[147.11383,-36.00915],[147.11007,-36.00321],[147.12161,-35.9985],[147.12725,-36.01882],[147.14467,-36.03207],[147.14355,-36.03788],[147.165,-36.0316],[147.20639,-36.05009],[147.22662,-36.04835],[147.24334,-36.03862],[147.28507,-36.0397],[147.30465,-36.04782],[147.31023,-36.06094],[147.31311,-36.0531],[147.31877,-36.06078],[147.35248,-36.03187],[147.34601,-36.01773],[147.3553,-36.00943],[147.35727,-35.99087],[147.3914,-35.97195],[147.39154,-35.94959],[147.40341,-35.9451],[147.45213,-35.96157],[147.46007,-35.94559],[147.47774,-35.94184],[147.48756,-35.94808],[147.4931,-35.94322],[147.51158,-35.96193],[147.52489,-35.96333],[147.51513,-35.97546],[147.52147,-35.98675],[147.5524,-36.00515],[147.58334,-35.98249],[147.55945,-35.97284],[147.54759,-35.97861],[147.549,-35.96453],[147.5664,-35.96678],[147.5751,-35.9751],[147.58017,-35.96803],[147.59279,-35.97017],[147.6028,-35.97835],[147.63779,-35.96135],[147.64683,-35.94574],[147.67998,-35.94416],[147.70937,-35.92902],[147.7175,-35.94475],[147.74118,-35.95651],[147.77351,-35.9587],[147.76707,-35.96437],[147.77724,-35.96779],[147.80625,-35.96487],[147.81516,-35.97811],[147.85046,-35.98225],[147.84906,-35.98866],[147.87386,-35.99115],[147.88266,-36.00281],[147.88616,-35.99764],[147.89809,-35.99958],[147.89549,-35.99295],[147.91248,-35.99556],[147.91195,-36.02782],[147.93125,-36.03499],[147.92412,-36.03524],[147.9251,-36.04365],[147.93373,-36.04824],[147.95881,-36.04193],[147.9637,-36.04731],[147.97475,-36.0396],[147.97397,-36.04726],[147.9877,-36.04314],[147.98761,-36.05295],[147.99992,-36.04725],[147.99935,-36.05861],[147.98981,-36.06815],[147.99114,-36.08127],[147.98212,-36.07946],[147.98121,-36.0887],[147.99977,-36.09965],[147.99249,-36.11152],[147.99864,-36.11657],[147.99105,-36.12167],[148.00039,-36.12557],[148.00119,-36.13966],[148.03858,-36.14206],[148.03506,-36.15357],[148.02312,-36.15397],[148.03502,-36.16473],[148.02246,-36.17663],[148.02478,-36.18879],[148.03707,-36.19503],[148.04092,-36.20719],[148.02826,-36.22371],[148.03577,-36.24102],[148.03039,-36.2468],[148.03915,-36.26253],[148.03322,-36.26887],[148.03445,-36.28352],[148.04059,-36.28517],[148.03578,-36.29354],[148.04377,-36.29992],[148.03648,-36.31055],[148.05914,-36.32272],[148.05163,-36.32478],[148.054,-36.34134],[148.03875,-36.36667],[148.04557,-36.36663],[148.03968,-36.37872],[148.04571,-36.38274],[148.03922,-36.39021],[148.05758,-36.40195],[148.06062,-36.41591],[148.08048,-36.42278],[148.08883,-36.45248],[148.1234,-36.46366],[148.12105,-36.48193],[148.12695,-36.4855],[148.11922,-36.49501],[148.13892,-36.52622],[148.1249,-36.54941],[148.13387,-36.56783],[148.15012,-36.55849],[148.16136,-36.57916],[148.16718,-36.57405],[148.17898,-36.57983],[148.19083,-36.5775],[148.19147,-36.58516],[148.20533,-36.58777],[148.21662,-36.59806],[148.20279,-36.61247],[148.21397,-36.61216],[148.21979,-36.62024],[148.21281,-36.63437],[148.21581,-36.64044],[148.17025,-36.71275],[148.16212,-36.71247],[148.13141,-36.73508],[148.13606,-36.73889],[148.13199,-36.75232],[148.11987,-36.75859],[148.12508,-36.76127],[148.09871,-36.78814],[148.11018,-36.80126],[148.12045,-36.80569],[148.12821,-36.79652],[148.15576,-36.79049],[148.18006,-36.79732],[148.18477,-36.80506],[148.19485,-36.79627],[149.13454,-37.1752],[149.97608,-37.50443],[149.97623,-37.47133],[149.97047,-37.46546],[149.97701,-37.45658],[149.97313,-37.44114],[149.95615,-37.42116],[149.94961,-37.37441],[149.97131,-37.32449],[149.96913,-37.30973],[149.95369,-37.2965],[149.94564,-37.29918],[149.95119,-37.28929],[149.94249,-37.28284],[149.94366,-37.27564],[149.95983,-37.25509],[149.98582,-37.23974],[150.01152,-37.25559],[150.05179,-37.26322],[150.03033,-37.2383],[150.02702,-37.22309],[150.01116,-37.21156],[150.02298,-37.21272],[150.01558,-37.20065],[150.02015,-37.18501],[150.00284,-37.16821],[150.00915,-37.16043],[150.00544,-37.14162],[149.9935,-37.1373],[149.98786,-37.14123],[149.97007,-37.12664],[149.97026,-37.11684],[149.95343,-37.10823],[149.95502,-37.10137],[149.94333,-37.10493],[149.93239,-37.09993],[149.92867,-37.11062],[149.91194,-37.11168],[149.89431,-37.09663],[149.88668,-37.10381],[149.87713,-37.10107],[149.87269,-37.09182],[149.87799,-37.07709],[149.89064,-37.0777],[149.90221,-37.06987],[149.91623,-37.0751],[149.91042,-37.06066],[149.92216,-37.04742],[149.94445,-37.05538],[149.93962,-37.03949],[149.94381,-37.01901],[149.92623,-36.99844],[149.92991,-36.96602],[149.9373,-36.95169],[149.94669,-36.9493],[149.92871,-36.94327],[149.91385,-36.9486],[149.90354,-36.93015],[149.9035,-36.9154],[149.91815,-36.89588],[149.93654,-36.90293],[149.92838,-36.89517],[149.93451,-36.88446],[149.9296,-36.883],[149.93082,-36.87196],[149.93735,-36.85877],[149.94925,-36.85558],[149.93337,-36.8429],[149.94025,-36.81202],[149.94943,-36.79555],[149.96843,-36.7857],[149.97815,-36.76833],[149.98264,-36.73824],[149.99155,-36.72628],[149.9795,-36.72271],[149.9836,-36.70085],[149.99699,-36.69235],[149.99265,-36.68966],[149.99934,-36.68558],[149.9951,-36.67737],[149.99995,-36.66467],[150.0438,-36.5888],[150.05578,-36.58222],[150.06082,-36.55775],[150.06793,-36.55333],[150.05501,-36.54153],[150.06166,-36.50556],[150.05403,-36.48891],[150.06063,-36.47006],[150.07202,-36.46044],[150.07207,-36.44477],[150.08214,-36.42863],[150.08157,-36.42332],[150.06564,-36.41707],[150.06624,-36.39892],[150.09257,-36.35002],[150.13523,-36.31073],[150.13853,-36.30474],[150.13146,-36.28719],[150.14773,-36.26458],[150.14228,-36.21794],[150.1343,-36.21087],[150.13155,-36.21528],[150.13557,-36.17107],[150.1252,-36.15872],[150.12398,-36.14215],[150.14034,-36.09576],[150.13363,-36.08857],[150.13241,-36.06604],[150.14369,-36.0564],[150.14411,-36.03769],[150.1599,-36.01315],[150.16307,-35.99308],[150.15419,-35.99128],[150.1521,-35.98103],[150.16052,-35.95399],[150.15593,-35.94385],[150.16143,-35.90938],[150.15201,-35.90646],[150.15115,-35.8881],[150.1622,-35.86916],[150.1799,-35.85946],[150.17433,-35.83772],[150.18222,-35.8421],[150.19769,-35.82846],[150.20947,-35.83553],[150.21264,-35.83103],[150.23519,-35.83449],[150.2248,-35.82763],[150.22934,-35.81726],[150.22475,-35.80881],[150.23649,-35.80204],[150.23096,-35.80126],[150.23505,-35.77737],[150.21109,-35.75938],[150.21354,-35.73887],[150.17757,-35.70319],[150.19192,-35.70578],[150.2093,-35.6981],[150.20961,-35.7115],[150.23307,-35.70313],[150.26558,-35.72245],[150.27622,-35.72153],[150.28224,-35.70259],[150.29741,-35.69433],[150.30671,-35.66829],[150.2966,-35.65997],[150.30001,-35.64667],[150.31391,-35.63605],[150.32454,-35.63726],[150.32321,-35.61293],[150.34277,-35.6033],[150.33998,-35.59734],[150.36223,-35.57317],[150.37629,-35.57155],[150.3764,-35.56411],[150.38687,-35.56262],[150.38298,-35.55722],[150.38734,-35.54369],[150.40726,-35.52999],[150.40122,-35.50703],[150.39002,-35.49726],[150.39234,-35.4621],[150.42243,-35.42076],[150.44739,-35.40592],[150.44593,-35.39037],[150.47855,-35.36783],[150.49079,-35.36722],[150.48869,-35.36103],[150.47519,-35.35725],[150.48396,-35.3518],[150.47581,-35.34632],[150.47409,-35.33337],[150.48613,-35.32408],[150.47151,-35.31557],[150.47511,-35.29584],[150.50271,-35.26913],[150.54516,-35.2481],[150.5311,-35.2405],[150.53987,-35.21623],[150.5728,-35.19275],[150.59323,-35.18983],[150.59199,-35.17102],[150.59442,-35.18408],[150.62861,-35.16734],[150.68307,-35.16457],[150.69512,-35.17723],[150.69185,-35.19652],[150.696,-35.19999],[150.725,-35.17311],[150.73796,-35.17957],[150.75612,-35.16853],[150.76476,-35.12463],[150.75446,-35.12357],[150.74606,-35.13466],[150.73469,-35.1362],[150.71957,-35.1337],[150.69956,-35.11951],[150.6927,-35.0872],[150.69667,-35.07039],[150.67481,-35.06352],[150.67656,-35.02621],[150.70079,-35.0095],[150.72295,-35.00633],[150.72384,-34.99842],[150.73389,-34.99371],[150.7562,-34.99126],[150.77426,-35.00071],[150.78539,-34.99249],[150.7775,-35.00948],[150.76713,-35.01371],[150.78666,-35.0359],[150.7756,-35.05468],[150.77432,-35.07802],[150.78565,-35.07254],[150.80628,-35.0937],[150.83364,-35.07401],[150.84009,-35.06112],[150.84244,-35.04972],[150.83248,-35.04055],[150.84889,-35.01203],[150.83441,-35.00267],[150.81644,-35.01372],[150.78495,-34.98821],[150.77623,-34.95161],[150.78458,-34.9306],[150.76867,-34.92538],[150.77082,-34.89786],[150.75948,-34.90061],[150.74983,-34.88859],[150.74989,-34.85275],[150.76117,-34.82012],[150.78149,-34.79185],[150.80393,-34.7754],[150.81538,-34.77242],[150.82335,-34.77835],[150.8345,-34.75249],[150.83249,-34.73874],[150.85101,-34.71317],[150.8544,-34.69117],[150.86011,-34.68844],[150.85511,-34.67708],[150.86394,-34.67106],[150.85656,-34.67042],[150.85445,-34.66209],[150.86404,-34.64851],[150.85595,-34.64269],[150.86117,-34.62959],[150.84703,-34.61782],[150.85978,-34.627],[150.85547,-34.61518],[150.86697,-34.6034],[150.87668,-34.60707],[150.88778,-34.59754],[150.90169,-34.5978],[150.87572,-34.58915],[150.86781,-34.5707],[150.87414,-34.56109],[150.86797,-34.55571],[150.87715,-34.54483],[150.87408,-34.53595],[150.88667,-34.51051],[150.90412,-34.49519],[150.92153,-34.49318],[150.9139,-34.47564],[150.88366,-34.45675],[150.89519,-34.45162],[150.90099,-34.46252],[150.9021,-34.43128],[150.90951,-34.42222],[150.90183,-34.41494],[150.90336,-34.40174],[150.93014,-34.36855],[150.91987,-34.36027],[150.92832,-34.3309],[150.92405,-34.32383],[150.99058,-34.22984],[151.06614,-34.17149],[151.11147,-34.14748],[151.12114,-34.13872],[151.11431,-34.13471],[151.12628,-34.13756],[151.13518,-34.12091],[151.15095,-34.1138],[151.17059,-34.08816],[151.16922,-34.07554],[151.16373,-34.081],[151.14216,-34.07914],[151.12386,-34.09055],[151.13196,-34.07572],[151.0875,-34.08699],[151.10423,-34.07942],[151.10508,-34.07096],[151.09546,-34.05807],[151.0888,-34.0686],[151.07532,-34.06272],[151.08686,-34.06489],[151.08978,-34.05912],[151.08176,-34.05591],[151.09233,-34.0564],[151.09778,-34.04779],[151.10115,-34.05836],[151.10835,-34.04782],[151.10531,-34.04254],[151.11074,-34.04329],[151.10548,-34.05867],[151.11376,-34.05962],[151.11036,-34.07115],[151.12917,-34.06841],[151.12667,-34.06291],[151.13513,-34.05619],[151.13327,-34.0721],[151.13965,-34.07341],[151.13847,-34.06462],[151.14717,-34.05474],[151.14682,-34.07166],[151.15198,-34.07263],[151.15775,-34.06819],[151.15646,-34.05004],[151.16798,-34.03834],[151.18825,-34.03388],[151.19768,-34.04113],[151.2138,-34.04145],[151.22309,-34.03641],[151.23124,-34.01605],[151.22374,-34.00111],[151.21217,-34.00741],[151.18874,-34.00692],[151.19426,-34.01522],[151.17933,-34.02459],[151.17402,-34.02204],[151.17978,-34.01681],[151.1572,-34.01914],[151.17984,-34.00993],[151.16497,-34.00002],[151.15594,-34.00359],[151.16247,-34.00636],[151.13967,-34.01432],[151.15539,-34.0275],[151.14898,-34.03556],[151.13514,-34.03296],[151.12649,-34.00991],[151.14892,-33.99449],[151.15164,-33.97379],[151.16711,-33.94904],[151.17244,-33.94795],[151.17735,-33.96596],[151.18534,-33.96689],[151.17916,-33.95228],[151.18263,-33.94683],[151.21584,-33.96283],[151.21313,-33.98362],[151.22798,-33.97752],[151.22893,-33.98926],[151.24878,-34.00045],[151.25165,-33.97921],[151.2581,-33.97624],[151.25217,-33.96452],[151.265,-33.96687],[151.25685,-33.95251],[151.26301,-33.94195],[151.25836,-33.92088],[151.27051,-33.91365],[151.27395,-33.89341],[151.28417,-33.89076],[151.28493,-33.84199],[151.27923,-33.83505],[151.27674,-33.85152],[151.2643,-33.85171],[151.2696,-33.86774],[151.26151,-33.87223],[151.25216,-33.86443],[151.24462,-33.87352],[151.23967,-33.86714],[151.23065,-33.87485],[151.23033,-33.85862],[151.22159,-33.86868],[151.2234,-33.85915],[151.21835,-33.86322],[151.20811,-33.8564],[151.21971,-33.84981],[151.2161,-33.84119],[151.22453,-33.84636],[151.22456,-33.83987],[151.23163,-33.84836],[151.23229,-33.83691],[151.2328,-33.84368],[151.23677,-33.83995],[151.24699,-33.85299],[151.24631,-33.84379],[151.25289,-33.8446],[151.26835,-33.82805],[151.25228,-33.82656],[151.24618,-33.8023],[151.26121,-33.81785],[151.27399,-33.81063],[151.26493,-33.79932],[151.28222,-33.7993],[151.28277,-33.80931],[151.29078,-33.8087],[151.2858,-33.81982],[151.2975,-33.82377],[151.306,-33.80927],[151.28966,-33.79976],[151.28696,-33.78863],[151.29509,-33.78189],[151.29422,-33.77142],[151.30295,-33.76658],[151.29718,-33.75252],[151.31735,-33.74252],[151.30221,-33.73293],[151.29936,-33.71873],[151.31317,-33.69692],[151.30965,-33.68921],[151.32406,-33.66406],[151.32362,-33.65324],[151.34207,-33.62472],[151.33152,-33.61258],[151.33501,-33.60478],[151.32547,-33.59681],[151.3333,-33.58158],[151.32352,-33.58028],[151.31578,-33.60173],[151.32554,-33.60989],[151.3279,-33.62137],[151.31616,-33.61535],[151.31456,-33.63129],[151.30486,-33.63666],[151.30869,-33.63951],[151.30196,-33.65249],[151.3115,-33.66669],[151.30343,-33.66559],[151.28539,-33.64532],[151.27179,-33.65667],[151.28231,-33.63779],[151.27218,-33.63215],[151.29014,-33.62861],[151.28146,-33.62055],[151.30314,-33.62013],[151.30421,-33.60364],[151.28414,-33.60508],[151.29277,-33.60466],[151.31052,-33.57875],[151.28564,-33.57291],[151.27261,-33.58878],[151.25063,-33.58856],[151.26209,-33.59774],[151.25292,-33.59788],[151.25548,-33.6045],[151.24722,-33.60285],[151.24457,-33.59524],[151.23158,-33.60344],[151.21957,-33.60038],[151.22794,-33.61817],[151.22376,-33.61676],[151.21251,-33.60857],[151.20923,-33.60014],[151.21361,-33.59696],[151.18988,-33.59273],[151.23339,-33.5939],[151.24694,-33.57958],[151.23145,-33.56213],[151.22364,-33.57546],[151.2136,-33.57135],[151.22193,-33.56966],[151.21924,-33.56403],[151.23283,-33.54763],[151.20082,-33.5488],[151.2044,-33.52161],[151.22475,-33.52146],[151.22951,-33.53072],[151.23247,-33.5121],[151.23744,-33.51163],[151.23742,-33.52831],[151.25484,-33.53496],[151.2459,-33.55621],[151.25908,-33.57055],[151.271,-33.5617],[151.26763,-33.55769],[151.27282,-33.55136],[151.30936,-33.55466],[151.31229,-33.53161],[151.33226,-33.52367],[151.33585,-33.51606],[151.3505,-33.51562],[151.34679,-33.50665],[151.35961,-33.51223],[151.36287,-33.52156],[151.34812,-33.5274],[151.34202,-33.52002],[151.33745,-33.52257],[151.33782,-33.53656],[151.3455,-33.54649],[151.36584,-33.53007],[151.38216,-33.53227],[151.38542,-33.52501],[151.40442,-33.52832],[151.41613,-33.52378],[151.41841,-33.51074],[151.42765,-33.50626],[151.42842,-33.4931],[151.44599,-33.48602],[151.43554,-33.46866],[151.43972,-33.45735],[151.452,-33.45074],[151.44363,-33.44306],[151.44651,-33.4329],[151.4841,-33.39856],[151.48285,-33.38402],[151.50065,-33.36169],[151.50945,-33.33096],[151.52769,-33.31305],[151.56352,-33.29633],[151.57521,-33.28411],[151.57764,-33.28044],[151.56685,-33.27671],[151.56306,-33.26593],[151.5684,-33.24137],[151.59914,-33.21115],[151.62478,-33.19709],[151.62819,-33.17846],[151.63713,-33.17549],[151.63096,-33.15171],[151.64076,-33.14207],[151.64708,-33.12176],[151.6531,-33.12056],[151.64668,-33.11283],[151.66439,-33.08966],[151.64718,-33.08668],[151.64172,-33.09392],[151.64777,-33.09038],[151.64918,-33.09626],[151.64222,-33.09618],[151.63927,-33.08569],[151.66008,-33.08393],[151.65862,-33.06714],[151.66839,-33.05173],[151.72627,-33.01112],[151.73098,-32.99879],[151.72684,-32.97874],[151.73776,-32.96289],[151.80097,-32.9176],[151.78919,-32.91045],[151.7976,-32.8897],[151.86818,-32.84607],[151.99018,-32.80093],[152.06875,-32.78421],[152.11373,-32.79203],[152.1112,-32.78867],[152.12139,-32.78432],[152.11621,-32.77897],[152.12024,-32.7707],[152.17041,-32.76085],[152.17239,-32.743],[152.18618,-32.74119],[152.18805,-32.71108],[152.17655,-32.72002],[152.16193,-32.70919],[152.14583,-32.71928],[152.10252,-32.71735],[152.10265,-32.72646],[152.09601,-32.72867],[152.07731,-32.72069],[152.06292,-32.69812],[152.05885,-32.70972],[152.0711,-32.73309],[152.06339,-32.73465],[152.05558,-32.71628],[152.05471,-32.73847],[152.06178,-32.7461],[152.0555,-32.74416],[152.05242,-32.7527],[152.04278,-32.75642],[152.05326,-32.74414],[152.02865,-32.75017],[152.03771,-32.76062],[152.02648,-32.75268],[152.02719,-32.74692],[152.00566,-32.75324],[152.0185,-32.74107],[152.0417,-32.73747],[152.03774,-32.72805],[152.02267,-32.72036],[152.00744,-32.72773],[151.99614,-32.72656],[151.99748,-32.72106],[151.99014,-32.71902],[151.98643,-32.72648],[151.93248,-32.74056],[151.93146,-32.72774],[151.93336,-32.73858],[151.94579,-32.73382],[151.94483,-32.71622],[151.96918,-32.7139],[151.97922,-32.70343],[151.97716,-32.68781],[151.95621,-32.69196],[151.95542,-32.67734],[151.94012,-32.67207],[151.96175,-32.6737],[151.96635,-32.65887],[151.98371,-32.66584],[151.98848,-32.65848],[151.99242,-32.66816],[152.00158,-32.66995],[152.03086,-32.66387],[152.03278,-32.67417],[152.04178,-32.6801],[152.04706,-32.675],[152.04455,-32.66054],[152.05277,-32.64978],[152.06013,-32.65009],[152.06163,-32.6687],[152.05077,-32.67701],[152.05604,-32.68291],[152.06558,-32.67829],[152.0653,-32.68497],[152.05835,-32.68663],[152.07069,-32.6897],[152.11558,-32.68136],[152.11847,-32.65784],[152.1247,-32.65355],[152.1224,-32.6603],[152.12937,-32.66676],[152.14896,-32.67068],[152.14654,-32.6786],[152.17766,-32.6807],[152.19029,-32.7],[152.20499,-32.70172],[152.20761,-32.69515],[152.19067,-32.69305],[152.18688,-32.67535],[152.20181,-32.63982],[152.2444,-32.60842],[152.28426,-32.59485],[152.30598,-32.55627],[152.33954,-32.5247],[152.41914,-32.48216],[152.54067,-32.44342],[152.53806,-32.43348],[152.51894,-32.42782],[152.51665,-32.41924],[152.53376,-32.35923],[152.55121,-32.33385],[152.54625,-32.32779],[152.53615,-32.32865],[152.5236,-32.31137],[152.52491,-32.28441],[152.54068,-32.25199],[152.56638,-32.22799],[152.57048,-32.21447],[152.54402,-32.2013],[152.53605,-32.18251],[152.50832,-32.17031],[152.50507,-32.14432],[152.512,-32.11737],[152.52174,-32.09892],[152.54815,-32.07366],[152.54309,-32.06751],[152.54823,-32.05751],[152.5416,-32.04793],[152.54656,-32.03017],[152.61427,-31.94406],[152.68283,-31.88254],[152.75547,-31.84463],[152.73711,-31.8325],[152.73717,-31.81193],[152.76199,-31.77319],[152.80676,-31.72987],[152.79392,-31.71],[152.80517,-31.68322],[152.83403,-31.65123],[152.85102,-31.64214],[152.83542,-31.63779],[152.83958,-31.61344],[152.8494,-31.59901],[152.84151,-31.58917],[152.84596,-31.57356],[152.87689,-31.53101],[152.93993,-31.47259],[152.92743,-31.43406],[152.91281,-31.42602],[152.91408,-31.41456],[152.92916,-31.37623],[152.97723,-31.31353],[152.96588,-31.30793],[152.97377,-31.27924],[152.96726,-31.27346],[152.97,-31.25127],[152.9615,-31.24856],[152.96076,-31.24008],[152.97012,-31.20696],[152.98346,-31.19208],[152.9844,-31.18649],[152.97653,-31.18296],[152.97832,-31.17096],[153.01011,-31.11926],[153.05487,-31.07892],[153.06419,-31.05654],[153.06553,-31.04788],[153.05381,-31.05411],[153.04102,-31.04292],[153.03889,-31.00121],[153.05847,-30.95702],[153.08043,-30.9275],[153.0887,-30.92461],[153.08837,-30.91152],[153.08136,-30.90611],[153.08312,-30.89411],[153.07558,-30.87887],[153.06679,-30.87616],[153.07035,-30.88076],[153.05958,-30.88781],[153.0376,-30.8843],[153.0128,-30.85994],[152.99795,-30.78586],[153.00297,-30.74904],[152.99096,-30.74083],[152.98971,-30.71069],[153.0133,-30.64906],[153.02009,-30.64969],[153.01006,-30.60899],[153.01381,-30.57497],[153.02934,-30.54691],[153.02538,-30.53454],[153.0311,-30.49935],[153.04609,-30.46659],[153.07836,-30.43174],[153.07325,-30.42552],[153.07553,-30.41234],[153.0929,-30.38381],[153.10465,-30.37641],[153.11252,-30.34121],[153.13891,-30.31303],[153.14962,-30.31274],[153.13994,-30.30941],[153.14139,-30.30355],[153.15439,-30.30498],[153.14055,-30.30066],[153.1397,-30.28749],[153.14789,-30.27674],[153.13925,-30.26529],[153.14058,-30.25428],[153.15552,-30.23386],[153.16927,-30.19477],[153.18482,-30.17715],[153.19282,-30.17723],[153.19176,-30.16668],[153.20659,-30.1561],[153.20077,-30.15304],[153.19981,-30.14031],[153.21314,-30.11033],[153.19964,-30.10385],[153.20345,-30.07711],[153.14445,-30.0816],[153.1062,-30.0161],[153.02129,-29.94736],[153.00064,-29.86125],[152.9186,-29.75744],[152.78397,-29.70055],[152.65369,-29.68578],[152.49672,-29.63176],[152.39932,-29.5859],[152.39473,-29.52065],[152.28908,-29.59443],[152.22152,-29.66623],[152.11023,-29.71098],[151.98736,-29.7144],[151.84001,-29.77365],[151.71044,-29.80406],[151.60891,-29.79773],[151.49375,-29.86553],[151.26042,-29.85643],[151.1079,-29.8831],[150.85469,-29.80973],[150.76524,-29.73884],[150.68257,-29.70651],[150.50395,-29.65326],[150.36493,-29.65078],[150.27605,-29.67159],[150.04546,-29.5815],[149.92757,-29.56621],[149.8539,-29.48753],[149.78474,-29.44546],[149.73724,-29.34279],[149.70784,-29.23422],[149.64391,-29.17191],[149.54424,-29.11281],[149.45327,-29.12703],[149.26901,-29.09942],[149.1247,-29.10383],[149.01674,-29.07614]]],[[[152.32259,-32.61346],[152.30537,-32.60706],[152.31204,-32.62766],[152.31792,-32.62553],[152.31541,-32.61857],[152.32606,-32.61989],[152.32259,-32.61346]]],[[[152.19323,-32.74061],[152.18492,-32.75003],[152.20298,-32.74816],[152.20303,-32.74293],[152.19323,-32.74061]]],[[[152.14925,-32.67393],[152.13765,-32.67114],[152.13822,-32.67791],[152.12762,-32.68208],[152.13346,-32.685],[152.12948,-32.68822],[152.14925,-32.67393]]]],"type":"MultiPolygon"},"properties":{"area_sqkm":712573.02,"id":"sydney","name":"Sydney Hub"},"type":"Feature"}
]
}
