{
"type": "FeatureCollection",
"meta": {"generator": "tools/build_geo_layers.py", "note": "Queensland drainage basins. Parts merged per basin.", "source": "f75f04c0-QldBasin_2009Nov.kmz", "tolerance_deg": 0.002},
"features": [
{"geometry":{"coordinates":[[[142.58036,-13.07514],[142.57173,-13.09385],[142.56358,-13.10036],[142.55425,-13.09995],[142.54188,-13.11074],[142.53806,-13.13397],[142.53056,-13.14183],[142.53329,-13.15151],[142.52845,-13.15736],[142.52901,-13.1622],[142.52076,-13.1667],[142.51893,-13.17496],[142.49513,-13.18956],[142.48039,-13.21227],[142.47318,-13.21386],[142.46232,-13.23099],[142.45011,-13.23463],[142.42452,-13.2351],[142.41308,-13.23011],[142.37276,-13.25893],[142.34899,-13.26022],[142.34318,-13.26914],[142.3357,-13.26985],[142.32593,-13.27665],[142.32839,-13.28874],[142.32376,-13.30036],[142.29928,-13.31457],[142.2957,-13.31422],[142.28826,-13.30321],[142.26747,-13.30277],[142.24652,-13.29526],[142.23531,-13.29995],[142.22211,-13.29855],[142.20996,-13.30612],[142.18414,-13.31369],[142.17592,-13.32378],[142.16947,-13.32359],[142.16987,-13.33041],[142.16225,-13.33452],[142.16747,-13.34156],[142.15667,-13.3695],[142.14481,-13.38194],[142.12868,-13.38987],[142.11735,-13.40401],[142.1167,-13.42502],[142.10925,-13.43617],[142.1096,-13.44738],[142.09567,-13.4523],[142.09382,-13.46246],[142.07073,-13.50549],[142.06932,-13.5261],[142.06508,-13.5367],[142.04346,-13.56061],[142.02462,-13.59671],[141.99883,-13.61501],[141.98404,-13.63885],[141.96155,-13.65074],[141.95162,-13.64843],[141.94316,-13.63494],[141.9347,-13.63092],[141.91316,-13.63619],[141.8966,-13.62938],[141.88595,-13.63128],[141.87187,-13.62169],[141.86181,-13.60785],[141.84051,-13.60081],[141.8159,-13.55833],[141.78656,-13.55259],[141.76934,-13.53952],[141.75859,-13.5193],[141.74135,-13.49944],[141.73214,-13.48229],[141.71902,-13.4343],[141.71972,-13.41901],[141.71443,-13.40278],[141.70795,-13.39922],[141.70003,-13.4013],[141.70146,-13.39815],[141.6955,-13.40198],[141.70525,-13.38474],[141.70229,-13.37688],[141.69841,-13.37906],[141.70085,-13.38171],[141.6951,-13.38309],[141.69246,-13.38825],[141.67743,-13.38693],[141.67218,-13.39161],[141.65933,-13.39544],[141.65506,-13.39182],[141.66264,-13.38795],[141.6608,-13.38123],[141.65486,-13.37869],[141.64307,-13.38089],[141.63179,-13.37002],[141.62274,-13.38539],[141.5999,-13.44914],[141.591,-13.46451],[141.56067,-13.50104],[141.57156,-13.48924],[141.56709,-13.49875],[141.55872,-13.50496],[141.5565,-13.50405],[141.55777,-13.49812],[141.55174,-13.50556],[141.52384,-13.57132],[141.50322,-13.6586],[141.49924,-13.71215],[141.48915,-13.77207],[141.46899,-13.85278],[141.46642,-13.87047],[141.46913,-13.92499],[141.47149,-13.91323],[141.47192,-13.93122],[141.48203,-13.95366],[141.4939,-13.97246],[141.52431,-14.00864],[141.54543,-14.0282],[141.57724,-14.01759],[141.5924,-14.02048],[141.5993,-14.02568],[141.6055,-14.04131],[141.61104,-14.04692],[141.61812,-14.04556],[141.63051,-14.03506],[141.63205,-14.02739],[141.62616,-14.00774],[141.63234,-14.00255],[141.64066,-14.00255],[141.65081,-14.00868],[141.65777,-14.02562],[141.6665,-14.02857],[141.67735,-14.02745],[141.71765,-14.00102],[141.72758,-13.99245],[141.73533,-13.97891],[141.76041,-13.96832],[141.7713,-13.95761],[141.78467,-13.95725],[141.79851,-13.94974],[141.82348,-13.92324],[141.84501,-13.91726],[141.8753,-13.89638],[141.89565,-13.89354],[141.9063,-13.88165],[141.93706,-13.86644],[141.95458,-13.84786],[141.99628,-13.82621],[142.00589,-13.81309],[142.01496,-13.81221],[142.02839,-13.80261],[142.04417,-13.80308],[142.06013,-13.79401],[142.07126,-13.7933],[142.08327,-13.79719],[142.10189,-13.8102],[142.1177,-13.80272],[142.12874,-13.80237],[142.14452,-13.80997],[142.18999,-13.81644],[142.2126,-13.83364],[142.23216,-13.83311],[142.24841,-13.84289],[142.27856,-13.82987],[142.32803,-13.83529],[142.35226,-13.83063],[142.36708,-13.85113],[142.38799,-13.84566],[142.40448,-13.85001],[142.40465,-13.85496],[142.39747,-13.8658],[142.40071,-13.87298],[142.43239,-13.87275],[142.44252,-13.85714],[142.48398,-13.86739],[142.49317,-13.87651],[142.49535,-13.89348],[142.50938,-13.90313],[142.52416,-13.90158],[142.527,-13.88859],[142.53691,-13.87993],[142.54671,-13.88537],[142.55127,-13.8836],[142.55697,-13.8909],[142.57987,-13.89506],[142.58717,-13.90526],[142.59471,-13.90918],[142.59643,-13.91618],[142.58509,-13.92235],[142.59168,-13.92852],[142.58806,-13.93422],[142.59061,-13.9468],[142.58468,-13.95582],[142.5915,-13.96294],[142.61684,-13.97658],[142.62545,-13.99049],[142.6347,-13.99361],[142.65144,-13.99697],[142.6699,-13.99359],[142.68751,-13.9862],[142.69475,-13.97623],[142.69107,-13.96822],[142.72691,-13.94525],[142.73438,-13.94383],[142.75058,-13.94982],[142.77307,-13.96679],[142.80915,-13.97118],[142.81134,-13.98643],[142.81639,-13.99403],[142.82197,-13.99011],[142.83098,-13.99207],[142.85519,-13.98863],[142.85917,-13.99593],[142.86844,-14.00162],[142.88921,-14.0028],[142.90148,-14.01129],[142.91635,-14.00787],[142.92012,-14.01053],[142.9213,-14.01719],[142.92661,-14.01885],[142.93794,-14.0156],[142.95658,-14.02073],[142.96257,-14.01481],[142.97891,-14.04117],[142.98597,-14.0605],[143.00131,-14.0684],[143.01005,-14.07954],[143.02115,-14.08421],[143.02727,-14.09743],[143.03261,-14.09992],[143.04187,-14.11344],[143.04525,-14.10836],[143.05669,-14.10253],[143.05863,-14.08633],[143.09047,-14.08561],[143.09763,-14.08142],[143.10503,-14.07135],[143.11656,-14.07584],[143.1205,-14.07238],[143.13196,-14.07348],[143.15159,-14.04831],[143.15582,-14.04895],[143.15419,-14.04029],[143.16262,-14.04305],[143.16465,-14.03684],[143.17442,-14.03939],[143.18703,-14.0372],[143.19522,-14.03223],[143.20317,-14.01519],[143.2116,-14.01264],[143.20499,-14.00688],[143.20498,-13.99062],[143.21118,-13.98981],[143.21736,-13.97742],[143.23483,-13.96657],[143.23233,-13.95318],[143.24025,-13.94855],[143.24506,-13.94098],[143.25034,-13.94133],[143.2538,-13.93464],[143.26524,-13.93417],[143.27246,-13.90694],[143.28185,-13.90325],[143.28349,-13.89532],[143.28919,-13.88834],[143.29793,-13.88834],[143.30262,-13.89227],[143.31271,-13.89139],[143.31518,-13.88523],[143.32272,-13.87937],[143.32199,-13.86563],[143.31782,-13.86182],[143.31894,-13.85483],[143.32451,-13.85395],[143.3221,-13.85014],[143.32521,-13.84545],[143.32175,-13.84421],[143.32205,-13.83958],[143.31383,-13.83805],[143.30802,-13.83306],[143.31436,-13.8228],[143.30908,-13.81423],[143.31465,-13.80766],[143.31553,-13.79545],[143.32433,-13.79246],[143.32363,-13.78647],[143.33771,-13.78307],[143.34974,-13.76095],[143.34628,-13.75402],[143.35091,-13.74393],[143.34915,-13.73701],[143.34331,-13.73463],[143.33494,-13.7236],[143.34047,-13.72116],[143.34464,-13.71424],[143.34833,-13.67938],[143.35526,-13.67151],[143.34804,-13.66049],[143.35209,-13.64922],[143.35144,-13.62681],[143.34111,-13.62264],[143.34458,-13.61425],[143.34299,-13.6031],[143.33846,-13.6004],[143.34252,-13.58562],[143.34111,-13.5666],[143.33601,-13.55845],[143.32275,-13.55815],[143.31882,-13.5497],[143.3197,-13.53656],[143.32556,-13.52658],[143.31965,-13.51655],[143.32292,-13.51004],[143.31547,-13.49983],[143.31719,-13.49482],[143.3129,-13.48767],[143.31665,-13.48375],[143.30837,-13.47875],[143.32665,-13.44803],[143.3206,-13.44126],[143.32457,-13.43862],[143.32909,-13.44106],[143.33749,-13.42921],[143.34338,-13.42737],[143.34767,-13.41445],[143.35571,-13.41218],[143.36414,-13.40271],[143.36779,-13.3954],[143.36612,-13.38777],[143.37101,-13.38367],[143.37743,-13.36872],[143.3763,-13.35503],[143.38369,-13.35205],[143.38946,-13.33503],[143.38601,-13.32806],[143.37988,-13.32425],[143.37755,-13.30335],[143.37054,-13.29918],[143.3672,-13.29287],[143.35404,-13.28454],[143.33903,-13.28216],[143.33118,-13.28341],[143.32707,-13.28984],[143.32022,-13.28835],[143.31873,-13.27763],[143.34523,-13.26358],[143.34463,-13.24483],[143.33195,-13.23989],[143.32534,-13.22607],[143.32885,-13.21202],[143.32421,-13.20726],[143.33177,-13.18511],[143.3435,-13.17863],[143.34767,-13.16463],[143.34034,-13.15743],[143.33248,-13.16053],[143.3192,-13.1552],[143.31968,-13.15799],[143.31004,-13.16701],[143.30435,-13.1657],[143.29152,-13.17559],[143.2864,-13.18696],[143.27795,-13.18488],[143.26781,-13.18931],[143.26413,-13.18863],[143.26283,-13.18452],[143.26551,-13.17547],[143.24965,-13.17313],[143.22603,-13.18577],[143.20341,-13.22477],[143.18936,-13.22399],[143.18436,-13.22066],[143.17769,-13.22435],[143.16924,-13.22417],[143.16364,-13.22012],[143.15544,-13.22526],[143.14976,-13.21845],[143.15209,-13.21619],[143.14757,-13.20697],[143.13387,-13.20434],[143.12822,-13.19643],[143.11562,-13.21964],[143.09184,-13.24423],[143.08382,-13.24562],[143.07958,-13.24155],[143.06946,-13.24013],[143.05969,-13.24161],[143.04743,-13.24876],[143.04576,-13.24233],[143.03752,-13.24165],[143.03213,-13.23084],[143.02254,-13.22435],[143.01712,-13.22846],[143.01474,-13.23894],[143.00873,-13.2459],[143.00135,-13.24834],[142.99242,-13.24677],[142.97969,-13.25762],[142.96995,-13.2575],[142.95904,-13.26548],[142.95318,-13.26542],[142.92092,-13.23486],[142.91784,-13.23707],[142.91012,-13.23076],[142.89276,-13.23574],[142.88343,-13.23398],[142.87047,-13.21767],[142.86484,-13.21539],[142.85966,-13.21863],[142.85499,-13.21292],[142.85106,-13.19063],[142.8432,-13.17345],[142.83885,-13.17057],[142.84249,-13.16553],[142.83747,-13.16229],[142.84232,-13.15063],[142.83774,-13.14834],[142.83862,-13.13661],[142.83657,-13.13204],[142.83393,-13.13347],[142.82355,-13.12541],[142.8241,-13.10275],[142.8158,-13.09332],[142.79539,-13.09403],[142.77087,-13.07807],[142.74741,-13.08323],[142.7406,-13.07743],[142.7277,-13.07344],[142.71151,-13.07238],[142.68291,-13.06372],[142.66615,-13.05228],[142.64042,-13.0498],[142.61045,-13.06182],[142.60194,-13.07221],[142.58036,-13.07514]]],"type":"Polygon"},"properties":{"area_sqkm":13871.52,"basin_no":"922","division":"Gulf","division_no":"IX","id":"archer","name":"Archer"},"type":"Feature"},
{"geometry":{"coordinates":[[[151.46784,-24.10351],[151.47116,-24.11165],[151.45751,-24.11966],[151.45193,-24.12956],[151.44686,-24.13131],[151.44811,-24.1367],[151.4406,-24.14452],[151.44404,-24.15097],[151.43938,-24.16705],[151.44473,-24.17339],[151.44386,-24.18522],[151.43158,-24.1836],[151.41812,-24.1861],[151.40353,-24.17965],[151.39439,-24.17984],[151.37685,-24.18829],[151.36658,-24.18873],[151.36364,-24.19368],[151.3766,-24.20182],[151.37754,-24.21128],[151.38143,-24.21334],[151.38712,-24.23338],[151.39739,-24.24108],[151.40417,-24.25859],[151.4019,-24.26056],[151.40253,-24.27834],[151.42457,-24.28135],[151.43941,-24.29136],[151.43766,-24.30239],[151.44311,-24.3104],[151.43791,-24.31942],[151.4493,-24.32731],[151.45719,-24.34547],[151.45797,-24.35608],[151.43426,-24.35375],[151.42927,-24.35849],[151.42839,-24.3655],[151.42244,-24.36695],[151.4153,-24.37753],[151.41662,-24.39055],[151.42407,-24.39293],[151.43158,-24.40038],[151.42914,-24.40846],[151.43346,-24.42099],[151.43008,-24.43651],[151.43146,-24.44077],[151.43741,-24.44296],[151.43597,-24.45355],[151.42651,-24.46056],[151.43158,-24.46726],[151.43835,-24.46995],[151.46415,-24.47534],[151.47542,-24.47408],[151.49235,-24.49474],[151.50141,-24.4965],[151.50125,-24.50549],[151.50686,-24.51092],[151.49875,-24.51222],[151.49755,-24.51448],[151.50436,-24.5185],[151.49495,-24.52241],[151.49592,-24.55038],[151.48741,-24.54767],[151.48537,-24.55377],[151.48929,-24.56438],[151.49775,-24.57089],[151.49693,-24.57569],[151.50704,-24.58285],[151.50533,-24.59525],[151.51248,-24.60031],[151.52336,-24.60019],[151.54196,-24.61904],[151.53291,-24.66346],[151.52785,-24.66851],[151.51716,-24.6651],[151.51438,-24.67168],[151.5195,-24.67497],[151.52779,-24.6937],[151.54133,-24.6992],[151.55386,-24.69895],[151.566,-24.71059],[151.57689,-24.70205],[151.59485,-24.69996],[151.60637,-24.70464],[151.6189,-24.69863],[151.61339,-24.69003],[151.61649,-24.68345],[151.61333,-24.67763],[151.61915,-24.67092],[151.63142,-24.67295],[151.65218,-24.65726],[151.65698,-24.65884],[151.6654,-24.6558],[151.67381,-24.66592],[151.67862,-24.66738],[151.70089,-24.64903],[151.71487,-24.64737],[151.72715,-24.65276],[151.7362,-24.65051],[151.74021,-24.65338],[151.7429,-24.66871],[151.75391,-24.67377],[151.75973,-24.68509],[151.75986,-24.68845],[151.75075,-24.69389],[151.74657,-24.70192],[151.74809,-24.71059],[151.77846,-24.7371],[151.8006,-24.74577],[151.81687,-24.76924],[151.82218,-24.76753],[151.84059,-24.77816],[151.8392,-24.79309],[151.86545,-24.78457],[151.89196,-24.75456],[151.89488,-24.74159],[151.9031,-24.74324],[151.92278,-24.73843],[151.91923,-24.72812],[151.93094,-24.70667],[151.94055,-24.70793],[151.95399,-24.70228],[151.96162,-24.70243],[151.96346,-24.71065],[151.96789,-24.71192],[151.96542,-24.72299],[151.97573,-24.73394],[151.96884,-24.74128],[151.97643,-24.76329],[151.98086,-24.77329],[151.99104,-24.77911],[151.98997,-24.78886],[151.99775,-24.79974],[152.00556,-24.79323],[152.00205,-24.78121],[152.0094,-24.76964],[152.02283,-24.77156],[152.03536,-24.76267],[152.04585,-24.75001],[152.05883,-24.74668],[152.06477,-24.74048],[152.08843,-24.74099],[152.09393,-24.73345],[152.10761,-24.72693],[152.11413,-24.72782],[152.12846,-24.71229],[152.13402,-24.69764],[152.14374,-24.68933],[152.14406,-24.67942],[152.17443,-24.674],[152.19446,-24.66313],[152.16471,-24.64282],[152.16851,-24.64138],[152.17382,-24.64624],[152.17554,-24.64456],[152.18185,-24.65067],[152.17844,-24.64523],[152.15246,-24.63111],[152.11203,-24.58442],[152.1017,-24.57706],[152.07516,-24.54269],[152.06305,-24.5186],[152.05286,-24.52868],[152.04579,-24.53211],[152.03372,-24.53129],[152.02889,-24.53635],[152.0176,-24.51931],[152.00754,-24.51535],[152.00752,-24.51264],[152.02594,-24.51243],[152.03489,-24.50903],[152.03883,-24.51354],[152.03815,-24.52335],[152.04192,-24.52625],[152.05146,-24.51931],[152.04402,-24.52202],[152.04832,-24.51844],[152.04637,-24.51793],[152.05389,-24.51761],[152.05622,-24.51391],[152.03973,-24.49815],[152.00901,-24.43814],[152.01452,-24.45395],[152.00901,-24.45364],[152.00703,-24.44301],[152.00208,-24.43885],[152.00498,-24.43898],[152.00106,-24.43121],[152.00552,-24.43145],[151.95466,-24.28953],[151.94355,-24.23998],[151.9381,-24.23284],[151.93391,-24.23417],[151.92886,-24.22882],[151.92039,-24.21061],[151.90517,-24.20763],[151.88583,-24.14935],[151.88238,-24.15978],[151.8841,-24.16456],[151.88052,-24.16876],[151.88294,-24.1755],[151.86846,-24.18948],[151.87498,-24.19388],[151.86865,-24.19315],[151.86249,-24.20358],[151.85636,-24.20337],[151.86235,-24.19469],[151.86644,-24.17825],[151.87267,-24.17653],[151.87272,-24.17071],[151.86164,-24.17371],[151.8445,-24.17284],[151.83292,-24.16754],[151.81563,-24.15613],[151.80456,-24.14521],[151.79187,-24.12549],[151.78545,-24.12189],[151.78646,-24.11624],[151.773,-24.0807],[151.76644,-24.03936],[151.76316,-24.0354],[151.76945,-24.02562],[151.76512,-24.01594],[151.75875,-24.01691],[151.7577,-24.01989],[151.75199,-24.01849],[151.74459,-24.01003],[151.74291,-24.00178],[151.73834,-24.00369],[151.74442,-24.02205],[151.74472,-24.03343],[151.72331,-24.05038],[151.73157,-24.06167],[151.72072,-24.0787],[151.71773,-24.07781],[151.71893,-24.06373],[151.71562,-24.05774],[151.70654,-24.05718],[151.70452,-24.05976],[151.7044,-24.05528],[151.71018,-24.05433],[151.71187,-24.04964],[151.70961,-24.04587],[151.70597,-24.04893],[151.70551,-24.03917],[151.71177,-24.03993],[151.71974,-24.03556],[151.7306,-24.02275],[151.70038,-24.01329],[151.68893,-24.00677],[151.67355,-23.9889],[151.65327,-23.98367],[151.64478,-23.97694],[151.63807,-23.98194],[151.62615,-23.97424],[151.62276,-23.97937],[151.61207,-23.97926],[151.60617,-23.99026],[151.60375,-24.00897],[151.61574,-24.00745],[151.62509,-24.00949],[151.62793,-24.01374],[151.63413,-24.01265],[151.63603,-24.01787],[151.64354,-24.02161],[151.64913,-24.02937],[151.63831,-24.03074],[151.64719,-24.03369],[151.65438,-24.02914],[151.65317,-24.03211],[151.66155,-24.03783],[151.6698,-24.05009],[151.68292,-24.05286],[151.68013,-24.05434],[151.68376,-24.05698],[151.67956,-24.0616],[151.66918,-24.05794],[151.6651,-24.05936],[151.67938,-24.08701],[151.6834,-24.08678],[151.68256,-24.08915],[151.6875,-24.08481],[151.68782,-24.08768],[151.69248,-24.08815],[151.68378,-24.09117],[151.68503,-24.10164],[151.6832,-24.10038],[151.67858,-24.10803],[151.68027,-24.09948],[151.6767,-24.09041],[151.66063,-24.08582],[151.65624,-24.08828],[151.65213,-24.07453],[151.64159,-24.07791],[151.64395,-24.07245],[151.63928,-24.07263],[151.63486,-24.05639],[151.62152,-24.05584],[151.61228,-24.04389],[151.60108,-24.04855],[151.59497,-24.0447],[151.59245,-24.04939],[151.58299,-24.05023],[151.5772,-24.04676],[151.5736,-24.03638],[151.5642,-24.03797],[151.56607,-24.04443],[151.55875,-24.0558],[151.55498,-24.07072],[151.55974,-24.07277],[151.55812,-24.0791],[151.56255,-24.08072],[151.56446,-24.09405],[151.57033,-24.09587],[151.56023,-24.10295],[151.55879,-24.09893],[151.55495,-24.10057],[151.5556,-24.08942],[151.55215,-24.08254],[151.55064,-24.08888],[151.54483,-24.0859],[151.54198,-24.08761],[151.54247,-24.09194],[151.54038,-24.08895],[151.52497,-24.08939],[151.51975,-24.08658],[151.52503,-24.08452],[151.51686,-24.06992],[151.52805,-24.06293],[151.52822,-24.05859],[151.51377,-24.04773],[151.5036,-24.04936],[151.49178,-24.04068],[151.47954,-24.04821],[151.48231,-24.0565],[151.47998,-24.06039],[151.48798,-24.06765],[151.49261,-24.06783],[151.48842,-24.07003],[151.49292,-24.07379],[151.48558,-24.07255],[151.47862,-24.06414],[151.47059,-24.06496],[151.47248,-24.07261],[151.46558,-24.06949],[151.46737,-24.0615],[151.4632,-24.05483],[151.4638,-24.06377],[151.46052,-24.06415],[151.46088,-24.06084],[151.45638,-24.06787],[151.45923,-24.06112],[151.45738,-24.05644],[151.45381,-24.05887],[151.45737,-24.05508],[151.45628,-24.04732],[151.44632,-24.05844],[151.44889,-24.05208],[151.45692,-24.0461],[151.45368,-24.0425],[151.45789,-24.04391],[151.45819,-24.03931],[151.45345,-24.03232],[151.44341,-24.02677],[151.44068,-24.03533],[151.44461,-24.04589],[151.44799,-24.04767],[151.44456,-24.04746],[151.44337,-24.0596],[151.44906,-24.07126],[151.44523,-24.06559],[151.44263,-24.07245],[151.46784,-24.10351]]],"type":"Polygon"},"properties":{"area_sqkm":4004.42,"basin_no":"134","division":"North East Coast","division_no":"I","id":"baffle","name":"Baffle"},"type":"Feature"},
{"geometry":{"coordinates":[[[148.04372,-24.90919],[148.03784,-24.91229],[148.03086,-24.91118],[148.01783,-24.903],[148.01402,-24.8972],[148.00179,-24.89688],[147.99543,-24.89991],[147.97611,-24.87916],[147.9494,-24.87928],[147.95407,-24.88834],[147.93539,-24.90151],[147.92047,-24.91923],[147.90985,-24.92091],[147.90043,-24.91772],[147.89309,-24.92131],[147.89125,-24.92809],[147.89716,-24.93967],[147.88718,-24.93735],[147.88159,-24.94214],[147.87744,-24.94039],[147.86986,-24.94646],[147.87105,-24.9534],[147.86084,-24.95468],[147.85253,-24.95947],[147.8511,-24.96354],[147.83993,-24.96595],[147.83258,-24.97248],[147.81222,-24.9716],[147.79849,-24.99331],[147.79322,-24.99675],[147.79374,-25.00444],[147.77937,-25.01613],[147.78103,-25.02577],[147.77305,-25.0268],[147.76491,-25.03233],[147.75693,-25.02924],[147.74303,-25.03177],[147.74493,-25.04552],[147.73529,-25.05895],[147.73568,-25.06321],[147.72715,-25.0644],[147.71981,-25.07285],[147.71704,-25.09307],[147.72605,-25.11282],[147.73711,-25.11772],[147.74003,-25.12862],[147.74935,-25.14126],[147.74817,-25.14663],[147.75283,-25.15563],[147.74564,-25.17064],[147.74793,-25.17712],[147.74082,-25.18929],[147.74122,-25.19908],[147.73134,-25.19805],[147.73269,-25.20287],[147.72858,-25.20864],[147.71625,-25.21567],[147.70812,-25.22586],[147.6849,-25.23747],[147.67012,-25.24916],[147.66831,-25.25927],[147.66009,-25.26157],[147.65606,-25.26781],[147.64769,-25.26923],[147.64026,-25.27973],[147.62478,-25.28392],[147.62178,-25.28937],[147.60969,-25.29767],[147.60314,-25.3088],[147.60148,-25.32097],[147.58947,-25.33163],[147.57754,-25.32824],[147.56009,-25.33005],[147.53457,-25.34443],[147.52478,-25.35612],[147.51285,-25.35865],[147.49305,-25.37908],[147.491,-25.38335],[147.49725,-25.3938],[147.49654,-25.4131],[147.49986,-25.42291],[147.48245,-25.4332],[147.48585,-25.44444],[147.48174,-25.47008],[147.46956,-25.48084],[147.46805,-25.49128],[147.46178,-25.49818],[147.47138,-25.51331],[147.47026,-25.53996],[147.46514,-25.55596],[147.44457,-25.56004],[147.42264,-25.57589],[147.4092,-25.57413],[147.40256,-25.58686],[147.38775,-25.59342],[147.37631,-25.61215],[147.37983,-25.62063],[147.3675,-25.63792],[147.35014,-25.68594],[147.34509,-25.69218],[147.34782,-25.71403],[147.34029,-25.71635],[147.31845,-25.73916],[147.30524,-25.7398],[147.29092,-25.74788],[147.27099,-25.74764],[147.26194,-25.76093],[147.24388,-25.76013],[147.2581,-25.77861],[147.25898,-25.78373],[147.25402,-25.78998],[147.26635,-25.81527],[147.26235,-25.83864],[147.26819,-25.84392],[147.27203,-25.85592],[147.26475,-25.88297],[147.26947,-25.8889],[147.26539,-25.8985],[147.26843,-25.90642],[147.27395,-25.90786],[147.27779,-25.91515],[147.30244,-25.92027],[147.32517,-25.93363],[147.3511,-25.92939],[147.35974,-25.94052],[147.36711,-25.94083],[147.37687,-25.94972],[147.38271,-25.96164],[147.39095,-25.96324],[147.40824,-25.97413],[147.4425,-25.97221],[147.44738,-25.97797],[147.45578,-25.98021],[147.45418,-25.98533],[147.4577,-25.99214],[147.44104,-26.01357],[147.45006,-26.02312],[147.45176,-26.0419],[147.44417,-26.07075],[147.45698,-26.08641],[147.45865,-26.09264],[147.45692,-26.10339],[147.44644,-26.11749],[147.45517,-26.13435],[147.4444,-26.14292],[147.43901,-26.1567],[147.42355,-26.15431],[147.42058,-26.1684],[147.40424,-26.18084],[147.38515,-26.18654],[147.38864,-26.19456],[147.38472,-26.21463],[147.39821,-26.21943],[147.40225,-26.22394],[147.39716,-26.23865],[147.39053,-26.23906],[147.38776,-26.24342],[147.39211,-26.26549],[147.35842,-26.28341],[147.33298,-26.29119],[147.31774,-26.30497],[147.31375,-26.31657],[147.31856,-26.32863],[147.30091,-26.34923],[147.30306,-26.35937],[147.31462,-26.37177],[147.3156,-26.3773],[147.30945,-26.38635],[147.2985,-26.3914],[147.28569,-26.40294],[147.2937,-26.42814],[147.2866,-26.43161],[147.26815,-26.43091],[147.2529,-26.43535],[147.24678,-26.45637],[147.22495,-26.4618],[147.22127,-26.4727],[147.22234,-26.48181],[147.18073,-26.51108],[147.14498,-26.51409],[147.13933,-26.5034],[147.13499,-26.50285],[147.11494,-26.51501],[147.11117,-26.527],[147.10412,-26.5357],[147.10661,-26.54878],[147.10061,-26.55926],[147.0964,-26.57725],[147.07726,-26.59142],[147.07264,-26.59852],[147.07021,-26.629],[147.02412,-26.65584],[146.96704,-26.64415],[146.95752,-26.63267],[146.95011,-26.61191],[146.94303,-26.60365],[146.93632,-26.60517],[146.93092,-26.61314],[146.92427,-26.65297],[146.91154,-26.66903],[146.89782,-26.67893],[146.88455,-26.67501],[146.84266,-26.67222],[146.83104,-26.6601],[146.81744,-26.65341],[146.81117,-26.63874],[146.79576,-26.62618],[146.78457,-26.62754],[146.77154,-26.63541],[146.71722,-26.63935],[146.67561,-26.65886],[146.64105,-26.6875],[146.62839,-26.69426],[146.61798,-26.713],[146.60642,-26.72396],[146.57895,-26.72608],[146.56833,-26.73099],[146.52663,-26.73698],[146.50743,-26.75105],[146.49726,-26.75354],[146.47489,-26.74601],[146.46003,-26.74528],[146.4403,-26.75329],[146.41481,-26.77139],[146.41103,-26.77761],[146.41385,-26.78366],[146.43378,-26.78952],[146.45462,-26.80466],[146.45526,-26.81001],[146.45092,-26.81618],[146.43323,-26.81953],[146.42855,-26.82373],[146.43631,-26.85471],[146.43165,-26.869],[146.43191,-26.88242],[146.4287,-26.88847],[146.41639,-26.88582],[146.40813,-26.91577],[146.3935,-26.93893],[146.38715,-26.94261],[146.38369,-26.94129],[146.36803,-26.9209],[146.36161,-26.91837],[146.35558,-26.92107],[146.28623,-27.00012],[146.29356,-27.01977],[146.28935,-27.04729],[146.29255,-27.06874],[146.28865,-27.07628],[146.27829,-27.08396],[146.26646,-27.08509],[146.25567,-27.08217],[146.24323,-27.08747],[146.1977,-27.09011],[146.19026,-27.09303],[146.18391,-27.10083],[146.18224,-27.11643],[146.19128,-27.13491],[146.19228,-27.14548],[146.18968,-27.14994],[146.18015,-27.15404],[146.16734,-27.15404],[146.1211,-27.14556],[146.10896,-27.14846],[146.09838,-27.15545],[146.08939,-27.16978],[146.05558,-27.20779],[146.03626,-27.24642],[146.03185,-27.26555],[146.03347,-27.28212],[146.04434,-27.31822],[146.07059,-27.37653],[146.07429,-27.39533],[146.07097,-27.42512],[146.06543,-27.43914],[146.05974,-27.44714],[146.02119,-27.46652],[145.93198,-27.49183],[145.90988,-27.50196],[145.89473,-27.5127],[145.88115,-27.52744],[145.86353,-27.55786],[145.85083,-27.59423],[145.85383,-27.64092],[145.84128,-27.70655],[145.83144,-27.7226],[145.80728,-27.74714],[145.79673,-27.76278],[145.77613,-27.81617],[145.77597,-27.86155],[145.78045,-27.88075],[145.79237,-27.90767],[145.81448,-27.92502],[145.85446,-27.94649],[145.86872,-27.9652],[145.86768,-28.0233],[145.87187,-28.10206],[145.85846,-28.20474],[145.86319,-28.24422],[145.87351,-28.28641],[145.91171,-28.3969],[145.94878,-28.46057],[145.96125,-28.47446],[146.03845,-28.54044],[146.04886,-28.55353],[146.04953,-28.56809],[146.05353,-28.5741],[146.08419,-28.58654],[146.0915,-28.59352],[146.10942,-28.59606],[146.13638,-28.61597],[146.16663,-28.64525],[146.19084,-28.68674],[146.191,-28.69631],[146.18574,-28.70804],[146.16111,-28.73907],[146.16116,-28.74975],[146.14464,-28.77758],[146.13126,-28.83518],[146.10734,-28.87551],[146.09235,-28.91435],[146.11841,-28.95689],[146.12668,-28.99913],[146.13373,-29.00848],[146.14662,-29.01383],[146.18071,-29.00927],[146.21382,-29.00015],[146.22274,-29.00095],[146.2382,-29.02057],[146.24038,-29.05467],[146.24593,-29.06398],[146.30719,-29.08995],[146.35952,-29.09947],[146.39679,-29.1183],[146.41978,-29.13455],[146.42514,-29.14169],[146.43287,-29.16687],[146.46794,-29.22005],[146.52564,-29.22257],[146.55736,-29.22871],[146.56945,-29.24576],[146.57202,-29.28224],[146.59224,-29.3314],[146.59898,-29.36153],[146.63368,-29.41049],[146.6418,-29.41525],[146.65925,-29.41842],[146.66797,-29.41763],[146.67293,-29.41267],[146.67114,-29.40356],[146.65746,-29.39107],[146.64973,-29.37739],[146.65905,-29.35519],[146.64539,-29.32762],[146.6646,-29.28501],[146.68462,-29.26558],[146.68977,-29.26221],[146.70365,-29.26202],[146.73933,-29.27966],[146.73874,-29.32823],[146.7546,-29.34567],[146.76431,-29.34765],[146.77303,-29.34428],[146.82675,-29.30444],[146.85252,-29.28917],[146.90347,-29.24972],[146.92844,-29.21127],[146.96809,-29.16964],[146.98395,-29.13078],[147.00179,-29.11294],[147.02203,-29.08199],[147.07588,-29.04988],[147.08107,-29.03492],[147.09942,-29.01218],[147.10542,-28.9991],[147.71956,-28.99909],[147.72564,-29.00515],[147.73864,-28.99909],[148.53969,-28.99906],[148.54176,-28.98374],[148.53514,-28.96859],[148.517,-28.95547],[148.51449,-28.95093],[148.51724,-28.93992],[148.52613,-28.93374],[148.54012,-28.93489],[148.57899,-28.92302],[148.61477,-28.90038],[148.63347,-28.89959],[148.66684,-28.86959],[148.67426,-28.85538],[148.67209,-28.83281],[148.66547,-28.81905],[148.65605,-28.81],[148.63154,-28.79656],[148.63206,-28.75832],[148.61159,-28.71762],[148.61899,-28.69818],[148.6465,-28.65779],[148.64886,-28.64088],[148.6416,-28.62851],[148.62356,-28.62113],[148.61701,-28.6125],[148.62402,-28.58565],[148.60569,-28.53846],[148.60511,-28.52884],[148.61748,-28.49872],[148.66898,-28.46732],[148.67848,-28.45546],[148.67744,-28.43398],[148.66024,-28.39959],[148.65645,-28.3854],[148.65781,-28.37632],[148.67232,-28.35754],[148.68242,-28.33527],[148.68763,-28.3119],[148.67099,-28.26343],[148.70164,-28.24992],[148.70982,-28.2412],[148.72137,-28.20819],[148.73827,-28.18766],[148.73419,-28.17918],[148.73526,-28.16941],[148.75318,-28.15231],[148.75021,-28.12111],[148.76223,-28.09422],[148.77568,-28.0812],[148.77833,-28.05308],[148.81,-28.01377],[148.81548,-27.99852],[148.80695,-27.98076],[148.80654,-27.95854],[148.82409,-27.93291],[148.82915,-27.90854],[148.82697,-27.89621],[148.83047,-27.88728],[148.83855,-27.88076],[148.85085,-27.85616],[148.85124,-27.83917],[148.84655,-27.82784],[148.8227,-27.81036],[148.82318,-27.80682],[148.83536,-27.79841],[148.8239,-27.78119],[148.82744,-27.77871],[148.84881,-27.77878],[148.85483,-27.76658],[148.8649,-27.76041],[148.89228,-27.75795],[148.90294,-27.76031],[148.91682,-27.74867],[148.91739,-27.73814],[148.91283,-27.72606],[148.9141,-27.71611],[148.94489,-27.70766],[148.94445,-27.69502],[148.95338,-27.68692],[148.95773,-27.67557],[148.95546,-27.65647],[148.95845,-27.62795],[148.96268,-27.61596],[148.97029,-27.60927],[148.99328,-27.61346],[149.00443,-27.61069],[149.01065,-27.62369],[149.01645,-27.62859],[149.05074,-27.63098],[149.06215,-27.63803],[149.06631,-27.64864],[149.04873,-27.66389],[149.04445,-27.67148],[149.05539,-27.68414],[149.07224,-27.69201],[149.09627,-27.69071],[149.11076,-27.68279],[149.1322,-27.66324],[149.14913,-27.64209],[149.17918,-27.63988],[149.18671,-27.61098],[149.20249,-27.59769],[149.2117,-27.58482],[149.21336,-27.57802],[149.23021,-27.55342],[149.24885,-27.50952],[149.26579,-27.50196],[149.2704,-27.48306],[149.27999,-27.47123],[149.27889,-27.45483],[149.28796,-27.43637],[149.28472,-27.41635],[149.2802,-27.4076],[149.28156,-27.40336],[149.29284,-27.39627],[149.31232,-27.39683],[149.33139,-27.39016],[149.34931,-27.40959],[149.35856,-27.41371],[149.3749,-27.40986],[149.3864,-27.41545],[149.39989,-27.4152],[149.40554,-27.41898],[149.41742,-27.41165],[149.43422,-27.40894],[149.44661,-27.40228],[149.47048,-27.40087],[149.47154,-27.41759],[149.48041,-27.42194],[149.48261,-27.42771],[149.49394,-27.43032],[149.48295,-27.45095],[149.48552,-27.45584],[149.48987,-27.45831],[149.52019,-27.45692],[149.54878,-27.47317],[149.57776,-27.47125],[149.59886,-27.47677],[149.60253,-27.48346],[149.61786,-27.48527],[149.61997,-27.48051],[149.63284,-27.48568],[149.64535,-27.47907],[149.6409,-27.4743],[149.64236,-27.46678],[149.65293,-27.46422],[149.65796,-27.45643],[149.67278,-27.4501],[149.67458,-27.455],[149.66683,-27.46757],[149.66882,-27.47663],[149.65664,-27.48597],[149.66461,-27.49225],[149.66384,-27.4951],[149.653,-27.50092],[149.65293,-27.5069],[149.66223,-27.51467],[149.67753,-27.51358],[149.68914,-27.51664],[149.6975,-27.51353],[149.70079,-27.52061],[149.70817,-27.52163],[149.73707,-27.51268],[149.76031,-27.51408],[149.77063,-27.51115],[149.78924,-27.51946],[149.79516,-27.51878],[149.80473,-27.51176],[149.82075,-27.51115],[149.83277,-27.51196],[149.84688,-27.51906],[149.859,-27.51371],[149.8643,-27.51461],[149.86744,-27.52414],[149.87664,-27.52956],[149.88663,-27.52142],[149.94364,-27.51642],[150.00106,-27.52714],[150.02546,-27.51737],[150.04809,-27.51923],[150.09681,-27.51074],[150.1322,-27.49818],[150.16084,-27.50309],[150.20042,-27.49872],[150.26581,-27.482],[150.31234,-27.47852],[150.40438,-27.43514],[150.43255,-27.41342],[150.46419,-27.37926],[150.48662,-27.36469],[150.49461,-27.36166],[150.54032,-27.36013],[150.56173,-27.35123],[150.57218,-27.34072],[150.57573,-27.32388],[150.58688,-27.32608],[150.59643,-27.33343],[150.61894,-27.32182],[150.62597,-27.32343],[150.6301,-27.32111],[150.63938,-27.32846],[150.65435,-27.33278],[150.66286,-27.32962],[150.67189,-27.33104],[150.68543,-27.32517],[150.68711,-27.31982],[150.69549,-27.31376],[150.70019,-27.31348],[150.69936,-27.3015],[150.70613,-27.30021],[150.70865,-27.29589],[150.71613,-27.29563],[150.72929,-27.28918],[150.75199,-27.2877],[150.77211,-27.28061],[150.78348,-27.27304],[150.79243,-27.28022],[150.80913,-27.27848],[150.81842,-27.28448],[150.82272,-27.2906],[150.82158,-27.29931],[150.83248,-27.30537],[150.83622,-27.31917],[150.84673,-27.33078],[150.84177,-27.35232],[150.825,-27.35961],[150.82016,-27.36522],[150.82029,-27.39502],[150.80127,-27.41914],[150.79914,-27.4283],[150.80436,-27.443],[150.81926,-27.45139],[150.81642,-27.46145],[150.80662,-27.46739],[150.81584,-27.4779],[150.8299,-27.48273],[150.83093,-27.49821],[150.84038,-27.5159],[150.83688,-27.52806],[150.84407,-27.53157],[150.84368,-27.54529],[150.85353,-27.54691],[150.85657,-27.55397],[150.87904,-27.55067],[150.88079,-27.56213],[150.88797,-27.57087],[150.89496,-27.57514],[150.9074,-27.57501],[150.92255,-27.59036],[150.92572,-27.58492],[150.93051,-27.58472],[150.93103,-27.57999],[150.93783,-27.57928],[150.94469,-27.56873],[150.95932,-27.57184],[150.97564,-27.58142],[150.99247,-27.58323],[151.02986,-27.56737],[151.04292,-27.57107],[151.0505,-27.58008],[151.06689,-27.57891],[151.09202,-27.58879],[151.0805,-27.62923],[151.07256,-27.64058],[151.07604,-27.64909],[151.07192,-27.65412],[151.07243,-27.66548],[151.08104,-27.67043],[151.08488,-27.67683],[151.07656,-27.6925],[151.08604,-27.69773],[151.08172,-27.70895],[151.08701,-27.72817],[151.08133,-27.74094],[151.10501,-27.76081],[151.10256,-27.77874],[151.11442,-27.79087],[151.11513,-27.80209],[151.1245,-27.82274],[151.13294,-27.83195],[151.14977,-27.84182],[151.151,-27.84937],[151.15725,-27.8573],[151.15532,-27.87123],[151.17125,-27.88581],[151.17325,-27.89594],[151.18815,-27.8971],[151.18809,-27.90284],[151.19697,-27.90993],[151.19563,-27.9289],[151.20902,-27.9328],[151.20408,-27.93541],[151.19808,-27.94896],[151.20415,-27.96657],[151.20114,-27.9742],[151.22675,-27.99805],[151.23304,-27.99863],[151.24302,-28.00888],[151.24453,-28.00527],[151.25095,-28.00318],[151.26004,-28.00389],[151.27148,-28.01141],[151.28417,-28.00444],[151.30754,-28.01059],[151.31376,-28.02061],[151.31383,-28.02815],[151.32377,-28.03768],[151.33335,-28.04151],[151.33763,-28.05071],[151.34677,-28.05472],[151.36056,-28.07422],[151.37099,-28.07383],[151.37404,-28.07973],[151.38576,-28.08128],[151.39231,-28.08809],[151.40959,-28.09533],[151.41084,-28.10454],[151.41498,-28.10726],[151.44452,-28.10499],[151.43772,-28.13849],[151.44718,-28.16466],[151.4799,-28.18909],[151.48204,-28.19965],[151.47854,-28.20703],[151.48191,-28.22264],[151.50443,-28.23489],[151.50983,-28.24958],[151.50882,-28.25904],[151.52335,-28.2668],[151.53186,-28.27746],[151.54603,-28.28676],[151.55188,-28.2826],[151.56163,-28.28195],[151.57013,-28.27469],[151.57853,-28.27922],[151.58737,-28.27408],[151.61688,-28.27805],[151.63014,-28.27473],[151.64216,-28.2811],[151.64133,-28.28797],[151.65067,-28.30078],[151.67746,-28.30144],[151.68711,-28.31124],[151.69132,-28.30999],[151.70419,-28.32151],[151.70625,-28.32589],[151.70378,-28.33109],[151.70971,-28.33671],[151.69365,-28.35215],[151.69898,-28.36194],[151.69706,-28.37483],[151.7017,-28.38783],[151.71761,-28.40054],[151.7265,-28.39495],[151.734,-28.39444],[151.74468,-28.40531],[151.74336,-28.41641],[151.75227,-28.42384],[151.77807,-28.42995],[151.79328,-28.4525],[151.81213,-28.45452],[151.82594,-28.46825],[151.84216,-28.46881],[151.84911,-28.47636],[151.8482,-28.48396],[151.8586,-28.49202],[151.85347,-28.50197],[151.85559,-28.50561],[151.86658,-28.51111],[151.88348,-28.50932],[151.89401,-28.51515],[151.91309,-28.51435],[151.92422,-28.51224],[151.9331,-28.50071],[151.93681,-28.49991],[151.94947,-28.50607],[151.95258,-28.51343],[151.95885,-28.51656],[151.97898,-28.5029],[151.98325,-28.5078],[151.98816,-28.52631],[152.00308,-28.52804],[152.0163,-28.52437],[152.02161,-28.51442],[152.03389,-28.50781],[152.04624,-28.49313],[152.06424,-28.48695],[152.06981,-28.46804],[152.09127,-28.4717],[152.10637,-28.46227],[152.11666,-28.4628],[152.13459,-28.45194],[152.14578,-28.44042],[152.16384,-28.43214],[152.18485,-28.43826],[152.191,-28.4342],[152.20134,-28.43663],[152.20684,-28.44481],[152.2177,-28.449],[152.23864,-28.42269],[152.23949,-28.4168],[152.25232,-28.41019],[152.26656,-28.39174],[152.28363,-28.39324],[152.28949,-28.39098],[152.29356,-28.38039],[152.31062,-28.36287],[152.33012,-28.36798],[152.3419,-28.36746],[152.3559,-28.3617],[152.37043,-28.36693],[152.38888,-28.36726],[152.40145,-28.34612],[152.41637,-28.33303],[152.41447,-28.32479],[152.40681,-28.31537],[152.41336,-28.30712],[152.411,-28.30337],[152.4148,-28.29809],[152.44294,-28.29724],[152.44658,-28.28163],[152.46003,-28.2691],[152.46028,-28.2602],[152.48325,-28.2564],[152.48791,-28.25297],[152.48756,-28.24731],[152.49149,-28.24207],[152.48338,-28.23599],[152.48063,-28.22868],[152.4606,-28.22676],[152.45721,-28.22196],[152.47385,-28.2069],[152.47016,-28.19535],[152.45341,-28.19594],[152.44654,-28.18874],[152.44071,-28.17912],[152.44627,-28.16551],[152.43449,-28.15556],[152.43116,-28.14398],[152.43253,-28.13305],[152.41213,-28.11363],[152.41185,-28.10609],[152.4057,-28.09721],[152.41923,-28.08735],[152.41525,-28.07913],[152.41697,-28.06987],[152.41048,-28.06925],[152.39019,-28.05767],[152.39471,-28.04523],[152.38783,-28.03542],[152.38941,-28.0292],[152.38083,-28.02278],[152.37462,-28.00885],[152.37692,-27.99162],[152.38165,-27.98553],[152.38204,-27.97684],[152.38882,-27.97317],[152.38697,-27.97042],[152.38204,-27.96614],[152.36038,-27.96218],[152.34767,-27.9662],[152.33989,-27.96095],[152.32848,-27.96653],[152.31538,-27.96516],[152.29374,-27.9556],[152.29391,-27.96056],[152.2849,-27.96562],[152.27034,-27.96802],[152.25663,-27.96004],[152.25319,-27.95466],[152.22511,-27.94882],[152.21889,-27.94506],[152.21305,-27.93216],[152.1877,-27.92457],[152.18497,-27.91316],[152.17565,-27.90251],[152.17745,-27.88787],[152.17187,-27.88787],[152.16967,-27.8832],[152.15189,-27.87453],[152.1473,-27.85895],[152.15307,-27.83742],[152.14391,-27.82329],[152.12992,-27.82795],[152.12032,-27.82224],[152.08038,-27.81913],[152.06837,-27.81044],[152.05742,-27.81342],[152.05178,-27.80305],[152.05327,-27.79034],[152.03304,-27.76038],[152.0176,-27.75759],[152.00438,-27.76777],[151.99391,-27.76382],[151.99218,-27.75608],[152.00152,-27.75221],[152.00236,-27.74741],[151.99179,-27.72427],[151.99231,-27.71531],[151.98446,-27.70896],[151.99388,-27.69678],[151.98793,-27.69286],[151.98551,-27.68304],[151.99081,-27.66864],[151.98256,-27.65555],[151.9857,-27.6511],[151.97052,-27.64528],[151.96247,-27.65038],[151.95605,-27.65005],[151.94231,-27.6316],[151.94508,-27.61206],[151.95411,-27.61044],[151.95932,-27.61275],[151.97476,-27.60587],[151.98559,-27.59341],[151.98691,-27.58218],[151.97962,-27.57844],[151.97384,-27.57054],[151.97284,-27.54734],[151.95311,-27.51804],[151.95514,-27.50528],[151.94875,-27.49595],[151.94849,-27.48616],[151.93903,-27.48235],[151.93719,-27.47763],[151.94527,-27.46554],[151.96195,-27.45234],[151.98231,-27.44413],[151.9894,-27.44696],[151.99715,-27.43875],[152.00292,-27.437],[152.00421,-27.42353],[152.01227,-27.41097],[152.04139,-27.39015],[152.05196,-27.36966],[152.06958,-27.35983],[152.0673,-27.34156],[152.04848,-27.32835],[152.04681,-27.32191],[152.05261,-27.31391],[152.05132,-27.30747],[152.04449,-27.29825],[152.03572,-27.2931],[152.02644,-27.29258],[152.00711,-27.28498],[151.99465,-27.27569],[151.9869,-27.27563],[151.97285,-27.26643],[151.96431,-27.25363],[151.96852,-27.24811],[151.96839,-27.23918],[151.92137,-27.25271],[151.90519,-27.24781],[151.89057,-27.22408],[151.88535,-27.22417],[151.88013,-27.2181],[151.87363,-27.19899],[151.86798,-27.19164],[151.86141,-27.19052],[151.86246,-27.18074],[151.85255,-27.16925],[151.82877,-27.15979],[151.82667,-27.15598],[151.81525,-27.1567],[151.80769,-27.1504],[151.80717,-27.14528],[151.7966,-27.13602],[151.79798,-27.12991],[151.79136,-27.11665],[151.79357,-27.11075],[151.78681,-27.10476],[151.78294,-27.09366],[151.77375,-27.08253],[151.76127,-27.08545],[151.74012,-27.07199],[151.73635,-27.0624],[151.74091,-27.05787],[151.7371,-27.04835],[151.74189,-27.0364],[151.74124,-27.02996],[151.73309,-27.01348],[151.71812,-27.00041],[151.70893,-26.99847],[151.70087,-26.99242],[151.69901,-26.98649],[151.68825,-26.98391],[151.6742,-26.9729],[151.67717,-26.96472],[151.67099,-26.95003],[151.66983,-26.93831],[151.64902,-26.92169],[151.64829,-26.91243],[151.63041,-26.89902],[151.62178,-26.90005],[151.61231,-26.89181],[151.57618,-26.87854],[151.56948,-26.85522],[151.54983,-26.83596],[151.54725,-26.82514],[151.52174,-26.80896],[151.51666,-26.7977],[151.52078,-26.79184],[151.51743,-26.78656],[151.51702,-26.76663],[151.49781,-26.7626],[151.49583,-26.75919],[151.48303,-26.75453],[151.46466,-26.76163],[151.44048,-26.75638],[151.42557,-26.74902],[151.4198,-26.74272],[151.41846,-26.72897],[151.41372,-26.72457],[151.41785,-26.71605],[151.41404,-26.71139],[151.41753,-26.69814],[151.39928,-26.6931],[151.39546,-26.6855],[151.40587,-26.67429],[151.41006,-26.66087],[151.39492,-26.63853],[151.38716,-26.63735],[151.37894,-26.62955],[151.37272,-26.63118],[151.36862,-26.62404],[151.35528,-26.61875],[151.34813,-26.60727],[151.33503,-26.60284],[151.33397,-26.59721],[151.32459,-26.5863],[151.31263,-26.59006],[151.30125,-26.57067],[151.29408,-26.56964],[151.29013,-26.56325],[151.28886,-26.55009],[151.28443,-26.54374],[151.26566,-26.5497],[151.25835,-26.54808],[151.24894,-26.54047],[151.24826,-26.5279],[151.23468,-26.52279],[151.22964,-26.52739],[151.2108,-26.51022],[151.20543,-26.50156],[151.20985,-26.4935],[151.20426,-26.48906],[151.20909,-26.48004],[151.20794,-26.46582],[151.20084,-26.44932],[151.22445,-26.43161],[151.24368,-26.40882],[151.23835,-26.39555],[151.2381,-26.37949],[151.24229,-26.36324],[151.22832,-26.33226],[151.2188,-26.32243],[151.20267,-26.3157],[151.15139,-26.31398],[151.12523,-26.30554],[151.11609,-26.28758],[151.12314,-26.27615],[151.10864,-26.26405],[151.11007,-26.25972],[151.11925,-26.25472],[151.12098,-26.24536],[151.09921,-26.24492],[151.09064,-26.23711],[151.08461,-26.23825],[151.06797,-26.22664],[151.06975,-26.22105],[151.06721,-26.21394],[151.0601,-26.20734],[151.06531,-26.1956],[151.04817,-26.17795],[151.04182,-26.17706],[151.03446,-26.18055],[151.0342,-26.18982],[151.03141,-26.1923],[151.02252,-26.19503],[151.0144,-26.19223],[151.00691,-26.19737],[150.99444,-26.19413],[150.98716,-26.18512],[150.97413,-26.18174],[150.95022,-26.18132],[150.93786,-26.17599],[150.93224,-26.16948],[150.9187,-26.17312],[150.90734,-26.17146],[150.9031,-26.17858],[150.91992,-26.20543],[150.90951,-26.21482],[150.88748,-26.21929],[150.88128,-26.2251],[150.87885,-26.23519],[150.88479,-26.24937],[150.8777,-26.26368],[150.86514,-26.25522],[150.86327,-26.25033],[150.8489,-26.24528],[150.83875,-26.23187],[150.82828,-26.23372],[150.81499,-26.22159],[150.79494,-26.23117],[150.77482,-26.23334],[150.76786,-26.2373],[150.74832,-26.23526],[150.73881,-26.24362],[150.73236,-26.2585],[150.72406,-26.26483],[150.69493,-26.26502],[150.68931,-26.26259],[150.67756,-26.26847],[150.66811,-26.26706],[150.65815,-26.27025],[150.64027,-26.26547],[150.63069,-26.2684],[150.62597,-26.27466],[150.60042,-26.27651],[150.58918,-26.2739],[150.58126,-26.26808],[150.56683,-26.26706],[150.55572,-26.25384],[150.53375,-26.25934],[150.51715,-26.25455],[150.49898,-26.25759],[150.48581,-26.24093],[150.47824,-26.24825],[150.47239,-26.24875],[150.41554,-26.2202],[150.35983,-26.20252],[150.35156,-26.19521],[150.34266,-26.19546],[150.33128,-26.17988],[150.31602,-26.18103],[150.3126,-26.16158],[150.2881,-26.1582],[150.25668,-26.13562],[150.22857,-26.1285],[150.21229,-26.13231],[150.20225,-26.13136],[150.18062,-26.15057],[150.17426,-26.1636],[150.17795,-26.17155],[150.20339,-26.17626],[150.21274,-26.18942],[150.21204,-26.1968],[150.19754,-26.21162],[150.18959,-26.23],[150.17954,-26.23515],[150.19093,-26.24259],[150.20581,-26.24653],[150.21058,-26.252],[150.21509,-26.2754],[150.19239,-26.28634],[150.19519,-26.3016],[150.19894,-26.3058],[150.19004,-26.30618],[150.16969,-26.31687],[150.15875,-26.31731],[150.14768,-26.31299],[150.13891,-26.3161],[150.12593,-26.34199],[150.09795,-26.35642],[150.06972,-26.37957],[150.04975,-26.38396],[150.04975,-26.39687],[150.0439,-26.40164],[150.03449,-26.40139],[150.03474,-26.40679],[150.00409,-26.40603],[149.9815,-26.41773],[149.94911,-26.42473],[149.9411,-26.42122],[149.93331,-26.40723],[149.92338,-26.40731],[149.91996,-26.41309],[149.90857,-26.41708],[149.89441,-26.41146],[149.88496,-26.41195],[149.8791,-26.40577],[149.87226,-26.41106],[149.87096,-26.41903],[149.86738,-26.42017],[149.85721,-26.41342],[149.85192,-26.41472],[149.83523,-26.40813],[149.82847,-26.40284],[149.82163,-26.40788],[149.81122,-26.40699],[149.80291,-26.39323],[149.76873,-26.40088],[149.76645,-26.39755],[149.76816,-26.39014],[149.75587,-26.38656],[149.72945,-26.39176],[149.72518,-26.38989],[149.72217,-26.38338],[149.7115,-26.37744],[149.71598,-26.36824],[149.71191,-26.35929],[149.72005,-26.34871],[149.72257,-26.33503],[149.72187,-26.32084],[149.70971,-26.32355],[149.69824,-26.34529],[149.6844,-26.34797],[149.6673,-26.35937],[149.64484,-26.35318],[149.63344,-26.36254],[149.59917,-26.34928],[149.58708,-26.35053],[149.58118,-26.33755],[149.56995,-26.33235],[149.55269,-26.33226],[149.54781,-26.32803],[149.5242,-26.33642],[149.51167,-26.3334],[149.50109,-26.33519],[149.48849,-26.312],[149.47792,-26.30822],[149.46672,-26.31855],[149.44871,-26.32395],[149.4429,-26.32968],[149.44503,-26.31994],[149.43808,-26.31208],[149.43865,-26.30365],[149.42973,-26.30111],[149.40943,-26.2764],[149.40477,-26.27615],[149.39397,-26.28287],[149.39045,-26.29113],[149.38472,-26.29359],[149.34413,-26.29015],[149.31991,-26.28246],[149.28562,-26.28851],[149.27171,-26.3003],[149.26901,-26.30693],[149.25845,-26.30161],[149.22997,-26.31086],[149.22449,-26.30504],[149.21141,-26.30057],[149.19945,-26.31511],[149.19181,-26.31863],[149.18107,-26.31574],[149.17877,-26.30994],[149.17056,-26.31191],[149.14885,-26.30296],[149.15042,-26.29706],[149.14543,-26.29391],[149.14282,-26.28606],[149.12939,-26.28426],[149.12105,-26.27468],[149.11123,-26.27395],[149.11221,-26.28393],[149.10296,-26.2863],[149.08095,-26.27198],[149.05288,-26.28082],[149.04936,-26.28942],[149.0236,-26.29035],[149.00798,-26.30338],[148.99969,-26.30639],[148.99451,-26.29882],[148.99611,-26.28661],[148.99043,-26.27674],[148.99544,-26.25786],[148.99232,-26.2468],[148.97261,-26.23578],[148.95193,-26.22887],[148.90654,-26.22257],[148.88531,-26.2006],[148.86589,-26.20055],[148.86195,-26.19156],[148.85518,-26.19157],[148.85215,-26.17764],[148.82096,-26.1844],[148.79423,-26.16965],[148.74227,-26.15934],[148.74918,-26.14717],[148.74884,-26.13773],[148.72668,-26.13346],[148.71776,-26.1238],[148.71463,-26.11426],[148.71214,-26.09404],[148.7159,-26.07985],[148.708,-26.05543],[148.70844,-26.04342],[148.69946,-26.03976],[148.69205,-26.02985],[148.68355,-26.02641],[148.66805,-26.02572],[148.6548,-26.03673],[148.64327,-26.03623],[148.6317,-26.02901],[148.61843,-26.0271],[148.60307,-26.02963],[148.58474,-26.02468],[148.55265,-26.02809],[148.54718,-26.0242],[148.5251,-26.02139],[148.50057,-26.01254],[148.49472,-26.01441],[148.48954,-26.03083],[148.48224,-26.03281],[148.45689,-26.02654],[148.44298,-26.02674],[148.39589,-26.00412],[148.38022,-26.00386],[148.37377,-26.00523],[148.37004,-26.01316],[148.36143,-26.01348],[148.353,-26.01845],[148.3421,-26.03338],[148.32797,-26.03502],[148.296,-26.05151],[148.28262,-26.0704],[148.27529,-26.07078],[148.26141,-26.06351],[148.2494,-26.06419],[148.24114,-26.03665],[148.24351,-26.01595],[148.25243,-25.99694],[148.25035,-25.9877],[148.24287,-25.97723],[148.24295,-25.9567],[148.25734,-25.93045],[148.25655,-25.92149],[148.28123,-25.89791],[148.27313,-25.87747],[148.27675,-25.86238],[148.27486,-25.85138],[148.26669,-25.83652],[148.25372,-25.82355],[148.25513,-25.81585],[148.26103,-25.81129],[148.25663,-25.80123],[148.26111,-25.79353],[148.26009,-25.76602],[148.27101,-25.76114],[148.27174,-25.74819],[148.28626,-25.74149],[148.30084,-25.72209],[148.32021,-25.71587],[148.31691,-25.70502],[148.32147,-25.69449],[148.30952,-25.67264],[148.30866,-25.65818],[148.30331,-25.64308],[148.30166,-25.62532],[148.3063,-25.60426],[148.31062,-25.592],[148.31812,-25.58947],[148.32446,-25.57958],[148.32721,-25.56165],[148.33145,-25.55663],[148.33122,-25.53635],[148.34528,-25.52314],[148.34701,-25.51575],[148.35747,-25.51253],[148.36745,-25.50294],[148.37149,-25.4901],[148.37946,-25.48692],[148.38854,-25.47767],[148.39396,-25.46778],[148.39324,-25.45918],[148.3997,-25.44778],[148.40225,-25.43152],[148.39763,-25.42538],[148.3946,-25.42618],[148.37499,-25.41334],[148.36367,-25.39198],[148.36407,-25.38521],[148.3573,-25.38114],[148.36248,-25.36552],[148.35395,-25.34392],[148.38407,-25.29796],[148.38559,-25.28039],[148.37045,-25.26732],[148.3663,-25.2517],[148.3565,-25.24476],[148.36002,-25.23375],[148.34629,-25.22125],[148.3243,-25.21041],[148.30333,-25.21224],[148.30325,-25.19853],[148.2901,-25.18418],[148.29456,-25.16489],[148.28101,-25.15637],[148.2363,-25.11492],[148.23534,-25.10185],[148.20744,-25.08056],[148.1974,-25.08319],[148.17939,-25.08112],[148.17205,-25.08558],[148.15994,-25.08503],[148.15069,-25.06143],[148.14391,-25.06108],[148.13363,-25.04398],[148.12279,-25.04462],[148.12048,-25.03505],[148.11514,-25.02987],[148.11689,-25.02293],[148.10669,-25.02086],[148.10422,-25.01664],[148.09075,-25.01082],[148.08278,-25.00086],[148.08415,-24.99743],[148.07525,-24.97773],[148.07835,-24.96931],[148.07358,-24.95788],[148.07898,-24.9485],[148.07422,-24.94048],[148.06501,-24.93453],[148.05722,-24.91316],[148.04372,-24.90919]]],"type":"Polygon"},"properties":{"area_sqkm":137947.39,"basin_no":"422","division":"Murray Darling","division_no":"IV","id":"balonne_condamine","name":"Balonne-Condamine"},"type":"Feature"},
{"geometry":{"coordinates":[[[145.51693,-16.67554],[145.51292,-16.67793],[145.50347,-16.67423],[145.50082,-16.67926],[145.49148,-16.67826],[145.4849,-16.68377],[145.47907,-16.70502],[145.47048,-16.70753],[145.46616,-16.71361],[145.46473,-16.7349],[145.45807,-16.73567],[145.44666,-16.72627],[145.43513,-16.72213],[145.41909,-16.73128],[145.40969,-16.72877],[145.39792,-16.7422],[145.40085,-16.75673],[145.409,-16.764],[145.41025,-16.77804],[145.41634,-16.79329],[145.42575,-16.79693],[145.41132,-16.81552],[145.4157,-16.82905],[145.41382,-16.83701],[145.40643,-16.84165],[145.39895,-16.84166],[145.38907,-16.85726],[145.40085,-16.87443],[145.41723,-16.91514],[145.41808,-16.92999],[145.41062,-16.9561],[145.41216,-16.96426],[145.39834,-16.98277],[145.40086,-16.98899],[145.39813,-16.99229],[145.37321,-17.00273],[145.36355,-17.01485],[145.34209,-17.01597],[145.3293,-17.0083],[145.32029,-17.01227],[145.32892,-17.02514],[145.32724,-17.04735],[145.33934,-17.06132],[145.35188,-17.08839],[145.35319,-17.10686],[145.35051,-17.11859],[145.35338,-17.12788],[145.36467,-17.14161],[145.3633,-17.14579],[145.36741,-17.15277],[145.35675,-17.15677],[145.35783,-17.16425],[145.37627,-17.18739],[145.38713,-17.18952],[145.39649,-17.19769],[145.4069,-17.20136],[145.40703,-17.20542],[145.41158,-17.20904],[145.41028,-17.21628],[145.41944,-17.23013],[145.41763,-17.2421],[145.42487,-17.25545],[145.42493,-17.26724],[145.42971,-17.27368],[145.42468,-17.28016],[145.42574,-17.28739],[145.43292,-17.29114],[145.43747,-17.30286],[145.43416,-17.30748],[145.42574,-17.30636],[145.4205,-17.31078],[145.42044,-17.3222],[145.41688,-17.32607],[145.42237,-17.34528],[145.42597,-17.34774],[145.43267,-17.34491],[145.44153,-17.35302],[145.44839,-17.35165],[145.44751,-17.35545],[145.45469,-17.36001],[145.45163,-17.37111],[145.46496,-17.37761],[145.46012,-17.38833],[145.46274,-17.39244],[145.45881,-17.3945],[145.46267,-17.40292],[145.45837,-17.40692],[145.46155,-17.41341],[145.4701,-17.41821],[145.47272,-17.44073],[145.4875,-17.45576],[145.49767,-17.45688],[145.50085,-17.44946],[145.50992,-17.44139],[145.50837,-17.43356],[145.52335,-17.42141],[145.52545,-17.41214],[145.53496,-17.39734],[145.53773,-17.38712],[145.53466,-17.3805],[145.53622,-17.37388],[145.54278,-17.37153],[145.54826,-17.3737],[145.55501,-17.36701],[145.55475,-17.36052],[145.55036,-17.36173],[145.54868,-17.35926],[145.55132,-17.35246],[145.56938,-17.33787],[145.58033,-17.33506],[145.58995,-17.33646],[145.59945,-17.32376],[145.60818,-17.32527],[145.60275,-17.31998],[145.61245,-17.31089],[145.62249,-17.30908],[145.62724,-17.31236],[145.64139,-17.29907],[145.65264,-17.26895],[145.64863,-17.25766],[145.6387,-17.25746],[145.62902,-17.24791],[145.63229,-17.24432],[145.64497,-17.24374],[145.64933,-17.24055],[145.65414,-17.21601],[145.65246,-17.20975],[145.65625,-17.20951],[145.66726,-17.22172],[145.68302,-17.21938],[145.6854,-17.21265],[145.69031,-17.21385],[145.68934,-17.19579],[145.68549,-17.19573],[145.6814,-17.18129],[145.66774,-17.17227],[145.66864,-17.16926],[145.674,-17.1686],[145.67532,-17.16264],[145.67015,-17.15368],[145.66208,-17.15313],[145.65619,-17.14453],[145.6545,-17.12528],[145.64145,-17.12119],[145.63635,-17.10898],[145.63867,-17.1033],[145.624,-17.09616],[145.62466,-17.08557],[145.63333,-17.07534],[145.62845,-17.06993],[145.61402,-17.06824],[145.61961,-17.05982],[145.616,-17.04887],[145.63597,-17.03184],[145.63719,-17.02429],[145.6406,-17.023],[145.65817,-17.02847],[145.66551,-17.03792],[145.68134,-17.04562],[145.69277,-17.04586],[145.69325,-17.03848],[145.68765,-17.02583],[145.69176,-17.01827],[145.69947,-17.01271],[145.70221,-17.00014],[145.72364,-16.97906],[145.71144,-16.97128],[145.71192,-16.96291],[145.70683,-16.9555],[145.71305,-16.93744],[145.7115,-16.91651],[145.72337,-16.90734],[145.72157,-16.8984],[145.73153,-16.8862],[145.74779,-16.88954],[145.76825,-16.88531],[145.77659,-16.88018],[145.77516,-16.87507],[145.76383,-16.86798],[145.76894,-16.8709],[145.77233,-16.86836],[145.77384,-16.87239],[145.7736,-16.8683],[145.76228,-16.86352],[145.74405,-16.84544],[145.73395,-16.82525],[145.73401,-16.81756],[145.73151,-16.81913],[145.72252,-16.80045],[145.71832,-16.80303],[145.71224,-16.80007],[145.68937,-16.81307],[145.68303,-16.80488],[145.6604,-16.81681],[145.65385,-16.80099],[145.65554,-16.78504],[145.64811,-16.76834],[145.64883,-16.76033],[145.64213,-16.74813],[145.6462,-16.74143],[145.63563,-16.73713],[145.63101,-16.7235],[145.62407,-16.72183],[145.62242,-16.71741],[145.61313,-16.71584],[145.58174,-16.70098],[145.576,-16.70115],[145.56222,-16.69251],[145.55179,-16.69187],[145.54413,-16.68702],[145.53801,-16.67774],[145.52599,-16.67232],[145.51693,-16.67554]]],"type":"Polygon"},"properties":{"area_sqkm":2195.32,"basin_no":"110","division":"North East Coast","division_no":"I","id":"barron","name":"Barron"},"type":"Feature"},
{"geometry":{"coordinates":[[[146.19276,-18.94238],[146.18458,-18.94468],[146.17786,-18.95086],[146.17411,-18.94904],[146.16805,-18.95197],[146.17888,-18.96727],[146.173,-18.97777],[146.18591,-18.99378],[146.1837,-18.99938],[146.17325,-19.00099],[146.16787,-19.01093],[146.17901,-19.00488],[146.19211,-19.00997],[146.20152,-19.0098],[146.20854,-19.00459],[146.2217,-19.01208],[146.22889,-19.01097],[146.23229,-19.01454],[146.24222,-19.01273],[146.23771,-19.01874],[146.24523,-19.02675],[146.2411,-19.03082],[146.24221,-19.03619],[146.2358,-19.04124],[146.23666,-19.04439],[146.27267,-19.04661],[146.27805,-19.06076],[146.30017,-19.06794],[146.299,-19.07509],[146.31213,-19.09186],[146.31318,-19.10198],[146.31026,-19.10593],[146.3227,-19.11962],[146.33413,-19.11349],[146.33717,-19.12029],[146.35036,-19.12029],[146.35505,-19.11708],[146.37231,-19.11936],[146.37842,-19.1251],[146.38486,-19.1455],[146.39445,-19.14649],[146.39488,-19.15426],[146.38358,-19.15909],[146.3831,-19.16283],[146.38859,-19.16783],[146.39335,-19.18508],[146.40092,-19.18509],[146.40247,-19.19027],[146.4119,-19.19403],[146.41153,-19.19841],[146.42262,-19.21261],[146.42152,-19.22174],[146.4037,-19.22943],[146.40185,-19.23861],[146.4066,-19.24367],[146.40179,-19.25353],[146.41159,-19.25754],[146.41917,-19.27123],[146.4262,-19.27209],[146.43046,-19.27635],[146.41239,-19.28498],[146.41245,-19.28932],[146.42324,-19.28806],[146.42503,-19.29929],[146.44507,-19.30015],[146.44236,-19.30564],[146.44415,-19.31014],[146.45515,-19.31621],[146.45523,-19.3228],[146.44483,-19.33067],[146.44556,-19.33554],[146.45296,-19.3369],[146.45716,-19.3422],[146.45396,-19.34902],[146.45457,-19.36031],[146.47178,-19.37442],[146.4817,-19.37667],[146.48392,-19.3824],[146.49206,-19.38037],[146.50537,-19.39098],[146.51371,-19.40343],[146.52445,-19.40583],[146.5401,-19.41632],[146.55188,-19.41853],[146.55783,-19.41423],[146.56292,-19.42423],[146.58378,-19.42454],[146.59434,-19.42969],[146.59863,-19.42644],[146.60606,-19.43267],[146.61176,-19.42583],[146.62286,-19.42356],[146.6244,-19.41264],[146.63024,-19.41036],[146.6333,-19.40417],[146.62808,-19.39509],[146.62003,-19.39483],[146.61323,-19.40159],[146.602,-19.39681],[146.59366,-19.37435],[146.60096,-19.35091],[146.59759,-19.34502],[146.61059,-19.32453],[146.61624,-19.32207],[146.61757,-19.31578],[146.61497,-19.31137],[146.62274,-19.28968],[146.64544,-19.26379],[146.64912,-19.25495],[146.6482,-19.24863],[146.63471,-19.23188],[146.67281,-19.21004],[146.66686,-19.20316],[146.67507,-19.18935],[146.65152,-19.17969],[146.64818,-19.17537],[146.63784,-19.17427],[146.62323,-19.16756],[146.59778,-19.14754],[146.56567,-19.14457],[146.55414,-19.13616],[146.54059,-19.11652],[146.53737,-19.11469],[146.54699,-19.12489],[146.51669,-19.09998],[146.50003,-19.09909],[146.49023,-19.09474],[146.46877,-19.07453],[146.45707,-19.07538],[146.44129,-19.05947],[146.405,-19.00681],[146.39652,-18.99898],[146.38263,-18.99924],[146.37042,-18.98834],[146.36377,-18.96843],[146.35451,-18.95972],[146.34236,-18.95934],[146.33546,-18.95555],[146.32161,-18.92409],[146.29542,-18.89795],[146.29011,-18.90854],[146.29325,-18.91526],[146.28671,-18.92089],[146.28048,-18.94099],[146.27582,-18.94511],[146.26904,-18.94668],[146.23296,-18.94008],[146.22957,-18.93372],[146.20777,-18.91913],[146.19633,-18.9267],[146.1979,-18.93603],[146.19276,-18.94238]]],"type":"Polygon"},"properties":{"area_sqkm":1060.16,"basin_no":"117","division":"North East Coast","division_no":"I","id":"black","name":"Black"},"type":"Feature"},
{"geometry":{"coordinates":[[[[150.79714,-27.56956],[150.77175,-27.55358],[150.7612,-27.56025],[150.75006,-27.55319],[150.73931,-27.55403],[150.72766,-27.56323],[150.71885,-27.56459],[150.71782,-27.55352],[150.69839,-27.54588],[150.68026,-27.55449],[150.66692,-27.57385],[150.66019,-27.56653],[150.64867,-27.56802],[150.64129,-27.57249],[150.60865,-27.57054],[150.59771,-27.57268],[150.5856,-27.57929],[150.57214,-27.59476],[150.55627,-27.59793],[150.55329,-27.60927],[150.5553,-27.62493],[150.53976,-27.63037],[150.52837,-27.64656],[150.51801,-27.64889],[150.49768,-27.64561],[150.48663,-27.65107],[150.44458,-27.65776],[150.44009,-27.66528],[150.44105,-27.69613],[150.4334,-27.70635],[150.37786,-27.72223],[150.31859,-27.72301],[150.29519,-27.73072],[150.27051,-27.74776],[150.25714,-27.76865],[150.25277,-27.78414],[150.25624,-27.80863],[150.25129,-27.81834],[150.24004,-27.82772],[150.21201,-27.83994],[150.19568,-27.85684],[150.18386,-27.85948],[150.15712,-27.85447],[150.1386,-27.8607],[150.10852,-27.85691],[150.09823,-27.85819],[150.08753,-27.86535],[150.07753,-27.90197],[150.06596,-27.92094],[150.07908,-27.96548],[150.07477,-27.97615],[150.06442,-27.98477],[150.03026,-27.98904],[150.01962,-27.98478],[150.00347,-27.99813],[149.99265,-27.99658],[149.9845,-27.99054],[149.97414,-27.96833],[149.95328,-27.95771],[149.93952,-27.94125],[149.93172,-27.94177],[149.92878,-27.94549],[149.92501,-27.97105],[149.91941,-27.97765],[149.90044,-27.98129],[149.8693,-27.98106],[149.84387,-27.99088],[149.82836,-27.98686],[149.81466,-27.97646],[149.80947,-27.97984],[149.81016,-27.98452],[149.81813,-28.00009],[149.82789,-28.00919],[149.83019,-28.03632],[149.84128,-28.05712],[149.85959,-28.08077],[149.86626,-28.09583],[149.866,-28.12039],[149.84991,-28.13525],[149.84445,-28.13615],[149.83955,-28.13221],[149.82814,-28.11639],[149.8209,-28.11139],[149.76839,-28.08849],[149.76296,-28.07943],[149.7538,-28.03557],[149.74299,-28.02086],[149.73464,-28.01796],[149.70556,-28.02236],[149.67403,-28.02229],[149.59633,-28.01714],[149.58325,-28.02132],[149.55047,-28.08458],[149.54424,-28.11299],[149.53403,-28.13636],[149.52876,-28.18622],[149.5203,-28.19769],[149.50228,-28.20568],[149.4883,-28.23571],[149.45427,-28.24283],[149.44492,-28.27524],[149.43863,-28.28694],[149.42298,-28.29295],[149.41192,-28.30925],[149.40545,-28.30718],[149.39263,-28.29121],[149.38249,-28.28611],[149.35677,-28.2923],[149.35254,-28.29639],[149.34805,-28.32117],[149.33646,-28.34141],[149.31821,-28.34487],[149.30234,-28.36028],[149.27623,-28.37121],[149.25664,-28.37534],[149.24201,-28.38631],[149.22923,-28.38584],[149.22467,-28.39042],[149.21356,-28.38875],[149.19843,-28.39751],[149.17223,-28.39746],[149.15018,-28.41158],[149.14794,-28.41992],[149.15858,-28.44027],[149.1812,-28.43856],[149.19359,-28.4419],[149.2013,-28.45071],[149.20084,-28.46153],[149.18639,-28.47859],[149.19161,-28.48939],[149.18277,-28.50096],[149.16075,-28.50688],[149.10384,-28.51456],[149.08092,-28.52173],[149.07405,-28.52682],[149.07346,-28.53379],[149.07967,-28.54075],[149.12066,-28.55523],[149.1318,-28.56293],[149.14161,-28.57642],[149.14158,-28.58732],[149.13548,-28.59675],[149.07707,-28.61125],[149.05098,-28.62331],[149.04722,-28.64078],[149.04896,-28.64955],[149.07345,-28.69395],[149.04307,-28.75636],[149.01216,-28.78908],[148.99723,-28.8],[148.98332,-28.80282],[148.97193,-28.79858],[148.94322,-28.79989],[148.93565,-28.80922],[148.92546,-28.81267],[148.90604,-28.81595],[148.89287,-28.81469],[148.88491,-28.81786],[148.87298,-28.84387],[148.87492,-28.86306],[148.8821,-28.87426],[148.88227,-28.88097],[148.86722,-28.89924],[148.87461,-28.90977],[148.87101,-28.93024],[148.85625,-28.93293],[148.84677,-28.94153],[148.83008,-28.94543],[148.78182,-28.94278],[148.75896,-28.95957],[148.75253,-28.9831],[148.75576,-28.99905],[148.9579,-28.99903],[148.96285,-28.99644],[148.96309,-28.99169],[148.96817,-28.98831],[148.96554,-28.98606],[148.9702,-28.98568],[148.97107,-28.97822],[148.97699,-28.97558],[148.98284,-28.97711],[148.99081,-28.97156],[148.99726,-28.97273],[149.00419,-28.9672],[149.00471,-28.9607],[149.01049,-28.96024],[149.01163,-28.958],[149.00834,-28.95776],[149.01133,-28.95548],[149.02004,-28.95915],[149.02773,-28.95446],[149.03147,-28.95654],[149.0342,-28.95305],[149.03442,-28.94662],[149.04001,-28.94244],[149.03881,-28.9393],[149.04329,-28.93932],[149.04541,-28.93465],[149.04261,-28.92766],[149.04714,-28.925],[149.04818,-28.91685],[149.05897,-28.90988],[149.05598,-28.90226],[149.06063,-28.89484],[149.05843,-28.89345],[149.06472,-28.88932],[149.05466,-28.88526],[149.06936,-28.87306],[149.07437,-28.86073],[149.07944,-28.85859],[149.0809,-28.84177],[149.08622,-28.84244],[149.08699,-28.83871],[149.09693,-28.83151],[149.10342,-28.83416],[149.10358,-28.83867],[149.10901,-28.83363],[149.11181,-28.83451],[149.1119,-28.83004],[149.11884,-28.82948],[149.11778,-28.8332],[149.12184,-28.83175],[149.12775,-28.83523],[149.12744,-28.83207],[149.13176,-28.83213],[149.1336,-28.82748],[149.13882,-28.82792],[149.14292,-28.82383],[149.14044,-28.82185],[149.14426,-28.81861],[149.14193,-28.8194],[149.1418,-28.81525],[149.13622,-28.81193],[149.13986,-28.81191],[149.13963,-28.80726],[149.14315,-28.80566],[149.14536,-28.80937],[149.14818,-28.80598],[149.14807,-28.80864],[149.15967,-28.81093],[149.16205,-28.80579],[149.16626,-28.80882],[149.17916,-28.80202],[149.18315,-28.79412],[149.18661,-28.79367],[149.18403,-28.79058],[149.18597,-28.78217],[149.19173,-28.78132],[149.18884,-28.77489],[149.1997,-28.76934],[149.2074,-28.76924],[149.20744,-28.76562],[149.21064,-28.76835],[149.21665,-28.76263],[149.22045,-28.76559],[149.22467,-28.76441],[149.22372,-28.7624],[149.2283,-28.76207],[149.22979,-28.75845],[149.22841,-28.75531],[149.2309,-28.75619],[149.23067,-28.7506],[149.23936,-28.74902],[149.24714,-28.73851],[149.25242,-28.74186],[149.26432,-28.73514],[149.26302,-28.73933],[149.26899,-28.7436],[149.27385,-28.73735],[149.27106,-28.73406],[149.277,-28.73146],[149.27829,-28.73385],[149.28031,-28.73032],[149.28265,-28.73331],[149.28576,-28.73148],[149.28335,-28.72739],[149.28505,-28.72519],[149.28704,-28.72704],[149.28715,-28.72037],[149.29126,-28.71882],[149.29383,-28.711],[149.29743,-28.70905],[149.31423,-28.71228],[149.31688,-28.7091],[149.31839,-28.71357],[149.32252,-28.70914],[149.3193,-28.70824],[149.32015,-28.70585],[149.32854,-28.70738],[149.33122,-28.69696],[149.34672,-28.69645],[149.34735,-28.69094],[149.35094,-28.6924],[149.35853,-28.68374],[149.36219,-28.68502],[149.36388,-28.69231],[149.36436,-28.68889],[149.3667,-28.69275],[149.36909,-28.69166],[149.36909,-28.68717],[149.37626,-28.69296],[149.37873,-28.68825],[149.38416,-28.69002],[149.38755,-28.69616],[149.39408,-28.68647],[149.39432,-28.67677],[149.40574,-28.6747],[149.41417,-28.66681],[149.41387,-28.6648],[149.41152,-28.66713],[149.41105,-28.66303],[149.41774,-28.6608],[149.41749,-28.65439],[149.42353,-28.65492],[149.41766,-28.65083],[149.42506,-28.65066],[149.42868,-28.64714],[149.43288,-28.6353],[149.42856,-28.62977],[149.44341,-28.61968],[149.44079,-28.61937],[149.43935,-28.61238],[149.45246,-28.60376],[149.45294,-28.59467],[149.45554,-28.59608],[149.45559,-28.59344],[149.46201,-28.59135],[149.4673,-28.59643],[149.46878,-28.59201],[149.47582,-28.5939],[149.47688,-28.58827],[149.48087,-28.59013],[149.48138,-28.58298],[149.49024,-28.58497],[149.49702,-28.57829],[149.49572,-28.58065],[149.49905,-28.57829],[149.5025,-28.58126],[149.50356,-28.57444],[149.51185,-28.5768],[149.51371,-28.58253],[149.52671,-28.57896],[149.52897,-28.5748],[149.53188,-28.57754],[149.54511,-28.57605],[149.55219,-28.58092],[149.55317,-28.5779],[149.55751,-28.58035],[149.55766,-28.57729],[149.56807,-28.5723],[149.58833,-28.57409],[149.59829,-28.57966],[149.59743,-28.58905],[149.60367,-28.58649],[149.60603,-28.58847],[149.60283,-28.58962],[149.6061,-28.59282],[149.60506,-28.59839],[149.60945,-28.59797],[149.61073,-28.60151],[149.62562,-28.59429],[149.63112,-28.59855],[149.63448,-28.59607],[149.63604,-28.59999],[149.64191,-28.59974],[149.64729,-28.61253],[149.65607,-28.61648],[149.65956,-28.61022],[149.66225,-28.61124],[149.66336,-28.61809],[149.67094,-28.6217],[149.67308,-28.62667],[149.66899,-28.62627],[149.67156,-28.62935],[149.66738,-28.63273],[149.67235,-28.63117],[149.6726,-28.63419],[149.67655,-28.63199],[149.67737,-28.63529],[149.68016,-28.63498],[149.68541,-28.62625],[149.68464,-28.62865],[149.69025,-28.6295],[149.69124,-28.63447],[149.70102,-28.63085],[149.7004,-28.63355],[149.70352,-28.63452],[149.70727,-28.62792],[149.70381,-28.62577],[149.71051,-28.62016],[149.70624,-28.62144],[149.70397,-28.61773],[149.71362,-28.61284],[149.71389,-28.61727],[149.71795,-28.61286],[149.72324,-28.61359],[149.72106,-28.60996],[149.72938,-28.61121],[149.72582,-28.61298],[149.72698,-28.61658],[149.73953,-28.61759],[149.74128,-28.6137],[149.74502,-28.61889],[149.7464,-28.61285],[149.75346,-28.61324],[149.75501,-28.61016],[149.76028,-28.61581],[149.76818,-28.61421],[149.76762,-28.6119],[149.7716,-28.61498],[149.77264,-28.60953],[149.77656,-28.61385],[149.78003,-28.61054],[149.78562,-28.61459],[149.78672,-28.61214],[149.81141,-28.60654],[149.81954,-28.61662],[149.82217,-28.60962],[149.83086,-28.60433],[149.83924,-28.6042],[149.84503,-28.61099],[149.85123,-28.60579],[149.85989,-28.60767],[149.86172,-28.60282],[149.86783,-28.60771],[149.87395,-28.60384],[149.87695,-28.61234],[149.88161,-28.60997],[149.88212,-28.61382],[149.89055,-28.61306],[149.88651,-28.61542],[149.88898,-28.61897],[149.89319,-28.61619],[149.8993,-28.62227],[149.89983,-28.61932],[149.90525,-28.61883],[149.90269,-28.61639],[149.90721,-28.61517],[149.9086,-28.61059],[149.9171,-28.60868],[149.92499,-28.60925],[149.92918,-28.61371],[149.93609,-28.61074],[149.93657,-28.61576],[149.94124,-28.61847],[149.95045,-28.60883],[149.95764,-28.60834],[149.95673,-28.61047],[149.96235,-28.61272],[149.9715,-28.60843],[149.97671,-28.61367],[149.98251,-28.60525],[149.98708,-28.60475],[149.98491,-28.60285],[149.99351,-28.59979],[149.99404,-28.59466],[150.00258,-28.59255],[150.0013,-28.59043],[150.00545,-28.587],[150.00877,-28.59065],[150.01678,-28.58029],[150.02115,-28.58251],[150.02608,-28.57915],[150.03065,-28.58043],[150.03609,-28.58585],[150.04535,-28.58251],[150.04466,-28.58664],[150.04866,-28.58916],[150.05098,-28.58566],[150.05624,-28.58636],[150.05737,-28.57989],[150.06191,-28.57786],[150.06939,-28.58084],[150.07244,-28.57692],[150.07205,-28.57977],[150.07994,-28.58384],[150.0825,-28.5821],[150.08086,-28.5777],[150.08667,-28.58059],[150.08785,-28.57759],[150.08523,-28.57624],[150.08736,-28.57543],[150.09226,-28.5786],[150.09186,-28.5642],[150.10414,-28.56515],[150.11075,-28.57017],[150.11564,-28.5675],[150.11358,-28.56311],[150.12168,-28.56024],[150.1258,-28.56453],[150.12962,-28.56265],[150.13028,-28.5652],[150.13837,-28.56509],[150.13676,-28.55842],[150.14344,-28.56113],[150.15251,-28.55018],[150.15329,-28.55699],[150.16311,-28.55535],[150.16888,-28.55077],[150.16718,-28.55517],[150.17066,-28.56288],[150.17277,-28.55851],[150.18238,-28.55653],[150.17758,-28.5628],[150.18591,-28.56541],[150.18662,-28.5684],[150.1815,-28.56933],[150.18636,-28.57272],[150.1918,-28.56667],[150.19794,-28.56712],[150.20432,-28.57323],[150.21227,-28.57368],[150.21399,-28.56709],[150.22803,-28.56777],[150.23359,-28.56097],[150.23033,-28.55581],[150.23906,-28.55934],[150.23588,-28.55406],[150.24476,-28.55423],[150.25431,-28.546],[150.26914,-28.53957],[150.28168,-28.5424],[150.28986,-28.53715],[150.29585,-28.53968],[150.30061,-28.54825],[150.31992,-28.55683],[150.3277,-28.57085],[150.35076,-28.57528],[150.35174,-28.58668],[150.36273,-28.58932],[150.36246,-28.59628],[150.36775,-28.59829],[150.36312,-28.60683],[150.36885,-28.61102],[150.37113,-28.62173],[150.37878,-28.62676],[150.38654,-28.62587],[150.38492,-28.63141],[150.38872,-28.63474],[150.40124,-28.62892],[150.41416,-28.63417],[150.41376,-28.65069],[150.42893,-28.65199],[150.44402,-28.66485],[150.45686,-28.66406],[150.46058,-28.66862],[150.47252,-28.66104],[150.48112,-28.66371],[150.48679,-28.65865],[150.51457,-28.66205],[150.52401,-28.65476],[150.53792,-28.65837],[150.53691,-28.66209],[150.52547,-28.66625],[150.53494,-28.6723],[150.55137,-28.67027],[150.55325,-28.66515],[150.54889,-28.65949],[150.55116,-28.6557],[150.5558,-28.6548],[150.5607,-28.66219],[150.58152,-28.65617],[150.59884,-28.66526],[150.60004,-28.67118],[150.61742,-28.67382],[150.62015,-28.66927],[150.62485,-28.66921],[150.63218,-28.67652],[150.64078,-28.66559],[150.67265,-28.65096],[150.68115,-28.66134],[150.69246,-28.65431],[150.70748,-28.65323],[150.70985,-28.64596],[150.72385,-28.64099],[150.72727,-28.63571],[150.75171,-28.63465],[150.75518,-28.63998],[150.76741,-28.63872],[150.77345,-28.64523],[150.78233,-28.64573],[150.79506,-28.6556],[150.80403,-28.65411],[150.81824,-28.65829],[150.81838,-28.66645],[150.84883,-28.67401],[150.85215,-28.68046],[150.86341,-28.68815],[150.86969,-28.68618],[150.87395,-28.69444],[150.88117,-28.68916],[150.88768,-28.69579],[150.89426,-28.68894],[150.90609,-28.68813],[150.9152,-28.69837],[150.9252,-28.69962],[150.93093,-28.7061],[150.93262,-28.72286],[150.93742,-28.72583],[150.93869,-28.73118],[150.94505,-28.72883],[150.94749,-28.73395],[150.95402,-28.73729],[150.96334,-28.73785],[150.97385,-28.73226],[151.00941,-28.74111],[151.02595,-28.75472],[151.02813,-28.76199],[151.02841,-28.77031],[151.01852,-28.77274],[151.0239,-28.77623],[151.02592,-28.78251],[151.02405,-28.79285],[151.03278,-28.79352],[151.04171,-28.79864],[151.04158,-28.81501],[151.03739,-28.81872],[151.03682,-28.82475],[151.04301,-28.83405],[151.03903,-28.83819],[151.0436,-28.83999],[151.04465,-28.84411],[151.05416,-28.84938],[151.07048,-28.84393],[151.0829,-28.83436],[151.09707,-28.83811],[151.10299,-28.836],[151.10465,-28.84364],[151.10837,-28.84212],[151.11539,-28.85001],[151.12544,-28.85065],[151.13248,-28.85963],[151.16074,-28.86537],[151.17294,-28.87993],[151.18314,-28.87794],[151.20001,-28.88459],[151.20661,-28.89247],[151.20675,-28.89717],[151.21526,-28.90407],[151.22406,-28.90734],[151.22726,-28.90388],[151.23512,-28.90473],[151.24248,-28.92351],[151.27515,-28.9394],[151.28185,-28.95289],[151.27954,-28.96588],[151.27403,-28.96756],[151.27229,-28.97145],[151.27938,-28.97752],[151.27651,-28.98886],[151.2839,-29.00428],[151.28356,-29.01649],[151.27035,-29.03073],[151.28057,-29.03598],[151.29019,-29.05099],[151.28492,-29.05879],[151.2854,-29.06487],[151.27458,-29.07653],[151.27855,-29.0836],[151.2789,-29.09873],[151.28901,-29.11289],[151.29682,-29.11113],[151.30397,-29.11566],[151.30469,-29.12103],[151.31771,-29.13728],[151.30978,-29.14374],[151.31287,-29.16313],[151.32134,-29.16578],[151.33751,-29.17836],[151.3579,-29.17202],[151.39343,-29.17795],[151.4016,-29.17169],[151.41089,-29.15254],[151.4276,-29.14692],[151.43149,-29.14031],[151.45111,-29.12713],[151.45815,-29.11569],[151.46281,-29.0982],[151.48635,-29.08814],[151.49346,-29.0714],[151.50192,-29.07095],[151.50232,-29.06547],[151.48997,-29.05604],[151.49689,-29.04177],[151.49585,-29.03592],[151.50188,-29.02885],[151.49508,-29.03272],[151.4978,-29.02037],[151.51183,-29.00101],[151.53115,-28.98614],[151.53696,-28.98035],[151.5379,-28.97273],[151.54513,-28.96886],[151.54759,-28.96244],[151.54298,-28.96464],[151.5446,-28.95356],[151.56773,-28.94119],[151.57853,-28.94346],[151.58822,-28.93285],[151.6064,-28.92576],[151.62583,-28.92469],[151.63393,-28.92953],[151.6388,-28.92063],[151.6508,-28.91714],[151.66447,-28.90671],[151.67557,-28.9056],[151.68652,-28.88905],[151.69415,-28.88905],[151.7086,-28.87062],[151.71214,-28.87591],[151.71598,-28.87503],[151.72156,-28.87028],[151.71964,-28.86615],[151.72958,-28.86921],[151.73382,-28.87418],[151.73379,-28.88791],[151.74064,-28.89769],[151.747,-28.92108],[151.75688,-28.92552],[151.76443,-28.93533],[151.7736,-28.93702],[151.77155,-28.95449],[151.77608,-28.95796],[151.80524,-28.94586],[151.81372,-28.9495],[151.81107,-28.95792],[151.81293,-28.96189],[151.83121,-28.96225],[151.83613,-28.95752],[151.84155,-28.94135],[151.83704,-28.93142],[151.84589,-28.91119],[151.85091,-28.90816],[151.86065,-28.90742],[151.87586,-28.91484],[151.88312,-28.91213],[151.90548,-28.91628],[151.91449,-28.92126],[151.91646,-28.92972],[151.95708,-28.91654],[151.9635,-28.91742],[151.97341,-28.91038],[151.98226,-28.90916],[151.99618,-28.8961],[151.99989,-28.89915],[151.99936,-28.90723],[152.00458,-28.90897],[152.01085,-28.90656],[152.01602,-28.89375],[152.02412,-28.88865],[152.03275,-28.86127],[152.04026,-28.8546],[152.03791,-28.85245],[152.02701,-28.85836],[152.01463,-28.85251],[152.01836,-28.83624],[152.02231,-28.8313],[152.03363,-28.8271],[152.03667,-28.81781],[152.03471,-28.80605],[152.03804,-28.79618],[152.03314,-28.78814],[152.04104,-28.78239],[152.03536,-28.77651],[152.03549,-28.75815],[152.04637,-28.74305],[152.04523,-28.73031],[152.05921,-28.71868],[152.0737,-28.71311],[152.07604,-28.7083],[152.06535,-28.69483],[152.06561,-28.68176],[152.06065,-28.67927],[152.05385,-28.68169],[152.04751,-28.67797],[152.04107,-28.66488],[152.01259,-28.6648],[152.00204,-28.6506],[152.0021,-28.64033],[151.99657,-28.63129],[151.98907,-28.60432],[151.98731,-28.58531],[151.98028,-28.57731],[151.95878,-28.56754],[151.95291,-28.55305],[151.95735,-28.54688],[151.95293,-28.53937],[151.95801,-28.52822],[151.9553,-28.52158],[151.95885,-28.51656],[151.95258,-28.51343],[151.95152,-28.508],[151.93549,-28.49991],[151.92422,-28.51224],[151.89521,-28.51528],[151.88348,-28.50932],[151.86844,-28.51137],[151.85539,-28.50548],[151.85347,-28.50197],[151.8586,-28.49202],[151.8482,-28.48396],[151.84911,-28.47636],[151.84216,-28.46881],[151.82594,-28.46825],[151.81213,-28.45452],[151.79328,-28.4525],[151.77807,-28.42995],[151.75227,-28.42384],[151.74336,-28.41641],[151.74468,-28.40531],[151.734,-28.39444],[151.7265,-28.39495],[151.71761,-28.40054],[151.7017,-28.38783],[151.69706,-28.37483],[151.69898,-28.36194],[151.69365,-28.35215],[151.70971,-28.33868],[151.70378,-28.33109],[151.70625,-28.32589],[151.70419,-28.32151],[151.69132,-28.30999],[151.68611,-28.31059],[151.67856,-28.30179],[151.65067,-28.30078],[151.64133,-28.28797],[151.64229,-28.2813],[151.63495,-28.27688],[151.62806,-28.27473],[151.61688,-28.27805],[151.58815,-28.27402],[151.57853,-28.27922],[151.57013,-28.27469],[151.56163,-28.28195],[151.5511,-28.28286],[151.54733,-28.28676],[151.53277,-28.27818],[151.52413,-28.26739],[151.50882,-28.25904],[151.50983,-28.24958],[151.50424,-28.23463],[151.48191,-28.22264],[151.47854,-28.20703],[151.48204,-28.19965],[151.4799,-28.18909],[151.44718,-28.16466],[151.43772,-28.13849],[151.44517,-28.10558],[151.43096,-28.10422],[151.42554,-28.10747],[151.41498,-28.10726],[151.41084,-28.10454],[151.40959,-28.09533],[151.39231,-28.08809],[151.38576,-28.08128],[151.37404,-28.07973],[151.37099,-28.07383],[151.36056,-28.07422],[151.34677,-28.05472],[151.33763,-28.05071],[151.33335,-28.04151],[151.32377,-28.03768],[151.31383,-28.02815],[151.31376,-28.02061],[151.30754,-28.01059],[151.28417,-28.00444],[151.27148,-28.01141],[151.26004,-28.00389],[151.25095,-28.00318],[151.24453,-28.00527],[151.24302,-28.00888],[151.23304,-27.99863],[151.22675,-27.99805],[151.20114,-27.9742],[151.20415,-27.96657],[151.19808,-27.94896],[151.20408,-27.93541],[151.20902,-27.9328],[151.19563,-27.9289],[151.19697,-27.90993],[151.18809,-27.90284],[151.18815,-27.8971],[151.17325,-27.89594],[151.17125,-27.88581],[151.15532,-27.87123],[151.15725,-27.8573],[151.151,-27.84937],[151.14977,-27.84182],[151.13294,-27.83195],[151.1245,-27.82274],[151.11513,-27.80209],[151.11442,-27.79087],[151.10256,-27.77874],[151.10501,-27.76081],[151.08133,-27.74094],[151.08701,-27.72817],[151.08172,-27.70895],[151.08604,-27.69773],[151.07656,-27.6925],[151.08488,-27.67683],[151.08104,-27.67043],[151.07243,-27.66548],[151.07192,-27.65412],[151.07604,-27.64909],[151.07256,-27.64058],[151.0805,-27.62923],[151.0923,-27.59491],[151.08869,-27.58575],[151.07817,-27.5853],[151.06482,-27.57853],[151.0505,-27.58008],[151.04292,-27.57107],[151.03218,-27.5675],[151.02444,-27.56853],[151.00716,-27.57814],[151.0015,-27.57743],[150.99247,-27.58323],[150.97564,-27.58142],[150.95932,-27.57184],[150.94469,-27.56873],[150.93783,-27.57928],[150.93103,-27.57999],[150.93051,-27.58472],[150.92572,-27.58492],[150.92255,-27.59036],[150.9074,-27.57501],[150.89496,-27.57514],[150.88797,-27.57087],[150.88079,-27.56213],[150.87904,-27.55067],[150.85657,-27.55397],[150.85353,-27.54691],[150.84368,-27.54529],[150.84407,-27.53157],[150.83688,-27.52806],[150.82627,-27.53415],[150.82976,-27.54309],[150.82834,-27.54685],[150.80801,-27.55449],[150.79714,-27.56956]]],[[[150.26359,-28.54319],[150.25431,-28.546],[150.24476,-28.55423],[150.23588,-28.55406],[150.23906,-28.55934],[150.23033,-28.55581],[150.23359,-28.56097],[150.22803,-28.56777],[150.21399,-28.56709],[150.21227,-28.57368],[150.20432,-28.57323],[150.19794,-28.56712],[150.1918,-28.56667],[150.18636,-28.57272],[150.1815,-28.56933],[150.18662,-28.5684],[150.18591,-28.56541],[150.17758,-28.5628],[150.18238,-28.55653],[150.17277,-28.55851],[150.17066,-28.56288],[150.16718,-28.55517],[150.16888,-28.55077],[150.16311,-28.55535],[150.15329,-28.55699],[150.15251,-28.55018],[150.14344,-28.56113],[150.13676,-28.55842],[150.13837,-28.56509],[150.13028,-28.5652],[150.12962,-28.56265],[150.1258,-28.56453],[150.12168,-28.56024],[150.11358,-28.56311],[150.11564,-28.5675],[150.11075,-28.57017],[150.10414,-28.56515],[150.09186,-28.5642],[150.09226,-28.5786],[150.08736,-28.57543],[150.08523,-28.57624],[150.08785,-28.57759],[150.08667,-28.58059],[150.08086,-28.5777],[150.0825,-28.5821],[150.07994,-28.58384],[150.07205,-28.57977],[150.07244,-28.57692],[150.06939,-28.58084],[150.06191,-28.57786],[150.05737,-28.57989],[150.05624,-28.58636],[150.05098,-28.58566],[150.04866,-28.58916],[150.04466,-28.58664],[150.04535,-28.58251],[150.03609,-28.58585],[150.03065,-28.58043],[150.02608,-28.57915],[150.02115,-28.58251],[150.01678,-28.58029],[150.00877,-28.59065],[150.00545,-28.587],[150.0013,-28.59043],[150.00258,-28.59255],[149.99404,-28.59466],[149.99351,-28.59979],[149.98491,-28.60285],[149.98708,-28.60475],[149.98251,-28.60525],[149.97671,-28.61367],[149.9715,-28.60843],[149.96235,-28.61272],[149.95673,-28.61047],[149.95764,-28.60834],[149.95045,-28.60883],[149.94124,-28.61847],[149.93657,-28.61576],[149.93609,-28.61074],[149.92918,-28.61371],[149.92499,-28.60925],[149.9171,-28.60868],[149.9086,-28.61059],[149.90721,-28.61517],[149.90269,-28.61639],[149.90525,-28.61883],[149.89983,-28.61932],[149.8993,-28.62227],[149.89319,-28.61619],[149.88898,-28.61897],[149.88651,-28.61542],[149.89055,-28.61306],[149.88212,-28.61382],[149.88161,-28.60997],[149.87695,-28.61234],[149.87395,-28.60384],[149.86783,-28.60771],[149.86172,-28.60282],[149.85989,-28.60767],[149.85123,-28.60579],[149.84503,-28.61099],[149.83924,-28.6042],[149.83086,-28.60433],[149.82217,-28.60962],[149.81954,-28.61662],[149.81141,-28.60654],[149.78672,-28.61214],[149.78562,-28.61459],[149.78003,-28.61054],[149.77656,-28.61385],[149.77264,-28.60953],[149.7716,-28.61498],[149.76762,-28.6119],[149.76818,-28.61421],[149.76028,-28.61581],[149.75501,-28.61016],[149.75346,-28.61324],[149.7464,-28.61285],[149.74502,-28.61889],[149.74128,-28.6137],[149.73953,-28.61759],[149.72698,-28.61658],[149.72582,-28.61298],[149.72938,-28.61121],[149.72106,-28.60996],[149.72324,-28.61359],[149.71795,-28.61286],[149.71389,-28.61727],[149.71362,-28.61284],[149.70397,-28.61773],[149.70624,-28.62144],[149.71051,-28.62016],[149.70381,-28.62577],[149.70727,-28.62792],[149.70352,-28.63452],[149.7004,-28.63355],[149.70102,-28.63085],[149.69124,-28.63447],[149.69025,-28.6295],[149.68464,-28.62865],[149.68541,-28.62625],[149.68016,-28.63498],[149.67737,-28.63529],[149.67655,-28.63199],[149.6726,-28.63419],[149.67235,-28.63117],[149.66738,-28.63273],[149.67156,-28.62935],[149.66899,-28.62627],[149.67308,-28.62667],[149.67094,-28.6217],[149.66336,-28.61809],[149.66225,-28.61124],[149.65956,-28.61022],[149.65607,-28.61648],[149.64729,-28.61253],[149.64191,-28.59974],[149.63604,-28.59999],[149.63448,-28.59607],[149.63112,-28.59855],[149.62562,-28.59429],[149.61073,-28.60151],[149.60945,-28.59797],[149.60506,-28.59839],[149.6061,-28.59282],[149.60283,-28.58962],[149.60603,-28.58847],[149.60367,-28.58649],[149.59743,-28.58905],[149.59829,-28.57966],[149.58833,-28.57409],[149.56807,-28.5723],[149.55766,-28.57729],[149.55751,-28.58035],[149.55317,-28.5779],[149.55219,-28.58092],[149.54511,-28.57605],[149.53188,-28.57754],[149.52897,-28.5748],[149.52671,-28.57896],[149.51371,-28.58253],[149.51185,-28.5768],[149.50356,-28.57444],[149.5025,-28.58126],[149.49905,-28.57829],[149.49572,-28.58065],[149.49702,-28.57829],[149.49024,-28.58497],[149.48138,-28.58298],[149.48087,-28.59013],[149.47688,-28.58827],[149.47582,-28.5939],[149.46878,-28.59201],[149.4673,-28.59643],[149.46201,-28.59135],[149.45559,-28.59344],[149.45554,-28.59608],[149.45294,-28.59467],[149.45246,-28.60376],[149.43935,-28.61238],[149.44079,-28.61937],[149.44341,-28.61968],[149.42856,-28.62977],[149.43288,-28.6353],[149.42868,-28.64714],[149.42506,-28.65066],[149.41766,-28.65083],[149.42353,-28.65492],[149.41749,-28.65439],[149.41774,-28.6608],[149.41105,-28.66303],[149.41152,-28.66713],[149.41387,-28.6648],[149.41417,-28.66681],[149.40574,-28.6747],[149.39432,-28.67677],[149.39408,-28.68647],[149.38755,-28.69616],[149.38416,-28.69002],[149.37873,-28.68825],[149.37626,-28.69296],[149.36909,-28.68717],[149.36909,-28.69166],[149.3667,-28.69275],[149.36436,-28.68889],[149.36388,-28.69231],[149.36219,-28.68502],[149.35853,-28.68374],[149.35094,-28.6924],[149.34735,-28.69094],[149.34672,-28.69645],[149.33122,-28.69696],[149.32854,-28.70738],[149.32015,-28.70585],[149.3193,-28.70824],[149.32252,-28.70914],[149.31839,-28.71357],[149.31688,-28.7091],[149.31423,-28.71228],[149.29743,-28.70905],[149.29383,-28.711],[149.29126,-28.71882],[149.28715,-28.72037],[149.28704,-28.72704],[149.28505,-28.72519],[149.28335,-28.72739],[149.28576,-28.73148],[149.28265,-28.73331],[149.28031,-28.73032],[149.27829,-28.73385],[149.277,-28.73146],[149.27106,-28.73406],[149.27385,-28.73735],[149.26899,-28.7436],[149.26302,-28.73933],[149.26432,-28.73514],[149.25242,-28.74186],[149.24714,-28.73851],[149.23936,-28.74902],[149.23067,-28.7506],[149.2309,-28.75619],[149.22841,-28.75531],[149.22979,-28.75845],[149.2283,-28.76207],[149.22372,-28.7624],[149.22467,-28.76441],[149.22045,-28.76559],[149.21665,-28.76263],[149.21064,-28.76835],[149.20744,-28.76562],[149.2074,-28.76924],[149.1997,-28.76934],[149.18884,-28.77489],[149.19173,-28.78132],[149.18597,-28.78217],[149.18403,-28.79058],[149.18661,-28.79367],[149.18315,-28.79412],[149.17916,-28.80202],[149.18378,-28.79962],[149.19648,-28.77872],[149.23236,-28.7641],[149.25594,-28.7481],[149.28988,-28.74062],[149.3237,-28.71012],[149.38944,-28.69754],[149.39883,-28.68577],[149.42552,-28.68294],[149.43056,-28.67102],[149.43635,-28.66649],[149.44548,-28.66366],[149.47527,-28.66531],[149.49699,-28.65652],[149.51945,-28.65534],[149.55127,-28.66746],[149.60471,-28.66087],[149.61103,-28.65661],[149.61173,-28.65074],[149.59251,-28.63127],[149.59595,-28.62466],[149.61641,-28.61445],[149.66125,-28.61773],[149.66553,-28.62612],[149.66468,-28.63993],[149.67094,-28.64591],[149.67968,-28.64845],[149.72666,-28.63434],[149.78519,-28.6228],[149.91652,-28.63816],[149.97073,-28.62272],[150.00645,-28.62361],[150.02495,-28.62716],[150.05535,-28.6161],[150.06015,-28.61718],[150.06843,-28.63573],[150.07875,-28.64489],[150.09556,-28.63824],[150.10447,-28.63834],[150.11463,-28.64597],[150.1167,-28.66331],[150.13725,-28.67073],[150.17147,-28.67289],[150.18083,-28.66721],[150.18533,-28.65927],[150.19303,-28.6569],[150.20427,-28.65872],[150.21279,-28.6631],[150.24128,-28.70107],[150.26213,-28.71016],[150.30252,-28.69674],[150.31892,-28.68744],[150.32553,-28.67951],[150.32569,-28.66069],[150.34155,-28.64443],[150.34611,-28.62593],[150.36441,-28.63833],[150.38879,-28.64363],[150.39927,-28.64167],[150.41578,-28.6684],[150.46263,-28.67024],[150.46866,-28.68059],[150.47698,-28.68669],[150.47797,-28.69167],[150.46847,-28.70045],[150.45713,-28.72187],[150.50896,-28.74419],[150.51318,-28.75869],[150.52287,-28.76542],[150.53625,-28.78229],[150.53414,-28.79363],[150.54403,-28.80358],[150.54172,-28.81432],[150.53447,-28.82434],[150.54409,-28.8457],[150.5404,-28.85618],[150.54262,-28.87892],[150.55955,-28.89079],[150.55545,-28.91386],[150.55745,-28.94013],[150.56892,-28.95329],[150.57348,-28.96422],[150.56883,-28.98569],[150.56404,-28.98921],[150.55983,-28.98563],[150.55669,-28.98824],[150.5627,-28.9984],[150.55183,-29.01366],[150.53051,-29.03063],[150.52282,-29.05391],[150.52805,-29.06074],[150.54463,-29.07044],[150.55333,-29.0869],[150.56236,-29.09442],[150.5735,-29.09781],[150.58305,-29.11405],[150.61167,-29.13666],[150.61255,-29.16975],[150.6189,-29.17532],[150.63869,-29.17906],[150.64118,-29.18273],[150.64221,-29.19472],[150.65517,-29.21778],[150.67855,-29.29252],[150.70428,-29.32116],[150.71283,-29.35138],[150.71056,-29.38648],[150.7203,-29.41201],[150.72842,-29.42107],[150.76568,-29.44834],[150.79159,-29.48879],[150.79998,-29.49395],[150.83458,-29.50091],[150.84926,-29.50092],[150.86124,-29.51137],[150.87232,-29.50925],[150.88143,-29.51143],[150.90789,-29.52516],[150.92381,-29.52987],[150.96292,-29.55186],[150.96913,-29.55742],[150.97207,-29.57113],[150.991,-29.58273],[150.99328,-29.58938],[150.98639,-29.60286],[150.98381,-29.62591],[150.95461,-29.65852],[150.95696,-29.66856],[150.95507,-29.68163],[150.9625,-29.69351],[150.96275,-29.70877],[150.97494,-29.73155],[150.97976,-29.73206],[150.99667,-29.75004],[151.0057,-29.74607],[151.0288,-29.76358],[151.0439,-29.75906],[151.05772,-29.76824],[151.06053,-29.77415],[151.05491,-29.79257],[151.05618,-29.79869],[151.07425,-29.81121],[151.07804,-29.82205],[151.09235,-29.84156],[151.09189,-29.85127],[151.08462,-29.85939],[151.08514,-29.86621],[151.09162,-29.87247],[151.10859,-29.88045],[151.12974,-29.89606],[151.19665,-29.90269],[151.2093,-29.91922],[151.21947,-29.91968],[151.25182,-29.91202],[151.28589,-29.92299],[151.31114,-29.91595],[151.32037,-29.91802],[151.33432,-29.93254],[151.34218,-29.9365],[151.35955,-29.93502],[151.37817,-29.94785],[151.39312,-29.94601],[151.40374,-29.96216],[151.41529,-29.96499],[151.41896,-29.96912],[151.42157,-29.97727],[151.44284,-30.00309],[151.45307,-29.99787],[151.47661,-29.99362],[151.49,-29.98381],[151.51582,-29.9795],[151.52409,-29.96993],[151.54262,-29.96103],[151.59521,-29.9426],[151.60059,-29.94245],[151.60774,-29.95043],[151.62048,-29.95254],[151.63147,-29.96577],[151.64577,-29.97399],[151.66393,-29.98105],[151.67243,-29.97797],[151.68199,-29.95826],[151.6794,-29.94538],[151.68132,-29.93076],[151.68731,-29.92586],[151.71846,-29.91611],[151.7439,-29.89792],[151.74992,-29.88648],[151.76706,-29.87298],[151.77525,-29.85413],[151.77601,-29.83448],[151.78023,-29.81978],[151.79735,-29.78645],[151.79554,-29.7722],[151.80902,-29.73528],[151.82152,-29.71338],[151.84392,-29.69291],[151.8797,-29.67998],[151.8826,-29.66473],[151.88849,-29.65392],[151.88624,-29.64368],[151.91501,-29.64735],[151.94569,-29.64512],[151.94774,-29.65668],[151.97345,-29.64662],[151.9796,-29.63684],[151.9846,-29.59631],[151.99048,-29.58453],[152.00696,-29.56948],[152.014,-29.57236],[152.02296,-29.56921],[152.0259,-29.55883],[152.03701,-29.55361],[152.03686,-29.54225],[152.04832,-29.53374],[152.06417,-29.51206],[152.06853,-29.49396],[152.06736,-29.48777],[152.06107,-29.48169],[152.06085,-29.45987],[152.05334,-29.43741],[152.04765,-29.43041],[152.02648,-29.41961],[152.02826,-29.41068],[152.02291,-29.39715],[152.01937,-29.39446],[152.00998,-29.40107],[152.00368,-29.3995],[152.00277,-29.39432],[152.00849,-29.38682],[152.01637,-29.38322],[152.00845,-29.36964],[152.01142,-29.36357],[152.0208,-29.36026],[152.03331,-29.36475],[152.03941,-29.36121],[152.04772,-29.35022],[152.05115,-29.33814],[152.04913,-29.33281],[152.06108,-29.32148],[152.07298,-29.32105],[152.08731,-29.31281],[152.09588,-29.30624],[152.10706,-29.2901],[152.10986,-29.26393],[152.11631,-29.25042],[152.11142,-29.24416],[152.11182,-29.2342],[152.11903,-29.19744],[152.10909,-29.16778],[152.1038,-29.16471],[152.10866,-29.15933],[152.08979,-29.14745],[152.07156,-29.14187],[152.06231,-29.12834],[152.06824,-29.10659],[152.06186,-29.09584],[152.06151,-29.08872],[152.08233,-29.05236],[152.08625,-29.03581],[152.0828,-28.99308],[152.09025,-28.98288],[152.08235,-28.9719],[152.08829,-28.96406],[152.08698,-28.9557],[152.08176,-28.95178],[152.08346,-28.94478],[152.07973,-28.94197],[152.06967,-28.94211],[152.05882,-28.94733],[152.04725,-28.94446],[152.03503,-28.93465],[152.02255,-28.9355],[152.01798,-28.92374],[152.01961,-28.90009],[152.01542,-28.90012],[152.00667,-28.90865],[152.00158,-28.90865],[151.99889,-28.9065],[151.99955,-28.89822],[151.99618,-28.8961],[151.98226,-28.90916],[151.97341,-28.91038],[151.9635,-28.91742],[151.95708,-28.91654],[151.91646,-28.92972],[151.91449,-28.92126],[151.90548,-28.91628],[151.88312,-28.91213],[151.87586,-28.91484],[151.86065,-28.90742],[151.85091,-28.90816],[151.84589,-28.91119],[151.83704,-28.93142],[151.84178,-28.93963],[151.83613,-28.95752],[151.82861,-28.96345],[151.82225,-28.96383],[151.81293,-28.96189],[151.81107,-28.95792],[151.81372,-28.9495],[151.80524,-28.94586],[151.77434,-28.95718],[151.77155,-28.95449],[151.77442,-28.94623],[151.77284,-28.93592],[151.76343,-28.93473],[151.75688,-28.92552],[151.74541,-28.91843],[151.74064,-28.89769],[151.73379,-28.88791],[151.73229,-28.87206],[151.71964,-28.86615],[151.72156,-28.87028],[151.71422,-28.8762],[151.7086,-28.87062],[151.69415,-28.88905],[151.68652,-28.88905],[151.67557,-28.9056],[151.66447,-28.90671],[151.6508,-28.91714],[151.6388,-28.92063],[151.63393,-28.92953],[151.62583,-28.92469],[151.6064,-28.92576],[151.58822,-28.93285],[151.57853,-28.94346],[151.56773,-28.94119],[151.5446,-28.95356],[151.54298,-28.96464],[151.54759,-28.96244],[151.54513,-28.96886],[151.5379,-28.97273],[151.53696,-28.98035],[151.53115,-28.98614],[151.51183,-29.00101],[151.4978,-29.02037],[151.49508,-29.03272],[151.50188,-29.02885],[151.49585,-29.03592],[151.49689,-29.04177],[151.48997,-29.05604],[151.50232,-29.06547],[151.50192,-29.07095],[151.49346,-29.0714],[151.48635,-29.08814],[151.46281,-29.0982],[151.45815,-29.11569],[151.45111,-29.12713],[151.43149,-29.14031],[151.4276,-29.14692],[151.41089,-29.15254],[151.4016,-29.17169],[151.39343,-29.17795],[151.3579,-29.17202],[151.33854,-29.17858],[151.32134,-29.16578],[151.31287,-29.16313],[151.30978,-29.14374],[151.31771,-29.13728],[151.30469,-29.12103],[151.30397,-29.11566],[151.29682,-29.11113],[151.28901,-29.11289],[151.2789,-29.09873],[151.27855,-29.0836],[151.27458,-29.07653],[151.2854,-29.06487],[151.28492,-29.05879],[151.29019,-29.05099],[151.28057,-29.03598],[151.27035,-29.03073],[151.28356,-29.01649],[151.2839,-29.00428],[151.27651,-28.98886],[151.27938,-28.97752],[151.27229,-28.97145],[151.27403,-28.96756],[151.27954,-28.96588],[151.28185,-28.95289],[151.27515,-28.9394],[151.24248,-28.92351],[151.23512,-28.90473],[151.22726,-28.90388],[151.22406,-28.90734],[151.21526,-28.90407],[151.20675,-28.89717],[151.20661,-28.89247],[151.20001,-28.88459],[151.18314,-28.87794],[151.17294,-28.87993],[151.16074,-28.86537],[151.13248,-28.85963],[151.12544,-28.85065],[151.11539,-28.85001],[151.10837,-28.84212],[151.10465,-28.84364],[151.10299,-28.836],[151.09707,-28.83811],[151.0829,-28.83436],[151.07048,-28.84393],[151.05416,-28.84938],[151.04465,-28.84411],[151.0436,-28.83999],[151.03903,-28.83819],[151.04301,-28.83405],[151.03682,-28.82475],[151.03739,-28.81872],[151.04158,-28.81501],[151.04171,-28.79864],[151.03278,-28.79352],[151.02405,-28.79285],[151.02592,-28.78251],[151.0239,-28.77623],[151.01852,-28.77274],[151.02841,-28.77031],[151.02813,-28.76199],[151.02595,-28.75472],[151.00941,-28.74111],[150.97385,-28.73226],[150.96334,-28.73785],[150.95402,-28.73729],[150.94749,-28.73395],[150.94505,-28.72883],[150.93869,-28.73118],[150.93742,-28.72583],[150.93262,-28.72286],[150.93093,-28.7061],[150.9252,-28.69962],[150.9152,-28.69837],[150.90609,-28.68813],[150.89426,-28.68894],[150.88768,-28.69579],[150.88117,-28.68916],[150.87395,-28.69444],[150.86969,-28.68618],[150.86341,-28.68815],[150.85215,-28.68046],[150.84883,-28.67401],[150.81838,-28.66645],[150.81824,-28.65829],[150.80403,-28.65411],[150.79506,-28.6556],[150.78233,-28.64573],[150.77345,-28.64523],[150.76741,-28.63872],[150.75518,-28.63998],[150.75171,-28.63465],[150.72727,-28.63571],[150.72385,-28.64099],[150.70985,-28.64596],[150.70748,-28.65323],[150.69246,-28.65431],[150.68115,-28.66134],[150.67265,-28.65096],[150.64078,-28.66559],[150.63218,-28.67652],[150.62485,-28.66921],[150.62015,-28.66927],[150.61742,-28.67382],[150.60004,-28.67118],[150.59884,-28.66526],[150.58152,-28.65617],[150.5607,-28.66219],[150.5558,-28.6548],[150.55116,-28.6557],[150.54889,-28.65949],[150.55325,-28.66515],[150.55137,-28.67027],[150.53494,-28.6723],[150.52547,-28.66625],[150.53691,-28.66209],[150.53792,-28.65837],[150.52401,-28.65476],[150.51457,-28.66205],[150.48679,-28.65865],[150.48112,-28.66371],[150.47252,-28.66104],[150.46058,-28.66862],[150.45686,-28.66406],[150.44402,-28.66485],[150.42893,-28.65199],[150.41376,-28.65069],[150.41416,-28.63417],[150.40124,-28.62892],[150.38872,-28.63474],[150.38492,-28.63141],[150.38654,-28.62587],[150.37878,-28.62676],[150.36937,-28.62023],[150.36885,-28.61102],[150.36312,-28.60683],[150.36775,-28.59829],[150.36246,-28.59628],[150.36273,-28.58932],[150.35174,-28.58668],[150.35076,-28.57528],[150.3277,-28.57085],[150.31992,-28.55683],[150.30061,-28.54825],[150.29206,-28.53738],[150.28168,-28.5424],[150.27214,-28.53934],[150.26359,-28.54319]]],[[[149.16887,-28.80792],[149.16205,-28.80579],[149.15967,-28.81093],[149.14807,-28.80864],[149.14818,-28.80598],[149.14536,-28.80937],[149.14255,-28.80582],[149.13867,-28.80853],[149.13986,-28.81191],[149.13622,-28.81193],[149.1418,-28.81525],[149.14193,-28.8194],[149.14426,-28.81861],[149.14044,-28.82185],[149.14292,-28.82383],[149.13882,-28.82792],[149.1336,-28.82748],[149.13176,-28.83213],[149.12744,-28.83207],[149.12775,-28.83523],[149.12184,-28.83175],[149.11778,-28.8332],[149.11884,-28.82948],[149.1119,-28.83004],[149.11181,-28.83451],[149.10901,-28.83363],[149.10358,-28.83867],[149.10342,-28.83416],[149.09693,-28.83151],[149.08699,-28.83871],[149.08622,-28.84244],[149.0809,-28.84177],[149.07944,-28.85859],[149.07437,-28.86073],[149.06936,-28.87306],[149.05466,-28.88526],[149.06472,-28.88932],[149.05843,-28.89345],[149.06063,-28.89484],[149.05598,-28.90226],[149.05897,-28.90988],[149.04818,-28.91685],[149.04714,-28.925],[149.04261,-28.92766],[149.04541,-28.93465],[149.04329,-28.93932],[149.03881,-28.9393],[149.04001,-28.94244],[149.03442,-28.94662],[149.0342,-28.95305],[149.03147,-28.95654],[149.02773,-28.95446],[149.02004,-28.95915],[149.01133,-28.95548],[149.00834,-28.95776],[149.01163,-28.958],[149.01049,-28.96024],[149.00471,-28.9607],[149.00419,-28.9672],[148.99726,-28.97273],[148.99081,-28.97156],[148.98284,-28.97711],[148.97699,-28.97558],[148.97107,-28.97822],[148.9702,-28.98568],[148.9659,-28.98565],[148.96653,-28.99134],[148.95871,-28.99809],[148.97976,-28.99428],[148.98679,-28.98488],[148.99633,-28.97943],[149.01963,-28.97834],[149.04304,-28.96733],[149.05291,-28.96646],[149.05909,-28.95735],[149.06312,-28.94284],[149.08014,-28.9194],[149.0882,-28.91364],[149.09652,-28.91367],[149.10089,-28.91864],[149.10877,-28.91286],[149.11277,-28.90147],[149.1271,-28.88422],[149.13472,-28.84171],[149.14988,-28.83031],[149.16887,-28.80792]]]],"type":"MultiPolygon"},"properties":{"area_sqkm":38743.24,"basin_no":"416","border":"QLD/NSW","division":"Murray Darling","division_no":"IV","id":"border_rivers","name":"Border Rivers","parts":3},"type":"Feature"},
{"geometry":{"coordinates":[[[151.25353,-23.83669],[151.24658,-23.85119],[151.25234,-23.85597],[151.25308,-23.86211],[151.26677,-23.86592],[151.26392,-23.87606],[151.27015,-23.88127],[151.2627,-23.89229],[151.27249,-23.89505],[151.27879,-23.90774],[151.27196,-23.91339],[151.27616,-23.92412],[151.27199,-23.92677],[151.28134,-23.93448],[151.27641,-23.93764],[151.27856,-23.95431],[151.26991,-23.9569],[151.27092,-23.96417],[151.26725,-23.96941],[151.26959,-23.98261],[151.2658,-23.98893],[151.26789,-23.9912],[151.25614,-23.99329],[151.26333,-24.00157],[151.26233,-24.01309],[151.25525,-24.01822],[151.24316,-24.01979],[151.23966,-24.04916],[151.23534,-24.0516],[151.22432,-24.04703],[151.21993,-24.05035],[151.2143,-24.05949],[151.21965,-24.07325],[151.21643,-24.07352],[151.21286,-24.08153],[151.20622,-24.07884],[151.20428,-24.09524],[151.19664,-24.10038],[151.189,-24.09988],[151.18424,-24.10307],[151.16301,-24.13106],[151.14179,-24.13369],[151.14147,-24.14903],[151.13214,-24.14803],[151.12989,-24.15116],[151.12225,-24.15154],[151.09733,-24.16726],[151.08743,-24.16732],[151.08243,-24.17515],[151.07541,-24.17014],[151.07635,-24.17765],[151.06978,-24.17615],[151.06564,-24.17934],[151.05105,-24.17183],[151.04348,-24.16333],[151.03483,-24.16149],[151.01179,-24.17627],[151.00378,-24.18773],[150.98864,-24.18884],[150.98185,-24.19456],[150.97054,-24.19594],[150.9669,-24.20543],[150.95332,-24.21649],[150.95533,-24.22774],[150.94961,-24.24421],[150.94019,-24.25741],[150.93793,-24.2706],[150.96193,-24.30347],[150.97136,-24.30397],[150.97588,-24.31409],[150.98581,-24.31397],[150.99222,-24.31786],[150.98927,-24.32653],[150.99172,-24.3347],[150.9894,-24.34802],[151.00131,-24.35785],[151.00653,-24.3573],[151.01524,-24.36707],[151.02576,-24.37114],[151.03751,-24.39192],[151.04661,-24.39882],[151.04573,-24.40947],[151.05694,-24.42712],[151.07422,-24.43896],[151.09107,-24.44215],[151.09889,-24.45117],[151.09896,-24.45756],[151.10654,-24.46257],[151.10776,-24.47124],[151.11339,-24.47501],[151.11912,-24.46638],[151.12613,-24.46933],[151.14204,-24.45762],[151.1525,-24.46037],[151.15312,-24.46545],[151.16884,-24.47885],[151.16865,-24.48498],[151.16195,-24.48786],[151.15753,-24.50585],[151.16132,-24.50964],[151.15819,-24.51096],[151.15848,-24.51955],[151.15254,-24.52795],[151.1528,-24.5361],[151.15785,-24.54127],[151.16082,-24.55213],[151.15153,-24.56034],[151.15557,-24.56716],[151.15254,-24.57424],[151.15696,-24.58421],[151.16688,-24.5933],[151.16884,-24.60208],[151.17648,-24.60783],[151.17919,-24.61774],[151.18708,-24.62134],[151.18803,-24.62986],[151.19435,-24.64099],[151.21291,-24.64527],[151.21878,-24.63397],[151.22307,-24.63833],[151.23008,-24.63883],[151.2304,-24.64552],[151.23574,-24.65229],[151.24833,-24.65866],[151.26324,-24.66106],[151.26728,-24.65373],[151.2746,-24.65759],[151.28205,-24.65455],[151.29348,-24.65853],[151.29885,-24.66996],[151.30983,-24.66554],[151.32371,-24.64312],[151.33017,-24.6454],[151.33525,-24.64346],[151.33893,-24.64703],[151.35356,-24.63092],[151.35494,-24.62455],[151.37222,-24.60877],[151.37778,-24.61307],[151.38536,-24.61017],[151.39874,-24.61679],[151.40632,-24.61465],[151.41242,-24.59096],[151.42212,-24.59392],[151.43164,-24.59084],[151.43738,-24.58434],[151.43921,-24.5755],[151.43329,-24.56122],[151.45607,-24.57234],[151.46655,-24.55251],[151.46794,-24.53811],[151.48158,-24.53748],[151.48741,-24.54767],[151.49592,-24.55038],[151.49495,-24.52241],[151.50436,-24.5185],[151.49755,-24.51448],[151.49875,-24.51222],[151.50686,-24.51092],[151.50125,-24.50549],[151.50055,-24.49454],[151.49235,-24.49474],[151.47542,-24.47408],[151.46415,-24.47534],[151.43835,-24.46995],[151.42751,-24.46307],[151.42695,-24.45868],[151.43597,-24.45355],[151.43741,-24.44296],[151.43146,-24.44077],[151.43008,-24.43651],[151.43346,-24.42099],[151.42914,-24.40846],[151.43158,-24.40038],[151.42407,-24.39293],[151.41662,-24.39055],[151.41568,-24.37615],[151.42244,-24.36695],[151.42839,-24.3655],[151.42927,-24.35849],[151.43426,-24.35375],[151.45488,-24.35686],[151.45958,-24.3536],[151.4493,-24.32731],[151.43791,-24.31942],[151.44311,-24.3104],[151.43766,-24.30239],[151.43941,-24.29136],[151.42457,-24.28135],[151.40253,-24.27834],[151.4019,-24.26056],[151.40417,-24.25859],[151.39739,-24.24108],[151.38712,-24.23338],[151.38143,-24.21334],[151.37754,-24.21128],[151.3766,-24.20182],[151.36364,-24.19368],[151.36658,-24.18873],[151.37685,-24.18829],[151.39439,-24.17984],[151.40353,-24.17965],[151.41812,-24.1861],[151.43158,-24.1836],[151.44386,-24.18522],[151.44473,-24.17339],[151.43938,-24.16705],[151.44404,-24.15097],[151.4406,-24.14452],[151.44811,-24.1367],[151.44686,-24.13131],[151.45193,-24.12956],[151.45751,-24.11966],[151.47147,-24.1109],[151.44263,-24.07245],[151.43942,-24.07226],[151.43489,-24.05653],[151.4329,-24.0581],[151.42704,-24.04787],[151.42106,-24.04845],[151.42619,-24.04746],[151.42172,-24.04557],[151.42633,-24.04571],[151.42439,-24.04271],[151.42762,-24.03491],[151.43208,-24.03371],[151.43558,-24.02781],[151.43516,-24.02384],[151.43099,-24.01542],[151.42165,-24.01375],[151.42359,-24.01156],[151.41977,-24.00666],[151.40521,-24.00253],[151.40827,-23.99891],[151.42865,-24.01241],[151.42432,-24.00112],[151.43179,-24.00842],[151.43041,-23.99315],[151.40557,-23.96623],[151.37765,-23.95042],[151.36928,-23.93829],[151.35527,-23.93486],[151.34693,-23.91815],[151.33555,-23.90731],[151.3238,-23.87395],[151.32175,-23.88541],[151.32021,-23.87878],[151.31918,-23.88886],[151.31712,-23.88143],[151.30694,-23.89825],[151.31511,-23.89722],[151.30564,-23.89846],[151.30194,-23.91465],[151.29533,-23.91211],[151.29978,-23.89996],[151.29874,-23.85795],[151.28792,-23.85303],[151.27649,-23.85385],[151.27042,-23.83581],[151.25475,-23.83069],[151.25168,-23.83368],[151.25353,-23.83669]]],"type":"Polygon"},"properties":{"area_sqkm":2595.69,"basin_no":"133","division":"North East Coast","division_no":"I","id":"boyne","name":"Boyne"},"type":"Feature"},
{"geometry":{"coordinates":[[[152.13603,-26.49571],[152.12949,-26.50584],[152.12534,-26.50693],[152.12794,-26.51917],[152.13159,-26.52203],[152.12686,-26.53045],[152.13048,-26.53635],[152.12852,-26.54691],[152.13232,-26.55019],[152.13573,-26.56404],[152.12872,-26.57551],[152.14339,-26.59249],[152.14201,-26.59598],[152.13052,-26.6006],[152.13592,-26.61335],[152.12828,-26.62694],[152.13129,-26.63073],[152.13082,-26.63938],[152.12115,-26.63808],[152.11455,-26.64676],[152.10831,-26.64631],[152.10116,-26.653],[152.08294,-26.65635],[152.07567,-26.66337],[152.05906,-26.66008],[152.04825,-26.67753],[152.04129,-26.67618],[152.02913,-26.68545],[152.02868,-26.6915],[152.02359,-26.69382],[152.01908,-26.70785],[152.01149,-26.71461],[152.0113,-26.72253],[152.00589,-26.72313],[151.99597,-26.73813],[151.99124,-26.73586],[151.96496,-26.7434],[151.95749,-26.75074],[151.9513,-26.75209],[151.94776,-26.77419],[151.94248,-26.78134],[151.94325,-26.7901],[151.92715,-26.80729],[151.92224,-26.8214],[151.90255,-26.83725],[151.89791,-26.84903],[151.89752,-26.86295],[151.88825,-26.87242],[151.88638,-26.88214],[151.85842,-26.88903],[151.84477,-26.89715],[151.83369,-26.91376],[151.81398,-26.9327],[151.79171,-26.93365],[151.78178,-26.94089],[151.75447,-26.94752],[151.73437,-26.94391],[151.72403,-26.94751],[151.7127,-26.94419],[151.69902,-26.93785],[151.68774,-26.92388],[151.67073,-26.9157],[151.66603,-26.90864],[151.65759,-26.91403],[151.64829,-26.91243],[151.64754,-26.9186],[151.66983,-26.93831],[151.67099,-26.95003],[151.67717,-26.96472],[151.6742,-26.9729],[151.68825,-26.98391],[151.69901,-26.98649],[151.70087,-26.99242],[151.70893,-26.99847],[151.71812,-27.00041],[151.73309,-27.01348],[151.74124,-27.02996],[151.74189,-27.0364],[151.7371,-27.04835],[151.74091,-27.05787],[151.73635,-27.0624],[151.74012,-27.07199],[151.76127,-27.08545],[151.77375,-27.08253],[151.78294,-27.09366],[151.78681,-27.10476],[151.79357,-27.11075],[151.79136,-27.11665],[151.79798,-27.12991],[151.7966,-27.13602],[151.80717,-27.14528],[151.80769,-27.1504],[151.81525,-27.1567],[151.82667,-27.15598],[151.82877,-27.15979],[151.85255,-27.16925],[151.86246,-27.18074],[151.86141,-27.19052],[151.86798,-27.19164],[151.87363,-27.19899],[151.88013,-27.2181],[151.88535,-27.22417],[151.89057,-27.22408],[151.90519,-27.24781],[151.92137,-27.25271],[151.96839,-27.23918],[151.96852,-27.24811],[151.96431,-27.25363],[151.97233,-27.26591],[151.98644,-27.27543],[151.99465,-27.27569],[152.00711,-27.28498],[152.02644,-27.29258],[152.03315,-27.29187],[152.04449,-27.29825],[152.05274,-27.31159],[152.04687,-27.32158],[152.04861,-27.32861],[152.06872,-27.34394],[152.06958,-27.35983],[152.05196,-27.36966],[152.04139,-27.39015],[152.01227,-27.41097],[152.00421,-27.42353],[152.00292,-27.437],[151.99715,-27.43875],[151.9894,-27.44696],[151.98231,-27.44413],[151.96195,-27.45234],[151.94527,-27.46554],[151.93719,-27.47763],[151.93903,-27.48235],[151.94849,-27.48616],[151.94875,-27.49595],[151.95514,-27.50528],[151.95311,-27.51804],[151.97284,-27.54734],[151.97384,-27.57054],[151.97962,-27.57844],[151.98691,-27.58218],[151.98559,-27.59341],[151.97476,-27.60587],[151.95932,-27.61275],[151.95411,-27.61044],[151.94508,-27.61206],[151.94231,-27.6316],[151.95605,-27.65005],[151.96247,-27.65038],[151.97052,-27.64528],[151.9857,-27.6511],[151.98256,-27.65555],[151.99081,-27.66864],[151.98551,-27.68304],[151.98793,-27.69286],[151.99388,-27.69678],[151.98446,-27.70896],[151.99231,-27.71531],[151.99179,-27.72427],[152.00236,-27.74741],[152.00152,-27.75221],[151.99218,-27.75608],[151.99391,-27.76382],[152.00438,-27.76777],[152.0176,-27.75759],[152.03304,-27.76038],[152.05327,-27.79034],[152.05178,-27.80305],[152.05742,-27.81342],[152.06837,-27.81044],[152.08038,-27.81913],[152.12032,-27.82224],[152.12992,-27.82795],[152.14391,-27.82329],[152.15307,-27.83742],[152.1473,-27.85895],[152.15189,-27.87453],[152.16967,-27.8832],[152.17187,-27.88787],[152.17745,-27.88787],[152.17565,-27.90251],[152.18497,-27.91316],[152.1877,-27.92457],[152.21305,-27.93216],[152.21889,-27.94506],[152.22511,-27.94882],[152.25319,-27.95466],[152.25663,-27.96004],[152.27034,-27.96802],[152.2849,-27.96562],[152.29391,-27.96056],[152.29374,-27.9556],[152.31629,-27.96529],[152.32848,-27.96653],[152.33989,-27.96095],[152.34715,-27.9662],[152.36038,-27.96218],[152.3836,-27.96717],[152.38882,-27.97317],[152.38191,-27.9771],[152.37486,-28.01018],[152.38083,-28.02278],[152.38941,-28.0292],[152.38783,-28.03542],[152.39471,-28.04523],[152.39039,-28.05819],[152.41048,-28.06925],[152.41697,-28.06987],[152.41525,-28.07913],[152.41923,-28.08735],[152.4057,-28.09721],[152.41185,-28.10609],[152.41213,-28.11363],[152.43253,-28.13305],[152.43116,-28.14398],[152.43449,-28.15556],[152.44627,-28.16551],[152.44071,-28.17912],[152.44654,-28.18874],[152.45341,-28.19594],[152.46976,-28.19496],[152.47338,-28.20679],[152.49058,-28.21328],[152.49875,-28.19587],[152.52648,-28.18261],[152.52569,-28.17321],[152.53065,-28.16218],[152.54439,-28.14776],[152.53894,-28.13811],[152.55114,-28.11148],[152.54905,-28.10052],[152.55786,-28.08017],[152.56408,-28.07762],[152.56713,-28.07247],[152.56628,-28.06431],[152.56804,-28.05961],[152.57267,-28.05785],[152.5762,-28.03469],[152.58292,-28.02803],[152.59016,-28.02803],[152.59681,-28.0174],[152.60732,-28.01133],[152.61087,-27.99541],[152.62493,-27.98608],[152.64208,-27.98267],[152.66186,-27.97136],[152.66823,-27.96361],[152.66775,-27.95764],[152.68249,-27.95573],[152.71153,-27.93339],[152.716,-27.93477],[152.72783,-27.92944],[152.73151,-27.92347],[152.74156,-27.92458],[152.75358,-27.89653],[152.76278,-27.8891],[152.7773,-27.88666],[152.77888,-27.87649],[152.78768,-27.86927],[152.78492,-27.86334],[152.79333,-27.86518],[152.7999,-27.85007],[152.79563,-27.84534],[152.79622,-27.8297],[152.81245,-27.81012],[152.81994,-27.81157],[152.8248,-27.80868],[152.82441,-27.79259],[152.83518,-27.78457],[152.84951,-27.78555],[152.86022,-27.79199],[152.86729,-27.79239],[152.89175,-27.77103],[152.90601,-27.76807],[152.92178,-27.76991],[152.96344,-27.7366],[152.98387,-27.73535],[152.98492,-27.71932],[153.00976,-27.70129],[153.01269,-27.69561],[153.00989,-27.68898],[153.01873,-27.68172],[153.02043,-27.66476],[153.04288,-27.6425],[153.05198,-27.61223],[153.05825,-27.61181],[153.06534,-27.62142],[153.0727,-27.62195],[153.07424,-27.61101],[153.09349,-27.60578],[153.10664,-27.59534],[153.10922,-27.59947],[153.12761,-27.59919],[153.12502,-27.58453],[153.13691,-27.56799],[153.13831,-27.55968],[153.12964,-27.55362],[153.13105,-27.53898],[153.13754,-27.53203],[153.13671,-27.52932],[153.14441,-27.52459],[153.14337,-27.51],[153.14808,-27.50084],[153.14259,-27.47531],[153.15564,-27.46019],[153.15972,-27.43447],[153.17238,-27.42908],[153.16951,-27.42372],[153.17047,-27.41591],[153.1743,-27.41397],[153.17386,-27.4046],[153.17042,-27.40106],[153.15888,-27.40151],[153.15109,-27.4076],[153.1422,-27.42159],[153.13742,-27.42448],[153.13509,-27.42073],[153.14163,-27.41438],[153.15059,-27.39449],[153.14878,-27.3926],[153.14253,-27.39883],[153.13866,-27.39526],[153.15899,-27.37897],[153.15715,-27.37333],[153.13833,-27.38653],[153.12799,-27.39907],[153.12457,-27.41238],[153.11474,-27.41806],[153.03734,-27.42452],[153.01744,-27.43183],[153.01343,-27.43144],[153.00839,-27.4242],[152.99933,-27.423],[152.99486,-27.42443],[152.99091,-27.43214],[152.97717,-27.43759],[152.96258,-27.43467],[152.95072,-27.42378],[152.92849,-27.42644],[152.92233,-27.43435],[152.87929,-27.42864],[152.87618,-27.42048],[152.8708,-27.41756],[152.86127,-27.4219],[152.83197,-27.41626],[152.81331,-27.40084],[152.78284,-27.39915],[152.77286,-27.37971],[152.76216,-27.37109],[152.76301,-27.35508],[152.77085,-27.34872],[152.77234,-27.34315],[152.76962,-27.33693],[152.74753,-27.3166],[152.75575,-27.30763],[152.7549,-27.29803],[152.74615,-27.29324],[152.73384,-27.297],[152.71423,-27.28912],[152.70703,-27.2918],[152.70428,-27.29033],[152.70396,-27.27651],[152.68334,-27.2725],[152.68114,-27.25545],[152.70208,-27.22583],[152.70136,-27.20217],[152.7326,-27.17073],[152.72956,-27.16321],[152.73779,-27.15025],[152.72826,-27.12224],[152.73111,-27.10824],[152.75112,-27.10612],[152.74803,-27.08951],[152.76599,-27.07998],[152.78117,-27.07787],[152.78654,-27.05051],[152.79285,-27.04854],[152.79324,-27.04431],[152.80018,-27.04619],[152.8074,-27.03513],[152.80656,-27.03072],[152.81369,-27.01589],[152.80918,-26.99867],[152.81464,-26.98958],[152.82032,-26.9893],[152.82661,-26.98211],[152.83853,-26.97865],[152.84481,-26.98],[152.85002,-26.98571],[152.85528,-26.98462],[152.85254,-26.97854],[152.85513,-26.96878],[152.84756,-26.96318],[152.84307,-26.95181],[152.85066,-26.93756],[152.86793,-26.93554],[152.8739,-26.92918],[152.88249,-26.92591],[152.89409,-26.92796],[152.87777,-26.91017],[152.87418,-26.901],[152.88372,-26.89675],[152.88454,-26.89002],[152.89645,-26.89278],[152.89566,-26.87291],[152.88737,-26.85614],[152.89106,-26.85156],[152.89039,-26.84593],[152.90293,-26.83376],[152.91447,-26.83081],[152.92837,-26.81991],[152.92914,-26.798],[152.91934,-26.7812],[152.89736,-26.77467],[152.88351,-26.78153],[152.86339,-26.77839],[152.85173,-26.78191],[152.83212,-26.77839],[152.82417,-26.78121],[152.81123,-26.77774],[152.80713,-26.7871],[152.80057,-26.78746],[152.79352,-26.79461],[152.79639,-26.80148],[152.78982,-26.81011],[152.77277,-26.80902],[152.7653,-26.8126],[152.7688,-26.82376],[152.76361,-26.82432],[152.75955,-26.83019],[152.74881,-26.8294],[152.73772,-26.83664],[152.74349,-26.84683],[152.74009,-26.8517],[152.72625,-26.85285],[152.70959,-26.84375],[152.68412,-26.84193],[152.67865,-26.83619],[152.67998,-26.82773],[152.6762,-26.82267],[152.68101,-26.81133],[152.67844,-26.80575],[152.68024,-26.80094],[152.66889,-26.78902],[152.66636,-26.77286],[152.65385,-26.76868],[152.6446,-26.77374],[152.63875,-26.76114],[152.63227,-26.76422],[152.61179,-26.75859],[152.6022,-26.75907],[152.59892,-26.75036],[152.58082,-26.73961],[152.57952,-26.7361],[152.58397,-26.73089],[152.58097,-26.72007],[152.57366,-26.71296],[152.5673,-26.71176],[152.56783,-26.72552],[152.55969,-26.7284],[152.55482,-26.7368],[152.54765,-26.73538],[152.54181,-26.73801],[152.53355,-26.74731],[152.52233,-26.75089],[152.51118,-26.76205],[152.49969,-26.75767],[152.50586,-26.74205],[152.50076,-26.73678],[152.4961,-26.73862],[152.48786,-26.72916],[152.4782,-26.726],[152.46848,-26.70128],[152.47202,-26.68918],[152.45554,-26.66034],[152.42548,-26.65422],[152.41853,-26.64386],[152.40881,-26.63845],[152.39934,-26.62326],[152.3978,-26.61193],[152.38486,-26.60092],[152.37037,-26.59796],[152.3548,-26.60124],[152.35158,-26.59442],[152.35299,-26.57936],[152.35692,-26.57112],[152.36941,-26.56133],[152.35846,-26.5482],[152.36136,-26.53326],[152.35653,-26.51987],[152.34739,-26.51472],[152.34694,-26.50932],[152.35177,-26.50532],[152.34845,-26.50131],[152.35302,-26.49515],[152.35231,-26.48683],[152.34438,-26.48312],[152.3463,-26.47979],[152.34214,-26.4757],[152.32657,-26.47506],[152.31588,-26.48086],[152.30459,-26.46597],[152.29778,-26.46515],[152.28477,-26.4524],[152.27885,-26.45255],[152.27372,-26.4542],[152.27361,-26.46335],[152.2683,-26.46872],[152.26087,-26.46965],[152.25298,-26.48572],[152.24376,-26.48624],[152.23043,-26.49247],[152.22166,-26.48997],[152.21136,-26.49733],[152.20163,-26.49221],[152.19396,-26.49406],[152.18577,-26.48959],[152.17988,-26.49259],[152.16913,-26.4885],[152.16509,-26.49186],[152.15685,-26.48888],[152.13603,-26.49571]]],"type":"Polygon"},"properties":{"area_sqkm":13574.46,"basin_no":"143","division":"North East Coast","division_no":"I","id":"brisbane","name":"Brisbane"},"type":"Feature"},
{"geometry":{"coordinates":[[[144.85806,-24.95888],[144.8601,-24.95013],[144.85749,-24.93931],[144.86344,-24.91025],[144.8619,-24.90132],[144.80062,-24.89462],[144.79429,-24.86973],[144.77819,-24.87025],[144.76411,-24.86422],[144.76391,-24.83722],[144.76931,-24.82411],[144.76368,-24.81701],[144.72649,-24.80392],[144.69161,-24.76026],[144.67574,-24.75335],[144.65885,-24.76203],[144.64973,-24.77512],[144.64268,-24.8159],[144.61794,-24.84106],[144.60737,-24.86542],[144.60885,-24.87182],[144.60435,-24.87732],[144.60825,-24.89543],[144.60151,-24.90299],[144.60092,-24.90891],[144.60762,-24.93859],[144.60574,-24.96891],[144.60174,-24.975],[144.58139,-24.98877],[144.57801,-24.99636],[144.58206,-25.02522],[144.59318,-25.04408],[144.5986,-25.08656],[144.60537,-25.10163],[144.62257,-25.12474],[144.62283,-25.13268],[144.59903,-25.16766],[144.59604,-25.195],[144.58028,-25.20372],[144.57324,-25.24367],[144.56764,-25.25266],[144.57219,-25.26382],[144.57095,-25.27994],[144.56552,-25.288],[144.54829,-25.30167],[144.54262,-25.31192],[144.53368,-25.35843],[144.50672,-25.38608],[144.44489,-25.418],[144.42838,-25.43147],[144.39309,-25.47084],[144.36876,-25.50836],[144.3266,-25.52831],[144.2897,-25.55351],[144.28729,-25.5748],[144.28159,-25.59045],[144.25175,-25.65121],[144.2381,-25.69928],[144.23088,-25.74149],[144.22462,-25.75012],[144.21773,-25.75084],[144.21058,-25.75679],[144.19983,-25.75737],[144.14071,-25.7324],[144.11027,-25.73507],[144.08687,-25.72522],[144.07451,-25.73306],[144.06604,-25.73389],[144.06986,-25.71728],[144.0554,-25.6877],[144.03935,-25.69017],[144.018,-25.6885],[143.99665,-25.69864],[143.99151,-25.74593],[143.99932,-25.78927],[143.99958,-25.82652],[144.01112,-25.87409],[144.01431,-25.93129],[144.00828,-25.98944],[144.00056,-25.99798],[143.98938,-26.00306],[143.987,-26.00882],[144.00712,-26.03583],[144.01762,-26.10178],[144.01349,-26.14633],[144.00511,-26.1628],[144.00284,-26.1868],[143.98955,-26.20913],[143.99345,-26.22693],[144.00256,-26.23198],[144.01761,-26.25229],[144.01775,-26.27312],[144.01312,-26.29212],[144.02116,-26.31525],[144.01137,-26.32314],[143.98903,-26.32725],[144.00456,-26.3449],[144.02579,-26.35237],[144.0249,-26.36181],[144.01326,-26.37108],[144.01097,-26.37672],[144.02368,-26.4151],[144.04639,-26.42107],[144.08858,-26.41787],[144.0965,-26.42258],[144.09696,-26.43651],[144.0862,-26.44435],[144.0825,-26.45172],[144.08345,-26.48838],[144.0686,-26.49397],[144.06275,-26.50595],[144.04694,-26.51402],[144.02562,-26.51933],[144.01178,-26.51669],[144.00405,-26.52031],[143.97629,-26.54354],[143.96965,-26.55708],[143.97005,-26.57536],[143.94919,-26.57936],[143.94782,-26.5869],[143.95684,-26.60186],[143.95659,-26.6183],[143.95075,-26.62516],[143.94245,-26.6267],[143.9345,-26.63363],[143.93448,-26.64518],[143.94294,-26.66204],[143.94071,-26.67717],[143.92701,-26.68781],[143.92736,-26.70649],[143.92248,-26.71559],[143.90894,-26.71887],[143.88795,-26.71545],[143.8684,-26.71886],[143.86567,-26.72175],[143.86742,-26.74554],[143.84681,-26.75666],[143.83703,-26.75773],[143.80048,-26.74849],[143.78423,-26.74947],[143.75721,-26.7771],[143.7467,-26.81243],[143.7711,-26.81637],[143.78028,-26.83071],[143.77383,-26.85166],[143.76229,-26.86825],[143.76464,-26.87859],[143.77847,-26.89826],[143.77052,-26.9122],[143.76965,-26.92111],[143.79064,-26.93639],[143.80154,-26.95641],[143.79952,-26.9648],[143.78837,-26.98042],[143.78721,-26.99629],[143.77786,-27.00278],[143.76203,-27.00345],[143.75639,-27.00995],[143.74049,-27.01143],[143.72415,-27.00837],[143.64839,-27.00671],[143.60424,-26.99997],[143.58265,-27.002],[143.57301,-27.00939],[143.56306,-27.03979],[143.54513,-27.05493],[143.54663,-27.07045],[143.53642,-27.07031],[143.52774,-27.08191],[143.52093,-27.08454],[143.52135,-27.11449],[143.52971,-27.13245],[143.52545,-27.13549],[143.53142,-27.13941],[143.53397,-27.14614],[143.53416,-27.16368],[143.52983,-27.17707],[143.51649,-27.19101],[143.51854,-27.21746],[143.51459,-27.23096],[143.50665,-27.24014],[143.48465,-27.2513],[143.49332,-27.27208],[143.49405,-27.28312],[143.5082,-27.30236],[143.50623,-27.3078],[143.4986,-27.31741],[143.48996,-27.32071],[143.48593,-27.3307],[143.47834,-27.32941],[143.47106,-27.32239],[143.46469,-27.32208],[143.45658,-27.32787],[143.44338,-27.34933],[143.4318,-27.35171],[143.4171,-27.34518],[143.40926,-27.35849],[143.39507,-27.3711],[143.36847,-27.38038],[143.36704,-27.38337],[143.37296,-27.3988],[143.37803,-27.4022],[143.37775,-27.40749],[143.38204,-27.41113],[143.37746,-27.41416],[143.37873,-27.42003],[143.376,-27.42525],[143.37909,-27.44137],[143.3864,-27.44582],[143.36966,-27.45019],[143.36736,-27.46001],[143.34314,-27.49288],[143.29772,-27.5133],[143.28921,-27.50395],[143.27032,-27.49629],[143.26044,-27.50004],[143.24628,-27.49976],[143.24016,-27.51094],[143.24253,-27.52516],[143.22878,-27.53079],[143.2216,-27.53898],[143.22767,-27.54861],[143.23597,-27.54888],[143.24044,-27.55626],[143.24764,-27.56066],[143.24471,-27.56611],[143.24633,-27.57531],[143.23826,-27.58011],[143.23707,-27.58563],[143.24223,-27.59675],[143.25806,-27.61274],[143.26208,-27.62241],[143.26011,-27.6308],[143.25178,-27.631],[143.25037,-27.64364],[143.26723,-27.64894],[143.26966,-27.65355],[143.26292,-27.66112],[143.26647,-27.67401],[143.23475,-27.70925],[143.23184,-27.72275],[143.2106,-27.72432],[143.21559,-27.73383],[143.21105,-27.7479],[143.19947,-27.76459],[143.18861,-27.76781],[143.18623,-27.77879],[143.19329,-27.78359],[143.18795,-27.79421],[143.20121,-27.80076],[143.2039,-27.80514],[143.19522,-27.81212],[143.19653,-27.81995],[143.18312,-27.82587],[143.17166,-27.84169],[143.14569,-27.83243],[143.13513,-27.83686],[143.12574,-27.86172],[143.12556,-27.88121],[143.11303,-27.88983],[143.10486,-27.90595],[143.0975,-27.91276],[143.09878,-27.92616],[143.09001,-27.93267],[143.08403,-27.94748],[143.07498,-27.94726],[143.05687,-27.93894],[143.03776,-27.94402],[142.99609,-27.98191],[142.97748,-27.98911],[142.96861,-27.99958],[142.94048,-28.01769],[142.92502,-28.03841],[142.91486,-28.0432],[142.88631,-28.04867],[142.87633,-28.06151],[142.8685,-28.06634],[142.84447,-28.06686],[142.83567,-28.05506],[142.82367,-28.05189],[142.81395,-28.06846],[142.80321,-28.06904],[142.801,-28.07853],[142.78894,-28.08693],[142.7824,-28.10143],[142.77041,-28.1028],[142.75789,-28.11218],[142.74668,-28.11597],[142.73285,-28.13541],[142.70829,-28.13884],[142.70977,-28.14379],[142.71651,-28.14851],[142.71293,-28.15645],[142.70255,-28.15995],[142.68162,-28.15578],[142.68621,-28.1677],[142.6827,-28.1738],[142.6646,-28.17165],[142.6518,-28.15241],[142.64455,-28.14911],[142.64515,-28.13772],[142.63479,-28.13253],[142.62772,-28.13568],[142.6218,-28.14378],[142.61364,-28.1421],[142.60726,-28.15331],[142.5704,-28.17367],[142.53751,-28.19853],[142.52294,-28.21334],[142.46693,-28.23476],[142.45745,-28.23563],[142.44653,-28.23208],[142.43585,-28.23654],[142.4221,-28.24642],[142.42396,-28.25044],[142.41511,-28.25546],[142.41033,-28.26626],[142.4011,-28.27438],[142.38821,-28.27027],[142.37171,-28.27026],[142.36422,-28.27434],[142.36065,-28.28358],[142.3462,-28.28655],[142.32272,-28.28285],[142.2745,-28.30675],[142.27095,-28.31893],[142.26326,-28.3249],[142.27183,-28.33245],[142.26468,-28.34107],[142.26416,-28.34874],[142.27084,-28.35768],[142.26472,-28.36463],[142.26495,-28.369],[142.2718,-28.38076],[142.29037,-28.38768],[142.28814,-28.39454],[142.29342,-28.4032],[142.28933,-28.41411],[142.29834,-28.42488],[142.29968,-28.43207],[142.29396,-28.43936],[142.2715,-28.44647],[142.25325,-28.46874],[142.21371,-28.4726],[142.21101,-28.47733],[142.21399,-28.49436],[142.21007,-28.50198],[142.20172,-28.50762],[142.17455,-28.51312],[142.16737,-28.52214],[142.17468,-28.54421],[142.1673,-28.55214],[142.15955,-28.55172],[142.15697,-28.5549],[142.16841,-28.58294],[142.16791,-28.59596],[142.16031,-28.6082],[142.14421,-28.61911],[142.13495,-28.64858],[142.11867,-28.66208],[142.11058,-28.67375],[142.10778,-28.68447],[142.10863,-28.70549],[142.10341,-28.71801],[142.10412,-28.73764],[142.09005,-28.75262],[142.08409,-28.75075],[142.07805,-28.75515],[142.0674,-28.80012],[142.06299,-28.80509],[142.06896,-28.82009],[142.06324,-28.82559],[142.06868,-28.82907],[142.0689,-28.83397],[142.04098,-28.87405],[142.04813,-28.88076],[142.04948,-28.8887],[142.05941,-28.88698],[142.068,-28.89259],[142.06255,-28.90004],[142.06356,-28.91679],[142.04934,-28.92238],[142.05245,-28.92957],[142.055,-28.9656],[142.04005,-28.96981],[142.0386,-28.98013],[141.99978,-28.98449],[141.99075,-28.9824],[141.98003,-28.96978],[141.96928,-28.97863],[141.96342,-28.99616],[141.95776,-28.99907],[141.94844,-28.99639],[141.9568,-29.01386],[141.95522,-29.02808],[141.95956,-29.04465],[141.95561,-29.05531],[141.94634,-29.06202],[141.95187,-29.08018],[141.94792,-29.08689],[141.927,-29.07801],[141.90173,-29.08432],[141.88357,-29.08393],[141.86936,-29.07308],[141.85121,-29.06874],[141.8439,-29.07308],[141.84069,-29.08346],[141.78331,-29.07722],[141.75647,-29.08768],[141.75687,-29.09716],[141.75174,-29.10544],[141.75647,-29.11097],[141.75766,-29.12518],[141.74503,-29.13387],[141.74226,-29.14018],[141.73239,-29.13959],[141.72766,-29.14255],[141.72174,-29.16683],[141.70654,-29.18538],[141.71686,-29.19344],[141.71069,-29.214],[141.71562,-29.22584],[141.71207,-29.24163],[141.69963,-29.24952],[141.6874,-29.26413],[141.67871,-29.26452],[141.67536,-29.27045],[141.67615,-29.28939],[141.67181,-29.31308],[141.67792,-29.32492],[141.67457,-29.3336],[141.67062,-29.33854],[141.64082,-29.35216],[141.6276,-29.36874],[141.62444,-29.39716],[141.62562,-29.49742],[141.61753,-29.51479],[141.61753,-29.51953],[141.62661,-29.52841],[141.63964,-29.53235],[141.66174,-29.53334],[141.67319,-29.544],[141.67832,-29.54518],[141.69786,-29.53176],[141.70812,-29.53097],[141.71444,-29.52426],[141.73082,-29.52959],[141.75569,-29.49623],[141.77424,-29.48321],[141.81095,-29.48636],[141.82279,-29.4836],[141.84194,-29.50768],[141.85319,-29.49604],[141.86503,-29.49465],[141.89108,-29.50906],[141.89818,-29.51913],[141.91081,-29.5134],[141.92265,-29.51854],[141.93548,-29.50748],[141.94437,-29.5063],[141.96095,-29.51478],[141.96052,-29.52857],[141.97339,-29.52998],[141.98424,-29.54834],[141.98839,-29.57281],[142.00397,-29.58031],[142.00456,-29.58505],[141.99667,-29.59689],[142.00476,-29.61584],[142.01344,-29.62393],[142.02804,-29.62215],[142.03595,-29.62531],[142.06515,-29.61307],[142.08331,-29.6182],[142.08844,-29.61268],[142.08786,-29.60163],[142.10266,-29.59551],[142.10739,-29.58998],[142.11845,-29.58623],[142.12398,-29.5888],[142.16345,-29.58564],[142.17381,-29.57047],[142.17174,-29.56136],[142.16365,-29.55426],[142.16305,-29.54952],[142.1739,-29.54241],[142.1741,-29.53097],[142.18653,-29.51715],[142.21278,-29.52307],[142.24041,-29.51695],[142.26016,-29.50531],[142.28857,-29.50077],[142.30436,-29.50294],[142.34068,-29.5207],[142.38883,-29.56886],[142.46067,-29.61761],[142.48121,-29.63794],[142.50358,-29.6675],[142.52261,-29.71797],[142.54203,-29.79887],[142.56346,-29.91062],[142.57948,-29.95748],[142.60031,-29.99493],[142.61034,-30.0073],[142.6345,-30.01542],[142.66242,-30.03958],[142.67233,-30.06375],[142.67094,-30.07959],[142.67569,-30.09979],[142.70976,-30.13682],[142.72342,-30.14673],[142.73234,-30.16257],[142.76521,-30.18614],[142.78185,-30.19208],[142.81056,-30.19564],[142.826,-30.2121],[142.87651,-30.2097],[142.8876,-30.21248],[142.89453,-30.20871],[142.90642,-30.19287],[142.9076,-30.17782],[142.90444,-30.16118],[142.91018,-30.15029],[142.93474,-30.14455],[142.96246,-30.14336],[142.98781,-30.13504],[143.01752,-30.13781],[143.02901,-30.13029],[143.0498,-30.12415],[143.0599,-30.10969],[143.10723,-30.09741],[143.13793,-30.08216],[143.15456,-30.0675],[143.17278,-30.05899],[143.30864,-30.02096],[143.36786,-30.01878],[143.40212,-30.02651],[143.45282,-30.04532],[143.52847,-30.05661],[143.5524,-30.05708],[143.54728,-30.01858],[143.5494,-29.99881],[143.54553,-29.99292],[143.54774,-29.97069],[143.56636,-29.88978],[143.57657,-29.86215],[143.58819,-29.83932],[143.61082,-29.80888],[143.69633,-29.72977],[143.71956,-29.69873],[143.73978,-29.64867],[143.74379,-29.62183],[143.74439,-29.56896],[143.74879,-29.55294],[143.77262,-29.52891],[143.87576,-29.46362],[143.92162,-29.42357],[144.00072,-29.36449],[144.01395,-29.3501],[144.02365,-29.33149],[144.02781,-29.31327],[144.029,-29.28475],[144.02088,-29.22852],[144.02345,-29.19584],[144.03256,-29.16416],[144.07077,-29.08892],[144.07453,-29.07169],[144.07275,-29.04555],[144.06562,-29.01308],[144.05925,-28.99918],[144.03489,-28.90268],[144.01745,-28.86992],[144.01445,-28.85129],[144.02554,-28.82471],[144.03671,-28.81618],[144.03761,-28.79566],[144.04765,-28.78971],[144.05053,-28.78443],[144.05464,-28.75887],[144.06404,-28.7455],[144.06083,-28.73032],[144.06518,-28.70699],[144.06324,-28.69882],[144.05105,-28.68264],[144.03095,-28.66212],[144.03126,-28.64235],[144.01838,-28.60064],[144.02647,-28.56359],[144.02088,-28.5438],[144.00483,-28.51973],[144.00397,-28.47938],[144.00555,-28.47634],[144.01943,-28.47764],[144.02392,-28.47259],[144.02351,-28.45788],[144.0172,-28.43901],[144.02563,-28.41753],[144.02178,-28.39982],[144.02004,-28.39562],[144.005,-28.39305],[143.99895,-28.38847],[143.98737,-28.37221],[143.96806,-28.35367],[143.96697,-28.33555],[143.95993,-28.32065],[143.97909,-28.30459],[143.97757,-28.29706],[143.9628,-28.27283],[143.96243,-28.25737],[143.98705,-28.23917],[144.0252,-28.22365],[144.03974,-28.20359],[144.03345,-28.18213],[144.01899,-28.16555],[144.00921,-28.14649],[143.99454,-28.13091],[143.99711,-28.08699],[143.9905,-28.05952],[144.00391,-28.03135],[144.00473,-28.01822],[144.01845,-27.98501],[144.02047,-27.97107],[144.02726,-27.96617],[144.04585,-27.97686],[144.05658,-27.97743],[144.06338,-27.97382],[144.07688,-27.93558],[144.09663,-27.90881],[144.10176,-27.89464],[144.12562,-27.88192],[144.16888,-27.86729],[144.1842,-27.86538],[144.22963,-27.87251],[144.23655,-27.86825],[144.23859,-27.86029],[144.23627,-27.85124],[144.21351,-27.82607],[144.21686,-27.8166],[144.25133,-27.80188],[144.25859,-27.79613],[144.26189,-27.78725],[144.25737,-27.76968],[144.24539,-27.75093],[144.24427,-27.73199],[144.25428,-27.72677],[144.28171,-27.72238],[144.29328,-27.72389],[144.30164,-27.73135],[144.31149,-27.73348],[144.31444,-27.72685],[144.31258,-27.70106],[144.31959,-27.68652],[144.32595,-27.6611],[144.33835,-27.63784],[144.33812,-27.62924],[144.35263,-27.616],[144.37791,-27.59867],[144.40995,-27.58463],[144.43955,-27.56624],[144.44539,-27.5661],[144.45877,-27.57459],[144.4813,-27.57827],[144.49027,-27.58491],[144.51374,-27.57921],[144.54215,-27.57716],[144.55997,-27.56373],[144.56305,-27.55619],[144.56348,-27.52326],[144.56797,-27.51365],[144.58379,-27.50092],[144.59046,-27.49153],[144.59339,-27.47963],[144.59313,-27.45595],[144.58587,-27.43527],[144.56998,-27.43715],[144.55483,-27.42637],[144.53667,-27.42738],[144.5284,-27.41165],[144.51629,-27.3992],[144.51317,-27.38943],[144.53087,-27.33417],[144.5288,-27.32664],[144.51552,-27.31149],[144.51946,-27.28648],[144.55388,-27.22699],[144.56946,-27.21316],[144.57341,-27.20223],[144.61341,-27.17483],[144.64732,-27.13973],[144.66923,-27.1111],[144.67123,-27.07821],[144.66827,-27.05897],[144.67279,-27.04625],[144.66998,-27.03338],[144.67668,-27.02215],[144.68167,-27.0038],[144.69955,-27.00288],[144.70965,-27.00951],[144.72519,-26.99859],[144.73277,-26.98794],[144.72748,-26.98026],[144.70277,-26.97532],[144.68904,-26.9637],[144.68419,-26.95491],[144.66759,-26.94394],[144.67753,-26.93698],[144.67903,-26.93041],[144.67201,-26.91375],[144.66038,-26.89757],[144.656,-26.88204],[144.66006,-26.85542],[144.66598,-26.84135],[144.69439,-26.81035],[144.71196,-26.80363],[144.7109,-26.79005],[144.7142,-26.78445],[144.72831,-26.78075],[144.76017,-26.78161],[144.78897,-26.77235],[144.80899,-26.77235],[144.82025,-26.7644],[144.82122,-26.75794],[144.81297,-26.73231],[144.82766,-26.68955],[144.82502,-26.64535],[144.83201,-26.63868],[144.83367,-26.63245],[144.83158,-26.62654],[144.82198,-26.62325],[144.81855,-26.61827],[144.85046,-26.59607],[144.86512,-26.57813],[144.86628,-26.57121],[144.8565,-26.54582],[144.85558,-26.53512],[144.86802,-26.49381],[144.85833,-26.48828],[144.8538,-26.47904],[144.83707,-26.47846],[144.83558,-26.46839],[144.84473,-26.4563],[144.88546,-26.44319],[144.89045,-26.43631],[144.88721,-26.40909],[144.89313,-26.39218],[144.88096,-26.36969],[144.87754,-26.34926],[144.88048,-26.34337],[144.90078,-26.33154],[144.90146,-26.3214],[144.89126,-26.30547],[144.89409,-26.2941],[144.91782,-26.27522],[144.95263,-26.26501],[144.96964,-26.25124],[145.00406,-26.25352],[145.03255,-26.24915],[145.04657,-26.2438],[145.05338,-26.23672],[145.05933,-26.22003],[145.07294,-26.20604],[145.07213,-26.20064],[145.06163,-26.1964],[145.06024,-26.18437],[145.04738,-26.1767],[145.04637,-26.1721],[145.05078,-26.16815],[145.07779,-26.16304],[145.10283,-26.14089],[145.10429,-26.13495],[145.09424,-26.11625],[145.10124,-26.09889],[145.07863,-26.09565],[145.07068,-26.08915],[145.07016,-26.06341],[145.06196,-26.00743],[145.06885,-25.98886],[145.09676,-25.96716],[145.09758,-25.93963],[145.12135,-25.90596],[145.14247,-25.85375],[145.14401,-25.8002],[145.15216,-25.748],[145.15115,-25.69135],[145.15563,-25.677],[145.16644,-25.66226],[145.19999,-25.65615],[145.20793,-25.63677],[145.21867,-25.63216],[145.23254,-25.62022],[145.23533,-25.61019],[145.22799,-25.59255],[145.23147,-25.58211],[145.2313,-25.56541],[145.23628,-25.55986],[145.26221,-25.55752],[145.27515,-25.55146],[145.29568,-25.53291],[145.3252,-25.52697],[145.33694,-25.53081],[145.37873,-25.55651],[145.39683,-25.5622],[145.41323,-25.56233],[145.42528,-25.55654],[145.43949,-25.5288],[145.46082,-25.52675],[145.46686,-25.52331],[145.47129,-25.51441],[145.47466,-25.48571],[145.50133,-25.47613],[145.50779,-25.4587],[145.50154,-25.4399],[145.4894,-25.42669],[145.48067,-25.41109],[145.48059,-25.40216],[145.49224,-25.38768],[145.50344,-25.36647],[145.51171,-25.36224],[145.528,-25.33887],[145.53498,-25.323],[145.53527,-25.31437],[145.53021,-25.30003],[145.51709,-25.28969],[145.49993,-25.28345],[145.49799,-25.27085],[145.49251,-25.26571],[145.49994,-25.25494],[145.49947,-25.24521],[145.49697,-25.23999],[145.48308,-25.23012],[145.47295,-25.2389],[145.46286,-25.23351],[145.45572,-25.24047],[145.45015,-25.23809],[145.43224,-25.24162],[145.41559,-25.2608],[145.38492,-25.26492],[145.37232,-25.26138],[145.37433,-25.23661],[145.3976,-25.23155],[145.40335,-25.21568],[145.40198,-25.20958],[145.37511,-25.18909],[145.37377,-25.17073],[145.36771,-25.16208],[145.33559,-25.15578],[145.31505,-25.16162],[145.26178,-25.16218],[145.23998,-25.15735],[145.22286,-25.16448],[145.20276,-25.16062],[145.18427,-25.17074],[145.16378,-25.16313],[145.15162,-25.16821],[145.14161,-25.16008],[145.1283,-25.16269],[145.12215,-25.15725],[145.11388,-25.15694],[145.10982,-25.15437],[145.10825,-25.14448],[145.118,-25.10539],[145.10322,-25.0898],[145.10142,-25.07133],[145.11634,-25.05646],[145.1325,-25.04831],[145.13215,-25.04129],[145.12694,-25.0355],[145.12113,-25.03225],[145.09697,-25.03208],[145.09188,-25.02232],[145.08059,-25.02053],[145.08024,-25.01558],[145.05903,-25.00872],[145.0432,-25.0096],[145.02447,-25.01843],[145.01609,-25.01876],[145.00977,-25.01585],[145.00667,-25.00343],[144.97808,-25.02169],[144.96221,-25.0244],[144.95809,-25.03478],[144.8979,-25.03766],[144.88468,-25.02797],[144.87531,-25.01442],[144.86669,-24.99236],[144.867,-24.97388],[144.85806,-24.95888]]],"type":"Polygon"},"properties":{"area_sqkm":71721.57,"basin_no":"011","division":"Bulloo","division_no":"XI","id":"bulloo","name":"Bulloo"},"type":"Feature"},
{"geometry":{"coordinates":[[[144.90131,-18.19534],[144.88738,-18.20713],[144.88176,-18.22351],[144.87296,-18.23102],[144.86172,-18.23005],[144.82719,-18.23848],[144.80966,-18.24746],[144.78444,-18.24544],[144.78198,-18.27844],[144.76762,-18.29536],[144.74448,-18.31116],[144.75369,-18.31907],[144.75821,-18.33288],[144.75265,-18.34461],[144.72538,-18.35779],[144.71673,-18.37467],[144.6966,-18.38741],[144.69693,-18.39691],[144.68728,-18.40394],[144.69382,-18.40858],[144.69941,-18.42441],[144.68575,-18.43974],[144.67145,-18.44476],[144.66284,-18.45306],[144.66162,-18.47524],[144.65551,-18.48453],[144.66437,-18.4959],[144.66534,-18.50291],[144.64896,-18.5211],[144.6418,-18.54543],[144.6483,-18.57001],[144.64143,-18.59121],[144.63079,-18.60395],[144.62638,-18.61771],[144.63945,-18.65192],[144.63222,-18.68878],[144.63228,-18.70371],[144.62258,-18.72576],[144.63032,-18.74241],[144.62319,-18.75961],[144.62248,-18.78009],[144.61771,-18.78731],[144.62578,-18.79424],[144.62355,-18.79664],[144.6153,-18.79466],[144.59398,-18.79827],[144.59175,-18.81089],[144.58542,-18.8173],[144.57519,-18.84778],[144.56802,-18.85766],[144.57031,-18.86891],[144.58217,-18.87344],[144.59488,-18.87175],[144.59645,-18.88181],[144.60145,-18.88464],[144.60337,-18.89066],[144.61891,-18.89325],[144.62042,-18.90144],[144.63294,-18.90126],[144.63722,-18.90572],[144.65294,-18.90885],[144.65824,-18.90524],[144.67161,-18.9074],[144.67757,-18.91909],[144.68281,-18.92083],[144.6889,-18.91951],[144.69498,-18.90909],[144.7122,-18.91078],[144.71094,-18.92668],[144.71425,-18.94438],[144.71118,-18.95366],[144.70269,-18.95992],[144.70451,-18.97172],[144.69938,-18.97787],[144.70594,-18.99317],[144.71305,-18.99413],[144.72263,-19.00109],[144.73515,-19.01984],[144.73451,-19.0255],[144.74446,-19.03107],[144.74392,-19.03484],[144.73122,-19.04349],[144.73981,-19.05885],[144.74138,-19.08304],[144.73327,-19.09599],[144.74235,-19.10282],[144.76001,-19.10105],[144.75983,-19.10869],[144.76944,-19.11957],[144.76581,-19.12974],[144.77023,-19.13748],[144.76872,-19.14183],[144.74138,-19.16131],[144.72856,-19.16566],[144.72033,-19.18296],[144.70757,-19.18586],[144.70612,-19.19106],[144.70969,-19.19614],[144.70249,-19.20092],[144.70201,-19.20896],[144.69541,-19.21695],[144.69668,-19.22324],[144.69301,-19.22967],[144.69795,-19.2311],[144.70074,-19.23679],[144.69801,-19.24114],[144.70189,-19.24767],[144.69814,-19.25166],[144.70624,-19.2591],[144.70549,-19.26308],[144.69131,-19.27737],[144.6858,-19.27743],[144.68726,-19.28309],[144.67878,-19.28886],[144.67915,-19.29594],[144.66965,-19.3018],[144.66693,-19.30719],[144.66542,-19.32225],[144.65876,-19.3243],[144.64739,-19.31819],[144.63536,-19.32182],[144.63312,-19.33217],[144.63651,-19.34801],[144.61483,-19.34583],[144.60941,-19.35225],[144.60342,-19.3537],[144.60312,-19.36398],[144.58849,-19.37741],[144.59211,-19.38605],[144.58824,-19.39773],[144.56937,-19.40444],[144.55474,-19.40293],[144.53723,-19.38535],[144.53345,-19.38654],[144.52299,-19.40154],[144.51434,-19.4062],[144.52123,-19.41061],[144.51083,-19.43105],[144.51772,-19.44273],[144.5124,-19.44527],[144.49834,-19.44089],[144.48244,-19.44414],[144.4729,-19.44958],[144.46446,-19.44762],[144.45737,-19.45564],[144.45824,-19.46535],[144.4559,-19.46732],[144.42801,-19.4809],[144.4244,-19.48561],[144.40941,-19.48658],[144.39101,-19.49819],[144.38716,-19.50651],[144.38946,-19.52667],[144.37402,-19.53515],[144.36687,-19.54333],[144.37251,-19.57106],[144.36742,-19.58009],[144.35652,-19.58966],[144.32388,-19.59892],[144.27979,-19.5796],[144.27228,-19.57918],[144.25817,-19.58693],[144.25018,-19.60171],[144.2298,-19.60478],[144.22668,-19.62079],[144.23504,-19.6315],[144.23588,-19.64349],[144.25811,-19.65754],[144.2308,-19.67771],[144.23861,-19.68177],[144.25363,-19.70636],[144.25611,-19.7519],[144.26065,-19.77212],[144.24909,-19.79586],[144.25502,-19.80398],[144.26229,-19.83377],[144.28954,-19.85097],[144.31649,-19.87592],[144.31734,-19.901],[144.3217,-19.90748],[144.33272,-19.91317],[144.34617,-19.93043],[144.3733,-19.93376],[144.39219,-19.93261],[144.40067,-19.93787],[144.40721,-19.93757],[144.41115,-19.94496],[144.41787,-19.94835],[144.42653,-19.97197],[144.43131,-19.97669],[144.44585,-19.97615],[144.45251,-19.97118],[144.47189,-19.97385],[144.47843,-19.9621],[144.54047,-19.94859],[144.59094,-19.955],[144.61712,-19.97146],[144.61202,-19.95757],[144.61196,-19.94773],[144.62125,-19.93691],[144.62632,-19.93545],[144.63115,-19.92408],[144.6386,-19.92341],[144.64618,-19.9173],[144.65347,-19.91841],[144.65681,-19.91119],[144.66671,-19.91589],[144.6804,-19.91278],[144.69409,-19.90269],[144.7071,-19.90825],[144.70478,-19.91614],[144.70845,-19.92555],[144.71388,-19.92756],[144.72879,-19.92976],[144.73008,-19.92268],[144.73539,-19.91907],[144.76093,-19.92469],[144.77401,-19.92023],[144.77707,-19.92176],[144.77334,-19.93972],[144.77945,-19.94376],[144.77945,-19.95775],[144.78483,-19.96636],[144.78287,-19.97345],[144.79277,-19.98677],[144.79141,-20.00147],[144.80383,-20.01576],[144.78831,-20.03158],[144.77849,-20.02623],[144.76853,-20.03085],[144.76138,-20.04392],[144.79011,-20.06622],[144.79307,-20.07373],[144.80224,-20.07857],[144.79849,-20.09662],[144.80585,-20.10947],[144.81004,-20.12593],[144.79813,-20.13704],[144.79784,-20.14166],[144.80499,-20.14859],[144.80939,-20.15942],[144.8348,-20.15848],[144.84303,-20.16534],[144.85487,-20.16469],[144.85761,-20.17054],[144.86411,-20.17617],[144.86938,-20.17624],[144.87299,-20.18238],[144.86757,-20.19032],[144.86723,-20.20199],[144.87609,-20.20281],[144.88281,-20.2132],[144.89053,-20.21457],[144.90114,-20.22454],[144.90901,-20.22504],[144.91305,-20.22179],[144.91912,-20.22511],[144.92569,-20.23291],[144.92482,-20.23623],[144.93399,-20.24309],[144.94092,-20.24157],[144.94301,-20.25154],[144.9542,-20.25702],[144.94677,-20.27002],[144.92265,-20.27326],[144.9267,-20.2794],[144.92345,-20.28691],[144.93016,-20.29788],[144.92381,-20.30366],[144.9298,-20.3129],[144.92395,-20.31658],[144.92374,-20.32141],[144.9433,-20.33629],[144.95052,-20.33744],[144.95803,-20.33087],[144.96012,-20.33607],[144.96517,-20.33499],[144.97326,-20.34069],[144.97608,-20.34966],[144.9716,-20.35116],[144.96832,-20.35866],[144.97579,-20.37014],[144.98236,-20.37303],[144.99051,-20.36935],[144.99311,-20.37274],[145.03297,-20.38183],[145.03903,-20.38776],[145.03783,-20.39534],[145.04911,-20.3998],[145.05206,-20.40431],[145.06153,-20.40864],[145.06492,-20.40594],[145.08811,-20.40713],[145.09203,-20.41688],[145.09664,-20.41654],[145.11646,-20.4287],[145.12097,-20.43817],[145.11721,-20.44544],[145.12185,-20.45272],[145.11633,-20.463],[145.11831,-20.47336],[145.10874,-20.47805],[145.11458,-20.48545],[145.11182,-20.49122],[145.11796,-20.49316],[145.10814,-20.50391],[145.11445,-20.50963],[145.11642,-20.52226],[145.13417,-20.53632],[145.1281,-20.55002],[145.12941,-20.55658],[145.13703,-20.56349],[145.12768,-20.58011],[145.12643,-20.5944],[145.11696,-20.60817],[145.10594,-20.61412],[145.09926,-20.62193],[145.09343,-20.64427],[145.12548,-20.65576],[145.15967,-20.68138],[145.16027,-20.69979],[145.17278,-20.71182],[145.17724,-20.72946],[145.18493,-20.73851],[145.18856,-20.75757],[145.19899,-20.77163],[145.20042,-20.78498],[145.21138,-20.78694],[145.21388,-20.79034],[145.2137,-20.79725],[145.20399,-20.8156],[145.20917,-20.82513],[145.20816,-20.84538],[145.21394,-20.85915],[145.24295,-20.87314],[145.25826,-20.89346],[145.28584,-20.90305],[145.29972,-20.91842],[145.30139,-20.93343],[145.30741,-20.93939],[145.34029,-20.94153],[145.35084,-20.94624],[145.33892,-20.96971],[145.34661,-20.98526],[145.33898,-20.99515],[145.3386,-21.00589],[145.34306,-21.02502],[145.35337,-21.03655],[145.35455,-21.04454],[145.35093,-21.04933],[145.3297,-21.05938],[145.32398,-21.06655],[145.31795,-21.08385],[145.31008,-21.09333],[145.30112,-21.13632],[145.29643,-21.14332],[145.28087,-21.15056],[145.27501,-21.15926],[145.3,-21.18209],[145.2913,-21.19809],[145.30051,-21.24684],[145.31287,-21.25989],[145.32393,-21.28822],[145.34403,-21.31325],[145.35723,-21.32178],[145.37515,-21.34034],[145.38692,-21.34475],[145.40253,-21.33941],[145.41578,-21.32538],[145.43879,-21.33105],[145.45017,-21.34361],[145.46339,-21.38613],[145.46914,-21.39331],[145.51798,-21.41871],[145.56725,-21.41918],[145.58148,-21.4287],[145.58751,-21.43693],[145.60349,-21.44424],[145.60989,-21.40349],[145.60432,-21.38478],[145.59061,-21.36515],[145.57973,-21.3355],[145.58064,-21.3276],[145.58758,-21.318],[145.60697,-21.30612],[145.6053,-21.29478],[145.61315,-21.28589],[145.62675,-21.25689],[145.6494,-21.2278],[145.66499,-21.19077],[145.69234,-21.16728],[145.70386,-21.16317],[145.71762,-21.17003],[145.73369,-21.19088],[145.75992,-21.20271],[145.78634,-21.22648],[145.80875,-21.23712],[145.81989,-21.25619],[145.83085,-21.26358],[145.83365,-21.27503],[145.84006,-21.27672],[145.85144,-21.28865],[145.85154,-21.29996],[145.85455,-21.30478],[145.89421,-21.31962],[145.8952,-21.33051],[145.90382,-21.33157],[145.90919,-21.33577],[145.90944,-21.35179],[145.92277,-21.3597],[145.92123,-21.37157],[145.92483,-21.38055],[145.942,-21.39403],[145.95323,-21.39675],[145.96889,-21.40595],[145.98858,-21.40489],[145.9948,-21.4135],[146.00507,-21.41777],[146.01158,-21.42635],[146.01192,-21.43412],[146.02528,-21.43982],[146.04997,-21.4726],[146.04939,-21.49298],[146.0445,-21.49848],[146.04786,-21.51555],[146.05887,-21.53901],[146.07391,-21.54826],[146.08737,-21.54478],[146.09175,-21.55389],[146.1185,-21.58036],[146.11787,-21.58946],[146.10298,-21.61008],[146.09499,-21.64662],[146.094,-21.67008],[146.10232,-21.71171],[146.09941,-21.71932],[146.0914,-21.72585],[146.08991,-21.73333],[146.09821,-21.75992],[146.09046,-21.77197],[146.07774,-21.78296],[146.0325,-21.80479],[145.98539,-21.84633],[145.97425,-21.86234],[145.9766,-21.87269],[145.9733,-21.87939],[145.96925,-21.88243],[145.95095,-21.88434],[145.93008,-21.90308],[145.92602,-21.91333],[145.92047,-21.91589],[145.9054,-21.90974],[145.88774,-21.91091],[145.86737,-21.90599],[145.84227,-21.90466],[145.83334,-21.89959],[145.82137,-21.88511],[145.81164,-21.84951],[145.80561,-21.84],[145.7844,-21.83172],[145.75805,-21.81478],[145.75824,-21.83432],[145.75282,-21.85462],[145.73624,-21.87875],[145.70148,-21.91737],[145.65757,-21.9501],[145.6561,-21.96935],[145.6728,-22.00222],[145.68115,-22.0268],[145.7085,-22.07085],[145.7374,-22.08366],[145.76721,-22.09086],[145.78457,-22.085],[145.86942,-22.08063],[145.94776,-22.09288],[145.96487,-22.08776],[145.98216,-22.06623],[145.9917,-22.06686],[145.9974,-22.07943],[146.00003,-22.13193],[145.9974,-22.15508],[146.00799,-22.17539],[146.04616,-22.21551],[146.05351,-22.22052],[146.10155,-22.23452],[146.10914,-22.2485],[146.11718,-22.2981],[146.11337,-22.32391],[146.11523,-22.34297],[146.11139,-22.36265],[146.08831,-22.39978],[146.0914,-22.41153],[146.10748,-22.43005],[146.11326,-22.44638],[146.11046,-22.45431],[146.08976,-22.46612],[146.08268,-22.47559],[146.08192,-22.50299],[146.06895,-22.52669],[146.06631,-22.53917],[146.07355,-22.57309],[146.07434,-22.59398],[146.05317,-22.63239],[146.05026,-22.64511],[146.05818,-22.66846],[146.08414,-22.69467],[146.0912,-22.71383],[146.09276,-22.72993],[146.09019,-22.74472],[146.09566,-22.76523],[146.09169,-22.77412],[146.08037,-22.78479],[146.07907,-22.79729],[146.08378,-22.81424],[146.0977,-22.83476],[146.10654,-22.8559],[146.1084,-22.87514],[146.1044,-22.90176],[146.10605,-22.91072],[146.1238,-22.94323],[146.15772,-22.96816],[146.17661,-22.97573],[146.18353,-22.98899],[146.17816,-23.03647],[146.16363,-23.06308],[146.17197,-23.08171],[146.17156,-23.09256],[146.16267,-23.09686],[146.15135,-23.09405],[146.14303,-23.10676],[146.14679,-23.10944],[146.14659,-23.11377],[146.15079,-23.11478],[146.16471,-23.13023],[146.19636,-23.14632],[146.19717,-23.15339],[146.18982,-23.16598],[146.16632,-23.18448],[146.15664,-23.20381],[146.13851,-23.21664],[146.13596,-23.22297],[146.13926,-23.23227],[146.13656,-23.24258],[146.14399,-23.25209],[146.16748,-23.25583],[146.17873,-23.25568],[146.18821,-23.24923],[146.19471,-23.24911],[146.19603,-23.26847],[146.21653,-23.27865],[146.21766,-23.28631],[146.22609,-23.2874],[146.22944,-23.29198],[146.23243,-23.30636],[146.23042,-23.32147],[146.22399,-23.32603],[146.20431,-23.32939],[146.18991,-23.34279],[146.18747,-23.36118],[146.18951,-23.38925],[146.20475,-23.42353],[146.22005,-23.42955],[146.23678,-23.44492],[146.23673,-23.46325],[146.26038,-23.50313],[146.27974,-23.55476],[146.28122,-23.58665],[146.2711,-23.60507],[146.25599,-23.61598],[146.25656,-23.62517],[146.26565,-23.62999],[146.26917,-23.64482],[146.2978,-23.66984],[146.29843,-23.68478],[146.30974,-23.69901],[146.31266,-23.70867],[146.31802,-23.71178],[146.34522,-23.71024],[146.34495,-23.71757],[146.33669,-23.72597],[146.34287,-23.7335],[146.34789,-23.74851],[146.36989,-23.74318],[146.37365,-23.74529],[146.37483,-23.75318],[146.39974,-23.75038],[146.39316,-23.75895],[146.38999,-23.77807],[146.38501,-23.78564],[146.39913,-23.79424],[146.40203,-23.8207],[146.41862,-23.82275],[146.41808,-23.84933],[146.43153,-23.87487],[146.42885,-23.88997],[146.42032,-23.89854],[146.41994,-23.90328],[146.42243,-23.90758],[146.44131,-23.91649],[146.4391,-23.92664],[146.42878,-23.93735],[146.43337,-23.95244],[146.41117,-23.96657],[146.41126,-23.97847],[146.41814,-23.99835],[146.40739,-24.01291],[146.40542,-24.02155],[146.40888,-24.02784],[146.39396,-24.03324],[146.39176,-24.03909],[146.40314,-24.0488],[146.40419,-24.05387],[146.39715,-24.05918],[146.39862,-24.06622],[146.39089,-24.08538],[146.37227,-24.1152],[146.37757,-24.12353],[146.37703,-24.13502],[146.38128,-24.1433],[146.39872,-24.15923],[146.41124,-24.17653],[146.39454,-24.18642],[146.37384,-24.21565],[146.36861,-24.22974],[146.35612,-24.24841],[146.35467,-24.25705],[146.38412,-24.28912],[146.3913,-24.31114],[146.41633,-24.32602],[146.41664,-24.3378],[146.4242,-24.3517],[146.43189,-24.35308],[146.44614,-24.36774],[146.45501,-24.37197],[146.46129,-24.37174],[146.4762,-24.37976],[146.48506,-24.37731],[146.49527,-24.38534],[146.49798,-24.38533],[146.50114,-24.37751],[146.5043,-24.38201],[146.51142,-24.38432],[146.51386,-24.39448],[146.52277,-24.40818],[146.55203,-24.43941],[146.56414,-24.43948],[146.57444,-24.44489],[146.58677,-24.4414],[146.59063,-24.44375],[146.58624,-24.42916],[146.57461,-24.41825],[146.57262,-24.4118],[146.59666,-24.41829],[146.63772,-24.40694],[146.63297,-24.39348],[146.6457,-24.40395],[146.65611,-24.4055],[146.6657,-24.395],[146.68062,-24.38782],[146.68241,-24.37937],[146.68738,-24.37591],[146.69592,-24.38173],[146.70245,-24.37763],[146.71308,-24.37794],[146.7188,-24.39745],[146.73384,-24.40922],[146.73587,-24.41542],[146.74629,-24.40635],[146.77079,-24.40655],[146.77575,-24.39947],[146.79188,-24.41561],[146.81073,-24.39512],[146.81487,-24.37523],[146.83212,-24.37161],[146.85863,-24.37293],[146.87776,-24.3454],[146.8749,-24.33771],[146.88537,-24.33056],[146.89703,-24.33022],[146.9107,-24.32471],[146.91043,-24.30118],[146.92466,-24.28569],[146.92729,-24.26026],[146.93325,-24.24739],[146.93061,-24.24295],[146.94295,-24.23035],[146.94175,-24.22026],[146.95434,-24.20891],[146.95475,-24.20349],[146.94951,-24.19397],[146.95745,-24.17355],[146.95629,-24.16595],[146.96362,-24.16706],[146.97484,-24.16016],[146.9849,-24.16317],[146.9924,-24.15682],[147.00385,-24.16251],[147.00944,-24.16173],[147.0141,-24.14737],[147.02575,-24.14869],[147.03219,-24.1438],[147.04438,-24.14147],[147.04353,-24.13572],[147.03786,-24.13324],[147.03755,-24.12656],[147.04484,-24.11918],[147.05634,-24.1153],[147.07613,-24.11624],[147.09749,-24.10172],[147.09958,-24.09737],[147.11208,-24.09908],[147.11728,-24.09395],[147.13149,-24.09224],[147.14395,-24.10261],[147.14772,-24.09685],[147.16177,-24.09186],[147.16752,-24.09457],[147.17839,-24.0917],[147.18362,-24.08511],[147.18483,-24.07509],[147.17745,-24.06748],[147.17745,-24.06313],[147.1898,-24.05272],[147.19492,-24.04046],[147.20098,-24.03914],[147.20323,-24.02182],[147.18149,-24.01468],[147.1832,-24.0035],[147.1717,-23.98035],[147.16356,-23.97707],[147.17195,-23.96931],[147.16735,-23.95745],[147.1705,-23.95215],[147.18142,-23.94262],[147.19423,-23.93832],[147.2018,-23.93965],[147.20117,-23.93321],[147.20489,-23.93044],[147.20628,-23.92211],[147.22439,-23.90986],[147.23828,-23.9062],[147.24087,-23.90229],[147.23285,-23.88323],[147.23897,-23.86064],[147.23613,-23.84656],[147.22787,-23.83186],[147.2309,-23.81911],[147.2404,-23.80854],[147.22799,-23.79267],[147.2278,-23.78686],[147.21632,-23.78295],[147.19909,-23.7709],[147.20142,-23.75739],[147.19663,-23.74477],[147.20344,-23.73139],[147.19372,-23.71536],[147.19783,-23.70943],[147.1953,-23.70363],[147.19858,-23.6958],[147.196,-23.68444],[147.20988,-23.67706],[147.21013,-23.67113],[147.20565,-23.67012],[147.2013,-23.65428],[147.21184,-23.63787],[147.20167,-23.62632],[147.19688,-23.60934],[147.20123,-23.60309],[147.21865,-23.59275],[147.21814,-23.58662],[147.2107,-23.5759],[147.21896,-23.56662],[147.21871,-23.55053],[147.2326,-23.55097],[147.25039,-23.54138],[147.25759,-23.54251],[147.27071,-23.53727],[147.28351,-23.52295],[147.27639,-23.51253],[147.28226,-23.4984],[147.27984,-23.47956],[147.27113,-23.46476],[147.25938,-23.46787],[147.24999,-23.45369],[147.25142,-23.44772],[147.26044,-23.44013],[147.26715,-23.38393],[147.28717,-23.3552],[147.2881,-23.34164],[147.28406,-23.33083],[147.29438,-23.32187],[147.2766,-23.29663],[147.28431,-23.28693],[147.28698,-23.27648],[147.27219,-23.26803],[147.27125,-23.25696],[147.26006,-23.24029],[147.26155,-23.21132],[147.25764,-23.20075],[147.2605,-23.1954],[147.25826,-23.18769],[147.27306,-23.17202],[147.28798,-23.16705],[147.28139,-23.15604],[147.27996,-23.13745],[147.28338,-23.1364],[147.28338,-23.13124],[147.29364,-23.1183],[147.29245,-23.11034],[147.29768,-23.10611],[147.29737,-23.10027],[147.3011,-23.09642],[147.29544,-23.0897],[147.3047,-23.07478],[147.30358,-23.06968],[147.31241,-23.06172],[147.31708,-23.04555],[147.32379,-23.04294],[147.34201,-23.01832],[147.34705,-23.02168],[147.35102,-23.01788],[147.35724,-23.01851],[147.35799,-23.01335],[147.36812,-23.00079],[147.36532,-22.99754],[147.36978,-22.97754],[147.38718,-22.97079],[147.38828,-22.96281],[147.37907,-22.94417],[147.37956,-22.93922],[147.36829,-22.93637],[147.36774,-22.92683],[147.36006,-22.91581],[147.3608,-22.90374],[147.36897,-22.89835],[147.3673,-22.88647],[147.37541,-22.87866],[147.38092,-22.8664],[147.38049,-22.856],[147.37708,-22.85384],[147.37888,-22.8508],[147.37362,-22.84312],[147.37547,-22.8248],[147.36774,-22.81266],[147.36972,-22.81068],[147.38185,-22.81439],[147.39578,-22.80765],[147.3917,-22.797],[147.39857,-22.78554],[147.39399,-22.77316],[147.39832,-22.76771],[147.39628,-22.763],[147.39956,-22.75595],[147.40872,-22.75229],[147.42829,-22.7526],[147.4281,-22.74647],[147.41708,-22.73867],[147.42748,-22.7261],[147.42655,-22.70901],[147.42019,-22.69602],[147.42259,-22.65936],[147.42705,-22.6518],[147.44451,-22.64951],[147.45764,-22.65583],[147.46185,-22.65397],[147.47014,-22.65651],[147.48228,-22.64679],[147.49441,-22.64871],[147.50543,-22.65522],[147.50877,-22.64632],[147.52515,-22.64922],[147.53263,-22.63958],[147.54635,-22.65139],[147.5576,-22.64588],[147.58121,-22.64607],[147.589,-22.63019],[147.60605,-22.62858],[147.61464,-22.62258],[147.62027,-22.5918],[147.64128,-22.58531],[147.65704,-22.59026],[147.66434,-22.58612],[147.65871,-22.57196],[147.66279,-22.5546],[147.66699,-22.5512],[147.67633,-22.55225],[147.68689,-22.53556],[147.71285,-22.52326],[147.72157,-22.5253],[147.74215,-22.54347],[147.75389,-22.52505],[147.75834,-22.52258],[147.77083,-22.52338],[147.77911,-22.51331],[147.78955,-22.51671],[147.80173,-22.53129],[147.82126,-22.53883],[147.84178,-22.52518],[147.86428,-22.52758],[147.87886,-22.52239],[147.88776,-22.52437],[147.90173,-22.52109],[147.90896,-22.5308],[147.91928,-22.53339],[147.9437,-22.55138],[147.96638,-22.52814],[147.98443,-22.51887],[147.99877,-22.50719],[148.0051,-22.50674],[148.00516,-22.49846],[148.01373,-22.48896],[148.02984,-22.4871],[148.03201,-22.47527],[148.04322,-22.47335],[148.06172,-22.45847],[148.06602,-22.44386],[148.05425,-22.43704],[148.05183,-22.43209],[148.05716,-22.4083],[148.05524,-22.40396],[148.04607,-22.40235],[148.04793,-22.39367],[148.05375,-22.38649],[148.05196,-22.38358],[148.03195,-22.38141],[148.02276,-22.3738],[148.02234,-22.36654],[148.01181,-22.3604],[148.00698,-22.35198],[148.00146,-22.35724],[147.98972,-22.35914],[147.98209,-22.35498],[147.97038,-22.33999],[147.9628,-22.33691],[147.9451,-22.33683],[147.93103,-22.32388],[147.92973,-22.31985],[147.93407,-22.31223],[147.9306,-22.2919],[147.93308,-22.28496],[147.92521,-22.27313],[147.91845,-22.26947],[147.92347,-22.25887],[147.9179,-22.25361],[147.91703,-22.24196],[147.90984,-22.23204],[147.90959,-22.21444],[147.90073,-22.19561],[147.90253,-22.179],[147.90024,-22.17008],[147.88158,-22.14331],[147.8713,-22.13438],[147.86714,-22.12434],[147.84806,-22.11251],[147.82302,-22.08952],[147.80877,-22.08202],[147.8066,-22.07712],[147.81107,-22.06572],[147.80927,-22.05928],[147.78758,-22.034],[147.78119,-21.99598],[147.78782,-21.97069],[147.78413,-21.9359],[147.79174,-21.91316],[147.78676,-21.90361],[147.78782,-21.89384],[147.78413,-21.88308],[147.7907,-21.87507],[147.79164,-21.86424],[147.81148,-21.86193],[147.81811,-21.85705],[147.83163,-21.85692],[147.85334,-21.84597],[147.86493,-21.83075],[147.8709,-21.80454],[147.86805,-21.78552],[147.85729,-21.77976],[147.83188,-21.79021],[147.81661,-21.7817],[147.81079,-21.75517],[147.80228,-21.73883],[147.80353,-21.73495],[147.80735,-21.73107],[147.83238,-21.7235],[147.85841,-21.7245],[147.88069,-21.71618],[147.93656,-21.68095],[147.95697,-21.62444],[147.96204,-21.62049],[147.97162,-21.62112],[147.96918,-21.6138],[147.97493,-21.59408],[147.99333,-21.57894],[148.01185,-21.57191],[148.02559,-21.55699],[148.0386,-21.55414],[148.05742,-21.54262],[148.0638,-21.535],[148.06727,-21.50589],[148.06196,-21.49416],[148.06772,-21.48714],[148.07298,-21.46519],[148.07887,-21.45398],[148.08818,-21.44963],[148.09577,-21.45704],[148.1098,-21.45649],[148.11488,-21.46145],[148.12285,-21.4587],[148.13167,-21.46305],[148.13902,-21.45931],[148.14545,-21.46207],[148.15084,-21.45024],[148.14947,-21.44477],[148.13969,-21.43726],[148.13614,-21.42684],[148.1574,-21.42488],[148.16585,-21.41337],[148.17504,-21.41386],[148.18355,-21.41974],[148.18655,-21.41257],[148.20322,-21.40626],[148.23066,-21.40871],[148.23997,-21.40516],[148.25492,-21.41778],[148.27378,-21.4141],[148.30466,-21.41655],[148.31103,-21.41098],[148.31146,-21.40467],[148.32218,-21.39842],[148.32408,-21.38766],[148.3397,-21.38323],[148.34876,-21.38592],[148.36071,-21.37612],[148.38564,-21.37551],[148.39764,-21.38255],[148.40457,-21.38217],[148.4045,-21.37343],[148.41051,-21.37024],[148.40891,-21.35413],[148.41725,-21.34764],[148.42521,-21.34794],[148.42692,-21.34231],[148.43635,-21.33853],[148.43875,-21.33324],[148.44279,-21.31327],[148.43991,-21.3118],[148.4393,-21.29918],[148.44628,-21.29036],[148.44536,-21.28534],[148.46974,-21.27315],[148.4755,-21.28191],[148.50184,-21.29838],[148.50874,-21.30864],[148.51415,-21.30877],[148.52242,-21.32768],[148.5333,-21.33397],[148.54027,-21.31574],[148.53696,-21.31114],[148.54239,-21.30852],[148.54352,-21.30429],[148.53859,-21.28899],[148.53928,-21.26859],[148.54401,-21.26262],[148.54382,-21.24975],[148.55321,-21.23936],[148.56417,-21.23452],[148.56378,-21.21709],[148.5603,-21.21261],[148.56341,-21.20465],[148.55881,-21.18979],[148.56838,-21.17806],[148.56652,-21.17206],[148.51166,-21.16062],[148.49355,-21.14024],[148.49271,-21.13203],[148.4981,-21.12178],[148.50421,-21.12246],[148.51888,-21.1146],[148.52242,-21.09668],[148.5297,-21.09961],[148.53953,-21.09463],[148.5478,-21.07691],[148.56224,-21.07293],[148.57087,-21.06273],[148.57958,-21.06173],[148.58045,-21.0514],[148.58872,-21.03909],[148.59614,-21.03471],[148.60244,-21.03661],[148.6045,-21.03033],[148.59537,-21.02525],[148.59762,-21.01594],[148.61142,-21.0149],[148.62399,-21.00264],[148.62716,-21.00973],[148.62652,-21.02534],[148.63832,-21.0248],[148.63723,-21.01838],[148.6432,-21.00949],[148.64121,-21.00538],[148.64467,-20.99791],[148.64101,-20.9949],[148.64169,-20.98594],[148.6352,-20.96796],[148.63668,-20.94764],[148.62711,-20.94701],[148.61419,-20.926],[148.59975,-20.91608],[148.5935,-20.8736],[148.59775,-20.87073],[148.58862,-20.8579],[148.58887,-20.85195],[148.58152,-20.84991],[148.57836,-20.84213],[148.57009,-20.83478],[148.56206,-20.83774],[148.55477,-20.8307],[148.54383,-20.82774],[148.54056,-20.82261],[148.5329,-20.82261],[148.52536,-20.81649],[148.52073,-20.80395],[148.51428,-20.79893],[148.50633,-20.80327],[148.50168,-20.8],[148.48636,-20.8015],[148.47666,-20.7976],[148.46476,-20.771],[148.46806,-20.75928],[148.46464,-20.74446],[148.46037,-20.73915],[148.44237,-20.72695],[148.43145,-20.70591],[148.42352,-20.71042],[148.41297,-20.70279],[148.4062,-20.70353],[148.39949,-20.69529],[148.37582,-20.70206],[148.36911,-20.68925],[148.37545,-20.67852],[148.35508,-20.63996],[148.34739,-20.63575],[148.33946,-20.64075],[148.33641,-20.63935],[148.33701,-20.62548],[148.33311,-20.62136],[148.33068,-20.60885],[148.31829,-20.60446],[148.31347,-20.59842],[148.30274,-20.59872],[148.29694,-20.59482],[148.29364,-20.58725],[148.29505,-20.57615],[148.28654,-20.56635],[148.27467,-20.5631],[148.27181,-20.57341],[148.26003,-20.58066],[148.24991,-20.57798],[148.22477,-20.56029],[148.21977,-20.56401],[148.2072,-20.56096],[148.19317,-20.56572],[148.18519,-20.55324],[148.17621,-20.55614],[148.1678,-20.55468],[148.16633,-20.54699],[148.16279,-20.54486],[148.16304,-20.53711],[148.15681,-20.53369],[148.15218,-20.52497],[148.13973,-20.52155],[148.13314,-20.52814],[148.11686,-20.53528],[148.11643,-20.5559],[148.12195,-20.56061],[148.12125,-20.56938],[148.11326,-20.57231],[148.09825,-20.56517],[148.09923,-20.55639],[148.09508,-20.54528],[148.08831,-20.54016],[148.07598,-20.54156],[148.07543,-20.53327],[148.06207,-20.52235],[148.06128,-20.51539],[148.05573,-20.51399],[148.05506,-20.50752],[148.05054,-20.50343],[148.0503,-20.49807],[148.05268,-20.49745],[148.04915,-20.48459],[148.04446,-20.48015],[148.04172,-20.46814],[148.02527,-20.45687],[148.01881,-20.45602],[148.0104,-20.44627],[148.00218,-20.42866],[148.0051,-20.40576],[148.02722,-20.38565],[148.02368,-20.37749],[148.02277,-20.35799],[148.03098,-20.31498],[148.02871,-20.3128],[148.01594,-20.32077],[148.01034,-20.31547],[148.00474,-20.32004],[147.989,-20.31704],[147.96847,-20.29614],[147.93441,-20.29002],[147.93257,-20.2774],[147.92424,-20.26753],[147.90874,-20.27053],[147.902,-20.26802],[147.89698,-20.24584],[147.90157,-20.2437],[147.90261,-20.23806],[147.88221,-20.21398],[147.88055,-20.20749],[147.87565,-20.20731],[147.87265,-20.1994],[147.87447,-20.1963],[147.87081,-20.19179],[147.85654,-20.19229],[147.85078,-20.18562],[147.84342,-20.15277],[147.83448,-20.14597],[147.83086,-20.12692],[147.8221,-20.12043],[147.80544,-20.12036],[147.79141,-20.11399],[147.79135,-20.10738],[147.78546,-20.10327],[147.78736,-20.09616],[147.7851,-20.09077],[147.77517,-20.09322],[147.77296,-20.10057],[147.74116,-20.0976],[147.73178,-20.11062],[147.71129,-20.10497],[147.69724,-20.10787],[147.68719,-20.12245],[147.6818,-20.12355],[147.6799,-20.12759],[147.66985,-20.12159],[147.66458,-20.11013],[147.66464,-20.098],[147.65796,-20.08985],[147.65729,-20.09426],[147.63964,-20.10027],[147.62102,-20.09427],[147.60997,-20.07912],[147.6103,-20.07153],[147.58536,-20.0613],[147.5826,-20.0534],[147.57372,-20.05095],[147.57004,-20.04458],[147.56937,-20.01284],[147.57623,-20.0083],[147.57795,-20.00181],[147.57154,-19.98495],[147.56508,-19.98867],[147.55863,-19.98743],[147.54355,-19.97662],[147.54869,-19.94827],[147.54498,-19.93627],[147.55202,-19.93162],[147.55009,-19.92433],[147.55381,-19.9144],[147.55125,-19.9016],[147.55905,-19.89666],[147.54485,-19.87839],[147.53779,-19.87638],[147.5345,-19.88199],[147.52676,-19.87809],[147.52554,-19.88966],[147.51938,-19.89615],[147.51183,-19.89423],[147.50793,-19.89783],[147.49447,-19.89883],[147.48514,-19.8964],[147.4754,-19.88475],[147.46344,-19.88216],[147.46143,-19.86466],[147.44463,-19.83703],[147.44272,-19.82334],[147.43631,-19.81699],[147.42225,-19.81415],[147.40357,-19.82023],[147.38914,-19.81705],[147.37885,-19.83098],[147.36824,-19.82796],[147.36353,-19.82451],[147.35973,-19.81483],[147.36152,-19.80891],[147.35757,-19.79288],[147.34933,-19.78339],[147.34241,-19.75909],[147.33357,-19.75475],[147.33484,-19.74831],[147.3188,-19.73297],[147.312,-19.73618],[147.30352,-19.7352],[147.29622,-19.73228],[147.287,-19.72256],[147.27986,-19.72713],[147.27579,-19.72443],[147.27886,-19.71598],[147.28961,-19.71143],[147.32183,-19.7136],[147.34679,-19.71059],[147.3685,-19.70382],[147.38957,-19.70564],[147.41756,-19.73061],[147.44938,-19.73468],[147.47786,-19.72284],[147.49574,-19.72161],[147.50891,-19.7226],[147.52012,-19.72918],[147.53425,-19.71072],[147.56265,-19.71048],[147.56299,-19.70506],[147.54839,-19.70374],[147.53777,-19.69922],[147.51513,-19.67374],[147.51707,-19.6686],[147.51397,-19.66486],[147.54305,-19.66505],[147.54333,-19.66141],[147.55538,-19.65563],[147.58417,-19.66009],[147.58836,-19.65715],[147.56752,-19.64906],[147.5632,-19.64287],[147.54622,-19.64531],[147.53328,-19.63121],[147.51485,-19.6399],[147.48748,-19.63245],[147.48292,-19.6261],[147.46664,-19.61839],[147.44753,-19.60138],[147.38528,-19.61747],[147.38142,-19.62338],[147.38183,-19.6442],[147.33677,-19.6875],[147.32188,-19.69764],[147.30226,-19.70288],[147.27514,-19.70506],[147.27066,-19.71031],[147.26262,-19.74189],[147.23854,-19.76291],[147.23018,-19.79406],[147.23292,-19.79525],[147.22771,-19.81639],[147.2321,-19.86054],[147.22245,-19.88977],[147.22216,-19.90088],[147.21283,-19.91132],[147.21526,-19.93281],[147.18236,-19.93122],[147.17779,-19.93297],[147.17429,-19.93964],[147.15214,-19.93532],[147.13038,-19.9411],[147.1035,-19.94887],[147.08703,-19.96798],[147.07335,-19.96096],[147.0702,-19.95393],[147.06279,-19.95675],[147.05935,-19.94974],[147.05172,-19.95994],[147.03407,-19.96327],[147.021,-19.97286],[147.01126,-19.97446],[146.9938,-19.9652],[146.97468,-19.97269],[146.9664,-19.98791],[146.95629,-19.98188],[146.95422,-19.98718],[146.94884,-19.98859],[146.9334,-19.97116],[146.92664,-19.97141],[146.92353,-19.96453],[146.91258,-19.95503],[146.91355,-19.94188],[146.90283,-19.93402],[146.89151,-19.93786],[146.88603,-19.93628],[146.87361,-19.9174],[146.8688,-19.92337],[146.84645,-19.92769],[146.83541,-19.92245],[146.83123,-19.93883],[146.82709,-19.9417],[146.82374,-19.94017],[146.82331,-19.93402],[146.81357,-19.93031],[146.80718,-19.93275],[146.80602,-19.9392],[146.78824,-19.94182],[146.75107,-19.92079],[146.74643,-19.90794],[146.74063,-19.90784],[146.73693,-19.91539],[146.73207,-19.91571],[146.73174,-19.90699],[146.72175,-19.90145],[146.72486,-19.89037],[146.71469,-19.89323],[146.7111,-19.8914],[146.70105,-19.89609],[146.70422,-19.90011],[146.70037,-19.90373],[146.68461,-19.90175],[146.67609,-19.90711],[146.66342,-19.90504],[146.65149,-19.90876],[146.64028,-19.90815],[146.63712,-19.88842],[146.63833,-19.87344],[146.62433,-19.86954],[146.60777,-19.85944],[146.58767,-19.83715],[146.59016,-19.83073],[146.58908,-19.81377],[146.58165,-19.80086],[146.58621,-19.79282],[146.5839,-19.77717],[146.59005,-19.77297],[146.58487,-19.76512],[146.59206,-19.74156],[146.58,-19.73194],[146.57479,-19.73545],[146.56076,-19.73291],[146.54408,-19.72311],[146.53093,-19.72493],[146.52654,-19.73072],[146.52356,-19.72719],[146.52331,-19.71757],[146.51497,-19.71032],[146.50249,-19.70549],[146.50298,-19.69973],[146.49878,-19.69668],[146.50036,-19.69291],[146.51302,-19.69248],[146.52752,-19.70027],[146.52654,-19.69589],[146.53087,-19.6881],[146.55345,-19.68134],[146.55713,-19.67582],[146.54986,-19.66569],[146.55391,-19.66364],[146.55802,-19.65375],[146.55315,-19.64693],[146.55193,-19.628],[146.55601,-19.61527],[146.5495,-19.60182],[146.54128,-19.59567],[146.54353,-19.58812],[146.5403,-19.5799],[146.54898,-19.57076],[146.5487,-19.56835],[146.54079,-19.56717],[146.54097,-19.55457],[146.5484,-19.54635],[146.55475,-19.54573],[146.55501,-19.54076],[146.55969,-19.54034],[146.56228,-19.52321],[146.56831,-19.52313],[146.5705,-19.51682],[146.5772,-19.51206],[146.58512,-19.5118],[146.586,-19.50925],[146.58024,-19.50506],[146.58247,-19.50157],[146.58041,-19.47037],[146.57525,-19.45896],[146.56353,-19.45227],[146.56059,-19.44663],[146.56679,-19.43252],[146.56041,-19.41607],[146.55635,-19.41429],[146.55188,-19.41853],[146.54034,-19.41638],[146.52445,-19.40583],[146.51801,-19.40595],[146.49206,-19.38037],[146.48392,-19.3824],[146.4817,-19.37667],[146.47178,-19.37442],[146.45457,-19.36031],[146.45396,-19.34902],[146.45716,-19.3422],[146.45296,-19.3369],[146.44556,-19.33554],[146.44483,-19.33067],[146.45523,-19.3228],[146.45515,-19.31621],[146.44415,-19.31014],[146.44236,-19.30564],[146.44507,-19.30015],[146.42503,-19.29929],[146.42324,-19.28806],[146.41245,-19.28932],[146.41239,-19.28498],[146.43046,-19.27635],[146.4262,-19.27209],[146.41917,-19.27123],[146.41159,-19.25754],[146.40179,-19.25353],[146.4066,-19.24293],[146.40142,-19.23553],[146.40431,-19.22862],[146.42152,-19.22174],[146.42262,-19.21261],[146.41153,-19.19841],[146.4119,-19.19403],[146.40247,-19.19027],[146.40092,-19.18509],[146.39335,-19.18508],[146.38859,-19.16783],[146.3831,-19.16283],[146.38358,-19.15909],[146.39488,-19.15426],[146.39445,-19.14649],[146.38486,-19.1455],[146.37842,-19.1251],[146.37231,-19.11936],[146.35505,-19.11708],[146.35036,-19.12029],[146.33717,-19.12029],[146.33413,-19.11349],[146.3227,-19.11962],[146.31026,-19.10593],[146.31318,-19.10198],[146.31213,-19.09186],[146.299,-19.07509],[146.30017,-19.06794],[146.27805,-19.06076],[146.27267,-19.04661],[146.23666,-19.04439],[146.2358,-19.04124],[146.24221,-19.03619],[146.2411,-19.03082],[146.24523,-19.02675],[146.23771,-19.01874],[146.24222,-19.01273],[146.23229,-19.01454],[146.22889,-19.01097],[146.2217,-19.01208],[146.20854,-19.00459],[146.20152,-19.0098],[146.19211,-19.00997],[146.17901,-19.00488],[146.16787,-19.01093],[146.17325,-19.00099],[146.1837,-18.99938],[146.18591,-18.99378],[146.173,-18.97777],[146.17888,-18.96727],[146.16805,-18.95197],[146.17411,-18.94904],[146.17786,-18.95086],[146.18864,-18.94099],[146.1677,-18.93688],[146.16766,-18.93274],[146.15999,-18.92816],[146.14553,-18.92816],[146.13185,-18.9218],[146.11575,-18.92822],[146.11127,-18.93306],[146.10521,-18.93318],[146.0925,-18.92283],[146.08067,-18.92269],[146.07876,-18.91502],[146.07252,-18.90781],[146.06495,-18.90521],[146.05182,-18.91593],[146.03971,-18.91841],[146.02905,-18.9106],[146.02095,-18.91816],[146.02003,-18.90374],[146.00236,-18.9027],[146.01084,-18.89186],[146.00314,-18.87785],[145.9952,-18.88221],[145.97829,-18.87692],[145.96595,-18.87945],[145.95921,-18.87174],[145.96015,-18.86723],[145.94982,-18.86302],[145.94465,-18.86416],[145.93634,-18.85603],[145.93086,-18.85633],[145.91744,-18.86476],[145.90125,-18.86518],[145.89987,-18.857],[145.90733,-18.84977],[145.9033,-18.8387],[145.88891,-18.83653],[145.8841,-18.83118],[145.87387,-18.82805],[145.86099,-18.82702],[145.85708,-18.82293],[145.84257,-18.82239],[145.83071,-18.81595],[145.82515,-18.8091],[145.82642,-18.80293],[145.8318,-18.79789],[145.83288,-18.79103],[145.82722,-18.77755],[145.83156,-18.77201],[145.82445,-18.76888],[145.81813,-18.75185],[145.81199,-18.74764],[145.7977,-18.75006],[145.78527,-18.7365],[145.77846,-18.73642],[145.77637,-18.74108],[145.77107,-18.74311],[145.76559,-18.73283],[145.75816,-18.73198],[145.75614,-18.72386],[145.75012,-18.72405],[145.74417,-18.71989],[145.74459,-18.7152],[145.73592,-18.70563],[145.74041,-18.70397],[145.74135,-18.70006],[145.73869,-18.67903],[145.74483,-18.67445],[145.74645,-18.65766],[145.74092,-18.64737],[145.74097,-18.64009],[145.72292,-18.62534],[145.72021,-18.61168],[145.70938,-18.60566],[145.71058,-18.58965],[145.70179,-18.57996],[145.7036,-18.57232],[145.69945,-18.56943],[145.70203,-18.56287],[145.70902,-18.55859],[145.6998,-18.53789],[145.6838,-18.5359],[145.68289,-18.5328],[145.68717,-18.52958],[145.68701,-18.5141],[145.69588,-18.51556],[145.69942,-18.50689],[145.70855,-18.50891],[145.71479,-18.48038],[145.7066,-18.46552],[145.70156,-18.4623],[145.69374,-18.44501],[145.68228,-18.43995],[145.68779,-18.43185],[145.67524,-18.42851],[145.67621,-18.41729],[145.65552,-18.40771],[145.6281,-18.37453],[145.61209,-18.37052],[145.60093,-18.35881],[145.54726,-18.34362],[145.53323,-18.34802],[145.52619,-18.35572],[145.50011,-18.37137],[145.49748,-18.38021],[145.49153,-18.38244],[145.48042,-18.36868],[145.47214,-18.36592],[145.46986,-18.35827],[145.45694,-18.35067],[145.44769,-18.33854],[145.44379,-18.31499],[145.43166,-18.30737],[145.42373,-18.31073],[145.40944,-18.30701],[145.40385,-18.31974],[145.36812,-18.33259],[145.34482,-18.31043],[145.3417,-18.31536],[145.32951,-18.31734],[145.31912,-18.32424],[145.29774,-18.32484],[145.28255,-18.31752],[145.27396,-18.29752],[145.25492,-18.29206],[145.24885,-18.2807],[145.23745,-18.2729],[145.23384,-18.27458],[145.22327,-18.26875],[145.21949,-18.25458],[145.20874,-18.24906],[145.20489,-18.23927],[145.19451,-18.23572],[145.19018,-18.22564],[145.17745,-18.21699],[145.17583,-18.20972],[145.15463,-18.20341],[145.15313,-18.19861],[145.16046,-18.1854],[145.14484,-18.16072],[145.13685,-18.15903],[145.12292,-18.166],[145.1195,-18.15369],[145.11181,-18.15249],[145.10076,-18.14516],[145.08845,-18.14786],[145.04887,-18.12595],[145.04107,-18.12751],[145.04263,-18.13964],[145.03896,-18.14468],[144.99064,-18.15446],[144.96253,-18.16931],[144.95312,-18.16986],[144.94225,-18.17677],[144.92703,-18.18019],[144.90131,-18.19534]]],"type":"Polygon"},"properties":{"area_sqkm":130483.02,"basin_no":"120","division":"North East Coast","division_no":"I","id":"burdekin","name":"Burdekin"},"type":"Feature"},
{"geometry":{"coordinates":[[[151.04711,-24.4002],[151.03751,-24.39192],[151.01568,-24.39776],[151.00077,-24.39221],[150.99675,-24.39428],[150.99939,-24.4032],[150.99115,-24.41175],[150.99317,-24.4296],[150.99174,-24.44091],[150.98669,-24.44971],[150.98833,-24.45826],[150.98149,-24.47741],[150.97595,-24.48409],[150.97896,-24.49106],[150.97017,-24.49672],[150.97005,-24.50297],[150.96429,-24.50753],[150.96322,-24.51461],[150.96929,-24.53269],[150.97403,-24.53572],[150.97988,-24.54778],[150.97074,-24.55014],[150.96803,-24.55507],[150.97542,-24.57739],[150.95873,-24.57676],[150.95974,-24.58124],[150.94944,-24.58643],[150.95178,-24.59174],[150.94685,-24.6016],[150.93762,-24.60552],[150.93193,-24.61747],[150.91991,-24.61545],[150.90942,-24.62044],[150.90683,-24.62879],[150.90062,-24.63511],[150.90069,-24.64042],[150.91172,-24.65277],[150.90866,-24.65262],[150.90019,-24.66255],[150.89538,-24.6628],[150.89052,-24.67766],[150.88333,-24.67798],[150.88412,-24.68169],[150.87572,-24.69618],[150.8596,-24.70403],[150.82654,-24.70674],[150.81762,-24.71401],[150.79202,-24.71028],[150.77695,-24.7174],[150.76887,-24.70965],[150.73796,-24.70036],[150.73322,-24.69517],[150.71735,-24.70314],[150.70117,-24.70346],[150.68549,-24.70226],[150.67866,-24.69726],[150.66639,-24.70181],[150.66146,-24.69612],[150.65146,-24.69241],[150.64536,-24.69673],[150.63434,-24.69834],[150.63276,-24.70763],[150.60412,-24.71364],[150.59777,-24.72528],[150.60121,-24.72868],[150.59887,-24.74588],[150.59046,-24.75246],[150.59774,-24.76131],[150.59521,-24.77338],[150.58345,-24.78223],[150.56808,-24.78419],[150.59432,-24.80986],[150.59261,-24.81859],[150.60254,-24.83401],[150.58693,-24.85197],[150.58433,-24.86506],[150.58876,-24.87138],[150.59824,-24.87011],[150.60311,-24.8741],[150.59211,-24.89028],[150.59217,-24.89629],[150.58572,-24.89256],[150.58055,-24.8969],[150.56954,-24.89812],[150.56398,-24.90311],[150.55083,-24.90685],[150.55443,-24.92619],[150.54819,-24.9281],[150.55424,-24.93378],[150.55911,-24.93416],[150.55961,-24.94503],[150.55329,-24.95559],[150.54134,-24.95856],[150.53597,-24.96482],[150.53635,-24.9702],[150.55158,-24.98391],[150.55203,-24.98967],[150.56549,-24.99488],[150.55652,-25.00253],[150.55186,-25.01903],[150.53277,-25.04055],[150.54654,-25.04247],[150.54532,-25.04937],[150.56169,-25.06108],[150.56509,-25.0733],[150.55986,-25.07871],[150.55571,-25.09243],[150.56609,-25.09961],[150.56924,-25.11522],[150.55804,-25.13235],[150.55652,-25.16093],[150.55048,-25.16465],[150.51686,-25.16679],[150.50131,-25.18265],[150.47247,-25.19259],[150.47472,-25.22342],[150.46993,-25.23665],[150.46268,-25.24321],[150.4642,-25.2485],[150.45953,-25.25682],[150.45342,-25.25701],[150.44926,-25.26325],[150.45241,-25.279],[150.44271,-25.28701],[150.44769,-25.30081],[150.44245,-25.31694],[150.4342,-25.32425],[150.42374,-25.32407],[150.41989,-25.3269],[150.41636,-25.34783],[150.40502,-25.36238],[150.41044,-25.37618],[150.39809,-25.38564],[150.39765,-25.3927],[150.40269,-25.39957],[150.39185,-25.40335],[150.39311,-25.41463],[150.3889,-25.4228],[150.40118,-25.42912],[150.40427,-25.4358],[150.37332,-25.46587],[150.37225,-25.47374],[150.37836,-25.4861],[150.39425,-25.49089],[150.40246,-25.50163],[150.40208,-25.50745],[150.39468,-25.51744],[150.40221,-25.52288],[150.40613,-25.54475],[150.40372,-25.55184],[150.41302,-25.56398],[150.40866,-25.57738],[150.40418,-25.58063],[150.4122,-25.58788],[150.41561,-25.60002],[150.42453,-25.60242],[150.42952,-25.59996],[150.44172,-25.60584],[150.43799,-25.6169],[150.44248,-25.62063],[150.44704,-25.64087],[150.45471,-25.65067],[150.44046,-25.65383],[150.43275,-25.66356],[150.43825,-25.66843],[150.43977,-25.69474],[150.43414,-25.70018],[150.43572,-25.71396],[150.43028,-25.72256],[150.43597,-25.73786],[150.42691,-25.74254],[150.42921,-25.74912],[150.42352,-25.75329],[150.42782,-25.76619],[150.42371,-25.77934],[150.41821,-25.78554],[150.40467,-25.78952],[150.37208,-25.81511],[150.37622,-25.81924],[150.40398,-25.82854],[150.40777,-25.83701],[150.40373,-25.8427],[150.41365,-25.84877],[150.4146,-25.85307],[150.41327,-25.86433],[150.40872,-25.87128],[150.40834,-25.88083],[150.4127,-25.88431],[150.41106,-25.89126],[150.40556,-25.89537],[150.38937,-25.89385],[150.38052,-25.90372],[150.37104,-25.90283],[150.36256,-25.9103],[150.34947,-25.91099],[150.34878,-25.91788],[150.35744,-25.92149],[150.35776,-25.92743],[150.34543,-25.9378],[150.34549,-25.94665],[150.33993,-25.95728],[150.32981,-25.96436],[150.33164,-25.97144],[150.32772,-25.9813],[150.31179,-25.99585],[150.30623,-25.99623],[150.30431,-26.0027],[150.30794,-26.01085],[150.30654,-26.02954],[150.31086,-26.03298],[150.31061,-26.0401],[150.30482,-26.04532],[150.31392,-26.06363],[150.31105,-26.07508],[150.31932,-26.09428],[150.32587,-26.10325],[150.33198,-26.10503],[150.32931,-26.12061],[150.33204,-26.12977],[150.32638,-26.1395],[150.33815,-26.14821],[150.33389,-26.15534],[150.3126,-26.16158],[150.31404,-26.17804],[150.31786,-26.18217],[150.33128,-26.17988],[150.34266,-26.19546],[150.35156,-26.19521],[150.35983,-26.20252],[150.41554,-26.2202],[150.47239,-26.24875],[150.47824,-26.24825],[150.48613,-26.24106],[150.49898,-26.25759],[150.51715,-26.25455],[150.53375,-26.25934],[150.55572,-26.25384],[150.56683,-26.26706],[150.58331,-26.26866],[150.59633,-26.276],[150.61217,-26.27658],[150.61754,-26.27351],[150.62597,-26.27466],[150.63069,-26.2684],[150.64027,-26.26547],[150.65815,-26.27025],[150.66811,-26.26706],[150.67756,-26.26847],[150.68931,-26.26259],[150.69493,-26.26502],[150.72406,-26.26483],[150.73236,-26.2585],[150.73881,-26.24362],[150.74832,-26.23526],[150.76786,-26.2373],[150.77482,-26.23334],[150.79494,-26.23117],[150.81499,-26.22159],[150.82828,-26.23372],[150.83875,-26.23187],[150.8489,-26.24528],[150.86327,-26.25033],[150.86514,-26.25522],[150.8777,-26.26368],[150.88479,-26.24937],[150.87885,-26.23519],[150.88128,-26.2251],[150.88748,-26.21929],[150.90951,-26.21482],[150.91992,-26.20543],[150.9031,-26.17858],[150.90734,-26.17146],[150.9187,-26.17312],[150.93224,-26.16948],[150.93786,-26.17599],[150.95022,-26.18132],[150.97413,-26.18174],[150.98716,-26.18512],[150.99444,-26.19413],[151.00691,-26.19737],[151.0144,-26.19223],[151.02252,-26.19503],[151.03141,-26.1923],[151.0342,-26.18982],[151.03446,-26.18055],[151.04182,-26.17706],[151.04817,-26.17795],[151.06531,-26.1956],[151.0601,-26.20734],[151.06721,-26.21394],[151.06975,-26.22105],[151.06797,-26.22664],[151.08461,-26.23825],[151.09064,-26.23711],[151.09921,-26.24492],[151.12098,-26.24536],[151.11925,-26.25472],[151.11007,-26.25972],[151.10864,-26.26405],[151.12314,-26.27615],[151.11609,-26.28758],[151.12523,-26.30554],[151.15139,-26.31398],[151.20267,-26.3157],[151.2188,-26.32243],[151.22832,-26.33226],[151.24229,-26.36324],[151.2381,-26.37949],[151.23835,-26.39555],[151.24368,-26.40882],[151.22445,-26.43161],[151.20084,-26.44932],[151.20794,-26.46582],[151.20909,-26.48004],[151.20426,-26.48906],[151.20998,-26.49477],[151.20602,-26.50447],[151.22964,-26.52739],[151.23468,-26.52279],[151.24826,-26.5279],[151.24894,-26.54047],[151.25835,-26.54808],[151.26566,-26.5497],[151.28443,-26.54374],[151.28886,-26.55009],[151.29013,-26.56325],[151.29408,-26.56964],[151.30125,-26.57067],[151.31263,-26.59006],[151.32459,-26.5863],[151.33397,-26.59721],[151.33503,-26.60284],[151.34813,-26.60727],[151.35528,-26.61875],[151.36862,-26.62404],[151.37272,-26.63118],[151.37894,-26.62955],[151.38716,-26.63735],[151.39492,-26.63853],[151.41006,-26.66087],[151.40587,-26.67429],[151.39535,-26.68513],[151.39928,-26.6931],[151.41753,-26.69814],[151.41404,-26.71139],[151.41785,-26.71605],[151.41372,-26.72457],[151.41846,-26.72897],[151.42139,-26.74492],[151.441,-26.75651],[151.46588,-26.76167],[151.48303,-26.75453],[151.49583,-26.75919],[151.49781,-26.7626],[151.51702,-26.76663],[151.51743,-26.78656],[151.52078,-26.79184],[151.51666,-26.7977],[151.52174,-26.80896],[151.54725,-26.82514],[151.54983,-26.83596],[151.56948,-26.85522],[151.57656,-26.87899],[151.61231,-26.89181],[151.62178,-26.90005],[151.63041,-26.89902],[151.65115,-26.91358],[151.65811,-26.9139],[151.66603,-26.90864],[151.67073,-26.9157],[151.68774,-26.92388],[151.69902,-26.93785],[151.7211,-26.94722],[151.73437,-26.94391],[151.75447,-26.94752],[151.78178,-26.94089],[151.79171,-26.93365],[151.81398,-26.9327],[151.83369,-26.91376],[151.84477,-26.89715],[151.85842,-26.88903],[151.88683,-26.88169],[151.88825,-26.87242],[151.89752,-26.86295],[151.89791,-26.84903],[151.90255,-26.83725],[151.92224,-26.8214],[151.92715,-26.80729],[151.94325,-26.7901],[151.94248,-26.78134],[151.94776,-26.77419],[151.9513,-26.75209],[151.95749,-26.75074],[151.96496,-26.7434],[151.99124,-26.73586],[151.99597,-26.73813],[152.00589,-26.72313],[152.0113,-26.72253],[152.01149,-26.71461],[152.01908,-26.70785],[152.02359,-26.69382],[152.02868,-26.6915],[152.02913,-26.68545],[152.04129,-26.67618],[152.04825,-26.67753],[152.05906,-26.66008],[152.07567,-26.66337],[152.08294,-26.65635],[152.10116,-26.653],[152.10831,-26.64631],[152.11455,-26.64676],[152.12115,-26.63808],[152.13082,-26.63938],[152.13129,-26.63073],[152.12828,-26.62694],[152.13592,-26.61335],[152.13052,-26.6006],[152.14201,-26.59598],[152.14339,-26.59249],[152.12872,-26.57551],[152.13573,-26.56404],[152.13232,-26.55019],[152.12852,-26.54691],[152.13048,-26.53635],[152.12686,-26.53045],[152.13159,-26.52203],[152.12794,-26.51917],[152.12534,-26.50693],[152.12949,-26.50584],[152.13492,-26.49629],[152.15608,-26.48901],[152.16509,-26.49186],[152.16913,-26.4885],[152.17988,-26.49259],[152.18577,-26.48959],[152.19396,-26.49406],[152.20163,-26.49221],[152.21136,-26.49733],[152.22166,-26.48997],[152.23043,-26.49247],[152.24376,-26.48624],[152.25298,-26.48572],[152.26087,-26.46965],[152.2683,-26.46872],[152.27361,-26.46335],[152.27372,-26.4542],[152.27885,-26.45255],[152.28477,-26.4524],[152.29778,-26.46515],[152.30459,-26.46597],[152.31588,-26.48086],[152.34124,-26.46879],[152.37048,-26.46229],[152.37239,-26.45629],[152.36877,-26.44346],[152.37071,-26.43841],[152.37585,-26.43626],[152.37904,-26.42756],[152.38575,-26.42648],[152.38775,-26.41983],[152.3848,-26.40979],[152.39351,-26.40665],[152.39712,-26.4093],[152.40868,-26.39866],[152.40738,-26.39271],[152.41399,-26.36846],[152.40554,-26.35304],[152.41143,-26.34754],[152.40965,-26.34313],[152.39937,-26.34624],[152.39115,-26.34306],[152.38725,-26.33596],[152.36811,-26.32372],[152.36769,-26.31108],[152.3648,-26.3084],[152.35097,-26.30686],[152.33497,-26.31472],[152.3271,-26.30333],[152.33162,-26.29182],[152.3241,-26.28052],[152.31884,-26.28009],[152.31718,-26.27441],[152.31021,-26.26871],[152.29696,-26.28272],[152.28097,-26.27965],[152.27979,-26.2859],[152.25804,-26.30602],[152.25037,-26.30142],[152.24394,-26.30733],[152.23343,-26.30057],[152.22902,-26.28484],[152.2105,-26.28682],[152.18858,-26.26846],[152.18098,-26.27388],[152.17732,-26.27388],[152.17558,-26.26926],[152.1697,-26.27263],[152.15794,-26.2707],[152.13928,-26.25785],[152.15055,-26.24105],[152.14213,-26.23372],[152.1457,-26.22758],[152.14348,-26.19947],[152.13842,-26.19602],[152.13196,-26.19766],[152.12279,-26.19502],[152.11436,-26.17091],[152.11027,-26.17388],[152.10284,-26.17097],[152.09638,-26.15969],[152.1029,-26.14118],[152.10166,-26.13251],[152.0955,-26.12722],[152.09733,-26.11051],[152.0943,-26.09578],[152.10847,-26.08353],[152.11775,-26.0864],[152.12128,-26.08349],[152.13081,-26.08337],[152.13081,-26.0799],[152.14136,-26.07293],[152.14765,-26.05873],[152.15317,-26.06171],[152.15864,-26.05571],[152.15922,-26.04437],[152.16808,-26.04339],[152.17066,-26.03307],[152.17681,-26.03294],[152.18665,-26.03978],[152.1867,-26.03638],[152.19728,-26.02622],[152.2056,-26.02424],[152.20272,-26.01912],[152.20404,-26.0056],[152.19367,-25.99228],[152.20439,-25.98522],[152.20133,-25.96566],[152.20486,-25.954],[152.19814,-25.94215],[152.18999,-25.93876],[152.18399,-25.92429],[152.18028,-25.9222],[152.17735,-25.90507],[152.17357,-25.90565],[152.1657,-25.89944],[152.1695,-25.89242],[152.16903,-25.88157],[152.16245,-25.88075],[152.15897,-25.88441],[152.14633,-25.88291],[152.14359,-25.87737],[152.13805,-25.87724],[152.13551,-25.87098],[152.12746,-25.89017],[152.11648,-25.87515],[152.1143,-25.85031],[152.11032,-25.85315],[152.10866,-25.86114],[152.09667,-25.8717],[152.08351,-25.87209],[152.06747,-25.88662],[152.05991,-25.88571],[152.04551,-25.87652],[152.04499,-25.87111],[152.05012,-25.86764],[152.04695,-25.86355],[152.05053,-25.84945],[152.0345,-25.85274],[152.02884,-25.85121],[152.02823,-25.84781],[152.03287,-25.84257],[152.02811,-25.82915],[152.03085,-25.82341],[152.03026,-25.80894],[152.03526,-25.80563],[152.03528,-25.79552],[152.03945,-25.79353],[152.0386,-25.78985],[152.02961,-25.78737],[152.02107,-25.78926],[152.01189,-25.78255],[152.00798,-25.78288],[151.99607,-25.76973],[151.99597,-25.73973],[151.9811,-25.73456],[151.97993,-25.73054],[151.98271,-25.72511],[151.98064,-25.71275],[151.98737,-25.71437],[151.99695,-25.71172],[152.00217,-25.7183],[152.0143,-25.70832],[152.01677,-25.68082],[152.01082,-25.67359],[152.01084,-25.66714],[152.02863,-25.64407],[152.03628,-25.64233],[152.04255,-25.61496],[152.04738,-25.61527],[152.05503,-25.62556],[152.06363,-25.62217],[152.0736,-25.62393],[152.08846,-25.63664],[152.09373,-25.63143],[152.10644,-25.62797],[152.11491,-25.61996],[152.10963,-25.60666],[152.11172,-25.60015],[152.12847,-25.59128],[152.13104,-25.58641],[152.13961,-25.58746],[152.14307,-25.58402],[152.15427,-25.5834],[152.16438,-25.57505],[152.16288,-25.55557],[152.17767,-25.5295],[152.17519,-25.52455],[152.17734,-25.51751],[152.17448,-25.51412],[152.15597,-25.51308],[152.14044,-25.49917],[152.13439,-25.48272],[152.13959,-25.47824],[152.14196,-25.47041],[152.14177,-25.4513],[152.13568,-25.44123],[152.12849,-25.44053],[152.11564,-25.42563],[152.1063,-25.40577],[152.10207,-25.40321],[152.10412,-25.39409],[152.10329,-25.37921],[152.09938,-25.37075],[152.10104,-25.36613],[152.092,-25.34093],[152.09293,-25.33397],[152.08565,-25.33314],[152.08892,-25.32329],[152.09661,-25.32202],[152.09264,-25.31431],[152.09944,-25.29713],[152.09482,-25.29046],[152.08847,-25.2639],[152.08924,-25.25595],[152.08257,-25.2462],[152.08174,-25.23697],[152.07045,-25.22106],[152.08822,-25.20439],[152.0854,-25.18316],[152.09041,-25.17526],[152.10002,-25.1704],[152.09771,-25.15808],[152.11218,-25.14425],[152.10733,-25.13974],[152.13086,-25.1239],[152.13939,-25.12255],[152.1569,-25.11165],[152.16376,-25.09511],[152.17691,-25.08055],[152.17691,-25.06432],[152.17351,-25.05637],[152.17588,-25.04598],[152.18659,-25.03226],[152.18749,-25.01571],[152.20077,-25.00397],[152.2039,-24.98946],[152.22283,-24.97034],[152.22424,-24.96197],[152.23383,-24.96069],[152.24495,-24.94918],[152.25275,-24.95327],[152.25992,-24.9525],[152.29918,-24.93895],[152.35084,-24.91395],[152.36313,-24.91177],[152.38057,-24.89841],[152.3954,-24.88064],[152.42469,-24.87137],[152.42603,-24.86702],[152.41945,-24.84973],[152.42575,-24.8438],[152.41094,-24.82571],[152.41861,-24.78991],[152.41343,-24.75831],[152.40888,-24.76189],[152.40093,-24.76061],[152.39643,-24.74677],[152.37781,-24.73082],[152.3659,-24.72996],[152.35358,-24.75026],[152.34885,-24.77149],[152.35167,-24.79093],[152.3422,-24.80685],[152.3149,-24.81446],[152.31126,-24.82622],[152.30736,-24.82853],[152.30199,-24.8275],[152.29975,-24.81913],[152.29649,-24.81734],[152.26989,-24.82137],[152.24278,-24.81235],[152.21349,-24.81849],[152.19988,-24.82929],[152.19821,-24.84554],[152.18664,-24.87603],[152.17053,-24.87533],[152.15749,-24.88262],[152.14444,-24.88051],[152.12475,-24.88639],[152.11644,-24.8933],[152.09662,-24.89758],[152.07968,-24.90843],[152.07283,-24.91919],[152.05339,-24.92616],[152.05084,-24.93326],[152.05659,-24.94247],[152.0515,-24.96117],[152.03996,-24.95398],[152.02421,-24.96283],[152.02251,-24.97156],[152.01209,-24.97303],[152.00196,-24.9848],[152.00358,-24.99528],[151.99911,-25.00496],[151.98485,-25.00772],[151.98159,-24.99846],[151.97388,-25.00204],[151.9712,-24.99982],[151.96735,-25.00412],[151.95933,-25.0013],[151.95209,-25.00292],[151.94855,-25.0108],[151.94175,-25.01516],[151.94175,-25.0208],[151.93412,-25.02427],[151.90005,-25.02036],[151.90268,-25.03633],[151.90017,-25.04185],[151.88869,-25.05334],[151.87797,-25.05334],[151.87599,-25.06565],[151.86912,-25.06758],[151.86906,-25.07329],[151.86533,-25.0756],[151.85731,-25.07259],[151.84224,-25.07842],[151.8339,-25.07605],[151.82543,-25.08195],[151.81465,-25.07656],[151.80214,-25.07682],[151.80002,-25.07143],[151.79091,-25.06886],[151.77583,-25.08548],[151.7782,-25.10967],[151.78423,-25.11538],[151.78501,-25.12898],[151.77239,-25.12906],[151.77224,-25.12116],[151.76159,-25.11596],[151.75857,-25.11076],[151.74779,-25.11192],[151.74375,-25.10929],[151.73502,-25.12385],[151.72238,-25.13604],[151.71654,-25.1567],[151.71224,-25.15811],[151.70442,-25.15349],[151.70236,-25.14214],[151.69755,-25.13771],[151.69774,-25.12879],[151.70403,-25.11756],[151.70389,-25.09289],[151.68966,-25.09299],[151.68151,-25.09767],[151.67642,-25.10553],[151.66021,-25.0987],[151.64821,-25.10249],[151.645,-25.11076],[151.63236,-25.10512],[151.62575,-25.11211],[151.61061,-25.11526],[151.59906,-25.10127],[151.59008,-25.09723],[151.57083,-25.10242],[151.55646,-25.10043],[151.54645,-25.09062],[151.55293,-25.08433],[151.55729,-25.06675],[151.56384,-25.05789],[151.55595,-25.04378],[151.56063,-25.03274],[151.55883,-25.02068],[151.55068,-24.99938],[151.53001,-24.99081],[151.52944,-24.97057],[151.52305,-24.96165],[151.5302,-24.94545],[151.53969,-24.94741],[151.5724,-24.93115],[151.56658,-24.92438],[151.56677,-24.91894],[151.57265,-24.91495],[151.576,-24.90742],[151.57556,-24.89129],[151.56841,-24.88832],[151.5655,-24.87769],[151.56914,-24.86944],[151.56373,-24.86143],[151.55664,-24.85845],[151.55797,-24.85314],[151.55068,-24.84335],[151.55022,-24.8357],[151.54386,-24.83308],[151.53386,-24.8346],[151.51957,-24.84175],[151.51545,-24.84017],[151.49699,-24.85011],[151.48891,-24.85068],[151.47779,-24.84302],[151.47256,-24.85005],[151.45658,-24.84986],[151.44496,-24.83969],[151.43612,-24.83704],[151.42621,-24.81671],[151.43625,-24.80806],[151.43644,-24.80395],[151.43195,-24.79928],[151.42362,-24.80073],[151.4216,-24.79505],[151.42381,-24.78905],[151.41472,-24.77756],[151.40165,-24.77459],[151.39767,-24.7708],[151.39205,-24.77175],[151.3863,-24.7655],[151.38655,-24.75735],[151.37872,-24.7463],[151.36235,-24.74245],[151.36085,-24.73519],[151.34513,-24.72338],[151.34879,-24.71416],[151.34475,-24.70722],[151.34488,-24.69926],[151.35233,-24.68461],[151.36104,-24.67842],[151.34792,-24.67112],[151.34804,-24.65923],[151.33525,-24.64346],[151.33017,-24.6454],[151.32371,-24.64312],[151.30983,-24.66554],[151.29885,-24.66996],[151.29348,-24.65853],[151.28205,-24.65455],[151.2746,-24.65759],[151.26728,-24.65373],[151.26324,-24.66106],[151.24833,-24.65866],[151.23574,-24.65229],[151.2304,-24.64552],[151.23008,-24.63883],[151.22307,-24.63833],[151.21878,-24.63397],[151.21291,-24.64527],[151.19435,-24.64099],[151.18803,-24.62986],[151.18708,-24.62134],[151.17919,-24.61774],[151.17648,-24.60783],[151.16884,-24.60208],[151.16688,-24.5933],[151.15696,-24.58421],[151.15254,-24.57424],[151.15557,-24.56716],[151.15153,-24.56034],[151.16082,-24.55239],[151.15785,-24.54127],[151.1528,-24.5361],[151.15254,-24.52795],[151.15848,-24.51955],[151.15819,-24.51096],[151.16132,-24.50964],[151.15753,-24.50585],[151.16195,-24.48786],[151.16865,-24.48498],[151.16884,-24.47885],[151.15312,-24.46545],[151.1525,-24.46037],[151.14204,-24.45762],[151.12613,-24.46933],[151.11912,-24.46638],[151.11339,-24.47501],[151.10776,-24.47124],[151.10654,-24.46257],[151.09896,-24.45756],[151.09889,-24.45117],[151.09107,-24.44215],[151.07422,-24.43896],[151.05694,-24.42712],[151.04573,-24.40947],[151.04711,-24.4002]]],"type":"Polygon"},"properties":{"area_sqkm":33281.33,"basin_no":"136","division":"North East Coast","division_no":"I","id":"burnett","name":"Burnett"},"type":"Feature"},
{"geometry":{"coordinates":[[[152.42507,-24.8706],[152.41682,-24.87552],[152.3954,-24.88064],[152.38057,-24.89841],[152.36313,-24.91177],[152.35084,-24.91395],[152.29918,-24.93895],[152.25992,-24.9525],[152.25275,-24.95327],[152.24495,-24.94918],[152.23383,-24.96069],[152.22424,-24.96197],[152.22283,-24.97034],[152.2039,-24.98946],[152.20077,-25.00397],[152.18749,-25.01571],[152.18659,-25.03226],[152.17588,-25.04598],[152.17351,-25.05637],[152.17691,-25.06432],[152.17691,-25.08055],[152.16376,-25.09511],[152.1569,-25.11165],[152.13939,-25.12255],[152.13086,-25.1239],[152.10733,-25.13974],[152.11218,-25.14425],[152.09771,-25.15808],[152.10002,-25.1704],[152.09041,-25.17526],[152.0854,-25.18316],[152.08822,-25.20439],[152.07045,-25.22106],[152.08174,-25.23697],[152.08257,-25.2462],[152.08924,-25.25595],[152.08847,-25.2639],[152.09482,-25.29046],[152.09944,-25.29713],[152.09264,-25.31431],[152.09661,-25.32202],[152.08892,-25.32329],[152.08565,-25.33314],[152.09293,-25.33397],[152.092,-25.34093],[152.10104,-25.36613],[152.09938,-25.37075],[152.10329,-25.37921],[152.10412,-25.39409],[152.10207,-25.40321],[152.1063,-25.40577],[152.11564,-25.42563],[152.12849,-25.44053],[152.13568,-25.44123],[152.14177,-25.4513],[152.14196,-25.47041],[152.13439,-25.48375],[152.14335,-25.50266],[152.15597,-25.51308],[152.17448,-25.51412],[152.17717,-25.52186],[152.18999,-25.52201],[152.19592,-25.51855],[152.21397,-25.51973],[152.21749,-25.50448],[152.21595,-25.49661],[152.21934,-25.4922],[152.2242,-25.48917],[152.23002,-25.49468],[152.24748,-25.4893],[152.25391,-25.48331],[152.25916,-25.48425],[152.2625,-25.47682],[152.27317,-25.48201],[152.27903,-25.49211],[152.27513,-25.49766],[152.27964,-25.5078],[152.27086,-25.51425],[152.26916,-25.52012],[152.27522,-25.53608],[152.28363,-25.53869],[152.28923,-25.54788],[152.29249,-25.56215],[152.29914,-25.56795],[152.30312,-25.58379],[152.32697,-25.58646],[152.33427,-25.58105],[152.34573,-25.58248],[152.36216,-25.57238],[152.38249,-25.577],[152.38662,-25.57029],[152.38764,-25.56],[152.39791,-25.55093],[152.41494,-25.56],[152.42954,-25.56339],[152.45411,-25.53536],[152.46786,-25.54462],[152.47465,-25.54377],[152.47516,-25.53908],[152.52321,-25.51753],[152.53609,-25.50211],[152.55101,-25.49547],[152.55407,-25.48985],[152.5489,-25.47606],[152.55031,-25.46866],[152.57469,-25.46061],[152.57935,-25.45116],[152.57865,-25.43954],[152.58647,-25.43363],[152.59059,-25.42505],[152.60495,-25.41669],[152.61025,-25.40539],[152.62379,-25.39779],[152.63937,-25.402],[152.66197,-25.39441],[152.67161,-25.37589],[152.6854,-25.36944],[152.68444,-25.35987],[152.68763,-25.35514],[152.70021,-25.35106],[152.70921,-25.3365],[152.71636,-25.33567],[152.72287,-25.32833],[152.7236,-25.32272],[152.74445,-25.30062],[152.76003,-25.29443],[152.76488,-25.29615],[152.77177,-25.30879],[152.78965,-25.31543],[152.7954,-25.31141],[152.81902,-25.30649],[152.83515,-25.31051],[152.84858,-25.32903],[152.86613,-25.34116],[152.87941,-25.34505],[152.87999,-25.3538],[152.88503,-25.35565],[152.88369,-25.36025],[152.89544,-25.36229],[152.89908,-25.38975],[152.92295,-25.4284],[152.91428,-25.40508],[152.91555,-25.39446],[152.90911,-25.37901],[152.91288,-25.36807],[152.91741,-25.36406],[152.90444,-25.33398],[152.90241,-25.32618],[152.9045,-25.32748],[152.90504,-25.32239],[152.90183,-25.30694],[152.89957,-25.30781],[152.90142,-25.3005],[152.90847,-25.29448],[152.90359,-25.28213],[152.89477,-25.27968],[152.85383,-25.28312],[152.83535,-25.27725],[152.82613,-25.26103],[152.82777,-25.24771],[152.81431,-25.2433],[152.80465,-25.2473],[152.80941,-25.25511],[152.80459,-25.26441],[152.77869,-25.26861],[152.72668,-25.26569],[152.69631,-25.25698],[152.67675,-25.24436],[152.66529,-25.24688],[152.66407,-25.24076],[152.65202,-25.22735],[152.64143,-25.2212],[152.63041,-25.19901],[152.61468,-25.18206],[152.59554,-25.18765],[152.58477,-25.18664],[152.58721,-25.1892],[152.56925,-25.18134],[152.55686,-25.18272],[152.54952,-25.18822],[152.54924,-25.19893],[152.54376,-25.19635],[152.53524,-25.21992],[152.53416,-25.21522],[152.5403,-25.19876],[152.53422,-25.18681],[152.55258,-25.17527],[152.53611,-25.1736],[152.54571,-25.16973],[152.56042,-25.17227],[152.5759,-25.16716],[152.61828,-25.17324],[152.62514,-25.16941],[152.63364,-25.15275],[152.58659,-25.12537],[152.56535,-25.10591],[152.54739,-25.07352],[152.54935,-25.06864],[152.53384,-25.05011],[152.49767,-24.995],[152.48735,-24.96799],[152.48521,-24.94575],[152.4879,-24.92966],[152.47713,-24.92947],[152.47443,-24.92128],[152.471,-24.91986],[152.47652,-24.92074],[152.47709,-24.92427],[152.48234,-24.92098],[152.48156,-24.92428],[152.48405,-24.92467],[152.48585,-24.92208],[152.48365,-24.92001],[152.49059,-24.92242],[152.49383,-24.91571],[152.48673,-24.89179],[152.48867,-24.88247],[152.48235,-24.87066],[152.48266,-24.8578],[152.47689,-24.84602],[152.4784,-24.83974],[152.46688,-24.82702],[152.46746,-24.81548],[152.45518,-24.80205],[152.44367,-24.79805],[152.4343,-24.78377],[152.4201,-24.77347],[152.41343,-24.75831],[152.41861,-24.78991],[152.41094,-24.82571],[152.42575,-24.8438],[152.41945,-24.84973],[152.42507,-24.8706]]],"type":"Polygon"},"properties":{"area_sqkm":3365.71,"basin_no":"137","division":"North East Coast","division_no":"I","id":"burrum","name":"Burrum"},"type":"Feature"},
{"geometry":{"coordinates":[[[150.9759,-23.6169],[150.98632,-23.64989],[150.99597,-23.6677],[150.99211,-23.67278],[150.99957,-23.67741],[151.00047,-23.68795],[150.997,-23.69715],[150.98877,-23.70377],[150.98741,-23.71998],[150.99057,-23.72416],[150.98516,-23.7403],[150.98883,-23.75676],[150.995,-23.76454],[150.99385,-23.77322],[150.99873,-23.77322],[151.00483,-23.80449],[150.99841,-23.80403],[150.9896,-23.81605],[150.98208,-23.81933],[150.98079,-23.82493],[150.957,-23.82158],[150.94915,-23.83136],[150.93874,-23.83689],[150.92369,-23.85521],[150.908,-23.84981],[150.89495,-23.85348],[150.88929,-23.86537],[150.88524,-23.86537],[150.8916,-23.87161],[150.88691,-23.89258],[150.88331,-23.89489],[150.87405,-23.89367],[150.86254,-23.90402],[150.86485,-23.92917],[150.85906,-23.93682],[150.86511,-23.94794],[150.86344,-23.95445],[150.85077,-23.96987],[150.84048,-23.97212],[150.8181,-23.97006],[150.80042,-23.95489],[150.77952,-23.95572],[150.77613,-23.96275],[150.76383,-23.95502],[150.74955,-23.95495],[150.73052,-23.94531],[150.71065,-23.94846],[150.69944,-23.95488],[150.68843,-23.94878],[150.68472,-23.94974],[150.69046,-23.97],[150.69535,-23.97495],[150.69528,-23.98106],[150.70216,-23.98852],[150.69548,-24.00602],[150.70063,-24.01219],[150.69811,-24.01609],[150.69799,-24.04242],[150.70534,-24.0509],[150.70496,-24.06228],[150.71395,-24.0724],[150.72753,-24.07862],[150.7313,-24.08559],[150.72614,-24.09345],[150.7191,-24.09716],[150.71904,-24.10394],[150.71517,-24.10834],[150.72535,-24.12183],[150.71898,-24.12732],[150.72363,-24.13681],[150.74236,-24.14177],[150.75625,-24.14064],[150.76064,-24.14617],[150.76787,-24.1468],[150.77516,-24.15315],[150.7869,-24.15398],[150.79929,-24.17345],[150.80734,-24.17326],[150.8135,-24.18093],[150.80979,-24.19632],[150.79773,-24.20741],[150.80407,-24.2099],[150.80614,-24.21662],[150.81249,-24.21631],[150.81431,-24.22171],[150.81865,-24.22372],[150.82414,-24.21662],[150.83863,-24.22215],[150.86207,-24.21976],[150.86754,-24.22976],[150.86523,-24.23563],[150.87232,-24.23925],[150.88457,-24.2388],[150.88903,-24.25357],[150.90449,-24.25577],[150.91078,-24.26275],[150.91901,-24.26608],[150.92058,-24.27664],[150.92863,-24.28091],[150.94182,-24.2788],[150.93818,-24.26784],[150.94019,-24.25741],[150.94961,-24.24421],[150.95533,-24.22774],[150.95313,-24.21693],[150.9669,-24.20543],[150.97054,-24.19594],[150.98185,-24.19456],[150.98864,-24.18884],[151.00378,-24.18773],[151.01179,-24.17627],[151.03483,-24.16149],[151.04348,-24.16333],[151.05105,-24.17183],[151.06439,-24.17915],[151.06978,-24.17615],[151.07635,-24.17765],[151.07541,-24.17014],[151.08293,-24.17496],[151.08743,-24.16732],[151.09733,-24.16726],[151.12225,-24.15154],[151.12989,-24.15116],[151.13214,-24.14803],[151.14147,-24.14903],[151.14179,-24.13369],[151.16301,-24.13106],[151.18424,-24.10307],[151.20321,-24.0965],[151.20622,-24.07884],[151.21286,-24.08153],[151.21643,-24.07352],[151.21965,-24.07325],[151.2143,-24.06155],[151.21949,-24.05091],[151.22432,-24.04703],[151.23865,-24.05035],[151.24191,-24.04239],[151.23919,-24.03786],[151.24429,-24.02649],[151.24316,-24.01979],[151.25525,-24.01822],[151.26233,-24.01309],[151.26333,-24.00157],[151.25614,-23.99329],[151.26789,-23.9912],[151.2658,-23.98893],[151.26959,-23.98261],[151.26725,-23.96941],[151.27092,-23.96417],[151.26991,-23.9569],[151.27856,-23.95431],[151.27641,-23.93764],[151.28134,-23.93448],[151.27199,-23.92677],[151.27616,-23.92412],[151.27196,-23.91339],[151.27879,-23.90774],[151.27249,-23.89505],[151.2627,-23.89229],[151.27015,-23.88127],[151.26392,-23.87606],[151.26677,-23.86592],[151.25308,-23.86211],[151.25234,-23.85597],[151.24658,-23.85119],[151.25439,-23.83947],[151.2502,-23.83014],[151.23252,-23.81731],[151.22095,-23.82274],[151.22242,-23.83413],[151.21988,-23.83444],[151.21626,-23.83158],[151.21439,-23.82235],[151.20828,-23.82103],[151.19467,-23.82624],[151.19243,-23.8216],[151.17703,-23.81825],[151.16829,-23.80925],[151.1703,-23.80534],[151.16017,-23.78753],[151.15039,-23.78267],[151.14321,-23.76638],[151.15902,-23.74644],[151.15291,-23.73913],[151.15148,-23.72827],[151.14453,-23.7206],[151.1349,-23.71644],[151.13343,-23.70652],[151.11857,-23.70453],[151.11273,-23.69705],[151.12298,-23.70082],[151.13409,-23.699],[151.12694,-23.68629],[151.12406,-23.68501],[151.12151,-23.68951],[151.12333,-23.68563],[151.11982,-23.68349],[151.11612,-23.69176],[151.11585,-23.68386],[151.11126,-23.68558],[151.09877,-23.67689],[151.10295,-23.67762],[151.1058,-23.67273],[151.11381,-23.67756],[151.12226,-23.6761],[151.11837,-23.66847],[151.10847,-23.66107],[151.09259,-23.6593],[151.09511,-23.65817],[151.08973,-23.65112],[151.08118,-23.64575],[151.07694,-23.64632],[151.06876,-23.63825],[151.05391,-23.63561],[151.05468,-23.64109],[151.0492,-23.63249],[151.04855,-23.63594],[151.04768,-23.63352],[151.04144,-23.63592],[151.04658,-23.62821],[151.02789,-23.59654],[151.03005,-23.5948],[151.0292,-23.57904],[151.02437,-23.5709],[151.01574,-23.56574],[151.01527,-23.57183],[151.01071,-23.57262],[151.00228,-23.56373],[150.97812,-23.55533],[150.9759,-23.6169]]],"type":"Polygon"},"properties":{"area_sqkm":2241.18,"basin_no":"132","division":"North East Coast","division_no":"I","id":"calliope","name":"Calliope"},"type":"Feature"},
{"geometry":{"coordinates":[[[141.59577,-14.26479],[141.54927,-14.38116],[141.52496,-14.48646],[141.55338,-14.59206],[141.5538,-14.64571],[141.56423,-14.69423],[141.5677,-14.74609],[141.58406,-14.81059],[141.58963,-14.85717],[141.60719,-14.89657],[141.62071,-14.91881],[141.62893,-14.94468],[141.63017,-14.94624],[141.62673,-14.93726],[141.63271,-14.94294],[141.62947,-14.93844],[141.63142,-14.93712],[141.64028,-14.95408],[141.63223,-14.94374],[141.63195,-14.94613],[141.65184,-14.9732],[141.66455,-15.00646],[141.66613,-15.03213],[141.66163,-15.0358],[141.65095,-15.06841],[141.65077,-15.08185],[141.65834,-15.09055],[141.6513,-15.08993],[141.64547,-15.08365],[141.64501,-15.07196],[141.64314,-15.08428],[141.64729,-15.09131],[141.65583,-15.09342],[141.66812,-15.10916],[141.67727,-15.13198],[141.67503,-15.13998],[141.68139,-15.15041],[141.68824,-15.15332],[141.70158,-15.14938],[141.70559,-15.1515],[141.7091,-15.17945],[141.7128,-15.18467],[141.737,-15.18709],[141.75301,-15.19625],[141.76998,-15.19959],[141.78623,-15.19601],[141.798,-15.17491],[141.80479,-15.17157],[141.81449,-15.17675],[141.83014,-15.19479],[141.83996,-15.20031],[141.87949,-15.20365],[141.90569,-15.19722],[141.93067,-15.1857],[142.00683,-15.12719],[142.05446,-15.10183],[142.08478,-15.07545],[142.10632,-15.06697],[142.14124,-15.06596],[142.15652,-15.06088],[142.1635,-15.05402],[142.17192,-15.03181],[142.1832,-15.01749],[142.2045,-15.01313],[142.21429,-15.00794],[142.23089,-14.98675],[142.25315,-14.971],[142.28943,-14.97189],[142.32118,-14.95387],[142.34481,-14.94701],[142.36331,-14.94743],[142.37894,-14.94188],[142.40413,-14.94009],[142.44506,-14.92361],[142.46022,-14.92523],[142.50188,-14.93999],[142.53115,-14.93267],[142.54353,-14.93439],[142.5678,-14.93029],[142.59303,-14.93272],[142.60993,-14.94343],[142.62302,-14.94034],[142.64634,-14.94284],[142.65634,-14.9504],[142.68561,-14.94355],[142.69299,-14.94706],[142.69953,-14.95855],[142.73404,-14.95867],[142.74951,-14.96604],[142.7595,-14.96229],[142.76448,-14.95127],[142.77813,-14.94191],[142.79453,-14.94875],[142.80805,-14.94801],[142.83019,-14.96164],[142.85779,-14.96878],[142.86708,-14.96634],[142.88504,-14.98252],[142.90349,-14.96979],[142.90872,-14.97104],[142.91384,-14.97788],[142.91943,-14.97854],[142.95132,-14.96973],[142.95942,-14.97848],[142.96663,-14.9794],[142.97506,-14.9683],[142.99036,-14.96709],[142.99839,-14.9595],[143.0192,-14.95597],[143.0245,-14.94775],[143.03533,-14.9496],[143.04015,-14.95817],[143.04795,-14.96091],[143.06462,-14.959],[143.07254,-14.97133],[143.08105,-14.96805],[143.09343,-14.97388],[143.09915,-14.96781],[143.1057,-14.96865],[143.12344,-14.96126],[143.13142,-14.97049],[143.14713,-14.97549],[143.15059,-14.98049],[143.15761,-14.98389],[143.16642,-14.98008],[143.17065,-14.98514],[143.17535,-14.97531],[143.18083,-14.97912],[143.18392,-14.97793],[143.1841,-14.96621],[143.19262,-14.96049],[143.20553,-14.96552],[143.21278,-14.96282],[143.23429,-14.97668],[143.25477,-14.98079],[143.27168,-14.9924],[143.27954,-14.99222],[143.29382,-15.00067],[143.30549,-14.99014],[143.30597,-14.98519],[143.31335,-14.9867],[143.31391,-14.98357],[143.3305,-14.98281],[143.33359,-14.97799],[143.33966,-14.98019],[143.34776,-14.9693],[143.36309,-14.97704],[143.36449,-14.96787],[143.36199,-14.96358],[143.36747,-14.9571],[143.3755,-14.96364],[143.38658,-14.96305],[143.38795,-14.95501],[143.39247,-14.95108],[143.3992,-14.95007],[143.40618,-14.95332],[143.4072,-14.94818],[143.41122,-14.94703],[143.41253,-14.93644],[143.42063,-14.93203],[143.42569,-14.92072],[143.43187,-14.91786],[143.43367,-14.90977],[143.45182,-14.91227],[143.46258,-14.90644],[143.45331,-14.89863],[143.44581,-14.8829],[143.44738,-14.87616],[143.4445,-14.86547],[143.45516,-14.8488],[143.45137,-14.83211],[143.43819,-14.82386],[143.42515,-14.82731],[143.42085,-14.82563],[143.41354,-14.81046],[143.40303,-14.81043],[143.40378,-14.80273],[143.39181,-14.78903],[143.39699,-14.77415],[143.40975,-14.77154],[143.40944,-14.76474],[143.4189,-14.75355],[143.41045,-14.74581],[143.40735,-14.73414],[143.40223,-14.72884],[143.40967,-14.7164],[143.40842,-14.70473],[143.42039,-14.69152],[143.41683,-14.67981],[143.42432,-14.66605],[143.43082,-14.66769],[143.43509,-14.6627],[143.44267,-14.64169],[143.44033,-14.63865],[143.44375,-14.6368],[143.44295,-14.62913],[143.45427,-14.62092],[143.45266,-14.61305],[143.4636,-14.60818],[143.46397,-14.6037],[143.47861,-14.60448],[143.47962,-14.59221],[143.48415,-14.58936],[143.47504,-14.58126],[143.4695,-14.58096],[143.46051,-14.56396],[143.4673,-14.55566],[143.46212,-14.53994],[143.47266,-14.52875],[143.472,-14.52185],[143.46665,-14.51553],[143.46855,-14.50643],[143.45938,-14.50339],[143.46278,-14.4991],[143.45855,-14.4969],[143.44873,-14.50059],[143.43182,-14.49625],[143.41836,-14.50482],[143.41588,-14.49193],[143.40782,-14.48246],[143.41385,-14.47363],[143.4157,-14.46396],[143.4248,-14.45493],[143.42735,-14.44771],[143.43705,-14.44086],[143.4453,-14.44237],[143.44942,-14.43588],[143.45937,-14.43248],[143.45539,-14.42565],[143.447,-14.4229],[143.45088,-14.41684],[143.44657,-14.41417],[143.45573,-14.39743],[143.46701,-14.39403],[143.46598,-14.38692],[143.46246,-14.38463],[143.46568,-14.38166],[143.45409,-14.37365],[143.45076,-14.37814],[143.42868,-14.38627],[143.40751,-14.38208],[143.40066,-14.36273],[143.40249,-14.35606],[143.39101,-14.3432],[143.39538,-14.33265],[143.39289,-14.32604],[143.39606,-14.31917],[143.39107,-14.31833],[143.38246,-14.2985],[143.36631,-14.29251],[143.35808,-14.30002],[143.34104,-14.29256],[143.32557,-14.30111],[143.30652,-14.29929],[143.29561,-14.31664],[143.28566,-14.32216],[143.27147,-14.32094],[143.26261,-14.31257],[143.2472,-14.32143],[143.23447,-14.32015],[143.22852,-14.31154],[143.21518,-14.31451],[143.21172,-14.32865],[143.20372,-14.33077],[143.19583,-14.35267],[143.18952,-14.36134],[143.17464,-14.36712],[143.15634,-14.36176],[143.16108,-14.36686],[143.15453,-14.38578],[143.14264,-14.40076],[143.12808,-14.40707],[143.12317,-14.41957],[143.11462,-14.4229],[143.10576,-14.41848],[143.09848,-14.42036],[143.09514,-14.41696],[143.09418,-14.4246],[143.08805,-14.43085],[143.08908,-14.43837],[143.07507,-14.4431],[143.07071,-14.44146],[143.07139,-14.43534],[143.06718,-14.43746],[143.06555,-14.45196],[143.05728,-14.45241],[143.06031,-14.46503],[143.05633,-14.46833],[143.05748,-14.47373],[143.05354,-14.47792],[143.05469,-14.48501],[143.04905,-14.49787],[143.03965,-14.49714],[143.03431,-14.4912],[143.02588,-14.49298],[143.01878,-14.4667],[143.01296,-14.45881],[143.00847,-14.45572],[142.99641,-14.45544],[142.98479,-14.43019],[142.98019,-14.43491],[142.97328,-14.43214],[142.96821,-14.44176],[142.96685,-14.45663],[142.95039,-14.47562],[142.95175,-14.48754],[142.93582,-14.49486],[142.9371,-14.49833],[142.93091,-14.50595],[142.92978,-14.51386],[142.91985,-14.51511],[142.91711,-14.52058],[142.9205,-14.52737],[142.91907,-14.53207],[142.90509,-14.53248],[142.89528,-14.5661],[142.84649,-14.58633],[142.82674,-14.58978],[142.81079,-14.58264],[142.80282,-14.56729],[142.79568,-14.56295],[142.77711,-14.56134],[142.76522,-14.55527],[142.74356,-14.56634],[142.72285,-14.56818],[142.71779,-14.56235],[142.71536,-14.54974],[142.68644,-14.53474],[142.67502,-14.51404],[142.64955,-14.50541],[142.63162,-14.49002],[142.61144,-14.48518],[142.60642,-14.47102],[142.60648,-14.46093],[142.60011,-14.4571],[142.59535,-14.44887],[142.58783,-14.4462],[142.58324,-14.45238],[142.57663,-14.45256],[142.55515,-14.43834],[142.53716,-14.43515],[142.51668,-14.41338],[142.50194,-14.40359],[142.48541,-14.39936],[142.45607,-14.40661],[142.44441,-14.42575],[142.37372,-14.431],[142.35652,-14.43653],[142.34957,-14.44213],[142.34126,-14.45639],[142.32058,-14.46935],[142.30921,-14.48396],[142.2896,-14.48949],[142.28125,-14.50445],[142.27344,-14.51108],[142.21448,-14.50356],[142.18667,-14.50929],[142.14406,-14.51114],[142.1042,-14.52015],[142.04977,-14.51263],[142.0259,-14.5029],[142.01552,-14.50231],[142.01086,-14.49246],[141.997,-14.49121],[141.97658,-14.47717],[141.9662,-14.46384],[141.95086,-14.45517],[141.93859,-14.45157],[141.91183,-14.45389],[141.88691,-14.43157],[141.86921,-14.42579],[141.85552,-14.42585],[141.84349,-14.41452],[141.84933,-14.40626],[141.84101,-14.38484],[141.82603,-14.37039],[141.81429,-14.3531],[141.80089,-14.34361],[141.77116,-14.33204],[141.72963,-14.3288],[141.67724,-14.30243],[141.64467,-14.29895],[141.62739,-14.28862],[141.61175,-14.26556],[141.59844,-14.25465],[141.59577,-14.26479]]],"type":"Polygon"},"properties":{"area_sqkm":12907.96,"basin_no":"920","division":"Gulf","division_no":"IX","id":"coleman","name":"Coleman"},"type":"Feature"},
{"geometry":{"coordinates":[[[144.96823,-20.35925],[144.96142,-20.37635],[144.942,-20.39144],[144.94424,-20.39859],[144.93103,-20.40349],[144.93247,-20.40761],[144.91526,-20.42279],[144.90792,-20.44327],[144.89371,-20.43995],[144.88216,-20.44175],[144.87472,-20.43497],[144.85836,-20.42909],[144.85559,-20.43887],[144.82513,-20.45489],[144.82174,-20.47561],[144.79838,-20.50374],[144.7825,-20.50997],[144.74353,-20.53975],[144.73274,-20.55829],[144.7054,-20.58746],[144.70054,-20.62407],[144.68777,-20.64344],[144.67965,-20.65104],[144.65405,-20.66114],[144.64129,-20.67785],[144.61865,-20.68834],[144.62626,-20.71155],[144.61971,-20.72503],[144.609,-20.72829],[144.58682,-20.72738],[144.56803,-20.73908],[144.55149,-20.73815],[144.53354,-20.74833],[144.51839,-20.75],[144.5138,-20.77085],[144.52365,-20.78122],[144.52072,-20.78986],[144.50784,-20.80545],[144.51158,-20.824],[144.50998,-20.86376],[144.51365,-20.87683],[144.50897,-20.894],[144.51295,-20.91735],[144.50972,-20.92067],[144.49524,-20.92386],[144.47873,-20.91882],[144.45945,-20.93137],[144.46144,-20.944],[144.45656,-20.95955],[144.46384,-20.9772],[144.46402,-20.99218],[144.45757,-21.02546],[144.44851,-21.03015],[144.41964,-21.03065],[144.39799,-21.04505],[144.37829,-21.05005],[144.37065,-21.05541],[144.36294,-21.07698],[144.37157,-21.10854],[144.36288,-21.13304],[144.35587,-21.13702],[144.34523,-21.13533],[144.31313,-21.15864],[144.30185,-21.15691],[144.29366,-21.15112],[144.28748,-21.15202],[144.26602,-21.15985],[144.24568,-21.17443],[144.20183,-21.17717],[144.18795,-21.1738],[144.17573,-21.17902],[144.13816,-21.1861],[144.12428,-21.18053],[144.11823,-21.18207],[144.06868,-21.24427],[144.02833,-21.2735],[143.97727,-21.27978],[143.93309,-21.30284],[143.92156,-21.30142],[143.89911,-21.28515],[143.88282,-21.28601],[143.85528,-21.30192],[143.84812,-21.3131],[143.82923,-21.33005],[143.78531,-21.34154],[143.76181,-21.35104],[143.74725,-21.36245],[143.7036,-21.37437],[143.69639,-21.38053],[143.68206,-21.3774],[143.67458,-21.38055],[143.66759,-21.37906],[143.64316,-21.36987],[143.63499,-21.36201],[143.62216,-21.39475],[143.61117,-21.44015],[143.60209,-21.44472],[143.59733,-21.45738],[143.5975,-21.47613],[143.57796,-21.49869],[143.57862,-21.5249],[143.58799,-21.53505],[143.5972,-21.56236],[143.60964,-21.57199],[143.6195,-21.59558],[143.61859,-21.60056],[143.63926,-21.60605],[143.64513,-21.62963],[143.656,-21.63929],[143.66044,-21.6526],[143.66585,-21.6585],[143.67858,-21.66202],[143.69572,-21.67341],[143.69906,-21.68124],[143.69687,-21.68966],[143.69977,-21.713],[143.70982,-21.72813],[143.71117,-21.74346],[143.72545,-21.75501],[143.7226,-21.76164],[143.72599,-21.77543],[143.70859,-21.79156],[143.69175,-21.7986],[143.68182,-21.81174],[143.68361,-21.82515],[143.67953,-21.82992],[143.67923,-21.83724],[143.68407,-21.86435],[143.68036,-21.87919],[143.69272,-21.91013],[143.68186,-21.92539],[143.68129,-21.93113],[143.68888,-21.94283],[143.6836,-21.95745],[143.68502,-21.98139],[143.6811,-21.99858],[143.68541,-22.01315],[143.67613,-22.02558],[143.67508,-22.04046],[143.68868,-22.06644],[143.68709,-22.0746],[143.6731,-22.09773],[143.66864,-22.11355],[143.6717,-22.12026],[143.69839,-22.1389],[143.71245,-22.1587],[143.73186,-22.17665],[143.74927,-22.20178],[143.76346,-22.21134],[143.77165,-22.22148],[143.79233,-22.23151],[143.80294,-22.24171],[143.83086,-22.25382],[143.8386,-22.26535],[143.83484,-22.27086],[143.80468,-22.27259],[143.80386,-22.28132],[143.79255,-22.29335],[143.78221,-22.31508],[143.76428,-22.32859],[143.76255,-22.35381],[143.74629,-22.37305],[143.73955,-22.37839],[143.7125,-22.37731],[143.70162,-22.38107],[143.70162,-22.41277],[143.6883,-22.43324],[143.69211,-22.44736],[143.68012,-22.45996],[143.67683,-22.48822],[143.66716,-22.50646],[143.65184,-22.52577],[143.64016,-22.54948],[143.61059,-22.58592],[143.60419,-22.61226],[143.58776,-22.62527],[143.56092,-22.62959],[143.51399,-22.64933],[143.49085,-22.65497],[143.47628,-22.65487],[143.47007,-22.65916],[143.46222,-22.67388],[143.44564,-22.69248],[143.43776,-22.68833],[143.43629,-22.68241],[143.42937,-22.68026],[143.4192,-22.68469],[143.40499,-22.68552],[143.38011,-22.67523],[143.36925,-22.67596],[143.35845,-22.66954],[143.35216,-22.67188],[143.32905,-22.69492],[143.32611,-22.7059],[143.31858,-22.71701],[143.30276,-22.72055],[143.28839,-22.72899],[143.28375,-22.74173],[143.28565,-22.74991],[143.27301,-22.77536],[143.26304,-22.78637],[143.25047,-22.79],[143.24739,-22.78521],[143.24269,-22.78468],[143.22673,-22.79321],[143.21825,-22.79001],[143.20362,-22.79058],[143.19057,-22.80598],[143.16643,-22.81847],[143.15898,-22.81612],[143.15034,-22.80817],[143.14427,-22.80783],[143.11016,-22.83501],[143.09923,-22.83577],[143.09045,-22.84173],[143.08773,-22.84743],[143.08243,-22.84884],[143.05204,-22.84119],[143.02834,-22.83967],[143.00122,-22.81591],[142.99256,-22.80227],[142.96471,-22.78845],[142.95431,-22.74831],[142.94056,-22.73559],[142.93791,-22.7278],[142.94352,-22.72051],[142.94485,-22.71218],[142.92788,-22.70258],[142.91685,-22.70049],[142.84525,-22.70495],[142.82649,-22.7128],[142.78717,-22.70392],[142.77601,-22.71145],[142.7606,-22.70642],[142.74516,-22.70592],[142.6828,-22.71003],[142.65802,-22.70145],[142.63701,-22.70128],[142.6241,-22.70482],[142.61386,-22.71395],[142.60359,-22.74824],[142.59118,-22.76877],[142.57116,-22.79118],[142.56056,-22.81231],[142.54691,-22.82608],[142.54307,-22.84189],[142.53363,-22.85517],[142.53096,-22.86196],[142.53265,-22.89384],[142.55056,-22.92453],[142.56172,-22.95943],[142.55486,-22.97984],[142.56132,-22.98899],[142.56989,-22.99419],[142.58209,-23.01826],[142.59434,-23.02786],[142.60333,-23.04152],[142.62161,-23.05156],[142.63433,-23.06515],[142.65448,-23.07699],[142.65768,-23.08936],[142.66692,-23.09735],[142.66246,-23.10185],[142.65426,-23.10351],[142.65212,-23.11442],[142.64465,-23.12606],[142.65607,-23.14079],[142.65246,-23.15801],[142.65426,-23.17398],[142.66443,-23.21027],[142.69018,-23.25277],[142.7067,-23.29791],[142.71773,-23.3184],[142.7144,-23.33808],[142.71785,-23.3446],[142.73183,-23.35637],[142.7382,-23.35669],[142.74394,-23.35247],[142.74897,-23.35435],[142.75543,-23.36362],[142.74863,-23.38388],[142.7408,-23.39201],[142.73152,-23.39412],[142.73518,-23.40993],[142.72646,-23.41956],[142.7267,-23.42451],[142.74068,-23.42672],[142.75145,-23.44123],[142.75692,-23.44273],[142.76238,-23.43778],[142.77468,-23.43512],[142.79308,-23.43705],[142.79916,-23.45581],[142.80574,-23.45775],[142.81279,-23.46832],[142.82961,-23.46683],[142.83095,-23.47237],[142.82893,-23.47894],[142.82332,-23.48187],[142.818,-23.47904],[142.81397,-23.48286],[142.81095,-23.4917],[142.81737,-23.50438],[142.80496,-23.51103],[142.80422,-23.51966],[142.79666,-23.53216],[142.78847,-23.52569],[142.78592,-23.52914],[142.786,-23.54283],[142.77743,-23.54408],[142.77296,-23.53574],[142.7665,-23.53803],[142.76446,-23.54234],[142.77005,-23.55746],[142.78672,-23.56407],[142.803,-23.57837],[142.80232,-23.58732],[142.81082,-23.5986],[142.82221,-23.60526],[142.82098,-23.65989],[142.81848,-23.66499],[142.80101,-23.66779],[142.79486,-23.67498],[142.79689,-23.68473],[142.79432,-23.69783],[142.7987,-23.70711],[142.79277,-23.71497],[142.7903,-23.71713],[142.77856,-23.71551],[142.77045,-23.71904],[142.76836,-23.7266],[142.76217,-23.7324],[142.74944,-23.7357],[142.74398,-23.74704],[142.7459,-23.75624],[142.74188,-23.77318],[142.74949,-23.78101],[142.73167,-23.78035],[142.72094,-23.79876],[142.69561,-23.80699],[142.70805,-23.81068],[142.71407,-23.81899],[142.71473,-23.8293],[142.70872,-23.8467],[142.71506,-23.85445],[142.72376,-23.858],[142.72258,-23.8667],[142.74703,-23.89199],[142.75546,-23.91675],[142.77148,-23.94735],[142.77792,-23.97258],[142.81365,-24.00267],[142.81753,-24.01919],[142.82295,-24.02818],[142.81751,-24.04014],[142.82512,-24.04943],[142.82448,-24.05419],[142.82015,-24.05855],[142.81744,-24.06989],[142.80671,-24.07953],[142.80483,-24.09325],[142.79082,-24.08653],[142.76843,-24.09437],[142.75916,-24.1063],[142.74272,-24.10358],[142.7329,-24.10748],[142.73257,-24.11139],[142.73997,-24.11972],[142.73186,-24.13412],[142.71295,-24.14216],[142.7054,-24.15351],[142.69232,-24.15875],[142.68279,-24.16994],[142.6773,-24.18576],[142.68421,-24.19524],[142.6822,-24.20093],[142.67993,-24.20531],[142.67339,-24.20719],[142.67133,-24.21865],[142.66309,-24.22681],[142.66019,-24.23925],[142.64711,-24.25991],[142.60183,-24.28113],[142.59113,-24.29395],[142.59215,-24.32562],[142.60459,-24.34095],[142.60671,-24.34816],[142.60094,-24.37298],[142.61068,-24.38078],[142.63785,-24.38416],[142.64721,-24.38928],[142.64827,-24.41764],[142.64431,-24.43954],[142.63293,-24.44814],[142.6061,-24.48222],[142.57377,-24.50775],[142.54374,-24.52381],[142.539,-24.54273],[142.52592,-24.5653],[142.51807,-24.57106],[142.51412,-24.58192],[142.49185,-24.58014],[142.47923,-24.59141],[142.46255,-24.59421],[142.44335,-24.60977],[142.42033,-24.61847],[142.40076,-24.63643],[142.38449,-24.63422],[142.37562,-24.63686],[142.33488,-24.62892],[142.31608,-24.63109],[142.27206,-24.62298],[142.25145,-24.64935],[142.2445,-24.65076],[142.24017,-24.6554],[142.23669,-24.67701],[142.22914,-24.68968],[142.22986,-24.69385],[142.22399,-24.6991],[142.22492,-24.70405],[142.22095,-24.70482],[142.21526,-24.71331],[142.21329,-24.70507],[142.19016,-24.69611],[142.18094,-24.70436],[142.17486,-24.70309],[142.17165,-24.70567],[142.16212,-24.70679],[142.1565,-24.7006],[142.15196,-24.70352],[142.14851,-24.71426],[142.13943,-24.71977],[142.1234,-24.72031],[142.11771,-24.72368],[142.1181,-24.73513],[142.10222,-24.74735],[142.10213,-24.76427],[142.08579,-24.77051],[142.08045,-24.78053],[142.0704,-24.78702],[142.06417,-24.79868],[142.07029,-24.82508],[142.06056,-24.83203],[142.05643,-24.8464],[142.06595,-24.84756],[142.07513,-24.84213],[142.08089,-24.84604],[142.07765,-24.85203],[142.08198,-24.85795],[142.07889,-24.86911],[142.08098,-24.87309],[142.08964,-24.87572],[142.08715,-24.87915],[142.09444,-24.88086],[142.10162,-24.88742],[142.09335,-24.91329],[142.09921,-24.92996],[142.10655,-24.93663],[142.10356,-24.94082],[142.09511,-24.93494],[142.08153,-24.93485],[142.0776,-24.9439],[142.07993,-24.9556],[142.07232,-24.95676],[142.07347,-24.96171],[142.06564,-24.97362],[142.06668,-24.99282],[142.0568,-24.99322],[142.05011,-24.99867],[142.03577,-25.00168],[142.03993,-25.00976],[142.03897,-25.01922],[142.04701,-25.02921],[142.03654,-25.04245],[142.03832,-25.05371],[142.03251,-25.05775],[142.02389,-25.05425],[142.01424,-25.05792],[142.00962,-25.06556],[142.00531,-25.067],[142.00155,-25.07638],[141.99051,-25.07034],[141.96395,-25.07031],[141.94984,-25.06611],[141.93846,-25.06918],[141.92579,-25.07814],[141.92942,-25.09491],[141.92288,-25.09517],[141.92154,-25.10269],[141.91403,-25.10993],[141.91194,-25.1178],[141.90138,-25.1177],[141.88956,-25.13852],[141.87807,-25.14113],[141.86771,-25.15042],[141.86454,-25.16486],[141.87191,-25.1795],[141.88746,-25.18939],[141.8905,-25.1959],[141.87919,-25.21142],[141.87537,-25.22403],[141.86249,-25.22353],[141.85607,-25.23626],[141.85713,-25.24412],[141.8539,-25.25188],[141.86016,-25.25755],[141.87161,-25.26058],[141.87433,-25.27041],[141.86786,-25.27824],[141.87471,-25.2865],[141.86564,-25.30879],[141.85478,-25.31397],[141.86353,-25.32867],[141.86277,-25.34123],[141.84773,-25.35227],[141.84705,-25.36022],[141.83749,-25.36478],[141.83255,-25.38561],[141.81667,-25.39384],[141.8216,-25.40011],[141.81486,-25.41548],[141.80192,-25.42504],[141.78239,-25.4237],[141.77116,-25.43795],[141.76649,-25.45109],[141.77069,-25.45905],[141.76798,-25.4688],[141.75242,-25.49751],[141.73634,-25.50814],[141.71959,-25.52751],[141.70126,-25.53553],[141.6995,-25.54038],[141.69108,-25.54412],[141.66079,-25.57145],[141.65673,-25.57431],[141.6533,-25.57148],[141.64759,-25.58179],[141.63562,-25.5841],[141.62476,-25.59218],[141.5975,-25.59078],[141.5925,-25.56865],[141.59357,-25.55993],[141.5851,-25.55271],[141.52292,-25.55153],[141.46358,-25.52356],[141.43504,-25.52587],[141.42031,-25.53078],[141.40689,-25.54747],[141.4052,-25.55313],[141.4102,-25.56392],[141.4025,-25.56504],[141.39583,-25.57266],[141.38627,-25.57225],[141.38287,-25.57571],[141.37228,-25.5776],[141.37261,-25.58197],[141.35925,-25.58998],[141.33109,-25.59195],[141.33027,-25.59733],[141.34135,-25.60439],[141.3498,-25.6164],[141.34761,-25.62174],[141.35624,-25.64148],[141.35661,-25.65324],[141.34926,-25.66577],[141.35303,-25.67202],[141.34464,-25.67987],[141.34875,-25.69064],[141.34717,-25.69954],[141.36237,-25.70545],[141.36272,-25.71195],[141.37104,-25.71471],[141.37783,-25.72496],[141.37679,-25.73215],[141.36936,-25.74009],[141.37291,-25.74988],[141.37156,-25.75602],[141.36241,-25.75696],[141.35817,-25.76378],[141.35655,-25.78212],[141.36026,-25.79046],[141.35209,-25.79385],[141.36144,-25.8062],[141.35609,-25.8179],[141.36024,-25.8269],[141.33807,-25.85878],[141.32372,-25.86016],[141.32641,-25.87101],[141.33734,-25.87819],[141.32801,-25.90414],[141.32141,-25.90638],[141.3115,-25.91893],[141.29922,-25.91747],[141.29605,-25.92101],[141.30125,-25.93999],[141.29057,-25.93911],[141.27125,-25.9512],[141.26764,-25.96327],[141.26985,-25.9749],[141.26218,-25.98431],[141.27734,-26.00294],[141.26295,-26.00484],[141.25757,-26.02656],[141.24792,-26.0421],[141.24837,-26.0507],[141.23897,-26.05477],[141.22732,-26.06683],[141.22794,-26.07476],[141.21935,-26.08275],[141.21933,-26.10092],[141.2129,-26.10186],[141.21093,-26.10602],[141.2154,-26.11447],[141.21183,-26.1232],[141.18854,-26.15188],[141.17143,-26.15485],[141.16875,-26.15974],[141.16602,-26.17989],[141.15843,-26.19107],[141.16314,-26.19649],[141.16359,-26.20459],[141.1714,-26.20957],[141.17003,-26.22093],[141.15828,-26.23464],[141.15913,-26.24769],[141.15499,-26.25606],[141.14363,-26.25903],[141.13107,-26.27196],[141.11615,-26.27159],[141.10344,-26.27998],[141.0972,-26.2803],[141.09714,-26.27158],[141.09109,-26.2682],[141.08088,-26.27812],[141.07984,-26.28471],[141.08574,-26.28972],[141.08972,-26.30299],[141.09811,-26.31109],[141.09682,-26.32355],[141.10236,-26.33471],[141.09972,-26.34054],[141.091,-26.34286],[141.08969,-26.35023],[141.09757,-26.35952],[141.08663,-26.38379],[141.07508,-26.38449],[141.06184,-26.37186],[141.05102,-26.36985],[141.04139,-26.36103],[141.02214,-26.36103],[141.01131,-26.37146],[140.99945,-26.37146],[140.9993,-28.85661],[141.00761,-28.84694],[141.01808,-28.81565],[141.02885,-28.81817],[141.04889,-28.83644],[141.06943,-28.83867],[141.07519,-28.85456],[141.07692,-28.89368],[141.08756,-28.92291],[141.08602,-28.96353],[141.10077,-28.9857],[141.10488,-28.99909],[141.94903,-28.99907],[141.95065,-28.99628],[141.95776,-28.99907],[141.96342,-28.99616],[141.97292,-28.97314],[141.98003,-28.96978],[141.99534,-28.98457],[142.0386,-28.98013],[142.04005,-28.96981],[142.05331,-28.96676],[142.05622,-28.96266],[142.04934,-28.92238],[142.06356,-28.91679],[142.06255,-28.90004],[142.068,-28.89259],[142.05941,-28.88698],[142.04948,-28.8887],[142.04813,-28.88076],[142.04098,-28.87405],[142.0689,-28.83397],[142.06868,-28.82907],[142.06324,-28.82559],[142.06896,-28.82009],[142.06299,-28.80509],[142.0674,-28.80012],[142.07805,-28.75515],[142.08409,-28.75075],[142.09005,-28.75262],[142.10412,-28.73764],[142.10341,-28.71801],[142.10863,-28.70549],[142.10778,-28.68447],[142.11058,-28.67375],[142.11867,-28.66208],[142.13495,-28.64858],[142.14421,-28.61911],[142.16031,-28.6082],[142.16791,-28.59596],[142.16841,-28.58294],[142.15697,-28.5549],[142.15955,-28.55172],[142.1673,-28.55214],[142.17468,-28.54421],[142.16737,-28.52214],[142.17455,-28.51312],[142.20172,-28.50762],[142.21007,-28.50198],[142.21399,-28.49436],[142.21101,-28.47733],[142.21371,-28.4726],[142.25325,-28.46874],[142.2715,-28.44647],[142.29396,-28.43936],[142.29968,-28.43207],[142.29834,-28.42488],[142.28933,-28.41411],[142.29342,-28.4032],[142.28814,-28.39454],[142.29037,-28.38768],[142.2718,-28.38076],[142.26495,-28.369],[142.26472,-28.36463],[142.27084,-28.35768],[142.26416,-28.34874],[142.26468,-28.34107],[142.27183,-28.33245],[142.26326,-28.3249],[142.27095,-28.31893],[142.2745,-28.30675],[142.32272,-28.28285],[142.3462,-28.28655],[142.36065,-28.28358],[142.36422,-28.27434],[142.37171,-28.27026],[142.38821,-28.27027],[142.4011,-28.27438],[142.41033,-28.26626],[142.41511,-28.25546],[142.42396,-28.25044],[142.4221,-28.24642],[142.43585,-28.23654],[142.44653,-28.23208],[142.45745,-28.23563],[142.46693,-28.23476],[142.52294,-28.21334],[142.53751,-28.19853],[142.5704,-28.17367],[142.60726,-28.15331],[142.61364,-28.1421],[142.6218,-28.14378],[142.62772,-28.13568],[142.63479,-28.13253],[142.64515,-28.13772],[142.64455,-28.14911],[142.6518,-28.15241],[142.6646,-28.17165],[142.6827,-28.1738],[142.68621,-28.1677],[142.68162,-28.15578],[142.70255,-28.15995],[142.71293,-28.15645],[142.71651,-28.14851],[142.70977,-28.14379],[142.70829,-28.13884],[142.73285,-28.13541],[142.74668,-28.11597],[142.75789,-28.11218],[142.77041,-28.1028],[142.7824,-28.10143],[142.78894,-28.08693],[142.801,-28.07853],[142.80321,-28.06904],[142.81395,-28.06846],[142.82367,-28.05189],[142.83567,-28.05506],[142.84447,-28.06686],[142.8685,-28.06634],[142.87633,-28.06151],[142.88631,-28.04867],[142.91486,-28.0432],[142.92502,-28.03841],[142.94048,-28.01769],[142.96861,-27.99958],[142.97748,-27.98911],[142.99609,-27.98191],[143.03776,-27.94402],[143.05687,-27.93894],[143.07498,-27.94726],[143.08403,-27.94748],[143.09001,-27.93267],[143.09878,-27.92616],[143.0975,-27.91276],[143.10486,-27.90595],[143.11303,-27.88983],[143.12556,-27.88121],[143.12574,-27.86172],[143.13513,-27.83686],[143.14569,-27.83243],[143.17166,-27.84169],[143.18312,-27.82587],[143.19522,-27.82161],[143.19522,-27.81212],[143.2039,-27.80514],[143.20121,-27.80076],[143.18795,-27.79421],[143.19329,-27.78359],[143.18623,-27.77879],[143.18861,-27.76781],[143.19947,-27.76459],[143.21105,-27.7479],[143.21559,-27.73383],[143.2106,-27.72432],[143.23184,-27.72275],[143.23475,-27.70925],[143.26647,-27.67401],[143.26292,-27.66112],[143.26966,-27.65355],[143.26723,-27.64894],[143.25037,-27.64364],[143.25178,-27.631],[143.26011,-27.6308],[143.26208,-27.62241],[143.25806,-27.61274],[143.24223,-27.59675],[143.23707,-27.58563],[143.23826,-27.58011],[143.24633,-27.57531],[143.24471,-27.56611],[143.24764,-27.56066],[143.24044,-27.55626],[143.23597,-27.54888],[143.22767,-27.54861],[143.2216,-27.53898],[143.22878,-27.53079],[143.24253,-27.52516],[143.24016,-27.51094],[143.24628,-27.49976],[143.26044,-27.50004],[143.27032,-27.49629],[143.28921,-27.50395],[143.29772,-27.5133],[143.34314,-27.49288],[143.36736,-27.46001],[143.36966,-27.45019],[143.3864,-27.44582],[143.37909,-27.44137],[143.376,-27.42525],[143.37873,-27.42003],[143.37746,-27.41416],[143.38204,-27.41113],[143.37775,-27.40749],[143.37803,-27.4022],[143.37296,-27.3988],[143.36704,-27.38337],[143.36847,-27.38038],[143.39507,-27.3711],[143.40926,-27.35849],[143.4171,-27.34518],[143.4318,-27.35171],[143.44338,-27.34933],[143.45658,-27.32787],[143.46469,-27.32208],[143.47106,-27.32239],[143.47834,-27.32941],[143.48593,-27.3307],[143.48996,-27.32071],[143.4986,-27.31741],[143.50623,-27.3078],[143.5082,-27.30236],[143.49405,-27.28312],[143.49332,-27.27208],[143.48465,-27.2513],[143.50665,-27.24014],[143.51459,-27.23096],[143.51854,-27.21746],[143.51649,-27.19101],[143.52983,-27.17707],[143.53416,-27.16368],[143.53397,-27.14614],[143.53142,-27.13941],[143.52545,-27.13549],[143.52971,-27.13245],[143.52135,-27.11449],[143.52093,-27.08454],[143.52774,-27.08191],[143.53642,-27.07031],[143.54663,-27.07045],[143.54513,-27.05493],[143.56306,-27.03979],[143.57301,-27.00939],[143.58265,-27.002],[143.60424,-26.99997],[143.64839,-27.00671],[143.72415,-27.00837],[143.74049,-27.01143],[143.75639,-27.00995],[143.76203,-27.00345],[143.77786,-27.00278],[143.78721,-26.99629],[143.78837,-26.98042],[143.79952,-26.9648],[143.80154,-26.95641],[143.79064,-26.93639],[143.76965,-26.92111],[143.77052,-26.9122],[143.77847,-26.89826],[143.76464,-26.87859],[143.76229,-26.86825],[143.77383,-26.85166],[143.78028,-26.83071],[143.7711,-26.81637],[143.7467,-26.81243],[143.75721,-26.7771],[143.78423,-26.74947],[143.80048,-26.74849],[143.83703,-26.75773],[143.84681,-26.75666],[143.86742,-26.74554],[143.86567,-26.72175],[143.8684,-26.71886],[143.88795,-26.71545],[143.90894,-26.71887],[143.92248,-26.71559],[143.92736,-26.70649],[143.92701,-26.68781],[143.94071,-26.67717],[143.94294,-26.66204],[143.93448,-26.64518],[143.9345,-26.63363],[143.94245,-26.6267],[143.95075,-26.62516],[143.95659,-26.6183],[143.95684,-26.60186],[143.94782,-26.5869],[143.94919,-26.57936],[143.97005,-26.57536],[143.96965,-26.55708],[143.97629,-26.54354],[144.00405,-26.52031],[144.01178,-26.51669],[144.02562,-26.51933],[144.04694,-26.51402],[144.06275,-26.50595],[144.0686,-26.49397],[144.08345,-26.48838],[144.0825,-26.45172],[144.0862,-26.44435],[144.09696,-26.43651],[144.0965,-26.42258],[144.08858,-26.41787],[144.04639,-26.42107],[144.02368,-26.4151],[144.01097,-26.37672],[144.01326,-26.37108],[144.0249,-26.36181],[144.02579,-26.35237],[144.00456,-26.3449],[143.98903,-26.32725],[144.01137,-26.32314],[144.02116,-26.31525],[144.01312,-26.29212],[144.01775,-26.27312],[144.01761,-26.25229],[144.00256,-26.23198],[143.99345,-26.22693],[143.98955,-26.20913],[144.00284,-26.1868],[144.00511,-26.1628],[144.01349,-26.14633],[144.01762,-26.10178],[144.00712,-26.03583],[143.987,-26.00882],[143.98938,-26.00306],[144.00056,-25.99798],[144.00828,-25.98944],[144.01431,-25.93129],[144.01112,-25.87409],[143.99958,-25.82652],[143.99932,-25.78927],[143.99151,-25.74593],[143.99665,-25.69864],[144.018,-25.6885],[144.03935,-25.69017],[144.0554,-25.6877],[144.06986,-25.71728],[144.06604,-25.73389],[144.07451,-25.73306],[144.08687,-25.72522],[144.11027,-25.73507],[144.14071,-25.7324],[144.19983,-25.75737],[144.21058,-25.75679],[144.21773,-25.75084],[144.22462,-25.75012],[144.23088,-25.74149],[144.2381,-25.69928],[144.25175,-25.65121],[144.28159,-25.59045],[144.28729,-25.5748],[144.2897,-25.55351],[144.3266,-25.52831],[144.36876,-25.50836],[144.39309,-25.47084],[144.42838,-25.43147],[144.44489,-25.418],[144.50672,-25.38608],[144.53368,-25.35843],[144.54262,-25.31192],[144.54829,-25.30167],[144.56552,-25.288],[144.57095,-25.27994],[144.57219,-25.26382],[144.56764,-25.25266],[144.57324,-25.24367],[144.58028,-25.20372],[144.59604,-25.195],[144.59903,-25.16766],[144.62283,-25.13268],[144.62257,-25.12474],[144.60537,-25.10163],[144.5986,-25.08656],[144.59318,-25.04408],[144.58206,-25.02522],[144.57801,-24.99636],[144.58139,-24.98877],[144.60174,-24.975],[144.60574,-24.96891],[144.60762,-24.93859],[144.60092,-24.90891],[144.60151,-24.90299],[144.60825,-24.89543],[144.60435,-24.87732],[144.60885,-24.87182],[144.60897,-24.86082],[144.61794,-24.84106],[144.64268,-24.8159],[144.64973,-24.77512],[144.66415,-24.75779],[144.67574,-24.75335],[144.69161,-24.76026],[144.72649,-24.80392],[144.76368,-24.81701],[144.76931,-24.82411],[144.76391,-24.83722],[144.76411,-24.86422],[144.77819,-24.87025],[144.79429,-24.86973],[144.80062,-24.89462],[144.8619,-24.90132],[144.86344,-24.91025],[144.85749,-24.93931],[144.8601,-24.95013],[144.85792,-24.96112],[144.86594,-24.97065],[144.86669,-24.99236],[144.87531,-25.01442],[144.88468,-25.02797],[144.89639,-25.03714],[144.94025,-25.03399],[144.95432,-25.03595],[144.9591,-25.03334],[144.96221,-25.0244],[144.97808,-25.02169],[145.00667,-25.00343],[145.00977,-25.01585],[145.01609,-25.01876],[145.02447,-25.01843],[145.0432,-25.0096],[145.05903,-25.00872],[145.08024,-25.01558],[145.08059,-25.02053],[145.09188,-25.02232],[145.09697,-25.03208],[145.12473,-25.0339],[145.13215,-25.04129],[145.1325,-25.04831],[145.11634,-25.05646],[145.10142,-25.07133],[145.10322,-25.0898],[145.118,-25.10539],[145.10868,-25.14148],[145.10982,-25.15437],[145.12215,-25.15725],[145.1283,-25.16269],[145.14161,-25.16008],[145.15162,-25.16821],[145.16378,-25.16313],[145.18427,-25.17074],[145.20276,-25.16062],[145.22286,-25.16448],[145.23998,-25.15735],[145.26178,-25.16218],[145.31505,-25.16162],[145.33559,-25.15578],[145.36771,-25.16208],[145.37293,-25.1678],[145.37593,-25.1903],[145.40282,-25.21211],[145.4029,-25.22133],[145.3976,-25.23155],[145.37433,-25.23661],[145.37232,-25.26138],[145.38492,-25.26492],[145.41841,-25.25991],[145.43224,-25.24162],[145.45015,-25.23809],[145.45572,-25.24047],[145.46286,-25.23351],[145.47295,-25.2389],[145.48236,-25.23146],[145.48108,-25.22145],[145.48467,-25.22045],[145.50781,-25.22631],[145.52219,-25.22273],[145.54175,-25.2382],[145.57375,-25.24874],[145.5885,-25.23997],[145.59981,-25.22961],[145.60362,-25.22148],[145.60291,-25.21376],[145.59164,-25.2058],[145.59128,-25.19906],[145.59648,-25.19221],[145.61162,-25.18817],[145.61313,-25.17269],[145.62617,-25.14185],[145.65013,-25.11215],[145.6701,-25.0698],[145.67729,-25.06492],[145.70105,-25.06032],[145.74551,-25.02989],[145.74972,-25.02549],[145.75721,-25.00299],[145.79556,-24.97052],[145.81431,-24.9688],[145.84474,-24.97353],[145.86494,-24.96802],[145.87649,-24.95679],[145.89192,-24.93289],[145.89723,-24.91125],[145.91549,-24.89718],[145.92445,-24.90002],[145.93867,-24.91227],[145.96874,-24.91789],[146.01385,-24.9179],[146.05105,-24.90512],[146.06618,-24.90389],[146.06962,-24.90612],[146.07092,-24.91541],[146.08762,-24.92935],[146.08643,-24.94051],[146.10221,-24.96233],[146.10123,-24.97954],[146.11283,-24.99104],[146.12705,-24.9963],[146.14043,-24.99533],[146.21873,-24.96312],[146.23775,-24.95985],[146.27205,-24.96684],[146.30204,-24.98605],[146.32022,-24.97855],[146.32793,-24.98694],[146.35099,-24.98359],[146.38463,-25.00006],[146.40653,-25.00553],[146.43761,-25.00442],[146.47495,-25.01076],[146.50562,-25.00439],[146.51332,-24.99897],[146.51654,-24.99209],[146.51534,-24.98695],[146.50701,-24.97874],[146.50601,-24.95355],[146.50967,-24.93833],[146.52248,-24.91865],[146.54597,-24.8992],[146.55005,-24.89112],[146.54967,-24.8857],[146.53662,-24.87225],[146.54481,-24.85155],[146.57388,-24.84903],[146.58641,-24.84409],[146.6037,-24.85112],[146.60989,-24.85038],[146.61145,-24.84607],[146.60602,-24.83743],[146.60695,-24.83301],[146.62381,-24.82863],[146.63806,-24.80642],[146.63316,-24.78989],[146.61917,-24.77552],[146.6198,-24.76614],[146.66176,-24.75066],[146.66797,-24.73672],[146.68094,-24.73638],[146.68797,-24.72666],[146.70535,-24.72412],[146.71202,-24.71934],[146.71534,-24.70837],[146.721,-24.70946],[146.73124,-24.69383],[146.74328,-24.69072],[146.76119,-24.67247],[146.75097,-24.65429],[146.71721,-24.62098],[146.68524,-24.62427],[146.6708,-24.61663],[146.66599,-24.61009],[146.67006,-24.58614],[146.67881,-24.5767],[146.67802,-24.57195],[146.67151,-24.56427],[146.666,-24.56359],[146.66117,-24.55285],[146.66114,-24.54245],[146.64771,-24.52977],[146.64546,-24.51514],[146.6367,-24.49735],[146.62541,-24.49457],[146.62211,-24.47088],[146.61779,-24.4648],[146.62083,-24.45843],[146.61128,-24.46021],[146.59525,-24.45405],[146.59173,-24.44311],[146.58677,-24.4414],[146.57444,-24.44489],[146.56414,-24.43948],[146.54938,-24.43813],[146.51873,-24.40269],[146.51142,-24.38432],[146.5043,-24.38201],[146.50114,-24.37751],[146.49798,-24.38533],[146.49527,-24.38534],[146.48506,-24.37731],[146.4762,-24.37976],[146.46129,-24.37174],[146.45501,-24.37197],[146.44614,-24.36774],[146.43189,-24.35308],[146.4242,-24.3517],[146.41664,-24.3378],[146.41633,-24.32602],[146.3913,-24.31114],[146.38412,-24.28912],[146.35467,-24.25705],[146.35612,-24.24841],[146.36861,-24.22974],[146.37384,-24.21565],[146.39454,-24.18642],[146.41124,-24.17653],[146.39872,-24.15923],[146.38128,-24.1433],[146.37703,-24.13502],[146.37757,-24.12353],[146.37227,-24.1152],[146.39089,-24.08538],[146.39862,-24.06622],[146.39715,-24.05918],[146.40419,-24.05387],[146.40314,-24.0488],[146.39176,-24.03909],[146.39396,-24.03324],[146.40888,-24.02784],[146.40542,-24.02155],[146.40739,-24.01291],[146.41814,-23.99835],[146.41126,-23.97847],[146.41117,-23.96657],[146.43337,-23.95244],[146.42878,-23.93735],[146.4391,-23.92664],[146.44131,-23.91649],[146.42243,-23.90758],[146.41994,-23.90328],[146.42032,-23.89854],[146.42885,-23.88997],[146.43153,-23.87487],[146.41808,-23.84933],[146.41862,-23.82275],[146.40203,-23.8207],[146.39913,-23.79424],[146.38501,-23.78564],[146.38999,-23.77807],[146.39316,-23.75895],[146.39974,-23.75038],[146.37483,-23.75318],[146.37365,-23.74529],[146.36989,-23.74318],[146.34789,-23.74851],[146.34287,-23.7335],[146.33669,-23.72597],[146.34495,-23.71757],[146.34522,-23.71024],[146.31802,-23.71178],[146.31266,-23.70867],[146.30974,-23.69901],[146.29843,-23.68478],[146.2978,-23.66984],[146.26917,-23.64482],[146.26565,-23.62999],[146.25656,-23.62517],[146.25599,-23.61598],[146.2711,-23.60507],[146.28122,-23.58665],[146.27974,-23.55476],[146.26038,-23.50313],[146.23673,-23.46325],[146.23678,-23.44492],[146.22005,-23.42955],[146.20475,-23.42353],[146.18951,-23.38925],[146.18747,-23.36118],[146.18991,-23.34279],[146.20431,-23.32939],[146.22399,-23.32603],[146.23042,-23.32147],[146.23243,-23.30636],[146.22944,-23.29198],[146.22609,-23.2874],[146.21766,-23.28631],[146.21653,-23.27865],[146.19603,-23.26847],[146.19471,-23.24911],[146.18821,-23.24923],[146.17873,-23.25568],[146.16748,-23.25583],[146.14399,-23.25209],[146.13656,-23.24258],[146.13926,-23.23227],[146.13596,-23.22297],[146.13851,-23.21664],[146.15664,-23.20381],[146.16632,-23.18448],[146.18982,-23.16598],[146.19717,-23.15339],[146.19636,-23.14632],[146.16471,-23.13023],[146.15079,-23.11478],[146.14659,-23.11377],[146.14679,-23.10944],[146.14303,-23.10676],[146.15135,-23.09405],[146.16267,-23.09686],[146.17156,-23.09256],[146.17197,-23.08171],[146.16363,-23.06308],[146.17816,-23.03647],[146.18353,-22.98899],[146.17661,-22.97573],[146.15772,-22.96816],[146.1238,-22.94323],[146.10605,-22.91072],[146.1044,-22.90176],[146.1084,-22.87514],[146.10654,-22.8559],[146.0977,-22.83476],[146.08378,-22.81424],[146.07907,-22.79729],[146.08037,-22.78479],[146.09169,-22.77412],[146.09566,-22.76523],[146.09019,-22.74472],[146.09276,-22.72993],[146.0912,-22.71383],[146.08414,-22.69467],[146.05818,-22.66846],[146.05026,-22.64511],[146.05317,-22.63239],[146.07434,-22.59398],[146.07355,-22.57309],[146.06631,-22.53917],[146.06895,-22.52669],[146.08192,-22.50299],[146.08268,-22.47559],[146.08976,-22.46612],[146.11046,-22.45431],[146.11326,-22.44638],[146.10748,-22.43005],[146.0914,-22.41153],[146.08831,-22.39978],[146.11139,-22.36265],[146.11523,-22.34297],[146.11337,-22.32391],[146.11718,-22.2981],[146.10748,-22.24371],[146.10155,-22.23452],[146.04826,-22.21703],[146.00799,-22.17539],[145.9974,-22.15508],[146.00003,-22.13193],[145.9974,-22.07943],[145.9917,-22.06686],[145.98216,-22.06623],[145.96487,-22.08776],[145.94776,-22.09288],[145.86942,-22.08063],[145.78457,-22.085],[145.76721,-22.09086],[145.7374,-22.08366],[145.7085,-22.07085],[145.68115,-22.0268],[145.6728,-22.00222],[145.6561,-21.96935],[145.65757,-21.9501],[145.70148,-21.91737],[145.73624,-21.87875],[145.75282,-21.85462],[145.75824,-21.83432],[145.75805,-21.81478],[145.7844,-21.83172],[145.80561,-21.84],[145.81164,-21.84951],[145.82137,-21.88511],[145.83334,-21.89959],[145.84227,-21.90466],[145.86737,-21.90599],[145.88774,-21.91091],[145.9054,-21.90974],[145.92047,-21.91589],[145.92602,-21.91333],[145.93008,-21.90308],[145.95095,-21.88434],[145.96925,-21.88243],[145.9733,-21.87939],[145.9766,-21.87269],[145.97425,-21.86234],[145.98539,-21.84633],[146.0325,-21.80479],[146.07774,-21.78296],[146.09046,-21.77197],[146.09821,-21.75992],[146.08991,-21.73333],[146.0914,-21.72585],[146.09941,-21.71932],[146.10232,-21.71171],[146.094,-21.67008],[146.09499,-21.64662],[146.10298,-21.61008],[146.11787,-21.58946],[146.1185,-21.58036],[146.09175,-21.55389],[146.08737,-21.54478],[146.07391,-21.54826],[146.05887,-21.53901],[146.04786,-21.51555],[146.0445,-21.49848],[146.04939,-21.49298],[146.04997,-21.4726],[146.02528,-21.43982],[146.01192,-21.43412],[146.01158,-21.42635],[146.00507,-21.41777],[145.9948,-21.4135],[145.98858,-21.40489],[145.96889,-21.40595],[145.95323,-21.39675],[145.942,-21.39403],[145.92483,-21.38055],[145.92123,-21.37157],[145.92277,-21.3597],[145.90944,-21.35179],[145.90919,-21.33577],[145.90382,-21.33157],[145.8952,-21.33051],[145.89421,-21.31962],[145.85455,-21.30478],[145.85154,-21.29996],[145.85144,-21.28865],[145.84006,-21.27672],[145.83365,-21.27503],[145.83085,-21.26358],[145.81989,-21.25619],[145.80875,-21.23712],[145.78634,-21.22648],[145.75992,-21.20271],[145.73369,-21.19088],[145.71762,-21.17003],[145.70386,-21.16317],[145.69234,-21.16728],[145.66499,-21.19077],[145.6494,-21.2278],[145.62675,-21.25689],[145.61315,-21.28589],[145.6053,-21.29478],[145.60697,-21.30612],[145.58758,-21.318],[145.58064,-21.3276],[145.57973,-21.3355],[145.59061,-21.36515],[145.60432,-21.38478],[145.60989,-21.40349],[145.60349,-21.44424],[145.58751,-21.43693],[145.58148,-21.4287],[145.56725,-21.41918],[145.51798,-21.41871],[145.46914,-21.39331],[145.46339,-21.38613],[145.45017,-21.34361],[145.43879,-21.33105],[145.41578,-21.32538],[145.39952,-21.34131],[145.38303,-21.34402],[145.36996,-21.3362],[145.35723,-21.32178],[145.34185,-21.31094],[145.32393,-21.28822],[145.31287,-21.25989],[145.30051,-21.24684],[145.2913,-21.19809],[145.3,-21.18209],[145.27501,-21.15926],[145.28087,-21.15056],[145.29643,-21.14332],[145.30112,-21.13632],[145.31008,-21.09333],[145.31795,-21.08385],[145.32398,-21.06655],[145.3297,-21.05938],[145.35093,-21.04933],[145.35455,-21.04454],[145.35337,-21.03655],[145.34306,-21.02502],[145.3386,-21.00589],[145.33898,-20.99515],[145.34661,-20.98526],[145.33892,-20.96971],[145.35084,-20.94624],[145.34029,-20.94153],[145.30741,-20.93939],[145.30139,-20.93343],[145.29972,-20.91842],[145.28584,-20.90305],[145.25826,-20.89346],[145.24295,-20.87314],[145.21394,-20.85915],[145.20816,-20.84538],[145.20917,-20.82513],[145.20399,-20.8156],[145.2137,-20.79725],[145.21388,-20.79034],[145.21138,-20.78694],[145.20042,-20.78498],[145.19899,-20.77163],[145.18856,-20.75757],[145.18493,-20.73851],[145.17724,-20.72946],[145.17278,-20.71182],[145.16027,-20.69979],[145.15967,-20.68138],[145.12548,-20.65576],[145.09343,-20.64427],[145.09926,-20.62193],[145.10594,-20.61412],[145.11696,-20.60817],[145.12643,-20.5944],[145.12768,-20.58011],[145.13703,-20.56349],[145.12941,-20.55658],[145.1281,-20.55002],[145.13417,-20.53632],[145.11642,-20.52226],[145.11445,-20.50963],[145.10814,-20.50391],[145.11796,-20.49316],[145.11182,-20.49122],[145.11458,-20.48545],[145.10874,-20.47805],[145.11831,-20.47336],[145.11633,-20.463],[145.12185,-20.45272],[145.11721,-20.44544],[145.12097,-20.43817],[145.11646,-20.4287],[145.09664,-20.41654],[145.09203,-20.41688],[145.08811,-20.40713],[145.08203,-20.40513],[145.06053,-20.40832],[145.03783,-20.39534],[145.03903,-20.38776],[145.03447,-20.38254],[145.01099,-20.37478],[144.99311,-20.37274],[144.99051,-20.36935],[144.98062,-20.37296],[144.96823,-20.35925]]],"type":"Polygon"},"properties":{"area_sqkm":244626.19,"basin_no":"003","division":"Lake Eyre","division_no":"X","id":"coopers_creek","name":"Coopers Creek"},"type":"Feature"},
{"geometry":{"coordinates":[[[151.12791,-23.49199],[151.11884,-23.48803],[151.11296,-23.49214],[151.10658,-23.48659],[151.0977,-23.48751],[151.08614,-23.47832],[151.08359,-23.47991],[151.0847,-23.48337],[151.07886,-23.48536],[151.07183,-23.4736],[151.0771,-23.46982],[151.08435,-23.47213],[151.0833,-23.46778],[151.06021,-23.44809],[151.05477,-23.44711],[151.04846,-23.45191],[151.05272,-23.45017],[151.05228,-23.45661],[151.01694,-23.45162],[151.01442,-23.4628],[151.01731,-23.45894],[151.01892,-23.46491],[151.01239,-23.46911],[151.01216,-23.47642],[150.98964,-23.47751],[150.99047,-23.48207],[150.97846,-23.48711],[150.97754,-23.49013],[150.98836,-23.49604],[150.9937,-23.51667],[151.01337,-23.55469],[151.03598,-23.5769],[151.03761,-23.59713],[151.04646,-23.62149],[151.06017,-23.62624],[151.0651,-23.63239],[151.09084,-23.64519],[151.09535,-23.65658],[151.11291,-23.65753],[151.13017,-23.66945],[151.13665,-23.67648],[151.14293,-23.69628],[151.14847,-23.69947],[151.1593,-23.71567],[151.16414,-23.73032],[151.16659,-23.73311],[151.17215,-23.7321],[151.17449,-23.73688],[151.18853,-23.73812],[151.18901,-23.7416],[151.17226,-23.74444],[151.18955,-23.76435],[151.19204,-23.77397],[151.20134,-23.7808],[151.21455,-23.78413],[151.21124,-23.78794],[151.21357,-23.79312],[151.22158,-23.79885],[151.22455,-23.79854],[151.22658,-23.79063],[151.23257,-23.79437],[151.2339,-23.79026],[151.24163,-23.78987],[151.24477,-23.79333],[151.24448,-23.7796],[151.25536,-23.77953],[151.25994,-23.77478],[151.28528,-23.79693],[151.28403,-23.78863],[151.28853,-23.76184],[151.28524,-23.75801],[151.2911,-23.75994],[151.29298,-23.75504],[151.29492,-23.75904],[151.30025,-23.75418],[151.30376,-23.75872],[151.31476,-23.75914],[151.30104,-23.74401],[151.28581,-23.68412],[151.2786,-23.68029],[151.27178,-23.66327],[151.26699,-23.66195],[151.2661,-23.66643],[151.26028,-23.66621],[151.24805,-23.65624],[151.24501,-23.64694],[151.23891,-23.64202],[151.23464,-23.61871],[151.22855,-23.61632],[151.22535,-23.61089],[151.22655,-23.5875],[151.22383,-23.57377],[151.23547,-23.52867],[151.23704,-23.50755],[151.23477,-23.49758],[151.23926,-23.48711],[151.23351,-23.48304],[151.22898,-23.49864],[151.21849,-23.50376],[151.22246,-23.50997],[151.21739,-23.51406],[151.21697,-23.5187],[151.20998,-23.52689],[151.19472,-23.53251],[151.19409,-23.52424],[151.2009,-23.51857],[151.20226,-23.51222],[151.15802,-23.51046],[151.15285,-23.50742],[151.14841,-23.50919],[151.14782,-23.5066],[151.15118,-23.50656],[151.12791,-23.49199]]],"type":"Polygon"},"properties":{"area_sqkm":577.81,"basin_no":"131","division":"North East Coast","division_no":"I","id":"curtis_island","name":"Curtis Island"},"type":"Feature"},
{"geometry":{"coordinates":[[[145.25595,-15.87908],[145.25458,-15.88728],[145.24597,-15.90207],[145.24947,-15.90718],[145.24525,-15.91853],[145.23202,-15.92293],[145.22921,-15.91906],[145.21513,-15.92138],[145.21127,-15.93154],[145.20675,-15.92959],[145.20699,-15.93558],[145.196,-15.93463],[145.18368,-15.92863],[145.17586,-15.93189],[145.16279,-15.92322],[145.15364,-15.9294],[145.14527,-15.9272],[145.13529,-15.9373],[145.13867,-15.94681],[145.1354,-15.95328],[145.12731,-15.94806],[145.10326,-15.94621],[145.10166,-15.95209],[145.07089,-15.96873],[145.07837,-15.98899],[145.06655,-15.99309],[145.07123,-16.00898],[145.07006,-16.02487],[145.07423,-16.02874],[145.07923,-16.02856],[145.08274,-16.03534],[145.08892,-16.03762],[145.09063,-16.04566],[145.0875,-16.05629],[145.09297,-16.07349],[145.08935,-16.08033],[145.0906,-16.09248],[145.08208,-16.10366],[145.08381,-16.12009],[145.07715,-16.12324],[145.07107,-16.13711],[145.05772,-16.13969],[145.05971,-16.15092],[145.04879,-16.15457],[145.04495,-16.16294],[145.02316,-16.15065],[145.00674,-16.14646],[144.99698,-16.15709],[144.98846,-16.16014],[144.99406,-16.16665],[144.98528,-16.17465],[144.98504,-16.18387],[144.98822,-16.19094],[145.00374,-16.1931],[145.00577,-16.20137],[145.01727,-16.20434],[145.01239,-16.21103],[145.02324,-16.22282],[145.02108,-16.2293],[145.03673,-16.23114],[145.05399,-16.24168],[145.05995,-16.24852],[145.05691,-16.25709],[145.061,-16.26296],[145.06449,-16.26125],[145.07804,-16.26757],[145.0853,-16.26245],[145.09506,-16.26346],[145.10672,-16.26893],[145.12184,-16.28215],[145.13048,-16.28056],[145.13456,-16.28314],[145.12952,-16.30357],[145.13904,-16.30907],[145.13535,-16.32315],[145.14225,-16.3366],[145.14029,-16.34547],[145.14469,-16.35059],[145.15785,-16.34862],[145.16386,-16.35731],[145.16969,-16.3596],[145.17498,-16.36795],[145.17237,-16.37386],[145.1904,-16.39332],[145.20183,-16.39766],[145.20908,-16.39653],[145.21445,-16.40022],[145.21813,-16.4107],[145.22575,-16.40832],[145.23873,-16.41778],[145.24337,-16.41665],[145.24688,-16.41183],[145.24486,-16.40862],[145.25015,-16.40766],[145.25533,-16.40159],[145.26967,-16.40153],[145.27638,-16.40824],[145.27648,-16.41695],[145.27086,-16.42314],[145.27217,-16.42564],[145.29062,-16.43426],[145.30157,-16.4345],[145.30705,-16.44087],[145.32414,-16.44441],[145.3305,-16.4495],[145.34169,-16.44188],[145.35275,-16.44405],[145.35151,-16.43933],[145.36173,-16.42299],[145.36665,-16.42231],[145.37277,-16.42925],[145.38234,-16.4326],[145.40688,-16.42987],[145.41939,-16.3879],[145.41095,-16.37639],[145.41919,-16.33714],[145.4391,-16.31192],[145.45172,-16.28567],[145.46015,-16.29076],[145.47801,-16.27555],[145.48877,-16.27785],[145.4785,-16.26915],[145.47989,-16.26439],[145.47717,-16.26014],[145.48146,-16.24266],[145.46999,-16.23769],[145.4713,-16.22111],[145.4689,-16.21236],[145.45517,-16.20267],[145.44971,-16.20452],[145.44429,-16.20215],[145.44024,-16.17628],[145.4442,-16.17],[145.44785,-16.14779],[145.45896,-16.12727],[145.45795,-16.11246],[145.46633,-16.10265],[145.46675,-16.09023],[145.47649,-16.07848],[145.47467,-16.07494],[145.46971,-16.0767],[145.46396,-16.06673],[145.46318,-16.0375],[145.45331,-16.02929],[145.45021,-16.01062],[145.43471,-15.99972],[145.43466,-15.9905],[145.42795,-15.98199],[145.42874,-15.97353],[145.40468,-15.94104],[145.39493,-15.94064],[145.38216,-15.92455],[145.37692,-15.92728],[145.36293,-15.92247],[145.35894,-15.91537],[145.34868,-15.91546],[145.3398,-15.9216],[145.33271,-15.91615],[145.32439,-15.91609],[145.32059,-15.90801],[145.31406,-15.90374],[145.31197,-15.89524],[145.29611,-15.89138],[145.28509,-15.87365],[145.26854,-15.87652],[145.26284,-15.87076],[145.25678,-15.8707],[145.25595,-15.87908]]],"type":"Polygon"},"properties":{"area_sqkm":2113.98,"basin_no":"108","division":"North East Coast","division_no":"I","id":"daintree","name":"Daintree"},"type":"Feature"},
{"geometry":{"coordinates":[[[143.34882,-21.28855],[143.34455,-21.30931],[143.31421,-21.33413],[143.29726,-21.33658],[143.27811,-21.33232],[143.2561,-21.33997],[143.228,-21.34214],[143.20949,-21.34759],[143.19081,-21.34783],[143.17819,-21.35131],[143.15454,-21.36432],[143.13541,-21.36683],[143.12205,-21.38158],[143.11552,-21.40793],[143.10398,-21.42412],[143.09209,-21.42336],[143.06934,-21.41457],[143.05119,-21.41983],[143.04308,-21.42592],[143.02376,-21.46541],[142.97209,-21.51268],[142.93789,-21.52648],[142.91156,-21.52287],[142.86399,-21.56426],[142.84412,-21.57103],[142.83191,-21.58717],[142.81306,-21.6007],[142.80123,-21.61892],[142.79546,-21.62283],[142.77763,-21.62932],[142.75898,-21.63173],[142.72484,-21.62475],[142.69943,-21.62682],[142.68681,-21.62998],[142.66631,-21.64144],[142.6364,-21.644],[142.61958,-21.65405],[142.60705,-21.66629],[142.58264,-21.67744],[142.57446,-21.68742],[142.56896,-21.7107],[142.56316,-21.71673],[142.54983,-21.72154],[142.49823,-21.72458],[142.48256,-21.71071],[142.46938,-21.70393],[142.44945,-21.70341],[142.42646,-21.70879],[142.40786,-21.70243],[142.33596,-21.64971],[142.31829,-21.62578],[142.27656,-21.60703],[142.2657,-21.5879],[142.24845,-21.5728],[142.24068,-21.55815],[142.22382,-21.55339],[142.21353,-21.54577],[142.19106,-21.54347],[142.17476,-21.52358],[142.1488,-21.50563],[142.12647,-21.49512],[142.11613,-21.4935],[142.11114,-21.49428],[142.09629,-21.507],[142.08194,-21.5093],[142.07336,-21.50707],[142.0421,-21.52607],[142.03369,-21.52673],[142.00352,-21.52163],[141.9694,-21.50657],[141.95791,-21.50462],[141.92277,-21.48569],[141.91081,-21.48542],[141.89671,-21.49007],[141.89062,-21.49895],[141.88108,-21.50136],[141.86827,-21.51182],[141.81048,-21.50198],[141.80322,-21.50337],[141.77734,-21.49895],[141.76575,-21.50077],[141.76078,-21.50295],[141.75477,-21.51218],[141.75481,-21.52708],[141.75131,-21.53767],[141.74119,-21.5389],[141.73371,-21.54385],[141.71332,-21.53571],[141.70731,-21.53993],[141.70139,-21.53439],[141.69686,-21.53576],[141.67618,-21.51824],[141.62384,-21.53008],[141.60662,-21.55484],[141.61536,-21.57529],[141.61619,-21.58572],[141.61351,-21.58898],[141.6048,-21.58562],[141.59102,-21.58629],[141.58279,-21.59782],[141.54068,-21.61803],[141.52525,-21.61687],[141.51815,-21.61286],[141.52033,-21.62635],[141.51604,-21.63071],[141.51164,-21.63098],[141.50577,-21.62346],[141.48954,-21.62449],[141.46664,-21.63219],[141.43669,-21.60112],[141.42366,-21.61353],[141.41938,-21.61031],[141.41439,-21.61816],[141.39799,-21.61342],[141.39031,-21.61701],[141.3847,-21.62738],[141.37871,-21.62652],[141.37337,-21.62981],[141.365,-21.62588],[141.35784,-21.62995],[141.3371,-21.62314],[141.33248,-21.62747],[141.30752,-21.63032],[141.3017,-21.62539],[141.29265,-21.63376],[141.28303,-21.64742],[141.27793,-21.66391],[141.27914,-21.67154],[141.28466,-21.67631],[141.2956,-21.67469],[141.28722,-21.68294],[141.28879,-21.68916],[141.2805,-21.69946],[141.28043,-21.71054],[141.28483,-21.71371],[141.28928,-21.72635],[141.27756,-21.74616],[141.25016,-21.76167],[141.24905,-21.76531],[141.25705,-21.77177],[141.25966,-21.78277],[141.2544,-21.79064],[141.25542,-21.79881],[141.26244,-21.80937],[141.2619,-21.81303],[141.25681,-21.8137],[141.24475,-21.82458],[141.24282,-21.83158],[141.24203,-21.84975],[141.25619,-21.86135],[141.25455,-21.86706],[141.25806,-21.8709],[141.25509,-21.87591],[141.25827,-21.88304],[141.25683,-21.8939],[141.24535,-21.90202],[141.24663,-21.91296],[141.25615,-21.91518],[141.25534,-21.92005],[141.26225,-21.92816],[141.25711,-21.93481],[141.26442,-21.93809],[141.25517,-21.94983],[141.25852,-21.95911],[141.24338,-21.97021],[141.24592,-21.9754],[141.24319,-21.98488],[141.25108,-21.99747],[141.24971,-22.00722],[141.25287,-22.02305],[141.24536,-22.05216],[141.24139,-22.05658],[141.24028,-22.07346],[141.23033,-22.08209],[141.22984,-22.08665],[141.24614,-22.09174],[141.25888,-22.09168],[141.26773,-22.09652],[141.26827,-22.11645],[141.26237,-22.12534],[141.27427,-22.13317],[141.26966,-22.13832],[141.26742,-22.15609],[141.27378,-22.16614],[141.26779,-22.17686],[141.25353,-22.17859],[141.2506,-22.18382],[141.2435,-22.18669],[141.24194,-22.19325],[141.25669,-22.20314],[141.25403,-22.20865],[141.22505,-22.20582],[141.20154,-22.23763],[141.20353,-22.25635],[141.19889,-22.26941],[141.20398,-22.28181],[141.19894,-22.28514],[141.18742,-22.27575],[141.17999,-22.27631],[141.16986,-22.28359],[141.16013,-22.28356],[141.15396,-22.29171],[141.14008,-22.29201],[141.13112,-22.30025],[141.12065,-22.30011],[141.11479,-22.31553],[141.09984,-22.31369],[141.10695,-22.3345],[141.1034,-22.34728],[141.08443,-22.36279],[141.0855,-22.36791],[141.09918,-22.37244],[141.10755,-22.37174],[141.11292,-22.36527],[141.12622,-22.36012],[141.13364,-22.36142],[141.13624,-22.36679],[141.13099,-22.37305],[141.13274,-22.3855],[141.12911,-22.39757],[141.11973,-22.39829],[141.10617,-22.41262],[141.1174,-22.42546],[141.11936,-22.43785],[141.13133,-22.44539],[141.13361,-22.45202],[141.12113,-22.46241],[141.12594,-22.47708],[141.12362,-22.48936],[141.12868,-22.49294],[141.1504,-22.4967],[141.16656,-22.51255],[141.16778,-22.52602],[141.17176,-22.53066],[141.14299,-22.54553],[141.12726,-22.53646],[141.12297,-22.54211],[141.12373,-22.55414],[141.11454,-22.56328],[141.11403,-22.56811],[141.12532,-22.57696],[141.12049,-22.59596],[141.12478,-22.60858],[141.11738,-22.61633],[141.1158,-22.62291],[141.12195,-22.6355],[141.141,-22.65472],[141.15203,-22.67427],[141.14171,-22.68252],[141.12884,-22.68639],[141.12682,-22.69181],[141.11476,-22.70092],[141.10795,-22.7106],[141.11158,-22.73439],[141.10848,-22.74649],[141.10109,-22.75552],[141.08946,-22.74412],[141.07814,-22.7515],[141.07599,-22.76789],[141.05781,-22.77761],[141.06203,-22.79389],[141.04092,-22.79979],[141.01185,-22.79636],[140.99377,-22.82475],[140.98973,-22.83803],[140.97604,-22.83549],[140.96885,-22.84255],[140.95944,-22.83699],[140.94909,-22.83892],[140.94647,-22.84459],[140.94866,-22.85596],[140.94056,-22.8526],[140.93351,-22.86566],[140.93427,-22.88394],[140.91831,-22.89406],[140.91804,-22.90434],[140.90984,-22.91467],[140.91205,-22.92103],[140.90717,-22.93092],[140.9121,-22.936],[140.91907,-22.93751],[140.93015,-22.95379],[140.92226,-22.95663],[140.9091,-22.94995],[140.88334,-22.95279],[140.88194,-22.96009],[140.88621,-22.96662],[140.88323,-22.97068],[140.86872,-22.96828],[140.8663,-22.9737],[140.86874,-22.98275],[140.87375,-22.98399],[140.87194,-22.98864],[140.87988,-22.99509],[140.87938,-22.99991],[140.86597,-23.01035],[140.85087,-23.0128],[140.84855,-23.01829],[140.85164,-23.02754],[140.84544,-23.03024],[140.82572,-23.02991],[140.81893,-23.02854],[140.81537,-23.02421],[140.79944,-23.02584],[140.79545,-23.0312],[140.80333,-23.04375],[140.79471,-23.05139],[140.79621,-23.06538],[140.79139,-23.06987],[140.79075,-23.07737],[140.79456,-23.08115],[140.79462,-23.08854],[140.76617,-23.08709],[140.7541,-23.10123],[140.71601,-23.10445],[140.71037,-23.10947],[140.70838,-23.12525],[140.70358,-23.1281],[140.69431,-23.12827],[140.68481,-23.11784],[140.67104,-23.11485],[140.6638,-23.10924],[140.64218,-23.10717],[140.63782,-23.11763],[140.63067,-23.11585],[140.62092,-23.11926],[140.61067,-23.13714],[140.59169,-23.15099],[140.57492,-23.14954],[140.53512,-23.15849],[140.52027,-23.18766],[140.50496,-23.19701],[140.50137,-23.2064],[140.47196,-23.21052],[140.46833,-23.21365],[140.4667,-23.23525],[140.43968,-23.25593],[140.42199,-23.28145],[140.42019,-23.29825],[140.42312,-23.31257],[140.41101,-23.32552],[140.40446,-23.34135],[140.40366,-23.37451],[140.42083,-23.38961],[140.4211,-23.39918],[140.41311,-23.42782],[140.41546,-23.43975],[140.40473,-23.45469],[140.40443,-23.49029],[140.37745,-23.51552],[140.37228,-23.53026],[140.37744,-23.53552],[140.37584,-23.55105],[140.38525,-23.56681],[140.3845,-23.57713],[140.38998,-23.58507],[140.38821,-23.59731],[140.38109,-23.6069],[140.38124,-23.61699],[140.38727,-23.61952],[140.38766,-23.62375],[140.37934,-23.62751],[140.37401,-23.64072],[140.3807,-23.66249],[140.37234,-23.67301],[140.36803,-23.68558],[140.37806,-23.69198],[140.36863,-23.70298],[140.37921,-23.70819],[140.38116,-23.71845],[140.37692,-23.72528],[140.37746,-23.73344],[140.38625,-23.74023],[140.39219,-23.73972],[140.39005,-23.74746],[140.39701,-23.75762],[140.39533,-23.76673],[140.40209,-23.78153],[140.40633,-23.78575],[140.42072,-23.78831],[140.40846,-23.79905],[140.42089,-23.80477],[140.41727,-23.81497],[140.42467,-23.82904],[140.42911,-23.82842],[140.42679,-23.84457],[140.4372,-23.87654],[140.43732,-23.88789],[140.43062,-23.91084],[140.44156,-23.96122],[140.43624,-23.98398],[140.43724,-23.99857],[140.42889,-24.01104],[140.38349,-24.0579],[140.37215,-24.06558],[140.35962,-24.08386],[140.3461,-24.13405],[140.32042,-24.17643],[140.31893,-24.18372],[140.31157,-24.19033],[140.30762,-24.21089],[140.30134,-24.21712],[140.30036,-24.24892],[140.29242,-24.27203],[140.28107,-24.29221],[140.25037,-24.32916],[140.2248,-24.37927],[140.19854,-24.3931],[140.18982,-24.40236],[140.14591,-24.42551],[140.10622,-24.43901],[140.09717,-24.43916],[140.07976,-24.4354],[140.06015,-24.41967],[140.04355,-24.41779],[140.01977,-24.4078],[139.99855,-24.41628],[139.93853,-24.41735],[139.91416,-24.42791],[139.8949,-24.44596],[139.84464,-24.45649],[139.81931,-24.46799],[139.79184,-24.4942],[139.77712,-24.50587],[139.76237,-24.51213],[139.72382,-24.54624],[139.68797,-24.55658],[139.68348,-24.56256],[139.68466,-24.57348],[139.69733,-24.58936],[139.70011,-24.62696],[139.71866,-24.64787],[139.73585,-24.65551],[139.75865,-24.65754],[139.80064,-24.63389],[139.81935,-24.63423],[139.834,-24.64464],[139.88391,-24.70792],[139.91989,-24.74254],[139.92317,-24.75087],[139.92057,-24.76069],[139.91345,-24.76809],[139.91208,-24.79599],[139.90611,-24.80535],[139.88789,-24.81905],[139.87933,-24.8414],[139.85388,-24.85667],[139.84918,-24.86418],[139.83851,-24.86895],[139.8276,-24.88181],[139.80537,-24.88719],[139.75042,-24.90917],[139.74414,-24.91718],[139.72668,-24.92855],[139.70265,-24.93789],[139.69421,-24.94902],[139.67674,-24.9513],[139.66889,-24.95949],[139.6594,-24.96086],[139.6523,-24.96996],[139.63795,-24.97815],[139.64193,-24.99248],[139.65047,-24.99841],[139.65154,-25.00302],[139.64573,-25.05805],[139.62883,-25.07147],[139.60395,-25.1032],[139.5914,-25.10844],[139.5853,-25.11612],[139.58718,-25.1245],[139.59449,-25.13069],[139.59305,-25.1461],[139.58634,-25.15304],[139.57242,-25.14944],[139.56422,-25.14084],[139.55513,-25.13694],[139.53636,-25.13603],[139.51718,-25.12934],[139.50295,-25.1189],[139.4907,-25.10459],[139.46641,-25.06666],[139.4413,-25.05307],[139.41999,-25.05322],[139.40566,-25.03891],[139.40057,-25.04036],[139.38114,-25.06518],[139.36604,-25.07668],[139.35725,-25.08832],[139.33145,-25.15442],[139.30094,-25.16958],[139.28168,-25.18609],[139.26897,-25.19218],[139.2616,-25.20367],[139.25653,-25.22041],[139.25108,-25.2242],[139.24252,-25.22424],[139.23483,-25.23036],[139.22807,-25.23056],[139.2207,-25.24251],[139.21113,-25.24639],[139.20052,-25.25853],[139.19792,-25.28176],[139.19284,-25.29634],[139.19587,-25.30705],[139.18693,-25.32713],[139.18486,-25.34211],[139.17816,-25.34915],[139.17767,-25.35445],[139.18155,-25.36456],[139.19033,-25.3717],[139.18911,-25.38282],[139.16473,-25.39545],[139.15369,-25.40689],[139.13208,-25.419],[139.12595,-25.42639],[139.12062,-25.44582],[139.11088,-25.45475],[139.098,-25.45784],[139.07601,-25.45448],[139.05659,-25.46642],[139.05732,-25.4775],[139.06948,-25.49861],[139.08204,-25.53265],[139.09628,-25.54903],[139.1245,-25.55995],[139.13093,-25.56903],[139.14905,-25.57891],[139.15298,-25.58276],[139.15179,-25.58935],[139.1559,-25.59472],[139.16799,-25.60355],[139.18154,-25.59916],[139.18838,-25.60012],[139.19672,-25.58845],[139.21266,-25.58452],[139.21968,-25.5795],[139.22406,-25.58113],[139.22976,-25.59069],[139.22614,-25.59709],[139.23706,-25.60601],[139.24479,-25.60821],[139.24573,-25.61383],[139.25577,-25.6203],[139.25708,-25.6259],[139.2507,-25.63627],[139.25237,-25.64952],[139.26849,-25.6503],[139.27323,-25.65709],[139.27417,-25.67732],[139.28025,-25.68966],[139.28033,-25.69709],[139.29067,-25.70904],[139.29047,-25.72021],[139.28484,-25.72168],[139.28644,-25.73042],[139.28246,-25.73519],[139.28622,-25.75719],[139.28016,-25.77226],[139.27355,-25.77545],[139.27198,-25.78319],[139.25787,-25.78825],[139.2408,-25.78478],[139.23087,-25.78866],[139.21625,-25.80568],[139.2256,-25.8361],[139.22659,-25.84751],[139.22134,-25.85474],[139.2097,-25.86035],[139.16375,-25.89615],[139.12691,-25.90717],[139.12555,-25.91682],[139.13915,-25.947],[139.13243,-25.95468],[139.12077,-25.96045],[139.11959,-25.96587],[139.13508,-25.97531],[139.14161,-25.99667],[140.99939,-25.99638],[140.99945,-26.37146],[141.01131,-26.37146],[141.02214,-26.36103],[141.04139,-26.36103],[141.05102,-26.36985],[141.06184,-26.37186],[141.07508,-26.38449],[141.08598,-26.38453],[141.09757,-26.35952],[141.08969,-26.35023],[141.091,-26.34286],[141.09972,-26.34054],[141.10236,-26.33471],[141.09682,-26.32355],[141.09811,-26.31109],[141.08972,-26.30299],[141.08574,-26.28972],[141.07984,-26.28471],[141.08088,-26.27812],[141.09109,-26.2682],[141.09714,-26.27158],[141.0972,-26.2803],[141.10344,-26.27998],[141.11615,-26.27159],[141.13107,-26.27196],[141.14363,-26.25903],[141.15499,-26.25606],[141.15913,-26.24769],[141.15828,-26.23464],[141.17003,-26.22093],[141.1714,-26.20957],[141.16359,-26.20459],[141.16314,-26.19649],[141.15843,-26.19107],[141.16602,-26.17989],[141.16875,-26.15974],[141.17143,-26.15485],[141.18854,-26.15188],[141.21183,-26.1232],[141.2154,-26.11447],[141.21093,-26.10602],[141.2129,-26.10186],[141.21933,-26.10092],[141.21935,-26.08275],[141.22794,-26.07476],[141.22732,-26.06683],[141.23897,-26.05477],[141.24837,-26.0507],[141.24792,-26.0421],[141.25757,-26.02656],[141.26295,-26.00484],[141.27734,-26.00294],[141.26218,-25.98431],[141.26985,-25.9749],[141.26764,-25.96327],[141.27125,-25.9512],[141.29057,-25.93911],[141.30125,-25.93999],[141.29605,-25.92101],[141.29922,-25.91747],[141.3115,-25.91893],[141.32141,-25.90638],[141.32801,-25.90414],[141.33734,-25.87819],[141.32641,-25.87101],[141.32372,-25.86016],[141.33807,-25.85878],[141.36024,-25.8269],[141.35609,-25.8179],[141.36144,-25.8062],[141.35209,-25.79385],[141.36026,-25.79046],[141.35655,-25.78212],[141.35817,-25.76378],[141.36241,-25.75696],[141.37156,-25.75602],[141.37291,-25.74988],[141.36936,-25.74009],[141.37679,-25.73215],[141.37783,-25.72496],[141.37104,-25.71471],[141.36272,-25.71195],[141.36237,-25.70545],[141.34717,-25.69954],[141.34875,-25.69064],[141.34464,-25.67987],[141.35303,-25.67202],[141.34926,-25.66577],[141.35661,-25.65324],[141.35624,-25.64148],[141.34761,-25.62174],[141.3498,-25.6164],[141.34135,-25.60439],[141.33027,-25.59733],[141.33109,-25.59195],[141.35925,-25.58998],[141.37261,-25.58197],[141.37228,-25.5776],[141.38287,-25.57571],[141.38627,-25.57225],[141.39583,-25.57266],[141.4025,-25.56504],[141.4102,-25.56392],[141.4052,-25.55313],[141.40689,-25.54747],[141.42031,-25.53078],[141.43504,-25.52587],[141.46358,-25.52356],[141.52292,-25.55153],[141.5851,-25.55271],[141.59357,-25.55993],[141.5925,-25.56865],[141.5975,-25.59078],[141.62476,-25.59218],[141.63562,-25.5841],[141.64759,-25.58179],[141.6533,-25.57148],[141.65673,-25.57431],[141.66079,-25.57145],[141.69108,-25.54412],[141.6995,-25.54038],[141.70126,-25.53553],[141.71959,-25.52751],[141.73634,-25.50814],[141.75242,-25.49751],[141.76798,-25.4688],[141.77069,-25.45905],[141.76649,-25.45109],[141.77116,-25.43795],[141.78239,-25.4237],[141.80192,-25.42504],[141.81486,-25.41548],[141.8216,-25.40011],[141.81667,-25.39384],[141.83255,-25.38561],[141.83749,-25.36478],[141.84705,-25.36022],[141.84773,-25.35227],[141.86277,-25.34123],[141.86353,-25.32867],[141.85478,-25.31397],[141.86564,-25.30879],[141.87471,-25.2865],[141.86786,-25.27824],[141.87433,-25.27041],[141.87161,-25.26058],[141.86016,-25.25755],[141.8539,-25.25188],[141.85713,-25.24412],[141.85607,-25.23626],[141.86249,-25.22353],[141.87537,-25.22403],[141.87919,-25.21142],[141.8905,-25.1959],[141.88746,-25.18939],[141.87191,-25.1795],[141.86454,-25.16486],[141.86771,-25.15042],[141.87807,-25.14113],[141.88956,-25.13852],[141.90138,-25.1177],[141.91194,-25.1178],[141.91403,-25.10993],[141.92154,-25.10269],[141.92288,-25.09517],[141.92942,-25.09491],[141.92579,-25.07814],[141.93846,-25.06918],[141.94984,-25.06611],[141.96395,-25.07031],[141.99051,-25.07034],[142.00155,-25.07638],[142.00531,-25.067],[142.00962,-25.06556],[142.01424,-25.05792],[142.02389,-25.05425],[142.03251,-25.05775],[142.03832,-25.05371],[142.03654,-25.04245],[142.04701,-25.02921],[142.03897,-25.01922],[142.03993,-25.00976],[142.03577,-25.00168],[142.05011,-24.99867],[142.0568,-24.99322],[142.06668,-24.99282],[142.06564,-24.97362],[142.07347,-24.96171],[142.07232,-24.95676],[142.07993,-24.9556],[142.0776,-24.9439],[142.08153,-24.93485],[142.09511,-24.93494],[142.10356,-24.94082],[142.10655,-24.93663],[142.09921,-24.92996],[142.09335,-24.91329],[142.10162,-24.88742],[142.09444,-24.88086],[142.08715,-24.87915],[142.08964,-24.87572],[142.08098,-24.87309],[142.07889,-24.86911],[142.08198,-24.85795],[142.07765,-24.85203],[142.08089,-24.84604],[142.07513,-24.84213],[142.06595,-24.84756],[142.05643,-24.8464],[142.06056,-24.83203],[142.07029,-24.82508],[142.06417,-24.79868],[142.0704,-24.78702],[142.08045,-24.78053],[142.08579,-24.77051],[142.10213,-24.76427],[142.10222,-24.74735],[142.1181,-24.73513],[142.11771,-24.72368],[142.1234,-24.72031],[142.13943,-24.71977],[142.14851,-24.71426],[142.15196,-24.70352],[142.1565,-24.7006],[142.16212,-24.70679],[142.17165,-24.70567],[142.17486,-24.70309],[142.18094,-24.70436],[142.19016,-24.69611],[142.21329,-24.70507],[142.21526,-24.71331],[142.22095,-24.70482],[142.22492,-24.70405],[142.22399,-24.6991],[142.22986,-24.69385],[142.22914,-24.68968],[142.23669,-24.67701],[142.24017,-24.6554],[142.2445,-24.65076],[142.25145,-24.64935],[142.27206,-24.62298],[142.31608,-24.63109],[142.33488,-24.62892],[142.37562,-24.63686],[142.38449,-24.63422],[142.40076,-24.63643],[142.42033,-24.61847],[142.44335,-24.60977],[142.46255,-24.59421],[142.47923,-24.59141],[142.49185,-24.58014],[142.51412,-24.58192],[142.51807,-24.57106],[142.52592,-24.5653],[142.539,-24.54273],[142.54374,-24.52381],[142.57377,-24.50775],[142.6061,-24.48222],[142.63293,-24.44814],[142.64431,-24.43954],[142.64827,-24.41764],[142.64721,-24.38928],[142.63785,-24.38416],[142.61068,-24.38078],[142.60094,-24.37298],[142.60671,-24.34816],[142.60459,-24.34095],[142.59215,-24.32562],[142.59113,-24.29395],[142.60183,-24.28113],[142.64711,-24.25991],[142.66019,-24.23925],[142.66309,-24.22681],[142.67133,-24.21865],[142.67339,-24.20719],[142.67993,-24.20531],[142.6822,-24.20093],[142.68421,-24.19524],[142.6773,-24.18576],[142.68279,-24.16994],[142.69232,-24.15875],[142.7054,-24.15351],[142.71295,-24.14216],[142.73186,-24.13412],[142.73997,-24.11972],[142.73257,-24.11139],[142.7329,-24.10748],[142.74272,-24.10358],[142.75916,-24.1063],[142.76843,-24.09437],[142.79082,-24.08653],[142.80483,-24.09325],[142.80671,-24.07953],[142.81744,-24.06989],[142.82015,-24.05855],[142.82448,-24.05419],[142.82512,-24.04943],[142.81751,-24.04014],[142.82295,-24.02818],[142.81753,-24.01919],[142.81365,-24.00267],[142.77792,-23.97258],[142.77148,-23.94735],[142.75546,-23.91675],[142.74703,-23.89199],[142.72258,-23.8667],[142.72376,-23.858],[142.71506,-23.85445],[142.70872,-23.8467],[142.71473,-23.8293],[142.71407,-23.81899],[142.70805,-23.81068],[142.69561,-23.80699],[142.72094,-23.79876],[142.73167,-23.78035],[142.74949,-23.78101],[142.74188,-23.77318],[142.7459,-23.75624],[142.74398,-23.74704],[142.74944,-23.7357],[142.76217,-23.7324],[142.76836,-23.7266],[142.77045,-23.71904],[142.77856,-23.71551],[142.7903,-23.71713],[142.79277,-23.71497],[142.7987,-23.70711],[142.79432,-23.69783],[142.79689,-23.68473],[142.79486,-23.67498],[142.80101,-23.66779],[142.81848,-23.66499],[142.82098,-23.65989],[142.82221,-23.60526],[142.81082,-23.5986],[142.80232,-23.58732],[142.803,-23.57837],[142.78672,-23.56407],[142.77005,-23.55746],[142.76446,-23.54234],[142.7665,-23.53803],[142.77296,-23.53574],[142.77743,-23.54408],[142.786,-23.54283],[142.78592,-23.52914],[142.78847,-23.52569],[142.79666,-23.53216],[142.80422,-23.51966],[142.80496,-23.51103],[142.81737,-23.50438],[142.81095,-23.4917],[142.81397,-23.48286],[142.818,-23.47904],[142.82332,-23.48187],[142.82893,-23.47894],[142.82961,-23.46683],[142.81279,-23.46832],[142.80574,-23.45775],[142.79916,-23.45581],[142.79308,-23.43705],[142.77468,-23.43512],[142.76238,-23.43778],[142.75692,-23.44273],[142.75145,-23.44123],[142.74068,-23.42672],[142.7267,-23.42451],[142.72646,-23.41956],[142.73518,-23.40993],[142.73152,-23.39412],[142.7408,-23.39201],[142.74863,-23.38388],[142.75543,-23.36362],[142.74897,-23.35435],[142.74394,-23.35247],[142.7382,-23.35669],[142.73183,-23.35637],[142.71785,-23.3446],[142.7144,-23.33808],[142.71773,-23.3184],[142.7067,-23.29791],[142.69018,-23.25277],[142.66443,-23.21027],[142.65426,-23.17398],[142.65246,-23.15801],[142.65607,-23.14079],[142.64465,-23.12606],[142.65212,-23.11442],[142.65426,-23.10351],[142.66246,-23.10185],[142.66692,-23.09735],[142.65768,-23.08936],[142.65448,-23.07699],[142.63433,-23.06515],[142.62161,-23.05156],[142.60333,-23.04152],[142.59434,-23.02786],[142.58209,-23.01826],[142.56989,-22.99419],[142.56132,-22.98899],[142.55486,-22.97984],[142.56172,-22.95943],[142.55879,-22.94573],[142.55056,-22.92453],[142.53265,-22.89384],[142.5309,-22.8831],[142.53096,-22.86196],[142.54307,-22.84189],[142.54691,-22.82608],[142.56056,-22.81231],[142.57116,-22.79118],[142.59118,-22.76877],[142.60359,-22.74824],[142.61386,-22.71395],[142.6241,-22.70482],[142.63701,-22.70128],[142.65802,-22.70145],[142.6828,-22.71003],[142.74516,-22.70592],[142.7606,-22.70642],[142.77601,-22.71145],[142.78717,-22.70392],[142.82649,-22.7128],[142.84525,-22.70495],[142.91685,-22.70049],[142.92788,-22.70258],[142.94485,-22.71218],[142.94352,-22.72051],[142.93791,-22.7278],[142.94056,-22.73559],[142.95431,-22.74831],[142.96471,-22.78845],[142.99256,-22.80227],[143.00122,-22.81591],[143.02834,-22.83967],[143.05204,-22.84119],[143.08243,-22.84884],[143.08773,-22.84743],[143.09045,-22.84173],[143.09923,-22.83577],[143.11016,-22.83501],[143.14427,-22.80783],[143.15034,-22.80817],[143.15898,-22.81612],[143.16643,-22.81847],[143.19057,-22.80598],[143.20362,-22.79058],[143.21825,-22.79001],[143.22673,-22.79321],[143.24269,-22.78468],[143.24739,-22.78521],[143.25047,-22.79],[143.25929,-22.78863],[143.27301,-22.77536],[143.28565,-22.74991],[143.28375,-22.74173],[143.28839,-22.72899],[143.30276,-22.72055],[143.31858,-22.71701],[143.32611,-22.7059],[143.32905,-22.69492],[143.35216,-22.67188],[143.35845,-22.66954],[143.36925,-22.67596],[143.38011,-22.67523],[143.40499,-22.68552],[143.4192,-22.68469],[143.42937,-22.68026],[143.43629,-22.68241],[143.43776,-22.68833],[143.44564,-22.69248],[143.46222,-22.67388],[143.47007,-22.65916],[143.47628,-22.65487],[143.49085,-22.65497],[143.52127,-22.64719],[143.56092,-22.62959],[143.58776,-22.62527],[143.59883,-22.61743],[143.60702,-22.60482],[143.61059,-22.58592],[143.64016,-22.54948],[143.65184,-22.52577],[143.66716,-22.50646],[143.67683,-22.48822],[143.68012,-22.45996],[143.69211,-22.44736],[143.6883,-22.43324],[143.70162,-22.41277],[143.70162,-22.38107],[143.7125,-22.37731],[143.73955,-22.37839],[143.74629,-22.37305],[143.76255,-22.35381],[143.76428,-22.32859],[143.78221,-22.31508],[143.79255,-22.29335],[143.80386,-22.28132],[143.80468,-22.27259],[143.83484,-22.27086],[143.8386,-22.26535],[143.83086,-22.25382],[143.80294,-22.24171],[143.79233,-22.23151],[143.77165,-22.22148],[143.76346,-22.21134],[143.74927,-22.20178],[143.73186,-22.17665],[143.71245,-22.1587],[143.69839,-22.1389],[143.6717,-22.12026],[143.66863,-22.11355],[143.6731,-22.09773],[143.68709,-22.0746],[143.68868,-22.06644],[143.67508,-22.04046],[143.67613,-22.02558],[143.68541,-22.01315],[143.6811,-21.99858],[143.68502,-21.98139],[143.6836,-21.95745],[143.68888,-21.94283],[143.68129,-21.93113],[143.68186,-21.92539],[143.69272,-21.91013],[143.68036,-21.87919],[143.68407,-21.86435],[143.67923,-21.83724],[143.67953,-21.82992],[143.68361,-21.82515],[143.68182,-21.81174],[143.69175,-21.7986],[143.70859,-21.79156],[143.72599,-21.77543],[143.7226,-21.76164],[143.72545,-21.75501],[143.71117,-21.74346],[143.70982,-21.72813],[143.69977,-21.713],[143.69687,-21.68966],[143.69906,-21.68124],[143.69572,-21.67341],[143.67858,-21.66202],[143.66585,-21.6585],[143.66044,-21.6526],[143.656,-21.63929],[143.64513,-21.62963],[143.63926,-21.60605],[143.61859,-21.60056],[143.6195,-21.59558],[143.60964,-21.57199],[143.5972,-21.56236],[143.58799,-21.53505],[143.57862,-21.5249],[143.57796,-21.49869],[143.5975,-21.47613],[143.59733,-21.45738],[143.60209,-21.44472],[143.61117,-21.44015],[143.62216,-21.39475],[143.63499,-21.36201],[143.62102,-21.33122],[143.61806,-21.3314],[143.61301,-21.34103],[143.60607,-21.34004],[143.57224,-21.31406],[143.52537,-21.29319],[143.50011,-21.29433],[143.49343,-21.29925],[143.47859,-21.29173],[143.39497,-21.28107],[143.37298,-21.28137],[143.34882,-21.28855]]],"type":"Polygon"},"properties":{"area_sqkm":119449.53,"basin_no":"002","division":"Lake Eyre","division_no":"X","id":"diamantina","name":"Diamantina"},"type":"Feature"},
{"geometry":{"coordinates":[[[147.36368,-19.70472],[147.3558,-19.7087],[147.32183,-19.7136],[147.28961,-19.71143],[147.27886,-19.71598],[147.27579,-19.72443],[147.27986,-19.72713],[147.287,-19.72256],[147.29622,-19.73228],[147.30352,-19.7352],[147.312,-19.73618],[147.3188,-19.73297],[147.33484,-19.74831],[147.33357,-19.75475],[147.34241,-19.75909],[147.34933,-19.78339],[147.35757,-19.79288],[147.36152,-19.80891],[147.35973,-19.81483],[147.36353,-19.82451],[147.36824,-19.82796],[147.37885,-19.83098],[147.38914,-19.81705],[147.40357,-19.82023],[147.42225,-19.81415],[147.43631,-19.81699],[147.44272,-19.82334],[147.44463,-19.83703],[147.46143,-19.86466],[147.46344,-19.88216],[147.4754,-19.88475],[147.48514,-19.8964],[147.49447,-19.89883],[147.50793,-19.89783],[147.51183,-19.89423],[147.51938,-19.89615],[147.52554,-19.88966],[147.52676,-19.87809],[147.5345,-19.88199],[147.53779,-19.87638],[147.54485,-19.87839],[147.55905,-19.89666],[147.55125,-19.9016],[147.55381,-19.9144],[147.55009,-19.92433],[147.55202,-19.93162],[147.54498,-19.93627],[147.54869,-19.94827],[147.54355,-19.97662],[147.55863,-19.98743],[147.56508,-19.98867],[147.57154,-19.98495],[147.57795,-20.00181],[147.57623,-20.0083],[147.56937,-20.01284],[147.57004,-20.04458],[147.57372,-20.05095],[147.5826,-20.0534],[147.58536,-20.0613],[147.6103,-20.07153],[147.60997,-20.07912],[147.62065,-20.09396],[147.63964,-20.10027],[147.65729,-20.09426],[147.65796,-20.08985],[147.66464,-20.098],[147.66458,-20.11013],[147.66985,-20.12159],[147.6799,-20.12759],[147.6818,-20.12355],[147.68719,-20.12245],[147.69724,-20.10787],[147.71129,-20.10497],[147.73178,-20.11062],[147.74116,-20.0976],[147.77296,-20.10057],[147.77517,-20.09322],[147.7851,-20.09077],[147.78736,-20.09616],[147.78546,-20.10327],[147.79135,-20.10738],[147.79141,-20.11399],[147.80544,-20.12036],[147.8221,-20.12043],[147.83086,-20.12692],[147.83448,-20.14597],[147.84342,-20.15277],[147.85078,-20.18562],[147.85654,-20.19229],[147.87081,-20.19179],[147.87447,-20.1963],[147.87265,-20.1994],[147.87565,-20.20731],[147.88055,-20.20749],[147.88221,-20.21398],[147.90261,-20.23806],[147.90157,-20.2437],[147.89698,-20.24584],[147.902,-20.26802],[147.90874,-20.27053],[147.92424,-20.26753],[147.93257,-20.2774],[147.93441,-20.29002],[147.96847,-20.29614],[147.989,-20.31704],[148.00474,-20.32004],[148.01034,-20.31547],[148.01594,-20.32077],[148.02871,-20.3128],[148.03098,-20.31498],[148.02277,-20.35799],[148.02368,-20.37749],[148.02722,-20.38565],[148.0051,-20.40576],[148.00218,-20.42866],[148.0104,-20.44627],[148.01881,-20.45602],[148.02527,-20.45687],[148.04172,-20.46814],[148.04446,-20.48015],[148.04915,-20.48459],[148.05268,-20.49745],[148.0503,-20.49807],[148.05054,-20.50343],[148.05506,-20.50752],[148.05573,-20.51399],[148.06128,-20.51539],[148.06207,-20.52235],[148.07543,-20.53327],[148.07598,-20.54156],[148.08831,-20.54016],[148.09508,-20.54528],[148.09923,-20.55639],[148.09825,-20.56517],[148.11326,-20.57231],[148.12125,-20.56938],[148.12195,-20.56061],[148.11643,-20.5559],[148.11686,-20.53528],[148.13314,-20.52814],[148.13973,-20.52155],[148.15218,-20.52497],[148.15681,-20.53369],[148.16304,-20.53711],[148.16279,-20.54486],[148.16633,-20.54699],[148.1678,-20.55468],[148.17621,-20.55614],[148.18519,-20.55324],[148.19317,-20.56572],[148.2072,-20.56096],[148.21977,-20.56401],[148.22477,-20.56029],[148.24991,-20.57798],[148.2615,-20.58066],[148.27181,-20.57341],[148.27467,-20.5631],[148.28547,-20.56718],[148.29474,-20.56554],[148.29633,-20.56175],[148.27638,-20.5354],[148.29285,-20.53534],[148.27313,-20.51374],[148.27599,-20.51139],[148.28687,-20.51412],[148.28305,-20.50367],[148.28754,-20.50166],[148.28571,-20.49318],[148.28961,-20.49044],[148.28443,-20.4841],[148.28626,-20.4802],[148.27761,-20.46193],[148.28023,-20.45584],[148.27852,-20.45163],[148.26061,-20.42976],[148.26281,-20.42129],[148.25647,-20.41928],[148.25812,-20.41148],[148.25184,-20.39643],[148.25885,-20.38748],[148.25233,-20.37182],[148.25994,-20.36494],[148.25019,-20.35202],[148.24313,-20.33021],[148.25348,-20.31029],[148.24532,-20.29829],[148.25056,-20.28257],[148.24617,-20.26868],[148.25537,-20.26435],[148.26634,-20.26423],[148.26512,-20.24833],[148.26073,-20.25137],[148.25555,-20.24723],[148.24879,-20.24906],[148.23271,-20.24559],[148.20487,-20.2172],[148.19518,-20.22055],[148.18921,-20.21732],[148.18622,-20.21226],[148.1878,-20.20448],[148.18348,-20.18594],[148.18549,-20.17656],[148.18123,-20.16663],[148.18689,-20.15353],[148.18263,-20.1464],[148.17629,-20.14458],[148.17166,-20.13842],[148.17836,-20.11734],[148.1903,-20.11198],[148.18775,-20.10089],[148.20048,-20.06678],[148.20773,-20.01645],[148.21866,-19.99284],[148.2336,-19.97961],[148.22412,-19.96485],[148.21543,-19.97525],[148.21915,-19.96748],[148.21618,-19.96847],[148.2226,-19.96003],[148.22297,-19.96317],[148.21964,-19.95533],[148.2051,-19.95137],[148.21683,-19.95644],[148.21369,-19.95733],[148.21044,-19.95355],[148.19458,-19.95088],[148.19314,-19.94733],[148.184,-19.94392],[148.1859,-19.9451],[148.18363,-19.94745],[148.18827,-19.94654],[148.18943,-19.94952],[148.17086,-19.9498],[148.17393,-19.95374],[148.16538,-19.95396],[148.16163,-19.96532],[148.15984,-19.95595],[148.1513,-19.95574],[148.14547,-19.94964],[148.1312,-19.94442],[148.11268,-19.94194],[148.09975,-19.93015],[148.07946,-19.88115],[148.06348,-19.88954],[148.0478,-19.88557],[148.04348,-19.89047],[148.02648,-19.89367],[148.0185,-19.90081],[148.01742,-19.912],[147.99772,-19.92553],[147.98579,-19.9266],[147.96441,-19.92296],[147.95028,-19.91621],[147.93911,-19.91892],[147.92612,-19.91483],[147.913,-19.90345],[147.89764,-19.88331],[147.89074,-19.88003],[147.88532,-19.88115],[147.88511,-19.87627],[147.8726,-19.86424],[147.86571,-19.85272],[147.85978,-19.836],[147.85052,-19.7853],[147.84705,-19.7806],[147.84984,-19.77723],[147.8498,-19.76795],[147.85255,-19.76885],[147.85267,-19.75719],[147.84846,-19.75392],[147.85288,-19.74588],[147.85165,-19.73948],[147.84603,-19.72753],[147.84284,-19.73058],[147.83727,-19.72724],[147.83367,-19.71848],[147.82372,-19.70979],[147.80741,-19.70824],[147.79041,-19.71108],[147.78388,-19.7084],[147.77782,-19.71108],[147.76685,-19.70549],[147.75262,-19.70669],[147.76107,-19.72764],[147.74923,-19.75528],[147.74654,-19.75508],[147.74534,-19.76934],[147.75368,-19.77836],[147.76443,-19.78412],[147.76899,-19.80503],[147.76581,-19.80938],[147.77016,-19.8112],[147.76647,-19.81588],[147.77135,-19.83066],[147.78888,-19.84136],[147.78832,-19.84576],[147.76124,-19.83586],[147.73443,-19.83559],[147.72631,-19.84137],[147.70957,-19.83807],[147.70611,-19.83218],[147.68439,-19.83243],[147.67142,-19.82841],[147.66733,-19.82474],[147.66697,-19.81801],[147.66257,-19.81625],[147.66349,-19.80979],[147.63105,-19.7887],[147.60604,-19.76456],[147.58991,-19.72676],[147.5778,-19.72542],[147.56631,-19.71909],[147.56265,-19.71048],[147.53425,-19.71072],[147.52012,-19.72918],[147.50647,-19.72187],[147.48465,-19.72191],[147.44839,-19.73474],[147.4134,-19.7295],[147.38859,-19.70515],[147.36368,-19.70472]]],"type":"Polygon"},"properties":{"area_sqkm":3705.97,"basin_no":"121","division":"North East Coast","division_no":"I","id":"don","name":"Don"},"type":"Feature"},
{"geometry":{"coordinates":[[[142.13522,-11.01237],[142.14607,-11.04646],[142.14444,-11.06431],[142.1511,-11.08463],[142.15629,-11.06503],[142.15295,-11.05273],[142.16102,-11.05145],[142.15606,-11.07659],[142.15657,-11.08993],[142.15339,-11.09445],[142.14741,-11.09496],[142.14698,-11.09892],[142.15985,-11.12747],[142.16037,-11.12024],[142.15721,-11.11532],[142.16252,-11.11087],[142.16442,-11.13254],[142.16079,-11.13392],[142.15901,-11.13994],[142.1619,-11.14503],[142.15963,-11.14412],[142.15631,-11.15151],[142.15286,-11.15089],[142.15419,-11.13041],[142.15254,-11.1283],[142.14903,-11.13135],[142.14428,-11.17917],[142.13719,-11.20828],[142.12484,-11.2252],[142.11616,-11.22496],[142.11912,-11.22685],[142.1179,-11.23624],[142.12341,-11.23866],[142.12655,-11.26865],[142.12609,-11.30673],[142.11941,-11.35548],[142.12278,-11.36762],[142.11683,-11.3729],[142.09716,-11.44725],[142.0979,-11.45397],[142.10494,-11.45102],[142.10835,-11.45155],[142.10847,-11.45464],[142.10313,-11.45778],[142.10058,-11.46427],[142.08859,-11.46513],[142.06776,-11.52426],[142.06867,-11.53587],[142.07294,-11.52934],[142.08674,-11.52582],[142.09976,-11.52561],[142.10688,-11.5278],[142.1065,-11.53079],[142.09963,-11.53017],[142.08418,-11.53657],[142.07736,-11.53464],[142.06339,-11.54841],[142.05778,-11.54736],[142.05846,-11.54036],[142.05245,-11.55372],[142.02595,-11.6467],[142.02605,-11.66271],[142.03521,-11.64927],[142.04157,-11.61762],[142.0543,-11.6032],[142.06348,-11.60506],[142.04749,-11.62367],[142.04392,-11.64051],[142.04661,-11.63974],[142.04702,-11.64288],[142.04191,-11.65966],[142.01613,-11.67419],[142.00201,-11.74021],[142.00239,-11.75339],[142.00665,-11.7588],[141.99383,-11.76221],[141.97945,-11.7743],[141.96465,-11.81184],[141.95197,-11.86999],[141.9414,-11.95163],[141.94153,-11.97637],[141.94469,-11.97885],[141.95046,-11.97066],[141.94933,-11.98171],[141.96023,-11.97674],[141.97756,-11.98639],[142.00217,-12.01332],[142.00666,-12.03244],[142.01812,-12.045],[142.02843,-12.03232],[142.03692,-11.99887],[142.04133,-11.99886],[142.03689,-12.03787],[142.02909,-12.05895],[142.01873,-12.07483],[142.00936,-12.07747],[142.00345,-12.07489],[141.99259,-12.05875],[141.96718,-12.04328],[141.96085,-12.04328],[141.96498,-12.05711],[141.97779,-12.06682],[141.97954,-12.0715],[141.97679,-12.09909],[141.98258,-12.13341],[141.99094,-12.14575],[142.00652,-12.15844],[142.01135,-12.19374],[142.02394,-12.20722],[142.03029,-12.22528],[142.0393,-12.23605],[142.05836,-12.23905],[142.09956,-12.22022],[142.12616,-12.23017],[142.14122,-12.22546],[142.15734,-12.23699],[142.1647,-12.25459],[142.16976,-12.25912],[142.20348,-12.26412],[142.24397,-12.27789],[142.28657,-12.27001],[142.30517,-12.27189],[142.3257,-12.30343],[142.34012,-12.30673],[142.3526,-12.30196],[142.37325,-12.28648],[142.40921,-12.28301],[142.42309,-12.29472],[142.43351,-12.31402],[142.4371,-12.31538],[142.45416,-12.30343],[142.45016,-12.26777],[142.47123,-12.21128],[142.47923,-12.20975],[142.48665,-12.21657],[142.49347,-12.21322],[142.50068,-12.22346],[142.54603,-12.21709],[142.6054,-12.22655],[142.6206,-12.20867],[142.63883,-12.20832],[142.64759,-12.19413],[142.64316,-12.18868],[142.64392,-12.18301],[142.63983,-12.17974],[142.65338,-12.16163],[142.6528,-12.15578],[142.64649,-12.14748],[142.65268,-12.14298],[142.66361,-12.11861],[142.65952,-12.09524],[142.68757,-12.0638],[142.67951,-12.05415],[142.67682,-12.04042],[142.66788,-12.02885],[142.67664,-12.014],[142.68151,-11.98948],[142.66879,-11.9784],[142.6685,-11.96468],[142.65905,-11.95896],[142.65414,-11.95097],[142.64504,-11.94893],[142.62538,-11.93136],[142.61709,-11.92904],[142.61709,-11.91875],[142.62222,-11.90604],[142.63378,-11.90224],[142.64942,-11.8869],[142.64335,-11.87674],[142.64382,-11.86589],[142.6395,-11.85988],[142.64166,-11.85037],[142.63635,-11.84231],[142.65006,-11.83053],[142.67066,-11.82107],[142.66803,-11.79505],[142.66074,-11.77894],[142.67375,-11.77118],[142.67684,-11.76319],[142.68291,-11.75828],[142.68723,-11.74334],[142.68215,-11.73494],[142.68665,-11.72835],[142.69421,-11.7269],[142.69242,-11.70518],[142.70054,-11.69736],[142.70207,-11.68499],[142.69366,-11.68015],[142.67655,-11.67758],[142.66033,-11.68301],[142.65508,-11.67985],[142.64412,-11.67959],[142.62549,-11.67087],[142.61954,-11.65605],[142.61108,-11.65243],[142.60764,-11.64117],[142.59678,-11.63749],[142.59402,-11.6251],[142.58826,-11.62302],[142.58861,-11.6173],[142.58447,-11.61421],[142.57974,-11.60207],[142.56941,-11.60814],[142.55808,-11.60099],[142.55214,-11.60143],[142.55173,-11.58579],[142.54412,-11.57685],[142.53936,-11.57692],[142.53717,-11.57038],[142.52897,-11.56291],[142.51584,-11.56408],[142.50867,-11.57393],[142.49386,-11.57387],[142.48073,-11.56466],[142.46942,-11.54673],[142.46087,-11.5404],[142.46251,-11.53243],[142.45741,-11.52024],[142.45014,-11.52686],[142.43766,-11.52335],[142.43426,-11.51215],[142.42723,-11.50442],[142.43142,-11.48971],[142.41854,-11.47144],[142.41526,-11.45768],[142.41104,-11.45505],[142.40168,-11.45709],[142.38481,-11.4551],[142.38106,-11.45282],[142.37696,-11.44093],[142.36953,-11.43724],[142.37099,-11.42506],[142.36783,-11.41288],[142.35143,-11.39075],[142.35307,-11.38138],[142.34353,-11.36709],[142.34528,-11.35444],[142.33767,-11.34039],[142.34013,-11.32282],[142.32343,-11.30208],[142.31196,-11.28183],[142.3163,-11.2659],[142.3006,-11.24043],[142.28321,-11.23171],[142.26553,-11.19423],[142.24743,-11.16882],[142.2462,-11.16126],[142.25218,-11.14422],[142.25077,-11.13257],[142.25821,-11.12337],[142.25136,-11.11717],[142.24831,-11.1092],[142.24978,-11.09474],[142.24556,-11.09234],[142.23305,-11.09393],[142.22272,-11.077],[142.22091,-11.06845],[142.20925,-11.06259],[142.20627,-11.03589],[142.19912,-11.02201],[142.19128,-11.01645],[142.18946,-11.00989],[142.17705,-11.01428],[142.15525,-10.99806],[142.13491,-11.00555],[142.13522,-11.01237]]],"type":"Polygon"},"properties":{"area_sqkm":6771.91,"basin_no":"926","division":"Gulf","division_no":"IX","id":"ducie","name":"Ducie"},"type":"Feature"},
{"geometry":{"coordinates":[[[141.87997,-12.26169],[141.87255,-12.23953],[141.87161,-12.21989],[141.85536,-12.19983],[141.84676,-12.18177],[141.85242,-12.1317],[141.85161,-12.09792],[141.8719,-12.04425],[141.86518,-12.02028],[141.88259,-11.95297],[141.8503,-11.98496],[141.83542,-12.0168],[141.81795,-12.03611],[141.73797,-12.21489],[141.72576,-12.23],[141.7261,-12.23353],[141.7147,-12.23589],[141.70319,-12.26636],[141.70153,-12.28496],[141.69196,-12.31884],[141.66775,-12.38711],[141.64733,-12.43728],[141.61397,-12.50328],[141.59142,-12.56377],[141.60078,-12.57248],[141.61222,-12.57354],[141.6261,-12.58393],[141.63045,-12.57871],[141.643,-12.57841],[141.64518,-12.5714],[141.65533,-12.56378],[141.68691,-12.56186],[141.69497,-12.55734],[141.6933,-12.5536],[141.69115,-12.5574],[141.69836,-12.54474],[141.69501,-12.53222],[141.68982,-12.53452],[141.67075,-12.52788],[141.65785,-12.52987],[141.65514,-12.52738],[141.65743,-12.52341],[141.65223,-12.5193],[141.66183,-12.48977],[141.65711,-12.46368],[141.66215,-12.45184],[141.66732,-12.45458],[141.6659,-12.4634],[141.69144,-12.47889],[141.70127,-12.47747],[141.70312,-12.46705],[141.7167,-12.46451],[141.72372,-12.46942],[141.73968,-12.47063],[141.7466,-12.47951],[141.74418,-12.48519],[141.73302,-12.4809],[141.72391,-12.4838],[141.71656,-12.49717],[141.70121,-12.49623],[141.69234,-12.50846],[141.69225,-12.51589],[141.73405,-12.52788],[141.7434,-12.5373],[141.75306,-12.5364],[141.76058,-12.53974],[141.76452,-12.54554],[141.76221,-12.55092],[141.76978,-12.5535],[141.76606,-12.55953],[141.7685,-12.5662],[141.7772,-12.57398],[141.79117,-12.57763],[141.79374,-12.58294],[141.80948,-12.58349],[141.81469,-12.58814],[141.81582,-12.59817],[141.81954,-12.60185],[141.82247,-12.60249],[141.83205,-12.59362],[141.85054,-12.59638],[141.87308,-12.59094],[141.88,-12.58384],[141.8933,-12.59294],[141.89959,-12.59151],[141.90264,-12.57902],[141.91053,-12.57633],[141.91443,-12.56992],[141.91883,-12.57044],[141.92286,-12.56273],[141.94007,-12.56115],[141.95602,-12.58578],[141.96326,-12.58512],[141.96107,-12.59167],[141.9287,-12.59097],[141.91732,-12.60533],[141.90546,-12.6121],[141.89811,-12.61088],[141.894,-12.60237],[141.88627,-12.61819],[141.87743,-12.6199],[141.87403,-12.62729],[141.86591,-12.62845],[141.85953,-12.63824],[141.84518,-12.63921],[141.83867,-12.64557],[141.83149,-12.64223],[141.82738,-12.65451],[141.8398,-12.66895],[141.85592,-12.6619],[141.86916,-12.67184],[141.88247,-12.67278],[141.88473,-12.68639],[141.9011,-12.69181],[141.91337,-12.70658],[141.91863,-12.72549],[141.92853,-12.72937],[141.94694,-12.72811],[141.93815,-12.72738],[141.95035,-12.72457],[141.96311,-12.71598],[141.96526,-12.72441],[141.97807,-12.72594],[141.97661,-12.72957],[141.95402,-12.73003],[141.94942,-12.74388],[141.93447,-12.74936],[141.91323,-12.74363],[141.90573,-12.76206],[141.91262,-12.76784],[141.90853,-12.77457],[141.91965,-12.81132],[141.93424,-12.83882],[141.93874,-12.8579],[141.94571,-12.86056],[141.94282,-12.86841],[141.93862,-12.86903],[141.95061,-12.88669],[141.9422,-12.88933],[141.93215,-12.8837],[141.92994,-12.89385],[141.92197,-12.89225],[141.91987,-12.88417],[141.91369,-12.87979],[141.91339,-12.87181],[141.91743,-12.86769],[141.91779,-12.86188],[141.90847,-12.85025],[141.89461,-12.84281],[141.889,-12.83442],[141.90049,-12.78301],[141.89409,-12.77364],[141.89162,-12.7302],[141.88149,-12.72562],[141.87771,-12.71554],[141.85677,-12.68772],[141.84899,-12.68997],[141.82786,-12.6878],[141.82729,-12.67675],[141.82026,-12.67265],[141.80569,-12.67888],[141.80581,-12.68213],[141.8037,-12.67997],[141.8024,-12.70569],[141.79673,-12.72665],[141.75739,-12.82751],[141.74962,-12.83562],[141.73923,-12.85501],[141.72063,-12.86434],[141.71266,-12.87771],[141.6849,-12.88451],[141.67979,-12.88997],[141.68418,-12.89704],[141.69141,-12.90581],[141.69861,-12.90929],[141.73328,-12.90482],[141.74899,-12.91721],[141.78153,-12.90874],[141.80399,-12.93076],[141.82038,-12.92362],[141.8301,-12.93006],[141.83864,-12.94124],[141.84923,-12.94633],[141.8483,-12.96295],[141.8552,-12.97114],[141.85602,-12.98694],[141.8506,-13.00209],[141.85183,-13.00886],[141.86636,-13.00398],[141.89083,-13.00333],[141.89718,-13.0115],[141.89848,-13.02891],[141.90218,-13.03491],[141.90871,-13.03268],[141.92683,-13.03409],[141.94224,-13.04921],[141.95894,-13.04874],[141.96482,-13.05691],[141.97506,-13.05433],[141.9847,-13.0608],[141.99432,-13.05745],[142.00584,-13.048],[142.02562,-13.02652],[142.04186,-13.01928],[142.04157,-13.01405],[142.03609,-13.01018],[142.03715,-13.00424],[142.05395,-13.00247],[142.05945,-12.99773],[142.06822,-12.99914],[142.07709,-12.99119],[142.08527,-12.97694],[142.10031,-12.96808],[142.10577,-12.96981],[142.11062,-12.98015],[142.12464,-12.99049],[142.14146,-12.98634],[142.17645,-12.98985],[142.18656,-12.99487],[142.21822,-13.00095],[142.22709,-12.993],[142.25794,-12.98809],[142.29357,-12.97495],[142.30232,-12.96832],[142.313,-12.95142],[142.33142,-12.9388],[142.33895,-12.94335],[142.33942,-12.96298],[142.34403,-12.96742],[142.3681,-12.95562],[142.3931,-12.95141],[142.40147,-12.95358],[142.40186,-12.94265],[142.40998,-12.93132],[142.41138,-12.89627],[142.40098,-12.86479],[142.4018,-12.85211],[142.39631,-12.83336],[142.39655,-12.80059],[142.38889,-12.78149],[142.38656,-12.75924],[142.36781,-12.74019],[142.36699,-12.72092],[142.36232,-12.71642],[142.36249,-12.70795],[142.35402,-12.69072],[142.35396,-12.68132],[142.34707,-12.66963],[142.35332,-12.65258],[142.34427,-12.63459],[142.34684,-12.6083],[142.33673,-12.56846],[142.32499,-12.55649],[142.33101,-12.54054],[142.33007,-12.51873],[142.32534,-12.51905],[142.31004,-12.50626],[142.28399,-12.50088],[142.2728,-12.49404],[142.25338,-12.49957],[142.21772,-12.49409],[142.20925,-12.48544],[142.19065,-12.47603],[142.14946,-12.46979],[142.15046,-12.46161],[142.16029,-12.44502],[142.15452,-12.4396],[142.1271,-12.44219],[142.12116,-12.43618],[142.11556,-12.43849],[142.09626,-12.4276],[142.07826,-12.42489],[142.07225,-12.41983],[142.05189,-12.41824],[142.024,-12.42066],[142.00788,-12.43507],[141.97036,-12.42698],[141.95183,-12.41295],[141.90494,-12.36676],[141.89944,-12.34945],[141.90774,-12.32548],[141.89909,-12.31092],[141.89909,-12.29075],[141.87997,-12.26169]]],"type":"Polygon"},"properties":{"area_sqkm":4639.85,"basin_no":"924","division":"Gulf","division_no":"IX","id":"embley","name":"Embley"},"type":"Feature"},
{"geometry":{"coordinates":[[[145.04257,-15.21304],[145.03915,-15.20902],[145.03245,-15.20854],[145.01488,-15.21839],[145.01132,-15.22492],[145.00349,-15.22424],[145.00503,-15.23133],[144.99024,-15.25576],[144.98639,-15.28475],[144.97939,-15.30032],[144.98247,-15.32103],[144.99048,-15.32595],[144.99474,-15.33395],[144.9865,-15.33697],[144.98206,-15.34296],[144.98259,-15.34901],[144.97782,-15.35052],[144.97744,-15.35909],[144.97868,-15.37237],[144.98935,-15.38772],[144.98734,-15.38994],[144.97204,-15.38843],[144.95532,-15.37207],[144.94987,-15.37337],[144.94483,-15.38298],[144.92722,-15.38481],[144.9242,-15.39098],[144.91661,-15.39578],[144.9098,-15.40823],[144.90974,-15.4237],[144.89956,-15.42184],[144.89717,-15.43106],[144.90126,-15.44386],[144.89711,-15.45412],[144.89841,-15.4607],[144.91436,-15.4687],[144.90837,-15.4815],[144.90932,-15.49793],[144.92263,-15.50486],[144.9257,-15.52536],[144.9377,-15.53495],[144.96146,-15.54441],[144.95893,-15.55696],[144.96074,-15.56546],[144.96906,-15.5701],[144.97051,-15.58005],[144.9769,-15.58566],[144.9876,-15.58748],[144.99197,-15.5935],[144.99721,-15.59106],[145.01307,-15.60297],[145.01946,-15.60223],[145.0306,-15.60852],[145.03593,-15.60744],[145.05258,-15.62296],[145.065,-15.62296],[145.07207,-15.63009],[145.07772,-15.62973],[145.08282,-15.639],[145.09471,-15.6343],[145.10112,-15.63935],[145.11054,-15.63781],[145.11645,-15.64292],[145.12299,-15.6368],[145.13663,-15.63823],[145.14035,-15.63501],[145.16862,-15.64755],[145.17153,-15.65819],[145.16838,-15.67666],[145.16434,-15.68563],[145.15525,-15.68973],[145.15085,-15.7157],[145.14016,-15.71599],[145.13659,-15.73875],[145.13825,-15.7495],[145.13321,-15.75824],[145.13582,-15.76649],[145.13255,-15.77933],[145.1357,-15.78479],[145.13725,-15.80476],[145.14694,-15.82184],[145.16113,-15.81777],[145.17522,-15.81976],[145.18501,-15.81278],[145.18609,-15.80556],[145.19755,-15.82246],[145.19311,-15.82732],[145.19832,-15.83315],[145.19487,-15.84046],[145.19773,-15.84705],[145.20248,-15.85008],[145.20646,-15.86357],[145.21721,-15.86607],[145.2206,-15.87718],[145.23183,-15.87605],[145.2449,-15.88472],[145.25465,-15.87842],[145.25625,-15.87082],[145.26284,-15.87076],[145.26854,-15.87652],[145.28509,-15.87365],[145.29611,-15.89138],[145.31197,-15.89524],[145.31406,-15.90374],[145.32059,-15.90801],[145.32439,-15.91609],[145.33271,-15.91615],[145.33865,-15.92162],[145.3507,-15.9151],[145.36242,-15.91809],[145.35669,-15.90722],[145.3571,-15.89134],[145.37236,-15.8478],[145.37528,-15.84793],[145.37746,-15.84106],[145.37299,-15.83328],[145.35877,-15.83122],[145.35651,-15.81369],[145.35213,-15.80731],[145.35898,-15.78394],[145.36778,-15.76936],[145.36647,-15.73741],[145.35077,-15.69793],[145.33562,-15.68307],[145.33342,-15.66298],[145.31566,-15.65276],[145.31262,-15.64661],[145.3194,-15.63322],[145.3143,-15.61279],[145.3159,-15.60803],[145.32033,-15.60714],[145.31941,-15.60291],[145.3279,-15.60606],[145.32927,-15.60157],[145.327,-15.59928],[145.32874,-15.5922],[145.32292,-15.59127],[145.31955,-15.58648],[145.32218,-15.5808],[145.31735,-15.57508],[145.32282,-15.57062],[145.31891,-15.56962],[145.30484,-15.55221],[145.29802,-15.55926],[145.28705,-15.55978],[145.27973,-15.54508],[145.2722,-15.54231],[145.26965,-15.53122],[145.27205,-15.52088],[145.28366,-15.49609],[145.27574,-15.49332],[145.27155,-15.47391],[145.26428,-15.47273],[145.26137,-15.4605],[145.25469,-15.45746],[145.24974,-15.46015],[145.2488,-15.46545],[145.23917,-15.46673],[145.22098,-15.4558],[145.22341,-15.45327],[145.23149,-15.45539],[145.24135,-15.46126],[145.2392,-15.44353],[145.2486,-15.41665],[145.2652,-15.39536],[145.28703,-15.37856],[145.28569,-15.36369],[145.29822,-15.34237],[145.29004,-15.33775],[145.28374,-15.32941],[145.28783,-15.3148],[145.31345,-15.29064],[145.33455,-15.27692],[145.34284,-15.27514],[145.344,-15.2777],[145.35661,-15.27773],[145.35417,-15.26451],[145.32884,-15.26973],[145.31484,-15.26581],[145.30319,-15.27359],[145.2985,-15.2713],[145.28777,-15.27667],[145.2797,-15.26831],[145.26356,-15.26991],[145.2454,-15.25424],[145.23732,-15.25299],[145.20539,-15.21982],[145.17667,-15.20622],[145.16047,-15.20397],[145.15019,-15.19183],[145.14153,-15.20278],[145.13506,-15.20427],[145.13346,-15.19715],[145.12634,-15.19317],[145.11969,-15.19471],[145.11435,-15.19044],[145.10533,-15.19198],[145.09494,-15.18836],[145.08974,-15.19582],[145.08177,-15.19869],[145.07344,-15.19534],[145.05702,-15.20599],[145.04859,-15.20712],[145.04257,-15.21304]]],"type":"Polygon"},"properties":{"area_sqkm":2190.12,"basin_no":"107","division":"North East Coast","division_no":"I","id":"endeavour","name":"Endeavour"},"type":"Feature"},
{"geometry":{"coordinates":[[[148.44628,-21.29036],[148.4393,-21.29918],[148.43991,-21.3118],[148.44279,-21.31327],[148.43635,-21.33853],[148.42692,-21.34231],[148.42521,-21.34794],[148.41725,-21.34764],[148.40891,-21.35413],[148.41051,-21.37024],[148.4045,-21.37343],[148.40457,-21.38217],[148.39764,-21.38255],[148.38564,-21.37551],[148.36071,-21.37612],[148.34876,-21.38592],[148.3397,-21.38323],[148.32408,-21.38766],[148.32218,-21.39842],[148.31146,-21.40467],[148.31103,-21.41098],[148.30466,-21.41655],[148.27378,-21.4141],[148.25492,-21.41778],[148.23997,-21.40516],[148.23066,-21.40871],[148.20322,-21.40626],[148.18655,-21.41257],[148.18355,-21.41974],[148.17504,-21.41386],[148.16585,-21.41337],[148.1574,-21.42488],[148.13614,-21.42684],[148.13969,-21.43726],[148.14947,-21.44477],[148.15084,-21.45024],[148.14545,-21.46207],[148.13902,-21.45931],[148.13167,-21.46305],[148.12285,-21.4587],[148.11488,-21.46145],[148.1098,-21.45649],[148.09577,-21.45704],[148.08818,-21.44963],[148.07887,-21.45398],[148.07298,-21.46519],[148.06772,-21.48714],[148.06196,-21.49416],[148.06727,-21.50589],[148.0638,-21.535],[148.05742,-21.54262],[148.0386,-21.55414],[148.02559,-21.55699],[148.01185,-21.57191],[147.99333,-21.57894],[147.97493,-21.59408],[147.96918,-21.6138],[147.97162,-21.62112],[147.96204,-21.62049],[147.95697,-21.62444],[147.93656,-21.68095],[147.88069,-21.71618],[147.85841,-21.7245],[147.83238,-21.7235],[147.80735,-21.73107],[147.80353,-21.73495],[147.80228,-21.73883],[147.81079,-21.75517],[147.81661,-21.7817],[147.83188,-21.79021],[147.85729,-21.77976],[147.86805,-21.78552],[147.8709,-21.80454],[147.86493,-21.83075],[147.85334,-21.84597],[147.83163,-21.85692],[147.81811,-21.85705],[147.81148,-21.86193],[147.79164,-21.86424],[147.7907,-21.87507],[147.78413,-21.88308],[147.78782,-21.89384],[147.78676,-21.90361],[147.79174,-21.91316],[147.78413,-21.9359],[147.78782,-21.97069],[147.78119,-21.99598],[147.78758,-22.034],[147.80927,-22.05928],[147.81107,-22.06572],[147.8066,-22.07712],[147.80877,-22.08202],[147.82302,-22.08952],[147.84806,-22.11251],[147.86714,-22.12434],[147.8713,-22.13438],[147.88158,-22.14331],[147.90024,-22.17008],[147.90253,-22.179],[147.90073,-22.19561],[147.90959,-22.21444],[147.90984,-22.23204],[147.91703,-22.24196],[147.9179,-22.25361],[147.92347,-22.25887],[147.91845,-22.26947],[147.92521,-22.27313],[147.93308,-22.28496],[147.9306,-22.2919],[147.93407,-22.31223],[147.92973,-22.31985],[147.93103,-22.32388],[147.9451,-22.33683],[147.9628,-22.33691],[147.97038,-22.33999],[147.98209,-22.35498],[147.98972,-22.35914],[148.00146,-22.35724],[148.00698,-22.35198],[148.01181,-22.3604],[148.02234,-22.36654],[148.02276,-22.3738],[148.03195,-22.38141],[148.05196,-22.38358],[148.05375,-22.38649],[148.04793,-22.39367],[148.04607,-22.40235],[148.05524,-22.40396],[148.05716,-22.4083],[148.05208,-22.43345],[148.06503,-22.44212],[148.0654,-22.44782],[148.06172,-22.45847],[148.04322,-22.47335],[148.03182,-22.47546],[148.03021,-22.48679],[148.01398,-22.48878],[148.00516,-22.49846],[148.0051,-22.50674],[147.99877,-22.50719],[147.98443,-22.51887],[147.96638,-22.52814],[147.9437,-22.55138],[147.91928,-22.53339],[147.90896,-22.5308],[147.90173,-22.52109],[147.88776,-22.52437],[147.87886,-22.52239],[147.86428,-22.52758],[147.84178,-22.52518],[147.82126,-22.53883],[147.80173,-22.53129],[147.78955,-22.51671],[147.77911,-22.51331],[147.77083,-22.52338],[147.75834,-22.52258],[147.75389,-22.52505],[147.74215,-22.54347],[147.72157,-22.5253],[147.71285,-22.52326],[147.68689,-22.53556],[147.67633,-22.55225],[147.66699,-22.5512],[147.66279,-22.5546],[147.65871,-22.57196],[147.66434,-22.58612],[147.65704,-22.59026],[147.64128,-22.58531],[147.62027,-22.5918],[147.61464,-22.62258],[147.60605,-22.62858],[147.589,-22.63019],[147.58121,-22.64607],[147.5576,-22.64588],[147.54635,-22.65139],[147.53263,-22.63958],[147.52515,-22.64922],[147.50877,-22.64632],[147.50543,-22.65522],[147.49441,-22.64871],[147.48228,-22.64679],[147.47014,-22.65651],[147.46185,-22.65397],[147.45764,-22.65583],[147.4455,-22.64963],[147.4299,-22.6505],[147.42259,-22.65936],[147.42019,-22.69602],[147.42655,-22.70901],[147.42748,-22.7261],[147.41708,-22.73867],[147.4281,-22.74647],[147.42829,-22.7526],[147.40872,-22.75229],[147.39956,-22.75595],[147.39628,-22.763],[147.39832,-22.76771],[147.39399,-22.77316],[147.39857,-22.78554],[147.3917,-22.797],[147.39578,-22.80765],[147.38185,-22.81439],[147.36972,-22.81068],[147.36774,-22.81266],[147.37547,-22.8248],[147.37362,-22.84312],[147.37888,-22.8508],[147.37708,-22.85384],[147.38049,-22.856],[147.38092,-22.8664],[147.37541,-22.87866],[147.3673,-22.88647],[147.36897,-22.89835],[147.3608,-22.90374],[147.36006,-22.91581],[147.36774,-22.92683],[147.36829,-22.93637],[147.37956,-22.93922],[147.37907,-22.94417],[147.38828,-22.96281],[147.38718,-22.97079],[147.36978,-22.97754],[147.36532,-22.99754],[147.36812,-23.00079],[147.35799,-23.01335],[147.35724,-23.01851],[147.35102,-23.01788],[147.34705,-23.02168],[147.34201,-23.01832],[147.32379,-23.04294],[147.31708,-23.04555],[147.31241,-23.06172],[147.30358,-23.06968],[147.3047,-23.07478],[147.29544,-23.0897],[147.3011,-23.09642],[147.29737,-23.10027],[147.29768,-23.10611],[147.29245,-23.11034],[147.29364,-23.1183],[147.28338,-23.13124],[147.28338,-23.1364],[147.27996,-23.13745],[147.28139,-23.15604],[147.28798,-23.16705],[147.27306,-23.17202],[147.25826,-23.18769],[147.2605,-23.1954],[147.25764,-23.20075],[147.26155,-23.21132],[147.26006,-23.24029],[147.27125,-23.25696],[147.27219,-23.26803],[147.28698,-23.27648],[147.28431,-23.28693],[147.2766,-23.29663],[147.29438,-23.32187],[147.28406,-23.33083],[147.2881,-23.34164],[147.28717,-23.3552],[147.26715,-23.38393],[147.26044,-23.44013],[147.25142,-23.44772],[147.24999,-23.45369],[147.25938,-23.46787],[147.27113,-23.46476],[147.27984,-23.47956],[147.28226,-23.4984],[147.27639,-23.51253],[147.28351,-23.52295],[147.27071,-23.53727],[147.25759,-23.54251],[147.25039,-23.54138],[147.2326,-23.55097],[147.21871,-23.55053],[147.21896,-23.56662],[147.2107,-23.5759],[147.21814,-23.58662],[147.21865,-23.59275],[147.20123,-23.60309],[147.19688,-23.60934],[147.20167,-23.62632],[147.21184,-23.63787],[147.2013,-23.65428],[147.20565,-23.67012],[147.21013,-23.67113],[147.20988,-23.67706],[147.196,-23.68444],[147.19858,-23.6958],[147.1953,-23.70363],[147.19783,-23.70943],[147.19372,-23.71536],[147.20344,-23.73139],[147.19663,-23.74477],[147.20142,-23.75739],[147.19909,-23.7709],[147.21632,-23.78295],[147.2278,-23.78686],[147.22799,-23.79267],[147.2404,-23.80854],[147.2309,-23.81911],[147.22787,-23.83186],[147.23613,-23.84656],[147.23897,-23.86064],[147.23285,-23.88323],[147.24105,-23.90153],[147.23828,-23.9062],[147.22439,-23.90986],[147.20628,-23.92211],[147.20489,-23.93044],[147.20117,-23.93321],[147.2018,-23.93965],[147.19423,-23.93832],[147.18142,-23.94262],[147.16798,-23.9548],[147.17195,-23.96931],[147.16362,-23.97777],[147.17126,-23.97979],[147.177,-23.99051],[147.18359,-24.00474],[147.1839,-24.01057],[147.18071,-24.01344],[147.20245,-24.02105],[147.20377,-24.02431],[147.20098,-24.03914],[147.19492,-24.04046],[147.1898,-24.05272],[147.17707,-24.06406],[147.18483,-24.07509],[147.18071,-24.09023],[147.14981,-24.09574],[147.14395,-24.10261],[147.13149,-24.09224],[147.11728,-24.09395],[147.11208,-24.09908],[147.09958,-24.09737],[147.09749,-24.10172],[147.07613,-24.11624],[147.05634,-24.1153],[147.04484,-24.11918],[147.03755,-24.12656],[147.03786,-24.13324],[147.04353,-24.13572],[147.04438,-24.14147],[147.03219,-24.1438],[147.02575,-24.14869],[147.0141,-24.14737],[147.00944,-24.16173],[147.00385,-24.16251],[146.9924,-24.15682],[146.9849,-24.16317],[146.97484,-24.16016],[146.96362,-24.16706],[146.95629,-24.16595],[146.95745,-24.17355],[146.94951,-24.19397],[146.95475,-24.20349],[146.95434,-24.20891],[146.94175,-24.22026],[146.94295,-24.23035],[146.93061,-24.24295],[146.93325,-24.24739],[146.92729,-24.26026],[146.92466,-24.28569],[146.91043,-24.30118],[146.9107,-24.32471],[146.89703,-24.33022],[146.88537,-24.33056],[146.8749,-24.33771],[146.87776,-24.3454],[146.85863,-24.37293],[146.83212,-24.37161],[146.81487,-24.37523],[146.81133,-24.39402],[146.79333,-24.41515],[146.77575,-24.39947],[146.77079,-24.40655],[146.74629,-24.40635],[146.73587,-24.41542],[146.73384,-24.40922],[146.7188,-24.39745],[146.71308,-24.37794],[146.70245,-24.37763],[146.69592,-24.38173],[146.68738,-24.37591],[146.68241,-24.37937],[146.68062,-24.38782],[146.6657,-24.395],[146.65611,-24.4055],[146.6457,-24.40395],[146.63297,-24.39348],[146.63772,-24.40694],[146.59666,-24.41829],[146.57365,-24.41175],[146.57273,-24.41471],[146.58624,-24.42916],[146.59525,-24.45405],[146.61128,-24.46021],[146.62083,-24.45843],[146.61779,-24.4648],[146.62211,-24.47088],[146.62541,-24.49457],[146.6367,-24.49735],[146.64546,-24.51514],[146.64771,-24.52977],[146.66114,-24.54245],[146.66117,-24.55285],[146.666,-24.56359],[146.67151,-24.56427],[146.67802,-24.57195],[146.67881,-24.5767],[146.67006,-24.58614],[146.66631,-24.60337],[146.66599,-24.61009],[146.6708,-24.61663],[146.68524,-24.62427],[146.71721,-24.62098],[146.75097,-24.65429],[146.76119,-24.67247],[146.77327,-24.66369],[146.7656,-24.64599],[146.77148,-24.64351],[146.78738,-24.62677],[146.80183,-24.62166],[146.80612,-24.63708],[146.81456,-24.64176],[146.82185,-24.64165],[146.84741,-24.60811],[146.85597,-24.58929],[146.86524,-24.58568],[146.86816,-24.5951],[146.88227,-24.60409],[146.88326,-24.61182],[146.89138,-24.62289],[146.89308,-24.62999],[146.88815,-24.6451],[146.89449,-24.6444],[146.90675,-24.65216],[146.93212,-24.6738],[146.93259,-24.68279],[146.94138,-24.6987],[146.94077,-24.70302],[146.92909,-24.70782],[146.91865,-24.72052],[146.90652,-24.74479],[146.89643,-24.74684],[146.88009,-24.7701],[146.88171,-24.78399],[146.89813,-24.80331],[146.89999,-24.8126],[146.87825,-24.84077],[146.87216,-24.86284],[146.88256,-24.87381],[146.89189,-24.89866],[146.90409,-24.90648],[146.89898,-24.9145],[146.8995,-24.92528],[146.93322,-24.95055],[146.94117,-24.96139],[146.95742,-24.9701],[146.97808,-24.99175],[146.97915,-25.01501],[147.00072,-25.03703],[147.02082,-25.03891],[147.03111,-25.03519],[147.05582,-25.01276],[147.06545,-25.01018],[147.07544,-24.99105],[147.09441,-25.00338],[147.10673,-24.9974],[147.1101,-24.99395],[147.109,-24.98328],[147.11229,-24.97717],[147.13553,-24.95537],[147.14319,-24.96062],[147.15973,-24.96431],[147.15832,-24.98297],[147.1711,-24.99254],[147.21454,-24.98924],[147.2227,-24.98015],[147.22897,-24.98234],[147.23227,-24.98877],[147.25077,-24.97795],[147.26395,-24.96172],[147.27445,-24.95764],[147.28253,-24.94972],[147.28049,-24.92949],[147.27492,-24.92581],[147.27524,-24.92071],[147.28739,-24.91365],[147.28849,-24.90832],[147.3055,-24.88785],[147.31907,-24.88283],[147.31828,-24.87311],[147.32134,-24.87005],[147.34416,-24.87005],[147.36321,-24.87797],[147.36949,-24.8768],[147.37372,-24.87099],[147.38235,-24.86982],[147.38745,-24.87139],[147.39176,-24.87821],[147.40054,-24.87648],[147.41858,-24.88158],[147.43308,-24.87993],[147.4399,-24.88699],[147.46406,-24.87382],[147.48334,-24.87821],[147.49652,-24.85609],[147.49581,-24.84731],[147.50776,-24.83557],[147.50768,-24.82216],[147.51853,-24.83007],[147.53945,-24.82336],[147.54304,-24.81745],[147.54967,-24.82081],[147.55669,-24.81865],[147.55988,-24.8331],[147.57864,-24.83486],[147.58974,-24.81825],[147.61512,-24.80516],[147.64642,-24.79941],[147.64985,-24.78983],[147.64514,-24.78576],[147.64705,-24.77243],[147.6706,-24.76939],[147.67991,-24.77362],[147.68761,-24.76309],[147.70062,-24.75998],[147.70333,-24.75375],[147.71339,-24.75088],[147.72864,-24.73355],[147.73726,-24.72828],[147.74987,-24.73052],[147.7644,-24.72557],[147.77682,-24.74384],[147.78021,-24.73491],[147.79107,-24.7302],[147.79937,-24.73419],[147.80471,-24.73315],[147.80943,-24.73762],[147.82451,-24.73555],[147.82691,-24.75048],[147.85205,-24.76931],[147.85165,-24.77585],[147.85501,-24.78001],[147.88087,-24.79087],[147.90011,-24.80747],[147.90123,-24.81354],[147.91017,-24.8149],[147.91536,-24.81937],[147.91943,-24.82487],[147.91376,-24.83797],[147.91624,-24.84731],[147.9421,-24.86423],[147.94178,-24.86998],[147.94625,-24.87237],[147.94841,-24.87884],[147.97611,-24.87916],[147.99543,-24.89991],[148.00179,-24.89688],[148.01402,-24.8972],[148.01783,-24.903],[148.03086,-24.91118],[148.03784,-24.91229],[148.04499,-24.90872],[148.05706,-24.913],[148.06501,-24.93453],[148.07422,-24.94048],[148.07898,-24.9485],[148.07358,-24.95788],[148.07835,-24.96931],[148.07525,-24.97773],[148.08415,-24.99743],[148.08278,-25.00086],[148.09075,-25.01082],[148.10422,-25.01664],[148.10669,-25.02086],[148.11689,-25.02293],[148.11514,-25.02987],[148.12048,-25.03505],[148.12279,-25.04462],[148.13363,-25.04398],[148.14391,-25.06108],[148.15069,-25.06143],[148.15994,-25.08503],[148.17205,-25.08558],[148.17939,-25.08112],[148.1974,-25.08319],[148.20744,-25.08056],[148.23534,-25.10185],[148.2363,-25.11492],[148.28101,-25.15637],[148.29456,-25.16489],[148.2901,-25.18418],[148.30325,-25.19853],[148.30333,-25.21224],[148.3243,-25.21041],[148.34629,-25.22125],[148.36002,-25.23375],[148.3565,-25.24476],[148.3663,-25.2517],[148.37045,-25.26732],[148.38559,-25.28039],[148.38407,-25.29796],[148.35395,-25.34392],[148.36248,-25.36552],[148.3573,-25.38114],[148.36407,-25.38521],[148.36367,-25.39198],[148.37499,-25.41334],[148.3946,-25.42618],[148.39763,-25.42538],[148.40225,-25.43152],[148.3997,-25.44778],[148.39324,-25.45918],[148.39396,-25.46778],[148.38854,-25.47767],[148.37946,-25.48692],[148.37149,-25.4901],[148.36745,-25.50294],[148.35747,-25.51253],[148.34701,-25.51575],[148.34528,-25.52314],[148.33122,-25.53635],[148.33145,-25.55663],[148.32721,-25.56165],[148.32446,-25.57958],[148.31812,-25.58947],[148.31062,-25.592],[148.3063,-25.60426],[148.30166,-25.62532],[148.30331,-25.64308],[148.30866,-25.65818],[148.30952,-25.67264],[148.32147,-25.69449],[148.31691,-25.70502],[148.32021,-25.71587],[148.30084,-25.72209],[148.28626,-25.74149],[148.27174,-25.74819],[148.27101,-25.76114],[148.26009,-25.76602],[148.26111,-25.79353],[148.25663,-25.80123],[148.26103,-25.81129],[148.25513,-25.81585],[148.25372,-25.82355],[148.26669,-25.83652],[148.27486,-25.85138],[148.27675,-25.86238],[148.27313,-25.87747],[148.28123,-25.89791],[148.25655,-25.92149],[148.25734,-25.93045],[148.24295,-25.9567],[148.24287,-25.97723],[148.25035,-25.9877],[148.25243,-25.99694],[148.24351,-26.01595],[148.24114,-26.03665],[148.2494,-26.06419],[148.26141,-26.06351],[148.27529,-26.07078],[148.28262,-26.0704],[148.296,-26.05151],[148.32797,-26.03502],[148.3421,-26.03338],[148.353,-26.01845],[148.36143,-26.01348],[148.37004,-26.01316],[148.37377,-26.00523],[148.38022,-26.00386],[148.39589,-26.00412],[148.44298,-26.02674],[148.45689,-26.02654],[148.48224,-26.03281],[148.48954,-26.03083],[148.49472,-26.01441],[148.50057,-26.01254],[148.5251,-26.02139],[148.54718,-26.0242],[148.55265,-26.02809],[148.58474,-26.02468],[148.60307,-26.02963],[148.61843,-26.0271],[148.6317,-26.02901],[148.64327,-26.03623],[148.6548,-26.03673],[148.66805,-26.02572],[148.68355,-26.02641],[148.69205,-26.02985],[148.69946,-26.03976],[148.70844,-26.04342],[148.708,-26.05543],[148.7159,-26.07985],[148.71214,-26.09404],[148.71463,-26.11426],[148.71776,-26.1238],[148.72668,-26.13346],[148.74884,-26.13773],[148.74918,-26.14717],[148.74227,-26.15934],[148.79423,-26.16965],[148.82096,-26.1844],[148.85215,-26.17764],[148.85518,-26.19157],[148.86195,-26.19156],[148.86589,-26.20055],[148.88531,-26.2006],[148.90654,-26.22257],[148.95193,-26.22887],[148.97261,-26.23578],[148.99232,-26.2468],[148.99544,-26.25786],[148.99043,-26.27674],[148.99611,-26.28661],[148.99451,-26.29882],[148.99969,-26.30639],[149.00798,-26.30338],[149.0236,-26.29035],[149.04936,-26.28942],[149.05288,-26.28082],[149.08095,-26.27198],[149.10296,-26.2863],[149.11221,-26.28393],[149.11123,-26.27395],[149.12105,-26.27468],[149.12939,-26.28426],[149.14282,-26.28606],[149.14543,-26.29391],[149.15042,-26.29706],[149.14885,-26.30296],[149.17056,-26.31191],[149.17877,-26.30994],[149.18107,-26.31574],[149.19181,-26.31863],[149.19945,-26.31511],[149.21141,-26.30057],[149.22449,-26.30504],[149.22997,-26.31086],[149.25845,-26.30161],[149.26901,-26.30693],[149.27171,-26.3003],[149.28562,-26.28851],[149.31991,-26.28246],[149.34413,-26.29015],[149.38472,-26.29359],[149.39045,-26.29113],[149.39397,-26.28287],[149.40477,-26.27615],[149.40943,-26.2764],[149.42973,-26.30111],[149.43865,-26.30365],[149.43808,-26.31208],[149.44503,-26.31994],[149.4429,-26.32968],[149.44871,-26.32395],[149.46672,-26.31855],[149.47792,-26.30822],[149.48849,-26.312],[149.50109,-26.33519],[149.51167,-26.3334],[149.5242,-26.33642],[149.54781,-26.32803],[149.55269,-26.33226],[149.56995,-26.33235],[149.58118,-26.33755],[149.58708,-26.35053],[149.59917,-26.34928],[149.63344,-26.36254],[149.64484,-26.35318],[149.6673,-26.35937],[149.6844,-26.34797],[149.69824,-26.34529],[149.70971,-26.32355],[149.72187,-26.32084],[149.72257,-26.33503],[149.72005,-26.34871],[149.71191,-26.35929],[149.71598,-26.36824],[149.7115,-26.37744],[149.72217,-26.38338],[149.72945,-26.39176],[149.75196,-26.38623],[149.76816,-26.39014],[149.76645,-26.39755],[149.76873,-26.40088],[149.80291,-26.39323],[149.81122,-26.40699],[149.82163,-26.40788],[149.82847,-26.40284],[149.83523,-26.40813],[149.85192,-26.41472],[149.85721,-26.41342],[149.86738,-26.42017],[149.87096,-26.41903],[149.87226,-26.41106],[149.8791,-26.40577],[149.88496,-26.41195],[149.89441,-26.41146],[149.90857,-26.41708],[149.91996,-26.41309],[149.92338,-26.40731],[149.93331,-26.40723],[149.9411,-26.42122],[149.94911,-26.42473],[149.9815,-26.41773],[150.00409,-26.40603],[150.03474,-26.40679],[150.03449,-26.40139],[150.0439,-26.40164],[150.04975,-26.39687],[150.04975,-26.38396],[150.06972,-26.37957],[150.09795,-26.35642],[150.12593,-26.34199],[150.13891,-26.3161],[150.14768,-26.31299],[150.15875,-26.31731],[150.16969,-26.31687],[150.19004,-26.30618],[150.19894,-26.3058],[150.19519,-26.3016],[150.19239,-26.28634],[150.21509,-26.2754],[150.21058,-26.252],[150.20581,-26.24653],[150.19093,-26.24259],[150.17954,-26.23515],[150.18959,-26.23],[150.19754,-26.21162],[150.21204,-26.1968],[150.21274,-26.18942],[150.20339,-26.17626],[150.17795,-26.17155],[150.17426,-26.1636],[150.17821,-26.15381],[150.19563,-26.1348],[150.22425,-26.12831],[150.25312,-26.13422],[150.28136,-26.15464],[150.30082,-26.16182],[150.33261,-26.15591],[150.33783,-26.15101],[150.33624,-26.1444],[150.32638,-26.1395],[150.33204,-26.12977],[150.32931,-26.12061],[150.33198,-26.10503],[150.32587,-26.10325],[150.31932,-26.09428],[150.31105,-26.07508],[150.31392,-26.06363],[150.30482,-26.04532],[150.31061,-26.0401],[150.31086,-26.03298],[150.30654,-26.02954],[150.30794,-26.01085],[150.30431,-26.0027],[150.30623,-25.99623],[150.31179,-25.99585],[150.32772,-25.9813],[150.33164,-25.97144],[150.32981,-25.96436],[150.33993,-25.95728],[150.34549,-25.94665],[150.34543,-25.9378],[150.35776,-25.92743],[150.35744,-25.92149],[150.34878,-25.91788],[150.34947,-25.91099],[150.36256,-25.9103],[150.37104,-25.90283],[150.38052,-25.90372],[150.38937,-25.89385],[150.40556,-25.89537],[150.41106,-25.89126],[150.4127,-25.88431],[150.40834,-25.88083],[150.40872,-25.87128],[150.41327,-25.86433],[150.4146,-25.85307],[150.41365,-25.84877],[150.40373,-25.8427],[150.40777,-25.83701],[150.40398,-25.82854],[150.37622,-25.81924],[150.37208,-25.81511],[150.40467,-25.78952],[150.41821,-25.78554],[150.42371,-25.77934],[150.42782,-25.76619],[150.42352,-25.75329],[150.42921,-25.74912],[150.42691,-25.74254],[150.43597,-25.73786],[150.43028,-25.72256],[150.43572,-25.71396],[150.43414,-25.70018],[150.43977,-25.69474],[150.43825,-25.66843],[150.43275,-25.66356],[150.44046,-25.65383],[150.45471,-25.65067],[150.44704,-25.64087],[150.44248,-25.62063],[150.43799,-25.6169],[150.44172,-25.60584],[150.42952,-25.59996],[150.42453,-25.60242],[150.41561,-25.60002],[150.4122,-25.58788],[150.40418,-25.58063],[150.40866,-25.57738],[150.41302,-25.56398],[150.40372,-25.55184],[150.40613,-25.54475],[150.40221,-25.52288],[150.39468,-25.51744],[150.40208,-25.50745],[150.40246,-25.50163],[150.39425,-25.49089],[150.37836,-25.4861],[150.37225,-25.47374],[150.37332,-25.46587],[150.40427,-25.4358],[150.40118,-25.42912],[150.3889,-25.4228],[150.39311,-25.41463],[150.39185,-25.40335],[150.40269,-25.39957],[150.39765,-25.3927],[150.39809,-25.38564],[150.41044,-25.37618],[150.40502,-25.36238],[150.41636,-25.34783],[150.41989,-25.3269],[150.42374,-25.32407],[150.4342,-25.32425],[150.44245,-25.31694],[150.44769,-25.30081],[150.44271,-25.28701],[150.45241,-25.279],[150.44926,-25.26325],[150.45342,-25.25701],[150.45953,-25.25682],[150.4642,-25.2485],[150.46268,-25.24321],[150.46993,-25.23665],[150.47472,-25.22342],[150.47247,-25.19259],[150.50131,-25.18265],[150.51686,-25.16679],[150.55048,-25.16465],[150.55652,-25.16093],[150.55804,-25.13235],[150.56924,-25.11522],[150.56609,-25.09961],[150.55571,-25.09243],[150.55986,-25.07871],[150.56509,-25.0733],[150.56169,-25.06108],[150.54532,-25.04937],[150.54654,-25.04247],[150.53277,-25.04055],[150.55186,-25.01903],[150.55652,-25.00253],[150.56549,-24.99488],[150.55241,-24.99005],[150.55127,-24.98347],[150.53546,-24.96817],[150.54134,-24.95856],[150.55329,-24.95559],[150.55961,-24.94503],[150.55911,-24.93416],[150.55424,-24.93378],[150.54819,-24.9281],[150.55443,-24.92619],[150.55083,-24.90685],[150.56398,-24.90311],[150.56954,-24.89812],[150.58055,-24.8969],[150.58572,-24.89256],[150.59217,-24.89629],[150.59211,-24.89028],[150.60305,-24.87523],[150.59976,-24.87049],[150.58749,-24.87074],[150.58433,-24.86506],[150.58693,-24.85197],[150.60254,-24.83401],[150.59261,-24.81859],[150.59432,-24.80986],[150.56796,-24.78483],[150.56992,-24.78242],[150.58345,-24.78223],[150.59521,-24.77338],[150.59774,-24.76131],[150.59046,-24.75246],[150.59887,-24.74588],[150.60121,-24.72868],[150.59777,-24.72528],[150.60001,-24.71983],[150.60798,-24.71111],[150.63276,-24.70763],[150.63434,-24.69834],[150.64536,-24.69673],[150.65146,-24.69241],[150.66146,-24.69612],[150.66639,-24.70181],[150.67866,-24.69726],[150.68549,-24.70226],[150.70117,-24.70346],[150.71735,-24.70314],[150.73322,-24.69517],[150.73796,-24.70036],[150.76887,-24.70965],[150.77695,-24.7174],[150.79202,-24.71028],[150.81762,-24.71401],[150.82654,-24.70674],[150.8596,-24.70403],[150.87572,-24.69618],[150.88412,-24.68169],[150.88333,-24.67798],[150.89052,-24.67766],[150.89538,-24.6628],[150.90019,-24.66255],[150.90866,-24.65262],[150.91172,-24.65277],[150.90069,-24.64042],[150.90062,-24.63511],[150.90683,-24.62879],[150.90942,-24.62044],[150.91991,-24.61545],[150.93193,-24.61747],[150.93762,-24.60552],[150.94685,-24.6016],[150.95178,-24.59174],[150.94944,-24.58643],[150.95974,-24.58124],[150.95873,-24.57676],[150.97542,-24.57739],[150.96803,-24.55507],[150.97074,-24.55014],[150.97988,-24.54778],[150.97403,-24.53572],[150.96929,-24.53269],[150.96322,-24.51461],[150.96429,-24.50753],[150.97005,-24.50297],[150.97017,-24.49672],[150.97896,-24.49106],[150.97595,-24.48409],[150.98149,-24.47741],[150.98833,-24.45826],[150.98669,-24.44971],[150.99174,-24.44091],[150.99317,-24.4296],[150.99115,-24.41175],[150.99939,-24.4032],[150.99675,-24.39428],[151.00077,-24.39221],[151.01568,-24.39776],[151.03751,-24.39192],[151.03422,-24.38205],[151.02519,-24.37052],[151.01524,-24.36707],[151.00653,-24.3573],[151.00131,-24.35785],[150.9894,-24.34802],[150.99172,-24.3347],[150.98927,-24.32653],[150.99222,-24.31786],[150.98581,-24.31397],[150.97588,-24.31409],[150.97136,-24.30397],[150.96193,-24.30347],[150.94245,-24.27827],[150.9373,-24.2811],[150.92322,-24.27884],[150.91863,-24.26576],[150.91078,-24.26275],[150.90355,-24.25527],[150.88954,-24.25401],[150.88457,-24.2388],[150.87232,-24.23925],[150.86523,-24.23563],[150.86754,-24.22976],[150.86207,-24.21976],[150.83863,-24.22215],[150.82414,-24.21662],[150.81865,-24.22372],[150.81431,-24.22171],[150.81249,-24.21631],[150.80652,-24.21694],[150.80407,-24.2099],[150.79773,-24.20741],[150.80979,-24.19632],[150.8135,-24.18093],[150.80734,-24.17326],[150.79929,-24.17345],[150.7869,-24.15398],[150.77516,-24.15315],[150.76787,-24.1468],[150.76064,-24.14617],[150.75625,-24.14064],[150.74236,-24.14177],[150.72363,-24.13681],[150.71898,-24.12732],[150.72535,-24.12183],[150.71517,-24.10834],[150.71904,-24.10394],[150.7191,-24.09716],[150.72614,-24.09345],[150.7313,-24.08559],[150.72753,-24.07862],[150.71395,-24.0724],[150.70496,-24.06228],[150.70534,-24.0509],[150.69799,-24.04242],[150.69811,-24.01609],[150.70063,-24.01219],[150.69548,-24.00602],[150.70216,-23.98852],[150.69528,-23.98106],[150.69535,-23.97495],[150.69046,-23.97],[150.68472,-23.94974],[150.68843,-23.94878],[150.69944,-23.95488],[150.71065,-23.94846],[150.73052,-23.94531],[150.74955,-23.95495],[150.76383,-23.95502],[150.77613,-23.96275],[150.77952,-23.95572],[150.80042,-23.95489],[150.8181,-23.97006],[150.84048,-23.97212],[150.85077,-23.96987],[150.86344,-23.95445],[150.86511,-23.94794],[150.85906,-23.93682],[150.86485,-23.92917],[150.86254,-23.90402],[150.87405,-23.89367],[150.88331,-23.89489],[150.88691,-23.89258],[150.8916,-23.87161],[150.88524,-23.86537],[150.88929,-23.86537],[150.89495,-23.85348],[150.908,-23.84981],[150.92369,-23.85521],[150.93874,-23.83689],[150.94915,-23.83136],[150.957,-23.82158],[150.98079,-23.82493],[150.98208,-23.81933],[150.9896,-23.81605],[150.99841,-23.80403],[151.00483,-23.80449],[150.99873,-23.77322],[150.99385,-23.77322],[150.995,-23.76454],[150.98883,-23.75676],[150.98516,-23.7403],[150.99057,-23.72416],[150.98741,-23.71998],[150.98883,-23.70352],[150.99655,-23.69792],[151.00047,-23.68795],[150.99931,-23.67625],[150.99211,-23.67278],[150.99597,-23.6677],[150.97597,-23.62133],[150.97812,-23.55533],[150.97293,-23.55733],[150.97089,-23.59412],[150.96306,-23.60977],[150.93883,-23.6139],[150.92518,-23.62204],[150.89757,-23.61681],[150.88809,-23.61029],[150.8821,-23.58903],[150.87125,-23.5801],[150.86648,-23.58838],[150.86304,-23.61504],[150.85691,-23.62005],[150.8551,-23.61607],[150.8598,-23.58997],[150.86562,-23.57531],[150.83926,-23.56336],[150.81197,-23.56059],[150.80123,-23.56568],[150.79775,-23.5638],[150.80641,-23.55612],[150.82901,-23.55362],[150.84456,-23.55482],[150.87255,-23.56474],[150.8794,-23.56441],[150.8782,-23.55181],[150.87011,-23.54792],[150.87187,-23.54692],[150.85066,-23.54418],[150.79078,-23.51],[150.77007,-23.51069],[150.73828,-23.49626],[150.7247,-23.49667],[150.71872,-23.51039],[150.71362,-23.51237],[150.70482,-23.5123],[150.69959,-23.50576],[150.70205,-23.50229],[150.70906,-23.50158],[150.72087,-23.48713],[150.7285,-23.48443],[150.76548,-23.50208],[150.7944,-23.50212],[150.78519,-23.49151],[150.77481,-23.48949],[150.76699,-23.47703],[150.76587,-23.46818],[150.75311,-23.47108],[150.75128,-23.45427],[150.75495,-23.4383],[150.75036,-23.42765],[150.7389,-23.42941],[150.73745,-23.42473],[150.72179,-23.41984],[150.7136,-23.40522],[150.70441,-23.40068],[150.70483,-23.38541],[150.7144,-23.37691],[150.71131,-23.36461],[150.71511,-23.34634],[150.71175,-23.328],[150.69904,-23.32055],[150.69524,-23.31428],[150.68693,-23.31126],[150.67836,-23.2896],[150.67379,-23.285],[150.66919,-23.26279],[150.67339,-23.24479],[150.68214,-23.23832],[150.69204,-23.23668],[150.6946,-23.21491],[150.70353,-23.18418],[150.71581,-23.16473],[150.71924,-23.12689],[150.73255,-23.10329],[150.71711,-23.09077],[150.71017,-23.07583],[150.70409,-23.0749],[150.68978,-23.06179],[150.6925,-23.05432],[150.68395,-23.04527],[150.69126,-23.02989],[150.67973,-23.02121],[150.68816,-23.0165],[150.68897,-23.00435],[150.69534,-22.99921],[150.691,-22.98813],[150.70181,-22.96855],[150.69767,-22.95595],[150.68408,-22.94724],[150.67642,-22.94786],[150.67228,-22.94273],[150.66956,-22.94809],[150.66678,-22.94784],[150.65295,-22.93797],[150.63763,-22.93587],[150.63608,-22.92605],[150.62626,-22.91666],[150.62373,-22.90357],[150.59735,-22.89767],[150.58778,-22.88195],[150.58265,-22.86218],[150.57839,-22.85699],[150.58012,-22.84989],[150.58277,-22.84723],[150.58821,-22.84816],[150.59377,-22.83938],[150.60711,-22.84402],[150.61038,-22.83537],[150.6089,-22.83129],[150.61545,-22.83073],[150.60672,-22.81534],[150.61337,-22.80524],[150.60927,-22.79707],[150.61205,-22.78682],[150.60575,-22.77477],[150.59933,-22.77248],[150.59957,-22.75877],[150.59395,-22.75494],[150.59393,-22.74571],[150.5845,-22.74222],[150.58177,-22.73144],[150.57443,-22.7332],[150.56782,-22.74246],[150.53966,-22.75457],[150.52668,-22.76798],[150.50196,-22.76484],[150.4946,-22.7706],[150.48188,-22.76534],[150.47823,-22.77628],[150.46705,-22.78395],[150.46915,-22.78962],[150.46717,-22.79345],[150.45822,-22.79184],[150.45612,-22.78839],[150.44871,-22.7888],[150.44518,-22.78252],[150.43481,-22.77714],[150.41763,-22.7811],[150.4096,-22.77486],[150.40367,-22.77838],[150.40089,-22.77158],[150.40423,-22.7575],[150.39898,-22.75478],[150.39459,-22.75639],[150.39076,-22.74996],[150.37909,-22.75398],[150.37155,-22.76485],[150.36487,-22.76557],[150.3642,-22.77072],[150.37254,-22.77813],[150.37464,-22.78406],[150.36655,-22.79271],[150.36278,-22.81174],[150.35895,-22.81631],[150.36031,-22.83237],[150.35541,-22.83576],[150.36219,-22.84001],[150.36675,-22.85404],[150.37272,-22.85551],[150.37757,-22.86536],[150.36269,-22.87289],[150.34378,-22.86054],[150.33958,-22.86746],[150.34231,-22.87373],[150.33837,-22.87741],[150.33065,-22.87089],[150.32209,-22.87152],[150.31891,-22.88308],[150.29863,-22.88193],[150.27622,-22.89054],[150.27054,-22.90624],[150.26325,-22.91054],[150.26387,-22.91493],[150.25873,-22.91826],[150.26673,-22.92435],[150.26745,-22.92832],[150.26176,-22.93274],[150.24964,-22.9344],[150.2469,-22.93895],[150.2456,-22.94732],[150.2527,-22.9608],[150.25207,-22.97302],[150.22395,-22.981],[150.21316,-22.99091],[150.2052,-22.97723],[150.19835,-22.97375],[150.18568,-22.97431],[150.17753,-22.96926],[150.17537,-22.96431],[150.17848,-22.96055],[150.17425,-22.95764],[150.16709,-22.96005],[150.16277,-22.95554],[150.15373,-22.95638],[150.13966,-22.94319],[150.11384,-22.93812],[150.10816,-22.91978],[150.10255,-22.91737],[150.1013,-22.90662],[150.0845,-22.90262],[150.08104,-22.89229],[150.07462,-22.88965],[150.07097,-22.88296],[150.05911,-22.88142],[150.06015,-22.87756],[150.0483,-22.86943],[150.05238,-22.85961],[150.03984,-22.85473],[150.02736,-22.84028],[150.02687,-22.83089],[150.03113,-22.82693],[150.00518,-22.81724],[150.00252,-22.81135],[149.9982,-22.80981],[149.99966,-22.80549],[149.99591,-22.79913],[149.98752,-22.80053],[149.98148,-22.79583],[149.98352,-22.78865],[149.97685,-22.7774],[149.96973,-22.77283],[149.9616,-22.77372],[149.95804,-22.77118],[149.95316,-22.76324],[149.95416,-22.74805],[149.94216,-22.7415],[149.94171,-22.72428],[149.94514,-22.71501],[149.93796,-22.70992],[149.92868,-22.70853],[149.9175,-22.71711],[149.8973,-22.71812],[149.89672,-22.72911],[149.88789,-22.73712],[149.87931,-22.73909],[149.86635,-22.75923],[149.84481,-22.75891],[149.82563,-22.76749],[149.82084,-22.76751],[149.81349,-22.76133],[149.79297,-22.76743],[149.78255,-22.76482],[149.75955,-22.76648],[149.75764,-22.77029],[149.76355,-22.78757],[149.75561,-22.80288],[149.73635,-22.80473],[149.73191,-22.81439],[149.7204,-22.82296],[149.71462,-22.83523],[149.70128,-22.84399],[149.70153,-22.852],[149.69632,-22.86134],[149.66703,-22.8677],[149.6528,-22.87602],[149.64073,-22.89019],[149.6251,-22.88707],[149.61722,-22.88892],[149.61353,-22.89317],[149.60801,-22.88244],[149.60229,-22.88155],[149.60051,-22.87119],[149.59625,-22.86579],[149.58748,-22.86598],[149.57859,-22.87284],[149.57122,-22.87341],[149.56118,-22.87094],[149.55781,-22.86426],[149.55139,-22.86528],[149.53551,-22.86039],[149.5357,-22.85206],[149.5395,-22.84802],[149.53859,-22.83748],[149.52077,-22.82452],[149.51024,-22.83029],[149.50409,-22.8379],[149.50198,-22.83431],[149.49536,-22.83562],[149.48784,-22.83269],[149.46669,-22.83823],[149.45472,-22.84562],[149.45242,-22.83606],[149.44063,-22.83772],[149.43337,-22.82345],[149.42783,-22.79529],[149.42238,-22.79169],[149.4136,-22.77428],[149.41801,-22.76935],[149.43643,-22.76617],[149.44739,-22.75349],[149.45038,-22.74348],[149.44356,-22.74017],[149.43502,-22.72864],[149.43025,-22.71054],[149.43235,-22.70417],[149.42496,-22.69143],[149.41782,-22.69882],[149.41139,-22.70016],[149.40228,-22.68914],[149.40414,-22.68226],[149.3955,-22.68032],[149.37755,-22.66327],[149.38131,-22.64313],[149.38813,-22.63536],[149.38969,-22.61129],[149.38641,-22.60624],[149.38106,-22.61056],[149.37628,-22.60223],[149.37844,-22.59598],[149.37564,-22.58311],[149.38118,-22.5784],[149.36806,-22.56113],[149.37182,-22.54488],[149.36239,-22.53915],[149.37287,-22.53852],[149.37131,-22.5287],[149.37622,-22.52386],[149.37421,-22.5175],[149.37908,-22.51774],[149.38125,-22.51417],[149.37602,-22.50755],[149.3821,-22.49687],[149.38154,-22.49239],[149.39094,-22.49087],[149.38911,-22.47175],[149.38261,-22.45925],[149.37365,-22.45029],[149.37245,-22.44316],[149.36014,-22.43666],[149.34367,-22.44184],[149.33515,-22.43079],[149.32834,-22.42745],[149.32392,-22.40681],[149.32846,-22.40019],[149.33016,-22.37974],[149.32701,-22.37109],[149.32,-22.3651],[149.31748,-22.35323],[149.31956,-22.34793],[149.31571,-22.34313],[149.32183,-22.32496],[149.3207,-22.31524],[149.32335,-22.31107],[149.32089,-22.303],[149.33206,-22.2987],[149.33919,-22.28854],[149.3532,-22.2828],[149.36216,-22.2674],[149.37402,-22.26267],[149.37933,-22.25579],[149.39233,-22.25718],[149.38766,-22.24493],[149.37756,-22.24052],[149.37005,-22.23118],[149.38804,-22.21729],[149.38601,-22.21231],[149.39226,-22.19949],[149.38772,-22.18561],[149.38513,-22.14623],[149.37024,-22.1225],[149.37535,-22.11379],[149.37434,-22.10597],[149.39737,-22.10357],[149.40734,-22.08981],[149.41568,-22.09025],[149.42855,-22.08558],[149.42962,-22.07687],[149.42565,-22.07132],[149.41561,-22.06734],[149.42126,-22.0535],[149.41732,-22.04778],[149.41681,-22.03888],[149.40936,-22.03408],[149.39971,-22.03276],[149.39479,-22.02216],[149.37888,-22.0113],[149.37377,-22.0002],[149.37733,-21.99172],[149.37375,-21.9874],[149.36313,-21.99086],[149.35974,-21.98857],[149.35881,-21.97376],[149.35277,-21.96722],[149.35371,-21.96159],[149.33857,-21.95599],[149.3303,-21.95976],[149.32407,-21.95278],[149.32339,-21.94741],[149.31012,-21.93853],[149.30284,-21.92637],[149.28852,-21.92254],[149.28414,-21.91514],[149.27254,-21.91921],[149.27896,-21.90934],[149.2702,-21.89996],[149.27014,-21.89292],[149.28044,-21.87731],[149.2942,-21.86972],[149.28852,-21.86207],[149.28778,-21.85145],[149.29241,-21.8288],[149.28272,-21.81924],[149.29081,-21.80541],[149.28717,-21.79863],[149.27242,-21.78431],[149.2602,-21.78505],[149.24929,-21.77536],[149.23848,-21.79097],[149.23737,-21.78604],[149.23095,-21.78215],[149.21663,-21.78221],[149.20929,-21.77666],[149.21139,-21.76975],[149.20606,-21.75482],[149.21694,-21.74235],[149.21731,-21.73704],[149.22416,-21.73519],[149.21965,-21.73],[149.22163,-21.72605],[149.21848,-21.72038],[149.21933,-21.7138],[149.20744,-21.70322],[149.20682,-21.6918],[149.1991,-21.6894],[149.20071,-21.68279],[149.1946,-21.67891],[149.19454,-21.67101],[149.18368,-21.65311],[149.18596,-21.64509],[149.1746,-21.62657],[149.17862,-21.6125],[149.17209,-21.5952],[149.17345,-21.58732],[149.18856,-21.5804],[149.18873,-21.56907],[149.19737,-21.56252],[149.20145,-21.55338],[149.18917,-21.54684],[149.19009,-21.53771],[149.19558,-21.5308],[149.19275,-21.50093],[149.17578,-21.49427],[149.16924,-21.49609],[149.16788,-21.50044],[149.16121,-21.49871],[149.15478,-21.49096],[149.1493,-21.50198],[149.13838,-21.50698],[149.11814,-21.50432],[149.11182,-21.49891],[149.11211,-21.49053],[149.10034,-21.49348],[149.08808,-21.48888],[149.08581,-21.46129],[149.08808,-21.45461],[149.09513,-21.44854],[149.09433,-21.44229],[149.08231,-21.42941],[149.08477,-21.41893],[149.07766,-21.41396],[149.07737,-21.40764],[149.073,-21.40268],[149.07447,-21.39024],[149.06632,-21.38828],[149.05436,-21.37363],[149.04645,-21.3697],[149.04394,-21.36369],[149.03677,-21.361],[149.03266,-21.35395],[149.02395,-21.35548],[149.01108,-21.36418],[148.98242,-21.36393],[148.97278,-21.36766],[148.96357,-21.37867],[148.94323,-21.3853],[148.93717,-21.38569],[148.92419,-21.37729],[148.90986,-21.3834],[148.90901,-21.39479],[148.9033,-21.39942],[148.90231,-21.41177],[148.90856,-21.42679],[148.91943,-21.43488],[148.91948,-21.44137],[148.91705,-21.44504],[148.91251,-21.44385],[148.9094,-21.44665],[148.90666,-21.46923],[148.90088,-21.47122],[148.88832,-21.46127],[148.87414,-21.45741],[148.85622,-21.45766],[148.84982,-21.45443],[148.84652,-21.45741],[148.83135,-21.4548],[148.82152,-21.4576],[148.80622,-21.43428],[148.80255,-21.42022],[148.79689,-21.41437],[148.79017,-21.38813],[148.78436,-21.38521],[148.77151,-21.39379],[148.75889,-21.39347],[148.75646,-21.38925],[148.74409,-21.38452],[148.73675,-21.37482],[148.73612,-21.36779],[148.72823,-21.3653],[148.71728,-21.35007],[148.70553,-21.34646],[148.69962,-21.35038],[148.69215,-21.34783],[148.68705,-21.37613],[148.67188,-21.36935],[148.66068,-21.3719],[148.64992,-21.36661],[148.63916,-21.37283],[148.63456,-21.36966],[148.62529,-21.37992],[148.61789,-21.38297],[148.61329,-21.38042],[148.6118,-21.37376],[148.60359,-21.36854],[148.59171,-21.36916],[148.58593,-21.37457],[148.56752,-21.37445],[148.54544,-21.36624],[148.53499,-21.3357],[148.52242,-21.32768],[148.51415,-21.30877],[148.50924,-21.30902],[148.50031,-21.2971],[148.4755,-21.28191],[148.47127,-21.27358],[148.44579,-21.28479],[148.44628,-21.29036]]],"type":"Polygon"},"properties":{"area_sqkm":142864.53,"basin_no":"130","division":"North East Coast","division_no":"I","id":"fitzroy","name":"Fitzroy"},"type":"Feature"},
{"geometry":{"coordinates":[[[140.78249,-17.48396],[140.78323,-17.47453],[140.77136,-17.47706],[140.74579,-17.49596],[140.73521,-17.51172],[140.73915,-17.52659],[140.73727,-17.53461],[140.72988,-17.51414],[140.71063,-17.50924],[140.7018,-17.51796],[140.67334,-17.53305],[140.66988,-17.53798],[140.67361,-17.53755],[140.65724,-17.55461],[140.6526,-17.55514],[140.63414,-17.57181],[140.59779,-17.59284],[140.59603,-17.5965],[140.56468,-17.60166],[140.52218,-17.62723],[140.5493,-17.68666],[140.56945,-17.71344],[140.56567,-17.73431],[140.57407,-17.78454],[140.58014,-17.78953],[140.60555,-17.79888],[140.61836,-17.80818],[140.6402,-17.85264],[140.67663,-17.94961],[140.69565,-17.97914],[140.69373,-17.99402],[140.67611,-18.01202],[140.66866,-18.03029],[140.67875,-18.06941],[140.67777,-18.09844],[140.67309,-18.1105],[140.66304,-18.11934],[140.60924,-18.14347],[140.5887,-18.15829],[140.5692,-18.19139],[140.56287,-18.22608],[140.54767,-18.25111],[140.52202,-18.28039],[140.51181,-18.28937],[140.49805,-18.29354],[140.47861,-18.30632],[140.43311,-18.30512],[140.42987,-18.31035],[140.43173,-18.31641],[140.42543,-18.31983],[140.41456,-18.33724],[140.41967,-18.34432],[140.41228,-18.34864],[140.40832,-18.35656],[140.40904,-18.36695],[140.41793,-18.37446],[140.41901,-18.38801],[140.42423,-18.39534],[140.43617,-18.3984],[140.44205,-18.4053],[140.45976,-18.41322],[140.47249,-18.41226],[140.47987,-18.40632],[140.48605,-18.41094],[140.48647,-18.41778],[140.50548,-18.43208],[140.50689,-18.4394],[140.51526,-18.43294],[140.52326,-18.43343],[140.53579,-18.43809],[140.5513,-18.44942],[140.57585,-18.45404],[140.57732,-18.48842],[140.57506,-18.49971],[140.58212,-18.53591],[140.58139,-18.54533],[140.57596,-18.55323],[140.55629,-18.5647],[140.54784,-18.57806],[140.52238,-18.59107],[140.51695,-18.60048],[140.51315,-18.61774],[140.50596,-18.62794],[140.48843,-18.63987],[140.47898,-18.65204],[140.4545,-18.66034],[140.43573,-18.68288],[140.43482,-18.69754],[140.44578,-18.7085],[140.44615,-18.71292],[140.43385,-18.73643],[140.4161,-18.76102],[140.40968,-18.78452],[140.41501,-18.80379],[140.44269,-18.84498],[140.44257,-18.85346],[140.42828,-18.89265],[140.41731,-18.91622],[140.40259,-18.93548],[140.39084,-18.94469],[140.37012,-18.95196],[140.35316,-18.97195],[140.32685,-19.02919],[140.31536,-19.08433],[140.30581,-19.09727],[140.27509,-19.12013],[140.26173,-19.13518],[140.27292,-19.18603],[140.27412,-19.21771],[140.26735,-19.23888],[140.24964,-19.2627],[140.25816,-19.29463],[140.25659,-19.31107],[140.25194,-19.32099],[140.23053,-19.34723],[140.22902,-19.35443],[140.23023,-19.36513],[140.24299,-19.38448],[140.24123,-19.39052],[140.23271,-19.39748],[140.22769,-19.41713],[140.22842,-19.42995],[140.23398,-19.44156],[140.24553,-19.44536],[140.24813,-19.44907],[140.24752,-19.4626],[140.25151,-19.47179],[140.24764,-19.4765],[140.24776,-19.48606],[140.25206,-19.49573],[140.2281,-19.52471],[140.23806,-19.53898],[140.2372,-19.54531],[140.23166,-19.54734],[140.23566,-19.55595],[140.23259,-19.57526],[140.21881,-19.57993],[140.21555,-19.58522],[140.21617,-19.60022],[140.22416,-19.6065],[140.22502,-19.61068],[140.22416,-19.62076],[140.219,-19.62605],[140.22238,-19.6306],[140.21869,-19.63264],[140.2233,-19.63558],[140.22269,-19.64167],[140.22742,-19.65151],[140.22423,-19.66072],[140.22589,-19.67586],[140.22269,-19.69653],[140.22632,-19.70636],[140.24126,-19.71743],[140.24274,-19.72875],[140.23905,-19.7392],[140.22595,-19.74714],[140.22226,-19.75298],[140.22441,-19.7555],[140.22127,-19.75974],[140.223,-19.76589],[140.21765,-19.79516],[140.22958,-19.80033],[140.22214,-19.82339],[140.22416,-19.85801],[140.20824,-19.8866],[140.20627,-19.89614],[140.20732,-19.90253],[140.21888,-19.91176],[140.21223,-19.92159],[140.20664,-19.95923],[140.21396,-19.97473],[140.21574,-19.98973],[140.21143,-19.99933],[140.21496,-20.00802],[140.21356,-20.01605],[140.2169,-20.02043],[140.2107,-20.03624],[140.21338,-20.0467],[140.21107,-20.05496],[140.21593,-20.05946],[140.22469,-20.06032],[140.22913,-20.06512],[140.23004,-20.08877],[140.22736,-20.09267],[140.23333,-20.10141],[140.20985,-20.12763],[140.2132,-20.14277],[140.21812,-20.14724],[140.21544,-20.15858],[140.21228,-20.16101],[140.19696,-20.15973],[140.17835,-20.18089],[140.18012,-20.21111],[140.17367,-20.21683],[140.17276,-20.22644],[140.16486,-20.23252],[140.14151,-20.2279],[140.13901,-20.23051],[140.14005,-20.23434],[140.13293,-20.24571],[140.13166,-20.25575],[140.13269,-20.29539],[140.12491,-20.30403],[140.11852,-20.30196],[140.09943,-20.31114],[140.0939,-20.31868],[140.09584,-20.33516],[140.09225,-20.3427],[140.07851,-20.34939],[140.06854,-20.34854],[140.06398,-20.36296],[140.04811,-20.37079],[140.04519,-20.36702],[140.04264,-20.37164],[140.03765,-20.36678],[140.03358,-20.36909],[140.03331,-20.3636],[140.02841,-20.36131],[140.02409,-20.36921],[140.01984,-20.37049],[140.01348,-20.36505],[140.00506,-20.37067],[139.99348,-20.3647],[139.98667,-20.3802],[139.97737,-20.37674],[139.94941,-20.38202],[139.9361,-20.41351],[139.92948,-20.42026],[139.92054,-20.42232],[139.89872,-20.43734],[139.89909,-20.4442],[139.89514,-20.44633],[139.8938,-20.45466],[139.8811,-20.45618],[139.87788,-20.48152],[139.867,-20.48863],[139.86797,-20.49416],[139.86389,-20.4985],[139.86923,-20.5066],[139.86769,-20.51962],[139.8844,-20.53681],[139.88605,-20.55032],[139.8836,-20.56186],[139.88808,-20.5661],[139.88869,-20.5731],[139.89668,-20.57586],[139.89882,-20.58397],[139.90266,-20.58232],[139.90877,-20.58937],[139.90742,-20.59391],[139.91203,-20.60275],[139.90872,-20.61105],[139.90914,-20.62363],[139.90527,-20.62738],[139.90576,-20.63309],[139.90004,-20.63802],[139.90067,-20.64966],[139.89619,-20.65163],[139.89213,-20.66072],[139.88366,-20.66176],[139.88476,-20.67288],[139.90834,-20.69019],[139.91743,-20.70321],[139.92283,-20.70419],[139.9294,-20.71315],[139.92903,-20.7247],[139.93339,-20.7301],[139.92486,-20.74803],[139.93382,-20.75306],[139.93432,-20.76338],[139.93837,-20.7678],[139.94279,-20.76737],[139.94856,-20.77775],[139.94439,-20.78307],[139.94174,-20.77695],[139.93254,-20.7818],[139.93131,-20.79519],[139.92713,-20.79641],[139.92418,-20.80347],[139.91375,-20.79868],[139.91135,-20.80219],[139.90429,-20.79991],[139.90282,-20.80329],[139.8968,-20.8036],[139.89135,-20.79645],[139.89005,-20.80255],[139.88372,-20.80667],[139.88378,-20.81318],[139.87833,-20.81726],[139.87371,-20.81238],[139.85873,-20.81404],[139.86088,-20.82282],[139.85646,-20.82484],[139.85886,-20.83497],[139.85081,-20.8658],[139.85787,-20.87599],[139.858,-20.88201],[139.87255,-20.89048],[139.87488,-20.89515],[139.8704,-20.90227],[139.87464,-20.92904],[139.87353,-20.93364],[139.86918,-20.93475],[139.86862,-20.94226],[139.86088,-20.94279],[139.85744,-20.95213],[139.85106,-20.95851],[139.84553,-20.96919],[139.84762,-20.9757],[139.84228,-20.98092],[139.83338,-20.98221],[139.82988,-20.99842],[139.81236,-21.01038],[139.81348,-21.02348],[139.80469,-21.03115],[139.80934,-21.03617],[139.80933,-21.05466],[139.79478,-21.07161],[139.78419,-21.07213],[139.78501,-21.08678],[139.78105,-21.09455],[139.79056,-21.09449],[139.80515,-21.11307],[139.80629,-21.12846],[139.80205,-21.14386],[139.80488,-21.14858],[139.8001,-21.16618],[139.80864,-21.16701],[139.81186,-21.17622],[139.8224,-21.17889],[139.85264,-21.17434],[139.88791,-21.18093],[139.89177,-21.17888],[139.89327,-21.16953],[139.89827,-21.16695],[139.9454,-21.175],[139.93785,-21.19771],[139.94097,-21.20618],[139.96164,-21.21623],[139.96674,-21.22694],[139.98099,-21.23907],[140.00326,-21.24349],[140.00198,-21.26257],[140.00525,-21.26808],[140.01592,-21.25587],[140.02087,-21.25692],[140.0238,-21.2885],[140.02706,-21.30394],[140.03533,-21.3142],[140.03499,-21.32705],[140.04808,-21.33545],[140.06152,-21.33887],[140.07776,-21.35344],[140.07909,-21.35804],[140.09262,-21.35134],[140.09438,-21.36499],[140.11075,-21.38618],[140.12524,-21.39469],[140.13553,-21.41044],[140.14808,-21.42039],[140.18463,-21.41758],[140.20301,-21.42979],[140.2287,-21.42102],[140.24567,-21.42496],[140.25846,-21.43308],[140.26161,-21.44106],[140.27084,-21.44965],[140.27461,-21.46269],[140.28891,-21.46761],[140.29635,-21.46277],[140.30188,-21.46292],[140.3083,-21.47911],[140.35081,-21.4708],[140.34812,-21.45122],[140.35615,-21.46253],[140.3644,-21.46026],[140.37011,-21.45289],[140.38424,-21.45804],[140.39939,-21.4534],[140.39801,-21.46044],[140.40853,-21.48189],[140.41499,-21.48167],[140.41907,-21.47748],[140.42714,-21.48628],[140.43373,-21.48858],[140.44465,-21.4866],[140.44926,-21.4825],[140.45516,-21.49397],[140.47109,-21.4935],[140.47939,-21.49635],[140.48418,-21.50733],[140.48855,-21.50891],[140.48924,-21.51872],[140.49405,-21.52384],[140.48963,-21.53384],[140.49378,-21.53684],[140.49378,-21.54113],[140.48564,-21.54807],[140.49058,-21.552],[140.48271,-21.56486],[140.49288,-21.569],[140.49514,-21.57595],[140.50236,-21.56741],[140.50962,-21.57043],[140.51451,-21.567],[140.52569,-21.56788],[140.5454,-21.56225],[140.55402,-21.56572],[140.55869,-21.57349],[140.57679,-21.58034],[140.59458,-21.58198],[140.60652,-21.59261],[140.61418,-21.58519],[140.61957,-21.5976],[140.6282,-21.59895],[140.64006,-21.58815],[140.66926,-21.57394],[140.69794,-21.57288],[140.71205,-21.57605],[140.73428,-21.56048],[140.74367,-21.56092],[140.76206,-21.57553],[140.77431,-21.58046],[140.78821,-21.59429],[140.79933,-21.61688],[140.79509,-21.6263],[140.80531,-21.62906],[140.82821,-21.65011],[140.83453,-21.64987],[140.85338,-21.66371],[140.85811,-21.67243],[140.85866,-21.69566],[140.87591,-21.70958],[140.885,-21.73426],[140.88628,-21.75199],[140.89498,-21.76193],[140.90103,-21.77608],[140.91665,-21.7806],[140.93589,-21.78138],[140.95198,-21.77435],[140.96492,-21.78841],[140.98267,-21.78807],[140.99495,-21.78102],[141.02079,-21.7936],[141.03027,-21.79433],[141.03419,-21.785],[141.02886,-21.77296],[141.03295,-21.76956],[141.05211,-21.76727],[141.06567,-21.7753],[141.07048,-21.77266],[141.07613,-21.77479],[141.08299,-21.7705],[141.07902,-21.755],[141.08966,-21.7497],[141.09455,-21.74245],[141.10009,-21.74238],[141.10217,-21.73425],[141.10801,-21.7344],[141.11931,-21.74857],[141.11815,-21.75524],[141.1251,-21.75702],[141.13857,-21.77887],[141.1334,-21.78433],[141.13428,-21.78745],[141.15512,-21.80082],[141.17694,-21.80638],[141.17727,-21.81109],[141.18483,-21.81558],[141.18915,-21.82346],[141.20144,-21.83153],[141.21778,-21.81739],[141.24065,-21.82177],[141.24311,-21.82513],[141.25681,-21.8137],[141.2619,-21.81303],[141.2544,-21.79064],[141.25966,-21.78277],[141.25705,-21.77177],[141.24905,-21.76531],[141.25016,-21.76167],[141.27756,-21.74616],[141.28928,-21.72635],[141.28483,-21.71371],[141.28043,-21.71054],[141.2805,-21.69946],[141.28879,-21.68916],[141.28722,-21.68294],[141.2956,-21.67469],[141.28466,-21.67631],[141.27914,-21.67154],[141.27793,-21.66391],[141.28303,-21.64742],[141.29876,-21.62713],[141.3017,-21.62539],[141.30752,-21.63032],[141.31332,-21.62997],[141.31554,-21.62754],[141.33248,-21.62747],[141.3371,-21.62314],[141.35784,-21.62995],[141.36862,-21.6258],[141.37337,-21.62981],[141.37871,-21.62652],[141.3847,-21.62738],[141.39031,-21.61701],[141.39799,-21.61342],[141.41439,-21.61816],[141.41938,-21.61031],[141.42366,-21.61353],[141.43669,-21.60112],[141.46664,-21.63219],[141.48954,-21.62449],[141.50577,-21.62346],[141.51164,-21.63098],[141.51604,-21.63071],[141.52033,-21.62635],[141.51815,-21.61286],[141.52525,-21.61687],[141.54068,-21.61803],[141.58279,-21.59782],[141.59102,-21.58629],[141.6048,-21.58562],[141.61351,-21.58898],[141.61619,-21.58572],[141.61536,-21.57529],[141.60676,-21.55942],[141.60837,-21.54972],[141.62384,-21.53008],[141.63841,-21.525],[141.67618,-21.51824],[141.69686,-21.53576],[141.70139,-21.53439],[141.70731,-21.53993],[141.71332,-21.53571],[141.73371,-21.54385],[141.74119,-21.5389],[141.75131,-21.53767],[141.75481,-21.52708],[141.75477,-21.51218],[141.76078,-21.50295],[141.76575,-21.50077],[141.77734,-21.49895],[141.80322,-21.50337],[141.81048,-21.50198],[141.86827,-21.51182],[141.88108,-21.50136],[141.89062,-21.49895],[141.89671,-21.49007],[141.91484,-21.48508],[141.9373,-21.49129],[141.95791,-21.50462],[141.9694,-21.50657],[142.00352,-21.52163],[142.03369,-21.52673],[142.0421,-21.52607],[142.07336,-21.50707],[142.08956,-21.50903],[142.10259,-21.50336],[142.11114,-21.49428],[142.12157,-21.49395],[142.1488,-21.50563],[142.16554,-21.51692],[142.18035,-21.52911],[142.19106,-21.54347],[142.21353,-21.54577],[142.22382,-21.55339],[142.24068,-21.55815],[142.24845,-21.5728],[142.2657,-21.5879],[142.27656,-21.60703],[142.31829,-21.62578],[142.33596,-21.64971],[142.40786,-21.70243],[142.42646,-21.70879],[142.44945,-21.70341],[142.46938,-21.70393],[142.48256,-21.71071],[142.49823,-21.72458],[142.54983,-21.72154],[142.56316,-21.71673],[142.56896,-21.7107],[142.57446,-21.68742],[142.58264,-21.67744],[142.60705,-21.66629],[142.61958,-21.65405],[142.6364,-21.644],[142.66631,-21.64144],[142.68681,-21.62998],[142.69943,-21.62682],[142.72484,-21.62475],[142.75898,-21.63173],[142.77763,-21.62932],[142.79546,-21.62283],[142.80123,-21.61892],[142.81306,-21.6007],[142.83191,-21.58717],[142.84412,-21.57103],[142.86399,-21.56426],[142.91156,-21.52287],[142.93789,-21.52648],[142.97209,-21.51268],[143.02376,-21.46541],[143.04308,-21.42592],[143.05119,-21.41983],[143.06934,-21.41457],[143.09209,-21.42336],[143.10398,-21.42412],[143.11552,-21.40793],[143.12205,-21.38158],[143.13541,-21.36683],[143.15454,-21.36432],[143.17819,-21.35131],[143.19081,-21.34783],[143.20949,-21.34759],[143.228,-21.34214],[143.2561,-21.33997],[143.27811,-21.33232],[143.29726,-21.33658],[143.31421,-21.33413],[143.34455,-21.30931],[143.34882,-21.28855],[143.35433,-21.28502],[143.36211,-21.28624],[143.37298,-21.28137],[143.40635,-21.28171],[143.47859,-21.29173],[143.49343,-21.29925],[143.50606,-21.29338],[143.53073,-21.2946],[143.57904,-21.31808],[143.60607,-21.34004],[143.61301,-21.34103],[143.61806,-21.3314],[143.62102,-21.33122],[143.6328,-21.35887],[143.64316,-21.36987],[143.67458,-21.38055],[143.68206,-21.3774],[143.69639,-21.38053],[143.7036,-21.37437],[143.74725,-21.36245],[143.76181,-21.35104],[143.78531,-21.34154],[143.82923,-21.33005],[143.84812,-21.3131],[143.85528,-21.30192],[143.88282,-21.28601],[143.89911,-21.28515],[143.92156,-21.30142],[143.93309,-21.30284],[143.97727,-21.27978],[144.02833,-21.2735],[144.06868,-21.24427],[144.11823,-21.18207],[144.12428,-21.18053],[144.13816,-21.1861],[144.17573,-21.17902],[144.18795,-21.1738],[144.20183,-21.17717],[144.24568,-21.17443],[144.26602,-21.15985],[144.28748,-21.15202],[144.29366,-21.15112],[144.30185,-21.15691],[144.31313,-21.15864],[144.34523,-21.13533],[144.35587,-21.13702],[144.36288,-21.13304],[144.37157,-21.10854],[144.36294,-21.07698],[144.37065,-21.05541],[144.37829,-21.05005],[144.39799,-21.04505],[144.41964,-21.03065],[144.44851,-21.03015],[144.45757,-21.02546],[144.46402,-20.99218],[144.46384,-20.9772],[144.45656,-20.95955],[144.46144,-20.944],[144.45945,-20.93137],[144.47873,-20.91882],[144.49524,-20.92386],[144.50972,-20.92067],[144.51295,-20.91735],[144.50897,-20.894],[144.51365,-20.87683],[144.50998,-20.86376],[144.51158,-20.824],[144.50784,-20.80545],[144.52072,-20.78986],[144.52365,-20.78122],[144.5138,-20.77085],[144.51839,-20.75],[144.53354,-20.74833],[144.55149,-20.73815],[144.56803,-20.73908],[144.58682,-20.72738],[144.609,-20.72829],[144.61971,-20.72503],[144.62626,-20.71155],[144.61865,-20.68834],[144.64129,-20.67785],[144.65405,-20.66114],[144.67965,-20.65104],[144.68777,-20.64344],[144.70054,-20.62407],[144.7054,-20.58746],[144.73274,-20.55829],[144.74353,-20.53975],[144.7825,-20.50997],[144.79838,-20.50374],[144.82174,-20.47561],[144.82513,-20.45489],[144.85559,-20.43887],[144.85836,-20.42909],[144.87472,-20.43497],[144.88216,-20.44175],[144.89371,-20.43995],[144.90792,-20.44327],[144.91526,-20.42279],[144.93247,-20.40761],[144.93103,-20.40349],[144.94424,-20.39859],[144.942,-20.39144],[144.96142,-20.37635],[144.97145,-20.35137],[144.97608,-20.34966],[144.97326,-20.34069],[144.96517,-20.33499],[144.96012,-20.33607],[144.95983,-20.33152],[144.94713,-20.33751],[144.9241,-20.32257],[144.92395,-20.31658],[144.9298,-20.31261],[144.92381,-20.30366],[144.93016,-20.29788],[144.92345,-20.28691],[144.9267,-20.2794],[144.92265,-20.27326],[144.94677,-20.27002],[144.95492,-20.25955],[144.94301,-20.25154],[144.94193,-20.24244],[144.93543,-20.24345],[144.92966,-20.2402],[144.92027,-20.22598],[144.9145,-20.22237],[144.90114,-20.22454],[144.89053,-20.21457],[144.88281,-20.2132],[144.87609,-20.20281],[144.86723,-20.20199],[144.86757,-20.19032],[144.87299,-20.18238],[144.86938,-20.17624],[144.86411,-20.17617],[144.85761,-20.17054],[144.85487,-20.16469],[144.84303,-20.16534],[144.8348,-20.15848],[144.80939,-20.15942],[144.80499,-20.14859],[144.79784,-20.14166],[144.79813,-20.13704],[144.81004,-20.12593],[144.80585,-20.10947],[144.79849,-20.09662],[144.80224,-20.07857],[144.79307,-20.07373],[144.79011,-20.06622],[144.76138,-20.04392],[144.76853,-20.03085],[144.77849,-20.02623],[144.78831,-20.03158],[144.80383,-20.01576],[144.79141,-20.00147],[144.79277,-19.98677],[144.78287,-19.97345],[144.78483,-19.96636],[144.77945,-19.95775],[144.77945,-19.94376],[144.77334,-19.93972],[144.77688,-19.92151],[144.76289,-19.92481],[144.73539,-19.91907],[144.73008,-19.92268],[144.72879,-19.92976],[144.71388,-19.92756],[144.70845,-19.92555],[144.70478,-19.91614],[144.7071,-19.90825],[144.69409,-19.90269],[144.6804,-19.91278],[144.66671,-19.91589],[144.65681,-19.91119],[144.65347,-19.91841],[144.64618,-19.9173],[144.6386,-19.92341],[144.63115,-19.92408],[144.62632,-19.93545],[144.62125,-19.93691],[144.61196,-19.94773],[144.61202,-19.95757],[144.61712,-19.97146],[144.59094,-19.955],[144.54047,-19.94859],[144.47843,-19.9621],[144.47189,-19.97385],[144.45251,-19.97118],[144.44585,-19.97615],[144.43131,-19.97669],[144.42653,-19.97197],[144.41787,-19.94835],[144.41115,-19.94496],[144.40721,-19.93757],[144.40067,-19.93787],[144.39219,-19.93261],[144.3733,-19.93376],[144.34411,-19.92879],[144.33272,-19.91317],[144.31788,-19.90233],[144.31649,-19.87592],[144.28954,-19.85097],[144.26229,-19.83377],[144.25502,-19.80398],[144.2486,-19.79417],[144.26065,-19.77212],[144.25611,-19.7519],[144.25363,-19.70636],[144.23861,-19.68177],[144.2308,-19.67856],[144.25799,-19.65694],[144.23588,-19.64349],[144.23504,-19.6315],[144.22668,-19.62079],[144.2298,-19.60478],[144.22056,-19.60516],[144.20851,-19.59997],[144.18017,-19.59529],[144.1732,-19.58572],[144.17242,-19.57676],[144.16594,-19.57028],[144.14002,-19.56532],[144.10816,-19.58185],[144.08866,-19.58039],[144.08419,-19.57568],[144.04664,-19.58069],[144.03174,-19.59238],[144.01175,-19.59511],[144.00898,-19.60394],[143.99383,-19.62607],[143.98389,-19.62353],[143.97201,-19.62753],[143.96703,-19.62003],[143.95249,-19.61722],[143.92496,-19.63753],[143.90508,-19.63905],[143.88786,-19.6322],[143.87113,-19.62983],[143.84336,-19.61746],[143.82287,-19.61334],[143.79407,-19.59267],[143.76843,-19.58545],[143.73884,-19.5843],[143.70962,-19.57545],[143.68998,-19.58873],[143.68125,-19.59867],[143.67152,-19.59623],[143.63711,-19.56854],[143.62123,-19.57673],[143.60365,-19.57648],[143.56017,-19.54271],[143.55114,-19.51755],[143.54078,-19.50125],[143.53659,-19.49961],[143.50761,-19.51186],[143.49195,-19.52902],[143.46608,-19.54111],[143.44408,-19.56632],[143.41361,-19.56499],[143.395,-19.57678],[143.39385,-19.58651],[143.38726,-19.59406],[143.38926,-19.59956],[143.38533,-19.60307],[143.38714,-19.60706],[143.3707,-19.61776],[143.35722,-19.61093],[143.35396,-19.60543],[143.33407,-19.5963],[143.33419,-19.5795],[143.32766,-19.57835],[143.30076,-19.59854],[143.29133,-19.59473],[143.28172,-19.60482],[143.26504,-19.60634],[143.24811,-19.61347],[143.23669,-19.63414],[143.1728,-19.655],[143.097,-19.6605],[143.07723,-19.64357],[143.03667,-19.62423],[143.02561,-19.6128],[143.01461,-19.60736],[143.01376,-19.6012],[143.0053,-19.59201],[142.98295,-19.59849],[142.9541,-19.59964],[142.94448,-19.6069],[142.93021,-19.63792],[142.88932,-19.6519],[142.86464,-19.66635],[142.8396,-19.67192],[142.8142,-19.70059],[142.79593,-19.7142],[142.73853,-19.73918],[142.71295,-19.75702],[142.6899,-19.76851],[142.68367,-19.78515],[142.57249,-19.76629],[142.53077,-19.76972],[142.48149,-19.76609],[142.45979,-19.7693],[142.43392,-19.7896],[142.41417,-19.81715],[142.39301,-19.83457],[142.33832,-19.83919],[142.25317,-19.87312],[142.22264,-19.87609],[142.21165,-19.8872],[142.21402,-19.89721],[142.22682,-19.91817],[142.22865,-19.92774],[142.21991,-19.94164],[142.20413,-19.94965],[142.16504,-19.94899],[142.08176,-19.92574],[142.00078,-19.91153],[141.98033,-19.90502],[141.97279,-19.89961],[141.91462,-19.8931],[141.87762,-19.87466],[141.84476,-19.87192],[141.79438,-19.87503],[141.77807,-19.87283],[141.76079,-19.86578],[141.74351,-19.84959],[141.69069,-19.84144],[141.66683,-19.83426],[141.65175,-19.83395],[141.59552,-19.84454],[141.54124,-19.83797],[141.51976,-19.82172],[141.49664,-19.79752],[141.45458,-19.76453],[141.43795,-19.74458],[141.43239,-19.7254],[141.40624,-19.70532],[141.39671,-19.69023],[141.38674,-19.66018],[141.3776,-19.6451],[141.34564,-19.62201],[141.32939,-19.60418],[141.32785,-19.5967],[141.33834,-19.58014],[141.33738,-19.5731],[141.30586,-19.54529],[141.29045,-19.54139],[141.28329,-19.53193],[141.28227,-19.51428],[141.27434,-19.49793],[141.25426,-19.4813],[141.2443,-19.46092],[141.23138,-19.44369],[141.22295,-19.39637],[141.2207,-19.34395],[141.22392,-19.3266],[141.23344,-19.31652],[141.23666,-19.30585],[141.22647,-19.27818],[141.21852,-19.23523],[141.22246,-19.21994],[141.22173,-19.20052],[141.21081,-19.17796],[141.20244,-19.15077],[141.1675,-19.10151],[141.1573,-19.0736],[141.15366,-19.052],[141.12612,-19.01688],[141.11247,-19.01057],[141.10986,-19.00504],[141.11397,-18.99299],[141.1136,-18.98245],[141.10594,-18.96255],[141.1169,-18.94325],[141.1117,-18.91557],[141.12223,-18.85579],[141.09185,-18.81561],[141.09136,-18.76734],[141.08144,-18.74897],[141.0992,-18.70707],[141.08818,-18.6544],[141.09008,-18.62475],[141.08695,-18.60809],[141.07378,-18.59009],[141.03826,-18.57563],[140.98521,-18.54816],[140.97719,-18.54225],[140.97176,-18.53241],[140.96922,-18.5189],[140.97222,-18.48239],[140.96576,-18.45139],[140.96791,-18.4194],[140.93064,-18.30622],[140.92541,-18.27276],[140.92227,-18.21617],[140.90456,-18.1741],[140.90074,-18.15712],[140.8997,-18.10078],[140.91188,-18.06289],[140.91532,-18.02573],[140.91341,-17.9969],[140.92427,-17.96761],[140.92379,-17.95333],[140.93429,-17.94529],[140.95727,-17.94517],[140.96681,-17.92783],[140.9838,-17.91625],[140.97606,-17.90065],[140.98224,-17.88769],[140.979,-17.86992],[140.98044,-17.85048],[140.97654,-17.84514],[140.95313,-17.83944],[140.94875,-17.80836],[140.94197,-17.80194],[140.91959,-17.7954],[140.91269,-17.76611],[140.90543,-17.75363],[140.87765,-17.73479],[140.85616,-17.70455],[140.85862,-17.6857],[140.83978,-17.67965],[140.83438,-17.67418],[140.83408,-17.66428],[140.84698,-17.65372],[140.84944,-17.62858],[140.8459,-17.61952],[140.8324,-17.611],[140.79808,-17.5996],[140.78277,-17.58537],[140.76915,-17.56377],[140.77179,-17.53905],[140.76837,-17.50329],[140.78249,-17.48396]]],"type":"Polygon"},"properties":{"area_sqkm":109690.1,"basin_no":"915","division":"Gulf","division_no":"IX","id":"flinders","name":"Flinders"},"type":"Feature"},
{"geometry":{"coordinates":[[[152.95267,-25.56026],[152.94968,-25.56297],[152.9504,-25.57619],[152.94346,-25.58577],[152.94884,-25.59341],[152.96217,-25.60209],[152.96532,-25.60057],[152.96658,-25.60886],[152.96401,-25.60859],[152.96239,-25.61374],[152.97428,-25.62404],[152.97512,-25.62881],[152.96957,-25.64007],[152.99,-25.69095],[152.9885,-25.70764],[152.99692,-25.73446],[153.00788,-25.74334],[153.0153,-25.76772],[153.03242,-25.78804],[153.05361,-25.79681],[153.07444,-25.79415],[153.0794,-25.78976],[153.08973,-25.75426],[153.0788,-25.71103],[153.07842,-25.6646],[153.08808,-25.62173],[153.11126,-25.55063],[153.18466,-25.37838],[153.35055,-25.03131],[153.35852,-25.00842],[153.35157,-24.99684],[153.35017,-24.96141],[153.34483,-24.9644],[153.3258,-24.96298],[153.29722,-24.94213],[153.28363,-24.92161],[153.26553,-24.87716],[153.25966,-24.8283],[153.26735,-24.70126],[153.26515,-24.69655],[153.25221,-24.69717],[153.2256,-24.70821],[153.18347,-24.73677],[153.15272,-24.77306],[153.13226,-24.79226],[153.11999,-24.80972],[153.11946,-24.81568],[153.13572,-24.81404],[153.15907,-24.82464],[153.17697,-24.83958],[153.19618,-24.86383],[153.23224,-24.92517],[153.23387,-24.94397],[153.22656,-24.97362],[153.22893,-24.9795],[153.21414,-25.01081],[153.19966,-25.03283],[153.15947,-25.08446],[153.12832,-25.11343],[153.08151,-25.14955],[153.04907,-25.17107],[153.02979,-25.17785],[152.9994,-25.20787],[152.9907,-25.22147],[152.98964,-25.22727],[152.99334,-25.23085],[152.99336,-25.22676],[153.01639,-25.2302],[153.02615,-25.22272],[153.03431,-25.22152],[153.03295,-25.2251],[153.03757,-25.22339],[153.04261,-25.2355],[153.04844,-25.2387],[153.04908,-25.24347],[153.04576,-25.24742],[153.05192,-25.25923],[153.05067,-25.2627],[153.04576,-25.26308],[153.04029,-25.27484],[153.04642,-25.29111],[153.0422,-25.29711],[153.05002,-25.31959],[153.05124,-25.34337],[153.04652,-25.35037],[153.04826,-25.35904],[153.03461,-25.38392],[153.008,-25.41074],[153.00454,-25.42217],[152.98605,-25.44731],[152.98252,-25.46459],[152.98908,-25.48411],[152.98792,-25.5083],[152.9721,-25.52374],[152.96494,-25.54054],[152.95554,-25.5491],[152.95722,-25.55099],[152.95435,-25.54969],[152.95083,-25.55283],[152.95267,-25.56026]]],"type":"Polygon"},"properties":{"area_sqkm":1665.09,"basin_no":"139","division":"North East Coast","division_no":"I","id":"fraser_island","name":"Fraser Island"},"type":"Feature"},
{"geometry":{"coordinates":[[[137.54953,-19.09518],[137.36009,-19.13879],[137.29954,-19.15796],[137.20398,-19.18268],[137.00065,-19.29463],[136.97704,-19.31768],[136.94982,-19.36102],[136.94482,-19.3899],[136.94926,-19.42157],[136.94482,-19.45074],[136.90371,-19.53352],[136.85343,-19.57018],[136.8426,-19.58046],[136.8201,-19.61324],[136.79538,-19.62907],[136.77982,-19.66074],[136.76927,-19.67407],[136.74788,-19.68685],[136.71899,-19.69657],[136.70344,-19.71241],[136.6976,-19.72268],[136.68983,-19.75296],[136.68899,-19.77491],[136.69899,-19.82213],[136.71983,-19.87768],[136.72594,-19.9038],[136.72233,-19.92213],[136.69372,-19.99046],[136.67899,-20.01213],[136.66705,-20.01518],[136.66455,-20.01852],[136.66705,-20.03907],[136.654,-20.07324],[136.65177,-20.0913],[136.659,-20.12435],[136.68455,-20.20546],[136.68927,-20.24435],[136.65678,-20.34102],[136.63872,-20.35546],[136.60622,-20.36407],[136.594,-20.37324],[136.574,-20.39907],[136.57094,-20.4213],[136.57511,-20.43796],[136.58928,-20.46241],[136.63705,-20.50018],[136.65566,-20.52824],[136.66455,-20.56796],[136.67455,-20.5963],[136.70372,-20.64324],[136.70705,-20.66963],[136.70428,-20.69852],[136.69539,-20.7238],[136.64317,-20.81852],[136.57345,-20.92185],[136.55234,-20.96102],[136.54011,-20.97796],[136.50123,-21.01852],[136.46539,-21.07519],[136.44984,-21.11019],[136.44345,-21.13797],[136.44095,-21.1788],[136.42428,-21.24991],[136.42095,-21.25741],[136.40734,-21.26935],[136.41151,-21.35463],[136.40568,-21.40296],[136.37901,-21.47269],[136.35179,-21.48019],[136.33401,-21.47574],[136.32123,-21.47769],[136.2579,-21.49602],[136.1979,-21.53519],[136.16873,-21.56324],[136.13651,-21.58019],[136.08957,-21.58297],[135.96624,-21.60741],[135.93957,-21.61352],[135.91512,-21.62353],[135.88874,-21.62741],[135.86985,-21.63491],[135.8254,-21.63686],[135.76179,-21.66214],[135.73902,-21.66769],[135.72941,-21.66538],[135.71041,-21.65242],[135.70596,-21.63936],[135.70541,-21.61908],[135.69652,-21.59908],[135.67985,-21.59241],[135.66735,-21.58186],[135.65291,-21.57769],[135.64152,-21.57825],[135.6329,-21.57075],[135.62818,-21.57158],[135.62457,-21.58131],[135.61957,-21.58325],[135.60985,-21.57075],[135.59624,-21.56325],[135.58624,-21.55214],[135.56429,-21.54631],[135.52013,-21.52631],[135.51096,-21.51742],[135.50735,-21.5088],[135.51041,-21.48603],[135.48763,-21.49297],[135.46902,-21.48353],[135.45735,-21.49881],[135.43513,-21.50547],[135.4193,-21.50408],[135.39263,-21.48769],[135.36763,-21.46631],[135.34207,-21.45742],[135.31152,-21.44186],[135.29374,-21.41547],[135.27763,-21.41853],[135.27124,-21.41409],[135.26513,-21.4052],[135.26068,-21.38714],[135.26763,-21.36242],[135.29235,-21.33575],[135.26763,-21.30658],[135.25568,-21.30492],[135.24207,-21.29297],[135.2293,-21.2877],[135.2268,-21.29131],[135.22846,-21.29853],[135.22207,-21.30242],[135.21513,-21.31825],[135.20763,-21.32297],[135.19874,-21.32381],[135.18346,-21.31909],[135.16402,-21.31853],[135.15985,-21.30908],[135.16069,-21.29881],[135.15541,-21.28909],[135.1443,-21.28159],[135.12902,-21.27686],[135.11068,-21.27548],[135.06735,-21.28548],[135.10041,-21.33492],[135.10569,-21.36798],[135.13319,-21.40575],[135.13569,-21.41631],[135.12652,-21.43325],[135.1068,-21.45631],[135.00124,-21.5552],[134.90482,-21.611],[134.83791,-21.66854],[134.77566,-21.71266],[134.75861,-21.73018],[134.75223,-21.75744],[134.74023,-21.77245],[134.71231,-21.78607],[134.6345,-21.80371],[134.60376,-21.81572],[134.59838,-21.82225],[134.5781,-21.87703],[134.56599,-21.89003],[134.53135,-21.8926],[134.51846,-21.88744],[134.48922,-21.86697],[134.46457,-21.86171],[134.40828,-21.86722],[134.38526,-21.87398],[134.36461,-21.88511],[134.33999,-21.8837],[134.33088,-21.88652],[134.29158,-21.92001],[134.24768,-21.97932],[134.214,-22.01171],[134.22329,-22.03291],[134.25337,-22.06443],[134.26319,-22.08051],[134.2723,-22.10303],[134.26494,-22.13335],[134.2744,-22.14793],[134.29441,-22.1663],[134.30875,-22.2278],[134.31667,-22.24176],[134.293,-22.24617],[134.28185,-22.25596],[134.26987,-22.27915],[134.26265,-22.31435],[134.25207,-22.40901],[134.23525,-22.45464],[134.20011,-22.4984],[134.18956,-22.50636],[134.16797,-22.51594],[134.152,-22.51026],[134.14618,-22.51263],[134.14707,-22.53518],[134.17019,-22.57618],[134.14769,-22.6059],[134.15038,-22.63381],[134.14488,-22.64849],[134.12615,-22.66687],[134.0899,-22.69137],[134.07482,-22.71585],[134.05422,-22.78706],[134.05041,-22.81842],[134.04467,-22.83075],[134.03069,-22.84446],[134.00877,-22.85276],[133.99174,-22.85714],[133.93194,-22.8624],[133.91853,-22.8717],[133.9072,-22.88946],[133.89477,-22.92126],[133.89681,-22.94232],[133.93299,-22.98661],[133.96339,-23.01045],[133.96989,-23.03133],[133.98256,-23.04224],[133.9817,-23.04885],[133.97212,-23.05023],[133.96795,-23.06034],[133.95418,-23.07309],[133.92123,-23.08301],[133.92157,-23.08773],[133.94205,-23.10134],[133.97879,-23.1181],[134.00494,-23.13997],[134.01899,-23.14778],[134.02507,-23.16243],[134.026,-23.17954],[134.01964,-23.18938],[134.02406,-23.20114],[134.04782,-23.21641],[134.06072,-23.21783],[134.07435,-23.2249],[134.09748,-23.22536],[134.10069,-23.23056],[134.10036,-23.25158],[134.10483,-23.26766],[134.11218,-23.27535],[134.12135,-23.26356],[134.12923,-23.2637],[134.13601,-23.27449],[134.15043,-23.28501],[134.1848,-23.28476],[134.21056,-23.27913],[134.25266,-23.25212],[134.273,-23.22337],[134.266,-23.18815],[134.28768,-23.1798],[134.32108,-23.15611],[134.35147,-23.15867],[134.35481,-23.16133],[134.35386,-23.1672],[134.36972,-23.17248],[134.45256,-23.184],[134.48142,-23.19578],[134.48578,-23.20765],[134.49567,-23.21707],[134.50808,-23.22108],[134.51449,-23.21175],[134.52643,-23.20571],[134.54694,-23.21073],[134.55882,-23.20877],[134.57325,-23.1839],[134.59408,-23.17475],[134.60067,-23.16716],[134.60639,-23.18397],[134.61733,-23.18651],[134.62541,-23.17885],[134.63444,-23.15715],[134.64613,-23.14523],[134.65645,-23.14092],[134.67615,-23.14449],[134.69325,-23.14035],[134.68785,-23.12763],[134.65969,-23.1191],[134.65286,-23.11311],[134.64652,-23.1005],[134.64585,-23.08582],[134.63715,-23.0785],[134.606,-23.07734],[134.59009,-23.07285],[134.56199,-23.08176],[134.54073,-23.08003],[134.5329,-23.06707],[134.51658,-23.01134],[134.51205,-23.00483],[134.49537,-22.99448],[134.49376,-22.98079],[134.49828,-22.96823],[134.52099,-22.93903],[134.53658,-22.92446],[134.61807,-22.88656],[134.65553,-22.84774],[134.68707,-22.80078],[134.70091,-22.79566],[134.73947,-22.80327],[134.76622,-22.77876],[134.78894,-22.76549],[134.82716,-22.72926],[134.83995,-22.72375],[134.85208,-22.72289],[134.86795,-22.71333],[134.88003,-22.71478],[134.89769,-22.73047],[134.91034,-22.73427],[134.9398,-22.7548],[134.96071,-22.76432],[134.98142,-22.77068],[135.00125,-22.76853],[135.00737,-22.7702],[135.01931,-22.78159],[135.04209,-22.78381],[135.07514,-22.77353],[135.11181,-22.74826],[135.1157,-22.7402],[135.1132,-22.72326],[135.12848,-22.69159],[135.15403,-22.66631],[135.19986,-22.67409],[135.21209,-22.68242],[135.22431,-22.69714],[135.23959,-22.70492],[135.2532,-22.70298],[135.28431,-22.69103],[135.31792,-22.69492],[135.33903,-22.68103],[135.35764,-22.65881],[135.38681,-22.6527],[135.39208,-22.64853],[135.39542,-22.63853],[135.40264,-22.63492],[135.39153,-22.62881],[135.39208,-22.61603],[135.40458,-22.58964],[135.42125,-22.56686],[135.47514,-22.53658],[135.50458,-22.50214],[135.52041,-22.49436],[135.53319,-22.50325],[135.53403,-22.51186],[135.5443,-22.52547],[135.57486,-22.52075],[135.58486,-22.53547],[135.61875,-22.55714],[135.63319,-22.57158],[135.64875,-22.58019],[135.6718,-22.58603],[135.70153,-22.58436],[135.76319,-22.57186],[135.76513,-22.56742],[135.76263,-22.56214],[135.74847,-22.54297],[135.75014,-22.52992],[135.75791,-22.52658],[135.78597,-22.54047],[135.79347,-22.54075],[135.82569,-22.52158],[135.83402,-22.51186],[135.85902,-22.51575],[135.89291,-22.50436],[135.93708,-22.50047],[135.95708,-22.50075],[135.98124,-22.51464],[135.98763,-22.51464],[135.99347,-22.51075],[136.00624,-22.49103],[136.01958,-22.45019],[136.0793,-22.40158],[136.11569,-22.34436],[136.12596,-22.33852],[136.16568,-22.32963],[136.19096,-22.3288],[136.20985,-22.33686],[136.22791,-22.36158],[136.24791,-22.37991],[136.26513,-22.38186],[136.40152,-22.43352],[136.46374,-22.45074],[136.50624,-22.46019],[136.52596,-22.45185],[136.55207,-22.44602],[136.59985,-22.44158],[136.62124,-22.44241],[136.68263,-22.45769],[136.69179,-22.46574],[136.69457,-22.49574],[136.71596,-22.54935],[136.72513,-22.56296],[136.73457,-22.58657],[136.74763,-22.60185],[136.79152,-22.62796],[136.7954,-22.6388],[136.8029,-22.64463],[136.82263,-22.69685],[136.81652,-22.70852],[136.82846,-22.73546],[136.81402,-22.75713],[136.81596,-22.78102],[136.79929,-22.79852],[136.78707,-22.80102],[136.77985,-22.79685],[136.77596,-22.80046],[136.78124,-22.81963],[136.77429,-22.82741],[136.78068,-22.83074],[136.77957,-22.83824],[136.78707,-22.84185],[136.78985,-22.85102],[136.79735,-22.8463],[136.80902,-22.84685],[136.8179,-22.84352],[136.83485,-22.84769],[136.84013,-22.85519],[136.85179,-22.85269],[136.86429,-22.85546],[136.89124,-22.84852],[136.89791,-22.85102],[136.90457,-22.86269],[136.90929,-22.86519],[136.93179,-22.86074],[136.94152,-22.86185],[136.94596,-22.87491],[136.95263,-22.88213],[137.00152,-22.90991],[137.03207,-22.95769],[137.05124,-23.00324],[137.05068,-23.05213],[137.06596,-23.08157],[137.07263,-23.1213],[137.08318,-23.13491],[137.09207,-23.16518],[137.13957,-23.26768],[137.21013,-23.3938],[137.35263,-23.68935],[137.4468,-23.91129],[137.47958,-23.97935],[137.50152,-24.01685],[137.55152,-24.12407],[137.6893,-24.46935],[137.76263,-24.63324],[137.78291,-24.6674],[137.8193,-24.70824],[137.83458,-24.74074],[137.88208,-24.81046],[137.91291,-24.87074],[138.00295,-25.0027],[138.08898,-25.1636],[138.12036,-25.21501],[138.14696,-25.27133],[138.1562,-25.29867],[138.20115,-25.38647],[138.21649,-25.42754],[138.2374,-25.45879],[138.24895,-25.4848],[138.28918,-25.55376],[138.33986,-25.65596],[138.38244,-25.77458],[138.38647,-25.79449],[138.41077,-25.85519],[138.4574,-25.95638],[138.46123,-25.99678],[139.14161,-25.99667],[139.13508,-25.97531],[139.11959,-25.96587],[139.12077,-25.96045],[139.13243,-25.95468],[139.13915,-25.947],[139.12555,-25.91682],[139.12691,-25.90717],[139.16375,-25.89615],[139.2097,-25.86035],[139.22134,-25.85474],[139.22659,-25.84751],[139.2256,-25.8361],[139.21625,-25.80568],[139.23087,-25.78866],[139.2408,-25.78478],[139.25787,-25.78825],[139.27198,-25.78319],[139.27355,-25.77545],[139.28016,-25.77226],[139.28622,-25.75719],[139.28246,-25.73519],[139.28644,-25.73042],[139.28484,-25.72168],[139.29047,-25.72021],[139.29067,-25.70904],[139.28033,-25.69709],[139.28025,-25.68966],[139.27417,-25.67732],[139.27323,-25.65709],[139.26849,-25.6503],[139.25237,-25.64952],[139.2507,-25.63627],[139.25708,-25.6259],[139.25577,-25.6203],[139.24573,-25.61383],[139.24479,-25.60821],[139.23706,-25.60601],[139.22614,-25.59709],[139.22976,-25.59069],[139.22406,-25.58113],[139.21968,-25.5795],[139.21266,-25.58452],[139.19672,-25.58845],[139.18838,-25.60012],[139.18154,-25.59916],[139.16799,-25.60355],[139.1559,-25.59472],[139.15179,-25.58935],[139.15298,-25.58276],[139.14905,-25.57891],[139.13093,-25.56903],[139.1245,-25.55995],[139.09628,-25.54903],[139.08204,-25.53265],[139.06948,-25.49861],[139.05732,-25.4775],[139.05659,-25.46642],[139.07601,-25.45448],[139.098,-25.45784],[139.11088,-25.45475],[139.12062,-25.44582],[139.12595,-25.42639],[139.13208,-25.419],[139.15369,-25.40689],[139.16473,-25.39545],[139.18911,-25.38282],[139.19033,-25.3717],[139.18155,-25.36456],[139.17767,-25.35445],[139.17816,-25.34915],[139.18486,-25.34211],[139.18693,-25.32713],[139.19587,-25.30705],[139.19284,-25.29634],[139.19792,-25.28176],[139.20052,-25.25853],[139.21113,-25.24639],[139.2207,-25.24251],[139.22807,-25.23056],[139.23483,-25.23036],[139.24252,-25.22424],[139.25108,-25.2242],[139.25653,-25.22041],[139.2616,-25.20367],[139.26897,-25.19218],[139.28168,-25.18609],[139.30094,-25.16958],[139.33145,-25.15442],[139.35725,-25.08832],[139.36604,-25.07668],[139.38114,-25.06518],[139.40057,-25.04036],[139.40566,-25.03891],[139.41999,-25.05322],[139.4413,-25.05307],[139.46641,-25.06666],[139.4907,-25.10459],[139.50295,-25.1189],[139.51718,-25.12934],[139.53636,-25.13603],[139.55513,-25.13694],[139.56422,-25.14084],[139.57242,-25.14944],[139.58634,-25.15304],[139.59305,-25.1461],[139.59449,-25.13069],[139.58718,-25.1245],[139.5853,-25.11612],[139.5914,-25.10844],[139.60395,-25.1032],[139.62883,-25.07147],[139.64573,-25.05805],[139.65154,-25.00302],[139.65047,-24.99841],[139.64193,-24.99248],[139.63795,-24.97815],[139.6523,-24.96996],[139.6594,-24.96086],[139.66889,-24.95949],[139.67674,-24.9513],[139.69421,-24.94902],[139.70265,-24.93789],[139.72668,-24.92855],[139.74414,-24.91718],[139.75042,-24.90917],[139.833,-24.87842],[139.83851,-24.86895],[139.84918,-24.86418],[139.85388,-24.85667],[139.87933,-24.8414],[139.88789,-24.81905],[139.90611,-24.80535],[139.91419,-24.78741],[139.91168,-24.77754],[139.91345,-24.76809],[139.92057,-24.76069],[139.92317,-24.75087],[139.91989,-24.74254],[139.88391,-24.70792],[139.834,-24.64464],[139.81935,-24.63423],[139.80064,-24.63389],[139.75865,-24.65754],[139.73585,-24.65551],[139.71866,-24.64787],[139.70011,-24.62696],[139.69733,-24.58936],[139.68466,-24.57348],[139.68348,-24.56256],[139.68797,-24.55658],[139.72382,-24.54624],[139.76237,-24.51213],[139.77712,-24.50587],[139.79184,-24.4942],[139.81931,-24.46799],[139.84464,-24.45649],[139.8949,-24.44596],[139.91416,-24.42791],[139.93853,-24.41735],[139.99855,-24.41628],[140.01977,-24.4078],[140.04355,-24.41779],[140.06015,-24.41967],[140.07976,-24.4354],[140.09717,-24.43916],[140.10622,-24.43901],[140.14591,-24.42551],[140.18982,-24.40236],[140.19854,-24.3931],[140.2248,-24.37927],[140.25037,-24.32916],[140.28107,-24.29221],[140.29242,-24.27203],[140.30036,-24.24892],[140.30134,-24.21712],[140.30762,-24.21089],[140.31157,-24.19033],[140.31893,-24.18372],[140.32042,-24.17643],[140.3461,-24.13405],[140.35962,-24.08386],[140.37215,-24.06558],[140.38349,-24.0579],[140.42889,-24.01104],[140.43724,-23.99857],[140.43624,-23.98398],[140.44156,-23.96122],[140.43062,-23.91084],[140.43732,-23.88789],[140.4372,-23.87654],[140.42679,-23.84457],[140.42911,-23.82842],[140.42467,-23.82904],[140.41727,-23.81497],[140.42089,-23.80477],[140.40846,-23.79905],[140.42072,-23.78831],[140.40633,-23.78575],[140.40209,-23.78153],[140.39533,-23.76673],[140.39701,-23.75762],[140.39005,-23.74746],[140.39219,-23.73972],[140.38625,-23.74023],[140.37746,-23.73344],[140.37692,-23.72528],[140.38116,-23.71845],[140.37921,-23.70819],[140.36863,-23.70298],[140.37806,-23.69198],[140.36803,-23.68558],[140.37234,-23.67301],[140.3807,-23.66249],[140.37401,-23.64072],[140.37934,-23.62751],[140.38766,-23.62375],[140.38727,-23.61952],[140.38124,-23.61699],[140.38109,-23.6069],[140.38821,-23.59731],[140.38998,-23.58507],[140.3845,-23.57713],[140.38525,-23.56681],[140.37584,-23.55105],[140.37744,-23.53552],[140.37228,-23.53026],[140.37745,-23.51552],[140.40443,-23.49029],[140.40473,-23.45469],[140.41546,-23.43975],[140.41311,-23.42782],[140.4211,-23.39918],[140.42083,-23.38961],[140.40366,-23.37451],[140.40446,-23.34135],[140.41101,-23.32552],[140.42312,-23.31257],[140.42019,-23.29825],[140.42199,-23.28145],[140.43968,-23.25593],[140.4667,-23.23525],[140.46833,-23.21365],[140.47196,-23.21052],[140.50137,-23.2064],[140.50496,-23.19701],[140.52027,-23.18766],[140.53512,-23.15849],[140.57492,-23.14954],[140.59169,-23.15099],[140.61067,-23.13714],[140.62092,-23.11926],[140.63067,-23.11585],[140.63782,-23.11763],[140.64218,-23.10717],[140.6638,-23.10924],[140.67104,-23.11485],[140.68481,-23.11784],[140.69431,-23.12827],[140.70358,-23.1281],[140.70838,-23.12525],[140.71037,-23.10947],[140.71601,-23.10445],[140.7541,-23.10123],[140.76617,-23.08709],[140.79462,-23.08854],[140.79456,-23.08115],[140.79075,-23.07737],[140.79139,-23.06987],[140.79621,-23.06538],[140.79471,-23.05139],[140.80333,-23.04375],[140.79545,-23.0312],[140.79944,-23.02584],[140.81537,-23.02421],[140.81893,-23.02854],[140.82572,-23.02991],[140.84544,-23.03024],[140.85164,-23.02754],[140.84855,-23.01829],[140.85087,-23.0128],[140.86597,-23.01035],[140.87938,-22.99991],[140.87988,-22.99509],[140.87194,-22.98864],[140.87375,-22.98399],[140.86874,-22.98275],[140.8663,-22.9737],[140.86872,-22.96828],[140.88323,-22.97068],[140.88621,-22.96662],[140.88194,-22.96009],[140.88334,-22.95279],[140.9091,-22.94995],[140.92226,-22.95663],[140.93015,-22.95379],[140.91907,-22.93751],[140.9121,-22.936],[140.90717,-22.93092],[140.91205,-22.92103],[140.90984,-22.91467],[140.91804,-22.90434],[140.91831,-22.89406],[140.93427,-22.88394],[140.93351,-22.86566],[140.94056,-22.8526],[140.94866,-22.85596],[140.94647,-22.84459],[140.94909,-22.83892],[140.95944,-22.83699],[140.96885,-22.84255],[140.97604,-22.83549],[140.98973,-22.83803],[140.99377,-22.82475],[141.01185,-22.79636],[141.04092,-22.79979],[141.06203,-22.79389],[141.05781,-22.77761],[141.07599,-22.76789],[141.07814,-22.7515],[141.08946,-22.74412],[141.10109,-22.75552],[141.10848,-22.74649],[141.11158,-22.73439],[141.10795,-22.7106],[141.11476,-22.70092],[141.12682,-22.69181],[141.12884,-22.68639],[141.14171,-22.68252],[141.15203,-22.67427],[141.141,-22.65472],[141.12195,-22.6355],[141.1158,-22.62291],[141.11738,-22.61633],[141.12478,-22.60858],[141.12049,-22.59596],[141.12532,-22.57696],[141.11403,-22.56811],[141.11454,-22.56328],[141.12373,-22.55414],[141.12297,-22.54211],[141.12726,-22.53646],[141.14299,-22.54553],[141.17176,-22.53066],[141.16778,-22.52602],[141.16656,-22.51255],[141.1504,-22.4967],[141.12868,-22.49294],[141.12362,-22.48936],[141.12594,-22.47708],[141.12113,-22.46241],[141.13361,-22.45202],[141.13133,-22.44539],[141.11936,-22.43785],[141.1174,-22.42546],[141.10617,-22.41262],[141.11973,-22.39829],[141.12911,-22.39757],[141.13274,-22.3855],[141.13099,-22.37305],[141.13624,-22.36679],[141.13364,-22.36142],[141.12622,-22.36012],[141.11292,-22.36527],[141.10755,-22.37174],[141.09918,-22.37244],[141.0855,-22.36791],[141.08443,-22.36279],[141.1034,-22.34728],[141.10695,-22.3345],[141.09984,-22.31369],[141.11479,-22.31553],[141.12065,-22.30011],[141.13112,-22.30025],[141.14008,-22.29201],[141.15396,-22.29171],[141.16013,-22.28356],[141.16986,-22.28359],[141.17999,-22.27631],[141.18742,-22.27575],[141.19894,-22.28514],[141.20398,-22.28181],[141.19889,-22.26941],[141.20353,-22.25635],[141.20154,-22.23763],[141.22505,-22.20582],[141.25403,-22.20865],[141.25669,-22.20314],[141.24194,-22.19325],[141.2435,-22.18669],[141.2506,-22.18382],[141.25353,-22.17859],[141.26779,-22.17686],[141.27378,-22.16614],[141.26742,-22.15609],[141.26966,-22.13832],[141.27427,-22.13317],[141.26237,-22.12534],[141.26827,-22.11645],[141.26773,-22.09652],[141.25888,-22.09168],[141.24614,-22.09174],[141.22984,-22.08665],[141.23033,-22.08209],[141.24028,-22.07346],[141.24139,-22.05658],[141.24536,-22.05216],[141.25287,-22.02305],[141.24971,-22.00722],[141.25108,-21.99747],[141.24319,-21.98488],[141.24592,-21.9754],[141.24338,-21.97021],[141.25852,-21.95911],[141.25517,-21.94983],[141.26442,-21.93809],[141.25711,-21.93481],[141.26225,-21.92816],[141.25534,-21.92005],[141.25615,-21.91518],[141.24663,-21.91296],[141.24535,-21.90202],[141.25683,-21.8939],[141.25619,-21.86135],[141.24203,-21.84975],[141.24475,-21.82458],[141.24065,-21.82177],[141.21778,-21.81739],[141.20144,-21.83153],[141.18915,-21.82346],[141.18483,-21.81558],[141.17727,-21.81109],[141.17694,-21.80638],[141.15512,-21.80082],[141.13428,-21.78745],[141.1334,-21.78433],[141.13857,-21.77887],[141.1251,-21.75702],[141.11815,-21.75524],[141.11931,-21.74857],[141.10801,-21.7344],[141.10217,-21.73425],[141.10009,-21.74238],[141.09455,-21.74245],[141.08966,-21.7497],[141.07902,-21.755],[141.08299,-21.7705],[141.07613,-21.77479],[141.07048,-21.77266],[141.06567,-21.7753],[141.05211,-21.76727],[141.03295,-21.76956],[141.02886,-21.77296],[141.03419,-21.785],[141.03027,-21.79433],[141.02079,-21.7936],[140.99495,-21.78102],[140.98267,-21.78807],[140.96492,-21.78841],[140.95198,-21.77435],[140.93589,-21.78138],[140.91665,-21.7806],[140.90103,-21.77608],[140.89498,-21.76193],[140.88628,-21.75199],[140.885,-21.73426],[140.87591,-21.70958],[140.85866,-21.69566],[140.85811,-21.67243],[140.85338,-21.66371],[140.83453,-21.64987],[140.82821,-21.65011],[140.80531,-21.62906],[140.79509,-21.6263],[140.79933,-21.61688],[140.78821,-21.59429],[140.77431,-21.58046],[140.76206,-21.57553],[140.74367,-21.56092],[140.73428,-21.56048],[140.71205,-21.57605],[140.69794,-21.57288],[140.66926,-21.57394],[140.64006,-21.58815],[140.6282,-21.59895],[140.61957,-21.5976],[140.61418,-21.58519],[140.60652,-21.59261],[140.59458,-21.58198],[140.57679,-21.58034],[140.55869,-21.57349],[140.55402,-21.56572],[140.5454,-21.56225],[140.52569,-21.56788],[140.51451,-21.567],[140.50962,-21.57043],[140.50236,-21.56741],[140.49514,-21.57595],[140.49288,-21.569],[140.48271,-21.56486],[140.49058,-21.552],[140.48564,-21.54807],[140.49378,-21.54113],[140.49378,-21.53684],[140.48963,-21.53384],[140.49405,-21.52384],[140.48924,-21.51872],[140.48855,-21.50891],[140.48418,-21.50733],[140.47939,-21.49635],[140.47109,-21.4935],[140.45516,-21.49397],[140.44926,-21.4825],[140.44465,-21.4866],[140.43373,-21.48858],[140.42714,-21.48628],[140.41907,-21.47748],[140.41499,-21.48167],[140.40853,-21.48189],[140.39801,-21.46044],[140.39939,-21.4534],[140.38424,-21.45804],[140.37011,-21.45289],[140.3644,-21.46026],[140.35615,-21.46253],[140.34812,-21.45122],[140.35081,-21.4708],[140.3083,-21.47911],[140.30188,-21.46292],[140.29635,-21.46277],[140.28891,-21.46761],[140.27461,-21.46269],[140.27084,-21.44965],[140.26161,-21.44106],[140.25846,-21.43308],[140.24567,-21.42496],[140.2287,-21.42102],[140.20301,-21.42979],[140.18463,-21.41758],[140.14808,-21.42039],[140.13553,-21.41044],[140.12524,-21.39469],[140.11075,-21.38618],[140.09438,-21.36499],[140.09262,-21.35134],[140.07909,-21.35804],[140.07776,-21.35344],[140.06152,-21.33887],[140.04808,-21.33545],[140.03499,-21.32705],[140.03533,-21.3142],[140.02706,-21.30394],[140.0238,-21.2885],[140.02087,-21.25692],[140.01592,-21.25587],[140.00525,-21.26808],[140.00198,-21.26257],[140.00326,-21.24349],[139.98099,-21.23907],[139.96674,-21.22694],[139.96164,-21.21623],[139.94097,-21.20618],[139.93785,-21.19771],[139.9454,-21.175],[139.89827,-21.16695],[139.89327,-21.16953],[139.89177,-21.17888],[139.88791,-21.18093],[139.85264,-21.17434],[139.82402,-21.17893],[139.81308,-21.17725],[139.80864,-21.16701],[139.8001,-21.16618],[139.80488,-21.14858],[139.80269,-21.13733],[139.80629,-21.12846],[139.80383,-21.10875],[139.7887,-21.09365],[139.77571,-21.09722],[139.765,-21.09106],[139.75156,-21.09983],[139.74375,-21.11917],[139.73517,-21.11545],[139.73728,-21.09591],[139.73166,-21.08239],[139.72538,-21.08534],[139.70503,-21.07594],[139.69418,-21.06425],[139.67688,-21.06904],[139.68127,-21.05443],[139.70252,-21.03198],[139.70061,-21.02411],[139.69098,-21.02625],[139.67868,-21.01419],[139.66256,-21.01075],[139.64218,-21.01482],[139.62363,-21.02386],[139.60793,-21.02236],[139.58473,-21.0417],[139.56572,-21.03681],[139.55426,-21.0243],[139.54859,-21.02253],[139.54546,-21.01407],[139.54535,-20.99871],[139.55173,-20.99056],[139.55419,-20.97755],[139.54731,-20.97841],[139.54363,-20.98381],[139.52803,-20.97921],[139.51109,-20.9859],[139.50835,-20.97482],[139.48225,-20.96971],[139.47976,-20.96317],[139.47111,-20.95645],[139.4708,-20.95172],[139.45847,-20.94038],[139.46059,-20.92688],[139.45611,-20.91965],[139.45137,-20.92208],[139.44739,-20.91835],[139.44266,-20.92115],[139.43786,-20.91567],[139.42448,-20.91436],[139.4129,-20.91723],[139.4106,-20.91293],[139.41614,-20.90733],[139.40225,-20.90291],[139.39821,-20.89415],[139.3903,-20.88709],[139.39061,-20.88155],[139.3992,-20.87993],[139.40188,-20.86063],[139.39895,-20.85603],[139.40624,-20.85067],[139.40736,-20.84109],[139.39945,-20.84451],[139.39497,-20.84314],[139.39758,-20.83486],[139.39018,-20.83299],[139.38881,-20.82907],[139.39684,-20.8183],[139.39914,-20.80709],[139.41383,-20.78929],[139.41638,-20.77958],[139.41147,-20.77808],[139.41041,-20.7698],[139.42348,-20.76015],[139.41869,-20.75368],[139.42236,-20.74932],[139.40081,-20.74156],[139.38625,-20.72137],[139.35643,-20.71483],[139.34685,-20.69703],[139.35363,-20.68594],[139.36484,-20.67735],[139.3644,-20.66702],[139.3796,-20.66277],[139.3814,-20.65668],[139.37424,-20.64261],[139.37866,-20.6344],[139.37891,-20.62269],[139.38631,-20.60812],[139.40032,-20.59959],[139.42105,-20.56716],[139.43052,-20.56274],[139.42684,-20.55757],[139.42616,-20.54537],[139.41576,-20.54138],[139.40592,-20.51984],[139.4068,-20.51337],[139.41271,-20.51013],[139.41271,-20.50714],[139.39666,-20.49008],[139.39813,-20.48555],[139.40909,-20.48016],[139.4018,-20.47011],[139.39617,-20.4717],[139.383,-20.46362],[139.3871,-20.45823],[139.38514,-20.44708],[139.39557,-20.44354],[139.38244,-20.42808],[139.39378,-20.42606],[139.3966,-20.4203],[139.4045,-20.41718],[139.40542,-20.41118],[139.39672,-20.39819],[139.39562,-20.3901],[139.38367,-20.37773],[139.37381,-20.3727],[139.35353,-20.34452],[139.35432,-20.33055],[139.34354,-20.31021],[139.34158,-20.29814],[139.32976,-20.30121],[139.32314,-20.29729],[139.31279,-20.29735],[139.31027,-20.26476],[139.29447,-20.21501],[139.29435,-20.20374],[139.29839,-20.19197],[139.29594,-20.18683],[139.29018,-20.18977],[139.28895,-20.19602],[139.27719,-20.19681],[139.26714,-20.20153],[139.24926,-20.20129],[139.24239,-20.19148],[139.23357,-20.18824],[139.22714,-20.17997],[139.23008,-20.17163],[139.22224,-20.1633],[139.2068,-20.16484],[139.19902,-20.15754],[139.18738,-20.12771],[139.17366,-20.13016],[139.15601,-20.12299],[139.13923,-20.11123],[139.1214,-20.08868],[139.12152,-20.08256],[139.12679,-20.07423],[139.12642,-20.06589],[139.11736,-20.04709],[139.09205,-20.03181],[139.08789,-20.02509],[139.09088,-19.99609],[139.08659,-19.98359],[139.09542,-19.96679],[139.13042,-19.94074],[139.13575,-19.92437],[139.12876,-19.91119],[139.12239,-19.90708],[139.1013,-19.90451],[139.07703,-19.92075],[139.06293,-19.92088],[139.05821,-19.91033],[139.037,-19.89679],[139.03357,-19.89065],[139.03405,-19.88281],[139.02768,-19.87717],[139.02639,-19.86135],[139.01671,-19.85559],[139.00007,-19.85317],[138.99314,-19.8549],[138.98979,-19.87459],[138.98273,-19.8819],[138.93902,-19.89447],[138.91195,-19.89856],[138.89697,-19.9089],[138.88731,-19.9216],[138.87461,-19.92637],[138.84941,-19.91386],[138.81529,-19.87918],[138.8034,-19.87274],[138.7811,-19.87168],[138.74147,-19.88525],[138.71621,-19.885],[138.70673,-19.8798],[138.67955,-19.8502],[138.6684,-19.84481],[138.65329,-19.84314],[138.62877,-19.84623],[138.61329,-19.85348],[138.60684,-19.85998],[138.58697,-19.89825],[138.57972,-19.92265],[138.57322,-19.93361],[138.56238,-19.93931],[138.54435,-19.94083],[138.53972,-19.92469],[138.54616,-19.91386],[138.54492,-19.89776],[138.52752,-19.8772],[138.52355,-19.86009],[138.50132,-19.84109],[138.49183,-19.79997],[138.48429,-19.78377],[138.46438,-19.7682],[138.41888,-19.76344],[138.39514,-19.75534],[138.38024,-19.74273],[138.36695,-19.7125],[138.34371,-19.69871],[138.31057,-19.69327],[138.29821,-19.6793],[138.2838,-19.66916],[138.26717,-19.64709],[138.23527,-19.61667],[138.22118,-19.61117],[138.19744,-19.61123],[138.18841,-19.60808],[138.18408,-19.59176],[138.1881,-19.55244],[138.18204,-19.52474],[138.17444,-19.51553],[138.1638,-19.51015],[138.15045,-19.50817],[138.10866,-19.51584],[138.07824,-19.50552],[138.06169,-19.49565],[138.05344,-19.4874],[138.02376,-19.44165],[137.96377,-19.40295],[137.94537,-19.35851],[137.93287,-19.34268],[137.8662,-19.28045],[137.83953,-19.25157],[137.83148,-19.23573],[137.82398,-19.22879],[137.7962,-19.21157],[137.75064,-19.1924],[137.67148,-19.14851],[137.59287,-19.09657],[137.58176,-19.0824],[137.54953,-19.09518]]],"type":"Polygon"},"properties":{"area_sqkm":244504.82,"basin_no":"001","division":"Lake Eyre","division_no":"X","id":"georgina","name":"Georgina"},"type":"Feature"},
{"geometry":{"coordinates":[[[141.28977,-16.51234],[141.27007,-16.5619],[141.26648,-16.55339],[141.25407,-16.55595],[141.2446,-16.57635],[141.23568,-16.58458],[141.2344,-16.58836],[141.23754,-16.58298],[141.23829,-16.5896],[141.23541,-16.58981],[141.23589,-16.59852],[141.22688,-16.62428],[141.22255,-16.65522],[141.20646,-16.68407],[141.20631,-16.69231],[141.19681,-16.70022],[141.17155,-16.73757],[141.13359,-16.77627],[141.1109,-16.79411],[141.09413,-16.80173],[141.10232,-16.80456],[141.0942,-16.80808],[141.08303,-16.80388],[141.07848,-16.82099],[141.07844,-16.83998],[141.06158,-16.87796],[141.01651,-16.93517],[140.98135,-16.9665],[140.98843,-16.97433],[140.98564,-16.97623],[140.97588,-16.9702],[140.95939,-16.99574],[140.94672,-17.03956],[140.95155,-17.05196],[140.95635,-17.09157],[140.9533,-17.09987],[140.94979,-17.15129],[140.9385,-17.17639],[140.94019,-17.1848],[140.93255,-17.18989],[140.95131,-17.20805],[140.96379,-17.22794],[141.01381,-17.25076],[141.01864,-17.25842],[141.01976,-17.27977],[141.03284,-17.29113],[141.08107,-17.3062],[141.10964,-17.30557],[141.14878,-17.32079],[141.17443,-17.32561],[141.18517,-17.33648],[141.20154,-17.36573],[141.21472,-17.37837],[141.24379,-17.39272],[141.27407,-17.40212],[141.31071,-17.4056],[141.33904,-17.39919],[141.38251,-17.39723],[141.44864,-17.37928],[141.47337,-17.37983],[141.50029,-17.35883],[141.50248,-17.36049],[141.51531,-17.35518],[141.56092,-17.35693],[141.64949,-17.33735],[141.70818,-17.34374],[141.73409,-17.34145],[141.75855,-17.34386],[141.78506,-17.32512],[141.83772,-17.32162],[141.87423,-17.33198],[141.90448,-17.35814],[141.92799,-17.36175],[141.96215,-17.37897],[141.9877,-17.38427],[142.03985,-17.40749],[142.0819,-17.41302],[142.0838,-17.42069],[142.06897,-17.43164],[142.07279,-17.4394],[142.08613,-17.44708],[142.10854,-17.44776],[142.12824,-17.43396],[142.13588,-17.43216],[142.13998,-17.43378],[142.14375,-17.45339],[142.1763,-17.46231],[142.18897,-17.47083],[142.21661,-17.4747],[142.22776,-17.48089],[142.25365,-17.53641],[142.26373,-17.54891],[142.2816,-17.56092],[142.29723,-17.57649],[142.3253,-17.62357],[142.35041,-17.64107],[142.36332,-17.65918],[142.3763,-17.67017],[142.38433,-17.73366],[142.40207,-17.74785],[142.40877,-17.77652],[142.42121,-17.78859],[142.42936,-17.80247],[142.42809,-17.8172],[142.43153,-17.82758],[142.48887,-17.84629],[142.50443,-17.87798],[142.52892,-17.88827],[142.54684,-17.91474],[142.56862,-17.92545],[142.5747,-17.93519],[142.57404,-17.9545],[142.57795,-17.96124],[142.57175,-17.9707],[142.57488,-17.99072],[142.56736,-17.99836],[142.56821,-18.01313],[142.56367,-18.01858],[142.57475,-18.0319],[142.58587,-18.03928],[142.59134,-18.05473],[142.58062,-18.05988],[142.57398,-18.07127],[142.56525,-18.07162],[142.56004,-18.06617],[142.5538,-18.06775],[142.55326,-18.08833],[142.55011,-18.09699],[142.53776,-18.10081],[142.53522,-18.11261],[142.52965,-18.11655],[142.52523,-18.12926],[142.51917,-18.13532],[142.51306,-18.13787],[142.50954,-18.13181],[142.49044,-18.12494],[142.48236,-18.1253],[142.48007,-18.11631],[142.47506,-18.11927],[142.47506,-18.13248],[142.46239,-18.13887],[142.46372,-18.14527],[142.47753,-18.16132],[142.47421,-18.16747],[142.48164,-18.17158],[142.48296,-18.18244],[142.4867,-18.18425],[142.49352,-18.19945],[142.49038,-18.20669],[142.47952,-18.21556],[142.48296,-18.23559],[142.46528,-18.23378],[142.47494,-18.24929],[142.47053,-18.25952],[142.47494,-18.26377],[142.48833,-18.26775],[142.48417,-18.28272],[142.48912,-18.29671],[142.48803,-18.31023],[142.4899,-18.31367],[142.50058,-18.31602],[142.50288,-18.33561],[142.50725,-18.34045],[142.52335,-18.34372],[142.51887,-18.35141],[142.5219,-18.35389],[142.52644,-18.35081],[142.53092,-18.35777],[142.52208,-18.36261],[142.52288,-18.3757],[142.51617,-18.39419],[142.5176,-18.40263],[142.52069,-18.40596],[142.52735,-18.40445],[142.53062,-18.4122],[142.53933,-18.41256],[142.54024,-18.42165],[142.55798,-18.43042],[142.59649,-18.43484],[142.60957,-18.45319],[142.6149,-18.45603],[142.62568,-18.45422],[142.63542,-18.45955],[142.64317,-18.47971],[142.64251,-18.48588],[142.6485,-18.49351],[142.64984,-18.50659],[142.64899,-18.51213],[142.63791,-18.52177],[142.63984,-18.52635],[142.64887,-18.52406],[142.65622,-18.52587],[142.66478,-18.52225],[142.66767,-18.52503],[142.68111,-18.52448],[142.69093,-18.53009],[142.70961,-18.51794],[142.74395,-18.51219],[142.76112,-18.52726],[142.7645,-18.53533],[142.78528,-18.5484],[142.78631,-18.57106],[142.77812,-18.58468],[142.79089,-18.5816],[142.80065,-18.56672],[142.80529,-18.56509],[142.81439,-18.56949],[142.81662,-18.57732],[142.82927,-18.58335],[142.83698,-18.57672],[142.84759,-18.57895],[142.84921,-18.58461],[142.85379,-18.58696],[142.85403,-18.6101],[142.85891,-18.61528],[142.8559,-18.62486],[142.85082,-18.62483],[142.84927,-18.62974],[142.84054,-18.63221],[142.83228,-18.63914],[142.84457,-18.65613],[142.83692,-18.66825],[142.8506,-18.68186],[142.87693,-18.69759],[142.8938,-18.7282],[142.89174,-18.73582],[142.89989,-18.75121],[142.89398,-18.75362],[142.88898,-18.76411],[142.88964,-18.77025],[142.88482,-18.78062],[142.8876,-18.79773],[142.88302,-18.80809],[142.91206,-18.85388],[142.91362,-18.87618],[142.92706,-18.90775],[142.93532,-18.91498],[142.98496,-18.92926],[143.0175,-18.92595],[143.03054,-18.92637],[143.03344,-18.92939],[143.04527,-18.92082],[143.06139,-18.91816],[143.08404,-18.92487],[143.11673,-18.92235],[143.14399,-18.93887],[143.14744,-18.94962],[143.1513,-18.9501],[143.15697,-18.95995],[143.15836,-18.96918],[143.16875,-18.97854],[143.16953,-18.98959],[143.18185,-18.99479],[143.19357,-18.99436],[143.19447,-19.00921],[143.2013,-19.00806],[143.2123,-19.0155],[143.21411,-19.02371],[143.21079,-19.03386],[143.21331,-19.04396],[143.22005,-19.044],[143.22211,-19.04964],[143.22988,-19.05417],[143.25308,-19.0535],[143.2639,-19.05731],[143.26794,-19.06649],[143.2639,-19.08111],[143.27453,-19.09416],[143.27955,-19.10794],[143.28057,-19.12292],[143.29181,-19.12903],[143.28432,-19.15229],[143.28843,-19.15555],[143.29967,-19.1567],[143.30196,-19.16033],[143.31109,-19.15942],[143.30849,-19.17428],[143.32803,-19.18366],[143.32474,-19.19047],[143.32873,-19.19386],[143.35266,-19.18419],[143.36734,-19.18262],[143.38885,-19.20377],[143.39169,-19.21996],[143.39755,-19.22389],[143.39807,-19.23645],[143.40329,-19.24062],[143.40395,-19.25041],[143.39568,-19.25791],[143.39634,-19.26763],[143.39066,-19.26914],[143.38654,-19.27621],[143.38154,-19.27772],[143.37921,-19.28422],[143.37477,-19.28528],[143.38244,-19.29153],[143.37096,-19.30002],[143.37664,-19.30878],[143.37477,-19.32183],[143.39223,-19.33289],[143.40818,-19.33688],[143.44438,-19.37814],[143.44426,-19.40521],[143.45265,-19.41875],[143.44794,-19.44461],[143.45972,-19.45603],[143.47368,-19.48177],[143.49338,-19.49017],[143.53638,-19.49782],[143.55327,-19.52143],[143.56017,-19.54271],[143.60365,-19.57648],[143.62123,-19.57673],[143.63711,-19.56854],[143.67152,-19.59623],[143.68125,-19.59867],[143.68998,-19.58873],[143.70962,-19.57545],[143.73884,-19.5843],[143.76843,-19.58545],[143.79407,-19.59267],[143.82287,-19.61334],[143.84336,-19.61746],[143.87113,-19.62983],[143.88786,-19.6322],[143.90508,-19.63905],[143.92496,-19.63753],[143.95249,-19.61722],[143.96703,-19.62003],[143.97201,-19.62753],[143.98389,-19.62353],[143.99383,-19.62607],[144.01248,-19.59456],[144.03053,-19.59287],[144.04567,-19.58112],[144.06662,-19.57658],[144.08419,-19.57568],[144.08866,-19.58039],[144.10816,-19.58185],[144.14002,-19.56532],[144.16594,-19.57028],[144.17242,-19.57676],[144.17399,-19.5873],[144.18277,-19.59668],[144.20851,-19.59997],[144.22056,-19.60516],[144.25018,-19.60171],[144.25817,-19.58693],[144.27228,-19.57918],[144.2793,-19.57942],[144.32606,-19.59892],[144.35488,-19.59056],[144.37063,-19.57585],[144.37335,-19.56574],[144.36663,-19.54399],[144.37402,-19.53515],[144.38928,-19.52704],[144.38716,-19.50651],[144.39101,-19.49819],[144.40941,-19.48658],[144.4244,-19.48561],[144.42801,-19.4809],[144.4559,-19.46732],[144.45824,-19.46535],[144.45737,-19.45564],[144.46446,-19.44762],[144.4729,-19.44958],[144.48244,-19.44414],[144.49834,-19.44089],[144.5124,-19.44527],[144.51772,-19.44273],[144.51083,-19.43105],[144.52123,-19.41061],[144.51434,-19.4062],[144.52299,-19.40154],[144.53345,-19.38654],[144.53723,-19.38535],[144.55474,-19.40293],[144.56937,-19.40444],[144.58776,-19.39809],[144.59211,-19.38605],[144.58849,-19.37741],[144.60312,-19.36398],[144.60342,-19.3537],[144.60941,-19.35225],[144.61483,-19.34583],[144.63689,-19.34742],[144.63318,-19.33319],[144.63536,-19.32182],[144.64739,-19.31819],[144.65876,-19.3243],[144.66542,-19.32225],[144.66693,-19.30719],[144.66965,-19.3018],[144.67915,-19.29594],[144.67878,-19.28886],[144.68726,-19.28309],[144.6858,-19.27743],[144.69131,-19.27737],[144.7066,-19.26074],[144.69814,-19.25166],[144.70189,-19.24767],[144.69801,-19.24114],[144.70043,-19.23606],[144.69795,-19.2311],[144.69301,-19.22967],[144.69668,-19.22324],[144.69541,-19.21695],[144.70201,-19.20896],[144.70249,-19.20092],[144.70969,-19.19614],[144.70612,-19.19106],[144.70757,-19.18586],[144.72033,-19.18296],[144.72856,-19.16566],[144.74138,-19.16131],[144.76732,-19.1434],[144.77023,-19.13748],[144.76581,-19.12974],[144.76944,-19.11957],[144.75983,-19.10869],[144.76001,-19.10105],[144.7437,-19.10307],[144.73352,-19.09695],[144.74138,-19.08304],[144.73981,-19.05885],[144.73122,-19.04349],[144.74489,-19.0323],[144.73451,-19.0255],[144.73515,-19.01984],[144.72263,-19.00109],[144.71305,-18.99413],[144.70594,-18.99317],[144.69938,-18.97787],[144.70451,-18.97172],[144.70269,-18.95992],[144.71118,-18.95366],[144.71425,-18.94438],[144.71094,-18.92668],[144.7122,-18.91078],[144.69498,-18.90909],[144.6889,-18.91951],[144.68281,-18.92083],[144.67757,-18.91909],[144.67161,-18.9074],[144.65824,-18.90524],[144.65294,-18.90885],[144.63722,-18.90572],[144.63294,-18.90126],[144.62042,-18.90144],[144.61891,-18.89325],[144.60337,-18.89066],[144.60145,-18.88464],[144.59645,-18.88181],[144.59488,-18.87175],[144.58217,-18.87344],[144.57031,-18.86891],[144.56802,-18.85766],[144.57519,-18.84778],[144.58542,-18.8173],[144.59175,-18.81089],[144.59398,-18.79827],[144.6153,-18.79466],[144.62355,-18.79664],[144.62578,-18.79424],[144.61771,-18.78731],[144.62248,-18.78009],[144.62319,-18.75961],[144.63032,-18.74241],[144.62258,-18.72576],[144.63228,-18.70371],[144.63222,-18.68878],[144.63945,-18.65192],[144.62638,-18.61771],[144.63079,-18.60395],[144.64143,-18.59121],[144.6483,-18.57001],[144.6418,-18.54543],[144.64896,-18.5211],[144.66534,-18.50291],[144.66437,-18.4959],[144.65551,-18.48453],[144.66162,-18.47524],[144.66284,-18.45306],[144.67145,-18.44476],[144.68575,-18.43974],[144.69941,-18.42441],[144.69382,-18.40858],[144.68722,-18.40516],[144.69693,-18.39691],[144.6966,-18.38741],[144.71673,-18.37467],[144.72538,-18.35779],[144.75003,-18.34742],[144.75382,-18.34266],[144.75809,-18.33239],[144.75369,-18.31907],[144.74448,-18.31116],[144.76762,-18.29536],[144.78198,-18.27844],[144.78504,-18.24184],[144.78458,-18.23351],[144.7785,-18.2265],[144.76622,-18.22327],[144.75601,-18.21569],[144.74624,-18.2218],[144.73347,-18.22039],[144.72522,-18.22834],[144.71715,-18.22901],[144.69833,-18.22553],[144.68043,-18.21422],[144.66626,-18.19186],[144.66412,-18.17158],[144.67121,-18.1552],[144.66662,-18.14396],[144.66724,-18.12978],[144.65868,-18.11536],[144.65739,-18.10034],[144.6442,-18.10314],[144.63247,-18.0949],[144.62264,-18.09226],[144.60901,-18.09367],[144.59165,-18.10082],[144.5699,-18.10064],[144.54473,-18.09697],[144.50856,-18.0839],[144.48733,-18.07285],[144.46611,-18.05506],[144.45272,-18.04849],[144.42076,-18.00794],[144.40406,-17.99756],[144.40125,-17.98399],[144.35986,-17.97159],[144.3529,-17.9521],[144.34685,-17.95114],[144.3427,-17.94546],[144.32404,-17.94654],[144.32332,-17.95846],[144.31049,-17.96924],[144.30014,-17.96566],[144.2941,-17.96883],[144.29022,-17.96536],[144.28429,-17.96778],[144.27939,-17.9751],[144.26898,-17.97213],[144.26099,-17.97486],[144.255,-17.97189],[144.24949,-17.97673],[144.24034,-17.97111],[144.23743,-17.97279],[144.23715,-17.98091],[144.23332,-17.98343],[144.23164,-17.97858],[144.20502,-17.95979],[144.19927,-17.95235],[144.18626,-17.95283],[144.18046,-17.94115],[144.1744,-17.93789],[144.17374,-17.93014],[144.16602,-17.9293],[144.15014,-17.93607],[144.14191,-17.92893],[144.11701,-17.93249],[144.10173,-17.92264],[144.08939,-17.92064],[144.07955,-17.92357],[144.06883,-17.9204],[144.06431,-17.91564],[144.06198,-17.9037],[144.05351,-17.89843],[144.05611,-17.8919],[144.05515,-17.8727],[144.03747,-17.86122],[144.02755,-17.86019],[144.00933,-17.84706],[144.00141,-17.83901],[143.99893,-17.8223],[143.98096,-17.81635],[143.97627,-17.80547],[143.96437,-17.79087],[143.96257,-17.77891],[143.94556,-17.76526],[143.95014,-17.75512],[143.94875,-17.74994],[143.93895,-17.74723],[143.93132,-17.73792],[143.9202,-17.73431],[143.91208,-17.73436],[143.89465,-17.74182],[143.88456,-17.73467],[143.87686,-17.7387],[143.87314,-17.73683],[143.86977,-17.7301],[143.86995,-17.71971],[143.84898,-17.70817],[143.84567,-17.69446],[143.8384,-17.68214],[143.828,-17.67865],[143.82764,-17.67054],[143.82157,-17.66026],[143.81171,-17.6569],[143.80354,-17.65822],[143.77655,-17.64981],[143.75497,-17.6364],[143.74999,-17.63712],[143.74001,-17.6471],[143.74031,-17.65311],[143.72943,-17.65377],[143.71831,-17.64437],[143.71386,-17.64656],[143.68928,-17.63284],[143.68399,-17.62582],[143.68141,-17.61218],[143.67035,-17.62017],[143.65334,-17.6242],[143.64805,-17.63502],[143.63393,-17.64103],[143.62365,-17.63857],[143.60892,-17.626],[143.6043,-17.6263],[143.59835,-17.61597],[143.58861,-17.61585],[143.58038,-17.6227],[143.57839,-17.62823],[143.58074,-17.63568],[143.57346,-17.64626],[143.56126,-17.64686],[143.54293,-17.65816],[143.53512,-17.65425],[143.53223,-17.65834],[143.52839,-17.65828],[143.51601,-17.64698],[143.51288,-17.63562],[143.50398,-17.63364],[143.49642,-17.62464],[143.48005,-17.62177],[143.47569,-17.61669],[143.47832,-17.61161],[143.45843,-17.6106],[143.45359,-17.60636],[143.45353,-17.59975],[143.43871,-17.58772],[143.43178,-17.58372],[143.42133,-17.58515],[143.41471,-17.57692],[143.3997,-17.57051],[143.3954,-17.55988],[143.38925,-17.55856],[143.3819,-17.55032],[143.36696,-17.55205],[143.35585,-17.55982],[143.34438,-17.55462],[143.33214,-17.54285],[143.33131,-17.52686],[143.31368,-17.51794],[143.30693,-17.52798],[143.29731,-17.53031],[143.28404,-17.52451],[143.27706,-17.51722],[143.2669,-17.51525],[143.25119,-17.51531],[143.24223,-17.51173],[143.23697,-17.51513],[143.22813,-17.51298],[143.22012,-17.51872],[143.21236,-17.51776],[143.20877,-17.52159],[143.2123,-17.53437],[143.20399,-17.55474],[143.19706,-17.56131],[143.19121,-17.56179],[143.17938,-17.55391],[143.17478,-17.56287],[143.16887,-17.56388],[143.16445,-17.55976],[143.14258,-17.56335],[143.12962,-17.55922],[143.12263,-17.56502],[143.10925,-17.56322],[143.09353,-17.55755],[143.08141,-17.54745],[143.07914,-17.54034],[143.07352,-17.54196],[143.06289,-17.55277],[143.05691,-17.55379],[143.01844,-17.53831],[143.00823,-17.5514],[143.00649,-17.56902],[143.00351,-17.57255],[142.96069,-17.57891],[142.92706,-17.58781],[142.89241,-17.5889],[142.85872,-17.59425],[142.84061,-17.60454],[142.82016,-17.62229],[142.79687,-17.62939],[142.77907,-17.62668],[142.74393,-17.63053],[142.70976,-17.61904],[142.69195,-17.62012],[142.67511,-17.61537],[142.6265,-17.62223],[142.5993,-17.61639],[142.56537,-17.62734],[142.51724,-17.63414],[142.49309,-17.62979],[142.48078,-17.61796],[142.45495,-17.61017],[142.44306,-17.60244],[142.42,-17.57323],[142.40672,-17.53726],[142.39471,-17.52181],[142.38246,-17.51251],[142.37541,-17.49561],[142.34498,-17.48113],[142.31589,-17.4764],[142.30707,-17.47108],[142.28955,-17.44386],[142.28055,-17.4361],[142.2622,-17.43121],[142.22652,-17.41373],[142.2094,-17.41089],[142.20118,-17.39924],[142.18465,-17.39569],[142.17543,-17.38961],[142.14776,-17.34124],[142.12189,-17.31823],[142.1123,-17.29948],[142.0966,-17.29045],[142.08927,-17.28227],[142.07781,-17.2576],[142.0809,-17.23602],[142.07563,-17.22875],[142.0569,-17.21638],[142.05563,-17.21044],[142.06442,-17.19044],[142.06454,-17.18111],[142.0472,-17.1565],[142.04308,-17.13517],[142.03126,-17.10637],[142.01466,-17.08437],[142.02544,-17.06449],[142.02538,-17.05843],[142.02096,-17.05298],[141.99968,-17.04325],[141.9694,-17.04472],[141.97269,-17.01898],[141.96784,-17.01635],[141.96027,-17.02334],[141.95726,-17.02198],[141.94834,-16.99957],[141.94031,-16.99158],[141.93637,-16.96883],[141.89913,-16.95124],[141.86722,-16.89531],[141.82051,-16.86674],[141.81451,-16.85122],[141.81821,-16.81264],[141.81002,-16.78819],[141.78964,-16.77636],[141.74002,-16.76508],[141.73056,-16.76035],[141.6921,-16.7205],[141.66226,-16.71516],[141.6514,-16.71001],[141.64606,-16.7043],[141.64097,-16.68683],[141.63521,-16.6784],[141.59857,-16.67246],[141.58468,-16.665],[141.56072,-16.64104],[141.52384,-16.63],[141.51165,-16.61854],[141.51013,-16.60602],[141.50392,-16.59932],[141.49158,-16.59307],[141.44781,-16.58116],[141.42308,-16.58103],[141.39208,-16.56104],[141.37392,-16.56169],[141.35922,-16.55853],[141.3097,-16.51785],[141.28977,-16.51234]]],"type":"Polygon"},"properties":{"area_sqkm":46552.89,"basin_no":"917","division":"Gulf","division_no":"IX","id":"gilbert","name":"Gilbert"},"type":"Feature"},
{"geometry":{"coordinates":[[[147.10162,-19.40057],[147.07911,-19.40801],[147.06459,-19.40795],[147.03288,-19.43058],[147.02962,-19.43796],[147.01909,-19.4399],[147.01165,-19.45708],[146.99474,-19.46196],[146.99505,-19.46963],[146.98223,-19.49068],[146.98149,-19.49817],[146.96222,-19.49448],[146.94552,-19.48413],[146.93547,-19.4981],[146.92118,-19.50179],[146.92432,-19.51188],[146.92219,-19.51685],[146.91245,-19.51279],[146.9035,-19.51596],[146.90252,-19.52666],[146.89619,-19.53368],[146.89016,-19.53581],[146.88499,-19.54476],[146.87838,-19.54767],[146.86931,-19.55861],[146.85035,-19.57112],[146.84795,-19.5816],[146.8255,-19.59104],[146.81213,-19.60755],[146.8101,-19.62],[146.79398,-19.63056],[146.79189,-19.64121],[146.78331,-19.65083],[146.78361,-19.6596],[146.77658,-19.66351],[146.78522,-19.68619],[146.77826,-19.69915],[146.76888,-19.69954],[146.76072,-19.69321],[146.75146,-19.69637],[146.73758,-19.68913],[146.7291,-19.68888],[146.72912,-19.68347],[146.74306,-19.66435],[146.73989,-19.6473],[146.73173,-19.64401],[146.72491,-19.64851],[146.72151,-19.64524],[146.71371,-19.64529],[146.70421,-19.63829],[146.7008,-19.63135],[146.68613,-19.62854],[146.68168,-19.61156],[146.65589,-19.60531],[146.65331,-19.59822],[146.65562,-19.58312],[146.64765,-19.56814],[146.6404,-19.56705],[146.62287,-19.55207],[146.60691,-19.53088],[146.59948,-19.5282],[146.59577,-19.51809],[146.58737,-19.50939],[146.58277,-19.51355],[146.57647,-19.51243],[146.5705,-19.51682],[146.56831,-19.52313],[146.56228,-19.52321],[146.55969,-19.54034],[146.55501,-19.54076],[146.55475,-19.54573],[146.5484,-19.54635],[146.54097,-19.55457],[146.54079,-19.56717],[146.5487,-19.56835],[146.54898,-19.57076],[146.5403,-19.5799],[146.54353,-19.58812],[146.54128,-19.59567],[146.5495,-19.60182],[146.55601,-19.61527],[146.55193,-19.628],[146.55315,-19.64693],[146.55802,-19.65375],[146.55391,-19.66364],[146.54986,-19.66569],[146.55713,-19.67582],[146.55345,-19.68134],[146.53087,-19.6881],[146.52654,-19.69589],[146.52752,-19.70027],[146.51302,-19.69248],[146.50036,-19.69291],[146.49878,-19.69668],[146.50298,-19.69973],[146.50249,-19.70549],[146.51497,-19.71032],[146.52331,-19.71757],[146.52356,-19.72719],[146.52654,-19.73072],[146.53093,-19.72493],[146.54408,-19.72311],[146.56076,-19.73291],[146.57479,-19.73545],[146.58,-19.73194],[146.59206,-19.74156],[146.58487,-19.76512],[146.59005,-19.77297],[146.5839,-19.77717],[146.58621,-19.79282],[146.58165,-19.80086],[146.58908,-19.81377],[146.59016,-19.83073],[146.58767,-19.83715],[146.60777,-19.85944],[146.62433,-19.86954],[146.63833,-19.87344],[146.63712,-19.88842],[146.64028,-19.90815],[146.65149,-19.90876],[146.66342,-19.90504],[146.67609,-19.90711],[146.68461,-19.90175],[146.70037,-19.90373],[146.70422,-19.90011],[146.70105,-19.89609],[146.7111,-19.8914],[146.71469,-19.89323],[146.72486,-19.89037],[146.72175,-19.90145],[146.73174,-19.90699],[146.73207,-19.91571],[146.73693,-19.91539],[146.74063,-19.90784],[146.74643,-19.90794],[146.75107,-19.92079],[146.78824,-19.94182],[146.80602,-19.9392],[146.80718,-19.93275],[146.81357,-19.93031],[146.82331,-19.93402],[146.82374,-19.94017],[146.82709,-19.9417],[146.83123,-19.93883],[146.83541,-19.92245],[146.84645,-19.92769],[146.8688,-19.92337],[146.87361,-19.9174],[146.88603,-19.93628],[146.89151,-19.93786],[146.90283,-19.93402],[146.91355,-19.94188],[146.91258,-19.95503],[146.92353,-19.96453],[146.92664,-19.97141],[146.9334,-19.97116],[146.94884,-19.98859],[146.95422,-19.98718],[146.95629,-19.98188],[146.9664,-19.98791],[146.97468,-19.97269],[146.9938,-19.9652],[147.01126,-19.97446],[147.021,-19.97286],[147.03407,-19.96327],[147.05172,-19.95994],[147.05935,-19.94974],[147.06279,-19.95675],[147.0702,-19.95393],[147.07335,-19.96096],[147.08703,-19.96798],[147.1035,-19.94887],[147.13038,-19.9411],[147.15214,-19.93532],[147.17429,-19.93964],[147.17779,-19.93297],[147.18236,-19.93122],[147.21526,-19.93281],[147.21283,-19.91132],[147.22216,-19.90088],[147.22245,-19.88977],[147.2321,-19.86054],[147.22771,-19.81639],[147.23292,-19.79525],[147.23018,-19.79406],[147.23854,-19.76291],[147.26262,-19.74189],[147.27066,-19.71031],[147.27514,-19.70506],[147.30226,-19.70288],[147.32188,-19.69764],[147.33677,-19.6875],[147.38183,-19.6442],[147.38142,-19.62338],[147.38528,-19.61747],[147.44753,-19.60138],[147.46664,-19.61839],[147.48292,-19.6261],[147.48748,-19.63245],[147.51485,-19.6399],[147.53328,-19.63121],[147.54622,-19.64531],[147.5632,-19.64287],[147.56752,-19.64906],[147.58709,-19.6565],[147.58686,-19.64008],[147.57349,-19.63232],[147.57143,-19.62683],[147.57662,-19.62834],[147.57896,-19.62519],[147.57645,-19.60964],[147.57346,-19.60596],[147.55397,-19.60161],[147.55174,-19.59481],[147.55568,-19.5905],[147.5736,-19.59679],[147.57166,-19.58157],[147.55936,-19.54951],[147.54533,-19.52607],[147.5514,-19.54174],[147.54867,-19.54598],[147.54247,-19.54222],[147.53957,-19.53124],[147.53602,-19.5293],[147.53744,-19.52593],[147.51847,-19.49871],[147.51742,-19.49113],[147.51421,-19.49186],[147.50518,-19.47283],[147.49309,-19.46267],[147.50773,-19.47971],[147.50912,-19.48549],[147.50125,-19.48462],[147.49702,-19.47513],[147.48763,-19.46582],[147.478,-19.44173],[147.47028,-19.40385],[147.46349,-19.3857],[147.43903,-19.33978],[147.41657,-19.31402],[147.39118,-19.30237],[147.42104,-19.322],[147.41762,-19.32492],[147.41764,-19.33224],[147.42623,-19.33683],[147.4271,-19.34442],[147.44543,-19.36368],[147.44804,-19.37685],[147.4544,-19.38502],[147.45377,-19.40395],[147.43941,-19.42209],[147.41468,-19.42605],[147.38923,-19.41765],[147.36031,-19.42069],[147.32676,-19.41578],[147.31864,-19.40889],[147.30629,-19.40837],[147.29229,-19.41246],[147.29244,-19.41628],[147.28283,-19.4223],[147.26261,-19.42666],[147.25537,-19.4377],[147.24233,-19.43086],[147.23116,-19.41846],[147.21134,-19.42305],[147.1852,-19.41114],[147.17618,-19.41044],[147.1631,-19.41583],[147.16217,-19.40531],[147.15125,-19.40792],[147.13599,-19.40625],[147.1368,-19.41541],[147.13371,-19.42041],[147.1216,-19.42486],[147.11731,-19.4074],[147.11105,-19.3966],[147.10162,-19.40057]]],"type":"Polygon"},"properties":{"area_sqkm":4063.04,"basin_no":"119","division":"North East Coast","division_no":"I","id":"haughton","name":"Haughton"},"type":"Feature"},
{"geometry":{"coordinates":[[[137.99882,-25.08311],[137.99906,-25.99687],[138.46123,-25.99678],[138.4574,-25.95638],[138.41077,-25.85519],[138.38647,-25.79449],[138.38244,-25.77458],[138.33986,-25.65596],[138.28918,-25.55376],[138.24895,-25.4848],[138.2374,-25.45879],[138.21649,-25.42754],[138.20115,-25.38647],[138.1562,-25.29867],[138.14696,-25.27133],[138.12036,-25.21501],[138.08898,-25.1636],[138.05221,-25.09092],[137.9988,-24.99705],[137.99882,-25.08311]]],"type":"Polygon"},"properties":{"area_sqkm":2800.81,"basin_no":"007","division":"Lake Eyre","division_no":"X","id":"hay","name":"Hay"},"type":"Feature"},
{"geometry":{"coordinates":[[[145.41707,-17.33168],[145.4104,-17.33069],[145.40435,-17.3426],[145.399,-17.34571],[145.39817,-17.35296],[145.39037,-17.35258],[145.37565,-17.363],[145.35999,-17.36649],[145.35874,-17.38434],[145.34452,-17.38246],[145.33261,-17.39039],[145.31158,-17.39007],[145.31059,-17.39981],[145.30246,-17.41092],[145.28295,-17.41041],[145.27235,-17.41609],[145.26623,-17.41122],[145.25862,-17.41266],[145.2628,-17.41852],[145.24927,-17.4242],[145.24513,-17.42983],[145.24877,-17.43499],[145.24814,-17.44634],[145.22868,-17.46175],[145.23007,-17.50416],[145.22369,-17.50753],[145.22159,-17.51595],[145.22604,-17.52028],[145.22526,-17.52906],[145.22069,-17.5293],[145.20571,-17.5198],[145.1843,-17.51427],[145.17943,-17.51589],[145.17943,-17.521],[145.17468,-17.52551],[145.16114,-17.53183],[145.15699,-17.53802],[145.14521,-17.53393],[145.13192,-17.5356],[145.128,-17.53323],[145.12403,-17.53893],[145.11664,-17.53869],[145.11062,-17.54909],[145.10491,-17.54711],[145.08554,-17.55962],[145.06437,-17.5634],[145.05547,-17.56852],[145.0484,-17.58884],[145.05075,-17.59885],[145.04647,-17.60368],[145.02023,-17.61597],[144.99901,-17.60836],[144.99235,-17.6124],[144.99103,-17.6276],[144.97908,-17.63487],[144.97998,-17.64183],[144.97466,-17.64592],[144.9743,-17.66145],[144.97236,-17.66463],[144.96751,-17.66316],[144.97236,-17.67991],[144.97103,-17.6927],[144.96638,-17.70142],[144.95736,-17.70856],[144.95866,-17.71379],[144.95181,-17.71896],[144.95121,-17.727],[144.95575,-17.73403],[144.96454,-17.73848],[144.96527,-17.74472],[144.95319,-17.75367],[144.94779,-17.7664],[144.94136,-17.77253],[144.938,-17.78707],[144.92912,-17.79241],[144.92073,-17.79069],[144.91453,-17.79557],[144.91304,-17.81168],[144.90605,-17.81938],[144.90761,-17.82748],[144.90041,-17.83025],[144.89526,-17.83955],[144.89737,-17.84387],[144.90569,-17.84785],[144.90076,-17.8523],[144.90797,-17.85998],[144.9049,-17.86557],[144.89587,-17.85982],[144.89189,-17.86574],[144.88682,-17.86383],[144.87938,-17.86607],[144.88184,-17.87452],[144.876,-17.87853],[144.87079,-17.88953],[144.87169,-17.89638],[144.86775,-17.90057],[144.87271,-17.90803],[144.87067,-17.94287],[144.87854,-17.95248],[144.861,-17.96774],[144.85433,-17.98155],[144.8608,-17.99921],[144.87076,-18.00917],[144.87393,-18.02035],[144.88053,-18.0253],[144.87522,-18.03202],[144.86795,-18.05683],[144.87186,-18.07821],[144.86178,-18.11182],[144.86227,-18.13162],[144.85286,-18.14365],[144.84479,-18.14726],[144.84412,-18.15575],[144.83349,-18.15813],[144.83416,-18.17341],[144.84143,-18.18441],[144.84082,-18.1965],[144.78791,-18.22889],[144.78458,-18.23351],[144.78444,-18.24544],[144.80966,-18.24746],[144.82719,-18.23848],[144.86172,-18.23005],[144.87467,-18.23029],[144.88176,-18.22351],[144.88738,-18.20713],[144.91047,-18.18886],[144.95312,-18.16986],[144.96253,-18.16931],[144.99235,-18.15385],[145.03896,-18.14468],[145.04263,-18.13964],[145.04107,-18.12751],[145.04887,-18.12595],[145.08845,-18.14786],[145.10076,-18.14516],[145.11181,-18.15249],[145.1195,-18.15369],[145.12292,-18.166],[145.13685,-18.15903],[145.14484,-18.16072],[145.16046,-18.1854],[145.15313,-18.19861],[145.15463,-18.20341],[145.17583,-18.20972],[145.17745,-18.21699],[145.19018,-18.22564],[145.19451,-18.23572],[145.20489,-18.23927],[145.20874,-18.24906],[145.21949,-18.25458],[145.22327,-18.26875],[145.23384,-18.27458],[145.23745,-18.2729],[145.24885,-18.2807],[145.25492,-18.29206],[145.27396,-18.29752],[145.28255,-18.31752],[145.29774,-18.32484],[145.31912,-18.32424],[145.32951,-18.31734],[145.3417,-18.31536],[145.34482,-18.31043],[145.36812,-18.33259],[145.40385,-18.31974],[145.40944,-18.30701],[145.42373,-18.31073],[145.42944,-18.30713],[145.43598,-18.30857],[145.44379,-18.31499],[145.44769,-18.33854],[145.45694,-18.35067],[145.46986,-18.35827],[145.47214,-18.36592],[145.48042,-18.36868],[145.49292,-18.38286],[145.49748,-18.38021],[145.50011,-18.37137],[145.52619,-18.35572],[145.53323,-18.34802],[145.54726,-18.34362],[145.60093,-18.35881],[145.61209,-18.37052],[145.6281,-18.37453],[145.65552,-18.40771],[145.67735,-18.41846],[145.67524,-18.42851],[145.68779,-18.43185],[145.68228,-18.43995],[145.69374,-18.44501],[145.70156,-18.4623],[145.7066,-18.46552],[145.7143,-18.47868],[145.71507,-18.48586],[145.7106,-18.493],[145.70855,-18.50891],[145.69942,-18.50689],[145.69588,-18.51556],[145.68701,-18.5141],[145.68717,-18.52958],[145.68289,-18.5328],[145.6838,-18.5359],[145.6998,-18.53789],[145.70902,-18.55859],[145.70203,-18.56287],[145.69945,-18.56943],[145.7036,-18.57232],[145.70179,-18.57996],[145.71058,-18.58965],[145.70938,-18.60566],[145.72021,-18.61168],[145.72292,-18.62534],[145.74097,-18.64009],[145.74092,-18.64737],[145.74645,-18.65766],[145.74483,-18.67445],[145.73869,-18.67903],[145.74135,-18.70006],[145.74041,-18.70397],[145.73592,-18.70563],[145.74459,-18.7152],[145.74417,-18.71989],[145.75012,-18.72405],[145.75614,-18.72386],[145.75816,-18.73198],[145.76559,-18.73283],[145.77107,-18.74311],[145.77637,-18.74108],[145.77846,-18.73642],[145.78527,-18.7365],[145.7977,-18.75006],[145.81199,-18.74764],[145.81813,-18.75185],[145.82445,-18.76888],[145.83156,-18.77201],[145.82722,-18.77755],[145.83288,-18.79103],[145.8318,-18.79789],[145.82642,-18.80293],[145.82515,-18.8091],[145.8312,-18.81643],[145.84257,-18.82239],[145.85708,-18.82293],[145.86099,-18.82702],[145.87387,-18.82805],[145.8841,-18.83118],[145.88891,-18.83653],[145.9033,-18.8387],[145.90733,-18.84977],[145.89987,-18.857],[145.90125,-18.86518],[145.91744,-18.86476],[145.93086,-18.85633],[145.93634,-18.85603],[145.94465,-18.86416],[145.94982,-18.86302],[145.96015,-18.86723],[145.95921,-18.87174],[145.96595,-18.87945],[145.97829,-18.87692],[145.9952,-18.88221],[146.00314,-18.87785],[146.01084,-18.89186],[146.00236,-18.9027],[146.02003,-18.90374],[146.02095,-18.91816],[146.02905,-18.9106],[146.03971,-18.91841],[146.05182,-18.91593],[146.06495,-18.90521],[146.07252,-18.90781],[146.07876,-18.91502],[146.08067,-18.92269],[146.0925,-18.92283],[146.10521,-18.93318],[146.11127,-18.93306],[146.11575,-18.92822],[146.13185,-18.9218],[146.14553,-18.92816],[146.15999,-18.92816],[146.16766,-18.93274],[146.1677,-18.93688],[146.19276,-18.94238],[146.1979,-18.93603],[146.19633,-18.9267],[146.20777,-18.91913],[146.22957,-18.93372],[146.23296,-18.94008],[146.26904,-18.94668],[146.27582,-18.94511],[146.28048,-18.94099],[146.28671,-18.92089],[146.29325,-18.91526],[146.29011,-18.90854],[146.29542,-18.89795],[146.28657,-18.88655],[146.28088,-18.86731],[146.27898,-18.86654],[146.28149,-18.87266],[146.27374,-18.8624],[146.26212,-18.86235],[146.26666,-18.86027],[146.26532,-18.85651],[146.27,-18.85582],[146.26919,-18.85369],[146.27359,-18.85698],[146.27252,-18.86015],[146.27623,-18.85379],[146.27681,-18.80878],[146.27573,-18.81247],[146.27367,-18.81134],[146.2773,-18.80655],[146.28912,-18.74257],[146.30426,-18.69832],[146.33836,-18.62992],[146.3377,-18.62331],[146.33241,-18.64016],[146.32642,-18.64487],[146.31355,-18.64589],[146.30971,-18.63986],[146.31244,-18.6274],[146.31387,-18.63847],[146.31867,-18.64168],[146.32232,-18.63898],[146.33849,-18.6065],[146.33743,-18.59089],[146.34136,-18.57571],[146.33869,-18.56477],[146.33046,-18.57242],[146.33386,-18.56177],[146.34499,-18.55937],[146.33536,-18.53179],[146.33714,-18.52597],[146.32507,-18.52376],[146.31595,-18.51771],[146.31665,-18.5285],[146.30879,-18.5307],[146.30284,-18.52797],[146.3109,-18.528],[146.31281,-18.52372],[146.31043,-18.51997],[146.30095,-18.5157],[146.29627,-18.5088],[146.28337,-18.5062],[146.2786,-18.50684],[146.27487,-18.51262],[146.27615,-18.51854],[146.28217,-18.52388],[146.27992,-18.52552],[146.2702,-18.51526],[146.27008,-18.50518],[146.26039,-18.50866],[146.25899,-18.50638],[146.2627,-18.50135],[146.24744,-18.49619],[146.22685,-18.49768],[146.21715,-18.50627],[146.21628,-18.51011],[146.21974,-18.51251],[146.20574,-18.51913],[146.19372,-18.53403],[146.18117,-18.52922],[146.18064,-18.52434],[146.16769,-18.51684],[146.14647,-18.51691],[146.12265,-18.50721],[146.11629,-18.49498],[146.1225,-18.48452],[146.11391,-18.48178],[146.11543,-18.47594],[146.11957,-18.47396],[146.11195,-18.47018],[146.10463,-18.45397],[146.09196,-18.44833],[146.09352,-18.43993],[146.10266,-18.43279],[146.09814,-18.42619],[146.09952,-18.41496],[146.0865,-18.4041],[146.0859,-18.39984],[146.0766,-18.40404],[146.05151,-18.39492],[146.04581,-18.38669],[146.03621,-18.38051],[146.03219,-18.36557],[146.01718,-18.36389],[146.01826,-18.35867],[146.01094,-18.35933],[145.98059,-18.34318],[145.98311,-18.33588],[145.97769,-18.33133],[145.98351,-18.32393],[145.9792,-18.3195],[145.98254,-18.31392],[145.98029,-18.31047],[145.9644,-18.29912],[145.94814,-18.30683],[145.94196,-18.29985],[145.93201,-18.29706],[145.91915,-18.30125],[145.9126,-18.297],[145.90241,-18.29755],[145.89157,-18.29929],[145.88384,-18.30434],[145.8765,-18.30367],[145.86679,-18.30986],[145.86504,-18.31605],[145.85515,-18.32141],[145.84308,-18.32114],[145.82828,-18.30992],[145.82616,-18.29955],[145.81675,-18.29451],[145.81627,-18.2862],[145.81196,-18.28379],[145.80426,-18.26898],[145.79847,-18.26731],[145.80608,-18.24368],[145.79431,-18.23098],[145.79431,-18.22127],[145.78072,-18.20316],[145.78157,-18.19552],[145.78806,-18.18981],[145.78545,-18.18041],[145.76925,-18.17436],[145.7658,-18.16792],[145.75648,-18.16426],[145.75112,-18.15627],[145.74408,-18.15961],[145.73461,-18.15656],[145.72758,-18.1661],[145.71369,-18.16658],[145.70393,-18.17714],[145.69671,-18.17447],[145.69443,-18.16966],[145.68615,-18.1687],[145.68348,-18.16409],[145.68712,-18.15876],[145.68706,-18.15117],[145.69847,-18.14948],[145.70247,-18.14347],[145.7015,-18.12824],[145.70894,-18.10522],[145.70405,-18.10004],[145.69034,-18.09519],[145.68875,-18.09164],[145.67602,-18.10186],[145.66498,-18.09864],[145.6594,-18.08991],[145.65401,-18.09071],[145.64545,-18.08584],[145.6412,-18.08002],[145.64284,-18.06716],[145.65232,-18.05449],[145.64757,-18.03483],[145.65309,-18.02943],[145.6497,-18.02676],[145.63502,-18.02749],[145.62297,-18.02005],[145.62228,-18.00699],[145.60756,-17.99879],[145.60638,-17.98874],[145.60016,-17.98575],[145.60171,-17.97928],[145.59537,-17.96899],[145.59579,-17.96438],[145.5886,-17.9642],[145.58561,-17.95989],[145.58777,-17.95522],[145.58573,-17.95013],[145.57328,-17.9518],[145.56256,-17.94025],[145.54993,-17.94456],[145.54485,-17.94255],[145.54688,-17.9366],[145.54418,-17.93043],[145.53544,-17.92493],[145.52844,-17.92535],[145.52395,-17.91846],[145.52245,-17.91092],[145.52539,-17.8999],[145.51837,-17.89494],[145.51968,-17.88704],[145.51737,-17.88583],[145.52353,-17.8653],[145.51851,-17.85797],[145.52907,-17.84985],[145.52803,-17.84532],[145.53455,-17.83058],[145.54508,-17.821],[145.54622,-17.80591],[145.54005,-17.8016],[145.54113,-17.7961],[145.5455,-17.78939],[145.55352,-17.78981],[145.55598,-17.78712],[145.54897,-17.77933],[145.54287,-17.75162],[145.53358,-17.74362],[145.54149,-17.73683],[145.54025,-17.73143],[145.53323,-17.72689],[145.52622,-17.71492],[145.52736,-17.69774],[145.54263,-17.67709],[145.55242,-17.67833],[145.54993,-17.6684],[145.55604,-17.66092],[145.54915,-17.63482],[145.55247,-17.62256],[145.5379,-17.60609],[145.53694,-17.59687],[145.52975,-17.5898],[145.53574,-17.57663],[145.53424,-17.56813],[145.54514,-17.56699],[145.55008,-17.55905],[145.53903,-17.5473],[145.54388,-17.5364],[145.53802,-17.52659],[145.54448,-17.50851],[145.54113,-17.5012],[145.4938,-17.4975],[145.47989,-17.48889],[145.4783,-17.48012],[145.49128,-17.45645],[145.48569,-17.45445],[145.47272,-17.44073],[145.4701,-17.41821],[145.46155,-17.41341],[145.45837,-17.40692],[145.46267,-17.40292],[145.45874,-17.39525],[145.46274,-17.39244],[145.46012,-17.38833],[145.46447,-17.37624],[145.45163,-17.37111],[145.45481,-17.36063],[145.44751,-17.35545],[145.44839,-17.35165],[145.44153,-17.35302],[145.43267,-17.34491],[145.42518,-17.34743],[145.41707,-17.33168]]],"type":"Polygon"},"properties":{"area_sqkm":9874.32,"basin_no":"116","division":"North East Coast","division_no":"I","id":"herbert","name":"Herbert"},"type":"Feature"},
{"geometry":{"coordinates":[[[146.22389,-18.19379],[146.22096,-18.20267],[146.22425,-18.2091],[146.22318,-18.22221],[146.21671,-18.22641],[146.22724,-18.23393],[146.23014,-18.24319],[146.22719,-18.24543],[146.2328,-18.25738],[146.24278,-18.26567],[146.23856,-18.26835],[146.23271,-18.26557],[146.23003,-18.27055],[146.23225,-18.28074],[146.22545,-18.27763],[146.22932,-18.28458],[146.1974,-18.27817],[146.18158,-18.2647],[146.16876,-18.2633],[146.15608,-18.25581],[146.14966,-18.24472],[146.14246,-18.24631],[146.12367,-18.23386],[146.10512,-18.2341],[146.07065,-18.2469],[146.10098,-18.28598],[146.11362,-18.29179],[146.12079,-18.30022],[146.14418,-18.30852],[146.15511,-18.31616],[146.17137,-18.34605],[146.1767,-18.3496],[146.17723,-18.35492],[146.20254,-18.38178],[146.20723,-18.40255],[146.2023,-18.41261],[146.20457,-18.41821],[146.20134,-18.42264],[146.20105,-18.43766],[146.20493,-18.44543],[146.21466,-18.45301],[146.22223,-18.47668],[146.24588,-18.48811],[146.28797,-18.4881],[146.30457,-18.49332],[146.32839,-18.48299],[146.33005,-18.47416],[146.32594,-18.46125],[146.32792,-18.44624],[146.33287,-18.44685],[146.33159,-18.44369],[146.33586,-18.43894],[146.33714,-18.43059],[146.34384,-18.43121],[146.35166,-18.42441],[146.35094,-18.42061],[146.3577,-18.41955],[146.33797,-18.41031],[146.33849,-18.40695],[146.33243,-18.40032],[146.32807,-18.39938],[146.32657,-18.4023],[146.32279,-18.39898],[146.3264,-18.38143],[146.33425,-18.38606],[146.33983,-18.38147],[146.33815,-18.37632],[146.3288,-18.3708],[146.3346,-18.36942],[146.33179,-18.36301],[146.31796,-18.35282],[146.31336,-18.35681],[146.31104,-18.35366],[146.30892,-18.35626],[146.30438,-18.35526],[146.29946,-18.33974],[146.28891,-18.334],[146.29003,-18.32685],[146.27788,-18.32263],[146.27461,-18.31687],[146.27588,-18.29849],[146.286,-18.26843],[146.29556,-18.24889],[146.30547,-18.24036],[146.30075,-18.23996],[146.30208,-18.23579],[146.29796,-18.23209],[146.28345,-18.23968],[146.2502,-18.2382],[146.24175,-18.2239],[146.23282,-18.22139],[146.22813,-18.20534],[146.23126,-18.19669],[146.22917,-18.19479],[146.22586,-18.19727],[146.22389,-18.19379]]],"type":"Polygon"},"properties":{"area_sqkm":397.39,"basin_no":"115","division":"North East Coast","division_no":"I","id":"hinchinbrook_island","name":"Hinchinbrook Island"},"type":"Feature"},
{"geometry":{"coordinates":[[[142.00589,-13.81309],[141.99628,-13.82621],[141.95458,-13.84786],[141.93706,-13.86644],[141.9063,-13.88165],[141.89565,-13.89354],[141.8753,-13.89638],[141.84501,-13.91726],[141.82348,-13.92324],[141.79851,-13.94974],[141.78467,-13.95725],[141.7713,-13.95761],[141.76041,-13.96832],[141.73533,-13.97891],[141.72681,-13.99322],[141.68089,-14.02603],[141.6665,-14.02857],[141.65777,-14.02562],[141.65104,-14.00892],[141.63665,-14.00208],[141.62616,-14.00774],[141.63205,-14.02739],[141.63051,-14.03506],[141.61647,-14.0465],[141.60762,-14.04461],[141.5993,-14.02568],[141.59004,-14.01948],[141.57724,-14.01759],[141.54543,-14.0282],[141.57739,-14.06444],[141.59445,-14.10211],[141.59818,-14.10177],[141.59634,-14.10698],[141.59964,-14.13519],[141.59366,-14.16298],[141.59844,-14.16296],[141.60402,-14.16772],[141.6071,-14.18155],[141.61306,-14.18322],[141.60617,-14.18383],[141.60086,-14.17142],[141.59497,-14.17697],[141.60179,-14.20977],[141.59844,-14.25465],[141.61175,-14.26556],[141.62739,-14.28862],[141.64703,-14.29977],[141.67724,-14.30243],[141.72963,-14.3288],[141.77116,-14.33204],[141.80089,-14.34361],[141.81429,-14.3531],[141.82603,-14.37039],[141.84101,-14.38484],[141.84933,-14.40626],[141.84349,-14.41452],[141.85552,-14.42585],[141.86921,-14.42579],[141.88691,-14.43157],[141.91183,-14.45389],[141.93859,-14.45157],[141.95086,-14.45517],[141.9662,-14.46384],[141.97658,-14.47717],[141.997,-14.49121],[142.01086,-14.49246],[142.01612,-14.50261],[142.0259,-14.5029],[142.05097,-14.51293],[142.09501,-14.51991],[142.119,-14.51794],[142.14406,-14.51114],[142.18667,-14.50929],[142.21448,-14.50356],[142.27272,-14.51126],[142.28125,-14.50445],[142.2896,-14.48949],[142.30921,-14.48396],[142.32058,-14.46935],[142.34126,-14.45639],[142.34957,-14.44213],[142.35652,-14.43653],[142.37372,-14.431],[142.44441,-14.42575],[142.45607,-14.40661],[142.48541,-14.39936],[142.50194,-14.40359],[142.51668,-14.41338],[142.53716,-14.43515],[142.55515,-14.43834],[142.57663,-14.45256],[142.58324,-14.45238],[142.58783,-14.4462],[142.59535,-14.44887],[142.60011,-14.4571],[142.60648,-14.46093],[142.60642,-14.47102],[142.61144,-14.48518],[142.63162,-14.49002],[142.64955,-14.50541],[142.67502,-14.51404],[142.68644,-14.53474],[142.71536,-14.54974],[142.71779,-14.56235],[142.72285,-14.56818],[142.74356,-14.56634],[142.76522,-14.55527],[142.77711,-14.56134],[142.79472,-14.56247],[142.80282,-14.56729],[142.80835,-14.58008],[142.81555,-14.58639],[142.83459,-14.5893],[142.89528,-14.5661],[142.90509,-14.53248],[142.91907,-14.53207],[142.9205,-14.52737],[142.91711,-14.52058],[142.91985,-14.51511],[142.92978,-14.51386],[142.93091,-14.50595],[142.9371,-14.49833],[142.93582,-14.49486],[142.95175,-14.48754],[142.95039,-14.47562],[142.96685,-14.45663],[142.96821,-14.44176],[142.97328,-14.43214],[142.98019,-14.43491],[142.98479,-14.43019],[142.99641,-14.45544],[143.00847,-14.45572],[143.01296,-14.45881],[143.01878,-14.4667],[143.02588,-14.49298],[143.03431,-14.4912],[143.03965,-14.49714],[143.04905,-14.49787],[143.05469,-14.48501],[143.05354,-14.47792],[143.05748,-14.47373],[143.05633,-14.46833],[143.06031,-14.46503],[143.05728,-14.45241],[143.06555,-14.45196],[143.06718,-14.43746],[143.07139,-14.43534],[143.07071,-14.44146],[143.07507,-14.4431],[143.08908,-14.43837],[143.08805,-14.43085],[143.09418,-14.4246],[143.09514,-14.41696],[143.09848,-14.42036],[143.10576,-14.41848],[143.11462,-14.4229],[143.12317,-14.41957],[143.12808,-14.40707],[143.14264,-14.40076],[143.15453,-14.38578],[143.16108,-14.36686],[143.15634,-14.36176],[143.17464,-14.36712],[143.18952,-14.36134],[143.19583,-14.35267],[143.20372,-14.33077],[143.21172,-14.32865],[143.21518,-14.31451],[143.22852,-14.31154],[143.23447,-14.32015],[143.2472,-14.32143],[143.26261,-14.31257],[143.27147,-14.32094],[143.28626,-14.32203],[143.29561,-14.31664],[143.30652,-14.29929],[143.32557,-14.30111],[143.34104,-14.29256],[143.35856,-14.29996],[143.371,-14.29031],[143.36979,-14.28516],[143.37822,-14.27891],[143.37761,-14.26435],[143.36936,-14.25817],[143.36281,-14.26096],[143.35681,-14.25853],[143.35929,-14.24009],[143.3525,-14.22917],[143.35741,-14.22165],[143.35347,-14.21565],[143.33988,-14.22001],[143.33182,-14.21783],[143.32411,-14.21079],[143.3172,-14.2171],[143.31132,-14.21195],[143.30858,-14.21425],[143.28886,-14.21345],[143.28517,-14.21741],[143.27523,-14.20976],[143.28087,-14.19776],[143.26552,-14.17737],[143.26402,-14.1708],[143.2694,-14.16658],[143.26783,-14.16027],[143.24387,-14.14013],[143.23744,-14.12934],[143.23695,-14.10696],[143.24435,-14.09859],[143.2341,-14.08821],[143.23362,-14.0836],[143.22076,-14.08069],[143.22221,-14.07275],[143.21791,-14.06553],[143.2187,-14.06037],[143.21348,-14.05861],[143.21421,-14.05067],[143.20741,-14.04952],[143.20353,-14.04448],[143.18734,-14.04764],[143.18388,-14.03605],[143.17442,-14.03939],[143.16465,-14.03684],[143.16262,-14.04305],[143.15419,-14.04029],[143.15582,-14.04895],[143.15159,-14.04831],[143.13196,-14.07348],[143.1205,-14.07238],[143.11656,-14.07584],[143.10503,-14.07135],[143.09763,-14.08142],[143.09047,-14.08561],[143.05863,-14.08633],[143.05669,-14.10253],[143.04525,-14.10836],[143.04187,-14.11344],[143.03261,-14.09992],[143.02727,-14.09743],[143.02115,-14.08421],[143.01005,-14.07954],[143.00131,-14.0684],[142.98597,-14.0605],[142.97891,-14.04117],[142.96346,-14.01515],[142.95658,-14.02073],[142.93794,-14.0156],[142.92661,-14.01885],[142.9213,-14.01719],[142.92012,-14.01053],[142.91635,-14.00787],[142.90148,-14.01129],[142.88921,-14.0028],[142.86844,-14.00162],[142.85917,-13.99593],[142.85519,-13.98863],[142.83098,-13.99207],[142.82197,-13.99011],[142.81639,-13.99403],[142.81134,-13.98643],[142.80915,-13.97118],[142.77307,-13.96679],[142.74328,-13.94591],[142.72738,-13.94502],[142.69107,-13.96822],[142.69504,-13.97445],[142.69065,-13.98358],[142.6754,-13.9916],[142.6501,-13.99711],[142.62545,-13.99049],[142.61684,-13.97658],[142.5915,-13.96294],[142.58468,-13.95582],[142.59061,-13.9468],[142.58806,-13.93422],[142.59168,-13.92852],[142.58509,-13.92235],[142.59643,-13.91618],[142.59471,-13.90918],[142.58717,-13.90526],[142.57987,-13.89506],[142.55697,-13.8909],[142.55193,-13.88384],[142.54423,-13.88465],[142.53858,-13.87969],[142.527,-13.88859],[142.52416,-13.90158],[142.50938,-13.90313],[142.49535,-13.89348],[142.49317,-13.87651],[142.48398,-13.86739],[142.44252,-13.85714],[142.43239,-13.87275],[142.40071,-13.87298],[142.39747,-13.8658],[142.40465,-13.85496],[142.40448,-13.85001],[142.38799,-13.84566],[142.36708,-13.85113],[142.35226,-13.83063],[142.32803,-13.83529],[142.27856,-13.82987],[142.24841,-13.84289],[142.23216,-13.83311],[142.2126,-13.83364],[142.18999,-13.81644],[142.14452,-13.80997],[142.12874,-13.80237],[142.1177,-13.80272],[142.10189,-13.8102],[142.08327,-13.79719],[142.07126,-13.7933],[142.06013,-13.79401],[142.04417,-13.80308],[142.02839,-13.80261],[142.01496,-13.81221],[142.00589,-13.81309]]],"type":"Polygon"},"properties":{"area_sqkm":10324.38,"basin_no":"921","division":"Gulf","division_no":"IX","id":"holroyd","name":"Holroyd"},"type":"Feature"},
{"geometry":{"coordinates":[[[142.55395,-10.72011],[142.53083,-10.73391],[142.52815,-10.74142],[142.52192,-10.743],[142.51458,-10.76295],[142.50448,-10.77521],[142.47343,-10.79438],[142.46974,-10.79732],[142.47048,-10.80418],[142.46385,-10.80714],[142.45966,-10.81435],[142.45274,-10.81592],[142.45623,-10.82586],[142.46317,-10.82932],[142.46013,-10.83197],[142.46065,-10.84104],[142.43685,-10.84887],[142.43949,-10.85243],[142.43757,-10.86185],[142.44705,-10.88406],[142.44792,-10.9033],[142.43449,-10.90819],[142.43071,-10.91598],[142.42391,-10.91981],[142.41201,-10.92061],[142.40949,-10.92888],[142.39577,-10.9379],[142.39129,-10.95011],[142.39693,-10.95941],[142.39461,-10.96941],[142.38257,-10.98138],[142.38211,-10.99342],[142.36641,-10.99755],[142.36723,-11.00675],[142.37833,-11.01528],[142.37378,-11.02547],[142.37629,-11.03558],[142.36994,-11.04851],[142.37131,-11.0649],[142.38359,-11.07407],[142.40173,-11.0744],[142.42205,-11.06359],[142.44524,-11.06183],[142.46374,-11.06792],[142.47241,-11.0664],[142.48412,-11.07512],[142.50072,-11.06026],[142.52099,-11.0619],[142.534,-11.05938],[142.56294,-11.07127],[142.58111,-11.07005],[142.58603,-11.07608],[142.59499,-11.07549],[142.6022,-11.09114],[142.59569,-11.10063],[142.60806,-11.10901],[142.61655,-11.10754],[142.6363,-11.11563],[142.64925,-11.1117],[142.65862,-11.12172],[142.66038,-11.13643],[142.66759,-11.13953],[142.67409,-11.14949],[142.69471,-11.154],[142.71323,-11.16496],[142.70579,-11.17311],[142.69169,-11.17587],[142.69378,-11.18371],[142.68323,-11.19273],[142.68446,-11.20316],[142.68147,-11.20973],[142.68563,-11.21875],[142.68475,-11.22619],[142.69711,-11.23381],[142.69823,-11.24336],[142.70485,-11.24875],[142.70585,-11.25525],[142.72372,-11.26351],[142.72161,-11.27781],[142.73655,-11.30435],[142.77434,-11.31953],[142.78055,-11.32404],[142.78008,-11.33365],[142.78723,-11.33974],[142.79848,-11.33886],[142.80053,-11.34607],[142.80844,-11.35257],[142.80486,-11.36634],[142.81441,-11.37337],[142.81664,-11.38034],[142.80727,-11.38655],[142.81131,-11.40565],[142.8034,-11.41456],[142.80147,-11.4544],[142.78676,-11.46518],[142.77412,-11.49954],[142.77593,-11.51483],[142.78853,-11.52358],[142.7939,-11.53478],[142.79454,-11.54225],[142.7848,-11.55346],[142.79099,-11.57715],[142.78322,-11.58439],[142.76834,-11.58713],[142.762,-11.59633],[142.76344,-11.60049],[142.75066,-11.60831],[142.73923,-11.62057],[142.74179,-11.63148],[142.73514,-11.63539],[142.72545,-11.65546],[142.71921,-11.6606],[142.72102,-11.67005],[142.70071,-11.68709],[142.70054,-11.69736],[142.69242,-11.70518],[142.69421,-11.7269],[142.68665,-11.72835],[142.68215,-11.73494],[142.68723,-11.74334],[142.68291,-11.75828],[142.67684,-11.76319],[142.67375,-11.77118],[142.66074,-11.77894],[142.66803,-11.79505],[142.67066,-11.82107],[142.65006,-11.83053],[142.63635,-11.84231],[142.64166,-11.85037],[142.6395,-11.85988],[142.64382,-11.86589],[142.64335,-11.87674],[142.64942,-11.8869],[142.63378,-11.90224],[142.62182,-11.9065],[142.61802,-11.91202],[142.61709,-11.92904],[142.62538,-11.93136],[142.64504,-11.94893],[142.65449,-11.95126],[142.65905,-11.95896],[142.66868,-11.96498],[142.66879,-11.9784],[142.68081,-11.9868],[142.67664,-12.014],[142.66788,-12.02885],[142.67682,-12.04042],[142.67951,-12.05415],[142.6874,-12.06111],[142.6869,-12.06643],[142.70627,-12.07408],[142.7189,-12.06999],[142.75156,-12.06789],[142.7598,-12.07093],[142.76495,-12.07695],[142.77617,-12.07566],[142.78248,-12.07981],[142.80334,-12.08089],[142.81252,-12.08822],[142.81616,-12.10333],[142.82397,-12.10581],[142.8266,-12.10985],[142.83309,-12.10903],[142.83823,-12.1123],[142.85021,-12.09857],[142.85635,-12.09927],[142.85979,-12.09611],[142.86494,-12.10213],[142.86552,-12.11125],[142.88405,-12.132],[142.89026,-12.12596],[142.90153,-12.13209],[142.91807,-12.13019],[142.91017,-12.12288],[142.9076,-12.113],[142.91625,-12.10003],[142.91721,-12.09315],[142.91368,-12.09202],[142.91356,-12.08589],[142.91934,-12.08028],[142.92016,-12.0735],[142.92648,-12.06882],[142.92127,-12.06099],[142.92431,-12.04603],[142.94097,-12.03855],[143.00034,-12.05649],[143.01091,-12.05512],[143.01572,-12.05091],[143.02096,-12.02871],[143.05065,-12.03002],[143.06331,-12.03695],[143.07041,-12.05019],[143.09145,-12.05911],[143.1066,-12.06109],[143.12123,-12.07471],[143.13797,-12.08208],[143.14659,-12.0698],[143.15181,-12.05419],[143.16099,-12.04556],[143.16703,-12.02962],[143.17825,-12.01289],[143.18534,-11.99109],[143.21104,-11.97478],[143.21693,-11.97457],[143.22108,-11.98392],[143.22767,-11.98853],[143.23738,-11.98477],[143.23681,-11.98136],[143.24488,-11.97245],[143.24152,-11.96538],[143.23243,-11.96431],[143.232,-11.95976],[143.22474,-11.95358],[143.21922,-11.95368],[143.21576,-11.95891],[143.2124,-11.95341],[143.20818,-11.96331],[143.17329,-11.97327],[143.17024,-11.98313],[143.1618,-11.95402],[143.15095,-11.94705],[143.14854,-11.941],[143.14688,-11.9184],[143.14042,-11.91769],[143.13684,-11.91029],[143.13168,-11.91157],[143.12172,-11.90465],[143.11781,-11.90653],[143.11256,-11.90304],[143.10894,-11.90583],[143.10574,-11.89669],[143.09809,-11.89219],[143.09695,-11.90045],[143.06855,-11.91768],[143.06317,-11.92613],[143.06018,-11.92322],[143.03822,-11.93347],[143.01586,-11.93736],[142.99534,-11.93519],[142.98295,-11.92925],[142.97488,-11.93251],[142.96022,-11.92133],[142.9604,-11.91705],[142.94542,-11.90001],[142.92883,-11.89221],[142.91703,-11.89454],[142.91249,-11.89265],[142.90077,-11.87168],[142.89143,-11.87353],[142.88028,-11.87052],[142.87286,-11.86303],[142.87069,-11.8535],[142.85638,-11.84491],[142.85286,-11.82813],[142.85464,-11.81548],[142.85028,-11.8058],[142.85499,-11.77903],[142.86026,-11.76657],[142.8602,-11.75708],[142.85652,-11.7537],[142.8618,-11.75263],[142.86267,-11.7479],[142.8576,-11.71604],[142.86117,-11.69021],[142.85839,-11.66923],[142.85922,-11.63577],[142.85206,-11.62003],[142.85191,-11.58738],[142.83413,-11.56006],[142.83923,-11.4934],[142.83332,-11.49019],[142.82582,-11.47766],[142.83328,-11.43097],[142.86825,-11.38237],[142.86216,-11.37552],[142.86305,-11.35859],[142.85653,-11.35521],[142.85492,-11.34302],[142.84042,-11.31995],[142.82797,-11.31434],[142.81936,-11.29183],[142.8063,-11.2938],[142.79957,-11.28972],[142.79174,-11.27659],[142.79423,-11.27001],[142.79307,-11.25239],[142.79051,-11.24699],[142.78944,-11.25041],[142.78772,-11.24733],[142.78694,-11.229],[142.78262,-11.22338],[142.78752,-11.2169],[142.79425,-11.19446],[142.79896,-11.15636],[142.79168,-11.14365],[142.79211,-11.1321],[142.78707,-11.12676],[142.78985,-11.10396],[142.78642,-11.09091],[142.78813,-11.08211],[142.78004,-11.07001],[142.77917,-11.06296],[142.77513,-11.06624],[142.77021,-11.06269],[142.76458,-11.05567],[142.76835,-11.05354],[142.76706,-11.04785],[142.75654,-11.04324],[142.75473,-11.03398],[142.74876,-11.02702],[142.75216,-11.00975],[142.74609,-11.00306],[142.74697,-10.99362],[142.73077,-10.98427],[142.72747,-10.97333],[142.72241,-10.97222],[142.71884,-10.96194],[142.71592,-10.96108],[142.71322,-10.96864],[142.70196,-10.97637],[142.69015,-10.97593],[142.68255,-10.97169],[142.67472,-10.97374],[142.66844,-10.97887],[142.66745,-10.98508],[142.66424,-10.98491],[142.6554,-10.99686],[142.65157,-10.99725],[142.65133,-10.99285],[142.65669,-10.9894],[142.65863,-10.98374],[142.65819,-10.97789],[142.66467,-10.97298],[142.66571,-10.96206],[142.67016,-10.96356],[142.67566,-10.95382],[142.66682,-10.94427],[142.64254,-10.93802],[142.61865,-10.94369],[142.61474,-10.93913],[142.61149,-10.94027],[142.60907,-10.93719],[142.61125,-10.93063],[142.62074,-10.92006],[142.61886,-10.89663],[142.60405,-10.87745],[142.59066,-10.86809],[142.58604,-10.87152],[142.58898,-10.87978],[142.58717,-10.88224],[142.57841,-10.87797],[142.57606,-10.86952],[142.56426,-10.87825],[142.55761,-10.87502],[142.55763,-10.88273],[142.54911,-10.8894],[142.54457,-10.90119],[142.54571,-10.92267],[142.55575,-10.92951],[142.55471,-10.93195],[142.53758,-10.92772],[142.53248,-10.92192],[142.51402,-10.94013],[142.50883,-10.95497],[142.49902,-10.96877],[142.48292,-10.97784],[142.46461,-10.97158],[142.46992,-10.96944],[142.48264,-10.97142],[142.50125,-10.95366],[142.49778,-10.93833],[142.50688,-10.92579],[142.50596,-10.91503],[142.51406,-10.91398],[142.51814,-10.90767],[142.51927,-10.89286],[142.514,-10.88279],[142.51446,-10.86386],[142.51972,-10.84774],[142.52494,-10.84259],[142.53395,-10.8438],[142.54124,-10.84105],[142.54586,-10.83338],[142.55058,-10.83249],[142.5558,-10.82226],[142.55947,-10.8223],[142.55911,-10.81687],[142.568,-10.79584],[142.57309,-10.79348],[142.58024,-10.79615],[142.58335,-10.78437],[142.5896,-10.78233],[142.58679,-10.77822],[142.59114,-10.77077],[142.60125,-10.76507],[142.5979,-10.76254],[142.60043,-10.7558],[142.61029,-10.75119],[142.6007,-10.74316],[142.5946,-10.74249],[142.5932,-10.73474],[142.58453,-10.73435],[142.58326,-10.7254],[142.57516,-10.73365],[142.57112,-10.73094],[142.57159,-10.72492],[142.56822,-10.72206],[142.56019,-10.72812],[142.55395,-10.72011]]],"type":"Polygon"},"properties":{"area_sqkm":2975.0,"basin_no":"101","division":"North East Coast","division_no":"I","id":"jacky_jacky","name":"Jacky Jacky"},"type":"Feature"},
{"geometry":{"coordinates":[[[142.55482,-10.71936],[142.55172,-10.71233],[142.55372,-10.70836],[142.54963,-10.71342],[142.54249,-10.70999],[142.53817,-10.70127],[142.54193,-10.69664],[142.53152,-10.68753],[142.52882,-10.69551],[142.51913,-10.70104],[142.51243,-10.69977],[142.51139,-10.70932],[142.49946,-10.7158],[142.4624,-10.72075],[142.44636,-10.71724],[142.43902,-10.70811],[142.42871,-10.71961],[142.42939,-10.72313],[142.42436,-10.72581],[142.42624,-10.73969],[142.41349,-10.76286],[142.41064,-10.78484],[142.40129,-10.80197],[142.39778,-10.80323],[142.39288,-10.82322],[142.3795,-10.83842],[142.36619,-10.84596],[142.36494,-10.85801],[142.36116,-10.86009],[142.35171,-10.88303],[142.33467,-10.89015],[142.3233,-10.90143],[142.3092,-10.90144],[142.28468,-10.91744],[142.27098,-10.91191],[142.26068,-10.9151],[142.24957,-10.90896],[142.23172,-10.91972],[142.21453,-10.92125],[142.21875,-10.92942],[142.2143,-10.94011],[142.21154,-10.94008],[142.2061,-10.92405],[142.19921,-10.91936],[142.20666,-10.91417],[142.19535,-10.91444],[142.17743,-10.9208],[142.14473,-10.94062],[142.13626,-10.9503],[142.13366,-10.94793],[142.13604,-10.95231],[142.12982,-10.96292],[142.13063,-10.97268],[142.12616,-10.98246],[142.13218,-10.99182],[142.13491,-11.00555],[142.15802,-10.99814],[142.17705,-11.01428],[142.18946,-11.00989],[142.19128,-11.01645],[142.19912,-11.02201],[142.20627,-11.03589],[142.20925,-11.06259],[142.22091,-11.06845],[142.22272,-11.077],[142.23305,-11.09393],[142.24556,-11.09234],[142.24978,-11.09474],[142.24831,-11.1092],[142.25136,-11.11717],[142.25821,-11.12337],[142.25077,-11.13257],[142.25218,-11.14422],[142.2462,-11.16126],[142.24743,-11.16882],[142.26553,-11.19423],[142.28321,-11.23171],[142.3006,-11.24043],[142.3163,-11.2659],[142.31196,-11.28183],[142.32343,-11.30208],[142.34013,-11.32282],[142.33767,-11.34039],[142.34528,-11.35444],[142.34353,-11.36709],[142.35307,-11.38138],[142.35143,-11.39075],[142.36783,-11.41288],[142.37099,-11.42506],[142.36953,-11.43724],[142.37696,-11.44093],[142.38106,-11.45282],[142.38481,-11.4551],[142.40168,-11.45709],[142.41104,-11.45505],[142.41526,-11.45768],[142.41854,-11.47144],[142.43142,-11.48971],[142.42723,-11.50442],[142.43426,-11.51215],[142.43713,-11.5227],[142.45014,-11.52686],[142.45741,-11.52024],[142.46251,-11.53243],[142.46087,-11.5404],[142.46942,-11.54673],[142.48073,-11.56466],[142.49386,-11.57387],[142.50867,-11.57393],[142.51584,-11.56408],[142.52897,-11.56291],[142.53717,-11.57038],[142.53936,-11.57692],[142.54412,-11.57685],[142.55173,-11.58579],[142.55214,-11.60143],[142.55808,-11.60099],[142.56941,-11.60814],[142.57974,-11.60207],[142.58447,-11.61421],[142.58861,-11.6173],[142.58826,-11.62302],[142.59402,-11.6251],[142.59678,-11.63749],[142.60764,-11.64117],[142.61108,-11.65243],[142.61954,-11.65605],[142.62549,-11.67087],[142.64412,-11.67959],[142.65508,-11.67985],[142.66033,-11.68301],[142.67655,-11.67758],[142.69366,-11.68015],[142.70207,-11.68499],[142.70678,-11.68003],[142.71331,-11.67875],[142.72102,-11.67005],[142.71921,-11.6606],[142.72545,-11.65546],[142.73514,-11.63539],[142.74179,-11.63148],[142.73923,-11.62057],[142.75066,-11.60831],[142.76344,-11.60049],[142.762,-11.59633],[142.76834,-11.58713],[142.78229,-11.58479],[142.79081,-11.57762],[142.7848,-11.55346],[142.79454,-11.54225],[142.7939,-11.53478],[142.78853,-11.52358],[142.77593,-11.51483],[142.77412,-11.49954],[142.78676,-11.46518],[142.80147,-11.4544],[142.8034,-11.41456],[142.81131,-11.40565],[142.80727,-11.38655],[142.81664,-11.38058],[142.81441,-11.37337],[142.80486,-11.36634],[142.80844,-11.35257],[142.80053,-11.34607],[142.79848,-11.33886],[142.78723,-11.33974],[142.78008,-11.33365],[142.78055,-11.32404],[142.77434,-11.31953],[142.73655,-11.30435],[142.72161,-11.27781],[142.72372,-11.26351],[142.70585,-11.25525],[142.70485,-11.24875],[142.69823,-11.24336],[142.69711,-11.23381],[142.68475,-11.22619],[142.68563,-11.21875],[142.68147,-11.20973],[142.68446,-11.20316],[142.68323,-11.19273],[142.69378,-11.18371],[142.69169,-11.17587],[142.70579,-11.17311],[142.71293,-11.16824],[142.71317,-11.16479],[142.69471,-11.154],[142.67409,-11.14949],[142.66759,-11.13953],[142.66038,-11.13643],[142.65862,-11.12172],[142.64878,-11.11141],[142.63559,-11.11557],[142.61655,-11.10754],[142.60806,-11.10901],[142.6005,-11.10163],[142.59634,-11.10145],[142.59616,-11.09735],[142.6022,-11.09114],[142.59692,-11.07801],[142.59353,-11.07479],[142.58521,-11.07573],[142.58157,-11.07016],[142.56365,-11.07145],[142.5333,-11.05926],[142.52099,-11.0619],[142.50119,-11.0602],[142.48342,-11.07512],[142.47241,-11.0664],[142.46374,-11.06792],[142.43329,-11.06095],[142.41028,-11.06848],[142.40338,-11.07413],[142.39279,-11.07235],[142.3872,-11.0747],[142.37268,-11.06741],[142.37059,-11.06211],[142.36994,-11.04851],[142.37629,-11.03558],[142.37378,-11.02547],[142.37833,-11.01528],[142.36723,-11.00675],[142.36641,-10.99755],[142.38211,-10.99342],[142.38257,-10.98138],[142.39461,-10.96941],[142.39693,-10.95941],[142.39129,-10.95011],[142.39577,-10.9379],[142.40949,-10.92888],[142.41201,-10.92061],[142.42391,-10.91981],[142.43071,-10.91598],[142.43449,-10.90819],[142.44792,-10.9033],[142.44705,-10.88406],[142.43757,-10.86185],[142.43949,-10.85243],[142.43685,-10.84887],[142.46065,-10.84104],[142.46013,-10.83197],[142.46317,-10.82932],[142.45623,-10.82586],[142.45274,-10.81592],[142.45966,-10.81435],[142.46385,-10.80714],[142.47048,-10.80418],[142.46974,-10.79732],[142.47343,-10.79438],[142.50448,-10.77521],[142.51458,-10.76295],[142.52192,-10.743],[142.52815,-10.74142],[142.53083,-10.73391],[142.55482,-10.71936]]],"type":"Polygon"},"properties":{"area_sqkm":3294.7,"basin_no":"927","division":"Gulf","division_no":"IX","id":"jardine","name":"Jardine"},"type":"Feature"},
{"geometry":{"coordinates":[[[144.19673,-14.26209],[144.20872,-14.27669],[144.22062,-14.28274],[144.23435,-14.28209],[144.24686,-14.28915],[144.24923,-14.29653],[144.2568,-14.30293],[144.261,-14.31983],[144.27199,-14.32301],[144.28581,-14.34395],[144.28764,-14.34883],[144.28246,-14.3653],[144.27235,-14.38459],[144.25823,-14.39264],[144.25792,-14.40827],[144.26329,-14.40911],[144.26982,-14.41634],[144.27752,-14.41687],[144.27987,-14.42076],[144.29662,-14.42193],[144.30375,-14.42917],[144.32422,-14.42858],[144.3428,-14.4214],[144.35392,-14.40794],[144.37139,-14.40411],[144.3768,-14.39711],[144.39562,-14.4174],[144.40167,-14.44728],[144.39945,-14.45384],[144.41067,-14.46204],[144.41197,-14.46975],[144.42085,-14.47363],[144.42073,-14.48139],[144.41649,-14.48863],[144.4282,-14.48951],[144.43808,-14.49545],[144.44561,-14.49321],[144.46237,-14.50706],[144.48386,-14.5076],[144.48628,-14.52737],[144.48356,-14.52897],[144.48238,-14.5446],[144.47498,-14.54993],[144.47468,-14.56183],[144.47101,-14.56455],[144.46444,-14.56213],[144.46166,-14.5658],[144.44289,-14.56242],[144.43833,-14.57006],[144.44756,-14.58498],[144.45792,-14.59054],[144.46829,-14.62488],[144.48048,-14.6271],[144.48563,-14.63489],[144.49588,-14.64188],[144.50781,-14.64274],[144.51037,-14.65546],[144.5169,-14.66306],[144.53104,-14.67744],[144.54043,-14.68047],[144.54583,-14.68629],[144.55011,-14.68427],[144.55563,-14.66603],[144.56472,-14.66199],[144.57654,-14.66336],[144.59252,-14.68676],[144.58967,-14.69122],[144.57928,-14.69413],[144.57815,-14.71106],[144.58967,-14.71367],[144.60131,-14.70841],[144.60459,-14.70923],[144.60801,-14.71787],[144.6188,-14.7113],[144.62507,-14.70298],[144.63041,-14.70667],[144.634,-14.70441],[144.636,-14.69862],[144.64411,-14.69642],[144.65474,-14.68641],[144.66866,-14.69359],[144.6879,-14.72127],[144.69377,-14.72077],[144.70952,-14.73556],[144.71912,-14.74039],[144.71311,-14.74825],[144.70173,-14.75398],[144.69454,-14.76689],[144.69837,-14.77621],[144.69897,-14.80281],[144.71812,-14.83307],[144.72052,-14.85056],[144.71832,-14.85631],[144.72297,-14.86533],[144.73117,-14.87139],[144.72666,-14.88232],[144.73064,-14.88648],[144.73735,-14.88648],[144.74234,-14.90424],[144.75517,-14.90513],[144.76842,-14.91077],[144.77738,-14.90476],[144.78915,-14.91612],[144.79485,-14.91065],[144.80115,-14.91154],[144.8,-14.90787],[144.80691,-14.90501],[144.82206,-14.87555],[144.8362,-14.88],[144.84891,-14.87067],[144.85722,-14.8759],[144.85764,-14.88612],[144.86578,-14.89224],[144.87133,-14.89065],[144.88866,-14.91517],[144.89702,-14.91374],[144.91092,-14.92295],[144.92666,-14.92667],[144.92791,-14.9233],[144.93642,-14.92052],[144.9411,-14.92621],[144.94817,-14.92788],[144.9531,-14.93602],[144.97769,-14.9378],[144.98966,-14.94369],[144.99385,-14.93572],[145.00667,-14.92579],[145.01947,-14.93684],[145.02232,-14.94407],[145.02091,-14.95479],[145.02556,-14.96232],[145.01702,-14.97786],[145.02144,-14.98704],[145.01454,-14.99512],[145.01053,-15.00688],[145.00524,-15.01097],[145.00941,-15.01695],[145.00674,-15.03201],[144.9852,-15.06036],[144.97643,-15.06351],[144.96572,-15.07311],[144.96682,-15.08212],[144.96125,-15.08384],[144.95289,-15.09285],[144.94779,-15.11319],[144.94181,-15.11923],[144.94465,-15.12824],[144.95159,-15.13512],[144.94933,-15.14294],[144.95586,-15.16286],[144.9724,-15.16162],[144.99184,-15.1685],[144.99895,-15.16672],[145.00146,-15.17423],[145.01251,-15.17667],[145.01731,-15.17275],[145.02346,-15.17345],[145.03021,-15.18054],[145.03512,-15.16889],[145.0424,-15.16246],[145.05292,-15.17792],[145.05524,-15.20035],[145.05807,-15.20353],[145.07486,-15.19496],[145.08177,-15.19869],[145.08781,-15.19663],[145.09411,-15.18872],[145.09796,-15.18813],[145.10533,-15.19198],[145.11435,-15.19044],[145.11821,-15.19447],[145.12634,-15.19317],[145.13346,-15.19715],[145.1356,-15.20427],[145.14153,-15.20278],[145.15019,-15.19183],[145.16047,-15.20397],[145.17667,-15.20622],[145.20539,-15.21982],[145.23732,-15.25299],[145.2454,-15.25424],[145.25828,-15.26771],[145.26475,-15.27015],[145.2797,-15.26831],[145.28777,-15.27667],[145.2985,-15.2713],[145.30319,-15.27359],[145.31484,-15.26581],[145.32884,-15.26973],[145.35417,-15.26451],[145.3501,-15.25383],[145.34395,-15.24792],[145.34485,-15.23291],[145.33948,-15.2268],[145.3311,-15.23292],[145.32897,-15.2489],[145.31554,-15.2598],[145.27248,-15.25921],[145.26592,-15.25455],[145.2582,-15.24272],[145.24867,-15.21293],[145.23898,-15.19626],[145.23995,-15.18055],[145.23552,-15.16885],[145.24034,-15.15279],[145.23431,-15.13999],[145.23818,-15.13867],[145.24623,-15.11558],[145.28843,-15.04465],[145.34119,-14.98944],[145.34873,-14.98283],[145.35436,-14.9826],[145.34995,-14.96923],[145.35224,-14.9527],[145.3484,-14.9453],[145.34054,-14.94535],[145.33192,-14.95548],[145.31449,-14.95286],[145.30674,-14.96242],[145.29155,-14.96256],[145.28118,-14.95445],[145.2645,-14.92711],[145.24609,-14.91311],[145.24197,-14.90084],[145.23553,-14.8985],[145.21943,-14.88069],[145.21889,-14.86548],[145.23082,-14.8319],[145.22598,-14.83029],[145.22018,-14.8373],[145.19187,-14.83713],[145.17927,-14.84206],[145.15091,-14.83274],[145.13657,-14.83256],[145.12855,-14.8381],[145.12988,-14.82991],[145.12101,-14.8264],[145.11538,-14.82878],[145.1181,-14.82741],[145.11645,-14.82609],[145.10933,-14.82857],[145.11282,-14.82305],[145.1066,-14.82089],[145.09853,-14.80883],[145.09004,-14.80296],[145.0894,-14.80539],[145.08501,-14.80465],[145.08375,-14.81018],[145.07981,-14.80847],[145.07752,-14.80193],[145.07474,-14.80587],[145.07524,-14.80045],[145.07186,-14.79831],[145.05965,-14.79929],[145.05409,-14.80334],[145.05004,-14.80179],[145.05257,-14.79896],[145.02413,-14.79555],[145.02077,-14.79023],[145.0219,-14.78352],[145.00472,-14.77328],[145.00205,-14.76057],[145.00881,-14.75748],[145.00429,-14.75208],[144.99596,-14.7546],[144.96871,-14.74789],[144.95908,-14.73726],[144.95378,-14.73683],[144.94885,-14.70968],[144.95061,-14.67793],[144.94255,-14.66419],[144.9252,-14.66487],[144.92206,-14.65132],[144.92369,-14.63832],[144.91295,-14.62598],[144.91104,-14.61522],[144.90679,-14.61269],[144.88555,-14.60984],[144.88112,-14.61355],[144.86676,-14.61189],[144.83894,-14.61462],[144.83206,-14.61266],[144.82834,-14.60623],[144.81641,-14.60855],[144.80921,-14.59889],[144.7977,-14.59987],[144.78197,-14.59381],[144.77731,-14.57604],[144.77785,-14.55625],[144.77501,-14.55563],[144.77355,-14.54618],[144.76274,-14.5528],[144.75426,-14.5486],[144.74917,-14.55439],[144.71562,-14.55636],[144.71517,-14.56139],[144.68294,-14.55208],[144.66487,-14.51173],[144.66226,-14.51257],[144.65534,-14.50377],[144.64325,-14.49921],[144.62592,-14.48635],[144.61884,-14.47717],[144.6171,-14.46301],[144.62239,-14.45238],[144.61861,-14.44166],[144.62373,-14.42014],[144.63959,-14.38203],[144.64508,-14.37276],[144.64943,-14.3728],[144.65093,-14.35758],[144.64378,-14.34803],[144.63814,-14.35615],[144.62241,-14.36212],[144.61255,-14.35752],[144.60051,-14.3651],[144.58786,-14.36242],[144.58518,-14.35345],[144.58827,-14.32893],[144.58341,-14.32703],[144.5855,-14.31361],[144.58217,-14.31276],[144.58078,-14.30744],[144.59624,-14.26087],[144.58258,-14.24794],[144.57608,-14.24755],[144.57784,-14.23493],[144.56629,-14.22896],[144.55806,-14.22882],[144.55287,-14.21533],[144.53842,-14.20038],[144.53577,-14.188],[144.5251,-14.17775],[144.52381,-14.16999],[144.51622,-14.16681],[144.49129,-14.16586],[144.48519,-14.19035],[144.46584,-14.22635],[144.44429,-14.25079],[144.42729,-14.26376],[144.39266,-14.27493],[144.37525,-14.29073],[144.35968,-14.29078],[144.35426,-14.29809],[144.33941,-14.30639],[144.31239,-14.30836],[144.29247,-14.29772],[144.28195,-14.30259],[144.26099,-14.29004],[144.25403,-14.27337],[144.24414,-14.26384],[144.23938,-14.26226],[144.2368,-14.26808],[144.23041,-14.26839],[144.21532,-14.25364],[144.20926,-14.26224],[144.20307,-14.25946],[144.19673,-14.26209]]],"type":"Polygon"},"properties":{"area_sqkm":3650.67,"basin_no":"106","division":"North East Coast","division_no":"I","id":"jeannie","name":"Jeannie"},"type":"Feature"},
{"geometry":{"coordinates":[[[145.66798,-17.30433],[145.65787,-17.30078],[145.65264,-17.28917],[145.64656,-17.28941],[145.64499,-17.28515],[145.64139,-17.29907],[145.62724,-17.31236],[145.62249,-17.30908],[145.61245,-17.31089],[145.60275,-17.31998],[145.6077,-17.32581],[145.59945,-17.32376],[145.59675,-17.33056],[145.58816,-17.33738],[145.58033,-17.33506],[145.56938,-17.33787],[145.55132,-17.35246],[145.54868,-17.35926],[145.55036,-17.36173],[145.55475,-17.36052],[145.55501,-17.36701],[145.54826,-17.3737],[145.54278,-17.37153],[145.53622,-17.37388],[145.53466,-17.3805],[145.53755,-17.38832],[145.52335,-17.42141],[145.50837,-17.43356],[145.51023,-17.43982],[145.50752,-17.44572],[145.50085,-17.44946],[145.49892,-17.4567],[145.49128,-17.45645],[145.4783,-17.48012],[145.47989,-17.48889],[145.4923,-17.49706],[145.52928,-17.49857],[145.54254,-17.50224],[145.54449,-17.50908],[145.53802,-17.52659],[145.54388,-17.5364],[145.53903,-17.5473],[145.55008,-17.55905],[145.54514,-17.56699],[145.53424,-17.56813],[145.53574,-17.57663],[145.52975,-17.5898],[145.53694,-17.59687],[145.5379,-17.60609],[145.54813,-17.6195],[145.56222,-17.62599],[145.5734,-17.62339],[145.57798,-17.61906],[145.59311,-17.62311],[145.60584,-17.62003],[145.6281,-17.63149],[145.63727,-17.64212],[145.64589,-17.66685],[145.65888,-17.67667],[145.65212,-17.6893],[145.65296,-17.69355],[145.64314,-17.7075],[145.64745,-17.72067],[145.66008,-17.72354],[145.66535,-17.73252],[145.6857,-17.73737],[145.69875,-17.74731],[145.71013,-17.7506],[145.71174,-17.73479],[145.71585,-17.7327],[145.71085,-17.71821],[145.71366,-17.71396],[145.72785,-17.7218],[145.73311,-17.72156],[145.74036,-17.7306],[145.74217,-17.74029],[145.75981,-17.74258],[145.77131,-17.7515],[145.79166,-17.74443],[145.79956,-17.75138],[145.8089,-17.74725],[145.81435,-17.75233],[145.81878,-17.76874],[145.83295,-17.78788],[145.83207,-17.79837],[145.83632,-17.80945],[145.85787,-17.821],[145.86589,-17.81926],[145.87066,-17.82394],[145.88144,-17.81854],[145.88436,-17.82123],[145.88679,-17.81767],[145.90505,-17.81896],[145.92503,-17.82938],[145.92924,-17.83564],[145.93652,-17.83638],[145.94312,-17.84616],[145.95513,-17.83985],[145.9618,-17.84153],[145.96651,-17.83632],[145.97965,-17.85347],[145.99299,-17.84812],[145.99293,-17.85524],[145.99819,-17.86482],[146.01003,-17.87122],[146.01886,-17.88997],[146.01673,-17.89593],[146.0258,-17.90981],[146.03944,-17.91234],[146.04394,-17.90287],[146.04912,-17.89971],[146.05234,-17.88218],[146.07548,-17.88625],[146.08053,-17.87852],[146.07444,-17.87024],[146.07456,-17.8608],[146.08765,-17.84498],[146.10431,-17.84078],[146.09966,-17.83368],[146.10607,-17.8155],[146.10061,-17.81257],[146.09696,-17.805],[146.09291,-17.80731],[146.08941,-17.80134],[146.09717,-17.7866],[146.11228,-17.77086],[146.10457,-17.74433],[146.10805,-17.70816],[146.12635,-17.67152],[146.13936,-17.65597],[146.15036,-17.64978],[146.1417,-17.64068],[146.14453,-17.63076],[146.13748,-17.62254],[146.13854,-17.61295],[146.1333,-17.60123],[146.12903,-17.60142],[146.12834,-17.59239],[146.11867,-17.57987],[146.09284,-17.56167],[146.09146,-17.55211],[146.07993,-17.53565],[146.08025,-17.52942],[146.07019,-17.52267],[146.07034,-17.51207],[146.06452,-17.5083],[146.07211,-17.50107],[146.07744,-17.50593],[146.07744,-17.47827],[146.06848,-17.48454],[146.06079,-17.48014],[146.05358,-17.48028],[146.02904,-17.44726],[146.01996,-17.4426],[146.00443,-17.45389],[145.98342,-17.44776],[145.96453,-17.44656],[145.96067,-17.43722],[145.96238,-17.42575],[145.95229,-17.43331],[145.95697,-17.43913],[145.95725,-17.4563],[145.95454,-17.45919],[145.9565,-17.46634],[145.95095,-17.47085],[145.94877,-17.47826],[145.95102,-17.49065],[145.94762,-17.49355],[145.9363,-17.49394],[145.92954,-17.50338],[145.92375,-17.50027],[145.91393,-17.48548],[145.90342,-17.47635],[145.89707,-17.47804],[145.89318,-17.48374],[145.8953,-17.48736],[145.88786,-17.49126],[145.88247,-17.49018],[145.87657,-17.49887],[145.86442,-17.49403],[145.86658,-17.50203],[145.86297,-17.50594],[145.85804,-17.50534],[145.84948,-17.49698],[145.84264,-17.49944],[145.83722,-17.49528],[145.82483,-17.49529],[145.82049,-17.48906],[145.81394,-17.48952],[145.80335,-17.48199],[145.7989,-17.46515],[145.77249,-17.46003],[145.76689,-17.46286],[145.73015,-17.45084],[145.72135,-17.43729],[145.71774,-17.42273],[145.7054,-17.40986],[145.70359,-17.3943],[145.70593,-17.37889],[145.69175,-17.35836],[145.6768,-17.34904],[145.67442,-17.33315],[145.67683,-17.32095],[145.66798,-17.30433]]],"type":"Polygon"},"properties":{"area_sqkm":2332.71,"basin_no":"112","division":"North East Coast","division_no":"I","id":"johnstone","name":"Johnstone"},"type":"Feature"},
{"geometry":{"coordinates":[[[151.3392,-24.64723],[151.34804,-24.65923],[151.34792,-24.67112],[151.36104,-24.67842],[151.35233,-24.68461],[151.34488,-24.69926],[151.34475,-24.70722],[151.34879,-24.71416],[151.34513,-24.72338],[151.36085,-24.73519],[151.36235,-24.74245],[151.37872,-24.7463],[151.38655,-24.75735],[151.3863,-24.7655],[151.39205,-24.77175],[151.39767,-24.7708],[151.40165,-24.77459],[151.41472,-24.77756],[151.42381,-24.78905],[151.4216,-24.79505],[151.42362,-24.80073],[151.43195,-24.79928],[151.43644,-24.80395],[151.43625,-24.80806],[151.42621,-24.81671],[151.43612,-24.83704],[151.44496,-24.83969],[151.45658,-24.84986],[151.47256,-24.85005],[151.47779,-24.84302],[151.48891,-24.85068],[151.54386,-24.83308],[151.55022,-24.8357],[151.55068,-24.84335],[151.55797,-24.85314],[151.55664,-24.85845],[151.56373,-24.86143],[151.56914,-24.86944],[151.5655,-24.87769],[151.56841,-24.88832],[151.57556,-24.89129],[151.576,-24.90742],[151.57265,-24.91495],[151.56721,-24.91767],[151.56651,-24.92413],[151.5724,-24.93115],[151.53969,-24.94741],[151.5302,-24.94545],[151.52305,-24.96165],[151.52944,-24.97057],[151.53001,-24.99081],[151.55068,-24.99938],[151.55883,-25.02068],[151.56063,-25.03274],[151.55595,-25.04378],[151.56384,-25.05789],[151.55729,-25.06675],[151.55293,-25.08433],[151.54645,-25.09062],[151.55646,-25.10043],[151.57083,-25.10242],[151.59008,-25.09723],[151.59906,-25.10127],[151.61061,-25.11526],[151.62575,-25.11211],[151.63236,-25.10512],[151.645,-25.11076],[151.64821,-25.10249],[151.66021,-25.0987],[151.67642,-25.10553],[151.68151,-25.09767],[151.68966,-25.09299],[151.70389,-25.09289],[151.70403,-25.11756],[151.69774,-25.12879],[151.69755,-25.13771],[151.70236,-25.14214],[151.70461,-25.15375],[151.71404,-25.15856],[151.72091,-25.13835],[151.73502,-25.12385],[151.74375,-25.10929],[151.74779,-25.11192],[151.75857,-25.11076],[151.76159,-25.11596],[151.77224,-25.12116],[151.77239,-25.12906],[151.78501,-25.12898],[151.78423,-25.11538],[151.7782,-25.10967],[151.77583,-25.08548],[151.79091,-25.06886],[151.80002,-25.07143],[151.80214,-25.07682],[151.81465,-25.07656],[151.82543,-25.08195],[151.8339,-25.07605],[151.84224,-25.07842],[151.85731,-25.07259],[151.86533,-25.0756],[151.86906,-25.07329],[151.86912,-25.06758],[151.87599,-25.06565],[151.87797,-25.05334],[151.88869,-25.05334],[151.90017,-25.04185],[151.90268,-25.03633],[151.90005,-25.02036],[151.93412,-25.02427],[151.94175,-25.0208],[151.94175,-25.01516],[151.94855,-25.0108],[151.95209,-25.00292],[151.95933,-25.0013],[151.96735,-25.00412],[151.9712,-24.99982],[151.97388,-25.00204],[151.98159,-24.99846],[151.98485,-25.00772],[151.99911,-25.00496],[152.00358,-24.99528],[152.00196,-24.9848],[152.01209,-24.97303],[152.02251,-24.97156],[152.02421,-24.96283],[152.03996,-24.95398],[152.0515,-24.96117],[152.05659,-24.94247],[152.05084,-24.93326],[152.05339,-24.92616],[152.07283,-24.91919],[152.07968,-24.90843],[152.09662,-24.89758],[152.11644,-24.8933],[152.12475,-24.88639],[152.14444,-24.88051],[152.15749,-24.88262],[152.17053,-24.87533],[152.18664,-24.87603],[152.19821,-24.84554],[152.19988,-24.82929],[152.21349,-24.81849],[152.24278,-24.81235],[152.26989,-24.82137],[152.29649,-24.81734],[152.29975,-24.81913],[152.30199,-24.8275],[152.30736,-24.82853],[152.31126,-24.82622],[152.3149,-24.81446],[152.34073,-24.80781],[152.34713,-24.80193],[152.3516,-24.79118],[152.34885,-24.77149],[152.35358,-24.75026],[152.35987,-24.73872],[152.31298,-24.73005],[152.28292,-24.7175],[152.24558,-24.69158],[152.22761,-24.67166],[152.20138,-24.65472],[152.19816,-24.65629],[152.20946,-24.66426],[152.19746,-24.68473],[152.17826,-24.6908],[152.18211,-24.68486],[152.19973,-24.67439],[152.20075,-24.66751],[152.14546,-24.67859],[152.14201,-24.68306],[152.14374,-24.68933],[152.13402,-24.69764],[152.12954,-24.71062],[152.11484,-24.72731],[152.10761,-24.72693],[152.09393,-24.73345],[152.08843,-24.74099],[152.06477,-24.74048],[152.05883,-24.74668],[152.04585,-24.75001],[152.03536,-24.76267],[152.02283,-24.77156],[152.0094,-24.76964],[152.0023,-24.77993],[152.00556,-24.79323],[152.00134,-24.79924],[151.99553,-24.79944],[151.98984,-24.78835],[151.99104,-24.77911],[151.97972,-24.77158],[151.96884,-24.74128],[151.97573,-24.73394],[151.96542,-24.72299],[151.96789,-24.71192],[151.96346,-24.71065],[151.96162,-24.70243],[151.95399,-24.70228],[151.94055,-24.70793],[151.93094,-24.70667],[151.91923,-24.72812],[151.92278,-24.73843],[151.9031,-24.74324],[151.89488,-24.74159],[151.89196,-24.75456],[151.86545,-24.78457],[151.8392,-24.79309],[151.84059,-24.77816],[151.82218,-24.76753],[151.81687,-24.76924],[151.8006,-24.74577],[151.77846,-24.7371],[151.74809,-24.71059],[151.74657,-24.70192],[151.75075,-24.69389],[151.75986,-24.68845],[151.75973,-24.68509],[151.75391,-24.67377],[151.7429,-24.66871],[151.74021,-24.65338],[151.7362,-24.65051],[151.72715,-24.65276],[151.71487,-24.64737],[151.70089,-24.64903],[151.67862,-24.66738],[151.67381,-24.66592],[151.6654,-24.6558],[151.65698,-24.65884],[151.65218,-24.65726],[151.63142,-24.67295],[151.61915,-24.67092],[151.61333,-24.67763],[151.61649,-24.68345],[151.61339,-24.69003],[151.6189,-24.69863],[151.60637,-24.70464],[151.59485,-24.69996],[151.57689,-24.70205],[151.566,-24.71059],[151.55386,-24.69895],[151.54133,-24.6992],[151.52779,-24.6937],[151.5195,-24.67497],[151.51438,-24.67168],[151.51716,-24.6651],[151.52785,-24.66851],[151.53291,-24.66346],[151.54171,-24.6174],[151.52336,-24.60019],[151.51248,-24.60031],[151.50476,-24.59456],[151.50704,-24.58285],[151.49762,-24.57644],[151.49731,-24.57006],[151.48929,-24.56438],[151.48487,-24.55201],[151.48821,-24.54544],[151.47805,-24.53666],[151.46731,-24.539],[151.46655,-24.55251],[151.45607,-24.57234],[151.43329,-24.56122],[151.43921,-24.5755],[151.43738,-24.58434],[151.43164,-24.59084],[151.42212,-24.59392],[151.41242,-24.59096],[151.40632,-24.61465],[151.39874,-24.61679],[151.38536,-24.61017],[151.37778,-24.61307],[151.37222,-24.60877],[151.35494,-24.62455],[151.35356,-24.63092],[151.3392,-24.64723]]],"type":"Polygon"},"properties":{"area_sqkm":2906.92,"basin_no":"135","division":"North East Coast","division_no":"I","id":"kolan","name":"Kolan"},"type":"Feature"},
{"geometry":{"coordinates":[[[140.99929,-28.89849],[140.99928,-28.99909],[141.10488,-28.99909],[141.10077,-28.9857],[141.08602,-28.96353],[141.08756,-28.92291],[141.07692,-28.89368],[141.07519,-28.85456],[141.06943,-28.83867],[141.04889,-28.83644],[141.02885,-28.81817],[141.01808,-28.81565],[141.00761,-28.84694],[140.9993,-28.85661],[140.99929,-28.89849]]],"type":"Polygon"},"properties":{"area_sqkm":152.05,"basin_no":"004","division":"Lake Eyre","division_no":"X","id":"lake_frome","name":"Lake Frome"},"type":"Feature"},
{"geometry":{"coordinates":[[[139.7801,-17.57931],[139.77465,-17.60677],[139.78034,-17.63266],[139.77141,-17.65005],[139.77015,-17.6618],[139.78184,-17.68602],[139.77475,-17.68902],[139.76991,-17.71407],[139.75996,-17.71521],[139.73946,-17.7347],[139.72735,-17.73655],[139.72177,-17.74309],[139.73832,-17.7799],[139.75181,-17.78601],[139.7554,-17.7938],[139.74078,-17.81611],[139.71848,-17.83493],[139.71518,-17.84512],[139.72705,-17.89404],[139.74509,-17.91826],[139.76788,-17.93049],[139.77375,-17.939],[139.77565,-18.03045],[139.76435,-18.09014],[139.76757,-18.10473],[139.78465,-18.13511],[139.78185,-18.15675],[139.78562,-18.18787],[139.77961,-18.20774],[139.76933,-18.21802],[139.75742,-18.22118],[139.73931,-18.22069],[139.72727,-18.22963],[139.71627,-18.30068],[139.70886,-18.31678],[139.69573,-18.33082],[139.67027,-18.34498],[139.65057,-18.34857],[139.61192,-18.3496],[139.59223,-18.35556],[139.57375,-18.36796],[139.55078,-18.39185],[139.52221,-18.40583],[139.5086,-18.41907],[139.49406,-18.42763],[139.48851,-18.43597],[139.48428,-18.45795],[139.46871,-18.49932],[139.45483,-18.51915],[139.43368,-18.53333],[139.4217,-18.54586],[139.3861,-18.55947],[139.36975,-18.57777],[139.34738,-18.58993],[139.34616,-18.60442],[139.31474,-18.62819],[139.30569,-18.63046],[139.28262,-18.62772],[139.26743,-18.63565],[139.26443,-18.64708],[139.2678,-18.66248],[139.26541,-18.67202],[139.2288,-18.70197],[139.20093,-18.74231],[139.18504,-18.75631],[139.16892,-18.78572],[139.16352,-18.80832],[139.15319,-18.82208],[139.12697,-18.84243],[139.11804,-18.85362],[139.09213,-18.87208],[139.03394,-18.89011],[139.02343,-18.9005],[139.00876,-18.9071],[139.00593,-18.91569],[138.99317,-18.92721],[138.99971,-18.93173],[138.99916,-18.94133],[139.00271,-18.95013],[138.99653,-18.96071],[139.01108,-18.97238],[138.99892,-18.98687],[138.99849,-18.99695],[139.0064,-19.01922],[139.04088,-19.01843],[139.04619,-19.02369],[139.04227,-19.02755],[139.04378,-19.03564],[139.05392,-19.03455],[139.05217,-19.04252],[139.06056,-19.04156],[139.06883,-19.05412],[139.07698,-19.05502],[139.08078,-19.05858],[139.1094,-19.05798],[139.11351,-19.06033],[139.10729,-19.07688],[139.11532,-19.0901],[139.10729,-19.10405],[139.1152,-19.11262],[139.10699,-19.11691],[139.12546,-19.13526],[139.13295,-19.15361],[139.13162,-19.15772],[139.12336,-19.16273],[139.12402,-19.16762],[139.11659,-19.18405],[139.10021,-19.18584],[139.10276,-19.19093],[139.09974,-19.19805],[139.10113,-19.20337],[139.0928,-19.21505],[139.0989,-19.21822],[139.10506,-19.24128],[139.11248,-19.24949],[139.11134,-19.27256],[139.11478,-19.27745],[139.12317,-19.27817],[139.13694,-19.28517],[139.13627,-19.29308],[139.15499,-19.30123],[139.16006,-19.31011],[139.1629,-19.30564],[139.16664,-19.30673],[139.16743,-19.30166],[139.17905,-19.30472],[139.18324,-19.31083],[139.1955,-19.315],[139.19903,-19.32307],[139.19689,-19.3284],[139.20111,-19.33589],[139.19526,-19.33957],[139.19411,-19.34778],[139.20063,-19.35926],[139.2016,-19.36753],[139.21108,-19.37296],[139.22339,-19.37326],[139.21838,-19.38002],[139.21639,-19.39464],[139.22321,-19.40568],[139.22774,-19.40556],[139.22955,-19.40961],[139.22593,-19.41474],[139.22853,-19.4183],[139.22702,-19.43823],[139.22001,-19.44765],[139.18258,-19.53155],[139.18412,-19.53964],[139.20821,-19.55307],[139.21391,-19.56],[139.21673,-19.57642],[139.21256,-19.58746],[139.21244,-19.60143],[139.20606,-19.61394],[139.19926,-19.61897],[139.18381,-19.6205],[139.18044,-19.63276],[139.1653,-19.64723],[139.12987,-19.64625],[139.11626,-19.65103],[139.11828,-19.65722],[139.11107,-19.6614],[139.11254,-19.66521],[139.09836,-19.67451],[139.09204,-19.68272],[139.08941,-19.69351],[139.09787,-19.70553],[139.09762,-19.71067],[139.08175,-19.72269],[139.06869,-19.75138],[139.06746,-19.76229],[139.05931,-19.75628],[139.05404,-19.76324],[139.04368,-19.76192],[139.04055,-19.77547],[139.0297,-19.77651],[139.02339,-19.77388],[139.01793,-19.78804],[139.00776,-19.79883],[139.01309,-19.81305],[139.00665,-19.82702],[139.01744,-19.8372],[139.02161,-19.8459],[139.02079,-19.85837],[139.02713,-19.86221],[139.02768,-19.87717],[139.03405,-19.88281],[139.03357,-19.89065],[139.037,-19.89679],[139.05821,-19.91033],[139.06293,-19.92088],[139.07629,-19.92106],[139.10449,-19.90426],[139.12337,-19.90733],[139.13367,-19.91726],[139.13569,-19.92535],[139.12975,-19.94178],[139.09542,-19.96679],[139.08659,-19.98359],[139.09088,-19.99609],[139.08789,-20.02509],[139.09205,-20.03181],[139.11736,-20.04709],[139.12642,-20.06589],[139.12679,-20.07423],[139.12152,-20.08256],[139.1214,-20.08868],[139.13923,-20.11123],[139.15601,-20.12299],[139.17366,-20.13016],[139.18738,-20.12771],[139.19902,-20.15754],[139.2068,-20.16484],[139.22224,-20.1633],[139.23008,-20.17163],[139.22714,-20.17997],[139.23357,-20.18824],[139.24239,-20.19148],[139.24926,-20.20129],[139.26714,-20.20153],[139.27719,-20.19681],[139.28895,-20.19602],[139.29018,-20.18977],[139.29594,-20.18683],[139.29839,-20.19197],[139.29435,-20.20374],[139.29447,-20.21501],[139.31027,-20.26476],[139.31279,-20.29735],[139.32314,-20.29729],[139.32976,-20.30121],[139.34158,-20.29814],[139.34354,-20.31021],[139.35432,-20.33055],[139.35353,-20.34452],[139.37381,-20.3727],[139.38367,-20.37773],[139.39562,-20.3901],[139.39672,-20.39819],[139.40481,-20.40946],[139.4045,-20.41718],[139.3966,-20.4203],[139.39163,-20.42729],[139.38244,-20.42808],[139.39557,-20.44354],[139.38514,-20.44708],[139.3871,-20.45823],[139.383,-20.46362],[139.39617,-20.4717],[139.4018,-20.47011],[139.40909,-20.48016],[139.39813,-20.48555],[139.39666,-20.49008],[139.41271,-20.50714],[139.41271,-20.51013],[139.4068,-20.51337],[139.40592,-20.51984],[139.41576,-20.54138],[139.42616,-20.54537],[139.42684,-20.55757],[139.43052,-20.56274],[139.42105,-20.56716],[139.40032,-20.59959],[139.38631,-20.60812],[139.37891,-20.62269],[139.37866,-20.6344],[139.37424,-20.64261],[139.3814,-20.65668],[139.3796,-20.66277],[139.3644,-20.66702],[139.36484,-20.67735],[139.35363,-20.68594],[139.34685,-20.69703],[139.35643,-20.71483],[139.38625,-20.72137],[139.40081,-20.74156],[139.42236,-20.74932],[139.41869,-20.75368],[139.42348,-20.76015],[139.41041,-20.7698],[139.41147,-20.77808],[139.41638,-20.77958],[139.41383,-20.78929],[139.39914,-20.80709],[139.39684,-20.8183],[139.38881,-20.82907],[139.39018,-20.83299],[139.39758,-20.83486],[139.39497,-20.84314],[139.39945,-20.84451],[139.40736,-20.84109],[139.40624,-20.85067],[139.39895,-20.85603],[139.40188,-20.86063],[139.3992,-20.87993],[139.39061,-20.88155],[139.3903,-20.88709],[139.39821,-20.89415],[139.40225,-20.90291],[139.41614,-20.90733],[139.4106,-20.91293],[139.4129,-20.91723],[139.42448,-20.91436],[139.43786,-20.91567],[139.44266,-20.92115],[139.44739,-20.91835],[139.45137,-20.92208],[139.45611,-20.91965],[139.46059,-20.92688],[139.45847,-20.94038],[139.4708,-20.95172],[139.47111,-20.95645],[139.47976,-20.96317],[139.48225,-20.96971],[139.50835,-20.97482],[139.51109,-20.9859],[139.52803,-20.97921],[139.54363,-20.98381],[139.54731,-20.97841],[139.55419,-20.97755],[139.55173,-20.99056],[139.54535,-20.99871],[139.54546,-21.01407],[139.54859,-21.02253],[139.55426,-21.0243],[139.57071,-21.0397],[139.58629,-21.04122],[139.60793,-21.02236],[139.62363,-21.02386],[139.64218,-21.01482],[139.66256,-21.01075],[139.67868,-21.01419],[139.69098,-21.02625],[139.70061,-21.02411],[139.7021,-21.03362],[139.68127,-21.05443],[139.67688,-21.06904],[139.69418,-21.06425],[139.70503,-21.07594],[139.72538,-21.08534],[139.73166,-21.08239],[139.73614,-21.0885],[139.73743,-21.09753],[139.73441,-21.11429],[139.74375,-21.11917],[139.75475,-21.09627],[139.765,-21.09106],[139.77368,-21.09683],[139.78105,-21.09455],[139.78501,-21.08678],[139.78419,-21.07213],[139.79478,-21.07161],[139.80837,-21.05612],[139.80934,-21.03617],[139.80469,-21.03115],[139.81348,-21.02348],[139.81236,-21.01038],[139.82988,-20.99842],[139.83338,-20.98221],[139.84228,-20.98092],[139.84762,-20.9757],[139.84553,-20.96919],[139.85167,-20.95747],[139.85744,-20.95213],[139.86088,-20.94279],[139.86862,-20.94226],[139.86918,-20.93475],[139.87384,-20.93321],[139.8704,-20.90227],[139.87488,-20.89515],[139.87255,-20.89048],[139.858,-20.88201],[139.85787,-20.87599],[139.85081,-20.8658],[139.85886,-20.83497],[139.85646,-20.82484],[139.86088,-20.82282],[139.85873,-20.81404],[139.87371,-20.81238],[139.87833,-20.81726],[139.88378,-20.81318],[139.88372,-20.80667],[139.89005,-20.80255],[139.89135,-20.79645],[139.8968,-20.8036],[139.90282,-20.80329],[139.90429,-20.79991],[139.91135,-20.80219],[139.91375,-20.79868],[139.92418,-20.80347],[139.92713,-20.79641],[139.93131,-20.79519],[139.93254,-20.7818],[139.94174,-20.77695],[139.94439,-20.78307],[139.94856,-20.77775],[139.94279,-20.76737],[139.93837,-20.7678],[139.93432,-20.76338],[139.93382,-20.75306],[139.92486,-20.74803],[139.93339,-20.7301],[139.92903,-20.7247],[139.9294,-20.71315],[139.92283,-20.70419],[139.91743,-20.70321],[139.90834,-20.69019],[139.88716,-20.67558],[139.88348,-20.66747],[139.88366,-20.66176],[139.89213,-20.66072],[139.89619,-20.65163],[139.90067,-20.64966],[139.90004,-20.63802],[139.90576,-20.63309],[139.90527,-20.62738],[139.90914,-20.62363],[139.90872,-20.61105],[139.91203,-20.60275],[139.90527,-20.58477],[139.90266,-20.58232],[139.89882,-20.58397],[139.89668,-20.57586],[139.88808,-20.57242],[139.88808,-20.5661],[139.8836,-20.56186],[139.88605,-20.55032],[139.8844,-20.53681],[139.86769,-20.51962],[139.86923,-20.5066],[139.86391,-20.49763],[139.86797,-20.49416],[139.86809,-20.48705],[139.87788,-20.48152],[139.88073,-20.45666],[139.89307,-20.4552],[139.89514,-20.44633],[139.89909,-20.4442],[139.89872,-20.43734],[139.92054,-20.42232],[139.93197,-20.41861],[139.94941,-20.38202],[139.97737,-20.37674],[139.98667,-20.3802],[139.99348,-20.3647],[140.00506,-20.37067],[140.01348,-20.36505],[140.01984,-20.37049],[140.02409,-20.36921],[140.02841,-20.36131],[140.03331,-20.3636],[140.03358,-20.36909],[140.03765,-20.36678],[140.04264,-20.37164],[140.04519,-20.36702],[140.04811,-20.37079],[140.06398,-20.36296],[140.06854,-20.34854],[140.07851,-20.34939],[140.09225,-20.3427],[140.09584,-20.33516],[140.0939,-20.31868],[140.09943,-20.31114],[140.11852,-20.30196],[140.12491,-20.30403],[140.13269,-20.29539],[140.13166,-20.25575],[140.14053,-20.22814],[140.16486,-20.23252],[140.17154,-20.22808],[140.17452,-20.21507],[140.18012,-20.21111],[140.17866,-20.18029],[140.19696,-20.15973],[140.21228,-20.16101],[140.21544,-20.15858],[140.21812,-20.14724],[140.2132,-20.14277],[140.20985,-20.12763],[140.23333,-20.10141],[140.22736,-20.09267],[140.23004,-20.08877],[140.22913,-20.06512],[140.22469,-20.06032],[140.21593,-20.05946],[140.21107,-20.05496],[140.21338,-20.0467],[140.2107,-20.03624],[140.2169,-20.02043],[140.21356,-20.01605],[140.21496,-20.00802],[140.21143,-19.99933],[140.21574,-19.98973],[140.21396,-19.97473],[140.20664,-19.95923],[140.21223,-19.92159],[140.21888,-19.91176],[140.20732,-19.90253],[140.20627,-19.89614],[140.20824,-19.8866],[140.22416,-19.85801],[140.22214,-19.82339],[140.22958,-19.80033],[140.21765,-19.79516],[140.223,-19.76589],[140.22127,-19.75974],[140.22441,-19.7555],[140.22226,-19.75298],[140.22595,-19.74714],[140.23905,-19.7392],[140.2428,-19.72678],[140.23929,-19.71436],[140.22632,-19.70636],[140.22269,-19.69653],[140.22589,-19.67586],[140.22423,-19.66072],[140.22742,-19.65151],[140.22269,-19.64167],[140.2233,-19.63558],[140.21869,-19.63264],[140.22238,-19.6306],[140.219,-19.62605],[140.22416,-19.62076],[140.22502,-19.61068],[140.22416,-19.6065],[140.21617,-19.60022],[140.21555,-19.58522],[140.21881,-19.57993],[140.23259,-19.57526],[140.23566,-19.55595],[140.23166,-19.54734],[140.2372,-19.54531],[140.23806,-19.53898],[140.2281,-19.52471],[140.25206,-19.49573],[140.24776,-19.48606],[140.24764,-19.4765],[140.25151,-19.47179],[140.24752,-19.4626],[140.24813,-19.44907],[140.24553,-19.44536],[140.23398,-19.44156],[140.22842,-19.42995],[140.22769,-19.41713],[140.23271,-19.39748],[140.24123,-19.39052],[140.24299,-19.38448],[140.23023,-19.36513],[140.22902,-19.35443],[140.23053,-19.34723],[140.25194,-19.32099],[140.25659,-19.31107],[140.25816,-19.29463],[140.24964,-19.2627],[140.26735,-19.23888],[140.27412,-19.21771],[140.26826,-19.15604],[140.26125,-19.13718],[140.2682,-19.12654],[140.30291,-19.09999],[140.31536,-19.08433],[140.32685,-19.02919],[140.35316,-18.97195],[140.37012,-18.95196],[140.39084,-18.94469],[140.40259,-18.93548],[140.41731,-18.91622],[140.42828,-18.89265],[140.44257,-18.85346],[140.44269,-18.84498],[140.41501,-18.80379],[140.40968,-18.78452],[140.4161,-18.76102],[140.43385,-18.73643],[140.44615,-18.71292],[140.44578,-18.7085],[140.43482,-18.69754],[140.43573,-18.68288],[140.4545,-18.66034],[140.47898,-18.65204],[140.48843,-18.63987],[140.50596,-18.62794],[140.51315,-18.61774],[140.51695,-18.60048],[140.52238,-18.59107],[140.54784,-18.57806],[140.55716,-18.56388],[140.57777,-18.55166],[140.58218,-18.53803],[140.5753,-18.50309],[140.57726,-18.4589],[140.5748,-18.45318],[140.55635,-18.45139],[140.52326,-18.43343],[140.51526,-18.43294],[140.50689,-18.4394],[140.50548,-18.43208],[140.48647,-18.41778],[140.48605,-18.41094],[140.47987,-18.40632],[140.47249,-18.41226],[140.46264,-18.41358],[140.44205,-18.4053],[140.43617,-18.3984],[140.42165,-18.39335],[140.41625,-18.37211],[140.3983,-18.36388],[140.38816,-18.36521],[140.38071,-18.35584],[140.35887,-18.3514],[140.34836,-18.34162],[140.336,-18.34438],[140.31619,-18.33273],[140.30587,-18.31833],[140.29507,-18.3187],[140.29086,-18.31317],[140.28456,-18.31443],[140.28762,-18.29246],[140.29758,-18.29024],[140.30833,-18.28178],[140.30707,-18.27673],[140.29998,-18.27073],[140.30101,-18.26089],[140.30934,-18.24878],[140.2986,-18.23604],[140.2968,-18.22746],[140.26469,-18.22794],[140.24477,-18.21845],[140.23156,-18.22704],[140.20671,-18.22884],[140.18006,-18.20651],[140.16362,-18.20315],[140.14717,-18.18556],[140.11896,-18.19061],[140.10612,-18.18628],[140.09711,-18.17524],[140.09081,-18.15105],[140.10525,-18.12728],[140.09765,-18.1154],[140.09447,-18.09907],[140.08115,-18.08731],[140.06716,-18.05664],[140.04219,-18.03665],[140.04171,-18.02225],[140.02473,-18.01816],[140.01969,-18.01114],[140.02389,-18.0064],[140.01824,-17.99296],[140.03429,-17.97044],[140.03536,-17.95017],[140.04794,-17.94019],[140.05513,-17.91881],[140.06244,-17.91318],[140.09478,-17.90384],[140.11119,-17.88994],[140.11203,-17.86886],[140.12796,-17.81112],[140.12425,-17.79094],[140.13179,-17.77704],[140.14659,-17.76153],[140.14126,-17.72895],[140.14297,-17.71348],[140.12325,-17.71955],[140.0699,-17.72305],[140.0411,-17.72172],[140.00348,-17.71457],[139.98168,-17.70369],[139.94999,-17.6756],[139.94026,-17.65874],[139.93992,-17.64794],[139.93711,-17.64462],[139.94133,-17.63846],[139.9351,-17.62959],[139.84562,-17.59617],[139.84169,-17.60168],[139.84523,-17.60549],[139.8338,-17.60591],[139.83369,-17.59827],[139.83906,-17.58925],[139.8199,-17.57004],[139.80497,-17.57879],[139.80274,-17.57498],[139.79677,-17.58033],[139.78594,-17.57624],[139.7801,-17.57931]]],"type":"Polygon"},"properties":{"area_sqkm":32976.81,"basin_no":"913","division":"Gulf","division_no":"IX","id":"leichhardt","name":"Leichhardt"},"type":"Feature"},
{"geometry":{"coordinates":[[[143.38266,-12.5872],[143.36682,-12.59542],[143.35872,-12.60357],[143.33766,-12.60327],[143.32431,-12.6232],[143.31824,-12.62475],[143.31499,-12.62124],[143.31308,-12.6254],[143.30853,-12.62535],[143.29788,-12.61859],[143.28574,-12.62111],[143.28568,-12.63613],[143.27389,-12.64212],[143.26696,-12.65004],[143.25499,-12.64435],[143.25141,-12.63649],[143.24572,-12.63966],[143.22912,-12.63909],[143.22225,-12.64783],[143.21744,-12.6616],[143.22026,-12.66887],[143.21903,-12.67615],[143.22267,-12.68178],[143.20741,-12.69422],[143.21152,-12.70818],[143.20056,-12.70833],[143.18811,-12.7296],[143.19134,-12.7435],[143.20119,-12.75348],[143.2036,-12.76146],[143.21656,-12.76944],[143.21768,-12.78997],[143.22214,-12.79537],[143.22114,-12.81062],[143.23047,-12.81491],[143.22871,-12.82893],[143.23563,-12.82946],[143.23012,-12.83937],[143.2327,-12.86003],[143.23088,-12.86918],[143.23739,-12.87258],[143.24913,-12.86795],[143.25388,-12.87422],[143.25658,-12.90215],[143.25265,-12.90649],[143.25089,-12.91881],[143.25746,-12.91793],[143.26016,-12.9211],[143.2611,-12.93736],[143.26737,-12.94035],[143.27307,-12.95355],[143.2868,-12.95595],[143.28189,-12.96466],[143.28743,-12.97021],[143.28644,-12.97549],[143.25934,-12.98441],[143.24337,-12.9984],[143.24193,-13.0077],[143.24645,-13.02079],[143.25818,-13.03044],[143.25878,-13.04485],[143.2513,-13.04988],[143.26217,-13.05515],[143.27831,-13.07015],[143.28248,-13.07051],[143.27777,-13.07997],[143.27961,-13.09421],[143.27462,-13.10772],[143.27783,-13.11254],[143.28861,-13.11182],[143.29022,-13.12066],[143.297,-13.12302],[143.2942,-13.12808],[143.29569,-13.13713],[143.32338,-13.12653],[143.32868,-13.13868],[143.3192,-13.1552],[143.33248,-13.16053],[143.3407,-13.15755],[143.34841,-13.16619],[143.34326,-13.17892],[143.33177,-13.18511],[143.32421,-13.20726],[143.32885,-13.21202],[143.32534,-13.22607],[143.33195,-13.23989],[143.34463,-13.24483],[143.34523,-13.26358],[143.31873,-13.27763],[143.32022,-13.28835],[143.32707,-13.28984],[143.33118,-13.28341],[143.33903,-13.28216],[143.35404,-13.28454],[143.3672,-13.29287],[143.37054,-13.29918],[143.37755,-13.30335],[143.37988,-13.32425],[143.38601,-13.32806],[143.38946,-13.33503],[143.38369,-13.35205],[143.3763,-13.35503],[143.37743,-13.36872],[143.37101,-13.38367],[143.36612,-13.38777],[143.36779,-13.3954],[143.36414,-13.40271],[143.35571,-13.41218],[143.34767,-13.41445],[143.34338,-13.42737],[143.33749,-13.42921],[143.32909,-13.44106],[143.32457,-13.43862],[143.3206,-13.44126],[143.32665,-13.44803],[143.30837,-13.47875],[143.31665,-13.48375],[143.3129,-13.48767],[143.31719,-13.49482],[143.31547,-13.49983],[143.32292,-13.51004],[143.31965,-13.51655],[143.32556,-13.52658],[143.3197,-13.53656],[143.31882,-13.5497],[143.32275,-13.55815],[143.33601,-13.55845],[143.34111,-13.5666],[143.34252,-13.58562],[143.33846,-13.6004],[143.34299,-13.6031],[143.34458,-13.61425],[143.34111,-13.62264],[143.35144,-13.62681],[143.35209,-13.64922],[143.34804,-13.66049],[143.35526,-13.67151],[143.34833,-13.67938],[143.34464,-13.71424],[143.34047,-13.72116],[143.33494,-13.7236],[143.35074,-13.74147],[143.34622,-13.75039],[143.34974,-13.76095],[143.3458,-13.76647],[143.36682,-13.76142],[143.38008,-13.76653],[143.38512,-13.76206],[143.39549,-13.76383],[143.40613,-13.7603],[143.4181,-13.76054],[143.42133,-13.764],[143.42638,-13.75561],[143.43054,-13.76148],[143.43109,-13.77528],[143.43823,-13.78154],[143.44103,-13.79655],[143.45143,-13.79856],[143.45577,-13.79619],[143.46094,-13.80308],[143.48652,-13.79392],[143.49403,-13.7941],[143.5223,-13.77838],[143.54028,-13.77244],[143.53175,-13.75177],[143.54237,-13.72249],[143.54564,-13.70138],[143.54926,-13.62894],[143.56083,-13.58506],[143.56187,-13.58315],[143.56225,-13.587],[143.56813,-13.57284],[143.58061,-13.55792],[143.58755,-13.54375],[143.59147,-13.52246],[143.5852,-13.51629],[143.58998,-13.52286],[143.58792,-13.5219],[143.59018,-13.52535],[143.58775,-13.53193],[143.5867,-13.52625],[143.58645,-13.53043],[143.58331,-13.5265],[143.58285,-13.51903],[143.58567,-13.52382],[143.5798,-13.50903],[143.58036,-13.49477],[143.59681,-13.44267],[143.59843,-13.42271],[143.59539,-13.41949],[143.59628,-13.41368],[143.59086,-13.40988],[143.58581,-13.39742],[143.58287,-13.37593],[143.57962,-13.37233],[143.57685,-13.37279],[143.58047,-13.37449],[143.57582,-13.37491],[143.55925,-13.36793],[143.53971,-13.35295],[143.52676,-13.327],[143.52166,-13.29366],[143.52272,-13.27717],[143.5157,-13.2568],[143.51686,-13.19808],[143.52275,-13.17851],[143.50666,-13.15352],[143.50314,-13.1278],[143.50604,-13.08056],[143.51278,-13.0587],[143.51059,-13.05466],[143.51234,-13.04743],[143.50633,-13.0373],[143.51223,-13.02585],[143.51461,-13.00909],[143.50978,-13.00089],[143.51127,-12.99298],[143.5079,-12.99268],[143.50451,-12.98621],[143.51156,-12.97232],[143.51301,-12.9619],[143.49952,-12.95618],[143.49986,-12.93542],[143.51481,-12.89851],[143.53334,-12.8695],[143.53178,-12.86166],[143.54475,-12.84305],[143.53393,-12.83864],[143.53099,-12.84339],[143.51648,-12.84506],[143.51427,-12.85098],[143.50215,-12.8588],[143.4759,-12.86435],[143.46215,-12.86086],[143.44972,-12.84861],[143.43441,-12.85363],[143.42414,-12.86241],[143.40658,-12.86652],[143.40186,-12.87595],[143.39352,-12.87743],[143.39677,-12.88217],[143.39512,-12.89352],[143.39114,-12.89336],[143.39195,-12.8852],[143.38423,-12.887],[143.37996,-12.89946],[143.37662,-12.90058],[143.36554,-12.89113],[143.35846,-12.8912],[143.35498,-12.89575],[143.35019,-12.88802],[143.35435,-12.87101],[143.3531,-12.85633],[143.35803,-12.84523],[143.35696,-12.83712],[143.35965,-12.83551],[143.35676,-12.80474],[143.36323,-12.78153],[143.37146,-12.76232],[143.38179,-12.75084],[143.38479,-12.72479],[143.39006,-12.71428],[143.39386,-12.7124],[143.39935,-12.6982],[143.41862,-12.68122],[143.41874,-12.67629],[143.40287,-12.67963],[143.40141,-12.66544],[143.42541,-12.63361],[143.43856,-12.62347],[143.43812,-12.61192],[143.41727,-12.61444],[143.41745,-12.60967],[143.42163,-12.60681],[143.41476,-12.59381],[143.40652,-12.598],[143.39752,-12.59733],[143.38266,-12.5872]]],"type":"Polygon"},"properties":{"area_sqkm":2894.2,"basin_no":"103","division":"North East Coast","division_no":"I","id":"lockhart","name":"Lockhart"},"type":"Feature"},
{"geometry":{"coordinates":[[[153.16107,-27.43305],[153.15564,-27.46019],[153.14259,-27.47531],[153.14808,-27.50084],[153.14337,-27.51],[153.14441,-27.52459],[153.13671,-27.52932],[153.13754,-27.53203],[153.13105,-27.53898],[153.12964,-27.55362],[153.13831,-27.55968],[153.13691,-27.56799],[153.12502,-27.58453],[153.12761,-27.59919],[153.10922,-27.59947],[153.10664,-27.59534],[153.09349,-27.60578],[153.07424,-27.61101],[153.0727,-27.62195],[153.06534,-27.62142],[153.05825,-27.61181],[153.05198,-27.61223],[153.04288,-27.6425],[153.02043,-27.66476],[153.01873,-27.68172],[153.00989,-27.68898],[153.01269,-27.69561],[153.00976,-27.70129],[152.98492,-27.71932],[152.98387,-27.73535],[152.96344,-27.7366],[152.92178,-27.76991],[152.90601,-27.76807],[152.89175,-27.77103],[152.86729,-27.79239],[152.86022,-27.79199],[152.84951,-27.78555],[152.83518,-27.78457],[152.82441,-27.79259],[152.8248,-27.80868],[152.81994,-27.81157],[152.81245,-27.81012],[152.79622,-27.8297],[152.79563,-27.84534],[152.7999,-27.85007],[152.79333,-27.86518],[152.78492,-27.86334],[152.78768,-27.86927],[152.77888,-27.87649],[152.7773,-27.88666],[152.76278,-27.8891],[152.75358,-27.89653],[152.74156,-27.92458],[152.73151,-27.92347],[152.72783,-27.92944],[152.716,-27.93477],[152.71153,-27.93339],[152.68249,-27.95573],[152.66775,-27.95764],[152.66823,-27.96361],[152.66186,-27.97136],[152.64208,-27.98267],[152.62493,-27.98608],[152.61087,-27.99541],[152.60732,-28.01133],[152.59681,-28.0174],[152.59016,-28.02803],[152.58292,-28.02803],[152.57659,-28.03384],[152.57267,-28.05785],[152.56667,-28.06268],[152.56713,-28.07247],[152.56408,-28.07762],[152.55786,-28.08017],[152.54905,-28.10052],[152.55114,-28.11148],[152.53894,-28.13811],[152.54439,-28.14776],[152.53065,-28.16218],[152.52569,-28.17321],[152.52648,-28.18261],[152.49875,-28.19587],[152.49058,-28.21328],[152.47385,-28.2069],[152.45721,-28.22196],[152.4606,-28.22676],[152.48063,-28.22868],[152.48338,-28.23599],[152.49149,-28.24207],[152.48756,-28.24731],[152.48791,-28.25297],[152.4983,-28.25608],[152.50867,-28.24955],[152.51454,-28.25171],[152.51539,-28.25699],[152.52093,-28.26084],[152.53428,-28.26452],[152.5288,-28.2864],[152.52904,-28.29815],[152.52466,-28.3027],[152.52652,-28.3064],[152.53814,-28.31108],[152.54612,-28.31943],[152.5546,-28.31722],[152.55388,-28.32446],[152.56732,-28.32387],[152.58031,-28.33947],[152.59636,-28.3195],[152.60073,-28.30828],[152.59962,-28.28466],[152.61371,-28.2704],[152.62422,-28.29875],[152.64073,-28.31266],[152.66487,-28.31121],[152.67179,-28.31604],[152.67342,-28.32504],[152.67779,-28.32909],[152.6896,-28.32752],[152.69338,-28.33438],[152.70239,-28.33744],[152.70611,-28.34233],[152.72196,-28.34514],[152.73951,-28.35825],[152.75152,-28.36308],[152.76118,-28.35982],[152.76013,-28.35245],[152.7767,-28.34599],[152.79393,-28.35349],[152.80437,-28.35317],[152.80933,-28.34899],[152.8089,-28.34311],[152.82264,-28.33589],[152.82375,-28.32824],[152.83145,-28.31982],[152.84065,-28.32047],[152.85004,-28.31114],[152.87732,-28.30925],[152.88515,-28.3118],[152.90015,-28.324],[152.93265,-28.33679],[152.97141,-28.33261],[152.98394,-28.33836],[152.98959,-28.33698],[153.00923,-28.34212],[153.02089,-28.33824],[153.03827,-28.34462],[153.04557,-28.33977],[153.06537,-28.34453],[153.08103,-28.35513],[153.0902,-28.35399],[153.10329,-28.3577],[153.1123,-28.35477],[153.11714,-28.34192],[153.12526,-28.33997],[153.13085,-28.33043],[153.12548,-28.32418],[153.12587,-28.31813],[153.13334,-28.31736],[153.13692,-28.31208],[153.14369,-28.31215],[153.14336,-28.30575],[153.15371,-28.30125],[153.15654,-28.29631],[153.16829,-28.29557],[153.16848,-28.29077],[153.16124,-28.28071],[153.17643,-28.27502],[153.17237,-28.26159],[153.17605,-28.25103],[153.18862,-28.24758],[153.17399,-28.22385],[153.17328,-28.21322],[153.16498,-28.20077],[153.16717,-28.19378],[153.15733,-28.17353],[153.15701,-28.16251],[153.14871,-28.15473],[153.14812,-28.14844],[153.13062,-28.11582],[153.13055,-28.09326],[153.1264,-28.07225],[153.1336,-28.06071],[153.15992,-28.0443],[153.18281,-27.99859],[153.17964,-27.99418],[153.18857,-27.96942],[153.18003,-27.95212],[153.19554,-27.93984],[153.20062,-27.92867],[153.20108,-27.9223],[153.19545,-27.91713],[153.196,-27.91058],[153.19896,-27.90107],[153.20865,-27.89645],[153.20718,-27.88787],[153.21301,-27.88123],[153.21248,-27.87201],[153.21769,-27.85268],[153.21266,-27.84735],[153.21724,-27.84416],[153.21335,-27.83772],[153.21362,-27.82602],[153.20739,-27.80289],[153.2106,-27.79281],[153.21514,-27.78837],[153.25537,-27.79014],[153.2646,-27.76024],[153.27506,-27.75937],[153.2976,-27.74777],[153.3086,-27.74855],[153.32693,-27.74351],[153.35257,-27.74685],[153.35834,-27.73498],[153.35124,-27.72199],[153.35694,-27.71245],[153.35501,-27.70552],[153.35155,-27.70412],[153.35452,-27.70493],[153.3528,-27.69865],[153.34873,-27.69546],[153.33911,-27.69852],[153.33847,-27.68714],[153.32084,-27.67582],[153.30826,-27.65683],[153.30878,-27.64724],[153.31534,-27.63986],[153.31204,-27.63645],[153.31114,-27.61874],[153.30309,-27.60852],[153.30154,-27.59516],[153.30838,-27.58971],[153.31301,-27.58998],[153.31262,-27.58499],[153.31815,-27.58189],[153.30835,-27.57975],[153.3056,-27.57282],[153.30837,-27.56507],[153.28977,-27.56405],[153.29024,-27.55888],[153.28635,-27.55791],[153.28073,-27.54882],[153.28401,-27.54644],[153.27811,-27.54049],[153.28484,-27.53511],[153.28372,-27.52992],[153.29073,-27.51105],[153.28896,-27.5097],[153.28812,-27.51496],[153.28092,-27.52158],[153.27817,-27.52066],[153.27974,-27.51747],[153.2699,-27.5171],[153.26808,-27.5196],[153.26219,-27.5175],[153.26065,-27.51279],[153.26421,-27.4994],[153.25958,-27.49154],[153.24981,-27.49479],[153.24679,-27.49196],[153.25152,-27.4886],[153.24597,-27.48915],[153.24132,-27.48571],[153.24085,-27.46471],[153.23756,-27.46782],[153.23916,-27.4773],[153.22857,-27.48231],[153.20853,-27.48157],[153.20374,-27.47908],[153.20177,-27.47151],[153.198,-27.47323],[153.19713,-27.48095],[153.19135,-27.48251],[153.19232,-27.47954],[153.18453,-27.4752],[153.19129,-27.47684],[153.18636,-27.47184],[153.1897,-27.47077],[153.19217,-27.47433],[153.19391,-27.47184],[153.19022,-27.46101],[153.19271,-27.45851],[153.18936,-27.45949],[153.18712,-27.45641],[153.18788,-27.44698],[153.17993,-27.44402],[153.17511,-27.4353],[153.17281,-27.43688],[153.17238,-27.42908],[153.16107,-27.43305]]],"type":"Polygon"},"properties":{"area_sqkm":4158.8,"basin_no":"145","division":"North East Coast","division_no":"I","id":"logan_albert","name":"Logan-Albert"},"type":"Feature"},
{"geometry":{"coordinates":[[[[152.89593,-26.45328],[152.87578,-26.47322],[152.87987,-26.47639],[152.8758,-26.48377],[152.88343,-26.4865],[152.88508,-26.49394],[152.89441,-26.49859],[152.893,-26.51243],[152.88236,-26.52557],[152.86723,-26.52647],[152.86685,-26.53089],[152.85961,-26.53871],[152.86642,-26.5527],[152.87336,-26.55282],[152.87706,-26.55698],[152.88215,-26.57167],[152.87877,-26.57363],[152.87883,-26.58446],[152.86557,-26.58741],[152.86262,-26.60068],[152.85724,-26.60324],[152.85546,-26.60894],[152.86672,-26.62259],[152.86922,-26.63894],[152.88338,-26.65925],[152.88037,-26.67303],[152.88576,-26.68251],[152.90524,-26.69982],[152.89857,-26.71212],[152.90255,-26.73417],[152.88928,-26.74493],[152.88554,-26.76798],[152.89165,-26.77591],[152.89812,-26.7748],[152.91991,-26.78178],[152.92914,-26.798],[152.92856,-26.81889],[152.91447,-26.83081],[152.90293,-26.83376],[152.88972,-26.84744],[152.89106,-26.85156],[152.88737,-26.85614],[152.89566,-26.87291],[152.89645,-26.89278],[152.88454,-26.89002],[152.88372,-26.89675],[152.87715,-26.8977],[152.87405,-26.90199],[152.87777,-26.91017],[152.89409,-26.92796],[152.8807,-26.92636],[152.86793,-26.93554],[152.85123,-26.93718],[152.8441,-26.94623],[152.84307,-26.95181],[152.84756,-26.96318],[152.85513,-26.96878],[152.85254,-26.97854],[152.85528,-26.98462],[152.85312,-26.98559],[152.87121,-26.998],[152.88901,-27.01853],[152.9187,-27.02748],[152.92894,-27.02035],[152.94903,-27.02346],[152.95461,-27.03195],[152.96329,-27.03759],[152.97574,-27.03655],[152.98656,-27.04524],[153.00609,-27.05306],[153.01104,-27.06127],[153.02803,-27.07361],[153.04729,-27.07697],[153.06215,-27.06689],[153.07753,-27.06147],[153.11547,-27.08524],[153.13288,-27.08595],[153.1431,-27.08031],[153.14412,-27.07436],[153.13366,-27.07011],[153.13431,-27.06684],[153.12588,-27.06264],[153.11212,-27.06473],[153.10957,-27.0626],[153.1085,-27.05718],[153.11238,-27.05559],[153.11281,-27.0511],[153.10549,-27.04319],[153.10245,-27.03447],[153.0999,-27.03599],[153.10021,-27.03247],[153.09125,-27.02592],[153.08415,-27.02754],[153.08187,-27.0243],[153.08605,-27.01986],[153.08531,-27.01639],[153.0805,-27.01611],[153.07315,-27.00936],[153.07134,-27.00015],[153.06493,-26.99431],[153.06862,-26.9935],[153.07025,-26.98862],[153.06528,-26.9841],[153.06999,-26.97519],[153.06661,-26.96538],[153.05583,-26.95921],[153.05577,-26.95401],[153.04936,-26.95109],[153.04683,-26.94427],[153.05177,-26.94009],[153.0678,-26.93954],[153.07168,-26.90988],[153.07877,-26.89848],[153.09375,-26.89506],[153.11458,-26.88166],[153.11373,-26.87332],[153.10739,-26.87722],[153.11215,-26.86914],[153.1093,-26.85782],[153.11226,-26.84339],[153.12081,-26.83013],[153.12453,-26.80657],[153.13437,-26.80948],[153.14215,-26.80335],[153.15138,-26.80194],[153.14849,-26.79143],[153.14177,-26.78851],[153.13693,-26.77243],[153.13446,-26.73055],[153.13941,-26.67963],[153.13253,-26.67909],[153.13361,-26.68256],[153.12879,-26.68413],[153.12192,-26.68137],[153.10863,-26.6706],[153.10277,-26.64764],[153.09728,-26.65469],[153.08559,-26.64407],[153.07263,-26.64191],[153.07372,-26.6392],[153.09662,-26.638],[153.09946,-26.63968],[153.09837,-26.64287],[153.10113,-26.63973],[153.10214,-26.61578],[153.09822,-26.60316],[153.09766,-26.58019],[153.10262,-26.54671],[153.09272,-26.53209],[153.09312,-26.52244],[153.08545,-26.51935],[153.07942,-26.52155],[153.07163,-26.5198],[153.04387,-26.5017],[153.03382,-26.49982],[153.01869,-26.48975],[153.01319,-26.49314],[153.00697,-26.49111],[152.99164,-26.47076],[152.99346,-26.46198],[152.9796,-26.45592],[152.97474,-26.4422],[152.96034,-26.45459],[152.94432,-26.45141],[152.92875,-26.43812],[152.89593,-26.45328]]],[[[153.1192,-26.85673],[153.11989,-26.87581],[153.11525,-26.88681],[153.1021,-26.89776],[153.09273,-26.8976],[153.07564,-26.91229],[153.07492,-26.92269],[153.08399,-26.93287],[153.08255,-26.94349],[153.08721,-26.95032],[153.07948,-26.9598],[153.07677,-26.97919],[153.09327,-26.99104],[153.09734,-26.99867],[153.09905,-27.014],[153.11653,-27.02492],[153.12508,-27.03418],[153.13245,-27.03586],[153.1355,-27.05335],[153.14647,-27.06698],[153.15488,-27.07153],[153.15987,-27.08885],[153.16689,-27.0939],[153.16317,-27.09333],[153.16539,-27.09866],[153.17575,-27.1001],[153.1974,-27.09617],[153.20798,-27.08207],[153.20717,-27.07335],[153.17217,-27.01149],[153.1573,-26.97321],[153.13234,-26.88397],[153.12886,-26.84351],[153.1333,-26.81907],[153.12998,-26.81426],[153.13143,-26.82357],[153.12729,-26.84264],[153.12349,-26.84481],[153.12676,-26.85407],[153.12282,-26.84888],[153.11994,-26.85116],[153.12393,-26.8621],[153.1192,-26.85673]]]],"type":"MultiPolygon"},"properties":{"area_sqkm":1541.5,"basin_no":"141","division":"North East Coast","division_no":"I","id":"maroochy","name":"Maroochy","parts":2},"type":"Feature"},
{"geometry":{"coordinates":[[[152.72332,-25.32526],[152.71636,-25.33567],[152.70895,-25.33676],[152.70046,-25.35087],[152.68661,-25.35629],[152.6854,-25.36944],[152.67161,-25.37589],[152.66197,-25.39441],[152.63937,-25.402],[152.62379,-25.39779],[152.61025,-25.40539],[152.60495,-25.41669],[152.59059,-25.42505],[152.58647,-25.43363],[152.57865,-25.43954],[152.57935,-25.45116],[152.57469,-25.46061],[152.55031,-25.46866],[152.5489,-25.47606],[152.55407,-25.48985],[152.55101,-25.49547],[152.53609,-25.50211],[152.52321,-25.51753],[152.47516,-25.53908],[152.47465,-25.54377],[152.46786,-25.54462],[152.45411,-25.53536],[152.42798,-25.56391],[152.39791,-25.55093],[152.38764,-25.56],[152.38662,-25.57029],[152.38249,-25.577],[152.36216,-25.57238],[152.34573,-25.58248],[152.33427,-25.58105],[152.32697,-25.58646],[152.30312,-25.58379],[152.29914,-25.56795],[152.29249,-25.56215],[152.28923,-25.54788],[152.28363,-25.53869],[152.27522,-25.53608],[152.26916,-25.52012],[152.26936,-25.51608],[152.27721,-25.5118],[152.28018,-25.50484],[152.27536,-25.49901],[152.27903,-25.49211],[152.27327,-25.4821],[152.2625,-25.47682],[152.25916,-25.48425],[152.25391,-25.48331],[152.24748,-25.4893],[152.22953,-25.49468],[152.22383,-25.48921],[152.21595,-25.49661],[152.21468,-25.51947],[152.19592,-25.51855],[152.18999,-25.52201],[152.17539,-25.52325],[152.17767,-25.5295],[152.16288,-25.55557],[152.16438,-25.57505],[152.15427,-25.5834],[152.14307,-25.58402],[152.13961,-25.58746],[152.13104,-25.58641],[152.12847,-25.59128],[152.11172,-25.60015],[152.10963,-25.60666],[152.11491,-25.61996],[152.10644,-25.62797],[152.09373,-25.63143],[152.08846,-25.63664],[152.0736,-25.62393],[152.06363,-25.62217],[152.05503,-25.62556],[152.04738,-25.61527],[152.04255,-25.61496],[152.03628,-25.64233],[152.02863,-25.64407],[152.01084,-25.66714],[152.01082,-25.67359],[152.01677,-25.68082],[152.0143,-25.70832],[152.00217,-25.7183],[151.99695,-25.71172],[151.98737,-25.71437],[151.98064,-25.71275],[151.98271,-25.72511],[151.97993,-25.7308],[151.9811,-25.73456],[151.99597,-25.73973],[151.99607,-25.76973],[152.00798,-25.78288],[152.01189,-25.78255],[152.02107,-25.78926],[152.02961,-25.78737],[152.0386,-25.78985],[152.03945,-25.79353],[152.03528,-25.79552],[152.03526,-25.80563],[152.03026,-25.80894],[152.03085,-25.82341],[152.02811,-25.82915],[152.03287,-25.84257],[152.02823,-25.84781],[152.02884,-25.85121],[152.0345,-25.85274],[152.05053,-25.84945],[152.04695,-25.86355],[152.05012,-25.86764],[152.04499,-25.87111],[152.04551,-25.87652],[152.05991,-25.88571],[152.06747,-25.88662],[152.08351,-25.87209],[152.09667,-25.8717],[152.10866,-25.86114],[152.11032,-25.85315],[152.1143,-25.85031],[152.11648,-25.87515],[152.12746,-25.89017],[152.13551,-25.87098],[152.13805,-25.87724],[152.14359,-25.87737],[152.14633,-25.88291],[152.15897,-25.88441],[152.16245,-25.88075],[152.16903,-25.88157],[152.1695,-25.89242],[152.1657,-25.89944],[152.17357,-25.90565],[152.17735,-25.90507],[152.18028,-25.9222],[152.18399,-25.92429],[152.18999,-25.93876],[152.19814,-25.94215],[152.20486,-25.954],[152.20133,-25.96566],[152.20439,-25.98522],[152.19367,-25.99228],[152.20404,-26.0056],[152.20272,-26.01912],[152.2056,-26.02424],[152.19728,-26.02622],[152.1867,-26.03638],[152.18665,-26.03978],[152.17681,-26.03294],[152.17066,-26.03307],[152.16808,-26.04339],[152.15922,-26.04437],[152.15864,-26.05571],[152.15317,-26.06171],[152.14765,-26.05873],[152.14136,-26.07293],[152.13081,-26.0799],[152.13081,-26.08337],[152.12128,-26.08349],[152.11775,-26.0864],[152.10847,-26.08353],[152.0943,-26.09578],[152.09733,-26.11051],[152.0955,-26.12722],[152.10166,-26.13251],[152.1029,-26.14118],[152.09638,-26.15969],[152.10284,-26.17097],[152.11027,-26.17388],[152.11436,-26.17091],[152.12279,-26.19502],[152.13196,-26.19766],[152.13842,-26.19602],[152.14348,-26.19947],[152.1457,-26.22758],[152.14213,-26.23372],[152.15055,-26.24105],[152.13928,-26.25785],[152.15794,-26.2707],[152.1697,-26.27263],[152.17558,-26.26926],[152.17732,-26.27388],[152.18098,-26.27388],[152.18858,-26.26846],[152.2105,-26.28682],[152.22902,-26.28484],[152.23343,-26.30057],[152.24394,-26.30733],[152.25037,-26.30142],[152.25804,-26.30602],[152.27979,-26.2859],[152.28097,-26.27965],[152.29828,-26.28221],[152.30931,-26.26833],[152.31718,-26.27441],[152.31884,-26.28009],[152.3241,-26.28052],[152.33162,-26.29182],[152.3271,-26.30333],[152.33497,-26.31472],[152.35097,-26.30686],[152.3648,-26.3084],[152.36769,-26.31108],[152.36811,-26.32372],[152.38725,-26.33596],[152.39115,-26.34306],[152.39937,-26.34624],[152.40863,-26.3426],[152.411,-26.34563],[152.40554,-26.35304],[152.41393,-26.3659],[152.40738,-26.39271],[152.40868,-26.39866],[152.39712,-26.4093],[152.39351,-26.40665],[152.3848,-26.40979],[152.38775,-26.41983],[152.38575,-26.42648],[152.37904,-26.42756],[152.37585,-26.43626],[152.37071,-26.43841],[152.36877,-26.44346],[152.37239,-26.45629],[152.37097,-26.46161],[152.34124,-26.46879],[152.33145,-26.4742],[152.34214,-26.4757],[152.3463,-26.47979],[152.34438,-26.48312],[152.35225,-26.48651],[152.35302,-26.49515],[152.34845,-26.50131],[152.35177,-26.50532],[152.34733,-26.50854],[152.34707,-26.51344],[152.35653,-26.51987],[152.36136,-26.53326],[152.35846,-26.5482],[152.36941,-26.56133],[152.35692,-26.57112],[152.35299,-26.57936],[152.35158,-26.59442],[152.35499,-26.60157],[152.37037,-26.59796],[152.38486,-26.60092],[152.3978,-26.61193],[152.39934,-26.62326],[152.40881,-26.63845],[152.41853,-26.64386],[152.42548,-26.65422],[152.45554,-26.66034],[152.47202,-26.68918],[152.46848,-26.70128],[152.4782,-26.726],[152.48786,-26.72916],[152.4961,-26.73862],[152.50076,-26.73678],[152.50586,-26.74205],[152.49969,-26.75767],[152.51118,-26.76205],[152.52233,-26.75089],[152.53355,-26.74731],[152.54181,-26.73801],[152.54765,-26.73538],[152.55482,-26.7368],[152.55969,-26.7284],[152.56783,-26.72552],[152.5673,-26.71176],[152.57366,-26.71296],[152.58097,-26.72007],[152.58397,-26.73089],[152.57952,-26.7361],[152.58082,-26.73961],[152.59892,-26.75036],[152.6022,-26.75907],[152.61179,-26.75859],[152.63227,-26.76422],[152.63875,-26.76114],[152.6446,-26.77374],[152.65385,-26.76868],[152.66636,-26.77286],[152.66889,-26.78902],[152.68024,-26.80094],[152.67844,-26.80575],[152.68101,-26.81133],[152.6762,-26.82267],[152.67985,-26.82722],[152.6785,-26.83554],[152.6813,-26.84021],[152.70241,-26.84497],[152.70959,-26.84375],[152.72728,-26.85298],[152.74227,-26.84965],[152.74336,-26.84625],[152.73868,-26.84196],[152.73791,-26.83645],[152.74881,-26.8294],[152.75955,-26.83019],[152.76361,-26.82432],[152.76973,-26.82286],[152.76433,-26.81314],[152.77226,-26.80908],[152.78623,-26.8112],[152.7911,-26.80902],[152.79639,-26.80148],[152.79352,-26.79461],[152.80057,-26.78746],[152.80713,-26.7871],[152.81007,-26.77826],[152.85173,-26.78191],[152.86313,-26.77839],[152.88351,-26.78153],[152.89159,-26.778],[152.88554,-26.76798],[152.88704,-26.75435],[152.88999,-26.75134],[152.88928,-26.74493],[152.90255,-26.73417],[152.89857,-26.71212],[152.90524,-26.69982],[152.88576,-26.68251],[152.88037,-26.67303],[152.88338,-26.65925],[152.86922,-26.63894],[152.86672,-26.62259],[152.85546,-26.60894],[152.85724,-26.60324],[152.86262,-26.60068],[152.86557,-26.58741],[152.87826,-26.58568],[152.87877,-26.57363],[152.88215,-26.57167],[152.87706,-26.55698],[152.87336,-26.55282],[152.86642,-26.5527],[152.85974,-26.53806],[152.86685,-26.53089],[152.86723,-26.52647],[152.88415,-26.52448],[152.89274,-26.51294],[152.89575,-26.50295],[152.89421,-26.49817],[152.88508,-26.49394],[152.88343,-26.4865],[152.8758,-26.48377],[152.87987,-26.47665],[152.87585,-26.4726],[152.88612,-26.46557],[152.89082,-26.45591],[152.92754,-26.43838],[152.94432,-26.45141],[152.96034,-26.45459],[152.97431,-26.44233],[152.97634,-26.4499],[152.98081,-26.44798],[152.98723,-26.43767],[152.9872,-26.4274],[152.99715,-26.4174],[152.99191,-26.40794],[152.9838,-26.40657],[152.98488,-26.39788],[152.97776,-26.39038],[152.97217,-26.3874],[152.95821,-26.38929],[152.94954,-26.37843],[152.93994,-26.37601],[152.93066,-26.36547],[152.92424,-26.36286],[152.92258,-26.35231],[152.9332,-26.34443],[152.92907,-26.33362],[152.91025,-26.32686],[152.90123,-26.31849],[152.88321,-26.32225],[152.87567,-26.31836],[152.87442,-26.31013],[152.86489,-26.29655],[152.85496,-26.29231],[152.84478,-26.27768],[152.83639,-26.27433],[152.83721,-26.26446],[152.82902,-26.25374],[152.83673,-26.24781],[152.83064,-26.24048],[152.82929,-26.22463],[152.8552,-26.22377],[152.86392,-26.21937],[152.87133,-26.201],[152.87649,-26.20032],[152.8868,-26.20735],[152.89582,-26.20114],[152.92105,-26.20537],[152.93981,-26.20241],[152.94465,-26.19354],[152.95907,-26.18925],[152.9667,-26.17864],[152.96816,-26.16949],[152.97783,-26.16468],[152.97627,-26.15699],[152.97986,-26.14976],[152.96448,-26.14058],[152.96056,-26.13336],[152.94164,-26.11995],[152.94356,-26.11189],[152.93593,-26.10115],[152.92354,-26.10292],[152.91696,-26.09697],[152.9049,-26.10793],[152.89207,-26.10401],[152.88614,-26.09871],[152.87486,-26.07166],[152.87802,-26.06333],[152.87662,-26.05456],[152.86798,-26.04324],[152.87005,-26.03749],[152.87917,-26.03129],[152.88362,-26.01482],[152.89183,-26.0183],[152.90834,-26.01133],[152.92659,-26.01254],[152.93701,-26.00338],[152.94,-26.00936],[152.95009,-26.0137],[152.95668,-26.00173],[152.97232,-25.99789],[152.96478,-25.98554],[152.96898,-25.97789],[152.9419,-25.95852],[152.93639,-25.94683],[152.92966,-25.94641],[152.91914,-25.95145],[152.90926,-25.94614],[152.89488,-25.9502],[152.88129,-25.93526],[152.8646,-25.92806],[152.85574,-25.91926],[152.85287,-25.90856],[152.85791,-25.89505],[152.8558,-25.88466],[152.84564,-25.87862],[152.84344,-25.87108],[152.82337,-25.86688],[152.8249,-25.85834],[152.81578,-25.84553],[152.80291,-25.83999],[152.80291,-25.82597],[152.79568,-25.81239],[152.79833,-25.81214],[152.79819,-25.80774],[152.7922,-25.8013],[152.78443,-25.79869],[152.77969,-25.78131],[152.76531,-25.76237],[152.76391,-25.74497],[152.75155,-25.7198],[152.75002,-25.7096],[152.74415,-25.7024],[152.74944,-25.69603],[152.73861,-25.69392],[152.7358,-25.68933],[152.73861,-25.68194],[152.74963,-25.67073],[152.75225,-25.66231],[152.7518,-25.65467],[152.74084,-25.64243],[152.7388,-25.63459],[152.74352,-25.6272],[152.75741,-25.61822],[152.74645,-25.59623],[152.76302,-25.57934],[152.76388,-25.57226],[152.75951,-25.55971],[152.76231,-25.55111],[152.78659,-25.53327],[152.80342,-25.51064],[152.81208,-25.50708],[152.83057,-25.50994],[152.84318,-25.50841],[152.86987,-25.49111],[152.87433,-25.48238],[152.8807,-25.47804],[152.93112,-25.46179],[152.93324,-25.45925],[152.9277,-25.45652],[152.92771,-25.45089],[152.93752,-25.44757],[152.93206,-25.4349],[152.92696,-25.44713],[152.92052,-25.4519],[152.9112,-25.45482],[152.90195,-25.45307],[152.88219,-25.4633],[152.87502,-25.46931],[152.86271,-25.48919],[152.84941,-25.49867],[152.83938,-25.50209],[152.82517,-25.5005],[152.81423,-25.48978],[152.83028,-25.48964],[152.84856,-25.48153],[152.84649,-25.47037],[152.86495,-25.45998],[152.87302,-25.44005],[152.88211,-25.44189],[152.89544,-25.43313],[152.90659,-25.42997],[152.90725,-25.42279],[152.91073,-25.42026],[152.92405,-25.43033],[152.89908,-25.38975],[152.89544,-25.36229],[152.88388,-25.36044],[152.88503,-25.35565],[152.87999,-25.3538],[152.87941,-25.34505],[152.86613,-25.34116],[152.84858,-25.32903],[152.83613,-25.31122],[152.82617,-25.30694],[152.79616,-25.31122],[152.78965,-25.31543],[152.77177,-25.30879],[152.76488,-25.29615],[152.75952,-25.29449],[152.74445,-25.30062],[152.72332,-25.32526]]],"type":"Polygon"},"properties":{"area_sqkm":9488.59,"basin_no":"138","division":"North East Coast","division_no":"I","id":"mary","name":"Mary"},"type":"Feature"},
{"geometry":{"coordinates":[[[142.38372,-14.942],[142.36426,-14.94731],[142.34338,-14.94725],[142.31927,-14.95447],[142.28943,-14.97189],[142.25315,-14.971],[142.23089,-14.98675],[142.21429,-15.00794],[142.2045,-15.01313],[142.1832,-15.01749],[142.17192,-15.03181],[142.1635,-15.05402],[142.15652,-15.06088],[142.14124,-15.06596],[142.10632,-15.06697],[142.08478,-15.07545],[142.05446,-15.10183],[142.00683,-15.12719],[141.93067,-15.1857],[141.88604,-15.2031],[141.86203,-15.20371],[141.83874,-15.19989],[141.83014,-15.19479],[141.81449,-15.17675],[141.80479,-15.17157],[141.798,-15.17491],[141.78623,-15.19601],[141.76998,-15.19959],[141.75301,-15.19625],[141.737,-15.18709],[141.71244,-15.18449],[141.7091,-15.17945],[141.70559,-15.1515],[141.70158,-15.14938],[141.68824,-15.15332],[141.68061,-15.14944],[141.6749,-15.13949],[141.67733,-15.13295],[141.674,-15.11961],[141.65938,-15.09697],[141.6448,-15.08764],[141.64347,-15.07253],[141.63655,-15.09179],[141.63827,-15.098],[141.63287,-15.10507],[141.63953,-15.11364],[141.64143,-15.13075],[141.63821,-15.14353],[141.6311,-15.15511],[141.63284,-15.16014],[141.61646,-15.1696],[141.59643,-15.18978],[141.59259,-15.19804],[141.59924,-15.19886],[141.6199,-15.21526],[141.62748,-15.21166],[141.63644,-15.21609],[141.63604,-15.22251],[141.63255,-15.22418],[141.6362,-15.22851],[141.65885,-15.2237],[141.6591,-15.2272],[141.63659,-15.23344],[141.62904,-15.22875],[141.63029,-15.21567],[141.62204,-15.21949],[141.60604,-15.21845],[141.5941,-15.21056],[141.58899,-15.20277],[141.58347,-15.20088],[141.58548,-15.203],[141.58242,-15.20896],[141.5799,-15.20578],[141.57811,-15.24976],[141.56642,-15.30138],[141.54237,-15.33942],[141.54215,-15.34417],[141.54831,-15.34908],[141.54767,-15.35333],[141.54253,-15.35601],[141.5388,-15.36479],[141.49801,-15.47479],[141.48993,-15.48837],[141.48576,-15.49042],[141.48545,-15.49887],[141.48106,-15.50036],[141.4733,-15.51731],[141.43675,-15.65554],[141.42509,-15.71675],[141.41207,-15.8584],[141.3944,-15.90309],[141.39927,-15.90677],[141.39889,-15.9103],[141.37877,-15.92093],[141.37998,-15.91589],[141.39499,-15.91154],[141.38308,-15.91321],[141.37555,-15.91903],[141.39498,-15.96093],[141.41037,-16.02518],[141.41675,-16.04073],[141.41989,-16.04147],[141.42877,-16.05728],[141.43216,-16.0759],[141.4328,-16.07384],[141.4271,-16.09311],[141.40978,-16.12759],[141.35108,-16.21786],[141.34525,-16.23743],[141.34749,-16.24785],[141.34395,-16.2671],[141.40747,-16.29354],[141.42391,-16.29697],[141.45754,-16.29012],[141.47896,-16.27617],[141.49241,-16.28476],[141.50113,-16.28657],[141.52522,-16.26525],[141.54429,-16.25774],[141.55477,-16.26138],[141.57226,-16.28287],[141.58697,-16.28856],[141.65211,-16.28384],[141.66664,-16.28081],[141.70018,-16.26471],[141.72676,-16.23099],[141.74559,-16.21882],[141.76157,-16.21355],[141.79329,-16.20973],[141.8238,-16.22112],[141.86182,-16.21294],[141.88361,-16.22311],[141.90044,-16.24884],[141.90747,-16.24806],[141.92623,-16.22923],[141.93338,-16.2259],[141.95372,-16.23165],[141.97454,-16.24485],[141.98786,-16.24872],[142.02532,-16.24014],[142.05504,-16.24116],[142.10957,-16.23099],[142.16224,-16.22603],[142.21581,-16.21431],[142.23064,-16.20558],[142.25862,-16.17485],[142.28039,-16.16546],[142.31088,-16.16289],[142.3342,-16.16695],[142.35931,-16.17855],[142.39029,-16.19906],[142.41372,-16.20534],[142.42473,-16.20426],[142.47125,-16.1883],[142.52847,-16.16178],[142.54059,-16.16339],[142.55699,-16.17159],[142.56626,-16.1704],[142.58462,-16.15364],[142.60084,-16.14544],[142.60655,-16.14717],[142.6119,-16.15596],[142.628,-16.16743],[142.64387,-16.17177],[142.6551,-16.15132],[142.67892,-16.14348],[142.69295,-16.14835],[142.69758,-16.16523],[142.71251,-16.17313],[142.7182,-16.18032],[142.72718,-16.17854],[142.75071,-16.18585],[142.76663,-16.18389],[142.78161,-16.18739],[142.80252,-16.19821],[142.82035,-16.21211],[142.84436,-16.22293],[142.89142,-16.22727],[142.95393,-16.23963],[142.95583,-16.24379],[142.94829,-16.2549],[142.94627,-16.27041],[142.95078,-16.288],[142.95946,-16.29435],[142.98875,-16.30416],[142.99666,-16.31331],[142.99452,-16.32852],[142.97301,-16.37226],[142.97188,-16.39817],[142.98097,-16.41861],[142.99696,-16.4258],[143.07268,-16.43022],[143.12854,-16.456],[143.16606,-16.47905],[143.20382,-16.48876],[143.22745,-16.5094],[143.24659,-16.53787],[143.27679,-16.55719],[143.2954,-16.58285],[143.31781,-16.5871],[143.31651,-16.60289],[143.32907,-16.61599],[143.33631,-16.63477],[143.33457,-16.66085],[143.34127,-16.68812],[143.36352,-16.71719],[143.37465,-16.73885],[143.3841,-16.77067],[143.39977,-16.78873],[143.38781,-16.80536],[143.3911,-16.83227],[143.39552,-16.84148],[143.40797,-16.84573],[143.42202,-16.86051],[143.42119,-16.86738],[143.42687,-16.87953],[143.42089,-16.88694],[143.43193,-16.90134],[143.42662,-16.90778],[143.43375,-16.93766],[143.42992,-16.95603],[143.43949,-16.96494],[143.44021,-16.97367],[143.44701,-16.98081],[143.44403,-16.98713],[143.4563,-16.997],[143.45528,-17.00073],[143.46087,-17.00926],[143.46033,-17.01275],[143.45486,-17.01335],[143.46111,-17.02032],[143.45704,-17.02338],[143.46219,-17.03343],[143.45997,-17.03553],[143.45516,-17.03355],[143.45654,-17.03859],[143.45125,-17.04743],[143.45588,-17.05013],[143.45973,-17.0752],[143.46856,-17.08367],[143.46766,-17.09677],[143.47187,-17.1017],[143.47037,-17.11835],[143.47638,-17.13283],[143.47614,-17.14696],[143.48329,-17.15675],[143.48419,-17.16349],[143.47409,-17.16679],[143.47091,-17.17208],[143.46538,-17.17406],[143.47013,-17.18019],[143.46953,-17.19576],[143.4988,-17.21535],[143.50079,-17.2228],[143.51149,-17.2323],[143.51179,-17.24012],[143.5195,-17.24748],[143.51752,-17.25978],[143.52589,-17.26456],[143.52649,-17.27144],[143.54871,-17.29283],[143.55045,-17.29815],[143.5609,-17.30418],[143.5704,-17.31547],[143.5768,-17.31457],[143.57853,-17.32993],[143.58242,-17.33316],[143.5995,-17.33448],[143.63117,-17.34977],[143.63661,-17.36268],[143.63076,-17.3824],[143.63201,-17.39041],[143.64779,-17.41287],[143.65316,-17.41383],[143.65239,-17.41801],[143.65777,-17.42363],[143.65741,-17.43952],[143.67324,-17.4501],[143.69427,-17.44126],[143.70288,-17.44771],[143.71328,-17.44759],[143.72051,-17.45189],[143.73562,-17.47011],[143.73939,-17.47764],[143.73891,-17.48553],[143.74656,-17.4945],[143.7468,-17.50183],[143.75293,-17.50351],[143.75954,-17.50003],[143.78394,-17.51024],[143.79332,-17.51121],[143.80294,-17.52461],[143.80883,-17.52509],[143.81195,-17.53587],[143.82024,-17.5335],[143.8286,-17.53729],[143.83377,-17.54553],[143.84609,-17.55123],[143.85168,-17.56043],[143.86947,-17.57245],[143.87272,-17.58489],[143.88822,-17.59769],[143.88534,-17.60527],[143.88834,-17.61164],[143.87909,-17.62222],[143.88188,-17.63673],[143.88798,-17.6477],[143.88672,-17.65353],[143.89784,-17.6608],[143.8982,-17.67655],[143.89538,-17.67998],[143.90385,-17.68022],[143.91377,-17.69013],[143.90691,-17.70059],[143.91208,-17.73436],[143.92771,-17.73605],[143.93841,-17.74693],[143.94875,-17.74994],[143.95014,-17.75512],[143.94556,-17.76526],[143.96257,-17.77891],[143.96437,-17.79087],[143.97627,-17.80547],[143.98096,-17.81635],[143.99893,-17.8223],[144.00141,-17.83901],[144.00933,-17.84706],[144.02755,-17.86019],[144.03747,-17.86122],[144.05515,-17.8727],[144.05611,-17.8919],[144.05351,-17.89843],[144.06198,-17.9037],[144.06657,-17.91851],[144.07774,-17.9234],[144.08939,-17.92064],[144.10173,-17.92264],[144.11701,-17.93249],[144.14191,-17.92893],[144.15014,-17.93607],[144.16602,-17.9293],[144.17374,-17.93014],[144.1744,-17.93789],[144.18046,-17.94115],[144.18626,-17.95283],[144.19927,-17.95235],[144.20502,-17.95979],[144.23164,-17.97858],[144.23332,-17.98343],[144.23715,-17.98091],[144.23743,-17.97279],[144.24034,-17.97111],[144.24949,-17.97673],[144.255,-17.97189],[144.26099,-17.97486],[144.26898,-17.97213],[144.27939,-17.9751],[144.28429,-17.96778],[144.29022,-17.96536],[144.2941,-17.96883],[144.30014,-17.96566],[144.31049,-17.96924],[144.32332,-17.95846],[144.32404,-17.94654],[144.3427,-17.94546],[144.34685,-17.95114],[144.3529,-17.9521],[144.35986,-17.97159],[144.40125,-17.98399],[144.40406,-17.99756],[144.42076,-18.00794],[144.45272,-18.04849],[144.46611,-18.05506],[144.48733,-18.07285],[144.50856,-18.0839],[144.54473,-18.09697],[144.5699,-18.10064],[144.59165,-18.10082],[144.60901,-18.09367],[144.62264,-18.09226],[144.63247,-18.0949],[144.6442,-18.10314],[144.65739,-18.10034],[144.65868,-18.11536],[144.66724,-18.12978],[144.66662,-18.14396],[144.67121,-18.1552],[144.66412,-18.17158],[144.66632,-18.19211],[144.68092,-18.21471],[144.70298,-18.22736],[144.724,-18.22876],[144.73347,-18.22039],[144.74624,-18.2218],[144.75577,-18.21563],[144.76622,-18.22327],[144.77679,-18.22528],[144.78458,-18.23351],[144.78956,-18.22773],[144.83752,-18.20011],[144.8421,-18.1899],[144.84106,-18.18306],[144.83416,-18.17341],[144.83294,-18.16009],[144.83434,-18.15722],[144.84412,-18.15575],[144.84479,-18.14726],[144.85286,-18.14365],[144.86227,-18.13162],[144.86178,-18.11182],[144.87186,-18.07821],[144.86795,-18.05683],[144.87522,-18.03202],[144.88053,-18.0253],[144.87393,-18.02035],[144.87076,-18.00917],[144.8608,-17.99921],[144.85433,-17.98155],[144.861,-17.96774],[144.87854,-17.95248],[144.87067,-17.94287],[144.87271,-17.90803],[144.86775,-17.90057],[144.87169,-17.89638],[144.87079,-17.88953],[144.876,-17.87853],[144.88184,-17.87452],[144.87938,-17.86607],[144.88682,-17.86383],[144.89189,-17.86574],[144.89587,-17.85982],[144.9049,-17.86557],[144.90797,-17.85998],[144.90076,-17.8523],[144.90569,-17.84785],[144.89737,-17.84387],[144.89526,-17.83955],[144.90041,-17.83025],[144.90761,-17.82748],[144.90605,-17.81938],[144.91304,-17.81168],[144.91453,-17.79557],[144.92073,-17.79069],[144.92912,-17.79241],[144.938,-17.78707],[144.94136,-17.77253],[144.94779,-17.7664],[144.95319,-17.75367],[144.96527,-17.74472],[144.96454,-17.73848],[144.95575,-17.73403],[144.95121,-17.727],[144.95181,-17.71896],[144.95866,-17.71379],[144.95736,-17.70856],[144.96638,-17.70142],[144.97103,-17.6927],[144.97236,-17.67991],[144.96751,-17.66316],[144.97236,-17.66463],[144.9743,-17.66145],[144.97466,-17.64592],[144.97998,-17.64183],[144.97908,-17.63487],[144.99103,-17.6276],[144.99235,-17.6124],[144.99901,-17.60836],[145.02023,-17.61597],[145.04647,-17.60368],[145.05075,-17.59885],[145.0484,-17.58884],[145.05547,-17.56852],[145.06437,-17.5634],[145.08554,-17.55962],[145.10491,-17.54711],[145.11062,-17.54909],[145.11664,-17.53869],[145.12403,-17.53893],[145.128,-17.53323],[145.13192,-17.5356],[145.14521,-17.53393],[145.15699,-17.53802],[145.16114,-17.53183],[145.17468,-17.52551],[145.17943,-17.521],[145.17943,-17.51589],[145.1843,-17.51427],[145.22544,-17.52894],[145.22604,-17.52028],[145.22159,-17.51595],[145.22369,-17.50753],[145.23007,-17.50416],[145.22868,-17.46175],[145.24814,-17.44634],[145.24877,-17.43499],[145.24513,-17.42983],[145.24927,-17.4242],[145.2628,-17.41852],[145.25862,-17.41266],[145.26623,-17.41122],[145.27235,-17.41609],[145.28295,-17.41041],[145.30246,-17.41092],[145.31059,-17.39981],[145.31158,-17.39007],[145.33261,-17.39039],[145.34452,-17.38246],[145.35874,-17.38434],[145.35937,-17.36712],[145.37565,-17.363],[145.39037,-17.35258],[145.39817,-17.35296],[145.399,-17.34571],[145.40435,-17.3426],[145.4104,-17.33069],[145.41915,-17.33181],[145.41688,-17.32582],[145.42038,-17.32245],[145.42118,-17.30968],[145.42574,-17.30636],[145.43416,-17.30748],[145.43741,-17.30411],[145.43292,-17.29114],[145.42574,-17.28739],[145.42468,-17.28016],[145.42935,-17.27693],[145.42948,-17.2718],[145.42493,-17.26724],[145.42487,-17.25545],[145.41763,-17.2421],[145.41944,-17.23013],[145.41028,-17.21628],[145.41121,-17.20829],[145.4036,-17.19837],[145.39673,-17.19781],[145.391,-17.19139],[145.3759,-17.18708],[145.3574,-17.16324],[145.35675,-17.15677],[145.36741,-17.15277],[145.3633,-17.14579],[145.36467,-17.14161],[145.35338,-17.12788],[145.35051,-17.11859],[145.35319,-17.10686],[145.35188,-17.08839],[145.33934,-17.06132],[145.32724,-17.04735],[145.32892,-17.02514],[145.32029,-17.01227],[145.3293,-17.0083],[145.34209,-17.01597],[145.3628,-17.01522],[145.37321,-17.00273],[145.38471,-16.99988],[145.40086,-16.98899],[145.39834,-16.98277],[145.41216,-16.96426],[145.41062,-16.9561],[145.41549,-16.94391],[145.41787,-16.92008],[145.40129,-16.87537],[145.38907,-16.85726],[145.39895,-16.84166],[145.40643,-16.84165],[145.41382,-16.83701],[145.4157,-16.82905],[145.41132,-16.81552],[145.42575,-16.79693],[145.41634,-16.79329],[145.41025,-16.77804],[145.409,-16.764],[145.40085,-16.75673],[145.39728,-16.74394],[145.40969,-16.72877],[145.41909,-16.73128],[145.43513,-16.72213],[145.44666,-16.72627],[145.45807,-16.73567],[145.46534,-16.73454],[145.46616,-16.71361],[145.47048,-16.70753],[145.47907,-16.70502],[145.4849,-16.68377],[145.49148,-16.67826],[145.50082,-16.67926],[145.50371,-16.67417],[145.51292,-16.67793],[145.51675,-16.6762],[145.51382,-16.66281],[145.51017,-16.66083],[145.51226,-16.65198],[145.50569,-16.6487],[145.4985,-16.65494],[145.48515,-16.64309],[145.47353,-16.6422],[145.47267,-16.64813],[145.46497,-16.64986],[145.44641,-16.64385],[145.43875,-16.63874],[145.433,-16.62786],[145.41539,-16.61759],[145.40943,-16.60595],[145.39521,-16.60494],[145.39985,-16.5865],[145.39157,-16.5781],[145.38775,-16.56281],[145.38825,-16.55735],[145.39358,-16.55654],[145.38838,-16.54375],[145.38913,-16.53686],[145.37208,-16.53266],[145.35494,-16.55583],[145.34801,-16.5482],[145.33748,-16.54626],[145.3284,-16.54871],[145.32394,-16.53883],[145.30779,-16.53015],[145.30238,-16.53636],[145.29539,-16.53575],[145.29624,-16.52896],[145.28935,-16.52771],[145.28421,-16.5195],[145.27353,-16.51134],[145.27189,-16.50155],[145.26551,-16.49967],[145.26307,-16.49235],[145.25248,-16.48979],[145.25396,-16.48015],[145.26283,-16.47729],[145.27033,-16.46652],[145.24456,-16.46456],[145.23822,-16.46],[145.23639,-16.4538],[145.23873,-16.44885],[145.23462,-16.45004],[145.23397,-16.44486],[145.22664,-16.43754],[145.22498,-16.42843],[145.21897,-16.42242],[145.20873,-16.4198],[145.21596,-16.40974],[145.21427,-16.39999],[145.1904,-16.39332],[145.17237,-16.37386],[145.17498,-16.36795],[145.16969,-16.3596],[145.16386,-16.35731],[145.15785,-16.34862],[145.14469,-16.35059],[145.14053,-16.34589],[145.14225,-16.3366],[145.13535,-16.32315],[145.13904,-16.30907],[145.12952,-16.30357],[145.13456,-16.28314],[145.13048,-16.28056],[145.12184,-16.28215],[145.10672,-16.26893],[145.09506,-16.26346],[145.0853,-16.26245],[145.07804,-16.26757],[145.06449,-16.26125],[145.061,-16.26296],[145.05691,-16.25709],[145.05995,-16.24852],[145.05096,-16.23876],[145.03537,-16.23067],[145.02073,-16.22888],[145.02324,-16.22282],[145.01239,-16.21103],[145.01727,-16.20434],[145.00577,-16.20137],[145.00374,-16.1931],[144.9875,-16.19034],[144.98504,-16.1756],[144.99097,-16.17093],[144.98069,-16.16647],[144.97306,-16.17117],[144.95796,-16.16812],[144.94741,-16.17201],[144.92776,-16.16452],[144.91927,-16.14675],[144.90978,-16.13905],[144.90936,-16.13031],[144.90068,-16.12851],[144.89415,-16.12318],[144.88492,-16.0934],[144.87665,-16.08429],[144.87497,-16.07027],[144.87857,-16.06404],[144.8691,-16.04864],[144.86197,-16.02815],[144.84214,-16.01604],[144.83867,-16.0052],[144.83554,-16.01682],[144.83147,-16.01778],[144.82428,-16.00328],[144.82693,-15.99335],[144.8247,-15.98177],[144.82012,-15.97242],[144.815,-15.97001],[144.81457,-15.96332],[144.80806,-15.95946],[144.80288,-15.9635],[144.79504,-15.95735],[144.78183,-15.92979],[144.77363,-15.92442],[144.77248,-15.91737],[144.76676,-15.91846],[144.75651,-15.90507],[144.734,-15.88916],[144.72521,-15.8956],[144.71399,-15.89651],[144.71159,-15.89255],[144.66986,-15.88999],[144.65442,-15.89422],[144.65267,-15.88565],[144.65713,-15.88288],[144.65556,-15.8783],[144.65891,-15.8703],[144.65683,-15.85677],[144.6502,-15.85182],[144.64141,-15.84876],[144.63705,-15.85291],[144.62294,-15.85665],[144.61281,-15.85219],[144.60551,-15.86226],[144.59689,-15.86262],[144.59098,-15.86159],[144.58659,-15.85592],[144.57277,-15.85708],[144.57278,-15.85048],[144.56988,-15.84881],[144.56542,-15.8543],[144.54762,-15.85342],[144.53056,-15.85888],[144.52562,-15.86744],[144.51712,-15.87353],[144.5176,-15.88318],[144.51235,-15.88157],[144.50801,-15.88807],[144.48609,-15.88578],[144.47558,-15.89017],[144.46549,-15.90109],[144.44608,-15.90127],[144.44187,-15.90465],[144.44056,-15.91237],[144.42976,-15.92068],[144.41954,-15.91781],[144.41195,-15.92573],[144.36405,-15.94649],[144.34321,-15.94152],[144.32564,-15.94122],[144.31899,-15.9376],[144.30421,-15.92412],[144.29436,-15.90655],[144.27655,-15.90501],[144.27613,-15.89747],[144.26355,-15.88471],[144.26248,-15.8705],[144.25251,-15.86233],[144.23874,-15.85806],[144.22485,-15.8618],[144.22591,-15.85604],[144.21891,-15.84767],[144.21167,-15.85105],[144.19529,-15.84785],[144.19054,-15.85129],[144.18482,-15.85059],[144.17403,-15.86186],[144.16351,-15.86487],[144.15848,-15.88394],[144.16145,-15.88661],[144.16092,-15.89308],[144.14803,-15.89789],[144.09475,-15.88628],[144.09335,-15.8837],[144.08674,-15.88472],[144.08363,-15.87944],[144.08107,-15.88225],[144.07493,-15.88118],[144.06862,-15.87117],[144.06339,-15.88204],[144.05591,-15.88097],[144.04819,-15.871],[144.047,-15.86245],[144.03193,-15.8536],[144.01542,-15.85669],[144.01418,-15.86387],[144.00779,-15.86566],[143.99266,-15.84853],[143.96392,-15.83051],[143.95981,-15.83226],[143.96063,-15.84321],[143.9404,-15.84959],[143.93796,-15.85325],[143.9295,-15.84411],[143.91615,-15.84459],[143.91337,-15.83758],[143.90035,-15.84093],[143.88855,-15.83119],[143.8824,-15.83062],[143.86053,-15.81764],[143.85457,-15.80975],[143.84794,-15.80984],[143.84847,-15.79876],[143.84314,-15.78708],[143.83517,-15.77853],[143.82467,-15.77399],[143.82684,-15.76739],[143.8177,-15.76354],[143.81931,-15.75639],[143.81341,-15.74853],[143.8205,-15.7421],[143.82258,-15.72988],[143.84087,-15.72208],[143.84313,-15.68324],[143.83583,-15.67484],[143.83704,-15.66644],[143.8171,-15.66],[143.80292,-15.64267],[143.78862,-15.64195],[143.78124,-15.63057],[143.78082,-15.62408],[143.75949,-15.61568],[143.75181,-15.60347],[143.7543,-15.58521],[143.75109,-15.58232],[143.69557,-15.58089],[143.68878,-15.57672],[143.67734,-15.56183],[143.65303,-15.56492],[143.63337,-15.55539],[143.62569,-15.54229],[143.63248,-15.52561],[143.63117,-15.51989],[143.6211,-15.5044],[143.59809,-15.48474],[143.58924,-15.47176],[143.57039,-15.46051],[143.57105,-15.45644],[143.58029,-15.44871],[143.56842,-15.42899],[143.56902,-15.42055],[143.56333,-15.41283],[143.55077,-15.4119],[143.53683,-15.39513],[143.53582,-15.37748],[143.53424,-15.37242],[143.52874,-15.36941],[143.53115,-15.35858],[143.52744,-15.35092],[143.5345,-15.33465],[143.51596,-15.32484],[143.48763,-15.35385],[143.48302,-15.35497],[143.47232,-15.34327],[143.47037,-15.33049],[143.46351,-15.32003],[143.45286,-15.31264],[143.44872,-15.30578],[143.44246,-15.28224],[143.43045,-15.27698],[143.41555,-15.26166],[143.4055,-15.24085],[143.41384,-15.2289],[143.40378,-15.21666],[143.39071,-15.2182],[143.37292,-15.24055],[143.36298,-15.23984],[143.3576,-15.23576],[143.3547,-15.22772],[143.34441,-15.22583],[143.33838,-15.21323],[143.32295,-15.20833],[143.31981,-15.19951],[143.30491,-15.18645],[143.30059,-15.17273],[143.30296,-15.16421],[143.29941,-15.15747],[143.30365,-15.1484],[143.3083,-15.15059],[143.31893,-15.14535],[143.32058,-15.13476],[143.31538,-15.12453],[143.31969,-15.11891],[143.33146,-15.11572],[143.33406,-15.11158],[143.33306,-15.10443],[143.32259,-15.09219],[143.32774,-15.07941],[143.32614,-15.06694],[143.33282,-15.06073],[143.34808,-15.06445],[143.3605,-15.05233],[143.3715,-15.05363],[143.36706,-15.0369],[143.3741,-15.03678],[143.38066,-15.03258],[143.37356,-15.0217],[143.37605,-15.00893],[143.36854,-14.99858],[143.37175,-14.9868],[143.35109,-14.96936],[143.34728,-14.96954],[143.33966,-14.98019],[143.33359,-14.97799],[143.3305,-14.98281],[143.31391,-14.98357],[143.31335,-14.9867],[143.30597,-14.98519],[143.30549,-14.99014],[143.29323,-15.00067],[143.27954,-14.99222],[143.27168,-14.9924],[143.25477,-14.98079],[143.23429,-14.97668],[143.21278,-14.96282],[143.20553,-14.96552],[143.19089,-14.96067],[143.18357,-14.96739],[143.18428,-14.97752],[143.18107,-14.97918],[143.17535,-14.97531],[143.17065,-14.98514],[143.16642,-14.98008],[143.15761,-14.98389],[143.15059,-14.98049],[143.14713,-14.97549],[143.13142,-14.97049],[143.12344,-14.96126],[143.1057,-14.96865],[143.09915,-14.96781],[143.09343,-14.97388],[143.08105,-14.96805],[143.07254,-14.97133],[143.06462,-14.959],[143.04795,-14.96091],[143.04015,-14.95817],[143.03533,-14.9496],[143.0245,-14.94775],[143.0192,-14.95597],[142.99839,-14.9595],[142.99036,-14.96709],[142.97506,-14.9683],[142.96663,-14.9794],[142.95942,-14.97848],[142.95132,-14.96973],[142.91943,-14.97854],[142.91384,-14.97788],[142.90872,-14.97104],[142.90349,-14.96979],[142.88504,-14.98252],[142.86708,-14.96634],[142.85779,-14.96878],[142.83019,-14.96164],[142.80805,-14.94801],[142.79453,-14.94875],[142.77813,-14.94191],[142.76448,-14.95127],[142.76068,-14.96128],[142.75141,-14.96604],[142.73404,-14.95867],[142.69953,-14.95855],[142.69299,-14.94706],[142.68561,-14.94355],[142.65634,-14.9504],[142.64634,-14.94284],[142.62302,-14.94034],[142.60993,-14.94343],[142.59303,-14.93272],[142.569,-14.93035],[142.54353,-14.93439],[142.53115,-14.93267],[142.50188,-14.93999],[142.44745,-14.92332],[142.41105,-14.93824],[142.38372,-14.942]]],"type":"Polygon"},"properties":{"area_sqkm":71715.71,"basin_no":"919","division":"Gulf","division_no":"IX","id":"mitchell","name":"Mitchell"},"type":"Feature"},
{"geometry":{"coordinates":[[[150.5734,-27.32988],[150.57218,-27.34072],[150.56173,-27.35123],[150.54032,-27.36013],[150.49461,-27.36166],[150.48662,-27.36469],[150.46419,-27.37926],[150.43255,-27.41342],[150.40438,-27.43514],[150.31234,-27.47852],[150.26581,-27.482],[150.20042,-27.49872],[150.16084,-27.50309],[150.1322,-27.49818],[150.09681,-27.51074],[150.04809,-27.51923],[150.02546,-27.51737],[150.00106,-27.52714],[149.94364,-27.51642],[149.88663,-27.52142],[149.87664,-27.52956],[149.86744,-27.52414],[149.8643,-27.51461],[149.859,-27.51371],[149.84688,-27.51906],[149.83277,-27.51196],[149.82075,-27.51115],[149.80473,-27.51176],[149.79516,-27.51878],[149.78924,-27.51946],[149.77063,-27.51115],[149.76031,-27.51408],[149.73707,-27.51268],[149.70817,-27.52163],[149.70079,-27.52061],[149.6975,-27.51353],[149.68914,-27.51664],[149.67753,-27.51358],[149.66223,-27.51467],[149.65293,-27.5069],[149.653,-27.50092],[149.66384,-27.4951],[149.66461,-27.49225],[149.65664,-27.48597],[149.66882,-27.47663],[149.66683,-27.46757],[149.67458,-27.455],[149.67278,-27.4501],[149.65796,-27.45643],[149.65293,-27.46422],[149.64236,-27.46678],[149.6409,-27.4743],[149.64535,-27.47907],[149.63284,-27.48568],[149.61997,-27.48051],[149.61786,-27.48527],[149.60253,-27.48346],[149.59886,-27.47677],[149.57776,-27.47125],[149.54878,-27.47317],[149.52019,-27.45692],[149.48987,-27.45831],[149.48552,-27.45584],[149.48295,-27.45095],[149.49394,-27.43032],[149.48261,-27.42771],[149.48041,-27.42194],[149.47154,-27.41759],[149.47048,-27.40087],[149.44661,-27.40228],[149.43422,-27.40894],[149.41742,-27.41165],[149.40554,-27.41898],[149.39989,-27.4152],[149.3864,-27.41545],[149.3749,-27.40986],[149.35856,-27.41371],[149.34931,-27.40959],[149.33139,-27.39016],[149.31232,-27.39683],[149.29284,-27.39627],[149.28156,-27.40336],[149.2802,-27.4076],[149.28472,-27.41635],[149.28796,-27.43637],[149.27889,-27.45483],[149.27999,-27.47123],[149.2704,-27.48306],[149.26579,-27.50196],[149.24885,-27.50952],[149.23021,-27.55342],[149.21336,-27.57802],[149.2117,-27.58482],[149.20249,-27.59769],[149.18671,-27.61098],[149.17918,-27.63988],[149.14913,-27.64209],[149.1322,-27.66324],[149.11076,-27.68279],[149.09627,-27.69071],[149.07224,-27.69201],[149.05539,-27.68414],[149.04445,-27.67148],[149.04873,-27.66389],[149.06631,-27.64864],[149.06215,-27.63803],[149.05074,-27.63098],[149.01645,-27.62859],[149.01065,-27.62369],[149.00443,-27.61069],[148.99328,-27.61346],[148.9741,-27.60859],[148.9661,-27.61221],[148.95801,-27.63],[148.95576,-27.68195],[148.94445,-27.69502],[148.94489,-27.70766],[148.9141,-27.71611],[148.91283,-27.72606],[148.91739,-27.73814],[148.91682,-27.74867],[148.90294,-27.76031],[148.89228,-27.75795],[148.8649,-27.76041],[148.85483,-27.76658],[148.84881,-27.77878],[148.82744,-27.77871],[148.8239,-27.78119],[148.83536,-27.79841],[148.82318,-27.80682],[148.8227,-27.81036],[148.84655,-27.82784],[148.85124,-27.83917],[148.85085,-27.85616],[148.83855,-27.88076],[148.83047,-27.88728],[148.82697,-27.89621],[148.82915,-27.90854],[148.82409,-27.93291],[148.80654,-27.95854],[148.80695,-27.98076],[148.81548,-27.99852],[148.81,-28.01377],[148.77833,-28.05308],[148.77568,-28.0812],[148.76223,-28.09422],[148.75021,-28.12111],[148.75318,-28.15231],[148.73526,-28.16941],[148.73419,-28.17918],[148.73827,-28.18766],[148.72137,-28.20819],[148.70982,-28.2412],[148.70164,-28.24992],[148.67099,-28.26343],[148.68763,-28.3119],[148.68242,-28.33527],[148.67232,-28.35754],[148.65781,-28.37632],[148.65645,-28.3854],[148.66024,-28.39959],[148.67744,-28.43398],[148.67848,-28.45546],[148.66898,-28.46732],[148.61748,-28.49872],[148.60676,-28.5207],[148.60569,-28.53846],[148.62402,-28.58565],[148.61701,-28.6125],[148.62356,-28.62113],[148.6416,-28.62851],[148.64886,-28.64088],[148.6465,-28.65779],[148.61899,-28.69818],[148.61159,-28.71762],[148.63206,-28.75832],[148.63154,-28.79656],[148.65605,-28.81],[148.66547,-28.81905],[148.67209,-28.83281],[148.67426,-28.85538],[148.66684,-28.86959],[148.63347,-28.89959],[148.61057,-28.90194],[148.59685,-28.91397],[148.57469,-28.92448],[148.54012,-28.93489],[148.52613,-28.93374],[148.51476,-28.94481],[148.517,-28.95547],[148.53514,-28.96859],[148.54176,-28.98374],[148.53764,-29.01435],[148.54416,-29.03642],[148.56467,-29.05821],[148.58895,-29.06953],[148.60186,-29.07051],[148.60395,-29.074],[148.59777,-29.09533],[148.59992,-29.12162],[148.58998,-29.14756],[148.59402,-29.16321],[148.59002,-29.18042],[148.59409,-29.18654],[148.60965,-29.19002],[148.61607,-29.20277],[148.61253,-29.21627],[148.59399,-29.24273],[148.58494,-29.27549],[148.57248,-29.29697],[148.56853,-29.30712],[148.57009,-29.31899],[148.58113,-29.32041],[148.59527,-29.31398],[148.6099,-29.31476],[148.63205,-29.299],[148.66156,-29.30985],[148.67569,-29.31057],[148.68734,-29.30644],[148.70126,-29.31335],[148.72207,-29.31566],[148.7175,-29.30821],[148.7199,-29.3052],[148.71758,-29.30154],[148.70556,-29.29795],[148.69239,-29.26683],[148.69563,-29.25815],[148.70683,-29.25428],[148.71408,-29.24519],[148.70908,-29.24027],[148.69055,-29.23414],[148.67696,-29.19865],[148.68187,-29.1785],[148.69562,-29.1552],[148.69706,-29.12827],[148.69329,-29.12297],[148.66705,-29.111],[148.66144,-29.10444],[148.65949,-29.0929],[148.66648,-29.08406],[148.70042,-29.06339],[148.73882,-29.05285],[148.75378,-29.01334],[148.75395,-28.9727],[148.75896,-28.95957],[148.76555,-28.95272],[148.78182,-28.94278],[148.79859,-28.94189],[148.82371,-28.94595],[148.84117,-28.94329],[148.85625,-28.93293],[148.87101,-28.93024],[148.87461,-28.90977],[148.86722,-28.89924],[148.88227,-28.88097],[148.8821,-28.87426],[148.87492,-28.86306],[148.87298,-28.84387],[148.88491,-28.81786],[148.89287,-28.81469],[148.90604,-28.81595],[148.92546,-28.81267],[148.93565,-28.80922],[148.94322,-28.79989],[148.97193,-28.79858],[148.98332,-28.80282],[148.99723,-28.8],[149.01216,-28.78908],[149.04307,-28.75636],[149.07345,-28.69395],[149.04896,-28.64955],[149.04722,-28.64078],[149.05098,-28.62331],[149.07707,-28.61125],[149.13548,-28.59675],[149.14158,-28.58732],[149.14161,-28.57642],[149.1318,-28.56293],[149.12066,-28.55523],[149.07967,-28.54075],[149.07346,-28.53379],[149.07405,-28.52682],[149.08092,-28.52173],[149.10384,-28.51456],[149.16075,-28.50688],[149.18277,-28.50096],[149.19161,-28.48939],[149.18639,-28.47859],[149.20084,-28.46153],[149.2013,-28.45071],[149.19359,-28.4419],[149.1812,-28.43856],[149.15858,-28.44027],[149.14794,-28.41992],[149.15018,-28.41158],[149.17223,-28.39746],[149.19843,-28.39751],[149.21356,-28.38875],[149.22467,-28.39042],[149.22923,-28.38584],[149.24201,-28.38631],[149.25664,-28.37534],[149.27623,-28.37121],[149.30234,-28.36028],[149.31821,-28.34487],[149.33646,-28.34141],[149.34805,-28.32117],[149.35254,-28.29639],[149.35677,-28.2923],[149.38249,-28.28611],[149.39263,-28.29121],[149.40545,-28.30718],[149.41192,-28.30925],[149.42298,-28.29295],[149.43863,-28.28694],[149.44492,-28.27524],[149.45427,-28.24283],[149.4883,-28.23571],[149.50228,-28.20568],[149.5203,-28.19769],[149.52876,-28.18622],[149.53403,-28.13636],[149.54424,-28.11299],[149.55047,-28.08458],[149.58325,-28.02132],[149.59633,-28.01714],[149.67403,-28.02229],[149.70556,-28.02236],[149.73464,-28.01796],[149.74299,-28.02086],[149.7538,-28.03557],[149.76296,-28.07943],[149.76839,-28.08849],[149.8209,-28.11139],[149.82814,-28.11639],[149.83955,-28.13221],[149.84445,-28.13615],[149.84991,-28.13525],[149.866,-28.12039],[149.86626,-28.09583],[149.85959,-28.08077],[149.84128,-28.05712],[149.83019,-28.03632],[149.82789,-28.00919],[149.81813,-28.00009],[149.81016,-27.98452],[149.80947,-27.97984],[149.81466,-27.97646],[149.82836,-27.98686],[149.84387,-27.99088],[149.8693,-27.98106],[149.90044,-27.98129],[149.91941,-27.97765],[149.92501,-27.97105],[149.92878,-27.94549],[149.93172,-27.94177],[149.93952,-27.94125],[149.95328,-27.95771],[149.97414,-27.96833],[149.9845,-27.99054],[149.99265,-27.99658],[150.00347,-27.99813],[150.01962,-27.98478],[150.03026,-27.98904],[150.06442,-27.98477],[150.07477,-27.97615],[150.07908,-27.96548],[150.06596,-27.92094],[150.07753,-27.90197],[150.08753,-27.86535],[150.09823,-27.85819],[150.10852,-27.85691],[150.1386,-27.8607],[150.15712,-27.85447],[150.18386,-27.85948],[150.19568,-27.85684],[150.21201,-27.83994],[150.24004,-27.82772],[150.25129,-27.81834],[150.25624,-27.80863],[150.25277,-27.78414],[150.25714,-27.76865],[150.27051,-27.74776],[150.29519,-27.73072],[150.31859,-27.72301],[150.37786,-27.72223],[150.4334,-27.70635],[150.44105,-27.69613],[150.44009,-27.66528],[150.44458,-27.65776],[150.48663,-27.65107],[150.49768,-27.64561],[150.51801,-27.64889],[150.52837,-27.64656],[150.53976,-27.63037],[150.5553,-27.62493],[150.55329,-27.60927],[150.55627,-27.59793],[150.57214,-27.59476],[150.5856,-27.57929],[150.59771,-27.57268],[150.60865,-27.57054],[150.64129,-27.57249],[150.64867,-27.56802],[150.66019,-27.56653],[150.66692,-27.57385],[150.68026,-27.55449],[150.69839,-27.54588],[150.71782,-27.55352],[150.71885,-27.56459],[150.72766,-27.56323],[150.73931,-27.55403],[150.75006,-27.55319],[150.7612,-27.56025],[150.77175,-27.55358],[150.79714,-27.56956],[150.80801,-27.55449],[150.82834,-27.54685],[150.82976,-27.54309],[150.82627,-27.53415],[150.83688,-27.52806],[150.84038,-27.5159],[150.83093,-27.49821],[150.8299,-27.48273],[150.81584,-27.4779],[150.80662,-27.46739],[150.81642,-27.46145],[150.81926,-27.45139],[150.80436,-27.443],[150.79914,-27.4283],[150.80127,-27.41914],[150.82029,-27.39502],[150.82016,-27.36522],[150.825,-27.35961],[150.84177,-27.35232],[150.84673,-27.33078],[150.83622,-27.31917],[150.83248,-27.30537],[150.82158,-27.29931],[150.82272,-27.2906],[150.81842,-27.28448],[150.80475,-27.27764],[150.79243,-27.28022],[150.78348,-27.27304],[150.77211,-27.28061],[150.75199,-27.2877],[150.72929,-27.28918],[150.70136,-27.29996],[150.70019,-27.31348],[150.69549,-27.31376],[150.68711,-27.31982],[150.68543,-27.32517],[150.67189,-27.33104],[150.66286,-27.32962],[150.65435,-27.33278],[150.63938,-27.32846],[150.6301,-27.32111],[150.62597,-27.32343],[150.61894,-27.32182],[150.60056,-27.33285],[150.57631,-27.32382],[150.5734,-27.32988]]],"type":"Polygon"},"properties":{"area_sqkm":14833.63,"basin_no":"417","division":"Murray Darling","division_no":"IV","id":"moonie","name":"Moonie"},"type":"Feature"},
{"geometry":{"coordinates":[[[[153.45558,-27.02411],[153.45367,-27.02189],[153.44825,-27.02859],[153.39248,-27.04822],[153.40141,-27.03972],[153.37363,-27.05228],[153.36199,-27.06145],[153.36723,-27.07346],[153.3702,-27.09593],[153.36942,-27.11153],[153.36185,-27.13674],[153.37331,-27.17452],[153.36553,-27.20076],[153.37552,-27.21969],[153.37801,-27.23713],[153.39777,-27.27256],[153.40605,-27.30178],[153.42178,-27.33234],[153.41986,-27.33866],[153.42304,-27.33954],[153.41867,-27.35397],[153.42894,-27.36325],[153.43491,-27.34917],[153.43629,-27.33213],[153.42249,-27.30074],[153.41872,-27.28208],[153.41742,-27.22716],[153.42448,-27.17167],[153.43526,-27.12727],[153.45115,-27.07267],[153.46151,-27.0442],[153.46784,-27.03503],[153.46846,-27.02779],[153.45558,-27.02411]]],[[[153.427,-27.03154],[153.4158,-27.03246],[153.41739,-27.03257],[153.41999,-27.03483],[153.42229,-27.03436],[153.42423,-27.03277],[153.426,-27.03299],[153.427,-27.03154]]],[[[153.40688,-27.03809],[153.40644,-27.03701],[153.40212,-27.03926],[153.4048,-27.04099],[153.40688,-27.03809]]],[[[153.42122,-27.33558],[153.41896,-27.33428],[153.41782,-27.33495],[153.41944,-27.33697],[153.42122,-27.33558]]],[[[153.40959,-27.03608],[153.40816,-27.03618],[153.4079,-27.03678],[153.40865,-27.03698],[153.40959,-27.03608]]]],"type":"MultiPolygon"},"properties":{"area_sqkm":172.18,"basin_no":"144","division":"North East Coast","division_no":"I","id":"moreton_island","name":"Moreton Island"},"type":"Feature"},
{"geometry":{"coordinates":[[[140.34689,-17.68599],[140.24916,-17.69849],[140.21644,-17.70858],[140.2102,-17.70339],[140.20297,-17.70293],[140.15956,-17.71271],[140.14297,-17.71348],[140.14126,-17.72895],[140.14659,-17.76153],[140.13179,-17.77704],[140.12425,-17.79094],[140.12796,-17.81112],[140.11203,-17.86886],[140.11119,-17.88994],[140.09478,-17.90384],[140.06244,-17.91318],[140.05513,-17.91881],[140.04794,-17.94019],[140.03536,-17.95017],[140.03429,-17.97044],[140.02764,-17.9826],[140.01896,-17.98955],[140.01824,-17.9944],[140.02389,-18.0064],[140.01969,-18.01114],[140.02629,-18.01948],[140.04171,-18.02225],[140.04219,-18.03665],[140.06716,-18.05664],[140.08115,-18.08731],[140.09447,-18.09907],[140.09765,-18.1154],[140.10525,-18.12728],[140.09261,-18.14565],[140.09063,-18.15657],[140.09711,-18.17524],[140.10474,-18.18508],[140.1198,-18.19073],[140.14717,-18.18556],[140.16362,-18.20315],[140.18006,-18.20651],[140.20671,-18.22884],[140.23156,-18.22704],[140.24477,-18.21845],[140.26469,-18.22794],[140.2968,-18.22746],[140.2986,-18.23604],[140.30934,-18.24878],[140.30101,-18.26089],[140.29998,-18.27073],[140.30707,-18.27673],[140.30833,-18.28178],[140.29758,-18.29024],[140.28762,-18.29246],[140.28456,-18.31443],[140.29086,-18.31317],[140.29507,-18.3187],[140.30587,-18.31833],[140.31619,-18.33273],[140.336,-18.34438],[140.34836,-18.34162],[140.35887,-18.3514],[140.38071,-18.35584],[140.38816,-18.36521],[140.3983,-18.36388],[140.41285,-18.37037],[140.4088,-18.36629],[140.40832,-18.35656],[140.41228,-18.34864],[140.41967,-18.34432],[140.41456,-18.33724],[140.42543,-18.31983],[140.43173,-18.31641],[140.42987,-18.31035],[140.43269,-18.30542],[140.47429,-18.3074],[140.51403,-18.28777],[140.55475,-18.24059],[140.56625,-18.21777],[140.56631,-18.2003],[140.57019,-18.18893],[140.5887,-18.15829],[140.60346,-18.14661],[140.65365,-18.12428],[140.67309,-18.1105],[140.67838,-18.095],[140.67881,-18.07015],[140.66928,-18.03939],[140.66903,-18.02801],[140.67611,-18.01202],[140.69307,-17.99522],[140.69577,-17.97962],[140.67663,-17.94961],[140.6402,-17.85264],[140.61836,-17.80818],[140.60555,-17.79888],[140.58014,-17.78953],[140.57407,-17.78454],[140.56567,-17.73431],[140.56945,-17.71344],[140.5493,-17.68666],[140.52218,-17.62723],[140.49667,-17.63908],[140.4691,-17.64481],[140.45579,-17.65084],[140.45286,-17.64882],[140.45464,-17.6426],[140.44904,-17.64161],[140.39792,-17.67303],[140.3812,-17.67943],[140.34689,-17.68599]]],"type":"Polygon"},"properties":{"area_sqkm":3690.76,"basin_no":"914","division":"Gulf","division_no":"IX","id":"morning","name":"Morning"},"type":"Feature"},
{"geometry":{"coordinates":[[[139.35862,-16.45635],[139.33743,-16.46496],[139.30943,-16.46045],[139.29853,-16.46698],[139.28955,-16.47867],[139.2416,-16.50468],[139.2436,-16.50784],[139.24034,-16.52034],[139.21798,-16.5363],[139.22096,-16.53768],[139.21992,-16.54581],[139.21319,-16.55014],[139.21739,-16.55831],[139.21047,-16.57137],[139.16075,-16.60959],[139.16142,-16.6212],[139.15039,-16.63406],[139.15881,-16.64785],[139.16123,-16.66408],[139.16615,-16.66868],[139.19258,-16.66848],[139.19596,-16.67464],[139.19526,-16.69442],[139.19946,-16.70893],[139.21992,-16.71019],[139.22372,-16.71353],[139.23002,-16.73218],[139.24583,-16.72554],[139.25901,-16.72424],[139.27339,-16.7338],[139.28148,-16.7316],[139.28817,-16.73501],[139.30334,-16.72472],[139.31303,-16.7306],[139.31706,-16.72727],[139.32377,-16.71026],[139.35018,-16.68964],[139.35511,-16.69174],[139.35734,-16.68844],[139.36561,-16.69372],[139.36612,-16.68979],[139.37271,-16.68759],[139.36727,-16.68332],[139.3673,-16.67427],[139.38241,-16.6566],[139.37469,-16.64445],[139.38075,-16.63434],[139.38326,-16.63394],[139.38558,-16.63982],[139.39416,-16.63804],[139.39939,-16.64389],[139.40104,-16.64086],[139.40658,-16.64578],[139.40965,-16.65513],[139.41473,-16.65929],[139.4113,-16.65905],[139.41604,-16.66418],[139.41342,-16.66866],[139.4158,-16.67275],[139.42819,-16.67078],[139.43655,-16.67502],[139.43984,-16.66995],[139.45152,-16.6664],[139.44958,-16.64871],[139.44673,-16.64625],[139.44889,-16.64367],[139.44422,-16.63674],[139.44633,-16.63394],[139.43868,-16.63078],[139.44935,-16.62794],[139.46075,-16.62982],[139.46766,-16.6245],[139.47146,-16.61336],[139.4656,-16.60117],[139.4692,-16.59957],[139.47041,-16.58922],[139.46581,-16.58237],[139.47232,-16.58327],[139.46353,-16.57718],[139.46945,-16.57647],[139.46575,-16.57308],[139.46641,-16.56864],[139.45741,-16.57655],[139.45246,-16.56984],[139.45712,-16.57047],[139.47021,-16.55831],[139.48265,-16.55656],[139.49409,-16.56001],[139.50251,-16.57674],[139.50685,-16.57682],[139.50599,-16.57058],[139.51422,-16.5611],[139.51617,-16.54837],[139.51092,-16.54291],[139.48472,-16.54291],[139.47801,-16.53218],[139.48083,-16.52987],[139.47952,-16.52493],[139.49331,-16.52248],[139.50057,-16.5138],[139.50576,-16.51234],[139.51202,-16.51672],[139.53125,-16.51621],[139.53323,-16.51259],[139.53001,-16.50812],[139.54316,-16.49384],[139.54071,-16.49291],[139.54136,-16.48819],[139.55795,-16.48429],[139.5587,-16.4926],[139.57852,-16.50331],[139.58076,-16.51102],[139.57673,-16.51658],[139.57968,-16.52777],[139.58902,-16.53239],[139.58834,-16.54177],[139.59393,-16.54723],[139.59533,-16.5545],[139.62825,-16.53329],[139.63916,-16.53294],[139.65718,-16.51999],[139.68221,-16.52042],[139.68684,-16.52479],[139.6889,-16.53554],[139.7034,-16.53552],[139.71248,-16.53205],[139.70997,-16.52279],[139.70056,-16.51478],[139.70132,-16.4861],[139.69109,-16.46907],[139.68127,-16.46667],[139.68111,-16.4568],[139.67766,-16.45244],[139.64868,-16.44971],[139.63351,-16.43323],[139.61752,-16.4219],[139.60468,-16.40398],[139.5609,-16.39734],[139.55011,-16.39114],[139.53707,-16.39907],[139.53787,-16.4064],[139.53034,-16.41274],[139.48558,-16.43035],[139.47393,-16.44182],[139.46356,-16.44684],[139.43949,-16.4491],[139.41912,-16.44558],[139.38749,-16.45223],[139.36366,-16.4528],[139.35862,-16.45635]]],"type":"Polygon"},"properties":{"area_sqkm":1004.84,"basin_no":"911","division":"Gulf","division_no":"IX","id":"mornington_island","name":"Mornington Island"},"type":"Feature"},
{"geometry":{"coordinates":[[[145.21596,-16.40974],[145.20873,-16.4198],[145.21897,-16.42242],[145.22498,-16.42843],[145.22664,-16.43754],[145.23397,-16.44486],[145.23462,-16.45004],[145.23873,-16.44885],[145.23639,-16.4538],[145.23822,-16.46],[145.24456,-16.46456],[145.27033,-16.46652],[145.26283,-16.47729],[145.25396,-16.48015],[145.25248,-16.48979],[145.2639,-16.49301],[145.26551,-16.49967],[145.27189,-16.50155],[145.27353,-16.51134],[145.28421,-16.5195],[145.28935,-16.52771],[145.29624,-16.52896],[145.29486,-16.53479],[145.2978,-16.53781],[145.30779,-16.53015],[145.32394,-16.53883],[145.3284,-16.54871],[145.33748,-16.54626],[145.34801,-16.5482],[145.35494,-16.55583],[145.37208,-16.53266],[145.38913,-16.53686],[145.38838,-16.54375],[145.39358,-16.55654],[145.38825,-16.55735],[145.38775,-16.56281],[145.39157,-16.5781],[145.39985,-16.5865],[145.39521,-16.60494],[145.40943,-16.60595],[145.41539,-16.61759],[145.433,-16.62786],[145.43875,-16.63874],[145.44533,-16.64341],[145.46497,-16.64986],[145.47267,-16.64813],[145.47353,-16.6422],[145.48565,-16.64316],[145.4985,-16.65494],[145.50706,-16.64876],[145.51268,-16.65294],[145.51017,-16.66083],[145.51358,-16.66233],[145.51719,-16.67445],[145.52599,-16.67232],[145.53801,-16.67774],[145.54413,-16.68702],[145.55179,-16.69187],[145.56222,-16.69251],[145.576,-16.70115],[145.58174,-16.70098],[145.61313,-16.71584],[145.62242,-16.71741],[145.62407,-16.72183],[145.63101,-16.7235],[145.63563,-16.73713],[145.6462,-16.74143],[145.64213,-16.74813],[145.64883,-16.76033],[145.64811,-16.76834],[145.65554,-16.78504],[145.65385,-16.80099],[145.6604,-16.81681],[145.68303,-16.80488],[145.68937,-16.81307],[145.71224,-16.80007],[145.70636,-16.79032],[145.70204,-16.78921],[145.69516,-16.77496],[145.69084,-16.78025],[145.68025,-16.77237],[145.67276,-16.75736],[145.67093,-16.73739],[145.65029,-16.72934],[145.62224,-16.69949],[145.58161,-16.68664],[145.5719,-16.66732],[145.56438,-16.64227],[145.52336,-16.60103],[145.52257,-16.58566],[145.51586,-16.58632],[145.51324,-16.58368],[145.51282,-16.57413],[145.50095,-16.55452],[145.48937,-16.54669],[145.48963,-16.54105],[145.48671,-16.54189],[145.46898,-16.5146],[145.46666,-16.50195],[145.46938,-16.48246],[145.4634,-16.47791],[145.46051,-16.4826],[145.45499,-16.48192],[145.44112,-16.4733],[145.43202,-16.47383],[145.43002,-16.47788],[145.41307,-16.46794],[145.40889,-16.45701],[145.40688,-16.42987],[145.38234,-16.4326],[145.37277,-16.42925],[145.36665,-16.42231],[145.36173,-16.42299],[145.35151,-16.43933],[145.35275,-16.44405],[145.34169,-16.44188],[145.32859,-16.44944],[145.32414,-16.44441],[145.30639,-16.44051],[145.30157,-16.4345],[145.29062,-16.43426],[145.27217,-16.42564],[145.27086,-16.42314],[145.27648,-16.41695],[145.27638,-16.40824],[145.26967,-16.40153],[145.25533,-16.40159],[145.25015,-16.40766],[145.24486,-16.40862],[145.24682,-16.41207],[145.24134,-16.41754],[145.23486,-16.41659],[145.23444,-16.41242],[145.22575,-16.40832],[145.21956,-16.41111],[145.21649,-16.40751],[145.21596,-16.40974]]],"type":"Polygon"},"properties":{"area_sqkm":474.6,"basin_no":"109","division":"North East Coast","division_no":"I","id":"mossman","name":"Mossman"},"type":"Feature"},
{"geometry":{"coordinates":[[[145.75072,-16.88781],[145.73123,-16.88638],[145.72157,-16.8984],[145.72337,-16.90734],[145.71138,-16.91675],[145.71305,-16.93744],[145.70683,-16.9555],[145.71192,-16.96291],[145.71144,-16.97128],[145.72364,-16.97906],[145.70221,-17.00014],[145.69947,-17.01271],[145.69176,-17.01827],[145.68765,-17.02583],[145.69325,-17.03848],[145.69277,-17.04586],[145.68134,-17.04562],[145.66551,-17.03792],[145.65817,-17.02847],[145.65029,-17.02432],[145.63813,-17.02333],[145.63597,-17.03184],[145.616,-17.04887],[145.61961,-17.05982],[145.61402,-17.06824],[145.6231,-17.06818],[145.6329,-17.07414],[145.62466,-17.08557],[145.624,-17.09616],[145.63867,-17.1033],[145.63635,-17.10898],[145.64145,-17.12119],[145.6545,-17.12528],[145.65619,-17.14453],[145.66208,-17.15313],[145.67015,-17.15368],[145.67532,-17.16264],[145.674,-17.1686],[145.66864,-17.16926],[145.66774,-17.17227],[145.6814,-17.18129],[145.68549,-17.19573],[145.68952,-17.19627],[145.68957,-17.21475],[145.6854,-17.21265],[145.68302,-17.21938],[145.66726,-17.22172],[145.65312,-17.20921],[145.64933,-17.24055],[145.64497,-17.24374],[145.63229,-17.24432],[145.62902,-17.24791],[145.6387,-17.25746],[145.64889,-17.25804],[145.6526,-17.27039],[145.64696,-17.2788],[145.64578,-17.28851],[145.6521,-17.28869],[145.65787,-17.30078],[145.67069,-17.30734],[145.67683,-17.32095],[145.67442,-17.33315],[145.6768,-17.34904],[145.69175,-17.35836],[145.70593,-17.37889],[145.70359,-17.3943],[145.7054,-17.40986],[145.71774,-17.42273],[145.72135,-17.43729],[145.73015,-17.45084],[145.76689,-17.46286],[145.77249,-17.46003],[145.7989,-17.46515],[145.80335,-17.48199],[145.81394,-17.48952],[145.81964,-17.48861],[145.82483,-17.49529],[145.83722,-17.49528],[145.84264,-17.49944],[145.85009,-17.49717],[145.85852,-17.50552],[145.86544,-17.50444],[145.86442,-17.49403],[145.87657,-17.49887],[145.88247,-17.49018],[145.88786,-17.49126],[145.8953,-17.48736],[145.89456,-17.48145],[145.90286,-17.47633],[145.92845,-17.50368],[145.9363,-17.49394],[145.94841,-17.493],[145.95172,-17.48717],[145.94877,-17.47826],[145.95095,-17.47085],[145.9565,-17.46634],[145.95454,-17.45919],[145.95725,-17.4563],[145.95697,-17.43913],[145.95229,-17.43331],[145.96238,-17.42575],[145.96067,-17.43722],[145.96405,-17.44632],[145.98342,-17.44776],[146.00443,-17.45389],[146.02116,-17.44302],[146.02904,-17.44726],[146.05358,-17.48028],[146.06079,-17.48014],[146.06896,-17.48442],[146.07744,-17.47827],[146.06691,-17.46689],[146.06444,-17.45703],[146.07361,-17.3954],[146.06283,-17.38484],[146.05376,-17.38677],[146.04779,-17.38296],[146.03615,-17.36053],[146.03182,-17.36117],[146.02529,-17.35455],[146.01381,-17.33573],[146.004,-17.31182],[145.99619,-17.2742],[145.98396,-17.24974],[145.97455,-17.24773],[145.97098,-17.23905],[145.97253,-17.22412],[145.96651,-17.22357],[145.9717,-17.21606],[145.96151,-17.18764],[145.96524,-17.17004],[145.95355,-17.15782],[145.94948,-17.13156],[145.92931,-17.11742],[145.92209,-17.10702],[145.91673,-17.08823],[145.89273,-17.06532],[145.88991,-17.05739],[145.89183,-17.02719],[145.90045,-17.00777],[145.89754,-16.99637],[145.90169,-16.98007],[145.91752,-16.96057],[145.93529,-16.94679],[145.93578,-16.93974],[145.9301,-16.92783],[145.93143,-16.92274],[145.9444,-16.90776],[145.95744,-16.90455],[145.95534,-16.897],[145.95816,-16.89609],[145.95381,-16.88924],[145.94827,-16.89078],[145.9436,-16.88083],[145.92888,-16.86541],[145.91977,-16.86368],[145.91615,-16.8648],[145.91921,-16.87301],[145.90909,-16.88819],[145.90709,-16.89657],[145.89801,-16.89507],[145.89412,-16.90014],[145.89009,-16.89915],[145.88501,-16.90671],[145.86975,-16.90647],[145.86199,-16.90348],[145.86305,-16.89076],[145.84899,-16.87078],[145.84755,-16.87554],[145.83977,-16.87772],[145.8255,-16.88914],[145.82178,-16.89969],[145.81229,-16.90289],[145.81163,-16.90754],[145.79322,-16.91049],[145.79152,-16.92097],[145.78658,-16.92271],[145.78426,-16.93221],[145.78027,-16.93182],[145.78155,-16.92257],[145.76242,-16.90442],[145.76253,-16.8921],[145.7642,-16.88684],[145.76825,-16.88531],[145.75072,-16.88781]]],"type":"Polygon"},"properties":{"area_sqkm":1989.35,"basin_no":"111","division":"North East Coast","division_no":"I","id":"mulgrave_russell","name":"Mulgrave-Russell"},"type":"Feature"},
{"geometry":{"coordinates":[[[145.81135,-18.01159],[145.8005,-18.01032],[145.78982,-18.01572],[145.77914,-18.01505],[145.75745,-18.03871],[145.75451,-18.0514],[145.74786,-18.06151],[145.75201,-18.06358],[145.73392,-18.0723],[145.72874,-18.08548],[145.71023,-18.10222],[145.7015,-18.12824],[145.70247,-18.14347],[145.69847,-18.14948],[145.68706,-18.15117],[145.68712,-18.15876],[145.68348,-18.16409],[145.68615,-18.1687],[145.69443,-18.16966],[145.69671,-18.17447],[145.70393,-18.17714],[145.71369,-18.16658],[145.72758,-18.1661],[145.73461,-18.15656],[145.74408,-18.15961],[145.75112,-18.15627],[145.75648,-18.16426],[145.7658,-18.16792],[145.76925,-18.17436],[145.78545,-18.18041],[145.78806,-18.18981],[145.78157,-18.19552],[145.78072,-18.20316],[145.79431,-18.22127],[145.79431,-18.23098],[145.80608,-18.24368],[145.79847,-18.26731],[145.80426,-18.26898],[145.81196,-18.28379],[145.81627,-18.2862],[145.81675,-18.29451],[145.82616,-18.29955],[145.82828,-18.30992],[145.84308,-18.32114],[145.85515,-18.32141],[145.86504,-18.31605],[145.86679,-18.30986],[145.8765,-18.30367],[145.88384,-18.30434],[145.89299,-18.29903],[145.9126,-18.297],[145.91915,-18.30125],[145.93201,-18.29706],[145.94196,-18.29985],[145.94814,-18.30683],[145.96549,-18.29955],[145.98254,-18.31344],[145.9792,-18.3195],[145.98351,-18.32393],[145.97769,-18.33133],[145.98311,-18.33588],[145.98059,-18.34318],[146.01094,-18.35933],[146.01826,-18.35867],[146.01718,-18.36389],[146.03219,-18.36557],[146.03621,-18.38051],[146.04581,-18.38669],[146.05151,-18.39492],[146.0766,-18.40404],[146.0859,-18.39984],[146.0865,-18.4041],[146.09952,-18.41496],[146.09814,-18.42619],[146.10266,-18.43279],[146.09352,-18.43993],[146.09196,-18.44833],[146.10463,-18.45397],[146.11195,-18.47018],[146.11957,-18.47396],[146.11543,-18.47594],[146.11391,-18.48178],[146.1225,-18.48452],[146.11629,-18.49171],[146.11756,-18.50049],[146.1224,-18.50697],[146.14647,-18.51691],[146.16769,-18.51684],[146.18064,-18.52434],[146.18117,-18.52922],[146.19481,-18.53343],[146.20574,-18.51913],[146.20824,-18.50487],[146.22057,-18.49159],[146.21378,-18.47372],[146.20679,-18.4702],[146.20789,-18.45894],[146.19919,-18.45573],[146.19968,-18.45132],[146.1913,-18.44396],[146.18659,-18.44381],[146.18839,-18.43565],[146.17576,-18.43806],[146.167,-18.43096],[146.15859,-18.39507],[146.1505,-18.38707],[146.14029,-18.3624],[146.13687,-18.36249],[146.1382,-18.38343],[146.13374,-18.38878],[146.13202,-18.36789],[146.12755,-18.36662],[146.12808,-18.37178],[146.12644,-18.36169],[146.10921,-18.35456],[146.10288,-18.34867],[146.0995,-18.3531],[146.10396,-18.36044],[146.09598,-18.35379],[146.09967,-18.34307],[146.08616,-18.32892],[146.08092,-18.31397],[146.06293,-18.30027],[146.04997,-18.28297],[146.04973,-18.27662],[146.03438,-18.2708],[146.02641,-18.26382],[146.01679,-18.24826],[146.01831,-18.22994],[146.0073,-18.18059],[146.00917,-18.15994],[146.00635,-18.12761],[146.00993,-18.1164],[146.02732,-18.0909],[146.02615,-18.08568],[146.01523,-18.08146],[146.02839,-18.08029],[146.02989,-18.08332],[146.03783,-18.05094],[145.99965,-18.04679],[145.99676,-18.0521],[145.99177,-18.0534],[145.9701,-18.04022],[145.95048,-18.04044],[145.94068,-18.03683],[145.93286,-18.01742],[145.90988,-18.01226],[145.90371,-18.01467],[145.89284,-18.00934],[145.86443,-18.00971],[145.8372,-18.00407],[145.82714,-18.0094],[145.81818,-18.0041],[145.8156,-18.0102],[145.81135,-18.01159]]],"type":"Polygon"},"properties":{"area_sqkm":1110.14,"basin_no":"114","division":"North East Coast","division_no":"I","id":"murray","name":"Murray"},"type":"Feature"},
{"geometry":{"coordinates":[[[139.35816,-17.37645],[139.34316,-17.42363],[139.33614,-17.43132],[139.32017,-17.43821],[139.30505,-17.43773],[139.27746,-17.42829],[139.26252,-17.42726],[139.21104,-17.44553],[139.1993,-17.44668],[139.16238,-17.43274],[139.14681,-17.43243],[139.11862,-17.45119],[139.07874,-17.46808],[139.06105,-17.4869],[139.04202,-17.49],[139.00115,-17.48362],[138.96537,-17.45695],[138.9483,-17.453],[138.94003,-17.45743],[138.92734,-17.47596],[138.90444,-17.49783],[138.88934,-17.50453],[138.84808,-17.51062],[138.80671,-17.53795],[138.77703,-17.54778],[138.74904,-17.54549],[138.70259,-17.51937],[138.69053,-17.51913],[138.67237,-17.52594],[138.6354,-17.55755],[138.61766,-17.59242],[138.61947,-17.61154],[138.64161,-17.63615],[138.64559,-17.64586],[138.64071,-17.6864],[138.63651,-17.69696],[138.6243,-17.70606],[138.58364,-17.72005],[138.5682,-17.76011],[138.53684,-17.7887],[138.5267,-17.80288],[138.51012,-17.8109],[138.50951,-17.81476],[138.51772,-17.82827],[138.51229,-17.84395],[138.49629,-17.85826],[138.46039,-17.87466],[138.45524,-17.8737],[138.44913,-17.86698],[138.45409,-17.85572],[138.45125,-17.84373],[138.43835,-17.83816],[138.43302,-17.82696],[138.41995,-17.81697],[138.39089,-17.81552],[138.3519,-17.82623],[138.30953,-17.81679],[138.29802,-17.7904],[138.2976,-17.77641],[138.30378,-17.766],[138.29439,-17.75359],[138.29191,-17.74215],[138.29766,-17.7318],[138.29076,-17.72931],[138.28628,-17.72066],[138.27054,-17.72713],[138.2502,-17.71587],[138.22187,-17.71103],[138.2117,-17.70449],[138.18676,-17.71866],[138.17295,-17.71515],[138.16103,-17.71733],[138.1485,-17.72532],[138.13352,-17.72615],[138.13711,-17.70667],[138.12047,-17.70788],[138.1178,-17.70558],[138.1195,-17.69892],[138.11569,-17.69523],[138.106,-17.69475],[138.0991,-17.70147],[138.07755,-17.69572],[138.07065,-17.69923],[138.0609,-17.69759],[138.0592,-17.6893],[138.05357,-17.68409],[138.05902,-17.67931],[138.06023,-17.67308],[138.05527,-17.66914],[138.05091,-17.65836],[138.04328,-17.66157],[138.03916,-17.6692],[138.02669,-17.67653],[138.01501,-17.67495],[138.00926,-17.66835],[138.00545,-17.6692],[137.99394,-17.65339],[138.00075,-17.6419],[137.99862,-17.64035],[138.00163,-17.63295],[137.99963,-17.62439],[137.98152,-17.63583],[137.97651,-17.64364],[137.96267,-17.64031],[137.94983,-17.65457],[137.93476,-17.6611],[137.92486,-17.65494],[137.91974,-17.64435],[137.88655,-17.6401],[137.88083,-17.63043],[137.87275,-17.63058],[137.87106,-17.62519],[137.87474,-17.61452],[137.87156,-17.61166],[137.85207,-17.62411],[137.82975,-17.6286],[137.81226,-17.65044],[137.80153,-17.64687],[137.76076,-17.64992],[137.74677,-17.65748],[137.74353,-17.67853],[137.72319,-17.68588],[137.69821,-17.72283],[137.60561,-17.7619],[137.56014,-17.79473],[137.55492,-17.81372],[137.54942,-17.81581],[137.5358,-17.80725],[137.50575,-17.80042],[137.4825,-17.78448],[137.46387,-17.76842],[137.441,-17.74215],[137.43346,-17.70963],[137.42454,-17.69363],[137.39759,-17.67172],[137.33858,-17.63249],[137.33049,-17.62997],[137.30424,-17.63353],[137.25714,-17.63175],[137.22442,-17.6243],[137.18236,-17.60664],[137.09638,-17.58077],[137.04963,-17.57888],[137.01733,-17.57195],[136.95266,-17.56417],[136.91699,-17.54946],[136.88899,-17.54959],[136.8526,-17.535],[136.832,-17.51611],[136.81662,-17.50721],[136.78294,-17.49605],[136.76651,-17.49452],[136.6873,-17.50164],[136.64903,-17.52982],[136.63917,-17.53077],[136.63877,-17.55354],[136.64664,-17.56608],[136.65416,-17.58929],[136.68205,-17.61579],[136.71151,-17.65527],[136.74752,-17.67566],[136.77951,-17.68271],[136.79865,-17.69277],[136.81616,-17.70632],[136.84087,-17.73384],[136.84563,-17.80784],[136.84283,-17.83371],[136.86216,-17.92096],[136.87046,-17.97546],[136.87783,-17.99041],[136.8862,-17.99852],[136.89065,-18.02907],[136.88676,-18.04074],[136.8762,-18.05574],[136.82731,-18.09491],[136.81231,-18.11713],[136.80787,-18.15046],[136.80787,-18.17852],[136.7962,-18.22852],[136.79926,-18.24185],[136.80454,-18.2463],[136.8287,-18.25407],[136.83787,-18.26157],[136.83815,-18.26657],[136.82731,-18.27768],[136.82843,-18.29463],[136.83815,-18.32074],[136.85009,-18.32824],[136.86981,-18.32602],[136.8937,-18.33268],[136.92426,-18.35574],[136.96148,-18.42129],[136.97787,-18.47657],[137.01565,-18.50796],[137.03426,-18.52907],[137.07037,-18.55352],[137.07981,-18.57685],[137.09704,-18.59796],[137.14037,-18.62157],[137.14898,-18.6224],[137.17203,-18.6024],[137.20287,-18.59046],[137.29203,-18.57629],[137.31648,-18.55935],[137.33148,-18.55296],[137.37287,-18.5524],[137.40203,-18.56213],[137.40731,-18.56657],[137.42009,-18.59851],[137.41425,-18.61129],[137.41814,-18.61713],[137.44287,-18.61629],[137.50148,-18.62212],[137.5162,-18.63157],[137.5162,-18.63462],[137.50509,-18.6374],[137.51342,-18.65573],[137.54731,-18.66351],[137.54925,-18.66546],[137.5462,-18.66935],[137.55092,-18.67046],[137.5612,-18.66962],[137.56814,-18.66379],[137.57842,-18.66407],[137.57453,-18.66712],[137.57287,-18.67546],[137.58175,-18.68851],[137.55648,-18.71046],[137.5637,-18.71685],[137.5862,-18.72407],[137.5962,-18.73546],[137.60648,-18.7374],[137.61231,-18.7549],[137.60675,-18.79268],[137.57842,-18.86629],[137.56564,-18.9249],[137.56064,-18.97685],[137.56064,-18.99879],[137.56953,-19.05379],[137.58176,-19.0824],[137.59287,-19.09657],[137.67148,-19.14851],[137.75064,-19.1924],[137.7962,-19.21157],[137.82398,-19.22879],[137.83148,-19.23573],[137.83953,-19.25157],[137.8662,-19.28045],[137.93287,-19.34268],[137.94537,-19.35851],[137.96377,-19.40295],[138.02376,-19.44165],[138.05344,-19.4874],[138.06169,-19.49565],[138.07824,-19.50552],[138.10866,-19.51584],[138.15045,-19.50817],[138.1638,-19.51015],[138.17444,-19.51553],[138.18204,-19.52474],[138.1881,-19.55244],[138.18408,-19.59176],[138.18841,-19.60808],[138.19744,-19.61123],[138.22118,-19.61117],[138.23527,-19.61667],[138.26717,-19.64709],[138.2838,-19.66916],[138.29821,-19.6793],[138.31057,-19.69327],[138.34371,-19.69871],[138.36695,-19.7125],[138.38024,-19.74273],[138.39514,-19.75534],[138.41888,-19.76344],[138.46068,-19.76721],[138.47675,-19.77549],[138.48868,-19.79107],[138.50132,-19.84109],[138.52355,-19.86009],[138.52752,-19.8772],[138.54492,-19.89776],[138.54616,-19.91386],[138.53972,-19.92469],[138.54435,-19.94083],[138.56238,-19.93931],[138.57322,-19.93361],[138.57972,-19.92265],[138.58697,-19.89825],[138.60684,-19.85998],[138.61329,-19.85348],[138.62877,-19.84623],[138.65329,-19.84314],[138.6684,-19.84481],[138.67955,-19.8502],[138.70673,-19.8798],[138.71621,-19.885],[138.74147,-19.88525],[138.7811,-19.87168],[138.8029,-19.87255],[138.81529,-19.87918],[138.84941,-19.91386],[138.8756,-19.92637],[138.88731,-19.9216],[138.89697,-19.9089],[138.91195,-19.89856],[138.93902,-19.89447],[138.98335,-19.88153],[138.98979,-19.87459],[138.994,-19.8541],[139.00672,-19.8532],[139.02079,-19.85837],[139.02161,-19.8459],[139.01744,-19.8372],[139.00665,-19.82702],[139.01309,-19.81305],[139.00776,-19.79883],[139.01793,-19.78804],[139.02075,-19.77694],[139.02452,-19.77317],[139.0297,-19.77651],[139.0408,-19.77535],[139.04368,-19.76192],[139.05404,-19.76324],[139.05931,-19.75628],[139.06746,-19.76229],[139.06869,-19.75138],[139.08175,-19.72269],[139.09762,-19.71067],[139.09787,-19.70553],[139.08941,-19.69351],[139.09204,-19.68272],[139.09836,-19.67451],[139.11254,-19.66521],[139.11107,-19.6614],[139.11828,-19.65722],[139.11626,-19.65103],[139.12987,-19.64625],[139.16628,-19.64655],[139.18044,-19.63276],[139.18381,-19.6205],[139.19926,-19.61897],[139.20545,-19.61492],[139.21244,-19.60143],[139.21256,-19.58746],[139.21673,-19.57642],[139.21158,-19.55619],[139.18755,-19.54246],[139.18234,-19.53621],[139.19792,-19.4945],[139.22702,-19.43823],[139.22853,-19.4183],[139.22593,-19.41474],[139.22949,-19.40792],[139.22321,-19.40568],[139.21627,-19.3927],[139.21838,-19.38002],[139.22382,-19.37411],[139.22068,-19.37133],[139.21108,-19.37296],[139.2016,-19.36753],[139.20063,-19.35926],[139.19411,-19.34778],[139.19526,-19.33957],[139.20111,-19.33589],[139.19689,-19.3284],[139.19903,-19.32307],[139.1955,-19.315],[139.18324,-19.31083],[139.17905,-19.30472],[139.16743,-19.30166],[139.16664,-19.30673],[139.1629,-19.30564],[139.16006,-19.31011],[139.15499,-19.30123],[139.13627,-19.29308],[139.13694,-19.28517],[139.12317,-19.27817],[139.11478,-19.27745],[139.11134,-19.27256],[139.11248,-19.24949],[139.10506,-19.24128],[139.0989,-19.21822],[139.0928,-19.21505],[139.10113,-19.20337],[139.09974,-19.19805],[139.10276,-19.19093],[139.10021,-19.18584],[139.11659,-19.18405],[139.12402,-19.16762],[139.12336,-19.16273],[139.13162,-19.15772],[139.13295,-19.15361],[139.12546,-19.13526],[139.10699,-19.11691],[139.1152,-19.11262],[139.10729,-19.10405],[139.11532,-19.0901],[139.10729,-19.07688],[139.11351,-19.06033],[139.1094,-19.05798],[139.08078,-19.05858],[139.07698,-19.05502],[139.06883,-19.05412],[139.06056,-19.04156],[139.05217,-19.04252],[139.05392,-19.03455],[139.04378,-19.03564],[139.04227,-19.02755],[139.04619,-19.02369],[139.04088,-19.01843],[139.0064,-19.01922],[138.99849,-18.99695],[138.99892,-18.98687],[139.01108,-18.97238],[138.99653,-18.96071],[139.00271,-18.95013],[138.99916,-18.94133],[138.99971,-18.93173],[138.99421,-18.92923],[138.99354,-18.92581],[139.00593,-18.91569],[139.00876,-18.9071],[139.02343,-18.9005],[139.03394,-18.89011],[139.09311,-18.87147],[139.11804,-18.85362],[139.12697,-18.84243],[139.15319,-18.82208],[139.16352,-18.80832],[139.16892,-18.78572],[139.18504,-18.75631],[139.20093,-18.74231],[139.2288,-18.70197],[139.26541,-18.67202],[139.2678,-18.66248],[139.26443,-18.64708],[139.26743,-18.63565],[139.28262,-18.62772],[139.30569,-18.63046],[139.31474,-18.62819],[139.34616,-18.60442],[139.34738,-18.58993],[139.36975,-18.57777],[139.3861,-18.55947],[139.4217,-18.54586],[139.43368,-18.53333],[139.45483,-18.51915],[139.46871,-18.49932],[139.48428,-18.45795],[139.48851,-18.43597],[139.49406,-18.42763],[139.5086,-18.41907],[139.52221,-18.40583],[139.55078,-18.39185],[139.57375,-18.36796],[139.59223,-18.35556],[139.61192,-18.3496],[139.65057,-18.34857],[139.67027,-18.34498],[139.69573,-18.33082],[139.70886,-18.31678],[139.71627,-18.30068],[139.72727,-18.22963],[139.73931,-18.22069],[139.75742,-18.22118],[139.77055,-18.21729],[139.77961,-18.20774],[139.78495,-18.19273],[139.7858,-18.17693],[139.78185,-18.15675],[139.78447,-18.13414],[139.76757,-18.10473],[139.76435,-18.09014],[139.77565,-18.03045],[139.77375,-17.939],[139.76788,-17.93049],[139.74509,-17.91826],[139.72705,-17.89404],[139.71518,-17.84512],[139.71848,-17.83493],[139.74078,-17.81611],[139.7554,-17.7938],[139.75181,-17.78601],[139.73832,-17.7799],[139.72177,-17.74309],[139.72735,-17.73655],[139.73946,-17.7347],[139.75996,-17.71521],[139.76991,-17.71407],[139.77475,-17.68902],[139.78184,-17.68602],[139.77015,-17.6618],[139.77141,-17.65005],[139.78034,-17.63266],[139.77483,-17.61084],[139.77591,-17.59214],[139.7801,-17.57931],[139.78594,-17.57624],[139.77227,-17.57366],[139.75263,-17.57674],[139.75518,-17.56932],[139.7534,-17.56508],[139.74815,-17.56277],[139.74774,-17.56673],[139.73889,-17.56271],[139.72123,-17.54855],[139.71261,-17.55403],[139.7084,-17.54826],[139.69834,-17.54732],[139.69787,-17.55068],[139.69006,-17.5451],[139.67091,-17.54378],[139.6459,-17.53729],[139.63772,-17.52907],[139.61897,-17.52032],[139.60768,-17.50441],[139.60348,-17.50512],[139.59207,-17.48322],[139.54789,-17.46734],[139.55258,-17.46043],[139.535,-17.44116],[139.51321,-17.43113],[139.47702,-17.40188],[139.45556,-17.39451],[139.45082,-17.39545],[139.41294,-17.3734],[139.35816,-17.37645]]],"type":"Polygon"},"properties":{"area_sqkm":51666.35,"basin_no":"912","division":"Gulf","division_no":"IX","id":"nicholson","name":"Nicholson"},"type":"Feature"},
{"geometry":{"coordinates":[[[152.93243,-25.43547],[152.93752,-25.44757],[152.92771,-25.45089],[152.9277,-25.45652],[152.93324,-25.45925],[152.93112,-25.46179],[152.8807,-25.47804],[152.87433,-25.48238],[152.86987,-25.49111],[152.84191,-25.50899],[152.81208,-25.50708],[152.80469,-25.50994],[152.78659,-25.53327],[152.76231,-25.55111],[152.75951,-25.55971],[152.76388,-25.57226],[152.76302,-25.57934],[152.74645,-25.59623],[152.75741,-25.61822],[152.74352,-25.6272],[152.7388,-25.63459],[152.74084,-25.64243],[152.7518,-25.65467],[152.75225,-25.66231],[152.74963,-25.67073],[152.73861,-25.68194],[152.7358,-25.68933],[152.73861,-25.69392],[152.74944,-25.69603],[152.74415,-25.7024],[152.75002,-25.7096],[152.75155,-25.7198],[152.76391,-25.74497],[152.76531,-25.76237],[152.77969,-25.78131],[152.78443,-25.79869],[152.7922,-25.8013],[152.79819,-25.80774],[152.79833,-25.81214],[152.79568,-25.81239],[152.80291,-25.82597],[152.80291,-25.83999],[152.81578,-25.84553],[152.8249,-25.85834],[152.82337,-25.86688],[152.84344,-25.87108],[152.84564,-25.87862],[152.8558,-25.88466],[152.85791,-25.89505],[152.85287,-25.90856],[152.85574,-25.91926],[152.8646,-25.92806],[152.88129,-25.93526],[152.89488,-25.9502],[152.90926,-25.94614],[152.91914,-25.95145],[152.92966,-25.94641],[152.93639,-25.94683],[152.9419,-25.95852],[152.96898,-25.97789],[152.96478,-25.98554],[152.97232,-25.99789],[152.95668,-26.00173],[152.95009,-26.0137],[152.94,-26.00936],[152.93701,-26.00338],[152.92659,-26.01254],[152.90834,-26.01133],[152.89183,-26.0183],[152.88362,-26.01482],[152.87917,-26.03129],[152.87005,-26.03749],[152.86798,-26.04324],[152.87662,-26.05456],[152.87802,-26.06333],[152.87486,-26.07166],[152.88614,-26.09871],[152.89207,-26.10401],[152.9049,-26.10793],[152.91696,-26.09697],[152.92354,-26.10292],[152.93593,-26.10115],[152.94356,-26.11189],[152.94164,-26.11995],[152.96056,-26.13336],[152.96448,-26.14058],[152.97986,-26.14976],[152.97627,-26.15699],[152.97783,-26.16468],[152.96816,-26.16949],[152.9667,-26.17864],[152.95907,-26.18925],[152.94465,-26.19354],[152.93981,-26.20241],[152.92105,-26.20537],[152.89582,-26.20114],[152.8868,-26.20735],[152.87649,-26.20032],[152.87133,-26.201],[152.86392,-26.21937],[152.8552,-26.22377],[152.82929,-26.22463],[152.83064,-26.24048],[152.83673,-26.24781],[152.82902,-26.25374],[152.83721,-26.26446],[152.83639,-26.27433],[152.84478,-26.27768],[152.85496,-26.29231],[152.86489,-26.29655],[152.87899,-26.32156],[152.89835,-26.31777],[152.91025,-26.32686],[152.92907,-26.33362],[152.9332,-26.34443],[152.92258,-26.35231],[152.92424,-26.36286],[152.93066,-26.36547],[152.93994,-26.37601],[152.94954,-26.37843],[152.95821,-26.38929],[152.97293,-26.38759],[152.98412,-26.39649],[152.98316,-26.40555],[152.99191,-26.40794],[152.99708,-26.41816],[152.9872,-26.4274],[152.98723,-26.43767],[152.97643,-26.45084],[152.98183,-26.45764],[152.99346,-26.46198],[152.99164,-26.47076],[153.00697,-26.49111],[153.01319,-26.49314],[153.01869,-26.48975],[153.03382,-26.49982],[153.04387,-26.5017],[153.07163,-26.5198],[153.07942,-26.52155],[153.08545,-26.51935],[153.09312,-26.52244],[153.10134,-26.46252],[153.11649,-26.3923],[153.11933,-26.39116],[153.11565,-26.38813],[153.11697,-26.38044],[153.11973,-26.37886],[153.10776,-26.37671],[153.09315,-26.38528],[153.08936,-26.38468],[153.07857,-26.38088],[153.07197,-26.36812],[153.06245,-26.33112],[153.06681,-26.27369],[153.08292,-26.20016],[153.11381,-26.10267],[153.15346,-26.00322],[153.18619,-25.93577],[153.19166,-25.93459],[153.19195,-25.93027],[153.18697,-25.92481],[153.18208,-25.92615],[153.1819,-25.93396],[153.17634,-25.94577],[153.15861,-25.94903],[153.13895,-25.94494],[153.11478,-25.92887],[153.08683,-25.89004],[153.07854,-25.86306],[153.06989,-25.81273],[153.05009,-25.80786],[153.04571,-25.80982],[153.05457,-25.81009],[153.06757,-25.81561],[153.07249,-25.82541],[153.06135,-25.82309],[153.05559,-25.82666],[153.05238,-25.84216],[153.05471,-25.84444],[153.04699,-25.8491],[153.04783,-25.86156],[153.05382,-25.86892],[153.06161,-25.87103],[153.05946,-25.87667],[153.06406,-25.88029],[153.06432,-25.88533],[153.05684,-25.88221],[153.06043,-25.88515],[153.05578,-25.88984],[153.05898,-25.89487],[153.05724,-25.90165],[153.05251,-25.903],[153.05054,-25.89835],[153.03527,-25.91168],[153.03341,-25.90865],[153.03011,-25.90968],[153.03347,-25.90453],[153.02526,-25.90935],[153.03197,-25.921],[153.02778,-25.92133],[153.03132,-25.92403],[153.05955,-25.92955],[153.05769,-25.93226],[153.04696,-25.93118],[153.04984,-25.9425],[153.04732,-25.9392],[153.04516,-25.94126],[153.04499,-25.93573],[153.03881,-25.93774],[153.03551,-25.94733],[153.03287,-25.94706],[153.03582,-25.95037],[153.04272,-25.95085],[153.03691,-25.95825],[153.03355,-25.95754],[153.03572,-25.95915],[153.03229,-25.95991],[153.0339,-25.96205],[153.02785,-25.95454],[153.02761,-25.95942],[153.02462,-25.95909],[153.02546,-25.96678],[153.03097,-25.97426],[153.01496,-25.97621],[153.02204,-25.9806],[153.02282,-25.98591],[153.01916,-25.98591],[153.01815,-25.98921],[153.02024,-25.99241],[153.01688,-25.99046],[153.01701,-25.98141],[153.00933,-25.97849],[153.00597,-25.98071],[153.00903,-25.97383],[153.0037,-25.96646],[153.00964,-25.95622],[153.00411,-25.96028],[153.00429,-25.95105],[153.02354,-25.94175],[153.03162,-25.93346],[153.0264,-25.93525],[153.02264,-25.93097],[153.01586,-25.93076],[153.00716,-25.91699],[153.01064,-25.90572],[153.01682,-25.90383],[153.0125,-25.9022],[153.00928,-25.90478],[153.0079,-25.90171],[153.01789,-25.895],[153.01963,-25.89738],[153.02802,-25.89527],[153.03215,-25.87651],[153.02692,-25.87455],[153.0225,-25.86606],[153.00915,-25.87793],[153.00202,-25.87963],[153.00632,-25.87083],[153.01718,-25.86472],[153.0134,-25.86035],[153.01573,-25.85312],[153.02233,-25.85437],[153.02634,-25.85011],[153.02176,-25.84517],[153.02094,-25.82841],[153.00429,-25.81513],[152.99459,-25.81167],[152.98359,-25.79779],[152.97675,-25.80191],[152.98173,-25.80435],[152.9752,-25.80467],[152.97544,-25.80766],[152.96287,-25.81096],[152.96131,-25.81383],[152.96078,-25.81128],[152.95216,-25.81242],[152.94402,-25.80954],[152.94317,-25.81436],[152.94802,-25.8187],[152.94257,-25.81859],[152.93899,-25.81165],[152.94282,-25.80672],[152.94163,-25.80098],[152.93192,-25.80574],[152.93612,-25.79767],[152.94564,-25.79789],[152.95048,-25.80201],[152.96461,-25.80131],[152.97544,-25.79281],[152.97625,-25.78642],[152.98138,-25.79338],[152.98617,-25.77358],[152.98449,-25.76761],[152.98006,-25.76339],[152.96678,-25.76228],[152.95678,-25.75742],[152.93703,-25.76202],[152.93717,-25.74431],[152.91402,-25.73833],[152.91636,-25.73519],[152.91421,-25.72928],[152.9072,-25.7256],[152.91816,-25.71796],[152.92236,-25.71087],[152.92049,-25.70642],[152.91171,-25.70535],[152.89199,-25.6895],[152.87764,-25.68529],[152.88225,-25.67347],[152.89446,-25.67325],[152.90826,-25.67878],[152.9109,-25.67472],[152.89728,-25.65672],[152.90069,-25.65353],[152.90075,-25.64649],[152.89599,-25.62915],[152.8906,-25.62421],[152.89199,-25.61939],[152.87559,-25.6129],[152.87847,-25.57658],[152.87388,-25.57013],[152.8773,-25.56195],[152.87264,-25.5582],[152.89033,-25.54846],[152.88609,-25.54277],[152.89069,-25.54142],[152.89524,-25.5346],[152.90873,-25.5339],[152.90897,-25.52751],[152.90368,-25.51735],[152.90386,-25.50215],[152.89507,-25.50474],[152.89661,-25.49712],[152.9159,-25.48235],[152.9251,-25.46934],[152.93662,-25.46643],[152.94546,-25.45993],[152.94302,-25.45185],[152.95144,-25.44627],[152.95597,-25.43376],[152.94678,-25.43159],[152.94105,-25.43966],[152.93897,-25.43034],[152.93243,-25.43547]]],"type":"Polygon"},"properties":{"area_sqkm":1952.12,"basin_no":"140","division":"North East Coast","division_no":"I","id":"noosa","name":"Noosa"},"type":"Feature"},
{"geometry":{"coordinates":[[[140.9289,-17.19374],[140.9245,-17.20074],[140.92514,-17.21411],[140.92167,-17.215],[140.91139,-17.2381],[140.90891,-17.26761],[140.90517,-17.26869],[140.90868,-17.26837],[140.90471,-17.28105],[140.90427,-17.28708],[140.90703,-17.2887],[140.90024,-17.30063],[140.89922,-17.32547],[140.88382,-17.37346],[140.88715,-17.38247],[140.88031,-17.38479],[140.84464,-17.43841],[140.82755,-17.45662],[140.82816,-17.46513],[140.83641,-17.47062],[140.83875,-17.47591],[140.83495,-17.47692],[140.81314,-17.46491],[140.8116,-17.47317],[140.7819,-17.48738],[140.76957,-17.49909],[140.77179,-17.54169],[140.76897,-17.56329],[140.78277,-17.58537],[140.79808,-17.5996],[140.8324,-17.611],[140.8459,-17.61952],[140.84944,-17.62858],[140.84698,-17.65372],[140.83408,-17.66428],[140.83438,-17.67418],[140.83978,-17.67965],[140.85862,-17.6857],[140.85616,-17.70455],[140.87765,-17.73479],[140.90543,-17.75363],[140.91269,-17.76611],[140.91959,-17.7954],[140.94197,-17.80194],[140.94875,-17.80836],[140.95313,-17.83944],[140.97654,-17.84514],[140.98044,-17.85048],[140.979,-17.86992],[140.98224,-17.88769],[140.97606,-17.90065],[140.9838,-17.91625],[140.96681,-17.92783],[140.95727,-17.94517],[140.93429,-17.94529],[140.92379,-17.95333],[140.92427,-17.96761],[140.91341,-17.9969],[140.91532,-18.02573],[140.91188,-18.06289],[140.8997,-18.10078],[140.90074,-18.15712],[140.90456,-18.1741],[140.92227,-18.21617],[140.92541,-18.27276],[140.93064,-18.30622],[140.96791,-18.4194],[140.96576,-18.45139],[140.97222,-18.48239],[140.96922,-18.5189],[140.97176,-18.53241],[140.97719,-18.54225],[140.98521,-18.54816],[141.03826,-18.57563],[141.07378,-18.59009],[141.08695,-18.60809],[141.09008,-18.62475],[141.08818,-18.6544],[141.0992,-18.70707],[141.08144,-18.74897],[141.09136,-18.76734],[141.09185,-18.81561],[141.12223,-18.85579],[141.1117,-18.91557],[141.1169,-18.94325],[141.10594,-18.96255],[141.1136,-18.98245],[141.11397,-18.99299],[141.10986,-19.00504],[141.11247,-19.01057],[141.12612,-19.01688],[141.15366,-19.052],[141.1573,-19.0736],[141.1675,-19.10151],[141.20244,-19.15077],[141.21081,-19.17796],[141.22173,-19.20052],[141.22246,-19.21994],[141.21852,-19.23523],[141.22647,-19.27818],[141.23666,-19.30585],[141.23344,-19.31652],[141.22392,-19.3266],[141.2207,-19.34395],[141.22295,-19.39637],[141.23138,-19.44369],[141.2443,-19.46092],[141.25426,-19.4813],[141.27434,-19.49793],[141.28227,-19.51428],[141.28329,-19.53193],[141.29045,-19.54139],[141.30586,-19.54529],[141.33738,-19.5731],[141.33834,-19.58014],[141.32785,-19.5967],[141.33112,-19.60724],[141.34564,-19.62201],[141.3776,-19.6451],[141.38674,-19.66018],[141.40157,-19.69893],[141.41519,-19.71466],[141.43239,-19.7254],[141.43795,-19.74458],[141.45458,-19.76453],[141.49664,-19.79752],[141.52834,-19.82908],[141.54684,-19.83986],[141.60477,-19.84424],[141.65175,-19.83395],[141.66683,-19.83426],[141.69069,-19.84144],[141.74351,-19.84959],[141.76079,-19.86578],[141.77807,-19.87283],[141.79438,-19.87503],[141.84476,-19.87192],[141.87762,-19.87466],[141.91462,-19.8931],[141.97279,-19.89961],[141.98033,-19.90502],[142.00078,-19.91153],[142.08176,-19.92574],[142.16504,-19.94899],[142.20073,-19.9502],[142.21529,-19.94541],[142.22798,-19.93017],[142.22682,-19.91817],[142.21402,-19.89721],[142.21165,-19.8872],[142.22264,-19.87609],[142.25317,-19.87312],[142.33832,-19.83919],[142.39301,-19.83457],[142.41417,-19.81715],[142.43392,-19.7896],[142.45979,-19.7693],[142.48149,-19.76609],[142.53077,-19.76972],[142.57249,-19.76629],[142.68367,-19.78515],[142.6899,-19.76851],[142.71295,-19.75702],[142.73853,-19.73918],[142.79593,-19.7142],[142.8142,-19.70059],[142.8396,-19.67192],[142.86464,-19.66635],[142.88932,-19.6519],[142.93021,-19.63792],[142.94448,-19.6069],[142.9541,-19.59964],[142.98295,-19.59849],[143.0053,-19.59201],[143.01376,-19.6012],[143.01461,-19.60736],[143.02561,-19.6128],[143.03667,-19.62423],[143.07723,-19.64357],[143.097,-19.6605],[143.1728,-19.655],[143.23669,-19.63414],[143.24811,-19.61347],[143.26504,-19.60634],[143.28172,-19.60482],[143.29133,-19.59473],[143.30076,-19.59854],[143.32766,-19.57835],[143.33419,-19.5795],[143.33407,-19.5963],[143.35396,-19.60543],[143.35722,-19.61093],[143.3707,-19.61776],[143.38714,-19.60706],[143.38533,-19.60307],[143.38926,-19.59956],[143.38726,-19.59406],[143.39385,-19.58651],[143.395,-19.57678],[143.41361,-19.56499],[143.44408,-19.56632],[143.46608,-19.54111],[143.49195,-19.52902],[143.50761,-19.51186],[143.53756,-19.49973],[143.52269,-19.49397],[143.49338,-19.49017],[143.47296,-19.4811],[143.45972,-19.45603],[143.44794,-19.44461],[143.45265,-19.41875],[143.44426,-19.40521],[143.44438,-19.37814],[143.40818,-19.33688],[143.39223,-19.33289],[143.37477,-19.32183],[143.37664,-19.30878],[143.37096,-19.30002],[143.38244,-19.29153],[143.37477,-19.28528],[143.37921,-19.28422],[143.38154,-19.27772],[143.38654,-19.27621],[143.39066,-19.26914],[143.39634,-19.26763],[143.39568,-19.25791],[143.40395,-19.25041],[143.40329,-19.24062],[143.39807,-19.23645],[143.39755,-19.22389],[143.39169,-19.21996],[143.38704,-19.20062],[143.36734,-19.18262],[143.35266,-19.18419],[143.32873,-19.19386],[143.32474,-19.19047],[143.32803,-19.18366],[143.30849,-19.17428],[143.31109,-19.15942],[143.30196,-19.16033],[143.29967,-19.1567],[143.28517,-19.15326],[143.29181,-19.12903],[143.28057,-19.12292],[143.27955,-19.10794],[143.27453,-19.09416],[143.2639,-19.08111],[143.26782,-19.07157],[143.26559,-19.05912],[143.25308,-19.0535],[143.22988,-19.05417],[143.22211,-19.04964],[143.22005,-19.044],[143.21331,-19.04396],[143.21079,-19.03386],[143.21411,-19.02371],[143.21296,-19.01646],[143.2013,-19.00806],[143.19447,-19.00921],[143.19357,-18.99436],[143.18185,-18.99479],[143.16893,-18.98893],[143.16875,-18.97854],[143.15836,-18.96918],[143.15697,-18.95995],[143.1513,-18.9501],[143.14744,-18.94962],[143.14399,-18.93887],[143.11673,-18.92235],[143.08404,-18.92487],[143.06139,-18.91816],[143.04527,-18.92082],[143.03344,-18.92939],[143.03054,-18.92637],[143.0175,-18.92595],[142.98496,-18.92926],[142.93532,-18.91498],[142.92766,-18.90859],[142.91362,-18.87618],[142.91206,-18.85388],[142.88302,-18.80809],[142.8876,-18.79773],[142.88482,-18.78062],[142.88964,-18.77025],[142.88898,-18.76411],[142.89398,-18.75362],[142.89989,-18.75121],[142.89174,-18.73582],[142.8938,-18.7282],[142.87693,-18.69759],[142.8506,-18.68186],[142.83692,-18.66825],[142.84457,-18.65613],[142.83228,-18.63914],[142.84054,-18.63221],[142.84927,-18.62974],[142.85082,-18.62483],[142.8559,-18.62486],[142.85891,-18.61528],[142.85403,-18.6101],[142.85379,-18.58696],[142.84921,-18.58461],[142.84759,-18.57895],[142.83698,-18.57672],[142.82927,-18.58335],[142.81662,-18.57732],[142.81439,-18.56949],[142.80529,-18.56509],[142.80065,-18.56672],[142.79089,-18.5816],[142.77812,-18.58468],[142.78631,-18.57106],[142.78528,-18.5484],[142.7645,-18.53533],[142.76112,-18.52726],[142.74395,-18.51219],[142.70961,-18.51794],[142.69093,-18.53009],[142.68111,-18.52448],[142.66767,-18.52503],[142.66478,-18.52225],[142.65622,-18.52587],[142.64887,-18.52406],[142.63984,-18.52635],[142.63791,-18.52177],[142.64899,-18.51213],[142.64984,-18.50659],[142.6485,-18.49351],[142.64251,-18.48588],[142.64317,-18.47971],[142.63542,-18.45955],[142.62568,-18.45422],[142.6149,-18.45603],[142.60957,-18.45319],[142.59649,-18.43484],[142.55798,-18.43042],[142.54024,-18.42165],[142.53933,-18.41256],[142.53062,-18.4122],[142.52735,-18.40445],[142.52069,-18.40596],[142.5176,-18.40263],[142.51617,-18.39419],[142.52288,-18.3757],[142.52208,-18.36261],[142.53092,-18.35777],[142.52644,-18.35081],[142.5219,-18.35389],[142.51887,-18.35141],[142.52335,-18.34372],[142.50725,-18.34045],[142.50288,-18.33561],[142.50058,-18.31602],[142.4899,-18.31367],[142.48803,-18.31023],[142.48912,-18.29671],[142.48417,-18.28272],[142.48833,-18.26775],[142.47494,-18.26377],[142.47053,-18.25952],[142.47494,-18.24929],[142.46528,-18.23378],[142.48296,-18.23559],[142.47952,-18.21556],[142.49038,-18.20669],[142.49352,-18.19945],[142.4867,-18.18425],[142.48296,-18.18244],[142.48164,-18.17158],[142.47421,-18.16747],[142.47753,-18.16132],[142.46372,-18.14527],[142.46239,-18.13887],[142.47506,-18.13248],[142.47506,-18.11927],[142.48007,-18.11631],[142.48236,-18.1253],[142.49044,-18.12494],[142.50954,-18.13181],[142.51306,-18.13787],[142.51917,-18.13532],[142.52523,-18.12926],[142.52965,-18.11655],[142.53522,-18.11261],[142.53776,-18.10081],[142.55011,-18.09699],[142.55326,-18.08833],[142.5538,-18.06775],[142.56004,-18.06617],[142.56525,-18.07162],[142.57398,-18.07127],[142.58062,-18.05988],[142.59134,-18.05473],[142.58587,-18.03928],[142.57475,-18.0319],[142.56367,-18.01858],[142.56821,-18.01313],[142.56736,-17.99836],[142.57488,-17.99072],[142.57175,-17.9707],[142.57795,-17.96124],[142.57404,-17.9545],[142.5747,-17.93519],[142.56862,-17.92545],[142.54684,-17.91474],[142.52892,-17.88827],[142.50443,-17.87798],[142.48887,-17.84629],[142.43153,-17.82758],[142.42809,-17.8172],[142.42936,-17.80247],[142.42121,-17.78859],[142.40877,-17.77652],[142.40207,-17.74785],[142.38433,-17.73366],[142.3763,-17.67017],[142.36332,-17.65918],[142.35041,-17.64107],[142.3253,-17.62357],[142.29723,-17.57649],[142.2816,-17.56092],[142.26373,-17.54891],[142.25365,-17.53641],[142.22776,-17.48089],[142.21661,-17.4747],[142.18897,-17.47083],[142.1763,-17.46231],[142.14375,-17.45339],[142.13998,-17.43378],[142.13588,-17.43216],[142.12824,-17.43396],[142.10854,-17.44776],[142.08613,-17.44708],[142.07279,-17.4394],[142.06897,-17.43164],[142.0838,-17.42069],[142.0819,-17.41302],[142.03985,-17.40749],[141.9877,-17.38427],[141.96215,-17.37897],[141.92799,-17.36175],[141.90448,-17.35814],[141.87423,-17.33198],[141.83772,-17.32162],[141.78506,-17.32512],[141.75855,-17.34386],[141.73409,-17.34145],[141.70818,-17.34374],[141.64949,-17.33735],[141.56092,-17.35693],[141.51531,-17.35518],[141.50248,-17.36049],[141.50029,-17.35883],[141.47337,-17.37983],[141.44864,-17.37928],[141.38251,-17.39723],[141.33904,-17.39919],[141.31071,-17.4056],[141.27407,-17.40212],[141.24379,-17.39272],[141.21472,-17.37837],[141.20154,-17.36573],[141.18517,-17.33648],[141.17443,-17.32561],[141.14878,-17.32079],[141.10964,-17.30557],[141.08107,-17.3062],[141.03284,-17.29113],[141.01976,-17.27977],[141.01864,-17.25842],[141.01381,-17.25076],[140.96379,-17.22794],[140.9476,-17.20369],[140.93255,-17.18989],[140.9289,-17.19374]]],"type":"Polygon"},"properties":{"area_sqkm":50580.24,"basin_no":"916","division":"Gulf","division_no":"IX","id":"norman","name":"Norman"},"type":"Feature"},
{"geometry":{"coordinates":[[[143.46556,-14.38845],[143.46701,-14.39403],[143.45573,-14.39743],[143.44657,-14.41417],[143.45088,-14.41684],[143.447,-14.4229],[143.45539,-14.42565],[143.45937,-14.43248],[143.44942,-14.43588],[143.4453,-14.44237],[143.43705,-14.44086],[143.42735,-14.44771],[143.4248,-14.45493],[143.4157,-14.46396],[143.41385,-14.47363],[143.40782,-14.48246],[143.41588,-14.49193],[143.41836,-14.50482],[143.43182,-14.49625],[143.44873,-14.50059],[143.45855,-14.4969],[143.46278,-14.4991],[143.45938,-14.50339],[143.46855,-14.50643],[143.46665,-14.51553],[143.472,-14.52185],[143.47266,-14.52875],[143.46212,-14.53994],[143.4673,-14.55566],[143.46051,-14.56396],[143.4695,-14.58096],[143.47504,-14.58126],[143.48415,-14.58936],[143.47962,-14.59221],[143.47861,-14.60448],[143.46397,-14.6037],[143.4636,-14.60818],[143.45266,-14.61305],[143.45427,-14.62092],[143.44295,-14.62913],[143.44375,-14.6368],[143.44033,-14.63865],[143.44267,-14.64169],[143.43509,-14.6627],[143.43082,-14.66769],[143.42432,-14.66605],[143.41683,-14.67981],[143.42039,-14.69152],[143.40842,-14.70473],[143.40967,-14.7164],[143.40223,-14.72884],[143.40735,-14.73414],[143.41045,-14.74581],[143.4189,-14.75355],[143.40944,-14.76474],[143.40975,-14.77154],[143.39699,-14.77415],[143.39181,-14.78903],[143.40378,-14.80273],[143.40303,-14.81043],[143.41354,-14.81046],[143.42085,-14.82563],[143.42515,-14.82731],[143.43819,-14.82386],[143.45137,-14.83211],[143.45516,-14.8488],[143.4445,-14.86547],[143.44738,-14.87616],[143.44581,-14.8829],[143.45331,-14.89863],[143.46258,-14.90644],[143.45182,-14.91227],[143.43367,-14.90977],[143.43187,-14.91786],[143.42569,-14.92072],[143.42063,-14.93203],[143.41253,-14.93644],[143.41122,-14.94703],[143.4072,-14.94818],[143.40618,-14.95332],[143.39348,-14.95073],[143.38795,-14.95501],[143.38675,-14.96299],[143.3755,-14.96364],[143.36747,-14.9571],[143.36205,-14.96335],[143.36378,-14.98025],[143.37205,-14.98746],[143.36854,-14.99858],[143.37605,-15.00893],[143.37356,-15.0217],[143.38054,-15.03305],[143.36706,-15.0369],[143.3715,-15.05363],[143.3605,-15.05233],[143.34808,-15.06445],[143.33282,-15.06073],[143.32614,-15.06694],[143.32774,-15.07941],[143.32259,-15.09219],[143.33306,-15.10443],[143.33406,-15.11158],[143.33146,-15.11572],[143.31969,-15.11891],[143.31538,-15.12453],[143.32058,-15.13476],[143.31893,-15.14535],[143.3083,-15.15059],[143.30314,-15.14913],[143.29941,-15.15747],[143.30296,-15.16421],[143.30059,-15.17273],[143.3026,-15.18124],[143.32023,-15.20005],[143.32295,-15.20833],[143.33838,-15.21323],[143.34441,-15.22583],[143.3547,-15.22772],[143.3576,-15.23576],[143.36298,-15.23984],[143.37292,-15.24055],[143.39071,-15.2182],[143.40378,-15.21666],[143.41384,-15.2289],[143.4055,-15.24085],[143.41555,-15.26166],[143.43045,-15.27698],[143.44246,-15.28224],[143.44872,-15.30578],[143.45286,-15.31264],[143.46351,-15.32003],[143.47037,-15.33049],[143.47232,-15.34327],[143.48302,-15.35497],[143.48763,-15.35385],[143.51596,-15.32484],[143.5345,-15.33465],[143.52744,-15.35092],[143.53115,-15.35858],[143.52874,-15.36941],[143.53424,-15.37242],[143.53582,-15.37748],[143.53683,-15.39513],[143.55077,-15.4119],[143.56333,-15.41283],[143.56902,-15.42055],[143.56842,-15.42899],[143.58029,-15.44871],[143.57105,-15.45644],[143.57039,-15.46051],[143.58924,-15.47176],[143.59809,-15.48474],[143.6211,-15.5044],[143.63117,-15.51989],[143.63248,-15.52561],[143.62569,-15.54229],[143.63337,-15.55539],[143.65303,-15.56492],[143.67734,-15.56183],[143.68878,-15.57672],[143.69557,-15.58089],[143.75109,-15.58232],[143.7543,-15.58521],[143.75181,-15.60347],[143.75949,-15.61568],[143.78082,-15.62408],[143.78124,-15.63057],[143.78862,-15.64195],[143.80292,-15.64267],[143.8171,-15.66],[143.83704,-15.66644],[143.83583,-15.67484],[143.84313,-15.68324],[143.84087,-15.72208],[143.82258,-15.72988],[143.8205,-15.7421],[143.81341,-15.74853],[143.81931,-15.75639],[143.8177,-15.76354],[143.82684,-15.76739],[143.82467,-15.77399],[143.83517,-15.77853],[143.84314,-15.78708],[143.84847,-15.79876],[143.84794,-15.80984],[143.85457,-15.80975],[143.86053,-15.81764],[143.8824,-15.83062],[143.88855,-15.83119],[143.90035,-15.84093],[143.91337,-15.83758],[143.91615,-15.84459],[143.9295,-15.84411],[143.93796,-15.85325],[143.9404,-15.84959],[143.96063,-15.84321],[143.95981,-15.83226],[143.96392,-15.83051],[143.99266,-15.84853],[144.00779,-15.86566],[144.01418,-15.86387],[144.01542,-15.85669],[144.03193,-15.8536],[144.047,-15.86245],[144.04819,-15.871],[144.05591,-15.88097],[144.06339,-15.88204],[144.06862,-15.87117],[144.07493,-15.88118],[144.08107,-15.88225],[144.08363,-15.87944],[144.08674,-15.88472],[144.09335,-15.8837],[144.09475,-15.88628],[144.14803,-15.89789],[144.16092,-15.89308],[144.16145,-15.88661],[144.15848,-15.88394],[144.16351,-15.86487],[144.17403,-15.86186],[144.18482,-15.85059],[144.19054,-15.85129],[144.19529,-15.84785],[144.21167,-15.85105],[144.21891,-15.84767],[144.22591,-15.85604],[144.22485,-15.8618],[144.23874,-15.85806],[144.25251,-15.86233],[144.26248,-15.8705],[144.26355,-15.88471],[144.27613,-15.89747],[144.27655,-15.90501],[144.29436,-15.90655],[144.30421,-15.92412],[144.31899,-15.9376],[144.32564,-15.94122],[144.34321,-15.94152],[144.36405,-15.94649],[144.41195,-15.92573],[144.41954,-15.91781],[144.42976,-15.92068],[144.44056,-15.91237],[144.44187,-15.90465],[144.44608,-15.90127],[144.46549,-15.90109],[144.47558,-15.89017],[144.48609,-15.88578],[144.50584,-15.88879],[144.51235,-15.88157],[144.51724,-15.8836],[144.51712,-15.87353],[144.52562,-15.86744],[144.53056,-15.85888],[144.54762,-15.85342],[144.56542,-15.8543],[144.5719,-15.84868],[144.57277,-15.85708],[144.5851,-15.85561],[144.59219,-15.86208],[144.60509,-15.86244],[144.61233,-15.85237],[144.62294,-15.85665],[144.63705,-15.85291],[144.64141,-15.84876],[144.65683,-15.85677],[144.65891,-15.8703],[144.65556,-15.8783],[144.65713,-15.88288],[144.65267,-15.88565],[144.65442,-15.89422],[144.66986,-15.88999],[144.71159,-15.89255],[144.71399,-15.89651],[144.72521,-15.8956],[144.734,-15.88916],[144.75651,-15.90507],[144.76676,-15.91846],[144.77248,-15.91737],[144.77363,-15.92442],[144.78183,-15.92979],[144.79504,-15.95735],[144.8036,-15.96368],[144.80806,-15.95946],[144.81325,-15.96175],[144.815,-15.97001],[144.82012,-15.97242],[144.8247,-15.98177],[144.82693,-15.99335],[144.8241,-16.00232],[144.82865,-16.01353],[144.83225,-16.0185],[144.83506,-16.01748],[144.83867,-16.0052],[144.84214,-16.01604],[144.86221,-16.0285],[144.8691,-16.04864],[144.87857,-16.06404],[144.87497,-16.07027],[144.87665,-16.08429],[144.88492,-16.0934],[144.89415,-16.12318],[144.90068,-16.12851],[144.90936,-16.13031],[144.90978,-16.13905],[144.91927,-16.14675],[144.92842,-16.16506],[144.94741,-16.17201],[144.95796,-16.16812],[144.97306,-16.17117],[144.98069,-16.16647],[144.99097,-16.17093],[144.99406,-16.16665],[144.98846,-16.16014],[144.99698,-16.15709],[145.00876,-16.14532],[145.04423,-16.16294],[145.04882,-16.15895],[145.04879,-16.15457],[145.05971,-16.15092],[145.05772,-16.13969],[145.07107,-16.13711],[145.07715,-16.12324],[145.08381,-16.12009],[145.08208,-16.10366],[145.0906,-16.09248],[145.08935,-16.08033],[145.09297,-16.07349],[145.0875,-16.05629],[145.08972,-16.03889],[145.08274,-16.03534],[145.07923,-16.02856],[145.07423,-16.02874],[145.07006,-16.02487],[145.07123,-16.00898],[145.06655,-15.99309],[145.07837,-15.98899],[145.07053,-15.96921],[145.10166,-15.95209],[145.10326,-15.94621],[145.12731,-15.94806],[145.1354,-15.95328],[145.13867,-15.94681],[145.13529,-15.9373],[145.14527,-15.9272],[145.15364,-15.9294],[145.16279,-15.92322],[145.17586,-15.93189],[145.18368,-15.92863],[145.196,-15.93463],[145.20699,-15.93558],[145.20675,-15.92959],[145.21127,-15.93154],[145.21513,-15.92138],[145.22921,-15.91906],[145.23202,-15.92293],[145.24525,-15.91853],[145.24947,-15.90718],[145.24597,-15.90207],[145.25619,-15.87937],[145.24104,-15.88448],[145.23183,-15.87605],[145.2206,-15.87718],[145.21721,-15.86607],[145.20646,-15.86357],[145.20248,-15.85008],[145.19934,-15.84977],[145.19493,-15.84088],[145.19838,-15.83357],[145.19311,-15.82732],[145.19755,-15.82246],[145.18609,-15.80556],[145.18501,-15.81278],[145.17522,-15.81976],[145.16113,-15.81777],[145.14694,-15.82184],[145.13742,-15.80523],[145.13239,-15.77332],[145.13582,-15.76649],[145.13321,-15.75824],[145.13825,-15.7495],[145.13772,-15.72669],[145.14033,-15.71576],[145.15115,-15.71528],[145.15525,-15.68973],[145.16434,-15.68563],[145.16695,-15.6807],[145.17153,-15.65819],[145.16862,-15.64755],[145.14035,-15.63501],[145.13663,-15.63823],[145.12299,-15.6368],[145.11645,-15.64292],[145.11054,-15.63781],[145.10112,-15.63935],[145.09471,-15.6343],[145.08282,-15.639],[145.07772,-15.62973],[145.07207,-15.63009],[145.065,-15.62296],[145.05258,-15.62296],[145.03593,-15.60744],[145.0306,-15.60852],[145.01946,-15.60223],[145.01307,-15.60297],[144.99721,-15.59106],[144.99197,-15.5935],[144.9876,-15.58748],[144.97569,-15.58488],[144.97051,-15.58005],[144.97051,-15.57191],[144.96074,-15.56546],[144.95893,-15.55696],[144.96146,-15.54441],[144.9377,-15.53495],[144.92528,-15.52494],[144.92263,-15.50486],[144.90932,-15.49793],[144.90837,-15.4815],[144.91436,-15.4687],[144.89841,-15.4607],[144.89711,-15.45412],[144.90126,-15.44386],[144.89717,-15.43106],[144.89956,-15.42184],[144.91027,-15.42317],[144.9098,-15.40823],[144.92651,-15.38529],[144.94483,-15.38298],[144.94738,-15.37545],[144.95455,-15.37183],[144.97204,-15.38843],[144.98734,-15.38994],[144.98935,-15.38772],[144.97868,-15.37237],[144.97744,-15.35909],[144.97782,-15.35052],[144.98259,-15.34901],[144.98206,-15.34296],[144.9865,-15.33697],[144.99474,-15.33395],[144.99048,-15.32595],[144.98247,-15.32103],[144.97939,-15.30032],[144.98639,-15.28475],[144.99024,-15.25576],[145.00503,-15.23133],[145.00349,-15.22424],[145.01132,-15.22492],[145.01488,-15.21839],[145.03292,-15.20842],[145.03915,-15.20902],[145.04365,-15.21457],[145.04497,-15.20961],[145.05807,-15.20353],[145.05524,-15.20035],[145.05292,-15.17792],[145.0424,-15.16246],[145.03512,-15.16889],[145.03021,-15.18054],[145.02346,-15.17345],[145.01731,-15.17275],[145.01251,-15.17667],[145.00146,-15.17423],[144.99895,-15.16672],[144.99184,-15.1685],[144.9724,-15.16162],[144.95675,-15.16357],[144.94933,-15.14294],[144.95159,-15.13512],[144.94465,-15.12824],[144.94181,-15.11923],[144.94779,-15.11319],[144.95289,-15.09285],[144.96125,-15.08384],[144.96682,-15.08212],[144.96572,-15.07311],[144.97643,-15.06351],[144.9852,-15.06036],[145.00674,-15.03201],[145.00941,-15.01695],[145.00524,-15.01097],[145.01053,-15.00688],[145.01454,-14.99512],[145.02144,-14.98704],[145.01702,-14.97786],[145.02556,-14.96232],[145.02091,-14.95479],[145.02232,-14.94407],[145.01947,-14.93684],[145.00667,-14.92579],[144.99385,-14.93572],[144.98966,-14.94369],[144.97769,-14.9378],[144.9531,-14.93602],[144.94817,-14.92788],[144.9411,-14.92621],[144.93642,-14.92052],[144.92791,-14.9233],[144.92666,-14.92667],[144.91092,-14.92295],[144.89702,-14.91374],[144.88866,-14.91517],[144.87133,-14.89065],[144.86578,-14.89224],[144.85764,-14.88612],[144.85722,-14.8759],[144.84891,-14.87067],[144.8362,-14.88],[144.82206,-14.87555],[144.80691,-14.90501],[144.8,-14.90787],[144.80115,-14.91154],[144.79485,-14.91065],[144.78915,-14.91612],[144.77738,-14.90476],[144.76842,-14.91077],[144.75517,-14.90513],[144.74234,-14.90424],[144.73735,-14.88648],[144.73064,-14.88648],[144.72666,-14.88232],[144.73117,-14.87139],[144.72297,-14.86533],[144.71832,-14.85631],[144.72052,-14.85056],[144.71812,-14.83307],[144.69897,-14.80281],[144.69837,-14.77621],[144.69454,-14.76689],[144.70173,-14.75398],[144.71311,-14.74825],[144.71912,-14.74039],[144.70952,-14.73556],[144.69377,-14.72077],[144.6879,-14.72127],[144.66866,-14.69359],[144.65474,-14.68641],[144.64411,-14.69642],[144.636,-14.69862],[144.634,-14.70441],[144.63041,-14.70667],[144.62507,-14.70298],[144.6188,-14.7113],[144.60801,-14.71787],[144.60459,-14.70923],[144.60131,-14.70841],[144.58967,-14.71367],[144.57815,-14.71106],[144.57928,-14.69413],[144.58967,-14.69122],[144.59252,-14.68676],[144.57654,-14.66336],[144.56472,-14.66199],[144.55563,-14.66603],[144.55011,-14.68427],[144.54583,-14.68629],[144.54043,-14.68047],[144.53104,-14.67744],[144.5169,-14.66306],[144.51037,-14.65546],[144.50781,-14.64274],[144.49588,-14.64188],[144.48563,-14.63489],[144.48048,-14.6271],[144.46829,-14.62488],[144.45792,-14.59054],[144.44756,-14.58498],[144.43833,-14.57006],[144.44289,-14.56242],[144.46166,-14.5658],[144.46444,-14.56213],[144.47101,-14.56455],[144.47468,-14.56183],[144.47498,-14.54993],[144.48238,-14.5446],[144.48356,-14.52897],[144.48628,-14.52737],[144.48386,-14.5076],[144.46237,-14.50706],[144.44561,-14.49321],[144.43808,-14.49545],[144.4282,-14.48951],[144.41649,-14.48863],[144.42073,-14.48139],[144.42085,-14.47363],[144.41197,-14.46975],[144.41067,-14.46204],[144.39945,-14.45384],[144.40167,-14.44728],[144.39562,-14.4174],[144.3768,-14.39711],[144.37139,-14.40411],[144.35392,-14.40794],[144.3428,-14.4214],[144.32422,-14.42858],[144.30375,-14.42917],[144.29662,-14.42193],[144.27987,-14.42076],[144.27752,-14.41687],[144.26982,-14.41634],[144.26329,-14.40911],[144.25792,-14.40827],[144.25823,-14.39264],[144.27235,-14.38459],[144.28246,-14.3653],[144.28764,-14.34883],[144.28581,-14.34395],[144.27199,-14.32301],[144.261,-14.31983],[144.2568,-14.30293],[144.24923,-14.29653],[144.24686,-14.28915],[144.23435,-14.28209],[144.22062,-14.28274],[144.20872,-14.27669],[144.19541,-14.26113],[144.19322,-14.26498],[144.19782,-14.26666],[144.19612,-14.27347],[144.20053,-14.27569],[144.19728,-14.29191],[144.20183,-14.30105],[144.19486,-14.33853],[144.16977,-14.37237],[144.16888,-14.38082],[144.15043,-14.38992],[144.1445,-14.40619],[144.13693,-14.40134],[144.13091,-14.40215],[144.10575,-14.43538],[144.09489,-14.445],[144.05975,-14.46592],[144.03712,-14.47402],[144.03192,-14.48045],[144.01367,-14.48137],[143.98245,-14.48848],[143.95883,-14.48526],[143.94352,-14.49823],[143.93949,-14.49764],[143.93977,-14.49124],[143.93289,-14.48423],[143.88415,-14.48223],[143.84558,-14.46265],[143.80355,-14.42923],[143.78141,-14.40136],[143.76378,-14.3727],[143.75582,-14.37312],[143.75098,-14.37719],[143.75198,-14.39077],[143.74808,-14.39751],[143.73474,-14.39591],[143.73107,-14.38682],[143.72429,-14.38276],[143.71348,-14.38699],[143.71011,-14.3981],[143.70096,-14.40843],[143.68678,-14.41121],[143.67403,-14.41044],[143.65726,-14.39928],[143.6471,-14.40276],[143.63151,-14.39869],[143.6223,-14.40028],[143.59631,-14.39077],[143.5845,-14.39449],[143.5669,-14.38534],[143.5636,-14.37731],[143.55651,-14.37938],[143.53903,-14.37442],[143.52297,-14.37577],[143.50927,-14.3655],[143.49719,-14.37565],[143.47961,-14.37974],[143.47744,-14.38724],[143.47126,-14.38584],[143.46556,-14.38845]]],"type":"Polygon"},"properties":{"area_sqkm":24495.65,"basin_no":"105","division":"North East Coast","division_no":"I","id":"normanby","name":"Normanby"},"type":"Feature"},
{"geometry":{"coordinates":[[[148.28305,-20.50367],[148.28687,-20.51412],[148.27599,-20.51139],[148.27313,-20.51374],[148.29285,-20.53528],[148.27638,-20.53442],[148.28504,-20.54986],[148.29645,-20.562],[148.29395,-20.56615],[148.28654,-20.56635],[148.29505,-20.57615],[148.29364,-20.58725],[148.29621,-20.5939],[148.30225,-20.5986],[148.31347,-20.59842],[148.31829,-20.60446],[148.32982,-20.60781],[148.33311,-20.62136],[148.33701,-20.62548],[148.33702,-20.63996],[148.34715,-20.63575],[148.35477,-20.63953],[148.3757,-20.67925],[148.36911,-20.68901],[148.37515,-20.70139],[148.39949,-20.69529],[148.4062,-20.70353],[148.41297,-20.70279],[148.42316,-20.7103],[148.43261,-20.70652],[148.44237,-20.72695],[148.46464,-20.74446],[148.46806,-20.75928],[148.46476,-20.771],[148.47666,-20.7976],[148.48636,-20.8015],[148.50168,-20.8],[148.50633,-20.80327],[148.51428,-20.79893],[148.52073,-20.80395],[148.52536,-20.81649],[148.5329,-20.82261],[148.54056,-20.82261],[148.54383,-20.82774],[148.55477,-20.8307],[148.56206,-20.83774],[148.57009,-20.83478],[148.57836,-20.84213],[148.58152,-20.84991],[148.58887,-20.85195],[148.58862,-20.8579],[148.59775,-20.87073],[148.5935,-20.8736],[148.59975,-20.91608],[148.61419,-20.926],[148.62711,-20.94701],[148.63668,-20.94764],[148.6352,-20.96796],[148.64169,-20.98594],[148.64101,-20.9949],[148.64467,-20.99791],[148.64121,-21.00538],[148.6432,-21.00949],[148.63723,-21.01838],[148.63649,-21.03163],[148.64048,-21.04044],[148.65692,-21.04795],[148.66217,-21.04587],[148.67188,-21.04935],[148.68506,-21.04288],[148.69321,-21.05327],[148.69924,-21.05514],[148.70957,-21.05122],[148.72113,-21.05943],[148.72275,-21.0718],[148.72642,-21.07522],[148.73668,-21.07243],[148.75049,-21.06303],[148.75483,-21.0636],[148.76131,-21.07075],[148.77217,-21.06986],[148.77786,-21.08107],[148.78401,-21.08238],[148.78706,-21.09096],[148.79477,-21.09786],[148.80192,-21.09647],[148.8023,-21.09115],[148.81797,-21.08636],[148.82506,-21.08095],[148.83445,-21.0876],[148.8385,-21.09475],[148.84478,-21.09538],[148.85878,-21.1064],[148.87003,-21.08996],[148.88956,-21.10215],[148.90274,-21.09152],[148.90878,-21.09083],[148.91058,-21.10079],[148.93298,-21.11298],[148.94,-21.10365],[148.94081,-21.0955],[148.95063,-21.0978],[148.95996,-21.10514],[148.96568,-21.09724],[148.98546,-21.0937],[148.9989,-21.08039],[149.01377,-21.07997],[149.01627,-21.09843],[149.05289,-21.08935],[149.06073,-21.09352],[149.06803,-21.0918],[149.07814,-21.0945],[149.09457,-21.10137],[149.10585,-21.08978],[149.10463,-21.07501],[149.11566,-21.07954],[149.12498,-21.07691],[149.13062,-21.07917],[149.14049,-21.10253],[149.15195,-21.11479],[149.16336,-21.11062],[149.17801,-21.09229],[149.22382,-21.10563],[149.22906,-21.07105],[149.22525,-21.06373],[149.21124,-21.07605],[149.20707,-21.07563],[149.19667,-21.06308],[149.18528,-21.03391],[149.1797,-21.03555],[149.17453,-21.03264],[149.17141,-21.03748],[149.16203,-21.03085],[149.15554,-21.01283],[149.15681,-21.00073],[149.14929,-21.00338],[149.12994,-20.99831],[149.13208,-21.0018],[149.12866,-21.00152],[149.13391,-21.00947],[149.13313,-21.02],[149.12983,-21.02334],[149.1302,-21.02838],[149.12367,-21.03204],[149.11944,-21.0232],[149.12477,-21.02774],[149.13046,-21.01867],[149.12655,-21.00679],[149.11949,-21.00185],[149.11197,-21.00401],[149.10728,-20.99095],[149.09219,-20.97695],[149.06564,-20.9752],[149.06834,-20.98509],[149.05752,-20.98495],[149.04977,-20.97924],[149.04219,-20.99012],[149.03117,-20.99075],[149.03021,-20.9875],[149.02254,-20.99475],[149.01452,-20.99305],[149.02035,-20.98042],[149.01597,-20.96761],[149.02069,-20.96708],[149.02126,-20.95757],[149.03051,-20.9598],[149.03146,-20.95731],[149.0254,-20.94448],[149.01735,-20.94149],[149.01237,-20.93569],[149.0287,-20.92364],[149.04048,-20.92469],[149.0449,-20.93098],[149.06096,-20.92817],[149.04738,-20.92178],[149.04374,-20.9144],[149.04907,-20.90654],[149.04724,-20.90385],[149.04049,-20.90398],[149.03044,-20.89793],[149.02436,-20.90097],[149.01761,-20.91315],[149.00505,-20.91458],[148.99543,-20.90202],[148.99835,-20.89645],[148.99664,-20.89334],[148.99171,-20.89557],[148.98831,-20.89175],[148.98343,-20.89209],[148.98096,-20.90138],[148.96858,-20.89996],[148.95919,-20.89204],[148.95555,-20.87762],[148.9512,-20.87598],[148.94002,-20.88766],[148.92974,-20.89016],[148.92842,-20.88405],[148.92388,-20.89125],[148.92122,-20.88848],[148.91795,-20.89337],[148.9131,-20.89181],[148.91388,-20.88762],[148.89251,-20.88082],[148.8876,-20.86131],[148.89257,-20.86282],[148.88565,-20.85748],[148.87907,-20.85761],[148.87473,-20.86272],[148.87815,-20.87051],[148.87751,-20.87879],[148.87286,-20.87778],[148.86657,-20.86761],[148.85234,-20.87247],[148.85092,-20.88848],[148.83647,-20.8856],[148.84425,-20.88562],[148.83816,-20.88266],[148.83764,-20.87838],[148.8443,-20.87083],[148.84713,-20.85709],[148.83723,-20.85275],[148.84924,-20.84579],[148.84506,-20.84286],[148.83629,-20.82301],[148.82727,-20.82115],[148.82028,-20.8233],[148.81812,-20.81775],[148.80006,-20.81285],[148.79951,-20.80868],[148.80463,-20.80423],[148.81691,-20.80316],[148.82597,-20.79488],[148.82574,-20.79077],[148.84114,-20.79147],[148.82904,-20.77664],[148.81071,-20.77185],[148.80833,-20.77583],[148.80224,-20.77703],[148.78895,-20.76362],[148.78024,-20.76344],[148.77693,-20.75123],[148.77757,-20.73198],[148.76536,-20.73287],[148.75662,-20.72331],[148.72989,-20.71613],[148.73116,-20.68689],[148.72777,-20.68784],[148.73085,-20.68884],[148.72941,-20.69287],[148.72151,-20.68004],[148.71202,-20.67541],[148.7024,-20.68814],[148.69965,-20.68808],[148.70151,-20.67243],[148.70358,-20.67358],[148.70936,-20.66574],[148.71728,-20.6629],[148.71547,-20.65999],[148.72384,-20.64657],[148.73037,-20.64477],[148.72639,-20.63896],[148.72726,-20.63391],[148.6961,-20.63638],[148.68772,-20.62295],[148.68472,-20.60842],[148.67752,-20.60789],[148.66882,-20.59091],[148.6613,-20.58703],[148.66844,-20.57693],[148.66876,-20.57002],[148.67219,-20.56832],[148.67135,-20.55193],[148.65609,-20.54385],[148.64829,-20.53473],[148.59603,-20.56364],[148.57552,-20.56611],[148.55649,-20.55505],[148.54331,-20.56102],[148.53209,-20.55969],[148.50683,-20.56994],[148.50151,-20.56722],[148.50173,-20.55943],[148.49782,-20.55608],[148.47355,-20.55846],[148.46763,-20.54607],[148.45988,-20.54193],[148.45305,-20.544],[148.45146,-20.55071],[148.44251,-20.54649],[148.43798,-20.5576],[148.41815,-20.55748],[148.41096,-20.53253],[148.39095,-20.51917],[148.39149,-20.50427],[148.38247,-20.50435],[148.36874,-20.51033],[148.36526,-20.52344],[148.36044,-20.5271],[148.35349,-20.52131],[148.31445,-20.51386],[148.30883,-20.50996],[148.29785,-20.51069],[148.28305,-20.50367]]],"type":"Polygon"},"properties":{"area_sqkm":2393.64,"basin_no":"124","division":"North East Coast","division_no":"I","id":"o_connell","name":"O'Connell"},"type":"Feature"},
{"geometry":{"coordinates":[[[142.68593,-12.06654],[142.67559,-12.07443],[142.65981,-12.0943],[142.66361,-12.11861],[142.65268,-12.14298],[142.64649,-12.14748],[142.6528,-12.15578],[142.65338,-12.16163],[142.63988,-12.18009],[142.64392,-12.18301],[142.64316,-12.18868],[142.64759,-12.19413],[142.65313,-12.19638],[142.65952,-12.19377],[142.67466,-12.20873],[142.68073,-12.23947],[142.6878,-12.24555],[142.68827,-12.25256],[142.69353,-12.25977],[142.70735,-12.25974],[142.70399,-12.27126],[142.70785,-12.27933],[142.70668,-12.29113],[142.71632,-12.30574],[142.71381,-12.3124],[142.71708,-12.32304],[142.73842,-12.34326],[142.73952,-12.3553],[142.75168,-12.3719],[142.75297,-12.38516],[142.7719,-12.39387],[142.77944,-12.41602],[142.80141,-12.42882],[142.81614,-12.42601],[142.83005,-12.43092],[142.83518,-12.42403],[142.85658,-12.41481],[142.87347,-12.41351],[142.88588,-12.40591],[142.89273,-12.41018],[142.89615,-12.41982],[142.9181,-12.42974],[142.92919,-12.44253],[142.91965,-12.45647],[142.90326,-12.45545],[142.89889,-12.46339],[142.88247,-12.47025],[142.88621,-12.47995],[142.9007,-12.48714],[142.89422,-12.49357],[142.89156,-12.50685],[142.88738,-12.51079],[142.88973,-12.52363],[142.89727,-12.53382],[142.91087,-12.54029],[142.90893,-12.55778],[142.9147,-12.57639],[142.91924,-12.58793],[142.93302,-12.60607],[142.9422,-12.60942],[142.95027,-12.61843],[142.96352,-12.61696],[142.98607,-12.63469],[142.96623,-12.66695],[142.95881,-12.66949],[142.95698,-12.67791],[142.94421,-12.68782],[142.94261,-12.69286],[142.92571,-12.69363],[142.92295,-12.69781],[142.92141,-12.7057],[142.93142,-12.72525],[142.92295,-12.74739],[142.92318,-12.76317],[142.92836,-12.77354],[142.92636,-12.78225],[142.91005,-12.78761],[142.89816,-12.78526],[142.89015,-12.79827],[142.90122,-12.80233],[142.90481,-12.80769],[142.90528,-12.8124],[142.89963,-12.81782],[142.91665,-12.83743],[142.92083,-12.85079],[142.91871,-12.86139],[142.93443,-12.87135],[142.93466,-12.87718],[142.94668,-12.87959],[142.9488,-12.88954],[142.96146,-12.89796],[142.94958,-12.92727],[142.95251,-12.93194],[142.9518,-12.94607],[142.95786,-12.94618],[142.9584,-12.95137],[142.95357,-12.96009],[142.96063,-12.97469],[142.95893,-12.9834],[142.97553,-12.98653],[142.98896,-12.9761],[143.01833,-12.97492],[143.02222,-12.98711],[143.02927,-12.99162],[143.03634,-13.00684],[143.03903,-13.00849],[143.04636,-13.00383],[143.05124,-13.00877],[143.05177,-13.01639],[143.05493,-13.01562],[143.05523,-13.0205],[143.05971,-13.02078],[143.06344,-13.03193],[143.07624,-13.03937],[143.08962,-13.03963],[143.09077,-13.04479],[143.09553,-13.04342],[143.10589,-13.04806],[143.11732,-13.0361],[143.11947,-13.04074],[143.13006,-13.03372],[143.13637,-13.03586],[143.13959,-13.02794],[143.17674,-13.03437],[143.18186,-13.03062],[143.18734,-13.03485],[143.19734,-13.03586],[143.20073,-13.043],[143.20912,-13.04872],[143.21853,-13.04949],[143.22318,-13.05538],[143.24562,-13.05991],[143.2513,-13.04988],[143.25848,-13.04556],[143.25873,-13.03728],[143.25533,-13.02639],[143.24645,-13.02079],[143.24193,-13.0077],[143.24337,-12.9984],[143.25934,-12.98441],[143.28644,-12.97549],[143.28743,-12.97021],[143.28189,-12.96466],[143.2868,-12.95595],[143.27307,-12.95355],[143.26737,-12.94035],[143.2611,-12.93736],[143.26016,-12.9211],[143.25746,-12.91793],[143.25089,-12.91881],[143.25265,-12.90649],[143.25658,-12.90215],[143.25388,-12.87422],[143.24913,-12.86795],[143.23739,-12.87258],[143.23088,-12.86918],[143.2327,-12.86003],[143.23012,-12.83937],[143.23563,-12.82946],[143.22871,-12.82893],[143.23047,-12.81491],[143.22114,-12.81062],[143.22214,-12.79537],[143.21768,-12.78997],[143.21656,-12.76944],[143.2036,-12.76146],[143.20119,-12.75348],[143.19134,-12.7435],[143.18811,-12.7296],[143.20056,-12.70833],[143.21152,-12.70818],[143.20741,-12.69422],[143.22267,-12.68178],[143.21903,-12.67615],[143.22026,-12.66887],[143.21744,-12.6616],[143.22225,-12.64783],[143.22912,-12.63909],[143.24572,-12.63966],[143.25141,-12.63649],[143.25499,-12.64435],[143.26696,-12.65004],[143.27389,-12.64212],[143.28568,-12.63613],[143.28574,-12.62111],[143.29788,-12.61859],[143.30853,-12.62535],[143.31308,-12.6254],[143.31499,-12.62124],[143.31824,-12.62475],[143.32431,-12.6232],[143.33766,-12.60327],[143.35872,-12.60357],[143.38342,-12.5858],[143.35942,-12.57169],[143.354,-12.56388],[143.34707,-12.56752],[143.33448,-12.5666],[143.32458,-12.55861],[143.30639,-12.55508],[143.29858,-12.54522],[143.29704,-12.53287],[143.28842,-12.53132],[143.28677,-12.51946],[143.2742,-12.51453],[143.27081,-12.49921],[143.27694,-12.4823],[143.27157,-12.46684],[143.2779,-12.44683],[143.27713,-12.43914],[143.27032,-12.43768],[143.26941,-12.43308],[143.27382,-12.40669],[143.26667,-12.40366],[143.26609,-12.39406],[143.25012,-12.39138],[143.24759,-12.3792],[143.23582,-12.3838],[143.23046,-12.38216],[143.22007,-12.37259],[143.21563,-12.36287],[143.20712,-12.36137],[143.19426,-12.35312],[143.19444,-12.34867],[143.18293,-12.35039],[143.17906,-12.34245],[143.17543,-12.34427],[143.17364,-12.34201],[143.1679,-12.3471],[143.16473,-12.34452],[143.16133,-12.34682],[143.12509,-12.34635],[143.11631,-12.34414],[143.1157,-12.33801],[143.10399,-12.34402],[143.09103,-12.3426],[143.08517,-12.34807],[143.08067,-12.34338],[143.0766,-12.31603],[143.08311,-12.28285],[143.09533,-12.25797],[143.09457,-12.25315],[143.08705,-12.25012],[143.08612,-12.24416],[143.09187,-12.22563],[143.09761,-12.21919],[143.09268,-12.20843],[143.09578,-12.20358],[143.08787,-12.19979],[143.09561,-12.17365],[143.08584,-12.17356],[143.08375,-12.16761],[143.07878,-12.16548],[143.07914,-12.15615],[143.08443,-12.1467],[143.08717,-12.1517],[143.08516,-12.15659],[143.08915,-12.15889],[143.0942,-12.15685],[143.13797,-12.08208],[143.12123,-12.07471],[143.1066,-12.06109],[143.09145,-12.05911],[143.07041,-12.05019],[143.06331,-12.03695],[143.05065,-12.03002],[143.02096,-12.02871],[143.01572,-12.05091],[143.01091,-12.05512],[143.00034,-12.05649],[142.94097,-12.03855],[142.92431,-12.04603],[142.92127,-12.06099],[142.92648,-12.06882],[142.92016,-12.0735],[142.91934,-12.08028],[142.91356,-12.08589],[142.91368,-12.09202],[142.91721,-12.09315],[142.91625,-12.10003],[142.9076,-12.113],[142.91017,-12.12288],[142.91807,-12.13019],[142.90153,-12.13209],[142.89026,-12.12596],[142.8851,-12.13223],[142.86552,-12.11125],[142.86494,-12.10213],[142.85979,-12.09611],[142.85635,-12.09927],[142.85021,-12.09857],[142.83823,-12.1123],[142.83309,-12.10903],[142.8266,-12.10985],[142.82397,-12.10581],[142.81616,-12.10333],[142.81252,-12.08822],[142.80334,-12.08089],[142.78248,-12.07981],[142.77617,-12.07566],[142.76495,-12.07695],[142.7598,-12.07093],[142.75156,-12.06789],[142.7189,-12.06999],[142.70627,-12.07408],[142.68593,-12.06654]]],"type":"Polygon"},"properties":{"area_sqkm":4195.62,"basin_no":"102","division":"North East Coast","division_no":"I","id":"olive_pascoe","name":"Olive-Pascoe"},"type":"Feature"},
{"geometry":{"coordinates":[[[145.10112,-26.09909],[145.09424,-26.11625],[145.10429,-26.13495],[145.1012,-26.14327],[145.07779,-26.16304],[145.05078,-26.16815],[145.04637,-26.1721],[145.04738,-26.1767],[145.06024,-26.18437],[145.06163,-26.1964],[145.07213,-26.20064],[145.07294,-26.20604],[145.05933,-26.22003],[145.04985,-26.24096],[145.03713,-26.24791],[145.00908,-26.2529],[144.96964,-26.25124],[144.95263,-26.26501],[144.91782,-26.27522],[144.89409,-26.2941],[144.89126,-26.30547],[144.90146,-26.3214],[144.90078,-26.33154],[144.88048,-26.34337],[144.87754,-26.34926],[144.88096,-26.36969],[144.89313,-26.39218],[144.88721,-26.40909],[144.89045,-26.43631],[144.88546,-26.44319],[144.84473,-26.4563],[144.83558,-26.46839],[144.83707,-26.47846],[144.8538,-26.47904],[144.85833,-26.48828],[144.86802,-26.49381],[144.85558,-26.53512],[144.8565,-26.54582],[144.86628,-26.57121],[144.86512,-26.57813],[144.85046,-26.59607],[144.81855,-26.61827],[144.82198,-26.62325],[144.83158,-26.62654],[144.83367,-26.63245],[144.83201,-26.63868],[144.82502,-26.64535],[144.82766,-26.68955],[144.81297,-26.73231],[144.82122,-26.75794],[144.8193,-26.76665],[144.80899,-26.77235],[144.78897,-26.77235],[144.76017,-26.78161],[144.72831,-26.78075],[144.7142,-26.78445],[144.7109,-26.79005],[144.71196,-26.80363],[144.69439,-26.81035],[144.66598,-26.84135],[144.66006,-26.85542],[144.65666,-26.88619],[144.67903,-26.93041],[144.67753,-26.93698],[144.66759,-26.94394],[144.68419,-26.95491],[144.68904,-26.9637],[144.70277,-26.97532],[144.72748,-26.98026],[144.73277,-26.98794],[144.72519,-26.99859],[144.70965,-27.00951],[144.69955,-27.00288],[144.68167,-27.0038],[144.67668,-27.02215],[144.66998,-27.03338],[144.67279,-27.04625],[144.66827,-27.05897],[144.67123,-27.07821],[144.66923,-27.1111],[144.64732,-27.13973],[144.61341,-27.17483],[144.57341,-27.20223],[144.56946,-27.21316],[144.55388,-27.22699],[144.51868,-27.28901],[144.51552,-27.31149],[144.5288,-27.32664],[144.53087,-27.33417],[144.51317,-27.38943],[144.51629,-27.3992],[144.5284,-27.41165],[144.53667,-27.42738],[144.55483,-27.42637],[144.56998,-27.43715],[144.58587,-27.43527],[144.59313,-27.45595],[144.59339,-27.47963],[144.59046,-27.49153],[144.58379,-27.50092],[144.56797,-27.51365],[144.56348,-27.52326],[144.56305,-27.55619],[144.55997,-27.56373],[144.54215,-27.57716],[144.51374,-27.57921],[144.49027,-27.58491],[144.4813,-27.57827],[144.45877,-27.57459],[144.44539,-27.5661],[144.43955,-27.56624],[144.40995,-27.58463],[144.37791,-27.59867],[144.35263,-27.616],[144.33812,-27.62924],[144.33835,-27.63784],[144.32595,-27.6611],[144.31959,-27.68652],[144.31258,-27.70106],[144.31444,-27.72685],[144.31149,-27.73348],[144.30164,-27.73135],[144.29328,-27.72389],[144.28171,-27.72238],[144.25428,-27.72677],[144.24427,-27.73199],[144.24539,-27.75093],[144.25737,-27.76968],[144.26189,-27.78725],[144.25859,-27.79613],[144.25133,-27.80188],[144.21686,-27.8166],[144.21351,-27.82607],[144.23627,-27.85124],[144.23859,-27.86029],[144.23655,-27.86825],[144.22963,-27.87251],[144.19483,-27.86566],[144.16888,-27.86729],[144.13089,-27.87953],[144.10176,-27.89464],[144.09663,-27.90881],[144.07688,-27.93558],[144.06338,-27.97382],[144.05658,-27.97743],[144.04585,-27.97686],[144.02726,-27.96617],[144.02047,-27.97107],[144.01845,-27.98501],[144.00473,-28.01822],[144.00391,-28.03135],[143.9929,-28.0501],[143.9905,-28.05952],[143.99711,-28.08699],[143.99454,-28.13091],[144.00921,-28.14649],[144.01899,-28.16555],[144.03345,-28.18213],[144.03974,-28.20359],[144.0252,-28.22365],[143.98705,-28.23917],[143.96243,-28.25737],[143.9628,-28.27283],[143.97757,-28.29706],[143.97909,-28.30459],[143.95993,-28.32065],[143.96697,-28.33555],[143.96806,-28.35367],[143.98737,-28.37221],[143.99895,-28.38847],[144.005,-28.39305],[144.02004,-28.39562],[144.02512,-28.41333],[144.0172,-28.43901],[144.02351,-28.45788],[144.02392,-28.47259],[144.01943,-28.47764],[144.00555,-28.47634],[144.00397,-28.47938],[144.00483,-28.51973],[144.02088,-28.5438],[144.02647,-28.56359],[144.01838,-28.60064],[144.03126,-28.64235],[144.03095,-28.66212],[144.05105,-28.68264],[144.06324,-28.69882],[144.06518,-28.70699],[144.06083,-28.73032],[144.06404,-28.7455],[144.05464,-28.75887],[144.04916,-28.78776],[144.03578,-28.79939],[144.03671,-28.81618],[144.02554,-28.82471],[144.01457,-28.85652],[144.01985,-28.87591],[144.03322,-28.89739],[144.03921,-28.91792],[144.05925,-28.99918],[144.06622,-29.01545],[144.07275,-29.04555],[144.07453,-29.07169],[144.07077,-29.08892],[144.03256,-29.16416],[144.02345,-29.19584],[144.02088,-29.22852],[144.02781,-29.26812],[144.029,-29.30139],[144.02206,-29.33525],[144.01395,-29.3501],[144.00072,-29.36449],[143.92162,-29.42357],[143.87576,-29.46362],[143.77262,-29.52891],[143.74879,-29.55294],[143.74439,-29.56896],[143.74379,-29.62183],[143.73978,-29.64867],[143.71956,-29.69873],[143.69633,-29.72977],[143.60981,-29.81008],[143.58338,-29.84693],[143.56636,-29.88978],[143.54934,-29.96108],[143.54553,-29.99292],[143.5494,-29.99881],[143.54728,-30.01858],[143.5524,-30.05708],[143.56313,-30.09622],[143.5659,-30.1184],[143.56293,-30.15642],[143.55857,-30.16989],[143.53224,-30.20059],[143.49599,-30.22237],[143.46748,-30.24455],[143.45639,-30.26614],[143.45163,-30.29624],[143.44411,-30.31605],[143.41262,-30.36101],[143.37836,-30.382],[143.33756,-30.39725],[143.31815,-30.39745],[143.29241,-30.38695],[143.27736,-30.38874],[143.27003,-30.402],[143.2732,-30.41785],[143.26825,-30.44241],[143.24765,-30.45033],[143.23438,-30.46716],[143.23418,-30.47687],[143.24666,-30.49192],[143.24488,-30.51964],[143.24844,-30.52677],[143.25894,-30.53549],[143.25953,-30.54103],[143.24547,-30.5644],[143.24488,-30.59728],[143.24013,-30.62817],[143.21081,-30.64877],[143.19893,-30.66343],[143.18943,-30.68244],[143.19557,-30.71413],[143.20606,-30.73076],[143.20468,-30.73611],[143.19735,-30.7373],[143.19458,-30.74582],[143.17992,-30.75849],[143.17636,-30.75532],[143.16923,-30.75532],[143.09912,-30.78543],[143.0813,-30.79632],[143.07516,-30.80266],[143.071,-30.82107],[143.07357,-30.83375],[143.05991,-30.85177],[143.05397,-30.86762],[143.04565,-30.86405],[143.01277,-30.83316],[143.00406,-30.82325],[142.99772,-30.80622],[142.99297,-30.80127],[142.95613,-30.7882],[142.93554,-30.77434],[142.91137,-30.76542],[142.75056,-30.83435],[142.74482,-30.83375],[142.73571,-30.82127],[142.72442,-30.81811],[142.68125,-30.81732],[142.66144,-30.82385],[142.65154,-30.81672],[142.64124,-30.81652],[142.61629,-30.85732],[142.60639,-30.86524],[142.60678,-30.87178],[142.6351,-30.90347],[142.64956,-30.92723],[142.62936,-30.93911],[142.62302,-30.95001],[142.61431,-30.9815],[142.61471,-30.99813],[142.60507,-31.00071],[142.60257,-31.00871],[142.59003,-31.02424],[142.59182,-31.0334],[142.60676,-31.04654],[142.60855,-31.0557],[142.60695,-31.05988],[142.59222,-31.06167],[142.58366,-31.06964],[142.57968,-31.1001],[142.58924,-31.11463],[142.60934,-31.13275],[142.62806,-31.13753],[142.65912,-31.15265],[142.67664,-31.15465],[142.69216,-31.17794],[142.71247,-31.19327],[142.72402,-31.22234],[142.71207,-31.2311],[142.70869,-31.23846],[142.69137,-31.24483],[142.6852,-31.25917],[142.68619,-31.27111],[142.69794,-31.29341],[142.70531,-31.29998],[142.71745,-31.30436],[142.72044,-31.31651],[142.73875,-31.31551],[142.76742,-31.33661],[142.79032,-31.35732],[142.80147,-31.38181],[142.81719,-31.39236],[142.8371,-31.39196],[142.8817,-31.40211],[142.99637,-31.43516],[143.02186,-31.45766],[143.04814,-31.49051],[143.06884,-31.50962],[143.12936,-31.5578],[143.14529,-31.56616],[143.1652,-31.58826],[143.18909,-31.60657],[143.23607,-31.61653],[143.28784,-31.64998],[143.31014,-31.65933],[143.33721,-31.66072],[143.34318,-31.65167],[143.35877,-31.5973],[143.37125,-31.57285],[143.39093,-31.55621],[143.42951,-31.5686],[143.45206,-31.59448],[143.48447,-31.57738],[143.50227,-31.55098],[143.52489,-31.52601],[143.55446,-31.50132],[143.57068,-31.47726],[143.60303,-31.47068],[143.6343,-31.47263],[143.67005,-31.44981],[143.70559,-31.44269],[143.73725,-31.4464],[143.7702,-31.4545],[143.79716,-31.44249],[143.83109,-31.44451],[143.85402,-31.4298],[143.88089,-31.41892],[143.90693,-31.42254],[143.9419,-31.41317],[143.96373,-31.39908],[144.01573,-31.3804],[144.0286,-31.36731],[144.0419,-31.33166],[144.03844,-31.29271],[144.04013,-31.28126],[144.02009,-31.24961],[144.01665,-31.23936],[144.01921,-31.22722],[144.02905,-31.21332],[144.04663,-31.19977],[144.06532,-31.1935],[144.10016,-31.19028],[144.13489,-31.15234],[144.15885,-31.13277],[144.17212,-31.12401],[144.1988,-31.11938],[144.22127,-31.10776],[144.25099,-31.06732],[144.26572,-31.06783],[144.3182,-31.0851],[144.32832,-31.08097],[144.36764,-31.03499],[144.35569,-31.01736],[144.35794,-31.00871],[144.37547,-30.99016],[144.38397,-30.97418],[144.41244,-30.94775],[144.41925,-30.93549],[144.47982,-30.91279],[144.50569,-30.91014],[144.52372,-30.90145],[144.53702,-30.90044],[144.58482,-30.90618],[144.60484,-30.89616],[144.62958,-30.90645],[144.646,-30.89625],[144.6728,-30.89552],[144.68722,-30.88807],[144.70761,-30.85927],[144.73152,-30.84091],[144.73793,-30.80941],[144.75996,-30.79219],[144.76361,-30.78393],[144.76094,-30.77515],[144.77569,-30.73688],[144.78277,-30.72637],[144.79391,-30.7185],[144.80991,-30.71311],[144.81119,-30.69891],[144.82364,-30.67167],[144.82567,-30.64386],[144.802,-30.59212],[144.79563,-30.56068],[144.79244,-30.48387],[144.78647,-30.46716],[144.77812,-30.45562],[144.75304,-30.43512],[144.74469,-30.40308],[144.73514,-30.38159],[144.71245,-30.34478],[144.70171,-30.31473],[144.69056,-30.30438],[144.67237,-30.29915],[144.65534,-30.3012],[144.6048,-30.29762],[144.53814,-30.2821],[144.51326,-30.2823],[144.49914,-30.27275],[144.49038,-30.25344],[144.47764,-30.24887],[144.46073,-30.24907],[144.45257,-30.2419],[144.44342,-30.21802],[144.45297,-30.20409],[144.4657,-30.14121],[144.48162,-30.08808],[144.50232,-30.0648],[144.50092,-30.05445],[144.486,-30.0256],[144.48582,-29.99602],[144.48918,-29.98157],[144.50047,-29.96869],[144.54205,-29.95008],[144.58957,-29.92335],[144.65571,-29.878],[144.67809,-29.85543],[144.69591,-29.83167],[144.71551,-29.7588],[144.72521,-29.73464],[144.74046,-29.71306],[144.76303,-29.69622],[144.80501,-29.6889],[144.82441,-29.68078],[144.84897,-29.65345],[144.87372,-29.64098],[144.88164,-29.62098],[144.89015,-29.61127],[144.9056,-29.60692],[144.94481,-29.60969],[144.96421,-29.60117],[144.99134,-29.61009],[145.0046,-29.59919],[145.07193,-29.55939],[145.13291,-29.52751],[145.19034,-29.48474],[145.24103,-29.45622],[145.3139,-29.43028],[145.43231,-29.39939],[145.47908,-29.3814],[145.47844,-29.36117],[145.49171,-29.28435],[145.49999,-29.25687],[145.51902,-29.2204],[145.52735,-29.14646],[145.54083,-29.09591],[145.56858,-29.03505],[145.58602,-29.01047],[145.59534,-29.00174],[145.60417,-28.99914],[145.61308,-28.97798],[145.6137,-28.968],[145.61037,-28.96181],[145.60002,-28.9554],[145.59417,-28.94684],[145.60657,-28.92031],[145.59953,-28.90793],[145.60756,-28.89816],[145.61711,-28.87758],[145.59344,-28.82847],[145.59944,-28.8064],[145.59785,-28.78768],[145.57945,-28.76203],[145.57282,-28.74512],[145.57464,-28.69911],[145.56916,-28.64084],[145.57892,-28.5748],[145.59121,-28.52901],[145.59639,-28.47927],[145.60349,-28.45701],[145.62566,-28.40233],[145.65022,-28.36125],[145.66931,-28.30805],[145.68575,-28.28202],[145.67759,-28.2633],[145.70385,-28.22856],[145.70858,-28.21609],[145.6909,-28.19645],[145.68833,-28.18044],[145.6954,-28.14827],[145.69031,-28.133],[145.65649,-28.08394],[145.65661,-28.0688],[145.66694,-28.03967],[145.66346,-28.02385],[145.62346,-27.97789],[145.61313,-27.96032],[145.61083,-27.93847],[145.61375,-27.89107],[145.62261,-27.848],[145.6376,-27.80577],[145.66196,-27.76861],[145.7131,-27.70494],[145.74377,-27.65663],[145.74252,-27.6513],[145.72824,-27.64183],[145.73807,-27.62268],[145.72557,-27.61063],[145.72354,-27.60312],[145.72979,-27.57785],[145.72757,-27.57258],[145.71417,-27.57017],[145.70329,-27.57211],[145.68806,-27.56551],[145.64382,-27.58003],[145.63986,-27.57397],[145.64651,-27.55271],[145.64256,-27.54785],[145.62629,-27.53937],[145.60505,-27.51742],[145.57545,-27.50865],[145.56792,-27.50308],[145.54821,-27.50001],[145.54069,-27.49528],[145.52674,-27.47226],[145.51226,-27.46263],[145.50217,-27.44798],[145.49235,-27.41284],[145.47483,-27.3993],[145.4663,-27.38489],[145.47744,-27.34868],[145.47015,-27.3228],[145.47831,-27.31014],[145.48269,-27.29894],[145.48292,-27.28405],[145.49695,-27.25558],[145.49531,-27.24098],[145.50518,-27.22799],[145.53609,-27.20947],[145.5327,-27.18761],[145.5541,-27.18154],[145.5618,-27.17614],[145.57402,-27.15563],[145.57158,-27.1378],[145.58213,-27.127],[145.58777,-27.11417],[145.5992,-27.10729],[145.59742,-27.08739],[145.61141,-27.08107],[145.61159,-27.07417],[145.62045,-27.05825],[145.61885,-27.05117],[145.6109,-27.04277],[145.59429,-27.03321],[145.58333,-27.03182],[145.59538,-27.02631],[145.60463,-27.00078],[145.61328,-26.9531],[145.61217,-26.94647],[145.60196,-26.93824],[145.60408,-26.92806],[145.58672,-26.92503],[145.56629,-26.93021],[145.55321,-26.92841],[145.5374,-26.89682],[145.5222,-26.84664],[145.51091,-26.83995],[145.49298,-26.83734],[145.48969,-26.82586],[145.49353,-26.79811],[145.4931,-26.75676],[145.51231,-26.74812],[145.52577,-26.74566],[145.53188,-26.72664],[145.52251,-26.71985],[145.52191,-26.71368],[145.54991,-26.7025],[145.56523,-26.69125],[145.56828,-26.68516],[145.5715,-26.65328],[145.58786,-26.62061],[145.61726,-26.57487],[145.62072,-26.5549],[145.61285,-26.52694],[145.61778,-26.50652],[145.60286,-26.50005],[145.6002,-26.48766],[145.5803,-26.47137],[145.57727,-26.44912],[145.56946,-26.44177],[145.57119,-26.4302],[145.56683,-26.41596],[145.56717,-26.40381],[145.56938,-26.39806],[145.57893,-26.39218],[145.57737,-26.3863],[145.55859,-26.37957],[145.53807,-26.36443],[145.51129,-26.35236],[145.49664,-26.33582],[145.48353,-26.32778],[145.476,-26.31738],[145.46861,-26.31746],[145.45546,-26.33027],[145.44116,-26.33394],[145.41864,-26.32317],[145.41603,-26.31329],[145.41249,-26.31062],[145.39927,-26.30926],[145.38772,-26.30298],[145.37234,-26.30648],[145.36017,-26.27631],[145.34373,-26.27088],[145.33475,-26.25599],[145.31219,-26.24533],[145.31288,-26.23904],[145.31968,-26.23195],[145.3201,-26.2248],[145.31346,-26.21271],[145.28644,-26.19978],[145.29468,-26.17552],[145.28654,-26.15532],[145.26807,-26.15987],[145.20579,-26.12906],[145.19397,-26.1196],[145.18111,-26.09547],[145.16498,-26.08029],[145.15105,-26.07442],[145.13147,-26.07488],[145.11787,-26.0887],[145.10112,-26.09909]]],"type":"Polygon"},"properties":{"area_sqkm":73076.7,"basin_no":"424","division":"Murray Darling","division_no":"IV","id":"paroo","name":"Paroo"},"type":"Feature"},
{"geometry":{"coordinates":[[[152.85183,-26.98596],[152.83853,-26.97865],[152.82661,-26.98211],[152.82032,-26.9893],[152.81464,-26.98958],[152.80918,-26.99867],[152.81369,-27.01589],[152.80656,-27.03072],[152.8074,-27.03513],[152.80018,-27.04619],[152.79324,-27.04431],[152.79285,-27.04854],[152.78654,-27.05051],[152.78117,-27.07787],[152.76599,-27.07998],[152.74803,-27.08951],[152.75112,-27.10612],[152.73111,-27.10824],[152.72826,-27.12224],[152.73779,-27.15025],[152.72956,-27.16321],[152.7326,-27.17073],[152.70136,-27.20217],[152.70208,-27.22583],[152.69404,-27.2338],[152.69378,-27.24009],[152.68075,-27.25655],[152.68347,-27.27276],[152.70396,-27.27651],[152.70428,-27.29033],[152.70703,-27.2918],[152.71423,-27.28912],[152.73384,-27.297],[152.74615,-27.29324],[152.7549,-27.29803],[152.75575,-27.30763],[152.74753,-27.3166],[152.76962,-27.33693],[152.77234,-27.34315],[152.77085,-27.34872],[152.76301,-27.35508],[152.76216,-27.37109],[152.77286,-27.37971],[152.78284,-27.39915],[152.81331,-27.40084],[152.83197,-27.41626],[152.86127,-27.4219],[152.8708,-27.41756],[152.87618,-27.42048],[152.87929,-27.42864],[152.92233,-27.43435],[152.92849,-27.42644],[152.95072,-27.42378],[152.96258,-27.43467],[152.97717,-27.43759],[152.99091,-27.43214],[152.99804,-27.4232],[153.00839,-27.4242],[153.01343,-27.43144],[153.01744,-27.43183],[153.02804,-27.43002],[153.03605,-27.42472],[153.07391,-27.41968],[153.1026,-27.42039],[153.12172,-27.4147],[153.13174,-27.3939],[153.157,-27.37417],[153.1556,-27.36264],[153.1429,-27.35874],[153.1343,-27.36086],[153.12859,-27.35524],[153.09522,-27.34107],[153.08458,-27.33184],[153.08141,-27.33357],[153.08864,-27.32721],[153.06989,-27.31362],[153.06491,-27.2997],[153.0652,-27.28492],[153.05973,-27.28111],[153.04738,-27.28261],[153.04275,-27.27699],[153.04726,-27.27628],[153.05073,-27.2714],[153.04978,-27.2748],[153.06359,-27.27594],[153.06376,-27.27263],[153.06673,-27.2734],[153.06523,-27.26617],[153.05874,-27.26473],[153.06375,-27.26313],[153.06049,-27.26251],[153.06021,-27.25776],[153.06596,-27.25039],[153.06962,-27.24958],[153.07272,-27.25784],[153.07877,-27.26287],[153.09337,-27.25576],[153.10132,-27.25836],[153.10405,-27.26307],[153.10817,-27.26139],[153.11772,-27.2324],[153.11528,-27.2254],[153.11879,-27.21203],[153.11456,-27.19158],[153.10351,-27.19381],[153.10324,-27.19953],[153.09076,-27.20611],[153.04812,-27.19361],[153.03769,-27.19623],[153.02971,-27.18131],[153.03594,-27.16068],[153.04348,-27.15616],[153.03681,-27.15364],[153.03649,-27.15],[153.04605,-27.14756],[153.06705,-27.10968],[153.11547,-27.08524],[153.07753,-27.06147],[153.06215,-27.06689],[153.04729,-27.07697],[153.02803,-27.07361],[153.01104,-27.06127],[153.00609,-27.05306],[152.98656,-27.04524],[152.97574,-27.03655],[152.96329,-27.03759],[152.95461,-27.03195],[152.94903,-27.02346],[152.92894,-27.02035],[152.9187,-27.02748],[152.88901,-27.01853],[152.87121,-26.998],[152.85183,-26.98596]]],"type":"Polygon"},"properties":{"area_sqkm":1486.33,"basin_no":"142","division":"North East Coast","division_no":"I","id":"pine","name":"Pine"},"type":"Feature"},
{"geometry":{"coordinates":[[[148.60595,-21.01465],[148.59762,-21.01594],[148.59537,-21.02525],[148.60254,-21.02796],[148.60416,-21.03455],[148.60244,-21.03661],[148.59614,-21.03471],[148.58872,-21.03909],[148.58045,-21.0514],[148.57958,-21.06173],[148.57087,-21.06273],[148.56224,-21.07293],[148.5478,-21.07691],[148.53903,-21.09494],[148.5297,-21.09961],[148.52242,-21.09668],[148.51888,-21.1146],[148.50421,-21.12246],[148.4981,-21.12178],[148.49271,-21.13203],[148.49355,-21.14024],[148.51166,-21.16062],[148.56714,-21.17244],[148.56838,-21.17806],[148.55866,-21.19201],[148.56341,-21.20465],[148.5603,-21.21261],[148.56378,-21.21709],[148.56417,-21.23452],[148.55321,-21.23936],[148.54382,-21.24975],[148.54401,-21.26262],[148.53928,-21.26859],[148.53859,-21.28899],[148.54352,-21.30429],[148.54239,-21.30852],[148.53696,-21.31114],[148.54027,-21.31574],[148.5333,-21.33397],[148.54202,-21.35106],[148.54407,-21.364],[148.5501,-21.36929],[148.55955,-21.36997],[148.56752,-21.37445],[148.58593,-21.37457],[148.59171,-21.36916],[148.60409,-21.36866],[148.6118,-21.37376],[148.61329,-21.38042],[148.61765,-21.38297],[148.62529,-21.37992],[148.63456,-21.36966],[148.63916,-21.37283],[148.64992,-21.36661],[148.66068,-21.3719],[148.67188,-21.36935],[148.68705,-21.37613],[148.69215,-21.34783],[148.69962,-21.35038],[148.70733,-21.34664],[148.72238,-21.35448],[148.72823,-21.3653],[148.73612,-21.36779],[148.73675,-21.37482],[148.74409,-21.38452],[148.75646,-21.38925],[148.75889,-21.39347],[148.77151,-21.39379],[148.78436,-21.38521],[148.78992,-21.38788],[148.79689,-21.41437],[148.80255,-21.42022],[148.80622,-21.43428],[148.82258,-21.45816],[148.83135,-21.4548],[148.84652,-21.45741],[148.84982,-21.45443],[148.85622,-21.45766],[148.87414,-21.45741],[148.88832,-21.46127],[148.90063,-21.47116],[148.90586,-21.4701],[148.9094,-21.44665],[148.91251,-21.44385],[148.91705,-21.44504],[148.91948,-21.44137],[148.91943,-21.43488],[148.91049,-21.42929],[148.90296,-21.41507],[148.9033,-21.39942],[148.90901,-21.39479],[148.90834,-21.38503],[148.92419,-21.37729],[148.93717,-21.38569],[148.94323,-21.3853],[148.96481,-21.37799],[148.97346,-21.36735],[148.99094,-21.36362],[148.98783,-21.35205],[148.97458,-21.34521],[148.96886,-21.33651],[148.96096,-21.33309],[148.94753,-21.34161],[148.93297,-21.33937],[148.92731,-21.3311],[148.92445,-21.31909],[148.90971,-21.30416],[148.89702,-21.31642],[148.88223,-21.30928],[148.88203,-21.30479],[148.87563,-21.30155],[148.87843,-21.2916],[148.86767,-21.28787],[148.8653,-21.27568],[148.85492,-21.27282],[148.84005,-21.24968],[148.8306,-21.24769],[148.82643,-21.235],[148.833,-21.21986],[148.83352,-21.21093],[148.84687,-21.20586],[148.84658,-21.18419],[148.86742,-21.16211],[148.87463,-21.14843],[148.88695,-21.15396],[148.91207,-21.14731],[148.94267,-21.14936],[148.96755,-21.16802],[148.97172,-21.17561],[148.99025,-21.1725],[148.99834,-21.1506],[149.02407,-21.14741],[149.092,-21.16666],[149.1175,-21.16347],[149.14803,-21.17138],[149.17157,-21.16439],[149.19581,-21.17045],[149.19197,-21.15825],[149.2032,-21.14789],[149.21085,-21.14643],[149.20689,-21.14135],[149.19744,-21.14104],[149.197,-21.13794],[149.20262,-21.13333],[149.20135,-21.12886],[149.20836,-21.13006],[149.21811,-21.14324],[149.21887,-21.14126],[149.22382,-21.10563],[149.17801,-21.09229],[149.16299,-21.11093],[149.15036,-21.11436],[149.14049,-21.10253],[149.13154,-21.0801],[149.12645,-21.07691],[149.11664,-21.07967],[149.10463,-21.07501],[149.10585,-21.08978],[149.09457,-21.10137],[149.07814,-21.0945],[149.06803,-21.0918],[149.06073,-21.09352],[149.05289,-21.08935],[149.01627,-21.09843],[149.01377,-21.07997],[148.9989,-21.08039],[148.98546,-21.0937],[148.96568,-21.09724],[148.95996,-21.10514],[148.95063,-21.0978],[148.94081,-21.0955],[148.94,-21.10365],[148.93298,-21.11298],[148.91058,-21.10079],[148.90878,-21.09083],[148.90274,-21.09152],[148.88956,-21.10215],[148.87003,-21.08996],[148.85878,-21.1064],[148.84478,-21.09538],[148.8385,-21.09475],[148.83445,-21.0876],[148.82506,-21.08095],[148.81797,-21.08636],[148.8023,-21.09115],[148.80192,-21.09647],[148.79477,-21.09786],[148.78706,-21.09096],[148.78401,-21.08238],[148.77786,-21.08107],[148.77217,-21.06986],[148.76131,-21.07075],[148.75483,-21.0636],[148.75049,-21.06303],[148.73668,-21.07243],[148.72642,-21.07522],[148.72275,-21.0718],[148.72113,-21.05943],[148.70957,-21.05122],[148.70223,-21.05532],[148.69371,-21.05358],[148.68506,-21.04288],[148.67237,-21.04929],[148.66217,-21.04587],[148.65692,-21.04795],[148.64048,-21.04044],[148.63649,-21.03163],[148.63832,-21.0248],[148.62652,-21.02534],[148.62815,-21.02043],[148.6248,-21.00283],[148.61142,-21.0149],[148.60595,-21.01465]]],"type":"Polygon"},"properties":{"area_sqkm":1574.44,"basin_no":"125","division":"North East Coast","division_no":"I","id":"pioneer","name":"Pioneer"},"type":"Feature"},
{"geometry":{"coordinates":[[[149.04418,-21.15323],[149.0245,-21.14741],[149.00102,-21.14925],[148.99715,-21.15191],[148.99025,-21.1725],[148.97172,-21.17561],[148.96755,-21.16802],[148.94267,-21.14936],[148.91207,-21.14731],[148.88695,-21.15396],[148.87563,-21.14781],[148.86742,-21.16211],[148.84702,-21.18338],[148.84687,-21.20586],[148.83352,-21.21093],[148.82637,-21.23874],[148.83078,-21.24794],[148.84005,-21.24968],[148.85492,-21.27282],[148.8653,-21.27568],[148.86767,-21.28787],[148.87843,-21.2916],[148.87563,-21.30155],[148.88989,-21.31405],[148.89789,-21.31623],[148.90971,-21.30416],[148.92445,-21.31909],[148.93272,-21.33918],[148.94753,-21.34161],[148.96021,-21.33302],[148.96886,-21.33651],[148.97458,-21.34521],[148.98938,-21.35367],[148.9906,-21.36532],[149.01108,-21.36418],[149.0253,-21.35487],[149.03364,-21.35431],[149.03677,-21.361],[149.04394,-21.36369],[149.04645,-21.3697],[149.05436,-21.37363],[149.06632,-21.38828],[149.07447,-21.39024],[149.073,-21.40268],[149.07737,-21.40764],[149.07766,-21.41396],[149.08477,-21.41893],[149.08231,-21.42941],[149.09433,-21.44229],[149.09513,-21.44854],[149.08808,-21.45461],[149.08581,-21.46129],[149.08808,-21.48888],[149.10034,-21.49348],[149.11211,-21.49053],[149.11182,-21.49891],[149.11814,-21.50432],[149.13838,-21.50698],[149.1493,-21.50198],[149.15478,-21.49096],[149.16121,-21.49871],[149.16788,-21.50044],[149.16924,-21.49609],[149.17578,-21.49427],[149.19275,-21.50093],[149.19558,-21.5308],[149.19009,-21.53771],[149.18917,-21.54684],[149.2017,-21.55215],[149.19737,-21.56252],[149.18873,-21.56907],[149.18856,-21.5804],[149.17345,-21.58732],[149.17209,-21.5952],[149.17557,-21.59971],[149.17325,-21.60282],[149.17862,-21.6125],[149.1746,-21.62657],[149.18596,-21.64509],[149.18368,-21.65311],[149.19454,-21.67101],[149.1946,-21.67891],[149.20071,-21.68279],[149.1991,-21.6894],[149.20682,-21.6918],[149.20744,-21.70322],[149.22015,-21.71562],[149.21965,-21.73],[149.22416,-21.73519],[149.21731,-21.73704],[149.21694,-21.74235],[149.20606,-21.75482],[149.21139,-21.76975],[149.20929,-21.77666],[149.21663,-21.78221],[149.23095,-21.78215],[149.23737,-21.78604],[149.23848,-21.79097],[149.24929,-21.77536],[149.2602,-21.78505],[149.27242,-21.78431],[149.29081,-21.80541],[149.28272,-21.81924],[149.29241,-21.8288],[149.28778,-21.85145],[149.28852,-21.86207],[149.2942,-21.86972],[149.28044,-21.87731],[149.27014,-21.89292],[149.2702,-21.89996],[149.27896,-21.90934],[149.27254,-21.91921],[149.28414,-21.91514],[149.28852,-21.92254],[149.30284,-21.92637],[149.31012,-21.93853],[149.32339,-21.94741],[149.32407,-21.95278],[149.3303,-21.95976],[149.33857,-21.95599],[149.35371,-21.96159],[149.35277,-21.96722],[149.35881,-21.97376],[149.35974,-21.98857],[149.36313,-21.99086],[149.37227,-21.9866],[149.3772,-21.99123],[149.37371,-21.99956],[149.37888,-22.0113],[149.39479,-22.02216],[149.39971,-22.03276],[149.40936,-22.03408],[149.41681,-22.03888],[149.41732,-22.04778],[149.4235,-22.05706],[149.45266,-22.0688],[149.46465,-22.08325],[149.46963,-22.08476],[149.47311,-22.09751],[149.48257,-22.1042],[149.49235,-22.1201],[149.50798,-22.13284],[149.51105,-22.14117],[149.50986,-22.14895],[149.53117,-22.14675],[149.53769,-22.14895],[149.54077,-22.16549],[149.5486,-22.16819],[149.55236,-22.17615],[149.56068,-22.18139],[149.56703,-22.17279],[149.55964,-22.16949],[149.55354,-22.14023],[149.54384,-22.13469],[149.54171,-22.12633],[149.54406,-22.12424],[149.53671,-22.11975],[149.52398,-22.09725],[149.51857,-22.07723],[149.51547,-22.07609],[149.51909,-22.0308],[149.52314,-22.03041],[149.52246,-22.02463],[149.51556,-22.019],[149.51011,-22.00597],[149.49553,-21.99882],[149.49043,-21.993],[149.48262,-21.97795],[149.48422,-21.95989],[149.47738,-21.95782],[149.47993,-21.95724],[149.46945,-21.93188],[149.46325,-21.92678],[149.46586,-21.92587],[149.46418,-21.90954],[149.45941,-21.90869],[149.46402,-21.90656],[149.46557,-21.89895],[149.46168,-21.87583],[149.46461,-21.85725],[149.47158,-21.84047],[149.46501,-21.83915],[149.45518,-21.83134],[149.4629,-21.82174],[149.43725,-21.81118],[149.43106,-21.79805],[149.43466,-21.75331],[149.43067,-21.74706],[149.43325,-21.74366],[149.43736,-21.74509],[149.44235,-21.7422],[149.45715,-21.7286],[149.47833,-21.74372],[149.48053,-21.7296],[149.47277,-21.73042],[149.47334,-21.71319],[149.46963,-21.70967],[149.45712,-21.71215],[149.45194,-21.68944],[149.45495,-21.67825],[149.45207,-21.67195],[149.44883,-21.67276],[149.44488,-21.6687],[149.44288,-21.65979],[149.4472,-21.66211],[149.44842,-21.65901],[149.44088,-21.65506],[149.43811,-21.64144],[149.45233,-21.60521],[149.47271,-21.59115],[149.47551,-21.57469],[149.48599,-21.57123],[149.4878,-21.55246],[149.48459,-21.53284],[149.47728,-21.53588],[149.46989,-21.53404],[149.46507,-21.54657],[149.458,-21.55366],[149.46011,-21.55498],[149.45691,-21.56061],[149.45272,-21.56311],[149.45095,-21.57549],[149.44439,-21.57808],[149.43716,-21.55353],[149.42897,-21.54861],[149.41777,-21.54699],[149.4008,-21.55008],[149.39824,-21.54853],[149.40048,-21.54567],[149.39802,-21.54045],[149.38859,-21.54075],[149.37742,-21.53435],[149.38406,-21.52234],[149.38417,-21.50727],[149.38955,-21.50742],[149.39599,-21.49195],[149.39338,-21.49492],[149.37251,-21.49867],[149.36247,-21.5046],[149.35419,-21.5039],[149.35707,-21.49749],[149.35382,-21.4899],[149.34547,-21.48232],[149.34387,-21.47606],[149.33702,-21.47475],[149.33305,-21.48738],[149.31863,-21.4905],[149.30977,-21.49933],[149.30191,-21.50101],[149.30001,-21.5097],[149.29674,-21.51042],[149.29043,-21.50398],[149.28738,-21.48703],[149.27331,-21.47996],[149.27353,-21.47481],[149.26295,-21.47636],[149.2722,-21.47158],[149.28778,-21.47597],[149.29777,-21.47096],[149.29382,-21.46625],[149.29025,-21.46727],[149.28686,-21.45805],[149.29138,-21.45826],[149.29243,-21.44042],[149.2976,-21.42675],[149.31506,-21.42597],[149.31407,-21.42159],[149.3209,-21.4183],[149.3255,-21.41981],[149.32504,-21.42399],[149.33438,-21.43269],[149.33708,-21.42799],[149.33033,-21.41048],[149.32737,-21.4102],[149.32461,-21.41527],[149.31459,-21.41064],[149.30586,-21.41076],[149.29547,-21.41622],[149.2812,-21.41051],[149.2891,-21.40455],[149.27867,-21.40133],[149.28199,-21.39457],[149.27458,-21.38979],[149.28772,-21.38983],[149.29203,-21.396],[149.30055,-21.40038],[149.30641,-21.39082],[149.31169,-21.39113],[149.31291,-21.3956],[149.3157,-21.39313],[149.3137,-21.38302],[149.31782,-21.36926],[149.31012,-21.37657],[149.29998,-21.37624],[149.30192,-21.36639],[149.31073,-21.37423],[149.30758,-21.36182],[149.30925,-21.35773],[149.31424,-21.35875],[149.31411,-21.35479],[149.29583,-21.3396],[149.28802,-21.33916],[149.28791,-21.33564],[149.29606,-21.33922],[149.30046,-21.33499],[149.29374,-21.32023],[149.28843,-21.31668],[149.29393,-21.31752],[149.29419,-21.30018],[149.29092,-21.30041],[149.29763,-21.27293],[149.29184,-21.2722],[149.28209,-21.28036],[149.27391,-21.27846],[149.2671,-21.27262],[149.26808,-21.26825],[149.25973,-21.26272],[149.25628,-21.2451],[149.25317,-21.24552],[149.25174,-21.24972],[149.22465,-21.26275],[149.21241,-21.27987],[149.20468,-21.28436],[149.1961,-21.29846],[149.19228,-21.29872],[149.19131,-21.29093],[149.20065,-21.27759],[149.18591,-21.27724],[149.1829,-21.28205],[149.17897,-21.28129],[149.17897,-21.27722],[149.18266,-21.273],[149.19287,-21.27173],[149.19836,-21.26771],[149.20002,-21.25847],[149.20376,-21.25723],[149.21261,-21.24222],[149.20857,-21.23143],[149.19706,-21.23051],[149.19272,-21.22626],[149.19747,-21.22722],[149.19645,-21.22449],[149.18148,-21.21271],[149.1857,-21.20848],[149.1919,-21.21361],[149.1952,-21.21074],[149.19226,-21.19117],[149.19581,-21.17045],[149.17157,-21.16439],[149.14803,-21.17138],[149.1175,-21.16347],[149.092,-21.16666],[149.05865,-21.15519],[149.04418,-21.15323]]],"type":"Polygon"},"properties":{"area_sqkm":2545.55,"basin_no":"126","division":"North East Coast","division_no":"I","id":"plane","name":"Plane"},"type":"Feature"},
{"geometry":{"coordinates":[[[148.23333,-19.97998],[148.21866,-19.99284],[148.20773,-20.01645],[148.20048,-20.06678],[148.18775,-20.10089],[148.1903,-20.11198],[148.17836,-20.11734],[148.17166,-20.13842],[148.17629,-20.14458],[148.18263,-20.1464],[148.18689,-20.15353],[148.18123,-20.16663],[148.18549,-20.17656],[148.18348,-20.18594],[148.1878,-20.20448],[148.18622,-20.21226],[148.18921,-20.21732],[148.19518,-20.22055],[148.20487,-20.2172],[148.23271,-20.24559],[148.24879,-20.24906],[148.25555,-20.24723],[148.26073,-20.25137],[148.26512,-20.24833],[148.26634,-20.26423],[148.25537,-20.26435],[148.24617,-20.26868],[148.25056,-20.28257],[148.24532,-20.29829],[148.25348,-20.31029],[148.24313,-20.33021],[148.25019,-20.35202],[148.25994,-20.36494],[148.25233,-20.37182],[148.25885,-20.38748],[148.25166,-20.39979],[148.25812,-20.41148],[148.25647,-20.41928],[148.26305,-20.42208],[148.26,-20.42476],[148.26061,-20.42976],[148.28017,-20.45559],[148.27761,-20.46193],[148.28626,-20.4802],[148.28443,-20.4841],[148.28961,-20.49044],[148.28577,-20.49294],[148.2859,-20.5052],[148.29785,-20.51069],[148.30883,-20.50996],[148.31445,-20.51386],[148.35349,-20.52131],[148.36081,-20.5271],[148.36526,-20.52344],[148.36874,-20.51033],[148.38247,-20.50435],[148.39149,-20.50427],[148.39095,-20.51917],[148.41096,-20.53253],[148.41645,-20.55516],[148.41998,-20.55797],[148.43829,-20.55748],[148.44251,-20.54649],[148.45146,-20.55071],[148.45305,-20.544],[148.45988,-20.54193],[148.46763,-20.54607],[148.47355,-20.55846],[148.49782,-20.55608],[148.50173,-20.55943],[148.50151,-20.56722],[148.50683,-20.56994],[148.53209,-20.55969],[148.54331,-20.56102],[148.55649,-20.55505],[148.57824,-20.56617],[148.59764,-20.56296],[148.64829,-20.53473],[148.66318,-20.54904],[148.66949,-20.54938],[148.67306,-20.56437],[148.67804,-20.55858],[148.67557,-20.55047],[148.68583,-20.5475],[148.70013,-20.52844],[148.7155,-20.49268],[148.71371,-20.48202],[148.69127,-20.46018],[148.69093,-20.44553],[148.69472,-20.44297],[148.69964,-20.45322],[148.71759,-20.46404],[148.72102,-20.47295],[148.73631,-20.48158],[148.75471,-20.47191],[148.76007,-20.47218],[148.76378,-20.47897],[148.77244,-20.46837],[148.78137,-20.46427],[148.78271,-20.4476],[148.78685,-20.44535],[148.79429,-20.45292],[148.80282,-20.44781],[148.80813,-20.45597],[148.82025,-20.46397],[148.82263,-20.48042],[148.82678,-20.48688],[148.8255,-20.49486],[148.82206,-20.49685],[148.82748,-20.50211],[148.83676,-20.49892],[148.84515,-20.50262],[148.84912,-20.50751],[148.84596,-20.50782],[148.84645,-20.50526],[148.84359,-20.50735],[148.84633,-20.51486],[148.85016,-20.50837],[148.8544,-20.51098],[148.85226,-20.51068],[148.8522,-20.51512],[148.85804,-20.51278],[148.85667,-20.51892],[148.85267,-20.52151],[148.85661,-20.5277],[148.8652,-20.5288],[148.87019,-20.523],[148.87269,-20.5252],[148.87754,-20.52217],[148.88473,-20.5229],[148.88965,-20.52843],[148.89279,-20.54146],[148.89958,-20.54561],[148.89936,-20.53856],[148.90594,-20.53502],[148.91229,-20.53653],[148.91989,-20.53205],[148.92801,-20.53684],[148.93155,-20.53545],[148.92798,-20.53034],[148.92924,-20.52566],[148.92076,-20.51438],[148.90814,-20.50828],[148.9042,-20.50085],[148.89637,-20.5011],[148.88353,-20.4877],[148.8909,-20.47644],[148.90963,-20.4796],[148.91125,-20.47633],[148.89903,-20.46367],[148.89122,-20.46484],[148.8825,-20.47149],[148.87788,-20.47035],[148.87077,-20.45704],[148.85884,-20.45018],[148.84689,-20.43177],[148.83854,-20.43067],[148.8381,-20.41745],[148.83523,-20.4139],[148.84117,-20.40468],[148.83932,-20.39034],[148.83555,-20.38707],[148.83276,-20.389],[148.82209,-20.38645],[148.8204,-20.38291],[148.83098,-20.38408],[148.83465,-20.37895],[148.82902,-20.36486],[148.83764,-20.36542],[148.84098,-20.35135],[148.82686,-20.33719],[148.81988,-20.34457],[148.81394,-20.33936],[148.81257,-20.33675],[148.82264,-20.33057],[148.8161,-20.32088],[148.80629,-20.31795],[148.80253,-20.32075],[148.79236,-20.32015],[148.79123,-20.31659],[148.79413,-20.31444],[148.77096,-20.29853],[148.76753,-20.2893],[148.78,-20.28955],[148.78515,-20.2928],[148.78831,-20.28778],[148.79364,-20.29103],[148.79049,-20.2786],[148.79428,-20.28284],[148.8016,-20.27946],[148.78859,-20.27651],[148.78318,-20.27125],[148.77989,-20.27497],[148.77642,-20.27338],[148.77646,-20.25517],[148.76893,-20.23562],[148.7631,-20.23351],[148.75229,-20.23563],[148.75332,-20.26234],[148.74116,-20.25839],[148.74014,-20.25337],[148.73382,-20.2537],[148.7369,-20.25789],[148.73285,-20.27501],[148.72569,-20.27627],[148.72177,-20.27019],[148.72322,-20.26692],[148.7187,-20.26772],[148.71515,-20.26331],[148.70268,-20.27352],[148.6934,-20.27068],[148.68962,-20.2769],[148.68161,-20.27919],[148.6763,-20.27263],[148.6795,-20.26604],[148.67685,-20.25404],[148.68071,-20.24473],[148.68493,-20.24225],[148.68377,-20.23619],[148.68155,-20.23128],[148.67849,-20.23125],[148.67146,-20.23848],[148.67022,-20.24594],[148.66297,-20.24925],[148.66267,-20.23712],[148.66754,-20.23125],[148.66038,-20.21809],[148.66472,-20.20396],[148.67642,-20.19285],[148.67665,-20.17637],[148.67366,-20.1809],[148.67627,-20.18846],[148.66034,-20.20205],[148.66169,-20.20594],[148.65313,-20.21621],[148.64459,-20.21212],[148.64787,-20.20146],[148.64535,-20.19753],[148.64592,-20.17503],[148.63899,-20.17087],[148.62802,-20.19265],[148.63365,-20.20864],[148.63066,-20.21967],[148.61937,-20.21598],[148.6147,-20.22164],[148.60054,-20.2103],[148.60405,-20.20599],[148.60309,-20.20198],[148.61294,-20.19366],[148.61988,-20.17706],[148.60926,-20.18334],[148.5981,-20.20214],[148.58615,-20.19596],[148.58227,-20.19833],[148.58238,-20.18163],[148.58676,-20.17671],[148.59346,-20.1754],[148.59802,-20.16588],[148.59243,-20.17113],[148.58502,-20.16903],[148.58491,-20.16475],[148.57725,-20.17344],[148.5701,-20.17025],[148.57678,-20.15442],[148.56978,-20.15486],[148.56601,-20.15094],[148.56739,-20.14637],[148.57789,-20.14069],[148.57846,-20.12752],[148.57342,-20.12897],[148.57226,-20.13364],[148.56634,-20.13288],[148.56384,-20.12369],[148.56775,-20.11856],[148.5648,-20.11582],[148.55532,-20.11569],[148.55659,-20.10983],[148.55301,-20.10189],[148.55607,-20.09866],[148.55191,-20.09458],[148.55893,-20.09089],[148.56012,-20.08448],[148.56567,-20.08221],[148.56349,-20.07713],[148.56572,-20.07592],[148.56051,-20.07163],[148.56282,-20.06684],[148.55542,-20.06647],[148.55429,-20.07445],[148.54722,-20.07299],[148.53968,-20.07718],[148.53926,-20.08656],[148.5326,-20.08662],[148.52826,-20.09397],[148.51916,-20.09069],[148.51271,-20.09346],[148.50662,-20.08755],[148.50258,-20.09105],[148.49452,-20.08844],[148.49179,-20.08164],[148.49366,-20.07913],[148.48626,-20.08193],[148.47532,-20.06614],[148.46643,-20.06309],[148.45845,-20.06514],[148.45315,-20.06038],[148.44488,-20.06579],[148.44062,-20.07401],[148.44056,-20.09545],[148.44624,-20.11617],[148.44882,-20.11232],[148.45552,-20.11089],[148.46052,-20.11589],[148.47728,-20.11791],[148.46891,-20.12378],[148.46783,-20.13342],[148.46275,-20.14199],[148.44696,-20.14467],[148.43961,-20.15021],[148.43416,-20.15716],[148.43598,-20.16508],[148.43384,-20.1677],[148.42898,-20.16723],[148.42106,-20.16014],[148.40852,-20.18091],[148.40556,-20.17591],[148.40794,-20.16719],[148.4004,-20.16123],[148.39016,-20.16467],[148.36864,-20.15749],[148.35344,-20.1578],[148.34103,-20.1525],[148.33759,-20.14741],[148.33926,-20.14065],[148.33414,-20.13659],[148.33065,-20.13916],[148.32151,-20.13666],[148.30625,-20.12075],[148.3034,-20.11142],[148.27802,-20.10028],[148.27298,-20.08731],[148.28348,-20.07723],[148.277,-20.07939],[148.27596,-20.07238],[148.26098,-20.0681],[148.25324,-20.0582],[148.2365,-20.05474],[148.23122,-20.04887],[148.22819,-20.04149],[148.23438,-20.02556],[148.251,-20.01612],[148.26697,-20.02425],[148.26906,-20.01353],[148.26581,-20.00848],[148.26678,-19.98542],[148.25999,-19.97652],[148.25492,-19.98675],[148.23987,-19.98506],[148.23333,-19.97998]]],"type":"Polygon"},"properties":{"area_sqkm":2541.86,"basin_no":"122","division":"North East Coast","division_no":"I","id":"proserpine","name":"Proserpine"},"type":"Feature"},
{"geometry":{"coordinates":[[[146.66686,-19.20316],[146.67305,-19.20942],[146.66821,-19.21464],[146.63471,-19.23188],[146.6482,-19.24863],[146.64912,-19.25495],[146.64544,-19.26379],[146.62274,-19.28968],[146.61497,-19.31137],[146.61757,-19.31578],[146.61624,-19.32207],[146.61059,-19.32453],[146.59759,-19.34502],[146.60096,-19.35091],[146.59366,-19.37435],[146.602,-19.39681],[146.61323,-19.40159],[146.62003,-19.39483],[146.62833,-19.39515],[146.6333,-19.40534],[146.6244,-19.41264],[146.62286,-19.42356],[146.61176,-19.42583],[146.60771,-19.43258],[146.59863,-19.42644],[146.59434,-19.42969],[146.58378,-19.42454],[146.56292,-19.42423],[146.56666,-19.43448],[146.56059,-19.44663],[146.56353,-19.45227],[146.57525,-19.45896],[146.58041,-19.47037],[146.58247,-19.50157],[146.58043,-19.50622],[146.59078,-19.51219],[146.59948,-19.5282],[146.60691,-19.53088],[146.62609,-19.55517],[146.6404,-19.56705],[146.64765,-19.56814],[146.65562,-19.58312],[146.65331,-19.59822],[146.65589,-19.60531],[146.68168,-19.61156],[146.68613,-19.62854],[146.7008,-19.63135],[146.70421,-19.63829],[146.71371,-19.64529],[146.72151,-19.64524],[146.72491,-19.64851],[146.73173,-19.64401],[146.73989,-19.6473],[146.74306,-19.66435],[146.72912,-19.68347],[146.7291,-19.68888],[146.73758,-19.68913],[146.75146,-19.69637],[146.76072,-19.69321],[146.76888,-19.69954],[146.77826,-19.69915],[146.78522,-19.68619],[146.77658,-19.66351],[146.78361,-19.6596],[146.78331,-19.65083],[146.79189,-19.64121],[146.79398,-19.63056],[146.8101,-19.62],[146.81213,-19.60755],[146.8255,-19.59104],[146.84795,-19.5816],[146.85035,-19.57112],[146.86931,-19.55861],[146.87838,-19.54767],[146.88499,-19.54476],[146.89016,-19.53581],[146.89619,-19.53368],[146.90252,-19.52666],[146.9035,-19.51596],[146.91245,-19.51279],[146.92219,-19.51685],[146.92432,-19.51188],[146.92118,-19.50179],[146.93547,-19.4981],[146.94552,-19.48413],[146.96222,-19.49448],[146.98149,-19.49817],[146.98223,-19.49068],[146.99505,-19.46963],[146.99474,-19.46196],[147.01165,-19.45708],[147.01909,-19.4399],[147.02962,-19.43796],[147.03288,-19.43058],[147.06459,-19.40795],[147.08625,-19.40638],[147.11105,-19.3966],[147.11353,-19.38718],[147.07265,-19.34902],[147.07065,-19.35065],[147.06734,-19.34751],[147.04984,-19.30668],[147.04088,-19.30202],[147.04114,-19.29282],[147.04492,-19.28727],[147.04381,-19.2785],[147.05083,-19.27317],[147.0616,-19.27729],[147.05748,-19.25918],[147.0609,-19.25663],[147.05057,-19.23982],[147.0453,-19.23771],[147.04445,-19.22063],[147.04006,-19.20702],[147.02379,-19.19504],[147.01488,-19.18197],[147.01442,-19.18837],[147.02104,-19.19943],[147.01871,-19.20361],[147.02333,-19.21228],[147.00226,-19.2343],[147.00501,-19.24092],[147.00176,-19.24905],[146.98088,-19.27722],[146.9795,-19.28399],[146.96137,-19.29276],[146.95792,-19.30064],[146.94111,-19.29556],[146.92859,-19.29797],[146.92704,-19.30159],[146.90996,-19.30163],[146.90366,-19.30596],[146.8841,-19.3044],[146.86168,-19.28851],[146.85866,-19.28218],[146.85402,-19.28209],[146.85659,-19.28024],[146.84896,-19.27352],[146.8336,-19.27024],[146.83736,-19.2601],[146.83609,-19.2435],[146.83409,-19.25282],[146.82657,-19.25029],[146.82502,-19.25501],[146.81466,-19.24981],[146.80428,-19.23871],[146.79547,-19.24333],[146.78948,-19.23901],[146.77842,-19.21939],[146.77446,-19.19008],[146.76727,-19.18481],[146.75302,-19.18143],[146.72368,-19.1816],[146.71323,-19.19124],[146.69976,-19.19384],[146.68875,-19.19394],[146.67507,-19.18935],[146.66686,-19.20316]]],"type":"Polygon"},"properties":{"area_sqkm":1711.98,"basin_no":"118","division":"North East Coast","division_no":"I","id":"ross","name":"Ross"},"type":"Feature"},
{"geometry":{"coordinates":[[[137.78199,-16.31735],[137.71224,-16.34604],[137.68292,-16.39771],[137.65427,-16.43432],[137.63685,-16.48857],[137.62996,-16.49804],[137.60923,-16.51419],[137.60303,-16.52612],[137.59997,-16.5446],[137.59032,-16.5525],[137.59273,-16.57016],[137.58984,-16.58428],[137.58072,-16.59222],[137.58722,-16.59666],[137.58709,-16.59994],[137.57923,-16.60787],[137.56176,-16.61547],[137.55886,-16.63275],[137.54679,-16.65407],[137.53337,-16.70913],[137.53746,-16.74779],[137.55048,-16.78184],[137.55931,-16.79107],[137.58836,-16.80898],[137.59811,-16.82739],[137.59764,-16.84377],[137.59056,-16.87283],[137.59274,-16.88319],[137.64048,-16.92403],[137.66682,-16.93646],[137.68636,-16.9406],[137.69524,-16.96833],[137.69111,-16.99511],[137.70178,-17.01292],[137.70342,-17.02868],[137.69759,-17.03615],[137.66978,-17.04757],[137.68095,-17.0694],[137.6844,-17.087],[137.66642,-17.15106],[137.66705,-17.16437],[137.67487,-17.18437],[137.67441,-17.19062],[137.66762,-17.19775],[137.64945,-17.19412],[137.62724,-17.17748],[137.61236,-17.17263],[137.5972,-17.17955],[137.58867,-17.20314],[137.59014,-17.21662],[137.60005,-17.23788],[137.60429,-17.25875],[137.60025,-17.26811],[137.58713,-17.27508],[137.58579,-17.2896],[137.59295,-17.30725],[137.60551,-17.31514],[137.60594,-17.31967],[137.5994,-17.33133],[137.60188,-17.33952],[137.60791,-17.34163],[137.61237,-17.33336],[137.6174,-17.33679],[137.61739,-17.35624],[137.6241,-17.36184],[137.61935,-17.37184],[137.62689,-17.37859],[137.62173,-17.39088],[137.62957,-17.39872],[137.63168,-17.40548],[137.62885,-17.41908],[137.60591,-17.43892],[137.60359,-17.44518],[137.60064,-17.49968],[137.59318,-17.51959],[137.59596,-17.52773],[137.60868,-17.53542],[137.62063,-17.54897],[137.6392,-17.59099],[137.64598,-17.5967],[137.66586,-17.59469],[137.67701,-17.60009],[137.72152,-17.66743],[137.74353,-17.67853],[137.74569,-17.65903],[137.76076,-17.64992],[137.80153,-17.64687],[137.81226,-17.65044],[137.82975,-17.6286],[137.85207,-17.62411],[137.87156,-17.61166],[137.87474,-17.61452],[137.87106,-17.62519],[137.87275,-17.63058],[137.88083,-17.63043],[137.88655,-17.6401],[137.91974,-17.64435],[137.92486,-17.65494],[137.93476,-17.6611],[137.94983,-17.65457],[137.96267,-17.64031],[137.97651,-17.64364],[137.98152,-17.63583],[137.99963,-17.62439],[138.00163,-17.63295],[137.99862,-17.64035],[138.00075,-17.6419],[137.99394,-17.65339],[138.00545,-17.6692],[138.00926,-17.66835],[138.01501,-17.67495],[138.02669,-17.67653],[138.03916,-17.6692],[138.04328,-17.66157],[138.05091,-17.65836],[138.05527,-17.66914],[138.06023,-17.67308],[138.05902,-17.67931],[138.05357,-17.68409],[138.0592,-17.6893],[138.0609,-17.69759],[138.07065,-17.69923],[138.07755,-17.69572],[138.0991,-17.70147],[138.106,-17.69475],[138.11569,-17.69523],[138.1195,-17.69892],[138.1178,-17.70558],[138.12047,-17.70788],[138.13711,-17.70667],[138.13352,-17.72615],[138.1485,-17.72532],[138.16103,-17.71733],[138.17295,-17.71515],[138.18676,-17.71866],[138.2117,-17.70449],[138.22187,-17.71103],[138.2502,-17.71587],[138.27054,-17.72713],[138.28628,-17.72066],[138.29076,-17.72931],[138.29766,-17.7318],[138.29191,-17.74215],[138.29439,-17.75359],[138.30378,-17.766],[138.2976,-17.77641],[138.29802,-17.7904],[138.30953,-17.81679],[138.3519,-17.82623],[138.39089,-17.81552],[138.41995,-17.81697],[138.43302,-17.82696],[138.43835,-17.83816],[138.45125,-17.84373],[138.45409,-17.85572],[138.44876,-17.86359],[138.44937,-17.8677],[138.45524,-17.8737],[138.46184,-17.87454],[138.49629,-17.85826],[138.51229,-17.84395],[138.51772,-17.82827],[138.50951,-17.81476],[138.51012,-17.8109],[138.5267,-17.80288],[138.53684,-17.7887],[138.5682,-17.76011],[138.58364,-17.72005],[138.6243,-17.70606],[138.63651,-17.69696],[138.64071,-17.6864],[138.64559,-17.64586],[138.64161,-17.63615],[138.61947,-17.61154],[138.61766,-17.59242],[138.6354,-17.55755],[138.65404,-17.53921],[138.67557,-17.52419],[138.69053,-17.51913],[138.70259,-17.51937],[138.74904,-17.54549],[138.77823,-17.5476],[138.80671,-17.53795],[138.84808,-17.51062],[138.88934,-17.50453],[138.90444,-17.49783],[138.92734,-17.47596],[138.94003,-17.45743],[138.9483,-17.453],[138.96537,-17.45695],[139.00115,-17.48362],[139.04202,-17.49],[139.06105,-17.4869],[139.07874,-17.46808],[139.11862,-17.45119],[139.14681,-17.43243],[139.16238,-17.43274],[139.19011,-17.44499],[139.20499,-17.4468],[139.26252,-17.42726],[139.27746,-17.42829],[139.30505,-17.43773],[139.32017,-17.43821],[139.33614,-17.43132],[139.34316,-17.42363],[139.35865,-17.37501],[139.34102,-17.37546],[139.32345,-17.36649],[139.30659,-17.36367],[139.28486,-17.35141],[139.2369,-17.31929],[139.20687,-17.28443],[139.20114,-17.26443],[139.19911,-17.26522],[139.18405,-17.22969],[139.17448,-17.21665],[139.156,-17.16731],[139.14031,-17.07787],[139.14523,-17.05461],[139.15782,-17.02919],[139.15046,-17.02592],[139.15211,-17.02463],[139.09187,-17.00357],[139.08299,-16.9957],[139.07701,-16.98626],[139.07609,-16.98143],[139.07899,-16.97842],[139.05249,-16.96001],[139.04034,-16.94645],[139.03392,-16.92634],[139.03977,-16.91988],[139.03894,-16.91331],[138.99896,-16.89167],[138.98088,-16.88786],[138.95527,-16.88614],[138.94465,-16.88908],[138.91389,-16.87602],[138.89622,-16.8843],[138.89163,-16.88225],[138.89509,-16.88077],[138.89184,-16.87824],[138.88339,-16.88493],[138.88127,-16.87797],[138.84187,-16.86726],[138.82446,-16.85384],[138.75646,-16.83349],[138.75257,-16.82683],[138.74394,-16.823],[138.67995,-16.79997],[138.65934,-16.78737],[138.65598,-16.77773],[138.62813,-16.76805],[138.62388,-16.77114],[138.5848,-16.77773],[138.58254,-16.78111],[138.57728,-16.77689],[138.57013,-16.77707],[138.53602,-16.78339],[138.49375,-16.78006],[138.48688,-16.78377],[138.48034,-16.7774],[138.47074,-16.77604],[138.47974,-16.78444],[138.459,-16.77828],[138.45977,-16.77612],[138.44198,-16.77308],[138.43545,-16.77295],[138.42762,-16.77778],[138.40099,-16.75886],[138.36841,-16.74278],[138.35286,-16.74047],[138.34102,-16.74325],[138.33857,-16.73807],[138.34247,-16.7399],[138.33869,-16.73682],[138.33713,-16.74048],[138.32975,-16.73703],[138.32723,-16.73955],[138.3319,-16.74025],[138.32981,-16.74489],[138.32375,-16.74725],[138.32371,-16.75126],[138.31257,-16.74298],[138.28907,-16.73417],[138.27285,-16.72019],[138.2157,-16.70539],[138.19375,-16.69654],[138.16271,-16.67774],[138.15602,-16.67835],[138.15651,-16.67062],[138.11681,-16.6496],[138.08025,-16.61386],[138.05993,-16.59851],[138.0438,-16.57601],[138.02894,-16.56964],[138.02715,-16.56272],[138.00077,-16.54494],[137.98072,-16.52539],[137.95642,-16.50793],[137.94055,-16.48789],[137.93681,-16.49029],[137.94011,-16.48541],[137.93672,-16.48179],[137.87007,-16.4311],[137.84782,-16.40267],[137.8298,-16.37178],[137.81406,-16.35817],[137.80454,-16.34029],[137.78402,-16.31638],[137.78199,-16.31735]]],"type":"Polygon"},"properties":{"area_sqkm":17429.4,"basin_no":"910","division":"Gulf","division_no":"IX","id":"settlement","name":"Settlement"},"type":"Feature"},
{"geometry":{"coordinates":[[[149.81615,-22.39123],[149.81458,-22.43204],[149.82687,-22.45009],[149.82937,-22.46326],[149.83596,-22.47454],[149.83671,-22.48256],[149.83326,-22.48563],[149.83433,-22.49171],[149.83075,-22.4941],[149.82937,-22.50628],[149.83661,-22.51702],[149.83668,-22.52185],[149.83153,-22.5242],[149.8363,-22.54307],[149.83376,-22.54942],[149.84125,-22.55673],[149.8417,-22.57116],[149.87092,-22.58836],[149.88592,-22.58618],[149.89901,-22.59702],[149.90079,-22.61411],[149.89514,-22.62053],[149.88789,-22.62173],[149.87849,-22.63667],[149.88109,-22.65363],[149.87321,-22.65948],[149.87274,-22.67629],[149.86029,-22.68325],[149.86642,-22.68896],[149.87798,-22.68718],[149.87836,-22.69963],[149.88363,-22.70586],[149.88103,-22.71406],[149.88573,-22.72263],[149.89596,-22.72969],[149.898,-22.71774],[149.9175,-22.71711],[149.92868,-22.70853],[149.94304,-22.71196],[149.94514,-22.71704],[149.94171,-22.72428],[149.94216,-22.7415],[149.95416,-22.74805],[149.95251,-22.75847],[149.95664,-22.76914],[149.96115,-22.77359],[149.96922,-22.7727],[149.97685,-22.7774],[149.98352,-22.78865],[149.98148,-22.79583],[149.98752,-22.80053],[149.99591,-22.79913],[149.99966,-22.80549],[149.9982,-22.80981],[150.00252,-22.81135],[150.00518,-22.81724],[150.03113,-22.82693],[150.02687,-22.83089],[150.02736,-22.84028],[150.03984,-22.85473],[150.05238,-22.85961],[150.04824,-22.86931],[150.06015,-22.87756],[150.05862,-22.88105],[150.06967,-22.88185],[150.07462,-22.88965],[150.08104,-22.89229],[150.08621,-22.9037],[150.09605,-22.90347],[150.1013,-22.90662],[150.10255,-22.91737],[150.10816,-22.91978],[150.11384,-22.93812],[150.13966,-22.94319],[150.15373,-22.95638],[150.16277,-22.95554],[150.16709,-22.96005],[150.17425,-22.95764],[150.17848,-22.96055],[150.17537,-22.96431],[150.17753,-22.96926],[150.18568,-22.97431],[150.19835,-22.97375],[150.2052,-22.97723],[150.21163,-22.99026],[150.22395,-22.981],[150.25207,-22.97302],[150.2527,-22.9608],[150.2456,-22.94732],[150.2469,-22.93895],[150.24964,-22.9344],[150.26176,-22.93274],[150.26745,-22.92832],[150.26673,-22.92435],[150.25873,-22.91826],[150.26387,-22.91493],[150.26325,-22.91054],[150.27054,-22.90624],[150.27622,-22.89054],[150.29863,-22.88193],[150.31891,-22.88308],[150.32209,-22.87152],[150.33065,-22.87089],[150.33837,-22.87741],[150.34231,-22.87373],[150.33958,-22.86746],[150.34378,-22.86054],[150.36269,-22.87289],[150.37757,-22.86536],[150.37272,-22.85551],[150.36675,-22.85404],[150.36219,-22.84001],[150.35541,-22.83576],[150.36031,-22.83237],[150.35895,-22.81631],[150.36278,-22.81174],[150.36655,-22.79271],[150.37464,-22.78406],[150.37254,-22.77813],[150.3642,-22.77072],[150.36487,-22.76557],[150.37155,-22.76485],[150.37909,-22.75398],[150.39076,-22.74996],[150.39459,-22.75639],[150.39898,-22.75478],[150.40423,-22.7575],[150.40089,-22.77158],[150.40367,-22.77838],[150.4096,-22.77486],[150.41763,-22.7811],[150.43481,-22.77714],[150.44518,-22.78252],[150.44871,-22.7888],[150.45612,-22.78839],[150.45822,-22.79184],[150.46773,-22.79339],[150.46705,-22.78395],[150.47823,-22.77628],[150.48188,-22.76534],[150.4946,-22.7706],[150.50196,-22.76484],[150.52668,-22.76798],[150.53966,-22.75457],[150.56782,-22.74246],[150.57443,-22.7332],[150.58203,-22.73097],[150.58234,-22.72517],[150.56375,-22.70169],[150.56578,-22.68915],[150.55478,-22.68192],[150.55411,-22.67476],[150.5475,-22.66445],[150.53101,-22.66222],[150.5239,-22.65635],[150.52514,-22.64956],[150.52009,-22.6459],[150.51637,-22.63189],[150.50982,-22.62479],[150.5105,-22.61867],[150.50527,-22.61407],[150.51421,-22.60286],[150.51627,-22.59436],[150.51235,-22.59131],[150.51717,-22.58062],[150.51476,-22.5446],[150.50194,-22.53774],[150.48982,-22.52108],[150.48596,-22.52173],[150.48705,-22.52613],[150.49742,-22.53841],[150.49536,-22.54172],[150.49099,-22.54224],[150.47252,-22.52682],[150.452,-22.52301],[150.44252,-22.51807],[150.4374,-22.50882],[150.43662,-22.51168],[150.4159,-22.49391],[150.40499,-22.49582],[150.40343,-22.48076],[150.3868,-22.47242],[150.38445,-22.46464],[150.36852,-22.46259],[150.35646,-22.44961],[150.3504,-22.44924],[150.34142,-22.44129],[150.32869,-22.43924],[150.33063,-22.43266],[150.32556,-22.43188],[150.3223,-22.4263],[150.30149,-22.42119],[150.30005,-22.4171],[150.30342,-22.41103],[150.29895,-22.40707],[150.30054,-22.39729],[150.29344,-22.40291],[150.27987,-22.39786],[150.27391,-22.40166],[150.26504,-22.40062],[150.26424,-22.39559],[150.24656,-22.39713],[150.24573,-22.39457],[150.22821,-22.39151],[150.22693,-22.39403],[150.22366,-22.39224],[150.22583,-22.39087],[150.2167,-22.39088],[150.21623,-22.38497],[150.21036,-22.38129],[150.20619,-22.36876],[150.19997,-22.37055],[150.19284,-22.36658],[150.19105,-22.36861],[150.17765,-22.36036],[150.17541,-22.35274],[150.17898,-22.34067],[150.18792,-22.33563],[150.18863,-22.32735],[150.19296,-22.3258],[150.17903,-22.3117],[150.17291,-22.31154],[150.16662,-22.30661],[150.16031,-22.30823],[150.15719,-22.30374],[150.15535,-22.29774],[150.15989,-22.29425],[150.14957,-22.2665],[150.15283,-22.26093],[150.14247,-22.25203],[150.14102,-22.2552],[150.12622,-22.24736],[150.12132,-22.23726],[150.11377,-22.23635],[150.10814,-22.22472],[150.09878,-22.21818],[150.09932,-22.2093],[150.08532,-22.17422],[150.0879,-22.16777],[150.08509,-22.16886],[150.08084,-22.16332],[150.08363,-22.15795],[150.07908,-22.15581],[150.08148,-22.15234],[150.07621,-22.15121],[150.07476,-22.15638],[150.06318,-22.15172],[150.06337,-22.14561],[150.06611,-22.14447],[150.06198,-22.14202],[150.06002,-22.13287],[150.05757,-22.1362],[150.05311,-22.13525],[150.0449,-22.13023],[150.04365,-22.12593],[150.03514,-22.13005],[150.02887,-22.1464],[150.00085,-22.14383],[149.99432,-22.14801],[149.98722,-22.16399],[149.96486,-22.17378],[149.95773,-22.18295],[149.94299,-22.21235],[149.93853,-22.242],[149.93313,-22.25061],[149.93132,-22.26211],[149.919,-22.27322],[149.9163,-22.28892],[149.91674,-22.29645],[149.92347,-22.30578],[149.92064,-22.31217],[149.91424,-22.31599],[149.91537,-22.32225],[149.94334,-22.32402],[149.94639,-22.32554],[149.94578,-22.32912],[149.93229,-22.33245],[149.93893,-22.34018],[149.93799,-22.34433],[149.9317,-22.34302],[149.92875,-22.34561],[149.91461,-22.34165],[149.91293,-22.3452],[149.92728,-22.38014],[149.95804,-22.43622],[149.96308,-22.45605],[149.97632,-22.47153],[149.98555,-22.50935],[149.99681,-22.52642],[150.00578,-22.5304],[150.00314,-22.54681],[150.01147,-22.58212],[150.03112,-22.61773],[150.03186,-22.63501],[150.03891,-22.63389],[150.03695,-22.64248],[150.04249,-22.64761],[150.04409,-22.65723],[150.04178,-22.65941],[150.03621,-22.65519],[150.03275,-22.64493],[150.01752,-22.63522],[150.00248,-22.60707],[149.98997,-22.60095],[149.99054,-22.58676],[149.9772,-22.56041],[149.96199,-22.53877],[149.94224,-22.52603],[149.93742,-22.52704],[149.92749,-22.52261],[149.92268,-22.51013],[149.8888,-22.49365],[149.86566,-22.45896],[149.852,-22.42589],[149.85153,-22.41751],[149.84317,-22.40975],[149.82315,-22.39949],[149.81587,-22.38733],[149.81615,-22.39123]]],"type":"Polygon"},"properties":{"area_sqkm":3614.35,"basin_no":"128","division":"North East Coast","division_no":"I","id":"shoalwater","name":"Shoalwater"},"type":"Feature"},
{"geometry":{"coordinates":[[[153.31331,-27.74757],[153.29544,-27.74823],[153.27506,-27.75937],[153.2646,-27.76024],[153.25537,-27.79014],[153.23474,-27.78759],[153.22376,-27.79058],[153.21514,-27.78837],[153.21106,-27.7917],[153.20739,-27.80289],[153.21362,-27.82602],[153.21335,-27.83772],[153.21724,-27.84416],[153.21266,-27.84735],[153.21769,-27.85268],[153.21248,-27.87201],[153.21301,-27.88123],[153.20718,-27.88787],[153.20865,-27.89645],[153.19896,-27.90107],[153.196,-27.91058],[153.19545,-27.91713],[153.20108,-27.9223],[153.20062,-27.92867],[153.19554,-27.93984],[153.18003,-27.95212],[153.18857,-27.96942],[153.17964,-27.99418],[153.18281,-27.99859],[153.15992,-28.0443],[153.1336,-28.06071],[153.1264,-28.07225],[153.13055,-28.09326],[153.13062,-28.11582],[153.14812,-28.14844],[153.14871,-28.15473],[153.15701,-28.16251],[153.15733,-28.17353],[153.16717,-28.19378],[153.16472,-28.19966],[153.17328,-28.21322],[153.17399,-28.22385],[153.18743,-28.24747],[153.19805,-28.25595],[153.20737,-28.254],[153.21762,-28.26334],[153.23249,-28.26471],[153.24512,-28.24657],[153.26467,-28.24356],[153.27956,-28.23286],[153.29591,-28.23328],[153.30517,-28.23935],[153.32978,-28.2361],[153.33175,-28.24456],[153.33979,-28.25027],[153.36692,-28.24683],[153.389,-28.23525],[153.38959,-28.22962],[153.39812,-28.21816],[153.40561,-28.21079],[153.41461,-28.20802],[153.41846,-28.20005],[153.42419,-28.19845],[153.43393,-28.18851],[153.45796,-28.17988],[153.45978,-28.17237],[153.47715,-28.15745],[153.48625,-28.15734],[153.53442,-28.17702],[153.54236,-28.16864],[153.55184,-28.16452],[153.55005,-28.1611],[153.54227,-28.1672],[153.52381,-28.16635],[153.51135,-28.15854],[153.50112,-28.14893],[153.48622,-28.12656],[153.47772,-28.12573],[153.46064,-28.09644],[153.45998,-28.09069],[153.45459,-28.08914],[153.44937,-28.08136],[153.43617,-28.03201],[153.43134,-27.99882],[153.42871,-27.93784],[153.43366,-27.93614],[153.42397,-27.93855],[153.42111,-27.94328],[153.42174,-27.94788],[153.42299,-27.9417],[153.42533,-27.94337],[153.42418,-27.96266],[153.42739,-27.97131],[153.42247,-27.97791],[153.41883,-27.96657],[153.41029,-27.95494],[153.41069,-27.94401],[153.40581,-27.92519],[153.40781,-27.90751],[153.39633,-27.88621],[153.40097,-27.87374],[153.39499,-27.8717],[153.40216,-27.86431],[153.39706,-27.85797],[153.39482,-27.8431],[153.39798,-27.8231],[153.39419,-27.819],[153.40724,-27.80612],[153.41168,-27.78899],[153.40613,-27.78321],[153.38249,-27.78796],[153.36873,-27.78148],[153.36029,-27.77278],[153.3613,-27.76492],[153.35495,-27.76061],[153.35257,-27.74685],[153.32693,-27.74351],[153.31331,-27.74757]]],"type":"Polygon"},"properties":{"area_sqkm":1306.02,"basin_no":"146","division":"North East Coast","division_no":"I","id":"south_coast","name":"South Coast"},"type":"Feature"},
{"geometry":{"coordinates":[[[142.64494,-16.17111],[142.628,-16.16743],[142.6119,-16.15596],[142.60655,-16.14717],[142.60084,-16.14544],[142.58462,-16.15364],[142.56626,-16.1704],[142.55699,-16.17159],[142.54059,-16.16339],[142.52847,-16.16178],[142.47029,-16.18866],[142.42473,-16.20426],[142.41193,-16.20534],[142.39029,-16.19906],[142.35931,-16.17855],[142.3354,-16.16737],[142.31985,-16.16349],[142.29462,-16.16354],[142.27895,-16.16582],[142.25862,-16.17485],[142.23064,-16.20558],[142.21581,-16.21431],[142.16224,-16.22603],[142.10957,-16.23099],[142.05504,-16.24116],[142.02532,-16.24014],[141.98786,-16.24872],[141.97454,-16.24485],[141.95372,-16.23165],[141.93338,-16.2259],[141.92623,-16.22923],[141.91637,-16.24158],[141.90166,-16.24915],[141.89385,-16.24224],[141.88386,-16.22336],[141.87393,-16.21664],[141.8574,-16.21294],[141.82307,-16.22112],[141.79256,-16.20973],[141.75939,-16.21385],[141.74559,-16.21882],[141.72488,-16.2328],[141.70073,-16.26434],[141.66664,-16.28081],[141.5923,-16.28856],[141.57226,-16.28287],[141.55477,-16.26138],[141.54484,-16.25774],[141.52795,-16.26344],[141.50113,-16.28657],[141.49241,-16.28476],[141.47896,-16.27617],[141.45754,-16.29012],[141.4264,-16.29703],[141.40747,-16.29354],[141.34395,-16.2671],[141.31805,-16.34936],[141.29624,-16.39739],[141.29027,-16.39708],[141.28919,-16.40534],[141.28619,-16.40713],[141.2871,-16.4232],[141.29849,-16.43773],[141.30379,-16.45018],[141.30258,-16.47396],[141.30719,-16.47486],[141.30241,-16.47603],[141.28997,-16.51182],[141.3097,-16.51785],[141.35922,-16.55853],[141.37392,-16.56169],[141.39208,-16.56104],[141.42308,-16.58103],[141.44781,-16.58116],[141.49158,-16.59307],[141.50392,-16.59932],[141.51013,-16.60602],[141.51165,-16.61854],[141.52384,-16.63],[141.56072,-16.64104],[141.58468,-16.665],[141.59857,-16.67246],[141.63521,-16.6784],[141.64097,-16.68683],[141.64606,-16.7043],[141.6514,-16.71001],[141.66226,-16.71516],[141.6921,-16.7205],[141.73056,-16.76035],[141.74002,-16.76508],[141.78964,-16.77636],[141.81002,-16.78819],[141.81821,-16.81264],[141.81451,-16.85122],[141.82051,-16.86674],[141.86722,-16.89531],[141.89913,-16.95124],[141.93637,-16.96883],[141.94031,-16.99158],[141.94834,-16.99957],[141.95726,-17.02198],[141.96027,-17.02334],[141.96784,-17.01635],[141.97269,-17.01898],[141.9694,-17.04472],[141.99968,-17.04325],[142.02096,-17.05298],[142.02538,-17.05843],[142.02544,-17.06449],[142.01466,-17.08437],[142.03126,-17.10637],[142.04308,-17.13517],[142.0472,-17.1565],[142.06454,-17.18111],[142.06442,-17.19044],[142.05563,-17.21044],[142.0569,-17.21638],[142.07563,-17.22875],[142.0809,-17.23602],[142.07781,-17.2576],[142.08927,-17.28227],[142.0966,-17.29045],[142.1123,-17.29948],[142.12189,-17.31823],[142.14776,-17.34124],[142.17543,-17.38961],[142.18465,-17.39569],[142.20118,-17.39924],[142.2094,-17.41089],[142.22652,-17.41373],[142.2622,-17.43121],[142.28055,-17.4361],[142.28955,-17.44386],[142.30707,-17.47108],[142.31589,-17.4764],[142.34498,-17.48113],[142.37541,-17.49561],[142.38246,-17.51251],[142.39471,-17.52181],[142.40672,-17.53726],[142.42,-17.57323],[142.44306,-17.60244],[142.45495,-17.61017],[142.48078,-17.61796],[142.49309,-17.62979],[142.51724,-17.63414],[142.56537,-17.62734],[142.5993,-17.61639],[142.6265,-17.62223],[142.67511,-17.61537],[142.69195,-17.62012],[142.70976,-17.61904],[142.74393,-17.63053],[142.77907,-17.62668],[142.79808,-17.62921],[142.82016,-17.62229],[142.84061,-17.60454],[142.85872,-17.59425],[142.89241,-17.5889],[142.92706,-17.58781],[142.96069,-17.57891],[143.00351,-17.57255],[143.00649,-17.56902],[143.00823,-17.5514],[143.01844,-17.53831],[143.05691,-17.55379],[143.06289,-17.55277],[143.07352,-17.54196],[143.07914,-17.54034],[143.08141,-17.54745],[143.09413,-17.55791],[143.12024,-17.56478],[143.12962,-17.55922],[143.14258,-17.56335],[143.16337,-17.5597],[143.16791,-17.56382],[143.17442,-17.56299],[143.17938,-17.55391],[143.19013,-17.56143],[143.19611,-17.56179],[143.20465,-17.55384],[143.21218,-17.53485],[143.21027,-17.51902],[143.2206,-17.5186],[143.22885,-17.5128],[143.23697,-17.51513],[143.24294,-17.51173],[143.25119,-17.51531],[143.27706,-17.51722],[143.28404,-17.52451],[143.29731,-17.53031],[143.30693,-17.52798],[143.31415,-17.51806],[143.33131,-17.52686],[143.33267,-17.54369],[143.34438,-17.55462],[143.35478,-17.55964],[143.36696,-17.55205],[143.3819,-17.55032],[143.38925,-17.55856],[143.3954,-17.55988],[143.3997,-17.57051],[143.41471,-17.57692],[143.42133,-17.58515],[143.43178,-17.58372],[143.43871,-17.58772],[143.45353,-17.59975],[143.45359,-17.60636],[143.45843,-17.6106],[143.47832,-17.61161],[143.47569,-17.61669],[143.48005,-17.62177],[143.49642,-17.62464],[143.50398,-17.63364],[143.51288,-17.63562],[143.51601,-17.64698],[143.52718,-17.65792],[143.53223,-17.65834],[143.5356,-17.65425],[143.54293,-17.65816],[143.56126,-17.64686],[143.57346,-17.64626],[143.58074,-17.63568],[143.57839,-17.62823],[143.58038,-17.6227],[143.58861,-17.61585],[143.59835,-17.61597],[143.6043,-17.6263],[143.60892,-17.626],[143.62365,-17.63857],[143.63393,-17.64103],[143.64805,-17.63502],[143.65334,-17.6242],[143.67035,-17.62017],[143.68168,-17.6122],[143.68399,-17.62582],[143.68928,-17.63284],[143.71386,-17.64656],[143.71831,-17.64437],[143.72943,-17.65377],[143.74031,-17.65311],[143.74001,-17.6471],[143.74999,-17.63712],[143.75497,-17.6364],[143.77655,-17.64981],[143.80354,-17.65822],[143.81171,-17.6569],[143.82181,-17.66038],[143.82764,-17.67054],[143.828,-17.67865],[143.8384,-17.68214],[143.84567,-17.69446],[143.84898,-17.70817],[143.86995,-17.71971],[143.86977,-17.7301],[143.87314,-17.73683],[143.87686,-17.7387],[143.88456,-17.73467],[143.89465,-17.74182],[143.91208,-17.73436],[143.90691,-17.70059],[143.91377,-17.69013],[143.90385,-17.68022],[143.89538,-17.67998],[143.8982,-17.67655],[143.89784,-17.6608],[143.88672,-17.65353],[143.88798,-17.6477],[143.88188,-17.63673],[143.87909,-17.62222],[143.88834,-17.61164],[143.88534,-17.60527],[143.88822,-17.59769],[143.87272,-17.58489],[143.86947,-17.57245],[143.85168,-17.56043],[143.84609,-17.55123],[143.83377,-17.54553],[143.8286,-17.53729],[143.82024,-17.5335],[143.81195,-17.53587],[143.80883,-17.52509],[143.80294,-17.52461],[143.79332,-17.51121],[143.78394,-17.51024],[143.75954,-17.50003],[143.75293,-17.50351],[143.7468,-17.50183],[143.74656,-17.4945],[143.73891,-17.48553],[143.73939,-17.47764],[143.73562,-17.47011],[143.72051,-17.45189],[143.71328,-17.44759],[143.70288,-17.44771],[143.69427,-17.44126],[143.67324,-17.4501],[143.65741,-17.43952],[143.65777,-17.42363],[143.65239,-17.41801],[143.65316,-17.41383],[143.64779,-17.41287],[143.63201,-17.39041],[143.63076,-17.3824],[143.63661,-17.36268],[143.63117,-17.34977],[143.5995,-17.33448],[143.58242,-17.33316],[143.57853,-17.32993],[143.5768,-17.31457],[143.5704,-17.31547],[143.5609,-17.30418],[143.55045,-17.29815],[143.54871,-17.29283],[143.52649,-17.27144],[143.52589,-17.26456],[143.51752,-17.25978],[143.5195,-17.24748],[143.51179,-17.24012],[143.51149,-17.2323],[143.50079,-17.2228],[143.4988,-17.21535],[143.46953,-17.19576],[143.47013,-17.18019],[143.46538,-17.17406],[143.47091,-17.17208],[143.47409,-17.16679],[143.48419,-17.16349],[143.48329,-17.15675],[143.47614,-17.14696],[143.47638,-17.13283],[143.47037,-17.11835],[143.47187,-17.1017],[143.46766,-17.09677],[143.46856,-17.08367],[143.45973,-17.0752],[143.45588,-17.05013],[143.45125,-17.04743],[143.45654,-17.03859],[143.45516,-17.03355],[143.45997,-17.03553],[143.46219,-17.03343],[143.45704,-17.02338],[143.46111,-17.02032],[143.45486,-17.01335],[143.46033,-17.01275],[143.46087,-17.00926],[143.45528,-17.00073],[143.4563,-16.997],[143.44403,-16.98713],[143.44701,-16.98081],[143.44021,-16.97367],[143.43949,-16.96494],[143.42992,-16.95603],[143.43375,-16.93766],[143.42662,-16.90778],[143.43193,-16.90134],[143.42089,-16.88694],[143.42687,-16.87953],[143.42119,-16.86738],[143.42202,-16.86051],[143.40797,-16.84573],[143.39552,-16.84148],[143.3911,-16.83227],[143.38781,-16.80536],[143.39977,-16.78873],[143.3841,-16.77067],[143.37465,-16.73885],[143.36352,-16.71719],[143.34127,-16.68812],[143.33457,-16.66085],[143.33631,-16.63477],[143.32907,-16.61599],[143.31651,-16.60289],[143.31781,-16.5871],[143.2954,-16.58285],[143.27679,-16.55719],[143.24659,-16.53787],[143.22745,-16.5094],[143.20382,-16.48876],[143.16606,-16.47905],[143.12854,-16.456],[143.07268,-16.43022],[142.99696,-16.4258],[142.98097,-16.41861],[142.97188,-16.39817],[142.97301,-16.37226],[142.99452,-16.32852],[142.99666,-16.31331],[142.98875,-16.30416],[142.95946,-16.29435],[142.95078,-16.288],[142.94627,-16.27041],[142.94829,-16.2549],[142.95583,-16.24379],[142.95393,-16.23963],[142.89142,-16.22727],[142.84436,-16.22293],[142.82035,-16.21211],[142.80252,-16.19821],[142.78161,-16.18739],[142.76663,-16.18389],[142.75071,-16.18585],[142.72718,-16.17854],[142.7182,-16.18032],[142.71251,-16.17313],[142.698,-16.1657],[142.69509,-16.15097],[142.68487,-16.1439],[142.67441,-16.14378],[142.6551,-16.15132],[142.64494,-16.17111]]],"type":"Polygon"},"properties":{"area_sqkm":25843.36,"basin_no":"918","division":"Gulf","division_no":"IX","id":"staaten","name":"Staaten"},"type":"Feature"},
{"geometry":{"coordinates":[[[143.34575,-13.76682],[143.33771,-13.78307],[143.32363,-13.78647],[143.32433,-13.79246],[143.31553,-13.79545],[143.31465,-13.80766],[143.30908,-13.81423],[143.31436,-13.8228],[143.30802,-13.83306],[143.31383,-13.83805],[143.32205,-13.83958],[143.32175,-13.84421],[143.32521,-13.84545],[143.3221,-13.85014],[143.32451,-13.85395],[143.31894,-13.85483],[143.31782,-13.86182],[143.32199,-13.86563],[143.32272,-13.87937],[143.31518,-13.88523],[143.31271,-13.89139],[143.30262,-13.89227],[143.29793,-13.88834],[143.28919,-13.88834],[143.28349,-13.89532],[143.28185,-13.90325],[143.27246,-13.90694],[143.26524,-13.93417],[143.2538,-13.93464],[143.25034,-13.94133],[143.24506,-13.94098],[143.24025,-13.94855],[143.23233,-13.95318],[143.23483,-13.96657],[143.21736,-13.97742],[143.21118,-13.98981],[143.2048,-13.99109],[143.20499,-14.00688],[143.21154,-14.01282],[143.20347,-14.01488],[143.19534,-14.03211],[143.18431,-14.03704],[143.18734,-14.04764],[143.20353,-14.04448],[143.20741,-14.04952],[143.21421,-14.05067],[143.21348,-14.05861],[143.2187,-14.06037],[143.21791,-14.06553],[143.22221,-14.07275],[143.22076,-14.08069],[143.23362,-14.0836],[143.2341,-14.08821],[143.24435,-14.09859],[143.23695,-14.10696],[143.23744,-14.12934],[143.24387,-14.14013],[143.26783,-14.16027],[143.2694,-14.16658],[143.26402,-14.1708],[143.26552,-14.17737],[143.28087,-14.19776],[143.27523,-14.20976],[143.28517,-14.21741],[143.28886,-14.21345],[143.30858,-14.21425],[143.31132,-14.21195],[143.3172,-14.2171],[143.32411,-14.21079],[143.33182,-14.21783],[143.33964,-14.21995],[143.35226,-14.21541],[143.35699,-14.21959],[143.3525,-14.22863],[143.35923,-14.23961],[143.35681,-14.25853],[143.36281,-14.26096],[143.36936,-14.25817],[143.37919,-14.26751],[143.37773,-14.28012],[143.37021,-14.28455],[143.37136,-14.28971],[143.36631,-14.29251],[143.38246,-14.2985],[143.39107,-14.31833],[143.39606,-14.31917],[143.39289,-14.32604],[143.39538,-14.33265],[143.39101,-14.3432],[143.40249,-14.35606],[143.40269,-14.37212],[143.41073,-14.38366],[143.42868,-14.38627],[143.45076,-14.37814],[143.45409,-14.37365],[143.46546,-14.3803],[143.46283,-14.38584],[143.4749,-14.3879],[143.47961,-14.37974],[143.49719,-14.37565],[143.50927,-14.3655],[143.52297,-14.37577],[143.53903,-14.37442],[143.55651,-14.37938],[143.5636,-14.37731],[143.5669,-14.38534],[143.5845,-14.39449],[143.59631,-14.39077],[143.6223,-14.40028],[143.63151,-14.39869],[143.6471,-14.40276],[143.65726,-14.39928],[143.67828,-14.41127],[143.6993,-14.40955],[143.71011,-14.3981],[143.71348,-14.38699],[143.72429,-14.38276],[143.73107,-14.38682],[143.73474,-14.39591],[143.74885,-14.39703],[143.75198,-14.39077],[143.75068,-14.37766],[143.75582,-14.37312],[143.76378,-14.3727],[143.74374,-14.32989],[143.73162,-14.2851],[143.72927,-14.26507],[143.7088,-14.22558],[143.69963,-14.19642],[143.69823,-14.18068],[143.70286,-14.12701],[143.69787,-14.11861],[143.69557,-14.09788],[143.69099,-14.09132],[143.69374,-14.08793],[143.69418,-14.07378],[143.68492,-14.04672],[143.68078,-14.01517],[143.6753,-14.00667],[143.66253,-14.00253],[143.65261,-13.98941],[143.63113,-13.9794],[143.61695,-13.95229],[143.60803,-13.91905],[143.60048,-13.90862],[143.60029,-13.88184],[143.59126,-13.85777],[143.58136,-13.84942],[143.57472,-13.83122],[143.56363,-13.82098],[143.55822,-13.81979],[143.55816,-13.8134],[143.5523,-13.81002],[143.54184,-13.78706],[143.54028,-13.77244],[143.5223,-13.77838],[143.49403,-13.7941],[143.48652,-13.79392],[143.46094,-13.80308],[143.45577,-13.79619],[143.45143,-13.79856],[143.44103,-13.79655],[143.43823,-13.78154],[143.43109,-13.77528],[143.43054,-13.76148],[143.42638,-13.75561],[143.42133,-13.764],[143.4181,-13.76054],[143.40613,-13.7603],[143.39549,-13.76383],[143.38512,-13.76206],[143.38008,-13.76653],[143.36682,-13.76142],[143.36224,-13.76429],[143.35449,-13.76247],[143.34575,-13.76682]]],"type":"Polygon"},"properties":{"area_sqkm":2752.91,"basin_no":"104","division":"North East Coast","division_no":"I","id":"stewart","name":"Stewart"},"type":"Feature"},
{"geometry":{"coordinates":[[[[153.45343,-27.70707],[153.46417,-27.64144],[153.48477,-27.5682],[153.52445,-27.46633],[153.54156,-27.43718],[153.54665,-27.43467],[153.54244,-27.42986],[153.54247,-27.42461],[153.52803,-27.42561],[153.51404,-27.41941],[153.49712,-27.4205],[153.4863,-27.41755],[153.45377,-27.3895],[153.43849,-27.3942],[153.43538,-27.40472],[153.43885,-27.4126],[153.43586,-27.42742],[153.42276,-27.47036],[153.40924,-27.47614],[153.40674,-27.4892],[153.39821,-27.49659],[153.41303,-27.51204],[153.40929,-27.5367],[153.41376,-27.59621],[153.4072,-27.61216],[153.42166,-27.64207],[153.41889,-27.64906],[153.39887,-27.66299],[153.40126,-27.67062],[153.39662,-27.68298],[153.40215,-27.69396],[153.40006,-27.70305],[153.39264,-27.7078],[153.40364,-27.72028],[153.40558,-27.73371],[153.41065,-27.73765],[153.41628,-27.73102],[153.43285,-27.73541],[153.43505,-27.72105],[153.44307,-27.71707],[153.44599,-27.71745],[153.44336,-27.73062],[153.43782,-27.72798],[153.43564,-27.73118],[153.43912,-27.73409],[153.45293,-27.73047],[153.45343,-27.70707]]],[[[153.44321,-27.75309],[153.43857,-27.7504],[153.43567,-27.75376],[153.43939,-27.77168],[153.42565,-27.80856],[153.40907,-27.82269],[153.40619,-27.83445],[153.41089,-27.8515],[153.40956,-27.85773],[153.4234,-27.87437],[153.42233,-27.88218],[153.41899,-27.8843],[153.42211,-27.89891],[153.41913,-27.91983],[153.42638,-27.93432],[153.43236,-27.93354],[153.42696,-27.92582],[153.42522,-27.91553],[153.42639,-27.87577],[153.4444,-27.76111],[153.44321,-27.75309]]],[[[153.42792,-27.73456],[153.4164,-27.7314],[153.41107,-27.73884],[153.42435,-27.74102],[153.43732,-27.73407],[153.43418,-27.73199],[153.43292,-27.73606],[153.42792,-27.73456]]],[[[153.42536,-27.73359],[153.42414,-27.73186],[153.42389,-27.73355],[153.42645,-27.73413],[153.42536,-27.73359]]]],"type":"MultiPolygon"},"properties":{"area_sqkm":291.67,"basin_no":"144","division":"North East Coast","division_no":"I","id":"stradbroke","name":"Stradbroke","parts":4},"type":"Feature"},
{"geometry":{"coordinates":[[[149.42072,-22.05529],[149.41561,-22.06734],[149.42565,-22.07132],[149.42962,-22.07687],[149.42855,-22.08558],[149.41568,-22.09025],[149.40734,-22.08981],[149.39737,-22.10357],[149.3751,-22.10502],[149.37535,-22.11379],[149.37005,-22.12092],[149.38513,-22.14623],[149.38772,-22.18561],[149.39226,-22.19949],[149.38601,-22.21231],[149.38804,-22.21729],[149.37005,-22.23118],[149.37756,-22.24052],[149.38766,-22.24493],[149.39182,-22.25087],[149.39207,-22.25787],[149.37933,-22.25579],[149.37402,-22.26267],[149.36216,-22.2674],[149.3532,-22.2828],[149.33919,-22.28854],[149.33206,-22.2987],[149.32089,-22.303],[149.32335,-22.31107],[149.3207,-22.31524],[149.32183,-22.32496],[149.31578,-22.34212],[149.31956,-22.34793],[149.31748,-22.35323],[149.32,-22.3651],[149.32701,-22.37109],[149.33016,-22.37974],[149.32846,-22.40019],[149.32392,-22.40681],[149.32834,-22.42745],[149.33515,-22.43079],[149.34367,-22.44184],[149.36014,-22.43666],[149.37245,-22.44316],[149.37365,-22.45029],[149.38261,-22.45925],[149.38911,-22.47175],[149.39094,-22.49087],[149.38154,-22.49239],[149.3821,-22.49687],[149.37602,-22.50755],[149.38125,-22.51417],[149.37908,-22.51774],[149.37421,-22.5175],[149.37622,-22.52386],[149.37131,-22.5287],[149.37287,-22.53852],[149.36239,-22.53915],[149.37182,-22.54488],[149.36806,-22.56113],[149.38118,-22.5784],[149.37564,-22.58311],[149.37844,-22.59598],[149.37628,-22.60223],[149.38106,-22.61056],[149.38641,-22.60624],[149.38969,-22.61129],[149.38813,-22.63536],[149.38131,-22.64313],[149.37755,-22.66327],[149.3955,-22.68032],[149.40414,-22.68226],[149.40228,-22.68914],[149.41139,-22.70016],[149.41782,-22.69882],[149.42496,-22.69143],[149.43235,-22.70417],[149.43025,-22.71054],[149.43502,-22.72864],[149.44356,-22.74017],[149.45038,-22.74348],[149.44739,-22.75349],[149.43643,-22.76617],[149.41801,-22.76935],[149.4136,-22.77428],[149.42238,-22.79169],[149.42783,-22.79529],[149.43337,-22.82345],[149.44063,-22.83772],[149.45242,-22.83606],[149.45472,-22.84562],[149.46669,-22.83823],[149.48784,-22.83269],[149.49536,-22.83562],[149.50198,-22.83431],[149.50409,-22.8379],[149.51024,-22.83029],[149.52077,-22.82452],[149.53859,-22.83748],[149.5395,-22.84802],[149.5357,-22.85206],[149.53551,-22.86039],[149.55139,-22.86528],[149.55781,-22.86426],[149.56118,-22.87094],[149.57122,-22.87341],[149.57859,-22.87284],[149.58748,-22.86598],[149.59625,-22.86579],[149.60051,-22.87119],[149.60229,-22.88155],[149.60801,-22.88244],[149.61353,-22.89317],[149.61722,-22.88892],[149.6251,-22.88707],[149.64073,-22.89019],[149.6528,-22.87602],[149.66703,-22.8677],[149.69632,-22.86134],[149.70153,-22.852],[149.70128,-22.84399],[149.71462,-22.83523],[149.7204,-22.82296],[149.73191,-22.81439],[149.73635,-22.80473],[149.75561,-22.80288],[149.76355,-22.78757],[149.75764,-22.77029],[149.75955,-22.76648],[149.78255,-22.76482],[149.79297,-22.76743],[149.81349,-22.76133],[149.82084,-22.76751],[149.82563,-22.76749],[149.84481,-22.75891],[149.86635,-22.75923],[149.87931,-22.73909],[149.89355,-22.73229],[149.89469,-22.7288],[149.88573,-22.72263],[149.88103,-22.71406],[149.88363,-22.70586],[149.87836,-22.69963],[149.87798,-22.68718],[149.86642,-22.68896],[149.86029,-22.68325],[149.87274,-22.67629],[149.87321,-22.65948],[149.88109,-22.65363],[149.87849,-22.63667],[149.88789,-22.62173],[149.89514,-22.62053],[149.90079,-22.61411],[149.89901,-22.59702],[149.88592,-22.58618],[149.87092,-22.58836],[149.8417,-22.57116],[149.84125,-22.55673],[149.83376,-22.54942],[149.8363,-22.54307],[149.83153,-22.5242],[149.83668,-22.52185],[149.83661,-22.51702],[149.82937,-22.50628],[149.83075,-22.4941],[149.83433,-22.49171],[149.83326,-22.48563],[149.83671,-22.48256],[149.83596,-22.47454],[149.82937,-22.46326],[149.82687,-22.45009],[149.81458,-22.43204],[149.81702,-22.39468],[149.81587,-22.38733],[149.81016,-22.38195],[149.80378,-22.38644],[149.78865,-22.42749],[149.75557,-22.44587],[149.75056,-22.452],[149.75332,-22.45901],[149.74806,-22.46637],[149.72393,-22.47273],[149.69745,-22.48932],[149.68424,-22.50359],[149.69127,-22.50394],[149.69801,-22.50903],[149.6866,-22.51024],[149.68507,-22.51232],[149.68854,-22.51479],[149.68444,-22.51894],[149.68109,-22.51462],[149.679,-22.51757],[149.67692,-22.51598],[149.68228,-22.5095],[149.67868,-22.50388],[149.66375,-22.50456],[149.65658,-22.52531],[149.63554,-22.54066],[149.63282,-22.53903],[149.64094,-22.52757],[149.64917,-22.52206],[149.65158,-22.51333],[149.64836,-22.50771],[149.65307,-22.49731],[149.68353,-22.48365],[149.70236,-22.4602],[149.70179,-22.44917],[149.69119,-22.43093],[149.6941,-22.40997],[149.70881,-22.39321],[149.70401,-22.36729],[149.69355,-22.34824],[149.68368,-22.3443],[149.6672,-22.36156],[149.65149,-22.37071],[149.63162,-22.3706],[149.61798,-22.36713],[149.61285,-22.35693],[149.60003,-22.36028],[149.5972,-22.35756],[149.59948,-22.35579],[149.61717,-22.34819],[149.63187,-22.35914],[149.64553,-22.36431],[149.65466,-22.36042],[149.65834,-22.35445],[149.65768,-22.33849],[149.6295,-22.29756],[149.59681,-22.30232],[149.56785,-22.29806],[149.55366,-22.3049],[149.54893,-22.31473],[149.5445,-22.31425],[149.55128,-22.29518],[149.56042,-22.29526],[149.56498,-22.29014],[149.59324,-22.27941],[149.59742,-22.28188],[149.59829,-22.27591],[149.60347,-22.27171],[149.59768,-22.26731],[149.60119,-22.262],[149.59839,-22.25219],[149.59185,-22.24829],[149.58885,-22.24969],[149.57284,-22.23293],[149.56207,-22.20033],[149.56237,-22.19171],[149.55487,-22.19073],[149.55376,-22.1877],[149.55951,-22.18136],[149.55236,-22.17615],[149.5486,-22.16819],[149.54077,-22.16549],[149.53769,-22.14895],[149.53117,-22.14675],[149.50986,-22.14895],[149.51105,-22.14117],[149.50798,-22.13284],[149.49235,-22.1201],[149.48257,-22.1042],[149.47311,-22.09751],[149.46963,-22.08476],[149.46465,-22.08325],[149.45266,-22.0688],[149.42072,-22.05529]]],"type":"Polygon"},"properties":{"area_sqkm":3019.67,"basin_no":"127","division":"North East Coast","division_no":"I","id":"styx","name":"Styx"},"type":"Feature"},
{"geometry":{"coordinates":[[[[142.20947,-10.6143],[142.20468,-10.59512],[142.18856,-10.59756],[142.17581,-10.61785],[142.17955,-10.61914],[142.1681,-10.62466],[142.15335,-10.62314],[142.14701,-10.63027],[142.14889,-10.63515],[142.14381,-10.64081],[142.13681,-10.64496],[142.13202,-10.63917],[142.12671,-10.64467],[142.12254,-10.643],[142.11892,-10.6581],[142.11059,-10.66219],[142.11587,-10.68149],[142.11398,-10.68633],[142.10986,-10.68526],[142.11049,-10.69177],[142.1201,-10.71159],[142.11355,-10.71937],[142.12587,-10.7273],[142.12825,-10.73473],[142.13951,-10.73751],[142.14041,-10.74266],[142.14674,-10.74849],[142.14459,-10.75859],[142.14985,-10.76015],[142.15086,-10.7653],[142.16002,-10.76103],[142.16552,-10.76698],[142.1781,-10.77089],[142.18313,-10.76865],[142.18893,-10.76087],[142.18595,-10.75762],[142.1869,-10.74845],[142.18969,-10.74546],[142.19699,-10.74668],[142.19761,-10.73883],[142.20788,-10.72613],[142.21714,-10.72392],[142.21571,-10.72154],[142.22313,-10.72352],[142.24655,-10.711],[142.25496,-10.71298],[142.26587,-10.72725],[142.26854,-10.72209],[142.26687,-10.71738],[142.27262,-10.71654],[142.27424,-10.70845],[142.27824,-10.70691],[142.25842,-10.67428],[142.25072,-10.66769],[142.24652,-10.64747],[142.23706,-10.64371],[142.2252,-10.62683],[142.20947,-10.6143]]],[[[142.27339,-10.11975],[142.2673,-10.11636],[142.26027,-10.12436],[142.2342,-10.12284],[142.22064,-10.12928],[142.21176,-10.14054],[142.20653,-10.16694],[142.19517,-10.18538],[142.18434,-10.19106],[142.19796,-10.21384],[142.21395,-10.22799],[142.21595,-10.23792],[142.21948,-10.23975],[142.22736,-10.23071],[142.24603,-10.23607],[142.26265,-10.24425],[142.27723,-10.2608],[142.28424,-10.25822],[142.28781,-10.24833],[142.3014,-10.23656],[142.30622,-10.22341],[142.31486,-10.22012],[142.31659,-10.21094],[142.33192,-10.20003],[142.33526,-10.18813],[142.3381,-10.18378],[142.34106,-10.18485],[142.34506,-10.17323],[142.34297,-10.16792],[142.33743,-10.16702],[142.33033,-10.1594],[142.33186,-10.14556],[142.32426,-10.13544],[142.31256,-10.13951],[142.2998,-10.12464],[142.29686,-10.12927],[142.28607,-10.12823],[142.27339,-10.11975]]],[[[142.17724,-10.05973],[142.17002,-10.06457],[142.16813,-10.06991],[142.16215,-10.06418],[142.14436,-10.06705],[142.14338,-10.07037],[142.12823,-10.07417],[142.11476,-10.06933],[142.11273,-10.08388],[142.10769,-10.08427],[142.09947,-10.09916],[142.09541,-10.09783],[142.08868,-10.11314],[142.08593,-10.11375],[142.0926,-10.12387],[142.08781,-10.13083],[142.09407,-10.13869],[142.10405,-10.14278],[142.10922,-10.14971],[142.11305,-10.14579],[142.11918,-10.14641],[142.12248,-10.14884],[142.11969,-10.15227],[142.12671,-10.15425],[142.13462,-10.17957],[142.13642,-10.17624],[142.14268,-10.17807],[142.15678,-10.17347],[142.16394,-10.18179],[142.1719,-10.15865],[142.17813,-10.15217],[142.18689,-10.15198],[142.18852,-10.14893],[142.18785,-10.13233],[142.19302,-10.10726],[142.19055,-10.09012],[142.18626,-10.08601],[142.18522,-10.07234],[142.18254,-10.07018],[142.18499,-10.0686],[142.18386,-10.06193],[142.17724,-10.05973]]],[[[142.30006,-10.57336],[142.28335,-10.57788],[142.27171,-10.57456],[142.25917,-10.57863],[142.25135,-10.58371],[142.23953,-10.60209],[142.2407,-10.60577],[142.2373,-10.60676],[142.23736,-10.60991],[142.24633,-10.6172],[142.25512,-10.63431],[142.26646,-10.64262],[142.28613,-10.63744],[142.29683,-10.63799],[142.31073,-10.63099],[142.32064,-10.61689],[142.32748,-10.61312],[142.32098,-10.59243],[142.30825,-10.57908],[142.30839,-10.57197],[142.30006,-10.57336]]],[[[142.21881,-10.52187],[142.2136,-10.52184],[142.20825,-10.52842],[142.20289,-10.54662],[142.1995,-10.54766],[142.19319,-10.54351],[142.18827,-10.55145],[142.18428,-10.55173],[142.18164,-10.56412],[142.19572,-10.57546],[142.20002,-10.5698],[142.20359,-10.57114],[142.21891,-10.56376],[142.22366,-10.54063],[142.23153,-10.53674],[142.22457,-10.52386],[142.21881,-10.52187]]],[[[142.31404,-10.50679],[142.30911,-10.50876],[142.3098,-10.51646],[142.30543,-10.52072],[142.29211,-10.52321],[142.28474,-10.52791],[142.30064,-10.54227],[142.31616,-10.54172],[142.32205,-10.53508],[142.31404,-10.50679]]],[[[142.30172,-10.70692],[142.2956,-10.70114],[142.29,-10.71115],[142.28256,-10.71671],[142.29054,-10.73388],[142.29492,-10.73392],[142.30548,-10.72535],[142.30503,-10.71098],[142.30172,-10.70692]]],[[[142.12501,-10.35571],[142.12226,-10.36879],[142.1259,-10.37502],[142.12378,-10.37704],[142.12684,-10.378],[142.12571,-10.38386],[142.12905,-10.38391],[142.12994,-10.38748],[142.13537,-10.38682],[142.14152,-10.37513],[142.13746,-10.36136],[142.1318,-10.35422],[142.12484,-10.35365],[142.12501,-10.35571]]],[[[142.17082,-10.60403],[142.17886,-10.59798],[142.17985,-10.58555],[142.17585,-10.58486],[142.15855,-10.59323],[142.15037,-10.59082],[142.14694,-10.59604],[142.15564,-10.60496],[142.16885,-10.60621],[142.17082,-10.60403]]],[[[142.22784,-10.7362],[142.23071,-10.73998],[142.23793,-10.73469],[142.24063,-10.72567],[142.24746,-10.71968],[142.24644,-10.7116],[142.22532,-10.72356],[142.22784,-10.7362]]],[[[142.21251,-10.57724],[142.20665,-10.57861],[142.21025,-10.58913],[142.22827,-10.58271],[142.2335,-10.57477],[142.22508,-10.56938],[142.21251,-10.57724]]],[[[142.1726,-10.55569],[142.16493,-10.55582],[142.14868,-10.56293],[142.14709,-10.56625],[142.15402,-10.5678],[142.15414,-10.57116],[142.15869,-10.57071],[142.1726,-10.55569]]]],"type":"MultiPolygon"},"properties":{"area_sqkm":571.39,"basin_no":"928","division":"Gulf","division_no":"IX","id":"torres_strait_islands","name":"Torres Strait Islands"},"type":"Feature"},
{"geometry":{"coordinates":[[[145.58621,-17.61986],[145.57798,-17.61906],[145.56327,-17.62606],[145.55247,-17.62256],[145.54915,-17.63482],[145.55604,-17.66092],[145.54993,-17.6684],[145.55242,-17.67833],[145.54209,-17.67751],[145.52712,-17.69822],[145.52736,-17.71923],[145.53323,-17.72689],[145.53874,-17.72863],[145.54173,-17.73539],[145.53358,-17.74362],[145.54287,-17.75162],[145.54897,-17.77933],[145.55598,-17.78712],[145.55352,-17.78981],[145.5455,-17.78939],[145.54113,-17.7961],[145.54005,-17.8016],[145.54622,-17.80591],[145.54508,-17.821],[145.53455,-17.83058],[145.52803,-17.84532],[145.52907,-17.84985],[145.51851,-17.85797],[145.52365,-17.86674],[145.51743,-17.88541],[145.51968,-17.88704],[145.51807,-17.89371],[145.52539,-17.8999],[145.52245,-17.91092],[145.52467,-17.92014],[145.53137,-17.92696],[145.53544,-17.92493],[145.54418,-17.93043],[145.54688,-17.9366],[145.54485,-17.94255],[145.54993,-17.94456],[145.56256,-17.94025],[145.57328,-17.9518],[145.58573,-17.95013],[145.58777,-17.95522],[145.58561,-17.95989],[145.5886,-17.9642],[145.59579,-17.96438],[145.59537,-17.96899],[145.60171,-17.97928],[145.60016,-17.98575],[145.60638,-17.98874],[145.60756,-17.99879],[145.62228,-18.00699],[145.62297,-18.02005],[145.63502,-18.02749],[145.6497,-18.02676],[145.65309,-18.02943],[145.64757,-18.03483],[145.65232,-18.05449],[145.64284,-18.06716],[145.64126,-18.08044],[145.64569,-18.08609],[145.65401,-18.09071],[145.6594,-18.08991],[145.66498,-18.09864],[145.67602,-18.10186],[145.68875,-18.09164],[145.69034,-18.09519],[145.70405,-18.10004],[145.70894,-18.10522],[145.72874,-18.08548],[145.73392,-18.0723],[145.75201,-18.06358],[145.74786,-18.06151],[145.75451,-18.0514],[145.75634,-18.04035],[145.77678,-18.01651],[145.78982,-18.01572],[145.8005,-18.01032],[145.8136,-18.01171],[145.81818,-18.0041],[145.82714,-18.0094],[145.83605,-18.00425],[145.84769,-18.00456],[145.86443,-18.00971],[145.89284,-18.00934],[145.90371,-18.01467],[145.90988,-18.01226],[145.9314,-18.01651],[145.94068,-18.03683],[145.95048,-18.04044],[145.9701,-18.04022],[145.99177,-18.0534],[145.99676,-18.0521],[145.99965,-18.04679],[146.03783,-18.05094],[146.04216,-18.03973],[146.05166,-18.02958],[146.05518,-18.02957],[146.06096,-18.01195],[146.07262,-17.99426],[146.06616,-17.98948],[146.06737,-17.98216],[146.07234,-17.98897],[146.07855,-17.99066],[146.09449,-17.97328],[146.0982,-17.97289],[146.10129,-17.97727],[146.10016,-17.96592],[146.09651,-17.96807],[146.09345,-17.96538],[146.09091,-17.95348],[146.09792,-17.92393],[146.09737,-17.89938],[146.11063,-17.86324],[146.1201,-17.85545],[146.11706,-17.85388],[146.11402,-17.85741],[146.10932,-17.85507],[146.10431,-17.84078],[146.08765,-17.84498],[146.07456,-17.8608],[146.07444,-17.87024],[146.08053,-17.87852],[146.07548,-17.88625],[146.05253,-17.88199],[146.04912,-17.89971],[146.04394,-17.90287],[146.03944,-17.91234],[146.02787,-17.91121],[146.01673,-17.89593],[146.01886,-17.88997],[146.01003,-17.87122],[145.99819,-17.86482],[145.99293,-17.85524],[145.99299,-17.84812],[145.97965,-17.85347],[145.96651,-17.83632],[145.9618,-17.84153],[145.95513,-17.83985],[145.94312,-17.84616],[145.93652,-17.83638],[145.92924,-17.83564],[145.92503,-17.82938],[145.90505,-17.81896],[145.88679,-17.81767],[145.88436,-17.82123],[145.88144,-17.81854],[145.87066,-17.82394],[145.86589,-17.81926],[145.85787,-17.821],[145.83632,-17.80945],[145.83207,-17.79837],[145.83295,-17.78788],[145.81878,-17.76874],[145.81435,-17.75233],[145.8089,-17.74725],[145.79956,-17.75138],[145.79166,-17.74443],[145.77131,-17.7515],[145.75981,-17.74258],[145.74217,-17.74029],[145.74036,-17.7306],[145.73311,-17.72156],[145.72785,-17.7218],[145.71366,-17.71396],[145.71085,-17.71821],[145.71585,-17.7327],[145.71174,-17.73479],[145.71049,-17.75012],[145.70749,-17.75132],[145.68834,-17.73851],[145.66535,-17.73252],[145.66008,-17.72354],[145.64859,-17.72162],[145.64362,-17.70534],[145.65296,-17.69355],[145.65212,-17.6893],[145.65888,-17.67667],[145.64589,-17.66685],[145.63727,-17.64212],[145.62608,-17.62967],[145.60584,-17.62003],[145.59311,-17.62311],[145.58621,-17.61986]]],"type":"Polygon"},"properties":{"area_sqkm":1688.83,"basin_no":"113","division":"North East Coast","division_no":"I","id":"tully","name":"Tully"},"type":"Feature"},
{"geometry":{"coordinates":[[[147.88949,-24.79821],[147.87999,-24.79031],[147.85501,-24.78001],[147.85165,-24.77585],[147.85205,-24.76931],[147.82691,-24.75048],[147.82395,-24.73523],[147.80943,-24.73762],[147.80471,-24.73315],[147.79937,-24.73419],[147.79107,-24.7302],[147.78021,-24.73491],[147.77682,-24.74384],[147.7644,-24.72557],[147.74987,-24.73052],[147.73726,-24.72828],[147.72864,-24.73355],[147.71339,-24.75088],[147.70333,-24.75375],[147.70062,-24.75998],[147.68761,-24.76309],[147.67991,-24.77362],[147.6706,-24.76939],[147.64705,-24.77243],[147.64514,-24.78576],[147.64985,-24.78983],[147.64642,-24.79941],[147.61512,-24.80516],[147.58974,-24.81825],[147.57864,-24.83486],[147.55988,-24.8331],[147.55669,-24.81865],[147.54967,-24.82081],[147.54304,-24.81745],[147.53945,-24.82336],[147.51853,-24.83007],[147.50768,-24.82216],[147.50776,-24.83557],[147.49581,-24.84731],[147.49652,-24.85609],[147.48334,-24.87821],[147.46406,-24.87382],[147.4399,-24.88699],[147.43308,-24.87993],[147.41858,-24.88158],[147.40054,-24.87648],[147.39176,-24.87821],[147.38745,-24.87139],[147.38235,-24.86982],[147.37372,-24.87099],[147.36949,-24.8768],[147.36321,-24.87797],[147.34416,-24.87005],[147.32134,-24.87005],[147.31828,-24.87311],[147.31907,-24.88283],[147.3055,-24.88785],[147.28849,-24.90832],[147.28739,-24.91365],[147.27524,-24.92071],[147.27492,-24.92581],[147.28049,-24.92949],[147.28253,-24.94972],[147.27445,-24.95764],[147.26395,-24.96172],[147.25077,-24.97795],[147.23227,-24.98877],[147.22897,-24.98234],[147.2227,-24.98015],[147.21454,-24.98924],[147.1711,-24.99254],[147.15832,-24.98297],[147.15973,-24.96431],[147.14319,-24.96062],[147.13553,-24.95537],[147.11229,-24.97717],[147.109,-24.98328],[147.1101,-24.99395],[147.10673,-24.9974],[147.09441,-25.00338],[147.07544,-24.99105],[147.06545,-25.01018],[147.05582,-25.01276],[147.03111,-25.03519],[147.02082,-25.03891],[147.00072,-25.03703],[146.97915,-25.01501],[146.97808,-24.99175],[146.95742,-24.9701],[146.94117,-24.96139],[146.93322,-24.95055],[146.8995,-24.92528],[146.89898,-24.9145],[146.90409,-24.90648],[146.89189,-24.89866],[146.88256,-24.87381],[146.87216,-24.86284],[146.87825,-24.84077],[146.89999,-24.8126],[146.89813,-24.80331],[146.88171,-24.78399],[146.88009,-24.7701],[146.89643,-24.74684],[146.90652,-24.74479],[146.92553,-24.71177],[146.94168,-24.70112],[146.93359,-24.68556],[146.93044,-24.67171],[146.89449,-24.6444],[146.88815,-24.6451],[146.89308,-24.62999],[146.89138,-24.62289],[146.88326,-24.61182],[146.88227,-24.60409],[146.87058,-24.59754],[146.86311,-24.58561],[146.85597,-24.58929],[146.84741,-24.60811],[146.82185,-24.64165],[146.81456,-24.64176],[146.80612,-24.63708],[146.80183,-24.62166],[146.78738,-24.62677],[146.77148,-24.64351],[146.7656,-24.64599],[146.77327,-24.66369],[146.7519,-24.67927],[146.74328,-24.69072],[146.73124,-24.69383],[146.721,-24.70946],[146.71534,-24.70837],[146.71202,-24.71934],[146.7034,-24.72519],[146.68797,-24.72666],[146.68094,-24.73638],[146.66797,-24.73672],[146.66482,-24.74763],[146.6591,-24.75201],[146.6198,-24.76614],[146.61917,-24.77552],[146.63316,-24.78989],[146.63806,-24.80642],[146.62381,-24.82863],[146.60695,-24.83301],[146.60602,-24.83743],[146.61145,-24.84607],[146.60989,-24.85038],[146.6037,-24.85112],[146.58641,-24.84409],[146.57388,-24.84903],[146.54481,-24.85155],[146.53662,-24.87225],[146.54967,-24.8857],[146.55005,-24.89112],[146.54597,-24.8992],[146.52248,-24.91865],[146.50967,-24.93833],[146.50601,-24.95355],[146.50701,-24.97874],[146.51534,-24.98695],[146.51654,-24.99209],[146.51332,-24.99897],[146.50562,-25.00439],[146.47495,-25.01076],[146.43761,-25.00442],[146.40653,-25.00553],[146.38463,-25.00006],[146.35099,-24.98359],[146.32793,-24.98694],[146.32022,-24.97855],[146.30204,-24.98605],[146.27205,-24.96684],[146.23775,-24.95985],[146.21873,-24.96312],[146.14043,-24.99533],[146.1231,-24.99556],[146.11283,-24.99104],[146.10123,-24.97954],[146.10221,-24.96233],[146.08643,-24.94051],[146.08762,-24.92935],[146.07092,-24.91541],[146.06962,-24.90612],[146.06618,-24.90389],[146.05105,-24.90512],[146.01385,-24.9179],[145.96874,-24.91789],[145.93867,-24.91227],[145.92445,-24.90002],[145.91549,-24.89718],[145.89723,-24.91125],[145.89192,-24.93289],[145.87649,-24.95679],[145.86239,-24.9696],[145.84474,-24.97353],[145.81431,-24.9688],[145.79556,-24.97052],[145.75721,-25.00299],[145.74972,-25.02549],[145.74551,-25.02989],[145.70105,-25.06032],[145.67729,-25.06492],[145.668,-25.0722],[145.65013,-25.11215],[145.62617,-25.14185],[145.61313,-25.17269],[145.61162,-25.18817],[145.59648,-25.19221],[145.59128,-25.19906],[145.59164,-25.2058],[145.60141,-25.21161],[145.60375,-25.21739],[145.59981,-25.22961],[145.59201,-25.23748],[145.57375,-25.24874],[145.54175,-25.2382],[145.52219,-25.22273],[145.50781,-25.22631],[145.48108,-25.22145],[145.48308,-25.23012],[145.49697,-25.23999],[145.49947,-25.24521],[145.49994,-25.25494],[145.49251,-25.26571],[145.49799,-25.27085],[145.49993,-25.28345],[145.51709,-25.28969],[145.53021,-25.30003],[145.53525,-25.32064],[145.528,-25.33887],[145.51171,-25.36224],[145.50344,-25.36647],[145.49224,-25.38768],[145.48059,-25.40216],[145.48067,-25.41109],[145.4894,-25.42669],[145.50154,-25.4399],[145.50779,-25.4587],[145.50133,-25.47613],[145.47466,-25.48571],[145.47129,-25.51441],[145.46686,-25.52331],[145.46082,-25.52675],[145.43949,-25.5288],[145.42528,-25.55654],[145.41323,-25.56233],[145.39683,-25.5622],[145.37873,-25.55651],[145.33694,-25.53081],[145.3252,-25.52697],[145.29568,-25.53291],[145.27515,-25.55146],[145.26221,-25.55752],[145.23628,-25.55986],[145.2313,-25.56541],[145.23147,-25.58211],[145.22799,-25.59255],[145.23533,-25.61019],[145.23254,-25.62022],[145.21867,-25.63216],[145.20793,-25.63677],[145.19999,-25.65615],[145.16644,-25.66226],[145.15776,-25.67232],[145.15115,-25.69135],[145.15216,-25.748],[145.14401,-25.8002],[145.14247,-25.85375],[145.12135,-25.90596],[145.09758,-25.93963],[145.09676,-25.96716],[145.06885,-25.98886],[145.06225,-26.00501],[145.07126,-26.09081],[145.07863,-26.09565],[145.10156,-26.09909],[145.11787,-26.0887],[145.13147,-26.07488],[145.15105,-26.07442],[145.16498,-26.08029],[145.18111,-26.09547],[145.19397,-26.1196],[145.20579,-26.12906],[145.26807,-26.15987],[145.28654,-26.15532],[145.29468,-26.17552],[145.28644,-26.19978],[145.31346,-26.21271],[145.3201,-26.2248],[145.31968,-26.23195],[145.31288,-26.23904],[145.31219,-26.24533],[145.33475,-26.25599],[145.34373,-26.27088],[145.36017,-26.27631],[145.37234,-26.30648],[145.38772,-26.30298],[145.39927,-26.30926],[145.41249,-26.31062],[145.41603,-26.31329],[145.41864,-26.32317],[145.44116,-26.33394],[145.45546,-26.33027],[145.46861,-26.31746],[145.476,-26.31738],[145.48353,-26.32778],[145.49664,-26.33582],[145.51129,-26.35236],[145.53807,-26.36443],[145.55859,-26.37957],[145.57737,-26.3863],[145.57893,-26.39218],[145.56938,-26.39806],[145.56717,-26.40381],[145.56683,-26.41596],[145.57119,-26.4302],[145.56946,-26.44177],[145.57727,-26.44912],[145.5803,-26.47137],[145.6002,-26.48766],[145.60286,-26.50005],[145.61778,-26.50652],[145.61285,-26.52694],[145.62072,-26.5549],[145.61726,-26.57487],[145.58786,-26.62061],[145.5715,-26.65328],[145.56828,-26.68516],[145.56523,-26.69125],[145.54991,-26.7025],[145.52191,-26.71368],[145.52251,-26.71985],[145.53188,-26.72664],[145.52577,-26.74566],[145.51231,-26.74812],[145.4931,-26.75676],[145.49353,-26.79811],[145.48969,-26.82586],[145.49298,-26.83734],[145.51091,-26.83995],[145.5222,-26.84664],[145.5374,-26.89682],[145.55321,-26.92841],[145.56629,-26.93021],[145.58672,-26.92503],[145.60408,-26.92806],[145.60196,-26.93824],[145.61217,-26.94647],[145.61328,-26.9531],[145.60463,-27.00078],[145.59538,-27.02631],[145.58333,-27.03182],[145.59429,-27.03321],[145.6109,-27.04277],[145.61885,-27.05117],[145.62045,-27.05825],[145.61159,-27.07417],[145.61141,-27.08107],[145.59742,-27.08739],[145.5992,-27.10729],[145.58777,-27.11417],[145.58213,-27.127],[145.57158,-27.1378],[145.57402,-27.15563],[145.5618,-27.17614],[145.5541,-27.18154],[145.5327,-27.18761],[145.53609,-27.20947],[145.50518,-27.22799],[145.49531,-27.24098],[145.49695,-27.25558],[145.48292,-27.28405],[145.48269,-27.29894],[145.47831,-27.31014],[145.47015,-27.3228],[145.47744,-27.34868],[145.4663,-27.38489],[145.47483,-27.3993],[145.49235,-27.41284],[145.50217,-27.44798],[145.51226,-27.46263],[145.52674,-27.47226],[145.54069,-27.49528],[145.54821,-27.50001],[145.56792,-27.50308],[145.57545,-27.50865],[145.60505,-27.51742],[145.62629,-27.53937],[145.64256,-27.54785],[145.64651,-27.55271],[145.63986,-27.57397],[145.64382,-27.58003],[145.68806,-27.56551],[145.70329,-27.57211],[145.71417,-27.57017],[145.72757,-27.57258],[145.72979,-27.57785],[145.72354,-27.60312],[145.72557,-27.61063],[145.73807,-27.62268],[145.72824,-27.64183],[145.74252,-27.6513],[145.74377,-27.65663],[145.7131,-27.70494],[145.66196,-27.76861],[145.6376,-27.80577],[145.62261,-27.848],[145.61375,-27.89107],[145.61083,-27.93847],[145.61313,-27.96032],[145.62346,-27.97789],[145.66346,-28.02385],[145.66694,-28.03967],[145.65661,-28.0688],[145.65649,-28.08394],[145.69031,-28.133],[145.6954,-28.14827],[145.68833,-28.18044],[145.6909,-28.19645],[145.70858,-28.21609],[145.70385,-28.22856],[145.67759,-28.2633],[145.68575,-28.28202],[145.66931,-28.30805],[145.65022,-28.36125],[145.62566,-28.40233],[145.60349,-28.45701],[145.59639,-28.47927],[145.59121,-28.52901],[145.57892,-28.5748],[145.56826,-28.64986],[145.57464,-28.69911],[145.57188,-28.73494],[145.57524,-28.75408],[145.59785,-28.78768],[145.59944,-28.8064],[145.59344,-28.82847],[145.61711,-28.87758],[145.60756,-28.89816],[145.59953,-28.90793],[145.60657,-28.92031],[145.59417,-28.94684],[145.60002,-28.9554],[145.61037,-28.96181],[145.61394,-28.97292],[145.60417,-28.99914],[145.59534,-29.00174],[145.58602,-29.01047],[145.56858,-29.03505],[145.54479,-29.0856],[145.52735,-29.14646],[145.51902,-29.2204],[145.49999,-29.25687],[145.49171,-29.28435],[145.47805,-29.36434],[145.48359,-29.43523],[145.49231,-29.4685],[145.4927,-29.49622],[145.47627,-29.52018],[145.34004,-29.61028],[145.3234,-29.61979],[145.28301,-29.63325],[145.26083,-29.6481],[145.23628,-29.66969],[145.19866,-29.71325],[145.18203,-29.7386],[145.17708,-29.75681],[145.17628,-29.78453],[145.19371,-29.87087],[145.19094,-29.88909],[145.16559,-29.94255],[145.16005,-29.96908],[145.16559,-29.98809],[145.176,-29.99993],[145.18086,-30.02579],[145.19738,-30.064],[145.21648,-30.07295],[145.2332,-30.09106],[145.27359,-30.10977],[145.2722,-30.13185],[145.30085,-30.13703],[145.30961,-30.14678],[145.30881,-30.15354],[145.28215,-30.16966],[145.27498,-30.1826],[145.27498,-30.19931],[145.28593,-30.23991],[145.26961,-30.30597],[145.272,-30.32746],[145.27916,-30.34497],[145.30921,-30.36248],[145.34662,-30.37383],[145.36334,-30.37562],[145.37329,-30.36208],[145.39318,-30.35074],[145.43875,-30.31273],[145.47517,-30.29542],[145.50758,-30.25188],[145.53573,-30.23941],[145.54137,-30.23418],[145.55947,-30.18811],[145.61539,-30.12858],[145.61539,-30.11409],[145.59286,-30.07145],[145.57777,-30.04993],[145.56671,-30.04027],[145.53211,-30.02358],[145.51159,-30.00668],[145.50858,-30.00105],[145.50734,-29.96734],[145.5111,-29.9491],[145.52022,-29.93642],[145.56185,-29.91045],[145.57315,-29.89598],[145.56978,-29.88349],[145.54639,-29.86148],[145.53826,-29.84483],[145.53905,-29.82818],[145.54599,-29.81391],[145.57731,-29.78972],[145.62964,-29.77149],[145.64193,-29.76098],[145.64193,-29.75008],[145.62964,-29.72391],[145.62905,-29.71102],[145.6344,-29.69616],[145.64986,-29.68882],[145.6681,-29.68942],[145.71646,-29.66404],[145.72598,-29.66246],[145.81598,-29.67177],[145.82708,-29.67554],[145.85285,-29.67395],[145.87465,-29.68545],[145.88853,-29.68842],[145.90201,-29.68426],[145.91011,-29.67586],[145.91093,-29.65235],[145.9147,-29.64025],[145.92064,-29.63569],[145.93809,-29.63133],[145.9587,-29.61448],[145.96861,-29.59168],[145.98408,-29.58039],[145.98526,-29.56552],[146.00192,-29.55561],[146.00509,-29.53519],[146.02669,-29.50109],[146.03542,-29.45589],[146.03284,-29.43349],[146.04275,-29.42378],[146.04295,-29.41189],[146.04672,-29.40574],[146.07367,-29.39623],[146.10856,-29.37819],[146.13631,-29.37799],[146.15852,-29.38156],[146.22393,-29.35618],[146.24039,-29.34508],[146.24891,-29.33438],[146.25803,-29.31435],[146.27646,-29.29988],[146.28221,-29.28085],[146.30045,-29.27649],[146.3171,-29.25786],[146.32582,-29.2525],[146.33772,-29.24894],[146.35437,-29.25013],[146.38351,-29.25845],[146.40234,-29.26797],[146.44,-29.26896],[146.44615,-29.26737],[146.44773,-29.26281],[146.43901,-29.2533],[146.43881,-29.24794],[146.44853,-29.24537],[146.46875,-29.22832],[146.46794,-29.22005],[146.43287,-29.16687],[146.42514,-29.14169],[146.41978,-29.13455],[146.39679,-29.1183],[146.35952,-29.09947],[146.30719,-29.08995],[146.24593,-29.06398],[146.24038,-29.05467],[146.2382,-29.02057],[146.22274,-29.00095],[146.21382,-29.00015],[146.18071,-29.00927],[146.14979,-29.01383],[146.13373,-29.00848],[146.12668,-28.99913],[146.1221,-28.97036],[146.11415,-28.94648],[146.09235,-28.91435],[146.10734,-28.87551],[146.13126,-28.83518],[146.14464,-28.77758],[146.16116,-28.74975],[146.16111,-28.73907],[146.18574,-28.70804],[146.191,-28.69631],[146.19084,-28.68674],[146.16663,-28.64525],[146.13638,-28.61597],[146.10942,-28.59606],[146.0915,-28.59352],[146.08419,-28.58654],[146.05353,-28.5741],[146.04953,-28.56809],[146.04886,-28.55353],[146.03845,-28.54044],[145.96125,-28.47446],[145.93588,-28.44205],[145.91948,-28.41293],[145.8907,-28.34223],[145.86169,-28.23548],[145.85886,-28.19069],[145.87187,-28.10206],[145.86768,-28.0233],[145.86872,-27.9652],[145.85446,-27.94649],[145.81448,-27.92502],[145.79237,-27.90767],[145.78045,-27.88075],[145.77597,-27.86155],[145.77613,-27.81617],[145.79673,-27.76278],[145.80728,-27.74714],[145.83144,-27.7226],[145.84128,-27.70655],[145.85383,-27.64092],[145.85083,-27.59423],[145.86353,-27.55786],[145.88115,-27.52744],[145.89473,-27.5127],[145.90988,-27.50196],[145.93198,-27.49183],[146.02119,-27.46652],[146.05974,-27.44714],[146.06543,-27.43914],[146.07097,-27.42512],[146.07429,-27.39533],[146.07059,-27.37653],[146.04434,-27.31822],[146.03347,-27.28212],[146.03185,-27.26555],[146.03626,-27.24642],[146.04824,-27.22073],[146.06614,-27.19404],[146.08939,-27.16978],[146.09838,-27.15545],[146.10896,-27.14846],[146.1211,-27.14556],[146.16734,-27.15404],[146.18015,-27.15404],[146.18968,-27.14994],[146.19228,-27.14548],[146.19128,-27.13491],[146.18224,-27.11643],[146.18391,-27.10083],[146.19026,-27.09303],[146.1977,-27.09011],[146.24323,-27.08747],[146.25567,-27.08217],[146.26646,-27.08509],[146.27829,-27.08396],[146.28865,-27.07628],[146.29255,-27.06874],[146.28935,-27.04729],[146.29356,-27.01977],[146.28623,-27.00012],[146.35558,-26.92107],[146.36161,-26.91837],[146.36803,-26.9209],[146.38369,-26.94129],[146.38715,-26.94261],[146.3935,-26.93893],[146.40813,-26.91577],[146.41639,-26.88582],[146.4287,-26.88847],[146.43191,-26.88242],[146.43165,-26.869],[146.43631,-26.85471],[146.42855,-26.82373],[146.43323,-26.81953],[146.45092,-26.81618],[146.45526,-26.81001],[146.45462,-26.80466],[146.43378,-26.78952],[146.41385,-26.78366],[146.41103,-26.77761],[146.41481,-26.77139],[146.4403,-26.75329],[146.46003,-26.74528],[146.47489,-26.74601],[146.49726,-26.75354],[146.50743,-26.75105],[146.52663,-26.73698],[146.56833,-26.73099],[146.57895,-26.72608],[146.60642,-26.72396],[146.61798,-26.713],[146.62839,-26.69426],[146.64105,-26.6875],[146.67561,-26.65886],[146.71722,-26.63935],[146.77154,-26.63541],[146.78457,-26.62754],[146.79576,-26.62618],[146.81117,-26.63874],[146.81744,-26.65341],[146.83104,-26.6601],[146.84266,-26.67222],[146.88455,-26.67501],[146.89782,-26.67893],[146.91154,-26.66903],[146.92427,-26.65297],[146.93092,-26.61314],[146.93632,-26.60517],[146.94303,-26.60365],[146.95011,-26.61191],[146.95752,-26.63267],[146.96704,-26.64415],[147.02412,-26.65584],[147.07021,-26.629],[147.07264,-26.59852],[147.07726,-26.59142],[147.0964,-26.57725],[147.10061,-26.55926],[147.10661,-26.54878],[147.10412,-26.5357],[147.11117,-26.527],[147.11494,-26.51501],[147.13499,-26.50285],[147.13933,-26.5034],[147.14498,-26.51409],[147.18073,-26.51108],[147.22234,-26.48181],[147.22127,-26.4727],[147.22495,-26.4618],[147.24678,-26.45637],[147.2529,-26.43535],[147.26815,-26.43091],[147.2866,-26.43161],[147.2937,-26.42814],[147.28569,-26.40294],[147.2985,-26.3914],[147.30945,-26.38635],[147.3156,-26.3773],[147.31462,-26.37177],[147.30306,-26.35937],[147.30091,-26.34923],[147.31856,-26.32863],[147.31375,-26.31657],[147.31774,-26.30497],[147.33298,-26.29119],[147.35842,-26.28341],[147.39211,-26.26549],[147.38776,-26.24342],[147.39053,-26.23906],[147.39716,-26.23865],[147.40225,-26.22394],[147.39821,-26.21943],[147.38472,-26.21463],[147.38864,-26.19456],[147.38515,-26.18654],[147.40424,-26.18084],[147.42058,-26.1684],[147.42355,-26.15431],[147.43901,-26.1567],[147.4444,-26.14292],[147.45517,-26.13435],[147.44644,-26.11749],[147.45692,-26.10339],[147.45865,-26.09264],[147.45698,-26.08641],[147.44417,-26.07075],[147.45176,-26.0419],[147.45006,-26.02312],[147.44104,-26.01357],[147.4577,-25.99214],[147.45418,-25.98533],[147.45578,-25.98021],[147.44738,-25.97797],[147.4425,-25.97221],[147.40824,-25.97413],[147.39095,-25.96324],[147.38271,-25.96164],[147.37687,-25.94972],[147.36711,-25.94083],[147.35974,-25.94052],[147.3511,-25.92939],[147.32517,-25.93363],[147.30244,-25.92027],[147.27779,-25.91515],[147.27395,-25.90786],[147.26843,-25.90642],[147.26539,-25.8985],[147.26947,-25.8889],[147.26475,-25.88297],[147.27203,-25.85592],[147.26819,-25.84392],[147.26235,-25.83864],[147.26635,-25.81527],[147.25402,-25.78998],[147.25898,-25.78373],[147.2581,-25.77861],[147.24388,-25.76013],[147.26194,-25.76093],[147.27099,-25.74764],[147.29092,-25.74788],[147.30524,-25.7398],[147.31845,-25.73916],[147.34029,-25.71635],[147.34782,-25.71403],[147.34509,-25.69218],[147.35014,-25.68594],[147.3675,-25.63792],[147.37983,-25.62063],[147.37631,-25.61215],[147.38775,-25.59342],[147.40256,-25.58686],[147.4092,-25.57413],[147.42264,-25.57589],[147.44457,-25.56004],[147.46514,-25.55596],[147.47026,-25.53996],[147.47138,-25.51331],[147.46178,-25.49818],[147.46805,-25.49128],[147.46956,-25.48084],[147.48174,-25.47008],[147.48585,-25.44444],[147.48245,-25.4332],[147.49986,-25.42291],[147.49654,-25.4131],[147.49725,-25.3938],[147.491,-25.38335],[147.49305,-25.37908],[147.51285,-25.35865],[147.52478,-25.35612],[147.53457,-25.34443],[147.56009,-25.33005],[147.57754,-25.32824],[147.58947,-25.33163],[147.60148,-25.32097],[147.60314,-25.3088],[147.60969,-25.29767],[147.62178,-25.28937],[147.62478,-25.28392],[147.64026,-25.27973],[147.64769,-25.26923],[147.65606,-25.26781],[147.66009,-25.26157],[147.66831,-25.25927],[147.67012,-25.24916],[147.6849,-25.23747],[147.70812,-25.22586],[147.71625,-25.21567],[147.72858,-25.20864],[147.73269,-25.20287],[147.73134,-25.19805],[147.74122,-25.19908],[147.74082,-25.18929],[147.74793,-25.17712],[147.74564,-25.17064],[147.75283,-25.15563],[147.74817,-25.14663],[147.74935,-25.14126],[147.74003,-25.12862],[147.73711,-25.11772],[147.72605,-25.11282],[147.71704,-25.09307],[147.71981,-25.07285],[147.72715,-25.0644],[147.73568,-25.06321],[147.73529,-25.05895],[147.74493,-25.04552],[147.74303,-25.03177],[147.75693,-25.02924],[147.76491,-25.03233],[147.77305,-25.0268],[147.78103,-25.02577],[147.77937,-25.01613],[147.79374,-25.00444],[147.79322,-24.99675],[147.79849,-24.99331],[147.81222,-24.9716],[147.83258,-24.97248],[147.83993,-24.96595],[147.8511,-24.96354],[147.85253,-24.95947],[147.86084,-24.95468],[147.87105,-24.9534],[147.86986,-24.94646],[147.87744,-24.94039],[147.88159,-24.94214],[147.88718,-24.93735],[147.89716,-24.93967],[147.89125,-24.92809],[147.89372,-24.92067],[147.90043,-24.91772],[147.90985,-24.92091],[147.92047,-24.91923],[147.93539,-24.90151],[147.95407,-24.88834],[147.94625,-24.87237],[147.94178,-24.86998],[147.9421,-24.86423],[147.91624,-24.84731],[147.91376,-24.83797],[147.91911,-24.82432],[147.91017,-24.8149],[147.90123,-24.81354],[147.90011,-24.80747],[147.88949,-24.79821]]],"type":"Polygon"},"properties":{"area_sqkm":59379.64,"basin_no":"423","division":"Murray Darling","division_no":"IV","id":"warrego","name":"Warrego"},"type":"Feature"},
{"geometry":{"coordinates":[[[150.64001,-22.39095],[150.6219,-22.39195],[150.62232,-22.3883],[150.63214,-22.38542],[150.63164,-22.3806],[150.63802,-22.38199],[150.64285,-22.37886],[150.63844,-22.37739],[150.64055,-22.37395],[150.63536,-22.36945],[150.63167,-22.37139],[150.6337,-22.36545],[150.62944,-22.36556],[150.62721,-22.35973],[150.62181,-22.35857],[150.61743,-22.34897],[150.61858,-22.34676],[150.62383,-22.34971],[150.62895,-22.35667],[150.64215,-22.36515],[150.64087,-22.35841],[150.6453,-22.34433],[150.63133,-22.3366],[150.62607,-22.33149],[150.62619,-22.32721],[150.61887,-22.33301],[150.60776,-22.32943],[150.60466,-22.33356],[150.60542,-22.33958],[150.60446,-22.33502],[150.59619,-22.33159],[150.59921,-22.3319],[150.5976,-22.32803],[150.58942,-22.32575],[150.58632,-22.32944],[150.57898,-22.32662],[150.56636,-22.31581],[150.55591,-22.32384],[150.55768,-22.32641],[150.55373,-22.32917],[150.55618,-22.33159],[150.55127,-22.33682],[150.5508,-22.34353],[150.54431,-22.34441],[150.53917,-22.35256],[150.54,-22.37148],[150.5371,-22.37068],[150.53757,-22.3741],[150.53459,-22.37421],[150.5334,-22.38189],[150.53688,-22.39272],[150.5306,-22.40227],[150.5349,-22.4032],[150.53565,-22.40662],[150.54001,-22.40414],[150.54279,-22.40852],[150.53891,-22.4135],[150.5416,-22.41422],[150.54085,-22.43227],[150.53783,-22.43211],[150.54227,-22.43446],[150.5392,-22.44228],[150.54416,-22.4425],[150.5408,-22.4472],[150.53281,-22.4452],[150.53377,-22.45026],[150.54886,-22.47053],[150.55805,-22.47741],[150.55271,-22.48391],[150.56339,-22.50163],[150.56899,-22.50545],[150.60586,-22.51327],[150.62395,-22.53336],[150.62802,-22.53044],[150.62772,-22.53422],[150.63144,-22.53174],[150.62981,-22.53539],[150.63671,-22.53777],[150.65141,-22.53636],[150.64876,-22.54163],[150.65119,-22.5466],[150.64052,-22.54324],[150.63652,-22.5479],[150.64319,-22.55092],[150.64096,-22.551],[150.64751,-22.55732],[150.64383,-22.56052],[150.64441,-22.55782],[150.64078,-22.55858],[150.63082,-22.55117],[150.62988,-22.55408],[150.63436,-22.55941],[150.62433,-22.55476],[150.62905,-22.55911],[150.62665,-22.55918],[150.62638,-22.56503],[150.61629,-22.55134],[150.61498,-22.53604],[150.60654,-22.52519],[150.58504,-22.51701],[150.57405,-22.51566],[150.56671,-22.51847],[150.59282,-22.56594],[150.59079,-22.58183],[150.60302,-22.59231],[150.61119,-22.61025],[150.61867,-22.61517],[150.61695,-22.62128],[150.62569,-22.63892],[150.61714,-22.64068],[150.61014,-22.63403],[150.60959,-22.62188],[150.60044,-22.61448],[150.59752,-22.60154],[150.57475,-22.58375],[150.5725,-22.57403],[150.56673,-22.56733],[150.55618,-22.56354],[150.54901,-22.57345],[150.54433,-22.57398],[150.54553,-22.56208],[150.53351,-22.55312],[150.51569,-22.54593],[150.51717,-22.58062],[150.51235,-22.59131],[150.51627,-22.59436],[150.51421,-22.60286],[150.50527,-22.61407],[150.5105,-22.61867],[150.50982,-22.62479],[150.51637,-22.63189],[150.52009,-22.6459],[150.52514,-22.64956],[150.5239,-22.65635],[150.53101,-22.66222],[150.5475,-22.66445],[150.55411,-22.67476],[150.55478,-22.68192],[150.56622,-22.68983],[150.56375,-22.70169],[150.58234,-22.72517],[150.58425,-22.74172],[150.59393,-22.74571],[150.59395,-22.75494],[150.59957,-22.75877],[150.59871,-22.77125],[150.60575,-22.77477],[150.61205,-22.78682],[150.60927,-22.79707],[150.61337,-22.80524],[150.60672,-22.81534],[150.61545,-22.83073],[150.6089,-22.83129],[150.61038,-22.83537],[150.60711,-22.84402],[150.59204,-22.83988],[150.58821,-22.84816],[150.58092,-22.84865],[150.57833,-22.85643],[150.59587,-22.89677],[150.61295,-22.9032],[150.62373,-22.90357],[150.62626,-22.91666],[150.63608,-22.92605],[150.63763,-22.93587],[150.65295,-22.93797],[150.66678,-22.94784],[150.66956,-22.94809],[150.67172,-22.94273],[150.67642,-22.94786],[150.68408,-22.94724],[150.69693,-22.9549],[150.70138,-22.96608],[150.691,-22.98813],[150.69534,-22.99921],[150.68897,-23.00435],[150.68816,-23.0165],[150.67973,-23.02121],[150.69126,-23.02989],[150.68395,-23.04527],[150.6925,-23.05432],[150.68978,-23.06179],[150.70409,-23.0749],[150.71017,-23.07583],[150.71711,-23.09077],[150.73261,-23.10453],[150.71924,-23.12689],[150.71581,-23.16473],[150.70353,-23.18418],[150.6946,-23.21491],[150.69204,-23.23668],[150.68214,-23.23832],[150.67339,-23.24479],[150.66919,-23.26279],[150.67379,-23.285],[150.67836,-23.2896],[150.68693,-23.31126],[150.69524,-23.31428],[150.69904,-23.32055],[150.71175,-23.328],[150.71511,-23.34634],[150.71131,-23.36461],[150.7144,-23.37691],[150.70483,-23.38541],[150.70441,-23.40068],[150.7136,-23.40522],[150.72179,-23.41984],[150.73745,-23.42473],[150.7389,-23.42941],[150.75036,-23.42765],[150.75495,-23.4383],[150.75128,-23.45427],[150.75311,-23.47108],[150.76587,-23.46818],[150.76699,-23.47703],[150.77481,-23.48949],[150.78519,-23.49151],[150.7944,-23.50212],[150.84886,-23.50753],[150.86226,-23.49981],[150.86626,-23.48502],[150.87303,-23.48013],[150.84305,-23.45252],[150.80695,-23.39909],[150.79563,-23.35687],[150.79224,-23.35918],[150.79236,-23.35517],[150.79704,-23.35578],[150.79242,-23.34055],[150.79398,-23.33641],[150.79938,-23.33864],[150.79456,-23.33191],[150.79315,-23.3216],[150.7815,-23.32344],[150.76975,-23.31666],[150.77038,-23.30566],[150.77395,-23.30438],[150.78607,-23.30958],[150.7935,-23.30708],[150.80913,-23.28737],[150.81377,-23.28754],[150.81993,-23.2795],[150.82492,-23.27892],[150.8308,-23.25381],[150.8248,-23.25086],[150.8244,-23.24251],[150.82781,-23.23552],[150.82106,-23.23532],[150.81941,-23.22159],[150.8107,-23.22721],[150.79987,-23.22663],[150.80228,-23.22638],[150.79189,-23.21275],[150.78951,-23.20598],[150.79361,-23.20064],[150.79306,-23.18807],[150.80025,-23.18199],[150.79274,-23.17506],[150.79402,-23.16153],[150.78287,-23.16647],[150.77457,-23.16478],[150.76421,-23.1434],[150.7511,-23.1368],[150.75177,-23.1092],[150.77202,-23.057],[150.77217,-23.01908],[150.77817,-22.9644],[150.77243,-22.95738],[150.77274,-22.97451],[150.76888,-22.97743],[150.77083,-22.98358],[150.76575,-22.98985],[150.76579,-22.99493],[150.76331,-22.99505],[150.76106,-22.99005],[150.76424,-22.98235],[150.75839,-22.97089],[150.76239,-22.96672],[150.76631,-22.95199],[150.77243,-22.94612],[150.77297,-22.93919],[150.7717,-22.94459],[150.76705,-22.94306],[150.76593,-22.94711],[150.75037,-22.94902],[150.74715,-22.94679],[150.74793,-22.9396],[150.73873,-22.93527],[150.73415,-22.92666],[150.77698,-22.91861],[150.7862,-22.92388],[150.78557,-22.93693],[150.79102,-22.94377],[150.79364,-22.94414],[150.79291,-22.93557],[150.79979,-22.93334],[150.79209,-22.92456],[150.78874,-22.9256],[150.78639,-22.91928],[150.78784,-22.87688],[150.79715,-22.82533],[150.80261,-22.8163],[150.81053,-22.81793],[150.80646,-22.80563],[150.80943,-22.79912],[150.80568,-22.79213],[150.808,-22.77152],[150.8129,-22.7503],[150.81777,-22.74479],[150.81836,-22.73385],[150.82494,-22.7308],[150.82091,-22.72392],[150.82396,-22.71963],[150.82298,-22.71122],[150.83057,-22.70357],[150.82639,-22.69832],[150.82727,-22.69047],[150.83052,-22.68488],[150.83479,-22.68391],[150.81732,-22.68118],[150.81662,-22.67711],[150.81261,-22.67998],[150.80434,-22.6719],[150.80385,-22.64708],[150.79349,-22.6458],[150.78723,-22.64983],[150.77857,-22.64121],[150.77506,-22.61938],[150.77852,-22.58145],[150.7858,-22.56086],[150.78482,-22.55597],[150.79027,-22.55506],[150.77982,-22.54501],[150.78227,-22.54439],[150.78008,-22.53949],[150.7888,-22.53717],[150.78349,-22.52951],[150.77761,-22.52607],[150.77271,-22.52953],[150.76927,-22.52184],[150.76459,-22.52709],[150.75438,-22.52402],[150.75588,-22.52854],[150.75293,-22.53066],[150.75804,-22.5349],[150.75598,-22.53954],[150.75827,-22.54303],[150.77307,-22.5467],[150.77052,-22.54949],[150.7741,-22.55235],[150.76866,-22.54952],[150.76367,-22.55091],[150.75868,-22.57083],[150.74452,-22.58434],[150.74072,-22.59615],[150.7432,-22.61526],[150.73807,-22.62387],[150.73189,-22.62351],[150.73064,-22.61643],[150.7269,-22.61345],[150.72728,-22.61817],[150.71999,-22.6042],[150.71918,-22.59725],[150.72557,-22.5759],[150.72043,-22.55604],[150.70784,-22.55202],[150.69165,-22.55379],[150.69147,-22.5585],[150.68138,-22.56865],[150.6855,-22.57283],[150.6789,-22.57365],[150.67641,-22.56581],[150.68401,-22.55501],[150.68364,-22.54815],[150.68897,-22.54411],[150.67558,-22.53544],[150.67284,-22.528],[150.66661,-22.52369],[150.66913,-22.51999],[150.66441,-22.51026],[150.67448,-22.50705],[150.67385,-22.50229],[150.66719,-22.49954],[150.65721,-22.48784],[150.6644,-22.48556],[150.67407,-22.49438],[150.67848,-22.48615],[150.68333,-22.48561],[150.68479,-22.49096],[150.70139,-22.49842],[150.6967,-22.50603],[150.70967,-22.50844],[150.7081,-22.51193],[150.70239,-22.51088],[150.72286,-22.51545],[150.72252,-22.51821],[150.71617,-22.51687],[150.72412,-22.5192],[150.73172,-22.48366],[150.74111,-22.47274],[150.7453,-22.47296],[150.74745,-22.47733],[150.75182,-22.4737],[150.75484,-22.47478],[150.7535,-22.47086],[150.75707,-22.47004],[150.75566,-22.46363],[150.75099,-22.45988],[150.75603,-22.45903],[150.74675,-22.45256],[150.75003,-22.45136],[150.74985,-22.44778],[150.75467,-22.44915],[150.75141,-22.44509],[150.7422,-22.44524],[150.7379,-22.44079],[150.73776,-22.44593],[150.73447,-22.44746],[150.71659,-22.44352],[150.70319,-22.43927],[150.69336,-22.431],[150.68428,-22.39517],[150.68634,-22.37683],[150.67839,-22.37456],[150.68077,-22.36462],[150.6762,-22.3561],[150.66954,-22.35677],[150.66797,-22.34607],[150.65967,-22.35159],[150.66147,-22.36239],[150.65036,-22.36884],[150.66994,-22.39919],[150.66953,-22.40285],[150.66454,-22.40577],[150.66173,-22.41998],[150.66011,-22.43291],[150.66306,-22.43853],[150.65976,-22.43702],[150.66728,-22.4471],[150.66405,-22.44835],[150.66706,-22.45386],[150.66033,-22.44802],[150.65732,-22.45042],[150.65415,-22.43813],[150.64939,-22.44012],[150.65618,-22.42169],[150.64456,-22.42911],[150.63788,-22.42798],[150.64664,-22.42328],[150.63899,-22.42464],[150.64147,-22.41953],[150.65453,-22.41918],[150.65778,-22.41294],[150.64646,-22.39322],[150.64001,-22.39095]]],"type":"Polygon"},"properties":{"area_sqkm":1840.4,"basin_no":"129","division":"North East Coast","division_no":"I","id":"waterpark","name":"Waterpark"},"type":"Feature"},
{"geometry":{"coordinates":[[[142.39999,-12.95305],[142.3931,-12.95141],[142.3681,-12.95562],[142.34403,-12.96742],[142.33942,-12.96298],[142.33895,-12.94335],[142.33142,-12.9388],[142.313,-12.95142],[142.30232,-12.96832],[142.29357,-12.97495],[142.25794,-12.98809],[142.22709,-12.993],[142.21822,-13.00095],[142.18656,-12.99487],[142.17645,-12.98985],[142.14146,-12.98634],[142.12464,-12.99049],[142.11062,-12.98015],[142.10577,-12.96981],[142.10031,-12.96808],[142.08527,-12.97694],[142.07709,-12.99119],[142.06822,-12.99914],[142.05945,-12.99773],[142.05395,-13.00247],[142.03715,-13.00424],[142.03609,-13.01018],[142.04157,-13.01405],[142.04186,-13.01928],[142.02562,-13.02652],[142.00584,-13.048],[141.99432,-13.05745],[141.9847,-13.0608],[141.97506,-13.05433],[141.96482,-13.05691],[141.95894,-13.04874],[141.94224,-13.04921],[141.92683,-13.03409],[141.90871,-13.03268],[141.90218,-13.03491],[141.89848,-13.02891],[141.89718,-13.0115],[141.89083,-13.00333],[141.86636,-13.00398],[141.85183,-13.00886],[141.8506,-13.00209],[141.85602,-12.98694],[141.8552,-12.97114],[141.8483,-12.96295],[141.84923,-12.94633],[141.83864,-12.94124],[141.8301,-12.93006],[141.81991,-12.92339],[141.80318,-12.93053],[141.78153,-12.90874],[141.74899,-12.91721],[141.73328,-12.90482],[141.69861,-12.90929],[141.69141,-12.90581],[141.67979,-12.88997],[141.67029,-12.89453],[141.66378,-12.90719],[141.65193,-12.91785],[141.6406,-12.91848],[141.63554,-12.9097],[141.60732,-12.95003],[141.60019,-12.95194],[141.59229,-12.97892],[141.58205,-12.99837],[141.5874,-13.00267],[141.58939,-13.01878],[141.59691,-13.01675],[141.6071,-13.02335],[141.61804,-13.04095],[141.61934,-13.07361],[141.61414,-13.09218],[141.62221,-13.11169],[141.62347,-13.1329],[141.63005,-13.1465],[141.62975,-13.15969],[141.64389,-13.16725],[141.65765,-13.2047],[141.6638,-13.20577],[141.67037,-13.21384],[141.67828,-13.2156],[141.69287,-13.24264],[141.69666,-13.26742],[141.69051,-13.28979],[141.68219,-13.30457],[141.65408,-13.3392],[141.67261,-13.34691],[141.68283,-13.33722],[141.70258,-13.326],[141.70438,-13.31584],[141.71072,-13.30888],[141.717,-13.30892],[141.73026,-13.30064],[141.73957,-13.30082],[141.73422,-13.30903],[141.73987,-13.30999],[141.73819,-13.32204],[141.72087,-13.3318],[141.69075,-13.33699],[141.68297,-13.34482],[141.6848,-13.34791],[141.70432,-13.34937],[141.70316,-13.35166],[141.71443,-13.36215],[141.73331,-13.37511],[141.73254,-13.3781],[141.73731,-13.38297],[141.73743,-13.38642],[141.73489,-13.38656],[141.72319,-13.38236],[141.72315,-13.38599],[141.73087,-13.3921],[141.73125,-13.4018],[141.71972,-13.41901],[141.71902,-13.4343],[141.73314,-13.48464],[141.74135,-13.49944],[141.75859,-13.5193],[141.76934,-13.53952],[141.78656,-13.55259],[141.8159,-13.55833],[141.84051,-13.60081],[141.86181,-13.60785],[141.87187,-13.62169],[141.88595,-13.63128],[141.8966,-13.62938],[141.91316,-13.63619],[141.9347,-13.63092],[141.94274,-13.63453],[141.95351,-13.64956],[141.95883,-13.65109],[141.97138,-13.64725],[141.98487,-13.63796],[141.99883,-13.61501],[142.02462,-13.59671],[142.04346,-13.56061],[142.06508,-13.5367],[142.06932,-13.5261],[142.07073,-13.50549],[142.09382,-13.46246],[142.09567,-13.4523],[142.1096,-13.44738],[142.10925,-13.43617],[142.1167,-13.42502],[142.11735,-13.40401],[142.12868,-13.38987],[142.14481,-13.38194],[142.15667,-13.3695],[142.16747,-13.34156],[142.16225,-13.33452],[142.16987,-13.33041],[142.16947,-13.32359],[142.17592,-13.32378],[142.18414,-13.31369],[142.20996,-13.30612],[142.22211,-13.29855],[142.23531,-13.29995],[142.24652,-13.29526],[142.26747,-13.30277],[142.28826,-13.30321],[142.2957,-13.31422],[142.29928,-13.31457],[142.32376,-13.30036],[142.32839,-13.28874],[142.32593,-13.27665],[142.3357,-13.26985],[142.34318,-13.26914],[142.34899,-13.26022],[142.37276,-13.25893],[142.41308,-13.23011],[142.42523,-13.2351],[142.45058,-13.23457],[142.46455,-13.22929],[142.4686,-13.21902],[142.47412,-13.21309],[142.48039,-13.21227],[142.49513,-13.18956],[142.51893,-13.17496],[142.52076,-13.1667],[142.52901,-13.1622],[142.52845,-13.15736],[142.53329,-13.15151],[142.53056,-13.14183],[142.53806,-13.13397],[142.54188,-13.11074],[142.55425,-13.09995],[142.56358,-13.10036],[142.57173,-13.09385],[142.58036,-13.07514],[142.57513,-13.06253],[142.53572,-13.04141],[142.52446,-13.0393],[142.52152,-13.0305],[142.5112,-13.022],[142.49706,-13.02822],[142.48656,-13.02224],[142.47675,-13.02218],[142.47235,-13.01343],[142.46584,-13.01115],[142.45539,-12.99823],[142.42797,-12.97548],[142.42488,-12.96496],[142.41641,-12.95381],[142.39999,-12.95305]]],"type":"Polygon"},"properties":{"area_sqkm":4696.95,"basin_no":"923","division":"Gulf","division_no":"IX","id":"watson","name":"Watson"},"type":"Feature"},
{"geometry":{"coordinates":[[[141.86933,-12.00578],[141.86518,-12.02449],[141.87231,-12.0415],[141.85161,-12.09792],[141.85242,-12.1317],[141.84676,-12.18364],[141.85606,-12.20089],[141.87161,-12.21989],[141.87675,-12.25532],[141.89967,-12.29239],[141.89909,-12.31092],[141.90804,-12.32782],[141.89938,-12.35214],[141.90634,-12.36921],[141.95183,-12.41295],[141.97749,-12.43014],[141.9941,-12.43025],[141.99866,-12.43458],[142.00788,-12.43507],[142.024,-12.42066],[142.05189,-12.41824],[142.07225,-12.41983],[142.07826,-12.42489],[142.09626,-12.4276],[142.11556,-12.43849],[142.12116,-12.43618],[142.1271,-12.44219],[142.15452,-12.4396],[142.16029,-12.44502],[142.15046,-12.46161],[142.14946,-12.46979],[142.19065,-12.47603],[142.20925,-12.48544],[142.21772,-12.49409],[142.25338,-12.49957],[142.2728,-12.49404],[142.28399,-12.50088],[142.31004,-12.50626],[142.32534,-12.51905],[142.33007,-12.51873],[142.33101,-12.54054],[142.32499,-12.55649],[142.33673,-12.56846],[142.34684,-12.6083],[142.34427,-12.63459],[142.35332,-12.65258],[142.34707,-12.66963],[142.35396,-12.68132],[142.35402,-12.69072],[142.36249,-12.70795],[142.36232,-12.71642],[142.36699,-12.72092],[142.36781,-12.74019],[142.38656,-12.75924],[142.38889,-12.78149],[142.39655,-12.80059],[142.39631,-12.83336],[142.4018,-12.85211],[142.40098,-12.86479],[142.41138,-12.89627],[142.40998,-12.93132],[142.40186,-12.94265],[142.40147,-12.95358],[142.41641,-12.95381],[142.42488,-12.96496],[142.42797,-12.97548],[142.45539,-12.99823],[142.46584,-13.01115],[142.47235,-13.01343],[142.47617,-13.02177],[142.48656,-13.02224],[142.49706,-13.02822],[142.5112,-13.022],[142.52152,-13.0305],[142.52446,-13.0393],[142.53572,-13.04141],[142.57513,-13.06253],[142.58053,-13.07514],[142.60194,-13.07221],[142.61045,-13.06182],[142.64042,-13.0498],[142.66615,-13.05228],[142.68291,-13.06372],[142.71151,-13.07238],[142.7277,-13.07344],[142.7406,-13.07743],[142.74741,-13.08323],[142.77087,-13.07807],[142.79539,-13.09403],[142.8158,-13.09332],[142.8241,-13.10275],[142.82355,-13.12541],[142.83393,-13.13347],[142.83657,-13.13204],[142.83862,-13.13661],[142.83774,-13.14834],[142.84232,-13.15063],[142.83747,-13.16229],[142.84249,-13.16553],[142.83885,-13.17057],[142.8432,-13.17345],[142.85106,-13.19063],[142.85499,-13.21292],[142.85966,-13.21863],[142.86484,-13.21539],[142.87047,-13.21767],[142.88343,-13.23398],[142.89276,-13.23574],[142.91012,-13.23076],[142.91784,-13.23707],[142.92092,-13.23486],[142.95318,-13.26542],[142.95904,-13.26548],[142.96995,-13.2575],[142.97969,-13.25762],[142.99242,-13.24677],[143.00135,-13.24834],[143.00873,-13.2459],[143.01474,-13.23894],[143.01712,-13.22846],[143.02254,-13.22435],[143.03213,-13.23084],[143.03752,-13.24165],[143.04576,-13.24233],[143.04743,-13.24876],[143.05969,-13.24161],[143.06946,-13.24013],[143.07958,-13.24155],[143.08382,-13.24562],[143.09184,-13.24423],[143.11523,-13.22015],[143.12893,-13.19625],[143.13387,-13.20434],[143.14757,-13.20697],[143.15209,-13.21619],[143.14976,-13.21845],[143.15544,-13.22526],[143.16364,-13.22012],[143.16924,-13.22417],[143.17769,-13.22435],[143.18436,-13.22066],[143.18936,-13.22399],[143.20365,-13.22471],[143.22216,-13.19643],[143.22419,-13.18815],[143.23616,-13.17964],[143.25491,-13.17267],[143.26551,-13.17547],[143.26413,-13.18863],[143.27247,-13.18875],[143.27795,-13.18488],[143.2864,-13.18696],[143.29379,-13.17356],[143.30435,-13.1657],[143.31004,-13.16701],[143.31968,-13.15799],[143.32868,-13.13868],[143.32397,-13.12701],[143.29569,-13.13713],[143.2942,-13.12808],[143.297,-13.12302],[143.29022,-13.12066],[143.28861,-13.11182],[143.27783,-13.11254],[143.27462,-13.10772],[143.27961,-13.09421],[143.27777,-13.07997],[143.28248,-13.07051],[143.27831,-13.07015],[143.25295,-13.05021],[143.24562,-13.05991],[143.24038,-13.06068],[143.22318,-13.05538],[143.21496,-13.04806],[143.20912,-13.04872],[143.19567,-13.03496],[143.18734,-13.03485],[143.18186,-13.03062],[143.17674,-13.03437],[143.15813,-13.03176],[143.14441,-13.02734],[143.13911,-13.02824],[143.13637,-13.03586],[143.13006,-13.03372],[143.11947,-13.04074],[143.11732,-13.0361],[143.10589,-13.04806],[143.09553,-13.04342],[143.09077,-13.04479],[143.08962,-13.03963],[143.07624,-13.03937],[143.06344,-13.03193],[143.05971,-13.02078],[143.05523,-13.0205],[143.05493,-13.01562],[143.05177,-13.01639],[143.05124,-13.00877],[143.04636,-13.00383],[143.03903,-13.00849],[143.03634,-13.00684],[143.02927,-12.99162],[143.02222,-12.98711],[143.01833,-12.97492],[142.98896,-12.9761],[142.97553,-12.98653],[142.9594,-12.98411],[142.96063,-12.97469],[142.95357,-12.96009],[142.9584,-12.95137],[142.95786,-12.94618],[142.9518,-12.94607],[142.95251,-12.93194],[142.94958,-12.92727],[142.96146,-12.89796],[142.9488,-12.88954],[142.94668,-12.87959],[142.93466,-12.87718],[142.93443,-12.87135],[142.91871,-12.86139],[142.92083,-12.85079],[142.91665,-12.83743],[142.89963,-12.81782],[142.90528,-12.8124],[142.90481,-12.80769],[142.90122,-12.80233],[142.89015,-12.79827],[142.89816,-12.78526],[142.91005,-12.78761],[142.92636,-12.78225],[142.92836,-12.77354],[142.92318,-12.76317],[142.92295,-12.74739],[142.93142,-12.72525],[142.92141,-12.7057],[142.92295,-12.69781],[142.92571,-12.69363],[142.94261,-12.69286],[142.94421,-12.68782],[142.95698,-12.67791],[142.95881,-12.66949],[142.96623,-12.66695],[142.98607,-12.63469],[142.96352,-12.61696],[142.95027,-12.61843],[142.9422,-12.60942],[142.93302,-12.60607],[142.91924,-12.58793],[142.9147,-12.57639],[142.90893,-12.55778],[142.91087,-12.54029],[142.89727,-12.53382],[142.88973,-12.52363],[142.88738,-12.51079],[142.89156,-12.50685],[142.89422,-12.49357],[142.9007,-12.48714],[142.88621,-12.47995],[142.88247,-12.47025],[142.89889,-12.46339],[142.90326,-12.45545],[142.91965,-12.45647],[142.92857,-12.44059],[142.9181,-12.42974],[142.89615,-12.41982],[142.88808,-12.40615],[142.87347,-12.41351],[142.85354,-12.41605],[142.83518,-12.42403],[142.82958,-12.43104],[142.81614,-12.42601],[142.80141,-12.42882],[142.7802,-12.41678],[142.77202,-12.39399],[142.75297,-12.38516],[142.75168,-12.3719],[142.73952,-12.3553],[142.73801,-12.34256],[142.71743,-12.32386],[142.71381,-12.3124],[142.71632,-12.30574],[142.70668,-12.29113],[142.70785,-12.27933],[142.70399,-12.27126],[142.70735,-12.25974],[142.69575,-12.26162],[142.68827,-12.25256],[142.6878,-12.24555],[142.68073,-12.23947],[142.67536,-12.21025],[142.66653,-12.19874],[142.65882,-12.19342],[142.65313,-12.19638],[142.64759,-12.19413],[142.63883,-12.20832],[142.6206,-12.20867],[142.6054,-12.22655],[142.54603,-12.21709],[142.50068,-12.22346],[142.49347,-12.21322],[142.48665,-12.21657],[142.47923,-12.20975],[142.47123,-12.21128],[142.45016,-12.26777],[142.45416,-12.30343],[142.43663,-12.31544],[142.42309,-12.29472],[142.40921,-12.28301],[142.37325,-12.28648],[142.3526,-12.30196],[142.34012,-12.30673],[142.3257,-12.30343],[142.30517,-12.27189],[142.28657,-12.27001],[142.24397,-12.27789],[142.20348,-12.26412],[142.16976,-12.25912],[142.1647,-12.25459],[142.15734,-12.23699],[142.14122,-12.22546],[142.12616,-12.23017],[142.09956,-12.22022],[142.06072,-12.23829],[142.04777,-12.23917],[142.0393,-12.23605],[142.03224,-12.22858],[142.02553,-12.20975],[142.01052,-12.19162],[142.00652,-12.15844],[141.99094,-12.14575],[141.98258,-12.13341],[141.97679,-12.09909],[141.97954,-12.0715],[141.97779,-12.06682],[141.96498,-12.05711],[141.96085,-12.04328],[141.95687,-12.04408],[141.93377,-12.07047],[141.9294,-12.0854],[141.93227,-12.11913],[141.93584,-12.12904],[141.94881,-12.14691],[141.94561,-12.14681],[141.92756,-12.12647],[141.91601,-12.07102],[141.91779,-12.04155],[141.9088,-12.02471],[141.90911,-12.01874],[141.90476,-12.01897],[141.89979,-12.01416],[141.88657,-11.98745],[141.8906,-11.97165],[141.90824,-11.95439],[141.88259,-11.95297],[141.86933,-12.00578]]],"type":"Polygon"},"properties":{"area_sqkm":7554.3,"basin_no":"925","division":"Gulf","division_no":"IX","id":"wenlock","name":"Wenlock"},"type":"Feature"},
{"geometry":{"coordinates":[[[148.95755,-20.23471],[148.95456,-20.23842],[148.95633,-20.24176],[148.96518,-20.24058],[148.96607,-20.24432],[148.96205,-20.24468],[148.9586,-20.24965],[148.9533,-20.24884],[148.94268,-20.26793],[148.93621,-20.2693],[148.9358,-20.26367],[148.93098,-20.27261],[148.92828,-20.27264],[148.92677,-20.28117],[148.91255,-20.28225],[148.9123,-20.29103],[148.92855,-20.28581],[148.92317,-20.29605],[148.93141,-20.29396],[148.93078,-20.3028],[148.93698,-20.30696],[148.93844,-20.30049],[148.94209,-20.30197],[148.94717,-20.29492],[148.95289,-20.29388],[148.95522,-20.28739],[148.9592,-20.28769],[148.95691,-20.29715],[148.95024,-20.30172],[148.9497,-20.30557],[148.95227,-20.30782],[148.95587,-20.30165],[148.96228,-20.30402],[148.95916,-20.31679],[148.96281,-20.32873],[148.9868,-20.32206],[148.98675,-20.31843],[148.97944,-20.31759],[148.97824,-20.31322],[148.98512,-20.31249],[148.98501,-20.30398],[148.98993,-20.30116],[148.99604,-20.30868],[148.99969,-20.30555],[149.00068,-20.31199],[149.00618,-20.30602],[149.01158,-20.31414],[149.02368,-20.32142],[149.02197,-20.3183],[149.02699,-20.31558],[149.02662,-20.30909],[149.03225,-20.30506],[149.0335,-20.30012],[149.03672,-20.30051],[149.03575,-20.3092],[149.04324,-20.3019],[149.04644,-20.30978],[149.05471,-20.29679],[149.05757,-20.29946],[149.06227,-20.29827],[149.06381,-20.2938],[149.05185,-20.29248],[149.04203,-20.2849],[149.02607,-20.25468],[149.02357,-20.2643],[149.01816,-20.26518],[149.01936,-20.25877],[149.01637,-20.25452],[149.0263,-20.24119],[149.02658,-20.235],[149.02234,-20.23614],[149.01472,-20.25091],[149.00891,-20.25401],[149.00335,-20.25538],[149.01161,-20.2322],[149.00386,-20.2364],[148.99134,-20.25107],[148.99646,-20.22809],[148.99043,-20.22778],[148.98916,-20.22384],[148.99286,-20.21561],[148.99733,-20.21589],[148.99701,-20.20386],[148.98288,-20.20305],[148.97648,-20.20566],[148.97676,-20.19542],[148.98426,-20.1859],[148.97961,-20.18569],[148.98095,-20.1828],[148.97328,-20.17492],[148.97894,-20.169],[148.97905,-20.16347],[148.96235,-20.15504],[148.95579,-20.15842],[148.96052,-20.18758],[148.95352,-20.2011],[148.95611,-20.20703],[148.95312,-20.20685],[148.95309,-20.21709],[148.94868,-20.21887],[148.95066,-20.22118],[148.94603,-20.22714],[148.9398,-20.22509],[148.93786,-20.24002],[148.94319,-20.24343],[148.95305,-20.22798],[148.95979,-20.22964],[148.95755,-20.23471]]],"type":"Polygon"},"properties":{"area_sqkm":108.09,"basin_no":"123","division":"North East Coast","division_no":"I","id":"whitsunday_island","name":"Whitsunday Island"},"type":"Feature"}
]
}
