{"type":"FeatureCollection","crs":{"type":"name","properties":{"name":"EPSG:4326"}},"features":[{"type":"Feature","geometry":{"type":"Polygon","coordinates":[[[135.102,-15.804],[135.483,-16.048],[135.818,-16.332],[136.212,-16.632],[136.442,-16.741],[136.818,-16.85],[137.076,-16.975],[137.185,-17.046],[137.515,-17.323],[137.7,-17.445],[137.904,-17.541],[138.363,-17.703],[138.737,-18.045],[138.901,-18.153],[139.237,-18.335],[139.633,-18.515],[139.954,-18.598],[140.146,-18.61],[140.334,-18.6],[140.682,-18.531],[140.944,-18.435],[141.167,-18.318],[141.365,-18.18],[141.53,-18.023],[141.63,-17.894],[141.718,-17.744],[141.876,-17.36],[142.049,-17.048],[142.158,-16.806],[142.276,-16.418],[142.368,-15.846],[142.494,-15.442],[142.547,-15.21],[142.555,-14.933],[142.494,-14.499],[142.492,-13.954],[142.513,-13.823],[142.621,-13.52],[142.656,-13.904],[142.729,-14.199],[142.903,-14.674],[142.993,-14.837],[143.089,-14.966],[143.281,-15.144],[143.523,-15.278],[143.654,-15.321],[143.813,-15.349],[144.198,-15.357],[144.272,-15.382],[144.319,-15.436],[144.476,-16.114],[144.517,-16.525],[144.561,-16.723],[144.612,-16.857],[144.705,-17.025],[145.02,-17.424],[145.106,-17.583],[145.138,-17.75],[145.099,-18.19],[145.136,-18.446],[145.195,-18.615],[145.331,-18.899],[145.448,-19.239],[145.598,-19.496],[145.786,-19.698],[146.002,-19.859],[146.198,-19.966],[146.703,-20.187],[147.129,-20.523],[147.27,-20.597],[147.571,-20.717],[147.725,-20.825],[147.794,-20.915],[147.982,-21.241],[148.276,-21.582],[148.381,-21.746],[148.472,-21.941],[148.661,-22.511],[148.749,-22.681],[148.855,-22.828],[149.007,-22.978],[149.196,-23.104],[149.389,-23.185],[149.696,-23.267],[149.765,-23.306],[149.815,-23.401],[149.934,-23.824],[149.999,-23.953],[150.085,-24.071],[150.195,-24.184],[150.427,-24.374],[150.792,-24.709],[151.129,-24.922],[151.223,-25],[149.707,-25],[150.102,-25.362],[150.471,-25.627],[150.591,-25.73],[150.81,-25.964],[150.999,-26.261],[151.066,-26.433],[151.09,-26.577],[151.057,-27.181],[151.095,-27.557],[151.137,-27.731],[151.209,-27.936],[151.443,-28.405],[151.466,-28.515],[151.459,-28.611],[151.362,-28.97],[151.264,-29.425],[150.997,-30.193],[150.953,-30.423],[150.912,-30.819],[150.876,-30.931],[150.657,-31.264],[150.256,-31.658],[149.793,-32.197],[149.486,-32.513],[149.318,-32.744],[149.195,-32.989],[149.064,-33.402],[148.886,-33.784],[148.727,-34.21],[148.276,-34.906],[148.149,-35.145],[148.032,-35.472],[147.933,-35.885],[147.869,-36.002],[147.754,-36.061],[147.249,-36.185],[146.854,-36.319],[146.512,-36.476],[146.081,-36.729],[145.952,-36.777],[145.8,-36.76],[145.247,-36.576],[144.775,-36.499],[144.44,-36.49],[144.111,-36.516],[143.855,-36.561],[143.418,-36.68],[143.295,-36.697],[142.35,-36.53],[142.162,-36.483],[142.105,-36.45],[142.06,-36.39],[141.867,-35.844],[141.756,-35.62],[141.604,-35.369],[141.433,-35.135],[141.242,-34.915],[140.694,-34.401],[140.449,-33.948],[140.196,-33.572],[140.147,-33.417],[140.15,-33.053],[140.112,-32.754],[140.04,-32.509],[139.859,-32.058],[139.706,-31.764],[139.525,-31.497],[139.287,-31.247],[139.046,-31.066],[138.854,-30.977],[138.772,-30.965],[138.643,-30.975],[136.278,-31.49],[136.027,-31.515],[135.903,-31.457],[135.557,-31.16],[134.982,-30.743],[134.735,-30.594],[134.521,-30.495],[134.111,-30.374],[133.603,-30.305],[132.828,-30.146],[132.073,-29.844],[131.79,-29.765],[131.455,-29.709],[130.993,-29.702],[130.483,-29.77],[129.705,-29.8],[128.855,-29.88],[128.545,-29.933],[128.246,-30.011],[127.983,-30.104],[127.475,-30.318],[126.925,-30.465],[126.758,-30.483],[126.327,-30.455],[126.047,-30.456],[125.766,-30.484],[125.457,-30.544],[125.044,-30.676],[124.084,-31.129],[123.522,-31.318],[123.235,-31.441],[122.897,-31.643],[122.464,-32.012],[122.358,-32.069],[122.212,-32.081],[121.515,-32.032],[121.168,-32.034],[119.817,-32.153],[119.543,-32.19],[119.206,-32.268],[118.947,-32.356],[118.585,-32.529],[118.138,-32.804],[117.964,-32.869],[117.92,-32.874],[117.881,-32.859],[117.859,-32.766],[117.871,-32.057],[117.841,-31.68],[117.752,-31.3],[117.592,-30.918],[117.213,-30.26],[117.088,-30],[116.024,-30],[115.99,-29.366],[115.904,-29.015],[115.8,-28.78],[115.608,-28.463],[115.45,-28.146],[115.186,-27.738],[114.991,-27.038],[114.995,-26.919],[115.133,-26.622],[115.203,-26.378],[115.232,-26.149],[115.228,-25.875],[115.199,-25.719],[115.135,-25.54],[114.8,-25],[115.369,-25],[115.061,-24.466],[115.012,-24.311],[115.012,-24.217],[115.26,-23.569],[115.557,-23.229],[115.802,-22.888],[116.345,-22.599],[116.834,-22.192],[116.969,-22.11],[117.082,-22.091],[117.403,-22.102],[117.603,-22.089],[118.126,-21.972],[118.374,-21.881],[118.734,-21.702],[119.2,-21.572],[119.608,-21.415],[120.602,-21.203],[121.024,-21.077],[121.595,-20.842],[121.982,-20.612],[122.307,-20.338],[122.591,-20],[121.985,-20],[122.237,-19.686],[122.528,-19.181],[122.63,-19.075],[122.905,-18.845],[123.053,-18.685],[123.145,-18.544],[123.288,-18.269],[123.363,-18.226],[123.72,-18.187],[123.901,-18.138],[124.287,-17.958],[124.484,-17.822],[124.602,-17.694],[124.68,-17.571],[124.838,-17.162],[125.305,-16.673],[125.559,-16.262],[125.849,-15.963],[126.095,-15.737],[126.348,-15.42],[126.77,-15.079],[126.898,-15.027],[127.019,-15.003],[127.081,-15.012],[127.154,-15.055],[127.402,-15.27],[127.469,-15.346],[127.574,-15.497],[127.692,-15.72],[127.776,-15.827],[127.895,-15.93],[128.015,-15.977],[128.171,-15.984],[128.308,-15.948],[128.426,-15.875],[128.535,-15.754],[128.597,-15.728],[129.372,-15.856],[129.572,-15.87],[129.843,-15.829],[129.988,-15.775],[130.11,-15.709],[130.261,-15.596],[130.443,-15.415],[130.547,-15.269],[130.624,-15.107],[130.656,-14.997],[130.676,-14.84],[130.631,-14.314],[130.667,-14.194],[130.912,-13.909],[131.091,-13.608],[131.157,-13.524],[131.655,-13.205],[131.808,-13.175],[132.232,-13.15],[132.643,-13.059],[132.913,-12.939],[133.245,-12.724],[133.371,-12.697],[133.563,-12.732],[133.811,-12.854],[133.999,-12.918],[134.521,-12.979],[134.917,-13.15],[134.96,-13.194],[134.978,-13.277],[134.936,-13.783],[134.888,-13.888],[134.665,-14.227],[134.567,-14.415],[134.507,-14.618],[134.492,-14.865],[134.552,-15.155],[134.666,-15.388],[134.855,-15.616],[135.102,-15.804]]]},"properties":{"region":"A0","area":"Interior"}},{"type":"Feature","geometry":{"type":"MultiPolygon","coordinates":[[[[117.869,-35.185],[117.872,-35.192],[117.868,-35.189],[117.869,-35.185]]],[[[117.895,-35.185],[117.873,-35.182],[117.894,-35.179],[117.895,-35.185]]],[[[117.607,-35.128],[117.608,-35.129],[117.606,-35.129],[117.607,-35.128]]],[[[117.944,-35.127],[117.944,-35.126],[117.944,-35.125],[117.944,-35.127]]],[[[117.924,-35.122],[117.924,-35.122],[117.923,-35.122],[117.924,-35.122]]],[[[117.927,-35.121],[117.927,-35.121],[117.927,-35.121],[117.927,-35.121]]],[[[117.865,-35.118],[117.862,-35.117],[117.866,-35.116],[117.865,-35.118]]],[[[117.858,-35.115],[117.861,-35.116],[117.859,-35.117],[117.858,-35.115]]],[[[118.018,-35.11],[118.017,-35.11],[118.018,-35.11],[118.018,-35.11]]],[[[118.018,-35.11],[118.017,-35.11],[118.018,-35.11],[118.018,-35.11]]],[[[117.788,-35.109],[117.786,-35.106],[117.789,-35.107],[117.788,-35.109]]],[[[117.959,-35.094],[117.959,-35.094],[117.959,-35.094],[117.959,-35.094]]],[[[117.976,-35.075],[117.973,-35.076],[117.975,-35.075],[117.976,-35.075]]],[[[117.65,-35.076],[117.649,-35.075],[117.65,-35.074],[117.65,-35.076]]],[[[117.678,-35.072],[117.679,-35.073],[117.677,-35.073],[117.678,-35.072]]],[[[117.649,-35.071],[117.65,-35.073],[117.648,-35.071],[117.649,-35.071]]],[[[116.731,-35.067],[116.731,-35.069],[116.728,-35.068],[116.731,-35.067]]],[[[118.064,-35.067],[118.063,-35.067],[118.063,-35.067],[118.064,-35.067]]],[[[118.072,-35.066],[118.071,-35.066],[118.072,-35.066],[118.072,-35.066]]],[[[118.043,-35.066],[118.043,-35.066],[118.043,-35.066],[118.043,-35.066]]],[[[118.044,-35.066],[118.044,-35.065],[118.044,-35.066],[118.044,-35.066]]],[[[118.071,-35.065],[118.07,-35.066],[118.07,-35.065],[118.071,-35.065]]],[[[117.152,-35.064],[117.157,-35.067],[117.151,-35.067],[117.152,-35.064]]],[[[117.94,-35.062],[117.94,-35.062],[117.94,-35.062],[117.94,-35.062]]],[[[117.946,-35.061],[117.943,-35.064],[117.94,-35.063],[117.946,-35.061]]],[[[117.94,-35.061],[117.94,-35.061],[117.94,-35.061],[117.94,-35.061]]],[[[118.042,-35.059],[118.07,-35.065],[118.044,-35.066],[118.042,-35.059]]],[[[117.933,-35.055],[117.934,-35.055],[117.933,-35.055],[117.933,-35.055]]],[[[117.701,-35.053],[117.7,-35.053],[117.701,-35.053],[117.701,-35.053]]],[[[117.698,-35.052],[117.697,-35.052],[117.697,-35.051],[117.698,-35.052]]],[[[117.692,-35.049],[117.695,-35.053],[117.692,-35.052],[117.692,-35.049]]],[[[116.732,-35.048],[116.737,-35.054],[116.73,-35.053],[116.732,-35.048]]],[[[116.729,-35.048],[116.726,-35.049],[116.727,-35.048],[116.729,-35.048]]],[[[118.04,-35.041],[118.05,-35.046],[118.028,-35.046],[118.04,-35.041]]],[[[116.487,-35.031],[116.488,-35.033],[116.486,-35.034],[116.487,-35.031]]],[[[118.159,-35.028],[118.162,-35.029],[118.158,-35.029],[118.159,-35.028]]],[[[117.259,-35.027],[117.257,-35.029],[117.253,-35.029],[117.259,-35.027]]],[[[117.261,-35.027],[117.26,-35.026],[117.261,-35.026],[117.261,-35.027]]],[[[116.499,-35.026],[116.501,-35.035],[116.492,-35.035],[116.499,-35.026]]],[[[117.263,-35.026],[117.262,-35.025],[117.263,-35.026],[117.263,-35.026]]],[[[117.263,-35.026],[117.263,-35.025],[117.264,-35.026],[117.263,-35.026]]],[[[118.173,-35.013],[118.177,-35.017],[118.174,-35.016],[118.173,-35.013]]],[[[118.163,-35.006],[118.162,-35.002],[118.163,-35.003],[118.163,-35.006]]],[[[118.21,-34.996],[118.216,-34.999],[118.217,-35.004],[118.21,-34.996]]],[[[118.376,-34.949],[118.377,-34.947],[118.377,-34.947],[118.376,-34.949]]],[[[118.375,-34.944],[118.374,-34.943],[118.375,-34.942],[118.375,-34.944]]],[[[118.321,-34.906],[118.32,-34.905],[118.321,-34.905],[118.321,-34.906]]],[[[118.443,-34.904],[118.486,-34.921],[118.478,-34.937],[118.45,-34.925],[118.443,-34.904]]],[[[116.035,-34.866],[116.035,-34.867],[116.034,-34.867],[116.035,-34.866]]],[[[116.039,-34.865],[116.043,-34.869],[116.037,-34.867],[116.039,-34.865]]],[[[116.034,-34.861],[116.033,-34.861],[116.032,-34.861],[116.034,-34.861]]],[[[116.1,-34.853],[116.099,-34.853],[116.099,-34.852],[116.1,-34.853]]],[[[115.997,-34.848],[115.996,-34.851],[115.994,-34.849],[115.997,-34.848]]],[[[118.658,-34.704],[118.658,-34.705],[118.656,-34.705],[118.658,-34.704]]],[[[118.663,-34.699],[118.665,-34.702],[118.659,-34.703],[118.663,-34.699]]],[[[118.766,-34.591],[118.769,-34.595],[118.765,-34.594],[118.766,-34.591]]],[[[119.134,-34.503],[119.136,-34.505],[119.132,-34.505],[119.134,-34.503]]],[[[119.291,-34.503],[119.291,-34.505],[119.289,-34.504],[119.291,-34.503]]],[[[119.136,-34.503],[119.135,-34.503],[119.136,-34.502],[119.136,-34.503]]],[[[119.133,-34.5],[119.132,-34.5],[119.133,-34.499],[119.133,-34.5]]],[[[119.367,-34.48],[119.363,-34.482],[119.364,-34.48],[119.367,-34.48]]],[[[121.995,-34.47],[121.986,-34.471],[121.99,-34.467],[121.995,-34.47]]],[[[121.991,-34.458],[121.99,-34.458],[121.99,-34.455],[121.991,-34.458]]],[[[115.182,-34.425],[115.181,-34.425],[115.181,-34.425],[115.182,-34.425]]],[[[115.214,-34.422],[115.213,-34.422],[115.214,-34.422],[115.214,-34.422]]],[[[115.213,-34.422],[115.213,-34.422],[115.213,-34.422],[115.213,-34.422]]],[[[119.412,-34.422],[119.411,-34.423],[119.41,-34.421],[119.412,-34.422]]],[[[115.211,-34.421],[115.21,-34.421],[115.21,-34.421],[115.211,-34.421]]],[[[115.21,-34.419],[115.209,-34.419],[115.209,-34.419],[115.21,-34.419]]],[[[115.208,-34.418],[115.208,-34.419],[115.207,-34.418],[115.208,-34.418]]],[[[115.207,-34.418],[115.206,-34.418],[115.207,-34.417],[115.207,-34.418]]],[[[115.208,-34.418],[115.208,-34.417],[115.208,-34.417],[115.208,-34.418]]],[[[115.206,-34.413],[115.207,-34.415],[115.205,-34.413],[115.206,-34.413]]],[[[115.178,-34.412],[115.178,-34.412],[115.178,-34.411],[115.178,-34.412]]],[[[115.197,-34.409],[115.196,-34.409],[115.197,-34.408],[115.197,-34.409]]],[[[115.196,-34.402],[115.199,-34.406],[115.194,-34.404],[115.196,-34.402]]],[[[115.166,-34.396],[115.166,-34.395],[115.166,-34.395],[115.166,-34.396]]],[[[115.16,-34.394],[115.16,-34.393],[115.16,-34.393],[115.16,-34.394]]],[[[115.161,-34.394],[115.161,-34.393],[115.161,-34.393],[115.161,-34.394]]],[[[115.162,-34.389],[115.161,-34.389],[115.162,-34.388],[115.162,-34.389]]],[[[115.161,-34.388],[115.161,-34.388],[115.161,-34.388],[115.161,-34.388]]],[[[115.154,-34.383],[115.154,-34.383],[115.154,-34.383],[115.154,-34.383]]],[[[115.161,-34.383],[115.161,-34.383],[115.161,-34.383],[115.161,-34.383]]],[[[115.161,-34.383],[115.159,-34.384],[115.16,-34.383],[115.161,-34.383]]],[[[115.161,-34.383],[115.161,-34.383],[115.161,-34.383],[115.161,-34.383]]],[[[115.138,-34.383],[115.138,-34.383],[115.138,-34.383],[115.138,-34.383]]],[[[115.155,-34.383],[115.155,-34.383],[115.155,-34.383],[115.155,-34.383]]],[[[115.156,-34.383],[115.155,-34.383],[115.156,-34.383],[115.156,-34.383]]],[[[115.138,-34.383],[115.138,-34.382],[115.138,-34.382],[115.138,-34.383]]],[[[119.613,-34.378],[119.62,-34.382],[119.617,-34.382],[119.613,-34.378]]],[[[115.158,-34.377],[115.158,-34.38],[115.156,-34.381],[115.158,-34.377]]],[[[115.136,-34.377],[115.136,-34.377],[115.136,-34.377],[115.136,-34.377]]],[[[115.158,-34.377],[115.158,-34.377],[115.158,-34.376],[115.158,-34.377]]],[[[115.134,-34.377],[115.134,-34.376],[115.134,-34.376],[115.134,-34.377]]],[[[115.16,-34.376],[115.16,-34.376],[115.16,-34.376],[115.16,-34.376]]],[[[115.158,-34.376],[115.157,-34.376],[115.158,-34.376],[115.158,-34.376]]],[[[115.133,-34.376],[115.133,-34.376],[115.133,-34.376],[115.133,-34.376]]],[[[115.138,-34.375],[115.138,-34.375],[115.138,-34.375],[115.138,-34.375]]],[[[115.134,-34.373],[115.134,-34.373],[115.134,-34.373],[115.134,-34.373]]],[[[115.134,-34.372],[115.134,-34.372],[115.134,-34.371],[115.134,-34.372]]],[[[122.215,-34.373],[122.215,-34.371],[122.216,-34.372],[122.215,-34.373]]],[[[119.586,-34.371],[119.587,-34.374],[119.573,-34.376],[119.586,-34.371]]],[[[115.161,-34.37],[115.161,-34.37],[115.161,-34.37],[115.161,-34.37]]],[[[115.147,-34.369],[115.147,-34.369],[115.147,-34.369],[115.147,-34.369]]],[[[115.135,-34.369],[115.134,-34.369],[115.135,-34.369],[115.135,-34.369]]],[[[119.601,-34.368],[119.613,-34.378],[119.606,-34.378],[119.601,-34.368]]],[[[122.217,-34.366],[122.216,-34.368],[122.215,-34.366],[122.217,-34.366]]],[[[115.131,-34.361],[115.131,-34.361],[115.131,-34.36],[115.131,-34.361]]],[[[115.131,-34.361],[115.131,-34.361],[115.131,-34.36],[115.131,-34.361]]],[[[115.131,-34.36],[115.131,-34.36],[115.131,-34.36],[115.131,-34.36]]],[[[115.131,-34.36],[115.131,-34.36],[115.131,-34.36],[115.131,-34.36]]],[[[123.533,-34.36],[123.532,-34.36],[123.532,-34.359],[123.533,-34.36]]],[[[115.128,-34.358],[115.128,-34.358],[115.128,-34.358],[115.128,-34.358]]],[[[115.128,-34.356],[115.128,-34.356],[115.128,-34.356],[115.128,-34.356]]],[[[115.126,-34.356],[115.125,-34.356],[115.125,-34.356],[115.126,-34.356]]],[[[115.125,-34.356],[115.125,-34.356],[115.125,-34.356],[115.125,-34.356]]],[[[115.124,-34.354],[115.123,-34.354],[115.123,-34.354],[115.124,-34.354]]],[[[115.124,-34.354],[115.124,-34.353],[115.124,-34.353],[115.124,-34.354]]],[[[115.124,-34.353],[115.124,-34.353],[115.124,-34.353],[115.124,-34.353]]],[[[123.553,-34.365],[123.531,-34.374],[123.562,-34.337],[123.553,-34.365]]],[[[115.072,-34.335],[115.072,-34.335],[115.071,-34.335],[115.072,-34.335]]],[[[115.072,-34.334],[115.071,-34.334],[115.071,-34.334],[115.072,-34.334]]],[[[115.062,-34.334],[115.062,-34.334],[115.062,-34.333],[115.062,-34.334]]],[[[115.072,-34.332],[115.071,-34.332],[115.072,-34.332],[115.072,-34.332]]],[[[115.072,-34.33],[115.071,-34.33],[115.072,-34.33],[115.072,-34.33]]],[[[115.03,-34.31],[115.03,-34.309],[115.03,-34.309],[115.03,-34.31]]],[[[115.164,-34.308],[115.164,-34.308],[115.164,-34.307],[115.164,-34.308]]],[[[121.851,-34.308],[121.85,-34.307],[121.852,-34.307],[121.851,-34.308]]],[[[115.163,-34.307],[115.163,-34.306],[115.163,-34.307],[115.163,-34.307]]],[[[115.169,-34.29],[115.167,-34.289],[115.17,-34.287],[115.169,-34.29]]],[[[115.188,-34.278],[115.187,-34.278],[115.188,-34.278],[115.188,-34.278]]],[[[115.023,-34.276],[115.023,-34.276],[115.023,-34.276],[115.023,-34.276]]],[[[115.023,-34.276],[115.023,-34.276],[115.023,-34.275],[115.023,-34.276]]],[[[115.019,-34.276],[115.019,-34.276],[115.019,-34.275],[115.019,-34.276]]],[[[115.024,-34.275],[115.024,-34.275],[115.024,-34.274],[115.024,-34.275]]],[[[115.035,-34.273],[115.035,-34.273],[115.035,-34.273],[115.035,-34.273]]],[[[115.035,-34.272],[115.035,-34.272],[115.036,-34.272],[115.035,-34.272]]],[[[115.011,-34.272],[115.011,-34.272],[115.011,-34.272],[115.011,-34.272]]],[[[115.039,-34.272],[115.039,-34.272],[115.039,-34.271],[115.039,-34.272]]],[[[115.012,-34.271],[115.011,-34.271],[115.011,-34.271],[115.012,-34.271]]],[[[115.026,-34.271],[115.025,-34.27],[115.026,-34.27],[115.026,-34.271]]],[[[115.033,-34.269],[115.033,-34.269],[115.032,-34.269],[115.033,-34.269]]],[[[115.033,-34.268],[115.033,-34.268],[115.033,-34.268],[115.033,-34.268]]],[[[115.024,-34.265],[115.024,-34.265],[115.025,-34.265],[115.024,-34.265]]],[[[115.025,-34.265],[115.025,-34.265],[115.026,-34.264],[115.025,-34.265]]],[[[115.024,-34.264],[115.024,-34.263],[115.024,-34.263],[115.024,-34.264]]],[[[115.025,-34.263],[115.025,-34.263],[115.025,-34.263],[115.025,-34.263]]],[[[115.026,-34.262],[115.026,-34.262],[115.026,-34.262],[115.026,-34.262]]],[[[122.219,-34.263],[122.218,-34.262],[122.22,-34.261],[122.219,-34.263]]],[[[115.027,-34.26],[115.027,-34.26],[115.027,-34.26],[115.027,-34.26]]],[[[115.025,-34.258],[115.025,-34.258],[115.025,-34.258],[115.025,-34.258]]],[[[115.024,-34.252],[115.024,-34.252],[115.024,-34.252],[115.024,-34.252]]],[[[115.005,-34.234],[115.005,-34.234],[115.005,-34.234],[115.005,-34.234]]],[[[122.066,-34.232],[122.064,-34.228],[122.066,-34.229],[122.066,-34.232]]],[[[115.007,-34.228],[115.007,-34.228],[115.007,-34.228],[115.007,-34.228]]],[[[123.614,-34.226],[123.595,-34.24],[123.607,-34.227],[123.614,-34.226]]],[[[122.15,-34.224],[122.148,-34.224],[122.149,-34.223],[122.15,-34.224]]],[[[115.014,-34.221],[115.015,-34.225],[115.012,-34.223],[115.014,-34.221]]],[[[122.077,-34.221],[122.072,-34.221],[122.074,-34.219],[122.077,-34.221]]],[[[115.021,-34.216],[115.02,-34.216],[115.021,-34.216],[115.021,-34.216]]],[[[122.077,-34.218],[122.077,-34.216],[122.079,-34.217],[122.077,-34.218]]],[[[122.152,-34.216],[122.151,-34.216],[122.152,-34.215],[122.152,-34.216]]],[[[122.086,-34.216],[122.081,-34.215],[122.08,-34.211],[122.086,-34.216]]],[[[122.349,-34.21],[122.346,-34.209],[122.35,-34.208],[122.349,-34.21]]],[[[122.149,-34.203],[122.148,-34.205],[122.147,-34.204],[122.149,-34.203]]],[[[122.348,-34.206],[122.346,-34.204],[122.35,-34.202],[122.348,-34.206]]],[[[122.109,-34.196],[122.109,-34.201],[122.102,-34.2],[122.109,-34.196]]],[[[122.498,-34.196],[122.493,-34.196],[122.5,-34.194],[122.498,-34.196]]],[[[122.509,-34.195],[122.507,-34.194],[122.509,-34.194],[122.509,-34.195]]],[[[122.489,-34.195],[122.488,-34.193],[122.489,-34.194],[122.489,-34.195]]],[[[115.014,-34.18],[115.014,-34.18],[115.014,-34.18],[115.014,-34.18]]],[[[121.945,-34.179],[121.944,-34.179],[121.943,-34.178],[121.945,-34.179]]],[[[121.675,-34.178],[121.675,-34.176],[121.677,-34.177],[121.675,-34.178]]],[[[121.661,-34.177],[121.66,-34.177],[121.661,-34.176],[121.661,-34.177]]],[[[122.015,-34.169],[122.013,-34.167],[122.015,-34.167],[122.015,-34.169]]],[[[115.025,-34.164],[115.025,-34.163],[115.025,-34.163],[115.025,-34.164]]],[[[115.025,-34.163],[115.025,-34.163],[115.026,-34.163],[115.025,-34.163]]],[[[122.021,-34.166],[122.018,-34.165],[122.022,-34.162],[122.021,-34.166]]],[[[123.345,-34.165],[123.344,-34.162],[123.347,-34.163],[123.345,-34.165]]],[[[123.138,-34.162],[123.146,-34.167],[123.135,-34.165],[123.138,-34.162]]],[[[115.025,-34.161],[115.025,-34.161],[115.025,-34.161],[115.025,-34.161]]],[[[115.027,-34.16],[115.026,-34.16],[115.027,-34.16],[115.027,-34.16]]],[[[122.029,-34.153],[122.029,-34.152],[122.031,-34.152],[122.029,-34.153]]],[[[122.216,-34.152],[122.214,-34.152],[122.214,-34.15],[122.216,-34.152]]],[[[122.218,-34.151],[122.218,-34.15],[122.219,-34.149],[122.218,-34.151]]],[[[122.213,-34.148],[122.214,-34.15],[122.212,-34.149],[122.213,-34.148]]],[[[122.018,-34.146],[122.03,-34.151],[122.015,-34.15],[122.018,-34.146]]],[[[122.319,-34.146],[122.317,-34.147],[122.317,-34.144],[122.319,-34.146]]],[[[121.894,-34.143],[121.89,-34.142],[121.893,-34.142],[121.894,-34.143]]],[[[122.127,-34.143],[122.126,-34.142],[122.127,-34.141],[122.127,-34.143]]],[[[121.926,-34.14],[121.924,-34.141],[121.924,-34.139],[121.926,-34.14]]],[[[122.053,-34.139],[122.059,-34.146],[122.038,-34.143],[122.053,-34.139]]],[[[121.935,-34.136],[121.932,-34.134],[121.937,-34.135],[121.935,-34.136]]],[[[121.898,-34.135],[121.897,-34.134],[121.899,-34.133],[121.898,-34.135]]],[[[122.221,-34.133],[122.22,-34.133],[122.22,-34.131],[122.221,-34.133]]],[[[122.848,-34.131],[122.846,-34.129],[122.848,-34.129],[122.848,-34.131]]],[[[121.98,-34.125],[121.982,-34.126],[121.981,-34.127],[121.98,-34.125]]],[[[121.996,-34.123],[121.995,-34.123],[121.996,-34.121],[121.996,-34.123]]],[[[121.969,-34.124],[121.965,-34.12],[121.969,-34.122],[121.969,-34.124]]],[[[121.972,-34.121],[121.97,-34.12],[121.972,-34.12],[121.972,-34.121]]],[[[123.069,-34.118],[123.073,-34.121],[123.066,-34.123],[123.069,-34.118]]],[[[122.345,-34.116],[122.342,-34.116],[122.343,-34.115],[122.345,-34.116]]],[[[121.981,-34.114],[121.984,-34.122],[121.975,-34.122],[121.981,-34.114]]],[[[122.004,-34.116],[122.008,-34.123],[121.987,-34.116],[122.004,-34.116]]],[[[123.031,-34.114],[123.029,-34.113],[123.032,-34.111],[123.031,-34.114]]],[[[123.074,-34.113],[123.067,-34.116],[123.071,-34.111],[123.074,-34.113]]],[[[122.234,-34.109],[122.261,-34.124],[122.245,-34.162],[122.234,-34.109]]],[[[114.995,-34.105],[114.995,-34.105],[114.995,-34.105],[114.995,-34.105]]],[[[114.993,-34.104],[114.993,-34.104],[114.993,-34.104],[114.993,-34.104]]],[[[122.123,-34.103],[122.125,-34.104],[122.122,-34.105],[122.123,-34.103]]],[[[114.992,-34.102],[114.992,-34.102],[114.992,-34.102],[114.992,-34.102]]],[[[114.992,-34.102],[114.992,-34.102],[114.992,-34.102],[114.992,-34.102]]],[[[114.992,-34.102],[114.992,-34.102],[114.992,-34.102],[114.992,-34.102]]],[[[114.991,-34.102],[114.991,-34.101],[114.991,-34.101],[114.991,-34.102]]],[[[122.347,-34.101],[122.342,-34.11],[122.344,-34.101],[122.347,-34.101]]],[[[123.889,-34.101],[123.886,-34.108],[123.885,-34.102],[123.889,-34.101]]],[[[114.993,-34.099],[114.993,-34.099],[114.993,-34.099],[114.993,-34.099]]],[[[123.877,-34.099],[123.877,-34.097],[123.877,-34.098],[123.877,-34.099]]],[[[122.112,-34.099],[122.111,-34.098],[122.112,-34.097],[122.112,-34.099]]],[[[114.992,-34.097],[114.992,-34.097],[114.992,-34.097],[114.992,-34.097]]],[[[114.993,-34.097],[114.993,-34.097],[114.993,-34.096],[114.993,-34.097]]],[[[114.993,-34.096],[114.993,-34.096],[114.993,-34.096],[114.993,-34.096]]],[[[122.12,-34.095],[122.121,-34.101],[122.113,-34.103],[122.12,-34.095]]],[[[114.994,-34.094],[114.994,-34.094],[114.994,-34.094],[114.994,-34.094]]],[[[114.994,-34.093],[114.994,-34.093],[114.994,-34.093],[114.994,-34.093]]],[[[123.105,-34.092],[123.103,-34.091],[123.104,-34.091],[123.105,-34.092]]],[[[123.109,-34.091],[123.109,-34.097],[123.102,-34.098],[123.109,-34.091]]],[[[123.903,-34.093],[123.902,-34.092],[123.902,-34.09],[123.903,-34.093]]],[[[114.996,-34.089],[114.996,-34.089],[114.996,-34.089],[114.996,-34.089]]],[[[123.897,-34.09],[123.897,-34.089],[123.898,-34.089],[123.897,-34.09]]],[[[122.536,-34.088],[122.546,-34.088],[122.537,-34.092],[122.536,-34.088]]],[[[122.833,-34.09],[122.831,-34.088],[122.839,-34.084],[122.833,-34.09]]],[[[123.215,-34.091],[123.207,-34.119],[123.206,-34.108],[123.181,-34.108],[123.173,-34.124],[123.157,-34.11],[123.172,-34.09],[123.215,-34.081],[123.215,-34.091]]],[[[119.689,-34.079],[119.688,-34.079],[119.688,-34.078],[119.689,-34.079]]],[[[123.184,-34.078],[123.189,-34.079],[123.183,-34.087],[123.184,-34.078]]],[[[122.162,-34.077],[122.161,-34.077],[122.161,-34.075],[122.162,-34.077]]],[[[123.127,-34.077],[123.126,-34.075],[123.128,-34.074],[123.127,-34.077]]],[[[122.164,-34.082],[122.16,-34.08],[122.168,-34.074],[122.164,-34.082]]],[[[123.072,-34.073],[123.069,-34.072],[123.071,-34.071],[123.072,-34.073]]],[[[122.97,-34.074],[122.962,-34.085],[122.963,-34.075],[122.97,-34.074]]],[[[122.026,-34.068],[122.025,-34.067],[122.026,-34.066],[122.026,-34.068]]],[[[122.008,-34.064],[122.023,-34.066],[122.003,-34.069],[122.008,-34.064]]],[[[123.235,-34.072],[123.23,-34.069],[123.233,-34.062],[123.235,-34.072]]],[[[123.228,-34.062],[123.226,-34.061],[123.227,-34.061],[123.228,-34.062]]],[[[121.99,-34.061],[121.989,-34.069],[121.976,-34.064],[121.99,-34.061]]],[[[115,-34.06],[115,-34.06],[115,-34.06],[115,-34.06]]],[[[115,-34.06],[115,-34.06],[115,-34.06],[115,-34.06]]],[[[115,-34.059],[115,-34.059],[115,-34.059],[115,-34.059]]],[[[122.107,-34.061],[122.108,-34.067],[122.097,-34.065],[122.107,-34.061]]],[[[115,-34.059],[115,-34.059],[115,-34.059],[115,-34.059]]],[[[122.063,-34.057],[122.065,-34.058],[122.065,-34.059],[122.063,-34.057]]],[[[119.738,-34.057],[119.737,-34.056],[119.739,-34.056],[119.738,-34.057]]],[[[121.865,-34.058],[121.864,-34.056],[121.866,-34.055],[121.865,-34.058]]],[[[123.228,-34.058],[123.225,-34.057],[123.226,-34.055],[123.228,-34.058]]],[[[123.165,-34.055],[123.163,-34.055],[123.164,-34.054],[123.165,-34.055]]],[[[123.226,-34.054],[123.223,-34.053],[123.224,-34.052],[123.226,-34.054]]],[[[115,-34.051],[115,-34.051],[115,-34.051],[115,-34.051]]],[[[115,-34.051],[114.999,-34.05],[115,-34.05],[115,-34.051]]],[[[114.999,-34.05],[114.999,-34.049],[114.999,-34.049],[114.999,-34.05]]],[[[123.225,-34.051],[123.223,-34.051],[123.224,-34.049],[123.225,-34.051]]],[[[123.26,-34.052],[123.258,-34.052],[123.259,-34.049],[123.26,-34.052]]],[[[114.999,-34.048],[114.999,-34.048],[114.999,-34.047],[114.999,-34.048]]],[[[121.888,-34.049],[121.887,-34.049],[121.885,-34.047],[121.888,-34.049]]],[[[122.208,-34.047],[122.207,-34.046],[122.208,-34.045],[122.208,-34.047]]],[[[122.756,-34.046],[122.753,-34.045],[122.756,-34.044],[122.756,-34.046]]],[[[122.759,-34.045],[122.757,-34.045],[122.759,-34.044],[122.759,-34.045]]],[[[121.968,-34.044],[121.98,-34.05],[121.954,-34.058],[121.968,-34.044]]],[[[114.999,-34.042],[114.999,-34.042],[114.999,-34.042],[114.999,-34.042]]],[[[114.999,-34.041],[114.998,-34.041],[114.998,-34.042],[114.999,-34.041]]],[[[121.874,-34.042],[121.871,-34.042],[121.873,-34.041],[121.874,-34.042]]],[[[121.606,-34.043],[121.604,-34.041],[121.606,-34.041],[121.606,-34.043]]],[[[122.088,-34.042],[122.093,-34.046],[122.089,-34.047],[122.088,-34.042]]],[[[114.999,-34.041],[114.998,-34.04],[114.999,-34.04],[114.999,-34.041]]],[[[114.998,-34.04],[114.998,-34.04],[114.998,-34.04],[114.998,-34.04]]],[[[119.765,-34.039],[119.764,-34.039],[119.764,-34.039],[119.765,-34.039]]],[[[119.766,-34.039],[119.765,-34.038],[119.766,-34.038],[119.766,-34.039]]],[[[122.051,-34.041],[122.048,-34.04],[122.05,-34.038],[122.051,-34.041]]],[[[123.235,-34.039],[123.244,-34.041],[123.236,-34.043],[123.235,-34.039]]],[[[114.998,-34.037],[114.998,-34.037],[114.998,-34.037],[114.998,-34.037]]],[[[114.998,-34.036],[114.998,-34.036],[114.998,-34.036],[114.998,-34.036]]],[[[114.998,-34.036],[114.998,-34.036],[114.998,-34.036],[114.998,-34.036]]],[[[114.998,-34.035],[114.998,-34.035],[114.998,-34.035],[114.998,-34.035]]],[[[122.253,-34.036],[122.252,-34.035],[122.252,-34.034],[122.253,-34.036]]],[[[119.785,-34.041],[119.783,-34.034],[119.788,-34.034],[119.785,-34.041]]],[[[122.155,-34.032],[122.154,-34.032],[122.154,-34.031],[122.155,-34.032]]],[[[122.234,-34.036],[122.23,-34.031],[122.236,-34.033],[122.234,-34.036]]],[[[115,-34.03],[115,-34.03],[115,-34.03],[115,-34.03]]],[[[123.242,-34.028],[123.238,-34.031],[123.235,-34.03],[123.242,-34.028]]],[[[122.244,-34.029],[122.242,-34.027],[122.244,-34.027],[122.244,-34.029]]],[[[122.142,-34.028],[122.149,-34.037],[122.129,-34.029],[122.142,-34.028]]],[[[121.655,-34.027],[121.654,-34.026],[121.657,-34.026],[121.655,-34.027]]],[[[122.008,-34.026],[121.993,-34.042],[121.982,-34.037],[122.008,-34.026]]],[[[123.157,-34.022],[123.165,-34.023],[123.157,-34.024],[123.157,-34.022]]],[[[122.303,-34.022],[122.301,-34.025],[122.298,-34.022],[122.303,-34.022]]],[[[122.115,-34.021],[122.114,-34.02],[122.115,-34.019],[122.115,-34.021]]],[[[121.657,-34.02],[121.654,-34.02],[121.655,-34.019],[121.657,-34.02]]],[[[122.31,-34.021],[122.305,-34.019],[122.308,-34.019],[122.31,-34.021]]],[[[123.258,-34.018],[123.243,-34.031],[123.243,-34.024],[123.258,-34.018]]],[[[122.303,-34.019],[122.302,-34.018],[122.303,-34.018],[122.303,-34.019]]],[[[122.584,-34.018],[122.583,-34.018],[122.584,-34.018],[122.584,-34.018]]],[[[121.648,-34.017],[121.647,-34.018],[121.645,-34.018],[121.648,-34.017]]],[[[122.146,-34.018],[122.137,-34.019],[122.145,-34.016],[122.146,-34.018]]],[[[121.642,-34.017],[121.64,-34.016],[121.641,-34.016],[121.642,-34.017]]],[[[122.685,-34.016],[122.684,-34.018],[122.681,-34.017],[122.685,-34.016]]],[[[122.091,-34.016],[122.083,-34.018],[122.086,-34.016],[122.091,-34.016]]],[[[123.294,-34.022],[123.287,-34.024],[123.292,-34.015],[123.294,-34.022]]],[[[122.198,-34.017],[122.197,-34.015],[122.198,-34.016],[122.198,-34.017]]],[[[122.689,-34.016],[122.688,-34.015],[122.688,-34.013],[122.689,-34.016]]],[[[123.516,-34.014],[123.514,-34.014],[123.516,-34.012],[123.516,-34.014]]],[[[121.616,-34.013],[121.604,-34.039],[121.593,-34.028],[121.616,-34.013]]],[[[121.64,-34.012],[121.643,-34.012],[121.642,-34.014],[121.64,-34.012]]],[[[122.238,-34.011],[122.238,-34.013],[122.235,-34.013],[122.238,-34.011]]],[[[122.57,-34.011],[122.572,-34.011],[122.571,-34.012],[122.57,-34.011]]],[[[122.31,-34.013],[122.314,-34.014],[122.305,-34.016],[122.31,-34.013]]],[[[123.539,-34.007],[123.537,-34.007],[123.538,-34.006],[123.539,-34.007]]],[[[122.579,-34.008],[122.574,-34.008],[122.577,-34.006],[122.579,-34.008]]],[[[123.529,-34.007],[123.537,-34.01],[123.529,-34.024],[123.529,-34.007]]],[[[114.995,-34.005],[114.995,-34.005],[114.995,-34.005],[114.995,-34.005]]],[[[122.654,-34.004],[122.655,-34.005],[122.652,-34.006],[122.654,-34.004]]],[[[122.248,-34.006],[122.239,-34.01],[122.245,-34.004],[122.248,-34.006]]],[[[123.221,-34.005],[123.217,-34.004],[123.221,-34.004],[123.221,-34.005]]],[[[123.147,-34.004],[123.145,-34.003],[123.147,-34.002],[123.147,-34.004]]],[[[122.591,-34.003],[122.589,-34.006],[122.583,-34.004],[122.591,-34.003]]],[[[122.81,-34.004],[122.8,-34.015],[122.799,-34.005],[122.81,-34.004]]],[[[123.161,-34.002],[123.16,-34.002],[123.161,-34.001],[123.161,-34.002]]],[[[123.542,-34.003],[123.54,-34],[123.542,-34.001],[123.542,-34.003]]],[[[122.869,-34.002],[122.869,-34],[122.871,-34],[122.869,-34.002]]],[[[122.574,-34.002],[122.573,-34],[122.575,-34],[122.574,-34.002]]],[[[122.541,-34.005],[122.536,-34.005],[122.542,-33.999],[122.541,-34.005]]],[[[123.163,-34.001],[123.162,-34],[123.164,-33.998],[123.163,-34.001]]],[[[122.637,-34],[122.633,-34.005],[122.628,-33.998],[122.637,-34]]],[[[122.655,-33.998],[122.652,-34.003],[122.647,-33.999],[122.655,-33.998]]],[[[122.626,-33.996],[122.625,-33.995],[122.626,-33.994],[122.626,-33.996]]],[[[121.683,-34],[121.686,-34.009],[121.669,-34],[121.683,-34]]],[[[121.7,-33.995],[121.697,-33.996],[121.696,-33.995],[121.7,-33.995]]],[[[123.552,-33.995],[123.551,-33.994],[123.554,-33.994],[123.552,-33.995]]],[[[122.654,-33.996],[122.653,-33.995],[122.659,-33.994],[122.654,-33.996]]],[[[123.554,-33.993],[123.553,-33.992],[123.555,-33.992],[123.554,-33.993]]],[[[121.986,-33.993],[121.985,-33.993],[121.986,-33.992],[121.986,-33.993]]],[[[122.284,-33.995],[122.28,-33.992],[122.283,-33.991],[122.284,-33.995]]],[[[122.657,-33.991],[122.655,-33.991],[122.657,-33.991],[122.657,-33.991]]],[[[122.307,-33.994],[122.306,-33.991],[122.308,-33.99],[122.307,-33.994]]],[[[122.872,-33.99],[122.876,-33.991],[122.873,-33.993],[122.872,-33.99]]],[[[122.632,-33.992],[122.629,-33.99],[122.631,-33.99],[122.632,-33.992]]],[[[122.025,-33.991],[122.023,-33.994],[122.02,-33.993],[122.025,-33.991]]],[[[122.665,-33.99],[122.664,-33.99],[122.665,-33.989],[122.665,-33.99]]],[[[122.716,-33.995],[122.714,-33.988],[122.717,-33.991],[122.716,-33.995]]],[[[122.637,-33.988],[122.636,-33.987],[122.636,-33.987],[122.637,-33.988]]],[[[122.302,-33.988],[122.299,-33.987],[122.301,-33.987],[122.302,-33.988]]],[[[122.66,-33.991],[122.655,-33.988],[122.661,-33.987],[122.66,-33.991]]],[[[122.008,-33.986],[122.008,-33.985],[122.008,-33.985],[122.008,-33.986]]],[[[122.661,-33.986],[122.66,-33.985],[122.662,-33.985],[122.661,-33.986]]],[[[122.299,-33.986],[122.298,-33.985],[122.298,-33.984],[122.299,-33.986]]],[[[122.72,-33.987],[122.717,-33.985],[122.721,-33.984],[122.72,-33.987]]],[[[123.148,-33.988],[123.148,-33.984],[123.15,-33.986],[123.148,-33.988]]],[[[122.01,-33.985],[122.008,-33.984],[122.009,-33.984],[122.01,-33.985]]],[[[121.686,-33.984],[121.68,-33.993],[121.679,-33.985],[121.686,-33.984]]],[[[122.343,-33.985],[122.342,-33.985],[122.343,-33.983],[122.343,-33.985]]],[[[122.862,-33.983],[122.814,-34.004],[122.843,-33.983],[122.862,-33.983]]],[[[122.004,-33.986],[121.987,-33.99],[121.995,-33.981],[122.004,-33.986]]],[[[122.299,-33.983],[122.298,-33.982],[122.3,-33.98],[122.299,-33.983]]],[[[122.433,-33.984],[122.434,-33.98],[122.439,-33.98],[122.433,-33.984]]],[[[122.9,-33.98],[122.899,-33.979],[122.9,-33.979],[122.9,-33.98]]],[[[122.299,-33.98],[122.298,-33.979],[122.299,-33.979],[122.299,-33.98]]],[[[122.904,-33.979],[122.903,-33.979],[122.904,-33.978],[122.904,-33.979]]],[[[122.024,-33.979],[122.023,-33.978],[122.024,-33.978],[122.024,-33.979]]],[[[122.025,-33.979],[122.024,-33.978],[122.026,-33.978],[122.025,-33.979]]],[[[122.902,-33.978],[122.901,-33.978],[122.902,-33.977],[122.902,-33.978]]],[[[122.821,-33.979],[122.817,-33.977],[122.82,-33.978],[122.821,-33.979]]],[[[123.141,-33.977],[123.14,-33.981],[123.136,-33.98],[123.141,-33.977]]],[[[122.899,-33.978],[122.897,-33.976],[122.898,-33.976],[122.899,-33.978]]],[[[122.276,-33.976],[122.274,-33.976],[122.275,-33.975],[122.276,-33.976]]],[[[121.977,-33.976],[121.975,-33.975],[121.977,-33.975],[121.977,-33.976]]],[[[121.986,-33.973],[121.982,-33.98],[121.977,-33.973],[121.986,-33.973]]],[[[122.902,-33.97],[122.901,-33.97],[122.902,-33.969],[122.902,-33.97]]],[[[122.906,-33.966],[122.905,-33.966],[122.907,-33.965],[122.906,-33.966]]],[[[122.844,-33.97],[122.84,-33.968],[122.847,-33.964],[122.844,-33.97]]],[[[122.899,-33.963],[122.899,-33.965],[122.896,-33.964],[122.899,-33.963]]],[[[122.513,-33.964],[122.511,-33.964],[122.513,-33.963],[122.513,-33.964]]],[[[122.861,-33.963],[122.858,-33.969],[122.856,-33.964],[122.861,-33.963]]],[[[122.804,-33.966],[122.803,-33.965],[122.806,-33.961],[122.804,-33.966]]],[[[122.937,-33.962],[122.938,-33.96],[122.94,-33.96],[122.937,-33.962]]],[[[122.813,-33.967],[122.812,-33.959],[122.816,-33.961],[122.813,-33.967]]],[[[122.305,-33.962],[122.303,-33.963],[122.301,-33.958],[122.305,-33.962]]],[[[122.526,-33.962],[122.517,-33.961],[122.522,-33.958],[122.526,-33.962]]],[[[120.117,-33.956],[120.117,-33.957],[120.116,-33.957],[120.117,-33.956]]],[[[122.013,-33.956],[122.027,-33.963],[122.003,-33.971],[122.013,-33.956]]],[[[122.414,-33.953],[122.411,-33.956],[122.408,-33.955],[122.414,-33.953]]],[[[122.478,-33.953],[122.474,-33.952],[122.478,-33.952],[122.478,-33.953]]],[[[123.12,-33.954],[123.119,-33.953],[123.123,-33.951],[123.12,-33.954]]],[[[122.714,-33.951],[122.713,-33.951],[122.714,-33.95],[122.714,-33.951]]],[[[122.504,-33.954],[122.503,-33.95],[122.507,-33.952],[122.504,-33.954]]],[[[123.149,-33.95],[123.148,-33.95],[123.151,-33.949],[123.149,-33.95]]],[[[122.566,-33.948],[122.564,-33.951],[122.561,-33.949],[122.566,-33.948]]],[[[122.471,-33.948],[122.469,-33.95],[122.465,-33.949],[122.471,-33.948]]],[[[122.311,-33.954],[122.307,-33.948],[122.312,-33.951],[122.311,-33.954]]],[[[122.53,-33.948],[122.529,-33.948],[122.531,-33.947],[122.53,-33.948]]],[[[122.715,-33.946],[122.718,-33.948],[122.716,-33.948],[122.715,-33.946]]],[[[122.532,-33.946],[122.531,-33.946],[122.531,-33.945],[122.532,-33.946]]],[[[123.149,-33.941],[123.148,-33.94],[123.15,-33.94],[123.149,-33.941]]],[[[123.559,-33.934],[123.558,-33.934],[123.559,-33.934],[123.559,-33.934]]],[[[122.595,-33.933],[122.594,-33.932],[122.596,-33.932],[122.595,-33.933]]],[[[122.69,-33.932],[122.689,-33.932],[122.69,-33.931],[122.69,-33.932]]],[[[123.142,-33.932],[123.141,-33.931],[123.143,-33.929],[123.142,-33.932]]],[[[121.985,-33.93],[121.983,-33.93],[121.985,-33.929],[121.985,-33.93]]],[[[121.888,-33.929],[121.885,-33.929],[121.886,-33.928],[121.888,-33.929]]],[[[121.97,-33.929],[121.97,-33.929],[121.97,-33.927],[121.97,-33.929]]],[[[121.974,-33.928],[121.971,-33.927],[121.973,-33.927],[121.974,-33.928]]],[[[121.767,-33.923],[121.766,-33.925],[121.765,-33.924],[121.767,-33.923]]],[[[121.822,-33.922],[121.821,-33.922],[121.82,-33.921],[121.822,-33.922]]],[[[122.813,-33.924],[122.809,-33.921],[122.813,-33.922],[122.813,-33.924]]],[[[122.674,-33.923],[122.673,-33.922],[122.674,-33.92],[122.674,-33.923]]],[[[123.338,-33.922],[123.337,-33.922],[123.339,-33.92],[123.338,-33.922]]],[[[122.609,-33.921],[122.607,-33.921],[122.609,-33.92],[122.609,-33.921]]],[[[123.342,-33.92],[123.34,-33.919],[123.341,-33.919],[123.342,-33.92]]],[[[122.873,-33.918],[122.875,-33.922],[122.872,-33.924],[122.873,-33.918]]],[[[121.796,-33.918],[121.805,-33.926],[121.793,-33.93],[121.796,-33.918]]],[[[121.877,-33.917],[121.882,-33.926],[121.868,-33.924],[121.877,-33.917]]],[[[121.91,-33.919],[121.903,-33.926],[121.897,-33.92],[121.91,-33.919]]],[[[121.997,-33.916],[121.997,-33.923],[121.986,-33.92],[121.997,-33.916]]],[[[121.774,-33.915],[121.777,-33.918],[121.769,-33.919],[121.774,-33.915]]],[[[122.71,-33.918],[122.707,-33.916],[122.712,-33.915],[122.71,-33.918]]],[[[121.864,-33.915],[121.862,-33.915],[121.863,-33.914],[121.864,-33.915]]],[[[122.831,-33.918],[122.824,-33.916],[122.829,-33.914],[122.831,-33.918]]],[[[121.879,-33.915],[121.877,-33.915],[121.878,-33.914],[121.879,-33.915]]],[[[122.692,-33.914],[122.691,-33.913],[122.692,-33.913],[122.692,-33.914]]],[[[121.895,-33.917],[121.893,-33.912],[121.896,-33.912],[121.895,-33.917]]],[[[121.821,-33.91],[121.817,-33.911],[121.819,-33.909],[121.821,-33.91]]],[[[121.816,-33.909],[121.814,-33.91],[121.814,-33.909],[121.816,-33.909]]],[[[122.819,-33.911],[122.818,-33.91],[122.823,-33.908],[122.819,-33.911]]],[[[122.974,-33.909],[122.973,-33.909],[122.975,-33.906],[122.974,-33.909]]],[[[122.993,-33.904],[122.992,-33.903],[122.993,-33.903],[122.993,-33.904]]],[[[121.892,-33.903],[121.889,-33.902],[121.891,-33.901],[121.892,-33.903]]],[[[122.973,-33.905],[122.972,-33.905],[122.972,-33.901],[122.973,-33.905]]],[[[120.735,-33.899],[120.736,-33.9],[120.734,-33.901],[120.735,-33.899]]],[[[122.74,-33.899],[122.739,-33.899],[122.739,-33.898],[122.74,-33.899]]],[[[121.647,-33.9],[121.649,-33.897],[121.65,-33.899],[121.647,-33.9]]],[[[122.742,-33.898],[122.741,-33.897],[122.742,-33.897],[122.742,-33.898]]],[[[122.722,-33.897],[122.72,-33.896],[122.721,-33.896],[122.722,-33.897]]],[[[120.692,-33.897],[120.691,-33.897],[120.692,-33.896],[120.692,-33.897]]],[[[121.827,-33.896],[121.825,-33.895],[121.827,-33.895],[121.827,-33.896]]],[[[122.754,-33.904],[122.751,-33.899],[122.756,-33.894],[122.754,-33.904]]],[[[120.639,-33.894],[120.639,-33.894],[120.64,-33.894],[120.639,-33.894]]],[[[120.811,-33.893],[120.811,-33.893],[120.811,-33.893],[120.811,-33.893]]],[[[120.815,-33.891],[120.815,-33.891],[120.815,-33.891],[120.815,-33.891]]],[[[120.66,-33.89],[120.659,-33.89],[120.66,-33.889],[120.66,-33.89]]],[[[120.814,-33.886],[120.814,-33.886],[120.814,-33.886],[120.814,-33.886]]],[[[123.645,-33.885],[123.646,-33.889],[123.634,-33.887],[123.645,-33.885]]],[[[120.82,-33.884],[120.819,-33.883],[120.82,-33.883],[120.82,-33.884]]],[[[122.025,-33.881],[122.024,-33.877],[122.027,-33.879],[122.025,-33.881]]],[[[121.973,-33.877],[121.97,-33.877],[121.97,-33.876],[121.973,-33.877]]],[[[122.037,-33.876],[122.035,-33.875],[122.036,-33.875],[122.037,-33.876]]],[[[122.039,-33.875],[122.038,-33.874],[122.038,-33.874],[122.039,-33.875]]],[[[122.038,-33.874],[122.037,-33.874],[122.037,-33.874],[122.038,-33.874]]],[[[121.354,-33.865],[121.35,-33.873],[121.346,-33.873],[121.354,-33.865]]],[[[123.018,-33.863],[123.017,-33.864],[123.016,-33.863],[123.018,-33.863]]],[[[121.963,-33.854],[121.967,-33.854],[121.965,-33.855],[121.963,-33.854]]],[[[124.128,-33.858],[124.125,-33.853],[124.13,-33.855],[124.128,-33.858]]],[[[124.12,-33.854],[124.119,-33.853],[124.123,-33.852],[124.12,-33.854]]],[[[123.657,-33.852],[123.656,-33.851],[123.657,-33.851],[123.657,-33.852]]],[[[123.668,-33.849],[123.668,-33.848],[123.669,-33.848],[123.668,-33.849]]],[[[124.135,-33.84],[124.147,-33.844],[124.136,-33.865],[124.135,-33.84]]],[[[123.734,-33.831],[123.734,-33.83],[123.735,-33.829],[123.734,-33.831]]],[[[123.984,-33.827],[123.981,-33.827],[123.984,-33.825],[123.984,-33.827]]],[[[124.174,-33.815],[124.173,-33.814],[124.174,-33.814],[124.174,-33.815]]],[[[123.741,-33.821],[123.742,-33.818],[123.747,-33.814],[123.741,-33.821]]],[[[124.041,-33.769],[124.039,-33.767],[124.042,-33.765],[124.041,-33.769]]],[[[124.159,-33.767],[124.159,-33.764],[124.166,-33.761],[124.159,-33.767]]],[[[124.09,-33.746],[124.088,-33.744],[124.089,-33.743],[124.09,-33.746]]],[[[124.126,-33.741],[124.125,-33.74],[124.127,-33.74],[124.126,-33.741]]],[[[124.08,-33.736],[124.078,-33.735],[124.08,-33.735],[124.08,-33.736]]],[[[124.101,-33.732],[124.099,-33.737],[124.091,-33.738],[124.101,-33.732]]],[[[124.081,-33.73],[124.078,-33.73],[124.08,-33.728],[124.081,-33.73]]],[[[124.164,-33.721],[124.163,-33.72],[124.165,-33.719],[124.164,-33.721]]],[[[124.096,-33.725],[124.102,-33.717],[124.099,-33.724],[124.096,-33.725]]],[[[123.8,-33.716],[123.798,-33.715],[123.799,-33.715],[123.8,-33.716]]],[[[114.994,-33.673],[114.994,-33.673],[114.994,-33.672],[114.994,-33.673]]],[[[114.995,-33.672],[114.994,-33.672],[114.994,-33.672],[114.995,-33.672]]],[[[114.994,-33.672],[114.994,-33.671],[114.995,-33.671],[114.994,-33.672]]],[[[114.994,-33.671],[114.994,-33.671],[114.994,-33.671],[114.994,-33.671]]],[[[114.995,-33.668],[114.996,-33.669],[114.995,-33.669],[114.995,-33.668]]],[[[114.994,-33.668],[114.994,-33.671],[114.993,-33.667],[114.994,-33.668]]],[[[123.968,-33.641],[123.964,-33.641],[123.969,-33.637],[123.968,-33.641]]],[[[124,-33.636],[123.998,-33.635],[123.999,-33.635],[124,-33.636]]],[[[123.963,-33.635],[123.962,-33.635],[123.963,-33.634],[123.963,-33.635]]],[[[123.95,-33.634],[123.949,-33.634],[123.95,-33.634],[123.95,-33.634]]],[[[123.95,-33.633],[123.949,-33.633],[123.95,-33.633],[123.95,-33.633]]],[[[123.967,-33.63],[123.966,-33.63],[123.966,-33.629],[123.967,-33.63]]],[[[123.96,-33.627],[123.96,-33.626],[123.96,-33.627],[123.96,-33.627]]],[[[123.954,-33.625],[123.952,-33.626],[123.954,-33.625],[123.954,-33.625]]],[[[123.957,-33.621],[123.956,-33.622],[123.956,-33.621],[123.957,-33.621]]],[[[123.958,-33.62],[123.958,-33.619],[123.959,-33.62],[123.958,-33.62]]],[[[115.005,-33.559],[115.006,-33.559],[115.005,-33.56],[115.005,-33.559]]],[[[115.006,-33.544],[115.007,-33.545],[115.006,-33.545],[115.006,-33.544]]],[[[115.003,-33.531],[115.003,-33.532],[115.003,-33.531],[115.003,-33.531]]],[[[115.712,-32.566],[115.714,-32.572],[115.711,-32.57],[115.712,-32.566]]],[[[115.708,-32.564],[115.705,-32.565],[115.704,-32.565],[115.708,-32.564]]],[[[115.716,-32.563],[115.716,-32.564],[115.714,-32.565],[115.716,-32.563]]],[[[115.694,-32.305],[115.69,-32.309],[115.69,-32.302],[115.694,-32.305]]],[[[115.691,-32.293],[115.69,-32.293],[115.691,-32.292],[115.691,-32.293]]],[[[115.693,-32.279],[115.693,-32.28],[115.692,-32.279],[115.693,-32.279]]],[[[115.692,-32.277],[115.69,-32.278],[115.689,-32.278],[115.692,-32.277]]],[[[115.668,-32.156],[115.7,-32.245],[115.68,-32.241],[115.66,-32.174],[115.668,-32.156]]],[[[115.666,-32.126],[115.666,-32.126],[115.666,-32.126],[115.666,-32.126]]],[[[115.665,-32.119],[115.665,-32.125],[115.659,-32.12],[115.665,-32.119]]],[[[115.552,-32.02],[115.551,-32.02],[115.55,-32.019],[115.552,-32.02]]],[[[115.556,-32.014],[115.554,-32.013],[115.554,-32.013],[115.556,-32.014]]],[[[115.527,-31.99],[115.558,-32.003],[115.528,-32.028],[115.508,-32.013],[115.45,-32.026],[115.527,-31.99]]],[[[115.325,-31.029],[115.326,-31.03],[115.325,-31.029],[115.325,-31.029]]],[[[115.318,-31.008],[115.315,-31.007],[115.316,-31.004],[115.318,-31.008]]],[[[115.19,-30.83],[115.188,-30.829],[115.188,-30.827],[115.19,-30.83]]],[[[115.107,-30.681],[115.108,-30.683],[115.104,-30.682],[115.107,-30.681]]],[[[115.103,-30.679],[115.105,-30.68],[115.103,-30.679],[115.103,-30.679]]],[[[115.11,-30.665],[115.109,-30.664],[115.11,-30.664],[115.11,-30.665]]],[[[115.116,-30.657],[115.114,-30.657],[115.115,-30.656],[115.116,-30.657]]],[[[115.045,-30.533],[115.045,-30.53],[115.046,-30.531],[115.045,-30.533]]],[[[115.045,-30.529],[115.045,-30.529],[115.045,-30.528],[115.045,-30.529]]],[[[115.046,-30.525],[115.046,-30.521],[115.047,-30.523],[115.046,-30.525]]],[[[115.021,-30.454],[115.018,-30.457],[115.018,-30.454],[115.021,-30.454]]],[[[114.997,-30.443],[114.997,-30.442],[114.998,-30.442],[114.997,-30.443]]],[[[114.998,-30.442],[114.998,-30.441],[114.998,-30.44],[114.998,-30.442]]],[[[114.997,-30.354],[114.996,-30.353],[114.997,-30.353],[114.997,-30.354]]],[[[114.999,-30.35],[114.999,-30.349],[115,-30.349],[114.999,-30.35]]],[[[114.987,-30.331],[114.986,-30.331],[114.987,-30.331],[114.987,-30.331]]],[[[114.989,-30.333],[114.984,-30.336],[114.986,-30.332],[114.989,-30.333]]],[[[114.994,-30.32],[114.993,-30.324],[114.992,-30.32],[114.994,-30.32]]],[[[114.997,-30.317],[114.996,-30.317],[114.997,-30.317],[114.997,-30.317]]],[[[115.008,-30.316],[114.999,-30.319],[115.006,-30.313],[115.008,-30.316]]],[[[115.007,-30.312],[115.005,-30.312],[115.006,-30.311],[115.007,-30.312]]],[[[115.008,-30.284],[115.007,-30.283],[115.008,-30.281],[115.008,-30.284]]],[[[115.009,-30.281],[115.008,-30.281],[115.009,-30.28],[115.009,-30.281]]],[[[114.971,-30.272],[114.97,-30.271],[114.971,-30.27],[114.971,-30.272]]],[[[114.998,-30.233],[114.997,-30.232],[114.998,-30.232],[114.998,-30.233]]],[[[114.99,-30.211],[114.989,-30.211],[114.99,-30.209],[114.99,-30.211]]],[[[114.943,-30.139],[114.941,-30.138],[114.942,-30.137],[114.943,-30.139]]],[[[114.944,-30.131],[114.944,-30.13],[114.945,-30.129],[114.944,-30.131]]],[[[114.957,-30.037],[114.956,-30.037],[114.957,-30.037],[114.957,-30.037]]],[[[114.961,-30.024],[114.961,-30.024],[114.96,-30.024],[114.961,-30.024]]],[[[117.088,-30],[117.213,-30.26],[117.632,-30.998],[117.713,-31.188],[117.787,-31.419],[117.841,-31.68],[117.864,-31.895],[117.859,-32.766],[117.868,-32.835],[117.902,-32.871],[117.981,-32.865],[118.138,-32.804],[118.585,-32.529],[118.882,-32.382],[119.206,-32.268],[119.543,-32.19],[119.817,-32.153],[121.168,-32.034],[121.515,-32.032],[122.212,-32.081],[122.358,-32.069],[122.464,-32.012],[122.897,-31.643],[123.235,-31.441],[123.522,-31.318],[124.084,-31.129],[125,-30.694],[125,-32.757],[124.938,-32.787],[124.887,-32.838],[124.749,-32.899],[124.394,-32.949],[124.236,-33.02],[124.154,-33.096],[124.101,-33.176],[123.998,-33.426],[123.976,-33.559],[123.875,-33.599],[123.878,-33.633],[123.774,-33.698],[123.748,-33.765],[123.764,-33.795],[123.656,-33.847],[123.639,-33.877],[123.573,-33.888],[123.534,-33.94],[123.512,-33.943],[123.508,-33.922],[123.474,-33.906],[123.371,-33.896],[123.33,-33.919],[123.287,-33.98],[123.163,-34.017],[123.152,-34.011],[123.172,-33.99],[123.148,-33.976],[123.161,-33.946],[123.134,-33.904],[123.083,-33.872],[123.023,-33.857],[122.976,-33.902],[122.935,-33.886],[122.829,-33.91],[122.774,-33.878],[122.748,-33.896],[122.619,-33.893],[122.582,-33.916],[122.597,-33.937],[122.572,-33.961],[122.558,-33.937],[122.51,-33.953],[122.501,-33.936],[122.444,-33.919],[122.364,-33.914],[122.354,-33.933],[122.326,-33.929],[122.275,-33.959],[122.277,-34.001],[122.249,-34.005],[122.227,-33.988],[122.193,-34.017],[122.165,-34.002],[122.114,-34.017],[122.113,-34],[122.093,-34.003],[122.119,-33.98],[122.085,-33.903],[122.001,-33.829],[121.915,-33.838],[121.894,-33.864],[121.908,-33.867],[121.9,-33.879],[121.79,-33.909],[121.695,-33.861],[121.645,-33.898],[121.628,-33.869],[121.547,-33.828],[121.505,-33.84],[121.468,-33.823],[121.429,-33.83],[121.362,-33.815],[121.349,-33.83],[121.299,-33.825],[121.269,-33.851],[121.199,-33.845],[121.177,-33.878],[121.1,-33.848],[121.008,-33.873],[120.869,-33.856],[120.813,-33.893],[120.593,-33.886],[120.553,-33.903],[120.558,-33.926],[120.437,-33.972],[120.231,-33.932],[120.127,-33.954],[120.043,-33.923],[119.991,-33.936],[119.944,-33.978],[119.851,-33.97],[119.816,-33.983],[119.734,-34.061],[119.641,-34.094],[119.64,-34.113],[119.583,-34.151],[119.588,-34.171],[119.535,-34.221],[119.504,-34.288],[119.457,-34.288],[119.503,-34.29],[119.507,-34.359],[119.577,-34.386],[119.503,-34.411],[119.478,-34.402],[119.492,-34.393],[119.483,-34.375],[119.414,-34.374],[119.391,-34.42],[119.402,-34.452],[119.42,-34.458],[119.39,-34.46],[119.383,-34.485],[119.356,-34.475],[119.366,-34.463],[119.356,-34.45],[119.297,-34.449],[119.272,-34.467],[119.289,-34.493],[119.281,-34.522],[119.262,-34.516],[119.241,-34.535],[119.222,-34.531],[119.239,-34.516],[119.219,-34.498],[119.148,-34.493],[119.102,-34.466],[118.927,-34.458],[118.901,-34.475],[118.914,-34.503],[118.812,-34.509],[118.757,-34.544],[118.739,-34.578],[118.756,-34.603],[118.782,-34.609],[118.722,-34.657],[118.666,-34.668],[118.645,-34.691],[118.52,-34.717],[118.44,-34.761],[118.4,-34.824],[118.397,-34.877],[118.422,-34.881],[118.428,-34.899],[118.403,-34.917],[118.334,-34.891],[118.3,-34.912],[118.224,-34.92],[118.211,-34.944],[118.175,-34.94],[118.173,-34.968],[118.211,-34.979],[118.195,-35.023],[118.167,-34.995],[118.109,-34.986],[118.035,-35.02],[117.962,-35.013],[117.949,-35.002],[117.98,-34.991],[117.981,-34.94],[117.977,-34.952],[117.949,-34.944],[117.949,-34.998],[117.919,-35.017],[117.92,-35.036],[117.859,-35.027],[117.849,-35.05],[117.911,-35.084],[117.928,-35.073],[117.91,-35.054],[117.92,-35.041],[117.944,-35.092],[118.002,-35.088],[118.021,-35.109],[117.977,-35.099],[117.953,-35.127],[117.941,-35.115],[117.9,-35.124],[117.78,-35.061],[117.686,-35.043],[117.645,-35.062],[117.651,-35.084],[117.628,-35.113],[117.64,-35.134],[117.611,-35.133],[117.606,-35.115],[117.549,-35.083],[117.514,-35.075],[117.485,-35.089],[117.397,-35.032],[117.333,-35.024],[117.396,-34.998],[117.428,-35.022],[117.466,-35.021],[117.452,-35.01],[117.48,-34.994],[117.455,-34.967],[117.429,-34.986],[117.369,-34.969],[117.355,-34.993],[117.334,-34.994],[117.331,-35.043],[117.272,-35.021],[117.195,-35.017],[117.165,-35.027],[117.15,-35.061],[117.098,-35.032],[117.019,-35.035],[116.966,-35.019],[116.937,-35.032],[116.921,-35.064],[116.885,-35.048],[116.862,-35.057],[116.768,-35.015],[116.742,-35.022],[116.745,-35.037],[116.707,-35.029],[116.63,-35.061],[116.61,-35.033],[116.572,-35.033],[116.533,-35.004],[116.482,-35.016],[116.436,-34.974],[116.251,-34.876],[116.137,-34.845],[116.002,-34.842],[116.003,-34.812],[115.961,-34.763],[115.947,-34.721],[115.743,-34.539],[115.578,-34.422],[115.541,-34.423],[115.52,-34.397],[115.345,-34.316],[115.263,-34.307],[115.169,-34.322],[115.165,-34.301],[115.202,-34.278],[115.169,-34.28],[115.177,-34.266],[115.156,-34.275],[115.16,-34.295],[115.144,-34.289],[115.173,-34.323],[115.166,-34.357],[115.134,-34.376],[115.119,-34.341],[115.024,-34.253],[115.039,-34.198],[114.991,-34.098],[115.004,-34.081],[115.001,-34.015],[114.98,-33.961],[114.992,-33.933],[114.976,-33.864],[114.994,-33.848],[115,-33.794],[114.975,-33.698],[114.99,-33.696],[114.995,-33.669],[115.028,-33.634],[115.004,-33.531],[115.089,-33.568],[115.123,-33.624],[115.207,-33.651],[115.3,-33.655],[115.367,-33.639],[115.428,-33.608],[115.574,-33.454],[115.636,-33.309],[115.646,-33.301],[115.64,-33.319],[115.666,-33.322],[115.688,-33.109],[115.608,-32.667],[115.628,-32.6],[115.711,-32.521],[115.718,-32.558],[115.671,-32.575],[115.673,-32.594],[115.641,-32.618],[115.673,-32.728],[115.712,-32.788],[115.713,-32.773],[115.726,-32.782],[115.727,-32.753],[115.71,-32.741],[115.666,-32.616],[115.704,-32.644],[115.724,-32.632],[115.747,-32.646],[115.774,-32.636],[115.778,-32.596],[115.755,-32.565],[115.719,-32.564],[115.712,-32.521],[115.738,-32.502],[115.75,-32.44],[115.744,-32.403],[115.713,-32.37],[115.736,-32.362],[115.743,-32.334],[115.731,-32.31],[115.702,-32.305],[115.685,-32.266],[115.737,-32.27],[115.775,-32.194],[115.765,-32.14],[115.737,-32.135],[115.763,-32.109],[115.748,-32.061],[115.732,-32.056],[115.787,-32.011],[115.814,-32.029],[115.846,-32.002],[115.861,-32.046],[115.883,-32.024],[115.902,-32.028],[115.889,-32.018],[115.857,-32.031],[115.845,-31.965],[115.884,-31.969],[115.886,-31.941],[115.915,-31.951],[115.91,-31.936],[115.951,-31.923],[115.959,-31.895],[115.974,-31.894],[115.958,-31.895],[115.951,-31.922],[115.909,-31.935],[115.914,-31.95],[115.885,-31.938],[115.883,-31.967],[115.843,-31.963],[115.804,-32.003],[115.774,-31.989],[115.78,-32.019],[115.724,-32.054],[115.751,-32.024],[115.755,-31.902],[115.719,-31.731],[115.54,-31.41],[115.441,-31.278],[115.313,-30.973],[115.22,-30.833],[115.19,-30.825],[115.183,-30.772],[115.088,-30.578],[115.094,-30.548],[115.054,-30.505],[115.071,-30.478],[115.042,-30.338],[115.02,-30.317],[115.04,-30.298],[115.041,-30.268],[115.028,-30.237],[114.994,-30.231],[115.002,-30.132],[114.984,-30.079],[114.963,-30.072],[114.955,-30.049],[114.967,-30],[117.088,-30]]]]},"properties":{"region":"A1","area":"Lower west coast"}},{"type":"Feature","geometry":{"type":"MultiPolygon","coordinates":[[[[150.051,-37.264],[150.051,-37.263],[150.051,-37.263],[150.051,-37.264]]],[[[150.052,-37.264],[150.052,-37.263],[150.052,-37.263],[150.052,-37.264]]],[[[150.053,-37.263],[150.052,-37.262],[150.052,-37.262],[150.053,-37.263]]],[[[150.022,-37.189],[150.021,-37.189],[150.021,-37.188],[150.022,-37.189]]],[[[150.02,-37.184],[150.02,-37.184],[150.021,-37.184],[150.02,-37.184]]],[[[150.019,-37.183],[150.02,-37.184],[150.019,-37.184],[150.019,-37.183]]],[[[150.019,-37.183],[150.019,-37.183],[150.019,-37.183],[150.019,-37.183]]],[[[150.011,-37.174],[150.01,-37.174],[150.011,-37.174],[150.011,-37.174]]],[[[150.005,-37.163],[150.005,-37.163],[150.005,-37.163],[150.005,-37.163]]],[[[150.005,-37.163],[150.005,-37.163],[150.005,-37.162],[150.005,-37.163]]],[[[150.001,-37.141],[150,-37.141],[150,-37.141],[150.001,-37.141]]],[[[150.006,-37.141],[150.006,-37.143],[150.005,-37.142],[150.006,-37.141]]],[[[149.96,-37.114],[149.96,-37.114],[149.96,-37.114],[149.96,-37.114]]],[[[149.957,-37.11],[149.957,-37.11],[149.957,-37.109],[149.957,-37.11]]],[[[149.957,-37.109],[149.956,-37.109],[149.956,-37.109],[149.957,-37.109]]],[[[149.955,-37.109],[149.954,-37.108],[149.955,-37.108],[149.955,-37.109]]],[[[149.916,-37.074],[149.916,-37.074],[149.916,-37.074],[149.916,-37.074]]],[[[149.914,-37.07],[149.913,-37.07],[149.914,-37.07],[149.914,-37.07]]],[[[149.914,-37.069],[149.914,-37.069],[149.914,-37.069],[149.914,-37.069]]],[[[149.946,-37.056],[149.946,-37.056],[149.946,-37.056],[149.946,-37.056]]],[[[149.945,-37.056],[149.945,-37.056],[149.945,-37.055],[149.945,-37.056]]],[[[149.945,-37.053],[149.945,-37.053],[149.945,-37.052],[149.945,-37.053]]],[[[149.949,-37.018],[149.948,-37.018],[149.948,-37.017],[149.949,-37.018]]],[[[149.946,-36.949],[149.946,-36.949],[149.946,-36.949],[149.946,-36.949]]],[[[149.946,-36.949],[149.947,-36.95],[149.947,-36.95],[149.946,-36.949]]],[[[149.932,-36.897],[149.932,-36.898],[149.932,-36.897],[149.932,-36.897]]],[[[149.935,-36.885],[149.935,-36.885],[149.935,-36.885],[149.935,-36.885]]],[[[149.969,-36.787],[149.969,-36.786],[149.97,-36.785],[149.969,-36.787]]],[[[149.973,-36.779],[149.973,-36.779],[149.973,-36.778],[149.973,-36.779]]],[[[149.974,-36.777],[149.974,-36.778],[149.973,-36.778],[149.974,-36.777]]],[[[149.983,-36.757],[149.982,-36.757],[149.982,-36.757],[149.983,-36.757]]],[[[149.983,-36.753],[149.983,-36.753],[149.983,-36.752],[149.983,-36.753]]],[[[149.984,-36.75],[149.984,-36.75],[149.984,-36.749],[149.984,-36.75]]],[[[149.983,-36.749],[149.983,-36.75],[149.983,-36.749],[149.983,-36.749]]],[[[149.991,-36.73],[149.991,-36.729],[149.991,-36.729],[149.991,-36.73]]],[[[150.015,-36.646],[150.015,-36.645],[150.015,-36.645],[150.015,-36.646]]],[[[150.051,-36.586],[150.051,-36.586],[150.051,-36.586],[150.051,-36.586]]],[[[150.061,-36.497],[150.061,-36.498],[150.061,-36.497],[150.061,-36.497]]],[[[150.056,-36.496],[150.056,-36.496],[150.056,-36.496],[150.056,-36.496]]],[[[150.057,-36.488],[150.056,-36.488],[150.057,-36.488],[150.057,-36.488]]],[[[150.057,-36.487],[150.057,-36.487],[150.057,-36.488],[150.057,-36.487]]],[[[150.057,-36.487],[150.057,-36.487],[150.057,-36.487],[150.057,-36.487]]],[[[150.057,-36.487],[150.057,-36.486],[150.057,-36.486],[150.057,-36.487]]],[[[150.073,-36.466],[150.073,-36.466],[150.073,-36.466],[150.073,-36.466]]],[[[150.073,-36.466],[150.072,-36.466],[150.073,-36.465],[150.073,-36.466]]],[[[150.072,-36.465],[150.072,-36.465],[150.072,-36.465],[150.072,-36.465]]],[[[150.073,-36.461],[150.072,-36.461],[150.072,-36.461],[150.073,-36.461]]],[[[150.073,-36.454],[150.073,-36.454],[150.073,-36.454],[150.073,-36.454]]],[[[150.073,-36.454],[150.073,-36.454],[150.073,-36.454],[150.073,-36.454]]],[[[150.072,-36.453],[150.072,-36.453],[150.072,-36.453],[150.072,-36.453]]],[[[150.072,-36.453],[150.072,-36.453],[150.072,-36.453],[150.072,-36.453]]],[[[150.073,-36.453],[150.073,-36.453],[150.073,-36.453],[150.073,-36.453]]],[[[150.073,-36.453],[150.073,-36.453],[150.073,-36.453],[150.073,-36.453]]],[[[150.072,-36.451],[150.072,-36.45],[150.072,-36.45],[150.072,-36.451]]],[[[150.072,-36.45],[150.072,-36.45],[150.073,-36.45],[150.072,-36.45]]],[[[150.073,-36.449],[150.073,-36.449],[150.073,-36.449],[150.073,-36.449]]],[[[150.072,-36.448],[150.072,-36.448],[150.072,-36.448],[150.072,-36.448]]],[[[150.075,-36.443],[150.075,-36.443],[150.075,-36.443],[150.075,-36.443]]],[[[150.081,-36.423],[150.081,-36.423],[150.081,-36.423],[150.081,-36.423]]],[[[150.082,-36.422],[150.082,-36.422],[150.082,-36.422],[150.082,-36.422]]],[[[150.074,-36.422],[150.074,-36.422],[150.074,-36.422],[150.074,-36.422]]],[[[150.074,-36.422],[150.074,-36.422],[150.074,-36.422],[150.074,-36.422]]],[[[150.074,-36.422],[150.074,-36.422],[150.074,-36.422],[150.074,-36.422]]],[[[150.074,-36.422],[150.074,-36.422],[150.074,-36.422],[150.074,-36.422]]],[[[150.075,-36.422],[150.075,-36.421],[150.075,-36.421],[150.075,-36.422]]],[[[150.068,-36.418],[150.068,-36.418],[150.068,-36.417],[150.068,-36.418]]],[[[150.067,-36.416],[150.067,-36.416],[150.067,-36.416],[150.067,-36.416]]],[[[150.067,-36.414],[150.067,-36.414],[150.067,-36.414],[150.067,-36.414]]],[[[150.08,-36.379],[150.08,-36.379],[150.08,-36.379],[150.08,-36.379]]],[[[150.079,-36.379],[150.079,-36.379],[150.079,-36.379],[150.079,-36.379]]],[[[150.08,-36.378],[150.081,-36.379],[150.08,-36.378],[150.08,-36.378]]],[[[150.082,-36.378],[150.081,-36.378],[150.082,-36.378],[150.082,-36.378]]],[[[150.081,-36.378],[150.08,-36.378],[150.08,-36.378],[150.081,-36.378]]],[[[150.082,-36.377],[150.082,-36.377],[150.082,-36.377],[150.082,-36.377]]],[[[150.081,-36.377],[150.081,-36.377],[150.081,-36.377],[150.081,-36.377]]],[[[150.081,-36.376],[150.081,-36.376],[150.081,-36.375],[150.081,-36.376]]],[[[150.082,-36.375],[150.081,-36.375],[150.081,-36.375],[150.082,-36.375]]],[[[150.136,-36.312],[150.135,-36.311],[150.135,-36.311],[150.136,-36.312]]],[[[150.138,-36.305],[150.138,-36.306],[150.138,-36.305],[150.138,-36.305]]],[[[150.136,-36.303],[150.137,-36.303],[150.136,-36.303],[150.136,-36.303]]],[[[150.143,-36.272],[150.143,-36.271],[150.143,-36.271],[150.143,-36.272]]],[[[150.144,-36.271],[150.144,-36.271],[150.144,-36.27],[150.144,-36.271]]],[[[150.15,-36.266],[150.15,-36.265],[150.15,-36.266],[150.15,-36.266]]],[[[150.151,-36.264],[150.151,-36.264],[150.151,-36.264],[150.151,-36.264]]],[[[150.15,-36.264],[150.15,-36.264],[150.15,-36.264],[150.15,-36.264]]],[[[150.151,-36.262],[150.151,-36.263],[150.15,-36.261],[150.151,-36.262]]],[[[150.222,-36.256],[150.222,-36.256],[150.222,-36.256],[150.222,-36.256]]],[[[150.223,-36.255],[150.223,-36.255],[150.223,-36.255],[150.223,-36.255]]],[[[150.23,-36.247],[150.229,-36.246],[150.23,-36.246],[150.23,-36.247]]],[[[150.226,-36.243],[150.228,-36.26],[150.223,-36.256],[150.226,-36.243]]],[[[150.148,-36.234],[150.148,-36.234],[150.148,-36.234],[150.148,-36.234]]],[[[150.147,-36.234],[150.147,-36.233],[150.147,-36.233],[150.147,-36.234]]],[[[150.147,-36.233],[150.146,-36.233],[150.146,-36.233],[150.147,-36.233]]],[[[150.143,-36.219],[150.142,-36.219],[150.142,-36.219],[150.143,-36.219]]],[[[150.205,-35.832],[150.204,-35.834],[150.203,-35.832],[150.205,-35.832]]],[[[150.237,-35.817],[150.233,-35.818],[150.234,-35.817],[150.237,-35.817]]],[[[150.257,-35.749],[150.258,-35.753],[150.255,-35.752],[150.257,-35.749]]],[[[150.261,-35.747],[150.262,-35.749],[150.261,-35.751],[150.261,-35.747]]],[[[150.214,-35.736],[150.214,-35.736],[150.214,-35.736],[150.214,-35.736]]],[[[150.213,-35.725],[150.213,-35.726],[150.212,-35.726],[150.213,-35.725]]],[[[150.213,-35.724],[150.213,-35.724],[150.213,-35.724],[150.213,-35.724]]],[[[150.282,-35.71],[150.282,-35.71],[150.282,-35.71],[150.282,-35.71]]],[[[150.299,-35.692],[150.298,-35.691],[150.298,-35.691],[150.299,-35.692]]],[[[150.311,-35.666],[150.312,-35.668],[150.31,-35.667],[150.311,-35.666]]],[[[150.332,-35.63],[150.335,-35.633],[150.331,-35.631],[150.332,-35.63]]],[[[150.36,-35.587],[150.359,-35.586],[150.36,-35.586],[150.36,-35.587]]],[[[150.354,-35.586],[150.355,-35.587],[150.354,-35.587],[150.354,-35.586]]],[[[150.365,-35.578],[150.362,-35.576],[150.364,-35.577],[150.365,-35.578]]],[[[150.392,-35.555],[150.39,-35.555],[150.388,-35.553],[150.392,-35.555]]],[[[150.421,-35.526],[150.421,-35.532],[150.412,-35.532],[150.421,-35.526]]],[[[150.517,-35.274],[150.514,-35.271],[150.517,-35.272],[150.517,-35.274]]],[[[150.695,-35.185],[150.694,-35.182],[150.696,-35.183],[150.695,-35.185]]],[[[150.77,-35.113],[150.772,-35.12],[150.765,-35.124],[150.77,-35.113]]],[[[150.877,-34.545],[150.882,-34.546],[150.879,-34.547],[150.877,-34.545]]],[[[150.939,-34.494],[150.938,-34.495],[150.937,-34.495],[150.939,-34.494]]],[[[150.924,-34.49],[150.924,-34.49],[150.923,-34.491],[150.924,-34.49]]],[[[150.928,-34.489],[150.936,-34.493],[150.927,-34.493],[150.928,-34.489]]],[[[150.945,-34.464],[150.947,-34.465],[150.945,-34.465],[150.945,-34.464]]],[[[150.931,-34.457],[150.929,-34.457],[150.929,-34.454],[150.931,-34.457]]],[[[151.266,-33.925],[151.266,-33.926],[151.265,-33.926],[151.266,-33.925]]],[[[151.259,-33.86],[151.257,-33.858],[151.258,-33.858],[151.259,-33.86]]],[[[151.226,-33.855],[151.225,-33.855],[151.226,-33.855],[151.226,-33.855]]],[[[151.199,-33.851],[151.195,-33.854],[151.196,-33.851],[151.199,-33.851]]],[[[151.271,-33.848],[151.27,-33.847],[151.271,-33.847],[151.271,-33.848]]],[[[151.174,-33.846],[151.174,-33.849],[151.169,-33.849],[151.174,-33.846]]],[[[151.282,-33.833],[151.281,-33.833],[151.282,-33.833],[151.282,-33.833]]],[[[151.328,-33.66],[151.33,-33.661],[151.329,-33.661],[151.328,-33.66]]],[[[151.293,-33.636],[151.291,-33.645],[151.286,-33.638],[151.293,-33.636]]],[[[151.317,-33.556],[151.321,-33.558],[151.316,-33.558],[151.317,-33.556]]],[[[151.242,-33.537],[151.243,-33.54],[151.235,-33.541],[151.242,-33.537]]],[[[151.214,-33.528],[151.215,-33.533],[151.205,-33.533],[151.214,-33.528]]],[[[151.153,-33.529],[151.153,-33.525],[151.154,-33.527],[151.153,-33.529]]],[[[151.18,-33.51],[151.183,-33.519],[151.176,-33.51],[151.18,-33.51]]],[[[151.572,-33.29],[151.573,-33.291],[151.57,-33.29],[151.572,-33.29]]],[[[151.656,-33.1],[151.656,-33.1],[151.655,-33.1],[151.656,-33.1]]],[[[151.668,-33.094],[151.668,-33.094],[151.667,-33.094],[151.668,-33.094]]],[[[151.591,-33.088],[151.599,-33.1],[151.585,-33.092],[151.591,-33.088]]],[[[151.673,-33.087],[151.675,-33.087],[151.671,-33.089],[151.673,-33.087]]],[[[151.64,-33.058],[151.643,-33.062],[151.64,-33.06],[151.64,-33.058]]],[[[152.095,-32.793],[152.094,-32.791],[152.095,-32.791],[152.095,-32.793]]],[[[152.08,-32.79],[152.08,-32.79],[152.08,-32.79],[152.08,-32.79]]],[[[152.081,-32.789],[152.081,-32.79],[152.081,-32.79],[152.081,-32.789]]],[[[152.121,-32.789],[152.12,-32.79],[152.12,-32.789],[152.121,-32.789]]],[[[152.078,-32.789],[152.077,-32.789],[152.078,-32.789],[152.078,-32.789]]],[[[152.124,-32.785],[152.124,-32.785],[152.124,-32.784],[152.124,-32.785]]],[[[152.145,-32.768],[152.145,-32.769],[152.145,-32.769],[152.145,-32.768]]],[[[152.153,-32.768],[152.153,-32.768],[152.152,-32.768],[152.153,-32.768]]],[[[152.144,-32.767],[152.144,-32.768],[152.142,-32.768],[152.144,-32.767]]],[[[152.147,-32.766],[152.146,-32.766],[152.146,-32.766],[152.147,-32.766]]],[[[152.153,-32.765],[152.153,-32.765],[152.153,-32.765],[152.153,-32.765]]],[[[152.158,-32.766],[152.157,-32.765],[152.157,-32.765],[152.158,-32.766]]],[[[152.162,-32.765],[152.161,-32.764],[152.162,-32.764],[152.162,-32.765]]],[[[152.173,-32.762],[152.172,-32.763],[152.172,-32.762],[152.173,-32.762]]],[[[152.179,-32.756],[152.178,-32.756],[152.177,-32.755],[152.179,-32.756]]],[[[152.205,-32.742],[152.205,-32.743],[152.204,-32.743],[152.205,-32.742]]],[[[152.195,-32.741],[152.203,-32.749],[152.185,-32.75],[152.195,-32.741]]],[[[151.981,-32.709],[151.981,-32.708],[151.981,-32.708],[151.981,-32.709]]],[[[152.229,-32.705],[152.23,-32.71],[152.226,-32.709],[152.229,-32.705]]],[[[152.243,-32.701],[152.242,-32.702],[152.242,-32.7],[152.243,-32.701]]],[[[151.999,-32.7],[152.003,-32.706],[151.999,-32.703],[151.999,-32.7]]],[[[152.057,-32.7],[152.059,-32.702],[152.056,-32.704],[152.057,-32.7]]],[[[152.058,-32.699],[152.057,-32.698],[152.057,-32.698],[152.058,-32.699]]],[[[152.055,-32.694],[152.055,-32.695],[152.054,-32.695],[152.055,-32.694]]],[[[152.068,-32.695],[152.065,-32.695],[152.067,-32.693],[152.068,-32.695]]],[[[152.225,-32.693],[152.225,-32.693],[152.225,-32.693],[152.225,-32.693]]],[[[152.225,-32.693],[152.225,-32.693],[152.225,-32.693],[152.225,-32.693]]],[[[152.226,-32.693],[152.225,-32.692],[152.226,-32.692],[152.226,-32.693]]],[[[152.052,-32.691],[152.052,-32.691],[152.051,-32.691],[152.052,-32.691]]],[[[152.224,-32.684],[152.229,-32.687],[152.225,-32.693],[152.224,-32.684]]],[[[152.016,-32.675],[152.016,-32.674],[152.017,-32.673],[152.016,-32.675]]],[[[151.984,-32.672],[151.984,-32.673],[151.982,-32.672],[151.984,-32.672]]],[[[151.984,-32.67],[151.987,-32.671],[151.985,-32.671],[151.984,-32.67]]],[[[151.972,-32.674],[151.965,-32.674],[151.97,-32.667],[151.972,-32.674]]],[[[151.98,-32.678],[151.974,-32.665],[151.982,-32.671],[151.98,-32.678]]],[[[152.319,-32.628],[152.319,-32.628],[152.319,-32.628],[152.319,-32.628]]],[[[152.317,-32.628],[152.318,-32.631],[152.316,-32.628],[152.317,-32.628]]],[[[152.319,-32.627],[152.32,-32.627],[152.319,-32.627],[152.319,-32.627]]],[[[152.319,-32.625],[152.318,-32.625],[152.318,-32.624],[152.319,-32.625]]],[[[152.333,-32.617],[152.336,-32.625],[152.331,-32.621],[152.333,-32.617]]],[[[152.307,-32.607],[152.329,-32.617],[152.319,-32.628],[152.307,-32.607]]],[[[152.553,-32.464],[152.553,-32.462],[152.554,-32.463],[152.553,-32.464]]],[[[152.543,-32.447],[152.541,-32.448],[152.542,-32.447],[152.543,-32.447]]],[[[152.545,-32.08],[152.546,-32.081],[152.545,-32.081],[152.545,-32.08]]],[[[152.549,-32.072],[152.548,-32.071],[152.549,-32.071],[152.549,-32.072]]],[[[152.935,-31.446],[152.935,-31.447],[152.935,-31.446],[152.935,-31.446]]],[[[152.928,-31.443],[152.927,-31.443],[152.928,-31.443],[152.928,-31.443]]],[[[152.932,-31.433],[152.931,-31.433],[152.932,-31.433],[152.932,-31.433]]],[[[152.923,-31.43],[152.923,-31.429],[152.923,-31.429],[152.923,-31.43]]],[[[152.921,-31.429],[152.921,-31.429],[152.921,-31.429],[152.921,-31.429]]],[[[152.921,-31.429],[152.921,-31.429],[152.921,-31.429],[152.921,-31.429]]],[[[153.054,-31.071],[153.054,-31.071],[153.054,-31.071],[153.054,-31.071]]],[[[153.062,-31.058],[153.062,-31.058],[153.062,-31.058],[153.062,-31.058]]],[[[153.065,-31.055],[153.066,-31.056],[153.065,-31.056],[153.065,-31.055]]],[[[153.066,-31.056],[153.066,-31.055],[153.066,-31.055],[153.066,-31.056]]],[[[153.066,-31.048],[153.066,-31.048],[153.066,-31.048],[153.066,-31.048]]],[[[153.076,-30.95],[153.076,-30.949],[153.076,-30.949],[153.076,-30.95]]],[[[153.076,-30.95],[153.077,-30.949],[153.077,-30.949],[153.076,-30.95]]],[[[153.102,-30.939],[153.102,-30.939],[153.102,-30.938],[153.102,-30.939]]],[[[153.101,-30.939],[153.1,-30.939],[153.101,-30.938],[153.101,-30.939]]],[[[153.088,-30.915],[153.089,-30.916],[153.088,-30.916],[153.088,-30.915]]],[[[153.089,-30.912],[153.089,-30.912],[153.089,-30.912],[153.089,-30.912]]],[[[153.088,-30.911],[153.089,-30.911],[153.088,-30.91],[153.088,-30.911]]],[[[153.091,-30.912],[153.09,-30.911],[153.091,-30.91],[153.091,-30.912]]],[[[153.085,-30.898],[153.084,-30.898],[153.085,-30.898],[153.085,-30.898]]],[[[153.044,-30.882],[153.043,-30.882],[153.044,-30.882],[153.044,-30.882]]],[[[153.077,-30.879],[153.076,-30.878],[153.077,-30.878],[153.077,-30.879]]],[[[153.02,-30.649],[153.02,-30.649],[153.019,-30.649],[153.02,-30.649]]],[[[153.076,-30.43],[153.078,-30.433],[153.076,-30.432],[153.076,-30.43]]],[[[153.146,-30.302],[153.146,-30.302],[153.145,-30.302],[153.146,-30.302]]],[[[153.145,-30.302],[153.145,-30.302],[153.145,-30.302],[153.145,-30.302]]],[[[153.144,-30.295],[153.144,-30.296],[153.143,-30.295],[153.144,-30.295]]],[[[153.182,-30.241],[153.179,-30.24],[153.181,-30.239],[153.182,-30.241]]],[[[153.157,-30.235],[153.157,-30.234],[153.157,-30.234],[153.157,-30.235]]],[[[153.268,-30.202],[153.267,-30.208],[153.265,-30.205],[153.268,-30.202]]],[[[153.228,-30.159],[153.229,-30.161],[153.227,-30.162],[153.228,-30.159]]],[[[153.209,-30.13],[153.208,-30.131],[153.207,-30.131],[153.209,-30.13]]],[[[153.207,-30.129],[153.207,-30.13],[153.206,-30.13],[153.207,-30.129]]],[[[153.208,-30.096],[153.208,-30.096],[153.208,-30.096],[153.208,-30.096]]],[[[153.208,-30.096],[153.208,-30.096],[153.208,-30.096],[153.208,-30.096]]],[[[153.207,-30.096],[153.205,-30.096],[153.206,-30.096],[153.207,-30.096]]],[[[153.208,-30.095],[153.208,-30.096],[153.207,-30.096],[153.208,-30.095]]],[[[153.208,-30.068],[153.208,-30.068],[153.208,-30.068],[153.208,-30.068]]],[[[153.272,-30.016],[153.271,-30.019],[153.27,-30.016],[153.272,-30.016]]],[[[153.205,-30.026],[153.196,-30.049],[153.208,-30.069],[153.2,-30.105],[153.214,-30.11],[153.207,-30.157],[153.167,-30.198],[153.14,-30.256],[153.14,-30.3],[153.155,-30.305],[153.14,-30.31],[153.153,-30.309],[153.113,-30.341],[153.076,-30.432],[153.036,-30.486],[153.012,-30.582],[153.02,-30.648],[152.99,-30.708],[153.011,-30.856],[153.037,-30.882],[153.076,-30.878],[153.089,-30.911],[153.039,-31.003],[153.041,-31.041],[153.065,-31.057],[152.977,-31.171],[152.984,-31.187],[152.96,-31.242],[152.976,-31.314],[152.915,-31.409],[152.938,-31.476],[152.845,-31.573],[152.834,-31.629],[152.85,-31.641],[152.805,-31.682],[152.793,-31.711],[152.806,-31.73],[152.736,-31.811],[152.737,-31.837],[152.755,-31.845],[152.609,-31.947],[152.548,-32.028],[152.548,-32.074],[152.513,-32.117],[152.509,-32.172],[152.571,-32.216],[152.524,-32.294],[152.523,-32.312],[152.552,-32.335],[152.516,-32.408],[152.54,-32.443],[152.336,-32.527],[152.285,-32.595],[152.196,-32.648],[152.187,-32.685],[152.205,-32.701],[152.173,-32.678],[152.129,-32.686],[152.138,-32.671],[152.122,-32.658],[152.114,-32.681],[152.069,-32.69],[152.05,-32.676],[152.061,-32.65],[152.042,-32.68],[152.03,-32.664],[151.994,-32.669],[151.968,-32.654],[151.945,-32.677],[151.96,-32.697],[151.978,-32.688],[151.978,-32.706],[151.944,-32.718],[151.943,-32.739],[151.988,-32.719],[152.04,-32.73],[152.059,-32.716],[152.07,-32.736],[152.063,-32.698],[152.091,-32.728],[152.188,-32.712],[152.173,-32.762],[152.125,-32.767],[152.116,-32.793],[152.053,-32.785],[151.909,-32.828],[151.81,-32.878],[151.785,-32.92],[151.79,-32.861],[151.817,-32.824],[151.775,-32.824],[151.757,-32.853],[151.686,-32.823],[151.728,-32.879],[151.696,-32.833],[151.775,-32.857],[151.777,-32.902],[151.734,-32.878],[151.768,-32.895],[151.777,-32.924],[151.761,-32.908],[151.764,-32.924],[151.803,-32.916],[151.738,-32.963],[151.729,-33.011],[151.669,-33.052],[151.661,-33.084],[151.64,-33.085],[151.65,-33.063],[151.639,-33.055],[151.658,-33.036],[151.628,-33.015],[151.644,-32.975],[151.614,-32.963],[151.617,-33.006],[151.584,-32.996],[151.598,-32.997],[151.62,-33.048],[151.594,-33.027],[151.577,-33.033],[151.6,-33.041],[151.6,-33.059],[151.586,-33.047],[151.581,-33.068],[151.614,-33.082],[151.553,-33.061],[151.51,-33.093],[151.524,-33.107],[151.548,-33.089],[151.565,-33.101],[151.565,-33.118],[151.539,-33.114],[151.542,-33.126],[151.51,-33.137],[151.527,-33.139],[151.53,-33.161],[151.541,-33.144],[151.568,-33.175],[151.572,-33.155],[151.553,-33.146],[151.584,-33.123],[151.579,-33.103],[151.595,-33.162],[151.634,-33.071],[151.641,-33.096],[151.666,-33.09],[151.63,-33.154],[151.639,-33.176],[151.625,-33.198],[151.564,-33.249],[151.579,-33.282],[151.502,-33.344],[151.546,-33.278],[151.52,-33.263],[151.558,-33.252],[151.586,-33.208],[151.562,-33.195],[151.562,-33.239],[151.509,-33.223],[151.519,-33.262],[151.495,-33.264],[151.465,-33.302],[151.442,-33.307],[151.469,-33.328],[151.442,-33.33],[151.449,-33.355],[151.474,-33.366],[151.494,-33.336],[151.504,-33.362],[151.445,-33.435],[151.453,-33.451],[151.435,-33.468],[151.447,-33.486],[151.417,-33.523],[151.345,-33.547],[151.336,-33.522],[151.363,-33.521],[151.341,-33.489],[151.376,-33.501],[151.383,-33.472],[151.367,-33.474],[151.37,-33.492],[151.337,-33.478],[151.36,-33.469],[151.369,-33.439],[151.342,-33.451],[151.331,-33.428],[151.314,-33.46],[151.324,-33.477],[151.307,-33.468],[151.318,-33.486],[151.299,-33.495],[151.337,-33.484],[151.33,-33.498],[151.35,-33.516],[151.313,-33.53],[151.31,-33.555],[151.274,-33.551],[151.259,-33.571],[151.237,-33.511],[151.266,-33.485],[151.231,-33.507],[151.227,-33.53],[151.198,-33.495],[151.238,-33.476],[151.237,-33.454],[151.232,-33.473],[151.192,-33.489],[151.199,-33.536],[151.182,-33.501],[151.16,-33.511],[151.154,-33.487],[151.172,-33.469],[151.152,-33.46],[151.173,-33.438],[151.166,-33.427],[151.139,-33.47],[151.115,-33.464],[151.097,-33.48],[151.079,-33.445],[151.069,-33.457],[151.08,-33.449],[151.099,-33.484],[151.156,-33.467],[151.131,-33.491],[151.155,-33.499],[151.154,-33.524],[151.111,-33.507],[151.131,-33.519],[151.126,-33.531],[151.143,-33.53],[151.117,-33.546],[151.145,-33.542],[151.151,-33.562],[151.103,-33.588],[151.121,-33.6],[151.123,-33.586],[151.144,-33.587],[151.134,-33.571],[151.162,-33.576],[151.152,-33.551],[151.17,-33.558],[151.149,-33.537],[151.17,-33.539],[151.175,-33.514],[151.199,-33.55],[151.231,-33.539],[151.213,-33.573],[151.231,-33.561],[151.247,-33.579],[151.233,-33.594],[151.186,-33.592],[151.213,-33.608],[151.164,-33.626],[151.149,-33.655],[151.16,-33.66],[151.173,-33.626],[151.219,-33.609],[151.229,-33.618],[151.219,-33.6],[151.257,-33.605],[151.25,-33.588],[151.293,-33.572],[151.311,-33.58],[151.293,-33.605],[151.304,-33.603],[151.303,-33.621],[151.27,-33.632],[151.283,-33.637],[151.27,-33.656],[151.285,-33.644],[151.312,-33.667],[151.305,-33.635],[151.316,-33.614],[151.332,-33.623],[151.316,-33.602],[151.323,-33.579],[151.335,-33.582],[151.325,-33.597],[151.343,-33.624],[151.315,-33.696],[151.27,-33.715],[151.293,-33.721],[151.308,-33.704],[151.3,-33.727],[151.318,-33.742],[151.291,-33.747],[151.303,-33.747],[151.303,-33.768],[151.288,-33.792],[151.307,-33.807],[151.301,-33.823],[151.282,-33.799],[151.266,-33.798],[151.275,-33.81],[151.261,-33.818],[151.25,-33.8],[151.235,-33.803],[151.231,-33.773],[151.225,-33.784],[151.204,-33.772],[151.233,-33.787],[151.215,-33.79],[151.231,-33.796],[151.219,-33.819],[151.246,-33.803],[151.253,-33.827],[151.269,-33.827],[151.247,-33.854],[151.233,-33.836],[151.233,-33.849],[151.215,-33.841],[151.219,-33.853],[151.189,-33.834],[151.181,-33.842],[151.182,-33.83],[151.146,-33.829],[151.144,-33.803],[151.144,-33.829],[151.174,-33.843],[151.134,-33.845],[151.093,-33.82],[151.051,-33.824],[151.084,-33.822],[151.082,-33.84],[151.092,-33.824],[151.1,-33.844],[151.121,-33.842],[151.119,-33.865],[151.127,-33.844],[151.142,-33.853],[151.154,-33.842],[151.166,-33.855],[151.145,-33.863],[151.151,-33.872],[151.185,-33.846],[151.197,-33.86],[151.174,-33.871],[151.189,-33.876],[151.208,-33.853],[151.221,-33.869],[151.23,-33.858],[151.232,-33.875],[151.267,-33.871],[151.281,-33.833],[151.286,-33.892],[151.258,-33.922],[151.266,-33.968],[151.252,-33.965],[151.249,-34.002],[151.226,-33.977],[151.209,-33.982],[151.22,-33.967],[151.202,-33.971],[151.199,-33.96],[151.212,-33.963],[151.192,-33.954],[151.193,-33.974],[151.186,-33.952],[151.182,-33.968],[151.167,-33.95],[151.149,-33.994],[151.128,-34.006],[151.13,-33.984],[151.115,-34.001],[151.09,-33.982],[151.072,-33.994],[151.075,-33.984],[151.054,-33.985],[151.062,-33.975],[151.037,-33.991],[151.045,-33.948],[151.044,-33.97],[151.018,-33.975],[151.035,-33.978],[151.033,-33.993],[151.066,-33.992],[151.043,-34.008],[151.043,-34.029],[151.047,-34.007],[151.07,-33.996],[151.092,-34.001],[151.078,-34.013],[151.095,-33.998],[151.116,-34.007],[151.11,-34.024],[151.127,-34.01],[151.145,-34.039],[151.161,-34.028],[151.142,-34.014],[151.162,-34],[151.179,-34.013],[151.16,-34.023],[151.196,-34.021],[151.206,-34.014],[151.187,-34.008],[151.222,-34.001],[151.232,-34.017],[151.215,-34.042],[151.165,-34.041],[151.154,-34.073],[151.149,-34.055],[151.14,-34.074],[151.134,-34.056],[151.112,-34.072],[151.105,-34.042],[151.102,-34.059],[151.097,-34.047],[151.077,-34.054],[151.089,-34.066],[151.061,-34.064],[151.102,-34.065],[151.106,-34.079],[151.079,-34.089],[151.132,-34.076],[151.124,-34.092],[151.133,-34.074],[151.169,-34.075],[151.17,-34.089],[151.128,-34.138],[150.989,-34.232],[150.928,-34.317],[150.919,-34.359],[150.931,-34.369],[150.902,-34.408],[150.91,-34.465],[150.884,-34.458],[150.908,-34.475],[150.914,-34.465],[150.922,-34.494],[150.891,-34.506],[150.875,-34.542],[150.863,-34.529],[150.887,-34.492],[150.832,-34.486],[150.838,-34.5],[150.815,-34.502],[150.814,-34.534],[150.797,-34.546],[150.81,-34.549],[150.795,-34.553],[150.805,-34.561],[150.863,-34.538],[150.875,-34.589],[150.904,-34.597],[150.856,-34.615],[150.865,-34.672],[150.825,-34.782],[150.811,-34.773],[150.782,-34.791],[150.75,-34.855],[150.751,-34.891],[150.771,-34.896],[150.769,-34.926],[150.786,-34.93],[150.785,-34.987],[150.81,-35.012],[150.85,-35.013],[150.832,-35.041],[150.843,-35.051],[150.834,-35.074],[150.806,-35.094],[150.786,-35.073],[150.776,-35.083],[150.787,-35.036],[150.76,-34.992],[150.679,-35.024],[150.675,-35.065],[150.698,-35.071],[150.698,-35.119],[150.736,-35.137],[150.765,-35.124],[150.757,-35.168],[150.725,-35.173],[150.695,-35.201],[150.685,-35.166],[150.633,-35.166],[150.54,-35.217],[150.531,-35.241],[150.545,-35.248],[150.474,-35.302],[150.487,-35.324],[150.475,-35.357],[150.492,-35.367],[150.452,-35.39],[150.393,-35.465],[150.406,-35.534],[150.323,-35.614],[150.326,-35.637],[150.299,-35.647],[150.307,-35.686],[150.266,-35.727],[150.234,-35.703],[150.177,-35.703],[150.214,-35.738],[150.237,-35.802],[150.224,-35.809],[150.235,-35.836],[150.187,-35.833],[150.178,-35.85],[150.191,-35.86],[150.169,-35.863],[150.15,-35.891],[150.165,-36.013],[150.134,-36.066],[150.142,-36.094],[150.124,-36.142],[150.149,-36.267],[150.131,-36.289],[150.14,-36.305],[150.067,-36.399],[150.085,-36.429],[150.055,-36.488],[150.068,-36.554],[149.983,-36.702],[149.979,-36.722],[149.992,-36.726],[149.977,-36.77],[149.941,-36.812],[149.934,-36.844],[149.95,-36.855],[149.93,-36.874],[149.938,-36.902],[149.92,-36.895],[149.905,-36.915],[149.913,-36.945],[149.946,-36.949],[149.927,-36.992],[149.948,-37.018],[149.945,-37.054],[149.923,-37.046],[149.915,-37.076],[149.873,-37.083],[149.878,-37.101],[149.911,-37.112],[149.954,-37.101],[149.988,-37.141],[150.005,-37.141],[150.023,-37.212],[150.011,-37.212],[150.052,-37.262],[149.987,-37.24],[149.944,-37.278],[149.97,-37.31],[149.95,-37.375],[149.957,-37.423],[149.975,-37.445],[149.977,-37.505],[149.277,-37.227],[149.348,-37.107],[149.409,-36.748],[149.536,-36.311],[149.622,-35.861],[149.688,-35.649],[149.758,-35.507],[149.972,-35.172],[150.223,-34.82],[150.426,-34.224],[150.666,-33.785],[150.711,-33.502],[150.757,-33.377],[150.844,-33.259],[151.058,-33.065],[151.296,-32.738],[151.557,-32.447],[151.67,-32.353],[151.926,-32.208],[151.987,-32.138],[152.121,-31.826],[152.355,-31.438],[152.446,-31.21],[152.498,-30.976],[152.501,-30.658],[152.52,-30.506],[152.568,-30.327],[152.689,-30],[153.221,-30],[153.205,-30.026]]]]},"properties":{"region":"A2","area":"NSW"}},{"type":"Feature","geometry":{"type":"MultiPolygon","coordinates":[[[[159.073,-31.6],[159.071,-31.599],[159.073,-31.599],[159.073,-31.6]]],[[[159.106,-31.54],[159.106,-31.541],[159.105,-31.54],[159.106,-31.54]]],[[[159.109,-31.54],[159.106,-31.542],[159.106,-31.54],[159.109,-31.54]]],[[[159.06,-31.534],[159.061,-31.535],[159.058,-31.535],[159.06,-31.534]]],[[[159.065,-31.51],[159.105,-31.564],[159.074,-31.598],[159.077,-31.543],[159.037,-31.517],[159.065,-31.51]]],[[[159.063,-31.508],[159.064,-31.509],[159.063,-31.509],[159.063,-31.508]]],[[[159.068,-31.505],[159.068,-31.504],[159.069,-31.504],[159.068,-31.505]]],[[[159.074,-31.502],[159.073,-31.503],[159.072,-31.502],[159.074,-31.502]]],[[[159.065,-31.502],[159.064,-31.502],[159.064,-31.501],[159.065,-31.502]]],[[[159.07,-31.498],[159.07,-31.502],[159.066,-31.498],[159.07,-31.498]]],[[[159.071,-31.496],[159.07,-31.496],[159.071,-31.494],[159.071,-31.496]]],[[[159.071,-31.487],[159.072,-31.487],[159.071,-31.488],[159.071,-31.487]]]]},"properties":{"region":"A2","area":"Lord Howe Island"}},{"type":"Feature","geometry":{"type":"Polygon","coordinates":[[[149.6,-35.974],[149.536,-36.311],[149.399,-36.792],[149.348,-37.107],[149.277,-37.227],[148.195,-36.796],[148.183,-36.805],[148.157,-36.79],[148.12,-36.806],[148.1,-36.79],[148.189,-36.689],[148.221,-36.627],[148.219,-36.6],[148.153,-36.56],[148.134,-36.566],[148.125,-36.464],[148.089,-36.452],[148.079,-36.42],[148.039,-36.39],[148.052,-36.325],[148.034,-36.284],[148.042,-36.207],[148.023,-36.18],[148.038,-36.141],[147.992,-36.12],[148,-36.1],[147.981,-36.087],[147.997,-36.048],[147.931,-36.044],[147.912,-35.995],[147.879,-35.991],[147.933,-35.885],[148.032,-35.472],[148.149,-35.145],[148.276,-34.906],[148.727,-34.21],[148.886,-33.784],[149.064,-33.402],[149.175,-33.042],[149.258,-32.851],[149.362,-32.675],[149.486,-32.513],[149.793,-32.197],[150.324,-31.585],[150.639,-31.285],[150.817,-31.036],[150.903,-30.859],[150.962,-30.366],[151.054,-30],[152.689,-30],[152.568,-30.327],[152.52,-30.506],[152.501,-30.658],[152.5,-30.954],[152.48,-31.081],[152.427,-31.267],[152.329,-31.489],[152.121,-31.826],[151.962,-32.175],[151.9,-32.227],[151.67,-32.353],[151.557,-32.447],[151.296,-32.738],[151.058,-33.065],[150.844,-33.259],[150.775,-33.346],[150.711,-33.502],[150.666,-33.785],[150.426,-34.224],[150.236,-34.792],[149.738,-35.542],[149.653,-35.747],[149.6,-35.974]]]},"properties":{"region":"A3","area":"NSW"}},{"type":"Feature","geometry":{"type":"MultiPolygon","coordinates":[[[[146.372,-43.74],[146.371,-43.736],[146.375,-43.738],[146.372,-43.74]]],[[[146.262,-43.663],[146.264,-43.663],[146.26,-43.663],[146.262,-43.663]]],[[[146.256,-43.662],[146.257,-43.663],[146.254,-43.662],[146.256,-43.662]]],[[[146.247,-43.661],[146.248,-43.662],[146.247,-43.662],[146.247,-43.661]]],[[[146.266,-43.661],[146.266,-43.662],[146.264,-43.661],[146.266,-43.661]]],[[[146.252,-43.661],[146.253,-43.662],[146.249,-43.662],[146.252,-43.661]]],[[[146.375,-43.642],[146.374,-43.646],[146.373,-43.644],[146.375,-43.642]]],[[[146.382,-43.639],[146.384,-43.64],[146.382,-43.639],[146.382,-43.639]]],[[[146.276,-43.636],[146.286,-43.651],[146.268,-43.658],[146.276,-43.636]]],[[[146.272,-43.63],[146.278,-43.633],[146.276,-43.634],[146.272,-43.63]]],[[[146.258,-43.629],[146.256,-43.63],[146.257,-43.629],[146.258,-43.629]]],[[[146.258,-43.629],[146.258,-43.629],[146.257,-43.629],[146.258,-43.629]]],[[[146.292,-43.613],[146.297,-43.62],[146.287,-43.624],[146.292,-43.613]]],[[[146.64,-43.589],[146.64,-43.589],[146.64,-43.589],[146.64,-43.589]]],[[[146.64,-43.588],[146.64,-43.588],[146.64,-43.588],[146.64,-43.588]]],[[[146.349,-43.587],[146.378,-43.596],[146.345,-43.606],[146.337,-43.592],[146.349,-43.587]]],[[[146.639,-43.585],[146.639,-43.585],[146.64,-43.585],[146.639,-43.585]]],[[[146.604,-43.571],[146.602,-43.572],[146.602,-43.571],[146.604,-43.571]]],[[[146.587,-43.567],[146.581,-43.572],[146.582,-43.569],[146.587,-43.567]]],[[[146.535,-43.564],[146.515,-43.582],[146.525,-43.566],[146.535,-43.564]]],[[[146.605,-43.561],[146.604,-43.561],[146.605,-43.561],[146.605,-43.561]]],[[[146.069,-43.559],[146.07,-43.56],[146.069,-43.56],[146.069,-43.559]]],[[[146.109,-43.559],[146.108,-43.559],[146.108,-43.558],[146.109,-43.559]]],[[[146.097,-43.558],[146.096,-43.557],[146.097,-43.556],[146.097,-43.558]]],[[[146.995,-43.552],[146.993,-43.553],[146.992,-43.551],[146.995,-43.552]]],[[[146.926,-43.545],[146.925,-43.545],[146.926,-43.544],[146.926,-43.545]]],[[[146.421,-43.539],[146.42,-43.539],[146.421,-43.539],[146.421,-43.539]]],[[[146.419,-43.538],[146.419,-43.539],[146.418,-43.539],[146.419,-43.538]]],[[[146.357,-43.538],[146.356,-43.538],[146.357,-43.537],[146.357,-43.538]]],[[[146.367,-43.535],[146.368,-43.536],[146.366,-43.536],[146.367,-43.535]]],[[[146.32,-43.536],[146.319,-43.535],[146.32,-43.535],[146.32,-43.536]]],[[[146.38,-43.536],[146.379,-43.536],[146.38,-43.535],[146.38,-43.536]]],[[[146.324,-43.533],[146.325,-43.533],[146.324,-43.533],[146.324,-43.533]]],[[[146.358,-43.532],[146.365,-43.535],[146.355,-43.537],[146.358,-43.532]]],[[[146.324,-43.529],[146.323,-43.529],[146.324,-43.529],[146.324,-43.529]]],[[[146.123,-43.529],[146.123,-43.53],[146.123,-43.529],[146.123,-43.529]]],[[[147.298,-43.529],[147.296,-43.529],[147.298,-43.528],[147.298,-43.529]]],[[[146.119,-43.528],[146.12,-43.531],[146.117,-43.528],[146.119,-43.528]]],[[[147.297,-43.528],[147.297,-43.528],[147.298,-43.528],[147.297,-43.528]]],[[[147.299,-43.527],[147.298,-43.527],[147.299,-43.527],[147.299,-43.527]]],[[[147.297,-43.527],[147.296,-43.527],[147.297,-43.526],[147.297,-43.527]]],[[[147.299,-43.525],[147.297,-43.527],[147.298,-43.525],[147.299,-43.525]]],[[[146.997,-43.535],[146.995,-43.527],[147,-43.524],[146.997,-43.535]]],[[[147.294,-43.524],[147.293,-43.528],[147.292,-43.524],[147.294,-43.524]]],[[[146.154,-43.519],[146.154,-43.519],[146.154,-43.519],[146.154,-43.519]]],[[[146.163,-43.518],[146.163,-43.519],[146.162,-43.518],[146.163,-43.518]]],[[[146.903,-43.519],[146.902,-43.517],[146.903,-43.517],[146.903,-43.519]]],[[[147.302,-43.517],[147.301,-43.517],[147.302,-43.516],[147.302,-43.517]]],[[[146.901,-43.517],[146.901,-43.516],[146.902,-43.516],[146.901,-43.517]]],[[[146.559,-43.514],[146.561,-43.515],[146.559,-43.516],[146.559,-43.514]]],[[[147.292,-43.512],[147.292,-43.512],[147.292,-43.511],[147.292,-43.512]]],[[[147.135,-43.499],[147.135,-43.499],[147.135,-43.498],[147.135,-43.499]]],[[[147.133,-43.498],[147.133,-43.498],[147.134,-43.498],[147.133,-43.498]]],[[[147.13,-43.499],[147.13,-43.499],[147.131,-43.498],[147.13,-43.499]]],[[[147.137,-43.498],[147.137,-43.497],[147.137,-43.497],[147.137,-43.498]]],[[[147.247,-43.494],[147.247,-43.494],[147.247,-43.494],[147.247,-43.494]]],[[[147.249,-43.494],[147.249,-43.495],[147.249,-43.494],[147.249,-43.494]]],[[[147.249,-43.494],[147.248,-43.495],[147.248,-43.494],[147.249,-43.494]]],[[[147.134,-43.494],[147.137,-43.494],[147.134,-43.499],[147.134,-43.494]]],[[[147.178,-43.493],[147.177,-43.493],[147.178,-43.493],[147.178,-43.493]]],[[[147.15,-43.493],[147.15,-43.492],[147.15,-43.493],[147.15,-43.493]]],[[[147.178,-43.492],[147.177,-43.492],[147.178,-43.492],[147.178,-43.492]]],[[[146.947,-43.492],[146.945,-43.493],[146.947,-43.491],[146.947,-43.492]]],[[[147.153,-43.491],[147.152,-43.491],[147.153,-43.491],[147.153,-43.491]]],[[[147.169,-43.49],[147.168,-43.49],[147.168,-43.489],[147.169,-43.49]]],[[[146.947,-43.489],[146.947,-43.489],[146.947,-43.488],[146.947,-43.489]]],[[[146.948,-43.484],[146.948,-43.482],[146.948,-43.483],[146.948,-43.484]]],[[[147.187,-43.48],[147.186,-43.48],[147.187,-43.48],[147.187,-43.48]]],[[[146.979,-43.48],[146.977,-43.484],[146.974,-43.484],[146.979,-43.48]]],[[[147.244,-43.478],[147.243,-43.477],[147.244,-43.477],[147.244,-43.478]]],[[[147.005,-43.476],[147.004,-43.476],[147.005,-43.476],[147.005,-43.476]]],[[[147.01,-43.475],[147.011,-43.477],[147.006,-43.477],[147.01,-43.475]]],[[[147.193,-43.467],[147.193,-43.467],[147.193,-43.467],[147.193,-43.467]]],[[[146.01,-43.459],[146.011,-43.459],[146.009,-43.459],[146.01,-43.459]]],[[[146.007,-43.459],[146.006,-43.46],[146.005,-43.458],[146.007,-43.459]]],[[[146.008,-43.457],[146.008,-43.459],[146.006,-43.458],[146.008,-43.457]]],[[[146.974,-43.447],[146.973,-43.448],[146.973,-43.447],[146.974,-43.447]]],[[[146.972,-43.447],[146.972,-43.447],[146.973,-43.447],[146.972,-43.447]]],[[[147.108,-43.441],[147.108,-43.442],[147.108,-43.441],[147.108,-43.441]]],[[[147.108,-43.441],[147.108,-43.44],[147.108,-43.44],[147.108,-43.441]]],[[[147.34,-43.44],[147.342,-43.442],[147.339,-43.44],[147.34,-43.44]]],[[[146.002,-43.438],[146.003,-43.438],[146.002,-43.439],[146.002,-43.438]]],[[[147.107,-43.436],[147.107,-43.436],[147.107,-43.436],[147.107,-43.436]]],[[[145.967,-43.428],[145.967,-43.428],[145.966,-43.427],[145.967,-43.428]]],[[[147.174,-43.427],[147.174,-43.427],[147.175,-43.426],[147.174,-43.427]]],[[[146,-43.426],[145.999,-43.426],[146,-43.425],[146,-43.426]]],[[[145.954,-43.425],[145.954,-43.425],[145.954,-43.425],[145.954,-43.425]]],[[[145.97,-43.426],[145.969,-43.425],[145.97,-43.424],[145.97,-43.426]]],[[[145.959,-43.424],[145.96,-43.425],[145.958,-43.426],[145.959,-43.424]]],[[[145.953,-43.424],[145.953,-43.424],[145.953,-43.424],[145.953,-43.424]]],[[[147.207,-43.423],[147.206,-43.423],[147.207,-43.422],[147.207,-43.423]]],[[[145.932,-43.419],[145.935,-43.42],[145.932,-43.421],[145.932,-43.419]]],[[[147.208,-43.419],[147.209,-43.419],[147.209,-43.42],[147.208,-43.419]]],[[[145.922,-43.418],[145.923,-43.419],[145.922,-43.42],[145.922,-43.418]]],[[[145.921,-43.418],[145.921,-43.419],[145.92,-43.419],[145.921,-43.418]]],[[[145.926,-43.418],[145.926,-43.418],[145.926,-43.418],[145.926,-43.418]]],[[[147.209,-43.419],[147.207,-43.417],[147.209,-43.418],[147.209,-43.419]]],[[[145.97,-43.412],[145.967,-43.426],[145.963,-43.422],[145.97,-43.412]]],[[[145.931,-43.41],[145.931,-43.413],[145.929,-43.412],[145.931,-43.41]]],[[[145.933,-43.409],[145.933,-43.41],[145.933,-43.41],[145.933,-43.409]]],[[[145.933,-43.41],[145.932,-43.41],[145.932,-43.409],[145.933,-43.41]]],[[[147.359,-43.404],[147.359,-43.405],[147.358,-43.404],[147.359,-43.404]]],[[[147.364,-43.4],[147.364,-43.399],[147.364,-43.399],[147.364,-43.4]]],[[[147.366,-43.392],[147.366,-43.392],[147.366,-43.392],[147.366,-43.392]]],[[[147.104,-43.395],[147.1,-43.409],[147.094,-43.399],[147.104,-43.395]]],[[[145.93,-43.39],[145.93,-43.39],[145.93,-43.388],[145.93,-43.39]]],[[[146.156,-43.378],[146.152,-43.381],[146.153,-43.379],[146.156,-43.378]]],[[[146.16,-43.374],[146.161,-43.376],[146.158,-43.376],[146.16,-43.374]]],[[[146.154,-43.374],[146.154,-43.374],[146.154,-43.374],[146.154,-43.374]]],[[[147.382,-43.373],[147.382,-43.373],[147.382,-43.372],[147.382,-43.373]]],[[[146.155,-43.371],[146.156,-43.372],[146.155,-43.373],[146.155,-43.371]]],[[[146.148,-43.368],[146.148,-43.37],[146.145,-43.369],[146.148,-43.368]]],[[[147.341,-43.367],[147.34,-43.367],[147.34,-43.367],[147.341,-43.367]]],[[[146.141,-43.367],[146.144,-43.368],[146.141,-43.367],[146.141,-43.367]]],[[[146.178,-43.358],[146.179,-43.359],[146.178,-43.359],[146.178,-43.358]]],[[[145.982,-43.357],[145.982,-43.354],[145.985,-43.352],[145.982,-43.357]]],[[[147.374,-43.35],[147.368,-43.35],[147.37,-43.349],[147.374,-43.35]]],[[[145.96,-43.348],[145.958,-43.349],[145.959,-43.348],[145.96,-43.348]]],[[[145.961,-43.346],[145.961,-43.347],[145.959,-43.347],[145.961,-43.346]]],[[[145.963,-43.346],[145.963,-43.346],[145.963,-43.346],[145.963,-43.346]]],[[[145.962,-43.346],[145.962,-43.346],[145.962,-43.345],[145.962,-43.346]]],[[[145.96,-43.345],[145.961,-43.345],[145.959,-43.345],[145.96,-43.345]]],[[[147.009,-43.34],[147.008,-43.34],[147.009,-43.34],[147.009,-43.34]]],[[[146.051,-43.339],[146.048,-43.339],[146.05,-43.338],[146.051,-43.339]]],[[[146.996,-43.338],[146.996,-43.338],[146.996,-43.338],[146.996,-43.338]]],[[[146.997,-43.338],[146.997,-43.338],[146.998,-43.338],[146.997,-43.338]]],[[[146.012,-43.337],[146.013,-43.338],[146.008,-43.338],[146.012,-43.337]]],[[[147.009,-43.338],[147.008,-43.339],[147.006,-43.338],[147.009,-43.338]]],[[[146.999,-43.337],[146.998,-43.337],[146.999,-43.336],[146.999,-43.337]]],[[[145.966,-43.335],[145.968,-43.335],[145.966,-43.337],[145.966,-43.335]]],[[[147.044,-43.335],[147.046,-43.339],[147.037,-43.338],[147.044,-43.335]]],[[[147.042,-43.332],[147.041,-43.331],[147.042,-43.331],[147.042,-43.332]]],[[[146.987,-43.331],[146.986,-43.331],[146.984,-43.33],[146.987,-43.331]]],[[[145.996,-43.328],[145.996,-43.331],[145.994,-43.329],[145.996,-43.328]]],[[[146.987,-43.328],[146.988,-43.33],[146.985,-43.328],[146.987,-43.328]]],[[[146.979,-43.327],[146.983,-43.328],[146.978,-43.328],[146.979,-43.327]]],[[[145.966,-43.326],[145.966,-43.327],[145.966,-43.327],[145.966,-43.326]]],[[[146.977,-43.326],[146.977,-43.326],[146.977,-43.326],[146.977,-43.326]]],[[[146.981,-43.326],[146.977,-43.326],[146.978,-43.326],[146.981,-43.326]]],[[[146.977,-43.326],[146.977,-43.326],[146.977,-43.326],[146.977,-43.326]]],[[[145.968,-43.326],[145.967,-43.335],[145.964,-43.331],[145.968,-43.326]]],[[[147.032,-43.324],[147.032,-43.324],[147.031,-43.324],[147.032,-43.324]]],[[[145.968,-43.321],[145.97,-43.326],[145.967,-43.323],[145.968,-43.321]]],[[[146.16,-43.319],[146.16,-43.318],[146.161,-43.318],[146.16,-43.319]]],[[[147.224,-43.316],[147.227,-43.322],[147.216,-43.319],[147.224,-43.316]]],[[[145.807,-43.305],[145.806,-43.305],[145.806,-43.305],[145.807,-43.305]]],[[[145.808,-43.305],[145.808,-43.304],[145.808,-43.304],[145.808,-43.305]]],[[[147.307,-43.296],[147.307,-43.297],[147.306,-43.296],[147.307,-43.296]]],[[[147.307,-43.297],[147.307,-43.295],[147.307,-43.296],[147.307,-43.297]]],[[[145.816,-43.295],[145.82,-43.299],[145.817,-43.298],[145.816,-43.295]]],[[[147.181,-43.287],[147.18,-43.288],[147.18,-43.288],[147.181,-43.287]]],[[[147.148,-43.286],[147.144,-43.294],[147.138,-43.29],[147.148,-43.286]]],[[[145.81,-43.28],[145.811,-43.282],[145.81,-43.281],[145.81,-43.28]]],[[[145.814,-43.279],[145.815,-43.281],[145.812,-43.279],[145.814,-43.279]]],[[[147.426,-43.254],[147.426,-43.254],[147.425,-43.254],[147.426,-43.254]]],[[[147.134,-43.253],[147.128,-43.264],[147.128,-43.257],[147.134,-43.253]]],[[[148.005,-43.245],[148.005,-43.245],[148.005,-43.245],[148.005,-43.245]]],[[[147.794,-43.239],[147.794,-43.238],[147.794,-43.239],[147.794,-43.239]]],[[[147.78,-43.237],[147.78,-43.236],[147.78,-43.237],[147.78,-43.237]]],[[[148.003,-43.231],[148.009,-43.241],[147.999,-43.247],[148.003,-43.231]]],[[[147.782,-43.225],[147.782,-43.225],[147.782,-43.225],[147.782,-43.225]]],[[[147.78,-43.226],[147.78,-43.225],[147.781,-43.225],[147.78,-43.226]]],[[[147.984,-43.225],[147.984,-43.225],[147.984,-43.224],[147.984,-43.225]]],[[[147.262,-43.224],[147.261,-43.224],[147.261,-43.224],[147.262,-43.224]]],[[[145.785,-43.223],[145.786,-43.226],[145.783,-43.225],[145.785,-43.223]]],[[[148.011,-43.22],[148.011,-43.22],[148.012,-43.22],[148.011,-43.22]]],[[[147.966,-43.218],[147.965,-43.217],[147.966,-43.217],[147.966,-43.218]]],[[[147.949,-43.216],[147.948,-43.216],[147.948,-43.215],[147.949,-43.216]]],[[[147.996,-43.216],[147.995,-43.216],[147.996,-43.215],[147.996,-43.216]]],[[[147.946,-43.215],[147.947,-43.213],[147.947,-43.214],[147.946,-43.215]]],[[[147.86,-43.213],[147.86,-43.212],[147.86,-43.212],[147.86,-43.213]]],[[[145.921,-43.205],[145.918,-43.207],[145.919,-43.206],[145.921,-43.205]]],[[[145.913,-43.197],[145.912,-43.196],[145.913,-43.197],[145.913,-43.197]]],[[[147.29,-43.199],[147.29,-43.196],[147.292,-43.197],[147.29,-43.199]]],[[[147.413,-43.195],[147.413,-43.195],[147.413,-43.195],[147.413,-43.195]]],[[[147.711,-43.192],[147.71,-43.191],[147.71,-43.191],[147.711,-43.192]]],[[[147.895,-43.19],[147.894,-43.19],[147.895,-43.19],[147.895,-43.19]]],[[[147.705,-43.18],[147.705,-43.179],[147.705,-43.179],[147.705,-43.18]]],[[[147.293,-43.172],[147.294,-43.173],[147.292,-43.175],[147.293,-43.172]]],[[[147.871,-43.162],[147.871,-43.162],[147.871,-43.162],[147.871,-43.162]]],[[[147.871,-43.16],[147.871,-43.159],[147.871,-43.159],[147.871,-43.16]]],[[[147.696,-43.155],[147.695,-43.155],[147.696,-43.155],[147.696,-43.155]]],[[[147.697,-43.155],[147.696,-43.155],[147.696,-43.155],[147.697,-43.155]]],[[[147.867,-43.15],[147.868,-43.149],[147.868,-43.149],[147.867,-43.15]]],[[[148.004,-43.145],[148.004,-43.145],[148.004,-43.145],[148.004,-43.145]]],[[[148.007,-43.14],[148.006,-43.14],[148.006,-43.14],[148.007,-43.14]]],[[[148.006,-43.14],[148.006,-43.139],[148.006,-43.139],[148.006,-43.14]]],[[[148.007,-43.139],[148.006,-43.137],[148.007,-43.138],[148.007,-43.139]]],[[[148.01,-43.138],[148.007,-43.137],[148.009,-43.135],[148.01,-43.138]]],[[[148.009,-43.135],[148.009,-43.135],[148.009,-43.135],[148.009,-43.135]]],[[[147.003,-43.137],[147.005,-43.131],[147.005,-43.131],[147.003,-43.137]]],[[[147.675,-43.137],[147.67,-43.14],[147.672,-43.129],[147.675,-43.137]]],[[[148.057,-43.123],[148.057,-43.123],[148.057,-43.123],[148.057,-43.123]]],[[[148.054,-43.123],[148.051,-43.121],[148.054,-43.121],[148.054,-43.123]]],[[[148.039,-43.121],[148.039,-43.12],[148.039,-43.12],[148.039,-43.121]]],[[[148.039,-43.12],[148.038,-43.12],[148.039,-43.12],[148.039,-43.12]]],[[[145.691,-43.114],[145.692,-43.114],[145.691,-43.114],[145.691,-43.114]]],[[[147.01,-43.116],[147.003,-43.132],[147.006,-43.114],[147.01,-43.116]]],[[[147.982,-43.112],[147.981,-43.112],[147.982,-43.112],[147.982,-43.112]]],[[[147.727,-43.112],[147.727,-43.112],[147.728,-43.112],[147.727,-43.112]]],[[[147.017,-43.113],[147.017,-43.112],[147.018,-43.112],[147.017,-43.113]]],[[[147.981,-43.112],[147.981,-43.112],[147.98,-43.112],[147.981,-43.112]]],[[[145.689,-43.112],[145.688,-43.113],[145.688,-43.111],[145.689,-43.112]]],[[[147.727,-43.111],[147.726,-43.111],[147.727,-43.111],[147.727,-43.111]]],[[[147.009,-43.111],[147.008,-43.109],[147.009,-43.108],[147.009,-43.111]]],[[[147.01,-43.107],[147.01,-43.107],[147.01,-43.107],[147.01,-43.107]]],[[[147.011,-43.107],[147.01,-43.107],[147.011,-43.107],[147.011,-43.107]]],[[[147.983,-43.107],[147.985,-43.107],[147.982,-43.107],[147.983,-43.107]]],[[[147.739,-43.106],[147.739,-43.105],[147.739,-43.105],[147.739,-43.106]]],[[[147.004,-43.106],[147.004,-43.106],[147.004,-43.105],[147.004,-43.106]]],[[[147.972,-43.101],[147.971,-43.1],[147.972,-43.1],[147.972,-43.101]]],[[[147.008,-43.098],[147.009,-43.095],[147.01,-43.094],[147.008,-43.098]]],[[[147.018,-43.101],[147,-43.121],[147.016,-43.09],[147.018,-43.101]]],[[[147.967,-43.085],[147.966,-43.085],[147.967,-43.085],[147.967,-43.085]]],[[[145.667,-43.082],[145.667,-43.082],[145.668,-43.082],[145.667,-43.082]]],[[[145.669,-43.082],[145.669,-43.081],[145.669,-43.081],[145.669,-43.082]]],[[[147.018,-43.08],[147.018,-43.079],[147.019,-43.08],[147.018,-43.08]]],[[[147.03,-43.078],[147.02,-43.091],[147.016,-43.09],[147.03,-43.078]]],[[[147.03,-43.077],[147.029,-43.076],[147.03,-43.076],[147.03,-43.077]]],[[[147.626,-43.076],[147.626,-43.076],[147.626,-43.076],[147.626,-43.076]]],[[[147.96,-43.077],[147.96,-43.075],[147.961,-43.076],[147.96,-43.077]]],[[[147.961,-43.076],[147.96,-43.076],[147.96,-43.075],[147.961,-43.076]]],[[[147.49,-43.072],[147.489,-43.072],[147.489,-43.072],[147.49,-43.072]]],[[[147.489,-43.071],[147.489,-43.071],[147.49,-43.071],[147.489,-43.071]]],[[[147.486,-43.068],[147.486,-43.069],[147.485,-43.068],[147.486,-43.068]]],[[[147.356,-43.064],[147.401,-43.127],[147.392,-43.162],[147.409,-43.169],[147.433,-43.24],[147.426,-43.253],[147.41,-43.241],[147.369,-43.257],[147.322,-43.304],[147.334,-43.368],[147.367,-43.35],[147.382,-43.372],[147.338,-43.423],[147.344,-43.438],[147.321,-43.47],[147.327,-43.497],[147.295,-43.516],[147.263,-43.488],[147.247,-43.493],[147.246,-43.44],[147.201,-43.437],[147.242,-43.426],[147.227,-43.413],[147.202,-43.419],[147.204,-43.453],[147.18,-43.471],[147.183,-43.489],[147.138,-43.493],[147.136,-43.458],[147.094,-43.428],[147.097,-43.412],[147.122,-43.416],[147.16,-43.464],[147.18,-43.458],[147.174,-43.438],[147.192,-43.429],[147.168,-43.409],[147.186,-43.388],[147.179,-43.353],[147.213,-43.382],[147.218,-43.362],[147.234,-43.364],[147.222,-43.34],[147.271,-43.296],[147.291,-43.242],[147.306,-43.297],[147.318,-43.295],[147.358,-43.256],[147.341,-43.219],[147.383,-43.207],[147.379,-43.176],[147.332,-43.185],[147.342,-43.17],[147.299,-43.181],[147.301,-43.168],[147.276,-43.167],[147.296,-43.157],[147.282,-43.144],[147.31,-43.134],[147.329,-43.152],[147.337,-43.137],[147.356,-43.141],[147.361,-43.114],[147.328,-43.131],[147.33,-43.115],[147.307,-43.113],[147.356,-43.064]]],[[[147.039,-43.06],[147.039,-43.06],[147.04,-43.059],[147.039,-43.06]]],[[[147.418,-43.058],[147.418,-43.059],[147.416,-43.059],[147.418,-43.058]]],[[[147.04,-43.058],[147.023,-43.077],[147.031,-43.059],[147.04,-43.058]]],[[[147.485,-43.045],[147.488,-43.065],[147.472,-43.047],[147.485,-43.045]]],[[[147.484,-43.037],[147.484,-43.037],[147.484,-43.037],[147.484,-43.037]]],[[[147.484,-43.037],[147.484,-43.036],[147.484,-43.036],[147.484,-43.037]]],[[[147.485,-43.036],[147.485,-43.036],[147.485,-43.036],[147.485,-43.036]]],[[[147.947,-43.032],[147.947,-43.033],[147.945,-43.031],[147.947,-43.032]]],[[[147.483,-43.031],[147.483,-43.031],[147.483,-43.031],[147.483,-43.031]]],[[[147.483,-43.031],[147.483,-43.031],[147.483,-43.031],[147.483,-43.031]]],[[[147.482,-43.031],[147.482,-43.031],[147.483,-43.031],[147.482,-43.031]]],[[[147.854,-43.027],[147.846,-43.027],[147.851,-43.025],[147.854,-43.027]]],[[[147.271,-43.025],[147.27,-43.025],[147.27,-43.025],[147.271,-43.025]]],[[[147.272,-43.024],[147.273,-43.024],[147.271,-43.025],[147.272,-43.024]]],[[[147.271,-43.022],[147.271,-43.022],[147.271,-43.022],[147.271,-43.022]]],[[[147.272,-43.022],[147.272,-43.022],[147.272,-43.022],[147.272,-43.022]]],[[[147.271,-43.022],[147.271,-43.022],[147.271,-43.022],[147.271,-43.022]]],[[[147.274,-43.021],[147.273,-43.02],[147.275,-43.021],[147.274,-43.021]]],[[[145.628,-43.019],[145.628,-43.02],[145.628,-43.02],[145.628,-43.019]]],[[[145.619,-43.015],[145.619,-43.015],[145.619,-43.015],[145.619,-43.015]]],[[[145.608,-43.011],[145.608,-43.011],[145.609,-43.011],[145.608,-43.011]]],[[[147.941,-43.01],[147.941,-43.01],[147.941,-43.01],[147.941,-43.01]]],[[[147.942,-43.009],[147.942,-43.009],[147.942,-43.009],[147.942,-43.009]]],[[[147.941,-43.009],[147.94,-43.009],[147.941,-43.009],[147.941,-43.009]]],[[[147.942,-43.009],[147.941,-43.009],[147.941,-43.009],[147.942,-43.009]]],[[[145.609,-43.009],[145.607,-43.009],[145.608,-43.009],[145.609,-43.009]]],[[[147.846,-43.006],[147.845,-43.007],[147.846,-43.006],[147.846,-43.006]]],[[[147.836,-43.006],[147.835,-43.006],[147.836,-43.005],[147.836,-43.006]]],[[[147.838,-43.004],[147.837,-43.003],[147.838,-43.003],[147.838,-43.004]]],[[[147.954,-43.001],[147.954,-43.001],[147.954,-43.001],[147.954,-43.001]]],[[[147.959,-42.991],[147.959,-42.991],[147.959,-42.991],[147.959,-42.991]]],[[[147.72,-42.988],[147.719,-42.988],[147.719,-42.988],[147.72,-42.988]]],[[[147.96,-42.987],[147.96,-42.987],[147.96,-42.987],[147.96,-42.987]]],[[[147.823,-42.977],[147.823,-42.978],[147.823,-42.978],[147.823,-42.977]]],[[[147.392,-42.977],[147.392,-42.977],[147.392,-42.976],[147.392,-42.977]]],[[[147.988,-42.973],[147.988,-42.973],[147.988,-42.972],[147.988,-42.973]]],[[[145.49,-42.969],[145.49,-42.97],[145.488,-42.97],[145.49,-42.969]]],[[[147.403,-42.969],[147.403,-42.969],[147.403,-42.969],[147.403,-42.969]]],[[[148.004,-42.961],[148.003,-42.96],[148.004,-42.96],[148.004,-42.961]]],[[[148.002,-42.96],[148.002,-42.96],[148.002,-42.96],[148.002,-42.96]]],[[[148.001,-42.96],[148,-42.96],[147.999,-42.96],[148.001,-42.96]]],[[[148.006,-42.959],[148.006,-42.96],[148.005,-42.959],[148.006,-42.959]]],[[[147.824,-42.951],[147.822,-42.954],[147.818,-42.951],[147.824,-42.951]]],[[[147.642,-42.943],[147.646,-42.959],[147.635,-42.949],[147.642,-42.943]]],[[[147.658,-42.942],[147.657,-42.942],[147.657,-42.942],[147.658,-42.942]]],[[[147.789,-42.95],[147.78,-42.946],[147.781,-42.94],[147.789,-42.95]]],[[[147.857,-42.94],[147.856,-42.94],[147.857,-42.939],[147.857,-42.94]]],[[[147.787,-42.91],[147.783,-42.913],[147.784,-42.911],[147.787,-42.91]]],[[[147.649,-42.907],[147.65,-42.908],[147.649,-42.908],[147.649,-42.907]]],[[[147.979,-42.882],[147.978,-42.883],[147.978,-42.882],[147.979,-42.882]]],[[[147.974,-42.883],[147.973,-42.883],[147.973,-42.881],[147.974,-42.883]]],[[[147.976,-42.882],[147.978,-42.881],[147.977,-42.883],[147.976,-42.882]]],[[[147.602,-42.869],[147.6,-42.867],[147.602,-42.866],[147.602,-42.869]]],[[[147.602,-42.865],[147.601,-42.865],[147.602,-42.865],[147.602,-42.865]]],[[[147.601,-42.864],[147.601,-42.865],[147.601,-42.864],[147.601,-42.864]]],[[[147.977,-42.857],[147.976,-42.857],[147.976,-42.856],[147.977,-42.857]]],[[[147.976,-42.855],[147.974,-42.857],[147.975,-42.854],[147.976,-42.855]]],[[[147.906,-42.842],[147.94,-42.877],[147.971,-42.864],[147.958,-42.882],[147.999,-42.915],[147.983,-42.941],[147.995,-42.971],[147.926,-43.021],[147.95,-43.035],[147.945,-43.059],[147.981,-43.107],[147.981,-43.123],[147.954,-43.137],[148.006,-43.139],[147.964,-43.192],[148.012,-43.222],[147.95,-43.216],[147.945,-43.195],[147.897,-43.191],[147.895,-43.138],[147.886,-43.123],[147.867,-43.129],[147.863,-43.108],[147.85,-43.124],[147.866,-43.137],[147.846,-43.154],[147.861,-43.165],[147.87,-43.152],[147.853,-43.18],[147.876,-43.192],[147.875,-43.206],[147.845,-43.188],[147.822,-43.198],[147.797,-43.217],[147.798,-43.242],[147.772,-43.211],[147.717,-43.198],[147.716,-43.178],[147.695,-43.167],[147.698,-43.146],[147.685,-43.139],[147.703,-43.122],[147.731,-43.125],[147.734,-43.111],[147.716,-43.105],[147.748,-43.112],[147.741,-43.096],[147.684,-43.102],[147.627,-43.074],[147.618,-43.008],[147.679,-42.992],[147.685,-42.975],[147.664,-42.944],[147.679,-42.935],[147.731,-42.957],[147.708,-43.004],[147.727,-43.019],[147.718,-43.028],[147.74,-43.014],[147.749,-43.043],[147.767,-43.033],[147.774,-43.055],[147.807,-43.046],[147.814,-43.061],[147.841,-43.06],[147.845,-43.031],[147.86,-43.057],[147.872,-43.023],[147.925,-43.016],[147.847,-43.013],[147.838,-42.992],[147.857,-42.983],[147.811,-42.962],[147.866,-42.947],[147.815,-42.938],[147.822,-42.908],[147.803,-42.893],[147.876,-42.889],[147.908,-42.909],[147.904,-42.882],[147.861,-42.875],[147.906,-42.842]]],[[[147.487,-42.818],[147.489,-42.821],[147.486,-42.82],[147.487,-42.818]]],[[[147.49,-42.819],[147.49,-42.818],[147.49,-42.818],[147.49,-42.819]]],[[[147.491,-42.818],[147.491,-42.818],[147.491,-42.817],[147.491,-42.818]]],[[[147.531,-42.815],[147.532,-42.816],[147.531,-42.815],[147.531,-42.815]]],[[[147.559,-42.815],[147.559,-42.811],[147.561,-42.814],[147.559,-42.815]]],[[[147.536,-42.806],[147.535,-42.806],[147.535,-42.805],[147.536,-42.806]]],[[[147.548,-42.793],[147.547,-42.793],[147.548,-42.793],[147.548,-42.793]]],[[[147.452,-42.781],[147.452,-42.781],[147.453,-42.781],[147.452,-42.781]]],[[[147.458,-42.778],[147.458,-42.778],[147.457,-42.778],[147.458,-42.778]]],[[[145.379,-42.778],[145.377,-42.777],[145.378,-42.777],[145.379,-42.778]]],[[[145.379,-42.774],[145.379,-42.777],[145.378,-42.775],[145.379,-42.774]]],[[[147.459,-42.77],[147.459,-42.769],[147.459,-42.769],[147.459,-42.77]]],[[[147.457,-42.77],[147.465,-42.772],[147.463,-42.774],[147.457,-42.77]]],[[[147.458,-42.768],[147.458,-42.768],[147.458,-42.768],[147.458,-42.768]]],[[[147.148,-42.754],[147.15,-42.752],[147.152,-42.752],[147.148,-42.754]]],[[[147.19,-42.737],[147.189,-42.737],[147.19,-42.737],[147.19,-42.737]]],[[[147.191,-42.737],[147.193,-42.737],[147.191,-42.738],[147.191,-42.737]]],[[[147.188,-42.736],[147.188,-42.736],[147.188,-42.736],[147.188,-42.736]]],[[[147.185,-42.736],[147.185,-42.736],[147.187,-42.737],[147.185,-42.736]]],[[[147.189,-42.736],[147.188,-42.735],[147.189,-42.736],[147.189,-42.736]]],[[[147.185,-42.736],[147.185,-42.736],[147.185,-42.735],[147.185,-42.736]]],[[[147.189,-42.735],[147.189,-42.735],[147.188,-42.735],[147.189,-42.735]]],[[[147.186,-42.735],[147.186,-42.736],[147.185,-42.735],[147.186,-42.735]]],[[[147.186,-42.735],[147.186,-42.734],[147.186,-42.734],[147.186,-42.735]]],[[[147.193,-42.734],[147.192,-42.734],[147.193,-42.734],[147.193,-42.734]]],[[[147.186,-42.735],[147.186,-42.734],[147.187,-42.734],[147.186,-42.735]]],[[[147.185,-42.734],[147.185,-42.734],[147.185,-42.734],[147.185,-42.734]]],[[[147.186,-42.734],[147.186,-42.734],[147.186,-42.733],[147.186,-42.734]]],[[[147.186,-42.733],[147.186,-42.733],[147.186,-42.733],[147.186,-42.733]]],[[[147.187,-42.733],[147.187,-42.733],[147.187,-42.733],[147.187,-42.733]]],[[[147.192,-42.733],[147.192,-42.735],[147.186,-42.735],[147.192,-42.733]]],[[[147.197,-42.732],[147.201,-42.735],[147.194,-42.734],[147.197,-42.732]]],[[[147.188,-42.733],[147.188,-42.733],[147.188,-42.732],[147.188,-42.733]]],[[[147.187,-42.732],[147.187,-42.732],[147.187,-42.733],[147.187,-42.732]]],[[[147.187,-42.732],[147.187,-42.732],[147.187,-42.732],[147.187,-42.732]]],[[[147.188,-42.732],[147.188,-42.732],[147.188,-42.732],[147.188,-42.732]]],[[[147.191,-42.732],[147.19,-42.732],[147.191,-42.732],[147.191,-42.732]]],[[[147.189,-42.732],[147.19,-42.732],[147.19,-42.732],[147.189,-42.732]]],[[[147.191,-42.732],[147.191,-42.732],[147.192,-42.732],[147.191,-42.732]]],[[[147.192,-42.732],[147.192,-42.732],[147.192,-42.732],[147.192,-42.732]]],[[[147.189,-42.732],[147.189,-42.732],[147.189,-42.732],[147.189,-42.732]]],[[[147.198,-42.731],[147.197,-42.731],[147.197,-42.731],[147.198,-42.731]]],[[[147.198,-42.731],[147.197,-42.731],[147.197,-42.73],[147.198,-42.731]]],[[[147.197,-42.731],[147.195,-42.731],[147.197,-42.73],[147.197,-42.731]]],[[[147.195,-42.728],[147.194,-42.727],[147.196,-42.727],[147.195,-42.728]]],[[[147.939,-42.649],[147.938,-42.649],[147.938,-42.649],[147.939,-42.649]]],[[[147.942,-42.649],[147.941,-42.649],[147.94,-42.649],[147.942,-42.649]]],[[[147.938,-42.649],[147.937,-42.648],[147.938,-42.649],[147.938,-42.649]]],[[[147.935,-42.646],[147.937,-42.646],[147.937,-42.647],[147.935,-42.646]]],[[[147.979,-42.643],[147.977,-42.644],[147.977,-42.642],[147.979,-42.643]]],[[[145.287,-42.634],[145.286,-42.635],[145.285,-42.633],[145.287,-42.634]]],[[[145.269,-42.629],[145.269,-42.629],[145.267,-42.63],[145.269,-42.629]]],[[[145.278,-42.603],[145.278,-42.606],[145.275,-42.604],[145.278,-42.603]]],[[[148.074,-42.57],[148.12,-42.585],[148.141,-42.631],[148.169,-42.65],[148.145,-42.667],[148.081,-42.662],[148.068,-42.681],[148.087,-42.689],[148.093,-42.721],[148.065,-42.717],[148.015,-42.743],[148.013,-42.72],[148.039,-42.684],[148.067,-42.674],[148.05,-42.656],[148.009,-42.661],[148.038,-42.649],[148.025,-42.629],[148.074,-42.57]]],[[[148.07,-42.561],[148.072,-42.564],[148.068,-42.563],[148.07,-42.561]]],[[[145.275,-42.557],[145.277,-42.558],[145.274,-42.559],[145.275,-42.557]]],[[[147.91,-42.515],[147.91,-42.515],[147.91,-42.515],[147.91,-42.515]]],[[[147.911,-42.512],[147.912,-42.512],[147.911,-42.512],[147.911,-42.512]]],[[[147.912,-42.512],[147.911,-42.511],[147.912,-42.511],[147.912,-42.512]]],[[[147.909,-42.511],[147.909,-42.51],[147.909,-42.511],[147.909,-42.511]]],[[[147.909,-42.51],[147.91,-42.51],[147.909,-42.51],[147.909,-42.51]]],[[[147.91,-42.51],[147.91,-42.51],[147.91,-42.51],[147.91,-42.51]]],[[[148.01,-42.457],[148.01,-42.457],[148.01,-42.457],[148.01,-42.457]]],[[[145.223,-42.419],[145.224,-42.42],[145.223,-42.42],[145.223,-42.419]]],[[[145.451,-42.386],[145.446,-42.391],[145.447,-42.387],[145.451,-42.386]]],[[[145.459,-42.384],[145.46,-42.385],[145.459,-42.385],[145.459,-42.384]]],[[[148.314,-42.364],[148.313,-42.364],[148.314,-42.364],[148.314,-42.364]]],[[[148.315,-42.363],[148.315,-42.363],[148.316,-42.363],[148.315,-42.363]]],[[[148.317,-42.36],[148.315,-42.362],[148.311,-42.359],[148.317,-42.36]]],[[[148.313,-42.356],[148.312,-42.356],[148.312,-42.355],[148.313,-42.356]]],[[[148.314,-42.355],[148.314,-42.356],[148.312,-42.355],[148.314,-42.355]]],[[[148.34,-42.346],[148.34,-42.347],[148.34,-42.347],[148.34,-42.346]]],[[[147.946,-42.346],[147.946,-42.346],[147.946,-42.346],[147.946,-42.346]]],[[[145.505,-42.345],[145.501,-42.349],[145.498,-42.346],[145.505,-42.345]]],[[[147.949,-42.342],[147.951,-42.343],[147.944,-42.343],[147.949,-42.342]]],[[[147.953,-42.341],[147.952,-42.341],[147.951,-42.341],[147.953,-42.341]]],[[[147.954,-42.341],[147.956,-42.343],[147.957,-42.34],[147.954,-42.341]]],[[[147.95,-42.339],[147.955,-42.34],[147.951,-42.341],[147.95,-42.339]]],[[[148.286,-42.336],[148.286,-42.336],[148.287,-42.336],[148.286,-42.336]]],[[[145.453,-42.335],[145.451,-42.336],[145.448,-42.334],[145.453,-42.335]]],[[[147.986,-42.324],[147.986,-42.324],[147.986,-42.324],[147.986,-42.324]]],[[[147.983,-42.322],[147.984,-42.323],[147.983,-42.323],[147.983,-42.322]]],[[[147.988,-42.322],[147.988,-42.322],[147.988,-42.322],[147.988,-42.322]]],[[[147.977,-42.323],[147.977,-42.318],[147.982,-42.316],[147.977,-42.323]]],[[[145.179,-42.307],[145.178,-42.308],[145.178,-42.307],[145.179,-42.307]]],[[[145.178,-42.308],[145.177,-42.306],[145.178,-42.307],[145.178,-42.308]]],[[[148.296,-42.292],[148.346,-42.342],[148.242,-42.323],[148.236,-42.306],[148.253,-42.294],[148.296,-42.292]]],[[[145.273,-42.271],[145.272,-42.272],[145.272,-42.271],[145.273,-42.271]]],[[[148.309,-42.271],[148.309,-42.271],[148.308,-42.271],[148.309,-42.271]]],[[[148.026,-42.255],[148.026,-42.255],[148.027,-42.255],[148.026,-42.255]]],[[[148.026,-42.254],[148.026,-42.254],[148.027,-42.254],[148.026,-42.254]]],[[[148.027,-42.253],[148.026,-42.254],[148.025,-42.253],[148.027,-42.253]]],[[[145.197,-42.25],[145.197,-42.251],[145.197,-42.25],[145.197,-42.25]]],[[[145.197,-42.25],[145.197,-42.25],[145.198,-42.25],[145.197,-42.25]]],[[[145.198,-42.249],[145.198,-42.25],[145.197,-42.249],[145.198,-42.249]]],[[[145.192,-42.245],[145.192,-42.245],[145.191,-42.245],[145.192,-42.245]]],[[[145.189,-42.244],[145.189,-42.244],[145.189,-42.243],[145.189,-42.244]]],[[[145.189,-42.238],[145.188,-42.238],[145.189,-42.238],[145.189,-42.238]]],[[[148.329,-42.232],[148.329,-42.232],[148.329,-42.232],[148.329,-42.232]]],[[[148.336,-42.232],[148.336,-42.232],[148.336,-42.232],[148.336,-42.232]]],[[[145.192,-42.231],[145.192,-42.23],[145.192,-42.23],[145.192,-42.231]]],[[[148.335,-42.23],[148.335,-42.23],[148.336,-42.229],[148.335,-42.23]]],[[[148.333,-42.23],[148.333,-42.229],[148.333,-42.229],[148.333,-42.23]]],[[[145.223,-42.225],[145.223,-42.225],[145.223,-42.224],[145.223,-42.225]]],[[[145.188,-42.224],[145.188,-42.224],[145.188,-42.224],[145.188,-42.224]]],[[[145.222,-42.224],[145.222,-42.224],[145.222,-42.223],[145.222,-42.224]]],[[[145.182,-42.22],[145.182,-42.219],[145.183,-42.219],[145.182,-42.22]]],[[[145.289,-42.215],[145.289,-42.215],[145.288,-42.215],[145.289,-42.215]]],[[[145.217,-42.211],[145.217,-42.211],[145.215,-42.211],[145.217,-42.211]]],[[[145.188,-42.211],[145.187,-42.211],[145.187,-42.211],[145.188,-42.211]]],[[[145.181,-42.21],[145.18,-42.209],[145.181,-42.209],[145.181,-42.21]]],[[[145.178,-42.209],[145.177,-42.209],[145.178,-42.208],[145.178,-42.209]]],[[[148.351,-42.208],[148.351,-42.208],[148.351,-42.208],[148.351,-42.208]]],[[[148.354,-42.203],[148.354,-42.204],[148.353,-42.203],[148.354,-42.203]]],[[[145.201,-42.2],[145.201,-42.199],[145.201,-42.199],[145.201,-42.2]]],[[[145.195,-42.196],[145.194,-42.196],[145.195,-42.196],[145.195,-42.196]]],[[[145.165,-42.196],[145.165,-42.196],[145.165,-42.196],[145.165,-42.196]]],[[[145.166,-42.195],[145.166,-42.196],[145.166,-42.196],[145.166,-42.195]]],[[[145.359,-42.195],[145.359,-42.194],[145.36,-42.194],[145.359,-42.195]]],[[[145.286,-42.187],[145.286,-42.188],[145.284,-42.187],[145.286,-42.187]]],[[[145.298,-42.187],[145.3,-42.189],[145.294,-42.191],[145.298,-42.187]]],[[[145.291,-42.185],[145.29,-42.184],[145.291,-42.185],[145.291,-42.185]]],[[[145.295,-42.183],[145.295,-42.182],[145.295,-42.182],[145.295,-42.183]]],[[[145.3,-42.181],[145.301,-42.182],[145.298,-42.182],[145.3,-42.181]]],[[[145.301,-42.181],[145.3,-42.181],[145.302,-42.18],[145.301,-42.181]]],[[[148.267,-42.177],[148.267,-42.177],[148.268,-42.177],[148.267,-42.177]]],[[[148.263,-42.177],[148.261,-42.179],[148.26,-42.178],[148.263,-42.177]]],[[[148.319,-42.17],[148.318,-42.17],[148.318,-42.17],[148.319,-42.17]]],[[[148.32,-42.135],[148.32,-42.135],[148.32,-42.134],[148.32,-42.135]]],[[[148.34,-42.134],[148.34,-42.134],[148.34,-42.134],[148.34,-42.134]]],[[[148.339,-42.134],[148.339,-42.134],[148.338,-42.133],[148.339,-42.134]]],[[[148.269,-42.125],[148.269,-42.125],[148.27,-42.124],[148.269,-42.125]]],[[[148.357,-42.118],[148.356,-42.119],[148.355,-42.119],[148.357,-42.118]]],[[[148.357,-42.117],[148.358,-42.118],[148.357,-42.117],[148.357,-42.117]]],[[[148.359,-42.117],[148.358,-42.117],[148.359,-42.116],[148.359,-42.117]]],[[[148.35,-42.118],[148.347,-42.117],[148.347,-42.116],[148.35,-42.118]]],[[[148.325,-42.085],[148.325,-42.085],[148.325,-42.084],[148.325,-42.085]]],[[[148.325,-42.083],[148.325,-42.083],[148.325,-42.082],[148.325,-42.083]]],[[[148.199,-42.077],[148.198,-42.075],[148.2,-42.074],[148.199,-42.077]]],[[[148.151,-42.07],[148.152,-42.071],[148.151,-42.071],[148.151,-42.07]]],[[[148.15,-42.071],[148.142,-42.073],[148.146,-42.071],[148.15,-42.071]]],[[[148.128,-42.071],[148.127,-42.07],[148.129,-42.07],[148.128,-42.071]]],[[[148.148,-42.069],[148.143,-42.068],[148.15,-42.066],[148.148,-42.069]]],[[[148.146,-42.066],[148.144,-42.066],[148.146,-42.065],[148.146,-42.066]]],[[[148.154,-42.063],[148.153,-42.064],[148.151,-42.063],[148.154,-42.063]]],[[[148.186,-42.038],[148.186,-42.037],[148.187,-42.036],[148.186,-42.038]]],[[[148.189,-42.037],[148.189,-42.036],[148.19,-42.036],[148.189,-42.037]]],[[[148.188,-42.036],[148.186,-42.036],[148.187,-42.036],[148.188,-42.036]]],[[[148.187,-42.035],[148.187,-42.035],[148.187,-42.035],[148.187,-42.035]]],[[[148.218,-42.026],[148.218,-42.026],[148.22,-42.025],[148.218,-42.026]]],[[[148.221,-42.025],[148.221,-42.024],[148.221,-42.024],[148.221,-42.025]]],[[[148.21,-42.013],[148.21,-42.013],[148.21,-42.013],[148.21,-42.013]]],[[[148.178,-42.013],[148.177,-42.014],[148.177,-42.013],[148.178,-42.013]]],[[[148.212,-42.011],[148.211,-42.011],[148.212,-42.011],[148.212,-42.011]]],[[[148.215,-42.005],[148.214,-42.005],[148.215,-42.004],[148.215,-42.005]]],[[[148.245,-41.994],[148.245,-41.996],[148.244,-41.994],[148.245,-41.994]]],[[[148.244,-41.991],[148.243,-41.99],[148.244,-41.991],[148.244,-41.991]]],[[[148.245,-41.992],[148.244,-41.99],[148.245,-41.991],[148.245,-41.992]]],[[[148.31,-41.889],[148.309,-41.888],[148.31,-41.888],[148.31,-41.889]]],[[[145.107,-41.878],[145.107,-41.878],[145.107,-41.878],[145.107,-41.878]]],[[[148.316,-41.877],[148.316,-41.877],[148.315,-41.877],[148.316,-41.877]]],[[[148.313,-41.875],[148.313,-41.876],[148.313,-41.876],[148.313,-41.875]]],[[[145.096,-41.873],[145.096,-41.873],[145.096,-41.873],[145.096,-41.873]]],[[[148.313,-41.872],[148.313,-41.875],[148.312,-41.873],[148.313,-41.872]]],[[[148.314,-41.871],[148.313,-41.872],[148.312,-41.872],[148.314,-41.871]]],[[[148.296,-41.868],[148.296,-41.869],[148.295,-41.869],[148.296,-41.868]]],[[[148.283,-41.858],[148.283,-41.858],[148.282,-41.858],[148.283,-41.858]]],[[[148.28,-41.857],[148.281,-41.857],[148.28,-41.857],[148.28,-41.857]]],[[[145.075,-41.857],[145.074,-41.856],[145.074,-41.856],[145.075,-41.857]]],[[[148.29,-41.856],[148.292,-41.858],[148.29,-41.86],[148.29,-41.856]]],[[[145.068,-41.844],[145.068,-41.844],[145.068,-41.844],[145.068,-41.844]]],[[[145.068,-41.842],[145.068,-41.842],[145.069,-41.842],[145.068,-41.842]]],[[[145.034,-41.815],[145.034,-41.815],[145.033,-41.815],[145.034,-41.815]]],[[[145.034,-41.815],[145.034,-41.814],[145.034,-41.814],[145.034,-41.815]]],[[[144.936,-41.726],[144.936,-41.725],[144.937,-41.726],[144.936,-41.726]]],[[[144.937,-41.725],[144.936,-41.726],[144.935,-41.725],[144.937,-41.725]]],[[[144.934,-41.725],[144.935,-41.726],[144.934,-41.726],[144.934,-41.725]]],[[[144.945,-41.719],[144.945,-41.719],[144.945,-41.719],[144.945,-41.719]]],[[[144.916,-41.71],[144.916,-41.71],[144.916,-41.71],[144.916,-41.71]]],[[[144.912,-41.709],[144.912,-41.709],[144.912,-41.709],[144.912,-41.709]]],[[[144.915,-41.708],[144.914,-41.708],[144.915,-41.707],[144.915,-41.708]]],[[[144.918,-41.669],[144.918,-41.669],[144.918,-41.668],[144.918,-41.669]]],[[[144.917,-41.669],[144.917,-41.668],[144.917,-41.668],[144.917,-41.669]]],[[[144.917,-41.669],[144.917,-41.668],[144.918,-41.668],[144.917,-41.669]]],[[[144.919,-41.668],[144.918,-41.668],[144.919,-41.668],[144.919,-41.668]]],[[[144.923,-41.666],[144.922,-41.665],[144.923,-41.665],[144.923,-41.666]]],[[[144.917,-41.665],[144.916,-41.666],[144.916,-41.665],[144.917,-41.665]]],[[[144.917,-41.665],[144.917,-41.665],[144.917,-41.665],[144.917,-41.665]]],[[[144.917,-41.665],[144.917,-41.665],[144.917,-41.664],[144.917,-41.665]]],[[[144.915,-41.662],[144.914,-41.662],[144.915,-41.662],[144.915,-41.662]]],[[[144.915,-41.662],[144.914,-41.662],[144.915,-41.662],[144.915,-41.662]]],[[[144.912,-41.66],[144.912,-41.66],[144.912,-41.66],[144.912,-41.66]]],[[[144.913,-41.659],[144.912,-41.659],[144.913,-41.659],[144.913,-41.659]]],[[[144.907,-41.654],[144.907,-41.654],[144.907,-41.654],[144.907,-41.654]]],[[[144.905,-41.651],[144.905,-41.651],[144.905,-41.651],[144.905,-41.651]]],[[[144.905,-41.65],[144.904,-41.649],[144.905,-41.65],[144.905,-41.65]]],[[[144.905,-41.649],[144.904,-41.649],[144.905,-41.649],[144.905,-41.649]]],[[[144.904,-41.648],[144.904,-41.648],[144.904,-41.648],[144.904,-41.648]]],[[[144.905,-41.646],[144.904,-41.646],[144.905,-41.646],[144.905,-41.646]]],[[[144.903,-41.642],[144.903,-41.641],[144.904,-41.641],[144.903,-41.642]]],[[[144.9,-41.641],[144.9,-41.641],[144.9,-41.641],[144.9,-41.641]]],[[[144.899,-41.641],[144.899,-41.641],[144.899,-41.641],[144.899,-41.641]]],[[[144.899,-41.638],[144.899,-41.638],[144.899,-41.638],[144.899,-41.638]]],[[[144.899,-41.637],[144.898,-41.636],[144.899,-41.636],[144.899,-41.637]]],[[[144.9,-41.637],[144.899,-41.636],[144.9,-41.636],[144.9,-41.637]]],[[[144.904,-41.625],[144.904,-41.625],[144.904,-41.625],[144.904,-41.625]]],[[[144.903,-41.624],[144.902,-41.623],[144.903,-41.623],[144.903,-41.624]]],[[[144.899,-41.618],[144.899,-41.618],[144.899,-41.618],[144.899,-41.618]]],[[[144.899,-41.618],[144.899,-41.617],[144.899,-41.617],[144.899,-41.618]]],[[[144.9,-41.619],[144.9,-41.618],[144.901,-41.617],[144.9,-41.619]]],[[[144.9,-41.616],[144.899,-41.616],[144.9,-41.616],[144.9,-41.616]]],[[[144.899,-41.616],[144.899,-41.615],[144.899,-41.616],[144.899,-41.616]]],[[[144.898,-41.612],[144.898,-41.612],[144.898,-41.612],[144.898,-41.612]]],[[[144.896,-41.61],[144.896,-41.609],[144.896,-41.609],[144.896,-41.61]]],[[[144.896,-41.608],[144.896,-41.608],[144.896,-41.608],[144.896,-41.608]]],[[[144.895,-41.608],[144.895,-41.608],[144.895,-41.608],[144.895,-41.608]]],[[[144.895,-41.607],[144.895,-41.607],[144.896,-41.607],[144.895,-41.607]]],[[[144.895,-41.607],[144.895,-41.607],[144.895,-41.607],[144.895,-41.607]]],[[[145.046,-41.607],[145.046,-41.606],[145.047,-41.606],[145.046,-41.607]]],[[[144.894,-41.605],[144.894,-41.605],[144.894,-41.605],[144.894,-41.605]]],[[[144.894,-41.605],[144.894,-41.605],[144.894,-41.605],[144.894,-41.605]]],[[[144.894,-41.604],[144.894,-41.604],[144.894,-41.604],[144.894,-41.604]]],[[[144.894,-41.604],[144.894,-41.604],[144.894,-41.604],[144.894,-41.604]]],[[[144.893,-41.603],[144.893,-41.603],[144.893,-41.603],[144.893,-41.603]]],[[[144.893,-41.603],[144.893,-41.603],[144.893,-41.603],[144.893,-41.603]]],[[[144.892,-41.602],[144.891,-41.601],[144.892,-41.601],[144.892,-41.602]]],[[[144.892,-41.602],[144.892,-41.602],[144.892,-41.601],[144.892,-41.602]]],[[[144.891,-41.601],[144.891,-41.601],[144.891,-41.601],[144.891,-41.601]]],[[[144.892,-41.601],[144.891,-41.6],[144.892,-41.601],[144.892,-41.601]]],[[[144.891,-41.6],[144.891,-41.6],[144.891,-41.6],[144.891,-41.6]]],[[[144.891,-41.599],[144.89,-41.598],[144.891,-41.598],[144.891,-41.599]]],[[[144.891,-41.598],[144.891,-41.598],[144.891,-41.598],[144.891,-41.598]]],[[[144.89,-41.598],[144.89,-41.597],[144.89,-41.597],[144.89,-41.598]]],[[[144.891,-41.597],[144.89,-41.597],[144.891,-41.597],[144.891,-41.597]]],[[[144.891,-41.597],[144.891,-41.597],[144.891,-41.597],[144.891,-41.597]]],[[[144.891,-41.596],[144.891,-41.596],[144.891,-41.596],[144.891,-41.596]]],[[[144.889,-41.596],[144.889,-41.596],[144.889,-41.596],[144.889,-41.596]]],[[[144.889,-41.595],[144.889,-41.595],[144.889,-41.595],[144.889,-41.595]]],[[[144.889,-41.595],[144.889,-41.595],[144.889,-41.595],[144.889,-41.595]]],[[[144.889,-41.594],[144.889,-41.594],[144.89,-41.593],[144.889,-41.594]]],[[[144.889,-41.594],[144.889,-41.593],[144.889,-41.594],[144.889,-41.594]]],[[[144.889,-41.594],[144.889,-41.593],[144.889,-41.593],[144.889,-41.594]]],[[[144.889,-41.593],[144.889,-41.593],[144.889,-41.593],[144.889,-41.593]]],[[[144.889,-41.593],[144.889,-41.592],[144.889,-41.592],[144.889,-41.593]]],[[[144.889,-41.592],[144.889,-41.592],[144.889,-41.592],[144.889,-41.592]]],[[[144.885,-41.589],[144.886,-41.589],[144.885,-41.589],[144.885,-41.589]]],[[[144.886,-41.589],[144.885,-41.588],[144.886,-41.588],[144.886,-41.589]]],[[[144.885,-41.588],[144.885,-41.588],[144.885,-41.587],[144.885,-41.588]]],[[[144.885,-41.587],[144.885,-41.587],[144.885,-41.587],[144.885,-41.587]]],[[[144.885,-41.586],[144.885,-41.586],[144.885,-41.586],[144.885,-41.586]]],[[[144.884,-41.584],[144.884,-41.583],[144.884,-41.583],[144.884,-41.584]]],[[[144.883,-41.582],[144.883,-41.582],[144.883,-41.581],[144.883,-41.582]]],[[[144.87,-41.562],[144.87,-41.562],[144.87,-41.562],[144.87,-41.562]]],[[[144.835,-41.509],[144.834,-41.508],[144.835,-41.508],[144.835,-41.509]]],[[[144.829,-41.506],[144.829,-41.506],[144.829,-41.506],[144.829,-41.506]]],[[[144.826,-41.503],[144.826,-41.503],[144.826,-41.503],[144.826,-41.503]]],[[[144.826,-41.503],[144.826,-41.503],[144.826,-41.503],[144.826,-41.503]]],[[[144.825,-41.503],[144.825,-41.503],[144.825,-41.502],[144.825,-41.503]]],[[[144.824,-41.502],[144.824,-41.502],[144.824,-41.502],[144.824,-41.502]]],[[[144.825,-41.502],[144.825,-41.502],[144.825,-41.502],[144.825,-41.502]]],[[[144.825,-41.502],[144.825,-41.502],[144.825,-41.502],[144.825,-41.502]]],[[[144.825,-41.502],[144.825,-41.502],[144.825,-41.502],[144.825,-41.502]]],[[[144.822,-41.502],[144.822,-41.502],[144.822,-41.502],[144.822,-41.502]]],[[[144.822,-41.501],[144.822,-41.501],[144.822,-41.501],[144.822,-41.501]]],[[[144.822,-41.501],[144.821,-41.501],[144.822,-41.501],[144.822,-41.501]]],[[[144.821,-41.501],[144.821,-41.501],[144.821,-41.5],[144.821,-41.501]]],[[[144.82,-41.5],[144.82,-41.5],[144.82,-41.5],[144.82,-41.5]]],[[[144.82,-41.5],[144.82,-41.5],[144.82,-41.5],[144.82,-41.5]]],[[[144.82,-41.498],[144.82,-41.498],[144.82,-41.498],[144.82,-41.498]]],[[[144.819,-41.498],[144.819,-41.498],[144.819,-41.498],[144.819,-41.498]]],[[[144.82,-41.498],[144.82,-41.498],[144.82,-41.498],[144.82,-41.498]]],[[[144.821,-41.498],[144.821,-41.498],[144.821,-41.498],[144.821,-41.498]]],[[[144.821,-41.497],[144.821,-41.497],[144.821,-41.497],[144.821,-41.497]]],[[[144.818,-41.496],[144.818,-41.496],[144.818,-41.496],[144.818,-41.496]]],[[[144.819,-41.496],[144.819,-41.496],[144.819,-41.496],[144.819,-41.496]]],[[[144.818,-41.496],[144.818,-41.496],[144.819,-41.496],[144.818,-41.496]]],[[[144.818,-41.495],[144.818,-41.495],[144.818,-41.495],[144.818,-41.495]]],[[[144.818,-41.495],[144.818,-41.495],[144.818,-41.494],[144.818,-41.495]]],[[[144.816,-41.494],[144.816,-41.494],[144.816,-41.494],[144.816,-41.494]]],[[[144.815,-41.494],[144.815,-41.494],[144.815,-41.494],[144.815,-41.494]]],[[[144.817,-41.494],[144.816,-41.494],[144.817,-41.493],[144.817,-41.494]]],[[[144.816,-41.493],[144.815,-41.493],[144.816,-41.493],[144.816,-41.493]]],[[[144.816,-41.493],[144.816,-41.493],[144.816,-41.492],[144.816,-41.493]]],[[[144.814,-41.493],[144.814,-41.492],[144.814,-41.492],[144.814,-41.493]]],[[[144.814,-41.493],[144.813,-41.492],[144.814,-41.492],[144.814,-41.493]]],[[[144.814,-41.492],[144.814,-41.492],[144.814,-41.492],[144.814,-41.492]]],[[[144.814,-41.492],[144.814,-41.492],[144.814,-41.491],[144.814,-41.492]]],[[[144.814,-41.491],[144.814,-41.491],[144.815,-41.491],[144.814,-41.491]]],[[[144.813,-41.491],[144.813,-41.491],[144.813,-41.491],[144.813,-41.491]]],[[[144.815,-41.491],[144.815,-41.491],[144.815,-41.491],[144.815,-41.491]]],[[[144.814,-41.491],[144.815,-41.49],[144.815,-41.491],[144.814,-41.491]]],[[[144.814,-41.491],[144.814,-41.491],[144.814,-41.49],[144.814,-41.491]]],[[[144.813,-41.491],[144.813,-41.49],[144.814,-41.49],[144.813,-41.491]]],[[[144.814,-41.49],[144.814,-41.49],[144.814,-41.49],[144.814,-41.49]]],[[[144.811,-41.49],[144.811,-41.49],[144.812,-41.49],[144.811,-41.49]]],[[[144.811,-41.49],[144.811,-41.49],[144.811,-41.49],[144.811,-41.49]]],[[[144.812,-41.489],[144.812,-41.489],[144.812,-41.489],[144.812,-41.489]]],[[[144.814,-41.489],[144.812,-41.49],[144.813,-41.489],[144.814,-41.489]]],[[[144.812,-41.489],[144.811,-41.489],[144.811,-41.489],[144.812,-41.489]]],[[[144.812,-41.488],[144.812,-41.488],[144.812,-41.488],[144.812,-41.488]]],[[[144.813,-41.488],[144.812,-41.488],[144.812,-41.488],[144.813,-41.488]]],[[[144.812,-41.487],[144.812,-41.486],[144.812,-41.486],[144.812,-41.487]]],[[[144.812,-41.486],[144.812,-41.486],[144.812,-41.486],[144.812,-41.486]]],[[[144.811,-41.485],[144.81,-41.485],[144.81,-41.485],[144.811,-41.485]]],[[[144.808,-41.484],[144.808,-41.484],[144.808,-41.484],[144.808,-41.484]]],[[[144.808,-41.484],[144.808,-41.484],[144.808,-41.484],[144.808,-41.484]]],[[[144.806,-41.478],[144.806,-41.478],[144.807,-41.478],[144.806,-41.478]]],[[[144.806,-41.478],[144.805,-41.478],[144.806,-41.478],[144.806,-41.478]]],[[[144.805,-41.478],[144.805,-41.478],[144.805,-41.478],[144.805,-41.478]]],[[[144.804,-41.477],[144.803,-41.477],[144.804,-41.477],[144.804,-41.477]]],[[[144.804,-41.476],[144.804,-41.476],[144.803,-41.476],[144.804,-41.476]]],[[[144.804,-41.476],[144.804,-41.476],[144.804,-41.475],[144.804,-41.476]]],[[[144.803,-41.475],[144.803,-41.475],[144.804,-41.475],[144.803,-41.475]]],[[[144.804,-41.475],[144.804,-41.475],[144.804,-41.475],[144.804,-41.475]]],[[[144.804,-41.475],[144.803,-41.475],[144.804,-41.475],[144.804,-41.475]]],[[[144.804,-41.475],[144.803,-41.474],[144.804,-41.474],[144.804,-41.475]]],[[[144.804,-41.475],[144.804,-41.474],[144.804,-41.474],[144.804,-41.475]]],[[[144.804,-41.474],[144.803,-41.474],[144.804,-41.474],[144.804,-41.474]]],[[[144.804,-41.474],[144.804,-41.474],[144.804,-41.474],[144.804,-41.474]]],[[[144.804,-41.474],[144.803,-41.474],[144.803,-41.474],[144.804,-41.474]]],[[[144.799,-41.474],[144.799,-41.474],[144.799,-41.474],[144.799,-41.474]]],[[[144.798,-41.474],[144.798,-41.473],[144.798,-41.473],[144.798,-41.474]]],[[[144.798,-41.473],[144.797,-41.473],[144.798,-41.473],[144.798,-41.473]]],[[[144.8,-41.473],[144.799,-41.473],[144.8,-41.473],[144.8,-41.473]]],[[[144.799,-41.473],[144.799,-41.473],[144.799,-41.473],[144.799,-41.473]]],[[[144.799,-41.473],[144.799,-41.472],[144.799,-41.473],[144.799,-41.473]]],[[[144.799,-41.47],[144.798,-41.47],[144.798,-41.469],[144.799,-41.47]]],[[[144.798,-41.469],[144.798,-41.469],[144.798,-41.469],[144.798,-41.469]]],[[[144.798,-41.469],[144.797,-41.469],[144.798,-41.469],[144.798,-41.469]]],[[[144.797,-41.469],[144.797,-41.468],[144.797,-41.468],[144.797,-41.469]]],[[[144.798,-41.469],[144.798,-41.468],[144.798,-41.468],[144.798,-41.469]]],[[[144.796,-41.466],[144.796,-41.466],[144.796,-41.466],[144.796,-41.466]]],[[[144.797,-41.466],[144.797,-41.466],[144.797,-41.466],[144.797,-41.466]]],[[[144.796,-41.465],[144.796,-41.465],[144.796,-41.465],[144.796,-41.465]]],[[[144.792,-41.465],[144.792,-41.465],[144.792,-41.465],[144.792,-41.465]]],[[[144.796,-41.465],[144.795,-41.465],[144.796,-41.465],[144.796,-41.465]]],[[[144.794,-41.465],[144.794,-41.465],[144.794,-41.464],[144.794,-41.465]]],[[[144.795,-41.464],[144.795,-41.464],[144.795,-41.464],[144.795,-41.464]]],[[[144.793,-41.464],[144.793,-41.464],[144.794,-41.464],[144.793,-41.464]]],[[[144.794,-41.463],[144.794,-41.463],[144.794,-41.463],[144.794,-41.463]]],[[[144.793,-41.462],[144.792,-41.462],[144.793,-41.462],[144.793,-41.462]]],[[[144.793,-41.46],[144.793,-41.46],[144.793,-41.46],[144.793,-41.46]]],[[[144.793,-41.459],[144.793,-41.459],[144.793,-41.459],[144.793,-41.459]]],[[[144.793,-41.458],[144.792,-41.458],[144.793,-41.458],[144.793,-41.458]]],[[[144.793,-41.458],[144.793,-41.458],[144.793,-41.458],[144.793,-41.458]]],[[[144.793,-41.457],[144.793,-41.457],[144.793,-41.457],[144.793,-41.457]]],[[[144.793,-41.457],[144.793,-41.457],[144.793,-41.457],[144.793,-41.457]]],[[[144.79,-41.454],[144.79,-41.454],[144.79,-41.454],[144.79,-41.454]]],[[[144.789,-41.454],[144.789,-41.454],[144.789,-41.453],[144.789,-41.454]]],[[[144.789,-41.453],[144.789,-41.453],[144.789,-41.453],[144.789,-41.453]]],[[[144.789,-41.453],[144.788,-41.452],[144.789,-41.453],[144.789,-41.453]]],[[[144.789,-41.452],[144.788,-41.452],[144.789,-41.452],[144.789,-41.452]]],[[[144.788,-41.452],[144.788,-41.452],[144.788,-41.452],[144.788,-41.452]]],[[[144.789,-41.452],[144.788,-41.452],[144.789,-41.452],[144.789,-41.452]]],[[[144.788,-41.45],[144.788,-41.45],[144.788,-41.45],[144.788,-41.45]]],[[[144.783,-41.445],[144.783,-41.445],[144.783,-41.445],[144.783,-41.445]]],[[[144.782,-41.445],[144.782,-41.444],[144.782,-41.444],[144.782,-41.445]]],[[[144.765,-41.44],[144.765,-41.44],[144.765,-41.44],[144.765,-41.44]]],[[[144.765,-41.44],[144.765,-41.439],[144.765,-41.439],[144.765,-41.44]]],[[[144.766,-41.439],[144.766,-41.439],[144.766,-41.439],[144.766,-41.439]]],[[[144.764,-41.439],[144.764,-41.438],[144.764,-41.438],[144.764,-41.439]]],[[[144.765,-41.438],[144.765,-41.439],[144.765,-41.439],[144.765,-41.438]]],[[[144.764,-41.438],[144.764,-41.438],[144.764,-41.438],[144.764,-41.438]]],[[[144.765,-41.438],[144.765,-41.438],[144.765,-41.438],[144.765,-41.438]]],[[[144.765,-41.438],[144.765,-41.438],[144.765,-41.438],[144.765,-41.438]]],[[[144.764,-41.438],[144.764,-41.438],[144.764,-41.437],[144.764,-41.438]]],[[[144.765,-41.438],[144.765,-41.437],[144.765,-41.437],[144.765,-41.438]]],[[[144.766,-41.437],[144.766,-41.437],[144.766,-41.437],[144.766,-41.437]]],[[[144.764,-41.437],[144.764,-41.437],[144.764,-41.437],[144.764,-41.437]]],[[[144.764,-41.437],[144.764,-41.437],[144.764,-41.437],[144.764,-41.437]]],[[[144.766,-41.438],[144.765,-41.437],[144.766,-41.437],[144.766,-41.438]]],[[[144.766,-41.437],[144.766,-41.437],[144.766,-41.437],[144.766,-41.437]]],[[[144.765,-41.437],[144.765,-41.437],[144.765,-41.437],[144.765,-41.437]]],[[[144.764,-41.437],[144.764,-41.437],[144.764,-41.437],[144.764,-41.437]]],[[[144.765,-41.437],[144.764,-41.437],[144.765,-41.437],[144.765,-41.437]]],[[[144.762,-41.437],[144.762,-41.437],[144.762,-41.437],[144.762,-41.437]]],[[[144.765,-41.437],[144.765,-41.437],[144.765,-41.437],[144.765,-41.437]]],[[[144.765,-41.437],[144.765,-41.437],[144.765,-41.437],[144.765,-41.437]]],[[[144.763,-41.436],[144.762,-41.436],[144.763,-41.436],[144.763,-41.436]]],[[[144.762,-41.436],[144.762,-41.436],[144.762,-41.436],[144.762,-41.436]]],[[[144.764,-41.436],[144.764,-41.436],[144.764,-41.436],[144.764,-41.436]]],[[[144.764,-41.436],[144.764,-41.436],[144.764,-41.436],[144.764,-41.436]]],[[[144.763,-41.436],[144.762,-41.436],[144.763,-41.436],[144.763,-41.436]]],[[[144.763,-41.436],[144.763,-41.436],[144.763,-41.436],[144.763,-41.436]]],[[[144.764,-41.436],[144.764,-41.436],[144.764,-41.436],[144.764,-41.436]]],[[[144.763,-41.436],[144.763,-41.436],[144.763,-41.435],[144.763,-41.436]]],[[[144.763,-41.435],[144.763,-41.435],[144.763,-41.435],[144.763,-41.435]]],[[[144.762,-41.435],[144.762,-41.435],[144.762,-41.435],[144.762,-41.435]]],[[[144.762,-41.435],[144.762,-41.435],[144.762,-41.434],[144.762,-41.435]]],[[[144.762,-41.435],[144.762,-41.434],[144.762,-41.434],[144.762,-41.435]]],[[[144.764,-41.435],[144.763,-41.434],[144.764,-41.434],[144.764,-41.435]]],[[[144.763,-41.434],[144.762,-41.434],[144.763,-41.434],[144.763,-41.434]]],[[[144.762,-41.434],[144.762,-41.434],[144.762,-41.434],[144.762,-41.434]]],[[[144.763,-41.434],[144.763,-41.434],[144.763,-41.434],[144.763,-41.434]]],[[[144.762,-41.433],[144.762,-41.433],[144.762,-41.432],[144.762,-41.433]]],[[[144.76,-41.432],[144.76,-41.432],[144.76,-41.432],[144.76,-41.432]]],[[[144.763,-41.432],[144.762,-41.433],[144.763,-41.432],[144.763,-41.432]]],[[[144.763,-41.432],[144.763,-41.431],[144.763,-41.431],[144.763,-41.432]]],[[[144.76,-41.43],[144.76,-41.43],[144.76,-41.43],[144.76,-41.43]]],[[[144.762,-41.43],[144.762,-41.43],[144.762,-41.43],[144.762,-41.43]]],[[[144.761,-41.43],[144.76,-41.43],[144.761,-41.43],[144.761,-41.43]]],[[[144.761,-41.429],[144.761,-41.429],[144.761,-41.429],[144.761,-41.429]]],[[[144.76,-41.429],[144.76,-41.429],[144.76,-41.429],[144.76,-41.429]]],[[[144.759,-41.429],[144.759,-41.429],[144.759,-41.429],[144.759,-41.429]]],[[[144.759,-41.429],[144.759,-41.429],[144.759,-41.429],[144.759,-41.429]]],[[[144.759,-41.427],[144.758,-41.427],[144.759,-41.427],[144.759,-41.427]]],[[[144.753,-41.426],[144.753,-41.426],[144.753,-41.426],[144.753,-41.426]]],[[[144.753,-41.426],[144.753,-41.426],[144.753,-41.426],[144.753,-41.426]]],[[[144.756,-41.426],[144.756,-41.426],[144.756,-41.426],[144.756,-41.426]]],[[[144.753,-41.426],[144.753,-41.426],[144.753,-41.426],[144.753,-41.426]]],[[[144.753,-41.426],[144.752,-41.426],[144.753,-41.426],[144.753,-41.426]]],[[[144.755,-41.426],[144.755,-41.426],[144.755,-41.426],[144.755,-41.426]]],[[[144.752,-41.425],[144.752,-41.425],[144.752,-41.425],[144.752,-41.425]]],[[[144.751,-41.425],[144.751,-41.425],[144.751,-41.425],[144.751,-41.425]]],[[[144.752,-41.425],[144.752,-41.425],[144.752,-41.425],[144.752,-41.425]]],[[[144.753,-41.426],[144.752,-41.425],[144.753,-41.425],[144.753,-41.426]]],[[[144.752,-41.425],[144.751,-41.424],[144.751,-41.424],[144.752,-41.425]]],[[[144.75,-41.424],[144.75,-41.424],[144.75,-41.424],[144.75,-41.424]]],[[[144.75,-41.424],[144.749,-41.424],[144.75,-41.424],[144.75,-41.424]]],[[[144.748,-41.424],[144.748,-41.423],[144.748,-41.423],[144.748,-41.424]]],[[[144.747,-41.424],[144.747,-41.424],[144.747,-41.423],[144.747,-41.424]]],[[[144.751,-41.424],[144.75,-41.423],[144.75,-41.423],[144.751,-41.424]]],[[[144.748,-41.423],[144.747,-41.423],[144.748,-41.423],[144.748,-41.423]]],[[[144.748,-41.423],[144.748,-41.423],[144.748,-41.423],[144.748,-41.423]]],[[[144.748,-41.423],[144.748,-41.423],[144.748,-41.423],[144.748,-41.423]]],[[[144.745,-41.422],[144.745,-41.422],[144.745,-41.422],[144.745,-41.422]]],[[[144.746,-41.421],[144.745,-41.421],[144.746,-41.421],[144.746,-41.421]]],[[[144.745,-41.421],[144.745,-41.421],[144.745,-41.421],[144.745,-41.421]]],[[[144.746,-41.419],[144.745,-41.419],[144.746,-41.419],[144.746,-41.419]]],[[[144.748,-41.418],[144.747,-41.418],[144.748,-41.418],[144.748,-41.418]]],[[[144.747,-41.418],[144.747,-41.418],[144.747,-41.418],[144.747,-41.418]]],[[[144.747,-41.418],[144.747,-41.418],[144.747,-41.418],[144.747,-41.418]]],[[[144.751,-41.414],[144.751,-41.414],[144.751,-41.414],[144.751,-41.414]]],[[[144.754,-41.412],[144.754,-41.412],[144.754,-41.412],[144.754,-41.412]]],[[[144.754,-41.411],[144.753,-41.411],[144.754,-41.411],[144.754,-41.411]]],[[[144.754,-41.411],[144.754,-41.411],[144.754,-41.411],[144.754,-41.411]]],[[[144.754,-41.411],[144.754,-41.411],[144.754,-41.411],[144.754,-41.411]]],[[[144.754,-41.411],[144.754,-41.411],[144.754,-41.411],[144.754,-41.411]]],[[[144.757,-41.409],[144.756,-41.409],[144.757,-41.409],[144.757,-41.409]]],[[[144.756,-41.409],[144.756,-41.409],[144.755,-41.409],[144.756,-41.409]]],[[[144.755,-41.409],[144.756,-41.408],[144.756,-41.408],[144.755,-41.409]]],[[[144.756,-41.408],[144.756,-41.408],[144.756,-41.408],[144.756,-41.408]]],[[[148.304,-41.397],[148.304,-41.398],[148.302,-41.399],[148.304,-41.397]]],[[[147.077,-41.387],[147.076,-41.384],[147.077,-41.385],[147.077,-41.387]]],[[[147.088,-41.383],[147.089,-41.38],[147.089,-41.382],[147.088,-41.383]]],[[[147.075,-41.383],[147.074,-41.382],[147.075,-41.38],[147.075,-41.383]]],[[[147.081,-41.374],[147.088,-41.378],[147.084,-41.385],[147.081,-41.374]]],[[[148.343,-41.345],[148.345,-41.353],[148.336,-41.348],[148.343,-41.345]]],[[[144.751,-41.335],[144.751,-41.335],[144.751,-41.335],[144.751,-41.335]]],[[[144.748,-41.334],[144.748,-41.333],[144.749,-41.333],[144.748,-41.334]]],[[[144.748,-41.333],[144.748,-41.333],[144.748,-41.333],[144.748,-41.333]]],[[[144.747,-41.333],[144.747,-41.333],[144.747,-41.333],[144.747,-41.333]]],[[[144.747,-41.333],[144.746,-41.333],[144.747,-41.332],[144.747,-41.333]]],[[[144.747,-41.332],[144.747,-41.332],[144.747,-41.332],[144.747,-41.332]]],[[[144.746,-41.332],[144.746,-41.332],[144.746,-41.332],[144.746,-41.332]]],[[[144.746,-41.332],[144.746,-41.332],[144.746,-41.332],[144.746,-41.332]]],[[[144.745,-41.332],[144.744,-41.331],[144.745,-41.331],[144.745,-41.332]]],[[[144.742,-41.331],[144.742,-41.33],[144.742,-41.33],[144.742,-41.331]]],[[[144.743,-41.331],[144.743,-41.33],[144.743,-41.33],[144.743,-41.331]]],[[[144.741,-41.33],[144.741,-41.33],[144.742,-41.33],[144.741,-41.33]]],[[[144.741,-41.329],[144.741,-41.329],[144.741,-41.329],[144.741,-41.329]]],[[[144.74,-41.328],[144.739,-41.327],[144.739,-41.328],[144.74,-41.328]]],[[[144.74,-41.328],[144.74,-41.328],[144.74,-41.327],[144.74,-41.328]]],[[[144.736,-41.327],[144.736,-41.326],[144.736,-41.326],[144.736,-41.327]]],[[[144.739,-41.327],[144.739,-41.326],[144.739,-41.326],[144.739,-41.327]]],[[[144.739,-41.326],[144.739,-41.326],[144.739,-41.326],[144.739,-41.326]]],[[[144.736,-41.325],[144.735,-41.325],[144.735,-41.324],[144.736,-41.325]]],[[[144.731,-41.321],[144.731,-41.321],[144.732,-41.321],[144.731,-41.321]]],[[[144.732,-41.321],[144.732,-41.321],[144.732,-41.321],[144.732,-41.321]]],[[[144.731,-41.321],[144.731,-41.321],[144.731,-41.32],[144.731,-41.321]]],[[[144.732,-41.321],[144.732,-41.32],[144.732,-41.32],[144.732,-41.321]]],[[[144.731,-41.32],[144.731,-41.32],[144.731,-41.32],[144.731,-41.32]]],[[[144.732,-41.32],[144.732,-41.319],[144.732,-41.319],[144.732,-41.32]]],[[[144.733,-41.32],[144.733,-41.319],[144.734,-41.319],[144.733,-41.32]]],[[[144.732,-41.32],[144.732,-41.319],[144.732,-41.319],[144.732,-41.32]]],[[[144.731,-41.319],[144.731,-41.319],[144.731,-41.319],[144.731,-41.319]]],[[[144.732,-41.319],[144.732,-41.318],[144.732,-41.319],[144.732,-41.319]]],[[[144.731,-41.318],[144.731,-41.318],[144.73,-41.318],[144.731,-41.318]]],[[[144.731,-41.318],[144.731,-41.317],[144.731,-41.318],[144.731,-41.318]]],[[[144.731,-41.317],[144.731,-41.317],[144.731,-41.317],[144.731,-41.317]]],[[[144.731,-41.317],[144.731,-41.317],[144.732,-41.317],[144.731,-41.317]]],[[[144.731,-41.317],[144.731,-41.317],[144.731,-41.317],[144.731,-41.317]]],[[[144.739,-41.311],[144.738,-41.311],[144.739,-41.311],[144.739,-41.311]]],[[[144.736,-41.31],[144.736,-41.31],[144.736,-41.31],[144.736,-41.31]]],[[[144.736,-41.31],[144.736,-41.31],[144.737,-41.31],[144.736,-41.31]]],[[[144.736,-41.31],[144.736,-41.309],[144.736,-41.309],[144.736,-41.31]]],[[[144.731,-41.308],[144.73,-41.308],[144.73,-41.308],[144.731,-41.308]]],[[[144.734,-41.308],[144.734,-41.308],[144.734,-41.307],[144.734,-41.308]]],[[[144.729,-41.308],[144.729,-41.308],[144.728,-41.307],[144.729,-41.308]]],[[[144.729,-41.307],[144.729,-41.307],[144.729,-41.307],[144.729,-41.307]]],[[[144.73,-41.307],[144.729,-41.306],[144.729,-41.306],[144.73,-41.307]]],[[[144.727,-41.306],[144.727,-41.306],[144.727,-41.306],[144.727,-41.306]]],[[[144.728,-41.306],[144.728,-41.306],[144.728,-41.306],[144.728,-41.306]]],[[[144.727,-41.306],[144.727,-41.306],[144.727,-41.306],[144.727,-41.306]]],[[[144.729,-41.306],[144.728,-41.306],[144.728,-41.306],[144.729,-41.306]]],[[[144.727,-41.305],[144.727,-41.305],[144.727,-41.305],[144.727,-41.305]]],[[[144.721,-41.304],[144.721,-41.304],[144.722,-41.303],[144.721,-41.304]]],[[[144.725,-41.304],[144.724,-41.304],[144.724,-41.303],[144.725,-41.304]]],[[[144.721,-41.303],[144.721,-41.303],[144.721,-41.302],[144.721,-41.303]]],[[[144.721,-41.303],[144.721,-41.302],[144.721,-41.302],[144.721,-41.303]]],[[[144.723,-41.302],[144.722,-41.302],[144.723,-41.302],[144.723,-41.302]]],[[[144.717,-41.301],[144.717,-41.301],[144.717,-41.301],[144.717,-41.301]]],[[[144.719,-41.3],[144.719,-41.3],[144.719,-41.3],[144.719,-41.3]]],[[[144.718,-41.298],[144.718,-41.298],[144.718,-41.298],[144.718,-41.298]]],[[[144.717,-41.297],[144.717,-41.297],[144.717,-41.297],[144.717,-41.297]]],[[[144.717,-41.297],[144.717,-41.297],[144.717,-41.297],[144.717,-41.297]]],[[[144.716,-41.297],[144.715,-41.296],[144.716,-41.297],[144.716,-41.297]]],[[[144.713,-41.296],[144.713,-41.296],[144.713,-41.296],[144.713,-41.296]]],[[[144.717,-41.296],[144.717,-41.296],[144.717,-41.296],[144.717,-41.296]]],[[[144.714,-41.297],[144.713,-41.296],[144.713,-41.296],[144.714,-41.297]]],[[[144.72,-41.292],[144.719,-41.292],[144.72,-41.292],[144.72,-41.292]]],[[[144.717,-41.286],[144.717,-41.286],[144.717,-41.286],[144.717,-41.286]]],[[[144.715,-41.286],[144.715,-41.286],[144.715,-41.286],[144.715,-41.286]]],[[[144.707,-41.284],[144.707,-41.284],[144.707,-41.284],[144.707,-41.284]]],[[[144.708,-41.284],[144.707,-41.284],[144.708,-41.283],[144.708,-41.284]]],[[[144.707,-41.283],[144.707,-41.283],[144.707,-41.283],[144.707,-41.283]]],[[[144.713,-41.283],[144.713,-41.283],[144.713,-41.283],[144.713,-41.283]]],[[[144.707,-41.283],[144.707,-41.283],[144.707,-41.283],[144.707,-41.283]]],[[[144.715,-41.279],[144.714,-41.279],[144.714,-41.279],[144.715,-41.279]]],[[[144.712,-41.278],[144.711,-41.278],[144.711,-41.278],[144.712,-41.278]]],[[[144.71,-41.277],[144.71,-41.277],[144.71,-41.277],[144.71,-41.277]]],[[[144.709,-41.275],[144.708,-41.275],[144.709,-41.275],[144.709,-41.275]]],[[[144.711,-41.274],[144.711,-41.274],[144.711,-41.274],[144.711,-41.274]]],[[[144.71,-41.274],[144.709,-41.274],[144.709,-41.273],[144.71,-41.274]]],[[[144.71,-41.273],[144.709,-41.272],[144.709,-41.27],[144.71,-41.273]]],[[[144.706,-41.267],[144.706,-41.266],[144.706,-41.266],[144.706,-41.267]]],[[[148.339,-41.26],[148.338,-41.26],[148.339,-41.26],[148.339,-41.26]]],[[[144.702,-41.26],[144.702,-41.259],[144.702,-41.259],[144.702,-41.26]]],[[[144.702,-41.258],[144.702,-41.258],[144.702,-41.258],[144.702,-41.258]]],[[[146.605,-41.258],[146.604,-41.257],[146.605,-41.256],[146.605,-41.258]]],[[[144.699,-41.255],[144.698,-41.255],[144.698,-41.255],[144.699,-41.255]]],[[[144.697,-41.255],[144.697,-41.254],[144.697,-41.254],[144.697,-41.255]]],[[[144.698,-41.255],[144.698,-41.254],[144.698,-41.254],[144.698,-41.255]]],[[[144.697,-41.254],[144.697,-41.254],[144.697,-41.254],[144.697,-41.254]]],[[[144.697,-41.254],[144.697,-41.253],[144.697,-41.254],[144.697,-41.254]]],[[[144.696,-41.253],[144.695,-41.253],[144.696,-41.253],[144.696,-41.253]]],[[[144.697,-41.252],[144.697,-41.252],[144.697,-41.252],[144.697,-41.252]]],[[[144.687,-41.251],[144.688,-41.252],[144.688,-41.252],[144.687,-41.251]]],[[[144.688,-41.251],[144.688,-41.251],[144.688,-41.251],[144.688,-41.251]]],[[[144.687,-41.251],[144.688,-41.251],[144.688,-41.251],[144.687,-41.251]]],[[[144.69,-41.249],[144.69,-41.249],[144.69,-41.249],[144.69,-41.249]]],[[[148.34,-41.25],[148.341,-41.251],[148.339,-41.25],[148.34,-41.25]]],[[[144.69,-41.249],[144.69,-41.249],[144.69,-41.249],[144.69,-41.249]]],[[[144.69,-41.249],[144.69,-41.248],[144.69,-41.248],[144.69,-41.249]]],[[[148.329,-41.248],[148.328,-41.249],[148.328,-41.248],[148.329,-41.248]]],[[[144.687,-41.248],[144.687,-41.248],[144.687,-41.248],[144.687,-41.248]]],[[[144.692,-41.248],[144.692,-41.248],[144.692,-41.248],[144.692,-41.248]]],[[[144.691,-41.247],[144.691,-41.247],[144.691,-41.247],[144.691,-41.247]]],[[[146.597,-41.247],[146.596,-41.247],[146.596,-41.247],[146.597,-41.247]]],[[[146.597,-41.246],[146.597,-41.246],[146.597,-41.246],[146.597,-41.246]]],[[[144.686,-41.246],[144.686,-41.246],[144.686,-41.245],[144.686,-41.246]]],[[[144.687,-41.245],[144.687,-41.246],[144.686,-41.245],[144.687,-41.245]]],[[[144.687,-41.245],[144.688,-41.246],[144.687,-41.246],[144.687,-41.245]]],[[[146.566,-41.245],[146.565,-41.244],[146.566,-41.244],[146.566,-41.245]]],[[[146.968,-41.241],[146.968,-41.241],[146.966,-41.241],[146.968,-41.241]]],[[[146.567,-41.236],[146.569,-41.237],[146.565,-41.238],[146.567,-41.236]]],[[[146.575,-41.235],[146.573,-41.237],[146.571,-41.236],[146.575,-41.235]]],[[[146.389,-41.227],[146.389,-41.226],[146.389,-41.227],[146.389,-41.227]]],[[[146.397,-41.227],[146.4,-41.233],[146.396,-41.232],[146.397,-41.227]]],[[[146.391,-41.226],[146.395,-41.228],[146.39,-41.228],[146.391,-41.226]]],[[[146.389,-41.225],[146.389,-41.225],[146.389,-41.225],[146.389,-41.225]]],[[[144.677,-41.222],[144.677,-41.222],[144.677,-41.222],[144.677,-41.222]]],[[[146.379,-41.225],[146.374,-41.226],[146.378,-41.222],[146.379,-41.225]]],[[[144.687,-41.219],[144.687,-41.218],[144.687,-41.218],[144.687,-41.219]]],[[[144.686,-41.218],[144.686,-41.218],[144.686,-41.218],[144.686,-41.218]]],[[[144.687,-41.216],[144.687,-41.216],[144.687,-41.216],[144.687,-41.216]]],[[[144.688,-41.216],[144.688,-41.215],[144.688,-41.216],[144.688,-41.216]]],[[[144.685,-41.21],[144.686,-41.209],[144.686,-41.21],[144.685,-41.21]]],[[[148.289,-41.209],[148.288,-41.21],[148.288,-41.209],[148.289,-41.209]]],[[[146.913,-41.209],[146.913,-41.208],[146.913,-41.208],[146.913,-41.209]]],[[[146.362,-41.208],[146.362,-41.207],[146.363,-41.207],[146.362,-41.208]]],[[[146.579,-41.208],[146.574,-41.212],[146.574,-41.208],[146.579,-41.208]]],[[[146.908,-41.206],[146.908,-41.207],[146.907,-41.207],[146.908,-41.206]]],[[[146.36,-41.208],[146.36,-41.207],[146.361,-41.206],[146.36,-41.208]]],[[[146.359,-41.208],[146.358,-41.206],[146.359,-41.205],[146.359,-41.208]]],[[[146.359,-41.204],[146.359,-41.204],[146.359,-41.204],[146.359,-41.204]]],[[[146.585,-41.202],[146.585,-41.202],[146.585,-41.202],[146.585,-41.202]]],[[[144.68,-41.183],[144.68,-41.184],[144.68,-41.183],[144.68,-41.183]]],[[[144.68,-41.183],[144.68,-41.183],[144.68,-41.183],[144.68,-41.183]]],[[[144.68,-41.183],[144.68,-41.183],[144.68,-41.183],[144.68,-41.183]]],[[[144.68,-41.182],[144.68,-41.182],[144.68,-41.182],[144.68,-41.182]]],[[[144.679,-41.181],[144.679,-41.181],[144.679,-41.181],[144.679,-41.181]]],[[[144.679,-41.181],[144.679,-41.181],[144.679,-41.181],[144.679,-41.181]]],[[[144.68,-41.181],[144.68,-41.181],[144.68,-41.181],[144.68,-41.181]]],[[[144.68,-41.18],[144.679,-41.18],[144.68,-41.18],[144.68,-41.18]]],[[[144.679,-41.18],[144.679,-41.18],[144.679,-41.18],[144.679,-41.18]]],[[[144.68,-41.179],[144.68,-41.179],[144.68,-41.179],[144.68,-41.179]]],[[[144.679,-41.179],[144.679,-41.178],[144.679,-41.178],[144.679,-41.179]]],[[[144.679,-41.178],[144.679,-41.178],[144.679,-41.178],[144.679,-41.178]]],[[[144.68,-41.179],[144.679,-41.179],[144.68,-41.178],[144.68,-41.179]]],[[[144.68,-41.178],[144.679,-41.177],[144.68,-41.178],[144.68,-41.178]]],[[[144.679,-41.177],[144.679,-41.177],[144.679,-41.177],[144.679,-41.177]]],[[[146.569,-41.177],[146.57,-41.178],[146.569,-41.178],[146.569,-41.177]]],[[[144.677,-41.176],[144.677,-41.176],[144.677,-41.176],[144.677,-41.176]]],[[[146.324,-41.176],[146.323,-41.177],[146.323,-41.176],[146.324,-41.176]]],[[[144.679,-41.176],[144.68,-41.177],[144.679,-41.177],[144.679,-41.176]]],[[[144.681,-41.175],[144.681,-41.175],[144.681,-41.175],[144.681,-41.175]]],[[[146.253,-41.175],[146.252,-41.175],[146.253,-41.175],[146.253,-41.175]]],[[[146.247,-41.174],[146.246,-41.174],[146.247,-41.174],[146.247,-41.174]]],[[[144.681,-41.174],[144.681,-41.174],[144.682,-41.174],[144.681,-41.174]]],[[[146.564,-41.174],[146.57,-41.175],[146.568,-41.176],[146.564,-41.174]]],[[[144.681,-41.174],[144.68,-41.173],[144.681,-41.173],[144.681,-41.174]]],[[[146.252,-41.173],[146.252,-41.173],[146.252,-41.173],[146.252,-41.173]]],[[[146.253,-41.173],[146.251,-41.175],[146.251,-41.173],[146.253,-41.173]]],[[[144.679,-41.173],[144.678,-41.173],[144.679,-41.172],[144.679,-41.173]]],[[[146.252,-41.173],[146.252,-41.172],[146.252,-41.172],[146.252,-41.173]]],[[[144.677,-41.172],[144.677,-41.172],[144.677,-41.172],[144.677,-41.172]]],[[[146.251,-41.172],[146.25,-41.172],[146.251,-41.171],[146.251,-41.172]]],[[[144.677,-41.171],[144.676,-41.171],[144.677,-41.171],[144.677,-41.171]]],[[[146.253,-41.172],[146.253,-41.171],[146.253,-41.171],[146.253,-41.172]]],[[[144.677,-41.171],[144.676,-41.171],[144.677,-41.17],[144.677,-41.171]]],[[[146.566,-41.17],[146.567,-41.171],[146.566,-41.171],[146.566,-41.17]]],[[[146.567,-41.17],[146.569,-41.171],[146.567,-41.171],[146.567,-41.17]]],[[[144.676,-41.17],[144.675,-41.17],[144.675,-41.17],[144.676,-41.17]]],[[[148.294,-41.169],[148.293,-41.17],[148.292,-41.169],[148.294,-41.169]]],[[[146.248,-41.169],[146.248,-41.169],[146.248,-41.168],[146.248,-41.169]]],[[[144.676,-41.168],[144.676,-41.168],[144.676,-41.168],[144.676,-41.168]]],[[[146.573,-41.168],[146.575,-41.172],[146.569,-41.17],[146.573,-41.168]]],[[[146.248,-41.169],[146.248,-41.168],[146.249,-41.167],[146.248,-41.169]]],[[[148.293,-41.168],[148.293,-41.167],[148.294,-41.167],[148.293,-41.168]]],[[[146.592,-41.166],[146.592,-41.166],[146.593,-41.166],[146.592,-41.166]]],[[[144.673,-41.162],[144.673,-41.162],[144.673,-41.162],[144.673,-41.162]]],[[[146.332,-41.161],[146.333,-41.162],[146.331,-41.163],[146.332,-41.161]]],[[[144.673,-41.161],[144.673,-41.161],[144.673,-41.161],[144.673,-41.161]]],[[[144.673,-41.16],[144.673,-41.161],[144.673,-41.16],[144.673,-41.16]]],[[[146.593,-41.159],[146.592,-41.159],[146.593,-41.159],[146.593,-41.159]]],[[[144.673,-41.159],[144.674,-41.159],[144.673,-41.159],[144.673,-41.159]]],[[[146.125,-41.158],[146.128,-41.159],[146.126,-41.159],[146.125,-41.158]]],[[[146.313,-41.155],[146.313,-41.155],[146.313,-41.155],[146.313,-41.155]]],[[[146.417,-41.155],[146.417,-41.155],[146.417,-41.155],[146.417,-41.155]]],[[[146.555,-41.153],[146.555,-41.154],[146.555,-41.153],[146.555,-41.153]]],[[[146.772,-41.153],[146.771,-41.153],[146.771,-41.153],[146.772,-41.153]]],[[[146.771,-41.153],[146.77,-41.153],[146.771,-41.152],[146.771,-41.153]]],[[[146.555,-41.149],[146.555,-41.151],[146.554,-41.151],[146.555,-41.149]]],[[[144.678,-41.148],[144.678,-41.148],[144.678,-41.148],[144.678,-41.148]]],[[[144.679,-41.148],[144.678,-41.148],[144.679,-41.148],[144.679,-41.148]]],[[[146.428,-41.148],[146.426,-41.147],[146.427,-41.147],[146.428,-41.148]]],[[[146.863,-41.144],[146.865,-41.147],[146.861,-41.148],[146.863,-41.144]]],[[[144.674,-41.141],[144.674,-41.141],[144.674,-41.141],[144.674,-41.141]]],[[[144.674,-41.141],[144.674,-41.141],[144.674,-41.141],[144.674,-41.141]]],[[[146.823,-41.14],[146.823,-41.139],[146.823,-41.139],[146.823,-41.14]]],[[[146.163,-41.138],[146.163,-41.139],[146.163,-41.138],[146.163,-41.138]]],[[[146.165,-41.139],[146.165,-41.138],[146.165,-41.138],[146.165,-41.139]]],[[[146.163,-41.138],[146.163,-41.139],[146.163,-41.138],[146.163,-41.138]]],[[[146.139,-41.135],[146.139,-41.136],[146.138,-41.135],[146.139,-41.135]]],[[[146.547,-41.133],[146.547,-41.133],[146.547,-41.133],[146.547,-41.133]]],[[[146.127,-41.128],[146.127,-41.128],[146.127,-41.128],[146.127,-41.128]]],[[[144.667,-41.127],[144.666,-41.127],[144.667,-41.127],[144.667,-41.127]]],[[[144.667,-41.127],[144.666,-41.126],[144.667,-41.126],[144.667,-41.127]]],[[[144.668,-41.126],[144.668,-41.126],[144.668,-41.126],[144.668,-41.126]]],[[[146.126,-41.124],[146.126,-41.124],[146.126,-41.124],[146.126,-41.124]]],[[[146.129,-41.125],[146.128,-41.124],[146.129,-41.124],[146.129,-41.125]]],[[[146.549,-41.124],[146.546,-41.124],[146.548,-41.123],[146.549,-41.124]]],[[[146.122,-41.122],[146.122,-41.122],[146.122,-41.122],[146.122,-41.122]]],[[[146.128,-41.122],[146.127,-41.122],[146.128,-41.121],[146.128,-41.122]]],[[[146.115,-41.12],[146.115,-41.121],[146.115,-41.121],[146.115,-41.12]]],[[[146.121,-41.121],[146.121,-41.121],[146.121,-41.121],[146.121,-41.121]]],[[[146.12,-41.12],[146.12,-41.12],[146.12,-41.12],[146.12,-41.12]]],[[[146.128,-41.12],[146.127,-41.12],[146.128,-41.12],[146.128,-41.12]]],[[[146.793,-41.109],[146.793,-41.109],[146.793,-41.109],[146.793,-41.109]]],[[[144.674,-41.106],[144.674,-41.105],[144.674,-41.105],[144.674,-41.106]]],[[[144.671,-41.102],[144.67,-41.102],[144.671,-41.102],[144.671,-41.102]]],[[[144.793,-41.083],[144.792,-41.083],[144.793,-41.082],[144.793,-41.083]]],[[[144.78,-41.069],[144.78,-41.069],[144.78,-41.068],[144.78,-41.069]]],[[[144.659,-41.058],[144.659,-41.058],[144.659,-41.058],[144.659,-41.058]]],[[[144.662,-41.056],[144.662,-41.056],[144.662,-41.056],[144.662,-41.056]]],[[[144.654,-41.053],[144.653,-41.053],[144.654,-41.053],[144.654,-41.053]]],[[[144.656,-41.052],[144.656,-41.052],[144.656,-41.052],[144.656,-41.052]]],[[[144.654,-41.05],[144.654,-41.049],[144.654,-41.049],[144.654,-41.05]]],[[[144.648,-41.048],[144.648,-41.048],[144.648,-41.047],[144.648,-41.048]]],[[[144.649,-41.047],[144.649,-41.047],[144.649,-41.047],[144.649,-41.047]]],[[[144.648,-41.047],[144.648,-41.047],[144.648,-41.047],[144.648,-41.047]]],[[[144.648,-41.047],[144.648,-41.047],[144.648,-41.047],[144.648,-41.047]]],[[[144.641,-41.047],[144.64,-41.047],[144.641,-41.047],[144.641,-41.047]]],[[[144.649,-41.047],[144.648,-41.047],[144.649,-41.047],[144.649,-41.047]]],[[[144.64,-41.046],[144.64,-41.046],[144.64,-41.046],[144.64,-41.046]]],[[[144.646,-41.047],[144.645,-41.046],[144.646,-41.046],[144.646,-41.047]]],[[[144.641,-41.046],[144.641,-41.046],[144.641,-41.046],[144.641,-41.046]]],[[[144.646,-41.046],[144.646,-41.046],[144.646,-41.046],[144.646,-41.046]]],[[[144.643,-41.046],[144.643,-41.046],[144.643,-41.046],[144.643,-41.046]]],[[[144.642,-41.046],[144.641,-41.046],[144.642,-41.046],[144.642,-41.046]]],[[[144.647,-41.046],[144.647,-41.046],[144.647,-41.046],[144.647,-41.046]]],[[[144.64,-41.046],[144.639,-41.046],[144.64,-41.046],[144.64,-41.046]]],[[[144.639,-41.046],[144.639,-41.046],[144.639,-41.046],[144.639,-41.046]]],[[[144.637,-41.045],[144.637,-41.045],[144.637,-41.045],[144.637,-41.045]]],[[[144.637,-41.045],[144.637,-41.045],[144.637,-41.045],[144.637,-41.045]]],[[[144.639,-41.045],[144.638,-41.044],[144.639,-41.044],[144.639,-41.045]]],[[[144.637,-41.044],[144.638,-41.044],[144.637,-41.044],[144.637,-41.044]]],[[[144.633,-41.044],[144.633,-41.044],[144.633,-41.044],[144.633,-41.044]]],[[[144.631,-41.044],[144.631,-41.044],[144.631,-41.044],[144.631,-41.044]]],[[[144.638,-41.044],[144.637,-41.044],[144.637,-41.044],[144.638,-41.044]]],[[[144.639,-41.044],[144.639,-41.044],[144.639,-41.044],[144.639,-41.044]]],[[[144.631,-41.044],[144.63,-41.044],[144.631,-41.044],[144.631,-41.044]]],[[[144.638,-41.044],[144.637,-41.043],[144.638,-41.043],[144.638,-41.044]]],[[[144.638,-41.042],[144.638,-41.042],[144.638,-41.042],[144.638,-41.042]]],[[[144.639,-41.042],[144.638,-41.042],[144.639,-41.042],[144.639,-41.042]]],[[[144.635,-41.042],[144.634,-41.042],[144.634,-41.042],[144.635,-41.042]]],[[[144.634,-41.041],[144.634,-41.041],[144.634,-41.041],[144.634,-41.041]]],[[[144.634,-41.041],[144.634,-41.041],[144.634,-41.041],[144.634,-41.041]]],[[[144.633,-41.041],[144.633,-41.04],[144.633,-41.04],[144.633,-41.041]]],[[[144.631,-41.04],[144.631,-41.04],[144.631,-41.04],[144.631,-41.04]]],[[[144.634,-41.04],[144.634,-41.04],[144.634,-41.04],[144.634,-41.04]]],[[[144.631,-41.04],[144.631,-41.04],[144.631,-41.04],[144.631,-41.04]]],[[[144.634,-41.04],[144.634,-41.04],[144.634,-41.04],[144.634,-41.04]]],[[[144.63,-41.04],[144.63,-41.039],[144.63,-41.039],[144.63,-41.04]]],[[[144.632,-41.04],[144.632,-41.04],[144.632,-41.039],[144.632,-41.04]]],[[[144.63,-41.039],[144.63,-41.039],[144.63,-41.039],[144.63,-41.039]]],[[[144.631,-41.038],[144.631,-41.038],[144.631,-41.038],[144.631,-41.038]]],[[[144.633,-41.035],[144.633,-41.035],[144.633,-41.035],[144.633,-41.035]]],[[[144.63,-41.034],[144.63,-41.033],[144.63,-41.033],[144.63,-41.034]]],[[[144.629,-41.033],[144.629,-41.033],[144.629,-41.033],[144.629,-41.033]]],[[[144.628,-41.033],[144.628,-41.033],[144.628,-41.033],[144.628,-41.033]]],[[[144.63,-41.032],[144.63,-41.032],[144.63,-41.032],[144.63,-41.032]]],[[[144.627,-41.028],[144.626,-41.028],[144.627,-41.028],[144.627,-41.028]]],[[[144.625,-41.027],[144.626,-41.028],[144.624,-41.027],[144.625,-41.027]]],[[[144.626,-41.027],[144.626,-41.027],[144.626,-41.027],[144.626,-41.027]]],[[[144.621,-41.024],[144.621,-41.024],[144.621,-41.024],[144.621,-41.024]]],[[[144.621,-41.024],[144.62,-41.024],[144.621,-41.024],[144.621,-41.024]]],[[[144.621,-41.024],[144.621,-41.024],[144.621,-41.024],[144.621,-41.024]]],[[[144.622,-41.024],[144.621,-41.024],[144.622,-41.024],[144.622,-41.024]]],[[[144.618,-41.022],[144.618,-41.022],[144.618,-41.022],[144.618,-41.022]]],[[[144.618,-41.021],[144.617,-41.021],[144.618,-41.021],[144.618,-41.021]]],[[[144.614,-41.021],[144.613,-41.021],[144.613,-41.021],[144.614,-41.021]]],[[[144.613,-41.021],[144.613,-41.021],[144.613,-41.021],[144.613,-41.021]]],[[[144.613,-41.014],[144.613,-41.014],[144.613,-41.014],[144.613,-41.014]]],[[[144.604,-41.01],[144.604,-41.01],[144.605,-41.01],[144.604,-41.01]]],[[[144.604,-41.01],[144.604,-41.01],[144.604,-41.01],[144.604,-41.01]]],[[[144.614,-41.008],[144.614,-41.008],[144.615,-41.008],[144.614,-41.008]]],[[[144.614,-41.008],[144.614,-41.007],[144.614,-41.007],[144.614,-41.008]]],[[[144.608,-41.008],[144.608,-41.007],[144.608,-41.007],[144.608,-41.008]]],[[[144.617,-41.007],[144.616,-41.007],[144.617,-41.007],[144.617,-41.007]]],[[[144.618,-41.007],[144.617,-41.007],[144.618,-41.007],[144.618,-41.007]]],[[[144.62,-41.006],[144.62,-41.006],[144.62,-41.006],[144.62,-41.006]]],[[[144.61,-41.006],[144.609,-41.006],[144.61,-41.006],[144.61,-41.006]]],[[[144.624,-41.005],[144.624,-41.005],[144.624,-41.005],[144.624,-41.005]]],[[[144.608,-41.005],[144.608,-41.005],[144.608,-41.005],[144.608,-41.005]]],[[[144.624,-41.005],[144.624,-41.005],[144.624,-41.005],[144.624,-41.005]]],[[[148.357,-41],[148.357,-41],[148.356,-41],[148.357,-41]]],[[[144.629,-40.982],[144.629,-40.982],[144.629,-40.982],[144.629,-40.982]]],[[[144.629,-40.982],[144.629,-40.982],[144.629,-40.982],[144.629,-40.982]]],[[[144.625,-40.981],[144.625,-40.981],[144.625,-40.981],[144.625,-40.981]]],[[[144.626,-40.981],[144.626,-40.98],[144.626,-40.98],[144.626,-40.981]]],[[[144.627,-40.981],[144.627,-40.98],[144.628,-40.98],[144.627,-40.981]]],[[[144.627,-40.98],[144.627,-40.98],[144.628,-40.98],[144.627,-40.98]]],[[[144.628,-40.98],[144.628,-40.98],[144.628,-40.98],[144.628,-40.98]]],[[[144.627,-40.98],[144.627,-40.979],[144.627,-40.979],[144.627,-40.98]]],[[[144.628,-40.979],[144.628,-40.979],[144.628,-40.979],[144.628,-40.979]]],[[[144.627,-40.98],[144.627,-40.979],[144.627,-40.979],[144.627,-40.98]]],[[[144.629,-40.979],[144.628,-40.979],[144.629,-40.979],[144.629,-40.979]]],[[[144.63,-40.975],[144.63,-40.975],[144.63,-40.975],[144.63,-40.975]]],[[[144.629,-40.975],[144.629,-40.975],[144.629,-40.975],[144.629,-40.975]]],[[[144.631,-40.974],[144.63,-40.974],[144.631,-40.974],[144.631,-40.974]]],[[[144.631,-40.974],[144.631,-40.974],[144.631,-40.974],[144.631,-40.974]]],[[[144.629,-40.957],[144.629,-40.957],[144.629,-40.957],[144.629,-40.957]]],[[[144.626,-40.952],[144.626,-40.952],[144.626,-40.952],[144.626,-40.952]]],[[[144.626,-40.952],[144.626,-40.952],[144.626,-40.952],[144.626,-40.952]]],[[[144.624,-40.951],[144.624,-40.951],[144.624,-40.951],[144.624,-40.951]]],[[[144.623,-40.951],[144.623,-40.951],[144.623,-40.951],[144.623,-40.951]]],[[[144.621,-40.949],[144.621,-40.949],[144.621,-40.949],[144.621,-40.949]]],[[[144.622,-40.949],[144.621,-40.949],[144.621,-40.949],[144.622,-40.949]]],[[[144.621,-40.949],[144.621,-40.949],[144.621,-40.949],[144.621,-40.949]]],[[[144.613,-40.947],[144.613,-40.946],[144.613,-40.946],[144.613,-40.947]]],[[[144.615,-40.946],[144.614,-40.946],[144.614,-40.946],[144.615,-40.946]]],[[[144.612,-40.946],[144.612,-40.946],[144.613,-40.946],[144.612,-40.946]]],[[[144.613,-40.946],[144.613,-40.946],[144.613,-40.946],[144.613,-40.946]]],[[[144.616,-40.946],[144.614,-40.946],[144.613,-40.946],[144.616,-40.946]]],[[[144.613,-40.946],[144.613,-40.946],[144.613,-40.946],[144.613,-40.946]]],[[[144.615,-40.946],[144.615,-40.946],[144.615,-40.946],[144.615,-40.946]]],[[[144.613,-40.946],[144.612,-40.946],[144.613,-40.946],[144.613,-40.946]]],[[[144.616,-40.946],[144.616,-40.946],[144.616,-40.946],[144.616,-40.946]]],[[[144.616,-40.946],[144.616,-40.946],[144.616,-40.945],[144.616,-40.946]]],[[[144.611,-40.946],[144.611,-40.945],[144.611,-40.945],[144.611,-40.946]]],[[[144.612,-40.945],[144.612,-40.945],[144.612,-40.945],[144.612,-40.945]]],[[[144.62,-40.945],[144.62,-40.945],[144.62,-40.945],[144.62,-40.945]]],[[[144.621,-40.945],[144.62,-40.945],[144.621,-40.945],[144.621,-40.945]]],[[[144.62,-40.945],[144.62,-40.945],[144.62,-40.945],[144.62,-40.945]]],[[[144.619,-40.945],[144.619,-40.945],[144.619,-40.945],[144.619,-40.945]]],[[[144.61,-40.944],[144.61,-40.944],[144.61,-40.944],[144.61,-40.944]]],[[[144.611,-40.943],[144.611,-40.943],[144.611,-40.943],[144.611,-40.943]]],[[[144.612,-40.942],[144.611,-40.942],[144.611,-40.942],[144.612,-40.942]]],[[[144.611,-40.942],[144.611,-40.942],[144.611,-40.942],[144.611,-40.942]]],[[[144.61,-40.941],[144.61,-40.941],[144.61,-40.941],[144.61,-40.941]]],[[[144.608,-40.941],[144.608,-40.941],[144.608,-40.941],[144.608,-40.941]]],[[[144.609,-40.941],[144.609,-40.941],[144.609,-40.941],[144.609,-40.941]]],[[[144.609,-40.941],[144.609,-40.941],[144.61,-40.941],[144.609,-40.941]]],[[[144.612,-40.941],[144.611,-40.941],[144.61,-40.941],[144.612,-40.941]]],[[[144.611,-40.94],[144.611,-40.94],[144.611,-40.94],[144.611,-40.94]]],[[[144.61,-40.939],[144.61,-40.939],[144.61,-40.939],[144.61,-40.939]]],[[[144.61,-40.939],[144.61,-40.938],[144.61,-40.938],[144.61,-40.939]]],[[[144.613,-40.939],[144.614,-40.938],[144.614,-40.938],[144.613,-40.939]]],[[[144.609,-40.938],[144.609,-40.938],[144.609,-40.938],[144.609,-40.938]]],[[[144.611,-40.938],[144.611,-40.938],[144.611,-40.938],[144.611,-40.938]]],[[[144.612,-40.938],[144.611,-40.938],[144.612,-40.938],[144.612,-40.938]]],[[[144.609,-40.938],[144.609,-40.938],[144.609,-40.938],[144.609,-40.938]]],[[[144.61,-40.938],[144.61,-40.938],[144.61,-40.938],[144.61,-40.938]]],[[[144.611,-40.938],[144.61,-40.938],[144.61,-40.938],[144.611,-40.938]]],[[[144.609,-40.938],[144.609,-40.938],[144.609,-40.938],[144.609,-40.938]]],[[[144.611,-40.938],[144.611,-40.938],[144.612,-40.938],[144.611,-40.938]]],[[[144.61,-40.938],[144.61,-40.937],[144.61,-40.937],[144.61,-40.938]]],[[[144.609,-40.937],[144.609,-40.937],[144.609,-40.937],[144.609,-40.937]]],[[[144.611,-40.937],[144.611,-40.937],[144.611,-40.937],[144.611,-40.937]]],[[[144.612,-40.937],[144.612,-40.937],[144.612,-40.937],[144.612,-40.937]]],[[[144.611,-40.937],[144.611,-40.937],[144.611,-40.937],[144.611,-40.937]]],[[[144.611,-40.936],[144.61,-40.936],[144.611,-40.936],[144.611,-40.936]]],[[[144.61,-40.936],[144.61,-40.935],[144.61,-40.935],[144.61,-40.936]]],[[[144.615,-40.935],[144.615,-40.935],[144.615,-40.935],[144.615,-40.935]]],[[[144.609,-40.935],[144.609,-40.935],[144.61,-40.935],[144.609,-40.935]]],[[[144.612,-40.935],[144.612,-40.935],[144.611,-40.935],[144.612,-40.935]]],[[[144.615,-40.935],[144.615,-40.935],[144.615,-40.935],[144.615,-40.935]]],[[[144.611,-40.934],[144.611,-40.934],[144.611,-40.934],[144.611,-40.934]]],[[[144.611,-40.934],[144.611,-40.934],[144.611,-40.934],[144.611,-40.934]]],[[[144.616,-40.934],[144.616,-40.934],[144.616,-40.934],[144.616,-40.934]]],[[[148.328,-40.934],[148.327,-40.934],[148.328,-40.934],[148.328,-40.934]]],[[[144.613,-40.934],[144.612,-40.934],[144.613,-40.934],[144.613,-40.934]]],[[[144.613,-40.933],[144.613,-40.933],[144.613,-40.933],[144.613,-40.933]]],[[[144.612,-40.933],[144.612,-40.933],[144.612,-40.933],[144.612,-40.933]]],[[[144.613,-40.933],[144.613,-40.933],[144.613,-40.933],[144.613,-40.933]]],[[[144.618,-40.933],[144.618,-40.933],[144.618,-40.933],[144.618,-40.933]]],[[[144.615,-40.934],[144.615,-40.933],[144.615,-40.933],[144.615,-40.934]]],[[[144.621,-40.933],[144.621,-40.933],[144.621,-40.933],[144.621,-40.933]]],[[[144.615,-40.933],[144.614,-40.933],[144.615,-40.933],[144.615,-40.933]]],[[[144.615,-40.933],[144.615,-40.933],[144.615,-40.933],[144.615,-40.933]]],[[[144.612,-40.933],[144.612,-40.932],[144.612,-40.932],[144.612,-40.933]]],[[[144.611,-40.933],[144.611,-40.933],[144.611,-40.932],[144.611,-40.933]]],[[[144.623,-40.932],[144.623,-40.932],[144.623,-40.932],[144.623,-40.932]]],[[[144.626,-40.932],[144.625,-40.932],[144.626,-40.932],[144.626,-40.932]]],[[[144.617,-40.932],[144.617,-40.932],[144.617,-40.932],[144.617,-40.932]]],[[[144.618,-40.932],[144.618,-40.932],[144.618,-40.932],[144.618,-40.932]]],[[[144.612,-40.932],[144.612,-40.932],[144.612,-40.932],[144.612,-40.932]]],[[[144.618,-40.931],[144.618,-40.931],[144.618,-40.931],[144.618,-40.931]]],[[[144.629,-40.931],[144.628,-40.931],[144.628,-40.931],[144.629,-40.931]]],[[[144.616,-40.93],[144.616,-40.93],[144.616,-40.93],[144.616,-40.93]]],[[[144.627,-40.928],[144.627,-40.928],[144.628,-40.928],[144.627,-40.928]]],[[[144.627,-40.927],[144.627,-40.927],[144.627,-40.927],[144.627,-40.927]]],[[[144.629,-40.927],[144.629,-40.927],[144.629,-40.927],[144.629,-40.927]]],[[[144.627,-40.927],[144.627,-40.927],[144.627,-40.927],[144.627,-40.927]]],[[[144.629,-40.926],[144.629,-40.926],[144.629,-40.926],[144.629,-40.926]]],[[[144.626,-40.926],[144.626,-40.926],[144.626,-40.926],[144.626,-40.926]]],[[[144.628,-40.925],[144.628,-40.925],[144.628,-40.925],[144.628,-40.925]]],[[[144.628,-40.925],[144.628,-40.925],[144.629,-40.925],[144.628,-40.925]]],[[[144.628,-40.924],[144.627,-40.924],[144.628,-40.924],[144.628,-40.924]]],[[[144.628,-40.924],[144.628,-40.924],[144.628,-40.924],[144.628,-40.924]]],[[[148.331,-40.926],[148.328,-40.924],[148.33,-40.924],[148.331,-40.926]]],[[[144.631,-40.923],[144.63,-40.923],[144.631,-40.923],[144.631,-40.923]]],[[[144.631,-40.923],[144.63,-40.923],[144.63,-40.923],[144.631,-40.923]]],[[[144.63,-40.922],[144.63,-40.922],[144.63,-40.922],[144.63,-40.922]]],[[[144.63,-40.922],[144.63,-40.922],[144.63,-40.922],[144.63,-40.922]]],[[[144.632,-40.922],[144.632,-40.922],[144.632,-40.922],[144.632,-40.922]]],[[[148.321,-40.923],[148.321,-40.922],[148.322,-40.922],[148.321,-40.923]]],[[[148.33,-40.923],[148.33,-40.921],[148.331,-40.922],[148.33,-40.923]]],[[[144.632,-40.921],[144.632,-40.921],[144.632,-40.921],[144.632,-40.921]]],[[[144.632,-40.921],[144.632,-40.921],[144.632,-40.921],[144.632,-40.921]]],[[[144.637,-40.921],[144.637,-40.921],[144.637,-40.921],[144.637,-40.921]]],[[[144.636,-40.921],[144.636,-40.921],[144.636,-40.921],[144.636,-40.921]]],[[[144.636,-40.921],[144.635,-40.921],[144.636,-40.921],[144.636,-40.921]]],[[[144.637,-40.92],[144.637,-40.92],[144.637,-40.92],[144.637,-40.92]]],[[[144.644,-40.92],[144.644,-40.92],[144.644,-40.92],[144.644,-40.92]]],[[[144.648,-40.92],[144.647,-40.919],[144.648,-40.92],[144.648,-40.92]]],[[[144.649,-40.919],[144.649,-40.919],[144.649,-40.919],[144.649,-40.919]]],[[[144.647,-40.919],[144.647,-40.919],[144.647,-40.919],[144.647,-40.919]]],[[[144.639,-40.919],[144.639,-40.919],[144.639,-40.919],[144.639,-40.919]]],[[[144.639,-40.919],[144.639,-40.918],[144.64,-40.918],[144.639,-40.919]]],[[[144.64,-40.918],[144.64,-40.918],[144.64,-40.918],[144.64,-40.918]]],[[[144.641,-40.918],[144.641,-40.918],[144.641,-40.918],[144.641,-40.918]]],[[[144.637,-40.918],[144.637,-40.918],[144.637,-40.918],[144.637,-40.918]]],[[[144.638,-40.918],[144.637,-40.918],[144.638,-40.918],[144.638,-40.918]]],[[[144.637,-40.918],[144.637,-40.918],[144.637,-40.918],[144.637,-40.918]]],[[[144.64,-40.917],[144.64,-40.917],[144.64,-40.917],[144.64,-40.917]]],[[[148.324,-40.916],[148.324,-40.915],[148.324,-40.915],[148.324,-40.916]]],[[[148.324,-40.915],[148.323,-40.915],[148.324,-40.915],[148.324,-40.915]]],[[[144.655,-40.914],[144.654,-40.914],[144.655,-40.914],[144.655,-40.914]]],[[[148.321,-40.913],[148.32,-40.913],[148.32,-40.913],[148.321,-40.913]]],[[[144.656,-40.913],[144.656,-40.912],[144.656,-40.912],[144.656,-40.913]]],[[[144.655,-40.909],[144.655,-40.909],[144.655,-40.909],[144.655,-40.909]]],[[[144.674,-40.908],[144.674,-40.908],[144.674,-40.908],[144.674,-40.908]]],[[[144.674,-40.908],[144.674,-40.908],[144.674,-40.908],[144.674,-40.908]]],[[[144.67,-40.907],[144.67,-40.907],[144.67,-40.907],[144.67,-40.907]]],[[[144.654,-40.906],[144.653,-40.906],[144.654,-40.906],[144.654,-40.906]]],[[[144.669,-40.906],[144.669,-40.906],[144.669,-40.906],[144.669,-40.906]]],[[[144.653,-40.906],[144.653,-40.906],[144.653,-40.906],[144.653,-40.906]]],[[[144.669,-40.906],[144.668,-40.906],[144.668,-40.906],[144.669,-40.906]]],[[[144.669,-40.906],[144.669,-40.906],[144.669,-40.906],[144.669,-40.906]]],[[[144.669,-40.906],[144.669,-40.906],[144.669,-40.906],[144.669,-40.906]]],[[[144.67,-40.906],[144.67,-40.906],[144.67,-40.906],[144.67,-40.906]]],[[[144.652,-40.906],[144.652,-40.905],[144.652,-40.905],[144.652,-40.906]]],[[[144.662,-40.905],[144.662,-40.905],[144.662,-40.905],[144.662,-40.905]]],[[[144.65,-40.904],[144.65,-40.903],[144.65,-40.903],[144.65,-40.904]]],[[[144.65,-40.903],[144.649,-40.903],[144.65,-40.902],[144.65,-40.903]]],[[[144.65,-40.902],[144.65,-40.902],[144.65,-40.902],[144.65,-40.902]]],[[[144.635,-40.902],[144.635,-40.902],[144.635,-40.902],[144.635,-40.902]]],[[[144.635,-40.902],[144.635,-40.902],[144.635,-40.902],[144.635,-40.902]]],[[[144.636,-40.902],[144.635,-40.901],[144.636,-40.901],[144.636,-40.902]]],[[[144.633,-40.901],[144.633,-40.901],[144.633,-40.901],[144.633,-40.901]]],[[[144.633,-40.901],[144.633,-40.901],[144.633,-40.901],[144.633,-40.901]]],[[[144.649,-40.901],[144.649,-40.901],[144.649,-40.901],[144.649,-40.901]]],[[[144.632,-40.901],[144.631,-40.901],[144.632,-40.901],[144.632,-40.901]]],[[[144.636,-40.901],[144.636,-40.901],[144.636,-40.901],[144.636,-40.901]]],[[[144.633,-40.901],[144.633,-40.901],[144.633,-40.901],[144.633,-40.901]]],[[[144.638,-40.901],[144.638,-40.901],[144.638,-40.901],[144.638,-40.901]]],[[[144.631,-40.901],[144.631,-40.901],[144.632,-40.901],[144.631,-40.901]]],[[[144.632,-40.901],[144.632,-40.901],[144.632,-40.901],[144.632,-40.901]]],[[[144.654,-40.9],[144.654,-40.9],[144.654,-40.9],[144.654,-40.9]]],[[[144.631,-40.9],[144.631,-40.9],[144.631,-40.9],[144.631,-40.9]]],[[[144.653,-40.9],[144.653,-40.9],[144.654,-40.9],[144.653,-40.9]]],[[[144.649,-40.9],[144.649,-40.9],[144.649,-40.9],[144.649,-40.9]]],[[[144.648,-40.9],[144.648,-40.9],[144.648,-40.9],[144.648,-40.9]]],[[[144.651,-40.9],[144.651,-40.9],[144.651,-40.9],[144.651,-40.9]]],[[[144.651,-40.9],[144.651,-40.899],[144.651,-40.899],[144.651,-40.9]]],[[[144.649,-40.9],[144.648,-40.899],[144.649,-40.899],[144.649,-40.9]]],[[[144.651,-40.899],[144.651,-40.899],[144.651,-40.899],[144.651,-40.899]]],[[[144.65,-40.898],[144.65,-40.898],[144.65,-40.898],[144.65,-40.898]]],[[[144.65,-40.898],[144.65,-40.898],[144.649,-40.897],[144.65,-40.898]]],[[[147.543,-40.898],[147.542,-40.897],[147.543,-40.897],[147.543,-40.898]]],[[[144.65,-40.898],[144.649,-40.897],[144.65,-40.897],[144.65,-40.898]]],[[[144.649,-40.897],[144.649,-40.897],[144.649,-40.897],[144.649,-40.897]]],[[[147.574,-40.895],[147.574,-40.894],[147.575,-40.893],[147.574,-40.895]]],[[[148.263,-40.893],[148.263,-40.892],[148.264,-40.892],[148.263,-40.893]]],[[[147.575,-40.893],[147.575,-40.892],[147.575,-40.893],[147.575,-40.893]]],[[[147.55,-40.892],[147.548,-40.892],[147.549,-40.892],[147.55,-40.892]]],[[[145.538,-40.89],[145.539,-40.891],[145.537,-40.891],[145.538,-40.89]]],[[[145.436,-40.89],[145.436,-40.89],[145.436,-40.889],[145.436,-40.89]]],[[[148.249,-40.885],[148.248,-40.885],[148.249,-40.885],[148.249,-40.885]]],[[[147.79,-40.88],[147.79,-40.879],[147.79,-40.88],[147.79,-40.88]]],[[[147.782,-40.88],[147.779,-40.879],[147.777,-40.878],[147.782,-40.88]]],[[[145.521,-40.878],[145.521,-40.878],[145.521,-40.878],[145.521,-40.878]]],[[[148.232,-40.878],[148.232,-40.878],[148.232,-40.877],[148.232,-40.878]]],[[[148.234,-40.877],[148.234,-40.877],[148.234,-40.877],[148.234,-40.877]]],[[[148.236,-40.875],[148.236,-40.875],[148.236,-40.875],[148.236,-40.875]]],[[[145.516,-40.869],[145.516,-40.869],[145.517,-40.869],[145.516,-40.869]]],[[[145.517,-40.869],[145.517,-40.869],[145.517,-40.869],[145.517,-40.869]]],[[[147.768,-40.87],[147.76,-40.865],[147.766,-40.869],[147.768,-40.87]]],[[[147.759,-40.857],[147.76,-40.855],[147.763,-40.856],[147.759,-40.857]]],[[[145.5,-40.853],[145.501,-40.854],[145.5,-40.854],[145.5,-40.853]]],[[[145.401,-40.853],[145.4,-40.853],[145.401,-40.853],[145.401,-40.853]]],[[[145.298,-40.849],[145.299,-40.849],[145.297,-40.849],[145.298,-40.849]]],[[[145.304,-40.847],[145.303,-40.847],[145.304,-40.847],[145.304,-40.847]]],[[[145.31,-40.846],[145.31,-40.846],[145.31,-40.846],[145.31,-40.846]]],[[[148.204,-40.84],[148.203,-40.84],[148.204,-40.84],[148.204,-40.84]]],[[[144.705,-40.833],[144.705,-40.833],[144.706,-40.832],[144.705,-40.833]]],[[[144.7,-40.827],[144.7,-40.827],[144.7,-40.827],[144.7,-40.827]]],[[[147.629,-40.824],[147.627,-40.824],[147.626,-40.823],[147.629,-40.824]]],[[[144.699,-40.821],[144.699,-40.821],[144.699,-40.821],[144.699,-40.821]]],[[[144.698,-40.821],[144.698,-40.821],[144.698,-40.821],[144.698,-40.821]]],[[[144.699,-40.821],[144.699,-40.821],[144.699,-40.821],[144.699,-40.821]]],[[[148.179,-40.82],[148.179,-40.82],[148.179,-40.82],[148.179,-40.82]]],[[[148.179,-40.819],[148.179,-40.819],[148.179,-40.82],[148.179,-40.819]]],[[[144.7,-40.819],[144.7,-40.819],[144.7,-40.819],[144.7,-40.819]]],[[[144.7,-40.819],[144.7,-40.818],[144.7,-40.819],[144.7,-40.819]]],[[[144.699,-40.817],[144.699,-40.817],[144.699,-40.817],[144.699,-40.817]]],[[[144.7,-40.817],[144.7,-40.817],[144.7,-40.817],[144.7,-40.817]]],[[[144.7,-40.816],[144.7,-40.816],[144.7,-40.816],[144.7,-40.816]]],[[[144.695,-40.813],[144.695,-40.812],[144.696,-40.812],[144.695,-40.813]]],[[[145.102,-40.812],[145.101,-40.812],[145.103,-40.811],[145.102,-40.812]]],[[[144.698,-40.806],[144.698,-40.806],[144.699,-40.806],[144.698,-40.806]]],[[[144.701,-40.806],[144.701,-40.805],[144.701,-40.805],[144.701,-40.806]]],[[[144.697,-40.805],[144.697,-40.805],[144.697,-40.804],[144.697,-40.805]]],[[[144.696,-40.804],[144.696,-40.804],[144.697,-40.804],[144.696,-40.804]]],[[[144.696,-40.804],[144.696,-40.804],[144.696,-40.804],[144.696,-40.804]]],[[[144.697,-40.804],[144.697,-40.804],[144.697,-40.804],[144.697,-40.804]]],[[[144.701,-40.803],[144.7,-40.803],[144.701,-40.802],[144.701,-40.803]]],[[[144.697,-40.802],[144.697,-40.802],[144.697,-40.802],[144.697,-40.802]]],[[[144.701,-40.802],[144.7,-40.802],[144.701,-40.802],[144.701,-40.802]]],[[[144.697,-40.802],[144.697,-40.802],[144.697,-40.801],[144.697,-40.802]]],[[[144.699,-40.801],[144.697,-40.803],[144.698,-40.802],[144.699,-40.801]]],[[[144.7,-40.801],[144.699,-40.801],[144.699,-40.801],[144.7,-40.801]]],[[[144.698,-40.801],[144.697,-40.801],[144.698,-40.801],[144.698,-40.801]]],[[[144.697,-40.8],[144.697,-40.8],[144.697,-40.8],[144.697,-40.8]]],[[[144.702,-40.799],[144.702,-40.799],[144.702,-40.799],[144.702,-40.799]]],[[[144.704,-40.796],[144.704,-40.796],[144.704,-40.796],[144.704,-40.796]]],[[[144.704,-40.796],[144.704,-40.796],[144.704,-40.796],[144.704,-40.796]]],[[[144.704,-40.796],[144.704,-40.796],[144.704,-40.795],[144.704,-40.796]]],[[[144.705,-40.794],[144.705,-40.794],[144.705,-40.794],[144.705,-40.794]]],[[[144.705,-40.794],[144.705,-40.794],[144.705,-40.794],[144.705,-40.794]]],[[[144.705,-40.794],[144.705,-40.794],[144.705,-40.794],[144.705,-40.794]]],[[[144.704,-40.794],[144.704,-40.793],[144.705,-40.793],[144.704,-40.794]]],[[[144.703,-40.792],[144.704,-40.792],[144.704,-40.792],[144.703,-40.792]]],[[[144.704,-40.791],[144.703,-40.792],[144.703,-40.792],[144.704,-40.791]]],[[[144.704,-40.791],[144.703,-40.791],[144.704,-40.791],[144.704,-40.791]]],[[[144.703,-40.791],[144.703,-40.791],[144.703,-40.791],[144.703,-40.791]]],[[[144.701,-40.79],[144.701,-40.79],[144.701,-40.79],[144.701,-40.79]]],[[[144.702,-40.789],[144.702,-40.789],[144.702,-40.789],[144.702,-40.789]]],[[[144.702,-40.789],[144.702,-40.789],[144.703,-40.789],[144.702,-40.789]]],[[[144.702,-40.789],[144.702,-40.789],[144.702,-40.789],[144.702,-40.789]]],[[[144.7,-40.789],[144.7,-40.789],[144.7,-40.789],[144.7,-40.789]]],[[[144.702,-40.789],[144.702,-40.788],[144.702,-40.788],[144.702,-40.789]]],[[[144.701,-40.788],[144.701,-40.788],[144.701,-40.788],[144.701,-40.788]]],[[[144.701,-40.789],[144.7,-40.788],[144.701,-40.788],[144.701,-40.789]]],[[[144.701,-40.788],[144.701,-40.788],[144.701,-40.788],[144.701,-40.788]]],[[[144.693,-40.787],[144.693,-40.787],[144.693,-40.787],[144.693,-40.787]]],[[[144.701,-40.787],[144.701,-40.787],[144.701,-40.787],[144.701,-40.787]]],[[[144.7,-40.787],[144.7,-40.787],[144.7,-40.787],[144.7,-40.787]]],[[[144.701,-40.787],[144.7,-40.787],[144.701,-40.787],[144.701,-40.787]]],[[[144.692,-40.787],[144.692,-40.787],[144.692,-40.786],[144.692,-40.787]]],[[[144.7,-40.786],[144.699,-40.786],[144.7,-40.786],[144.7,-40.786]]],[[[144.691,-40.786],[144.691,-40.786],[144.691,-40.786],[144.691,-40.786]]],[[[144.699,-40.786],[144.699,-40.786],[144.699,-40.786],[144.699,-40.786]]],[[[144.698,-40.786],[144.698,-40.785],[144.698,-40.785],[144.698,-40.786]]],[[[144.698,-40.785],[144.698,-40.785],[144.698,-40.784],[144.698,-40.785]]],[[[144.697,-40.783],[144.697,-40.783],[144.697,-40.783],[144.697,-40.783]]],[[[144.697,-40.783],[144.696,-40.783],[144.696,-40.782],[144.697,-40.783]]],[[[144.695,-40.782],[144.695,-40.782],[144.695,-40.782],[144.695,-40.782]]],[[[144.699,-40.781],[144.699,-40.781],[144.699,-40.781],[144.699,-40.781]]],[[[144.698,-40.781],[144.698,-40.782],[144.697,-40.782],[144.698,-40.781]]],[[[144.699,-40.78],[144.699,-40.78],[144.699,-40.78],[144.699,-40.78]]],[[[144.7,-40.78],[144.7,-40.78],[144.7,-40.78],[144.7,-40.78]]],[[[147.644,-40.782],[147.634,-40.807],[147.617,-40.813],[147.644,-40.782]]],[[[144.701,-40.78],[144.701,-40.78],[144.701,-40.779],[144.701,-40.78]]],[[[144.701,-40.779],[144.7,-40.779],[144.701,-40.779],[144.701,-40.779]]],[[[144.698,-40.779],[144.698,-40.778],[144.698,-40.778],[144.698,-40.779]]],[[[144.698,-40.778],[144.698,-40.778],[144.698,-40.778],[144.698,-40.778]]],[[[147.94,-40.77],[147.94,-40.771],[147.938,-40.77],[147.94,-40.77]]],[[[147.936,-40.77],[147.935,-40.77],[147.936,-40.769],[147.936,-40.77]]],[[[145.309,-40.764],[145.309,-40.764],[145.309,-40.764],[145.309,-40.764]]],[[[147.936,-40.763],[147.935,-40.763],[147.936,-40.763],[147.936,-40.763]]],[[[145.018,-40.765],[145.016,-40.764],[145.02,-40.761],[145.018,-40.765]]],[[[147.936,-40.762],[147.935,-40.76],[147.936,-40.76],[147.936,-40.762]]],[[[144.704,-40.759],[144.703,-40.758],[144.704,-40.759],[144.704,-40.759]]],[[[144.704,-40.758],[144.704,-40.758],[144.704,-40.758],[144.704,-40.758]]],[[[144.707,-40.755],[144.707,-40.754],[144.707,-40.754],[144.707,-40.755]]],[[[147.95,-40.753],[147.949,-40.753],[147.95,-40.753],[147.95,-40.753]]],[[[144.947,-40.752],[144.947,-40.752],[144.947,-40.752],[144.947,-40.752]]],[[[145.068,-40.771],[145.104,-40.794],[145.047,-40.783],[145.044,-40.751],[145.068,-40.771]]],[[[144.945,-40.751],[144.944,-40.751],[144.944,-40.751],[144.945,-40.751]]],[[[144.843,-40.75],[144.842,-40.75],[144.843,-40.75],[144.843,-40.75]]],[[[148.029,-40.75],[148.029,-40.749],[148.03,-40.75],[148.029,-40.75]]],[[[144.842,-40.748],[144.842,-40.747],[144.842,-40.748],[144.842,-40.748]]],[[[144.842,-40.748],[144.841,-40.747],[144.842,-40.747],[144.842,-40.748]]],[[[144.924,-40.748],[144.92,-40.752],[144.91,-40.75],[144.924,-40.748]]],[[[147.961,-40.744],[147.961,-40.745],[147.96,-40.744],[147.961,-40.744]]],[[[144.868,-40.744],[144.867,-40.744],[144.868,-40.744],[144.868,-40.744]]],[[[147.965,-40.744],[147.964,-40.744],[147.964,-40.744],[147.965,-40.744]]],[[[144.868,-40.744],[144.868,-40.744],[144.868,-40.743],[144.868,-40.744]]],[[[147.963,-40.744],[147.963,-40.743],[147.963,-40.743],[147.963,-40.744]]],[[[144.766,-40.743],[144.766,-40.743],[144.766,-40.743],[144.766,-40.743]]],[[[147.952,-40.743],[147.951,-40.743],[147.951,-40.743],[147.952,-40.743]]],[[[147.954,-40.744],[147.952,-40.742],[147.953,-40.743],[147.954,-40.744]]],[[[147.967,-40.743],[147.966,-40.743],[147.966,-40.742],[147.967,-40.743]]],[[[147.954,-40.744],[147.954,-40.742],[147.954,-40.743],[147.954,-40.744]]],[[[144.867,-40.743],[144.866,-40.742],[144.867,-40.742],[144.867,-40.743]]],[[[147.951,-40.743],[147.95,-40.742],[147.951,-40.742],[147.951,-40.743]]],[[[147.954,-40.742],[147.953,-40.741],[147.954,-40.741],[147.954,-40.742]]],[[[147.965,-40.742],[147.964,-40.741],[147.964,-40.741],[147.965,-40.742]]],[[[145.303,-40.741],[145.303,-40.741],[145.303,-40.741],[145.303,-40.741]]],[[[148.089,-40.74],[148.088,-40.74],[148.089,-40.74],[148.089,-40.74]]],[[[145.297,-40.74],[145.297,-40.74],[145.297,-40.74],[145.297,-40.74]]],[[[145.298,-40.739],[145.298,-40.739],[145.298,-40.739],[145.298,-40.739]]],[[[144.766,-40.74],[144.766,-40.74],[144.766,-40.739],[144.766,-40.74]]],[[[144.979,-40.738],[144.979,-40.737],[144.979,-40.737],[144.979,-40.738]]],[[[145.298,-40.737],[145.298,-40.736],[145.299,-40.736],[145.298,-40.737]]],[[[147.958,-40.734],[147.958,-40.736],[147.958,-40.735],[147.958,-40.734]]],[[[144.851,-40.735],[144.849,-40.732],[144.852,-40.734],[144.851,-40.735]]],[[[144.877,-40.733],[144.877,-40.732],[144.877,-40.732],[144.877,-40.733]]],[[[144.876,-40.733],[144.875,-40.733],[144.876,-40.732],[144.876,-40.733]]],[[[144.979,-40.736],[144.978,-40.734],[144.979,-40.731],[144.979,-40.736]]],[[[144.877,-40.73],[144.876,-40.73],[144.877,-40.73],[144.877,-40.73]]],[[[147.973,-40.73],[147.973,-40.73],[147.973,-40.73],[147.973,-40.73]]],[[[147.974,-40.729],[147.973,-40.729],[147.974,-40.729],[147.974,-40.729]]],[[[144.979,-40.729],[144.979,-40.729],[144.979,-40.729],[144.979,-40.729]]],[[[144.98,-40.728],[144.98,-40.728],[144.98,-40.728],[144.98,-40.728]]],[[[144.982,-40.728],[144.982,-40.728],[144.982,-40.728],[144.982,-40.728]]],[[[144.874,-40.731],[144.87,-40.731],[144.868,-40.727],[144.874,-40.731]]],[[[148.121,-40.727],[148.117,-40.74],[148.09,-40.74],[148.121,-40.727]]],[[[144.977,-40.727],[144.977,-40.727],[144.977,-40.727],[144.977,-40.727]]],[[[144.866,-40.726],[144.866,-40.728],[144.864,-40.727],[144.866,-40.726]]],[[[144.867,-40.727],[144.866,-40.726],[144.867,-40.725],[144.867,-40.727]]],[[[144.679,-40.725],[144.678,-40.725],[144.678,-40.725],[144.679,-40.725]]],[[[144.866,-40.725],[144.866,-40.725],[144.866,-40.725],[144.866,-40.725]]],[[[144.871,-40.725],[144.876,-40.729],[144.871,-40.727],[144.871,-40.725]]],[[[144.679,-40.725],[144.678,-40.724],[144.679,-40.725],[144.679,-40.725]]],[[[144.867,-40.727],[144.867,-40.724],[144.867,-40.726],[144.867,-40.727]]],[[[144.678,-40.725],[144.678,-40.724],[144.678,-40.725],[144.678,-40.725]]],[[[144.677,-40.724],[144.677,-40.724],[144.677,-40.724],[144.677,-40.724]]],[[[144.866,-40.725],[144.864,-40.726],[144.863,-40.724],[144.866,-40.725]]],[[[147.97,-40.724],[147.972,-40.725],[147.969,-40.725],[147.97,-40.724]]],[[[144.68,-40.724],[144.68,-40.723],[144.68,-40.723],[144.68,-40.724]]],[[[144.864,-40.723],[144.864,-40.723],[144.865,-40.723],[144.864,-40.723]]],[[[148.081,-40.722],[148.081,-40.727],[148.079,-40.725],[148.081,-40.722]]],[[[144.681,-40.722],[144.68,-40.722],[144.681,-40.722],[144.681,-40.722]]],[[[147.972,-40.721],[147.976,-40.722],[147.974,-40.725],[147.972,-40.721]]],[[[144.682,-40.721],[144.681,-40.721],[144.682,-40.721],[144.682,-40.721]]],[[[144.681,-40.719],[144.681,-40.719],[144.681,-40.719],[144.681,-40.719]]],[[[144.846,-40.718],[144.846,-40.718],[144.846,-40.718],[144.846,-40.718]]],[[[144.676,-40.718],[144.675,-40.718],[144.676,-40.718],[144.676,-40.718]]],[[[144.676,-40.717],[144.676,-40.717],[144.676,-40.717],[144.676,-40.717]]],[[[144.678,-40.716],[144.678,-40.716],[144.678,-40.716],[144.678,-40.716]]],[[[144.676,-40.717],[144.677,-40.715],[144.677,-40.715],[144.676,-40.717]]],[[[148.077,-40.716],[148.077,-40.715],[148.077,-40.715],[148.077,-40.716]]],[[[144.985,-40.715],[144.985,-40.715],[144.985,-40.715],[144.985,-40.715]]],[[[144.872,-40.716],[144.869,-40.716],[144.871,-40.715],[144.872,-40.716]]],[[[145.037,-40.715],[145.037,-40.715],[145.037,-40.714],[145.037,-40.715]]],[[[145.038,-40.715],[145.038,-40.714],[145.039,-40.714],[145.038,-40.715]]],[[[144.678,-40.714],[144.677,-40.714],[144.678,-40.713],[144.678,-40.714]]],[[[144.964,-40.715],[144.963,-40.714],[144.965,-40.713],[144.964,-40.715]]],[[[144.965,-40.714],[144.965,-40.713],[144.966,-40.713],[144.965,-40.714]]],[[[144.83,-40.714],[144.828,-40.712],[144.831,-40.713],[144.83,-40.714]]],[[[144.975,-40.71],[144.974,-40.71],[144.975,-40.71],[144.975,-40.71]]],[[[144.683,-40.706],[144.683,-40.706],[144.684,-40.705],[144.683,-40.706]]],[[[144.689,-40.703],[144.688,-40.703],[144.689,-40.703],[144.689,-40.703]]],[[[144.687,-40.7],[144.688,-40.701],[144.687,-40.7],[144.687,-40.7]]],[[[144.76,-40.696],[144.759,-40.694],[144.761,-40.695],[144.76,-40.696]]],[[[144.834,-40.691],[144.838,-40.7],[144.824,-40.699],[144.834,-40.691]]],[[[144.685,-40.685],[144.685,-40.685],[144.685,-40.685],[144.685,-40.685]]],[[[144.688,-40.684],[144.687,-40.684],[144.688,-40.683],[144.688,-40.684]]],[[[144.687,-40.68],[144.687,-40.68],[144.686,-40.68],[144.687,-40.68]]],[[[144.684,-40.675],[144.684,-40.674],[144.685,-40.674],[144.684,-40.675]]],[[[144.678,-40.672],[144.678,-40.672],[144.678,-40.672],[144.678,-40.672]]],[[[144.686,-40.671],[144.686,-40.671],[144.686,-40.671],[144.686,-40.671]]],[[[144.682,-40.673],[144.679,-40.673],[144.678,-40.671],[144.682,-40.673]]],[[[144.674,-40.67],[144.674,-40.672],[144.67,-40.671],[144.674,-40.67]]],[[[144.743,-40.663],[144.743,-40.663],[144.743,-40.662],[144.743,-40.663]]],[[[144.743,-40.662],[144.743,-40.662],[144.743,-40.662],[144.743,-40.662]]],[[[144.744,-40.662],[144.743,-40.662],[144.744,-40.662],[144.744,-40.662]]],[[[144.745,-40.662],[144.744,-40.662],[144.745,-40.662],[144.745,-40.662]]],[[[144.744,-40.662],[144.742,-40.662],[144.743,-40.662],[144.744,-40.662]]],[[[144.746,-40.662],[144.745,-40.662],[144.745,-40.661],[144.746,-40.662]]],[[[144.743,-40.661],[144.743,-40.661],[144.743,-40.661],[144.743,-40.661]]],[[[144.745,-40.662],[144.744,-40.661],[144.745,-40.661],[144.745,-40.662]]],[[[144.746,-40.661],[144.746,-40.661],[144.746,-40.661],[144.746,-40.661]]],[[[144.747,-40.661],[144.746,-40.661],[144.747,-40.661],[144.747,-40.661]]],[[[144.961,-40.657],[144.961,-40.657],[144.961,-40.657],[144.961,-40.657]]],[[[144.704,-40.657],[144.704,-40.657],[144.705,-40.657],[144.704,-40.657]]],[[[144.961,-40.657],[144.961,-40.657],[144.961,-40.657],[144.961,-40.657]]],[[[144.704,-40.657],[144.703,-40.656],[144.703,-40.655],[144.704,-40.657]]],[[[144.703,-40.655],[144.702,-40.655],[144.703,-40.655],[144.703,-40.655]]],[[[144.702,-40.655],[144.702,-40.655],[144.702,-40.655],[144.702,-40.655]]],[[[144.702,-40.654],[144.702,-40.654],[144.702,-40.654],[144.702,-40.654]]],[[[144.702,-40.654],[144.702,-40.654],[144.702,-40.654],[144.702,-40.654]]],[[[144.717,-40.649],[144.717,-40.649],[144.717,-40.649],[144.717,-40.649]]],[[[144.703,-40.645],[144.702,-40.644],[144.703,-40.644],[144.703,-40.645]]],[[[144.722,-40.643],[144.721,-40.643],[144.722,-40.643],[144.722,-40.643]]],[[[144.732,-40.642],[144.732,-40.642],[144.732,-40.642],[144.732,-40.642]]],[[[144.727,-40.649],[144.741,-40.696],[144.772,-40.706],[144.766,-40.744],[144.786,-40.708],[144.811,-40.727],[144.837,-40.719],[144.842,-40.753],[144.849,-40.739],[144.908,-40.751],[144.929,-40.775],[144.928,-40.759],[144.979,-40.743],[145.001,-40.775],[145.024,-40.771],[145.019,-40.789],[145.053,-40.787],[145.065,-40.819],[145.077,-40.808],[145.1,-40.827],[145.109,-40.814],[145.122,-40.839],[145.091,-40.848],[145.12,-40.841],[145.132,-40.819],[145.167,-40.819],[145.11,-40.794],[145.188,-40.804],[145.257,-40.79],[145.216,-40.811],[145.259,-40.806],[145.26,-40.712],[145.309,-40.764],[145.289,-40.766],[145.266,-40.798],[145.281,-40.83],[145.294,-40.827],[145.281,-40.794],[145.313,-40.835],[145.288,-40.851],[145.321,-40.85],[145.316,-40.838],[145.392,-40.85],[145.395,-40.863],[145.446,-40.871],[145.435,-40.894],[145.447,-40.874],[145.512,-40.854],[145.522,-40.888],[145.56,-40.917],[145.729,-40.945],[145.725,-40.969],[145.741,-40.985],[145.696,-40.975],[145.769,-40.997],[145.839,-41.039],[145.836,-41.057],[145.841,-41.039],[145.877,-41.037],[145.921,-41.051],[145.909,-41.054],[145.923,-41.078],[145.925,-41.066],[145.958,-41.063],[145.985,-41.075],[145.974,-41.088],[145.986,-41.074],[146.077,-41.116],[146.12,-41.119],[146.167,-41.147],[146.152,-41.162],[146.121,-41.156],[146.152,-41.177],[146.144,-41.164],[146.169,-41.145],[146.248,-41.157],[146.252,-41.194],[146.255,-41.152],[146.333,-41.157],[146.316,-41.183],[146.357,-41.158],[146.367,-41.193],[146.348,-41.217],[146.364,-41.208],[146.36,-41.222],[146.389,-41.238],[146.4,-41.228],[146.362,-41.201],[146.37,-41.167],[146.465,-41.16],[146.532,-41.118],[146.546,-41.13],[146.542,-41.155],[146.562,-41.167],[146.54,-41.179],[146.554,-41.171],[146.573,-41.189],[146.565,-41.251],[146.585,-41.205],[146.607,-41.259],[146.595,-41.251],[146.609,-41.212],[146.588,-41.214],[146.578,-41.185],[146.61,-41.158],[146.567,-41.164],[146.564,-41.146],[146.633,-41.126],[146.647,-41.094],[146.679,-41.101],[146.714,-41.075],[146.708,-41.064],[146.745,-41.085],[146.768,-41.079],[146.799,-41.107],[146.788,-41.112],[146.814,-41.113],[146.82,-41.138],[146.763,-41.15],[146.771,-41.165],[146.79,-41.146],[146.818,-41.145],[146.839,-41.2],[146.845,-41.186],[146.858,-41.193],[146.834,-41.163],[146.86,-41.172],[146.878,-41.15],[146.923,-41.17],[146.916,-41.198],[146.898,-41.203],[146.946,-41.26],[146.975,-41.252],[146.971,-41.309],[147.005,-41.321],[147.034,-41.356],[147.058,-41.336],[147.077,-41.341],[147.074,-41.384],[147.123,-41.41],[147.112,-41.422],[147.121,-41.444],[147.146,-41.417],[147.173,-41.436],[147.159,-41.419],[147.127,-41.432],[147.128,-41.411],[147.08,-41.367],[147.075,-41.355],[147.089,-41.354],[147.075,-41.354],[147.072,-41.331],[147.046,-41.337],[147.04,-41.319],[146.978,-41.309],[147.015,-41.276],[146.977,-41.233],[146.946,-41.229],[146.945,-41.207],[146.913,-41.215],[146.932,-41.2],[146.924,-41.188],[146.965,-41.19],[146.9,-41.137],[146.828,-41.136],[146.827,-41.108],[146.787,-41.054],[146.807,-41.063],[146.875,-41.019],[146.959,-41.027],[146.948,-41.025],[146.994,-40.987],[147.021,-40.98],[147.073,-41],[147.116,-40.995],[147.159,-41.014],[147.134,-41.035],[147.158,-41.031],[147.162,-41.008],[147.203,-41.009],[147.249,-40.953],[147.28,-40.942],[147.303,-40.958],[147.346,-40.939],[147.355,-40.982],[147.384,-40.98],[147.399,-41.008],[147.426,-41.014],[147.397,-41.003],[147.441,-41.003],[147.491,-40.979],[147.583,-40.893],[147.595,-40.849],[147.67,-40.821],[147.706,-40.86],[147.757,-40.858],[147.752,-40.876],[147.756,-40.865],[147.835,-40.887],[147.883,-40.868],[147.874,-40.883],[147.913,-40.87],[147.884,-40.872],[147.948,-40.791],[147.96,-40.757],[147.94,-40.739],[148.031,-40.75],[148.044,-40.775],[148.038,-40.762],[148.079,-40.769],[148.137,-40.828],[148.175,-40.829],[148.148,-40.835],[148.115,-40.814],[148.114,-40.831],[148.172,-40.839],[148.178,-40.821],[148.223,-40.846],[148.227,-40.876],[148.262,-40.892],[148.324,-40.988],[148.35,-40.993],[148.302,-41.029],[148.297,-41.062],[148.294,-41.029],[148.25,-41.051],[148.298,-41.064],[148.27,-41.126],[148.268,-41.152],[148.285,-41.169],[148.253,-41.191],[148.272,-41.181],[148.276,-41.208],[148.262,-41.203],[148.285,-41.209],[148.279,-41.23],[148.304,-41.251],[148.288,-41.257],[148.312,-41.247],[148.338,-41.26],[148.308,-41.302],[148.291,-41.304],[148.295,-41.283],[148.282,-41.277],[148.275,-41.317],[148.236,-41.323],[148.272,-41.34],[148.309,-41.317],[148.332,-41.276],[148.359,-41.281],[148.327,-41.306],[148.301,-41.366],[148.279,-41.372],[148.296,-41.372],[148.267,-41.462],[148.233,-41.46],[148.228,-41.432],[148.229,-41.444],[148.198,-41.442],[148.232,-41.443],[148.242,-41.467],[148.266,-41.462],[148.271,-41.502],[148.264,-41.482],[148.249,-41.486],[148.276,-41.503],[148.288,-41.558],[148.317,-41.575],[148.32,-41.621],[148.293,-41.659],[148.284,-41.72],[148.305,-41.748],[148.284,-41.758],[148.264,-41.81],[148.273,-41.849],[148.311,-41.873],[148.304,-41.891],[148.324,-41.917],[148.303,-41.937],[148.31,-41.961],[148.289,-41.983],[148.285,-42.039],[148.345,-42.118],[148.298,-42.166],[148.357,-42.179],[148.347,-42.223],[148.328,-42.23],[148.315,-42.276],[148.292,-42.281],[148.289,-42.26],[148.258,-42.252],[148.251,-42.231],[148.29,-42.199],[148.259,-42.166],[148.298,-42.126],[148.268,-42.11],[148.248,-42.117],[148.242,-42.091],[148.208,-42.077],[148.221,-42.069],[148.157,-42.074],[148.173,-42.043],[148.214,-42.036],[148.241,-41.986],[148.214,-41.986],[148.218,-42.003],[148.198,-42.021],[148.171,-41.997],[148.154,-42.005],[148.146,-42.041],[148.133,-42.044],[148.162,-42.039],[148.153,-42.062],[148.103,-42.082],[148.076,-42.072],[148.076,-42.054],[148.064,-42.068],[148.235,-42.098],[148.124,-42.092],[148.047,-42.118],[148.07,-42.112],[148.085,-42.125],[148.071,-42.154],[148.084,-42.168],[148.014,-42.239],[148.028,-42.261],[148,-42.31],[147.978,-42.307],[147.97,-42.333],[147.931,-42.344],[147.962,-42.357],[147.96,-42.341],[147.986,-42.337],[147.976,-42.334],[147.99,-42.315],[148.018,-42.315],[148.027,-42.35],[147.981,-42.405],[147.998,-42.439],[147.977,-42.441],[148.01,-42.44],[147.989,-42.498],[147.994,-42.49],[148.011,-42.51],[147.995,-42.527],[147.969,-42.52],[147.949,-42.553],[147.914,-42.516],[147.924,-42.497],[147.897,-42.524],[147.913,-42.548],[147.851,-42.559],[147.903,-42.566],[147.946,-42.606],[147.932,-42.632],[147.958,-42.653],[147.93,-42.645],[147.963,-42.67],[147.939,-42.701],[147.947,-42.728],[147.9,-42.744],[147.88,-42.769],[147.87,-42.819],[147.884,-42.846],[147.865,-42.815],[147.856,-42.849],[147.835,-42.861],[147.845,-42.874],[147.832,-42.866],[147.791,-42.903],[147.728,-42.899],[147.722,-42.887],[147.68,-42.904],[147.647,-42.893],[147.642,-42.878],[147.701,-42.872],[147.606,-42.869],[147.621,-42.842],[147.597,-42.813],[147.594,-42.782],[147.592,-42.801],[147.555,-42.796],[147.535,-42.775],[147.535,-42.805],[147.513,-42.783],[147.487,-42.803],[147.453,-42.782],[147.469,-42.771],[147.448,-42.756],[147.459,-42.777],[147.435,-42.774],[147.437,-42.786],[147.46,-42.809],[147.485,-42.808],[147.472,-42.821],[147.481,-42.827],[147.513,-42.811],[147.522,-42.828],[147.579,-42.825],[147.613,-42.846],[147.565,-42.838],[147.504,-42.864],[147.495,-42.911],[147.531,-42.931],[147.539,-42.962],[147.516,-42.952],[147.509,-42.967],[147.529,-42.985],[147.539,-42.975],[147.528,-42.962],[147.542,-42.959],[147.554,-42.986],[147.524,-42.993],[147.521,-43.021],[147.419,-43.05],[147.392,-42.976],[147.409,-42.963],[147.43,-43.028],[147.47,-43.026],[147.478,-42.982],[147.465,-42.97],[147.445,-42.978],[147.446,-42.965],[147.465,-42.923],[147.491,-42.927],[147.484,-42.909],[147.435,-42.909],[147.421,-42.94],[147.409,-42.939],[147.417,-42.909],[147.405,-42.884],[147.352,-42.876],[147.359,-42.849],[147.338,-42.846],[147.347,-42.835],[147.334,-42.841],[147.32,-42.817],[147.282,-42.801],[147.293,-42.79],[147.265,-42.778],[147.263,-42.73],[147.257,-42.757],[147.199,-42.725],[147.112,-42.776],[147.208,-42.741],[147.253,-42.766],[147.253,-42.787],[147.283,-42.79],[147.259,-42.792],[147.256,-42.815],[147.322,-42.832],[147.313,-42.849],[147.328,-42.845],[147.32,-42.855],[147.341,-42.877],[147.332,-42.9],[147.361,-42.914],[147.339,-42.974],[147.315,-42.974],[147.33,-42.978],[147.324,-43.006],[147.345,-43.049],[147.315,-43.06],[147.285,-43.008],[147.272,-43.016],[147.265,-43.026],[147.28,-43.027],[147.256,-43.073],[147.301,-43.088],[147.285,-43.111],[147.258,-43.106],[147.269,-43.122],[147.246,-43.122],[147.263,-43.131],[147.239,-43.154],[147.26,-43.229],[147.232,-43.276],[147.168,-43.283],[147.142,-43.271],[147.151,-43.241],[147.089,-43.244],[147.092,-43.219],[147.118,-43.211],[147.102,-43.207],[147.094,-43.188],[147.109,-43.185],[147.095,-43.169],[147.081,-43.163],[147.086,-43.193],[147.072,-43.202],[147.083,-43.207],[147.062,-43.225],[147.01,-43.19],[146.984,-43.189],[147.056,-43.04],[147.034,-43.011],[147.002,-43.017],[147.033,-43.011],[147.055,-43.04],[146.972,-43.139],[146.981,-43.159],[146.95,-43.164],[146.974,-43.169],[146.972,-43.204],[147.065,-43.249],[147.1,-43.29],[147.081,-43.292],[147.065,-43.333],[147.045,-43.312],[147.012,-43.316],[147.004,-43.335],[146.972,-43.327],[147.059,-43.353],[147.017,-43.403],[147.018,-43.443],[146.973,-43.432],[146.951,-43.447],[146.924,-43.416],[146.924,-43.44],[146.906,-43.421],[146.916,-43.447],[146.942,-43.44],[146.949,-43.453],[146.983,-43.455],[147.002,-43.48],[146.981,-43.487],[146.973,-43.469],[146.942,-43.478],[146.929,-43.497],[146.944,-43.512],[146.978,-43.494],[146.954,-43.512],[146.953,-43.533],[146.924,-43.53],[146.917,-43.546],[146.901,-43.516],[146.877,-43.558],[146.904,-43.562],[146.873,-43.59],[146.917,-43.569],[146.922,-43.599],[146.874,-43.623],[146.871,-43.639],[146.827,-43.643],[146.831,-43.615],[146.785,-43.6],[146.705,-43.633],[146.686,-43.597],[146.66,-43.608],[146.658,-43.579],[146.64,-43.587],[146.624,-43.562],[146.599,-43.562],[146.608,-43.55],[146.575,-43.525],[146.578,-43.485],[146.559,-43.465],[146.551,-43.51],[146.596,-43.544],[146.542,-43.523],[146.509,-43.524],[146.486,-43.544],[146.406,-43.54],[146.345,-43.513],[146.29,-43.545],[146.267,-43.529],[146.273,-43.498],[146.216,-43.486],[146.21,-43.535],[146.193,-43.54],[146.178,-43.511],[146.148,-43.501],[146.147,-43.528],[146.11,-43.524],[146.11,-43.557],[146.079,-43.541],[146.031,-43.571],[146.043,-43.509],[146.029,-43.464],[146.006,-43.464],[146.018,-43.455],[145.997,-43.407],[145.971,-43.403],[145.965,-43.383],[145.921,-43.381],[145.953,-43.359],[145.971,-43.37],[145.977,-43.356],[145.994,-43.394],[146.002,-43.365],[145.975,-43.349],[145.987,-43.329],[146.003,-43.345],[146.068,-43.353],[146.084,-43.372],[146.092,-43.364],[146.058,-43.344],[146.086,-43.342],[146.131,-43.355],[146.14,-43.407],[146.166,-43.419],[146.144,-43.408],[146.135,-43.377],[146.157,-43.392],[146.177,-43.382],[146.155,-43.363],[146.21,-43.364],[146.223,-43.389],[146.213,-43.364],[146.227,-43.361],[146.232,-43.323],[146.209,-43.33],[146.189,-43.315],[146.176,-43.327],[146.168,-43.291],[146.136,-43.346],[146.112,-43.348],[146.072,-43.327],[146.064,-43.289],[146.049,-43.321],[146.059,-43.334],[146.004,-43.335],[146.006,-43.321],[145.983,-43.323],[145.983,-43.305],[145.953,-43.281],[145.973,-43.273],[145.98,-43.235],[145.916,-43.211],[145.928,-43.205],[145.916,-43.192],[145.937,-43.191],[145.921,-43.163],[145.94,-43.15],[145.92,-43.161],[145.927,-43.189],[145.909,-43.187],[145.928,-43.245],[145.862,-43.273],[145.881,-43.29],[145.901,-43.265],[145.924,-43.267],[145.927,-43.3],[145.899,-43.3],[145.871,-43.323],[145.851,-43.307],[145.839,-43.314],[145.853,-43.3],[145.816,-43.279],[145.821,-43.25],[145.806,-43.249],[145.797,-43.219],[145.808,-43.209],[145.788,-43.188],[145.762,-43.193],[145.758,-43.165],[145.722,-43.136],[145.736,-43.117],[145.716,-43.106],[145.694,-43.118],[145.665,-43.096],[145.675,-43.07],[145.691,-43.067],[145.682,-43.05],[145.648,-43.048],[145.644,-43.025],[145.61,-43.009],[145.591,-42.973],[145.495,-42.992],[145.492,-42.956],[145.504,-42.949],[145.482,-42.931],[145.488,-42.913],[145.452,-42.898],[145.421,-42.837],[145.415,-42.781],[145.383,-42.769],[145.381,-42.748],[145.397,-42.736],[145.366,-42.689],[145.366,-42.656],[145.334,-42.658],[145.336,-42.633],[145.312,-42.621],[145.285,-42.632],[145.263,-42.622],[145.302,-42.599],[145.304,-42.571],[145.278,-42.563],[145.253,-42.522],[145.255,-42.489],[145.236,-42.472],[145.254,-42.443],[145.215,-42.366],[145.223,-42.355],[145.196,-42.328],[145.214,-42.278],[145.189,-42.243],[145.19,-42.208],[145.166,-42.199],[145.177,-42.193],[145.207,-42.2],[145.221,-42.242],[145.256,-42.267],[145.253,-42.288],[145.29,-42.283],[145.3,-42.297],[145.318,-42.285],[145.31,-42.32],[145.453,-42.404],[145.447,-42.437],[145.474,-42.526],[145.48,-42.475],[145.464,-42.443],[145.474,-42.441],[145.458,-42.435],[145.492,-42.422],[145.531,-42.45],[145.555,-42.44],[145.608,-42.453],[145.611,-42.436],[145.626,-42.446],[145.648,-42.436],[145.672,-42.445],[145.671,-42.562],[145.741,-42.591],[145.672,-42.561],[145.673,-42.443],[145.525,-42.444],[145.513,-42.434],[145.558,-42.357],[145.512,-42.374],[145.503,-42.364],[145.527,-42.361],[145.494,-42.322],[145.481,-42.365],[145.463,-42.323],[145.432,-42.314],[145.423,-42.29],[145.365,-42.252],[145.372,-42.202],[145.351,-42.211],[145.356,-42.194],[145.434,-42.189],[145.449,-42.2],[145.5,-42.176],[145.47,-42.197],[145.378,-42.197],[145.356,-42.191],[145.347,-42.169],[145.329,-42.173],[145.334,-42.152],[145.308,-42.149],[145.318,-42.176],[145.268,-42.202],[145.285,-42.21],[145.29,-42.197],[145.29,-42.227],[145.223,-42.219],[145.259,-42.175],[145.264,-42.108],[145.246,-42.031],[145.268,-42.023],[145.246,-42.028],[145.252,-42.06],[145.191,-41.946],[145.203,-41.959],[145.204,-41.937],[145.195,-41.948],[145.124,-41.9],[145.057,-41.824],[145.028,-41.813],[144.985,-41.736],[144.955,-41.717],[144.927,-41.721],[144.911,-41.691],[144.928,-41.671],[144.942,-41.678],[144.925,-41.666],[145.005,-41.618],[145.059,-41.627],[145.081,-41.657],[145.104,-41.656],[145.09,-41.651],[145.104,-41.644],[145.066,-41.649],[145.081,-41.626],[145.068,-41.636],[145.035,-41.617],[145.051,-41.601],[144.918,-41.668],[144.84,-41.506],[144.746,-41.421],[144.79,-41.395],[144.759,-41.341],[144.771,-41.342],[144.738,-41.326],[144.742,-41.312],[144.72,-41.301],[144.706,-41.255],[144.687,-41.243],[144.695,-41.2],[144.673,-41.159],[144.683,-41.132],[144.671,-41.139],[144.665,-41.121],[144.677,-41.117],[144.678,-41.08],[144.659,-41.057],[144.684,-41.038],[144.746,-41.056],[144.775,-41.084],[144.795,-41.054],[144.799,-41.09],[144.801,-41.062],[144.772,-41.075],[144.682,-41.037],[144.66,-41.053],[144.607,-41.009],[144.633,-40.994],[144.631,-40.952],[144.612,-40.936],[144.656,-40.914],[144.649,-40.9],[144.684,-40.907],[144.712,-40.856],[144.697,-40.809],[144.709,-40.755],[144.691,-40.755],[144.678,-40.717],[144.698,-40.69],[144.686,-40.672],[144.727,-40.649]]],[[[144.727,-40.64],[144.727,-40.64],[144.727,-40.64],[144.727,-40.64]]],[[[144.733,-40.639],[144.734,-40.639],[144.733,-40.641],[144.733,-40.639]]],[[[144.686,-40.638],[144.686,-40.638],[144.686,-40.638],[144.686,-40.638]]],[[[144.735,-40.638],[144.735,-40.64],[144.734,-40.638],[144.735,-40.638]]],[[[144.679,-40.631],[144.679,-40.631],[144.679,-40.631],[144.679,-40.631]]],[[[144.679,-40.631],[144.679,-40.631],[144.679,-40.631],[144.679,-40.631]]],[[[144.68,-40.63],[144.68,-40.63],[144.68,-40.63],[144.68,-40.63]]],[[[144.735,-40.628],[144.735,-40.628],[144.736,-40.627],[144.735,-40.628]]],[[[144.681,-40.627],[144.698,-40.634],[144.687,-40.639],[144.681,-40.627]]],[[[144.679,-40.626],[144.678,-40.626],[144.679,-40.626],[144.679,-40.626]]],[[[144.735,-40.627],[144.735,-40.626],[144.735,-40.626],[144.735,-40.627]]],[[[144.735,-40.626],[144.735,-40.626],[144.735,-40.626],[144.735,-40.626]]],[[[144.737,-40.624],[144.736,-40.624],[144.736,-40.624],[144.737,-40.624]]],[[[144.738,-40.623],[144.738,-40.624],[144.737,-40.624],[144.738,-40.623]]],[[[144.93,-40.623],[144.941,-40.651],[144.968,-40.659],[144.955,-40.629],[144.992,-40.67],[145.049,-40.68],[145.068,-40.715],[144.98,-40.707],[144.943,-40.731],[144.883,-40.736],[144.867,-40.722],[144.872,-40.679],[144.93,-40.623]]],[[[144.74,-40.619],[144.738,-40.62],[144.737,-40.619],[144.74,-40.619]]],[[[144.738,-40.618],[144.738,-40.618],[144.738,-40.618],[144.738,-40.618]]],[[[144.738,-40.617],[144.738,-40.617],[144.738,-40.617],[144.738,-40.617]]],[[[144.722,-40.609],[144.722,-40.609],[144.722,-40.609],[144.722,-40.609]]],[[[144.721,-40.609],[144.721,-40.609],[144.721,-40.609],[144.721,-40.609]]],[[[144.683,-40.608],[144.683,-40.608],[144.683,-40.608],[144.683,-40.608]]],[[[144.684,-40.608],[144.685,-40.608],[144.684,-40.608],[144.684,-40.608]]],[[[144.686,-40.607],[144.686,-40.607],[144.686,-40.607],[144.686,-40.607]]],[[[144.724,-40.606],[144.724,-40.606],[144.724,-40.606],[144.724,-40.606]]],[[[144.724,-40.605],[144.724,-40.605],[144.724,-40.604],[144.724,-40.605]]],[[[144.724,-40.604],[144.724,-40.603],[144.724,-40.603],[144.724,-40.604]]],[[[144.779,-40.603],[144.774,-40.61],[144.774,-40.606],[144.779,-40.603]]],[[[144.779,-40.602],[144.779,-40.602],[144.78,-40.602],[144.779,-40.602]]],[[[144.78,-40.601],[144.78,-40.601],[144.781,-40.6],[144.78,-40.601]]],[[[144.72,-40.6],[144.721,-40.609],[144.716,-40.605],[144.72,-40.6]]],[[[144.719,-40.599],[144.719,-40.599],[144.719,-40.599],[144.719,-40.599]]],[[[144.782,-40.599],[144.781,-40.599],[144.781,-40.598],[144.782,-40.599]]],[[[144.74,-40.596],[144.739,-40.596],[144.74,-40.596],[144.74,-40.596]]],[[[144.936,-40.587],[144.936,-40.587],[144.936,-40.587],[144.936,-40.587]]],[[[144.731,-40.586],[144.732,-40.586],[144.732,-40.587],[144.731,-40.586]]],[[[144.732,-40.586],[144.732,-40.586],[144.732,-40.586],[144.732,-40.586]]],[[[144.934,-40.585],[144.934,-40.585],[144.935,-40.585],[144.934,-40.585]]],[[[144.935,-40.584],[144.935,-40.584],[144.935,-40.584],[144.935,-40.584]]],[[[144.683,-40.584],[144.683,-40.584],[144.683,-40.584],[144.683,-40.584]]],[[[144.684,-40.584],[144.684,-40.584],[144.684,-40.584],[144.684,-40.584]]],[[[144.685,-40.584],[144.684,-40.584],[144.684,-40.583],[144.685,-40.584]]],[[[144.918,-40.583],[144.918,-40.583],[144.918,-40.583],[144.918,-40.583]]],[[[144.684,-40.582],[144.684,-40.583],[144.683,-40.582],[144.684,-40.582]]],[[[144.713,-40.582],[144.713,-40.581],[144.713,-40.581],[144.713,-40.582]]],[[[144.727,-40.579],[144.727,-40.579],[144.727,-40.579],[144.727,-40.579]]],[[[144.811,-40.578],[144.811,-40.578],[144.811,-40.578],[144.811,-40.578]]],[[[144.928,-40.577],[144.95,-40.621],[144.937,-40.629],[144.92,-40.612],[144.928,-40.577]]],[[[144.936,-40.577],[144.935,-40.577],[144.935,-40.577],[144.936,-40.577]]],[[[144.936,-40.577],[144.936,-40.576],[144.936,-40.577],[144.936,-40.577]]],[[[144.929,-40.577],[144.929,-40.577],[144.929,-40.576],[144.929,-40.577]]],[[[144.725,-40.575],[144.725,-40.575],[144.725,-40.575],[144.725,-40.575]]],[[[144.726,-40.575],[144.725,-40.575],[144.725,-40.574],[144.726,-40.575]]],[[[144.92,-40.574],[144.92,-40.574],[144.921,-40.573],[144.92,-40.574]]],[[[144.812,-40.574],[144.811,-40.578],[144.81,-40.574],[144.812,-40.574]]],[[[144.923,-40.572],[144.922,-40.573],[144.921,-40.573],[144.923,-40.572]]],[[[148.13,-40.571],[148.131,-40.572],[148.13,-40.572],[148.13,-40.571]]],[[[148.13,-40.57],[148.13,-40.571],[148.13,-40.571],[148.13,-40.57]]],[[[148.119,-40.568],[148.119,-40.569],[148.119,-40.568],[148.119,-40.568]]],[[[144.929,-40.568],[144.93,-40.571],[144.926,-40.571],[144.929,-40.568]]],[[[144.929,-40.568],[144.929,-40.568],[144.929,-40.568],[144.929,-40.568]]],[[[144.923,-40.567],[144.922,-40.568],[144.921,-40.567],[144.923,-40.567]]],[[[144.923,-40.567],[144.923,-40.567],[144.923,-40.567],[144.923,-40.567]]],[[[144.678,-40.565],[144.678,-40.565],[144.678,-40.565],[144.678,-40.565]]],[[[148.247,-40.561],[148.247,-40.562],[148.245,-40.562],[148.247,-40.561]]],[[[148.242,-40.561],[148.244,-40.562],[148.242,-40.562],[148.242,-40.561]]],[[[144.682,-40.561],[144.682,-40.561],[144.682,-40.561],[144.682,-40.561]]],[[[144.685,-40.561],[144.686,-40.567],[144.679,-40.563],[144.685,-40.561]]],[[[144.94,-40.558],[144.941,-40.559],[144.938,-40.563],[144.94,-40.558]]],[[[148.11,-40.548],[148.111,-40.55],[148.109,-40.55],[148.11,-40.548]]],[[[144.728,-40.546],[144.728,-40.545],[144.728,-40.545],[144.728,-40.546]]],[[[144.726,-40.545],[144.726,-40.544],[144.726,-40.544],[144.726,-40.545]]],[[[148.117,-40.544],[148.118,-40.544],[148.117,-40.543],[148.117,-40.544]]],[[[144.727,-40.542],[144.727,-40.541],[144.727,-40.541],[144.727,-40.542]]],[[[144.726,-40.537],[144.726,-40.537],[144.726,-40.537],[144.726,-40.537]]],[[[144.72,-40.526],[144.72,-40.526],[144.72,-40.526],[144.72,-40.526]]],[[[144.707,-40.512],[144.707,-40.512],[144.707,-40.512],[144.707,-40.512]]],[[[144.707,-40.511],[144.707,-40.511],[144.707,-40.512],[144.707,-40.511]]],[[[144.708,-40.51],[144.708,-40.51],[144.708,-40.51],[144.708,-40.51]]],[[[144.708,-40.51],[144.708,-40.51],[144.708,-40.51],[144.708,-40.51]]],[[[144.706,-40.51],[144.706,-40.51],[144.706,-40.51],[144.706,-40.51]]],[[[144.707,-40.51],[144.707,-40.51],[144.707,-40.51],[144.707,-40.51]]],[[[144.789,-40.51],[144.789,-40.51],[144.789,-40.51],[144.789,-40.51]]],[[[144.706,-40.51],[144.706,-40.51],[144.706,-40.51],[144.706,-40.51]]],[[[144.705,-40.508],[144.705,-40.508],[144.705,-40.507],[144.705,-40.508]]],[[[144.705,-40.506],[144.704,-40.506],[144.704,-40.506],[144.705,-40.506]]],[[[144.705,-40.505],[144.709,-40.507],[144.705,-40.507],[144.705,-40.505]]],[[[144.711,-40.505],[144.71,-40.505],[144.711,-40.505],[144.711,-40.505]]],[[[144.704,-40.504],[144.704,-40.504],[144.704,-40.504],[144.704,-40.504]]],[[[148.313,-40.497],[148.315,-40.52],[148.307,-40.522],[148.313,-40.497]]],[[[148.337,-40.495],[148.347,-40.523],[148.328,-40.502],[148.337,-40.495]]],[[[148.073,-40.491],[148.076,-40.494],[148.074,-40.496],[148.073,-40.491]]],[[[144.711,-40.491],[144.71,-40.491],[144.71,-40.491],[144.711,-40.491]]],[[[144.71,-40.49],[144.711,-40.491],[144.71,-40.491],[144.71,-40.49]]],[[[144.711,-40.49],[144.711,-40.49],[144.711,-40.49],[144.711,-40.49]]],[[[144.742,-40.486],[144.742,-40.487],[144.742,-40.486],[144.742,-40.486]]],[[[144.709,-40.486],[144.709,-40.486],[144.709,-40.486],[144.709,-40.486]]],[[[144.709,-40.486],[144.709,-40.486],[144.709,-40.486],[144.709,-40.486]]],[[[144.891,-40.485],[144.891,-40.486],[144.891,-40.485],[144.891,-40.485]]],[[[144.71,-40.484],[144.71,-40.484],[144.709,-40.484],[144.71,-40.484]]],[[[148.019,-40.484],[148.021,-40.484],[148.02,-40.486],[148.019,-40.484]]],[[[144.906,-40.482],[144.905,-40.482],[144.906,-40.482],[144.906,-40.482]]],[[[144.907,-40.481],[144.906,-40.481],[144.906,-40.481],[144.907,-40.481]]],[[[144.726,-40.48],[144.725,-40.48],[144.726,-40.48],[144.726,-40.48]]],[[[148.247,-40.48],[148.235,-40.533],[148.192,-40.574],[148.199,-40.59],[148.178,-40.594],[148.149,-40.565],[148.126,-40.572],[148.113,-40.565],[148.121,-40.537],[148.097,-40.534],[148.131,-40.502],[148.193,-40.489],[148.214,-40.503],[148.247,-40.48]]],[[[144.792,-40.478],[144.792,-40.478],[144.792,-40.478],[144.792,-40.478]]],[[[144.88,-40.478],[144.88,-40.478],[144.88,-40.477],[144.88,-40.478]]],[[[144.919,-40.478],[144.918,-40.478],[144.918,-40.477],[144.919,-40.478]]],[[[144.919,-40.478],[144.919,-40.478],[144.919,-40.477],[144.919,-40.478]]],[[[144.936,-40.469],[144.936,-40.469],[144.936,-40.469],[144.936,-40.469]]],[[[144.767,-40.469],[144.766,-40.469],[144.766,-40.468],[144.767,-40.469]]],[[[148.059,-40.468],[148.082,-40.489],[148.049,-40.477],[148.059,-40.468]]],[[[144.942,-40.462],[144.941,-40.462],[144.942,-40.462],[144.942,-40.462]]],[[[144.767,-40.457],[144.766,-40.456],[144.767,-40.456],[144.767,-40.457]]],[[[144.767,-40.454],[144.767,-40.454],[144.767,-40.454],[144.767,-40.454]]],[[[144.838,-40.448],[144.838,-40.447],[144.838,-40.447],[144.838,-40.448]]],[[[144.767,-40.446],[144.767,-40.446],[144.767,-40.446],[144.767,-40.446]]],[[[144.77,-40.437],[144.77,-40.438],[144.77,-40.437],[144.77,-40.437]]],[[[144.77,-40.437],[144.77,-40.437],[144.77,-40.437],[144.77,-40.437]]],[[[144.77,-40.437],[144.77,-40.437],[144.77,-40.437],[144.77,-40.437]]],[[[144.77,-40.436],[144.77,-40.436],[144.77,-40.436],[144.77,-40.436]]],[[[144.771,-40.436],[144.771,-40.436],[144.771,-40.436],[144.771,-40.436]]],[[[144.771,-40.435],[144.771,-40.435],[144.771,-40.435],[144.771,-40.435]]],[[[144.772,-40.435],[144.772,-40.435],[144.772,-40.435],[144.772,-40.435]]],[[[144.771,-40.435],[144.771,-40.434],[144.771,-40.434],[144.771,-40.435]]],[[[148.028,-40.433],[148.029,-40.435],[148.027,-40.437],[148.028,-40.433]]],[[[144.771,-40.433],[144.771,-40.433],[144.771,-40.433],[144.771,-40.433]]],[[[144.967,-40.433],[144.967,-40.433],[144.967,-40.433],[144.967,-40.433]]],[[[148.497,-40.433],[148.498,-40.436],[148.496,-40.435],[148.497,-40.433]]],[[[144.773,-40.432],[144.773,-40.432],[144.772,-40.432],[144.773,-40.432]]],[[[144.849,-40.432],[144.849,-40.432],[144.849,-40.432],[144.849,-40.432]]],[[[144.772,-40.431],[144.772,-40.431],[144.773,-40.431],[144.772,-40.431]]],[[[144.838,-40.431],[144.839,-40.431],[144.838,-40.43],[144.838,-40.431]]],[[[144.789,-40.431],[144.789,-40.431],[144.789,-40.43],[144.789,-40.431]]],[[[144.789,-40.43],[144.789,-40.43],[144.789,-40.43],[144.789,-40.43]]],[[[144.774,-40.426],[144.774,-40.426],[144.774,-40.425],[144.774,-40.426]]],[[[144.773,-40.425],[144.773,-40.425],[144.773,-40.425],[144.773,-40.425]]],[[[144.791,-40.425],[144.79,-40.425],[144.791,-40.425],[144.791,-40.425]]],[[[144.774,-40.425],[144.774,-40.425],[144.774,-40.425],[144.774,-40.425]]],[[[144.973,-40.424],[144.973,-40.424],[144.973,-40.424],[144.973,-40.424]]],[[[144.778,-40.423],[144.779,-40.423],[144.778,-40.423],[144.778,-40.423]]],[[[144.779,-40.423],[144.779,-40.423],[144.778,-40.422],[144.779,-40.423]]],[[[144.778,-40.422],[144.778,-40.422],[144.778,-40.422],[144.778,-40.422]]],[[[144.966,-40.422],[144.966,-40.422],[144.966,-40.422],[144.966,-40.422]]],[[[144.968,-40.422],[144.967,-40.422],[144.968,-40.421],[144.968,-40.422]]],[[[144.965,-40.421],[144.965,-40.421],[144.965,-40.421],[144.965,-40.421]]],[[[144.779,-40.421],[144.779,-40.421],[144.779,-40.42],[144.779,-40.421]]],[[[144.961,-40.415],[144.961,-40.415],[144.961,-40.415],[144.961,-40.415]]],[[[144.782,-40.415],[144.782,-40.415],[144.782,-40.415],[144.782,-40.415]]],[[[144.961,-40.415],[144.961,-40.415],[144.961,-40.415],[144.961,-40.415]]],[[[144.782,-40.415],[144.782,-40.415],[144.782,-40.415],[144.782,-40.415]]],[[[144.782,-40.415],[144.782,-40.415],[144.782,-40.414],[144.782,-40.415]]],[[[144.958,-40.414],[144.958,-40.414],[144.958,-40.414],[144.958,-40.414]]],[[[144.957,-40.413],[144.957,-40.412],[144.957,-40.412],[144.957,-40.413]]],[[[144.957,-40.413],[144.957,-40.412],[144.957,-40.412],[144.957,-40.413]]],[[[144.783,-40.412],[144.783,-40.412],[144.783,-40.412],[144.783,-40.412]]],[[[144.784,-40.41],[144.784,-40.41],[144.784,-40.41],[144.784,-40.41]]],[[[144.959,-40.409],[144.958,-40.409],[144.959,-40.409],[144.959,-40.409]]],[[[144.784,-40.409],[144.783,-40.409],[144.783,-40.409],[144.784,-40.409]]],[[[144.784,-40.409],[144.784,-40.409],[144.784,-40.409],[144.784,-40.409]]],[[[144.783,-40.408],[144.784,-40.408],[144.782,-40.408],[144.783,-40.408]]],[[[144.783,-40.407],[144.783,-40.407],[144.783,-40.407],[144.783,-40.407]]],[[[144.962,-40.406],[144.961,-40.406],[144.962,-40.406],[144.962,-40.406]]],[[[144.783,-40.406],[144.783,-40.405],[144.783,-40.405],[144.783,-40.406]]],[[[144.79,-40.403],[144.79,-40.403],[144.79,-40.403],[144.79,-40.403]]],[[[144.784,-40.403],[144.784,-40.402],[144.784,-40.403],[144.784,-40.403]]],[[[144.784,-40.401],[144.784,-40.401],[144.784,-40.4],[144.784,-40.401]]],[[[144.961,-40.4],[144.961,-40.4],[144.961,-40.4],[144.961,-40.4]]],[[[144.787,-40.4],[144.786,-40.4],[144.787,-40.4],[144.787,-40.4]]],[[[144.96,-40.4],[144.96,-40.4],[144.96,-40.4],[144.96,-40.4]]],[[[144.785,-40.4],[144.791,-40.507],[144.771,-40.533],[144.776,-40.581],[144.758,-40.606],[144.726,-40.575],[144.733,-40.55],[144.711,-40.485],[144.756,-40.486],[144.785,-40.4]]],[[[144.961,-40.399],[144.961,-40.4],[144.961,-40.399],[144.961,-40.399]]],[[[144.959,-40.399],[144.959,-40.399],[144.959,-40.399],[144.959,-40.399]]],[[[144.962,-40.398],[144.962,-40.398],[144.962,-40.398],[144.962,-40.398]]],[[[144.962,-40.398],[144.962,-40.398],[144.962,-40.398],[144.962,-40.398]]],[[[144.882,-40.398],[144.882,-40.398],[144.882,-40.398],[144.882,-40.398]]],[[[144.883,-40.398],[144.882,-40.397],[144.883,-40.397],[144.883,-40.398]]],[[[144.961,-40.397],[144.961,-40.397],[144.961,-40.397],[144.961,-40.397]]],[[[144.938,-40.397],[144.938,-40.397],[144.938,-40.396],[144.938,-40.397]]],[[[144.937,-40.396],[144.937,-40.396],[144.938,-40.396],[144.937,-40.396]]],[[[144.938,-40.396],[144.938,-40.396],[144.938,-40.396],[144.938,-40.396]]],[[[144.918,-40.394],[144.917,-40.394],[144.918,-40.394],[144.918,-40.394]]],[[[144.923,-40.394],[144.923,-40.394],[144.923,-40.393],[144.923,-40.394]]],[[[144.949,-40.394],[144.948,-40.394],[144.949,-40.393],[144.949,-40.394]]],[[[144.949,-40.393],[144.949,-40.393],[144.949,-40.393],[144.949,-40.393]]],[[[144.949,-40.393],[144.949,-40.393],[144.949,-40.393],[144.949,-40.393]]],[[[144.947,-40.392],[144.947,-40.392],[144.947,-40.392],[144.947,-40.392]]],[[[144.908,-40.393],[144.907,-40.393],[144.908,-40.392],[144.908,-40.393]]],[[[144.953,-40.391],[144.953,-40.391],[144.953,-40.391],[144.953,-40.391]]],[[[144.892,-40.388],[144.955,-40.391],[144.97,-40.426],[144.948,-40.439],[144.952,-40.46],[144.897,-40.484],[144.835,-40.443],[144.876,-40.424],[144.886,-40.408],[144.874,-40.401],[144.892,-40.388]]],[[[144.653,-40.381],[144.653,-40.381],[144.653,-40.381],[144.653,-40.381]]],[[[144.651,-40.381],[144.651,-40.381],[144.651,-40.381],[144.651,-40.381]]],[[[144.652,-40.381],[144.653,-40.382],[144.652,-40.382],[144.652,-40.381]]],[[[144.651,-40.381],[144.651,-40.381],[144.651,-40.381],[144.651,-40.381]]],[[[144.652,-40.381],[144.652,-40.381],[144.652,-40.381],[144.652,-40.381]]],[[[144.652,-40.381],[144.652,-40.381],[144.652,-40.381],[144.652,-40.381]]],[[[144.653,-40.381],[144.653,-40.381],[144.653,-40.381],[144.653,-40.381]]],[[[144.652,-40.38],[144.653,-40.38],[144.652,-40.38],[144.652,-40.38]]],[[[144.653,-40.38],[144.653,-40.38],[144.653,-40.38],[144.653,-40.38]]],[[[144.656,-40.378],[144.656,-40.378],[144.656,-40.378],[144.656,-40.378]]],[[[147.899,-40.378],[147.894,-40.379],[147.897,-40.377],[147.899,-40.378]]],[[[144.654,-40.376],[144.654,-40.376],[144.654,-40.376],[144.654,-40.376]]],[[[144.654,-40.376],[144.654,-40.376],[144.654,-40.376],[144.654,-40.376]]],[[[144.655,-40.372],[144.657,-40.376],[144.652,-40.381],[144.655,-40.372]]],[[[144.655,-40.372],[144.656,-40.372],[144.655,-40.372],[144.655,-40.372]]],[[[144.656,-40.371],[144.656,-40.372],[144.656,-40.372],[144.656,-40.371]]],[[[144.656,-40.371],[144.656,-40.371],[144.655,-40.371],[144.656,-40.371]]],[[[148.025,-40.35],[148.015,-40.362],[147.981,-40.369],[148.025,-40.35]]],[[[148.052,-40.339],[148.054,-40.341],[148.05,-40.343],[148.052,-40.339]]],[[[147.923,-40.337],[147.922,-40.337],[147.922,-40.335],[147.923,-40.337]]],[[[148.209,-40.317],[148.21,-40.318],[148.208,-40.318],[148.209,-40.317]]],[[[148.205,-40.311],[148.205,-40.312],[148.205,-40.311],[148.205,-40.311]]],[[[148.309,-40.303],[148.314,-40.306],[148.308,-40.307],[148.309,-40.303]]],[[[147.915,-40.3],[147.918,-40.301],[147.916,-40.301],[147.915,-40.3]]],[[[148.323,-40.297],[148.324,-40.298],[148.319,-40.3],[148.323,-40.297]]],[[[148.112,-40.295],[148.111,-40.311],[148.099,-40.31],[148.112,-40.295]]],[[[147.786,-40.296],[147.784,-40.296],[147.783,-40.295],[147.786,-40.296]]],[[[147.798,-40.294],[147.802,-40.315],[147.787,-40.3],[147.798,-40.294]]],[[[147.904,-40.292],[147.905,-40.317],[147.881,-40.326],[147.847,-40.324],[147.856,-40.308],[147.836,-40.303],[147.84,-40.292],[147.876,-40.306],[147.904,-40.292]]],[[[148.342,-40.303],[148.407,-40.378],[148.451,-40.377],[148.449,-40.406],[148.482,-40.433],[148.437,-40.44],[148.431,-40.465],[148.414,-40.462],[148.398,-40.489],[148.378,-40.477],[148.343,-40.49],[148.309,-40.427],[148.273,-40.429],[148.227,-40.466],[148.196,-40.435],[148.142,-40.448],[148.141,-40.46],[148.128,-40.44],[148.086,-40.457],[148.046,-40.449],[148.018,-40.414],[147.987,-40.419],[147.989,-40.386],[148.082,-40.339],[148.144,-40.336],[148.192,-40.356],[148.211,-40.318],[148.267,-40.341],[148.33,-40.291],[148.342,-40.303]]],[[[148.063,-40.291],[148.061,-40.292],[148.062,-40.291],[148.063,-40.291]]],[[[148.154,-40.29],[148.162,-40.297],[148.132,-40.298],[148.154,-40.29]]],[[[148.116,-40.289],[148.115,-40.292],[148.11,-40.293],[148.116,-40.289]]],[[[148.071,-40.287],[148.071,-40.288],[148.067,-40.289],[148.071,-40.287]]],[[[147.911,-40.267],[147.91,-40.269],[147.909,-40.269],[147.911,-40.267]]],[[[147.934,-40.259],[147.93,-40.28],[147.911,-40.279],[147.934,-40.259]]],[[[148.305,-40.262],[148.326,-40.288],[148.28,-40.287],[148.295,-40.257],[148.305,-40.262]]],[[[148.281,-40.255],[148.284,-40.256],[148.282,-40.257],[148.281,-40.255]]],[[[147.914,-40.255],[147.913,-40.255],[147.914,-40.254],[147.914,-40.255]]],[[[148.207,-40.248],[148.215,-40.255],[148.206,-40.258],[148.207,-40.248]]],[[[148.232,-40.24],[148.266,-40.256],[148.233,-40.255],[148.232,-40.24]]],[[[148.243,-40.232],[148.242,-40.232],[148.243,-40.231],[148.243,-40.232]]],[[[148.244,-40.23],[148.244,-40.231],[148.243,-40.23],[148.244,-40.23]]],[[[148.242,-40.23],[148.242,-40.23],[148.242,-40.229],[148.242,-40.23]]],[[[148.268,-40.226],[148.268,-40.225],[148.268,-40.225],[148.268,-40.226]]],[[[148.267,-40.222],[148.268,-40.223],[148.266,-40.223],[148.267,-40.222]]],[[[148.257,-40.222],[148.256,-40.231],[148.245,-40.226],[148.257,-40.222]]],[[[148.267,-40.221],[148.267,-40.221],[148.267,-40.221],[148.267,-40.221]]],[[[147.907,-40.178],[147.916,-40.187],[147.89,-40.191],[147.907,-40.178]]],[[[147.976,-40.175],[147.987,-40.186],[147.976,-40.195],[147.976,-40.175]]],[[[143.924,-40.165],[143.924,-40.165],[143.924,-40.165],[143.924,-40.165]]],[[[143.924,-40.165],[143.924,-40.164],[143.924,-40.164],[143.924,-40.165]]],[[[143.929,-40.162],[143.928,-40.162],[143.928,-40.162],[143.929,-40.162]]],[[[143.928,-40.162],[143.928,-40.162],[143.928,-40.162],[143.928,-40.162]]],[[[143.929,-40.162],[143.929,-40.162],[143.929,-40.162],[143.929,-40.162]]],[[[143.925,-40.162],[143.925,-40.161],[143.925,-40.162],[143.925,-40.162]]],[[[143.924,-40.161],[143.924,-40.161],[143.924,-40.161],[143.924,-40.161]]],[[[143.929,-40.161],[143.929,-40.161],[143.929,-40.161],[143.929,-40.161]]],[[[143.929,-40.16],[143.929,-40.16],[143.93,-40.16],[143.929,-40.16]]],[[[143.924,-40.16],[143.924,-40.16],[143.925,-40.16],[143.924,-40.16]]],[[[143.929,-40.16],[143.924,-40.161],[143.926,-40.158],[143.929,-40.16]]],[[[143.927,-40.155],[143.927,-40.155],[143.927,-40.155],[143.927,-40.155]]],[[[143.92,-40.153],[143.92,-40.153],[143.92,-40.153],[143.92,-40.153]]],[[[143.957,-40.153],[143.957,-40.153],[143.957,-40.153],[143.957,-40.153]]],[[[143.958,-40.153],[143.958,-40.153],[143.958,-40.153],[143.958,-40.153]]],[[[143.919,-40.151],[143.919,-40.151],[143.919,-40.151],[143.919,-40.151]]],[[[143.918,-40.151],[143.918,-40.151],[143.919,-40.151],[143.918,-40.151]]],[[[143.93,-40.147],[143.93,-40.147],[143.93,-40.147],[143.93,-40.147]]],[[[143.93,-40.147],[143.93,-40.147],[143.93,-40.147],[143.93,-40.147]]],[[[143.916,-40.146],[143.916,-40.146],[143.916,-40.146],[143.916,-40.146]]],[[[143.929,-40.145],[143.929,-40.145],[143.929,-40.145],[143.929,-40.145]]],[[[143.905,-40.141],[143.905,-40.141],[143.905,-40.141],[143.905,-40.141]]],[[[143.901,-40.14],[143.901,-40.14],[143.901,-40.14],[143.901,-40.14]]],[[[143.9,-40.137],[143.9,-40.137],[143.9,-40.136],[143.9,-40.137]]],[[[147.893,-40.136],[147.895,-40.138],[147.892,-40.138],[147.893,-40.136]]],[[[143.9,-40.134],[143.9,-40.134],[143.9,-40.134],[143.9,-40.134]]],[[[143.9,-40.134],[143.9,-40.134],[143.9,-40.134],[143.9,-40.134]]],[[[147.724,-40.132],[147.722,-40.13],[147.727,-40.129],[147.724,-40.132]]],[[[147.73,-40.129],[147.73,-40.128],[147.73,-40.129],[147.73,-40.129]]],[[[147.944,-40.128],[147.943,-40.132],[147.941,-40.129],[147.944,-40.128]]],[[[143.89,-40.123],[143.89,-40.123],[143.89,-40.123],[143.89,-40.123]]],[[[143.889,-40.123],[143.889,-40.122],[143.889,-40.122],[143.889,-40.123]]],[[[147.915,-40.122],[147.916,-40.125],[147.914,-40.123],[147.915,-40.122]]],[[[143.886,-40.122],[143.886,-40.122],[143.887,-40.122],[143.886,-40.122]]],[[[143.885,-40.122],[143.884,-40.122],[143.885,-40.122],[143.885,-40.122]]],[[[143.885,-40.122],[143.885,-40.122],[143.885,-40.122],[143.885,-40.122]]],[[[143.883,-40.121],[143.883,-40.121],[143.883,-40.121],[143.883,-40.121]]],[[[143.882,-40.121],[143.882,-40.121],[143.882,-40.121],[143.882,-40.121]]],[[[143.884,-40.121],[143.884,-40.121],[143.884,-40.121],[143.884,-40.121]]],[[[143.878,-40.121],[143.879,-40.121],[143.879,-40.121],[143.878,-40.121]]],[[[143.883,-40.121],[143.883,-40.121],[143.883,-40.121],[143.883,-40.121]]],[[[143.88,-40.121],[143.88,-40.121],[143.88,-40.121],[143.88,-40.121]]],[[[143.879,-40.121],[143.879,-40.121],[143.879,-40.121],[143.879,-40.121]]],[[[143.881,-40.12],[143.881,-40.12],[143.88,-40.12],[143.881,-40.12]]],[[[143.879,-40.12],[143.879,-40.12],[143.879,-40.12],[143.879,-40.12]]],[[[143.878,-40.12],[143.878,-40.12],[143.879,-40.12],[143.878,-40.12]]],[[[143.879,-40.119],[143.879,-40.119],[143.879,-40.119],[143.879,-40.119]]],[[[143.877,-40.12],[143.877,-40.119],[143.877,-40.119],[143.877,-40.12]]],[[[143.878,-40.119],[143.877,-40.12],[143.878,-40.119],[143.878,-40.119]]],[[[143.877,-40.118],[143.876,-40.118],[143.876,-40.118],[143.877,-40.118]]],[[[143.876,-40.118],[143.876,-40.118],[143.876,-40.118],[143.876,-40.118]]],[[[143.971,-40.118],[143.971,-40.118],[143.971,-40.118],[143.971,-40.118]]],[[[143.971,-40.118],[143.971,-40.118],[143.97,-40.118],[143.971,-40.118]]],[[[143.97,-40.118],[143.97,-40.118],[143.97,-40.118],[143.97,-40.118]]],[[[143.971,-40.117],[143.971,-40.117],[143.971,-40.117],[143.971,-40.117]]],[[[143.97,-40.117],[143.969,-40.117],[143.969,-40.117],[143.97,-40.117]]],[[[143.972,-40.117],[143.971,-40.117],[143.971,-40.117],[143.972,-40.117]]],[[[143.971,-40.117],[143.97,-40.117],[143.971,-40.117],[143.971,-40.117]]],[[[143.875,-40.117],[143.875,-40.116],[143.875,-40.117],[143.875,-40.117]]],[[[143.875,-40.116],[143.875,-40.116],[143.875,-40.116],[143.875,-40.116]]],[[[143.974,-40.116],[143.974,-40.116],[143.974,-40.116],[143.974,-40.116]]],[[[143.876,-40.116],[143.875,-40.116],[143.875,-40.116],[143.876,-40.116]]],[[[143.974,-40.116],[143.974,-40.116],[143.974,-40.116],[143.974,-40.116]]],[[[143.969,-40.115],[143.969,-40.115],[143.97,-40.115],[143.969,-40.115]]],[[[143.977,-40.114],[143.977,-40.114],[143.977,-40.114],[143.977,-40.114]]],[[[143.874,-40.113],[143.874,-40.113],[143.874,-40.113],[143.874,-40.113]]],[[[143.967,-40.112],[143.967,-40.112],[143.967,-40.112],[143.967,-40.112]]],[[[143.874,-40.113],[143.874,-40.113],[143.874,-40.112],[143.874,-40.113]]],[[[143.874,-40.112],[143.874,-40.112],[143.874,-40.112],[143.874,-40.112]]],[[[143.875,-40.111],[143.875,-40.111],[143.876,-40.111],[143.875,-40.111]]],[[[143.876,-40.111],[143.876,-40.111],[143.876,-40.111],[143.876,-40.111]]],[[[143.875,-40.111],[143.875,-40.111],[143.875,-40.111],[143.875,-40.111]]],[[[143.874,-40.111],[143.874,-40.111],[143.874,-40.111],[143.874,-40.111]]],[[[143.876,-40.111],[143.875,-40.111],[143.876,-40.111],[143.876,-40.111]]],[[[143.979,-40.111],[143.978,-40.11],[143.978,-40.11],[143.979,-40.111]]],[[[143.874,-40.11],[143.874,-40.11],[143.875,-40.11],[143.874,-40.11]]],[[[143.979,-40.11],[143.979,-40.11],[143.979,-40.11],[143.979,-40.11]]],[[[143.979,-40.11],[143.979,-40.11],[143.979,-40.11],[143.979,-40.11]]],[[[143.874,-40.11],[143.874,-40.11],[143.874,-40.11],[143.874,-40.11]]],[[[143.874,-40.11],[143.874,-40.11],[143.874,-40.11],[143.874,-40.11]]],[[[143.874,-40.11],[143.874,-40.11],[143.874,-40.11],[143.874,-40.11]]],[[[143.874,-40.109],[143.874,-40.11],[143.874,-40.109],[143.874,-40.109]]],[[[144.031,-40.108],[144.031,-40.108],[144.031,-40.108],[144.031,-40.108]]],[[[144.031,-40.107],[144.031,-40.107],[144.031,-40.107],[144.031,-40.107]]],[[[143.875,-40.107],[143.874,-40.108],[143.874,-40.107],[143.875,-40.107]]],[[[144.031,-40.107],[144.031,-40.107],[144.031,-40.107],[144.031,-40.107]]],[[[143.874,-40.107],[143.874,-40.107],[143.874,-40.107],[143.874,-40.107]]],[[[144.031,-40.106],[144.031,-40.106],[144.031,-40.106],[144.031,-40.106]]],[[[143.874,-40.106],[143.874,-40.106],[143.874,-40.106],[143.874,-40.106]]],[[[144.032,-40.106],[144.032,-40.106],[144.032,-40.105],[144.032,-40.106]]],[[[143.873,-40.105],[143.873,-40.105],[143.873,-40.105],[143.873,-40.105]]],[[[144.031,-40.105],[144.032,-40.106],[144.031,-40.106],[144.031,-40.105]]],[[[143.873,-40.105],[143.873,-40.105],[143.873,-40.105],[143.873,-40.105]]],[[[143.874,-40.105],[143.874,-40.105],[143.874,-40.104],[143.874,-40.105]]],[[[143.874,-40.104],[143.873,-40.104],[143.874,-40.104],[143.874,-40.104]]],[[[144.03,-40.102],[144.03,-40.102],[144.03,-40.102],[144.03,-40.102]]],[[[144.03,-40.102],[144.03,-40.102],[144.03,-40.102],[144.03,-40.102]]],[[[144.011,-40.102],[144.011,-40.102],[144.011,-40.102],[144.011,-40.102]]],[[[144.031,-40.102],[144.031,-40.102],[144.031,-40.102],[144.031,-40.102]]],[[[144.03,-40.102],[144.03,-40.102],[144.03,-40.102],[144.03,-40.102]]],[[[144.03,-40.102],[144.03,-40.101],[144.03,-40.101],[144.03,-40.102]]],[[[143.874,-40.101],[143.874,-40.101],[143.875,-40.101],[143.874,-40.101]]],[[[143.874,-40.101],[143.874,-40.101],[143.874,-40.101],[143.874,-40.101]]],[[[143.874,-40.101],[143.874,-40.1],[143.874,-40.1],[143.874,-40.101]]],[[[143.875,-40.101],[143.875,-40.1],[143.875,-40.1],[143.875,-40.101]]],[[[143.872,-40.1],[143.872,-40.1],[143.872,-40.1],[143.872,-40.1]]],[[[143.875,-40.1],[143.875,-40.1],[143.875,-40.1],[143.875,-40.1]]],[[[144.008,-40.099],[144.008,-40.099],[144.008,-40.099],[144.008,-40.099]]],[[[143.872,-40.098],[143.872,-40.098],[143.872,-40.098],[143.872,-40.098]]],[[[143.875,-40.098],[143.875,-40.098],[143.875,-40.098],[143.875,-40.098]]],[[[143.876,-40.098],[143.876,-40.098],[143.876,-40.097],[143.876,-40.098]]],[[[143.873,-40.097],[143.873,-40.097],[143.873,-40.097],[143.873,-40.097]]],[[[143.873,-40.097],[143.872,-40.096],[143.872,-40.096],[143.873,-40.097]]],[[[143.872,-40.096],[143.871,-40.096],[143.872,-40.096],[143.872,-40.096]]],[[[143.871,-40.096],[143.871,-40.096],[143.871,-40.096],[143.871,-40.096]]],[[[144.011,-40.095],[144.011,-40.095],[144.011,-40.094],[144.011,-40.095]]],[[[147.891,-40.094],[147.887,-40.106],[147.887,-40.095],[147.891,-40.094]]],[[[144.025,-40.094],[144.024,-40.093],[144.025,-40.094],[144.025,-40.094]]],[[[144.021,-40.094],[144.021,-40.094],[144.021,-40.093],[144.021,-40.094]]],[[[143.868,-40.093],[143.868,-40.093],[143.868,-40.092],[143.868,-40.093]]],[[[143.869,-40.092],[143.868,-40.092],[143.869,-40.092],[143.869,-40.092]]],[[[144.03,-40.09],[144.029,-40.09],[144.03,-40.09],[144.03,-40.09]]],[[[148.276,-40.088],[148.277,-40.087],[148.276,-40.087],[148.276,-40.088]]],[[[144.039,-40.087],[144.038,-40.087],[144.039,-40.087],[144.039,-40.087]]],[[[144.039,-40.087],[144.038,-40.087],[144.039,-40.086],[144.039,-40.087]]],[[[143.868,-40.086],[143.868,-40.086],[143.868,-40.086],[143.868,-40.086]]],[[[144.038,-40.087],[144.037,-40.087],[144.038,-40.086],[144.038,-40.087]]],[[[143.869,-40.085],[143.869,-40.085],[143.869,-40.085],[143.869,-40.085]]],[[[144.038,-40.083],[144.038,-40.083],[144.038,-40.083],[144.038,-40.083]]],[[[143.87,-40.083],[143.87,-40.083],[143.87,-40.083],[143.87,-40.083]]],[[[143.869,-40.082],[143.869,-40.082],[143.869,-40.082],[143.869,-40.082]]],[[[143.869,-40.082],[143.869,-40.082],[143.869,-40.082],[143.869,-40.082]]],[[[143.87,-40.081],[143.87,-40.081],[143.87,-40.081],[143.87,-40.081]]],[[[143.87,-40.081],[143.87,-40.081],[143.87,-40.081],[143.87,-40.081]]],[[[143.87,-40.08],[143.87,-40.08],[143.87,-40.08],[143.87,-40.08]]],[[[143.869,-40.08],[143.869,-40.08],[143.869,-40.08],[143.869,-40.08]]],[[[144.048,-40.08],[144.048,-40.08],[144.048,-40.08],[144.048,-40.08]]],[[[143.869,-40.079],[143.869,-40.079],[143.869,-40.079],[143.869,-40.079]]],[[[144.048,-40.08],[144.048,-40.08],[144.048,-40.079],[144.048,-40.08]]],[[[143.867,-40.079],[143.867,-40.079],[143.867,-40.079],[143.867,-40.079]]],[[[143.869,-40.079],[143.869,-40.079],[143.869,-40.079],[143.869,-40.079]]],[[[148.287,-40.08],[148.286,-40.08],[148.285,-40.079],[148.287,-40.08]]],[[[144.047,-40.079],[144.047,-40.078],[144.048,-40.079],[144.047,-40.079]]],[[[143.869,-40.078],[143.869,-40.078],[143.869,-40.078],[143.869,-40.078]]],[[[143.869,-40.078],[143.869,-40.078],[143.869,-40.077],[143.869,-40.078]]],[[[143.867,-40.078],[143.867,-40.077],[143.867,-40.077],[143.867,-40.078]]],[[[143.867,-40.077],[143.867,-40.076],[143.868,-40.076],[143.867,-40.077]]],[[[148.284,-40.077],[148.285,-40.075],[148.285,-40.076],[148.284,-40.077]]],[[[143.866,-40.075],[143.866,-40.075],[143.866,-40.075],[143.866,-40.075]]],[[[143.867,-40.075],[143.866,-40.075],[143.867,-40.075],[143.867,-40.075]]],[[[143.864,-40.074],[143.864,-40.074],[143.864,-40.074],[143.864,-40.074]]],[[[143.865,-40.074],[143.865,-40.074],[143.866,-40.074],[143.865,-40.074]]],[[[148.286,-40.074],[148.285,-40.074],[148.285,-40.074],[148.286,-40.074]]],[[[143.866,-40.074],[143.866,-40.074],[143.866,-40.073],[143.866,-40.074]]],[[[143.865,-40.074],[143.865,-40.074],[143.865,-40.074],[143.865,-40.074]]],[[[143.864,-40.07],[143.864,-40.07],[143.864,-40.07],[143.864,-40.07]]],[[[143.865,-40.068],[143.865,-40.068],[143.865,-40.068],[143.865,-40.068]]],[[[143.864,-40.068],[143.864,-40.068],[143.865,-40.068],[143.864,-40.068]]],[[[143.862,-40.068],[143.862,-40.067],[143.862,-40.067],[143.862,-40.068]]],[[[143.862,-40.067],[143.862,-40.067],[143.862,-40.067],[143.862,-40.067]]],[[[143.861,-40.067],[143.861,-40.067],[143.861,-40.066],[143.861,-40.067]]],[[[143.859,-40.066],[143.859,-40.066],[143.859,-40.066],[143.859,-40.066]]],[[[143.859,-40.065],[143.859,-40.065],[143.859,-40.065],[143.859,-40.065]]],[[[143.858,-40.065],[143.857,-40.065],[143.857,-40.064],[143.858,-40.065]]],[[[143.858,-40.064],[143.858,-40.064],[143.858,-40.063],[143.858,-40.064]]],[[[143.858,-40.063],[143.857,-40.063],[143.858,-40.063],[143.858,-40.063]]],[[[143.859,-40.061],[143.859,-40.061],[143.859,-40.061],[143.859,-40.061]]],[[[143.859,-40.061],[143.859,-40.06],[143.859,-40.06],[143.859,-40.061]]],[[[143.861,-40.06],[143.861,-40.06],[143.862,-40.06],[143.861,-40.06]]],[[[143.861,-40.06],[143.86,-40.06],[143.861,-40.06],[143.861,-40.06]]],[[[143.864,-40.06],[143.864,-40.06],[143.864,-40.06],[143.864,-40.06]]],[[[144.094,-40.053],[144.094,-40.053],[144.094,-40.053],[144.094,-40.053]]],[[[144.091,-40.053],[144.091,-40.052],[144.091,-40.052],[144.091,-40.053]]],[[[144.093,-40.053],[144.093,-40.052],[144.093,-40.052],[144.093,-40.053]]],[[[144.095,-40.052],[144.095,-40.052],[144.095,-40.052],[144.095,-40.052]]],[[[144.093,-40.052],[144.092,-40.052],[144.093,-40.052],[144.093,-40.052]]],[[[144.091,-40.052],[144.091,-40.052],[144.091,-40.052],[144.091,-40.052]]],[[[143.887,-40.048],[143.887,-40.048],[143.887,-40.048],[143.887,-40.048]]],[[[143.887,-40.048],[143.887,-40.048],[143.887,-40.048],[143.887,-40.048]]],[[[144.101,-40.048],[144.101,-40.048],[144.101,-40.048],[144.101,-40.048]]],[[[143.887,-40.047],[143.887,-40.047],[143.887,-40.047],[143.887,-40.047]]],[[[144.101,-40.048],[144.101,-40.047],[144.101,-40.047],[144.101,-40.048]]],[[[143.887,-40.047],[143.887,-40.047],[143.887,-40.047],[143.887,-40.047]]],[[[143.887,-40.047],[143.887,-40.047],[143.887,-40.047],[143.887,-40.047]]],[[[144.102,-40.047],[144.102,-40.047],[144.102,-40.047],[144.102,-40.047]]],[[[144.102,-40.046],[144.102,-40.046],[144.102,-40.046],[144.102,-40.046]]],[[[144.103,-40.046],[144.102,-40.046],[144.103,-40.046],[144.103,-40.046]]],[[[144.103,-40.045],[144.103,-40.045],[144.103,-40.045],[144.103,-40.045]]],[[[143.886,-40.045],[143.885,-40.045],[143.886,-40.045],[143.886,-40.045]]],[[[143.886,-40.045],[143.886,-40.045],[143.886,-40.044],[143.886,-40.045]]],[[[143.886,-40.044],[143.886,-40.044],[143.886,-40.044],[143.886,-40.044]]],[[[143.886,-40.043],[143.886,-40.043],[143.886,-40.043],[143.886,-40.043]]],[[[143.886,-40.042],[143.886,-40.042],[143.886,-40.042],[143.886,-40.042]]],[[[143.884,-40.039],[143.884,-40.039],[143.884,-40.039],[143.884,-40.039]]],[[[143.885,-40.039],[143.885,-40.039],[143.885,-40.039],[143.885,-40.039]]],[[[143.886,-40.037],[143.886,-40.037],[143.886,-40.037],[143.886,-40.037]]],[[[143.884,-40.033],[143.884,-40.033],[143.884,-40.033],[143.884,-40.033]]],[[[143.883,-40.031],[143.883,-40.031],[143.883,-40.031],[143.883,-40.031]]],[[[143.884,-40.031],[143.884,-40.031],[143.884,-40.03],[143.884,-40.031]]],[[[147.846,-40.026],[147.848,-40.029],[147.844,-40.029],[147.846,-40.026]]],[[[143.884,-40.024],[143.884,-40.024],[143.884,-40.024],[143.884,-40.024]]],[[[147.775,-40.023],[147.787,-40.042],[147.76,-40.068],[147.757,-40.095],[147.726,-40.103],[147.775,-40.023]]],[[[143.885,-40.022],[143.884,-40.022],[143.884,-40.022],[143.885,-40.022]]],[[[144.114,-40.02],[144.114,-40.02],[144.114,-40.02],[144.114,-40.02]]],[[[144.114,-40.02],[144.114,-40.02],[144.114,-40.02],[144.114,-40.02]]],[[[144.114,-40.02],[144.114,-40.019],[144.114,-40.019],[144.114,-40.02]]],[[[143.891,-40.011],[143.891,-40.011],[143.892,-40.011],[143.891,-40.011]]],[[[143.892,-40.011],[143.892,-40.011],[143.892,-40.011],[143.892,-40.011]]],[[[143.891,-40.01],[143.891,-40.01],[143.891,-40.009],[143.891,-40.01]]],[[[143.892,-40.008],[143.892,-40.007],[143.892,-40.007],[143.892,-40.008]]],[[[143.888,-40.007],[143.888,-40.007],[143.888,-40.007],[143.888,-40.007]]],[[[143.886,-40.007],[143.886,-40.007],[143.886,-40.006],[143.886,-40.007]]],[[[143.885,-40.003],[143.885,-40.003],[143.885,-40.003],[143.885,-40.003]]],[[[143.884,-40],[143.884,-40],[143.884,-40],[143.884,-40]]],[[[144.122,-40],[144.105,-40.044],[144.07,-40.051],[144.027,-40.095],[143.95,-40.113],[143.921,-40.134],[143.927,-40.157],[143.901,-40.139],[143.904,-40.121],[143.875,-40.117],[143.858,-40.062],[143.89,-40.054],[143.885,-40],[144.122,-40]]],[[[148.28,-40],[148.286,-40.068],[148.223,-40.121],[148.279,-40.116],[148.288,-40.081],[148.334,-40.209],[148.283,-40.231],[148.259,-40.21],[148.21,-40.211],[148.193,-40.219],[148.185,-40.25],[148.122,-40.274],[148.028,-40.23],[148.024,-40.212],[148.042,-40.204],[148.018,-40.171],[148.009,-40.108],[147.964,-40.075],[147.954,-40.099],[147.939,-40.038],[147.858,-40.021],[147.89,-40],[148.28,-40]]]]},"properties":{"region":"A4","area":"Tasmania"}},{"type":"Feature","geometry":{"type":"MultiPolygon","coordinates":[[[[147.892,-39.999],[147.894,-40],[147.89,-40],[147.892,-39.999]]],[[[143.884,-39.998],[143.884,-39.998],[143.884,-39.998],[143.884,-39.998]]],[[[143.885,-39.997],[143.885,-39.997],[143.884,-39.997],[143.885,-39.997]]],[[[143.886,-39.991],[143.886,-39.991],[143.886,-39.991],[143.886,-39.991]]],[[[143.885,-39.99],[143.885,-39.99],[143.885,-39.99],[143.885,-39.99]]],[[[148.362,-39.956],[148.363,-39.961],[148.359,-39.96],[148.362,-39.956]]],[[[148.245,-39.952],[148.245,-39.952],[148.245,-39.951],[148.245,-39.952]]],[[[147.773,-39.953],[147.764,-39.957],[147.773,-39.951],[147.773,-39.953]]],[[[148.363,-39.947],[148.361,-39.954],[148.352,-39.951],[148.363,-39.947]]],[[[147.777,-39.943],[147.774,-39.942],[147.777,-39.941],[147.777,-39.943]]],[[[147.775,-39.939],[147.772,-39.937],[147.774,-39.937],[147.775,-39.939]]],[[[148.329,-39.932],[148.343,-39.959],[148.319,-39.955],[148.329,-39.932]]],[[[147.771,-39.925],[147.773,-39.925],[147.772,-39.926],[147.771,-39.925]]],[[[143.841,-39.925],[143.841,-39.924],[143.841,-39.924],[143.841,-39.925]]],[[[143.841,-39.925],[143.841,-39.924],[143.841,-39.924],[143.841,-39.925]]],[[[143.834,-39.922],[143.834,-39.922],[143.834,-39.922],[143.834,-39.922]]],[[[143.832,-39.922],[143.832,-39.922],[143.832,-39.922],[143.832,-39.922]]],[[[143.833,-39.922],[143.833,-39.922],[143.833,-39.922],[143.833,-39.922]]],[[[147.779,-39.919],[147.783,-39.924],[147.774,-39.924],[147.779,-39.919]]],[[[143.833,-39.918],[143.833,-39.918],[143.833,-39.918],[143.833,-39.918]]],[[[143.833,-39.918],[143.833,-39.918],[143.833,-39.918],[143.833,-39.918]]],[[[143.833,-39.917],[143.833,-39.917],[143.833,-39.917],[143.833,-39.917]]],[[[147.774,-39.904],[147.778,-39.91],[147.769,-39.909],[147.774,-39.904]]],[[[143.833,-39.903],[143.833,-39.903],[143.833,-39.903],[143.833,-39.903]]],[[[147.771,-39.837],[147.769,-39.841],[147.767,-39.839],[147.771,-39.837]]],[[[144.16,-39.827],[144.164,-39.828],[144.158,-39.833],[144.16,-39.827]]],[[[147.825,-39.821],[147.826,-39.821],[147.826,-39.823],[147.825,-39.821]]],[[[147.852,-39.766],[147.853,-39.767],[147.851,-39.766],[147.852,-39.766]]],[[[147.849,-39.764],[147.849,-39.765],[147.848,-39.765],[147.849,-39.764]]],[[[143.847,-39.733],[143.847,-39.734],[143.846,-39.733],[143.847,-39.733]]],[[[147.943,-39.72],[147.964,-39.728],[147.967,-39.773],[147.97,-39.76],[147.991,-39.779],[147.961,-39.73],[148.108,-39.895],[148.186,-39.946],[148.171,-39.943],[148.177,-39.952],[148.291,-39.965],[148.28,-40],[147.896,-40],[147.906,-39.966],[147.88,-39.907],[147.848,-39.898],[147.805,-39.917],[147.757,-39.891],[147.748,-39.874],[147.777,-39.85],[147.844,-39.837],[147.841,-39.809],[147.87,-39.787],[147.848,-39.751],[147.884,-39.761],[147.943,-39.72]]],[[[143.827,-39.691],[143.827,-39.691],[143.827,-39.69],[143.827,-39.691]]],[[[147.687,-39.686],[147.683,-39.689],[147.674,-39.689],[147.687,-39.686]]],[[[143.827,-39.682],[143.826,-39.682],[143.827,-39.682],[143.827,-39.682]]],[[[143.83,-39.682],[143.834,-39.693],[143.828,-39.69],[143.83,-39.682]]],[[[147.901,-39.682],[147.946,-39.7],[147.894,-39.703],[147.888,-39.688],[147.901,-39.682]]],[[[147.995,-39.672],[147.996,-39.672],[147.994,-39.672],[147.995,-39.672]]],[[[143.827,-39.665],[143.838,-39.67],[143.82,-39.676],[143.827,-39.665]]],[[[147.985,-39.639],[148.01,-39.651],[147.966,-39.663],[147.985,-39.639]]],[[[144.053,-39.625],[144.053,-39.625],[144.054,-39.625],[144.053,-39.625]]],[[[144.054,-39.624],[144.054,-39.624],[144.054,-39.624],[144.054,-39.624]]],[[[143.95,-39.579],[143.984,-39.601],[144.005,-39.597],[144.11,-39.67],[144.102,-39.764],[144.128,-39.822],[144.105,-39.891],[144.138,-39.934],[144.122,-40],[143.885,-40],[143.88,-39.968],[143.839,-39.936],[143.835,-39.903],[143.867,-39.831],[143.844,-39.715],[143.922,-39.669],[143.935,-39.638],[143.924,-39.595],[143.95,-39.579]]],[[[147.127,-39.519],[147.131,-39.523],[147.129,-39.526],[147.127,-39.519]]],[[[146.653,-39.463],[146.64,-39.48],[146.638,-39.474],[146.653,-39.463]]],[[[147.341,-39.451],[147.361,-39.465],[147.346,-39.472],[147.358,-39.481],[147.324,-39.505],[147.304,-39.475],[147.341,-39.451]]],[[[147.38,-39.443],[147.382,-39.447],[147.373,-39.449],[147.38,-39.443]]],[[[147.302,-39.439],[147.29,-39.477],[147.26,-39.48],[147.293,-39.462],[147.273,-39.445],[147.302,-39.439]]],[[[146.389,-39.225],[146.395,-39.231],[146.384,-39.236],[146.389,-39.225]]],[[[146.986,-39.207],[146.996,-39.221],[146.981,-39.233],[146.986,-39.207]]],[[[147.003,-39.204],[147,-39.211],[146.996,-39.212],[147.003,-39.204]]],[[[146.294,-39.156],[146.296,-39.157],[146.293,-39.159],[146.294,-39.156]]],[[[146.299,-39.156],[146.299,-39.154],[146.299,-39.155],[146.299,-39.156]]],[[[146.303,-39.154],[146.302,-39.154],[146.302,-39.153],[146.303,-39.154]]],[[[146.304,-39.151],[146.306,-39.152],[146.305,-39.152],[146.304,-39.151]]],[[[146.309,-39.15],[146.314,-39.158],[146.307,-39.153],[146.309,-39.15]]],[[[146.361,-39.138],[146.368,-39.14],[146.359,-39.141],[146.361,-39.138]]],[[[146.314,-39.135],[146.329,-39.143],[146.325,-39.147],[146.314,-39.135]]],[[[146.242,-39.114],[146.243,-39.118],[146.24,-39.115],[146.242,-39.114]]],[[[146.239,-39.112],[146.237,-39.118],[146.234,-39.115],[146.239,-39.112]]],[[[146.237,-39.102],[146.241,-39.108],[146.238,-39.11],[146.237,-39.102]]],[[[146.224,-39.071],[146.241,-39.089],[146.237,-39.098],[146.224,-39.071]]],[[[146.241,-39.017],[146.246,-39.024],[146.241,-39.03],[146.241,-39.017]]],[[[146.233,-38.967],[146.224,-38.972],[146.224,-38.967],[146.233,-38.967]]],[[[146.682,-38.955],[146.68,-38.953],[146.684,-38.954],[146.682,-38.955]]],[[[146.706,-38.952],[146.704,-38.949],[146.707,-38.95],[146.706,-38.952]]],[[[146.679,-38.942],[146.674,-38.938],[146.677,-38.939],[146.679,-38.942]]],[[[146.665,-38.926],[146.661,-38.927],[146.659,-38.922],[146.665,-38.926]]],[[[146.513,-38.913],[146.506,-38.913],[146.512,-38.908],[146.513,-38.913]]],[[[146.371,-38.841],[146.368,-38.844],[146.368,-38.841],[146.371,-38.841]]],[[[146.393,-38.808],[146.393,-38.807],[146.394,-38.807],[146.393,-38.808]]],[[[143.403,-38.781],[143.403,-38.781],[143.403,-38.781],[143.403,-38.781]]],[[[146.279,-38.771],[146.279,-38.773],[146.276,-38.772],[146.279,-38.771]]],[[[143.266,-38.77],[143.265,-38.77],[143.266,-38.77],[143.266,-38.77]]],[[[146.541,-38.747],[146.539,-38.748],[146.541,-38.746],[146.541,-38.747]]],[[[146.54,-38.746],[146.54,-38.746],[146.541,-38.745],[146.54,-38.746]]],[[[146.642,-38.747],[146.622,-38.75],[146.64,-38.744],[146.642,-38.747]]],[[[146.527,-38.742],[146.527,-38.74],[146.528,-38.741],[146.527,-38.742]]],[[[146.549,-38.74],[146.553,-38.743],[146.544,-38.745],[146.549,-38.74]]],[[[146.465,-38.735],[146.466,-38.737],[146.464,-38.738],[146.465,-38.735]]],[[[146.516,-38.721],[146.51,-38.724],[146.51,-38.722],[146.516,-38.721]]],[[[146.51,-38.719],[146.508,-38.737],[146.542,-38.728],[146.5,-38.763],[146.548,-38.757],[146.577,-38.735],[146.621,-38.758],[146.668,-38.748],[146.598,-38.759],[146.54,-38.79],[146.495,-38.775],[146.465,-38.74],[146.51,-38.719]]],[[[146.669,-38.719],[146.653,-38.727],[146.63,-38.725],[146.669,-38.719]]],[[[146.566,-38.713],[146.572,-38.715],[146.568,-38.716],[146.566,-38.713]]],[[[146.534,-38.716],[146.531,-38.716],[146.529,-38.713],[146.534,-38.716]]],[[[146.454,-38.711],[146.502,-38.716],[146.442,-38.729],[146.454,-38.711]]],[[[146.689,-38.71],[146.688,-38.712],[146.687,-38.71],[146.689,-38.71]]],[[[146.696,-38.708],[146.7,-38.71],[146.692,-38.71],[146.696,-38.708]]],[[[146.577,-38.707],[146.576,-38.707],[146.577,-38.707],[146.577,-38.707]]],[[[146.555,-38.703],[146.562,-38.705],[146.552,-38.704],[146.555,-38.703]]],[[[146.58,-38.702],[146.581,-38.702],[146.579,-38.702],[146.58,-38.702]]],[[[146.703,-38.703],[146.701,-38.703],[146.703,-38.701],[146.703,-38.703]]],[[[146.574,-38.704],[146.571,-38.705],[146.572,-38.7],[146.574,-38.704]]],[[[146.689,-38.701],[146.69,-38.701],[146.687,-38.699],[146.689,-38.701]]],[[[146.578,-38.701],[146.577,-38.7],[146.577,-38.698],[146.578,-38.701]]],[[[146.619,-38.698],[146.678,-38.708],[146.626,-38.725],[146.601,-38.717],[146.602,-38.727],[146.586,-38.713],[146.619,-38.698]]],[[[146.69,-38.696],[146.687,-38.699],[146.688,-38.697],[146.69,-38.696]]],[[[146.571,-38.697],[146.567,-38.699],[146.563,-38.697],[146.571,-38.697]]],[[[146.731,-38.696],[146.686,-38.728],[146.679,-38.727],[146.731,-38.696]]],[[[146.627,-38.69],[146.634,-38.697],[146.622,-38.695],[146.627,-38.69]]],[[[146.57,-38.691],[146.571,-38.69],[146.571,-38.691],[146.57,-38.691]]],[[[146.594,-38.689],[146.589,-38.692],[146.588,-38.691],[146.594,-38.689]]],[[[146.653,-38.685],[146.658,-38.686],[146.652,-38.687],[146.653,-38.685]]],[[[146.686,-38.686],[146.686,-38.686],[146.686,-38.685],[146.686,-38.686]]],[[[146.689,-38.687],[146.689,-38.685],[146.69,-38.685],[146.689,-38.687]]],[[[146.729,-38.685],[146.733,-38.685],[146.73,-38.686],[146.729,-38.685]]],[[[146.725,-38.685],[146.719,-38.685],[146.724,-38.684],[146.725,-38.685]]],[[[146.607,-38.684],[146.608,-38.686],[146.599,-38.686],[146.607,-38.684]]],[[[146.65,-38.683],[146.643,-38.687],[146.643,-38.684],[146.65,-38.683]]],[[[146.733,-38.682],[146.734,-38.682],[146.734,-38.682],[146.733,-38.682]]],[[[146.688,-38.681],[146.688,-38.681],[146.692,-38.681],[146.688,-38.681]]],[[[146.608,-38.682],[146.606,-38.681],[146.608,-38.68],[146.608,-38.682]]],[[[146.63,-38.68],[146.627,-38.68],[146.631,-38.679],[146.63,-38.68]]],[[[146.735,-38.678],[146.733,-38.678],[146.734,-38.678],[146.735,-38.678]]],[[[146.824,-38.68],[146.823,-38.678],[146.824,-38.678],[146.824,-38.68]]],[[[146.729,-38.679],[146.727,-38.679],[146.729,-38.677],[146.729,-38.679]]],[[[146.68,-38.677],[146.684,-38.69],[146.669,-38.684],[146.68,-38.677]]],[[[146.709,-38.677],[146.716,-38.687],[146.698,-38.693],[146.709,-38.677]]],[[[146.804,-38.677],[146.802,-38.676],[146.804,-38.676],[146.804,-38.677]]],[[[146.71,-38.676],[146.708,-38.676],[146.71,-38.676],[146.71,-38.676]]],[[[146.803,-38.677],[146.825,-38.685],[146.753,-38.69],[146.803,-38.677]]],[[[146.745,-38.678],[146.74,-38.679],[146.745,-38.675],[146.745,-38.678]]],[[[146.749,-38.677],[146.751,-38.674],[146.751,-38.676],[146.749,-38.677]]],[[[146.681,-38.673],[146.685,-38.675],[146.683,-38.675],[146.681,-38.673]]],[[[146.758,-38.675],[146.762,-38.673],[146.756,-38.673],[146.758,-38.675]]],[[[146.746,-38.673],[146.746,-38.672],[146.747,-38.672],[146.746,-38.673]]],[[[146.76,-38.67],[146.761,-38.67],[146.757,-38.673],[146.76,-38.67]]],[[[146.656,-38.672],[146.651,-38.673],[146.654,-38.669],[146.656,-38.672]]],[[[143.107,-38.668],[143.107,-38.668],[143.107,-38.668],[143.107,-38.668]]],[[[143.108,-38.668],[143.108,-38.668],[143.108,-38.668],[143.108,-38.668]]],[[[146.813,-38.668],[146.812,-38.667],[146.813,-38.667],[146.813,-38.668]]],[[[146.742,-38.667],[146.748,-38.669],[146.738,-38.669],[146.742,-38.667]]],[[[146.811,-38.667],[146.811,-38.666],[146.811,-38.666],[146.811,-38.667]]],[[[146.794,-38.666],[146.795,-38.667],[146.794,-38.667],[146.794,-38.666]]],[[[146.799,-38.666],[146.796,-38.667],[146.798,-38.666],[146.799,-38.666]]],[[[143.103,-38.665],[143.103,-38.664],[143.103,-38.665],[143.103,-38.665]]],[[[146.747,-38.663],[146.75,-38.664],[146.748,-38.665],[146.747,-38.663]]],[[[143.101,-38.664],[143.101,-38.663],[143.101,-38.663],[143.101,-38.664]]],[[[143.1,-38.663],[143.1,-38.663],[143.1,-38.662],[143.1,-38.663]]],[[[146.73,-38.662],[146.736,-38.669],[146.732,-38.668],[146.73,-38.662]]],[[[146.73,-38.664],[146.739,-38.673],[146.715,-38.684],[146.73,-38.664]]],[[[143.096,-38.661],[143.095,-38.661],[143.096,-38.661],[143.096,-38.661]]],[[[146.828,-38.661],[146.825,-38.663],[146.82,-38.665],[146.828,-38.661]]],[[[146.821,-38.661],[146.809,-38.666],[146.803,-38.666],[146.821,-38.661]]],[[[146.657,-38.659],[146.657,-38.66],[146.653,-38.662],[146.657,-38.659]]],[[[143.089,-38.659],[143.088,-38.658],[143.088,-38.658],[143.089,-38.659]]],[[[146.776,-38.656],[146.783,-38.658],[146.779,-38.66],[146.776,-38.656]]],[[[146.803,-38.655],[146.815,-38.659],[146.786,-38.669],[146.803,-38.655]]],[[[143.082,-38.656],[143.081,-38.655],[143.082,-38.655],[143.082,-38.656]]],[[[143.084,-38.654],[143.083,-38.654],[143.084,-38.654],[143.084,-38.654]]],[[[146.76,-38.653],[146.774,-38.66],[146.757,-38.658],[146.76,-38.653]]],[[[143.076,-38.652],[143.075,-38.652],[143.076,-38.652],[143.076,-38.652]]],[[[143.076,-38.652],[143.076,-38.651],[143.077,-38.651],[143.076,-38.652]]],[[[143.075,-38.651],[143.075,-38.651],[143.076,-38.651],[143.075,-38.651]]],[[[143.075,-38.651],[143.074,-38.651],[143.075,-38.651],[143.075,-38.651]]],[[[143.072,-38.65],[143.072,-38.65],[143.073,-38.649],[143.072,-38.65]]],[[[143.069,-38.65],[143.069,-38.649],[143.071,-38.648],[143.069,-38.65]]],[[[143.066,-38.649],[143.062,-38.65],[143.065,-38.648],[143.066,-38.649]]],[[[143.057,-38.645],[143.057,-38.645],[143.057,-38.645],[143.057,-38.645]]],[[[143.047,-38.641],[143.048,-38.641],[143.048,-38.642],[143.047,-38.641]]],[[[146.878,-38.639],[146.828,-38.679],[146.858,-38.653],[146.836,-38.654],[146.878,-38.639]]],[[[146.853,-38.636],[146.853,-38.636],[146.853,-38.636],[146.853,-38.636]]],[[[143.022,-38.63],[143.022,-38.629],[143.023,-38.629],[143.022,-38.63]]],[[[146.879,-38.628],[146.877,-38.632],[146.872,-38.632],[146.879,-38.628]]],[[[146.824,-38.613],[146.881,-38.617],[146.82,-38.651],[146.791,-38.633],[146.824,-38.613]]],[[[146.88,-38.61],[146.882,-38.61],[146.88,-38.61],[146.88,-38.61]]],[[[145.351,-38.566],[145.351,-38.566],[145.351,-38.566],[145.351,-38.566]]],[[[145.347,-38.563],[145.347,-38.563],[145.348,-38.563],[145.347,-38.563]]],[[[145.344,-38.562],[145.344,-38.561],[145.344,-38.561],[145.344,-38.562]]],[[[145.114,-38.519],[145.114,-38.519],[145.115,-38.518],[145.114,-38.519]]],[[[145.111,-38.518],[145.112,-38.519],[145.11,-38.519],[145.111,-38.518]]],[[[144.888,-38.503],[144.889,-38.503],[144.888,-38.503],[144.888,-38.503]]],[[[144.89,-38.501],[144.889,-38.5],[144.89,-38.5],[144.89,-38.501]]],[[[144.886,-38.497],[144.886,-38.497],[144.886,-38.497],[144.886,-38.497]]],[[[144.886,-38.497],[144.886,-38.497],[144.886,-38.497],[144.886,-38.497]]],[[[144.885,-38.496],[144.885,-38.496],[144.885,-38.496],[144.885,-38.496]]],[[[144.885,-38.496],[144.884,-38.496],[144.885,-38.496],[144.885,-38.496]]],[[[144.886,-38.496],[144.885,-38.496],[144.886,-38.496],[144.886,-38.496]]],[[[144.886,-38.495],[144.886,-38.495],[144.886,-38.495],[144.886,-38.495]]],[[[144.886,-38.495],[144.886,-38.495],[144.886,-38.495],[144.886,-38.495]]],[[[145.338,-38.496],[145.346,-38.509],[145.333,-38.499],[145.338,-38.496]]],[[[144.894,-38.494],[144.894,-38.493],[144.894,-38.493],[144.894,-38.494]]],[[[144.907,-38.494],[144.907,-38.493],[144.907,-38.493],[144.907,-38.494]]],[[[144.906,-38.493],[144.906,-38.493],[144.907,-38.493],[144.906,-38.493]]],[[[144.907,-38.493],[144.907,-38.493],[144.907,-38.493],[144.907,-38.493]]],[[[145.296,-38.455],[145.289,-38.455],[145.294,-38.454],[145.296,-38.455]]],[[[145.24,-38.446],[145.31,-38.46],[145.291,-38.48],[145.306,-38.485],[145.298,-38.507],[145.363,-38.512],[145.341,-38.535],[145.364,-38.551],[145.361,-38.566],[145.271,-38.505],[145.24,-38.507],[145.221,-38.53],[145.171,-38.51],[145.116,-38.518],[145.147,-38.503],[145.165,-38.465],[145.24,-38.446]]],[[[145.348,-38.422],[145.348,-38.422],[145.348,-38.421],[145.348,-38.422]]],[[[142.014,-38.412],[141.999,-38.425],[141.993,-38.417],[142.014,-38.412]]],[[[145.369,-38.419],[145.369,-38.411],[145.372,-38.418],[145.369,-38.419]]],[[[144.788,-38.394],[144.788,-38.394],[144.788,-38.393],[144.788,-38.394]]],[[[144.74,-38.358],[144.74,-38.358],[144.74,-38.358],[144.74,-38.358]]],[[[144.741,-38.358],[144.74,-38.358],[144.741,-38.358],[144.741,-38.358]]],[[[144.74,-38.357],[144.74,-38.357],[144.74,-38.357],[144.74,-38.357]]],[[[144.741,-38.356],[144.74,-38.356],[144.741,-38.356],[144.741,-38.356]]],[[[144.74,-38.356],[144.74,-38.356],[144.74,-38.356],[144.74,-38.356]]],[[[144.736,-38.355],[144.736,-38.354],[144.736,-38.354],[144.736,-38.355]]],[[[144.734,-38.352],[144.734,-38.352],[144.734,-38.352],[144.734,-38.352]]],[[[144.731,-38.35],[144.731,-38.35],[144.731,-38.35],[144.731,-38.35]]],[[[145.21,-38.332],[145.208,-38.328],[145.211,-38.327],[145.21,-38.332]]],[[[145.3,-38.282],[145.352,-38.311],[145.452,-38.307],[145.503,-38.354],[145.406,-38.373],[145.386,-38.407],[145.353,-38.42],[145.287,-38.396],[145.271,-38.409],[145.3,-38.282]]],[[[144.639,-38.267],[144.638,-38.267],[144.639,-38.267],[144.639,-38.267]]],[[[144.667,-38.259],[144.662,-38.259],[144.666,-38.257],[144.667,-38.259]]],[[[144.687,-38.246],[144.684,-38.245],[144.687,-38.244],[144.687,-38.246]]],[[[144.679,-38.25],[144.702,-38.243],[144.672,-38.264],[144.663,-38.252],[144.679,-38.238],[144.679,-38.25]]],[[[140.661,-38.063],[140.66,-38.062],[140.661,-38.062],[140.661,-38.063]]],[[[140.663,-38.062],[140.662,-38.062],[140.663,-38.062],[140.663,-38.062]]],[[[140.662,-38.062],[140.661,-38.062],[140.662,-38.062],[140.662,-38.062]]],[[[140.662,-38.061],[140.661,-38.061],[140.662,-38.061],[140.662,-38.061]]],[[[140.664,-38.06],[140.664,-38.06],[140.664,-38.06],[140.664,-38.06]]],[[[140.66,-38.06],[140.66,-38.06],[140.66,-38.06],[140.66,-38.06]]],[[[140.666,-38.06],[140.666,-38.06],[140.666,-38.06],[140.666,-38.06]]],[[[140.769,-38.059],[140.769,-38.058],[140.769,-38.058],[140.769,-38.059]]],[[[140.569,-38.021],[140.568,-38.021],[140.57,-38.02],[140.569,-38.021]]],[[[140.317,-37.796],[140.316,-37.796],[140.317,-37.796],[140.317,-37.796]]],[[[140.319,-37.796],[140.318,-37.795],[140.319,-37.796],[140.319,-37.796]]],[[[140.293,-37.761],[140.293,-37.761],[140.293,-37.761],[140.293,-37.761]]],[[[140.151,-37.602],[140.151,-37.602],[140.152,-37.602],[140.151,-37.602]]],[[[140.135,-37.591],[140.135,-37.591],[140.135,-37.591],[140.135,-37.591]]],[[[140.131,-37.59],[140.131,-37.59],[140.131,-37.589],[140.131,-37.59]]],[[[140.131,-37.59],[140.131,-37.589],[140.131,-37.589],[140.131,-37.59]]],[[[149.846,-37.557],[149.843,-37.557],[149.845,-37.555],[149.846,-37.557]]],[[[149.905,-37.549],[149.918,-37.569],[149.906,-37.566],[149.905,-37.549]]],[[[140.006,-37.5],[140.005,-37.499],[140.005,-37.499],[140.006,-37.5]]],[[[140.015,-37.5],[140.013,-37.498],[140.014,-37.498],[140.015,-37.5]]],[[[140.014,-37.497],[140.013,-37.497],[140.013,-37.497],[140.014,-37.497]]],[[[140.012,-37.494],[140.012,-37.496],[140.01,-37.496],[140.012,-37.494]]],[[[139.848,-37.326],[139.847,-37.325],[139.848,-37.325],[139.848,-37.326]]],[[[139.737,-37.177],[139.736,-37.177],[139.737,-37.177],[139.737,-37.177]]],[[[139.723,-37.089],[139.724,-37.092],[139.721,-37.091],[139.723,-37.089]]],[[[139.723,-37.087],[139.723,-37.088],[139.722,-37.087],[139.723,-37.087]]],[[[139.721,-37.088],[139.721,-37.087],[139.722,-37.087],[139.721,-37.088]]],[[[139.724,-37.087],[139.723,-37.085],[139.724,-37.086],[139.724,-37.087]]],[[[136.693,-36.083],[136.697,-36.086],[136.693,-36.086],[136.693,-36.083]]],[[[136.702,-36.066],[136.705,-36.067],[136.704,-36.069],[136.702,-36.066]]],[[[136.908,-36.043],[136.908,-36.044],[136.907,-36.043],[136.908,-36.043]]],[[[136.828,-36.034],[136.827,-36.033],[136.829,-36.034],[136.828,-36.034]]],[[[137.289,-35.994],[137.287,-35.995],[137.288,-35.993],[137.289,-35.994]]],[[[136.581,-35.952],[136.58,-35.951],[136.581,-35.951],[136.581,-35.952]]],[[[136.553,-35.908],[136.552,-35.908],[136.553,-35.907],[136.553,-35.908]]],[[[136.538,-35.901],[136.534,-35.901],[136.537,-35.899],[136.538,-35.901]]],[[[137.796,-35.832],[137.795,-35.832],[137.795,-35.832],[137.796,-35.832]]],[[[137.784,-35.831],[137.784,-35.83],[137.784,-35.83],[137.784,-35.831]]],[[[137.799,-35.827],[137.798,-35.827],[137.799,-35.827],[137.799,-35.827]]],[[[137.787,-35.826],[137.784,-35.825],[137.783,-35.823],[137.787,-35.826]]],[[[137.776,-35.822],[137.77,-35.821],[137.77,-35.818],[137.776,-35.822]]],[[[137.807,-35.818],[137.804,-35.821],[137.801,-35.82],[137.807,-35.818]]],[[[137.75,-35.818],[137.749,-35.818],[137.751,-35.817],[137.75,-35.818]]],[[[137.787,-35.817],[137.787,-35.816],[137.787,-35.817],[137.787,-35.817]]],[[[137.771,-35.816],[137.77,-35.815],[137.771,-35.816],[137.771,-35.816]]],[[[137.777,-35.818],[137.777,-35.815],[137.778,-35.817],[137.777,-35.818]]],[[[137.752,-35.805],[137.753,-35.808],[137.747,-35.809],[137.752,-35.805]]],[[[138.29,-35.783],[138.288,-35.785],[138.288,-35.784],[138.29,-35.783]]],[[[138.291,-35.779],[138.291,-35.776],[138.293,-35.776],[138.291,-35.779]]],[[[138.3,-35.758],[138.304,-35.759],[138.301,-35.76],[138.3,-35.758]]],[[[137.643,-35.626],[137.64,-35.625],[137.639,-35.622],[137.643,-35.626]]],[[[138.592,-35.611],[138.589,-35.609],[138.593,-35.607],[138.592,-35.611]]],[[[138.608,-35.584],[138.606,-35.583],[138.608,-35.582],[138.608,-35.584]]],[[[138.645,-35.577],[138.643,-35.577],[138.645,-35.576],[138.645,-35.577]]],[[[138.633,-35.563],[138.631,-35.567],[138.626,-35.564],[138.633,-35.563]]],[[[137.626,-35.563],[137.627,-35.597],[137.598,-35.595],[137.57,-35.632],[137.641,-35.639],[137.644,-35.654],[137.58,-35.708],[137.581,-35.73],[137.696,-35.74],[137.78,-35.724],[137.803,-35.758],[137.746,-35.801],[137.757,-35.843],[137.772,-35.823],[137.797,-35.834],[137.815,-35.822],[137.758,-35.806],[137.777,-35.784],[137.854,-35.794],[137.893,-35.758],[137.903,-35.718],[138.006,-35.726],[138.064,-35.756],[138.089,-35.804],[138.126,-35.802],[138.119,-35.82],[138.135,-35.841],[138.042,-35.904],[137.911,-35.86],[137.874,-35.871],[137.803,-35.851],[137.742,-35.853],[137.726,-35.877],[137.66,-35.885],[137.612,-35.913],[137.598,-35.943],[137.62,-35.979],[137.603,-36.009],[137.536,-36.026],[137.461,-36.075],[137.371,-35.998],[137.209,-35.974],[137.181,-35.984],[137.19,-35.997],[137.163,-36.025],[137.131,-36.034],[137.103,-36.018],[137.036,-36.028],[136.997,-36.017],[136.915,-36.044],[136.854,-36.017],[136.817,-36.039],[136.727,-36.045],[136.705,-36.064],[136.696,-36.055],[136.708,-36.037],[136.666,-35.976],[136.625,-35.954],[136.595,-35.961],[136.539,-35.899],[136.55,-35.885],[136.534,-35.886],[136.541,-35.859],[136.564,-35.85],[136.587,-35.749],[136.697,-35.739],[136.72,-35.72],[136.759,-35.723],[136.784,-35.7],[137.07,-35.669],[137.141,-35.63],[137.203,-35.625],[137.313,-35.579],[137.447,-35.596],[137.491,-35.58],[137.519,-35.596],[137.626,-35.563]]],[[[138.691,-35.537],[138.693,-35.538],[138.69,-35.538],[138.691,-35.537]]],[[[136.846,-35.374],[136.844,-35.372],[136.845,-35.372],[136.846,-35.374]]],[[[136.847,-35.371],[136.846,-35.37],[136.849,-35.368],[136.847,-35.371]]],[[[136.861,-35.366],[136.867,-35.373],[136.857,-35.378],[136.861,-35.366]]],[[[136.917,-35.339],[136.917,-35.339],[136.916,-35.339],[136.917,-35.339]]],[[[136.922,-35.338],[136.921,-35.339],[136.918,-35.338],[136.922,-35.338]]],[[[136.114,-35.333],[136.126,-35.34],[136.118,-35.34],[136.114,-35.333]]],[[[136.909,-35.324],[136.905,-35.32],[136.908,-35.322],[136.909,-35.324]]],[[[136.119,-35.318],[136.112,-35.33],[136.11,-35.324],[136.119,-35.318]]],[[[136.832,-35.232],[136.829,-35.231],[136.833,-35.229],[136.832,-35.232]]],[[[136.083,-35.226],[136.084,-35.228],[136.077,-35.228],[136.083,-35.226]]],[[[136.067,-35.223],[136.072,-35.237],[136.056,-35.235],[136.067,-35.223]]],[[[136.831,-35.213],[136.835,-35.217],[136.828,-35.216],[136.831,-35.213]]],[[[136.84,-35.194],[136.84,-35.197],[136.837,-35.195],[136.84,-35.194]]],[[[136.482,-35.186],[136.482,-35.183],[136.483,-35.184],[136.482,-35.186]]],[[[136.493,-35.182],[136.492,-35.182],[136.491,-35.179],[136.493,-35.182]]],[[[136.077,-35.165],[136.074,-35.166],[136.077,-35.165],[136.077,-35.165]]],[[[136.455,-35.136],[136.493,-35.16],[136.492,-35.176],[136.444,-35.16],[136.455,-35.136]]],[[[136.472,-35.117],[136.473,-35.123],[136.464,-35.118],[136.472,-35.117]]],[[[136.926,-35.028],[136.926,-35.029],[136.924,-35.029],[136.926,-35.028]]],[[[135.981,-35.023],[135.982,-35.034],[135.968,-35.032],[135.981,-35.023]]],[[[135.621,-34.979],[135.626,-34.987],[135.618,-35.002],[135.621,-34.979]]],[[[136.03,-34.981],[136.031,-34.986],[136.027,-34.987],[136.03,-34.981]]],[[[136.061,-34.958],[136.07,-34.963],[136.052,-34.971],[136.061,-34.958]]],[[[136.032,-34.958],[136.031,-34.953],[136.033,-34.956],[136.032,-34.958]]],[[[135.867,-34.956],[135.865,-34.955],[135.865,-34.952],[135.867,-34.956]]],[[[135.685,-34.953],[135.684,-34.952],[135.685,-34.951],[135.685,-34.953]]],[[[136.026,-34.95],[136.025,-34.95],[136.024,-34.949],[136.026,-34.95]]],[[[135.684,-34.947],[135.683,-34.947],[135.685,-34.946],[135.684,-34.947]]],[[[135.687,-34.946],[135.685,-34.948],[135.685,-34.946],[135.687,-34.946]]],[[[135.687,-34.946],[135.686,-34.946],[135.686,-34.945],[135.687,-34.946]]],[[[135.875,-34.943],[135.869,-34.949],[135.868,-34.945],[135.875,-34.943]]],[[[135.875,-34.936],[135.871,-34.939],[135.873,-34.933],[135.875,-34.936]]],[[[135.874,-34.933],[135.873,-34.932],[135.874,-34.932],[135.874,-34.933]]],[[[136.113,-34.94],[136.15,-34.988],[136.19,-35.004],[136.203,-35.064],[136.164,-35.056],[136.147,-35.027],[136.156,-35.006],[136.11,-34.969],[136.084,-34.967],[136.083,-34.945],[136.113,-34.94]]],[[[135.875,-34.933],[135.874,-34.933],[135.875,-34.931],[135.875,-34.933]]],[[[136.035,-34.905],[136.034,-34.917],[136.028,-34.917],[136.035,-34.905]]],[[[135.854,-34.898],[135.855,-34.902],[135.852,-34.898],[135.854,-34.898]]],[[[136.01,-34.895],[136.01,-34.894],[136.012,-34.892],[136.01,-34.895]]],[[[135.849,-34.889],[135.847,-34.889],[135.847,-34.888],[135.849,-34.889]]],[[[135.85,-34.888],[135.849,-34.887],[135.85,-34.887],[135.85,-34.888]]],[[[136.013,-34.869],[136.01,-34.891],[136.001,-34.873],[136.013,-34.869]]],[[[136.01,-34.86],[136.008,-34.858],[136.008,-34.856],[136.01,-34.86]]],[[[136.212,-34.815],[136.214,-34.815],[136.212,-34.816],[136.212,-34.815]]],[[[138.539,-34.803],[138.54,-34.811],[138.524,-34.81],[138.539,-34.803]]],[[[135.037,-34.786],[135.037,-34.786],[135.038,-34.785],[135.037,-34.786]]],[[[135.035,-34.781],[135.036,-34.785],[135.03,-34.784],[135.035,-34.781]]],[[[135.032,-34.78],[135.031,-34.779],[135.032,-34.778],[135.032,-34.78]]],[[[135.87,-34.779],[135.879,-34.77],[135.877,-34.776],[135.87,-34.779]]],[[[135.031,-34.777],[135.028,-34.775],[135.031,-34.767],[135.031,-34.777]]],[[[138.519,-34.759],[138.546,-34.802],[138.518,-34.805],[138.519,-34.759]]],[[[138.514,-34.755],[138.516,-34.756],[138.509,-34.757],[138.514,-34.755]]],[[[135.082,-34.755],[135.079,-34.755],[135.081,-34.753],[135.082,-34.755]]],[[[135.045,-34.758],[135.038,-34.759],[135.045,-34.752],[135.045,-34.758]]],[[[135.957,-34.749],[135.954,-34.749],[135.955,-34.748],[135.957,-34.749]]],[[[135.956,-34.741],[135.956,-34.744],[135.953,-34.741],[135.956,-34.741]]],[[[135.998,-34.722],[135.998,-34.72],[135.999,-34.721],[135.998,-34.722]]],[[[135.164,-34.719],[135.158,-34.732],[135.151,-34.732],[135.164,-34.719]]],[[[135.289,-34.704],[135.292,-34.707],[135.283,-34.709],[135.289,-34.704]]],[[[135.336,-34.7],[135.325,-34.704],[135.329,-34.7],[135.336,-34.7]]],[[[136.27,-34.676],[136.28,-34.682],[136.269,-34.683],[136.27,-34.676]]],[[[135.918,-34.673],[135.953,-34.725],[135.929,-34.733],[135.911,-34.695],[135.918,-34.673]]],[[[136.32,-34.656],[136.318,-34.654],[136.322,-34.654],[136.32,-34.656]]],[[[136.342,-34.651],[136.359,-34.664],[136.347,-34.683],[136.33,-34.663],[136.342,-34.651]]],[[[136.374,-34.65],[136.373,-34.65],[136.374,-34.65],[136.374,-34.65]]],[[[136.369,-34.649],[136.366,-34.645],[136.369,-34.645],[136.369,-34.649]]],[[[136.185,-34.642],[136.183,-34.649],[136.18,-34.643],[136.185,-34.642]]],[[[136.197,-34.639],[136.195,-34.637],[136.197,-34.637],[136.197,-34.639]]],[[[135.432,-34.619],[135.433,-34.619],[135.434,-34.621],[135.432,-34.619]]],[[[135.984,-34.61],[135.982,-34.608],[135.986,-34.604],[135.984,-34.61]]],[[[135.378,-34.596],[135.377,-34.596],[135.378,-34.596],[135.378,-34.596]]],[[[135.376,-34.595],[135.374,-34.595],[135.374,-34.594],[135.376,-34.595]]],[[[136.259,-34.592],[136.254,-34.597],[136.249,-34.597],[136.259,-34.592]]],[[[136.314,-34.589],[136.326,-34.592],[136.307,-34.594],[136.314,-34.589]]],[[[136.293,-34.579],[136.303,-34.582],[136.291,-34.582],[136.293,-34.579]]],[[[135.954,-34.569],[135.953,-34.594],[135.946,-34.569],[135.954,-34.569]]],[[[136.294,-34.567],[136.293,-34.569],[136.29,-34.569],[136.294,-34.567]]],[[[136.237,-34.564],[136.236,-34.563],[136.239,-34.562],[136.237,-34.564]]],[[[135.213,-34.564],[135.209,-34.562],[135.212,-34.562],[135.213,-34.564]]],[[[136.214,-34.553],[136.209,-34.55],[136.216,-34.547],[136.214,-34.553]]],[[[136.26,-34.54],[136.261,-34.543],[136.257,-34.545],[136.26,-34.54]]],[[[136.257,-34.526],[136.251,-34.522],[136.257,-34.519],[136.257,-34.526]]],[[[136.252,-34.514],[136.249,-34.513],[136.25,-34.51],[136.252,-34.514]]],[[[136.302,-34.502],[136.275,-34.549],[136.28,-34.504],[136.302,-34.502]]],[[[136.285,-34.488],[136.285,-34.492],[136.279,-34.488],[136.285,-34.488]]],[[[137.364,-34.462],[137.382,-34.497],[137.352,-34.534],[137.338,-34.488],[137.364,-34.462]]],[[[137.404,-34.462],[137.404,-34.462],[137.405,-34.462],[137.404,-34.462]]],[[[137.366,-34.456],[137.366,-34.457],[137.363,-34.457],[137.366,-34.456]]],[[[137.362,-34.454],[137.361,-34.452],[137.362,-34.452],[137.362,-34.454]]],[[[137.414,-34.444],[137.413,-34.443],[137.412,-34.442],[137.414,-34.444]]],[[[135.261,-34.26],[135.258,-34.259],[135.259,-34.256],[135.261,-34.26]]],[[[137.539,-34.014],[137.537,-34.013],[137.538,-34.01],[137.539,-34.014]]],[[[137.54,-34.01],[137.54,-34.01],[137.541,-34.01],[137.54,-34.01]]],[[[137.537,-34.009],[137.537,-34.009],[137.537,-34.008],[137.537,-34.009]]],[[[137.522,-34.006],[137.513,-34.009],[137.508,-34.009],[137.522,-34.006]]],[[[137.523,-34.006],[137.525,-34.005],[137.524,-34.006],[137.523,-34.006]]],[[[134.243,-33.997],[134.251,-34.006],[134.242,-34.009],[134.243,-33.997]]],[[[137.549,-33.988],[137.547,-33.988],[137.545,-33.986],[137.549,-33.988]]],[[[134.264,-33.982],[134.266,-33.985],[134.258,-33.983],[134.264,-33.982]]],[[[137.533,-33.981],[137.543,-33.984],[137.535,-33.984],[137.533,-33.981]]],[[[134.266,-33.979],[134.264,-33.973],[134.268,-33.977],[134.266,-33.979]]],[[[134.266,-33.937],[134.273,-33.966],[134.26,-33.963],[134.266,-33.937]]],[[[134.287,-33.745],[134.284,-33.744],[134.282,-33.739],[134.287,-33.745]]],[[[134.625,-33.724],[134.626,-33.724],[134.624,-33.725],[134.625,-33.724]]],[[[134.625,-33.72],[134.624,-33.72],[134.625,-33.72],[134.625,-33.72]]],[[[134.618,-33.717],[134.618,-33.717],[134.618,-33.717],[134.618,-33.717]]],[[[134.611,-33.712],[134.617,-33.716],[134.612,-33.717],[134.611,-33.712]]],[[[134.53,-33.687],[134.547,-33.724],[134.507,-33.723],[134.496,-33.746],[134.448,-33.773],[134.471,-33.692],[134.53,-33.687]]],[[[134.759,-33.593],[134.767,-33.595],[134.754,-33.595],[134.759,-33.593]]],[[[134.812,-33.595],[134.807,-33.61],[134.776,-33.595],[134.812,-33.595]]],[[[137.878,-33.334],[137.882,-33.345],[137.876,-33.341],[137.878,-33.334]]],[[[137.875,-33.332],[137.877,-33.333],[137.875,-33.334],[137.875,-33.332]]],[[[134.704,-33.218],[134.704,-33.218],[134.703,-33.218],[134.704,-33.218]]],[[[134.699,-33.215],[134.699,-33.216],[134.697,-33.216],[134.699,-33.215]]],[[[134.673,-33.202],[134.682,-33.21],[134.668,-33.217],[134.673,-33.202]]],[[[134.368,-33.186],[134.364,-33.187],[134.367,-33.182],[134.368,-33.186]]],[[[134.613,-33.183],[134.613,-33.18],[134.616,-33.18],[134.613,-33.183]]],[[[134.628,-33.182],[134.624,-33.183],[134.623,-33.179],[134.628,-33.182]]],[[[134.604,-33.171],[134.602,-33.169],[134.609,-33.17],[134.604,-33.171]]],[[[134.285,-33.083],[134.282,-33.08],[134.287,-33.079],[134.285,-33.083]]],[[[133.97,-32.723],[133.966,-32.722],[133.97,-32.719],[133.97,-32.723]]],[[[134.278,-32.694],[134.281,-32.695],[134.276,-32.696],[134.278,-32.694]]],[[[134.276,-32.676],[134.276,-32.682],[134.26,-32.679],[134.276,-32.676]]],[[[133.133,-32.644],[133.132,-32.648],[133.131,-32.647],[133.133,-32.644]]],[[[133.287,-32.583],[133.276,-32.585],[133.284,-32.579],[133.287,-32.583]]],[[[137.822,-32.575],[137.82,-32.573],[137.822,-32.566],[137.822,-32.575]]],[[[133.287,-32.554],[133.299,-32.557],[133.292,-32.567],[133.276,-32.566],[133.287,-32.554]]],[[[133.307,-32.524],[133.307,-32.522],[133.308,-32.521],[133.307,-32.524]]],[[[133.256,-32.509],[133.252,-32.513],[133.249,-32.51],[133.256,-32.509]]],[[[133.262,-32.508],[133.261,-32.507],[133.264,-32.504],[133.262,-32.508]]],[[[133.289,-32.491],[133.311,-32.51],[133.288,-32.528],[133.268,-32.5],[133.289,-32.491]]],[[[133.337,-32.484],[133.334,-32.493],[133.33,-32.484],[133.337,-32.484]]],[[[133.308,-32.487],[133.308,-32.484],[133.312,-32.484],[133.308,-32.487]]],[[[133.347,-32.48],[133.347,-32.482],[133.343,-32.481],[133.347,-32.48]]],[[[133.632,-32.471],[133.632,-32.471],[133.634,-32.47],[133.632,-32.471]]],[[[133.319,-32.47],[133.32,-32.473],[133.313,-32.477],[133.319,-32.47]]],[[[133.644,-32.468],[133.644,-32.466],[133.646,-32.466],[133.644,-32.468]]],[[[133.638,-32.45],[133.655,-32.451],[133.639,-32.463],[133.625,-32.457],[133.638,-32.45]]],[[[133.679,-32.434],[133.682,-32.443],[133.658,-32.456],[133.679,-32.434]]],[[[133.694,-32.433],[133.695,-32.434],[133.69,-32.438],[133.694,-32.433]]],[[[133.719,-32.399],[133.719,-32.399],[133.719,-32.399],[133.719,-32.399]]],[[[133.382,-32.394],[133.367,-32.403],[133.368,-32.393],[133.382,-32.394]]],[[[133.85,-32.378],[133.85,-32.38],[133.847,-32.379],[133.85,-32.378]]],[[[133.844,-32.376],[133.848,-32.376],[133.846,-32.377],[133.844,-32.376]]],[[[133.341,-32.369],[133.34,-32.369],[133.34,-32.369],[133.341,-32.369]]],[[[133.486,-32.367],[133.484,-32.383],[133.476,-32.381],[133.486,-32.367]]],[[[133.355,-32.366],[133.355,-32.366],[133.355,-32.366],[133.355,-32.366]]],[[[133.35,-32.367],[133.348,-32.366],[133.351,-32.366],[133.35,-32.367]]],[[[133.769,-32.364],[133.76,-32.364],[133.772,-32.361],[133.769,-32.364]]],[[[133.841,-32.362],[133.844,-32.364],[133.846,-32.366],[133.841,-32.362]]],[[[133.838,-32.361],[133.837,-32.36],[133.838,-32.361],[133.838,-32.361]]],[[[133.76,-32.36],[133.759,-32.362],[133.757,-32.36],[133.76,-32.36]]],[[[133.812,-32.356],[133.858,-32.388],[133.793,-32.363],[133.812,-32.356]]],[[[133.833,-32.354],[133.835,-32.36],[133.816,-32.355],[133.833,-32.354]]],[[[133.561,-32.322],[133.56,-32.322],[133.561,-32.321],[133.561,-32.322]]],[[[133.53,-32.317],[133.53,-32.316],[133.532,-32.315],[133.53,-32.317]]],[[[133.609,-32.305],[133.608,-32.305],[133.608,-32.304],[133.609,-32.305]]],[[[133.52,-32.301],[133.528,-32.309],[133.501,-32.318],[133.52,-32.301]]],[[[133.227,-32.279],[133.225,-32.278],[133.226,-32.277],[133.227,-32.279]]],[[[133.367,-32.275],[133.366,-32.274],[133.369,-32.271],[133.367,-32.275]]],[[[133.274,-32.268],[133.272,-32.268],[133.272,-32.265],[133.274,-32.268]]],[[[133.232,-32.269],[133.225,-32.27],[133.23,-32.265],[133.232,-32.269]]],[[[133.242,-32.264],[133.239,-32.263],[133.241,-32.263],[133.242,-32.264]]],[[[133.256,-32.259],[133.254,-32.259],[133.253,-32.258],[133.256,-32.259]]],[[[133.246,-32.261],[133.243,-32.26],[133.247,-32.255],[133.246,-32.261]]],[[[133.606,-32.243],[133.597,-32.249],[133.602,-32.243],[133.606,-32.243]]],[[[133.654,-32.237],[133.611,-32.26],[133.628,-32.271],[133.6,-32.308],[133.573,-32.319],[133.55,-32.308],[133.54,-32.279],[133.551,-32.264],[133.594,-32.251],[133.582,-32.268],[133.624,-32.239],[133.654,-32.237]]],[[[134.45,-30.469],[134.659,-30.555],[134.931,-30.708],[135.557,-31.16],[135.903,-31.457],[136.027,-31.515],[136.278,-31.49],[138.687,-30.97],[138.814,-30.969],[138.894,-30.989],[139.046,-31.066],[139.188,-31.165],[139.419,-31.375],[139.588,-31.58],[139.765,-31.87],[139.906,-32.165],[140.065,-32.584],[140.12,-32.793],[140.15,-33.053],[140.147,-33.417],[140.196,-33.572],[140.449,-33.948],[140.694,-34.401],[141.242,-34.915],[141.433,-35.135],[141.604,-35.369],[141.756,-35.62],[141.867,-35.844],[142.06,-36.39],[142.105,-36.45],[142.162,-36.483],[142.35,-36.53],[143.295,-36.697],[143.418,-36.68],[143.855,-36.561],[144.111,-36.516],[144.44,-36.49],[144.775,-36.499],[145.247,-36.576],[145.8,-36.76],[145.952,-36.777],[146.081,-36.729],[146.512,-36.476],[146.854,-36.319],[147.249,-36.185],[147.754,-36.061],[147.879,-35.991],[147.912,-35.995],[147.931,-36.044],[147.997,-36.048],[147.981,-36.087],[148,-36.1],[147.992,-36.12],[148.038,-36.141],[148.023,-36.18],[148.042,-36.207],[148.034,-36.284],[148.052,-36.325],[148.039,-36.39],[148.079,-36.42],[148.089,-36.452],[148.125,-36.464],[148.134,-36.566],[148.153,-36.56],[148.219,-36.6],[148.221,-36.627],[148.189,-36.689],[148.1,-36.79],[148.12,-36.806],[148.157,-36.79],[148.183,-36.805],[148.195,-36.796],[149.976,-37.505],[149.907,-37.543],[149.775,-37.558],[149.739,-37.585],[149.677,-37.685],[149.617,-37.701],[149.596,-37.727],[149.526,-37.737],[149.485,-37.775],[149.34,-37.777],[149.276,-37.804],[149.247,-37.78],[149.124,-37.777],[148.809,-37.786],[148.749,-37.797],[148.728,-37.815],[148.691,-37.801],[148.29,-37.811],[147.952,-37.894],[147.788,-37.955],[147.476,-38.152],[146.883,-38.635],[146.926,-38.594],[146.887,-38.614],[146.844,-38.605],[146.842,-38.616],[146.785,-38.623],[146.795,-38.625],[146.786,-38.646],[146.742,-38.665],[146.717,-38.647],[146.698,-38.675],[146.659,-38.672],[146.671,-38.662],[146.653,-38.643],[146.641,-38.669],[146.584,-38.677],[146.583,-38.698],[146.58,-38.679],[146.577,-38.692],[146.571,-38.678],[146.546,-38.685],[146.567,-38.691],[146.553,-38.689],[146.551,-38.704],[146.541,-38.685],[146.515,-38.694],[146.495,-38.68],[146.493,-38.697],[146.437,-38.694],[146.407,-38.722],[146.385,-38.72],[146.381,-38.686],[146.351,-38.673],[146.332,-38.681],[146.339,-38.691],[146.212,-38.693],[146.229,-38.702],[146.192,-38.726],[146.211,-38.738],[146.193,-38.729],[146.186,-38.743],[146.219,-38.772],[146.233,-38.809],[146.273,-38.806],[146.27,-38.86],[146.293,-38.876],[146.293,-38.905],[146.323,-38.904],[146.353,-38.868],[146.415,-38.852],[146.438,-38.779],[146.479,-38.792],[146.468,-38.871],[146.489,-38.91],[146.451,-38.948],[146.436,-38.981],[146.446,-39.004],[146.432,-39.011],[146.475,-39.026],[146.46,-39.037],[146.483,-39.061],[146.431,-39.066],[146.425,-39.084],[146.442,-39.09],[146.427,-39.13],[146.375,-39.137],[146.346,-39.125],[146.321,-39.088],[146.352,-39.059],[146.317,-39.052],[146.326,-39.041],[146.314,-39.032],[146.329,-39.028],[146.305,-39.039],[146.274,-38.996],[146.249,-38.996],[146.267,-38.991],[146.27,-38.973],[146.234,-38.919],[146.134,-38.837],[146.034,-38.813],[145.998,-38.846],[146.006,-38.878],[145.921,-38.91],[145.87,-38.776],[145.766,-38.667],[145.714,-38.646],[145.657,-38.677],[145.607,-38.679],[145.561,-38.651],[145.484,-38.556],[145.372,-38.536],[145.363,-38.521],[145.419,-38.513],[145.434,-38.494],[145.418,-38.471],[145.434,-38.435],[145.416,-38.407],[145.515,-38.415],[145.549,-38.372],[145.545,-38.34],[145.515,-38.338],[145.522,-38.299],[145.498,-38.274],[145.489,-38.233],[145.438,-38.214],[145.411,-38.228],[145.347,-38.214],[145.325,-38.242],[145.298,-38.248],[145.255,-38.223],[145.262,-38.242],[145.226,-38.272],[145.223,-38.306],[145.193,-38.297],[145.222,-38.378],[145.184,-38.375],[145.215,-38.383],[145.234,-38.41],[145.13,-38.39],[145.05,-38.43],[145.031,-38.487],[144.937,-38.497],[144.887,-38.499],[144.887,-38.477],[144.839,-38.43],[144.652,-38.304],[144.734,-38.322],[144.767,-38.356],[144.815,-38.369],[144.923,-38.349],[144.988,-38.317],[144.983,-38.296],[145.026,-38.253],[145.032,-38.213],[145.118,-38.144],[145.126,-38.072],[145.1,-38.027],[145.062,-37.991],[145.038,-37.996],[145.018,-37.982],[144.97,-37.861],[144.926,-37.84],[144.897,-37.843],[144.916,-37.866],[144.904,-37.873],[144.869,-37.859],[144.814,-37.875],[144.799,-37.923],[144.736,-37.943],[144.652,-38.002],[144.592,-38.004],[144.559,-38.038],[144.516,-38.046],[144.507,-38.091],[144.464,-38.077],[144.445,-38.092],[144.398,-38.074],[144.362,-38.105],[144.365,-38.145],[144.417,-38.155],[144.426,-38.124],[144.478,-38.164],[144.558,-38.155],[144.631,-38.107],[144.692,-38.12],[144.72,-38.147],[144.706,-38.21],[144.696,-38.22],[144.703,-38.202],[144.687,-38.197],[144.623,-38.251],[144.633,-38.27],[144.672,-38.265],[144.62,-38.276],[144.614,-38.292],[144.539,-38.272],[144.508,-38.275],[144.5,-38.29],[144.429,-38.282],[144.332,-38.323],[144.254,-38.395],[144.134,-38.435],[144.105,-38.469],[144.037,-38.476],[143.98,-38.532],[143.974,-38.565],[143.923,-38.593],[143.866,-38.672],[143.837,-38.693],[143.682,-38.737],[143.666,-38.779],[143.616,-38.795],[143.554,-38.856],[143.511,-38.858],[143.429,-38.783],[143.357,-38.754],[143.233,-38.766],[143.081,-38.651],[143.015,-38.624],[142.937,-38.627],[142.858,-38.605],[142.563,-38.422],[142.492,-38.394],[142.472,-38.404],[142.373,-38.349],[142.262,-38.365],[142.245,-38.396],[142.146,-38.391],[141.93,-38.278],[141.742,-38.253],[141.68,-38.268],[141.602,-38.313],[141.65,-38.393],[141.628,-38.393],[141.626,-38.406],[141.573,-38.39],[141.543,-38.433],[141.521,-38.415],[141.519,-38.39],[141.461,-38.362],[141.407,-38.369],[141.413,-38.396],[141.374,-38.387],[141.366,-38.365],[141.398,-38.336],[141.358,-38.275],[141.247,-38.184],[141.128,-38.116],[141.015,-38.067],[140.938,-38.052],[140.837,-38.041],[140.783,-38.046],[140.77,-38.06],[140.662,-38.061],[140.642,-38.041],[140.579,-38.03],[140.454,-37.936],[140.396,-37.919],[140.248,-37.686],[140.179,-37.617],[140.113,-37.578],[140.108,-37.565],[140.131,-37.556],[140.119,-37.529],[140.05,-37.479],[139.996,-37.488],[139.841,-37.322],[139.74,-37.182],[139.743,-37.156],[139.788,-37.158],[139.791,-37.112],[139.744,-37.074],[139.741,-37.021],[139.67,-36.958],[139.676,-36.942],[139.787,-36.895],[139.85,-36.825],[139.862,-36.692],[139.821,-36.557],[139.709,-36.312],[139.594,-36.133],[139.484,-36],[139.3,-35.825],[138.987,-35.61],[138.889,-35.562],[138.738,-35.516],[138.631,-35.544],[138.598,-35.579],[138.604,-35.594],[138.522,-35.643],[138.431,-35.629],[138.276,-35.639],[138.191,-35.665],[138.096,-35.625],[138.094,-35.603],[138.165,-35.519],[138.194,-35.524],[138.245,-35.501],[138.294,-35.468],[138.341,-35.393],[138.441,-35.35],[138.443,-35.272],[138.47,-35.239],[138.469,-35.109],[138.518,-35.032],[138.476,-34.857],[138.49,-34.811],[138.478,-34.783],[138.496,-34.765],[138.516,-34.772],[138.497,-34.851],[138.516,-34.811],[138.566,-34.825],[138.547,-34.81],[138.556,-34.799],[138.527,-34.739],[138.43,-34.668],[138.446,-34.653],[138.408,-34.6],[138.364,-34.578],[138.344,-34.531],[138.266,-34.477],[138.225,-34.366],[138.223,-34.311],[138.192,-34.272],[138.146,-34.266],[138.168,-34.245],[138.166,-34.221],[138.102,-34.139],[138.077,-34.134],[138.044,-34.174],[138.002,-34.257],[138.022,-34.285],[138.007,-34.349],[137.918,-34.428],[137.888,-34.507],[137.876,-34.598],[137.908,-34.616],[137.877,-34.668],[137.865,-34.778],[137.8,-34.878],[137.805,-34.912],[137.757,-34.997],[137.764,-35.041],[137.725,-35.054],[137.759,-35.115],[137.697,-35.142],[137.678,-35.168],[137.638,-35.168],[137.555,-35.117],[137.424,-35.098],[137.352,-35.134],[137.335,-35.168],[137.238,-35.165],[137.174,-35.237],[137.111,-35.243],[137.077,-35.226],[137.001,-35.223],[136.944,-35.282],[136.883,-35.3],[136.822,-35.246],[136.846,-35.229],[136.846,-35.19],[136.888,-35.185],[136.898,-35.157],[136.941,-35.129],[136.961,-35.082],[136.93,-35.029],[136.968,-35],[136.976,-34.941],[137.013,-34.92],[137.014,-34.893],[137.093,-34.92],[137.276,-34.894],[137.309,-34.928],[137.347,-34.93],[137.375,-34.954],[137.449,-34.91],[137.46,-34.808],[137.509,-34.618],[137.474,-34.511],[137.483,-34.439],[137.463,-34.427],[137.427,-34.473],[137.415,-34.46],[137.447,-34.398],[137.476,-34.392],[137.5,-34.312],[137.5,-34.226],[137.45,-34.136],[137.522,-34.129],[137.567,-34.044],[137.552,-34.014],[137.527,-34.004],[137.631,-33.922],[137.625,-33.895],[137.6,-33.877],[137.725,-33.77],[137.755,-33.714],[137.857,-33.631],[137.879,-33.597],[137.92,-33.587],[137.893,-33.626],[137.918,-33.625],[137.935,-33.553],[137.952,-33.573],[137.977,-33.559],[137.971,-33.539],[137.939,-33.548],[137.949,-33.512],[137.871,-33.397],[137.876,-33.362],[137.891,-33.367],[137.881,-33.323],[137.852,-33.326],[137.811,-33.266],[137.838,-33.207],[137.908,-33.171],[137.925,-33.176],[137.94,-33.158],[137.958,-33.168],[137.954,-33.155],[138.001,-33.132],[138.024,-33.182],[138.036,-33.169],[138.014,-33.178],[138.021,-33.149],[138.048,-33.136],[138.054,-33.115],[138.025,-33.106],[138.046,-33.087],[138.019,-33.036],[137.952,-33.006],[137.901,-32.778],[137.944,-32.758],[137.838,-32.696],[137.86,-32.689],[137.868,-32.664],[137.804,-32.608],[137.835,-32.575],[137.784,-32.555],[137.784,-32.53],[137.766,-32.524],[137.76,-32.433],[137.75,-32.534],[137.766,-32.601],[137.75,-32.71],[137.753,-32.721],[137.782,-32.714],[137.81,-32.749],[137.796,-32.779],[137.811,-32.845],[137.793,-32.871],[137.799,-32.894],[137.79,-32.916],[137.759,-32.908],[137.75,-32.922],[137.787,-33],[137.721,-32.99],[137.692,-32.96],[137.641,-32.955],[137.595,-32.999],[137.6,-33.021],[137.586,-33.022],[137.597,-33.036],[137.553,-33.058],[137.536,-33.095],[137.452,-33.131],[137.434,-33.23],[137.394,-33.29],[137.374,-33.293],[137.386,-33.372],[137.361,-33.439],[137.315,-33.472],[137.279,-33.565],[137.213,-33.661],[137.169,-33.69],[137.07,-33.699],[136.992,-33.725],[136.857,-33.798],[136.8,-33.803],[136.778,-33.831],[136.73,-33.835],[136.668,-33.879],[136.593,-33.9],[136.572,-33.923],[136.575,-33.943],[136.497,-33.993],[136.435,-34.012],[136.363,-34.069],[136.347,-34.099],[136.357,-34.123],[136.331,-34.148],[136.324,-34.182],[136.278,-34.221],[136.234,-34.296],[136.188,-34.335],[136.112,-34.359],[136.104,-34.383],[136.13,-34.407],[136.092,-34.43],[136.117,-34.426],[136.122,-34.467],[136.092,-34.543],[136.073,-34.506],[136.083,-34.495],[136.056,-34.479],[136.025,-34.484],[136.022,-34.516],[135.974,-34.505],[135.932,-34.529],[135.902,-34.593],[135.914,-34.611],[135.933,-34.61],[135.937,-34.649],[135.891,-34.616],[135.862,-34.634],[135.854,-34.665],[135.854,-34.715],[135.885,-34.725],[135.87,-34.744],[135.891,-34.751],[135.865,-34.77],[135.863,-34.755],[135.846,-34.753],[135.786,-34.809],[135.834,-34.819],[135.894,-34.806],[135.956,-34.757],[135.961,-34.784],[135.981,-34.785],[135.991,-34.75],[135.979,-34.73],[136.007,-34.736],[136.002,-34.787],[136.016,-34.794],[135.96,-34.849],[136.005,-34.98],[135.96,-34.992],[135.954,-35.006],[135.929,-34.948],[135.868,-34.92],[135.856,-34.927],[135.854,-34.887],[135.792,-34.861],[135.713,-34.865],[135.706,-34.906],[135.679,-34.914],[135.686,-34.945],[135.619,-34.944],[135.624,-34.906],[135.605,-34.879],[135.496,-34.783],[135.474,-34.744],[135.38,-34.687],[135.325,-34.686],[135.347,-34.666],[135.342,-34.629],[135.252,-34.552],[135.174,-34.555],[135.144,-34.592],[135.109,-34.588],[135.125,-34.577],[135.139,-34.503],[135.206,-34.429],[135.221,-34.499],[135.354,-34.522],[135.316,-34.521],[135.298,-34.552],[135.355,-34.58],[135.362,-34.621],[135.399,-34.628],[135.366,-34.642],[135.438,-34.634],[135.452,-34.614],[135.517,-34.613],[135.508,-34.595],[135.458,-34.586],[135.443,-34.601],[135.473,-34.617],[135.432,-34.603],[135.446,-34.537],[135.429,-34.527],[135.41,-34.539],[135.405,-34.507],[135.391,-34.534],[135.422,-34.549],[135.406,-34.555],[135.414,-34.588],[135.396,-34.593],[135.422,-34.601],[135.389,-34.595],[135.398,-34.556],[135.377,-34.516],[135.395,-34.495],[135.389,-34.443],[135.359,-34.419],[135.346,-34.268],[135.304,-34.184],[135.268,-34.177],[135.241,-34.15],[135.279,-34.12],[135.271,-34.016],[135.194,-33.92],[135.182,-33.877],[135.162,-33.878],[135.018,-33.737],[134.879,-33.654],[134.884,-33.64],[134.83,-33.626],[134.863,-33.547],[134.845,-33.436],[134.802,-33.329],[134.658,-33.234],[134.719,-33.23],[134.702,-33.175],[134.632,-33.162],[134.595,-33.139],[134.558,-33.161],[134.598,-33.197],[134.641,-33.183],[134.647,-33.195],[134.623,-33.198],[134.631,-33.214],[134.664,-33.223],[134.642,-33.224],[134.631,-33.245],[134.596,-33.203],[134.451,-33.145],[134.369,-33.176],[134.358,-33.125],[134.293,-33.076],[134.3,-33.049],[134.278,-33.024],[134.264,-33.032],[134.282,-33.05],[134.262,-33.06],[134.263,-33.083],[134.284,-33.113],[134.313,-33.112],[134.358,-33.148],[134.345,-33.161],[134.351,-33.19],[134.328,-33.199],[134.26,-33.153],[134.262,-33.098],[134.231,-33.044],[134.192,-33.035],[134.168,-33.056],[134.142,-33.024],[134.198,-33.009],[134.204,-32.97],[134.175,-32.93],[134.146,-32.927],[134.141,-32.944],[134.119,-32.915],[134.081,-32.927],[134.061,-32.908],[134.079,-32.899],[134.072,-32.884],[134.117,-32.868],[134.139,-32.84],[134.119,-32.783],[134.06,-32.722],[134.081,-32.71],[134.205,-32.725],[134.153,-32.724],[134.2,-32.747],[134.193,-32.791],[134.213,-32.795],[134.287,-32.7],[134.294,-32.666],[134.26,-32.563],[134.184,-32.483],[134.132,-32.456],[134.092,-32.458],[134.103,-32.45],[134.082,-32.466],[134.055,-32.441],[134.086,-32.471],[134.037,-32.46],[133.995,-32.484],[133.992,-32.505],[133.923,-32.495],[133.894,-32.541],[133.849,-32.542],[133.867,-32.399],[133.897,-32.4],[133.889,-32.411],[133.906,-32.413],[133.887,-32.423],[133.919,-32.428],[133.947,-32.412],[133.951,-32.388],[133.869,-32.28],[133.818,-32.247],[133.821,-32.234],[133.806,-32.231],[133.808,-32.243],[133.77,-32.264],[133.757,-32.206],[133.679,-32.203],[133.693,-32.155],[133.643,-32.145],[133.67,-32.135],[133.672,-32.107],[133.614,-32.086],[133.582,-32.096],[133.573,-32.119],[133.585,-32.141],[133.553,-32.17],[133.522,-32.155],[133.525,-32.127],[133.505,-32.142],[133.519,-32.144],[133.511,-32.153],[133.497,-32.151],[133.503,-32.131],[133.483,-32.126],[133.489,-32.11],[133.473,-32.1],[133.451,-32.113],[133.451,-32.136],[133.438,-32.123],[133.397,-32.139],[133.392,-32.159],[133.412,-32.178],[133.464,-32.172],[133.488,-32.206],[133.446,-32.179],[133.424,-32.198],[133.39,-32.2],[133.323,-32.18],[133.278,-32.184],[133.253,-32.211],[133.165,-32.17],[133.126,-32.209],[133.138,-32.175],[133.088,-32.127],[133.007,-32.083],[132.98,-32.106],[132.982,-32.082],[132.964,-32.065],[132.747,-31.949],[132.661,-31.957],[132.595,-31.934],[132.531,-31.935],[132.478,-31.946],[132.446,-31.971],[132.438,-32.001],[132.473,-32.03],[132.415,-31.999],[132.343,-32.014],[132.335,-32.029],[132.201,-32.027],[132.151,-32.003],[132.073,-31.918],[131.759,-31.72],[131.5,-31.596],[131.156,-31.465],[131.089,-31.486],[131.026,-31.538],[130.806,-31.606],[130.152,-31.577],[129.045,-31.676],[128.896,-31.717],[128.642,-31.851],[128.248,-32.002],[128.022,-32.074],[127.706,-32.137],[127.585,-32.175],[127.519,-32.214],[127.229,-32.274],[126.673,-32.308],[126.422,-32.284],[126.229,-32.236],[126.17,-32.235],[126.091,-32.273],[126.037,-32.269],[125.951,-32.291],[125.801,-32.367],[125.532,-32.549],[125.294,-32.616],[125.102,-32.715],[125.026,-32.729],[125,-32.757],[125,-30.694],[125.457,-30.544],[125.766,-30.484],[126.047,-30.456],[126.327,-30.455],[126.758,-30.483],[126.925,-30.465],[127.475,-30.318],[127.983,-30.104],[128.246,-30.011],[128.492,-29.945],[128.778,-29.891],[129.705,-29.8],[130.483,-29.77],[130.903,-29.71],[131.137,-29.696],[131.455,-29.709],[131.79,-29.765],[132.181,-29.881],[132.828,-30.146],[133.603,-30.305],[134.111,-30.374],[134.45,-30.469]]]]},"properties":{"region":"A5","area":"Southern coast"}},{"type":"Feature","geometry":{"type":"MultiPolygon","coordinates":[[[[153.26,-29.974],[153.26,-29.975],[153.26,-29.975],[153.26,-29.974]]],[[[153.259,-29.973],[153.259,-29.974],[153.258,-29.974],[153.259,-29.973]]],[[[153.395,-29.933],[153.393,-29.932],[153.393,-29.927],[153.395,-29.933]]],[[[153.39,-29.924],[153.392,-29.924],[153.392,-29.928],[153.39,-29.924]]],[[[153.278,-29.918],[153.277,-29.92],[153.276,-29.92],[153.278,-29.918]]],[[[153.304,-29.774],[153.303,-29.773],[153.304,-29.773],[153.304,-29.774]]],[[[153.301,-29.771],[153.3,-29.771],[153.301,-29.77],[153.301,-29.771]]],[[[153.366,-29.36],[153.366,-29.36],[153.365,-29.36],[153.366,-29.36]]],[[[153.362,-29.356],[153.362,-29.356],[153.362,-29.356],[153.362,-29.356]]],[[[153.571,-28.874],[153.572,-28.873],[153.571,-28.873],[153.571,-28.874]]],[[[153.619,-28.723],[153.619,-28.723],[153.619,-28.723],[153.619,-28.723]]],[[[153.618,-28.711],[153.618,-28.711],[153.618,-28.711],[153.618,-28.711]]],[[[153.619,-28.708],[153.619,-28.708],[153.62,-28.708],[153.619,-28.708]]],[[[153.622,-28.706],[153.622,-28.706],[153.622,-28.706],[153.622,-28.706]]],[[[153.623,-28.706],[153.623,-28.706],[153.623,-28.706],[153.623,-28.706]]],[[[153.621,-28.706],[153.62,-28.705],[153.621,-28.705],[153.621,-28.706]]],[[[153.578,-28.195],[153.579,-28.197],[153.576,-28.196],[153.578,-28.195]]],[[[153.412,-27.931],[153.419,-27.932],[153.419,-27.94],[153.412,-27.931]]],[[[153.412,-27.9],[153.412,-27.9],[153.411,-27.899],[153.412,-27.9]]],[[[153.415,-27.9],[153.415,-27.899],[153.415,-27.899],[153.415,-27.9]]],[[[153.413,-27.908],[153.41,-27.899],[153.413,-27.903],[153.413,-27.908]]],[[[153.403,-27.889],[153.4,-27.884],[153.403,-27.884],[153.403,-27.889]]],[[[153.42,-27.875],[153.417,-27.881],[153.416,-27.869],[153.42,-27.875]]],[[[153.408,-27.878],[153.4,-27.881],[153.4,-27.869],[153.408,-27.878]]],[[[153.416,-27.867],[153.415,-27.865],[153.416,-27.867],[153.416,-27.867]]],[[[153.403,-27.865],[153.403,-27.864],[153.403,-27.864],[153.403,-27.865]]],[[[153.403,-27.863],[153.4,-27.858],[153.402,-27.859],[153.403,-27.863]]],[[[153.41,-27.851],[153.409,-27.851],[153.408,-27.848],[153.41,-27.851]]],[[[153.408,-27.851],[153.407,-27.85],[153.407,-27.848],[153.408,-27.851]]],[[[153.396,-27.836],[153.386,-27.841],[153.382,-27.835],[153.396,-27.836]]],[[[153.397,-27.831],[153.396,-27.831],[153.397,-27.831],[153.397,-27.831]]],[[[153.39,-27.831],[153.39,-27.834],[153.383,-27.831],[153.39,-27.831]]],[[[153.403,-27.829],[153.402,-27.829],[153.402,-27.829],[153.403,-27.829]]],[[[153.393,-27.831],[153.392,-27.83],[153.393,-27.829],[153.393,-27.831]]],[[[153.401,-27.829],[153.399,-27.827],[153.4,-27.827],[153.401,-27.829]]],[[[153.403,-27.828],[153.402,-27.825],[153.404,-27.826],[153.403,-27.828]]],[[[153.385,-27.826],[153.384,-27.825],[153.385,-27.825],[153.385,-27.826]]],[[[153.401,-27.825],[153.4,-27.824],[153.401,-27.825],[153.401,-27.825]]],[[[153.401,-27.823],[153.4,-27.822],[153.401,-27.823],[153.401,-27.823]]],[[[153.397,-27.822],[153.39,-27.83],[153.382,-27.823],[153.397,-27.822]]],[[[153.404,-27.821],[153.403,-27.821],[153.404,-27.819],[153.404,-27.821]]],[[[153.41,-27.812],[153.41,-27.81],[153.41,-27.811],[153.41,-27.812]]],[[[153.401,-27.822],[153.399,-27.818],[153.408,-27.809],[153.401,-27.822]]],[[[153.417,-27.811],[153.413,-27.814],[153.417,-27.807],[153.417,-27.811]]],[[[153.422,-27.807],[153.42,-27.807],[153.421,-27.804],[153.422,-27.807]]],[[[153.414,-27.803],[153.414,-27.802],[153.414,-27.802],[153.414,-27.803]]],[[[153.381,-27.803],[153.373,-27.807],[153.37,-27.801],[153.381,-27.803]]],[[[153.415,-27.8],[153.415,-27.799],[153.416,-27.798],[153.415,-27.8]]],[[[153.358,-27.798],[153.363,-27.798],[153.357,-27.8],[153.358,-27.798]]],[[[153.416,-27.796],[153.417,-27.797],[153.416,-27.798],[153.416,-27.796]]],[[[153.386,-27.8],[153.384,-27.796],[153.387,-27.797],[153.386,-27.8]]],[[[153.422,-27.798],[153.414,-27.81],[153.414,-27.803],[153.422,-27.798]]],[[[153.416,-27.786],[153.416,-27.786],[153.416,-27.786],[153.416,-27.786]]],[[[153.407,-27.783],[153.403,-27.812],[153.377,-27.818],[153.384,-27.787],[153.407,-27.783]]],[[[153.417,-27.795],[153.416,-27.788],[153.424,-27.784],[153.417,-27.795]]],[[[153.43,-27.782],[153.429,-27.78],[153.431,-27.78],[153.43,-27.782]]],[[[153.436,-27.772],[153.436,-27.772],[153.437,-27.771],[153.436,-27.772]]],[[[153.438,-27.771],[153.434,-27.771],[153.436,-27.769],[153.438,-27.771]]],[[[153.44,-27.751],[153.426,-27.934],[153.406,-27.835],[153.44,-27.751]]],[[[153.445,-27.743],[153.44,-27.74],[153.446,-27.734],[153.445,-27.743]]],[[[153.305,-27.712],[153.31,-27.713],[153.304,-27.714],[153.305,-27.712]]],[[[153.312,-27.71],[153.311,-27.71],[153.319,-27.708],[153.312,-27.71]]],[[[153.329,-27.679],[153.339,-27.695],[153.322,-27.692],[153.329,-27.679]]],[[[153.407,-27.656],[153.395,-27.663],[153.402,-27.652],[153.407,-27.656]]],[[[153.361,-27.685],[153.35,-27.682],[153.354,-27.649],[153.361,-27.685]]],[[[153.367,-27.635],[153.386,-27.639],[153.377,-27.643],[153.367,-27.635]]],[[[153.331,-27.637],[153.341,-27.649],[153.329,-27.67],[153.331,-27.637]]],[[[153.403,-27.637],[153.416,-27.642],[153.388,-27.657],[153.397,-27.697],[153.375,-27.707],[153.365,-27.653],[153.403,-27.637]]],[[[153.34,-27.621],[153.353,-27.632],[153.349,-27.638],[153.34,-27.621]]],[[[153.383,-27.617],[153.386,-27.628],[153.372,-27.631],[153.383,-27.617]]],[[[153.325,-27.61],[153.323,-27.609],[153.325,-27.606],[153.325,-27.61]]],[[[153.34,-27.604],[153.337,-27.621],[153.333,-27.614],[153.34,-27.604]]],[[[153.362,-27.582],[153.36,-27.614],[153.368,-27.606],[153.376,-27.618],[153.362,-27.632],[153.347,-27.622],[153.362,-27.582]]],[[[153.332,-27.563],[153.337,-27.573],[153.319,-27.573],[153.332,-27.563]]],[[[153.292,-27.529],[153.295,-27.531],[153.291,-27.531],[153.292,-27.529]]],[[[153.384,-27.517],[153.385,-27.515],[153.385,-27.516],[153.384,-27.517]]],[[[153.36,-27.487],[153.375,-27.498],[153.342,-27.512],[153.337,-27.498],[153.36,-27.487]]],[[[153.228,-27.42],[153.236,-27.422],[153.236,-27.43],[153.228,-27.42]]],[[[153.184,-27.394],[153.188,-27.403],[153.178,-27.397],[153.184,-27.394]]],[[[153.458,-27.39],[153.483,-27.416],[153.547,-27.436],[153.481,-27.581],[153.454,-27.729],[153.438,-27.733],[153.44,-27.715],[153.418,-27.741],[153.393,-27.707],[153.399,-27.663],[153.422,-27.642],[153.407,-27.611],[153.413,-27.512],[153.398,-27.496],[153.423,-27.47],[153.439,-27.394],[153.458,-27.39]]],[[[153.238,-27.403],[153.222,-27.391],[153.235,-27.371],[153.238,-27.403]]],[[[153.406,-27.341],[153.394,-27.342],[153.404,-27.327],[153.406,-27.341]]],[[[153.27,-27.339],[153.248,-27.35],[153.235,-27.329],[153.248,-27.321],[153.27,-27.339]]],[[[153.146,-27.076],[153.145,-27.076],[153.145,-27.076],[153.146,-27.076]]],[[[153.109,-27.064],[153.108,-27.065],[153.105,-27.065],[153.109,-27.064]]],[[[153.105,-27.036],[153.108,-27.039],[153.105,-27.038],[153.105,-27.036]]],[[[153.456,-27.024],[153.468,-27.035],[153.417,-27.227],[153.437,-27.334],[153.428,-27.364],[153.366,-27.201],[153.361,-27.061],[153.456,-27.024]]],[[[153.081,-27.001],[153.082,-27.011],[153.077,-27.008],[153.081,-27.001]]],[[[153.075,-27.002],[153.075,-27],[153.076,-27],[153.075,-27.002]]],[[[153.058,-26.977],[153.057,-26.976],[153.058,-26.976],[153.058,-26.977]]],[[[153.068,-26.979],[153.066,-26.976],[153.07,-26.974],[153.068,-26.979]]],[[[153.069,-26.973],[153.068,-26.973],[153.068,-26.972],[153.069,-26.973]]],[[[153.079,-26.954],[153.076,-26.959],[153.072,-26.956],[153.079,-26.954]]],[[[153.074,-26.937],[153.072,-26.935],[153.074,-26.927],[153.074,-26.937]]],[[[153.065,-26.924],[153.064,-26.923],[153.067,-26.92],[153.065,-26.924]]],[[[153.065,-26.913],[153.063,-26.916],[153.062,-26.913],[153.065,-26.913]]],[[[153.062,-26.913],[153.063,-26.904],[153.066,-26.907],[153.062,-26.913]]],[[[153.088,-26.899],[153.088,-26.898],[153.089,-26.898],[153.088,-26.899]]],[[[153.094,-26.897],[153.094,-26.898],[153.092,-26.898],[153.094,-26.897]]],[[[153.085,-26.899],[153.084,-26.898],[153.087,-26.897],[153.085,-26.899]]],[[[153.098,-26.895],[153.096,-26.894],[153.1,-26.893],[153.098,-26.895]]],[[[153.101,-26.895],[153.103,-26.892],[153.11,-26.889],[153.101,-26.895]]],[[[153.112,-26.884],[153.113,-26.884],[153.112,-26.885],[153.112,-26.884]]],[[[153.112,-26.881],[153.111,-26.879],[153.113,-26.878],[153.112,-26.881]]],[[[153.12,-26.877],[153.12,-26.873],[153.121,-26.876],[153.12,-26.877]]],[[[153.122,-26.873],[153.121,-26.87],[153.124,-26.87],[153.122,-26.873]]],[[[153.121,-26.866],[153.12,-26.859],[153.123,-26.863],[153.121,-26.866]]],[[[153.122,-26.844],[153.121,-26.843],[153.122,-26.842],[153.122,-26.844]]],[[[153.132,-26.811],[153.14,-26.913],[153.207,-27.074],[153.195,-27.097],[153.165,-27.099],[153.133,-27.036],[153.077,-26.979],[153.091,-26.945],[153.078,-26.907],[153.13,-26.874],[153.132,-26.811]]],[[[153.115,-26.614],[153.116,-26.615],[153.113,-26.614],[153.115,-26.614]]],[[[153.002,-25.97],[153,-25.968],[153.004,-25.968],[153.002,-25.97]]],[[[153.004,-25.956],[153.003,-25.956],[153.003,-25.955],[153.004,-25.956]]],[[[153.025,-25.942],[153.025,-25.943],[153.025,-25.943],[153.025,-25.942]]],[[[153.024,-25.941],[153.025,-25.942],[153.024,-25.942],[153.024,-25.941]]],[[[153.026,-25.941],[153.026,-25.942],[153.025,-25.941],[153.026,-25.941]]],[[[153.031,-25.938],[153.032,-25.938],[153.031,-25.939],[153.031,-25.938]]],[[[153.036,-25.904],[153.037,-25.904],[153.035,-25.905],[153.036,-25.904]]],[[[153.063,-25.884],[153.062,-25.886],[153.061,-25.884],[153.063,-25.884]]],[[[153.047,-25.881],[153.05,-25.882],[153.052,-25.886],[153.047,-25.881]]],[[[153.049,-25.87],[153.05,-25.873],[153.047,-25.872],[153.049,-25.87]]],[[[153.056,-25.871],[153.055,-25.87],[153.054,-25.87],[153.056,-25.871]]],[[[153.051,-25.865],[153.05,-25.866],[153.05,-25.865],[153.051,-25.865]]],[[[153.042,-25.845],[153.042,-25.845],[153.042,-25.845],[153.042,-25.845]]],[[[153.043,-25.843],[153.042,-25.845],[153.042,-25.843],[153.043,-25.843]]],[[[153.051,-25.837],[153.051,-25.836],[153.051,-25.836],[153.051,-25.837]]],[[[153.039,-25.836],[153.036,-25.834],[153.039,-25.834],[153.039,-25.836]]],[[[153.05,-25.825],[153.051,-25.837],[153.045,-25.843],[153.05,-25.825]]],[[[152.983,-25.798],[152.987,-25.803],[152.977,-25.803],[152.983,-25.798]]],[[[152.936,-25.744],[152.936,-25.743],[152.937,-25.744],[152.936,-25.744]]],[[[152.922,-25.619],[152.922,-25.618],[152.922,-25.618],[152.922,-25.619]]],[[[152.957,-25.616],[152.964,-25.62],[152.958,-25.637],[152.957,-25.616]]],[[[152.924,-25.612],[152.929,-25.624],[152.922,-25.617],[152.924,-25.612]]],[[[152.909,-25.607],[152.909,-25.609],[152.908,-25.608],[152.909,-25.607]]],[[[152.91,-25.605],[152.911,-25.608],[152.91,-25.607],[152.91,-25.605]]],[[[152.91,-25.602],[152.913,-25.604],[152.912,-25.606],[152.91,-25.602]]],[[[152.956,-25.599],[152.963,-25.604],[152.956,-25.613],[152.956,-25.599]]],[[[152.953,-25.601],[152.952,-25.598],[152.954,-25.598],[152.953,-25.601]]],[[[152.914,-25.599],[152.912,-25.603],[152.913,-25.596],[152.914,-25.599]]],[[[152.894,-25.598],[152.891,-25.597],[152.891,-25.595],[152.894,-25.598]]],[[[152.881,-25.594],[152.88,-25.594],[152.881,-25.593],[152.881,-25.594]]],[[[152.879,-25.593],[152.879,-25.593],[152.877,-25.593],[152.879,-25.593]]],[[[152.935,-25.592],[152.938,-25.611],[152.929,-25.599],[152.935,-25.592]]],[[[152.887,-25.587],[152.885,-25.593],[152.884,-25.59],[152.887,-25.587]]],[[[152.882,-25.589],[152.881,-25.589],[152.882,-25.585],[152.882,-25.589]]],[[[152.916,-25.585],[152.915,-25.584],[152.916,-25.584],[152.916,-25.585]]],[[[152.907,-25.58],[152.905,-25.583],[152.905,-25.58],[152.907,-25.58]]],[[[152.908,-25.581],[152.907,-25.58],[152.908,-25.58],[152.908,-25.581]]],[[[152.895,-25.577],[152.899,-25.598],[152.888,-25.582],[152.895,-25.577]]],[[[152.889,-25.579],[152.89,-25.577],[152.892,-25.577],[152.889,-25.579]]],[[[152.879,-25.584],[152.877,-25.581],[152.88,-25.576],[152.879,-25.584]]],[[[152.907,-25.576],[152.908,-25.578],[152.907,-25.58],[152.907,-25.576]]],[[[152.901,-25.576],[152.902,-25.576],[152.901,-25.577],[152.901,-25.576]]],[[[152.883,-25.576],[152.88,-25.582],[152.88,-25.576],[152.883,-25.576]]],[[[152.901,-25.576],[152.9,-25.576],[152.901,-25.576],[152.901,-25.576]]],[[[152.89,-25.575],[152.891,-25.575],[152.889,-25.576],[152.89,-25.575]]],[[[152.923,-25.576],[152.924,-25.598],[152.919,-25.585],[152.923,-25.576]]],[[[152.923,-25.574],[152.923,-25.574],[152.923,-25.574],[152.923,-25.574]]],[[[152.902,-25.574],[152.903,-25.575],[152.899,-25.575],[152.902,-25.574]]],[[[152.885,-25.574],[152.884,-25.572],[152.885,-25.57],[152.885,-25.574]]],[[[152.908,-25.569],[152.908,-25.569],[152.908,-25.569],[152.908,-25.569]]],[[[152.915,-25.568],[152.917,-25.57],[152.914,-25.57],[152.915,-25.568]]],[[[152.878,-25.563],[152.878,-25.563],[152.878,-25.562],[152.878,-25.563]]],[[[152.884,-25.563],[152.88,-25.575],[152.874,-25.569],[152.884,-25.563]]],[[[152.905,-25.563],[152.905,-25.564],[152.904,-25.561],[152.905,-25.563]]],[[[152.9,-25.561],[152.904,-25.572],[152.892,-25.574],[152.9,-25.561]]],[[[152.889,-25.56],[152.893,-25.56],[152.887,-25.568],[152.889,-25.56]]],[[[152.885,-25.56],[152.884,-25.559],[152.885,-25.56],[152.885,-25.56]]],[[[152.883,-25.559],[152.884,-25.561],[152.879,-25.562],[152.883,-25.559]]],[[[152.922,-25.559],[152.921,-25.568],[152.915,-25.563],[152.922,-25.559]]],[[[152.949,-25.56],[152.942,-25.583],[152.938,-25.563],[152.949,-25.56]]],[[[152.953,-25.559],[152.95,-25.561],[152.95,-25.556],[152.953,-25.559]]],[[[152.882,-25.558],[152.874,-25.558],[152.882,-25.555],[152.882,-25.558]]],[[[152.94,-25.558],[152.938,-25.562],[152.939,-25.557],[152.94,-25.558]]],[[[152.919,-25.556],[152.916,-25.557],[152.918,-25.555],[152.919,-25.556]]],[[[152.94,-25.553],[152.937,-25.557],[152.937,-25.553],[152.94,-25.553]]],[[[152.883,-25.555],[152.883,-25.554],[152.885,-25.552],[152.883,-25.555]]],[[[152.866,-25.552],[152.866,-25.552],[152.867,-25.552],[152.866,-25.552]]],[[[152.887,-25.552],[152.886,-25.552],[152.887,-25.552],[152.887,-25.552]]],[[[152.898,-25.552],[152.894,-25.558],[152.884,-25.557],[152.898,-25.552]]],[[[152.901,-25.55],[152.899,-25.552],[152.898,-25.55],[152.901,-25.55]]],[[[152.947,-25.559],[152.941,-25.555],[152.949,-25.548],[152.947,-25.559]]],[[[152.952,-25.55],[152.952,-25.549],[152.955,-25.547],[152.952,-25.55]]],[[[152.912,-25.548],[152.907,-25.564],[152.902,-25.557],[152.912,-25.548]]],[[[152.904,-25.542],[152.905,-25.542],[152.904,-25.543],[152.904,-25.542]]],[[[152.904,-25.54],[152.904,-25.54],[152.904,-25.539],[152.904,-25.54]]],[[[152.905,-25.539],[152.905,-25.539],[152.905,-25.539],[152.905,-25.539]]],[[[152.956,-25.539],[152.942,-25.547],[152.955,-25.539],[152.956,-25.539]]],[[[152.908,-25.537],[152.907,-25.537],[152.908,-25.536],[152.908,-25.537]]],[[[152.955,-25.508],[152.955,-25.509],[152.954,-25.51],[152.955,-25.508]]],[[[152.904,-25.502],[152.904,-25.501],[152.904,-25.501],[152.904,-25.502]]],[[[152.966,-25.501],[152.953,-25.513],[152.959,-25.501],[152.966,-25.501]]],[[[152.914,-25.494],[152.916,-25.491],[152.917,-25.491],[152.914,-25.494]]],[[[152.847,-25.487],[152.845,-25.491],[152.835,-25.49],[152.847,-25.487]]],[[[152.841,-25.487],[152.839,-25.486],[152.841,-25.486],[152.841,-25.487]]],[[[152.916,-25.486],[152.915,-25.486],[152.916,-25.485],[152.916,-25.486]]],[[[152.848,-25.491],[152.856,-25.483],[152.855,-25.488],[152.848,-25.491]]],[[[152.919,-25.488],[152.917,-25.488],[152.924,-25.482],[152.919,-25.488]]],[[[152.943,-25.516],[152.915,-25.529],[152.908,-25.501],[152.946,-25.479],[152.956,-25.495],[152.943,-25.516]]],[[[152.949,-25.48],[152.949,-25.479],[152.95,-25.479],[152.949,-25.48]]],[[[152.864,-25.477],[152.863,-25.477],[152.864,-25.476],[152.864,-25.477]]],[[[152.966,-25.49],[152.959,-25.484],[152.964,-25.474],[152.966,-25.49]]],[[[152.862,-25.476],[152.857,-25.487],[152.858,-25.477],[152.862,-25.476]]],[[[152.949,-25.456],[152.948,-25.456],[152.949,-25.455],[152.949,-25.456]]],[[[152.944,-25.455],[152.944,-25.454],[152.944,-25.454],[152.944,-25.455]]],[[[152.868,-25.458],[152.869,-25.454],[152.87,-25.455],[152.868,-25.458]]],[[[152.949,-25.451],[152.949,-25.452],[152.949,-25.451],[152.949,-25.451]]],[[[152.876,-25.443],[152.881,-25.447],[152.872,-25.451],[152.876,-25.443]]],[[[152.899,-25.425],[152.899,-25.424],[152.899,-25.424],[152.899,-25.425]]],[[[152.898,-25.424],[152.898,-25.425],[152.897,-25.424],[152.898,-25.424]]],[[[152.909,-25.423],[152.909,-25.423],[152.909,-25.423],[152.909,-25.423]]],[[[152.903,-25.423],[152.902,-25.423],[152.903,-25.423],[152.903,-25.423]]],[[[152.903,-25.424],[152.904,-25.422],[152.905,-25.423],[152.903,-25.424]]],[[[152.91,-25.421],[152.91,-25.423],[152.907,-25.421],[152.91,-25.421]]],[[[152.908,-25.42],[152.907,-25.421],[152.907,-25.42],[152.908,-25.42]]],[[[152.941,-25.376],[152.941,-25.377],[152.939,-25.376],[152.941,-25.376]]],[[[152.942,-25.375],[152.94,-25.375],[152.942,-25.373],[152.942,-25.375]]],[[[152.942,-25.368],[152.941,-25.368],[152.942,-25.367],[152.942,-25.368]]],[[[153.007,-25.357],[153.004,-25.353],[153.005,-25.354],[153.007,-25.357]]],[[[153,-25.348],[152.999,-25.347],[152.999,-25.346],[153,-25.348]]],[[[153.024,-25.323],[153.019,-25.319],[153.016,-25.313],[153.024,-25.323]]],[[[152.927,-25.288],[152.925,-25.288],[152.927,-25.287],[152.927,-25.288]]],[[[152.957,-25.284],[152.993,-25.336],[152.944,-25.284],[152.943,-25.273],[152.957,-25.284]]],[[[152.586,-25.179],[152.563,-25.176],[152.574,-25.173],[152.586,-25.179]]],[[[152.936,-25.744],[152.937,-25.768],[152.957,-25.757],[152.976,-25.772],[152.965,-25.801],[152.94,-25.796],[152.941,-25.82],[152.978,-25.809],[152.983,-25.825],[152.987,-25.803],[153.021,-25.83],[153.026,-25.852],[152.994,-25.881],[153.009,-25.885],[153.022,-25.866],[153.032,-25.878],[153.001,-25.907],[153.016,-25.904],[153.003,-25.935],[153.031,-25.934],[152.998,-25.954],[153.017,-25.997],[153.027,-25.988],[153.015,-25.977],[153.031,-25.978],[153.024,-25.959],[153.039,-25.97],[153.032,-25.946],[153.057,-25.93],[153.028,-25.922],[153.025,-25.908],[153.051,-25.898],[153.058,-25.914],[153.066,-25.886],[153.046,-25.849],[153.071,-25.82],[153.046,-25.808],[153.072,-25.812],[153.086,-25.889],[153.12,-25.934],[153.162,-25.95],[153.192,-25.933],[153.113,-26.103],[153.061,-26.313],[153.08,-26.381],[153.12,-26.379],[153.092,-26.518],[153.099,-26.643],[153.109,-26.671],[153.139,-26.679],[153.137,-26.773],[153.151,-26.802],[153.125,-26.807],[153.109,-26.887],[153.071,-26.909],[153.061,-26.893],[153.062,-26.928],[153.043,-26.946],[153.066,-26.975],[153.043,-26.969],[153.103,-27.035],[153.113,-27.054],[153.099,-27.064],[153.144,-27.076],[153.067,-27.111],[153.029,-27.179],[153.038,-27.197],[153.087,-27.206],[153.115,-27.191],[153.108,-27.262],[153.078,-27.263],[153.076,-27.228],[153.054,-27.23],[153.079,-27.264],[153.065,-27.301],[153.094,-27.343],[153.156,-27.363],[153.161,-27.377],[153.141,-27.417],[153.108,-27.442],[153.05,-27.44],[153.053,-27.472],[153.034,-27.463],[153.03,-27.479],[153.004,-27.474],[152.995,-27.49],[153.021,-27.501],[153,-27.507],[153.008,-27.521],[152.971,-27.505],[152.974,-27.543],[152.939,-27.525],[152.904,-27.544],[152.894,-27.578],[152.906,-27.601],[152.888,-27.591],[152.907,-27.601],[152.895,-27.579],[152.904,-27.545],[152.941,-27.528],[152.974,-27.545],[152.973,-27.506],[153.01,-27.523],[153.002,-27.509],[153.023,-27.5],[152.997,-27.489],[153.005,-27.477],[153.032,-27.482],[153.035,-27.465],[153.053,-27.475],[153.053,-27.442],[153.114,-27.441],[153.164,-27.402],[153.156,-27.392],[153.189,-27.345],[153.202,-27.353],[153.183,-27.393],[153.165,-27.398],[153.192,-27.476],[153.228,-27.483],[153.241,-27.465],[153.242,-27.481],[153.261,-27.484],[153.262,-27.516],[153.291,-27.511],[153.281,-27.55],[153.318,-27.582],[153.301,-27.601],[153.323,-27.7],[153.293,-27.702],[153.307,-27.714],[153.348,-27.695],[153.357,-27.712],[153.393,-27.708],[153.412,-27.741],[153.439,-27.736],[153.427,-27.779],[153.35,-27.8],[153.369,-27.802],[153.386,-27.827],[153.379,-27.843],[153.395,-27.84],[153.402,-27.864],[153.385,-27.874],[153.366,-27.851],[153.382,-27.86],[153.381,-27.889],[153.342,-27.895],[153.343,-27.91],[153.349,-27.919],[153.358,-27.893],[153.382,-27.891],[153.379,-27.874],[153.401,-27.872],[153.415,-28],[153.428,-27.99],[153.421,-27.941],[153.434,-27.935],[153.45,-28.084],[153.514,-28.161],[153.556,-28.168],[153.546,-28.185],[153.509,-28.19],[153.494,-28.22],[153.52,-28.221],[153.517,-28.194],[153.538,-28.184],[153.562,-28.207],[153.541,-28.243],[153.565,-28.205],[153.549,-28.172],[153.571,-28.199],[153.569,-28.238],[153.586,-28.258],[153.571,-28.327],[153.581,-28.363],[153.555,-28.457],[153.553,-28.531],[153.591,-28.625],[153.618,-28.642],[153.639,-28.633],[153.596,-28.775],[153.609,-28.843],[153.592,-28.876],[153.577,-28.868],[153.575,-28.84],[153.563,-28.847],[153.577,-28.87],[153.527,-28.873],[153.59,-28.878],[153.464,-29.019],[153.433,-29.101],[153.457,-29.14],[153.344,-29.297],[153.344,-29.344],[153.377,-29.366],[153.358,-29.466],[153.369,-29.484],[153.332,-29.587],[153.343,-29.608],[153.321,-29.661],[153.334,-29.675],[153.292,-29.754],[153.304,-29.775],[153.268,-29.865],[153.277,-29.893],[153.26,-29.952],[153.221,-30],[151.054,-30],[151.264,-29.425],[151.466,-28.542],[151.429,-28.367],[151.183,-27.869],[151.095,-27.557],[151.058,-27.248],[151.092,-26.666],[151.066,-26.433],[150.973,-26.213],[150.838,-26.002],[150.735,-25.875],[150.513,-25.659],[150.102,-25.362],[149.707,-25],[152.501,-25],[152.551,-25.074],[152.508,-25.078],[152.523,-25.07],[152.534,-25.09],[152.546,-25.074],[152.577,-25.119],[152.633,-25.152],[152.618,-25.173],[152.555,-25.172],[152.54,-25.19],[152.547,-25.205],[152.557,-25.182],[152.615,-25.183],[152.644,-25.234],[152.722,-25.27],[152.806,-25.264],[152.814,-25.243],[152.834,-25.276],[152.914,-25.293],[152.901,-25.314],[152.924,-25.431],[152.897,-25.419],[152.89,-25.427],[152.908,-25.429],[152.872,-25.444],[152.851,-25.485],[152.824,-25.494],[152.849,-25.498],[152.934,-25.432],[152.956,-25.434],[152.947,-25.461],[152.897,-25.499],[152.903,-25.542],[152.862,-25.553],[152.878,-25.561],[152.875,-25.609],[152.892,-25.618],[152.911,-25.675],[152.878,-25.684],[152.92,-25.706],[152.907,-25.728],[152.936,-25.744]]],[[[153.356,-25.006],[153.099,-25.585],[153.078,-25.673],[153.089,-25.758],[153.078,-25.792],[153.039,-25.793],[152.991,-25.718],[152.975,-25.625],[152.955,-25.596],[152.964,-25.577],[152.953,-25.594],[152.943,-25.586],[152.959,-25.574],[152.951,-25.552],[152.989,-25.512],[152.987,-25.448],[153.051,-25.345],[153.04,-25.277],[153.052,-25.245],[153.039,-25.223],[152.992,-25.221],[153.03,-25.176],[153.16,-25.084],[153.22,-25],[153.356,-25.006]]]]},"properties":{"region":"B1","area":"SE Queensland"}},{"type":"Feature","geometry":{"type":"MultiPolygon","coordinates":[[[[167.947,-29.136],[167.947,-29.137],[167.946,-29.136],[167.947,-29.136]]],[[[167.955,-29.113],[167.966,-29.117],[167.951,-29.133],[167.942,-29.117],[167.955,-29.113]]],[[[167.95,-29.113],[167.949,-29.113],[167.95,-29.113],[167.95,-29.113]]],[[[167.951,-29.111],[167.951,-29.11],[167.951,-29.11],[167.951,-29.111]]],[[[167.963,-29.075],[167.962,-29.075],[167.962,-29.075],[167.963,-29.075]]],[[[167.965,-29.07],[167.964,-29.075],[167.962,-29.072],[167.965,-29.07]]],[[[167.941,-29.063],[167.94,-29.063],[167.941,-29.062],[167.941,-29.063]]],[[[167.943,-29.063],[167.942,-29.062],[167.943,-29.061],[167.943,-29.063]]],[[[167.959,-29.061],[167.961,-29.062],[167.959,-29.061],[167.959,-29.061]]],[[[167.958,-29.06],[167.959,-29.061],[167.956,-29.059],[167.958,-29.06]]],[[[167.988,-29.056],[167.988,-29.056],[167.987,-29.056],[167.988,-29.056]]],[[[167.994,-29.047],[167.994,-29.047],[167.994,-29.047],[167.994,-29.047]]],[[[167.995,-29.045],[167.994,-29.045],[167.994,-29.045],[167.995,-29.045]]],[[[167.92,-29.043],[167.92,-29.043],[167.92,-29.043],[167.92,-29.043]]],[[[167.995,-29.042],[167.995,-29.042],[167.995,-29.042],[167.995,-29.042]]],[[[167.996,-29.04],[167.996,-29.04],[167.996,-29.04],[167.996,-29.04]]],[[[167.996,-29.03],[167.995,-29.03],[167.996,-29.03],[167.996,-29.03]]],[[[167.991,-29.026],[167.991,-29.025],[167.992,-29.025],[167.991,-29.026]]],[[[167.921,-29.022],[167.921,-29.023],[167.92,-29.022],[167.921,-29.022]]],[[[167.92,-29.019],[167.919,-29.018],[167.92,-29.018],[167.92,-29.019]]],[[[167.918,-29.01],[167.917,-29.01],[167.917,-29.01],[167.918,-29.01]]],[[[167.959,-29.01],[167.959,-29.009],[167.959,-29.009],[167.959,-29.01]]],[[[167.958,-29.004],[167.958,-29.005],[167.956,-29.005],[167.958,-29.004]]],[[[167.952,-29.005],[167.951,-29.004],[167.952,-29.004],[167.952,-29.005]]],[[[167.949,-29.004],[167.948,-29.003],[167.949,-29.003],[167.949,-29.004]]],[[[167.938,-29.002],[167.938,-29.002],[167.938,-29.002],[167.938,-29.002]]],[[[167.947,-29.003],[167.946,-29.002],[167.947,-29.002],[167.947,-29.003]]],[[[167.946,-29],[167.946,-29.001],[167.945,-29.001],[167.946,-29]]],[[[167.927,-28.996],[167.997,-29.027],[167.986,-29.057],[167.92,-29.053],[167.914,-29.008],[167.927,-28.996]]],[[[167.923,-28.995],[167.923,-28.995],[167.922,-28.995],[167.923,-28.995]]],[[[167.922,-28.995],[167.922,-28.994],[167.923,-28.994],[167.922,-28.995]]]]},"properties":{"region":"B1","area":"Norfolk Island"}},{"type":"Feature","geometry":{"type":"MultiPolygon","coordinates":[[[[114.961,-29.976],[114.961,-29.975],[114.961,-29.975],[114.961,-29.976]]],[[[114.974,-29.945],[114.974,-29.945],[114.974,-29.944],[114.974,-29.945]]],[[[114.975,-29.942],[114.975,-29.941],[114.975,-29.941],[114.975,-29.942]]],[[[114.977,-29.935],[114.978,-29.935],[114.978,-29.936],[114.977,-29.935]]],[[[114.879,-29.807],[114.879,-29.808],[114.878,-29.807],[114.879,-29.807]]],[[[113.961,-28.987],[113.96,-28.986],[113.961,-28.986],[113.961,-28.987]]],[[[113.873,-28.917],[113.872,-28.916],[113.874,-28.916],[113.873,-28.917]]],[[[113.877,-28.914],[113.876,-28.915],[113.877,-28.913],[113.877,-28.914]]],[[[113.866,-28.911],[113.865,-28.91],[113.866,-28.91],[113.866,-28.911]]],[[[113.88,-28.909],[113.878,-28.909],[113.879,-28.908],[113.88,-28.909]]],[[[113.885,-28.909],[113.882,-28.909],[113.884,-28.908],[113.885,-28.909]]],[[[113.873,-28.906],[113.871,-28.906],[113.871,-28.906],[113.873,-28.906]]],[[[113.858,-28.906],[113.857,-28.906],[113.858,-28.905],[113.858,-28.906]]],[[[113.912,-28.912],[113.91,-28.909],[113.914,-28.905],[113.912,-28.912]]],[[[113.946,-28.901],[113.945,-28.901],[113.945,-28.9],[113.946,-28.901]]],[[[113.999,-28.908],[113.967,-28.938],[113.962,-28.985],[113.967,-28.933],[113.999,-28.908]]],[[[113.862,-28.899],[113.861,-28.899],[113.861,-28.898],[113.862,-28.899]]],[[[114.007,-28.899],[114.006,-28.898],[114.007,-28.898],[114.007,-28.899]]],[[[114.005,-28.898],[114.004,-28.898],[114.005,-28.897],[114.005,-28.898]]],[[[113.9,-28.896],[113.898,-28.899],[113.897,-28.896],[113.9,-28.896]]],[[[113.922,-28.89],[113.921,-28.89],[113.922,-28.888],[113.922,-28.89]]],[[[113.858,-28.884],[113.861,-28.89],[113.857,-28.888],[113.858,-28.884]]],[[[113.962,-28.876],[113.961,-28.876],[113.963,-28.874],[113.962,-28.876]]],[[[114.004,-28.874],[114.004,-28.872],[114.005,-28.873],[114.004,-28.874]]],[[[113.878,-28.873],[113.877,-28.873],[113.878,-28.872],[113.878,-28.873]]],[[[113.965,-28.873],[113.964,-28.872],[113.966,-28.871],[113.965,-28.873]]],[[[114.002,-28.872],[114.001,-28.871],[114.003,-28.871],[114.002,-28.872]]],[[[113.988,-28.871],[113.986,-28.871],[113.987,-28.869],[113.988,-28.871]]],[[[113.968,-28.869],[113.967,-28.868],[113.97,-28.867],[113.968,-28.869]]],[[[113.987,-28.867],[113.986,-28.866],[113.987,-28.866],[113.987,-28.867]]],[[[113.978,-28.865],[113.976,-28.867],[113.975,-28.865],[113.978,-28.865]]],[[[114.001,-28.864],[113.993,-28.865],[113.996,-28.863],[114.001,-28.864]]],[[[114.017,-28.854],[114.017,-28.854],[114.017,-28.853],[114.017,-28.854]]],[[[114.016,-28.852],[114.015,-28.852],[114.015,-28.852],[114.016,-28.852]]],[[[114.018,-28.852],[114.017,-28.852],[114.017,-28.851],[114.018,-28.852]]],[[[114.043,-28.801],[114.038,-28.8],[114.042,-28.8],[114.043,-28.801]]],[[[113.788,-28.775],[113.786,-28.776],[113.787,-28.774],[113.788,-28.775]]],[[[113.81,-28.75],[113.806,-28.753],[113.802,-28.752],[113.81,-28.75]]],[[[113.811,-28.748],[113.81,-28.748],[113.81,-28.747],[113.811,-28.748]]],[[[113.816,-28.744],[113.812,-28.748],[113.81,-28.744],[113.816,-28.744]]],[[[113.818,-28.742],[113.817,-28.741],[113.818,-28.741],[113.818,-28.742]]],[[[113.78,-28.74],[113.779,-28.739],[113.781,-28.738],[113.78,-28.74]]],[[[113.783,-28.735],[113.782,-28.735],[113.783,-28.735],[113.783,-28.735]]],[[[113.787,-28.733],[113.786,-28.732],[113.787,-28.732],[113.787,-28.733]]],[[[113.787,-28.729],[113.785,-28.728],[113.787,-28.725],[113.787,-28.729]]],[[[113.836,-28.724],[113.833,-28.727],[113.833,-28.725],[113.836,-28.724]]],[[[113.788,-28.723],[113.788,-28.724],[113.787,-28.724],[113.788,-28.723]]],[[[113.781,-28.71],[113.788,-28.714],[113.785,-28.723],[113.781,-28.71]]],[[[113.78,-28.701],[113.779,-28.701],[113.78,-28.701],[113.78,-28.701]]],[[[113.837,-28.723],[113.84,-28.701],[113.841,-28.71],[113.837,-28.723]]],[[[113.837,-28.698],[113.834,-28.695],[113.835,-28.692],[113.837,-28.698]]],[[[113.83,-28.687],[113.829,-28.687],[113.829,-28.686],[113.83,-28.687]]],[[[113.867,-28.689],[113.859,-28.691],[113.86,-28.686],[113.867,-28.689]]],[[[113.859,-28.681],[113.859,-28.681],[113.859,-28.681],[113.859,-28.681]]],[[[113.834,-28.679],[113.832,-28.687],[113.831,-28.68],[113.834,-28.679]]],[[[113.857,-28.675],[113.857,-28.675],[113.857,-28.674],[113.857,-28.675]]],[[[113.856,-28.675],[113.856,-28.675],[113.856,-28.674],[113.856,-28.675]]],[[[113.853,-28.676],[113.851,-28.675],[113.854,-28.673],[113.853,-28.676]]],[[[113.859,-28.673],[113.859,-28.673],[113.859,-28.672],[113.859,-28.673]]],[[[113.855,-28.672],[113.854,-28.672],[113.855,-28.672],[113.855,-28.672]]],[[[113.831,-28.676],[113.829,-28.67],[113.832,-28.674],[113.831,-28.676]]],[[[113.854,-28.671],[113.853,-28.67],[113.854,-28.67],[113.854,-28.671]]],[[[113.878,-28.673],[113.876,-28.673],[113.877,-28.669],[113.878,-28.673]]],[[[113.862,-28.669],[113.861,-28.669],[113.863,-28.668],[113.862,-28.669]]],[[[113.83,-28.668],[113.827,-28.668],[113.827,-28.667],[113.83,-28.668]]],[[[113.877,-28.666],[113.875,-28.666],[113.877,-28.662],[113.877,-28.666]]],[[[113.878,-28.661],[113.878,-28.66],[113.878,-28.657],[113.878,-28.661]]],[[[113.884,-28.631],[113.882,-28.63],[113.884,-28.63],[113.884,-28.631]]],[[[113.768,-28.498],[113.766,-28.497],[113.767,-28.495],[113.768,-28.498]]],[[[113.741,-28.495],[113.74,-28.495],[113.74,-28.494],[113.741,-28.495]]],[[[113.784,-28.484],[113.783,-28.484],[113.784,-28.484],[113.784,-28.484]]],[[[113.803,-28.484],[113.802,-28.483],[113.804,-28.481],[113.803,-28.484]]],[[[113.731,-28.479],[113.731,-28.479],[113.731,-28.477],[113.731,-28.479]]],[[[113.743,-28.477],[113.743,-28.476],[113.744,-28.476],[113.743,-28.477]]],[[[113.786,-28.475],[113.785,-28.476],[113.784,-28.475],[113.786,-28.475]]],[[[113.808,-28.477],[113.808,-28.474],[113.809,-28.475],[113.808,-28.477]]],[[[113.701,-28.474],[113.7,-28.474],[113.701,-28.474],[113.701,-28.474]]],[[[113.714,-28.474],[113.712,-28.474],[113.714,-28.474],[113.714,-28.474]]],[[[113.809,-28.474],[113.809,-28.474],[113.81,-28.473],[113.809,-28.474]]],[[[113.699,-28.474],[113.698,-28.474],[113.699,-28.473],[113.699,-28.474]]],[[[113.764,-28.471],[113.763,-28.47],[113.764,-28.47],[113.764,-28.471]]],[[[113.708,-28.469],[113.707,-28.468],[113.708,-28.468],[113.708,-28.469]]],[[[113.712,-28.469],[113.711,-28.468],[113.712,-28.468],[113.712,-28.469]]],[[[113.774,-28.478],[113.773,-28.478],[113.773,-28.464],[113.774,-28.478]]],[[[113.813,-28.466],[113.813,-28.464],[113.814,-28.463],[113.813,-28.466]]],[[[113.772,-28.461],[113.773,-28.462],[113.772,-28.463],[113.772,-28.461]]],[[[113.724,-28.462],[113.723,-28.462],[113.724,-28.461],[113.724,-28.462]]],[[[113.714,-28.463],[113.713,-28.463],[113.715,-28.461],[113.714,-28.463]]],[[[113.677,-28.458],[113.679,-28.458],[113.677,-28.459],[113.677,-28.458]]],[[[113.716,-28.459],[113.714,-28.457],[113.718,-28.453],[113.716,-28.459]]],[[[113.726,-28.455],[113.726,-28.455],[113.728,-28.453],[113.726,-28.455]]],[[[113.717,-28.452],[113.716,-28.451],[113.717,-28.451],[113.717,-28.452]]],[[[113.704,-28.454],[113.686,-28.485],[113.682,-28.454],[113.701,-28.44],[113.704,-28.454]]],[[[113.742,-28.431],[113.719,-28.445],[113.719,-28.43],[113.742,-28.431]]],[[[113.601,-28.304],[113.59,-28.304],[113.595,-28.289],[113.601,-28.304]]],[[[114.277,-28.214],[114.277,-28.214],[114.277,-28.214],[114.277,-28.214]]],[[[115.012,-27.12],[115.186,-27.738],[115.45,-28.146],[115.608,-28.463],[115.8,-28.78],[115.904,-29.015],[115.99,-29.366],[116.024,-30],[114.967,-30],[114.982,-29.852],[114.959,-29.77],[114.958,-29.684],[114.998,-29.494],[114.956,-29.397],[114.954,-29.352],[114.914,-29.277],[114.921,-29.255],[114.872,-29.117],[114.635,-28.875],[114.612,-28.795],[114.576,-28.784],[114.615,-28.763],[114.612,-28.664],[114.531,-28.496],[114.456,-28.413],[114.466,-28.407],[114.433,-28.394],[114.405,-28.335],[114.323,-28.232],[114.24,-28.187],[114.175,-28.11],[114.105,-27.849],[114.126,-27.769],[114.182,-27.68],[114.173,-27.659],[114.166,-27.667],[114.163,-27.706],[114.082,-27.452],[113.826,-27],[114.986,-27],[115.012,-27.12]]]]},"properties":{"region":"B2","area":"West"}},{"type":"Feature","geometry":{"type":"Polygon","coordinates":[[[114.986,-27],[114.398,-27],[114.384,-26.968],[114.361,-26.879],[114.375,-26.824],[114.584,-26.598],[114.681,-26.412],[114.725,-26.213],[114.733,-25.967],[114.709,-25.817],[114.644,-25.659],[114.43,-25.334],[114.246,-25],[114.8,-25],[115.065,-25.411],[115.163,-25.606],[115.21,-25.764],[115.232,-25.921],[115.218,-26.288],[115.162,-26.542],[115.002,-26.898],[114.986,-27]]]},"properties":{"region":"B2","area":"Mid west"}},{"type":"Feature","geometry":{"type":"Polygon","coordinates":[[[119.028,-21.622],[118.734,-21.702],[118.247,-21.932],[117.888,-22.033],[117.551,-22.094],[117.082,-22.091],[116.969,-22.11],[116.834,-22.192],[116.345,-22.599],[115.802,-22.888],[115.557,-23.229],[115.26,-23.569],[115.012,-24.217],[115.012,-24.311],[115.061,-24.466],[115.369,-25],[114.8,-25],[114.609,-24.656],[114.519,-24.455],[114.455,-24.263],[114.465,-24.16],[114.659,-23.774],[114.767,-23.394],[114.804,-23.314],[115.146,-22.982],[115.239,-22.845],[115.369,-22.603],[115.449,-22.513],[115.548,-22.458],[115.898,-22.323],[116.029,-22.251],[116.602,-21.772],[116.809,-21.65],[116.981,-21.612],[117.319,-21.647],[117.478,-21.646],[117.855,-21.575],[118.18,-21.465],[118.55,-21.267],[119.042,-21.144],[119.463,-20.966],[119.845,-20.906],[120.431,-20.777],[120.73,-20.696],[121.198,-20.522],[121.484,-20.383],[121.754,-20.207],[121.985,-20],[122.591,-20],[122.417,-20.22],[122.192,-20.446],[121.982,-20.612],[121.723,-20.775],[121.399,-20.932],[120.892,-21.121],[120.602,-21.203],[119.608,-21.415],[119.239,-21.559],[119.028,-21.622]]]},"properties":{"region":"B2","area":"Pilbara"}},{"type":"Feature","geometry":{"type":"MultiPolygon","coordinates":[[[[124.939,-16.387],[124.936,-16.386],[124.939,-16.385],[124.939,-16.387]]],[[[128.281,-15.338],[128.276,-15.334],[128.279,-15.33],[128.281,-15.338]]],[[[128.288,-15.325],[128.286,-15.322],[128.289,-15.319],[128.288,-15.325]]],[[[143.096,-13.507],[143.11,-13.801],[143.167,-14.052],[143.321,-14.477],[143.386,-14.593],[143.48,-14.71],[143.625,-14.82],[143.81,-14.89],[143.982,-14.903],[144.285,-14.854],[144.38,-14.865],[144.496,-14.924],[144.628,-15.018],[144.72,-15.104],[144.78,-15.189],[144.808,-15.288],[144.842,-15.618],[144.957,-16.125],[144.98,-16.433],[145.009,-16.576],[145.058,-16.703],[145.133,-16.83],[145.468,-17.234],[145.57,-17.456],[145.622,-17.689],[145.576,-18.102],[145.594,-18.316],[145.648,-18.468],[145.791,-18.74],[145.889,-19.061],[145.992,-19.237],[146.123,-19.376],[146.284,-19.494],[146.451,-19.58],[146.824,-19.728],[147.038,-19.832],[147.116,-19.886],[147.29,-20.061],[147.392,-20.139],[147.89,-20.355],[148.147,-20.537],[148.21,-20.62],[148.298,-20.839],[148.369,-20.966],[148.472,-21.098],[148.684,-21.308],[148.826,-21.553],[148.938,-21.791],[149.096,-22.308],[149.165,-22.444],[149.25,-22.56],[149.385,-22.677],[149.501,-22.74],[149.677,-22.788],[150.029,-22.821],[150.111,-22.858],[150.193,-22.92],[150.241,-22.979],[150.269,-23.048],[150.359,-23.566],[150.407,-23.685],[150.475,-23.788],[151.116,-24.363],[151.52,-24.589],[151.75,-24.862],[151.892,-25],[151.223,-25],[151.129,-24.922],[150.885,-24.777],[150.764,-24.687],[150.427,-24.374],[150.162,-24.154],[150.038,-24.011],[149.924,-23.797],[149.815,-23.401],[149.765,-23.306],[149.696,-23.267],[149.389,-23.185],[149.196,-23.104],[149.007,-22.978],[148.829,-22.796],[148.749,-22.681],[148.661,-22.511],[148.472,-21.941],[148.381,-21.746],[148.276,-21.582],[147.982,-21.241],[147.794,-20.915],[147.725,-20.825],[147.571,-20.717],[147.27,-20.597],[147.129,-20.523],[146.703,-20.187],[146.198,-19.966],[146.002,-19.859],[145.786,-19.698],[145.633,-19.54],[145.465,-19.276],[145.331,-18.899],[145.195,-18.615],[145.136,-18.446],[145.099,-18.19],[145.138,-17.75],[145.106,-17.583],[145.02,-17.424],[144.705,-17.025],[144.612,-16.857],[144.561,-16.723],[144.517,-16.525],[144.476,-16.114],[144.319,-15.436],[144.272,-15.382],[144.198,-15.357],[143.813,-15.349],[143.654,-15.321],[143.523,-15.278],[143.281,-15.144],[143.089,-14.966],[142.993,-14.837],[142.903,-14.674],[142.729,-14.199],[142.656,-13.904],[142.621,-13.52],[142.513,-13.823],[142.492,-13.954],[142.494,-14.499],[142.555,-14.933],[142.547,-15.21],[142.494,-15.442],[142.368,-15.846],[142.276,-16.418],[142.158,-16.806],[142.049,-17.048],[141.876,-17.36],[141.718,-17.744],[141.63,-17.894],[141.53,-18.023],[141.365,-18.18],[141.167,-18.318],[140.944,-18.435],[140.682,-18.531],[140.334,-18.6],[140.146,-18.61],[139.954,-18.598],[139.633,-18.515],[139.237,-18.335],[138.901,-18.153],[138.737,-18.045],[138.363,-17.703],[137.904,-17.541],[137.7,-17.445],[137.515,-17.323],[137.185,-17.046],[137.076,-16.975],[136.818,-16.85],[136.442,-16.741],[136.212,-16.632],[135.818,-16.332],[135.483,-16.048],[134.932,-15.684],[134.741,-15.493],[134.605,-15.282],[134.523,-15.059],[134.49,-14.808],[134.507,-14.618],[134.567,-14.415],[134.665,-14.227],[134.888,-13.888],[134.936,-13.783],[134.978,-13.312],[134.96,-13.194],[134.862,-13.117],[134.521,-12.979],[133.999,-12.918],[133.847,-12.87],[133.531,-12.721],[133.342,-12.697],[133.245,-12.724],[132.913,-12.939],[132.643,-13.059],[132.232,-13.15],[131.808,-13.175],[131.655,-13.205],[131.157,-13.524],[131.091,-13.608],[130.912,-13.909],[130.696,-14.156],[130.645,-14.234],[130.631,-14.349],[130.676,-14.84],[130.644,-15.044],[130.574,-15.222],[130.443,-15.415],[130.261,-15.596],[130.062,-15.737],[129.897,-15.812],[129.684,-15.862],[129.479,-15.867],[128.597,-15.728],[128.536,-15.753],[128.423,-15.877],[128.303,-15.951],[128.162,-15.984],[128.003,-15.975],[127.89,-15.927],[127.774,-15.825],[127.692,-15.72],[127.57,-15.492],[127.463,-15.339],[127.402,-15.27],[127.133,-15.04],[127.063,-15.007],[126.997,-15.004],[126.857,-15.04],[126.754,-15.087],[126.348,-15.42],[126.095,-15.737],[125.849,-15.963],[125.559,-16.262],[125.305,-16.673],[124.838,-17.162],[124.68,-17.571],[124.602,-17.694],[124.484,-17.822],[124.287,-17.958],[123.901,-18.138],[123.72,-18.187],[123.382,-18.222],[123.312,-18.247],[123.257,-18.315],[123.119,-18.589],[123.02,-18.725],[122.528,-19.181],[122.237,-19.686],[121.985,-20],[121.23,-20],[121.478,-19.836],[121.684,-19.64],[121.869,-19.39],[122.068,-19.015],[122.157,-18.878],[122.255,-18.779],[122.589,-18.511],[122.72,-18.352],[122.783,-18.197],[122.796,-18.064],[122.772,-17.918],[122.658,-17.589],[122.659,-17.473],[122.708,-17.38],[122.78,-17.336],[122.847,-17.337],[123.171,-17.651],[123.297,-17.719],[123.448,-17.756],[123.582,-17.755],[123.716,-17.723],[124.105,-17.53],[124.2,-17.442],[124.268,-17.334],[124.373,-16.951],[124.422,-16.85],[124.675,-16.654],[124.92,-16.419],[124.934,-16.389],[124.949,-16.392],[124.953,-16.371],[124.938,-16.384],[125.156,-15.981],[125.368,-15.788],[125.534,-15.61],[125.744,-15.427],[125.815,-15.327],[125.927,-15.103],[126.209,-14.932],[126.482,-14.671],[126.781,-14.568],[127.061,-14.424],[127.143,-14.418],[127.233,-14.453],[127.329,-14.532],[127.602,-14.841],[127.803,-15.003],[127.851,-15.066],[127.958,-15.246],[128.052,-15.48],[127.999,-15.518],[128.059,-15.497],[128.103,-15.527],[128.165,-15.513],[128.274,-15.336],[128.291,-15.456],[128.334,-15.507],[128.342,-15.5],[128.298,-15.457],[128.296,-15.31],[128.333,-15.271],[128.412,-15.253],[128.517,-15.255],[129.475,-15.41],[129.619,-15.409],[129.752,-15.377],[129.891,-15.304],[130,-15.215],[130.096,-15.11],[130.163,-14.998],[130.2,-14.881],[130.209,-14.733],[130.177,-14.515],[130.114,-14.286],[130.126,-14.158],[130.168,-14.047],[130.23,-13.94],[130.455,-13.736],[130.555,-13.614],[130.621,-13.482],[130.685,-13.27],[130.723,-13.21],[131.133,-12.988],[131.36,-12.773],[131.421,-12.737],[131.517,-12.722],[132.138,-12.706],[132.427,-12.648],[132.591,-12.594],[132.807,-12.463],[133.041,-12.216],[133.105,-12.177],[133.221,-12.181],[133.664,-12.275],[133.791,-12.325],[133.995,-12.435],[134.113,-12.474],[134.619,-12.52],[134.926,-12.653],[135.06,-12.695],[135.22,-12.712],[135.51,-12.691],[135.625,-12.718],[135.704,-12.762],[135.74,-12.807],[135.739,-12.848],[135.54,-13.104],[135.445,-13.358],[135.421,-13.535],[135.445,-13.826],[135.431,-13.917],[135.374,-14.021],[135.073,-14.44],[134.975,-14.663],[134.959,-14.814],[134.978,-14.954],[135.031,-15.092],[135.113,-15.218],[135.289,-15.38],[135.811,-15.719],[136.117,-15.985],[136.465,-16.246],[136.628,-16.32],[136.955,-16.403],[137.342,-16.59],[137.471,-16.677],[137.795,-16.96],[137.947,-17.059],[138.14,-17.144],[138.529,-17.243],[138.67,-17.306],[138.933,-17.605],[139.049,-17.703],[139.178,-17.784],[139.749,-18.071],[140.01,-18.147],[140.281,-18.151],[140.563,-18.094],[140.866,-17.964],[141.087,-17.81],[141.213,-17.674],[141.289,-17.553],[141.444,-17.17],[141.621,-16.859],[141.717,-16.65],[141.839,-16.229],[141.92,-15.709],[142.051,-15.299],[142.086,-15.12],[142.086,-14.932],[142.029,-14.541],[142.028,-14.18],[141.994,-13.809],[142.133,-13.474],[142.151,-13.353],[142.152,-13.1],[142.313,-12.718],[142.332,-12.586],[142.324,-12.319],[142.432,-11.99],[142.448,-11.979],[142.474,-11.997],[142.596,-12.177],[142.727,-12.489],[142.897,-12.773],[143.051,-13.204],[143.096,-13.507]]]]},"properties":{"region":"B2","area":"Northern coast"}},{"type":"Feature","geometry":{"type":"MultiPolygon","coordinates":[[[[142.76,-10.999],[142.758,-10.998],[142.76,-10.997],[142.76,-10.999]]],[[[142.113,-10.969],[142.1,-10.982],[142.116,-10.991],[142.108,-10.997],[142.101,-10.975],[142.113,-10.969]]],[[[142.638,-10.924],[142.621,-10.919],[142.634,-10.914],[142.638,-10.924]]],[[[142.669,-10.913],[142.693,-10.923],[142.706,-10.957],[142.652,-10.925],[142.669,-10.913]]],[[[142.694,-10.886],[142.695,-10.889],[142.692,-10.887],[142.694,-10.886]]],[[[142.033,-10.885],[142.035,-10.88],[142.037,-10.882],[142.033,-10.885]]],[[[142.028,-10.852],[142.027,-10.852],[142.028,-10.851],[142.028,-10.852]]],[[[142.025,-10.851],[142.023,-10.851],[142.025,-10.848],[142.025,-10.851]]],[[[142.35,-10.844],[142.348,-10.843],[142.349,-10.843],[142.35,-10.844]]],[[[142.365,-10.842],[142.354,-10.847],[142.356,-10.842],[142.365,-10.842]]],[[[142.349,-10.837],[142.349,-10.837],[142.35,-10.837],[142.349,-10.837]]],[[[142.319,-10.84],[142.316,-10.841],[142.319,-10.836],[142.319,-10.84]]],[[[142.387,-10.769],[142.385,-10.767],[142.387,-10.766],[142.387,-10.769]]],[[[142.213,-10.765],[142.212,-10.764],[142.213,-10.763],[142.213,-10.765]]],[[[142.371,-10.767],[142.37,-10.761],[142.376,-10.756],[142.371,-10.767]]],[[[142.408,-10.744],[142.411,-10.738],[142.412,-10.739],[142.408,-10.744]]],[[[142.225,-10.747],[142.22,-10.741],[142.224,-10.737],[142.225,-10.747]]],[[[142.419,-10.736],[142.418,-10.736],[142.418,-10.735],[142.419,-10.736]]],[[[142.255,-10.737],[142.254,-10.736],[142.255,-10.735],[142.255,-10.737]]],[[[142.414,-10.728],[142.411,-10.727],[142.414,-10.722],[142.414,-10.728]]],[[[142.625,-10.724],[142.622,-10.718],[142.626,-10.72],[142.625,-10.724]]],[[[142.345,-10.717],[142.342,-10.714],[142.344,-10.713],[142.345,-10.717]]],[[[142.595,-10.713],[142.616,-10.722],[142.622,-10.746],[142.592,-10.728],[142.584,-10.714],[142.595,-10.713]]],[[[142.37,-10.714],[142.37,-10.712],[142.371,-10.713],[142.37,-10.714]]],[[[142.409,-10.71],[142.386,-10.75],[142.39,-10.718],[142.409,-10.71]]],[[[142.56,-10.71],[142.558,-10.711],[142.553,-10.708],[142.56,-10.71]]],[[[142.598,-10.709],[142.596,-10.71],[142.596,-10.707],[142.598,-10.709]]],[[[142.596,-10.704],[142.596,-10.704],[142.596,-10.703],[142.596,-10.704]]],[[[142.297,-10.732],[142.282,-10.717],[142.295,-10.702],[142.297,-10.732]]],[[[142.381,-10.705],[142.381,-10.701],[142.384,-10.7],[142.381,-10.705]]],[[[142.351,-10.707],[142.349,-10.703],[142.358,-10.698],[142.351,-10.707]]],[[[142.493,-10.696],[142.491,-10.696],[142.492,-10.694],[142.493,-10.696]]],[[[142.28,-10.689],[142.28,-10.688],[142.281,-10.688],[142.28,-10.689]]],[[[142.537,-10.702],[142.558,-10.728],[142.581,-10.725],[142.609,-10.749],[142.549,-10.832],[142.517,-10.844],[142.516,-10.909],[142.482,-10.978],[142.543,-10.908],[142.556,-10.913],[142.543,-10.902],[142.558,-10.874],[142.574,-10.887],[142.575,-10.87],[142.595,-10.889],[142.583,-10.901],[142.595,-10.891],[142.589,-10.868],[142.617,-10.892],[142.617,-10.915],[142.604,-10.912],[142.619,-10.916],[142.615,-10.942],[142.668,-10.945],[142.698,-10.978],[142.716,-10.961],[142.746,-11],[142.134,-11],[142.133,-10.948],[142.164,-10.928],[142.249,-10.909],[142.285,-10.918],[142.313,-10.901],[142.314,-10.916],[142.353,-10.883],[142.438,-10.708],[142.498,-10.717],[142.531,-10.688],[142.537,-10.702]]],[[[142.532,-10.683],[142.531,-10.682],[142.535,-10.681],[142.532,-10.683]]],[[[142.529,-10.685],[142.526,-10.685],[142.528,-10.68],[142.529,-10.685]]],[[[142.669,-10.667],[142.669,-10.667],[142.669,-10.666],[142.669,-10.667]]],[[[142.754,-10.656],[142.755,-10.658],[142.751,-10.657],[142.754,-10.656]]],[[[142.68,-10.641],[142.679,-10.64],[142.68,-10.64],[142.68,-10.641]]],[[[142.653,-10.622],[142.652,-10.623],[142.652,-10.62],[142.653,-10.622]]],[[[142.643,-10.622],[142.667,-10.63],[142.647,-10.657],[142.638,-10.649],[142.651,-10.638],[142.632,-10.627],[142.643,-10.622]]],[[[142.611,-10.612],[142.608,-10.613],[142.609,-10.611],[142.611,-10.612]]],[[[142.617,-10.606],[142.616,-10.611],[142.613,-10.611],[142.617,-10.606]]],[[[142.639,-10.599],[142.637,-10.599],[142.637,-10.597],[142.639,-10.599]]],[[[142.196,-10.594],[142.277,-10.706],[142.265,-10.727],[142.243,-10.711],[142.23,-10.739],[142.227,-10.721],[142.207,-10.726],[142.178,-10.771],[142.15,-10.765],[142.114,-10.722],[142.11,-10.663],[142.196,-10.594]]],[[[142.617,-10.59],[142.629,-10.599],[142.61,-10.598],[142.617,-10.59]]],[[[142.18,-10.586],[142.171,-10.606],[142.145,-10.596],[142.18,-10.586]]],[[[142.307,-10.571],[142.327,-10.613],[142.296,-10.638],[142.26,-10.638],[142.236,-10.609],[142.25,-10.584],[142.307,-10.571]]],[[[142.221,-10.57],[142.233,-10.576],[142.209,-10.589],[142.221,-10.57]]],[[[142.169,-10.558],[142.158,-10.57],[142.146,-10.566],[142.169,-10.558]]],[[[142.346,-10.553],[142.343,-10.551],[142.347,-10.548],[142.346,-10.553]]],[[[142.355,-10.545],[142.353,-10.547],[142.352,-10.544],[142.355,-10.545]]],[[[142.216,-10.522],[142.231,-10.537],[142.195,-10.575],[142.18,-10.561],[142.216,-10.522]]],[[[143.1,-10.52],[143.098,-10.519],[143.1,-10.519],[143.1,-10.52]]],[[[142.319,-10.523],[142.312,-10.543],[142.284,-10.528],[142.312,-10.506],[142.319,-10.523]]],[[[142.451,-10.496],[142.45,-10.497],[142.449,-10.495],[142.451,-10.496]]],[[[142.447,-10.496],[142.447,-10.495],[142.447,-10.495],[142.447,-10.496]]],[[[142.438,-10.463],[142.438,-10.461],[142.442,-10.462],[142.438,-10.463]]],[[[142.449,-10.465],[142.445,-10.461],[142.45,-10.463],[142.449,-10.465]]],[[[142.364,-10.369],[142.361,-10.366],[142.364,-10.367],[142.364,-10.369]]],[[[142.127,-10.355],[142.142,-10.375],[142.136,-10.389],[142.127,-10.355]]],[[[142.057,-10.354],[142.062,-10.361],[142.05,-10.367],[142.057,-10.354]]],[[[142.229,-10.352],[142.229,-10.352],[142.226,-10.351],[142.229,-10.352]]],[[[142.111,-10.347],[142.11,-10.347],[142.111,-10.343],[142.111,-10.347]]],[[[142.093,-10.318],[142.091,-10.317],[142.092,-10.315],[142.093,-10.318]]],[[[142.101,-10.294],[142.103,-10.287],[142.106,-10.29],[142.101,-10.294]]],[[[142.108,-10.282],[142.104,-10.282],[142.099,-10.273],[142.108,-10.282]]],[[[142.077,-10.26],[142.079,-10.266],[142.069,-10.265],[142.077,-10.26]]],[[[142.832,-10.255],[142.827,-10.255],[142.829,-10.253],[142.832,-10.255]]],[[[142.484,-10.261],[142.474,-10.25],[142.489,-10.242],[142.484,-10.261]]],[[[142.086,-10.246],[142.083,-10.244],[142.085,-10.241],[142.086,-10.246]]],[[[142.488,-10.235],[142.487,-10.235],[142.488,-10.234],[142.488,-10.235]]],[[[142.08,-10.241],[142.073,-10.23],[142.081,-10.238],[142.08,-10.241]]],[[[142.067,-10.221],[142.067,-10.224],[142.066,-10.221],[142.067,-10.221]]],[[[142.154,-10.22],[142.156,-10.228],[142.149,-10.22],[142.154,-10.22]]],[[[142.054,-10.219],[142.053,-10.218],[142.054,-10.216],[142.054,-10.219]]],[[[142.173,-10.226],[142.164,-10.222],[142.171,-10.207],[142.173,-10.226]]],[[[142.829,-10.204],[142.826,-10.21],[142.818,-10.209],[142.829,-10.204]]],[[[142.148,-10.211],[142.142,-10.21],[142.146,-10.2],[142.148,-10.211]]],[[[142.168,-10.198],[142.171,-10.2],[142.17,-10.202],[142.168,-10.198]]],[[[142.119,-10.192],[142.117,-10.192],[142.117,-10.188],[142.119,-10.192]]],[[[142.508,-10.184],[142.516,-10.187],[142.516,-10.195],[142.508,-10.184]]],[[[142.68,-10.172],[142.673,-10.166],[142.677,-10.168],[142.68,-10.172]]],[[[142.514,-10.157],[142.509,-10.163],[142.502,-10.157],[142.514,-10.157]]],[[[142.906,-10.154],[142.906,-10.154],[142.907,-10.154],[142.906,-10.154]]],[[[142.911,-10.152],[142.91,-10.152],[142.911,-10.151],[142.911,-10.152]]],[[[142.917,-10.151],[142.916,-10.151],[142.917,-10.15],[142.917,-10.151]]],[[[142.925,-10.15],[142.924,-10.15],[142.924,-10.149],[142.925,-10.15]]],[[[142.82,-10.147],[142.816,-10.146],[142.822,-10.145],[142.82,-10.147]]],[[[142.075,-10.118],[142.074,-10.118],[142.074,-10.116],[142.075,-10.118]]],[[[142.277,-10.122],[142.326,-10.135],[142.345,-10.173],[142.279,-10.26],[142.241,-10.234],[142.216,-10.238],[142.186,-10.193],[142.211,-10.171],[142.224,-10.126],[142.277,-10.122]]],[[[142.359,-10.115],[142.36,-10.119],[142.357,-10.116],[142.359,-10.115]]],[[[143.32,-10.108],[143.318,-10.106],[143.321,-10.105],[143.32,-10.108]]],[[[142.345,-10.106],[142.345,-10.104],[142.346,-10.105],[142.345,-10.106]]],[[[142.817,-10.101],[142.817,-10.101],[142.817,-10.1],[142.817,-10.101]]],[[[142.081,-10.1],[142.081,-10.099],[142.081,-10.099],[142.081,-10.1]]],[[[142.09,-10.092],[142.089,-10.09],[142.091,-10.09],[142.09,-10.092]]],[[[142.33,-10.085],[142.325,-10.08],[142.328,-10.081],[142.33,-10.085]]],[[[142.096,-10.077],[142.095,-10.076],[142.096,-10.076],[142.096,-10.077]]],[[[142.265,-10.075],[142.264,-10.075],[142.264,-10.071],[142.265,-10.075]]],[[[142.179,-10.059],[142.188,-10.149],[142.164,-10.181],[142.134,-10.179],[142.085,-10.113],[142.114,-10.068],[142.179,-10.059]]],[[[143.072,-10.049],[143.076,-10.051],[143.061,-10.05],[143.072,-10.049]]],[[[142.129,-10.03],[142.128,-10.026],[142.13,-10.027],[142.129,-10.03]]],[[[142.848,-10.017],[142.868,-10.039],[142.858,-10.053],[142.826,-10.03],[142.848,-10.017]]],[[[143.032,-9.997],[143.031,-9.998],[143.026,-9.996],[143.032,-9.997]]],[[[143.116,-9.989],[143.114,-9.987],[143.127,-9.985],[143.116,-9.989]]],[[[142.24,-9.978],[142.238,-9.978],[142.237,-9.976],[142.24,-9.978]]],[[[142.217,-9.973],[142.215,-9.972],[142.217,-9.972],[142.217,-9.973]]],[[[142.216,-9.968],[142.215,-9.967],[142.216,-9.968],[142.216,-9.968]]],[[[142.21,-9.963],[142.209,-9.963],[142.209,-9.962],[142.21,-9.963]]],[[[142.153,-9.961],[142.152,-9.962],[142.152,-9.961],[142.153,-9.961]]],[[[142.211,-9.96],[142.21,-9.962],[142.21,-9.961],[142.211,-9.96]]],[[[142.165,-9.958],[142.16,-9.956],[142.163,-9.955],[142.165,-9.958]]],[[[142.212,-9.958],[142.209,-9.955],[142.209,-9.952],[142.212,-9.958]]],[[[143.397,-9.956],[143.394,-9.956],[143.399,-9.952],[143.397,-9.956]]],[[[143.289,-9.956],[143.284,-9.957],[143.294,-9.947],[143.289,-9.956]]],[[[142.212,-9.951],[142.209,-9.951],[142.212,-9.947],[142.212,-9.951]]],[[[144.041,-9.948],[144.039,-9.953],[144.035,-9.951],[144.041,-9.948]]],[[[142.175,-9.946],[142.173,-9.944],[142.174,-9.944],[142.175,-9.946]]],[[[142.186,-9.943],[142.201,-9.953],[142.177,-9.973],[142.165,-9.951],[142.186,-9.943]]],[[[142.165,-9.947],[142.156,-9.945],[142.156,-9.941],[142.165,-9.947]]],[[[144.023,-9.941],[144.032,-9.948],[144.023,-9.947],[144.023,-9.941]]],[[[142.173,-9.942],[142.17,-9.939],[142.174,-9.94],[142.173,-9.942]]],[[[142.179,-9.936],[142.179,-9.937],[142.177,-9.937],[142.179,-9.936]]],[[[142.164,-9.934],[142.164,-9.935],[142.163,-9.934],[142.164,-9.934]]],[[[144.048,-9.926],[144.041,-9.914],[144.062,-9.909],[144.048,-9.926]]],[[[142.767,-9.895],[142.783,-9.905],[142.769,-9.905],[142.767,-9.895]]],[[[143.484,-9.886],[143.485,-9.881],[143.487,-9.883],[143.484,-9.886]]],[[[143.173,-9.868],[143.173,-9.869],[143.168,-9.869],[143.173,-9.868]]],[[[143.392,-9.872],[143.394,-9.868],[143.398,-9.869],[143.392,-9.872]]],[[[143.306,-9.865],[143.307,-9.863],[143.31,-9.861],[143.306,-9.865]]],[[[142.93,-9.846],[142.949,-9.856],[142.919,-9.865],[142.898,-9.853],[142.93,-9.846]]],[[[142.713,-9.834],[142.717,-9.837],[142.708,-9.833],[142.713,-9.834]]],[[[143.407,-9.824],[143.407,-9.821],[143.409,-9.819],[143.407,-9.824]]],[[[142.977,-9.806],[142.972,-9.805],[142.975,-9.795],[142.977,-9.806]]],[[[143.26,-9.768],[143.258,-9.765],[143.268,-9.763],[143.26,-9.768]]],[[[143.32,-9.764],[143.319,-9.763],[143.32,-9.762],[143.32,-9.764]]],[[[142.636,-9.761],[142.649,-9.772],[142.623,-9.773],[142.636,-9.761]]],[[[143.407,-9.749],[143.424,-9.75],[143.401,-9.757],[143.407,-9.749]]],[[[143.442,-9.747],[143.448,-9.737],[143.453,-9.733],[143.442,-9.747]]],[[[143.363,-9.715],[143.359,-9.716],[143.364,-9.711],[143.363,-9.715]]],[[[143.428,-9.689],[143.43,-9.687],[143.432,-9.686],[143.428,-9.689]]],[[[143.663,-9.612],[143.661,-9.613],[143.661,-9.612],[143.663,-9.612]]],[[[143.311,-9.609],[143.298,-9.617],[143.302,-9.611],[143.311,-9.609]]],[[[143.779,-9.572],[143.783,-9.587],[143.761,-9.599],[143.757,-9.582],[143.779,-9.572]]],[[[143.654,-9.569],[143.651,-9.568],[143.655,-9.566],[143.654,-9.569]]],[[[143.489,-9.57],[143.496,-9.561],[143.498,-9.561],[143.489,-9.57]]],[[[142.273,-9.549],[142.319,-9.568],[142.268,-9.565],[142.258,-9.554],[142.273,-9.549]]],[[[143.545,-9.505],[143.549,-9.508],[143.543,-9.511],[143.545,-9.505]]],[[[143.861,-9.477],[143.86,-9.477],[143.86,-9.477],[143.861,-9.477]]],[[[142.537,-9.41],[142.552,-9.421],[142.532,-9.436],[142.537,-9.41]]],[[[142.671,-9.376],[142.757,-9.367],[142.801,-9.382],[142.742,-9.42],[142.657,-9.429],[142.599,-9.409],[142.599,-9.387],[142.647,-9.365],[142.671,-9.376]]],[[[142.667,-9.361],[142.665,-9.367],[142.662,-9.363],[142.667,-9.361]]],[[[142.725,-9.37],[142.667,-9.37],[142.689,-9.358],[142.725,-9.37]]],[[[142.156,-9.247],[142.155,-9.247],[142.155,-9.247],[142.156,-9.247]]],[[[142.157,-9.237],[142.156,-9.237],[142.158,-9.235],[142.157,-9.237]]],[[[142.151,-9.232],[142.15,-9.231],[142.151,-9.231],[142.151,-9.232]]],[[[142.227,-9.234],[142.243,-9.259],[142.294,-9.26],[142.275,-9.29],[142.192,-9.287],[142.132,-9.267],[142.227,-9.234]]],[[[142.154,-9.235],[142.157,-9.229],[142.157,-9.233],[142.154,-9.235]]],[[[142.153,-9.231],[142.153,-9.228],[142.154,-9.229],[142.153,-9.231]]],[[[142.156,-9.238],[142.158,-9.228],[142.16,-9.231],[142.156,-9.238]]],[[[142.161,-9.229],[142.159,-9.226],[142.161,-9.227],[142.161,-9.229]]],[[[142.152,-9.227],[142.145,-9.231],[142.145,-9.227],[142.152,-9.227]]],[[[142.155,-9.229],[142.155,-9.226],[142.158,-9.226],[142.155,-9.229]]],[[[142.174,-9.224],[142.188,-9.234],[142.157,-9.248],[142.174,-9.224]]],[[[142.152,-9.222],[142.151,-9.225],[142.145,-9.225],[142.152,-9.222]]],[[[142.25,-9.235],[142.24,-9.234],[142.234,-9.221],[142.25,-9.235]]],[[[143.877,-9.143],[143.876,-9.144],[143.874,-9.142],[143.877,-9.143]]]]},"properties":{"region":"B2","area":"Torres Strait"}},{"type":"Feature","geometry":{"type":"Polygon","coordinates":[[[105.7,-10.412],[105.713,-10.467],[105.674,-10.502],[105.666,-10.568],[105.641,-10.565],[105.624,-10.515],[105.577,-10.504],[105.534,-10.514],[105.558,-10.476],[105.552,-10.442],[105.606,-10.467],[105.65,-10.449],[105.674,-10.414],[105.7,-10.412]]]},"properties":{"region":"B2","area":"Christmas Island"}},{"type":"Feature","geometry":{"type":"MultiPolygon","coordinates":[[[[152.492,-24.926],[152.496,-24.932],[152.491,-24.926],[152.492,-24.926]]],[[[153.256,-24.697],[153.267,-24.704],[153.268,-24.886],[153.3,-24.946],[153.351,-24.963],[153.352,-25],[153.22,-25],[153.226,-24.912],[153.169,-24.832],[153.119,-24.817],[153.182,-24.739],[153.256,-24.697]]],[[[151.88,-24.164],[151.876,-24.168],[151.871,-24.168],[151.88,-24.164]]],[[[152.718,-24.116],[152.712,-24.111],[152.717,-24.109],[152.718,-24.116]]],[[[151.545,-24.084],[151.536,-24.082],[151.542,-24.075],[151.545,-24.084]]],[[[151.469,-24.065],[151.47,-24.066],[151.469,-24.067],[151.469,-24.065]]],[[[151.47,-24.064],[151.468,-24.062],[151.47,-24.061],[151.47,-24.064]]],[[[151.729,-24.061],[151.728,-24.062],[151.727,-24.061],[151.729,-24.061]]],[[[151.46,-24.06],[151.461,-24.06],[151.461,-24.062],[151.46,-24.06]]],[[[151.46,-24.057],[151.461,-24.06],[151.458,-24.059],[151.46,-24.057]]],[[[151.677,-24.056],[151.676,-24.056],[151.673,-24.055],[151.677,-24.056]]],[[[151.671,-24.054],[151.669,-24.054],[151.67,-24.053],[151.671,-24.054]]],[[[151.433,-24.053],[151.431,-24.053],[151.43,-24.05],[151.433,-24.053]]],[[[151.664,-24.053],[151.665,-24.05],[151.666,-24.052],[151.664,-24.053]]],[[[151.725,-24.048],[151.725,-24.045],[151.728,-24.045],[151.725,-24.048]]],[[[151.661,-24.043],[151.661,-24.053],[151.649,-24.045],[151.661,-24.043]]],[[[151.462,-24.042],[151.459,-24.056],[151.457,-24.047],[151.462,-24.042]]],[[[151.465,-24.037],[151.476,-24.049],[151.475,-24.054],[151.465,-24.037]]],[[[151.435,-24.036],[151.437,-24.054],[151.427,-24.044],[151.435,-24.036]]],[[[151.657,-24.043],[151.644,-24.037],[151.653,-24.036],[151.657,-24.043]]],[[[151.737,-24.034],[151.736,-24.033],[151.737,-24.032],[151.737,-24.034]]],[[[151.635,-24.023],[151.634,-24.025],[151.624,-24.022],[151.635,-24.023]]],[[[151.733,-24.018],[151.732,-24.017],[151.733,-24.017],[151.733,-24.018]]],[[[151.627,-24.015],[151.625,-24.016],[151.626,-24.014],[151.627,-24.015]]],[[[152.393,-23.91],[152.389,-23.908],[152.395,-23.905],[152.393,-23.91]]],[[[151.382,-23.878],[151.382,-23.878],[151.382,-23.877],[151.382,-23.878]]],[[[152.367,-23.864],[152.365,-23.863],[152.366,-23.862],[152.367,-23.864]]],[[[152.369,-23.857],[152.368,-23.858],[152.368,-23.857],[152.369,-23.857]]],[[[152.373,-23.857],[152.379,-23.852],[152.381,-23.853],[152.373,-23.857]]],[[[151.338,-23.839],[151.338,-23.84],[151.336,-23.839],[151.338,-23.839]]],[[[151.342,-23.826],[151.337,-23.836],[151.337,-23.83],[151.342,-23.826]]],[[[151.223,-23.818],[151.219,-23.821],[151.216,-23.818],[151.223,-23.818]]],[[[151.226,-23.813],[151.227,-23.814],[151.225,-23.813],[151.226,-23.813]]],[[[151.245,-23.808],[151.247,-23.811],[151.246,-23.813],[151.245,-23.808]]],[[[152.289,-23.809],[152.288,-23.806],[152.293,-23.805],[152.289,-23.809]]],[[[151.256,-23.804],[151.255,-23.81],[151.253,-23.805],[151.256,-23.804]]],[[[151.243,-23.804],[151.241,-23.803],[151.241,-23.802],[151.243,-23.804]]],[[[151.284,-23.801],[151.289,-23.805],[151.286,-23.819],[151.284,-23.801]]],[[[152.301,-23.801],[152.299,-23.8],[152.302,-23.8],[152.301,-23.801]]],[[[151.229,-23.803],[151.227,-23.801],[151.229,-23.799],[151.229,-23.803]]],[[[151.263,-23.796],[151.266,-23.799],[151.265,-23.802],[151.263,-23.796]]],[[[151.259,-23.78],[151.261,-23.793],[151.255,-23.784],[151.259,-23.78]]],[[[151.318,-23.764],[151.319,-23.765],[151.317,-23.765],[151.318,-23.764]]],[[[151.337,-23.759],[151.341,-23.785],[151.385,-23.838],[151.394,-23.865],[151.38,-23.88],[151.366,-23.875],[151.361,-23.824],[151.336,-23.825],[151.323,-23.777],[151.337,-23.759]]],[[[151.721,-23.537],[151.732,-23.539],[151.723,-23.54],[151.721,-23.537]]],[[[151.272,-23.537],[151.27,-23.535],[151.272,-23.535],[151.272,-23.537]]],[[[151.278,-23.534],[151.276,-23.533],[151.278,-23.532],[151.278,-23.534]]],[[[150.862,-23.534],[150.838,-23.521],[150.862,-23.525],[150.862,-23.534]]],[[[150.837,-23.528],[150.824,-23.521],[150.834,-23.521],[150.837,-23.528]]],[[[150.822,-23.522],[150.815,-23.518],[150.819,-23.519],[150.822,-23.522]]],[[[152.092,-23.508],[152.09,-23.507],[152.091,-23.505],[152.092,-23.508]]],[[[150.865,-23.517],[150.851,-23.51],[150.872,-23.506],[150.865,-23.517]]],[[[151.773,-23.503],[151.77,-23.502],[151.772,-23.501],[151.773,-23.503]]],[[[151.179,-23.495],[151.207,-23.505],[151.174,-23.498],[151.179,-23.495]]],[[[151.101,-23.483],[151.098,-23.483],[151.1,-23.481],[151.101,-23.483]]],[[[151.1,-23.477],[151.104,-23.481],[151.101,-23.479],[151.1,-23.477]]],[[[151.06,-23.449],[151.081,-23.467],[151.073,-23.488],[151.087,-23.48],[151.155,-23.511],[151.202,-23.512],[151.183,-23.521],[151.193,-23.527],[151.183,-23.541],[151.239,-23.488],[151.226,-23.609],[151.248,-23.657],[151.287,-23.684],[151.315,-23.759],[151.29,-23.762],[151.285,-23.797],[151.265,-23.778],[151.276,-23.765],[151.263,-23.775],[151.275,-23.753],[151.263,-23.749],[151.257,-23.779],[151.245,-23.768],[151.245,-23.794],[151.216,-23.797],[151.13,-23.669],[151.046,-23.621],[151.033,-23.57],[150.977,-23.491],[151.014,-23.474],[151.017,-23.452],[151.06,-23.449]]],[[[151.913,-23.441],[151.919,-23.443],[151.912,-23.443],[151.913,-23.441]]],[[[151.051,-23.431],[151.049,-23.427],[151.05,-23.426],[151.051,-23.431]]],[[[151.163,-23.398],[151.156,-23.406],[151.145,-23.399],[151.163,-23.398]]],[[[150.815,-23.356],[150.818,-23.358],[150.812,-23.358],[150.815,-23.356]]],[[[150.939,-23.347],[150.933,-23.341],[150.939,-23.342],[150.939,-23.347]]],[[[151.958,-23.333],[151.955,-23.333],[151.959,-23.331],[151.958,-23.333]]],[[[150.851,-23.317],[150.847,-23.316],[150.849,-23.315],[150.851,-23.317]]],[[[151.916,-23.306],[151.915,-23.304],[151.917,-23.304],[151.916,-23.306]]],[[[150.925,-23.305],[150.923,-23.303],[150.925,-23.302],[150.925,-23.305]]],[[[150.924,-23.301],[150.922,-23.302],[150.92,-23.3],[150.924,-23.301]]],[[[151.713,-23.301],[151.701,-23.295],[151.715,-23.293],[151.713,-23.301]]],[[[150.835,-23.286],[150.834,-23.288],[150.834,-23.286],[150.835,-23.286]]],[[[150.893,-23.281],[150.883,-23.277],[150.886,-23.275],[150.893,-23.281]]],[[[151.776,-23.249],[151.78,-23.245],[151.783,-23.246],[151.776,-23.249]]],[[[150.87,-23.245],[150.869,-23.245],[150.871,-23.244],[150.87,-23.245]]],[[[150.878,-23.241],[150.879,-23.243],[150.871,-23.242],[150.878,-23.241]]],[[[150.973,-23.217],[150.965,-23.215],[150.973,-23.209],[150.973,-23.217]]],[[[150.971,-23.197],[150.972,-23.202],[150.97,-23.197],[150.971,-23.197]]],[[[150.806,-23.173],[150.804,-23.173],[150.805,-23.172],[150.806,-23.173]]],[[[150.926,-23.169],[150.919,-23.169],[150.914,-23.162],[150.926,-23.169]]],[[[151.082,-23.16],[151.069,-23.161],[151.078,-23.154],[151.082,-23.16]]],[[[151.086,-23.155],[151.085,-23.154],[151.086,-23.154],[151.086,-23.155]]],[[[150.907,-23.155],[150.9,-23.151],[150.908,-23.151],[150.907,-23.155]]],[[[150.976,-23.149],[150.976,-23.171],[150.994,-23.178],[150.988,-23.192],[150.978,-23.183],[150.939,-23.198],[150.933,-23.168],[150.951,-23.171],[150.976,-23.149]]],[[[150.901,-23.098],[150.9,-23.1],[150.897,-23.098],[150.901,-23.098]]],[[[150.907,-23.09],[150.9,-23.095],[150.902,-23.09],[150.907,-23.09]]],[[[150.955,-23.065],[150.953,-23.063],[150.954,-23.063],[150.955,-23.065]]],[[[150.902,-23.065],[150.913,-23.088],[150.885,-23.077],[150.892,-23.054],[150.902,-23.065]]],[[[150.889,-23.05],[150.885,-23.048],[150.889,-23.047],[150.889,-23.05]]],[[[150.881,-23.047],[150.881,-23.047],[150.879,-23.046],[150.881,-23.047]]],[[[150.879,-23.037],[150.877,-23.038],[150.877,-23.036],[150.879,-23.037]]],[[[150.994,-22.728],[150.998,-22.731],[150.998,-22.735],[150.994,-22.728]]],[[[150.846,-22.684],[150.848,-22.685],[150.841,-22.686],[150.846,-22.684]]],[[[150.96,-22.658],[150.96,-22.655],[150.963,-22.655],[150.96,-22.658]]],[[[150.712,-22.626],[150.71,-22.626],[150.71,-22.625],[150.712,-22.626]]],[[[150.014,-22.629],[150.013,-22.626],[150.013,-22.623],[150.014,-22.629]]],[[[150.016,-22.62],[150.016,-22.629],[150.013,-22.619],[150.016,-22.62]]],[[[150.012,-22.616],[150.01,-22.617],[150.009,-22.614],[150.012,-22.616]]],[[[150.738,-22.617],[150.735,-22.607],[150.738,-22.611],[150.738,-22.617]]],[[[150.738,-22.609],[150.736,-22.607],[150.737,-22.607],[150.738,-22.609]]],[[[150.683,-22.572],[150.68,-22.57],[150.679,-22.566],[150.683,-22.572]]],[[[150.681,-22.563],[150.679,-22.564],[150.68,-22.562],[150.681,-22.563]]],[[[150.8,-22.565],[150.797,-22.564],[150.797,-22.562],[150.8,-22.565]]],[[[150.69,-22.558],[150.688,-22.558],[150.69,-22.556],[150.69,-22.558]]],[[[150.499,-22.554],[150.494,-22.549],[150.497,-22.54],[150.499,-22.554]]],[[[150.45,-22.522],[150.449,-22.522],[150.45,-22.521],[150.45,-22.522]]],[[[150.452,-22.521],[150.452,-22.521],[150.452,-22.521],[150.452,-22.521]]],[[[150.449,-22.521],[150.447,-22.521],[150.447,-22.519],[150.449,-22.521]]],[[[150.446,-22.519],[150.446,-22.521],[150.445,-22.518],[150.446,-22.519]]],[[[150.772,-22.518],[150.77,-22.518],[150.771,-22.517],[150.772,-22.518]]],[[[150.444,-22.513],[150.449,-22.517],[150.444,-22.516],[150.444,-22.513]]],[[[150.438,-22.512],[150.437,-22.512],[150.437,-22.508],[150.438,-22.512]]],[[[150.405,-22.494],[150.406,-22.493],[150.407,-22.493],[150.405,-22.494]]],[[[150.776,-22.482],[150.774,-22.481],[150.773,-22.477],[150.776,-22.482]]],[[[150.758,-22.479],[150.756,-22.478],[150.756,-22.476],[150.758,-22.479]]],[[[149.974,-22.492],[149.965,-22.474],[149.972,-22.48],[149.974,-22.492]]],[[[150.762,-22.47],[150.76,-22.468],[150.762,-22.468],[150.762,-22.47]]],[[[149.909,-22.477],[149.898,-22.462],[149.909,-22.47],[149.909,-22.477]]],[[[150.753,-22.454],[150.752,-22.454],[150.752,-22.454],[150.753,-22.454]]],[[[150.764,-22.449],[150.762,-22.448],[150.763,-22.448],[150.764,-22.449]]],[[[150.735,-22.44],[150.736,-22.436],[150.736,-22.438],[150.735,-22.44]]],[[[150.731,-22.432],[150.728,-22.433],[150.73,-22.43],[150.731,-22.432]]],[[[150.538,-22.431],[150.536,-22.43],[150.537,-22.429],[150.538,-22.431]]],[[[150.325,-22.428],[150.325,-22.428],[150.324,-22.427],[150.325,-22.428]]],[[[150.732,-22.427],[150.731,-22.426],[150.732,-22.426],[150.732,-22.427]]],[[[150.537,-22.428],[150.534,-22.424],[150.534,-22.422],[150.537,-22.428]]],[[[150.749,-22.412],[150.747,-22.414],[150.744,-22.41],[150.749,-22.412]]],[[[150.743,-22.406],[150.74,-22.404],[150.743,-22.405],[150.743,-22.406]]],[[[149.758,-22.413],[149.757,-22.4],[149.763,-22.406],[149.758,-22.413]]],[[[149.76,-22.399],[149.758,-22.392],[149.767,-22.391],[149.76,-22.399]]],[[[150.533,-22.384],[150.531,-22.383],[150.533,-22.383],[150.533,-22.384]]],[[[150.516,-22.381],[150.506,-22.38],[150.515,-22.377],[150.516,-22.381]]],[[[150.529,-22.376],[150.528,-22.376],[150.528,-22.376],[150.529,-22.376]]],[[[150.522,-22.37],[150.527,-22.376],[150.517,-22.375],[150.522,-22.37]]],[[[149.775,-22.36],[149.775,-22.358],[149.778,-22.358],[149.775,-22.36]]],[[[150.281,-22.349],[150.265,-22.37],[150.251,-22.365],[150.281,-22.349]]],[[[150.667,-22.346],[150.667,-22.345],[150.667,-22.345],[150.667,-22.346]]],[[[150.659,-22.343],[150.659,-22.342],[150.659,-22.343],[150.659,-22.343]]],[[[150.26,-22.341],[150.258,-22.341],[150.259,-22.341],[150.26,-22.341]]],[[[150.719,-22.34],[150.717,-22.34],[150.719,-22.338],[150.719,-22.34]]],[[[150.715,-22.338],[150.715,-22.339],[150.714,-22.338],[150.715,-22.338]]],[[[150.464,-22.34],[150.463,-22.339],[150.465,-22.334],[150.464,-22.34]]],[[[150.657,-22.33],[150.663,-22.335],[150.661,-22.34],[150.657,-22.33]]],[[[150.628,-22.327],[150.628,-22.328],[150.627,-22.327],[150.628,-22.327]]],[[[150.314,-22.328],[150.312,-22.327],[150.313,-22.327],[150.314,-22.328]]],[[[150.45,-22.324],[150.449,-22.323],[150.45,-22.323],[150.45,-22.324]]],[[[150.205,-22.323],[150.203,-22.317],[150.208,-22.319],[150.205,-22.323]]],[[[150.447,-22.314],[150.45,-22.321],[150.443,-22.314],[150.447,-22.314]]],[[[149.919,-22.311],[149.915,-22.312],[149.918,-22.31],[149.919,-22.311]]],[[[150.24,-22.31],[150.239,-22.31],[150.24,-22.309],[150.24,-22.31]]],[[[150.303,-22.308],[150.303,-22.309],[150.302,-22.308],[150.303,-22.308]]],[[[150.229,-22.309],[150.228,-22.306],[150.23,-22.308],[150.229,-22.309]]],[[[150.455,-22.309],[150.455,-22.311],[150.45,-22.306],[150.455,-22.309]]],[[[149.919,-22.308],[149.916,-22.309],[149.915,-22.303],[149.919,-22.308]]],[[[150.23,-22.287],[150.228,-22.287],[150.228,-22.285],[150.23,-22.287]]],[[[150.542,-22.267],[150.539,-22.267],[150.539,-22.265],[150.542,-22.267]]],[[[149.89,-22.268],[149.887,-22.266],[149.892,-22.264],[149.89,-22.268]]],[[[149.93,-22.259],[149.929,-22.26],[149.929,-22.256],[149.93,-22.259]]],[[[149.883,-22.255],[149.894,-22.254],[149.894,-22.262],[149.883,-22.255]]],[[[150.427,-22.249],[150.425,-22.249],[150.426,-22.249],[150.427,-22.249]]],[[[150.289,-22.236],[150.288,-22.236],[150.289,-22.236],[150.289,-22.236]]],[[[149.901,-22.236],[149.895,-22.244],[149.889,-22.238],[149.901,-22.236]]],[[[149.89,-22.253],[149.877,-22.251],[149.877,-22.235],[149.89,-22.253]]],[[[150.323,-22.236],[150.32,-22.245],[150.298,-22.244],[150.323,-22.236]]],[[[150.335,-22.23],[150.335,-22.231],[150.334,-22.23],[150.335,-22.23]]],[[[149.876,-22.231],[149.869,-22.23],[149.871,-22.229],[149.876,-22.231]]],[[[149.9,-22.26],[149.913,-22.227],[149.913,-22.25],[149.9,-22.26]]],[[[150.334,-22.227],[150.333,-22.226],[150.334,-22.226],[150.334,-22.227]]],[[[150.332,-22.226],[150.332,-22.228],[150.331,-22.228],[150.332,-22.226]]],[[[149.941,-22.23],[149.939,-22.227],[149.941,-22.225],[149.941,-22.23]]],[[[150.272,-22.231],[150.261,-22.227],[150.269,-22.225],[150.272,-22.231]]],[[[150.464,-22.228],[150.463,-22.259],[150.431,-22.272],[150.422,-22.299],[150.416,-22.28],[150.443,-22.255],[150.431,-22.252],[150.44,-22.233],[150.464,-22.228]]],[[[150.371,-22.216],[150.37,-22.216],[150.37,-22.215],[150.371,-22.216]]],[[[149.939,-22.224],[149.937,-22.218],[149.941,-22.213],[149.939,-22.224]]],[[[150.495,-22.212],[150.52,-22.225],[150.535,-22.275],[150.561,-22.295],[150.544,-22.299],[150.543,-22.321],[150.528,-22.317],[150.523,-22.333],[150.486,-22.35],[150.476,-22.335],[150.49,-22.325],[150.478,-22.321],[150.5,-22.303],[150.486,-22.311],[150.459,-22.297],[150.483,-22.279],[150.475,-22.261],[150.501,-22.27],[150.478,-22.255],[150.492,-22.255],[150.496,-22.235],[150.47,-22.222],[150.48,-22.206],[150.495,-22.212]]],[[[150.473,-22.206],[150.473,-22.206],[150.474,-22.206],[150.473,-22.206]]],[[[150.44,-22.206],[150.438,-22.205],[150.44,-22.205],[150.44,-22.206]]],[[[150.374,-22.207],[150.373,-22.207],[150.372,-22.205],[150.374,-22.207]]],[[[149.875,-22.204],[149.875,-22.209],[149.871,-22.206],[149.875,-22.204]]],[[[149.934,-22.205],[149.932,-22.204],[149.933,-22.201],[149.934,-22.205]]],[[[150.359,-22.193],[150.362,-22.195],[150.359,-22.195],[150.359,-22.193]]],[[[150.36,-22.19],[150.359,-22.19],[150.359,-22.187],[150.36,-22.19]]],[[[150.094,-22.186],[150.094,-22.187],[150.093,-22.186],[150.094,-22.186]]],[[[150.09,-22.177],[150.09,-22.178],[150.089,-22.177],[150.09,-22.177]]],[[[149.922,-22.2],[149.927,-22.175],[149.932,-22.187],[149.922,-22.2]]],[[[149.935,-22.166],[149.931,-22.164],[149.93,-22.156],[149.935,-22.166]]],[[[149.851,-22.149],[149.85,-22.146],[149.853,-22.146],[149.851,-22.149]]],[[[149.87,-22.144],[149.869,-22.148],[149.862,-22.146],[149.87,-22.144]]],[[[149.597,-22.143],[149.594,-22.142],[149.596,-22.142],[149.597,-22.143]]],[[[149.939,-22.141],[149.936,-22.14],[149.942,-22.134],[149.939,-22.141]]],[[[150.059,-22.132],[150.058,-22.131],[150.059,-22.131],[150.059,-22.132]]],[[[150.052,-22.131],[150.051,-22.131],[150.051,-22.13],[150.052,-22.131]]],[[[149.589,-22.139],[149.573,-22.125],[149.577,-22.119],[149.589,-22.139]]],[[[150.014,-22.106],[150.039,-22.113],[150.014,-22.11],[150.021,-22.127],[149.943,-22.171],[149.937,-22.145],[150.014,-22.106]]],[[[150.67,-22.083],[150.677,-22.09],[150.674,-22.095],[150.67,-22.083]]],[[[149.915,-22.059],[149.912,-22.059],[149.914,-22.057],[149.915,-22.059]]],[[[149.99,-22.059],[149.986,-22.056],[149.988,-22.053],[149.99,-22.059]]],[[[149.911,-22.098],[149.93,-22.137],[149.919,-22.205],[149.891,-22.235],[149.866,-22.222],[149.879,-22.204],[149.863,-22.159],[149.882,-22.068],[149.909,-22.054],[149.911,-22.098]]],[[[149.616,-22.055],[149.614,-22.055],[149.613,-22.051],[149.616,-22.055]]],[[[150.098,-22.046],[150.098,-22.047],[150.097,-22.046],[150.098,-22.046]]],[[[149.974,-22.037],[149.969,-22.037],[149.974,-22.034],[149.974,-22.037]]],[[[149.844,-22.034],[149.84,-22.034],[149.844,-22.033],[149.844,-22.034]]],[[[150.45,-22.04],[150.448,-22.035],[150.451,-22.032],[150.45,-22.04]]],[[[150.098,-22.032],[150.098,-22.031],[150.099,-22.031],[150.098,-22.032]]],[[[150.101,-22.029],[150.101,-22.028],[150.101,-22.028],[150.101,-22.029]]],[[[150.649,-22.028],[150.648,-22.028],[150.648,-22.026],[150.649,-22.028]]],[[[149.832,-22.026],[149.828,-22.024],[149.83,-22.024],[149.832,-22.026]]],[[[150.299,-22.023],[150.294,-22.027],[150.29,-22.024],[150.299,-22.023]]],[[[149.825,-22.017],[149.824,-22.016],[149.824,-22.014],[149.825,-22.017]]],[[[150.368,-22.012],[150.371,-22.025],[150.359,-22.014],[150.368,-22.012]]],[[[150.164,-22.012],[150.163,-22.013],[150.163,-22.011],[150.164,-22.012]]],[[[150.388,-22.016],[150.384,-22.015],[150.382,-22.01],[150.388,-22.016]]],[[[150.379,-22.008],[150.375,-22.009],[150.378,-22.006],[150.379,-22.008]]],[[[150.646,-22.008],[150.642,-22.008],[150.646,-22.002],[150.646,-22.008]]],[[[150.378,-21.999],[150.384,-22.003],[150.379,-22.003],[150.378,-21.999]]],[[[149.894,-21.996],[149.892,-21.996],[149.894,-21.995],[149.894,-21.996]]],[[[150.143,-21.994],[150.142,-21.993],[150.143,-21.993],[150.143,-21.994]]],[[[149.879,-21.992],[149.862,-22.013],[149.844,-22.004],[149.879,-21.992]]],[[[150.671,-21.993],[150.668,-21.991],[150.667,-21.989],[150.671,-21.993]]],[[[150.138,-21.999],[150.125,-22.001],[150.128,-21.988],[150.138,-21.999]]],[[[149.67,-21.986],[149.668,-21.985],[149.668,-21.984],[149.67,-21.986]]],[[[149.66,-21.987],[149.657,-21.985],[149.659,-21.985],[149.66,-21.987]]],[[[150.155,-21.985],[150.153,-21.984],[150.154,-21.983],[150.155,-21.985]]],[[[150.189,-21.983],[150.188,-21.983],[150.189,-21.982],[150.189,-21.983]]],[[[150.143,-21.983],[150.142,-21.983],[150.143,-21.982],[150.143,-21.983]]],[[[149.806,-21.982],[149.82,-21.996],[149.807,-21.989],[149.806,-21.982]]],[[[150.587,-21.983],[150.586,-21.981],[150.588,-21.981],[150.587,-21.983]]],[[[149.878,-21.982],[149.878,-21.979],[149.879,-21.98],[149.878,-21.982]]],[[[150.195,-21.979],[150.194,-21.978],[150.195,-21.978],[150.195,-21.979]]],[[[150.382,-21.973],[150.38,-21.971],[150.383,-21.972],[150.382,-21.973]]],[[[150.18,-21.97],[150.169,-22.004],[150.152,-21.971],[150.18,-21.97]]],[[[149.895,-21.971],[149.893,-21.97],[149.895,-21.97],[149.895,-21.971]]],[[[150.157,-21.971],[150.154,-21.969],[150.156,-21.969],[150.157,-21.971]]],[[[149.583,-21.974],[149.559,-21.988],[149.577,-21.968],[149.583,-21.974]]],[[[149.665,-21.981],[149.655,-21.966],[149.664,-21.971],[149.665,-21.981]]],[[[150.199,-21.967],[150.198,-21.966],[150.199,-21.965],[150.199,-21.967]]],[[[149.653,-21.959],[149.652,-21.958],[149.653,-21.958],[149.653,-21.959]]],[[[150.147,-21.959],[150.143,-21.98],[150.14,-21.958],[150.147,-21.959]]],[[[149.66,-21.959],[149.659,-21.957],[149.66,-21.958],[149.66,-21.959]]],[[[149.599,-21.959],[149.598,-21.957],[149.599,-21.957],[149.599,-21.959]]],[[[149.578,-21.958],[149.577,-21.957],[149.578,-21.956],[149.578,-21.958]]],[[[150.134,-21.956],[150.133,-21.954],[150.134,-21.954],[150.134,-21.956]]],[[[149.659,-21.954],[149.659,-21.955],[149.658,-21.954],[149.659,-21.954]]],[[[150.703,-21.953],[150.701,-21.951],[150.703,-21.951],[150.703,-21.953]]],[[[149.66,-21.951],[149.66,-21.95],[149.662,-21.95],[149.66,-21.951]]],[[[150.128,-21.952],[150.125,-21.95],[150.127,-21.949],[150.128,-21.952]]],[[[150.121,-21.949],[150.118,-21.947],[150.12,-21.947],[150.121,-21.949]]],[[[150.69,-21.949],[150.69,-21.967],[150.677,-21.965],[150.69,-21.949]]],[[[149.66,-21.947],[149.659,-21.946],[149.66,-21.945],[149.66,-21.947]]],[[[150.692,-21.942],[150.691,-21.941],[150.692,-21.94],[150.692,-21.942]]],[[[150.099,-21.939],[150.099,-21.94],[150.099,-21.94],[150.099,-21.939]]],[[[150.692,-21.939],[150.691,-21.939],[150.692,-21.938],[150.692,-21.939]]],[[[150.129,-21.938],[150.125,-21.942],[150.12,-21.939],[150.129,-21.938]]],[[[149.651,-21.934],[149.642,-21.931],[149.652,-21.925],[149.651,-21.934]]],[[[150.222,-21.92],[150.221,-21.92],[150.221,-21.918],[150.222,-21.92]]],[[[150.115,-21.928],[150.108,-21.922],[150.119,-21.915],[150.115,-21.928]]],[[[149.8,-21.852],[149.797,-21.85],[149.798,-21.842],[149.8,-21.852]]],[[[149.805,-21.84],[149.805,-21.838],[149.807,-21.839],[149.805,-21.84]]],[[[149.801,-21.828],[149.794,-21.84],[149.793,-21.831],[149.801,-21.828]]],[[[149.825,-21.836],[149.822,-21.836],[149.819,-21.824],[149.825,-21.836]]],[[[149.8,-21.826],[149.799,-21.826],[149.799,-21.824],[149.8,-21.826]]],[[[149.498,-21.821],[149.49,-21.836],[149.469,-21.822],[149.498,-21.821]]],[[[149.79,-21.818],[149.787,-21.817],[149.785,-21.814],[149.79,-21.818]]],[[[150.435,-21.77],[150.438,-21.773],[150.432,-21.772],[150.435,-21.77]]],[[[150.442,-21.766],[150.442,-21.766],[150.441,-21.766],[150.442,-21.766]]],[[[150.44,-21.765],[150.437,-21.763],[150.441,-21.763],[150.44,-21.765]]],[[[150.43,-21.762],[150.429,-21.761],[150.43,-21.761],[150.43,-21.762]]],[[[150.427,-21.757],[150.425,-21.756],[150.427,-21.756],[150.427,-21.757]]],[[[150.429,-21.756],[150.429,-21.757],[150.428,-21.755],[150.429,-21.756]]],[[[150.413,-21.753],[150.412,-21.752],[150.413,-21.752],[150.413,-21.753]]],[[[150.29,-21.749],[150.288,-21.747],[150.29,-21.748],[150.29,-21.749]]],[[[150.316,-21.735],[150.315,-21.734],[150.315,-21.734],[150.316,-21.735]]],[[[149.666,-21.722],[149.674,-21.728],[149.666,-21.727],[149.666,-21.722]]],[[[150.364,-21.721],[150.339,-21.77],[150.3,-21.746],[150.34,-21.741],[150.364,-21.721]]],[[[149.67,-21.718],[149.669,-21.717],[149.671,-21.716],[149.67,-21.718]]],[[[150.287,-21.684],[150.287,-21.684],[150.287,-21.684],[150.287,-21.684]]],[[[150.275,-21.684],[150.275,-21.683],[150.276,-21.683],[150.275,-21.684]]],[[[150.288,-21.683],[150.288,-21.683],[150.288,-21.682],[150.288,-21.683]]],[[[150.286,-21.68],[150.286,-21.681],[150.285,-21.68],[150.286,-21.68]]],[[[150.287,-21.679],[150.286,-21.678],[150.287,-21.678],[150.287,-21.679]]],[[[150.344,-21.676],[150.343,-21.675],[150.344,-21.675],[150.344,-21.676]]],[[[150.295,-21.673],[150.294,-21.674],[150.294,-21.673],[150.295,-21.673]]],[[[149.637,-21.676],[149.636,-21.675],[149.639,-21.673],[149.637,-21.676]]],[[[150.357,-21.673],[150.356,-21.673],[150.355,-21.673],[150.357,-21.673]]],[[[150.296,-21.673],[150.295,-21.672],[150.297,-21.671],[150.296,-21.673]]],[[[149.782,-21.675],[149.778,-21.677],[149.776,-21.671],[149.782,-21.675]]],[[[150.225,-21.657],[150.224,-21.658],[150.224,-21.657],[150.225,-21.657]]],[[[150.338,-21.656],[150.351,-21.667],[150.34,-21.674],[150.326,-21.659],[150.338,-21.656]]],[[[150.223,-21.655],[150.217,-21.657],[150.221,-21.652],[150.223,-21.655]]],[[[150.231,-21.652],[150.229,-21.652],[150.231,-21.651],[150.231,-21.652]]],[[[150.227,-21.652],[150.226,-21.649],[150.227,-21.649],[150.227,-21.652]]],[[[150.342,-21.65],[150.339,-21.654],[150.336,-21.651],[150.342,-21.65]]],[[[149.84,-21.659],[149.834,-21.662],[149.832,-21.647],[149.84,-21.659]]],[[[149.81,-21.629],[149.808,-21.628],[149.809,-21.627],[149.81,-21.629]]],[[[150.27,-21.643],[150.291,-21.644],[150.3,-21.67],[150.243,-21.675],[150.247,-21.619],[150.27,-21.643]]],[[[149.828,-21.606],[149.826,-21.606],[149.825,-21.603],[149.828,-21.606]]],[[[149.504,-21.604],[149.502,-21.604],[149.502,-21.602],[149.504,-21.604]]],[[[149.869,-21.607],[149.863,-21.605],[149.862,-21.6],[149.869,-21.607]]],[[[149.772,-21.6],[149.771,-21.601],[149.769,-21.6],[149.772,-21.6]]],[[[149.491,-21.596],[149.496,-21.604],[149.489,-21.603],[149.491,-21.596]]],[[[149.809,-21.6],[149.818,-21.608],[149.781,-21.613],[149.809,-21.6]]],[[[149.812,-21.576],[149.811,-21.575],[149.811,-21.572],[149.812,-21.576]]],[[[150.153,-21.533],[150.152,-21.532],[150.153,-21.531],[150.153,-21.533]]],[[[150.15,-21.523],[150.156,-21.527],[150.153,-21.529],[150.15,-21.523]]],[[[150.276,-21.518],[150.258,-21.528],[150.245,-21.517],[150.276,-21.518]]],[[[149.72,-21.512],[149.718,-21.509],[149.719,-21.508],[149.72,-21.512]]],[[[149.911,-21.496],[149.917,-21.507],[149.907,-21.5],[149.911,-21.496]]],[[[149.4,-21.491],[149.401,-21.488],[149.402,-21.49],[149.4,-21.491]]],[[[149.921,-21.489],[149.921,-21.494],[149.917,-21.49],[149.921,-21.489]]],[[[149.897,-21.498],[149.888,-21.499],[149.891,-21.485],[149.897,-21.498]]],[[[150.258,-21.488],[150.254,-21.487],[150.257,-21.485],[150.258,-21.488]]],[[[149.913,-21.486],[149.91,-21.486],[149.908,-21.478],[149.913,-21.486]]],[[[150.269,-21.481],[150.28,-21.486],[150.272,-21.49],[150.269,-21.481]]],[[[149.392,-21.474],[149.39,-21.474],[149.392,-21.473],[149.392,-21.474]]],[[[150.308,-21.471],[150.307,-21.471],[150.308,-21.47],[150.308,-21.471]]],[[[149.664,-21.474],[149.662,-21.474],[149.662,-21.47],[149.664,-21.474]]],[[[150.31,-21.469],[150.309,-21.47],[150.31,-21.467],[150.31,-21.469]]],[[[149.883,-21.467],[149.879,-21.468],[149.878,-21.464],[149.883,-21.467]]],[[[149.875,-21.461],[149.87,-21.456],[149.87,-21.454],[149.875,-21.461]]],[[[149.462,-21.457],[149.457,-21.455],[149.46,-21.452],[149.462,-21.457]]],[[[149.85,-21.443],[149.854,-21.448],[149.84,-21.443],[149.85,-21.443]]],[[[149.712,-21.439],[149.718,-21.459],[149.708,-21.448],[149.712,-21.439]]],[[[149.821,-21.435],[149.819,-21.434],[149.82,-21.434],[149.821,-21.435]]],[[[149.495,-21.422],[149.494,-21.422],[149.494,-21.422],[149.495,-21.422]]],[[[149.829,-21.372],[149.837,-21.384],[149.822,-21.372],[149.829,-21.372]]],[[[149.66,-21.37],[149.658,-21.373],[149.656,-21.372],[149.66,-21.37]]],[[[149.826,-21.369],[149.826,-21.366],[149.827,-21.367],[149.826,-21.369]]],[[[149.323,-21.324],[149.322,-21.324],[149.322,-21.322],[149.323,-21.324]]],[[[149.675,-21.308],[149.694,-21.313],[149.694,-21.329],[149.675,-21.308]]],[[[149.304,-21.293],[149.303,-21.293],[149.303,-21.292],[149.304,-21.293]]],[[[149.268,-21.175],[149.263,-21.174],[149.266,-21.17],[149.268,-21.175]]],[[[149.247,-21.163],[149.24,-21.161],[149.247,-21.157],[149.247,-21.163]]],[[[149.935,-21.104],[149.932,-21.102],[149.936,-21.102],[149.935,-21.104]]],[[[149.245,-21.096],[149.245,-21.097],[149.244,-21.096],[149.245,-21.096]]],[[[149.548,-21.031],[149.545,-21.03],[149.546,-21.028],[149.548,-21.031]]],[[[149.904,-21.003],[149.911,-21.019],[149.898,-21.021],[149.904,-21.003]]],[[[149.783,-20.985],[149.79,-20.989],[149.772,-20.985],[149.783,-20.985]]],[[[149.15,-20.983],[149.149,-20.976],[149.152,-20.977],[149.15,-20.983]]],[[[149.734,-20.948],[149.733,-20.947],[149.734,-20.945],[149.734,-20.948]]],[[[149.476,-20.93],[149.474,-20.93],[149.475,-20.927],[149.476,-20.93]]],[[[149.468,-20.937],[149.464,-20.926],[149.47,-20.929],[149.468,-20.937]]],[[[149.061,-20.923],[149.059,-20.923],[149.059,-20.92],[149.061,-20.923]]],[[[149.442,-20.907],[149.459,-20.921],[149.426,-20.946],[149.425,-20.908],[149.442,-20.907]]],[[[149.415,-20.902],[149.419,-20.928],[149.385,-20.91],[149.415,-20.902]]],[[[148.96,-20.872],[148.958,-20.872],[148.961,-20.869],[148.96,-20.872]]],[[[148.96,-20.868],[148.959,-20.867],[148.96,-20.867],[148.96,-20.868]]],[[[148.9,-20.867],[148.899,-20.865],[148.903,-20.865],[148.9,-20.867]]],[[[148.943,-20.864],[148.944,-20.861],[148.944,-20.862],[148.943,-20.864]]],[[[148.94,-20.862],[148.939,-20.862],[148.939,-20.861],[148.94,-20.862]]],[[[148.931,-20.862],[148.924,-20.86],[148.93,-20.859],[148.931,-20.862]]],[[[148.938,-20.86],[148.938,-20.859],[148.939,-20.859],[148.938,-20.86]]],[[[148.924,-20.856],[148.918,-20.847],[148.928,-20.852],[148.924,-20.856]]],[[[149.626,-20.867],[149.617,-20.884],[149.578,-20.869],[149.606,-20.865],[149.603,-20.846],[149.626,-20.867]]],[[[148.934,-20.854],[148.932,-20.844],[148.938,-20.852],[148.934,-20.854]]],[[[148.902,-20.83],[148.915,-20.854],[148.893,-20.848],[148.892,-20.829],[148.902,-20.83]]],[[[148.841,-20.823],[148.84,-20.823],[148.842,-20.823],[148.841,-20.823]]],[[[148.873,-20.804],[148.873,-20.805],[148.871,-20.805],[148.873,-20.804]]],[[[149.277,-20.798],[149.286,-20.821],[149.28,-20.81],[149.265,-20.823],[149.268,-20.81],[149.249,-20.806],[149.277,-20.798]]],[[[148.879,-20.797],[148.879,-20.798],[148.877,-20.797],[148.879,-20.797]]],[[[148.858,-20.796],[148.854,-20.794],[148.859,-20.795],[148.858,-20.796]]],[[[149.267,-20.792],[149.267,-20.793],[149.267,-20.792],[149.267,-20.792]]],[[[148.846,-20.792],[148.846,-20.792],[148.844,-20.792],[148.846,-20.792]]],[[[148.85,-20.788],[148.848,-20.786],[148.851,-20.786],[148.85,-20.788]]],[[[148.856,-20.783],[148.855,-20.783],[148.855,-20.782],[148.856,-20.783]]],[[[149.296,-20.788],[149.3,-20.8],[149.283,-20.798],[149.273,-20.779],[149.285,-20.772],[149.296,-20.788]]],[[[149.407,-20.768],[149.401,-20.779],[149.39,-20.774],[149.407,-20.768]]],[[[149.623,-20.768],[149.626,-20.773],[149.614,-20.779],[149.623,-20.768]]],[[[149.27,-20.757],[149.269,-20.757],[149.27,-20.755],[149.27,-20.757]]],[[[149.163,-20.754],[149.159,-20.749],[149.163,-20.75],[149.163,-20.754]]],[[[149.233,-20.732],[149.231,-20.732],[149.231,-20.731],[149.233,-20.732]]],[[[149.484,-20.743],[149.472,-20.747],[149.466,-20.727],[149.484,-20.743]]],[[[149.139,-20.715],[149.137,-20.712],[149.141,-20.709],[149.139,-20.715]]],[[[149.209,-20.701],[149.207,-20.699],[149.208,-20.699],[149.209,-20.701]]],[[[149.144,-20.703],[149.139,-20.703],[149.142,-20.699],[149.144,-20.703]]],[[[148.762,-20.688],[148.766,-20.692],[148.76,-20.689],[148.762,-20.688]]],[[[149.204,-20.691],[149.204,-20.699],[149.197,-20.69],[149.204,-20.691]]],[[[149.097,-20.68],[149.097,-20.681],[149.097,-20.681],[149.097,-20.68]]],[[[149.14,-20.677],[149.138,-20.676],[149.14,-20.673],[149.14,-20.677]]],[[[148.759,-20.673],[148.758,-20.673],[148.758,-20.672],[148.759,-20.673]]],[[[149.182,-20.666],[149.194,-20.672],[149.189,-20.689],[149.173,-20.672],[149.182,-20.666]]],[[[149.158,-20.664],[149.167,-20.683],[149.156,-20.674],[149.139,-20.695],[149.158,-20.664]]],[[[148.944,-20.661],[148.943,-20.661],[148.943,-20.661],[148.944,-20.661]]],[[[149.071,-20.662],[149.07,-20.662],[149.07,-20.661],[149.071,-20.662]]],[[[149.154,-20.653],[149.151,-20.65],[149.153,-20.649],[149.154,-20.653]]],[[[149.063,-20.651],[149.057,-20.648],[149.054,-20.637],[149.063,-20.651]]],[[[149.073,-20.625],[149.072,-20.625],[149.072,-20.624],[149.073,-20.625]]],[[[149.063,-20.625],[149.089,-20.661],[149.057,-20.629],[149.063,-20.625]]],[[[149.066,-20.615],[149.062,-20.612],[149.066,-20.614],[149.066,-20.615]]],[[[148.873,-20.616],[148.865,-20.619],[148.864,-20.607],[148.873,-20.616]]],[[[149.187,-20.6],[149.185,-20.599],[149.185,-20.599],[149.187,-20.6]]],[[[148.881,-20.593],[148.881,-20.606],[148.876,-20.599],[148.881,-20.593]]],[[[149.11,-20.582],[149.113,-20.592],[149.109,-20.589],[149.11,-20.582]]],[[[148.863,-20.58],[148.863,-20.584],[148.859,-20.58],[148.863,-20.58]]],[[[149.127,-20.548],[149.126,-20.547],[149.127,-20.546],[149.127,-20.548]]],[[[149.122,-20.541],[149.115,-20.553],[149.096,-20.547],[149.122,-20.541]]],[[[149.088,-20.534],[149.086,-20.535],[149.088,-20.53],[149.088,-20.534]]],[[[149.084,-20.52],[149.09,-20.524],[149.081,-20.526],[149.084,-20.52]]],[[[149.09,-20.507],[149.088,-20.506],[149.09,-20.506],[149.09,-20.507]]],[[[148.822,-20.505],[148.817,-20.503],[148.821,-20.504],[148.822,-20.505]]],[[[149.113,-20.492],[149.11,-20.491],[149.11,-20.486],[149.113,-20.492]]],[[[149.035,-20.473],[149.033,-20.468],[149.037,-20.466],[149.035,-20.473]]],[[[149.126,-20.467],[149.133,-20.467],[149.132,-20.482],[149.126,-20.467]]],[[[149.109,-20.463],[149.103,-20.464],[149.107,-20.46],[149.109,-20.463]]],[[[149.08,-20.444],[149.104,-20.482],[149.082,-20.484],[149.067,-20.526],[149.047,-20.524],[149.037,-20.503],[149.065,-20.502],[149.08,-20.444]]],[[[149.103,-20.438],[149.101,-20.436],[149.102,-20.432],[149.103,-20.438]]],[[[149.04,-20.438],[149.065,-20.453],[149.034,-20.46],[149.024,-20.441],[149.04,-20.438]]],[[[148.85,-20.427],[148.849,-20.427],[148.85,-20.426],[148.85,-20.427]]],[[[148.846,-20.423],[148.847,-20.425],[148.842,-20.423],[148.846,-20.423]]],[[[149.007,-20.424],[149.008,-20.427],[149.004,-20.425],[149.007,-20.424]]],[[[149.029,-20.423],[149.037,-20.426],[149.028,-20.426],[149.029,-20.423]]],[[[149.017,-20.42],[149.016,-20.42],[149.016,-20.419],[149.017,-20.42]]],[[[149.091,-20.426],[149.083,-20.433],[149.085,-20.421],[149.091,-20.426]]],[[[149.035,-20.403],[149.024,-20.401],[149.026,-20.393],[149.035,-20.403]]],[[[148.884,-20.369],[148.889,-20.37],[148.896,-20.385],[148.884,-20.369]]],[[[148.997,-20.36],[148.998,-20.355],[149,-20.355],[148.997,-20.36]]],[[[148.996,-20.353],[148.989,-20.357],[148.991,-20.35],[148.996,-20.353]]],[[[149.124,-20.357],[149.116,-20.353],[149.12,-20.343],[149.124,-20.357]]],[[[148.933,-20.34],[148.94,-20.381],[148.928,-20.369],[148.933,-20.34]]],[[[148.95,-20.332],[148.982,-20.348],[148.953,-20.377],[148.95,-20.332]]],[[[148.962,-20.331],[148.959,-20.332],[148.961,-20.33],[148.962,-20.331]]],[[[148.855,-20.335],[148.869,-20.396],[148.847,-20.361],[148.848,-20.32],[148.855,-20.335]]],[[[148.924,-20.311],[148.929,-20.314],[148.928,-20.326],[148.924,-20.311]]],[[[149.096,-20.307],[149.094,-20.306],[149.095,-20.303],[149.096,-20.307]]],[[[148.81,-20.303],[148.81,-20.302],[148.81,-20.302],[148.81,-20.303]]],[[[149.069,-20.302],[149.075,-20.304],[149.07,-20.309],[149.069,-20.302]]],[[[148.798,-20.298],[148.796,-20.301],[148.793,-20.299],[148.798,-20.298]]],[[[148.791,-20.297],[148.79,-20.294],[148.792,-20.295],[148.791,-20.297]]],[[[148.803,-20.3],[148.799,-20.293],[148.8,-20.291],[148.803,-20.3]]],[[[148.796,-20.289],[148.795,-20.288],[148.796,-20.287],[148.796,-20.289]]],[[[148.85,-20.282],[148.851,-20.285],[148.849,-20.282],[148.85,-20.282]]],[[[148.845,-20.28],[148.843,-20.278],[148.845,-20.278],[148.845,-20.28]]],[[[149.116,-20.279],[149.113,-20.275],[149.116,-20.273],[149.116,-20.279]]],[[[149.112,-20.274],[149.111,-20.288],[149.103,-20.268],[149.112,-20.274]]],[[[149.125,-20.272],[149.119,-20.272],[149.123,-20.265],[149.125,-20.272]]],[[[148.696,-20.267],[148.695,-20.265],[148.696,-20.265],[148.696,-20.267]]],[[[148.853,-20.265],[148.853,-20.27],[148.851,-20.265],[148.853,-20.265]]],[[[148.838,-20.262],[148.85,-20.257],[148.847,-20.271],[148.827,-20.285],[148.83,-20.257],[148.838,-20.262]]],[[[148.92,-20.253],[148.921,-20.271],[148.909,-20.274],[148.92,-20.253]]],[[[148.814,-20.251],[148.816,-20.252],[148.814,-20.261],[148.814,-20.251]]],[[[149.104,-20.254],[149.093,-20.301],[149.075,-20.301],[149.076,-20.27],[149.104,-20.254]]],[[[148.832,-20.252],[148.829,-20.249],[148.83,-20.245],[148.832,-20.252]]],[[[149.174,-20.246],[149.178,-20.251],[149.172,-20.25],[149.174,-20.246]]],[[[149.155,-20.243],[149.153,-20.236],[149.157,-20.237],[149.155,-20.243]]],[[[149.162,-20.236],[149.16,-20.236],[149.16,-20.234],[149.162,-20.236]]],[[[149.143,-20.234],[149.142,-20.234],[149.143,-20.231],[149.143,-20.234]]],[[[149.042,-20.233],[149.04,-20.231],[149.045,-20.231],[149.042,-20.233]]],[[[149.143,-20.227],[149.142,-20.226],[149.142,-20.226],[149.143,-20.227]]],[[[148.83,-20.24],[148.81,-20.214],[148.825,-20.225],[148.83,-20.24]]],[[[149.116,-20.197],[149.115,-20.196],[149.116,-20.196],[149.116,-20.197]]],[[[149.008,-20.175],[149.005,-20.174],[149.01,-20.172],[149.008,-20.175]]],[[[149.075,-20.161],[149.071,-20.157],[149.073,-20.156],[149.075,-20.161]]],[[[148.978,-20.17],[148.976,-20.205],[148.998,-20.21],[148.992,-20.25],[149.026,-20.235],[149.015,-20.27],[149.025,-20.255],[149.063,-20.294],[149.047,-20.31],[149.033,-20.3],[149.022,-20.321],[148.99,-20.301],[148.987,-20.323],[148.963,-20.329],[148.962,-20.304],[148.95,-20.303],[148.975,-20.269],[148.938,-20.307],[148.913,-20.282],[148.962,-20.245],[148.958,-20.228],[148.938,-20.24],[148.96,-20.187],[148.956,-20.158],[148.978,-20.17]]],[[[149.042,-20.158],[149.039,-20.183],[149.021,-20.161],[149.042,-20.158]]],[[[148.58,-20.146],[148.581,-20.144],[148.581,-20.144],[148.58,-20.146]]],[[[148.612,-20.146],[148.6,-20.152],[148.607,-20.138],[148.612,-20.146]]],[[[148.71,-20.108],[148.708,-20.109],[148.709,-20.105],[148.71,-20.108]]],[[[148.317,-20.104],[148.31,-20.103],[148.315,-20.1],[148.317,-20.104]]],[[[148.725,-20.102],[148.716,-20.104],[148.717,-20.1],[148.725,-20.102]]],[[[148.573,-20.095],[148.575,-20.104],[148.57,-20.104],[148.573,-20.095]]],[[[148.613,-20.095],[148.61,-20.099],[148.603,-20.098],[148.613,-20.095]]],[[[148.653,-20.106],[148.646,-20.1],[148.654,-20.092],[148.653,-20.106]]],[[[148.893,-20.084],[148.891,-20.084],[148.892,-20.082],[148.893,-20.084]]],[[[148.299,-20.082],[148.297,-20.082],[148.298,-20.08],[148.299,-20.082]]],[[[148.873,-20.08],[148.871,-20.079],[148.874,-20.079],[148.873,-20.08]]],[[[148.442,-20.063],[148.44,-20.063],[148.44,-20.062],[148.442,-20.063]]],[[[148.96,-20.062],[148.968,-20.071],[148.949,-20.083],[148.957,-20.106],[148.937,-20.102],[148.951,-20.157],[148.932,-20.178],[148.93,-20.133],[148.915,-20.174],[148.902,-20.166],[148.916,-20.123],[148.888,-20.169],[148.884,-20.123],[148.912,-20.1],[148.907,-20.071],[148.923,-20.062],[148.926,-20.082],[148.96,-20.062]]],[[[148.874,-20.06],[148.873,-20.06],[148.873,-20.059],[148.874,-20.06]]],[[[148.545,-20.063],[148.536,-20.065],[148.542,-20.057],[148.545,-20.063]]],[[[148.888,-20.043],[148.895,-20.063],[148.879,-20.057],[148.888,-20.043]]],[[[148.285,-20.034],[148.295,-20.033],[148.285,-20.026],[148.285,-20.034]]],[[[148.627,-20.019],[148.625,-20.014],[148.627,-20.015],[148.627,-20.019]]],[[[119.689,-20],[119.69,-19.999],[119.69,-19.999],[119.689,-20]]],[[[119.703,-20],[119.703,-20],[119.702,-19.999],[119.703,-20]]],[[[119.392,-20],[119.391,-20],[119.389,-19.999],[119.392,-20]]],[[[119.426,-19.999],[119.427,-20],[119.425,-19.999],[119.426,-19.999]]],[[[119.693,-19.998],[119.692,-19.999],[119.692,-19.998],[119.693,-19.998]]],[[[119.083,-20],[119.084,-19.998],[119.086,-19.997],[119.083,-20]]],[[[119.381,-19.995],[119.381,-19.996],[119.381,-19.995],[119.381,-19.995]]],[[[119.702,-19.995],[119.702,-19.997],[119.701,-19.995],[119.702,-19.995]]],[[[119.416,-19.994],[119.424,-19.998],[119.411,-19.996],[119.416,-19.994]]],[[[119.706,-19.995],[119.705,-19.994],[119.709,-19.993],[119.706,-19.995]]],[[[119.376,-19.993],[119.377,-19.994],[119.371,-19.992],[119.376,-19.993]]],[[[119.169,-19.991],[119.169,-19.994],[119.168,-19.992],[119.169,-19.991]]],[[[119.091,-19.991],[119.092,-19.991],[119.087,-19.996],[119.091,-19.991]]],[[[148.555,-19.997],[148.554,-19.995],[148.56,-19.989],[148.555,-19.997]]],[[[119.091,-19.989],[119.092,-19.99],[119.09,-19.989],[119.091,-19.989]]],[[[119.33,-19.988],[119.323,-19.99],[119.324,-19.988],[119.33,-19.988]]],[[[119.342,-19.986],[119.33,-19.988],[119.334,-19.987],[119.342,-19.986]]],[[[148.367,-19.982],[148.369,-19.985],[148.361,-19.985],[148.367,-19.982]]],[[[119.089,-19.983],[119.088,-19.982],[119.088,-19.981],[119.089,-19.983]]],[[[119.317,-19.987],[119.321,-19.99],[119.276,-19.977],[119.317,-19.987]]],[[[148.467,-19.995],[148.476,-20.047],[148.457,-20.052],[148.438,-20.021],[148.44,-19.984],[148.454,-19.972],[148.467,-19.995]]],[[[119.272,-19.976],[119.257,-19.972],[119.275,-19.975],[119.272,-19.976]]],[[[119.169,-19.99],[119.168,-19.977],[119.172,-19.965],[119.169,-19.99]]],[[[119.25,-19.968],[119.252,-19.969],[119.244,-19.965],[119.25,-19.968]]],[[[119.156,-19.996],[119.122,-19.964],[119.148,-19.979],[119.156,-19.996]]],[[[119.088,-19.98],[119.088,-19.97],[119.099,-19.959],[119.088,-19.98]]],[[[119.119,-19.962],[119.103,-19.959],[119.107,-19.959],[119.119,-19.962]]],[[[119.179,-19.955],[119.173,-19.962],[119.172,-19.957],[119.179,-19.955]]],[[[119.202,-19.951],[119.227,-19.956],[119.239,-19.962],[119.202,-19.951]]],[[[119.193,-19.951],[119.197,-19.952],[119.181,-19.953],[119.193,-19.951]]],[[[118.901,-19.894],[118.893,-19.888],[118.897,-19.885],[118.901,-19.894]]],[[[147.904,-19.848],[147.903,-19.852],[147.898,-19.853],[147.904,-19.848]]],[[[148.363,-19.728],[148.356,-19.728],[148.358,-19.724],[148.363,-19.728]]],[[[119.101,-19.592],[119.097,-19.587],[119.098,-19.584],[119.101,-19.592]]],[[[147.37,-19.35],[147.369,-19.351],[147.374,-19.34],[147.37,-19.35]]],[[[147.05,-19.275],[147.047,-19.275],[147.048,-19.274],[147.05,-19.275]]],[[[147.064,-19.273],[147.063,-19.273],[147.062,-19.272],[147.064,-19.273]]],[[[147.061,-19.27],[147.061,-19.27],[147.061,-19.27],[147.061,-19.27]]],[[[147.072,-19.257],[147.073,-19.258],[147.071,-19.258],[147.072,-19.257]]],[[[147.062,-19.246],[147.061,-19.246],[147.062,-19.246],[147.062,-19.246]]],[[[147.063,-19.246],[147.064,-19.246],[147.063,-19.248],[147.063,-19.246]]],[[[146.863,-19.103],[146.884,-19.127],[146.846,-19.182],[146.779,-19.129],[146.832,-19.105],[146.86,-19.118],[146.863,-19.103]]],[[[146.615,-19.026],[146.616,-19.037],[146.598,-19.035],[146.615,-19.026]]],[[[146.634,-19.022],[146.643,-19.032],[146.629,-19.033],[146.634,-19.022]]],[[[146.643,-18.963],[146.632,-18.963],[146.641,-18.961],[146.643,-18.963]]],[[[146.536,-18.832],[146.55,-18.839],[146.55,-18.849],[146.536,-18.832]]],[[[146.528,-18.829],[146.524,-18.827],[146.527,-18.827],[146.528,-18.829]]],[[[121.646,-18.815],[121.645,-18.814],[121.647,-18.812],[121.646,-18.815]]],[[[121.65,-18.811],[121.649,-18.811],[121.649,-18.811],[121.65,-18.811]]],[[[146.537,-18.777],[146.548,-18.789],[146.542,-18.788],[146.537,-18.777]]],[[[146.668,-18.775],[146.668,-18.778],[146.665,-18.778],[146.668,-18.775]]],[[[146.551,-18.769],[146.554,-18.77],[146.554,-18.774],[146.551,-18.769]]],[[[146.521,-18.774],[146.516,-18.765],[146.521,-18.768],[146.521,-18.774]]],[[[146.531,-18.765],[146.537,-18.773],[146.531,-18.769],[146.531,-18.765]]],[[[121.695,-18.701],[121.694,-18.701],[121.695,-18.7],[121.695,-18.701]]],[[[121.733,-18.696],[121.732,-18.695],[121.734,-18.695],[121.733,-18.696]]],[[[146.575,-18.677],[146.617,-18.705],[146.642,-18.75],[146.685,-18.737],[146.694,-18.761],[146.647,-18.777],[146.61,-18.758],[146.569,-18.764],[146.589,-18.712],[146.575,-18.677]]],[[[121.774,-18.666],[121.773,-18.666],[121.774,-18.665],[121.774,-18.666]]],[[[146.511,-18.662],[146.527,-18.672],[146.52,-18.715],[146.511,-18.662]]],[[[121.79,-18.658],[121.788,-18.659],[121.79,-18.655],[121.79,-18.658]]],[[[146.557,-18.659],[146.568,-18.672],[146.556,-18.688],[146.538,-18.658],[146.557,-18.659]]],[[[121.735,-18.581],[121.732,-18.581],[121.732,-18.58],[121.735,-18.581]]],[[[146.497,-18.592],[146.507,-18.638],[146.489,-18.668],[146.5,-18.634],[146.481,-18.583],[146.484,-18.567],[146.497,-18.592]]],[[[146.497,-18.538],[146.5,-18.563],[146.488,-18.558],[146.497,-18.538]]],[[[121.799,-18.515],[121.797,-18.515],[121.799,-18.515],[121.799,-18.515]]],[[[121.806,-18.507],[121.808,-18.508],[121.805,-18.509],[121.806,-18.507]]],[[[121.812,-18.498],[121.81,-18.498],[121.812,-18.498],[121.812,-18.498]]],[[[121.815,-18.492],[121.815,-18.493],[121.815,-18.492],[121.815,-18.492]]],[[[146.219,-18.473],[146.217,-18.471],[146.218,-18.471],[146.219,-18.473]]],[[[146.208,-18.46],[146.206,-18.472],[146.19,-18.471],[146.208,-18.46]]],[[[146.189,-18.436],[146.186,-18.443],[146.171,-18.445],[146.189,-18.436]]],[[[146.183,-18.435],[146.177,-18.433],[146.182,-18.426],[146.183,-18.435]]],[[[146.177,-18.432],[146.171,-18.423],[146.179,-18.419],[146.177,-18.432]]],[[[146.174,-18.41],[146.183,-18.414],[146.173,-18.42],[146.174,-18.41]]],[[[146.194,-18.428],[146.18,-18.417],[146.178,-18.373],[146.194,-18.428]]],[[[146.162,-18.368],[146.179,-18.379],[146.179,-18.41],[146.145,-18.359],[146.162,-18.368]]],[[[146.331,-18.357],[146.327,-18.356],[146.327,-18.354],[146.331,-18.357]]],[[[146.241,-18.293],[146.226,-18.277],[146.238,-18.282],[146.241,-18.293]]],[[[122.171,-18.267],[122.17,-18.267],[122.17,-18.266],[122.171,-18.267]]],[[[122.171,-18.264],[122.171,-18.256],[122.178,-18.247],[122.171,-18.264]]],[[[122.199,-18.247],[122.199,-18.246],[122.199,-18.246],[122.199,-18.247]]],[[[122.203,-18.244],[122.202,-18.243],[122.203,-18.242],[122.203,-18.244]]],[[[146.326,-18.236],[146.325,-18.235],[146.326,-18.235],[146.326,-18.236]]],[[[146.223,-18.194],[146.251,-18.237],[146.306,-18.24],[146.276,-18.317],[146.306,-18.356],[146.331,-18.362],[146.34,-18.381],[146.324,-18.4],[146.358,-18.418],[146.329,-18.447],[146.328,-18.483],[146.305,-18.494],[146.222,-18.477],[146.191,-18.367],[146.152,-18.313],[146.101,-18.286],[146.071,-18.247],[146.127,-18.235],[146.247,-18.296],[146.216,-18.227],[146.223,-18.194]]],[[[146.145,-18.186],[146.142,-18.185],[146.145,-18.182],[146.145,-18.186]]],[[[146.306,-18.159],[146.302,-18.156],[146.306,-18.156],[146.306,-18.159]]],[[[146.189,-18.165],[146.176,-18.181],[146.152,-18.175],[146.161,-18.152],[146.189,-18.165]]],[[[146.294,-18.151],[146.289,-18.15],[146.289,-18.148],[146.294,-18.151]]],[[[146.288,-18.146],[146.288,-18.148],[146.287,-18.147],[146.288,-18.146]]],[[[146.285,-18.145],[146.277,-18.139],[146.282,-18.135],[146.285,-18.145]]],[[[146.205,-18.052],[146.201,-18.052],[146.199,-18.046],[146.205,-18.052]]],[[[146.199,-18.044],[146.196,-18.04],[146.199,-18.041],[146.199,-18.044]]],[[[146.179,-18.038],[146.181,-18.042],[146.172,-18.039],[146.179,-18.038]]],[[[146.203,-18.038],[146.198,-18.037],[146.202,-18.036],[146.203,-18.038]]],[[[146.17,-18.028],[146.164,-18.027],[146.165,-18.024],[146.17,-18.028]]],[[[146.152,-17.998],[146.155,-18.009],[146.142,-18.004],[146.152,-17.998]]],[[[146.133,-17.98],[146.138,-17.982],[146.133,-17.982],[146.133,-17.98]]],[[[146.142,-17.956],[146.139,-17.956],[146.142,-17.953],[146.142,-17.956]]],[[[146.175,-17.952],[146.173,-17.968],[146.134,-17.935],[146.152,-17.928],[146.175,-17.952]]],[[[146.136,-17.924],[146.136,-17.925],[146.136,-17.924],[146.136,-17.924]]],[[[146.153,-17.78],[146.153,-17.779],[146.154,-17.777],[146.153,-17.78]]],[[[146.16,-17.746],[146.159,-17.746],[146.16,-17.744],[146.16,-17.746]]],[[[146.159,-17.737],[146.164,-17.739],[146.157,-17.739],[146.159,-17.737]]],[[[146.181,-17.675],[146.18,-17.678],[146.177,-17.676],[146.181,-17.675]]],[[[146.171,-17.674],[146.168,-17.674],[146.167,-17.672],[146.171,-17.674]]],[[[146.175,-17.673],[146.173,-17.674],[146.173,-17.672],[146.175,-17.673]]],[[[146.169,-17.668],[146.168,-17.667],[146.169,-17.667],[146.169,-17.668]]],[[[146.16,-17.657],[146.159,-17.656],[146.156,-17.651],[146.16,-17.657]]],[[[123.59,-17.577],[123.587,-17.569],[123.592,-17.574],[123.59,-17.577]]],[[[146.046,-17.528],[146.044,-17.527],[146.048,-17.526],[146.046,-17.528]]],[[[123.523,-17.435],[123.523,-17.434],[123.523,-17.433],[123.523,-17.435]]],[[[123.505,-17.401],[123.489,-17.39],[123.482,-17.374],[123.505,-17.401]]],[[[123.587,-17.344],[123.585,-17.343],[123.586,-17.342],[123.587,-17.344]]],[[[123.516,-17.336],[123.526,-17.344],[123.524,-17.358],[123.516,-17.336]]],[[[123.412,-17.324],[123.421,-17.326],[123.416,-17.327],[123.412,-17.324]]],[[[123.457,-17.342],[123.447,-17.338],[123.444,-17.324],[123.457,-17.342]]],[[[123.409,-17.324],[123.407,-17.324],[123.407,-17.323],[123.409,-17.324]]],[[[123.398,-17.317],[123.397,-17.317],[123.397,-17.316],[123.398,-17.317]]],[[[123.424,-17.317],[123.417,-17.311],[123.423,-17.314],[123.424,-17.317]]],[[[123.535,-17.325],[123.528,-17.328],[123.528,-17.307],[123.535,-17.325]]],[[[123.547,-17.318],[123.542,-17.307],[123.548,-17.3],[123.547,-17.318]]],[[[123.424,-17.323],[123.404,-17.319],[123.4,-17.301],[123.424,-17.323]]],[[[123.544,-17.301],[123.537,-17.292],[123.545,-17.294],[123.544,-17.301]]],[[[123.54,-17.29],[123.539,-17.29],[123.538,-17.288],[123.54,-17.29]]],[[[123.428,-17.301],[123.418,-17.294],[123.417,-17.285],[123.428,-17.301]]],[[[123.55,-17.29],[123.54,-17.275],[123.544,-17.233],[123.55,-17.29]]],[[[146.094,-17.227],[146.096,-17.227],[146.095,-17.23],[146.094,-17.227]]],[[[146.095,-17.223],[146.093,-17.223],[146.094,-17.221],[146.095,-17.223]]],[[[146.079,-17.209],[146.079,-17.21],[146.078,-17.208],[146.079,-17.209]]],[[[146.078,-17.204],[146.077,-17.207],[146.075,-17.205],[146.078,-17.204]]],[[[122.258,-17.168],[122.257,-17.168],[122.256,-17.166],[122.258,-17.168]]],[[[122.28,-17.156],[122.278,-17.155],[122.278,-17.154],[122.28,-17.156]]],[[[122.317,-17.153],[122.315,-17.152],[122.317,-17.153],[122.317,-17.153]]],[[[146.01,-17.152],[146.017,-17.155],[146.012,-17.165],[146.01,-17.152]]],[[[122.302,-17.151],[122.301,-17.151],[122.301,-17.149],[122.302,-17.151]]],[[[122.307,-17.136],[122.306,-17.136],[122.307,-17.135],[122.307,-17.136]]],[[[122.313,-17.135],[122.312,-17.135],[122.312,-17.134],[122.313,-17.135]]],[[[122.304,-17.131],[122.304,-17.132],[122.303,-17.131],[122.304,-17.131]]],[[[122.301,-17.12],[122.3,-17.12],[122.301,-17.119],[122.301,-17.12]]],[[[139.555,-17.116],[139.561,-17.116],[139.549,-17.129],[139.555,-17.116]]],[[[123.317,-17.084],[123.325,-17.09],[123.313,-17.085],[123.317,-17.084]]],[[[139.379,-17.071],[139.383,-17.075],[139.365,-17.07],[139.379,-17.071]]],[[[139.63,-17.063],[139.64,-17.078],[139.604,-17.138],[139.596,-17.112],[139.615,-17.106],[139.63,-17.063]]],[[[123.683,-17.056],[123.681,-17.049],[123.685,-17.04],[123.683,-17.056]]],[[[123.683,-17.028],[123.683,-17.03],[123.682,-17.028],[123.683,-17.028]]],[[[123.682,-17.027],[123.681,-17.027],[123.681,-17.026],[123.682,-17.027]]],[[[139.381,-17.03],[139.379,-17.03],[139.383,-17.025],[139.381,-17.03]]],[[[123.672,-17.022],[123.67,-17.022],[123.672,-17.022],[123.672,-17.022]]],[[[123.679,-17.023],[123.676,-17.043],[123.664,-17.033],[123.679,-17.023]]],[[[123.681,-17.025],[123.679,-17.022],[123.68,-17.023],[123.681,-17.025]]],[[[123.667,-17.025],[123.665,-17.024],[123.665,-17.021],[123.667,-17.025]]],[[[139.214,-17.003],[139.266,-17.058],[139.215,-17.036],[139.214,-17.003]]],[[[139.376,-17.007],[139.373,-17.007],[139.37,-17.001],[139.376,-17.007]]],[[[145.902,-16.994],[145.901,-16.994],[145.901,-16.994],[145.902,-16.994]]],[[[139.203,-16.996],[139.19,-16.991],[139.2,-16.993],[139.203,-16.996]]],[[[139.27,-16.987],[139.28,-16.995],[139.263,-16.999],[139.27,-16.987]]],[[[139.512,-16.998],[139.556,-17.034],[139.554,-17.07],[139.578,-17.094],[139.523,-17.103],[139.51,-17.123],[139.478,-17.116],[139.481,-17.085],[139.427,-17.106],[139.434,-17.139],[139.395,-17.082],[139.423,-17.079],[139.462,-17.025],[139.49,-17.045],[139.474,-17.03],[139.5,-17.002],[139.494,-16.98],[139.512,-16.998]]],[[[122.561,-16.959],[122.558,-16.958],[122.561,-16.956],[122.561,-16.959]]],[[[122.563,-16.956],[122.561,-16.954],[122.563,-16.954],[122.563,-16.956]]],[[[139.365,-16.957],[139.362,-16.955],[139.363,-16.953],[139.365,-16.957]]],[[[122.561,-16.953],[122.56,-16.953],[122.559,-16.951],[122.561,-16.953]]],[[[146.001,-16.923],[145.987,-16.943],[145.983,-16.935],[146.001,-16.923]]],[[[146.007,-16.924],[146.006,-16.923],[146.007,-16.921],[146.007,-16.924]]],[[[122.199,-16.904],[122.198,-16.904],[122.197,-16.9],[122.199,-16.904]]],[[[123.836,-16.901],[123.834,-16.9],[123.837,-16.9],[123.836,-16.901]]],[[[123.841,-16.903],[123.838,-16.903],[123.848,-16.898],[123.841,-16.903]]],[[[139.059,-16.885],[139.077,-16.905],[139.046,-16.886],[139.059,-16.885]]],[[[145.896,-16.887],[145.894,-16.883],[145.896,-16.884],[145.896,-16.887]]],[[[122.173,-16.882],[122.168,-16.882],[122.169,-16.88],[122.173,-16.882]]],[[[123.913,-16.884],[123.907,-16.884],[123.92,-16.876],[123.913,-16.884]]],[[[122.16,-16.869],[122.159,-16.869],[122.16,-16.869],[122.16,-16.869]]],[[[123.893,-16.872],[123.895,-16.866],[123.9,-16.867],[123.893,-16.872]]],[[[123.896,-16.863],[123.895,-16.862],[123.895,-16.861],[123.896,-16.863]]],[[[139.066,-16.862],[139.067,-16.871],[139.059,-16.877],[139.066,-16.862]]],[[[122.155,-16.86],[122.154,-16.86],[122.154,-16.86],[122.155,-16.86]]],[[[139.121,-16.862],[139.12,-16.859],[139.121,-16.86],[139.121,-16.862]]],[[[123.948,-16.86],[123.946,-16.86],[123.953,-16.854],[123.948,-16.86]]],[[[122.13,-16.853],[122.138,-16.854],[122.144,-16.859],[122.13,-16.853]]],[[[122.126,-16.854],[122.113,-16.858],[122.093,-16.855],[122.126,-16.854]]],[[[139.152,-16.822],[139.128,-16.826],[139.113,-16.849],[139.091,-16.827],[139.133,-16.798],[139.152,-16.822]]],[[[123.144,-16.796],[123.142,-16.795],[123.142,-16.794],[123.144,-16.796]]],[[[123.111,-16.792],[123.112,-16.793],[123.111,-16.792],[123.111,-16.792]]],[[[123.114,-16.793],[123.112,-16.793],[123.112,-16.791],[123.114,-16.793]]],[[[139.135,-16.791],[139.134,-16.791],[139.135,-16.79],[139.135,-16.791]]],[[[139.14,-16.789],[139.14,-16.79],[139.138,-16.789],[139.14,-16.789]]],[[[139.152,-16.784],[139.153,-16.776],[139.156,-16.774],[139.152,-16.784]]],[[[122.823,-16.768],[122.823,-16.765],[122.826,-16.765],[122.823,-16.768]]],[[[122.828,-16.762],[122.822,-16.765],[122.819,-16.763],[122.828,-16.762]]],[[[122.786,-16.762],[122.787,-16.76],[122.788,-16.761],[122.786,-16.762]]],[[[145.975,-16.759],[145.976,-16.761],[145.971,-16.759],[145.975,-16.759]]],[[[139.144,-16.756],[139.149,-16.762],[139.141,-16.763],[139.144,-16.756]]],[[[123.711,-16.762],[123.703,-16.756],[123.709,-16.755],[123.711,-16.762]]],[[[122.82,-16.754],[122.818,-16.758],[122.812,-16.754],[122.82,-16.754]]],[[[139.295,-16.753],[139.289,-16.748],[139.289,-16.743],[139.295,-16.753]]],[[[139.167,-16.748],[139.163,-16.744],[139.163,-16.741],[139.167,-16.748]]],[[[145.695,-16.732],[145.695,-16.731],[145.695,-16.731],[145.695,-16.732]]],[[[123.633,-16.731],[123.631,-16.731],[123.631,-16.73],[123.633,-16.731]]],[[[145.688,-16.725],[145.679,-16.726],[145.686,-16.722],[145.688,-16.725]]],[[[123.619,-16.721],[123.614,-16.72],[123.615,-16.717],[123.619,-16.721]]],[[[139.842,-16.709],[139.842,-16.709],[139.842,-16.708],[139.842,-16.709]]],[[[139.843,-16.707],[139.843,-16.707],[139.843,-16.706],[139.843,-16.707]]],[[[139.83,-16.703],[139.832,-16.697],[139.84,-16.699],[139.83,-16.703]]],[[[139.184,-16.696],[139.189,-16.719],[139.174,-16.728],[139.185,-16.734],[139.141,-16.754],[139.146,-16.692],[139.173,-16.671],[139.189,-16.68],[139.184,-16.696]]],[[[139.469,-16.669],[139.465,-16.7],[139.441,-16.704],[139.444,-16.682],[139.469,-16.669]]],[[[139.459,-16.669],[139.459,-16.667],[139.46,-16.667],[139.459,-16.669]]],[[[139.455,-16.664],[139.459,-16.666],[139.457,-16.668],[139.455,-16.664]]],[[[123.488,-16.656],[123.481,-16.656],[123.482,-16.655],[123.488,-16.656]]],[[[139.879,-16.65],[139.855,-16.677],[139.848,-16.663],[139.879,-16.65]]],[[[123.044,-16.64],[123.043,-16.639],[123.044,-16.64],[123.044,-16.64]]],[[[123.546,-16.633],[123.544,-16.633],[123.546,-16.632],[123.546,-16.633]]],[[[123.546,-16.63],[123.535,-16.632],[123.544,-16.629],[123.546,-16.63]]],[[[123.53,-16.63],[123.53,-16.628],[123.531,-16.629],[123.53,-16.63]]],[[[123.54,-16.628],[123.537,-16.627],[123.539,-16.626],[123.54,-16.628]]],[[[123.571,-16.623],[123.568,-16.624],[123.565,-16.624],[123.571,-16.623]]],[[[123.562,-16.624],[123.561,-16.623],[123.561,-16.622],[123.562,-16.624]]],[[[123.556,-16.622],[123.554,-16.622],[123.555,-16.621],[123.556,-16.622]]],[[[123.533,-16.617],[123.532,-16.618],[123.533,-16.617],[123.533,-16.617]]],[[[123.523,-16.609],[123.51,-16.64],[123.457,-16.617],[123.489,-16.615],[123.508,-16.631],[123.523,-16.609]]],[[[139.471,-16.604],[139.478,-16.605],[139.478,-16.608],[139.471,-16.604]]],[[[123.498,-16.61],[123.498,-16.611],[123.496,-16.604],[123.498,-16.61]]],[[[123.567,-16.607],[123.565,-16.604],[123.567,-16.605],[123.567,-16.607]]],[[[123.533,-16.607],[123.534,-16.603],[123.535,-16.605],[123.533,-16.607]]],[[[123.564,-16.606],[123.561,-16.604],[123.561,-16.603],[123.564,-16.606]]],[[[123.478,-16.603],[123.478,-16.604],[123.477,-16.604],[123.478,-16.603]]],[[[123.405,-16.604],[123.405,-16.607],[123.396,-16.6],[123.405,-16.604]]],[[[123.488,-16.601],[123.494,-16.602],[123.479,-16.611],[123.488,-16.601]]],[[[123.559,-16.603],[123.551,-16.607],[123.553,-16.597],[123.559,-16.603]]],[[[123.517,-16.599],[123.516,-16.598],[123.516,-16.595],[123.517,-16.599]]],[[[123.565,-16.583],[123.574,-16.583],[123.576,-16.587],[123.565,-16.583]]],[[[123.531,-16.592],[123.523,-16.605],[123.518,-16.58],[123.531,-16.592]]],[[[123.54,-16.588],[123.539,-16.581],[123.542,-16.576],[123.54,-16.588]]],[[[123.537,-16.579],[123.535,-16.577],[123.535,-16.576],[123.537,-16.579]]],[[[123.317,-16.573],[123.32,-16.574],[123.317,-16.577],[123.317,-16.573]]],[[[139.475,-16.564],[139.473,-16.567],[139.469,-16.565],[139.475,-16.564]]],[[[123.597,-16.562],[123.597,-16.561],[123.598,-16.562],[123.597,-16.562]]],[[[123.352,-16.56],[123.352,-16.56],[123.352,-16.559],[123.352,-16.56]]],[[[124.413,-16.539],[124.411,-16.541],[124.412,-16.539],[124.413,-16.539]]],[[[123.354,-16.531],[123.39,-16.58],[123.388,-16.605],[123.36,-16.577],[123.354,-16.531]]],[[[124.397,-16.529],[124.406,-16.532],[124.4,-16.535],[124.397,-16.529]]],[[[123.411,-16.53],[123.41,-16.527],[123.412,-16.528],[123.411,-16.53]]],[[[123.43,-16.528],[123.427,-16.528],[123.425,-16.526],[123.43,-16.528]]],[[[123.643,-16.525],[123.64,-16.525],[123.64,-16.524],[123.643,-16.525]]],[[[123.435,-16.522],[123.456,-16.53],[123.431,-16.527],[123.435,-16.522]]],[[[123.451,-16.522],[123.441,-16.517],[123.448,-16.518],[123.451,-16.522]]],[[[123.439,-16.517],[123.433,-16.516],[123.436,-16.515],[123.439,-16.517]]],[[[123.412,-16.514],[123.41,-16.514],[123.409,-16.513],[123.412,-16.514]]],[[[123.394,-16.513],[123.398,-16.529],[123.38,-16.519],[123.394,-16.513]]],[[[123.608,-16.512],[123.603,-16.511],[123.607,-16.51],[123.608,-16.512]]],[[[123.384,-16.513],[123.374,-16.509],[123.378,-16.508],[123.384,-16.513]]],[[[123.42,-16.506],[123.419,-16.505],[123.42,-16.505],[123.42,-16.506]]],[[[124.431,-16.51],[124.429,-16.505],[124.432,-16.507],[124.431,-16.51]]],[[[123.385,-16.504],[123.389,-16.508],[123.382,-16.509],[123.385,-16.504]]],[[[123.416,-16.506],[123.412,-16.504],[123.415,-16.504],[123.416,-16.506]]],[[[123.579,-16.504],[123.578,-16.504],[123.578,-16.504],[123.579,-16.504]]],[[[123.584,-16.504],[123.582,-16.504],[123.584,-16.504],[123.584,-16.504]]],[[[123.448,-16.502],[123.447,-16.502],[123.448,-16.502],[123.448,-16.502]]],[[[123.484,-16.498],[123.482,-16.498],[123.482,-16.497],[123.484,-16.498]]],[[[123.365,-16.497],[123.368,-16.502],[123.361,-16.499],[123.365,-16.497]]],[[[123.576,-16.498],[123.575,-16.499],[123.574,-16.497],[123.576,-16.498]]],[[[123.382,-16.496],[123.394,-16.498],[123.38,-16.498],[123.382,-16.496]]],[[[123.375,-16.496],[123.373,-16.495],[123.374,-16.495],[123.375,-16.496]]],[[[124.438,-16.496],[124.432,-16.496],[124.435,-16.494],[124.438,-16.496]]],[[[123.581,-16.496],[123.579,-16.496],[123.58,-16.494],[123.581,-16.496]]],[[[123.371,-16.494],[123.368,-16.494],[123.37,-16.494],[123.371,-16.494]]],[[[123.583,-16.493],[123.582,-16.492],[123.583,-16.492],[123.583,-16.493]]],[[[123.367,-16.493],[123.363,-16.491],[123.366,-16.491],[123.367,-16.493]]],[[[123.591,-16.491],[123.59,-16.491],[123.591,-16.49],[123.591,-16.491]]],[[[123.363,-16.49],[123.362,-16.49],[123.362,-16.489],[123.363,-16.49]]],[[[123.523,-16.489],[123.527,-16.491],[123.524,-16.49],[123.523,-16.489]]],[[[123.484,-16.492],[123.477,-16.488],[123.479,-16.488],[123.484,-16.492]]],[[[123.467,-16.488],[123.478,-16.493],[123.468,-16.491],[123.467,-16.488]]],[[[139.81,-16.49],[139.807,-16.497],[139.802,-16.488],[139.81,-16.49]]],[[[123.003,-16.484],[123.002,-16.485],[122.999,-16.484],[123.003,-16.484]]],[[[123.361,-16.488],[123.354,-16.483],[123.36,-16.487],[123.361,-16.488]]],[[[123.444,-16.472],[123.442,-16.472],[123.443,-16.471],[123.444,-16.472]]],[[[123.442,-16.468],[123.446,-16.47],[123.439,-16.47],[123.442,-16.468]]],[[[123.436,-16.46],[123.443,-16.465],[123.432,-16.462],[123.436,-16.46]]],[[[123.341,-16.459],[123.34,-16.459],[123.341,-16.458],[123.341,-16.459]]],[[[123.426,-16.46],[123.423,-16.46],[123.421,-16.457],[123.426,-16.46]]],[[[123.419,-16.458],[123.417,-16.457],[123.419,-16.457],[123.419,-16.458]]],[[[123.132,-16.451],[123.13,-16.451],[123.132,-16.451],[123.132,-16.451]]],[[[139.72,-16.451],[139.731,-16.455],[139.731,-16.501],[139.701,-16.475],[139.72,-16.451]]],[[[123.564,-16.453],[123.553,-16.45],[123.563,-16.452],[123.564,-16.453]]],[[[123.403,-16.45],[123.399,-16.452],[123.401,-16.449],[123.403,-16.45]]],[[[123.35,-16.45],[123.349,-16.45],[123.351,-16.448],[123.35,-16.45]]],[[[123.108,-16.448],[123.108,-16.446],[123.11,-16.445],[123.108,-16.448]]],[[[123.09,-16.445],[123.088,-16.445],[123.088,-16.444],[123.09,-16.445]]],[[[123.089,-16.447],[123.083,-16.448],[123.082,-16.444],[123.089,-16.447]]],[[[123.111,-16.441],[123.111,-16.442],[123.11,-16.442],[123.111,-16.441]]],[[[123.104,-16.447],[123.101,-16.445],[123.107,-16.441],[123.104,-16.447]]],[[[139.773,-16.44],[139.772,-16.44],[139.771,-16.44],[139.773,-16.44]]],[[[123.149,-16.439],[123.148,-16.439],[123.148,-16.437],[123.149,-16.439]]],[[[122.908,-16.44],[122.906,-16.438],[122.906,-16.437],[122.908,-16.44]]],[[[123.093,-16.439],[123.091,-16.435],[123.094,-16.437],[123.093,-16.439]]],[[[123.212,-16.433],[123.211,-16.433],[123.212,-16.432],[123.212,-16.433]]],[[[123.088,-16.431],[123.092,-16.433],[123.088,-16.434],[123.088,-16.431]]],[[[123.084,-16.43],[123.082,-16.428],[123.084,-16.428],[123.084,-16.43]]],[[[123.151,-16.428],[123.15,-16.428],[123.151,-16.426],[123.151,-16.428]]],[[[124.364,-16.426],[124.364,-16.426],[124.363,-16.425],[124.364,-16.426]]],[[[123.09,-16.426],[123.089,-16.426],[123.09,-16.425],[123.09,-16.426]]],[[[123.101,-16.426],[123.13,-16.436],[123.104,-16.437],[123.101,-16.426]]],[[[123.153,-16.434],[123.155,-16.429],[123.165,-16.422],[123.153,-16.434]]],[[[123.09,-16.421],[123.089,-16.421],[123.088,-16.42],[123.09,-16.421]]],[[[124.335,-16.419],[124.334,-16.419],[124.334,-16.418],[124.335,-16.419]]],[[[123.348,-16.417],[123.362,-16.427],[123.346,-16.447],[123.348,-16.417]]],[[[123.669,-16.417],[123.667,-16.417],[123.669,-16.417],[123.669,-16.417]]],[[[124.328,-16.418],[124.327,-16.417],[124.329,-16.416],[124.328,-16.418]]],[[[123.346,-16.416],[123.345,-16.416],[123.347,-16.415],[123.346,-16.416]]],[[[123.622,-16.417],[123.621,-16.428],[123.607,-16.42],[123.622,-16.417]]],[[[123.679,-16.414],[123.677,-16.416],[123.673,-16.416],[123.679,-16.414]]],[[[124.865,-16.413],[124.867,-16.415],[124.859,-16.414],[124.865,-16.413]]],[[[123.08,-16.413],[123.079,-16.414],[123.079,-16.413],[123.08,-16.413]]],[[[124.804,-16.414],[124.802,-16.413],[124.803,-16.412],[124.804,-16.414]]],[[[124.878,-16.414],[124.879,-16.411],[124.886,-16.411],[124.878,-16.414]]],[[[123.097,-16.415],[123.094,-16.41],[123.097,-16.412],[123.097,-16.415]]],[[[124.34,-16.41],[124.34,-16.409],[124.34,-16.409],[124.34,-16.41]]],[[[123.552,-16.413],[123.54,-16.408],[123.546,-16.408],[123.552,-16.413]]],[[[123.142,-16.408],[123.142,-16.408],[123.142,-16.407],[123.142,-16.408]]],[[[123.479,-16.407],[123.501,-16.416],[123.483,-16.414],[123.479,-16.407]]],[[[123.465,-16.406],[123.463,-16.406],[123.465,-16.406],[123.465,-16.406]]],[[[123.679,-16.407],[123.677,-16.409],[123.671,-16.408],[123.679,-16.407]]],[[[123.495,-16.406],[123.496,-16.41],[123.489,-16.406],[123.495,-16.406]]],[[[123.164,-16.403],[123.153,-16.424],[123.159,-16.401],[123.164,-16.403]]],[[[123.63,-16.402],[123.666,-16.419],[123.648,-16.418],[123.63,-16.402]]],[[[123.122,-16.401],[123.118,-16.4],[123.12,-16.399],[123.122,-16.401]]],[[[123.128,-16.398],[123.125,-16.424],[123.118,-16.409],[123.128,-16.398]]],[[[123.332,-16.397],[123.331,-16.397],[123.331,-16.397],[123.332,-16.397]]],[[[123.512,-16.397],[123.51,-16.397],[123.512,-16.396],[123.512,-16.397]]],[[[123.165,-16.4],[123.161,-16.399],[123.161,-16.397],[123.165,-16.4]]],[[[123.057,-16.397],[123.055,-16.397],[123.056,-16.396],[123.057,-16.397]]],[[[123.328,-16.397],[123.325,-16.395],[123.328,-16.396],[123.328,-16.397]]],[[[124.727,-16.395],[124.722,-16.394],[124.73,-16.394],[124.727,-16.395]]],[[[123.07,-16.395],[123.068,-16.395],[123.069,-16.393],[123.07,-16.395]]],[[[123.482,-16.393],[123.484,-16.395],[123.48,-16.395],[123.482,-16.393]]],[[[123.216,-16.393],[123.226,-16.408],[123.2,-16.425],[123.216,-16.393]]],[[[122.993,-16.393],[122.993,-16.393],[122.989,-16.393],[122.993,-16.393]]],[[[123.144,-16.393],[123.143,-16.392],[123.143,-16.392],[123.144,-16.393]]],[[[124.277,-16.395],[124.286,-16.398],[124.273,-16.396],[124.277,-16.395]]],[[[139.551,-16.391],[139.604,-16.403],[139.65,-16.449],[139.676,-16.451],[139.712,-16.532],[139.657,-16.519],[139.594,-16.555],[139.578,-16.503],[139.558,-16.493],[139.567,-16.474],[139.547,-16.461],[139.561,-16.48],[139.541,-16.488],[139.53,-16.518],[139.475,-16.526],[139.516,-16.556],[139.506,-16.578],[139.484,-16.556],[139.453,-16.569],[139.468,-16.569],[139.472,-16.584],[139.455,-16.58],[139.47,-16.585],[139.472,-16.614],[139.465,-16.63],[139.439,-16.631],[139.453,-16.661],[139.437,-16.675],[139.416,-16.672],[139.402,-16.64],[139.376,-16.642],[139.373,-16.687],[139.287,-16.735],[139.229,-16.733],[139.221,-16.712],[139.2,-16.708],[139.195,-16.662],[139.162,-16.665],[139.15,-16.634],[139.16,-16.61],[139.211,-16.569],[139.241,-16.505],[139.31,-16.461],[139.465,-16.446],[139.551,-16.391]]],[[[123.132,-16.391],[123.13,-16.391],[123.131,-16.39],[123.132,-16.391]]],[[[123.309,-16.389],[123.308,-16.39],[123.307,-16.389],[123.309,-16.389]]],[[[124.268,-16.392],[124.264,-16.39],[124.266,-16.388],[124.268,-16.392]]],[[[124.93,-16.395],[124.919,-16.408],[124.922,-16.391],[124.93,-16.395]]],[[[123.469,-16.391],[123.467,-16.388],[123.469,-16.389],[123.469,-16.391]]],[[[123.157,-16.396],[123.143,-16.389],[123.153,-16.387],[123.157,-16.396]]],[[[123.188,-16.387],[123.206,-16.387],[123.209,-16.401],[123.193,-16.433],[123.184,-16.421],[123.174,-16.433],[123.168,-16.39],[123.188,-16.387]]],[[[124.937,-16.386],[124.936,-16.386],[124.936,-16.386],[124.937,-16.386]]],[[[123.312,-16.387],[123.307,-16.386],[123.31,-16.386],[123.312,-16.387]]],[[[123.069,-16.387],[123.07,-16.386],[123.07,-16.386],[123.069,-16.387]]],[[[145.571,-16.39],[145.568,-16.387],[145.569,-16.384],[145.571,-16.39]]],[[[123.447,-16.387],[123.442,-16.385],[123.447,-16.385],[123.447,-16.387]]],[[[122.927,-16.385],[122.925,-16.385],[122.923,-16.384],[122.927,-16.385]]],[[[123.856,-16.384],[123.855,-16.391],[123.85,-16.384],[123.856,-16.384]]],[[[123.136,-16.385],[123.134,-16.389],[123.123,-16.385],[123.136,-16.385]]],[[[145.568,-16.383],[145.566,-16.382],[145.567,-16.382],[145.568,-16.383]]],[[[145.562,-16.384],[145.558,-16.384],[145.562,-16.381],[145.562,-16.384]]],[[[123.498,-16.382],[123.495,-16.382],[123.496,-16.381],[123.498,-16.382]]],[[[123.135,-16.382],[123.134,-16.381],[123.135,-16.381],[123.135,-16.382]]],[[[123.506,-16.379],[123.508,-16.381],[123.503,-16.38],[123.506,-16.379]]],[[[123.438,-16.379],[123.446,-16.383],[123.443,-16.383],[123.438,-16.379]]],[[[123.435,-16.38],[123.432,-16.379],[123.435,-16.378],[123.435,-16.38]]],[[[123.412,-16.378],[123.411,-16.379],[123.409,-16.378],[123.412,-16.378]]],[[[122.99,-16.378],[122.987,-16.379],[122.988,-16.377],[122.99,-16.378]]],[[[123.413,-16.376],[123.41,-16.376],[123.41,-16.376],[123.413,-16.376]]],[[[123.428,-16.38],[123.421,-16.378],[123.428,-16.376],[123.428,-16.38]]],[[[124.342,-16.383],[124.337,-16.384],[124.34,-16.375],[124.342,-16.383]]],[[[123.394,-16.372],[123.4,-16.381],[123.383,-16.373],[123.394,-16.372]]],[[[123.61,-16.38],[123.605,-16.379],[123.603,-16.371],[123.61,-16.38]]],[[[123.481,-16.371],[123.48,-16.372],[123.479,-16.371],[123.481,-16.371]]],[[[124.675,-16.37],[124.675,-16.372],[124.664,-16.368],[124.675,-16.37]]],[[[123.377,-16.369],[123.377,-16.371],[123.371,-16.369],[123.377,-16.369]]],[[[123.231,-16.366],[123.23,-16.37],[123.216,-16.367],[123.231,-16.366]]],[[[123.483,-16.368],[123.482,-16.369],[123.48,-16.367],[123.483,-16.368]]],[[[123.482,-16.366],[123.481,-16.365],[123.482,-16.365],[123.482,-16.366]]],[[[123.498,-16.365],[123.516,-16.375],[123.491,-16.365],[123.498,-16.365]]],[[[124.364,-16.374],[124.358,-16.373],[124.364,-16.363],[124.364,-16.374]]],[[[123.418,-16.361],[123.434,-16.366],[123.421,-16.363],[123.418,-16.361]]],[[[123.685,-16.366],[123.676,-16.365],[123.673,-16.361],[123.685,-16.366]]],[[[124.717,-16.37],[124.712,-16.381],[124.679,-16.369],[124.717,-16.37]]],[[[123.587,-16.365],[123.577,-16.361],[123.583,-16.361],[123.587,-16.365]]],[[[123.196,-16.359],[123.2,-16.366],[123.173,-16.362],[123.196,-16.359]]],[[[123.576,-16.358],[123.575,-16.358],[123.575,-16.357],[123.576,-16.358]]],[[[123.614,-16.358],[123.612,-16.358],[123.611,-16.357],[123.614,-16.358]]],[[[123.599,-16.36],[123.612,-16.37],[123.616,-16.378],[123.599,-16.36]]],[[[123.591,-16.359],[123.587,-16.357],[123.588,-16.356],[123.591,-16.359]]],[[[124.465,-16.357],[124.448,-16.376],[124.433,-16.369],[124.465,-16.357]]],[[[124.344,-16.355],[124.352,-16.365],[124.341,-16.36],[124.344,-16.355]]],[[[123.586,-16.356],[123.585,-16.356],[123.581,-16.353],[123.586,-16.356]]],[[[123.702,-16.353],[123.701,-16.353],[123.702,-16.352],[123.702,-16.353]]],[[[123.404,-16.354],[123.404,-16.352],[123.408,-16.351],[123.404,-16.354]]],[[[123.412,-16.351],[123.411,-16.351],[123.411,-16.349],[123.412,-16.351]]],[[[124.692,-16.365],[124.673,-16.356],[124.693,-16.349],[124.703,-16.357],[124.692,-16.365]]],[[[123.66,-16.35],[123.673,-16.356],[123.654,-16.353],[123.66,-16.35]]],[[[124.224,-16.347],[124.245,-16.389],[124.26,-16.385],[124.248,-16.404],[124.223,-16.381],[124.224,-16.347]]],[[[123.4,-16.348],[123.398,-16.347],[123.399,-16.347],[123.4,-16.348]]],[[[123.045,-16.354],[123.041,-16.354],[123.046,-16.347],[123.045,-16.354]]],[[[123.559,-16.348],[123.558,-16.348],[123.557,-16.346],[123.559,-16.348]]],[[[123.694,-16.355],[123.688,-16.356],[123.679,-16.345],[123.694,-16.355]]],[[[123.885,-16.35],[123.88,-16.345],[123.881,-16.344],[123.885,-16.35]]],[[[123.407,-16.346],[123.401,-16.347],[123.406,-16.343],[123.407,-16.346]]],[[[124.565,-16.343],[124.563,-16.344],[124.563,-16.343],[124.565,-16.343]]],[[[123.411,-16.343],[123.408,-16.342],[123.41,-16.342],[123.411,-16.343]]],[[[123.878,-16.343],[123.877,-16.344],[123.876,-16.342],[123.878,-16.343]]],[[[124.6,-16.341],[124.65,-16.35],[124.578,-16.349],[124.6,-16.341]]],[[[124.36,-16.347],[124.354,-16.36],[124.348,-16.35],[124.36,-16.347]]],[[[123.634,-16.342],[123.629,-16.343],[123.623,-16.339],[123.634,-16.342]]],[[[123.425,-16.341],[123.425,-16.339],[123.427,-16.34],[123.425,-16.341]]],[[[123.576,-16.34],[123.575,-16.341],[123.573,-16.339],[123.576,-16.34]]],[[[123.874,-16.341],[123.871,-16.339],[123.873,-16.338],[123.874,-16.341]]],[[[123.411,-16.341],[123.411,-16.338],[123.412,-16.339],[123.411,-16.341]]],[[[123.568,-16.339],[123.566,-16.338],[123.567,-16.337],[123.568,-16.339]]],[[[124.23,-16.341],[124.227,-16.343],[124.225,-16.337],[124.23,-16.341]]],[[[123.57,-16.337],[123.568,-16.335],[123.57,-16.336],[123.57,-16.337]]],[[[124.202,-16.336],[124.201,-16.335],[124.201,-16.334],[124.202,-16.336]]],[[[123.344,-16.338],[123.357,-16.361],[123.336,-16.359],[123.332,-16.338],[123.344,-16.338]]],[[[123.42,-16.335],[123.422,-16.344],[123.415,-16.344],[123.42,-16.335]]],[[[123.879,-16.336],[123.873,-16.333],[123.876,-16.333],[123.879,-16.336]]],[[[123.546,-16.332],[123.545,-16.332],[123.544,-16.331],[123.546,-16.332]]],[[[123.566,-16.332],[123.564,-16.331],[123.564,-16.33],[123.566,-16.332]]],[[[123.55,-16.332],[123.548,-16.33],[123.548,-16.33],[123.55,-16.332]]],[[[123.629,-16.334],[123.659,-16.345],[123.65,-16.348],[123.629,-16.334]]],[[[124.199,-16.333],[124.198,-16.332],[124.201,-16.329],[124.199,-16.333]]],[[[124.195,-16.331],[124.195,-16.329],[124.196,-16.329],[124.195,-16.331]]],[[[123.882,-16.331],[123.88,-16.33],[123.88,-16.327],[123.882,-16.331]]],[[[123.605,-16.328],[123.629,-16.355],[123.606,-16.343],[123.605,-16.328]]],[[[123.56,-16.326],[123.563,-16.33],[123.56,-16.328],[123.56,-16.326]]],[[[123.419,-16.328],[123.418,-16.328],[123.42,-16.325],[123.419,-16.328]]],[[[123.954,-16.347],[123.942,-16.343],[123.921,-16.324],[123.954,-16.347]]],[[[124.386,-16.324],[124.385,-16.324],[124.385,-16.324],[124.386,-16.324]]],[[[123.637,-16.328],[123.622,-16.322],[123.636,-16.326],[123.637,-16.328]]],[[[123.886,-16.327],[123.884,-16.324],[123.885,-16.321],[123.886,-16.327]]],[[[123.884,-16.321],[123.884,-16.321],[123.884,-16.319],[123.884,-16.321]]],[[[123.862,-16.322],[123.859,-16.318],[123.861,-16.32],[123.862,-16.322]]],[[[123.88,-16.319],[123.879,-16.319],[123.878,-16.318],[123.88,-16.319]]],[[[123.619,-16.32],[123.617,-16.32],[123.616,-16.318],[123.619,-16.32]]],[[[123.867,-16.318],[123.871,-16.321],[123.864,-16.318],[123.867,-16.318]]],[[[124.393,-16.317],[124.396,-16.322],[124.387,-16.323],[124.393,-16.317]]],[[[124.388,-16.317],[124.387,-16.316],[124.387,-16.315],[124.388,-16.317]]],[[[123.426,-16.313],[123.42,-16.316],[123.422,-16.313],[123.426,-16.313]]],[[[123.415,-16.312],[123.415,-16.314],[123.411,-16.313],[123.415,-16.312]]],[[[124.396,-16.313],[124.395,-16.313],[124.394,-16.313],[124.396,-16.313]]],[[[123.286,-16.322],[123.271,-16.309],[123.281,-16.316],[123.286,-16.322]]],[[[123.856,-16.31],[123.854,-16.313],[123.85,-16.31],[123.856,-16.31]]],[[[123.433,-16.308],[123.427,-16.314],[123.428,-16.309],[123.433,-16.308]]],[[[123.309,-16.307],[123.319,-16.322],[123.309,-16.32],[123.309,-16.307]]],[[[123.316,-16.309],[123.316,-16.306],[123.318,-16.308],[123.316,-16.309]]],[[[123.3,-16.306],[123.306,-16.307],[123.305,-16.316],[123.3,-16.306]]],[[[124.201,-16.308],[124.197,-16.306],[124.198,-16.306],[124.201,-16.308]]],[[[123.304,-16.304],[123.304,-16.306],[123.301,-16.305],[123.304,-16.304]]],[[[123.308,-16.306],[123.306,-16.304],[123.309,-16.304],[123.308,-16.306]]],[[[124.372,-16.309],[124.369,-16.308],[124.371,-16.304],[124.372,-16.309]]],[[[123.269,-16.307],[123.269,-16.309],[123.26,-16.302],[123.269,-16.307]]],[[[123.844,-16.308],[123.84,-16.302],[123.842,-16.303],[123.844,-16.308]]],[[[123.304,-16.302],[123.303,-16.3],[123.304,-16.301],[123.304,-16.302]]],[[[123.297,-16.3],[123.296,-16.306],[123.291,-16.302],[123.297,-16.3]]],[[[124.197,-16.299],[124.202,-16.301],[124.195,-16.297],[124.197,-16.299]]],[[[124.39,-16.296],[124.389,-16.296],[124.389,-16.295],[124.39,-16.296]]],[[[123.916,-16.296],[123.922,-16.299],[123.912,-16.299],[123.916,-16.296]]],[[[123.483,-16.296],[123.482,-16.294],[123.483,-16.293],[123.483,-16.296]]],[[[124.238,-16.295],[124.236,-16.295],[124.237,-16.293],[124.238,-16.295]]],[[[123.093,-16.293],[123.094,-16.294],[123.091,-16.293],[123.093,-16.293]]],[[[145.502,-16.299],[145.493,-16.291],[145.499,-16.293],[145.502,-16.299]]],[[[123.448,-16.294],[123.446,-16.294],[123.449,-16.29],[123.448,-16.294]]],[[[123.872,-16.289],[123.885,-16.32],[123.865,-16.291],[123.872,-16.289]]],[[[123.885,-16.288],[123.885,-16.289],[123.884,-16.288],[123.885,-16.288]]],[[[123.851,-16.288],[123.854,-16.289],[123.851,-16.29],[123.851,-16.288]]],[[[123.403,-16.29],[123.4,-16.286],[123.402,-16.288],[123.403,-16.29]]],[[[123.525,-16.285],[123.527,-16.286],[123.524,-16.287],[123.525,-16.285]]],[[[124.234,-16.288],[124.229,-16.286],[124.234,-16.285],[124.234,-16.288]]],[[[123.481,-16.285],[123.479,-16.283],[123.481,-16.283],[123.481,-16.285]]],[[[123.397,-16.286],[123.393,-16.285],[123.4,-16.282],[123.397,-16.286]]],[[[123.789,-16.282],[123.788,-16.282],[123.788,-16.281],[123.789,-16.282]]],[[[123.859,-16.282],[123.858,-16.281],[123.859,-16.28],[123.859,-16.282]]],[[[123.823,-16.28],[123.826,-16.284],[123.821,-16.279],[123.823,-16.28]]],[[[123.829,-16.279],[123.829,-16.28],[123.828,-16.279],[123.829,-16.279]]],[[[124.218,-16.278],[124.225,-16.281],[124.217,-16.282],[124.218,-16.278]]],[[[123.544,-16.279],[123.543,-16.278],[123.545,-16.277],[123.544,-16.279]]],[[[123.062,-16.278],[123.06,-16.277],[123.062,-16.277],[123.062,-16.278]]],[[[123.833,-16.278],[123.833,-16.278],[123.834,-16.277],[123.833,-16.278]]],[[[123.521,-16.278],[123.515,-16.299],[123.513,-16.282],[123.521,-16.278]]],[[[123.785,-16.278],[123.783,-16.275],[123.786,-16.277],[123.785,-16.278]]],[[[123.411,-16.28],[123.406,-16.275],[123.409,-16.276],[123.411,-16.28]]],[[[123.461,-16.279],[123.46,-16.278],[123.464,-16.274],[123.461,-16.279]]],[[[124.167,-16.273],[124.164,-16.276],[124.16,-16.274],[124.167,-16.273]]],[[[123.43,-16.284],[123.421,-16.289],[123.417,-16.274],[123.43,-16.284]]],[[[123.816,-16.273],[123.815,-16.273],[123.813,-16.271],[123.816,-16.273]]],[[[123.775,-16.275],[123.778,-16.282],[123.767,-16.274],[123.775,-16.275]]],[[[123.852,-16.275],[123.856,-16.281],[123.847,-16.278],[123.852,-16.275]]],[[[124.207,-16.27],[124.215,-16.275],[124.21,-16.278],[124.207,-16.27]]],[[[123.433,-16.27],[123.436,-16.279],[123.423,-16.279],[123.433,-16.27]]],[[[124.174,-16.269],[124.173,-16.274],[124.168,-16.273],[124.174,-16.269]]],[[[124.155,-16.273],[124.156,-16.267],[124.159,-16.269],[124.155,-16.273]]],[[[123.83,-16.269],[123.821,-16.276],[123.823,-16.269],[123.83,-16.269]]],[[[124.14,-16.267],[124.147,-16.266],[124.137,-16.265],[124.14,-16.267]]],[[[123.805,-16.267],[123.802,-16.263],[123.803,-16.264],[123.805,-16.267]]],[[[139.282,-16.266],[139.273,-16.276],[139.272,-16.265],[139.282,-16.266]]],[[[123.769,-16.264],[123.768,-16.264],[123.769,-16.262],[123.769,-16.264]]],[[[123.44,-16.262],[123.46,-16.27],[123.438,-16.278],[123.44,-16.262]]],[[[123.581,-16.262],[123.578,-16.262],[123.58,-16.26],[123.581,-16.262]]],[[[124.397,-16.26],[124.4,-16.262],[124.393,-16.261],[124.397,-16.26]]],[[[123.747,-16.259],[123.765,-16.27],[123.752,-16.27],[123.747,-16.259]]],[[[123.574,-16.258],[123.575,-16.269],[123.567,-16.269],[123.574,-16.258]]],[[[124.09,-16.258],[124.087,-16.258],[124.088,-16.257],[124.09,-16.258]]],[[[123.84,-16.258],[123.839,-16.258],[123.84,-16.257],[123.84,-16.258]]],[[[123.833,-16.259],[123.833,-16.265],[123.83,-16.263],[123.833,-16.259]]],[[[124.097,-16.258],[124.094,-16.258],[124.092,-16.256],[124.097,-16.258]]],[[[123.538,-16.255],[123.547,-16.274],[123.528,-16.278],[123.503,-16.258],[123.538,-16.255]]],[[[124.118,-16.255],[124.116,-16.254],[124.117,-16.254],[124.118,-16.255]]],[[[124.083,-16.254],[124.082,-16.253],[124.085,-16.253],[124.083,-16.254]]],[[[123.859,-16.254],[123.883,-16.273],[123.884,-16.289],[123.859,-16.254]]],[[[123.84,-16.255],[123.839,-16.254],[123.841,-16.252],[123.84,-16.255]]],[[[123.838,-16.248],[123.837,-16.248],[123.837,-16.246],[123.838,-16.248]]],[[[123.84,-16.25],[123.838,-16.246],[123.84,-16.248],[123.84,-16.25]]],[[[123.567,-16.249],[123.566,-16.262],[123.546,-16.252],[123.565,-16.26],[123.567,-16.249]]],[[[123.554,-16.249],[123.551,-16.248],[123.554,-16.243],[123.554,-16.249]]],[[[124.009,-16.242],[124.007,-16.241],[124.008,-16.241],[124.009,-16.242]]],[[[124.004,-16.241],[124.003,-16.241],[124.004,-16.24],[124.004,-16.241]]],[[[124.017,-16.241],[124.017,-16.241],[124.016,-16.24],[124.017,-16.241]]],[[[123.472,-16.242],[123.47,-16.241],[123.471,-16.241],[123.472,-16.242]]],[[[124.015,-16.241],[124.012,-16.241],[124.011,-16.24],[124.015,-16.241]]],[[[124.023,-16.241],[124.021,-16.24],[124.022,-16.24],[124.023,-16.241]]],[[[124.029,-16.241],[124.025,-16.24],[124.028,-16.239],[124.029,-16.241]]],[[[123.84,-16.24],[123.839,-16.24],[123.839,-16.239],[123.84,-16.24]]],[[[124.042,-16.239],[124.048,-16.241],[124.037,-16.241],[124.042,-16.239]]],[[[124.384,-16.239],[124.382,-16.239],[124.382,-16.238],[124.384,-16.239]]],[[[124.064,-16.241],[124.082,-16.251],[124.074,-16.255],[124.064,-16.241]]],[[[123.467,-16.239],[123.466,-16.239],[123.465,-16.237],[123.467,-16.239]]],[[[123.877,-16.237],[123.876,-16.237],[123.876,-16.236],[123.877,-16.237]]],[[[123.839,-16.237],[123.838,-16.236],[123.838,-16.236],[123.839,-16.237]]],[[[123.879,-16.236],[123.878,-16.236],[123.876,-16.235],[123.879,-16.236]]],[[[124.064,-16.235],[124.062,-16.238],[124.06,-16.236],[124.064,-16.235]]],[[[123.492,-16.236],[123.49,-16.235],[123.492,-16.235],[123.492,-16.236]]],[[[123.874,-16.236],[123.873,-16.235],[123.873,-16.234],[123.874,-16.236]]],[[[124.056,-16.239],[124.054,-16.238],[124.053,-16.234],[124.056,-16.239]]],[[[123.872,-16.235],[123.871,-16.234],[123.872,-16.234],[123.872,-16.235]]],[[[124.109,-16.235],[124.107,-16.235],[124.108,-16.233],[124.109,-16.235]]],[[[123.891,-16.241],[123.94,-16.278],[123.906,-16.276],[123.861,-16.238],[123.891,-16.241]]],[[[124.377,-16.234],[124.376,-16.233],[124.376,-16.232],[124.377,-16.234]]],[[[123.505,-16.235],[123.503,-16.234],[123.502,-16.231],[123.505,-16.235]]],[[[124.104,-16.233],[124.103,-16.231],[124.104,-16.231],[124.104,-16.233]]],[[[123.874,-16.232],[123.874,-16.232],[123.872,-16.231],[123.874,-16.232]]],[[[123.59,-16.233],[123.588,-16.231],[123.589,-16.231],[123.59,-16.233]]],[[[123.865,-16.231],[123.867,-16.232],[123.863,-16.232],[123.865,-16.231]]],[[[123.809,-16.236],[123.806,-16.232],[123.808,-16.23],[123.809,-16.236]]],[[[124.379,-16.231],[124.378,-16.231],[124.378,-16.23],[124.379,-16.231]]],[[[123.507,-16.232],[123.511,-16.236],[123.506,-16.234],[123.507,-16.232]]],[[[139.254,-16.233],[139.253,-16.23],[139.254,-16.229],[139.254,-16.233]]],[[[124.115,-16.232],[124.145,-16.25],[124.105,-16.258],[124.101,-16.237],[124.115,-16.232]]],[[[123.975,-16.232],[123.975,-16.233],[123.967,-16.229],[123.975,-16.232]]],[[[123.861,-16.234],[123.858,-16.235],[123.857,-16.229],[123.861,-16.234]]],[[[123.784,-16.228],[123.784,-16.23],[123.782,-16.229],[123.784,-16.228]]],[[[124.08,-16.231],[124.097,-16.232],[124.086,-16.238],[124.08,-16.231]]],[[[123.846,-16.235],[123.84,-16.242],[123.838,-16.224],[123.846,-16.235]]],[[[123.556,-16.241],[123.544,-16.224],[123.555,-16.235],[123.556,-16.241]]],[[[123.834,-16.228],[123.835,-16.247],[123.811,-16.267],[123.805,-16.244],[123.834,-16.228]]],[[[123.445,-16.224],[123.443,-16.224],[123.444,-16.223],[123.445,-16.224]]],[[[123.543,-16.222],[123.542,-16.222],[123.542,-16.221],[123.543,-16.222]]],[[[123.94,-16.221],[123.966,-16.229],[123.945,-16.227],[123.94,-16.221]]],[[[123.444,-16.221],[123.441,-16.223],[123.442,-16.219],[123.444,-16.221]]],[[[123.55,-16.219],[123.578,-16.244],[123.565,-16.241],[123.55,-16.219]]],[[[123.564,-16.226],[123.555,-16.22],[123.557,-16.217],[123.564,-16.226]]],[[[123.586,-16.217],[123.583,-16.217],[123.583,-16.217],[123.586,-16.217]]],[[[123.557,-16.216],[123.556,-16.215],[123.557,-16.215],[123.557,-16.216]]],[[[123.554,-16.215],[123.553,-16.214],[123.555,-16.214],[123.554,-16.215]]],[[[123.539,-16.216],[123.536,-16.212],[123.535,-16.209],[123.539,-16.216]]],[[[123.464,-16.211],[123.491,-16.243],[123.532,-16.26],[123.497,-16.25],[123.507,-16.274],[123.49,-16.285],[123.48,-16.244],[123.446,-16.228],[123.464,-16.211]]],[[[123.494,-16.214],[123.501,-16.231],[123.49,-16.214],[123.494,-16.214]]],[[[123.554,-16.209],[123.553,-16.21],[123.551,-16.209],[123.554,-16.209]]],[[[123.866,-16.21],[123.87,-16.215],[123.86,-16.211],[123.866,-16.21]]],[[[123.575,-16.21],[123.571,-16.208],[123.573,-16.208],[123.575,-16.21]]],[[[123.809,-16.206],[123.809,-16.207],[123.808,-16.205],[123.809,-16.206]]],[[[123.815,-16.203],[123.819,-16.219],[123.812,-16.206],[123.815,-16.203]]],[[[123.845,-16.208],[123.843,-16.204],[123.844,-16.2],[123.845,-16.208]]],[[[123.541,-16.201],[123.54,-16.201],[123.54,-16.198],[123.541,-16.201]]],[[[123.87,-16.199],[123.869,-16.205],[123.863,-16.204],[123.87,-16.199]]],[[[123.971,-16.197],[123.974,-16.202],[123.952,-16.201],[123.971,-16.197]]],[[[123.441,-16.196],[123.441,-16.195],[123.442,-16.195],[123.441,-16.196]]],[[[123.976,-16.195],[123.974,-16.195],[123.975,-16.194],[123.976,-16.195]]],[[[123.45,-16.194],[123.449,-16.194],[123.45,-16.191],[123.45,-16.194]]],[[[123.448,-16.191],[123.447,-16.194],[123.446,-16.191],[123.448,-16.191]]],[[[123.477,-16.191],[123.476,-16.191],[123.476,-16.189],[123.477,-16.191]]],[[[123.842,-16.189],[123.838,-16.214],[123.831,-16.203],[123.842,-16.189]]],[[[123.872,-16.188],[123.891,-16.203],[123.875,-16.219],[123.872,-16.188]]],[[[123.543,-16.193],[123.546,-16.211],[123.539,-16.188],[123.543,-16.193]]],[[[123.799,-16.187],[123.816,-16.197],[123.811,-16.199],[123.799,-16.187]]],[[[123.457,-16.189],[123.453,-16.187],[123.457,-16.186],[123.457,-16.189]]],[[[123.818,-16.187],[123.816,-16.186],[123.818,-16.186],[123.818,-16.187]]],[[[123.525,-16.185],[123.523,-16.185],[123.524,-16.184],[123.525,-16.185]]],[[[123.812,-16.183],[123.808,-16.182],[123.809,-16.18],[123.812,-16.183]]],[[[123.341,-16.178],[123.339,-16.177],[123.341,-16.176],[123.341,-16.178]]],[[[123.339,-16.177],[123.337,-16.177],[123.337,-16.176],[123.339,-16.177]]],[[[123.343,-16.176],[123.341,-16.176],[123.343,-16.174],[123.343,-16.176]]],[[[123.419,-16.175],[123.419,-16.175],[123.419,-16.174],[123.419,-16.175]]],[[[123.811,-16.179],[123.808,-16.179],[123.807,-16.174],[123.811,-16.179]]],[[[123.882,-16.174],[123.891,-16.192],[123.876,-16.176],[123.882,-16.174]]],[[[123.322,-16.171],[123.322,-16.172],[123.321,-16.171],[123.322,-16.171]]],[[[123.425,-16.172],[123.432,-16.174],[123.425,-16.176],[123.425,-16.172]]],[[[145.448,-16.171],[145.447,-16.17],[145.448,-16.17],[145.448,-16.171]]],[[[123.568,-16.17],[123.567,-16.17],[123.567,-16.169],[123.568,-16.17]]],[[[123.42,-16.172],[123.418,-16.17],[123.421,-16.17],[123.42,-16.172]]],[[[123.803,-16.172],[123.802,-16.169],[123.804,-16.171],[123.803,-16.172]]],[[[123.411,-16.169],[123.412,-16.171],[123.408,-16.17],[123.411,-16.169]]],[[[123.401,-16.169],[123.399,-16.169],[123.401,-16.168],[123.401,-16.169]]],[[[123.572,-16.172],[123.57,-16.17],[123.57,-16.168],[123.572,-16.172]]],[[[123.464,-16.168],[123.463,-16.168],[123.463,-16.166],[123.464,-16.168]]],[[[123.795,-16.165],[123.8,-16.167],[123.796,-16.167],[123.795,-16.165]]],[[[123.357,-16.164],[123.353,-16.165],[123.354,-16.164],[123.357,-16.164]]],[[[123.777,-16.164],[123.808,-16.201],[123.791,-16.2],[123.777,-16.164]]],[[[124.079,-16.173],[124.068,-16.166],[124.08,-16.161],[124.079,-16.173]]],[[[123.33,-16.163],[123.328,-16.163],[123.327,-16.161],[123.33,-16.163]]],[[[123.771,-16.164],[123.768,-16.163],[123.767,-16.16],[123.771,-16.164]]],[[[124.079,-16.161],[124.078,-16.16],[124.079,-16.16],[124.079,-16.161]]],[[[123.322,-16.161],[123.322,-16.161],[123.321,-16.158],[123.322,-16.161]]],[[[123.421,-16.157],[123.42,-16.158],[123.42,-16.157],[123.421,-16.157]]],[[[123.532,-16.157],[123.531,-16.157],[123.532,-16.156],[123.532,-16.157]]],[[[123.656,-16.157],[123.653,-16.157],[123.655,-16.155],[123.656,-16.157]]],[[[123.457,-16.156],[123.46,-16.171],[123.428,-16.162],[123.457,-16.156]]],[[[123.431,-16.156],[123.43,-16.155],[123.432,-16.155],[123.431,-16.156]]],[[[123.436,-16.155],[123.435,-16.156],[123.433,-16.154],[123.436,-16.155]]],[[[123.438,-16.154],[123.437,-16.154],[123.438,-16.153],[123.438,-16.154]]],[[[123.931,-16.153],[123.93,-16.154],[123.93,-16.152],[123.931,-16.153]]],[[[123.835,-16.155],[123.833,-16.153],[123.835,-16.152],[123.835,-16.155]]],[[[123.349,-16.151],[123.347,-16.151],[123.35,-16.15],[123.349,-16.151]]],[[[123.831,-16.154],[123.824,-16.148],[123.832,-16.15],[123.831,-16.154]]],[[[123.711,-16.151],[123.703,-16.146],[123.706,-16.146],[123.711,-16.151]]],[[[123.326,-16.146],[123.352,-16.165],[123.331,-16.164],[123.326,-16.146]]],[[[123.535,-16.156],[123.526,-16.145],[123.535,-16.152],[123.535,-16.156]]],[[[123.591,-16.148],[123.595,-16.165],[123.57,-16.157],[123.591,-16.148]]],[[[123.324,-16.144],[123.322,-16.143],[123.324,-16.143],[123.324,-16.144]]],[[[123.474,-16.144],[123.471,-16.142],[123.472,-16.142],[123.474,-16.144]]],[[[123.522,-16.143],[123.523,-16.163],[123.509,-16.165],[123.522,-16.143]]],[[[123.449,-16.145],[123.461,-16.158],[123.442,-16.146],[123.449,-16.145]]],[[[123.46,-16.141],[123.46,-16.142],[123.458,-16.141],[123.46,-16.141]]],[[[123.464,-16.142],[123.463,-16.14],[123.463,-16.14],[123.464,-16.142]]],[[[123.822,-16.139],[123.831,-16.145],[123.824,-16.142],[123.822,-16.139]]],[[[123.458,-16.139],[123.456,-16.141],[123.454,-16.139],[123.458,-16.139]]],[[[123.419,-16.14],[123.417,-16.14],[123.418,-16.138],[123.419,-16.14]]],[[[123.466,-16.139],[123.464,-16.139],[123.46,-16.136],[123.466,-16.139]]],[[[123.326,-16.135],[123.328,-16.144],[123.309,-16.142],[123.326,-16.135]]],[[[123.395,-16.135],[123.393,-16.134],[123.395,-16.133],[123.395,-16.135]]],[[[123.462,-16.133],[123.46,-16.133],[123.461,-16.132],[123.462,-16.133]]],[[[123.289,-16.133],[123.288,-16.133],[123.288,-16.132],[123.289,-16.133]]],[[[123.292,-16.133],[123.289,-16.132],[123.29,-16.131],[123.292,-16.133]]],[[[123.469,-16.133],[123.467,-16.133],[123.468,-16.13],[123.469,-16.133]]],[[[123.425,-16.131],[123.424,-16.131],[123.424,-16.129],[123.425,-16.131]]],[[[124.07,-16.136],[124.095,-16.142],[124.099,-16.163],[124.065,-16.152],[124.07,-16.136]]],[[[123.708,-16.131],[123.815,-16.217],[123.772,-16.216],[123.797,-16.263],[123.783,-16.243],[123.783,-16.262],[123.777,-16.252],[123.741,-16.263],[123.783,-16.298],[123.783,-16.284],[123.796,-16.316],[123.81,-16.321],[123.8,-16.304],[123.866,-16.328],[123.86,-16.35],[123.876,-16.347],[123.866,-16.362],[123.876,-16.378],[123.836,-16.354],[123.854,-16.435],[123.871,-16.447],[123.867,-16.413],[123.9,-16.423],[123.884,-16.354],[123.909,-16.363],[123.886,-16.343],[123.917,-16.352],[123.884,-16.304],[123.941,-16.36],[123.976,-16.379],[123.988,-16.37],[123.934,-16.298],[123.961,-16.28],[124,-16.292],[123.916,-16.231],[123.91,-16.21],[123.97,-16.254],[124.003,-16.255],[124,-16.265],[124.027,-16.256],[124.039,-16.277],[124.124,-16.28],[124.179,-16.309],[124.202,-16.405],[124.211,-16.398],[124.232,-16.419],[124.325,-16.415],[124.332,-16.439],[124.308,-16.455],[124.319,-16.469],[124.388,-16.444],[124.407,-16.479],[124.392,-16.505],[124.415,-16.51],[124.392,-16.533],[124.41,-16.543],[124.428,-16.518],[124.436,-16.526],[124.43,-16.498],[124.443,-16.509],[124.444,-16.495],[124.468,-16.499],[124.441,-16.475],[124.419,-16.485],[124.403,-16.47],[124.389,-16.415],[124.337,-16.419],[124.387,-16.346],[124.407,-16.373],[124.426,-16.367],[124.431,-16.394],[124.45,-16.389],[124.449,-16.411],[124.501,-16.401],[124.6,-16.414],[124.745,-16.39],[124.829,-16.432],[124.909,-16.42],[124.675,-16.654],[124.466,-16.809],[124.409,-16.869],[124.373,-16.951],[124.279,-17.311],[124.22,-17.417],[124.156,-17.488],[124.027,-17.578],[123.758,-17.708],[123.615,-17.75],[123.448,-17.756],[123.297,-17.719],[123.171,-17.651],[123.065,-17.56],[122.861,-17.345],[122.798,-17.331],[122.741,-17.353],[122.677,-17.423],[122.653,-17.53],[122.677,-17.673],[122.761,-17.883],[122.794,-18.028],[122.789,-18.168],[122.735,-18.324],[122.589,-18.511],[122.255,-18.779],[122.157,-18.878],[121.833,-19.446],[121.684,-19.64],[121.533,-19.79],[121.23,-20],[119.743,-19.999],[119.753,-19.984],[119.73,-19.976],[119.757,-19.964],[119.765,-19.976],[119.764,-19.956],[119.788,-19.973],[119.866,-19.97],[119.973,-19.933],[120.236,-19.903],[120.631,-19.77],[120.951,-19.639],[121.2,-19.475],[121.333,-19.342],[121.511,-19.094],[121.518,-19.043],[121.565,-18.969],[121.553,-18.943],[121.6,-18.941],[121.576,-18.947],[121.603,-18.869],[121.628,-18.842],[121.638,-18.848],[121.643,-18.818],[121.653,-18.836],[121.656,-18.767],[121.62,-18.742],[121.618,-18.706],[121.629,-18.7],[121.631,-18.722],[121.635,-18.704],[121.681,-18.721],[121.698,-18.699],[121.741,-18.705],[121.752,-18.675],[121.793,-18.657],[121.791,-18.609],[121.729,-18.576],[121.765,-18.553],[121.791,-18.504],[121.788,-18.538],[121.798,-18.53],[121.817,-18.492],[121.81,-18.482],[121.803,-18.508],[121.789,-18.484],[121.815,-18.451],[121.84,-18.444],[121.872,-18.472],[121.947,-18.439],[122.017,-18.391],[122.064,-18.326],[122.13,-18.307],[122.178,-18.266],[122.188,-18.235],[122.201,-18.234],[122.185,-18.248],[122.2,-18.25],[122.215,-18.204],[122.315,-18.172],[122.37,-18.116],[122.378,-17.99],[122.251,-17.952],[122.207,-18.009],[122.175,-17.974],[122.205,-17.945],[122.213,-17.874],[122.2,-17.685],[122.145,-17.56],[122.15,-17.355],[122.173,-17.264],[122.187,-17.24],[122.211,-17.24],[122.252,-17.158],[122.257,-17.169],[122.282,-17.145],[122.319,-17.159],[122.288,-17.14],[122.319,-17.135],[122.293,-17.13],[122.303,-17.112],[122.267,-17.137],[122.253,-17.12],[122.296,-17.067],[122.351,-17.037],[122.366,-16.998],[122.47,-16.936],[122.431,-16.983],[122.468,-16.969],[122.469,-16.986],[122.481,-16.981],[122.48,-16.895],[122.49,-16.918],[122.52,-16.934],[122.508,-16.954],[122.612,-16.965],[122.596,-16.964],[122.57,-16.929],[122.534,-16.837],[122.549,-16.82],[122.551,-16.835],[122.571,-16.836],[122.553,-16.805],[122.579,-16.762],[122.61,-16.766],[122.637,-16.801],[122.734,-16.778],[122.757,-16.746],[122.743,-16.772],[122.774,-16.751],[122.787,-16.772],[122.782,-16.747],[122.846,-16.792],[122.821,-16.757],[122.838,-16.744],[122.81,-16.753],[122.776,-16.735],[122.784,-16.696],[122.763,-16.71],[122.742,-16.683],[122.771,-16.629],[122.771,-16.59],[122.81,-16.545],[122.795,-16.572],[122.833,-16.561],[122.816,-16.556],[122.848,-16.546],[122.861,-16.519],[122.884,-16.53],[122.854,-16.513],[122.904,-16.489],[122.898,-16.447],[122.925,-16.389],[122.955,-16.402],[122.988,-16.381],[122.982,-16.406],[122.992,-16.38],[123.039,-16.359],[123.02,-16.378],[123.035,-16.4],[123.015,-16.406],[123.043,-16.44],[123.077,-16.44],[123.045,-16.474],[123.043,-16.459],[123.015,-16.452],[122.983,-16.465],[122.979,-16.477],[122.998,-16.486],[122.971,-16.516],[123.008,-16.528],[122.955,-16.581],[122.997,-16.602],[122.996,-16.641],[123.023,-16.605],[123.039,-16.621],[123.036,-16.672],[123.051,-16.691],[123.079,-16.693],[123.084,-16.665],[123.094,-16.709],[123.127,-16.711],[123.139,-16.688],[123.145,-16.708],[123.133,-16.738],[123.103,-16.745],[123.103,-16.784],[123.153,-16.802],[123.178,-16.858],[123.154,-16.878],[123.149,-16.925],[123.236,-16.971],[123.278,-17.036],[123.291,-17.108],[123.345,-17.163],[123.383,-17.24],[123.393,-17.316],[123.459,-17.351],[123.483,-17.397],[123.514,-17.418],[123.512,-17.436],[123.538,-17.454],[123.534,-17.482],[123.545,-17.469],[123.544,-17.501],[123.577,-17.524],[123.58,-17.584],[123.593,-17.575],[123.6,-17.516],[123.58,-17.484],[123.583,-17.425],[123.564,-17.406],[123.581,-17.35],[123.594,-17.362],[123.603,-17.339],[123.624,-17.199],[123.646,-17.184],[123.591,-17.101],[123.584,-17.033],[123.601,-17.011],[123.648,-17],[123.66,-17.04],[123.689,-17.06],[123.704,-17.043],[123.741,-17.068],[123.789,-17.152],[123.863,-17.217],[123.913,-17.212],[123.888,-17.203],[123.83,-17.135],[123.796,-17.004],[123.82,-16.998],[123.803,-16.986],[123.827,-16.957],[123.959,-16.852],[123.951,-16.818],[123.942,-16.852],[123.893,-16.857],[123.861,-16.891],[123.789,-16.908],[123.761,-16.876],[123.758,-16.838],[123.718,-16.785],[123.712,-16.753],[123.682,-16.752],[123.618,-16.679],[123.503,-16.659],[123.521,-16.65],[123.507,-16.643],[123.574,-16.625],[123.556,-16.613],[123.572,-16.608],[123.563,-16.588],[123.602,-16.582],[123.589,-16.567],[123.619,-16.574],[123.615,-16.554],[123.589,-16.538],[123.579,-16.55],[123.526,-16.544],[123.542,-16.572],[123.518,-16.566],[123.512,-16.598],[123.494,-16.571],[123.513,-16.568],[123.464,-16.535],[123.468,-16.518],[123.424,-16.506],[123.497,-16.515],[123.495,-16.494],[123.461,-16.477],[123.473,-16.47],[123.534,-16.509],[123.643,-16.53],[123.583,-16.499],[123.659,-16.496],[123.651,-16.475],[123.498,-16.41],[123.582,-16.428],[123.51,-16.38],[123.598,-16.406],[123.605,-16.416],[123.592,-16.417],[123.621,-16.43],[123.666,-16.437],[123.697,-16.421],[123.629,-16.36],[123.659,-16.363],[123.664,-16.383],[123.663,-16.368],[123.716,-16.373],[123.697,-16.338],[123.612,-16.286],[123.625,-16.315],[123.593,-16.311],[123.599,-16.323],[123.547,-16.278],[123.55,-16.263],[123.566,-16.276],[123.599,-16.264],[123.576,-16.245],[123.617,-16.262],[123.61,-16.244],[123.58,-16.239],[123.602,-16.232],[123.564,-16.216],[123.601,-16.216],[123.564,-16.21],[123.574,-16.2],[123.558,-16.176],[123.613,-16.16],[123.636,-16.176],[123.62,-16.158],[123.655,-16.168],[123.66,-16.153],[123.676,-16.163],[123.665,-16.151],[123.693,-16.151],[123.701,-16.19],[123.714,-16.168],[123.703,-16.154],[123.723,-16.171],[123.713,-16.154],[123.728,-16.157],[123.708,-16.131]]],[[[123.286,-16.129],[123.285,-16.129],[123.286,-16.128],[123.286,-16.129]]],[[[123.295,-16.126],[123.317,-16.135],[123.3,-16.137],[123.295,-16.126]]],[[[123.443,-16.128],[123.439,-16.127],[123.439,-16.123],[123.443,-16.128]]],[[[123.862,-16.137],[123.857,-16.135],[123.846,-16.122],[123.862,-16.137]]],[[[123.62,-16.123],[123.619,-16.123],[123.62,-16.122],[123.62,-16.123]]],[[[123.373,-16.122],[123.372,-16.122],[123.372,-16.121],[123.373,-16.122]]],[[[123.297,-16.12],[123.295,-16.12],[123.293,-16.118],[123.297,-16.12]]],[[[123.447,-16.117],[123.446,-16.118],[123.446,-16.117],[123.447,-16.117]]],[[[124.103,-16.116],[124.098,-16.127],[124.096,-16.119],[124.103,-16.116]]],[[[123.757,-16.113],[123.754,-16.112],[123.754,-16.11],[123.757,-16.113]]],[[[123.679,-16.109],[123.682,-16.111],[123.675,-16.11],[123.679,-16.109]]],[[[123.772,-16.111],[123.764,-16.109],[123.77,-16.109],[123.772,-16.111]]],[[[123.402,-16.108],[123.415,-16.137],[123.389,-16.13],[123.402,-16.108]]],[[[123.707,-16.106],[123.777,-16.126],[123.789,-16.114],[123.797,-16.147],[123.783,-16.149],[123.789,-16.16],[123.778,-16.142],[123.759,-16.149],[123.766,-16.159],[123.709,-16.114],[123.684,-16.115],[123.707,-16.106]]],[[[123.646,-16.105],[123.646,-16.108],[123.64,-16.106],[123.646,-16.105]]],[[[124.09,-16.103],[124.09,-16.103],[124.088,-16.102],[124.09,-16.103]]],[[[124.48,-16.104],[124.479,-16.103],[124.48,-16.101],[124.48,-16.104]]],[[[123.449,-16.102],[123.448,-16.102],[123.447,-16.101],[123.449,-16.102]]],[[[123.446,-16.1],[123.442,-16.099],[123.445,-16.097],[123.446,-16.1]]],[[[123.53,-16.095],[123.529,-16.094],[123.529,-16.092],[123.53,-16.095]]],[[[123.448,-16.092],[123.451,-16.092],[123.45,-16.097],[123.448,-16.092]]],[[[124.067,-16.082],[124.063,-16.088],[124.062,-16.083],[124.067,-16.082]]],[[[123.401,-16.082],[123.4,-16.082],[123.401,-16.081],[123.401,-16.082]]],[[[124.101,-16.097],[124.1,-16.116],[124.089,-16.1],[124.072,-16.12],[124.058,-16.105],[124.076,-16.093],[124.071,-16.081],[124.101,-16.097]]],[[[123.589,-16.081],[123.641,-16.1],[123.611,-16.102],[123.589,-16.081]]],[[[123.449,-16.079],[123.447,-16.079],[123.45,-16.077],[123.449,-16.079]]],[[[123.434,-16.079],[123.446,-16.086],[123.435,-16.091],[123.442,-16.114],[123.424,-16.088],[123.434,-16.079]]],[[[123.431,-16.077],[123.429,-16.076],[123.43,-16.075],[123.431,-16.077]]],[[[124.069,-16.08],[124.064,-16.076],[124.067,-16.076],[124.069,-16.08]]],[[[123.446,-16.078],[123.442,-16.076],[123.442,-16.075],[123.446,-16.078]]],[[[123.989,-16.076],[123.988,-16.076],[123.988,-16.075],[123.989,-16.076]]],[[[124.057,-16.077],[124.054,-16.077],[124.054,-16.074],[124.057,-16.077]]],[[[123.415,-16.079],[123.405,-16.086],[123.389,-16.07],[123.415,-16.079]]],[[[123.939,-16.069],[123.938,-16.069],[123.938,-16.069],[123.939,-16.069]]],[[[123.378,-16.063],[123.386,-16.068],[123.381,-16.069],[123.378,-16.063]]],[[[123.936,-16.07],[123.933,-16.069],[123.933,-16.061],[123.936,-16.07]]],[[[123.369,-16.063],[123.364,-16.063],[123.367,-16.061],[123.369,-16.063]]],[[[123.555,-16.061],[123.563,-16.069],[123.551,-16.065],[123.555,-16.061]]],[[[123.543,-16.061],[123.564,-16.078],[123.55,-16.078],[123.553,-16.099],[123.525,-16.086],[123.526,-16.061],[123.543,-16.061]]],[[[124.453,-16.059],[124.452,-16.059],[124.452,-16.058],[124.453,-16.059]]],[[[123.38,-16.058],[123.424,-16.072],[123.397,-16.067],[123.38,-16.058]]],[[[123.402,-16.059],[123.401,-16.058],[123.403,-16.058],[123.402,-16.059]]],[[[123.341,-16.056],[123.341,-16.057],[123.339,-16.056],[123.341,-16.056]]],[[[123.353,-16.057],[123.352,-16.059],[123.345,-16.056],[123.353,-16.057]]],[[[124.039,-16.059],[124.035,-16.06],[124.034,-16.056],[124.039,-16.059]]],[[[124.47,-16.057],[124.473,-16.058],[124.47,-16.062],[124.47,-16.057]]],[[[123.52,-16.061],[123.514,-16.06],[123.507,-16.054],[123.52,-16.061]]],[[[123.562,-16.052],[123.561,-16.052],[123.561,-16.051],[123.562,-16.052]]],[[[124.04,-16.052],[124.039,-16.051],[124.041,-16.051],[124.04,-16.052]]],[[[123.365,-16.05],[123.376,-16.059],[123.361,-16.062],[123.365,-16.05]]],[[[123.366,-16.043],[123.359,-16.042],[123.357,-16.04],[123.366,-16.043]]],[[[123.274,-16.044],[123.271,-16.042],[123.274,-16.039],[123.274,-16.044]]],[[[123.367,-16.041],[123.363,-16.039],[123.365,-16.04],[123.367,-16.041]]],[[[123.355,-16.039],[123.349,-16.04],[123.348,-16.039],[123.355,-16.039]]],[[[123.361,-16.038],[123.358,-16.038],[123.356,-16.037],[123.361,-16.038]]],[[[123.354,-16.037],[123.348,-16.035],[123.35,-16.035],[123.354,-16.037]]],[[[123.289,-16.036],[123.286,-16.035],[123.288,-16.034],[123.289,-16.036]]],[[[123.557,-16.035],[123.556,-16.035],[123.557,-16.034],[123.557,-16.035]]],[[[123.56,-16.033],[123.56,-16.034],[123.559,-16.034],[123.56,-16.033]]],[[[123.311,-16.035],[123.295,-16.046],[123.278,-16.043],[123.311,-16.035]]],[[[123.555,-16.036],[123.551,-16.033],[123.553,-16.031],[123.555,-16.036]]],[[[123.561,-16.032],[123.56,-16.032],[123.559,-16.03],[123.561,-16.032]]],[[[123.54,-16.025],[123.545,-16.026],[123.544,-16.031],[123.54,-16.025]]],[[[123.522,-16.017],[123.551,-16.048],[123.53,-16.05],[123.508,-16.024],[123.522,-16.017]]],[[[123.513,-16.015],[123.512,-16.014],[123.513,-16.014],[123.513,-16.015]]],[[[124.013,-16.012],[124.028,-16.018],[124.006,-16.013],[124.013,-16.012]]],[[[124.467,-16.004],[124.457,-16.03],[124.462,-16.001],[124.467,-16.004]]],[[[124.641,-15.995],[124.64,-15.995],[124.641,-15.994],[124.641,-15.995]]],[[[123.538,-15.985],[123.541,-15.988],[123.539,-15.99],[123.538,-15.985]]],[[[123.541,-15.985],[123.54,-15.985],[123.541,-15.984],[123.541,-15.985]]],[[[124.471,-15.984],[124.477,-15.989],[124.471,-15.995],[124.471,-15.984]]],[[[124.453,-15.984],[124.452,-15.983],[124.454,-15.981],[124.453,-15.984]]],[[[124.455,-15.981],[124.454,-15.981],[124.455,-15.98],[124.455,-15.981]]],[[[124.065,-15.975],[124.064,-15.977],[124.061,-15.975],[124.065,-15.975]]],[[[124.596,-15.977],[124.595,-15.974],[124.597,-15.975],[124.596,-15.977]]],[[[124.491,-15.975],[124.491,-15.974],[124.492,-15.973],[124.491,-15.975]]],[[[123.692,-15.973],[123.69,-15.974],[123.693,-15.97],[123.692,-15.973]]],[[[124.072,-15.971],[124.079,-15.975],[124.07,-15.976],[124.072,-15.971]]],[[[124.484,-15.972],[124.477,-15.982],[124.474,-15.975],[124.484,-15.972]]],[[[123.683,-15.965],[123.683,-15.965],[123.684,-15.963],[123.683,-15.965]]],[[[124.471,-15.965],[124.465,-15.971],[124.466,-15.966],[124.471,-15.965]]],[[[123.698,-15.962],[123.697,-15.962],[123.698,-15.961],[123.698,-15.962]]],[[[123.692,-15.962],[123.691,-15.962],[123.692,-15.961],[123.692,-15.962]]],[[[124.472,-15.957],[124.471,-15.957],[124.471,-15.957],[124.472,-15.957]]],[[[124.473,-15.956],[124.472,-15.957],[124.472,-15.955],[124.473,-15.956]]],[[[124.596,-15.96],[124.592,-15.959],[124.594,-15.954],[124.596,-15.96]]],[[[124.195,-15.957],[124.193,-15.956],[124.193,-15.954],[124.195,-15.957]]],[[[124.305,-15.954],[124.304,-15.953],[124.307,-15.952],[124.305,-15.954]]],[[[124.495,-15.947],[124.494,-15.946],[124.496,-15.945],[124.495,-15.947]]],[[[124.466,-15.946],[124.466,-15.945],[124.466,-15.945],[124.466,-15.946]]],[[[124.463,-15.945],[124.463,-15.945],[124.464,-15.944],[124.463,-15.945]]],[[[124.484,-15.944],[124.484,-15.944],[124.484,-15.943],[124.484,-15.944]]],[[[124.493,-15.943],[124.49,-15.947],[124.488,-15.942],[124.493,-15.943]]],[[[124.181,-15.946],[124.179,-15.945],[124.18,-15.941],[124.181,-15.946]]],[[[124.48,-15.941],[124.48,-15.942],[124.48,-15.941],[124.48,-15.941]]],[[[124.186,-15.957],[124.175,-15.948],[124.177,-15.938],[124.186,-15.957]]],[[[124.506,-15.937],[124.502,-15.94],[124.498,-15.939],[124.506,-15.937]]],[[[124.284,-15.937],[124.283,-15.937],[124.282,-15.936],[124.284,-15.937]]],[[[124.215,-15.952],[124.212,-15.935],[124.22,-15.946],[124.215,-15.952]]],[[[124.289,-15.936],[124.288,-15.935],[124.289,-15.935],[124.289,-15.936]]],[[[124.209,-15.933],[124.209,-15.933],[124.209,-15.931],[124.209,-15.933]]],[[[124.422,-15.933],[124.42,-15.931],[124.421,-15.929],[124.422,-15.933]]],[[[124.326,-15.928],[124.325,-15.928],[124.325,-15.927],[124.326,-15.928]]],[[[123.693,-15.928],[123.702,-15.959],[123.689,-15.967],[123.693,-15.928]]],[[[124.341,-15.924],[124.34,-15.924],[124.341,-15.922],[124.341,-15.924]]],[[[124.609,-15.92],[124.608,-15.92],[124.608,-15.92],[124.609,-15.92]]],[[[124.341,-15.92],[124.34,-15.92],[124.34,-15.92],[124.341,-15.92]]],[[[124.594,-15.92],[124.592,-15.92],[124.593,-15.919],[124.594,-15.92]]],[[[124.57,-15.921],[124.57,-15.92],[124.572,-15.919],[124.57,-15.921]]],[[[124.225,-15.942],[124.212,-15.919],[124.227,-15.927],[124.225,-15.942]]],[[[124.61,-15.919],[124.609,-15.918],[124.61,-15.918],[124.61,-15.919]]],[[[124.62,-15.919],[124.619,-15.918],[124.619,-15.918],[124.62,-15.919]]],[[[124.612,-15.918],[124.611,-15.918],[124.612,-15.917],[124.612,-15.918]]],[[[124.192,-15.917],[124.211,-15.954],[124.233,-15.953],[124.234,-15.971],[124.201,-15.965],[124.192,-15.917]]],[[[124.615,-15.917],[124.614,-15.917],[124.615,-15.916],[124.615,-15.917]]],[[[124.617,-15.916],[124.616,-15.916],[124.616,-15.916],[124.617,-15.916]]],[[[124.343,-15.917],[124.343,-15.916],[124.344,-15.914],[124.343,-15.917]]],[[[124.6,-15.906],[124.599,-15.906],[124.599,-15.906],[124.6,-15.906]]],[[[124.595,-15.909],[124.585,-15.952],[124.532,-15.967],[124.573,-15.911],[124.595,-15.909]]],[[[124.343,-15.912],[124.341,-15.911],[124.345,-15.904],[124.343,-15.912]]],[[[124.46,-15.904],[124.459,-15.904],[124.46,-15.903],[124.46,-15.904]]],[[[123.689,-15.902],[123.688,-15.902],[123.688,-15.9],[123.689,-15.902]]],[[[124.457,-15.9],[124.455,-15.898],[124.458,-15.898],[124.457,-15.9]]],[[[124.303,-15.899],[124.302,-15.899],[124.302,-15.897],[124.303,-15.899]]],[[[124.462,-15.897],[124.469,-15.936],[124.449,-15.985],[124.462,-15.897]]],[[[124.605,-15.896],[124.605,-15.896],[124.605,-15.895],[124.605,-15.896]]],[[[124.455,-15.896],[124.454,-15.895],[124.455,-15.895],[124.455,-15.896]]],[[[124.449,-15.896],[124.447,-15.895],[124.448,-15.895],[124.449,-15.896]]],[[[124.456,-15.894],[124.456,-15.894],[124.456,-15.893],[124.456,-15.894]]],[[[124.458,-15.893],[124.457,-15.893],[124.457,-15.892],[124.458,-15.893]]],[[[124.451,-15.887],[124.451,-15.887],[124.451,-15.886],[124.451,-15.887]]],[[[124.455,-15.884],[124.456,-15.891],[124.452,-15.884],[124.455,-15.884]]],[[[124.455,-15.883],[124.455,-15.883],[124.455,-15.882],[124.455,-15.883]]],[[[124.628,-15.881],[124.627,-15.88],[124.627,-15.88],[124.628,-15.881]]],[[[124.675,-15.88],[124.675,-15.88],[124.674,-15.88],[124.675,-15.88]]],[[[123.675,-15.877],[123.674,-15.878],[123.675,-15.876],[123.675,-15.877]]],[[[123.636,-15.875],[123.636,-15.872],[123.638,-15.87],[123.636,-15.875]]],[[[124.451,-15.869],[124.447,-15.888],[124.442,-15.875],[124.451,-15.869]]],[[[123.711,-15.869],[123.708,-15.868],[123.707,-15.867],[123.711,-15.869]]],[[[123.674,-15.868],[123.673,-15.867],[123.673,-15.865],[123.674,-15.868]]],[[[124.675,-15.865],[124.675,-15.865],[124.674,-15.863],[124.675,-15.865]]],[[[124.669,-15.855],[124.669,-15.855],[124.669,-15.856],[124.669,-15.855]]],[[[124.671,-15.855],[124.67,-15.858],[124.669,-15.856],[124.671,-15.855]]],[[[137.074,-15.856],[137.069,-15.866],[137.068,-15.857],[137.074,-15.856]]],[[[124.662,-15.857],[124.659,-15.855],[124.66,-15.853],[124.662,-15.857]]],[[[124.453,-15.836],[124.453,-15.863],[124.448,-15.837],[124.453,-15.836]]],[[[124.457,-15.833],[124.457,-15.831],[124.457,-15.831],[124.457,-15.833]]],[[[124.458,-15.827],[124.457,-15.826],[124.458,-15.823],[124.458,-15.827]]],[[[124.711,-15.809],[124.71,-15.808],[124.71,-15.808],[124.711,-15.809]]],[[[124.655,-15.788],[124.648,-15.799],[124.629,-15.804],[124.655,-15.788]]],[[[124.63,-15.79],[124.629,-15.79],[124.628,-15.788],[124.63,-15.79]]],[[[124.628,-15.786],[124.627,-15.788],[124.627,-15.786],[124.628,-15.786]]],[[[136.959,-15.788],[136.959,-15.785],[136.96,-15.786],[136.959,-15.788]]],[[[124.634,-15.783],[124.633,-15.782],[124.633,-15.78],[124.634,-15.783]]],[[[124.706,-15.767],[124.705,-15.767],[124.707,-15.766],[124.706,-15.767]]],[[[136.949,-15.767],[136.947,-15.777],[136.94,-15.768],[136.949,-15.767]]],[[[124.683,-15.76],[124.68,-15.762],[124.681,-15.76],[124.683,-15.76]]],[[[136.722,-15.764],[136.717,-15.761],[136.718,-15.756],[136.722,-15.764]]],[[[136.774,-15.756],[136.772,-15.756],[136.773,-15.754],[136.774,-15.756]]],[[[137.106,-15.751],[137.103,-15.75],[137.105,-15.747],[137.106,-15.751]]],[[[136.799,-15.746],[136.798,-15.747],[136.798,-15.745],[136.799,-15.746]]],[[[145.446,-15.748],[145.445,-15.754],[145.442,-15.745],[145.446,-15.748]]],[[[137.104,-15.737],[137.103,-15.735],[137.104,-15.735],[137.104,-15.737]]],[[[137.102,-15.734],[137.101,-15.733],[137.102,-15.732],[137.102,-15.734]]],[[[145.458,-15.731],[145.458,-15.73],[145.459,-15.73],[145.458,-15.731]]],[[[124.395,-15.726],[124.395,-15.725],[124.395,-15.726],[124.395,-15.726]]],[[[136.822,-15.726],[136.816,-15.747],[136.801,-15.742],[136.8,-15.728],[136.822,-15.726]]],[[[124.418,-15.722],[124.418,-15.721],[124.419,-15.721],[124.418,-15.722]]],[[[136.884,-15.716],[136.887,-15.716],[136.881,-15.719],[136.884,-15.716]]],[[[136.829,-15.718],[136.828,-15.718],[136.831,-15.715],[136.829,-15.718]]],[[[124.41,-15.714],[124.41,-15.713],[124.411,-15.712],[124.41,-15.714]]],[[[136.732,-15.716],[136.729,-15.715],[136.73,-15.712],[136.732,-15.716]]],[[[136.899,-15.707],[136.897,-15.708],[136.899,-15.706],[136.899,-15.707]]],[[[124.381,-15.69],[124.384,-15.692],[124.382,-15.695],[124.381,-15.69]]],[[[124.386,-15.69],[124.386,-15.689],[124.386,-15.689],[124.386,-15.69]]],[[[124.402,-15.665],[124.401,-15.664],[124.401,-15.663],[124.402,-15.665]]],[[[136.834,-15.664],[136.831,-15.661],[136.834,-15.662],[136.834,-15.664]]],[[[124.381,-15.658],[124.38,-15.658],[124.381,-15.657],[124.381,-15.658]]],[[[124.441,-15.656],[124.439,-15.655],[124.442,-15.654],[124.441,-15.656]]],[[[124.445,-15.653],[124.444,-15.653],[124.444,-15.652],[124.445,-15.653]]],[[[136.732,-15.657],[136.726,-15.655],[136.728,-15.649],[136.732,-15.657]]],[[[137.085,-15.65],[137.079,-15.651],[137.082,-15.648],[137.085,-15.65]]],[[[136.976,-15.652],[136.972,-15.651],[136.972,-15.647],[136.976,-15.652]]],[[[136.766,-15.641],[136.828,-15.662],[136.837,-15.687],[136.814,-15.7],[136.788,-15.687],[136.78,-15.701],[136.798,-15.703],[136.804,-15.724],[136.738,-15.763],[136.728,-15.736],[136.751,-15.713],[136.73,-15.7],[136.735,-15.648],[136.766,-15.641]]],[[[137.076,-15.638],[137.077,-15.634],[137.079,-15.637],[137.076,-15.638]]],[[[136.931,-15.629],[136.929,-15.627],[136.935,-15.628],[136.931,-15.629]]],[[[136.716,-15.609],[136.72,-15.613],[136.716,-15.613],[136.716,-15.609]]],[[[124.435,-15.61],[124.434,-15.609],[124.435,-15.609],[124.435,-15.61]]],[[[124.433,-15.61],[124.432,-15.609],[124.433,-15.609],[124.433,-15.61]]],[[[136.907,-15.615],[136.903,-15.616],[136.908,-15.606],[136.907,-15.615]]],[[[145.335,-15.606],[145.337,-15.607],[145.335,-15.608],[145.335,-15.606]]],[[[136.979,-15.607],[136.976,-15.601],[136.982,-15.598],[136.979,-15.607]]],[[[136.794,-15.591],[136.819,-15.604],[136.778,-15.609],[136.794,-15.591]]],[[[136.669,-15.595],[136.68,-15.611],[136.646,-15.606],[136.669,-15.595]]],[[[136.679,-15.59],[136.677,-15.591],[136.676,-15.59],[136.679,-15.59]]],[[[125.259,-15.585],[125.258,-15.585],[125.259,-15.584],[125.259,-15.585]]],[[[137.002,-15.592],[137.02,-15.595],[137.032,-15.634],[137.055,-15.64],[137.065,-15.627],[137.063,-15.653],[137.082,-15.656],[137.073,-15.746],[137.106,-15.774],[137.075,-15.846],[137.04,-15.836],[137.035,-15.797],[137.016,-15.806],[136.993,-15.792],[136.989,-15.761],[136.97,-15.749],[136.978,-15.712],[136.964,-15.731],[136.959,-15.71],[136.948,-15.718],[136.954,-15.74],[136.929,-15.725],[136.939,-15.69],[136.919,-15.682],[136.94,-15.684],[136.947,-15.663],[136.936,-15.66],[136.961,-15.64],[136.991,-15.673],[136.977,-15.634],[137,-15.623],[136.991,-15.586],[137.002,-15.592]]],[[[136.963,-15.588],[136.961,-15.588],[136.96,-15.584],[136.963,-15.588]]],[[[125.262,-15.584],[125.261,-15.584],[125.261,-15.583],[125.262,-15.584]]],[[[136.657,-15.589],[136.656,-15.582],[136.659,-15.583],[136.657,-15.589]]],[[[136.851,-15.573],[136.849,-15.572],[136.851,-15.572],[136.851,-15.573]]],[[[125.226,-15.558],[125.225,-15.558],[125.225,-15.557],[125.226,-15.558]]],[[[136.837,-15.56],[136.836,-15.585],[136.774,-15.579],[136.793,-15.56],[136.837,-15.56]]],[[[125.225,-15.555],[125.225,-15.557],[125.224,-15.555],[125.225,-15.555]]],[[[125.223,-15.552],[125.224,-15.553],[125.223,-15.553],[125.223,-15.552]]],[[[124.416,-15.551],[124.415,-15.551],[124.416,-15.549],[124.416,-15.551]]],[[[124.412,-15.541],[124.417,-15.547],[124.412,-15.549],[124.412,-15.541]]],[[[125.014,-15.537],[125.012,-15.538],[125.013,-15.537],[125.014,-15.537]]],[[[124.402,-15.544],[124.399,-15.543],[124.401,-15.536],[124.402,-15.544]]],[[[136.885,-15.537],[136.884,-15.536],[136.885,-15.536],[136.885,-15.537]]],[[[125.013,-15.534],[125.012,-15.534],[125.013,-15.534],[125.013,-15.534]]],[[[124.439,-15.533],[124.44,-15.534],[124.438,-15.534],[124.439,-15.533]]],[[[145.35,-15.53],[145.349,-15.53],[145.35,-15.529],[145.35,-15.53]]],[[[125.008,-15.528],[125.007,-15.528],[125.008,-15.528],[125.008,-15.528]]],[[[124.461,-15.532],[124.459,-15.525],[124.462,-15.529],[124.461,-15.532]]],[[[124.402,-15.534],[124.4,-15.525],[124.405,-15.531],[124.402,-15.534]]],[[[123.161,-15.523],[123.16,-15.522],[123.16,-15.522],[123.161,-15.523]]],[[[125.167,-15.523],[125.166,-15.521],[125.167,-15.522],[125.167,-15.523]]],[[[123.158,-15.52],[123.158,-15.52],[123.158,-15.519],[123.158,-15.52]]],[[[136.51,-15.529],[136.508,-15.526],[136.515,-15.519],[136.51,-15.529]]],[[[125.03,-15.52],[125.029,-15.519],[125.029,-15.518],[125.03,-15.52]]],[[[125.169,-15.517],[125.166,-15.516],[125.166,-15.514],[125.169,-15.517]]],[[[124.59,-15.512],[124.59,-15.512],[124.589,-15.511],[124.59,-15.512]]],[[[124.588,-15.512],[124.588,-15.512],[124.589,-15.511],[124.588,-15.512]]],[[[136.59,-15.517],[136.61,-15.524],[136.617,-15.555],[136.597,-15.581],[136.605,-15.624],[136.591,-15.644],[136.551,-15.64],[136.523,-15.654],[136.495,-15.644],[136.513,-15.623],[136.512,-15.543],[136.59,-15.517]]],[[[123.161,-15.514],[123.167,-15.528],[123.156,-15.536],[123.161,-15.514]]],[[[125.155,-15.51],[125.152,-15.508],[125.154,-15.508],[125.155,-15.51]]],[[[124.586,-15.512],[124.586,-15.509],[124.59,-15.508],[124.586,-15.512]]],[[[124.627,-15.508],[124.626,-15.508],[124.627,-15.506],[124.627,-15.508]]],[[[136.882,-15.515],[136.874,-15.532],[136.905,-15.59],[136.862,-15.607],[136.882,-15.613],[136.882,-15.636],[136.845,-15.647],[136.837,-15.629],[136.852,-15.625],[136.83,-15.618],[136.856,-15.582],[136.842,-15.542],[136.867,-15.508],[136.882,-15.515]]],[[[124.405,-15.507],[124.404,-15.507],[124.403,-15.505],[124.405,-15.507]]],[[[124.629,-15.506],[124.628,-15.505],[124.629,-15.505],[124.629,-15.506]]],[[[125.148,-15.504],[125.148,-15.505],[125.147,-15.504],[125.148,-15.504]]],[[[125.145,-15.503],[125.144,-15.503],[125.145,-15.503],[125.145,-15.503]]],[[[125.003,-15.502],[125.002,-15.502],[125.002,-15.501],[125.003,-15.502]]],[[[136.957,-15.503],[136.95,-15.503],[136.955,-15.499],[136.957,-15.503]]],[[[124.599,-15.499],[124.597,-15.5],[124.598,-15.498],[124.599,-15.499]]],[[[125.052,-15.498],[125.051,-15.497],[125.052,-15.497],[125.052,-15.498]]],[[[136.92,-15.498],[136.918,-15.496],[136.919,-15.492],[136.92,-15.498]]],[[[124.678,-15.49],[124.676,-15.492],[124.678,-15.489],[124.678,-15.49]]],[[[124.556,-15.496],[124.555,-15.489],[124.559,-15.488],[124.556,-15.496]]],[[[124.616,-15.488],[124.614,-15.489],[124.614,-15.488],[124.616,-15.488]]],[[[124.596,-15.487],[124.595,-15.485],[124.597,-15.485],[124.596,-15.487]]],[[[124.602,-15.488],[124.6,-15.488],[124.602,-15.485],[124.602,-15.488]]],[[[125.136,-15.485],[125.132,-15.484],[125.135,-15.484],[125.136,-15.485]]],[[[125.131,-15.483],[125.131,-15.483],[125.13,-15.483],[125.131,-15.483]]],[[[124.674,-15.478],[124.674,-15.476],[124.675,-15.477],[124.674,-15.478]]],[[[124.602,-15.477],[124.598,-15.476],[124.6,-15.474],[124.602,-15.477]]],[[[124.494,-15.473],[124.493,-15.473],[124.493,-15.472],[124.494,-15.473]]],[[[124.669,-15.475],[124.668,-15.475],[124.668,-15.469],[124.669,-15.475]]],[[[124.672,-15.472],[124.674,-15.468],[124.676,-15.469],[124.672,-15.472]]],[[[124.483,-15.468],[124.484,-15.466],[124.485,-15.466],[124.483,-15.468]]],[[[124.656,-15.464],[124.653,-15.462],[124.655,-15.461],[124.656,-15.464]]],[[[124.672,-15.46],[124.671,-15.459],[124.673,-15.459],[124.672,-15.46]]],[[[124.653,-15.46],[124.652,-15.459],[124.654,-15.458],[124.653,-15.46]]],[[[124.496,-15.461],[124.487,-15.464],[124.496,-15.451],[124.496,-15.461]]],[[[124.513,-15.451],[124.512,-15.451],[124.513,-15.45],[124.513,-15.451]]],[[[124.612,-15.454],[124.609,-15.454],[124.611,-15.449],[124.612,-15.454]]],[[[124.524,-15.442],[124.522,-15.442],[124.523,-15.441],[124.524,-15.442]]],[[[124.63,-15.44],[124.629,-15.441],[124.63,-15.439],[124.63,-15.44]]],[[[125.003,-15.439],[125.003,-15.439],[125.003,-15.439],[125.003,-15.439]]],[[[125,-15.437],[124.999,-15.437],[125,-15.436],[125,-15.437]]],[[[125.002,-15.438],[125.001,-15.437],[125.002,-15.435],[125.002,-15.438]]],[[[124.5,-15.437],[124.501,-15.444],[124.471,-15.445],[124.5,-15.437]]],[[[124.669,-15.434],[124.668,-15.434],[124.668,-15.432],[124.669,-15.434]]],[[[124.621,-15.433],[124.606,-15.452],[124.594,-15.442],[124.621,-15.433]]],[[[125.059,-15.434],[125.056,-15.432],[125.059,-15.432],[125.059,-15.434]]],[[[125.01,-15.431],[125.015,-15.432],[125.006,-15.439],[125.01,-15.431]]],[[[124.652,-15.431],[124.651,-15.43],[124.652,-15.428],[124.652,-15.431]]],[[[124.641,-15.429],[124.64,-15.429],[124.64,-15.427],[124.641,-15.429]]],[[[124.639,-15.428],[124.638,-15.426],[124.639,-15.426],[124.639,-15.428]]],[[[124.622,-15.426],[124.62,-15.424],[124.623,-15.425],[124.622,-15.426]]],[[[124.669,-15.425],[124.668,-15.424],[124.67,-15.422],[124.669,-15.425]]],[[[124.644,-15.422],[124.643,-15.423],[124.643,-15.422],[124.644,-15.422]]],[[[124.644,-15.42],[124.643,-15.42],[124.643,-15.419],[124.644,-15.42]]],[[[124.647,-15.418],[124.646,-15.416],[124.647,-15.415],[124.647,-15.418]]],[[[124.641,-15.414],[124.639,-15.414],[124.641,-15.413],[124.641,-15.414]]],[[[124.524,-15.414],[124.523,-15.413],[124.524,-15.412],[124.524,-15.414]]],[[[124.639,-15.412],[124.638,-15.412],[124.639,-15.411],[124.639,-15.412]]],[[[124.548,-15.403],[124.546,-15.402],[124.548,-15.401],[124.548,-15.403]]],[[[124.374,-15.403],[124.373,-15.402],[124.374,-15.401],[124.374,-15.403]]],[[[124.961,-15.396],[124.96,-15.396],[124.96,-15.395],[124.961,-15.396]]],[[[124.938,-15.394],[124.937,-15.394],[124.94,-15.393],[124.938,-15.394]]],[[[124.928,-15.393],[124.927,-15.392],[124.928,-15.393],[124.928,-15.393]]],[[[124.47,-15.396],[124.469,-15.394],[124.471,-15.392],[124.47,-15.396]]],[[[124.65,-15.393],[124.649,-15.393],[124.65,-15.391],[124.65,-15.393]]],[[[124.464,-15.391],[124.465,-15.395],[124.462,-15.395],[124.464,-15.391]]],[[[124.645,-15.392],[124.642,-15.391],[124.644,-15.389],[124.645,-15.392]]],[[[124.456,-15.391],[124.454,-15.391],[124.454,-15.388],[124.456,-15.391]]],[[[124.531,-15.386],[124.53,-15.386],[124.53,-15.386],[124.531,-15.386]]],[[[124.469,-15.39],[124.466,-15.388],[124.469,-15.386],[124.469,-15.39]]],[[[124.373,-15.383],[124.372,-15.383],[124.372,-15.382],[124.373,-15.383]]],[[[124.94,-15.382],[124.939,-15.382],[124.939,-15.382],[124.94,-15.382]]],[[[124.531,-15.375],[124.53,-15.375],[124.531,-15.374],[124.531,-15.375]]],[[[124.541,-15.377],[124.539,-15.374],[124.542,-15.374],[124.541,-15.377]]],[[[124.589,-15.374],[124.588,-15.373],[124.589,-15.373],[124.589,-15.374]]],[[[124.541,-15.373],[124.54,-15.373],[124.54,-15.373],[124.541,-15.373]]],[[[124.438,-15.372],[124.438,-15.37],[124.44,-15.371],[124.438,-15.372]]],[[[124.632,-15.368],[124.634,-15.377],[124.629,-15.37],[124.632,-15.368]]],[[[124.947,-15.368],[124.946,-15.367],[124.948,-15.366],[124.947,-15.368]]],[[[124.309,-15.364],[124.308,-15.364],[124.309,-15.363],[124.309,-15.364]]],[[[124.455,-15.362],[124.459,-15.367],[124.457,-15.37],[124.455,-15.362]]],[[[124.3,-15.362],[124.305,-15.373],[124.294,-15.367],[124.3,-15.362]]],[[[124.307,-15.362],[124.306,-15.362],[124.306,-15.361],[124.307,-15.362]]],[[[124.358,-15.366],[124.372,-15.399],[124.338,-15.377],[124.358,-15.366]]],[[[124.322,-15.365],[124.318,-15.36],[124.321,-15.36],[124.322,-15.365]]],[[[124.628,-15.359],[124.629,-15.36],[124.628,-15.361],[124.628,-15.359]]],[[[124.318,-15.359],[124.317,-15.359],[124.317,-15.358],[124.318,-15.359]]],[[[124.352,-15.358],[124.348,-15.363],[124.34,-15.36],[124.352,-15.358]]],[[[124.305,-15.355],[124.304,-15.355],[124.304,-15.355],[124.305,-15.355]]],[[[124.365,-15.356],[124.363,-15.356],[124.365,-15.355],[124.365,-15.356]]],[[[124.363,-15.353],[124.358,-15.354],[124.359,-15.352],[124.363,-15.353]]],[[[124.885,-15.35],[124.884,-15.348],[124.885,-15.349],[124.885,-15.35]]],[[[124.859,-15.348],[124.858,-15.348],[124.859,-15.347],[124.859,-15.348]]],[[[124.336,-15.349],[124.336,-15.349],[124.336,-15.347],[124.336,-15.349]]],[[[124.35,-15.35],[124.349,-15.347],[124.351,-15.348],[124.35,-15.35]]],[[[124.337,-15.346],[124.337,-15.347],[124.337,-15.346],[124.337,-15.346]]],[[[124.475,-15.343],[124.478,-15.344],[124.475,-15.345],[124.475,-15.343]]],[[[124.592,-15.344],[124.59,-15.342],[124.593,-15.341],[124.592,-15.344]]],[[[124.976,-15.34],[124.984,-15.35],[124.951,-15.364],[124.976,-15.34]]],[[[124.474,-15.341],[124.472,-15.34],[124.473,-15.339],[124.474,-15.341]]],[[[124.749,-15.342],[124.747,-15.341],[124.75,-15.338],[124.749,-15.342]]],[[[124.402,-15.341],[124.403,-15.338],[124.404,-15.34],[124.402,-15.341]]],[[[124.392,-15.338],[124.401,-15.343],[124.391,-15.346],[124.392,-15.338]]],[[[124.854,-15.338],[124.859,-15.345],[124.848,-15.349],[124.854,-15.338]]],[[[124.402,-15.338],[124.401,-15.337],[124.402,-15.337],[124.402,-15.338]]],[[[124.186,-15.338],[124.184,-15.337],[124.185,-15.337],[124.186,-15.338]]],[[[124.861,-15.337],[124.86,-15.338],[124.86,-15.337],[124.861,-15.337]]],[[[124.312,-15.337],[124.31,-15.337],[124.311,-15.335],[124.312,-15.337]]],[[[124.315,-15.335],[124.314,-15.335],[124.314,-15.334],[124.315,-15.335]]],[[[124.391,-15.335],[124.39,-15.334],[124.391,-15.334],[124.391,-15.335]]],[[[124.393,-15.336],[124.393,-15.335],[124.394,-15.334],[124.393,-15.336]]],[[[124.856,-15.335],[124.855,-15.335],[124.854,-15.334],[124.856,-15.335]]],[[[124.392,-15.334],[124.391,-15.334],[124.391,-15.333],[124.392,-15.334]]],[[[125.133,-15.334],[125.134,-15.332],[125.137,-15.332],[125.133,-15.334]]],[[[124.874,-15.332],[124.873,-15.332],[124.874,-15.332],[124.874,-15.332]]],[[[124.392,-15.332],[124.392,-15.331],[124.392,-15.331],[124.392,-15.332]]],[[[124.398,-15.332],[124.397,-15.332],[124.397,-15.331],[124.398,-15.332]]],[[[124.398,-15.332],[124.397,-15.331],[124.398,-15.331],[124.398,-15.332]]],[[[124.206,-15.336],[124.188,-15.336],[124.208,-15.33],[124.206,-15.336]]],[[[124.396,-15.331],[124.396,-15.331],[124.396,-15.33],[124.396,-15.331]]],[[[124.393,-15.33],[124.393,-15.33],[124.393,-15.33],[124.393,-15.33]]],[[[124.997,-15.331],[124.995,-15.332],[124.995,-15.33],[124.997,-15.331]]],[[[124.397,-15.33],[124.396,-15.33],[124.397,-15.329],[124.397,-15.33]]],[[[124.371,-15.331],[124.371,-15.329],[124.372,-15.329],[124.371,-15.331]]],[[[124.872,-15.33],[124.871,-15.33],[124.87,-15.329],[124.872,-15.33]]],[[[124.213,-15.331],[124.212,-15.331],[124.213,-15.328],[124.213,-15.331]]],[[[124.243,-15.328],[124.242,-15.328],[124.243,-15.327],[124.243,-15.328]]],[[[124.398,-15.328],[124.397,-15.328],[124.397,-15.327],[124.398,-15.328]]],[[[124.439,-15.328],[124.438,-15.327],[124.439,-15.326],[124.439,-15.328]]],[[[124.32,-15.325],[124.325,-15.327],[124.318,-15.333],[124.32,-15.325]]],[[[125.13,-15.325],[125.129,-15.325],[125.13,-15.324],[125.13,-15.325]]],[[[125.119,-15.325],[125.119,-15.324],[125.119,-15.324],[125.119,-15.325]]],[[[124.476,-15.323],[124.476,-15.323],[124.476,-15.322],[124.476,-15.323]]],[[[124.21,-15.323],[124.209,-15.323],[124.21,-15.322],[124.21,-15.323]]],[[[124.461,-15.323],[124.46,-15.323],[124.46,-15.322],[124.461,-15.323]]],[[[125.158,-15.322],[125.156,-15.322],[125.157,-15.321],[125.158,-15.322]]],[[[124.247,-15.324],[124.242,-15.323],[124.244,-15.32],[124.247,-15.324]]],[[[125.026,-15.322],[125.036,-15.329],[125.019,-15.37],[124.995,-15.376],[124.993,-15.356],[125.026,-15.322]]],[[[124.461,-15.318],[124.465,-15.321],[124.462,-15.321],[124.461,-15.318]]],[[[124.62,-15.325],[124.62,-15.319],[124.623,-15.318],[124.62,-15.325]]],[[[125.039,-15.317],[125.038,-15.318],[125.038,-15.318],[125.039,-15.317]]],[[[125.024,-15.318],[125.022,-15.319],[125.021,-15.318],[125.024,-15.318]]],[[[125.019,-15.317],[125.017,-15.325],[125.01,-15.323],[125.019,-15.317]]],[[[124.334,-15.316],[124.334,-15.32],[124.333,-15.317],[124.334,-15.316]]],[[[128.286,-15.322],[128.284,-15.315],[128.289,-15.318],[128.286,-15.322]]],[[[124.228,-15.318],[124.225,-15.325],[124.214,-15.318],[124.228,-15.318]]],[[[124.402,-15.314],[124.402,-15.313],[124.403,-15.314],[124.402,-15.314]]],[[[124.348,-15.319],[124.335,-15.347],[124.304,-15.354],[124.348,-15.319]]],[[[124.864,-15.315],[124.862,-15.314],[124.865,-15.313],[124.864,-15.315]]],[[[124.818,-15.315],[124.816,-15.314],[124.816,-15.312],[124.818,-15.315]]],[[[124.815,-15.311],[124.814,-15.311],[124.814,-15.31],[124.815,-15.311]]],[[[124.483,-15.319],[124.47,-15.314],[124.478,-15.311],[124.483,-15.319]]],[[[125.031,-15.31],[125.031,-15.31],[125.03,-15.309],[125.031,-15.31]]],[[[124.472,-15.312],[124.471,-15.31],[124.476,-15.309],[124.472,-15.312]]],[[[128.264,-15.309],[128.275,-15.317],[128.276,-15.334],[128.264,-15.309]]],[[[125.029,-15.309],[125.029,-15.309],[125.029,-15.309],[125.029,-15.309]]],[[[124.417,-15.31],[124.416,-15.309],[124.419,-15.309],[124.417,-15.31]]],[[[124.816,-15.309],[124.815,-15.309],[124.816,-15.308],[124.816,-15.309]]],[[[125.052,-15.308],[125.049,-15.323],[125.04,-15.315],[125.052,-15.308]]],[[[124.804,-15.305],[124.803,-15.306],[124.802,-15.304],[124.804,-15.305]]],[[[124.564,-15.303],[124.563,-15.303],[124.564,-15.303],[124.564,-15.303]]],[[[124.825,-15.304],[124.824,-15.303],[124.824,-15.303],[124.825,-15.304]]],[[[125.028,-15.302],[125.028,-15.303],[125.027,-15.303],[125.028,-15.302]]],[[[125.031,-15.301],[125.031,-15.302],[125.03,-15.301],[125.031,-15.301]]],[[[128.289,-15.317],[128.271,-15.295],[128.282,-15.301],[128.289,-15.317]]],[[[124.492,-15.296],[124.491,-15.296],[124.491,-15.295],[124.492,-15.296]]],[[[124.452,-15.296],[124.451,-15.296],[124.452,-15.294],[124.452,-15.296]]],[[[124.579,-15.294],[124.577,-15.296],[124.578,-15.292],[124.579,-15.294]]],[[[124.293,-15.292],[124.292,-15.292],[124.293,-15.29],[124.293,-15.292]]],[[[124.833,-15.29],[124.832,-15.289],[124.834,-15.288],[124.833,-15.29]]],[[[124.451,-15.289],[124.45,-15.288],[124.451,-15.288],[124.451,-15.289]]],[[[124.452,-15.289],[124.452,-15.288],[124.452,-15.288],[124.452,-15.289]]],[[[124.57,-15.288],[124.569,-15.288],[124.57,-15.287],[124.57,-15.288]]],[[[124.455,-15.287],[124.455,-15.288],[124.454,-15.287],[124.455,-15.287]]],[[[124.861,-15.292],[124.861,-15.313],[124.842,-15.315],[124.861,-15.292]]],[[[125.103,-15.284],[125.102,-15.285],[125.103,-15.283],[125.103,-15.284]]],[[[124.843,-15.283],[124.844,-15.284],[124.843,-15.285],[124.843,-15.283]]],[[[124.292,-15.289],[124.294,-15.282],[124.295,-15.286],[124.292,-15.289]]],[[[128.248,-15.282],[128.264,-15.301],[128.248,-15.29],[128.248,-15.282]]],[[[124.844,-15.282],[124.843,-15.282],[124.843,-15.281],[124.844,-15.282]]],[[[124.5,-15.282],[124.499,-15.287],[124.492,-15.285],[124.5,-15.282]]],[[[124.28,-15.286],[124.281,-15.312],[124.257,-15.302],[124.231,-15.319],[124.233,-15.297],[124.28,-15.286]]],[[[124.873,-15.281],[124.872,-15.28],[124.872,-15.279],[124.873,-15.281]]],[[[124.865,-15.279],[124.872,-15.282],[124.867,-15.285],[124.865,-15.279]]],[[[128.273,-15.29],[128.261,-15.278],[128.275,-15.285],[128.273,-15.29]]],[[[124.872,-15.277],[124.87,-15.279],[124.87,-15.277],[124.872,-15.277]]],[[[124.592,-15.276],[124.592,-15.276],[124.592,-15.275],[124.592,-15.276]]],[[[124.864,-15.275],[124.863,-15.274],[124.863,-15.274],[124.864,-15.275]]],[[[124.534,-15.274],[124.533,-15.274],[124.533,-15.274],[124.534,-15.274]]],[[[124.671,-15.276],[124.666,-15.273],[124.673,-15.274],[124.671,-15.276]]],[[[124.729,-15.271],[124.728,-15.269],[124.73,-15.27],[124.729,-15.271]]],[[[124.624,-15.274],[124.639,-15.284],[124.608,-15.287],[124.624,-15.274]]],[[[128.11,-15.27],[128.103,-15.271],[128.106,-15.266],[128.11,-15.27]]],[[[124.351,-15.265],[124.345,-15.271],[124.344,-15.267],[124.351,-15.265]]],[[[124.89,-15.27],[124.898,-15.261],[124.9,-15.266],[124.89,-15.27]]],[[[124.884,-15.26],[124.883,-15.26],[124.884,-15.26],[124.884,-15.26]]],[[[128.242,-15.265],[128.24,-15.265],[128.238,-15.26],[128.242,-15.265]]],[[[124.604,-15.262],[124.604,-15.26],[124.605,-15.259],[124.604,-15.262]]],[[[124.7,-15.26],[124.699,-15.259],[124.699,-15.257],[124.7,-15.26]]],[[[124.798,-15.257],[124.798,-15.257],[124.798,-15.257],[124.798,-15.257]]],[[[124.568,-15.256],[124.577,-15.269],[124.571,-15.269],[124.568,-15.256]]],[[[124.428,-15.256],[124.427,-15.255],[124.428,-15.256],[124.428,-15.256]]],[[[124.8,-15.256],[124.799,-15.256],[124.799,-15.255],[124.8,-15.256]]],[[[124.586,-15.255],[124.583,-15.262],[124.58,-15.263],[124.586,-15.255]]],[[[124.425,-15.255],[124.425,-15.255],[124.425,-15.254],[124.425,-15.255]]],[[[124.59,-15.256],[124.589,-15.256],[124.59,-15.254],[124.59,-15.256]]],[[[124.408,-15.253],[124.41,-15.256],[124.401,-15.257],[124.408,-15.253]]],[[[124.413,-15.254],[124.412,-15.254],[124.412,-15.253],[124.413,-15.254]]],[[[124.415,-15.254],[124.415,-15.252],[124.419,-15.252],[124.415,-15.254]]],[[[124.425,-15.253],[124.424,-15.252],[124.426,-15.251],[124.425,-15.253]]],[[[124.444,-15.257],[124.457,-15.27],[124.442,-15.272],[124.442,-15.298],[124.463,-15.303],[124.44,-15.32],[124.443,-15.306],[124.418,-15.316],[124.427,-15.306],[124.415,-15.293],[124.392,-15.332],[124.343,-15.31],[124.444,-15.257]]],[[[124.576,-15.25],[124.572,-15.252],[124.574,-15.248],[124.576,-15.25]]],[[[124.919,-15.248],[124.918,-15.248],[124.918,-15.247],[124.919,-15.248]]],[[[124.572,-15.246],[124.558,-15.255],[124.569,-15.295],[124.556,-15.314],[124.59,-15.312],[124.58,-15.343],[124.605,-15.342],[124.625,-15.394],[124.655,-15.399],[124.616,-15.427],[124.525,-15.448],[124.514,-15.426],[124.529,-15.413],[124.541,-15.433],[124.539,-15.413],[124.591,-15.369],[124.554,-15.389],[124.545,-15.361],[124.537,-15.377],[124.527,-15.36],[124.534,-15.385],[124.516,-15.384],[124.507,-15.401],[124.51,-15.367],[124.477,-15.407],[124.465,-15.403],[124.483,-15.365],[124.468,-15.375],[124.461,-15.356],[124.481,-15.345],[124.492,-15.358],[124.481,-15.336],[124.491,-15.321],[124.517,-15.334],[124.498,-15.308],[124.536,-15.304],[124.495,-15.292],[124.528,-15.273],[124.542,-15.28],[124.542,-15.265],[124.572,-15.246]]],[[[124.538,-15.244],[124.535,-15.242],[124.539,-15.24],[124.538,-15.244]]],[[[124.528,-15.239],[124.526,-15.239],[124.527,-15.238],[124.528,-15.239]]],[[[124.423,-15.243],[124.422,-15.238],[124.429,-15.236],[124.423,-15.243]]],[[[124.806,-15.236],[124.805,-15.236],[124.806,-15.235],[124.806,-15.236]]],[[[124.521,-15.236],[124.518,-15.244],[124.516,-15.236],[124.521,-15.236]]],[[[124.92,-15.234],[124.924,-15.235],[124.919,-15.239],[124.92,-15.234]]],[[[124.37,-15.234],[124.369,-15.234],[124.369,-15.234],[124.37,-15.234]]],[[[124.42,-15.233],[124.419,-15.232],[124.42,-15.233],[124.42,-15.233]]],[[[124.926,-15.232],[124.926,-15.233],[124.925,-15.233],[124.926,-15.232]]],[[[124.911,-15.232],[124.911,-15.232],[124.911,-15.231],[124.911,-15.232]]],[[[124.381,-15.234],[124.38,-15.231],[124.381,-15.23],[124.381,-15.234]]],[[[124.462,-15.232],[124.462,-15.231],[124.463,-15.23],[124.462,-15.232]]],[[[124.486,-15.229],[124.487,-15.231],[124.481,-15.231],[124.486,-15.229]]],[[[124.818,-15.236],[124.857,-15.256],[124.842,-15.28],[124.812,-15.29],[124.812,-15.306],[124.791,-15.287],[124.792,-15.263],[124.809,-15.23],[124.818,-15.236]]],[[[128.103,-15.228],[128.092,-15.237],[128.095,-15.23],[128.103,-15.228]]],[[[124.494,-15.232],[124.494,-15.229],[124.496,-15.228],[124.494,-15.232]]],[[[124.522,-15.229],[124.521,-15.233],[124.515,-15.233],[124.522,-15.229]]],[[[124.546,-15.229],[124.543,-15.236],[124.533,-15.237],[124.546,-15.229]]],[[[124.526,-15.232],[124.524,-15.231],[124.525,-15.227],[124.526,-15.232]]],[[[124.388,-15.228],[124.4,-15.228],[124.395,-15.251],[124.388,-15.228]]],[[[124.539,-15.228],[124.539,-15.228],[124.54,-15.226],[124.539,-15.228]]],[[[124.815,-15.228],[124.812,-15.227],[124.817,-15.226],[124.815,-15.228]]],[[[124.541,-15.224],[124.541,-15.225],[124.54,-15.223],[124.541,-15.224]]],[[[124.826,-15.223],[124.83,-15.224],[124.828,-15.228],[124.826,-15.223]]],[[[124.726,-15.223],[124.725,-15.223],[124.726,-15.223],[124.726,-15.223]]],[[[124.735,-15.221],[124.734,-15.221],[124.735,-15.219],[124.735,-15.221]]],[[[124.974,-15.215],[124.973,-15.215],[124.972,-15.213],[124.974,-15.215]]],[[[125.021,-15.212],[125.019,-15.211],[125.02,-15.211],[125.021,-15.212]]],[[[124.262,-15.213],[124.259,-15.215],[124.26,-15.21],[124.262,-15.213]]],[[[124.815,-15.21],[124.815,-15.209],[124.816,-15.21],[124.815,-15.21]]],[[[124.702,-15.21],[124.701,-15.211],[124.701,-15.209],[124.702,-15.21]]],[[[124.416,-15.213],[124.408,-15.216],[124.415,-15.209],[124.416,-15.213]]],[[[124.516,-15.215],[124.509,-15.224],[124.498,-15.212],[124.516,-15.215]]],[[[125.019,-15.208],[125.018,-15.207],[125.018,-15.205],[125.019,-15.208]]],[[[124.486,-15.209],[124.485,-15.208],[124.487,-15.205],[124.486,-15.209]]],[[[124.805,-15.212],[124.784,-15.22],[124.8,-15.204],[124.805,-15.212]]],[[[124.494,-15.213],[124.488,-15.206],[124.492,-15.203],[124.494,-15.213]]],[[[124.973,-15.202],[124.972,-15.203],[124.972,-15.202],[124.973,-15.202]]],[[[125.014,-15.203],[125.009,-15.213],[125.005,-15.205],[125.014,-15.203]]],[[[124.698,-15.204],[124.696,-15.203],[124.698,-15.202],[124.698,-15.204]]],[[[124.813,-15.209],[124.812,-15.201],[124.814,-15.2],[124.813,-15.209]]],[[[124.702,-15.194],[124.7,-15.196],[124.7,-15.194],[124.702,-15.194]]],[[[129.186,-15.189],[129.185,-15.189],[129.184,-15.185],[129.186,-15.189]]],[[[124.972,-15.192],[124.966,-15.187],[124.973,-15.185],[124.972,-15.192]]],[[[128.164,-15.208],[128.274,-15.336],[128.179,-15.501],[128.142,-15.524],[128.099,-15.526],[128.059,-15.497],[128.097,-15.465],[128.123,-15.387],[128.128,-15.292],[128.101,-15.243],[128.127,-15.184],[128.164,-15.208]]],[[[129.16,-15.192],[129.159,-15.186],[129.163,-15.182],[129.16,-15.192]]],[[[128.189,-15.212],[128.153,-15.18],[128.185,-15.194],[128.189,-15.212]]],[[[124.977,-15.189],[124.975,-15.183],[124.979,-15.179],[124.977,-15.189]]],[[[125.057,-15.179],[125.056,-15.179],[125.057,-15.178],[125.057,-15.179]]],[[[124.983,-15.177],[124.98,-15.178],[124.982,-15.177],[124.983,-15.177]]],[[[124.983,-15.174],[124.983,-15.174],[124.983,-15.172],[124.983,-15.174]]],[[[124.659,-15.169],[124.657,-15.168],[124.66,-15.167],[124.659,-15.169]]],[[[124.656,-15.171],[124.652,-15.17],[124.653,-15.167],[124.656,-15.171]]],[[[125.04,-15.17],[125.039,-15.168],[125.044,-15.165],[125.04,-15.17]]],[[[124.657,-15.167],[124.654,-15.165],[124.655,-15.165],[124.657,-15.167]]],[[[128.1,-15.197],[128.107,-15.165],[128.114,-15.174],[128.1,-15.197]]],[[[124.647,-15.162],[124.651,-15.169],[124.645,-15.175],[124.647,-15.162]]],[[[124.549,-15.163],[124.548,-15.162],[124.549,-15.162],[124.549,-15.163]]],[[[129.571,-15.166],[129.571,-15.158],[129.574,-15.157],[129.571,-15.166]]],[[[128.115,-15.158],[128.114,-15.157],[128.115,-15.156],[128.115,-15.158]]],[[[129.203,-15.158],[129.199,-15.157],[129.202,-15.155],[129.203,-15.158]]],[[[124.669,-15.155],[124.667,-15.155],[124.667,-15.153],[124.669,-15.155]]],[[[124.673,-15.152],[124.676,-15.158],[124.67,-15.154],[124.673,-15.152]]],[[[125.323,-15.151],[125.322,-15.151],[125.322,-15.15],[125.323,-15.151]]],[[[125.323,-15.149],[125.321,-15.149],[125.321,-15.148],[125.323,-15.149]]],[[[124.666,-15.153],[124.664,-15.152],[124.667,-15.148],[124.666,-15.153]]],[[[128.103,-15.15],[128.102,-15.149],[128.103,-15.148],[128.103,-15.15]]],[[[125.341,-15.144],[125.341,-15.145],[125.34,-15.144],[125.341,-15.144]]],[[[125.341,-15.143],[125.339,-15.143],[125.34,-15.142],[125.341,-15.143]]],[[[124.865,-15.142],[124.865,-15.142],[124.864,-15.142],[124.865,-15.142]]],[[[125.445,-15.138],[125.446,-15.141],[125.439,-15.139],[125.445,-15.138]]],[[[145.326,-15.139],[145.325,-15.139],[145.325,-15.138],[145.326,-15.139]]],[[[125.455,-15.137],[125.48,-15.138],[125.481,-15.15],[125.455,-15.137]]],[[[125.424,-15.14],[125.425,-15.136],[125.431,-15.138],[125.424,-15.14]]],[[[129.216,-15.15],[129.211,-15.148],[129.223,-15.135],[129.216,-15.15]]],[[[124.503,-15.135],[124.502,-15.135],[124.504,-15.133],[124.503,-15.135]]],[[[145.306,-15.133],[145.304,-15.132],[145.304,-15.132],[145.306,-15.133]]],[[[125.455,-15.133],[125.439,-15.134],[125.45,-15.131],[125.455,-15.133]]],[[[124.504,-15.131],[124.503,-15.132],[124.502,-15.132],[124.504,-15.131]]],[[[129.231,-15.133],[129.23,-15.131],[129.231,-15.131],[129.231,-15.133]]],[[[129.233,-15.129],[129.231,-15.128],[129.234,-15.128],[129.233,-15.129]]],[[[125.383,-15.131],[125.376,-15.13],[125.369,-15.123],[125.383,-15.131]]],[[[124.514,-15.123],[124.512,-15.124],[124.513,-15.122],[124.514,-15.123]]],[[[125.352,-15.123],[125.349,-15.122],[125.351,-15.121],[125.352,-15.123]]],[[[125.221,-15.121],[125.22,-15.121],[125.222,-15.12],[125.221,-15.121]]],[[[125.198,-15.121],[125.196,-15.122],[125.198,-15.12],[125.198,-15.121]]],[[[129.236,-15.126],[129.234,-15.121],[129.235,-15.119],[129.236,-15.126]]],[[[124.968,-15.12],[124.967,-15.121],[124.967,-15.118],[124.968,-15.12]]],[[[124.519,-15.117],[124.517,-15.119],[124.518,-15.117],[124.519,-15.117]]],[[[145.419,-15.117],[145.418,-15.116],[145.418,-15.115],[145.419,-15.117]]],[[[145.425,-15.112],[145.428,-15.116],[145.426,-15.119],[145.425,-15.112]]],[[[125.144,-15.112],[125.144,-15.112],[125.144,-15.111],[125.144,-15.112]]],[[[124.535,-15.11],[124.538,-15.113],[124.532,-15.114],[124.535,-15.11]]],[[[129.236,-15.116],[129.234,-15.114],[129.237,-15.11],[129.236,-15.116]]],[[[125.143,-15.111],[125.143,-15.111],[125.143,-15.11],[125.143,-15.111]]],[[[145.422,-15.114],[145.417,-15.11],[145.423,-15.112],[145.422,-15.114]]],[[[124.959,-15.107],[124.958,-15.107],[124.959,-15.106],[124.959,-15.107]]],[[[125.224,-15.107],[125.223,-15.105],[125.224,-15.106],[125.224,-15.107]]],[[[124.91,-15.106],[124.906,-15.103],[124.907,-15.101],[124.91,-15.106]]],[[[125.171,-15.099],[125.17,-15.099],[125.17,-15.098],[125.171,-15.099]]],[[[125.164,-15.096],[125.163,-15.096],[125.163,-15.095],[125.164,-15.096]]],[[[124.95,-15.093],[124.949,-15.093],[124.95,-15.093],[124.95,-15.093]]],[[[135.783,-15.101],[135.781,-15.094],[135.79,-15.091],[135.783,-15.101]]],[[[125.162,-15.092],[125.161,-15.092],[125.161,-15.091],[125.162,-15.092]]],[[[145.378,-15.092],[145.385,-15.094],[145.38,-15.097],[145.378,-15.092]]],[[[125.338,-15.105],[125.331,-15.101],[125.331,-15.09],[125.338,-15.105]]],[[[145.372,-15.091],[145.371,-15.09],[145.372,-15.089],[145.372,-15.091]]],[[[125.259,-15.087],[125.255,-15.086],[125.258,-15.084],[125.259,-15.087]]],[[[125.278,-15.084],[125.278,-15.084],[125.277,-15.083],[125.278,-15.084]]],[[[125.346,-15.082],[125.346,-15.083],[125.346,-15.082],[125.346,-15.082]]],[[[125.264,-15.086],[125.261,-15.086],[125.261,-15.082],[125.264,-15.086]]],[[[125.273,-15.084],[125.271,-15.082],[125.273,-15.082],[125.273,-15.084]]],[[[125.126,-15.083],[125.125,-15.084],[125.125,-15.082],[125.126,-15.083]]],[[[125.344,-15.082],[125.344,-15.082],[125.343,-15.08],[125.344,-15.082]]],[[[125.239,-15.08],[125.238,-15.081],[125.238,-15.08],[125.239,-15.08]]],[[[124.721,-15.078],[124.72,-15.078],[124.721,-15.078],[124.721,-15.078]]],[[[125.248,-15.078],[125.253,-15.092],[125.229,-15.099],[125.248,-15.078]]],[[[125.343,-15.08],[125.339,-15.077],[125.342,-15.078],[125.343,-15.08]]],[[[124.962,-15.077],[124.961,-15.077],[124.962,-15.075],[124.962,-15.077]]],[[[124.721,-15.076],[124.719,-15.077],[124.72,-15.073],[124.721,-15.076]]],[[[125.361,-15.072],[125.361,-15.085],[125.347,-15.084],[125.361,-15.072]]],[[[124.94,-15.075],[124.937,-15.075],[124.936,-15.071],[124.94,-15.075]]],[[[125.304,-15.073],[125.3,-15.064],[125.306,-15.07],[125.304,-15.073]]],[[[124.943,-15.063],[124.942,-15.063],[124.943,-15.063],[124.943,-15.063]]],[[[124.327,-15.062],[124.326,-15.062],[124.326,-15.06],[124.327,-15.062]]],[[[124.941,-15.062],[124.942,-15.058],[124.943,-15.06],[124.941,-15.062]]],[[[125.135,-15.057],[125.134,-15.056],[125.135,-15.056],[125.135,-15.057]]],[[[125.296,-15.056],[125.293,-15.053],[125.295,-15.054],[125.296,-15.056]]],[[[125.149,-15.052],[125.148,-15.052],[125.148,-15.051],[125.149,-15.052]]],[[[125.145,-15.049],[125.144,-15.049],[125.145,-15.049],[125.145,-15.049]]],[[[125.332,-15.051],[125.33,-15.051],[125.33,-15.048],[125.332,-15.051]]],[[[124.958,-15.055],[124.945,-15.075],[124.944,-15.057],[124.957,-15.041],[124.958,-15.055]]],[[[124.982,-15.065],[124.952,-15.099],[124.969,-15.042],[124.982,-15.065]]],[[[128.126,-15.04],[128.152,-15.052],[128.164,-15.097],[128.201,-15.131],[128.197,-15.194],[128.119,-15.143],[128.126,-15.04]]],[[[125.181,-15.04],[125.18,-15.04],[125.182,-15.037],[125.181,-15.04]]],[[[124.752,-15.032],[124.75,-15.037],[124.745,-15.035],[124.752,-15.032]]],[[[124.747,-15.032],[124.746,-15.032],[124.746,-15.031],[124.747,-15.032]]],[[[125.252,-15.031],[125.25,-15.031],[125.255,-15.029],[125.252,-15.031]]],[[[124.604,-15.03],[124.603,-15.029],[124.604,-15.029],[124.604,-15.03]]],[[[125.258,-15.029],[125.257,-15.029],[125.258,-15.029],[125.258,-15.029]]],[[[124.608,-15.033],[124.606,-15.031],[124.608,-15.028],[124.608,-15.033]]],[[[125.286,-15.03],[125.286,-15.033],[125.283,-15.029],[125.286,-15.03]]],[[[125.155,-15.027],[125.155,-15.028],[125.154,-15.027],[125.155,-15.027]]],[[[124.838,-15.028],[124.837,-15.028],[124.838,-15.025],[124.838,-15.028]]],[[[124.886,-15.026],[124.885,-15.024],[124.887,-15.025],[124.886,-15.026]]],[[[125.17,-15.024],[125.169,-15.024],[125.169,-15.023],[125.17,-15.024]]],[[[125.283,-15.023],[125.284,-15.027],[125.281,-15.023],[125.283,-15.023]]],[[[145.448,-15.022],[145.448,-15.026],[145.446,-15.022],[145.448,-15.022]]],[[[125.168,-15.025],[125.177,-15.066],[125.202,-15.058],[125.231,-15.071],[125.217,-15.098],[125.229,-15.1],[125.187,-15.123],[125.168,-15.115],[125.175,-15.079],[125.164,-15.083],[125.144,-15.045],[125.157,-15.048],[125.156,-15.026],[125.168,-15.025]]],[[[124.618,-15.02],[124.617,-15.021],[124.617,-15.02],[124.618,-15.02]]],[[[124.616,-15.021],[124.615,-15.022],[124.615,-15.02],[124.616,-15.021]]],[[[124.836,-15.025],[124.833,-15.02],[124.837,-15.021],[124.836,-15.025]]],[[[124.602,-15.021],[124.601,-15.021],[124.601,-15.018],[124.602,-15.021]]],[[[145.442,-15.02],[145.437,-15.021],[145.436,-15.019],[145.442,-15.02]]],[[[124.772,-15.018],[124.771,-15.019],[124.77,-15.018],[124.772,-15.018]]],[[[124.603,-15.015],[124.602,-15.015],[124.602,-15.015],[124.603,-15.015]]],[[[124.861,-15.012],[124.866,-15.026],[124.844,-15.025],[124.861,-15.012]]],[[[124.789,-15.016],[124.775,-15.035],[124.776,-15.013],[124.789,-15.016]]],[[[124.827,-15.013],[124.826,-15.013],[124.826,-15.01],[124.827,-15.013]]],[[[125.361,-15.029],[125.356,-15.014],[125.366,-15.01],[125.361,-15.029]]],[[[124.8,-15.017],[124.797,-15.012],[124.8,-15.009],[124.8,-15.017]]],[[[124.598,-15.009],[124.598,-15.01],[124.596,-15.009],[124.598,-15.009]]],[[[125.11,-15.005],[125.102,-15.008],[125.104,-15.005],[125.11,-15.005]]],[[[124.847,-15.015],[124.842,-15.002],[124.847,-15.005],[124.847,-15.015]]],[[[124.791,-15.004],[124.788,-15.008],[124.784,-15.007],[124.791,-15.004]]],[[[125.472,-15.003],[125.472,-15.004],[125.47,-15.002],[125.472,-15.003]]],[[[128.116,-15.004],[128.114,-15.007],[128.113,-15.001],[128.116,-15.004]]],[[[125.232,-14.999],[125.233,-15.001],[125.229,-15.001],[125.232,-14.999]]],[[[125.283,-14.999],[125.282,-14.997],[125.283,-14.998],[125.283,-14.999]]],[[[124.849,-14.996],[124.848,-14.997],[124.849,-14.995],[124.849,-14.996]]],[[[124.751,-14.988],[124.755,-14.99],[124.753,-14.99],[124.751,-14.988]]],[[[125.277,-14.989],[125.276,-14.991],[125.273,-14.989],[125.277,-14.989]]],[[[125.28,-14.987],[125.28,-14.988],[125.278,-14.988],[125.28,-14.987]]],[[[124.571,-14.99],[124.569,-14.989],[124.571,-14.987],[124.571,-14.99]]],[[[124.535,-14.99],[124.534,-14.987],[124.536,-14.988],[124.535,-14.99]]],[[[125.098,-14.989],[125.096,-14.987],[125.097,-14.985],[125.098,-14.989]]],[[[125.276,-14.988],[125.274,-14.987],[125.276,-14.985],[125.276,-14.988]]],[[[125.252,-14.984],[125.25,-14.986],[125.25,-14.984],[125.252,-14.984]]],[[[125.207,-14.984],[125.204,-14.981],[125.208,-14.98],[125.207,-14.984]]],[[[125.262,-14.98],[125.26,-14.979],[125.262,-14.978],[125.262,-14.98]]],[[[125.269,-14.975],[125.269,-14.973],[125.27,-14.974],[125.269,-14.975]]],[[[125.194,-14.973],[125.193,-14.971],[125.193,-14.97],[125.194,-14.973]]],[[[124.829,-14.969],[124.82,-14.98],[124.823,-14.969],[124.829,-14.969]]],[[[125.232,-14.97],[125.231,-14.969],[125.231,-14.969],[125.232,-14.97]]],[[[125.251,-14.971],[125.251,-14.993],[125.228,-14.998],[125.251,-14.971]]],[[[124.824,-14.968],[124.823,-14.967],[124.825,-14.966],[124.824,-14.968]]],[[[125.231,-14.966],[125.23,-14.965],[125.231,-14.965],[125.231,-14.966]]],[[[125.023,-14.965],[125.023,-14.97],[125.019,-14.967],[125.023,-14.965]]],[[[124.816,-14.966],[124.815,-14.966],[124.816,-14.963],[124.816,-14.966]]],[[[125.184,-14.961],[125.181,-14.962],[125.182,-14.96],[125.184,-14.961]]],[[[125.163,-14.958],[125.16,-14.962],[125.161,-14.958],[125.163,-14.958]]],[[[125.18,-14.965],[125.175,-14.96],[125.177,-14.954],[125.18,-14.965]]],[[[124.923,-14.951],[124.922,-14.948],[124.923,-14.95],[124.923,-14.951]]],[[[125.193,-14.949],[125.191,-14.947],[125.192,-14.947],[125.193,-14.949]]],[[[125.19,-14.945],[125.189,-14.945],[125.19,-14.944],[125.19,-14.945]]],[[[125.199,-14.941],[125.208,-14.953],[125.197,-14.967],[125.187,-14.963],[125.199,-14.941]]],[[[125.218,-14.94],[125.221,-14.942],[125.217,-14.942],[125.218,-14.94]]],[[[124.885,-14.949],[124.88,-14.95],[124.877,-14.942],[124.885,-14.949]]],[[[125.214,-14.943],[125.212,-14.942],[125.213,-14.94],[125.214,-14.943]]],[[[124.751,-14.944],[124.758,-14.958],[124.745,-14.951],[124.751,-14.944]]],[[[124.694,-14.955],[124.686,-14.95],[124.684,-14.937],[124.694,-14.955]]],[[[124.78,-14.95],[124.774,-14.952],[124.773,-14.937],[124.78,-14.95]]],[[[124.661,-14.937],[124.673,-14.949],[124.661,-14.946],[124.661,-14.937]]],[[[124.675,-14.935],[124.677,-14.936],[124.674,-14.936],[124.675,-14.935]]],[[[125.038,-14.932],[125.038,-14.932],[125.037,-14.931],[125.038,-14.932]]],[[[124.699,-14.939],[124.693,-14.932],[124.697,-14.932],[124.699,-14.939]]],[[[124.868,-14.935],[124.873,-14.94],[124.87,-14.943],[124.868,-14.935]]],[[[124.781,-14.931],[124.78,-14.931],[124.78,-14.93],[124.781,-14.931]]],[[[124.68,-14.932],[124.68,-14.929],[124.681,-14.931],[124.68,-14.932]]],[[[125.176,-14.926],[125.176,-14.944],[125.17,-14.931],[125.176,-14.926]]],[[[124.938,-14.927],[124.936,-14.926],[124.937,-14.925],[124.938,-14.927]]],[[[125.272,-14.926],[125.271,-14.925],[125.272,-14.926],[125.272,-14.926]]],[[[125.274,-14.925],[125.273,-14.925],[125.272,-14.924],[125.274,-14.925]]],[[[124.927,-14.94],[124.946,-14.965],[124.93,-15.008],[124.959,-15.006],[124.945,-15.019],[124.959,-15.031],[124.94,-15.049],[124.911,-15.021],[124.921,-15.009],[124.898,-15.005],[124.921,-14.981],[124.878,-15.005],[124.889,-14.959],[124.898,-14.975],[124.922,-14.967],[124.93,-14.948],[124.917,-14.923],[124.927,-14.94]]],[[[124.908,-14.923],[124.906,-14.922],[124.908,-14.92],[124.908,-14.923]]],[[[125.151,-14.92],[125.149,-14.922],[125.148,-14.92],[125.151,-14.92]]],[[[125.13,-14.919],[125.129,-14.92],[125.13,-14.919],[125.13,-14.919]]],[[[125.133,-14.918],[125.131,-14.918],[125.133,-14.917],[125.133,-14.918]]],[[[125.232,-14.918],[125.231,-14.917],[125.232,-14.917],[125.232,-14.918]]],[[[125.299,-14.917],[125.298,-14.917],[125.299,-14.916],[125.299,-14.917]]],[[[125.215,-14.916],[125.207,-14.919],[125.211,-14.916],[125.215,-14.916]]],[[[125.286,-14.916],[125.284,-14.916],[125.285,-14.915],[125.286,-14.916]]],[[[124.94,-14.916],[124.939,-14.916],[124.939,-14.914],[124.94,-14.916]]],[[[124.938,-14.916],[124.934,-14.915],[124.934,-14.913],[124.938,-14.916]]],[[[125.143,-14.918],[125.139,-14.913],[125.143,-14.915],[125.143,-14.918]]],[[[125.244,-14.913],[125.243,-14.913],[125.244,-14.911],[125.244,-14.913]]],[[[124.687,-14.913],[124.681,-14.913],[124.685,-14.91],[124.687,-14.913]]],[[[124.932,-14.912],[124.93,-14.909],[124.93,-14.907],[124.932,-14.912]]],[[[124.748,-14.91],[124.739,-14.942],[124.733,-14.911],[124.748,-14.91]]],[[[124.906,-14.913],[124.899,-14.906],[124.904,-14.906],[124.906,-14.913]]],[[[124.72,-14.909],[124.718,-14.906],[124.721,-14.905],[124.72,-14.909]]],[[[124.929,-14.906],[124.928,-14.905],[124.929,-14.905],[124.929,-14.906]]],[[[124.726,-14.908],[124.724,-14.907],[124.726,-14.904],[124.726,-14.908]]],[[[125.226,-14.902],[125.228,-14.913],[125.224,-14.91],[125.226,-14.902]]],[[[124.883,-14.902],[124.882,-14.901],[124.882,-14.901],[124.883,-14.902]]],[[[124.886,-14.904],[124.889,-14.898],[124.89,-14.901],[124.886,-14.904]]],[[[124.885,-14.891],[124.889,-14.895],[124.883,-14.896],[124.885,-14.891]]],[[[124.925,-14.9],[124.921,-14.894],[124.923,-14.889],[124.925,-14.9]]],[[[125.253,-14.89],[125.249,-14.89],[125.252,-14.888],[125.253,-14.89]]],[[[124.888,-14.889],[124.887,-14.889],[124.888,-14.888],[124.888,-14.889]]],[[[125.315,-14.888],[125.314,-14.885],[125.316,-14.886],[125.315,-14.888]]],[[[128.468,-14.926],[128.446,-14.88],[128.472,-14.907],[128.468,-14.926]]],[[[125.204,-14.876],[125.203,-14.874],[125.205,-14.875],[125.204,-14.876]]],[[[125.273,-14.871],[125.272,-14.87],[125.273,-14.87],[125.273,-14.871]]],[[[125.218,-14.87],[125.218,-14.87],[125.219,-14.869],[125.218,-14.87]]],[[[125.209,-14.869],[125.211,-14.873],[125.209,-14.871],[125.209,-14.869]]],[[[125.281,-14.87],[125.281,-14.87],[125.281,-14.869],[125.281,-14.87]]],[[[145.471,-14.865],[145.47,-14.865],[145.471,-14.865],[145.471,-14.865]]],[[[128.44,-14.886],[128.428,-14.863],[128.441,-14.874],[128.44,-14.886]]],[[[124.717,-14.862],[124.733,-14.863],[124.718,-14.872],[124.717,-14.862]]],[[[125.187,-14.858],[125.186,-14.858],[125.186,-14.857],[125.187,-14.858]]],[[[145.478,-14.857],[145.48,-14.861],[145.474,-14.858],[145.478,-14.857]]],[[[124.771,-14.858],[124.768,-14.853],[124.771,-14.854],[124.771,-14.858]]],[[[125.181,-14.851],[125.186,-14.875],[125.176,-14.859],[125.181,-14.851]]],[[[125.177,-14.849],[125.176,-14.849],[125.177,-14.849],[125.177,-14.849]]],[[[125.185,-14.85],[125.183,-14.849],[125.185,-14.849],[125.185,-14.85]]],[[[124.737,-14.85],[124.732,-14.854],[124.732,-14.849],[124.737,-14.85]]],[[[125.203,-14.849],[125.199,-14.85],[125.206,-14.846],[125.203,-14.849]]],[[[125.175,-14.845],[125.173,-14.844],[125.174,-14.843],[125.175,-14.845]]],[[[125.169,-14.841],[125.167,-14.841],[125.167,-14.841],[125.169,-14.841]]],[[[125.171,-14.841],[125.168,-14.839],[125.171,-14.838],[125.171,-14.841]]],[[[135.729,-14.836],[135.759,-14.848],[135.764,-14.902],[135.732,-14.892],[135.708,-14.913],[135.69,-14.906],[135.717,-14.882],[135.71,-14.852],[135.729,-14.836]]],[[[125.18,-14.834],[125.179,-14.835],[125.179,-14.834],[125.18,-14.834]]],[[[125.178,-14.834],[125.177,-14.841],[125.174,-14.838],[125.178,-14.834]]],[[[125.181,-14.828],[125.18,-14.831],[125.179,-14.829],[125.181,-14.828]]],[[[125.184,-14.83],[125.182,-14.829],[125.183,-14.825],[125.184,-14.83]]],[[[145.528,-14.831],[145.518,-14.827],[145.528,-14.827],[145.528,-14.831]]],[[[125.183,-14.824],[125.181,-14.824],[125.18,-14.821],[125.183,-14.824]]],[[[125.186,-14.818],[125.187,-14.819],[125.186,-14.816],[125.186,-14.818]]],[[[125.189,-14.805],[125.188,-14.805],[125.188,-14.804],[125.189,-14.805]]],[[[125.03,-14.813],[125.03,-14.805],[125.034,-14.804],[125.03,-14.813]]],[[[125.039,-14.803],[125.037,-14.803],[125.038,-14.802],[125.039,-14.803]]],[[[125.143,-14.808],[125.14,-14.801],[125.146,-14.795],[125.143,-14.808]]],[[[125.174,-14.796],[125.174,-14.792],[125.175,-14.793],[125.174,-14.796]]],[[[125.165,-14.789],[125.164,-14.788],[125.164,-14.786],[125.165,-14.789]]],[[[125.153,-14.787],[125.153,-14.787],[125.153,-14.786],[125.153,-14.787]]],[[[125.019,-14.787],[125.016,-14.788],[125.019,-14.785],[125.019,-14.787]]],[[[129.72,-14.813],[129.671,-14.784],[129.729,-14.802],[129.72,-14.813]]],[[[125.154,-14.784],[125.152,-14.783],[125.153,-14.781],[125.154,-14.784]]],[[[125.151,-14.78],[125.15,-14.78],[125.151,-14.778],[125.151,-14.78]]],[[[125.144,-14.78],[125.145,-14.777],[125.146,-14.779],[125.144,-14.78]]],[[[128.783,-14.773],[128.782,-14.772],[128.782,-14.772],[128.783,-14.773]]],[[[125.147,-14.776],[125.145,-14.775],[125.146,-14.771],[125.147,-14.776]]],[[[125.157,-14.772],[125.156,-14.77],[125.157,-14.771],[125.157,-14.772]]],[[[125.146,-14.771],[125.144,-14.77],[125.145,-14.768],[125.146,-14.771]]],[[[128.771,-14.767],[128.779,-14.768],[128.778,-14.772],[128.771,-14.767]]],[[[125.026,-14.774],[125.027,-14.793],[125.017,-14.78],[125.026,-14.774]]],[[[125.126,-14.763],[125.125,-14.763],[125.126,-14.762],[125.126,-14.763]]],[[[125.123,-14.758],[125.123,-14.758],[125.122,-14.756],[125.123,-14.758]]],[[[125.143,-14.756],[125.142,-14.755],[125.142,-14.754],[125.143,-14.756]]],[[[125.133,-14.751],[125.132,-14.75],[125.133,-14.749],[125.133,-14.751]]],[[[125.139,-14.752],[125.145,-14.765],[125.14,-14.769],[125.139,-14.752]]],[[[125.132,-14.752],[125.127,-14.761],[125.124,-14.755],[125.132,-14.752]]],[[[145.511,-14.742],[145.515,-14.749],[145.507,-14.746],[145.511,-14.742]]],[[[125.15,-14.741],[125.149,-14.742],[125.15,-14.74],[125.15,-14.741]]],[[[145.085,-14.737],[145.083,-14.737],[145.084,-14.736],[145.085,-14.737]]],[[[128.299,-14.736],[128.334,-14.76],[128.306,-14.76],[128.299,-14.736]]],[[[145.198,-14.734],[145.206,-14.737],[145.199,-14.737],[145.198,-14.734]]],[[[145.188,-14.734],[145.186,-14.736],[145.184,-14.733],[145.188,-14.734]]],[[[145.101,-14.732],[145.1,-14.732],[145.101,-14.731],[145.101,-14.732]]],[[[145.18,-14.73],[145.179,-14.729],[145.18,-14.729],[145.18,-14.73]]],[[[145.201,-14.721],[145.203,-14.721],[145.201,-14.721],[145.201,-14.721]]],[[[128.637,-14.725],[128.633,-14.722],[128.633,-14.719],[128.637,-14.725]]],[[[145.195,-14.714],[145.192,-14.715],[145.193,-14.713],[145.195,-14.714]]],[[[124.977,-14.712],[124.973,-14.71],[124.976,-14.71],[124.977,-14.712]]],[[[145.204,-14.706],[145.202,-14.703],[145.205,-14.704],[145.204,-14.706]]],[[[145.457,-14.703],[145.453,-14.704],[145.451,-14.701],[145.457,-14.703]]],[[[145.38,-14.696],[145.376,-14.699],[145.375,-14.697],[145.38,-14.696]]],[[[125.199,-14.694],[125.198,-14.694],[125.199,-14.693],[125.199,-14.694]]],[[[145.466,-14.692],[145.467,-14.692],[145.465,-14.692],[145.466,-14.692]]],[[[125.195,-14.692],[125.192,-14.69],[125.194,-14.69],[125.195,-14.692]]],[[[145.449,-14.69],[145.45,-14.695],[145.443,-14.695],[145.449,-14.69]]],[[[135.501,-14.683],[135.505,-14.683],[135.505,-14.684],[135.501,-14.683]]],[[[125.203,-14.685],[125.202,-14.685],[125.202,-14.68],[125.203,-14.685]]],[[[125.194,-14.679],[125.185,-14.679],[125.192,-14.676],[125.194,-14.679]]],[[[125.144,-14.674],[125.143,-14.673],[125.144,-14.673],[125.144,-14.674]]],[[[125.128,-14.673],[125.128,-14.674],[125.127,-14.673],[125.128,-14.673]]],[[[125.129,-14.672],[125.128,-14.672],[125.129,-14.672],[125.129,-14.672]]],[[[125.211,-14.671],[125.211,-14.671],[125.21,-14.671],[125.211,-14.671]]],[[[125.242,-14.67],[125.243,-14.671],[125.242,-14.673],[125.242,-14.67]]],[[[125.129,-14.67],[125.128,-14.668],[125.129,-14.668],[125.129,-14.67]]],[[[125.208,-14.672],[125.204,-14.668],[125.205,-14.664],[125.208,-14.672]]],[[[125.141,-14.664],[125.135,-14.67],[125.129,-14.666],[125.141,-14.664]]],[[[125.132,-14.659],[125.134,-14.661],[125.133,-14.665],[125.132,-14.659]]],[[[125.252,-14.656],[125.252,-14.656],[125.253,-14.655],[125.252,-14.656]]],[[[125.278,-14.654],[125.277,-14.654],[125.277,-14.653],[125.278,-14.654]]],[[[125.255,-14.655],[125.254,-14.653],[125.257,-14.652],[125.255,-14.655]]],[[[145.255,-14.65],[145.258,-14.656],[145.248,-14.658],[145.255,-14.65]]],[[[125.034,-14.65],[125.033,-14.65],[125.033,-14.649],[125.034,-14.65]]],[[[125.259,-14.649],[125.258,-14.648],[125.259,-14.648],[125.259,-14.649]]],[[[125.926,-14.648],[125.926,-14.647],[125.928,-14.647],[125.926,-14.648]]],[[[125.095,-14.648],[125.094,-14.647],[125.094,-14.647],[125.095,-14.648]]],[[[145.459,-14.648],[145.478,-14.668],[145.472,-14.687],[145.443,-14.671],[145.459,-14.648]]],[[[125.266,-14.646],[125.265,-14.645],[125.266,-14.645],[125.266,-14.646]]],[[[125.245,-14.647],[125.243,-14.646],[125.243,-14.645],[125.245,-14.647]]],[[[125.172,-14.646],[125.171,-14.646],[125.171,-14.645],[125.172,-14.646]]],[[[125.306,-14.648],[125.297,-14.649],[125.3,-14.644],[125.306,-14.648]]],[[[125.163,-14.644],[125.167,-14.647],[125.161,-14.653],[125.163,-14.644]]],[[[125.131,-14.644],[125.13,-14.644],[125.131,-14.642],[125.131,-14.644]]],[[[125.277,-14.647],[125.272,-14.648],[125.271,-14.643],[125.277,-14.647]]],[[[125.156,-14.645],[125.154,-14.643],[125.154,-14.641],[125.156,-14.645]]],[[[125.067,-14.643],[125.064,-14.643],[125.066,-14.64],[125.067,-14.643]]],[[[125.269,-14.641],[125.268,-14.641],[125.268,-14.64],[125.269,-14.641]]],[[[125.929,-14.639],[125.934,-14.643],[125.932,-14.648],[125.929,-14.639]]],[[[125.09,-14.637],[125.09,-14.638],[125.089,-14.637],[125.09,-14.637]]],[[[125.435,-14.634],[125.435,-14.633],[125.435,-14.632],[125.435,-14.634]]],[[[125.093,-14.631],[125.096,-14.632],[125.095,-14.64],[125.093,-14.631]]],[[[125.227,-14.634],[125.226,-14.633],[125.226,-14.63],[125.227,-14.634]]],[[[125.188,-14.629],[125.188,-14.628],[125.188,-14.628],[125.188,-14.629]]],[[[125.092,-14.627],[125.094,-14.629],[125.089,-14.63],[125.092,-14.627]]],[[[125.17,-14.627],[125.167,-14.627],[125.169,-14.626],[125.17,-14.627]]],[[[125.168,-14.625],[125.166,-14.625],[125.168,-14.623],[125.168,-14.625]]],[[[125.886,-14.623],[125.885,-14.623],[125.885,-14.622],[125.886,-14.623]]],[[[125.246,-14.619],[125.267,-14.646],[125.248,-14.653],[125.236,-14.633],[125.228,-14.658],[125.204,-14.652],[125.246,-14.619]]],[[[125.658,-14.617],[125.655,-14.627],[125.654,-14.622],[125.658,-14.617]]],[[[125.241,-14.609],[125.245,-14.612],[125.239,-14.613],[125.241,-14.609]]],[[[125.212,-14.612],[125.21,-14.61],[125.211,-14.608],[125.212,-14.612]]],[[[125.249,-14.603],[125.253,-14.607],[125.248,-14.605],[125.249,-14.603]]],[[[144.935,-14.613],[144.925,-14.602],[144.932,-14.606],[144.935,-14.613]]],[[[125.656,-14.608],[125.653,-14.603],[125.658,-14.601],[125.656,-14.608]]],[[[125.094,-14.596],[125.092,-14.597],[125.093,-14.594],[125.094,-14.596]]],[[[125.426,-14.597],[125.424,-14.595],[125.427,-14.59],[125.426,-14.597]]],[[[125.074,-14.598],[125.072,-14.59],[125.074,-14.588],[125.074,-14.598]]],[[[125.275,-14.588],[125.274,-14.588],[125.275,-14.587],[125.275,-14.588]]],[[[125.447,-14.586],[125.449,-14.593],[125.443,-14.589],[125.447,-14.586]]],[[[125.094,-14.588],[125.093,-14.587],[125.093,-14.586],[125.094,-14.588]]],[[[125.365,-14.58],[125.364,-14.58],[125.363,-14.58],[125.365,-14.58]]],[[[125.227,-14.581],[125.226,-14.583],[125.223,-14.579],[125.227,-14.581]]],[[[125.207,-14.576],[125.206,-14.575],[125.206,-14.574],[125.207,-14.576]]],[[[125.369,-14.573],[125.371,-14.575],[125.369,-14.577],[125.369,-14.573]]],[[[125.889,-14.574],[125.888,-14.573],[125.889,-14.573],[125.889,-14.574]]],[[[125.423,-14.574],[125.422,-14.574],[125.423,-14.571],[125.423,-14.574]]],[[[125.377,-14.572],[125.377,-14.57],[125.378,-14.571],[125.377,-14.572]]],[[[125.074,-14.573],[125.073,-14.572],[125.074,-14.57],[125.074,-14.573]]],[[[125.294,-14.571],[125.292,-14.57],[125.293,-14.57],[125.294,-14.571]]],[[[125.424,-14.57],[125.423,-14.569],[125.424,-14.569],[125.424,-14.57]]],[[[125.438,-14.583],[125.433,-14.58],[125.442,-14.568],[125.438,-14.583]]],[[[125.422,-14.572],[125.42,-14.571],[125.419,-14.567],[125.422,-14.572]]],[[[125.388,-14.568],[125.387,-14.567],[125.388,-14.566],[125.388,-14.568]]],[[[125.39,-14.564],[125.39,-14.565],[125.389,-14.565],[125.39,-14.564]]],[[[125.268,-14.564],[125.277,-14.588],[125.254,-14.579],[125.268,-14.564]]],[[[125.19,-14.564],[125.188,-14.564],[125.189,-14.563],[125.19,-14.564]]],[[[125.469,-14.565],[125.467,-14.564],[125.468,-14.563],[125.469,-14.565]]],[[[125.316,-14.567],[125.314,-14.565],[125.315,-14.562],[125.316,-14.567]]],[[[125.419,-14.562],[125.418,-14.563],[125.418,-14.561],[125.419,-14.562]]],[[[125.415,-14.563],[125.413,-14.562],[125.414,-14.56],[125.415,-14.563]]],[[[125.595,-14.56],[125.595,-14.561],[125.594,-14.56],[125.595,-14.56]]],[[[144.891,-14.562],[144.887,-14.564],[144.884,-14.558],[144.891,-14.562]]],[[[125.415,-14.558],[125.414,-14.558],[125.415,-14.557],[125.415,-14.558]]],[[[125.438,-14.562],[125.434,-14.56],[125.44,-14.556],[125.438,-14.562]]],[[[144.71,-14.556],[144.712,-14.56],[144.706,-14.556],[144.71,-14.556]]],[[[125.397,-14.557],[125.391,-14.556],[125.395,-14.553],[125.397,-14.557]]],[[[144.908,-14.555],[144.906,-14.553],[144.908,-14.554],[144.908,-14.555]]],[[[144.904,-14.553],[144.904,-14.553],[144.904,-14.553],[144.904,-14.553]]],[[[125.281,-14.559],[125.278,-14.558],[125.28,-14.552],[125.281,-14.559]]],[[[125.325,-14.554],[125.33,-14.555],[125.327,-14.558],[125.325,-14.554]]],[[[125.426,-14.548],[125.436,-14.555],[125.422,-14.567],[125.426,-14.548]]],[[[144.87,-14.547],[144.867,-14.548],[144.868,-14.546],[144.87,-14.547]]],[[[125.202,-14.543],[125.201,-14.543],[125.202,-14.542],[125.202,-14.543]]],[[[125.201,-14.543],[125.2,-14.543],[125.2,-14.542],[125.201,-14.543]]],[[[125.415,-14.543],[125.413,-14.543],[125.414,-14.541],[125.415,-14.543]]],[[[124.93,-14.544],[124.928,-14.542],[124.93,-14.54],[124.93,-14.544]]],[[[127.94,-14.539],[127.939,-14.539],[127.94,-14.539],[127.94,-14.539]]],[[[124.932,-14.539],[124.93,-14.539],[124.932,-14.538],[124.932,-14.539]]],[[[125.136,-14.539],[125.136,-14.537],[125.138,-14.537],[125.136,-14.539]]],[[[144.998,-14.539],[144.994,-14.542],[144.986,-14.541],[144.998,-14.539]]],[[[125.248,-14.539],[125.247,-14.536],[125.25,-14.537],[125.248,-14.539]]],[[[125.411,-14.541],[125.405,-14.542],[125.409,-14.535],[125.411,-14.541]]],[[[124.936,-14.538],[124.934,-14.538],[124.934,-14.535],[124.936,-14.538]]],[[[125.023,-14.536],[125.022,-14.536],[125.022,-14.534],[125.023,-14.536]]],[[[135.612,-14.536],[135.611,-14.536],[135.611,-14.534],[135.612,-14.536]]],[[[125.465,-14.536],[125.462,-14.536],[125.466,-14.533],[125.465,-14.536]]],[[[125.558,-14.533],[125.558,-14.533],[125.558,-14.531],[125.558,-14.533]]],[[[125.441,-14.543],[125.426,-14.545],[125.434,-14.531],[125.441,-14.543]]],[[[125.442,-14.532],[125.44,-14.531],[125.441,-14.531],[125.442,-14.532]]],[[[125.012,-14.537],[125.013,-14.53],[125.016,-14.532],[125.012,-14.537]]],[[[125.414,-14.53],[125.413,-14.529],[125.415,-14.527],[125.414,-14.53]]],[[[125.974,-14.527],[125.973,-14.528],[125.973,-14.527],[125.974,-14.527]]],[[[125.318,-14.53],[125.315,-14.53],[125.317,-14.526],[125.318,-14.53]]],[[[125.211,-14.53],[125.209,-14.529],[125.211,-14.525],[125.211,-14.53]]],[[[125.412,-14.528],[125.406,-14.535],[125.413,-14.524],[125.412,-14.528]]],[[[125.144,-14.525],[125.14,-14.524],[125.141,-14.523],[125.144,-14.525]]],[[[126.024,-14.524],[126.023,-14.523],[126.024,-14.523],[126.024,-14.524]]],[[[144.981,-14.523],[144.971,-14.527],[144.965,-14.524],[144.981,-14.523]]],[[[124.921,-14.522],[124.92,-14.523],[124.921,-14.522],[124.921,-14.522]]],[[[126.01,-14.518],[126.009,-14.518],[126.01,-14.518],[126.01,-14.518]]],[[[126.022,-14.518],[126.021,-14.518],[126.021,-14.518],[126.022,-14.518]]],[[[125.909,-14.521],[125.901,-14.523],[125.905,-14.517],[125.909,-14.521]]],[[[125.489,-14.518],[125.489,-14.518],[125.488,-14.517],[125.489,-14.518]]],[[[124.931,-14.515],[124.932,-14.521],[124.925,-14.519],[124.931,-14.515]]],[[[125.318,-14.513],[125.318,-14.516],[125.315,-14.514],[125.318,-14.513]]],[[[125.958,-14.513],[125.957,-14.514],[125.958,-14.513],[125.958,-14.513]]],[[[124.924,-14.514],[124.92,-14.51],[124.924,-14.513],[124.924,-14.514]]],[[[125.341,-14.515],[125.334,-14.515],[125.335,-14.509],[125.341,-14.515]]],[[[125.361,-14.51],[125.36,-14.51],[125.359,-14.509],[125.361,-14.51]]],[[[125.347,-14.51],[125.344,-14.51],[125.346,-14.508],[125.347,-14.51]]],[[[125.121,-14.508],[125.12,-14.509],[125.121,-14.508],[125.121,-14.508]]],[[[125.243,-14.509],[125.241,-14.509],[125.242,-14.506],[125.243,-14.509]]],[[[125.378,-14.505],[125.376,-14.504],[125.377,-14.504],[125.378,-14.505]]],[[[144.911,-14.503],[144.919,-14.508],[144.912,-14.508],[144.911,-14.503]]],[[[126.042,-14.503],[126.041,-14.504],[126.041,-14.503],[126.042,-14.503]]],[[[144.765,-14.501],[144.769,-14.509],[144.762,-14.504],[144.765,-14.501]]],[[[144.764,-14.5],[144.762,-14.5],[144.764,-14.5],[144.764,-14.5]]],[[[125.5,-14.501],[125.506,-14.509],[125.496,-14.51],[125.5,-14.501]]],[[[125.106,-14.502],[125.105,-14.501],[125.106,-14.499],[125.106,-14.502]]],[[[124.969,-14.494],[124.971,-14.496],[124.969,-14.499],[124.969,-14.494]]],[[[144.98,-14.494],[144.99,-14.508],[144.979,-14.513],[144.95,-14.5],[144.98,-14.494]]],[[[125.345,-14.496],[125.341,-14.505],[125.338,-14.498],[125.345,-14.496]]],[[[124.967,-14.493],[124.967,-14.492],[124.967,-14.491],[124.967,-14.493]]],[[[125.703,-14.493],[125.703,-14.492],[125.704,-14.49],[125.703,-14.493]]],[[[135.628,-14.49],[135.608,-14.516],[135.602,-14.491],[135.628,-14.49]]],[[[124.966,-14.488],[124.966,-14.488],[124.966,-14.487],[124.966,-14.488]]],[[[125.244,-14.49],[125.243,-14.486],[125.245,-14.485],[125.244,-14.49]]],[[[124.995,-14.497],[125,-14.518],[124.984,-14.528],[124.976,-14.506],[124.99,-14.484],[124.995,-14.497]]],[[[125.204,-14.484],[125.203,-14.484],[125.204,-14.482],[125.204,-14.484]]],[[[125.494,-14.483],[125.498,-14.49],[125.489,-14.486],[125.494,-14.483]]],[[[125.453,-14.481],[125.497,-14.5],[125.47,-14.511],[125.453,-14.481]]],[[[125.248,-14.485],[125.246,-14.482],[125.247,-14.481],[125.248,-14.485]]],[[[125.131,-14.483],[125.13,-14.483],[125.13,-14.48],[125.131,-14.483]]],[[[125.488,-14.481],[125.487,-14.482],[125.487,-14.481],[125.488,-14.481]]],[[[125.268,-14.487],[125.265,-14.482],[125.265,-14.48],[125.268,-14.487]]],[[[125.131,-14.48],[125.131,-14.48],[125.13,-14.479],[125.131,-14.48]]],[[[125.133,-14.479],[125.132,-14.479],[125.133,-14.478],[125.133,-14.479]]],[[[125.132,-14.477],[125.132,-14.476],[125.132,-14.476],[125.132,-14.477]]],[[[125.257,-14.484],[125.251,-14.48],[125.254,-14.476],[125.257,-14.484]]],[[[144.699,-14.476],[144.698,-14.477],[144.698,-14.475],[144.699,-14.476]]],[[[125.403,-14.477],[125.401,-14.476],[125.403,-14.476],[125.403,-14.477]]],[[[125.192,-14.477],[125.192,-14.475],[125.193,-14.476],[125.192,-14.477]]],[[[125.193,-14.477],[125.193,-14.476],[125.194,-14.476],[125.193,-14.477]]],[[[125.009,-14.475],[125.008,-14.475],[125.009,-14.474],[125.009,-14.475]]],[[[125.004,-14.482],[124.996,-14.483],[125.006,-14.473],[125.004,-14.482]]],[[[144.699,-14.473],[144.697,-14.475],[144.696,-14.474],[144.699,-14.473]]],[[[127.876,-14.472],[127.875,-14.474],[127.874,-14.473],[127.876,-14.472]]],[[[125.189,-14.472],[125.188,-14.471],[125.189,-14.471],[125.189,-14.472]]],[[[125.199,-14.474],[125.199,-14.472],[125.203,-14.47],[125.199,-14.474]]],[[[125.193,-14.47],[125.191,-14.472],[125.191,-14.471],[125.193,-14.47]]],[[[124.987,-14.478],[124.985,-14.469],[124.987,-14.471],[124.987,-14.478]]],[[[125.15,-14.469],[125.15,-14.47],[125.149,-14.469],[125.15,-14.469]]],[[[125.156,-14.469],[125.155,-14.468],[125.156,-14.468],[125.156,-14.469]]],[[[125.186,-14.468],[125.185,-14.469],[125.186,-14.467],[125.186,-14.468]]],[[[125.155,-14.468],[125.154,-14.467],[125.154,-14.467],[125.155,-14.468]]],[[[125.21,-14.466],[125.209,-14.466],[125.209,-14.465],[125.21,-14.466]]],[[[125.153,-14.465],[125.153,-14.465],[125.153,-14.464],[125.153,-14.465]]],[[[125.193,-14.463],[125.192,-14.464],[125.191,-14.463],[125.193,-14.463]]],[[[144.895,-14.466],[144.891,-14.464],[144.891,-14.463],[144.895,-14.466]]],[[[124.983,-14.468],[124.979,-14.464],[124.979,-14.462],[124.983,-14.468]]],[[[125.151,-14.464],[125.149,-14.462],[125.15,-14.462],[125.151,-14.464]]],[[[125.187,-14.463],[125.186,-14.462],[125.186,-14.461],[125.187,-14.463]]],[[[125.316,-14.462],[125.315,-14.462],[125.315,-14.461],[125.316,-14.462]]],[[[125.205,-14.465],[125.197,-14.472],[125.199,-14.462],[125.205,-14.465]]],[[[125.262,-14.461],[125.272,-14.483],[125.248,-14.471],[125.262,-14.461]]],[[[125.219,-14.461],[125.218,-14.461],[125.219,-14.46],[125.219,-14.461]]],[[[125.777,-14.462],[125.777,-14.465],[125.774,-14.462],[125.777,-14.462]]],[[[125.148,-14.461],[125.146,-14.461],[125.148,-14.46],[125.148,-14.461]]],[[[125.188,-14.46],[125.187,-14.46],[125.188,-14.459],[125.188,-14.46]]],[[[125.215,-14.46],[125.214,-14.459],[125.216,-14.459],[125.215,-14.46]]],[[[125.693,-14.459],[125.689,-14.461],[125.69,-14.458],[125.693,-14.459]]],[[[125.19,-14.46],[125.189,-14.46],[125.19,-14.457],[125.19,-14.46]]],[[[125.509,-14.457],[125.508,-14.457],[125.509,-14.456],[125.509,-14.457]]],[[[125.22,-14.455],[125.218,-14.453],[125.22,-14.452],[125.22,-14.455]]],[[[126.022,-14.451],[126.021,-14.451],[126.022,-14.45],[126.022,-14.451]]],[[[125.718,-14.449],[125.717,-14.448],[125.718,-14.448],[125.718,-14.449]]],[[[125.533,-14.448],[125.533,-14.447],[125.535,-14.448],[125.533,-14.448]]],[[[125.723,-14.45],[125.72,-14.449],[125.721,-14.445],[125.723,-14.45]]],[[[125.719,-14.445],[125.719,-14.446],[125.718,-14.444],[125.719,-14.445]]],[[[125.167,-14.447],[125.185,-14.459],[125.18,-14.484],[125.19,-14.473],[125.205,-14.5],[125.216,-14.496],[125.201,-14.548],[125.18,-14.56],[125.2,-14.562],[125.197,-14.583],[125.209,-14.583],[125.196,-14.59],[125.214,-14.607],[125.185,-14.61],[125.181,-14.634],[125.167,-14.62],[125.146,-14.656],[125.136,-14.628],[125.113,-14.628],[125.108,-14.643],[125.093,-14.626],[125.096,-14.546],[125.132,-14.552],[125.134,-14.577],[125.152,-14.566],[125.134,-14.545],[125.15,-14.52],[125.133,-14.529],[125.117,-14.503],[125.136,-14.476],[125.16,-14.471],[125.151,-14.453],[125.167,-14.447]]],[[[125.031,-14.439],[125.031,-14.438],[125.033,-14.437],[125.031,-14.439]]],[[[125.513,-14.436],[125.51,-14.436],[125.512,-14.436],[125.513,-14.436]]],[[[144.892,-14.435],[144.892,-14.435],[144.892,-14.435],[144.892,-14.435]]],[[[125.993,-14.435],[126.003,-14.443],[125.983,-14.447],[125.993,-14.435]]],[[[144.892,-14.435],[144.892,-14.435],[144.892,-14.435],[144.892,-14.435]]],[[[144.892,-14.435],[144.89,-14.434],[144.89,-14.434],[144.892,-14.435]]],[[[125.234,-14.443],[125.231,-14.44],[125.237,-14.433],[125.234,-14.443]]],[[[125.722,-14.433],[125.723,-14.436],[125.721,-14.434],[125.722,-14.433]]],[[[127.866,-14.435],[127.875,-14.459],[127.85,-14.479],[127.839,-14.456],[127.866,-14.435]]],[[[125.287,-14.433],[125.286,-14.432],[125.287,-14.43],[125.287,-14.433]]],[[[144.885,-14.431],[144.888,-14.434],[144.884,-14.431],[144.885,-14.431]]],[[[144.882,-14.429],[144.881,-14.429],[144.881,-14.429],[144.882,-14.429]]],[[[135.869,-14.437],[135.868,-14.436],[135.876,-14.428],[135.869,-14.437]]],[[[124.986,-14.43],[124.995,-14.446],[124.977,-14.455],[124.972,-14.437],[124.986,-14.43]]],[[[125.491,-14.428],[125.491,-14.427],[125.492,-14.426],[125.491,-14.428]]],[[[144.818,-14.433],[144.803,-14.433],[144.815,-14.425],[144.818,-14.433]]],[[[125.75,-14.426],[125.749,-14.426],[125.75,-14.425],[125.75,-14.426]]],[[[135.878,-14.426],[135.877,-14.427],[135.878,-14.424],[135.878,-14.426]]],[[[125.279,-14.426],[125.277,-14.425],[125.279,-14.423],[125.279,-14.426]]],[[[125.523,-14.424],[125.516,-14.436],[125.501,-14.43],[125.523,-14.424]]],[[[125.531,-14.434],[125.538,-14.475],[125.559,-14.494],[125.523,-14.485],[125.511,-14.444],[125.53,-14.423],[125.531,-14.434]]],[[[125.513,-14.422],[125.511,-14.422],[125.512,-14.421],[125.513,-14.422]]],[[[125.685,-14.421],[125.685,-14.42],[125.686,-14.421],[125.685,-14.421]]],[[[125.476,-14.421],[125.473,-14.421],[125.475,-14.42],[125.476,-14.421]]],[[[125.405,-14.422],[125.403,-14.42],[125.405,-14.42],[125.405,-14.422]]],[[[125.719,-14.421],[125.718,-14.421],[125.718,-14.419],[125.719,-14.421]]],[[[135.881,-14.422],[135.88,-14.423],[135.882,-14.418],[135.881,-14.422]]],[[[144.88,-14.419],[144.879,-14.416],[144.882,-14.415],[144.88,-14.419]]],[[[125.238,-14.414],[125.244,-14.422],[125.239,-14.43],[125.238,-14.414]]],[[[125.238,-14.412],[125.237,-14.412],[125.237,-14.411],[125.238,-14.412]]],[[[125.264,-14.413],[125.269,-14.424],[125.25,-14.429],[125.246,-14.416],[125.264,-14.413]]],[[[125.24,-14.411],[125.237,-14.41],[125.239,-14.41],[125.24,-14.411]]],[[[125.493,-14.409],[125.492,-14.409],[125.492,-14.408],[125.493,-14.409]]],[[[125.732,-14.408],[125.754,-14.416],[125.739,-14.429],[125.757,-14.451],[125.72,-14.479],[125.732,-14.408]]],[[[125.342,-14.406],[125.345,-14.41],[125.337,-14.407],[125.342,-14.406]]],[[[125.429,-14.405],[125.429,-14.411],[125.424,-14.409],[125.429,-14.405]]],[[[125.424,-14.404],[125.423,-14.405],[125.421,-14.403],[125.424,-14.404]]],[[[125.524,-14.403],[125.527,-14.406],[125.522,-14.404],[125.524,-14.403]]],[[[124.957,-14.407],[124.956,-14.404],[124.958,-14.402],[124.957,-14.407]]],[[[125.665,-14.401],[125.664,-14.402],[125.664,-14.401],[125.665,-14.401]]],[[[144.903,-14.4],[144.902,-14.401],[144.901,-14.401],[144.903,-14.4]]],[[[125.395,-14.402],[125.394,-14.401],[125.395,-14.399],[125.395,-14.402]]],[[[125.664,-14.4],[125.663,-14.399],[125.664,-14.398],[125.664,-14.4]]],[[[125.406,-14.398],[125.404,-14.397],[125.404,-14.396],[125.406,-14.398]]],[[[125.32,-14.396],[125.318,-14.395],[125.319,-14.395],[125.32,-14.396]]],[[[125.658,-14.394],[125.655,-14.395],[125.657,-14.393],[125.658,-14.394]]],[[[125.256,-14.393],[125.255,-14.393],[125.257,-14.392],[125.256,-14.393]]],[[[125.98,-14.39],[125.98,-14.391],[125.978,-14.391],[125.98,-14.39]]],[[[125.685,-14.386],[125.683,-14.386],[125.685,-14.384],[125.685,-14.386]]],[[[125.68,-14.384],[125.679,-14.384],[125.679,-14.384],[125.68,-14.384]]],[[[125.416,-14.389],[125.412,-14.389],[125.413,-14.384],[125.416,-14.389]]],[[[124.978,-14.39],[124.983,-14.424],[124.973,-14.398],[124.959,-14.402],[124.978,-14.39]]],[[[125.677,-14.385],[125.678,-14.383],[125.68,-14.381],[125.677,-14.385]]],[[[125.684,-14.379],[125.683,-14.378],[125.684,-14.378],[125.684,-14.379]]],[[[125.414,-14.377],[125.414,-14.376],[125.415,-14.376],[125.414,-14.377]]],[[[127.838,-14.373],[127.838,-14.373],[127.839,-14.373],[127.838,-14.373]]],[[[127.841,-14.371],[127.842,-14.372],[127.841,-14.373],[127.841,-14.371]]],[[[125.675,-14.367],[125.681,-14.376],[125.673,-14.382],[125.675,-14.367]]],[[[125.404,-14.369],[125.401,-14.366],[125.407,-14.363],[125.404,-14.369]]],[[[125.995,-14.368],[125.971,-14.388],[125.983,-14.364],[125.995,-14.368]]],[[[125.418,-14.363],[125.416,-14.363],[125.417,-14.36],[125.418,-14.363]]],[[[125.68,-14.361],[125.68,-14.359],[125.681,-14.359],[125.68,-14.361]]],[[[126.062,-14.357],[126.062,-14.357],[126.063,-14.356],[126.062,-14.357]]],[[[125.427,-14.358],[125.424,-14.357],[125.427,-14.356],[125.427,-14.358]]],[[[125.587,-14.357],[125.587,-14.357],[125.587,-14.355],[125.587,-14.357]]],[[[127.813,-14.355],[127.823,-14.369],[127.811,-14.378],[127.813,-14.355]]],[[[136.953,-14.353],[136.948,-14.351],[136.953,-14.349],[136.953,-14.353]]],[[[125.496,-14.35],[125.491,-14.351],[125.491,-14.349],[125.496,-14.35]]],[[[125.585,-14.361],[125.573,-14.36],[125.577,-14.348],[125.585,-14.361]]],[[[126.056,-14.348],[126.052,-14.35],[126.054,-14.348],[126.056,-14.348]]],[[[125.717,-14.353],[125.711,-14.355],[125.708,-14.348],[125.717,-14.353]]],[[[136.937,-14.347],[136.942,-14.351],[136.929,-14.352],[136.937,-14.347]]],[[[144.654,-14.347],[144.651,-14.345],[144.652,-14.345],[144.654,-14.347]]],[[[126.001,-14.345],[126.005,-14.346],[126.004,-14.35],[126.001,-14.345]]],[[[144.647,-14.342],[144.65,-14.345],[144.648,-14.345],[144.647,-14.342]]],[[[125.316,-14.335],[125.314,-14.334],[125.315,-14.334],[125.316,-14.335]]],[[[125.382,-14.336],[125.38,-14.339],[125.378,-14.336],[125.382,-14.336]]],[[[125.409,-14.345],[125.405,-14.334],[125.411,-14.335],[125.409,-14.345]]],[[[125.589,-14.336],[125.587,-14.335],[125.588,-14.333],[125.589,-14.336]]],[[[125.38,-14.333],[125.379,-14.333],[125.381,-14.331],[125.38,-14.333]]],[[[136.823,-14.337],[136.818,-14.329],[136.82,-14.329],[136.823,-14.337]]],[[[125.381,-14.33],[125.38,-14.33],[125.38,-14.328],[125.381,-14.33]]],[[[125.756,-14.325],[125.755,-14.326],[125.754,-14.325],[125.756,-14.325]]],[[[125.945,-14.326],[125.944,-14.327],[125.943,-14.324],[125.945,-14.326]]],[[[125.964,-14.329],[125.97,-14.348],[125.937,-14.387],[125.924,-14.375],[125.943,-14.366],[125.944,-14.335],[125.964,-14.329]]],[[[125.928,-14.322],[125.934,-14.329],[125.919,-14.329],[125.928,-14.322]]],[[[125.729,-14.323],[125.725,-14.322],[125.729,-14.32],[125.729,-14.323]]],[[[125.987,-14.333],[125.974,-14.332],[125.993,-14.32],[125.987,-14.333]]],[[[125.767,-14.32],[125.773,-14.327],[125.762,-14.325],[125.767,-14.32]]],[[[144.851,-14.318],[144.85,-14.319],[144.849,-14.319],[144.851,-14.318]]],[[[125.739,-14.318],[125.738,-14.317],[125.739,-14.317],[125.739,-14.318]]],[[[125.723,-14.315],[125.722,-14.315],[125.723,-14.313],[125.723,-14.315]]],[[[136.661,-14.311],[136.659,-14.31],[136.657,-14.304],[136.661,-14.311]]],[[[125.316,-14.297],[125.321,-14.3],[125.31,-14.304],[125.316,-14.297]]],[[[125.307,-14.299],[125.307,-14.296],[125.309,-14.296],[125.307,-14.299]]],[[[125.307,-14.296],[125.305,-14.295],[125.306,-14.295],[125.307,-14.296]]],[[[125.312,-14.297],[125.312,-14.295],[125.314,-14.293],[125.312,-14.297]]],[[[136.959,-14.295],[136.964,-14.3],[136.955,-14.296],[136.959,-14.295]]],[[[135.733,-14.295],[135.728,-14.29],[135.735,-14.288],[135.733,-14.295]]],[[[125.213,-14.314],[125.222,-14.287],[125.228,-14.304],[125.213,-14.314]]],[[[125.669,-14.288],[125.668,-14.288],[125.67,-14.286],[125.669,-14.288]]],[[[126.009,-14.284],[126.004,-14.303],[126.024,-14.3],[126.047,-14.328],[126.023,-14.328],[126.022,-14.353],[125.985,-14.313],[125.987,-14.289],[126.009,-14.284]]],[[[125.679,-14.28],[125.677,-14.279],[125.678,-14.278],[125.679,-14.28]]],[[[125.726,-14.278],[125.723,-14.279],[125.724,-14.277],[125.726,-14.278]]],[[[125.839,-14.281],[125.838,-14.28],[125.84,-14.277],[125.839,-14.281]]],[[[144.358,-14.273],[144.357,-14.274],[144.357,-14.271],[144.358,-14.273]]],[[[125.296,-14.274],[125.31,-14.275],[125.303,-14.293],[125.29,-14.289],[125.296,-14.274]]],[[[125.314,-14.271],[125.313,-14.271],[125.313,-14.268],[125.314,-14.271]]],[[[125.317,-14.273],[125.314,-14.261],[125.32,-14.264],[125.317,-14.273]]],[[[127.729,-14.259],[127.734,-14.263],[127.725,-14.26],[127.729,-14.259]]],[[[125.31,-14.262],[125.307,-14.259],[125.308,-14.255],[125.31,-14.262]]],[[[136.981,-14.257],[136.984,-14.262],[136.971,-14.26],[136.981,-14.257]]],[[[125.831,-14.266],[125.826,-14.267],[125.827,-14.254],[125.831,-14.266]]],[[[144.353,-14.254],[144.352,-14.254],[144.355,-14.252],[144.353,-14.254]]],[[[136.971,-14.244],[136.962,-14.244],[136.968,-14.241],[136.971,-14.244]]],[[[125.322,-14.24],[125.322,-14.242],[125.32,-14.242],[125.322,-14.24]]],[[[125.636,-14.241],[125.636,-14.24],[125.637,-14.24],[125.636,-14.241]]],[[[126.095,-14.238],[126.094,-14.238],[126.095,-14.237],[126.095,-14.238]]],[[[125.614,-14.237],[125.612,-14.236],[125.614,-14.235],[125.614,-14.237]]],[[[125.607,-14.235],[125.607,-14.234],[125.608,-14.234],[125.607,-14.235]]],[[[127.715,-14.233],[127.712,-14.244],[127.704,-14.245],[127.715,-14.233]]],[[[144.577,-14.233],[144.576,-14.233],[144.577,-14.231],[144.577,-14.233]]],[[[126.117,-14.233],[126.116,-14.231],[126.118,-14.23],[126.117,-14.233]]],[[[126.122,-14.228],[126.121,-14.228],[126.122,-14.227],[126.122,-14.228]]],[[[135.839,-14.227],[135.838,-14.228],[135.836,-14.226],[135.839,-14.227]]],[[[125.828,-14.231],[125.823,-14.231],[125.826,-14.226],[125.828,-14.231]]],[[[126.022,-14.225],[126.042,-14.232],[126.037,-14.242],[125.993,-14.244],[126.022,-14.225]]],[[[125.797,-14.23],[125.795,-14.23],[125.799,-14.225],[125.797,-14.23]]],[[[143.796,-14.225],[143.795,-14.226],[143.791,-14.226],[143.796,-14.225]]],[[[125.644,-14.223],[125.64,-14.223],[125.639,-14.219],[125.644,-14.223]]],[[[136.961,-14.22],[136.959,-14.228],[136.955,-14.223],[136.961,-14.22]]],[[[126.571,-14.22],[126.57,-14.22],[126.569,-14.219],[126.571,-14.22]]],[[[126.597,-14.223],[126.596,-14.222],[126.597,-14.219],[126.597,-14.223]]],[[[144.277,-14.22],[144.27,-14.239],[144.245,-14.221],[144.277,-14.22]]],[[[126.113,-14.215],[126.113,-14.216],[126.112,-14.215],[126.113,-14.215]]],[[[126.567,-14.216],[126.566,-14.216],[126.566,-14.215],[126.567,-14.216]]],[[[143.778,-14.22],[143.772,-14.22],[143.774,-14.214],[143.778,-14.22]]],[[[126.032,-14.211],[126.031,-14.212],[126.03,-14.211],[126.032,-14.211]]],[[[144.252,-14.209],[144.252,-14.212],[144.248,-14.21],[144.252,-14.209]]],[[[144.244,-14.209],[144.243,-14.209],[144.243,-14.208],[144.244,-14.209]]],[[[125.765,-14.215],[125.767,-14.208],[125.769,-14.211],[125.765,-14.215]]],[[[144.223,-14.219],[144.202,-14.231],[144.222,-14.206],[144.223,-14.219]]],[[[126.579,-14.227],[126.574,-14.204],[126.586,-14.224],[126.579,-14.227]]],[[[125.637,-14.205],[125.635,-14.206],[125.636,-14.203],[125.637,-14.205]]],[[[125.643,-14.204],[125.639,-14.204],[125.641,-14.203],[125.643,-14.204]]],[[[126.05,-14.207],[126.046,-14.208],[126.045,-14.203],[126.05,-14.207]]],[[[144.884,-14.199],[144.881,-14.198],[144.885,-14.198],[144.884,-14.199]]],[[[126.579,-14.197],[126.59,-14.224],[126.576,-14.217],[126.579,-14.197]]],[[[126.584,-14.197],[126.591,-14.212],[126.581,-14.2],[126.584,-14.197]]],[[[125.658,-14.198],[125.658,-14.198],[125.659,-14.196],[125.658,-14.198]]],[[[125.825,-14.194],[125.825,-14.194],[125.825,-14.193],[125.825,-14.194]]],[[[125.66,-14.192],[125.657,-14.19],[125.659,-14.186],[125.66,-14.192]]],[[[126.147,-14.185],[126.146,-14.185],[126.148,-14.185],[126.147,-14.185]]],[[[144.538,-14.184],[144.537,-14.184],[144.537,-14.183],[144.538,-14.184]]],[[[144.541,-14.183],[144.541,-14.183],[144.541,-14.183],[144.541,-14.183]]],[[[126.149,-14.182],[126.146,-14.184],[126.146,-14.182],[126.149,-14.182]]],[[[125.678,-14.181],[125.678,-14.181],[125.678,-14.179],[125.678,-14.181]]],[[[126.228,-14.177],[126.227,-14.177],[126.228,-14.177],[126.228,-14.177]]],[[[126.225,-14.177],[126.224,-14.176],[126.226,-14.176],[126.225,-14.177]]],[[[126.23,-14.177],[126.229,-14.177],[126.229,-14.176],[126.23,-14.177]]],[[[126.227,-14.176],[126.227,-14.176],[126.227,-14.176],[126.227,-14.176]]],[[[126.226,-14.175],[126.226,-14.176],[126.225,-14.175],[126.226,-14.175]]],[[[125.732,-14.175],[125.731,-14.193],[125.723,-14.183],[125.732,-14.175]]],[[[125.673,-14.176],[125.673,-14.173],[125.674,-14.171],[125.673,-14.176]]],[[[125.671,-14.178],[125.66,-14.182],[125.671,-14.171],[125.671,-14.178]]],[[[144.487,-14.166],[144.486,-14.165],[144.487,-14.165],[144.487,-14.166]]],[[[144.488,-14.164],[144.487,-14.165],[144.487,-14.164],[144.488,-14.164]]],[[[141.593,-14.174],[141.59,-14.172],[141.589,-14.163],[141.593,-14.174]]],[[[126.295,-14.161],[126.299,-14.164],[126.285,-14.171],[126.295,-14.161]]],[[[144.274,-14.16],[144.283,-14.196],[144.231,-14.184],[144.252,-14.176],[144.25,-14.161],[144.274,-14.16]]],[[[125.68,-14.162],[125.683,-14.177],[125.669,-14.167],[125.68,-14.162]]],[[[125.794,-14.162],[125.788,-14.171],[125.778,-14.157],[125.794,-14.162]]],[[[125.658,-14.158],[125.657,-14.152],[125.659,-14.154],[125.658,-14.158]]],[[[125.769,-14.161],[125.765,-14.159],[125.775,-14.151],[125.769,-14.161]]],[[[144.484,-14.15],[144.484,-14.151],[144.483,-14.152],[144.484,-14.15]]],[[[144.486,-14.15],[144.485,-14.15],[144.485,-14.149],[144.486,-14.15]]],[[[125.7,-14.154],[125.699,-14.153],[125.699,-14.149],[125.7,-14.154]]],[[[126.24,-14.148],[126.236,-14.162],[126.23,-14.15],[126.24,-14.148]]],[[[126.556,-14.149],[126.552,-14.147],[126.558,-14.146],[126.556,-14.149]]],[[[125.692,-14.144],[125.693,-14.142],[125.694,-14.142],[125.692,-14.144]]],[[[125.579,-14.144],[125.578,-14.145],[125.578,-14.141],[125.579,-14.144]]],[[[144.484,-14.14],[144.483,-14.14],[144.484,-14.14],[144.484,-14.14]]],[[[127.591,-14.135],[127.592,-14.137],[127.59,-14.137],[127.591,-14.135]]],[[[144.239,-14.132],[144.268,-14.15],[144.245,-14.152],[144.209,-14.185],[144.239,-14.132]]],[[[144.526,-14.129],[144.525,-14.129],[144.526,-14.129],[144.526,-14.129]]],[[[144.528,-14.128],[144.528,-14.128],[144.527,-14.127],[144.528,-14.128]]],[[[144.007,-14.126],[144.005,-14.124],[144.008,-14.124],[144.007,-14.126]]],[[[125.607,-14.124],[125.606,-14.13],[125.602,-14.13],[125.607,-14.124]]],[[[144.514,-14.123],[144.513,-14.122],[144.514,-14.122],[144.514,-14.123]]],[[[127.575,-14.12],[127.574,-14.12],[127.575,-14.119],[127.575,-14.12]]],[[[144.526,-14.114],[144.532,-14.125],[144.524,-14.12],[144.526,-14.114]]],[[[125.701,-14.112],[125.7,-14.111],[125.701,-14.111],[125.701,-14.112]]],[[[125.7,-14.117],[125.702,-14.144],[125.694,-14.14],[125.7,-14.117]]],[[[127.573,-14.113],[127.569,-14.107],[127.573,-14.108],[127.573,-14.113]]],[[[127.564,-14.107],[127.566,-14.107],[127.564,-14.108],[127.564,-14.107]]],[[[125.748,-14.109],[125.747,-14.107],[125.749,-14.105],[125.748,-14.109]]],[[[125.556,-14.099],[125.561,-14.107],[125.552,-14.109],[125.556,-14.099]]],[[[125.714,-14.098],[125.713,-14.098],[125.713,-14.097],[125.714,-14.098]]],[[[125.75,-14.099],[125.747,-14.099],[125.748,-14.096],[125.75,-14.099]]],[[[127.549,-14.093],[127.55,-14.094],[127.549,-14.097],[127.549,-14.093]]],[[[136.795,-14.094],[136.794,-14.101],[136.79,-14.097],[136.795,-14.094]]],[[[125.727,-14.094],[125.724,-14.094],[125.725,-14.09],[125.727,-14.094]]],[[[125.739,-14.09],[125.744,-14.092],[125.741,-14.094],[125.739,-14.09]]],[[[144.335,-14.085],[144.341,-14.094],[144.33,-14.105],[144.335,-14.085]]],[[[127.513,-14.085],[127.512,-14.085],[127.514,-14.084],[127.513,-14.085]]],[[[144.256,-14.075],[144.256,-14.078],[144.254,-14.077],[144.256,-14.075]]],[[[144.257,-14.074],[144.254,-14.071],[144.257,-14.072],[144.257,-14.074]]],[[[127.519,-14.067],[127.519,-14.068],[127.518,-14.067],[127.519,-14.067]]],[[[125.65,-14.069],[125.65,-14.067],[125.652,-14.066],[125.65,-14.069]]],[[[127.519,-14.065],[127.519,-14.066],[127.519,-14.066],[127.519,-14.065]]],[[[125.876,-14.063],[125.873,-14.063],[125.875,-14.062],[125.876,-14.063]]],[[[127.517,-14.062],[127.517,-14.061],[127.517,-14.061],[127.517,-14.062]]],[[[127.496,-14.055],[127.495,-14.058],[127.494,-14.055],[127.496,-14.055]]],[[[144.268,-14.057],[144.261,-14.051],[144.268,-14.051],[144.268,-14.057]]],[[[127.454,-14.045],[127.454,-14.046],[127.453,-14.046],[127.454,-14.045]]],[[[126.569,-14.016],[126.567,-14.013],[126.569,-14.013],[126.569,-14.016]]],[[[126.75,-14.012],[126.752,-14.013],[126.751,-14.013],[126.75,-14.012]]],[[[126.022,-14.013],[126.021,-14.013],[126.022,-14.012],[126.022,-14.013]]],[[[126.546,-14.015],[126.544,-14.012],[126.546,-14.012],[126.546,-14.015]]],[[[126.547,-13.995],[126.539,-14.003],[126.536,-14.001],[126.547,-13.995]]],[[[126.802,-13.988],[126.801,-13.987],[126.803,-13.986],[126.802,-13.988]]],[[[126.872,-13.982],[126.871,-13.981],[126.872,-13.98],[126.872,-13.982]]],[[[126.879,-13.978],[126.881,-13.985],[126.87,-13.98],[126.879,-13.978]]],[[[126.894,-13.981],[126.89,-13.979],[126.892,-13.976],[126.894,-13.981]]],[[[126.393,-13.987],[126.403,-13.994],[126.384,-14.011],[126.362,-13.983],[126.393,-13.987]]],[[[126.002,-13.978],[125.998,-13.978],[126.001,-13.974],[126.002,-13.978]]],[[[126.83,-13.975],[126.828,-13.974],[126.832,-13.973],[126.83,-13.975]]],[[[126.889,-13.973],[126.888,-13.972],[126.889,-13.972],[126.889,-13.973]]],[[[126.835,-13.97],[126.834,-13.972],[126.832,-13.971],[126.835,-13.97]]],[[[126.863,-13.972],[126.861,-13.971],[126.861,-13.969],[126.863,-13.972]]],[[[126.297,-13.969],[126.297,-13.97],[126.296,-13.969],[126.297,-13.969]]],[[[126.299,-13.968],[126.298,-13.968],[126.298,-13.967],[126.299,-13.968]]],[[[126.851,-13.968],[126.845,-13.971],[126.839,-13.967],[126.851,-13.968]]],[[[126.838,-13.966],[126.836,-13.966],[126.837,-13.964],[126.838,-13.966]]],[[[127.133,-13.963],[127.128,-13.966],[127.131,-13.963],[127.133,-13.963]]],[[[126.861,-13.958],[126.863,-13.962],[126.858,-13.958],[126.861,-13.958]]],[[[127.129,-13.962],[127.128,-13.96],[127.132,-13.957],[127.129,-13.962]]],[[[143.836,-13.957],[143.835,-13.956],[143.837,-13.956],[143.836,-13.957]]],[[[126.498,-13.956],[126.497,-13.956],[126.498,-13.955],[126.498,-13.956]]],[[[126.702,-13.956],[126.702,-13.956],[126.702,-13.955],[126.702,-13.956]]],[[[127.132,-13.957],[127.132,-13.956],[127.133,-13.955],[127.132,-13.957]]],[[[126.455,-13.955],[126.454,-13.963],[126.45,-13.964],[126.455,-13.955]]],[[[126.497,-13.954],[126.496,-13.954],[126.497,-13.953],[126.497,-13.954]]],[[[126.817,-13.957],[126.817,-13.961],[126.812,-13.956],[126.817,-13.957]]],[[[126.839,-13.953],[126.837,-13.953],[126.839,-13.953],[126.839,-13.953]]],[[[126.834,-13.954],[126.869,-13.968],[126.866,-13.956],[126.901,-13.985],[126.883,-13.993],[126.877,-13.974],[126.82,-13.967],[126.834,-13.954]]],[[[126.71,-13.942],[126.71,-13.943],[126.708,-13.943],[126.71,-13.942]]],[[[127.19,-13.942],[127.189,-13.942],[127.189,-13.942],[127.19,-13.942]]],[[[126.703,-13.941],[126.707,-13.943],[126.706,-13.955],[126.703,-13.941]]],[[[126.82,-13.949],[126.816,-13.941],[126.824,-13.946],[126.82,-13.949]]],[[[126.842,-13.941],[126.842,-13.94],[126.843,-13.941],[126.842,-13.941]]],[[[126.601,-13.937],[126.606,-13.953],[126.595,-13.943],[126.601,-13.937]]],[[[143.76,-13.935],[143.751,-13.939],[143.756,-13.932],[143.76,-13.935]]],[[[125.634,-13.946],[125.644,-13.951],[125.628,-13.961],[125.626,-13.931],[125.634,-13.946]]],[[[126.693,-13.931],[126.699,-13.944],[126.676,-13.961],[126.693,-13.931]]],[[[126.832,-13.929],[126.832,-13.93],[126.831,-13.929],[126.832,-13.929]]],[[[126.273,-13.928],[126.295,-13.942],[126.282,-13.945],[126.273,-13.928]]],[[[126.305,-13.928],[126.304,-13.928],[126.304,-13.928],[126.305,-13.928]]],[[[126.186,-13.927],[126.195,-13.936],[126.16,-13.964],[126.186,-13.927]]],[[[126.312,-13.927],[126.321,-13.943],[126.3,-13.968],[126.312,-13.927]]],[[[143.835,-13.908],[143.836,-13.912],[143.833,-13.909],[143.835,-13.908]]],[[[126.587,-13.909],[126.586,-13.907],[126.587,-13.905],[126.587,-13.909]]],[[[126.59,-13.904],[126.589,-13.907],[126.588,-13.904],[126.59,-13.904]]],[[[126.311,-13.901],[126.316,-13.916],[126.305,-13.927],[126.311,-13.901]]],[[[126.316,-13.9],[126.317,-13.901],[126.316,-13.901],[126.316,-13.9]]],[[[126.591,-13.903],[126.595,-13.899],[126.593,-13.902],[126.591,-13.903]]],[[[126.31,-13.899],[126.309,-13.899],[126.31,-13.899],[126.31,-13.899]]],[[[126.105,-13.898],[126.107,-13.899],[126.106,-13.901],[126.105,-13.898]]],[[[127.194,-13.9],[127.192,-13.899],[127.193,-13.898],[127.194,-13.9]]],[[[126.556,-13.898],[126.555,-13.897],[126.556,-13.897],[126.556,-13.898]]],[[[127.116,-13.897],[127.116,-13.902],[127.111,-13.906],[127.116,-13.897]]],[[[126.586,-13.884],[126.585,-13.883],[126.586,-13.883],[126.586,-13.884]]],[[[127.163,-13.883],[127.175,-13.905],[127.156,-13.899],[127.163,-13.883]]],[[[126.597,-13.883],[126.597,-13.882],[126.598,-13.881],[126.597,-13.883]]],[[[126.595,-13.878],[126.596,-13.883],[126.59,-13.883],[126.595,-13.878]]],[[[126.635,-13.87],[126.635,-13.87],[126.636,-13.869],[126.635,-13.87]]],[[[126.521,-13.867],[126.597,-13.896],[126.62,-13.89],[126.619,-13.905],[126.559,-13.903],[126.562,-13.891],[126.514,-13.907],[126.504,-13.869],[126.521,-13.867]]],[[[126.305,-13.867],[126.314,-13.895],[126.301,-13.882],[126.305,-13.867]]],[[[143.722,-13.87],[143.714,-13.867],[143.716,-13.859],[143.722,-13.87]]],[[[126.624,-13.853],[126.636,-13.871],[126.62,-13.882],[126.624,-13.853]]],[[[136.171,-13.839],[136.169,-13.84],[136.168,-13.838],[136.171,-13.839]]],[[[127.049,-13.837],[127.05,-13.839],[127.047,-13.838],[127.049,-13.837]]],[[[136.266,-13.837],[136.264,-13.835],[136.265,-13.832],[136.266,-13.837]]],[[[127.28,-13.819],[127.266,-13.82],[127.27,-13.817],[127.28,-13.819]]],[[[127.041,-13.811],[127.04,-13.812],[127.04,-13.811],[127.041,-13.811]]],[[[136.371,-13.82],[136.369,-13.842],[136.335,-13.844],[136.355,-13.81],[136.371,-13.82]]],[[[127.021,-13.811],[127.019,-13.81],[127.02,-13.809],[127.021,-13.811]]],[[[136.088,-13.81],[136.085,-13.813],[136.087,-13.81],[136.088,-13.81]]],[[[136.293,-13.782],[136.289,-13.786],[136.289,-13.783],[136.293,-13.782]]],[[[126.765,-13.785],[126.765,-13.783],[126.769,-13.781],[126.765,-13.785]]],[[[136.575,-13.787],[136.573,-13.773],[136.579,-13.776],[136.575,-13.787]]],[[[143.643,-13.771],[143.636,-13.774],[143.641,-13.768],[143.643,-13.771]]],[[[126.998,-13.766],[126.997,-13.764],[126.999,-13.765],[126.998,-13.766]]],[[[126.792,-13.769],[126.791,-13.766],[126.793,-13.761],[126.792,-13.769]]],[[[126.359,-13.758],[126.357,-13.757],[126.365,-13.754],[126.359,-13.758]]],[[[126.153,-13.758],[126.145,-13.749],[126.149,-13.746],[126.153,-13.758]]],[[[126.961,-13.741],[126.984,-13.754],[126.986,-13.787],[126.996,-13.791],[126.998,-13.769],[127.002,-13.794],[127.013,-13.785],[127.031,-13.804],[127.006,-13.824],[127.03,-13.817],[127.037,-13.832],[127.047,-13.806],[127.056,-13.828],[127.044,-13.849],[127.081,-13.84],[127.061,-13.908],[127.103,-13.884],[127.109,-13.914],[127.094,-13.927],[127.123,-13.948],[127.118,-13.971],[127.142,-13.982],[127.158,-13.934],[127.179,-13.926],[127.17,-13.911],[127.191,-13.904],[127.19,-13.957],[127.199,-13.945],[127.208,-13.974],[127.21,-13.945],[127.227,-13.943],[127.247,-13.9],[127.266,-13.902],[127.283,-13.919],[127.276,-13.938],[127.291,-13.934],[127.318,-13.961],[127.346,-13.955],[127.322,-13.915],[127.347,-13.907],[127.411,-13.961],[127.43,-13.943],[127.425,-13.967],[127.467,-14.001],[127.449,-14.025],[127.453,-14.059],[127.478,-14.062],[127.483,-14.085],[127.493,-14.061],[127.505,-14.075],[127.524,-14.069],[127.509,-14.088],[127.538,-14.086],[127.524,-14.12],[127.557,-14.105],[127.589,-14.144],[127.616,-14.144],[127.648,-14.169],[127.634,-14.179],[127.67,-14.191],[127.665,-14.21],[127.692,-14.232],[127.683,-14.243],[127.711,-14.253],[127.78,-14.333],[127.761,-14.367],[127.782,-14.351],[127.788,-14.388],[127.807,-14.383],[127.81,-14.402],[127.828,-14.403],[127.82,-14.441],[127.85,-14.484],[127.88,-14.471],[127.902,-14.505],[127.929,-14.503],[127.949,-14.524],[127.927,-14.558],[127.954,-14.571],[127.953,-14.586],[127.985,-14.58],[127.993,-14.556],[128.069,-14.621],[128.069,-14.65],[128.087,-14.639],[128.131,-14.664],[128.131,-14.687],[128.15,-14.686],[128.161,-14.708],[128.22,-14.716],[128.221,-14.753],[128.201,-14.738],[128.184,-14.744],[128.175,-14.792],[128.192,-14.839],[128.119,-14.861],[128.139,-14.871],[128.108,-14.947],[128.103,-15.064],[128.075,-15.104],[128.099,-15.167],[128.08,-15.233],[128.093,-15.281],[128.066,-15.301],[128.04,-15.293],[128.066,-15.312],[128.09,-15.381],[128.052,-15.48],[127.942,-15.215],[127.803,-15.003],[127.602,-14.841],[127.273,-14.481],[127.169,-14.423],[127.074,-14.42],[126.781,-14.568],[126.497,-14.662],[126.209,-14.932],[125.936,-15.095],[125.815,-15.327],[125.744,-15.427],[125.534,-15.61],[125.368,-15.788],[125.156,-15.981],[124.993,-16.3],[124.909,-16.412],[124.814,-16.416],[124.788,-16.386],[124.725,-16.372],[124.695,-16.345],[124.584,-16.33],[124.48,-16.356],[124.464,-16.341],[124.412,-16.357],[124.412,-16.339],[124.395,-16.339],[124.411,-16.294],[124.385,-16.276],[124.408,-16.251],[124.379,-16.217],[124.4,-16.202],[124.389,-16.191],[124.399,-16.169],[124.435,-16.179],[124.45,-16.122],[124.444,-16.065],[124.477,-16.079],[124.48,-16.094],[124.458,-16.103],[124.514,-16.165],[124.508,-16.206],[124.519,-16.179],[124.526,-16.195],[124.525,-16.181],[124.537,-16.184],[124.527,-16.162],[124.561,-16.119],[124.599,-16.127],[124.645,-16.101],[124.618,-16.09],[124.607,-16.113],[124.588,-16.11],[124.589,-15.973],[124.62,-15.996],[124.616,-15.982],[124.637,-15.984],[124.634,-15.999],[124.643,-15.988],[124.606,-15.971],[124.616,-15.964],[124.598,-15.968],[124.597,-15.943],[124.626,-15.921],[124.606,-15.898],[124.655,-15.854],[124.682,-15.889],[124.682,-15.85],[124.712,-15.839],[124.705,-15.814],[124.742,-15.822],[124.701,-15.784],[124.719,-15.77],[124.703,-15.766],[124.704,-15.75],[124.694,-15.783],[124.675,-15.785],[124.705,-15.741],[124.66,-15.782],[124.634,-15.79],[124.633,-15.779],[124.499,-15.998],[124.492,-15.959],[124.512,-15.934],[124.492,-15.936],[124.487,-15.92],[124.477,-15.942],[124.475,-15.886],[124.499,-15.89],[124.484,-15.89],[124.484,-15.867],[124.461,-15.854],[124.459,-15.818],[124.477,-15.82],[124.46,-15.816],[124.462,-15.785],[124.463,-15.802],[124.443,-15.809],[124.458,-15.811],[124.439,-15.87],[124.425,-15.848],[124.418,-15.877],[124.409,-15.864],[124.41,-15.806],[124.386,-15.718],[124.424,-15.733],[124.437,-15.711],[124.409,-15.711],[124.397,-15.726],[124.393,-15.677],[124.369,-15.672],[124.39,-15.662],[124.413,-15.681],[124.414,-15.637],[124.422,-15.667],[124.444,-15.67],[124.457,-15.656],[124.434,-15.623],[124.45,-15.603],[124.452,-15.616],[124.501,-15.637],[124.497,-15.616],[124.454,-15.614],[124.454,-15.592],[124.433,-15.608],[124.431,-15.588],[124.41,-15.609],[124.416,-15.62],[124.405,-15.615],[124.43,-15.574],[124.425,-15.541],[124.466,-15.537],[124.462,-15.512],[124.487,-15.497],[124.51,-15.525],[124.493,-15.486],[124.446,-15.506],[124.477,-15.478],[124.507,-15.484],[124.518,-15.469],[124.555,-15.503],[124.58,-15.5],[124.58,-15.52],[124.617,-15.504],[124.629,-15.526],[124.639,-15.504],[124.622,-15.501],[124.618,-15.466],[124.646,-15.425],[124.642,-15.463],[124.68,-15.491],[124.691,-15.468],[124.672,-15.453],[124.669,-15.429],[124.687,-15.414],[124.676,-15.401],[124.745,-15.361],[124.705,-15.36],[124.705,-15.344],[124.664,-15.36],[124.662,-15.325],[124.692,-15.333],[124.708,-15.317],[124.697,-15.296],[124.668,-15.3],[124.675,-15.255],[124.7,-15.278],[124.704,-15.254],[124.716,-15.258],[124.77,-15.302],[124.736,-15.343],[124.753,-15.354],[124.783,-15.294],[124.831,-15.326],[124.822,-15.312],[124.847,-15.299],[124.836,-15.316],[124.848,-15.353],[124.862,-15.359],[124.873,-15.342],[124.932,-15.375],[124.927,-15.394],[124.953,-15.386],[124.967,-15.417],[124.979,-15.41],[125.004,-15.441],[124.989,-15.467],[124.952,-15.475],[124.953,-15.489],[124.984,-15.476],[124.962,-15.489],[124.981,-15.483],[124.982,-15.495],[124.996,-15.477],[124.987,-15.506],[125,-15.51],[125.004,-15.477],[125.018,-15.471],[125.023,-15.506],[125.002,-15.518],[125.017,-15.545],[125.022,-15.515],[125.04,-15.522],[125.031,-15.504],[125.04,-15.498],[125.044,-15.511],[125.055,-15.499],[125.047,-15.474],[125.089,-15.463],[125.225,-15.572],[125.421,-15.696],[125.301,-15.614],[125.277,-15.588],[125.288,-15.584],[125.255,-15.581],[125.224,-15.541],[125.217,-15.553],[125.142,-15.482],[125.07,-15.44],[125.091,-15.355],[125.14,-15.333],[125.144,-15.348],[125.144,-15.327],[125.164,-15.331],[125.158,-15.306],[125.153,-15.322],[125.125,-15.317],[125.089,-15.338],[125.11,-15.32],[125.099,-15.314],[125.116,-15.302],[125.102,-15.29],[125.119,-15.256],[125.1,-15.286],[125.09,-15.248],[125.087,-15.264],[125.073,-15.254],[125.096,-15.283],[125.08,-15.291],[125.094,-15.292],[125.081,-15.314],[125.04,-15.301],[125.045,-15.284],[125.031,-15.275],[125.026,-15.3],[124.979,-15.329],[124.92,-15.356],[124.898,-15.34],[124.907,-15.317],[124.891,-15.328],[124.883,-15.316],[124.895,-15.305],[124.876,-15.302],[124.894,-15.272],[124.905,-15.276],[124.905,-15.255],[124.923,-15.27],[124.927,-15.229],[124.97,-15.212],[125.006,-15.242],[125.041,-15.179],[125.06,-15.181],[125.056,-15.164],[125.02,-15.169],[125.014,-15.154],[124.993,-15.198],[124.982,-15.191],[124.995,-15.162],[124.985,-15.176],[124.97,-15.164],[124.971,-15.208],[124.935,-15.187],[124.944,-15.213],[124.923,-15.226],[124.917,-15.215],[124.908,-15.246],[124.876,-15.262],[124.892,-15.23],[124.869,-15.244],[124.881,-15.208],[124.864,-15.195],[124.896,-15.173],[124.855,-15.184],[124.862,-15.169],[124.838,-15.183],[124.846,-15.163],[124.834,-15.158],[124.91,-15.107],[124.943,-15.126],[124.952,-15.113],[124.974,-15.135],[125.011,-15.093],[125.03,-15.113],[125.048,-15.077],[125.02,-15.047],[125.026,-15.031],[125.014,-15.035],[125.025,-14.992],[125.012,-14.983],[125.033,-14.996],[125.045,-14.984],[125.056,-15],[125.074,-14.976],[125.093,-14.988],[125.059,-15.028],[125.083,-15.041],[125.072,-15.065],[125.101,-15.064],[125.106,-15.033],[125.126,-15.043],[125.122,-15.092],[125.163,-15.151],[125.174,-15.13],[125.224,-15.121],[125.212,-15.116],[125.225,-15.103],[125.244,-15.113],[125.266,-15.1],[125.271,-15.114],[125.281,-15.098],[125.282,-15.144],[125.335,-15.163],[125.332,-15.146],[125.346,-15.143],[125.368,-15.156],[125.378,-15.143],[125.412,-15.158],[125.481,-15.155],[125.479,-15.134],[125.397,-15.132],[125.358,-15.108],[125.402,-15.085],[125.402,-15.064],[125.37,-15.074],[125.375,-15.053],[125.411,-15.047],[125.482,-14.999],[125.441,-14.999],[125.444,-15.014],[125.421,-15.022],[125.409,-14.999],[125.409,-15.025],[125.386,-15.033],[125.365,-14.991],[125.353,-15.009],[125.337,-15.003],[125.34,-14.987],[125.319,-15.006],[125.286,-14.999],[125.278,-14.979],[125.305,-14.962],[125.271,-14.96],[125.254,-14.978],[125.258,-14.944],[125.24,-14.942],[125.234,-14.965],[125.214,-14.97],[125.208,-14.947],[125.221,-14.949],[125.231,-14.919],[125.255,-14.927],[125.256,-14.9],[125.27,-14.933],[125.295,-14.938],[125.308,-14.92],[125.295,-14.904],[125.308,-14.909],[125.307,-14.891],[125.334,-14.881],[125.305,-14.881],[125.287,-14.853],[125.274,-14.87],[125.272,-14.854],[125.264,-14.865],[125.254,-14.853],[125.251,-14.872],[125.236,-14.868],[125.244,-14.832],[125.224,-14.867],[125.21,-14.865],[125.209,-14.843],[125.184,-14.827],[125.205,-14.791],[125.193,-14.791],[125.195,-14.776],[125.182,-14.792],[125.19,-14.775],[125.167,-14.79],[125.141,-14.748],[125.16,-14.732],[125.189,-14.747],[125.18,-14.71],[125.201,-14.698],[125.211,-14.722],[125.213,-14.669],[125.234,-14.661],[125.262,-14.693],[125.261,-14.658],[125.308,-14.65],[125.288,-14.623],[125.28,-14.64],[125.257,-14.631],[125.249,-14.611],[125.261,-14.616],[125.255,-14.598],[125.282,-14.579],[125.304,-14.58],[125.3,-14.558],[125.326,-14.584],[125.328,-14.559],[125.348,-14.565],[125.342,-14.522],[125.364,-14.506],[125.355,-14.552],[125.369,-14.564],[125.355,-14.584],[125.4,-14.573],[125.41,-14.546],[125.425,-14.586],[125.413,-14.6],[125.438,-14.614],[125.43,-14.641],[125.45,-14.624],[125.437,-14.595],[125.463,-14.605],[125.452,-14.579],[125.483,-14.568],[125.467,-14.559],[125.467,-14.536],[125.48,-14.532],[125.491,-14.56],[125.489,-14.519],[125.52,-14.5],[125.529,-14.522],[125.561,-14.515],[125.548,-14.548],[125.53,-14.546],[125.535,-14.564],[125.599,-14.563],[125.573,-14.543],[125.614,-14.511],[125.588,-14.506],[125.623,-14.386],[125.589,-14.37],[125.604,-14.344],[125.582,-14.305],[125.599,-14.277],[125.579,-14.254],[125.592,-14.244],[125.608,-14.262],[125.596,-14.237],[125.629,-14.234],[125.641,-14.266],[125.649,-14.243],[125.655,-14.267],[125.665,-14.263],[125.668,-14.289],[125.703,-14.304],[125.718,-14.277],[125.73,-14.281],[125.715,-14.297],[125.724,-14.312],[125.697,-14.325],[125.726,-14.325],[125.726,-14.342],[125.664,-14.335],[125.678,-14.357],[125.651,-14.388],[125.689,-14.499],[125.649,-14.65],[125.707,-14.489],[125.774,-14.48],[125.804,-14.444],[125.816,-14.45],[125.803,-14.479],[125.852,-14.457],[125.859,-14.475],[125.817,-14.498],[125.85,-14.536],[125.829,-14.543],[125.85,-14.564],[125.831,-14.585],[125.849,-14.592],[125.851,-14.612],[125.878,-14.607],[125.914,-14.66],[125.921,-14.64],[125.921,-14.651],[125.937,-14.643],[125.933,-14.609],[125.903,-14.576],[125.921,-14.537],[125.946,-14.539],[125.965,-14.519],[125.973,-14.546],[126,-14.555],[126.015,-14.519],[126.051,-14.53],[126.046,-14.472],[126.025,-14.458],[126.02,-14.411],[125.985,-14.42],[125.977,-14.393],[126.006,-14.4],[126.046,-14.359],[126.088,-14.351],[126.073,-14.344],[126.074,-14.326],[126.09,-14.323],[126.053,-14.254],[126.081,-14.234],[126.094,-14.244],[126.133,-14.231],[126.16,-14.176],[126.141,-14.158],[126.17,-14.146],[126.104,-14.076],[126.088,-14.086],[126.064,-14.073],[126.033,-14.095],[125.993,-14.068],[125.976,-14.04],[125.984,-13.99],[125.984,-14.006],[126.014,-14.025],[126.01,-14.065],[126.027,-14.017],[126.035,-14.038],[126.056,-14.027],[126.022,-13.997],[126.038,-13.982],[126.065,-13.988],[126.075,-14.041],[126.103,-14.041],[126.086,-13.988],[126.107,-13.977],[126.084,-13.982],[126.01,-13.927],[126.039,-13.921],[126.063,-13.943],[126.095,-13.895],[126.085,-13.921],[126.108,-13.919],[126.086,-13.946],[126.105,-13.926],[126.132,-13.944],[126.134,-13.919],[126.158,-13.915],[126.148,-13.95],[126.126,-13.964],[126.159,-13.97],[126.131,-13.987],[126.11,-14.028],[126.187,-13.968],[126.216,-13.968],[126.221,-13.988],[126.193,-13.98],[126.144,-14.015],[126.185,-14.016],[126.201,-14.001],[126.225,-14.026],[126.217,-14.043],[126.16,-14.058],[126.151,-14.08],[126.192,-14.066],[126.17,-14.082],[126.166,-14.114],[126.178,-14.091],[126.214,-14.076],[126.206,-14.092],[126.222,-14.11],[126.179,-14.13],[126.209,-14.136],[126.186,-14.167],[126.205,-14.185],[126.243,-14.176],[126.233,-14.187],[126.248,-14.186],[126.248,-14.211],[126.233,-14.204],[126.216,-14.237],[126.241,-14.223],[126.254,-14.239],[126.273,-14.207],[126.27,-14.237],[126.282,-14.217],[126.301,-14.234],[126.313,-14.201],[126.361,-14.19],[126.321,-14.141],[126.305,-14.155],[126.298,-14.139],[126.314,-14.097],[126.345,-14.098],[126.334,-14.05],[126.394,-14.052],[126.394,-14.018],[126.425,-14.012],[126.438,-13.983],[126.462,-14.006],[126.488,-13.993],[126.496,-13.957],[126.511,-13.965],[126.537,-13.934],[126.554,-13.952],[126.571,-13.941],[126.577,-13.954],[126.565,-13.944],[126.509,-14.009],[126.489,-14.011],[126.497,-14.046],[126.449,-14.084],[126.455,-14.104],[126.479,-14.11],[126.514,-14.075],[126.525,-14.082],[126.499,-14.1],[126.499,-14.13],[126.515,-14.157],[126.57,-14.14],[126.565,-14.217],[126.602,-14.236],[126.607,-14.18],[126.634,-14.191],[126.651,-14.173],[126.661,-14.115],[126.645,-14.077],[126.686,-14.104],[126.689,-14.091],[126.694,-14.135],[126.72,-14.121],[126.71,-14.1],[126.737,-14.07],[126.723,-14.065],[126.763,-14.05],[126.741,-14.017],[126.753,-14.012],[126.722,-14.03],[126.701,-14.022],[126.705,-13.974],[126.727,-13.998],[126.752,-13.992],[126.751,-13.972],[126.772,-13.983],[126.797,-13.972],[126.774,-13.983],[126.798,-13.976],[126.807,-13.986],[126.793,-13.989],[126.81,-13.984],[126.81,-13.998],[126.838,-13.971],[126.879,-13.982],[126.882,-13.999],[126.905,-13.985],[126.839,-13.928],[126.806,-13.93],[126.8,-13.883],[126.773,-13.861],[126.743,-13.789],[126.767,-13.775],[126.763,-13.791],[126.788,-13.791],[126.818,-13.768],[126.826,-13.809],[126.843,-13.817],[126.847,-13.798],[126.873,-13.799],[126.851,-13.758],[126.881,-13.749],[126.922,-13.776],[126.944,-13.768],[126.914,-13.741],[126.961,-13.741]]],[[[126.964,-13.739],[126.964,-13.738],[126.965,-13.737],[126.964,-13.739]]],[[[136.547,-13.727],[136.545,-13.729],[136.545,-13.727],[136.547,-13.727]]],[[[126.137,-13.724],[126.136,-13.724],[126.136,-13.723],[126.137,-13.724]]],[[[136.585,-13.724],[136.577,-13.73],[136.569,-13.724],[136.585,-13.724]]],[[[136.381,-13.722],[136.378,-13.717],[136.379,-13.711],[136.381,-13.722]]],[[[136.298,-13.703],[136.293,-13.705],[136.298,-13.702],[136.298,-13.703]]],[[[136.301,-13.705],[136.3,-13.702],[136.302,-13.704],[136.301,-13.705]]],[[[136.515,-13.7],[136.531,-13.703],[136.541,-13.771],[136.519,-13.792],[136.466,-13.738],[136.472,-13.72],[136.516,-13.717],[136.515,-13.7]]],[[[136.397,-13.708],[136.384,-13.711],[136.38,-13.695],[136.397,-13.708]]],[[[126.896,-13.695],[126.894,-13.691],[126.896,-13.692],[126.896,-13.695]]],[[[126.918,-13.691],[126.915,-13.694],[126.913,-13.69],[126.918,-13.691]]],[[[136.54,-13.687],[136.532,-13.699],[136.53,-13.688],[136.54,-13.687]]],[[[136.74,-13.69],[136.754,-13.691],[136.738,-13.697],[136.74,-13.69]]],[[[136.592,-13.675],[136.595,-13.675],[136.592,-13.68],[136.592,-13.675]]],[[[136.626,-13.672],[136.623,-13.672],[136.626,-13.671],[136.626,-13.672]]],[[[136.611,-13.668],[136.61,-13.669],[136.611,-13.667],[136.611,-13.668]]],[[[136.609,-13.668],[136.608,-13.669],[136.608,-13.667],[136.609,-13.668]]],[[[143.692,-13.673],[143.688,-13.669],[143.693,-13.666],[143.692,-13.673]]],[[[136.183,-13.667],[136.18,-13.664],[136.185,-13.665],[136.183,-13.667]]],[[[136.226,-13.663],[136.254,-13.674],[136.253,-13.694],[136.293,-13.708],[136.302,-13.735],[136.253,-13.749],[136.276,-13.757],[136.284,-13.788],[136.26,-13.785],[136.248,-13.85],[136.2,-13.855],[136.211,-13.825],[136.185,-13.768],[136.145,-13.785],[136.168,-13.834],[136.123,-13.833],[136.106,-13.815],[136.121,-13.787],[136.113,-13.731],[136.123,-13.722],[136.144,-13.747],[136.172,-13.749],[136.174,-13.707],[136.193,-13.68],[136.181,-13.677],[136.226,-13.663]]],[[[136.607,-13.661],[136.61,-13.664],[136.601,-13.672],[136.607,-13.661]]],[[[136.629,-13.663],[136.623,-13.671],[136.62,-13.668],[136.629,-13.663]]],[[[136.932,-13.661],[136.937,-13.665],[136.927,-13.667],[136.932,-13.661]]],[[[136.913,-13.665],[136.887,-13.676],[136.909,-13.658],[136.913,-13.665]]],[[[136.629,-13.658],[136.627,-13.656],[136.629,-13.657],[136.629,-13.658]]],[[[136.638,-13.657],[136.643,-13.668],[136.632,-13.674],[136.638,-13.657]]],[[[136.655,-13.654],[136.647,-13.665],[136.644,-13.657],[136.655,-13.654]]],[[[136.668,-13.654],[136.682,-13.659],[136.665,-13.685],[136.668,-13.654]]],[[[143.719,-13.653],[143.722,-13.653],[143.719,-13.655],[143.719,-13.653]]],[[[136.591,-13.654],[136.6,-13.661],[136.576,-13.668],[136.591,-13.654]]],[[[136.726,-13.651],[136.72,-13.717],[136.681,-13.737],[136.697,-13.775],[136.735,-13.771],[136.713,-13.794],[136.725,-13.842],[136.754,-13.832],[136.808,-13.856],[136.837,-13.843],[136.837,-13.802],[136.797,-13.834],[136.839,-13.78],[136.841,-13.745],[136.905,-13.764],[136.924,-13.807],[136.884,-13.843],[136.858,-13.913],[136.813,-13.904],[136.779,-13.934],[136.762,-14.003],[136.778,-14.025],[136.807,-14.019],[136.806,-14.038],[136.786,-14.039],[136.777,-14.059],[136.759,-14.048],[136.752,-14.088],[136.737,-14.067],[136.72,-14.07],[136.72,-14.106],[136.699,-14.116],[136.716,-14.142],[136.704,-14.165],[136.729,-14.191],[136.784,-14.194],[136.77,-14.17],[136.782,-14.165],[136.776,-14.145],[136.8,-14.148],[136.864,-14.212],[136.896,-14.202],[136.917,-14.166],[136.91,-14.139],[136.93,-14.144],[136.924,-14.163],[136.963,-14.166],[136.933,-14.205],[136.959,-14.245],[136.94,-14.261],[136.963,-14.285],[136.934,-14.285],[136.951,-14.304],[136.913,-14.285],[136.898,-14.297],[136.904,-14.311],[136.889,-14.308],[136.857,-14.279],[136.841,-14.296],[136.817,-14.279],[136.814,-14.295],[136.806,-14.27],[136.754,-14.259],[136.693,-14.277],[136.681,-14.298],[136.649,-14.297],[136.629,-14.266],[136.492,-14.238],[136.437,-14.196],[136.396,-14.202],[136.325,-14.246],[136.324,-14.213],[136.411,-14.169],[136.443,-14.123],[136.408,-13.976],[136.436,-13.891],[136.409,-13.831],[136.435,-13.815],[136.44,-13.831],[136.457,-13.819],[136.463,-13.834],[136.495,-13.84],[136.525,-13.821],[136.531,-13.785],[136.552,-13.82],[136.575,-13.798],[136.601,-13.806],[136.594,-13.787],[136.631,-13.789],[136.632,-13.767],[136.608,-13.763],[136.618,-13.743],[136.588,-13.723],[136.592,-13.696],[136.578,-13.687],[136.636,-13.688],[136.618,-13.705],[136.631,-13.72],[136.647,-13.7],[136.675,-13.703],[136.695,-13.651],[136.716,-13.666],[136.726,-13.651]]],[[[136.682,-13.634],[136.689,-13.637],[136.682,-13.648],[136.682,-13.634]]],[[[136.961,-13.625],[136.952,-13.649],[136.927,-13.647],[136.961,-13.625]]],[[[136.41,-13.623],[136.419,-13.633],[136.397,-13.628],[136.41,-13.623]]],[[[136.7,-13.619],[136.702,-13.635],[136.686,-13.631],[136.7,-13.619]]],[[[136.271,-13.591],[136.276,-13.594],[136.269,-13.597],[136.271,-13.591]]],[[[136.322,-13.592],[136.318,-13.592],[136.319,-13.588],[136.322,-13.592]]],[[[136.239,-13.582],[136.248,-13.6],[136.226,-13.601],[136.22,-13.587],[136.239,-13.582]]],[[[143.723,-13.495],[143.722,-13.493],[143.724,-13.492],[143.723,-13.495]]],[[[136.23,-13.473],[136.229,-13.474],[136.228,-13.473],[136.23,-13.473]]],[[[136.093,-13.453],[136.107,-13.471],[136.076,-13.485],[136.078,-13.447],[136.093,-13.453]]],[[[136.073,-13.446],[136.071,-13.446],[136.072,-13.441],[136.073,-13.446]]],[[[136.109,-13.446],[136.105,-13.445],[136.108,-13.441],[136.109,-13.446]]],[[[136.23,-13.443],[136.223,-13.44],[136.228,-13.439],[136.23,-13.443]]],[[[136.257,-13.449],[136.268,-13.467],[136.244,-13.462],[136.242,-13.439],[136.257,-13.449]]],[[[143.695,-13.369],[143.694,-13.367],[143.695,-13.367],[143.695,-13.369]]],[[[136.117,-13.36],[136.206,-13.455],[136.195,-13.472],[136.171,-13.468],[136.165,-13.485],[136.142,-13.471],[136.168,-13.51],[136.15,-13.525],[136.141,-13.565],[136.127,-13.543],[136.15,-13.51],[136.128,-13.503],[136.121,-13.483],[136.141,-13.419],[136.127,-13.375],[136.088,-13.363],[136.117,-13.36]]],[[[136.054,-13.336],[136.053,-13.335],[136.055,-13.334],[136.054,-13.336]]],[[[135.977,-13.343],[135.962,-13.321],[135.972,-13.327],[135.977,-13.343]]],[[[136.375,-13.311],[136.383,-13.316],[136.371,-13.319],[136.375,-13.311]]],[[[136.095,-13.297],[136.092,-13.322],[136.078,-13.298],[136.095,-13.297]]],[[[143.598,-13.277],[143.597,-13.274],[143.598,-13.275],[143.598,-13.277]]],[[[143.573,-13.217],[143.571,-13.216],[143.572,-13.216],[143.573,-13.217]]],[[[130.098,-13.193],[130.108,-13.224],[130.084,-13.209],[130.098,-13.193]]],[[[143.578,-13.188],[143.574,-13.191],[143.578,-13.173],[143.578,-13.188]]],[[[130.029,-13.152],[130.058,-13.152],[130.074,-13.179],[130.02,-13.18],[130.02,-13.111],[130.029,-13.152]]],[[[143.614,-12.993],[143.614,-12.994],[143.613,-12.992],[143.614,-12.993]]],[[[143.611,-12.989],[143.611,-12.989],[143.611,-12.988],[143.611,-12.989]]],[[[143.613,-12.985],[143.613,-12.986],[143.611,-12.985],[143.613,-12.985]]],[[[143.617,-12.984],[143.617,-12.988],[143.616,-12.985],[143.617,-12.984]]],[[[143.55,-12.886],[143.549,-12.886],[143.55,-12.885],[143.55,-12.886]]],[[[143.604,-12.885],[143.605,-12.888],[143.602,-12.885],[143.604,-12.885]]],[[[143.547,-12.884],[143.549,-12.886],[143.546,-12.887],[143.547,-12.884]]],[[[143.598,-12.885],[143.596,-12.885],[143.598,-12.883],[143.598,-12.885]]],[[[143.387,-12.884],[143.387,-12.883],[143.39,-12.883],[143.387,-12.884]]],[[[143.378,-12.886],[143.375,-12.896],[143.359,-12.888],[143.378,-12.886]]],[[[136.73,-12.886],[136.724,-12.886],[136.729,-12.882],[136.73,-12.886]]],[[[143.386,-12.883],[143.38,-12.877],[143.39,-12.879],[143.386,-12.883]]],[[[143.375,-12.881],[143.37,-12.881],[143.368,-12.878],[143.375,-12.881]]],[[[143.399,-12.893],[143.393,-12.895],[143.394,-12.877],[143.399,-12.893]]],[[[136.67,-12.87],[136.678,-12.877],[136.671,-12.876],[136.67,-12.87]]],[[[143.386,-12.874],[143.377,-12.87],[143.388,-12.866],[143.386,-12.874]]],[[[143.394,-12.876],[143.389,-12.865],[143.4,-12.868],[143.394,-12.876]]],[[[136.627,-12.854],[136.631,-12.865],[136.622,-12.869],[136.627,-12.854]]],[[[143.413,-12.781],[143.412,-12.781],[143.41,-12.78],[143.413,-12.781]]],[[[143.406,-12.759],[143.404,-12.759],[143.404,-12.758],[143.406,-12.759]]],[[[143.398,-12.754],[143.403,-12.759],[143.402,-12.768],[143.398,-12.754]]],[[[143.396,-12.751],[143.395,-12.748],[143.397,-12.749],[143.396,-12.751]]],[[[130.603,-12.702],[130.6,-12.699],[130.604,-12.701],[130.603,-12.702]]],[[[130.629,-12.686],[130.623,-12.686],[130.625,-12.68],[130.629,-12.686]]],[[[130.369,-12.672],[130.358,-12.662],[130.37,-12.668],[130.369,-12.672]]],[[[130.462,-12.631],[130.458,-12.638],[130.457,-12.622],[130.462,-12.631]]],[[[143.463,-12.622],[143.463,-12.622],[143.463,-12.621],[143.463,-12.622]]],[[[130.953,-12.635],[130.946,-12.626],[130.948,-12.617],[130.953,-12.635]]],[[[130.379,-12.618],[130.396,-12.633],[130.371,-12.643],[130.365,-12.625],[130.379,-12.618]]],[[[143.446,-12.624],[143.444,-12.618],[143.449,-12.614],[143.446,-12.624]]],[[[130.946,-12.617],[130.944,-12.614],[130.946,-12.616],[130.946,-12.617]]],[[[130.403,-12.607],[130.393,-12.613],[130.385,-12.602],[130.403,-12.607]]],[[[130.87,-12.593],[130.869,-12.592],[130.871,-12.59],[130.87,-12.593]]],[[[143.417,-12.59],[143.416,-12.589],[143.418,-12.589],[143.417,-12.59]]],[[[130.401,-12.581],[130.414,-12.599],[130.394,-12.598],[130.401,-12.581]]],[[[130.419,-12.592],[130.405,-12.574],[130.421,-12.564],[130.434,-12.58],[130.419,-12.592]]],[[[130.517,-12.581],[130.503,-12.61],[130.542,-12.681],[130.541,-12.71],[130.524,-12.7],[130.524,-12.662],[130.487,-12.624],[130.485,-12.58],[130.517,-12.558],[130.517,-12.581]]],[[[130.878,-12.557],[130.877,-12.557],[130.877,-12.556],[130.878,-12.557]]],[[[130.867,-12.545],[130.873,-12.553],[130.862,-12.562],[130.867,-12.545]]],[[[130.953,-12.538],[130.951,-12.537],[130.954,-12.536],[130.953,-12.538]]],[[[130.42,-12.539],[130.418,-12.538],[130.421,-12.533],[130.42,-12.539]]],[[[130.943,-12.529],[130.942,-12.527],[130.943,-12.528],[130.943,-12.529]]],[[[130.945,-12.527],[130.944,-12.526],[130.945,-12.526],[130.945,-12.527]]],[[[130.434,-12.524],[130.437,-12.513],[130.44,-12.518],[130.434,-12.524]]],[[[143.501,-12.528],[143.475,-12.521],[143.454,-12.504],[143.501,-12.528]]],[[[143.45,-12.498],[143.434,-12.484],[143.435,-12.483],[143.45,-12.498]]],[[[136.021,-12.481],[136.021,-12.471],[136.024,-12.468],[136.021,-12.481]]],[[[143.489,-12.406],[143.489,-12.404],[143.489,-12.403],[143.489,-12.406]]],[[[136.175,-12.371],[136.168,-12.373],[136.172,-12.368],[136.175,-12.371]]],[[[143.405,-12.294],[143.405,-12.298],[143.401,-12.3],[143.405,-12.294]]],[[[143.418,-12.293],[143.419,-12.297],[143.416,-12.294],[143.418,-12.293]]],[[[143.411,-12.283],[143.416,-12.291],[143.408,-12.293],[143.411,-12.283]]],[[[136.068,-12.284],[136.048,-12.312],[136.048,-12.286],[136.068,-12.284]]],[[[136.909,-12.256],[136.914,-12.258],[136.911,-12.26],[136.909,-12.256]]],[[[143.226,-12.243],[143.228,-12.245],[143.226,-12.245],[143.226,-12.243]]],[[[136.675,-12.244],[136.674,-12.243],[136.675,-12.243],[136.675,-12.244]]],[[[136.7,-12.238],[136.694,-12.242],[136.697,-12.238],[136.7,-12.238]]],[[[136.676,-12.237],[136.675,-12.237],[136.675,-12.237],[136.676,-12.237]]],[[[136.016,-12.218],[136.014,-12.218],[136.018,-12.209],[136.016,-12.218]]],[[[136.71,-12.205],[136.699,-12.23],[136.696,-12.207],[136.71,-12.205]]],[[[136.675,-12.184],[136.673,-12.185],[136.673,-12.182],[136.675,-12.184]]],[[[136.158,-12.177],[136.159,-12.181],[136.153,-12.179],[136.158,-12.177]]],[[[136.128,-12.177],[136.148,-12.172],[136.156,-12.191],[136.109,-12.199],[136.105,-12.181],[136.128,-12.177]]],[[[136.021,-12.196],[136.026,-12.167],[136.028,-12.174],[136.021,-12.196]]],[[[136.751,-12.162],[136.749,-12.162],[136.752,-12.16],[136.751,-12.162]]],[[[132.353,-12.189],[132.345,-12.172],[132.354,-12.155],[132.353,-12.189]]],[[[131,-12.161],[130.996,-12.156],[131.001,-12.153],[131,-12.161]]],[[[131.014,-12.151],[131.01,-12.152],[131.011,-12.151],[131.014,-12.151]]],[[[131.016,-12.15],[131.02,-12.144],[131.024,-12.146],[131.016,-12.15]]],[[[131.354,-12.112],[131.344,-12.108],[131.35,-12.096],[131.354,-12.112]]],[[[131.047,-12.094],[131.071,-12.114],[131.065,-12.126],[131.002,-12.118],[131.032,-12.095],[131.055,-12.109],[131.047,-12.094]]],[[[136.036,-12.094],[136.047,-12.102],[136.029,-12.16],[136.036,-12.094]]],[[[136.869,-12.091],[136.868,-12.089],[136.869,-12.089],[136.869,-12.091]]],[[[134.172,-12.113],[134.165,-12.101],[134.182,-12.087],[134.172,-12.113]]],[[[132.382,-12.074],[132.413,-12.088],[132.422,-12.121],[132.41,-12.139],[132.388,-12.139],[132.336,-12.094],[132.382,-12.074]]],[[[136.824,-12.075],[136.828,-12.135],[136.815,-12.142],[136.799,-12.132],[136.797,-12.088],[136.824,-12.075]]],[[[134.957,-12.08],[134.952,-12.094],[134.943,-12.072],[134.957,-12.08]]],[[[136.097,-12.075],[136.097,-12.071],[136.099,-12.067],[136.097,-12.075]]],[[[134.978,-12.066],[134.998,-12.074],[135.002,-12.093],[134.99,-12.096],[134.978,-12.066]]],[[[135.516,-12.06],[135.515,-12.057],[135.518,-12.056],[135.516,-12.06]]],[[[131.107,-12.054],[131.126,-12.057],[131.116,-12.073],[131.062,-12.069],[131.107,-12.054]]],[[[134.931,-12.067],[134.92,-12.053],[134.929,-12.056],[134.931,-12.067]]],[[[134.883,-12.064],[134.929,-12.091],[134.902,-12.14],[134.868,-12.126],[134.866,-12.071],[134.847,-12.048],[134.883,-12.064]]],[[[136.787,-12.043],[136.784,-12.043],[136.786,-12.042],[136.787,-12.043]]],[[[143.3,-12.036],[143.303,-12.042],[143.296,-12.042],[143.3,-12.036]]],[[[131.053,-12.031],[131.065,-12.038],[131.053,-12.052],[131.002,-12.052],[131.053,-12.031]]],[[[135.507,-12.023],[135.505,-12.02],[135.506,-12.018],[135.507,-12.023]]],[[[134.956,-12.016],[134.991,-12.037],[134.96,-12.066],[134.909,-12.03],[134.956,-12.016]]],[[[134.809,-12.017],[134.832,-12.047],[134.798,-12.034],[134.809,-12.017]]],[[[134.848,-12.012],[134.866,-12.027],[134.852,-12.039],[134.827,-12.022],[134.848,-12.012]]],[[[131.134,-12.009],[131.112,-12.024],[131.073,-12.015],[131.134,-12.009]]],[[[141.894,-12],[141.893,-11.999],[141.895,-11.999],[141.894,-12]]],[[[143.241,-11.994],[143.244,-11.997],[143.24,-11.996],[143.241,-11.994]]],[[[143.247,-11.985],[143.252,-11.996],[143.244,-11.989],[143.247,-11.985]]],[[[143.219,-11.985],[143.217,-11.985],[143.217,-11.983],[143.219,-11.985]]],[[[136.321,-11.984],[136.317,-11.983],[136.32,-11.979],[136.321,-11.984]]],[[[143.263,-11.975],[143.275,-11.988],[143.266,-11.989],[143.263,-11.975]]],[[[136.314,-11.975],[136.309,-12.013],[136.197,-12.061],[136.194,-12.077],[136.118,-12.063],[136.12,-12.051],[136.149,-12.057],[136.133,-12.026],[136.156,-12.041],[136.171,-12.014],[136.193,-12.028],[136.189,-12.002],[136.203,-11.996],[136.199,-12.021],[136.218,-12.036],[136.271,-12.003],[136.278,-11.977],[136.314,-11.975]]],[[[143.254,-11.97],[143.255,-11.97],[143.252,-11.971],[143.254,-11.97]]],[[[143.287,-11.969],[143.29,-11.972],[143.287,-11.975],[143.287,-11.969]]],[[[143.263,-11.97],[143.263,-11.967],[143.264,-11.969],[143.263,-11.97]]],[[[136.321,-11.964],[136.321,-11.972],[136.315,-11.963],[136.321,-11.964]]],[[[134.221,-11.953],[134.219,-11.963],[134.208,-11.962],[134.221,-11.953]]],[[[143.267,-11.95],[143.268,-11.951],[143.267,-11.951],[143.267,-11.95]]],[[[136.334,-11.948],[136.336,-11.961],[136.324,-11.964],[136.334,-11.948]]],[[[143.211,-11.927],[143.212,-11.931],[143.208,-11.931],[143.211,-11.927]]],[[[134.668,-11.918],[134.668,-11.919],[134.667,-11.918],[134.668,-11.918]]],[[[135.089,-11.92],[135.121,-11.925],[135.116,-11.935],[135.055,-11.954],[135.052,-11.92],[135.089,-11.92]]],[[[143.483,-11.914],[143.486,-11.922],[143.477,-11.921],[143.483,-11.914]]],[[[143.473,-11.903],[143.464,-11.904],[143.47,-11.898],[143.473,-11.903]]],[[[136.458,-11.903],[136.454,-11.918],[136.434,-11.92],[136.458,-11.903]]],[[[134.213,-11.892],[134.212,-11.892],[134.211,-11.889],[134.213,-11.892]]],[[[143.108,-11.891],[143.108,-11.888],[143.109,-11.89],[143.108,-11.891]]],[[[136.576,-11.864],[136.58,-11.869],[136.57,-11.869],[136.576,-11.864]]],[[[143.281,-11.86],[143.281,-11.856],[143.283,-11.856],[143.281,-11.86]]],[[[136.41,-11.858],[136.418,-11.874],[136.426,-11.866],[136.431,-11.894],[136.367,-11.904],[136.41,-11.879],[136.41,-11.858]]],[[[143.305,-11.85],[143.304,-11.85],[143.305,-11.849],[143.305,-11.85]]],[[[135.983,-11.848],[135.993,-11.853],[135.946,-11.905],[135.942,-11.88],[135.983,-11.848]]],[[[143.302,-11.849],[143.301,-11.848],[143.302,-11.846],[143.302,-11.849]]],[[[143.315,-11.838],[143.316,-11.835],[143.317,-11.837],[143.315,-11.838]]],[[[136.688,-11.824],[136.668,-11.838],[136.643,-11.839],[136.688,-11.824]]],[[[130.647,-11.814],[130.661,-11.816],[130.647,-11.821],[130.647,-11.814]]],[[[136.499,-11.801],[136.479,-11.847],[136.486,-11.886],[136.464,-11.904],[136.477,-11.801],[136.499,-11.801]]],[[[136.045,-11.785],[136.043,-11.802],[136.028,-11.813],[136.045,-11.785]]],[[[143.091,-11.766],[143.095,-11.775],[143.081,-11.767],[143.091,-11.766]]],[[[135.881,-11.76],[135.907,-11.758],[135.938,-11.804],[135.858,-11.879],[135.798,-11.964],[135.743,-11.975],[135.736,-12.002],[135.637,-12.018],[135.565,-12.07],[135.554,-12.049],[135.583,-11.959],[135.595,-11.95],[135.643,-11.973],[135.666,-11.936],[135.734,-11.939],[135.782,-11.91],[135.832,-11.861],[135.835,-11.838],[135.852,-11.849],[135.871,-11.834],[135.889,-11.804],[135.864,-11.773],[135.881,-11.76]]],[[[142.994,-11.742],[142.993,-11.741],[142.994,-11.741],[142.994,-11.742]]],[[[136.103,-11.749],[136.074,-11.772],[136.076,-11.753],[136.103,-11.749]]],[[[142.994,-11.741],[142.993,-11.74],[142.993,-11.74],[142.994,-11.741]]],[[[136.624,-11.74],[136.585,-11.787],[136.512,-11.805],[136.534,-11.761],[136.544,-11.781],[136.559,-11.782],[136.558,-11.768],[136.572,-11.779],[136.565,-11.76],[136.587,-11.765],[136.587,-11.744],[136.624,-11.74]]],[[[142.993,-11.736],[142.993,-11.739],[142.992,-11.737],[142.993,-11.736]]],[[[130.614,-11.736],[130.611,-11.736],[130.613,-11.735],[130.614,-11.736]]],[[[135.977,-11.735],[135.94,-11.766],[135.941,-11.741],[135.977,-11.735]]],[[[142.992,-11.731],[142.992,-11.733],[142.991,-11.732],[142.992,-11.731]]],[[[135.309,-11.73],[135.308,-11.729],[135.308,-11.729],[135.309,-11.73]]],[[[142.977,-11.728],[142.975,-11.727],[142.977,-11.727],[142.977,-11.728]]],[[[142.991,-11.73],[142.988,-11.725],[142.991,-11.728],[142.991,-11.73]]],[[[143.181,-11.705],[143.179,-11.701],[143.18,-11.699],[143.181,-11.705]]],[[[135.162,-11.698],[135.155,-11.705],[135.15,-11.687],[135.162,-11.698]]],[[[136.142,-11.684],[136.154,-11.706],[136.131,-11.726],[136.142,-11.684]]],[[[133.318,-11.661],[133.321,-11.667],[133.314,-11.667],[133.318,-11.661]]],[[[136.835,-11.658],[136.836,-11.67],[136.81,-11.674],[136.835,-11.658]]],[[[136.031,-11.646],[136.055,-11.653],[135.999,-11.717],[135.953,-11.7],[135.962,-11.67],[136.031,-11.646]]],[[[136.068,-11.636],[136.054,-11.641],[136.062,-11.627],[136.068,-11.636]]],[[[132.453,-11.619],[132.464,-11.621],[132.459,-11.629],[132.453,-11.619]]],[[[136.193,-11.614],[136.206,-11.617],[136.208,-11.641],[136.193,-11.614]]],[[[142.944,-11.591],[142.946,-11.593],[142.937,-11.592],[142.944,-11.591]]],[[[142.935,-11.59],[142.933,-11.592],[142.931,-11.592],[142.935,-11.59]]],[[[144.034,-11.588],[144.038,-11.593],[144.032,-11.591],[144.034,-11.588]]],[[[142.901,-11.588],[142.901,-11.59],[142.898,-11.588],[142.901,-11.588]]],[[[133.41,-11.586],[133.473,-11.596],[133.48,-11.623],[133.446,-11.618],[133.421,-11.646],[133.414,-11.626],[133.388,-11.634],[133.402,-11.662],[133.369,-11.682],[133.348,-11.624],[133.41,-11.586]]],[[[136.086,-11.582],[136.079,-11.605],[136.075,-11.591],[136.086,-11.582]]],[[[132.173,-11.578],[132.175,-11.586],[132.17,-11.588],[132.173,-11.578]]],[[[132.136,-11.577],[132.15,-11.609],[132.135,-11.627],[132.114,-11.624],[132.114,-11.576],[132.127,-11.564],[132.136,-11.577]]],[[[132.307,-11.565],[132.325,-11.582],[132.316,-11.6],[132.296,-11.587],[132.307,-11.565]]],[[[132.155,-11.572],[132.153,-11.566],[132.155,-11.561],[132.155,-11.572]]],[[[130.168,-11.555],[130.168,-11.555],[130.169,-11.554],[130.168,-11.555]]],[[[136.362,-11.552],[136.378,-11.584],[136.333,-11.623],[136.317,-11.618],[136.297,-11.642],[136.273,-11.616],[136.257,-11.632],[136.273,-11.63],[136.263,-11.663],[136.231,-11.668],[136.224,-11.653],[136.214,-11.674],[136.204,-11.665],[136.159,-11.693],[136.18,-11.678],[136.166,-11.644],[136.207,-11.657],[136.21,-11.642],[136.231,-11.646],[136.223,-11.618],[136.243,-11.62],[136.239,-11.601],[136.264,-11.572],[136.281,-11.605],[136.32,-11.605],[136.295,-11.58],[136.309,-11.571],[136.342,-11.59],[136.362,-11.552]]],[[[136.122,-11.544],[136.108,-11.568],[136.111,-11.546],[136.122,-11.544]]],[[[132.157,-11.541],[132.155,-11.541],[132.156,-11.541],[132.157,-11.541]]],[[[132.337,-11.541],[132.331,-11.538],[132.336,-11.515],[132.337,-11.541]]],[[[143.025,-11.485],[143.029,-11.488],[143.019,-11.487],[143.025,-11.485]]],[[[143.031,-11.48],[143.03,-11.481],[143.03,-11.479],[143.031,-11.48]]],[[[132.726,-11.477],[132.723,-11.473],[132.727,-11.474],[132.726,-11.477]]],[[[131.964,-11.482],[131.954,-11.487],[131.949,-11.474],[131.964,-11.482]]],[[[136.473,-11.474],[136.45,-11.532],[136.374,-11.567],[136.367,-11.534],[136.383,-11.546],[136.386,-11.525],[136.403,-11.528],[136.43,-11.491],[136.473,-11.474]]],[[[133.472,-11.47],[133.491,-11.52],[133.436,-11.506],[133.384,-11.547],[133.401,-11.508],[133.39,-11.489],[133.472,-11.47]]],[[[143.035,-11.448],[143.033,-11.449],[143.035,-11.446],[143.035,-11.448]]],[[[130.409,-11.429],[130.407,-11.426],[130.408,-11.422],[130.409,-11.429]]],[[[142.966,-11.38],[142.968,-11.381],[142.968,-11.384],[142.966,-11.38]]],[[[143.028,-11.377],[143.03,-11.379],[143.028,-11.379],[143.028,-11.377]]],[[[132.787,-11.379],[132.801,-11.395],[132.78,-11.39],[132.776,-11.375],[132.787,-11.379]]],[[[143.061,-11.376],[143.057,-11.372],[143.059,-11.372],[143.061,-11.376]]],[[[130.57,-11.364],[130.569,-11.362],[130.57,-11.361],[130.57,-11.364]]],[[[130.354,-11.34],[130.361,-11.379],[130.401,-11.424],[130.404,-11.448],[130.378,-11.485],[130.383,-11.521],[130.465,-11.576],[130.469,-11.667],[130.519,-11.692],[130.553,-11.691],[130.641,-11.754],[130.614,-11.818],[130.583,-11.827],[130.568,-11.811],[130.506,-11.831],[130.313,-11.771],[130.131,-11.825],[130.048,-11.823],[130.021,-11.776],[130.033,-11.756],[130.074,-11.765],[130.062,-11.751],[130.076,-11.669],[130.151,-11.707],[130.202,-11.649],[130.215,-11.664],[130.204,-11.695],[130.223,-11.703],[130.21,-11.719],[130.234,-11.741],[130.219,-11.718],[130.226,-11.7],[130.208,-11.693],[130.22,-11.67],[130.262,-11.707],[130.285,-11.699],[130.303,-11.728],[130.294,-11.695],[130.261,-11.698],[130.246,-11.679],[130.264,-11.662],[130.255,-11.674],[130.23,-11.642],[130.191,-11.64],[130.201,-11.586],[130.175,-11.558],[130.195,-11.517],[130.225,-11.504],[130.264,-11.562],[130.261,-11.527],[130.236,-11.52],[130.231,-11.497],[130.204,-11.511],[130.186,-11.485],[130.152,-11.49],[130.149,-11.477],[130.186,-11.424],[130.226,-11.412],[130.245,-11.366],[130.241,-11.394],[130.257,-11.398],[130.252,-11.346],[130.303,-11.341],[130.339,-11.318],[130.354,-11.34]]],[[[132.785,-11.317],[132.782,-11.316],[132.785,-11.316],[132.785,-11.317]]],[[[130.664,-11.327],[130.656,-11.321],[130.66,-11.314],[130.664,-11.327]]],[[[132.726,-11.284],[132.731,-11.296],[132.72,-11.29],[132.726,-11.284]]],[[[142.874,-11.248],[142.873,-11.248],[142.873,-11.247],[142.874,-11.248]]],[[[142.92,-11.24],[142.933,-11.248],[142.92,-11.243],[142.92,-11.24]]],[[[142.993,-11.236],[142.993,-11.238],[142.991,-11.237],[142.993,-11.236]]],[[[136.683,-11.231],[136.682,-11.232],[136.682,-11.231],[136.683,-11.231]]],[[[136.687,-11.227],[136.686,-11.227],[136.685,-11.224],[136.687,-11.227]]],[[[143.041,-11.196],[143.039,-11.196],[143.038,-11.194],[143.041,-11.196]]],[[[132.672,-11.184],[132.681,-11.194],[132.643,-11.21],[132.672,-11.184]]],[[[143.018,-11.173],[143.012,-11.166],[143.02,-11.171],[143.018,-11.173]]],[[[130.398,-11.165],[130.498,-11.269],[130.532,-11.285],[130.554,-11.266],[130.602,-11.298],[130.604,-11.321],[130.555,-11.362],[130.569,-11.398],[130.638,-11.375],[130.657,-11.336],[130.657,-11.4],[130.685,-11.443],[130.702,-11.441],[130.695,-11.464],[130.711,-11.489],[130.722,-11.47],[130.752,-11.478],[130.81,-11.527],[130.733,-11.427],[130.697,-11.427],[130.705,-11.385],[130.849,-11.355],[130.899,-11.309],[131.033,-11.367],[131.052,-11.342],[131.04,-11.319],[131.092,-11.304],[131.113,-11.259],[131.148,-11.25],[131.166,-11.266],[131.168,-11.313],[131.188,-11.335],[131.208,-11.311],[131.209,-11.344],[131.219,-11.308],[131.191,-11.303],[131.204,-11.237],[131.247,-11.219],[131.26,-11.19],[131.288,-11.194],[131.316,-11.229],[131.303,-11.274],[131.353,-11.25],[131.375,-11.264],[131.382,-11.299],[131.401,-11.291],[131.401,-11.259],[131.437,-11.267],[131.43,-11.304],[131.463,-11.328],[131.466,-11.386],[131.523,-11.394],[131.544,-11.453],[131.527,-11.477],[131.498,-11.469],[131.461,-11.514],[131.456,-11.581],[131.471,-11.587],[131.469,-11.609],[131.427,-11.614],[131.38,-11.584],[131.333,-11.683],[131.281,-11.74],[131.256,-11.734],[131.182,-11.792],[131.082,-11.836],[131.049,-11.882],[131.019,-11.886],[130.976,-11.934],[130.949,-11.94],[130.862,-11.855],[130.687,-11.797],[130.683,-11.761],[130.598,-11.717],[130.587,-11.69],[130.572,-11.701],[130.557,-11.674],[130.532,-11.681],[130.493,-11.655],[130.477,-11.62],[130.494,-11.565],[130.432,-11.503],[130.41,-11.365],[130.39,-11.366],[130.384,-11.346],[130.41,-11.305],[130.364,-11.254],[130.373,-11.17],[130.398,-11.165]]],[[[132.91,-11.143],[132.919,-11.171],[132.901,-11.16],[132.876,-11.171],[132.857,-11.148],[132.91,-11.143]]],[[[136.694,-11.136],[136.694,-11.14],[136.682,-11.136],[136.694,-11.136]]],[[[132.19,-11.118],[132.189,-11.117],[132.19,-11.115],[132.19,-11.118]]],[[[143.02,-11.109],[143.019,-11.111],[143.017,-11.109],[143.02,-11.109]]],[[[132.29,-11.103],[132.289,-11.105],[132.288,-11.102],[132.29,-11.103]]],[[[136.717,-11.077],[136.729,-11.08],[136.723,-11.082],[136.717,-11.077]]],[[[136.727,-11.067],[136.729,-11.071],[136.723,-11.07],[136.727,-11.067]]],[[[132.87,-11.057],[132.853,-11.06],[132.864,-11.044],[132.878,-11.048],[132.87,-11.057]]],[[[133.014,-11.069],[132.994,-11.088],[132.978,-11.044],[133.014,-11.069]]],[[[142.756,-11.025],[142.754,-11.024],[142.756,-11.025],[142.756,-11.025]]],[[[132.459,-11.023],[132.458,-11.028],[132.457,-11.024],[132.459,-11.023]]],[[[136.762,-11.027],[136.72,-11.195],[136.667,-11.225],[136.684,-11.249],[136.626,-11.284],[136.627,-11.329],[136.538,-11.44],[136.522,-11.445],[136.518,-11.432],[136.501,-11.457],[136.483,-11.457],[136.474,-11.449],[136.501,-11.427],[136.497,-11.393],[136.516,-11.393],[136.577,-11.331],[136.583,-11.282],[136.621,-11.238],[136.626,-11.206],[136.644,-11.21],[136.662,-11.184],[136.687,-11.194],[136.706,-11.17],[136.707,-11.126],[136.694,-11.119],[136.716,-11.125],[136.722,-11.11],[136.7,-11.093],[136.726,-11.099],[136.737,-11.078],[136.713,-11.055],[136.726,-11.04],[136.746,-11.048],[136.737,-11.034],[136.762,-11.027]]],[[[142.993,-11.008],[142.995,-11.008],[142.992,-11.009],[142.993,-11.008]]],[[[142.989,-11.006],[142.989,-11.005],[142.989,-11.004],[142.989,-11.006]]],[[[136.757,-11.001],[136.746,-11.02],[136.736,-11.007],[136.757,-11.001]]],[[[132.828,-11],[132.825,-11.02],[132.817,-11.024],[132.828,-11]]],[[[142.749,-11.007],[142.756,-11.043],[142.788,-11.082],[142.794,-11.279],[142.84,-11.319],[142.869,-11.382],[142.833,-11.434],[142.827,-11.476],[142.859,-11.636],[142.856,-11.846],[142.975,-11.933],[143.066,-11.928],[143.098,-11.893],[143.148,-11.919],[143.167,-11.973],[143.212,-11.954],[143.244,-11.969],[143.228,-11.989],[143.216,-11.975],[143.186,-11.991],[143.101,-12.146],[143.079,-12.159],[143.095,-12.173],[143.097,-12.218],[143.08,-12.341],[143.18,-12.343],[143.23,-12.382],[143.247,-12.379],[143.274,-12.407],[143.271,-12.496],[143.305,-12.551],[143.415,-12.594],[143.419,-12.616],[143.438,-12.612],[143.402,-12.662],[143.402,-12.679],[143.419,-12.682],[143.39,-12.715],[143.358,-12.8],[143.354,-12.896],[143.39,-12.885],[143.401,-12.901],[143.405,-12.868],[143.449,-12.849],[143.475,-12.865],[143.544,-12.843],[143.498,-12.949],[143.512,-12.961],[143.515,-13.008],[143.502,-13.124],[143.522,-13.179],[143.527,-13.327],[143.54,-13.353],[143.582,-13.376],[143.597,-13.423],[143.579,-13.5],[143.586,-13.544],[143.551,-13.617],[143.531,-13.755],[143.547,-13.803],[143.591,-13.859],[143.623,-13.965],[143.68,-14.015],[143.703,-14.209],[143.784,-14.406],[143.881,-14.482],[143.949,-14.496],[144.032,-14.483],[144.168,-14.381],[144.199,-14.323],[144.195,-14.261],[144.216,-14.254],[144.28,-14.302],[144.338,-14.307],[144.435,-14.26],[144.491,-14.166],[144.516,-14.167],[144.596,-14.26],[144.58,-14.308],[144.588,-14.361],[144.644,-14.348],[144.651,-14.359],[144.624,-14.419],[144.619,-14.476],[144.665,-14.511],[144.683,-14.551],[144.715,-14.561],[144.775,-14.546],[144.783,-14.594],[144.839,-14.614],[144.91,-14.614],[144.924,-14.663],[144.95,-14.677],[144.954,-14.737],[145.008,-14.756],[145.023,-14.795],[145.09,-14.803],[145.118,-14.828],[145.173,-14.843],[145.23,-14.832],[145.219,-14.881],[145.281,-14.955],[145.352,-14.953],[145.355,-14.987],[145.289,-15.043],[145.234,-15.141],[145.239,-15.198],[145.267,-15.256],[145.316,-15.259],[145.34,-15.227],[145.357,-15.277],[145.332,-15.278],[145.286,-15.316],[145.298,-15.342],[145.288,-15.376],[145.248,-15.416],[145.241,-15.462],[145.229,-15.462],[145.263,-15.461],[145.284,-15.497],[145.272,-15.541],[145.287,-15.559],[145.307,-15.552],[145.33,-15.594],[145.313,-15.647],[145.361,-15.72],[145.368,-15.767],[145.352,-15.807],[145.377,-15.841],[145.357,-15.91],[145.414,-15.951],[145.477,-16.076],[145.442,-16.186],[145.469,-16.211],[145.489,-16.277],[145.449,-16.291],[145.418,-16.338],[145.41,-16.459],[145.469,-16.48],[145.47,-16.514],[145.582,-16.687],[145.671,-16.737],[145.683,-16.776],[145.725,-16.804],[145.775,-16.87],[145.762,-16.898],[145.783,-16.917],[145.779,-16.94],[145.793,-16.911],[145.849,-16.871],[145.87,-16.907],[145.906,-16.897],[145.919,-16.864],[145.958,-16.897],[145.901,-16.982],[145.889,-17.058],[145.949,-17.131],[145.972,-17.242],[146.021,-17.347],[146.073,-17.395],[146.065,-17.459],[146.077,-17.505],[146.052,-17.505],[146.056,-17.521],[146.033,-17.512],[146.028,-17.55],[146.033,-17.525],[146.068,-17.51],[146.092,-17.562],[146.128,-17.593],[146.115,-17.61],[146.133,-17.601],[146.149,-17.649],[146.113,-17.693],[146.113,-17.771],[146.091,-17.799],[146.107,-17.852],[146.12,-17.856],[146.098,-17.897],[146.101,-17.977],[146.074,-17.99],[146.008,-18.121],[146.016,-18.245],[146.103,-18.349],[146.141,-18.364],[146.168,-18.445],[146.2,-18.452],[146.189,-18.474],[146.215,-18.472],[146.338,-18.527],[146.339,-18.607],[146.319,-18.644],[146.339,-18.63],[146.302,-18.705],[146.276,-18.813],[146.29,-18.892],[146.454,-19.074],[146.518,-19.1],[146.562,-19.142],[146.677,-19.19],[146.768,-19.184],[146.79,-19.239],[146.821,-19.252],[146.839,-19.243],[146.836,-19.271],[146.883,-19.304],[146.942,-19.295],[146.958,-19.309],[147.022,-19.216],[147.016,-19.182],[147.061,-19.256],[147.041,-19.296],[147.126,-19.422],[147.135,-19.407],[147.162,-19.405],[147.247,-19.432],[147.304,-19.408],[147.441,-19.421],[147.455,-19.395],[147.446,-19.365],[147.421,-19.322],[147.385,-19.304],[147.414,-19.313],[147.457,-19.374],[147.487,-19.466],[147.559,-19.55],[147.574,-19.629],[147.615,-19.673],[147.587,-19.725],[147.601,-19.757],[147.671,-19.828],[147.765,-19.837],[147.769,-19.792],[147.745,-19.769],[147.761,-19.727],[147.752,-19.707],[147.824,-19.71],[147.851,-19.739],[147.846,-19.782],[147.865,-19.851],[147.918,-19.908],[147.992,-19.928],[148.026,-19.894],[148.08,-19.882],[148.113,-19.941],[148.165,-19.958],[148.186,-19.944],[148.22,-19.956],[148.239,-19.984],[148.26,-19.975],[148.268,-20.024],[148.24,-20.023],[148.231,-20.045],[148.284,-20.077],[148.278,-20.1],[148.342,-20.153],[148.435,-20.168],[148.479,-20.117],[148.444,-20.111],[148.452,-20.059],[148.513,-20.093],[148.563,-20.067],[148.555,-20.114],[148.58,-20.134],[148.57,-20.17],[148.598,-20.166],[148.583,-20.198],[148.599,-20.201],[148.62,-20.177],[148.601,-20.211],[148.63,-20.22],[148.639,-20.171],[148.653,-20.216],[148.678,-20.179],[148.661,-20.217],[148.663,-20.247],[148.679,-20.231],[148.685,-20.241],[148.673,-20.282],[148.716,-20.263],[148.739,-20.282],[148.734,-20.254],[148.753,-20.262],[148.752,-20.236],[148.769,-20.236],[148.778,-20.274],[148.802,-20.278],[148.786,-20.293],[148.766,-20.287],[148.769,-20.3],[148.792,-20.321],[148.816,-20.321],[148.807,-20.343],[148.818,-20.354],[148.826,-20.338],[148.841,-20.352],[148.831,-20.384],[148.816,-20.385],[148.84,-20.392],[148.839,-20.431],[148.88,-20.472],[148.903,-20.467],[148.911,-20.479],[148.884,-20.488],[148.93,-20.534],[148.899,-20.545],[148.885,-20.523],[148.857,-20.528],[148.845,-20.503],[148.821,-20.497],[148.824,-20.426],[148.821,-20.444],[148.814,-20.421],[148.791,-20.415],[148.794,-20.454],[148.786,-20.43],[148.756,-20.419],[148.784,-20.452],[148.764,-20.48],[148.736,-20.482],[148.68,-20.441],[148.715,-20.495],[148.662,-20.586],[148.69,-20.599],[148.7,-20.64],[148.727,-20.633],[148.706,-20.671],[148.733,-20.688],[148.731,-20.717],[148.778,-20.732],[148.781,-20.762],[148.841,-20.791],[148.815,-20.791],[148.818,-20.802],[148.795,-20.813],[148.839,-20.825],[148.845,-20.876],[148.877,-20.875],[148.885,-20.849],[148.89,-20.878],[148.915,-20.892],[148.951,-20.876],[148.971,-20.9],[148.995,-20.892],[149.005,-20.912],[149.046,-20.903],[149.061,-20.928],[149.014,-20.936],[149.032,-20.958],[149.021,-20.958],[149.017,-20.993],[149.089,-20.976],[149.116,-21.002],[149.158,-21],[149.171,-21.042],[149.187,-21.034],[149.206,-21.077],[149.227,-21.063],[149.235,-21.106],[149.223,-21.148],[149.197,-21.126],[149.199,-21.138],[149.153,-21.143],[149.215,-21.145],[149.2,-21.159],[149.196,-21.211],[149.174,-21.198],[149.202,-21.213],[149.214,-21.242],[149.179,-21.285],[149.201,-21.277],[149.198,-21.296],[149.256,-21.245],[149.274,-21.278],[149.299,-21.273],[149.291,-21.318],[149.315,-21.354],[149.317,-21.393],[149.276,-21.389],[149.276,-21.401],[149.295,-21.416],[149.331,-21.41],[149.338,-21.427],[149.298,-21.426],[149.298,-21.471],[149.274,-21.478],[149.297,-21.511],[149.327,-21.505],[149.309,-21.497],[149.34,-21.475],[149.357,-21.496],[149.35,-21.509],[149.396,-21.493],[149.374,-21.535],[149.399,-21.541],[149.4,-21.56],[149.414,-21.546],[149.438,-21.554],[149.444,-21.578],[149.422,-21.575],[149.45,-21.578],[149.443,-21.593],[149.457,-21.556],[149.472,-21.56],[149.458,-21.553],[149.468,-21.535],[149.485,-21.532],[149.486,-21.571],[149.439,-21.641],[149.456,-21.68],[149.449,-21.713],[149.471,-21.708],[149.48,-21.743],[149.436,-21.722],[149.457,-21.73],[149.425,-21.743],[149.422,-21.772],[149.434,-21.75],[149.434,-21.818],[149.458,-21.817],[149.472,-21.839],[149.46,-21.908],[149.49,-21.989],[149.523,-22.027],[149.517,-22.075],[149.567,-22.172],[149.554,-22.187],[149.599,-22.254],[149.597,-22.281],[149.629,-22.297],[149.658,-22.355],[149.684,-22.345],[149.711,-22.37],[149.731,-22.348],[149.767,-22.371],[149.747,-22.387],[149.752,-22.436],[149.784,-22.38],[149.811,-22.382],[149.85,-22.416],[149.888,-22.493],[149.963,-22.539],[149.991,-22.602],[150.047,-22.661],[150.003,-22.53],[149.913,-22.346],[149.927,-22.345],[149.916,-22.29],[149.944,-22.21],[149.998,-22.146],[150.06,-22.132],[150.066,-22.153],[150.082,-22.152],[150.102,-22.222],[150.152,-22.261],[150.157,-22.305],[150.192,-22.325],[150.177,-22.36],[150.206,-22.369],[150.217,-22.394],[150.301,-22.398],[150.301,-22.421],[150.384,-22.465],[150.449,-22.535],[150.451,-22.523],[150.484,-22.534],[150.498,-22.56],[150.492,-22.521],[150.545,-22.561],[150.538,-22.572],[150.515,-22.557],[150.516,-22.572],[150.544,-22.574],[150.53,-22.602],[150.549,-22.617],[150.537,-22.59],[150.547,-22.576],[150.56,-22.603],[150.552,-22.566],[150.592,-22.575],[150.598,-22.559],[150.552,-22.484],[150.608,-22.501],[150.587,-22.487],[150.602,-22.486],[150.593,-22.476],[150.556,-22.477],[150.533,-22.45],[150.59,-22.464],[150.539,-22.442],[150.54,-22.427],[150.556,-22.431],[150.53,-22.402],[150.54,-22.351],[150.562,-22.316],[150.604,-22.335],[150.626,-22.328],[150.646,-22.345],[150.641,-22.363],[150.617,-22.35],[150.643,-22.38],[150.611,-22.389],[150.644,-22.391],[150.658,-22.414],[150.628,-22.421],[150.646,-22.424],[150.627,-22.442],[150.655,-22.422],[150.65,-22.439],[150.666,-22.454],[150.672,-22.402],[150.65,-22.369],[150.669,-22.347],[150.693,-22.431],[150.753,-22.446],[150.759,-22.468],[150.731,-22.485],[150.724,-22.519],[150.678,-22.473],[150.674,-22.495],[150.644,-22.474],[150.674,-22.501],[150.667,-22.523],[150.689,-22.545],[150.68,-22.573],[150.692,-22.554],[150.725,-22.563],[150.719,-22.6],[150.732,-22.623],[150.715,-22.633],[150.694,-22.606],[150.707,-22.636],[150.759,-22.627],[150.739,-22.627],[150.752,-22.622],[150.741,-22.604],[150.753,-22.605],[150.741,-22.597],[150.774,-22.552],[150.753,-22.531],[150.77,-22.522],[150.789,-22.537],[150.778,-22.641],[150.804,-22.647],[150.806,-22.673],[150.835,-22.684],[150.79,-22.866],[150.787,-22.922],[150.8,-22.933],[150.777,-22.962],[150.75,-23.129],[150.775,-23.165],[150.794,-23.162],[150.789,-23.208],[150.799,-23.228],[150.819,-23.222],[150.83,-23.255],[150.825,-23.28],[150.79,-23.31],[150.759,-23.3],[150.776,-23.323],[150.792,-23.322],[150.81,-23.407],[150.871,-23.481],[150.85,-23.507],[150.791,-23.506],[150.879,-23.542],[150.868,-23.577],[150.935,-23.544],[150.957,-23.55],[150.959,-23.6],[150.925,-23.623],[150.968,-23.605],[150.975,-23.555],[151.027,-23.572],[151.046,-23.628],[151.122,-23.671],[151.135,-23.698],[151.11,-23.704],[151.151,-23.728],[151.159,-23.748],[151.144,-23.77],[151.155,-23.779],[151.165,-23.763],[151.184,-23.793],[151.165,-23.796],[151.173,-23.816],[151.193,-23.827],[151.233,-23.816],[151.275,-23.836],[151.281,-23.856],[151.323,-23.855],[151.319,-23.874],[151.355,-23.936],[151.427,-23.988],[151.435,-24.026],[151.425,-24.046],[151.44,-24.077],[151.443,-24.026],[151.466,-24.072],[151.494,-24.067],[151.475,-24.034],[151.442,-24.016],[151.441,-23.992],[151.544,-24.029],[151.501,-24.045],[151.527,-24.06],[151.525,-24.089],[151.548,-24.089],[151.545,-24.113],[151.553,-24.082],[151.564,-24.111],[151.56,-24.074],[151.58,-24.087],[151.555,-24.07],[151.574,-24.036],[151.583,-24.05],[151.61,-24.042],[151.635,-24.056],[151.682,-24.104],[151.665,-24.06],[151.686,-24.067],[151.677,-24.05],[151.638,-24.033],[151.638,-23.997],[151.63,-24.013],[151.604,-24.009],[151.611,-23.979],[151.644,-23.977],[151.73,-24.022],[151.705,-24.04],[151.716,-24.087],[151.745,-24.032],[151.738,-24.003],[151.765,-24.015],[151.787,-24.118],[151.771,-24.13],[151.793,-24.126],[151.836,-24.177],[151.876,-24.172],[151.849,-24.218],[151.879,-24.194],[151.869,-24.19],[151.886,-24.149],[151.906,-24.208],[151.943,-24.24],[152.006,-24.434],[152.058,-24.512],[152.044,-24.525],[152.06,-24.518],[152.148,-24.627],[152.274,-24.712],[152.348,-24.738],[152.334,-24.744],[152.379,-24.732],[152.397,-24.751],[152.378,-24.768],[152.381,-24.797],[152.384,-24.763],[152.413,-24.758],[152.468,-24.816],[152.501,-25],[151.892,-25],[151.75,-24.862],[151.52,-24.589],[151.116,-24.363],[150.475,-23.788],[150.407,-23.685],[150.359,-23.566],[150.269,-23.048],[150.241,-22.979],[150.193,-22.92],[150.089,-22.846],[149.996,-22.812],[149.723,-22.794],[149.545,-22.756],[149.422,-22.701],[149.282,-22.593],[149.182,-22.47],[149.115,-22.35],[149.039,-22.154],[148.923,-21.753],[148.726,-21.372],[148.666,-21.286],[148.499,-21.126],[148.394,-21.002],[148.298,-20.839],[148.21,-20.62],[148.147,-20.537],[147.89,-20.355],[147.392,-20.139],[147.29,-20.061],[147.116,-19.886],[147.038,-19.832],[146.824,-19.728],[146.451,-19.58],[146.284,-19.494],[146.123,-19.376],[145.992,-19.237],[145.889,-19.061],[145.791,-18.74],[145.648,-18.468],[145.594,-18.316],[145.576,-18.102],[145.622,-17.689],[145.57,-17.456],[145.468,-17.234],[145.133,-16.83],[145.058,-16.703],[145.009,-16.576],[144.98,-16.433],[144.957,-16.125],[144.842,-15.618],[144.808,-15.288],[144.78,-15.189],[144.72,-15.104],[144.628,-15.018],[144.403,-14.874],[144.306,-14.853],[144.011,-14.901],[143.81,-14.89],[143.695,-14.855],[143.592,-14.8],[143.48,-14.71],[143.415,-14.634],[143.299,-14.428],[143.151,-13.999],[143.11,-13.801],[143.092,-13.446],[143.062,-13.252],[142.919,-12.829],[142.866,-12.713],[142.727,-12.489],[142.596,-12.177],[142.452,-11.979],[142.418,-12.021],[142.324,-12.319],[142.332,-12.586],[142.313,-12.718],[142.152,-13.1],[142.151,-13.353],[142.133,-13.474],[141.994,-13.809],[142.028,-14.18],[142.029,-14.541],[142.086,-14.932],[142.086,-15.12],[142.051,-15.299],[141.906,-15.769],[141.839,-16.229],[141.747,-16.565],[141.643,-16.817],[141.444,-17.17],[141.303,-17.523],[141.184,-17.71],[141.05,-17.841],[140.866,-17.964],[140.676,-18.054],[140.455,-18.123],[140.197,-18.157],[139.947,-18.135],[139.749,-18.071],[139.303,-17.855],[139.088,-17.729],[138.973,-17.642],[138.728,-17.358],[138.646,-17.292],[138.529,-17.243],[138.171,-17.154],[137.994,-17.083],[137.795,-16.96],[137.471,-16.677],[137.342,-16.59],[136.955,-16.403],[136.628,-16.32],[136.465,-16.246],[136.117,-15.985],[135.811,-15.719],[135.289,-15.38],[135.144,-15.254],[135.05,-15.127],[134.989,-14.99],[134.961,-14.849],[134.967,-14.7],[135.001,-14.581],[135.057,-14.467],[135.374,-14.021],[135.431,-13.917],[135.445,-13.826],[135.421,-13.535],[135.465,-13.282],[135.54,-13.104],[135.729,-12.866],[135.744,-12.827],[135.727,-12.785],[135.687,-12.749],[135.568,-12.701],[135.474,-12.689],[135.22,-12.712],[135.06,-12.695],[134.926,-12.653],[134.619,-12.52],[134.113,-12.474],[133.995,-12.435],[133.791,-12.325],[133.664,-12.275],[133.153,-12.173],[133.105,-12.177],[133.054,-12.205],[132.886,-12.392],[132.75,-12.506],[132.514,-12.624],[132.138,-12.706],[131.517,-12.722],[131.421,-12.737],[131.36,-12.773],[131.133,-12.988],[130.723,-13.21],[130.685,-13.27],[130.621,-13.482],[130.555,-13.614],[130.479,-13.711],[130.259,-13.909],[130.195,-13.993],[130.126,-14.158],[130.11,-14.258],[130.202,-14.665],[130.2,-14.881],[130.163,-14.998],[130.115,-15.083],[130.021,-15.195],[129.924,-15.281],[129.73,-15.385],[129.524,-15.413],[128.517,-15.255],[128.361,-15.263],[128.296,-15.31],[128.241,-15.25],[128.22,-15.204],[128.221,-15.131],[128.194,-15.096],[128.228,-15.003],[128.289,-14.974],[128.331,-15.035],[128.293,-14.967],[128.296,-14.937],[128.315,-14.926],[128.362,-15.067],[128.374,-15.061],[128.358,-14.991],[128.41,-15.032],[128.349,-14.968],[128.356,-14.886],[128.456,-14.996],[128.407,-14.877],[128.5,-14.976],[128.517,-15.017],[128.508,-14.974],[128.47,-14.931],[128.467,-14.889],[128.427,-14.841],[128.38,-14.816],[128.418,-14.795],[128.436,-14.812],[128.475,-14.786],[128.536,-14.787],[128.528,-14.78],[128.55,-14.768],[128.587,-14.808],[128.623,-14.804],[128.621,-14.787],[128.681,-14.796],[128.738,-14.839],[128.845,-14.861],[128.908,-14.856],[129.024,-14.883],[129.052,-14.91],[129.062,-14.891],[129.092,-14.907],[129.113,-14.934],[129.108,-14.989],[129.131,-14.949],[129.157,-14.969],[129.153,-14.983],[129.158,-14.969],[129.189,-14.987],[129.17,-15.052],[129.201,-15.123],[129.175,-15.147],[129.158,-15.198],[129.188,-15.189],[129.2,-15.147],[129.196,-15.159],[129.231,-15.176],[129.215,-15.154],[129.249,-15.092],[129.236,-15.068],[129.256,-15.034],[129.256,-15.062],[129.278,-15.029],[129.302,-15.037],[129.265,-15.033],[129.233,-15.008],[129.242,-14.911],[129.228,-14.839],[129.263,-14.85],[129.257,-14.865],[129.317,-14.859],[129.409,-14.925],[129.482,-14.941],[129.525,-15.028],[129.604,-15.108],[129.602,-15.129],[129.56,-15.155],[129.564,-15.18],[129.579,-15.156],[129.626,-15.138],[129.685,-15.143],[129.64,-15.071],[129.641,-15.042],[129.663,-15.028],[129.635,-15.033],[129.623,-14.953],[129.609,-14.948],[129.593,-14.967],[129.5,-14.79],[129.534,-14.807],[129.592,-14.891],[129.618,-14.876],[129.586,-14.839],[129.578,-14.798],[129.632,-14.844],[129.649,-14.834],[129.745,-14.852],[129.768,-14.841],[129.803,-14.858],[129.881,-14.82],[129.864,-14.802],[129.903,-14.773],[129.868,-14.776],[129.813,-14.823],[129.769,-14.828],[129.749,-14.81],[129.81,-14.76],[129.794,-14.756],[129.775,-14.783],[129.734,-14.794],[129.672,-14.763],[129.665,-14.726],[129.589,-14.661],[129.584,-14.616],[129.692,-14.613],[129.78,-14.54],[129.669,-14.58],[129.526,-14.552],[129.488,-14.503],[129.523,-14.466],[129.49,-14.46],[129.507,-14.472],[129.483,-14.501],[129.482,-14.45],[129.454,-14.446],[129.474,-14.491],[129.453,-14.505],[129.398,-14.416],[129.398,-14.426],[129.357,-14.424],[129.367,-14.338],[129.419,-14.291],[129.409,-14.236],[129.464,-14.194],[129.496,-14.128],[129.512,-14.127],[129.479,-14.048],[129.516,-14.075],[129.525,-14.052],[129.536,-14.058],[129.542,-14.091],[129.528,-14.13],[129.557,-14.142],[129.567,-14.084],[129.595,-14.091],[129.609,-14.07],[129.591,-14.033],[129.598,-14.011],[129.609,-14.036],[129.641,-14.047],[129.721,-14.013],[129.746,-13.975],[129.747,-13.919],[129.716,-13.879],[129.74,-13.827],[129.795,-13.79],[129.79,-13.667],[129.835,-13.561],[129.817,-13.502],[129.877,-13.502],[129.869,-13.48],[129.897,-13.44],[129.91,-13.514],[129.957,-13.536],[130.008,-13.533],[130.064,-13.504],[130.106,-13.456],[130.142,-13.457],[130.191,-13.394],[130.239,-13.282],[130.163,-13.177],[130.116,-13.164],[130.141,-13.001],[130.129,-12.967],[130.141,-12.933],[130.176,-12.91],[130.194,-12.91],[130.213,-12.947],[130.247,-12.948],[130.338,-12.89],[130.358,-12.807],[130.352,-12.67],[130.404,-12.701],[130.394,-12.662],[130.414,-12.665],[130.439,-12.634],[130.445,-12.646],[130.461,-12.639],[130.514,-12.668],[130.518,-12.691],[130.501,-12.718],[130.519,-12.75],[130.518,-12.726],[130.531,-12.742],[130.531,-12.725],[130.511,-12.71],[130.536,-12.719],[130.557,-12.702],[130.559,-12.719],[130.567,-12.706],[130.583,-12.719],[130.57,-12.744],[130.591,-12.739],[130.596,-12.718],[130.605,-12.733],[130.63,-12.728],[130.624,-12.775],[130.644,-12.744],[130.621,-12.705],[130.687,-12.728],[130.689,-12.751],[130.707,-12.717],[130.739,-12.711],[130.69,-12.72],[130.679,-12.713],[130.702,-12.69],[130.674,-12.708],[130.674,-12.691],[130.633,-12.686],[130.616,-12.669],[130.586,-12.684],[130.573,-12.652],[130.546,-12.634],[130.55,-12.616],[130.583,-12.623],[130.587,-12.66],[130.607,-12.604],[130.631,-12.611],[130.642,-12.639],[130.631,-12.609],[130.589,-12.592],[130.604,-12.578],[130.568,-12.59],[130.583,-12.513],[130.606,-12.501],[130.581,-12.463],[130.623,-12.448],[130.579,-12.405],[130.619,-12.381],[130.765,-12.437],[130.757,-12.482],[130.727,-12.526],[130.779,-12.475],[130.774,-12.546],[130.749,-12.58],[130.729,-12.582],[130.732,-12.597],[130.73,-12.583],[130.779,-12.559],[130.767,-12.602],[130.792,-12.622],[130.78,-12.617],[130.788,-12.548],[130.81,-12.54],[130.805,-12.563],[130.829,-12.588],[130.816,-12.558],[130.841,-12.555],[130.868,-12.601],[130.847,-12.613],[130.869,-12.612],[130.87,-12.659],[130.88,-12.631],[130.9,-12.655],[130.895,-12.682],[130.908,-12.656],[130.882,-12.606],[130.933,-12.611],[130.945,-12.638],[130.967,-12.63],[130.953,-12.597],[130.945,-12.607],[130.923,-12.58],[130.885,-12.575],[130.878,-12.552],[130.901,-12.556],[130.88,-12.548],[130.859,-12.507],[130.88,-12.521],[130.904,-12.513],[130.896,-12.53],[130.907,-12.516],[130.908,-12.541],[130.923,-12.509],[130.927,-12.537],[130.947,-12.542],[130.939,-12.554],[130.949,-12.54],[130.954,-12.555],[130.947,-12.496],[130.931,-12.487],[130.947,-12.471],[130.884,-12.493],[130.87,-12.483],[130.917,-12.458],[130.891,-12.465],[130.886,-12.443],[130.879,-12.464],[130.85,-12.439],[130.841,-12.473],[130.815,-12.454],[130.836,-12.427],[130.816,-12.407],[130.843,-12.408],[130.842,-12.379],[130.861,-12.376],[130.896,-12.33],[130.946,-12.342],[130.946,-12.357],[130.983,-12.342],[131.019,-12.372],[131.009,-12.356],[131.055,-12.348],[131.03,-12.346],[131.03,-12.326],[131.061,-12.332],[131.028,-12.305],[131.013,-12.323],[131.03,-12.231],[130.995,-12.186],[130.996,-12.169],[131.031,-12.146],[131.046,-12.143],[131.065,-12.167],[131.113,-12.155],[131.125,-12.183],[131.169,-12.173],[131.222,-12.227],[131.193,-12.238],[131.21,-12.24],[131.206,-12.27],[131.232,-12.267],[131.225,-12.285],[131.234,-12.266],[131.207,-12.263],[131.212,-12.24],[131.251,-12.22],[131.229,-12.207],[131.274,-12.1],[131.266,-12.077],[131.297,-12.043],[131.3,-12.07],[131.321,-12.09],[131.314,-12.167],[131.334,-12.211],[131.381,-12.256],[131.472,-12.284],[131.755,-12.274],[131.879,-12.215],[131.904,-12.224],[131.939,-12.273],[132.07,-12.304],[132.171,-12.213],[132.224,-12.195],[132.238,-12.17],[132.262,-12.173],[132.278,-12.224],[132.353,-12.199],[132.389,-12.236],[132.417,-12.222],[132.442,-12.146],[132.513,-12.124],[132.556,-12.086],[132.577,-12.106],[132.629,-12.087],[132.619,-12.015],[132.642,-11.901],[132.655,-11.89],[132.636,-11.821],[132.58,-11.788],[132.645,-11.728],[132.541,-11.719],[132.5,-11.68],[132.506,-11.637],[132.597,-11.654],[132.538,-11.587],[132.555,-11.555],[132.526,-11.547],[132.531,-11.522],[132.497,-11.505],[132.527,-11.469],[132.484,-11.486],[132.457,-11.457],[132.355,-11.441],[132.304,-11.466],[132.238,-11.456],[132.139,-11.522],[132.116,-11.517],[132.116,-11.54],[132.066,-11.524],[132.035,-11.483],[132.031,-11.46],[132.049,-11.46],[132.06,-11.432],[132.043,-11.421],[131.993,-11.429],[131.995,-11.405],[131.962,-11.411],[131.94,-11.397],[131.985,-11.378],[131.968,-11.369],[131.966,-11.343],[131.931,-11.366],[131.919,-11.359],[131.944,-11.32],[131.915,-11.325],[131.86,-11.294],[131.84,-11.314],[131.764,-11.317],[131.759,-11.301],[131.778,-11.312],[131.78,-11.292],[131.806,-11.294],[131.795,-11.269],[131.853,-11.28],[131.815,-11.213],[131.84,-11.227],[131.861,-11.21],[131.881,-11.235],[131.883,-11.182],[131.913,-11.208],[131.905,-11.216],[131.928,-11.236],[131.929,-11.259],[131.946,-11.245],[131.962,-11.253],[131.962,-11.23],[131.973,-11.237],[131.987,-11.22],[131.962,-11.179],[131.996,-11.174],[131.974,-11.129],[132.012,-11.13],[132.047,-11.2],[132.075,-11.179],[132.067,-11.192],[132.084,-11.195],[132.086,-11.233],[132.114,-11.212],[132.097,-11.263],[132.117,-11.274],[132.101,-11.33],[132.124,-11.351],[132.138,-11.297],[132.157,-11.323],[132.145,-11.383],[132.158,-11.382],[132.17,-11.421],[132.177,-11.397],[132.209,-11.414],[132.184,-11.366],[132.191,-11.352],[132.223,-11.37],[132.238,-11.342],[132.198,-11.302],[132.173,-11.324],[132.199,-11.268],[132.181,-11.241],[132.2,-11.224],[132.162,-11.185],[132.163,-11.161],[132.142,-11.155],[132.136,-11.122],[132.188,-11.131],[132.195,-11.164],[132.244,-11.198],[132.241,-11.22],[132.282,-11.275],[132.266,-11.176],[132.317,-11.171],[132.339,-11.141],[132.333,-11.117],[132.344,-11.12],[132.365,-11.194],[132.383,-11.208],[132.373,-11.295],[132.398,-11.3],[132.404,-11.269],[132.423,-11.262],[132.42,-11.227],[132.434,-11.212],[132.451,-11.218],[132.478,-11.259],[132.507,-11.272],[132.487,-11.3],[132.51,-11.292],[132.518,-11.317],[132.502,-11.33],[132.548,-11.343],[132.586,-11.395],[132.622,-11.411],[132.64,-11.482],[132.668,-11.516],[132.734,-11.518],[132.785,-11.446],[132.808,-11.442],[132.824,-11.404],[132.849,-11.393],[132.858,-11.414],[132.896,-11.427],[132.909,-11.385],[132.865,-11.34],[132.918,-11.332],[132.969,-11.418],[133.007,-11.433],[133.046,-11.504],[133.076,-11.52],[133.071,-11.556],[133.153,-11.707],[133.249,-11.733],[133.34,-11.694],[133.354,-11.719],[133.316,-11.725],[133.317,-11.768],[133.37,-11.777],[133.369,-11.758],[133.402,-11.733],[133.414,-11.758],[133.398,-11.769],[133.448,-11.779],[133.456,-11.802],[133.534,-11.761],[133.518,-11.877],[133.563,-11.808],[133.605,-11.811],[133.604,-11.839],[133.631,-11.837],[133.664,-11.819],[133.657,-11.809],[133.679,-11.789],[133.669,-11.776],[133.74,-11.783],[133.774,-11.763],[133.794,-11.726],[133.837,-11.723],[133.868,-11.755],[133.916,-11.743],[133.941,-11.771],[133.915,-11.775],[133.891,-11.813],[133.847,-11.814],[133.823,-11.841],[133.839,-11.877],[133.859,-11.878],[133.881,-11.913],[133.913,-11.907],[133.916,-11.921],[134.039,-11.855],[134.079,-11.898],[134.076,-11.937],[134.132,-11.9],[134.176,-11.956],[134.151,-11.985],[134.173,-12.003],[134.183,-11.994],[134.194,-12.03],[134.162,-12.101],[134.182,-12.136],[134.194,-12.075],[134.228,-12.037],[134.254,-12.035],[134.246,-11.985],[134.286,-11.983],[134.362,-12.047],[134.496,-12.073],[134.605,-12.05],[134.657,-12.016],[134.689,-11.962],[134.749,-11.949],[134.772,-11.959],[134.765,-12.001],[134.78,-12.004],[134.799,-12.049],[134.843,-12.061],[134.842,-12.114],[134.856,-12.132],[134.971,-12.159],[135.056,-12.262],[135.145,-12.237],[135.213,-12.296],[135.21,-12.275],[135.161,-12.226],[135.266,-12.225],[135.297,-12.258],[135.343,-12.247],[135.353,-12.231],[135.314,-12.242],[135.223,-12.19],[135.305,-12.162],[135.318,-12.144],[135.305,-12.125],[135.351,-12.107],[135.366,-12.085],[135.422,-12.083],[135.407,-12.101],[135.416,-12.115],[135.453,-12.115],[135.507,-12.087],[135.52,-12.061],[135.57,-12.101],[135.654,-12.039],[135.91,-11.953],[135.877,-11.986],[135.87,-11.976],[135.831,-11.985],[135.833,-12.001],[135.773,-12.045],[135.759,-12.08],[135.654,-12.157],[135.652,-12.202],[135.722,-12.282],[135.711,-12.311],[135.746,-12.263],[135.766,-12.255],[135.77,-12.271],[135.779,-12.225],[135.804,-12.199],[135.854,-12.183],[135.886,-12.15],[135.893,-12.19],[135.912,-12.151],[135.929,-12.163],[135.949,-12.139],[135.959,-12.152],[135.96,-12.137],[136.001,-12.118],[136.003,-12.084],[136.045,-12.063],[135.974,-12.186],[135.957,-12.183],[135.928,-12.224],[135.969,-12.274],[136.002,-12.268],[136.013,-12.234],[136.061,-12.241],[136.029,-12.296],[136.009,-12.29],[136.023,-12.32],[135.976,-12.37],[135.967,-12.405],[136.015,-12.397],[135.996,-12.443],[136.018,-12.46],[136.016,-12.494],[136.031,-12.475],[136.037,-12.484],[136.064,-12.43],[136.085,-12.458],[136.108,-12.439],[136.122,-12.449],[136.151,-12.436],[136.16,-12.463],[136.223,-12.462],[136.22,-12.479],[136.304,-12.4],[136.304,-12.366],[136.334,-12.323],[136.325,-12.307],[136.352,-12.287],[136.344,-12.262],[136.378,-12.247],[136.364,-12.25],[136.332,-12.203],[136.229,-12.214],[136.216,-12.186],[136.17,-12.192],[136.167,-12.164],[136.216,-12.153],[136.212,-12.132],[136.232,-12.133],[136.265,-12.067],[136.326,-12.046],[136.341,-12.058],[136.344,-12.034],[136.37,-12.028],[136.368,-12.011],[136.379,-12.02],[136.415,-11.958],[136.431,-11.971],[136.443,-11.941],[136.491,-11.953],[136.524,-11.939],[136.531,-11.915],[136.562,-11.918],[136.574,-11.902],[136.563,-11.877],[136.581,-11.916],[136.547,-11.942],[136.472,-11.961],[136.473,-11.998],[136.457,-11.978],[136.445,-11.998],[136.47,-12],[136.49,-12.038],[136.503,-11.997],[136.531,-11.991],[136.562,-12.079],[136.591,-12.095],[136.579,-12.154],[136.603,-12.206],[136.646,-12.235],[136.649,-12.27],[136.707,-12.288],[136.721,-12.267],[136.742,-12.272],[136.762,-12.233],[136.748,-12.214],[136.723,-12.229],[136.73,-12.213],[136.699,-12.19],[136.678,-12.202],[136.681,-12.186],[136.782,-12.159],[136.813,-12.207],[136.872,-12.219],[136.885,-12.247],[136.903,-12.248],[136.901,-12.279],[136.927,-12.281],[136.934,-12.335],[136.871,-12.382],[136.91,-12.368],[136.922,-12.343],[136.943,-12.358],[136.979,-12.345],[136.964,-12.374],[136.902,-12.39],[136.782,-12.522],[136.773,-12.556],[136.761,-12.526],[136.776,-12.496],[136.795,-12.493],[136.794,-12.452],[136.726,-12.482],[136.743,-12.519],[136.727,-12.529],[136.749,-12.534],[136.739,-12.554],[136.696,-12.565],[136.693,-12.586],[136.669,-12.591],[136.68,-12.604],[136.697,-12.569],[136.735,-12.571],[136.747,-12.551],[136.762,-12.577],[136.729,-12.584],[136.693,-12.628],[136.678,-12.668],[136.694,-12.711],[136.633,-12.699],[136.606,-12.723],[136.603,-12.747],[136.625,-12.772],[136.609,-12.815],[136.622,-12.839],[136.585,-12.818],[136.585,-12.771],[136.551,-12.74],[136.525,-12.758],[136.543,-12.807],[136.517,-12.806],[136.484,-12.768],[136.466,-12.781],[136.488,-12.801],[136.483,-12.843],[136.519,-12.875],[136.553,-12.874],[136.547,-12.916],[136.638,-12.95],[136.646,-12.991],[136.668,-13.004],[136.629,-13.017],[136.621,-12.968],[136.582,-12.999],[136.582,-13.019],[136.562,-13.019],[136.556,-12.964],[136.532,-12.992],[136.519,-12.976],[136.492,-12.992],[136.454,-12.979],[136.481,-13.007],[136.508,-12.996],[136.51,-13.016],[136.535,-13.019],[136.534,-13.053],[136.567,-13.059],[136.532,-13.154],[136.511,-13.139],[136.484,-13.161],[136.469,-13.247],[136.447,-13.248],[136.454,-13.224],[136.44,-13.218],[136.399,-13.244],[136.344,-13.326],[136.331,-13.324],[136.319,-13.299],[136.338,-13.277],[136.328,-13.25],[136.368,-13.253],[136.388,-13.226],[136.356,-13.148],[136.371,-13.14],[136.355,-13.117],[136.37,-13.107],[136.372,-13.073],[136.333,-13.032],[136.291,-13.107],[136.321,-13.12],[136.307,-13.144],[136.316,-13.159],[136.283,-13.168],[136.289,-13.145],[136.257,-13.155],[136.254,-13.121],[136.243,-13.146],[136.219,-13.137],[136.214,-13.155],[136.247,-13.173],[136.235,-13.187],[136.245,-13.214],[136.222,-13.202],[136.201,-13.247],[136.176,-13.233],[136.162,-13.242],[136.181,-13.282],[136.155,-13.266],[136.134,-13.207],[136.15,-13.183],[136.145,-13.121],[136.097,-13.161],[136.108,-13.172],[136.078,-13.208],[136.084,-13.233],[136.062,-13.226],[136.05,-13.239],[136.062,-13.263],[136.046,-13.31],[136.03,-13.244],[135.998,-13.212],[135.976,-13.232],[135.964,-13.295],[135.948,-13.252],[135.919,-13.27],[135.889,-13.318],[135.88,-13.362],[135.921,-13.378],[135.926,-13.418],[135.973,-13.402],[135.961,-13.446],[135.929,-13.442],[135.931,-13.467],[135.894,-13.425],[135.858,-13.447],[135.855,-13.522],[135.869,-13.562],[135.84,-13.566],[135.835,-13.591],[135.865,-13.622],[135.881,-13.669],[135.907,-13.658],[135.922,-13.676],[135.88,-13.696],[135.884,-13.72],[135.915,-13.747],[135.956,-13.743],[136.034,-13.682],[136.026,-13.652],[136.051,-13.645],[136.082,-13.66],[136.055,-13.681],[136.035,-13.747],[136.013,-13.763],[136.016,-13.828],[135.992,-13.858],[135.989,-13.896],[135.91,-13.99],[135.913,-14.042],[135.879,-14.167],[135.903,-14.192],[135.881,-14.181],[135.816,-14.229],[135.794,-14.226],[135.743,-14.28],[135.703,-14.271],[135.73,-14.297],[135.668,-14.399],[135.67,-14.424],[135.62,-14.423],[135.59,-14.505],[135.537,-14.561],[135.518,-14.625],[135.541,-14.653],[135.519,-14.653],[135.5,-14.676],[135.465,-14.676],[135.416,-14.735],[135.382,-14.726],[135.411,-14.873],[135.456,-14.949],[135.531,-15.017],[135.58,-15.045],[135.656,-15.052],[135.724,-15.116],[135.749,-15.117],[135.863,-15.183],[135.982,-15.287],[136.165,-15.392],[136.21,-15.393],[136.24,-15.416],[136.27,-15.536],[136.317,-15.59],[136.317,-15.626],[136.326,-15.602],[136.412,-15.626],[136.534,-15.732],[136.548,-15.729],[136.555,-15.75],[136.568,-15.742],[136.559,-15.728],[136.621,-15.706],[136.644,-15.672],[136.665,-15.678],[136.672,-15.664],[136.682,-15.685],[136.724,-15.696],[136.683,-15.778],[136.643,-15.769],[136.658,-15.782],[136.645,-15.792],[136.671,-15.794],[136.714,-15.857],[136.691,-15.903],[136.706,-15.931],[136.73,-15.932],[136.771,-15.889],[136.761,-15.916],[136.823,-15.899],[136.889,-15.932],[136.953,-15.938],[136.913,-15.9],[136.97,-15.875],[136.978,-15.851],[136.987,-15.875],[137.004,-15.873],[137.084,-15.944],[137.254,-16.012],[137.308,-16.082],[137.295,-16.081],[137.373,-16.133],[137.358,-16.116],[137.412,-16.145],[137.574,-16.175],[137.73,-16.232],[137.866,-16.427],[138.117,-16.648],[138.195,-16.696],[138.324,-16.75],[138.33,-16.736],[138.372,-16.743],[138.428,-16.777],[138.629,-16.768],[138.884,-16.885],[138.916,-16.876],[139.01,-16.896],[139.039,-16.912],[139.043,-16.95],[139.087,-16.999],[139.158,-17.029],[139.141,-17.079],[139.155,-17.164],[139.238,-17.32],[139.306,-17.365],[139.417,-17.375],[139.45,-17.394],[139.436,-17.422],[139.453,-17.395],[139.477,-17.401],[139.647,-17.538],[139.722,-17.548],[139.757,-17.577],[139.822,-17.571],[139.839,-17.59],[139.834,-17.605],[139.847,-17.596],[139.933,-17.628],[139.949,-17.674],[139.993,-17.71],[140.093,-17.723],[140.385,-17.678],[140.448,-17.642],[140.479,-17.645],[140.594,-17.598],[140.71,-17.51],[140.736,-17.512],[140.769,-17.478],[140.828,-17.465],[140.887,-17.382],[140.913,-17.232],[140.94,-17.185],[140.962,-17.093],[140.947,-17.041],[140.958,-16.998],[141.065,-16.87],[141.082,-16.803],[141.129,-16.78],[141.204,-16.692],[141.233,-16.588],[141.251,-16.558],[141.271,-16.558],[141.304,-16.474],[141.286,-16.409],[141.321,-16.342],[141.347,-16.23],[141.43,-16.086],[141.373,-15.917],[141.398,-15.91],[141.409,-15.871],[141.435,-15.658],[141.469,-15.532],[141.57,-15.292],[141.576,-15.205],[141.636,-15.15],[141.63,-15.105],[141.668,-15.012],[141.59,-14.857],[141.526,-14.487],[141.598,-14.258],[141.599,-14.117],[141.573,-14.057],[141.476,-13.946],[141.467,-13.864],[141.523,-13.572],[141.695,-13.27],[141.68,-13.218],[141.63,-13.159],[141.618,-13.04],[141.583,-12.997],[141.636,-12.909],[141.653,-12.917],[141.74,-12.853],[141.804,-12.68],[141.821,-12.672],[141.863,-12.693],[141.878,-12.671],[141.84,-12.668],[141.827,-12.649],[141.894,-12.602],[141.879,-12.584],[141.82,-12.601],[141.768,-12.566],[141.76,-12.539],[141.709,-12.519],[141.695,-12.557],[141.643,-12.578],[141.626,-12.583],[141.591,-12.562],[141.715,-12.235],[141.735,-12.218],[141.85,-11.984],[141.88,-11.954],[141.909,-11.955],[141.887,-11.985],[141.918,-12.041],[141.925,-12.122],[141.945,-12.146],[141.913,-12.164],[141.949,-12.15],[141.931,-12.115],[141.932,-12.071],[141.958,-12.042],[141.994,-12.06],[142.012,-12.039],[141.972,-11.98],[141.943,-11.978],[141.942,-11.945],[141.962,-11.821],[142.002,-11.753],[142.051,-11.555],[142.101,-11.463],[142.12,-11.369],[142.116,-11.225],[142.138,-11.207],[142.157,-11.122],[142.134,-11],[142.749,-11.007]]],[[[132.596,-10.972],[132.58,-11.012],[132.614,-11.129],[132.58,-11.162],[132.59,-11.179],[132.62,-11.172],[132.632,-11.187],[132.603,-11.202],[132.62,-11.232],[132.62,-11.287],[132.6,-11.3],[132.588,-11.357],[132.556,-11.314],[132.543,-11.251],[132.47,-11.158],[132.508,-11.142],[132.513,-11.091],[132.485,-11.079],[132.462,-11.039],[132.503,-11.059],[132.548,-11.042],[132.565,-10.979],[132.596,-10.972]]],[[[132.822,-10.967],[132.833,-10.974],[132.826,-10.999],[132.822,-10.967]]],[[[133.043,-10.908],[133.025,-10.912],[133.032,-10.906],[133.043,-10.908]]]]},"properties":{"region":"C","area":"Northern coast"}},{"type":"Feature","geometry":{"type":"MultiPolygon","coordinates":[[[[113.667,-26.661],[113.667,-26.662],[113.666,-26.66],[113.667,-26.661]]],[[[113.667,-26.614],[113.665,-26.613],[113.667,-26.613],[113.667,-26.614]]],[[[113.653,-26.591],[113.652,-26.593],[113.651,-26.593],[113.653,-26.591]]],[[[113.726,-26.585],[113.725,-26.585],[113.725,-26.583],[113.726,-26.585]]],[[[113.724,-26.582],[113.723,-26.582],[113.724,-26.581],[113.724,-26.582]]],[[[113.634,-26.575],[113.633,-26.575],[113.631,-26.575],[113.634,-26.575]]],[[[113.648,-26.554],[113.648,-26.556],[113.645,-26.554],[113.648,-26.554]]],[[[113.692,-26.546],[113.691,-26.546],[113.691,-26.544],[113.692,-26.546]]],[[[113.693,-26.534],[113.69,-26.534],[113.69,-26.532],[113.693,-26.534]]],[[[113.773,-26.532],[113.77,-26.549],[113.759,-26.535],[113.773,-26.532]]],[[[113.652,-26.517],[113.647,-26.518],[113.648,-26.513],[113.652,-26.517]]],[[[113.59,-26.49],[113.589,-26.49],[113.59,-26.488],[113.59,-26.49]]],[[[113.572,-26.488],[113.57,-26.487],[113.571,-26.487],[113.572,-26.488]]],[[[113.61,-26.487],[113.609,-26.487],[113.609,-26.486],[113.61,-26.487]]],[[[113.686,-26.485],[113.686,-26.485],[113.684,-26.485],[113.686,-26.485]]],[[[113.617,-26.451],[113.616,-26.452],[113.616,-26.45],[113.617,-26.451]]],[[[113.879,-26.455],[113.877,-26.452],[113.877,-26.448],[113.879,-26.455]]],[[[113.882,-26.453],[113.88,-26.452],[113.88,-26.445],[113.882,-26.453]]],[[[113.764,-26.444],[113.763,-26.443],[113.764,-26.443],[113.764,-26.444]]],[[[113.567,-26.443],[113.565,-26.443],[113.566,-26.442],[113.567,-26.443]]],[[[113.878,-26.446],[113.877,-26.444],[113.879,-26.442],[113.878,-26.446]]],[[[113.62,-26.416],[113.618,-26.415],[113.62,-26.415],[113.62,-26.416]]],[[[113.506,-26.414],[113.503,-26.41],[113.506,-26.411],[113.506,-26.414]]],[[[113.62,-26.408],[113.619,-26.408],[113.619,-26.406],[113.62,-26.408]]],[[[113.505,-26.403],[113.504,-26.404],[113.505,-26.402],[113.505,-26.403]]],[[[113.51,-26.394],[113.513,-26.396],[113.508,-26.4],[113.51,-26.394]]],[[[113.379,-26.389],[113.379,-26.388],[113.379,-26.388],[113.379,-26.389]]],[[[113.373,-26.388],[113.373,-26.387],[113.373,-26.387],[113.373,-26.388]]],[[[113.87,-26.388],[113.869,-26.387],[113.87,-26.386],[113.87,-26.388]]],[[[113.571,-26.367],[113.57,-26.367],[113.569,-26.366],[113.571,-26.367]]],[[[113.57,-26.365],[113.568,-26.366],[113.568,-26.364],[113.57,-26.365]]],[[[113.863,-26.358],[113.868,-26.384],[113.858,-26.356],[113.863,-26.358]]],[[[113.866,-26.346],[113.866,-26.344],[113.869,-26.34],[113.866,-26.346]]],[[[113.513,-26.34],[113.512,-26.341],[113.511,-26.34],[113.513,-26.34]]],[[[113.502,-26.319],[113.5,-26.32],[113.502,-26.318],[113.502,-26.319]]],[[[113.34,-26.323],[113.332,-26.317],[113.337,-26.31],[113.34,-26.323]]],[[[113.505,-26.3],[113.504,-26.298],[113.505,-26.299],[113.505,-26.3]]],[[[113.958,-26.251],[113.957,-26.25],[113.963,-26.246],[113.958,-26.251]]],[[[113.51,-26.23],[113.507,-26.228],[113.508,-26.228],[113.51,-26.23]]],[[[113.504,-26.228],[113.503,-26.228],[113.502,-26.228],[113.504,-26.228]]],[[[113.378,-26.202],[113.379,-26.204],[113.376,-26.202],[113.378,-26.202]]],[[[113.725,-26.197],[113.724,-26.201],[113.723,-26.196],[113.725,-26.197]]],[[[114.232,-26.161],[114.23,-26.159],[114.234,-26.158],[114.232,-26.161]]],[[[113.708,-26.141],[113.704,-26.133],[113.705,-26.125],[113.708,-26.141]]],[[[113.238,-26.125],[113.236,-26.125],[113.237,-26.124],[113.238,-26.125]]],[[[114.231,-26.115],[114.225,-26.112],[114.227,-26.113],[114.231,-26.115]]],[[[114.231,-26.11],[114.231,-26.11],[114.231,-26.11],[114.231,-26.11]]],[[[114.228,-26.11],[114.227,-26.11],[114.227,-26.109],[114.228,-26.11]]],[[[114.232,-26.103],[114.232,-26.102],[114.233,-26.102],[114.232,-26.103]]],[[[113.405,-26.102],[113.404,-26.103],[113.404,-26.102],[113.405,-26.102]]],[[[113.704,-26.115],[113.702,-26.108],[113.703,-26.095],[113.704,-26.115]]],[[[113.577,-26.094],[113.576,-26.094],[113.576,-26.093],[113.577,-26.094]]],[[[113.415,-26.091],[113.415,-26.092],[113.414,-26.09],[113.415,-26.091]]],[[[113.312,-26.085],[113.311,-26.085],[113.311,-26.082],[113.312,-26.085]]],[[[114.238,-26.086],[114.237,-26.083],[114.237,-26.075],[114.238,-26.086]]],[[[113.707,-26.081],[113.707,-26.074],[113.709,-26.077],[113.707,-26.081]]],[[[113.876,-26.072],[113.875,-26.072],[113.877,-26.07],[113.876,-26.072]]],[[[113.707,-26.093],[113.717,-26.058],[113.721,-26.063],[113.707,-26.093]]],[[[113.397,-26.057],[113.395,-26.058],[113.395,-26.057],[113.397,-26.057]]],[[[113.716,-26.056],[113.712,-26.054],[113.714,-26.054],[113.716,-26.056]]],[[[113.872,-26.064],[113.878,-26.068],[113.866,-26.083],[113.872,-26.064]]],[[[113.718,-26.038],[113.714,-26.04],[113.718,-26.03],[113.718,-26.038]]],[[[113.878,-26.021],[113.876,-26.02],[113.876,-26.019],[113.878,-26.021]]],[[[113.875,-26.017],[113.874,-26.016],[113.874,-26.012],[113.875,-26.017]]],[[[113.847,-26.008],[113.882,-26.03],[113.879,-26.043],[113.847,-26.008]]],[[[113.201,-26.001],[113.2,-26.001],[113.202,-26],[113.201,-26.001]]],[[[113.869,-25.989],[113.868,-25.988],[113.869,-25.986],[113.869,-25.989]]],[[[113.907,-25.958],[113.907,-25.959],[113.905,-25.957],[113.907,-25.958]]],[[[113.892,-25.952],[113.902,-25.957],[113.888,-25.953],[113.892,-25.952]]],[[[113.158,-25.91],[113.156,-25.909],[113.157,-25.909],[113.158,-25.91]]],[[[113.857,-25.867],[113.853,-25.864],[113.853,-25.861],[113.857,-25.867]]],[[[113.918,-25.844],[113.915,-25.846],[113.917,-25.842],[113.918,-25.844]]],[[[113.868,-25.804],[113.868,-25.803],[113.871,-25.803],[113.868,-25.804]]],[[[113.89,-25.808],[113.913,-25.826],[113.92,-25.897],[113.858,-25.868],[113.873,-25.867],[113.854,-25.846],[113.852,-25.816],[113.874,-25.801],[113.89,-25.808]]],[[[114.069,-25.689],[114.072,-25.69],[114.07,-25.69],[114.069,-25.689]]],[[[114.07,-25.687],[114.068,-25.687],[114.066,-25.684],[114.07,-25.687]]],[[[114.057,-25.68],[114.064,-25.686],[114.055,-25.677],[114.057,-25.68]]],[[[114.025,-25.658],[114.029,-25.661],[114.025,-25.661],[114.025,-25.658]]],[[[114.034,-25.655],[114.033,-25.655],[114.033,-25.653],[114.034,-25.655]]],[[[114.035,-25.651],[114.035,-25.652],[114.034,-25.651],[114.035,-25.651]]],[[[114.025,-25.643],[114.028,-25.643],[114.031,-25.651],[114.025,-25.643]]],[[[114.026,-25.637],[114.023,-25.637],[114.024,-25.636],[114.026,-25.637]]],[[[114.022,-25.634],[114.021,-25.634],[114.021,-25.633],[114.022,-25.634]]],[[[114.003,-25.616],[114.003,-25.615],[114.004,-25.616],[114.003,-25.616]]],[[[113,-25.5],[113.023,-25.499],[113.009,-25.561],[113.039,-25.618],[113.077,-25.769],[113.115,-25.839],[113.11,-25.868],[113.156,-25.888],[113.127,-25.922],[113.137,-25.977],[113.158,-25.969],[113.151,-25.941],[113.168,-25.943],[113.167,-25.98],[113.204,-26.003],[113.204,-26.03],[113.22,-26.037],[113.238,-26.106],[113.216,-26.162],[113.209,-26.135],[113.181,-26.123],[113.136,-26.022],[113.049,-25.931],[113.023,-25.86],[112.966,-25.78],[112.98,-25.749],[112.922,-25.609],[112.928,-25.529],[112.971,-25.48],[113,-25.5]]],[[[113.911,-25.402],[113.91,-25.399],[113.912,-25.401],[113.911,-25.402]]],[[[113.89,-25.338],[113.889,-25.338],[113.889,-25.337],[113.89,-25.338]]],[[[113.888,-25.335],[113.887,-25.335],[113.886,-25.332],[113.888,-25.335]]],[[[113.884,-25.332],[113.879,-25.331],[113.877,-25.324],[113.884,-25.332]]],[[[113.883,-25.325],[113.881,-25.324],[113.881,-25.323],[113.883,-25.325]]],[[[113.122,-25.007],[113.128,-25.06],[113.076,-25.273],[113.069,-25.231],[113.095,-25.121],[113.088,-25.07],[113.122,-25.007]]],[[[114.303,-25.102],[114.43,-25.334],[114.619,-25.616],[114.701,-25.791],[114.727,-25.911],[114.735,-26.08],[114.697,-26.357],[114.662,-26.462],[114.6,-26.576],[114.369,-26.837],[114.364,-26.904],[114.398,-27],[113.826,-27],[113.574,-26.66],[113.297,-26.4],[113.308,-26.387],[113.278,-26.294],[113.156,-26.152],[113.261,-26.191],[113.27,-26.242],[113.291,-26.126],[113.285,-26.04],[113.299,-26.016],[113.32,-26.126],[113.327,-26.337],[113.339,-26.347],[113.356,-26.331],[113.368,-26.399],[113.394,-26.392],[113.4,-26.418],[113.355,-26.301],[113.336,-26.3],[113.365,-26.211],[113.387,-26.213],[113.387,-26.111],[113.359,-26.065],[113.364,-26.017],[113.397,-26.114],[113.429,-26.139],[113.424,-26.161],[113.445,-26.163],[113.448,-26.213],[113.499,-26.336],[113.488,-26.357],[113.507,-26.364],[113.502,-26.4],[113.496,-26.378],[113.485,-26.384],[113.502,-26.42],[113.485,-26.431],[113.477,-26.477],[113.487,-26.485],[113.503,-26.469],[113.506,-26.409],[113.528,-26.362],[113.516,-26.322],[113.494,-26.31],[113.514,-26.302],[113.512,-26.277],[113.537,-26.28],[113.567,-26.433],[113.552,-26.469],[113.577,-26.505],[113.558,-26.574],[113.598,-26.614],[113.607,-26.606],[113.588,-26.586],[113.593,-26.512],[113.61,-26.515],[113.614,-26.489],[113.622,-26.539],[113.631,-26.464],[113.626,-26.571],[113.642,-26.619],[113.664,-26.596],[113.664,-26.674],[113.681,-26.658],[113.705,-26.662],[113.689,-26.649],[113.7,-26.639],[113.686,-26.638],[113.687,-26.602],[113.738,-26.618],[113.769,-26.587],[113.808,-26.611],[113.812,-26.576],[113.883,-26.508],[113.887,-26.45],[113.87,-26.391],[113.885,-26.371],[113.881,-26.335],[113.798,-26.252],[113.688,-26.218],[113.687,-26.186],[113.621,-26.101],[113.58,-26.097],[113.559,-25.946],[113.518,-25.92],[113.525,-25.884],[113.513,-25.852],[113.461,-25.809],[113.479,-25.783],[113.461,-25.734],[113.473,-25.731],[113.459,-25.716],[113.472,-25.709],[113.445,-25.709],[113.457,-25.713],[113.45,-25.756],[113.464,-25.751],[113.454,-25.765],[113.469,-25.785],[113.414,-25.725],[113.432,-25.626],[113.511,-25.503],[113.525,-25.608],[113.559,-25.635],[113.581,-25.621],[113.607,-25.714],[113.692,-25.789],[113.722,-25.793],[113.722,-25.868],[113.762,-25.879],[113.732,-25.95],[113.734,-26.014],[113.7,-26.045],[113.701,-26.132],[113.728,-26.187],[113.703,-26.2],[113.742,-26.207],[113.754,-26.185],[113.762,-26.212],[113.78,-26.213],[113.83,-26.154],[113.835,-26.116],[113.846,-26.114],[113.838,-26.139],[113.884,-26.06],[113.865,-25.956],[113.877,-25.945],[113.906,-25.96],[113.914,-25.982],[113.894,-26.035],[113.908,-26.054],[113.911,-26.122],[113.948,-26.143],[113.934,-26.204],[113.96,-26.244],[113.95,-26.268],[113.975,-26.347],[114.054,-26.419],[114.082,-26.468],[114.166,-26.39],[114.21,-26.372],[114.239,-26.288],[114.204,-26.245],[114.188,-26.18],[114.224,-26.119],[114.225,-26.165],[114.255,-26.145],[114.236,-26.118],[114.239,-26.073],[114.195,-25.984],[114.218,-25.969],[114.224,-25.987],[114.265,-25.982],[114.247,-25.936],[114.267,-25.888],[114.205,-25.853],[114.134,-25.778],[114.146,-25.78],[114.119,-25.755],[114.12,-25.728],[114.035,-25.663],[114.004,-25.619],[114.015,-25.62],[114,-25.602],[114.015,-25.616],[113.99,-25.59],[113.992,-25.565],[113.934,-25.475],[113.948,-25.477],[113.944,-25.459],[113.902,-25.41],[113.914,-25.401],[113.891,-25.373],[113.891,-25.337],[113.843,-25.265],[113.817,-25.174],[113.712,-25.103],[113.664,-25],[114.246,-25],[114.303,-25.102]]]]},"properties":{"region":"C","area":"Mid west"}},{"type":"Feature","geometry":{"type":"Polygon","coordinates":[[[121.312,-20.471],[120.968,-20.614],[120.518,-20.756],[119.845,-20.906],[119.463,-20.966],[119.042,-21.144],[118.55,-21.267],[118.18,-21.465],[117.921,-21.557],[117.65,-21.622],[117.478,-21.646],[117.319,-21.647],[116.94,-21.614],[116.809,-21.65],[116.668,-21.724],[116.029,-22.251],[115.862,-22.34],[115.548,-22.458],[115.424,-22.533],[115.369,-22.603],[115.239,-22.845],[115.146,-22.982],[114.804,-23.314],[114.767,-23.394],[114.659,-23.774],[114.484,-24.113],[114.453,-24.234],[114.476,-24.343],[114.574,-24.584],[114.8,-25],[114.246,-25],[114.15,-24.827],[113.937,-24.353],[113.922,-24.218],[113.948,-24.086],[114.206,-23.6],[114.254,-23.412],[114.293,-23.09],[114.33,-22.985],[114.384,-22.939],[114.615,-22.828],[114.733,-22.731],[114.83,-22.592],[114.982,-22.279],[115.045,-22.199],[115.127,-22.135],[115.732,-21.888],[116.393,-21.347],[116.55,-21.256],[116.786,-21.166],[116.908,-21.144],[117.028,-21.144],[117.294,-21.188],[117.435,-21.192],[117.767,-21.128],[118,-21.041],[118.334,-20.84],[118.891,-20.713],[119.032,-20.65],[119.298,-20.494],[119.733,-20.464],[120.387,-20.322],[120.854,-20.171],[121.23,-20],[121.985,-20],[121.7,-20.246],[121.517,-20.365],[121.312,-20.471]]]},"properties":{"region":"C","area":"Pilbara"}},{"type":"Feature","geometry":{"type":"MultiPolygon","coordinates":[[[[96.842,-12.204],[96.842,-12.204],[96.842,-12.203],[96.842,-12.204]]],[[[96.842,-12.203],[96.842,-12.203],[96.842,-12.203],[96.842,-12.203]]],[[[96.843,-12.203],[96.842,-12.203],[96.842,-12.203],[96.843,-12.203]]],[[[96.894,-12.201],[96.894,-12.202],[96.894,-12.201],[96.894,-12.201]]],[[[96.88,-12.202],[96.879,-12.202],[96.879,-12.2],[96.88,-12.202]]],[[[96.884,-12.2],[96.883,-12.2],[96.884,-12.199],[96.884,-12.2]]],[[[96.902,-12.2],[96.902,-12.199],[96.902,-12.199],[96.902,-12.2]]],[[[96.866,-12.199],[96.867,-12.201],[96.865,-12.199],[96.866,-12.199]]],[[[96.914,-12.198],[96.914,-12.199],[96.914,-12.198],[96.914,-12.198]]],[[[96.888,-12.198],[96.888,-12.198],[96.888,-12.198],[96.888,-12.198]]],[[[96.91,-12.197],[96.91,-12.197],[96.909,-12.198],[96.91,-12.197]]],[[[96.913,-12.197],[96.913,-12.197],[96.913,-12.198],[96.913,-12.197]]],[[[96.91,-12.197],[96.91,-12.197],[96.91,-12.197],[96.91,-12.197]]],[[[96.911,-12.197],[96.911,-12.197],[96.911,-12.197],[96.911,-12.197]]],[[[96.879,-12.197],[96.88,-12.198],[96.878,-12.198],[96.879,-12.197]]],[[[96.903,-12.196],[96.902,-12.198],[96.902,-12.198],[96.903,-12.196]]],[[[96.888,-12.196],[96.888,-12.196],[96.888,-12.196],[96.888,-12.196]]],[[[96.906,-12.196],[96.905,-12.195],[96.906,-12.195],[96.906,-12.196]]],[[[96.849,-12.195],[96.855,-12.195],[96.845,-12.196],[96.849,-12.195]]],[[[96.887,-12.195],[96.887,-12.195],[96.887,-12.195],[96.887,-12.195]]],[[[96.921,-12.19],[96.92,-12.191],[96.92,-12.187],[96.921,-12.19]]],[[[96.92,-12.186],[96.92,-12.187],[96.919,-12.185],[96.92,-12.186]]],[[[96.919,-12.185],[96.918,-12.185],[96.918,-12.185],[96.919,-12.185]]],[[[96.921,-12.185],[96.921,-12.186],[96.92,-12.185],[96.921,-12.185]]],[[[96.921,-12.184],[96.923,-12.182],[96.922,-12.183],[96.921,-12.184]]],[[[96.83,-12.176],[96.83,-12.176],[96.831,-12.176],[96.83,-12.176]]],[[[96.828,-12.176],[96.828,-12.176],[96.828,-12.176],[96.828,-12.176]]],[[[96.832,-12.175],[96.831,-12.176],[96.831,-12.176],[96.832,-12.175]]],[[[96.828,-12.174],[96.828,-12.175],[96.828,-12.175],[96.828,-12.174]]],[[[96.822,-12.176],[96.821,-12.176],[96.823,-12.174],[96.822,-12.176]]],[[[96.823,-12.174],[96.823,-12.173],[96.823,-12.172],[96.823,-12.174]]],[[[96.824,-12.172],[96.824,-12.172],[96.824,-12.171],[96.824,-12.172]]],[[[96.825,-12.17],[96.824,-12.17],[96.824,-12.17],[96.825,-12.17]]],[[[96.824,-12.172],[96.823,-12.17],[96.824,-12.169],[96.824,-12.172]]],[[[96.916,-12.166],[96.917,-12.166],[96.917,-12.166],[96.916,-12.166]]],[[[96.916,-12.165],[96.915,-12.165],[96.915,-12.164],[96.916,-12.165]]],[[[96.916,-12.164],[96.915,-12.164],[96.915,-12.163],[96.916,-12.164]]],[[[96.915,-12.162],[96.915,-12.162],[96.915,-12.162],[96.915,-12.162]]],[[[96.921,-12.16],[96.922,-12.197],[96.894,-12.209],[96.887,-12.195],[96.895,-12.206],[96.92,-12.196],[96.921,-12.16]]],[[[96.919,-12.157],[96.92,-12.159],[96.916,-12.158],[96.919,-12.157]]],[[[96.917,-12.155],[96.916,-12.156],[96.914,-12.155],[96.917,-12.155]]],[[[96.915,-12.152],[96.92,-12.154],[96.917,-12.154],[96.915,-12.152]]],[[[96.917,-12.145],[96.921,-12.15],[96.915,-12.149],[96.917,-12.145]]],[[[96.91,-12.136],[96.91,-12.136],[96.91,-12.136],[96.91,-12.136]]],[[[96.913,-12.136],[96.918,-12.144],[96.913,-12.141],[96.913,-12.136]]],[[[96.824,-12.137],[96.833,-12.167],[96.826,-12.158],[96.821,-12.181],[96.842,-12.204],[96.862,-12.202],[96.844,-12.206],[96.82,-12.183],[96.824,-12.137]]],[[[96.912,-12.133],[96.91,-12.135],[96.908,-12.134],[96.912,-12.133]]],[[[96.91,-12.13],[96.91,-12.131],[96.909,-12.132],[96.91,-12.13]]],[[[96.91,-12.13],[96.908,-12.13],[96.909,-12.129],[96.91,-12.13]]],[[[96.907,-12.126],[96.909,-12.129],[96.906,-12.127],[96.907,-12.126]]],[[[96.907,-12.125],[96.907,-12.125],[96.907,-12.125],[96.907,-12.125]]],[[[96.89,-12.109],[96.906,-12.123],[96.894,-12.121],[96.89,-12.109]]],[[[96.887,-12.104],[96.887,-12.104],[96.887,-12.104],[96.887,-12.104]]],[[[96.881,-12.087],[96.887,-12.094],[96.877,-12.091],[96.881,-12.087]]],[[[96.84,-12.072],[96.845,-12.082],[96.832,-12.076],[96.84,-12.072]]],[[[96.821,-11.833],[96.827,-11.83],[96.819,-11.823],[96.821,-11.833]]],[[[96.829,-11.825],[96.828,-11.827],[96.824,-11.823],[96.829,-11.825]]]]},"properties":{"region":"C","area":"Cocos Island"}},{"type":"Feature","geometry":{"type":"MultiPolygon","coordinates":[[[[113.12,-25],[113.118,-25],[113.118,-24.992],[113.12,-25]]],[[[113.653,-24.887],[113.644,-24.891],[113.641,-24.885],[113.653,-24.887]]],[[[113.643,-24.877],[113.638,-24.902],[113.62,-24.872],[113.643,-24.877]]],[[[113.629,-24.864],[113.616,-24.868],[113.618,-24.864],[113.629,-24.864]]],[[[113.621,-24.863],[113.619,-24.863],[113.618,-24.861],[113.621,-24.863]]],[[[113.169,-24.799],[113.167,-24.798],[113.168,-24.797],[113.169,-24.799]]],[[[113.16,-24.755],[113.165,-24.804],[113.138,-24.871],[113.15,-24.935],[113.119,-24.987],[113.128,-24.844],[113.16,-24.755]]],[[[113.161,-24.75],[113.16,-24.751],[113.16,-24.749],[113.161,-24.75]]],[[[113.408,-24.49],[113.408,-24.489],[113.409,-24.488],[113.408,-24.49]]],[[[114.357,-22.488],[114.357,-22.488],[114.356,-22.488],[114.357,-22.488]]],[[[114.34,-22.488],[114.339,-22.487],[114.34,-22.486],[114.34,-22.488]]],[[[114.401,-22.465],[114.398,-22.464],[114.399,-22.464],[114.401,-22.465]]],[[[114.133,-22.46],[114.131,-22.46],[114.133,-22.456],[114.133,-22.46]]],[[[114.17,-22.447],[114.167,-22.474],[114.148,-22.489],[114.17,-22.447]]],[[[114.151,-22.444],[114.15,-22.443],[114.151,-22.442],[114.151,-22.444]]],[[[114.38,-22.439],[114.379,-22.438],[114.38,-22.437],[114.38,-22.439]]],[[[114.14,-22.444],[114.136,-22.447],[114.142,-22.437],[114.14,-22.444]]],[[[114.377,-22.438],[114.375,-22.437],[114.376,-22.436],[114.377,-22.438]]],[[[114.305,-22.43],[114.304,-22.43],[114.304,-22.428],[114.305,-22.43]]],[[[114.187,-22.424],[114.182,-22.424],[114.182,-22.411],[114.187,-22.424]]],[[[114.39,-22.401],[114.39,-22.401],[114.39,-22.401],[114.39,-22.401]]],[[[114.184,-22.401],[114.183,-22.401],[114.183,-22.399],[114.184,-22.401]]],[[[114.384,-22.399],[114.377,-22.399],[114.382,-22.395],[114.384,-22.399]]],[[[114.381,-22.394],[114.38,-22.393],[114.381,-22.393],[114.381,-22.394]]],[[[114.199,-22.354],[114.198,-22.353],[114.203,-22.349],[114.199,-22.354]]],[[[114.459,-22.325],[114.458,-22.324],[114.458,-22.322],[114.459,-22.325]]],[[[114.418,-22.315],[114.414,-22.314],[114.416,-22.312],[114.418,-22.315]]],[[[114.448,-22.298],[114.442,-22.294],[114.45,-22.295],[114.448,-22.298]]],[[[114.454,-22.294],[114.453,-22.294],[114.455,-22.293],[114.454,-22.294]]],[[[114.433,-22.294],[114.429,-22.292],[114.43,-22.287],[114.433,-22.294]]],[[[114.463,-22.246],[114.453,-22.245],[114.451,-22.238],[114.463,-22.246]]],[[[114.433,-22.221],[114.432,-22.221],[114.432,-22.221],[114.433,-22.221]]],[[[114.429,-22.219],[114.428,-22.219],[114.428,-22.218],[114.429,-22.219]]],[[[114.49,-22.215],[114.489,-22.215],[114.49,-22.215],[114.49,-22.215]]],[[[114.49,-22.214],[114.489,-22.214],[114.489,-22.214],[114.49,-22.214]]],[[[114.492,-22.212],[114.491,-22.212],[114.492,-22.212],[114.492,-22.212]]],[[[114.461,-22.21],[114.46,-22.21],[114.46,-22.209],[114.461,-22.21]]],[[[114.379,-22.194],[114.381,-22.195],[114.379,-22.196],[114.379,-22.194]]],[[[114.471,-22.183],[114.471,-22.181],[114.472,-22.183],[114.471,-22.183]]],[[[114.506,-22.151],[114.505,-22.151],[114.505,-22.15],[114.506,-22.151]]],[[[114.499,-22.159],[114.494,-22.153],[114.495,-22.149],[114.499,-22.159]]],[[[114.49,-22.153],[114.483,-22.148],[114.49,-22.146],[114.49,-22.153]]],[[[114.488,-22.133],[114.485,-22.127],[114.491,-22.118],[114.488,-22.133]]],[[[114.516,-22.119],[114.514,-22.117],[114.515,-22.116],[114.516,-22.119]]],[[[114.513,-22.106],[114.506,-22.105],[114.515,-22.093],[114.513,-22.106]]],[[[114.547,-22.062],[114.546,-22.061],[114.546,-22.06],[114.547,-22.062]]],[[[114.548,-22.059],[114.54,-22.059],[114.545,-22.048],[114.548,-22.059]]],[[[114.553,-22.001],[114.55,-21.998],[114.552,-21.995],[114.553,-22.001]]],[[[114.52,-21.998],[114.541,-22.007],[114.535,-22.062],[114.501,-22.012],[114.52,-21.998]]],[[[114.574,-22.001],[114.57,-21.983],[114.582,-21.991],[114.574,-22.001]]],[[[114.49,-21.962],[114.489,-21.961],[114.493,-21.959],[114.49,-21.962]]],[[[114.521,-21.958],[114.521,-21.956],[114.523,-21.956],[114.521,-21.958]]],[[[114.419,-21.95],[114.425,-21.951],[114.421,-21.956],[114.419,-21.95]]],[[[114.524,-21.929],[114.522,-21.928],[114.523,-21.928],[114.524,-21.929]]],[[[114.432,-21.925],[114.431,-21.92],[114.434,-21.921],[114.432,-21.925]]],[[[114.561,-21.884],[114.564,-21.889],[114.557,-21.885],[114.561,-21.884]]],[[[114.548,-21.873],[114.55,-21.874],[114.548,-21.874],[114.548,-21.873]]],[[[114.602,-21.873],[114.601,-21.873],[114.6,-21.872],[114.602,-21.873]]],[[[114.553,-21.809],[114.549,-21.804],[114.555,-21.807],[114.553,-21.809]]],[[[114.559,-21.804],[114.558,-21.804],[114.559,-21.804],[114.559,-21.804]]],[[[114.543,-21.742],[114.54,-21.739],[114.544,-21.739],[114.543,-21.742]]],[[[114.767,-21.719],[114.765,-21.714],[114.77,-21.713],[114.767,-21.719]]],[[[114.42,-21.705],[114.419,-21.702],[114.422,-21.703],[114.42,-21.705]]],[[[114.991,-21.679],[114.991,-21.679],[114.989,-21.676],[114.991,-21.679]]],[[[114.986,-21.677],[114.981,-21.673],[114.986,-21.674],[114.986,-21.677]]],[[[114.308,-21.711],[114.318,-21.686],[114.35,-21.66],[114.308,-21.711]]],[[[114.655,-21.646],[114.653,-21.646],[114.655,-21.645],[114.655,-21.646]]],[[[114.392,-21.626],[114.358,-21.651],[114.375,-21.628],[114.392,-21.626]]],[[[114.719,-21.611],[114.721,-21.613],[114.718,-21.612],[114.719,-21.611]]],[[[114.623,-21.606],[114.619,-21.6],[114.625,-21.604],[114.623,-21.606]]],[[[114.511,-21.603],[114.509,-21.602],[114.508,-21.599],[114.511,-21.603]]],[[[114.697,-21.626],[114.682,-21.631],[114.664,-21.592],[114.697,-21.626]]],[[[114.937,-21.595],[114.933,-21.593],[114.936,-21.589],[114.937,-21.595]]],[[[114.862,-21.582],[114.86,-21.579],[114.862,-21.58],[114.862,-21.582]]],[[[115.245,-21.565],[115.213,-21.601],[115.229,-21.569],[115.245,-21.565]]],[[[114.709,-21.564],[114.708,-21.565],[114.707,-21.564],[114.709,-21.564]]],[[[114.776,-21.55],[114.775,-21.551],[114.774,-21.55],[114.776,-21.55]]],[[[115.391,-21.553],[115.388,-21.55],[115.392,-21.552],[115.391,-21.553]]],[[[115.444,-21.54],[115.443,-21.541],[115.444,-21.54],[115.444,-21.54]]],[[[115.133,-21.536],[115.128,-21.533],[115.133,-21.532],[115.133,-21.536]]],[[[114.766,-21.526],[114.758,-21.528],[114.764,-21.521],[114.766,-21.526]]],[[[115.205,-21.522],[115.202,-21.521],[115.204,-21.52],[115.205,-21.522]]],[[[115.352,-21.516],[115.351,-21.515],[115.352,-21.515],[115.352,-21.516]]],[[[115.35,-21.51],[115.349,-21.509],[115.35,-21.509],[115.35,-21.51]]],[[[115.219,-21.511],[115.216,-21.509],[115.218,-21.509],[115.219,-21.511]]],[[[115.478,-21.511],[115.496,-21.511],[115.492,-21.535],[115.478,-21.511]]],[[[115.36,-21.505],[115.359,-21.505],[115.36,-21.504],[115.36,-21.505]]],[[[115.353,-21.512],[115.356,-21.504],[115.358,-21.507],[115.353,-21.512]]],[[[115.428,-21.505],[115.412,-21.514],[115.414,-21.507],[115.428,-21.505]]],[[[115.46,-21.504],[115.437,-21.528],[115.42,-21.52],[115.441,-21.5],[115.465,-21.493],[115.46,-21.504]]],[[[115.504,-21.48],[115.502,-21.48],[115.504,-21.479],[115.504,-21.48]]],[[[115.357,-21.487],[115.351,-21.483],[115.356,-21.468],[115.357,-21.487]]],[[[115.504,-21.469],[115.503,-21.469],[115.503,-21.468],[115.504,-21.469]]],[[[115.511,-21.455],[115.51,-21.454],[115.513,-21.453],[115.511,-21.455]]],[[[115.022,-21.461],[114.972,-21.459],[115.004,-21.451],[115.022,-21.461]]],[[[115.376,-21.451],[115.363,-21.463],[115.375,-21.444],[115.376,-21.451]]],[[[115.379,-21.445],[115.378,-21.445],[115.378,-21.443],[115.379,-21.445]]],[[[115.514,-21.444],[115.514,-21.441],[115.518,-21.435],[115.514,-21.444]]],[[[115.414,-21.434],[115.414,-21.434],[115.414,-21.433],[115.414,-21.434]]],[[[114.976,-21.429],[114.975,-21.429],[114.975,-21.428],[114.976,-21.429]]],[[[115.522,-21.428],[115.519,-21.427],[115.521,-21.426],[115.522,-21.428]]],[[[114.976,-21.422],[114.975,-21.422],[114.976,-21.422],[114.976,-21.422]]],[[[115.436,-21.42],[115.435,-21.419],[115.44,-21.418],[115.436,-21.42]]],[[[115.484,-21.418],[115.484,-21.417],[115.485,-21.418],[115.484,-21.418]]],[[[115.432,-21.418],[115.431,-21.418],[115.433,-21.417],[115.432,-21.418]]],[[[115.432,-21.414],[115.431,-21.412],[115.432,-21.413],[115.432,-21.414]]],[[[115.405,-21.41],[115.406,-21.408],[115.412,-21.408],[115.405,-21.41]]],[[[115.543,-21.394],[115.545,-21.381],[115.547,-21.387],[115.543,-21.394]]],[[[115.432,-21.373],[115.431,-21.373],[115.432,-21.372],[115.432,-21.373]]],[[[115.441,-21.362],[115.44,-21.362],[115.441,-21.361],[115.441,-21.362]]],[[[115.443,-21.358],[115.441,-21.358],[115.441,-21.356],[115.443,-21.358]]],[[[115.435,-21.327],[115.434,-21.327],[115.435,-21.327],[115.435,-21.327]]],[[[115.172,-21.324],[115.165,-21.325],[115.163,-21.322],[115.172,-21.324]]],[[[115.446,-21.313],[115.451,-21.307],[115.45,-21.311],[115.446,-21.313]]],[[[115.662,-21.309],[115.66,-21.308],[115.662,-21.306],[115.662,-21.309]]],[[[115.573,-21.293],[115.572,-21.293],[115.573,-21.293],[115.573,-21.293]]],[[[115.506,-21.298],[115.5,-21.296],[115.501,-21.293],[115.506,-21.298]]],[[[115.599,-21.275],[115.598,-21.275],[115.598,-21.273],[115.599,-21.275]]],[[[115.03,-21.266],[115.028,-21.264],[115.03,-21.264],[115.03,-21.266]]],[[[115.738,-21.263],[115.737,-21.266],[115.733,-21.266],[115.738,-21.263]]],[[[115.786,-21.264],[115.785,-21.264],[115.785,-21.262],[115.786,-21.264]]],[[[115.024,-21.266],[115.023,-21.262],[115.026,-21.265],[115.024,-21.266]]],[[[115.464,-21.264],[115.461,-21.262],[115.464,-21.261],[115.464,-21.264]]],[[[115.739,-21.26],[115.738,-21.26],[115.738,-21.26],[115.739,-21.26]]],[[[115.757,-21.23],[115.753,-21.23],[115.756,-21.228],[115.757,-21.23]]],[[[115.781,-21.231],[115.778,-21.23],[115.78,-21.228],[115.781,-21.231]]],[[[115.8,-21.191],[115.797,-21.19],[115.799,-21.189],[115.8,-21.191]]],[[[115.638,-21.202],[115.636,-21.2],[115.646,-21.188],[115.638,-21.202]]],[[[115.66,-21.16],[115.66,-21.163],[115.659,-21.161],[115.66,-21.16]]],[[[115.733,-21.144],[115.729,-21.142],[115.731,-21.142],[115.733,-21.144]]],[[[115.837,-21.135],[115.835,-21.134],[115.835,-21.133],[115.837,-21.135]]],[[[115.789,-21.107],[115.785,-21.106],[115.786,-21.104],[115.789,-21.107]]],[[[115.654,-21.105],[115.651,-21.104],[115.653,-21.1],[115.654,-21.105]]],[[[115.924,-21.086],[115.923,-21.085],[115.924,-21.084],[115.924,-21.086]]],[[[115.828,-21.078],[115.829,-21.082],[115.822,-21.081],[115.828,-21.078]]],[[[115.843,-21.049],[115.845,-21.051],[115.838,-21.048],[115.843,-21.049]]],[[[115.855,-21.021],[115.848,-21.016],[115.851,-21.009],[115.855,-21.021]]],[[[115.866,-20.979],[115.859,-20.978],[115.865,-20.974],[115.866,-20.979]]],[[[115.987,-20.966],[115.982,-20.963],[115.986,-20.962],[115.987,-20.966]]],[[[115.34,-20.96],[115.341,-20.96],[115.34,-20.962],[115.34,-20.96]]],[[[115.335,-20.97],[115.326,-20.974],[115.316,-20.947],[115.335,-20.97]]],[[[116.177,-20.956],[116.173,-20.954],[116.175,-20.935],[116.177,-20.956]]],[[[115.901,-20.947],[115.882,-20.95],[115.891,-20.934],[115.901,-20.947]]],[[[116.156,-20.948],[116.147,-20.939],[116.151,-20.931],[116.156,-20.948]]],[[[116.039,-20.912],[116.034,-20.905],[116.038,-20.904],[116.039,-20.912]]],[[[115.323,-20.895],[115.336,-20.907],[115.318,-20.938],[115.323,-20.895]]],[[[115.942,-20.881],[115.94,-20.877],[115.942,-20.879],[115.942,-20.881]]],[[[116.244,-20.872],[116.242,-20.872],[116.245,-20.871],[116.244,-20.872]]],[[[116.248,-20.868],[116.247,-20.867],[116.248,-20.867],[116.248,-20.868]]],[[[116.286,-20.858],[116.289,-20.858],[116.284,-20.861],[116.286,-20.858]]],[[[116.196,-20.828],[116.193,-20.825],[116.195,-20.824],[116.196,-20.828]]],[[[116.069,-20.822],[116.069,-20.824],[116.061,-20.818],[116.069,-20.822]]],[[[116.245,-20.802],[116.247,-20.819],[116.241,-20.806],[116.245,-20.802]]],[[[116.314,-20.778],[116.309,-20.779],[116.307,-20.771],[116.314,-20.778]]],[[[117.455,-20.754],[117.453,-20.753],[117.455,-20.753],[117.455,-20.754]]],[[[117.449,-20.751],[117.448,-20.751],[117.448,-20.75],[117.449,-20.751]]],[[[117.446,-20.748],[117.446,-20.748],[117.446,-20.746],[117.446,-20.748]]],[[[116.569,-20.713],[116.567,-20.712],[116.569,-20.711],[116.569,-20.713]]],[[[117.246,-20.712],[117.243,-20.71],[117.245,-20.709],[117.246,-20.712]]],[[[116.577,-20.692],[116.574,-20.691],[116.576,-20.691],[116.577,-20.692]]],[[[115.576,-20.685],[115.574,-20.685],[115.574,-20.684],[115.576,-20.685]]],[[[115.575,-20.683],[115.574,-20.683],[115.574,-20.682],[115.575,-20.683]]],[[[115.575,-20.682],[115.574,-20.681],[115.575,-20.681],[115.575,-20.682]]],[[[115.576,-20.681],[115.575,-20.68],[115.576,-20.68],[115.576,-20.681]]],[[[117.267,-20.681],[117.265,-20.684],[117.263,-20.682],[117.267,-20.681]]],[[[117.572,-20.679],[117.572,-20.681],[117.566,-20.681],[117.572,-20.679]]],[[[115.579,-20.676],[115.578,-20.676],[115.578,-20.675],[115.579,-20.676]]],[[[116.638,-20.675],[116.648,-20.685],[116.637,-20.7],[116.575,-20.732],[116.591,-20.717],[116.574,-20.708],[116.579,-20.692],[116.594,-20.685],[116.593,-20.706],[116.638,-20.675]]],[[[115.58,-20.675],[115.58,-20.675],[115.58,-20.675],[115.58,-20.675]]],[[[115.579,-20.674],[115.579,-20.675],[115.579,-20.674],[115.579,-20.674]]],[[[116.655,-20.673],[116.662,-20.676],[116.657,-20.68],[116.655,-20.673]]],[[[116.625,-20.667],[116.624,-20.667],[116.625,-20.666],[116.625,-20.667]]],[[[115.436,-20.666],[115.469,-20.68],[115.458,-20.692],[115.477,-20.734],[115.447,-20.829],[115.425,-20.837],[115.421,-20.864],[115.395,-20.886],[115.374,-20.895],[115.369,-20.873],[115.348,-20.865],[115.32,-20.875],[115.334,-20.876],[115.322,-20.892],[115.307,-20.86],[115.324,-20.804],[115.436,-20.666]]],[[[116.671,-20.666],[116.67,-20.67],[116.662,-20.669],[116.671,-20.666]]],[[[115.583,-20.666],[115.578,-20.672],[115.577,-20.668],[115.583,-20.666]]],[[[116.954,-20.663],[116.951,-20.663],[116.953,-20.662],[116.954,-20.663]]],[[[115.575,-20.66],[115.575,-20.659],[115.575,-20.659],[115.575,-20.66]]],[[[117.218,-20.661],[117.217,-20.656],[117.22,-20.66],[117.218,-20.661]]],[[[116.964,-20.655],[116.961,-20.662],[116.96,-20.657],[116.964,-20.655]]],[[[116.66,-20.654],[116.666,-20.655],[116.664,-20.657],[116.66,-20.654]]],[[[117.242,-20.655],[117.24,-20.654],[117.241,-20.654],[117.242,-20.655]]],[[[116.433,-20.655],[116.43,-20.654],[116.43,-20.652],[116.433,-20.655]]],[[[116.45,-20.654],[116.45,-20.667],[116.434,-20.655],[116.45,-20.654]]],[[[117.242,-20.652],[117.241,-20.652],[117.242,-20.651],[117.242,-20.652]]],[[[116.643,-20.651],[116.648,-20.654],[116.639,-20.652],[116.643,-20.651]]],[[[115.505,-20.647],[115.503,-20.647],[115.503,-20.647],[115.505,-20.647]]],[[[116.71,-20.645],[116.705,-20.653],[116.704,-20.652],[116.71,-20.645]]],[[[116.697,-20.645],[116.675,-20.66],[116.675,-20.651],[116.697,-20.645]]],[[[115.572,-20.647],[115.581,-20.651],[115.583,-20.661],[115.572,-20.647]]],[[[115.574,-20.641],[115.574,-20.641],[115.573,-20.641],[115.574,-20.641]]],[[[115.575,-20.64],[115.574,-20.64],[115.575,-20.639],[115.575,-20.64]]],[[[115.575,-20.638],[115.573,-20.638],[115.574,-20.638],[115.575,-20.638]]],[[[115.565,-20.639],[115.563,-20.639],[115.564,-20.637],[115.565,-20.639]]],[[[117.694,-20.638],[117.688,-20.639],[117.693,-20.636],[117.694,-20.638]]],[[[115.544,-20.636],[115.543,-20.635],[115.544,-20.635],[115.544,-20.636]]],[[[115.562,-20.636],[115.562,-20.634],[115.564,-20.634],[115.562,-20.636]]],[[[115.56,-20.635],[115.56,-20.643],[115.555,-20.637],[115.56,-20.635]]],[[[117.68,-20.633],[117.683,-20.637],[117.663,-20.643],[117.68,-20.633]]],[[[115.541,-20.634],[115.54,-20.634],[115.54,-20.632],[115.541,-20.634]]],[[[115.562,-20.633],[115.561,-20.633],[115.561,-20.632],[115.562,-20.633]]],[[[115.564,-20.633],[115.563,-20.633],[115.563,-20.632],[115.564,-20.633]]],[[[117.685,-20.635],[117.684,-20.633],[117.686,-20.632],[117.685,-20.635]]],[[[115.573,-20.635],[115.571,-20.634],[115.571,-20.632],[115.573,-20.635]]],[[[115.529,-20.631],[115.528,-20.631],[115.529,-20.63],[115.529,-20.631]]],[[[115.561,-20.631],[115.56,-20.631],[115.56,-20.631],[115.561,-20.631]]],[[[115.548,-20.631],[115.547,-20.631],[115.546,-20.63],[115.548,-20.631]]],[[[115.533,-20.631],[115.531,-20.631],[115.533,-20.63],[115.533,-20.631]]],[[[115.522,-20.633],[115.52,-20.63],[115.525,-20.63],[115.522,-20.633]]],[[[115.57,-20.631],[115.57,-20.63],[115.57,-20.629],[115.57,-20.631]]],[[[115.54,-20.63],[115.539,-20.63],[115.54,-20.629],[115.54,-20.63]]],[[[115.531,-20.63],[115.53,-20.629],[115.53,-20.629],[115.531,-20.63]]],[[[115.569,-20.628],[115.569,-20.629],[115.569,-20.629],[115.569,-20.628]]],[[[115.558,-20.628],[115.557,-20.628],[115.557,-20.627],[115.558,-20.628]]],[[[115.569,-20.627],[115.569,-20.628],[115.569,-20.627],[115.569,-20.627]]],[[[115.535,-20.628],[115.534,-20.628],[115.534,-20.627],[115.535,-20.628]]],[[[115.568,-20.627],[115.568,-20.625],[115.569,-20.626],[115.568,-20.627]]],[[[115.553,-20.619],[115.553,-20.619],[115.552,-20.619],[115.553,-20.619]]],[[[117.089,-20.617],[117.058,-20.639],[117.038,-20.636],[117.089,-20.617]]],[[[115.548,-20.611],[115.548,-20.612],[115.547,-20.611],[115.548,-20.611]]],[[[117.73,-20.617],[117.744,-20.627],[117.734,-20.654],[117.711,-20.641],[117.716,-20.608],[117.73,-20.617]]],[[[115.545,-20.606],[115.544,-20.606],[115.544,-20.606],[115.545,-20.606]]],[[[115.544,-20.605],[115.543,-20.604],[115.544,-20.604],[115.544,-20.605]]],[[[115.56,-20.601],[115.559,-20.601],[115.56,-20.601],[115.56,-20.601]]],[[[115.542,-20.6],[115.54,-20.6],[115.54,-20.597],[115.542,-20.6]]],[[[115.558,-20.592],[115.556,-20.592],[115.556,-20.591],[115.558,-20.592]]],[[[115.557,-20.588],[115.556,-20.588],[115.557,-20.588],[115.557,-20.588]]],[[[117.754,-20.591],[117.755,-20.589],[117.768,-20.585],[117.754,-20.591]]],[[[116.67,-20.596],[116.667,-20.628],[116.635,-20.632],[116.649,-20.598],[116.681,-20.583],[116.67,-20.596]]],[[[117.776,-20.583],[117.775,-20.59],[117.77,-20.584],[117.776,-20.583]]],[[[115.555,-20.582],[115.554,-20.582],[115.555,-20.582],[115.555,-20.582]]],[[[116.553,-20.572],[116.555,-20.585],[116.586,-20.576],[116.576,-20.595],[116.555,-20.59],[116.553,-20.621],[116.463,-20.61],[116.486,-20.585],[116.513,-20.583],[116.515,-20.598],[116.532,-20.599],[116.553,-20.572]]],[[[117.964,-20.548],[117.963,-20.549],[117.962,-20.548],[117.964,-20.548]]],[[[117.175,-20.559],[117.177,-20.547],[117.178,-20.555],[117.175,-20.559]]],[[[116.65,-20.551],[116.645,-20.558],[116.635,-20.554],[116.65,-20.551]]],[[[116.675,-20.55],[116.635,-20.608],[116.6,-20.612],[116.623,-20.574],[116.675,-20.55]]],[[[116.679,-20.543],[116.675,-20.543],[116.683,-20.537],[116.679,-20.543]]],[[[116.779,-20.54],[116.774,-20.543],[116.775,-20.54],[116.779,-20.54]]],[[[116.547,-20.535],[116.548,-20.541],[116.543,-20.538],[116.547,-20.535]]],[[[115.547,-20.523],[115.545,-20.529],[115.543,-20.524],[115.547,-20.523]]],[[[116.695,-20.519],[116.694,-20.521],[116.692,-20.52],[116.695,-20.519]]],[[[117.874,-20.516],[117.862,-20.532],[117.845,-20.539],[117.874,-20.516]]],[[[116.668,-20.517],[116.661,-20.526],[116.656,-20.517],[116.668,-20.517]]],[[[115.529,-20.519],[115.527,-20.517],[115.53,-20.515],[115.529,-20.519]]],[[[116.649,-20.517],[116.646,-20.514],[116.652,-20.511],[116.649,-20.517]]],[[[115.544,-20.517],[115.545,-20.509],[115.546,-20.516],[115.544,-20.517]]],[[[115.526,-20.515],[115.519,-20.509],[115.526,-20.515],[115.526,-20.515]]],[[[116.654,-20.509],[116.652,-20.505],[116.654,-20.503],[116.654,-20.509]]],[[[116.681,-20.508],[116.689,-20.518],[116.678,-20.524],[116.681,-20.508]]],[[[115.547,-20.497],[115.543,-20.492],[115.545,-20.492],[115.547,-20.497]]],[[[115.567,-20.486],[115.566,-20.487],[115.567,-20.486],[115.567,-20.486]]],[[[117.957,-20.487],[117.955,-20.487],[117.956,-20.485],[117.957,-20.487]]],[[[115.543,-20.483],[115.542,-20.481],[115.544,-20.48],[115.543,-20.483]]],[[[117.953,-20.477],[117.952,-20.477],[117.952,-20.477],[117.953,-20.477]]],[[[116.537,-20.48],[116.539,-20.476],[116.541,-20.478],[116.537,-20.48]]],[[[117.954,-20.476],[117.953,-20.477],[117.953,-20.476],[117.954,-20.476]]],[[[117.961,-20.475],[117.958,-20.475],[117.96,-20.474],[117.961,-20.475]]],[[[117.931,-20.475],[117.927,-20.473],[117.932,-20.471],[117.931,-20.475]]],[[[116.628,-20.471],[116.621,-20.472],[116.625,-20.468],[116.628,-20.471]]],[[[116.827,-20.466],[116.798,-20.519],[116.787,-20.514],[116.803,-20.475],[116.827,-20.466]]],[[[117.925,-20.474],[117.918,-20.476],[117.931,-20.464],[117.925,-20.474]]],[[[115.582,-20.46],[115.58,-20.458],[115.581,-20.456],[115.582,-20.46]]],[[[116.607,-20.457],[116.619,-20.474],[116.602,-20.493],[116.586,-20.501],[116.566,-20.486],[116.607,-20.457]]],[[[116.634,-20.458],[116.627,-20.46],[116.626,-20.453],[116.634,-20.458]]],[[[116.843,-20.459],[116.837,-20.458],[116.843,-20.451],[116.843,-20.459]]],[[[116.617,-20.445],[116.616,-20.442],[116.619,-20.443],[116.617,-20.445]]],[[[115.582,-20.439],[115.579,-20.441],[115.581,-20.438],[115.582,-20.439]]],[[[115.549,-20.441],[115.548,-20.447],[115.543,-20.44],[115.549,-20.441]]],[[[115.604,-20.435],[115.603,-20.432],[115.605,-20.433],[115.604,-20.435]]],[[[117.074,-20.43],[117.085,-20.447],[117.076,-20.466],[117.074,-20.43]]],[[[116.974,-20.445],[116.959,-20.43],[116.963,-20.427],[116.974,-20.445]]],[[[116.834,-20.434],[116.798,-20.473],[116.8,-20.45],[116.834,-20.434]]],[[[116.883,-20.437],[116.862,-20.461],[116.86,-20.491],[116.886,-20.481],[116.874,-20.511],[116.816,-20.517],[116.853,-20.446],[116.883,-20.424],[116.883,-20.437]]],[[[115.592,-20.427],[115.589,-20.422],[115.592,-20.421],[115.592,-20.427]]],[[[115.526,-20.426],[115.526,-20.416],[115.53,-20.423],[115.526,-20.426]]],[[[115.543,-20.421],[115.549,-20.433],[115.544,-20.437],[115.543,-20.421]]],[[[116.829,-20.414],[116.814,-20.442],[116.817,-20.416],[116.829,-20.414]]],[[[115.536,-20.426],[115.545,-20.461],[115.531,-20.48],[115.538,-20.449],[115.526,-20.447],[115.521,-20.483],[115.542,-20.474],[115.521,-20.506],[115.517,-20.441],[115.531,-20.441],[115.532,-20.414],[115.536,-20.426]]],[[[116.839,-20.417],[116.838,-20.413],[116.84,-20.416],[116.839,-20.417]]],[[[116.845,-20.408],[116.848,-20.41],[116.842,-20.415],[116.845,-20.408]]],[[[116.822,-20.412],[116.811,-20.415],[116.822,-20.406],[116.822,-20.412]]],[[[116.853,-20.409],[116.849,-20.407],[116.855,-20.403],[116.853,-20.409]]],[[[115.536,-20.401],[115.538,-20.407],[115.517,-20.416],[115.536,-20.401]]],[[[116.859,-20.402],[116.866,-20.409],[116.856,-20.404],[116.859,-20.402]]],[[[115.532,-20.389],[115.533,-20.393],[115.53,-20.393],[115.532,-20.389]]],[[[115.525,-20.389],[115.527,-20.401],[115.518,-20.401],[115.525,-20.389]]],[[[116.809,-20.389],[116.802,-20.384],[116.805,-20.385],[116.809,-20.389]]],[[[115.518,-20.385],[115.517,-20.386],[115.515,-20.385],[115.518,-20.385]]],[[[116.826,-20.396],[116.834,-20.383],[116.834,-20.389],[116.826,-20.396]]],[[[115.53,-20.38],[115.527,-20.388],[115.527,-20.383],[115.53,-20.38]]],[[[115.562,-20.383],[115.586,-20.403],[115.582,-20.421],[115.546,-20.381],[115.562,-20.383]]],[[[115.521,-20.377],[115.524,-20.379],[115.519,-20.382],[115.521,-20.377]]],[[[115.516,-20.37],[115.522,-20.37],[115.519,-20.376],[115.516,-20.37]]],[[[118.204,-20.367],[118.2,-20.362],[118.203,-20.363],[118.204,-20.367]]],[[[115.525,-20.36],[115.54,-20.372],[115.513,-20.365],[115.525,-20.36]]],[[[116.849,-20.364],[116.953,-20.42],[116.849,-20.379],[116.831,-20.36],[116.839,-20.351],[116.849,-20.364]]],[[[118.46,-20.322],[118.461,-20.318],[118.465,-20.318],[118.46,-20.322]]],[[[118.517,-20.309],[118.528,-20.312],[118.517,-20.321],[118.5,-20.319],[118.517,-20.309]]],[[[118.853,-20.225],[118.85,-20.223],[118.85,-20.222],[118.853,-20.225]]],[[[118.81,-20.018],[118.81,-20.021],[118.807,-20.019],[118.81,-20.018]]],[[[119.497,-20.012],[119.493,-20.014],[119.497,-20.011],[119.497,-20.012]]],[[[119.442,-20.01],[119.44,-20.008],[119.442,-20.007],[119.442,-20.01]]],[[[119.672,-20.004],[119.675,-20.005],[119.674,-20.008],[119.672,-20.004]]],[[[119.089,-19.983],[119.089,-19.981],[119.089,-19.981],[119.089,-19.983]]],[[[119.197,-19.952],[119.321,-19.99],[119.373,-19.992],[119.372,-20.008],[119.416,-19.995],[119.443,-20.017],[119.471,-20.006],[119.568,-20.081],[119.656,-20.047],[119.701,-19.995],[119.709,-20.021],[119.691,-20.041],[119.733,-20.013],[119.754,-20.022],[119.746,-20],[121.23,-20],[120.854,-20.171],[120.387,-20.322],[119.733,-20.464],[119.298,-20.494],[119.032,-20.65],[118.891,-20.713],[118.334,-20.84],[118,-21.041],[117.767,-21.128],[117.435,-21.192],[117.294,-21.188],[116.979,-21.142],[116.844,-21.152],[116.714,-21.188],[116.506,-21.278],[116.343,-21.382],[115.732,-21.888],[115.58,-21.96],[115.222,-22.088],[115.104,-22.15],[114.982,-22.279],[114.83,-22.592],[114.733,-22.731],[114.615,-22.828],[114.384,-22.939],[114.33,-22.985],[114.293,-23.09],[114.254,-23.412],[114.219,-23.561],[114.156,-23.71],[113.99,-23.988],[113.94,-24.113],[113.921,-24.26],[113.945,-24.378],[114.15,-24.827],[114.246,-25],[113.664,-25],[113.664,-24.959],[113.692,-24.929],[113.665,-24.896],[113.65,-24.907],[113.644,-24.878],[113.707,-24.851],[113.618,-24.859],[113.633,-24.797],[113.623,-24.746],[113.407,-24.484],[113.406,-24.303],[113.39,-24.224],[113.409,-24.223],[113.443,-24.182],[113.422,-24.043],[113.459,-24.014],[113.47,-23.899],[113.514,-23.847],[113.527,-23.783],[113.567,-23.752],[113.613,-23.631],[113.753,-23.528],[113.778,-23.478],[113.777,-23.379],[113.794,-23.296],[113.76,-23.121],[113.813,-23.083],[113.829,-23.031],[113.826,-22.956],[113.755,-22.756],[113.709,-22.715],[113.671,-22.717],[113.686,-22.664],[113.668,-22.629],[113.674,-22.597],[113.654,-22.579],[113.665,-22.55],[113.714,-22.518],[113.708,-22.497],[113.738,-22.471],[113.749,-22.408],[113.816,-22.316],[113.934,-21.973],[113.995,-21.875],[114.079,-21.816],[114.161,-21.786],[114.191,-21.815],[114.149,-21.867],[114.144,-21.958],[114.08,-22.154],[114.085,-22.191],[114.133,-22.262],[114.116,-22.331],[114.15,-22.301],[114.178,-22.305],[114.178,-22.353],[114.122,-22.416],[114.122,-22.473],[114.139,-22.498],[114.125,-22.512],[114.144,-22.507],[114.144,-22.538],[114.151,-22.517],[114.162,-22.534],[114.189,-22.521],[114.219,-22.497],[114.226,-22.457],[114.282,-22.434],[114.317,-22.441],[114.323,-22.504],[114.325,-22.48],[114.34,-22.516],[114.345,-22.49],[114.377,-22.498],[114.365,-22.49],[114.384,-22.491],[114.373,-22.483],[114.386,-22.485],[114.384,-22.465],[114.404,-22.469],[114.38,-22.441],[114.405,-22.439],[114.386,-22.427],[114.408,-22.429],[114.392,-22.422],[114.393,-22.391],[114.423,-22.396],[114.396,-22.383],[114.401,-22.36],[114.417,-22.364],[114.407,-22.351],[114.452,-22.363],[114.431,-22.352],[114.443,-22.343],[114.409,-22.331],[114.426,-22.32],[114.423,-22.301],[114.44,-22.304],[114.434,-22.295],[114.461,-22.329],[114.449,-22.3],[114.461,-22.293],[114.43,-22.275],[114.461,-22.272],[114.45,-22.26],[114.473,-22.264],[114.444,-22.242],[114.482,-22.251],[114.452,-22.235],[114.453,-22.208],[114.5,-22.22],[114.472,-22.19],[114.49,-22.186],[114.456,-22.16],[114.489,-22.158],[114.508,-22.183],[114.501,-22.15],[114.515,-22.157],[114.501,-22.13],[114.519,-22.123],[114.526,-22.142],[114.518,-22.106],[114.536,-22.079],[114.52,-22.083],[114.517,-22.066],[114.552,-22.066],[114.559,-22.02],[114.574,-22.044],[114.571,-22.002],[114.585,-21.997],[114.589,-22.019],[114.601,-21.988],[114.606,-22.007],[114.613,-21.962],[114.626,-21.974],[114.615,-21.948],[114.637,-21.945],[114.622,-21.936],[114.664,-21.911],[114.648,-21.92],[114.643,-21.909],[114.648,-21.845],[114.686,-21.833],[114.685,-21.868],[114.698,-21.843],[114.683,-21.829],[114.699,-21.814],[114.778,-21.791],[114.914,-21.688],[114.973,-21.67],[114.988,-21.674],[114.946,-21.691],[114.97,-21.689],[114.959,-21.684],[114.975,-21.672],[115.04,-21.692],[115.031,-21.685],[115.056,-21.686],[115.109,-21.632],[115.142,-21.659],[115.132,-21.645],[115.161,-21.626],[115.177,-21.637],[115.162,-21.625],[115.179,-21.611],[115.21,-21.628],[115.187,-21.612],[115.211,-21.598],[115.22,-21.616],[115.242,-21.577],[115.246,-21.596],[115.327,-21.58],[115.342,-21.596],[115.331,-21.576],[115.382,-21.548],[115.399,-21.556],[115.414,-21.535],[115.381,-21.543],[115.413,-21.525],[115.433,-21.529],[115.428,-21.545],[115.437,-21.53],[115.447,-21.544],[115.438,-21.53],[115.457,-21.508],[115.459,-21.528],[115.444,-21.533],[115.456,-21.548],[115.445,-21.533],[115.464,-21.547],[115.468,-21.515],[115.476,-21.547],[115.477,-21.53],[115.492,-21.546],[115.508,-21.54],[115.494,-21.519],[115.511,-21.51],[115.511,-21.525],[115.52,-21.509],[115.495,-21.501],[115.509,-21.493],[115.493,-21.486],[115.516,-21.483],[115.528,-21.465],[115.515,-21.481],[115.526,-21.459],[115.507,-21.475],[115.51,-21.458],[115.549,-21.435],[115.565,-21.457],[115.573,-21.428],[115.562,-21.436],[115.551,-21.413],[115.584,-21.385],[115.581,-21.402],[115.597,-21.411],[115.593,-21.392],[115.609,-21.382],[115.589,-21.38],[115.605,-21.361],[115.618,-21.377],[115.609,-21.356],[115.628,-21.363],[115.637,-21.346],[115.618,-21.346],[115.64,-21.327],[115.662,-21.342],[115.653,-21.316],[115.683,-21.319],[115.703,-21.279],[115.705,-21.3],[115.716,-21.277],[115.749,-21.289],[115.756,-21.254],[115.753,-21.284],[115.762,-21.272],[115.77,-21.285],[115.767,-21.254],[115.784,-21.257],[115.779,-21.289],[115.788,-21.266],[115.799,-21.27],[115.792,-21.246],[115.817,-21.266],[115.809,-21.249],[115.844,-21.253],[115.819,-21.247],[115.831,-21.225],[115.845,-21.228],[115.834,-21.206],[115.85,-21.192],[115.86,-21.204],[115.855,-21.176],[115.877,-21.164],[115.882,-21.121],[115.901,-21.126],[115.889,-21.113],[115.918,-21.079],[115.912,-21.102],[115.989,-21.04],[116.097,-21],[116.099,-21.052],[116.103,-21.001],[116.13,-20.997],[116.146,-21.013],[116.14,-20.992],[116.188,-20.968],[116.19,-20.901],[116.227,-20.883],[116.191,-20.888],[116.206,-20.833],[116.236,-20.86],[116.256,-20.858],[116.241,-20.877],[116.272,-20.869],[116.3,-20.889],[116.345,-20.839],[116.399,-20.822],[116.495,-20.851],[116.442,-20.824],[116.474,-20.831],[116.467,-20.815],[116.488,-20.815],[116.492,-20.799],[116.502,-20.808],[116.489,-20.797],[116.514,-20.779],[116.544,-20.791],[116.513,-20.772],[116.524,-20.758],[116.542,-20.778],[116.526,-20.753],[116.59,-20.74],[116.587,-20.752],[116.605,-20.754],[116.592,-20.734],[116.623,-20.715],[116.624,-20.734],[116.631,-20.711],[116.63,-20.751],[116.64,-20.753],[116.64,-20.726],[116.654,-20.732],[116.647,-20.746],[116.664,-20.741],[116.642,-20.722],[116.673,-20.728],[116.685,-20.75],[116.666,-20.728],[116.689,-20.706],[116.667,-20.722],[116.642,-20.705],[116.694,-20.681],[116.722,-20.638],[116.765,-20.633],[116.751,-20.632],[116.749,-20.615],[116.799,-20.575],[116.778,-20.575],[116.813,-20.55],[116.809,-20.529],[116.838,-20.523],[116.867,-20.526],[116.815,-20.589],[116.823,-20.596],[116.797,-20.628],[116.786,-20.685],[116.796,-20.667],[116.813,-20.698],[116.87,-20.722],[116.924,-20.712],[116.917,-20.741],[116.927,-20.72],[116.953,-20.724],[116.926,-20.713],[116.957,-20.701],[116.946,-20.698],[116.956,-20.683],[116.997,-20.675],[116.976,-20.67],[116.988,-20.659],[117.037,-20.648],[117.039,-20.668],[117.094,-20.624],[117.105,-20.655],[117.128,-20.654],[117.173,-20.592],[117.201,-20.631],[117.165,-20.629],[117.182,-20.64],[117.157,-20.657],[117.181,-20.645],[117.168,-20.682],[117.184,-20.673],[117.175,-20.664],[117.2,-20.667],[117.172,-20.701],[117.183,-20.692],[117.2,-20.706],[117.186,-20.698],[117.195,-20.68],[117.227,-20.707],[117.216,-20.725],[117.229,-20.706],[117.212,-20.698],[117.223,-20.695],[117.277,-20.724],[117.264,-20.728],[117.285,-20.72],[117.284,-20.735],[117.292,-20.724],[117.298,-20.738],[117.303,-20.727],[117.348,-20.736],[117.358,-20.743],[117.347,-20.759],[117.32,-20.759],[117.332,-20.771],[117.34,-20.758],[117.337,-20.774],[117.35,-20.763],[117.35,-20.779],[117.37,-20.734],[117.382,-20.784],[117.39,-20.761],[117.398,-20.771],[117.388,-20.753],[117.404,-20.76],[117.387,-20.745],[117.395,-20.731],[117.427,-20.731],[117.43,-20.758],[117.441,-20.745],[117.457,-20.757],[117.435,-20.74],[117.443,-20.731],[117.545,-20.708],[117.542,-20.736],[117.556,-20.731],[117.553,-20.704],[117.595,-20.704],[117.59,-20.68],[117.631,-20.664],[117.648,-20.662],[117.617,-20.687],[117.642,-20.678],[117.647,-20.702],[117.628,-20.709],[117.651,-20.704],[117.656,-20.715],[117.654,-20.689],[117.667,-20.672],[117.675,-20.699],[117.667,-20.679],[117.68,-20.667],[117.692,-20.693],[117.769,-20.666],[117.793,-20.679],[117.812,-20.673],[117.776,-20.668],[117.778,-20.657],[117.86,-20.611],[117.867,-20.582],[117.898,-20.585],[117.871,-20.572],[117.882,-20.552],[117.903,-20.554],[117.912,-20.577],[117.93,-20.571],[117.915,-20.563],[117.92,-20.544],[117.941,-20.547],[117.942,-20.567],[117.945,-20.546],[117.96,-20.562],[117.959,-20.549],[117.975,-20.55],[117.964,-20.547],[117.971,-20.525],[117.96,-20.547],[117.943,-20.537],[117.962,-20.507],[117.932,-20.527],[117.941,-20.48],[117.965,-20.491],[117.953,-20.479],[118.018,-20.459],[118.05,-20.422],[118.11,-20.401],[118.182,-20.336],[118.197,-20.338],[118.2,-20.36],[118.185,-20.346],[118.172,-20.359],[118.184,-20.347],[118.2,-20.369],[118.18,-20.358],[118.198,-20.369],[118.17,-20.369],[118.165,-20.383],[118.205,-20.376],[118.196,-20.404],[118.215,-20.371],[118.257,-20.378],[118.257,-20.359],[118.281,-20.353],[118.284,-20.367],[118.298,-20.352],[118.318,-20.365],[118.289,-20.349],[118.346,-20.33],[118.344,-20.36],[118.364,-20.374],[118.369,-20.351],[118.379,-20.37],[118.379,-20.351],[118.401,-20.349],[118.404,-20.364],[118.417,-20.34],[118.45,-20.347],[118.456,-20.335],[118.489,-20.351],[118.488,-20.326],[118.511,-20.331],[118.506,-20.349],[118.518,-20.331],[118.506,-20.328],[118.537,-20.312],[118.543,-20.338],[118.54,-20.322],[118.557,-20.314],[118.526,-20.305],[118.562,-20.294],[118.57,-20.32],[118.558,-20.317],[118.552,-20.346],[118.574,-20.328],[118.579,-20.358],[118.58,-20.337],[118.596,-20.354],[118.613,-20.348],[118.587,-20.335],[118.63,-20.334],[118.573,-20.316],[118.598,-20.287],[118.598,-20.308],[118.64,-20.298],[118.667,-20.325],[118.655,-20.331],[118.674,-20.332],[118.666,-20.343],[118.69,-20.316],[118.768,-20.282],[118.821,-20.288],[118.823,-20.276],[118.855,-20.291],[118.86,-20.282],[118.849,-20.289],[118.828,-20.273],[118.847,-20.262],[118.83,-20.259],[118.842,-20.231],[118.851,-20.225],[118.883,-20.261],[118.864,-20.214],[118.899,-20.166],[118.959,-20.127],[118.994,-20.036],[119.068,-20.015],[119.1,-19.959],[119.147,-19.979],[119.161,-20.012],[119.209,-20.023],[119.169,-19.994],[119.173,-19.961],[119.197,-19.952]]]]},"properties":{"region":"D","area":"Pilbara"}}]}