Reading,Receive,Value,Unit,Data Quality,Raw Value
2026-08-07 15:38:13,2026-08-07 15:38:13,301.0,mm,DD,301
2026-08-07 15:38:13,2026-08-07 15:38:13,301.0,mm,DD,301
2026-08-07 15:38:07,2026-08-07 15:38:07,301.0,mm,DD,301
2026-08-07 15:38:07,2026-08-07 15:38:07,301.0,mm,DD,301
2026-08-07 15:38:07,2026-08-07 15:38:07,301.0,mm,DD,301
2026-08-07 15:38:07,2026-08-07 15:38:07,301.0,mm,DD,301
2026-08-07 15:38:07,2026-08-07 15:38:07,301.0,mm,DD,301
2026-08-07 15:38:07,2026-08-07 15:38:07,301.0,mm,DD,301
2026-08-07 15:38:07,2026-08-07 15:38:07,301.0,mm,A,301
2026-08-07 12:38:13,2026-08-07 12:38:13,301.0,mm,DD,301
2026-08-07 12:38:06,2026-08-07 12:38:07,301.0,mm,DD,301
2026-08-07 12:38:06,2026-08-07 12:38:07,301.0,mm,DD,301
2026-08-07 12:38:06,2026-08-07 12:38:07,301.0,mm,DD,301
2026-08-07 12:38:06,2026-08-07 12:38:07,301.0,mm,DD,301
2026-08-07 12:38:06,2026-08-07 12:38:07,301.0,mm,DD,301
2026-08-07 12:38:06,2026-08-07 12:38:07,301.0,mm,DD,301
2026-08-07 12:38:06,2026-08-07 12:38:07,301.0,mm,A,301
2026-08-07 12:37:31,2026-08-07 12:38:06,301.0,mm,DD,301
2026-08-07 12:37:31,2026-08-07 12:38:06,301.0,mm,A,301
2026-08-07 09:38:12,2026-08-07 09:38:12,301.0,mm,DD,301
2026-08-07 09:38:11,2026-08-07 09:38:11,301.0,mm,DD,301
2026-08-07 09:38:06,2026-08-07 09:38:06,301.0,mm,DD,301
2026-08-07 09:38:06,2026-08-07 09:38:06,301.0,mm,DD,301
2026-08-07 09:38:06,2026-08-07 09:38:06,301.0,mm,DD,301
2026-08-07 09:38:06,2026-08-07 09:38:06,301.0,mm,DD,301
2026-08-07 09:38:06,2026-08-07 09:38:06,301.0,mm,DD,301
2026-08-07 09:38:06,2026-08-07 09:38:06,301.0,mm,A,301
2026-08-07 09:37:31,2026-08-07 09:38:06,301.0,mm,DD,301
2026-08-07 09:37:31,2026-08-07 09:38:06,301.0,mm,A,301
2026-08-07 06:38:11,2026-08-07 06:38:11,301.0,mm,DD,301
2026-08-07 06:38:10,2026-08-07 06:38:10,301.0,mm,DD,301
2026-08-07 06:38:05,2026-08-07 06:38:05,301.0,mm,DD,301
2026-08-07 06:38:05,2026-08-07 06:38:05,301.0,mm,DD,301
2026-08-07 06:38:05,2026-08-07 06:38:05,301.0,mm,DD,301
2026-08-07 06:38:05,2026-08-07 06:38:05,301.0,mm,DD,301
2026-08-07 06:38:05,2026-08-07 06:38:05,301.0,mm,A,301
2026-08-07 06:37:29,2026-08-07 06:38:05,301.0,mm,DD,301
2026-08-07 06:37:29,2026-08-07 06:38:05,301.0,mm,A,301
2026-08-07 04:48:35,2026-08-07 04:48:35,128.0,mm,DD,128
2026-08-07 04:48:34,2026-08-07 04:48:34,128.0,mm,DD,128
2026-08-07 04:48:34,2026-08-07 04:48:34,128.0,mm,DD,128
2026-08-07 04:48:29,2026-08-07 04:48:29,128.0,mm,DD,128
2026-08-07 04:48:29,2026-08-07 04:48:29,128.0,mm,DD,128
2026-08-07 04:48:29,2026-08-07 04:48:29,128.0,mm,DD,128
2026-08-07 04:48:29,2026-08-07 04:48:29,128.0,mm,ND,128
2026-08-07 04:47:56,2026-08-07 04:48:30,128.0,mm,DD,128
2026-08-07 04:47:56,2026-08-07 04:48:30,128.0,mm,ND,128
2026-08-07 03:38:10,2026-08-07 03:38:10,301.0,mm,DD,301
2026-08-07 03:38:04,2026-08-07 03:38:04,301.0,mm,DD,301
2026-08-07 03:38:04,2026-08-07 03:38:04,301.0,mm,DD,301
2026-08-07 03:38:04,2026-08-07 03:38:04,301.0,mm,DD,301
2026-08-07 03:38:04,2026-08-07 03:38:04,301.0,mm,DD,301
2026-08-07 03:38:04,2026-08-07 03:38:04,301.0,mm,DD,301
2026-08-07 03:38:04,2026-08-07 03:38:04,301.0,mm,DD,301
2026-08-07 03:38:04,2026-08-07 03:38:04,301.0,mm,DD,301
2026-08-07 03:38:03,2026-08-07 03:38:04,301.0,mm,DD,301
2026-08-07 03:38:03,2026-08-07 03:38:04,301.0,mm,A,301
2026-08-07 00:38:09,2026-08-07 00:38:09,301.0,mm,DD,301
2026-08-07 00:38:03,2026-08-07 00:38:03,301.0,mm,DD,301
2026-08-07 00:38:03,2026-08-07 00:38:03,301.0,mm,DD,301
2026-08-07 00:38:03,2026-08-07 00:38:03,301.0,mm,DD,301
2026-08-07 00:38:03,2026-08-07 00:38:03,301.0,mm,DD,301
2026-08-07 00:38:03,2026-08-07 00:38:03,301.0,mm,DD,301
2026-08-07 00:38:03,2026-08-07 00:38:03,301.0,mm,A,301
2026-08-07 00:37:29,2026-08-07 00:38:03,301.0,mm,DD,301
2026-08-07 00:37:29,2026-08-07 00:38:03,301.0,mm,A,301
2026-08-06 21:38:08,2026-08-06 21:38:08,301.0,mm,DD,301
2026-08-06 21:38:02,2026-08-06 21:38:02,301.0,mm,DD,301
2026-08-06 21:38:02,2026-08-06 21:38:02,301.0,mm,DD,301
2026-08-06 21:38:02,2026-08-06 21:38:02,301.0,mm,DD,301
2026-08-06 21:38:02,2026-08-06 21:38:02,301.0,mm,A,301
2026-08-06 21:37:28,2026-08-06 21:38:02,301.0,mm,DD,301
2026-08-06 21:37:28,2026-08-06 21:38:02,301.0,mm,A,301
2026-08-06 18:38:08,2026-08-06 18:38:08,301.0,mm,DD,301
2026-08-06 18:38:01,2026-08-06 18:38:02,301.0,mm,DD,301
2026-08-06 18:38:01,2026-08-06 18:38:02,301.0,mm,DD,301
2026-08-06 18:38:01,2026-08-06 18:38:02,301.0,mm,DD,301
2026-08-06 18:38:01,2026-08-06 18:38:02,301.0,mm,DD,301
2026-08-06 18:38:01,2026-08-06 18:38:02,301.0,mm,A,301
2026-08-06 18:37:26,2026-08-06 18:38:01,301.0,mm,DD,301
2026-08-06 18:37:26,2026-08-06 18:38:01,301.0,mm,A,301
2026-08-06 15:38:07,2026-08-06 15:38:07,301.0,mm,A,301
2026-08-06 15:38:01,2026-08-06 15:38:01,301.0,mm,DD,301
2026-08-06 15:38:01,2026-08-06 15:38:01,301.0,mm,AS,301
2026-08-06 12:38:06,2026-08-06 12:38:06,301.0,mm,DD,301
2026-08-06 12:38:00,2026-08-06 12:38:00,301.0,mm,DD,301
2026-08-06 12:38:00,2026-08-06 12:38:00,301.0,mm,DD,301
2026-08-06 12:38:00,2026-08-06 12:38:00,301.0,mm,DD,301
2026-08-06 12:38:00,2026-08-06 12:38:00,301.0,mm,DD,301
2026-08-06 12:38:00,2026-08-06 12:38:00,301.0,mm,A,301
2026-08-06 12:37:27,2026-08-06 12:38:00,301.0,mm,DD,301
2026-08-06 12:37:27,2026-08-06 12:38:00,301.0,mm,A,301
2026-08-06 09:38:05,2026-08-06 09:38:05,301.0,mm,DD,301
2026-08-06 09:37:59,2026-08-06 09:37:59,301.0,mm,DD,301
2026-08-06 09:37:59,2026-08-06 09:37:59,301.0,mm,DD,301
2026-08-06 09:37:59,2026-08-06 09:37:59,301.0,mm,DD,301
2026-08-06 09:37:59,2026-08-06 09:37:59,301.0,mm,A,301
2026-08-06 09:37:26,2026-08-06 09:37:59,301.0,mm,DD,301
2026-08-06 09:37:26,2026-08-06 09:37:59,301.0,mm,AN,301
2026-08-06 06:38:05,2026-08-06 06:38:05,301.0,mm,DD,301
2026-08-06 06:38:04,2026-08-06 06:38:04,301.0,mm,DD,301
2026-08-06 06:37:58,2026-08-06 06:37:58,301.0,mm,DD,301
2026-08-06 06:37:58,2026-08-06 06:37:58,301.0,mm,DD,301
2026-08-06 06:37:58,2026-08-06 06:37:58,301.0,mm,DD,301
2026-08-06 06:37:58,2026-08-06 06:37:58,301.0,mm,DD,301
2026-08-06 06:37:58,2026-08-06 06:37:58,301.0,mm,DD,301
2026-08-06 06:37:58,2026-08-06 06:37:58,301.0,mm,PD,301
2026-08-06 06:37:26,2026-08-06 06:37:58,301.0,mm,DD,301
2026-08-06 06:37:26,2026-08-06 06:37:58,301.0,mm,PD,301
2026-08-06 04:48:27,2026-08-06 04:48:27,128.0,mm,A,128
2026-08-06 04:48:20,2026-08-06 04:48:21,128.0,mm,DD,128
2026-08-06 04:48:20,2026-08-06 04:48:21,128.0,mm,DD,128
2026-08-06 04:48:20,2026-08-06 04:48:21,128.0,mm,DD,128
2026-08-06 04:48:20,2026-08-06 04:48:21,128.0,mm,A,128
2026-08-06 04:47:49,2026-08-06 04:48:21,128.0,mm,DD,128
2026-08-06 04:47:49,2026-08-06 04:48:21,128.0,mm,ND,128
2026-08-06 03:38:04,2026-08-06 03:38:04,301.0,mm,DD,301
2026-08-06 03:37:57,2026-08-06 03:37:57,301.0,mm,DD,301
2026-08-06 03:37:57,2026-08-06 03:37:57,301.0,mm,DD,301
2026-08-06 03:37:57,2026-08-06 03:37:57,301.0,mm,DD,301
2026-08-06 03:37:57,2026-08-06 03:37:57,301.0,mm,DD,301
2026-08-06 03:37:57,2026-08-06 03:37:57,301.0,mm,PD,301
2026-08-06 03:37:28,2026-08-06 03:37:57,301.0,mm,DD,301
2026-08-06 03:37:28,2026-08-06 03:37:57,301.0,mm,PD,301
2026-08-06 02:49:36,2026-08-06 02:49:36,128.0,mm,DD,128
2026-08-06 02:49:35,2026-08-06 02:49:35,128.0,mm,AN,128
2026-08-06 02:49:29,2026-08-06 02:49:29,128.0,mm,DD,128
2026-08-06 02:49:29,2026-08-06 02:49:29,128.0,mm,DD,128
2026-08-06 02:49:29,2026-08-06 02:49:29,128.0,mm,DD,128
2026-08-06 02:49:29,2026-08-06 02:49:29,128.0,mm,ND,128
2026-08-06 02:48:57,2026-08-06 02:49:29,128.0,mm,DD,128
2026-08-06 02:48:57,2026-08-06 02:49:29,128.0,mm,ND,128
2026-08-06 01:48:26,2026-08-06 01:48:26,736.0,mm,DD,736
2026-08-06 01:48:21,2026-08-06 01:48:21,736.0,mm,DD,736
2026-08-06 01:48:21,2026-08-06 01:48:21,736.0,mm,DD,736
2026-08-06 01:48:21,2026-08-06 01:48:21,736.0,mm,DD,736
2026-08-06 01:48:19,2026-08-06 01:48:20,736.0,mm,DD,736
2026-08-06 01:48:19,2026-08-06 01:48:20,736.0,mm,PD,736
2026-08-06 01:47:48,2026-08-06 01:48:21,736.0,mm,DD,736
2026-08-06 01:47:48,2026-08-06 01:48:21,736.0,mm,PD,736
2026-08-06 00:38:03,2026-08-06 00:38:03,301.0,mm,DD,301
2026-08-06 00:37:56,2026-08-06 00:37:57,301.0,mm,DD,301
2026-08-06 00:37:56,2026-08-06 00:37:57,301.0,mm,DD,301
2026-08-06 00:37:56,2026-08-06 00:37:57,301.0,mm,DD,301
2026-08-06 00:37:56,2026-08-06 00:37:57,301.0,mm,DD,301
2026-08-06 00:37:56,2026-08-06 00:37:57,301.0,mm,A,301
2026-08-06 00:37:24,2026-08-06 00:37:57,301.0,mm,DD,301
2026-08-06 00:37:24,2026-08-06 00:37:57,301.0,mm,A,301
2026-08-05 21:38:02,2026-08-05 21:38:02,301.0,mm,DD,301
2026-08-05 21:38:02,2026-08-05 21:38:02,301.0,mm,DD,301
2026-08-05 21:37:56,2026-08-05 21:37:56,301.0,mm,DD,301
2026-08-05 21:37:56,2026-08-05 21:37:56,301.0,mm,DD,301
2026-08-05 21:37:56,2026-08-05 21:37:56,301.0,mm,DD,301
2026-08-05 21:37:56,2026-08-05 21:37:56,301.0,mm,DD,301
2026-08-05 21:37:56,2026-08-05 21:37:56,301.0,mm,A,301
2026-08-05 21:37:24,2026-08-05 21:37:56,301.0,mm,DD,301
2026-08-05 21:37:24,2026-08-05 21:37:56,301.0,mm,A,301
2026-08-05 18:38:01,2026-08-05 18:38:01,301.0,mm,DD,301
2026-08-05 18:37:55,2026-08-05 18:37:55,301.0,mm,DD,301
2026-08-05 18:37:55,2026-08-05 18:37:55,301.0,mm,DD,301
2026-08-05 18:37:55,2026-08-05 18:37:55,301.0,mm,DD,301
2026-08-05 18:37:55,2026-08-05 18:37:55,301.0,mm,A,301
2026-08-05 18:37:23,2026-08-05 18:37:55,301.0,mm,DD,301
2026-08-05 18:37:23,2026-08-05 18:37:55,301.0,mm,A,301
2026-08-05 15:38:00,2026-08-05 15:38:00,301.0,mm,DD,301
2026-08-05 15:37:54,2026-08-05 15:37:54,301.0,mm,DD,301
2026-08-05 15:37:54,2026-08-05 15:37:54,301.0,mm,DD,301
2026-08-05 15:37:54,2026-08-05 15:37:54,301.0,mm,DD,301
2026-08-05 15:37:54,2026-08-05 15:37:54,301.0,mm,A,301
2026-08-05 12:38:00,2026-08-05 12:38:00,301.0,mm,DD,301
2026-08-05 12:37:53,2026-08-05 12:37:53,301.0,mm,DD,301
2026-08-05 12:37:53,2026-08-05 12:37:53,301.0,mm,DD,301
2026-08-05 12:37:53,2026-08-05 12:37:53,301.0,mm,DD,301
2026-08-05 12:37:53,2026-08-05 12:37:53,301.0,mm,A,301
2026-08-05 12:37:22,2026-08-05 12:37:53,301.0,mm,DD,301
2026-08-05 12:37:22,2026-08-05 12:37:53,301.0,mm,A,301
2026-08-05 09:37:59,2026-08-05 09:37:59,301.0,mm,DD,301
2026-08-05 09:37:59,2026-08-05 09:37:59,301.0,mm,DD,301
2026-08-05 09:37:58,2026-08-05 09:37:58,301.0,mm,DD,301
2026-08-05 09:37:52,2026-08-05 09:37:53,301.0,mm,DD,301
2026-08-05 09:37:52,2026-08-05 09:37:53,301.0,mm,DD,301
2026-08-05 09:37:52,2026-08-05 09:37:53,301.0,mm,DD,301
2026-08-05 09:37:52,2026-08-05 09:37:53,301.0,mm,DD,301
2026-08-05 09:37:52,2026-08-05 09:37:53,301.0,mm,A,301
2026-08-05 09:37:22,2026-08-05 09:37:53,301.0,mm,DD,301
2026-08-05 09:37:22,2026-08-05 09:37:53,301.0,mm,A,301
2026-08-05 07:48:20,2026-08-05 07:48:20,130.0,mm,DD,130
2026-08-05 07:48:19,2026-08-05 07:48:19,130.0,mm,DD,130
2026-08-05 07:48:19,2026-08-05 07:48:19,130.0,mm,DD,130
2026-08-05 07:48:14,2026-08-05 07:48:14,130.0,mm,DD,130
2026-08-05 07:48:14,2026-08-05 07:48:14,130.0,mm,DD,130
2026-08-05 07:48:13,2026-08-05 07:48:14,130.0,mm,DD,130
2026-08-05 07:48:13,2026-08-05 07:48:14,130.0,mm,DD,130
2026-08-05 07:48:13,2026-08-05 07:48:14,130.0,mm,DD,130
2026-08-05 07:48:13,2026-08-05 07:48:14,130.0,mm,ND,130
2026-08-05 07:48:10,2026-08-05 07:48:15,130.0,mm,DD,130
2026-08-05 07:48:10,2026-08-05 07:48:15,130.0,mm,DD,130
2026-08-05 06:37:58,2026-08-05 06:37:58,301.0,mm,DD,301
2026-08-05 06:37:52,2026-08-05 06:37:52,301.0,mm,DD,301
2026-08-05 06:37:52,2026-08-05 06:37:52,301.0,mm,DD,301
2026-08-05 06:37:52,2026-08-05 06:37:52,301.0,mm,DD,301
2026-08-05 06:37:52,2026-08-05 06:37:52,301.0,mm,DD,301
2026-08-05 06:37:52,2026-08-05 06:37:52,301.0,mm,A,301
2026-08-05 06:37:18,2026-08-05 06:37:52,301.0,mm,DD,301
2026-08-05 06:37:18,2026-08-05 06:37:52,301.0,mm,A,301
2026-08-05 03:37:57,2026-08-05 03:37:57,301.0,mm,DD,301
2026-08-05 03:37:56,2026-08-05 03:37:56,301.0,mm,DD,301
2026-08-05 03:37:56,2026-08-05 03:37:56,301.0,mm,DD,301
2026-08-05 03:37:51,2026-08-05 03:37:51,301.0,mm,DD,301
2026-08-05 03:37:51,2026-08-05 03:37:51,301.0,mm,DD,301
2026-08-05 03:37:51,2026-08-05 03:37:51,301.0,mm,DD,301
2026-08-05 03:37:51,2026-08-05 03:37:51,301.0,mm,DD,301
2026-08-05 03:37:51,2026-08-05 03:37:51,301.0,mm,A,301
2026-08-05 03:37:20,2026-08-05 03:37:51,301.0,mm,DD,301
2026-08-05 03:37:20,2026-08-05 03:37:51,301.0,mm,A,301
2026-08-05 00:37:56,2026-08-05 00:37:56,301.0,mm,DD,301
2026-08-05 00:37:50,2026-08-05 00:37:50,301.0,mm,DD,301
2026-08-05 00:37:50,2026-08-05 00:37:50,301.0,mm,DD,301
2026-08-05 00:37:50,2026-08-05 00:37:50,301.0,mm,DD,301
2026-08-05 00:37:50,2026-08-05 00:37:50,301.0,mm,DD,301
2026-08-05 00:37:50,2026-08-05 00:37:50,301.0,mm,A,301
2026-08-05 00:37:18,2026-08-05 00:37:50,301.0,mm,DD,301
2026-08-05 00:37:18,2026-08-05 00:37:50,301.0,mm,A,301
2026-08-04 21:37:56,2026-08-04 21:37:56,301.0,mm,DD,301
2026-08-04 21:37:49,2026-08-05 09:53:15,301.0,mm,DD,301
2026-08-04 21:37:49,2026-08-05 09:53:15,301.0,mm,DD,301
2026-08-04 21:37:49,2026-08-05 09:53:15,301.0,mm,DD,301
2026-08-04 21:37:49,2026-08-05 09:53:15,301.0,mm,DD,301
2026-08-04 21:37:49,2026-08-05 09:53:15,301.0,mm,AN,301
2026-08-04 21:37:17,2026-08-05 09:53:10,301.0,mm,DD,301
2026-08-04 21:37:17,2026-08-05 09:53:10,301.0,mm,A,301
2026-08-04 19:48:16,2026-08-05 09:53:03,130.0,mm,DD,130
2026-08-04 19:48:09,2026-08-04 19:48:09,130.0,mm,DD,130
2026-08-04 19:48:09,2026-08-04 19:48:09,130.0,mm,DD,130
2026-08-04 19:48:09,2026-08-04 19:48:09,130.0,mm,DD,130
2026-08-04 19:48:09,2026-08-04 19:48:09,130.0,mm,ND,130
2026-08-04 19:47:41,2026-08-04 19:48:11,130.0,mm,DD,130
2026-08-04 19:47:41,2026-08-04 19:48:11,130.0,mm,ND,130
2026-08-04 18:37:55,2026-08-04 18:37:55,301.0,mm,DD,301
2026-08-04 18:37:48,2026-08-04 18:37:49,301.0,mm,DD,301
2026-08-04 18:37:48,2026-08-04 18:37:49,301.0,mm,DD,301
2026-08-04 18:37:48,2026-08-04 18:37:49,301.0,mm,DD,301
2026-08-04 18:37:48,2026-08-04 18:37:49,301.0,mm,DD,301
2026-08-04 18:37:48,2026-08-04 18:37:49,301.0,mm,A,301
2026-08-04 18:37:17,2026-08-04 18:37:49,301.0,mm,DD,301
2026-08-04 18:37:17,2026-08-04 18:37:49,301.0,mm,A,301
2026-08-04 15:37:47,2026-08-04 15:37:48,301.0,mm,DD,301
2026-08-04 15:37:47,2026-08-04 15:37:48,301.0,mm,DD,301
2026-08-04 15:37:47,2026-08-04 15:37:48,301.0,mm,DD,301
2026-08-04 15:37:47,2026-08-04 15:37:48,301.0,mm,A,301
2026-08-04 13:12:16,2026-08-04 13:12:16,301.0,mm,DD,301
2026-08-04 13:12:10,2026-08-04 13:12:10,301.0,mm,DD,301
2026-08-04 13:12:10,2026-08-04 13:12:10,301.0,mm,DD,301
2026-08-04 13:12:10,2026-08-04 13:12:10,301.0,mm,A,301
2026-08-04 13:11:40,2026-08-04 13:12:10,301.0,mm,DD,301
2026-08-04 13:11:40,2026-08-04 13:12:10,301.0,mm,A,301
2026-08-04 12:37:47,2026-08-04 12:37:47,301.0,mm,DD,301
2026-08-04 12:37:41,2026-08-04 12:37:41,301.0,mm,DD,301
2026-08-04 12:37:41,2026-08-04 12:37:41,301.0,mm,DD,301
2026-08-04 12:37:41,2026-08-04 12:37:41,301.0,mm,DD,301
2026-08-04 12:37:41,2026-08-04 12:37:41,301.0,mm,DD,301
2026-08-04 12:37:41,2026-08-04 12:37:41,301.0,mm,AN,301
2026-08-04 12:37:10,2026-08-04 12:37:41,301.0,mm,DD,301
2026-08-04 12:37:10,2026-08-04 12:37:41,301.0,mm,AN,301
2026-08-04 10:10:34,2026-08-04 10:10:34,301.0,mm,DD,301
2026-08-04 10:10:33,2026-08-04 10:10:33,301.0,mm,DD,301
2026-08-04 10:10:33,2026-08-04 10:10:33,301.0,mm,DD,301
2026-08-04 10:10:27,2026-08-04 10:10:27,301.0,mm,DD,301
2026-08-04 10:10:27,2026-08-04 10:10:27,301.0,mm,DD,301
2026-08-04 10:10:27,2026-08-04 10:10:27,301.0,mm,DD,301
2026-08-04 10:10:27,2026-08-04 10:10:27,301.0,mm,DD,301
2026-08-04 10:10:27,2026-08-04 10:10:27,301.0,mm,PD,301
2026-08-04 10:09:57,2026-08-04 10:10:27,301.0,mm,DD,301
2026-08-04 10:09:57,2026-08-04 10:10:27,301.0,mm,PD,301
2026-08-04 07:48:12,2026-08-04 07:48:12,129.0,mm,DD,129
2026-08-04 07:48:11,2026-08-04 09:43:23,129.0,mm,DD,129
2026-08-04 07:48:05,2026-08-04 07:48:05,129.0,mm,DD,129
2026-08-04 07:48:05,2026-08-04 07:48:05,129.0,mm,DD,129
2026-08-04 07:48:05,2026-08-04 07:48:05,129.0,mm,DD,129
2026-08-04 07:48:05,2026-08-04 07:48:05,129.0,mm,DD,129
2026-08-04 07:48:05,2026-08-04 07:48:05,129.0,mm,DD,129
2026-08-04 07:48:05,2026-08-04 07:48:05,129.0,mm,ND,129
2026-08-04 07:47:39,2026-08-04 07:48:07,129.0,mm,DD,129
2026-08-04 07:47:39,2026-08-04 07:48:07,129.0,mm,ND,129
2026-08-04 07:10:33,2026-08-04 07:10:33,301.0,mm,DD,301
2026-08-04 07:10:26,2026-08-04 09:43:09,301.0,mm,DD,301
2026-08-04 07:10:26,2026-08-04 09:43:09,301.0,mm,DD,301
2026-08-04 07:10:26,2026-08-04 09:43:09,301.0,mm,DD,301
2026-08-04 07:10:26,2026-08-04 09:43:09,301.0,mm,DD,301
2026-08-04 07:10:25,2026-08-04 07:10:27,301.0,mm,DD,301
2026-08-04 07:10:25,2026-08-04 07:10:27,301.0,mm,A,301
2026-08-04 05:49:32,2026-08-04 05:49:32,127.0,mm,ND,127
2026-08-04 04:10:32,2026-08-04 09:43:01,301.0,mm,A,301
2026-08-04 04:10:26,2026-08-04 09:42:56,301.0,mm,DD,301
2026-08-04 04:10:26,2026-08-04 09:42:56,301.0,mm,DD,301
2026-08-04 04:10:26,2026-08-04 09:42:56,301.0,mm,DD,301
2026-08-04 04:10:25,2026-08-04 09:42:51,301.0,mm,DD,301
2026-08-04 04:10:25,2026-08-04 09:42:51,301.0,mm,A,301
2026-08-04 04:09:55,2026-08-04 09:42:46,301.0,mm,DD,301
2026-08-04 04:09:55,2026-08-04 09:42:46,301.0,mm,AS,301
2026-08-04 02:28:28,2026-08-04 09:42:42,11.0,mm,DD,11
2026-08-04 02:28:22,2026-08-04 02:28:22,11.0,mm,DD,11
2026-08-04 02:28:22,2026-08-04 02:28:22,11.0,mm,DD,11
2026-08-04 02:28:22,2026-08-04 02:28:22,11.0,mm,DD,11
2026-08-04 02:28:22,2026-08-04 02:28:22,11.0,mm,ND,11
2026-08-04 02:27:52,2026-08-04 02:28:23,11.0,mm,DD,11
2026-08-04 02:27:52,2026-08-04 02:28:23,11.0,mm,ND,11
2026-08-04 01:10:31,2026-08-04 01:10:31,301.0,mm,DD,301
2026-08-04 01:10:25,2026-08-04 01:10:25,301.0,mm,DD,301
2026-08-04 01:10:25,2026-08-04 01:10:25,301.0,mm,DD,301
2026-08-04 01:10:25,2026-08-04 01:10:25,301.0,mm,DD,301
2026-08-04 01:10:25,2026-08-04 01:10:25,301.0,mm,DD,301
2026-08-04 01:10:25,2026-08-04 01:10:25,301.0,mm,A,301
2026-08-04 01:09:55,2026-08-04 01:10:25,301.0,mm,DD,301
2026-08-04 01:09:55,2026-08-04 01:10:25,301.0,mm,A,301
2026-08-03 23:58:15,2026-08-03 23:58:15,254.0,mm,ND,254
2026-08-03 22:10:30,2026-08-03 22:10:30,301.0,mm,DD,301
2026-08-03 22:10:24,2026-08-03 22:10:24,301.0,mm,DD,301
2026-08-03 22:10:24,2026-08-03 22:10:24,301.0,mm,DD,301
2026-08-03 22:10:24,2026-08-03 22:10:24,301.0,mm,DD,301
2026-08-03 22:10:24,2026-08-03 22:10:24,301.0,mm,DD,301
2026-08-03 22:10:24,2026-08-03 22:10:24,301.0,mm,A,301
2026-08-03 22:09:54,2026-08-03 22:10:24,301.0,mm,DD,301
2026-08-03 22:09:54,2026-08-03 22:10:24,301.0,mm,A,301
2026-08-03 19:10:29,2026-08-03 19:10:29,301.0,mm,DD,301
2026-08-03 19:10:23,2026-08-03 19:10:23,301.0,mm,DD,301
2026-08-03 19:10:23,2026-08-03 19:10:23,301.0,mm,DD,301
2026-08-03 19:10:23,2026-08-03 19:10:23,301.0,mm,DD,301
2026-08-03 19:10:23,2026-08-03 19:10:23,301.0,mm,A,301
2026-08-03 19:10:22,2026-08-03 19:10:23,301.0,mm,DD,301
2026-08-03 19:10:22,2026-08-03 19:10:23,301.0,mm,A,301
2026-08-03 16:10:22,2026-08-03 16:10:22,301.0,mm,DD,301
2026-08-03 16:10:22,2026-08-03 16:10:22,301.0,mm,DD,301
2026-08-03 16:10:22,2026-08-03 16:10:22,301.0,mm,DD,301
2026-08-03 16:10:22,2026-08-03 16:10:22,301.0,mm,DD,301
2026-08-03 16:10:22,2026-08-03 16:10:22,301.0,mm,A,301
2026-08-03 16:09:53,2026-08-03 16:10:22,301.0,mm,DD,301
2026-08-03 16:09:53,2026-08-03 16:10:22,301.0,mm,A,301
2026-08-03 13:10:22,2026-08-03 13:10:22,301.0,mm,DD,301
2026-08-03 13:10:22,2026-08-03 13:10:22,301.0,mm,DD,301
2026-08-03 13:10:22,2026-08-03 13:10:22,301.0,mm,A,301
2026-08-03 13:09:53,2026-08-03 13:10:22,301.0,mm,DD,301
2026-08-03 13:09:53,2026-08-03 13:10:22,301.0,mm,A,301
2026-08-03 10:10:27,2026-08-03 10:10:27,301.0,mm,DD,301
2026-08-03 10:10:27,2026-08-03 10:10:27,301.0,mm,DD,301
2026-08-03 10:10:21,2026-08-03 10:10:21,301.0,mm,DD,301
2026-08-03 10:10:21,2026-08-03 10:10:21,301.0,mm,DD,301
2026-08-03 10:10:21,2026-08-03 10:10:21,301.0,mm,DD,301
2026-08-03 10:10:21,2026-08-03 10:10:21,301.0,mm,DD,301
2026-08-03 10:10:21,2026-08-03 10:10:21,301.0,mm,A,301
2026-08-03 10:09:51,2026-08-03 10:10:21,301.0,mm,DD,301
2026-08-03 10:09:51,2026-08-03 10:10:21,301.0,mm,A,301
2026-08-03 07:10:26,2026-08-03 07:10:26,301.0,mm,DD,301
2026-08-03 07:10:20,2026-08-03 07:10:20,301.0,mm,DD,301
2026-08-03 07:10:20,2026-08-03 07:10:20,301.0,mm,DD,301
2026-08-03 07:10:20,2026-08-03 07:10:20,301.0,mm,DD,301
2026-08-03 07:10:20,2026-08-03 07:10:20,301.0,mm,A,301
2026-08-03 07:10:19,2026-08-03 07:10:20,301.0,mm,DD,301
2026-08-03 07:10:19,2026-08-03 07:10:20,301.0,mm,DD,301
2026-08-03 04:10:25,2026-08-03 04:10:25,301.0,mm,DD,301
2026-08-03 04:10:19,2026-08-03 04:10:19,301.0,mm,DD,301
2026-08-03 04:10:19,2026-08-03 04:10:19,301.0,mm,DD,301
2026-08-03 04:10:19,2026-08-03 04:10:19,301.0,mm,DD,301
2026-08-03 04:10:19,2026-08-03 04:10:19,301.0,mm,A,301
2026-08-03 04:09:51,2026-08-03 04:10:19,301.0,mm,DD,301
2026-08-03 04:09:51,2026-08-03 04:10:19,301.0,mm,A,301
2026-08-03 01:10:25,2026-08-03 01:10:25,301.0,mm,DD,301
2026-08-03 01:10:18,2026-08-03 07:42:34,301.0,mm,DD,301
2026-08-03 01:10:18,2026-08-03 07:42:34,301.0,mm,DD,301
2026-08-03 01:10:18,2026-08-03 07:42:34,301.0,mm,DD,301
2026-08-03 01:10:18,2026-08-03 07:42:34,301.0,mm,A,301
2026-08-03 01:09:50,2026-08-03 07:42:28,301.0,mm,DD,301
2026-08-03 01:09:50,2026-08-03 07:42:28,301.0,mm,AN,301
2026-08-02 23:48:48,2026-08-03 07:42:25,11.0,mm,DD,11
2026-08-02 23:48:42,2026-08-02 23:48:42,11.0,mm,DD,11
2026-08-02 23:48:42,2026-08-02 23:48:42,11.0,mm,DD,11
2026-08-02 23:48:42,2026-08-02 23:48:42,11.0,mm,DD,11
2026-08-02 23:48:42,2026-08-02 23:48:42,11.0,mm,ND,11
2026-08-02 23:48:15,2026-08-02 23:48:43,11.0,mm,DD,11
2026-08-02 23:48:15,2026-08-02 23:48:43,11.0,mm,ND,11
2026-08-02 22:48:00,2026-08-02 22:48:00,129.0,mm,DD,129
2026-08-02 22:47:54,2026-08-02 22:47:55,129.0,mm,DD,129
2026-08-02 22:47:54,2026-08-02 22:47:55,129.0,mm,DD,129
2026-08-02 22:47:54,2026-08-02 22:47:55,129.0,mm,DD,129
2026-08-02 22:47:54,2026-08-02 22:47:55,129.0,mm,DD,129
2026-08-02 22:47:54,2026-08-02 22:47:55,129.0,mm,DD,129
2026-08-02 22:47:54,2026-08-02 22:47:55,129.0,mm,ND,129
2026-08-02 22:10:24,2026-08-02 22:10:24,301.0,mm,DD,301
2026-08-02 22:10:22,2026-08-02 22:10:22,301.0,mm,DD,301
2026-08-02 22:10:22,2026-08-02 22:10:22,301.0,mm,DD,301
2026-08-02 22:10:17,2026-08-02 22:10:18,301.0,mm,DD,301
2026-08-02 22:10:17,2026-08-02 22:10:18,301.0,mm,AN,301
2026-08-02 22:09:49,2026-08-03 07:42:07,301.0,mm,DD,301
2026-08-02 22:09:49,2026-08-03 07:42:07,301.0,mm,A,301
2026-08-02 19:48:00,2026-08-03 07:42:01,129.0,mm,DD,129
2026-08-02 19:47:53,2026-08-02 19:47:53,129.0,mm,DD,129
2026-08-02 19:47:53,2026-08-02 19:47:53,129.0,mm,DD,129
2026-08-02 19:47:53,2026-08-02 19:47:53,129.0,mm,DD,129
2026-08-02 19:47:53,2026-08-02 19:47:53,129.0,mm,ND,129
2026-08-02 19:47:27,2026-08-02 19:47:54,129.0,mm,DD,129
2026-08-02 19:47:27,2026-08-02 19:47:54,129.0,mm,ND,129
2026-08-02 19:10:23,2026-08-02 19:10:23,301.0,mm,DD,301
2026-08-02 19:10:17,2026-08-03 07:41:42,301.0,mm,DD,301
2026-08-02 19:10:17,2026-08-03 07:41:42,301.0,mm,DD,301
2026-08-02 19:10:17,2026-08-03 07:41:42,301.0,mm,DD,301
2026-08-02 19:10:17,2026-08-03 07:41:42,301.0,mm,DD,301
2026-08-02 19:10:16,2026-08-02 19:10:17,301.0,mm,DD,301
2026-08-02 19:10:16,2026-08-02 19:10:17,301.0,mm,A,301
2026-08-02 16:10:22,2026-08-02 16:10:22,301.0,mm,DD,301
2026-08-02 16:10:16,2026-08-02 16:10:16,301.0,mm,DD,301
2026-08-02 16:10:16,2026-08-02 16:10:16,301.0,mm,DD,301
2026-08-02 16:10:16,2026-08-02 16:10:16,301.0,mm,DD,301
2026-08-02 16:10:16,2026-08-02 16:10:16,301.0,mm,DD,301
2026-08-02 16:10:16,2026-08-02 16:10:16,301.0,mm,A,301
2026-08-02 16:09:49,2026-08-02 16:10:16,301.0,mm,DD,301
2026-08-02 16:09:49,2026-08-02 16:10:16,301.0,mm,A,301
2026-08-02 13:10:15,2026-08-02 13:10:15,301.0,mm,DD,301
2026-08-02 13:10:15,2026-08-02 13:10:15,301.0,mm,DD,301
2026-08-02 13:10:15,2026-08-02 13:10:15,301.0,mm,DD,301
2026-08-02 13:10:15,2026-08-02 13:10:15,301.0,mm,DD,301
2026-08-02 13:10:15,2026-08-02 13:10:15,301.0,mm,A,301
2026-08-02 13:09:46,2026-08-02 13:10:15,301.0,mm,DD,301
2026-08-02 13:09:46,2026-08-02 13:10:15,301.0,mm,A,301
2026-08-02 10:10:14,2026-08-02 10:10:15,301.0,mm,DD,301
2026-08-02 10:10:14,2026-08-02 10:10:15,301.0,mm,DD,301
2026-08-02 10:10:14,2026-08-02 10:10:15,301.0,mm,DD,301
2026-08-02 10:10:14,2026-08-02 10:10:15,301.0,mm,DD,301
2026-08-02 10:10:14,2026-08-02 10:10:15,301.0,mm,A,301
2026-08-02 10:09:46,2026-08-02 10:10:14,301.0,mm,DD,301
2026-08-02 10:09:46,2026-08-02 10:10:14,301.0,mm,A,301
2026-08-02 07:10:20,2026-08-02 07:10:20,301.0,mm,DD,301
2026-08-02 07:10:13,2026-08-02 07:10:14,301.0,mm,DD,301
2026-08-02 07:10:13,2026-08-02 07:10:14,301.0,mm,DD,301
2026-08-02 07:10:13,2026-08-02 07:10:14,301.0,mm,DD,301
2026-08-02 07:10:13,2026-08-02 07:10:14,301.0,mm,DD,301
2026-08-02 07:10:13,2026-08-02 07:10:14,301.0,mm,A,301
2026-08-02 07:09:48,2026-08-02 07:10:14,301.0,mm,DD,301
2026-08-02 07:09:48,2026-08-02 07:10:14,301.0,mm,A,301
2026-08-02 04:47:55,2026-08-02 04:47:55,128.0,mm,DD,128
2026-08-02 04:47:55,2026-08-02 04:47:55,128.0,mm,DD,128
2026-08-02 04:47:48,2026-08-02 04:47:48,128.0,mm,DD,128
2026-08-02 04:47:48,2026-08-02 04:47:48,128.0,mm,DD,128
2026-08-02 04:47:48,2026-08-02 04:47:48,128.0,mm,DD,128
2026-08-02 04:47:48,2026-08-02 04:47:48,128.0,mm,ND,128
2026-08-02 04:47:22,2026-08-02 04:47:49,128.0,mm,DD,128
2026-08-02 04:47:22,2026-08-02 04:47:49,128.0,mm,ND,128
2026-08-02 04:10:19,2026-08-02 04:10:19,301.0,mm,DD,301
2026-08-02 04:10:13,2026-08-02 04:10:13,301.0,mm,DD,301
2026-08-02 04:10:13,2026-08-02 04:10:13,301.0,mm,DD,301
2026-08-02 04:10:13,2026-08-02 04:10:13,301.0,mm,DD,301
2026-08-02 04:10:13,2026-08-02 04:10:13,301.0,mm,AN,301
2026-08-02 04:09:46,2026-08-02 10:01:41,301.0,mm,DD,301
2026-08-02 04:09:46,2026-08-02 10:01:41,301.0,mm,A,301
2026-08-02 01:47:53,2026-08-02 10:01:36,128.0,mm,ND,128
2026-08-02 01:47:47,2026-08-02 01:47:47,128.0,mm,DD,128
2026-08-02 01:47:47,2026-08-02 01:47:47,128.0,mm,DD,128
2026-08-02 01:47:47,2026-08-02 01:47:47,128.0,mm,DD,128
2026-08-02 01:47:47,2026-08-02 01:47:47,128.0,mm,ND,128
2026-08-02 01:47:21,2026-08-02 01:47:48,128.0,mm,DD,128
2026-08-02 01:47:21,2026-08-02 01:47:48,128.0,mm,ND,128
2026-08-02 01:10:18,2026-08-02 01:10:18,301.0,mm,DD,301
2026-08-02 01:10:12,2026-08-02 01:10:12,301.0,mm,DD,301
2026-08-02 01:10:12,2026-08-02 01:10:12,301.0,mm,DD,301
2026-08-02 01:10:12,2026-08-02 01:10:12,301.0,mm,DD,301
2026-08-02 01:10:12,2026-08-02 01:10:12,301.0,mm,DD,301
2026-08-02 01:10:12,2026-08-02 01:10:12,301.0,mm,A,301
2026-08-02 01:09:45,2026-08-02 01:10:12,301.0,mm,DD,301
2026-08-02 01:09:45,2026-08-02 01:10:12,301.0,mm,A,301
2026-08-01 22:10:11,2026-08-01 22:10:11,301.0,mm,DD,301
2026-08-01 22:10:11,2026-08-01 22:10:11,301.0,mm,DD,301
2026-08-01 22:10:11,2026-08-01 22:10:11,301.0,mm,DD,301
2026-08-01 22:10:11,2026-08-01 22:10:11,301.0,mm,DD,301
2026-08-01 22:10:11,2026-08-01 22:10:11,301.0,mm,DD,301
2026-08-01 22:10:11,2026-08-01 22:10:11,301.0,mm,A,301
2026-08-01 22:09:44,2026-08-01 22:10:11,301.0,mm,DD,301
2026-08-01 22:09:44,2026-08-01 22:10:11,301.0,mm,A,301
2026-08-01 19:10:16,2026-08-01 19:10:16,301.0,mm,DD,301
2026-08-01 19:10:10,2026-08-01 19:10:10,301.0,mm,DD,301
2026-08-01 19:10:10,2026-08-01 19:10:10,301.0,mm,DD,301
2026-08-01 19:10:10,2026-08-01 19:10:10,301.0,mm,DD,301
2026-08-01 19:10:10,2026-08-01 19:10:10,301.0,mm,A,301
2026-08-01 19:09:44,2026-08-01 19:10:10,301.0,mm,DD,301
2026-08-01 19:09:44,2026-08-01 19:10:10,301.0,mm,A,301
2026-08-01 16:10:09,2026-08-01 16:10:10,301.0,mm,DD,301
2026-08-01 16:10:09,2026-08-01 16:10:10,301.0,mm,DD,301
2026-08-01 16:10:09,2026-08-01 16:10:10,301.0,mm,DD,301
2026-08-01 16:10:09,2026-08-01 16:10:10,301.0,mm,DD,301
2026-08-01 16:10:09,2026-08-01 16:10:10,301.0,mm,DD,301
2026-08-01 16:10:09,2026-08-01 16:10:10,301.0,mm,A,301
2026-08-01 16:09:43,2026-08-01 16:10:10,301.0,mm,DD,301
2026-08-01 16:09:43,2026-08-01 16:10:10,301.0,mm,A,301
2026-08-01 13:10:09,2026-08-01 13:10:09,301.0,mm,DD,301
2026-08-01 13:10:09,2026-08-01 13:10:09,301.0,mm,DD,301
2026-08-01 13:10:09,2026-08-01 13:10:09,301.0,mm,DD,301
2026-08-01 13:10:09,2026-08-01 13:10:09,301.0,mm,A,301
2026-08-01 13:09:42,2026-08-01 13:10:09,301.0,mm,DD,301
2026-08-01 13:09:42,2026-08-01 13:10:09,301.0,mm,A,301
2026-08-01 10:10:08,2026-08-01 10:10:09,301.0,mm,DD,301
2026-08-01 10:10:08,2026-08-01 10:10:09,301.0,mm,DD,301
2026-08-01 10:10:08,2026-08-01 10:10:09,301.0,mm,DD,301
2026-08-01 10:10:08,2026-08-01 10:10:09,301.0,mm,DD,301
2026-08-01 10:10:08,2026-08-01 10:10:09,301.0,mm,A,301
2026-08-01 07:47:47,2026-08-01 07:47:47,128.0,mm,DD,128
2026-08-01 07:47:47,2026-08-01 07:47:47,128.0,mm,DD,128
2026-08-01 07:47:41,2026-08-01 11:25:06,128.0,mm,DD,128
2026-08-01 07:47:41,2026-08-01 11:25:06,128.0,mm,DD,128
2026-08-01 07:47:40,2026-08-01 11:25:03,128.0,mm,DD,128
2026-08-01 07:47:40,2026-08-01 11:25:03,128.0,mm,ND,128
2026-08-01 07:47:16,2026-08-01 07:47:41,128.0,mm,DD,128
2026-08-01 07:47:16,2026-08-01 07:47:41,128.0,mm,ND,128
2026-08-01 07:10:14,2026-08-01 07:10:14,301.0,mm,DD,301
2026-08-01 07:10:07,2026-08-01 07:10:07,301.0,mm,DD,301
2026-08-01 07:10:07,2026-08-01 07:10:07,301.0,mm,DD,301
2026-08-01 07:10:07,2026-08-01 07:10:07,301.0,mm,DD,301
2026-08-01 07:10:07,2026-08-01 07:10:07,301.0,mm,DD,301
2026-08-01 07:10:07,2026-08-01 07:10:07,301.0,mm,A,301
2026-08-01 07:09:44,2026-08-01 07:10:07,301.0,mm,DD,301
2026-08-01 07:09:44,2026-08-01 07:10:07,301.0,mm,A,301
2026-08-01 04:10:12,2026-08-01 04:10:12,301.0,mm,DD,301
2026-08-01 04:10:06,2026-08-01 04:10:06,301.0,mm,DD,301
2026-08-01 04:10:06,2026-08-01 04:10:06,301.0,mm,DD,301
2026-08-01 04:10:06,2026-08-01 04:10:06,301.0,mm,AN,301
2026-08-01 04:09:41,2026-08-01 11:24:50,301.0,mm,DD,301
2026-08-01 04:09:41,2026-08-01 11:24:50,301.0,mm,A,301
2026-08-01 01:47:45,2026-08-01 11:24:44,128.0,mm,DD,128
2026-08-01 01:47:38,2026-08-01 01:47:39,128.0,mm,DD,128
2026-08-01 01:47:38,2026-08-01 01:47:39,128.0,mm,DD,128
2026-08-01 01:47:38,2026-08-01 01:47:39,128.0,mm,DD,128
2026-08-01 01:47:38,2026-08-01 01:47:39,128.0,mm,ND,128
2026-08-01 01:47:14,2026-08-01 01:47:39,128.0,mm,DD,128
2026-08-01 01:47:14,2026-08-01 01:47:39,128.0,mm,ND,128
2026-08-01 01:10:12,2026-08-01 01:10:12,301.0,mm,DD,301
2026-08-01 01:10:05,2026-08-01 11:24:31,301.0,mm,DD,301
2026-08-01 01:10:05,2026-08-01 11:24:31,301.0,mm,DD,301
2026-08-01 01:10:05,2026-08-01 11:24:31,301.0,mm,DD,301
2026-08-01 01:10:05,2026-08-01 11:24:31,301.0,mm,DD,301
2026-08-01 01:10:05,2026-08-01 11:24:31,301.0,mm,AN,301
2026-08-01 01:09:40,2026-08-01 01:10:05,301.0,mm,DD,301
2026-08-01 01:09:40,2026-08-01 01:10:05,301.0,mm,A,301
2026-07-31 22:47:44,2026-07-31 22:47:44,129.0,mm,DD,129
2026-07-31 22:47:43,2026-07-31 22:47:43,129.0,mm,DD,129
2026-07-31 22:47:38,2026-07-31 22:47:39,129.0,mm,DD,129
2026-07-31 22:47:38,2026-07-31 22:47:39,129.0,mm,DD,129
2026-07-31 22:47:37,2026-07-31 22:47:38,129.0,mm,DD,129
2026-07-31 22:47:37,2026-07-31 22:47:38,129.0,mm,DD,129
2026-07-31 22:47:37,2026-07-31 22:47:38,129.0,mm,DD,129
2026-07-31 22:47:37,2026-07-31 22:47:38,129.0,mm,ND,129
2026-07-31 22:10:11,2026-07-31 22:10:11,301.0,mm,DD,301
2026-07-31 22:10:05,2026-07-31 22:10:05,301.0,mm,DD,301
2026-07-31 22:10:05,2026-07-31 22:10:05,301.0,mm,DD,301
2026-07-31 22:10:05,2026-07-31 22:10:05,301.0,mm,A,301
2026-07-31 22:10:04,2026-07-31 22:10:05,301.0,mm,DD,301
2026-07-31 22:10:04,2026-07-31 22:10:05,301.0,mm,DD,301
2026-07-31 22:10:04,2026-07-31 22:10:05,301.0,mm,DD,301
2026-07-31 19:10:04,2026-07-31 19:10:04,301.0,mm,DD,301
2026-07-31 19:10:04,2026-07-31 19:10:04,301.0,mm,DD,301
2026-07-31 19:10:04,2026-07-31 19:10:04,301.0,mm,DD,301
2026-07-31 19:10:04,2026-07-31 19:10:04,301.0,mm,DD,301
2026-07-31 19:10:04,2026-07-31 19:10:04,301.0,mm,DD,301
2026-07-31 19:10:04,2026-07-31 19:10:04,301.0,mm,A,301
2026-07-31 19:09:48,2026-07-31 19:10:04,301.0,mm,DD,301
2026-07-31 19:09:48,2026-07-31 19:10:04,301.0,mm,A,301
2026-07-31 16:10:03,2026-07-31 16:10:03,301.0,mm,DD,301
2026-07-31 16:10:03,2026-07-31 16:10:03,301.0,mm,DD,301
2026-07-31 16:10:03,2026-07-31 16:10:03,301.0,mm,DD,301
2026-07-31 16:10:03,2026-07-31 16:10:03,301.0,mm,DD,301
2026-07-31 16:10:03,2026-07-31 16:10:03,301.0,mm,A,301
2026-07-31 16:09:39,2026-07-31 16:10:03,301.0,mm,DD,301
2026-07-31 16:09:39,2026-07-31 16:10:03,301.0,mm,A,301
2026-07-31 13:10:09,2026-07-31 13:10:09,301.0,mm,DD,301
2026-07-31 13:10:02,2026-07-31 13:10:02,301.0,mm,DD,301
2026-07-31 13:10:02,2026-07-31 13:10:02,301.0,mm,DD,301
2026-07-31 13:10:02,2026-07-31 13:10:02,301.0,mm,DD,301
2026-07-31 13:10:02,2026-07-31 13:10:02,301.0,mm,DD,301
2026-07-31 13:10:02,2026-07-31 13:10:02,301.0,mm,DD,301
2026-07-31 13:10:02,2026-07-31 13:10:02,301.0,mm,DD,301
2026-07-31 13:10:02,2026-07-31 13:10:02,301.0,mm,A,301
2026-07-31 10:10:08,2026-07-31 10:10:08,301.0,mm,DD,301
2026-07-31 10:10:01,2026-07-31 10:10:02,301.0,mm,DD,301
2026-07-31 10:10:01,2026-07-31 10:10:02,301.0,mm,DD,301
2026-07-31 10:10:01,2026-07-31 10:10:02,301.0,mm,DD,301
2026-07-31 10:10:01,2026-07-31 10:10:02,301.0,mm,DD,301
2026-07-31 10:10:01,2026-07-31 10:10:02,301.0,mm,DD,301
2026-07-31 10:10:00,2026-07-31 10:10:01,301.0,mm,DD,301
2026-07-31 10:10:00,2026-07-31 10:10:01,301.0,mm,A,301
2026-07-31 07:10:07,2026-07-31 07:10:07,301.0,mm,DD,301
2026-07-31 07:10:01,2026-07-31 07:10:01,301.0,mm,DD,301
2026-07-31 07:10:01,2026-07-31 07:10:01,301.0,mm,DD,301
2026-07-31 07:10:00,2026-07-31 07:10:01,301.0,mm,DD,301
2026-07-31 07:10:00,2026-07-31 07:10:01,301.0,mm,DD,301
2026-07-31 07:10:00,2026-07-31 07:10:01,301.0,mm,DD,301
2026-07-31 07:10:00,2026-07-31 07:10:01,301.0,mm,DD,301
2026-07-31 07:09:57,2026-07-31 07:10:01,301.0,mm,DD,301
2026-07-31 07:09:57,2026-07-31 07:10:01,301.0,mm,A,301
2026-07-31 04:10:06,2026-07-31 04:10:06,301.0,mm,DD,301
2026-07-31 04:10:00,2026-07-31 04:10:00,301.0,mm,DD,301
2026-07-31 04:10:00,2026-07-31 04:10:00,301.0,mm,A,301
2026-07-31 01:10:05,2026-07-31 01:10:05,301.0,mm,DD,301
2026-07-31 01:09:59,2026-07-31 01:09:59,301.0,mm,DD,301
2026-07-31 01:09:59,2026-07-31 01:09:59,301.0,mm,DD,301
2026-07-31 01:09:59,2026-07-31 01:09:59,301.0,mm,DD,301
2026-07-31 01:09:59,2026-07-31 01:09:59,301.0,mm,DD,301
2026-07-31 01:09:59,2026-07-31 01:09:59,301.0,mm,AN,301
2026-07-31 01:09:35,2026-07-31 01:09:59,301.0,mm,DD,301
2026-07-31 01:09:35,2026-07-31 01:09:59,301.0,mm,AN,301
2026-07-30 22:10:04,2026-07-30 22:10:04,301.0,mm,DD,301
2026-07-30 22:09:58,2026-07-31 10:12:04,301.0,mm,DD,301
2026-07-30 22:09:58,2026-07-31 10:12:04,301.0,mm,DD,301
2026-07-30 22:09:58,2026-07-31 10:12:04,301.0,mm,DD,301
2026-07-30 22:09:58,2026-07-31 10:12:04,301.0,mm,DD,301
2026-07-30 22:09:57,2026-07-31 10:12:00,301.0,mm,DD,301
2026-07-30 22:09:57,2026-07-31 10:12:00,301.0,mm,A,301
2026-07-30 19:47:35,2026-07-31 10:11:54,130.0,mm,DD,130
2026-07-30 19:47:28,2026-07-30 19:47:28,130.0,mm,DD,130
2026-07-30 19:47:28,2026-07-30 19:47:28,130.0,mm,DD,130
2026-07-30 19:47:28,2026-07-30 19:47:28,130.0,mm,DD,130
2026-07-30 19:47:28,2026-07-30 19:47:28,130.0,mm,ND,130
2026-07-30 19:47:06,2026-07-30 19:47:29,130.0,mm,DD,130
2026-07-30 19:47:06,2026-07-30 19:47:29,130.0,mm,ND,130
2026-07-30 19:10:09,2026-07-30 19:10:09,301.0,mm,A,301
2026-07-30 19:09:58,2026-07-30 19:09:58,301.0,mm,DD,301
2026-07-30 19:09:58,2026-07-30 19:09:58,301.0,mm,DD,301
2026-07-30 19:09:57,2026-07-31 10:11:24,301.0,mm,DD,301
2026-07-30 19:09:57,2026-07-31 10:11:24,301.0,mm,DD,301
2026-07-30 19:09:35,2026-07-30 19:09:58,301.0,mm,DD,301
2026-07-30 19:09:35,2026-07-30 19:09:58,301.0,mm,AS,301
2026-07-30 16:09:56,2026-07-30 16:09:57,301.0,mm,DD,301
2026-07-30 16:09:56,2026-07-30 16:09:57,301.0,mm,DD,301
2026-07-30 16:09:56,2026-07-30 16:09:57,301.0,mm,DD,301
2026-07-30 16:09:56,2026-07-30 16:09:57,301.0,mm,DD,301
2026-07-30 16:09:56,2026-07-30 16:09:57,301.0,mm,A,301
2026-07-30 16:09:33,2026-07-30 16:09:56,301.0,mm,DD,301
2026-07-30 16:09:33,2026-07-30 16:09:56,301.0,mm,A,301
2026-07-30 13:10:02,2026-07-30 13:10:02,301.0,mm,DD,301
2026-07-30 13:09:56,2026-07-30 13:09:56,301.0,mm,DD,301
2026-07-30 13:09:56,2026-07-30 13:09:56,301.0,mm,DD,301
2026-07-30 13:09:56,2026-07-30 13:09:56,301.0,mm,DD,301
2026-07-30 13:09:56,2026-07-30 13:09:56,301.0,mm,DD,301
2026-07-30 13:09:56,2026-07-30 13:09:56,301.0,mm,A,301
2026-07-30 13:09:32,2026-07-30 13:09:56,301.0,mm,DD,301
2026-07-30 13:09:32,2026-07-30 13:09:56,301.0,mm,A,301
2026-07-30 10:10:01,2026-07-30 10:10:01,301.0,mm,DD,301
2026-07-30 10:09:55,2026-07-30 10:09:55,301.0,mm,DD,301
2026-07-30 10:09:55,2026-07-30 10:09:55,301.0,mm,DD,301
2026-07-30 10:09:55,2026-07-30 10:09:55,301.0,mm,DD,301
2026-07-30 10:09:55,2026-07-30 10:09:55,301.0,mm,DD,301
2026-07-30 10:09:55,2026-07-30 10:09:55,301.0,mm,A,301
2026-07-30 10:09:54,2026-07-30 10:09:55,301.0,mm,DD,301
2026-07-30 10:09:54,2026-07-30 10:09:55,301.0,mm,A,301
2026-07-30 07:10:00,2026-07-30 07:10:00,301.0,mm,DD,301
2026-07-30 07:09:54,2026-07-30 07:09:54,301.0,mm,DD,301
2026-07-30 07:09:54,2026-07-30 07:09:54,301.0,mm,DD,301
2026-07-30 07:09:54,2026-07-30 07:09:54,301.0,mm,DD,301
2026-07-30 07:09:54,2026-07-30 07:09:54,301.0,mm,DD,301
2026-07-30 07:09:54,2026-07-30 07:09:54,301.0,mm,A,301
2026-07-30 07:09:32,2026-07-30 07:09:54,301.0,mm,DD,301
2026-07-30 07:09:32,2026-07-30 07:09:54,301.0,mm,A,301
2026-07-30 04:09:59,2026-07-30 04:09:59,301.0,mm,DD,301
2026-07-30 04:09:53,2026-07-30 04:09:53,301.0,mm,DD,301
2026-07-30 04:09:53,2026-07-30 04:09:53,301.0,mm,DD,301
2026-07-30 04:09:53,2026-07-30 04:09:53,301.0,mm,DD,301
2026-07-30 04:09:53,2026-07-30 04:09:53,301.0,mm,DD,301
2026-07-30 04:09:53,2026-07-30 04:09:53,301.0,mm,A,301
2026-07-30 04:09:31,2026-07-30 04:09:53,301.0,mm,DD,301
2026-07-30 04:09:31,2026-07-30 04:09:53,301.0,mm,A,301
2026-07-30 01:09:58,2026-07-30 01:09:58,301.0,mm,DD,301
2026-07-30 01:09:52,2026-07-30 01:09:52,301.0,mm,DD,301
2026-07-30 01:09:52,2026-07-30 01:09:52,301.0,mm,DD,301
2026-07-30 01:09:52,2026-07-30 01:09:52,301.0,mm,DD,301
2026-07-30 01:09:52,2026-07-30 01:09:52,301.0,mm,DD,301
2026-07-30 01:09:52,2026-07-30 01:09:52,301.0,mm,DD,301
2026-07-30 01:09:52,2026-07-30 01:09:52,301.0,mm,A,301
2026-07-30 01:09:31,2026-07-30 01:09:52,301.0,mm,DD,301
2026-07-30 01:09:31,2026-07-30 01:09:52,301.0,mm,A,301
2026-07-29 22:09:58,2026-07-29 22:09:58,301.0,mm,DD,301
2026-07-29 22:09:51,2026-07-29 22:09:52,301.0,mm,DD,301
2026-07-29 22:09:51,2026-07-29 22:09:52,301.0,mm,DD,301
2026-07-29 22:09:51,2026-07-29 22:09:52,301.0,mm,DD,301
2026-07-29 22:09:51,2026-07-29 22:09:52,301.0,mm,DD,301
2026-07-29 22:09:51,2026-07-29 22:09:52,301.0,mm,A,301
2026-07-29 22:09:30,2026-07-29 22:09:52,301.0,mm,DD,301
2026-07-29 22:09:30,2026-07-29 22:09:52,301.0,mm,A,301
2026-07-29 19:47:21,2026-07-29 19:47:21,130.0,mm,DD,130
2026-07-29 19:47:20,2026-07-29 19:47:20,130.0,mm,DD,130
2026-07-29 19:47:20,2026-07-29 19:47:20,130.0,mm,DD,130
2026-07-29 19:47:16,2026-07-29 19:47:15,130.0,mm,DD,130
2026-07-29 19:47:16,2026-07-29 19:47:15,130.0,mm,DD,130
2026-07-29 19:47:15,2026-07-29 19:47:15,130.0,mm,DD,130
2026-07-29 19:47:15,2026-07-29 19:47:15,130.0,mm,ND,130
2026-07-29 19:09:57,2026-07-29 19:09:57,301.0,mm,DD,301
2026-07-29 19:09:50,2026-07-29 19:09:51,301.0,mm,DD,301
2026-07-29 19:09:50,2026-07-29 19:09:51,301.0,mm,DD,301
2026-07-29 19:09:50,2026-07-29 19:09:51,301.0,mm,DD,301
2026-07-29 19:09:50,2026-07-29 19:09:51,301.0,mm,DD,301
2026-07-29 19:09:50,2026-07-29 19:09:51,301.0,mm,A,301
2026-07-29 19:09:27,2026-07-29 19:09:51,301.0,mm,DD,301
2026-07-29 19:09:27,2026-07-29 19:09:51,301.0,mm,A,301
2026-07-29 16:09:56,2026-07-29 16:09:56,301.0,mm,DD,301
2026-07-29 16:09:50,2026-07-29 16:09:50,301.0,mm,DD,301
2026-07-29 16:09:50,2026-07-29 16:09:50,301.0,mm,DD,301
2026-07-29 16:09:50,2026-07-29 16:09:50,301.0,mm,DD,301
2026-07-29 16:09:50,2026-07-29 16:09:50,301.0,mm,A,301
2026-07-29 13:09:49,2026-07-29 13:09:49,301.0,mm,DD,301
2026-07-29 13:09:49,2026-07-29 13:09:49,301.0,mm,A,301
2026-07-29 10:09:54,2026-07-29 10:09:54,301.0,mm,DD,301
2026-07-29 10:09:48,2026-07-29 10:09:48,301.0,mm,DD,301
2026-07-29 10:09:48,2026-07-29 10:09:48,301.0,mm,DD,301
2026-07-29 10:09:48,2026-07-29 10:09:48,301.0,mm,DD,301
2026-07-29 10:09:48,2026-07-29 10:09:48,301.0,mm,DD,301
2026-07-29 10:09:48,2026-07-29 10:09:48,301.0,mm,A,301
2026-07-29 10:09:26,2026-07-29 10:09:48,301.0,mm,DD,301
2026-07-29 10:09:26,2026-07-29 10:09:48,301.0,mm,A,301
2026-07-29 07:09:54,2026-07-29 07:09:54,301.0,mm,DD,301
2026-07-29 07:09:47,2026-07-29 07:09:48,301.0,mm,DD,301
2026-07-29 07:09:47,2026-07-29 07:09:48,301.0,mm,DD,301
2026-07-29 07:09:47,2026-07-29 07:09:48,301.0,mm,DD,301
2026-07-29 07:09:47,2026-07-29 07:09:48,301.0,mm,A,301
2026-07-29 07:09:25,2026-07-29 07:09:47,301.0,mm,DD,301
2026-07-29 07:09:25,2026-07-29 07:09:47,301.0,mm,A,301
2026-07-29 04:09:58,2026-07-29 04:09:58,951.0,mm,PD,951
2026-07-29 04:09:53,2026-07-29 04:09:53,301.0,mm,A,301
2026-07-29 04:09:52,2026-07-29 04:09:52,951.0,mm,DD,951
2026-07-29 04:09:52,2026-07-29 04:09:52,951.0,mm,DD,951
2026-07-29 04:09:52,2026-07-29 04:09:52,951.0,mm,DD,951
2026-07-29 04:09:52,2026-07-29 04:09:52,951.0,mm,PD,951
2026-07-29 04:09:46,2026-07-29 12:29:14,301.0,mm,DD,301
2026-07-29 04:09:46,2026-07-29 12:29:14,301.0,mm,DD,301
2026-07-29 04:09:46,2026-07-29 12:29:14,301.0,mm,DD,301
2026-07-29 04:09:46,2026-07-29 12:29:14,301.0,mm,A,301
2026-07-29 04:09:32,2026-07-29 04:09:53,951.0,mm,DD,951
2026-07-29 04:09:32,2026-07-29 04:09:53,951.0,mm,PD,951
2026-07-29 04:09:26,2026-07-29 12:29:08,301.0,mm,DD,301
2026-07-29 04:09:26,2026-07-29 12:29:08,301.0,mm,A,301
2026-07-29 04:01:58,2026-07-29 04:01:58,474.0,mm,PD,474
2026-07-29 01:47:20,2026-07-29 12:28:51,129.0,mm,DD,129
2026-07-29 01:47:13,2026-07-29 01:47:14,129.0,mm,DD,129
2026-07-29 01:47:13,2026-07-29 01:47:14,129.0,mm,DD,129
2026-07-29 01:47:13,2026-07-29 01:47:14,129.0,mm,DD,129
2026-07-29 01:47:13,2026-07-29 01:47:14,129.0,mm,ND,129
2026-07-29 01:46:54,2026-07-29 01:47:15,129.0,mm,DD,129
2026-07-29 01:46:54,2026-07-29 01:47:15,129.0,mm,ND,129
2026-07-29 01:09:52,2026-07-29 01:09:52,301.0,mm,DD,301
2026-07-29 01:09:46,2026-07-29 01:09:46,301.0,mm,DD,301
2026-07-29 01:09:46,2026-07-29 01:09:46,301.0,mm,DD,301
2026-07-29 01:09:46,2026-07-29 01:09:46,301.0,mm,DD,301
2026-07-29 01:09:46,2026-07-29 01:09:46,301.0,mm,DD,301
2026-07-29 01:09:46,2026-07-29 01:09:46,301.0,mm,A,301
2026-07-29 01:09:25,2026-07-29 01:09:46,301.0,mm,DD,301
2026-07-29 01:09:25,2026-07-29 01:09:46,301.0,mm,A,301
2026-07-28 22:09:51,2026-07-28 22:09:51,301.0,mm,DD,301
2026-07-28 22:09:45,2026-07-28 22:09:45,301.0,mm,DD,301
2026-07-28 22:09:45,2026-07-28 22:09:45,301.0,mm,DD,301
2026-07-28 22:09:45,2026-07-28 22:09:45,301.0,mm,DD,301
2026-07-28 22:09:45,2026-07-28 22:09:45,301.0,mm,DD,301
2026-07-28 22:09:45,2026-07-28 22:09:45,301.0,mm,A,301
2026-07-28 22:09:24,2026-07-28 22:09:45,301.0,mm,DD,301
2026-07-28 22:09:24,2026-07-28 22:09:45,301.0,mm,A,301
2026-07-28 22:09:23,2026-07-28 22:09:44,1,613.0,mm,DD,1613
2026-07-28 22:09:23,2026-07-28 22:09:44,1,613.0,mm,PD,1613
2026-07-28 19:47:18,2026-07-28 19:47:18,130.0,mm,DD,130
2026-07-28 19:47:12,2026-07-28 19:47:13,130.0,mm,DD,130
2026-07-28 19:47:12,2026-07-28 19:47:13,130.0,mm,ND,130
2026-07-28 19:47:11,2026-07-28 19:47:12,130.0,mm,DD,130
2026-07-28 19:47:11,2026-07-28 19:47:12,130.0,mm,DD,130
2026-07-28 19:47:11,2026-07-28 19:47:12,130.0,mm,DD,130
2026-07-28 19:47:11,2026-07-28 19:47:12,130.0,mm,DD,130
2026-07-28 19:47:11,2026-07-28 19:47:12,130.0,mm,DD,130
2026-07-28 19:47:11,2026-07-28 19:47:12,130.0,mm,ND,130
2026-07-28 19:09:44,2026-07-28 19:09:44,301.0,mm,DD,301
2026-07-28 19:09:44,2026-07-28 19:09:44,301.0,mm,DD,301
2026-07-28 19:09:44,2026-07-28 19:09:44,301.0,mm,DD,301
2026-07-28 19:09:44,2026-07-28 19:09:44,301.0,mm,DD,301
2026-07-28 19:09:44,2026-07-28 19:09:44,301.0,mm,A,301
2026-07-28 19:09:23,2026-07-28 19:09:44,301.0,mm,DD,301
2026-07-28 19:09:23,2026-07-28 19:09:44,301.0,mm,A,301
2026-07-28 16:09:43,2026-07-28 16:09:43,301.0,mm,DD,301
2026-07-28 16:09:43,2026-07-28 16:09:43,301.0,mm,DD,301
2026-07-28 16:09:43,2026-07-28 16:09:43,301.0,mm,DD,301
2026-07-28 16:09:43,2026-07-28 16:09:43,301.0,mm,DD,301
2026-07-28 16:09:43,2026-07-28 16:09:43,301.0,mm,DD,301
2026-07-28 16:09:43,2026-07-28 16:09:43,301.0,mm,A,301
2026-07-28 16:09:40,2026-07-28 16:09:43,301.0,mm,DD,301
2026-07-28 16:09:40,2026-07-28 16:09:43,301.0,mm,A,301
2026-07-28 13:09:49,2026-07-28 13:09:49,301.0,mm,DD,301
2026-07-28 13:09:42,2026-07-28 13:09:43,301.0,mm,DD,301
2026-07-28 13:09:42,2026-07-28 13:09:43,301.0,mm,DD,301
2026-07-28 13:09:42,2026-07-28 13:09:43,301.0,mm,DD,301
2026-07-28 13:09:42,2026-07-28 13:09:43,301.0,mm,DD,301
2026-07-28 13:09:42,2026-07-28 13:09:43,301.0,mm,A,301
2026-07-28 13:09:22,2026-07-28 13:09:43,301.0,mm,DD,301
2026-07-28 13:09:22,2026-07-28 13:09:43,301.0,mm,A,301
2026-07-28 10:09:48,2026-07-28 10:09:48,301.0,mm,DD,301
2026-07-28 10:09:42,2026-07-28 10:09:42,301.0,mm,DD,301
2026-07-28 10:09:42,2026-07-28 10:09:42,301.0,mm,DD,301
2026-07-28 10:09:42,2026-07-28 10:09:42,301.0,mm,DD,301
2026-07-28 10:09:42,2026-07-28 10:09:42,301.0,mm,A,301
2026-07-28 10:09:22,2026-07-28 10:09:42,301.0,mm,DD,301
2026-07-28 10:09:22,2026-07-28 10:09:42,301.0,mm,A,301
2026-07-28 07:09:47,2026-07-28 07:09:47,301.0,mm,DD,301
2026-07-28 07:09:41,2026-07-28 07:09:41,301.0,mm,DD,301
2026-07-28 07:09:41,2026-07-28 07:09:41,301.0,mm,A,301
2026-07-28 07:09:21,2026-07-28 07:09:41,301.0,mm,DD,301
2026-07-28 07:09:21,2026-07-28 07:09:41,301.0,mm,A,301
2026-07-28 04:09:46,2026-07-28 04:09:46,301.0,mm,DD,301
2026-07-28 04:09:40,2026-07-28 04:09:40,301.0,mm,DD,301
2026-07-28 04:09:40,2026-07-28 04:09:40,301.0,mm,DD,301
2026-07-28 04:09:40,2026-07-28 04:09:40,301.0,mm,DD,301
2026-07-28 04:09:40,2026-07-28 04:09:40,301.0,mm,DD,301
2026-07-28 04:09:40,2026-07-28 04:09:40,301.0,mm,A,301
2026-07-28 04:09:22,2026-07-28 04:09:40,301.0,mm,DD,301
2026-07-28 04:09:22,2026-07-28 04:09:40,301.0,mm,A,301
2026-07-28 04:09:21,2026-07-28 04:09:40,1,645.0,mm,DD,1645
2026-07-28 04:09:21,2026-07-28 04:09:40,1,645.0,mm,PD,1645
2026-07-28 01:09:46,2026-07-28 01:09:46,301.0,mm,DD,301
2026-07-28 01:09:45,2026-07-28 01:09:45,301.0,mm,DD,301
2026-07-28 01:09:45,2026-07-28 01:09:45,301.0,mm,DD,301
2026-07-28 01:09:39,2026-07-28 10:47:58,301.0,mm,DD,301
2026-07-28 01:09:39,2026-07-28 10:47:58,301.0,mm,DD,301
2026-07-28 01:09:39,2026-07-28 10:47:58,301.0,mm,DD,301
2026-07-28 01:09:39,2026-07-28 10:47:58,301.0,mm,DD,301
2026-07-28 01:09:39,2026-07-28 10:47:58,301.0,mm,AN,301
2026-07-28 01:09:19,2026-07-28 10:47:54,301.0,mm,DD,301
2026-07-28 01:09:19,2026-07-28 10:47:54,301.0,mm,A,301
2026-07-27 22:47:11,2026-07-28 10:47:45,129.0,mm,DD,129
2026-07-27 22:47:05,2026-07-27 22:47:05,129.0,mm,DD,129
2026-07-27 22:47:04,2026-07-27 22:47:04,129.0,mm,DD,129
2026-07-27 22:47:04,2026-07-27 22:47:04,129.0,mm,DD,129
2026-07-27 22:47:04,2026-07-27 22:47:04,129.0,mm,DD,129
2026-07-27 22:47:04,2026-07-27 22:47:04,129.0,mm,DD,129
2026-07-27 22:47:04,2026-07-27 22:47:04,129.0,mm,DD,129
2026-07-27 22:47:04,2026-07-27 22:47:04,129.0,mm,ND,129
2026-07-27 22:46:46,2026-07-27 22:47:06,129.0,mm,DD,129
2026-07-27 22:46:46,2026-07-27 22:47:06,129.0,mm,ND,129
2026-07-27 22:09:45,2026-07-27 22:09:45,301.0,mm,DD,301
2026-07-27 22:09:38,2026-07-27 22:09:39,301.0,mm,DD,301
2026-07-27 22:09:38,2026-07-27 22:09:39,301.0,mm,DD,301
2026-07-27 22:09:38,2026-07-27 22:09:39,301.0,mm,DD,301
2026-07-27 22:09:38,2026-07-27 22:09:39,301.0,mm,DD,301
2026-07-27 22:09:38,2026-07-27 22:09:39,301.0,mm,A,301
2026-07-27 22:09:19,2026-07-27 22:09:39,301.0,mm,DD,301
2026-07-27 22:09:19,2026-07-27 22:09:39,301.0,mm,A,301
2026-07-27 19:09:44,2026-07-27 19:09:44,301.0,mm,DD,301
2026-07-27 19:09:38,2026-07-27 19:09:38,301.0,mm,DD,301
2026-07-27 19:09:38,2026-07-27 19:09:38,301.0,mm,DD,301
2026-07-27 19:09:38,2026-07-27 19:09:38,301.0,mm,DD,301
2026-07-27 19:09:38,2026-07-27 19:09:38,301.0,mm,DD,301
2026-07-27 19:09:38,2026-07-27 19:09:38,301.0,mm,A,301
2026-07-27 19:09:18,2026-07-27 19:09:38,301.0,mm,DD,301
2026-07-27 19:09:18,2026-07-27 19:09:38,301.0,mm,A,301
2026-07-27 17:31:49,2026-07-27 17:31:49,1.0,mm,DD,1
2026-07-27 17:31:49,2026-07-27 17:31:49,1.0,mm,ND,1
2026-07-27 16:09:37,2026-07-27 16:09:37,301.0,mm,DD,301
2026-07-27 16:09:37,2026-07-27 16:09:37,301.0,mm,DD,301
2026-07-27 16:09:37,2026-07-27 16:09:37,301.0,mm,DD,301
2026-07-27 16:09:37,2026-07-27 16:09:37,301.0,mm,DD,301
2026-07-27 16:09:37,2026-07-27 16:09:37,301.0,mm,A,301
2026-07-27 16:09:19,2026-07-27 16:09:37,301.0,mm,DD,301
2026-07-27 16:09:19,2026-07-27 16:09:37,301.0,mm,A,301
2026-07-27 13:09:36,2026-07-27 13:09:36,301.0,mm,DD,301
2026-07-27 13:09:36,2026-07-27 13:09:36,301.0,mm,DD,301
2026-07-27 13:09:36,2026-07-27 13:09:36,301.0,mm,DD,301
2026-07-27 13:09:36,2026-07-27 13:09:36,301.0,mm,DD,301
2026-07-27 13:09:36,2026-07-27 13:09:36,301.0,mm,A,301
2026-07-27 13:09:17,2026-07-27 13:09:36,301.0,mm,DD,301
2026-07-27 13:09:17,2026-07-27 13:09:36,301.0,mm,A,301
2026-07-27 10:09:35,2026-07-27 10:09:36,301.0,mm,DD,301
2026-07-27 10:09:35,2026-07-27 10:09:36,301.0,mm,DD,301
2026-07-27 10:09:35,2026-07-27 10:09:36,301.0,mm,DD,301
2026-07-27 10:09:35,2026-07-27 10:09:36,301.0,mm,DD,301
2026-07-27 10:09:35,2026-07-27 10:09:36,301.0,mm,A,301
2026-07-27 10:09:16,2026-07-27 10:09:35,301.0,mm,DD,301
2026-07-27 10:09:16,2026-07-27 10:09:35,301.0,mm,A,301
2026-07-27 07:09:34,2026-07-27 07:09:35,301.0,mm,DD,301
2026-07-27 07:09:34,2026-07-27 07:09:35,301.0,mm,DD,301
2026-07-27 07:09:34,2026-07-27 07:09:35,301.0,mm,DD,301
2026-07-27 07:09:34,2026-07-27 07:09:35,301.0,mm,DD,301
2026-07-27 07:09:34,2026-07-27 07:09:35,301.0,mm,A,301
2026-07-27 07:09:16,2026-07-27 07:09:35,301.0,mm,DD,301
2026-07-27 07:09:16,2026-07-27 07:09:35,301.0,mm,A,301
2026-07-27 04:09:40,2026-07-27 04:09:40,301.0,mm,DD,301
2026-07-27 04:09:34,2026-07-27 13:00:00,301.0,mm,DD,301
2026-07-27 04:09:34,2026-07-27 13:00:00,301.0,mm,DD,301
2026-07-27 04:09:34,2026-07-27 13:00:00,301.0,mm,DD,301
2026-07-27 04:09:34,2026-07-27 13:00:00,301.0,mm,AN,301
2026-07-27 04:09:16,2026-07-27 12:59:56,301.0,mm,DD,301
2026-07-27 04:09:16,2026-07-27 12:59:56,301.0,mm,A,301
2026-07-27 01:47:04,2026-07-27 12:59:44,128.0,mm,DD,128
2026-07-27 01:46:57,2026-07-27 01:46:57,128.0,mm,DD,128
2026-07-27 01:46:57,2026-07-27 01:46:57,128.0,mm,DD,128
2026-07-27 01:46:57,2026-07-27 01:46:57,128.0,mm,DD,128
2026-07-27 01:46:57,2026-07-27 01:46:57,128.0,mm,DD,128
2026-07-27 01:46:57,2026-07-27 01:46:57,128.0,mm,ND,128
2026-07-27 01:46:40,2026-07-27 01:46:58,128.0,mm,DD,128
2026-07-27 01:46:40,2026-07-27 01:46:58,128.0,mm,ND,128
2026-07-27 01:09:38,2026-07-27 01:09:38,301.0,mm,DD,301
2026-07-27 01:09:38,2026-07-27 01:09:38,301.0,mm,DD,301
2026-07-27 01:09:33,2026-07-27 01:09:33,301.0,mm,DD,301
2026-07-27 01:09:33,2026-07-27 01:09:33,301.0,mm,DD,301
2026-07-27 01:09:33,2026-07-27 01:09:33,301.0,mm,DD,301
2026-07-27 01:09:33,2026-07-27 01:09:33,301.0,mm,A,301
2026-07-27 01:09:15,2026-07-27 01:09:33,301.0,mm,DD,301
2026-07-27 01:09:15,2026-07-27 01:09:33,301.0,mm,A,301
2026-07-26 22:09:38,2026-07-26 22:09:38,301.0,mm,DD,301
2026-07-26 22:09:32,2026-07-26 22:09:32,301.0,mm,DD,301
2026-07-26 22:09:32,2026-07-26 22:09:32,301.0,mm,DD,301
2026-07-26 22:09:32,2026-07-26 22:09:32,301.0,mm,DD,301
2026-07-26 22:09:32,2026-07-26 22:09:32,301.0,mm,DD,301
2026-07-26 22:09:32,2026-07-26 22:09:32,301.0,mm,A,301
2026-07-26 22:09:14,2026-07-26 22:09:32,301.0,mm,DD,301
2026-07-26 22:09:14,2026-07-26 22:09:32,301.0,mm,A,301
2026-07-26 19:09:37,2026-07-26 19:09:37,301.0,mm,DD,301
2026-07-26 19:09:32,2026-07-26 19:09:31,301.0,mm,DD,301
2026-07-26 19:09:32,2026-07-26 19:09:31,301.0,mm,A,301
2026-07-26 19:09:31,2026-07-26 19:09:31,301.0,mm,DD,301
2026-07-26 19:09:31,2026-07-26 19:09:31,301.0,mm,DD,301
2026-07-26 19:09:31,2026-07-26 19:09:31,301.0,mm,DD,301
2026-07-26 19:09:31,2026-07-26 19:09:31,301.0,mm,DD,301
2026-07-26 19:09:31,2026-07-26 19:09:31,301.0,mm,A,301
2026-07-26 16:47:01,2026-07-26 16:47:01,136.0,mm,DD,136
2026-07-26 16:47:01,2026-07-26 16:47:01,136.0,mm,DD,136
2026-07-26 16:46:54,2026-07-26 16:46:54,136.0,mm,DD,136
2026-07-26 16:46:54,2026-07-26 16:46:54,136.0,mm,DD,136
2026-07-26 16:46:54,2026-07-26 16:46:54,136.0,mm,DD,136
2026-07-26 16:46:54,2026-07-26 16:46:54,136.0,mm,DD,136
2026-07-26 16:46:54,2026-07-26 16:46:54,136.0,mm,ND,136
2026-07-26 16:46:38,2026-07-26 16:46:55,136.0,mm,DD,136
2026-07-26 16:46:38,2026-07-26 16:46:55,136.0,mm,ND,136
2026-07-26 16:09:30,2026-07-26 16:09:30,301.0,mm,DD,301
2026-07-26 16:09:30,2026-07-26 16:09:30,301.0,mm,DD,301
2026-07-26 16:09:30,2026-07-26 16:09:30,301.0,mm,DD,301
2026-07-26 16:09:30,2026-07-26 16:09:30,301.0,mm,DD,301
2026-07-26 16:09:30,2026-07-26 16:09:30,301.0,mm,A,301
2026-07-26 16:09:14,2026-07-26 16:09:30,301.0,mm,DD,301
2026-07-26 16:09:14,2026-07-26 16:09:30,301.0,mm,A,301
2026-07-26 13:09:29,2026-07-26 13:09:30,301.0,mm,DD,301
2026-07-26 13:09:29,2026-07-26 13:09:30,301.0,mm,DD,301
2026-07-26 13:09:29,2026-07-26 13:09:30,301.0,mm,DD,301
2026-07-26 13:09:29,2026-07-26 13:09:30,301.0,mm,DD,301
2026-07-26 13:09:29,2026-07-26 13:09:30,301.0,mm,DD,301
2026-07-26 13:09:29,2026-07-26 13:09:30,301.0,mm,A,301
2026-07-26 13:09:12,2026-07-26 13:09:30,301.0,mm,DD,301
2026-07-26 13:09:12,2026-07-26 13:09:30,301.0,mm,A,301
2026-07-26 10:09:29,2026-07-26 10:09:29,301.0,mm,DD,301
2026-07-26 10:09:29,2026-07-26 10:09:29,301.0,mm,DD,301
2026-07-26 10:09:29,2026-07-26 10:09:29,301.0,mm,DD,301
2026-07-26 10:09:29,2026-07-26 10:09:29,301.0,mm,A,301
2026-07-26 07:09:34,2026-07-26 07:09:34,301.0,mm,DD,301
2026-07-26 07:09:28,2026-07-26 07:09:28,301.0,mm,DD,301
2026-07-26 07:09:28,2026-07-26 07:09:28,301.0,mm,DD,301
2026-07-26 07:09:28,2026-07-26 07:09:28,301.0,mm,DD,301
2026-07-26 07:09:28,2026-07-26 07:09:28,301.0,mm,A,301
2026-07-26 07:09:27,2026-07-26 07:09:27,301.0,mm,DD,301
2026-07-26 07:09:27,2026-07-26 07:09:27,301.0,mm,A,301
2026-07-26 07:01:32,2026-07-26 07:01:32,474.0,mm,DD,474
2026-07-26 07:01:32,2026-07-26 07:01:32,474.0,mm,PD,474
2026-07-26 04:46:56,2026-07-26 04:46:56,129.0,mm,DD,129
2026-07-26 04:46:56,2026-07-26 04:46:56,129.0,mm,DD,129
2026-07-26 04:46:50,2026-07-26 04:46:50,129.0,mm,DD,129
2026-07-26 04:46:49,2026-07-26 04:46:49,129.0,mm,DD,129
2026-07-26 04:46:49,2026-07-26 04:46:49,129.0,mm,DD,129
2026-07-26 04:46:49,2026-07-26 04:46:49,129.0,mm,DD,129
2026-07-26 04:46:49,2026-07-26 04:46:49,129.0,mm,ND,129
2026-07-26 04:46:34,2026-07-26 04:46:51,129.0,mm,DD,129
2026-07-26 04:46:34,2026-07-26 04:46:51,129.0,mm,ND,129
2026-07-26 04:09:33,2026-07-26 04:09:33,301.0,mm,DD,301
2026-07-26 04:09:27,2026-07-26 04:09:27,301.0,mm,DD,301
2026-07-26 04:09:27,2026-07-26 04:09:27,301.0,mm,DD,301
2026-07-26 04:09:27,2026-07-26 04:09:27,301.0,mm,DD,301
2026-07-26 04:09:27,2026-07-26 04:09:27,301.0,mm,DD,301
2026-07-26 04:09:27,2026-07-26 04:09:27,301.0,mm,A,301
2026-07-26 04:09:11,2026-07-26 04:09:27,301.0,mm,DD,301
2026-07-26 04:09:11,2026-07-26 04:09:27,301.0,mm,A,301
2026-07-26 01:09:32,2026-07-26 01:09:32,301.0,mm,DD,301
2026-07-26 01:09:26,2026-07-26 01:09:26,301.0,mm,DD,301
2026-07-26 01:09:26,2026-07-26 01:09:26,301.0,mm,DD,301
2026-07-26 01:09:26,2026-07-26 01:09:26,301.0,mm,DD,301
2026-07-26 01:09:26,2026-07-26 01:09:26,301.0,mm,DD,301
2026-07-26 01:09:26,2026-07-26 01:09:26,301.0,mm,A,301
2026-07-26 01:09:10,2026-07-26 01:09:26,301.0,mm,DD,301
2026-07-26 01:09:10,2026-07-26 01:09:26,301.0,mm,A,301
2026-07-25 22:09:31,2026-07-25 22:09:31,301.0,mm,DD,301
2026-07-25 22:09:25,2026-07-25 22:09:25,301.0,mm,DD,301
2026-07-25 22:09:25,2026-07-25 22:09:25,301.0,mm,DD,301
2026-07-25 22:09:25,2026-07-25 22:09:25,301.0,mm,DD,301
2026-07-25 22:09:25,2026-07-25 22:09:25,301.0,mm,DD,301
2026-07-25 22:09:25,2026-07-25 22:09:25,301.0,mm,A,301
2026-07-25 22:09:08,2026-07-25 22:09:25,301.0,mm,DD,301
2026-07-25 22:09:08,2026-07-25 22:09:25,301.0,mm,A,301
2026-07-25 19:09:30,2026-07-25 19:09:30,301.0,mm,DD,301
2026-07-25 19:09:24,2026-07-25 19:09:24,301.0,mm,DD,301
2026-07-25 19:09:24,2026-07-25 19:09:24,301.0,mm,DD,301
2026-07-25 19:09:24,2026-07-25 19:09:24,301.0,mm,DD,301
2026-07-25 19:09:24,2026-07-25 19:09:24,301.0,mm,A,301
2026-07-25 16:09:23,2026-07-25 16:09:24,301.0,mm,DD,301
2026-07-25 16:09:23,2026-07-25 16:09:24,301.0,mm,DD,301
2026-07-25 16:09:23,2026-07-25 16:09:24,301.0,mm,DD,301
2026-07-25 16:09:23,2026-07-25 16:09:24,301.0,mm,DD,301
2026-07-25 16:09:23,2026-07-25 16:09:24,301.0,mm,A,301
2026-07-25 16:09:08,2026-07-25 16:09:24,301.0,mm,DD,301
2026-07-25 16:09:08,2026-07-25 16:09:24,301.0,mm,A,301
2026-07-25 13:09:23,2026-07-25 13:09:23,301.0,mm,DD,301
2026-07-25 13:09:23,2026-07-25 13:09:23,301.0,mm,DD,301
2026-07-25 13:09:23,2026-07-25 13:09:23,301.0,mm,DD,301
2026-07-25 13:09:23,2026-07-25 13:09:23,301.0,mm,DD,301
2026-07-25 13:09:23,2026-07-25 13:09:23,301.0,mm,A,301
2026-07-25 13:09:07,2026-07-25 13:09:23,301.0,mm,DD,301
2026-07-25 13:09:07,2026-07-25 13:09:23,301.0,mm,A,301
2026-07-25 10:09:22,2026-07-25 10:09:22,301.0,mm,DD,301
2026-07-25 10:09:22,2026-07-25 10:09:22,301.0,mm,DD,301
2026-07-25 10:09:22,2026-07-25 10:09:22,301.0,mm,DD,301
2026-07-25 10:09:22,2026-07-25 10:09:22,301.0,mm,DD,301
2026-07-25 10:09:22,2026-07-25 10:09:22,301.0,mm,A,301
2026-07-25 10:09:06,2026-07-25 10:09:22,301.0,mm,DD,301
2026-07-25 10:09:06,2026-07-25 10:09:22,301.0,mm,A,301
2026-07-25 07:09:21,2026-07-25 07:09:21,301.0,mm,DD,301
2026-07-25 07:09:21,2026-07-25 07:09:21,301.0,mm,DD,301
2026-07-25 07:09:21,2026-07-25 07:09:21,301.0,mm,DD,301
2026-07-25 07:09:21,2026-07-25 07:09:21,301.0,mm,DD,301
2026-07-25 07:09:21,2026-07-25 07:09:21,301.0,mm,DD,301
2026-07-25 07:09:21,2026-07-25 07:09:21,301.0,mm,A,301
2026-07-25 05:49:17,2026-07-25 05:49:17,127.0,mm,DD,127
2026-07-25 05:49:17,2026-07-25 05:49:17,127.0,mm,DD,127
2026-07-25 05:49:17,2026-07-25 05:49:17,127.0,mm,DD,127
2026-07-25 05:49:17,2026-07-25 05:49:17,127.0,mm,DD,127
2026-07-25 05:49:17,2026-07-25 05:49:17,127.0,mm,ND,127
2026-07-25 05:49:02,2026-07-25 05:49:18,127.0,mm,DD,127
2026-07-25 05:49:02,2026-07-25 05:49:18,127.0,mm,ND,127
2026-07-25 04:09:26,2026-07-25 04:09:26,301.0,mm,DD,301
2026-07-25 04:09:20,2026-07-25 04:09:20,301.0,mm,DD,301
2026-07-25 04:09:20,2026-07-25 04:09:20,301.0,mm,DD,301
2026-07-25 04:09:20,2026-07-25 04:09:20,301.0,mm,DD,301
2026-07-25 04:09:20,2026-07-25 04:09:20,301.0,mm,DD,301
2026-07-25 04:09:20,2026-07-25 04:09:20,301.0,mm,A,301
2026-07-25 04:09:06,2026-07-25 04:09:20,301.0,mm,DD,301
2026-07-25 04:09:06,2026-07-25 04:09:20,301.0,mm,A,301
2026-07-25 02:49:23,2026-07-25 02:49:23,127.0,mm,DD,127
2026-07-25 02:49:17,2026-07-25 02:49:17,127.0,mm,DD,127
2026-07-25 02:49:17,2026-07-25 02:49:17,127.0,mm,DD,127
2026-07-25 02:49:17,2026-07-25 02:49:17,127.0,mm,DD,127
2026-07-25 02:49:17,2026-07-25 02:49:17,127.0,mm,DD,127
2026-07-25 02:49:17,2026-07-25 02:49:17,127.0,mm,DD,127
2026-07-25 02:49:17,2026-07-25 02:49:17,127.0,mm,DD,127
2026-07-25 02:49:17,2026-07-25 02:49:17,127.0,mm,ND,127
2026-07-25 01:09:25,2026-07-25 01:09:25,301.0,mm,A,301
2026-07-25 01:09:19,2026-07-25 01:09:19,301.0,mm,DD,301
2026-07-25 01:09:19,2026-07-25 01:09:19,301.0,mm,DD,301
2026-07-25 01:09:19,2026-07-25 01:09:19,301.0,mm,AN,301
2026-07-25 01:09:18,2026-07-25 01:09:19,301.0,mm,DD,301
2026-07-25 01:09:18,2026-07-25 01:09:19,301.0,mm,DD,301
2026-07-25 01:09:04,2026-07-25 01:09:19,301.0,mm,DD,301
2026-07-25 01:09:04,2026-07-25 01:09:19,301.0,mm,AN,301
2026-07-24 22:09:18,2026-07-24 22:09:19,301.0,mm,DD,301
2026-07-24 22:09:18,2026-07-24 22:09:19,301.0,mm,DD,301
2026-07-24 22:09:18,2026-07-24 22:09:19,301.0,mm,DD,301
2026-07-24 22:09:18,2026-07-24 22:09:19,301.0,mm,DD,301
2026-07-24 22:09:18,2026-07-24 22:09:19,301.0,mm,PD,301
2026-07-24 22:09:04,2026-07-24 22:09:18,301.0,mm,DD,301
2026-07-24 22:09:04,2026-07-24 22:09:18,301.0,mm,PD,301
2026-07-24 19:46:44,2026-07-24 19:46:44,130.0,mm,DD,130
2026-07-24 19:46:38,2026-07-24 19:46:39,130.0,mm,DD,130
2026-07-24 19:46:38,2026-07-24 19:46:39,130.0,mm,DD,130
2026-07-24 19:46:38,2026-07-24 19:46:39,130.0,mm,DD,130
2026-07-24 19:46:37,2026-07-24 19:46:38,130.0,mm,DD,130
2026-07-24 19:46:37,2026-07-24 19:46:38,130.0,mm,ND,130
2026-07-24 19:46:24,2026-07-24 19:46:39,130.0,mm,DD,130
2026-07-24 19:46:24,2026-07-24 19:46:39,130.0,mm,ND,130
2026-07-24 19:43:04,2026-07-24 19:43:04,12.0,mm,DD,12
2026-07-24 19:42:58,2026-07-24 19:42:58,12.0,mm,DD,12
2026-07-24 19:42:58,2026-07-24 19:42:58,12.0,mm,DD,12
2026-07-24 19:42:58,2026-07-24 19:42:58,12.0,mm,ND,12
2026-07-24 19:42:57,2026-07-24 19:42:58,12.0,mm,DD,12
2026-07-24 19:42:57,2026-07-24 19:42:58,12.0,mm,DD,12
2026-07-24 19:42:57,2026-07-24 19:42:58,12.0,mm,DD,12
2026-07-24 19:42:44,2026-07-24 19:42:58,12.0,mm,DD,12
2026-07-24 19:42:44,2026-07-24 19:42:58,12.0,mm,ND,12
2026-07-24 19:09:24,2026-07-24 19:09:24,301.0,mm,A,301
2026-07-24 19:09:17,2026-07-24 19:09:18,301.0,mm,DD,301
2026-07-24 19:09:17,2026-07-24 19:09:18,301.0,mm,DD,301
2026-07-24 19:09:17,2026-07-24 19:09:18,301.0,mm,A,301
2026-07-24 19:09:16,2026-07-24 19:09:18,301.0,mm,DD,301
2026-07-24 19:09:16,2026-07-24 19:09:18,301.0,mm,DD,301
2026-07-24 19:09:04,2026-07-24 19:09:18,301.0,mm,DD,301
2026-07-24 19:09:04,2026-07-24 19:09:18,301.0,mm,A,301
2026-07-24 16:09:23,2026-07-24 16:09:23,301.0,mm,A,301
2026-07-24 16:09:16,2026-07-24 16:09:17,301.0,mm,DD,301
2026-07-24 16:09:16,2026-07-24 16:09:17,301.0,mm,A,301
2026-07-24 16:09:03,2026-07-24 16:09:17,301.0,mm,DD,301
2026-07-24 16:09:03,2026-07-24 16:09:17,301.0,mm,A,301
2026-07-24 13:09:22,2026-07-24 13:09:22,301.0,mm,DD,301
2026-07-24 13:09:16,2026-07-24 13:09:16,301.0,mm,DD,301
2026-07-24 13:09:16,2026-07-24 13:09:16,301.0,mm,DD,301
2026-07-24 13:09:16,2026-07-24 13:09:16,301.0,mm,A,301
2026-07-24 13:09:15,2026-07-24 13:09:16,301.0,mm,DD,301
2026-07-24 13:09:15,2026-07-24 13:09:16,301.0,mm,DD,301
2026-07-24 13:09:02,2026-07-24 13:09:16,301.0,mm,DD,301
2026-07-24 13:09:02,2026-07-24 13:09:16,301.0,mm,A,301
2026-07-24 10:09:21,2026-07-24 10:09:22,301.0,mm,DD,301
2026-07-24 10:09:21,2026-07-24 10:09:22,301.0,mm,DD,301
2026-07-24 10:09:15,2026-07-24 10:09:15,301.0,mm,DD,301
2026-07-24 10:09:15,2026-07-24 10:09:15,301.0,mm,DD,301
2026-07-24 10:09:15,2026-07-24 10:09:15,301.0,mm,PD,301
2026-07-24 10:09:14,2026-07-24 10:09:15,301.0,mm,DD,301
2026-07-24 10:09:14,2026-07-24 10:09:15,301.0,mm,DD,301
2026-07-24 10:09:14,2026-07-24 10:09:15,301.0,mm,DD,301
2026-07-24 10:09:01,2026-07-25 13:22:10,301.0,mm,DD,301
2026-07-24 10:09:01,2026-07-25 13:22:10,301.0,mm,AN,301
2026-07-24 08:49:18,2026-07-24 08:49:18,131.0,mm,DD,131
2026-07-24 08:49:17,2026-07-24 08:49:17,131.0,mm,DD,131
2026-07-24 08:49:17,2026-07-24 08:49:17,131.0,mm,DD,131
2026-07-24 08:49:12,2026-07-25 13:21:56,131.0,mm,DD,131
2026-07-24 08:49:12,2026-07-25 13:21:56,131.0,mm,DD,131
2026-07-24 08:49:10,2026-07-25 13:21:46,131.0,mm,DD,131
2026-07-24 08:49:10,2026-07-25 13:21:46,131.0,mm,DD,131
2026-07-24 08:49:10,2026-07-25 13:21:46,131.0,mm,ND,131
2026-07-24 08:48:59,2026-07-25 13:21:35,131.0,mm,DD,131
2026-07-24 08:48:59,2026-07-25 13:21:35,131.0,mm,ND,131
2026-07-24 07:09:21,2026-07-24 07:09:21,301.0,mm,DD,301
2026-07-24 07:09:21,2026-07-24 07:09:21,301.0,mm,DD,301
2026-07-24 07:09:14,2026-07-25 13:21:20,301.0,mm,DD,301
2026-07-24 07:09:14,2026-07-25 13:21:20,301.0,mm,DD,301
2026-07-24 07:09:14,2026-07-25 13:21:20,301.0,mm,DD,301
2026-07-24 07:09:14,2026-07-25 13:21:20,301.0,mm,DD,301
2026-07-24 07:09:14,2026-07-25 13:21:20,301.0,mm,DD,301
2026-07-24 07:09:14,2026-07-25 13:21:20,301.0,mm,A,301
2026-07-24 04:28:59,2026-07-24 04:28:59,11.0,mm,ND,11
2026-07-24 04:09:20,2026-07-24 04:09:20,301.0,mm,DD,301
2026-07-24 04:09:13,2026-07-25 13:21:11,301.0,mm,DD,301
2026-07-24 04:09:13,2026-07-25 13:21:11,301.0,mm,DD,301
2026-07-24 04:09:13,2026-07-25 13:21:11,301.0,mm,DD,301
2026-07-24 04:09:13,2026-07-25 13:21:11,301.0,mm,DD,301
2026-07-24 04:09:13,2026-07-25 13:21:11,301.0,mm,A,301
2026-07-24 04:09:00,2026-07-25 13:20:53,301.0,mm,DD,301
2026-07-24 04:09:00,2026-07-25 13:20:53,301.0,mm,AN,301
2026-07-24 04:01:57,2026-07-24 04:01:57,12.0,mm,DD,12
2026-07-24 04:01:57,2026-07-24 04:01:57,12.0,mm,DD,12
2026-07-24 04:01:56,2026-07-25 13:20:46,12.0,mm,DD,12
2026-07-24 04:01:56,2026-07-25 13:20:46,12.0,mm,DD,12
2026-07-24 04:01:56,2026-07-25 13:20:46,12.0,mm,DD,12
2026-07-24 04:01:56,2026-07-25 13:20:46,12.0,mm,DD,12
2026-07-24 04:01:56,2026-07-25 13:20:46,12.0,mm,ND,12
2026-07-24 04:01:44,2026-07-24 04:01:57,12.0,mm,DD,12
2026-07-24 04:01:44,2026-07-24 04:01:57,12.0,mm,ND,12
2026-07-24 03:11:02,2026-07-24 03:11:02,10.0,mm,DD,10
2026-07-24 03:10:57,2026-07-24 03:10:57,10.0,mm,DD,10
2026-07-24 03:10:56,2026-07-24 03:10:57,10.0,mm,DD,10
2026-07-24 03:10:56,2026-07-24 03:10:57,10.0,mm,DD,10
2026-07-24 03:10:56,2026-07-24 03:10:57,10.0,mm,DD,10
2026-07-24 03:10:56,2026-07-24 03:10:57,10.0,mm,ND,10
2026-07-24 03:10:44,2026-07-24 03:10:57,10.0,mm,DD,10
2026-07-24 03:10:44,2026-07-24 03:10:57,10.0,mm,ND,10
2026-07-24 01:09:19,2026-07-24 01:09:19,301.0,mm,A,301
2026-07-24 01:09:13,2026-07-24 01:09:13,301.0,mm,DD,301
2026-07-24 01:09:13,2026-07-24 01:09:13,301.0,mm,A,301
2026-07-24 01:09:12,2026-07-24 01:09:13,301.0,mm,DD,301
2026-07-24 01:09:12,2026-07-24 01:09:13,301.0,mm,DD,301
2026-07-24 01:08:59,2026-07-24 01:09:13,301.0,mm,DD,301
2026-07-24 01:08:59,2026-07-24 01:09:13,301.0,mm,A,301
2026-07-23 23:12:02,2026-07-25 13:20:12,12.0,mm,ND,12
2026-07-23 23:11:56,2026-07-25 13:20:05,12.0,mm,DD,12
2026-07-23 23:11:56,2026-07-25 13:20:05,12.0,mm,DD,12
2026-07-23 23:11:56,2026-07-25 13:20:05,12.0,mm,DD,12
2026-07-23 23:11:55,2026-07-23 23:11:56,12.0,mm,DD,12
2026-07-23 23:11:55,2026-07-23 23:11:56,12.0,mm,DD,12
2026-07-23 23:11:54,2026-07-25 13:19:57,12.0,mm,DD,12
2026-07-23 23:11:54,2026-07-25 13:19:57,12.0,mm,ND,12
2026-07-23 22:09:19,2026-07-23 22:09:19,301.0,mm,A,301
2026-07-23 22:09:12,2026-07-23 22:09:12,301.0,mm,DD,301
2026-07-23 22:09:12,2026-07-23 22:09:12,301.0,mm,A,301
2026-07-23 22:09:11,2026-07-23 22:09:12,301.0,mm,DD,301
2026-07-23 22:09:11,2026-07-23 22:09:12,301.0,mm,DD,301
2026-07-23 22:08:58,2026-07-23 22:09:12,301.0,mm,DD,301
2026-07-23 22:08:58,2026-07-23 22:09:12,301.0,mm,A,301
2026-07-23 19:09:18,2026-07-23 19:09:18,301.0,mm,A,301
2026-07-23 19:09:11,2026-07-23 19:09:11,301.0,mm,DD,301
2026-07-23 19:09:11,2026-07-23 19:09:11,301.0,mm,DD,301
2026-07-23 19:09:11,2026-07-23 19:09:11,301.0,mm,A,301
2026-07-23 19:09:10,2026-07-23 19:09:11,301.0,mm,DD,301
2026-07-23 19:09:10,2026-07-23 19:09:11,301.0,mm,DD,301
2026-07-23 19:09:10,2026-07-23 19:09:11,301.0,mm,DD,301
2026-07-23 19:08:58,2026-07-23 19:09:11,301.0,mm,DD,301
2026-07-23 19:08:58,2026-07-23 19:09:11,301.0,mm,A,301
2026-07-23 16:09:10,2026-07-23 16:09:10,301.0,mm,DD,301
2026-07-23 16:09:10,2026-07-23 16:09:10,301.0,mm,DD,301
2026-07-23 16:09:10,2026-07-23 16:09:10,301.0,mm,A,301
2026-07-23 16:09:09,2026-07-23 16:09:10,301.0,mm,DD,301
2026-07-23 16:09:09,2026-07-23 16:09:10,301.0,mm,DD,301
2026-07-23 16:08:57,2026-07-23 16:09:10,301.0,mm,DD,301
2026-07-23 16:08:57,2026-07-23 16:09:10,301.0,mm,A,301
2026-07-23 13:46:34,2026-07-23 13:46:34,137.0,mm,DD,137
2026-07-23 13:46:34,2026-07-23 13:46:34,137.0,mm,DD,137
2026-07-23 13:46:28,2026-07-23 13:46:28,137.0,mm,DD,137
2026-07-23 13:46:28,2026-07-23 13:46:28,137.0,mm,DD,137
2026-07-23 13:46:27,2026-07-23 13:46:27,137.0,mm,DD,137
2026-07-23 13:46:27,2026-07-23 13:46:27,137.0,mm,ND,137
2026-07-23 13:46:26,2026-07-23 13:46:27,137.0,mm,DD,137
2026-07-23 13:46:26,2026-07-23 13:46:27,137.0,mm,DD,137
2026-07-23 13:46:16,2026-07-23 13:46:29,137.0,mm,DD,137
2026-07-23 13:46:16,2026-07-23 13:46:29,137.0,mm,ND,137
2026-07-23 13:09:15,2026-07-23 13:09:15,301.0,mm,DD,301
2026-07-23 13:09:08,2026-07-23 13:09:10,301.0,mm,DD,301
2026-07-23 13:09:08,2026-07-23 13:09:10,301.0,mm,A,301
2026-07-23 13:08:57,2026-07-23 13:09:09,301.0,mm,DD,301
2026-07-23 13:08:57,2026-07-23 13:09:09,301.0,mm,A,301
2026-07-23 10:09:15,2026-07-23 10:09:15,301.0,mm,DD,301
2026-07-23 10:09:09,2026-07-23 10:43:29,301.0,mm,DD,301
2026-07-23 10:09:09,2026-07-23 10:43:29,301.0,mm,DD,301
2026-07-23 10:09:08,2026-07-23 10:43:24,301.0,mm,DD,301
2026-07-23 10:09:08,2026-07-23 10:43:24,301.0,mm,DD,301
2026-07-23 10:09:08,2026-07-23 10:43:24,301.0,mm,AN,301
2026-07-23 10:08:56,2026-07-23 10:43:18,301.0,mm,DD,301
2026-07-23 10:08:56,2026-07-23 10:43:18,301.0,mm,A,301
2026-07-23 07:46:32,2026-07-23 07:46:32,130.0,mm,DD,130
2026-07-23 07:46:31,2026-07-23 10:43:11,130.0,mm,DD,130
2026-07-23 07:46:26,2026-07-23 07:46:26,130.0,mm,DD,130
2026-07-23 07:46:25,2026-07-23 07:46:25,130.0,mm,DD,130
2026-07-23 07:46:25,2026-07-23 07:46:25,130.0,mm,ND,130
2026-07-23 07:46:24,2026-07-23 07:46:25,130.0,mm,DD,130
2026-07-23 07:46:24,2026-07-23 07:46:25,130.0,mm,DD,130
2026-07-23 07:46:15,2026-07-23 07:46:26,130.0,mm,DD,130
2026-07-23 07:46:15,2026-07-23 07:46:26,130.0,mm,ND,130
2026-07-23 07:09:14,2026-07-23 07:09:14,301.0,mm,A,301
2026-07-23 07:09:08,2026-07-23 07:09:08,301.0,mm,DD,301
2026-07-23 07:09:08,2026-07-23 07:09:08,301.0,mm,DD,301
2026-07-23 07:09:07,2026-07-23 07:09:08,301.0,mm,DD,301
2026-07-23 07:09:07,2026-07-23 07:09:08,301.0,mm,DD,301
2026-07-23 07:09:07,2026-07-23 07:09:08,301.0,mm,DD,301
2026-07-23 07:09:07,2026-07-23 07:09:08,301.0,mm,DD,301
2026-07-23 07:09:07,2026-07-23 07:09:08,301.0,mm,DD,301
2026-07-23 07:09:07,2026-07-23 07:09:08,301.0,mm,A,301
2026-07-23 07:01:12,2026-07-23 07:01:14,474.0,mm,DD,474
2026-07-23 07:01:12,2026-07-23 07:01:14,474.0,mm,PD,474
2026-07-23 04:09:14,2026-07-23 04:09:14,301.0,mm,A,301
2026-07-23 04:09:07,2026-07-23 04:09:07,301.0,mm,DD,301
2026-07-23 04:09:07,2026-07-23 04:09:07,301.0,mm,DD,301
2026-07-23 04:09:07,2026-07-23 04:09:07,301.0,mm,A,301
2026-07-23 04:09:06,2026-07-23 04:09:07,301.0,mm,DD,301
2026-07-23 04:09:06,2026-07-23 04:09:07,301.0,mm,DD,301
2026-07-23 04:09:06,2026-07-23 04:09:07,301.0,mm,DD,301
2026-07-23 04:08:55,2026-07-23 04:09:07,301.0,mm,DD,301
2026-07-23 04:08:55,2026-07-23 04:09:07,301.0,mm,A,301
2026-07-23 01:09:06,2026-07-23 01:09:06,301.0,mm,DD,301
2026-07-23 01:09:06,2026-07-23 01:09:06,301.0,mm,A,301
2026-07-23 01:09:05,2026-07-23 01:09:06,301.0,mm,DD,301
2026-07-23 01:09:05,2026-07-23 01:09:06,301.0,mm,DD,301
2026-07-23 01:09:05,2026-07-23 01:09:06,301.0,mm,DD,301
2026-07-23 01:08:54,2026-07-23 01:09:06,301.0,mm,DD,301
2026-07-23 01:08:54,2026-07-23 01:09:06,301.0,mm,A,301
2026-07-22 22:09:05,2026-07-22 22:09:05,301.0,mm,DD,301
2026-07-22 22:09:05,2026-07-22 22:09:05,301.0,mm,A,301
2026-07-22 22:09:04,2026-07-22 22:09:06,301.0,mm,DD,301
2026-07-22 22:09:04,2026-07-22 22:09:06,301.0,mm,DD,301
2026-07-22 22:08:54,2026-07-22 22:09:05,301.0,mm,DD,301
2026-07-22 22:08:54,2026-07-22 22:09:05,301.0,mm,A,301
2026-07-22 19:09:04,2026-07-22 19:09:05,301.0,mm,DD,301
2026-07-22 19:09:04,2026-07-22 19:09:05,301.0,mm,DD,301
2026-07-22 19:09:04,2026-07-22 19:09:05,301.0,mm,DD,301
2026-07-22 19:09:04,2026-07-22 19:09:05,301.0,mm,A,301
2026-07-22 19:08:53,2026-07-22 19:09:05,301.0,mm,DD,301
2026-07-22 19:08:53,2026-07-22 19:09:05,301.0,mm,A,301
2026-07-22 16:09:11,2026-07-22 16:09:11,301.0,mm,DD,301
2026-07-22 16:09:10,2026-07-22 16:09:10,301.0,mm,DD,301
2026-07-22 16:09:04,2026-07-22 16:09:05,301.0,mm,DD,301
2026-07-22 16:09:04,2026-07-22 16:09:05,301.0,mm,DD,301
2026-07-22 16:09:04,2026-07-22 16:09:05,301.0,mm,DD,301
2026-07-22 16:09:04,2026-07-22 16:09:05,301.0,mm,DD,301
2026-07-22 16:09:04,2026-07-22 16:09:05,301.0,mm,DD,301
2026-07-22 16:09:04,2026-07-22 16:09:05,301.0,mm,A,301
2026-07-22 16:08:53,2026-07-22 16:09:04,301.0,mm,DD,301
2026-07-22 16:08:53,2026-07-22 16:09:04,301.0,mm,A,301
2026-07-22 13:09:03,2026-07-23 10:46:00,301.0,mm,DD,301
2026-07-22 13:09:03,2026-07-23 10:46:00,301.0,mm,DD,301
2026-07-22 13:09:02,2026-07-23 10:45:56,301.0,mm,DD,301
2026-07-22 13:09:02,2026-07-23 10:45:56,301.0,mm,DD,301
2026-07-22 13:09:02,2026-07-23 10:45:56,301.0,mm,DD,301
2026-07-22 13:09:02,2026-07-23 10:45:56,301.0,mm,AN,301
2026-07-22 13:08:52,2026-07-23 10:45:44,301.0,mm,DD,301
2026-07-22 13:08:52,2026-07-23 10:45:44,301.0,mm,A,301
2026-07-22 11:20:52,2026-07-22 11:20:52,0.0,mm,DD,0
2026-07-22 11:20:52,2026-07-22 11:20:52,0.0,mm,DD,0
2026-07-22 11:20:45,2026-07-23 10:45:35,0.0,mm,DD,0
2026-07-22 11:20:45,2026-07-23 10:45:35,0.0,mm,DD,0
2026-07-22 11:20:44,2026-07-23 10:45:29,0.0,mm,DD,0
2026-07-22 11:20:44,2026-07-23 10:45:29,0.0,mm,DD,0
2026-07-22 11:20:44,2026-07-23 10:45:29,0.0,mm,DD,0
2026-07-22 11:20:44,2026-07-23 10:45:29,0.0,mm,ND,0
2026-07-22 11:14:01,2026-07-23 10:45:23,6.0,mm,DD,6
2026-07-22 11:13:54,2026-07-23 10:45:16,6.0,mm,DD,6
2026-07-22 11:13:54,2026-07-23 10:45:16,6.0,mm,DD,6
2026-07-22 11:13:53,2026-07-23 10:45:09,6.0,mm,DD,6
2026-07-22 11:13:53,2026-07-23 10:45:09,6.0,mm,DD,6
2026-07-22 11:13:53,2026-07-23 10:45:09,6.0,mm,DD,6
2026-07-22 11:13:53,2026-07-23 10:45:09,6.0,mm,ND,6
2026-07-22 10:58:01,2026-07-22 10:58:01,20.0,mm,DD,20
2026-07-22 10:57:54,2026-07-23 10:44:58,20.0,mm,DD,20
2026-07-22 10:57:54,2026-07-23 10:44:58,20.0,mm,DD,20
2026-07-22 10:57:54,2026-07-23 10:44:58,20.0,mm,DD,20
2026-07-22 10:57:54,2026-07-23 10:44:58,20.0,mm,DD,20
2026-07-22 10:57:53,2026-07-23 10:44:11,20.0,mm,DD,20
2026-07-22 10:57:53,2026-07-23 10:44:11,20.0,mm,ND,20
2026-07-22 10:52:28,2026-07-22 10:52:28,3.0,mm,DD,3
2026-07-22 10:52:28,2026-07-22 10:52:28,3.0,mm,DD,3
2026-07-22 10:52:22,2026-07-23 10:44:01,3.0,mm,DD,3
2026-07-22 10:52:22,2026-07-23 10:44:01,3.0,mm,DD,3
2026-07-22 10:52:22,2026-07-23 10:44:01,3.0,mm,DD,3
2026-07-22 10:52:22,2026-07-23 10:44:01,3.0,mm,DD,3
2026-07-22 10:52:21,2026-07-23 10:43:57,3.0,mm,DD,3
2026-07-22 10:52:21,2026-07-23 10:43:57,3.0,mm,ND,3
2026-07-22 10:09:09,2026-07-22 10:09:09,301.0,mm,A,301
2026-07-22 10:09:02,2026-07-22 10:09:02,301.0,mm,DD,301
2026-07-22 10:09:02,2026-07-22 10:09:02,301.0,mm,DD,301
2026-07-22 10:09:02,2026-07-22 10:09:02,301.0,mm,DD,301
2026-07-22 10:09:02,2026-07-22 10:09:02,301.0,mm,DD,301
2026-07-22 10:09:02,2026-07-22 10:09:02,301.0,mm,A,301
2026-07-22 10:09:01,2026-07-22 10:09:03,301.0,mm,DD,301
2026-07-22 10:09:01,2026-07-22 10:09:03,301.0,mm,DD,301
2026-07-22 10:09:01,2026-07-22 10:09:03,301.0,mm,DD,301
2026-07-22 10:09:01,2026-07-22 10:09:03,301.0,mm,DD,301
2026-07-22 07:09:08,2026-07-22 07:09:08,301.0,mm,A,301
2026-07-22 07:09:01,2026-07-22 07:09:02,301.0,mm,DD,301
2026-07-22 07:09:01,2026-07-22 07:09:02,301.0,mm,DD,301
2026-07-22 07:09:01,2026-07-22 07:09:02,301.0,mm,DD,301
2026-07-22 07:09:01,2026-07-22 07:09:02,301.0,mm,DD,301
2026-07-22 07:09:01,2026-07-22 07:09:02,301.0,mm,DD,301
2026-07-22 07:09:01,2026-07-22 07:09:02,301.0,mm,DD,301
2026-07-22 07:09:01,2026-07-22 07:09:02,301.0,mm,A,301
2026-07-22 07:08:51,2026-07-22 07:09:02,301.0,mm,DD,301
2026-07-22 07:08:51,2026-07-22 07:09:02,301.0,mm,A,301
2026-07-22 04:09:07,2026-07-22 04:09:07,301.0,mm,A,301
2026-07-22 04:09:01,2026-07-22 04:09:01,301.0,mm,DD,301
2026-07-22 04:09:01,2026-07-22 04:09:01,301.0,mm,DD,301
2026-07-22 04:09:01,2026-07-22 04:09:01,301.0,mm,A,301
2026-07-22 04:09:00,2026-07-22 04:09:01,301.0,mm,DD,301
2026-07-22 04:09:00,2026-07-22 04:09:01,301.0,mm,DD,301
2026-07-22 04:09:00,2026-07-22 04:09:01,301.0,mm,DD,301
2026-07-22 04:09:00,2026-07-22 04:09:01,301.0,mm,DD,301
2026-07-22 04:08:50,2026-07-22 04:09:01,301.0,mm,DD,301
2026-07-22 04:08:50,2026-07-22 04:09:01,301.0,mm,A,301
2026-07-22 01:09:06,2026-07-22 01:09:06,301.0,mm,A,301
2026-07-22 01:09:00,2026-07-22 01:09:00,301.0,mm,DD,301
2026-07-22 01:09:00,2026-07-22 01:09:00,301.0,mm,DD,301
2026-07-22 01:09:00,2026-07-22 01:09:00,301.0,mm,A,301
2026-07-22 01:08:59,2026-07-22 01:09:00,301.0,mm,DD,301
2026-07-22 01:08:59,2026-07-22 01:09:00,301.0,mm,DD,301
2026-07-22 01:08:50,2026-07-22 01:09:00,301.0,mm,DD,301
2026-07-22 01:08:50,2026-07-22 01:09:00,301.0,mm,A,301
2026-07-21 22:08:59,2026-07-21 22:08:59,301.0,mm,DD,301
2026-07-21 22:08:59,2026-07-21 22:08:59,301.0,mm,DD,301
2026-07-21 22:08:59,2026-07-21 22:08:59,301.0,mm,DD,301
2026-07-21 22:08:59,2026-07-21 22:08:59,301.0,mm,A,301
2026-07-21 22:08:58,2026-07-21 22:08:59,301.0,mm,DD,301
2026-07-21 22:08:58,2026-07-21 22:08:59,301.0,mm,DD,301
2026-07-21 19:46:20,2026-07-21 19:46:20,129.0,mm,DD,129
2026-07-21 19:46:13,2026-07-21 19:46:14,129.0,mm,DD,129
2026-07-21 19:46:13,2026-07-21 19:46:14,129.0,mm,DD,129
2026-07-21 19:46:13,2026-07-21 19:46:14,129.0,mm,DD,129
2026-07-21 19:46:13,2026-07-21 19:46:14,129.0,mm,ND,129
2026-07-21 19:46:04,2026-07-21 19:46:14,129.0,mm,DD,129
2026-07-21 19:46:04,2026-07-21 19:46:14,129.0,mm,ND,129
2026-07-21 19:08:58,2026-07-21 19:08:58,301.0,mm,DD,301
2026-07-21 19:08:58,2026-07-21 19:08:58,301.0,mm,DD,301
2026-07-21 19:08:58,2026-07-21 19:08:58,301.0,mm,A,301
2026-07-21 19:08:57,2026-07-21 19:08:58,301.0,mm,DD,301
2026-07-21 19:08:57,2026-07-21 19:08:58,301.0,mm,DD,301
2026-07-21 19:08:49,2026-07-21 19:08:58,301.0,mm,DD,301
2026-07-21 19:08:49,2026-07-21 19:08:58,301.0,mm,A,301
2026-07-21 16:08:57,2026-07-21 16:08:58,301.0,mm,DD,301
2026-07-21 16:08:57,2026-07-21 16:08:58,301.0,mm,DD,301
2026-07-21 16:08:57,2026-07-21 16:08:58,301.0,mm,A,301
2026-07-21 16:08:56,2026-07-21 16:08:58,301.0,mm,DD,301
2026-07-21 16:08:56,2026-07-21 16:08:58,301.0,mm,DD,301
2026-07-21 16:08:48,2026-07-21 16:08:58,301.0,mm,DD,301
2026-07-21 16:08:48,2026-07-21 16:08:58,301.0,mm,A,301
2026-07-21 13:09:03,2026-07-21 13:09:03,301.0,mm,A,301
2026-07-21 13:08:56,2026-07-21 13:08:57,301.0,mm,DD,301
2026-07-21 13:08:56,2026-07-21 13:08:57,301.0,mm,DD,301
2026-07-21 13:08:56,2026-07-21 13:08:57,301.0,mm,DD,301
2026-07-21 13:08:56,2026-07-21 13:08:57,301.0,mm,DD,301
2026-07-21 13:08:56,2026-07-21 13:08:57,301.0,mm,A,301
2026-07-21 13:08:47,2026-07-21 13:08:57,301.0,mm,DD,301
2026-07-21 13:08:47,2026-07-21 13:08:57,301.0,mm,A,301
2026-07-21 10:08:56,2026-07-21 10:08:56,301.0,mm,DD,301
2026-07-21 10:08:56,2026-07-21 10:08:56,301.0,mm,DD,301
2026-07-21 10:08:56,2026-07-21 10:08:56,301.0,mm,DD,301
2026-07-21 10:08:56,2026-07-21 10:08:56,301.0,mm,A,301
2026-07-21 10:08:55,2026-07-21 10:08:56,301.0,mm,DD,301
2026-07-21 10:08:55,2026-07-21 10:08:56,301.0,mm,DD,301
2026-07-21 07:09:01,2026-07-21 07:09:01,301.0,mm,A,301
2026-07-21 07:08:55,2026-07-21 07:08:55,301.0,mm,DD,301
2026-07-21 07:08:55,2026-07-21 07:08:55,301.0,mm,DD,301
2026-07-21 07:08:55,2026-07-21 07:08:55,301.0,mm,A,301
2026-07-21 07:08:54,2026-07-21 07:08:55,301.0,mm,DD,301
2026-07-21 07:08:54,2026-07-21 07:08:55,301.0,mm,DD,301
2026-07-21 07:08:47,2026-07-21 07:08:55,301.0,mm,DD,301
2026-07-21 07:08:47,2026-07-21 07:08:55,301.0,mm,A,301
2026-07-21 06:14:30,2026-07-21 06:14:30,80.0,mm,ND,80
2026-07-21 04:09:01,2026-07-21 04:09:01,301.0,mm,A,301
2026-07-21 04:08:54,2026-07-21 04:08:54,301.0,mm,DD,301
2026-07-21 04:08:54,2026-07-21 04:08:54,301.0,mm,DD,301
2026-07-21 04:08:54,2026-07-21 04:08:54,301.0,mm,A,301
2026-07-21 04:08:53,2026-07-21 04:08:54,301.0,mm,DD,301
2026-07-21 04:08:53,2026-07-21 04:08:54,301.0,mm,DD,301
2026-07-21 04:08:46,2026-07-21 04:08:54,301.0,mm,DD,301
2026-07-21 04:08:46,2026-07-21 04:08:54,301.0,mm,A,301
2026-07-21 01:09:00,2026-07-21 01:09:00,301.0,mm,A,301
2026-07-21 01:08:53,2026-07-21 01:08:54,301.0,mm,DD,301
2026-07-21 01:08:53,2026-07-21 01:08:54,301.0,mm,DD,301
2026-07-21 01:08:53,2026-07-21 01:08:54,301.0,mm,A,301
2026-07-21 01:08:52,2026-07-21 01:08:54,301.0,mm,DD,301
2026-07-21 01:08:52,2026-07-21 01:08:54,301.0,mm,DD,301
2026-07-21 01:08:45,2026-07-21 01:08:54,301.0,mm,DD,301
2026-07-21 01:08:45,2026-07-21 01:08:54,301.0,mm,A,301
2026-07-20 22:09:04,2026-07-20 22:09:04,301.0,mm,A,301
2026-07-20 22:08:53,2026-07-20 22:08:53,301.0,mm,DD,301
2026-07-20 22:08:53,2026-07-20 22:08:53,301.0,mm,DD,301
2026-07-20 22:08:53,2026-07-20 22:08:53,301.0,mm,DD,301
2026-07-20 22:08:53,2026-07-20 22:08:53,301.0,mm,A,301
2026-07-20 22:08:51,2026-07-20 22:08:53,301.0,mm,DD,301
2026-07-20 22:08:51,2026-07-20 22:08:53,301.0,mm,DD,301
2026-07-20 19:08:51,2026-07-20 19:08:52,301.0,mm,DD,301
2026-07-20 19:08:51,2026-07-20 19:08:52,301.0,mm,DD,301
2026-07-20 19:08:44,2026-07-20 19:08:52,301.0,mm,DD,301
2026-07-20 19:08:44,2026-07-20 19:08:52,301.0,mm,A,301
2026-07-20 16:08:51,2026-07-20 16:08:51,301.0,mm,DD,301
2026-07-20 16:08:51,2026-07-20 16:08:51,301.0,mm,DD,301
2026-07-20 16:08:51,2026-07-20 16:08:51,301.0,mm,A,301
2026-07-20 16:08:50,2026-07-20 16:08:51,301.0,mm,DD,301
2026-07-20 16:08:50,2026-07-20 16:08:51,301.0,mm,DD,301
2026-07-20 16:08:43,2026-07-20 16:08:51,301.0,mm,DD,301
2026-07-20 16:08:43,2026-07-20 16:08:51,301.0,mm,A,301
2026-07-20 13:08:50,2026-07-20 13:08:50,301.0,mm,DD,301
2026-07-20 13:08:50,2026-07-20 13:08:50,301.0,mm,A,301
2026-07-20 13:08:49,2026-07-20 13:08:50,301.0,mm,DD,301
2026-07-20 13:08:49,2026-07-20 13:08:50,301.0,mm,DD,301
2026-07-20 10:08:56,2026-07-20 10:08:56,301.0,mm,A,301
2026-07-20 10:08:49,2026-07-20 10:08:50,301.0,mm,DD,301
2026-07-20 10:08:49,2026-07-20 10:08:50,301.0,mm,DD,301
2026-07-20 10:08:49,2026-07-20 10:08:50,301.0,mm,DD,301
2026-07-20 10:08:49,2026-07-20 10:08:50,301.0,mm,A,301
2026-07-20 10:00:50,2026-07-20 10:00:50,472.0,mm,DD,472
2026-07-20 10:00:50,2026-07-20 10:00:50,472.0,mm,PD,472
2026-07-20 07:08:55,2026-07-20 07:08:55,301.0,mm,A,301
2026-07-20 07:08:49,2026-07-20 07:08:49,301.0,mm,DD,301
2026-07-20 07:08:49,2026-07-20 07:08:49,301.0,mm,DD,301
2026-07-20 07:08:49,2026-07-20 07:08:49,301.0,mm,A,301
2026-07-20 07:08:48,2026-07-20 07:08:50,301.0,mm,DD,301
2026-07-20 07:08:48,2026-07-20 07:08:50,301.0,mm,DD,301
2026-07-20 07:08:42,2026-07-20 07:08:49,301.0,mm,DD,301
2026-07-20 07:08:42,2026-07-20 07:08:49,301.0,mm,A,301
2026-07-20 04:08:54,2026-07-20 04:08:54,301.0,mm,DD,301
2026-07-20 04:08:48,2026-07-20 04:08:48,301.0,mm,DD,301
2026-07-20 04:08:48,2026-07-20 04:08:48,301.0,mm,DD,301
2026-07-20 04:08:48,2026-07-20 04:08:48,301.0,mm,A,301
2026-07-20 04:08:47,2026-07-20 04:08:48,301.0,mm,DD,301
2026-07-20 04:08:47,2026-07-20 04:08:48,301.0,mm,DD,301
2026-07-20 04:08:41,2026-07-20 04:08:48,301.0,mm,DD,301
2026-07-20 04:08:41,2026-07-20 04:08:48,301.0,mm,A,301
2026-07-20 01:08:53,2026-07-20 01:08:53,301.0,mm,A,301
2026-07-20 01:08:47,2026-07-20 01:08:47,301.0,mm,DD,301
2026-07-20 01:08:47,2026-07-20 01:08:47,301.0,mm,DD,301
2026-07-20 01:08:47,2026-07-20 01:08:47,301.0,mm,A,301
2026-07-20 01:08:46,2026-07-20 01:08:47,301.0,mm,DD,301
2026-07-20 01:08:46,2026-07-20 01:08:47,301.0,mm,DD,301
2026-07-20 01:08:40,2026-07-20 01:08:47,301.0,mm,DD,301
2026-07-20 01:08:40,2026-07-20 01:08:47,301.0,mm,A,301
2026-07-19 22:08:53,2026-07-20 08:23:26,301.0,mm,DD,301
2026-07-19 22:08:46,2026-07-20 08:23:15,301.0,mm,DD,301
2026-07-19 22:08:46,2026-07-20 08:23:15,301.0,mm,DD,301
2026-07-19 22:08:46,2026-07-20 08:23:15,301.0,mm,DD,301
2026-07-19 22:08:46,2026-07-20 08:23:15,301.0,mm,DD,301
2026-07-19 22:08:45,2026-07-20 08:23:22,301.0,mm,DD,301
2026-07-19 22:08:45,2026-07-20 08:23:22,301.0,mm,AN,301
2026-07-19 19:46:04,2026-07-20 08:22:11,130.0,mm,ND,130
2026-07-19 19:45:57,2026-07-20 08:21:55,130.0,mm,DD,130
2026-07-19 19:45:57,2026-07-20 08:21:55,130.0,mm,DD,130
2026-07-19 19:45:56,2026-07-19 19:45:57,130.0,mm,DD,130
2026-07-19 19:45:56,2026-07-19 19:45:57,130.0,mm,DD,130
2026-07-19 19:45:51,2026-07-20 08:21:51,130.0,mm,DD,130
2026-07-19 19:45:51,2026-07-20 08:21:51,130.0,mm,ND,130
2026-07-19 19:08:52,2026-07-19 19:08:52,301.0,mm,A,301
2026-07-19 19:08:45,2026-07-19 19:08:46,301.0,mm,DD,301
2026-07-19 19:08:45,2026-07-19 19:08:46,301.0,mm,DD,301
2026-07-19 19:08:45,2026-07-19 19:08:46,301.0,mm,A,301
2026-07-19 19:08:44,2026-07-19 19:08:46,301.0,mm,DD,301
2026-07-19 19:08:44,2026-07-19 19:08:46,301.0,mm,DD,301
2026-07-19 19:08:39,2026-07-19 19:08:46,301.0,mm,DD,301
2026-07-19 19:08:39,2026-07-19 19:08:46,301.0,mm,A,301
2026-07-19 16:08:51,2026-07-19 16:08:51,301.0,mm,DD,301
2026-07-19 16:08:45,2026-07-19 16:08:45,301.0,mm,DD,301
2026-07-19 16:08:45,2026-07-19 16:08:45,301.0,mm,DD,301
2026-07-19 16:08:45,2026-07-19 16:08:45,301.0,mm,DD,301
2026-07-19 16:08:45,2026-07-19 16:08:45,301.0,mm,A,301
2026-07-19 16:08:44,2026-07-19 16:08:45,301.0,mm,DD,301
2026-07-19 16:08:44,2026-07-19 16:08:45,301.0,mm,DD,301
2026-07-19 13:08:50,2026-07-19 13:08:50,301.0,mm,A,301
2026-07-19 13:08:44,2026-07-19 13:08:44,301.0,mm,DD,301
2026-07-19 13:08:44,2026-07-19 13:08:44,301.0,mm,A,301
2026-07-19 13:08:43,2026-07-19 13:08:44,301.0,mm,DD,301
2026-07-19 13:08:43,2026-07-19 13:08:44,301.0,mm,DD,301
2026-07-19 11:49:19,2026-07-19 11:49:19,134.0,mm,DD,134
2026-07-19 11:49:19,2026-07-19 11:49:19,134.0,mm,DD,134
2026-07-19 11:49:13,2026-07-19 11:49:13,134.0,mm,DD,134
2026-07-19 11:49:13,2026-07-19 11:49:13,134.0,mm,DD,134
2026-07-19 11:49:13,2026-07-19 11:49:13,134.0,mm,DD,134
2026-07-19 11:49:13,2026-07-19 11:49:13,134.0,mm,ND,134
2026-07-19 11:49:11,2026-07-19 11:49:13,134.0,mm,DD,134
2026-07-19 11:49:11,2026-07-19 11:49:13,134.0,mm,DD,134
2026-07-19 10:08:49,2026-07-19 10:08:49,301.0,mm,DD,301
2026-07-19 10:08:49,2026-07-19 10:08:49,301.0,mm,DD,301
2026-07-19 10:08:43,2026-07-19 10:08:43,301.0,mm,DD,301
2026-07-19 10:08:43,2026-07-19 10:08:43,301.0,mm,DD,301
2026-07-19 10:08:43,2026-07-19 10:08:43,301.0,mm,DD,301
2026-07-19 10:08:43,2026-07-19 10:08:43,301.0,mm,A,301
2026-07-19 10:08:42,2026-07-19 10:08:43,301.0,mm,DD,301
2026-07-19 10:08:42,2026-07-19 10:08:43,301.0,mm,DD,301
2026-07-19 07:08:49,2026-07-19 07:08:49,301.0,mm,A,301
2026-07-19 07:08:42,2026-07-19 07:08:43,301.0,mm,DD,301
2026-07-19 07:08:42,2026-07-19 07:08:43,301.0,mm,DD,301
2026-07-19 07:08:42,2026-07-19 07:08:43,301.0,mm,DD,301
2026-07-19 07:08:42,2026-07-19 07:08:43,301.0,mm,DD,301
2026-07-19 07:08:42,2026-07-19 07:08:43,301.0,mm,A,301
2026-07-19 04:08:48,2026-07-19 04:08:48,301.0,mm,A,301
2026-07-19 04:08:42,2026-07-19 04:08:42,301.0,mm,DD,301
2026-07-19 04:08:42,2026-07-19 04:08:42,301.0,mm,A,301
2026-07-19 04:08:41,2026-07-19 04:08:42,301.0,mm,DD,301
2026-07-19 04:08:41,2026-07-19 04:08:42,301.0,mm,DD,301
2026-07-19 01:08:47,2026-07-19 01:08:47,301.0,mm,A,301
2026-07-19 01:08:41,2026-07-19 01:08:41,301.0,mm,DD,301
2026-07-19 01:08:41,2026-07-19 01:08:41,301.0,mm,DD,301
2026-07-19 01:08:41,2026-07-19 01:08:41,301.0,mm,DD,301
2026-07-19 01:08:41,2026-07-19 01:08:41,301.0,mm,A,301
2026-07-19 01:08:39,2026-07-19 01:08:41,301.0,mm,DD,301
2026-07-19 01:08:39,2026-07-19 01:08:41,301.0,mm,DD,301
2026-07-18 22:08:46,2026-07-18 22:08:46,301.0,mm,A,301
2026-07-18 22:08:40,2026-07-18 22:08:40,301.0,mm,DD,301
2026-07-18 22:08:40,2026-07-18 22:08:40,301.0,mm,DD,301
2026-07-18 22:08:40,2026-07-18 22:08:40,301.0,mm,DD,301
2026-07-18 22:08:40,2026-07-18 22:08:40,301.0,mm,A,301
2026-07-18 22:08:39,2026-07-18 22:08:40,301.0,mm,DD,301
2026-07-18 22:08:39,2026-07-18 22:08:40,301.0,mm,DD,301
2026-07-18 19:08:39,2026-07-18 19:08:39,301.0,mm,DD,301
2026-07-18 19:08:39,2026-07-18 19:08:39,301.0,mm,A,301
2026-07-18 19:08:38,2026-07-18 19:08:40,301.0,mm,DD,301
2026-07-18 19:08:38,2026-07-18 19:08:40,301.0,mm,DD,301
2026-07-18 16:08:38,2026-07-18 16:08:38,301.0,mm,DD,301
2026-07-18 16:08:38,2026-07-18 16:08:38,301.0,mm,DD,301
2026-07-18 16:08:38,2026-07-18 16:08:38,301.0,mm,DD,301
2026-07-18 16:08:38,2026-07-18 16:08:38,301.0,mm,A,301
2026-07-18 16:08:37,2026-07-18 16:08:39,301.0,mm,DD,301
2026-07-18 16:08:37,2026-07-18 16:08:39,301.0,mm,DD,301
2026-07-18 13:08:44,2026-07-18 13:08:44,301.0,mm,A,301
2026-07-18 13:08:38,2026-07-18 13:08:38,301.0,mm,DD,301
2026-07-18 13:08:38,2026-07-18 13:08:38,301.0,mm,DD,301
2026-07-18 13:08:38,2026-07-18 13:08:38,301.0,mm,DD,301
2026-07-18 13:08:38,2026-07-18 13:08:38,301.0,mm,A,301
2026-07-18 13:08:37,2026-07-18 13:08:38,301.0,mm,DD,301
2026-07-18 13:08:37,2026-07-18 13:08:38,301.0,mm,DD,301
2026-07-18 10:45:47,2026-07-18 10:45:47,78.0,mm,DD,78
2026-07-18 10:45:41,2026-07-18 10:45:41,78.0,mm,DD,78
2026-07-18 10:45:41,2026-07-18 10:45:41,78.0,mm,ND,78
2026-07-18 10:45:40,2026-07-18 10:45:41,78.0,mm,DD,78
2026-07-18 10:45:40,2026-07-18 10:45:41,78.0,mm,DD,78
2026-07-18 10:08:44,2026-07-18 10:08:44,301.0,mm,A,301
2026-07-18 10:08:37,2026-07-18 10:08:38,301.0,mm,DD,301
2026-07-18 10:08:37,2026-07-18 10:08:38,301.0,mm,DD,301
2026-07-18 10:08:37,2026-07-18 10:08:38,301.0,mm,DD,301
2026-07-18 10:08:37,2026-07-18 10:08:38,301.0,mm,DD,301
2026-07-18 10:08:37,2026-07-18 10:08:38,301.0,mm,DD,301
2026-07-18 10:08:37,2026-07-18 10:08:38,301.0,mm,A,301
2026-07-18 07:45:52,2026-07-18 07:45:52,129.0,mm,DD,129
2026-07-18 07:45:46,2026-07-18 07:45:46,129.0,mm,DD,129
2026-07-18 07:45:46,2026-07-18 07:45:46,129.0,mm,DD,129
2026-07-18 07:45:45,2026-07-18 07:45:45,129.0,mm,DD,129
2026-07-18 07:45:45,2026-07-18 07:45:45,129.0,mm,ND,129
2026-07-18 07:45:44,2026-07-18 07:45:45,129.0,mm,DD,129
2026-07-18 07:45:44,2026-07-18 07:45:45,129.0,mm,DD,129
2026-07-18 07:08:43,2026-07-18 07:08:43,301.0,mm,A,301
2026-07-18 07:08:36,2026-07-18 07:08:36,301.0,mm,DD,301
2026-07-18 07:08:36,2026-07-18 07:08:36,301.0,mm,DD,301
2026-07-18 07:08:36,2026-07-18 07:08:36,301.0,mm,DD,301
2026-07-18 07:08:36,2026-07-18 07:08:36,301.0,mm,A,301
2026-07-18 07:08:35,2026-07-18 07:08:37,301.0,mm,DD,301
2026-07-18 07:08:35,2026-07-18 07:08:37,301.0,mm,DD,301
2026-07-18 04:08:35,2026-07-18 04:08:35,301.0,mm,DD,301
2026-07-18 04:08:35,2026-07-18 04:08:35,301.0,mm,DD,301
2026-07-18 04:08:35,2026-07-18 04:08:35,301.0,mm,DD,301
2026-07-18 04:08:35,2026-07-18 04:08:35,301.0,mm,A,301
2026-07-18 04:08:34,2026-07-18 04:08:35,301.0,mm,DD,301
2026-07-18 04:08:34,2026-07-18 04:08:35,301.0,mm,DD,301
2026-07-18 01:08:34,2026-07-18 01:08:34,301.0,mm,DD,301
2026-07-18 01:08:34,2026-07-18 01:08:34,301.0,mm,DD,301
2026-07-18 01:08:34,2026-07-18 01:08:34,301.0,mm,DD,301
2026-07-18 01:08:34,2026-07-18 01:08:34,301.0,mm,A,301
2026-07-18 01:08:33,2026-07-18 01:08:34,301.0,mm,DD,301
2026-07-18 01:08:33,2026-07-18 01:08:34,301.0,mm,DD,301
2026-07-17 22:08:40,2026-07-17 22:08:40,301.0,mm,A,301
2026-07-17 22:08:34,2026-07-17 22:08:34,301.0,mm,DD,301
2026-07-17 22:08:34,2026-07-17 22:08:34,301.0,mm,A,301
2026-07-17 22:08:33,2026-07-17 22:08:34,301.0,mm,DD,301
2026-07-17 22:08:33,2026-07-17 22:08:34,301.0,mm,DD,301
2026-07-17 22:08:33,2026-07-17 22:08:34,301.0,mm,A,301
2026-07-17 22:08:32,2026-07-17 22:08:34,301.0,mm,DD,301
2026-07-17 22:08:32,2026-07-17 22:08:34,301.0,mm,DD,301
2026-07-17 19:08:39,2026-07-17 19:08:39,301.0,mm,A,301
2026-07-17 19:08:33,2026-07-17 19:08:33,301.0,mm,DD,301
2026-07-17 19:08:33,2026-07-17 19:08:33,301.0,mm,A,301
2026-07-17 19:08:32,2026-07-17 19:08:33,301.0,mm,DD,301
2026-07-17 19:08:32,2026-07-17 19:08:33,301.0,mm,DD,301
2026-07-17 16:08:32,2026-07-17 16:08:32,301.0,mm,DD,301
2026-07-17 16:08:32,2026-07-17 16:08:32,301.0,mm,A,301
2026-07-17 16:08:31,2026-07-17 16:08:32,301.0,mm,DD,301
2026-07-17 16:08:31,2026-07-17 16:08:32,301.0,mm,DD,301
2026-07-17 14:05:26,2026-07-17 14:05:26,4.0,mm,DD,4
2026-07-17 14:05:26,2026-07-17 14:05:26,4.0,mm,ND,4
2026-07-17 13:08:43,2026-07-17 13:08:43,301.0,mm,A,301
2026-07-17 13:08:31,2026-07-17 13:08:31,301.0,mm,DD,301
2026-07-17 13:08:31,2026-07-17 13:08:31,301.0,mm,DD,301
2026-07-17 13:08:31,2026-07-17 13:08:31,301.0,mm,DD,301
2026-07-17 13:08:31,2026-07-17 13:08:31,301.0,mm,A,301
2026-07-17 13:08:30,2026-07-17 13:08:32,301.0,mm,DD,301
2026-07-17 13:08:30,2026-07-17 13:08:32,301.0,mm,DD,301
2026-07-17 10:08:37,2026-07-17 10:08:37,301.0,mm,A,301
2026-07-17 10:08:30,2026-07-17 10:08:30,301.0,mm,DD,301
2026-07-17 10:08:30,2026-07-17 10:08:30,301.0,mm,DD,301
2026-07-17 10:08:30,2026-07-17 10:08:30,301.0,mm,DD,301
2026-07-17 10:08:30,2026-07-17 10:08:30,301.0,mm,A,301
2026-07-17 10:08:29,2026-07-17 10:08:31,301.0,mm,DD,301
2026-07-17 10:08:29,2026-07-17 10:08:31,301.0,mm,DD,301
2026-07-17 07:08:36,2026-07-17 07:08:36,301.0,mm,A,301
2026-07-17 07:08:30,2026-07-17 07:08:30,301.0,mm,DD,301
2026-07-17 07:08:30,2026-07-17 07:08:30,301.0,mm,DD,301
2026-07-17 07:08:29,2026-07-17 07:08:30,301.0,mm,DD,301
2026-07-17 07:08:29,2026-07-17 07:08:30,301.0,mm,DD,301
2026-07-17 07:08:29,2026-07-17 07:08:30,301.0,mm,DD,301
2026-07-17 07:08:29,2026-07-17 07:08:30,301.0,mm,A,301
2026-07-17 04:08:35,2026-07-17 04:08:35,301.0,mm,A,301
2026-07-17 04:08:29,2026-07-17 04:08:29,301.0,mm,DD,301
2026-07-17 04:08:29,2026-07-17 04:08:29,301.0,mm,DD,301
2026-07-17 04:08:29,2026-07-17 04:08:29,301.0,mm,DD,301
2026-07-17 04:08:29,2026-07-17 04:08:29,301.0,mm,DD,301
2026-07-17 04:08:29,2026-07-17 04:08:29,301.0,mm,A,301
2026-07-17 04:08:27,2026-07-17 04:08:29,301.0,mm,DD,301
2026-07-17 04:08:27,2026-07-17 04:08:29,301.0,mm,DD,301
2026-07-17 01:08:34,2026-07-17 01:08:34,301.0,mm,DD,301
2026-07-17 01:08:34,2026-07-17 01:08:34,301.0,mm,DD,301
2026-07-17 01:08:28,2026-07-17 01:08:28,301.0,mm,DD,301
2026-07-17 01:08:28,2026-07-17 01:08:28,301.0,mm,A,301
2026-07-17 01:08:27,2026-07-17 01:08:28,301.0,mm,DD,301
2026-07-17 01:08:27,2026-07-17 01:08:28,301.0,mm,DD,301
2026-07-16 22:08:33,2026-07-16 22:08:33,301.0,mm,A,301
2026-07-16 22:08:27,2026-07-16 22:08:27,1,613.0,mm,DD,1613
2026-07-16 22:08:27,2026-07-16 22:08:27,1,613.0,mm,DD,1613
2026-07-16 22:08:27,2026-07-16 22:08:27,1,613.0,mm,DD,1613
2026-07-16 22:08:27,2026-07-16 22:08:27,1,613.0,mm,PD,1613
2026-07-16 22:08:26,2026-07-16 22:08:27,301.0,mm,DD,301
2026-07-16 22:08:26,2026-07-16 22:08:27,301.0,mm,AS,301
2026-07-16 20:49:19,2026-07-16 20:49:19,129.0,mm,DD,129
2026-07-16 20:49:13,2026-07-16 20:49:13,129.0,mm,DD,129
2026-07-16 20:49:13,2026-07-16 20:49:13,129.0,mm,DD,129
2026-07-16 20:49:12,2026-07-16 20:49:12,129.0,mm,DD,129
2026-07-16 20:49:12,2026-07-16 20:49:12,129.0,mm,ND,129
2026-07-16 20:49:11,2026-07-16 20:49:12,129.0,mm,DD,129
2026-07-16 20:49:11,2026-07-16 20:49:12,129.0,mm,DD,129
2026-07-16 20:49:11,2026-07-16 20:49:12,129.0,mm,DD,129
2026-07-16 19:08:32,2026-07-16 19:08:32,301.0,mm,A,301
2026-07-16 19:08:26,2026-07-16 19:08:26,301.0,mm,DD,301
2026-07-16 19:08:26,2026-07-16 19:08:26,301.0,mm,DD,301
2026-07-16 19:08:26,2026-07-16 19:08:26,301.0,mm,DD,301
2026-07-16 19:08:26,2026-07-16 19:08:26,301.0,mm,A,301
2026-07-16 19:08:25,2026-07-16 19:08:26,301.0,mm,DD,301
2026-07-16 19:08:25,2026-07-16 19:08:26,301.0,mm,DD,301
2026-07-16 16:08:32,2026-07-16 16:08:32,301.0,mm,A,301
2026-07-16 16:08:25,2026-07-16 16:08:26,301.0,mm,DD,301
2026-07-16 16:08:25,2026-07-16 16:08:26,301.0,mm,DD,301
2026-07-16 16:08:25,2026-07-16 16:08:26,301.0,mm,DD,301
2026-07-16 16:08:25,2026-07-16 16:08:26,301.0,mm,A,301
2026-07-16 16:08:24,2026-07-16 16:08:26,301.0,mm,DD,301
2026-07-16 16:08:24,2026-07-16 16:08:26,301.0,mm,DD,301
2026-07-16 15:14:47,2026-07-16 15:14:47,82.0,mm,ND,82
2026-07-16 13:08:31,2026-07-16 13:08:31,301.0,mm,DD,301
2026-07-16 13:08:25,2026-07-16 13:08:25,301.0,mm,DD,301
2026-07-16 13:08:25,2026-07-16 13:08:25,301.0,mm,DD,301
2026-07-16 13:08:25,2026-07-16 13:08:25,301.0,mm,DD,301
2026-07-16 13:08:25,2026-07-16 13:08:25,301.0,mm,A,301
2026-07-16 13:08:24,2026-07-16 13:08:25,301.0,mm,DD,301
2026-07-16 13:08:24,2026-07-16 13:08:25,301.0,mm,DD,301
2026-07-16 10:08:30,2026-07-16 10:08:30,301.0,mm,A,301
2026-07-16 10:08:24,2026-07-16 10:08:24,301.0,mm,DD,301
2026-07-16 10:08:24,2026-07-16 10:08:24,301.0,mm,DD,301
2026-07-16 10:08:24,2026-07-16 10:08:24,301.0,mm,DD,301
2026-07-16 10:08:24,2026-07-16 10:08:24,301.0,mm,A,301
2026-07-16 10:08:22,2026-07-16 10:08:24,301.0,mm,DD,301
2026-07-16 10:08:22,2026-07-16 10:08:24,301.0,mm,DD,301
2026-07-16 07:45:35,2026-07-16 07:45:35,128.0,mm,DD,128
2026-07-16 07:45:29,2026-07-16 07:45:29,128.0,mm,DD,128
2026-07-16 07:45:29,2026-07-16 07:45:29,128.0,mm,DD,128
2026-07-16 07:45:29,2026-07-16 07:45:29,128.0,mm,DD,128
2026-07-16 07:45:29,2026-07-16 07:45:29,128.0,mm,ND,128
2026-07-16 07:45:28,2026-07-16 07:45:29,128.0,mm,DD,128
2026-07-16 07:45:28,2026-07-16 07:45:29,128.0,mm,DD,128
2026-07-16 07:08:29,2026-07-16 07:08:29,301.0,mm,A,301
2026-07-16 07:08:23,2026-07-16 07:08:23,301.0,mm,DD,301
2026-07-16 07:08:23,2026-07-16 07:08:23,301.0,mm,DD,301
2026-07-16 07:08:23,2026-07-16 07:08:23,301.0,mm,DD,301
2026-07-16 07:08:23,2026-07-16 07:08:23,301.0,mm,A,301
2026-07-16 07:08:22,2026-07-16 07:08:23,301.0,mm,DD,301
2026-07-16 07:08:22,2026-07-16 07:08:23,301.0,mm,DD,301
2026-07-16 04:45:34,2026-07-16 04:45:34,128.0,mm,DD,128
2026-07-16 04:45:29,2026-07-16 04:45:29,128.0,mm,DD,128
2026-07-16 04:45:29,2026-07-16 04:45:29,128.0,mm,DD,128
2026-07-16 04:45:28,2026-07-16 04:45:28,128.0,mm,DD,128
2026-07-16 04:45:28,2026-07-16 04:45:28,128.0,mm,ND,128
2026-07-16 04:45:27,2026-07-16 04:45:28,128.0,mm,DD,128
2026-07-16 04:45:27,2026-07-16 04:45:28,128.0,mm,DD,128
2026-07-16 04:08:22,2026-07-16 04:08:22,301.0,mm,DD,301
2026-07-16 04:08:22,2026-07-16 04:08:22,301.0,mm,DD,301
2026-07-16 04:08:22,2026-07-16 04:08:22,301.0,mm,DD,301
2026-07-16 04:08:22,2026-07-16 04:08:22,301.0,mm,A,301
2026-07-16 04:08:21,2026-07-16 04:08:22,301.0,mm,DD,301
2026-07-16 04:08:21,2026-07-16 04:08:22,301.0,mm,DD,301
2026-07-16 01:08:28,2026-07-16 01:08:28,301.0,mm,A,301
2026-07-16 01:08:21,2026-07-16 01:08:21,301.0,mm,DD,301
2026-07-16 01:08:21,2026-07-16 01:08:21,301.0,mm,DD,301
2026-07-16 01:08:21,2026-07-16 01:08:21,301.0,mm,DD,301
2026-07-16 01:08:21,2026-07-16 01:08:21,301.0,mm,A,301
2026-07-16 01:08:20,2026-07-16 01:08:22,301.0,mm,DD,301
2026-07-16 01:08:20,2026-07-16 01:08:22,301.0,mm,DD,301
2026-07-15 22:45:32,2026-07-15 22:45:32,129.0,mm,DD,129
2026-07-15 22:45:27,2026-07-15 22:45:27,129.0,mm,DD,129
2026-07-15 22:45:27,2026-07-15 22:45:27,129.0,mm,DD,129
2026-07-15 22:45:26,2026-07-15 22:45:26,129.0,mm,DD,129
2026-07-15 22:45:26,2026-07-15 22:45:26,129.0,mm,ND,129
2026-07-15 22:45:24,2026-07-15 22:45:26,129.0,mm,DD,129
2026-07-15 22:45:24,2026-07-15 22:45:26,129.0,mm,DD,129
2026-07-15 22:08:27,2026-07-15 22:08:27,301.0,mm,A,301
2026-07-15 22:08:21,2026-07-15 22:08:21,301.0,mm,DD,301
2026-07-15 22:08:21,2026-07-15 22:08:21,301.0,mm,A,301
2026-07-15 22:08:20,2026-07-15 22:08:21,301.0,mm,DD,301
2026-07-15 22:08:20,2026-07-15 22:08:21,301.0,mm,DD,301
2026-07-15 22:08:20,2026-07-15 22:08:21,301.0,mm,DD,301
2026-07-15 22:08:20,2026-07-15 22:08:21,301.0,mm,DD,301
2026-07-15 22:08:20,2026-07-15 22:08:21,301.0,mm,A,301
2026-07-15 22:00:32,2026-07-15 22:00:32,2,008.0,mm,DD,2008
2026-07-15 22:00:32,2026-07-15 22:00:32,2,008.0,mm,DD,2008
2026-07-15 22:00:25,2026-07-15 22:00:25,2,008.0,mm,DD,2008
2026-07-15 22:00:25,2026-07-15 22:00:25,2,008.0,mm,DD,2008
2026-07-15 22:00:24,2026-07-15 22:00:24,2,008.0,mm,DD,2008
2026-07-15 22:00:24,2026-07-15 22:00:24,2,008.0,mm,PD,2008
2026-07-15 22:00:23,2026-07-15 22:00:24,2,008.0,mm,DD,2008
2026-07-15 22:00:23,2026-07-15 22:00:24,2,008.0,mm,DD,2008
2026-07-15 19:08:26,2026-07-15 19:08:26,301.0,mm,A,301
2026-07-15 19:08:20,2026-07-15 19:08:20,301.0,mm,DD,301
2026-07-15 19:08:20,2026-07-15 19:08:20,301.0,mm,A,301
2026-07-15 19:08:19,2026-07-15 19:08:20,301.0,mm,DD,301
2026-07-15 19:08:19,2026-07-15 19:08:20,301.0,mm,DD,301
2026-07-15 16:08:25,2026-07-15 16:08:25,301.0,mm,A,301
2026-07-15 16:08:19,2026-07-15 16:08:19,301.0,mm,DD,301
2026-07-15 16:08:19,2026-07-15 16:08:19,301.0,mm,DD,301
2026-07-15 16:08:19,2026-07-15 16:08:19,301.0,mm,A,301
2026-07-15 16:08:18,2026-07-15 16:08:19,301.0,mm,DD,301
2026-07-15 16:08:18,2026-07-15 16:08:19,301.0,mm,A,301
2026-07-15 16:08:17,2026-07-15 16:08:19,301.0,mm,DD,301
2026-07-15 16:08:17,2026-07-15 16:08:19,301.0,mm,DD,301
2026-07-15 14:03:35,2026-07-15 14:03:35,301.0,mm,DD,301
2026-07-15 14:03:35,2026-07-15 14:03:35,301.0,mm,DD,301
2026-07-15 14:03:35,2026-07-15 14:03:35,301.0,mm,A,301
2026-07-15 14:03:34,2026-07-15 14:03:35,301.0,mm,DD,301
2026-07-15 14:03:34,2026-07-15 14:03:35,301.0,mm,A,301
2026-07-15 14:03:33,2026-07-15 14:03:35,301.0,mm,DD,301
2026-07-15 14:03:33,2026-07-15 14:03:35,301.0,mm,DD,301
2026-07-15 14:00:17,2026-07-15 14:00:17,300.0,mm,A,300
2026-07-15 14:00:11,2026-07-15 14:00:11,300.0,mm,DD,300
2026-07-15 14:00:11,2026-07-15 14:00:11,300.0,mm,A,300
2026-07-15 14:00:10,2026-07-15 14:00:12,300.0,mm,DD,300
2026-07-15 14:00:10,2026-07-15 14:00:12,300.0,mm,DD,300
2026-07-15 14:00:10,2026-07-15 14:00:12,300.0,mm,DD,300
2026-07-15 13:52:27,2026-07-15 13:52:27,299.0,mm,A,299
2026-07-15 13:52:26,2026-07-15 13:52:26,1,323.0,mm,PD,1323
2026-07-15 13:52:21,2026-07-15 13:52:21,299.0,mm,DD,299
2026-07-15 13:52:21,2026-07-15 13:52:21,299.0,mm,DD,299
2026-07-15 13:52:21,2026-07-15 13:52:21,299.0,mm,DD,299
2026-07-15 13:52:21,2026-07-15 13:52:21,299.0,mm,A,299
2026-07-15 13:52:20,2026-07-15 13:52:21,299.0,mm,DD,299
2026-07-15 13:52:20,2026-07-15 13:52:21,299.0,mm,DD,299
2026-07-15 13:08:24,2026-07-15 13:08:24,298.0,mm,A,298
2026-07-15 13:08:18,2026-07-15 13:08:18,298.0,mm,DD,298
2026-07-15 13:08:18,2026-07-15 13:08:18,298.0,mm,DD,298
2026-07-15 13:08:18,2026-07-15 13:08:18,298.0,mm,DD,298
2026-07-15 13:08:18,2026-07-15 13:08:18,298.0,mm,A,298
2026-07-15 13:08:17,2026-07-15 13:08:18,298.0,mm,DD,298
2026-07-15 13:08:17,2026-07-15 13:08:18,298.0,mm,DD,298
2026-07-15 10:08:23,2026-07-15 10:08:23,298.0,mm,AN,298
2026-07-15 10:08:17,2026-07-15 10:08:17,298.0,mm,DD,298
2026-07-15 10:08:17,2026-07-15 10:08:17,298.0,mm,DD,298
2026-07-15 10:08:16,2026-07-15 10:08:17,298.0,mm,DD,298
2026-07-15 10:08:16,2026-07-15 10:08:17,298.0,mm,DD,298
2026-07-15 10:08:12,2026-07-16 10:09:37,298.0,mm,DD,298
2026-07-15 10:08:12,2026-07-16 10:09:37,298.0,mm,A,298
2026-07-15 07:45:28,2026-07-16 10:09:35,128.0,mm,DD,128
2026-07-15 07:45:20,2026-07-15 07:45:22,128.0,mm,DD,128
2026-07-15 07:45:20,2026-07-15 07:45:22,128.0,mm,DD,128
2026-07-15 07:45:20,2026-07-15 07:45:22,128.0,mm,DD,128
2026-07-15 07:45:20,2026-07-15 07:45:22,128.0,mm,ND,128
2026-07-15 07:08:23,2026-07-15 07:08:23,298.0,mm,A,298
2026-07-15 07:08:16,2026-07-15 07:08:16,298.0,mm,DD,298
2026-07-15 07:08:16,2026-07-15 07:08:16,298.0,mm,A,298
2026-07-15 07:08:15,2026-07-15 07:08:17,298.0,mm,DD,298
2026-07-15 07:08:15,2026-07-15 07:08:17,298.0,mm,DD,298
2026-07-15 04:08:22,2026-07-15 04:08:22,298.0,mm,DD,298
2026-07-15 04:08:22,2026-07-15 04:08:22,298.0,mm,DD,298
2026-07-15 04:08:15,2026-07-15 04:08:16,298.0,mm,DD,298
2026-07-15 04:08:15,2026-07-15 04:08:16,298.0,mm,A,298
2026-07-15 04:08:14,2026-07-15 04:08:16,298.0,mm,DD,298
2026-07-15 04:08:14,2026-07-15 04:08:16,298.0,mm,DD,298
2026-07-15 01:08:21,2026-07-15 01:08:21,298.0,mm,A,298
2026-07-15 01:08:15,2026-07-15 01:08:15,298.0,mm,DD,298
2026-07-15 01:08:15,2026-07-15 01:08:15,298.0,mm,A,298
2026-07-15 01:08:14,2026-07-15 01:08:15,298.0,mm,DD,298
2026-07-15 01:08:14,2026-07-15 01:08:15,298.0,mm,DD,298
2026-07-14 22:08:20,2026-07-14 22:08:20,298.0,mm,DD,298
2026-07-14 22:08:20,2026-07-14 22:08:20,298.0,mm,DD,298
2026-07-14 22:08:14,2026-07-14 22:08:14,298.0,mm,DD,298
2026-07-14 22:08:14,2026-07-14 22:08:14,298.0,mm,A,298
2026-07-14 22:08:12,2026-07-14 22:08:14,298.0,mm,DD,298
2026-07-14 22:08:12,2026-07-14 22:08:14,298.0,mm,DD,298
2026-07-14 19:08:19,2026-07-14 19:08:19,298.0,mm,A,298
2026-07-14 19:08:13,2026-07-14 19:08:13,298.0,mm,DD,298
2026-07-14 19:08:13,2026-07-14 19:08:13,298.0,mm,DD,298
2026-07-14 19:08:13,2026-07-14 19:08:13,298.0,mm,DD,298
2026-07-14 19:08:13,2026-07-14 19:08:13,298.0,mm,A,298
2026-07-14 19:08:12,2026-07-14 19:08:13,298.0,mm,DD,298
2026-07-14 19:08:12,2026-07-14 19:08:13,298.0,mm,DD,298
2026-07-14 16:08:18,2026-07-14 16:08:18,298.0,mm,A,298
2026-07-14 16:08:12,2026-07-14 16:08:12,298.0,mm,DD,298
2026-07-14 16:08:12,2026-07-14 16:08:12,298.0,mm,DD,298
2026-07-14 16:08:12,2026-07-14 16:08:12,298.0,mm,DD,298
2026-07-14 16:08:12,2026-07-14 16:08:12,298.0,mm,A,298
2026-07-14 16:08:11,2026-07-14 16:08:12,298.0,mm,DD,298
2026-07-14 16:08:11,2026-07-14 16:08:12,298.0,mm,DD,298
2026-07-14 13:08:17,2026-07-14 13:08:17,298.0,mm,A,298
2026-07-14 13:08:11,2026-07-14 13:08:11,298.0,mm,DD,298
2026-07-14 13:08:11,2026-07-14 13:08:11,298.0,mm,DD,298
2026-07-14 13:08:11,2026-07-14 13:08:11,298.0,mm,DD,298
2026-07-14 13:08:11,2026-07-14 13:08:11,298.0,mm,A,298
2026-07-14 13:08:09,2026-07-14 13:08:11,298.0,mm,DD,298
2026-07-14 13:08:09,2026-07-14 13:08:11,298.0,mm,DD,298
2026-07-14 13:08:09,2026-07-14 13:08:11,298.0,mm,DD,298
2026-07-14 10:08:17,2026-07-14 10:08:17,298.0,mm,A,298
2026-07-14 10:08:11,2026-07-14 10:08:11,298.0,mm,DD,298
2026-07-14 10:08:11,2026-07-14 10:08:11,298.0,mm,A,298
2026-07-14 10:08:10,2026-07-14 10:08:11,298.0,mm,DD,298
2026-07-14 10:08:10,2026-07-14 10:08:11,298.0,mm,DD,298
2026-07-14 10:08:09,2026-07-14 10:08:11,298.0,mm,DD,298
2026-07-14 10:08:09,2026-07-14 10:08:11,298.0,mm,DD,298
2026-07-14 10:08:09,2026-07-14 10:08:11,298.0,mm,DD,298
2026-07-14 10:08:09,2026-07-14 10:08:11,298.0,mm,DD,298
2026-07-14 07:45:19,2026-07-14 07:45:19,128.0,mm,ND,128
2026-07-14 07:08:16,2026-07-14 07:08:16,298.0,mm,DD,298
2026-07-14 07:08:10,2026-07-14 07:08:10,298.0,mm,DD,298
2026-07-14 07:08:10,2026-07-14 07:08:10,298.0,mm,A,298
2026-07-14 07:08:09,2026-07-14 07:08:10,298.0,mm,DD,298
2026-07-14 07:08:09,2026-07-14 07:08:10,298.0,mm,DD,298
2026-07-14 04:08:15,2026-07-14 04:08:15,298.0,mm,A,298
2026-07-14 04:08:09,2026-07-14 04:08:09,298.0,mm,DD,298
2026-07-14 04:08:09,2026-07-14 04:08:09,298.0,mm,A,298
2026-07-14 04:08:07,2026-07-14 04:08:09,298.0,mm,DD,298
2026-07-14 04:08:07,2026-07-14 04:08:09,298.0,mm,DD,298
2026-07-14 01:08:14,2026-07-14 01:08:14,298.0,mm,A,298
2026-07-14 01:08:08,2026-07-14 01:08:08,298.0,mm,DD,298
2026-07-14 01:08:08,2026-07-14 01:08:08,298.0,mm,DD,298
2026-07-14 01:08:08,2026-07-14 01:08:08,298.0,mm,DD,298
2026-07-14 01:08:08,2026-07-14 01:08:08,298.0,mm,A,298
2026-07-14 01:08:07,2026-07-14 01:08:08,298.0,mm,DD,298
2026-07-14 01:08:07,2026-07-14 01:08:08,298.0,mm,DD,298
2026-07-14 01:08:07,2026-07-14 01:08:08,298.0,mm,DD,298
2026-07-14 01:08:07,2026-07-14 01:08:08,298.0,mm,DD,298
2026-07-14 01:08:03,2026-07-14 01:08:08,298.0,mm,DD,298
2026-07-14 01:08:03,2026-07-14 01:08:08,298.0,mm,DD,298
2026-07-13 22:08:13,2026-07-13 22:08:13,298.0,mm,A,298
2026-07-13 22:08:07,2026-07-13 22:08:07,298.0,mm,DD,298
2026-07-13 22:08:07,2026-07-13 22:08:07,298.0,mm,DD,298
2026-07-13 22:08:07,2026-07-13 22:08:07,298.0,mm,DD,298
2026-07-13 22:08:07,2026-07-13 22:08:07,298.0,mm,DD,298
2026-07-13 22:08:06,2026-07-13 22:08:07,298.0,mm,DD,298
2026-07-13 22:08:06,2026-07-13 22:08:07,298.0,mm,DD,298
2026-07-13 22:08:06,2026-07-13 22:08:07,298.0,mm,DD,298
2026-07-13 22:08:06,2026-07-13 22:08:07,298.0,mm,DD,298
2026-07-13 22:08:00,2026-07-13 22:08:07,298.0,mm,DD,298
2026-07-13 22:08:00,2026-07-13 22:08:07,298.0,mm,A,298
2026-07-13 19:08:12,2026-07-13 19:08:12,298.0,mm,DD,298
2026-07-13 19:08:06,2026-07-13 19:08:06,298.0,mm,DD,298
2026-07-13 19:08:06,2026-07-13 19:08:06,298.0,mm,DD,298
2026-07-13 19:08:04,2026-07-13 19:08:06,298.0,mm,DD,298
2026-07-13 19:08:04,2026-07-13 19:08:06,298.0,mm,DD,298
2026-07-13 19:08:04,2026-07-13 19:08:06,298.0,mm,DD,298
2026-07-13 19:08:04,2026-07-13 19:08:06,298.0,mm,A,298
2026-07-13 16:08:12,2026-07-13 16:08:12,298.0,mm,A,298
2026-07-13 16:08:05,2026-07-13 16:08:05,298.0,mm,DD,298
2026-07-13 16:08:05,2026-07-13 16:08:05,298.0,mm,DD,298
2026-07-13 16:08:04,2026-07-13 16:08:05,298.0,mm,DD,298
2026-07-13 16:08:04,2026-07-13 16:08:05,298.0,mm,DD,298
2026-07-13 16:08:04,2026-07-13 16:08:05,298.0,mm,DD,298
2026-07-13 16:07:59,2026-07-13 16:08:05,298.0,mm,DD,298
2026-07-13 16:07:59,2026-07-13 16:08:05,298.0,mm,A,298
2026-07-13 13:08:11,2026-07-13 13:08:11,298.0,mm,A,298
2026-07-13 13:08:05,2026-07-13 13:08:05,298.0,mm,DD,298
2026-07-13 13:08:05,2026-07-13 13:08:05,298.0,mm,DD,298
2026-07-13 13:08:03,2026-07-13 13:08:05,298.0,mm,DD,298
2026-07-13 13:08:03,2026-07-13 13:08:05,298.0,mm,DD,298
2026-07-13 13:08:03,2026-07-13 13:08:05,298.0,mm,DD,298
2026-07-13 13:08:03,2026-07-13 13:08:05,298.0,mm,DD,298
2026-07-13 13:07:59,2026-07-13 13:08:05,298.0,mm,DD,298
2026-07-13 13:07:59,2026-07-13 13:08:05,298.0,mm,A,298
2026-07-13 10:08:10,2026-07-13 10:08:10,297.0,mm,A,297
2026-07-13 10:08:09,2026-07-13 10:08:09,1,609.0,mm,PD,1609
2026-07-13 10:08:04,2026-07-13 10:08:04,297.0,mm,DD,297
2026-07-13 10:08:04,2026-07-13 10:08:04,297.0,mm,DD,297
2026-07-13 10:08:02,2026-07-13 10:08:04,297.0,mm,DD,297
2026-07-13 10:08:02,2026-07-13 10:08:04,297.0,mm,DD,297
2026-07-13 10:08:02,2026-07-13 10:08:04,297.0,mm,DD,297
2026-07-13 10:07:59,2026-07-13 10:08:04,297.0,mm,DD,297
2026-07-13 10:07:59,2026-07-13 10:08:04,297.0,mm,A,297
2026-07-13 07:08:09,2026-07-13 07:08:09,297.0,mm,DD,297
2026-07-13 07:08:03,2026-07-13 07:08:03,297.0,mm,DD,297
2026-07-13 07:08:03,2026-07-13 07:08:03,297.0,mm,DD,297
2026-07-13 07:08:03,2026-07-13 07:08:03,297.0,mm,DD,297
2026-07-13 07:08:02,2026-07-13 07:08:03,297.0,mm,DD,297
2026-07-13 07:08:02,2026-07-13 07:08:03,297.0,mm,DD,297
2026-07-13 07:08:02,2026-07-13 07:08:03,297.0,mm,DD,297
2026-07-13 07:07:59,2026-07-13 07:08:03,297.0,mm,DD,297
2026-07-13 07:07:59,2026-07-13 07:08:03,297.0,mm,A,297
2026-07-13 04:08:08,2026-07-13 04:08:08,297.0,mm,A,297
2026-07-13 04:08:02,2026-07-13 04:08:02,297.0,mm,DD,297
2026-07-13 04:08:02,2026-07-13 04:08:02,297.0,mm,DD,297
2026-07-13 04:08:02,2026-07-13 04:08:02,297.0,mm,DD,297
2026-07-13 04:08:01,2026-07-13 04:08:02,297.0,mm,DD,297
2026-07-13 04:08:01,2026-07-13 04:08:02,297.0,mm,DD,297
2026-07-13 04:08:01,2026-07-13 04:08:02,297.0,mm,DD,297
2026-07-13 04:08:01,2026-07-13 04:08:02,297.0,mm,DD,297
2026-07-13 04:07:57,2026-07-13 04:08:02,297.0,mm,DD,297
2026-07-13 04:07:57,2026-07-13 04:08:02,297.0,mm,A,297
2026-07-13 01:08:08,2026-07-13 01:08:08,297.0,mm,A,297
2026-07-13 01:08:07,2026-07-13 01:08:08,297.0,mm,DD,297
2026-07-13 01:08:01,2026-07-13 01:08:01,297.0,mm,DD,297
2026-07-13 01:08:01,2026-07-13 01:08:01,297.0,mm,A,297
2026-07-13 01:08:00,2026-07-13 01:08:01,297.0,mm,DD,297
2026-07-13 01:08:00,2026-07-13 01:08:01,297.0,mm,DD,297
2026-07-12 22:08:00,2026-07-12 22:08:01,297.0,mm,DD,297
2026-07-12 22:08:00,2026-07-12 22:08:01,297.0,mm,DD,297
2026-07-12 22:08:00,2026-07-12 22:08:01,297.0,mm,DD,297
2026-07-12 22:08:00,2026-07-12 22:08:01,297.0,mm,A,297
2026-07-12 22:07:59,2026-07-12 22:08:01,297.0,mm,DD,297
2026-07-12 22:07:59,2026-07-12 22:08:01,297.0,mm,DD,297
2026-07-12 19:08:06,2026-07-12 19:08:06,297.0,mm,A,297
2026-07-12 19:07:59,2026-07-12 19:08:00,297.0,mm,DD,297
2026-07-12 19:07:59,2026-07-12 19:08:00,297.0,mm,DD,297
2026-07-12 19:07:59,2026-07-12 19:08:00,297.0,mm,A,297
2026-07-12 19:07:58,2026-07-12 19:08:00,297.0,mm,DD,297
2026-07-12 19:07:58,2026-07-12 19:08:00,297.0,mm,DD,297
2026-07-12 19:07:54,2026-07-12 19:08:00,297.0,mm,DD,297
2026-07-12 19:07:54,2026-07-12 19:08:00,297.0,mm,A,297
2026-07-12 16:08:05,2026-07-12 16:08:05,297.0,mm,A,297
2026-07-12 16:07:59,2026-07-12 16:07:59,297.0,mm,DD,297
2026-07-12 16:07:59,2026-07-12 16:07:59,297.0,mm,DD,297
2026-07-12 16:07:59,2026-07-12 16:07:59,297.0,mm,A,297
2026-07-12 16:07:57,2026-07-12 16:07:59,297.0,mm,DD,297
2026-07-12 16:07:57,2026-07-12 16:07:59,297.0,mm,DD,297
2026-07-12 16:07:56,2026-07-12 16:07:59,297.0,mm,DD,297
2026-07-12 16:07:56,2026-07-12 16:07:59,297.0,mm,A,297
2026-07-12 13:08:04,2026-07-12 13:08:04,297.0,mm,DD,297
2026-07-12 13:07:58,2026-07-12 13:07:58,297.0,mm,DD,297
2026-07-12 13:07:58,2026-07-12 13:07:58,297.0,mm,DD,297
2026-07-12 13:07:58,2026-07-12 13:07:58,297.0,mm,A,297
2026-07-12 13:07:57,2026-07-12 13:07:58,297.0,mm,DD,297
2026-07-12 13:07:57,2026-07-12 13:07:58,297.0,mm,DD,297
2026-07-12 13:07:52,2026-07-12 13:07:58,297.0,mm,DD,297
2026-07-12 13:07:52,2026-07-12 13:07:58,297.0,mm,A,297
2026-07-12 10:08:04,2026-07-16 10:12:36,297.0,mm,DD,297
2026-07-12 10:07:57,2026-07-16 10:12:29,297.0,mm,DD,297
2026-07-12 10:07:57,2026-07-16 10:12:29,297.0,mm,DD,297
2026-07-12 10:07:56,2026-07-16 10:12:23,297.0,mm,DD,297
2026-07-12 10:07:56,2026-07-16 10:12:23,297.0,mm,A,297
2026-07-12 08:27:39,2026-07-12 08:27:39,635.0,mm,DD,635
2026-07-12 08:27:39,2026-07-12 08:27:39,635.0,mm,DD,635
2026-07-12 08:27:38,2026-07-12 08:27:39,635.0,mm,DD,635
2026-07-12 08:27:38,2026-07-12 08:27:39,635.0,mm,PD,635
2026-07-12 07:45:02,2026-07-12 07:45:02,130.0,mm,DD,130
2026-07-12 07:45:01,2026-07-12 07:45:01,130.0,mm,DD,130
2026-07-12 07:44:56,2026-07-12 07:44:56,130.0,mm,DD,130
2026-07-12 07:44:55,2026-07-16 10:10:35,130.0,mm,DD,130
2026-07-12 07:44:55,2026-07-16 10:10:35,130.0,mm,DD,130
2026-07-12 07:44:55,2026-07-16 10:10:35,130.0,mm,DD,130
2026-07-12 07:44:55,2026-07-16 10:10:35,130.0,mm,DD,130
2026-07-12 07:44:54,2026-07-16 10:12:01,130.0,mm,DD,130
2026-07-12 07:44:54,2026-07-16 10:12:01,130.0,mm,ND,130
2026-07-12 07:08:03,2026-07-16 10:11:57,297.0,mm,A,297
2026-07-12 07:07:56,2026-07-16 10:10:07,297.0,mm,DD,297
2026-07-12 07:07:56,2026-07-16 10:10:07,297.0,mm,DD,297
2026-07-12 07:07:56,2026-07-16 10:10:07,297.0,mm,DD,297
2026-07-12 07:07:56,2026-07-16 10:10:07,297.0,mm,DD,297
2026-07-12 07:07:55,2026-07-12 07:07:57,297.0,mm,DD,297
2026-07-12 07:07:55,2026-07-12 07:07:57,297.0,mm,DD,297
2026-07-12 07:07:55,2026-07-12 07:07:57,297.0,mm,DD,297
2026-07-12 07:07:49,2026-07-16 10:11:13,297.0,mm,DD,297
2026-07-12 07:07:49,2026-07-16 10:11:13,297.0,mm,A,297
2026-07-12 04:45:00,2026-07-16 10:11:10,129.0,mm,DD,129
2026-07-12 04:44:54,2026-07-12 04:44:54,129.0,mm,DD,129
2026-07-12 04:44:54,2026-07-12 04:44:54,129.0,mm,DD,129
2026-07-12 04:44:54,2026-07-12 04:44:54,129.0,mm,ND,129
2026-07-12 04:44:52,2026-07-12 04:44:54,129.0,mm,DD,129
2026-07-12 04:44:52,2026-07-12 04:44:54,129.0,mm,DD,129
2026-07-12 04:44:51,2026-07-12 04:44:55,129.0,mm,DD,129
2026-07-12 04:44:51,2026-07-12 04:44:55,129.0,mm,ND,129
2026-07-12 04:08:02,2026-07-12 04:08:02,297.0,mm,A,297
2026-07-12 04:07:56,2026-07-12 04:07:56,297.0,mm,DD,297
2026-07-12 04:07:56,2026-07-12 04:07:56,297.0,mm,DD,297
2026-07-12 04:07:56,2026-07-12 04:07:56,297.0,mm,A,297
2026-07-12 04:07:54,2026-07-12 04:07:56,297.0,mm,DD,297
2026-07-12 04:07:54,2026-07-12 04:07:56,297.0,mm,DD,297
2026-07-12 04:07:52,2026-07-12 04:07:56,297.0,mm,DD,297
2026-07-12 04:07:52,2026-07-12 04:07:56,297.0,mm,A,297
2026-07-12 01:08:01,2026-07-12 01:08:01,297.0,mm,DD,297
2026-07-12 01:08:01,2026-07-12 01:08:01,297.0,mm,DD,297
2026-07-12 01:08:01,2026-07-12 01:08:01,297.0,mm,DD,297
2026-07-12 01:07:55,2026-07-12 01:07:55,297.0,mm,DD,297
2026-07-12 01:07:55,2026-07-12 01:07:55,297.0,mm,DD,297
2026-07-12 01:07:55,2026-07-12 01:07:55,297.0,mm,A,297
2026-07-12 01:07:54,2026-07-12 01:07:55,297.0,mm,DD,297
2026-07-12 01:07:54,2026-07-12 01:07:55,297.0,mm,DD,297
2026-07-12 01:07:08,2026-07-12 01:07:55,297.0,mm,DD,297
2026-07-12 01:07:08,2026-07-12 01:07:55,297.0,mm,A,297
2026-07-11 22:08:00,2026-07-11 22:08:00,297.0,mm,A,297
2026-07-11 22:07:54,2026-07-11 22:07:54,297.0,mm,DD,297
2026-07-11 22:07:54,2026-07-11 22:07:54,297.0,mm,DD,297
2026-07-11 22:07:54,2026-07-11 22:07:54,297.0,mm,A,297
2026-07-11 22:07:52,2026-07-11 22:07:54,297.0,mm,DD,297
2026-07-11 22:07:52,2026-07-11 22:07:54,297.0,mm,DD,297
2026-07-11 22:07:52,2026-07-11 22:07:54,297.0,mm,DD,297
2026-07-11 22:07:52,2026-07-11 22:07:54,297.0,mm,A,297
2026-07-11 19:08:01,2026-07-11 19:08:01,297.0,mm,DD,297
2026-07-11 19:08:01,2026-07-11 19:08:01,297.0,mm,DD,297
2026-07-11 19:08:00,2026-07-11 19:08:00,297.0,mm,DD,297
2026-07-11 19:08:00,2026-07-11 19:08:00,297.0,mm,DD,297
2026-07-11 19:07:53,2026-07-11 19:07:55,297.0,mm,DD,297
2026-07-11 19:07:53,2026-07-11 19:07:55,297.0,mm,DD,297
2026-07-11 19:07:53,2026-07-11 19:07:55,297.0,mm,DD,297
2026-07-11 19:07:53,2026-07-11 19:07:55,297.0,mm,DD,297
2026-07-11 19:07:53,2026-07-11 19:07:55,297.0,mm,A,297
2026-07-11 19:07:08,2026-07-11 19:07:54,297.0,mm,DD,297
2026-07-11 19:07:08,2026-07-11 19:07:54,297.0,mm,A,297
2026-07-11 16:07:59,2026-07-11 16:07:59,295.0,mm,A,295
2026-07-11 16:07:52,2026-07-11 16:07:52,295.0,mm,DD,295
2026-07-11 16:07:52,2026-07-11 16:07:52,295.0,mm,DD,295
2026-07-11 16:07:52,2026-07-11 16:07:52,295.0,mm,A,295
2026-07-11 16:07:51,2026-07-11 16:07:52,295.0,mm,DD,295
2026-07-11 16:07:51,2026-07-11 16:07:52,295.0,mm,DD,295
2026-07-11 16:07:07,2026-07-11 16:07:52,295.0,mm,DD,295
2026-07-11 16:07:07,2026-07-11 16:07:52,295.0,mm,A,295
2026-07-11 13:42:26,2026-07-11 13:42:26,295.0,mm,A,295
2026-07-11 13:42:20,2026-07-11 13:42:20,295.0,mm,DD,295
2026-07-11 13:42:20,2026-07-11 13:42:20,295.0,mm,DD,295
2026-07-11 13:42:20,2026-07-11 13:42:20,295.0,mm,A,295
2026-07-11 13:42:19,2026-07-11 13:42:21,295.0,mm,DD,295
2026-07-11 13:42:19,2026-07-11 13:42:21,295.0,mm,DD,295
2026-07-11 13:41:35,2026-07-11 13:42:20,295.0,mm,DD,295
2026-07-11 13:41:35,2026-07-11 13:42:20,295.0,mm,A,295
2026-07-11 13:35:49,2026-07-11 13:35:49,294.0,mm,DD,294
2026-07-11 13:35:49,2026-07-11 13:35:49,294.0,mm,DD,294
2026-07-11 13:35:43,2026-07-11 13:35:43,294.0,mm,DD,294
2026-07-11 13:35:43,2026-07-11 13:35:43,294.0,mm,DD,294
2026-07-11 13:35:43,2026-07-11 13:35:43,294.0,mm,A,294
2026-07-11 13:35:41,2026-07-11 13:35:43,294.0,mm,DD,294
2026-07-11 13:35:41,2026-07-11 13:35:43,294.0,mm,DD,294
2026-07-11 13:34:57,2026-07-11 13:35:43,294.0,mm,DD,294
2026-07-11 13:34:57,2026-07-11 13:35:43,294.0,mm,A,294
2026-07-11 13:07:58,2026-07-11 13:07:58,293.0,mm,A,293
2026-07-11 13:07:51,2026-07-11 13:07:52,293.0,mm,DD,293
2026-07-11 13:07:51,2026-07-11 13:07:52,293.0,mm,DD,293
2026-07-11 13:07:51,2026-07-11 13:07:52,293.0,mm,A,293
2026-07-11 13:07:50,2026-07-11 13:07:52,293.0,mm,DD,293
2026-07-11 13:07:50,2026-07-11 13:07:52,293.0,mm,DD,293
2026-07-11 13:07:06,2026-07-11 13:07:52,293.0,mm,DD,293
2026-07-11 13:07:06,2026-07-11 13:07:52,293.0,mm,A,293
2026-07-11 10:07:58,2026-07-11 10:07:58,293.0,mm,DD,293
2026-07-11 10:07:56,2026-07-11 10:07:56,293.0,mm,A,293
2026-07-11 10:07:51,2026-07-11 10:07:51,293.0,mm,DD,293
2026-07-11 10:07:51,2026-07-11 10:07:51,293.0,mm,DD,293
2026-07-11 10:07:51,2026-07-11 10:07:51,293.0,mm,A,293
2026-07-11 10:07:49,2026-07-11 10:07:51,293.0,mm,DD,293
2026-07-11 10:07:49,2026-07-11 10:07:51,293.0,mm,DD,293
2026-07-11 10:07:49,2026-07-11 10:07:51,293.0,mm,DD,293
2026-07-11 10:07:49,2026-07-11 10:07:51,293.0,mm,A,293
2026-07-11 07:07:56,2026-07-11 07:07:56,293.0,mm,A,293
2026-07-11 07:07:50,2026-07-11 07:07:50,293.0,mm,DD,293
2026-07-11 07:07:50,2026-07-11 07:07:50,293.0,mm,DD,293
2026-07-11 07:07:50,2026-07-11 07:07:50,293.0,mm,A,293
2026-07-11 07:07:49,2026-07-11 07:07:50,293.0,mm,DD,293
2026-07-11 07:07:49,2026-07-11 07:07:50,293.0,mm,DD,293
2026-07-11 07:07:06,2026-07-11 07:07:50,293.0,mm,DD,293
2026-07-11 07:07:06,2026-07-11 07:07:50,293.0,mm,A,293
2026-07-11 05:47:59,2026-07-11 05:47:59,27.0,mm,DD,27
2026-07-11 05:47:59,2026-07-11 05:47:59,27.0,mm,DD,27
2026-07-11 05:47:54,2026-07-11 05:47:54,27.0,mm,DD,27
2026-07-11 05:47:54,2026-07-11 05:47:54,27.0,mm,DD,27
2026-07-11 05:47:54,2026-07-11 05:47:54,27.0,mm,DD,27
2026-07-11 05:47:54,2026-07-11 05:47:54,27.0,mm,DD,27
2026-07-11 05:47:53,2026-07-11 05:47:54,27.0,mm,DD,27
2026-07-11 05:47:53,2026-07-11 05:47:54,27.0,mm,ND,27
2026-07-11 05:47:52,2026-07-11 05:47:54,27.0,mm,DD,27
2026-07-11 05:47:52,2026-07-11 05:47:54,27.0,mm,DD,27
2026-07-11 04:07:56,2026-07-11 04:07:56,293.0,mm,A,293
2026-07-11 04:07:49,2026-07-11 04:07:49,293.0,mm,DD,293
2026-07-11 04:07:49,2026-07-11 04:07:49,293.0,mm,DD,293
2026-07-11 04:07:49,2026-07-11 04:07:49,293.0,mm,A,293
2026-07-11 04:07:48,2026-07-11 04:07:49,293.0,mm,DD,293
2026-07-11 04:07:48,2026-07-11 04:07:49,293.0,mm,DD,293
2026-07-11 04:07:05,2026-07-11 04:07:49,293.0,mm,DD,293
2026-07-11 04:07:05,2026-07-11 04:07:49,293.0,mm,A,293
2026-07-11 01:07:55,2026-07-11 01:07:55,293.0,mm,A,293
2026-07-11 01:07:48,2026-07-11 01:07:48,293.0,mm,DD,293
2026-07-11 01:07:48,2026-07-11 01:07:48,293.0,mm,A,293
2026-07-11 01:07:47,2026-07-11 01:07:48,293.0,mm,DD,293
2026-07-11 01:07:47,2026-07-11 01:07:48,293.0,mm,DD,293
2026-07-11 01:07:04,2026-07-11 01:07:48,293.0,mm,DD,293
2026-07-11 01:07:04,2026-07-11 01:07:48,293.0,mm,A,293
2026-07-10 22:07:54,2026-07-10 22:07:54,293.0,mm,AN,293
2026-07-10 22:07:47,2026-07-16 10:13:49,293.0,mm,DD,293
2026-07-10 22:07:47,2026-07-16 10:13:49,293.0,mm,DD,293
2026-07-10 22:07:47,2026-07-16 10:13:49,293.0,mm,DD,293
2026-07-10 22:07:46,2026-07-16 10:13:41,293.0,mm,DD,293
2026-07-10 22:07:46,2026-07-16 10:13:41,293.0,mm,DD,293
2026-07-10 22:07:46,2026-07-16 10:13:41,293.0,mm,DD,293
2026-07-10 22:07:46,2026-07-16 10:13:41,293.0,mm,A,293
2026-07-10 20:33:55,2026-07-16 10:13:38,128.0,mm,DD,128
2026-07-10 20:33:49,2026-07-16 10:13:16,128.0,mm,DD,128
2026-07-10 20:33:49,2026-07-16 10:13:16,128.0,mm,DD,128
2026-07-10 20:33:49,2026-07-16 10:13:16,128.0,mm,DD,128
2026-07-10 20:33:47,2026-07-16 10:13:28,128.0,mm,DD,128
2026-07-10 20:33:47,2026-07-16 10:13:28,128.0,mm,ND,128
2026-07-10 20:33:06,2026-07-10 20:33:49,128.0,mm,DD,128
2026-07-10 20:33:06,2026-07-10 20:33:49,128.0,mm,ND,128
2026-07-10 19:07:53,2026-07-10 19:07:53,293.0,mm,DD,293
2026-07-10 19:07:53,2026-07-10 19:07:53,293.0,mm,DD,293
2026-07-10 19:07:46,2026-07-10 19:07:47,293.0,mm,DD,293
2026-07-10 19:07:46,2026-07-10 19:07:47,293.0,mm,DD,293
2026-07-10 19:07:46,2026-07-10 19:07:47,293.0,mm,A,293
2026-07-10 19:07:45,2026-07-10 19:07:47,293.0,mm,DD,293
2026-07-10 19:07:45,2026-07-10 19:07:47,293.0,mm,DD,293
2026-07-10 19:07:04,2026-07-10 19:07:47,293.0,mm,DD,293
2026-07-10 19:07:04,2026-07-10 19:07:47,293.0,mm,AS,293
2026-07-10 16:07:52,2026-07-10 16:07:52,293.0,mm,A,293
2026-07-10 16:07:46,2026-07-10 16:07:46,293.0,mm,DD,293
2026-07-10 16:07:46,2026-07-10 16:07:46,293.0,mm,DD,293
2026-07-10 16:07:46,2026-07-10 16:07:46,293.0,mm,A,293
2026-07-10 16:07:44,2026-07-10 16:07:46,293.0,mm,DD,293
2026-07-10 16:07:44,2026-07-10 16:07:46,293.0,mm,DD,293
2026-07-10 16:07:03,2026-07-10 16:07:46,293.0,mm,DD,293
2026-07-10 16:07:03,2026-07-10 16:07:46,293.0,mm,A,293
2026-07-10 14:13:46,2026-07-10 14:13:46,293.0,mm,A,293
2026-07-10 14:13:40,2026-07-10 14:13:40,293.0,mm,DD,293
2026-07-10 14:13:40,2026-07-10 14:13:40,293.0,mm,DD,293
2026-07-10 14:13:40,2026-07-10 14:13:40,293.0,mm,DD,293
2026-07-10 14:13:40,2026-07-10 14:13:40,293.0,mm,A,293
2026-07-10 14:13:39,2026-07-10 14:13:40,293.0,mm,DD,293
2026-07-10 14:13:39,2026-07-10 14:13:40,293.0,mm,DD,293
2026-07-10 13:44:41,2026-07-10 13:44:41,139.0,mm,DD,139
2026-07-10 13:44:41,2026-07-10 13:44:41,139.0,mm,DD,139
2026-07-10 13:44:41,2026-07-10 13:44:41,139.0,mm,DD,139
2026-07-10 13:44:40,2026-07-10 13:44:41,139.0,mm,DD,139
2026-07-10 13:44:40,2026-07-10 13:44:41,139.0,mm,ND,139
2026-07-10 13:44:39,2026-07-10 13:44:41,139.0,mm,DD,139
2026-07-10 13:44:39,2026-07-10 13:44:41,139.0,mm,DD,139
2026-07-10 13:25:33,2026-07-10 13:25:33,292.0,mm,DD,292
2026-07-10 13:25:33,2026-07-10 13:25:33,292.0,mm,DD,292
2026-07-10 13:25:26,2026-07-10 13:25:28,292.0,mm,DD,292
2026-07-10 13:25:26,2026-07-10 13:25:28,292.0,mm,A,292
2026-07-10 13:24:45,2026-07-10 13:25:28,292.0,mm,DD,292
2026-07-10 13:24:45,2026-07-10 13:25:28,292.0,mm,A,292
2026-07-10 13:07:51,2026-07-10 13:07:51,291.0,mm,A,291
2026-07-10 13:07:45,2026-07-10 13:07:45,291.0,mm,DD,291
2026-07-10 13:07:45,2026-07-10 13:07:45,291.0,mm,DD,291
2026-07-10 13:07:45,2026-07-10 13:07:45,291.0,mm,A,291
2026-07-10 13:07:44,2026-07-10 13:07:45,291.0,mm,DD,291
2026-07-10 13:07:44,2026-07-10 13:07:45,291.0,mm,DD,291
2026-07-10 13:07:03,2026-07-10 13:07:45,291.0,mm,DD,291
2026-07-10 13:07:03,2026-07-10 13:07:45,291.0,mm,A,291
2026-07-10 10:07:51,2026-07-10 10:07:51,291.0,mm,DD,291
2026-07-10 10:07:50,2026-07-10 10:07:50,291.0,mm,DD,291
2026-07-10 10:07:50,2026-07-10 10:07:50,291.0,mm,DD,291
2026-07-10 10:07:44,2026-07-10 10:07:44,291.0,mm,DD,291
2026-07-10 10:07:44,2026-07-10 10:07:44,291.0,mm,DD,291
2026-07-10 10:07:44,2026-07-10 10:07:44,291.0,mm,A,291
2026-07-10 10:07:43,2026-07-10 10:07:44,291.0,mm,DD,291
2026-07-10 10:07:43,2026-07-10 10:07:44,291.0,mm,DD,291
2026-07-10 10:07:02,2026-07-10 10:07:44,291.0,mm,DD,291
2026-07-10 10:07:02,2026-07-10 10:07:44,291.0,mm,A,291
2026-07-10 07:07:50,2026-07-16 10:16:59,291.0,mm,DD,291
2026-07-10 07:07:43,2026-07-16 10:16:53,291.0,mm,DD,291
2026-07-10 07:07:43,2026-07-16 10:16:53,291.0,mm,DD,291
2026-07-10 07:07:43,2026-07-16 10:16:53,291.0,mm,DD,291
2026-07-10 07:07:42,2026-07-16 10:16:56,291.0,mm,DD,291
2026-07-10 07:07:42,2026-07-16 10:16:56,291.0,mm,DD,291
2026-07-10 07:07:42,2026-07-16 10:16:56,291.0,mm,DD,291
2026-07-10 07:07:42,2026-07-16 10:16:56,291.0,mm,AN,291
2026-07-10 04:44:44,2026-07-16 10:16:40,129.0,mm,DD,129
2026-07-10 04:44:38,2026-07-10 04:44:38,129.0,mm,DD,129
2026-07-10 04:44:37,2026-07-16 10:16:16,129.0,mm,DD,129
2026-07-10 04:44:37,2026-07-16 10:16:16,129.0,mm,DD,129
2026-07-10 04:44:36,2026-07-16 10:16:12,129.0,mm,DD,129
2026-07-10 04:44:36,2026-07-16 10:16:12,129.0,mm,ND,129
2026-07-10 04:43:56,2026-07-10 04:44:39,129.0,mm,DD,129
2026-07-10 04:43:56,2026-07-10 04:44:39,129.0,mm,ND,129
2026-07-10 04:07:49,2026-07-10 04:07:49,291.0,mm,DD,291
2026-07-10 04:07:49,2026-07-10 04:07:49,291.0,mm,DD,291
2026-07-10 04:07:43,2026-07-10 04:07:43,291.0,mm,DD,291
2026-07-10 04:07:43,2026-07-10 04:07:43,291.0,mm,DD,291
2026-07-10 04:07:43,2026-07-10 04:07:43,291.0,mm,PD,291
2026-07-10 04:07:41,2026-07-10 04:07:43,291.0,mm,DD,291
2026-07-10 04:07:41,2026-07-10 04:07:43,291.0,mm,DD,291
2026-07-10 04:07:01,2026-07-16 10:15:33,291.0,mm,DD,291
2026-07-10 04:07:01,2026-07-16 10:15:33,291.0,mm,A,291
2026-07-10 01:44:43,2026-07-16 10:15:27,129.0,mm,DD,129
2026-07-10 01:44:37,2026-07-10 01:44:37,129.0,mm,DD,129
2026-07-10 01:44:37,2026-07-10 01:44:37,129.0,mm,DD,129
2026-07-10 01:44:36,2026-07-16 10:14:56,129.0,mm,DD,129
2026-07-10 01:44:36,2026-07-16 10:14:56,129.0,mm,DD,129
2026-07-10 01:44:35,2026-07-16 10:15:17,129.0,mm,DD,129
2026-07-10 01:44:35,2026-07-16 10:15:17,129.0,mm,ND,129
2026-07-10 01:43:52,2026-07-10 01:44:38,129.0,mm,DD,129
2026-07-10 01:43:52,2026-07-10 01:44:38,129.0,mm,ND,129
2026-07-10 01:17:34,2026-07-16 10:14:45,11.0,mm,DD,11
2026-07-10 01:17:29,2026-07-10 01:17:29,11.0,mm,DD,11
2026-07-10 01:17:29,2026-07-10 01:17:29,11.0,mm,DD,11
2026-07-10 01:17:28,2026-07-16 10:14:31,11.0,mm,DD,11
2026-07-10 01:17:28,2026-07-16 10:14:31,11.0,mm,DD,11
2026-07-10 01:17:27,2026-07-16 10:14:25,11.0,mm,DD,11
2026-07-10 01:17:27,2026-07-16 10:14:25,11.0,mm,ND,11
2026-07-10 01:16:46,2026-07-10 01:17:29,11.0,mm,DD,11
2026-07-10 01:16:46,2026-07-10 01:17:29,11.0,mm,ND,11
2026-07-10 01:07:42,2026-07-10 01:07:42,291.0,mm,DD,291
2026-07-10 01:07:42,2026-07-10 01:07:42,291.0,mm,DD,291
2026-07-10 01:07:42,2026-07-10 01:07:42,291.0,mm,A,291
2026-07-10 01:07:40,2026-07-10 01:07:42,291.0,mm,DD,291
2026-07-10 01:07:40,2026-07-10 01:07:42,291.0,mm,DD,291
2026-07-10 01:06:59,2026-07-10 01:07:42,291.0,mm,DD,291
2026-07-10 01:06:59,2026-07-10 01:07:42,291.0,mm,A,291
2026-07-09 22:07:41,2026-07-09 22:07:41,291.0,mm,DD,291
2026-07-09 22:07:41,2026-07-09 22:07:41,291.0,mm,DD,291
2026-07-09 22:07:41,2026-07-09 22:07:41,291.0,mm,DD,291
2026-07-09 22:07:41,2026-07-09 22:07:41,291.0,mm,A,291
2026-07-09 22:07:39,2026-07-09 22:07:41,291.0,mm,DD,291
2026-07-09 22:07:39,2026-07-09 22:07:41,291.0,mm,DD,291
2026-07-09 22:07:39,2026-07-09 22:07:41,291.0,mm,DD,291
2026-07-09 22:06:58,2026-07-09 22:07:41,291.0,mm,DD,291
2026-07-09 22:06:58,2026-07-09 22:07:41,291.0,mm,A,291
2026-07-09 19:07:40,2026-07-09 19:07:40,291.0,mm,DD,291
2026-07-09 19:07:40,2026-07-09 19:07:40,291.0,mm,DD,291
2026-07-09 19:07:40,2026-07-09 19:07:40,291.0,mm,A,291
2026-07-09 19:07:39,2026-07-09 19:07:40,291.0,mm,DD,291
2026-07-09 19:07:39,2026-07-09 19:07:40,291.0,mm,DD,291
2026-07-09 19:07:38,2026-07-09 19:07:40,291.0,mm,DD,291
2026-07-09 19:07:38,2026-07-09 19:07:40,291.0,mm,A,291
2026-07-09 16:07:46,2026-07-09 16:07:46,291.0,mm,DD,291
2026-07-09 16:07:45,2026-07-09 16:07:45,291.0,mm,DD,291
2026-07-09 16:07:45,2026-07-09 16:07:45,291.0,mm,DD,291
2026-07-09 16:07:39,2026-07-09 16:07:39,291.0,mm,DD,291
2026-07-09 16:07:39,2026-07-09 16:07:39,291.0,mm,A,291
2026-07-09 16:07:38,2026-07-09 16:07:40,291.0,mm,DD,291
2026-07-09 16:07:38,2026-07-09 16:07:40,291.0,mm,DD,291
2026-07-09 16:06:58,2026-07-09 16:07:39,291.0,mm,DD,291
2026-07-09 16:06:58,2026-07-09 16:07:39,291.0,mm,A,291
2026-07-09 13:07:45,2026-07-09 13:07:45,291.0,mm,A,291
2026-07-09 13:07:38,2026-07-09 13:07:39,291.0,mm,DD,291
2026-07-09 13:07:38,2026-07-09 13:07:39,291.0,mm,DD,291
2026-07-09 13:07:38,2026-07-09 13:07:39,291.0,mm,A,291
2026-07-09 13:07:37,2026-07-09 13:07:39,291.0,mm,DD,291
2026-07-09 13:07:37,2026-07-09 13:07:39,291.0,mm,DD,291
2026-07-09 13:06:56,2026-07-09 13:07:39,291.0,mm,DD,291
2026-07-09 13:06:56,2026-07-09 13:07:39,291.0,mm,A,291
2026-07-09 10:07:44,2026-07-09 10:07:44,291.0,mm,A,291
2026-07-09 10:07:38,2026-07-09 10:07:38,291.0,mm,DD,291
2026-07-09 10:07:38,2026-07-09 10:07:38,291.0,mm,DD,291
2026-07-09 10:07:38,2026-07-09 10:07:38,291.0,mm,A,291
2026-07-09 10:07:36,2026-07-09 10:07:38,291.0,mm,DD,291
2026-07-09 10:07:36,2026-07-09 10:07:38,291.0,mm,DD,291
2026-07-09 10:06:54,2026-07-09 10:07:38,291.0,mm,DD,291
2026-07-09 10:06:54,2026-07-09 10:07:38,291.0,mm,A,291
2026-07-09 07:07:44,2026-07-09 07:07:44,291.0,mm,DD,291
2026-07-09 07:07:43,2026-07-09 07:07:43,291.0,mm,DD,291
2026-07-09 07:07:43,2026-07-09 07:07:43,291.0,mm,DD,291
2026-07-09 07:07:37,2026-07-09 07:07:37,291.0,mm,DD,291
2026-07-09 07:07:37,2026-07-09 07:07:37,291.0,mm,DD,291
2026-07-09 07:07:36,2026-07-09 07:07:38,291.0,mm,DD,291
2026-07-09 07:07:36,2026-07-09 07:07:38,291.0,mm,DD,291
2026-07-09 07:07:33,2026-07-09 07:07:36,291.0,mm,DD,291
2026-07-09 07:07:33,2026-07-09 07:07:36,291.0,mm,A,291
2026-07-09 04:07:42,2026-07-09 04:07:42,291.0,mm,A,291
2026-07-09 04:07:36,2026-07-09 04:07:36,291.0,mm,DD,291
2026-07-09 04:07:36,2026-07-09 04:07:36,291.0,mm,DD,291
2026-07-09 04:07:36,2026-07-09 04:07:36,291.0,mm,A,291
2026-07-09 04:07:34,2026-07-09 04:07:36,291.0,mm,DD,291
2026-07-09 04:07:34,2026-07-09 04:07:36,291.0,mm,DD,291
2026-07-09 04:06:54,2026-07-09 04:07:36,291.0,mm,DD,291
2026-07-09 04:06:54,2026-07-09 04:07:36,291.0,mm,A,291
2026-07-09 01:07:42,2026-07-09 01:07:42,291.0,mm,A,291
2026-07-09 01:07:35,2026-07-09 01:07:35,291.0,mm,DD,291
2026-07-09 01:07:35,2026-07-09 01:07:35,291.0,mm,DD,291
2026-07-09 01:07:35,2026-07-09 01:07:35,291.0,mm,A,291
2026-07-09 01:07:34,2026-07-09 01:07:35,291.0,mm,DD,291
2026-07-09 01:07:34,2026-07-09 01:07:35,291.0,mm,DD,291
2026-07-09 01:06:54,2026-07-09 01:07:35,291.0,mm,DD,291
2026-07-09 01:06:54,2026-07-09 01:07:35,291.0,mm,A,291
2026-07-08 22:07:41,2026-07-08 22:07:41,291.0,mm,A,291
2026-07-08 22:07:34,2026-07-08 22:07:35,291.0,mm,DD,291
2026-07-08 22:07:34,2026-07-08 22:07:35,291.0,mm,DD,291
2026-07-08 22:07:34,2026-07-08 22:07:35,291.0,mm,A,291
2026-07-08 22:07:33,2026-07-08 22:07:35,291.0,mm,DD,291
2026-07-08 22:07:33,2026-07-08 22:07:35,291.0,mm,DD,291
2026-07-08 22:06:53,2026-07-08 22:07:35,291.0,mm,DD,291
2026-07-08 22:06:53,2026-07-08 22:07:35,291.0,mm,A,291
2026-07-08 19:07:40,2026-07-08 19:07:40,291.0,mm,A,291
2026-07-08 19:07:34,2026-07-08 19:07:34,291.0,mm,DD,291
2026-07-08 19:07:34,2026-07-08 19:07:34,291.0,mm,DD,291
2026-07-08 19:07:34,2026-07-08 19:07:34,291.0,mm,A,291
2026-07-08 19:07:32,2026-07-08 19:07:34,291.0,mm,DD,291
2026-07-08 19:07:32,2026-07-08 19:07:34,291.0,mm,DD,291
2026-07-08 19:06:57,2026-07-08 19:07:34,291.0,mm,DD,291
2026-07-08 19:06:57,2026-07-08 19:07:34,291.0,mm,A,291
2026-07-08 16:07:39,2026-07-08 16:07:39,291.0,mm,A,291
2026-07-08 16:07:33,2026-07-08 16:07:33,291.0,mm,DD,291
2026-07-08 16:07:33,2026-07-08 16:07:33,291.0,mm,DD,291
2026-07-08 16:07:33,2026-07-08 16:07:33,291.0,mm,A,291
2026-07-08 16:07:31,2026-07-08 16:07:33,291.0,mm,DD,291
2026-07-08 16:07:31,2026-07-08 16:07:33,291.0,mm,DD,291
2026-07-08 16:06:52,2026-07-08 16:07:33,291.0,mm,DD,291
2026-07-08 16:06:52,2026-07-08 16:07:33,291.0,mm,A,291
2026-07-08 13:07:38,2026-07-08 13:07:38,291.0,mm,A,291
2026-07-08 13:07:32,2026-07-08 13:07:32,291.0,mm,DD,291
2026-07-08 13:07:32,2026-07-08 13:07:32,291.0,mm,DD,291
2026-07-08 13:07:32,2026-07-08 13:07:32,291.0,mm,A,291
2026-07-08 13:07:31,2026-07-08 13:07:32,291.0,mm,DD,291
2026-07-08 13:07:31,2026-07-08 13:07:32,291.0,mm,DD,291
2026-07-08 13:06:51,2026-07-08 13:07:32,291.0,mm,DD,291
2026-07-08 13:06:51,2026-07-08 13:07:32,291.0,mm,A,291
2026-07-08 10:07:38,2026-07-08 10:07:38,291.0,mm,A,291
2026-07-08 10:07:31,2026-07-08 10:07:31,291.0,mm,DD,291
2026-07-08 10:07:31,2026-07-08 10:07:31,291.0,mm,DD,291
2026-07-08 10:07:31,2026-07-08 10:07:31,291.0,mm,PD,291
2026-07-08 10:07:29,2026-07-08 10:07:31,291.0,mm,DD,291
2026-07-08 10:07:29,2026-07-08 10:07:31,291.0,mm,DD,291
2026-07-08 10:06:50,2026-07-16 10:17:42,291.0,mm,DD,291
2026-07-08 10:06:50,2026-07-16 10:17:42,291.0,mm,A,291
2026-07-08 07:44:29,2026-07-16 10:17:39,129.0,mm,DD,129
2026-07-08 07:44:22,2026-07-16 10:17:34,129.0,mm,DD,129
2026-07-08 07:44:22,2026-07-16 10:17:34,129.0,mm,DD,129
2026-07-08 07:44:22,2026-07-16 10:17:34,129.0,mm,DD,129
2026-07-08 07:44:20,2026-07-16 10:17:31,129.0,mm,DD,129
2026-07-08 07:44:20,2026-07-16 10:17:31,129.0,mm,ND,129
2026-07-08 07:43:46,2026-07-08 07:44:23,129.0,mm,DD,129
2026-07-08 07:43:46,2026-07-08 07:44:23,129.0,mm,ND,129
2026-07-08 07:07:37,2026-07-08 07:07:37,291.0,mm,DD,291
2026-07-08 07:07:37,2026-07-08 07:07:37,291.0,mm,DD,291
2026-07-08 07:07:30,2026-07-08 07:07:31,291.0,mm,DD,291
2026-07-08 07:07:30,2026-07-08 07:07:31,291.0,mm,DD,291
2026-07-08 07:07:30,2026-07-08 07:07:31,291.0,mm,A,291
2026-07-08 07:07:29,2026-07-08 07:07:31,291.0,mm,DD,291
2026-07-08 07:07:29,2026-07-08 07:07:31,291.0,mm,DD,291
2026-07-08 07:07:27,2026-07-08 07:07:31,291.0,mm,DD,291
2026-07-08 07:07:27,2026-07-08 07:07:31,291.0,mm,A,291
2026-07-08 07:07:26,2026-07-08 07:07:30,1,603.0,mm,DD,1603
2026-07-08 07:07:26,2026-07-08 07:07:30,1,603.0,mm,PD,1603
2026-07-08 04:07:36,2026-07-08 04:07:36,291.0,mm,A,291
2026-07-08 04:07:29,2026-07-08 04:07:30,291.0,mm,DD,291
2026-07-08 04:07:29,2026-07-08 04:07:30,291.0,mm,DD,291
2026-07-08 04:07:29,2026-07-08 04:07:30,291.0,mm,A,291
2026-07-08 04:07:28,2026-07-08 04:07:30,291.0,mm,DD,291
2026-07-08 04:07:28,2026-07-08 04:07:30,291.0,mm,DD,291
2026-07-08 04:06:49,2026-07-08 04:07:30,291.0,mm,DD,291
2026-07-08 04:06:49,2026-07-08 04:07:30,291.0,mm,A,291
2026-07-08 01:07:36,2026-07-08 01:07:36,291.0,mm,DD,291
2026-07-08 01:07:35,2026-07-08 01:07:35,291.0,mm,DD,291
2026-07-08 01:07:35,2026-07-08 01:07:35,291.0,mm,DD,291
2026-07-08 01:07:29,2026-07-08 01:07:29,291.0,mm,DD,291
2026-07-08 01:07:29,2026-07-08 01:07:29,291.0,mm,A,291
2026-07-08 01:07:27,2026-07-08 01:07:30,291.0,mm,DD,291
2026-07-08 01:07:27,2026-07-08 01:07:30,291.0,mm,DD,291
2026-07-08 01:06:47,2026-07-08 01:07:28,291.0,mm,DD,291
2026-07-08 01:06:47,2026-07-08 01:07:28,291.0,mm,A,291
2026-07-07 22:07:35,2026-07-07 22:07:35,291.0,mm,DD,291
2026-07-07 22:07:35,2026-07-07 22:07:35,291.0,mm,DD,291
2026-07-07 22:07:28,2026-07-07 22:07:28,291.0,mm,DD,291
2026-07-07 22:07:28,2026-07-07 22:07:28,291.0,mm,DD,291
2026-07-07 22:07:28,2026-07-07 22:07:28,291.0,mm,A,291
2026-07-07 22:07:27,2026-07-07 22:07:29,291.0,mm,DD,291
2026-07-07 22:07:27,2026-07-07 22:07:29,291.0,mm,DD,291
2026-07-07 22:06:46,2026-07-07 22:07:28,291.0,mm,DD,291
2026-07-07 22:06:46,2026-07-07 22:07:28,291.0,mm,A,291
2026-07-07 19:07:33,2026-07-07 19:07:33,291.0,mm,A,291
2026-07-07 19:07:27,2026-07-07 19:07:27,291.0,mm,DD,291
2026-07-07 19:07:27,2026-07-07 19:07:27,291.0,mm,DD,291
2026-07-07 19:07:27,2026-07-07 19:07:27,291.0,mm,A,291
2026-07-07 19:07:25,2026-07-07 19:07:27,291.0,mm,DD,291
2026-07-07 19:07:25,2026-07-07 19:07:27,291.0,mm,DD,291
2026-07-07 19:07:23,2026-07-07 19:07:27,291.0,mm,DD,291
2026-07-07 19:07:23,2026-07-07 19:07:27,291.0,mm,A,291
2026-07-07 17:27:43,2026-07-07 17:27:43,634.0,mm,DD,634
2026-07-07 17:27:42,2026-07-07 17:27:42,634.0,mm,DD,634
2026-07-07 17:27:42,2026-07-07 17:27:42,634.0,mm,PD,634
2026-07-07 16:07:32,2026-07-07 16:07:32,291.0,mm,A,291
2026-07-07 16:07:26,2026-07-07 16:07:26,291.0,mm,DD,291
2026-07-07 16:07:26,2026-07-07 16:07:26,291.0,mm,A,291
2026-07-07 16:07:24,2026-07-07 16:07:26,291.0,mm,DD,291
2026-07-07 16:07:24,2026-07-07 16:07:26,291.0,mm,DD,291
2026-07-07 16:06:47,2026-07-07 16:07:26,291.0,mm,DD,291
2026-07-07 16:06:47,2026-07-07 16:07:26,291.0,mm,A,291
2026-07-07 13:07:25,2026-07-07 13:07:26,291.0,mm,DD,291
2026-07-07 13:07:25,2026-07-07 13:07:26,291.0,mm,DD,291
2026-07-07 13:07:25,2026-07-07 13:07:26,291.0,mm,A,291
2026-07-07 13:07:24,2026-07-07 13:07:26,291.0,mm,DD,291
2026-07-07 13:07:24,2026-07-07 13:07:26,291.0,mm,DD,291
2026-07-07 13:06:45,2026-07-07 13:07:26,291.0,mm,DD,291
2026-07-07 13:06:45,2026-07-07 13:07:26,291.0,mm,A,291
2026-07-07 10:07:31,2026-07-07 10:07:31,291.0,mm,A,291
2026-07-07 10:07:25,2026-07-07 10:07:25,291.0,mm,DD,291
2026-07-07 10:07:25,2026-07-07 10:07:25,291.0,mm,DD,291
2026-07-07 10:07:25,2026-07-07 10:07:25,291.0,mm,A,291
2026-07-07 10:07:23,2026-07-07 10:07:25,291.0,mm,DD,291
2026-07-07 10:07:23,2026-07-07 10:07:25,291.0,mm,DD,291
2026-07-07 10:06:45,2026-07-07 10:07:25,291.0,mm,DD,291
2026-07-07 10:06:45,2026-07-07 10:07:25,291.0,mm,A,291
2026-07-07 07:07:30,2026-07-07 07:07:30,291.0,mm,DD,291
2026-07-07 07:07:30,2026-07-07 07:07:30,291.0,mm,DD,291
2026-07-07 07:07:24,2026-07-07 07:07:24,291.0,mm,DD,291
2026-07-07 07:07:24,2026-07-07 07:07:24,291.0,mm,A,291
2026-07-07 07:07:22,2026-07-07 07:07:24,291.0,mm,DD,291
2026-07-07 07:07:22,2026-07-07 07:07:24,291.0,mm,DD,291
2026-07-07 07:06:52,2026-07-07 07:07:23,291.0,mm,DD,291
2026-07-07 07:06:52,2026-07-07 07:07:23,291.0,mm,A,291
2026-07-07 04:07:29,2026-07-07 04:07:29,291.0,mm,A,291
2026-07-07 04:07:23,2026-07-07 04:07:23,291.0,mm,DD,291
2026-07-07 04:07:23,2026-07-07 04:07:23,291.0,mm,DD,291
2026-07-07 04:07:23,2026-07-07 04:07:23,291.0,mm,A,291
2026-07-07 04:07:21,2026-07-07 04:07:23,291.0,mm,DD,291
2026-07-07 04:07:21,2026-07-07 04:07:23,291.0,mm,DD,291
2026-07-07 04:06:44,2026-07-07 04:07:23,291.0,mm,DD,291
2026-07-07 04:06:44,2026-07-07 04:07:23,291.0,mm,A,291
2026-07-07 01:07:28,2026-07-07 01:07:28,291.0,mm,A,291
2026-07-07 01:07:22,2026-07-07 10:20:59,291.0,mm,DD,291
2026-07-07 01:07:22,2026-07-07 10:20:59,291.0,mm,DD,291
2026-07-07 01:07:22,2026-07-07 10:20:59,291.0,mm,DD,291
2026-07-07 01:07:20,2026-07-07 10:20:54,291.0,mm,DD,291
2026-07-07 01:07:20,2026-07-07 10:20:54,291.0,mm,A,291
2026-07-07 01:06:43,2026-07-07 10:20:44,291.0,mm,DD,291
2026-07-07 01:06:43,2026-07-07 10:20:44,291.0,mm,AN,291
2026-07-06 22:44:17,2026-07-16 10:18:11,145.0,mm,DD,145
2026-07-06 22:44:11,2026-07-06 22:44:11,145.0,mm,DD,145
2026-07-06 22:44:10,2026-07-07 10:20:34,145.0,mm,DD,145
2026-07-06 22:44:10,2026-07-07 10:20:34,145.0,mm,DD,145
2026-07-06 22:44:10,2026-07-07 10:20:34,145.0,mm,DD,145
2026-07-06 22:44:08,2026-07-07 10:20:28,145.0,mm,DD,145
2026-07-06 22:44:08,2026-07-07 10:20:28,145.0,mm,DD,145
2026-07-06 22:44:08,2026-07-07 10:20:28,145.0,mm,DD,145
2026-07-06 22:44:08,2026-07-07 10:20:28,145.0,mm,DD,145
2026-07-06 22:44:08,2026-07-07 10:20:28,145.0,mm,ND,145
2026-07-06 22:07:28,2026-07-06 22:07:28,291.0,mm,DD,291
2026-07-06 22:07:27,2026-07-06 22:07:27,291.0,mm,DD,291
2026-07-06 22:07:27,2026-07-06 22:07:27,291.0,mm,DD,291
2026-07-06 22:07:21,2026-07-06 22:07:21,291.0,mm,DD,291
2026-07-06 22:07:21,2026-07-06 22:07:21,291.0,mm,DD,291
2026-07-06 22:07:21,2026-07-06 22:07:21,291.0,mm,A,291
2026-07-06 22:07:20,2026-07-06 22:07:22,291.0,mm,DD,291
2026-07-06 22:07:20,2026-07-06 22:07:22,291.0,mm,DD,291
2026-07-06 22:06:42,2026-07-06 22:07:21,291.0,mm,DD,291
2026-07-06 22:06:42,2026-07-06 22:07:21,291.0,mm,A,291
2026-07-06 19:07:27,2026-07-06 19:07:27,291.0,mm,A,291
2026-07-06 19:07:20,2026-07-06 19:07:20,291.0,mm,DD,291
2026-07-06 19:07:20,2026-07-06 19:07:20,291.0,mm,DD,291
2026-07-06 19:07:20,2026-07-06 19:07:20,291.0,mm,A,291
2026-07-06 19:07:19,2026-07-06 19:07:20,291.0,mm,DD,291
2026-07-06 19:07:19,2026-07-06 19:07:20,291.0,mm,DD,291
2026-07-06 19:06:46,2026-07-06 19:07:20,291.0,mm,DD,291
2026-07-06 19:06:46,2026-07-06 19:07:20,291.0,mm,A,291
2026-07-06 16:07:26,2026-07-06 16:07:26,291.0,mm,A,291
2026-07-06 16:07:19,2026-07-06 16:07:20,291.0,mm,DD,291
2026-07-06 16:07:19,2026-07-06 16:07:20,291.0,mm,DD,291
2026-07-06 16:07:19,2026-07-06 16:07:20,291.0,mm,A,291
2026-07-06 16:07:18,2026-07-06 16:07:20,291.0,mm,DD,291
2026-07-06 16:07:18,2026-07-06 16:07:20,291.0,mm,DD,291
2026-07-06 16:07:18,2026-07-06 16:07:20,291.0,mm,DD,291
2026-07-06 16:06:42,2026-07-06 16:07:20,291.0,mm,DD,291
2026-07-06 16:06:42,2026-07-06 16:07:20,291.0,mm,A,291
2026-07-06 13:07:25,2026-07-06 13:07:25,291.0,mm,A,291
2026-07-06 13:07:19,2026-07-06 13:07:19,291.0,mm,DD,291
2026-07-06 13:07:19,2026-07-06 13:07:19,291.0,mm,DD,291
2026-07-06 13:07:19,2026-07-06 13:07:19,291.0,mm,A,291
2026-07-06 13:07:16,2026-07-06 13:07:19,291.0,mm,DD,291
2026-07-06 13:07:16,2026-07-06 13:07:19,291.0,mm,DD,291
2026-07-06 13:06:41,2026-07-06 13:07:19,291.0,mm,DD,291
2026-07-06 13:06:41,2026-07-06 13:07:19,291.0,mm,A,291
2026-07-06 10:07:24,2026-07-06 10:07:24,291.0,mm,A,291
2026-07-06 10:07:18,2026-07-06 10:07:18,291.0,mm,DD,291
2026-07-06 10:07:18,2026-07-06 10:07:18,291.0,mm,DD,291
2026-07-06 10:07:18,2026-07-06 10:07:18,291.0,mm,DD,291
2026-07-06 10:07:18,2026-07-06 10:07:18,291.0,mm,A,291
2026-07-06 10:07:16,2026-07-06 10:07:18,291.0,mm,DD,291
2026-07-06 10:07:16,2026-07-06 10:07:18,291.0,mm,DD,291
2026-07-06 07:07:23,2026-07-06 07:07:23,291.0,mm,A,291
2026-07-06 07:07:17,2026-07-06 07:07:17,291.0,mm,DD,291
2026-07-06 07:07:17,2026-07-06 07:07:17,291.0,mm,DD,291
2026-07-06 07:07:17,2026-07-06 07:07:17,291.0,mm,A,291
2026-07-06 07:07:16,2026-07-06 07:07:17,291.0,mm,DD,291
2026-07-06 07:07:16,2026-07-06 07:07:17,291.0,mm,DD,291
2026-07-06 07:06:41,2026-07-06 07:07:17,291.0,mm,DD,291
2026-07-06 07:06:41,2026-07-06 07:07:17,291.0,mm,A,291
2026-07-06 04:07:23,2026-07-06 04:07:23,291.0,mm,A,291
2026-07-06 04:07:16,2026-07-06 04:07:16,291.0,mm,DD,291
2026-07-06 04:07:16,2026-07-06 04:07:16,291.0,mm,DD,291
2026-07-06 04:07:16,2026-07-06 04:07:16,291.0,mm,A,291
2026-07-06 04:07:14,2026-07-06 04:07:17,291.0,mm,DD,291
2026-07-06 04:07:14,2026-07-06 04:07:17,291.0,mm,DD,291
2026-07-06 04:06:40,2026-07-06 04:07:16,291.0,mm,DD,291
2026-07-06 04:06:40,2026-07-06 04:07:16,291.0,mm,A,291
2026-07-06 01:07:22,2026-07-06 01:07:22,291.0,mm,A,291
2026-07-06 01:07:15,2026-07-06 01:07:16,291.0,mm,DD,291
2026-07-06 01:07:15,2026-07-06 01:07:16,291.0,mm,DD,291
2026-07-06 01:07:15,2026-07-06 01:07:16,291.0,mm,A,291
2026-07-06 01:07:14,2026-07-06 01:07:16,291.0,mm,DD,291
2026-07-06 01:07:14,2026-07-06 01:07:16,291.0,mm,DD,291
2026-07-06 01:06:39,2026-07-06 01:07:16,291.0,mm,DD,291
2026-07-06 01:06:39,2026-07-06 01:07:16,291.0,mm,A,291
2026-07-05 22:07:21,2026-07-05 22:07:21,291.0,mm,A,291
2026-07-05 22:07:15,2026-07-05 22:07:15,291.0,mm,DD,291
2026-07-05 22:07:15,2026-07-05 22:07:15,291.0,mm,DD,291
2026-07-05 22:07:15,2026-07-05 22:07:15,291.0,mm,DD,291
2026-07-05 22:07:15,2026-07-05 22:07:15,291.0,mm,A,291
2026-07-05 22:07:13,2026-07-05 22:07:15,291.0,mm,DD,291
2026-07-05 22:07:13,2026-07-05 22:07:15,291.0,mm,DD,291
2026-07-05 19:07:20,2026-07-05 19:07:20,291.0,mm,A,291
2026-07-05 19:07:14,2026-07-05 19:07:14,291.0,mm,DD,291
2026-07-05 19:07:14,2026-07-05 19:07:14,291.0,mm,DD,291
2026-07-05 19:07:14,2026-07-05 19:07:14,291.0,mm,A,291
2026-07-05 19:07:11,2026-07-05 19:07:14,291.0,mm,DD,291
2026-07-05 19:07:11,2026-07-05 19:07:14,291.0,mm,DD,291
2026-07-05 19:06:38,2026-07-05 19:07:14,291.0,mm,DD,291
2026-07-05 19:06:38,2026-07-05 19:07:14,291.0,mm,A,291
2026-07-05 16:07:19,2026-07-05 16:07:19,291.0,mm,DD,291
2026-07-05 16:07:19,2026-07-05 16:07:19,291.0,mm,DD,291
2026-07-05 16:07:13,2026-07-05 16:07:13,291.0,mm,DD,291
2026-07-05 16:07:13,2026-07-05 16:07:13,291.0,mm,DD,291
2026-07-05 16:07:13,2026-07-05 16:07:13,291.0,mm,DD,291
2026-07-05 16:07:13,2026-07-05 16:07:13,291.0,mm,A,291
2026-07-05 16:07:11,2026-07-05 16:07:13,291.0,mm,DD,291
2026-07-05 16:07:11,2026-07-05 16:07:13,291.0,mm,DD,291
2026-07-05 16:06:38,2026-07-05 16:07:13,291.0,mm,DD,291
2026-07-05 16:06:38,2026-07-05 16:07:13,291.0,mm,A,291
2026-07-05 13:07:19,2026-07-05 13:07:19,291.0,mm,DD,291
2026-07-05 13:07:19,2026-07-05 13:07:19,291.0,mm,DD,291
2026-07-05 13:07:11,2026-07-05 13:07:12,291.0,mm,DD,291
2026-07-05 13:07:11,2026-07-05 13:07:12,291.0,mm,AN,291
2026-07-05 13:06:37,2026-07-05 13:07:12,291.0,mm,DD,291
2026-07-05 13:06:37,2026-07-05 13:07:12,291.0,mm,AN,291
2026-07-05 10:07:12,2026-07-05 10:07:12,291.0,mm,DD,291
2026-07-05 10:07:12,2026-07-05 10:07:12,291.0,mm,PD,291
2026-07-05 10:07:11,2026-07-16 10:19:17,291.0,mm,DD,291
2026-07-05 10:07:11,2026-07-16 10:19:17,291.0,mm,DD,291
2026-07-05 10:07:11,2026-07-16 10:19:17,291.0,mm,DD,291
2026-07-05 10:07:09,2026-07-16 10:19:14,291.0,mm,DD,291
2026-07-05 10:07:09,2026-07-16 10:19:14,291.0,mm,A,291
2026-07-05 07:44:04,2026-07-16 10:19:11,129.0,mm,DD,129
2026-07-05 07:43:58,2026-07-05 07:43:58,129.0,mm,DD,129
2026-07-05 07:43:57,2026-07-16 10:18:58,129.0,mm,DD,129
2026-07-05 07:43:57,2026-07-16 10:18:58,129.0,mm,DD,129
2026-07-05 07:43:55,2026-07-16 10:18:53,129.0,mm,DD,129
2026-07-05 07:43:55,2026-07-16 10:18:53,129.0,mm,ND,129
2026-07-05 07:43:23,2026-07-05 07:43:58,129.0,mm,DD,129
2026-07-05 07:43:23,2026-07-05 07:43:58,129.0,mm,ND,129
2026-07-05 07:07:11,2026-07-16 10:18:45,291.0,mm,DD,291
2026-07-05 07:07:11,2026-07-16 10:18:45,291.0,mm,DD,291
2026-07-05 07:07:11,2026-07-16 10:18:45,291.0,mm,DD,291
2026-07-05 07:07:09,2026-07-16 10:18:41,291.0,mm,DD,291
2026-07-05 07:07:09,2026-07-16 10:18:41,291.0,mm,A,291
2026-07-05 07:06:36,2026-07-05 07:07:11,291.0,mm,DD,291
2026-07-05 07:06:36,2026-07-05 07:07:11,291.0,mm,A,291
2026-07-05 04:07:16,2026-07-05 04:07:16,291.0,mm,A,291
2026-07-05 04:07:10,2026-07-05 04:07:10,291.0,mm,DD,291
2026-07-05 04:07:10,2026-07-05 04:07:10,291.0,mm,A,291
2026-07-05 04:07:08,2026-07-05 04:07:10,291.0,mm,DD,291
2026-07-05 04:07:08,2026-07-05 04:07:10,291.0,mm,DD,291
2026-07-05 04:06:34,2026-07-05 04:07:10,291.0,mm,DD,291
2026-07-05 04:06:34,2026-07-05 04:07:10,291.0,mm,A,291
2026-07-05 01:45:52,2026-07-05 01:45:52,612.0,mm,DD,612
2026-07-05 01:45:52,2026-07-05 01:45:52,612.0,mm,DD,612
2026-07-05 01:45:46,2026-07-05 01:45:46,612.0,mm,DD,612
2026-07-05 01:45:46,2026-07-05 01:45:46,612.0,mm,DD,612
2026-07-05 01:45:46,2026-07-05 01:45:46,612.0,mm,DD,612
2026-07-05 01:45:46,2026-07-05 01:45:46,612.0,mm,PD,612
2026-07-05 01:45:43,2026-07-05 01:45:46,612.0,mm,DD,612
2026-07-05 01:45:43,2026-07-05 01:45:46,612.0,mm,DD,612
2026-07-05 01:45:10,2026-07-05 01:45:47,612.0,mm,DD,612
2026-07-05 01:45:10,2026-07-05 01:45:47,612.0,mm,PD,612
2026-07-05 01:07:15,2026-07-05 01:07:15,291.0,mm,A,291
2026-07-05 01:07:09,2026-07-05 01:07:09,291.0,mm,DD,291
2026-07-05 01:07:09,2026-07-05 01:07:09,291.0,mm,A,291
2026-07-05 01:07:06,2026-07-05 01:07:09,291.0,mm,DD,291
2026-07-05 01:07:06,2026-07-05 01:07:09,291.0,mm,DD,291
2026-07-05 01:06:32,2026-07-05 01:07:09,291.0,mm,DD,291
2026-07-05 01:06:32,2026-07-05 01:07:09,291.0,mm,A,291
2026-07-04 22:07:14,2026-07-04 22:07:14,291.0,mm,DD,291
2026-07-04 22:07:14,2026-07-04 22:07:14,291.0,mm,DD,291
2026-07-04 22:07:14,2026-07-04 22:07:14,291.0,mm,DD,291
2026-07-04 22:07:08,2026-07-04 22:07:08,291.0,mm,DD,291
2026-07-04 22:07:08,2026-07-04 22:07:08,291.0,mm,DD,291
2026-07-04 22:07:08,2026-07-04 22:07:08,291.0,mm,DD,291
2026-07-04 22:07:06,2026-07-04 22:07:08,291.0,mm,DD,291
2026-07-04 22:07:06,2026-07-04 22:07:08,291.0,mm,DD,291
2026-07-04 22:07:06,2026-07-04 22:07:08,291.0,mm,DD,291
2026-07-04 22:07:06,2026-07-04 22:07:08,291.0,mm,A,291
2026-07-04 19:07:14,2026-07-04 19:07:14,291.0,mm,A,291
2026-07-04 19:07:07,2026-07-04 19:07:07,291.0,mm,DD,291
2026-07-04 19:07:07,2026-07-04 19:07:07,291.0,mm,A,291
2026-07-04 19:07:06,2026-07-04 19:07:07,291.0,mm,DD,291
2026-07-04 19:07:06,2026-07-04 19:07:07,291.0,mm,DD,291
2026-07-04 19:06:32,2026-07-04 19:07:07,291.0,mm,DD,291
2026-07-04 19:06:32,2026-07-04 19:07:07,291.0,mm,A,291
2026-07-04 16:07:13,2026-07-04 16:07:13,291.0,mm,A,291
2026-07-04 16:07:04,2026-07-04 16:07:07,291.0,mm,DD,291
2026-07-04 16:07:04,2026-07-04 16:07:07,291.0,mm,DD,291
2026-07-04 16:07:04,2026-07-04 16:07:07,291.0,mm,A,291
2026-07-04 16:06:32,2026-07-04 16:07:07,291.0,mm,DD,291
2026-07-04 16:06:32,2026-07-04 16:07:07,291.0,mm,A,291
2026-07-04 13:07:12,2026-07-04 13:07:12,291.0,mm,A,291
2026-07-04 13:07:06,2026-07-04 13:07:06,291.0,mm,DD,291
2026-07-04 13:07:06,2026-07-04 13:07:06,291.0,mm,A,291
2026-07-04 13:07:04,2026-07-04 13:07:06,291.0,mm,DD,291
2026-07-04 13:07:04,2026-07-04 13:07:06,291.0,mm,DD,291
2026-07-04 13:07:04,2026-07-04 13:07:06,291.0,mm,DD,291
2026-07-04 13:07:04,2026-07-04 13:07:06,291.0,mm,DD,291
2026-07-04 13:06:31,2026-07-04 13:07:06,291.0,mm,DD,291
2026-07-04 13:06:31,2026-07-04 13:07:06,291.0,mm,A,291
2026-07-04 10:07:11,2026-07-04 10:07:11,291.0,mm,DD,291
2026-07-04 10:07:05,2026-07-04 10:07:05,291.0,mm,DD,291
2026-07-04 10:07:05,2026-07-04 10:07:05,291.0,mm,DD,291
2026-07-04 10:07:05,2026-07-04 10:07:05,291.0,mm,DD,291
2026-07-04 10:07:05,2026-07-04 10:07:05,291.0,mm,A,291
2026-07-04 10:07:03,2026-07-04 10:07:05,291.0,mm,DD,291
2026-07-04 10:07:03,2026-07-04 10:07:05,291.0,mm,DD,291
2026-07-04 10:07:03,2026-07-04 10:07:05,291.0,mm,DD,291
2026-07-04 10:07:03,2026-07-04 10:07:05,291.0,mm,DD,291
2026-07-04 10:06:39,2026-07-04 10:07:05,291.0,mm,DD,291
2026-07-04 10:06:39,2026-07-04 10:07:05,291.0,mm,A,291
2026-07-04 07:07:10,2026-07-04 07:07:10,291.0,mm,A,291
2026-07-04 07:07:04,2026-07-04 07:07:04,291.0,mm,DD,291
2026-07-04 07:07:04,2026-07-04 07:07:04,291.0,mm,DD,291
2026-07-04 07:07:04,2026-07-04 07:07:04,291.0,mm,A,291
2026-07-04 07:07:01,2026-07-04 07:07:04,291.0,mm,DD,291
2026-07-04 07:07:01,2026-07-04 07:07:04,291.0,mm,DD,291
2026-07-04 07:07:01,2026-07-04 07:07:04,291.0,mm,DD,291
2026-07-04 07:06:30,2026-07-04 07:07:04,291.0,mm,DD,291
2026-07-04 07:06:30,2026-07-04 07:07:04,291.0,mm,A,291
2026-07-04 04:07:10,2026-07-04 04:07:10,291.0,mm,DD,291
2026-07-04 04:07:04,2026-07-04 04:07:04,291.0,mm,DD,291
2026-07-04 04:07:03,2026-07-04 04:07:04,291.0,mm,DD,291
2026-07-04 04:07:03,2026-07-04 04:07:04,291.0,mm,DD,291
2026-07-04 04:07:03,2026-07-04 04:07:04,291.0,mm,DD,291
2026-07-04 04:07:03,2026-07-04 04:07:04,291.0,mm,AN,291
2026-07-04 04:07:01,2026-07-04 04:07:04,291.0,mm,DD,291
2026-07-04 04:07:01,2026-07-04 04:07:04,291.0,mm,DD,291
2026-07-04 04:07:01,2026-07-04 04:07:04,291.0,mm,DD,291
2026-07-04 04:07:01,2026-07-04 04:07:04,291.0,mm,DD,291
2026-07-04 04:06:28,2026-07-16 10:21:59,291.0,mm,DD,291
2026-07-04 04:06:28,2026-07-16 10:21:59,291.0,mm,A,291
2026-07-04 03:15:32,2026-07-04 03:15:32,80.0,mm,DD,80
2026-07-04 03:15:27,2026-07-16 10:21:49,80.0,mm,DD,80
2026-07-04 03:15:25,2026-07-16 10:21:41,80.0,mm,DD,80
2026-07-04 03:15:25,2026-07-16 10:21:41,80.0,mm,DD,80
2026-07-04 03:15:25,2026-07-16 10:21:41,80.0,mm,DD,80
2026-07-04 03:15:23,2026-07-16 10:21:37,80.0,mm,DD,80
2026-07-04 03:15:23,2026-07-16 10:21:37,80.0,mm,ND,80
2026-07-04 03:14:52,2026-07-04 03:15:27,80.0,mm,DD,80
2026-07-04 03:14:52,2026-07-04 03:15:27,80.0,mm,ND,80
2026-07-04 03:14:50,2026-07-04 03:15:25,1,104.0,mm,DD,1104
2026-07-04 03:14:50,2026-07-04 03:15:25,1,104.0,mm,PD,1104
2026-07-04 01:21:25,2026-07-04 01:21:25,1,184.0,mm,PD,1184
2026-07-04 01:07:09,2026-07-16 10:21:23,291.0,mm,DD,291
2026-07-04 01:07:02,2026-07-04 01:07:02,291.0,mm,DD,291
2026-07-04 01:07:02,2026-07-04 01:07:02,291.0,mm,AN,291
2026-07-04 01:07:01,2026-07-04 01:07:03,291.0,mm,DD,291
2026-07-04 01:07:01,2026-07-04 01:07:03,291.0,mm,DD,291
2026-07-04 01:07:01,2026-07-04 01:07:03,291.0,mm,DD,291
2026-07-04 01:06:28,2026-07-04 01:07:02,291.0,mm,DD,291
2026-07-04 01:06:28,2026-07-04 01:07:02,291.0,mm,PD,291
2026-07-03 22:43:52,2026-07-16 10:20:52,129.0,mm,DD,129
2026-07-03 22:43:46,2026-07-03 22:43:46,129.0,mm,DD,129
2026-07-03 22:43:45,2026-07-16 10:20:38,129.0,mm,DD,129
2026-07-03 22:43:45,2026-07-16 10:20:38,129.0,mm,DD,129
2026-07-03 22:43:43,2026-07-16 10:20:34,129.0,mm,DD,129
2026-07-03 22:43:43,2026-07-16 10:20:34,129.0,mm,ND,129
2026-07-03 22:43:24,2026-07-03 22:43:47,129.0,mm,DD,129
2026-07-03 22:43:24,2026-07-03 22:43:47,129.0,mm,ND,129
2026-07-03 22:07:08,2026-07-16 10:20:20,291.0,mm,DD,291
2026-07-03 22:07:01,2026-07-16 10:20:15,291.0,mm,DD,291
2026-07-03 22:07:01,2026-07-16 10:20:15,291.0,mm,DD,291
2026-07-03 22:07:01,2026-07-16 10:20:15,291.0,mm,DD,291
2026-07-03 22:06:59,2026-07-03 22:07:02,291.0,mm,DD,291
2026-07-03 22:06:59,2026-07-03 22:07:02,291.0,mm,DD,291
2026-07-03 22:06:59,2026-07-03 22:07:02,291.0,mm,DD,291
2026-07-03 22:06:59,2026-07-03 22:07:02,291.0,mm,A,291
2026-07-03 19:07:07,2026-07-16 10:20:05,291.0,mm,DD,291
2026-07-03 19:07:01,2026-07-16 10:20:00,291.0,mm,DD,291
2026-07-03 19:07:01,2026-07-16 10:20:00,291.0,mm,DD,291
2026-07-03 19:07:01,2026-07-16 10:20:00,291.0,mm,DD,291
2026-07-03 19:06:59,2026-07-16 10:19:55,291.0,mm,DD,291
2026-07-03 19:06:59,2026-07-16 10:19:55,291.0,mm,A,291
2026-07-03 19:06:27,2026-07-03 19:07:01,291.0,mm,DD,291
2026-07-03 19:06:27,2026-07-03 19:07:01,291.0,mm,A,291
2026-07-03 16:07:06,2026-07-03 16:07:06,291.0,mm,A,291
2026-07-03 16:07:00,2026-07-03 16:07:00,291.0,mm,DD,291
2026-07-03 16:07:00,2026-07-03 16:07:00,291.0,mm,DD,291
2026-07-03 16:07:00,2026-07-03 16:07:00,291.0,mm,A,291
2026-07-03 16:06:58,2026-07-03 16:07:00,291.0,mm,DD,291
2026-07-03 16:06:58,2026-07-03 16:07:00,291.0,mm,DD,291
2026-07-03 16:06:26,2026-07-03 16:07:00,291.0,mm,DD,291
2026-07-03 16:06:26,2026-07-03 16:07:00,291.0,mm,A,291
2026-07-03 14:49:01,2026-07-03 14:49:01,133.0,mm,DD,133
2026-07-03 14:49:01,2026-07-03 14:49:01,133.0,mm,ND,133
2026-07-03 13:07:05,2026-07-03 13:07:05,291.0,mm,A,291
2026-07-03 13:06:59,2026-07-03 13:06:59,291.0,mm,DD,291
2026-07-03 13:06:59,2026-07-03 13:06:59,291.0,mm,DD,291
2026-07-03 13:06:59,2026-07-03 13:06:59,291.0,mm,A,291
2026-07-03 13:06:56,2026-07-03 13:06:59,291.0,mm,DD,291
2026-07-03 13:06:56,2026-07-03 13:06:59,291.0,mm,DD,291
2026-07-03 13:06:25,2026-07-03 13:06:59,291.0,mm,DD,291
2026-07-03 13:06:25,2026-07-03 13:06:59,291.0,mm,A,291
2026-07-03 10:43:48,2026-07-03 10:43:48,136.0,mm,DD,136
2026-07-03 10:43:48,2026-07-03 10:43:48,136.0,mm,DD,136
2026-07-03 10:43:42,2026-07-03 10:43:42,136.0,mm,DD,136
2026-07-03 10:43:42,2026-07-03 10:43:42,136.0,mm,DD,136
2026-07-03 10:43:41,2026-07-03 10:43:42,136.0,mm,DD,136
2026-07-03 10:43:41,2026-07-03 10:43:42,136.0,mm,ND,136
2026-07-03 10:43:39,2026-07-03 10:43:42,136.0,mm,DD,136
2026-07-03 10:43:39,2026-07-03 10:43:42,136.0,mm,DD,136
2026-07-03 10:43:11,2026-07-03 10:43:43,136.0,mm,DD,136
2026-07-03 10:43:11,2026-07-03 10:43:43,136.0,mm,ND,136
2026-07-03 10:07:05,2026-07-03 10:07:05,291.0,mm,A,291
2026-07-03 10:06:58,2026-07-03 10:06:59,291.0,mm,DD,291
2026-07-03 10:06:58,2026-07-03 10:06:59,291.0,mm,DD,291
2026-07-03 10:06:58,2026-07-03 10:06:59,291.0,mm,A,291
2026-07-03 10:06:56,2026-07-03 10:06:59,291.0,mm,DD,291
2026-07-03 10:06:56,2026-07-03 10:06:59,291.0,mm,DD,291
2026-07-03 10:06:56,2026-07-03 10:06:59,291.0,mm,DD,291
2026-07-03 10:06:56,2026-07-03 10:06:59,291.0,mm,DD,291
2026-07-03 07:07:04,2026-07-03 07:07:04,291.0,mm,A,291
2026-07-03 07:06:58,2026-07-03 07:06:58,291.0,mm,DD,291
2026-07-03 07:06:58,2026-07-03 07:06:58,291.0,mm,DD,291
2026-07-03 07:06:58,2026-07-03 07:06:58,291.0,mm,A,291
2026-07-03 07:06:56,2026-07-03 07:06:58,291.0,mm,DD,291
2026-07-03 07:06:56,2026-07-03 07:06:58,291.0,mm,DD,291
2026-07-03 07:06:25,2026-07-03 07:06:58,291.0,mm,DD,291
2026-07-03 07:06:25,2026-07-03 07:06:58,291.0,mm,A,291
2026-07-03 04:07:03,2026-07-03 04:07:03,291.0,mm,A,291
2026-07-03 04:06:57,2026-07-03 04:06:57,291.0,mm,DD,291
2026-07-03 04:06:57,2026-07-03 04:06:57,291.0,mm,DD,291
2026-07-03 04:06:57,2026-07-03 04:06:57,291.0,mm,A,291
2026-07-03 04:06:54,2026-07-03 04:06:57,291.0,mm,DD,291
2026-07-03 04:06:54,2026-07-03 04:06:57,291.0,mm,DD,291
2026-07-03 04:06:54,2026-07-03 04:06:57,291.0,mm,DD,291
2026-07-03 04:06:23,2026-07-03 04:06:57,291.0,mm,DD,291
2026-07-03 04:06:23,2026-07-03 04:06:57,291.0,mm,A,291
2026-07-03 01:07:08,2026-07-03 01:07:08,1,699.0,mm,PD,1699
2026-07-03 01:07:02,2026-07-03 01:07:02,291.0,mm,A,291
2026-07-03 01:07:01,2026-07-03 01:07:02,1,699.0,mm,DD,1699
2026-07-03 01:07:01,2026-07-03 01:07:02,1,699.0,mm,DD,1699
2026-07-03 01:07:01,2026-07-03 01:07:02,1,699.0,mm,PD,1699
2026-07-03 01:06:59,2026-07-03 01:07:02,1,699.0,mm,DD,1699
2026-07-03 01:06:59,2026-07-03 01:07:02,1,699.0,mm,DD,1699
2026-07-03 01:06:59,2026-07-03 01:07:02,1,699.0,mm,DD,1699
2026-07-03 01:06:59,2026-07-03 01:07:02,1,699.0,mm,DD,1699
2026-07-03 01:06:56,2026-07-03 01:06:56,291.0,mm,DD,291
2026-07-03 01:06:56,2026-07-03 01:06:56,291.0,mm,DD,291
2026-07-03 01:06:56,2026-07-03 01:06:56,291.0,mm,DD,291
2026-07-03 01:06:56,2026-07-03 01:06:56,291.0,mm,A,291
2026-07-03 01:06:54,2026-07-03 01:06:56,291.0,mm,DD,291
2026-07-03 01:06:54,2026-07-03 01:06:56,291.0,mm,DD,291
2026-07-03 01:06:29,2026-07-03 01:07:02,1,699.0,mm,DD,1699
2026-07-03 01:06:29,2026-07-03 01:07:02,1,699.0,mm,PD,1699
2026-07-03 01:06:23,2026-07-03 01:06:56,291.0,mm,DD,291
2026-07-03 01:06:23,2026-07-03 01:06:56,291.0,mm,A,291
2026-07-02 22:07:02,2026-07-02 22:07:02,291.0,mm,AN,291
2026-07-02 22:06:55,2026-07-02 22:06:55,291.0,mm,DD,291
2026-07-02 22:06:55,2026-07-02 22:06:55,291.0,mm,DD,291
2026-07-02 22:06:55,2026-07-02 22:06:55,291.0,mm,PD,291
2026-07-02 22:06:54,2026-07-02 22:06:55,291.0,mm,DD,291
2026-07-02 22:06:54,2026-07-02 22:06:55,291.0,mm,DD,291
2026-07-02 22:06:52,2026-07-16 10:22:45,291.0,mm,DD,291
2026-07-02 22:06:52,2026-07-16 10:22:45,291.0,mm,A,291
2026-07-02 22:06:51,2026-07-02 22:06:55,1,603.0,mm,DD,1603
2026-07-02 22:06:51,2026-07-02 22:06:55,1,603.0,mm,PD,1603
2026-07-02 19:43:43,2026-07-16 10:22:41,129.0,mm,DD,129
2026-07-02 19:43:36,2026-07-16 10:22:31,129.0,mm,DD,129
2026-07-02 19:43:36,2026-07-16 10:22:31,129.0,mm,DD,129
2026-07-02 19:43:34,2026-07-16 10:22:25,129.0,mm,DD,129
2026-07-02 19:43:34,2026-07-16 10:22:25,129.0,mm,ND,129
2026-07-02 19:43:06,2026-07-02 19:43:38,129.0,mm,DD,129
2026-07-02 19:43:06,2026-07-02 19:43:38,129.0,mm,ND,129
2026-07-02 19:07:01,2026-07-02 19:07:01,291.0,mm,A,291
2026-07-02 19:06:54,2026-07-02 19:06:55,291.0,mm,DD,291
2026-07-02 19:06:54,2026-07-02 19:06:55,291.0,mm,DD,291
2026-07-02 19:06:54,2026-07-02 19:06:55,291.0,mm,A,291
2026-07-02 19:06:52,2026-07-02 19:06:55,291.0,mm,DD,291
2026-07-02 19:06:52,2026-07-02 19:06:55,291.0,mm,DD,291
2026-07-02 19:06:23,2026-07-02 19:06:55,291.0,mm,DD,291
2026-07-02 19:06:23,2026-07-02 19:06:55,291.0,mm,AS,291
2026-07-02 16:07:01,2026-07-02 16:07:01,291.0,mm,DD,291
2026-07-02 16:07:01,2026-07-02 16:07:01,291.0,mm,DD,291
2026-07-02 16:06:59,2026-07-02 16:06:59,291.0,mm,DD,291
2026-07-02 16:06:59,2026-07-02 16:06:59,291.0,mm,DD,291
2026-07-02 16:06:52,2026-07-02 16:06:55,291.0,mm,DD,291
2026-07-02 16:06:52,2026-07-02 16:06:55,291.0,mm,A,291
2026-07-02 16:06:20,2026-07-02 16:06:54,291.0,mm,DD,291
2026-07-02 16:06:20,2026-07-02 16:06:54,291.0,mm,A,291
2026-07-02 13:06:59,2026-07-02 13:06:59,291.0,mm,DD,291
2026-07-02 13:06:59,2026-07-02 13:06:59,291.0,mm,DD,291
2026-07-02 13:06:51,2026-07-02 13:06:53,291.0,mm,DD,291
2026-07-02 13:06:51,2026-07-02 13:06:53,291.0,mm,A,291
2026-07-02 13:06:21,2026-07-02 13:06:53,291.0,mm,DD,291
2026-07-02 13:06:21,2026-07-02 13:06:53,291.0,mm,A,291
2026-07-02 10:06:58,2026-07-02 10:06:58,291.0,mm,DD,291
2026-07-02 10:06:58,2026-07-02 10:06:58,291.0,mm,DD,291
2026-07-02 10:06:52,2026-07-02 10:06:52,291.0,mm,DD,291
2026-07-02 10:06:52,2026-07-02 10:06:52,291.0,mm,DD,291
2026-07-02 10:06:52,2026-07-02 10:06:52,291.0,mm,DD,291
2026-07-02 10:06:52,2026-07-02 10:06:52,291.0,mm,A,291
2026-07-02 10:06:49,2026-07-02 10:06:52,291.0,mm,DD,291
2026-07-02 10:06:49,2026-07-02 10:06:52,291.0,mm,DD,291
2026-07-02 10:06:48,2026-07-02 10:06:52,291.0,mm,DD,291
2026-07-02 10:06:48,2026-07-02 10:06:52,291.0,mm,A,291
2026-07-02 09:27:36,2026-07-02 09:27:36,291.0,mm,A,291
2026-07-02 09:27:30,2026-07-02 09:27:31,291.0,mm,DD,291
2026-07-02 09:27:30,2026-07-02 09:27:31,291.0,mm,DD,291
2026-07-02 09:27:30,2026-07-02 09:27:31,291.0,mm,DD,291
2026-07-02 09:27:30,2026-07-02 09:27:31,291.0,mm,A,291
2026-07-02 09:27:27,2026-07-02 09:27:31,291.0,mm,DD,291
2026-07-02 09:27:27,2026-07-02 09:27:31,291.0,mm,DD,291
2026-07-02 08:56:58,2026-07-02 08:56:59,290.0,mm,DD,290
2026-07-02 08:56:58,2026-07-02 08:56:59,290.0,mm,DD,290
2026-07-02 08:56:58,2026-07-02 08:56:59,290.0,mm,A,290
2026-07-02 08:56:56,2026-07-02 08:56:59,290.0,mm,DD,290
2026-07-02 08:56:56,2026-07-02 08:56:59,290.0,mm,DD,290
2026-07-02 08:56:26,2026-07-02 08:56:59,290.0,mm,DD,290
2026-07-02 08:56:26,2026-07-02 08:56:59,290.0,mm,A,290
2026-07-02 08:48:57,2026-07-02 08:48:57,289.0,mm,A,289
2026-07-02 08:48:45,2026-07-02 08:48:45,289.0,mm,DD,289
2026-07-02 08:48:45,2026-07-02 08:48:45,289.0,mm,DD,289
2026-07-02 08:48:45,2026-07-02 08:48:45,289.0,mm,A,289
2026-07-02 08:48:43,2026-07-02 08:48:46,289.0,mm,DD,289
2026-07-02 08:48:43,2026-07-02 08:48:46,289.0,mm,DD,289
2026-07-02 08:48:13,2026-07-02 08:48:45,289.0,mm,DD,289
2026-07-02 08:48:13,2026-07-02 08:48:45,289.0,mm,A,289
2026-07-02 08:12:45,2026-07-02 08:12:45,288.0,mm,DD,288
2026-07-02 08:12:45,2026-07-02 08:12:45,288.0,mm,DD,288
2026-07-02 08:12:39,2026-07-02 08:12:39,288.0,mm,DD,288
2026-07-02 08:12:39,2026-07-02 08:12:39,288.0,mm,DD,288
2026-07-02 08:12:39,2026-07-02 08:12:39,288.0,mm,A,288
2026-07-02 08:12:36,2026-07-02 08:12:39,288.0,mm,DD,288
2026-07-02 08:12:36,2026-07-02 08:12:39,288.0,mm,DD,288
2026-07-02 08:12:36,2026-07-02 08:12:39,288.0,mm,DD,288
2026-07-02 08:12:36,2026-07-02 08:12:39,288.0,mm,DD,288
2026-07-02 08:12:07,2026-07-02 08:12:39,288.0,mm,DD,288
2026-07-02 08:12:07,2026-07-02 08:12:39,288.0,mm,A,288
2026-07-02 07:06:58,2026-07-16 10:24:12,287.0,mm,DD,287
2026-07-02 07:06:51,2026-07-16 10:24:05,287.0,mm,DD,287
2026-07-02 07:06:51,2026-07-16 10:24:05,287.0,mm,DD,287
2026-07-02 07:06:51,2026-07-16 10:24:05,287.0,mm,DD,287
2026-07-02 07:06:49,2026-07-16 10:24:00,287.0,mm,DD,287
2026-07-02 07:06:49,2026-07-16 10:24:00,287.0,mm,A,287
2026-07-02 07:06:20,2026-07-16 10:23:50,287.0,mm,DD,287
2026-07-02 07:06:20,2026-07-16 10:23:50,287.0,mm,A,287
2026-07-02 06:15:37,2026-07-16 10:23:47,206.0,mm,DD,206
2026-07-02 06:15:31,2026-07-16 10:23:39,206.0,mm,DD,206
2026-07-02 06:15:31,2026-07-16 10:23:39,206.0,mm,DD,206
2026-07-02 06:15:31,2026-07-16 10:23:39,206.0,mm,DD,206
2026-07-02 06:15:29,2026-07-16 10:23:33,206.0,mm,DD,206
2026-07-02 06:15:29,2026-07-16 10:23:33,206.0,mm,ND,206
2026-07-02 06:15:01,2026-07-02 06:15:31,206.0,mm,DD,206
2026-07-02 06:15:01,2026-07-02 06:15:31,206.0,mm,ND,206
2026-07-02 04:06:57,2026-07-02 04:06:57,287.0,mm,DD,287
2026-07-02 04:06:57,2026-07-02 04:06:57,287.0,mm,DD,287
2026-07-02 04:06:57,2026-07-02 04:06:57,287.0,mm,DD,287
2026-07-02 04:06:51,2026-07-02 04:06:51,287.0,mm,DD,287
2026-07-02 04:06:51,2026-07-02 04:06:51,287.0,mm,DD,287
2026-07-02 04:06:51,2026-07-02 04:06:51,287.0,mm,DD,287
2026-07-02 04:06:51,2026-07-02 04:06:51,287.0,mm,A,287
2026-07-02 04:06:49,2026-07-02 04:06:51,287.0,mm,DD,287
2026-07-02 04:06:49,2026-07-02 04:06:51,287.0,mm,DD,287
2026-07-02 04:06:18,2026-07-02 04:06:51,287.0,mm,DD,287
2026-07-02 04:06:18,2026-07-02 04:06:51,287.0,mm,A,287
2026-07-02 01:06:56,2026-07-02 01:06:56,287.0,mm,A,287
2026-07-02 01:06:50,2026-07-02 01:06:50,287.0,mm,DD,287
2026-07-02 01:06:50,2026-07-02 01:06:50,287.0,mm,DD,287
2026-07-02 01:06:50,2026-07-02 01:06:50,287.0,mm,A,287
2026-07-02 01:06:47,2026-07-02 01:06:50,287.0,mm,DD,287
2026-07-02 01:06:47,2026-07-02 01:06:50,287.0,mm,DD,287
2026-07-02 01:06:18,2026-07-02 01:06:50,287.0,mm,DD,287
2026-07-02 01:06:18,2026-07-02 01:06:50,287.0,mm,A,287
2026-07-01 22:06:55,2026-07-01 22:06:55,287.0,mm,DD,287
2026-07-01 22:06:55,2026-07-01 22:06:55,287.0,mm,DD,287
2026-07-01 22:06:49,2026-07-01 22:06:49,287.0,mm,DD,287
2026-07-01 22:06:49,2026-07-01 22:06:49,287.0,mm,DD,287
2026-07-01 22:06:49,2026-07-01 22:06:49,287.0,mm,PD,287
2026-07-01 22:06:47,2026-07-01 22:06:49,287.0,mm,DD,287
2026-07-01 22:06:47,2026-07-01 22:06:49,287.0,mm,DD,287
2026-07-01 22:06:45,2026-07-16 10:26:00,287.0,mm,DD,287
2026-07-01 22:06:45,2026-07-16 10:26:00,287.0,mm,A,287
2026-07-01 19:43:35,2026-07-16 10:25:58,130.0,mm,DD,130
2026-07-01 19:43:28,2026-07-16 10:25:49,130.0,mm,DD,130
2026-07-01 19:43:28,2026-07-16 10:25:49,130.0,mm,DD,130
2026-07-01 19:43:27,2026-07-16 10:25:47,130.0,mm,DD,130
2026-07-01 19:43:27,2026-07-16 10:25:47,130.0,mm,ND,130
2026-07-01 19:42:59,2026-07-01 19:43:30,130.0,mm,DD,130
2026-07-01 19:42:59,2026-07-01 19:43:30,130.0,mm,ND,130
2026-07-01 19:06:54,2026-07-16 10:25:24,287.0,mm,DD,287
2026-07-01 19:06:48,2026-07-16 10:25:21,287.0,mm,DD,287
2026-07-01 19:06:48,2026-07-16 10:25:21,287.0,mm,DD,287
2026-07-01 19:06:48,2026-07-16 10:25:21,287.0,mm,DD,287
2026-07-01 19:06:46,2026-07-16 10:25:10,287.0,mm,DD,287
2026-07-01 19:06:46,2026-07-16 10:25:10,287.0,mm,A,287
2026-07-01 19:06:18,2026-07-16 10:25:03,287.0,mm,DD,287
2026-07-01 19:06:18,2026-07-16 10:25:03,287.0,mm,A,287
2026-07-01 16:43:34,2026-07-16 10:25:00,135.0,mm,DD,135
2026-07-01 16:43:27,2026-07-16 10:24:53,135.0,mm,DD,135
2026-07-01 16:43:27,2026-07-16 10:24:53,135.0,mm,DD,135
2026-07-01 16:43:25,2026-07-16 10:24:43,135.0,mm,DD,135
2026-07-01 16:43:25,2026-07-16 10:24:43,135.0,mm,ND,135
2026-07-01 16:42:58,2026-07-01 16:43:29,135.0,mm,DD,135
2026-07-01 16:42:58,2026-07-01 16:43:29,135.0,mm,ND,135
2026-07-01 16:06:54,2026-07-01 16:06:54,287.0,mm,A,287
2026-07-01 16:06:47,2026-07-01 16:06:48,287.0,mm,DD,287
2026-07-01 16:06:47,2026-07-01 16:06:48,287.0,mm,DD,287
2026-07-01 16:06:47,2026-07-01 16:06:48,287.0,mm,A,287
2026-07-01 16:06:45,2026-07-01 16:06:48,287.0,mm,DD,287
2026-07-01 16:06:45,2026-07-01 16:06:48,287.0,mm,DD,287
2026-07-01 16:06:17,2026-07-01 16:06:48,287.0,mm,DD,287
2026-07-01 16:06:17,2026-07-01 16:06:48,287.0,mm,A,287
2026-07-01 13:06:54,2026-07-01 13:06:54,287.0,mm,A,287
2026-07-01 13:06:47,2026-07-01 13:06:47,287.0,mm,DD,287
2026-07-01 13:06:47,2026-07-01 13:06:47,287.0,mm,DD,287
2026-07-01 13:06:47,2026-07-01 13:06:47,287.0,mm,A,287
2026-07-01 13:06:46,2026-07-01 13:06:47,287.0,mm,DD,287
2026-07-01 13:06:46,2026-07-01 13:06:47,287.0,mm,A,287
2026-07-01 13:06:45,2026-07-01 13:06:47,287.0,mm,DD,287
2026-07-01 13:06:45,2026-07-01 13:06:47,287.0,mm,DD,287
2026-07-01 10:06:52,2026-07-01 10:06:52,287.0,mm,DD,287
2026-07-01 10:06:52,2026-07-01 10:06:52,287.0,mm,A,287
2026-07-01 10:06:46,2026-07-01 10:06:46,287.0,mm,DD,287
2026-07-01 10:06:46,2026-07-01 10:06:46,287.0,mm,DD,287
2026-07-01 10:06:46,2026-07-01 10:06:46,287.0,mm,PD,287
2026-07-01 10:06:44,2026-07-01 10:06:46,287.0,mm,DD,287
2026-07-01 10:06:44,2026-07-01 10:06:46,287.0,mm,DD,287
2026-07-01 10:06:16,2026-07-16 10:26:41,287.0,mm,DD,287
2026-07-01 10:06:16,2026-07-16 10:26:41,287.0,mm,A,287
2026-07-01 07:43:31,2026-07-16 10:26:38,129.0,mm,DD,129
2026-07-01 07:43:25,2026-07-01 07:43:25,129.0,mm,DD,129
2026-07-01 07:43:25,2026-07-01 07:43:25,129.0,mm,DD,129
2026-07-01 07:43:24,2026-07-16 10:26:33,129.0,mm,DD,129
2026-07-01 07:43:24,2026-07-16 10:26:33,129.0,mm,DD,129
2026-07-01 07:43:22,2026-07-16 10:26:24,129.0,mm,DD,129
2026-07-01 07:43:22,2026-07-16 10:26:24,129.0,mm,ND,129
2026-07-01 07:42:56,2026-07-01 07:43:26,129.0,mm,DD,129
2026-07-01 07:42:56,2026-07-01 07:43:26,129.0,mm,ND,129
2026-07-01 07:06:51,2026-07-01 07:06:51,287.0,mm,A,287
2026-07-01 07:06:45,2026-07-01 07:06:45,287.0,mm,DD,287
2026-07-01 07:06:45,2026-07-01 07:06:45,287.0,mm,DD,287
2026-07-01 07:06:45,2026-07-01 07:06:45,287.0,mm,A,287
2026-07-01 07:06:42,2026-07-01 07:06:45,287.0,mm,DD,287
2026-07-01 07:06:42,2026-07-01 07:06:45,287.0,mm,DD,287
2026-07-01 07:06:16,2026-07-01 07:06:45,287.0,mm,DD,287
2026-07-01 07:06:16,2026-07-01 07:06:45,287.0,mm,A,287
2026-07-01 04:43:25,2026-07-01 04:43:25,128.0,mm,DD,128
2026-07-01 04:43:25,2026-07-01 04:43:25,128.0,mm,ND,128
2026-07-01 04:06:51,2026-07-01 04:06:51,286.0,mm,A,286
2026-07-01 04:06:44,2026-07-01 04:06:44,286.0,mm,DD,286
2026-07-01 04:06:44,2026-07-01 04:06:44,286.0,mm,DD,286
2026-07-01 04:06:44,2026-07-01 04:06:44,286.0,mm,A,286
2026-07-01 04:06:42,2026-07-01 04:06:44,286.0,mm,DD,286
2026-07-01 04:06:42,2026-07-01 04:06:44,286.0,mm,DD,286
2026-07-01 04:06:14,2026-07-01 04:06:44,286.0,mm,DD,286
2026-07-01 04:06:14,2026-07-01 04:06:44,286.0,mm,A,286
2026-07-01 01:06:50,2026-07-01 01:06:50,286.0,mm,A,286
2026-07-01 01:06:43,2026-07-01 01:06:44,286.0,mm,DD,286
2026-07-01 01:06:43,2026-07-01 01:06:44,286.0,mm,DD,286
2026-07-01 01:06:43,2026-07-01 01:06:44,286.0,mm,DD,286
2026-07-01 01:06:43,2026-07-01 01:06:44,286.0,mm,DD,286
2026-07-01 01:06:43,2026-07-01 01:06:44,286.0,mm,A,286
2026-07-01 01:06:42,2026-07-01 01:06:44,286.0,mm,DD,286
2026-07-01 01:06:42,2026-07-01 01:06:44,286.0,mm,DD,286
2026-06-30 22:06:49,2026-06-30 22:06:49,286.0,mm,A,286
2026-06-30 22:06:43,2026-06-30 22:06:43,286.0,mm,DD,286
2026-06-30 22:06:43,2026-06-30 22:06:43,286.0,mm,DD,286
2026-06-30 22:06:43,2026-06-30 22:06:43,286.0,mm,A,286
2026-06-30 22:06:40,2026-06-30 22:06:43,286.0,mm,DD,286
2026-06-30 22:06:40,2026-06-30 22:06:43,286.0,mm,DD,286
2026-06-30 22:06:14,2026-06-30 22:06:43,286.0,mm,DD,286
2026-06-30 22:06:14,2026-06-30 22:06:43,286.0,mm,A,286
2026-06-30 19:06:48,2026-06-30 19:06:48,286.0,mm,A,286
2026-06-30 19:06:42,2026-06-30 19:06:42,286.0,mm,DD,286
2026-06-30 19:06:42,2026-06-30 19:06:42,286.0,mm,DD,286
2026-06-30 19:06:42,2026-06-30 19:06:42,286.0,mm,A,286
2026-06-30 19:06:39,2026-06-30 19:06:42,286.0,mm,DD,286
2026-06-30 19:06:39,2026-06-30 19:06:42,286.0,mm,DD,286
2026-06-30 19:06:13,2026-06-30 19:06:42,286.0,mm,DD,286
2026-06-30 19:06:13,2026-06-30 19:06:42,286.0,mm,A,286
2026-06-30 16:06:47,2026-06-30 16:06:47,286.0,mm,DD,286
2026-06-30 16:06:47,2026-06-30 16:06:47,286.0,mm,DD,286
2026-06-30 16:06:46,2026-06-30 16:06:46,286.0,mm,DD,286
2026-06-30 16:06:46,2026-06-30 16:06:46,286.0,mm,DD,286
2026-06-30 16:06:41,2026-06-30 16:06:41,286.0,mm,DD,286
2026-06-30 16:06:41,2026-06-30 16:06:41,286.0,mm,DD,286
2026-06-30 16:06:41,2026-06-30 16:06:41,286.0,mm,A,286
2026-06-30 16:06:39,2026-06-30 16:06:41,286.0,mm,DD,286
2026-06-30 16:06:39,2026-06-30 16:06:41,286.0,mm,DD,286
2026-06-30 16:06:11,2026-06-30 16:06:41,286.0,mm,DD,286
2026-06-30 16:06:11,2026-06-30 16:06:41,286.0,mm,A,286
2026-06-30 13:06:47,2026-06-30 13:06:47,286.0,mm,A,286
2026-06-30 13:06:40,2026-06-30 13:06:40,286.0,mm,DD,286
2026-06-30 13:06:40,2026-06-30 13:06:40,286.0,mm,DD,286
2026-06-30 13:06:40,2026-06-30 13:06:40,286.0,mm,DD,286
2026-06-30 13:06:40,2026-06-30 13:06:40,286.0,mm,A,286
2026-06-30 13:06:38,2026-06-30 13:06:40,286.0,mm,DD,286
2026-06-30 13:06:38,2026-06-30 13:06:40,286.0,mm,DD,286
2026-06-30 10:06:46,2026-06-30 10:06:46,286.0,mm,A,286
2026-06-30 10:06:39,2026-06-30 10:06:40,286.0,mm,DD,286
2026-06-30 10:06:39,2026-06-30 10:06:40,286.0,mm,DD,286
2026-06-30 10:06:39,2026-06-30 10:06:40,286.0,mm,A,286
2026-06-30 10:06:37,2026-06-30 10:06:40,286.0,mm,DD,286
2026-06-30 10:06:37,2026-06-30 10:06:40,286.0,mm,DD,286
2026-06-30 10:06:12,2026-06-30 10:06:40,286.0,mm,DD,286
2026-06-30 10:06:12,2026-06-30 10:06:40,286.0,mm,A,286
2026-06-30 07:06:45,2026-06-30 07:06:45,286.0,mm,A,286
2026-06-30 07:06:39,2026-06-30 07:06:39,286.0,mm,DD,286
2026-06-30 07:06:39,2026-06-30 07:06:39,286.0,mm,DD,286
2026-06-30 07:06:39,2026-06-30 07:06:39,286.0,mm,A,286
2026-06-30 07:06:37,2026-06-30 07:06:39,286.0,mm,DD,286
2026-06-30 07:06:37,2026-06-30 07:06:39,286.0,mm,DD,286
2026-06-30 07:06:11,2026-06-30 07:06:39,286.0,mm,DD,286
2026-06-30 07:06:11,2026-06-30 07:06:39,286.0,mm,A,286
2026-06-30 04:06:44,2026-06-30 04:06:44,286.0,mm,DD,286
2026-06-30 04:06:44,2026-06-30 04:06:44,286.0,mm,DD,286
2026-06-30 04:06:38,2026-06-30 04:06:38,286.0,mm,DD,286
2026-06-30 04:06:38,2026-06-30 04:06:38,286.0,mm,DD,286
2026-06-30 04:06:38,2026-06-30 04:06:38,286.0,mm,A,286
2026-06-30 04:06:35,2026-06-30 04:06:38,286.0,mm,DD,286
2026-06-30 04:06:35,2026-06-30 04:06:38,286.0,mm,DD,286
2026-06-30 04:06:11,2026-06-30 04:06:38,286.0,mm,DD,286
2026-06-30 04:06:11,2026-06-30 04:06:38,286.0,mm,A,286
2026-06-30 01:06:43,2026-06-30 01:06:43,286.0,mm,DD,286
2026-06-30 01:06:43,2026-06-30 01:06:43,286.0,mm,DD,286
2026-06-30 01:06:37,2026-06-30 01:06:37,286.0,mm,DD,286
2026-06-30 01:06:37,2026-06-30 01:06:37,286.0,mm,DD,286
2026-06-30 01:06:37,2026-06-30 01:06:37,286.0,mm,A,286
2026-06-30 01:06:34,2026-06-30 01:06:37,286.0,mm,DD,286
2026-06-30 01:06:34,2026-06-30 01:06:37,286.0,mm,DD,286
2026-06-30 01:06:12,2026-06-30 01:06:37,286.0,mm,DD,286
2026-06-30 01:06:12,2026-06-30 01:06:37,286.0,mm,A,286
2026-06-29 22:06:43,2026-06-29 22:06:43,286.0,mm,A,286
2026-06-29 22:06:36,2026-06-29 22:06:36,286.0,mm,DD,286
2026-06-29 22:06:36,2026-06-29 22:06:36,286.0,mm,DD,286
2026-06-29 22:06:36,2026-06-29 22:06:36,286.0,mm,DD,286
2026-06-29 22:06:36,2026-06-29 22:06:36,286.0,mm,A,286
2026-06-29 22:06:34,2026-06-29 22:06:36,286.0,mm,DD,286
2026-06-29 22:06:34,2026-06-29 22:06:36,286.0,mm,DD,286
2026-06-29 22:06:09,2026-06-29 22:06:36,286.0,mm,DD,286
2026-06-29 22:06:09,2026-06-29 22:06:36,286.0,mm,A,286
2026-06-29 21:57:56,2026-06-29 21:58:23,470.0,mm,DD,470
2026-06-29 21:57:56,2026-06-29 21:58:23,470.0,mm,PD,470
2026-06-29 19:06:42,2026-06-29 19:06:42,286.0,mm,A,286
2026-06-29 19:06:35,2026-06-29 19:06:36,286.0,mm,DD,286
2026-06-29 19:06:35,2026-06-29 19:06:36,286.0,mm,DD,286
2026-06-29 19:06:35,2026-06-29 19:06:36,286.0,mm,A,286
2026-06-29 19:06:33,2026-06-29 19:06:36,286.0,mm,DD,286
2026-06-29 19:06:33,2026-06-29 19:06:36,286.0,mm,DD,286
2026-06-29 19:06:09,2026-06-29 19:06:36,286.0,mm,DD,286
2026-06-29 19:06:09,2026-06-29 19:06:36,286.0,mm,A,286
2026-06-29 16:06:41,2026-06-29 16:06:41,286.0,mm,A,286
2026-06-29 16:06:35,2026-06-29 16:06:35,286.0,mm,DD,286
2026-06-29 16:06:35,2026-06-29 16:06:35,286.0,mm,DD,286
2026-06-29 16:06:35,2026-06-29 16:06:35,286.0,mm,AN,286
2026-06-29 16:06:32,2026-06-29 16:06:35,286.0,mm,DD,286
2026-06-29 16:06:32,2026-06-29 16:06:35,286.0,mm,DD,286
2026-06-29 16:06:08,2026-06-29 16:06:35,286.0,mm,DD,286
2026-06-29 16:06:08,2026-06-29 16:06:35,286.0,mm,AN,286
2026-06-29 13:06:40,2026-06-29 13:06:40,286.0,mm,DD,286
2026-06-29 13:06:40,2026-06-29 13:06:40,286.0,mm,DD,286
2026-06-29 13:06:34,2026-07-16 10:27:30,286.0,mm,DD,286
2026-06-29 13:06:34,2026-07-16 10:27:30,286.0,mm,DD,286
2026-06-29 13:06:34,2026-07-16 10:27:30,286.0,mm,DD,286
2026-06-29 13:06:34,2026-07-16 10:27:30,286.0,mm,DD,286
2026-06-29 13:06:34,2026-07-16 10:27:30,286.0,mm,DD,286
2026-06-29 13:06:32,2026-07-16 10:27:27,286.0,mm,DD,286
2026-06-29 13:06:32,2026-07-16 10:27:27,286.0,mm,A,286
2026-06-29 10:43:16,2026-07-16 10:27:23,142.0,mm,DD,142
2026-06-29 10:43:09,2026-07-16 10:27:15,142.0,mm,DD,142
2026-06-29 10:43:09,2026-07-16 10:27:15,142.0,mm,DD,142
2026-06-29 10:43:07,2026-07-16 10:27:11,142.0,mm,DD,142
2026-06-29 10:43:07,2026-07-16 10:27:11,142.0,mm,DD,142
2026-06-29 10:43:07,2026-07-16 10:27:11,142.0,mm,ND,142
2026-06-29 10:42:45,2026-06-29 10:43:11,142.0,mm,DD,142
2026-06-29 10:42:45,2026-06-29 10:43:11,142.0,mm,ND,142
2026-06-29 10:06:39,2026-06-29 10:06:39,286.0,mm,DD,286
2026-06-29 10:06:39,2026-06-29 10:06:39,286.0,mm,DD,286
2026-06-29 10:06:33,2026-06-29 10:06:33,286.0,mm,DD,286
2026-06-29 10:06:33,2026-06-29 10:06:33,286.0,mm,DD,286
2026-06-29 10:06:33,2026-06-29 10:06:33,286.0,mm,A,286
2026-06-29 10:06:31,2026-06-29 10:06:33,286.0,mm,DD,286
2026-06-29 10:06:31,2026-06-29 10:06:33,286.0,mm,DD,286
2026-06-29 10:06:07,2026-06-29 10:06:33,286.0,mm,DD,286
2026-06-29 10:06:07,2026-06-29 10:06:33,286.0,mm,A,286
2026-06-29 07:06:39,2026-06-29 07:06:39,286.0,mm,DD,286
2026-06-29 07:06:39,2026-06-29 07:06:39,286.0,mm,DD,286
2026-06-29 07:06:32,2026-06-29 07:06:33,286.0,mm,DD,286
2026-06-29 07:06:32,2026-06-29 07:06:33,286.0,mm,A,286
2026-06-29 07:06:30,2026-06-29 07:06:33,286.0,mm,DD,286
2026-06-29 07:06:30,2026-06-29 07:06:33,286.0,mm,DD,286
2026-06-29 04:06:38,2026-06-29 04:06:38,286.0,mm,A,286
2026-06-29 04:06:31,2026-06-29 04:06:32,286.0,mm,DD,286
2026-06-29 04:06:31,2026-06-29 04:06:32,286.0,mm,AN,286
2026-06-29 04:06:29,2026-06-29 04:06:32,286.0,mm,DD,286
2026-06-29 04:06:29,2026-06-29 04:06:32,286.0,mm,DD,286
2026-06-29 01:06:37,2026-06-29 01:06:37,286.0,mm,DD,286
2026-06-29 01:06:37,2026-06-29 01:06:37,286.0,mm,DD,286
2026-06-29 01:06:31,2026-06-29 01:06:31,286.0,mm,DD,286
2026-06-29 01:06:31,2026-06-29 01:06:31,286.0,mm,PD,286
2026-06-29 01:06:28,2026-06-29 01:06:31,286.0,mm,DD,286
2026-06-29 01:06:28,2026-06-29 01:06:31,286.0,mm,DD,286
2026-06-28 23:48:58,2026-06-28 23:48:58,129.0,mm,DD,129
2026-06-28 23:48:57,2026-06-28 23:48:57,129.0,mm,DD,129
2026-06-28 23:48:57,2026-06-28 23:48:57,129.0,mm,DD,129
2026-06-28 23:48:57,2026-06-28 23:48:57,129.0,mm,DD,129
2026-06-28 23:48:48,2026-06-28 23:48:51,129.0,mm,DD,129
2026-06-28 23:48:48,2026-06-28 23:48:51,129.0,mm,ND,129
2026-06-28 22:06:36,2026-06-28 22:06:36,286.0,mm,A,286
2026-06-28 22:06:30,2026-06-28 22:06:30,286.0,mm,DD,286
2026-06-28 22:06:30,2026-06-28 22:06:30,286.0,mm,A,286
2026-06-28 22:06:27,2026-06-28 22:06:30,286.0,mm,DD,286
2026-06-28 22:06:27,2026-06-28 22:06:30,286.0,mm,DD,286
2026-06-28 19:06:35,2026-06-28 19:06:35,286.0,mm,A,286
2026-06-28 19:06:29,2026-06-28 19:06:29,286.0,mm,DD,286
2026-06-28 19:06:29,2026-06-28 19:06:29,286.0,mm,A,286
2026-06-28 19:06:27,2026-06-28 19:06:29,286.0,mm,DD,286
2026-06-28 19:06:27,2026-06-28 19:06:29,286.0,mm,DD,286
2026-06-28 16:06:35,2026-06-28 16:06:35,286.0,mm,AN,286
2026-06-28 16:06:26,2026-06-30 10:12:22,286.0,mm,DD,286
2026-06-28 16:06:26,2026-06-30 10:12:22,286.0,mm,A,286
2026-06-28 13:43:10,2026-06-30 10:12:12,139.0,mm,ND,139
2026-06-28 13:43:02,2026-06-30 10:12:08,139.0,mm,DD,139
2026-06-28 13:43:02,2026-06-30 10:12:08,139.0,mm,DD,139
2026-06-28 13:43:02,2026-06-30 10:12:08,139.0,mm,DD,139
2026-06-28 13:43:02,2026-06-30 10:12:08,139.0,mm,DD,139
2026-06-28 13:42:59,2026-06-30 10:12:05,139.0,mm,DD,139
2026-06-28 13:42:59,2026-06-30 10:12:05,139.0,mm,DD,139
2026-06-28 13:42:59,2026-06-30 10:12:05,139.0,mm,ND,139
2026-06-28 13:06:34,2026-06-28 13:06:34,286.0,mm,A,286
2026-06-28 13:06:27,2026-06-28 13:06:28,286.0,mm,DD,286
2026-06-28 13:06:27,2026-06-28 13:06:28,286.0,mm,A,286
2026-06-28 13:06:25,2026-06-28 13:06:28,286.0,mm,DD,286
2026-06-28 13:06:25,2026-06-28 13:06:28,286.0,mm,DD,286
2026-06-28 10:43:01,2026-06-28 10:43:01,137.0,mm,DD,137
2026-06-28 10:43:01,2026-06-28 10:43:01,137.0,mm,DD,137
2026-06-28 10:43:01,2026-06-28 10:43:01,137.0,mm,ND,137
2026-06-28 10:42:59,2026-06-28 10:43:01,137.0,mm,DD,137
2026-06-28 10:42:59,2026-06-28 10:43:01,137.0,mm,DD,137
2026-06-28 10:06:33,2026-06-28 10:06:33,286.0,mm,A,286
2026-06-28 10:06:27,2026-06-28 10:06:27,286.0,mm,DD,286
2026-06-28 10:06:27,2026-06-28 10:06:27,286.0,mm,A,286
2026-06-28 10:06:25,2026-06-28 10:06:27,286.0,mm,DD,286
2026-06-28 10:06:25,2026-06-28 10:06:27,286.0,mm,DD,286
2026-06-28 07:06:33,2026-06-28 07:06:33,286.0,mm,A,286
2026-06-28 07:06:26,2026-06-28 07:06:26,286.0,mm,DD,286
2026-06-28 07:06:26,2026-06-28 07:06:26,286.0,mm,DD,286
2026-06-28 07:06:26,2026-06-28 07:06:26,286.0,mm,DD,286
2026-06-28 07:06:26,2026-06-28 07:06:26,286.0,mm,DD,286
2026-06-28 07:06:26,2026-06-28 07:06:26,286.0,mm,A,286
2026-06-28 07:06:24,2026-06-28 07:06:27,286.0,mm,DD,286
2026-06-28 07:06:24,2026-06-28 07:06:27,286.0,mm,DD,286
2026-06-28 04:43:05,2026-06-28 04:43:05,129.0,mm,DD,129
2026-06-28 04:43:01,2026-06-28 04:43:01,129.0,mm,DD,129
2026-06-28 04:43:01,2026-06-28 04:43:01,129.0,mm,DD,129
2026-06-28 04:42:59,2026-06-28 04:42:59,129.0,mm,DD,129
2026-06-28 04:42:59,2026-06-28 04:42:59,129.0,mm,ND,129
2026-06-28 04:42:56,2026-06-28 04:42:59,129.0,mm,DD,129
2026-06-28 04:42:56,2026-06-28 04:42:59,129.0,mm,DD,129
2026-06-28 04:06:31,2026-06-28 04:06:31,286.0,mm,A,286
2026-06-28 04:06:25,2026-06-28 04:06:25,286.0,mm,DD,286
2026-06-28 04:06:25,2026-06-28 04:06:25,286.0,mm,DD,286
2026-06-28 04:06:25,2026-06-28 04:06:25,286.0,mm,DD,286
2026-06-28 04:06:25,2026-06-28 04:06:25,286.0,mm,A,286
2026-06-28 04:06:22,2026-06-28 04:06:25,286.0,mm,DD,286
2026-06-28 04:06:22,2026-06-28 04:06:25,286.0,mm,DD,286
2026-06-28 01:06:31,2026-06-28 01:06:31,286.0,mm,A,286
2026-06-28 01:06:24,2026-06-28 01:06:24,286.0,mm,DD,286
2026-06-28 01:06:24,2026-06-28 01:06:24,286.0,mm,DD,286
2026-06-28 01:06:24,2026-06-28 01:06:24,286.0,mm,A,286
2026-06-28 01:06:22,2026-06-28 01:06:24,286.0,mm,DD,286
2026-06-28 01:06:22,2026-06-28 01:06:24,286.0,mm,DD,286
2026-06-27 22:06:35,2026-06-27 22:06:35,286.0,mm,DD,286
2026-06-27 22:06:29,2026-06-27 22:06:29,286.0,mm,DD,286
2026-06-27 22:06:29,2026-06-27 22:06:29,286.0,mm,DD,286
2026-06-27 22:06:24,2026-06-27 22:06:24,286.0,mm,DD,286
2026-06-27 22:06:24,2026-06-27 22:06:24,286.0,mm,DD,286
2026-06-27 22:06:24,2026-06-27 22:06:24,286.0,mm,DD,286
2026-06-27 22:06:24,2026-06-27 22:06:24,286.0,mm,DD,286
2026-06-27 22:06:21,2026-06-27 22:06:24,286.0,mm,DD,286
2026-06-27 22:06:21,2026-06-27 22:06:24,286.0,mm,A,286
2026-06-27 19:06:29,2026-06-27 19:06:29,286.0,mm,A,286
2026-06-27 19:06:23,2026-06-27 19:06:23,286.0,mm,DD,286
2026-06-27 19:06:23,2026-06-27 19:06:23,286.0,mm,A,286
2026-06-27 19:06:22,2026-06-27 19:06:23,286.0,mm,DD,286
2026-06-27 19:06:22,2026-06-27 19:06:23,286.0,mm,DD,286
2026-06-27 19:06:22,2026-06-27 19:06:23,286.0,mm,A,286
2026-06-27 19:06:20,2026-06-27 19:06:23,286.0,mm,DD,286
2026-06-27 19:06:20,2026-06-27 19:06:23,286.0,mm,DD,286
2026-06-27 16:06:28,2026-06-27 16:06:28,286.0,mm,A,286
2026-06-27 16:06:22,2026-06-27 16:06:22,286.0,mm,DD,286
2026-06-27 16:06:22,2026-06-27 16:06:22,286.0,mm,DD,286
2026-06-27 16:06:22,2026-06-27 16:06:22,286.0,mm,DD,286
2026-06-27 16:06:22,2026-06-27 16:06:22,286.0,mm,A,286
2026-06-27 16:06:20,2026-06-27 16:06:22,286.0,mm,DD,286
2026-06-27 16:06:20,2026-06-27 16:06:22,286.0,mm,DD,286
2026-06-27 13:06:28,2026-06-27 13:06:28,286.0,mm,A,286
2026-06-27 13:06:21,2026-06-27 13:06:21,286.0,mm,DD,286
2026-06-27 13:06:21,2026-06-27 13:06:21,286.0,mm,DD,286
2026-06-27 13:06:21,2026-06-27 13:06:21,286.0,mm,DD,286
2026-06-27 13:06:21,2026-06-27 13:06:21,286.0,mm,A,286
2026-06-27 13:06:19,2026-06-27 13:06:21,286.0,mm,DD,286
2026-06-27 13:06:19,2026-06-27 13:06:21,286.0,mm,DD,286
2026-06-27 10:06:27,2026-06-27 10:06:27,286.0,mm,A,286
2026-06-27 10:06:20,2026-06-27 10:06:20,286.0,mm,DD,286
2026-06-27 10:06:20,2026-06-27 10:06:20,286.0,mm,DD,286
2026-06-27 10:06:20,2026-06-27 10:06:20,286.0,mm,DD,286
2026-06-27 10:06:20,2026-06-27 10:06:20,286.0,mm,A,286
2026-06-27 10:06:19,2026-06-27 10:06:20,286.0,mm,DD,286
2026-06-27 10:06:19,2026-06-27 10:06:20,286.0,mm,DD,286
2026-06-27 07:06:26,2026-06-27 07:06:26,286.0,mm,DD,286
2026-06-27 07:06:20,2026-06-27 07:06:20,286.0,mm,DD,286
2026-06-27 07:06:20,2026-06-27 07:06:20,286.0,mm,DD,286
2026-06-27 07:06:20,2026-06-27 07:06:20,286.0,mm,DD,286
2026-06-27 07:06:20,2026-06-27 07:06:20,286.0,mm,DD,286
2026-06-27 07:06:17,2026-06-27 07:06:20,286.0,mm,DD,286
2026-06-27 07:06:17,2026-06-27 07:06:20,286.0,mm,A,286
2026-06-27 04:06:25,2026-06-27 04:06:25,286.0,mm,A,286
2026-06-27 04:06:19,2026-06-27 04:06:19,286.0,mm,DD,286
2026-06-27 04:06:19,2026-06-27 04:06:19,286.0,mm,DD,286
2026-06-27 04:06:19,2026-06-27 04:06:19,286.0,mm,DD,286
2026-06-27 04:06:19,2026-06-27 04:06:19,286.0,mm,A,286
2026-06-27 04:06:17,2026-06-27 04:06:19,286.0,mm,DD,286
2026-06-27 04:06:17,2026-06-27 04:06:19,286.0,mm,DD,286
2026-06-27 01:06:25,2026-06-27 01:06:25,286.0,mm,A,286
2026-06-27 01:06:18,2026-06-27 01:06:18,286.0,mm,DD,286
2026-06-27 01:06:18,2026-06-27 01:06:18,286.0,mm,DD,286
2026-06-27 01:06:18,2026-06-27 01:06:18,286.0,mm,DD,286
2026-06-27 01:06:18,2026-06-27 01:06:18,286.0,mm,A,286
2026-06-27 01:06:17,2026-06-27 01:06:19,286.0,mm,DD,286
2026-06-27 01:06:17,2026-06-27 01:06:19,286.0,mm,DD,286
2026-06-26 22:06:24,2026-06-26 22:06:24,286.0,mm,DD,286
2026-06-26 22:06:23,2026-06-26 22:06:23,286.0,mm,DD,286
2026-06-26 22:06:17,2026-06-26 22:06:17,286.0,mm,DD,286
2026-06-26 22:06:17,2026-06-26 22:06:17,286.0,mm,DD,286
2026-06-26 22:06:17,2026-06-26 22:06:17,286.0,mm,DD,286
2026-06-26 22:06:17,2026-06-26 22:06:17,286.0,mm,A,286
2026-06-26 22:06:16,2026-06-26 22:06:18,286.0,mm,DD,286
2026-06-26 22:06:16,2026-06-26 22:06:18,286.0,mm,DD,286
2026-06-26 19:42:54,2026-06-26 19:42:54,130.0,mm,DD,130
2026-06-26 19:42:49,2026-06-26 19:42:49,130.0,mm,DD,130
2026-06-26 19:42:49,2026-06-26 19:42:49,130.0,mm,DD,130
2026-06-26 19:42:48,2026-06-26 19:42:48,130.0,mm,DD,130
2026-06-26 19:42:48,2026-06-26 19:42:48,130.0,mm,ND,130
2026-06-26 19:42:47,2026-06-26 19:42:48,130.0,mm,DD,130
2026-06-26 19:42:47,2026-06-26 19:42:48,130.0,mm,DD,130
2026-06-26 19:06:24,2026-06-26 19:06:24,286.0,mm,A,286
2026-06-26 19:06:16,2026-06-26 19:06:17,286.0,mm,DD,286
2026-06-26 19:06:16,2026-06-26 19:06:17,286.0,mm,DD,286
2026-06-26 19:06:16,2026-06-26 19:06:17,286.0,mm,DD,286
2026-06-26 19:06:16,2026-06-26 19:06:17,286.0,mm,DD,286
2026-06-26 19:06:16,2026-06-26 19:06:17,286.0,mm,DD,286
2026-06-26 19:06:16,2026-06-26 19:06:17,286.0,mm,A,286
2026-06-26 16:06:22,2026-06-26 16:06:22,286.0,mm,A,286
2026-06-26 16:06:15,2026-06-26 16:06:16,286.0,mm,DD,286
2026-06-26 16:06:15,2026-06-26 16:06:16,286.0,mm,DD,286
2026-06-26 16:06:15,2026-06-26 16:06:16,286.0,mm,DD,286
2026-06-26 16:06:15,2026-06-26 16:06:16,286.0,mm,A,286
2026-06-26 16:06:14,2026-06-26 16:06:16,286.0,mm,DD,286
2026-06-26 16:06:14,2026-06-26 16:06:16,286.0,mm,DD,286
2026-06-26 13:06:21,2026-06-26 13:06:21,286.0,mm,DD,286
2026-06-26 13:06:19,2026-06-26 13:06:20,286.0,mm,DD,286
2026-06-26 13:06:19,2026-06-26 13:06:20,286.0,mm,DD,286
2026-06-26 13:06:15,2026-06-26 13:06:15,286.0,mm,DD,286
2026-06-26 13:06:15,2026-06-26 13:06:15,286.0,mm,A,286
2026-06-26 13:06:13,2026-06-26 13:06:15,286.0,mm,DD,286
2026-06-26 13:06:13,2026-06-26 13:06:15,286.0,mm,DD,286
2026-06-26 10:06:20,2026-06-26 10:06:20,286.0,mm,A,286
2026-06-26 10:06:14,2026-06-26 10:06:14,286.0,mm,DD,286
2026-06-26 10:06:14,2026-06-26 10:06:14,286.0,mm,DD,286
2026-06-26 10:06:14,2026-06-26 10:06:14,286.0,mm,DD,286
2026-06-26 10:06:14,2026-06-26 10:06:14,286.0,mm,A,286
2026-06-26 10:06:13,2026-06-26 10:06:14,286.0,mm,DD,286
2026-06-26 10:06:13,2026-06-26 10:06:14,286.0,mm,DD,286
2026-06-26 07:06:19,2026-06-26 07:06:19,286.0,mm,A,286
2026-06-26 07:06:13,2026-06-26 07:06:13,286.0,mm,DD,286
2026-06-26 07:06:13,2026-06-26 07:06:13,286.0,mm,DD,286
2026-06-26 07:06:13,2026-06-26 07:06:13,286.0,mm,DD,286
2026-06-26 07:06:13,2026-06-26 07:06:13,286.0,mm,A,286
2026-06-26 07:06:12,2026-06-26 07:06:13,286.0,mm,DD,286
2026-06-26 07:06:12,2026-06-26 07:06:13,286.0,mm,DD,286
2026-06-26 04:06:18,2026-06-26 04:06:19,286.0,mm,A,286
2026-06-26 04:06:12,2026-06-26 04:06:12,286.0,mm,DD,286
2026-06-26 04:06:12,2026-06-26 04:06:12,286.0,mm,DD,286
2026-06-26 04:06:12,2026-06-26 04:06:12,286.0,mm,DD,286
2026-06-26 04:06:12,2026-06-26 04:06:12,286.0,mm,A,286
2026-06-26 04:06:11,2026-06-26 04:06:12,286.0,mm,DD,286
2026-06-26 04:06:11,2026-06-26 04:06:12,286.0,mm,DD,286
2026-06-26 04:06:11,2026-06-26 04:06:12,286.0,mm,DD,286
2026-06-26 01:06:18,2026-06-26 01:06:18,286.0,mm,A,286
2026-06-26 01:06:11,2026-06-26 01:06:12,286.0,mm,DD,286
2026-06-26 01:06:11,2026-06-26 01:06:12,286.0,mm,DD,286
2026-06-26 01:06:11,2026-06-26 01:06:12,286.0,mm,DD,286
2026-06-26 01:06:11,2026-06-26 01:06:12,286.0,mm,DD,286
2026-06-26 01:06:11,2026-06-26 01:06:12,286.0,mm,A,286
2026-06-25 22:06:11,2026-06-25 22:06:11,286.0,mm,DD,286
2026-06-25 22:06:11,2026-06-25 22:06:11,286.0,mm,A,286
2026-06-25 22:06:10,2026-06-25 22:06:11,286.0,mm,DD,286
2026-06-25 22:06:10,2026-06-25 22:06:11,286.0,mm,DD,286
2026-06-25 22:06:10,2026-06-25 22:06:11,286.0,mm,DD,286
2026-06-25 22:06:10,2026-06-25 22:06:11,286.0,mm,DD,286
2026-06-25 22:06:10,2026-06-25 22:06:11,286.0,mm,A,286
2026-06-25 19:06:16,2026-06-25 19:06:16,286.0,mm,DD,286
2026-06-25 19:06:10,2026-06-25 19:06:10,286.0,mm,DD,286
2026-06-25 19:06:10,2026-06-25 19:06:10,286.0,mm,A,286
2026-06-25 19:06:09,2026-06-25 19:06:10,286.0,mm,DD,286
2026-06-25 19:06:09,2026-06-25 19:06:10,286.0,mm,DD,286
2026-06-25 19:06:09,2026-06-25 19:06:10,286.0,mm,DD,286
2026-06-25 19:06:09,2026-06-25 19:06:10,286.0,mm,DD,286
2026-06-25 16:06:15,2026-06-25 16:06:15,286.0,mm,DD,286
2026-06-25 16:06:09,2026-06-25 16:06:09,286.0,mm,DD,286
2026-06-25 16:06:09,2026-06-25 16:06:09,286.0,mm,DD,286
2026-06-25 16:06:09,2026-06-25 16:06:09,286.0,mm,DD,286
2026-06-25 16:06:09,2026-06-25 16:06:09,286.0,mm,A,286
2026-06-25 13:42:51,2026-06-25 13:42:51,428.0,mm,PD,428
2026-06-25 13:42:46,2026-06-25 13:42:46,1,996.0,mm,PD,1996
2026-06-25 13:42:45,2026-06-25 13:42:45,140.0,mm,ND,140
2026-06-25 13:42:44,2026-06-25 13:42:45,428.0,mm,DD,428
2026-06-25 13:42:44,2026-06-25 13:42:45,428.0,mm,DD,428
2026-06-25 13:42:44,2026-06-25 13:42:45,428.0,mm,DD,428
2026-06-25 13:42:44,2026-06-25 13:42:45,428.0,mm,PD,428
2026-06-25 13:42:39,2026-06-25 13:42:39,140.0,mm,DD,140
2026-06-25 13:42:39,2026-06-25 13:42:39,140.0,mm,DD,140
2026-06-25 13:42:37,2026-06-25 13:42:38,140.0,mm,DD,140
2026-06-25 13:42:37,2026-06-25 13:42:38,140.0,mm,DD,140
2026-06-25 13:42:37,2026-06-25 13:42:38,140.0,mm,DD,140
2026-06-25 13:42:37,2026-06-25 13:42:38,140.0,mm,ND,140
2026-06-25 13:06:14,2026-06-25 13:06:14,286.0,mm,DD,286
2026-06-25 13:06:08,2026-06-25 13:06:08,286.0,mm,DD,286
2026-06-25 13:06:08,2026-06-25 13:06:08,286.0,mm,DD,286
2026-06-25 13:06:08,2026-06-25 13:06:08,286.0,mm,DD,286
2026-06-25 13:06:08,2026-06-25 13:06:08,286.0,mm,DD,286
2026-06-25 13:06:08,2026-06-25 13:06:08,286.0,mm,A,286
2026-06-25 07:06:18,2026-06-25 07:06:18,278.0,mm,ND,278
2026-06-25 07:06:13,2026-06-25 07:06:13,286.0,mm,A,286
2026-06-25 07:06:12,2026-06-25 07:06:12,278.0,mm,DD,278
2026-06-25 07:06:12,2026-06-25 07:06:12,278.0,mm,DD,278
2026-06-25 07:06:12,2026-06-25 07:06:12,278.0,mm,DD,278
2026-06-25 07:06:12,2026-06-25 07:06:12,278.0,mm,DD,278
2026-06-25 07:06:12,2026-06-25 07:06:12,278.0,mm,DD,278
2026-06-25 07:06:12,2026-06-25 07:06:12,278.0,mm,DD,278
2026-06-25 07:06:11,2026-06-25 07:06:12,278.0,mm,DD,278
2026-06-25 07:06:11,2026-06-25 07:06:12,278.0,mm,ND,278
2026-06-25 07:06:07,2026-06-25 07:06:07,286.0,mm,DD,286
2026-06-25 07:06:07,2026-06-25 07:06:07,286.0,mm,DD,286
2026-06-25 07:06:07,2026-06-25 07:06:07,286.0,mm,DD,286
2026-06-25 07:06:07,2026-06-25 07:06:07,286.0,mm,DD,286
2026-06-25 07:06:07,2026-06-25 07:06:07,286.0,mm,DD,286
2026-06-25 07:06:07,2026-06-25 07:06:07,286.0,mm,DD,286
2026-06-25 07:06:07,2026-06-25 07:06:07,286.0,mm,DD,286
2026-06-25 07:06:07,2026-06-25 07:06:07,286.0,mm,DD,286
2026-06-25 07:06:07,2026-06-25 07:06:07,286.0,mm,A,286
2026-06-25 05:12:06,2026-06-25 05:12:06,257.0,mm,ND,257
2026-06-25 04:06:06,2026-06-25 04:06:06,286.0,mm,DD,286
2026-06-25 04:06:06,2026-06-25 04:06:06,286.0,mm,DD,286
2026-06-25 04:06:06,2026-06-25 04:06:06,286.0,mm,DD,286
2026-06-25 04:06:06,2026-06-25 04:06:06,286.0,mm,DD,286
2026-06-25 04:06:06,2026-06-25 04:06:06,286.0,mm,DD,286
2026-06-25 04:06:06,2026-06-25 04:06:06,286.0,mm,A,286
2026-06-25 04:06:05,2026-06-25 04:06:06,286.0,mm,DD,286
2026-06-25 04:06:05,2026-06-25 04:06:06,286.0,mm,DD,286
2026-06-25 04:06:05,2026-06-25 04:06:06,286.0,mm,DD,286
2026-06-25 04:06:05,2026-06-25 04:06:06,286.0,mm,DD,286
2026-06-25 01:06:11,2026-06-25 01:06:11,286.0,mm,DD,286
2026-06-25 01:06:05,2026-06-25 01:06:05,286.0,mm,DD,286
2026-06-25 01:06:05,2026-06-25 01:06:05,286.0,mm,DD,286
2026-06-25 01:06:05,2026-06-25 01:06:05,286.0,mm,DD,286
2026-06-25 01:06:05,2026-06-25 01:06:05,286.0,mm,DD,286
2026-06-25 01:06:05,2026-06-25 01:06:05,286.0,mm,DD,286
2026-06-25 01:06:05,2026-06-25 01:06:05,286.0,mm,A,286
2026-06-25 01:06:04,2026-06-25 01:06:05,286.0,mm,DD,286
2026-06-25 01:06:04,2026-06-25 01:06:05,286.0,mm,DD,286
2026-06-25 01:06:04,2026-06-25 01:06:05,286.0,mm,DD,286
2026-06-25 01:06:04,2026-06-25 01:06:05,286.0,mm,DD,286
2026-06-24 22:06:10,2026-06-24 22:06:10,286.0,mm,A,286
2026-06-24 22:06:04,2026-06-24 22:06:04,286.0,mm,DD,286
2026-06-24 22:06:04,2026-06-24 22:06:04,286.0,mm,DD,286
2026-06-24 22:06:04,2026-06-24 22:06:04,286.0,mm,DD,286
2026-06-24 22:06:04,2026-06-24 22:06:04,286.0,mm,DD,286
2026-06-24 22:06:04,2026-06-24 22:06:04,286.0,mm,A,286
2026-06-24 22:06:03,2026-06-24 22:06:04,286.0,mm,DD,286
2026-06-24 22:06:03,2026-06-24 22:06:04,286.0,mm,DD,286
2026-06-24 22:06:03,2026-06-24 22:06:04,286.0,mm,DD,286
2026-06-24 22:06:03,2026-06-24 22:06:04,286.0,mm,DD,286
2026-06-24 19:06:10,2026-06-24 19:06:10,286.0,mm,DD,286
2026-06-24 19:06:03,2026-06-24 19:06:03,286.0,mm,DD,286
2026-06-24 19:06:03,2026-06-24 19:06:03,286.0,mm,DD,286
2026-06-24 19:06:03,2026-06-24 19:06:03,286.0,mm,DD,286
2026-06-24 19:06:03,2026-06-24 19:06:03,286.0,mm,DD,286
2026-06-24 19:06:03,2026-06-24 19:06:03,286.0,mm,DD,286
2026-06-24 19:06:03,2026-06-24 19:06:03,286.0,mm,DD,286
2026-06-24 19:06:03,2026-06-24 19:06:03,286.0,mm,DD,286
2026-06-24 19:06:03,2026-06-24 19:06:03,286.0,mm,DD,286
2026-06-24 19:06:03,2026-06-24 19:06:03,286.0,mm,A,286
2026-06-24 16:06:14,2026-06-24 16:06:14,286.0,mm,A,286
2026-06-24 16:06:02,2026-06-24 16:06:03,286.0,mm,DD,286
2026-06-24 16:06:02,2026-06-24 16:06:03,286.0,mm,DD,286
2026-06-24 16:06:02,2026-06-24 16:06:03,286.0,mm,DD,286
2026-06-24 16:06:02,2026-06-24 16:06:03,286.0,mm,DD,286
2026-06-24 16:06:02,2026-06-24 16:06:03,286.0,mm,A,286
2026-06-24 16:06:01,2026-06-24 16:06:03,286.0,mm,DD,286
2026-06-24 16:06:01,2026-06-24 16:06:03,286.0,mm,DD,286
2026-06-24 16:06:01,2026-06-24 16:06:03,286.0,mm,DD,286
2026-06-24 13:06:08,2026-06-24 13:06:08,286.0,mm,DD,286
2026-06-24 13:06:02,2026-06-24 13:06:02,286.0,mm,DD,286
2026-06-24 13:06:02,2026-06-24 13:06:02,286.0,mm,DD,286
2026-06-24 13:06:02,2026-06-24 13:06:02,286.0,mm,DD,286
2026-06-24 13:06:02,2026-06-24 13:06:02,286.0,mm,DD,286
2026-06-24 13:06:02,2026-06-24 13:06:02,286.0,mm,A,286
2026-06-24 13:06:01,2026-06-24 13:06:02,286.0,mm,DD,286
2026-06-24 13:06:01,2026-06-24 13:06:02,286.0,mm,DD,286
2026-06-24 13:06:01,2026-06-24 13:06:02,286.0,mm,DD,286
2026-06-24 13:06:01,2026-06-24 13:06:02,286.0,mm,DD,286
2026-06-24 10:06:01,2026-06-24 10:06:01,286.0,mm,DD,286
2026-06-24 10:06:01,2026-06-24 10:06:01,286.0,mm,A,286
2026-06-24 07:42:34,2026-06-24 07:42:34,128.0,mm,DD,128
2026-06-24 07:42:29,2026-06-24 07:42:29,128.0,mm,DD,128
2026-06-24 07:42:29,2026-06-24 07:42:29,128.0,mm,DD,128
2026-06-24 07:42:29,2026-06-24 07:42:29,128.0,mm,DD,128
2026-06-24 07:42:27,2026-06-24 07:42:27,128.0,mm,DD,128
2026-06-24 07:42:27,2026-06-24 07:42:27,128.0,mm,ND,128
2026-06-24 07:42:26,2026-06-24 07:42:27,128.0,mm,DD,128
2026-06-24 07:42:26,2026-06-24 07:42:27,128.0,mm,DD,128
2026-06-24 07:06:12,2026-06-24 07:06:12,286.0,mm,DD,286
2026-06-24 07:06:07,2026-06-24 07:06:07,286.0,mm,DD,286
2026-06-24 07:06:07,2026-06-24 07:06:07,286.0,mm,DD,286
2026-06-24 07:06:01,2026-06-24 07:06:01,286.0,mm,DD,286
2026-06-24 07:06:01,2026-06-24 07:06:01,286.0,mm,A,286
2026-06-24 07:06:00,2026-06-24 07:06:01,286.0,mm,DD,286
2026-06-24 07:06:00,2026-06-24 07:06:01,286.0,mm,DD,286
2026-06-24 07:06:00,2026-06-24 07:06:01,286.0,mm,DD,286
2026-06-24 07:06:00,2026-06-24 07:06:01,286.0,mm,DD,286
2026-06-24 07:06:00,2026-06-24 07:06:01,286.0,mm,A,286
2026-06-24 05:27:55,2026-06-24 05:27:55,632.0,mm,DD,632
2026-06-24 05:27:55,2026-06-24 05:27:55,632.0,mm,DD,632
2026-06-24 05:27:54,2026-06-24 05:27:54,632.0,mm,DD,632
2026-06-24 05:27:54,2026-06-24 05:27:54,632.0,mm,PD,632
2026-06-24 04:06:11,2026-06-24 04:06:11,286.0,mm,DD,286
2026-06-24 04:06:05,2026-06-24 04:06:05,286.0,mm,DD,286
2026-06-24 04:05:59,2026-06-24 04:06:00,286.0,mm,DD,286
2026-06-24 04:05:59,2026-06-24 04:06:00,286.0,mm,DD,286
2026-06-24 04:05:59,2026-06-24 04:06:00,286.0,mm,DD,286
2026-06-24 04:05:59,2026-06-24 04:06:00,286.0,mm,DD,286
2026-06-24 04:05:59,2026-06-24 04:06:00,286.0,mm,A,286
2026-06-24 01:06:05,2026-06-24 01:06:05,286.0,mm,DD,286
2026-06-24 01:06:04,2026-06-24 01:06:04,286.0,mm,DD,286
2026-06-24 01:05:58,2026-06-24 01:05:59,286.0,mm,DD,286
2026-06-24 01:05:58,2026-06-24 01:05:59,286.0,mm,DD,286
2026-06-24 01:05:58,2026-06-24 01:05:59,286.0,mm,DD,286
2026-06-24 01:05:58,2026-06-24 01:05:59,286.0,mm,DD,286
2026-06-24 01:05:58,2026-06-24 01:05:59,286.0,mm,DD,286
2026-06-24 01:05:58,2026-06-24 01:05:59,286.0,mm,A,286
2026-06-23 22:05:58,2026-06-23 22:05:58,286.0,mm,DD,286
2026-06-23 22:05:58,2026-06-23 22:05:58,286.0,mm,A,286
2026-06-23 22:05:57,2026-06-23 22:05:58,286.0,mm,DD,286
2026-06-23 22:05:57,2026-06-23 22:05:58,286.0,mm,DD,286
2026-06-23 22:05:57,2026-06-23 22:05:58,286.0,mm,DD,286
2026-06-23 22:05:57,2026-06-23 22:05:58,286.0,mm,DD,286
2026-06-23 22:05:57,2026-06-23 22:05:58,286.0,mm,A,286
2026-06-23 19:06:03,2026-06-23 19:06:03,286.0,mm,A,286
2026-06-23 19:05:57,2026-06-23 19:05:57,286.0,mm,DD,286
2026-06-23 19:05:57,2026-06-23 19:05:57,286.0,mm,DD,286
2026-06-23 19:05:57,2026-06-23 19:05:57,286.0,mm,DD,286
2026-06-23 19:05:57,2026-06-23 19:05:57,286.0,mm,A,286
2026-06-23 19:05:56,2026-06-23 19:05:57,286.0,mm,DD,286
2026-06-23 19:05:56,2026-06-23 19:05:57,286.0,mm,DD,286
2026-06-23 16:06:02,2026-06-23 16:06:02,286.0,mm,DD,286
2026-06-23 16:06:02,2026-06-23 16:06:02,286.0,mm,DD,286
2026-06-23 16:05:56,2026-06-23 16:05:56,286.0,mm,DD,286
2026-06-23 16:05:56,2026-06-23 16:05:56,286.0,mm,DD,286
2026-06-23 16:05:56,2026-06-23 16:05:56,286.0,mm,DD,286
2026-06-23 16:05:56,2026-06-23 16:05:56,286.0,mm,A,286
2026-06-23 16:05:55,2026-06-23 16:05:56,286.0,mm,DD,286
2026-06-23 16:05:55,2026-06-23 16:05:56,286.0,mm,DD,286
2026-06-23 13:06:01,2026-06-23 13:06:01,286.0,mm,DD,286
2026-06-23 13:05:55,2026-06-23 13:05:55,286.0,mm,DD,286
2026-06-23 13:05:55,2026-06-23 13:05:55,286.0,mm,DD,286
2026-06-23 13:05:55,2026-06-23 13:05:55,286.0,mm,DD,286
2026-06-23 13:05:55,2026-06-23 13:05:55,286.0,mm,A,286
2026-06-23 13:05:54,2026-06-23 13:05:55,286.0,mm,DD,286
2026-06-23 13:05:54,2026-06-23 13:05:55,286.0,mm,DD,286
2026-06-23 10:06:01,2026-06-23 10:06:01,286.0,mm,DD,286
2026-06-23 10:06:00,2026-06-23 10:06:00,286.0,mm,DD,286
2026-06-23 10:05:55,2026-06-23 10:05:55,286.0,mm,DD,286
2026-06-23 10:05:55,2026-06-23 10:05:55,286.0,mm,A,286
2026-06-23 10:05:54,2026-06-23 10:05:55,286.0,mm,DD,286
2026-06-23 10:05:54,2026-06-23 10:05:55,286.0,mm,DD,286
2026-06-23 07:06:01,2026-06-23 07:06:01,286.0,mm,DD,286
2026-06-23 07:05:55,2026-06-23 07:05:55,286.0,mm,DD,286
2026-06-23 07:05:55,2026-06-23 07:05:55,286.0,mm,A,286
2026-06-23 07:05:54,2026-06-23 07:05:55,286.0,mm,DD,286
2026-06-23 07:05:54,2026-06-23 07:05:55,286.0,mm,DD,286
2026-06-23 06:15:57,2026-06-23 06:15:57,78.0,mm,DD,78
2026-06-23 06:15:57,2026-06-23 06:15:57,78.0,mm,ND,78
2026-06-23 04:05:53,2026-06-23 04:05:53,286.0,mm,DD,286
2026-06-23 04:05:53,2026-06-23 04:05:53,286.0,mm,DD,286
2026-06-23 04:05:53,2026-06-23 04:05:53,286.0,mm,DD,286
2026-06-23 04:05:53,2026-06-23 04:05:53,286.0,mm,A,286
2026-06-23 04:05:52,2026-06-23 04:05:53,286.0,mm,DD,286
2026-06-23 04:05:52,2026-06-23 04:05:53,286.0,mm,DD,286
2026-06-23 01:05:58,2026-06-23 01:05:58,286.0,mm,AN,286
2026-06-23 01:05:52,2026-06-23 01:05:52,286.0,mm,DD,286
2026-06-23 01:05:52,2026-06-23 01:05:52,286.0,mm,DD,286
2026-06-23 01:05:51,2026-07-16 10:28:20,286.0,mm,DD,286
2026-06-23 01:05:51,2026-07-16 10:28:20,286.0,mm,DD,286
2026-06-23 01:05:51,2026-07-16 10:28:20,286.0,mm,DD,286
2026-06-23 01:05:51,2026-07-16 10:28:20,286.0,mm,A,286
2026-06-22 23:48:52,2026-07-16 10:28:16,128.0,mm,DD,128
2026-06-22 23:48:46,2026-07-16 10:28:07,128.0,mm,DD,128
2026-06-22 23:48:46,2026-07-16 10:28:07,128.0,mm,DD,128
2026-06-22 23:48:45,2026-07-16 10:28:04,128.0,mm,DD,128
2026-06-22 23:48:45,2026-07-16 10:28:04,128.0,mm,ND,128
2026-06-22 22:05:57,2026-06-22 22:05:57,286.0,mm,DD,286
2026-06-22 22:05:51,2026-06-22 22:05:51,286.0,mm,DD,286
2026-06-22 22:05:51,2026-06-22 22:05:51,286.0,mm,DD,286
2026-06-22 22:05:51,2026-06-22 22:05:51,286.0,mm,DD,286
2026-06-22 22:05:51,2026-06-22 22:05:51,286.0,mm,A,286
2026-06-22 22:05:50,2026-06-22 22:05:51,286.0,mm,DD,286
2026-06-22 22:05:50,2026-06-22 22:05:51,286.0,mm,DD,286
2026-06-22 19:05:56,2026-06-22 19:05:56,286.0,mm,A,286
2026-06-22 19:05:50,2026-06-22 19:05:50,286.0,mm,DD,286
2026-06-22 19:05:50,2026-06-22 19:05:50,286.0,mm,DD,286
2026-06-22 19:05:50,2026-06-22 19:05:50,286.0,mm,DD,286
2026-06-22 19:05:50,2026-06-22 19:05:50,286.0,mm,A,286
2026-06-22 19:05:49,2026-06-22 19:05:50,286.0,mm,DD,286
2026-06-22 19:05:49,2026-06-22 19:05:50,286.0,mm,DD,286
2026-06-22 16:05:55,2026-06-22 16:05:55,286.0,mm,A,286
2026-06-22 16:05:49,2026-06-22 16:05:49,286.0,mm,DD,286
2026-06-22 16:05:49,2026-06-22 16:05:49,286.0,mm,DD,286
2026-06-22 16:05:49,2026-06-22 16:05:49,286.0,mm,DD,286
2026-06-22 16:05:49,2026-06-22 16:05:49,286.0,mm,A,286
2026-06-22 16:05:48,2026-06-22 16:05:49,286.0,mm,DD,286
2026-06-22 16:05:48,2026-06-22 16:05:49,286.0,mm,DD,286
2026-06-22 13:06:00,2026-06-22 13:06:00,286.0,mm,A,286
2026-06-22 13:05:55,2026-06-22 13:05:55,414.0,mm,PD,414
2026-06-22 13:05:54,2026-06-22 13:05:54,286.0,mm,DD,286
2026-06-22 13:05:54,2026-06-22 13:05:54,286.0,mm,DD,286
2026-06-22 13:05:54,2026-06-22 13:05:54,286.0,mm,DD,286
2026-06-22 13:05:54,2026-06-22 13:05:54,286.0,mm,DD,286
2026-06-22 13:05:48,2026-06-22 13:05:49,286.0,mm,DD,286
2026-06-22 13:05:48,2026-06-22 13:05:49,286.0,mm,DD,286
2026-06-22 13:05:48,2026-06-22 13:05:49,286.0,mm,DD,286
2026-06-22 13:05:48,2026-06-22 13:05:49,286.0,mm,A,286
2026-06-22 10:05:54,2026-06-22 10:05:54,286.0,mm,A,286
2026-06-22 10:05:48,2026-06-22 10:05:48,286.0,mm,DD,286
2026-06-22 10:05:48,2026-06-22 10:05:48,286.0,mm,DD,286
2026-06-22 10:05:48,2026-06-22 10:05:48,286.0,mm,DD,286
2026-06-22 10:05:48,2026-06-22 10:05:48,286.0,mm,A,286
2026-06-22 10:05:47,2026-06-22 10:05:48,286.0,mm,DD,286
2026-06-22 10:05:47,2026-06-22 10:05:48,286.0,mm,DD,286
2026-06-22 07:05:53,2026-06-22 07:05:53,286.0,mm,DD,286
2026-06-22 07:05:53,2026-06-22 07:05:53,286.0,mm,DD,286
2026-06-22 07:05:47,2026-06-22 07:05:47,286.0,mm,DD,286
2026-06-22 07:05:47,2026-06-22 07:05:47,286.0,mm,DD,286
2026-06-22 07:05:46,2026-06-22 07:05:47,286.0,mm,DD,286
2026-06-22 07:05:46,2026-06-22 07:05:47,286.0,mm,DD,286
2026-06-22 07:05:46,2026-06-22 07:05:47,286.0,mm,DD,286
2026-06-22 07:05:46,2026-06-22 07:05:47,286.0,mm,A,286
2026-06-22 04:05:53,2026-06-22 04:05:53,286.0,mm,DD,286
2026-06-22 04:05:52,2026-06-22 04:05:52,286.0,mm,DD,286
2026-06-22 04:05:52,2026-06-22 04:05:52,286.0,mm,DD,286
2026-06-22 04:05:46,2026-06-22 04:05:47,286.0,mm,DD,286
2026-06-22 04:05:46,2026-06-22 04:05:47,286.0,mm,DD,286
2026-06-22 04:05:46,2026-06-22 04:05:47,286.0,mm,DD,286
2026-06-22 04:05:46,2026-06-22 04:05:47,286.0,mm,A,286
2026-06-22 04:05:45,2026-06-22 04:05:45,286.0,mm,DD,286
2026-06-22 04:05:45,2026-06-22 04:05:45,286.0,mm,A,286
2026-06-22 01:05:51,2026-06-22 01:05:51,286.0,mm,A,286
2026-06-22 01:05:45,2026-06-22 01:05:45,286.0,mm,DD,286
2026-06-22 01:05:45,2026-06-22 01:05:45,286.0,mm,DD,286
2026-06-22 01:05:45,2026-06-22 01:05:45,286.0,mm,DD,286
2026-06-22 01:05:45,2026-06-22 01:05:45,286.0,mm,A,286
2026-06-22 01:05:44,2026-06-22 01:05:45,286.0,mm,DD,286
2026-06-22 01:05:44,2026-06-22 01:05:45,286.0,mm,DD,286
2026-06-21 22:05:51,2026-06-21 22:05:51,286.0,mm,DD,286
2026-06-21 22:05:51,2026-06-21 22:05:51,286.0,mm,DD,286
2026-06-21 22:05:45,2026-06-21 22:05:45,286.0,mm,DD,286
2026-06-21 22:05:45,2026-06-21 22:05:45,286.0,mm,DD,286
2026-06-21 22:05:45,2026-06-21 22:05:45,286.0,mm,DD,286
2026-06-21 22:05:45,2026-06-21 22:05:45,286.0,mm,DD,286
2026-06-21 22:05:43,2026-06-21 22:05:44,286.0,mm,DD,286
2026-06-21 22:05:43,2026-06-21 22:05:44,286.0,mm,A,286
2026-06-21 19:05:50,2026-06-21 19:05:50,286.0,mm,A,286
2026-06-21 19:05:44,2026-06-21 19:05:44,286.0,mm,DD,286
2026-06-21 19:05:44,2026-06-21 19:05:44,286.0,mm,A,286
2026-06-21 19:05:43,2026-06-21 19:05:44,286.0,mm,DD,286
2026-06-21 19:05:43,2026-06-21 19:05:44,286.0,mm,DD,286
2026-06-21 19:05:43,2026-06-21 19:05:44,286.0,mm,DD,286
2026-06-21 19:05:43,2026-06-21 19:05:44,286.0,mm,DD,286
2026-06-21 19:05:43,2026-06-21 19:05:44,286.0,mm,A,286
2026-06-21 19:04:19,2026-06-21 19:04:19,286.0,mm,DD,286
2026-06-21 19:04:13,2026-06-21 19:04:13,286.0,mm,DD,286
2026-06-21 19:04:13,2026-06-21 19:04:13,286.0,mm,DD,286
2026-06-21 19:04:13,2026-06-21 19:04:13,286.0,mm,DD,286
2026-06-21 19:04:13,2026-06-21 19:04:13,286.0,mm,A,286
2026-06-21 19:04:12,2026-06-21 19:04:13,286.0,mm,DD,286
2026-06-21 19:04:12,2026-06-21 19:04:13,286.0,mm,DD,286
2026-06-21 16:05:49,2026-06-21 16:05:49,285.0,mm,A,285
2026-06-21 16:05:43,2026-06-21 16:05:43,285.0,mm,DD,285
2026-06-21 16:05:43,2026-06-21 16:05:43,285.0,mm,DD,285
2026-06-21 16:05:43,2026-06-21 16:05:43,285.0,mm,DD,285
2026-06-21 16:05:43,2026-06-21 16:05:43,285.0,mm,A,285
2026-06-21 16:05:42,2026-06-21 16:05:43,285.0,mm,DD,285
2026-06-21 16:05:42,2026-06-21 16:05:43,285.0,mm,DD,285
2026-06-21 13:05:48,2026-06-21 13:05:48,285.0,mm,A,285
2026-06-21 13:05:42,2026-06-21 13:05:42,285.0,mm,DD,285
2026-06-21 13:05:42,2026-06-21 13:05:42,285.0,mm,DD,285
2026-06-21 13:05:42,2026-06-21 13:05:42,285.0,mm,DD,285
2026-06-21 13:05:42,2026-06-21 13:05:42,285.0,mm,A,285
2026-06-21 13:05:41,2026-06-21 13:05:42,285.0,mm,DD,285
2026-06-21 13:05:41,2026-06-21 13:05:42,285.0,mm,DD,285
2026-06-21 10:05:47,2026-06-21 10:05:47,285.0,mm,DD,285
2026-06-21 10:05:47,2026-06-21 10:05:47,285.0,mm,DD,285
2026-06-21 10:05:47,2026-06-21 10:05:47,285.0,mm,DD,285
2026-06-21 10:05:41,2026-06-21 10:05:41,285.0,mm,DD,285
2026-06-21 10:05:41,2026-06-21 10:05:41,285.0,mm,DD,285
2026-06-21 10:05:41,2026-06-21 10:05:41,285.0,mm,DD,285
2026-06-21 10:05:41,2026-06-21 10:05:41,285.0,mm,A,285
2026-06-21 10:05:40,2026-06-21 10:05:41,285.0,mm,DD,285
2026-06-21 10:05:40,2026-06-21 10:05:41,285.0,mm,DD,285
2026-06-21 07:05:47,2026-06-21 07:05:47,285.0,mm,A,285
2026-06-21 07:05:40,2026-06-21 07:05:41,285.0,mm,DD,285
2026-06-21 07:05:40,2026-06-21 07:05:41,285.0,mm,DD,285
2026-06-21 07:05:40,2026-06-21 07:05:41,285.0,mm,DD,285
2026-06-21 07:05:40,2026-06-21 07:05:41,285.0,mm,A,285
2026-06-21 07:05:39,2026-06-21 07:05:41,285.0,mm,DD,285
2026-06-21 07:05:39,2026-06-21 07:05:41,285.0,mm,DD,285
2026-06-21 04:05:46,2026-06-21 04:05:46,285.0,mm,A,285
2026-06-21 04:05:40,2026-06-21 04:05:40,285.0,mm,DD,285
2026-06-21 04:05:40,2026-06-21 04:05:40,285.0,mm,DD,285
2026-06-21 04:05:39,2026-06-21 04:05:40,285.0,mm,DD,285
2026-06-21 04:05:39,2026-06-21 04:05:40,285.0,mm,DD,285
2026-06-21 04:05:39,2026-06-21 04:05:40,285.0,mm,DD,285
2026-06-21 04:05:39,2026-06-21 04:05:40,285.0,mm,A,285
2026-06-21 01:05:39,2026-06-21 01:05:39,285.0,mm,DD,285
2026-06-21 01:05:39,2026-06-21 01:05:39,285.0,mm,DD,285
2026-06-21 01:05:39,2026-06-21 01:05:39,285.0,mm,DD,285
2026-06-21 01:05:39,2026-06-21 01:05:39,285.0,mm,A,285
2026-06-21 01:05:38,2026-06-21 01:05:39,285.0,mm,DD,285
2026-06-21 01:05:38,2026-06-21 01:05:39,285.0,mm,DD,285
2026-06-20 22:05:38,2026-06-20 22:05:38,285.0,mm,DD,285
2026-06-20 22:05:38,2026-06-20 22:05:38,285.0,mm,DD,285
2026-06-20 22:05:37,2026-06-20 22:05:38,285.0,mm,DD,285
2026-06-20 22:05:37,2026-06-20 22:05:38,285.0,mm,DD,285
2026-06-20 22:05:37,2026-06-20 22:05:38,285.0,mm,DD,285
2026-06-20 22:05:37,2026-06-20 22:05:38,285.0,mm,A,285
2026-06-20 19:05:37,2026-06-20 19:05:37,285.0,mm,DD,285
2026-06-20 19:05:37,2026-06-20 19:05:37,285.0,mm,DD,285
2026-06-20 19:05:37,2026-06-20 19:05:37,285.0,mm,DD,285
2026-06-20 19:05:37,2026-06-20 19:05:37,285.0,mm,A,285
2026-06-20 19:05:36,2026-06-20 19:05:37,285.0,mm,DD,285
2026-06-20 19:05:36,2026-06-20 19:05:37,285.0,mm,DD,285
2026-06-20 16:05:36,2026-06-20 16:05:36,285.0,mm,DD,285
2026-06-20 16:05:36,2026-06-20 16:05:36,285.0,mm,DD,285
2026-06-20 16:05:36,2026-06-20 16:05:36,285.0,mm,DD,285
2026-06-20 16:05:36,2026-06-20 16:05:36,285.0,mm,DD,285
2026-06-20 16:05:36,2026-06-20 16:05:36,285.0,mm,DD,285
2026-06-20 16:05:36,2026-06-20 16:05:36,285.0,mm,A,285
2026-06-20 14:34:36,2026-06-20 14:34:36,154.0,mm,DD,154
2026-06-20 14:34:30,2026-06-20 14:34:30,154.0,mm,DD,154
2026-06-20 14:34:30,2026-06-20 14:34:30,154.0,mm,DD,154
2026-06-20 14:34:30,2026-06-20 14:34:30,154.0,mm,DD,154
2026-06-20 14:34:30,2026-06-20 14:34:30,154.0,mm,ND,154
2026-06-20 14:34:29,2026-06-20 14:34:30,154.0,mm,DD,154
2026-06-20 14:34:29,2026-06-20 14:34:30,154.0,mm,DD,154
2026-06-20 13:05:36,2026-06-20 13:05:36,285.0,mm,DD,285
2026-06-20 13:05:36,2026-06-20 13:05:36,285.0,mm,DD,285
2026-06-20 13:05:36,2026-06-20 13:05:36,285.0,mm,DD,285
2026-06-20 13:05:36,2026-06-20 13:05:36,285.0,mm,A,285
2026-06-20 13:05:35,2026-06-20 13:05:36,285.0,mm,DD,285
2026-06-20 13:05:35,2026-06-20 13:05:36,285.0,mm,DD,285
2026-06-20 10:05:35,2026-06-20 10:05:35,285.0,mm,DD,285
2026-06-20 10:05:35,2026-06-20 10:05:35,285.0,mm,A,285
2026-06-20 10:05:34,2026-06-20 10:05:35,285.0,mm,DD,285
2026-06-20 10:05:34,2026-06-20 10:05:35,285.0,mm,DD,285
2026-06-20 07:05:40,2026-06-20 07:05:40,285.0,mm,A,285
2026-06-20 07:05:34,2026-06-20 07:05:34,285.0,mm,DD,285
2026-06-20 07:05:34,2026-06-20 07:05:34,285.0,mm,DD,285
2026-06-20 07:05:34,2026-06-20 07:05:34,285.0,mm,DD,285
2026-06-20 07:05:34,2026-06-20 07:05:34,285.0,mm,A,285
2026-06-20 07:05:33,2026-06-20 07:05:34,285.0,mm,DD,285
2026-06-20 07:05:33,2026-06-20 07:05:34,285.0,mm,DD,285
2026-06-20 04:05:33,2026-06-20 04:05:33,285.0,mm,DD,285
2026-06-20 04:05:33,2026-06-20 04:05:33,285.0,mm,DD,285
2026-06-20 04:05:33,2026-06-20 04:05:33,285.0,mm,A,285
2026-06-20 04:05:32,2026-06-20 04:05:33,285.0,mm,DD,285
2026-06-20 04:05:32,2026-06-20 04:05:33,285.0,mm,DD,285
2026-06-20 01:05:39,2026-06-20 01:05:39,285.0,mm,A,285
2026-06-20 01:05:32,2026-06-20 01:05:32,285.0,mm,DD,285
2026-06-20 01:05:32,2026-06-20 01:05:32,285.0,mm,DD,285
2026-06-20 01:05:32,2026-06-20 01:05:32,285.0,mm,DD,285
2026-06-20 01:05:32,2026-06-20 01:05:32,285.0,mm,A,285
2026-06-20 01:05:31,2026-06-20 01:05:33,285.0,mm,DD,285
2026-06-20 01:05:31,2026-06-20 01:05:33,285.0,mm,DD,285
2026-06-19 22:05:38,2026-06-19 22:05:38,284.0,mm,A,284
2026-06-19 22:05:32,2026-06-19 22:05:32,284.0,mm,DD,284
2026-06-19 22:05:32,2026-06-19 22:05:32,284.0,mm,DD,284
2026-06-19 22:05:32,2026-06-19 22:05:32,284.0,mm,DD,284
2026-06-19 22:05:32,2026-06-19 22:05:32,284.0,mm,A,284
2026-06-19 22:05:31,2026-06-19 22:05:32,284.0,mm,DD,284
2026-06-19 22:05:31,2026-06-19 22:05:32,284.0,mm,DD,284
2026-06-19 19:41:57,2026-06-19 19:41:57,130.0,mm,DD,130
2026-06-19 19:41:56,2026-06-19 19:41:56,130.0,mm,DD,130
2026-06-19 19:41:51,2026-06-19 19:41:51,130.0,mm,DD,130
2026-06-19 19:41:51,2026-06-19 19:41:51,130.0,mm,DD,130
2026-06-19 19:41:50,2026-06-19 19:41:50,130.0,mm,DD,130
2026-06-19 19:41:50,2026-06-19 19:41:50,130.0,mm,ND,130
2026-06-19 19:41:49,2026-06-19 19:41:50,130.0,mm,DD,130
2026-06-19 19:41:49,2026-06-19 19:41:50,130.0,mm,DD,130
2026-06-19 19:05:37,2026-06-19 19:05:37,284.0,mm,DD,284
2026-06-19 19:05:37,2026-06-19 19:05:37,284.0,mm,A,284
2026-06-19 19:05:31,2026-06-19 19:05:31,284.0,mm,DD,284
2026-06-19 19:05:31,2026-06-19 19:05:31,284.0,mm,DD,284
2026-06-19 19:05:31,2026-06-19 19:05:31,284.0,mm,DD,284
2026-06-19 19:05:31,2026-06-19 19:05:31,284.0,mm,A,284
2026-06-19 19:05:30,2026-06-19 19:05:31,284.0,mm,DD,284
2026-06-19 19:05:30,2026-06-19 19:05:31,284.0,mm,DD,284
2026-06-19 16:05:36,2026-06-19 16:05:36,284.0,mm,A,284
2026-06-19 16:05:30,2026-06-19 16:05:30,284.0,mm,DD,284
2026-06-19 16:05:30,2026-06-19 16:05:30,284.0,mm,DD,284
2026-06-19 16:05:30,2026-06-19 16:05:30,284.0,mm,DD,284
2026-06-19 16:05:30,2026-06-19 16:05:30,284.0,mm,A,284
2026-06-19 16:05:29,2026-06-19 16:05:30,284.0,mm,DD,284
2026-06-19 16:05:29,2026-06-19 16:05:30,284.0,mm,DD,284
2026-06-19 13:05:36,2026-06-19 13:05:36,284.0,mm,A,284
2026-06-19 13:05:29,2026-06-19 13:05:29,284.0,mm,DD,284
2026-06-19 13:05:29,2026-06-19 13:05:29,284.0,mm,A,284
2026-06-19 13:05:28,2026-06-19 13:05:29,284.0,mm,DD,284
2026-06-19 13:05:28,2026-06-19 13:05:29,284.0,mm,DD,284
2026-06-19 10:05:35,2026-06-19 10:05:35,284.0,mm,A,284
2026-06-19 10:05:28,2026-06-19 10:05:29,284.0,mm,DD,284
2026-06-19 10:05:28,2026-06-19 10:05:29,284.0,mm,DD,284
2026-06-19 10:05:28,2026-06-19 10:05:29,284.0,mm,DD,284
2026-06-19 10:05:28,2026-06-19 10:05:29,284.0,mm,A,284
2026-06-19 07:05:34,2026-06-19 07:05:34,284.0,mm,DD,284
2026-06-19 07:05:34,2026-06-19 07:05:34,284.0,mm,DD,284
2026-06-19 07:05:28,2026-06-19 07:05:28,284.0,mm,DD,284
2026-06-19 07:05:28,2026-06-19 07:05:28,284.0,mm,A,284
2026-06-19 07:05:26,2026-06-19 07:05:28,284.0,mm,DD,284
2026-06-19 07:05:26,2026-06-19 07:05:28,284.0,mm,DD,284
2026-06-19 04:05:33,2026-06-19 04:05:33,284.0,mm,DD,284
2026-06-19 04:05:33,2026-06-19 04:05:33,284.0,mm,DD,284
2026-06-19 04:05:27,2026-06-19 04:05:27,284.0,mm,DD,284
2026-06-19 04:05:27,2026-06-19 04:05:27,284.0,mm,A,284
2026-06-19 04:05:26,2026-06-19 04:05:27,284.0,mm,DD,284
2026-06-19 04:05:26,2026-06-19 04:05:27,284.0,mm,DD,284
2026-06-19 01:05:32,2026-06-19 01:05:32,284.0,mm,A,284
2026-06-19 01:05:26,2026-06-19 01:05:26,284.0,mm,DD,284
2026-06-19 01:05:26,2026-06-19 01:05:26,284.0,mm,A,284
2026-06-19 01:05:25,2026-06-19 01:05:26,284.0,mm,DD,284
2026-06-19 01:05:25,2026-06-19 01:05:26,284.0,mm,DD,284
2026-06-18 22:05:32,2026-06-18 22:05:32,284.0,mm,DD,284
2026-06-18 22:05:32,2026-06-18 22:05:32,284.0,mm,DD,284
2026-06-18 22:05:25,2026-06-18 22:05:25,284.0,mm,DD,284
2026-06-18 22:05:25,2026-06-18 22:05:25,284.0,mm,A,284
2026-06-18 22:05:24,2026-06-18 22:05:25,284.0,mm,DD,284
2026-06-18 22:05:24,2026-06-18 22:05:25,284.0,mm,DD,284
2026-06-18 19:05:31,2026-06-18 19:05:31,284.0,mm,A,284
2026-06-18 19:05:25,2026-06-18 19:05:25,284.0,mm,DD,284
2026-06-18 19:05:25,2026-06-18 19:05:25,284.0,mm,A,284
2026-06-18 19:05:24,2026-06-18 19:05:25,284.0,mm,DD,284
2026-06-18 19:05:24,2026-06-18 19:05:25,284.0,mm,DD,284
2026-06-18 16:41:48,2026-06-18 16:41:48,132.0,mm,DD,132
2026-06-18 16:41:43,2026-06-18 16:41:43,132.0,mm,DD,132
2026-06-18 16:41:43,2026-06-18 16:41:43,132.0,mm,DD,132
2026-06-18 16:41:42,2026-06-18 16:41:43,132.0,mm,DD,132
2026-06-18 16:41:42,2026-06-18 16:41:43,132.0,mm,DD,132
2026-06-18 16:41:42,2026-06-18 16:41:43,132.0,mm,DD,132
2026-06-18 16:41:42,2026-06-18 16:41:43,132.0,mm,ND,132
2026-06-18 16:05:31,2026-06-18 16:05:31,284.0,mm,DD,284
2026-06-18 16:05:30,2026-06-18 16:05:30,284.0,mm,DD,284
2026-06-18 16:05:30,2026-06-18 16:05:30,284.0,mm,DD,284
2026-06-18 16:05:30,2026-06-18 16:05:30,284.0,mm,DD,284
2026-06-18 16:05:24,2026-06-18 16:05:24,284.0,mm,DD,284
2026-06-18 16:05:24,2026-06-18 16:05:24,284.0,mm,A,284
2026-06-18 16:05:23,2026-06-18 16:05:25,284.0,mm,DD,284
2026-06-18 16:05:23,2026-06-18 16:05:25,284.0,mm,DD,284
2026-06-18 13:05:29,2026-06-18 13:05:29,284.0,mm,A,284
2026-06-18 13:05:23,2026-06-18 13:05:23,284.0,mm,DD,284
2026-06-18 13:05:23,2026-06-18 13:05:23,284.0,mm,A,284
2026-06-18 13:05:22,2026-06-18 13:05:23,284.0,mm,DD,284
2026-06-18 13:05:22,2026-06-18 13:05:23,284.0,mm,DD,284
2026-06-18 10:05:28,2026-06-18 10:05:28,284.0,mm,A,284
2026-06-18 10:05:22,2026-06-18 10:05:22,284.0,mm,DD,284
2026-06-18 10:05:22,2026-06-18 10:05:22,284.0,mm,A,284
2026-06-18 10:05:21,2026-06-18 10:05:22,284.0,mm,DD,284
2026-06-18 10:05:21,2026-06-18 10:05:22,284.0,mm,DD,284
2026-06-18 07:05:28,2026-06-18 07:05:28,284.0,mm,A,284
2026-06-18 07:05:21,2026-06-18 07:05:22,284.0,mm,DD,284
2026-06-18 07:05:21,2026-06-18 07:05:22,284.0,mm,DD,284
2026-06-18 07:05:21,2026-06-18 07:05:22,284.0,mm,DD,284
2026-06-18 07:05:21,2026-06-18 07:05:22,284.0,mm,A,284
2026-06-18 07:05:20,2026-06-18 07:05:22,284.0,mm,DD,284
2026-06-18 07:05:20,2026-06-18 07:05:22,284.0,mm,DD,284
2026-06-18 04:05:27,2026-06-18 04:05:27,284.0,mm,DD,284
2026-06-18 04:05:21,2026-06-18 04:05:21,284.0,mm,DD,284
2026-06-18 04:05:21,2026-06-18 04:05:21,284.0,mm,DD,284
2026-06-18 04:05:21,2026-06-18 04:05:21,284.0,mm,DD,284
2026-06-18 04:05:21,2026-06-18 04:05:21,284.0,mm,A,284
2026-06-18 04:05:19,2026-06-18 04:05:21,284.0,mm,DD,284
2026-06-18 04:05:19,2026-06-18 04:05:21,284.0,mm,DD,284
2026-06-17 22:05:25,2026-06-17 22:05:25,284.0,mm,DD,284
2026-06-17 22:05:25,2026-06-17 22:05:25,284.0,mm,DD,284
2026-06-17 22:05:25,2026-06-17 22:05:25,284.0,mm,DD,284
2026-06-17 22:05:20,2026-06-17 22:05:20,284.0,mm,DD,284
2026-06-17 22:05:20,2026-06-17 22:05:20,284.0,mm,DD,284
2026-06-17 22:05:20,2026-06-17 22:05:20,284.0,mm,DD,284
2026-06-17 22:05:20,2026-06-17 22:05:20,284.0,mm,DD,284
2026-06-17 22:05:18,2026-06-17 22:05:19,284.0,mm,DD,284
2026-06-17 22:05:18,2026-06-17 22:05:19,284.0,mm,A,284
2026-06-17 19:05:24,2026-06-17 19:05:24,284.0,mm,A,284
2026-06-17 19:05:18,2026-06-17 19:05:18,284.0,mm,DD,284
2026-06-17 19:05:18,2026-06-17 19:05:18,284.0,mm,A,284
2026-06-17 19:05:17,2026-06-17 19:05:18,284.0,mm,DD,284
2026-06-17 19:05:17,2026-06-17 19:05:18,284.0,mm,DD,284
2026-06-17 16:05:24,2026-06-17 16:05:24,284.0,mm,DD,284
2026-06-17 16:05:23,2026-06-17 16:05:23,284.0,mm,DD,284
2026-06-17 16:05:23,2026-06-17 16:05:23,284.0,mm,DD,284
2026-06-17 16:05:18,2026-06-17 16:05:18,284.0,mm,DD,284
2026-06-17 16:05:18,2026-06-17 16:05:18,284.0,mm,DD,284
2026-06-17 16:05:16,2026-06-17 16:05:17,284.0,mm,DD,284
2026-06-17 16:05:16,2026-06-17 16:05:17,284.0,mm,A,284
2026-06-17 13:05:23,2026-06-17 13:05:23,284.0,mm,A,284
2026-06-17 13:05:16,2026-06-17 13:05:17,284.0,mm,DD,284
2026-06-17 13:05:16,2026-06-17 13:05:17,284.0,mm,DD,284
2026-06-17 13:05:16,2026-06-17 13:05:17,284.0,mm,DD,284
2026-06-17 13:05:16,2026-06-17 13:05:17,284.0,mm,A,284
2026-06-17 13:05:15,2026-06-17 13:05:17,284.0,mm,DD,284
2026-06-17 13:05:15,2026-06-17 13:05:17,284.0,mm,DD,284
2026-06-17 10:05:23,2026-06-17 10:05:23,284.0,mm,DD,284
2026-06-17 10:05:22,2026-06-17 10:05:22,284.0,mm,DD,284
2026-06-17 10:05:16,2026-06-17 10:05:16,284.0,mm,DD,284
2026-06-17 10:05:16,2026-06-17 10:05:16,284.0,mm,DD,284
2026-06-17 10:05:16,2026-06-17 10:05:16,284.0,mm,DD,284
2026-06-17 10:05:16,2026-06-17 10:05:16,284.0,mm,A,284
2026-06-17 10:05:15,2026-06-17 10:05:17,284.0,mm,DD,284
2026-06-17 10:05:15,2026-06-17 10:05:17,284.0,mm,DD,284
2026-06-17 07:41:37,2026-06-17 07:41:37,129.0,mm,DD,129
2026-06-17 07:41:31,2026-06-17 07:41:31,129.0,mm,DD,129
2026-06-17 07:41:31,2026-06-17 07:41:31,129.0,mm,DD,129
2026-06-17 07:41:30,2026-06-17 07:41:30,129.0,mm,DD,129
2026-06-17 07:41:30,2026-06-17 07:41:30,129.0,mm,ND,129
2026-06-17 07:41:29,2026-06-17 07:41:30,129.0,mm,DD,129
2026-06-17 07:41:29,2026-06-17 07:41:30,129.0,mm,DD,129
2026-06-17 07:05:21,2026-06-17 07:05:21,284.0,mm,A,284
2026-06-17 07:05:15,2026-06-17 07:05:15,284.0,mm,DD,284
2026-06-17 07:05:15,2026-06-17 07:05:15,284.0,mm,DD,284
2026-06-17 07:05:15,2026-06-17 07:05:15,284.0,mm,DD,284
2026-06-17 07:05:15,2026-06-17 07:05:15,284.0,mm,A,284
2026-06-17 07:05:14,2026-06-17 07:05:15,284.0,mm,DD,284
2026-06-17 07:05:14,2026-06-17 07:05:15,284.0,mm,DD,284
2026-06-17 04:05:20,2026-06-17 04:05:20,284.0,mm,DD,284
2026-06-17 04:05:15,2026-06-17 04:05:15,284.0,mm,DD,284
2026-06-17 04:05:15,2026-06-17 04:05:15,284.0,mm,DD,284
2026-06-17 04:05:14,2026-06-17 04:05:14,284.0,mm,DD,284
2026-06-17 04:05:14,2026-06-17 04:05:14,284.0,mm,A,284
2026-06-17 04:05:13,2026-06-17 04:05:14,284.0,mm,DD,284
2026-06-17 04:05:13,2026-06-17 04:05:14,284.0,mm,DD,284
2026-06-17 01:05:20,2026-06-17 01:05:20,284.0,mm,DD,284
2026-06-17 01:05:20,2026-06-17 01:05:20,284.0,mm,DD,284
2026-06-17 01:05:20,2026-06-17 01:05:20,284.0,mm,DD,284
2026-06-17 01:05:14,2026-06-17 01:05:14,284.0,mm,DD,284
2026-06-17 01:05:14,2026-06-17 01:05:14,284.0,mm,DD,284
2026-06-17 01:05:14,2026-06-17 01:05:14,284.0,mm,DD,284
2026-06-17 01:05:14,2026-06-17 01:05:14,284.0,mm,DD,284
2026-06-17 01:05:12,2026-06-17 01:05:13,284.0,mm,DD,284
2026-06-17 01:05:12,2026-06-17 01:05:13,284.0,mm,A,284
2026-06-16 23:34:40,2026-06-16 23:34:40,127.0,mm,ND,127
2026-06-16 22:05:19,2026-06-16 22:05:19,284.0,mm,A,284
2026-06-16 22:05:12,2026-06-16 22:05:12,284.0,mm,DD,284
2026-06-16 22:05:12,2026-06-16 22:05:12,284.0,mm,DD,284
2026-06-16 22:05:12,2026-06-16 22:05:12,284.0,mm,DD,284
2026-06-16 22:05:12,2026-06-16 22:05:12,284.0,mm,A,284
2026-06-16 22:05:11,2026-06-16 22:05:12,284.0,mm,DD,284
2026-06-16 22:05:11,2026-06-16 22:05:12,284.0,mm,DD,284
2026-06-16 19:05:18,2026-06-16 19:05:18,284.0,mm,A,284
2026-06-16 19:05:12,2026-06-16 19:05:12,284.0,mm,DD,284
2026-06-16 19:05:12,2026-06-16 19:05:12,284.0,mm,DD,284
2026-06-16 19:05:12,2026-06-16 19:05:12,284.0,mm,DD,284
2026-06-16 19:05:12,2026-06-16 19:05:12,284.0,mm,A,284
2026-06-16 19:05:11,2026-06-16 19:05:12,284.0,mm,DD,284
2026-06-16 19:05:11,2026-06-16 19:05:12,284.0,mm,DD,284
2026-06-16 19:05:11,2026-06-16 19:05:12,284.0,mm,DD,284
2026-06-16 16:05:17,2026-06-16 16:05:17,284.0,mm,A,284
2026-06-16 16:05:11,2026-06-16 16:05:11,284.0,mm,DD,284
2026-06-16 16:05:11,2026-06-16 16:05:11,284.0,mm,DD,284
2026-06-16 16:05:11,2026-06-16 16:05:11,284.0,mm,DD,284
2026-06-16 16:05:11,2026-06-16 16:05:11,284.0,mm,A,284
2026-06-16 16:05:09,2026-06-16 16:05:11,284.0,mm,DD,284
2026-06-16 16:05:09,2026-06-16 16:05:11,284.0,mm,DD,284
2026-06-16 16:05:09,2026-06-16 16:05:11,284.0,mm,DD,284
2026-06-16 13:05:10,2026-06-16 13:05:10,284.0,mm,DD,284
2026-06-16 13:05:10,2026-06-16 13:05:10,284.0,mm,DD,284
2026-06-16 13:05:10,2026-06-16 13:05:10,284.0,mm,DD,284
2026-06-16 13:05:10,2026-06-16 13:05:10,284.0,mm,A,284
2026-06-16 13:05:09,2026-06-16 13:05:10,284.0,mm,DD,284
2026-06-16 13:05:09,2026-06-16 13:05:10,284.0,mm,DD,284
2026-06-16 10:05:16,2026-06-16 10:05:16,284.0,mm,A,284
2026-06-16 10:05:09,2026-06-16 10:05:09,284.0,mm,DD,284
2026-06-16 10:05:09,2026-06-16 10:05:09,284.0,mm,DD,284
2026-06-16 10:05:09,2026-06-16 10:05:09,284.0,mm,DD,284
2026-06-16 10:05:09,2026-06-16 10:05:09,284.0,mm,A,284
2026-06-16 10:05:08,2026-06-16 10:05:09,284.0,mm,DD,284
2026-06-16 10:05:08,2026-06-16 10:05:09,284.0,mm,DD,284
2026-06-16 07:05:15,2026-06-16 07:05:15,284.0,mm,A,284
2026-06-16 07:05:09,2026-06-16 07:05:09,284.0,mm,DD,284
2026-06-16 07:05:09,2026-06-16 07:05:09,284.0,mm,A,284
2026-06-16 07:05:08,2026-06-16 07:05:09,284.0,mm,DD,284
2026-06-16 07:05:08,2026-06-16 07:05:09,284.0,mm,DD,284
2026-06-16 07:05:07,2026-06-16 07:05:09,284.0,mm,DD,284
2026-06-16 07:05:07,2026-06-16 07:05:09,284.0,mm,DD,284
2026-06-16 04:05:14,2026-06-16 04:05:14,284.0,mm,A,284
2026-06-16 04:05:08,2026-06-16 04:05:08,284.0,mm,DD,284
2026-06-16 04:05:08,2026-06-16 04:05:08,284.0,mm,DD,284
2026-06-16 04:05:08,2026-06-16 04:05:08,284.0,mm,DD,284
2026-06-16 04:05:08,2026-06-16 04:05:08,284.0,mm,A,284
2026-06-16 04:05:07,2026-06-16 04:05:08,284.0,mm,DD,284
2026-06-16 04:05:07,2026-06-16 04:05:08,284.0,mm,DD,284
2026-06-16 01:41:20,2026-06-16 01:41:20,128.0,mm,ND,128
2026-06-16 01:05:14,2026-06-16 01:05:14,284.0,mm,DD,284
2026-06-16 01:05:13,2026-06-16 01:05:13,284.0,mm,DD,284
2026-06-16 01:05:08,2026-06-16 01:05:08,284.0,mm,DD,284
2026-06-16 01:05:08,2026-06-16 01:05:08,284.0,mm,DD,284
2026-06-16 01:05:08,2026-06-16 01:05:08,284.0,mm,DD,284
2026-06-16 01:05:08,2026-06-16 01:05:08,284.0,mm,DD,284
2026-06-16 01:05:08,2026-06-16 01:05:08,284.0,mm,A,284
2026-06-16 01:05:07,2026-06-16 01:05:07,1,308.0,mm,DD,1308
2026-06-16 01:05:07,2026-06-16 01:05:07,1,308.0,mm,PD,1308
2026-06-16 01:05:06,2026-06-16 01:05:07,284.0,mm,DD,284
2026-06-16 01:05:06,2026-06-16 01:05:07,284.0,mm,DD,284
2026-06-16 01:05:06,2026-06-16 01:05:07,284.0,mm,AS,284
2026-06-15 22:05:13,2026-06-15 22:05:13,284.0,mm,DD,284
2026-06-15 22:05:12,2026-06-15 22:05:12,284.0,mm,DD,284
2026-06-15 22:05:06,2026-06-15 22:05:06,284.0,mm,DD,284
2026-06-15 22:05:06,2026-06-15 22:05:06,284.0,mm,DD,284
2026-06-15 22:05:06,2026-06-15 22:05:06,284.0,mm,DD,284
2026-06-15 22:05:06,2026-06-15 22:05:06,284.0,mm,DD,284
2026-06-15 22:05:06,2026-06-15 22:05:06,284.0,mm,A,284
2026-06-15 22:05:05,2026-06-15 22:05:07,284.0,mm,DD,284
2026-06-15 22:05:05,2026-06-15 22:05:07,284.0,mm,DD,284
2026-06-15 22:05:05,2026-06-15 22:05:07,284.0,mm,DD,284
2026-06-15 19:05:12,2026-06-15 19:05:12,284.0,mm,A,284
2026-06-15 19:05:05,2026-06-15 19:05:05,284.0,mm,DD,284
2026-06-15 19:05:05,2026-06-15 19:05:05,284.0,mm,DD,284
2026-06-15 19:05:05,2026-06-15 19:05:05,284.0,mm,DD,284
2026-06-15 19:05:05,2026-06-15 19:05:05,284.0,mm,DD,284
2026-06-15 19:05:05,2026-06-15 19:05:05,284.0,mm,A,284
2026-06-15 19:05:04,2026-06-15 19:05:05,284.0,mm,DD,284
2026-06-15 19:05:04,2026-06-15 19:05:05,284.0,mm,DD,284
2026-06-15 19:05:04,2026-06-15 19:05:05,284.0,mm,DD,284
2026-06-15 19:05:04,2026-06-15 19:05:05,284.0,mm,DD,284
2026-06-15 16:05:11,2026-06-15 16:05:11,284.0,mm,A,284
2026-06-15 16:05:05,2026-06-15 16:05:05,284.0,mm,DD,284
2026-06-15 16:05:05,2026-06-15 16:05:05,284.0,mm,A,284
2026-06-15 16:05:04,2026-06-15 16:05:05,284.0,mm,DD,284
2026-06-15 16:05:04,2026-06-15 16:05:05,284.0,mm,DD,284
2026-06-15 16:05:04,2026-06-15 16:05:05,284.0,mm,DD,284
2026-06-15 16:05:04,2026-06-15 16:05:05,284.0,mm,DD,284
2026-06-15 16:05:04,2026-06-15 16:05:05,284.0,mm,A,284
2026-06-15 13:05:10,2026-06-15 13:05:10,284.0,mm,A,284
2026-06-15 13:05:04,2026-06-15 13:05:04,284.0,mm,DD,284
2026-06-15 13:05:04,2026-06-15 13:05:04,284.0,mm,DD,284
2026-06-15 13:05:04,2026-06-15 13:05:04,284.0,mm,DD,284
2026-06-15 13:05:04,2026-06-15 13:05:04,284.0,mm,A,284
2026-06-15 13:05:02,2026-06-15 13:05:04,284.0,mm,DD,284
2026-06-15 13:05:02,2026-06-15 13:05:04,284.0,mm,DD,284
2026-06-15 13:05:02,2026-06-15 13:05:04,284.0,mm,DD,284
2026-06-15 13:05:02,2026-06-15 13:05:04,284.0,mm,DD,284
2026-06-15 10:05:03,2026-06-15 10:05:03,284.0,mm,DD,284
2026-06-15 10:05:03,2026-06-15 10:05:03,284.0,mm,DD,284
2026-06-15 10:05:03,2026-06-15 10:05:03,284.0,mm,DD,284
2026-06-15 10:05:03,2026-06-15 10:05:03,284.0,mm,DD,284
2026-06-15 10:05:03,2026-06-15 10:05:03,284.0,mm,A,284
2026-06-15 10:05:02,2026-06-15 10:05:03,284.0,mm,DD,284
2026-06-15 10:05:02,2026-06-15 10:05:03,284.0,mm,DD,284
2026-06-15 10:05:02,2026-06-15 10:05:03,284.0,mm,DD,284
2026-06-15 07:05:09,2026-06-15 07:05:09,284.0,mm,A,284
2026-06-15 07:05:02,2026-06-15 07:05:03,284.0,mm,DD,284
2026-06-15 07:05:02,2026-06-15 07:05:03,284.0,mm,DD,284
2026-06-15 07:05:02,2026-06-15 07:05:03,284.0,mm,DD,284
2026-06-15 07:05:02,2026-06-15 07:05:03,284.0,mm,DD,284
2026-06-15 07:05:02,2026-06-15 07:05:03,284.0,mm,DD,284
2026-06-15 07:05:02,2026-06-15 07:05:03,284.0,mm,DD,284
2026-06-15 07:05:02,2026-06-15 07:05:03,284.0,mm,A,284
2026-06-15 04:05:08,2026-06-15 04:05:08,284.0,mm,DD,284
2026-06-15 04:05:08,2026-06-15 04:05:08,284.0,mm,A,284
2026-06-15 04:05:01,2026-06-15 04:05:02,284.0,mm,DD,284
2026-06-15 04:05:01,2026-06-15 04:05:02,284.0,mm,DD,284
2026-06-15 04:05:01,2026-06-15 04:05:02,284.0,mm,DD,284
2026-06-15 04:05:01,2026-06-15 04:05:02,284.0,mm,A,284
2026-06-15 04:05:00,2026-06-15 04:05:02,284.0,mm,DD,284
2026-06-15 04:05:00,2026-06-15 04:05:02,284.0,mm,DD,284
2026-06-15 04:05:00,2026-06-15 04:05:02,284.0,mm,DD,284
2026-06-15 04:05:00,2026-06-15 04:05:02,284.0,mm,DD,284
2026-06-15 01:05:07,2026-06-15 01:05:07,284.0,mm,A,284
2026-06-15 01:05:01,2026-06-15 01:05:01,284.0,mm,DD,284
2026-06-15 01:05:01,2026-06-15 01:05:01,284.0,mm,A,284
2026-06-15 01:05:00,2026-06-15 01:05:01,284.0,mm,DD,284
2026-06-15 01:05:00,2026-06-15 01:05:01,284.0,mm,DD,284
2026-06-15 01:05:00,2026-06-15 01:05:01,284.0,mm,DD,284
2026-06-15 01:05:00,2026-06-15 01:05:01,284.0,mm,DD,284
2026-06-15 01:04:59,2026-06-15 01:05:01,284.0,mm,DD,284
2026-06-15 01:04:59,2026-06-15 01:05:01,284.0,mm,DD,284
2026-06-15 01:04:59,2026-06-15 01:05:01,284.0,mm,DD,284
2026-06-15 01:04:59,2026-06-15 01:05:01,284.0,mm,DD,284
2026-06-14 22:05:06,2026-06-14 22:05:06,284.0,mm,A,284
2026-06-14 22:05:00,2026-06-14 22:05:00,284.0,mm,DD,284
2026-06-14 22:05:00,2026-06-14 22:05:00,284.0,mm,A,284
2026-06-14 22:04:59,2026-06-14 22:05:00,284.0,mm,DD,284
2026-06-14 22:04:59,2026-06-14 22:05:00,284.0,mm,DD,284
2026-06-14 19:05:07,2026-06-14 19:05:07,284.0,mm,DD,284
2026-06-14 19:05:05,2026-06-14 19:05:05,284.0,mm,DD,284
2026-06-14 19:05:05,2026-06-14 19:05:05,284.0,mm,DD,284
2026-06-14 19:04:59,2026-06-14 19:05:01,284.0,mm,DD,284
2026-06-14 19:04:59,2026-06-14 19:05:01,284.0,mm,DD,284
2026-06-14 19:04:59,2026-06-14 19:05:01,284.0,mm,DD,284
2026-06-14 19:04:59,2026-06-14 19:05:01,284.0,mm,DD,284
2026-06-14 19:04:59,2026-06-14 19:05:01,284.0,mm,DD,284
2026-06-14 19:04:59,2026-06-14 19:05:01,284.0,mm,A,284
2026-06-14 13:05:04,2026-06-14 13:05:04,284.0,mm,A,284
2026-06-14 13:04:57,2026-06-14 13:04:58,284.0,mm,DD,284
2026-06-14 13:04:57,2026-06-14 13:04:58,284.0,mm,DD,284
2026-06-14 13:04:57,2026-06-14 13:04:58,284.0,mm,DD,284
2026-06-14 13:04:57,2026-06-14 13:04:58,284.0,mm,A,284
2026-06-14 13:04:56,2026-06-14 13:04:58,284.0,mm,DD,284
2026-06-14 13:04:56,2026-06-14 13:04:58,284.0,mm,DD,284
2026-06-14 10:04:57,2026-06-14 10:04:57,284.0,mm,DD,284
2026-06-14 10:04:57,2026-06-14 10:04:57,284.0,mm,A,284
2026-06-14 10:04:56,2026-06-14 10:04:57,284.0,mm,DD,284
2026-06-14 10:04:56,2026-06-14 10:04:57,284.0,mm,DD,284
2026-06-14 08:12:45,2026-06-14 08:12:45,1.0,mm,DD,1
2026-06-14 08:12:45,2026-06-14 08:12:45,1.0,mm,ND,1
2026-06-14 07:05:02,2026-06-14 07:05:02,284.0,mm,A,284
2026-06-14 07:04:56,2026-06-14 07:04:56,284.0,mm,DD,284
2026-06-14 07:04:56,2026-06-14 07:04:56,284.0,mm,A,284
2026-06-14 07:04:55,2026-06-14 07:04:56,284.0,mm,DD,284
2026-06-14 07:04:55,2026-06-14 07:04:56,284.0,mm,DD,284
2026-06-14 05:48:46,2026-06-14 05:48:46,128.0,mm,DD,128
2026-06-14 05:48:46,2026-06-14 05:48:46,128.0,mm,ND,128
2026-06-14 05:48:45,2026-06-14 05:48:45,128.0,mm,DD,128
2026-06-14 05:48:45,2026-06-14 05:48:45,128.0,mm,DD,128
2026-06-14 05:48:45,2026-06-14 05:48:45,128.0,mm,ND,128
2026-06-14 05:48:44,2026-06-14 05:48:45,128.0,mm,DD,128
2026-06-14 05:48:44,2026-06-14 05:48:45,128.0,mm,DD,128
2026-06-14 04:05:07,2026-06-14 04:05:07,284.0,mm,A,284
2026-06-14 04:04:55,2026-06-14 04:04:56,284.0,mm,DD,284
2026-06-14 04:04:55,2026-06-14 04:04:56,284.0,mm,DD,284
2026-06-14 04:04:55,2026-06-14 04:04:56,284.0,mm,DD,284
2026-06-14 04:04:55,2026-06-14 04:04:56,284.0,mm,A,284
2026-06-14 01:05:00,2026-06-14 01:05:00,284.0,mm,A,284
2026-06-14 01:04:54,2026-06-14 01:04:54,284.0,mm,DD,284
2026-06-14 01:04:54,2026-06-14 01:04:54,284.0,mm,DD,284
2026-06-14 01:04:54,2026-06-14 01:04:54,284.0,mm,DD,284
2026-06-14 01:04:54,2026-06-14 01:04:54,284.0,mm,A,284
2026-06-14 01:04:52,2026-06-14 01:04:54,284.0,mm,DD,284
2026-06-14 01:04:52,2026-06-14 01:04:54,284.0,mm,DD,284
2026-06-13 19:04:53,2026-06-13 19:04:53,284.0,mm,DD,284
2026-06-13 19:04:53,2026-06-13 19:04:53,284.0,mm,DD,284
2026-06-13 19:04:52,2026-06-13 19:04:53,284.0,mm,DD,284
2026-06-13 19:04:52,2026-06-13 19:04:53,284.0,mm,A,284
2026-06-13 16:04:58,2026-06-13 16:04:58,284.0,mm,A,284
2026-06-13 16:04:52,2026-06-13 16:04:52,284.0,mm,DD,284
2026-06-13 16:04:52,2026-06-13 16:04:52,284.0,mm,A,284
2026-06-13 16:04:50,2026-06-13 16:04:52,284.0,mm,DD,284
2026-06-13 16:04:50,2026-06-13 16:04:52,284.0,mm,DD,284
2026-06-13 13:04:57,2026-06-13 13:04:57,284.0,mm,A,284
2026-06-13 13:04:51,2026-06-13 13:04:51,284.0,mm,DD,284
2026-06-13 13:04:51,2026-06-13 13:04:51,284.0,mm,A,284
2026-06-13 13:04:50,2026-06-13 13:04:51,284.0,mm,DD,284
2026-06-13 13:04:50,2026-06-13 13:04:51,284.0,mm,DD,284
2026-06-13 10:04:57,2026-06-13 10:04:57,284.0,mm,A,284
2026-06-13 10:04:50,2026-06-13 10:04:50,284.0,mm,DD,284
2026-06-13 10:04:50,2026-06-13 10:04:50,284.0,mm,DD,284
2026-06-13 10:04:50,2026-06-13 10:04:50,284.0,mm,DD,284
2026-06-13 10:04:50,2026-06-13 10:04:50,284.0,mm,A,284
2026-06-13 10:04:49,2026-06-13 10:04:50,284.0,mm,DD,284
2026-06-13 10:04:49,2026-06-13 10:04:50,284.0,mm,DD,284
2026-06-13 07:04:56,2026-06-13 07:04:56,284.0,mm,DD,284
2026-06-13 07:04:50,2026-06-13 07:04:50,284.0,mm,DD,284
2026-06-13 07:04:50,2026-06-13 07:04:50,284.0,mm,DD,284
2026-06-13 07:04:50,2026-06-13 07:04:50,284.0,mm,DD,284
2026-06-13 07:04:50,2026-06-13 07:04:50,284.0,mm,DD,284
2026-06-13 07:04:48,2026-06-13 07:04:50,284.0,mm,DD,284
2026-06-13 07:04:48,2026-06-13 07:04:50,284.0,mm,A,284
2026-06-13 04:41:04,2026-06-13 04:41:04,128.0,mm,DD,128
2026-06-13 04:40:58,2026-06-13 04:40:58,128.0,mm,DD,128
2026-06-13 04:40:58,2026-06-13 04:40:58,128.0,mm,DD,128
2026-06-13 04:40:57,2026-06-13 04:40:57,128.0,mm,DD,128
2026-06-13 04:40:57,2026-06-13 04:40:57,128.0,mm,ND,128
2026-06-13 04:40:55,2026-06-13 04:40:57,128.0,mm,DD,128
2026-06-13 04:40:55,2026-06-13 04:40:57,128.0,mm,DD,128
2026-06-13 04:04:55,2026-06-13 04:04:55,284.0,mm,DD,284
2026-06-13 04:04:55,2026-06-13 04:04:55,284.0,mm,DD,284
2026-06-13 04:04:49,2026-06-13 04:04:49,284.0,mm,DD,284
2026-06-13 04:04:49,2026-06-13 04:04:49,284.0,mm,DD,284
2026-06-13 04:04:49,2026-06-13 04:04:49,284.0,mm,DD,284
2026-06-13 04:04:49,2026-06-13 04:04:49,284.0,mm,A,284
2026-06-13 04:04:47,2026-06-13 04:04:49,284.0,mm,DD,284
2026-06-13 04:04:47,2026-06-13 04:04:49,284.0,mm,DD,284
2026-06-13 01:04:54,2026-06-13 01:04:54,284.0,mm,DD,284
2026-06-13 01:04:54,2026-06-13 01:04:54,284.0,mm,DD,284
2026-06-13 01:04:48,2026-06-13 01:04:48,284.0,mm,DD,284
2026-06-13 01:04:48,2026-06-13 01:04:48,284.0,mm,DD,284
2026-06-13 01:04:48,2026-06-13 01:04:48,284.0,mm,DD,284
2026-06-13 01:04:48,2026-06-13 01:04:48,284.0,mm,A,284
2026-06-13 01:04:47,2026-06-13 01:04:48,284.0,mm,DD,284
2026-06-13 01:04:47,2026-06-13 01:04:48,284.0,mm,DD,284
2026-06-12 22:04:54,2026-06-12 22:04:54,284.0,mm,DD,284
2026-06-12 22:04:53,2026-06-12 22:04:54,284.0,mm,DD,284
2026-06-12 22:04:53,2026-06-12 22:04:54,284.0,mm,DD,284
2026-06-12 22:04:47,2026-06-12 22:04:48,284.0,mm,DD,284
2026-06-12 22:04:47,2026-06-12 22:04:48,284.0,mm,DD,284
2026-06-12 22:04:47,2026-06-12 22:04:48,284.0,mm,DD,284
2026-06-12 22:04:47,2026-06-12 22:04:48,284.0,mm,A,284
2026-06-12 19:04:53,2026-06-12 19:04:53,284.0,mm,A,284
2026-06-12 19:04:46,2026-06-12 19:04:46,284.0,mm,DD,284
2026-06-12 19:04:46,2026-06-12 19:04:46,284.0,mm,DD,284
2026-06-12 19:04:46,2026-06-12 19:04:46,284.0,mm,DD,284
2026-06-12 19:04:46,2026-06-12 19:04:46,284.0,mm,A,284
2026-06-12 19:04:45,2026-06-12 19:04:46,284.0,mm,DD,284
2026-06-12 19:04:45,2026-06-12 19:04:46,284.0,mm,DD,284
2026-06-12 16:04:46,2026-06-12 16:04:46,284.0,mm,DD,284
2026-06-12 16:04:46,2026-06-12 16:04:46,284.0,mm,DD,284
2026-06-12 16:04:46,2026-06-12 16:04:46,284.0,mm,DD,284
2026-06-12 16:04:46,2026-06-12 16:04:46,284.0,mm,A,284
2026-06-12 16:04:45,2026-06-12 16:04:46,284.0,mm,DD,284
2026-06-12 16:04:45,2026-06-12 16:04:46,284.0,mm,DD,284
2026-06-12 13:04:51,2026-06-12 13:04:51,284.0,mm,A,284
2026-06-12 13:04:45,2026-06-12 13:04:45,284.0,mm,DD,284
2026-06-12 13:04:45,2026-06-12 13:04:45,284.0,mm,DD,284
2026-06-12 13:04:45,2026-06-12 13:04:45,284.0,mm,DD,284
2026-06-12 13:04:45,2026-06-12 13:04:45,284.0,mm,A,284
2026-06-12 13:04:44,2026-06-12 13:04:45,284.0,mm,DD,284
2026-06-12 13:04:44,2026-06-12 13:04:45,284.0,mm,DD,284
2026-06-12 10:04:50,2026-06-12 10:04:50,284.0,mm,A,284
2026-06-12 10:04:44,2026-06-12 10:04:44,284.0,mm,DD,284
2026-06-12 10:04:44,2026-06-12 10:04:44,284.0,mm,DD,284
2026-06-12 10:04:44,2026-06-12 10:04:44,284.0,mm,DD,284
2026-06-12 10:04:44,2026-06-12 10:04:44,284.0,mm,A,284
2026-06-12 10:04:43,2026-06-12 10:04:44,284.0,mm,DD,284
2026-06-12 10:04:43,2026-06-12 10:04:44,284.0,mm,DD,284
2026-06-12 07:04:50,2026-06-12 07:04:50,284.0,mm,DD,284
2026-06-12 07:04:43,2026-06-12 07:04:43,284.0,mm,DD,284
2026-06-12 07:04:43,2026-06-12 07:04:43,284.0,mm,DD,284
2026-06-12 07:04:43,2026-06-12 07:04:43,284.0,mm,DD,284
2026-06-12 07:04:43,2026-06-12 07:04:43,284.0,mm,DD,284
2026-06-12 07:04:43,2026-06-12 07:04:43,284.0,mm,DD,284
2026-06-12 07:04:43,2026-06-12 07:04:43,284.0,mm,A,284
2026-06-12 04:04:49,2026-06-12 04:04:49,284.0,mm,DD,284
2026-06-12 04:04:43,2026-06-12 04:04:43,284.0,mm,DD,284
2026-06-12 04:04:43,2026-06-12 04:04:43,284.0,mm,A,284
2026-06-12 04:04:42,2026-06-12 04:04:43,284.0,mm,DD,284
2026-06-12 04:04:42,2026-06-12 04:04:43,284.0,mm,DD,284
2026-06-12 04:04:42,2026-06-12 04:04:43,284.0,mm,DD,284
2026-06-12 04:04:42,2026-06-12 04:04:43,284.0,mm,DD,284
2026-06-12 01:40:55,2026-06-12 01:40:55,129.0,mm,DD,129
2026-06-12 01:40:55,2026-06-12 01:40:55,129.0,mm,DD,129
2026-06-12 01:40:49,2026-06-12 01:40:49,129.0,mm,DD,129
2026-06-12 01:40:49,2026-06-12 01:40:49,129.0,mm,DD,129
2026-06-12 01:40:48,2026-06-12 01:40:48,129.0,mm,DD,129
2026-06-12 01:40:48,2026-06-12 01:40:48,129.0,mm,DD,129
2026-06-12 01:40:48,2026-06-12 01:40:48,129.0,mm,ND,129
2026-06-12 01:40:47,2026-06-12 01:40:48,129.0,mm,DD,129
2026-06-12 01:40:47,2026-06-12 01:40:48,129.0,mm,DD,129
2026-06-12 01:04:48,2026-06-12 01:04:48,284.0,mm,DD,284
2026-06-12 01:04:42,2026-06-12 01:04:42,284.0,mm,DD,284
2026-06-12 01:04:42,2026-06-12 01:04:42,284.0,mm,DD,284
2026-06-12 01:04:42,2026-06-12 01:04:42,284.0,mm,DD,284
2026-06-12 01:04:42,2026-06-12 01:04:42,284.0,mm,A,284
2026-06-12 01:04:41,2026-06-12 01:04:42,284.0,mm,DD,284
2026-06-12 01:04:41,2026-06-12 01:04:42,284.0,mm,DD,284
2026-06-11 22:40:48,2026-06-11 22:40:47,129.0,mm,DD,129
2026-06-11 22:40:48,2026-06-11 22:40:47,129.0,mm,DD,129
2026-06-11 22:40:47,2026-06-11 22:40:47,129.0,mm,DD,129
2026-06-11 22:40:47,2026-06-11 22:40:47,129.0,mm,ND,129
2026-06-11 22:40:46,2026-06-11 22:40:48,129.0,mm,DD,129
2026-06-11 22:40:46,2026-06-11 22:40:48,129.0,mm,DD,129
2026-06-11 22:04:41,2026-06-11 22:04:42,284.0,mm,DD,284
2026-06-11 22:04:41,2026-06-11 22:04:42,284.0,mm,DD,284
2026-06-11 22:04:41,2026-06-11 22:04:42,284.0,mm,DD,284
2026-06-11 22:04:41,2026-06-11 22:04:42,284.0,mm,A,284
2026-06-11 19:04:46,2026-06-11 19:04:46,284.0,mm,DD,284
2026-06-11 19:04:46,2026-06-11 19:04:46,284.0,mm,DD,284
2026-06-11 19:04:45,2026-06-11 19:04:45,284.0,mm,DD,284
2026-06-11 19:04:45,2026-06-11 19:04:45,284.0,mm,DD,284
2026-06-11 19:04:41,2026-06-11 19:04:40,284.0,mm,DD,284
2026-06-11 19:04:41,2026-06-11 19:04:40,284.0,mm,A,284
2026-06-11 19:04:40,2026-06-11 19:04:40,284.0,mm,DD,284
2026-06-11 19:04:40,2026-06-11 19:04:40,284.0,mm,DD,284
2026-06-11 19:04:40,2026-06-11 19:04:40,284.0,mm,DD,284
2026-06-11 19:04:40,2026-06-11 19:04:40,284.0,mm,DD,284
2026-06-11 19:04:40,2026-06-11 19:04:40,284.0,mm,A,284
2026-06-11 17:25:01,2026-06-11 17:25:01,283.0,mm,DD,283
2026-06-11 17:24:56,2026-06-11 17:24:55,283.0,mm,DD,283
2026-06-11 17:24:56,2026-06-11 17:24:55,283.0,mm,A,283
2026-06-11 17:24:55,2026-06-11 17:24:55,283.0,mm,DD,283
2026-06-11 17:24:55,2026-06-11 17:24:55,283.0,mm,DD,283
2026-06-11 17:24:55,2026-06-11 17:24:55,283.0,mm,DD,283
2026-06-11 17:24:55,2026-06-11 17:24:55,283.0,mm,A,283
2026-06-11 16:04:45,2026-06-11 16:04:45,282.0,mm,DD,282
2026-06-11 16:04:40,2026-06-11 16:04:39,282.0,mm,DD,282
2026-06-11 16:04:40,2026-06-11 16:04:39,282.0,mm,A,282
2026-06-11 16:04:39,2026-06-11 16:04:39,282.0,mm,DD,282
2026-06-11 16:04:39,2026-06-11 16:04:39,282.0,mm,DD,282
2026-06-11 16:04:39,2026-06-11 16:04:39,282.0,mm,DD,282
2026-06-11 16:04:39,2026-06-11 16:04:39,282.0,mm,DD,282
2026-06-11 16:04:39,2026-06-11 16:04:39,282.0,mm,A,282
2026-06-11 15:56:55,2026-06-11 15:56:55,282.0,mm,DD,282
2026-06-11 15:56:49,2026-06-11 15:56:49,282.0,mm,DD,282
2026-06-11 15:56:49,2026-06-11 15:56:49,282.0,mm,DD,282
2026-06-11 15:56:49,2026-06-11 15:56:49,282.0,mm,DD,282
2026-06-11 15:56:49,2026-06-11 15:56:49,282.0,mm,A,282
2026-06-11 15:56:48,2026-06-11 15:56:49,282.0,mm,DD,282
2026-06-11 15:56:48,2026-06-11 15:56:49,282.0,mm,DD,282
2026-06-11 15:30:54,2026-06-11 15:30:54,281.0,mm,DD,281
2026-06-11 15:30:53,2026-06-11 15:30:53,281.0,mm,A,281
2026-06-11 15:30:49,2026-06-11 15:30:48,409.0,mm,DD,409
2026-06-11 15:30:49,2026-06-11 15:30:48,409.0,mm,PD,409
2026-06-11 15:30:48,2026-06-11 15:30:48,281.0,mm,DD,281
2026-06-11 15:30:48,2026-06-11 15:30:48,281.0,mm,DD,281
2026-06-11 15:30:48,2026-06-11 15:30:48,281.0,mm,DD,281
2026-06-11 15:30:48,2026-06-11 15:30:48,281.0,mm,DD,281
2026-06-11 15:30:47,2026-06-11 15:30:47,281.0,mm,DD,281
2026-06-11 15:30:47,2026-06-11 15:30:47,281.0,mm,DD,281
2026-06-11 15:30:47,2026-06-11 15:30:47,281.0,mm,DD,281
2026-06-11 15:30:47,2026-06-11 15:30:47,281.0,mm,A,281
2026-06-11 15:08:15,2026-06-11 15:08:15,280.0,mm,DD,280
2026-06-11 15:08:10,2026-06-11 15:08:09,280.0,mm,DD,280
2026-06-11 15:08:10,2026-06-11 15:08:09,280.0,mm,A,280
2026-06-11 15:08:09,2026-06-11 15:08:09,280.0,mm,DD,280
2026-06-11 15:08:09,2026-06-11 15:08:09,280.0,mm,DD,280
2026-06-11 15:08:09,2026-06-11 15:08:09,280.0,mm,DD,280
2026-06-11 15:08:09,2026-06-11 15:08:09,280.0,mm,DD,280
2026-06-11 15:08:09,2026-06-11 15:08:09,280.0,mm,A,280
2026-06-11 14:33:25,2026-06-11 14:33:25,279.0,mm,DD,279
2026-06-11 14:33:20,2026-06-11 14:33:19,279.0,mm,DD,279
2026-06-11 14:33:20,2026-06-11 14:33:19,279.0,mm,A,279
2026-06-11 14:33:19,2026-06-11 14:33:19,279.0,mm,DD,279
2026-06-11 14:33:19,2026-06-11 14:33:19,279.0,mm,DD,279
2026-06-11 14:33:19,2026-06-11 14:33:19,279.0,mm,DD,279
2026-06-11 14:33:19,2026-06-11 14:33:19,279.0,mm,A,279
2026-06-11 14:19:59,2026-06-11 14:19:59,278.0,mm,DD,278
2026-06-11 14:19:58,2026-06-11 14:19:58,278.0,mm,DD,278
2026-06-11 14:19:58,2026-06-11 14:19:58,278.0,mm,DD,278
2026-06-11 14:19:58,2026-06-11 14:19:58,278.0,mm,DD,278
2026-06-11 14:19:54,2026-06-11 14:19:53,278.0,mm,DD,278
2026-06-11 14:19:54,2026-06-11 14:19:53,278.0,mm,A,278
2026-06-11 14:19:53,2026-06-11 14:19:53,278.0,mm,DD,278
2026-06-11 14:19:53,2026-06-11 14:19:53,278.0,mm,DD,278
2026-06-11 14:03:14,2026-06-11 14:03:14,277.0,mm,DD,277
2026-06-11 14:03:08,2026-06-11 14:03:08,277.0,mm,DD,277
2026-06-11 14:03:03,2026-06-11 14:03:03,277.0,mm,DD,277
2026-06-11 14:03:03,2026-06-11 14:03:03,277.0,mm,DD,277
2026-06-11 14:03:03,2026-06-11 14:03:03,277.0,mm,DD,277
2026-06-11 14:03:03,2026-06-11 14:03:03,277.0,mm,DD,277
2026-06-11 14:03:03,2026-06-11 14:03:03,277.0,mm,A,277
2026-06-11 14:03:02,2026-06-11 14:03:03,277.0,mm,DD,277
2026-06-11 14:03:02,2026-06-11 14:03:03,277.0,mm,DD,277
2026-06-11 14:03:02,2026-06-11 14:03:03,277.0,mm,DD,277
2026-06-11 13:04:45,2026-06-11 13:04:45,276.0,mm,DD,276
2026-06-11 13:04:39,2026-06-11 13:04:39,276.0,mm,DD,276
2026-06-11 13:04:39,2026-06-11 13:04:39,276.0,mm,DD,276
2026-06-11 13:04:39,2026-06-11 13:04:39,276.0,mm,A,276
2026-06-11 13:04:38,2026-06-11 13:04:39,276.0,mm,DD,276
2026-06-11 13:04:38,2026-06-11 13:04:39,276.0,mm,DD,276
2026-06-11 13:04:38,2026-06-11 13:04:39,276.0,mm,DD,276
2026-06-11 13:04:38,2026-06-11 13:04:39,276.0,mm,A,276
2026-06-11 11:48:44,2026-06-11 11:48:44,133.0,mm,ND,133
2026-06-11 10:04:45,2026-06-11 10:04:45,275.0,mm,DD,275
2026-06-11 10:04:38,2026-06-11 10:04:39,275.0,mm,DD,275
2026-06-11 10:04:38,2026-06-11 10:04:39,275.0,mm,DD,275
2026-06-11 10:04:38,2026-06-11 10:04:39,275.0,mm,DD,275
2026-06-11 10:04:38,2026-06-11 10:04:39,275.0,mm,A,275
2026-06-11 07:04:43,2026-06-11 07:04:43,275.0,mm,DD,275
2026-06-11 07:04:37,2026-06-11 07:04:37,275.0,mm,DD,275
2026-06-11 07:04:37,2026-06-11 07:04:37,275.0,mm,DD,275
2026-06-11 07:04:37,2026-06-11 07:04:37,275.0,mm,DD,275
2026-06-11 07:04:37,2026-06-11 07:04:37,275.0,mm,A,275
2026-06-11 07:04:36,2026-06-11 07:04:37,275.0,mm,DD,275
2026-06-11 07:04:36,2026-06-11 07:04:37,275.0,mm,DD,275
2026-06-11 04:04:42,2026-06-11 04:04:42,275.0,mm,DD,275
2026-06-11 04:04:36,2026-06-11 04:04:37,275.0,mm,DD,275
2026-06-11 04:04:36,2026-06-11 04:04:37,275.0,mm,DD,275
2026-06-11 04:04:36,2026-06-11 04:04:37,275.0,mm,DD,275
2026-06-11 04:04:36,2026-06-11 04:04:37,275.0,mm,DD,275
2026-06-11 04:04:36,2026-06-11 04:04:37,275.0,mm,DD,275
2026-06-11 04:04:36,2026-06-11 04:04:37,275.0,mm,A,275
2026-06-11 01:04:42,2026-06-11 01:04:42,275.0,mm,DD,275
2026-06-11 01:04:35,2026-06-11 01:04:35,275.0,mm,DD,275
2026-06-11 01:04:35,2026-06-11 01:04:35,275.0,mm,DD,275
2026-06-11 01:04:35,2026-06-11 01:04:35,275.0,mm,DD,275
2026-06-11 01:04:35,2026-06-11 01:04:35,275.0,mm,A,275
2026-06-10 22:04:41,2026-06-10 22:04:41,275.0,mm,DD,275
2026-06-10 22:04:41,2026-06-10 22:04:41,275.0,mm,DD,275
2026-06-10 22:04:35,2026-06-10 22:04:35,275.0,mm,DD,275
2026-06-10 22:04:35,2026-06-10 22:04:35,275.0,mm,DD,275
2026-06-10 22:04:35,2026-06-10 22:04:35,275.0,mm,DD,275
2026-06-10 22:04:35,2026-06-10 22:04:35,275.0,mm,A,275
2026-06-10 22:04:34,2026-06-10 22:04:35,275.0,mm,DD,275
2026-06-10 22:04:34,2026-06-10 22:04:35,275.0,mm,DD,275
2026-06-10 19:04:46,2026-06-10 19:04:46,275.0,mm,A,275
2026-06-10 19:04:34,2026-06-10 19:04:35,275.0,mm,DD,275
2026-06-10 19:04:34,2026-06-10 19:04:35,275.0,mm,DD,275
2026-06-10 19:04:34,2026-06-10 19:04:35,275.0,mm,DD,275
2026-06-10 19:04:34,2026-06-10 19:04:35,275.0,mm,A,275
2026-06-10 18:12:21,2026-06-10 18:12:21,454.0,mm,DD,454
2026-06-10 18:12:15,2026-06-10 18:12:15,454.0,mm,DD,454
2026-06-10 18:12:15,2026-06-10 18:12:15,454.0,mm,DD,454
2026-06-10 18:12:15,2026-06-10 18:12:15,454.0,mm,DD,454
2026-06-10 18:12:15,2026-06-10 18:12:15,454.0,mm,DD,454
2026-06-10 18:12:15,2026-06-10 18:12:15,454.0,mm,DD,454
2026-06-10 18:12:15,2026-06-10 18:12:15,454.0,mm,PD,454
2026-06-10 16:04:39,2026-06-10 16:04:39,275.0,mm,DD,275
2026-06-10 16:04:33,2026-06-10 16:04:33,275.0,mm,DD,275
2026-06-10 16:04:33,2026-06-10 16:04:33,275.0,mm,DD,275
2026-06-10 16:04:33,2026-06-10 16:04:33,275.0,mm,DD,275
2026-06-10 16:04:33,2026-06-10 16:04:33,275.0,mm,A,275
2026-06-10 15:42:20,2026-06-10 15:42:20,1,477.0,mm,PD,1477
2026-06-10 13:04:39,2026-06-10 13:04:39,275.0,mm,DD,275
2026-06-10 13:04:32,2026-06-10 13:04:32,275.0,mm,DD,275
2026-06-10 13:04:32,2026-06-10 13:04:32,275.0,mm,A,275
2026-06-10 10:04:38,2026-06-10 10:04:38,275.0,mm,DD,275
2026-06-10 10:04:31,2026-06-10 10:04:32,275.0,mm,DD,275
2026-06-10 10:04:31,2026-06-10 10:04:32,275.0,mm,DD,275
2026-06-10 10:04:31,2026-06-10 10:04:32,275.0,mm,DD,275
2026-06-10 10:04:31,2026-06-10 10:04:32,275.0,mm,A,275
2026-06-10 07:04:38,2026-06-10 07:04:38,275.0,mm,DD,275
2026-06-10 07:04:31,2026-06-10 07:04:32,275.0,mm,DD,275
2026-06-10 07:04:31,2026-06-10 07:04:32,275.0,mm,DD,275
2026-06-10 07:04:31,2026-06-10 07:04:32,275.0,mm,DD,275
2026-06-10 07:04:31,2026-06-10 07:04:32,275.0,mm,A,275
2026-06-10 04:04:36,2026-06-10 04:04:36,1,875.0,mm,PD,1875
2026-06-10 04:04:30,2026-06-10 04:04:30,275.0,mm,DD,275
2026-06-10 04:04:30,2026-06-10 04:04:30,275.0,mm,DD,275
2026-06-10 04:04:30,2026-06-10 04:04:30,275.0,mm,DD,275
2026-06-10 04:04:30,2026-06-10 04:04:30,275.0,mm,A,275
2026-06-10 01:04:35,2026-06-10 01:04:35,275.0,mm,DD,275
2026-06-10 01:04:29,2026-06-10 01:04:29,275.0,mm,DD,275
2026-06-10 01:04:29,2026-06-10 01:04:29,275.0,mm,DD,275
2026-06-10 01:04:29,2026-06-10 01:04:29,275.0,mm,DD,275
2026-06-10 01:04:29,2026-06-10 01:04:29,275.0,mm,A,275
2026-06-09 22:04:35,2026-06-09 22:04:35,275.0,mm,DD,275
2026-06-09 22:04:28,2026-06-09 22:04:28,275.0,mm,DD,275
2026-06-09 22:04:28,2026-06-09 22:04:28,275.0,mm,DD,275
2026-06-09 22:04:28,2026-06-09 22:04:28,275.0,mm,DD,275
2026-06-09 22:04:28,2026-06-09 22:04:28,275.0,mm,A,275
2026-06-09 19:04:34,2026-06-09 19:04:34,275.0,mm,DD,275
2026-06-09 19:04:28,2026-06-09 19:04:28,275.0,mm,DD,275
2026-06-09 19:04:28,2026-06-09 19:04:28,275.0,mm,DD,275
2026-06-09 19:04:27,2026-06-09 19:04:28,275.0,mm,DD,275
2026-06-09 19:04:27,2026-06-09 19:04:28,275.0,mm,A,275
2026-06-09 16:04:33,2026-06-09 16:04:33,275.0,mm,DD,275
2026-06-09 16:04:27,2026-06-09 16:04:27,275.0,mm,DD,275
2026-06-09 16:04:27,2026-06-09 16:04:27,275.0,mm,DD,275
2026-06-09 16:04:27,2026-06-09 16:04:27,275.0,mm,DD,275
2026-06-09 16:04:27,2026-06-09 16:04:27,275.0,mm,A,275
2026-06-09 13:04:32,2026-06-09 13:04:32,275.0,mm,DD,275
2026-06-09 13:04:26,2026-06-09 13:04:26,275.0,mm,DD,275
2026-06-09 13:04:26,2026-06-09 13:04:26,275.0,mm,DD,275
2026-06-09 13:04:26,2026-06-09 13:04:26,275.0,mm,DD,275
2026-06-09 13:04:26,2026-06-09 13:04:26,275.0,mm,A,275
2026-06-09 10:04:31,2026-06-09 10:04:31,275.0,mm,DD,275
2026-06-09 10:04:25,2026-06-09 10:04:25,275.0,mm,DD,275
2026-06-09 10:04:25,2026-06-09 10:04:25,275.0,mm,DD,275
2026-06-09 10:04:25,2026-06-09 10:04:25,275.0,mm,DD,275
2026-06-09 10:04:25,2026-06-09 10:04:25,275.0,mm,A,275
2026-06-09 09:16:57,2026-06-09 09:16:57,49.0,mm,DD,49
2026-06-09 09:16:51,2026-06-09 09:16:51,49.0,mm,DD,49
2026-06-09 09:16:51,2026-06-09 09:16:51,49.0,mm,DD,49
2026-06-09 09:16:51,2026-06-09 09:16:51,49.0,mm,DD,49
2026-06-09 09:16:51,2026-06-09 09:16:51,49.0,mm,ND,49
2026-06-09 07:04:31,2026-06-09 07:04:31,275.0,mm,DD,275
2026-06-09 07:04:24,2026-06-09 07:04:25,275.0,mm,DD,275
2026-06-09 07:04:24,2026-06-09 07:04:25,275.0,mm,DD,275
2026-06-09 07:04:24,2026-06-09 07:04:25,275.0,mm,DD,275
2026-06-09 07:04:24,2026-06-09 07:04:25,275.0,mm,A,275
2026-06-09 04:04:30,2026-06-09 04:04:30,275.0,mm,DD,275
2026-06-09 04:04:24,2026-06-09 04:04:24,275.0,mm,DD,275
2026-06-09 04:04:24,2026-06-09 04:04:24,275.0,mm,DD,275
2026-06-09 04:04:24,2026-06-09 04:04:24,275.0,mm,DD,275
2026-06-09 04:04:24,2026-06-09 04:04:24,275.0,mm,A,275
2026-06-09 01:04:29,2026-06-09 01:04:29,275.0,mm,DD,275
2026-06-09 01:04:23,2026-06-09 01:04:23,275.0,mm,DD,275
2026-06-09 01:04:23,2026-06-09 01:04:23,275.0,mm,DD,275
2026-06-09 01:04:23,2026-06-09 01:04:23,275.0,mm,DD,275
2026-06-09 01:04:23,2026-06-09 01:04:23,275.0,mm,A,275
2026-06-08 22:04:28,2026-06-08 22:04:28,275.0,mm,DD,275
2026-06-08 22:04:22,2026-06-08 22:04:22,275.0,mm,DD,275
2026-06-08 22:04:22,2026-06-08 22:04:22,275.0,mm,DD,275
2026-06-08 22:04:22,2026-06-08 22:04:22,275.0,mm,DD,275
2026-06-08 22:04:22,2026-06-08 22:04:22,275.0,mm,A,275
2026-06-08 19:04:27,2026-06-08 19:04:27,275.0,mm,DD,275
2026-06-08 19:04:21,2026-06-08 19:04:21,275.0,mm,DD,275
2026-06-08 19:04:21,2026-06-08 19:04:21,275.0,mm,DD,275
2026-06-08 19:04:21,2026-06-08 19:04:21,275.0,mm,DD,275
2026-06-08 19:04:21,2026-06-08 19:04:21,275.0,mm,A,275
2026-06-08 16:04:27,2026-06-08 16:04:27,275.0,mm,DD,275
2026-06-08 16:04:20,2026-06-08 16:04:21,275.0,mm,DD,275
2026-06-08 16:04:20,2026-06-08 16:04:21,275.0,mm,DD,275
2026-06-08 16:04:20,2026-06-08 16:04:21,275.0,mm,DD,275
2026-06-08 16:04:20,2026-06-08 16:04:21,275.0,mm,A,275
2026-06-08 13:04:26,2026-06-08 13:04:26,275.0,mm,DD,275
2026-06-08 13:04:20,2026-06-08 13:04:20,275.0,mm,DD,275
2026-06-08 13:04:20,2026-06-08 13:04:20,275.0,mm,DD,275
2026-06-08 13:04:20,2026-06-08 13:04:20,275.0,mm,DD,275
2026-06-08 13:04:20,2026-06-08 13:04:20,275.0,mm,A,275
2026-06-08 10:04:25,2026-06-08 10:04:25,275.0,mm,DD,275
2026-06-08 10:04:19,2026-06-08 10:04:19,275.0,mm,DD,275
2026-06-08 10:04:19,2026-06-08 10:04:19,275.0,mm,DD,275
2026-06-08 10:04:19,2026-06-08 10:04:19,275.0,mm,DD,275
2026-06-08 10:04:19,2026-06-08 10:04:19,275.0,mm,AN,275
2026-06-08 07:04:24,2026-06-08 07:04:24,275.0,mm,DD,275
2026-06-08 07:04:18,2026-06-08 07:04:18,275.0,mm,DD,275
2026-06-08 07:04:18,2026-06-08 07:04:18,275.0,mm,DD,275
2026-06-08 07:04:18,2026-06-08 07:04:18,275.0,mm,DD,275
2026-06-08 07:04:18,2026-06-08 07:04:18,275.0,mm,PD,275
2026-06-08 04:40:24,2026-06-08 04:40:24,128.0,mm,AN,128
2026-06-08 04:40:17,2026-06-08 04:40:17,128.0,mm,DD,128
2026-06-08 04:40:17,2026-06-08 04:40:17,128.0,mm,DD,128
2026-06-08 04:40:17,2026-06-08 04:40:17,128.0,mm,DD,128
2026-06-08 04:40:17,2026-06-08 04:40:17,128.0,mm,ND,128
2026-06-08 04:04:24,2026-06-08 04:04:24,275.0,mm,DD,275
2026-06-08 04:04:24,2026-06-08 04:04:24,275.0,mm,DD,275
2026-06-08 04:04:17,2026-06-08 04:04:17,275.0,mm,DD,275
2026-06-08 04:04:17,2026-06-08 04:04:17,275.0,mm,DD,275
2026-06-08 04:04:17,2026-06-08 04:04:17,275.0,mm,DD,275
2026-06-08 04:04:17,2026-06-08 04:04:17,275.0,mm,A,275
2026-06-08 01:04:23,2026-06-08 01:04:23,275.0,mm,DD,275
2026-06-08 01:04:23,2026-06-08 01:04:23,275.0,mm,DD,275
2026-06-08 01:04:16,2026-06-08 01:04:17,275.0,mm,DD,275
2026-06-08 01:04:16,2026-06-08 01:04:17,275.0,mm,DD,275
2026-06-08 01:04:16,2026-06-08 01:04:17,275.0,mm,DD,275
2026-06-08 01:04:16,2026-06-08 01:04:17,275.0,mm,A,275
2026-06-08 01:01:53,2026-06-08 01:01:53,1,484.0,mm,PD,1484
2026-06-07 22:04:26,2026-06-07 22:04:26,1,602.0,mm,PD,1602
2026-06-07 22:04:22,2026-06-07 22:04:22,275.0,mm,A,275
2026-06-07 22:04:20,2026-06-07 22:04:21,1,602.0,mm,DD,1602
2026-06-07 22:04:20,2026-06-07 22:04:21,1,602.0,mm,DD,1602
2026-06-07 22:04:20,2026-06-07 22:04:21,1,602.0,mm,DD,1602
2026-06-07 22:04:20,2026-06-07 22:04:21,1,602.0,mm,PD,1602
2026-06-07 22:04:16,2026-06-07 22:04:16,275.0,mm,DD,275
2026-06-07 22:04:16,2026-06-07 22:04:16,275.0,mm,DD,275
2026-06-07 22:04:16,2026-06-07 22:04:16,275.0,mm,DD,275
2026-06-07 22:04:16,2026-06-07 22:04:16,275.0,mm,A,275
2026-06-07 19:04:21,2026-06-07 19:04:21,275.0,mm,DD,275
2026-06-07 19:04:15,2026-06-07 19:04:15,275.0,mm,DD,275
2026-06-07 19:04:15,2026-06-07 19:04:15,275.0,mm,DD,275
2026-06-07 19:04:15,2026-06-07 19:04:15,275.0,mm,DD,275
2026-06-07 19:04:15,2026-06-07 19:04:15,275.0,mm,A,275
2026-06-07 16:04:20,2026-06-07 16:04:20,275.0,mm,DD,275
2026-06-07 16:04:14,2026-06-07 16:04:14,275.0,mm,DD,275
2026-06-07 16:04:14,2026-06-07 16:04:14,275.0,mm,DD,275
2026-06-07 16:04:14,2026-06-07 16:04:14,275.0,mm,DD,275
2026-06-07 16:04:14,2026-06-07 16:04:14,275.0,mm,A,275
2026-06-07 13:40:18,2026-06-07 13:40:18,139.0,mm,DD,139
2026-06-07 13:40:11,2026-06-07 13:40:12,139.0,mm,DD,139
2026-06-07 13:40:11,2026-06-07 13:40:12,139.0,mm,DD,139
2026-06-07 13:40:11,2026-06-07 13:40:12,139.0,mm,DD,139
2026-06-07 13:40:11,2026-06-07 13:40:12,139.0,mm,DD,139
2026-06-07 13:40:11,2026-06-07 13:40:12,139.0,mm,ND,139
2026-06-07 13:04:20,2026-06-07 13:04:20,275.0,mm,DD,275
2026-06-07 13:04:13,2026-06-07 13:04:13,275.0,mm,DD,275
2026-06-07 13:04:13,2026-06-07 13:04:13,275.0,mm,DD,275
2026-06-07 13:04:13,2026-06-07 13:04:13,275.0,mm,DD,275
2026-06-07 13:04:13,2026-06-07 13:04:13,275.0,mm,A,275
2026-06-07 10:04:19,2026-06-07 10:04:19,275.0,mm,DD,275
2026-06-07 10:04:12,2026-06-07 10:04:13,275.0,mm,DD,275
2026-06-07 10:04:12,2026-06-07 10:04:13,275.0,mm,DD,275
2026-06-07 10:04:12,2026-06-07 10:04:13,275.0,mm,DD,275
2026-06-07 10:04:12,2026-06-07 10:04:13,275.0,mm,A,275
2026-06-07 07:04:18,2026-06-07 07:04:18,275.0,mm,DD,275
2026-06-07 07:04:12,2026-06-07 07:04:12,275.0,mm,DD,275
2026-06-07 07:04:12,2026-06-07 07:04:12,275.0,mm,DD,275
2026-06-07 07:04:12,2026-06-07 07:04:12,275.0,mm,DD,275
2026-06-07 07:04:12,2026-06-07 07:04:12,275.0,mm,A,275
2026-06-07 04:04:17,2026-06-07 04:04:17,275.0,mm,DD,275
2026-06-07 04:04:11,2026-06-07 04:04:11,275.0,mm,DD,275
2026-06-07 04:04:11,2026-06-07 04:04:11,275.0,mm,DD,275
2026-06-07 04:04:11,2026-06-07 04:04:11,275.0,mm,DD,275
2026-06-07 04:04:11,2026-06-07 04:04:11,275.0,mm,DD,275
2026-06-07 04:04:11,2026-06-07 04:04:11,275.0,mm,A,275
2026-06-07 01:04:16,2026-06-07 01:04:16,275.0,mm,DD,275
2026-06-07 01:04:10,2026-06-07 01:04:10,275.0,mm,DD,275
2026-06-07 01:04:10,2026-06-07 01:04:10,275.0,mm,DD,275
2026-06-07 01:04:10,2026-06-07 01:04:10,275.0,mm,DD,275
2026-06-07 01:04:10,2026-06-07 01:04:10,275.0,mm,DD,275
2026-06-07 01:04:10,2026-06-07 01:04:10,275.0,mm,DD,275
2026-06-07 01:04:10,2026-06-07 01:04:10,275.0,mm,A,275
2026-06-06 22:04:16,2026-06-06 22:04:16,275.0,mm,DD,275
2026-06-06 22:04:14,2026-06-06 22:04:15,275.0,mm,DD,275
2026-06-06 22:04:14,2026-06-06 22:04:15,275.0,mm,DD,275
2026-06-06 22:04:10,2026-06-06 22:04:10,275.0,mm,DD,275
2026-06-06 22:04:10,2026-06-06 22:04:10,275.0,mm,DD,275
2026-06-06 22:04:10,2026-06-06 22:04:10,275.0,mm,A,275
2026-06-06 19:04:14,2026-06-06 19:04:14,275.0,mm,DD,275
2026-06-06 19:04:08,2026-06-06 19:04:08,275.0,mm,DD,275
2026-06-06 19:04:08,2026-06-06 19:04:08,275.0,mm,DD,275
2026-06-06 19:04:08,2026-06-06 19:04:08,275.0,mm,DD,275
2026-06-06 19:04:08,2026-06-06 19:04:08,275.0,mm,A,275
2026-06-06 16:04:14,2026-06-06 16:04:14,275.0,mm,DD,275
2026-06-06 16:04:14,2026-06-06 16:04:14,275.0,mm,DD,275
2026-06-06 16:04:07,2026-06-06 16:04:08,275.0,mm,DD,275
2026-06-06 16:04:07,2026-06-06 16:04:08,275.0,mm,DD,275
2026-06-06 16:04:07,2026-06-06 16:04:08,275.0,mm,DD,275
2026-06-06 16:04:07,2026-06-06 16:04:08,275.0,mm,DD,275
2026-06-06 16:04:07,2026-06-06 16:04:08,275.0,mm,A,275
2026-06-06 13:04:13,2026-06-06 13:04:13,275.0,mm,DD,275
2026-06-06 13:04:07,2026-06-06 13:04:07,275.0,mm,DD,275
2026-06-06 13:04:07,2026-06-06 13:04:07,275.0,mm,DD,275
2026-06-06 13:04:07,2026-06-06 13:04:07,275.0,mm,A,275
2026-06-06 10:04:12,2026-06-06 10:04:12,275.0,mm,DD,275
2026-06-06 10:04:06,2026-06-06 10:04:06,275.0,mm,DD,275
2026-06-06 10:04:06,2026-06-06 10:04:06,275.0,mm,DD,275
2026-06-06 10:04:06,2026-06-06 10:04:06,275.0,mm,A,275
2026-06-06 07:04:11,2026-06-06 07:04:11,275.0,mm,DD,275
2026-06-06 07:04:05,2026-06-06 07:04:05,275.0,mm,DD,275
2026-06-06 07:04:05,2026-06-06 07:04:05,275.0,mm,DD,275
2026-06-06 07:04:05,2026-06-06 07:04:05,275.0,mm,DD,275
2026-06-06 07:04:05,2026-06-06 07:04:05,275.0,mm,A,275
2026-06-06 04:04:11,2026-06-06 04:04:11,275.0,mm,DD,275
2026-06-06 04:04:04,2026-06-06 04:04:04,275.0,mm,DD,275
2026-06-06 04:04:04,2026-06-06 04:04:04,275.0,mm,DD,275
2026-06-06 04:04:04,2026-06-06 04:04:04,275.0,mm,DD,275
2026-06-06 04:04:04,2026-06-06 04:04:04,275.0,mm,DD,275
2026-06-06 04:04:04,2026-06-06 04:04:04,275.0,mm,DD,275
2026-06-06 04:04:04,2026-06-06 04:04:04,275.0,mm,A,275
2026-06-06 01:04:10,2026-06-06 01:04:10,275.0,mm,DD,275
2026-06-06 01:04:03,2026-06-06 01:04:04,275.0,mm,DD,275
2026-06-06 01:04:03,2026-06-06 01:04:04,275.0,mm,DD,275
2026-06-06 01:04:03,2026-06-06 01:04:04,275.0,mm,DD,275
2026-06-06 01:04:03,2026-06-06 01:04:04,275.0,mm,DD,275
2026-06-06 01:04:03,2026-06-06 01:04:04,275.0,mm,DD,275
2026-06-06 01:04:03,2026-06-06 01:04:04,275.0,mm,A,275
2026-06-05 22:04:09,2026-06-05 22:04:09,275.0,mm,DD,275
2026-06-05 22:04:03,2026-06-05 22:04:03,275.0,mm,DD,275
2026-06-05 22:04:03,2026-06-05 22:04:03,275.0,mm,DD,275
2026-06-05 22:04:03,2026-06-05 22:04:03,275.0,mm,DD,275
2026-06-05 22:04:03,2026-06-05 22:04:03,275.0,mm,DD,275
2026-06-05 22:04:03,2026-06-05 22:04:03,275.0,mm,DD,275
2026-06-05 22:04:03,2026-06-05 22:04:03,275.0,mm,A,275
2026-06-05 19:39:58,2026-06-05 19:39:58,130.0,mm,DD,130
2026-06-05 19:39:58,2026-06-05 19:39:58,130.0,mm,ND,130
2026-06-05 19:04:08,2026-06-05 19:04:08,275.0,mm,DD,275
2026-06-05 19:04:02,2026-06-05 19:04:02,275.0,mm,DD,275
2026-06-05 19:04:02,2026-06-05 19:04:02,275.0,mm,DD,275
2026-06-05 19:04:02,2026-06-05 19:04:02,275.0,mm,DD,275
2026-06-05 19:04:02,2026-06-05 19:04:02,275.0,mm,DD,275
2026-06-05 19:04:02,2026-06-05 19:04:02,275.0,mm,A,275
2026-06-05 16:04:07,2026-06-05 16:04:07,275.0,mm,DD,275
2026-06-05 16:04:01,2026-06-05 16:04:01,275.0,mm,DD,275
2026-06-05 16:04:01,2026-06-05 16:04:01,275.0,mm,DD,275
2026-06-05 16:04:01,2026-06-05 16:04:01,275.0,mm,DD,275
2026-06-05 16:04:01,2026-06-05 16:04:01,275.0,mm,A,275
2026-06-05 13:04:06,2026-06-05 13:04:06,275.0,mm,DD,275
2026-06-05 13:04:00,2026-06-05 13:04:00,275.0,mm,DD,275
2026-06-05 13:04:00,2026-06-05 13:04:00,275.0,mm,DD,275
2026-06-05 13:04:00,2026-06-05 13:04:00,275.0,mm,DD,275
2026-06-05 13:04:00,2026-06-05 13:04:00,275.0,mm,A,275
2026-06-05 10:04:06,2026-06-05 10:04:06,275.0,mm,DD,275
2026-06-05 10:03:59,2026-06-05 10:03:59,275.0,mm,DD,275
2026-06-05 10:03:59,2026-06-05 10:03:59,275.0,mm,DD,275
2026-06-05 10:03:59,2026-06-05 10:03:59,275.0,mm,DD,275
2026-06-05 10:03:59,2026-06-05 10:03:59,275.0,mm,A,275
2026-06-05 07:04:04,2026-06-05 07:04:04,275.0,mm,DD,275
2026-06-05 07:03:58,2026-06-05 07:03:58,275.0,mm,DD,275
2026-06-05 07:03:58,2026-06-05 07:03:58,275.0,mm,DD,275
2026-06-05 07:03:58,2026-06-05 07:03:58,275.0,mm,DD,275
2026-06-05 07:03:58,2026-06-05 07:03:58,275.0,mm,A,275
2026-06-05 04:04:04,2026-06-05 04:04:04,275.0,mm,DD,275
2026-06-05 04:03:58,2026-06-05 04:03:58,275.0,mm,DD,275
2026-06-05 04:03:58,2026-06-05 04:03:58,275.0,mm,DD,275
2026-06-05 04:03:58,2026-06-05 04:03:58,275.0,mm,DD,275
2026-06-05 04:03:58,2026-06-05 04:03:58,275.0,mm,A,275
2026-06-05 01:04:03,2026-06-05 01:04:03,275.0,mm,DD,275
2026-06-05 01:03:57,2026-06-05 01:03:57,275.0,mm,DD,275
2026-06-05 01:03:57,2026-06-05 01:03:57,275.0,mm,DD,275
2026-06-05 01:03:57,2026-06-05 01:03:57,275.0,mm,DD,275
2026-06-05 01:03:57,2026-06-05 01:03:57,275.0,mm,A,275
2026-06-04 22:04:02,2026-06-04 22:04:02,275.0,mm,DD,275
2026-06-04 22:03:56,2026-06-04 22:03:56,275.0,mm,DD,275
2026-06-04 22:03:56,2026-06-04 22:03:56,275.0,mm,DD,275
2026-06-04 22:03:56,2026-06-04 22:03:56,275.0,mm,DD,275
2026-06-04 22:03:56,2026-06-04 22:03:56,275.0,mm,A,275
2026-06-04 19:04:01,2026-06-04 19:04:01,275.0,mm,DD,275
2026-06-04 19:03:55,2026-06-04 19:03:55,275.0,mm,DD,275
2026-06-04 19:03:55,2026-06-04 19:03:55,275.0,mm,DD,275
2026-06-04 19:03:55,2026-06-04 19:03:55,275.0,mm,DD,275
2026-06-04 19:03:55,2026-06-04 19:03:55,275.0,mm,A,275
2026-06-04 16:04:01,2026-06-04 16:04:01,275.0,mm,DD,275
2026-06-04 16:03:54,2026-06-04 16:03:55,275.0,mm,DD,275
2026-06-04 16:03:54,2026-06-04 16:03:55,275.0,mm,DD,275
2026-06-04 16:03:54,2026-06-04 16:03:55,275.0,mm,DD,275
2026-06-04 16:03:54,2026-06-04 16:03:55,275.0,mm,A,275
2026-06-04 13:04:00,2026-06-04 13:04:00,275.0,mm,DD,275
2026-06-04 13:03:54,2026-06-04 13:03:54,275.0,mm,DD,275
2026-06-04 13:03:54,2026-06-04 13:03:54,275.0,mm,DD,275
2026-06-04 13:03:53,2026-06-04 13:03:54,275.0,mm,DD,275
2026-06-04 13:03:53,2026-06-04 13:03:54,275.0,mm,A,275
2026-06-04 10:03:59,2026-06-04 10:03:59,275.0,mm,DD,275
2026-06-04 10:03:53,2026-06-04 10:03:53,275.0,mm,DD,275
2026-06-04 10:03:53,2026-06-04 10:03:53,275.0,mm,DD,275
2026-06-04 10:03:53,2026-06-04 10:03:53,275.0,mm,DD,275
2026-06-04 10:03:53,2026-06-04 10:03:53,275.0,mm,A,275
2026-06-04 08:11:38,2026-06-04 08:11:38,0.0,mm,DD,0
2026-06-04 08:11:32,2026-06-04 08:11:33,0.0,mm,DD,0
2026-06-04 08:11:32,2026-06-04 08:11:33,0.0,mm,DD,0
2026-06-04 08:11:32,2026-06-04 08:11:33,0.0,mm,ND,0
2026-06-04 07:03:58,2026-06-04 07:03:58,275.0,mm,DD,275
2026-06-04 07:03:52,2026-06-04 07:03:52,275.0,mm,DD,275
2026-06-04 07:03:52,2026-06-04 07:03:52,275.0,mm,DD,275
2026-06-04 07:03:52,2026-06-04 07:03:52,275.0,mm,DD,275
2026-06-04 07:03:52,2026-06-04 07:03:52,275.0,mm,A,275
2026-06-04 04:03:58,2026-06-04 04:03:58,275.0,mm,DD,275
2026-06-04 04:03:57,2026-06-04 04:03:57,275.0,mm,DD,275
2026-06-04 04:03:57,2026-06-04 04:03:57,275.0,mm,DD,275
2026-06-04 04:03:51,2026-06-04 04:03:51,275.0,mm,DD,275
2026-06-04 04:03:51,2026-06-04 04:03:51,275.0,mm,DD,275
2026-06-04 04:03:51,2026-06-04 04:03:51,275.0,mm,DD,275
2026-06-04 04:03:51,2026-06-04 04:03:51,275.0,mm,A,275
2026-06-04 01:03:57,2026-06-04 01:03:57,275.0,mm,DD,275
2026-06-04 01:03:56,2026-06-04 01:03:56,275.0,mm,DD,275
2026-06-04 01:03:56,2026-06-04 01:03:56,275.0,mm,DD,275
2026-06-04 01:03:55,2026-06-04 01:03:55,275.0,mm,DD,275
2026-06-04 01:03:55,2026-06-04 01:03:55,275.0,mm,DD,275
2026-06-04 01:03:50,2026-06-04 01:03:50,275.0,mm,DD,275
2026-06-04 01:03:50,2026-06-04 01:03:50,275.0,mm,A,275
2026-06-03 23:35:12,2026-06-03 23:35:12,128.0,mm,DD,128
2026-06-03 23:35:07,2026-06-03 23:35:07,128.0,mm,DD,128
2026-06-03 23:35:06,2026-06-03 23:35:07,128.0,mm,DD,128
2026-06-03 23:35:06,2026-06-03 23:35:07,128.0,mm,DD,128
2026-06-03 23:35:06,2026-06-03 23:35:07,128.0,mm,DD,128
2026-06-03 23:35:06,2026-06-03 23:35:07,128.0,mm,DD,128
2026-06-03 23:35:06,2026-06-03 23:35:07,128.0,mm,ND,128
2026-06-03 22:03:56,2026-06-03 22:03:56,275.0,mm,DD,275
2026-06-03 22:03:56,2026-06-03 22:03:56,275.0,mm,DD,275
2026-06-03 22:03:56,2026-06-03 22:03:56,275.0,mm,DD,275
2026-06-03 22:03:49,2026-06-03 22:03:50,275.0,mm,DD,275
2026-06-03 22:03:49,2026-06-03 22:03:50,275.0,mm,DD,275
2026-06-03 22:03:49,2026-06-03 22:03:50,275.0,mm,DD,275
2026-06-03 22:03:49,2026-06-03 22:03:50,275.0,mm,A,275
2026-06-03 19:03:55,2026-06-03 19:03:55,275.0,mm,DD,275
2026-06-03 19:03:49,2026-06-03 19:03:49,275.0,mm,DD,275
2026-06-03 19:03:49,2026-06-03 19:03:49,275.0,mm,DD,275
2026-06-03 19:03:49,2026-06-03 19:03:49,275.0,mm,DD,275
2026-06-03 19:03:49,2026-06-03 19:03:49,275.0,mm,A,275
2026-06-03 16:39:40,2026-06-03 16:39:40,130.0,mm,DD,130
2026-06-03 16:39:40,2026-06-03 16:39:40,130.0,mm,ND,130
2026-06-03 16:03:54,2026-06-03 16:03:54,275.0,mm,DD,275
2026-06-03 16:03:48,2026-06-03 16:03:48,275.0,mm,DD,275
2026-06-03 16:03:48,2026-06-03 16:03:48,275.0,mm,DD,275
2026-06-03 16:03:48,2026-06-03 16:03:48,275.0,mm,DD,275
2026-06-03 16:03:48,2026-06-03 16:03:48,275.0,mm,A,275
2026-06-03 13:03:53,2026-06-03 13:03:53,275.0,mm,DD,275
2026-06-03 13:03:53,2026-06-03 13:03:53,275.0,mm,DD,275
2026-06-03 13:03:53,2026-06-03 13:03:53,275.0,mm,DD,275
2026-06-03 13:03:53,2026-06-03 13:03:53,275.0,mm,DD,275
2026-06-03 13:03:53,2026-06-03 13:03:53,275.0,mm,DD,275
2026-06-03 13:03:47,2026-06-03 13:03:47,275.0,mm,DD,275
2026-06-03 13:03:47,2026-06-03 13:03:47,275.0,mm,A,275
2026-06-03 10:03:53,2026-06-03 10:03:53,275.0,mm,A,275
2026-06-03 10:03:46,2026-06-03 10:03:47,19.0,mm,DD,19
2026-06-03 10:03:46,2026-06-03 10:03:47,19.0,mm,ND,19
2026-06-03 07:03:52,2026-06-03 07:03:52,275.0,mm,DD,275
2026-06-03 07:03:52,2026-06-03 07:03:52,275.0,mm,DD,275
2026-06-03 07:03:52,2026-06-03 07:03:52,275.0,mm,DD,275
2026-06-03 07:03:46,2026-06-03 07:03:46,275.0,mm,DD,275
2026-06-03 07:03:46,2026-06-03 07:03:46,275.0,mm,DD,275
2026-06-03 07:03:46,2026-06-03 07:03:46,275.0,mm,DD,275
2026-06-03 07:03:46,2026-06-03 07:03:46,275.0,mm,A,275
2026-06-03 04:03:51,2026-06-03 04:03:51,275.0,mm,DD,275
2026-06-03 04:03:45,2026-06-03 04:03:45,275.0,mm,DD,275
2026-06-03 04:03:45,2026-06-03 04:03:45,275.0,mm,DD,275
2026-06-03 04:03:45,2026-06-03 04:03:45,275.0,mm,DD,275
2026-06-03 04:03:45,2026-06-03 04:03:45,275.0,mm,A,275
2026-06-03 01:03:50,2026-06-03 01:03:50,275.0,mm,DD,275
2026-06-03 01:03:44,2026-06-03 01:03:44,275.0,mm,DD,275
2026-06-03 01:03:44,2026-06-03 01:03:44,275.0,mm,DD,275
2026-06-03 01:03:44,2026-06-03 01:03:44,275.0,mm,DD,275
2026-06-03 01:03:44,2026-06-03 01:03:44,275.0,mm,A,275
2026-06-02 22:03:49,2026-06-02 22:03:49,275.0,mm,DD,275
2026-06-02 22:03:49,2026-06-02 22:03:49,275.0,mm,DD,275
2026-06-02 22:03:49,2026-06-02 22:03:49,275.0,mm,DD,275
2026-06-02 22:03:43,2026-06-02 22:03:43,275.0,mm,DD,275
2026-06-02 22:03:43,2026-06-02 22:03:43,275.0,mm,DD,275
2026-06-02 22:03:43,2026-06-02 22:03:43,275.0,mm,DD,275
2026-06-02 22:03:43,2026-06-02 22:03:43,275.0,mm,A,275
2026-06-02 19:39:39,2026-06-02 19:39:39,130.0,mm,DD,130
2026-06-02 19:39:34,2026-06-02 19:39:34,130.0,mm,DD,130
2026-06-02 19:39:34,2026-06-02 19:39:34,130.0,mm,DD,130
2026-06-02 19:39:33,2026-06-02 19:39:33,130.0,mm,DD,130
2026-06-02 19:39:32,2026-06-02 19:39:33,130.0,mm,DD,130
2026-06-02 19:39:32,2026-06-02 19:39:33,130.0,mm,ND,130
2026-06-02 19:03:49,2026-06-02 19:03:49,275.0,mm,DD,275
2026-06-02 19:03:42,2026-06-02 19:03:43,275.0,mm,DD,275
2026-06-02 19:03:42,2026-06-02 19:03:43,275.0,mm,DD,275
2026-06-02 19:03:42,2026-06-02 19:03:43,275.0,mm,DD,275
2026-06-02 19:03:42,2026-06-02 19:03:43,275.0,mm,A,275
2026-06-02 16:03:48,2026-06-02 16:03:48,275.0,mm,DD,275
2026-06-02 16:03:42,2026-06-02 16:03:42,275.0,mm,DD,275
2026-06-02 16:03:42,2026-06-02 16:03:42,275.0,mm,DD,275
2026-06-02 16:03:42,2026-06-02 16:03:42,275.0,mm,DD,275
2026-06-02 16:03:42,2026-06-02 16:03:42,275.0,mm,AN,275
2026-06-02 16:03:11,2026-06-02 16:03:42,275.0,mm,PD,275
2026-06-02 13:03:47,2026-06-02 13:03:47,275.0,mm,DD,275
2026-06-02 13:03:41,2026-06-02 13:03:41,275.0,mm,DD,275
2026-06-02 13:03:41,2026-06-02 13:03:41,275.0,mm,DD,275
2026-06-02 13:03:41,2026-06-02 13:03:41,275.0,mm,DD,275
2026-06-02 13:03:41,2026-06-02 13:03:41,275.0,mm,PD,275
2026-06-02 13:03:10,2026-06-02 13:03:41,275.0,mm,PD,275
2026-06-02 10:39:36,2026-06-02 10:39:36,143.0,mm,DD,143
2026-06-02 10:39:31,2026-06-02 10:39:31,143.0,mm,DD,143
2026-06-02 10:39:31,2026-06-02 10:39:31,143.0,mm,DD,143
2026-06-02 10:39:31,2026-06-02 10:39:31,143.0,mm,DD,143
2026-06-02 10:39:30,2026-06-02 10:39:30,143.0,mm,DD,143
2026-06-02 10:39:29,2026-06-02 10:39:30,143.0,mm,DD,143
2026-06-02 10:39:29,2026-06-02 10:39:30,143.0,mm,PD,143
2026-06-02 10:39:00,2026-06-02 10:39:31,143.0,mm,PD,143
2026-06-02 10:03:46,2026-06-02 10:03:46,275.0,mm,DD,275
2026-06-02 10:03:40,2026-06-30 10:14:45,275.0,mm,DD,275
2026-06-02 10:03:40,2026-06-30 10:14:45,275.0,mm,DD,275
2026-06-02 10:03:40,2026-06-30 10:14:45,275.0,mm,DD,275
2026-06-02 10:03:40,2026-06-30 10:14:45,275.0,mm,DD,275
2026-06-02 10:03:09,2026-06-30 10:14:41,275.0,mm,A,275
2026-06-02 07:39:35,2026-06-02 07:39:35,129.0,mm,DD,129
2026-06-02 07:39:29,2026-06-02 07:39:29,129.0,mm,DD,129
2026-06-02 07:39:29,2026-06-02 07:39:29,129.0,mm,DD,129
2026-06-02 07:39:29,2026-06-02 07:39:29,129.0,mm,DD,129
2026-06-02 07:39:28,2026-06-30 10:14:34,129.0,mm,DD,129
2026-06-02 07:39:28,2026-06-30 10:14:34,129.0,mm,DD,129
2026-06-02 07:39:27,2026-06-30 10:14:30,129.0,mm,ND,129
2026-06-02 07:03:46,2026-06-02 07:03:46,275.0,mm,DD,275
2026-06-02 07:03:45,2026-06-02 07:03:45,275.0,mm,DD,275
2026-06-02 07:03:45,2026-06-02 07:03:45,275.0,mm,DD,275
2026-06-02 07:03:39,2026-06-02 07:03:40,275.0,mm,DD,275
2026-06-02 07:03:39,2026-06-02 07:03:40,275.0,mm,DD,275
2026-06-02 07:03:39,2026-06-02 07:03:40,275.0,mm,DD,275
2026-06-02 07:03:39,2026-06-02 07:03:40,275.0,mm,DD,275
2026-06-02 07:03:39,2026-06-02 07:03:40,275.0,mm,DD,275
2026-06-02 07:03:39,2026-06-02 07:03:40,275.0,mm,PD,275
2026-06-02 04:39:34,2026-06-02 04:39:34,128.0,mm,AN,128
2026-06-02 04:39:28,2026-06-02 04:39:28,128.0,mm,DD,128
2026-06-02 04:39:28,2026-06-02 04:39:28,128.0,mm,DD,128
2026-06-02 04:39:28,2026-06-02 04:39:28,128.0,mm,DD,128
2026-06-02 04:39:28,2026-06-02 04:39:28,128.0,mm,DD,128
2026-06-02 04:39:27,2026-06-02 04:39:27,128.0,mm,DD,128
2026-06-02 04:39:27,2026-06-02 04:39:27,128.0,mm,DD,128
2026-06-02 04:39:27,2026-06-02 04:39:27,128.0,mm,DD,128
2026-06-02 04:39:27,2026-06-02 04:39:27,128.0,mm,ND,128
2026-06-02 04:38:59,2026-06-02 04:39:29,128.0,mm,ND,128
2026-06-02 04:03:45,2026-06-02 04:03:45,275.0,mm,DD,275
2026-06-02 04:03:44,2026-06-02 04:03:44,275.0,mm,DD,275
2026-06-02 04:03:44,2026-06-02 04:03:44,275.0,mm,DD,275
2026-06-02 04:03:39,2026-06-02 04:03:39,275.0,mm,DD,275
2026-06-02 04:03:39,2026-06-02 04:03:39,275.0,mm,DD,275
2026-06-02 04:03:38,2026-06-02 04:03:39,275.0,mm,DD,275
2026-06-02 04:03:38,2026-06-02 04:03:39,275.0,mm,DD,275
2026-06-02 04:03:38,2026-06-02 04:03:39,275.0,mm,DD,275
2026-06-02 04:03:38,2026-06-02 04:03:39,275.0,mm,A,275
2026-06-02 04:03:09,2026-06-02 04:03:39,275.0,mm,AS,275
2026-06-02 01:03:44,2026-06-02 01:03:44,275.0,mm,DD,275
2026-06-02 01:03:43,2026-06-02 01:03:43,275.0,mm,DD,275
2026-06-02 01:03:43,2026-06-02 01:03:43,275.0,mm,DD,275
2026-06-02 01:03:37,2026-06-02 01:03:38,275.0,mm,DD,275
2026-06-02 01:03:37,2026-06-02 01:03:38,275.0,mm,DD,275
2026-06-02 01:03:37,2026-06-02 01:03:38,275.0,mm,DD,275
2026-06-02 01:03:37,2026-06-02 01:03:38,275.0,mm,A,275
2026-06-02 01:03:08,2026-06-02 01:03:38,275.0,mm,AS,275
2026-06-01 22:03:43,2026-06-01 22:03:43,275.0,mm,DD,275
2026-06-01 22:03:42,2026-06-01 22:03:42,275.0,mm,DD,275
2026-06-01 22:03:42,2026-06-01 22:03:42,275.0,mm,DD,275
2026-06-01 22:03:37,2026-06-01 22:03:37,275.0,mm,DD,275
2026-06-01 22:03:37,2026-06-01 22:03:37,275.0,mm,DD,275
2026-06-01 22:03:37,2026-06-01 22:03:37,275.0,mm,DD,275
2026-06-01 22:03:37,2026-06-01 22:03:37,275.0,mm,A,275
2026-06-01 22:03:06,2026-06-01 22:03:37,275.0,mm,AS,275
2026-06-01 19:03:42,2026-06-01 19:03:42,275.0,mm,DD,275
2026-06-01 19:03:36,2026-06-01 19:03:36,275.0,mm,DD,275
2026-06-01 19:03:36,2026-06-01 19:03:36,275.0,mm,DD,275
2026-06-01 19:03:36,2026-06-01 19:03:36,275.0,mm,DD,275
2026-06-01 19:03:36,2026-06-01 19:03:36,275.0,mm,DD,275
2026-06-01 19:03:36,2026-06-01 19:03:36,275.0,mm,A,275
2026-06-01 16:03:41,2026-06-01 16:03:41,275.0,mm,DD,275
2026-06-01 16:03:41,2026-06-01 16:03:41,275.0,mm,DD,275
2026-06-01 16:03:35,2026-06-01 16:03:35,275.0,mm,DD,275
2026-06-01 16:03:35,2026-06-01 16:03:35,275.0,mm,DD,275
2026-06-01 16:03:35,2026-06-01 16:03:35,275.0,mm,DD,275
2026-06-01 16:03:35,2026-06-01 16:03:35,275.0,mm,A,275
2026-06-01 16:03:06,2026-06-01 16:03:35,275.0,mm,AS,275
2026-06-01 13:03:40,2026-06-01 13:03:40,275.0,mm,DD,275
2026-06-01 13:03:40,2026-06-01 13:03:40,275.0,mm,DD,275
2026-06-01 13:03:34,2026-06-01 13:03:34,275.0,mm,DD,275
2026-06-01 13:03:34,2026-06-01 13:03:34,275.0,mm,DD,275
2026-06-01 13:03:34,2026-06-01 13:03:34,275.0,mm,DD,275
2026-06-01 13:03:34,2026-06-01 13:03:34,275.0,mm,DD,275
2026-06-01 13:03:34,2026-06-01 13:03:34,275.0,mm,DD,275
2026-06-01 13:03:05,2026-06-01 13:03:34,275.0,mm,A,275
2026-06-01 10:03:40,2026-06-01 10:03:40,275.0,mm,DD,275
2026-06-01 10:03:33,2026-06-01 10:03:34,275.0,mm,DD,275
2026-06-01 10:03:33,2026-06-01 10:03:34,275.0,mm,DD,275
2026-06-01 10:03:33,2026-06-01 10:03:34,275.0,mm,DD,275
2026-06-01 10:03:33,2026-06-01 10:03:34,275.0,mm,A,275
2026-06-01 10:03:05,2026-06-01 10:03:34,275.0,mm,AS,275
2026-06-01 07:03:39,2026-06-01 07:03:39,275.0,mm,DD,275
2026-06-01 07:03:33,2026-06-01 07:03:33,275.0,mm,DD,275
2026-06-01 07:03:33,2026-06-01 07:03:33,275.0,mm,DD,275
2026-06-01 07:03:33,2026-06-01 07:03:33,275.0,mm,DD,275
2026-06-01 07:03:33,2026-06-01 07:03:33,275.0,mm,AN,275
2026-06-01 07:03:32,2026-06-01 07:03:33,275.0,mm,DD,275
2026-06-01 04:03:38,2026-06-01 04:03:38,275.0,mm,DD,275
2026-06-01 04:03:38,2026-06-01 04:03:38,275.0,mm,DD,275
2026-06-01 04:03:37,2026-06-01 04:03:37,275.0,mm,DD,275
2026-06-01 04:03:37,2026-06-01 04:03:37,275.0,mm,DD,275
2026-06-01 04:03:32,2026-06-01 04:03:32,275.0,mm,DD,275
2026-06-01 04:03:32,2026-06-01 04:03:32,275.0,mm,DD,275
2026-06-01 04:03:32,2026-06-01 04:03:32,275.0,mm,DD,275
2026-06-01 04:03:32,2026-06-01 04:03:32,275.0,mm,PD,275
2026-06-01 04:03:04,2026-06-01 04:03:32,275.0,mm,AS,275
2026-06-01 01:39:24,2026-06-01 01:39:24,128.0,mm,DD,128
2026-06-01 01:39:19,2026-06-01 01:39:19,128.0,mm,DD,128
2026-06-01 01:39:19,2026-06-01 01:39:19,128.0,mm,DD,128
2026-06-01 01:39:19,2026-06-01 01:39:19,128.0,mm,DD,128
2026-06-01 01:39:18,2026-06-01 01:39:18,128.0,mm,DD,128
2026-06-01 01:39:18,2026-06-01 01:39:18,128.0,mm,DD,128
2026-06-01 01:39:18,2026-06-01 01:39:18,128.0,mm,ND,128
2026-06-01 01:38:51,2026-06-01 01:39:19,128.0,mm,ND,128
2026-06-01 01:03:42,2026-06-01 01:03:42,275.0,mm,DD,275
2026-06-01 01:03:36,2026-06-01 01:03:36,275.0,mm,DD,275
2026-06-01 01:03:36,2026-06-01 01:03:36,275.0,mm,DD,275
2026-06-01 01:03:31,2026-06-01 01:03:31,275.0,mm,DD,275
2026-06-01 01:03:31,2026-06-01 01:03:31,275.0,mm,DD,275
2026-06-01 01:03:31,2026-06-01 01:03:31,275.0,mm,DD,275
2026-06-01 01:03:31,2026-06-01 01:03:31,275.0,mm,DD,275
2026-06-01 01:03:31,2026-06-01 01:03:31,275.0,mm,DD,275
2026-06-01 01:03:02,2026-06-01 01:03:30,275.0,mm,A,275
2026-05-31 22:39:24,2026-05-31 22:39:24,129.0,mm,DD,129
2026-05-31 22:39:18,2026-05-31 22:39:18,129.0,mm,DD,129
2026-05-31 22:39:18,2026-05-31 22:39:18,129.0,mm,DD,129
2026-05-31 22:39:18,2026-05-31 22:39:18,129.0,mm,DD,129
2026-05-31 22:39:17,2026-05-31 22:39:17,129.0,mm,DD,129
2026-05-31 22:39:17,2026-05-31 22:39:17,129.0,mm,DD,129
2026-05-31 22:39:17,2026-05-31 22:39:17,129.0,mm,ND,129
2026-05-31 22:03:36,2026-05-31 22:03:36,275.0,mm,DD,275
2026-05-31 22:03:30,2026-05-31 22:03:30,275.0,mm,DD,275
2026-05-31 22:03:30,2026-05-31 22:03:30,275.0,mm,DD,275
2026-05-31 22:03:30,2026-05-31 22:03:30,275.0,mm,DD,275
2026-05-31 22:03:30,2026-05-31 22:03:30,275.0,mm,A,275
2026-05-31 22:03:02,2026-05-31 22:03:30,275.0,mm,AS,275
2026-05-31 19:03:35,2026-05-31 19:03:35,275.0,mm,DD,275
2026-05-31 19:03:29,2026-05-31 19:03:29,275.0,mm,DD,275
2026-05-31 19:03:29,2026-05-31 19:03:29,275.0,mm,DD,275
2026-05-31 19:03:29,2026-05-31 19:03:29,275.0,mm,DD,275
2026-05-31 19:03:29,2026-05-31 19:03:29,275.0,mm,A,275
2026-05-31 19:03:28,2026-05-31 19:03:29,275.0,mm,DD,275
2026-05-31 16:03:35,2026-05-31 16:03:35,275.0,mm,DD,275
2026-05-31 16:03:28,2026-05-31 16:03:29,275.0,mm,DD,275
2026-05-31 16:03:28,2026-05-31 16:03:29,275.0,mm,DD,275
2026-05-31 16:03:28,2026-05-31 16:03:29,275.0,mm,DD,275
2026-05-31 16:03:28,2026-05-31 16:03:29,275.0,mm,A,275
2026-05-31 16:03:01,2026-05-31 16:03:28,275.0,mm,AS,275
2026-05-31 15:17:26,2026-05-31 15:17:26,49.0,mm,DD,49
2026-05-31 15:17:20,2026-05-31 15:17:20,49.0,mm,DD,49
2026-05-31 15:17:19,2026-05-31 15:17:20,49.0,mm,DD,49
2026-05-31 15:17:19,2026-05-31 15:17:20,49.0,mm,DD,49
2026-05-31 15:17:19,2026-05-31 15:17:20,49.0,mm,DD,49
2026-05-31 15:17:19,2026-05-31 15:17:20,49.0,mm,DD,49
2026-05-31 15:17:19,2026-05-31 15:17:20,49.0,mm,ND,49
2026-05-31 13:03:34,2026-05-31 13:03:34,275.0,mm,DD,275
2026-05-31 13:03:28,2026-05-31 13:03:28,275.0,mm,DD,275
2026-05-31 13:03:28,2026-05-31 13:03:28,275.0,mm,DD,275
2026-05-31 13:03:28,2026-05-31 13:03:28,275.0,mm,DD,275
2026-05-31 13:03:01,2026-05-31 13:03:28,275.0,mm,A,275
2026-05-31 10:03:33,2026-05-31 10:03:33,275.0,mm,DD,275
2026-05-31 10:03:27,2026-05-31 10:03:27,275.0,mm,DD,275
2026-05-31 10:03:27,2026-05-31 10:03:27,275.0,mm,DD,275
2026-05-31 10:03:27,2026-05-31 10:03:27,275.0,mm,DD,275
2026-05-31 10:03:27,2026-05-31 10:03:27,275.0,mm,A,275
2026-05-31 10:03:00,2026-05-31 10:03:27,275.0,mm,AS,275
2026-05-31 07:03:32,2026-05-31 07:03:32,275.0,mm,DD,275
2026-05-31 07:03:26,2026-05-31 07:03:26,275.0,mm,DD,275
2026-05-31 07:03:26,2026-05-31 07:03:26,275.0,mm,DD,275
2026-05-31 07:03:26,2026-05-31 07:03:26,275.0,mm,DD,275
2026-05-31 07:03:26,2026-05-31 07:03:26,275.0,mm,DD,275
2026-05-31 07:03:24,2026-05-31 07:03:26,275.0,mm,A,275
2026-05-31 04:03:31,2026-05-31 04:03:31,275.0,mm,DD,275
2026-05-31 04:03:25,2026-05-31 04:03:25,275.0,mm,DD,275
2026-05-31 04:03:25,2026-05-31 04:03:25,275.0,mm,DD,275
2026-05-31 04:03:25,2026-05-31 04:03:25,275.0,mm,DD,275
2026-05-31 04:03:25,2026-05-31 04:03:25,275.0,mm,A,275
2026-05-31 04:02:59,2026-05-31 04:03:25,275.0,mm,AS,275
2026-05-31 01:03:31,2026-05-31 01:03:31,275.0,mm,DD,275
2026-05-31 01:03:24,2026-05-31 01:03:25,275.0,mm,DD,275
2026-05-31 01:03:24,2026-05-31 01:03:25,275.0,mm,DD,275
2026-05-31 01:03:24,2026-05-31 01:03:25,275.0,mm,DD,275
2026-05-31 01:03:24,2026-05-31 01:03:25,275.0,mm,A,275
2026-05-31 01:02:58,2026-05-31 01:03:24,275.0,mm,AS,275
2026-05-30 22:03:30,2026-05-30 22:03:30,275.0,mm,DD,275
2026-05-30 22:03:23,2026-05-30 22:03:24,275.0,mm,DD,275
2026-05-30 22:03:23,2026-05-30 22:03:24,275.0,mm,DD,275
2026-05-30 22:03:23,2026-05-30 22:03:24,275.0,mm,DD,275
2026-05-30 22:03:23,2026-05-30 22:03:24,275.0,mm,A,275
2026-05-30 22:02:58,2026-05-30 22:03:24,275.0,mm,AS,275
2026-05-30 19:03:29,2026-05-30 19:03:29,275.0,mm,DD,275
2026-05-30 19:03:23,2026-05-30 19:03:23,275.0,mm,DD,275
2026-05-30 19:03:23,2026-05-30 19:03:23,275.0,mm,DD,275
2026-05-30 19:03:23,2026-05-30 19:03:23,275.0,mm,DD,275
2026-05-30 19:03:23,2026-05-30 19:03:23,275.0,mm,A,275
2026-05-30 19:03:22,2026-05-30 19:03:23,275.0,mm,DD,275
2026-05-30 16:03:28,2026-05-30 16:03:28,275.0,mm,DD,275
2026-05-30 16:03:28,2026-05-30 16:03:28,275.0,mm,DD,275
2026-05-30 16:03:22,2026-05-30 16:03:22,275.0,mm,DD,275
2026-05-30 16:03:22,2026-05-30 16:03:22,275.0,mm,DD,275
2026-05-30 16:03:22,2026-05-30 16:03:22,275.0,mm,DD,275
2026-05-30 16:03:22,2026-05-30 16:03:22,275.0,mm,A,275
2026-05-30 16:02:57,2026-05-30 16:03:22,275.0,mm,AS,275
2026-05-30 13:03:27,2026-05-30 13:03:27,275.0,mm,DD,275
2026-05-30 13:03:21,2026-05-30 13:03:21,275.0,mm,DD,275
2026-05-30 13:03:21,2026-05-30 13:03:21,275.0,mm,DD,275
2026-05-30 13:03:21,2026-05-30 13:03:21,275.0,mm,DD,275
2026-05-30 13:02:54,2026-05-30 13:03:21,275.0,mm,A,275
2026-05-30 10:03:27,2026-05-30 10:03:27,275.0,mm,DD,275
2026-05-30 10:03:20,2026-05-30 10:03:20,275.0,mm,DD,275
2026-05-30 10:03:20,2026-05-30 10:03:20,275.0,mm,DD,275
2026-05-30 10:03:20,2026-05-30 10:03:20,275.0,mm,DD,275
2026-05-30 10:03:20,2026-05-30 10:03:20,275.0,mm,A,275
2026-05-30 10:02:53,2026-05-30 10:03:20,275.0,mm,AS,275
2026-05-30 07:03:26,2026-05-30 07:03:26,275.0,mm,DD,275
2026-05-30 07:03:20,2026-05-30 07:03:20,275.0,mm,DD,275
2026-05-30 07:03:20,2026-05-30 07:03:20,275.0,mm,DD,275
2026-05-30 07:03:19,2026-05-30 07:03:20,275.0,mm,DD,275
2026-05-30 07:03:19,2026-05-30 07:03:20,275.0,mm,A,275
2026-05-30 07:03:17,2026-05-30 07:03:20,275.0,mm,DD,275
2026-05-30 04:03:25,2026-05-30 04:03:25,275.0,mm,DD,275
2026-05-30 04:03:19,2026-05-30 04:03:19,275.0,mm,DD,275
2026-05-30 04:03:19,2026-05-30 04:03:19,275.0,mm,DD,275
2026-05-30 04:03:19,2026-05-30 04:03:19,275.0,mm,DD,275
2026-05-30 04:03:19,2026-05-30 04:03:19,275.0,mm,A,275
2026-05-30 04:02:53,2026-05-30 04:03:19,275.0,mm,AS,275
2026-05-30 01:03:24,2026-05-30 01:03:24,275.0,mm,DD,275
2026-05-30 01:03:18,2026-05-30 01:03:18,275.0,mm,DD,275
2026-05-30 01:03:18,2026-05-30 01:03:18,275.0,mm,DD,275
2026-05-30 01:03:18,2026-05-30 01:03:18,275.0,mm,DD,275
2026-05-30 01:03:18,2026-05-30 01:03:18,275.0,mm,AN,275
2026-05-30 01:02:53,2026-05-30 01:03:18,275.0,mm,AS,275
2026-05-29 22:03:23,2026-05-29 22:03:23,274.0,mm,DD,274
2026-05-29 22:03:17,2026-05-29 22:03:17,274.0,mm,DD,274
2026-05-29 22:03:17,2026-05-29 22:03:17,274.0,mm,DD,274
2026-05-29 22:03:17,2026-05-29 22:03:17,274.0,mm,DD,274
2026-05-29 22:03:17,2026-05-29 22:03:17,274.0,mm,PD,274
2026-05-29 22:02:52,2026-05-29 22:03:17,274.0,mm,AS,274
2026-05-29 20:48:34,2026-05-29 20:48:34,128.0,mm,DD,128
2026-05-29 20:48:34,2026-05-29 20:48:34,128.0,mm,DD,128
2026-05-29 20:48:34,2026-05-29 20:48:34,128.0,mm,DD,128
2026-05-29 20:48:34,2026-05-29 20:48:34,128.0,mm,DD,128
2026-05-29 20:48:34,2026-05-29 20:48:34,128.0,mm,DD,128
2026-05-29 20:48:28,2026-05-29 20:48:28,128.0,mm,DD,128
2026-05-29 20:48:28,2026-05-29 20:48:28,128.0,mm,ND,128
2026-05-29 20:48:04,2026-05-29 20:48:29,128.0,mm,ND,128
2026-05-29 19:03:23,2026-05-29 19:03:23,274.0,mm,DD,274
2026-05-29 19:03:16,2026-05-29 19:03:16,274.0,mm,DD,274
2026-05-29 19:03:16,2026-05-29 19:03:16,274.0,mm,DD,274
2026-05-29 19:03:16,2026-05-29 19:03:16,274.0,mm,DD,274
2026-05-29 19:03:16,2026-05-29 19:03:16,274.0,mm,DD,274
2026-05-29 19:03:16,2026-05-29 19:03:16,274.0,mm,A,274
2026-05-29 19:02:53,2026-05-29 19:03:16,274.0,mm,DD,274
2026-05-29 19:02:53,2026-05-29 19:03:16,274.0,mm,DD,274
2026-05-29 16:56:58,2026-05-29 16:56:58,273.0,mm,DD,273
2026-05-29 16:56:52,2026-05-29 16:56:53,273.0,mm,DD,273
2026-05-29 16:56:52,2026-05-29 16:56:53,273.0,mm,DD,273
2026-05-29 16:56:52,2026-05-29 16:56:53,273.0,mm,DD,273
2026-05-29 16:56:52,2026-05-29 16:56:53,273.0,mm,A,273
2026-05-29 16:56:28,2026-05-29 16:56:52,273.0,mm,AS,273
2026-05-29 16:03:22,2026-05-29 16:03:22,272.0,mm,DD,272
2026-05-29 16:03:15,2026-05-29 16:03:16,272.0,mm,DD,272
2026-05-29 16:03:15,2026-05-29 16:03:16,272.0,mm,DD,272
2026-05-29 16:03:15,2026-05-29 16:03:16,272.0,mm,DD,272
2026-05-29 16:03:15,2026-05-29 16:03:16,272.0,mm,A,272
2026-05-29 16:02:51,2026-05-29 16:03:16,272.0,mm,AS,272
2026-05-29 13:03:21,2026-05-29 13:03:21,272.0,mm,DD,272
2026-05-29 13:03:15,2026-05-29 13:03:15,272.0,mm,DD,272
2026-05-29 13:03:15,2026-05-29 13:03:15,272.0,mm,DD,272
2026-05-29 13:03:15,2026-05-29 13:03:15,272.0,mm,DD,272
2026-05-29 13:03:15,2026-05-29 13:03:15,272.0,mm,A,272
2026-05-29 13:02:50,2026-05-29 13:03:15,272.0,mm,AS,272
2026-05-29 10:03:20,2026-05-29 10:03:20,272.0,mm,DD,272
2026-05-29 10:03:14,2026-05-29 10:03:14,272.0,mm,DD,272
2026-05-29 10:03:14,2026-05-29 10:03:14,272.0,mm,DD,272
2026-05-29 10:03:14,2026-05-29 10:03:14,272.0,mm,DD,272
2026-05-29 10:03:14,2026-05-29 10:03:14,272.0,mm,DD,272
2026-05-29 10:03:14,2026-05-29 10:03:14,272.0,mm,A,272
2026-05-29 07:03:20,2026-05-29 07:03:20,271.0,mm,DD,271
2026-05-29 07:03:19,2026-05-29 07:03:19,271.0,mm,DD,271
2026-05-29 07:03:19,2026-05-29 07:03:19,271.0,mm,DD,271
2026-05-29 07:03:14,2026-05-29 07:03:14,271.0,mm,DD,271
2026-05-29 07:03:14,2026-05-29 07:03:14,271.0,mm,DD,271
2026-05-29 07:03:13,2026-05-29 07:03:13,271.0,mm,DD,271
2026-05-29 07:03:13,2026-05-29 07:03:13,271.0,mm,A,271
2026-05-29 07:02:50,2026-05-29 07:03:13,271.0,mm,AS,271
2026-05-29 06:43:16,2026-05-29 06:43:16,271.0,mm,DD,271
2026-05-29 06:43:10,2026-05-29 06:43:10,271.0,mm,DD,271
2026-05-29 06:43:10,2026-05-29 06:43:10,271.0,mm,DD,271
2026-05-29 06:43:10,2026-05-29 06:43:10,271.0,mm,DD,271
2026-05-29 06:42:48,2026-05-29 06:43:10,271.0,mm,A,271
2026-05-29 04:38:30,2026-05-29 04:38:30,270.0,mm,DD,270
2026-05-29 04:38:23,2026-05-29 04:38:24,270.0,mm,DD,270
2026-05-29 04:38:23,2026-05-29 04:38:24,270.0,mm,DD,270
2026-05-29 04:38:23,2026-05-29 04:38:24,270.0,mm,DD,270
2026-05-29 04:38:23,2026-05-29 04:38:24,270.0,mm,DD,270
2026-05-29 04:38:23,2026-05-29 04:38:24,270.0,mm,DD,270
2026-05-29 04:38:00,2026-05-29 04:38:24,270.0,mm,A,270
2026-05-29 04:03:19,2026-05-29 04:03:19,269.0,mm,DD,269
2026-05-29 04:03:12,2026-05-29 04:03:12,269.0,mm,DD,269
2026-05-29 04:03:12,2026-05-29 04:03:12,269.0,mm,DD,269
2026-05-29 04:03:12,2026-05-29 04:03:12,269.0,mm,DD,269
2026-05-29 04:03:12,2026-05-29 04:03:12,269.0,mm,A,269
2026-05-29 04:02:49,2026-05-29 04:03:12,269.0,mm,DD,269
2026-05-29 04:02:49,2026-05-29 04:03:12,269.0,mm,A,269
2026-05-29 03:10:39,2026-05-29 03:10:39,269.0,mm,DD,269
2026-05-29 03:10:33,2026-05-29 03:10:33,269.0,mm,DD,269
2026-05-29 03:10:33,2026-05-29 03:10:33,269.0,mm,DD,269
2026-05-29 03:10:33,2026-05-29 03:10:33,269.0,mm,DD,269
2026-05-29 03:10:33,2026-05-29 03:10:33,269.0,mm,DD,269
2026-05-29 03:10:33,2026-05-29 03:10:33,269.0,mm,DD,269
2026-05-29 03:10:10,2026-05-29 03:10:32,269.0,mm,A,269
2026-05-29 01:03:18,2026-05-29 01:03:18,268.0,mm,DD,268
2026-05-29 01:03:17,2026-05-29 01:03:17,268.0,mm,DD,268
2026-05-29 01:03:17,2026-05-29 01:03:17,268.0,mm,DD,268
2026-05-29 01:03:11,2026-05-29 01:03:12,268.0,mm,DD,268
2026-05-29 01:03:11,2026-05-29 01:03:12,268.0,mm,DD,268
2026-05-29 01:03:11,2026-05-29 01:03:12,268.0,mm,DD,268
2026-05-29 01:03:11,2026-05-29 01:03:12,268.0,mm,DD,268
2026-05-29 01:03:11,2026-05-29 01:03:12,268.0,mm,DD,268
2026-05-29 01:03:11,2026-05-29 01:03:12,268.0,mm,A,268
2026-05-29 01:02:47,2026-05-29 01:03:11,268.0,mm,A,268
2026-05-28 22:03:17,2026-05-28 22:03:17,267.0,mm,DD,267
2026-05-28 22:03:11,2026-05-28 22:03:11,267.0,mm,DD,267
2026-05-28 22:03:11,2026-05-28 22:03:11,267.0,mm,DD,267
2026-05-28 22:03:11,2026-05-28 22:03:11,267.0,mm,DD,267
2026-05-28 22:03:11,2026-05-28 22:03:11,267.0,mm,DD,267
2026-05-28 22:03:10,2026-05-28 22:03:10,267.0,mm,A,267
2026-05-28 20:46:51,2026-05-28 20:46:51,267.0,mm,DD,267
2026-05-28 20:46:51,2026-05-28 20:46:51,267.0,mm,DD,267
2026-05-28 20:46:51,2026-05-28 20:46:51,267.0,mm,DD,267
2026-05-28 20:46:51,2026-05-28 20:46:51,267.0,mm,DD,267
2026-05-28 20:46:27,2026-05-28 20:46:50,267.0,mm,A,267
2026-05-28 19:31:45,2026-05-28 19:31:45,266.0,mm,DD,266
2026-05-28 19:31:45,2026-05-28 19:31:45,266.0,mm,DD,266
2026-05-28 19:31:45,2026-05-28 19:31:45,266.0,mm,DD,266
2026-05-28 19:31:45,2026-05-28 19:31:45,266.0,mm,DD,266
2026-05-28 19:31:45,2026-05-28 19:31:45,266.0,mm,DD,266
2026-05-28 19:31:21,2026-05-28 19:31:44,266.0,mm,A,266
2026-05-28 19:23:16,2026-05-28 19:23:16,265.0,mm,DD,265
2026-05-28 19:23:10,2026-05-28 19:23:11,265.0,mm,DD,265
2026-05-28 19:23:10,2026-05-28 19:23:11,265.0,mm,DD,265
2026-05-28 19:23:10,2026-05-28 19:23:11,265.0,mm,DD,265
2026-05-28 19:23:10,2026-05-28 19:23:11,265.0,mm,DD,265
2026-05-28 19:23:10,2026-05-28 19:23:11,265.0,mm,DD,265
2026-05-28 19:23:10,2026-05-28 19:23:11,265.0,mm,DD,265
2026-05-28 19:23:10,2026-05-28 19:23:11,265.0,mm,A,265
2026-05-28 19:22:48,2026-05-28 19:23:11,265.0,mm,AS,265
2026-05-28 19:14:27,2026-05-28 19:14:27,264.0,mm,DD,264
2026-05-28 19:14:21,2026-05-28 19:14:22,264.0,mm,DD,264
2026-05-28 19:14:21,2026-05-28 19:14:22,264.0,mm,DD,264
2026-05-28 19:14:21,2026-05-28 19:14:22,264.0,mm,DD,264
2026-05-28 19:14:21,2026-05-28 19:14:22,264.0,mm,DD,264
2026-05-28 19:14:21,2026-05-28 19:14:22,264.0,mm,DD,264
2026-05-28 19:13:58,2026-05-28 19:14:21,264.0,mm,A,264
2026-05-28 19:03:17,2026-05-28 19:03:17,263.0,mm,DD,263
2026-05-28 19:03:10,2026-05-28 19:03:10,263.0,mm,DD,263
2026-05-28 19:03:10,2026-05-28 19:03:10,263.0,mm,DD,263
2026-05-28 19:03:10,2026-05-28 19:03:10,263.0,mm,DD,263
2026-05-28 19:03:10,2026-05-28 19:03:10,263.0,mm,DD,263
2026-05-28 19:03:10,2026-05-28 19:03:10,263.0,mm,DD,263
2026-05-28 19:03:10,2026-05-28 19:03:10,263.0,mm,A,263
2026-05-28 19:02:47,2026-05-28 19:03:09,263.0,mm,A,263
2026-05-28 17:09:41,2026-05-28 17:09:41,263.0,mm,DD,263
2026-05-28 17:09:35,2026-05-28 17:09:36,263.0,mm,DD,263
2026-05-28 17:09:35,2026-05-28 17:09:36,263.0,mm,DD,263
2026-05-28 17:09:35,2026-05-28 17:09:36,263.0,mm,DD,263
2026-05-28 17:09:35,2026-05-28 17:09:36,263.0,mm,DD,263
2026-05-28 17:09:35,2026-05-28 17:09:36,263.0,mm,DD,263
2026-05-28 17:09:12,2026-05-28 17:09:35,263.0,mm,A,263
2026-05-28 16:34:04,2026-05-28 16:34:04,262.0,mm,DD,262
2026-05-28 16:33:58,2026-05-28 16:33:59,262.0,mm,DD,262
2026-05-28 16:33:58,2026-05-28 16:33:59,262.0,mm,DD,262
2026-05-28 16:33:58,2026-05-28 16:33:59,262.0,mm,DD,262
2026-05-28 16:33:58,2026-05-28 16:33:59,262.0,mm,DD,262
2026-05-28 16:33:58,2026-05-28 16:33:59,262.0,mm,DD,262
2026-05-28 16:33:35,2026-05-28 16:33:58,262.0,mm,A,262
2026-05-28 16:12:35,2026-05-28 16:12:35,261.0,mm,DD,261
2026-05-28 16:12:34,2026-05-28 16:12:34,261.0,mm,DD,261
2026-05-28 16:12:34,2026-05-28 16:12:34,261.0,mm,DD,261
2026-05-28 16:12:33,2026-05-28 16:12:34,261.0,mm,DD,261
2026-05-28 16:12:33,2026-05-28 16:12:34,261.0,mm,DD,261
2026-05-28 16:12:29,2026-05-28 16:12:29,261.0,mm,DD,261
2026-05-28 16:12:29,2026-05-28 16:12:29,261.0,mm,DD,261
2026-05-28 16:12:29,2026-05-28 16:12:29,261.0,mm,DD,261
2026-05-28 16:12:05,2026-05-28 16:12:28,261.0,mm,A,261
2026-05-28 16:06:32,2026-05-28 16:06:32,260.0,mm,DD,260
2026-05-28 16:06:26,2026-05-28 16:06:26,260.0,mm,DD,260
2026-05-28 16:06:26,2026-05-28 16:06:26,260.0,mm,DD,260
2026-05-28 16:06:26,2026-05-28 16:06:26,260.0,mm,DD,260
2026-05-28 16:06:26,2026-05-28 16:06:26,260.0,mm,DD,260
2026-05-28 16:06:26,2026-05-28 16:06:26,260.0,mm,DD,260
2026-05-28 16:06:03,2026-05-28 16:06:26,260.0,mm,A,260
2026-05-28 16:03:15,2026-05-28 16:03:15,259.0,mm,DD,259
2026-05-28 16:03:15,2026-05-28 16:03:15,259.0,mm,DD,259
2026-05-28 16:03:15,2026-05-28 16:03:15,259.0,mm,DD,259
2026-05-28 16:03:15,2026-05-28 16:03:15,259.0,mm,DD,259
2026-05-28 16:03:09,2026-05-28 16:03:09,259.0,mm,DD,259
2026-05-28 16:03:09,2026-05-28 16:03:09,259.0,mm,DD,259
2026-05-28 16:03:09,2026-05-28 16:03:09,259.0,mm,DD,259
2026-05-28 16:03:09,2026-05-28 16:03:09,259.0,mm,A,259
2026-05-28 16:02:46,2026-05-28 16:03:09,259.0,mm,ND,259
2026-05-28 16:01:36,2026-05-28 16:01:36,259.0,mm,DD,259
2026-05-28 16:01:30,2026-05-28 16:01:30,259.0,mm,DD,259
2026-05-28 16:01:30,2026-05-28 16:01:30,259.0,mm,DD,259
2026-05-28 16:01:30,2026-05-28 16:01:30,259.0,mm,DD,259
2026-05-28 16:01:30,2026-05-28 16:01:30,259.0,mm,DD,259
2026-05-28 16:01:30,2026-05-28 16:01:30,259.0,mm,ND,259
2026-05-28 16:01:07,2026-05-28 16:01:30,259.0,mm,ND,259
2026-05-28 15:59:21,2026-05-28 15:59:21,441.0,mm,DD,441
2026-05-28 15:59:21,2026-05-28 15:59:21,441.0,mm,DD,441
2026-05-28 15:59:15,2026-05-28 15:59:15,441.0,mm,DD,441
2026-05-28 15:59:15,2026-05-28 15:59:15,441.0,mm,DD,441
2026-05-28 15:59:15,2026-05-28 15:59:15,441.0,mm,DD,441
2026-05-28 15:59:15,2026-05-28 15:59:15,441.0,mm,DD,441
2026-05-28 15:59:15,2026-05-28 15:59:15,441.0,mm,AN,441
2026-05-28 15:58:53,2026-05-28 15:59:16,441.0,mm,AS,441
2026-05-28 15:58:01,2026-05-28 15:58:01,440.0,mm,AN,440
2026-05-28 15:57:55,2026-05-28 15:57:55,440.0,mm,DD,440
2026-05-28 15:57:55,2026-05-28 15:57:55,440.0,mm,DD,440
2026-05-28 15:57:55,2026-05-28 15:57:55,440.0,mm,DD,440
2026-05-28 15:57:55,2026-05-28 15:57:55,440.0,mm,DD,440
2026-05-28 15:57:55,2026-05-28 15:57:55,440.0,mm,PD,440
2026-05-28 15:57:33,2026-05-28 15:57:56,440.0,mm,PD,440
2026-05-28 15:54:43,2026-05-28 15:54:43,258.0,mm,DD,258
2026-05-28 15:54:43,2026-05-28 15:54:43,258.0,mm,DD,258
2026-05-28 15:54:42,2026-05-28 15:54:43,258.0,mm,DD,258
2026-05-28 15:54:42,2026-05-28 15:54:43,258.0,mm,DD,258
2026-05-28 15:54:37,2026-05-28 15:54:37,258.0,mm,DD,258
2026-05-28 15:54:37,2026-05-28 15:54:37,258.0,mm,DD,258
2026-05-28 15:54:37,2026-05-28 15:54:37,258.0,mm,DD,258
2026-05-28 15:54:13,2026-05-28 15:54:36,258.0,mm,A,258
2026-05-28 15:44:15,2026-05-28 15:44:15,257.0,mm,DD,257
2026-05-28 15:44:15,2026-05-28 15:44:15,257.0,mm,DD,257
2026-05-28 15:44:09,2026-05-28 15:44:10,257.0,mm,DD,257
2026-05-28 15:44:09,2026-05-28 15:44:10,257.0,mm,DD,257
2026-05-28 15:44:09,2026-05-28 15:44:10,257.0,mm,DD,257
2026-05-28 15:44:09,2026-05-28 15:44:10,257.0,mm,A,257
2026-05-28 15:43:47,2026-05-28 15:44:10,257.0,mm,DD,257
2026-05-28 15:43:47,2026-05-28 15:44:10,257.0,mm,AS,257
2026-05-28 13:03:15,2026-05-28 13:03:15,256.0,mm,DD,256
2026-05-28 13:03:08,2026-05-28 13:03:08,256.0,mm,DD,256
2026-05-28 13:03:08,2026-05-28 13:03:08,256.0,mm,DD,256
2026-05-28 13:03:08,2026-05-28 13:03:08,256.0,mm,DD,256
2026-05-28 13:03:08,2026-05-28 13:03:08,256.0,mm,DD,256
2026-05-28 13:03:08,2026-05-28 13:03:08,256.0,mm,A,256
2026-05-28 13:02:46,2026-05-28 13:03:08,256.0,mm,AS,256
2026-05-28 12:11:51,2026-05-28 12:11:51,438.0,mm,PD,438
2026-05-28 11:32:36,2026-05-28 11:32:36,256.0,mm,DD,256
2026-05-28 11:32:36,2026-05-28 11:32:36,256.0,mm,DD,256
2026-05-28 11:32:36,2026-05-28 11:32:36,256.0,mm,DD,256
2026-05-28 11:32:36,2026-05-28 11:32:36,256.0,mm,DD,256
2026-05-28 11:32:36,2026-05-28 11:32:36,256.0,mm,DD,256
2026-05-28 11:32:36,2026-05-28 11:32:36,256.0,mm,DD,256
2026-05-28 11:32:13,2026-05-28 11:32:36,256.0,mm,DD,256
2026-05-28 11:32:13,2026-05-28 11:32:36,256.0,mm,A,256
2026-05-28 10:26:20,2026-05-28 10:26:20,255.0,mm,DD,255
2026-05-28 10:26:14,2026-05-28 10:26:14,255.0,mm,DD,255
2026-05-28 10:26:14,2026-05-28 10:26:14,255.0,mm,DD,255
2026-05-28 10:26:14,2026-05-28 10:26:14,255.0,mm,DD,255
2026-05-28 10:25:52,2026-05-28 10:26:14,255.0,mm,A,255
2026-05-28 10:14:14,2026-05-28 10:14:14,254.0,mm,DD,254
2026-05-28 10:14:07,2026-05-28 10:14:08,254.0,mm,DD,254
2026-05-28 10:14:07,2026-05-28 10:14:08,254.0,mm,DD,254
2026-05-28 10:14:07,2026-05-28 10:14:08,254.0,mm,DD,254
2026-05-28 10:14:07,2026-05-28 10:14:08,254.0,mm,DD,254
2026-05-28 10:14:07,2026-05-28 10:14:08,254.0,mm,DD,254
2026-05-28 10:14:07,2026-05-28 10:14:08,254.0,mm,A,254
2026-05-28 10:13:47,2026-05-28 10:14:08,254.0,mm,DD,254
2026-05-28 10:13:47,2026-05-28 10:14:08,254.0,mm,AS,254
2026-05-28 09:42:03,2026-05-28 09:42:03,253.0,mm,DD,253
2026-05-28 09:42:03,2026-05-28 09:42:03,253.0,mm,DD,253
2026-05-28 09:42:03,2026-05-28 09:42:03,253.0,mm,DD,253
2026-05-28 09:42:03,2026-05-28 09:42:03,253.0,mm,DD,253
2026-05-28 09:42:02,2026-05-28 09:42:02,253.0,mm,DD,253
2026-05-28 09:42:02,2026-05-28 09:42:02,253.0,mm,DD,253
2026-05-28 09:42:02,2026-05-28 09:42:02,253.0,mm,A,253
2026-05-28 09:41:40,2026-05-28 09:42:02,253.0,mm,A,253
2026-05-28 09:24:15,2026-05-28 09:24:15,432.0,mm,PD,432
2026-05-28 09:23:58,2026-05-28 09:23:58,252.0,mm,DD,252
2026-05-28 09:23:52,2026-05-28 09:23:52,252.0,mm,DD,252
2026-05-28 09:23:52,2026-05-28 09:23:52,252.0,mm,DD,252
2026-05-28 09:23:52,2026-05-28 09:23:52,252.0,mm,DD,252
2026-05-28 09:23:30,2026-05-28 09:23:52,252.0,mm,A,252
2026-05-28 08:56:16,2026-05-28 08:56:16,251.0,mm,DD,251
2026-05-28 08:56:10,2026-05-28 08:56:10,251.0,mm,DD,251
2026-05-28 08:56:05,2026-05-28 08:56:05,251.0,mm,DD,251
2026-05-28 08:56:05,2026-05-28 08:56:05,251.0,mm,DD,251
2026-05-28 08:56:04,2026-05-28 08:56:05,251.0,mm,DD,251
2026-05-28 08:56:04,2026-05-28 08:56:05,251.0,mm,A,251
2026-05-28 08:55:42,2026-05-28 08:56:05,251.0,mm,DD,251
2026-05-28 08:55:42,2026-05-28 08:56:05,251.0,mm,A,251
2026-05-28 08:36:22,2026-05-28 08:36:22,250.0,mm,DD,250
2026-05-28 08:36:16,2026-05-28 08:36:16,250.0,mm,DD,250
2026-05-28 08:36:16,2026-05-28 08:36:16,250.0,mm,DD,250
2026-05-28 08:36:16,2026-05-28 08:36:16,250.0,mm,DD,250
2026-05-28 08:36:16,2026-05-28 08:36:16,250.0,mm,A,250
2026-05-28 08:35:54,2026-05-28 08:36:16,250.0,mm,AS,250
2026-05-28 08:24:36,2026-05-28 08:24:36,249.0,mm,DD,249
2026-05-28 08:24:36,2026-05-28 08:24:36,249.0,mm,DD,249
2026-05-28 08:24:36,2026-05-28 08:24:36,249.0,mm,DD,249
2026-05-28 08:24:36,2026-05-28 08:24:36,249.0,mm,DD,249
2026-05-28 08:24:36,2026-05-28 08:24:36,249.0,mm,A,249
2026-05-28 08:24:14,2026-05-28 08:24:36,249.0,mm,DD,249
2026-05-28 08:24:14,2026-05-28 08:24:36,249.0,mm,A,249
2026-05-28 08:16:44,2026-05-28 08:16:44,248.0,mm,DD,248
2026-05-28 08:16:44,2026-05-28 08:16:44,248.0,mm,DD,248
2026-05-28 08:16:44,2026-05-28 08:16:44,248.0,mm,DD,248
2026-05-28 08:16:21,2026-05-28 08:16:43,248.0,mm,A,248
2026-05-28 08:11:20,2026-05-28 08:11:20,247.0,mm,DD,247
2026-05-28 08:11:19,2026-05-28 08:11:20,247.0,mm,DD,247
2026-05-28 08:11:13,2026-05-28 08:11:14,247.0,mm,DD,247
2026-05-28 08:11:13,2026-05-28 08:11:14,247.0,mm,DD,247
2026-05-28 08:11:13,2026-05-28 08:11:14,247.0,mm,DD,247
2026-05-28 08:11:13,2026-05-28 08:11:14,247.0,mm,A,247
2026-05-28 08:10:51,2026-05-28 08:11:14,247.0,mm,DD,247
2026-05-28 08:10:51,2026-05-28 08:11:14,247.0,mm,DD,247
2026-05-28 08:07:09,2026-05-28 08:07:10,246.0,mm,DD,246
2026-05-28 08:07:09,2026-05-28 08:07:10,246.0,mm,DD,246
2026-05-28 08:07:08,2026-05-28 08:07:09,246.0,mm,DD,246
2026-05-28 08:07:08,2026-05-28 08:07:09,246.0,mm,A,246
2026-05-28 08:06:46,2026-05-28 08:07:09,246.0,mm,AS,246
2026-05-28 08:02:14,2026-05-28 08:02:14,245.0,mm,DD,245
2026-05-28 08:02:08,2026-05-28 08:02:09,245.0,mm,DD,245
2026-05-28 08:02:08,2026-05-28 08:02:09,245.0,mm,DD,245
2026-05-28 08:02:08,2026-05-28 08:02:09,245.0,mm,DD,245
2026-05-28 08:02:08,2026-05-28 08:02:09,245.0,mm,A,245
2026-05-28 08:01:46,2026-05-28 08:02:09,245.0,mm,DD,245
2026-05-28 08:01:46,2026-05-28 08:02:09,245.0,mm,AS,245
2026-05-28 07:53:44,2026-05-28 07:53:44,244.0,mm,A,244
2026-05-28 07:53:43,2026-05-28 07:53:44,1,253.0,mm,DD,1253
2026-05-28 07:53:43,2026-05-28 07:53:44,1,253.0,mm,DD,1253
2026-05-28 07:53:43,2026-05-28 07:53:44,1,253.0,mm,DD,1253
2026-05-28 07:53:43,2026-05-28 07:53:44,1,253.0,mm,PD,1253
2026-05-28 07:53:38,2026-05-28 07:53:38,244.0,mm,DD,244
2026-05-28 07:53:38,2026-05-28 07:53:38,244.0,mm,DD,244
2026-05-28 07:53:38,2026-05-28 07:53:38,244.0,mm,DD,244
2026-05-28 07:53:38,2026-05-28 07:53:38,244.0,mm,A,244
2026-05-28 07:53:22,2026-05-28 07:53:44,1,253.0,mm,PD,1253
2026-05-28 07:53:16,2026-05-28 07:53:38,244.0,mm,AS,244
2026-05-28 07:34:46,2026-05-28 07:34:46,243.0,mm,DD,243
2026-05-28 07:34:40,2026-05-28 07:34:41,243.0,mm,DD,243
2026-05-28 07:34:40,2026-05-28 07:34:41,243.0,mm,DD,243
2026-05-28 07:34:40,2026-05-28 07:34:41,243.0,mm,DD,243
2026-05-28 07:34:40,2026-05-28 07:34:41,243.0,mm,DD,243
2026-05-28 07:34:19,2026-05-28 07:34:40,243.0,mm,A,243
2026-05-28 07:26:46,2026-05-28 07:26:46,242.0,mm,DD,242
2026-05-28 07:26:46,2026-05-28 07:26:46,242.0,mm,DD,242
2026-05-28 07:26:46,2026-05-28 07:26:46,242.0,mm,DD,242
2026-05-28 07:26:46,2026-05-28 07:26:46,242.0,mm,DD,242
2026-05-28 07:26:46,2026-05-28 07:26:46,242.0,mm,A,242
2026-05-28 07:26:24,2026-05-28 07:26:46,242.0,mm,A,242
2026-05-28 07:17:03,2026-05-28 07:17:03,241.0,mm,DD,241
2026-05-28 07:17:03,2026-05-28 07:17:03,241.0,mm,DD,241
2026-05-28 07:17:03,2026-05-28 07:17:03,241.0,mm,DD,241
2026-05-28 07:17:03,2026-05-28 07:17:03,241.0,mm,A,241
2026-05-28 07:16:42,2026-05-28 07:17:03,241.0,mm,A,241
2026-05-28 07:03:19,2026-05-28 07:03:19,240.0,mm,DD,240
2026-05-28 07:03:18,2026-05-28 07:03:18,240.0,mm,DD,240
2026-05-28 07:03:13,2026-05-28 07:03:13,240.0,mm,DD,240
2026-05-28 07:03:13,2026-05-28 07:03:13,240.0,mm,DD,240
2026-05-28 07:03:08,2026-05-28 07:03:08,240.0,mm,DD,240
2026-05-28 07:03:08,2026-05-28 07:03:08,240.0,mm,DD,240
2026-05-28 07:03:08,2026-05-28 07:03:08,240.0,mm,DD,240
2026-05-28 07:03:07,2026-05-28 07:03:07,240.0,mm,DD,240
2026-05-28 07:03:07,2026-05-28 07:03:07,240.0,mm,DD,240
2026-05-28 07:03:07,2026-05-28 07:03:07,240.0,mm,A,240
2026-05-28 07:02:46,2026-05-28 07:03:07,240.0,mm,DD,240
2026-05-28 07:02:46,2026-05-28 07:03:07,240.0,mm,AS,240
2026-05-28 06:39:46,2026-05-28 06:39:46,427.0,mm,DD,427
2026-05-28 06:39:40,2026-05-28 06:39:41,427.0,mm,DD,427
2026-05-28 06:39:40,2026-05-28 06:39:41,427.0,mm,DD,427
2026-05-28 06:39:40,2026-05-28 06:39:41,427.0,mm,DD,427
2026-05-28 06:39:40,2026-05-28 06:39:41,427.0,mm,DD,427
2026-05-28 06:39:40,2026-05-28 06:39:41,427.0,mm,DD,427
2026-05-28 06:39:40,2026-05-28 06:39:41,427.0,mm,PD,427
2026-05-28 04:03:12,2026-05-28 04:03:12,240.0,mm,DD,240
2026-05-28 04:03:06,2026-05-28 04:03:06,240.0,mm,DD,240
2026-05-28 04:03:06,2026-05-28 04:03:06,240.0,mm,DD,240
2026-05-28 04:03:06,2026-05-28 04:03:06,240.0,mm,DD,240
2026-05-28 04:03:06,2026-05-28 04:03:06,240.0,mm,DD,240
2026-05-28 04:03:06,2026-05-28 04:03:06,240.0,mm,DD,240
2026-05-28 04:03:06,2026-05-28 04:03:06,240.0,mm,DD,240
2026-05-28 04:03:06,2026-05-28 04:03:06,240.0,mm,A,240
2026-05-28 04:02:44,2026-05-28 04:03:05,240.0,mm,DD,240
2026-05-28 04:02:44,2026-05-28 04:03:05,240.0,mm,A,240
2026-05-28 02:45:26,2026-05-28 02:45:26,239.0,mm,DD,239
2026-05-28 02:45:25,2026-05-28 02:45:25,239.0,mm,DD,239
2026-05-28 02:45:20,2026-05-28 02:45:20,239.0,mm,DD,239
2026-05-28 02:45:20,2026-05-28 02:45:20,239.0,mm,DD,239
2026-05-28 02:45:20,2026-05-28 02:45:20,239.0,mm,DD,239
2026-05-28 02:45:20,2026-05-28 02:45:20,239.0,mm,A,239
2026-05-28 02:44:59,2026-05-28 02:45:20,239.0,mm,AS,239
2026-05-28 02:41:06,2026-05-28 02:41:06,238.0,mm,DD,238
2026-05-28 02:40:59,2026-05-28 02:41:00,238.0,mm,DD,238
2026-05-28 02:40:59,2026-05-28 02:41:00,238.0,mm,DD,238
2026-05-28 02:40:59,2026-05-28 02:41:00,238.0,mm,DD,238
2026-05-28 02:40:59,2026-05-28 02:41:00,238.0,mm,A,238
2026-05-28 02:40:39,2026-05-28 02:41:00,238.0,mm,AS,238
2026-05-28 02:36:31,2026-05-28 02:36:31,237.0,mm,DD,237
2026-05-28 02:36:25,2026-05-28 02:36:25,237.0,mm,DD,237
2026-05-28 02:36:25,2026-05-28 02:36:25,237.0,mm,DD,237
2026-05-28 02:36:25,2026-05-28 02:36:25,237.0,mm,DD,237
2026-05-28 02:36:25,2026-05-28 02:36:25,237.0,mm,DD,237
2026-05-28 02:36:25,2026-05-28 02:36:25,237.0,mm,DD,237
2026-05-28 02:36:04,2026-05-28 02:36:25,237.0,mm,A,237
2026-05-28 02:33:31,2026-05-28 02:33:31,236.0,mm,DD,236
2026-05-28 02:33:25,2026-05-28 02:33:25,236.0,mm,DD,236
2026-05-28 02:33:25,2026-05-28 02:33:25,236.0,mm,DD,236
2026-05-28 02:33:25,2026-05-28 02:33:25,236.0,mm,A,236
2026-05-28 02:33:05,2026-05-28 02:33:25,236.0,mm,A,236
2026-05-28 02:15:08,2026-05-28 02:15:08,235.0,mm,DD,235
2026-05-28 02:15:01,2026-05-28 02:15:01,235.0,mm,DD,235
2026-05-28 02:15:01,2026-05-28 02:15:01,235.0,mm,DD,235
2026-05-28 02:15:01,2026-05-28 02:15:01,235.0,mm,DD,235
2026-05-28 02:15:01,2026-05-28 02:15:01,235.0,mm,DD,235
2026-05-28 02:15:01,2026-05-28 02:15:01,235.0,mm,DD,235
2026-05-28 02:15:00,2026-05-28 02:15:00,235.0,mm,A,235
2026-05-28 02:01:31,2026-05-28 02:01:31,234.0,mm,DD,234
2026-05-28 02:01:25,2026-05-28 02:01:25,234.0,mm,DD,234
2026-05-28 02:01:25,2026-05-28 02:01:25,234.0,mm,DD,234
2026-05-28 02:01:20,2026-05-28 02:01:20,234.0,mm,DD,234
2026-05-28 02:01:20,2026-05-28 02:01:20,234.0,mm,DD,234
2026-05-28 02:01:19,2026-05-28 02:01:20,234.0,mm,DD,234
2026-05-28 02:01:19,2026-05-28 02:01:20,234.0,mm,DD,234
2026-05-28 02:01:19,2026-05-28 02:01:20,234.0,mm,A,234
2026-05-28 01:03:11,2026-05-28 01:03:11,233.0,mm,DD,233
2026-05-28 01:03:05,2026-05-28 01:03:05,233.0,mm,DD,233
2026-05-28 01:03:05,2026-05-28 01:03:05,233.0,mm,DD,233
2026-05-28 01:03:05,2026-05-28 01:03:05,233.0,mm,DD,233
2026-05-28 01:03:05,2026-05-28 01:03:05,233.0,mm,A,233
2026-05-28 01:02:44,2026-05-28 01:03:05,233.0,mm,DD,233
2026-05-28 01:02:44,2026-05-28 01:03:05,233.0,mm,A,233
2026-05-27 22:38:51,2026-05-27 22:38:51,129.0,mm,DD,129
2026-05-27 22:38:50,2026-05-27 22:38:50,129.0,mm,DD,129
2026-05-27 22:38:45,2026-05-27 22:38:46,129.0,mm,DD,129
2026-05-27 22:38:45,2026-05-27 22:38:46,129.0,mm,DD,129
2026-05-27 22:38:45,2026-05-27 22:38:46,129.0,mm,DD,129
2026-05-27 22:38:44,2026-05-27 22:38:44,129.0,mm,DD,129
2026-05-27 22:38:44,2026-05-27 22:38:44,129.0,mm,DD,129
2026-05-27 22:38:44,2026-05-27 22:38:44,129.0,mm,DD,129
2026-05-27 22:38:44,2026-05-27 22:38:44,129.0,mm,ND,129
2026-05-27 22:03:16,2026-05-27 22:03:16,233.0,mm,DD,233
2026-05-27 22:03:15,2026-05-27 22:03:15,233.0,mm,DD,233
2026-05-27 22:03:10,2026-05-27 22:03:10,233.0,mm,DD,233
2026-05-27 22:03:10,2026-05-27 22:03:10,233.0,mm,DD,233
2026-05-27 22:03:10,2026-05-27 22:03:10,233.0,mm,DD,233
2026-05-27 22:03:09,2026-05-27 22:03:09,233.0,mm,DD,233
2026-05-27 22:03:09,2026-05-27 22:03:09,233.0,mm,DD,233
2026-05-27 22:03:09,2026-05-27 22:03:09,233.0,mm,DD,233
2026-05-27 22:03:09,2026-05-27 22:03:09,233.0,mm,A,233
2026-05-27 19:03:10,2026-05-27 19:03:10,233.0,mm,DD,233
2026-05-27 19:03:09,2026-05-27 19:03:09,233.0,mm,DD,233
2026-05-27 19:03:03,2026-05-27 19:03:04,233.0,mm,DD,233
2026-05-27 19:03:03,2026-05-27 19:03:04,233.0,mm,DD,233
2026-05-27 19:03:03,2026-05-27 19:03:04,233.0,mm,DD,233
2026-05-27 19:03:03,2026-05-27 19:03:04,233.0,mm,DD,233
2026-05-27 19:03:03,2026-05-27 19:03:04,233.0,mm,DD,233
2026-05-27 19:03:03,2026-05-27 19:03:04,233.0,mm,DD,233
2026-05-27 19:03:03,2026-05-27 19:03:04,233.0,mm,A,233
2026-05-27 19:02:43,2026-05-27 19:03:04,233.0,mm,DD,233
2026-05-27 19:02:43,2026-05-27 19:03:04,233.0,mm,AS,233
2026-05-27 17:24:28,2026-05-27 17:24:28,233.0,mm,DD,233
2026-05-27 17:24:27,2026-05-27 17:24:27,233.0,mm,DD,233
2026-05-27 17:24:21,2026-05-27 17:24:21,233.0,mm,DD,233
2026-05-27 17:24:21,2026-05-27 17:24:21,233.0,mm,DD,233
2026-05-27 17:24:21,2026-05-27 17:24:21,233.0,mm,DD,233
2026-05-27 17:24:21,2026-05-27 17:24:21,233.0,mm,A,233
2026-05-27 16:56:07,2026-05-27 16:56:07,248.0,mm,DD,248
2026-05-27 16:56:07,2026-05-27 16:56:07,248.0,mm,DD,248
2026-05-27 16:56:06,2026-05-27 16:56:06,248.0,mm,DD,248
2026-05-27 16:56:02,2026-05-27 16:56:02,248.0,mm,DD,248
2026-05-27 16:56:02,2026-05-27 16:56:02,248.0,mm,PD,248
2026-05-27 16:56:01,2026-05-27 16:56:01,232.0,mm,A,232
2026-05-27 16:56:00,2026-05-27 16:56:01,248.0,mm,DD,248
2026-05-27 16:56:00,2026-05-27 16:56:01,248.0,mm,DD,248
2026-05-27 16:56:00,2026-05-27 16:56:01,248.0,mm,DD,248
2026-05-27 16:56:00,2026-05-27 16:56:01,248.0,mm,DD,248
2026-05-27 16:55:56,2026-05-27 16:55:56,232.0,mm,DD,232
2026-05-27 16:55:56,2026-05-27 16:55:56,232.0,mm,DD,232
2026-05-27 16:55:56,2026-05-27 16:55:56,232.0,mm,DD,232
2026-05-27 16:55:56,2026-05-27 16:55:56,232.0,mm,DD,232
2026-05-27 16:55:56,2026-05-27 16:55:56,232.0,mm,A,232
2026-05-27 16:37:51,2026-05-27 16:37:51,412.0,mm,DD,412
2026-05-27 16:37:46,2026-05-27 16:37:46,412.0,mm,DD,412
2026-05-27 16:37:45,2026-05-27 16:37:45,412.0,mm,DD,412
2026-05-27 16:37:45,2026-05-27 16:37:45,412.0,mm,DD,412
2026-05-27 16:37:45,2026-05-27 16:37:45,412.0,mm,DD,412
2026-05-27 16:37:45,2026-05-27 16:37:45,412.0,mm,DD,412
2026-05-27 16:37:45,2026-05-27 16:37:45,412.0,mm,DD,412
2026-05-27 16:37:45,2026-05-27 16:37:45,412.0,mm,PD,412
2026-05-27 16:03:03,2026-05-27 16:03:03,231.0,mm,DD,231
2026-05-27 16:03:03,2026-05-27 16:03:03,231.0,mm,DD,231
2026-05-27 16:03:03,2026-05-27 16:03:03,231.0,mm,DD,231
2026-05-27 16:03:03,2026-05-27 16:03:03,231.0,mm,DD,231
2026-05-27 16:03:03,2026-05-27 16:03:03,231.0,mm,DD,231
2026-05-27 16:03:03,2026-05-27 16:03:03,231.0,mm,DD,231
2026-05-27 16:03:03,2026-05-27 16:03:03,231.0,mm,DD,231
2026-05-27 16:03:03,2026-05-27 16:03:03,231.0,mm,DD,231
2026-05-27 16:03:03,2026-05-27 16:03:03,231.0,mm,A,231
2026-05-27 15:51:28,2026-05-27 15:51:28,231.0,mm,DD,231
2026-05-27 15:51:22,2026-05-27 15:51:23,231.0,mm,DD,231
2026-05-27 15:51:22,2026-05-27 15:51:23,231.0,mm,DD,231
2026-05-27 15:51:22,2026-05-27 15:51:23,231.0,mm,DD,231
2026-05-27 15:51:22,2026-05-27 15:51:23,231.0,mm,DD,231
2026-05-27 15:51:22,2026-05-27 15:51:23,231.0,mm,A,231
2026-05-27 13:03:09,2026-05-27 13:03:09,230.0,mm,DD,230
2026-05-27 13:03:08,2026-05-27 13:03:08,230.0,mm,DD,230
2026-05-27 13:03:08,2026-05-27 13:03:08,230.0,mm,DD,230
2026-05-27 13:03:07,2026-05-27 13:03:08,230.0,mm,DD,230
2026-05-27 13:03:07,2026-05-27 13:03:08,230.0,mm,DD,230
2026-05-27 13:03:03,2026-05-27 13:03:03,230.0,mm,DD,230
2026-05-27 13:03:03,2026-05-27 13:03:03,230.0,mm,DD,230
2026-05-27 13:03:02,2026-05-27 13:03:02,230.0,mm,DD,230
2026-05-27 13:03:02,2026-05-27 13:03:02,230.0,mm,A,230
2026-05-27 10:03:08,2026-05-27 10:03:08,230.0,mm,DD,230
2026-05-27 10:03:01,2026-05-27 10:03:02,230.0,mm,DD,230
2026-05-27 10:03:01,2026-05-27 10:03:02,230.0,mm,DD,230
2026-05-27 10:03:01,2026-05-27 10:03:02,230.0,mm,DD,230
2026-05-27 10:03:01,2026-05-27 10:03:02,230.0,mm,DD,230
2026-05-27 10:03:01,2026-05-27 10:03:02,230.0,mm,DD,230
2026-05-27 10:03:01,2026-05-27 10:03:02,230.0,mm,A,230
2026-05-27 07:03:07,2026-05-27 07:03:07,230.0,mm,DD,230
2026-05-27 07:03:06,2026-05-27 07:03:06,230.0,mm,DD,230
2026-05-27 07:03:06,2026-05-27 07:03:06,230.0,mm,DD,230
2026-05-27 07:03:01,2026-05-27 07:03:01,230.0,mm,DD,230
2026-05-27 07:03:00,2026-05-27 07:03:01,230.0,mm,DD,230
2026-05-27 07:03:00,2026-05-27 07:03:01,230.0,mm,DD,230
2026-05-27 07:03:00,2026-05-27 07:03:01,230.0,mm,DD,230
2026-05-27 07:03:00,2026-05-27 07:03:01,230.0,mm,DD,230
2026-05-27 07:03:00,2026-05-27 07:03:01,230.0,mm,A,230
2026-05-27 05:10:36,2026-05-27 05:10:36,230.0,mm,DD,230
2026-05-27 05:10:30,2026-05-27 05:10:30,230.0,mm,DD,230
2026-05-27 05:10:30,2026-05-27 05:10:30,230.0,mm,DD,230
2026-05-27 05:10:30,2026-05-27 05:10:30,230.0,mm,DD,230
2026-05-27 05:10:30,2026-05-27 05:10:30,230.0,mm,DD,230
2026-05-27 05:10:30,2026-05-27 05:10:30,230.0,mm,A,230
2026-05-27 04:33:15,2026-05-27 04:33:15,229.0,mm,DD,229
2026-05-27 04:33:09,2026-05-27 04:33:09,229.0,mm,DD,229
2026-05-27 04:33:09,2026-05-27 04:33:09,229.0,mm,DD,229
2026-05-27 04:33:09,2026-05-27 04:33:09,229.0,mm,DD,229
2026-05-27 04:33:09,2026-05-27 04:33:09,229.0,mm,DD,229
2026-05-27 04:33:09,2026-05-27 04:33:09,229.0,mm,A,229
2026-05-27 04:03:06,2026-05-27 04:03:06,228.0,mm,DD,228
2026-05-27 04:03:00,2026-05-27 04:03:00,228.0,mm,DD,228
2026-05-27 04:03:00,2026-05-27 04:03:00,228.0,mm,DD,228
2026-05-27 04:03:00,2026-05-27 04:03:00,228.0,mm,DD,228
2026-05-27 04:03:00,2026-05-27 04:03:00,228.0,mm,DD,228
2026-05-27 04:03:00,2026-05-27 04:03:00,228.0,mm,A,228
2026-05-27 01:03:05,2026-05-27 01:03:05,228.0,mm,DD,228
2026-05-27 01:02:59,2026-05-27 01:02:59,228.0,mm,DD,228
2026-05-27 01:02:59,2026-05-27 01:02:59,228.0,mm,DD,228
2026-05-27 01:02:59,2026-05-27 01:02:59,228.0,mm,DD,228
2026-05-27 01:02:59,2026-05-27 01:02:59,228.0,mm,DD,228
2026-05-27 01:02:59,2026-05-27 01:02:59,228.0,mm,A,228
2026-05-26 22:03:05,2026-05-26 22:03:05,228.0,mm,DD,228
2026-05-26 22:02:58,2026-05-26 22:02:58,228.0,mm,DD,228
2026-05-26 22:02:58,2026-05-26 22:02:58,228.0,mm,DD,228
2026-05-26 22:02:58,2026-05-26 22:02:58,228.0,mm,DD,228
2026-05-26 22:02:58,2026-05-26 22:02:58,228.0,mm,DD,228
2026-05-26 22:02:58,2026-05-26 22:02:58,228.0,mm,A,228
2026-05-26 19:03:04,2026-05-26 19:03:04,228.0,mm,DD,228
2026-05-26 19:02:58,2026-05-26 19:02:58,228.0,mm,A,228
2026-05-26 19:02:57,2026-05-26 19:02:58,228.0,mm,DD,228
2026-05-26 19:02:57,2026-05-26 19:02:58,228.0,mm,DD,228
2026-05-26 19:02:57,2026-05-26 19:02:58,228.0,mm,DD,228
2026-05-26 19:02:57,2026-05-26 19:02:58,228.0,mm,DD,228
2026-05-26 16:03:04,2026-05-26 16:03:04,228.0,mm,A,228
2026-05-26 16:03:02,2026-05-26 16:03:02,1,924.0,mm,DD,1924
2026-05-26 16:03:02,2026-05-26 16:03:02,1,924.0,mm,DD,1924
2026-05-26 16:03:02,2026-05-26 16:03:02,1,924.0,mm,PD,1924
2026-05-26 16:02:57,2026-05-26 16:02:58,228.0,mm,DD,228
2026-05-26 16:02:57,2026-05-26 16:02:58,228.0,mm,DD,228
2026-05-26 16:02:57,2026-05-26 16:02:58,228.0,mm,DD,228
2026-05-26 16:02:57,2026-05-26 16:02:58,228.0,mm,DD,228
2026-05-26 16:02:57,2026-05-26 16:02:58,228.0,mm,A,228
2026-05-26 13:03:02,2026-05-26 13:03:02,228.0,mm,DD,228
2026-05-26 13:02:56,2026-05-26 13:02:56,228.0,mm,DD,228
2026-05-26 13:02:56,2026-05-26 13:02:56,228.0,mm,DD,228
2026-05-26 13:02:56,2026-05-26 13:02:56,228.0,mm,DD,228
2026-05-26 13:02:56,2026-05-26 13:02:56,228.0,mm,DD,228
2026-05-26 13:02:56,2026-05-26 13:02:56,228.0,mm,A,228
2026-05-26 10:03:01,2026-05-26 10:03:01,228.0,mm,DD,228
2026-05-26 10:02:55,2026-05-26 10:02:55,228.0,mm,DD,228
2026-05-26 10:02:55,2026-05-26 10:02:55,228.0,mm,DD,228
2026-05-26 10:02:55,2026-05-26 10:02:55,228.0,mm,DD,228
2026-05-26 10:02:55,2026-05-26 10:02:55,228.0,mm,DD,228
2026-05-26 10:02:55,2026-05-26 10:02:55,228.0,mm,A,228
2026-05-26 07:03:01,2026-05-26 07:03:01,228.0,mm,DD,228
2026-05-26 07:03:00,2026-05-26 07:03:00,228.0,mm,DD,228
2026-05-26 07:03:00,2026-05-26 07:03:00,228.0,mm,DD,228
2026-05-26 07:02:55,2026-05-26 07:02:55,228.0,mm,DD,228
2026-05-26 07:02:54,2026-05-26 07:02:55,228.0,mm,DD,228
2026-05-26 07:02:54,2026-05-26 07:02:55,228.0,mm,DD,228
2026-05-26 07:02:54,2026-05-26 07:02:55,228.0,mm,DD,228
2026-05-26 07:02:54,2026-05-26 07:02:55,228.0,mm,A,228
2026-05-26 04:03:00,2026-05-26 04:03:00,228.0,mm,DD,228
2026-05-26 04:02:54,2026-05-26 04:02:54,228.0,mm,DD,228
2026-05-26 04:02:54,2026-05-26 04:02:54,228.0,mm,DD,228
2026-05-26 04:02:54,2026-05-26 04:02:54,228.0,mm,DD,228
2026-05-26 04:02:54,2026-05-26 04:02:54,228.0,mm,DD,228
2026-05-26 04:02:54,2026-05-26 04:02:54,228.0,mm,A,228
2026-05-26 01:02:59,2026-05-26 01:02:59,228.0,mm,DD,228
2026-05-26 01:02:58,2026-05-26 01:02:58,228.0,mm,DD,228
2026-05-26 01:02:58,2026-05-26 01:02:58,228.0,mm,DD,228
2026-05-26 01:02:53,2026-05-26 01:02:53,228.0,mm,DD,228
2026-05-26 01:02:53,2026-05-26 01:02:53,228.0,mm,DD,228
2026-05-26 01:02:53,2026-05-26 01:02:53,228.0,mm,DD,228
2026-05-26 01:02:53,2026-05-26 01:02:53,228.0,mm,DD,228
2026-05-26 01:02:53,2026-05-26 01:02:53,228.0,mm,A,228
2026-05-25 22:02:58,2026-05-25 22:02:58,228.0,mm,DD,228
2026-05-25 22:02:52,2026-05-25 22:02:52,228.0,mm,DD,228
2026-05-25 22:02:52,2026-05-25 22:02:52,228.0,mm,DD,228
2026-05-25 22:02:52,2026-05-25 22:02:52,228.0,mm,DD,228
2026-05-25 22:02:52,2026-05-25 22:02:52,228.0,mm,DD,228
2026-05-25 22:02:52,2026-05-25 22:02:52,228.0,mm,A,228
2026-05-25 19:02:58,2026-05-25 19:02:58,228.0,mm,DD,228
2026-05-25 19:02:57,2026-05-25 19:02:57,228.0,mm,DD,228
2026-05-25 19:02:57,2026-05-25 19:02:57,228.0,mm,DD,228
2026-05-25 19:02:51,2026-05-25 19:02:52,228.0,mm,DD,228
2026-05-25 19:02:51,2026-05-25 19:02:52,228.0,mm,DD,228
2026-05-25 19:02:51,2026-05-25 19:02:52,228.0,mm,DD,228
2026-05-25 19:02:51,2026-05-25 19:02:52,228.0,mm,DD,228
2026-05-25 19:02:51,2026-05-25 19:02:52,228.0,mm,A,228
2026-05-25 16:02:57,2026-05-25 16:02:57,228.0,mm,DD,228
2026-05-25 16:02:51,2026-05-25 16:02:51,228.0,mm,DD,228
2026-05-25 16:02:51,2026-05-25 16:02:51,228.0,mm,DD,228
2026-05-25 16:02:51,2026-05-25 16:02:51,228.0,mm,A,228
2026-05-25 13:02:56,2026-05-25 13:02:56,228.0,mm,DD,228
2026-05-25 13:02:50,2026-05-25 13:02:50,228.0,mm,DD,228
2026-05-25 13:02:50,2026-05-25 13:02:50,228.0,mm,DD,228
2026-05-25 13:02:50,2026-05-25 13:02:50,228.0,mm,DD,228
2026-05-25 13:02:50,2026-05-25 13:02:50,228.0,mm,DD,228
2026-05-25 13:02:50,2026-05-25 13:02:50,228.0,mm,A,228
2026-05-25 10:02:55,2026-05-25 10:02:55,228.0,mm,DD,228
2026-05-25 10:02:49,2026-05-25 10:02:49,228.0,mm,DD,228
2026-05-25 10:02:49,2026-05-25 10:02:49,228.0,mm,DD,228
2026-05-25 10:02:49,2026-05-25 10:02:49,228.0,mm,DD,228
2026-05-25 10:02:49,2026-05-25 10:02:49,228.0,mm,DD,228
2026-05-25 10:02:49,2026-05-25 10:02:49,228.0,mm,A,228
2026-05-25 07:02:55,2026-05-25 07:02:55,228.0,mm,DD,228
2026-05-25 07:02:48,2026-05-25 07:02:48,228.0,mm,DD,228
2026-05-25 07:02:48,2026-05-25 07:02:48,228.0,mm,DD,228
2026-05-25 07:02:48,2026-05-25 07:02:48,228.0,mm,DD,228
2026-05-25 07:02:48,2026-05-25 07:02:48,228.0,mm,DD,228
2026-05-25 07:02:48,2026-05-25 07:02:48,228.0,mm,A,228
2026-05-25 05:19:53,2026-05-25 05:19:53,533.0,mm,DD,533
2026-05-25 05:19:53,2026-05-25 05:19:53,533.0,mm,DD,533
2026-05-25 05:19:53,2026-05-25 05:19:53,533.0,mm,DD,533
2026-05-25 05:19:52,2026-05-25 05:19:52,533.0,mm,DD,533
2026-05-25 05:19:52,2026-05-25 05:19:52,533.0,mm,DD,533
2026-05-25 05:19:52,2026-05-25 05:19:52,533.0,mm,DD,533
2026-05-25 05:19:52,2026-05-25 05:19:52,533.0,mm,PD,533
2026-05-25 04:02:54,2026-05-25 04:02:54,228.0,mm,DD,228
2026-05-25 04:02:48,2026-05-25 04:02:48,228.0,mm,A,228
2026-05-25 04:02:47,2026-05-25 04:02:48,228.0,mm,DD,228
2026-05-25 04:02:47,2026-05-25 04:02:48,228.0,mm,DD,228
2026-05-25 04:02:47,2026-05-25 04:02:48,228.0,mm,DD,228
2026-05-25 04:02:47,2026-05-25 04:02:48,228.0,mm,DD,228
2026-05-25 01:02:53,2026-05-25 01:02:53,228.0,mm,DD,228
2026-05-25 01:02:47,2026-05-25 01:02:47,228.0,mm,DD,228
2026-05-25 01:02:47,2026-05-25 01:02:47,228.0,mm,DD,228
2026-05-25 01:02:47,2026-05-25 01:02:47,228.0,mm,DD,228
2026-05-25 01:02:47,2026-05-25 01:02:47,228.0,mm,DD,228
2026-05-25 01:02:47,2026-05-25 01:02:47,228.0,mm,A,228
2026-05-24 22:38:28,2026-05-24 22:38:28,129.0,mm,DD,129
2026-05-24 22:38:22,2026-05-24 22:38:22,129.0,mm,DD,129
2026-05-24 22:38:20,2026-05-24 22:38:21,129.0,mm,DD,129
2026-05-24 22:38:20,2026-05-24 22:38:21,129.0,mm,DD,129
2026-05-24 22:38:20,2026-05-24 22:38:21,129.0,mm,DD,129
2026-05-24 22:38:20,2026-05-24 22:38:21,129.0,mm,ND,129
2026-05-24 22:02:52,2026-05-24 22:02:52,228.0,mm,DD,228
2026-05-24 22:02:46,2026-05-24 22:02:46,228.0,mm,DD,228
2026-05-24 22:02:46,2026-05-24 22:02:46,228.0,mm,DD,228
2026-05-24 22:02:46,2026-05-24 22:02:46,228.0,mm,DD,228
2026-05-24 22:02:46,2026-05-24 22:02:46,228.0,mm,DD,228
2026-05-24 22:02:46,2026-05-24 22:02:46,228.0,mm,A,228
2026-05-24 19:02:52,2026-05-24 19:02:52,228.0,mm,DD,228
2026-05-24 19:02:46,2026-05-24 19:02:46,228.0,mm,DD,228
2026-05-24 19:02:46,2026-05-24 19:02:46,228.0,mm,DD,228
2026-05-24 19:02:45,2026-05-24 19:02:45,228.0,mm,DD,228
2026-05-24 19:02:45,2026-05-24 19:02:45,228.0,mm,DD,228
2026-05-24 19:02:45,2026-05-24 19:02:45,228.0,mm,A,228
2026-05-24 16:02:51,2026-05-24 16:02:51,228.0,mm,DD,228
2026-05-24 16:02:44,2026-05-24 16:02:45,228.0,mm,DD,228
2026-05-24 16:02:44,2026-05-24 16:02:45,228.0,mm,DD,228
2026-05-24 16:02:44,2026-05-24 16:02:45,228.0,mm,DD,228
2026-05-24 16:02:44,2026-05-24 16:02:45,228.0,mm,A,228
2026-05-24 13:02:50,2026-05-24 13:02:50,228.0,mm,DD,228
2026-05-24 13:02:44,2026-05-24 13:02:44,228.0,mm,DD,228
2026-05-24 13:02:44,2026-05-24 13:02:44,228.0,mm,DD,228
2026-05-24 13:02:44,2026-05-24 13:02:44,228.0,mm,DD,228
2026-05-24 13:02:43,2026-05-24 13:02:44,228.0,mm,DD,228
2026-05-24 13:02:43,2026-05-24 13:02:44,228.0,mm,A,228
2026-05-24 10:02:49,2026-05-24 10:02:49,228.0,mm,DD,228
2026-05-24 10:02:43,2026-05-24 10:02:43,228.0,mm,DD,228
2026-05-24 10:02:43,2026-05-24 10:02:43,228.0,mm,DD,228
2026-05-24 10:02:43,2026-05-24 10:02:43,228.0,mm,DD,228
2026-05-24 10:02:43,2026-05-24 10:02:43,228.0,mm,DD,228
2026-05-24 10:02:43,2026-05-24 10:02:43,228.0,mm,A,228
2026-05-24 07:02:48,2026-05-24 07:02:48,228.0,mm,DD,228
2026-05-24 07:02:42,2026-05-24 07:02:42,228.0,mm,DD,228
2026-05-24 07:02:42,2026-05-24 07:02:42,228.0,mm,DD,228
2026-05-24 07:02:42,2026-05-24 07:02:42,228.0,mm,DD,228
2026-05-24 07:02:42,2026-05-24 07:02:42,228.0,mm,DD,228
2026-05-24 07:02:42,2026-05-24 07:02:42,228.0,mm,A,228
2026-05-24 04:02:48,2026-05-24 04:02:48,228.0,mm,DD,228
2026-05-24 04:02:41,2026-05-24 04:02:42,228.0,mm,DD,228
2026-05-24 04:02:41,2026-05-24 04:02:42,228.0,mm,DD,228
2026-05-24 04:02:41,2026-05-24 04:02:42,228.0,mm,DD,228
2026-05-24 04:02:41,2026-05-24 04:02:42,228.0,mm,DD,228
2026-05-24 04:02:41,2026-05-24 04:02:42,228.0,mm,DD,228
2026-05-24 04:02:41,2026-05-24 04:02:42,228.0,mm,A,228
2026-05-24 01:02:47,2026-05-24 01:02:47,228.0,mm,DD,228
2026-05-24 01:02:41,2026-05-24 01:02:41,228.0,mm,DD,228
2026-05-24 01:02:40,2026-05-24 01:02:41,228.0,mm,DD,228
2026-05-24 01:02:40,2026-05-24 01:02:41,228.0,mm,DD,228
2026-05-24 01:02:40,2026-05-24 01:02:41,228.0,mm,DD,228
2026-05-24 01:02:40,2026-05-24 01:02:41,228.0,mm,A,228
2026-05-23 22:02:40,2026-05-23 22:02:40,228.0,mm,DD,228
2026-05-23 22:02:40,2026-05-23 22:02:40,228.0,mm,DD,228
2026-05-23 22:02:40,2026-05-23 22:02:40,228.0,mm,A,228
2026-05-23 19:02:45,2026-05-23 19:02:45,228.0,mm,DD,228
2026-05-23 19:02:39,2026-05-23 19:02:39,228.0,mm,DD,228
2026-05-23 19:02:39,2026-05-23 19:02:39,228.0,mm,DD,228
2026-05-23 19:02:39,2026-05-23 19:02:39,228.0,mm,DD,228
2026-05-23 19:02:39,2026-05-23 19:02:39,228.0,mm,DD,228
2026-05-23 19:02:39,2026-05-23 19:02:39,228.0,mm,A,228
2026-05-23 16:02:38,2026-05-23 16:02:38,228.0,mm,DD,228
2026-05-23 16:02:38,2026-05-23 16:02:38,228.0,mm,DD,228
2026-05-23 16:02:38,2026-05-23 16:02:38,228.0,mm,DD,228
2026-05-23 16:02:38,2026-05-23 16:02:38,228.0,mm,DD,228
2026-05-23 16:02:38,2026-05-23 16:02:38,228.0,mm,A,228
2026-05-23 13:02:37,2026-05-23 13:02:38,228.0,mm,DD,228
2026-05-23 13:02:37,2026-05-23 13:02:38,228.0,mm,DD,228
2026-05-23 13:02:37,2026-05-23 13:02:38,228.0,mm,DD,228
2026-05-23 13:02:37,2026-05-23 13:02:38,228.0,mm,DD,228
2026-05-23 13:02:37,2026-05-23 13:02:38,228.0,mm,A,228
2026-05-23 10:02:36,2026-05-23 10:02:37,228.0,mm,DD,228
2026-05-23 10:02:36,2026-05-23 10:02:37,228.0,mm,DD,228
2026-05-23 10:02:36,2026-05-23 10:02:37,228.0,mm,DD,228
2026-05-23 10:02:36,2026-05-23 10:02:37,228.0,mm,A,228
2026-05-23 10:02:22,2026-05-23 10:02:37,228.0,mm,AS,228
2026-05-23 07:02:42,2026-05-23 07:02:42,228.0,mm,DD,228
2026-05-23 07:02:36,2026-05-23 07:02:36,228.0,mm,DD,228
2026-05-23 07:02:36,2026-05-23 07:02:36,228.0,mm,DD,228
2026-05-23 07:02:36,2026-05-23 07:02:36,228.0,mm,DD,228
2026-05-23 07:02:36,2026-05-23 07:02:36,228.0,mm,A,228
2026-05-23 07:02:22,2026-05-23 07:02:36,228.0,mm,AS,228
2026-05-23 04:02:41,2026-05-23 04:02:41,228.0,mm,DD,228
2026-05-23 04:02:35,2026-05-23 04:02:35,228.0,mm,DD,228
2026-05-23 04:02:35,2026-05-23 04:02:35,228.0,mm,DD,228
2026-05-23 04:02:35,2026-05-23 04:02:35,228.0,mm,DD,228
2026-05-23 04:02:35,2026-05-23 04:02:35,228.0,mm,A,228
2026-05-23 04:02:21,2026-05-23 04:02:35,228.0,mm,AS,228
2026-05-23 01:02:40,2026-05-23 01:02:40,228.0,mm,DD,228
2026-05-23 01:02:40,2026-05-23 01:02:40,228.0,mm,DD,228
2026-05-23 01:02:40,2026-05-23 01:02:40,228.0,mm,DD,228
2026-05-23 01:02:34,2026-05-23 01:02:34,228.0,mm,DD,228
2026-05-23 01:02:34,2026-05-23 01:02:34,228.0,mm,DD,228
2026-05-23 01:02:34,2026-05-23 01:02:34,228.0,mm,DD,228
2026-05-23 01:02:34,2026-05-23 01:02:34,228.0,mm,DD,228
2026-05-23 01:02:34,2026-05-23 01:02:34,228.0,mm,AN,228
2026-05-22 22:02:40,2026-05-22 22:02:40,228.0,mm,DD,228
2026-05-22 22:02:33,2026-05-22 22:02:33,228.0,mm,DD,228
2026-05-22 22:02:33,2026-05-22 22:02:33,228.0,mm,DD,228
2026-05-22 22:02:33,2026-05-22 22:02:33,228.0,mm,DD,228
2026-05-22 22:02:33,2026-05-22 22:02:33,228.0,mm,PD,228
2026-05-22 22:02:20,2026-05-22 22:02:33,228.0,mm,AS,228
2026-05-22 19:38:10,2026-05-22 19:38:10,130.0,mm,AN,130
2026-05-22 19:38:04,2026-05-22 19:38:04,130.0,mm,DD,130
2026-05-22 19:38:03,2026-05-22 19:38:04,130.0,mm,DD,130
2026-05-22 19:38:03,2026-05-22 19:38:04,130.0,mm,DD,130
2026-05-22 19:38:03,2026-05-22 19:38:04,130.0,mm,DD,130
2026-05-22 19:38:03,2026-05-22 19:38:04,130.0,mm,ND,130
2026-05-22 19:37:51,2026-05-22 19:38:05,130.0,mm,DD,130
2026-05-22 19:37:51,2026-05-22 19:38:05,130.0,mm,ND,130
2026-05-22 19:02:39,2026-05-22 19:02:39,228.0,mm,DD,228
2026-05-22 19:02:39,2026-05-22 19:02:39,228.0,mm,DD,228
2026-05-22 19:02:39,2026-05-22 19:02:39,228.0,mm,DD,228
2026-05-22 19:02:33,2026-05-22 19:02:33,228.0,mm,DD,228
2026-05-22 19:02:33,2026-05-22 19:02:33,228.0,mm,DD,228
2026-05-22 19:02:32,2026-05-22 19:02:33,228.0,mm,DD,228
2026-05-22 19:02:32,2026-05-22 19:02:33,228.0,mm,DD,228
2026-05-22 19:02:32,2026-05-22 19:02:33,228.0,mm,A,228
2026-05-22 19:02:19,2026-05-22 19:02:33,228.0,mm,A,228
2026-05-22 16:02:38,2026-05-22 16:02:38,228.0,mm,DD,228
2026-05-22 16:02:32,2026-05-22 16:02:32,228.0,mm,DD,228
2026-05-22 16:02:32,2026-05-22 16:02:32,228.0,mm,DD,228
2026-05-22 16:02:32,2026-05-22 16:02:32,228.0,mm,DD,228
2026-05-22 16:02:18,2026-05-22 16:02:32,228.0,mm,AN,228
2026-05-22 13:02:31,2026-05-22 13:02:31,228.0,mm,DD,228
2026-05-22 13:02:31,2026-05-22 13:02:31,228.0,mm,DD,228
2026-05-22 13:02:31,2026-05-22 13:02:31,228.0,mm,DD,228
2026-05-22 13:02:31,2026-05-22 13:02:31,228.0,mm,PD,228
2026-05-22 13:02:29,2026-05-22 13:02:31,228.0,mm,DD,228
2026-05-22 10:38:07,2026-05-22 10:38:07,142.0,mm,AN,142
2026-05-22 10:38:01,2026-05-22 10:38:01,142.0,mm,DD,142
2026-05-22 10:38:00,2026-05-22 10:38:01,142.0,mm,DD,142
2026-05-22 10:38:00,2026-05-22 10:38:01,142.0,mm,DD,142
2026-05-22 10:38:00,2026-05-22 10:38:01,142.0,mm,DD,142
2026-05-22 10:38:00,2026-05-22 10:38:01,142.0,mm,ND,142
2026-05-22 10:37:49,2026-05-22 10:38:02,142.0,mm,DD,142
2026-05-22 10:37:49,2026-05-22 10:38:02,142.0,mm,ND,142
2026-05-22 10:02:42,2026-05-22 10:02:42,228.0,mm,A,228
2026-05-22 10:02:30,2026-05-22 10:02:30,228.0,mm,DD,228
2026-05-22 10:02:30,2026-05-22 10:02:30,228.0,mm,DD,228
2026-05-22 10:02:30,2026-05-22 10:02:30,228.0,mm,DD,228
2026-05-22 10:02:30,2026-05-22 10:02:30,228.0,mm,DD,228
2026-05-22 10:02:30,2026-05-22 10:02:30,228.0,mm,DD,228
2026-05-22 10:02:17,2026-05-22 10:02:30,228.0,mm,A,228
2026-05-22 07:02:36,2026-05-22 07:02:36,228.0,mm,DD,228
2026-05-22 07:02:36,2026-05-22 07:02:36,228.0,mm,DD,228
2026-05-22 07:02:29,2026-05-22 07:02:30,228.0,mm,DD,228
2026-05-22 07:02:29,2026-05-22 07:02:30,228.0,mm,DD,228
2026-05-22 07:02:29,2026-05-22 07:02:30,228.0,mm,DD,228
2026-05-22 07:02:29,2026-05-22 07:02:30,228.0,mm,DD,228
2026-05-22 07:02:29,2026-05-22 07:02:30,228.0,mm,ND,228
2026-05-22 07:02:17,2026-05-22 07:02:29,228.0,mm,ND,228
2026-05-22 04:38:05,2026-05-22 04:38:05,128.0,mm,DD,128
2026-05-22 04:37:59,2026-05-22 04:37:59,128.0,mm,DD,128
2026-05-22 04:37:59,2026-05-22 04:37:59,128.0,mm,DD,128
2026-05-22 04:37:59,2026-05-22 04:37:59,128.0,mm,DD,128
2026-05-22 04:37:59,2026-05-22 04:37:59,128.0,mm,DD,128
2026-05-22 04:37:58,2026-05-22 04:37:59,128.0,mm,DD,128
2026-05-22 04:37:58,2026-05-22 04:37:59,128.0,mm,ND,128
2026-05-22 04:02:35,2026-05-22 04:02:35,228.0,mm,DD,228
2026-05-22 04:02:28,2026-05-22 04:02:29,228.0,mm,DD,228
2026-05-22 04:02:28,2026-05-22 04:02:29,228.0,mm,DD,228
2026-05-22 04:02:28,2026-05-22 04:02:29,228.0,mm,DD,228
2026-05-22 04:02:28,2026-05-22 04:02:29,228.0,mm,ND,228
2026-05-22 04:02:16,2026-05-22 04:02:29,228.0,mm,AS,228
2026-05-22 02:28:33,2026-05-22 02:28:33,532.0,mm,DD,532
2026-05-22 02:28:27,2026-05-22 02:28:27,532.0,mm,DD,532
2026-05-22 02:28:27,2026-05-22 02:28:27,532.0,mm,ND,532
2026-05-22 02:28:26,2026-05-22 02:28:27,2,036.0,mm,DD,2036
2026-05-22 02:28:26,2026-05-22 02:28:27,2,036.0,mm,DD,2036
2026-05-22 02:28:26,2026-05-22 02:28:27,2,036.0,mm,DD,2036
2026-05-22 02:28:26,2026-05-22 02:28:27,2,036.0,mm,DD,2036
2026-05-22 02:28:25,2026-05-22 02:28:26,532.0,mm,DD,532
2026-05-22 02:28:25,2026-05-22 02:28:26,532.0,mm,PD,532
2026-05-22 02:28:14,2026-05-22 02:28:26,2,036.0,mm,PD,2036
2026-05-22 01:02:34,2026-05-22 01:02:34,228.0,mm,DD,228
2026-05-22 01:02:28,2026-05-22 01:02:28,228.0,mm,DD,228
2026-05-22 01:02:28,2026-05-22 01:02:28,228.0,mm,DD,228
2026-05-22 01:02:28,2026-05-22 01:02:28,228.0,mm,DD,228
2026-05-22 01:02:28,2026-05-22 01:02:28,228.0,mm,DD,228
2026-05-22 01:02:27,2026-05-22 01:02:27,228.0,mm,A,228
2026-05-21 22:02:34,2026-05-21 22:02:34,228.0,mm,DD,228
2026-05-21 22:02:27,2026-05-21 22:02:27,228.0,mm,DD,228
2026-05-21 22:02:27,2026-05-21 22:02:27,228.0,mm,DD,228
2026-05-21 22:02:27,2026-05-21 22:02:27,228.0,mm,DD,228
2026-05-21 22:02:27,2026-05-21 22:02:27,228.0,mm,AN,228
2026-05-21 22:02:15,2026-05-21 22:02:27,228.0,mm,AS,228
2026-05-21 16:02:32,2026-05-21 16:02:32,228.0,mm,DD,228
2026-05-21 16:02:32,2026-05-21 16:02:32,228.0,mm,DD,228
2026-05-21 16:02:25,2026-05-21 16:02:26,228.0,mm,DD,228
2026-05-21 16:02:25,2026-05-21 16:02:26,228.0,mm,DD,228
2026-05-21 16:02:25,2026-05-21 16:02:26,228.0,mm,DD,228
2026-05-21 16:02:25,2026-05-21 16:02:26,228.0,mm,PD,228
2026-05-21 16:02:13,2026-05-21 16:02:25,228.0,mm,AS,228
2026-05-21 13:38:00,2026-05-21 13:38:00,139.0,mm,AN,139
2026-05-21 13:37:54,2026-05-21 13:37:54,139.0,mm,DD,139
2026-05-21 13:37:53,2026-05-21 13:37:54,139.0,mm,DD,139
2026-05-21 13:37:53,2026-05-21 13:37:54,139.0,mm,DD,139
2026-05-21 13:37:53,2026-05-21 13:37:54,139.0,mm,DD,139
2026-05-21 13:37:53,2026-05-21 13:37:54,139.0,mm,ND,139
2026-05-21 13:37:43,2026-05-21 13:37:55,139.0,mm,ND,139
2026-05-21 13:02:25,2026-05-21 13:02:25,228.0,mm,DD,228
2026-05-21 13:02:25,2026-05-21 13:02:25,228.0,mm,DD,228
2026-05-21 13:02:24,2026-05-21 13:02:25,228.0,mm,DD,228
2026-05-21 13:02:24,2026-05-21 13:02:25,228.0,mm,DD,228
2026-05-21 13:02:24,2026-05-21 13:02:25,228.0,mm,A,228
2026-05-21 13:02:13,2026-05-21 13:02:25,228.0,mm,A,228
2026-05-21 10:02:30,2026-05-21 10:02:30,228.0,mm,DD,228
2026-05-21 10:02:24,2026-05-21 10:02:24,228.0,mm,DD,228
2026-05-21 10:02:24,2026-05-21 10:02:24,228.0,mm,DD,228
2026-05-21 10:02:24,2026-05-21 10:02:24,228.0,mm,DD,228
2026-05-21 10:02:24,2026-05-21 10:02:24,228.0,mm,DD,228
2026-05-21 10:02:24,2026-05-21 10:02:24,228.0,mm,DD,228
2026-05-21 10:02:12,2026-05-21 10:02:24,228.0,mm,DD,228
2026-05-21 10:02:12,2026-05-21 10:02:24,228.0,mm,A,228
2026-05-21 07:02:29,2026-05-21 07:02:29,228.0,mm,DD,228
2026-05-21 07:02:23,2026-05-21 07:02:23,228.0,mm,DD,228
2026-05-21 07:02:23,2026-05-21 07:02:23,228.0,mm,DD,228
2026-05-21 07:02:23,2026-05-21 07:02:23,228.0,mm,DD,228
2026-05-21 07:02:23,2026-05-21 07:02:23,228.0,mm,A,228
2026-05-21 07:02:12,2026-05-21 07:02:23,228.0,mm,AS,228
2026-05-21 02:14:15,2026-05-21 02:14:15,1.0,mm,DD,1
2026-05-21 02:14:15,2026-05-21 02:14:15,1.0,mm,ND,1
2026-05-21 01:02:21,2026-05-21 01:02:22,228.0,mm,DD,228
2026-05-21 01:02:21,2026-05-21 01:02:22,228.0,mm,DD,228
2026-05-21 01:02:21,2026-05-21 01:02:22,228.0,mm,DD,228
2026-05-21 01:02:21,2026-05-21 01:02:22,228.0,mm,A,228
2026-05-21 01:02:10,2026-05-21 01:02:21,228.0,mm,DD,228
2026-05-21 01:02:10,2026-05-21 01:02:21,228.0,mm,DD,228
2026-05-20 22:02:28,2026-05-20 22:02:28,228.0,mm,DD,228
2026-05-20 22:02:27,2026-05-20 22:02:27,228.0,mm,DD,228
2026-05-20 22:02:27,2026-05-20 22:02:27,228.0,mm,DD,228
2026-05-20 22:02:21,2026-05-20 22:02:21,228.0,mm,DD,228
2026-05-20 22:02:21,2026-05-20 22:02:21,228.0,mm,DD,228
2026-05-20 22:02:20,2026-05-20 22:02:20,228.0,mm,DD,228
2026-05-20 22:02:20,2026-05-20 22:02:20,228.0,mm,A,228
2026-05-20 22:02:09,2026-05-20 22:02:20,228.0,mm,DD,228
2026-05-20 22:02:09,2026-05-20 22:02:20,228.0,mm,A,228
2026-05-20 19:02:26,2026-05-20 19:02:26,228.0,mm,DD,228
2026-05-20 19:02:19,2026-05-20 19:02:20,228.0,mm,DD,228
2026-05-20 19:02:19,2026-05-20 19:02:20,228.0,mm,DD,228
2026-05-20 19:02:19,2026-05-20 19:02:20,228.0,mm,DD,228
2026-05-20 19:02:19,2026-05-20 19:02:20,228.0,mm,A,228
2026-05-20 19:02:09,2026-05-20 19:02:20,228.0,mm,AS,228
2026-05-20 16:02:25,2026-05-20 16:02:25,228.0,mm,DD,228
2026-05-20 16:02:19,2026-05-20 16:02:19,228.0,mm,DD,228
2026-05-20 16:02:19,2026-05-20 16:02:19,228.0,mm,DD,228
2026-05-20 16:02:19,2026-05-20 16:02:19,228.0,mm,DD,228
2026-05-20 16:02:19,2026-05-20 16:02:19,228.0,mm,A,228
2026-05-20 16:02:08,2026-05-20 16:02:19,228.0,mm,AS,228
2026-05-20 10:02:24,2026-05-20 10:02:24,228.0,mm,DD,228
2026-05-20 10:02:17,2026-05-20 10:02:18,228.0,mm,DD,228
2026-05-20 10:02:17,2026-05-20 10:02:18,228.0,mm,DD,228
2026-05-20 10:02:17,2026-05-20 10:02:18,228.0,mm,DD,228
2026-05-20 10:02:02,2026-05-20 10:02:17,228.0,mm,A,228
2026-05-20 07:02:27,2026-05-20 07:02:27,1,060.0,mm,DD,1060
2026-05-20 07:02:27,2026-05-20 07:02:27,1,060.0,mm,PD,1060
2026-05-20 07:02:24,2026-05-20 07:02:24,228.0,mm,DD,228
2026-05-20 07:02:22,2026-05-20 07:02:22,228.0,mm,A,228
2026-05-20 07:02:21,2026-05-20 07:02:22,1,060.0,mm,DD,1060
2026-05-20 07:02:21,2026-05-20 07:02:22,1,060.0,mm,DD,1060
2026-05-20 07:02:21,2026-05-20 07:02:22,1,060.0,mm,DD,1060
2026-05-20 07:02:21,2026-05-20 07:02:22,1,060.0,mm,DD,1060
2026-05-20 07:02:21,2026-05-20 07:02:22,1,060.0,mm,PD,1060
2026-05-20 07:02:17,2026-05-20 07:02:17,228.0,mm,DD,228
2026-05-20 07:02:17,2026-05-20 07:02:17,228.0,mm,DD,228
2026-05-20 07:02:16,2026-05-20 07:02:17,228.0,mm,DD,228
2026-05-20 07:02:16,2026-05-20 07:02:17,228.0,mm,A,228
2026-05-20 04:02:22,2026-05-20 04:02:22,228.0,mm,DD,228
2026-05-20 04:02:15,2026-05-20 04:02:16,228.0,mm,DD,228
2026-05-20 04:02:15,2026-05-20 04:02:16,228.0,mm,DD,228
2026-05-20 04:02:15,2026-05-20 04:02:16,228.0,mm,DD,228
2026-05-20 04:02:15,2026-05-20 04:02:16,228.0,mm,A,228
2026-05-20 01:02:21,2026-05-20 01:02:21,228.0,mm,DD,228
2026-05-20 01:02:15,2026-05-20 01:02:15,228.0,mm,DD,228
2026-05-20 01:02:15,2026-05-20 01:02:15,228.0,mm,DD,228
2026-05-20 01:02:15,2026-05-20 01:02:15,228.0,mm,DD,228
2026-05-20 01:02:15,2026-05-20 01:02:15,228.0,mm,A,228
2026-05-19 22:02:21,2026-05-19 22:02:21,228.0,mm,DD,228
2026-05-19 22:02:21,2026-05-19 22:02:21,228.0,mm,DD,228
2026-05-19 22:02:20,2026-05-19 22:02:20,228.0,mm,DD,228
2026-05-19 22:02:20,2026-05-19 22:02:20,228.0,mm,DD,228
2026-05-19 22:02:14,2026-05-19 22:02:15,228.0,mm,DD,228
2026-05-19 22:02:14,2026-05-19 22:02:15,228.0,mm,DD,228
2026-05-19 22:02:14,2026-05-19 22:02:15,228.0,mm,DD,228
2026-05-19 22:02:14,2026-05-19 22:02:15,228.0,mm,A,228
2026-05-19 19:02:19,2026-05-19 19:02:19,228.0,mm,DD,228
2026-05-19 19:02:13,2026-05-19 19:02:13,228.0,mm,DD,228
2026-05-19 19:02:13,2026-05-19 19:02:13,228.0,mm,DD,228
2026-05-19 19:02:13,2026-05-19 19:02:13,228.0,mm,DD,228
2026-05-19 19:02:13,2026-05-19 19:02:13,228.0,mm,A,228
2026-05-19 16:02:19,2026-05-19 16:02:19,228.0,mm,DD,228
2026-05-19 16:02:12,2026-05-19 16:02:13,228.0,mm,DD,228
2026-05-19 16:02:12,2026-05-19 16:02:13,228.0,mm,DD,228
2026-05-19 16:02:12,2026-05-19 16:02:13,228.0,mm,DD,228
2026-05-19 16:02:12,2026-05-19 16:02:13,228.0,mm,A,228
2026-05-19 16:02:03,2026-05-19 16:02:13,228.0,mm,AS,228
2026-05-19 13:02:18,2026-05-19 13:02:18,228.0,mm,A,228
2026-05-19 13:02:12,2026-05-19 13:02:12,228.0,mm,DD,228
2026-05-19 13:02:12,2026-05-19 13:02:12,228.0,mm,A,228
2026-05-19 13:02:09,2026-05-19 13:02:12,228.0,mm,DD,228
2026-05-19 13:02:09,2026-05-19 13:02:12,228.0,mm,DD,228
2026-05-19 12:45:21,2026-05-19 12:45:21,228.0,mm,DD,228
2026-05-19 12:45:16,2026-05-19 12:45:16,228.0,mm,DD,228
2026-05-19 12:45:16,2026-05-19 12:45:16,228.0,mm,A,228
2026-05-19 12:45:15,2026-05-19 12:45:16,228.0,mm,DD,228
2026-05-19 12:45:15,2026-05-19 12:45:16,228.0,mm,DD,228
2026-05-19 12:45:15,2026-05-19 12:45:16,228.0,mm,DD,228
2026-05-19 11:57:43,2026-05-19 11:57:43,398.0,mm,DD,398
2026-05-19 11:57:37,2026-05-19 11:57:37,398.0,mm,DD,398
2026-05-19 11:57:37,2026-05-19 11:57:37,398.0,mm,DD,398
2026-05-19 11:57:37,2026-05-19 11:57:37,398.0,mm,DD,398
2026-05-19 11:57:37,2026-05-19 11:57:37,398.0,mm,DD,398
2026-05-19 11:57:37,2026-05-19 11:57:37,398.0,mm,PD,398
2026-05-19 10:02:17,2026-05-19 10:02:17,227.0,mm,DD,227
2026-05-19 10:02:17,2026-05-19 10:02:17,227.0,mm,DD,227
2026-05-19 10:02:11,2026-05-19 10:02:11,227.0,mm,DD,227
2026-05-19 10:02:11,2026-05-19 10:02:11,227.0,mm,DD,227
2026-05-19 10:02:11,2026-05-19 10:02:11,227.0,mm,DD,227
2026-05-19 10:02:11,2026-05-19 10:02:11,227.0,mm,DD,227
2026-05-19 10:02:11,2026-05-19 10:02:11,227.0,mm,A,227
2026-05-19 09:47:11,2026-05-19 09:47:11,227.0,mm,DD,227
2026-05-19 09:47:05,2026-05-19 09:47:05,227.0,mm,DD,227
2026-05-19 09:47:05,2026-05-19 09:47:05,227.0,mm,DD,227
2026-05-19 09:47:05,2026-05-19 09:47:05,227.0,mm,DD,227
2026-05-19 09:47:05,2026-05-19 09:47:05,227.0,mm,DD,227
2026-05-19 09:47:05,2026-05-19 09:47:05,227.0,mm,DD,227
2026-05-19 09:47:05,2026-05-19 09:47:05,227.0,mm,A,227
2026-05-19 09:28:49,2026-05-19 09:28:49,226.0,mm,DD,226
2026-05-19 09:28:43,2026-05-19 09:28:43,226.0,mm,DD,226
2026-05-19 09:28:43,2026-05-19 09:28:43,226.0,mm,A,226
2026-05-19 09:28:42,2026-05-19 09:28:43,226.0,mm,DD,226
2026-05-19 09:28:42,2026-05-19 09:28:43,226.0,mm,DD,226
2026-05-19 09:14:42,2026-05-19 09:14:42,225.0,mm,DD,225
2026-05-19 09:14:36,2026-05-19 09:14:36,225.0,mm,DD,225
2026-05-19 09:14:36,2026-05-19 09:14:36,225.0,mm,DD,225
2026-05-19 09:14:36,2026-05-19 09:14:36,225.0,mm,DD,225
2026-05-19 09:14:36,2026-05-19 09:14:36,225.0,mm,A,225
2026-05-19 09:09:13,2026-05-19 09:09:13,384.0,mm,DD,384
2026-05-19 09:09:07,2026-05-19 09:09:08,384.0,mm,DD,384
2026-05-19 09:09:07,2026-05-19 09:09:08,384.0,mm,DD,384
2026-05-19 09:09:07,2026-05-19 09:09:08,384.0,mm,DD,384
2026-05-19 09:09:07,2026-05-19 09:09:08,384.0,mm,DD,384
2026-05-19 09:09:07,2026-05-19 09:09:08,384.0,mm,PD,384
2026-05-19 08:53:43,2026-05-19 08:53:43,224.0,mm,DD,224
2026-05-19 08:53:42,2026-05-19 08:53:42,224.0,mm,DD,224
2026-05-19 08:53:37,2026-05-19 08:53:37,224.0,mm,DD,224
2026-05-19 08:53:37,2026-05-19 08:53:37,224.0,mm,DD,224
2026-05-19 08:53:37,2026-05-19 08:53:37,224.0,mm,DD,224
2026-05-19 08:53:37,2026-05-19 08:53:37,224.0,mm,A,224
2026-05-19 08:45:45,2026-05-19 08:45:45,223.0,mm,DD,223
2026-05-19 08:45:39,2026-05-19 08:45:39,223.0,mm,DD,223
2026-05-19 08:45:39,2026-05-19 08:45:39,223.0,mm,DD,223
2026-05-19 08:45:39,2026-05-19 08:45:39,223.0,mm,DD,223
2026-05-19 08:45:39,2026-05-19 08:45:39,223.0,mm,A,223
2026-05-19 08:33:05,2026-05-19 08:33:05,378.0,mm,DD,378
2026-05-19 08:33:00,2026-05-19 08:33:00,378.0,mm,DD,378
2026-05-19 08:32:59,2026-05-19 08:32:59,378.0,mm,DD,378
2026-05-19 08:32:59,2026-05-19 08:32:59,378.0,mm,DD,378
2026-05-19 08:32:59,2026-05-19 08:32:59,378.0,mm,DD,378
2026-05-19 08:32:59,2026-05-19 08:32:59,378.0,mm,DD,378
2026-05-19 08:32:59,2026-05-19 08:32:59,378.0,mm,PD,378
2026-05-19 08:20:45,2026-05-19 08:20:45,222.0,mm,DD,222
2026-05-19 08:20:45,2026-05-19 08:20:45,222.0,mm,DD,222
2026-05-19 08:20:39,2026-05-19 08:20:39,222.0,mm,DD,222
2026-05-19 08:20:39,2026-05-19 08:20:39,222.0,mm,DD,222
2026-05-19 08:20:39,2026-05-19 08:20:39,222.0,mm,DD,222
2026-05-19 08:20:39,2026-05-19 08:20:39,222.0,mm,DD,222
2026-05-19 08:20:39,2026-05-19 08:20:39,222.0,mm,A,222
2026-05-19 07:44:28,2026-05-19 07:44:28,221.0,mm,DD,221
2026-05-19 07:44:28,2026-05-19 07:44:28,221.0,mm,DD,221
2026-05-19 07:44:28,2026-05-19 07:44:28,221.0,mm,DD,221
2026-05-19 07:44:28,2026-05-19 07:44:28,221.0,mm,DD,221
2026-05-19 07:44:28,2026-05-19 07:44:28,221.0,mm,A,221
2026-05-19 07:37:39,2026-05-19 07:37:39,220.0,mm,DD,220
2026-05-19 07:37:39,2026-05-19 07:37:39,220.0,mm,DD,220
2026-05-19 07:37:39,2026-05-19 07:37:39,220.0,mm,DD,220
2026-05-19 07:37:39,2026-05-19 07:37:39,220.0,mm,DD,220
2026-05-19 07:37:38,2026-05-19 07:37:38,220.0,mm,A,220
2026-05-19 07:37:30,2026-05-19 07:37:31,129.0,mm,DD,129
2026-05-19 07:37:30,2026-05-19 07:37:31,129.0,mm,ND,129
2026-05-19 07:26:40,2026-05-19 07:26:41,219.0,mm,DD,219
2026-05-19 07:26:40,2026-05-19 07:26:41,219.0,mm,DD,219
2026-05-19 07:26:34,2026-05-19 07:26:35,219.0,mm,DD,219
2026-05-19 07:26:34,2026-05-19 07:26:35,219.0,mm,DD,219
2026-05-19 07:26:34,2026-05-19 07:26:35,219.0,mm,DD,219
2026-05-19 07:26:34,2026-05-19 07:26:35,219.0,mm,DD,219
2026-05-19 07:26:34,2026-05-19 07:26:35,219.0,mm,A,219
2026-05-19 07:17:51,2026-05-19 07:17:51,218.0,mm,DD,218
2026-05-19 07:17:45,2026-05-19 07:17:45,218.0,mm,DD,218
2026-05-19 07:17:45,2026-05-19 07:17:45,218.0,mm,DD,218
2026-05-19 07:17:45,2026-05-19 07:17:45,218.0,mm,DD,218
2026-05-19 07:17:45,2026-05-19 07:17:45,218.0,mm,DD,218
2026-05-19 07:17:45,2026-05-19 07:17:45,218.0,mm,A,218
2026-05-19 07:14:26,2026-05-19 07:14:26,373.0,mm,DD,373
2026-05-19 07:14:20,2026-05-19 07:14:20,373.0,mm,DD,373
2026-05-19 07:14:20,2026-05-19 07:14:20,373.0,mm,DD,373
2026-05-19 07:14:20,2026-05-19 07:14:20,373.0,mm,DD,373
2026-05-19 07:14:20,2026-05-19 07:14:20,373.0,mm,DD,373
2026-05-19 07:14:20,2026-05-19 07:14:20,373.0,mm,DD,373
2026-05-19 07:14:20,2026-05-19 07:14:20,373.0,mm,DD,373
2026-05-19 07:14:20,2026-05-19 07:14:20,373.0,mm,PD,373
2026-05-19 07:02:10,2026-05-19 07:02:10,217.0,mm,DD,217
2026-05-19 07:02:10,2026-05-19 07:02:10,217.0,mm,A,217
2026-05-19 07:01:51,2026-05-19 07:01:51,217.0,mm,DD,217
2026-05-19 07:01:51,2026-05-19 07:01:51,217.0,mm,DD,217
2026-05-19 07:01:51,2026-05-19 07:01:51,217.0,mm,A,217
2026-05-19 06:45:35,2026-05-19 06:45:35,216.0,mm,DD,216
2026-05-19 06:45:34,2026-05-19 06:45:34,216.0,mm,DD,216
2026-05-19 06:45:29,2026-05-19 06:45:29,216.0,mm,DD,216
2026-05-19 06:45:29,2026-05-19 06:45:29,216.0,mm,DD,216
2026-05-19 06:45:29,2026-05-19 06:45:29,216.0,mm,DD,216
2026-05-19 06:45:29,2026-05-19 06:45:29,216.0,mm,DD,216
2026-05-19 06:45:29,2026-05-19 06:45:29,216.0,mm,DD,216
2026-05-19 06:45:29,2026-05-19 06:45:29,216.0,mm,A,216
2026-05-19 06:39:47,2026-05-19 06:39:47,215.0,mm,DD,215
2026-05-19 06:39:42,2026-05-19 06:39:42,215.0,mm,DD,215
2026-05-19 06:39:42,2026-05-19 06:39:42,215.0,mm,DD,215
2026-05-19 06:39:36,2026-05-19 06:39:36,215.0,mm,DD,215
2026-05-19 06:39:36,2026-05-19 06:39:36,215.0,mm,DD,215
2026-05-19 06:39:36,2026-05-19 06:39:36,215.0,mm,DD,215
2026-05-19 06:39:36,2026-05-19 06:39:36,215.0,mm,DD,215
2026-05-19 06:39:36,2026-05-19 06:39:36,215.0,mm,A,215
2026-05-19 06:35:28,2026-05-19 06:35:28,214.0,mm,DD,214
2026-05-19 06:35:28,2026-05-19 06:35:28,214.0,mm,DD,214
2026-05-19 06:35:22,2026-05-19 06:35:22,214.0,mm,DD,214
2026-05-19 06:35:22,2026-05-19 06:35:22,214.0,mm,DD,214
2026-05-19 06:35:22,2026-05-19 06:35:22,214.0,mm,DD,214
2026-05-19 06:35:22,2026-05-19 06:35:22,214.0,mm,DD,214
2026-05-19 06:35:22,2026-05-19 06:35:22,214.0,mm,A,214
2026-05-19 06:31:34,2026-05-19 06:31:34,213.0,mm,DD,213
2026-05-19 06:31:28,2026-05-19 06:31:28,213.0,mm,DD,213
2026-05-19 06:31:28,2026-05-19 06:31:28,213.0,mm,DD,213
2026-05-19 06:31:28,2026-05-19 06:31:28,213.0,mm,DD,213
2026-05-19 06:31:28,2026-05-19 06:31:28,213.0,mm,DD,213
2026-05-19 06:31:28,2026-05-19 06:31:28,213.0,mm,A,213
2026-05-19 06:25:17,2026-05-19 06:25:17,212.0,mm,DD,212
2026-05-19 06:25:11,2026-05-19 06:25:11,212.0,mm,DD,212
2026-05-19 06:25:11,2026-05-19 06:25:11,212.0,mm,DD,212
2026-05-19 06:25:11,2026-05-19 06:25:11,212.0,mm,DD,212
2026-05-19 06:25:11,2026-05-19 06:25:11,212.0,mm,DD,212
2026-05-19 06:25:11,2026-05-19 06:25:11,212.0,mm,DD,212
2026-05-19 06:25:11,2026-05-19 06:25:11,212.0,mm,A,212
2026-05-19 06:13:58,2026-05-19 06:13:58,211.0,mm,DD,211
2026-05-19 06:13:58,2026-05-19 06:13:58,211.0,mm,DD,211
2026-05-19 06:13:52,2026-05-19 06:13:52,211.0,mm,DD,211
2026-05-19 06:13:52,2026-05-19 06:13:52,211.0,mm,DD,211
2026-05-19 06:13:52,2026-05-19 06:13:52,211.0,mm,DD,211
2026-05-19 06:13:52,2026-05-19 06:13:52,211.0,mm,DD,211
2026-05-19 06:13:52,2026-05-19 06:13:52,211.0,mm,DD,211
2026-05-19 06:13:52,2026-05-19 06:13:52,211.0,mm,A,211
2026-05-19 06:09:55,2026-05-19 06:09:55,210.0,mm,DD,210
2026-05-19 06:09:48,2026-05-19 06:09:48,210.0,mm,DD,210
2026-05-19 06:09:48,2026-05-19 06:09:48,210.0,mm,DD,210
2026-05-19 06:09:48,2026-05-19 06:09:48,210.0,mm,DD,210
2026-05-19 06:09:48,2026-05-19 06:09:48,210.0,mm,DD,210
2026-05-19 06:09:48,2026-05-19 06:09:48,210.0,mm,A,210
2026-05-19 05:55:58,2026-05-19 05:55:58,2,047.0,mm,DD,2047
2026-05-19 05:55:58,2026-05-19 05:55:58,2,047.0,mm,DD,2047
2026-05-19 05:55:53,2026-05-19 05:55:53,2,047.0,mm,DD,2047
2026-05-19 05:55:52,2026-05-19 05:55:53,2,047.0,mm,DD,2047
2026-05-19 05:55:52,2026-05-19 05:55:53,2,047.0,mm,DD,2047
2026-05-19 05:55:52,2026-05-19 05:55:53,2,047.0,mm,DD,2047
2026-05-19 05:55:52,2026-05-19 05:55:53,2,047.0,mm,DD,2047
2026-05-19 05:55:52,2026-05-19 05:55:53,2,047.0,mm,PD,2047
2026-05-19 05:53:02,2026-05-19 05:53:03,209.0,mm,DD,209
2026-05-19 05:53:02,2026-05-19 05:53:03,209.0,mm,DD,209
2026-05-19 05:53:02,2026-05-19 05:53:03,209.0,mm,DD,209
2026-05-19 05:53:02,2026-05-19 05:53:03,209.0,mm,DD,209
2026-05-19 05:53:02,2026-05-19 05:53:03,209.0,mm,DD,209
2026-05-19 05:53:02,2026-05-19 05:53:03,209.0,mm,DD,209
2026-05-19 05:53:02,2026-05-19 05:53:03,209.0,mm,A,209
2026-05-19 05:20:46,2026-05-19 05:20:46,208.0,mm,DD,208
2026-05-19 05:20:40,2026-05-19 05:20:40,208.0,mm,DD,208
2026-05-19 05:20:40,2026-05-19 05:20:40,208.0,mm,DD,208
2026-05-19 05:20:40,2026-05-19 05:20:40,208.0,mm,DD,208
2026-05-19 05:20:40,2026-05-19 05:20:40,208.0,mm,DD,208
2026-05-19 05:20:40,2026-05-19 05:20:40,208.0,mm,DD,208
2026-05-19 05:20:40,2026-05-19 05:20:40,208.0,mm,A,208
2026-05-19 04:52:36,2026-05-19 04:52:36,207.0,mm,DD,207
2026-05-19 04:52:36,2026-05-19 04:52:36,207.0,mm,DD,207
2026-05-19 04:52:30,2026-05-19 04:52:30,207.0,mm,DD,207
2026-05-19 04:52:30,2026-05-19 04:52:30,207.0,mm,DD,207
2026-05-19 04:52:30,2026-05-19 04:52:30,207.0,mm,DD,207
2026-05-19 04:52:30,2026-05-19 04:52:30,207.0,mm,DD,207
2026-05-19 04:52:30,2026-05-19 04:52:30,207.0,mm,A,207
2026-05-19 04:34:35,2026-05-19 04:34:35,206.0,mm,DD,206
2026-05-19 04:34:29,2026-05-19 04:34:29,206.0,mm,DD,206
2026-05-19 04:34:29,2026-05-19 04:34:29,206.0,mm,DD,206
2026-05-19 04:34:29,2026-05-19 04:34:29,206.0,mm,A,206
2026-05-19 04:02:16,2026-05-19 04:02:16,205.0,mm,DD,205
2026-05-19 04:02:16,2026-05-19 04:02:16,205.0,mm,DD,205
2026-05-19 04:02:16,2026-05-19 04:02:16,205.0,mm,DD,205
2026-05-19 04:02:10,2026-05-19 04:02:10,205.0,mm,DD,205
2026-05-19 04:02:10,2026-05-19 04:02:10,205.0,mm,DD,205
2026-05-19 04:02:10,2026-05-19 04:02:10,205.0,mm,DD,205
2026-05-19 04:02:09,2026-05-19 04:02:10,205.0,mm,DD,205
2026-05-19 04:02:09,2026-05-19 04:02:10,205.0,mm,DD,205
2026-05-19 04:02:09,2026-05-19 04:02:10,205.0,mm,A,205
2026-05-19 03:19:38,2026-05-19 03:19:38,205.0,mm,DD,205
2026-05-19 03:19:32,2026-05-19 03:19:32,205.0,mm,DD,205
2026-05-19 03:19:32,2026-05-19 03:19:32,205.0,mm,DD,205
2026-05-19 03:19:31,2026-05-19 03:19:31,205.0,mm,DD,205
2026-05-19 03:19:31,2026-05-19 03:19:31,205.0,mm,DD,205
2026-05-19 03:19:31,2026-05-19 03:19:31,205.0,mm,A,205
2026-05-19 01:02:15,2026-05-19 01:02:15,204.0,mm,DD,204
2026-05-19 01:02:09,2026-05-19 01:02:09,204.0,mm,A,204
2026-05-19 01:02:08,2026-05-19 01:02:09,204.0,mm,DD,204
2026-05-19 01:02:08,2026-05-19 01:02:09,204.0,mm,DD,204
2026-05-19 01:02:08,2026-05-19 01:02:09,204.0,mm,DD,204
2026-05-18 23:29:30,2026-05-18 23:29:30,204.0,mm,DD,204
2026-05-18 23:29:29,2026-05-18 23:29:29,204.0,mm,DD,204
2026-05-18 23:29:24,2026-05-18 23:29:24,204.0,mm,DD,204
2026-05-18 23:29:24,2026-05-18 23:29:24,204.0,mm,DD,204
2026-05-18 23:29:23,2026-05-18 23:29:24,204.0,mm,DD,204
2026-05-18 23:29:23,2026-05-18 23:29:24,204.0,mm,DD,204
2026-05-18 23:29:23,2026-05-18 23:29:24,204.0,mm,DD,204
2026-05-18 23:29:23,2026-05-18 23:29:24,204.0,mm,A,204
2026-05-18 22:02:14,2026-05-18 22:02:14,203.0,mm,DD,203
2026-05-18 22:02:08,2026-05-18 22:02:08,203.0,mm,DD,203
2026-05-18 22:02:08,2026-05-18 22:02:08,203.0,mm,DD,203
2026-05-18 22:02:08,2026-05-18 22:02:08,203.0,mm,DD,203
2026-05-18 22:02:08,2026-05-18 22:02:08,203.0,mm,DD,203
2026-05-18 22:02:08,2026-05-18 22:02:08,203.0,mm,DD,203
2026-05-18 22:02:08,2026-05-18 22:02:08,203.0,mm,DD,203
2026-05-18 22:02:08,2026-05-18 22:02:08,203.0,mm,DD,203
2026-05-18 22:02:08,2026-05-18 22:02:08,203.0,mm,A,203
2026-05-18 19:02:13,2026-05-18 19:02:13,202.0,mm,DD,202
2026-05-18 19:02:07,2026-05-18 19:02:07,202.0,mm,DD,202
2026-05-18 19:02:07,2026-05-18 19:02:07,202.0,mm,DD,202
2026-05-18 19:02:07,2026-05-18 19:02:07,202.0,mm,DD,202
2026-05-18 19:02:07,2026-05-18 19:02:07,202.0,mm,DD,202
2026-05-18 19:02:07,2026-05-18 19:02:07,202.0,mm,DD,202
2026-05-18 19:02:07,2026-05-18 19:02:07,202.0,mm,DD,202
2026-05-18 19:02:07,2026-05-18 19:02:07,202.0,mm,DD,202
2026-05-18 19:02:07,2026-05-18 19:02:07,202.0,mm,A,202
2026-05-18 17:30:52,2026-05-18 17:30:53,202.0,mm,DD,202
2026-05-18 17:30:52,2026-05-18 17:30:53,202.0,mm,DD,202
2026-05-18 17:30:51,2026-05-18 17:30:51,202.0,mm,DD,202
2026-05-18 17:30:51,2026-05-18 17:30:51,202.0,mm,DD,202
2026-05-18 17:30:51,2026-05-18 17:30:51,202.0,mm,DD,202
2026-05-18 17:30:51,2026-05-18 17:30:51,202.0,mm,DD,202
2026-05-18 17:30:46,2026-05-18 17:30:47,202.0,mm,DD,202
2026-05-18 17:30:46,2026-05-18 17:30:47,202.0,mm,DD,202
2026-05-18 17:30:46,2026-05-18 17:30:47,202.0,mm,A,202
2026-05-18 16:02:17,2026-05-18 16:02:17,201.0,mm,DD,201
2026-05-18 16:02:12,2026-05-18 16:02:12,201.0,mm,DD,201
2026-05-18 16:02:12,2026-05-18 16:02:12,201.0,mm,DD,201
2026-05-18 16:02:06,2026-05-18 16:02:07,201.0,mm,DD,201
2026-05-18 16:02:06,2026-05-18 16:02:07,201.0,mm,DD,201
2026-05-18 16:02:06,2026-05-18 16:02:07,201.0,mm,DD,201
2026-05-18 16:02:06,2026-05-18 16:02:07,201.0,mm,DD,201
2026-05-18 16:02:06,2026-05-18 16:02:07,201.0,mm,DD,201
2026-05-18 16:02:06,2026-05-18 16:02:07,201.0,mm,A,201
2026-05-18 13:02:06,2026-05-18 13:02:06,201.0,mm,DD,201
2026-05-18 13:02:06,2026-05-18 13:02:06,201.0,mm,DD,201
2026-05-18 13:02:05,2026-05-18 13:02:06,201.0,mm,DD,201
2026-05-18 13:02:05,2026-05-18 13:02:06,201.0,mm,DD,201
2026-05-18 13:02:05,2026-05-18 13:02:06,201.0,mm,DD,201
2026-05-18 13:02:05,2026-05-18 13:02:06,201.0,mm,DD,201
2026-05-18 13:02:05,2026-05-18 13:02:06,201.0,mm,A,201
2026-05-18 10:02:12,2026-05-18 10:02:12,201.0,mm,DD,201
2026-05-18 10:02:05,2026-05-18 10:02:06,201.0,mm,DD,201
2026-05-18 10:02:05,2026-05-18 10:02:06,201.0,mm,DD,201
2026-05-18 10:02:05,2026-05-18 10:02:06,201.0,mm,DD,201
2026-05-18 10:02:05,2026-05-18 10:02:06,201.0,mm,DD,201
2026-05-18 10:02:05,2026-05-18 10:02:06,201.0,mm,DD,201
2026-05-18 10:02:05,2026-05-18 10:02:06,201.0,mm,DD,201
2026-05-18 10:02:05,2026-05-18 10:02:06,201.0,mm,DD,201
2026-05-18 10:02:05,2026-05-18 10:02:06,201.0,mm,A,201
2026-05-18 07:02:04,2026-05-18 07:02:04,201.0,mm,DD,201
2026-05-18 07:02:04,2026-05-18 07:02:04,201.0,mm,DD,201
2026-05-18 07:02:04,2026-05-18 07:02:04,201.0,mm,DD,201
2026-05-18 07:02:04,2026-05-18 07:02:04,201.0,mm,DD,201
2026-05-18 07:02:04,2026-05-18 07:02:04,201.0,mm,A,201
2026-05-18 05:34:41,2026-05-18 05:34:41,127.0,mm,ND,127
2026-05-18 04:02:10,2026-05-18 04:02:10,201.0,mm,DD,201
2026-05-18 04:02:03,2026-05-18 04:02:03,201.0,mm,DD,201
2026-05-18 04:02:03,2026-05-18 04:02:03,201.0,mm,DD,201
2026-05-18 04:02:03,2026-05-18 04:02:03,201.0,mm,DD,201
2026-05-18 04:02:03,2026-05-18 04:02:03,201.0,mm,DD,201
2026-05-18 04:02:03,2026-05-18 04:02:03,201.0,mm,DD,201
2026-05-18 04:02:03,2026-05-18 04:02:03,201.0,mm,DD,201
2026-05-18 04:02:03,2026-05-18 04:02:03,201.0,mm,A,201
2026-05-18 01:02:09,2026-05-18 01:02:09,201.0,mm,DD,201
2026-05-18 01:02:08,2026-05-18 01:02:08,201.0,mm,DD,201
2026-05-18 01:02:08,2026-05-18 01:02:08,201.0,mm,DD,201
2026-05-18 01:02:03,2026-05-18 01:02:03,201.0,mm,DD,201
2026-05-18 01:02:03,2026-05-18 01:02:03,201.0,mm,DD,201
2026-05-18 01:02:03,2026-05-18 01:02:03,201.0,mm,DD,201
2026-05-18 01:02:03,2026-05-18 01:02:03,201.0,mm,DD,201
2026-05-18 01:02:02,2026-05-18 01:02:03,201.0,mm,DD,201
2026-05-18 01:02:02,2026-05-18 01:02:03,201.0,mm,DD,201
2026-05-18 01:02:02,2026-05-18 01:02:03,201.0,mm,DD,201
2026-05-18 01:02:02,2026-05-18 01:02:03,201.0,mm,DD,201
2026-05-18 01:02:02,2026-05-18 01:02:03,201.0,mm,A,201
2026-05-17 22:02:08,2026-05-17 22:02:08,201.0,mm,DD,201
2026-05-17 22:02:08,2026-05-17 22:02:08,201.0,mm,DD,201
2026-05-17 22:02:08,2026-05-17 22:02:08,201.0,mm,DD,201
2026-05-17 22:02:02,2026-05-17 22:02:03,201.0,mm,DD,201
2026-05-17 22:02:02,2026-05-17 22:02:03,201.0,mm,DD,201
2026-05-17 22:02:02,2026-05-17 22:02:03,201.0,mm,DD,201
2026-05-17 22:02:02,2026-05-17 22:02:03,201.0,mm,DD,201
2026-05-17 22:02:02,2026-05-17 22:02:03,201.0,mm,DD,201
2026-05-17 22:02:02,2026-05-17 22:02:03,201.0,mm,A,201
2026-05-17 19:02:01,2026-05-17 19:02:01,201.0,mm,DD,201
2026-05-17 19:02:01,2026-05-17 19:02:01,201.0,mm,DD,201
2026-05-17 19:02:01,2026-05-17 19:02:01,201.0,mm,DD,201
2026-05-17 19:02:01,2026-05-17 19:02:01,201.0,mm,DD,201
2026-05-17 19:02:01,2026-05-17 19:02:01,201.0,mm,DD,201
2026-05-17 19:02:01,2026-05-17 19:02:01,201.0,mm,DD,201
2026-05-17 19:02:01,2026-05-17 19:02:01,201.0,mm,A,201
2026-05-17 16:02:00,2026-05-17 16:02:00,201.0,mm,DD,201
2026-05-17 16:02:00,2026-05-17 16:02:00,201.0,mm,DD,201
2026-05-17 16:02:00,2026-05-17 16:02:00,201.0,mm,DD,201
2026-05-17 16:02:00,2026-05-17 16:02:00,201.0,mm,DD,201
2026-05-17 16:02:00,2026-05-17 16:02:00,201.0,mm,A,201
2026-05-17 13:02:06,2026-05-17 13:02:06,201.0,mm,DD,201
2026-05-17 13:01:59,2026-05-17 13:02:00,201.0,mm,DD,201
2026-05-17 13:01:59,2026-05-17 13:02:00,201.0,mm,DD,201
2026-05-17 13:01:59,2026-05-17 13:02:00,201.0,mm,DD,201
2026-05-17 13:01:59,2026-05-17 13:02:00,201.0,mm,DD,201
2026-05-17 13:01:59,2026-05-17 13:02:00,201.0,mm,DD,201
2026-05-17 13:01:59,2026-05-17 13:02:00,201.0,mm,A,201
2026-05-17 10:02:05,2026-05-17 10:02:05,201.0,mm,DD,201
2026-05-17 10:02:04,2026-05-17 10:02:04,201.0,mm,DD,201
2026-05-17 10:02:04,2026-05-17 10:02:04,201.0,mm,DD,201
2026-05-17 10:02:03,2026-05-17 10:02:04,201.0,mm,DD,201
2026-05-17 10:02:03,2026-05-17 10:02:04,201.0,mm,DD,201
2026-05-17 10:02:03,2026-05-17 10:02:04,201.0,mm,DD,201
2026-05-17 10:01:59,2026-05-17 10:01:59,201.0,mm,DD,201
2026-05-17 10:01:59,2026-05-17 10:01:59,201.0,mm,DD,201
2026-05-17 10:01:59,2026-05-17 10:01:59,201.0,mm,A,201
2026-05-17 08:48:12,2026-05-17 08:48:12,12.0,mm,DD,12
2026-05-17 08:48:12,2026-05-17 08:48:12,12.0,mm,DD,12
2026-05-17 08:48:12,2026-05-17 08:48:12,12.0,mm,DD,12
2026-05-17 08:48:11,2026-05-17 08:48:11,12.0,mm,DD,12
2026-05-17 08:48:11,2026-05-17 08:48:11,12.0,mm,DD,12
2026-05-17 08:48:11,2026-05-17 08:48:11,12.0,mm,ND,12
2026-05-17 07:01:58,2026-05-17 07:01:58,201.0,mm,DD,201
2026-05-17 07:01:58,2026-05-17 07:01:58,201.0,mm,DD,201
2026-05-17 07:01:58,2026-05-17 07:01:58,201.0,mm,DD,201
2026-05-17 07:01:58,2026-05-17 07:01:58,201.0,mm,DD,201
2026-05-17 07:01:58,2026-05-17 07:01:58,201.0,mm,A,201
2026-05-17 04:02:03,2026-05-17 04:02:03,201.0,mm,DD,201
2026-05-17 04:01:57,2026-05-17 04:01:57,201.0,mm,DD,201
2026-05-17 04:01:57,2026-05-17 04:01:57,201.0,mm,DD,201
2026-05-17 04:01:57,2026-05-17 04:01:57,201.0,mm,DD,201
2026-05-17 04:01:57,2026-05-17 04:01:57,201.0,mm,DD,201
2026-05-17 04:01:57,2026-05-17 04:01:57,201.0,mm,A,201
2026-05-17 01:02:03,2026-05-17 01:02:03,201.0,mm,DD,201
2026-05-17 01:02:02,2026-05-17 01:02:02,201.0,mm,DD,201
2026-05-17 01:02:02,2026-05-17 01:02:02,201.0,mm,DD,201
2026-05-17 01:01:56,2026-05-17 01:01:57,201.0,mm,DD,201
2026-05-17 01:01:56,2026-05-17 01:01:57,201.0,mm,DD,201
2026-05-17 01:01:56,2026-05-17 01:01:57,201.0,mm,DD,201
2026-05-17 01:01:56,2026-05-17 01:01:57,201.0,mm,DD,201
2026-05-17 01:01:56,2026-05-17 01:01:57,201.0,mm,A,201
2026-05-16 22:37:23,2026-05-16 22:37:23,129.0,mm,DD,129
2026-05-16 22:37:18,2026-05-16 22:37:18,129.0,mm,DD,129
2026-05-16 22:37:17,2026-05-16 22:37:17,129.0,mm,DD,129
2026-05-16 22:37:17,2026-05-16 22:37:17,129.0,mm,DD,129
2026-05-16 22:37:17,2026-05-16 22:37:17,129.0,mm,DD,129
2026-05-16 22:37:16,2026-05-16 22:37:17,129.0,mm,DD,129
2026-05-16 22:37:16,2026-05-16 22:37:17,129.0,mm,ND,129
2026-05-16 22:02:02,2026-05-16 22:02:02,201.0,mm,DD,201
2026-05-16 22:01:56,2026-05-16 22:01:56,201.0,mm,A,201
2026-05-16 22:01:55,2026-05-16 22:01:56,201.0,mm,DD,201
2026-05-16 22:01:55,2026-05-16 22:01:56,201.0,mm,DD,201
2026-05-16 22:01:55,2026-05-16 22:01:56,201.0,mm,DD,201
2026-05-16 22:01:55,2026-05-16 22:01:56,201.0,mm,DD,201
2026-05-16 19:02:01,2026-05-16 19:02:01,201.0,mm,DD,201
2026-05-16 19:01:55,2026-05-16 19:01:55,201.0,mm,DD,201
2026-05-16 19:01:55,2026-05-16 19:01:55,201.0,mm,DD,201
2026-05-16 19:01:55,2026-05-16 19:01:55,201.0,mm,DD,201
2026-05-16 19:01:55,2026-05-16 19:01:55,201.0,mm,DD,201
2026-05-16 19:01:55,2026-05-16 19:01:55,201.0,mm,A,201
2026-05-16 17:48:21,2026-05-16 17:48:21,130.0,mm,DD,130
2026-05-16 17:48:21,2026-05-16 17:48:21,130.0,mm,ND,130
2026-05-16 16:02:06,2026-05-16 16:02:06,2,025.0,mm,PD,2025
2026-05-16 16:02:01,2026-05-16 16:02:01,201.0,mm,DD,201
2026-05-16 16:01:55,2026-05-16 16:01:55,201.0,mm,DD,201
2026-05-16 16:01:55,2026-05-16 16:01:55,201.0,mm,DD,201
2026-05-16 16:01:54,2026-05-16 16:01:54,201.0,mm,DD,201
2026-05-16 16:01:54,2026-05-16 16:01:54,201.0,mm,DD,201
2026-05-16 16:01:54,2026-05-16 16:01:54,201.0,mm,A,201
2026-05-16 13:02:00,2026-05-16 13:02:00,201.0,mm,DD,201
2026-05-16 13:01:53,2026-05-16 13:01:53,201.0,mm,DD,201
2026-05-16 13:01:53,2026-05-16 13:01:53,201.0,mm,DD,201
2026-05-16 13:01:53,2026-05-16 13:01:53,201.0,mm,DD,201
2026-05-16 13:01:53,2026-05-16 13:01:53,201.0,mm,DD,201
2026-05-16 13:01:53,2026-05-16 13:01:53,201.0,mm,A,201
2026-05-16 10:01:53,2026-05-16 10:01:53,201.0,mm,DD,201
2026-05-16 10:01:53,2026-05-16 10:01:53,201.0,mm,DD,201
2026-05-16 10:01:52,2026-05-16 10:01:53,201.0,mm,DD,201
2026-05-16 10:01:52,2026-05-16 10:01:53,201.0,mm,DD,201
2026-05-16 10:01:52,2026-05-16 10:01:53,201.0,mm,DD,201
2026-05-16 10:01:52,2026-05-16 10:01:53,201.0,mm,DD,201
2026-05-16 10:01:52,2026-05-16 10:01:53,201.0,mm,A,201
2026-05-16 07:01:58,2026-05-16 07:01:58,201.0,mm,DD,201
2026-05-16 07:01:52,2026-05-16 07:01:52,201.0,mm,DD,201
2026-05-16 07:01:52,2026-05-16 07:01:52,201.0,mm,DD,201
2026-05-16 07:01:52,2026-05-16 07:01:52,201.0,mm,DD,201
2026-05-16 07:01:52,2026-05-16 07:01:52,201.0,mm,DD,201
2026-05-16 07:01:52,2026-05-16 07:01:52,201.0,mm,DD,201
2026-05-16 07:01:52,2026-05-16 07:01:52,201.0,mm,A,201
2026-05-16 04:01:57,2026-05-16 04:01:57,201.0,mm,DD,201
2026-05-16 04:01:51,2026-05-16 04:01:51,201.0,mm,DD,201
2026-05-16 04:01:51,2026-05-16 04:01:51,201.0,mm,DD,201
2026-05-16 04:01:50,2026-05-16 04:01:50,201.0,mm,A,201
2026-05-16 01:02:01,2026-05-16 01:02:01,207.0,mm,PD,207
2026-05-16 01:01:56,2026-05-16 01:01:56,201.0,mm,A,201
2026-05-16 01:01:55,2026-05-16 01:01:55,207.0,mm,DD,207
2026-05-16 01:01:55,2026-05-16 01:01:55,207.0,mm,DD,207
2026-05-16 01:01:55,2026-05-16 01:01:55,207.0,mm,DD,207
2026-05-16 01:01:55,2026-05-16 01:01:55,207.0,mm,DD,207
2026-05-16 01:01:55,2026-05-16 01:01:55,207.0,mm,DD,207
2026-05-16 01:01:55,2026-05-16 01:01:55,207.0,mm,PD,207
2026-05-16 01:01:50,2026-05-16 01:01:50,201.0,mm,DD,201
2026-05-16 01:01:50,2026-05-16 01:01:50,201.0,mm,DD,201
2026-05-16 01:01:50,2026-05-16 01:01:50,201.0,mm,DD,201
2026-05-16 01:01:50,2026-05-16 01:01:50,201.0,mm,DD,201
2026-05-16 01:01:50,2026-05-16 01:01:50,201.0,mm,A,201
2026-05-15 23:03:32,2026-05-15 23:03:32,1.0,mm,ND,1
2026-05-15 22:02:01,2026-05-15 22:02:01,201.0,mm,A,201
2026-05-15 22:01:50,2026-05-15 22:01:50,201.0,mm,DD,201
2026-05-15 22:01:50,2026-05-15 22:01:50,201.0,mm,DD,201
2026-05-15 22:01:49,2026-05-15 22:01:49,201.0,mm,DD,201
2026-05-15 22:01:49,2026-05-15 22:01:49,201.0,mm,DD,201
2026-05-15 22:01:49,2026-05-15 22:01:49,201.0,mm,A,201
2026-05-15 19:37:14,2026-05-15 19:37:14,130.0,mm,DD,130
2026-05-15 19:37:08,2026-05-15 19:37:08,130.0,mm,DD,130
2026-05-15 19:37:08,2026-05-15 19:37:08,130.0,mm,DD,130
2026-05-15 19:37:08,2026-05-15 19:37:08,130.0,mm,DD,130
2026-05-15 19:37:08,2026-05-15 19:37:08,130.0,mm,DD,130
2026-05-15 19:37:07,2026-05-15 19:37:08,130.0,mm,DD,130
2026-05-15 19:37:07,2026-05-15 19:37:08,130.0,mm,ND,130
2026-05-15 19:01:55,2026-05-15 19:01:55,201.0,mm,DD,201
2026-05-15 19:01:49,2026-05-15 19:01:49,201.0,mm,DD,201
2026-05-15 19:01:49,2026-05-15 19:01:49,201.0,mm,DD,201
2026-05-15 19:01:49,2026-05-15 19:01:49,201.0,mm,DD,201
2026-05-15 19:01:49,2026-05-15 19:01:49,201.0,mm,DD,201
2026-05-15 19:01:48,2026-05-15 19:01:49,201.0,mm,DD,201
2026-05-15 19:01:48,2026-05-15 19:01:49,201.0,mm,A,201
2026-05-15 16:01:54,2026-05-15 16:01:54,201.0,mm,DD,201
2026-05-15 16:01:48,2026-05-15 16:01:48,201.0,mm,DD,201
2026-05-15 16:01:48,2026-05-15 16:01:48,201.0,mm,DD,201
2026-05-15 16:01:48,2026-05-15 16:01:48,201.0,mm,DD,201
2026-05-15 16:01:48,2026-05-15 16:01:48,201.0,mm,DD,201
2026-05-15 16:01:48,2026-05-15 16:01:48,201.0,mm,A,201
2026-05-15 13:01:53,2026-05-15 13:01:53,201.0,mm,DD,201
2026-05-15 13:01:47,2026-05-15 13:01:47,201.0,mm,DD,201
2026-05-15 13:01:47,2026-05-15 13:01:47,201.0,mm,DD,201
2026-05-15 13:01:47,2026-05-15 13:01:47,201.0,mm,DD,201
2026-05-15 13:01:47,2026-05-15 13:01:47,201.0,mm,DD,201
2026-05-15 13:01:47,2026-05-15 13:01:47,201.0,mm,A,201
2026-05-15 10:01:46,2026-05-15 10:01:46,201.0,mm,DD,201
2026-05-15 10:01:46,2026-05-15 10:01:46,201.0,mm,DD,201
2026-05-15 10:01:46,2026-05-15 10:01:46,201.0,mm,DD,201
2026-05-15 10:01:46,2026-05-15 10:01:46,201.0,mm,DD,201
2026-05-15 10:01:46,2026-05-15 10:01:46,201.0,mm,A,201
2026-05-15 07:01:52,2026-05-15 08:01:14,201.0,mm,DD,201
2026-05-15 07:01:52,2026-05-15 08:01:14,201.0,mm,DD,201
2026-05-15 07:01:46,2026-05-15 08:01:14,201.0,mm,DD,201
2026-05-15 07:01:45,2026-05-15 08:01:14,201.0,mm,DD,201
2026-05-15 07:01:45,2026-05-15 08:01:14,201.0,mm,DD,201
2026-05-15 07:01:45,2026-05-15 08:01:14,201.0,mm,DD,201
2026-05-15 07:01:45,2026-05-15 08:01:14,201.0,mm,A,201
2026-05-15 04:01:56,2026-05-15 08:01:14,201.0,mm,DD,201
2026-05-15 04:01:50,2026-05-15 08:01:14,201.0,mm,DD,201
2026-05-15 04:01:50,2026-05-15 08:01:14,201.0,mm,DD,201
2026-05-15 04:01:45,2026-05-15 08:01:14,201.0,mm,DD,201
2026-05-15 04:01:45,2026-05-15 08:01:14,201.0,mm,DD,201
2026-05-15 04:01:45,2026-05-15 08:01:14,201.0,mm,DD,201
2026-05-15 04:01:45,2026-05-15 08:01:14,201.0,mm,DD,201
2026-05-15 04:01:45,2026-05-15 08:01:14,201.0,mm,DD,201
2026-05-15 04:01:45,2026-05-15 08:01:14,201.0,mm,A,201
2026-05-15 01:37:09,2026-05-15 07:41:08,129.0,mm,MM,129
2026-05-15 01:37:03,2026-05-15 07:41:06,129.0,mm,DD,129
2026-05-15 01:37:03,2026-05-15 07:41:06,129.0,mm,MM,129
2026-05-15 01:37:02,2026-05-15 07:41:04,129.0,mm,DD,129
2026-05-15 01:37:02,2026-05-15 07:41:04,129.0,mm,DD,129
2026-05-15 01:37:02,2026-05-15 07:41:04,129.0,mm,DD,129
2026-05-15 01:37:02,2026-05-15 07:41:04,129.0,mm,DD,129
2026-05-15 01:37:02,2026-05-15 07:41:04,129.0,mm,DD,129
2026-05-15 01:37:02,2026-05-15 07:41:04,129.0,mm,DD,129
2026-05-15 01:37:02,2026-05-15 07:41:04,129.0,mm,MM,129
2026-05-15 01:01:50,2026-05-15 08:01:14,201.0,mm,DD,201
2026-05-15 01:01:44,2026-05-15 08:01:14,201.0,mm,DD,201
2026-05-15 01:01:44,2026-05-15 08:01:14,201.0,mm,DD,201
2026-05-15 01:01:44,2026-05-15 08:01:14,201.0,mm,DD,201
2026-05-15 01:01:44,2026-05-15 08:01:14,201.0,mm,DD,201
2026-05-15 01:01:44,2026-05-15 08:01:14,201.0,mm,A,201
2026-05-14 22:01:49,2026-05-15 08:01:14,201.0,mm,DD,201
2026-05-14 22:01:43,2026-05-15 08:01:14,201.0,mm,DD,201
2026-05-14 22:01:43,2026-05-15 08:01:14,201.0,mm,DD,201
2026-05-14 22:01:43,2026-05-15 08:01:14,201.0,mm,DD,201
2026-05-14 22:01:43,2026-05-15 08:01:14,201.0,mm,DD,201
2026-05-14 22:01:43,2026-05-15 08:01:14,201.0,mm,A,201
2026-05-14 19:01:48,2026-05-15 08:01:14,201.0,mm,DD,201
2026-05-14 19:01:48,2026-05-15 08:01:14,201.0,mm,DD,201
2026-05-14 19:01:48,2026-05-15 08:01:14,201.0,mm,DD,201
2026-05-14 19:01:42,2026-05-15 08:01:14,201.0,mm,DD,201
2026-05-14 19:01:42,2026-05-15 08:01:14,201.0,mm,DD,201
2026-05-14 19:01:42,2026-05-15 08:01:14,201.0,mm,DD,201
2026-05-14 19:01:42,2026-05-15 08:01:14,201.0,mm,DD,201
2026-05-14 19:01:42,2026-05-15 08:01:14,201.0,mm,A,201
2026-05-14 16:01:42,2026-05-15 08:01:14,201.0,mm,DD,201
2026-05-14 16:01:42,2026-05-15 08:01:14,201.0,mm,DD,201
2026-05-14 16:01:42,2026-05-15 08:01:14,201.0,mm,DD,201
2026-05-14 16:01:42,2026-05-15 08:01:14,201.0,mm,DD,201
2026-05-14 16:01:42,2026-05-15 08:01:14,201.0,mm,A,201
2026-05-14 13:37:05,2026-05-15 08:01:14,141.0,mm,ND,141
2026-05-14 13:36:59,2026-05-15 07:41:19,141.0,mm,MM,141
2026-05-14 13:36:58,2026-05-15 07:41:17,141.0,mm,DD,141
2026-05-14 13:36:58,2026-05-15 07:41:17,141.0,mm,DD,141
2026-05-14 13:36:58,2026-05-15 07:41:17,141.0,mm,DD,141
2026-05-14 13:36:58,2026-05-15 07:41:17,141.0,mm,DD,141
2026-05-14 13:36:58,2026-05-15 07:41:17,141.0,mm,MM,141
2026-05-14 13:01:41,2026-05-15 08:01:14,201.0,mm,DD,201
2026-05-14 13:01:41,2026-05-15 08:01:14,201.0,mm,DD,201
2026-05-14 13:01:41,2026-05-15 08:01:14,201.0,mm,A,201
2026-05-14 10:01:46,2026-05-15 08:01:14,201.0,mm,DD,201
2026-05-14 10:01:40,2026-05-15 08:01:14,201.0,mm,DD,201
2026-05-14 10:01:40,2026-05-15 08:01:14,201.0,mm,DD,201
2026-05-14 10:01:40,2026-05-15 08:01:14,201.0,mm,DD,201
2026-05-14 10:01:40,2026-05-15 08:01:14,201.0,mm,DD,201
2026-05-14 10:01:40,2026-05-15 08:01:14,201.0,mm,DD,201
2026-05-14 10:01:40,2026-05-15 08:01:14,201.0,mm,A,201
2026-05-14 07:01:45,2026-05-15 08:01:14,201.0,mm,DD,201
2026-05-14 07:01:40,2026-05-15 08:01:14,201.0,mm,DD,201
2026-05-14 07:01:40,2026-05-15 08:01:14,201.0,mm,DD,201
2026-05-14 07:01:39,2026-05-15 08:01:14,201.0,mm,DD,201
2026-05-14 07:01:39,2026-05-15 08:01:14,201.0,mm,DD,201
2026-05-14 07:01:39,2026-05-15 08:01:14,201.0,mm,A,201
2026-05-14 04:01:45,2026-05-15 08:01:14,201.0,mm,DD,201
2026-05-14 04:01:44,2026-05-15 08:01:14,201.0,mm,DD,201
2026-05-14 04:01:44,2026-05-15 08:01:14,201.0,mm,DD,201
2026-05-14 04:01:38,2026-05-15 08:01:14,201.0,mm,DD,201
2026-05-14 04:01:38,2026-05-15 08:01:14,201.0,mm,DD,201
2026-05-14 04:01:38,2026-05-15 08:01:14,201.0,mm,DD,201
2026-05-14 04:01:38,2026-05-15 08:01:14,201.0,mm,DD,201
2026-05-14 04:01:38,2026-05-15 08:01:14,201.0,mm,A,201
2026-05-14 01:01:38,2026-05-15 08:01:14,201.0,mm,DD,201
2026-05-14 01:01:38,2026-05-15 08:01:14,201.0,mm,DD,201
2026-05-14 01:01:38,2026-05-15 08:01:14,201.0,mm,DD,201
2026-05-14 01:01:38,2026-05-15 08:01:14,201.0,mm,DD,201
2026-05-14 01:01:38,2026-05-15 08:01:14,201.0,mm,A,201
2026-05-14 00:18:19,2026-05-15 08:01:14,2,031.0,mm,PD,2031
2026-05-13 22:01:43,2026-05-15 08:01:14,201.0,mm,DD,201
2026-05-13 22:01:37,2026-05-15 08:01:14,201.0,mm,DD,201
2026-05-13 22:01:37,2026-05-15 08:01:14,201.0,mm,DD,201
2026-05-13 22:01:37,2026-05-15 08:01:14,201.0,mm,DD,201
2026-05-13 22:01:37,2026-05-15 08:01:14,201.0,mm,A,201
2026-05-13 19:01:42,2026-05-15 08:01:14,201.0,mm,DD,201
2026-05-13 19:01:41,2026-05-15 08:01:14,201.0,mm,DD,201
2026-05-13 19:01:41,2026-05-15 08:01:14,201.0,mm,DD,201
2026-05-13 19:01:36,2026-05-15 08:01:14,201.0,mm,DD,201
2026-05-13 19:01:36,2026-05-15 08:01:14,201.0,mm,DD,201
2026-05-13 19:01:36,2026-05-15 08:01:14,201.0,mm,DD,201
2026-05-13 19:01:36,2026-05-15 08:01:14,201.0,mm,DD,201
2026-05-13 19:01:36,2026-05-15 08:01:14,201.0,mm,A,201
2026-05-13 16:01:42,2026-05-15 08:01:14,201.0,mm,DD,201
2026-05-13 16:01:36,2026-05-15 08:01:14,201.0,mm,DD,201
2026-05-13 16:01:36,2026-05-15 08:01:14,201.0,mm,DD,201
2026-05-13 16:01:35,2026-05-15 08:01:14,201.0,mm,DD,201
2026-05-13 16:01:35,2026-05-15 08:01:14,201.0,mm,A,201
2026-05-13 16:01:10,2026-05-15 08:01:14,201.0,mm,DD,201
2026-05-13 16:01:10,2026-05-15 08:01:14,201.0,mm,A,201
2026-05-13 13:01:41,2026-05-15 08:01:14,201.0,mm,A,201
2026-05-13 13:01:34,2026-05-15 08:01:14,201.0,mm,DD,201
2026-05-13 13:01:34,2026-05-15 08:01:14,201.0,mm,DD,201
2026-05-13 13:01:34,2026-05-15 08:01:14,201.0,mm,A,201
2026-05-13 13:01:16,2026-05-15 08:01:14,201.0,mm,A,201
2026-05-13 10:36:56,2026-05-15 07:52:43,139.0,mm,MM,139
2026-05-13 10:36:49,2026-05-15 07:52:40,139.0,mm,DD,139
2026-05-13 10:36:49,2026-05-15 07:52:40,139.0,mm,DD,139
2026-05-13 10:36:49,2026-05-15 07:52:40,139.0,mm,DD,139
2026-05-13 10:36:49,2026-05-15 07:52:40,139.0,mm,DD,139
2026-05-13 10:36:49,2026-05-15 07:52:40,139.0,mm,MM,139
2026-05-13 10:36:25,2026-05-15 07:52:39,139.0,mm,MM,139
2026-05-13 10:01:40,2026-05-15 08:01:14,201.0,mm,DD,201
2026-05-13 10:01:34,2026-05-15 08:01:14,201.0,mm,DD,201
2026-05-13 10:01:34,2026-05-15 08:01:14,201.0,mm,DD,201
2026-05-13 10:01:34,2026-05-15 08:01:14,201.0,mm,DD,201
2026-05-13 10:01:34,2026-05-15 08:01:14,201.0,mm,DD,201
2026-05-13 10:01:34,2026-05-15 08:01:14,201.0,mm,A,201
2026-05-13 10:01:10,2026-05-15 08:01:14,201.0,mm,DD,201
2026-05-13 10:01:10,2026-05-15 08:01:14,201.0,mm,A,201
2026-05-13 07:01:33,2026-05-15 08:01:14,201.0,mm,DD,201
2026-05-13 07:01:33,2026-05-15 08:01:14,201.0,mm,DD,201
2026-05-13 07:01:33,2026-05-15 08:01:14,201.0,mm,DD,201
2026-05-13 07:01:33,2026-05-15 08:01:14,201.0,mm,A,201
2026-05-13 07:01:09,2026-05-15 08:01:14,201.0,mm,A,201
2026-05-13 04:01:38,2026-05-15 08:01:14,201.0,mm,DD,201
2026-05-13 04:01:32,2026-05-15 08:01:14,201.0,mm,DD,201
2026-05-13 04:01:32,2026-05-15 08:01:14,201.0,mm,DD,201
2026-05-13 04:01:32,2026-05-15 08:01:14,201.0,mm,DD,201
2026-05-13 04:01:32,2026-05-15 08:01:14,201.0,mm,A,201
2026-05-13 04:01:08,2026-05-15 08:01:14,201.0,mm,A,201
2026-05-13 01:01:38,2026-05-15 08:01:14,200.0,mm,DD,200
2026-05-13 01:01:37,2026-05-15 08:01:14,200.0,mm,DD,200
2026-05-13 01:01:37,2026-05-15 08:01:14,200.0,mm,DD,200
2026-05-13 01:01:31,2026-05-15 08:01:14,200.0,mm,DD,200
2026-05-13 01:01:31,2026-05-15 08:01:14,200.0,mm,DD,200
2026-05-13 01:01:31,2026-05-15 08:01:14,200.0,mm,DD,200
2026-05-13 01:01:31,2026-05-15 08:01:14,200.0,mm,A,200
2026-05-13 01:01:29,2026-05-15 07:42:05,200.0,mm,DD,200
2026-05-13 01:01:29,2026-05-15 07:42:05,200.0,mm,MM,200
2026-05-12 22:36:52,2026-05-15 07:41:58,129.0,mm,MM,129
2026-05-12 22:36:45,2026-05-15 07:42:00,129.0,mm,DD,129
2026-05-12 22:36:45,2026-05-15 07:42:00,129.0,mm,DD,129
2026-05-12 22:36:45,2026-05-15 07:42:00,129.0,mm,DD,129
2026-05-12 22:36:45,2026-05-15 07:42:00,129.0,mm,DD,129
2026-05-12 22:36:45,2026-05-15 07:42:00,129.0,mm,MM,129
2026-05-12 22:36:22,2026-05-15 07:42:02,129.0,mm,MM,129
2026-05-12 22:01:37,2026-05-15 08:01:14,200.0,mm,DD,200
2026-05-12 22:01:31,2026-05-15 08:01:14,200.0,mm,DD,200
2026-05-12 22:01:31,2026-05-15 08:01:14,200.0,mm,DD,200
2026-05-12 22:01:31,2026-05-15 08:01:14,200.0,mm,DD,200
2026-05-12 22:01:31,2026-05-15 08:01:14,200.0,mm,A,200
2026-05-12 22:01:07,2026-05-15 08:01:14,200.0,mm,A,200
2026-05-12 19:01:36,2026-05-15 08:01:14,200.0,mm,DD,200
2026-05-12 19:01:36,2026-05-15 08:01:14,200.0,mm,DD,200
2026-05-12 19:01:30,2026-05-15 08:01:14,200.0,mm,DD,200
2026-05-12 19:01:30,2026-05-15 08:01:14,200.0,mm,DD,200
2026-05-12 19:01:30,2026-05-15 08:01:14,200.0,mm,DD,200
2026-05-12 19:01:30,2026-05-15 08:01:14,200.0,mm,A,200
2026-05-12 19:01:06,2026-05-15 08:01:14,200.0,mm,A,200
2026-05-12 16:01:38,2026-05-15 08:01:14,200.0,mm,DD,200
2026-05-12 16:01:35,2026-05-15 08:01:14,200.0,mm,DD,200
2026-05-12 16:01:30,2026-05-15 08:01:14,200.0,mm,DD,200
2026-05-12 16:01:29,2026-05-15 08:01:14,200.0,mm,DD,200
2026-05-12 16:01:29,2026-05-15 08:01:14,200.0,mm,DD,200
2026-05-12 16:01:29,2026-05-15 08:01:14,200.0,mm,DD,200
2026-05-12 16:01:29,2026-05-15 08:01:14,200.0,mm,A,200
2026-05-12 13:01:35,2026-05-15 08:01:14,200.0,mm,A,200
2026-05-12 13:01:28,2026-05-15 08:01:14,200.0,mm,DD,200
2026-05-12 13:01:28,2026-05-15 08:01:14,200.0,mm,DD,200
2026-05-12 13:01:28,2026-05-15 08:01:14,200.0,mm,DD,200
2026-05-12 13:01:28,2026-05-15 08:01:14,200.0,mm,DD,200
2026-05-12 13:01:27,2026-05-15 08:01:14,200.0,mm,A,200
2026-05-12 10:01:34,2026-05-15 08:01:14,200.0,mm,DD,200
2026-05-12 10:01:33,2026-05-15 08:01:14,200.0,mm,DD,200
2026-05-12 10:01:33,2026-05-15 08:01:14,200.0,mm,DD,200
2026-05-12 10:01:27,2026-05-15 08:01:14,200.0,mm,DD,200
2026-05-12 10:01:27,2026-05-15 08:01:14,200.0,mm,DD,200
2026-05-12 10:01:27,2026-05-15 08:01:14,200.0,mm,DD,200
2026-05-12 10:01:27,2026-05-15 08:01:14,200.0,mm,A,200
2026-05-12 10:01:05,2026-05-15 08:01:14,200.0,mm,A,200
2026-05-12 07:01:33,2026-05-15 08:01:14,200.0,mm,DD,200
2026-05-12 07:01:33,2026-05-15 08:01:14,200.0,mm,DD,200
2026-05-12 07:01:27,2026-05-15 08:01:14,200.0,mm,DD,200
2026-05-12 07:01:27,2026-05-15 08:01:14,200.0,mm,DD,200
2026-05-12 07:01:27,2026-05-15 08:01:14,200.0,mm,DD,200
2026-05-12 07:01:27,2026-05-15 08:01:14,200.0,mm,A,200
2026-05-12 07:01:04,2026-05-15 08:01:14,200.0,mm,A,200
2026-05-12 04:01:32,2026-05-15 08:01:14,200.0,mm,DD,200
2026-05-12 04:01:32,2026-05-15 08:01:14,200.0,mm,DD,200
2026-05-12 04:01:26,2026-05-15 08:01:14,200.0,mm,DD,200
2026-05-12 04:01:26,2026-05-15 08:01:14,200.0,mm,DD,200
2026-05-12 04:01:26,2026-05-15 08:01:14,200.0,mm,DD,200
2026-05-12 04:01:26,2026-05-15 08:01:14,200.0,mm,DD,200
2026-05-12 04:01:26,2026-05-15 08:01:14,200.0,mm,A,200
2026-05-12 02:48:19,2026-05-15 07:42:32,128.0,mm,DD,128
2026-05-12 02:48:19,2026-05-15 07:42:32,128.0,mm,MM,128
2026-05-12 01:01:25,2026-05-15 08:01:14,200.0,mm,DD,200
2026-05-12 01:01:25,2026-05-15 08:01:14,200.0,mm,DD,200
2026-05-12 01:01:25,2026-05-15 08:01:14,200.0,mm,DD,200
2026-05-12 01:01:25,2026-05-15 08:01:14,200.0,mm,A,200
2026-05-12 01:01:04,2026-05-15 08:01:14,200.0,mm,A,200
2026-05-11 22:01:31,2026-05-15 08:01:14,200.0,mm,DD,200
2026-05-11 22:01:30,2026-05-15 08:01:14,200.0,mm,DD,200
2026-05-11 22:01:30,2026-05-15 08:01:14,200.0,mm,DD,200
2026-05-11 22:01:25,2026-05-15 08:01:14,200.0,mm,DD,200
2026-05-11 22:01:25,2026-05-15 08:01:14,200.0,mm,DD,200
2026-05-11 22:01:24,2026-05-15 08:01:14,200.0,mm,DD,200
2026-05-11 22:01:24,2026-05-15 08:01:14,200.0,mm,A,200
2026-05-11 22:01:03,2026-05-15 08:01:14,200.0,mm,A,200
2026-05-11 20:48:24,2026-05-15 08:01:14,129.0,mm,ND,129
2026-05-11 19:01:30,2026-05-15 08:01:14,200.0,mm,DD,200
2026-05-11 19:01:24,2026-05-15 08:01:14,200.0,mm,DD,200
2026-05-11 19:01:24,2026-05-15 08:01:14,200.0,mm,DD,200
2026-05-11 19:01:24,2026-05-15 08:01:14,200.0,mm,DD,200
2026-05-11 19:01:24,2026-05-15 08:01:14,200.0,mm,A,200
2026-05-11 19:01:02,2026-05-15 08:01:14,200.0,mm,A,200
2026-05-11 16:01:23,2026-05-15 08:01:14,200.0,mm,DD,200
2026-05-11 16:01:23,2026-05-15 08:01:14,200.0,mm,DD,200
2026-05-11 16:01:23,2026-05-15 08:01:14,200.0,mm,DD,200
2026-05-11 16:01:23,2026-05-15 08:01:14,200.0,mm,DD,200
2026-05-11 16:01:23,2026-05-15 08:01:14,200.0,mm,A,200
2026-05-11 13:01:28,2026-05-15 08:01:14,200.0,mm,DD,200
2026-05-11 13:01:22,2026-05-15 08:01:14,200.0,mm,DD,200
2026-05-11 13:01:22,2026-05-15 08:01:14,200.0,mm,DD,200
2026-05-11 13:01:22,2026-05-15 08:01:14,200.0,mm,DD,200
2026-05-11 13:01:22,2026-05-15 08:01:14,200.0,mm,A,200
2026-05-11 13:01:01,2026-05-15 08:01:14,200.0,mm,A,200
2026-05-11 10:01:28,2026-05-15 08:01:14,200.0,mm,A,200
2026-05-11 10:01:21,2026-05-15 08:01:14,200.0,mm,DD,200
2026-05-11 10:01:21,2026-05-15 08:01:14,200.0,mm,DD,200
2026-05-11 10:01:21,2026-05-15 08:01:14,200.0,mm,DD,200
2026-05-11 10:01:21,2026-05-15 08:01:14,200.0,mm,A,200
2026-05-11 10:01:00,2026-05-15 08:01:14,200.0,mm,DD,200
2026-05-11 10:01:00,2026-05-15 08:01:14,200.0,mm,A,200
2026-05-11 07:36:39,2026-05-15 07:42:53,129.0,mm,MM,129
2026-05-11 07:36:33,2026-05-15 07:42:44,129.0,mm,MM,129
2026-05-11 07:36:32,2026-05-15 07:42:45,129.0,mm,DD,129
2026-05-11 07:36:32,2026-05-15 07:42:45,129.0,mm,DD,129
2026-05-11 07:36:32,2026-05-15 07:42:45,129.0,mm,DD,129
2026-05-11 07:36:32,2026-05-15 07:42:45,129.0,mm,MM,129
2026-05-11 07:36:12,2026-05-15 07:42:47,129.0,mm,MM,129
2026-05-11 07:01:20,2026-05-15 08:01:14,200.0,mm,DD,200
2026-05-11 07:01:20,2026-05-15 08:01:14,200.0,mm,DD,200
2026-05-11 07:01:20,2026-05-15 08:01:14,200.0,mm,DD,200
2026-05-11 07:01:20,2026-05-15 08:01:14,200.0,mm,A,200
2026-05-11 07:00:59,2026-05-15 08:01:14,200.0,mm,A,200
2026-05-11 04:01:27,2026-05-15 08:01:14,200.0,mm,DD,200
2026-05-11 04:01:26,2026-05-15 08:01:14,200.0,mm,DD,200
2026-05-11 04:01:26,2026-05-15 08:01:14,200.0,mm,DD,200
2026-05-11 04:01:20,2026-05-15 08:01:14,200.0,mm,DD,200
2026-05-11 04:01:20,2026-05-15 08:01:14,200.0,mm,DD,200
2026-05-11 04:01:20,2026-05-15 08:01:14,200.0,mm,DD,200
2026-05-11 04:01:20,2026-05-15 08:01:14,200.0,mm,DD,200
2026-05-11 04:01:17,2026-05-15 08:01:14,200.0,mm,A,200
2026-05-11 01:01:25,2026-05-15 08:01:14,200.0,mm,DD,200
2026-05-11 01:01:19,2026-05-15 08:01:14,200.0,mm,DD,200
2026-05-11 01:01:19,2026-05-15 08:01:14,200.0,mm,A,200
2026-05-11 01:00:58,2026-05-15 08:01:14,200.0,mm,A,200
2026-05-10 22:01:24,2026-05-15 08:01:14,200.0,mm,DD,200
2026-05-10 22:01:18,2026-05-15 08:01:14,200.0,mm,DD,200
2026-05-10 22:01:18,2026-05-15 08:01:14,200.0,mm,DD,200
2026-05-10 22:01:18,2026-05-15 08:01:14,200.0,mm,DD,200
2026-05-10 22:01:18,2026-05-15 08:01:14,200.0,mm,DD,200
2026-05-10 22:01:18,2026-05-15 08:01:14,200.0,mm,A,200
2026-05-10 22:00:57,2026-05-15 08:01:14,200.0,mm,A,200
2026-05-10 19:01:24,2026-05-15 08:01:14,200.0,mm,A,200
2026-05-10 19:01:17,2026-05-15 08:01:14,200.0,mm,DD,200
2026-05-10 19:01:17,2026-05-15 08:01:14,200.0,mm,DD,200
2026-05-10 19:01:17,2026-05-15 08:01:14,200.0,mm,DD,200
2026-05-10 19:01:17,2026-05-15 08:01:14,200.0,mm,A,200
2026-05-10 19:00:57,2026-05-15 08:01:14,200.0,mm,A,200
2026-05-10 17:14:55,2026-05-15 08:01:14,0.0,mm,DD,0
2026-05-10 17:14:55,2026-05-15 08:01:14,0.0,mm,ND,0
2026-05-10 16:01:23,2026-05-15 08:01:14,200.0,mm,DD,200
2026-05-10 16:01:17,2026-05-15 08:01:14,200.0,mm,DD,200
2026-05-10 16:01:17,2026-05-15 08:01:14,200.0,mm,DD,200
2026-05-10 16:01:17,2026-05-15 08:01:14,200.0,mm,DD,200
2026-05-10 16:01:17,2026-05-15 08:01:14,200.0,mm,DD,200
2026-05-10 16:01:15,2026-05-15 08:01:14,200.0,mm,A,200
2026-05-10 13:01:22,2026-05-15 08:01:14,200.0,mm,DD,200
2026-05-10 13:01:16,2026-05-15 08:01:14,200.0,mm,DD,200
2026-05-10 13:01:16,2026-05-15 08:01:14,200.0,mm,DD,200
2026-05-10 13:01:16,2026-05-15 08:01:14,200.0,mm,DD,200
2026-05-10 13:01:16,2026-05-15 08:01:14,200.0,mm,A,200
2026-05-10 13:00:56,2026-05-15 08:01:14,200.0,mm,DD,200
2026-05-10 13:00:56,2026-05-15 08:01:14,200.0,mm,A,200
2026-05-10 10:01:21,2026-05-15 08:01:14,200.0,mm,DD,200
2026-05-10 10:01:15,2026-05-15 08:01:14,200.0,mm,DD,200
2026-05-10 10:01:15,2026-05-15 08:01:14,200.0,mm,DD,200
2026-05-10 10:01:15,2026-05-15 08:01:14,200.0,mm,DD,200
2026-05-10 10:01:15,2026-05-15 08:01:14,200.0,mm,A,200
2026-05-10 10:00:55,2026-05-15 08:01:14,200.0,mm,A,200
2026-05-10 07:01:21,2026-05-15 08:01:14,200.0,mm,DD,200
2026-05-10 07:01:20,2026-05-15 08:01:14,200.0,mm,DD,200
2026-05-10 07:01:14,2026-05-15 08:01:14,200.0,mm,DD,200
2026-05-10 07:01:14,2026-05-15 08:01:14,200.0,mm,DD,200
2026-05-10 07:01:14,2026-05-15 08:01:14,200.0,mm,DD,200
2026-05-10 07:01:14,2026-05-15 08:01:14,200.0,mm,DD,200
2026-05-10 07:01:14,2026-05-15 08:01:14,200.0,mm,A,200
2026-05-10 07:00:53,2026-05-15 08:01:14,200.0,mm,A,200
2026-05-10 04:01:20,2026-05-15 08:01:14,200.0,mm,A,200
2026-05-10 04:01:13,2026-05-15 08:01:14,200.0,mm,DD,200
2026-05-10 04:01:13,2026-05-15 08:01:14,200.0,mm,DD,200
2026-05-10 04:01:13,2026-05-15 08:01:14,200.0,mm,DD,200
2026-05-10 04:01:13,2026-05-15 08:01:14,200.0,mm,DD,200
2026-05-10 04:01:12,2026-05-15 08:01:14,200.0,mm,A,200
2026-05-10 01:36:28,2026-05-15 08:00:01,128.0,mm,MM,128
2026-05-10 01:36:22,2026-05-15 07:59:59,128.0,mm,DD,128
2026-05-10 01:36:22,2026-05-15 07:59:59,128.0,mm,DD,128
2026-05-10 01:36:22,2026-05-15 07:59:59,128.0,mm,DD,128
2026-05-10 01:36:22,2026-05-15 07:59:59,128.0,mm,MM,128
2026-05-10 01:36:03,2026-05-15 07:59:57,128.0,mm,MM,128
2026-05-10 01:01:19,2026-05-15 08:01:14,200.0,mm,DD,200
2026-05-10 01:01:13,2026-05-15 08:01:14,200.0,mm,DD,200
2026-05-10 01:01:13,2026-05-15 08:01:14,200.0,mm,DD,200
2026-05-10 01:01:13,2026-05-15 08:01:14,200.0,mm,DD,200
2026-05-10 01:01:13,2026-05-15 08:01:14,200.0,mm,A,200
2026-05-10 01:00:53,2026-05-15 08:01:14,200.0,mm,A,200
2026-05-09 22:01:18,2026-05-15 07:54:51,200.0,mm,DD,200
2026-05-09 22:01:12,2026-05-15 07:54:51,200.0,mm,DD,200
2026-05-09 22:01:12,2026-05-15 07:54:51,200.0,mm,DD,200
2026-05-09 22:01:12,2026-05-15 07:54:51,200.0,mm,DD,200
2026-05-09 22:01:12,2026-05-15 07:54:51,200.0,mm,A,200
2026-05-09 22:00:52,2026-05-15 07:54:51,200.0,mm,A,200
2026-05-09 19:34:17,2026-05-15 07:54:51,125.0,mm,ND,125
2026-05-09 19:01:17,2026-05-15 07:54:51,200.0,mm,DD,200
2026-05-09 19:01:11,2026-05-15 07:54:51,200.0,mm,DD,200
2026-05-09 19:01:11,2026-05-15 07:54:51,200.0,mm,DD,200
2026-05-09 19:01:11,2026-05-15 07:54:51,200.0,mm,DD,200
2026-05-09 19:01:11,2026-05-15 07:54:51,200.0,mm,A,200
2026-05-09 19:00:51,2026-05-15 07:54:51,200.0,mm,DD,200
2026-05-09 19:00:51,2026-05-15 07:54:51,200.0,mm,A,200
2026-05-09 16:01:17,2026-05-15 07:54:51,200.0,mm,A,200
2026-05-09 16:01:10,2026-05-15 07:54:51,200.0,mm,DD,200
2026-05-09 16:01:10,2026-05-15 07:54:51,200.0,mm,DD,200
2026-05-09 16:01:10,2026-05-15 07:54:51,200.0,mm,DD,200
2026-05-09 16:01:10,2026-05-15 07:54:51,200.0,mm,DD,200
2026-05-09 16:01:09,2026-05-15 07:54:51,200.0,mm,DD,200
2026-05-09 16:01:09,2026-05-15 07:54:51,200.0,mm,A,200
2026-05-09 13:01:16,2026-05-15 07:54:51,200.0,mm,DD,200
2026-05-09 13:01:10,2026-05-15 07:54:51,200.0,mm,DD,200
2026-05-09 13:01:10,2026-05-15 07:54:51,200.0,mm,DD,200
2026-05-09 13:01:10,2026-05-15 07:54:51,200.0,mm,DD,200
2026-05-09 13:01:10,2026-05-15 07:54:51,200.0,mm,A,200
2026-05-09 13:00:51,2026-05-15 07:54:51,200.0,mm,DD,200
2026-05-09 13:00:51,2026-05-15 07:54:51,200.0,mm,A,200
2026-05-09 10:01:15,2026-05-15 07:54:51,200.0,mm,DD,200
2026-05-09 10:01:09,2026-05-15 07:54:51,200.0,mm,DD,200
2026-05-09 10:01:09,2026-05-15 07:54:51,200.0,mm,DD,200
2026-05-09 10:01:09,2026-05-15 07:54:51,200.0,mm,DD,200
2026-05-09 10:01:09,2026-05-15 07:54:51,200.0,mm,A,200
2026-05-09 10:00:49,2026-05-15 07:54:51,200.0,mm,DD,200
2026-05-09 10:00:49,2026-05-15 07:54:51,200.0,mm,A,200
2026-05-09 07:01:14,2026-05-15 07:54:51,200.0,mm,DD,200
2026-05-09 07:01:08,2026-05-15 07:54:51,200.0,mm,DD,200
2026-05-09 07:01:08,2026-05-15 07:54:51,200.0,mm,DD,200
2026-05-09 07:01:08,2026-05-15 07:54:51,200.0,mm,DD,200
2026-05-09 07:01:08,2026-05-15 07:54:51,200.0,mm,DD,200
2026-05-09 07:01:08,2026-05-15 07:54:51,200.0,mm,A,200
2026-05-09 07:00:49,2026-05-15 07:54:51,200.0,mm,DD,200
2026-05-09 07:00:49,2026-05-15 07:54:51,200.0,mm,A,200
2026-05-09 04:01:13,2026-05-15 07:54:51,200.0,mm,DD,200
2026-05-09 04:01:13,2026-05-15 07:54:51,200.0,mm,DD,200
2026-05-09 04:01:07,2026-05-15 07:54:51,200.0,mm,DD,200
2026-05-09 04:01:07,2026-05-15 07:54:51,200.0,mm,DD,200
2026-05-09 04:01:07,2026-05-15 07:54:51,200.0,mm,DD,200
2026-05-09 04:01:07,2026-05-15 07:54:51,200.0,mm,DD,200
2026-05-09 04:01:07,2026-05-15 07:54:51,200.0,mm,DD,200
2026-05-09 04:01:05,2026-05-15 07:54:51,200.0,mm,DD,200
2026-05-09 04:01:05,2026-05-15 07:54:51,200.0,mm,A,200
2026-05-09 01:01:12,2026-05-15 07:54:51,200.0,mm,DD,200
2026-05-09 01:01:06,2026-05-15 07:54:51,200.0,mm,DD,200
2026-05-09 01:01:06,2026-05-15 07:54:51,200.0,mm,DD,200
2026-05-09 01:01:06,2026-05-15 07:54:51,200.0,mm,DD,200
2026-05-09 01:01:06,2026-05-15 07:54:51,200.0,mm,DD,200
2026-05-09 01:01:06,2026-05-15 07:54:51,200.0,mm,DD,200
2026-05-09 01:01:06,2026-05-15 07:54:51,200.0,mm,A,200
2026-05-09 01:00:48,2026-05-15 07:54:51,200.0,mm,A,200
2026-05-08 22:01:12,2026-05-15 07:54:51,200.0,mm,A,200
2026-05-08 22:01:05,2026-05-15 07:54:51,200.0,mm,DD,200
2026-05-08 22:01:05,2026-05-15 07:54:51,200.0,mm,DD,200
2026-05-08 22:01:05,2026-05-15 07:54:51,200.0,mm,DD,200
2026-05-08 22:01:05,2026-05-15 07:54:51,200.0,mm,DD,200
2026-05-08 22:01:05,2026-05-15 07:54:51,200.0,mm,DD,200
2026-05-08 22:01:05,2026-05-15 07:54:51,200.0,mm,A,200
2026-05-08 22:00:47,2026-05-15 07:54:51,200.0,mm,A,200
2026-05-08 19:01:11,2026-05-15 07:54:51,200.0,mm,A,200
2026-05-08 19:01:04,2026-05-15 07:54:51,200.0,mm,DD,200
2026-05-08 19:01:04,2026-05-15 07:54:51,200.0,mm,DD,200
2026-05-08 19:01:04,2026-05-15 07:54:51,200.0,mm,DD,200
2026-05-08 19:01:04,2026-05-15 07:54:51,200.0,mm,DD,200
2026-05-08 19:01:04,2026-05-15 07:54:51,200.0,mm,A,200
2026-05-08 19:00:46,2026-05-15 07:54:51,200.0,mm,DD,200
2026-05-08 19:00:46,2026-05-15 07:54:51,200.0,mm,A,200
2026-05-08 16:01:10,2026-05-15 07:54:51,200.0,mm,DD,200
2026-05-08 16:01:04,2026-05-15 07:54:51,200.0,mm,DD,200
2026-05-08 16:01:04,2026-05-15 07:54:51,200.0,mm,DD,200
2026-05-08 16:01:04,2026-05-15 07:54:51,200.0,mm,DD,200
2026-05-08 16:01:04,2026-05-15 07:54:51,200.0,mm,DD,200
2026-05-08 16:01:04,2026-05-15 07:54:51,200.0,mm,DD,200
2026-05-08 16:01:01,2026-05-15 07:54:51,200.0,mm,DD,200
2026-05-08 16:01:01,2026-05-15 07:54:51,200.0,mm,A,200
2026-05-08 13:01:09,2026-05-15 07:54:51,200.0,mm,DD,200
2026-05-08 13:01:03,2026-05-15 07:54:51,200.0,mm,DD,200
2026-05-08 13:01:03,2026-05-15 07:54:51,200.0,mm,DD,200
2026-05-08 13:01:03,2026-05-15 07:54:51,200.0,mm,DD,200
2026-05-08 13:01:03,2026-05-15 07:54:51,200.0,mm,DD,200
2026-05-08 13:01:03,2026-05-15 07:54:51,200.0,mm,DD,200
2026-05-08 13:01:03,2026-05-15 07:54:51,200.0,mm,A,200
2026-05-08 13:00:45,2026-05-15 07:54:51,200.0,mm,DD,200
2026-05-08 13:00:45,2026-05-15 07:54:51,200.0,mm,A,200
2026-05-08 11:46:09,2026-05-15 07:54:51,0.0,mm,DD,0
2026-05-08 11:46:03,2026-05-15 07:54:51,0.0,mm,DD,0
2026-05-08 11:46:03,2026-05-15 07:54:51,0.0,mm,DD,0
2026-05-08 11:46:03,2026-05-15 07:54:51,0.0,mm,DD,0
2026-05-08 11:46:03,2026-05-15 07:54:51,0.0,mm,DD,0
2026-05-08 11:46:03,2026-05-15 07:54:51,0.0,mm,DD,0
2026-05-08 11:46:03,2026-05-15 07:54:51,0.0,mm,DD,0
2026-05-08 11:46:03,2026-05-15 07:54:51,0.0,mm,DD,0
2026-05-08 11:46:03,2026-05-15 07:54:51,0.0,mm,ND,0
2026-05-08 10:01:08,2026-05-15 07:54:51,200.0,mm,DD,200
2026-05-08 10:01:02,2026-05-15 07:54:51,200.0,mm,DD,200
2026-05-08 10:01:02,2026-05-15 07:54:51,200.0,mm,DD,200
2026-05-08 10:01:02,2026-05-15 07:54:51,200.0,mm,DD,200
2026-05-08 10:01:02,2026-05-15 07:54:51,200.0,mm,DD,200
2026-05-08 10:01:02,2026-05-15 07:54:51,200.0,mm,A,200
2026-05-08 10:00:45,2026-05-15 07:54:51,200.0,mm,DD,200
2026-05-08 10:00:45,2026-05-15 07:54:51,200.0,mm,A,200
2026-05-08 07:49:07,2026-05-15 07:54:51,136.0,mm,ND,136
2026-05-08 07:36:14,2026-05-15 07:54:51,129.0,mm,DD,129
2026-05-08 07:36:09,2026-05-15 07:54:51,129.0,mm,DD,129
2026-05-08 07:36:07,2026-05-15 07:54:51,129.0,mm,DD,129
2026-05-08 07:36:07,2026-05-15 07:54:51,129.0,mm,DD,129
2026-05-08 07:36:07,2026-05-15 07:54:51,129.0,mm,DD,129
2026-05-08 07:36:07,2026-05-15 07:54:51,129.0,mm,DD,129
2026-05-08 07:36:07,2026-05-15 07:54:51,129.0,mm,ND,129
2026-05-08 07:01:08,2026-05-15 07:54:51,200.0,mm,A,200
2026-05-08 07:01:01,2026-05-15 07:54:51,200.0,mm,DD,200
2026-05-08 07:01:01,2026-05-15 07:54:51,200.0,mm,DD,200
2026-05-08 07:01:01,2026-05-15 07:54:51,200.0,mm,DD,200
2026-05-08 07:01:01,2026-05-15 07:54:51,200.0,mm,DD,200
2026-05-08 07:01:01,2026-05-15 07:54:51,200.0,mm,A,200
2026-05-08 07:00:44,2026-05-15 07:54:51,200.0,mm,DD,200
2026-05-08 07:00:44,2026-05-15 07:54:51,200.0,mm,A,200
2026-05-08 04:01:12,2026-05-15 07:54:51,200.0,mm,A,200
2026-05-08 04:01:00,2026-05-15 07:54:51,200.0,mm,DD,200
2026-05-08 04:01:00,2026-05-15 07:54:51,200.0,mm,DD,200
2026-05-08 04:01:00,2026-05-15 07:54:51,200.0,mm,DD,200
2026-05-08 04:01:00,2026-05-15 07:54:51,200.0,mm,DD,200
2026-05-08 04:01:00,2026-05-15 07:54:51,200.0,mm,DD,200
2026-05-08 04:01:00,2026-05-15 07:54:51,200.0,mm,A,200
2026-05-08 04:00:44,2026-05-15 07:54:51,200.0,mm,A,200
2026-05-08 01:01:00,2026-05-15 07:54:51,200.0,mm,DD,200
2026-05-08 01:01:00,2026-05-15 07:54:51,200.0,mm,DD,200
2026-05-08 01:01:00,2026-05-15 07:54:51,200.0,mm,DD,200
2026-05-08 01:01:00,2026-05-15 07:54:51,200.0,mm,A,200
2026-05-08 01:00:43,2026-05-15 07:54:51,200.0,mm,A,200
2026-05-07 22:00:59,2026-05-15 07:54:51,200.0,mm,DD,200
2026-05-07 22:00:59,2026-05-15 07:54:51,200.0,mm,DD,200
2026-05-07 22:00:59,2026-05-15 07:54:51,200.0,mm,DD,200
2026-05-07 22:00:59,2026-05-15 07:54:51,200.0,mm,A,200
2026-05-07 22:00:42,2026-05-15 07:54:51,200.0,mm,A,200
2026-05-07 19:00:58,2026-05-15 07:54:51,200.0,mm,DD,200
2026-05-07 19:00:58,2026-05-15 07:54:51,200.0,mm,DD,200
2026-05-07 19:00:58,2026-05-15 07:54:51,200.0,mm,DD,200
2026-05-07 19:00:58,2026-05-15 07:54:51,200.0,mm,DD,200
2026-05-07 19:00:58,2026-05-15 07:54:51,200.0,mm,A,200
2026-05-07 16:01:03,2026-05-15 07:54:51,200.0,mm,DD,200
2026-05-07 16:00:57,2026-05-15 07:54:51,200.0,mm,DD,200
2026-05-07 16:00:57,2026-05-15 07:54:51,200.0,mm,DD,200
2026-05-07 16:00:57,2026-05-15 07:54:51,200.0,mm,A,200
2026-05-07 16:00:41,2026-05-15 07:54:51,200.0,mm,A,200
2026-05-07 13:36:08,2026-05-15 07:54:28,139.0,mm,MM,139
2026-05-07 13:36:02,2026-05-15 07:54:21,139.0,mm,DD,139
2026-05-07 13:36:02,2026-05-15 07:54:21,139.0,mm,DD,139
2026-05-07 13:36:02,2026-05-15 07:54:21,139.0,mm,MM,139
2026-05-07 13:36:01,2026-05-15 07:54:23,139.0,mm,DD,139
2026-05-07 13:36:01,2026-05-15 07:54:23,139.0,mm,MM,139
2026-05-07 13:35:46,2026-05-15 07:54:25,139.0,mm,MM,139
2026-05-07 13:01:03,2026-05-15 07:54:51,200.0,mm,A,200
2026-05-07 13:00:56,2026-05-15 07:54:51,200.0,mm,DD,200
2026-05-07 13:00:56,2026-05-15 07:54:51,200.0,mm,DD,200
2026-05-07 13:00:56,2026-05-15 07:54:51,200.0,mm,A,200
2026-05-07 13:00:40,2026-05-15 07:54:51,200.0,mm,A,200
2026-05-07 10:01:02,2026-05-15 07:54:51,200.0,mm,DD,200
2026-05-07 10:00:56,2026-05-15 07:54:51,200.0,mm,DD,200
2026-05-07 10:00:56,2026-05-15 07:54:51,200.0,mm,DD,200
2026-05-07 10:00:56,2026-05-15 07:54:51,200.0,mm,DD,200
2026-05-07 10:00:56,2026-05-15 07:54:51,200.0,mm,A,200
2026-05-07 10:00:39,2026-05-15 07:54:51,200.0,mm,A,200
2026-05-07 07:00:55,2026-05-15 07:54:51,200.0,mm,DD,200
2026-05-07 07:00:55,2026-05-15 07:54:51,200.0,mm,DD,200
2026-05-07 07:00:55,2026-05-15 07:54:51,200.0,mm,DD,200
2026-05-07 07:00:55,2026-05-15 07:54:51,200.0,mm,DD,200
2026-05-07 07:00:54,2026-05-15 07:54:51,200.0,mm,A,200
2026-05-07 04:00:54,2026-05-15 07:54:51,200.0,mm,DD,200
2026-05-07 04:00:54,2026-05-15 07:54:51,200.0,mm,DD,200
2026-05-07 04:00:54,2026-05-15 07:54:51,200.0,mm,DD,200
2026-05-07 04:00:54,2026-05-15 07:54:51,200.0,mm,DD,200
2026-05-07 04:00:54,2026-05-15 07:54:51,200.0,mm,A,200
2026-05-07 04:00:39,2026-05-15 07:54:51,200.0,mm,DD,200
2026-05-07 04:00:39,2026-05-15 07:54:51,200.0,mm,A,200
2026-05-07 01:00:53,2026-05-15 07:54:51,200.0,mm,DD,200
2026-05-07 01:00:53,2026-05-15 07:54:51,200.0,mm,DD,200
2026-05-07 01:00:53,2026-05-15 07:54:51,200.0,mm,DD,200
2026-05-07 01:00:53,2026-05-15 07:54:51,200.0,mm,AN,200
2026-05-07 01:00:38,2026-05-15 07:54:51,200.0,mm,ND,200
2026-05-06 22:49:07,2026-05-06 22:49:07,516.0,mm,DD,516
2026-05-06 22:49:02,2026-05-06 22:49:02,516.0,mm,DD,516
2026-05-06 22:49:02,2026-05-06 22:49:02,516.0,mm,DD,516
2026-05-06 22:49:01,2026-05-06 22:49:01,516.0,mm,DD,516
2026-05-06 22:49:01,2026-05-06 22:49:01,516.0,mm,DD,516
2026-05-06 22:49:01,2026-05-06 22:49:01,516.0,mm,DD,516
2026-05-06 22:49:01,2026-05-06 22:49:01,516.0,mm,DD,516
2026-05-06 22:49:01,2026-05-06 22:49:01,516.0,mm,DD,516
2026-05-06 22:49:01,2026-05-06 22:49:01,516.0,mm,PD,516
2026-05-06 22:00:52,2026-05-06 22:00:53,200.0,mm,DD,200
2026-05-06 22:00:52,2026-05-06 22:00:53,200.0,mm,DD,200
2026-05-06 22:00:52,2026-05-06 22:00:53,200.0,mm,DD,200
2026-05-06 22:00:52,2026-05-06 22:00:53,200.0,mm,A,200
2026-05-06 22:00:37,2026-05-06 22:00:53,200.0,mm,AS,200
2026-05-06 19:00:58,2026-05-06 19:00:58,200.0,mm,DD,200
2026-05-06 19:00:52,2026-05-06 19:00:52,200.0,mm,DD,200
2026-05-06 19:00:52,2026-05-06 19:00:52,200.0,mm,DD,200
2026-05-06 19:00:52,2026-05-06 19:00:52,200.0,mm,DD,200
2026-05-06 19:00:52,2026-05-06 19:00:52,200.0,mm,DD,200
2026-05-06 19:00:51,2026-05-06 19:00:51,200.0,mm,A,200
2026-05-06 18:46:25,2026-05-06 18:46:25,559.0,mm,PD,559
2026-05-06 17:29:14,2026-05-06 17:29:14,200.0,mm,DD,200
2026-05-06 17:29:08,2026-05-06 17:29:08,200.0,mm,DD,200
2026-05-06 17:29:08,2026-05-06 17:29:08,200.0,mm,DD,200
2026-05-06 17:29:08,2026-05-06 17:29:08,200.0,mm,DD,200
2026-05-06 17:29:08,2026-05-06 17:29:08,200.0,mm,AN,200
2026-05-06 17:28:52,2026-05-06 17:29:08,200.0,mm,ND,200
2026-05-06 17:24:54,2026-05-06 17:24:54,199.0,mm,DD,199
2026-05-06 17:24:48,2026-05-06 17:24:48,199.0,mm,DD,199
2026-05-06 17:24:48,2026-05-06 17:24:48,199.0,mm,DD,199
2026-05-06 17:24:48,2026-05-06 17:24:48,199.0,mm,DD,199
2026-05-06 17:24:33,2026-05-06 17:24:48,199.0,mm,A,199
2026-05-06 17:12:15,2026-05-06 17:12:15,198.0,mm,A,198
2026-05-06 17:12:04,2026-05-06 17:12:04,198.0,mm,DD,198
2026-05-06 17:12:04,2026-05-06 17:12:04,198.0,mm,DD,198
2026-05-06 17:12:04,2026-05-06 17:12:04,198.0,mm,DD,198
2026-05-06 17:12:04,2026-05-06 17:12:04,198.0,mm,DD,198
2026-05-06 17:12:04,2026-05-06 17:12:04,198.0,mm,DD,198
2026-05-06 17:12:04,2026-05-06 17:12:04,198.0,mm,A,198
2026-05-06 17:11:49,2026-05-06 17:12:04,198.0,mm,DD,198
2026-05-06 17:11:49,2026-05-06 17:12:04,198.0,mm,AS,198
2026-05-06 16:52:34,2026-05-06 16:52:34,197.0,mm,DD,197
2026-05-06 16:52:28,2026-05-06 16:52:28,197.0,mm,DD,197
2026-05-06 16:52:28,2026-05-06 16:52:28,197.0,mm,DD,197
2026-05-06 16:52:28,2026-05-06 16:52:28,197.0,mm,DD,197
2026-05-06 16:52:28,2026-05-06 16:52:28,197.0,mm,DD,197
2026-05-06 16:52:28,2026-05-06 16:52:28,197.0,mm,A,197
2026-05-06 16:52:14,2026-05-06 16:52:28,197.0,mm,DD,197
2026-05-06 16:45:42,2026-05-06 16:45:42,196.0,mm,DD,196
2026-05-06 16:45:36,2026-05-06 16:45:36,196.0,mm,DD,196
2026-05-06 16:45:36,2026-05-06 16:45:36,196.0,mm,DD,196
2026-05-06 16:45:36,2026-05-06 16:45:36,196.0,mm,DD,196
2026-05-06 16:45:36,2026-05-06 16:45:36,196.0,mm,DD,196
2026-05-06 16:45:36,2026-05-06 16:45:36,196.0,mm,A,196
2026-05-06 16:45:22,2026-05-06 16:45:36,196.0,mm,A,196
2026-05-06 16:00:57,2026-05-06 16:00:57,195.0,mm,DD,195
2026-05-06 16:00:51,2026-05-06 16:00:51,195.0,mm,DD,195
2026-05-06 16:00:51,2026-05-06 16:00:51,195.0,mm,DD,195
2026-05-06 16:00:51,2026-05-06 16:00:51,195.0,mm,DD,195
2026-05-06 16:00:51,2026-05-06 16:00:51,195.0,mm,A,195
2026-05-06 16:00:37,2026-05-06 16:00:51,195.0,mm,AS,195
2026-05-06 13:00:56,2026-05-06 13:00:56,195.0,mm,DD,195
2026-05-06 13:00:50,2026-05-06 13:00:50,195.0,mm,DD,195
2026-05-06 13:00:50,2026-05-06 13:00:50,195.0,mm,DD,195
2026-05-06 13:00:50,2026-05-06 13:00:50,195.0,mm,DD,195
2026-05-06 13:00:50,2026-05-06 13:00:50,195.0,mm,DD,195
2026-05-06 13:00:50,2026-05-06 13:00:50,195.0,mm,A,195
2026-05-06 13:00:36,2026-05-06 13:00:50,195.0,mm,A,195
2026-05-06 10:00:56,2026-05-06 10:00:56,195.0,mm,DD,195
2026-05-06 10:00:49,2026-05-06 10:00:50,195.0,mm,DD,195
2026-05-06 10:00:49,2026-05-06 10:00:50,195.0,mm,DD,195
2026-05-06 10:00:49,2026-05-06 10:00:50,195.0,mm,DD,195
2026-05-06 10:00:49,2026-05-06 10:00:50,195.0,mm,A,195
2026-05-06 10:00:35,2026-05-06 10:00:50,195.0,mm,AS,195
2026-05-06 08:28:42,2026-05-06 09:56:56,477.0,mm,DD,477
2026-05-06 08:28:42,2026-05-06 09:56:56,477.0,mm,PD,477
2026-05-06 07:00:55,2026-05-06 09:56:56,195.0,mm,DD,195
2026-05-06 07:00:49,2026-05-06 09:56:56,195.0,mm,DD,195
2026-05-06 07:00:49,2026-05-06 09:56:56,195.0,mm,DD,195
2026-05-06 07:00:48,2026-05-06 09:56:56,195.0,mm,A,195
2026-05-06 04:00:54,2026-05-06 09:56:56,195.0,mm,DD,195
2026-05-06 04:00:48,2026-05-06 09:56:56,195.0,mm,DD,195
2026-05-06 04:00:48,2026-05-06 09:56:56,195.0,mm,DD,195
2026-05-06 04:00:48,2026-05-06 09:56:56,195.0,mm,DD,195
2026-05-06 04:00:48,2026-05-06 09:56:56,195.0,mm,A,195
2026-05-06 04:00:34,2026-05-06 09:56:56,195.0,mm,A,195
2026-05-06 01:00:54,2026-05-06 09:56:56,195.0,mm,A,195
2026-05-06 01:00:47,2026-05-06 09:56:56,195.0,mm,DD,195
2026-05-06 01:00:47,2026-05-06 09:56:56,195.0,mm,DD,195
2026-05-06 01:00:47,2026-05-06 09:56:56,195.0,mm,DD,195
2026-05-06 01:00:47,2026-05-06 09:56:56,195.0,mm,DD,195
2026-05-06 01:00:47,2026-05-06 09:56:56,195.0,mm,A,195
2026-05-06 01:00:33,2026-05-06 09:56:56,195.0,mm,A,195
2026-05-05 22:00:53,2026-05-06 09:56:56,195.0,mm,A,195
2026-05-05 22:00:51,2026-05-06 09:52:18,1,123.0,mm,DD,1123
2026-05-05 22:00:51,2026-05-06 09:52:18,1,123.0,mm,MM,1123
2026-05-05 22:00:46,2026-05-06 09:56:56,195.0,mm,DD,195
2026-05-05 22:00:46,2026-05-06 09:56:56,195.0,mm,DD,195
2026-05-05 22:00:46,2026-05-06 09:56:56,195.0,mm,DD,195
2026-05-05 22:00:46,2026-05-06 09:56:56,195.0,mm,A,195
2026-05-05 22:00:33,2026-05-06 09:56:56,195.0,mm,A,195
2026-05-05 19:27:33,2026-05-06 09:52:50,348.0,mm,MM,348
2026-05-05 19:27:27,2026-05-06 09:52:48,348.0,mm,DD,348
2026-05-05 19:27:27,2026-05-06 09:52:48,348.0,mm,DD,348
2026-05-05 19:27:27,2026-05-06 09:52:48,348.0,mm,DD,348
2026-05-05 19:27:27,2026-05-06 09:52:48,348.0,mm,MM,348
2026-05-05 19:27:14,2026-05-06 09:52:44,348.0,mm,MM,348
2026-05-05 19:01:46,2026-05-06 09:52:36,342.0,mm,MM,342
2026-05-05 19:01:40,2026-05-06 09:52:34,342.0,mm,DD,342
2026-05-05 19:01:40,2026-05-06 09:52:34,342.0,mm,DD,342
2026-05-05 19:01:40,2026-05-06 09:52:34,342.0,mm,DD,342
2026-05-05 19:01:40,2026-05-06 09:52:34,342.0,mm,MM,342
2026-05-05 19:01:39,2026-05-06 09:52:32,342.0,mm,MM,342
2026-05-05 19:00:52,2026-05-06 09:56:56,195.0,mm,DD,195
2026-05-05 19:00:46,2026-05-06 09:56:56,195.0,mm,DD,195
2026-05-05 19:00:46,2026-05-06 09:56:56,195.0,mm,DD,195
2026-05-05 19:00:46,2026-05-06 09:56:56,195.0,mm,DD,195
2026-05-05 19:00:46,2026-05-06 09:56:56,195.0,mm,DD,195
2026-05-05 19:00:44,2026-05-06 09:56:56,195.0,mm,A,195
2026-05-05 18:59:20,2026-05-06 09:56:12,340.0,mm,MM,340
2026-05-05 18:59:15,2026-05-06 09:56:03,340.0,mm,DD,340
2026-05-05 18:59:15,2026-05-06 09:56:03,340.0,mm,MM,340
2026-05-05 18:59:14,2026-05-06 09:54:53,340.0,mm,DD,340
2026-05-05 18:59:14,2026-05-06 09:54:53,340.0,mm,DD,340
2026-05-05 18:59:14,2026-05-06 09:54:53,340.0,mm,MM,340
2026-05-05 18:55:23,2026-05-06 09:55:56,339.0,mm,MM,339
2026-05-05 18:55:17,2026-05-06 09:55:55,339.0,mm,DD,339
2026-05-05 18:55:17,2026-05-06 09:55:55,339.0,mm,DD,339
2026-05-05 18:55:17,2026-05-06 09:55:55,339.0,mm,DD,339
2026-05-05 18:55:17,2026-05-06 09:55:55,339.0,mm,MM,339
2026-05-05 18:55:16,2026-05-06 09:55:53,339.0,mm,MM,339
2026-05-05 16:00:51,2026-05-06 09:56:56,195.0,mm,DD,195
2026-05-05 16:00:51,2026-05-06 09:56:56,195.0,mm,DD,195
2026-05-05 16:00:45,2026-05-06 09:56:56,195.0,mm,DD,195
2026-05-05 16:00:45,2026-05-06 09:56:56,195.0,mm,DD,195
2026-05-05 16:00:45,2026-05-06 09:56:56,195.0,mm,DD,195
2026-05-05 16:00:45,2026-05-06 09:56:56,195.0,mm,A,195
2026-05-05 16:00:32,2026-05-06 09:56:56,195.0,mm,DD,195
2026-05-05 16:00:32,2026-05-06 09:56:56,195.0,mm,A,195
2026-05-05 13:00:44,2026-05-06 09:56:56,195.0,mm,DD,195
2026-05-05 13:00:44,2026-05-06 09:56:56,195.0,mm,DD,195
2026-05-05 13:00:44,2026-05-06 09:56:56,195.0,mm,DD,195
2026-05-05 13:00:44,2026-05-06 09:56:56,195.0,mm,DD,195
2026-05-05 13:00:44,2026-05-06 09:56:56,195.0,mm,A,195
2026-05-05 13:00:32,2026-05-06 09:56:56,195.0,mm,DD,195
2026-05-05 13:00:32,2026-05-06 09:56:56,195.0,mm,A,195
2026-05-05 10:35:46,2026-05-06 09:56:56,140.0,mm,DD,140
2026-05-05 10:35:45,2026-05-06 09:56:56,140.0,mm,DD,140
2026-05-05 10:35:45,2026-05-06 09:56:56,140.0,mm,DD,140
2026-05-05 10:35:45,2026-05-06 09:56:56,140.0,mm,DD,140
2026-05-05 10:35:45,2026-05-06 09:56:56,140.0,mm,ND,140
2026-05-05 10:00:43,2026-05-06 09:56:56,195.0,mm,DD,195
2026-05-05 10:00:43,2026-05-06 09:56:56,195.0,mm,DD,195
2026-05-05 10:00:43,2026-05-06 09:56:56,195.0,mm,A,195
2026-05-05 10:00:31,2026-05-06 09:56:56,195.0,mm,A,195
2026-05-05 07:00:49,2026-05-06 09:56:56,227.0,mm,DD,227
2026-05-05 07:00:49,2026-05-06 09:56:56,227.0,mm,DD,227
2026-05-05 07:00:48,2026-05-06 09:56:56,227.0,mm,DD,227
2026-05-05 07:00:48,2026-05-06 09:56:56,227.0,mm,DD,227
2026-05-05 07:00:48,2026-05-06 09:56:56,227.0,mm,DD,227
2026-05-05 07:00:48,2026-05-06 09:56:56,227.0,mm,DD,227
2026-05-05 07:00:48,2026-05-06 09:56:56,227.0,mm,PD,227
2026-05-05 07:00:42,2026-05-06 09:56:56,195.0,mm,DD,195
2026-05-05 07:00:42,2026-05-06 09:56:56,195.0,mm,DD,195
2026-05-05 07:00:42,2026-05-06 09:56:56,195.0,mm,DD,195
2026-05-05 07:00:42,2026-05-06 09:56:56,195.0,mm,DD,195
2026-05-05 07:00:42,2026-05-06 09:56:56,195.0,mm,A,195
2026-05-05 04:00:42,2026-05-06 09:56:55,195.0,mm,DD,195
2026-05-05 04:00:42,2026-05-06 09:56:55,195.0,mm,DD,195
2026-05-05 04:00:42,2026-05-06 09:56:55,195.0,mm,DD,195
2026-05-05 04:00:42,2026-05-06 09:56:55,195.0,mm,A,195
2026-05-05 04:00:30,2026-05-06 09:56:55,195.0,mm,A,195
2026-05-05 01:00:46,2026-05-06 09:56:55,707.0,mm,DD,707
2026-05-05 01:00:46,2026-05-06 09:56:55,707.0,mm,DD,707
2026-05-05 01:00:46,2026-05-06 09:56:55,707.0,mm,DD,707
2026-05-05 01:00:46,2026-05-06 09:56:55,707.0,mm,PD,707
2026-05-05 01:00:42,2026-05-06 09:56:55,195.0,mm,DD,195
2026-05-05 01:00:42,2026-05-06 09:56:55,195.0,mm,DD,195
2026-05-05 01:00:41,2026-05-06 09:56:55,195.0,mm,DD,195
2026-05-05 01:00:41,2026-05-06 09:56:55,195.0,mm,A,195
2026-05-05 01:00:35,2026-05-06 09:56:55,707.0,mm,PD,707
2026-05-05 01:00:29,2026-05-06 09:56:55,195.0,mm,A,195
2026-05-04 22:00:40,2026-05-06 09:56:55,195.0,mm,DD,195
2026-05-04 22:00:40,2026-05-06 09:56:55,195.0,mm,DD,195
2026-05-04 22:00:40,2026-05-06 09:56:55,195.0,mm,DD,195
2026-05-04 22:00:40,2026-05-06 09:56:55,195.0,mm,DD,195
2026-05-04 22:00:40,2026-05-06 09:56:55,195.0,mm,A,195
2026-05-04 22:00:28,2026-05-06 09:56:55,195.0,mm,DD,195
2026-05-04 22:00:28,2026-05-06 09:56:55,195.0,mm,A,195
2026-05-04 19:00:39,2026-05-06 09:56:55,195.0,mm,DD,195
2026-05-04 19:00:39,2026-05-06 09:56:55,195.0,mm,DD,195
2026-05-04 19:00:39,2026-05-06 09:56:55,195.0,mm,DD,195
2026-05-04 19:00:39,2026-05-06 09:56:55,195.0,mm,DD,195
2026-05-04 19:00:39,2026-05-06 09:56:55,195.0,mm,A,195
2026-05-04 19:00:28,2026-05-06 09:56:55,195.0,mm,A,195
2026-05-04 16:00:39,2026-05-06 09:56:55,195.0,mm,DD,195
2026-05-04 16:00:39,2026-05-06 09:56:55,195.0,mm,DD,195
2026-05-04 16:00:39,2026-05-06 09:56:55,195.0,mm,A,195
2026-05-04 16:00:27,2026-05-06 09:56:55,195.0,mm,A,195
2026-05-04 13:00:38,2026-05-06 09:56:55,195.0,mm,DD,195
2026-05-04 13:00:38,2026-05-06 09:56:55,195.0,mm,DD,195
2026-05-04 13:00:38,2026-05-06 09:56:55,195.0,mm,DD,195
2026-05-04 13:00:38,2026-05-06 09:56:55,195.0,mm,A,195
2026-05-04 13:00:27,2026-05-06 09:56:55,195.0,mm,A,195
2026-05-04 10:00:37,2026-05-06 09:56:55,195.0,mm,DD,195
2026-05-04 10:00:37,2026-05-06 09:56:55,195.0,mm,DD,195
2026-05-04 10:00:37,2026-05-06 09:56:55,195.0,mm,DD,195
2026-05-04 10:00:37,2026-05-06 09:56:55,195.0,mm,A,195
2026-05-04 10:00:26,2026-05-06 09:56:55,195.0,mm,A,195
2026-05-04 07:00:36,2026-05-06 09:56:55,195.0,mm,DD,195
2026-05-04 07:00:36,2026-05-06 09:56:55,195.0,mm,DD,195
2026-05-04 07:00:36,2026-05-06 09:56:55,195.0,mm,DD,195
2026-05-04 07:00:36,2026-05-06 09:56:55,195.0,mm,A,195
2026-05-04 07:00:26,2026-05-06 09:56:55,195.0,mm,DD,195
2026-05-04 07:00:26,2026-05-06 09:56:55,195.0,mm,A,195
2026-05-04 04:00:36,2026-05-06 09:56:55,195.0,mm,DD,195
2026-05-04 04:00:36,2026-05-06 09:56:55,195.0,mm,DD,195
2026-05-04 04:00:35,2026-05-06 09:56:55,195.0,mm,DD,195
2026-05-04 04:00:35,2026-05-06 09:56:55,195.0,mm,A,195
2026-05-04 04:00:25,2026-05-06 09:56:55,195.0,mm,A,195
2026-05-04 02:28:45,2026-05-06 09:56:55,471.0,mm,DD,471
2026-05-04 02:28:45,2026-05-06 09:56:55,471.0,mm,DD,471
2026-05-04 02:28:45,2026-05-06 09:56:55,471.0,mm,PD,471
2026-05-04 01:00:35,2026-05-06 09:56:55,195.0,mm,DD,195
2026-05-04 01:00:35,2026-05-06 09:56:55,195.0,mm,DD,195
2026-05-04 01:00:35,2026-05-06 09:56:55,195.0,mm,DD,195
2026-05-04 01:00:35,2026-05-06 09:56:55,195.0,mm,A,195
2026-05-04 01:00:24,2026-05-06 09:56:55,195.0,mm,A,195
2026-05-04 01:00:23,2026-05-06 09:56:55,1,127.0,mm,PD,1127
2026-05-03 22:00:34,2026-05-03 22:00:34,195.0,mm,DD,195
2026-05-03 22:00:34,2026-05-03 22:00:34,195.0,mm,DD,195
2026-05-03 22:00:34,2026-05-03 22:00:34,195.0,mm,DD,195
2026-05-03 22:00:34,2026-05-03 22:00:34,195.0,mm,DD,195
2026-05-03 22:00:34,2026-05-03 22:00:34,195.0,mm,DD,195
2026-05-03 22:00:24,2026-05-03 22:00:34,195.0,mm,DD,195
2026-05-03 22:00:24,2026-05-03 22:00:34,195.0,mm,A,195
2026-05-03 19:00:33,2026-05-03 19:00:33,195.0,mm,DD,195
2026-05-03 19:00:33,2026-05-03 19:00:33,195.0,mm,DD,195
2026-05-03 19:00:33,2026-05-03 19:00:33,195.0,mm,DD,195
2026-05-03 19:00:33,2026-05-03 19:00:33,195.0,mm,A,195
2026-05-03 19:00:23,2026-05-03 19:00:33,195.0,mm,AS,195
2026-05-03 16:00:32,2026-05-03 16:00:33,195.0,mm,DD,195
2026-05-03 16:00:32,2026-05-03 16:00:33,195.0,mm,DD,195
2026-05-03 16:00:32,2026-05-03 16:00:33,195.0,mm,DD,195
2026-05-03 16:00:32,2026-05-03 16:00:33,195.0,mm,A,195
2026-05-03 16:00:22,2026-05-03 16:00:33,195.0,mm,AS,195
2026-05-03 13:00:32,2026-05-03 13:00:32,195.0,mm,DD,195
2026-05-03 13:00:32,2026-05-03 13:00:32,195.0,mm,DD,195
2026-05-03 13:00:32,2026-05-03 13:00:32,195.0,mm,DD,195
2026-05-03 13:00:32,2026-05-03 13:00:32,195.0,mm,DD,195
2026-05-03 13:00:32,2026-05-03 13:00:32,195.0,mm,DD,195
2026-05-03 13:00:22,2026-05-03 13:00:32,195.0,mm,A,195
2026-05-03 10:35:29,2026-05-03 10:35:30,141.0,mm,DD,141
2026-05-03 10:35:29,2026-05-03 10:35:30,141.0,mm,DD,141
2026-05-03 10:35:29,2026-05-03 10:35:30,141.0,mm,DD,141
2026-05-03 10:35:29,2026-05-03 10:35:30,141.0,mm,DD,141
2026-05-03 10:35:29,2026-05-03 10:35:30,141.0,mm,ND,141
2026-05-03 10:00:31,2026-05-03 10:00:31,195.0,mm,DD,195
2026-05-03 10:00:31,2026-05-03 10:00:31,195.0,mm,DD,195
2026-05-03 10:00:31,2026-05-03 10:00:31,195.0,mm,DD,195
2026-05-03 10:00:31,2026-05-03 10:00:31,195.0,mm,DD,195
2026-05-03 10:00:31,2026-05-03 10:00:31,195.0,mm,A,195
2026-05-03 07:00:35,2026-05-03 07:00:35,451.0,mm,DD,451
2026-05-03 07:00:35,2026-05-03 07:00:35,451.0,mm,DD,451
2026-05-03 07:00:35,2026-05-03 07:00:35,451.0,mm,DD,451
2026-05-03 07:00:35,2026-05-03 07:00:35,451.0,mm,PD,451
2026-05-03 07:00:30,2026-05-03 07:00:30,195.0,mm,DD,195
2026-05-03 07:00:30,2026-05-03 07:00:30,195.0,mm,DD,195
2026-05-03 07:00:30,2026-05-03 07:00:30,195.0,mm,DD,195
2026-05-03 07:00:30,2026-05-03 07:00:30,195.0,mm,A,195
2026-05-03 07:00:29,2026-05-03 07:00:36,451.0,mm,DD,451
2026-05-03 07:00:24,2026-05-03 07:00:30,195.0,mm,DD,195
2026-05-03 04:00:29,2026-05-03 04:00:30,195.0,mm,DD,195
2026-05-03 04:00:29,2026-05-03 04:00:30,195.0,mm,DD,195
2026-05-03 04:00:29,2026-05-03 04:00:30,195.0,mm,DD,195
2026-05-03 04:00:29,2026-05-03 04:00:30,195.0,mm,DD,195
2026-05-03 04:00:29,2026-05-03 04:00:30,195.0,mm,DD,195
2026-05-03 04:00:20,2026-05-03 04:00:29,195.0,mm,A,195
2026-05-03 01:00:28,2026-05-03 01:00:29,195.0,mm,DD,195
2026-05-03 01:00:28,2026-05-03 01:00:29,195.0,mm,DD,195
2026-05-03 01:00:28,2026-05-03 01:00:29,195.0,mm,DD,195
2026-05-03 01:00:28,2026-05-03 01:00:29,195.0,mm,DD,195
2026-05-03 01:00:28,2026-05-03 01:00:29,195.0,mm,DD,195
2026-05-03 01:00:20,2026-05-03 01:00:29,195.0,mm,DD,195
2026-05-03 01:00:20,2026-05-03 01:00:29,195.0,mm,A,195
2026-05-02 22:00:28,2026-05-02 22:00:28,195.0,mm,DD,195
2026-05-02 22:00:28,2026-05-02 22:00:28,195.0,mm,DD,195
2026-05-02 22:00:28,2026-05-02 22:00:28,195.0,mm,DD,195
2026-05-02 22:00:28,2026-05-02 22:00:28,195.0,mm,DD,195
2026-05-02 22:00:28,2026-05-02 22:00:28,195.0,mm,A,195
2026-05-02 19:00:27,2026-05-02 19:00:27,195.0,mm,DD,195
2026-05-02 19:00:27,2026-05-02 19:00:27,195.0,mm,DD,195
2026-05-02 19:00:27,2026-05-02 19:00:27,195.0,mm,DD,195
2026-05-02 19:00:27,2026-05-02 19:00:27,195.0,mm,A,195
2026-05-02 19:00:19,2026-05-02 19:00:27,195.0,mm,AS,195
2026-05-02 18:19:06,2026-05-02 18:19:07,2,022.0,mm,DD,2022
2026-05-02 18:19:06,2026-05-02 18:19:07,2,022.0,mm,DD,2022
2026-05-02 18:19:06,2026-05-02 18:19:07,2,022.0,mm,DD,2022
2026-05-02 18:19:06,2026-05-02 18:19:07,2,022.0,mm,DD,2022
2026-05-02 18:19:06,2026-05-02 18:19:07,2,022.0,mm,DD,2022
2026-05-02 18:19:06,2026-05-02 18:19:07,2,022.0,mm,DD,2022
2026-05-02 18:19:06,2026-05-02 18:19:07,2,022.0,mm,DD,2022
2026-05-02 18:19:06,2026-05-02 18:19:07,2,022.0,mm,PD,2022
2026-05-02 16:00:26,2026-05-02 16:00:26,195.0,mm,DD,195
2026-05-02 16:00:26,2026-05-02 16:00:26,195.0,mm,DD,195
2026-05-02 16:00:26,2026-05-02 16:00:26,195.0,mm,DD,195
2026-05-02 16:00:26,2026-05-02 16:00:26,195.0,mm,DD,195
2026-05-02 16:00:18,2026-05-02 16:00:26,195.0,mm,DD,195
2026-05-02 16:00:18,2026-05-02 16:00:26,195.0,mm,A,195
2026-05-02 13:00:25,2026-05-02 13:00:26,195.0,mm,DD,195
2026-05-02 13:00:25,2026-05-02 13:00:26,195.0,mm,DD,195
2026-05-02 13:00:25,2026-05-02 13:00:26,195.0,mm,DD,195
2026-05-02 13:00:25,2026-05-02 13:00:26,195.0,mm,DD,195
2026-05-02 13:00:25,2026-05-02 13:00:26,195.0,mm,DD,195
2026-05-02 13:00:17,2026-05-02 13:00:26,195.0,mm,DD,195
2026-05-02 13:00:17,2026-05-02 13:00:26,195.0,mm,A,195
2026-05-02 10:00:25,2026-05-02 10:00:25,195.0,mm,DD,195
2026-05-02 10:00:25,2026-05-02 10:00:25,195.0,mm,DD,195
2026-05-02 10:00:25,2026-05-02 10:00:25,195.0,mm,DD,195
2026-05-02 10:00:25,2026-05-02 10:00:25,195.0,mm,DD,195
2026-05-02 10:00:25,2026-05-02 10:00:25,195.0,mm,A,195
2026-05-02 08:48:13,2026-05-02 08:48:13,134.0,mm,DD,134
2026-05-02 08:48:13,2026-05-02 08:48:13,134.0,mm,ND,134
2026-05-02 07:35:21,2026-05-02 07:35:21,130.0,mm,ND,130
2026-05-02 07:00:24,2026-05-02 07:00:24,195.0,mm,DD,195
2026-05-02 07:00:24,2026-05-02 07:00:24,195.0,mm,DD,195
2026-05-02 07:00:24,2026-05-02 07:00:24,195.0,mm,DD,195
2026-05-02 07:00:24,2026-05-02 07:00:24,195.0,mm,A,195
2026-05-02 07:00:16,2026-05-02 07:00:24,195.0,mm,AS,195
2026-05-02 04:00:23,2026-05-02 04:00:23,195.0,mm,DD,195
2026-05-02 04:00:23,2026-05-02 04:00:23,195.0,mm,DD,195
2026-05-02 04:00:23,2026-05-02 04:00:23,195.0,mm,DD,195
2026-05-02 04:00:23,2026-05-02 04:00:23,195.0,mm,A,195
2026-05-02 04:00:16,2026-05-02 04:00:23,195.0,mm,AS,195
2026-05-02 01:00:22,2026-05-02 01:00:23,195.0,mm,DD,195
2026-05-02 01:00:22,2026-05-02 01:00:23,195.0,mm,DD,195
2026-05-02 01:00:22,2026-05-02 01:00:23,195.0,mm,DD,195
2026-05-02 01:00:22,2026-05-02 01:00:23,195.0,mm,A,195
2026-05-02 01:00:15,2026-05-02 01:00:23,195.0,mm,DD,195
2026-05-02 01:00:15,2026-05-02 01:00:23,195.0,mm,DD,195
2026-05-01 22:00:22,2026-05-01 22:00:22,195.0,mm,DD,195
2026-05-01 22:00:22,2026-05-01 22:00:22,195.0,mm,DD,195
2026-05-01 22:00:22,2026-05-01 22:00:22,195.0,mm,A,195
2026-05-01 19:00:21,2026-05-01 19:00:21,195.0,mm,DD,195
2026-05-01 19:00:21,2026-05-01 19:00:21,195.0,mm,DD,195
2026-05-01 19:00:21,2026-05-01 19:00:21,195.0,mm,DD,195
2026-05-01 19:00:21,2026-05-01 19:00:21,195.0,mm,DD,195
2026-05-01 19:00:14,2026-05-01 19:00:21,195.0,mm,A,195
2026-05-01 16:00:25,2026-05-01 16:00:25,195.0,mm,DD,195
2026-05-01 16:00:25,2026-05-01 16:00:25,195.0,mm,DD,195
2026-05-01 16:00:20,2026-05-01 16:00:20,195.0,mm,DD,195
2026-05-01 16:00:20,2026-05-01 16:00:20,195.0,mm,DD,195
2026-05-01 16:00:20,2026-05-01 16:00:20,195.0,mm,A,195
2026-05-01 13:00:20,2026-05-01 13:00:19,195.0,mm,A,195
2026-05-01 13:00:19,2026-05-01 13:00:20,195.0,mm,DD,195
2026-05-01 13:00:19,2026-05-01 13:00:20,195.0,mm,DD,195
2026-05-01 13:00:19,2026-05-01 13:00:20,195.0,mm,DD,195
2026-05-01 13:00:19,2026-05-01 13:00:20,195.0,mm,A,195
2026-05-01 10:00:19,2026-05-01 10:00:19,195.0,mm,DD,195
2026-05-01 10:00:18,2026-05-01 10:00:19,195.0,mm,DD,195
2026-05-01 10:00:18,2026-05-01 10:00:19,195.0,mm,DD,195
2026-05-01 10:00:18,2026-05-01 10:00:19,195.0,mm,DD,195
2026-05-01 10:00:18,2026-05-01 10:00:19,195.0,mm,A,195
2026-05-01 07:00:18,2026-05-01 07:00:18,195.0,mm,DD,195
2026-05-01 07:00:18,2026-05-01 07:00:18,195.0,mm,DD,195
2026-05-01 07:00:18,2026-05-01 07:00:18,195.0,mm,DD,195
2026-05-01 07:00:18,2026-05-01 07:00:18,195.0,mm,DD,195
2026-05-01 07:00:18,2026-05-01 07:00:18,195.0,mm,A,195
2026-05-01 04:35:13,2026-05-01 04:35:12,128.0,mm,DD,128
2026-05-01 04:35:11,2026-05-01 04:35:11,128.0,mm,DD,128
2026-05-01 04:35:11,2026-05-01 04:35:11,128.0,mm,DD,128
2026-05-01 04:35:11,2026-05-01 04:35:11,128.0,mm,DD,128
2026-05-01 04:35:11,2026-05-01 04:35:11,128.0,mm,DD,128
2026-05-01 04:35:11,2026-05-01 04:35:11,128.0,mm,ND,128
2026-05-01 04:00:18,2026-05-01 04:00:18,195.0,mm,DD,195
2026-05-01 04:00:18,2026-05-01 04:00:18,195.0,mm,DD,195
2026-05-01 04:00:18,2026-05-01 04:00:18,195.0,mm,DD,195
2026-05-01 04:00:17,2026-05-01 04:00:17,195.0,mm,DD,195
2026-05-01 04:00:17,2026-05-01 04:00:17,195.0,mm,A,195
2026-05-01 01:00:17,2026-05-01 01:00:16,195.0,mm,A,195
2026-05-01 01:00:16,2026-05-01 01:00:16,195.0,mm,DD,195
2026-05-01 01:00:16,2026-05-01 01:00:16,195.0,mm,DD,195
2026-05-01 01:00:16,2026-05-01 01:00:16,195.0,mm,DD,195
2026-05-01 01:00:16,2026-05-01 01:00:16,195.0,mm,A,195
2026-04-30 22:00:16,2026-04-30 22:00:16,195.0,mm,DD,195
2026-04-30 22:00:16,2026-04-30 22:00:16,195.0,mm,DD,195
2026-04-30 22:00:16,2026-04-30 22:00:16,195.0,mm,DD,195
2026-04-30 22:00:15,2026-04-30 22:00:16,195.0,mm,DD,195
2026-04-30 22:00:15,2026-04-30 22:00:16,195.0,mm,A,195
2026-04-30 19:00:15,2026-04-30 19:00:15,195.0,mm,DD,195
2026-04-30 19:00:15,2026-04-30 19:00:15,195.0,mm,DD,195
2026-04-30 19:00:15,2026-04-30 19:00:15,195.0,mm,DD,195
2026-04-30 19:00:15,2026-04-30 19:00:15,195.0,mm,DD,195
2026-04-30 19:00:15,2026-04-30 19:00:15,195.0,mm,A,195
2026-04-30 16:00:14,2026-04-30 16:00:14,195.0,mm,DD,195
2026-04-30 16:00:14,2026-04-30 16:00:14,195.0,mm,DD,195
2026-04-30 16:00:14,2026-04-30 16:00:14,195.0,mm,DD,195
2026-04-30 16:00:14,2026-04-30 16:00:14,195.0,mm,DD,195
2026-04-30 16:00:14,2026-04-30 16:00:14,195.0,mm,A,195
2026-04-30 13:00:13,2026-04-30 13:00:13,195.0,mm,DD,195
2026-04-30 13:00:13,2026-04-30 13:00:13,195.0,mm,DD,195
2026-04-30 13:00:13,2026-04-30 13:00:13,195.0,mm,DD,195
2026-04-30 13:00:13,2026-04-30 13:00:13,195.0,mm,DD,195
2026-04-30 13:00:13,2026-04-30 13:00:13,195.0,mm,A,195
2026-04-30 10:00:18,2026-04-30 10:00:19,195.0,mm,DD,195
2026-04-30 10:00:18,2026-04-30 10:00:19,195.0,mm,DD,195
2026-04-30 10:00:13,2026-04-30 10:00:13,195.0,mm,DD,195
2026-04-30 10:00:12,2026-04-30 10:00:12,195.0,mm,DD,195
2026-04-30 10:00:12,2026-04-30 10:00:12,195.0,mm,DD,195
2026-04-30 10:00:12,2026-04-30 10:00:12,195.0,mm,A,195
2026-04-30 09:19:10,2026-04-30 09:19:10,2,021.0,mm,DD,2021
2026-04-30 09:19:10,2026-04-30 09:19:10,2,021.0,mm,PD,2021
2026-04-30 07:00:16,2026-04-30 07:00:17,195.0,mm,DD,195
2026-04-30 07:00:16,2026-04-30 07:00:17,195.0,mm,DD,195
2026-04-30 07:00:12,2026-04-30 07:00:12,195.0,mm,DD,195
2026-04-30 07:00:12,2026-04-30 07:00:12,195.0,mm,A,195
2026-04-30 07:00:11,2026-04-30 07:00:12,195.0,mm,DD,195
2026-04-30 07:00:11,2026-04-30 07:00:12,195.0,mm,DD,195
2026-04-30 07:00:11,2026-04-30 07:00:12,195.0,mm,DD,195
2026-04-30 07:00:11,2026-04-30 07:00:12,195.0,mm,DD,195
2026-04-30 06:19:16,2026-04-30 06:19:16,2,021.0,mm,DD,2021
2026-04-30 06:19:15,2026-04-30 06:19:16,2,021.0,mm,DD,2021
2026-04-30 06:19:15,2026-04-30 06:19:16,2,021.0,mm,DD,2021
2026-04-30 06:19:15,2026-04-30 06:19:16,2,021.0,mm,DD,2021
2026-04-30 06:19:15,2026-04-30 06:19:16,2,021.0,mm,PD,2021
2026-04-30 04:00:11,2026-04-30 04:00:11,195.0,mm,DD,195
2026-04-30 04:00:11,2026-04-30 04:00:11,195.0,mm,DD,195
2026-04-30 04:00:11,2026-04-30 04:00:11,195.0,mm,DD,195
2026-04-30 04:00:11,2026-04-30 04:00:11,195.0,mm,DD,195
2026-04-30 04:00:11,2026-04-30 04:00:11,195.0,mm,A,195
2026-04-30 03:51:20,2026-04-30 03:51:20,335.0,mm,PD,335
2026-04-30 01:00:10,2026-04-30 01:00:10,195.0,mm,DD,195
2026-04-30 01:00:10,2026-04-30 01:00:10,195.0,mm,DD,195
2026-04-30 01:00:10,2026-04-30 01:00:10,195.0,mm,DD,195
2026-04-30 01:00:10,2026-04-30 01:00:10,195.0,mm,A,195
2026-04-29 22:00:09,2026-04-29 22:00:09,195.0,mm,DD,195
2026-04-29 22:00:09,2026-04-29 22:00:09,195.0,mm,DD,195
2026-04-29 22:00:09,2026-04-29 22:00:09,195.0,mm,DD,195
2026-04-29 22:00:09,2026-04-29 22:00:09,195.0,mm,DD,195
2026-04-29 22:00:09,2026-04-29 22:00:09,195.0,mm,A,195
2026-04-29 19:00:09,2026-04-29 19:00:09,195.0,mm,A,195
2026-04-29 19:00:08,2026-04-29 19:00:09,195.0,mm,DD,195
2026-04-29 19:00:08,2026-04-29 19:00:09,195.0,mm,DD,195
2026-04-29 19:00:08,2026-04-29 19:00:09,195.0,mm,DD,195
2026-04-29 19:00:08,2026-04-29 19:00:09,195.0,mm,DD,195
2026-04-29 19:00:08,2026-04-29 19:00:09,195.0,mm,DD,195
2026-04-29 16:00:08,2026-04-29 16:00:08,195.0,mm,DD,195
2026-04-29 16:00:08,2026-04-29 16:00:08,195.0,mm,DD,195
2026-04-29 16:00:08,2026-04-29 16:00:08,195.0,mm,DD,195
2026-04-29 16:00:08,2026-04-29 16:00:08,195.0,mm,DD,195
2026-04-29 16:00:08,2026-04-29 16:00:08,195.0,mm,DD,195
2026-04-29 16:00:08,2026-04-29 16:00:08,195.0,mm,DD,195
2026-04-29 16:00:08,2026-04-29 16:00:08,195.0,mm,A,195
2026-04-29 13:00:12,2026-04-29 13:00:12,195.0,mm,DD,195
2026-04-29 13:00:12,2026-04-29 13:00:12,195.0,mm,DD,195
2026-04-29 13:00:07,2026-04-29 13:00:07,195.0,mm,DD,195
2026-04-29 13:00:07,2026-04-29 13:00:07,195.0,mm,DD,195
2026-04-29 13:00:07,2026-04-29 13:00:07,195.0,mm,DD,195
2026-04-29 13:00:07,2026-04-29 13:00:07,195.0,mm,A,195
2026-04-29 10:00:07,2026-04-29 10:00:07,195.0,mm,DD,195
2026-04-29 10:00:07,2026-04-29 10:00:07,195.0,mm,DD,195
2026-04-29 10:00:07,2026-04-29 10:00:07,195.0,mm,DD,195
2026-04-29 10:00:06,2026-04-29 10:00:06,195.0,mm,DD,195
2026-04-29 10:00:06,2026-04-29 10:00:06,195.0,mm,DD,195
2026-04-29 10:00:06,2026-04-29 10:00:06,195.0,mm,DD,195
2026-04-29 10:00:06,2026-04-29 10:00:06,195.0,mm,A,195
2026-04-29 07:34:53,2026-04-29 07:34:53,163.0,mm,DD,163
2026-04-29 07:34:52,2026-04-29 07:34:53,163.0,mm,DD,163
2026-04-29 07:34:52,2026-04-29 07:34:53,163.0,mm,DD,163
2026-04-29 07:34:52,2026-04-29 07:34:53,163.0,mm,DD,163
2026-04-29 07:34:52,2026-04-29 07:34:53,163.0,mm,ND,163
2026-04-29 07:00:06,2026-04-29 07:00:06,195.0,mm,DD,195
2026-04-29 07:00:06,2026-04-29 07:00:06,195.0,mm,DD,195
2026-04-29 07:00:05,2026-04-29 07:00:06,195.0,mm,DD,195
2026-04-29 07:00:05,2026-04-29 07:00:06,195.0,mm,DD,195
2026-04-29 07:00:05,2026-04-29 07:00:06,195.0,mm,DD,195
2026-04-29 07:00:05,2026-04-29 07:00:06,195.0,mm,DD,195
2026-04-29 07:00:05,2026-04-29 07:00:06,195.0,mm,DD,195
2026-04-29 07:00:05,2026-04-29 07:00:06,195.0,mm,A,195
2026-04-29 04:00:05,2026-04-29 04:00:05,195.0,mm,DD,195
2026-04-29 04:00:05,2026-04-29 04:00:05,195.0,mm,DD,195
2026-04-29 04:00:04,2026-04-29 04:00:05,195.0,mm,DD,195
2026-04-29 04:00:04,2026-04-29 04:00:05,195.0,mm,DD,195
2026-04-29 04:00:04,2026-04-29 04:00:05,195.0,mm,DD,195
2026-04-29 04:00:04,2026-04-29 04:00:05,195.0,mm,DD,195
2026-04-29 04:00:04,2026-04-29 04:00:05,195.0,mm,DD,195
2026-04-29 04:00:04,2026-04-29 04:00:05,195.0,mm,A,195
2026-04-29 03:19:14,2026-04-29 03:19:14,2,021.0,mm,PD,2021
2026-04-29 01:00:04,2026-04-29 01:00:05,195.0,mm,DD,195
2026-04-29 01:00:04,2026-04-29 01:00:05,195.0,mm,DD,195
2026-04-29 01:00:04,2026-04-29 01:00:05,195.0,mm,DD,195
2026-04-29 01:00:04,2026-04-29 01:00:05,195.0,mm,DD,195
2026-04-29 01:00:04,2026-04-29 01:00:05,195.0,mm,DD,195
2026-04-29 01:00:04,2026-04-29 01:00:05,195.0,mm,DD,195
2026-04-29 01:00:04,2026-04-29 01:00:05,195.0,mm,DD,195
2026-04-29 01:00:04,2026-04-29 01:00:05,195.0,mm,DD,195
2026-04-29 01:00:04,2026-04-29 01:00:05,195.0,mm,A,195
2026-04-28 22:00:03,2026-04-28 22:00:03,195.0,mm,DD,195
2026-04-28 22:00:03,2026-04-28 22:00:03,195.0,mm,DD,195
2026-04-28 22:00:03,2026-04-28 22:00:03,195.0,mm,DD,195
2026-04-28 22:00:03,2026-04-28 22:00:03,195.0,mm,DD,195
2026-04-28 22:00:03,2026-04-28 22:00:03,195.0,mm,DD,195
2026-04-28 22:00:03,2026-04-28 22:00:03,195.0,mm,DD,195
2026-04-28 22:00:03,2026-04-28 22:00:03,195.0,mm,DD,195
2026-04-28 22:00:03,2026-04-28 22:00:03,195.0,mm,DD,195
2026-04-28 22:00:03,2026-04-28 22:00:03,195.0,mm,A,195
2026-04-28 19:00:02,2026-04-28 19:00:02,195.0,mm,DD,195
2026-04-28 19:00:02,2026-04-28 19:00:02,195.0,mm,DD,195
2026-04-28 19:00:02,2026-04-28 19:00:02,195.0,mm,DD,195
2026-04-28 19:00:02,2026-04-28 19:00:02,195.0,mm,DD,195
2026-04-28 19:00:02,2026-04-28 19:00:02,195.0,mm,A,195
2026-04-28 16:00:02,2026-04-28 16:00:02,195.0,mm,DD,195
2026-04-28 16:00:02,2026-04-28 16:00:02,195.0,mm,DD,195
2026-04-28 16:00:01,2026-04-28 16:00:02,195.0,mm,DD,195
2026-04-28 16:00:01,2026-04-28 16:00:02,195.0,mm,DD,195
2026-04-28 16:00:01,2026-04-28 16:00:02,195.0,mm,DD,195
2026-04-28 16:00:01,2026-04-28 16:00:02,195.0,mm,DD,195
2026-04-28 16:00:01,2026-04-28 16:00:02,195.0,mm,DD,195
2026-04-28 16:00:01,2026-04-28 16:00:02,195.0,mm,A,195
2026-04-28 13:34:52,2026-04-28 13:34:52,138.0,mm,DD,138
2026-04-28 13:34:51,2026-04-28 13:34:51,138.0,mm,DD,138
2026-04-28 13:34:51,2026-04-28 13:34:51,138.0,mm,DD,138
2026-04-28 13:34:50,2026-04-28 13:34:50,138.0,mm,DD,138
2026-04-28 13:34:50,2026-04-28 13:34:50,138.0,mm,DD,138
2026-04-28 13:34:50,2026-04-28 13:34:50,138.0,mm,DD,138
2026-04-28 13:34:50,2026-04-28 13:34:50,138.0,mm,ND,138
2026-04-28 13:00:01,2026-04-28 13:00:01,195.0,mm,DD,195
2026-04-28 13:00:01,2026-04-28 13:00:01,195.0,mm,DD,195
2026-04-28 13:00:01,2026-04-28 13:00:01,195.0,mm,DD,195
2026-04-28 13:00:01,2026-04-28 13:00:01,195.0,mm,A,195
2026-04-28 12:59:59,2026-04-28 13:00:01,195.0,mm,DD,195
2026-04-28 12:19:23,2026-04-28 12:19:23,2,020.0,mm,DD,2020
2026-04-28 12:19:22,2026-04-28 12:19:22,2,020.0,mm,DD,2020
2026-04-28 12:19:22,2026-04-28 12:19:22,2,020.0,mm,DD,2020
2026-04-28 12:19:22,2026-04-28 12:19:22,2,020.0,mm,DD,2020
2026-04-28 12:19:22,2026-04-28 12:19:22,2,020.0,mm,PD,2020
2026-04-28 10:00:00,2026-04-28 10:00:00,195.0,mm,DD,195
2026-04-28 10:00:00,2026-04-28 10:00:00,195.0,mm,DD,195
2026-04-28 10:00:00,2026-04-28 10:00:00,195.0,mm,DD,195
2026-04-28 10:00:00,2026-04-28 10:00:00,195.0,mm,DD,195
2026-04-28 10:00:00,2026-04-28 10:00:00,195.0,mm,A,195
2026-04-28 07:00:05,2026-04-28 07:00:05,195.0,mm,DD,195
2026-04-28 07:00:05,2026-04-28 07:00:05,195.0,mm,DD,195
2026-04-28 07:00:00,2026-04-28 07:00:00,195.0,mm,DD,195
2026-04-28 07:00:00,2026-04-28 07:00:00,195.0,mm,DD,195
2026-04-28 07:00:00,2026-04-28 07:00:00,195.0,mm,DD,195
2026-04-28 07:00:00,2026-04-28 07:00:00,195.0,mm,A,195
2026-04-28 06:59:59,2026-04-28 06:59:59,195.0,mm,DD,195
2026-04-28 06:59:59,2026-04-28 06:59:59,195.0,mm,DD,195
2026-04-28 03:59:59,2026-04-28 03:59:59,195.0,mm,DD,195
2026-04-28 03:59:59,2026-04-28 03:59:59,195.0,mm,DD,195
2026-04-28 03:59:59,2026-04-28 03:59:59,195.0,mm,DD,195
2026-04-28 03:59:58,2026-04-28 03:59:58,195.0,mm,DD,195
2026-04-28 03:59:58,2026-04-28 03:59:58,195.0,mm,DD,195
2026-04-28 03:59:58,2026-04-28 03:59:58,195.0,mm,A,195
2026-04-28 00:59:58,2026-04-28 00:59:58,195.0,mm,DD,195
2026-04-28 00:59:58,2026-04-28 00:59:58,195.0,mm,DD,195
2026-04-28 00:59:58,2026-04-28 00:59:58,195.0,mm,DD,195
2026-04-28 00:59:58,2026-04-28 00:59:58,195.0,mm,DD,195
2026-04-28 00:59:58,2026-04-28 00:59:58,195.0,mm,A,195
2026-04-27 21:59:58,2026-04-27 21:59:57,195.0,mm,DD,195
2026-04-27 21:59:57,2026-04-27 21:59:57,195.0,mm,DD,195
2026-04-27 21:59:57,2026-04-27 21:59:57,195.0,mm,DD,195
2026-04-27 21:59:57,2026-04-27 21:59:57,195.0,mm,DD,195
2026-04-27 21:59:57,2026-04-27 21:59:57,195.0,mm,A,195
2026-04-27 19:00:03,2026-04-27 19:00:03,195.0,mm,DD,195
2026-04-27 18:59:57,2026-04-27 18:59:57,195.0,mm,DD,195
2026-04-27 18:59:57,2026-04-27 18:59:57,195.0,mm,DD,195
2026-04-27 18:59:56,2026-04-27 18:59:56,195.0,mm,DD,195
2026-04-27 18:59:56,2026-04-27 18:59:56,195.0,mm,DD,195
2026-04-27 18:59:56,2026-04-27 18:59:56,195.0,mm,A,195
2026-04-27 15:59:55,2026-04-27 15:59:56,195.0,mm,DD,195
2026-04-27 15:59:55,2026-04-27 15:59:56,195.0,mm,DD,195
2026-04-27 15:59:55,2026-04-27 15:59:56,195.0,mm,DD,195
2026-04-27 15:59:55,2026-04-27 15:59:56,195.0,mm,DD,195
2026-04-27 15:59:55,2026-04-27 15:59:56,195.0,mm,A,195
2026-04-27 12:59:56,2026-04-27 12:59:55,195.0,mm,DD,195
2026-04-27 12:59:54,2026-04-27 12:59:55,195.0,mm,DD,195
2026-04-27 12:59:54,2026-04-27 12:59:55,195.0,mm,DD,195
2026-04-27 12:59:54,2026-04-27 12:59:55,195.0,mm,DD,195
2026-04-27 12:59:54,2026-04-27 12:59:55,195.0,mm,A,195
2026-04-27 10:34:42,2026-04-27 10:34:42,141.0,mm,DD,141
2026-04-27 10:34:41,2026-04-27 10:34:41,141.0,mm,DD,141
2026-04-27 10:34:41,2026-04-27 10:34:41,141.0,mm,DD,141
2026-04-27 10:34:41,2026-04-27 10:34:41,141.0,mm,DD,141
2026-04-27 10:34:41,2026-04-27 10:34:41,141.0,mm,ND,141
2026-04-27 09:59:55,2026-04-27 09:59:54,195.0,mm,DD,195
2026-04-27 09:59:54,2026-04-27 09:59:54,195.0,mm,DD,195
2026-04-27 09:59:54,2026-04-27 09:59:54,195.0,mm,DD,195
2026-04-27 09:59:54,2026-04-27 09:59:54,195.0,mm,DD,195
2026-04-27 09:59:54,2026-04-27 09:59:54,195.0,mm,A,195
2026-04-27 06:59:59,2026-04-27 06:59:59,195.0,mm,DD,195
2026-04-27 06:59:59,2026-04-27 06:59:59,195.0,mm,DD,195
2026-04-27 06:59:54,2026-04-27 06:59:54,195.0,mm,DD,195
2026-04-27 06:59:54,2026-04-27 06:59:54,195.0,mm,DD,195
2026-04-27 06:59:53,2026-04-27 06:59:53,195.0,mm,DD,195
2026-04-27 06:59:53,2026-04-27 06:59:53,195.0,mm,DD,195
2026-04-27 06:59:53,2026-04-27 06:59:53,195.0,mm,A,195
2026-04-27 03:59:53,2026-04-27 03:59:52,195.0,mm,DD,195
2026-04-27 03:59:52,2026-04-27 03:59:52,195.0,mm,DD,195
2026-04-27 03:59:52,2026-04-27 03:59:52,195.0,mm,DD,195
2026-04-27 03:59:52,2026-04-27 03:59:52,195.0,mm,DD,195
2026-04-27 03:59:52,2026-04-27 03:59:52,195.0,mm,A,195
2026-04-27 00:59:52,2026-04-27 00:59:51,195.0,mm,A,195
2026-04-27 00:59:51,2026-04-27 00:59:52,195.0,mm,DD,195
2026-04-27 00:59:51,2026-04-27 00:59:52,195.0,mm,DD,195
2026-04-27 00:59:51,2026-04-27 00:59:52,195.0,mm,DD,195
2026-04-27 00:59:51,2026-04-27 00:59:52,195.0,mm,DD,195
2026-04-26 21:59:51,2026-04-26 21:59:51,195.0,mm,DD,195
2026-04-26 21:59:51,2026-04-26 21:59:51,195.0,mm,DD,195
2026-04-26 21:59:51,2026-04-26 21:59:51,195.0,mm,DD,195
2026-04-26 21:59:51,2026-04-26 21:59:51,195.0,mm,DD,195
2026-04-26 21:59:51,2026-04-26 21:59:51,195.0,mm,A,195
2026-04-26 18:59:50,2026-04-26 18:59:50,195.0,mm,DD,195
2026-04-26 18:59:50,2026-04-26 18:59:50,195.0,mm,DD,195
2026-04-26 18:59:50,2026-04-26 18:59:50,195.0,mm,DD,195
2026-04-26 18:59:50,2026-04-26 18:59:50,195.0,mm,DD,195
2026-04-26 18:59:50,2026-04-26 18:59:50,195.0,mm,A,195
2026-04-26 16:34:38,2026-04-26 16:34:37,135.0,mm,DD,135
2026-04-26 16:34:35,2026-04-26 16:34:36,135.0,mm,DD,135
2026-04-26 16:34:35,2026-04-26 16:34:36,135.0,mm,DD,135
2026-04-26 16:34:35,2026-04-26 16:34:36,135.0,mm,DD,135
2026-04-26 16:34:35,2026-04-26 16:34:36,135.0,mm,ND,135
2026-04-26 15:59:50,2026-04-26 15:59:49,195.0,mm,DD,195
2026-04-26 15:59:50,2026-04-26 15:59:49,195.0,mm,A,195
2026-04-26 15:59:49,2026-04-26 15:59:49,195.0,mm,DD,195
2026-04-26 15:59:49,2026-04-26 15:59:49,195.0,mm,DD,195
2026-04-26 15:59:49,2026-04-26 15:59:49,195.0,mm,DD,195
2026-04-26 15:59:49,2026-04-26 15:59:49,195.0,mm,DD,195
2026-04-26 12:59:50,2026-04-26 12:59:48,195.0,mm,DD,195
2026-04-26 12:59:48,2026-04-26 12:59:48,195.0,mm,DD,195
2026-04-26 12:59:48,2026-04-26 12:59:48,195.0,mm,DD,195
2026-04-26 12:59:48,2026-04-26 12:59:48,195.0,mm,DD,195
2026-04-26 12:59:48,2026-04-26 12:59:48,195.0,mm,A,195
2026-04-26 09:59:48,2026-04-26 09:59:48,195.0,mm,DD,195
2026-04-26 09:59:48,2026-04-26 09:59:48,195.0,mm,DD,195
2026-04-26 09:59:48,2026-04-26 09:59:48,195.0,mm,DD,195
2026-04-26 09:59:47,2026-04-26 09:59:48,195.0,mm,DD,195
2026-04-26 09:59:47,2026-04-26 09:59:48,195.0,mm,DD,195
2026-04-26 09:59:47,2026-04-26 09:59:48,195.0,mm,A,195
2026-04-26 06:59:47,2026-04-26 06:59:47,195.0,mm,DD,195
2026-04-26 06:59:47,2026-04-26 06:59:47,195.0,mm,DD,195
2026-04-26 06:59:47,2026-04-26 06:59:47,195.0,mm,DD,195
2026-04-26 06:59:47,2026-04-26 06:59:47,195.0,mm,DD,195
2026-04-26 06:59:47,2026-04-26 06:59:47,195.0,mm,A,195
2026-04-26 03:59:47,2026-04-26 03:59:46,195.0,mm,DD,195
2026-04-26 03:59:46,2026-04-26 03:59:46,195.0,mm,DD,195
2026-04-26 03:59:46,2026-04-26 03:59:46,195.0,mm,DD,195
2026-04-26 03:59:46,2026-04-26 03:59:46,195.0,mm,DD,195
2026-04-26 03:59:46,2026-04-26 03:59:46,195.0,mm,A,195
2026-04-26 00:59:47,2026-04-26 00:59:45,195.0,mm,DD,195
2026-04-26 00:59:45,2026-04-26 00:59:45,195.0,mm,DD,195
2026-04-26 00:59:45,2026-04-26 00:59:45,195.0,mm,DD,195
2026-04-26 00:59:45,2026-04-26 00:59:45,195.0,mm,DD,195
2026-04-26 00:59:45,2026-04-26 00:59:45,195.0,mm,A,195
2026-04-25 21:59:44,2026-04-25 21:59:44,195.0,mm,DD,195
2026-04-25 21:59:44,2026-04-25 21:59:44,195.0,mm,DD,195
2026-04-25 21:59:44,2026-04-25 21:59:44,195.0,mm,DD,195
2026-04-25 21:59:44,2026-04-25 21:59:44,195.0,mm,DD,195
2026-04-25 21:59:44,2026-04-25 21:59:44,195.0,mm,A,195
2026-04-25 18:59:44,2026-04-25 18:59:44,195.0,mm,DD,195
2026-04-25 18:59:43,2026-04-25 18:59:44,195.0,mm,DD,195
2026-04-25 18:59:43,2026-04-25 18:59:44,195.0,mm,DD,195
2026-04-25 18:59:43,2026-04-25 18:59:44,195.0,mm,DD,195
2026-04-25 18:59:43,2026-04-25 18:59:44,195.0,mm,A,195
2026-04-25 15:59:45,2026-04-25 15:59:43,195.0,mm,DD,195
2026-04-25 15:59:43,2026-04-25 15:59:43,195.0,mm,DD,195
2026-04-25 15:59:43,2026-04-25 15:59:43,195.0,mm,DD,195
2026-04-25 15:59:43,2026-04-25 15:59:43,195.0,mm,DD,195
2026-04-25 15:59:43,2026-04-25 15:59:43,195.0,mm,A,195
2026-04-25 12:59:45,2026-04-25 12:59:42,195.0,mm,DD,195
2026-04-25 12:59:42,2026-04-25 12:59:42,195.0,mm,DD,195
2026-04-25 12:59:42,2026-04-25 12:59:42,195.0,mm,DD,195
2026-04-25 12:59:42,2026-04-25 12:59:42,195.0,mm,DD,195
2026-04-25 12:59:42,2026-04-25 12:59:42,195.0,mm,A,195
2026-04-25 09:59:42,2026-04-25 09:59:41,195.0,mm,DD,195
2026-04-25 09:59:41,2026-04-25 09:59:41,195.0,mm,DD,195
2026-04-25 09:59:41,2026-04-25 09:59:41,195.0,mm,DD,195
2026-04-25 09:59:41,2026-04-25 09:59:41,195.0,mm,DD,195
2026-04-25 09:59:41,2026-04-25 09:59:41,195.0,mm,A,195
2026-04-25 06:59:42,2026-04-25 06:59:41,195.0,mm,DD,195
2026-04-25 06:59:40,2026-04-25 06:59:41,195.0,mm,DD,195
2026-04-25 06:59:40,2026-04-25 06:59:41,195.0,mm,DD,195
2026-04-25 06:59:40,2026-04-25 06:59:41,195.0,mm,DD,195
2026-04-25 06:59:40,2026-04-25 06:59:41,195.0,mm,A,195
2026-04-25 03:59:43,2026-04-25 03:59:40,195.0,mm,DD,195
2026-04-25 03:59:40,2026-04-25 03:59:40,195.0,mm,DD,195
2026-04-25 03:59:40,2026-04-25 03:59:40,195.0,mm,DD,195
2026-04-25 03:59:40,2026-04-25 03:59:40,195.0,mm,DD,195
2026-04-25 03:59:40,2026-04-25 03:59:40,195.0,mm,A,195
2026-04-25 01:34:24,2026-04-25 01:34:24,129.0,mm,DD,129
2026-04-25 01:34:22,2026-04-25 01:34:23,129.0,mm,DD,129
2026-04-25 01:34:22,2026-04-25 01:34:23,129.0,mm,DD,129
2026-04-25 01:34:22,2026-04-25 01:34:23,129.0,mm,DD,129
2026-04-25 01:34:22,2026-04-25 01:34:23,129.0,mm,ND,129
2026-04-25 00:59:44,2026-04-25 00:59:39,195.0,mm,DD,195
2026-04-25 00:59:39,2026-04-25 00:59:39,195.0,mm,DD,195
2026-04-25 00:59:39,2026-04-25 00:59:39,195.0,mm,DD,195
2026-04-25 00:59:39,2026-04-25 00:59:39,195.0,mm,DD,195
2026-04-25 00:59:39,2026-04-25 00:59:39,195.0,mm,A,195
2026-04-24 21:59:39,2026-04-24 21:59:38,195.0,mm,DD,195
2026-04-24 21:59:38,2026-04-24 21:59:38,195.0,mm,DD,195
2026-04-24 21:59:38,2026-04-24 21:59:38,195.0,mm,DD,195
2026-04-24 21:59:38,2026-04-24 21:59:38,195.0,mm,DD,195
2026-04-24 21:59:38,2026-04-24 21:59:38,195.0,mm,A,195
2026-04-24 18:59:39,2026-04-24 18:59:38,195.0,mm,DD,195
2026-04-24 18:59:37,2026-04-24 18:59:38,195.0,mm,DD,195
2026-04-24 18:59:37,2026-04-24 18:59:38,195.0,mm,DD,195
2026-04-24 18:59:37,2026-04-24 18:59:38,195.0,mm,DD,195
2026-04-24 18:59:37,2026-04-24 18:59:38,195.0,mm,A,195
2026-04-24 15:59:39,2026-04-24 15:59:37,195.0,mm,DD,195
2026-04-24 15:59:36,2026-04-24 15:59:37,195.0,mm,DD,195
2026-04-24 15:59:36,2026-04-24 15:59:37,195.0,mm,DD,195
2026-04-24 15:59:36,2026-04-24 15:59:37,195.0,mm,DD,195
2026-04-24 15:59:36,2026-04-24 15:59:37,195.0,mm,A,195
2026-04-24 12:59:39,2026-04-24 12:59:36,195.0,mm,A,195
2026-04-24 12:59:36,2026-04-24 12:59:36,195.0,mm,DD,195
2026-04-24 12:59:36,2026-04-24 12:59:36,195.0,mm,DD,195
2026-04-24 09:59:36,2026-04-24 09:59:35,195.0,mm,A,195
2026-04-24 09:59:35,2026-04-24 09:59:35,195.0,mm,DD,195
2026-04-24 09:59:35,2026-04-24 09:59:35,195.0,mm,DD,195
2026-04-24 07:34:21,2026-04-24 07:34:18,130.0,mm,DD,130
2026-04-24 07:34:17,2026-04-24 07:34:17,130.0,mm,DD,130
2026-04-24 07:34:17,2026-04-24 07:34:17,130.0,mm,DD,130
2026-04-24 07:34:17,2026-04-24 07:34:17,130.0,mm,DD,130
2026-04-24 07:34:17,2026-04-24 07:34:17,130.0,mm,ND,130
2026-04-24 06:59:37,2026-04-24 06:59:34,195.0,mm,DD,195
2026-04-24 06:59:34,2026-04-24 06:59:34,195.0,mm,DD,195
2026-04-24 06:59:34,2026-04-24 06:59:34,195.0,mm,DD,195
2026-04-24 06:59:34,2026-04-24 06:59:34,195.0,mm,DD,195
2026-04-24 06:59:34,2026-04-24 06:59:34,195.0,mm,A,195
2026-04-24 03:59:36,2026-04-24 03:59:34,195.0,mm,DD,195
2026-04-24 03:59:33,2026-04-24 03:59:34,195.0,mm,DD,195
2026-04-24 03:59:33,2026-04-24 03:59:34,195.0,mm,DD,195
2026-04-24 03:59:33,2026-04-24 03:59:34,195.0,mm,DD,195
2026-04-24 03:59:33,2026-04-24 03:59:34,195.0,mm,A,195
2026-04-24 00:59:39,2026-04-24 00:59:33,195.0,mm,DD,195
2026-04-24 00:59:33,2026-04-24 00:59:33,195.0,mm,DD,195
2026-04-24 00:59:33,2026-04-24 00:59:33,195.0,mm,DD,195
2026-04-24 00:59:32,2026-04-24 00:59:33,195.0,mm,DD,195
2026-04-24 00:59:32,2026-04-24 00:59:33,195.0,mm,A,195
2026-04-23 22:34:16,2026-04-23 22:34:15,129.0,mm,DD,129
2026-04-23 22:34:14,2026-04-23 22:34:14,129.0,mm,DD,129
2026-04-23 22:34:14,2026-04-23 22:34:14,129.0,mm,DD,129
2026-04-23 22:34:14,2026-04-23 22:34:14,129.0,mm,DD,129
2026-04-23 22:34:14,2026-04-23 22:34:14,129.0,mm,ND,129
2026-04-23 21:59:32,2026-04-23 21:59:32,195.0,mm,DD,195
2026-04-23 21:59:32,2026-04-23 21:59:32,195.0,mm,DD,195
2026-04-23 21:59:32,2026-04-23 21:59:32,195.0,mm,DD,195
2026-04-23 21:59:32,2026-04-23 21:59:32,195.0,mm,DD,195
2026-04-23 21:59:32,2026-04-23 21:59:32,195.0,mm,DD,195
2026-04-23 21:59:32,2026-04-23 21:59:32,195.0,mm,DD,195
2026-04-23 21:59:32,2026-04-23 21:59:32,195.0,mm,DD,195
2026-04-23 21:59:32,2026-04-23 21:59:32,195.0,mm,A,195
2026-04-23 18:59:36,2026-04-23 18:59:31,195.0,mm,DD,195
2026-04-23 18:59:36,2026-04-23 18:59:31,195.0,mm,DD,195
2026-04-23 18:59:31,2026-04-23 18:59:31,195.0,mm,DD,195
2026-04-23 18:59:31,2026-04-23 18:59:31,195.0,mm,DD,195
2026-04-23 18:59:31,2026-04-23 18:59:31,195.0,mm,DD,195
2026-04-23 18:59:31,2026-04-23 18:59:31,195.0,mm,DD,195
2026-04-23 18:59:31,2026-04-23 18:59:31,195.0,mm,DD,195
2026-04-23 18:59:31,2026-04-23 18:59:31,195.0,mm,A,195
2026-04-23 15:59:37,2026-04-23 15:59:31,195.0,mm,DD,195
2026-04-23 15:59:30,2026-04-23 15:59:31,195.0,mm,DD,195
2026-04-23 15:59:30,2026-04-23 15:59:31,195.0,mm,DD,195
2026-04-23 15:59:30,2026-04-23 15:59:31,195.0,mm,DD,195
2026-04-23 15:59:30,2026-04-23 15:59:31,195.0,mm,A,195
2026-04-23 12:59:35,2026-04-23 12:59:30,195.0,mm,DD,195
2026-04-23 12:59:30,2026-04-23 12:59:30,195.0,mm,DD,195
2026-04-23 12:59:30,2026-04-23 12:59:30,195.0,mm,DD,195
2026-04-23 12:59:30,2026-04-23 12:59:30,195.0,mm,DD,195
2026-04-23 12:59:30,2026-04-23 12:59:30,195.0,mm,A,195
2026-04-23 10:34:17,2026-04-23 10:34:11,141.0,mm,DD,141
2026-04-23 10:34:10,2026-04-23 10:34:11,141.0,mm,DD,141
2026-04-23 10:34:10,2026-04-23 10:34:11,141.0,mm,DD,141
2026-04-23 10:34:10,2026-04-23 10:34:11,141.0,mm,DD,141
2026-04-23 10:34:10,2026-04-23 10:34:11,141.0,mm,DD,141
2026-04-23 10:34:10,2026-04-23 10:34:11,141.0,mm,DD,141
2026-04-23 10:34:10,2026-04-23 10:34:11,141.0,mm,ND,141
2026-04-23 09:59:35,2026-04-23 09:59:29,195.0,mm,DD,195
2026-04-23 09:59:29,2026-04-23 09:59:29,195.0,mm,DD,195
2026-04-23 09:59:29,2026-04-23 09:59:29,195.0,mm,DD,195
2026-04-23 09:59:29,2026-04-23 09:59:29,195.0,mm,DD,195
2026-04-23 09:59:29,2026-04-23 09:59:29,195.0,mm,A,195
2026-04-23 06:59:34,2026-04-23 06:59:28,195.0,mm,DD,195
2026-04-23 06:59:28,2026-04-23 06:59:28,195.0,mm,DD,195
2026-04-23 06:59:28,2026-04-23 06:59:28,195.0,mm,DD,195
2026-04-23 06:59:28,2026-04-23 06:59:28,195.0,mm,DD,195
2026-04-23 06:59:28,2026-04-23 06:59:28,195.0,mm,A,195
2026-04-23 03:59:33,2026-04-23 03:59:27,195.0,mm,DD,195
2026-04-23 03:59:33,2026-04-23 03:59:27,195.0,mm,A,195
2026-04-23 03:59:27,2026-04-23 03:59:27,195.0,mm,DD,195
2026-04-23 03:59:27,2026-04-23 03:59:27,195.0,mm,DD,195
2026-04-23 03:59:27,2026-04-23 03:59:27,195.0,mm,DD,195
2026-04-23 03:59:27,2026-04-23 03:59:27,195.0,mm,A,195
2026-04-23 00:59:27,2026-04-23 00:59:27,195.0,mm,DD,195
2026-04-23 00:59:27,2026-04-23 00:59:27,195.0,mm,DD,195
2026-04-23 00:59:26,2026-04-23 00:59:27,195.0,mm,DD,195
2026-04-23 00:59:26,2026-04-23 00:59:27,195.0,mm,DD,195
2026-04-23 00:59:26,2026-04-23 00:59:27,195.0,mm,DD,195
2026-04-23 00:59:26,2026-04-23 00:59:27,195.0,mm,DD,195
2026-04-23 00:59:26,2026-04-23 00:59:27,195.0,mm,A,195
2026-04-22 21:59:26,2026-04-22 21:59:26,195.0,mm,DD,195
2026-04-22 21:59:26,2026-04-22 21:59:26,195.0,mm,DD,195
2026-04-22 21:59:26,2026-04-22 21:59:26,195.0,mm,DD,195
2026-04-22 21:59:26,2026-04-22 21:59:26,195.0,mm,DD,195
2026-04-22 21:59:26,2026-04-22 21:59:26,195.0,mm,A,195
2026-04-22 18:59:31,2026-04-22 18:59:25,195.0,mm,DD,195
2026-04-22 18:59:25,2026-04-22 18:59:25,195.0,mm,DD,195
2026-04-22 18:59:25,2026-04-22 18:59:25,195.0,mm,DD,195
2026-04-22 18:59:25,2026-04-22 18:59:25,195.0,mm,DD,195
2026-04-22 18:59:25,2026-04-22 18:59:25,195.0,mm,A,195
2026-04-22 15:59:30,2026-04-22 15:59:24,195.0,mm,DD,195
2026-04-22 15:59:24,2026-04-22 15:59:24,195.0,mm,DD,195
2026-04-22 15:59:24,2026-04-22 15:59:24,195.0,mm,DD,195
2026-04-22 15:59:24,2026-04-22 15:59:24,195.0,mm,DD,195
2026-04-22 15:59:24,2026-04-22 15:59:24,195.0,mm,A,195
2026-04-22 12:59:23,2026-04-22 12:59:24,195.0,mm,DD,195
2026-04-22 12:59:23,2026-04-22 12:59:24,195.0,mm,DD,195
2026-04-22 12:59:23,2026-04-22 12:59:24,195.0,mm,DD,195
2026-04-22 12:59:23,2026-04-22 12:59:24,195.0,mm,DD,195
2026-04-22 12:59:23,2026-04-22 12:59:24,195.0,mm,A,195
2026-04-22 09:59:28,2026-04-22 09:59:23,195.0,mm,A,195
2026-04-22 09:59:22,2026-04-22 09:59:23,195.0,mm,DD,195
2026-04-22 09:59:22,2026-04-22 09:59:23,195.0,mm,DD,195
2026-04-22 06:59:27,2026-04-22 06:59:22,195.0,mm,DD,195
2026-04-22 06:59:22,2026-04-22 06:59:22,195.0,mm,DD,195
2026-04-22 06:59:22,2026-04-22 06:59:22,195.0,mm,DD,195
2026-04-22 06:59:22,2026-04-22 06:59:22,195.0,mm,DD,195
2026-04-22 06:59:22,2026-04-22 06:59:22,195.0,mm,A,195
2026-04-22 03:59:27,2026-04-22 03:59:21,195.0,mm,DD,195
2026-04-22 03:59:21,2026-04-22 03:59:21,195.0,mm,DD,195
2026-04-22 03:59:21,2026-04-22 03:59:21,195.0,mm,DD,195
2026-04-22 03:59:21,2026-04-22 03:59:21,195.0,mm,DD,195
2026-04-22 03:59:21,2026-04-22 03:59:21,195.0,mm,A,195
2026-04-22 00:59:20,2026-04-22 00:59:20,195.0,mm,DD,195
2026-04-22 00:59:20,2026-04-22 00:59:20,195.0,mm,DD,195
2026-04-22 00:59:20,2026-04-22 00:59:20,195.0,mm,DD,195
2026-04-22 00:59:20,2026-04-22 00:59:20,195.0,mm,DD,195
2026-04-22 00:59:20,2026-04-22 00:59:20,195.0,mm,A,195
2026-04-22 00:50:17,2026-04-22 00:50:17,393.0,mm,DD,393
2026-04-22 00:50:17,2026-04-22 00:50:17,393.0,mm,PD,393
2026-04-21 21:59:25,2026-04-21 21:59:20,195.0,mm,DD,195
2026-04-21 21:59:19,2026-04-21 21:59:20,195.0,mm,DD,195
2026-04-21 21:59:19,2026-04-21 21:59:20,195.0,mm,DD,195
2026-04-21 21:59:19,2026-04-21 21:59:20,195.0,mm,DD,195
2026-04-21 21:59:19,2026-04-21 21:59:20,195.0,mm,A,195
2026-04-21 18:59:24,2026-04-21 18:59:19,195.0,mm,DD,195
2026-04-21 18:59:19,2026-04-21 18:59:19,195.0,mm,DD,195
2026-04-21 18:59:19,2026-04-21 18:59:19,195.0,mm,DD,195
2026-04-21 18:59:19,2026-04-21 18:59:19,195.0,mm,DD,195
2026-04-21 18:59:19,2026-04-21 18:59:19,195.0,mm,A,195
2026-04-21 15:59:18,2026-04-21 15:59:18,195.0,mm,DD,195
2026-04-21 15:59:18,2026-04-21 15:59:18,195.0,mm,DD,195
2026-04-21 15:59:18,2026-04-21 15:59:18,195.0,mm,DD,195
2026-04-21 15:59:18,2026-04-21 15:59:18,195.0,mm,DD,195
2026-04-21 15:59:18,2026-04-21 15:59:18,195.0,mm,A,195
2026-04-21 12:59:17,2026-04-21 12:59:17,195.0,mm,DD,195
2026-04-21 12:59:17,2026-04-21 12:59:17,195.0,mm,DD,195
2026-04-21 12:59:17,2026-04-21 12:59:17,195.0,mm,DD,195
2026-04-21 12:59:17,2026-04-21 12:59:17,195.0,mm,DD,195
2026-04-21 12:59:17,2026-04-21 12:59:17,195.0,mm,A,195
2026-04-21 12:19:42,2026-04-21 12:19:42,2,018.0,mm,PD,2018
2026-04-21 09:59:16,2026-04-21 09:59:17,195.0,mm,DD,195
2026-04-21 09:59:16,2026-04-21 09:59:17,195.0,mm,DD,195
2026-04-21 09:59:16,2026-04-21 09:59:17,195.0,mm,A,195
2026-04-21 07:33:54,2026-04-21 07:33:54,130.0,mm,DD,130
2026-04-21 07:33:54,2026-04-21 07:33:54,130.0,mm,DD,130
2026-04-21 07:33:54,2026-04-21 07:33:54,130.0,mm,DD,130
2026-04-21 07:33:53,2026-04-21 07:33:53,130.0,mm,DD,130
2026-04-21 07:33:53,2026-04-21 07:33:53,130.0,mm,ND,130
2026-04-21 06:59:16,2026-04-21 06:59:16,195.0,mm,DD,195
2026-04-21 06:59:15,2026-04-21 06:59:16,195.0,mm,DD,195
2026-04-21 06:59:15,2026-04-21 06:59:16,195.0,mm,DD,195
2026-04-21 06:59:15,2026-04-21 06:59:16,195.0,mm,DD,195
2026-04-21 06:59:15,2026-04-21 06:59:16,195.0,mm,A,195
2026-04-21 03:59:15,2026-04-21 03:59:15,195.0,mm,DD,195
2026-04-21 03:59:15,2026-04-21 03:59:15,195.0,mm,DD,195
2026-04-21 03:59:15,2026-04-21 03:59:15,195.0,mm,DD,195
2026-04-21 03:59:15,2026-04-21 03:59:15,195.0,mm,DD,195
2026-04-21 03:59:15,2026-04-21 03:59:15,195.0,mm,A,195
2026-04-21 00:59:14,2026-04-21 00:59:14,195.0,mm,DD,195
2026-04-21 00:59:14,2026-04-21 00:59:14,195.0,mm,DD,195
2026-04-21 00:59:14,2026-04-21 00:59:14,195.0,mm,DD,195
2026-04-21 00:59:14,2026-04-21 00:59:14,195.0,mm,DD,195
2026-04-21 00:59:14,2026-04-21 00:59:14,195.0,mm,A,195
2026-04-20 21:59:14,2026-04-20 21:59:14,195.0,mm,DD,195
2026-04-20 21:59:14,2026-04-20 21:59:14,195.0,mm,DD,195
2026-04-20 21:59:13,2026-04-20 21:59:13,195.0,mm,DD,195
2026-04-20 21:59:13,2026-04-20 21:59:13,195.0,mm,DD,195
2026-04-20 21:59:13,2026-04-20 21:59:13,195.0,mm,A,195
2026-04-20 18:59:12,2026-04-20 18:59:13,195.0,mm,DD,195
2026-04-20 18:59:12,2026-04-20 18:59:13,195.0,mm,DD,195
2026-04-20 18:59:12,2026-04-20 18:59:13,195.0,mm,DD,195
2026-04-20 18:59:12,2026-04-20 18:59:13,195.0,mm,DD,195
2026-04-20 18:59:12,2026-04-20 18:59:13,195.0,mm,A,195
2026-04-20 17:13:25,2026-04-20 17:13:25,0.0,mm,DD,0
2026-04-20 17:13:24,2026-04-20 17:13:24,0.0,mm,DD,0
2026-04-20 17:13:24,2026-04-20 17:13:24,0.0,mm,DD,0
2026-04-20 17:13:24,2026-04-20 17:13:24,0.0,mm,DD,0
2026-04-20 17:13:24,2026-04-20 17:13:24,0.0,mm,DD,0
2026-04-20 17:13:24,2026-04-20 17:13:24,0.0,mm,ND,0
2026-04-20 15:59:12,2026-04-20 15:59:12,195.0,mm,DD,195
2026-04-20 15:59:12,2026-04-20 15:59:12,195.0,mm,DD,195
2026-04-20 15:59:12,2026-04-20 15:59:12,195.0,mm,DD,195
2026-04-20 15:59:12,2026-04-20 15:59:12,195.0,mm,DD,195
2026-04-20 15:59:12,2026-04-20 15:59:12,195.0,mm,A,195
2026-04-20 12:59:11,2026-04-20 12:59:11,195.0,mm,DD,195
2026-04-20 12:59:11,2026-04-20 12:59:11,195.0,mm,DD,195
2026-04-20 12:59:11,2026-04-20 12:59:11,195.0,mm,DD,195
2026-04-20 12:59:11,2026-04-20 12:59:11,195.0,mm,A,195
2026-04-20 09:59:10,2026-04-20 09:59:10,195.0,mm,DD,195
2026-04-20 09:59:10,2026-04-20 09:59:10,195.0,mm,DD,195
2026-04-20 09:59:10,2026-04-20 09:59:10,195.0,mm,DD,195
2026-04-20 09:59:10,2026-04-20 09:59:10,195.0,mm,DD,195
2026-04-20 09:59:10,2026-04-20 09:59:10,195.0,mm,DD,195
2026-04-20 09:59:10,2026-04-20 09:59:10,195.0,mm,DD,195
2026-04-20 09:59:10,2026-04-20 09:59:10,195.0,mm,A,195
2026-04-20 06:59:09,2026-04-20 06:59:10,195.0,mm,DD,195
2026-04-20 06:59:09,2026-04-20 06:59:10,195.0,mm,DD,195
2026-04-20 06:59:09,2026-04-20 06:59:10,195.0,mm,DD,195
2026-04-20 06:59:09,2026-04-20 06:59:10,195.0,mm,DD,195
2026-04-20 06:59:09,2026-04-20 06:59:10,195.0,mm,DD,195
2026-04-20 06:59:09,2026-04-20 06:59:10,195.0,mm,DD,195
2026-04-20 06:59:09,2026-04-20 06:59:10,195.0,mm,A,195
2026-04-20 03:59:09,2026-04-20 03:59:09,195.0,mm,DD,195
2026-04-20 03:59:09,2026-04-20 03:59:09,195.0,mm,DD,195
2026-04-20 03:59:08,2026-04-20 03:59:09,195.0,mm,DD,195
2026-04-20 03:59:08,2026-04-20 03:59:09,195.0,mm,DD,195
2026-04-20 03:59:08,2026-04-20 03:59:09,195.0,mm,DD,195
2026-04-20 03:59:08,2026-04-20 03:59:09,195.0,mm,A,195
2026-04-20 01:33:44,2026-04-20 01:33:44,128.0,mm,DD,128
2026-04-20 01:33:43,2026-04-20 01:33:43,128.0,mm,DD,128
2026-04-20 01:33:43,2026-04-20 01:33:43,128.0,mm,DD,128
2026-04-20 01:33:43,2026-04-20 01:33:43,128.0,mm,DD,128
2026-04-20 01:33:43,2026-04-20 01:33:43,128.0,mm,ND,128
2026-04-20 00:59:08,2026-04-20 00:59:08,195.0,mm,DD,195
2026-04-20 00:59:08,2026-04-20 00:59:08,195.0,mm,DD,195
2026-04-20 00:59:08,2026-04-20 00:59:08,195.0,mm,DD,195
2026-04-20 00:59:08,2026-04-20 00:59:08,195.0,mm,DD,195
2026-04-20 00:59:08,2026-04-20 00:59:08,195.0,mm,A,195
2026-04-19 21:59:12,2026-04-19 21:59:12,195.0,mm,DD,195
2026-04-19 21:59:12,2026-04-19 21:59:12,195.0,mm,DD,195
2026-04-19 21:59:07,2026-04-19 21:59:07,195.0,mm,DD,195
2026-04-19 21:59:07,2026-04-19 21:59:07,195.0,mm,DD,195
2026-04-19 21:59:07,2026-04-19 21:59:07,195.0,mm,DD,195
2026-04-19 21:59:07,2026-04-19 21:59:07,195.0,mm,A,195
2026-04-19 19:33:42,2026-04-19 19:33:42,130.0,mm,DD,130
2026-04-19 19:33:42,2026-04-19 19:33:42,130.0,mm,DD,130
2026-04-19 19:33:42,2026-04-19 19:33:42,130.0,mm,DD,130
2026-04-19 19:33:41,2026-04-19 19:33:41,130.0,mm,DD,130
2026-04-19 19:33:41,2026-04-19 19:33:41,130.0,mm,ND,130
2026-04-19 18:59:06,2026-04-19 18:59:06,195.0,mm,DD,195
2026-04-19 18:59:06,2026-04-19 18:59:06,195.0,mm,DD,195
2026-04-19 18:59:06,2026-04-19 18:59:06,195.0,mm,DD,195
2026-04-19 18:59:06,2026-04-19 18:59:06,195.0,mm,DD,195
2026-04-19 18:59:06,2026-04-19 18:59:06,195.0,mm,DD,195
2026-04-19 18:59:06,2026-04-19 18:59:06,195.0,mm,A,195
2026-04-19 15:59:05,2026-04-19 15:59:06,195.0,mm,DD,195
2026-04-19 15:59:05,2026-04-19 15:59:06,195.0,mm,DD,195
2026-04-19 15:59:05,2026-04-19 15:59:06,195.0,mm,DD,195
2026-04-19 15:59:05,2026-04-19 15:59:06,195.0,mm,DD,195
2026-04-19 15:59:05,2026-04-19 15:59:06,195.0,mm,DD,195
2026-04-19 15:59:05,2026-04-19 15:59:06,195.0,mm,DD,195
2026-04-19 15:59:05,2026-04-19 15:59:06,195.0,mm,A,195
2026-04-19 12:59:05,2026-04-19 12:59:05,195.0,mm,DD,195
2026-04-19 12:59:05,2026-04-19 12:59:05,195.0,mm,DD,195
2026-04-19 12:59:05,2026-04-19 12:59:05,195.0,mm,DD,195
2026-04-19 12:59:05,2026-04-19 12:59:05,195.0,mm,DD,195
2026-04-19 12:59:05,2026-04-19 12:59:05,195.0,mm,DD,195
2026-04-19 12:59:04,2026-04-19 12:59:05,195.0,mm,DD,195
2026-04-19 12:59:04,2026-04-19 12:59:05,195.0,mm,DD,195
2026-04-19 12:59:04,2026-04-19 12:59:05,195.0,mm,A,195
2026-04-19 09:59:04,2026-04-19 09:59:04,195.0,mm,DD,195
2026-04-19 09:59:04,2026-04-19 09:59:04,195.0,mm,DD,195
2026-04-19 09:59:04,2026-04-19 09:59:04,195.0,mm,DD,195
2026-04-19 09:59:04,2026-04-19 09:59:04,195.0,mm,DD,195
2026-04-19 09:59:04,2026-04-19 09:59:04,195.0,mm,DD,195
2026-04-19 09:59:04,2026-04-19 09:59:04,195.0,mm,DD,195
2026-04-19 09:59:04,2026-04-19 09:59:04,195.0,mm,A,195
2026-04-19 06:59:03,2026-04-19 06:59:03,195.0,mm,DD,195
2026-04-19 06:59:03,2026-04-19 06:59:03,195.0,mm,DD,195
2026-04-19 06:59:03,2026-04-19 06:59:03,195.0,mm,DD,195
2026-04-19 06:59:03,2026-04-19 06:59:03,195.0,mm,DD,195
2026-04-19 06:59:03,2026-04-19 06:59:03,195.0,mm,A,195
2026-04-19 04:33:37,2026-04-19 04:33:37,128.0,mm,DD,128
2026-04-19 04:33:37,2026-04-19 04:33:37,128.0,mm,DD,128
2026-04-19 04:33:36,2026-04-19 04:33:36,128.0,mm,DD,128
2026-04-19 04:33:36,2026-04-19 04:33:36,128.0,mm,DD,128
2026-04-19 04:33:36,2026-04-19 04:33:36,128.0,mm,DD,128
2026-04-19 04:33:36,2026-04-19 04:33:36,128.0,mm,ND,128
2026-04-19 03:59:02,2026-04-19 03:59:03,195.0,mm,DD,195
2026-04-19 03:59:02,2026-04-19 03:59:03,195.0,mm,DD,195
2026-04-19 03:59:02,2026-04-19 03:59:03,195.0,mm,DD,195
2026-04-19 03:59:02,2026-04-19 03:59:03,195.0,mm,DD,195
2026-04-19 03:59:02,2026-04-19 03:59:03,195.0,mm,DD,195
2026-04-19 03:59:02,2026-04-19 03:59:03,195.0,mm,A,195
2026-04-19 00:59:02,2026-04-19 00:59:02,195.0,mm,DD,195
2026-04-19 00:59:02,2026-04-19 00:59:02,195.0,mm,DD,195
2026-04-19 00:59:02,2026-04-19 00:59:02,195.0,mm,DD,195
2026-04-19 00:59:01,2026-04-19 00:59:02,195.0,mm,DD,195
2026-04-19 00:59:01,2026-04-19 00:59:02,195.0,mm,DD,195
2026-04-19 00:59:01,2026-04-19 00:59:02,195.0,mm,DD,195
2026-04-19 00:59:01,2026-04-19 00:59:02,195.0,mm,A,195
2026-04-18 21:59:01,2026-04-18 21:59:01,195.0,mm,DD,195
2026-04-18 21:59:01,2026-04-18 21:59:01,195.0,mm,DD,195
2026-04-18 21:59:01,2026-04-18 21:59:01,195.0,mm,DD,195
2026-04-18 21:59:01,2026-04-18 21:59:01,195.0,mm,DD,195
2026-04-18 21:59:01,2026-04-18 21:59:01,195.0,mm,A,195
2026-04-18 18:59:00,2026-04-18 18:59:00,195.0,mm,DD,195
2026-04-18 18:59:00,2026-04-18 18:59:00,195.0,mm,DD,195
2026-04-18 18:59:00,2026-04-18 18:59:00,195.0,mm,DD,195
2026-04-18 18:59:00,2026-04-18 18:59:00,195.0,mm,DD,195
2026-04-18 18:59:00,2026-04-18 18:59:00,195.0,mm,A,195
2026-04-18 15:58:59,2026-04-18 15:58:59,195.0,mm,DD,195
2026-04-18 15:58:59,2026-04-18 15:58:59,195.0,mm,DD,195
2026-04-18 15:58:59,2026-04-18 15:58:59,195.0,mm,DD,195
2026-04-18 15:58:59,2026-04-18 15:58:59,195.0,mm,DD,195
2026-04-18 15:58:59,2026-04-18 15:58:59,195.0,mm,A,195
2026-04-18 12:58:59,2026-04-18 12:58:59,195.0,mm,DD,195
2026-04-18 12:58:59,2026-04-18 12:58:59,195.0,mm,DD,195
2026-04-18 12:58:58,2026-04-18 12:58:58,195.0,mm,DD,195
2026-04-18 12:58:58,2026-04-18 12:58:58,195.0,mm,DD,195
2026-04-18 12:58:58,2026-04-18 12:58:58,195.0,mm,A,195
2026-04-18 10:00:37,2026-04-18 10:00:37,1,155.0,mm,DD,1155
2026-04-18 10:00:36,2026-04-18 10:00:37,1,155.0,mm,DD,1155
2026-04-18 10:00:36,2026-04-18 10:00:37,1,155.0,mm,DD,1155
2026-04-18 10:00:36,2026-04-18 10:00:37,1,155.0,mm,DD,1155
2026-04-18 10:00:36,2026-04-18 10:00:37,1,155.0,mm,PD,1155
2026-04-18 09:58:58,2026-04-18 09:58:58,195.0,mm,DD,195
2026-04-18 09:58:57,2026-04-18 09:58:58,195.0,mm,DD,195
2026-04-18 09:58:57,2026-04-18 09:58:58,195.0,mm,DD,195
2026-04-18 09:58:57,2026-04-18 09:58:58,195.0,mm,DD,195
2026-04-18 09:58:57,2026-04-18 09:58:58,195.0,mm,A,195
2026-04-18 06:58:57,2026-04-18 06:58:57,195.0,mm,DD,195
2026-04-18 06:58:57,2026-04-18 06:58:57,195.0,mm,DD,195
2026-04-18 06:58:57,2026-04-18 06:58:57,195.0,mm,DD,195
2026-04-18 06:58:57,2026-04-18 06:58:57,195.0,mm,DD,195
2026-04-18 06:58:56,2026-04-18 06:58:56,195.0,mm,A,195
2026-04-18 03:58:56,2026-04-18 03:58:56,195.0,mm,DD,195
2026-04-18 03:58:56,2026-04-18 03:58:56,195.0,mm,DD,195
2026-04-18 03:58:56,2026-04-18 03:58:56,195.0,mm,DD,195
2026-04-18 03:58:56,2026-04-18 03:58:56,195.0,mm,DD,195
2026-04-18 03:58:55,2026-04-18 03:58:55,195.0,mm,A,195
2026-04-18 00:58:55,2026-04-18 00:58:55,195.0,mm,DD,195
2026-04-18 00:58:55,2026-04-18 00:58:55,195.0,mm,DD,195
2026-04-18 00:58:55,2026-04-18 00:58:55,195.0,mm,DD,195
2026-04-18 00:58:55,2026-04-18 00:58:55,195.0,mm,DD,195
2026-04-18 00:58:55,2026-04-18 00:58:55,195.0,mm,A,195
2026-04-17 21:58:54,2026-04-17 21:58:55,195.0,mm,DD,195
2026-04-17 21:58:54,2026-04-17 21:58:55,195.0,mm,DD,195
2026-04-17 21:58:54,2026-04-17 21:58:55,195.0,mm,DD,195
2026-04-17 21:58:54,2026-04-17 21:58:55,195.0,mm,DD,195
2026-04-17 21:58:54,2026-04-17 21:58:55,195.0,mm,DD,195
2026-04-17 21:58:54,2026-04-17 21:58:55,195.0,mm,DD,195
2026-04-17 21:58:54,2026-04-17 21:58:55,195.0,mm,A,195
2026-04-17 18:58:55,2026-04-17 18:58:55,195.0,mm,DD,195
2026-04-17 18:58:55,2026-04-17 18:58:55,195.0,mm,DD,195
2026-04-17 18:58:54,2026-04-17 18:58:54,195.0,mm,DD,195
2026-04-17 18:58:54,2026-04-17 18:58:54,195.0,mm,DD,195
2026-04-17 18:58:54,2026-04-17 18:58:54,195.0,mm,A,195
2026-04-17 15:58:53,2026-04-17 15:58:53,195.0,mm,DD,195
2026-04-17 15:58:53,2026-04-17 15:58:53,195.0,mm,DD,195
2026-04-17 15:58:53,2026-04-17 15:58:53,195.0,mm,DD,195
2026-04-17 15:58:53,2026-04-17 15:58:53,195.0,mm,DD,195
2026-04-17 15:58:53,2026-04-17 15:58:53,195.0,mm,A,195
2026-04-17 13:03:27,2026-04-17 13:03:27,130.0,mm,DD,130
2026-04-17 13:03:27,2026-04-17 13:03:27,130.0,mm,DD,130
2026-04-17 13:03:27,2026-04-17 13:03:27,130.0,mm,DD,130
2026-04-17 13:03:27,2026-04-17 13:03:27,130.0,mm,DD,130
2026-04-17 13:03:27,2026-04-17 13:03:27,130.0,mm,ND,130
2026-04-17 12:58:52,2026-04-17 12:58:52,195.0,mm,DD,195
2026-04-17 12:58:52,2026-04-17 12:58:52,195.0,mm,DD,195
2026-04-17 12:58:52,2026-04-17 12:58:52,195.0,mm,DD,195
2026-04-17 12:58:52,2026-04-17 12:58:52,195.0,mm,DD,195
2026-04-17 12:58:52,2026-04-17 12:58:52,195.0,mm,A,195
2026-04-17 09:58:51,2026-04-17 09:58:51,195.0,mm,DD,195
2026-04-17 09:58:51,2026-04-17 09:58:51,195.0,mm,DD,195
2026-04-17 09:58:51,2026-04-17 09:58:51,195.0,mm,A,195
2026-04-17 06:58:51,2026-04-17 06:58:51,195.0,mm,DD,195
2026-04-17 06:58:51,2026-04-17 06:58:51,195.0,mm,DD,195
2026-04-17 06:58:51,2026-04-17 06:58:51,195.0,mm,DD,195
2026-04-17 06:58:51,2026-04-17 06:58:51,195.0,mm,DD,195
2026-04-17 06:58:51,2026-04-17 06:58:51,195.0,mm,A,195
2026-04-17 03:58:50,2026-04-17 03:58:50,195.0,mm,DD,195
2026-04-17 03:58:50,2026-04-17 03:58:50,195.0,mm,DD,195
2026-04-17 03:58:50,2026-04-17 03:58:50,195.0,mm,DD,195
2026-04-17 03:58:50,2026-04-17 03:58:50,195.0,mm,DD,195
2026-04-17 03:58:50,2026-04-17 03:58:50,195.0,mm,A,195
2026-04-17 03:53:14,2026-04-17 03:53:14,164.0,mm,ND,164
2026-04-17 00:58:49,2026-04-17 00:58:49,195.0,mm,DD,195
2026-04-17 00:58:49,2026-04-17 00:58:49,195.0,mm,DD,195
2026-04-17 00:58:49,2026-04-17 00:58:49,195.0,mm,DD,195
2026-04-17 00:58:49,2026-04-17 00:58:49,195.0,mm,DD,195
2026-04-17 00:58:49,2026-04-17 00:58:49,195.0,mm,A,195
2026-04-16 21:58:48,2026-04-16 21:58:48,195.0,mm,DD,195
2026-04-16 21:58:48,2026-04-16 21:58:48,195.0,mm,DD,195
2026-04-16 21:58:48,2026-04-16 21:58:48,195.0,mm,DD,195
2026-04-16 21:58:48,2026-04-16 21:58:48,195.0,mm,DD,195
2026-04-16 21:58:48,2026-04-16 21:58:48,195.0,mm,A,195
2026-04-16 18:58:48,2026-04-16 18:58:48,195.0,mm,DD,195
2026-04-16 18:58:48,2026-04-16 18:58:48,195.0,mm,DD,195
2026-04-16 18:58:48,2026-04-16 18:58:48,195.0,mm,DD,195
2026-04-16 18:58:47,2026-04-16 18:58:48,195.0,mm,DD,195
2026-04-16 18:58:47,2026-04-16 18:58:48,195.0,mm,A,195
2026-04-16 15:58:47,2026-04-16 15:58:47,195.0,mm,DD,195
2026-04-16 15:58:47,2026-04-16 15:58:47,195.0,mm,DD,195
2026-04-16 15:58:47,2026-04-16 15:58:47,195.0,mm,A,195
2026-04-16 12:58:46,2026-04-16 12:58:46,195.0,mm,DD,195
2026-04-16 12:58:46,2026-04-16 12:58:46,195.0,mm,DD,195
2026-04-16 12:58:46,2026-04-16 12:58:46,195.0,mm,A,195
2026-04-16 09:58:45,2026-04-16 09:58:45,195.0,mm,DD,195
2026-04-16 09:58:45,2026-04-16 09:58:45,195.0,mm,DD,195
2026-04-16 09:58:45,2026-04-16 09:58:45,195.0,mm,A,195
2026-04-16 06:58:46,2026-04-16 06:58:45,195.0,mm,DD,195
2026-04-16 06:58:46,2026-04-16 06:58:45,195.0,mm,A,195
2026-04-16 06:58:45,2026-04-16 06:58:45,195.0,mm,DD,195
2026-04-16 06:58:45,2026-04-16 06:58:45,195.0,mm,DD,195
2026-04-16 06:58:45,2026-04-16 06:58:45,195.0,mm,DD,195
2026-04-16 03:58:44,2026-04-16 03:58:44,195.0,mm,DD,195
2026-04-16 03:58:44,2026-04-16 03:58:44,195.0,mm,DD,195
2026-04-16 03:58:44,2026-04-16 03:58:44,195.0,mm,DD,195
2026-04-16 03:58:44,2026-04-16 03:58:44,195.0,mm,DD,195
2026-04-16 03:58:44,2026-04-16 03:58:44,195.0,mm,A,195
2026-04-16 02:29:06,2026-04-16 02:29:06,461.0,mm,DD,461
2026-04-16 02:29:06,2026-04-16 02:29:06,461.0,mm,DD,461
2026-04-16 02:29:06,2026-04-16 02:29:06,461.0,mm,DD,461
2026-04-16 02:29:06,2026-04-16 02:29:06,461.0,mm,PD,461
2026-04-16 00:58:43,2026-04-16 00:58:43,195.0,mm,DD,195
2026-04-16 00:58:43,2026-04-16 00:58:43,195.0,mm,DD,195
2026-04-16 00:58:43,2026-04-16 00:58:43,195.0,mm,DD,195
2026-04-16 00:58:43,2026-04-16 00:58:43,195.0,mm,A,195
2026-04-15 21:58:42,2026-04-15 21:58:42,195.0,mm,DD,195
2026-04-15 21:58:42,2026-04-15 21:58:42,195.0,mm,DD,195
2026-04-15 21:58:42,2026-04-15 21:58:42,195.0,mm,DD,195
2026-04-15 21:58:42,2026-04-15 21:58:42,195.0,mm,A,195
2026-04-15 21:58:41,2026-04-15 21:58:42,195.0,mm,DD,195
2026-04-15 19:00:43,2026-04-15 19:00:44,129.0,mm,DD,129
2026-04-15 19:00:43,2026-04-15 19:00:44,129.0,mm,DD,129
2026-04-15 19:00:43,2026-04-15 19:00:44,129.0,mm,DD,129
2026-04-15 19:00:43,2026-04-15 19:00:44,129.0,mm,DD,129
2026-04-15 19:00:43,2026-04-15 19:00:44,129.0,mm,ND,129
2026-04-15 18:58:42,2026-04-15 18:58:42,195.0,mm,DD,195
2026-04-15 18:58:42,2026-04-15 18:58:42,195.0,mm,DD,195
2026-04-15 18:58:41,2026-04-15 18:58:42,195.0,mm,DD,195
2026-04-15 18:58:41,2026-04-15 18:58:42,195.0,mm,DD,195
2026-04-15 18:58:41,2026-04-15 18:58:42,195.0,mm,A,195
2026-04-15 15:58:41,2026-04-15 15:58:41,195.0,mm,DD,195
2026-04-15 15:58:41,2026-04-15 15:58:41,195.0,mm,DD,195
2026-04-15 15:58:41,2026-04-15 15:58:41,195.0,mm,A,195
2026-04-15 12:58:40,2026-04-15 12:58:40,195.0,mm,DD,195
2026-04-15 12:58:40,2026-04-15 12:58:40,195.0,mm,DD,195
2026-04-15 12:58:40,2026-04-15 12:58:40,195.0,mm,DD,195
2026-04-15 12:58:40,2026-04-15 12:58:40,195.0,mm,A,195
2026-04-15 09:58:40,2026-04-15 09:58:39,195.0,mm,DD,195
2026-04-15 09:58:39,2026-04-15 09:58:39,195.0,mm,DD,195
2026-04-15 09:58:39,2026-04-15 09:58:39,195.0,mm,DD,195
2026-04-15 09:58:39,2026-04-15 09:58:39,195.0,mm,DD,195
2026-04-15 09:58:39,2026-04-15 09:58:39,195.0,mm,A,195
2026-04-15 06:58:38,2026-04-15 06:58:38,195.0,mm,DD,195
2026-04-15 06:58:38,2026-04-15 06:58:38,195.0,mm,DD,195
2026-04-15 06:58:38,2026-04-15 06:58:38,195.0,mm,DD,195
2026-04-15 06:58:38,2026-04-15 06:58:38,195.0,mm,DD,195
2026-04-15 06:58:38,2026-04-15 06:58:38,195.0,mm,A,195
2026-04-15 00:58:37,2026-04-15 00:58:37,195.0,mm,DD,195
2026-04-15 00:58:37,2026-04-15 00:58:37,195.0,mm,DD,195
2026-04-15 00:58:37,2026-04-15 00:58:37,195.0,mm,DD,195
2026-04-15 00:58:37,2026-04-15 00:58:37,195.0,mm,DD,195
2026-04-15 00:58:37,2026-04-15 00:58:37,195.0,mm,A,195
2026-04-14 23:10:15,2026-04-14 23:10:15,0.0,mm,ND,0
2026-04-14 22:33:04,2026-04-14 22:33:04,129.0,mm,DD,129
2026-04-14 22:33:04,2026-04-14 22:33:04,129.0,mm,DD,129
2026-04-14 22:33:02,2026-04-14 22:33:02,129.0,mm,DD,129
2026-04-14 22:33:02,2026-04-14 22:33:02,129.0,mm,DD,129
2026-04-14 22:33:02,2026-04-14 22:33:02,129.0,mm,DD,129
2026-04-14 22:33:02,2026-04-14 22:33:02,129.0,mm,DD,129
2026-04-14 22:33:02,2026-04-14 22:33:02,129.0,mm,ND,129
2026-04-14 21:58:41,2026-04-14 21:58:41,227.0,mm,DD,227
2026-04-14 21:58:41,2026-04-14 21:58:41,227.0,mm,DD,227
2026-04-14 21:58:41,2026-04-14 21:58:41,227.0,mm,DD,227
2026-04-14 21:58:41,2026-04-14 21:58:41,227.0,mm,PD,227
2026-04-14 21:58:36,2026-04-14 21:58:36,195.0,mm,DD,195
2026-04-14 21:58:36,2026-04-14 21:58:36,195.0,mm,DD,195
2026-04-14 21:58:36,2026-04-14 21:58:36,195.0,mm,DD,195
2026-04-14 21:58:36,2026-04-14 21:58:36,195.0,mm,A,195
2026-04-14 18:58:35,2026-04-14 18:58:35,195.0,mm,DD,195
2026-04-14 18:58:35,2026-04-14 18:58:35,195.0,mm,DD,195
2026-04-14 18:58:35,2026-04-14 18:58:35,195.0,mm,DD,195
2026-04-14 18:58:35,2026-04-14 18:58:35,195.0,mm,DD,195
2026-04-14 18:58:35,2026-04-14 18:58:35,195.0,mm,A,195
2026-04-14 15:58:35,2026-04-14 15:58:34,195.0,mm,DD,195
2026-04-14 15:58:34,2026-04-14 15:58:34,195.0,mm,DD,195
2026-04-14 15:58:34,2026-04-14 15:58:34,195.0,mm,DD,195
2026-04-14 15:58:34,2026-04-14 15:58:34,195.0,mm,DD,195
2026-04-14 15:58:34,2026-04-14 15:58:34,195.0,mm,A,195
2026-04-14 13:33:00,2026-04-14 13:33:00,1,160.0,mm,DD,1160
2026-04-14 13:32:59,2026-04-14 13:32:59,1,160.0,mm,DD,1160
2026-04-14 13:32:59,2026-04-14 13:32:59,1,160.0,mm,DD,1160
2026-04-14 13:32:59,2026-04-14 13:32:59,1,160.0,mm,DD,1160
2026-04-14 13:32:59,2026-04-14 13:32:59,1,160.0,mm,PD,1160
2026-04-14 12:58:34,2026-04-14 12:58:34,195.0,mm,DD,195
2026-04-14 12:58:33,2026-04-14 12:58:34,195.0,mm,DD,195
2026-04-14 12:58:33,2026-04-14 12:58:34,195.0,mm,DD,195
2026-04-14 12:58:33,2026-04-14 12:58:34,195.0,mm,DD,195
2026-04-14 12:58:33,2026-04-14 12:58:34,195.0,mm,A,195
2026-04-14 10:33:00,2026-04-14 10:33:00,141.0,mm,DD,141
2026-04-14 10:33:00,2026-04-14 10:33:00,141.0,mm,DD,141
2026-04-14 10:33:00,2026-04-14 10:33:00,141.0,mm,DD,141
2026-04-14 10:32:59,2026-04-14 10:32:59,141.0,mm,DD,141
2026-04-14 10:32:58,2026-04-14 10:32:58,141.0,mm,DD,141
2026-04-14 10:32:58,2026-04-14 10:32:58,141.0,mm,ND,141
2026-04-14 09:58:33,2026-04-14 09:58:33,195.0,mm,DD,195
2026-04-14 09:58:33,2026-04-14 09:58:33,195.0,mm,A,195
2026-04-14 09:58:32,2026-04-14 09:58:33,195.0,mm,DD,195
2026-04-14 09:58:32,2026-04-14 09:58:33,195.0,mm,DD,195
2026-04-14 06:58:37,2026-04-14 06:58:37,195.0,mm,DD,195
2026-04-14 06:58:32,2026-04-14 06:58:32,195.0,mm,DD,195
2026-04-14 06:58:32,2026-04-14 06:58:32,195.0,mm,DD,195
2026-04-14 06:58:32,2026-04-14 06:58:32,195.0,mm,DD,195
2026-04-14 06:58:32,2026-04-14 06:58:32,195.0,mm,DD,195
2026-04-14 06:58:32,2026-04-14 06:58:32,195.0,mm,A,195
2026-04-14 03:58:31,2026-04-14 03:58:31,195.0,mm,DD,195
2026-04-14 03:58:31,2026-04-14 03:58:31,195.0,mm,DD,195
2026-04-14 03:58:31,2026-04-14 03:58:31,195.0,mm,DD,195
2026-04-14 03:58:31,2026-04-14 03:58:31,195.0,mm,A,195
2026-04-14 01:32:57,2026-04-14 01:32:57,128.0,mm,DD,128
2026-04-14 01:32:57,2026-04-14 01:32:57,128.0,mm,DD,128
2026-04-14 01:32:57,2026-04-14 01:32:57,128.0,mm,DD,128
2026-04-14 01:32:56,2026-04-14 01:32:56,128.0,mm,DD,128
2026-04-14 01:32:55,2026-04-14 01:32:55,128.0,mm,DD,128
2026-04-14 01:32:55,2026-04-14 01:32:55,128.0,mm,ND,128
2026-04-14 00:58:36,2026-04-14 00:58:36,195.0,mm,DD,195
2026-04-14 00:58:30,2026-04-14 00:58:30,195.0,mm,DD,195
2026-04-14 00:58:30,2026-04-14 00:58:30,195.0,mm,DD,195
2026-04-14 00:58:30,2026-04-14 00:58:30,195.0,mm,DD,195
2026-04-14 00:58:30,2026-04-14 00:58:30,195.0,mm,A,195
2026-04-13 21:58:29,2026-04-13 21:58:30,195.0,mm,DD,195
2026-04-13 21:58:29,2026-04-13 21:58:30,195.0,mm,DD,195
2026-04-13 21:58:29,2026-04-13 21:58:30,195.0,mm,DD,195
2026-04-13 21:58:29,2026-04-13 21:58:30,195.0,mm,A,195
2026-04-13 18:58:29,2026-04-13 18:58:29,195.0,mm,DD,195
2026-04-13 18:58:29,2026-04-13 18:58:29,195.0,mm,DD,195
2026-04-13 18:58:29,2026-04-13 18:58:29,195.0,mm,DD,195
2026-04-13 18:58:29,2026-04-13 18:58:29,195.0,mm,A,195
2026-04-13 15:58:28,2026-04-13 15:58:28,195.0,mm,DD,195
2026-04-13 15:58:28,2026-04-13 15:58:28,195.0,mm,DD,195
2026-04-13 15:58:28,2026-04-13 15:58:28,195.0,mm,A,195
2026-04-13 13:32:53,2026-04-13 13:32:53,136.0,mm,DD,136
2026-04-13 13:32:53,2026-04-13 13:32:53,136.0,mm,DD,136
2026-04-13 13:32:53,2026-04-13 13:32:53,136.0,mm,DD,136
2026-04-13 13:32:52,2026-04-13 13:32:52,136.0,mm,DD,136
2026-04-13 13:32:51,2026-04-13 13:32:51,136.0,mm,DD,136
2026-04-13 13:32:51,2026-04-13 13:32:51,136.0,mm,ND,136
2026-04-13 12:58:27,2026-04-13 12:58:27,195.0,mm,DD,195
2026-04-13 12:58:27,2026-04-13 12:58:27,195.0,mm,DD,195
2026-04-13 12:58:27,2026-04-13 12:58:27,195.0,mm,A,195
2026-04-13 09:58:26,2026-04-13 09:58:26,195.0,mm,DD,195
2026-04-13 09:58:26,2026-04-13 09:58:26,195.0,mm,DD,195
2026-04-13 09:58:26,2026-04-13 09:58:26,195.0,mm,DD,195
2026-04-13 09:58:26,2026-04-13 09:58:26,195.0,mm,DD,195
2026-04-13 09:58:26,2026-04-13 09:58:26,195.0,mm,A,195
2026-04-13 06:58:31,2026-04-13 06:58:31,195.0,mm,DD,195
2026-04-13 06:58:26,2026-04-13 06:58:26,195.0,mm,DD,195
2026-04-13 06:58:25,2026-04-13 06:58:26,195.0,mm,DD,195
2026-04-13 06:58:25,2026-04-13 06:58:26,195.0,mm,DD,195
2026-04-13 06:58:25,2026-04-13 06:58:26,195.0,mm,DD,195
2026-04-13 06:58:25,2026-04-13 06:58:26,195.0,mm,A,195
2026-04-13 03:58:30,2026-04-13 03:58:30,195.0,mm,DD,195
2026-04-13 03:58:25,2026-04-13 03:58:25,195.0,mm,DD,195
2026-04-13 03:58:25,2026-04-13 03:58:25,195.0,mm,DD,195
2026-04-13 03:58:25,2026-04-13 03:58:25,195.0,mm,DD,195
2026-04-13 03:58:25,2026-04-13 03:58:25,195.0,mm,DD,195
2026-04-13 03:58:25,2026-04-13 03:58:25,195.0,mm,A,195
2026-04-13 00:58:24,2026-04-13 00:58:24,195.0,mm,DD,195
2026-04-13 00:58:24,2026-04-13 00:58:24,195.0,mm,DD,195
2026-04-13 00:58:24,2026-04-13 00:58:24,195.0,mm,DD,195
2026-04-13 00:58:24,2026-04-13 00:58:24,195.0,mm,A,195
2026-04-12 21:58:29,2026-04-12 21:58:29,195.0,mm,DD,195
2026-04-12 21:58:24,2026-04-12 21:58:24,195.0,mm,DD,195
2026-04-12 21:58:24,2026-04-12 21:58:24,195.0,mm,DD,195
2026-04-12 21:58:23,2026-04-12 21:58:23,195.0,mm,DD,195
2026-04-12 21:58:23,2026-04-12 21:58:23,195.0,mm,A,195
2026-04-12 18:58:22,2026-04-12 18:58:22,195.0,mm,DD,195
2026-04-12 18:58:22,2026-04-12 18:58:22,195.0,mm,DD,195
2026-04-12 18:58:22,2026-04-12 18:58:22,195.0,mm,DD,195
2026-04-12 18:58:22,2026-04-12 18:58:22,195.0,mm,DD,195
2026-04-12 18:58:22,2026-04-12 18:58:22,195.0,mm,A,195
2026-04-12 18:20:21,2026-04-12 18:20:21,2,018.0,mm,DD,2018
2026-04-12 18:20:21,2026-04-12 18:20:21,2,018.0,mm,DD,2018
2026-04-12 18:20:21,2026-04-12 18:20:21,2,018.0,mm,DD,2018
2026-04-12 18:20:21,2026-04-12 18:20:21,2,018.0,mm,DD,2018
2026-04-12 18:20:20,2026-04-12 18:20:20,2,018.0,mm,DD,2018
2026-04-12 18:20:20,2026-04-12 18:20:20,2,018.0,mm,PD,2018
2026-04-12 15:58:21,2026-04-12 15:58:22,195.0,mm,DD,195
2026-04-12 15:58:21,2026-04-12 15:58:22,195.0,mm,DD,195
2026-04-12 15:58:21,2026-04-12 15:58:22,195.0,mm,DD,195
2026-04-12 15:58:21,2026-04-12 15:58:22,195.0,mm,DD,195
2026-04-12 15:58:21,2026-04-12 15:58:22,195.0,mm,A,195
2026-04-12 12:58:21,2026-04-12 12:58:21,195.0,mm,DD,195
2026-04-12 12:58:21,2026-04-12 12:58:21,195.0,mm,DD,195
2026-04-12 12:58:21,2026-04-12 12:58:21,195.0,mm,DD,195
2026-04-12 12:58:21,2026-04-12 12:58:21,195.0,mm,DD,195
2026-04-12 12:58:21,2026-04-12 12:58:21,195.0,mm,A,195
2026-04-12 09:58:20,2026-04-12 09:58:20,195.0,mm,DD,195
2026-04-12 09:58:20,2026-04-12 09:58:20,195.0,mm,DD,195
2026-04-12 09:58:20,2026-04-12 09:58:20,195.0,mm,DD,195
2026-04-12 09:58:20,2026-04-12 09:58:20,195.0,mm,A,195
2026-04-12 06:58:19,2026-04-12 06:58:19,195.0,mm,DD,195
2026-04-12 06:58:19,2026-04-12 06:58:19,195.0,mm,DD,195
2026-04-12 06:58:19,2026-04-12 06:58:19,195.0,mm,DD,195
2026-04-12 06:58:19,2026-04-12 06:58:19,195.0,mm,DD,195
2026-04-12 06:58:19,2026-04-12 06:58:19,195.0,mm,A,195
2026-04-12 03:58:24,2026-04-12 03:58:24,195.0,mm,DD,195
2026-04-12 03:58:19,2026-04-12 03:58:19,195.0,mm,DD,195
2026-04-12 03:58:19,2026-04-12 03:58:19,195.0,mm,DD,195
2026-04-12 03:58:18,2026-04-12 03:58:18,195.0,mm,DD,195
2026-04-12 03:58:18,2026-04-12 03:58:18,195.0,mm,A,195
2026-04-12 00:58:17,2026-04-12 00:58:18,195.0,mm,DD,195
2026-04-12 00:58:17,2026-04-12 00:58:18,195.0,mm,DD,195
2026-04-12 00:58:17,2026-04-12 00:58:18,195.0,mm,DD,195
2026-04-12 00:58:17,2026-04-12 00:58:18,195.0,mm,DD,195
2026-04-12 00:58:17,2026-04-12 00:58:18,195.0,mm,A,195
2026-04-11 21:58:17,2026-04-11 21:58:17,195.0,mm,DD,195
2026-04-11 21:58:17,2026-04-11 21:58:17,195.0,mm,DD,195
2026-04-11 21:58:17,2026-04-11 21:58:17,195.0,mm,A,195
2026-04-11 18:58:22,2026-04-11 18:58:22,195.0,mm,DD,195
2026-04-11 18:58:17,2026-04-11 18:58:17,195.0,mm,DD,195
2026-04-11 18:58:17,2026-04-11 18:58:17,195.0,mm,DD,195
2026-04-11 18:58:16,2026-04-11 18:58:16,195.0,mm,DD,195
2026-04-11 18:58:16,2026-04-11 18:58:16,195.0,mm,A,195
2026-04-11 15:58:15,2026-04-11 15:58:15,195.0,mm,DD,195
2026-04-11 15:58:15,2026-04-11 15:58:15,195.0,mm,DD,195
2026-04-11 15:58:15,2026-04-11 15:58:15,195.0,mm,DD,195
2026-04-11 15:58:15,2026-04-11 15:58:15,195.0,mm,DD,195
2026-04-11 15:58:15,2026-04-11 15:58:15,195.0,mm,A,195
2026-04-11 15:20:25,2026-04-11 15:20:25,2,018.0,mm,DD,2018
2026-04-11 15:20:25,2026-04-11 15:20:25,2,018.0,mm,DD,2018
2026-04-11 15:20:25,2026-04-11 15:20:25,2,018.0,mm,DD,2018
2026-04-11 15:20:25,2026-04-11 15:20:25,2,018.0,mm,DD,2018
2026-04-11 15:20:25,2026-04-11 15:20:25,2,018.0,mm,DD,2018
2026-04-11 15:20:25,2026-04-11 15:20:25,2,018.0,mm,PD,2018
2026-04-11 12:58:14,2026-04-11 12:58:14,195.0,mm,DD,195
2026-04-11 12:58:14,2026-04-11 12:58:14,195.0,mm,DD,195
2026-04-11 12:58:14,2026-04-11 12:58:14,195.0,mm,DD,195
2026-04-11 12:58:14,2026-04-11 12:58:14,195.0,mm,A,195
2026-04-11 09:58:14,2026-04-11 09:58:14,195.0,mm,DD,195
2026-04-11 09:58:14,2026-04-11 09:58:14,195.0,mm,DD,195
2026-04-11 09:58:13,2026-04-11 09:58:14,195.0,mm,DD,195
2026-04-11 09:58:13,2026-04-11 09:58:14,195.0,mm,A,195
2026-04-11 06:58:18,2026-04-11 06:58:18,195.0,mm,DD,195
2026-04-11 06:58:13,2026-04-11 06:58:13,195.0,mm,DD,195
2026-04-11 06:58:13,2026-04-11 06:58:13,195.0,mm,DD,195
2026-04-11 06:58:13,2026-04-11 06:58:13,195.0,mm,DD,195
2026-04-11 06:58:13,2026-04-11 06:58:13,195.0,mm,DD,195
2026-04-11 06:58:13,2026-04-11 06:58:13,195.0,mm,A,195
2026-04-11 03:58:12,2026-04-11 03:58:12,195.0,mm,DD,195
2026-04-11 03:58:12,2026-04-11 03:58:12,195.0,mm,DD,195
2026-04-11 03:58:12,2026-04-11 03:58:12,195.0,mm,DD,195
2026-04-11 03:58:12,2026-04-11 03:58:12,195.0,mm,DD,195
2026-04-11 03:58:12,2026-04-11 03:58:12,195.0,mm,DD,195
2026-04-11 03:58:12,2026-04-11 03:58:12,195.0,mm,DD,195
2026-04-11 03:58:12,2026-04-11 03:58:12,195.0,mm,A,195
2026-04-11 00:58:17,2026-04-11 00:58:17,195.0,mm,DD,195
2026-04-11 00:58:11,2026-04-11 00:58:12,195.0,mm,DD,195
2026-04-11 00:58:11,2026-04-11 00:58:12,195.0,mm,DD,195
2026-04-11 00:58:11,2026-04-11 00:58:12,195.0,mm,DD,195
2026-04-11 00:58:11,2026-04-11 00:58:12,195.0,mm,DD,195
2026-04-11 00:58:11,2026-04-11 00:58:12,195.0,mm,DD,195
2026-04-11 00:58:11,2026-04-11 00:58:12,195.0,mm,DD,195
2026-04-11 00:58:11,2026-04-11 00:58:12,195.0,mm,A,195
2026-04-10 22:32:32,2026-04-10 22:32:32,129.0,mm,DD,129
2026-04-10 22:32:31,2026-04-10 22:32:31,129.0,mm,DD,129
2026-04-10 22:32:30,2026-04-10 22:32:31,129.0,mm,DD,129
2026-04-10 22:32:30,2026-04-10 22:32:31,129.0,mm,DD,129
2026-04-10 22:32:30,2026-04-10 22:32:31,129.0,mm,DD,129
2026-04-10 22:32:30,2026-04-10 22:32:31,129.0,mm,ND,129
2026-04-10 21:58:10,2026-04-10 21:58:11,195.0,mm,DD,195
2026-04-10 21:58:10,2026-04-10 21:58:11,195.0,mm,DD,195
2026-04-10 21:58:10,2026-04-10 21:58:11,195.0,mm,DD,195
2026-04-10 21:58:10,2026-04-10 21:58:11,195.0,mm,DD,195
2026-04-10 21:58:10,2026-04-10 21:58:11,195.0,mm,DD,195
2026-04-10 21:58:10,2026-04-10 21:58:11,195.0,mm,DD,195
2026-04-10 21:58:10,2026-04-10 21:58:11,195.0,mm,A,195
2026-04-10 18:58:10,2026-04-10 18:58:10,195.0,mm,DD,195
2026-04-10 18:58:10,2026-04-10 18:58:10,195.0,mm,DD,195
2026-04-10 18:58:10,2026-04-10 18:58:10,195.0,mm,DD,195
2026-04-10 18:58:10,2026-04-10 18:58:10,195.0,mm,DD,195
2026-04-10 18:58:10,2026-04-10 18:58:10,195.0,mm,A,195
2026-04-10 15:58:09,2026-04-10 15:58:09,195.0,mm,DD,195
2026-04-10 15:58:09,2026-04-10 15:58:09,195.0,mm,DD,195
2026-04-10 15:58:09,2026-04-10 15:58:09,195.0,mm,DD,195
2026-04-10 15:58:09,2026-04-10 15:58:09,195.0,mm,A,195
2026-04-10 15:20:29,2026-04-10 15:20:29,2,018.0,mm,DD,2018
2026-04-10 15:20:29,2026-04-10 15:20:29,2,018.0,mm,DD,2018
2026-04-10 15:20:28,2026-04-10 15:20:29,2,018.0,mm,DD,2018
2026-04-10 15:20:28,2026-04-10 15:20:29,2,018.0,mm,DD,2018
2026-04-10 15:20:28,2026-04-10 15:20:29,2,018.0,mm,DD,2018
2026-04-10 15:20:28,2026-04-10 15:20:29,2,018.0,mm,PD,2018
2026-04-10 12:58:13,2026-04-10 12:58:13,195.0,mm,DD,195
2026-04-10 12:58:08,2026-04-10 12:58:08,195.0,mm,DD,195
2026-04-10 12:58:08,2026-04-10 12:58:08,195.0,mm,DD,195
2026-04-10 12:58:08,2026-04-10 12:58:08,195.0,mm,DD,195
2026-04-10 12:58:08,2026-04-10 12:58:08,195.0,mm,DD,195
2026-04-10 12:58:08,2026-04-10 12:58:08,195.0,mm,DD,195
2026-04-10 12:58:08,2026-04-10 12:58:08,195.0,mm,A,195
2026-04-10 10:32:27,2026-04-10 10:32:27,143.0,mm,DD,143
2026-04-10 10:32:27,2026-04-10 10:32:27,143.0,mm,DD,143
2026-04-10 10:32:27,2026-04-10 10:32:27,143.0,mm,DD,143
2026-04-10 10:32:22,2026-04-10 10:32:22,143.0,mm,DD,143
2026-04-10 10:32:21,2026-04-10 10:32:22,143.0,mm,DD,143
2026-04-10 10:32:21,2026-04-10 10:32:22,143.0,mm,ND,143
2026-04-10 09:58:13,2026-04-10 09:58:13,195.0,mm,DD,195
2026-04-10 09:58:08,2026-04-10 09:58:08,195.0,mm,DD,195
2026-04-10 09:58:08,2026-04-10 09:58:08,195.0,mm,DD,195
2026-04-10 09:58:08,2026-04-10 09:58:08,195.0,mm,DD,195
2026-04-10 09:58:08,2026-04-10 09:58:08,195.0,mm,DD,195
2026-04-10 09:58:07,2026-04-10 09:58:07,195.0,mm,DD,195
2026-04-10 09:58:07,2026-04-10 09:58:07,195.0,mm,DD,195
2026-04-10 09:58:07,2026-04-10 09:58:07,195.0,mm,A,195
2026-04-10 06:58:06,2026-04-10 06:58:07,195.0,mm,DD,195
2026-04-10 06:58:06,2026-04-10 06:58:07,195.0,mm,DD,195
2026-04-10 06:58:06,2026-04-10 06:58:07,195.0,mm,DD,195
2026-04-10 06:58:06,2026-04-10 06:58:07,195.0,mm,DD,195
2026-04-10 06:58:06,2026-04-10 06:58:07,195.0,mm,DD,195
2026-04-10 06:58:06,2026-04-10 06:58:07,195.0,mm,DD,195
2026-04-10 06:58:06,2026-04-10 06:58:07,195.0,mm,DD,195
2026-04-10 06:58:06,2026-04-10 06:58:07,195.0,mm,A,195
2026-04-10 03:58:11,2026-04-10 03:58:11,195.0,mm,DD,195
2026-04-10 03:58:07,2026-04-10 03:58:07,195.0,mm,DD,195
2026-04-10 03:58:06,2026-04-10 03:58:07,195.0,mm,DD,195
2026-04-10 03:58:06,2026-04-10 03:58:07,195.0,mm,DD,195
2026-04-10 03:58:06,2026-04-10 03:58:07,195.0,mm,DD,195
2026-04-10 03:58:06,2026-04-10 03:58:07,195.0,mm,DD,195
2026-04-10 03:58:06,2026-04-10 03:58:07,195.0,mm,DD,195
2026-04-10 03:58:06,2026-04-10 03:58:07,195.0,mm,DD,195
2026-04-10 03:58:06,2026-04-10 03:58:07,195.0,mm,DD,195
2026-04-10 03:58:06,2026-04-10 03:58:07,195.0,mm,DD,195
2026-04-10 03:58:06,2026-04-10 03:58:07,195.0,mm,DD,195
2026-04-10 03:58:06,2026-04-10 03:58:07,195.0,mm,A,195
2026-04-10 00:58:05,2026-04-10 00:58:05,195.0,mm,DD,195
2026-04-10 00:58:05,2026-04-10 00:58:05,195.0,mm,DD,195
2026-04-10 00:58:05,2026-04-10 00:58:05,195.0,mm,DD,195
2026-04-10 00:58:05,2026-04-10 00:58:05,195.0,mm,DD,195
2026-04-10 00:58:05,2026-04-10 00:58:05,195.0,mm,DD,195
2026-04-10 00:58:05,2026-04-10 00:58:05,195.0,mm,A,195
2026-04-09 21:58:09,2026-04-09 21:58:09,195.0,mm,DD,195
2026-04-09 21:58:04,2026-04-09 21:58:04,195.0,mm,DD,195
2026-04-09 21:58:04,2026-04-09 21:58:04,195.0,mm,DD,195
2026-04-09 21:58:04,2026-04-09 21:58:04,195.0,mm,DD,195
2026-04-09 21:58:04,2026-04-09 21:58:04,195.0,mm,DD,195
2026-04-09 21:58:04,2026-04-09 21:58:04,195.0,mm,A,195
2026-04-09 18:58:03,2026-04-09 18:58:04,195.0,mm,DD,195
2026-04-09 18:58:03,2026-04-09 18:58:04,195.0,mm,DD,195
2026-04-09 18:58:03,2026-04-09 18:58:04,195.0,mm,DD,195
2026-04-09 18:58:03,2026-04-09 18:58:04,195.0,mm,DD,195
2026-04-09 18:58:03,2026-04-09 18:58:04,195.0,mm,DD,195
2026-04-09 18:58:03,2026-04-09 18:58:04,195.0,mm,DD,195
2026-04-09 18:58:03,2026-04-09 18:58:04,195.0,mm,A,195
2026-04-09 15:58:08,2026-04-09 15:58:08,195.0,mm,DD,195
2026-04-09 15:58:07,2026-04-09 15:58:08,195.0,mm,DD,195
2026-04-09 15:58:07,2026-04-09 15:58:08,195.0,mm,DD,195
2026-04-09 15:58:07,2026-04-09 15:58:08,195.0,mm,DD,195
2026-04-09 15:58:03,2026-04-09 15:58:03,195.0,mm,DD,195
2026-04-09 15:58:03,2026-04-09 15:58:03,195.0,mm,A,195
2026-04-09 15:58:02,2026-04-09 15:58:03,195.0,mm,DD,195
2026-04-09 15:58:02,2026-04-09 15:58:03,195.0,mm,DD,195
2026-04-09 15:58:02,2026-04-09 15:58:03,195.0,mm,DD,195
2026-04-09 15:58:02,2026-04-09 15:58:03,195.0,mm,DD,195
2026-04-09 15:20:33,2026-04-09 15:20:33,2,018.0,mm,DD,2018
2026-04-09 15:20:33,2026-04-09 15:20:33,2,018.0,mm,DD,2018
2026-04-09 15:20:32,2026-04-09 15:20:32,2,018.0,mm,DD,2018
2026-04-09 15:20:32,2026-04-09 15:20:32,2,018.0,mm,DD,2018
2026-04-09 15:20:32,2026-04-09 15:20:32,2,018.0,mm,DD,2018
2026-04-09 15:20:32,2026-04-09 15:20:32,2,018.0,mm,PD,2018
2026-04-09 12:58:02,2026-04-09 12:58:02,195.0,mm,DD,195
2026-04-09 12:58:02,2026-04-09 12:58:02,195.0,mm,DD,195
2026-04-09 12:58:02,2026-04-09 12:58:02,195.0,mm,DD,195
2026-04-09 12:58:02,2026-04-09 12:58:02,195.0,mm,DD,195
2026-04-09 12:58:02,2026-04-09 12:58:02,195.0,mm,DD,195
2026-04-09 12:58:02,2026-04-09 12:58:02,195.0,mm,A,195
2026-04-09 09:58:06,2026-04-09 09:58:06,195.0,mm,DD,195
2026-04-09 09:58:01,2026-04-09 09:58:01,195.0,mm,DD,195
2026-04-09 09:58:01,2026-04-09 09:58:01,195.0,mm,DD,195
2026-04-09 09:58:01,2026-04-09 09:58:01,195.0,mm,DD,195
2026-04-09 09:58:01,2026-04-09 09:58:01,195.0,mm,DD,195
2026-04-09 09:58:01,2026-04-09 09:58:01,195.0,mm,DD,195
2026-04-09 09:58:01,2026-04-09 09:58:01,195.0,mm,DD,195
2026-04-09 09:58:01,2026-04-09 09:58:01,195.0,mm,DD,195
2026-04-09 09:58:01,2026-04-09 09:58:01,195.0,mm,DD,195
2026-04-09 09:58:01,2026-04-09 09:58:01,195.0,mm,A,195
2026-04-09 06:58:00,2026-04-09 06:58:00,195.0,mm,DD,195
2026-04-09 06:58:00,2026-04-09 06:58:00,195.0,mm,DD,195
2026-04-09 06:58:00,2026-04-09 06:58:00,195.0,mm,DD,195
2026-04-09 06:58:00,2026-04-09 06:58:00,195.0,mm,DD,195
2026-04-09 06:58:00,2026-04-09 06:58:00,195.0,mm,DD,195
2026-04-09 06:58:00,2026-04-09 06:58:00,195.0,mm,A,195
2026-04-09 03:57:59,2026-04-09 03:57:59,195.0,mm,DD,195
2026-04-09 03:57:59,2026-04-09 03:57:59,195.0,mm,DD,195
2026-04-09 03:57:59,2026-04-09 03:57:59,195.0,mm,DD,195
2026-04-09 03:57:59,2026-04-09 03:57:59,195.0,mm,DD,195
2026-04-09 03:57:59,2026-04-09 03:57:59,195.0,mm,A,195
2026-04-09 00:57:59,2026-04-09 00:57:59,195.0,mm,DD,195
2026-04-09 00:57:59,2026-04-09 00:57:59,195.0,mm,A,195
2026-04-09 00:57:58,2026-04-09 00:57:59,195.0,mm,DD,195
2026-04-09 00:57:58,2026-04-09 00:57:59,195.0,mm,DD,195
2026-04-09 00:20:35,2026-04-09 00:20:35,2,018.0,mm,DD,2018
2026-04-09 00:20:35,2026-04-09 00:20:35,2,018.0,mm,DD,2018
2026-04-09 00:20:35,2026-04-09 00:20:35,2,018.0,mm,DD,2018
2026-04-09 00:20:35,2026-04-09 00:20:35,2,018.0,mm,DD,2018
2026-04-09 00:20:35,2026-04-09 00:20:35,2,018.0,mm,DD,2018
2026-04-09 00:20:35,2026-04-09 00:20:35,2,018.0,mm,PD,2018
2026-04-08 21:57:58,2026-04-08 21:57:58,195.0,mm,DD,195
2026-04-08 21:57:58,2026-04-08 21:57:58,195.0,mm,DD,195
2026-04-08 21:57:58,2026-04-08 21:57:58,195.0,mm,DD,195
2026-04-08 21:57:58,2026-04-08 21:57:58,195.0,mm,DD,195
2026-04-08 21:57:58,2026-04-08 21:57:58,195.0,mm,A,195
2026-04-08 19:32:15,2026-04-08 19:32:15,130.0,mm,ND,130
2026-04-08 18:58:02,2026-04-08 18:58:02,195.0,mm,DD,195
2026-04-08 18:57:57,2026-04-08 18:57:57,195.0,mm,DD,195
2026-04-08 18:57:57,2026-04-08 18:57:57,195.0,mm,DD,195
2026-04-08 18:57:57,2026-04-08 18:57:57,195.0,mm,DD,195
2026-04-08 18:57:57,2026-04-08 18:57:57,195.0,mm,DD,195
2026-04-08 18:57:57,2026-04-08 18:57:57,195.0,mm,A,195
2026-04-08 17:13:54,2026-04-08 17:13:54,0.0,mm,DD,0
2026-04-08 17:13:54,2026-04-08 17:13:54,0.0,mm,DD,0
2026-04-08 17:13:54,2026-04-08 17:13:54,0.0,mm,DD,0
2026-04-08 17:13:54,2026-04-08 17:13:54,0.0,mm,DD,0
2026-04-08 17:13:54,2026-04-08 17:13:54,0.0,mm,DD,0
2026-04-08 17:13:54,2026-04-08 17:13:54,0.0,mm,ND,0
2026-04-08 15:57:56,2026-04-08 15:57:56,195.0,mm,DD,195
2026-04-08 15:57:56,2026-04-08 15:57:56,195.0,mm,DD,195
2026-04-08 15:57:56,2026-04-08 15:57:56,195.0,mm,DD,195
2026-04-08 15:57:56,2026-04-08 15:57:56,195.0,mm,A,195
2026-04-08 12:57:55,2026-04-08 12:57:55,195.0,mm,DD,195
2026-04-08 12:57:55,2026-04-08 12:57:55,195.0,mm,DD,195
2026-04-08 12:57:55,2026-04-08 12:57:55,195.0,mm,DD,195
2026-04-08 12:57:55,2026-04-08 12:57:55,195.0,mm,A,195
2026-04-08 09:57:54,2026-04-08 09:57:55,195.0,mm,DD,195
2026-04-08 09:57:54,2026-04-08 09:57:55,195.0,mm,DD,195
2026-04-08 09:57:54,2026-04-08 09:57:55,195.0,mm,DD,195
2026-04-08 09:57:54,2026-04-08 09:57:55,195.0,mm,A,195
2026-04-08 06:57:54,2026-04-08 06:57:54,195.0,mm,DD,195
2026-04-08 06:57:54,2026-04-08 06:57:54,195.0,mm,DD,195
2026-04-08 06:57:54,2026-04-08 06:57:54,195.0,mm,DD,195
2026-04-08 06:57:54,2026-04-08 06:57:54,195.0,mm,DD,195
2026-04-08 06:57:54,2026-04-08 06:57:54,195.0,mm,A,195
2026-04-08 03:57:53,2026-04-08 03:57:53,195.0,mm,DD,195
2026-04-08 03:57:53,2026-04-08 03:57:53,195.0,mm,DD,195
2026-04-08 03:57:53,2026-04-08 03:57:53,195.0,mm,DD,195
2026-04-08 03:57:53,2026-04-08 03:57:53,195.0,mm,DD,195
2026-04-08 03:57:53,2026-04-08 03:57:53,195.0,mm,A,195
2026-04-08 01:32:08,2026-04-08 01:32:09,128.0,mm,DD,128
2026-04-08 01:32:08,2026-04-08 01:32:09,128.0,mm,DD,128
2026-04-08 01:32:08,2026-04-08 01:32:09,128.0,mm,DD,128
2026-04-08 01:32:08,2026-04-08 01:32:09,128.0,mm,DD,128
2026-04-08 01:32:08,2026-04-08 01:32:09,128.0,mm,DD,128
2026-04-08 01:32:08,2026-04-08 01:32:09,128.0,mm,DD,128
2026-04-08 01:32:08,2026-04-08 01:32:09,128.0,mm,DD,128
2026-04-08 01:32:08,2026-04-08 01:32:09,128.0,mm,DD,128
2026-04-08 01:32:08,2026-04-08 01:32:09,128.0,mm,ND,128
2026-04-08 00:57:52,2026-04-08 00:57:52,195.0,mm,DD,195
2026-04-08 00:57:52,2026-04-08 00:57:52,195.0,mm,DD,195
2026-04-08 00:57:52,2026-04-08 00:57:52,195.0,mm,DD,195
2026-04-08 00:57:52,2026-04-08 00:57:52,195.0,mm,DD,195
2026-04-08 00:57:52,2026-04-08 00:57:52,195.0,mm,A,195
2026-04-07 21:57:57,2026-04-07 21:57:57,195.0,mm,DD,195
2026-04-07 21:57:57,2026-04-07 21:57:57,195.0,mm,DD,195
2026-04-07 21:57:52,2026-04-07 21:57:52,195.0,mm,DD,195
2026-04-07 21:57:52,2026-04-07 21:57:52,195.0,mm,DD,195
2026-04-07 21:57:51,2026-04-07 21:57:51,195.0,mm,DD,195
2026-04-07 21:57:51,2026-04-07 21:57:51,195.0,mm,DD,195
2026-04-07 21:57:51,2026-04-07 21:57:51,195.0,mm,A,195
2026-04-07 18:57:51,2026-04-07 18:57:51,195.0,mm,DD,195
2026-04-07 18:57:51,2026-04-07 18:57:51,195.0,mm,DD,195
2026-04-07 18:57:51,2026-04-07 18:57:51,195.0,mm,DD,195
2026-04-07 18:57:51,2026-04-07 18:57:51,195.0,mm,DD,195
2026-04-07 18:57:51,2026-04-07 18:57:51,195.0,mm,A,195
2026-04-07 17:13:58,2026-04-07 17:13:58,0.0,mm,DD,0
2026-04-07 17:13:57,2026-04-07 17:13:57,0.0,mm,DD,0
2026-04-07 17:13:56,2026-04-07 17:13:56,0.0,mm,DD,0
2026-04-07 17:13:56,2026-04-07 17:13:56,0.0,mm,DD,0
2026-04-07 17:13:56,2026-04-07 17:13:56,0.0,mm,DD,0
2026-04-07 17:13:56,2026-04-07 17:13:56,0.0,mm,ND,0
2026-04-07 15:57:50,2026-04-07 15:57:50,195.0,mm,DD,195
2026-04-07 15:57:50,2026-04-07 15:57:50,195.0,mm,DD,195
2026-04-07 15:57:50,2026-04-07 15:57:50,195.0,mm,DD,195
2026-04-07 15:57:50,2026-04-07 15:57:50,195.0,mm,DD,195
2026-04-07 15:57:50,2026-04-07 15:57:50,195.0,mm,A,195
2026-04-07 12:57:49,2026-04-07 12:57:49,195.0,mm,DD,195
2026-04-07 12:57:49,2026-04-07 12:57:49,195.0,mm,DD,195
2026-04-07 12:57:49,2026-04-07 12:57:49,195.0,mm,AS,195
2026-04-07 09:57:48,2026-04-07 09:57:48,195.0,mm,DD,195
2026-04-07 09:57:48,2026-04-07 09:57:48,195.0,mm,DD,195
2026-04-07 09:57:48,2026-04-07 09:57:48,195.0,mm,DD,195
2026-04-07 09:57:48,2026-04-07 09:57:48,195.0,mm,DD,195
2026-04-07 09:57:48,2026-04-07 09:57:48,195.0,mm,A,195
2026-04-07 06:57:53,2026-04-07 06:57:53,195.0,mm,DD,195
2026-04-07 06:57:47,2026-04-07 06:57:47,195.0,mm,DD,195
2026-04-07 06:57:47,2026-04-07 06:57:47,195.0,mm,DD,195
2026-04-07 06:57:47,2026-04-07 06:57:47,195.0,mm,DD,195
2026-04-07 06:57:47,2026-04-07 06:57:47,195.0,mm,DD,195
2026-04-07 06:57:47,2026-04-07 06:57:47,195.0,mm,A,195
2026-04-07 03:57:52,2026-04-07 03:57:52,195.0,mm,DD,195
2026-04-07 03:57:47,2026-04-07 03:57:47,195.0,mm,DD,195
2026-04-07 03:57:47,2026-04-07 03:57:47,195.0,mm,DD,195
2026-04-07 03:57:47,2026-04-07 03:57:47,195.0,mm,DD,195
2026-04-07 03:57:47,2026-04-07 03:57:47,195.0,mm,DD,195
2026-04-07 03:57:47,2026-04-07 03:57:47,195.0,mm,A,195
2026-04-07 00:57:46,2026-04-07 00:57:46,195.0,mm,DD,195
2026-04-07 00:57:46,2026-04-07 00:57:46,195.0,mm,DD,195
2026-04-07 00:57:46,2026-04-07 00:57:46,195.0,mm,DD,195
2026-04-07 00:57:46,2026-04-07 00:57:46,195.0,mm,DD,195
2026-04-07 00:57:46,2026-04-07 00:57:46,195.0,mm,A,195
2026-04-06 21:57:45,2026-04-06 21:57:45,195.0,mm,DD,195
2026-04-06 21:57:45,2026-04-06 21:57:45,195.0,mm,DD,195
2026-04-06 21:57:45,2026-04-06 21:57:45,195.0,mm,DD,195
2026-04-06 21:57:45,2026-04-06 21:57:45,195.0,mm,DD,195
2026-04-06 21:57:45,2026-04-06 21:57:45,195.0,mm,A,195
2026-04-06 18:57:50,2026-04-06 18:57:50,195.0,mm,DD,195
2026-04-06 18:57:44,2026-04-06 18:57:44,195.0,mm,DD,195
2026-04-06 18:57:44,2026-04-06 18:57:44,195.0,mm,DD,195
2026-04-06 18:57:44,2026-04-06 18:57:44,195.0,mm,DD,195
2026-04-06 18:57:44,2026-04-06 18:57:44,195.0,mm,DD,195
2026-04-06 18:57:44,2026-04-06 18:57:44,195.0,mm,A,195
2026-04-06 15:57:43,2026-04-06 15:57:44,195.0,mm,DD,195
2026-04-06 15:57:43,2026-04-06 15:57:44,195.0,mm,DD,195
2026-04-06 15:57:43,2026-04-06 15:57:44,195.0,mm,DD,195
2026-04-06 15:57:43,2026-04-06 15:57:44,195.0,mm,A,195
2026-04-06 12:57:43,2026-04-06 12:57:43,195.0,mm,DD,195
2026-04-06 12:57:43,2026-04-06 12:57:43,195.0,mm,DD,195
2026-04-06 12:57:43,2026-04-06 12:57:43,195.0,mm,DD,195
2026-04-06 12:57:43,2026-04-06 12:57:43,195.0,mm,DD,195
2026-04-06 12:57:43,2026-04-06 12:57:43,195.0,mm,A,195
2026-04-06 09:57:42,2026-04-06 09:57:42,195.0,mm,DD,195
2026-04-06 09:57:42,2026-04-06 09:57:42,195.0,mm,DD,195
2026-04-06 09:57:42,2026-04-06 09:57:42,195.0,mm,DD,195
2026-04-06 09:57:42,2026-04-06 09:57:42,195.0,mm,DD,195
2026-04-06 09:57:42,2026-04-06 09:57:42,195.0,mm,A,195
2026-04-06 06:57:46,2026-04-06 06:57:46,195.0,mm,DD,195
2026-04-06 06:57:46,2026-04-06 06:57:46,195.0,mm,DD,195
2026-04-06 06:57:42,2026-04-06 06:57:42,195.0,mm,DD,195
2026-04-06 06:57:42,2026-04-06 06:57:42,195.0,mm,DD,195
2026-04-06 06:57:41,2026-04-06 06:57:41,195.0,mm,DD,195
2026-04-06 06:57:41,2026-04-06 06:57:41,195.0,mm,DD,195
2026-04-06 06:57:41,2026-04-06 06:57:41,195.0,mm,A,195
2026-04-06 03:57:40,2026-04-06 03:57:41,195.0,mm,DD,195
2026-04-06 03:57:40,2026-04-06 03:57:41,195.0,mm,DD,195
2026-04-06 03:57:40,2026-04-06 03:57:41,195.0,mm,DD,195
2026-04-06 03:57:40,2026-04-06 03:57:41,195.0,mm,DD,195
2026-04-06 03:57:40,2026-04-06 03:57:41,195.0,mm,A,195
2026-04-06 00:57:39,2026-04-06 00:57:40,195.0,mm,DD,195
2026-04-06 00:57:39,2026-04-06 00:57:40,195.0,mm,DD,195
2026-04-06 00:57:39,2026-04-06 00:57:40,195.0,mm,DD,195
2026-04-06 00:57:39,2026-04-06 00:57:40,195.0,mm,DD,195
2026-04-06 00:57:39,2026-04-06 00:57:40,195.0,mm,A,195
2026-04-05 21:57:45,2026-04-05 21:57:45,1,219.0,mm,DD,1219
2026-04-05 21:57:45,2026-04-05 21:57:45,1,219.0,mm,DD,1219
2026-04-05 21:57:44,2026-04-05 21:57:44,1,219.0,mm,DD,1219
2026-04-05 21:57:44,2026-04-05 21:57:44,1,219.0,mm,DD,1219
2026-04-05 21:57:44,2026-04-05 21:57:44,1,219.0,mm,DD,1219
2026-04-05 21:57:44,2026-04-05 21:57:44,1,219.0,mm,PD,1219
2026-04-05 21:57:39,2026-04-05 21:57:39,195.0,mm,DD,195
2026-04-05 21:57:39,2026-04-05 21:57:39,195.0,mm,DD,195
2026-04-05 21:57:39,2026-04-05 21:57:39,195.0,mm,DD,195
2026-04-05 21:57:39,2026-04-05 21:57:39,195.0,mm,A,195
2026-04-05 18:57:43,2026-04-05 18:57:43,195.0,mm,DD,195
2026-04-05 18:57:39,2026-04-05 18:57:39,195.0,mm,DD,195
2026-04-05 18:57:39,2026-04-05 18:57:39,195.0,mm,DD,195
2026-04-05 18:57:38,2026-04-05 18:57:38,195.0,mm,DD,195
2026-04-05 18:57:38,2026-04-05 18:57:38,195.0,mm,A,195
2026-04-05 16:01:06,2026-04-05 16:01:06,131.0,mm,DD,131
2026-04-05 16:01:06,2026-04-05 16:01:06,131.0,mm,DD,131
2026-04-05 16:01:06,2026-04-05 16:01:06,131.0,mm,DD,131
2026-04-05 16:01:06,2026-04-05 16:01:06,131.0,mm,DD,131
2026-04-05 16:01:06,2026-04-05 16:01:06,131.0,mm,DD,131
2026-04-05 16:01:06,2026-04-05 16:01:06,131.0,mm,DD,131
2026-04-05 16:01:06,2026-04-05 16:01:06,131.0,mm,DD,131
2026-04-05 16:01:06,2026-04-05 16:01:06,131.0,mm,DD,131
2026-04-05 16:01:06,2026-04-05 16:01:06,131.0,mm,DD,131
2026-04-05 16:01:06,2026-04-05 16:01:06,131.0,mm,ND,131
2026-04-05 15:57:37,2026-04-05 15:57:37,195.0,mm,DD,195
2026-04-05 15:57:37,2026-04-05 15:57:37,195.0,mm,DD,195
2026-04-05 15:57:37,2026-04-05 15:57:37,195.0,mm,A,195
2026-04-05 12:57:42,2026-04-05 12:57:42,195.0,mm,DD,195
2026-04-05 12:57:36,2026-04-05 12:57:37,195.0,mm,DD,195
2026-04-05 12:57:36,2026-04-05 12:57:37,195.0,mm,DD,195
2026-04-05 12:57:36,2026-04-05 12:57:37,195.0,mm,DD,195
2026-04-05 12:57:36,2026-04-05 12:57:37,195.0,mm,DD,195
2026-04-05 12:57:36,2026-04-05 12:57:37,195.0,mm,A,195
2026-04-05 09:57:35,2026-04-05 09:57:36,195.0,mm,DD,195
2026-04-05 09:57:35,2026-04-05 09:57:36,195.0,mm,DD,195
2026-04-05 09:57:35,2026-04-05 09:57:36,195.0,mm,DD,195
2026-04-05 09:57:35,2026-04-05 09:57:36,195.0,mm,A,195
2026-04-05 09:48:28,2026-04-05 09:48:28,330.0,mm,DD,330
2026-04-05 09:48:28,2026-04-05 09:48:28,330.0,mm,DD,330
2026-04-05 09:48:27,2026-04-05 09:48:28,330.0,mm,DD,330
2026-04-05 09:48:27,2026-04-05 09:48:28,330.0,mm,DD,330
2026-04-05 09:48:27,2026-04-05 09:48:28,330.0,mm,DD,330
2026-04-05 09:48:27,2026-04-05 09:48:28,330.0,mm,PD,330
2026-04-05 06:57:35,2026-04-05 06:57:35,195.0,mm,DD,195
2026-04-05 06:57:35,2026-04-05 06:57:35,195.0,mm,DD,195
2026-04-05 06:57:35,2026-04-05 06:57:35,195.0,mm,DD,195
2026-04-05 06:57:35,2026-04-05 06:57:35,195.0,mm,DD,195
2026-04-05 06:57:35,2026-04-05 06:57:35,195.0,mm,A,195
2026-04-05 03:57:34,2026-04-05 03:57:34,195.0,mm,DD,195
2026-04-05 03:57:34,2026-04-05 03:57:34,195.0,mm,DD,195
2026-04-05 03:57:34,2026-04-05 03:57:34,195.0,mm,DD,195
2026-04-05 03:57:34,2026-04-05 03:57:34,195.0,mm,A,195
2026-04-05 02:43:31,2026-04-05 02:43:31,1,786.0,mm,PD,1786
2026-04-05 00:57:38,2026-04-05 00:57:38,195.0,mm,DD,195
2026-04-05 00:57:38,2026-04-05 00:57:38,195.0,mm,DD,195
2026-04-05 00:57:34,2026-04-05 00:57:34,195.0,mm,DD,195
2026-04-05 00:57:34,2026-04-05 00:57:34,195.0,mm,DD,195
2026-04-05 00:57:33,2026-04-05 00:57:33,195.0,mm,A,195
2026-04-04 21:57:33,2026-04-04 21:57:33,195.0,mm,DD,195
2026-04-04 21:57:33,2026-04-04 21:57:33,195.0,mm,A,195
2026-04-04 21:57:32,2026-04-04 21:57:33,195.0,mm,DD,195
2026-04-04 21:57:32,2026-04-04 21:57:33,195.0,mm,DD,195
2026-04-04 18:57:37,2026-04-04 18:57:37,195.0,mm,DD,195
2026-04-04 18:57:32,2026-04-04 18:57:32,195.0,mm,DD,195
2026-04-04 18:57:32,2026-04-04 18:57:32,195.0,mm,DD,195
2026-04-04 18:57:32,2026-04-04 18:57:32,195.0,mm,DD,195
2026-04-04 18:57:32,2026-04-04 18:57:32,195.0,mm,DD,195
2026-04-04 18:57:32,2026-04-04 18:57:32,195.0,mm,A,195
2026-04-04 16:31:42,2026-04-04 16:31:43,134.0,mm,DD,134
2026-04-04 16:31:42,2026-04-04 16:31:43,134.0,mm,DD,134
2026-04-04 16:31:41,2026-04-04 16:31:41,134.0,mm,DD,134
2026-04-04 16:31:41,2026-04-04 16:31:41,134.0,mm,DD,134
2026-04-04 16:31:41,2026-04-04 16:31:41,134.0,mm,DD,134
2026-04-04 16:31:41,2026-04-04 16:31:41,134.0,mm,ND,134
2026-04-04 15:57:36,2026-04-04 15:57:36,195.0,mm,DD,195
2026-04-04 15:57:31,2026-04-04 15:57:31,195.0,mm,DD,195
2026-04-04 15:57:31,2026-04-04 15:57:31,195.0,mm,DD,195
2026-04-04 15:57:31,2026-04-04 15:57:31,195.0,mm,DD,195
2026-04-04 15:57:31,2026-04-04 15:57:31,195.0,mm,DD,195
2026-04-04 15:57:31,2026-04-04 15:57:31,195.0,mm,A,195
2026-04-04 12:57:30,2026-04-04 12:57:30,195.0,mm,DD,195
2026-04-04 12:57:30,2026-04-04 12:57:30,195.0,mm,DD,195
2026-04-04 12:57:30,2026-04-04 12:57:30,195.0,mm,A,195
2026-04-04 09:57:29,2026-04-04 09:57:29,195.0,mm,DD,195
2026-04-04 09:57:29,2026-04-04 09:57:29,195.0,mm,DD,195
2026-04-04 09:57:29,2026-04-04 09:57:29,195.0,mm,DD,195
2026-04-04 09:57:29,2026-04-04 09:57:29,195.0,mm,A,195
2026-04-04 06:57:29,2026-04-04 06:57:29,195.0,mm,DD,195
2026-04-04 06:57:29,2026-04-04 06:57:29,195.0,mm,DD,195
2026-04-04 06:57:29,2026-04-04 06:57:29,195.0,mm,A,195
2026-04-04 06:57:28,2026-04-04 06:57:29,195.0,mm,DD,195
2026-04-04 06:57:28,2026-04-04 06:57:29,195.0,mm,DD,195
2026-04-04 03:57:28,2026-04-04 03:57:28,195.0,mm,DD,195
2026-04-04 03:57:28,2026-04-04 03:57:28,195.0,mm,DD,195
2026-04-04 03:57:28,2026-04-04 03:57:28,195.0,mm,DD,195
2026-04-04 03:57:28,2026-04-04 03:57:28,195.0,mm,DD,195
2026-04-04 03:57:28,2026-04-04 03:57:28,195.0,mm,A,195
2026-04-04 00:57:27,2026-04-04 00:57:27,195.0,mm,DD,195
2026-04-04 00:57:27,2026-04-04 00:57:27,195.0,mm,DD,195
2026-04-04 00:57:27,2026-04-04 00:57:27,195.0,mm,DD,195
2026-04-04 00:57:27,2026-04-04 00:57:27,195.0,mm,A,195
2026-04-03 23:12:49,2026-04-03 23:12:50,0.0,mm,DD,0
2026-04-03 23:12:49,2026-04-03 23:12:50,0.0,mm,DD,0
2026-04-03 23:12:49,2026-04-03 23:12:50,0.0,mm,DD,0
2026-04-03 23:12:49,2026-04-03 23:12:50,0.0,mm,DD,0
2026-04-03 23:12:49,2026-04-03 23:12:50,0.0,mm,DD,0
2026-04-03 23:12:49,2026-04-03 23:12:50,0.0,mm,ND,0
2026-04-03 21:57:33,2026-04-03 21:57:33,195.0,mm,DD,195
2026-04-03 21:57:27,2026-04-03 21:57:27,195.0,mm,DD,195
2026-04-03 21:57:27,2026-04-03 21:57:27,195.0,mm,DD,195
2026-04-03 21:57:26,2026-04-03 21:57:26,195.0,mm,DD,195
2026-04-03 21:57:26,2026-04-03 21:57:26,195.0,mm,A,195
2026-04-03 18:57:31,2026-04-03 18:57:31,195.0,mm,DD,195
2026-04-03 18:57:26,2026-04-03 18:57:26,195.0,mm,DD,195
2026-04-03 18:57:26,2026-04-03 18:57:26,195.0,mm,DD,195
2026-04-03 18:57:26,2026-04-03 18:57:26,195.0,mm,DD,195
2026-04-03 18:57:25,2026-04-03 18:57:26,195.0,mm,DD,195
2026-04-03 18:57:25,2026-04-03 18:57:26,195.0,mm,A,195
2026-04-03 15:57:25,2026-04-03 15:57:26,195.0,mm,DD,195
2026-04-03 15:57:25,2026-04-03 15:57:26,195.0,mm,DD,195
2026-04-03 15:57:25,2026-04-03 15:57:26,195.0,mm,DD,195
2026-04-03 15:57:25,2026-04-03 15:57:26,195.0,mm,DD,195
2026-04-03 15:57:25,2026-04-03 15:57:26,195.0,mm,A,195
2026-04-03 12:57:24,2026-04-03 12:57:24,195.0,mm,DD,195
2026-04-03 12:57:24,2026-04-03 12:57:24,195.0,mm,DD,195
2026-04-03 12:57:24,2026-04-03 12:57:24,195.0,mm,DD,195
2026-04-03 12:57:24,2026-04-03 12:57:24,195.0,mm,A,195
2026-04-03 09:57:23,2026-04-03 09:57:23,195.0,mm,DD,195
2026-04-03 09:57:23,2026-04-03 09:57:23,195.0,mm,DD,195
2026-04-03 09:57:23,2026-04-03 09:57:23,195.0,mm,DD,195
2026-04-03 09:57:23,2026-04-03 09:57:23,195.0,mm,A,195
2026-04-03 06:57:22,2026-04-03 06:57:22,195.0,mm,DD,195
2026-04-03 06:57:22,2026-04-03 06:57:22,195.0,mm,DD,195
2026-04-03 06:57:22,2026-04-03 06:57:22,195.0,mm,DD,195
2026-04-03 06:57:22,2026-04-03 06:57:22,195.0,mm,DD,195
2026-04-03 06:57:22,2026-04-03 06:57:22,195.0,mm,A,195
2026-04-03 03:57:21,2026-04-03 03:57:22,195.0,mm,DD,195
2026-04-03 03:57:21,2026-04-03 03:57:22,195.0,mm,DD,195
2026-04-03 03:57:21,2026-04-03 03:57:22,195.0,mm,DD,195
2026-04-03 03:57:21,2026-04-03 03:57:22,195.0,mm,DD,195
2026-04-03 03:57:21,2026-04-03 03:57:22,195.0,mm,A,195
2026-04-03 01:31:30,2026-04-03 01:31:30,129.0,mm,DD,129
2026-04-03 01:31:28,2026-04-03 01:31:29,129.0,mm,DD,129
2026-04-03 01:31:28,2026-04-03 01:31:29,129.0,mm,DD,129
2026-04-03 01:31:28,2026-04-03 01:31:29,129.0,mm,DD,129
2026-04-03 01:31:28,2026-04-03 01:31:29,129.0,mm,ND,129
2026-04-03 00:57:21,2026-04-03 00:57:21,195.0,mm,DD,195
2026-04-03 00:57:21,2026-04-03 00:57:21,195.0,mm,DD,195
2026-04-03 00:57:21,2026-04-03 00:57:21,195.0,mm,DD,195
2026-04-03 00:57:21,2026-04-03 00:57:21,195.0,mm,A,195
2026-04-02 21:57:20,2026-04-02 21:57:20,195.0,mm,DD,195
2026-04-02 21:57:20,2026-04-02 21:57:20,195.0,mm,DD,195
2026-04-02 21:57:20,2026-04-02 21:57:20,195.0,mm,DD,195
2026-04-02 21:57:20,2026-04-02 21:57:20,195.0,mm,DD,195
2026-04-02 21:57:20,2026-04-02 21:57:20,195.0,mm,A,195
2026-04-02 18:57:19,2026-04-02 18:57:19,195.0,mm,DD,195
2026-04-02 18:57:19,2026-04-02 18:57:19,195.0,mm,DD,195
2026-04-02 18:57:19,2026-04-02 18:57:19,195.0,mm,DD,195
2026-04-02 18:57:19,2026-04-02 18:57:19,195.0,mm,A,195
2026-04-02 15:57:18,2026-04-02 15:57:19,195.0,mm,DD,195
2026-04-02 15:57:18,2026-04-02 15:57:19,195.0,mm,DD,195
2026-04-02 15:57:18,2026-04-02 15:57:19,195.0,mm,DD,195
2026-04-02 15:57:18,2026-04-02 15:57:19,195.0,mm,A,195
2026-04-02 13:31:26,2026-04-02 13:31:26,137.0,mm,DD,137
2026-04-02 13:31:25,2026-04-02 13:31:25,137.0,mm,DD,137
2026-04-02 13:31:24,2026-04-02 13:31:25,137.0,mm,DD,137
2026-04-02 13:31:24,2026-04-02 13:31:25,137.0,mm,DD,137
2026-04-02 13:31:24,2026-04-02 13:31:25,137.0,mm,DD,137
2026-04-02 13:31:24,2026-04-02 13:31:25,137.0,mm,ND,137
2026-04-02 12:57:18,2026-04-02 12:57:18,707.0,mm,DD,707
2026-04-02 12:57:18,2026-04-02 12:57:18,707.0,mm,PD,707
2026-04-02 12:57:17,2026-04-02 12:57:18,195.0,mm,DD,195
2026-04-02 12:57:17,2026-04-02 12:57:18,195.0,mm,DD,195
2026-04-02 12:57:17,2026-04-02 12:57:18,195.0,mm,AS,195
2026-04-02 09:57:17,2026-04-02 09:57:17,195.0,mm,DD,195
2026-04-02 09:57:17,2026-04-02 09:57:17,195.0,mm,DD,195
2026-04-02 09:57:17,2026-04-02 09:57:17,195.0,mm,DD,195
2026-04-02 09:57:17,2026-04-02 09:57:17,195.0,mm,DD,195
2026-04-02 09:57:17,2026-04-02 09:57:17,195.0,mm,A,195
2026-04-02 06:57:23,2026-04-02 06:57:23,195.0,mm,DD,195
2026-04-02 06:57:23,2026-04-02 06:57:23,195.0,mm,DD,195
2026-04-02 06:57:23,2026-04-02 06:57:23,195.0,mm,A,195
2026-04-02 06:57:21,2026-04-02 06:57:21,707.0,mm,DD,707
2026-04-02 06:57:21,2026-04-02 06:57:21,707.0,mm,DD,707
2026-04-02 06:57:21,2026-04-02 06:57:21,707.0,mm,DD,707
2026-04-02 06:57:21,2026-04-02 06:57:21,707.0,mm,DD,707
2026-04-02 06:57:21,2026-04-02 06:57:21,707.0,mm,PD,707
2026-04-02 06:57:17,2026-04-02 06:57:17,195.0,mm,DD,195
2026-04-02 06:57:17,2026-04-02 06:57:17,195.0,mm,DD,195
2026-04-02 06:57:16,2026-04-02 06:57:16,195.0,mm,A,195
2026-04-02 03:57:21,2026-04-02 03:57:21,195.0,mm,DD,195
2026-04-02 03:57:15,2026-04-02 03:57:15,195.0,mm,DD,195
2026-04-02 03:57:15,2026-04-02 03:57:15,195.0,mm,DD,195
2026-04-02 03:57:15,2026-04-02 03:57:15,195.0,mm,DD,195
2026-04-02 03:57:15,2026-04-02 03:57:15,195.0,mm,DD,195
2026-04-02 03:57:15,2026-04-02 03:57:15,195.0,mm,A,195
2026-04-02 00:57:14,2026-04-02 00:57:15,195.0,mm,DD,195
2026-04-02 00:57:14,2026-04-02 00:57:15,195.0,mm,DD,195
2026-04-02 00:57:14,2026-04-02 00:57:15,195.0,mm,DD,195
2026-04-02 00:57:14,2026-04-02 00:57:15,195.0,mm,DD,195
2026-04-02 00:57:14,2026-04-02 00:57:15,195.0,mm,A,195
2026-04-01 21:57:14,2026-04-01 21:57:14,195.0,mm,DD,195
2026-04-01 21:57:14,2026-04-01 21:57:14,195.0,mm,DD,195
2026-04-01 21:57:14,2026-04-01 21:57:14,195.0,mm,DD,195
2026-04-01 21:57:14,2026-04-01 21:57:14,195.0,mm,A,195
2026-04-01 18:57:13,2026-04-01 18:57:13,195.0,mm,DD,195
2026-04-01 18:57:13,2026-04-01 18:57:13,195.0,mm,DD,195
2026-04-01 18:57:13,2026-04-01 18:57:13,195.0,mm,DD,195
2026-04-01 18:57:13,2026-04-01 18:57:13,195.0,mm,A,195
2026-04-01 15:57:12,2026-04-01 15:57:12,195.0,mm,DD,195
2026-04-01 15:57:12,2026-04-01 15:57:12,195.0,mm,DD,195
2026-04-01 15:57:12,2026-04-01 15:57:12,195.0,mm,DD,195
2026-04-01 15:57:12,2026-04-01 15:57:12,195.0,mm,DD,195
2026-04-01 15:57:12,2026-04-01 15:57:12,195.0,mm,DD,195
2026-04-01 15:57:12,2026-04-01 15:57:12,195.0,mm,DD,195
2026-04-01 15:57:12,2026-04-01 15:57:12,195.0,mm,DD,195
2026-04-01 15:57:12,2026-04-01 15:57:12,195.0,mm,A,195
2026-04-01 12:57:11,2026-04-01 12:57:12,195.0,mm,DD,195
2026-04-01 12:57:11,2026-04-01 12:57:12,195.0,mm,DD,195
2026-04-01 12:57:11,2026-04-01 12:57:12,195.0,mm,DD,195
2026-04-01 12:57:11,2026-04-01 12:57:12,195.0,mm,DD,195
2026-04-01 12:57:11,2026-04-01 12:57:12,195.0,mm,DD,195
2026-04-01 12:57:11,2026-04-01 12:57:12,195.0,mm,DD,195
2026-04-01 12:57:11,2026-04-01 12:57:12,195.0,mm,A,195
2026-04-01 09:57:11,2026-04-01 09:57:11,194.0,mm,DD,194
2026-04-01 09:57:11,2026-04-01 09:57:11,194.0,mm,DD,194
2026-04-01 09:57:11,2026-04-01 09:57:11,194.0,mm,DD,194
2026-04-01 09:57:11,2026-04-01 09:57:11,194.0,mm,A,194
2026-04-01 09:57:10,2026-04-01 09:57:11,194.0,mm,DD,194
2026-04-01 09:57:10,2026-04-01 09:57:11,194.0,mm,DD,194
2026-04-01 06:57:10,2026-04-01 06:57:10,194.0,mm,DD,194
2026-04-01 06:57:10,2026-04-01 06:57:10,194.0,mm,DD,194
2026-04-01 06:57:10,2026-04-01 06:57:10,194.0,mm,DD,194
2026-04-01 06:57:10,2026-04-01 06:57:10,194.0,mm,DD,194
2026-04-01 06:57:10,2026-04-01 06:57:10,194.0,mm,DD,194
2026-04-01 06:57:10,2026-04-01 06:57:10,194.0,mm,DD,194
2026-04-01 06:57:10,2026-04-01 06:57:10,194.0,mm,DD,194
2026-04-01 06:57:10,2026-04-01 06:57:10,194.0,mm,A,194
2026-04-01 03:57:09,2026-04-01 03:57:09,194.0,mm,DD,194
2026-04-01 03:57:09,2026-04-01 03:57:09,194.0,mm,DD,194
2026-04-01 03:57:09,2026-04-01 03:57:09,194.0,mm,DD,194
2026-04-01 03:57:09,2026-04-01 03:57:09,194.0,mm,DD,194
2026-04-01 03:57:09,2026-04-01 03:57:09,194.0,mm,A,194
2026-04-01 00:57:08,2026-04-01 00:57:09,194.0,mm,DD,194
2026-04-01 00:57:08,2026-04-01 00:57:09,194.0,mm,DD,194
2026-04-01 00:57:08,2026-04-01 00:57:09,194.0,mm,DD,194
2026-04-01 00:57:08,2026-04-01 00:57:09,194.0,mm,A,194
2026-03-31 21:57:08,2026-03-31 21:57:08,194.0,mm,DD,194
2026-03-31 21:57:08,2026-03-31 21:57:08,194.0,mm,DD,194
2026-03-31 21:57:08,2026-03-31 21:57:08,194.0,mm,DD,194
2026-03-31 21:57:08,2026-03-31 21:57:08,194.0,mm,DD,194
2026-03-31 21:57:08,2026-03-31 21:57:08,194.0,mm,DD,194
2026-03-31 21:57:08,2026-03-31 21:57:08,194.0,mm,DD,194
2026-03-31 21:57:08,2026-03-31 21:57:08,194.0,mm,A,194
2026-03-31 20:11:01,2026-03-31 20:11:01,0.0,mm,DD,0
2026-03-31 20:11:01,2026-03-31 20:11:01,0.0,mm,DD,0
2026-03-31 20:11:00,2026-03-31 20:11:00,0.0,mm,DD,0
2026-03-31 20:11:00,2026-03-31 20:11:00,0.0,mm,DD,0
2026-03-31 20:11:00,2026-03-31 20:11:00,0.0,mm,DD,0
2026-03-31 20:11:00,2026-03-31 20:11:00,0.0,mm,ND,0
2026-03-31 18:57:07,2026-03-31 18:57:07,194.0,mm,DD,194
2026-03-31 18:57:07,2026-03-31 18:57:07,194.0,mm,DD,194
2026-03-31 18:57:07,2026-03-31 18:57:07,194.0,mm,DD,194
2026-03-31 18:57:07,2026-03-31 18:57:07,194.0,mm,DD,194
2026-03-31 18:57:07,2026-03-31 18:57:07,194.0,mm,DD,194
2026-03-31 18:57:07,2026-03-31 18:57:07,194.0,mm,DD,194
2026-03-31 18:57:07,2026-03-31 18:57:07,194.0,mm,DD,194
2026-03-31 18:57:07,2026-03-31 18:57:07,194.0,mm,A,194
2026-03-31 15:57:06,2026-03-31 15:57:06,194.0,mm,DD,194
2026-03-31 15:57:06,2026-03-31 15:57:06,194.0,mm,DD,194
2026-03-31 15:57:06,2026-03-31 15:57:06,194.0,mm,DD,194
2026-03-31 15:57:06,2026-03-31 15:57:06,194.0,mm,DD,194
2026-03-31 15:57:06,2026-03-31 15:57:06,194.0,mm,DD,194
2026-03-31 15:57:06,2026-03-31 15:57:06,194.0,mm,DD,194
2026-03-31 15:57:06,2026-03-31 15:57:06,194.0,mm,DD,194
2026-03-31 15:57:06,2026-03-31 15:57:06,194.0,mm,A,194
2026-03-31 12:57:05,2026-03-31 12:57:05,194.0,mm,DD,194
2026-03-31 12:57:05,2026-03-31 12:57:05,194.0,mm,DD,194
2026-03-31 12:57:05,2026-03-31 12:57:05,194.0,mm,DD,194
2026-03-31 12:57:05,2026-03-31 12:57:05,194.0,mm,DD,194
2026-03-31 12:57:05,2026-03-31 12:57:05,194.0,mm,DD,194
2026-03-31 12:57:05,2026-03-31 12:57:05,194.0,mm,A,194
2026-03-31 09:57:04,2026-03-31 09:57:05,194.0,mm,DD,194
2026-03-31 09:57:04,2026-03-31 09:57:05,194.0,mm,DD,194
2026-03-31 09:57:04,2026-03-31 09:57:05,194.0,mm,DD,194
2026-03-31 09:57:04,2026-03-31 09:57:05,194.0,mm,DD,194
2026-03-31 09:57:04,2026-03-31 09:57:05,194.0,mm,DD,194
2026-03-31 09:57:04,2026-03-31 09:57:05,194.0,mm,A,194
2026-03-31 06:57:04,2026-03-31 06:57:04,194.0,mm,DD,194
2026-03-31 06:57:04,2026-03-31 06:57:04,194.0,mm,DD,194
2026-03-31 06:57:04,2026-03-31 06:57:04,194.0,mm,DD,194
2026-03-31 06:57:04,2026-03-31 06:57:04,194.0,mm,DD,194
2026-03-31 06:57:04,2026-03-31 06:57:04,194.0,mm,DD,194
2026-03-31 06:57:04,2026-03-31 06:57:04,194.0,mm,DD,194
2026-03-31 06:57:04,2026-03-31 06:57:04,194.0,mm,DD,194
2026-03-31 06:57:04,2026-03-31 06:57:04,194.0,mm,DD,194
2026-03-31 06:57:04,2026-03-31 06:57:04,194.0,mm,A,194
2026-03-31 03:57:03,2026-03-31 03:57:03,194.0,mm,DD,194
2026-03-31 03:57:03,2026-03-31 03:57:03,194.0,mm,DD,194
2026-03-31 03:57:03,2026-03-31 03:57:03,194.0,mm,DD,194
2026-03-31 03:57:03,2026-03-31 03:57:03,194.0,mm,DD,194
2026-03-31 03:57:03,2026-03-31 03:57:03,194.0,mm,DD,194
2026-03-31 03:57:03,2026-03-31 03:57:03,194.0,mm,DD,194
2026-03-31 03:57:03,2026-03-31 03:57:03,194.0,mm,A,194
2026-03-31 03:05:09,2026-03-31 03:05:09,64.0,mm,ND,64
2026-03-31 00:57:02,2026-03-31 00:57:02,194.0,mm,DD,194
2026-03-31 00:57:02,2026-03-31 00:57:02,194.0,mm,DD,194
2026-03-31 00:57:02,2026-03-31 00:57:02,194.0,mm,DD,194
2026-03-31 00:57:02,2026-03-31 00:57:02,194.0,mm,DD,194
2026-03-31 00:57:02,2026-03-31 00:57:02,194.0,mm,DD,194
2026-03-31 00:57:02,2026-03-31 00:57:02,194.0,mm,DD,194
2026-03-31 00:57:02,2026-03-31 00:57:02,194.0,mm,DD,194
2026-03-31 00:57:02,2026-03-31 00:57:02,194.0,mm,DD,194
2026-03-31 00:57:02,2026-03-31 00:57:02,194.0,mm,A,194
2026-03-30 21:57:01,2026-03-30 21:57:02,194.0,mm,DD,194
2026-03-30 21:57:01,2026-03-30 21:57:02,194.0,mm,DD,194
2026-03-30 21:57:01,2026-03-30 21:57:02,194.0,mm,DD,194
2026-03-30 21:57:01,2026-03-30 21:57:02,194.0,mm,DD,194
2026-03-30 21:57:01,2026-03-30 21:57:02,194.0,mm,DD,194
2026-03-30 21:57:01,2026-03-30 21:57:02,194.0,mm,DD,194
2026-03-30 21:57:01,2026-03-30 21:57:02,194.0,mm,DD,194
2026-03-30 21:57:01,2026-03-30 21:57:02,194.0,mm,A,194
2026-03-30 18:57:01,2026-03-30 18:57:01,194.0,mm,DD,194
2026-03-30 18:57:01,2026-03-30 18:57:01,194.0,mm,DD,194
2026-03-30 18:57:01,2026-03-30 18:57:01,194.0,mm,DD,194
2026-03-30 18:57:01,2026-03-30 18:57:01,194.0,mm,DD,194
2026-03-30 18:57:01,2026-03-30 18:57:01,194.0,mm,DD,194
2026-03-30 18:57:01,2026-03-30 18:57:01,194.0,mm,A,194
2026-03-30 18:21:10,2026-03-30 18:21:11,2,018.0,mm,DD,2018
2026-03-30 18:21:10,2026-03-30 18:21:11,2,018.0,mm,DD,2018
2026-03-30 18:21:10,2026-03-30 18:21:11,2,018.0,mm,DD,2018
2026-03-30 18:21:10,2026-03-30 18:21:11,2,018.0,mm,DD,2018
2026-03-30 18:21:10,2026-03-30 18:21:11,2,018.0,mm,DD,2018
2026-03-30 18:21:10,2026-03-30 18:21:11,2,018.0,mm,DD,2018
2026-03-30 18:21:10,2026-03-30 18:21:11,2,018.0,mm,PD,2018
2026-03-30 17:12:45,2026-03-30 17:12:45,0.0,mm,DD,0
2026-03-30 17:12:44,2026-03-30 17:12:44,0.0,mm,DD,0
2026-03-30 17:12:44,2026-03-30 17:12:44,0.0,mm,DD,0
2026-03-30 17:12:44,2026-03-30 17:12:44,0.0,mm,DD,0
2026-03-30 17:12:44,2026-03-30 17:12:44,0.0,mm,DD,0
2026-03-30 17:12:44,2026-03-30 17:12:44,0.0,mm,DD,0
2026-03-30 17:12:44,2026-03-30 17:12:44,0.0,mm,ND,0
2026-03-30 15:57:00,2026-03-30 15:57:00,194.0,mm,DD,194
2026-03-30 15:57:00,2026-03-30 15:57:00,194.0,mm,DD,194
2026-03-30 15:57:00,2026-03-30 15:57:00,194.0,mm,DD,194
2026-03-30 15:57:00,2026-03-30 15:57:00,194.0,mm,A,194
2026-03-30 12:56:59,2026-03-30 12:56:59,194.0,mm,DD,194
2026-03-30 12:56:59,2026-03-30 12:56:59,194.0,mm,DD,194
2026-03-30 12:56:59,2026-03-30 12:56:59,194.0,mm,DD,194
2026-03-30 12:56:59,2026-03-30 12:56:59,194.0,mm,A,194
2026-03-30 09:56:58,2026-03-30 09:56:58,194.0,mm,DD,194
2026-03-30 09:56:58,2026-03-30 09:56:58,194.0,mm,DD,194
2026-03-30 09:56:58,2026-03-30 09:56:58,194.0,mm,DD,194
2026-03-30 09:56:58,2026-03-30 09:56:58,194.0,mm,A,194
2026-03-30 06:57:03,2026-03-30 06:57:03,194.0,mm,DD,194
2026-03-30 06:57:03,2026-03-30 06:57:03,194.0,mm,DD,194
2026-03-30 06:56:57,2026-03-30 06:56:58,194.0,mm,DD,194
2026-03-30 06:56:57,2026-03-30 06:56:58,194.0,mm,DD,194
2026-03-30 06:56:57,2026-03-30 06:56:58,194.0,mm,DD,194
2026-03-30 06:56:57,2026-03-30 06:56:58,194.0,mm,DD,194
2026-03-30 06:56:57,2026-03-30 06:56:58,194.0,mm,A,194
2026-03-30 03:56:57,2026-03-30 03:56:57,194.0,mm,DD,194
2026-03-30 03:56:57,2026-03-30 03:56:57,194.0,mm,DD,194
2026-03-30 03:56:57,2026-03-30 03:56:57,194.0,mm,DD,194
2026-03-30 03:56:57,2026-03-30 03:56:57,194.0,mm,DD,194
2026-03-30 03:56:57,2026-03-30 03:56:57,194.0,mm,A,194
2026-03-30 00:56:56,2026-03-30 00:56:56,194.0,mm,DD,194
2026-03-30 00:56:56,2026-03-30 00:56:56,194.0,mm,DD,194
2026-03-30 00:56:56,2026-03-30 00:56:56,194.0,mm,DD,194
2026-03-30 00:56:56,2026-03-30 00:56:56,194.0,mm,A,194
2026-03-29 21:57:01,2026-03-29 21:57:01,194.0,mm,DD,194
2026-03-29 21:57:00,2026-03-29 21:57:00,194.0,mm,DD,194
2026-03-29 21:56:55,2026-03-29 21:56:55,194.0,mm,DD,194
2026-03-29 21:56:55,2026-03-29 21:56:55,194.0,mm,DD,194
2026-03-29 21:56:55,2026-03-29 21:56:55,194.0,mm,DD,194
2026-03-29 21:56:55,2026-03-29 21:56:55,194.0,mm,A,194
2026-03-29 18:56:54,2026-03-29 18:56:55,194.0,mm,DD,194
2026-03-29 18:56:54,2026-03-29 18:56:55,194.0,mm,DD,194
2026-03-29 18:56:54,2026-03-29 18:56:55,194.0,mm,DD,194
2026-03-29 18:56:54,2026-03-29 18:56:55,194.0,mm,DD,194
2026-03-29 18:56:54,2026-03-29 18:56:55,194.0,mm,A,194
2026-03-29 15:56:54,2026-03-29 15:56:54,194.0,mm,DD,194
2026-03-29 15:56:54,2026-03-29 15:56:54,194.0,mm,DD,194
2026-03-29 15:56:54,2026-03-29 15:56:54,194.0,mm,DD,194
2026-03-29 15:56:54,2026-03-29 15:56:54,194.0,mm,A,194
2026-03-29 15:56:53,2026-03-29 15:56:54,194.0,mm,DD,194
2026-03-29 15:21:15,2026-03-29 15:21:15,2,018.0,mm,DD,2018
2026-03-29 15:21:15,2026-03-29 15:21:15,2,018.0,mm,DD,2018
2026-03-29 15:21:14,2026-03-29 15:21:14,2,018.0,mm,DD,2018
2026-03-29 15:21:14,2026-03-29 15:21:14,2,018.0,mm,DD,2018
2026-03-29 15:21:14,2026-03-29 15:21:14,2,018.0,mm,DD,2018
2026-03-29 15:21:14,2026-03-29 15:21:14,2,018.0,mm,PD,2018
2026-03-29 14:14:21,2026-03-29 14:14:21,0.0,mm,DD,0
2026-03-29 14:14:21,2026-03-29 14:14:21,0.0,mm,DD,0
2026-03-29 14:14:21,2026-03-29 14:14:21,0.0,mm,DD,0
2026-03-29 14:14:21,2026-03-29 14:14:21,0.0,mm,DD,0
2026-03-29 14:14:21,2026-03-29 14:14:21,0.0,mm,DD,0
2026-03-29 14:14:20,2026-03-29 14:14:21,0.0,mm,DD,0
2026-03-29 14:14:20,2026-03-29 14:14:21,0.0,mm,ND,0
2026-03-29 12:56:53,2026-03-29 12:56:53,194.0,mm,DD,194
2026-03-29 12:56:53,2026-03-29 12:56:53,194.0,mm,DD,194
2026-03-29 12:56:53,2026-03-29 12:56:53,194.0,mm,DD,194
2026-03-29 12:56:53,2026-03-29 12:56:53,194.0,mm,A,194
2026-03-29 09:56:52,2026-03-29 09:56:52,194.0,mm,DD,194
2026-03-29 09:56:52,2026-03-29 09:56:52,194.0,mm,DD,194
2026-03-29 09:56:52,2026-03-29 09:56:52,194.0,mm,DD,194
2026-03-29 09:56:52,2026-03-29 09:56:52,194.0,mm,DD,194
2026-03-29 09:56:52,2026-03-29 09:56:52,194.0,mm,A,194
2026-03-29 06:56:57,2026-03-29 06:56:57,194.0,mm,DD,194
2026-03-29 06:56:56,2026-03-29 06:56:56,194.0,mm,DD,194
2026-03-29 06:56:51,2026-03-29 06:56:51,194.0,mm,DD,194
2026-03-29 06:56:51,2026-03-29 06:56:51,194.0,mm,DD,194
2026-03-29 06:56:51,2026-03-29 06:56:51,194.0,mm,DD,194
2026-03-29 06:56:51,2026-03-29 06:56:51,194.0,mm,A,194
2026-03-29 05:11:10,2026-03-29 05:11:11,0.0,mm,DD,0
2026-03-29 05:11:10,2026-03-29 05:11:11,0.0,mm,DD,0
2026-03-29 05:11:09,2026-03-29 05:11:10,0.0,mm,DD,0
2026-03-29 05:11:09,2026-03-29 05:11:10,0.0,mm,DD,0
2026-03-29 05:11:09,2026-03-29 05:11:10,0.0,mm,DD,0
2026-03-29 05:11:09,2026-03-29 05:11:10,0.0,mm,DD,0
2026-03-29 05:11:09,2026-03-29 05:11:10,0.0,mm,ND,0
2026-03-29 03:56:57,2026-03-29 03:56:57,194.0,mm,DD,194
2026-03-29 03:56:57,2026-03-29 03:56:57,194.0,mm,DD,194
2026-03-29 03:56:51,2026-03-29 03:56:51,194.0,mm,DD,194
2026-03-29 03:56:51,2026-03-29 03:56:51,194.0,mm,DD,194
2026-03-29 03:56:51,2026-03-29 03:56:51,194.0,mm,DD,194
2026-03-29 03:56:51,2026-03-29 03:56:51,194.0,mm,DD,194
2026-03-29 03:56:51,2026-03-29 03:56:51,194.0,mm,A,194
2026-03-29 03:21:16,2026-03-29 03:21:16,2,018.0,mm,DD,2018
2026-03-29 03:21:16,2026-03-29 03:21:16,2,018.0,mm,DD,2018
2026-03-29 03:21:15,2026-03-29 03:21:16,2,018.0,mm,DD,2018
2026-03-29 03:21:15,2026-03-29 03:21:16,2,018.0,mm,DD,2018
2026-03-29 03:21:15,2026-03-29 03:21:16,2,018.0,mm,DD,2018
2026-03-29 03:21:15,2026-03-29 03:21:16,2,018.0,mm,PD,2018
2026-03-29 00:56:50,2026-03-29 00:56:50,194.0,mm,DD,194
2026-03-29 00:56:50,2026-03-29 00:56:50,194.0,mm,DD,194
2026-03-29 00:56:50,2026-03-29 00:56:50,194.0,mm,DD,194
2026-03-29 00:56:50,2026-03-29 00:56:50,194.0,mm,A,194
2026-03-28 21:56:49,2026-03-28 21:56:49,194.0,mm,DD,194
2026-03-28 21:56:49,2026-03-28 21:56:49,194.0,mm,DD,194
2026-03-28 21:56:49,2026-03-28 21:56:49,194.0,mm,DD,194
2026-03-28 21:56:49,2026-03-28 21:56:49,194.0,mm,A,194
2026-03-28 18:56:48,2026-03-28 18:56:48,194.0,mm,DD,194
2026-03-28 18:56:48,2026-03-28 18:56:48,194.0,mm,DD,194
2026-03-28 18:56:48,2026-03-28 18:56:48,194.0,mm,DD,194
2026-03-28 18:56:48,2026-03-28 18:56:48,194.0,mm,A,194
2026-03-28 16:03:59,2026-03-28 16:03:59,133.0,mm,DD,133
2026-03-28 16:03:59,2026-03-28 16:03:59,133.0,mm,DD,133
2026-03-28 16:03:59,2026-03-28 16:03:59,133.0,mm,DD,133
2026-03-28 16:03:59,2026-03-28 16:03:59,133.0,mm,DD,133
2026-03-28 16:03:59,2026-03-28 16:03:59,133.0,mm,DD,133
2026-03-28 16:03:59,2026-03-28 16:03:59,133.0,mm,ND,133
2026-03-28 15:56:47,2026-03-28 15:56:47,194.0,mm,DD,194
2026-03-28 15:56:47,2026-03-28 15:56:47,194.0,mm,DD,194
2026-03-28 15:56:47,2026-03-28 15:56:47,194.0,mm,A,194
2026-03-28 12:56:46,2026-03-28 12:56:47,194.0,mm,DD,194
2026-03-28 12:56:46,2026-03-28 12:56:47,194.0,mm,DD,194
2026-03-28 12:56:46,2026-03-28 12:56:47,194.0,mm,DD,194
2026-03-28 12:56:46,2026-03-28 12:56:47,194.0,mm,DD,194
2026-03-28 12:56:46,2026-03-28 12:56:47,194.0,mm,A,194
2026-03-28 09:56:46,2026-03-28 09:56:46,194.0,mm,DD,194
2026-03-28 09:56:46,2026-03-28 09:56:46,194.0,mm,DD,194
2026-03-28 09:56:46,2026-03-28 09:56:46,194.0,mm,DD,194
2026-03-28 09:56:46,2026-03-28 09:56:46,194.0,mm,DD,194
2026-03-28 09:56:46,2026-03-28 09:56:46,194.0,mm,A,194
2026-03-28 06:56:45,2026-03-28 06:56:45,194.0,mm,DD,194
2026-03-28 06:56:45,2026-03-28 06:56:45,194.0,mm,DD,194
2026-03-28 06:56:45,2026-03-28 06:56:45,194.0,mm,DD,194
2026-03-28 06:56:45,2026-03-28 06:56:45,194.0,mm,DD,194
2026-03-28 06:56:45,2026-03-28 06:56:45,194.0,mm,A,194
2026-03-28 03:56:44,2026-03-28 03:56:44,194.0,mm,DD,194
2026-03-28 03:56:44,2026-03-28 03:56:44,194.0,mm,DD,194
2026-03-28 03:56:44,2026-03-28 03:56:44,194.0,mm,DD,194
2026-03-28 03:56:44,2026-03-28 03:56:44,194.0,mm,DD,194
2026-03-28 03:56:44,2026-03-28 03:56:44,194.0,mm,A,194
2026-03-28 01:30:42,2026-03-28 01:30:42,129.0,mm,DD,129
2026-03-28 01:30:42,2026-03-28 01:30:42,129.0,mm,DD,129
2026-03-28 01:30:42,2026-03-28 01:30:42,129.0,mm,DD,129
2026-03-28 01:30:42,2026-03-28 01:30:42,129.0,mm,DD,129
2026-03-28 01:30:41,2026-03-28 01:30:41,129.0,mm,DD,129
2026-03-28 01:30:41,2026-03-28 01:30:41,129.0,mm,ND,129
2026-03-28 00:56:43,2026-03-28 00:56:43,194.0,mm,DD,194
2026-03-28 00:56:43,2026-03-28 00:56:43,194.0,mm,DD,194
2026-03-28 00:56:43,2026-03-28 00:56:43,194.0,mm,A,194
2026-03-27 21:56:42,2026-03-27 21:56:42,194.0,mm,DD,194
2026-03-27 21:56:42,2026-03-27 21:56:42,194.0,mm,DD,194
2026-03-27 21:56:42,2026-03-27 21:56:42,194.0,mm,DD,194
2026-03-27 21:56:42,2026-03-27 21:56:42,194.0,mm,A,194
2026-03-27 18:56:42,2026-03-27 18:56:42,194.0,mm,DD,194
2026-03-27 18:56:42,2026-03-27 18:56:42,194.0,mm,DD,194
2026-03-27 18:56:41,2026-03-27 18:56:42,194.0,mm,DD,194
2026-03-27 18:56:41,2026-03-27 18:56:42,194.0,mm,DD,194
2026-03-27 18:56:41,2026-03-27 18:56:42,194.0,mm,A,194
2026-03-27 15:56:41,2026-03-27 15:56:41,194.0,mm,DD,194
2026-03-27 15:56:41,2026-03-27 15:56:41,194.0,mm,DD,194
2026-03-27 15:56:41,2026-03-27 15:56:41,194.0,mm,DD,194
2026-03-27 15:56:41,2026-03-27 15:56:41,194.0,mm,A,194
2026-03-27 12:56:40,2026-03-27 12:56:40,194.0,mm,DD,194
2026-03-27 12:56:40,2026-03-27 12:56:40,194.0,mm,DD,194
2026-03-27 12:56:40,2026-03-27 12:56:40,194.0,mm,A,194
2026-03-27 10:30:37,2026-03-27 10:30:37,141.0,mm,DD,141
2026-03-27 10:30:37,2026-03-27 10:30:37,141.0,mm,DD,141
2026-03-27 10:30:37,2026-03-27 10:30:37,141.0,mm,DD,141
2026-03-27 10:30:36,2026-03-27 10:30:36,141.0,mm,DD,141
2026-03-27 10:30:36,2026-03-27 10:30:36,141.0,mm,ND,141
2026-03-27 09:56:45,2026-03-27 09:56:45,194.0,mm,DD,194
2026-03-27 09:56:45,2026-03-27 09:56:45,194.0,mm,DD,194
2026-03-27 09:56:39,2026-03-27 09:56:39,194.0,mm,DD,194
2026-03-27 09:56:39,2026-03-27 09:56:39,194.0,mm,DD,194
2026-03-27 09:56:39,2026-03-27 09:56:39,194.0,mm,DD,194
2026-03-27 09:56:39,2026-03-27 09:56:39,194.0,mm,DD,194
2026-03-27 09:56:39,2026-03-27 09:56:39,194.0,mm,A,194
2026-03-27 06:56:44,2026-03-27 06:56:44,706.0,mm,PD,706
2026-03-27 06:56:39,2026-03-27 06:56:39,194.0,mm,DD,194
2026-03-27 06:56:39,2026-03-27 06:56:39,194.0,mm,DD,194
2026-03-27 06:56:39,2026-03-27 06:56:39,194.0,mm,DD,194
2026-03-27 06:56:39,2026-03-27 06:56:39,194.0,mm,A,194
2026-03-27 00:56:37,2026-03-27 00:56:38,194.0,mm,DD,194
2026-03-27 00:56:37,2026-03-27 00:56:38,194.0,mm,DD,194
2026-03-27 00:56:37,2026-03-27 00:56:38,194.0,mm,DD,194
2026-03-27 00:56:37,2026-03-27 00:56:38,194.0,mm,A,194
2026-03-26 21:56:42,2026-03-26 21:56:42,194.0,mm,DD,194
2026-03-26 21:56:42,2026-03-26 21:56:42,194.0,mm,DD,194
2026-03-26 21:56:36,2026-03-26 21:56:36,194.0,mm,DD,194
2026-03-26 21:56:36,2026-03-26 21:56:36,194.0,mm,DD,194
2026-03-26 21:56:36,2026-03-26 21:56:36,194.0,mm,DD,194
2026-03-26 21:56:36,2026-03-26 21:56:36,194.0,mm,DD,194
2026-03-26 21:56:36,2026-03-26 21:56:36,194.0,mm,A,194
2026-03-26 19:30:33,2026-03-26 19:30:33,130.0,mm,DD,130
2026-03-26 19:30:32,2026-03-26 19:30:32,130.0,mm,DD,130
2026-03-26 19:30:32,2026-03-26 19:30:32,130.0,mm,DD,130
2026-03-26 19:30:31,2026-03-26 19:30:31,130.0,mm,DD,130
2026-03-26 19:30:31,2026-03-26 19:30:31,130.0,mm,DD,130
2026-03-26 19:30:31,2026-03-26 19:30:31,130.0,mm,DD,130
2026-03-26 19:30:31,2026-03-26 19:30:31,130.0,mm,ND,130
2026-03-26 18:56:35,2026-03-26 18:56:36,194.0,mm,DD,194
2026-03-26 18:56:35,2026-03-26 18:56:36,194.0,mm,DD,194
2026-03-26 18:56:35,2026-03-26 18:56:36,194.0,mm,DD,194
2026-03-26 18:56:35,2026-03-26 18:56:36,194.0,mm,A,194
2026-03-26 15:56:35,2026-03-26 15:56:35,194.0,mm,DD,194
2026-03-26 15:56:35,2026-03-26 15:56:35,194.0,mm,DD,194
2026-03-26 15:56:35,2026-03-26 15:56:35,194.0,mm,DD,194
2026-03-26 15:56:35,2026-03-26 15:56:35,194.0,mm,A,194
2026-03-26 13:30:30,2026-03-26 13:30:30,135.0,mm,DD,135
2026-03-26 13:30:30,2026-03-26 13:30:30,135.0,mm,ND,135
2026-03-26 12:56:34,2026-03-26 12:56:34,194.0,mm,DD,194
2026-03-26 12:56:34,2026-03-26 12:56:34,194.0,mm,DD,194
2026-03-26 12:56:34,2026-03-26 12:56:34,194.0,mm,A,194
2026-03-26 11:14:29,2026-03-26 11:14:29,0.0,mm,DD,0
2026-03-26 11:14:29,2026-03-26 11:14:29,0.0,mm,DD,0
2026-03-26 11:14:28,2026-03-26 11:14:29,0.0,mm,DD,0
2026-03-26 11:14:28,2026-03-26 11:14:29,0.0,mm,DD,0
2026-03-26 11:14:28,2026-03-26 11:14:29,0.0,mm,DD,0
2026-03-26 11:14:28,2026-03-26 11:14:29,0.0,mm,ND,0
2026-03-26 10:30:29,2026-03-26 10:30:30,139.0,mm,DD,139
2026-03-26 10:30:29,2026-03-26 10:30:30,139.0,mm,DD,139
2026-03-26 10:30:29,2026-03-26 10:30:30,139.0,mm,DD,139
2026-03-26 10:30:28,2026-03-26 10:30:28,139.0,mm,DD,139
2026-03-26 10:30:28,2026-03-26 10:30:28,139.0,mm,DD,139
2026-03-26 10:30:28,2026-03-26 10:30:28,139.0,mm,DD,139
2026-03-26 10:30:28,2026-03-26 10:30:28,139.0,mm,ND,139
2026-03-26 09:56:33,2026-03-26 09:56:33,194.0,mm,DD,194
2026-03-26 09:56:33,2026-03-26 09:56:33,194.0,mm,DD,194
2026-03-26 09:56:33,2026-03-26 09:56:33,194.0,mm,DD,194
2026-03-26 09:56:33,2026-03-26 09:56:33,194.0,mm,DD,194
2026-03-26 09:56:33,2026-03-26 09:56:33,194.0,mm,A,194
2026-03-26 06:56:39,2026-03-26 06:56:39,194.0,mm,DD,194
2026-03-26 06:56:38,2026-03-26 06:56:38,194.0,mm,DD,194
2026-03-26 06:56:32,2026-03-26 06:56:33,194.0,mm,DD,194
2026-03-26 06:56:32,2026-03-26 06:56:33,194.0,mm,DD,194
2026-03-26 06:56:32,2026-03-26 06:56:33,194.0,mm,DD,194
2026-03-26 06:56:32,2026-03-26 06:56:33,194.0,mm,DD,194
2026-03-26 06:56:32,2026-03-26 06:56:33,194.0,mm,DD,194
2026-03-26 06:56:32,2026-03-26 06:56:33,194.0,mm,A,194
2026-03-26 03:56:32,2026-03-26 03:56:32,194.0,mm,DD,194
2026-03-26 03:56:32,2026-03-26 03:56:32,194.0,mm,DD,194
2026-03-26 03:56:32,2026-03-26 03:56:32,194.0,mm,A,194
2026-03-26 03:21:22,2026-03-26 03:21:22,2,018.0,mm,PD,2018
2026-03-26 00:56:32,2026-03-26 00:56:32,194.0,mm,DD,194
2026-03-26 00:56:32,2026-03-26 00:56:32,194.0,mm,DD,194
2026-03-26 00:56:31,2026-03-26 00:56:31,194.0,mm,DD,194
2026-03-26 00:56:31,2026-03-26 00:56:31,194.0,mm,DD,194
2026-03-26 00:56:31,2026-03-26 00:56:31,194.0,mm,A,194
2026-03-25 21:56:36,2026-03-25 21:56:36,194.0,mm,DD,194
2026-03-25 21:56:36,2026-03-25 21:56:36,194.0,mm,DD,194
2026-03-25 21:56:31,2026-03-25 21:56:32,194.0,mm,DD,194
2026-03-25 21:56:31,2026-03-25 21:56:32,194.0,mm,DD,194
2026-03-25 21:56:30,2026-03-25 21:56:30,194.0,mm,DD,194
2026-03-25 21:56:30,2026-03-25 21:56:30,194.0,mm,DD,194
2026-03-25 21:56:30,2026-03-25 21:56:30,194.0,mm,A,194
2026-03-25 18:56:29,2026-03-25 18:56:29,194.0,mm,DD,194
2026-03-25 18:56:29,2026-03-25 18:56:29,194.0,mm,DD,194
2026-03-25 18:56:29,2026-03-25 18:56:29,194.0,mm,DD,194
2026-03-25 18:56:29,2026-03-25 18:56:29,194.0,mm,DD,194
2026-03-25 18:56:29,2026-03-25 18:56:29,194.0,mm,A,194
2026-03-25 18:21:29,2026-03-25 18:21:30,2,018.0,mm,DD,2018
2026-03-25 18:21:29,2026-03-25 18:21:30,2,018.0,mm,DD,2018
2026-03-25 18:21:29,2026-03-25 18:21:30,2,018.0,mm,DD,2018
2026-03-25 18:21:29,2026-03-25 18:21:30,2,018.0,mm,DD,2018
2026-03-25 18:21:29,2026-03-25 18:21:30,2,018.0,mm,DD,2018
2026-03-25 18:21:29,2026-03-25 18:21:30,2,018.0,mm,PD,2018
2026-03-25 15:56:28,2026-03-25 15:56:28,194.0,mm,DD,194
2026-03-25 15:56:28,2026-03-25 15:56:28,194.0,mm,DD,194
2026-03-25 15:56:28,2026-03-25 15:56:28,194.0,mm,DD,194
2026-03-25 15:56:28,2026-03-25 15:56:28,194.0,mm,A,194
2026-03-25 09:56:32,2026-03-25 09:56:32,194.0,mm,DD,194
2026-03-25 09:56:32,2026-03-25 09:56:32,194.0,mm,DD,194
2026-03-25 09:56:27,2026-03-25 09:56:27,194.0,mm,DD,194
2026-03-25 09:56:27,2026-03-25 09:56:27,194.0,mm,DD,194
2026-03-25 09:56:26,2026-03-25 09:56:27,194.0,mm,DD,194
2026-03-25 09:56:26,2026-03-25 09:56:27,194.0,mm,DD,194
2026-03-25 09:56:26,2026-03-25 09:56:27,194.0,mm,A,194
2026-03-25 06:56:26,2026-03-25 06:56:26,194.0,mm,DD,194
2026-03-25 06:56:26,2026-03-25 06:56:26,194.0,mm,DD,194
2026-03-25 06:56:26,2026-03-25 06:56:26,194.0,mm,DD,194
2026-03-25 06:56:26,2026-03-25 06:56:26,194.0,mm,A,194
2026-03-25 04:30:19,2026-03-25 04:30:19,129.0,mm,DD,129
2026-03-25 04:30:19,2026-03-25 04:30:19,129.0,mm,DD,129
2026-03-25 04:30:18,2026-03-25 04:30:18,129.0,mm,DD,129
2026-03-25 04:30:18,2026-03-25 04:30:18,129.0,mm,DD,129
2026-03-25 04:30:18,2026-03-25 04:30:18,129.0,mm,DD,129
2026-03-25 04:30:18,2026-03-25 04:30:18,129.0,mm,ND,129
2026-03-25 03:56:31,2026-03-25 03:56:31,1,218.0,mm,DD,1218
2026-03-25 03:56:31,2026-03-25 03:56:31,1,218.0,mm,DD,1218
2026-03-25 03:56:30,2026-03-25 03:56:30,1,218.0,mm,DD,1218
2026-03-25 03:56:30,2026-03-25 03:56:30,1,218.0,mm,DD,1218
2026-03-25 03:56:30,2026-03-25 03:56:30,1,218.0,mm,DD,1218
2026-03-25 03:56:30,2026-03-25 03:56:30,1,218.0,mm,DD,1218
2026-03-25 03:56:30,2026-03-25 03:56:30,1,218.0,mm,PD,1218
2026-03-25 03:56:25,2026-03-25 03:56:25,194.0,mm,DD,194
2026-03-25 03:56:25,2026-03-25 03:56:25,194.0,mm,DD,194
2026-03-25 03:56:25,2026-03-25 03:56:25,194.0,mm,DD,194
2026-03-25 03:56:25,2026-03-25 03:56:25,194.0,mm,A,194
2026-03-25 00:56:24,2026-03-25 00:56:24,194.0,mm,DD,194
2026-03-25 00:56:24,2026-03-25 00:56:24,194.0,mm,DD,194
2026-03-25 00:56:24,2026-03-25 00:56:24,194.0,mm,DD,194
2026-03-25 00:56:24,2026-03-25 00:56:24,194.0,mm,DD,194
2026-03-25 00:56:24,2026-03-25 00:56:24,194.0,mm,A,194
2026-03-24 21:56:23,2026-03-24 21:56:24,194.0,mm,DD,194
2026-03-24 21:56:23,2026-03-24 21:56:24,194.0,mm,DD,194
2026-03-24 21:56:23,2026-03-24 21:56:24,194.0,mm,DD,194
2026-03-24 21:56:23,2026-03-24 21:56:24,194.0,mm,A,194
2026-03-24 21:21:33,2026-03-24 21:21:33,2,018.0,mm,DD,2018
2026-03-24 21:21:33,2026-03-24 21:21:33,2,018.0,mm,DD,2018
2026-03-24 21:21:32,2026-03-24 21:21:32,2,018.0,mm,DD,2018
2026-03-24 21:21:32,2026-03-24 21:21:32,2,018.0,mm,DD,2018
2026-03-24 21:21:32,2026-03-24 21:21:32,2,018.0,mm,DD,2018
2026-03-24 21:21:32,2026-03-24 21:21:32,2,018.0,mm,PD,2018
2026-03-24 18:56:23,2026-03-24 18:56:23,194.0,mm,DD,194
2026-03-24 18:56:23,2026-03-24 18:56:23,194.0,mm,DD,194
2026-03-24 18:56:23,2026-03-24 18:56:23,194.0,mm,DD,194
2026-03-24 18:56:23,2026-03-24 18:56:23,194.0,mm,DD,194
2026-03-24 18:56:23,2026-03-24 18:56:23,194.0,mm,A,194
2026-03-24 15:56:22,2026-03-24 15:56:22,194.0,mm,DD,194
2026-03-24 15:56:22,2026-03-24 15:56:22,194.0,mm,DD,194
2026-03-24 15:56:22,2026-03-24 15:56:22,194.0,mm,DD,194
2026-03-24 15:56:22,2026-03-24 15:56:22,194.0,mm,A,194
2026-03-24 12:56:21,2026-03-24 12:56:21,194.0,mm,DD,194
2026-03-24 12:56:21,2026-03-24 12:56:21,194.0,mm,DD,194
2026-03-24 12:56:21,2026-03-24 12:56:21,194.0,mm,DD,194
2026-03-24 12:56:21,2026-03-24 12:56:21,194.0,mm,DD,194
2026-03-24 12:56:21,2026-03-24 12:56:21,194.0,mm,A,194
2026-03-24 11:29:29,2026-03-24 11:29:29,461.0,mm,PD,461
2026-03-24 10:25:35,2026-03-24 10:25:35,0.0,mm,DD,0
2026-03-24 10:25:34,2026-03-24 10:25:34,0.0,mm,DD,0
2026-03-24 10:25:34,2026-03-24 10:25:34,0.0,mm,DD,0
2026-03-24 10:25:34,2026-03-24 10:25:34,0.0,mm,DD,0
2026-03-24 10:25:34,2026-03-24 10:25:34,0.0,mm,ND,0
2026-03-24 09:56:20,2026-03-24 09:56:20,194.0,mm,DD,194
2026-03-24 09:56:20,2026-03-24 09:56:20,194.0,mm,DD,194
2026-03-24 09:56:20,2026-03-24 09:56:20,194.0,mm,DD,194
2026-03-24 09:56:20,2026-03-24 09:56:20,194.0,mm,A,194
2026-03-24 09:53:02,2026-03-24 09:53:02,18.0,mm,DD,18
2026-03-24 09:53:01,2026-03-24 09:53:01,18.0,mm,DD,18
2026-03-24 09:53:00,2026-03-24 09:53:00,18.0,mm,DD,18
2026-03-24 09:53:00,2026-03-24 09:53:00,18.0,mm,DD,18
2026-03-24 09:53:00,2026-03-24 09:53:00,18.0,mm,DD,18
2026-03-24 09:53:00,2026-03-24 09:53:00,18.0,mm,ND,18
2026-03-24 09:48:08,2026-03-24 09:48:08,4.0,mm,DD,4
2026-03-24 09:48:07,2026-03-24 09:48:07,4.0,mm,DD,4
2026-03-24 09:48:07,2026-03-24 09:48:07,4.0,mm,DD,4
2026-03-24 09:48:07,2026-03-24 09:48:07,4.0,mm,DD,4
2026-03-24 09:48:07,2026-03-24 09:48:07,4.0,mm,DD,4
2026-03-24 09:48:07,2026-03-24 09:48:07,4.0,mm,DD,4
2026-03-24 09:48:07,2026-03-24 09:48:07,4.0,mm,DD,4
2026-03-24 09:48:07,2026-03-24 09:48:07,4.0,mm,ND,4
2026-03-24 09:29:04,2026-03-24 09:29:04,0.0,mm,DD,0
2026-03-24 09:29:04,2026-03-24 09:29:04,0.0,mm,DD,0
2026-03-24 09:29:03,2026-03-24 09:29:03,0.0,mm,DD,0
2026-03-24 09:29:03,2026-03-24 09:29:03,0.0,mm,DD,0
2026-03-24 09:29:03,2026-03-24 09:29:03,0.0,mm,DD,0
2026-03-24 09:29:03,2026-03-24 09:29:03,0.0,mm,DD,0
2026-03-24 09:29:03,2026-03-24 09:29:03,0.0,mm,ND,0
2026-03-24 09:25:14,2026-03-24 09:25:14,5.0,mm,DD,5
2026-03-24 09:25:13,2026-03-24 09:25:13,5.0,mm,DD,5
2026-03-24 09:25:13,2026-03-24 09:25:13,5.0,mm,DD,5
2026-03-24 09:25:13,2026-03-24 09:25:13,5.0,mm,DD,5
2026-03-24 09:25:13,2026-03-24 09:25:13,5.0,mm,DD,5
2026-03-24 09:25:13,2026-03-24 09:25:13,5.0,mm,DD,5
2026-03-24 09:25:13,2026-03-24 09:25:13,5.0,mm,DD,5
2026-03-24 09:25:13,2026-03-24 09:25:13,5.0,mm,ND,5
2026-03-24 09:22:12,2026-03-24 09:22:12,0.0,mm,DD,0
2026-03-24 09:22:11,2026-03-24 09:22:11,0.0,mm,DD,0
2026-03-24 09:22:11,2026-03-24 09:22:11,0.0,mm,DD,0
2026-03-24 09:22:11,2026-03-24 09:22:11,0.0,mm,DD,0
2026-03-24 09:22:11,2026-03-24 09:22:11,0.0,mm,DD,0
2026-03-24 09:22:11,2026-03-24 09:22:11,0.0,mm,ND,0
2026-03-24 06:56:19,2026-03-24 06:56:20,194.0,mm,DD,194
2026-03-24 06:56:19,2026-03-24 06:56:20,194.0,mm,DD,194
2026-03-24 06:56:19,2026-03-24 06:56:20,194.0,mm,DD,194
2026-03-24 06:56:19,2026-03-24 06:56:20,194.0,mm,A,194
2026-03-24 03:56:19,2026-03-24 03:56:19,194.0,mm,DD,194
2026-03-24 03:56:19,2026-03-24 03:56:19,194.0,mm,DD,194
2026-03-24 03:56:19,2026-03-24 03:56:19,194.0,mm,DD,194
2026-03-24 03:56:19,2026-03-24 03:56:19,194.0,mm,A,194
2026-03-24 00:56:18,2026-03-24 00:56:18,194.0,mm,DD,194
2026-03-24 00:56:18,2026-03-24 00:56:18,194.0,mm,DD,194
2026-03-24 00:56:18,2026-03-24 00:56:18,194.0,mm,DD,194
2026-03-24 00:56:18,2026-03-24 00:56:18,194.0,mm,A,194
2026-03-23 21:56:23,2026-03-23 21:56:23,194.0,mm,DD,194
2026-03-23 21:56:18,2026-03-23 21:56:18,194.0,mm,DD,194
2026-03-23 21:56:18,2026-03-23 21:56:18,194.0,mm,DD,194
2026-03-23 21:56:17,2026-03-23 21:56:17,194.0,mm,DD,194
2026-03-23 21:56:17,2026-03-23 21:56:17,194.0,mm,DD,194
2026-03-23 21:56:17,2026-03-23 21:56:17,194.0,mm,A,194
2026-03-23 18:56:16,2026-03-23 18:56:16,194.0,mm,DD,194
2026-03-23 18:56:16,2026-03-23 18:56:16,194.0,mm,DD,194
2026-03-23 18:56:16,2026-03-23 18:56:16,194.0,mm,DD,194
2026-03-23 18:56:16,2026-03-23 18:56:16,194.0,mm,A,194
2026-03-23 15:56:16,2026-03-23 15:56:16,194.0,mm,DD,194
2026-03-23 15:56:16,2026-03-23 15:56:16,194.0,mm,DD,194
2026-03-23 15:56:15,2026-03-23 15:56:16,194.0,mm,DD,194
2026-03-23 15:56:15,2026-03-23 15:56:16,194.0,mm,DD,194
2026-03-23 15:56:15,2026-03-23 15:56:16,194.0,mm,A,194
2026-03-23 15:21:38,2026-03-23 15:21:38,2,018.0,mm,DD,2018
2026-03-23 15:21:38,2026-03-23 15:21:38,2,018.0,mm,DD,2018
2026-03-23 15:21:38,2026-03-23 15:21:38,2,018.0,mm,DD,2018
2026-03-23 15:21:38,2026-03-23 15:21:38,2,018.0,mm,DD,2018
2026-03-23 15:21:37,2026-03-23 15:21:38,2,018.0,mm,DD,2018
2026-03-23 15:21:37,2026-03-23 15:21:38,2,018.0,mm,PD,2018
2026-03-23 12:56:21,2026-03-23 12:56:21,194.0,mm,DD,194
2026-03-23 12:56:21,2026-03-23 12:56:21,194.0,mm,DD,194
2026-03-23 12:56:20,2026-03-23 12:56:20,194.0,mm,DD,194
2026-03-23 12:56:20,2026-03-23 12:56:20,194.0,mm,DD,194
2026-03-23 12:56:15,2026-03-23 12:56:15,194.0,mm,DD,194
2026-03-23 12:56:15,2026-03-23 12:56:15,194.0,mm,DD,194
2026-03-23 12:56:15,2026-03-23 12:56:15,194.0,mm,A,194
2026-03-23 09:56:14,2026-03-23 09:56:14,194.0,mm,DD,194
2026-03-23 09:56:14,2026-03-23 09:56:14,194.0,mm,DD,194
2026-03-23 09:56:14,2026-03-23 09:56:14,194.0,mm,DD,194
2026-03-23 09:56:14,2026-03-23 09:56:14,194.0,mm,A,194
2026-03-23 06:56:13,2026-03-23 06:56:13,194.0,mm,DD,194
2026-03-23 06:56:13,2026-03-23 06:56:13,194.0,mm,DD,194
2026-03-23 06:56:13,2026-03-23 06:56:13,194.0,mm,DD,194
2026-03-23 06:56:13,2026-03-23 06:56:13,194.0,mm,A,194
2026-03-23 03:56:18,2026-03-23 03:56:18,194.0,mm,DD,194
2026-03-23 03:56:18,2026-03-23 03:56:18,194.0,mm,DD,194
2026-03-23 03:56:13,2026-03-23 03:56:13,194.0,mm,DD,194
2026-03-23 03:56:13,2026-03-23 03:56:13,194.0,mm,DD,194
2026-03-23 03:56:12,2026-03-23 03:56:12,194.0,mm,DD,194
2026-03-23 03:56:12,2026-03-23 03:56:12,194.0,mm,DD,194
2026-03-23 03:56:12,2026-03-23 03:56:12,194.0,mm,A,194
2026-03-23 00:56:11,2026-03-23 00:56:12,194.0,mm,DD,194
2026-03-23 00:56:11,2026-03-23 00:56:12,194.0,mm,DD,194
2026-03-23 00:56:11,2026-03-23 00:56:12,194.0,mm,DD,194
2026-03-23 00:56:11,2026-03-23 00:56:12,194.0,mm,DD,194
2026-03-23 00:56:11,2026-03-23 00:56:12,194.0,mm,A,194
2026-03-22 21:56:16,2026-03-22 21:56:16,194.0,mm,DD,194
2026-03-22 21:56:16,2026-03-22 21:56:16,194.0,mm,DD,194
2026-03-22 21:56:11,2026-03-22 21:56:11,194.0,mm,DD,194
2026-03-22 21:56:11,2026-03-22 21:56:11,194.0,mm,DD,194
2026-03-22 21:56:11,2026-03-22 21:56:11,194.0,mm,DD,194
2026-03-22 21:56:11,2026-03-22 21:56:11,194.0,mm,DD,194
2026-03-22 21:56:11,2026-03-22 21:56:11,194.0,mm,DD,194
2026-03-22 21:56:11,2026-03-22 21:56:11,194.0,mm,DD,194
2026-03-22 21:56:11,2026-03-22 21:56:11,194.0,mm,A,194
2026-03-22 18:56:10,2026-03-22 18:56:10,194.0,mm,DD,194
2026-03-22 18:56:10,2026-03-22 18:56:10,194.0,mm,DD,194
2026-03-22 18:56:10,2026-03-22 18:56:10,194.0,mm,DD,194
2026-03-22 18:56:10,2026-03-22 18:56:10,194.0,mm,DD,194
2026-03-22 18:56:10,2026-03-22 18:56:10,194.0,mm,DD,194
2026-03-22 18:56:10,2026-03-22 18:56:10,194.0,mm,DD,194
2026-03-22 18:56:10,2026-03-22 18:56:10,194.0,mm,DD,194
2026-03-22 18:56:10,2026-03-22 18:56:10,194.0,mm,DD,194
2026-03-22 18:56:10,2026-03-22 18:56:10,194.0,mm,A,194
2026-03-22 15:56:14,2026-03-22 15:56:14,194.0,mm,DD,194
2026-03-22 15:56:09,2026-03-22 15:56:09,194.0,mm,DD,194
2026-03-22 15:56:09,2026-03-22 15:56:09,194.0,mm,DD,194
2026-03-22 15:56:09,2026-03-22 15:56:09,194.0,mm,DD,194
2026-03-22 15:56:09,2026-03-22 15:56:09,194.0,mm,A,194
2026-03-22 12:56:08,2026-03-22 12:56:09,194.0,mm,DD,194
2026-03-22 12:56:08,2026-03-22 12:56:09,194.0,mm,DD,194
2026-03-22 12:56:08,2026-03-22 12:56:09,194.0,mm,DD,194
2026-03-22 12:56:08,2026-03-22 12:56:09,194.0,mm,DD,194
2026-03-22 12:56:08,2026-03-22 12:56:09,194.0,mm,A,194
2026-03-22 09:56:08,2026-03-22 09:56:08,194.0,mm,DD,194
2026-03-22 09:56:08,2026-03-22 09:56:08,194.0,mm,DD,194
2026-03-22 09:56:07,2026-03-22 09:56:08,194.0,mm,DD,194
2026-03-22 09:56:07,2026-03-22 09:56:08,194.0,mm,A,194
2026-03-22 06:56:07,2026-03-22 06:56:07,194.0,mm,DD,194
2026-03-22 06:56:07,2026-03-22 06:56:07,194.0,mm,DD,194
2026-03-22 06:56:07,2026-03-22 06:56:07,194.0,mm,DD,194
2026-03-22 06:56:07,2026-03-22 06:56:07,194.0,mm,DD,194
2026-03-22 06:56:07,2026-03-22 06:56:07,194.0,mm,DD,194
2026-03-22 06:56:07,2026-03-22 06:56:07,194.0,mm,A,194
2026-03-22 06:28:52,2026-03-22 06:28:52,0.0,mm,DD,0
2026-03-22 06:28:51,2026-03-22 06:28:51,0.0,mm,DD,0
2026-03-22 06:28:51,2026-03-22 06:28:51,0.0,mm,DD,0
2026-03-22 06:28:51,2026-03-22 06:28:51,0.0,mm,DD,0
2026-03-22 06:28:51,2026-03-22 06:28:51,0.0,mm,DD,0
2026-03-22 06:28:51,2026-03-22 06:28:51,0.0,mm,DD,0
2026-03-22 06:28:51,2026-03-22 06:28:51,0.0,mm,ND,0
2026-03-22 03:56:06,2026-03-22 03:56:06,194.0,mm,DD,194
2026-03-22 03:56:06,2026-03-22 03:56:06,194.0,mm,DD,194
2026-03-22 03:56:06,2026-03-22 03:56:06,194.0,mm,DD,194
2026-03-22 03:56:06,2026-03-22 03:56:06,194.0,mm,DD,194
2026-03-22 03:56:06,2026-03-22 03:56:06,194.0,mm,DD,194
2026-03-22 03:56:06,2026-03-22 03:56:06,194.0,mm,A,194
2026-03-22 00:56:05,2026-03-22 00:56:05,194.0,mm,DD,194
2026-03-22 00:56:05,2026-03-22 00:56:05,194.0,mm,DD,194
2026-03-22 00:56:05,2026-03-22 00:56:05,194.0,mm,DD,194
2026-03-22 00:56:05,2026-03-22 00:56:05,194.0,mm,DD,194
2026-03-22 00:56:05,2026-03-22 00:56:05,194.0,mm,DD,194
2026-03-22 00:56:05,2026-03-22 00:56:05,194.0,mm,A,194
2026-03-21 21:56:05,2026-03-21 21:56:05,194.0,mm,DD,194
2026-03-21 21:56:04,2026-03-21 21:56:05,194.0,mm,DD,194
2026-03-21 21:56:04,2026-03-21 21:56:05,194.0,mm,DD,194
2026-03-21 21:56:04,2026-03-21 21:56:05,194.0,mm,DD,194
2026-03-21 21:56:04,2026-03-21 21:56:05,194.0,mm,A,194
2026-03-21 18:56:10,2026-03-21 18:56:10,194.0,mm,DD,194
2026-03-21 18:56:04,2026-03-21 18:56:05,194.0,mm,DD,194
2026-03-21 18:56:04,2026-03-21 18:56:05,194.0,mm,DD,194
2026-03-21 18:56:04,2026-03-21 18:56:05,194.0,mm,DD,194
2026-03-21 18:56:04,2026-03-21 18:56:05,194.0,mm,DD,194
2026-03-21 18:56:04,2026-03-21 18:56:05,194.0,mm,DD,194
2026-03-21 18:56:04,2026-03-21 18:56:05,194.0,mm,A,194
2026-03-21 15:56:03,2026-03-21 15:56:03,194.0,mm,DD,194
2026-03-21 15:56:03,2026-03-21 15:56:03,194.0,mm,DD,194
2026-03-21 15:56:03,2026-03-21 15:56:03,194.0,mm,A,194
2026-03-21 13:45:13,2026-03-21 13:45:13,138.0,mm,DD,138
2026-03-21 13:45:13,2026-03-21 13:45:13,138.0,mm,DD,138
2026-03-21 13:45:13,2026-03-21 13:45:13,138.0,mm,DD,138
2026-03-21 13:45:11,2026-03-21 13:45:12,138.0,mm,DD,138
2026-03-21 13:45:11,2026-03-21 13:45:12,138.0,mm,DD,138
2026-03-21 13:45:11,2026-03-21 13:45:12,138.0,mm,ND,138
2026-03-21 12:56:02,2026-03-21 12:56:02,194.0,mm,DD,194
2026-03-21 12:56:02,2026-03-21 12:56:02,194.0,mm,DD,194
2026-03-21 12:56:02,2026-03-21 12:56:02,194.0,mm,DD,194
2026-03-21 12:56:02,2026-03-21 12:56:02,194.0,mm,DD,194
2026-03-21 12:56:02,2026-03-21 12:56:02,194.0,mm,DD,194
2026-03-21 12:56:02,2026-03-21 12:56:02,194.0,mm,DD,194
2026-03-21 12:56:02,2026-03-21 12:56:02,194.0,mm,DD,194
2026-03-21 12:56:02,2026-03-21 12:56:02,194.0,mm,A,194
2026-03-21 09:56:01,2026-03-21 09:56:01,194.0,mm,DD,194
2026-03-21 09:56:01,2026-03-21 09:56:01,194.0,mm,DD,194
2026-03-21 09:56:01,2026-03-21 09:56:01,194.0,mm,DD,194
2026-03-21 09:56:01,2026-03-21 09:56:01,194.0,mm,DD,194
2026-03-21 09:56:01,2026-03-21 09:56:01,194.0,mm,DD,194
2026-03-21 09:56:01,2026-03-21 09:56:01,194.0,mm,DD,194
2026-03-21 09:56:01,2026-03-21 09:56:01,194.0,mm,A,194
2026-03-21 06:56:00,2026-03-21 06:56:01,194.0,mm,DD,194
2026-03-21 06:56:00,2026-03-21 06:56:01,194.0,mm,DD,194
2026-03-21 06:56:00,2026-03-21 06:56:01,194.0,mm,DD,194
2026-03-21 06:56:00,2026-03-21 06:56:01,194.0,mm,DD,194
2026-03-21 06:56:00,2026-03-21 06:56:01,194.0,mm,A,194
2026-03-21 03:56:00,2026-03-21 03:56:01,194.0,mm,DD,194
2026-03-21 03:56:00,2026-03-21 03:56:01,194.0,mm,DD,194
2026-03-21 03:56:00,2026-03-21 03:56:01,194.0,mm,DD,194
2026-03-21 03:56:00,2026-03-21 03:56:01,194.0,mm,A,194
2026-03-21 00:55:59,2026-03-21 00:55:59,194.0,mm,DD,194
2026-03-21 00:55:59,2026-03-21 00:55:59,194.0,mm,DD,194
2026-03-21 00:55:59,2026-03-21 00:55:59,194.0,mm,DD,194
2026-03-21 00:55:59,2026-03-21 00:55:59,194.0,mm,A,194
2026-03-20 21:55:58,2026-03-20 21:55:58,194.0,mm,DD,194
2026-03-20 21:55:58,2026-03-20 21:55:58,194.0,mm,DD,194
2026-03-20 21:55:58,2026-03-20 21:55:58,194.0,mm,DD,194
2026-03-20 21:55:58,2026-03-20 21:55:58,194.0,mm,A,194
2026-03-20 18:55:58,2026-03-20 18:55:58,194.0,mm,DD,194
2026-03-20 18:55:57,2026-03-20 18:55:58,194.0,mm,DD,194
2026-03-20 18:55:57,2026-03-20 18:55:58,194.0,mm,DD,194
2026-03-20 18:55:57,2026-03-20 18:55:58,194.0,mm,DD,194
2026-03-20 18:55:57,2026-03-20 18:55:58,194.0,mm,A,194
2026-03-20 15:56:04,2026-03-20 15:55:57,194.0,mm,A,194
2026-03-20 15:55:57,2026-03-20 15:55:57,194.0,mm,DD,194
2026-03-20 15:55:57,2026-03-20 15:55:57,194.0,mm,DD,194
2026-03-20 15:55:57,2026-03-20 15:55:57,194.0,mm,DD,194
2026-03-20 15:55:57,2026-03-20 15:55:57,194.0,mm,DD,194
2026-03-20 15:55:57,2026-03-20 15:55:57,194.0,mm,A,194
2026-03-20 12:56:03,2026-03-20 12:55:56,194.0,mm,A,194
2026-03-20 12:55:56,2026-03-20 12:55:56,194.0,mm,DD,194
2026-03-20 12:55:56,2026-03-20 12:55:56,194.0,mm,DD,194
2026-03-20 12:55:56,2026-03-20 12:55:56,194.0,mm,DD,194
2026-03-20 12:55:56,2026-03-20 12:55:56,194.0,mm,DD,194
2026-03-20 12:55:56,2026-03-20 12:55:56,194.0,mm,A,194
2026-03-20 09:56:02,2026-03-20 09:55:55,194.0,mm,A,194
2026-03-20 09:55:55,2026-03-20 09:55:55,194.0,mm,DD,194
2026-03-20 09:55:55,2026-03-20 09:55:55,194.0,mm,DD,194
2026-03-20 09:55:55,2026-03-20 09:55:55,194.0,mm,DD,194
2026-03-20 09:55:55,2026-03-20 09:55:55,194.0,mm,DD,194
2026-03-20 09:55:55,2026-03-20 09:55:55,194.0,mm,A,194
2026-03-20 06:56:01,2026-03-20 06:55:54,194.0,mm,A,194
2026-03-20 06:55:54,2026-03-20 06:55:54,194.0,mm,DD,194
2026-03-20 06:55:54,2026-03-20 06:55:54,194.0,mm,DD,194
2026-03-20 06:55:54,2026-03-20 06:55:54,194.0,mm,DD,194
2026-03-20 06:55:54,2026-03-20 06:55:54,194.0,mm,A,194
2026-03-20 03:56:00,2026-03-20 03:55:54,194.0,mm,A,194
2026-03-20 03:55:53,2026-03-20 03:55:54,194.0,mm,DD,194
2026-03-20 03:55:53,2026-03-20 03:55:54,194.0,mm,DD,194
2026-03-20 03:55:53,2026-03-20 03:55:54,194.0,mm,DD,194
2026-03-20 03:55:53,2026-03-20 03:55:54,194.0,mm,A,194
2026-03-20 00:55:59,2026-03-20 00:55:53,194.0,mm,DD,194
2026-03-20 00:55:53,2026-03-20 00:55:53,194.0,mm,DD,194
2026-03-20 00:55:53,2026-03-20 00:55:53,194.0,mm,DD,194
2026-03-20 00:55:53,2026-03-20 00:55:53,194.0,mm,DD,194
2026-03-20 00:55:53,2026-03-20 00:55:53,194.0,mm,AN,194
2026-03-19 21:55:59,2026-03-19 21:55:52,194.0,mm,DD,194
2026-03-19 21:55:52,2026-03-19 21:55:52,194.0,mm,DD,194
2026-03-19 21:55:52,2026-03-19 21:55:52,194.0,mm,DD,194
2026-03-19 21:55:52,2026-03-19 21:55:52,194.0,mm,DD,194
2026-03-19 21:55:52,2026-03-19 21:55:52,194.0,mm,PD,194
2026-03-19 20:12:38,2026-03-19 20:12:32,0.0,mm,DD,0
2026-03-19 20:12:32,2026-03-19 20:12:32,0.0,mm,DD,0
2026-03-19 20:12:31,2026-03-19 20:12:31,0.0,mm,DD,0
2026-03-19 20:12:31,2026-03-19 20:12:31,0.0,mm,DD,0
2026-03-19 20:12:31,2026-03-19 20:12:31,0.0,mm,DD,0
2026-03-19 20:12:31,2026-03-19 20:12:31,0.0,mm,ND,0
2026-03-19 19:45:07,2026-03-19 19:45:01,130.0,mm,DD,130
2026-03-19 19:45:01,2026-03-19 19:45:01,130.0,mm,DD,130
2026-03-19 19:45:01,2026-03-19 19:45:01,130.0,mm,DD,130
2026-03-19 19:45:01,2026-03-19 19:45:01,130.0,mm,DD,130
2026-03-19 19:45:00,2026-03-19 19:45:00,130.0,mm,DD,130
2026-03-19 19:44:59,2026-03-19 19:45:00,130.0,mm,DD,130
2026-03-19 19:44:59,2026-03-19 19:45:00,130.0,mm,ND,130
2026-03-19 18:55:51,2026-03-19 18:55:51,194.0,mm,DD,194
2026-03-19 18:55:51,2026-03-19 18:55:51,194.0,mm,DD,194
2026-03-19 18:55:51,2026-03-19 18:55:51,194.0,mm,DD,194
2026-03-19 18:55:51,2026-03-19 18:55:51,194.0,mm,A,194
2026-03-19 15:55:57,2026-03-19 15:55:51,194.0,mm,DD,194
2026-03-19 15:55:50,2026-03-19 15:55:51,194.0,mm,DD,194
2026-03-19 15:55:50,2026-03-19 15:55:51,194.0,mm,DD,194
2026-03-19 15:55:50,2026-03-19 15:55:51,194.0,mm,DD,194
2026-03-19 15:55:50,2026-03-19 15:55:51,194.0,mm,A,194
2026-03-19 14:52:47,2026-03-19 14:52:47,194.0,mm,DD,194
2026-03-19 14:52:47,2026-03-19 14:52:47,194.0,mm,DD,194
2026-03-19 14:52:47,2026-03-19 14:52:47,194.0,mm,DD,194
2026-03-19 14:52:47,2026-03-19 14:52:47,194.0,mm,DD,194
2026-03-19 14:52:47,2026-03-19 14:52:47,194.0,mm,A,194
2026-03-19 12:55:56,2026-03-19 12:55:50,193.0,mm,A,193
2026-03-19 12:55:50,2026-03-19 12:55:50,193.0,mm,DD,193
2026-03-19 12:55:50,2026-03-19 12:55:50,193.0,mm,DD,193
2026-03-19 12:22:00,2026-03-19 12:21:54,2,017.0,mm,DD,2017
2026-03-19 12:21:53,2026-03-19 12:21:53,2,017.0,mm,DD,2017
2026-03-19 12:21:53,2026-03-19 12:21:53,2,017.0,mm,DD,2017
2026-03-19 12:21:53,2026-03-19 12:21:53,2,017.0,mm,DD,2017
2026-03-19 12:21:53,2026-03-19 12:21:53,2,017.0,mm,DD,2017
2026-03-19 12:21:53,2026-03-19 12:21:53,2,017.0,mm,PD,2017
2026-03-19 09:55:55,2026-03-19 09:55:49,193.0,mm,DD,193
2026-03-19 09:55:55,2026-03-19 09:55:49,193.0,mm,A,193
2026-03-19 09:55:49,2026-03-19 09:55:49,193.0,mm,DD,193
2026-03-19 09:55:49,2026-03-19 09:55:49,193.0,mm,DD,193
2026-03-19 06:55:53,2026-03-19 06:55:53,193.0,mm,DD,193
2026-03-19 06:55:53,2026-03-19 06:55:53,193.0,mm,DD,193
2026-03-19 06:55:49,2026-03-19 06:55:49,193.0,mm,DD,193
2026-03-19 06:55:49,2026-03-19 06:55:49,193.0,mm,DD,193
2026-03-19 06:55:48,2026-03-19 06:55:48,193.0,mm,DD,193
2026-03-19 06:55:48,2026-03-19 06:55:48,193.0,mm,DD,193
2026-03-19 06:55:48,2026-03-19 06:55:48,193.0,mm,A,193
2026-03-19 03:55:53,2026-03-19 03:55:53,193.0,mm,DD,193
2026-03-19 03:55:53,2026-03-19 03:55:53,193.0,mm,DD,193
2026-03-19 03:55:47,2026-03-19 03:55:48,193.0,mm,DD,193
2026-03-19 03:55:47,2026-03-19 03:55:48,193.0,mm,DD,193
2026-03-19 03:55:47,2026-03-19 03:55:48,193.0,mm,DD,193
2026-03-19 03:55:47,2026-03-19 03:55:48,193.0,mm,A,193
2026-03-19 01:45:01,2026-03-19 01:44:56,129.0,mm,DD,129
2026-03-19 01:44:55,2026-03-19 01:44:56,129.0,mm,DD,129
2026-03-19 01:44:55,2026-03-19 01:44:56,129.0,mm,DD,129
2026-03-19 01:44:55,2026-03-19 01:44:56,129.0,mm,DD,129
2026-03-19 01:44:54,2026-03-19 01:44:54,129.0,mm,DD,129
2026-03-19 01:44:54,2026-03-19 01:44:54,129.0,mm,ND,129
2026-03-19 00:55:53,2026-03-19 00:55:53,193.0,mm,DD,193
2026-03-19 00:55:53,2026-03-19 00:55:53,193.0,mm,DD,193
2026-03-19 00:55:53,2026-03-19 00:55:53,193.0,mm,DD,193
2026-03-19 00:55:47,2026-03-19 00:55:47,193.0,mm,DD,193
2026-03-19 00:55:47,2026-03-19 00:55:47,193.0,mm,DD,193
2026-03-19 00:55:47,2026-03-19 00:55:47,193.0,mm,DD,193
2026-03-19 00:55:47,2026-03-19 00:55:47,193.0,mm,A,193
2026-03-18 23:29:42,2026-03-18 23:29:42,453.0,mm,DD,453
2026-03-18 23:29:42,2026-03-18 23:29:42,453.0,mm,PD,453
2026-03-18 21:55:52,2026-03-18 21:55:46,193.0,mm,A,193
2026-03-18 21:55:46,2026-03-18 21:55:46,193.0,mm,DD,193
2026-03-18 21:55:46,2026-03-18 21:55:46,193.0,mm,DD,193
2026-03-18 18:55:45,2026-03-18 18:55:45,193.0,mm,DD,193
2026-03-18 18:55:45,2026-03-18 18:55:45,193.0,mm,DD,193
2026-03-18 18:55:45,2026-03-18 18:55:45,193.0,mm,DD,193
2026-03-18 18:55:45,2026-03-18 18:55:45,193.0,mm,A,193
2026-03-18 15:55:50,2026-03-18 15:55:44,193.0,mm,DD,193
2026-03-18 15:55:44,2026-03-18 15:55:44,193.0,mm,DD,193
2026-03-18 15:55:44,2026-03-18 15:55:44,193.0,mm,DD,193
2026-03-18 15:55:44,2026-03-18 15:55:44,193.0,mm,DD,193
2026-03-18 15:55:44,2026-03-18 15:55:44,193.0,mm,A,193
2026-03-18 12:55:49,2026-03-18 12:55:44,193.0,mm,DD,193
2026-03-18 12:55:43,2026-03-18 12:55:44,193.0,mm,DD,193
2026-03-18 12:55:43,2026-03-18 12:55:44,193.0,mm,DD,193
2026-03-18 12:55:43,2026-03-18 12:55:44,193.0,mm,DD,193
2026-03-18 12:55:43,2026-03-18 12:55:44,193.0,mm,A,193
2026-03-18 09:55:49,2026-03-18 09:55:49,193.0,mm,DD,193
2026-03-18 09:55:43,2026-03-18 09:55:43,193.0,mm,DD,193
2026-03-18 09:55:43,2026-03-18 09:55:43,193.0,mm,DD,193
2026-03-18 09:55:43,2026-03-18 09:55:43,193.0,mm,DD,193
2026-03-18 09:55:43,2026-03-18 09:55:43,193.0,mm,DD,193
2026-03-18 09:55:43,2026-03-18 09:55:43,193.0,mm,A,193
2026-03-18 09:22:03,2026-03-18 09:22:03,2,017.0,mm,DD,2017
2026-03-18 09:21:58,2026-03-18 09:21:58,2,017.0,mm,DD,2017
2026-03-18 09:21:58,2026-03-18 09:21:58,2,017.0,mm,DD,2017
2026-03-18 09:21:57,2026-03-18 09:21:57,2,017.0,mm,DD,2017
2026-03-18 09:21:57,2026-03-18 09:21:57,2,017.0,mm,DD,2017
2026-03-18 09:21:57,2026-03-18 09:21:57,2,017.0,mm,DD,2017
2026-03-18 09:21:57,2026-03-18 09:21:57,2,017.0,mm,PD,2017
2026-03-18 06:55:42,2026-03-18 06:55:42,193.0,mm,DD,193
2026-03-18 06:55:42,2026-03-18 06:55:42,193.0,mm,DD,193
2026-03-18 06:55:42,2026-03-18 06:55:42,193.0,mm,DD,193
2026-03-18 06:55:42,2026-03-18 06:55:42,193.0,mm,DD,193
2026-03-18 06:55:41,2026-03-18 06:55:41,193.0,mm,A,193
2026-03-18 04:44:55,2026-03-18 04:44:55,128.0,mm,DD,128
2026-03-18 04:44:52,2026-03-18 04:44:50,128.0,mm,DD,128
2026-03-18 04:44:49,2026-03-18 04:44:50,128.0,mm,DD,128
2026-03-18 04:44:49,2026-03-18 04:44:50,128.0,mm,DD,128
2026-03-18 04:44:49,2026-03-18 04:44:50,128.0,mm,DD,128
2026-03-18 04:44:48,2026-03-18 04:44:48,128.0,mm,DD,128
2026-03-18 04:44:48,2026-03-18 04:44:48,128.0,mm,ND,128
2026-03-18 03:55:47,2026-03-18 03:55:47,193.0,mm,DD,193
2026-03-18 03:55:46,2026-03-18 03:55:46,193.0,mm,DD,193
2026-03-18 03:55:46,2026-03-18 03:55:46,193.0,mm,DD,193
2026-03-18 03:55:43,2026-03-18 03:55:41,193.0,mm,DD,193
2026-03-18 03:55:41,2026-03-18 03:55:41,193.0,mm,DD,193
2026-03-18 03:55:41,2026-03-18 03:55:41,193.0,mm,DD,193
2026-03-18 03:55:41,2026-03-18 03:55:41,193.0,mm,DD,193
2026-03-18 03:55:41,2026-03-18 03:55:41,193.0,mm,A,193
2026-03-18 00:55:41,2026-03-18 00:55:40,193.0,mm,DD,193
2026-03-18 00:55:40,2026-03-18 00:55:41,193.0,mm,DD,193
2026-03-18 00:55:40,2026-03-18 00:55:41,193.0,mm,DD,193
2026-03-18 00:55:40,2026-03-18 00:55:41,193.0,mm,DD,193
2026-03-18 00:55:40,2026-03-18 00:55:41,193.0,mm,A,193
2026-03-17 21:55:46,2026-03-17 21:55:46,193.0,mm,DD,193
2026-03-17 21:55:41,2026-03-17 21:55:40,193.0,mm,DD,193
2026-03-17 21:55:41,2026-03-17 21:55:40,193.0,mm,DD,193
2026-03-17 21:55:40,2026-03-17 21:55:40,193.0,mm,DD,193
2026-03-17 21:55:40,2026-03-17 21:55:40,193.0,mm,DD,193
2026-03-17 21:55:39,2026-03-17 21:55:40,193.0,mm,DD,193
2026-03-17 21:55:39,2026-03-17 21:55:40,193.0,mm,A,193
2026-03-17 18:55:45,2026-03-17 18:55:45,193.0,mm,DD,193
2026-03-17 18:55:40,2026-03-17 18:55:39,193.0,mm,DD,193
2026-03-17 18:55:39,2026-03-17 18:55:39,193.0,mm,DD,193
2026-03-17 18:55:39,2026-03-17 18:55:39,193.0,mm,DD,193
2026-03-17 18:55:39,2026-03-17 18:55:39,193.0,mm,DD,193
2026-03-17 18:55:39,2026-03-17 18:55:39,193.0,mm,A,193
2026-03-17 15:55:38,2026-03-17 15:55:38,193.0,mm,DD,193
2026-03-17 15:55:38,2026-03-17 15:55:38,193.0,mm,DD,193
2026-03-17 15:55:38,2026-03-17 15:55:38,193.0,mm,DD,193
2026-03-17 15:55:38,2026-03-17 15:55:38,193.0,mm,DD,193
2026-03-17 15:55:38,2026-03-17 15:55:38,193.0,mm,A,193
2026-03-17 13:44:51,2026-03-17 13:44:51,137.0,mm,DD,137
2026-03-17 13:44:46,2026-03-17 13:44:45,137.0,mm,DD,137
2026-03-17 13:44:44,2026-03-17 13:44:44,137.0,mm,DD,137
2026-03-17 13:44:44,2026-03-17 13:44:44,137.0,mm,DD,137
2026-03-17 13:44:44,2026-03-17 13:44:44,137.0,mm,DD,137
2026-03-17 13:44:44,2026-03-17 13:44:44,137.0,mm,DD,137
2026-03-17 13:44:44,2026-03-17 13:44:44,137.0,mm,ND,137
2026-03-17 12:55:38,2026-03-17 12:55:37,193.0,mm,A,193
2026-03-17 12:55:37,2026-03-17 12:55:37,193.0,mm,DD,193
2026-03-17 12:55:37,2026-03-17 12:55:37,193.0,mm,DD,193
2026-03-17 11:29:42,2026-03-17 11:29:42,2,047.0,mm,PD,2047
2026-03-17 11:29:30,2026-03-17 11:29:30,2,047.0,mm,PD,2047
2026-03-17 09:55:39,2026-03-17 09:55:36,193.0,mm,DD,193
2026-03-17 09:55:36,2026-03-17 09:55:36,193.0,mm,DD,193
2026-03-17 09:55:36,2026-03-17 09:55:36,193.0,mm,DD,193
2026-03-17 09:55:36,2026-03-17 09:55:36,193.0,mm,DD,193
2026-03-17 09:55:36,2026-03-17 09:55:36,193.0,mm,A,193
2026-03-17 06:55:36,2026-03-17 06:55:36,193.0,mm,DD,193
2026-03-17 06:55:35,2026-03-17 06:55:36,193.0,mm,DD,193
2026-03-17 06:55:35,2026-03-17 06:55:36,193.0,mm,DD,193
2026-03-17 06:55:35,2026-03-17 06:55:36,193.0,mm,DD,193
2026-03-17 06:55:35,2026-03-17 06:55:36,193.0,mm,A,193
2026-03-17 03:55:35,2026-03-17 03:55:35,193.0,mm,DD,193
2026-03-17 03:55:35,2026-03-17 03:55:35,193.0,mm,DD,193
2026-03-17 03:55:35,2026-03-17 03:55:35,193.0,mm,DD,193
2026-03-17 03:55:35,2026-03-17 03:55:35,193.0,mm,A,193
2026-03-17 03:29:20,2026-03-17 03:29:20,0.0,mm,DD,0
2026-03-17 03:29:15,2026-03-17 03:29:14,0.0,mm,DD,0
2026-03-17 03:29:14,2026-03-17 03:29:14,0.0,mm,DD,0
2026-03-17 03:29:14,2026-03-17 03:29:14,0.0,mm,DD,0
2026-03-17 03:29:14,2026-03-17 03:29:14,0.0,mm,DD,0
2026-03-17 03:29:14,2026-03-17 03:29:14,0.0,mm,DD,0
2026-03-17 03:29:14,2026-03-17 03:29:14,0.0,mm,DD,0
2026-03-17 03:29:14,2026-03-17 03:29:14,0.0,mm,DD,0
2026-03-17 03:29:14,2026-03-17 03:29:14,0.0,mm,ND,0
2026-03-17 00:55:45,2026-03-17 00:55:45,193.0,mm,DD,193
2026-03-17 00:55:40,2026-03-17 00:55:40,193.0,mm,DD,193
2026-03-17 00:55:37,2026-03-17 00:55:34,193.0,mm,DD,193
2026-03-17 00:55:34,2026-03-17 00:55:35,193.0,mm,DD,193
2026-03-17 00:55:34,2026-03-17 00:55:35,193.0,mm,DD,193
2026-03-17 00:55:34,2026-03-17 00:55:35,193.0,mm,DD,193
2026-03-17 00:55:34,2026-03-17 00:55:35,193.0,mm,A,193
2026-03-16 21:55:34,2026-03-16 21:55:33,193.0,mm,DD,193
2026-03-16 21:55:33,2026-03-16 21:55:33,193.0,mm,DD,193
2026-03-16 21:55:33,2026-03-16 21:55:33,193.0,mm,DD,193
2026-03-16 21:55:33,2026-03-16 21:55:33,193.0,mm,DD,193
2026-03-16 21:55:33,2026-03-16 21:55:33,193.0,mm,A,193
2026-03-16 21:22:04,2026-03-16 21:22:04,2,017.0,mm,DD,2017
2026-03-16 21:22:04,2026-03-16 21:22:04,2,017.0,mm,DD,2017
2026-03-16 21:22:03,2026-03-16 21:22:03,2,017.0,mm,DD,2017
2026-03-16 21:22:03,2026-03-16 21:22:03,2,017.0,mm,DD,2017
2026-03-16 21:22:03,2026-03-16 21:22:03,2,017.0,mm,DD,2017
2026-03-16 21:22:03,2026-03-16 21:22:03,2,017.0,mm,DD,2017
2026-03-16 21:22:03,2026-03-16 21:22:03,2,017.0,mm,DD,2017
2026-03-16 21:22:03,2026-03-16 21:22:03,2,017.0,mm,PD,2017
2026-03-16 18:55:39,2026-03-16 18:55:39,193.0,mm,DD,193
2026-03-16 18:55:33,2026-03-16 18:55:33,193.0,mm,DD,193
2026-03-16 18:55:32,2026-03-16 18:55:33,193.0,mm,DD,193
2026-03-16 18:55:32,2026-03-16 18:55:33,193.0,mm,DD,193
2026-03-16 18:55:32,2026-03-16 18:55:33,193.0,mm,DD,193
2026-03-16 18:55:32,2026-03-16 18:55:33,193.0,mm,A,193
2026-03-16 18:22:04,2026-03-16 18:22:04,2,017.0,mm,DD,2017
2026-03-16 18:22:04,2026-03-16 18:22:04,2,017.0,mm,DD,2017
2026-03-16 18:22:04,2026-03-16 18:22:04,2,017.0,mm,DD,2017
2026-03-16 18:22:04,2026-03-16 18:22:04,2,017.0,mm,DD,2017
2026-03-16 18:22:03,2026-03-16 18:22:04,2,017.0,mm,DD,2017
2026-03-16 18:22:03,2026-03-16 18:22:04,2,017.0,mm,DD,2017
2026-03-16 18:22:03,2026-03-16 18:22:04,2,017.0,mm,DD,2017
2026-03-16 18:22:03,2026-03-16 18:22:04,2,017.0,mm,PD,2017
2026-03-16 15:55:38,2026-03-16 15:55:38,193.0,mm,DD,193
2026-03-16 15:55:33,2026-03-16 15:55:32,193.0,mm,DD,193
2026-03-16 15:55:31,2026-03-16 15:55:32,193.0,mm,DD,193
2026-03-16 15:55:31,2026-03-16 15:55:32,193.0,mm,DD,193
2026-03-16 15:55:31,2026-03-16 15:55:32,193.0,mm,DD,193
2026-03-16 15:55:31,2026-03-16 15:55:32,193.0,mm,A,193
2026-03-16 12:55:37,2026-03-16 12:55:37,193.0,mm,DD,193
2026-03-16 12:55:31,2026-03-16 12:55:31,193.0,mm,DD,193
2026-03-16 12:55:31,2026-03-16 12:55:31,193.0,mm,DD,193
2026-03-16 12:55:31,2026-03-16 12:55:31,193.0,mm,DD,193
2026-03-16 12:55:31,2026-03-16 12:55:31,193.0,mm,A,193
2026-03-16 11:12:34,2026-03-16 11:12:34,16.0,mm,DD,16
2026-03-16 11:12:28,2026-03-16 11:12:28,16.0,mm,DD,16
2026-03-16 11:12:28,2026-03-16 11:12:28,16.0,mm,DD,16
2026-03-16 11:12:28,2026-03-16 11:12:28,16.0,mm,DD,16
2026-03-16 11:12:28,2026-03-16 11:12:28,16.0,mm,DD,16
2026-03-16 11:12:28,2026-03-16 11:12:28,16.0,mm,ND,16
2026-03-16 09:55:37,2026-03-16 09:55:37,193.0,mm,DD,193
2026-03-16 09:55:36,2026-03-16 09:55:36,193.0,mm,DD,193
2026-03-16 09:55:36,2026-03-16 09:55:36,193.0,mm,DD,193
2026-03-16 09:55:30,2026-03-16 09:55:31,193.0,mm,DD,193
2026-03-16 09:55:30,2026-03-16 09:55:31,193.0,mm,DD,193
2026-03-16 09:55:30,2026-03-16 09:55:31,193.0,mm,DD,193
2026-03-16 09:55:30,2026-03-16 09:55:31,193.0,mm,DD,193
2026-03-16 09:55:30,2026-03-16 09:55:31,193.0,mm,A,193
2026-03-16 06:55:35,2026-03-16 06:55:35,193.0,mm,DD,193
2026-03-16 06:55:30,2026-03-16 06:55:29,193.0,mm,DD,193
2026-03-16 06:55:29,2026-03-16 06:55:29,193.0,mm,DD,193
2026-03-16 06:55:29,2026-03-16 06:55:29,193.0,mm,DD,193
2026-03-16 06:55:29,2026-03-16 06:55:29,193.0,mm,DD,193
2026-03-16 06:55:29,2026-03-16 06:55:29,193.0,mm,A,193
2026-03-16 03:55:28,2026-03-16 03:55:28,193.0,mm,DD,193
2026-03-16 03:55:28,2026-03-16 03:55:28,193.0,mm,DD,193
2026-03-16 03:55:28,2026-03-16 03:55:28,193.0,mm,DD,193
2026-03-16 03:55:28,2026-03-16 03:55:28,193.0,mm,DD,193
2026-03-16 03:55:28,2026-03-16 03:55:28,193.0,mm,A,193
2026-03-16 00:55:34,2026-03-16 00:55:34,193.0,mm,DD,193
2026-03-16 00:55:33,2026-03-16 00:55:33,193.0,mm,DD,193
2026-03-16 00:55:33,2026-03-16 00:55:33,193.0,mm,DD,193
2026-03-16 00:55:28,2026-03-16 00:55:28,193.0,mm,DD,193
2026-03-16 00:55:27,2026-03-16 00:55:28,193.0,mm,DD,193
2026-03-16 00:55:27,2026-03-16 00:55:28,193.0,mm,DD,193
2026-03-16 00:55:27,2026-03-16 00:55:28,193.0,mm,DD,193
2026-03-16 00:55:27,2026-03-16 00:55:28,193.0,mm,A,193
2026-03-15 21:55:33,2026-03-15 21:55:33,193.0,mm,DD,193
2026-03-15 21:55:32,2026-03-15 21:55:32,193.0,mm,DD,193
2026-03-15 21:55:32,2026-03-15 21:55:32,193.0,mm,DD,193
2026-03-15 21:55:27,2026-03-15 21:55:27,193.0,mm,DD,193
2026-03-15 21:55:27,2026-03-15 21:55:27,193.0,mm,DD,193
2026-03-15 21:55:27,2026-03-15 21:55:27,193.0,mm,DD,193
2026-03-15 21:55:26,2026-03-15 21:55:27,193.0,mm,DD,193
2026-03-15 21:55:26,2026-03-15 21:55:27,193.0,mm,A,193
2026-03-15 18:55:33,2026-03-15 18:55:33,193.0,mm,DD,193
2026-03-15 18:55:26,2026-03-15 18:55:26,193.0,mm,DD,193
2026-03-15 18:55:26,2026-03-15 18:55:26,193.0,mm,DD,193
2026-03-15 18:55:26,2026-03-15 18:55:26,193.0,mm,DD,193
2026-03-15 18:55:26,2026-03-15 18:55:26,193.0,mm,DD,193
2026-03-15 18:55:26,2026-03-15 18:55:26,193.0,mm,A,193
2026-03-15 15:55:31,2026-03-15 15:55:31,193.0,mm,DD,193
2026-03-15 15:55:26,2026-03-15 15:55:25,193.0,mm,DD,193
2026-03-15 15:55:25,2026-03-15 15:55:25,193.0,mm,DD,193
2026-03-15 15:55:25,2026-03-15 15:55:25,193.0,mm,DD,193
2026-03-15 15:55:25,2026-03-15 15:55:25,193.0,mm,DD,193
2026-03-15 15:55:25,2026-03-15 15:55:25,193.0,mm,A,193
2026-03-15 12:55:31,2026-03-15 12:55:31,193.0,mm,DD,193
2026-03-15 12:55:30,2026-03-15 12:55:30,193.0,mm,DD,193
2026-03-15 12:55:30,2026-03-15 12:55:30,193.0,mm,DD,193
2026-03-15 12:55:26,2026-03-15 12:55:24,193.0,mm,DD,193
2026-03-15 12:55:24,2026-03-15 12:55:24,193.0,mm,DD,193
2026-03-15 12:55:24,2026-03-15 12:55:24,193.0,mm,DD,193
2026-03-15 12:55:24,2026-03-15 12:55:24,193.0,mm,DD,193
2026-03-15 12:55:24,2026-03-15 12:55:24,193.0,mm,A,193
2026-03-15 10:44:35,2026-03-15 10:44:35,136.0,mm,DD,136
2026-03-15 10:44:31,2026-03-15 10:44:30,136.0,mm,DD,136
2026-03-15 10:44:30,2026-03-15 10:44:30,136.0,mm,DD,136
2026-03-15 10:44:30,2026-03-15 10:44:30,136.0,mm,DD,136
2026-03-15 10:44:29,2026-03-15 10:44:29,136.0,mm,DD,136
2026-03-15 10:44:29,2026-03-15 10:44:29,136.0,mm,DD,136
2026-03-15 10:44:29,2026-03-15 10:44:29,136.0,mm,DD,136
2026-03-15 10:44:29,2026-03-15 10:44:29,136.0,mm,ND,136
2026-03-15 09:55:30,2026-03-15 09:55:30,193.0,mm,DD,193
2026-03-15 09:55:24,2026-03-15 09:55:24,193.0,mm,DD,193
2026-03-15 09:55:23,2026-03-15 09:55:24,193.0,mm,DD,193
2026-03-15 09:55:23,2026-03-15 09:55:24,193.0,mm,DD,193
2026-03-15 09:55:23,2026-03-15 09:55:24,193.0,mm,DD,193
2026-03-15 09:55:23,2026-03-15 09:55:24,193.0,mm,A,193
2026-03-15 06:55:23,2026-03-15 06:55:23,193.0,mm,DD,193
2026-03-15 06:55:23,2026-03-15 06:55:23,193.0,mm,DD,193
2026-03-15 06:55:23,2026-03-15 06:55:23,193.0,mm,DD,193
2026-03-15 06:55:23,2026-03-15 06:55:23,193.0,mm,DD,193
2026-03-15 06:55:23,2026-03-15 06:55:23,193.0,mm,A,193
2026-03-15 04:44:34,2026-03-15 04:44:34,128.0,mm,DD,128
2026-03-15 04:44:30,2026-03-15 04:44:29,128.0,mm,DD,128
2026-03-15 04:44:28,2026-03-15 04:44:28,128.0,mm,DD,128
2026-03-15 04:44:27,2026-03-15 04:44:27,128.0,mm,DD,128
2026-03-15 04:44:27,2026-03-15 04:44:27,128.0,mm,DD,128
2026-03-15 04:44:27,2026-03-15 04:44:27,128.0,mm,DD,128
2026-03-15 04:44:27,2026-03-15 04:44:27,128.0,mm,ND,128
2026-03-15 03:55:28,2026-03-15 03:55:28,193.0,mm,DD,193
2026-03-15 03:55:23,2026-03-15 03:55:22,193.0,mm,DD,193
2026-03-15 03:55:22,2026-03-15 03:55:22,193.0,mm,DD,193
2026-03-15 03:55:22,2026-03-15 03:55:22,193.0,mm,DD,193
2026-03-15 03:55:22,2026-03-15 03:55:22,193.0,mm,DD,193
2026-03-15 03:55:22,2026-03-15 03:55:22,193.0,mm,A,193
2026-03-15 00:55:21,2026-03-15 00:55:21,193.0,mm,DD,193
2026-03-15 00:55:21,2026-03-15 00:55:21,193.0,mm,DD,193
2026-03-15 00:55:21,2026-03-15 00:55:21,193.0,mm,DD,193
2026-03-15 00:55:21,2026-03-15 00:55:21,193.0,mm,DD,193
2026-03-15 00:55:21,2026-03-15 00:55:21,193.0,mm,A,193
2026-03-14 21:55:27,2026-03-14 21:55:27,193.0,mm,DD,193
2026-03-14 21:55:20,2026-03-14 21:55:21,193.0,mm,DD,193
2026-03-14 21:55:20,2026-03-14 21:55:21,193.0,mm,DD,193
2026-03-14 21:55:20,2026-03-14 21:55:21,193.0,mm,DD,193
2026-03-14 21:55:20,2026-03-14 21:55:21,193.0,mm,DD,193
2026-03-14 21:55:20,2026-03-14 21:55:21,193.0,mm,A,193
2026-03-14 18:55:26,2026-03-14 18:55:26,193.0,mm,DD,193
2026-03-14 18:55:20,2026-03-14 18:55:20,193.0,mm,DD,193
2026-03-14 18:55:20,2026-03-14 18:55:20,193.0,mm,DD,193
2026-03-14 18:55:20,2026-03-14 18:55:20,193.0,mm,DD,193
2026-03-14 18:55:19,2026-03-14 18:55:20,193.0,mm,DD,193
2026-03-14 18:55:19,2026-03-14 18:55:20,193.0,mm,A,193
2026-03-14 16:44:31,2026-03-14 16:44:31,131.0,mm,DD,131
2026-03-14 16:44:25,2026-03-14 16:44:25,131.0,mm,DD,131
2026-03-14 16:44:24,2026-03-14 16:44:24,131.0,mm,DD,131
2026-03-14 16:44:24,2026-03-14 16:44:24,131.0,mm,DD,131
2026-03-14 16:44:24,2026-03-14 16:44:24,131.0,mm,DD,131
2026-03-14 16:44:24,2026-03-14 16:44:24,131.0,mm,DD,131
2026-03-14 16:44:24,2026-03-14 16:44:24,131.0,mm,ND,131
2026-03-14 15:55:25,2026-03-14 15:55:25,193.0,mm,DD,193
2026-03-14 15:55:19,2026-03-14 15:55:19,193.0,mm,DD,193
2026-03-14 15:55:19,2026-03-14 15:55:19,193.0,mm,DD,193
2026-03-14 15:55:19,2026-03-14 15:55:19,193.0,mm,DD,193
2026-03-14 15:55:19,2026-03-14 15:55:19,193.0,mm,A,193
2026-03-14 15:22:05,2026-03-14 15:22:06,2,017.0,mm,DD,2017
2026-03-14 15:22:05,2026-03-14 15:22:06,2,017.0,mm,PD,2017
2026-03-14 12:55:24,2026-03-14 12:55:24,193.0,mm,DD,193
2026-03-14 12:55:18,2026-03-14 12:55:18,193.0,mm,DD,193
2026-03-14 12:55:18,2026-03-14 12:55:18,193.0,mm,DD,193
2026-03-14 12:55:18,2026-03-14 12:55:18,193.0,mm,DD,193
2026-03-14 12:55:18,2026-03-14 12:55:18,193.0,mm,DD,193
2026-03-14 12:55:18,2026-03-14 12:55:18,193.0,mm,A,193
2026-03-14 12:22:13,2026-03-14 12:22:13,2,017.0,mm,DD,2017
2026-03-14 12:22:12,2026-03-14 12:22:12,2,017.0,mm,DD,2017
2026-03-14 12:22:12,2026-03-14 12:22:12,2,017.0,mm,DD,2017
2026-03-14 12:22:12,2026-03-14 12:22:12,2,017.0,mm,DD,2017
2026-03-14 12:22:12,2026-03-14 12:22:12,2,017.0,mm,DD,2017
2026-03-14 12:22:12,2026-03-14 12:22:12,2,017.0,mm,DD,2017
2026-03-14 12:22:12,2026-03-14 12:22:12,2,017.0,mm,DD,2017
2026-03-14 12:22:12,2026-03-14 12:22:12,2,017.0,mm,PD,2017
2026-03-14 10:44:29,2026-03-14 10:44:29,141.0,mm,DD,141
2026-03-14 10:44:24,2026-03-14 10:44:23,141.0,mm,DD,141
2026-03-14 10:44:23,2026-03-14 10:44:23,141.0,mm,DD,141
2026-03-14 10:44:22,2026-03-14 10:44:22,141.0,mm,DD,141
2026-03-14 10:44:22,2026-03-14 10:44:22,141.0,mm,DD,141
2026-03-14 10:44:22,2026-03-14 10:44:22,141.0,mm,DD,141
2026-03-14 10:44:22,2026-03-14 10:44:22,141.0,mm,ND,141
2026-03-14 09:55:23,2026-03-14 09:55:23,193.0,mm,DD,193
2026-03-14 09:55:17,2026-03-14 09:55:17,193.0,mm,DD,193
2026-03-14 09:55:17,2026-03-14 09:55:17,193.0,mm,DD,193
2026-03-14 09:55:17,2026-03-14 09:55:17,193.0,mm,DD,193
2026-03-14 09:55:17,2026-03-14 09:55:17,193.0,mm,A,193
2026-03-14 07:44:28,2026-03-14 07:44:28,132.0,mm,DD,132
2026-03-14 07:44:23,2026-03-14 07:44:23,132.0,mm,DD,132
2026-03-14 07:44:22,2026-03-14 07:44:23,132.0,mm,DD,132
2026-03-14 07:44:22,2026-03-14 07:44:23,132.0,mm,DD,132
2026-03-14 07:44:22,2026-03-14 07:44:23,132.0,mm,DD,132
2026-03-14 07:44:21,2026-03-14 07:44:21,132.0,mm,DD,132
2026-03-14 07:44:21,2026-03-14 07:44:21,132.0,mm,ND,132
2026-03-14 06:55:23,2026-03-14 06:55:23,192.0,mm,DD,192
2026-03-14 06:55:22,2026-03-14 06:55:22,192.0,mm,DD,192
2026-03-14 06:55:22,2026-03-14 06:55:22,192.0,mm,DD,192
2026-03-14 06:55:17,2026-03-14 06:55:17,192.0,mm,DD,192
2026-03-14 06:55:16,2026-03-14 06:55:20,192.0,mm,DD,192
2026-03-14 06:55:16,2026-03-14 06:55:20,192.0,mm,DD,192
2026-03-14 06:55:16,2026-03-14 06:55:20,192.0,mm,DD,192
2026-03-14 06:55:16,2026-03-14 06:55:20,192.0,mm,A,192
2026-03-14 03:55:22,2026-03-14 03:55:22,192.0,mm,DD,192
2026-03-14 03:55:16,2026-03-14 03:55:16,192.0,mm,DD,192
2026-03-14 03:55:16,2026-03-14 03:55:16,192.0,mm,DD,192
2026-03-14 03:55:16,2026-03-14 03:55:16,192.0,mm,DD,192
2026-03-14 03:55:16,2026-03-14 03:55:16,192.0,mm,A,192
2026-03-14 00:55:21,2026-03-14 00:55:21,192.0,mm,DD,192
2026-03-14 00:55:15,2026-03-14 00:55:15,192.0,mm,DD,192
2026-03-14 00:55:15,2026-03-14 00:55:15,192.0,mm,DD,192
2026-03-14 00:55:15,2026-03-14 00:55:15,192.0,mm,DD,192
2026-03-14 00:55:15,2026-03-14 00:55:15,192.0,mm,DD,192
2026-03-14 00:55:15,2026-03-14 00:55:15,192.0,mm,A,192
2026-03-13 21:55:20,2026-03-13 21:55:20,192.0,mm,DD,192
2026-03-13 21:55:19,2026-03-13 21:55:19,192.0,mm,DD,192
2026-03-13 21:55:19,2026-03-13 21:55:19,192.0,mm,DD,192
2026-03-13 21:55:14,2026-03-13 21:55:14,192.0,mm,DD,192
2026-03-13 21:55:14,2026-03-13 21:55:14,192.0,mm,DD,192
2026-03-13 21:55:14,2026-03-13 21:55:14,192.0,mm,DD,192
2026-03-13 21:55:14,2026-03-13 21:55:14,192.0,mm,A,192
2026-03-13 18:55:20,2026-03-13 18:55:20,192.0,mm,DD,192
2026-03-13 18:55:14,2026-03-13 18:55:14,192.0,mm,DD,192
2026-03-13 18:55:13,2026-03-13 18:55:14,192.0,mm,DD,192
2026-03-13 18:55:13,2026-03-13 18:55:14,192.0,mm,DD,192
2026-03-13 18:55:13,2026-03-13 18:55:14,192.0,mm,DD,192
2026-03-13 18:55:13,2026-03-13 18:55:14,192.0,mm,DD,192
2026-03-13 18:55:13,2026-03-13 18:55:14,192.0,mm,DD,192
2026-03-13 18:55:13,2026-03-13 18:55:14,192.0,mm,A,192
2026-03-13 15:55:13,2026-03-13 15:55:13,192.0,mm,DD,192
2026-03-13 15:55:13,2026-03-13 15:55:13,192.0,mm,DD,192
2026-03-13 15:55:13,2026-03-13 15:55:13,192.0,mm,DD,192
2026-03-13 15:55:12,2026-03-13 15:55:13,192.0,mm,DD,192
2026-03-13 15:55:12,2026-03-13 15:55:13,192.0,mm,A,192
2026-03-13 14:06:22,2026-03-13 14:06:22,192.0,mm,DD,192
2026-03-13 14:06:16,2026-03-13 14:06:16,192.0,mm,DD,192
2026-03-13 14:06:15,2026-03-13 14:06:16,192.0,mm,DD,192
2026-03-13 14:06:15,2026-03-13 14:06:16,192.0,mm,DD,192
2026-03-13 14:06:15,2026-03-13 14:06:16,192.0,mm,DD,192
2026-03-13 14:06:15,2026-03-13 14:06:16,192.0,mm,A,192
2026-03-13 14:01:13,2026-03-13 14:01:13,191.0,mm,A,191
2026-03-13 14:01:07,2026-03-13 14:01:07,1,727.0,mm,PD,1727
2026-03-13 14:01:02,2026-03-13 14:01:02,191.0,mm,DD,191
2026-03-13 14:01:02,2026-03-13 14:01:02,191.0,mm,DD,191
2026-03-13 14:01:02,2026-03-13 14:01:02,191.0,mm,DD,191
2026-03-13 14:01:01,2026-03-13 14:01:01,191.0,mm,DD,191
2026-03-13 14:01:01,2026-03-13 14:01:01,191.0,mm,DD,191
2026-03-13 14:01:01,2026-03-13 14:01:01,191.0,mm,A,191
2026-03-13 13:57:09,2026-03-13 13:57:09,190.0,mm,DD,190
2026-03-13 13:57:03,2026-03-13 13:57:03,190.0,mm,DD,190
2026-03-13 13:57:03,2026-03-13 13:57:03,190.0,mm,DD,190
2026-03-13 13:57:03,2026-03-13 13:57:03,190.0,mm,DD,190
2026-03-13 13:57:03,2026-03-13 13:57:03,190.0,mm,DD,190
2026-03-13 13:57:03,2026-03-13 13:57:03,190.0,mm,DD,190
2026-03-13 13:57:03,2026-03-13 13:57:03,190.0,mm,A,190
2026-03-13 13:56:14,2026-03-13 13:56:14,189.0,mm,DD,189
2026-03-13 13:56:08,2026-03-13 13:56:08,189.0,mm,DD,189
2026-03-13 13:56:08,2026-03-13 13:56:08,189.0,mm,DD,189
2026-03-13 13:56:08,2026-03-13 13:56:08,189.0,mm,DD,189
2026-03-13 13:56:08,2026-03-13 13:56:08,189.0,mm,DD,189
2026-03-13 13:56:08,2026-03-13 13:56:08,189.0,mm,DD,189
2026-03-13 13:56:08,2026-03-13 13:56:08,189.0,mm,DD,189
2026-03-13 13:56:08,2026-03-13 13:56:08,189.0,mm,A,189
2026-03-13 13:55:28,2026-03-13 13:55:28,188.0,mm,DD,188
2026-03-13 13:55:22,2026-03-13 13:55:22,188.0,mm,DD,188
2026-03-13 13:55:22,2026-03-13 13:55:22,188.0,mm,DD,188
2026-03-13 13:55:22,2026-03-13 13:55:22,188.0,mm,DD,188
2026-03-13 13:55:22,2026-03-13 13:55:22,188.0,mm,A,188
2026-03-13 13:54:46,2026-03-13 13:54:46,187.0,mm,DD,187
2026-03-13 13:54:46,2026-03-13 13:54:46,187.0,mm,DD,187
2026-03-13 13:54:46,2026-03-13 13:54:46,187.0,mm,DD,187
2026-03-13 13:54:46,2026-03-13 13:54:46,187.0,mm,A,187
2026-03-13 13:54:07,2026-03-13 13:54:07,186.0,mm,DD,186
2026-03-13 13:54:07,2026-03-13 13:54:07,186.0,mm,DD,186
2026-03-13 13:54:07,2026-03-13 13:54:07,186.0,mm,DD,186
2026-03-13 13:54:07,2026-03-13 13:54:07,186.0,mm,DD,186
2026-03-13 13:54:07,2026-03-13 13:54:07,186.0,mm,A,186
2026-03-13 13:53:32,2026-03-13 13:53:32,185.0,mm,DD,185
2026-03-13 13:53:32,2026-03-13 13:53:32,185.0,mm,DD,185
2026-03-13 13:53:32,2026-03-13 13:53:32,185.0,mm,DD,185
2026-03-13 13:53:32,2026-03-13 13:53:32,185.0,mm,A,185
2026-03-13 13:53:31,2026-03-13 13:53:31,441.0,mm,PD,441
2026-03-13 13:53:12,2026-03-13 13:53:12,184.0,mm,DD,184
2026-03-13 13:53:07,2026-03-13 13:53:07,184.0,mm,DD,184
2026-03-13 13:53:07,2026-03-13 13:53:07,184.0,mm,DD,184
2026-03-13 13:53:06,2026-03-13 13:53:07,184.0,mm,DD,184
2026-03-13 13:53:06,2026-03-13 13:53:07,184.0,mm,DD,184
2026-03-13 13:53:06,2026-03-13 13:53:07,184.0,mm,DD,184
2026-03-13 13:53:06,2026-03-13 13:53:07,184.0,mm,DD,184
2026-03-13 13:53:06,2026-03-13 13:53:07,184.0,mm,DD,184
2026-03-13 13:53:06,2026-03-13 13:53:07,184.0,mm,A,184
2026-03-13 13:52:36,2026-03-13 13:52:36,183.0,mm,DD,183
2026-03-13 13:52:36,2026-03-13 13:52:36,183.0,mm,DD,183
2026-03-13 13:52:36,2026-03-13 13:52:36,183.0,mm,DD,183
2026-03-13 13:52:36,2026-03-13 13:52:36,183.0,mm,A,183
2026-03-13 13:52:17,2026-03-13 13:52:17,182.0,mm,DD,182
2026-03-13 13:52:11,2026-03-13 13:52:11,182.0,mm,DD,182
2026-03-13 13:52:11,2026-03-13 13:52:11,182.0,mm,DD,182
2026-03-13 13:52:11,2026-03-13 13:52:11,182.0,mm,A,182
2026-03-13 13:51:42,2026-03-13 13:51:42,181.0,mm,DD,181
2026-03-13 13:51:42,2026-03-13 13:51:42,181.0,mm,DD,181
2026-03-13 13:51:42,2026-03-13 13:51:42,181.0,mm,DD,181
2026-03-13 13:51:42,2026-03-13 13:51:42,181.0,mm,DD,181
2026-03-13 13:51:42,2026-03-13 13:51:42,181.0,mm,A,181
2026-03-13 13:51:18,2026-03-13 13:51:18,180.0,mm,DD,180
2026-03-13 13:51:18,2026-03-13 13:51:18,180.0,mm,DD,180
2026-03-13 13:51:18,2026-03-13 13:51:18,180.0,mm,DD,180
2026-03-13 13:51:18,2026-03-13 13:51:18,180.0,mm,DD,180
2026-03-13 13:51:18,2026-03-13 13:51:18,180.0,mm,A,180
2026-03-13 13:50:57,2026-03-13 13:50:57,179.0,mm,DD,179
2026-03-13 13:50:51,2026-03-13 13:50:51,179.0,mm,DD,179
2026-03-13 13:50:50,2026-03-13 13:50:51,179.0,mm,DD,179
2026-03-13 13:50:50,2026-03-13 13:50:51,179.0,mm,DD,179
2026-03-13 13:50:45,2026-03-13 13:50:45,179.0,mm,DD,179
2026-03-13 13:50:45,2026-03-13 13:50:45,179.0,mm,DD,179
2026-03-13 13:50:45,2026-03-13 13:50:45,179.0,mm,A,179
2026-03-13 13:50:11,2026-03-13 13:50:11,178.0,mm,DD,178
2026-03-13 13:50:06,2026-03-13 13:50:06,178.0,mm,DD,178
2026-03-13 13:50:06,2026-03-13 13:50:06,178.0,mm,DD,178
2026-03-13 13:50:05,2026-03-13 13:50:06,178.0,mm,DD,178
2026-03-13 13:50:05,2026-03-13 13:50:06,178.0,mm,DD,178
2026-03-13 13:50:05,2026-03-13 13:50:06,178.0,mm,DD,178
2026-03-13 13:50:05,2026-03-13 13:50:06,178.0,mm,DD,178
2026-03-13 13:50:05,2026-03-13 13:50:06,178.0,mm,DD,178
2026-03-13 13:50:05,2026-03-13 13:50:06,178.0,mm,A,178
2026-03-13 13:48:22,2026-03-13 13:48:22,177.0,mm,DD,177
2026-03-13 13:48:16,2026-03-13 13:48:16,177.0,mm,DD,177
2026-03-13 13:48:16,2026-03-13 13:48:16,177.0,mm,DD,177
2026-03-13 13:48:16,2026-03-13 13:48:16,177.0,mm,DD,177
2026-03-13 13:48:16,2026-03-13 13:48:16,177.0,mm,A,177
2026-03-13 13:40:53,2026-03-13 13:40:53,176.0,mm,DD,176
2026-03-13 13:40:47,2026-03-13 13:40:47,176.0,mm,DD,176
2026-03-13 13:40:47,2026-03-13 13:40:47,176.0,mm,DD,176
2026-03-13 13:40:47,2026-03-13 13:40:47,176.0,mm,DD,176
2026-03-13 13:40:47,2026-03-13 13:40:47,176.0,mm,A,176
2026-03-13 13:37:45,2026-03-13 13:37:46,175.0,mm,DD,175
2026-03-13 13:37:45,2026-03-13 13:37:46,175.0,mm,DD,175
2026-03-13 13:37:45,2026-03-13 13:37:46,175.0,mm,DD,175
2026-03-13 13:37:45,2026-03-13 13:37:46,175.0,mm,DD,175
2026-03-13 13:37:45,2026-03-13 13:37:46,175.0,mm,A,175
2026-03-13 13:35:11,2026-03-13 13:35:11,174.0,mm,DD,174
2026-03-13 13:35:05,2026-03-13 13:35:05,174.0,mm,DD,174
2026-03-13 13:35:05,2026-03-13 13:35:05,174.0,mm,DD,174
2026-03-13 13:35:05,2026-03-13 13:35:05,174.0,mm,DD,174
2026-03-13 13:35:05,2026-03-13 13:35:05,174.0,mm,DD,174
2026-03-13 13:35:05,2026-03-13 13:35:05,174.0,mm,DD,174
2026-03-13 13:35:05,2026-03-13 13:35:05,174.0,mm,DD,174
2026-03-13 13:35:05,2026-03-13 13:35:05,174.0,mm,A,174
2026-03-13 13:32:05,2026-03-13 13:32:05,173.0,mm,DD,173
2026-03-13 13:32:05,2026-03-13 13:32:05,173.0,mm,DD,173
2026-03-13 13:32:04,2026-03-13 13:32:05,173.0,mm,DD,173
2026-03-13 13:32:04,2026-03-13 13:32:05,173.0,mm,DD,173
2026-03-13 13:32:04,2026-03-13 13:32:05,173.0,mm,DD,173
2026-03-13 13:32:04,2026-03-13 13:32:05,173.0,mm,A,173
2026-03-13 13:28:53,2026-03-13 13:28:53,172.0,mm,DD,172
2026-03-13 13:28:47,2026-03-13 13:28:47,172.0,mm,DD,172
2026-03-13 13:28:47,2026-03-13 13:28:47,172.0,mm,DD,172
2026-03-13 13:28:47,2026-03-13 13:28:47,172.0,mm,DD,172
2026-03-13 13:28:47,2026-03-13 13:28:47,172.0,mm,A,172
2026-03-13 12:55:12,2026-03-13 12:55:12,171.0,mm,DD,171
2026-03-13 12:55:12,2026-03-13 12:55:12,171.0,mm,DD,171
2026-03-13 12:55:12,2026-03-13 12:55:12,171.0,mm,DD,171
2026-03-13 12:55:12,2026-03-13 12:55:12,171.0,mm,DD,171
2026-03-13 12:55:12,2026-03-13 12:55:12,171.0,mm,DD,171
2026-03-13 12:55:12,2026-03-13 12:55:12,171.0,mm,A,171
2026-03-13 12:22:22,2026-03-13 12:22:22,2,016.0,mm,DD,2016
2026-03-13 12:22:17,2026-03-13 12:22:17,2,016.0,mm,DD,2016
2026-03-13 12:22:16,2026-03-13 12:22:16,2,016.0,mm,DD,2016
2026-03-13 12:22:16,2026-03-13 12:22:16,2,016.0,mm,DD,2016
2026-03-13 12:22:16,2026-03-13 12:22:16,2,016.0,mm,DD,2016
2026-03-13 12:22:16,2026-03-13 12:22:16,2,016.0,mm,PD,2016
2026-03-13 09:55:17,2026-03-13 09:55:17,171.0,mm,DD,171
2026-03-13 09:55:11,2026-03-13 09:55:11,171.0,mm,DD,171
2026-03-13 09:55:11,2026-03-13 09:55:11,171.0,mm,DD,171
2026-03-13 09:55:11,2026-03-13 09:55:11,171.0,mm,DD,171
2026-03-13 09:55:11,2026-03-13 09:55:11,171.0,mm,A,171
2026-03-13 06:55:16,2026-03-13 06:55:16,171.0,mm,DD,171
2026-03-13 06:55:10,2026-03-13 06:55:10,171.0,mm,DD,171
2026-03-13 06:55:10,2026-03-13 06:55:10,171.0,mm,DD,171
2026-03-13 06:55:10,2026-03-13 06:55:10,171.0,mm,DD,171
2026-03-13 06:55:10,2026-03-13 06:55:10,171.0,mm,DD,171
2026-03-13 06:55:10,2026-03-13 06:55:10,171.0,mm,DD,171
2026-03-13 06:55:10,2026-03-13 06:55:10,171.0,mm,A,171
2026-03-13 03:55:16,2026-03-13 03:55:16,171.0,mm,DD,171
2026-03-13 03:55:10,2026-03-13 03:55:10,171.0,mm,DD,171
2026-03-13 03:55:09,2026-03-13 03:55:10,171.0,mm,DD,171
2026-03-13 03:55:09,2026-03-13 03:55:10,171.0,mm,DD,171
2026-03-13 03:55:09,2026-03-13 03:55:10,171.0,mm,DD,171
2026-03-13 03:55:09,2026-03-13 03:55:10,171.0,mm,DD,171
2026-03-13 03:55:09,2026-03-13 03:55:10,171.0,mm,DD,171
2026-03-13 03:55:09,2026-03-13 03:55:10,171.0,mm,A,171
2026-03-13 00:55:15,2026-03-13 00:55:15,171.0,mm,DD,171
2026-03-13 00:55:09,2026-03-13 00:55:09,171.0,mm,DD,171
2026-03-13 00:55:09,2026-03-13 00:55:09,171.0,mm,DD,171
2026-03-13 00:55:09,2026-03-13 00:55:09,171.0,mm,DD,171
2026-03-13 00:55:09,2026-03-13 00:55:09,171.0,mm,A,171
2026-03-12 21:55:14,2026-03-12 21:55:14,171.0,mm,DD,171
2026-03-12 21:55:14,2026-03-12 21:55:14,171.0,mm,DD,171
2026-03-12 21:55:08,2026-03-12 21:55:08,171.0,mm,DD,171
2026-03-12 21:55:08,2026-03-12 21:55:08,171.0,mm,DD,171
2026-03-12 21:55:08,2026-03-12 21:55:08,171.0,mm,DD,171
2026-03-12 21:55:08,2026-03-12 21:55:08,171.0,mm,DD,171
2026-03-12 21:55:08,2026-03-12 21:55:08,171.0,mm,DD,171
2026-03-12 21:55:08,2026-03-12 21:55:08,171.0,mm,DD,171
2026-03-12 21:55:08,2026-03-12 21:55:08,171.0,mm,A,171
2026-03-12 18:55:14,2026-03-12 18:55:14,171.0,mm,DD,171
2026-03-12 18:55:13,2026-03-12 18:55:13,171.0,mm,DD,171
2026-03-12 18:55:12,2026-03-12 18:55:12,171.0,mm,DD,171
2026-03-12 18:55:12,2026-03-12 18:55:12,171.0,mm,DD,171
2026-03-12 18:55:08,2026-03-12 18:55:08,171.0,mm,DD,171
2026-03-12 18:55:08,2026-03-12 18:55:08,171.0,mm,DD,171
2026-03-12 18:55:07,2026-03-12 18:55:07,171.0,mm,DD,171
2026-03-12 18:55:07,2026-03-12 18:55:07,171.0,mm,DD,171
2026-03-12 18:55:07,2026-03-12 18:55:07,171.0,mm,A,171
2026-03-12 15:55:13,2026-03-12 15:55:13,171.0,mm,DD,171
2026-03-12 15:55:12,2026-03-12 15:55:13,171.0,mm,DD,171
2026-03-12 15:55:06,2026-03-12 15:55:06,171.0,mm,DD,171
2026-03-12 15:55:06,2026-03-12 15:55:06,171.0,mm,DD,171
2026-03-12 15:55:06,2026-03-12 15:55:06,171.0,mm,DD,171
2026-03-12 15:55:06,2026-03-12 15:55:06,171.0,mm,DD,171
2026-03-12 15:55:06,2026-03-12 15:55:06,171.0,mm,DD,171
2026-03-12 15:55:06,2026-03-12 15:55:06,171.0,mm,DD,171
2026-03-12 15:55:06,2026-03-12 15:55:06,171.0,mm,A,171
2026-03-12 12:55:16,2026-03-12 12:55:16,171.0,mm,A,171
2026-03-12 12:55:05,2026-03-12 12:55:05,171.0,mm,DD,171
2026-03-12 12:55:05,2026-03-12 12:55:05,171.0,mm,DD,171
2026-03-12 12:55:05,2026-03-12 12:55:05,171.0,mm,DD,171
2026-03-12 12:55:05,2026-03-12 12:55:05,171.0,mm,DD,171
2026-03-12 12:55:05,2026-03-12 12:55:05,171.0,mm,A,171
2026-03-12 09:55:11,2026-03-12 09:55:11,171.0,mm,DD,171
2026-03-12 09:55:05,2026-03-12 09:55:05,171.0,mm,DD,171
2026-03-12 09:55:05,2026-03-12 09:55:05,171.0,mm,DD,171
2026-03-12 09:55:04,2026-03-12 09:55:05,171.0,mm,DD,171
2026-03-12 09:55:04,2026-03-12 09:55:05,171.0,mm,DD,171
2026-03-12 09:55:04,2026-03-12 09:55:05,171.0,mm,DD,171
2026-03-12 09:55:04,2026-03-12 09:55:05,171.0,mm,DD,171
2026-03-12 09:55:04,2026-03-12 09:55:05,171.0,mm,DD,171
2026-03-12 09:55:04,2026-03-12 09:55:05,171.0,mm,A,171
2026-03-12 06:55:10,2026-03-12 06:55:10,171.0,mm,DD,171
2026-03-12 06:55:04,2026-03-12 06:55:04,171.0,mm,DD,171
2026-03-12 06:55:04,2026-03-12 06:55:04,171.0,mm,DD,171
2026-03-12 06:55:04,2026-03-12 06:55:04,171.0,mm,DD,171
2026-03-12 06:55:04,2026-03-12 06:55:04,171.0,mm,A,171
2026-03-12 06:55:03,2026-03-12 06:55:04,171.0,mm,DD,171
2026-03-12 06:55:03,2026-03-12 06:55:04,171.0,mm,DD,171
2026-03-12 06:55:03,2026-03-12 06:55:04,171.0,mm,DD,171
2026-03-12 03:55:09,2026-03-12 03:55:09,171.0,mm,DD,171
2026-03-12 03:55:09,2026-03-12 03:55:09,171.0,mm,DD,171
2026-03-12 03:55:03,2026-03-12 03:55:03,171.0,mm,DD,171
2026-03-12 03:55:03,2026-03-12 03:55:03,171.0,mm,DD,171
2026-03-12 03:55:03,2026-03-12 03:55:03,171.0,mm,DD,171
2026-03-12 03:55:03,2026-03-12 03:55:03,171.0,mm,DD,171
2026-03-12 03:55:03,2026-03-12 03:55:03,171.0,mm,DD,171
2026-03-12 03:55:03,2026-03-12 03:55:03,171.0,mm,DD,171
2026-03-12 03:55:03,2026-03-12 03:55:03,171.0,mm,DD,171
2026-03-12 03:55:03,2026-03-12 03:55:03,171.0,mm,DD,171
2026-03-12 03:55:03,2026-03-12 03:55:03,171.0,mm,A,171
2026-03-12 00:55:14,2026-03-12 00:55:14,171.0,mm,DD,171
2026-03-12 00:55:08,2026-03-12 00:55:08,171.0,mm,DD,171
2026-03-12 00:55:08,2026-03-12 00:55:08,171.0,mm,DD,171
2026-03-12 00:55:03,2026-03-12 00:55:03,171.0,mm,DD,171
2026-03-12 00:55:03,2026-03-12 00:55:03,171.0,mm,DD,171
2026-03-12 00:55:02,2026-03-12 00:55:02,171.0,mm,DD,171
2026-03-12 00:55:02,2026-03-12 00:55:02,171.0,mm,DD,171
2026-03-12 00:55:02,2026-03-12 00:55:02,171.0,mm,DD,171
2026-03-12 00:55:02,2026-03-12 00:55:02,171.0,mm,DD,171
2026-03-12 00:55:02,2026-03-12 00:55:02,171.0,mm,A,171
2026-03-11 21:55:08,2026-03-11 21:55:08,171.0,mm,A,171
2026-03-11 21:55:01,2026-03-11 21:55:01,171.0,mm,DD,171
2026-03-11 21:55:01,2026-03-11 21:55:01,171.0,mm,DD,171
2026-03-11 21:55:01,2026-03-11 21:55:01,171.0,mm,DD,171
2026-03-11 21:55:01,2026-03-11 21:55:01,171.0,mm,DD,171
2026-03-11 21:55:01,2026-03-11 21:55:01,171.0,mm,DD,171
2026-03-11 21:55:01,2026-03-11 21:55:01,171.0,mm,A,171
2026-03-11 18:55:07,2026-03-11 18:55:07,171.0,mm,DD,171
2026-03-11 18:55:01,2026-03-11 18:55:01,171.0,mm,DD,171
2026-03-11 18:55:01,2026-03-11 18:55:01,171.0,mm,A,171
2026-03-11 18:55:00,2026-03-11 18:55:01,171.0,mm,DD,171
2026-03-11 18:55:00,2026-03-11 18:55:01,171.0,mm,DD,171
2026-03-11 18:55:00,2026-03-11 18:55:01,171.0,mm,DD,171
2026-03-11 16:44:09,2026-03-11 16:44:09,131.0,mm,DD,131
2026-03-11 16:44:04,2026-03-11 16:44:04,131.0,mm,DD,131
2026-03-11 16:44:04,2026-03-11 16:44:04,131.0,mm,DD,131
2026-03-11 16:44:04,2026-03-11 16:44:04,131.0,mm,DD,131
2026-03-11 16:44:04,2026-03-11 16:44:04,131.0,mm,DD,131
2026-03-11 16:44:04,2026-03-11 16:44:04,131.0,mm,DD,131
2026-03-11 16:44:03,2026-03-11 16:44:04,131.0,mm,DD,131
2026-03-11 16:44:03,2026-03-11 16:44:04,131.0,mm,DD,131
2026-03-11 16:44:03,2026-03-11 16:44:04,131.0,mm,DD,131
2026-03-11 16:44:03,2026-03-11 16:44:04,131.0,mm,DD,131
2026-03-11 16:44:03,2026-03-11 16:44:04,131.0,mm,ND,131
2026-03-11 15:55:00,2026-03-11 15:55:00,171.0,mm,DD,171
2026-03-11 15:55:00,2026-03-11 15:55:00,171.0,mm,DD,171
2026-03-11 15:55:00,2026-03-11 15:55:00,171.0,mm,DD,171
2026-03-11 15:55:00,2026-03-11 15:55:00,171.0,mm,A,171
2026-03-11 15:54:59,2026-03-11 15:55:00,171.0,mm,DD,171
2026-03-11 12:55:05,2026-03-11 12:55:05,171.0,mm,DD,171
2026-03-11 12:55:05,2026-03-11 12:55:05,171.0,mm,DD,171
2026-03-11 12:54:59,2026-03-11 12:54:59,171.0,mm,DD,171
2026-03-11 12:54:59,2026-03-11 12:54:59,171.0,mm,DD,171
2026-03-11 12:54:59,2026-03-11 12:54:59,171.0,mm,DD,171
2026-03-11 12:54:59,2026-03-11 12:54:59,171.0,mm,A,171
2026-03-11 09:55:04,2026-03-11 09:55:04,171.0,mm,DD,171
2026-03-11 09:55:04,2026-03-11 09:55:04,171.0,mm,DD,171
2026-03-11 09:54:58,2026-03-11 09:54:58,171.0,mm,DD,171
2026-03-11 09:54:58,2026-03-11 09:54:58,171.0,mm,DD,171
2026-03-11 09:54:58,2026-03-11 09:54:58,171.0,mm,DD,171
2026-03-11 09:54:58,2026-03-11 09:54:58,171.0,mm,A,171
2026-03-11 08:54:43,2026-03-11 08:54:43,130.0,mm,DD,130
2026-03-11 08:54:43,2026-03-11 08:54:43,130.0,mm,ND,130
2026-03-11 06:55:03,2026-03-11 06:55:03,171.0,mm,DD,171
2026-03-11 06:55:03,2026-03-11 06:55:03,171.0,mm,DD,171
2026-03-11 06:54:57,2026-03-11 06:54:57,171.0,mm,DD,171
2026-03-11 06:54:57,2026-03-11 06:54:57,171.0,mm,DD,171
2026-03-11 06:54:57,2026-03-11 06:54:57,171.0,mm,DD,171
2026-03-11 06:54:57,2026-03-11 06:54:57,171.0,mm,A,171
2026-03-11 03:55:02,2026-03-11 03:55:02,171.0,mm,DD,171
2026-03-11 03:55:02,2026-03-11 03:55:02,171.0,mm,DD,171
2026-03-11 03:54:57,2026-03-11 03:54:57,171.0,mm,DD,171
2026-03-11 03:54:57,2026-03-11 03:54:57,171.0,mm,DD,171
2026-03-11 03:54:56,2026-03-11 03:54:56,171.0,mm,DD,171
2026-03-11 03:54:56,2026-03-11 03:54:56,171.0,mm,DD,171
2026-03-11 03:54:56,2026-03-11 03:54:56,171.0,mm,A,171
2026-03-11 00:55:03,2026-03-11 00:55:03,171.0,mm,DD,171
2026-03-11 00:55:02,2026-03-11 00:54:56,171.0,mm,DD,171
2026-03-11 00:54:55,2026-03-11 00:54:56,171.0,mm,DD,171
2026-03-11 00:54:55,2026-03-11 00:54:56,171.0,mm,DD,171
2026-03-11 00:54:55,2026-03-11 00:54:56,171.0,mm,DD,171
2026-03-11 00:54:55,2026-03-11 00:54:56,171.0,mm,A,171
2026-03-10 22:44:05,2026-03-10 22:43:59,130.0,mm,DD,130
2026-03-10 22:44:04,2026-03-10 22:44:04,130.0,mm,DD,130
2026-03-10 22:43:58,2026-03-10 22:43:58,130.0,mm,DD,130
2026-03-10 22:43:58,2026-03-10 22:43:58,130.0,mm,DD,130
2026-03-10 22:43:58,2026-03-10 22:43:58,130.0,mm,ND,130
2026-03-10 22:43:57,2026-03-10 22:43:58,130.0,mm,DD,130
2026-03-10 22:43:57,2026-03-10 22:43:58,130.0,mm,DD,130
2026-03-10 21:55:02,2026-03-10 21:55:02,171.0,mm,A,171
2026-03-10 21:55:01,2026-03-10 21:54:55,171.0,mm,DD,171
2026-03-10 21:54:55,2026-03-10 21:54:55,171.0,mm,DD,171
2026-03-10 21:54:55,2026-03-10 21:54:55,171.0,mm,DD,171
2026-03-10 21:54:55,2026-03-10 21:54:55,171.0,mm,DD,171
2026-03-10 21:54:55,2026-03-10 21:54:55,171.0,mm,A,171
2026-03-10 18:55:01,2026-03-10 18:55:01,171.0,mm,DD,171
2026-03-10 18:55:00,2026-03-10 18:55:00,171.0,mm,DD,171
2026-03-10 18:55:00,2026-03-10 18:55:00,171.0,mm,DD,171
2026-03-10 18:55:00,2026-03-10 18:55:00,171.0,mm,DD,171
2026-03-10 18:54:54,2026-03-10 18:54:54,171.0,mm,DD,171
2026-03-10 18:54:54,2026-03-10 18:54:54,171.0,mm,DD,171
2026-03-10 18:54:54,2026-03-10 18:54:54,171.0,mm,DD,171
2026-03-10 18:54:54,2026-03-10 18:54:54,171.0,mm,A,171
2026-03-10 15:54:55,2026-03-10 15:54:53,171.0,mm,DD,171
2026-03-10 15:54:53,2026-03-10 15:54:53,171.0,mm,DD,171
2026-03-10 15:54:53,2026-03-10 15:54:53,171.0,mm,DD,171
2026-03-10 15:54:53,2026-03-10 15:54:53,171.0,mm,DD,171
2026-03-10 15:54:53,2026-03-10 15:54:53,171.0,mm,A,171
2026-03-10 13:44:02,2026-03-10 13:44:02,137.0,mm,DD,137
2026-03-10 13:43:57,2026-03-10 13:43:56,137.0,mm,DD,137
2026-03-10 13:43:55,2026-03-10 13:43:55,137.0,mm,DD,137
2026-03-10 13:43:55,2026-03-10 13:43:55,137.0,mm,DD,137
2026-03-10 13:43:55,2026-03-10 13:43:55,137.0,mm,DD,137
2026-03-10 13:43:55,2026-03-10 13:43:55,137.0,mm,DD,137
2026-03-10 13:43:55,2026-03-10 13:43:55,137.0,mm,ND,137
2026-03-10 12:54:57,2026-03-10 12:54:57,171.0,mm,DD,171
2026-03-10 12:54:57,2026-03-10 12:54:57,171.0,mm,DD,171
2026-03-10 12:54:53,2026-03-10 12:54:52,171.0,mm,DD,171
2026-03-10 12:54:52,2026-03-10 12:54:52,171.0,mm,DD,171
2026-03-10 12:54:52,2026-03-10 12:54:52,171.0,mm,DD,171
2026-03-10 12:54:52,2026-03-10 12:54:52,171.0,mm,DD,171
2026-03-10 12:54:52,2026-03-10 12:54:52,171.0,mm,A,171
2026-03-10 09:54:54,2026-03-10 09:54:51,171.0,mm,DD,171
2026-03-10 09:54:51,2026-03-10 09:54:51,171.0,mm,DD,171
2026-03-10 09:54:51,2026-03-10 09:54:51,171.0,mm,DD,171
2026-03-10 09:54:51,2026-03-10 09:54:51,171.0,mm,DD,171
2026-03-10 09:54:51,2026-03-10 09:54:51,171.0,mm,A,171
2026-03-10 06:54:57,2026-03-10 06:54:57,171.0,mm,DD,171
2026-03-10 06:54:56,2026-03-10 06:54:56,171.0,mm,DD,171
2026-03-10 06:54:53,2026-03-10 06:54:51,171.0,mm,DD,171
2026-03-10 06:54:50,2026-03-10 06:54:51,171.0,mm,DD,171
2026-03-10 06:54:50,2026-03-10 06:54:51,171.0,mm,DD,171
2026-03-10 06:54:50,2026-03-10 06:54:51,171.0,mm,DD,171
2026-03-10 06:54:50,2026-03-10 06:54:51,171.0,mm,A,171
2026-03-10 03:54:56,2026-03-10 03:54:56,171.0,mm,DD,171
2026-03-10 03:54:50,2026-03-10 03:54:50,171.0,mm,DD,171
2026-03-10 03:54:50,2026-03-10 03:54:50,171.0,mm,DD,171
2026-03-10 03:54:50,2026-03-10 03:54:50,171.0,mm,DD,171
2026-03-10 03:54:50,2026-03-10 03:54:50,171.0,mm,DD,171
2026-03-10 03:54:50,2026-03-10 03:54:50,171.0,mm,A,171
2026-03-09 23:54:51,2026-03-09 23:54:51,129.0,mm,ND,129
2026-03-09 21:54:59,2026-03-09 21:54:59,171.0,mm,DD,171
2026-03-09 21:54:54,2026-03-09 21:54:54,171.0,mm,DD,171
2026-03-09 21:54:54,2026-03-09 21:54:54,171.0,mm,DD,171
2026-03-09 21:54:53,2026-03-09 21:54:53,171.0,mm,DD,171
2026-03-09 21:54:53,2026-03-09 21:54:53,171.0,mm,DD,171
2026-03-09 21:54:50,2026-03-09 21:54:48,171.0,mm,DD,171
2026-03-09 21:54:50,2026-03-09 21:54:48,171.0,mm,A,171
2026-03-09 21:54:48,2026-03-09 21:54:48,171.0,mm,DD,171
2026-03-09 21:54:48,2026-03-09 21:54:48,171.0,mm,A,171
2026-03-09 18:55:00,2026-03-09 18:55:00,171.0,mm,A,171
2026-03-09 18:54:49,2026-03-09 18:54:49,171.0,mm,DD,171
2026-03-09 18:54:49,2026-03-09 18:54:49,171.0,mm,DD,171
2026-03-09 18:54:49,2026-03-09 18:54:49,171.0,mm,DD,171
2026-03-09 18:54:47,2026-03-09 18:54:48,171.0,mm,DD,171
2026-03-09 18:54:47,2026-03-09 18:54:48,171.0,mm,A,171
2026-03-09 15:54:47,2026-03-09 15:54:47,171.0,mm,DD,171
2026-03-09 15:54:47,2026-03-09 15:54:47,171.0,mm,DD,171
2026-03-09 15:54:47,2026-03-09 15:54:47,171.0,mm,DD,171
2026-03-09 15:54:47,2026-03-09 15:54:47,171.0,mm,DD,171
2026-03-09 15:54:47,2026-03-09 15:54:47,171.0,mm,A,171
2026-03-09 14:22:55,2026-03-09 14:22:55,23.0,mm,ND,23
2026-03-09 12:54:52,2026-03-09 12:54:52,171.0,mm,DD,171
2026-03-09 12:54:48,2026-03-09 12:54:46,171.0,mm,DD,171
2026-03-09 12:54:46,2026-03-09 12:54:46,171.0,mm,DD,171
2026-03-09 12:54:46,2026-03-09 12:54:46,171.0,mm,DD,171
2026-03-09 12:54:46,2026-03-09 12:54:46,171.0,mm,DD,171
2026-03-09 12:54:46,2026-03-09 12:54:46,171.0,mm,A,171
2026-03-09 09:54:46,2026-03-09 09:54:45,171.0,mm,DD,171
2026-03-09 09:54:45,2026-03-09 09:54:45,171.0,mm,DD,171
2026-03-09 09:54:45,2026-03-09 09:54:45,171.0,mm,DD,171
2026-03-09 09:54:45,2026-03-09 09:54:45,171.0,mm,DD,171
2026-03-09 09:54:45,2026-03-09 09:54:45,171.0,mm,A,171
2026-03-09 06:54:45,2026-03-09 06:54:45,171.0,mm,DD,171
2026-03-09 06:54:45,2026-03-09 06:54:45,171.0,mm,DD,171
2026-03-09 06:54:44,2026-03-09 06:54:44,171.0,mm,DD,171
2026-03-09 06:54:44,2026-03-09 06:54:44,171.0,mm,DD,171
2026-03-09 06:54:44,2026-03-09 06:54:44,171.0,mm,A,171
2026-03-09 03:54:46,2026-03-09 03:54:44,171.0,mm,DD,171
2026-03-09 03:54:44,2026-03-09 03:54:44,171.0,mm,DD,171
2026-03-09 03:54:44,2026-03-09 03:54:44,171.0,mm,A,171
2026-03-09 03:03:31,2026-03-09 03:03:31,616.0,mm,PD,616
2026-03-09 00:54:54,2026-03-09 00:54:54,171.0,mm,DD,171
2026-03-09 00:54:48,2026-03-09 00:54:48,171.0,mm,DD,171
2026-03-09 00:54:43,2026-03-09 00:54:43,171.0,mm,DD,171
2026-03-09 00:54:43,2026-03-09 00:54:43,171.0,mm,DD,171
2026-03-09 00:54:43,2026-03-09 00:54:43,171.0,mm,DD,171
2026-03-09 00:54:43,2026-03-09 00:54:43,171.0,mm,A,171
2026-03-08 21:54:44,2026-03-08 21:54:42,171.0,mm,DD,171
2026-03-08 21:54:43,2026-03-08 21:54:43,171.0,mm,DD,171
2026-03-08 21:54:43,2026-03-08 21:54:43,171.0,mm,DD,171
2026-03-08 21:54:42,2026-03-08 21:54:42,171.0,mm,DD,171
2026-03-08 21:54:42,2026-03-08 21:54:42,171.0,mm,A,171
2026-03-08 18:54:53,2026-03-08 18:54:53,171.0,mm,AN,171
2026-03-08 18:54:42,2026-03-08 18:54:41,171.0,mm,DD,171
2026-03-08 18:54:41,2026-03-08 18:54:41,171.0,mm,DD,171
2026-03-08 18:54:41,2026-03-08 18:54:41,171.0,mm,DD,171
2026-03-08 18:54:41,2026-03-08 18:54:41,171.0,mm,DD,171
2026-03-08 18:54:41,2026-03-08 18:54:41,171.0,mm,ND,171
2026-03-08 16:22:16,2026-03-08 16:22:16,304.0,mm,DD,304
2026-03-08 16:22:11,2026-03-08 16:22:11,304.0,mm,DD,304
2026-03-08 16:22:10,2026-03-08 16:22:10,304.0,mm,DD,304
2026-03-08 16:22:10,2026-03-08 16:22:10,304.0,mm,DD,304
2026-03-08 16:22:10,2026-03-08 16:22:10,304.0,mm,DD,304
2026-03-08 16:22:10,2026-03-08 16:22:10,304.0,mm,DD,304
2026-03-08 16:22:10,2026-03-08 16:22:10,304.0,mm,AN,304
2026-03-08 15:42:34,2026-03-08 15:42:34,302.0,mm,PD,302
2026-03-08 13:41:17,2026-03-08 13:41:16,170.0,mm,DD,170
2026-03-08 13:41:16,2026-03-08 13:41:16,170.0,mm,DD,170
2026-03-08 13:41:16,2026-03-08 13:41:16,170.0,mm,A,170
2026-03-08 13:41:15,2026-03-08 13:41:16,170.0,mm,DD,170
2026-03-08 13:41:15,2026-03-08 13:41:16,170.0,mm,DD,170
2026-03-08 12:54:46,2026-03-08 12:54:46,169.0,mm,DD,169
2026-03-08 12:54:41,2026-03-08 12:54:40,169.0,mm,DD,169
2026-03-08 12:54:40,2026-03-08 12:54:40,169.0,mm,DD,169
2026-03-08 12:54:40,2026-03-08 12:54:40,169.0,mm,DD,169
2026-03-08 12:54:40,2026-03-08 12:54:40,169.0,mm,DD,169
2026-03-08 12:54:40,2026-03-08 12:54:40,169.0,mm,A,169
2026-03-08 09:54:45,2026-03-08 09:54:45,169.0,mm,DD,169
2026-03-08 09:54:41,2026-03-08 09:54:39,169.0,mm,DD,169
2026-03-08 09:54:39,2026-03-08 09:54:39,169.0,mm,DD,169
2026-03-08 09:54:39,2026-03-08 09:54:39,169.0,mm,DD,169
2026-03-08 09:54:39,2026-03-08 09:54:39,169.0,mm,DD,169
2026-03-08 09:54:39,2026-03-08 09:54:39,169.0,mm,A,169
2026-03-08 06:54:44,2026-03-08 06:54:44,169.0,mm,A,169
2026-03-08 06:54:39,2026-03-08 06:54:39,169.0,mm,DD,169
2026-03-08 06:54:39,2026-03-08 06:54:39,169.0,mm,DD,169
2026-03-08 06:54:38,2026-03-08 06:54:38,169.0,mm,DD,169
2026-03-08 06:54:38,2026-03-08 06:54:38,169.0,mm,DD,169
2026-03-08 06:54:38,2026-03-08 06:54:38,169.0,mm,A,169
2026-03-08 05:54:56,2026-03-08 05:54:56,129.0,mm,ND,129
2026-03-08 03:54:49,2026-03-08 03:54:49,169.0,mm,DD,169
2026-03-08 03:54:43,2026-03-08 03:54:43,169.0,mm,DD,169
2026-03-08 03:54:38,2026-03-08 03:54:38,169.0,mm,DD,169
2026-03-08 03:54:38,2026-03-08 03:54:38,169.0,mm,DD,169
2026-03-08 03:54:38,2026-03-08 03:54:38,169.0,mm,A,169
2026-03-08 03:54:37,2026-03-08 03:54:38,169.0,mm,DD,169
2026-03-08 03:54:37,2026-03-08 03:54:38,169.0,mm,DD,169
2026-03-08 00:54:43,2026-03-08 00:54:43,169.0,mm,DD,169
2026-03-08 00:54:39,2026-03-08 00:54:37,169.0,mm,DD,169
2026-03-08 00:54:37,2026-03-08 00:54:37,169.0,mm,DD,169
2026-03-08 00:54:37,2026-03-08 00:54:37,169.0,mm,DD,169
2026-03-08 00:54:37,2026-03-08 00:54:37,169.0,mm,DD,169
2026-03-08 00:54:37,2026-03-08 00:54:37,169.0,mm,A,169
2026-03-07 21:54:42,2026-03-07 21:54:42,169.0,mm,DD,169
2026-03-07 21:54:41,2026-03-07 21:54:41,169.0,mm,DD,169
2026-03-07 21:54:41,2026-03-07 21:54:41,169.0,mm,DD,169
2026-03-07 21:54:39,2026-03-07 21:54:36,169.0,mm,DD,169
2026-03-07 21:54:36,2026-03-07 21:54:36,169.0,mm,DD,169
2026-03-07 21:54:36,2026-03-07 21:54:36,169.0,mm,DD,169
2026-03-07 21:54:36,2026-03-07 21:54:36,169.0,mm,DD,169
2026-03-07 21:54:36,2026-03-07 21:54:36,169.0,mm,A,169
2026-03-07 18:54:35,2026-03-07 18:54:35,169.0,mm,DD,169
2026-03-07 18:54:35,2026-03-07 18:54:35,169.0,mm,DD,169
2026-03-07 18:54:35,2026-03-07 18:54:35,169.0,mm,DD,169
2026-03-07 18:54:35,2026-03-07 18:54:35,169.0,mm,DD,169
2026-03-07 18:54:35,2026-03-07 18:54:35,169.0,mm,A,169
2026-03-07 15:54:36,2026-03-07 15:54:35,169.0,mm,DD,169
2026-03-07 15:54:35,2026-03-07 15:54:35,169.0,mm,DD,169
2026-03-07 15:54:35,2026-03-07 15:54:35,169.0,mm,A,169
2026-03-07 15:54:34,2026-03-07 15:54:35,169.0,mm,DD,169
2026-03-07 15:54:34,2026-03-07 15:54:35,169.0,mm,DD,169
2026-03-07 12:54:40,2026-03-07 12:54:40,169.0,mm,DD,169
2026-03-07 12:54:35,2026-03-07 12:54:34,169.0,mm,DD,169
2026-03-07 12:54:34,2026-03-07 12:54:34,169.0,mm,DD,169
2026-03-07 12:54:34,2026-03-07 12:54:34,169.0,mm,A,169
2026-03-07 12:54:33,2026-03-07 12:54:34,169.0,mm,DD,169
2026-03-07 12:54:33,2026-03-07 12:54:34,169.0,mm,DD,169
2026-03-07 09:54:39,2026-03-07 09:54:39,169.0,mm,DD,169
2026-03-07 09:54:38,2026-03-07 09:54:38,169.0,mm,DD,169
2026-03-07 09:54:38,2026-03-07 09:54:38,169.0,mm,DD,169
2026-03-07 09:54:34,2026-03-07 09:54:33,169.0,mm,DD,169
2026-03-07 09:54:33,2026-03-07 09:54:33,169.0,mm,DD,169
2026-03-07 09:54:33,2026-03-07 09:54:33,169.0,mm,DD,169
2026-03-07 09:54:33,2026-03-07 09:54:33,169.0,mm,DD,169
2026-03-07 09:54:33,2026-03-07 09:54:33,169.0,mm,A,169
2026-03-07 06:54:39,2026-03-07 06:54:39,169.0,mm,DD,169
2026-03-07 06:54:38,2026-03-07 06:54:38,169.0,mm,DD,169
2026-03-07 06:54:38,2026-03-07 06:54:38,169.0,mm,DD,169
2026-03-07 06:54:32,2026-03-07 06:54:33,169.0,mm,DD,169
2026-03-07 06:54:32,2026-03-07 06:54:33,169.0,mm,DD,169
2026-03-07 06:54:32,2026-03-07 06:54:33,169.0,mm,DD,169
2026-03-07 06:54:32,2026-03-07 06:54:33,169.0,mm,A,169
2026-03-07 03:54:37,2026-03-07 03:54:37,169.0,mm,DD,169
2026-03-07 03:54:32,2026-03-07 03:54:31,169.0,mm,DD,169
2026-03-07 03:54:31,2026-03-07 03:54:31,169.0,mm,DD,169
2026-03-07 03:54:31,2026-03-07 03:54:31,169.0,mm,DD,169
2026-03-07 03:54:31,2026-03-07 03:54:31,169.0,mm,DD,169
2026-03-07 03:54:31,2026-03-07 03:54:31,169.0,mm,A,169
2026-03-07 00:54:37,2026-03-07 00:54:37,169.0,mm,DD,169
2026-03-07 00:54:31,2026-03-07 00:54:30,169.0,mm,DD,169
2026-03-07 00:54:30,2026-03-07 00:54:30,169.0,mm,DD,169
2026-03-07 00:54:30,2026-03-07 00:54:30,169.0,mm,DD,169
2026-03-07 00:54:30,2026-03-07 00:54:30,169.0,mm,DD,169
2026-03-07 00:54:30,2026-03-07 00:54:30,169.0,mm,A,169
2026-03-06 21:54:41,2026-03-06 21:54:41,169.0,mm,DD,169
2026-03-06 21:54:35,2026-03-06 21:54:35,169.0,mm,DD,169
2026-03-06 21:54:35,2026-03-06 21:54:35,169.0,mm,DD,169
2026-03-06 21:54:32,2026-03-06 21:54:30,169.0,mm,DD,169
2026-03-06 21:54:30,2026-03-06 21:54:30,169.0,mm,DD,169
2026-03-06 21:54:30,2026-03-06 21:54:30,169.0,mm,DD,169
2026-03-06 21:54:29,2026-03-06 21:54:30,169.0,mm,DD,169
2026-03-06 21:54:29,2026-03-06 21:54:30,169.0,mm,A,169
2026-03-06 18:54:35,2026-03-06 18:54:35,169.0,mm,DD,169
2026-03-06 18:54:29,2026-03-06 18:54:29,169.0,mm,DD,169
2026-03-06 18:54:29,2026-03-06 18:54:29,169.0,mm,DD,169
2026-03-06 18:54:29,2026-03-06 18:54:29,169.0,mm,DD,169
2026-03-06 18:54:29,2026-03-06 18:54:29,169.0,mm,A,169
2026-03-06 15:54:34,2026-03-06 15:54:34,169.0,mm,DD,169
2026-03-06 15:54:28,2026-03-06 15:54:28,169.0,mm,DD,169
2026-03-06 15:54:28,2026-03-06 15:54:28,169.0,mm,DD,169
2026-03-06 15:54:28,2026-03-06 15:54:28,169.0,mm,DD,169
2026-03-06 15:54:28,2026-03-06 15:54:28,169.0,mm,A,169
2026-03-06 12:54:33,2026-03-06 12:54:33,169.0,mm,DD,169
2026-03-06 12:54:29,2026-03-06 12:54:27,169.0,mm,DD,169
2026-03-06 12:54:27,2026-03-06 12:54:27,169.0,mm,DD,169
2026-03-06 12:54:27,2026-03-06 12:54:27,169.0,mm,DD,169
2026-03-06 12:54:27,2026-03-06 12:54:27,169.0,mm,DD,169
2026-03-06 12:54:27,2026-03-06 12:54:27,169.0,mm,A,169
2026-03-06 09:54:33,2026-03-06 09:54:33,169.0,mm,DD,169
2026-03-06 09:54:28,2026-03-06 09:54:26,169.0,mm,DD,169
2026-03-06 09:54:26,2026-03-06 09:54:26,169.0,mm,DD,169
2026-03-06 09:54:26,2026-03-06 09:54:26,169.0,mm,DD,169
2026-03-06 09:54:26,2026-03-06 09:54:26,169.0,mm,DD,169
2026-03-06 09:54:26,2026-03-06 09:54:26,169.0,mm,A,169
2026-03-06 09:22:39,2026-03-06 09:22:37,2,014.0,mm,PD,2014
2026-03-06 06:54:32,2026-03-06 06:54:32,168.0,mm,DD,168
2026-03-06 06:54:31,2026-03-06 06:54:31,168.0,mm,DD,168
2026-03-06 06:54:26,2026-03-06 06:54:26,168.0,mm,DD,168
2026-03-06 06:54:26,2026-03-06 06:54:26,168.0,mm,DD,168
2026-03-06 06:54:26,2026-03-06 06:54:26,168.0,mm,A,168
2026-03-06 06:54:25,2026-03-06 06:54:26,168.0,mm,DD,168
2026-03-06 06:54:25,2026-03-06 06:54:26,168.0,mm,DD,168
2026-03-06 05:27:23,2026-03-06 05:27:21,168.0,mm,DD,168
2026-03-06 05:27:21,2026-03-06 05:27:21,168.0,mm,DD,168
2026-03-06 05:27:21,2026-03-06 05:27:21,168.0,mm,DD,168
2026-03-06 05:27:21,2026-03-06 05:27:21,168.0,mm,DD,168
2026-03-06 05:27:21,2026-03-06 05:27:21,168.0,mm,A,168
2026-03-06 03:54:31,2026-03-06 03:54:31,167.0,mm,DD,167
2026-03-06 03:54:26,2026-03-06 03:54:25,167.0,mm,DD,167
2026-03-06 03:54:25,2026-03-06 03:54:25,167.0,mm,DD,167
2026-03-06 03:54:25,2026-03-06 03:54:25,167.0,mm,DD,167
2026-03-06 03:54:25,2026-03-06 03:54:25,167.0,mm,DD,167
2026-03-06 03:54:25,2026-03-06 03:54:25,167.0,mm,A,167
2026-03-06 03:39:45,2026-03-06 03:39:45,288.0,mm,DD,288
2026-03-06 03:39:42,2026-03-06 03:39:40,288.0,mm,DD,288
2026-03-06 03:39:40,2026-03-06 03:39:40,288.0,mm,DD,288
2026-03-06 03:39:39,2026-03-06 03:39:40,288.0,mm,DD,288
2026-03-06 03:39:39,2026-03-06 03:39:40,288.0,mm,DD,288
2026-03-06 03:39:39,2026-03-06 03:39:40,288.0,mm,DD,288
2026-03-06 03:39:39,2026-03-06 03:39:40,288.0,mm,PD,288
2026-03-06 00:54:31,2026-03-06 00:54:31,167.0,mm,DD,167
2026-03-06 00:54:30,2026-03-06 00:54:30,167.0,mm,DD,167
2026-03-06 00:54:26,2026-03-06 00:54:24,167.0,mm,DD,167
2026-03-06 00:54:25,2026-03-06 00:54:25,167.0,mm,DD,167
2026-03-06 00:54:25,2026-03-06 00:54:25,167.0,mm,DD,167
2026-03-06 00:54:24,2026-03-06 00:54:24,167.0,mm,DD,167
2026-03-06 00:54:24,2026-03-06 00:54:24,167.0,mm,A,167
2026-03-05 21:54:30,2026-03-05 21:54:30,167.0,mm,DD,167
2026-03-05 21:54:23,2026-03-05 21:54:23,167.0,mm,DD,167
2026-03-05 21:54:23,2026-03-05 21:54:23,167.0,mm,DD,167
2026-03-05 21:54:23,2026-03-05 21:54:23,167.0,mm,DD,167
2026-03-05 21:54:23,2026-03-05 21:54:23,167.0,mm,DD,167
2026-03-05 21:54:23,2026-03-05 21:54:23,167.0,mm,A,167
2026-03-05 18:54:24,2026-03-05 18:54:23,167.0,mm,DD,167
2026-03-05 18:54:23,2026-03-05 18:54:23,167.0,mm,DD,167
2026-03-05 18:54:23,2026-03-05 18:54:23,167.0,mm,DD,167
2026-03-05 18:54:23,2026-03-05 18:54:23,167.0,mm,DD,167
2026-03-05 18:54:23,2026-03-05 18:54:23,167.0,mm,A,167
2026-03-05 15:54:22,2026-03-05 15:54:22,167.0,mm,DD,167
2026-03-05 15:54:22,2026-03-05 15:54:22,167.0,mm,DD,167
2026-03-05 15:54:22,2026-03-05 15:54:22,167.0,mm,DD,167
2026-03-05 15:54:22,2026-03-05 15:54:22,167.0,mm,DD,167
2026-03-05 15:54:22,2026-03-05 15:54:22,167.0,mm,A,167
2026-03-05 12:54:27,2026-03-05 12:54:27,167.0,mm,DD,167
2026-03-05 12:54:21,2026-03-05 12:54:21,167.0,mm,DD,167
2026-03-05 12:54:21,2026-03-05 12:54:21,167.0,mm,DD,167
2026-03-05 12:54:21,2026-03-05 12:54:21,167.0,mm,DD,167
2026-03-05 12:54:21,2026-03-05 12:54:21,167.0,mm,DD,167
2026-03-05 12:54:21,2026-03-05 12:54:21,167.0,mm,A,167
2026-03-05 09:54:26,2026-03-05 09:54:26,167.0,mm,DD,167
2026-03-05 09:54:21,2026-03-05 09:54:20,167.0,mm,DD,167
2026-03-05 09:54:20,2026-03-05 09:54:20,167.0,mm,DD,167
2026-03-05 09:54:20,2026-03-05 09:54:20,167.0,mm,DD,167
2026-03-05 09:54:20,2026-03-05 09:54:20,167.0,mm,A,167
2026-03-05 09:22:53,2026-03-05 09:22:53,2,046.0,mm,PD,2046
2026-03-05 09:22:48,2026-03-05 09:22:48,2,014.0,mm,DD,2014
2026-03-05 09:22:47,2026-03-05 09:22:47,2,014.0,mm,DD,2014
2026-03-05 09:22:47,2026-03-05 09:22:47,2,014.0,mm,DD,2014
2026-03-05 09:22:47,2026-03-05 09:22:47,2,014.0,mm,DD,2014
2026-03-05 09:22:47,2026-03-05 09:22:47,2,014.0,mm,PD,2014
2026-03-05 06:54:19,2026-03-05 06:54:19,167.0,mm,DD,167
2026-03-05 06:54:19,2026-03-05 06:54:19,167.0,mm,DD,167
2026-03-05 06:54:19,2026-03-05 06:54:19,167.0,mm,DD,167
2026-03-05 06:54:19,2026-03-05 06:54:19,167.0,mm,DD,167
2026-03-05 06:54:19,2026-03-05 06:54:19,167.0,mm,A,167
2026-03-05 03:54:25,2026-03-05 03:54:25,167.0,mm,DD,167
2026-03-05 03:54:19,2026-03-05 03:54:18,167.0,mm,DD,167
2026-03-05 03:54:18,2026-03-05 03:54:18,167.0,mm,DD,167
2026-03-05 03:54:18,2026-03-05 03:54:18,167.0,mm,DD,167
2026-03-05 03:54:18,2026-03-05 03:54:18,167.0,mm,DD,167
2026-03-05 03:54:18,2026-03-05 03:54:18,167.0,mm,A,167
2026-03-05 00:54:24,2026-03-05 00:54:24,167.0,mm,DD,167
2026-03-05 00:54:24,2026-03-05 00:54:24,167.0,mm,DD,167
2026-03-05 00:54:23,2026-03-05 00:54:24,167.0,mm,DD,167
2026-03-05 00:54:18,2026-03-05 00:54:18,167.0,mm,DD,167
2026-03-05 00:54:18,2026-03-05 00:54:18,167.0,mm,DD,167
2026-03-05 00:54:18,2026-03-05 00:54:18,167.0,mm,A,167
2026-03-05 00:54:17,2026-03-05 00:54:18,167.0,mm,DD,167
2026-03-05 00:54:17,2026-03-05 00:54:18,167.0,mm,DD,167
2026-03-04 21:54:23,2026-03-04 21:54:23,167.0,mm,DD,167
2026-03-04 21:54:18,2026-03-04 21:54:17,167.0,mm,DD,167
2026-03-04 21:54:17,2026-03-04 21:54:17,167.0,mm,DD,167
2026-03-04 21:54:17,2026-03-04 21:54:17,167.0,mm,DD,167
2026-03-04 21:54:17,2026-03-04 21:54:17,167.0,mm,DD,167
2026-03-04 21:54:17,2026-03-04 21:54:17,167.0,mm,A,167
2026-03-04 18:54:16,2026-03-04 18:54:16,167.0,mm,DD,167
2026-03-04 18:54:16,2026-03-04 18:54:16,167.0,mm,DD,167
2026-03-04 18:54:16,2026-03-04 18:54:16,167.0,mm,A,167
2026-03-04 15:54:27,2026-03-04 15:54:27,167.0,mm,DD,167
2026-03-04 15:54:21,2026-03-04 15:54:21,167.0,mm,DD,167
2026-03-04 15:54:16,2026-03-04 15:54:15,167.0,mm,DD,167
2026-03-04 15:54:15,2026-03-04 15:54:15,167.0,mm,DD,167
2026-03-04 15:54:15,2026-03-04 15:54:15,167.0,mm,DD,167
2026-03-04 15:54:15,2026-03-04 15:54:15,167.0,mm,A,167
2026-03-04 12:54:21,2026-03-04 12:54:21,167.0,mm,DD,167
2026-03-04 12:54:16,2026-03-04 12:54:15,167.0,mm,DD,167
2026-03-04 12:54:15,2026-03-04 12:54:15,167.0,mm,DD,167
2026-03-04 12:54:15,2026-03-04 12:54:15,167.0,mm,A,167
2026-03-04 12:54:14,2026-03-04 12:54:15,167.0,mm,DD,167
2026-03-04 12:54:14,2026-03-04 12:54:15,167.0,mm,DD,167
2026-03-04 09:54:21,2026-03-04 09:54:21,167.0,mm,A,167
2026-03-04 09:54:19,2026-03-04 09:54:19,1,575.0,mm,DD,1575
2026-03-04 09:54:19,2026-03-04 09:54:19,1,575.0,mm,PD,1575
2026-03-04 09:54:15,2026-03-04 09:54:14,167.0,mm,DD,167
2026-03-04 09:54:14,2026-03-04 09:54:14,167.0,mm,DD,167
2026-03-04 09:54:14,2026-03-04 09:54:14,167.0,mm,DD,167
2026-03-04 09:54:14,2026-03-04 09:54:14,167.0,mm,DD,167
2026-03-04 09:54:14,2026-03-04 09:54:14,167.0,mm,A,167
2026-03-04 07:43:18,2026-03-04 07:43:18,132.0,mm,DD,132
2026-03-04 07:43:13,2026-03-04 07:43:13,132.0,mm,DD,132
2026-03-04 07:43:12,2026-03-04 07:43:12,132.0,mm,DD,132
2026-03-04 07:43:11,2026-03-04 07:43:12,132.0,mm,DD,132
2026-03-04 07:43:11,2026-03-04 07:43:12,132.0,mm,DD,132
2026-03-04 07:43:11,2026-03-04 07:43:12,132.0,mm,DD,132
2026-03-04 07:43:11,2026-03-04 07:43:12,132.0,mm,ND,132
2026-03-04 07:18:38,2026-03-04 07:18:38,0.0,mm,DD,0
2026-03-04 07:18:34,2026-03-04 07:18:33,0.0,mm,DD,0
2026-03-04 07:18:33,2026-03-04 07:18:33,0.0,mm,DD,0
2026-03-04 07:18:32,2026-03-04 07:18:33,0.0,mm,DD,0
2026-03-04 07:18:32,2026-03-04 07:18:33,0.0,mm,DD,0
2026-03-04 07:18:32,2026-03-04 07:18:33,0.0,mm,DD,0
2026-03-04 07:18:32,2026-03-04 07:18:33,0.0,mm,ND,0
2026-03-04 06:54:20,2026-03-04 06:54:20,167.0,mm,DD,167
2026-03-04 06:54:14,2026-03-04 06:54:14,167.0,mm,DD,167
2026-03-04 06:54:14,2026-03-04 06:54:14,167.0,mm,DD,167
2026-03-04 06:54:13,2026-03-04 06:54:13,167.0,mm,DD,167
2026-03-04 06:54:13,2026-03-04 06:54:13,167.0,mm,DD,167
2026-03-04 06:54:13,2026-03-04 06:54:13,167.0,mm,A,167
2026-03-04 05:55:08,2026-03-04 05:55:07,128.0,mm,DD,128
2026-03-04 05:55:07,2026-03-04 05:55:07,128.0,mm,DD,128
2026-03-04 05:55:07,2026-03-04 05:55:07,128.0,mm,DD,128
2026-03-04 05:55:07,2026-03-04 05:55:07,128.0,mm,ND,128
2026-03-04 05:55:06,2026-03-04 05:55:07,128.0,mm,DD,128
2026-03-04 05:55:06,2026-03-04 05:55:07,128.0,mm,DD,128
2026-03-04 05:55:06,2026-03-04 05:55:07,128.0,mm,DD,128
2026-03-04 05:55:06,2026-03-04 05:55:07,128.0,mm,DD,128
2026-03-04 05:12:26,2026-03-04 05:12:26,0.0,mm,DD,0
2026-03-04 05:12:22,2026-03-04 05:12:21,0.0,mm,DD,0
2026-03-04 05:12:20,2026-03-04 05:12:20,0.0,mm,DD,0
2026-03-04 05:12:20,2026-03-04 05:12:20,0.0,mm,DD,0
2026-03-04 05:12:20,2026-03-04 05:12:20,0.0,mm,DD,0
2026-03-04 05:12:20,2026-03-04 05:12:20,0.0,mm,ND,0
2026-03-04 03:54:13,2026-03-04 03:54:12,167.0,mm,A,167
2026-03-04 03:54:12,2026-03-04 03:54:12,167.0,mm,DD,167
2026-03-04 03:54:12,2026-03-04 03:54:12,167.0,mm,DD,167
2026-03-04 00:54:17,2026-03-04 00:54:17,167.0,mm,DD,167
2026-03-04 00:54:12,2026-03-04 00:54:12,167.0,mm,DD,167
2026-03-04 00:54:12,2026-03-04 00:54:12,167.0,mm,DD,167
2026-03-04 00:54:11,2026-03-04 00:54:12,167.0,mm,DD,167
2026-03-04 00:54:11,2026-03-04 00:54:12,167.0,mm,DD,167
2026-03-04 00:54:11,2026-03-04 00:54:12,167.0,mm,DD,167
2026-03-04 00:54:11,2026-03-04 00:54:12,167.0,mm,DD,167
2026-03-04 00:54:11,2026-03-04 00:54:12,167.0,mm,A,167
2026-03-03 21:54:17,2026-03-03 21:54:17,167.0,mm,DD,167
2026-03-03 21:54:11,2026-03-03 21:54:11,167.0,mm,DD,167
2026-03-03 21:54:11,2026-03-03 21:54:11,167.0,mm,DD,167
2026-03-03 21:54:11,2026-03-03 21:54:11,167.0,mm,DD,167
2026-03-03 21:54:11,2026-03-03 21:54:11,167.0,mm,A,167
2026-03-03 21:54:10,2026-03-03 21:54:11,167.0,mm,DD,167
2026-03-03 21:54:10,2026-03-03 21:54:11,167.0,mm,DD,167
2026-03-03 18:54:16,2026-03-03 18:54:16,167.0,mm,DD,167
2026-03-03 18:54:10,2026-03-03 18:54:10,167.0,mm,DD,167
2026-03-03 18:54:10,2026-03-03 18:54:10,167.0,mm,DD,167
2026-03-03 18:54:10,2026-03-03 18:54:10,167.0,mm,DD,167
2026-03-03 18:54:10,2026-03-03 18:54:10,167.0,mm,DD,167
2026-03-03 18:54:10,2026-03-03 18:54:10,167.0,mm,DD,167
2026-03-03 18:54:10,2026-03-03 18:54:10,167.0,mm,DD,167
2026-03-03 18:54:10,2026-03-03 18:54:10,167.0,mm,A,167
2026-03-03 15:54:15,2026-03-03 15:54:15,167.0,mm,DD,167
2026-03-03 15:54:09,2026-03-03 15:54:09,167.0,mm,DD,167
2026-03-03 15:54:09,2026-03-03 15:54:09,167.0,mm,DD,167
2026-03-03 15:54:09,2026-03-03 15:54:09,167.0,mm,DD,167
2026-03-03 15:54:09,2026-03-03 15:54:09,167.0,mm,DD,167
2026-03-03 15:54:09,2026-03-03 15:54:09,167.0,mm,A,167
2026-03-03 12:54:14,2026-03-03 12:54:14,167.0,mm,DD,167
2026-03-03 12:54:09,2026-03-03 12:54:08,167.0,mm,DD,167
2026-03-03 12:54:09,2026-03-03 12:54:08,167.0,mm,DD,167
2026-03-03 12:54:08,2026-03-03 12:54:08,167.0,mm,DD,167
2026-03-03 12:54:08,2026-03-03 12:54:08,167.0,mm,DD,167
2026-03-03 12:54:08,2026-03-03 12:54:08,167.0,mm,DD,167
2026-03-03 12:54:08,2026-03-03 12:54:08,167.0,mm,A,167
2026-03-03 09:54:13,2026-03-03 09:54:13,167.0,mm,DD,167
2026-03-03 09:54:07,2026-03-03 09:54:07,167.0,mm,DD,167
2026-03-03 09:54:07,2026-03-03 09:54:07,167.0,mm,DD,167
2026-03-03 09:54:07,2026-03-03 09:54:07,167.0,mm,DD,167
2026-03-03 09:54:07,2026-03-03 09:54:07,167.0,mm,DD,167
2026-03-03 09:54:07,2026-03-03 09:54:07,167.0,mm,DD,167
2026-03-03 09:54:07,2026-03-03 09:54:07,167.0,mm,A,167
2026-03-03 06:54:13,2026-03-03 06:54:13,167.0,mm,DD,167
2026-03-03 06:54:12,2026-03-03 06:54:12,167.0,mm,DD,167
2026-03-03 06:54:12,2026-03-03 06:54:12,167.0,mm,DD,167
2026-03-03 06:54:07,2026-03-03 06:54:07,167.0,mm,DD,167
2026-03-03 06:54:07,2026-03-03 06:54:07,167.0,mm,DD,167
2026-03-03 06:54:06,2026-03-03 06:54:07,167.0,mm,DD,167
2026-03-03 06:54:06,2026-03-03 06:54:07,167.0,mm,A,167
2026-03-03 03:54:12,2026-03-03 03:54:12,167.0,mm,DD,167
2026-03-03 03:54:06,2026-03-03 03:54:06,167.0,mm,DD,167
2026-03-03 03:54:06,2026-03-03 03:54:06,167.0,mm,DD,167
2026-03-03 03:54:06,2026-03-03 03:54:06,167.0,mm,DD,167
2026-03-03 03:54:06,2026-03-03 03:54:06,167.0,mm,DD,167
2026-03-03 03:54:06,2026-03-03 03:54:06,167.0,mm,DD,167
2026-03-03 03:54:06,2026-03-03 03:54:06,167.0,mm,A,167
2026-03-03 01:43:04,2026-03-03 01:43:04,129.0,mm,ND,129
2026-03-03 00:54:11,2026-03-03 00:54:11,167.0,mm,DD,167
2026-03-03 00:54:10,2026-03-03 00:54:10,167.0,mm,DD,167
2026-03-03 00:54:10,2026-03-03 00:54:10,167.0,mm,DD,167
2026-03-03 00:54:06,2026-03-03 00:54:05,167.0,mm,DD,167
2026-03-03 00:54:06,2026-03-03 00:54:05,167.0,mm,DD,167
2026-03-03 00:54:05,2026-03-03 00:54:05,167.0,mm,DD,167
2026-03-03 00:54:05,2026-03-03 00:54:05,167.0,mm,DD,167
2026-03-03 00:54:05,2026-03-03 00:54:05,167.0,mm,DD,167
2026-03-03 00:54:05,2026-03-03 00:54:05,167.0,mm,A,167
2026-03-02 21:54:16,2026-03-02 21:54:16,167.0,mm,DD,167
2026-03-02 21:54:10,2026-03-02 21:54:10,167.0,mm,DD,167
2026-03-02 21:54:05,2026-03-02 21:54:05,167.0,mm,DD,167
2026-03-02 21:54:05,2026-03-02 21:54:05,167.0,mm,DD,167
2026-03-02 21:54:05,2026-03-02 21:54:05,167.0,mm,DD,167
2026-03-02 21:54:04,2026-03-02 21:54:04,167.0,mm,DD,167
2026-03-02 21:54:04,2026-03-02 21:54:04,167.0,mm,A,167
2026-03-02 18:54:10,2026-03-02 18:54:10,167.0,mm,DD,167
2026-03-02 18:54:04,2026-03-02 18:54:04,167.0,mm,DD,167
2026-03-02 18:54:04,2026-03-02 18:54:04,167.0,mm,DD,167
2026-03-02 18:54:03,2026-03-02 18:54:04,167.0,mm,DD,167
2026-03-02 18:54:03,2026-03-02 18:54:04,167.0,mm,DD,167
2026-03-02 18:54:03,2026-03-02 18:54:04,167.0,mm,DD,167
2026-03-02 18:54:03,2026-03-02 18:54:04,167.0,mm,DD,167
2026-03-02 18:54:03,2026-03-02 18:54:04,167.0,mm,DD,167
2026-03-02 18:54:03,2026-03-02 18:54:04,167.0,mm,A,167
2026-03-02 15:54:09,2026-03-02 15:54:09,167.0,mm,DD,167
2026-03-02 15:54:03,2026-03-02 15:54:03,167.0,mm,A,167
2026-03-02 15:54:02,2026-03-02 15:54:03,167.0,mm,DD,167
2026-03-02 15:54:02,2026-03-02 15:54:03,167.0,mm,DD,167
2026-03-02 15:54:02,2026-03-02 15:54:03,167.0,mm,DD,167
2026-03-02 12:54:02,2026-03-02 12:54:02,167.0,mm,DD,167
2026-03-02 12:54:02,2026-03-02 12:54:02,167.0,mm,DD,167
2026-03-02 12:54:02,2026-03-02 12:54:02,167.0,mm,DD,167
2026-03-02 12:54:02,2026-03-02 12:54:02,167.0,mm,A,167
2026-03-02 09:54:07,2026-03-02 09:54:07,167.0,mm,DD,167
2026-03-02 09:54:01,2026-03-02 09:54:01,167.0,mm,DD,167
2026-03-02 09:54:01,2026-03-02 09:54:01,167.0,mm,DD,167
2026-03-02 09:54:01,2026-03-02 09:54:01,167.0,mm,DD,167
2026-03-02 09:54:01,2026-03-02 09:54:01,167.0,mm,A,167
2026-03-02 06:54:11,2026-03-02 06:54:11,167.0,mm,DD,167
2026-03-02 06:54:05,2026-03-02 06:54:05,167.0,mm,DD,167
2026-03-02 06:54:00,2026-03-02 06:54:00,167.0,mm,DD,167
2026-03-02 06:54:00,2026-03-02 06:54:00,167.0,mm,DD,167
2026-03-02 06:54:00,2026-03-02 06:54:00,167.0,mm,DD,167
2026-03-02 06:54:00,2026-03-02 06:54:00,167.0,mm,A,167
2026-03-02 03:54:06,2026-03-02 03:54:06,167.0,mm,DD,167
2026-03-02 03:54:00,2026-03-02 03:53:59,167.0,mm,DD,167
2026-03-02 03:53:59,2026-03-02 03:53:59,167.0,mm,DD,167
2026-03-02 03:53:59,2026-03-02 03:53:59,167.0,mm,DD,167
2026-03-02 03:53:59,2026-03-02 03:53:59,167.0,mm,DD,167
2026-03-02 03:53:59,2026-03-02 03:53:59,167.0,mm,A,167
2026-03-02 00:54:05,2026-03-02 00:54:05,1,447.0,mm,PD,1447
2026-03-02 00:53:59,2026-03-02 00:53:59,167.0,mm,DD,167
2026-03-02 00:53:59,2026-03-02 00:53:59,167.0,mm,DD,167
2026-03-02 00:53:59,2026-03-02 00:53:59,167.0,mm,A,167
2026-03-02 00:53:58,2026-03-02 00:53:59,167.0,mm,DD,167
2026-03-02 00:53:58,2026-03-02 00:53:59,167.0,mm,DD,167
2026-03-01 21:54:04,2026-03-01 21:54:04,167.0,mm,DD,167
2026-03-01 21:53:58,2026-03-01 21:53:58,167.0,mm,DD,167
2026-03-01 21:53:58,2026-03-01 21:53:58,167.0,mm,DD,167
2026-03-01 21:53:58,2026-03-01 21:53:58,167.0,mm,DD,167
2026-03-01 21:53:58,2026-03-01 21:53:58,167.0,mm,A,167
2026-03-01 18:54:03,2026-03-01 18:54:03,167.0,mm,DD,167
2026-03-01 18:53:57,2026-03-01 18:53:57,167.0,mm,DD,167
2026-03-01 18:53:57,2026-03-01 18:53:57,167.0,mm,DD,167
2026-03-01 18:53:57,2026-03-01 18:53:57,167.0,mm,DD,167
2026-03-01 18:53:57,2026-03-01 18:53:57,167.0,mm,A,167
2026-03-01 15:53:57,2026-03-01 15:53:56,167.0,mm,DD,167
2026-03-01 15:53:56,2026-03-01 15:53:56,167.0,mm,DD,167
2026-03-01 15:53:56,2026-03-01 15:53:56,167.0,mm,A,167
2026-03-01 12:53:57,2026-03-01 12:53:56,167.0,mm,DD,167
2026-03-01 12:53:55,2026-03-01 12:53:56,167.0,mm,DD,167
2026-03-01 12:53:55,2026-03-01 12:53:56,167.0,mm,DD,167
2026-03-01 12:53:55,2026-03-01 12:53:56,167.0,mm,DD,167
2026-03-01 12:53:55,2026-03-01 12:53:56,167.0,mm,A,167
2026-03-01 09:53:55,2026-03-01 09:53:55,167.0,mm,DD,167
2026-03-01 09:53:55,2026-03-01 09:53:55,167.0,mm,DD,167
2026-03-01 09:53:55,2026-03-01 09:53:55,167.0,mm,A,167
2026-03-01 09:53:54,2026-03-01 09:53:55,167.0,mm,DD,167
2026-03-01 09:53:54,2026-03-01 09:53:55,167.0,mm,DD,167
2026-03-01 06:54:00,2026-03-01 06:54:00,167.0,mm,DD,167
2026-03-01 06:53:54,2026-03-01 06:53:54,167.0,mm,DD,167
2026-03-01 06:53:54,2026-03-01 06:53:54,167.0,mm,DD,167
2026-03-01 06:53:54,2026-03-01 06:53:54,167.0,mm,DD,167
2026-03-01 06:53:54,2026-03-01 06:53:54,167.0,mm,DD,167
2026-03-01 06:53:54,2026-03-01 06:53:54,167.0,mm,A,167
2026-03-01 03:53:59,2026-03-01 03:53:59,167.0,mm,DD,167
2026-03-01 03:53:54,2026-03-01 03:53:53,167.0,mm,DD,167
2026-03-01 03:53:53,2026-03-01 03:53:53,167.0,mm,DD,167
2026-03-01 03:53:53,2026-03-01 03:53:53,167.0,mm,DD,167
2026-03-01 03:53:53,2026-03-01 03:53:53,167.0,mm,DD,167
2026-03-01 03:53:53,2026-03-01 03:53:53,167.0,mm,A,167
2026-03-01 02:20:59,2026-03-01 02:20:59,287.0,mm,DD,287
2026-03-01 02:20:59,2026-03-01 02:20:59,287.0,mm,PD,287
2026-03-01 00:54:03,2026-03-01 00:54:03,167.0,mm,DD,167
2026-03-01 00:53:57,2026-03-01 00:53:57,167.0,mm,DD,167
2026-03-01 00:53:57,2026-03-01 00:53:57,167.0,mm,DD,167
2026-03-01 00:53:53,2026-03-01 00:53:52,167.0,mm,DD,167
2026-03-01 00:53:52,2026-03-01 00:53:52,167.0,mm,DD,167
2026-03-01 00:53:52,2026-03-01 00:53:52,167.0,mm,DD,167
2026-03-01 00:53:52,2026-03-01 00:53:52,167.0,mm,DD,167
2026-03-01 00:53:52,2026-03-01 00:53:52,167.0,mm,A,167
2026-02-28 21:53:58,2026-02-28 21:53:58,167.0,mm,DD,167
2026-02-28 21:53:52,2026-02-28 21:53:52,167.0,mm,DD,167
2026-02-28 21:53:52,2026-02-28 21:53:52,167.0,mm,DD,167
2026-02-28 21:53:52,2026-02-28 21:53:52,167.0,mm,A,167
2026-02-28 21:53:51,2026-02-28 21:53:52,167.0,mm,DD,167
2026-02-28 21:53:51,2026-02-28 21:53:52,167.0,mm,DD,167
2026-02-28 18:53:57,2026-02-28 18:53:57,167.0,mm,DD,167
2026-02-28 18:53:51,2026-02-28 18:53:51,167.0,mm,DD,167
2026-02-28 18:53:51,2026-02-28 18:53:51,167.0,mm,DD,167
2026-02-28 18:53:51,2026-02-28 18:53:51,167.0,mm,DD,167
2026-02-28 18:53:51,2026-02-28 18:53:51,167.0,mm,DD,167
2026-02-28 18:53:51,2026-02-28 18:53:51,167.0,mm,A,167
2026-02-28 15:53:51,2026-02-28 15:53:50,167.0,mm,DD,167
2026-02-28 15:53:50,2026-02-28 15:53:50,167.0,mm,DD,167
2026-02-28 15:53:50,2026-02-28 15:53:50,167.0,mm,DD,167
2026-02-28 15:53:50,2026-02-28 15:53:50,167.0,mm,DD,167
2026-02-28 15:53:50,2026-02-28 15:53:50,167.0,mm,A,167
2026-02-28 12:53:55,2026-02-28 12:53:55,167.0,mm,DD,167
2026-02-28 12:53:54,2026-02-28 12:53:54,167.0,mm,DD,167
2026-02-28 12:53:54,2026-02-28 12:53:54,167.0,mm,DD,167
2026-02-28 12:53:50,2026-02-28 12:53:49,167.0,mm,DD,167
2026-02-28 12:53:49,2026-02-28 12:53:49,167.0,mm,DD,167
2026-02-28 12:53:49,2026-02-28 12:53:49,167.0,mm,DD,167
2026-02-28 12:53:49,2026-02-28 12:53:49,167.0,mm,DD,167
2026-02-28 12:53:49,2026-02-28 12:53:49,167.0,mm,A,167
2026-02-28 10:29:03,2026-02-28 10:29:03,0.0,mm,DD,0
2026-02-28 10:28:58,2026-02-28 10:28:57,0.0,mm,ND,0
2026-02-28 10:28:57,2026-02-28 10:28:57,128.0,mm,DD,128
2026-02-28 10:28:57,2026-02-28 10:28:57,128.0,mm,ND,128
2026-02-28 09:53:54,2026-02-28 09:53:54,167.0,mm,DD,167
2026-02-28 09:53:48,2026-02-28 09:53:48,167.0,mm,DD,167
2026-02-28 09:53:48,2026-02-28 09:53:48,167.0,mm,DD,167
2026-02-28 09:53:48,2026-02-28 09:53:48,167.0,mm,DD,167
2026-02-28 09:53:48,2026-02-28 09:53:48,167.0,mm,DD,167
2026-02-28 09:53:48,2026-02-28 09:53:48,167.0,mm,A,167
2026-02-28 07:42:49,2026-02-28 07:42:49,133.0,mm,DD,133
2026-02-28 07:42:45,2026-02-28 07:42:44,133.0,mm,DD,133
2026-02-28 07:42:44,2026-02-28 07:42:44,133.0,mm,DD,133
2026-02-28 07:42:44,2026-02-28 07:42:44,133.0,mm,DD,133
2026-02-28 07:42:44,2026-02-28 07:42:44,133.0,mm,ND,133
2026-02-28 07:42:43,2026-02-28 07:42:44,133.0,mm,DD,133
2026-02-28 07:42:43,2026-02-28 07:42:44,133.0,mm,DD,133
2026-02-28 06:53:54,2026-02-28 06:53:54,167.0,mm,DD,167
2026-02-28 06:53:48,2026-02-28 06:53:47,167.0,mm,DD,167
2026-02-28 06:53:47,2026-02-28 06:53:47,167.0,mm,DD,167
2026-02-28 06:53:47,2026-02-28 06:53:47,167.0,mm,DD,167
2026-02-28 06:53:47,2026-02-28 06:53:47,167.0,mm,DD,167
2026-02-28 06:53:47,2026-02-28 06:53:47,167.0,mm,A,167
2026-02-28 03:53:47,2026-02-28 03:53:47,167.0,mm,DD,167
2026-02-28 03:53:47,2026-02-28 03:53:47,167.0,mm,DD,167
2026-02-28 03:53:47,2026-02-28 03:53:47,167.0,mm,A,167
2026-02-28 03:53:46,2026-02-28 03:53:47,167.0,mm,DD,167
2026-02-28 03:53:46,2026-02-28 03:53:47,167.0,mm,DD,167
2026-02-28 00:53:46,2026-02-28 00:53:46,167.0,mm,DD,167
2026-02-28 00:53:46,2026-02-28 00:53:46,167.0,mm,DD,167
2026-02-28 00:53:46,2026-02-28 00:53:46,167.0,mm,DD,167
2026-02-28 00:53:46,2026-02-28 00:53:46,167.0,mm,A,167
2026-02-27 21:53:45,2026-02-27 21:53:45,167.0,mm,DD,167
2026-02-27 21:53:45,2026-02-27 21:53:45,167.0,mm,DD,167
2026-02-27 21:53:45,2026-02-27 21:53:45,167.0,mm,DD,167
2026-02-27 21:53:45,2026-02-27 21:53:45,167.0,mm,A,167
2026-02-27 18:53:45,2026-02-27 18:53:44,167.0,mm,DD,167
2026-02-27 18:53:44,2026-02-27 18:53:44,167.0,mm,DD,167
2026-02-27 18:53:44,2026-02-27 18:53:44,167.0,mm,DD,167
2026-02-27 18:53:44,2026-02-27 18:53:44,167.0,mm,DD,167
2026-02-27 18:53:44,2026-02-27 18:53:44,167.0,mm,A,167
2026-02-27 15:53:50,2026-02-27 15:53:50,167.0,mm,DD,167
2026-02-27 15:53:49,2026-02-27 15:53:49,167.0,mm,DD,167
2026-02-27 15:53:49,2026-02-27 15:53:49,167.0,mm,DD,167
2026-02-27 15:53:48,2026-02-27 15:53:48,167.0,mm,DD,167
2026-02-27 15:53:48,2026-02-27 15:53:48,167.0,mm,DD,167
2026-02-27 15:53:44,2026-02-27 15:53:44,167.0,mm,A,167
2026-02-27 15:53:43,2026-02-27 15:53:44,167.0,mm,DD,167
2026-02-27 15:53:43,2026-02-27 15:53:44,167.0,mm,DD,167
2026-02-27 15:23:15,2026-02-27 15:23:15,2,014.0,mm,DD,2014
2026-02-27 15:23:10,2026-02-27 15:23:10,2,014.0,mm,DD,2014
2026-02-27 15:23:09,2026-02-27 15:23:09,2,014.0,mm,DD,2014
2026-02-27 15:23:09,2026-02-27 15:23:09,2,014.0,mm,DD,2014
2026-02-27 15:23:09,2026-02-27 15:23:09,2,014.0,mm,DD,2014
2026-02-27 15:23:09,2026-02-27 15:23:09,2,014.0,mm,PD,2014
2026-02-27 12:53:49,2026-02-27 12:53:49,167.0,mm,DD,167
2026-02-27 12:53:43,2026-02-27 12:53:43,167.0,mm,DD,167
2026-02-27 12:53:43,2026-02-27 12:53:43,167.0,mm,DD,167
2026-02-27 12:53:43,2026-02-27 12:53:43,167.0,mm,A,167
2026-02-27 12:53:42,2026-02-27 12:53:43,167.0,mm,DD,167
2026-02-27 12:53:42,2026-02-27 12:53:43,167.0,mm,DD,167
2026-02-27 09:53:42,2026-02-27 09:53:42,167.0,mm,DD,167
2026-02-27 09:53:42,2026-02-27 09:53:42,167.0,mm,DD,167
2026-02-27 09:53:42,2026-02-27 09:53:42,167.0,mm,DD,167
2026-02-27 09:53:42,2026-02-27 09:53:42,167.0,mm,A,167
2026-02-27 06:53:42,2026-02-27 06:53:41,167.0,mm,DD,167
2026-02-27 06:53:41,2026-02-27 06:53:41,167.0,mm,DD,167
2026-02-27 06:53:41,2026-02-27 06:53:41,167.0,mm,DD,167
2026-02-27 06:53:41,2026-02-27 06:53:41,167.0,mm,DD,167
2026-02-27 06:53:41,2026-02-27 06:53:41,167.0,mm,A,167
2026-02-27 03:53:47,2026-02-27 03:53:47,167.0,mm,DD,167
2026-02-27 03:53:46,2026-02-27 03:53:46,167.0,mm,DD,167
2026-02-27 03:53:46,2026-02-27 03:53:46,167.0,mm,DD,167
2026-02-27 03:53:41,2026-02-27 03:53:40,167.0,mm,DD,167
2026-02-27 03:53:40,2026-02-27 03:53:40,167.0,mm,DD,167
2026-02-27 03:53:40,2026-02-27 03:53:40,167.0,mm,DD,167
2026-02-27 03:53:40,2026-02-27 03:53:40,167.0,mm,DD,167
2026-02-27 03:53:40,2026-02-27 03:53:40,167.0,mm,A,167
2026-02-27 00:53:46,2026-02-27 00:53:46,167.0,mm,DD,167
2026-02-27 00:53:40,2026-02-27 00:53:40,167.0,mm,DD,167
2026-02-27 00:53:40,2026-02-27 00:53:40,167.0,mm,DD,167
2026-02-27 00:53:40,2026-02-27 00:53:40,167.0,mm,A,167
2026-02-27 00:53:39,2026-02-27 00:53:40,167.0,mm,DD,167
2026-02-27 00:53:39,2026-02-27 00:53:40,167.0,mm,DD,167
2026-02-26 21:53:44,2026-02-26 21:53:44,167.0,mm,DD,167
2026-02-26 21:53:39,2026-02-26 21:53:40,167.0,mm,DD,167
2026-02-26 21:53:39,2026-02-26 21:53:40,167.0,mm,DD,167
2026-02-26 21:53:39,2026-02-26 21:53:40,167.0,mm,DD,167
2026-02-26 21:53:39,2026-02-26 21:53:40,167.0,mm,DD,167
2026-02-26 21:53:39,2026-02-26 21:53:40,167.0,mm,A,167
2026-02-26 18:53:44,2026-02-26 18:53:44,167.0,mm,DD,167
2026-02-26 18:53:39,2026-02-26 18:53:38,167.0,mm,DD,167
2026-02-26 18:53:38,2026-02-26 18:53:38,167.0,mm,DD,167
2026-02-26 18:53:38,2026-02-26 18:53:38,167.0,mm,DD,167
2026-02-26 18:53:38,2026-02-26 18:53:38,167.0,mm,DD,167
2026-02-26 18:53:38,2026-02-26 18:53:38,167.0,mm,A,167
2026-02-26 16:50:56,2026-02-26 16:50:56,257.0,mm,PD,257
2026-02-26 15:53:38,2026-02-26 15:53:37,167.0,mm,A,167
2026-02-26 15:53:37,2026-02-26 15:53:37,167.0,mm,DD,167
2026-02-26 15:53:37,2026-02-26 15:53:37,167.0,mm,DD,167
2026-02-26 12:53:43,2026-02-26 12:53:43,167.0,mm,DD,167
2026-02-26 12:53:37,2026-02-26 12:53:36,167.0,mm,DD,167
2026-02-26 12:53:36,2026-02-26 12:53:37,167.0,mm,DD,167
2026-02-26 12:53:36,2026-02-26 12:53:37,167.0,mm,DD,167
2026-02-26 12:53:36,2026-02-26 12:53:37,167.0,mm,DD,167
2026-02-26 12:53:36,2026-02-26 12:53:37,167.0,mm,A,167
2026-02-26 09:53:42,2026-02-26 09:53:42,167.0,mm,DD,167
2026-02-26 09:53:36,2026-02-26 09:53:36,167.0,mm,A,167
2026-02-26 09:53:35,2026-02-26 09:53:36,167.0,mm,DD,167
2026-02-26 09:53:35,2026-02-26 09:53:36,167.0,mm,DD,167
2026-02-26 06:53:41,2026-02-26 06:53:41,167.0,mm,DD,167
2026-02-26 06:53:35,2026-02-26 06:53:35,167.0,mm,DD,167
2026-02-26 06:53:35,2026-02-26 06:53:35,167.0,mm,DD,167
2026-02-26 06:53:35,2026-02-26 06:53:35,167.0,mm,DD,167
2026-02-26 06:53:35,2026-02-26 06:53:35,167.0,mm,DD,167
2026-02-26 06:53:35,2026-02-26 06:53:35,167.0,mm,A,167
2026-02-26 03:53:40,2026-02-26 03:53:40,167.0,mm,DD,167
2026-02-26 03:53:35,2026-02-26 03:53:34,167.0,mm,DD,167
2026-02-26 03:53:34,2026-02-26 03:53:34,167.0,mm,DD,167
2026-02-26 03:53:34,2026-02-26 03:53:34,167.0,mm,DD,167
2026-02-26 03:53:34,2026-02-26 03:53:34,167.0,mm,DD,167
2026-02-26 03:53:34,2026-02-26 03:53:34,167.0,mm,A,167
2026-02-26 00:53:39,2026-02-26 00:53:39,167.0,mm,DD,167
2026-02-26 00:53:39,2026-02-26 00:53:39,167.0,mm,DD,167
2026-02-26 00:53:33,2026-02-26 00:53:33,167.0,mm,DD,167
2026-02-26 00:53:33,2026-02-26 00:53:33,167.0,mm,DD,167
2026-02-26 00:53:33,2026-02-26 00:53:33,167.0,mm,DD,167
2026-02-26 00:53:33,2026-02-26 00:53:33,167.0,mm,DD,167
2026-02-26 00:53:33,2026-02-26 00:53:33,167.0,mm,A,167
2026-02-25 21:53:39,2026-02-25 21:53:39,167.0,mm,DD,167
2026-02-25 21:53:33,2026-02-25 21:53:33,167.0,mm,DD,167
2026-02-25 21:53:32,2026-02-25 21:53:33,167.0,mm,DD,167
2026-02-25 21:53:32,2026-02-25 21:53:33,167.0,mm,DD,167
2026-02-25 21:53:32,2026-02-25 21:53:33,167.0,mm,DD,167
2026-02-25 21:53:32,2026-02-25 21:53:33,167.0,mm,A,167
2026-02-25 18:53:38,2026-02-25 18:53:38,167.0,mm,DD,167
2026-02-25 18:53:33,2026-02-25 18:53:32,167.0,mm,DD,167
2026-02-25 18:53:32,2026-02-25 18:53:32,167.0,mm,DD,167
2026-02-25 18:53:32,2026-02-25 18:53:32,167.0,mm,DD,167
2026-02-25 18:53:32,2026-02-25 18:53:32,167.0,mm,DD,167
2026-02-25 18:53:32,2026-02-25 18:53:32,167.0,mm,A,167
2026-02-25 18:05:10,2026-02-25 18:05:10,0.0,mm,DD,0
2026-02-25 18:05:05,2026-02-25 18:05:05,0.0,mm,DD,0
2026-02-25 18:05:05,2026-02-25 18:05:05,0.0,mm,DD,0
2026-02-25 18:05:04,2026-02-25 18:05:04,0.0,mm,DD,0
2026-02-25 18:05:04,2026-02-25 18:05:04,0.0,mm,DD,0
2026-02-25 18:05:04,2026-02-25 18:05:04,0.0,mm,DD,0
2026-02-25 18:05:04,2026-02-25 18:05:04,0.0,mm,DD,0
2026-02-25 18:05:04,2026-02-25 18:05:04,0.0,mm,DD,0
2026-02-25 18:05:04,2026-02-25 18:05:04,0.0,mm,ND,0
2026-02-25 15:53:37,2026-02-25 15:53:37,167.0,mm,DD,167
2026-02-25 15:53:32,2026-02-25 15:53:31,167.0,mm,DD,167
2026-02-25 15:53:31,2026-02-25 15:53:31,167.0,mm,DD,167
2026-02-25 15:53:31,2026-02-25 15:53:31,167.0,mm,DD,167
2026-02-25 15:53:31,2026-02-25 15:53:31,167.0,mm,DD,167
2026-02-25 15:53:31,2026-02-25 15:53:31,167.0,mm,A,167
2026-02-25 12:53:30,2026-02-25 12:53:30,167.0,mm,DD,167
2026-02-25 12:53:30,2026-02-25 12:53:30,167.0,mm,DD,167
2026-02-25 12:53:30,2026-02-25 12:53:30,167.0,mm,DD,167
2026-02-25 12:53:30,2026-02-25 12:53:30,167.0,mm,DD,167
2026-02-25 12:53:30,2026-02-25 12:53:30,167.0,mm,A,167
2026-02-25 09:53:35,2026-02-25 09:53:35,167.0,mm,DD,167
2026-02-25 09:53:30,2026-02-25 09:53:29,167.0,mm,DD,167
2026-02-25 09:53:29,2026-02-25 09:53:29,167.0,mm,DD,167
2026-02-25 09:53:29,2026-02-25 09:53:29,167.0,mm,DD,167
2026-02-25 09:53:29,2026-02-25 09:53:29,167.0,mm,DD,167
2026-02-25 09:53:29,2026-02-25 09:53:29,167.0,mm,A,167
2026-02-25 06:53:34,2026-02-25 06:53:34,167.0,mm,DD,167
2026-02-25 06:53:29,2026-02-25 06:53:28,167.0,mm,DD,167
2026-02-25 06:53:28,2026-02-25 06:53:28,167.0,mm,DD,167
2026-02-25 06:53:28,2026-02-25 06:53:28,167.0,mm,DD,167
2026-02-25 06:53:28,2026-02-25 06:53:28,167.0,mm,DD,167
2026-02-25 06:53:28,2026-02-25 06:53:28,167.0,mm,A,167
2026-02-25 05:09:57,2026-02-25 05:09:57,1,574.0,mm,PD,1574
2026-02-25 03:53:34,2026-02-25 03:53:34,167.0,mm,DD,167
2026-02-25 03:53:28,2026-02-25 03:53:28,167.0,mm,DD,167
2026-02-25 03:53:28,2026-02-25 03:53:28,167.0,mm,DD,167
2026-02-25 03:53:28,2026-02-25 03:53:28,167.0,mm,DD,167
2026-02-25 03:53:28,2026-02-25 03:53:28,167.0,mm,A,167
2026-02-25 00:53:39,2026-02-25 00:53:39,423.0,mm,DD,423
2026-02-25 00:53:33,2026-02-25 00:53:33,423.0,mm,PD,423
2026-02-25 00:53:32,2026-02-25 00:53:32,423.0,mm,DD,423
2026-02-25 00:53:32,2026-02-25 00:53:32,423.0,mm,PD,423
2026-02-25 00:53:27,2026-02-25 00:53:27,167.0,mm,DD,167
2026-02-25 00:53:27,2026-02-25 00:53:27,167.0,mm,DD,167
2026-02-25 00:53:27,2026-02-25 00:53:27,167.0,mm,DD,167
2026-02-25 00:53:27,2026-02-25 00:53:27,167.0,mm,DD,167
2026-02-25 00:53:27,2026-02-25 00:53:27,167.0,mm,A,167
2026-02-24 21:53:32,2026-02-24 21:53:32,167.0,mm,DD,167
2026-02-24 21:53:27,2026-02-24 21:53:26,167.0,mm,DD,167
2026-02-24 21:53:26,2026-02-24 21:53:26,167.0,mm,DD,167
2026-02-24 21:53:26,2026-02-24 21:53:26,167.0,mm,DD,167
2026-02-24 21:53:26,2026-02-24 21:53:26,167.0,mm,DD,167
2026-02-24 21:53:26,2026-02-24 21:53:26,167.0,mm,A,167
2026-02-24 18:53:31,2026-02-24 18:53:31,167.0,mm,DD,167
2026-02-24 18:53:31,2026-02-24 18:53:31,167.0,mm,DD,167
2026-02-24 18:53:31,2026-02-24 18:53:31,167.0,mm,DD,167
2026-02-24 18:53:26,2026-02-24 18:53:25,167.0,mm,DD,167
2026-02-24 18:53:25,2026-02-24 18:53:25,167.0,mm,DD,167
2026-02-24 18:53:25,2026-02-24 18:53:25,167.0,mm,DD,167
2026-02-24 18:53:25,2026-02-24 18:53:25,167.0,mm,DD,167
2026-02-24 18:53:25,2026-02-24 18:53:25,167.0,mm,A,167
2026-02-24 18:23:26,2026-02-24 18:23:26,2,014.0,mm,DD,2014
2026-02-24 18:23:21,2026-02-24 18:23:21,2,014.0,mm,DD,2014
2026-02-24 18:23:21,2026-02-24 18:23:21,2,014.0,mm,DD,2014
2026-02-24 18:23:21,2026-02-24 18:23:21,2,014.0,mm,DD,2014
2026-02-24 18:23:21,2026-02-24 18:23:21,2,014.0,mm,DD,2014
2026-02-24 18:23:20,2026-02-24 18:23:20,2,014.0,mm,DD,2014
2026-02-24 18:23:20,2026-02-24 18:23:20,2,014.0,mm,DD,2014
2026-02-24 18:23:20,2026-02-24 18:23:20,2,014.0,mm,PD,2014
2026-02-24 15:53:31,2026-02-24 15:53:31,167.0,mm,DD,167
2026-02-24 15:53:24,2026-02-24 15:53:25,167.0,mm,DD,167
2026-02-24 15:53:24,2026-02-24 15:53:25,167.0,mm,DD,167
2026-02-24 15:53:24,2026-02-24 15:53:25,167.0,mm,DD,167
2026-02-24 15:53:24,2026-02-24 15:53:25,167.0,mm,A,167
2026-02-24 15:06:27,2026-02-24 15:06:27,1,111.0,mm,PD,1111
2026-02-24 12:53:30,2026-02-24 12:53:30,167.0,mm,DD,167
2026-02-24 12:53:24,2026-02-24 12:53:24,167.0,mm,DD,167
2026-02-24 12:53:23,2026-02-24 12:53:24,167.0,mm,DD,167
2026-02-24 12:53:23,2026-02-24 12:53:24,167.0,mm,DD,167
2026-02-24 12:53:23,2026-02-24 12:53:24,167.0,mm,DD,167
2026-02-24 12:53:23,2026-02-24 12:53:24,167.0,mm,A,167
2026-02-24 09:53:29,2026-02-24 09:53:29,167.0,mm,DD,167
2026-02-24 09:53:23,2026-02-24 09:53:23,167.0,mm,DD,167
2026-02-24 09:53:23,2026-02-24 09:53:23,167.0,mm,DD,167
2026-02-24 09:53:23,2026-02-24 09:53:23,167.0,mm,DD,167
2026-02-24 09:53:23,2026-02-24 09:53:23,167.0,mm,DD,167
2026-02-24 09:53:23,2026-02-24 09:53:23,167.0,mm,A,167
2026-02-24 08:20:32,2026-02-24 08:20:32,150.0,mm,DD,150
2026-02-24 08:20:27,2026-02-24 08:20:27,150.0,mm,DD,150
2026-02-24 08:20:26,2026-02-24 08:20:26,150.0,mm,DD,150
2026-02-24 08:20:26,2026-02-24 08:20:26,150.0,mm,DD,150
2026-02-24 08:20:26,2026-02-24 08:20:26,150.0,mm,DD,150
2026-02-24 08:20:26,2026-02-24 08:20:26,150.0,mm,DD,150
2026-02-24 08:20:26,2026-02-24 08:20:26,150.0,mm,DD,150
2026-02-24 08:20:26,2026-02-24 08:20:26,150.0,mm,ND,150
2026-02-24 06:53:28,2026-02-24 06:53:28,167.0,mm,DD,167
2026-02-24 06:53:23,2026-02-24 06:53:22,167.0,mm,DD,167
2026-02-24 06:53:22,2026-02-24 06:53:22,167.0,mm,DD,167
2026-02-24 06:53:22,2026-02-24 06:53:22,167.0,mm,DD,167
2026-02-24 06:53:22,2026-02-24 06:53:22,167.0,mm,DD,167
2026-02-24 06:53:22,2026-02-24 06:53:22,167.0,mm,A,167
2026-02-24 03:53:27,2026-02-24 03:53:27,167.0,mm,DD,167
2026-02-24 03:53:26,2026-02-24 03:53:26,167.0,mm,DD,167
2026-02-24 03:53:26,2026-02-24 03:53:26,167.0,mm,DD,167
2026-02-24 03:53:21,2026-02-24 03:53:21,167.0,mm,DD,167
2026-02-24 03:53:21,2026-02-24 03:53:21,167.0,mm,DD,167
2026-02-24 03:53:21,2026-02-24 03:53:21,167.0,mm,DD,167
2026-02-24 03:53:21,2026-02-24 03:53:21,167.0,mm,A,167
2026-02-24 00:53:27,2026-02-24 00:53:27,167.0,mm,DD,167
2026-02-24 00:53:27,2026-02-24 00:53:27,167.0,mm,DD,167
2026-02-24 00:53:21,2026-02-24 00:53:21,167.0,mm,DD,167
2026-02-24 00:53:21,2026-02-24 00:53:21,167.0,mm,DD,167
2026-02-24 00:53:21,2026-02-24 00:53:21,167.0,mm,DD,167
2026-02-24 00:53:21,2026-02-24 00:53:21,167.0,mm,DD,167
2026-02-24 00:53:21,2026-02-24 00:53:21,167.0,mm,A,167
2026-02-23 21:53:26,2026-02-23 21:53:26,167.0,mm,DD,167
2026-02-23 21:53:25,2026-02-23 21:53:25,167.0,mm,DD,167
2026-02-23 21:53:25,2026-02-23 21:53:25,167.0,mm,DD,167
2026-02-23 21:53:20,2026-02-23 21:53:20,167.0,mm,DD,167
2026-02-23 21:53:20,2026-02-23 21:53:20,167.0,mm,DD,167
2026-02-23 21:53:20,2026-02-23 21:53:20,167.0,mm,DD,167
2026-02-23 21:53:20,2026-02-23 21:53:20,167.0,mm,A,167
2026-02-23 21:23:29,2026-02-23 21:23:29,2,014.0,mm,DD,2014
2026-02-23 21:23:25,2026-02-23 21:23:24,2,014.0,mm,DD,2014
2026-02-23 21:23:25,2026-02-23 21:23:24,2,014.0,mm,DD,2014
2026-02-23 21:23:24,2026-02-23 21:23:24,2,014.0,mm,DD,2014
2026-02-23 21:23:24,2026-02-23 21:23:24,2,014.0,mm,DD,2014
2026-02-23 21:23:24,2026-02-23 21:23:24,2,014.0,mm,DD,2014
2026-02-23 21:23:23,2026-02-23 21:23:24,2,014.0,mm,DD,2014
2026-02-23 21:23:23,2026-02-23 21:23:24,2,014.0,mm,PD,2014
2026-02-23 18:53:25,2026-02-23 18:53:25,167.0,mm,DD,167
2026-02-23 18:53:20,2026-02-23 18:53:19,167.0,mm,DD,167
2026-02-23 18:53:19,2026-02-23 18:53:19,167.0,mm,DD,167
2026-02-23 18:53:19,2026-02-23 18:53:19,167.0,mm,DD,167
2026-02-23 18:53:19,2026-02-23 18:53:19,167.0,mm,DD,167
2026-02-23 18:53:19,2026-02-23 18:53:19,167.0,mm,A,167
2026-02-23 15:53:24,2026-02-23 15:53:24,167.0,mm,DD,167
2026-02-23 15:53:18,2026-02-23 15:53:18,167.0,mm,DD,167
2026-02-23 15:53:18,2026-02-23 15:53:18,167.0,mm,DD,167
2026-02-23 15:53:18,2026-02-23 15:53:18,167.0,mm,DD,167
2026-02-23 15:53:18,2026-02-23 15:53:18,167.0,mm,DD,167
2026-02-23 15:53:18,2026-02-23 15:53:18,167.0,mm,A,167
2026-02-23 13:42:18,2026-02-23 13:42:18,137.0,mm,DD,137
2026-02-23 13:42:13,2026-02-23 13:42:12,137.0,mm,DD,137
2026-02-23 13:42:12,2026-02-23 13:42:12,137.0,mm,DD,137
2026-02-23 13:42:12,2026-02-23 13:42:12,137.0,mm,DD,137
2026-02-23 13:42:11,2026-02-23 13:42:11,137.0,mm,DD,137
2026-02-23 13:42:11,2026-02-23 13:42:11,137.0,mm,DD,137
2026-02-23 13:42:11,2026-02-23 13:42:11,137.0,mm,DD,137
2026-02-23 13:42:11,2026-02-23 13:42:11,137.0,mm,ND,137
2026-02-23 12:53:23,2026-02-23 12:53:23,167.0,mm,DD,167
2026-02-23 12:53:17,2026-02-23 12:53:17,167.0,mm,DD,167
2026-02-23 12:53:17,2026-02-23 12:53:17,167.0,mm,DD,167
2026-02-23 12:53:17,2026-02-23 12:53:17,167.0,mm,A,167
2026-02-23 09:53:22,2026-02-23 09:53:22,1,959.0,mm,PD,1959
2026-02-23 09:53:17,2026-02-23 09:53:16,167.0,mm,DD,167
2026-02-23 09:53:16,2026-02-23 09:53:16,167.0,mm,DD,167
2026-02-23 09:53:16,2026-02-23 09:53:16,167.0,mm,DD,167
2026-02-23 09:53:16,2026-02-23 09:53:16,167.0,mm,DD,167
2026-02-23 09:53:16,2026-02-23 09:53:16,167.0,mm,A,167
2026-02-23 06:53:22,2026-02-23 06:53:22,167.0,mm,DD,167
2026-02-23 06:53:16,2026-02-23 06:53:15,167.0,mm,DD,167
2026-02-23 06:53:15,2026-02-23 06:53:15,167.0,mm,DD,167
2026-02-23 06:53:15,2026-02-23 06:53:15,167.0,mm,DD,167
2026-02-23 06:53:15,2026-02-23 06:53:15,167.0,mm,DD,167
2026-02-23 06:53:15,2026-02-23 06:53:15,167.0,mm,A,167
2026-02-23 03:53:21,2026-02-23 03:53:21,167.0,mm,DD,167
2026-02-23 03:53:21,2026-02-23 03:53:21,167.0,mm,DD,167
2026-02-23 03:53:21,2026-02-23 03:53:21,167.0,mm,DD,167
2026-02-23 03:53:15,2026-02-23 03:53:15,167.0,mm,DD,167
2026-02-23 03:53:15,2026-02-23 03:53:15,167.0,mm,DD,167
2026-02-23 03:53:15,2026-02-23 03:53:15,167.0,mm,DD,167
2026-02-23 03:53:15,2026-02-23 03:53:15,167.0,mm,A,167
2026-02-23 00:53:20,2026-02-23 00:53:20,167.0,mm,DD,167
2026-02-23 00:53:20,2026-02-23 00:53:20,167.0,mm,DD,167
2026-02-23 00:53:15,2026-02-23 00:53:15,167.0,mm,DD,167
2026-02-23 00:53:14,2026-02-23 00:53:15,167.0,mm,DD,167
2026-02-23 00:53:14,2026-02-23 00:53:15,167.0,mm,DD,167
2026-02-23 00:53:14,2026-02-23 00:53:15,167.0,mm,DD,167
2026-02-23 00:53:14,2026-02-23 00:53:15,167.0,mm,A,167
2026-02-23 00:23:28,2026-02-23 00:23:28,2,014.0,mm,DD,2014
2026-02-23 00:23:28,2026-02-23 00:23:28,2,014.0,mm,DD,2014
2026-02-23 00:23:27,2026-02-23 00:23:27,2,014.0,mm,DD,2014
2026-02-23 00:23:27,2026-02-23 00:23:27,2,014.0,mm,DD,2014
2026-02-23 00:23:27,2026-02-23 00:23:27,2,014.0,mm,DD,2014
2026-02-23 00:23:27,2026-02-23 00:23:27,2,014.0,mm,DD,2014
2026-02-23 00:23:27,2026-02-23 00:23:27,2,014.0,mm,PD,2014
2026-02-22 21:53:19,2026-02-22 21:53:19,167.0,mm,DD,167
2026-02-22 21:53:13,2026-02-22 21:53:13,167.0,mm,DD,167
2026-02-22 21:53:13,2026-02-22 21:53:13,167.0,mm,DD,167
2026-02-22 21:53:13,2026-02-22 21:53:13,167.0,mm,DD,167
2026-02-22 21:53:13,2026-02-22 21:53:13,167.0,mm,DD,167
2026-02-22 21:53:13,2026-02-22 21:53:13,167.0,mm,A,167
2026-02-22 20:12:06,2026-02-22 20:12:06,1.0,mm,DD,1
2026-02-22 20:12:06,2026-02-22 20:12:06,1.0,mm,DD,1
2026-02-22 20:12:06,2026-02-22 20:12:06,1.0,mm,DD,1
2026-02-22 20:12:06,2026-02-22 20:12:06,1.0,mm,DD,1
2026-02-22 20:12:06,2026-02-22 20:12:06,1.0,mm,DD,1
2026-02-22 20:12:06,2026-02-22 20:12:06,1.0,mm,DD,1
2026-02-22 20:12:06,2026-02-22 20:12:06,1.0,mm,ND,1
2026-02-22 20:12:05,2026-02-22 20:12:05,1,025.0,mm,DD,1025
2026-02-22 20:12:05,2026-02-22 20:12:05,1,025.0,mm,DD,1025
2026-02-22 20:12:05,2026-02-22 20:12:05,1,025.0,mm,PD,1025
2026-02-22 18:53:19,2026-02-22 18:53:19,167.0,mm,DD,167
2026-02-22 18:53:13,2026-02-22 18:53:12,167.0,mm,DD,167
2026-02-22 18:53:12,2026-02-22 18:53:12,167.0,mm,DD,167
2026-02-22 18:53:12,2026-02-22 18:53:12,167.0,mm,DD,167
2026-02-22 18:53:12,2026-02-22 18:53:12,167.0,mm,DD,167
2026-02-22 18:53:12,2026-02-22 18:53:12,167.0,mm,A,167
2026-02-22 15:53:18,2026-02-22 15:53:18,167.0,mm,DD,167
2026-02-22 15:53:17,2026-02-22 15:53:17,167.0,mm,DD,167
2026-02-22 15:53:17,2026-02-22 15:53:17,167.0,mm,DD,167
2026-02-22 15:53:12,2026-02-22 15:53:11,167.0,mm,DD,167
2026-02-22 15:53:12,2026-02-22 15:53:11,167.0,mm,DD,167
2026-02-22 15:53:11,2026-02-22 15:53:12,167.0,mm,DD,167
2026-02-22 15:53:11,2026-02-22 15:53:12,167.0,mm,DD,167
2026-02-22 15:53:11,2026-02-22 15:53:12,167.0,mm,DD,167
2026-02-22 15:53:11,2026-02-22 15:53:12,167.0,mm,DD,167
2026-02-22 15:53:11,2026-02-22 15:53:12,167.0,mm,DD,167
2026-02-22 15:53:11,2026-02-22 15:53:12,167.0,mm,A,167
2026-02-22 12:53:17,2026-02-22 12:53:17,167.0,mm,A,167
2026-02-22 12:53:11,2026-02-22 12:53:11,167.0,mm,DD,167
2026-02-22 12:53:10,2026-02-22 12:53:11,167.0,mm,DD,167
2026-02-22 12:53:10,2026-02-22 12:53:11,167.0,mm,A,167
2026-02-22 12:53:08,2026-02-22 12:53:11,167.0,mm,DD,167
2026-02-22 12:53:08,2026-02-22 12:53:11,167.0,mm,DD,167
2026-02-22 09:53:16,2026-02-22 09:53:16,167.0,mm,DD,167
2026-02-22 09:53:10,2026-02-22 09:53:10,167.0,mm,A,167
2026-02-22 09:53:09,2026-02-22 09:53:10,167.0,mm,DD,167
2026-02-22 09:53:09,2026-02-22 09:53:10,167.0,mm,DD,167
2026-02-22 06:53:15,2026-02-22 06:53:15,167.0,mm,DD,167
2026-02-22 06:53:10,2026-02-22 06:53:09,167.0,mm,A,167
2026-02-22 03:53:14,2026-02-22 03:53:14,167.0,mm,DD,167
2026-02-22 03:53:08,2026-02-22 03:53:08,167.0,mm,A,167
2026-02-22 00:53:13,2026-02-22 00:53:13,167.0,mm,A,167
2026-02-22 00:53:08,2026-02-22 00:53:08,1,447.0,mm,DD,1447
2026-02-22 00:53:08,2026-02-22 00:53:08,1,447.0,mm,PD,1447
2026-02-22 00:53:07,2026-02-22 00:53:07,167.0,mm,DD,167
2026-02-22 00:53:07,2026-02-22 00:53:07,167.0,mm,DD,167
2026-02-22 00:53:07,2026-02-22 00:53:07,167.0,mm,DD,167
2026-02-22 00:53:07,2026-02-22 00:53:07,167.0,mm,A,167
2026-02-21 21:53:13,2026-02-21 21:53:13,167.0,mm,DD,167
2026-02-21 21:53:12,2026-02-21 21:53:12,167.0,mm,DD,167
2026-02-21 21:53:12,2026-02-21 21:53:12,167.0,mm,DD,167
2026-02-21 21:53:12,2026-02-21 21:53:12,167.0,mm,DD,167
2026-02-21 21:53:07,2026-02-21 21:53:07,167.0,mm,DD,167
2026-02-21 21:53:07,2026-02-21 21:53:07,167.0,mm,DD,167
2026-02-21 21:53:06,2026-02-21 21:53:07,167.0,mm,DD,167
2026-02-21 21:53:06,2026-02-21 21:53:07,167.0,mm,DD,167
2026-02-21 21:53:06,2026-02-21 21:53:07,167.0,mm,DD,167
2026-02-21 21:53:06,2026-02-21 21:53:07,167.0,mm,DD,167
2026-02-21 21:53:06,2026-02-21 21:53:07,167.0,mm,DD,167
2026-02-21 21:53:06,2026-02-21 21:53:07,167.0,mm,A,167
2026-02-21 21:06:19,2026-02-21 21:06:19,129.0,mm,ND,129
2026-02-21 18:53:17,2026-02-21 18:53:17,167.0,mm,A,167
2026-02-21 18:53:07,2026-02-21 18:53:09,167.0,mm,DD,167
2026-02-21 18:53:07,2026-02-21 18:53:09,167.0,mm,DD,167
2026-02-21 18:53:07,2026-02-21 18:53:09,167.0,mm,DD,167
2026-02-21 18:53:07,2026-02-21 18:53:09,167.0,mm,DD,167
2026-02-21 18:53:06,2026-02-21 18:53:06,167.0,mm,DD,167
2026-02-21 18:53:06,2026-02-21 18:53:06,167.0,mm,DD,167
2026-02-21 18:53:06,2026-02-21 18:53:06,167.0,mm,A,167
2026-02-21 15:53:11,2026-02-21 15:53:11,167.0,mm,DD,167
2026-02-21 15:53:05,2026-02-21 15:53:05,167.0,mm,DD,167
2026-02-21 15:53:05,2026-02-21 15:53:05,167.0,mm,DD,167
2026-02-21 15:53:05,2026-02-21 15:53:05,167.0,mm,DD,167
2026-02-21 15:53:05,2026-02-21 15:53:05,167.0,mm,DD,167
2026-02-21 15:53:05,2026-02-21 15:53:05,167.0,mm,DD,167
2026-02-21 15:53:05,2026-02-21 15:53:05,167.0,mm,A,167
2026-02-21 13:23:21,2026-02-21 13:23:21,2.0,mm,DD,2
2026-02-21 13:23:16,2026-02-21 13:23:16,2.0,mm,DD,2
2026-02-21 13:23:16,2026-02-21 13:23:16,2.0,mm,DD,2
2026-02-21 13:23:16,2026-02-21 13:23:16,2.0,mm,DD,2
2026-02-21 13:23:15,2026-02-21 13:23:15,2.0,mm,DD,2
2026-02-21 13:23:15,2026-02-21 13:23:15,2.0,mm,DD,2
2026-02-21 13:23:15,2026-02-21 13:23:15,2.0,mm,DD,2
2026-02-21 13:23:15,2026-02-21 13:23:15,2.0,mm,ND,2
2026-02-21 13:05:06,2026-02-21 13:05:06,130.0,mm,DD,130
2026-02-21 13:05:01,2026-02-21 13:05:01,130.0,mm,DD,130
2026-02-21 13:05:01,2026-02-21 13:05:01,130.0,mm,DD,130
2026-02-21 13:05:00,2026-02-21 13:05:00,130.0,mm,DD,130
2026-02-21 13:05:00,2026-02-21 13:05:00,130.0,mm,DD,130
2026-02-21 13:05:00,2026-02-21 13:05:00,130.0,mm,DD,130
2026-02-21 13:05:00,2026-02-21 13:05:00,130.0,mm,ND,130
2026-02-21 13:03:04,2026-02-21 13:03:04,132.0,mm,DD,132
2026-02-21 13:03:00,2026-02-21 13:02:59,132.0,mm,DD,132
2026-02-21 13:02:59,2026-02-21 13:03:00,132.0,mm,DD,132
2026-02-21 13:02:59,2026-02-21 13:03:00,132.0,mm,DD,132
2026-02-21 13:02:59,2026-02-21 13:03:00,132.0,mm,DD,132
2026-02-21 13:02:58,2026-02-21 13:02:59,132.0,mm,DD,132
2026-02-21 13:02:58,2026-02-21 13:02:59,132.0,mm,ND,132
2026-02-21 12:53:10,2026-02-21 12:53:10,167.0,mm,DD,167
2026-02-21 12:53:04,2026-02-21 12:53:04,167.0,mm,DD,167
2026-02-21 12:53:04,2026-02-21 12:53:04,167.0,mm,DD,167
2026-02-21 12:53:04,2026-02-21 12:53:04,167.0,mm,DD,167
2026-02-21 12:53:04,2026-02-21 12:53:04,167.0,mm,DD,167
2026-02-21 12:53:04,2026-02-21 12:53:04,167.0,mm,A,167
2026-02-21 11:15:56,2026-02-21 11:15:56,2.0,mm,DD,2
2026-02-21 11:15:56,2026-02-21 11:15:56,2.0,mm,ND,2
2026-02-21 10:53:29,2026-02-21 10:53:29,496.0,mm,DD,496
2026-02-21 10:53:29,2026-02-21 10:53:29,496.0,mm,PD,496
2026-02-21 09:53:10,2026-02-21 09:53:10,167.0,mm,DD,167
2026-02-21 09:53:09,2026-02-21 09:53:09,167.0,mm,DD,167
2026-02-21 09:53:09,2026-02-21 09:53:09,167.0,mm,DD,167
2026-02-21 09:53:03,2026-02-21 09:53:04,167.0,mm,DD,167
2026-02-21 09:53:03,2026-02-21 09:53:04,167.0,mm,DD,167
2026-02-21 09:53:03,2026-02-21 09:53:04,167.0,mm,DD,167
2026-02-21 09:53:03,2026-02-21 09:53:04,167.0,mm,DD,167
2026-02-21 09:53:03,2026-02-21 09:53:04,167.0,mm,DD,167
2026-02-21 09:53:03,2026-02-21 09:53:04,167.0,mm,DD,167
2026-02-21 09:53:03,2026-02-21 09:53:04,167.0,mm,DD,167
2026-02-21 09:53:03,2026-02-21 09:53:04,167.0,mm,DD,167
2026-02-21 09:53:03,2026-02-21 09:53:04,167.0,mm,A,167
2026-02-21 06:53:09,2026-02-21 06:53:09,167.0,mm,DD,167
2026-02-21 06:53:09,2026-02-21 06:53:09,167.0,mm,A,167
2026-02-21 06:53:08,2026-02-21 06:53:08,39.0,mm,ND,39
2026-02-21 06:53:04,2026-02-21 06:53:04,167.0,mm,DD,167
2026-02-21 06:53:03,2026-02-21 06:53:03,167.0,mm,DD,167
2026-02-21 06:53:03,2026-02-21 06:53:03,167.0,mm,DD,167
2026-02-21 06:53:03,2026-02-21 06:53:03,167.0,mm,DD,167
2026-02-21 06:53:02,2026-02-21 06:53:02,167.0,mm,DD,167
2026-02-21 06:53:02,2026-02-21 06:53:02,167.0,mm,DD,167
2026-02-21 06:53:02,2026-02-21 06:53:02,167.0,mm,DD,167
2026-02-21 06:53:02,2026-02-21 06:53:02,167.0,mm,DD,167
2026-02-21 06:53:02,2026-02-21 06:53:02,167.0,mm,DD,167
2026-02-21 06:53:02,2026-02-21 06:53:02,167.0,mm,A,167
2026-02-21 03:53:08,2026-02-21 03:53:08,167.0,mm,DD,167
2026-02-21 03:53:08,2026-02-21 03:53:08,167.0,mm,DD,167
2026-02-21 03:53:02,2026-02-21 03:53:02,167.0,mm,DD,167
2026-02-21 03:53:02,2026-02-21 03:53:02,167.0,mm,DD,167
2026-02-21 03:53:02,2026-02-21 03:53:02,167.0,mm,DD,167
2026-02-21 03:53:02,2026-02-21 03:53:02,167.0,mm,DD,167
2026-02-21 03:53:02,2026-02-21 03:53:02,167.0,mm,DD,167
2026-02-21 03:53:01,2026-02-21 03:53:01,167.0,mm,DD,167
2026-02-21 03:53:01,2026-02-21 03:53:01,167.0,mm,DD,167
2026-02-21 03:53:01,2026-02-21 03:53:01,167.0,mm,A,167
2026-02-21 00:53:10,2026-02-21 00:53:10,167.0,mm,DD,167
2026-02-21 00:53:08,2026-02-21 00:53:08,167.0,mm,DD,167
2026-02-21 00:53:08,2026-02-21 00:53:08,167.0,mm,DD,167
2026-02-21 00:53:08,2026-02-21 00:53:08,167.0,mm,DD,167
2026-02-21 00:53:02,2026-02-21 00:53:02,167.0,mm,DD,167
2026-02-21 00:53:02,2026-02-21 00:53:02,167.0,mm,DD,167
2026-02-21 00:53:02,2026-02-21 00:53:02,167.0,mm,DD,167
2026-02-21 00:53:02,2026-02-21 00:53:02,167.0,mm,DD,167
2026-02-21 00:53:02,2026-02-21 00:53:02,167.0,mm,DD,167
2026-02-21 00:53:01,2026-02-21 00:53:01,167.0,mm,DD,167
2026-02-21 00:53:01,2026-02-21 00:53:01,167.0,mm,A,167
2026-02-20 21:53:01,2026-02-20 21:53:00,167.0,mm,DD,167
2026-02-20 21:53:00,2026-02-20 21:53:00,167.0,mm,DD,167
2026-02-20 21:53:00,2026-02-20 21:53:00,167.0,mm,DD,167
2026-02-20 21:53:00,2026-02-20 21:53:00,167.0,mm,DD,167
2026-02-20 21:53:00,2026-02-20 21:53:00,167.0,mm,A,167
2026-02-20 18:53:06,2026-02-20 18:53:06,167.0,mm,A,167
2026-02-20 18:53:05,2026-02-20 18:53:05,1,575.0,mm,DD,1575
2026-02-20 18:53:05,2026-02-20 18:53:05,1,575.0,mm,PD,1575
2026-02-20 18:52:59,2026-02-20 18:53:00,167.0,mm,DD,167
2026-02-20 18:52:59,2026-02-20 18:53:00,167.0,mm,DD,167
2026-02-20 18:52:59,2026-02-20 18:53:00,167.0,mm,DD,167
2026-02-20 18:52:59,2026-02-20 18:53:00,167.0,mm,A,167
2026-02-20 15:53:04,2026-02-20 15:53:04,167.0,mm,DD,167
2026-02-20 15:53:03,2026-02-20 15:53:03,167.0,mm,DD,167
2026-02-20 15:53:03,2026-02-20 15:53:03,167.0,mm,DD,167
2026-02-20 15:53:03,2026-02-20 15:53:03,167.0,mm,DD,167
2026-02-20 15:52:58,2026-02-20 15:52:58,167.0,mm,DD,167
2026-02-20 15:52:58,2026-02-20 15:52:58,167.0,mm,DD,167
2026-02-20 15:52:58,2026-02-20 15:52:58,167.0,mm,A,167
2026-02-20 14:16:05,2026-02-20 14:16:05,2.0,mm,DD,2
2026-02-20 14:16:00,2026-02-20 14:16:00,2.0,mm,DD,2
2026-02-20 14:15:59,2026-02-20 14:15:59,2.0,mm,DD,2
2026-02-20 14:15:59,2026-02-20 14:15:59,2.0,mm,DD,2
2026-02-20 14:15:59,2026-02-20 14:15:59,2.0,mm,DD,2
2026-02-20 14:15:59,2026-02-20 14:15:59,2.0,mm,DD,2
2026-02-20 14:15:59,2026-02-20 14:15:59,2.0,mm,DD,2
2026-02-20 14:15:59,2026-02-20 14:15:59,2.0,mm,ND,2
2026-02-20 12:53:03,2026-02-20 12:53:03,167.0,mm,DD,167
2026-02-20 12:52:58,2026-02-20 12:52:57,167.0,mm,DD,167
2026-02-20 12:52:57,2026-02-20 12:52:57,167.0,mm,DD,167
2026-02-20 12:52:57,2026-02-20 12:52:57,167.0,mm,DD,167
2026-02-20 12:52:57,2026-02-20 12:52:57,167.0,mm,DD,167
2026-02-20 12:52:57,2026-02-20 12:52:57,167.0,mm,A,167
2026-02-20 12:23:42,2026-02-20 12:23:42,2,014.0,mm,DD,2014
2026-02-20 12:23:37,2026-02-20 12:23:37,2,014.0,mm,DD,2014
2026-02-20 12:23:36,2026-02-20 12:23:36,2,014.0,mm,DD,2014
2026-02-20 12:23:36,2026-02-20 12:23:36,2,014.0,mm,DD,2014
2026-02-20 12:23:36,2026-02-20 12:23:36,2,014.0,mm,DD,2014
2026-02-20 12:23:36,2026-02-20 12:23:36,2,014.0,mm,PD,2014
2026-02-20 11:55:31,2026-02-20 11:55:31,131.0,mm,DD,131
2026-02-20 11:55:31,2026-02-20 11:55:31,131.0,mm,ND,131
2026-02-20 10:03:07,2026-02-20 10:03:07,138.0,mm,DD,138
2026-02-20 10:03:03,2026-02-20 10:03:02,138.0,mm,DD,138
2026-02-20 10:03:03,2026-02-20 10:03:02,138.0,mm,DD,138
2026-02-20 10:03:02,2026-02-20 10:03:02,138.0,mm,DD,138
2026-02-20 10:03:01,2026-02-20 10:03:01,138.0,mm,DD,138
2026-02-20 10:03:01,2026-02-20 10:03:01,138.0,mm,DD,138
2026-02-20 10:03:01,2026-02-20 10:03:01,138.0,mm,DD,138
2026-02-20 10:03:01,2026-02-20 10:03:01,138.0,mm,ND,138
2026-02-20 09:53:02,2026-02-20 09:53:02,167.0,mm,DD,167
2026-02-20 09:52:57,2026-02-20 09:52:56,167.0,mm,DD,167
2026-02-20 09:52:56,2026-02-20 09:52:56,167.0,mm,DD,167
2026-02-20 09:52:56,2026-02-20 09:52:56,167.0,mm,DD,167
2026-02-20 09:52:56,2026-02-20 09:52:56,167.0,mm,DD,167
2026-02-20 09:52:56,2026-02-20 09:52:56,167.0,mm,A,167
2026-02-20 09:23:43,2026-02-20 09:23:43,2,014.0,mm,DD,2014
2026-02-20 09:23:38,2026-02-20 09:23:37,2,014.0,mm,DD,2014
2026-02-20 09:23:37,2026-02-20 09:23:37,2,014.0,mm,DD,2014
2026-02-20 09:23:37,2026-02-20 09:23:37,2,014.0,mm,DD,2014
2026-02-20 09:23:37,2026-02-20 09:23:37,2,014.0,mm,DD,2014
2026-02-20 09:23:37,2026-02-20 09:23:37,2,014.0,mm,DD,2014
2026-02-20 09:23:37,2026-02-20 09:23:37,2,014.0,mm,DD,2014
2026-02-20 09:23:37,2026-02-20 09:23:37,2,014.0,mm,PD,2014
2026-02-20 06:53:02,2026-02-20 06:53:02,167.0,mm,DD,167
2026-02-20 06:52:55,2026-02-20 06:52:55,167.0,mm,DD,167
2026-02-20 06:52:55,2026-02-20 06:52:55,167.0,mm,DD,167
2026-02-20 06:52:55,2026-02-20 06:52:55,167.0,mm,A,167
2026-02-20 03:53:06,2026-02-20 03:53:06,167.0,mm,DD,167
2026-02-20 03:53:00,2026-02-20 03:53:00,167.0,mm,DD,167
2026-02-20 03:53:00,2026-02-20 03:53:00,167.0,mm,DD,167
2026-02-20 03:52:55,2026-02-20 03:52:55,167.0,mm,DD,167
2026-02-20 03:52:54,2026-02-20 03:52:55,167.0,mm,DD,167
2026-02-20 03:52:54,2026-02-20 03:52:55,167.0,mm,DD,167
2026-02-20 03:52:54,2026-02-20 03:52:55,167.0,mm,DD,167
2026-02-20 03:52:54,2026-02-20 03:52:55,167.0,mm,A,167
2026-02-20 00:53:00,2026-02-20 00:53:00,167.0,mm,DD,167
2026-02-20 00:52:55,2026-02-20 00:52:54,167.0,mm,DD,167
2026-02-20 00:52:54,2026-02-20 00:52:54,167.0,mm,DD,167
2026-02-20 00:52:54,2026-02-20 00:52:54,167.0,mm,DD,167
2026-02-20 00:52:54,2026-02-20 00:52:54,167.0,mm,DD,167
2026-02-20 00:52:54,2026-02-20 00:52:54,167.0,mm,A,167
2026-02-19 21:52:54,2026-02-19 21:52:53,167.0,mm,DD,167
2026-02-19 21:52:53,2026-02-19 21:52:53,167.0,mm,DD,167
2026-02-19 21:52:53,2026-02-19 21:52:53,167.0,mm,DD,167
2026-02-19 21:52:53,2026-02-19 21:52:53,167.0,mm,DD,167
2026-02-19 21:52:53,2026-02-19 21:52:53,167.0,mm,A,167
2026-02-19 21:47:25,2026-02-19 21:47:25,3.0,mm,DD,3
2026-02-19 21:47:20,2026-02-19 21:47:20,3.0,mm,DD,3
2026-02-19 21:47:20,2026-02-19 21:47:20,3.0,mm,DD,3
2026-02-19 21:47:20,2026-02-19 21:47:20,3.0,mm,DD,3
2026-02-19 21:47:20,2026-02-19 21:47:20,3.0,mm,DD,3
2026-02-19 21:47:20,2026-02-19 21:47:20,3.0,mm,DD,3
2026-02-19 21:47:19,2026-02-19 21:47:20,3.0,mm,DD,3
2026-02-19 21:47:19,2026-02-19 21:47:20,3.0,mm,ND,3
2026-02-19 18:52:52,2026-02-19 18:52:52,167.0,mm,DD,167
2026-02-19 18:52:52,2026-02-19 18:52:52,167.0,mm,DD,167
2026-02-19 18:52:52,2026-02-19 18:52:52,167.0,mm,DD,167
2026-02-19 18:52:52,2026-02-19 18:52:52,167.0,mm,DD,167
2026-02-19 18:52:52,2026-02-19 18:52:52,167.0,mm,A,167
2026-02-19 15:52:58,2026-02-19 15:52:58,167.0,mm,DD,167
2026-02-19 15:52:52,2026-02-19 15:52:51,167.0,mm,DD,167
2026-02-19 15:52:51,2026-02-19 15:52:52,167.0,mm,DD,167
2026-02-19 15:52:51,2026-02-19 15:52:52,167.0,mm,DD,167
2026-02-19 15:52:51,2026-02-19 15:52:52,167.0,mm,DD,167
2026-02-19 15:52:51,2026-02-19 15:52:52,167.0,mm,A,167
2026-02-19 12:52:57,2026-02-19 12:52:57,167.0,mm,DD,167
2026-02-19 12:52:51,2026-02-19 12:52:51,167.0,mm,DD,167
2026-02-19 12:52:50,2026-02-19 12:52:51,167.0,mm,DD,167
2026-02-19 12:52:50,2026-02-19 12:52:51,167.0,mm,DD,167
2026-02-19 12:52:50,2026-02-19 12:52:51,167.0,mm,DD,167
2026-02-19 12:52:50,2026-02-19 12:52:51,167.0,mm,A,167
2026-02-19 09:52:56,2026-02-19 09:52:56,167.0,mm,DD,167
2026-02-19 09:52:50,2026-02-19 09:52:50,167.0,mm,DD,167
2026-02-19 09:52:49,2026-02-19 09:52:50,167.0,mm,DD,167
2026-02-19 09:52:49,2026-02-19 09:52:50,167.0,mm,DD,167
2026-02-19 09:52:49,2026-02-19 09:52:50,167.0,mm,DD,167
2026-02-19 09:52:49,2026-02-19 09:52:50,167.0,mm,A,167
2026-02-19 06:52:55,2026-02-19 06:52:55,167.0,mm,DD,167
2026-02-19 06:52:49,2026-02-19 06:52:49,167.0,mm,DD,167
2026-02-19 06:52:49,2026-02-19 06:52:49,167.0,mm,DD,167
2026-02-19 06:52:49,2026-02-19 06:52:49,167.0,mm,DD,167
2026-02-19 06:52:49,2026-02-19 06:52:49,167.0,mm,A,167
2026-02-19 04:03:00,2026-02-19 04:03:00,1,509.0,mm,DD,1509
2026-02-19 04:02:59,2026-02-19 04:02:59,1,509.0,mm,DD,1509
2026-02-19 04:02:59,2026-02-19 04:02:59,1,509.0,mm,DD,1509
2026-02-19 04:02:59,2026-02-19 04:02:59,1,509.0,mm,DD,1509
2026-02-19 04:02:59,2026-02-19 04:02:59,1,509.0,mm,PD,1509
2026-02-19 03:52:55,2026-02-19 03:52:55,167.0,mm,DD,167
2026-02-19 03:52:54,2026-02-19 03:52:54,167.0,mm,DD,167
2026-02-19 03:52:54,2026-02-19 03:52:54,167.0,mm,DD,167
2026-02-19 03:52:53,2026-02-19 03:52:53,167.0,mm,DD,167
2026-02-19 03:52:53,2026-02-19 03:52:53,167.0,mm,DD,167
2026-02-19 03:52:49,2026-02-19 03:52:49,167.0,mm,DD,167
2026-02-19 03:52:49,2026-02-19 03:52:49,167.0,mm,DD,167
2026-02-19 03:52:48,2026-02-19 03:52:48,167.0,mm,A,167
2026-02-19 02:16:02,2026-02-19 02:16:02,398.0,mm,PD,398
2026-02-19 00:52:53,2026-02-19 00:52:53,167.0,mm,DD,167
2026-02-19 00:52:48,2026-02-19 00:52:47,167.0,mm,DD,167
2026-02-19 00:52:47,2026-02-19 00:52:47,167.0,mm,DD,167
2026-02-19 00:52:47,2026-02-19 00:52:47,167.0,mm,DD,167
2026-02-19 00:52:47,2026-02-19 00:52:47,167.0,mm,DD,167
2026-02-19 00:52:47,2026-02-19 00:52:47,167.0,mm,A,167
2026-02-18 21:52:53,2026-02-18 21:52:53,167.0,mm,DD,167
2026-02-18 21:52:52,2026-02-18 21:52:52,167.0,mm,DD,167
2026-02-18 21:52:48,2026-02-18 21:52:47,167.0,mm,DD,167
2026-02-18 21:52:46,2026-02-18 21:52:47,167.0,mm,DD,167
2026-02-18 21:52:46,2026-02-18 21:52:47,167.0,mm,DD,167
2026-02-18 21:52:46,2026-02-18 21:52:47,167.0,mm,DD,167
2026-02-18 21:52:46,2026-02-18 21:52:47,167.0,mm,A,167
2026-02-18 18:52:58,2026-02-18 18:52:58,167.0,mm,DD,167
2026-02-18 18:52:52,2026-02-18 18:52:52,167.0,mm,DD,167
2026-02-18 18:52:52,2026-02-18 18:52:52,167.0,mm,DD,167
2026-02-18 18:52:46,2026-02-18 18:52:46,167.0,mm,DD,167
2026-02-18 18:52:46,2026-02-18 18:52:46,167.0,mm,DD,167
2026-02-18 18:52:46,2026-02-18 18:52:46,167.0,mm,DD,167
2026-02-18 18:52:46,2026-02-18 18:52:46,167.0,mm,DD,167
2026-02-18 18:52:46,2026-02-18 18:52:46,167.0,mm,A,167
2026-02-18 18:23:44,2026-02-18 18:23:44,2,014.0,mm,DD,2014
2026-02-18 18:23:43,2026-02-18 18:23:44,2,014.0,mm,DD,2014
2026-02-18 18:23:43,2026-02-18 18:23:44,2,014.0,mm,DD,2014
2026-02-18 18:23:43,2026-02-18 18:23:44,2,014.0,mm,DD,2014
2026-02-18 18:23:43,2026-02-18 18:23:44,2,014.0,mm,DD,2014
2026-02-18 18:23:43,2026-02-18 18:23:44,2,014.0,mm,DD,2014
2026-02-18 18:23:43,2026-02-18 18:23:44,2,014.0,mm,PD,2014
2026-02-18 17:55:35,2026-02-18 17:55:35,130.0,mm,DD,130
2026-02-18 17:55:35,2026-02-18 17:55:35,130.0,mm,ND,130
2026-02-18 15:52:51,2026-02-18 15:52:51,167.0,mm,DD,167
2026-02-18 15:52:45,2026-02-18 15:52:45,167.0,mm,DD,167
2026-02-18 15:52:45,2026-02-18 15:52:45,167.0,mm,A,167
2026-02-18 15:23:44,2026-02-18 15:23:44,2,014.0,mm,DD,2014
2026-02-18 15:23:44,2026-02-18 15:23:44,2,014.0,mm,DD,2014
2026-02-18 15:23:44,2026-02-18 15:23:44,2,014.0,mm,DD,2014
2026-02-18 15:23:43,2026-02-18 15:23:44,2,014.0,mm,DD,2014
2026-02-18 15:23:43,2026-02-18 15:23:44,2,014.0,mm,DD,2014
2026-02-18 15:23:43,2026-02-18 15:23:44,2,014.0,mm,DD,2014
2026-02-18 15:23:43,2026-02-18 15:23:44,2,014.0,mm,PD,2014
2026-02-18 12:52:50,2026-02-18 12:52:50,167.0,mm,DD,167
2026-02-18 12:52:45,2026-02-18 12:52:44,167.0,mm,DD,167
2026-02-18 12:52:44,2026-02-18 12:52:44,167.0,mm,DD,167
2026-02-18 12:52:44,2026-02-18 12:52:44,167.0,mm,DD,167
2026-02-18 12:52:44,2026-02-18 12:52:44,167.0,mm,DD,167
2026-02-18 12:52:44,2026-02-18 12:52:44,167.0,mm,A,167
2026-02-18 11:16:11,2026-02-18 11:16:11,3.0,mm,DD,3
2026-02-18 11:16:05,2026-02-18 11:16:05,3.0,mm,DD,3
2026-02-18 11:16:05,2026-02-18 11:16:05,3.0,mm,DD,3
2026-02-18 11:16:05,2026-02-18 11:16:05,3.0,mm,DD,3
2026-02-18 11:16:04,2026-02-18 11:16:05,3.0,mm,DD,3
2026-02-18 11:16:04,2026-02-18 11:16:05,3.0,mm,DD,3
2026-02-18 11:16:04,2026-02-18 11:16:05,3.0,mm,DD,3
2026-02-18 11:16:04,2026-02-18 11:16:05,3.0,mm,DD,3
2026-02-18 11:16:04,2026-02-18 11:16:05,3.0,mm,ND,3
2026-02-18 10:41:41,2026-02-18 10:41:41,138.0,mm,DD,138
2026-02-18 10:41:36,2026-02-18 10:41:36,138.0,mm,DD,138
2026-02-18 10:41:35,2026-02-18 10:41:35,138.0,mm,DD,138
2026-02-18 10:41:35,2026-02-18 10:41:35,138.0,mm,DD,138
2026-02-18 10:41:34,2026-02-18 10:41:35,138.0,mm,DD,138
2026-02-18 10:41:34,2026-02-18 10:41:35,138.0,mm,DD,138
2026-02-18 10:41:34,2026-02-18 10:41:35,138.0,mm,DD,138
2026-02-18 10:41:34,2026-02-18 10:41:35,138.0,mm,ND,138
2026-02-18 09:52:49,2026-02-18 09:52:49,167.0,mm,DD,167
2026-02-18 09:52:43,2026-02-18 09:52:43,167.0,mm,DD,167
2026-02-18 09:52:43,2026-02-18 09:52:43,167.0,mm,DD,167
2026-02-18 09:52:43,2026-02-18 09:52:43,167.0,mm,A,167
2026-02-18 08:10:02,2026-02-18 08:10:01,550.0,mm,DD,550
2026-02-18 08:10:01,2026-02-18 08:10:01,550.0,mm,DD,550
2026-02-18 08:10:01,2026-02-18 08:10:01,550.0,mm,DD,550
2026-02-18 08:10:01,2026-02-18 08:10:01,550.0,mm,DD,550
2026-02-18 08:10:01,2026-02-18 08:10:01,550.0,mm,DD,550
2026-02-18 08:10:01,2026-02-18 08:10:01,550.0,mm,PD,550
2026-02-18 06:52:49,2026-02-18 06:52:49,167.0,mm,DD,167
2026-02-18 06:52:42,2026-02-18 06:52:43,167.0,mm,DD,167
2026-02-18 06:52:42,2026-02-18 06:52:43,167.0,mm,DD,167
2026-02-18 06:52:42,2026-02-18 06:52:43,167.0,mm,DD,167
2026-02-18 06:52:42,2026-02-18 06:52:43,167.0,mm,DD,167
2026-02-18 06:52:42,2026-02-18 06:52:43,167.0,mm,A,167
2026-02-18 03:52:47,2026-02-18 03:52:47,167.0,mm,DD,167
2026-02-18 03:52:42,2026-02-18 03:52:41,167.0,mm,DD,167
2026-02-18 03:52:41,2026-02-18 03:52:41,167.0,mm,DD,167
2026-02-18 03:52:41,2026-02-18 03:52:41,167.0,mm,DD,167
2026-02-18 03:52:41,2026-02-18 03:52:41,167.0,mm,DD,167
2026-02-18 03:52:41,2026-02-18 03:52:41,167.0,mm,A,167
2026-02-18 02:55:47,2026-02-18 02:55:47,128.0,mm,ND,128
2026-02-18 00:52:47,2026-02-18 00:52:47,167.0,mm,DD,167
2026-02-18 00:52:41,2026-02-18 00:52:40,167.0,mm,DD,167
2026-02-18 00:52:40,2026-02-18 00:52:41,167.0,mm,DD,167
2026-02-18 00:52:40,2026-02-18 00:52:41,167.0,mm,DD,167
2026-02-18 00:52:40,2026-02-18 00:52:41,167.0,mm,DD,167
2026-02-18 00:52:40,2026-02-18 00:52:41,167.0,mm,A,167
2026-02-17 21:52:40,2026-02-17 21:52:40,167.0,mm,DD,167
2026-02-17 21:52:39,2026-02-17 21:52:40,167.0,mm,DD,167
2026-02-17 21:52:39,2026-02-17 21:52:40,167.0,mm,DD,167
2026-02-17 21:52:39,2026-02-17 21:52:40,167.0,mm,DD,167
2026-02-17 21:52:39,2026-02-17 21:52:40,167.0,mm,A,167
2026-02-17 18:52:50,2026-02-17 18:52:50,167.0,mm,DD,167
2026-02-17 18:52:44,2026-02-17 18:52:44,167.0,mm,DD,167
2026-02-17 18:52:39,2026-02-17 18:52:39,167.0,mm,DD,167
2026-02-17 18:52:39,2026-02-17 18:52:39,167.0,mm,DD,167
2026-02-17 18:52:39,2026-02-17 18:52:39,167.0,mm,A,167
2026-02-17 15:52:44,2026-02-17 15:52:44,167.0,mm,DD,167
2026-02-17 15:52:39,2026-02-17 15:52:38,167.0,mm,DD,167
2026-02-17 15:52:38,2026-02-17 15:52:38,167.0,mm,DD,167
2026-02-17 15:52:38,2026-02-17 15:52:38,167.0,mm,DD,167
2026-02-17 15:52:38,2026-02-17 15:52:38,167.0,mm,DD,167
2026-02-17 15:52:38,2026-02-17 15:52:38,167.0,mm,A,167
2026-02-17 14:30:20,2026-02-17 14:30:20,364.0,mm,PD,364
2026-02-17 12:52:38,2026-02-17 12:52:37,167.0,mm,DD,167
2026-02-17 12:52:37,2026-02-17 12:52:37,167.0,mm,DD,167
2026-02-17 12:52:37,2026-02-17 12:52:37,167.0,mm,DD,167
2026-02-17 12:52:37,2026-02-17 12:52:37,167.0,mm,DD,167
2026-02-17 12:52:37,2026-02-17 12:52:37,167.0,mm,A,167
2026-02-17 09:52:42,2026-02-17 09:52:42,167.0,mm,DD,167
2026-02-17 09:52:36,2026-02-17 09:52:36,167.0,mm,DD,167
2026-02-17 09:52:36,2026-02-17 09:52:36,167.0,mm,DD,167
2026-02-17 09:52:36,2026-02-17 09:52:36,167.0,mm,DD,167
2026-02-17 09:52:36,2026-02-17 09:52:36,167.0,mm,A,167
2026-02-17 06:52:42,2026-02-17 06:52:42,167.0,mm,DD,167
2026-02-17 06:52:36,2026-02-17 06:52:35,167.0,mm,DD,167
2026-02-17 06:52:35,2026-02-17 06:52:35,167.0,mm,DD,167
2026-02-17 06:52:35,2026-02-17 06:52:35,167.0,mm,DD,167
2026-02-17 06:52:35,2026-02-17 06:52:35,167.0,mm,DD,167
2026-02-17 06:52:35,2026-02-17 06:52:35,167.0,mm,A,167
2026-02-17 03:52:41,2026-02-17 03:52:41,167.0,mm,DD,167
2026-02-17 03:52:40,2026-02-17 03:52:40,167.0,mm,DD,167
2026-02-17 03:52:40,2026-02-17 03:52:40,167.0,mm,DD,167
2026-02-17 03:52:35,2026-02-17 03:52:35,167.0,mm,DD,167
2026-02-17 03:52:34,2026-02-17 03:52:35,167.0,mm,DD,167
2026-02-17 03:52:34,2026-02-17 03:52:35,167.0,mm,DD,167
2026-02-17 03:52:34,2026-02-17 03:52:35,167.0,mm,DD,167
2026-02-17 03:52:34,2026-02-17 03:52:35,167.0,mm,A,167
2026-02-17 00:52:40,2026-02-17 00:52:40,167.0,mm,DD,167
2026-02-17 00:52:35,2026-02-17 00:52:34,167.0,mm,DD,167
2026-02-17 00:52:34,2026-02-17 00:52:34,167.0,mm,DD,167
2026-02-17 00:52:34,2026-02-17 00:52:34,167.0,mm,DD,167
2026-02-17 00:52:33,2026-02-17 00:52:34,167.0,mm,DD,167
2026-02-17 00:52:33,2026-02-17 00:52:34,167.0,mm,A,167
2026-02-16 21:52:33,2026-02-16 21:52:33,167.0,mm,DD,167
2026-02-16 21:52:33,2026-02-16 21:52:33,167.0,mm,DD,167
2026-02-16 21:52:33,2026-02-16 21:52:33,167.0,mm,DD,167
2026-02-16 21:52:33,2026-02-16 21:52:33,167.0,mm,A,167
2026-02-16 21:23:56,2026-02-16 21:23:56,2,014.0,mm,DD,2014
2026-02-16 21:23:51,2026-02-16 21:23:51,2,014.0,mm,DD,2014
2026-02-16 21:23:50,2026-02-16 21:23:50,2,014.0,mm,DD,2014
2026-02-16 21:23:50,2026-02-16 21:23:50,2,014.0,mm,DD,2014
2026-02-16 21:23:50,2026-02-16 21:23:50,2,014.0,mm,DD,2014
2026-02-16 21:23:50,2026-02-16 21:23:50,2,014.0,mm,DD,2014
2026-02-16 21:23:50,2026-02-16 21:23:50,2,014.0,mm,PD,2014
2026-02-16 18:52:39,2026-02-16 18:52:39,167.0,mm,DD,167
2026-02-16 18:52:32,2026-02-16 18:52:33,167.0,mm,DD,167
2026-02-16 18:52:32,2026-02-16 18:52:33,167.0,mm,DD,167
2026-02-16 18:52:32,2026-02-16 18:52:33,167.0,mm,DD,167
2026-02-16 18:52:32,2026-02-16 18:52:33,167.0,mm,DD,167
2026-02-16 18:52:32,2026-02-16 18:52:33,167.0,mm,A,167
2026-02-16 15:52:38,2026-02-16 15:52:38,167.0,mm,DD,167
2026-02-16 15:52:32,2026-02-16 15:52:31,167.0,mm,DD,167
2026-02-16 15:52:31,2026-02-16 15:52:32,167.0,mm,DD,167
2026-02-16 15:52:31,2026-02-16 15:52:32,167.0,mm,DD,167
2026-02-16 15:52:31,2026-02-16 15:52:32,167.0,mm,DD,167
2026-02-16 15:52:31,2026-02-16 15:52:32,167.0,mm,A,167
2026-02-16 15:23:57,2026-02-16 15:23:57,2,014.0,mm,DD,2014
2026-02-16 15:23:52,2026-02-16 15:23:52,2,014.0,mm,DD,2014
2026-02-16 15:23:51,2026-02-16 15:23:51,2,014.0,mm,DD,2014
2026-02-16 15:23:51,2026-02-16 15:23:51,2,014.0,mm,DD,2014
2026-02-16 15:23:51,2026-02-16 15:23:51,2,014.0,mm,DD,2014
2026-02-16 15:23:51,2026-02-16 15:23:51,2,014.0,mm,PD,2014
2026-02-16 14:55:45,2026-02-16 14:55:45,130.0,mm,ND,130
2026-02-16 12:52:37,2026-02-16 12:52:37,167.0,mm,DD,167
2026-02-16 12:52:31,2026-02-16 12:52:31,167.0,mm,A,167
2026-02-16 12:52:30,2026-02-16 12:52:31,167.0,mm,DD,167
2026-02-16 12:52:30,2026-02-16 12:52:31,167.0,mm,DD,167
2026-02-16 09:52:36,2026-02-16 09:52:36,167.0,mm,DD,167
2026-02-16 09:52:30,2026-02-16 09:52:30,167.0,mm,A,167
2026-02-16 09:52:29,2026-02-16 09:52:30,167.0,mm,DD,167
2026-02-16 09:52:29,2026-02-16 09:52:30,167.0,mm,DD,167
2026-02-16 06:52:35,2026-02-16 06:52:35,166.0,mm,DD,166
2026-02-16 06:52:29,2026-02-16 06:52:29,166.0,mm,DD,166
2026-02-16 06:52:29,2026-02-16 06:52:29,166.0,mm,DD,166
2026-02-16 06:52:29,2026-02-16 06:52:29,166.0,mm,DD,166
2026-02-16 06:52:29,2026-02-16 06:52:29,166.0,mm,A,166
2026-02-16 03:52:34,2026-02-16 03:52:34,166.0,mm,DD,166
2026-02-16 03:52:29,2026-02-16 03:52:28,166.0,mm,DD,166
2026-02-16 03:52:28,2026-02-16 03:52:28,166.0,mm,DD,166
2026-02-16 03:52:28,2026-02-16 03:52:28,166.0,mm,DD,166
2026-02-16 03:52:28,2026-02-16 03:52:28,166.0,mm,DD,166
2026-02-16 03:52:28,2026-02-16 03:52:28,166.0,mm,A,166
2026-02-16 00:52:33,2026-02-16 00:52:33,166.0,mm,DD,166
2026-02-16 00:52:28,2026-02-16 00:52:27,166.0,mm,DD,166
2026-02-16 00:52:27,2026-02-16 00:52:27,166.0,mm,DD,166
2026-02-16 00:52:27,2026-02-16 00:52:27,166.0,mm,DD,166
2026-02-16 00:52:27,2026-02-16 00:52:27,166.0,mm,DD,166
2026-02-16 00:52:27,2026-02-16 00:52:27,166.0,mm,A,166
2026-02-15 21:52:33,2026-02-15 21:52:33,166.0,mm,DD,166
2026-02-15 21:52:26,2026-02-15 21:52:27,166.0,mm,DD,166
2026-02-15 21:52:26,2026-02-15 21:52:27,166.0,mm,DD,166
2026-02-15 21:52:26,2026-02-15 21:52:27,166.0,mm,DD,166
2026-02-15 21:52:26,2026-02-15 21:52:27,166.0,mm,DD,166
2026-02-15 21:52:26,2026-02-15 21:52:27,166.0,mm,A,166
2026-02-15 18:52:32,2026-02-15 18:52:32,166.0,mm,DD,166
2026-02-15 18:52:26,2026-02-15 18:52:26,166.0,mm,DD,166
2026-02-15 18:52:26,2026-02-15 18:52:26,166.0,mm,DD,166
2026-02-15 18:52:26,2026-02-15 18:52:26,166.0,mm,DD,166
2026-02-15 18:52:26,2026-02-15 18:52:26,166.0,mm,A,166
2026-02-15 15:52:25,2026-02-15 15:52:25,166.0,mm,DD,166
2026-02-15 15:52:25,2026-02-15 15:52:25,166.0,mm,DD,166
2026-02-15 15:52:25,2026-02-15 15:52:25,166.0,mm,DD,166
2026-02-15 15:52:25,2026-02-15 15:52:25,166.0,mm,DD,166
2026-02-15 15:52:25,2026-02-15 15:52:25,166.0,mm,A,166
2026-02-15 14:54:34,2026-02-15 14:54:34,165.0,mm,DD,165
2026-02-15 14:54:29,2026-02-15 14:54:28,165.0,mm,DD,165
2026-02-15 14:54:28,2026-02-15 14:54:28,165.0,mm,DD,165
2026-02-15 14:54:28,2026-02-15 14:54:28,165.0,mm,DD,165
2026-02-15 14:54:28,2026-02-15 14:54:28,165.0,mm,DD,165
2026-02-15 14:54:28,2026-02-15 14:54:28,165.0,mm,A,165
2026-02-15 13:57:40,2026-02-15 13:57:40,164.0,mm,DD,164
2026-02-15 13:57:35,2026-02-15 13:57:35,164.0,mm,DD,164
2026-02-15 13:57:34,2026-02-15 13:57:35,164.0,mm,DD,164
2026-02-15 13:57:34,2026-02-15 13:57:35,164.0,mm,DD,164
2026-02-15 13:57:34,2026-02-15 13:57:35,164.0,mm,DD,164
2026-02-15 13:57:34,2026-02-15 13:57:35,164.0,mm,A,164
2026-02-15 13:36:10,2026-02-15 13:36:10,163.0,mm,DD,163
2026-02-15 13:36:04,2026-02-15 13:36:04,163.0,mm,DD,163
2026-02-15 13:36:04,2026-02-15 13:36:04,163.0,mm,DD,163
2026-02-15 13:36:04,2026-02-15 13:36:04,163.0,mm,DD,163
2026-02-15 13:36:04,2026-02-15 13:36:04,163.0,mm,DD,163
2026-02-15 13:36:04,2026-02-15 13:36:04,163.0,mm,DD,163
2026-02-15 13:36:04,2026-02-15 13:36:04,163.0,mm,DD,163
2026-02-15 13:36:04,2026-02-15 13:36:04,163.0,mm,A,163
2026-02-15 13:30:17,2026-02-15 13:30:17,162.0,mm,DD,162
2026-02-15 13:30:17,2026-02-15 13:30:17,162.0,mm,DD,162
2026-02-15 13:30:11,2026-02-15 13:30:11,162.0,mm,DD,162
2026-02-15 13:30:11,2026-02-15 13:30:11,162.0,mm,DD,162
2026-02-15 13:30:10,2026-02-15 13:30:11,162.0,mm,DD,162
2026-02-15 13:30:10,2026-02-15 13:30:11,162.0,mm,DD,162
2026-02-15 13:30:10,2026-02-15 13:30:11,162.0,mm,DD,162
2026-02-15 13:30:10,2026-02-15 13:30:11,162.0,mm,A,162
2026-02-15 13:26:14,2026-02-15 13:26:14,161.0,mm,DD,161
2026-02-15 13:26:08,2026-02-15 13:26:08,161.0,mm,DD,161
2026-02-15 13:26:08,2026-02-15 13:26:08,161.0,mm,DD,161
2026-02-15 13:26:08,2026-02-15 13:26:08,161.0,mm,DD,161
2026-02-15 13:26:08,2026-02-15 13:26:08,161.0,mm,DD,161
2026-02-15 13:26:07,2026-02-15 13:26:08,161.0,mm,DD,161
2026-02-15 13:26:07,2026-02-15 13:26:08,161.0,mm,A,161
2026-02-15 13:20:54,2026-02-15 13:20:54,160.0,mm,DD,160
2026-02-15 13:20:54,2026-02-15 13:20:54,160.0,mm,DD,160
2026-02-15 13:20:54,2026-02-15 13:20:54,160.0,mm,DD,160
2026-02-15 13:20:54,2026-02-15 13:20:54,160.0,mm,DD,160
2026-02-15 13:20:54,2026-02-15 13:20:54,160.0,mm,A,160
2026-02-15 13:15:19,2026-02-15 13:15:19,159.0,mm,DD,159
2026-02-15 13:15:13,2026-02-15 13:15:13,159.0,mm,DD,159
2026-02-15 13:15:08,2026-02-15 13:15:08,159.0,mm,DD,159
2026-02-15 13:15:08,2026-02-15 13:15:08,159.0,mm,DD,159
2026-02-15 13:15:08,2026-02-15 13:15:08,159.0,mm,DD,159
2026-02-15 13:15:08,2026-02-15 13:15:08,159.0,mm,DD,159
2026-02-15 13:15:07,2026-02-15 13:15:08,159.0,mm,DD,159
2026-02-15 13:15:07,2026-02-15 13:15:08,159.0,mm,DD,159
2026-02-15 13:15:07,2026-02-15 13:15:08,159.0,mm,A,159
2026-02-15 12:52:30,2026-02-15 12:52:31,158.0,mm,DD,158
2026-02-15 12:52:25,2026-02-15 12:52:24,158.0,mm,A,158
2026-02-15 12:52:24,2026-02-15 12:52:24,158.0,mm,DD,158
2026-02-15 12:52:24,2026-02-15 12:52:24,158.0,mm,DD,158
2026-02-15 12:52:24,2026-02-15 12:52:24,158.0,mm,DD,158
2026-02-15 12:52:24,2026-02-15 12:52:24,158.0,mm,AS,158
2026-02-15 12:31:59,2026-02-15 12:31:59,157.0,mm,DD,157
2026-02-15 12:31:54,2026-02-15 12:31:53,157.0,mm,DD,157
2026-02-15 12:31:53,2026-02-15 12:31:54,157.0,mm,DD,157
2026-02-15 12:31:53,2026-02-15 12:31:54,157.0,mm,DD,157
2026-02-15 12:31:53,2026-02-15 12:31:54,157.0,mm,DD,157
2026-02-15 12:31:53,2026-02-15 12:31:54,157.0,mm,A,157
2026-02-15 12:05:28,2026-02-15 12:05:28,156.0,mm,DD,156
2026-02-15 12:05:23,2026-02-15 12:05:22,156.0,mm,DD,156
2026-02-15 12:05:22,2026-02-15 12:05:22,156.0,mm,DD,156
2026-02-15 12:05:22,2026-02-15 12:05:22,156.0,mm,DD,156
2026-02-15 12:05:22,2026-02-15 12:05:22,156.0,mm,DD,156
2026-02-15 12:05:22,2026-02-15 12:05:22,156.0,mm,A,156
2026-02-15 11:15:58,2026-02-15 11:15:58,267.0,mm,DD,267
2026-02-15 11:15:53,2026-02-15 11:15:53,267.0,mm,DD,267
2026-02-15 11:15:53,2026-02-15 11:15:53,267.0,mm,DD,267
2026-02-15 11:15:52,2026-02-15 11:15:52,267.0,mm,DD,267
2026-02-15 11:15:52,2026-02-15 11:15:52,267.0,mm,DD,267
2026-02-15 11:15:52,2026-02-15 11:15:52,267.0,mm,DD,267
2026-02-15 11:15:52,2026-02-15 11:15:52,267.0,mm,PD,267
2026-02-15 11:09:19,2026-02-15 11:09:19,155.0,mm,DD,155
2026-02-15 11:09:18,2026-02-15 11:09:18,155.0,mm,DD,155
2026-02-15 11:09:14,2026-02-15 11:09:13,155.0,mm,DD,155
2026-02-15 11:09:13,2026-02-15 11:09:13,155.0,mm,DD,155
2026-02-15 11:09:13,2026-02-15 11:09:13,155.0,mm,DD,155
2026-02-15 11:09:13,2026-02-15 11:09:13,155.0,mm,DD,155
2026-02-15 11:09:13,2026-02-15 11:09:13,155.0,mm,A,155
2026-02-15 09:52:30,2026-02-15 09:52:30,154.0,mm,DD,154
2026-02-15 09:52:29,2026-02-15 09:52:29,154.0,mm,DD,154
2026-02-15 09:52:29,2026-02-15 09:52:29,154.0,mm,DD,154
2026-02-15 09:52:24,2026-02-15 09:52:24,154.0,mm,DD,154
2026-02-15 09:52:23,2026-02-15 09:52:24,154.0,mm,DD,154
2026-02-15 09:52:23,2026-02-15 09:52:24,154.0,mm,DD,154
2026-02-15 09:52:23,2026-02-15 09:52:24,154.0,mm,DD,154
2026-02-15 09:52:23,2026-02-15 09:52:24,154.0,mm,A,154
2026-02-15 09:42:32,2026-02-15 09:42:32,154.0,mm,DD,154
2026-02-15 09:42:26,2026-02-15 09:42:27,154.0,mm,DD,154
2026-02-15 09:42:26,2026-02-15 09:42:27,154.0,mm,DD,154
2026-02-15 09:42:26,2026-02-15 09:42:27,154.0,mm,DD,154
2026-02-15 09:42:26,2026-02-15 09:42:27,154.0,mm,DD,154
2026-02-15 09:42:26,2026-02-15 09:42:27,154.0,mm,A,154
2026-02-15 06:52:29,2026-02-15 06:52:29,153.0,mm,DD,153
2026-02-15 06:52:28,2026-02-15 06:52:28,153.0,mm,DD,153
2026-02-15 06:52:28,2026-02-15 06:52:28,153.0,mm,DD,153
2026-02-15 06:52:23,2026-02-15 06:52:23,153.0,mm,DD,153
2026-02-15 06:52:23,2026-02-15 06:52:23,153.0,mm,DD,153
2026-02-15 06:52:23,2026-02-15 06:52:23,153.0,mm,DD,153
2026-02-15 06:52:23,2026-02-15 06:52:23,153.0,mm,DD,153
2026-02-15 06:52:22,2026-02-15 06:52:22,153.0,mm,A,153
2026-02-15 03:52:29,2026-02-15 03:52:29,153.0,mm,DD,153
2026-02-15 03:52:23,2026-02-15 03:52:23,153.0,mm,DD,153
2026-02-15 03:52:23,2026-02-15 03:52:23,153.0,mm,DD,153
2026-02-15 03:52:23,2026-02-15 03:52:23,153.0,mm,DD,153
2026-02-15 03:52:22,2026-02-15 03:52:22,153.0,mm,DD,153
2026-02-15 03:52:22,2026-02-15 03:52:22,153.0,mm,A,153
2026-02-15 02:04:20,2026-02-15 02:04:20,152.0,mm,DD,152
2026-02-15 02:04:14,2026-02-15 02:04:14,152.0,mm,DD,152
2026-02-15 02:04:13,2026-02-15 02:04:14,152.0,mm,DD,152
2026-02-15 02:04:13,2026-02-15 02:04:14,152.0,mm,DD,152
2026-02-15 02:04:13,2026-02-15 02:04:14,152.0,mm,DD,152
2026-02-15 02:04:13,2026-02-15 02:04:14,152.0,mm,A,152
2026-02-15 00:52:27,2026-02-15 00:52:28,151.0,mm,DD,151
2026-02-15 00:52:22,2026-02-15 00:52:21,151.0,mm,A,151
2026-02-15 00:52:21,2026-02-15 00:52:21,151.0,mm,DD,151
2026-02-15 00:52:21,2026-02-15 00:52:21,151.0,mm,DD,151
2026-02-15 00:52:21,2026-02-15 00:52:21,151.0,mm,DD,151
2026-02-15 00:52:21,2026-02-15 00:52:21,151.0,mm,DD,151
2026-02-14 22:41:17,2026-02-14 22:41:17,128.0,mm,DD,128
2026-02-14 22:41:12,2026-02-14 22:41:12,128.0,mm,DD,128
2026-02-14 22:41:11,2026-02-14 22:41:12,128.0,mm,DD,128
2026-02-14 22:41:11,2026-02-14 22:41:12,128.0,mm,DD,128
2026-02-14 22:41:11,2026-02-14 22:41:12,128.0,mm,DD,128
2026-02-14 22:41:11,2026-02-14 22:41:12,128.0,mm,DD,128
2026-02-14 22:41:10,2026-02-14 22:41:10,128.0,mm,DD,128
2026-02-14 22:41:10,2026-02-14 22:41:10,128.0,mm,ND,128
2026-02-14 21:52:27,2026-02-14 21:52:27,151.0,mm,DD,151
2026-02-14 21:52:26,2026-02-14 21:52:26,151.0,mm,DD,151
2026-02-14 21:52:26,2026-02-14 21:52:26,151.0,mm,DD,151
2026-02-14 21:52:21,2026-02-14 21:52:21,151.0,mm,DD,151
2026-02-14 21:52:20,2026-02-14 21:52:21,151.0,mm,DD,151
2026-02-14 21:52:20,2026-02-14 21:52:21,151.0,mm,DD,151
2026-02-14 21:52:20,2026-02-14 21:52:21,151.0,mm,DD,151
2026-02-14 21:52:20,2026-02-14 21:52:21,151.0,mm,A,151
2026-02-14 18:52:26,2026-02-14 18:52:26,151.0,mm,DD,151
2026-02-14 18:52:26,2026-02-14 18:52:26,151.0,mm,DD,151
2026-02-14 18:52:20,2026-02-14 18:52:20,151.0,mm,DD,151
2026-02-14 18:52:20,2026-02-14 18:52:20,151.0,mm,DD,151
2026-02-14 18:52:20,2026-02-14 18:52:20,151.0,mm,DD,151
2026-02-14 18:52:19,2026-02-14 18:52:20,151.0,mm,DD,151
2026-02-14 18:52:19,2026-02-14 18:52:20,151.0,mm,A,151
2026-02-14 18:43:58,2026-02-14 18:43:58,151.0,mm,DD,151
2026-02-14 18:43:52,2026-02-14 18:43:52,151.0,mm,DD,151
2026-02-14 18:43:52,2026-02-14 18:43:52,151.0,mm,DD,151
2026-02-14 18:43:52,2026-02-14 18:43:52,151.0,mm,DD,151
2026-02-14 18:43:52,2026-02-14 18:43:52,151.0,mm,DD,151
2026-02-14 18:43:52,2026-02-14 18:43:52,151.0,mm,A,151
2026-02-14 17:11:18,2026-02-14 17:11:18,150.0,mm,DD,150
2026-02-14 17:11:12,2026-02-14 17:11:12,150.0,mm,DD,150
2026-02-14 17:11:12,2026-02-14 17:11:12,150.0,mm,DD,150
2026-02-14 17:11:12,2026-02-14 17:11:12,150.0,mm,DD,150
2026-02-14 17:11:12,2026-02-14 17:11:12,150.0,mm,A,150
2026-02-14 15:52:25,2026-02-14 15:52:25,149.0,mm,DD,149
2026-02-14 15:52:20,2026-02-14 15:52:19,149.0,mm,DD,149
2026-02-14 15:52:19,2026-02-14 15:52:19,149.0,mm,DD,149
2026-02-14 15:52:19,2026-02-14 15:52:19,149.0,mm,DD,149
2026-02-14 15:52:19,2026-02-14 15:52:19,149.0,mm,DD,149
2026-02-14 15:52:19,2026-02-14 15:52:19,149.0,mm,A,149
2026-02-14 13:10:17,2026-02-14 13:10:17,148.0,mm,DD,148
2026-02-14 13:10:10,2026-02-14 13:10:11,148.0,mm,DD,148
2026-02-14 13:10:10,2026-02-14 13:10:11,148.0,mm,DD,148
2026-02-14 13:10:10,2026-02-14 13:10:11,148.0,mm,DD,148
2026-02-14 13:10:10,2026-02-14 13:10:11,148.0,mm,DD,148
2026-02-14 13:10:10,2026-02-14 13:10:11,148.0,mm,DD,148
2026-02-14 13:10:10,2026-02-14 13:10:11,148.0,mm,A,148
2026-02-14 13:09:29,2026-02-14 13:09:29,256.0,mm,DD,256
2026-02-14 13:09:23,2026-02-14 13:09:23,256.0,mm,DD,256
2026-02-14 13:09:23,2026-02-14 13:09:23,256.0,mm,DD,256
2026-02-14 13:09:23,2026-02-14 13:09:23,256.0,mm,DD,256
2026-02-14 13:09:23,2026-02-14 13:09:23,256.0,mm,DD,256
2026-02-14 13:09:23,2026-02-14 13:09:23,256.0,mm,DD,256
2026-02-14 13:09:23,2026-02-14 13:09:23,256.0,mm,PD,256
2026-02-14 12:34:22,2026-02-14 12:34:21,146.0,mm,A,146
2026-02-14 12:34:21,2026-02-14 12:34:21,146.0,mm,DD,146
2026-02-14 12:34:21,2026-02-14 12:34:21,146.0,mm,DD,146
2026-02-14 12:34:21,2026-02-14 12:34:21,146.0,mm,DD,146
2026-02-14 12:34:21,2026-02-14 12:34:21,146.0,mm,DD,146
2026-02-14 12:09:29,2026-02-14 12:09:29,145.0,mm,DD,145
2026-02-14 12:09:24,2026-02-14 12:09:23,145.0,mm,DD,145
2026-02-14 12:09:23,2026-02-14 12:09:23,145.0,mm,DD,145
2026-02-14 12:09:23,2026-02-14 12:09:23,145.0,mm,DD,145
2026-02-14 12:09:23,2026-02-14 12:09:23,145.0,mm,DD,145
2026-02-14 12:09:23,2026-02-14 12:09:23,145.0,mm,A,145
2026-02-14 11:57:25,2026-02-14 11:57:25,144.0,mm,DD,144
2026-02-14 11:57:19,2026-02-14 11:57:19,144.0,mm,DD,144
2026-02-14 11:57:19,2026-02-14 11:57:19,144.0,mm,DD,144
2026-02-14 11:57:19,2026-02-14 11:57:19,144.0,mm,DD,144
2026-02-14 11:57:19,2026-02-14 11:57:19,144.0,mm,DD,144
2026-02-14 11:57:19,2026-02-14 11:57:19,144.0,mm,A,144
2026-02-14 11:39:43,2026-02-14 11:39:43,143.0,mm,DD,143
2026-02-14 11:39:37,2026-02-14 11:39:37,143.0,mm,DD,143
2026-02-14 11:39:37,2026-02-14 11:39:37,143.0,mm,DD,143
2026-02-14 11:39:37,2026-02-14 11:39:37,143.0,mm,DD,143
2026-02-14 11:39:37,2026-02-14 11:39:37,143.0,mm,DD,143
2026-02-14 11:39:37,2026-02-14 11:39:37,143.0,mm,A,143
2026-02-14 11:22:40,2026-02-14 11:22:39,142.0,mm,DD,142
2026-02-14 11:22:39,2026-02-14 11:22:40,142.0,mm,DD,142
2026-02-14 11:22:39,2026-02-14 11:22:40,142.0,mm,DD,142
2026-02-14 11:22:39,2026-02-14 11:22:40,142.0,mm,DD,142
2026-02-14 11:22:39,2026-02-14 11:22:40,142.0,mm,A,142
2026-02-14 11:00:46,2026-02-14 11:00:46,141.0,mm,DD,141
2026-02-14 11:00:41,2026-02-14 11:00:41,141.0,mm,A,141
2026-02-14 11:00:40,2026-02-14 11:00:41,141.0,mm,DD,141
2026-02-14 11:00:40,2026-02-14 11:00:41,141.0,mm,DD,141
2026-02-14 08:47:59,2026-02-14 08:47:59,139.0,mm,DD,139
2026-02-14 08:47:54,2026-02-14 08:47:52,139.0,mm,A,139
2026-02-14 08:47:53,2026-02-14 08:47:53,139.0,mm,DD,139
2026-02-14 08:47:53,2026-02-14 08:47:53,139.0,mm,DD,139
2026-02-14 08:47:53,2026-02-14 08:47:53,139.0,mm,DD,139
2026-02-14 08:47:53,2026-02-14 08:47:53,139.0,mm,DD,139
2026-02-14 08:09:46,2026-02-14 08:09:46,138.0,mm,DD,138
2026-02-14 08:09:41,2026-02-14 08:09:40,138.0,mm,DD,138
2026-02-14 08:09:40,2026-02-14 08:09:40,138.0,mm,DD,138
2026-02-14 08:09:40,2026-02-14 08:09:40,138.0,mm,DD,138
2026-02-14 08:09:40,2026-02-14 08:09:40,138.0,mm,DD,138
2026-02-14 08:09:40,2026-02-14 08:09:40,138.0,mm,A,138
2026-02-14 06:52:23,2026-02-14 06:52:23,137.0,mm,DD,137
2026-02-14 06:52:17,2026-02-14 06:52:17,137.0,mm,DD,137
2026-02-14 06:52:17,2026-02-14 06:52:17,137.0,mm,DD,137
2026-02-14 06:52:17,2026-02-14 06:52:17,137.0,mm,DD,137
2026-02-14 06:52:17,2026-02-14 06:52:17,137.0,mm,A,137
2026-02-14 05:11:50,2026-02-14 05:11:50,2,031.0,mm,PD,2031
2026-02-14 03:52:22,2026-02-14 03:52:22,137.0,mm,DD,137
2026-02-14 03:52:17,2026-02-14 03:52:16,137.0,mm,DD,137
2026-02-14 03:52:16,2026-02-14 03:52:16,137.0,mm,DD,137
2026-02-14 03:52:16,2026-02-14 03:52:16,137.0,mm,DD,137
2026-02-14 03:52:16,2026-02-14 03:52:16,137.0,mm,DD,137
2026-02-14 03:52:16,2026-02-14 03:52:16,137.0,mm,A,137
2026-02-14 00:52:21,2026-02-14 00:52:21,137.0,mm,DD,137
2026-02-14 00:52:15,2026-02-14 00:52:15,137.0,mm,DD,137
2026-02-14 00:52:15,2026-02-14 00:52:15,137.0,mm,DD,137
2026-02-14 00:52:15,2026-02-14 00:52:15,137.0,mm,DD,137
2026-02-14 00:52:15,2026-02-14 00:52:15,137.0,mm,A,137
2026-02-13 21:52:21,2026-02-13 21:52:21,137.0,mm,DD,137
2026-02-13 21:52:20,2026-02-13 21:52:20,137.0,mm,DD,137
2026-02-13 21:52:20,2026-02-13 21:52:20,137.0,mm,DD,137
2026-02-13 21:52:15,2026-02-13 21:52:15,137.0,mm,DD,137
2026-02-13 21:52:14,2026-02-13 21:52:15,137.0,mm,DD,137
2026-02-13 21:52:14,2026-02-13 21:52:15,137.0,mm,DD,137
2026-02-13 21:52:14,2026-02-13 21:52:15,137.0,mm,DD,137
2026-02-13 21:52:14,2026-02-13 21:52:15,137.0,mm,A,137
2026-02-13 19:53:17,2026-02-13 19:53:17,136.0,mm,DD,136
2026-02-13 19:53:11,2026-02-13 19:53:11,136.0,mm,DD,136
2026-02-13 19:53:11,2026-02-13 19:53:11,136.0,mm,DD,136
2026-02-13 19:53:11,2026-02-13 19:53:11,136.0,mm,DD,136
2026-02-13 19:53:11,2026-02-13 19:53:11,136.0,mm,DD,136
2026-02-13 19:53:11,2026-02-13 19:53:11,136.0,mm,DD,136
2026-02-13 19:53:11,2026-02-13 19:53:11,136.0,mm,A,136
2026-02-13 15:52:14,2026-02-13 15:52:13,134.0,mm,DD,134
2026-02-13 15:52:13,2026-02-13 15:52:13,134.0,mm,DD,134
2026-02-13 15:52:13,2026-02-13 15:52:13,134.0,mm,DD,134
2026-02-13 15:52:13,2026-02-13 15:52:13,134.0,mm,DD,134
2026-02-13 15:52:13,2026-02-13 15:52:13,134.0,mm,A,134
2026-02-13 13:31:32,2026-02-13 13:31:32,134.0,mm,DD,134
2026-02-13 13:31:26,2026-02-13 13:31:26,134.0,mm,DD,134
2026-02-13 13:31:26,2026-02-13 13:31:26,134.0,mm,DD,134
2026-02-13 13:31:26,2026-02-13 13:31:26,134.0,mm,DD,134
2026-02-13 13:31:26,2026-02-13 13:31:26,134.0,mm,A,134
2026-02-13 13:31:25,2026-02-13 13:31:25,142.0,mm,PD,142
2026-02-13 12:52:23,2026-02-13 12:52:23,133.0,mm,DD,133
2026-02-13 12:52:17,2026-02-13 12:52:17,133.0,mm,DD,133
2026-02-13 12:52:17,2026-02-13 12:52:17,133.0,mm,DD,133
2026-02-13 12:52:13,2026-02-13 12:52:13,133.0,mm,DD,133
2026-02-13 12:52:13,2026-02-13 12:52:13,133.0,mm,DD,133
2026-02-13 12:52:12,2026-02-13 12:52:12,133.0,mm,DD,133
2026-02-13 12:52:12,2026-02-13 12:52:12,133.0,mm,DD,133
2026-02-13 12:52:12,2026-02-13 12:52:12,133.0,mm,A,133
2026-02-13 12:02:04,2026-02-13 12:02:04,667.0,mm,DD,667
2026-02-13 12:02:04,2026-02-13 12:02:04,667.0,mm,DD,667
2026-02-13 12:02:04,2026-02-13 12:02:04,667.0,mm,PD,667
2026-02-13 11:15:48,2026-02-13 11:15:47,133.0,mm,A,133
2026-02-13 11:15:47,2026-02-13 11:15:47,133.0,mm,DD,133
2026-02-13 11:15:47,2026-02-13 11:15:47,133.0,mm,DD,133
2026-02-13 10:23:19,2026-02-13 10:23:19,132.0,mm,DD,132
2026-02-13 10:23:13,2026-02-13 10:23:13,132.0,mm,DD,132
2026-02-13 10:23:13,2026-02-13 10:23:13,132.0,mm,DD,132
2026-02-13 10:23:12,2026-02-13 10:23:12,132.0,mm,DD,132
2026-02-13 10:23:12,2026-02-13 10:23:12,132.0,mm,DD,132
2026-02-13 10:23:12,2026-02-13 10:23:12,132.0,mm,A,132
2026-02-13 09:52:18,2026-02-13 09:52:18,131.0,mm,DD,131
2026-02-13 09:52:12,2026-02-13 09:52:12,131.0,mm,DD,131
2026-02-13 09:52:12,2026-02-13 09:52:12,131.0,mm,DD,131
2026-02-13 09:52:11,2026-02-13 09:52:12,131.0,mm,DD,131
2026-02-13 09:52:11,2026-02-13 09:52:12,131.0,mm,DD,131
2026-02-13 09:52:11,2026-02-13 09:52:12,131.0,mm,DD,131
2026-02-13 09:52:11,2026-02-13 09:52:12,131.0,mm,DD,131
2026-02-13 09:52:11,2026-02-13 09:52:12,131.0,mm,A,131
2026-02-13 08:50:33,2026-02-13 08:50:33,974.0,mm,PD,974
2026-02-13 07:22:19,2026-02-13 07:22:18,238.0,mm,DD,238
2026-02-13 07:22:17,2026-02-13 07:22:17,238.0,mm,DD,238
2026-02-13 07:22:17,2026-02-13 07:22:17,238.0,mm,DD,238
2026-02-13 07:22:17,2026-02-13 07:22:17,238.0,mm,DD,238
2026-02-13 07:22:17,2026-02-13 07:22:17,238.0,mm,PD,238
2026-02-13 06:52:17,2026-02-13 06:52:17,131.0,mm,DD,131
2026-02-13 06:52:11,2026-02-13 06:52:11,131.0,mm,DD,131
2026-02-13 06:52:11,2026-02-13 06:52:11,131.0,mm,DD,131
2026-02-13 06:52:11,2026-02-13 06:52:11,131.0,mm,DD,131
2026-02-13 06:52:11,2026-02-13 06:52:11,131.0,mm,DD,131
2026-02-13 06:52:11,2026-02-13 06:52:11,131.0,mm,DD,131
2026-02-13 06:52:11,2026-02-13 06:52:11,131.0,mm,A,131
2026-02-13 06:13:28,2026-02-13 06:13:28,130.0,mm,DD,130
2026-02-13 06:13:22,2026-02-13 06:13:22,130.0,mm,DD,130
2026-02-13 06:13:22,2026-02-13 06:13:22,130.0,mm,DD,130
2026-02-13 06:13:22,2026-02-13 06:13:22,130.0,mm,DD,130
2026-02-13 06:13:22,2026-02-13 06:13:22,130.0,mm,DD,130
2026-02-13 06:13:22,2026-02-13 06:13:22,130.0,mm,A,130
2026-02-13 05:55:56,2026-02-13 05:55:56,129.0,mm,DD,129
2026-02-13 05:55:49,2026-02-13 05:55:49,129.0,mm,DD,129
2026-02-13 05:55:49,2026-02-13 05:55:49,129.0,mm,A,129
2026-02-13 05:41:09,2026-02-13 05:41:09,129.0,mm,DD,129
2026-02-13 05:41:09,2026-02-13 05:41:09,129.0,mm,DD,129
2026-02-13 05:41:09,2026-02-13 05:41:09,129.0,mm,DD,129
2026-02-13 05:41:09,2026-02-13 05:41:09,129.0,mm,DD,129
2026-02-13 05:41:09,2026-02-13 05:41:09,129.0,mm,A,129
2026-02-13 04:47:36,2026-02-13 04:47:36,1,991.0,mm,DD,1991
2026-02-13 04:47:31,2026-02-13 04:47:30,1,991.0,mm,DD,1991
2026-02-13 04:47:30,2026-02-13 04:47:30,1,991.0,mm,DD,1991
2026-02-13 04:47:30,2026-02-13 04:47:30,1,991.0,mm,DD,1991
2026-02-13 04:47:30,2026-02-13 04:47:30,1,991.0,mm,DD,1991
2026-02-13 04:47:30,2026-02-13 04:47:30,1,991.0,mm,DD,1991
2026-02-13 04:47:30,2026-02-13 04:47:30,1,991.0,mm,PD,1991
2026-02-13 03:52:17,2026-02-13 03:52:17,128.0,mm,DD,128
2026-02-13 03:52:15,2026-02-13 03:52:15,128.0,mm,DD,128
2026-02-13 03:52:15,2026-02-13 03:52:15,128.0,mm,DD,128
2026-02-13 03:52:11,2026-02-13 03:52:11,128.0,mm,DD,128
2026-02-13 03:52:11,2026-02-13 03:52:11,128.0,mm,DD,128
2026-02-13 03:52:11,2026-02-13 03:52:11,128.0,mm,DD,128
2026-02-13 03:52:11,2026-02-13 03:52:11,128.0,mm,DD,128
2026-02-13 03:52:11,2026-02-13 03:52:11,128.0,mm,DD,128
2026-02-13 03:52:10,2026-02-13 03:52:10,128.0,mm,DD,128
2026-02-13 03:52:10,2026-02-13 03:52:10,128.0,mm,DD,128
2026-02-13 03:52:10,2026-02-13 03:52:10,128.0,mm,A,128
2026-02-13 01:13:13,2026-02-13 01:13:13,1,986.0,mm,DD,1986
2026-02-13 01:13:08,2026-02-13 01:13:08,1,986.0,mm,DD,1986
2026-02-13 01:13:07,2026-02-13 01:13:07,1,986.0,mm,DD,1986
2026-02-13 01:13:07,2026-02-13 01:13:07,1,986.0,mm,DD,1986
2026-02-13 01:13:07,2026-02-13 01:13:07,1,986.0,mm,DD,1986
2026-02-13 01:13:07,2026-02-13 01:13:07,1,986.0,mm,DD,1986
2026-02-13 01:13:07,2026-02-13 01:13:07,1,986.0,mm,DD,1986
2026-02-13 01:13:07,2026-02-13 01:13:07,1,986.0,mm,DD,1986
2026-02-13 01:13:07,2026-02-13 01:13:07,1,986.0,mm,PD,1986
2026-02-13 00:52:15,2026-02-13 00:52:15,128.0,mm,DD,128
2026-02-13 00:52:09,2026-02-13 00:52:09,128.0,mm,DD,128
2026-02-13 00:52:09,2026-02-13 00:52:09,128.0,mm,DD,128
2026-02-13 00:52:09,2026-02-13 00:52:09,128.0,mm,DD,128
2026-02-13 00:52:09,2026-02-13 00:52:09,128.0,mm,DD,128
2026-02-13 00:52:09,2026-02-13 00:52:09,128.0,mm,DD,128
2026-02-13 00:52:09,2026-02-13 00:52:09,128.0,mm,A,128
2026-02-12 21:52:09,2026-02-12 21:52:08,128.0,mm,DD,128
2026-02-12 21:52:08,2026-02-12 21:52:09,128.0,mm,DD,128
2026-02-12 21:52:08,2026-02-12 21:52:09,128.0,mm,DD,128
2026-02-12 21:52:08,2026-02-12 21:52:09,128.0,mm,A,128
2026-02-12 18:52:09,2026-02-12 18:52:08,128.0,mm,DD,128
2026-02-12 18:52:09,2026-02-12 18:52:08,128.0,mm,DD,128
2026-02-12 18:52:08,2026-02-12 18:52:08,128.0,mm,DD,128
2026-02-12 18:52:08,2026-02-12 18:52:08,128.0,mm,DD,128
2026-02-12 18:52:08,2026-02-12 18:52:08,128.0,mm,DD,128
2026-02-12 18:52:08,2026-02-12 18:52:08,128.0,mm,DD,128
2026-02-12 18:52:08,2026-02-12 18:52:08,128.0,mm,DD,128
2026-02-12 18:52:08,2026-02-12 18:52:08,128.0,mm,A,128
2026-02-12 17:16:27,2026-02-12 17:16:27,2.0,mm,DD,2
2026-02-12 17:16:21,2026-02-12 17:16:21,2.0,mm,DD,2
2026-02-12 17:16:21,2026-02-12 17:16:21,2.0,mm,DD,2
2026-02-12 17:16:21,2026-02-12 17:16:21,2.0,mm,DD,2
2026-02-12 17:16:21,2026-02-12 17:16:21,2.0,mm,DD,2
2026-02-12 17:16:20,2026-02-12 17:16:20,2.0,mm,DD,2
2026-02-12 17:16:20,2026-02-12 17:16:20,2.0,mm,ND,2
2026-02-12 15:52:08,2026-02-12 15:52:07,128.0,mm,DD,128
2026-02-12 15:52:08,2026-02-12 15:52:07,128.0,mm,DD,128
2026-02-12 15:52:07,2026-02-12 15:52:07,128.0,mm,DD,128
2026-02-12 15:52:07,2026-02-12 15:52:07,128.0,mm,DD,128
2026-02-12 15:52:07,2026-02-12 15:52:07,128.0,mm,DD,128
2026-02-12 15:52:07,2026-02-12 15:52:07,128.0,mm,DD,128
2026-02-12 15:52:07,2026-02-12 15:52:07,128.0,mm,DD,128
2026-02-12 15:52:07,2026-02-12 15:52:07,128.0,mm,AN,128
2026-02-12 12:52:12,2026-02-12 12:52:12,128.0,mm,DD,128
2026-02-12 12:52:06,2026-02-16 12:43:31,128.0,mm,DD,128
2026-02-12 12:52:06,2026-02-16 12:43:31,128.0,mm,DD,128
2026-02-12 12:52:06,2026-02-16 12:43:31,128.0,mm,DD,128
2026-02-12 12:52:06,2026-02-16 12:43:31,128.0,mm,DD,128
2026-02-12 12:52:06,2026-02-16 12:43:31,128.0,mm,DD,128
2026-02-12 12:52:06,2026-02-16 12:43:31,128.0,mm,DD,128
2026-02-12 12:52:06,2026-02-16 12:43:31,128.0,mm,A,128
2026-02-12 11:57:45,2026-02-12 11:57:45,2.0,mm,DD,2
2026-02-12 11:57:41,2026-02-12 11:57:40,2.0,mm,DD,2
2026-02-12 11:57:39,2026-02-16 12:46:47,2.0,mm,DD,2
2026-02-12 11:57:39,2026-02-16 12:46:47,2.0,mm,DD,2
2026-02-12 11:57:39,2026-02-16 12:46:47,2.0,mm,DD,2
2026-02-12 11:57:39,2026-02-16 12:46:47,2.0,mm,MM,2
2026-02-12 10:19:57,2026-02-12 10:19:57,0.0,mm,DD,0
2026-02-12 10:19:52,2026-02-12 10:19:52,0.0,mm,DD,0
2026-02-12 10:19:51,2026-02-12 10:19:51,0.0,mm,DD,0
2026-02-12 10:19:51,2026-02-12 10:19:51,0.0,mm,DD,0
2026-02-12 10:19:51,2026-02-12 10:19:51,0.0,mm,DD,0
2026-02-12 10:19:51,2026-02-12 10:19:51,0.0,mm,ND,0
2026-02-12 09:52:11,2026-02-12 09:52:11,128.0,mm,DD,128
2026-02-12 09:52:05,2026-02-12 09:52:05,128.0,mm,DD,128
2026-02-12 09:52:05,2026-02-12 09:52:05,128.0,mm,DD,128
2026-02-12 09:52:05,2026-02-12 09:52:05,128.0,mm,DD,128
2026-02-12 09:52:05,2026-02-12 09:52:05,128.0,mm,DD,128
2026-02-12 09:52:05,2026-02-12 09:52:05,128.0,mm,DD,128
2026-02-12 09:52:05,2026-02-12 09:52:05,128.0,mm,DD,128
2026-02-12 09:52:05,2026-02-12 09:52:05,128.0,mm,DD,128
2026-02-12 09:52:05,2026-02-12 09:52:05,128.0,mm,A,128
2026-02-12 06:52:10,2026-02-12 06:52:10,128.0,mm,DD,128
2026-02-12 06:52:04,2026-02-12 06:52:04,128.0,mm,DD,128
2026-02-12 06:52:04,2026-02-12 06:52:04,128.0,mm,DD,128
2026-02-12 06:52:04,2026-02-12 06:52:04,128.0,mm,DD,128
2026-02-12 06:52:04,2026-02-12 06:52:04,128.0,mm,DD,128
2026-02-12 06:52:04,2026-02-12 06:52:04,128.0,mm,DD,128
2026-02-12 06:52:04,2026-02-12 06:52:04,128.0,mm,AN,128
2026-02-12 03:52:10,2026-02-12 03:52:10,128.0,mm,DD,128
2026-02-12 03:52:05,2026-02-12 03:52:03,128.0,mm,DD,128
2026-02-12 03:52:05,2026-02-12 03:52:03,128.0,mm,DD,128
2026-02-12 03:52:03,2026-02-12 03:52:04,128.0,mm,DD,128
2026-02-12 03:52:03,2026-02-12 03:52:04,128.0,mm,DD,128
2026-02-12 03:52:03,2026-02-12 03:52:04,128.0,mm,DD,128
2026-02-12 03:52:03,2026-02-12 03:52:04,128.0,mm,DD,128
2026-02-12 03:52:03,2026-02-12 03:52:04,128.0,mm,DD,128
2026-02-12 03:52:03,2026-02-12 03:52:04,128.0,mm,DD,128
2026-02-12 03:52:03,2026-02-12 03:52:04,128.0,mm,ND,128
2026-02-12 01:40:57,2026-02-12 01:40:57,129.0,mm,DD,129
2026-02-12 01:40:52,2026-02-12 01:40:52,129.0,mm,DD,129
2026-02-12 01:40:51,2026-02-12 01:40:51,129.0,mm,DD,129
2026-02-12 01:40:51,2026-02-12 01:40:51,129.0,mm,DD,129
2026-02-12 01:40:50,2026-02-12 01:40:50,129.0,mm,DD,129
2026-02-12 01:40:50,2026-02-12 01:40:50,129.0,mm,A,129
2026-02-12 00:52:15,2026-02-12 00:52:15,132.0,mm,PD,132
2026-02-12 00:52:09,2026-02-12 00:52:09,128.0,mm,A,128
2026-02-12 00:52:08,2026-02-12 00:52:08,132.0,mm,DD,132
2026-02-12 00:52:08,2026-02-12 00:52:08,132.0,mm,DD,132
2026-02-12 00:52:08,2026-02-12 00:52:08,132.0,mm,DD,132
2026-02-12 00:52:08,2026-02-12 00:52:08,132.0,mm,PD,132
2026-02-12 00:52:03,2026-02-12 00:52:03,128.0,mm,DD,128
2026-02-12 00:52:03,2026-02-12 00:52:03,128.0,mm,DD,128
2026-02-12 00:52:02,2026-02-12 00:52:03,128.0,mm,DD,128
2026-02-12 00:52:02,2026-02-12 00:52:03,128.0,mm,DD,128
2026-02-12 00:52:02,2026-02-12 00:52:03,128.0,mm,DD,128
2026-02-12 00:52:02,2026-02-12 00:52:03,128.0,mm,DD,128
2026-02-12 00:52:02,2026-02-12 00:52:03,128.0,mm,DD,128
2026-02-12 00:52:02,2026-02-12 00:52:03,128.0,mm,A,128
2026-02-11 21:52:08,2026-02-11 21:52:08,128.0,mm,DD,128
2026-02-11 21:52:02,2026-02-11 21:52:02,128.0,mm,DD,128
2026-02-11 21:52:02,2026-02-11 21:52:02,128.0,mm,DD,128
2026-02-11 21:52:02,2026-02-11 21:52:02,128.0,mm,DD,128
2026-02-11 21:52:02,2026-02-11 21:52:02,128.0,mm,DD,128
2026-02-11 21:52:02,2026-02-11 21:52:02,128.0,mm,A,128
2026-02-11 18:52:07,2026-02-11 18:52:07,128.0,mm,DD,128
2026-02-11 18:52:02,2026-02-11 18:52:01,128.0,mm,DD,128
2026-02-11 18:52:01,2026-02-11 18:52:01,128.0,mm,DD,128
2026-02-11 18:52:01,2026-02-11 18:52:01,128.0,mm,DD,128
2026-02-11 18:52:01,2026-02-11 18:52:01,128.0,mm,DD,128
2026-02-11 18:52:01,2026-02-11 18:52:01,128.0,mm,A,128
2026-02-11 15:52:06,2026-02-11 15:52:06,128.0,mm,DD,128
2026-02-11 15:52:01,2026-02-11 15:52:00,128.0,mm,A,128
2026-02-11 15:52:00,2026-02-11 15:52:00,128.0,mm,DD,128
2026-02-11 15:52:00,2026-02-11 15:52:00,128.0,mm,DD,128
2026-02-11 12:52:05,2026-02-11 12:52:05,128.0,mm,DD,128
2026-02-11 12:51:59,2026-02-11 12:51:59,128.0,mm,DD,128
2026-02-11 12:51:59,2026-02-11 12:51:59,128.0,mm,DD,128
2026-02-11 12:51:59,2026-02-11 12:51:59,128.0,mm,DD,128
2026-02-11 12:51:59,2026-02-11 12:51:59,128.0,mm,A,128
2026-02-11 09:52:04,2026-02-11 09:52:04,128.0,mm,DD,128
2026-02-11 09:51:59,2026-02-11 09:51:58,128.0,mm,DD,128
2026-02-11 09:51:58,2026-02-11 09:51:58,128.0,mm,DD,128
2026-02-11 09:51:58,2026-02-11 09:51:58,128.0,mm,DD,128
2026-02-11 09:51:58,2026-02-11 09:51:58,128.0,mm,DD,128
2026-02-11 09:51:58,2026-02-11 09:51:58,128.0,mm,A,128
2026-02-11 09:02:48,2026-02-11 09:02:48,4.0,mm,DD,4
2026-02-11 09:02:43,2026-02-11 09:02:43,4.0,mm,DD,4
2026-02-11 09:02:42,2026-02-11 09:02:43,4.0,mm,DD,4
2026-02-11 09:02:42,2026-02-11 09:02:43,4.0,mm,DD,4
2026-02-11 09:02:42,2026-02-11 09:02:43,4.0,mm,DD,4
2026-02-11 09:02:42,2026-02-11 09:02:43,4.0,mm,DD,4
2026-02-11 09:02:42,2026-02-11 09:02:43,4.0,mm,DD,4
2026-02-11 09:02:42,2026-02-11 09:02:43,4.0,mm,ND,4
2026-02-11 06:52:04,2026-02-11 06:52:04,128.0,mm,DD,128
2026-02-11 06:51:58,2026-02-11 06:51:57,128.0,mm,DD,128
2026-02-11 06:51:57,2026-02-11 06:51:57,128.0,mm,DD,128
2026-02-11 06:51:57,2026-02-11 06:51:57,128.0,mm,DD,128
2026-02-11 06:51:57,2026-02-11 06:51:57,128.0,mm,DD,128
2026-02-11 06:51:57,2026-02-11 06:51:57,128.0,mm,A,128
2026-02-11 03:52:03,2026-02-11 03:52:03,128.0,mm,DD,128
2026-02-11 03:52:03,2026-02-11 03:52:03,128.0,mm,DD,128
2026-02-11 03:52:03,2026-02-11 03:52:03,128.0,mm,DD,128
2026-02-11 03:51:58,2026-02-11 03:51:57,128.0,mm,DD,128
2026-02-11 03:51:57,2026-02-11 03:51:57,128.0,mm,DD,128
2026-02-11 03:51:57,2026-02-11 03:51:57,128.0,mm,DD,128
2026-02-11 03:51:57,2026-02-11 03:51:57,128.0,mm,DD,128
2026-02-11 03:51:57,2026-02-11 03:51:57,128.0,mm,A,128
2026-02-11 00:52:02,2026-02-11 00:52:02,128.0,mm,DD,128
2026-02-11 00:52:01,2026-02-11 00:52:01,128.0,mm,DD,128
2026-02-11 00:52:01,2026-02-11 00:52:01,128.0,mm,DD,128
2026-02-11 00:51:56,2026-02-11 00:51:56,128.0,mm,DD,128
2026-02-11 00:51:56,2026-02-11 00:51:56,128.0,mm,DD,128
2026-02-11 00:51:56,2026-02-11 00:51:56,128.0,mm,DD,128
2026-02-11 00:51:56,2026-02-11 00:51:56,128.0,mm,A,128
2026-02-10 21:52:01,2026-02-10 21:52:01,128.0,mm,DD,128
2026-02-10 21:51:56,2026-02-10 21:51:55,128.0,mm,DD,128
2026-02-10 21:51:55,2026-02-10 21:51:55,128.0,mm,DD,128
2026-02-10 21:51:55,2026-02-10 21:51:55,128.0,mm,DD,128
2026-02-10 21:51:55,2026-02-10 21:51:55,128.0,mm,DD,128
2026-02-10 21:51:55,2026-02-10 21:51:55,128.0,mm,A,128
2026-02-10 18:52:01,2026-02-10 18:52:01,128.0,mm,DD,128
2026-02-10 18:51:55,2026-02-10 18:51:55,128.0,mm,DD,128
2026-02-10 18:51:55,2026-02-10 18:51:55,128.0,mm,DD,128
2026-02-10 18:51:55,2026-02-10 18:51:55,128.0,mm,DD,128
2026-02-10 18:51:54,2026-02-10 18:51:54,128.0,mm,DD,128
2026-02-10 18:51:54,2026-02-10 18:51:54,128.0,mm,A,128
2026-02-10 17:54:17,2026-02-10 17:54:17,338.0,mm,DD,338
2026-02-10 17:54:17,2026-02-10 17:54:17,338.0,mm,PD,338
2026-02-10 15:52:00,2026-02-10 15:52:00,128.0,mm,DD,128
2026-02-10 15:51:53,2026-02-10 15:51:54,128.0,mm,DD,128
2026-02-10 15:51:53,2026-02-10 15:51:54,128.0,mm,DD,128
2026-02-10 15:51:53,2026-02-10 15:51:54,128.0,mm,DD,128
2026-02-10 15:51:53,2026-02-10 15:51:54,128.0,mm,A,128
2026-02-10 13:15:33,2026-02-10 13:15:33,1,710.0,mm,PD,1710
2026-02-10 12:51:59,2026-02-10 12:51:59,127.0,mm,DD,127
2026-02-10 12:51:53,2026-02-10 12:51:53,127.0,mm,DD,127
2026-02-10 12:51:53,2026-02-10 12:51:53,127.0,mm,DD,127
2026-02-10 12:51:53,2026-02-10 12:51:53,127.0,mm,DD,127
2026-02-10 12:51:53,2026-02-10 12:51:53,127.0,mm,A,127
2026-02-10 09:51:58,2026-02-10 09:51:58,127.0,mm,DD,127
2026-02-10 09:51:52,2026-02-10 09:51:52,127.0,mm,DD,127
2026-02-10 09:51:52,2026-02-10 09:51:52,127.0,mm,DD,127
2026-02-10 09:51:52,2026-02-10 09:51:52,127.0,mm,DD,127
2026-02-10 09:51:52,2026-02-10 09:51:52,127.0,mm,DD,127
2026-02-10 09:51:52,2026-02-10 09:51:52,127.0,mm,AN,127
2026-02-10 06:51:57,2026-02-10 06:51:57,127.0,mm,DD,127
2026-02-10 06:51:52,2026-02-10 06:51:51,127.0,mm,DD,127
2026-02-10 06:51:51,2026-02-10 06:51:51,127.0,mm,DD,127
2026-02-10 06:51:51,2026-02-10 06:51:51,127.0,mm,DD,127
2026-02-10 06:51:51,2026-02-10 06:51:51,127.0,mm,DD,127
2026-02-10 06:51:51,2026-02-10 06:51:51,127.0,mm,ND,127
2026-02-10 04:40:44,2026-02-10 04:40:44,128.0,mm,DD,128
2026-02-10 04:40:39,2026-02-10 04:40:39,128.0,mm,DD,128
2026-02-10 04:40:38,2026-02-10 04:40:38,128.0,mm,DD,128
2026-02-10 04:40:38,2026-02-10 04:40:38,128.0,mm,DD,128
2026-02-10 04:40:38,2026-02-10 04:40:38,128.0,mm,DD,128
2026-02-10 04:40:37,2026-02-10 04:40:37,128.0,mm,DD,128
2026-02-10 04:40:37,2026-02-10 04:40:37,128.0,mm,DD,128
2026-02-10 04:40:37,2026-02-10 04:40:37,128.0,mm,DD,128
2026-02-10 04:40:37,2026-02-10 04:40:37,128.0,mm,A,128
2026-02-10 03:51:57,2026-02-10 03:51:57,127.0,mm,DD,127
2026-02-10 03:51:50,2026-02-10 03:51:50,127.0,mm,DD,127
2026-02-10 03:51:50,2026-02-10 03:51:50,127.0,mm,DD,127
2026-02-10 03:51:50,2026-02-10 03:51:50,127.0,mm,DD,127
2026-02-10 03:51:50,2026-02-10 03:51:50,127.0,mm,A,127
2026-02-10 00:51:50,2026-02-10 00:51:50,127.0,mm,DD,127
2026-02-10 00:51:49,2026-02-10 00:51:50,127.0,mm,DD,127
2026-02-10 00:51:49,2026-02-10 00:51:50,127.0,mm,DD,127
2026-02-10 00:51:49,2026-02-10 00:51:50,127.0,mm,DD,127
2026-02-10 00:51:49,2026-02-10 00:51:50,127.0,mm,A,127
2026-02-09 21:51:55,2026-02-09 21:51:55,127.0,mm,DD,127
2026-02-09 21:51:50,2026-02-09 21:51:49,127.0,mm,DD,127
2026-02-09 21:51:49,2026-02-09 21:51:49,127.0,mm,DD,127
2026-02-09 21:51:49,2026-02-09 21:51:49,127.0,mm,DD,127
2026-02-09 21:51:49,2026-02-09 21:51:49,127.0,mm,DD,127
2026-02-09 21:51:49,2026-02-09 21:51:49,127.0,mm,A,127
2026-02-09 18:51:54,2026-02-09 18:51:54,127.0,mm,DD,127
2026-02-09 18:51:49,2026-02-09 18:51:48,127.0,mm,DD,127
2026-02-09 18:51:48,2026-02-09 18:51:48,127.0,mm,DD,127
2026-02-09 18:51:48,2026-02-09 18:51:48,127.0,mm,DD,127
2026-02-09 18:51:48,2026-02-09 18:51:48,127.0,mm,DD,127
2026-02-09 18:51:48,2026-02-09 18:51:48,127.0,mm,A,127
2026-02-09 17:16:34,2026-02-09 17:16:34,3.0,mm,DD,3
2026-02-09 17:16:29,2026-02-09 17:16:28,3.0,mm,DD,3
2026-02-09 17:16:28,2026-02-09 17:16:28,3.0,mm,DD,3
2026-02-09 17:16:28,2026-02-09 17:16:28,3.0,mm,DD,3
2026-02-09 17:16:28,2026-02-09 17:16:28,3.0,mm,DD,3
2026-02-09 17:16:28,2026-02-09 17:16:28,3.0,mm,DD,3
2026-02-09 17:16:28,2026-02-09 17:16:28,3.0,mm,DD,3
2026-02-09 17:16:28,2026-02-09 17:16:28,3.0,mm,ND,3
2026-02-09 15:51:53,2026-02-09 15:51:53,127.0,mm,DD,127
2026-02-09 15:51:47,2026-02-09 15:51:47,127.0,mm,DD,127
2026-02-09 15:51:47,2026-02-09 15:51:47,127.0,mm,DD,127
2026-02-09 15:51:47,2026-02-09 15:51:47,127.0,mm,DD,127
2026-02-09 15:51:47,2026-02-09 15:51:47,127.0,mm,A,127
2026-02-09 12:51:52,2026-02-09 15:26:00,127.0,mm,DD,127
2026-02-09 12:51:47,2026-02-09 15:26:00,127.0,mm,DD,127
2026-02-09 12:51:46,2026-02-09 15:26:00,127.0,mm,DD,127
2026-02-09 12:51:46,2026-02-09 15:26:00,127.0,mm,DD,127
2026-02-09 12:51:46,2026-02-09 15:26:00,127.0,mm,DD,127
2026-02-09 12:51:46,2026-02-09 15:26:00,127.0,mm,PD,127
2026-02-09 10:34:21,2026-02-09 15:25:16,18.0,mm,MM,18
2026-02-09 09:51:52,2026-02-09 09:51:52,127.0,mm,DD,127
2026-02-09 09:51:46,2026-02-09 09:51:45,127.0,mm,DD,127
2026-02-09 09:51:45,2026-02-09 09:51:46,127.0,mm,DD,127
2026-02-09 09:51:45,2026-02-09 09:51:46,127.0,mm,DD,127
2026-02-09 09:51:45,2026-02-09 09:51:46,127.0,mm,DD,127
2026-02-09 09:51:45,2026-02-09 09:51:46,127.0,mm,A,127
2026-02-09 06:51:45,2026-02-09 06:51:45,127.0,mm,DD,127
2026-02-09 06:51:45,2026-02-09 06:51:45,127.0,mm,DD,127
2026-02-09 06:51:45,2026-02-09 06:51:45,127.0,mm,DD,127
2026-02-09 06:51:45,2026-02-09 06:51:45,127.0,mm,DD,127
2026-02-09 06:51:45,2026-02-09 06:51:45,127.0,mm,A,127
2026-02-09 03:51:50,2026-02-09 03:51:50,127.0,mm,DD,127
2026-02-09 03:51:44,2026-02-09 03:51:44,127.0,mm,DD,127
2026-02-09 03:51:44,2026-02-09 03:51:44,127.0,mm,DD,127
2026-02-09 03:51:44,2026-02-09 03:51:44,127.0,mm,DD,127
2026-02-09 03:51:44,2026-02-09 03:51:44,127.0,mm,A,127
2026-02-09 00:51:49,2026-02-09 00:51:49,127.0,mm,DD,127
2026-02-09 00:51:44,2026-02-09 00:51:43,127.0,mm,DD,127
2026-02-09 00:51:43,2026-02-09 00:51:43,127.0,mm,DD,127
2026-02-09 00:51:43,2026-02-09 00:51:43,127.0,mm,DD,127
2026-02-09 00:51:43,2026-02-09 00:51:43,127.0,mm,DD,127
2026-02-09 00:51:43,2026-02-09 00:51:43,127.0,mm,A,127
2026-02-08 21:51:49,2026-02-08 21:51:49,127.0,mm,DD,127
2026-02-08 21:51:43,2026-02-08 21:51:43,127.0,mm,DD,127
2026-02-08 21:51:43,2026-02-08 21:51:43,127.0,mm,DD,127
2026-02-08 21:51:43,2026-02-08 21:51:43,127.0,mm,DD,127
2026-02-08 21:51:42,2026-02-08 21:51:42,127.0,mm,DD,127
2026-02-08 21:51:42,2026-02-08 21:51:42,127.0,mm,A,127
2026-02-08 18:51:48,2026-02-08 18:51:48,127.0,mm,DD,127
2026-02-08 18:51:43,2026-02-08 18:51:42,127.0,mm,DD,127
2026-02-08 18:51:42,2026-02-08 18:51:42,127.0,mm,DD,127
2026-02-08 18:51:42,2026-02-08 18:51:42,127.0,mm,DD,127
2026-02-08 18:51:42,2026-02-08 18:51:42,127.0,mm,DD,127
2026-02-08 18:51:42,2026-02-08 18:51:42,127.0,mm,A,127
2026-02-08 15:51:47,2026-02-08 15:51:47,127.0,mm,DD,127
2026-02-08 15:51:41,2026-02-08 15:51:41,127.0,mm,DD,127
2026-02-08 15:51:41,2026-02-08 15:51:41,127.0,mm,DD,127
2026-02-08 15:51:41,2026-02-08 15:51:41,127.0,mm,DD,127
2026-02-08 15:51:40,2026-02-08 15:51:41,127.0,mm,DD,127
2026-02-08 15:51:40,2026-02-08 15:51:41,127.0,mm,A,127
2026-02-08 12:51:46,2026-02-08 12:51:46,127.0,mm,DD,127
2026-02-08 12:51:40,2026-02-08 12:51:40,127.0,mm,DD,127
2026-02-08 12:51:40,2026-02-08 12:51:40,127.0,mm,DD,127
2026-02-08 12:51:40,2026-02-08 12:51:40,127.0,mm,DD,127
2026-02-08 12:51:40,2026-02-08 12:51:40,127.0,mm,A,127
2026-02-08 09:51:50,2026-02-08 09:51:50,127.0,mm,DD,127
2026-02-08 09:51:45,2026-02-08 09:51:45,127.0,mm,DD,127
2026-02-08 09:51:45,2026-02-08 09:51:45,127.0,mm,DD,127
2026-02-08 09:51:40,2026-02-08 09:51:39,127.0,mm,DD,127
2026-02-08 09:51:39,2026-02-08 09:51:39,127.0,mm,DD,127
2026-02-08 09:51:39,2026-02-08 09:51:39,127.0,mm,DD,127
2026-02-08 09:51:39,2026-02-08 09:51:39,127.0,mm,DD,127
2026-02-08 09:51:39,2026-02-08 09:51:39,127.0,mm,A,127
2026-02-08 06:51:44,2026-02-08 06:51:44,127.0,mm,DD,127
2026-02-08 06:51:43,2026-02-08 06:51:43,127.0,mm,DD,127
2026-02-08 06:51:43,2026-02-08 06:51:43,127.0,mm,DD,127
2026-02-08 06:51:39,2026-02-08 06:51:38,127.0,mm,DD,127
2026-02-08 06:51:38,2026-02-08 06:51:38,127.0,mm,DD,127
2026-02-08 06:51:38,2026-02-08 06:51:38,127.0,mm,DD,127
2026-02-08 06:51:38,2026-02-08 06:51:38,127.0,mm,DD,127
2026-02-08 06:51:38,2026-02-08 06:51:38,127.0,mm,A,127
2026-02-08 05:22:23,2026-02-08 05:22:23,1,998.0,mm,PD,1998
2026-02-08 03:51:44,2026-02-08 03:51:44,127.0,mm,DD,127
2026-02-08 03:51:42,2026-02-08 03:51:42,127.0,mm,DD,127
2026-02-08 03:51:42,2026-02-08 03:51:42,127.0,mm,DD,127
2026-02-08 03:51:38,2026-02-08 03:51:38,127.0,mm,DD,127
2026-02-08 03:51:38,2026-02-08 03:51:38,127.0,mm,DD,127
2026-02-08 03:51:37,2026-02-08 03:51:37,127.0,mm,DD,127
2026-02-08 03:51:37,2026-02-08 03:51:37,127.0,mm,DD,127
2026-02-08 03:51:37,2026-02-08 03:51:37,127.0,mm,AN,127
2026-02-08 00:51:43,2026-02-08 00:51:43,127.0,mm,ND,127
2026-02-08 00:51:37,2026-02-08 00:51:37,1,823.0,mm,PD,1823
2026-02-08 00:51:36,2026-02-08 00:51:37,127.0,mm,DD,127
2026-02-08 00:51:36,2026-02-08 00:51:37,127.0,mm,ND,127
2026-02-07 22:40:28,2026-02-07 22:40:28,129.0,mm,DD,129
2026-02-07 22:40:24,2026-02-07 22:40:23,129.0,mm,DD,129
2026-02-07 22:40:23,2026-02-07 22:40:23,129.0,mm,DD,129
2026-02-07 22:40:22,2026-02-07 22:40:22,129.0,mm,DD,129
2026-02-07 22:40:22,2026-02-07 22:40:22,129.0,mm,DD,129
2026-02-07 22:40:22,2026-02-07 22:40:22,129.0,mm,DD,129
2026-02-07 22:40:21,2026-02-07 22:40:22,129.0,mm,DD,129
2026-02-07 22:40:21,2026-02-07 22:40:22,129.0,mm,A,129
2026-02-07 21:51:42,2026-02-07 21:51:42,127.0,mm,DD,127
2026-02-07 21:51:42,2026-02-07 21:51:42,127.0,mm,DD,127
2026-02-07 21:51:37,2026-02-07 21:51:37,127.0,mm,DD,127
2026-02-07 21:51:37,2026-02-07 21:51:37,127.0,mm,DD,127
2026-02-07 21:51:36,2026-02-07 21:51:36,127.0,mm,DD,127
2026-02-07 21:51:36,2026-02-07 21:51:36,127.0,mm,DD,127
2026-02-07 21:51:36,2026-02-07 21:51:36,127.0,mm,DD,127
2026-02-07 21:51:36,2026-02-07 21:51:36,127.0,mm,A,127
2026-02-07 18:51:41,2026-02-07 18:51:41,127.0,mm,DD,127
2026-02-07 18:51:35,2026-02-07 18:51:35,127.0,mm,DD,127
2026-02-07 18:51:35,2026-02-07 18:51:35,127.0,mm,DD,127
2026-02-07 18:51:35,2026-02-07 18:51:35,127.0,mm,A,127
2026-02-07 15:51:40,2026-02-07 15:51:40,127.0,mm,DD,127
2026-02-07 15:51:34,2026-02-07 15:51:34,127.0,mm,DD,127
2026-02-07 15:51:34,2026-02-07 15:51:34,127.0,mm,DD,127
2026-02-07 15:51:34,2026-02-07 15:51:34,127.0,mm,DD,127
2026-02-07 15:51:34,2026-02-07 15:51:34,127.0,mm,A,127
2026-02-07 12:51:45,2026-02-07 12:51:45,127.0,mm,DD,127
2026-02-07 12:51:39,2026-02-07 12:51:39,127.0,mm,DD,127
2026-02-07 12:51:39,2026-02-07 12:51:39,127.0,mm,DD,127
2026-02-07 12:51:34,2026-02-07 12:51:34,127.0,mm,DD,127
2026-02-07 12:51:33,2026-02-07 12:51:34,127.0,mm,DD,127
2026-02-07 12:51:33,2026-02-07 12:51:34,127.0,mm,DD,127
2026-02-07 12:51:33,2026-02-07 12:51:34,127.0,mm,DD,127
2026-02-07 12:51:33,2026-02-07 12:51:34,127.0,mm,A,127
2026-02-07 09:51:33,2026-02-07 09:51:32,127.0,mm,A,127
2026-02-07 09:51:32,2026-02-07 09:51:32,127.0,mm,DD,127
2026-02-07 09:51:32,2026-02-07 09:51:32,127.0,mm,DD,127
2026-02-07 06:51:32,2026-02-07 06:51:32,127.0,mm,DD,127
2026-02-07 06:51:32,2026-02-07 06:51:32,127.0,mm,DD,127
2026-02-07 06:51:32,2026-02-07 06:51:32,127.0,mm,DD,127
2026-02-07 06:51:31,2026-02-07 06:51:31,127.0,mm,DD,127
2026-02-07 06:51:31,2026-02-07 06:51:31,127.0,mm,A,127
2026-02-07 03:51:43,2026-02-07 03:51:43,127.0,mm,DD,127
2026-02-07 03:51:37,2026-02-07 03:51:37,127.0,mm,DD,127
2026-02-07 03:51:31,2026-02-07 03:51:31,127.0,mm,DD,127
2026-02-07 03:51:31,2026-02-07 03:51:31,127.0,mm,DD,127
2026-02-07 03:51:31,2026-02-07 03:51:31,127.0,mm,DD,127
2026-02-07 03:51:30,2026-02-07 03:51:31,127.0,mm,DD,127
2026-02-07 03:51:30,2026-02-07 03:51:31,127.0,mm,A,127
2026-02-07 00:51:36,2026-02-07 00:51:36,127.0,mm,DD,127
2026-02-07 00:51:36,2026-02-07 00:51:36,127.0,mm,DD,127
2026-02-07 00:51:35,2026-02-07 00:51:35,127.0,mm,DD,127
2026-02-07 00:51:30,2026-02-07 00:51:30,127.0,mm,DD,127
2026-02-07 00:51:30,2026-02-07 00:51:30,127.0,mm,DD,127
2026-02-07 00:51:30,2026-02-07 00:51:30,127.0,mm,A,127
2026-02-07 00:51:29,2026-02-07 00:51:30,127.0,mm,DD,127
2026-02-07 00:51:29,2026-02-07 00:51:30,127.0,mm,DD,127
2026-02-06 21:51:36,2026-02-06 21:51:36,127.0,mm,DD,127
2026-02-06 21:51:36,2026-02-06 21:51:36,127.0,mm,DD,127
2026-02-06 21:51:36,2026-02-06 21:51:36,127.0,mm,DD,127
2026-02-06 21:51:36,2026-02-06 21:51:36,127.0,mm,DD,127
2026-02-06 21:51:30,2026-02-06 21:51:29,127.0,mm,DD,127
2026-02-06 21:51:29,2026-02-06 21:51:30,127.0,mm,DD,127
2026-02-06 21:51:29,2026-02-06 21:51:30,127.0,mm,DD,127
2026-02-06 21:51:29,2026-02-06 21:51:30,127.0,mm,DD,127
2026-02-06 21:51:29,2026-02-06 21:51:30,127.0,mm,A,127
2026-02-06 18:51:28,2026-02-06 18:51:28,127.0,mm,DD,127
2026-02-06 18:51:28,2026-02-06 18:51:28,127.0,mm,DD,127
2026-02-06 18:51:28,2026-02-06 18:51:28,127.0,mm,DD,127
2026-02-06 18:51:28,2026-02-06 18:51:28,127.0,mm,A,127
2026-02-06 17:16:42,2026-02-06 17:16:42,3.0,mm,DD,3
2026-02-06 17:16:37,2026-02-06 17:16:36,3.0,mm,DD,3
2026-02-06 17:16:36,2026-02-06 17:16:36,3.0,mm,DD,3
2026-02-06 17:16:36,2026-02-06 17:16:36,3.0,mm,DD,3
2026-02-06 17:16:36,2026-02-06 17:16:36,3.0,mm,DD,3
2026-02-06 17:16:36,2026-02-06 17:16:36,3.0,mm,ND,3
2026-02-06 15:51:33,2026-02-06 15:51:33,127.0,mm,DD,127
2026-02-06 15:51:27,2026-02-06 15:51:27,127.0,mm,DD,127
2026-02-06 15:51:27,2026-02-06 15:51:27,127.0,mm,DD,127
2026-02-06 15:51:27,2026-02-06 15:51:27,127.0,mm,DD,127
2026-02-06 15:51:27,2026-02-06 15:51:27,127.0,mm,A,127
2026-02-06 12:51:27,2026-02-06 12:51:26,127.0,mm,DD,127
2026-02-06 12:51:26,2026-02-06 12:51:26,127.0,mm,DD,127
2026-02-06 12:51:26,2026-02-06 12:51:26,127.0,mm,DD,127
2026-02-06 12:51:26,2026-02-06 12:51:26,127.0,mm,DD,127
2026-02-06 12:51:26,2026-02-06 12:51:26,127.0,mm,A,127
2026-02-06 09:51:31,2026-02-06 09:51:31,127.0,mm,DD,127
2026-02-06 09:51:31,2026-02-06 09:51:31,127.0,mm,DD,127
2026-02-06 09:51:26,2026-02-06 09:51:25,127.0,mm,DD,127
2026-02-06 09:51:25,2026-02-06 09:51:25,127.0,mm,DD,127
2026-02-06 09:51:25,2026-02-06 09:51:25,127.0,mm,DD,127
2026-02-06 09:51:25,2026-02-06 09:51:25,127.0,mm,DD,127
2026-02-06 09:51:25,2026-02-06 09:51:25,127.0,mm,A,127
2026-02-06 06:51:31,2026-02-06 06:51:31,127.0,mm,DD,127
2026-02-06 06:51:31,2026-02-06 06:51:31,127.0,mm,DD,127
2026-02-06 06:51:31,2026-02-06 06:51:31,127.0,mm,DD,127
2026-02-06 06:51:25,2026-02-06 06:51:25,127.0,mm,DD,127
2026-02-06 06:51:25,2026-02-06 06:51:25,127.0,mm,DD,127
2026-02-06 06:51:25,2026-02-06 06:51:25,127.0,mm,A,127
2026-02-06 06:51:24,2026-02-06 06:51:25,127.0,mm,DD,127
2026-02-06 06:51:24,2026-02-06 06:51:25,127.0,mm,DD,127
2026-02-06 03:51:30,2026-02-06 03:51:30,127.0,mm,DD,127
2026-02-06 03:51:23,2026-02-06 03:51:23,127.0,mm,DD,127
2026-02-06 03:51:23,2026-02-06 03:51:23,127.0,mm,DD,127
2026-02-06 03:51:23,2026-02-06 03:51:23,127.0,mm,A,127
2026-02-06 00:51:29,2026-02-06 00:51:29,127.0,mm,DD,127
2026-02-06 00:51:29,2026-02-06 00:51:29,127.0,mm,DD,127
2026-02-06 00:51:29,2026-02-06 00:51:29,127.0,mm,DD,127
2026-02-06 00:51:29,2026-02-06 00:51:29,127.0,mm,DD,127
2026-02-06 00:51:28,2026-02-06 00:51:29,127.0,mm,DD,127
2026-02-06 00:51:28,2026-02-06 00:51:29,127.0,mm,DD,127
2026-02-06 00:51:23,2026-02-06 00:51:23,127.0,mm,DD,127
2026-02-06 00:51:23,2026-02-06 00:51:23,127.0,mm,DD,127
2026-02-06 00:51:23,2026-02-06 00:51:23,127.0,mm,DD,127
2026-02-06 00:51:23,2026-02-06 00:51:23,127.0,mm,DD,127
2026-02-06 00:51:23,2026-02-06 00:51:23,127.0,mm,A,127
2026-02-05 23:11:52,2026-02-05 23:11:52,2.0,mm,DD,2
2026-02-05 23:11:47,2026-02-05 23:11:47,2.0,mm,DD,2
2026-02-05 23:11:47,2026-02-05 23:11:47,2.0,mm,DD,2
2026-02-05 23:11:47,2026-02-05 23:11:47,2.0,mm,DD,2
2026-02-05 23:11:47,2026-02-05 23:11:47,2.0,mm,DD,2
2026-02-05 23:11:46,2026-02-05 23:11:46,2.0,mm,DD,2
2026-02-05 23:11:46,2026-02-05 23:11:46,2.0,mm,DD,2
2026-02-05 23:11:46,2026-02-05 23:11:46,2.0,mm,DD,2
2026-02-05 23:11:46,2026-02-05 23:11:46,2.0,mm,ND,2
2026-02-05 21:51:28,2026-02-05 21:51:28,127.0,mm,DD,127
2026-02-05 21:51:23,2026-02-05 21:51:22,127.0,mm,DD,127
2026-02-05 21:51:22,2026-02-05 21:51:22,127.0,mm,DD,127
2026-02-05 21:51:22,2026-02-05 21:51:22,127.0,mm,DD,127
2026-02-05 21:51:22,2026-02-05 21:51:22,127.0,mm,DD,127
2026-02-05 21:51:22,2026-02-05 21:51:22,127.0,mm,A,127
2026-02-05 20:16:44,2026-02-05 20:16:44,4.0,mm,DD,4
2026-02-05 20:16:39,2026-02-05 20:16:39,4.0,mm,DD,4
2026-02-05 20:16:38,2026-02-05 20:16:39,4.0,mm,DD,4
2026-02-05 20:16:38,2026-02-05 20:16:39,4.0,mm,DD,4
2026-02-05 20:16:38,2026-02-05 20:16:39,4.0,mm,DD,4
2026-02-05 20:16:38,2026-02-05 20:16:39,4.0,mm,DD,4
2026-02-05 20:16:38,2026-02-05 20:16:39,4.0,mm,DD,4
2026-02-05 20:16:38,2026-02-05 20:16:39,4.0,mm,ND,4
2026-02-05 18:51:33,2026-02-05 18:51:33,127.0,mm,DD,127
2026-02-05 18:51:27,2026-02-05 18:51:27,127.0,mm,DD,127
2026-02-05 18:51:27,2026-02-05 18:51:27,127.0,mm,DD,127
2026-02-05 18:51:27,2026-02-05 18:51:27,127.0,mm,DD,127
2026-02-05 18:51:22,2026-02-05 18:51:22,127.0,mm,DD,127
2026-02-05 18:51:22,2026-02-05 18:51:22,127.0,mm,DD,127
2026-02-05 18:51:21,2026-02-05 18:51:21,127.0,mm,A,127
2026-02-05 15:51:27,2026-02-05 15:51:27,127.0,mm,DD,127
2026-02-05 15:51:21,2026-02-05 15:51:20,127.0,mm,A,127
2026-02-05 15:51:20,2026-02-05 15:51:20,127.0,mm,DD,127
2026-02-05 15:51:20,2026-02-05 15:51:20,127.0,mm,DD,127
2026-02-05 12:51:26,2026-02-05 12:51:26,127.0,mm,DD,127
2026-02-05 12:51:20,2026-02-05 12:51:19,127.0,mm,A,127
2026-02-05 12:51:19,2026-02-05 12:51:20,127.0,mm,DD,127
2026-02-05 12:51:19,2026-02-05 12:51:20,127.0,mm,DD,127
2026-02-05 09:51:25,2026-02-05 09:51:25,127.0,mm,DD,127
2026-02-05 09:51:18,2026-02-05 09:51:19,127.0,mm,DD,127
2026-02-05 09:51:18,2026-02-05 09:51:19,127.0,mm,A,127
2026-02-05 06:51:24,2026-02-05 06:51:24,127.0,mm,DD,127
2026-02-05 06:51:18,2026-02-05 06:51:18,127.0,mm,DD,127
2026-02-05 06:51:18,2026-02-05 06:51:18,127.0,mm,DD,127
2026-02-05 06:51:18,2026-02-05 06:51:18,127.0,mm,DD,127
2026-02-05 06:51:17,2026-02-05 06:51:18,127.0,mm,DD,127
2026-02-05 06:51:17,2026-02-05 06:51:18,127.0,mm,A,127
2026-02-05 03:51:23,2026-02-05 03:51:23,127.0,mm,DD,127
2026-02-05 03:51:17,2026-02-05 03:51:17,127.0,mm,DD,127
2026-02-05 03:51:17,2026-02-05 03:51:17,127.0,mm,DD,127
2026-02-05 03:51:17,2026-02-05 03:51:17,127.0,mm,DD,127
2026-02-05 03:51:17,2026-02-05 03:51:17,127.0,mm,AN,127
2026-02-05 00:51:22,2026-02-05 00:51:22,127.0,mm,DD,127
2026-02-05 00:51:16,2026-02-05 00:51:16,127.0,mm,DD,127
2026-02-05 00:51:16,2026-02-05 00:51:16,127.0,mm,DD,127
2026-02-05 00:51:16,2026-02-05 00:51:16,127.0,mm,DD,127
2026-02-05 00:51:16,2026-02-05 00:51:16,127.0,mm,DD,127
2026-02-05 00:51:16,2026-02-05 00:51:16,127.0,mm,ND,127
2026-02-04 23:56:09,2026-02-04 23:56:09,129.0,mm,DD,129
2026-02-04 23:56:09,2026-02-04 23:56:09,129.0,mm,A,129
2026-02-04 21:51:22,2026-02-04 21:51:22,127.0,mm,DD,127
2026-02-04 21:51:16,2026-02-04 21:51:15,127.0,mm,DD,127
2026-02-04 21:51:15,2026-02-04 21:51:15,127.0,mm,DD,127
2026-02-04 21:51:15,2026-02-04 21:51:15,127.0,mm,DD,127
2026-02-04 21:51:15,2026-02-04 21:51:15,127.0,mm,DD,127
2026-02-04 21:51:15,2026-02-04 21:51:15,127.0,mm,A,127
2026-02-04 18:51:21,2026-02-04 18:51:21,127.0,mm,DD,127
2026-02-04 18:51:15,2026-02-04 18:51:15,127.0,mm,DD,127
2026-02-04 18:51:14,2026-02-04 18:51:15,127.0,mm,DD,127
2026-02-04 18:51:14,2026-02-04 18:51:15,127.0,mm,DD,127
2026-02-04 18:51:14,2026-02-04 18:51:15,127.0,mm,DD,127
2026-02-04 18:51:14,2026-02-04 18:51:15,127.0,mm,A,127
2026-02-04 15:51:20,2026-02-04 15:51:20,127.0,mm,DD,127
2026-02-04 15:51:14,2026-02-04 15:51:14,127.0,mm,DD,127
2026-02-04 15:51:14,2026-02-04 15:51:14,127.0,mm,DD,127
2026-02-04 15:51:14,2026-02-04 15:51:14,127.0,mm,DD,127
2026-02-04 15:51:14,2026-02-04 15:51:14,127.0,mm,DD,127
2026-02-04 15:51:14,2026-02-04 15:51:14,127.0,mm,A,127
2026-02-04 12:51:19,2026-02-04 12:51:19,127.0,mm,DD,127
2026-02-04 12:51:13,2026-02-04 12:51:13,127.0,mm,DD,127
2026-02-04 12:51:13,2026-02-04 12:51:13,127.0,mm,DD,127
2026-02-04 12:51:13,2026-02-04 12:51:13,127.0,mm,DD,127
2026-02-04 12:51:13,2026-02-04 12:51:13,127.0,mm,A,127
2026-02-04 09:51:18,2026-02-04 09:51:18,127.0,mm,DD,127
2026-02-04 09:51:12,2026-02-04 09:51:12,127.0,mm,DD,127
2026-02-04 09:51:12,2026-02-04 09:51:12,127.0,mm,DD,127
2026-02-04 09:51:12,2026-02-04 09:51:12,127.0,mm,DD,127
2026-02-04 09:51:12,2026-02-04 09:51:12,127.0,mm,DD,127
2026-02-04 09:51:12,2026-02-04 09:51:12,127.0,mm,A,127
2026-02-04 06:51:18,2026-02-04 06:51:18,127.0,mm,DD,127
2026-02-04 06:51:18,2026-02-04 06:51:18,127.0,mm,DD,127
2026-02-04 06:51:18,2026-02-04 06:51:18,127.0,mm,DD,127
2026-02-04 06:51:12,2026-02-04 06:51:12,127.0,mm,DD,127
2026-02-04 06:51:12,2026-02-04 06:51:12,127.0,mm,DD,127
2026-02-04 06:51:12,2026-02-04 06:51:12,127.0,mm,DD,127
2026-02-04 06:51:12,2026-02-04 06:51:12,127.0,mm,DD,127
2026-02-04 06:51:11,2026-02-04 06:51:12,127.0,mm,DD,127
2026-02-04 06:51:11,2026-02-04 06:51:12,127.0,mm,A,127
2026-02-04 06:24:32,2026-02-04 06:24:32,1,503.0,mm,PD,1503
2026-02-04 03:51:16,2026-02-04 03:51:16,127.0,mm,DD,127
2026-02-04 03:51:10,2026-02-04 03:51:10,127.0,mm,DD,127
2026-02-04 03:51:10,2026-02-04 03:51:10,127.0,mm,DD,127
2026-02-04 03:51:10,2026-02-04 03:51:10,127.0,mm,DD,127
2026-02-04 03:51:10,2026-02-04 03:51:10,127.0,mm,DD,127
2026-02-04 03:51:10,2026-02-04 03:51:10,127.0,mm,AN,127
2026-02-04 00:51:16,2026-02-04 00:51:16,127.0,mm,DD,127
2026-02-04 00:51:09,2026-02-04 00:51:10,127.0,mm,DD,127
2026-02-04 00:51:09,2026-02-04 00:51:10,127.0,mm,DD,127
2026-02-04 00:51:09,2026-02-04 00:51:10,127.0,mm,DD,127
2026-02-04 00:51:09,2026-02-04 00:51:10,127.0,mm,DD,127
2026-02-04 00:51:09,2026-02-04 00:51:10,127.0,mm,DD,127
2026-02-04 00:51:09,2026-02-04 00:51:10,127.0,mm,ND,127
2026-02-03 23:56:12,2026-02-03 23:56:12,129.0,mm,DD,129
2026-02-03 23:56:12,2026-02-03 23:56:12,129.0,mm,A,129
2026-02-03 21:51:19,2026-02-03 21:51:19,127.0,mm,DD,127
2026-02-03 21:51:14,2026-02-03 21:51:14,127.0,mm,DD,127
2026-02-03 21:51:09,2026-02-03 21:51:09,127.0,mm,DD,127
2026-02-03 21:51:09,2026-02-03 21:51:09,127.0,mm,DD,127
2026-02-03 21:51:09,2026-02-03 21:51:09,127.0,mm,DD,127
2026-02-03 21:51:09,2026-02-03 21:51:09,127.0,mm,DD,127
2026-02-03 21:51:09,2026-02-03 21:51:09,127.0,mm,DD,127
2026-02-03 21:51:09,2026-02-03 21:51:09,127.0,mm,A,127
2026-02-03 18:51:14,2026-02-03 18:51:14,127.0,mm,DD,127
2026-02-03 18:51:08,2026-02-03 18:51:08,127.0,mm,DD,127
2026-02-03 18:51:08,2026-02-03 18:51:08,127.0,mm,DD,127
2026-02-03 18:51:08,2026-02-03 18:51:08,127.0,mm,DD,127
2026-02-03 18:51:08,2026-02-03 18:51:08,127.0,mm,DD,127
2026-02-03 18:51:08,2026-02-03 18:51:08,127.0,mm,DD,127
2026-02-03 18:51:08,2026-02-03 18:51:08,127.0,mm,A,127
2026-02-03 15:51:18,2026-02-03 15:51:18,127.0,mm,DD,127
2026-02-03 15:51:12,2026-02-03 15:51:12,127.0,mm,DD,127
2026-02-03 15:51:12,2026-02-03 15:51:12,127.0,mm,DD,127
2026-02-03 15:51:07,2026-02-03 15:51:07,127.0,mm,DD,127
2026-02-03 15:51:07,2026-02-03 15:51:07,127.0,mm,DD,127
2026-02-03 15:51:07,2026-02-03 15:51:07,127.0,mm,DD,127
2026-02-03 15:51:07,2026-02-03 15:51:07,127.0,mm,DD,127
2026-02-03 15:51:07,2026-02-03 15:51:07,127.0,mm,DD,127
2026-02-03 15:51:07,2026-02-03 15:51:07,127.0,mm,DD,127
2026-02-03 15:51:07,2026-02-03 15:51:07,127.0,mm,DD,127
2026-02-03 15:51:07,2026-02-03 15:51:07,127.0,mm,DD,127
2026-02-03 15:51:07,2026-02-03 15:51:07,127.0,mm,A,127
2026-02-03 15:01:09,2026-02-03 15:01:09,4.0,mm,DD,4
2026-02-03 15:01:03,2026-02-03 15:01:03,4.0,mm,DD,4
2026-02-03 15:01:03,2026-02-03 15:01:03,4.0,mm,DD,4
2026-02-03 15:01:02,2026-02-03 15:01:02,4.0,mm,DD,4
2026-02-03 15:01:02,2026-02-03 15:01:02,4.0,mm,DD,4
2026-02-03 15:01:02,2026-02-03 15:01:02,4.0,mm,DD,4
2026-02-03 15:01:02,2026-02-03 15:01:02,4.0,mm,DD,4
2026-02-03 15:01:02,2026-02-03 15:01:02,4.0,mm,DD,4
2026-02-03 15:01:02,2026-02-03 15:01:02,4.0,mm,DD,4
2026-02-03 15:01:02,2026-02-03 15:01:02,4.0,mm,ND,4
2026-02-03 12:51:12,2026-02-03 12:51:12,127.0,mm,DD,127
2026-02-03 12:51:06,2026-02-03 12:51:06,127.0,mm,DD,127
2026-02-03 12:51:06,2026-02-03 12:51:06,127.0,mm,DD,127
2026-02-03 12:51:06,2026-02-03 12:51:06,127.0,mm,A,127
2026-02-03 09:51:05,2026-02-03 09:51:05,127.0,mm,DD,127
2026-02-03 09:51:05,2026-02-03 09:51:05,127.0,mm,DD,127
2026-02-03 09:51:05,2026-02-03 09:51:05,127.0,mm,DD,127
2026-02-03 09:51:05,2026-02-03 09:51:05,127.0,mm,DD,127
2026-02-03 09:51:05,2026-02-03 09:51:05,127.0,mm,A,127
2026-02-03 06:51:05,2026-02-03 06:51:05,127.0,mm,A,127
2026-02-03 06:51:04,2026-02-03 06:51:05,127.0,mm,DD,127
2026-02-03 06:51:04,2026-02-03 06:51:05,127.0,mm,DD,127
2026-02-03 06:51:04,2026-02-03 06:51:05,127.0,mm,DD,127
2026-02-03 03:51:04,2026-02-03 03:51:04,127.0,mm,DD,127
2026-02-03 03:51:04,2026-02-03 03:51:04,127.0,mm,DD,127
2026-02-03 03:51:04,2026-02-03 03:51:04,127.0,mm,DD,127
2026-02-03 03:51:04,2026-02-03 03:51:04,127.0,mm,DD,127
2026-02-03 03:51:04,2026-02-03 03:51:04,127.0,mm,DD,127
2026-02-03 03:51:04,2026-02-03 03:51:04,127.0,mm,A,127
2026-02-03 00:51:03,2026-02-03 00:51:03,127.0,mm,DD,127
2026-02-03 00:51:03,2026-02-03 00:51:03,127.0,mm,DD,127
2026-02-03 00:51:03,2026-02-03 00:51:03,127.0,mm,DD,127
2026-02-03 00:51:03,2026-02-03 00:51:03,127.0,mm,DD,127
2026-02-03 00:51:03,2026-02-03 00:51:03,127.0,mm,A,127
2026-02-03 00:24:37,2026-02-03 00:24:37,1,983.0,mm,DD,1983
2026-02-03 00:24:37,2026-02-03 00:24:37,1,983.0,mm,PD,1983
2026-02-02 21:51:07,2026-02-02 21:51:07,127.0,mm,DD,127
2026-02-02 21:51:07,2026-02-02 21:51:07,127.0,mm,DD,127
2026-02-02 21:51:07,2026-02-02 21:51:07,127.0,mm,DD,127
2026-02-02 21:51:07,2026-02-02 21:51:07,127.0,mm,DD,127
2026-02-02 21:51:02,2026-02-02 21:51:02,127.0,mm,DD,127
2026-02-02 21:51:02,2026-02-02 21:51:02,127.0,mm,DD,127
2026-02-02 21:51:02,2026-02-02 21:51:02,127.0,mm,DD,127
2026-02-02 21:51:02,2026-02-02 21:51:02,127.0,mm,DD,127
2026-02-02 21:51:02,2026-02-02 21:51:02,127.0,mm,A,127
2026-02-02 18:51:08,2026-02-02 18:51:08,127.0,mm,DD,127
2026-02-02 18:51:02,2026-02-02 18:51:02,127.0,mm,DD,127
2026-02-02 18:51:02,2026-02-02 18:51:02,127.0,mm,DD,127
2026-02-02 18:51:01,2026-02-02 18:51:02,127.0,mm,DD,127
2026-02-02 18:51:01,2026-02-02 18:51:02,127.0,mm,DD,127
2026-02-02 18:51:01,2026-02-02 18:51:02,127.0,mm,DD,127
2026-02-02 18:51:01,2026-02-02 18:51:02,127.0,mm,DD,127
2026-02-02 18:51:01,2026-02-02 18:51:02,127.0,mm,A,127
2026-02-02 15:51:01,2026-02-02 15:51:01,127.0,mm,DD,127
2026-02-02 15:51:01,2026-02-02 15:51:01,127.0,mm,DD,127
2026-02-02 15:51:01,2026-02-02 15:51:01,127.0,mm,DD,127
2026-02-02 15:51:01,2026-02-02 15:51:01,127.0,mm,DD,127
2026-02-02 15:51:01,2026-02-02 15:51:01,127.0,mm,DD,127
2026-02-02 15:51:01,2026-02-02 15:51:01,127.0,mm,A,127
2026-02-02 12:51:01,2026-02-02 12:51:00,127.0,mm,DD,127
2026-02-02 12:51:00,2026-02-02 12:51:00,127.0,mm,DD,127
2026-02-02 12:51:00,2026-02-02 12:51:00,127.0,mm,DD,127
2026-02-02 12:51:00,2026-02-02 12:51:00,127.0,mm,DD,127
2026-02-02 12:51:00,2026-02-02 12:51:00,127.0,mm,A,127
2026-02-02 09:51:05,2026-02-02 09:51:05,127.0,mm,DD,127
2026-02-02 09:51:00,2026-02-02 09:50:59,127.0,mm,A,127
2026-02-02 09:50:59,2026-02-02 09:50:59,127.0,mm,DD,127
2026-02-02 09:50:59,2026-02-02 09:50:59,127.0,mm,DD,127
2026-02-02 06:51:04,2026-02-02 06:51:04,127.0,mm,DD,127
2026-02-02 06:50:59,2026-02-02 06:50:58,127.0,mm,DD,127
2026-02-02 06:50:58,2026-02-02 06:50:58,127.0,mm,DD,127
2026-02-02 06:50:58,2026-02-02 06:50:58,127.0,mm,DD,127
2026-02-02 06:50:58,2026-02-02 06:50:58,127.0,mm,DD,127
2026-02-02 06:50:58,2026-02-02 06:50:58,127.0,mm,A,127
2026-02-02 03:51:04,2026-02-02 03:51:04,127.0,mm,DD,127
2026-02-02 03:51:03,2026-02-02 03:51:03,127.0,mm,DD,127
2026-02-02 03:51:03,2026-02-02 03:51:03,127.0,mm,DD,127
2026-02-02 03:50:58,2026-02-02 03:50:57,127.0,mm,DD,127
2026-02-02 03:50:57,2026-02-02 03:50:58,127.0,mm,DD,127
2026-02-02 03:50:57,2026-02-02 03:50:58,127.0,mm,DD,127
2026-02-02 03:50:57,2026-02-02 03:50:58,127.0,mm,DD,127
2026-02-02 03:50:57,2026-02-02 03:50:58,127.0,mm,A,127
2026-02-02 00:51:03,2026-02-02 00:51:03,127.0,mm,DD,127
2026-02-02 00:51:02,2026-02-02 00:51:03,127.0,mm,DD,127
2026-02-02 00:51:02,2026-02-02 00:51:03,127.0,mm,DD,127
2026-02-02 00:50:57,2026-02-02 00:50:57,127.0,mm,DD,127
2026-02-02 00:50:57,2026-02-02 00:50:57,127.0,mm,DD,127
2026-02-02 00:50:57,2026-02-02 00:50:57,127.0,mm,DD,127
2026-02-02 00:50:56,2026-02-02 00:50:57,127.0,mm,DD,127
2026-02-02 00:50:56,2026-02-02 00:50:57,127.0,mm,A,127
2026-02-01 21:51:02,2026-02-01 21:51:02,127.0,mm,DD,127
2026-02-01 21:50:57,2026-02-01 21:50:56,127.0,mm,DD,127
2026-02-01 21:50:56,2026-02-01 21:50:56,127.0,mm,DD,127
2026-02-01 21:50:56,2026-02-01 21:50:56,127.0,mm,DD,127
2026-02-01 21:50:56,2026-02-01 21:50:56,127.0,mm,DD,127
2026-02-01 21:50:56,2026-02-01 21:50:56,127.0,mm,A,127
2026-02-01 20:16:55,2026-02-01 20:16:55,5.0,mm,DD,5
2026-02-01 20:16:50,2026-02-01 20:16:49,5.0,mm,DD,5
2026-02-01 20:16:49,2026-02-01 20:16:49,5.0,mm,DD,5
2026-02-01 20:16:49,2026-02-01 20:16:49,5.0,mm,DD,5
2026-02-01 20:16:48,2026-02-01 20:16:49,5.0,mm,DD,5
2026-02-01 20:16:48,2026-02-01 20:16:49,5.0,mm,DD,5
2026-02-01 20:16:48,2026-02-01 20:16:49,5.0,mm,DD,5
2026-02-01 20:16:48,2026-02-01 20:16:49,5.0,mm,ND,5
2026-02-01 18:51:01,2026-02-01 18:51:01,127.0,mm,DD,127
2026-02-01 18:50:55,2026-02-01 18:50:55,127.0,mm,DD,127
2026-02-01 18:50:55,2026-02-01 18:50:55,127.0,mm,DD,127
2026-02-01 18:50:55,2026-02-01 18:50:55,127.0,mm,DD,127
2026-02-01 18:50:55,2026-02-01 18:50:55,127.0,mm,A,127
2026-02-01 17:16:55,2026-02-01 17:16:55,5.0,mm,DD,5
2026-02-01 17:16:49,2026-02-01 17:16:50,5.0,mm,DD,5
2026-02-01 17:16:49,2026-02-01 17:16:50,5.0,mm,DD,5
2026-02-01 17:16:49,2026-02-01 17:16:50,5.0,mm,DD,5
2026-02-01 17:16:49,2026-02-01 17:16:50,5.0,mm,DD,5
2026-02-01 17:16:49,2026-02-01 17:16:50,5.0,mm,DD,5
2026-02-01 17:16:49,2026-02-01 17:16:50,5.0,mm,DD,5
2026-02-01 17:16:49,2026-02-01 17:16:50,5.0,mm,ND,5
2026-02-01 15:51:00,2026-02-01 15:51:00,127.0,mm,DD,127
2026-02-01 15:50:54,2026-02-01 15:50:54,127.0,mm,DD,127
2026-02-01 15:50:54,2026-02-01 15:50:54,127.0,mm,DD,127
2026-02-01 15:50:54,2026-02-01 15:50:54,127.0,mm,DD,127
2026-02-01 15:50:54,2026-02-01 15:50:54,127.0,mm,DD,127
2026-02-01 15:50:54,2026-02-01 15:50:54,127.0,mm,A,127
2026-02-01 12:50:54,2026-02-01 12:50:53,127.0,mm,DD,127
2026-02-01 12:50:53,2026-02-01 12:50:53,127.0,mm,DD,127
2026-02-01 12:50:53,2026-02-01 12:50:53,127.0,mm,DD,127
2026-02-01 12:50:53,2026-02-01 12:50:53,127.0,mm,AN,127
2026-02-01 09:50:59,2026-02-01 09:50:59,127.0,mm,DD,127
2026-02-01 09:50:58,2026-02-01 09:50:58,127.0,mm,DD,127
2026-02-01 09:50:58,2026-02-01 09:50:58,127.0,mm,DD,127
2026-02-01 09:50:52,2026-02-01 09:50:53,127.0,mm,DD,127
2026-02-01 09:50:52,2026-02-01 09:50:53,127.0,mm,DD,127
2026-02-01 09:50:52,2026-02-01 09:50:53,127.0,mm,DD,127
2026-02-01 09:50:52,2026-02-01 09:50:53,127.0,mm,DD,127
2026-02-01 09:50:52,2026-02-01 09:50:53,127.0,mm,ND,127
2026-02-01 07:39:41,2026-02-01 07:39:41,132.0,mm,DD,132
2026-02-01 07:39:37,2026-02-01 07:39:37,132.0,mm,DD,132
2026-02-01 07:39:36,2026-02-01 07:39:37,132.0,mm,DD,132
2026-02-01 07:39:35,2026-02-01 07:39:35,132.0,mm,DD,132
2026-02-01 07:39:35,2026-02-01 07:39:35,132.0,mm,DD,132
2026-02-01 07:39:35,2026-02-01 07:39:35,132.0,mm,DD,132
2026-02-01 07:39:35,2026-02-01 07:39:35,132.0,mm,PD,132
2026-02-01 07:39:34,2026-02-01 07:39:35,132.0,mm,DD,132
2026-02-01 07:39:34,2026-02-01 07:39:35,132.0,mm,DD,132
2026-02-01 06:50:57,2026-02-01 06:50:57,127.0,mm,DD,127
2026-02-01 06:50:52,2026-02-01 06:50:52,127.0,mm,DD,127
2026-02-01 06:50:51,2026-02-01 06:50:51,127.0,mm,DD,127
2026-02-01 06:50:51,2026-02-01 06:50:51,127.0,mm,DD,127
2026-02-01 06:50:51,2026-02-01 06:50:51,127.0,mm,DD,127
2026-02-01 06:50:51,2026-02-01 06:50:51,127.0,mm,ND,127
2026-02-01 06:50:50,2026-02-01 06:50:51,127.0,mm,DD,127
2026-02-01 04:39:41,2026-02-01 04:39:41,129.0,mm,DD,129
2026-02-01 04:39:37,2026-02-01 04:39:35,129.0,mm,DD,129
2026-02-01 04:39:36,2026-02-01 04:39:36,129.0,mm,DD,129
2026-02-01 04:39:35,2026-02-01 04:39:35,129.0,mm,DD,129
2026-02-01 04:39:35,2026-02-01 04:39:35,129.0,mm,DD,129
2026-02-01 04:39:35,2026-02-01 04:39:35,129.0,mm,DD,129
2026-02-01 04:39:34,2026-02-01 04:39:34,129.0,mm,DD,129
2026-02-01 04:39:34,2026-02-01 04:39:34,129.0,mm,DD,129
2026-02-01 04:39:34,2026-02-01 04:39:34,129.0,mm,A,129
2026-02-01 03:50:57,2026-02-01 03:50:57,127.0,mm,DD,127
2026-02-01 03:50:56,2026-02-01 03:50:56,127.0,mm,DD,127
2026-02-01 03:50:56,2026-02-01 03:50:56,127.0,mm,DD,127
2026-02-01 03:50:56,2026-02-01 03:50:56,127.0,mm,DD,127
2026-02-01 03:50:52,2026-02-01 03:50:50,127.0,mm,DD,127
2026-02-01 03:50:50,2026-02-01 03:50:50,127.0,mm,DD,127
2026-02-01 03:50:50,2026-02-01 03:50:50,127.0,mm,DD,127
2026-02-01 03:50:50,2026-02-01 03:50:50,127.0,mm,DD,127
2026-02-01 03:50:50,2026-02-01 03:50:50,127.0,mm,A,127
2026-02-01 02:17:48,2026-02-01 02:17:48,230.0,mm,PD,230
2026-02-01 00:50:53,2026-02-01 00:50:50,127.0,mm,DD,127
2026-02-01 00:50:50,2026-02-01 00:50:50,127.0,mm,DD,127
2026-02-01 00:50:50,2026-02-01 00:50:50,127.0,mm,DD,127
2026-02-01 00:50:50,2026-02-01 00:50:50,127.0,mm,DD,127
2026-02-01 00:50:50,2026-02-01 00:50:50,127.0,mm,A,127
2026-01-31 21:50:55,2026-01-31 21:50:55,127.0,mm,DD,127
2026-01-31 21:50:54,2026-01-31 21:50:54,127.0,mm,DD,127
2026-01-31 21:50:49,2026-01-31 21:50:49,127.0,mm,DD,127
2026-01-31 21:50:49,2026-01-31 21:50:49,127.0,mm,DD,127
2026-01-31 21:50:49,2026-01-31 21:50:49,127.0,mm,DD,127
2026-01-31 21:50:49,2026-01-31 21:50:49,127.0,mm,A,127
2026-01-31 18:50:54,2026-01-31 18:50:54,127.0,mm,DD,127
2026-01-31 18:50:49,2026-01-31 18:50:48,127.0,mm,DD,127
2026-01-31 18:50:48,2026-01-31 18:50:48,127.0,mm,DD,127
2026-01-31 18:50:48,2026-01-31 18:50:48,127.0,mm,DD,127
2026-01-31 18:50:48,2026-01-31 18:50:48,127.0,mm,DD,127
2026-01-31 18:50:48,2026-01-31 18:50:48,127.0,mm,A,127
2026-01-31 18:24:52,2026-01-31 18:24:52,1,979.0,mm,DD,1979
2026-01-31 18:24:52,2026-01-31 18:24:52,1,979.0,mm,DD,1979
2026-01-31 18:24:52,2026-01-31 18:24:52,1,979.0,mm,DD,1979
2026-01-31 18:24:51,2026-01-31 18:24:52,1,979.0,mm,DD,1979
2026-01-31 18:24:51,2026-01-31 18:24:52,1,979.0,mm,PD,1979
2026-01-31 15:50:53,2026-01-31 15:50:53,127.0,mm,DD,127
2026-01-31 15:50:49,2026-01-31 15:50:47,127.0,mm,DD,127
2026-01-31 15:50:47,2026-01-31 15:50:47,127.0,mm,DD,127
2026-01-31 15:50:47,2026-01-31 15:50:47,127.0,mm,DD,127
2026-01-31 15:50:47,2026-01-31 15:50:47,127.0,mm,DD,127
2026-01-31 15:50:47,2026-01-31 15:50:47,127.0,mm,A,127
2026-01-31 15:24:58,2026-01-31 15:24:58,1,979.0,mm,DD,1979
2026-01-31 15:24:54,2026-01-31 15:24:53,1,979.0,mm,DD,1979
2026-01-31 15:24:52,2026-01-31 15:24:52,1,979.0,mm,DD,1979
2026-01-31 15:24:52,2026-01-31 15:24:52,1,979.0,mm,DD,1979
2026-01-31 15:24:52,2026-01-31 15:24:52,1,979.0,mm,DD,1979
2026-01-31 15:24:52,2026-01-31 15:24:52,1,979.0,mm,DD,1979
2026-01-31 15:24:52,2026-01-31 15:24:52,1,979.0,mm,DD,1979
2026-01-31 15:24:52,2026-01-31 15:24:52,1,979.0,mm,PD,1979
2026-01-31 12:50:53,2026-01-31 12:50:53,127.0,mm,DD,127
2026-01-31 12:50:51,2026-01-31 12:50:46,127.0,mm,DD,127
2026-01-31 12:50:46,2026-01-31 12:50:46,127.0,mm,DD,127
2026-01-31 12:50:46,2026-01-31 12:50:46,127.0,mm,DD,127
2026-01-31 12:50:46,2026-01-31 12:50:46,127.0,mm,DD,127
2026-01-31 12:50:46,2026-01-31 12:50:46,127.0,mm,DD,127
2026-01-31 12:50:46,2026-01-31 12:50:46,127.0,mm,A,127
2026-01-31 09:50:52,2026-01-31 09:50:52,127.0,mm,DD,127
2026-01-31 09:50:46,2026-01-31 09:50:46,127.0,mm,DD,127
2026-01-31 09:50:46,2026-01-31 09:50:46,127.0,mm,DD,127
2026-01-31 09:50:46,2026-01-31 09:50:46,127.0,mm,DD,127
2026-01-31 09:50:46,2026-01-31 09:50:46,127.0,mm,DD,127
2026-01-31 09:50:46,2026-01-31 09:50:46,127.0,mm,A,127
2026-01-31 08:54:42,2026-01-31 08:54:42,53.0,mm,DD,53
2026-01-31 08:54:42,2026-01-31 08:54:42,53.0,mm,DD,53
2026-01-31 08:54:42,2026-01-31 08:54:42,53.0,mm,DD,53
2026-01-31 08:54:39,2026-01-31 08:54:36,53.0,mm,ND,53
2026-01-31 08:54:37,2026-01-31 08:54:37,53.0,mm,DD,53
2026-01-31 08:54:37,2026-01-31 08:54:37,53.0,mm,DD,53
2026-01-31 08:54:37,2026-01-31 08:54:37,53.0,mm,DD,53
2026-01-31 08:54:37,2026-01-31 08:54:37,53.0,mm,DD,53
2026-01-31 08:54:36,2026-01-31 08:54:37,53.0,mm,DD,53
2026-01-31 08:54:36,2026-01-31 08:54:37,53.0,mm,DD,53
2026-01-31 06:50:46,2026-01-31 06:50:45,127.0,mm,A,127
2026-01-31 06:50:45,2026-01-31 06:50:45,127.0,mm,DD,127
2026-01-31 06:50:45,2026-01-31 06:50:45,127.0,mm,DD,127
2026-01-31 03:50:50,2026-01-31 03:50:50,127.0,mm,DD,127
2026-01-31 03:50:48,2026-01-31 03:50:44,127.0,mm,DD,127
2026-01-31 03:50:44,2026-01-31 03:50:44,127.0,mm,DD,127
2026-01-31 03:50:44,2026-01-31 03:50:44,127.0,mm,DD,127
2026-01-31 03:50:44,2026-01-31 03:50:44,127.0,mm,DD,127
2026-01-31 03:50:44,2026-01-31 03:50:44,127.0,mm,A,127
2026-01-31 00:50:45,2026-01-31 00:50:43,127.0,mm,DD,127
2026-01-31 00:50:43,2026-01-31 00:50:43,127.0,mm,DD,127
2026-01-31 00:50:43,2026-01-31 00:50:43,127.0,mm,DD,127
2026-01-31 00:50:43,2026-01-31 00:50:43,127.0,mm,DD,127
2026-01-31 00:50:43,2026-01-31 00:50:43,127.0,mm,DD,127
2026-01-31 00:50:43,2026-01-31 00:50:43,127.0,mm,DD,127
2026-01-31 00:50:43,2026-01-31 00:50:43,127.0,mm,A,127
2026-01-30 23:42:43,2026-01-30 23:42:43,9.0,mm,DD,9
2026-01-30 23:42:43,2026-01-30 23:42:43,9.0,mm,DD,9
2026-01-30 23:42:39,2026-01-30 23:42:38,9.0,mm,DD,9
2026-01-30 23:42:38,2026-01-30 23:42:38,9.0,mm,DD,9
2026-01-30 23:42:38,2026-01-30 23:42:38,9.0,mm,DD,9
2026-01-30 23:42:37,2026-01-30 23:42:37,9.0,mm,DD,9
2026-01-30 23:42:37,2026-01-30 23:42:37,9.0,mm,ND,9
2026-01-30 21:50:43,2026-01-30 21:50:43,127.0,mm,DD,127
2026-01-30 21:50:42,2026-01-30 21:50:43,127.0,mm,DD,127
2026-01-30 21:50:42,2026-01-30 21:50:43,127.0,mm,DD,127
2026-01-30 21:50:42,2026-01-30 21:50:43,127.0,mm,DD,127
2026-01-30 21:50:42,2026-01-30 21:50:43,127.0,mm,A,127
2026-01-30 18:50:48,2026-01-30 18:50:48,127.0,mm,DD,127
2026-01-30 18:50:43,2026-01-30 18:50:42,127.0,mm,DD,127
2026-01-30 18:50:42,2026-01-30 18:50:42,127.0,mm,DD,127
2026-01-30 18:50:42,2026-01-30 18:50:42,127.0,mm,DD,127
2026-01-30 18:50:42,2026-01-30 18:50:42,127.0,mm,DD,127
2026-01-30 18:50:42,2026-01-30 18:50:42,127.0,mm,A,127
2026-01-30 15:50:42,2026-01-30 15:50:41,127.0,mm,DD,127
2026-01-30 15:50:41,2026-01-30 15:50:41,127.0,mm,DD,127
2026-01-30 15:50:41,2026-01-30 15:50:41,127.0,mm,DD,127
2026-01-30 15:50:41,2026-01-30 15:50:41,127.0,mm,DD,127
2026-01-30 15:50:41,2026-01-30 15:50:41,127.0,mm,A,127
2026-01-30 12:50:43,2026-01-30 12:50:41,127.0,mm,DD,127
2026-01-30 12:50:41,2026-01-30 12:50:42,127.0,mm,DD,127
2026-01-30 12:50:41,2026-01-30 12:50:42,127.0,mm,DD,127
2026-01-30 12:50:40,2026-01-30 12:50:41,127.0,mm,DD,127
2026-01-30 12:50:40,2026-01-30 12:50:41,127.0,mm,A,127
2026-01-30 09:50:45,2026-01-30 09:50:45,127.0,mm,DD,127
2026-01-30 09:50:40,2026-01-30 09:50:39,127.0,mm,DD,127
2026-01-30 09:50:39,2026-01-30 09:50:39,127.0,mm,DD,127
2026-01-30 09:50:39,2026-01-30 09:50:39,127.0,mm,DD,127
2026-01-30 09:50:39,2026-01-30 09:50:39,127.0,mm,DD,127
2026-01-30 09:50:39,2026-01-30 09:50:39,127.0,mm,A,127
2026-01-30 06:50:45,2026-01-30 06:50:45,127.0,mm,DD,127
2026-01-30 06:50:39,2026-01-30 06:50:38,127.0,mm,DD,127
2026-01-30 06:50:38,2026-01-30 06:50:38,127.0,mm,DD,127
2026-01-30 06:50:38,2026-01-30 06:50:38,127.0,mm,DD,127
2026-01-30 06:50:38,2026-01-30 06:50:38,127.0,mm,DD,127
2026-01-30 06:50:38,2026-01-30 06:50:38,127.0,mm,A,127
2026-01-30 03:50:44,2026-01-30 03:50:44,127.0,mm,DD,127
2026-01-30 03:50:41,2026-01-30 03:50:39,127.0,mm,DD,127
2026-01-30 03:50:39,2026-01-30 03:50:39,127.0,mm,DD,127
2026-01-30 03:50:39,2026-01-30 03:50:39,127.0,mm,DD,127
2026-01-30 03:50:38,2026-01-30 03:50:38,127.0,mm,DD,127
2026-01-30 03:50:38,2026-01-30 03:50:38,127.0,mm,A,127
2026-01-30 00:50:43,2026-01-30 00:50:43,127.0,mm,DD,127
2026-01-30 00:50:41,2026-01-30 00:50:37,127.0,mm,DD,127
2026-01-30 00:50:37,2026-01-30 00:50:37,127.0,mm,DD,127
2026-01-30 00:50:37,2026-01-30 00:50:37,127.0,mm,DD,127
2026-01-30 00:50:37,2026-01-30 00:50:37,127.0,mm,DD,127
2026-01-30 00:50:37,2026-01-30 00:50:37,127.0,mm,A,127
2026-01-29 21:50:36,2026-01-29 21:50:36,127.0,mm,DD,127
2026-01-29 21:50:36,2026-01-29 21:50:36,127.0,mm,DD,127
2026-01-29 21:50:36,2026-01-29 21:50:36,127.0,mm,DD,127
2026-01-29 21:50:36,2026-01-29 21:50:36,127.0,mm,A,127
2026-01-29 18:50:36,2026-01-29 18:50:35,127.0,mm,DD,127
2026-01-29 18:50:35,2026-01-29 18:50:35,127.0,mm,DD,127
2026-01-29 18:50:35,2026-01-29 18:50:35,127.0,mm,DD,127
2026-01-29 18:50:35,2026-01-29 18:50:35,127.0,mm,DD,127
2026-01-29 18:50:35,2026-01-29 18:50:35,127.0,mm,A,127
2026-01-29 15:50:41,2026-01-29 15:50:41,127.0,mm,DD,127
2026-01-29 15:50:36,2026-01-29 15:50:35,127.0,mm,A,127
2026-01-29 15:50:34,2026-01-29 15:50:35,127.0,mm,DD,127
2026-01-29 15:50:34,2026-01-29 15:50:35,127.0,mm,DD,127
2026-01-29 12:50:40,2026-01-29 12:50:40,127.0,mm,DD,127
2026-01-29 12:50:35,2026-01-29 12:50:34,127.0,mm,DD,127
2026-01-29 12:50:33,2026-01-29 12:50:34,127.0,mm,DD,127
2026-01-29 12:50:33,2026-01-29 12:50:34,127.0,mm,DD,127
2026-01-29 12:50:33,2026-01-29 12:50:34,127.0,mm,DD,127
2026-01-29 12:50:33,2026-01-29 12:50:34,127.0,mm,A,127
2026-01-29 09:50:39,2026-01-29 09:50:39,127.0,mm,DD,127
2026-01-29 09:50:33,2026-01-29 09:50:33,127.0,mm,DD,127
2026-01-29 09:50:33,2026-01-29 09:50:33,127.0,mm,DD,127
2026-01-29 09:50:33,2026-01-29 09:50:33,127.0,mm,DD,127
2026-01-29 09:50:32,2026-01-29 09:50:33,127.0,mm,DD,127
2026-01-29 09:50:32,2026-01-29 09:50:33,127.0,mm,A,127
2026-01-29 06:50:38,2026-01-29 06:50:38,127.0,mm,DD,127
2026-01-29 06:50:32,2026-01-29 06:50:32,127.0,mm,DD,127
2026-01-29 06:50:32,2026-01-29 06:50:32,127.0,mm,DD,127
2026-01-29 06:50:32,2026-01-29 06:50:32,127.0,mm,DD,127
2026-01-29 06:50:32,2026-01-29 06:50:32,127.0,mm,AN,127
2026-01-29 03:50:42,2026-01-29 03:50:42,127.0,mm,DD,127
2026-01-29 03:50:36,2026-01-29 03:50:36,127.0,mm,DD,127
2026-01-29 03:50:32,2026-01-29 03:50:31,127.0,mm,DD,127
2026-01-29 03:50:31,2026-01-29 03:50:31,127.0,mm,DD,127
2026-01-29 03:50:31,2026-01-29 03:50:31,127.0,mm,DD,127
2026-01-29 03:50:31,2026-01-29 03:50:31,127.0,mm,DD,127
2026-01-29 03:50:31,2026-01-29 03:50:31,127.0,mm,ND,127
2026-01-29 03:07:05,2026-01-29 03:07:05,128.0,mm,A,128
2026-01-29 00:50:37,2026-01-29 00:50:37,127.0,mm,DD,127
2026-01-29 00:50:36,2026-01-29 00:50:36,127.0,mm,DD,127
2026-01-29 00:50:36,2026-01-29 00:50:36,127.0,mm,DD,127
2026-01-29 00:50:36,2026-01-29 00:50:36,127.0,mm,DD,127
2026-01-29 00:50:31,2026-01-29 00:50:31,127.0,mm,DD,127
2026-01-29 00:50:31,2026-01-29 00:50:31,127.0,mm,DD,127
2026-01-29 00:50:31,2026-01-29 00:50:31,127.0,mm,DD,127
2026-01-29 00:50:30,2026-01-29 00:50:30,127.0,mm,DD,127
2026-01-29 00:50:30,2026-01-29 00:50:30,127.0,mm,A,127
2026-01-28 21:50:30,2026-01-28 21:50:30,127.0,mm,A,127
2026-01-28 18:50:35,2026-01-28 18:50:35,127.0,mm,DD,127
2026-01-28 18:50:30,2026-01-28 18:50:29,127.0,mm,DD,127
2026-01-28 18:50:29,2026-01-28 18:50:29,127.0,mm,DD,127
2026-01-28 18:50:29,2026-01-28 18:50:29,127.0,mm,DD,127
2026-01-28 18:50:29,2026-01-28 18:50:29,127.0,mm,DD,127
2026-01-28 18:50:29,2026-01-28 18:50:29,127.0,mm,A,127
2026-01-28 15:50:34,2026-01-28 15:50:34,127.0,mm,DD,127
2026-01-28 15:50:29,2026-01-28 15:50:28,127.0,mm,DD,127
2026-01-28 15:50:28,2026-01-28 15:50:28,127.0,mm,DD,127
2026-01-28 15:50:28,2026-01-28 15:50:28,127.0,mm,DD,127
2026-01-28 15:50:28,2026-01-28 15:50:28,127.0,mm,DD,127
2026-01-28 15:50:28,2026-01-28 15:50:28,127.0,mm,A,127
2026-01-28 12:50:33,2026-01-28 12:50:33,127.0,mm,DD,127
2026-01-28 12:50:27,2026-01-28 12:50:27,127.0,mm,DD,127
2026-01-28 12:50:27,2026-01-28 12:50:27,127.0,mm,DD,127
2026-01-28 12:50:27,2026-01-28 12:50:27,127.0,mm,A,127
2026-01-28 09:50:32,2026-01-28 09:50:32,127.0,mm,DD,127
2026-01-28 09:50:26,2026-01-28 09:50:26,127.0,mm,DD,127
2026-01-28 09:50:26,2026-01-28 09:50:26,127.0,mm,DD,127
2026-01-28 09:50:26,2026-01-28 09:50:26,127.0,mm,A,127
2026-01-28 06:50:31,2026-01-28 06:50:31,127.0,mm,DD,127
2026-01-28 06:50:26,2026-01-28 06:50:25,127.0,mm,DD,127
2026-01-28 06:50:25,2026-01-28 06:50:25,127.0,mm,DD,127
2026-01-28 06:50:25,2026-01-28 06:50:25,127.0,mm,DD,127
2026-01-28 06:50:25,2026-01-28 06:50:25,127.0,mm,DD,127
2026-01-28 06:50:25,2026-01-28 06:50:25,127.0,mm,A,127
2026-01-28 03:50:32,2026-01-28 03:50:32,127.0,mm,DD,127
2026-01-28 03:50:31,2026-01-28 03:50:31,127.0,mm,DD,127
2026-01-28 03:50:30,2026-01-28 03:50:30,127.0,mm,DD,127
2026-01-28 03:50:30,2026-01-28 03:50:30,127.0,mm,DD,127
2026-01-28 03:50:26,2026-01-28 03:50:24,127.0,mm,DD,127
2026-01-28 03:50:25,2026-01-28 03:50:25,127.0,mm,DD,127
2026-01-28 03:50:25,2026-01-28 03:50:25,127.0,mm,DD,127
2026-01-28 03:50:24,2026-01-28 03:50:24,127.0,mm,DD,127
2026-01-28 03:50:24,2026-01-28 03:50:24,127.0,mm,A,127
2026-01-28 00:50:31,2026-01-28 00:50:31,127.0,mm,DD,127
2026-01-28 00:50:30,2026-01-28 00:50:30,127.0,mm,DD,127
2026-01-28 00:50:29,2026-01-28 00:50:29,127.0,mm,DD,127
2026-01-28 00:50:25,2026-01-28 00:50:25,127.0,mm,DD,127
2026-01-28 00:50:25,2026-01-28 00:50:25,127.0,mm,DD,127
2026-01-28 00:50:24,2026-01-28 00:50:25,127.0,mm,DD,127
2026-01-28 00:50:24,2026-01-28 00:50:25,127.0,mm,DD,127
2026-01-28 00:50:24,2026-01-28 00:50:25,127.0,mm,DD,127
2026-01-28 00:50:23,2026-01-28 00:50:24,127.0,mm,DD,127
2026-01-28 00:50:23,2026-01-28 00:50:24,127.0,mm,A,127
2026-01-27 21:50:34,2026-01-27 21:50:34,127.0,mm,DD,127
2026-01-27 21:50:28,2026-01-27 21:50:28,127.0,mm,DD,127
2026-01-27 21:50:28,2026-01-27 21:50:28,127.0,mm,DD,127
2026-01-27 21:50:23,2026-01-27 21:50:24,127.0,mm,DD,127
2026-01-27 21:50:23,2026-01-27 21:50:24,127.0,mm,DD,127
2026-01-27 21:50:23,2026-01-27 21:50:24,127.0,mm,DD,127
2026-01-27 21:50:23,2026-01-27 21:50:24,127.0,mm,DD,127
2026-01-27 21:50:23,2026-01-27 21:50:24,127.0,mm,A,127
2026-01-27 18:50:28,2026-01-27 18:50:28,127.0,mm,DD,127
2026-01-27 18:50:22,2026-01-27 18:50:22,127.0,mm,DD,127
2026-01-27 18:50:22,2026-01-27 18:50:22,127.0,mm,DD,127
2026-01-27 18:50:22,2026-01-27 18:50:22,127.0,mm,DD,127
2026-01-27 18:50:22,2026-01-27 18:50:22,127.0,mm,A,127
2026-01-27 15:50:27,2026-01-27 15:50:27,127.0,mm,DD,127
2026-01-27 15:50:22,2026-01-27 15:50:21,127.0,mm,DD,127
2026-01-27 15:50:21,2026-01-27 15:50:21,127.0,mm,DD,127
2026-01-27 15:50:21,2026-01-27 15:50:21,127.0,mm,DD,127
2026-01-27 15:50:21,2026-01-27 15:50:21,127.0,mm,DD,127
2026-01-27 15:50:21,2026-01-27 15:50:21,127.0,mm,A,127
2026-01-27 12:50:26,2026-01-27 12:50:26,127.0,mm,DD,127
2026-01-27 12:50:20,2026-01-27 12:50:20,127.0,mm,DD,127
2026-01-27 12:50:20,2026-01-27 12:50:20,127.0,mm,DD,127
2026-01-27 12:50:20,2026-01-27 12:50:20,127.0,mm,A,127
2026-01-27 09:50:26,2026-01-27 09:50:26,127.0,mm,DD,127
2026-01-27 09:50:25,2026-01-27 09:50:25,127.0,mm,DD,127
2026-01-27 09:50:25,2026-01-27 09:50:25,127.0,mm,DD,127
2026-01-27 09:50:25,2026-01-27 09:50:25,127.0,mm,DD,127
2026-01-27 09:50:25,2026-01-27 09:50:25,127.0,mm,DD,127
2026-01-27 09:50:20,2026-01-27 09:50:20,127.0,mm,DD,127
2026-01-27 09:50:20,2026-01-27 09:50:20,127.0,mm,DD,127
2026-01-27 09:50:20,2026-01-27 09:50:20,127.0,mm,A,127
2026-01-27 06:50:25,2026-01-27 06:50:25,127.0,mm,DD,127
2026-01-27 06:50:19,2026-01-27 06:50:18,127.0,mm,DD,127
2026-01-27 06:50:18,2026-01-27 06:50:18,127.0,mm,DD,127
2026-01-27 06:50:18,2026-01-27 06:50:18,127.0,mm,DD,127
2026-01-27 06:50:18,2026-01-27 06:50:18,127.0,mm,DD,127
2026-01-27 06:50:18,2026-01-27 06:50:18,127.0,mm,A,127
2026-01-27 06:31:51,2026-01-27 06:31:51,0.0,mm,DD,0
2026-01-27 06:31:46,2026-01-27 06:31:45,0.0,mm,DD,0
2026-01-27 06:31:45,2026-01-27 06:31:45,0.0,mm,DD,0
2026-01-27 06:31:45,2026-01-27 06:31:45,0.0,mm,DD,0
2026-01-27 06:31:45,2026-01-27 06:31:45,0.0,mm,DD,0
2026-01-27 06:31:45,2026-01-27 06:31:45,0.0,mm,DD,0
2026-01-27 06:31:45,2026-01-27 06:31:45,0.0,mm,DD,0
2026-01-27 06:31:45,2026-01-27 06:31:45,0.0,mm,ND,0
2026-01-27 03:50:24,2026-01-27 03:50:24,127.0,mm,DD,127
2026-01-27 03:50:24,2026-01-27 03:50:24,127.0,mm,DD,127
2026-01-27 03:50:23,2026-01-27 03:50:23,127.0,mm,DD,127
2026-01-27 03:50:23,2026-01-27 03:50:23,127.0,mm,DD,127
2026-01-27 03:50:19,2026-01-27 03:50:18,127.0,mm,DD,127
2026-01-27 03:50:17,2026-01-27 03:50:18,127.0,mm,DD,127
2026-01-27 03:50:17,2026-01-27 03:50:18,127.0,mm,DD,127
2026-01-27 03:50:17,2026-01-27 03:50:18,127.0,mm,DD,127
2026-01-27 03:50:17,2026-01-27 03:50:18,127.0,mm,A,127
2026-01-27 00:50:23,2026-01-27 00:50:23,127.0,mm,DD,127
2026-01-27 00:50:23,2026-01-27 00:50:23,127.0,mm,DD,127
2026-01-27 00:50:23,2026-01-27 00:50:23,127.0,mm,DD,127
2026-01-27 00:50:22,2026-01-27 00:50:22,127.0,mm,DD,127
2026-01-27 00:50:17,2026-01-27 00:50:17,127.0,mm,DD,127
2026-01-27 00:50:17,2026-01-27 00:50:17,127.0,mm,DD,127
2026-01-27 00:50:17,2026-01-27 00:50:17,127.0,mm,DD,127
2026-01-27 00:50:17,2026-01-27 00:50:17,127.0,mm,A,127
2026-01-26 21:50:17,2026-01-26 21:50:16,127.0,mm,DD,127
2026-01-26 21:50:16,2026-01-26 21:50:16,127.0,mm,DD,127
2026-01-26 21:50:16,2026-01-26 21:50:16,127.0,mm,DD,127
2026-01-26 21:50:16,2026-01-26 21:50:16,127.0,mm,DD,127
2026-01-26 21:50:16,2026-01-26 21:50:16,127.0,mm,A,127
2026-01-26 19:26:08,2026-01-26 19:26:08,126.0,mm,DD,126
2026-01-26 19:26:07,2026-01-26 19:26:07,126.0,mm,DD,126
2026-01-26 19:26:03,2026-01-26 19:26:02,126.0,mm,DD,126
2026-01-26 19:26:02,2026-01-26 19:26:02,126.0,mm,DD,126
2026-01-26 19:26:02,2026-01-26 19:26:02,126.0,mm,DD,126
2026-01-26 19:26:02,2026-01-26 19:26:02,126.0,mm,DD,126
2026-01-26 19:26:02,2026-01-26 19:26:02,126.0,mm,A,126
2026-01-26 18:50:21,2026-01-26 18:50:21,125.0,mm,DD,125
2026-01-26 18:50:21,2026-01-26 18:50:21,125.0,mm,DD,125
2026-01-26 18:50:21,2026-01-26 18:50:21,125.0,mm,DD,125
2026-01-26 18:50:16,2026-01-26 18:50:15,125.0,mm,DD,125
2026-01-26 18:50:15,2026-01-26 18:50:15,125.0,mm,DD,125
2026-01-26 18:50:15,2026-01-26 18:50:15,125.0,mm,DD,125
2026-01-26 18:50:15,2026-01-26 18:50:15,125.0,mm,DD,125
2026-01-26 18:50:15,2026-01-26 18:50:15,125.0,mm,A,125
2026-01-26 18:32:22,2026-01-26 18:32:22,227.0,mm,DD,227
2026-01-26 18:32:22,2026-01-26 18:32:22,227.0,mm,PD,227
2026-01-26 15:50:26,2026-01-26 15:50:26,637.0,mm,DD,637
2026-01-26 15:50:26,2026-01-26 15:50:26,637.0,mm,DD,637
2026-01-26 15:50:22,2026-01-26 15:50:20,637.0,mm,DD,637
2026-01-26 15:50:21,2026-01-26 15:50:21,637.0,mm,DD,637
2026-01-26 15:50:21,2026-01-26 15:50:21,637.0,mm,DD,637
2026-01-26 15:50:20,2026-01-26 15:50:20,637.0,mm,DD,637
2026-01-26 15:50:20,2026-01-26 15:50:20,637.0,mm,PD,637
2026-01-26 15:50:16,2026-01-26 15:50:14,125.0,mm,A,125
2026-01-26 15:50:15,2026-01-26 15:50:15,125.0,mm,DD,125
2026-01-26 15:50:15,2026-01-26 15:50:15,125.0,mm,DD,125
2026-01-26 12:50:13,2026-01-26 12:50:13,125.0,mm,DD,125
2026-01-26 12:50:13,2026-01-26 12:50:13,125.0,mm,DD,125
2026-01-26 12:50:13,2026-01-26 12:50:13,125.0,mm,DD,125
2026-01-26 12:50:13,2026-01-26 12:50:13,125.0,mm,DD,125
2026-01-26 12:50:13,2026-01-26 12:50:13,125.0,mm,A,125
2026-01-26 11:17:13,2026-01-26 11:17:13,224.0,mm,DD,224
2026-01-26 11:17:07,2026-01-26 11:17:07,224.0,mm,DD,224
2026-01-26 11:17:02,2026-01-26 11:17:02,224.0,mm,DD,224
2026-01-26 11:17:02,2026-01-26 11:17:02,224.0,mm,DD,224
2026-01-26 11:17:02,2026-01-26 11:17:02,224.0,mm,DD,224
2026-01-26 11:17:02,2026-01-26 11:17:02,224.0,mm,DD,224
2026-01-26 11:17:02,2026-01-26 11:17:02,224.0,mm,DD,224
2026-01-26 11:17:02,2026-01-26 11:17:02,224.0,mm,DD,224
2026-01-26 11:17:01,2026-01-26 11:17:01,224.0,mm,DD,224
2026-01-26 11:17:01,2026-01-26 11:17:01,224.0,mm,DD,224
2026-01-26 11:17:01,2026-01-26 11:17:01,224.0,mm,PD,224
2026-01-26 09:50:12,2026-01-26 09:50:12,125.0,mm,DD,125
2026-01-26 09:50:12,2026-01-26 09:50:12,125.0,mm,DD,125
2026-01-26 09:50:12,2026-01-26 09:50:12,125.0,mm,DD,125
2026-01-26 09:50:12,2026-01-26 09:50:12,125.0,mm,DD,125
2026-01-26 09:50:12,2026-01-26 09:50:12,125.0,mm,DD,125
2026-01-26 09:50:12,2026-01-26 09:50:12,125.0,mm,A,125
2026-01-26 06:50:17,2026-01-26 06:50:17,125.0,mm,DD,125
2026-01-26 06:50:12,2026-01-26 06:50:11,125.0,mm,DD,125
2026-01-26 06:50:12,2026-01-26 06:50:11,125.0,mm,DD,125
2026-01-26 06:50:11,2026-01-26 06:50:11,125.0,mm,DD,125
2026-01-26 06:50:11,2026-01-26 06:50:11,125.0,mm,DD,125
2026-01-26 06:50:11,2026-01-26 06:50:11,125.0,mm,DD,125
2026-01-26 06:50:11,2026-01-26 06:50:11,125.0,mm,DD,125
2026-01-26 06:50:11,2026-01-26 06:50:11,125.0,mm,DD,125
2026-01-26 06:50:11,2026-01-26 06:50:11,125.0,mm,A,125
2026-01-26 03:50:12,2026-01-26 03:50:10,125.0,mm,DD,125
2026-01-26 03:50:10,2026-01-26 03:50:10,125.0,mm,DD,125
2026-01-26 03:50:10,2026-01-26 03:50:10,125.0,mm,DD,125
2026-01-26 03:50:10,2026-01-26 03:50:10,125.0,mm,DD,125
2026-01-26 03:50:10,2026-01-26 03:50:10,125.0,mm,DD,125
2026-01-26 03:50:10,2026-01-26 03:50:10,125.0,mm,A,125
2026-01-26 00:50:16,2026-01-26 00:50:16,125.0,mm,DD,125
2026-01-26 00:50:15,2026-01-26 00:50:15,125.0,mm,DD,125
2026-01-26 00:50:10,2026-01-26 00:50:10,125.0,mm,DD,125
2026-01-26 00:50:10,2026-01-26 00:50:10,125.0,mm,DD,125
2026-01-26 00:50:09,2026-01-26 00:50:10,125.0,mm,DD,125
2026-01-26 00:50:09,2026-01-26 00:50:10,125.0,mm,DD,125
2026-01-26 00:50:09,2026-01-26 00:50:10,125.0,mm,DD,125
2026-01-26 00:50:09,2026-01-26 00:50:10,125.0,mm,A,125
2026-01-25 21:50:20,2026-01-25 21:50:20,125.0,mm,A,125
2026-01-25 21:50:10,2026-01-25 21:50:09,125.0,mm,DD,125
2026-01-25 21:50:09,2026-01-25 21:50:09,125.0,mm,DD,125
2026-01-25 21:50:09,2026-01-25 21:50:09,125.0,mm,DD,125
2026-01-25 21:50:09,2026-01-25 21:50:09,125.0,mm,DD,125
2026-01-25 21:50:09,2026-01-25 21:50:09,125.0,mm,DD,125
2026-01-25 21:50:09,2026-01-25 21:50:09,125.0,mm,A,125
2026-01-25 21:25:18,2026-01-25 21:25:18,1,976.0,mm,DD,1976
2026-01-25 21:25:14,2026-01-25 21:25:13,1,976.0,mm,DD,1976
2026-01-25 21:25:13,2026-01-25 21:25:13,1,976.0,mm,DD,1976
2026-01-25 21:25:13,2026-01-25 21:25:13,1,976.0,mm,DD,1976
2026-01-25 21:25:12,2026-01-25 21:25:13,1,976.0,mm,DD,1976
2026-01-25 21:25:12,2026-01-25 21:25:13,1,976.0,mm,DD,1976
2026-01-25 21:25:12,2026-01-25 21:25:13,1,976.0,mm,DD,1976
2026-01-25 21:25:12,2026-01-25 21:25:13,1,976.0,mm,PD,1976
2026-01-25 19:50:29,2026-01-25 19:50:29,307.0,mm,DD,307
2026-01-25 19:50:29,2026-01-25 19:50:29,307.0,mm,PD,307
2026-01-25 19:42:44,2026-01-25 19:42:45,298.0,mm,DD,298
2026-01-25 19:42:44,2026-01-25 19:42:45,298.0,mm,PD,298
2026-01-25 18:50:20,2026-01-25 18:50:20,125.0,mm,DD,125
2026-01-25 18:50:15,2026-01-25 18:50:14,125.0,mm,DD,125
2026-01-25 18:50:14,2026-01-25 18:50:14,125.0,mm,DD,125
2026-01-25 18:50:14,2026-01-25 18:50:14,125.0,mm,DD,125
2026-01-25 18:50:13,2026-01-25 18:50:14,125.0,mm,DD,125
2026-01-25 18:50:13,2026-01-25 18:50:14,125.0,mm,DD,125
2026-01-25 18:50:08,2026-01-25 18:50:08,125.0,mm,DD,125
2026-01-25 18:50:08,2026-01-25 18:50:08,125.0,mm,DD,125
2026-01-25 18:50:08,2026-01-25 18:50:08,125.0,mm,A,125
2026-01-25 15:50:13,2026-01-25 15:50:13,125.0,mm,DD,125
2026-01-25 15:50:07,2026-01-25 15:50:07,125.0,mm,DD,125
2026-01-25 15:50:07,2026-01-25 15:50:07,125.0,mm,DD,125
2026-01-25 15:50:07,2026-01-25 15:50:07,125.0,mm,DD,125
2026-01-25 15:50:07,2026-01-25 15:50:07,125.0,mm,A,125
2026-01-25 12:50:12,2026-01-25 12:50:12,125.0,mm,DD,125
2026-01-25 12:50:06,2026-01-25 12:50:06,125.0,mm,DD,125
2026-01-25 12:50:06,2026-01-25 12:50:06,125.0,mm,DD,125
2026-01-25 12:50:06,2026-01-25 12:50:06,125.0,mm,DD,125
2026-01-25 12:50:06,2026-01-25 12:50:06,125.0,mm,DD,125
2026-01-25 12:50:06,2026-01-25 12:50:06,125.0,mm,DD,125
2026-01-25 12:50:06,2026-01-25 12:50:06,125.0,mm,DD,125
2026-01-25 12:50:06,2026-01-25 12:50:06,125.0,mm,A,125
2026-01-25 11:56:40,2026-01-25 11:56:40,178.0,mm,DD,178
2026-01-25 11:56:40,2026-01-25 11:56:40,178.0,mm,PD,178
2026-01-25 10:38:53,2026-01-25 10:38:53,137.0,mm,DD,137
2026-01-25 10:38:49,2026-01-25 10:38:47,137.0,mm,DD,137
2026-01-25 10:38:47,2026-01-25 10:38:47,137.0,mm,DD,137
2026-01-25 10:38:46,2026-01-25 10:38:46,137.0,mm,DD,137
2026-01-25 10:38:46,2026-01-25 10:38:46,137.0,mm,DD,137
2026-01-25 10:38:46,2026-01-25 10:38:46,137.0,mm,DD,137
2026-01-25 10:38:46,2026-01-25 10:38:46,137.0,mm,PD,137
2026-01-25 09:50:11,2026-01-25 09:50:11,125.0,mm,DD,125
2026-01-25 09:50:06,2026-01-25 09:50:05,125.0,mm,DD,125
2026-01-25 09:50:05,2026-01-25 09:50:05,125.0,mm,DD,125
2026-01-25 09:50:05,2026-01-25 09:50:05,125.0,mm,DD,125
2026-01-25 09:50:05,2026-01-25 09:50:05,125.0,mm,DD,125
2026-01-25 09:50:05,2026-01-25 09:50:05,125.0,mm,DD,125
2026-01-25 09:50:05,2026-01-25 09:50:05,125.0,mm,DD,125
2026-01-25 09:50:05,2026-01-25 09:50:05,125.0,mm,DD,125
2026-01-25 09:50:05,2026-01-25 09:50:05,125.0,mm,A,125
2026-01-25 06:50:10,2026-01-25 06:50:10,125.0,mm,DD,125
2026-01-25 06:50:07,2026-01-25 06:50:04,125.0,mm,DD,125
2026-01-25 06:50:07,2026-01-25 06:50:04,125.0,mm,DD,125
2026-01-25 06:50:04,2026-01-25 06:50:04,125.0,mm,DD,125
2026-01-25 06:50:04,2026-01-25 06:50:04,125.0,mm,DD,125
2026-01-25 06:50:04,2026-01-25 06:50:04,125.0,mm,DD,125
2026-01-25 06:50:04,2026-01-25 06:50:04,125.0,mm,A,125
2026-01-25 03:50:09,2026-01-25 03:50:09,125.0,mm,DD,125
2026-01-25 03:50:04,2026-01-25 03:50:03,125.0,mm,DD,125
2026-01-25 03:50:04,2026-01-25 03:50:03,125.0,mm,DD,125
2026-01-25 03:50:03,2026-01-25 03:50:03,125.0,mm,DD,125
2026-01-25 03:50:03,2026-01-25 03:50:03,125.0,mm,DD,125
2026-01-25 03:50:03,2026-01-25 03:50:03,125.0,mm,DD,125
2026-01-25 03:50:03,2026-01-25 03:50:03,125.0,mm,DD,125
2026-01-25 03:50:03,2026-01-25 03:50:03,125.0,mm,DD,125
2026-01-25 03:50:03,2026-01-25 03:50:03,125.0,mm,DD,125
2026-01-25 03:50:03,2026-01-25 03:50:03,125.0,mm,A,125
2026-01-25 00:50:09,2026-01-25 00:50:09,125.0,mm,DD,125
2026-01-25 00:50:04,2026-01-25 00:50:03,125.0,mm,DD,125
2026-01-25 00:50:04,2026-01-25 00:50:03,125.0,mm,DD,125
2026-01-25 00:50:02,2026-01-25 00:50:03,125.0,mm,DD,125
2026-01-25 00:50:02,2026-01-25 00:50:03,125.0,mm,DD,125
2026-01-25 00:50:02,2026-01-25 00:50:03,125.0,mm,DD,125
2026-01-25 00:50:02,2026-01-25 00:50:03,125.0,mm,DD,125
2026-01-25 00:50:02,2026-01-25 00:50:03,125.0,mm,DD,125
2026-01-25 00:50:02,2026-01-25 00:50:03,125.0,mm,A,125
2026-01-24 21:50:02,2026-01-24 21:50:02,125.0,mm,DD,125
2026-01-24 21:50:02,2026-01-24 21:50:02,125.0,mm,DD,125
2026-01-24 21:50:02,2026-01-24 21:50:02,125.0,mm,DD,125
2026-01-24 21:50:01,2026-01-24 21:50:02,125.0,mm,DD,125
2026-01-24 21:50:01,2026-01-24 21:50:02,125.0,mm,A,125
2026-01-24 18:50:24,2026-01-24 18:50:01,125.0,mm,DD,125
2026-01-24 18:50:24,2026-01-24 18:50:01,125.0,mm,A,125
2026-01-24 18:50:07,2026-01-24 18:50:07,125.0,mm,AS,125
2026-01-24 18:50:01,2026-01-24 18:50:01,125.0,mm,DD,125
2026-01-24 18:50:01,2026-01-24 18:50:01,125.0,mm,DD,125
2026-01-24 18:50:01,2026-01-24 18:50:01,125.0,mm,DD,125
2026-01-24 18:50:01,2026-01-24 18:50:01,125.0,mm,A,125
2026-01-24 15:50:27,2026-01-24 15:50:06,125.0,mm,A,125
2026-01-24 15:50:06,2026-01-24 15:50:06,125.0,mm,DD,125
2026-01-24 15:50:06,2026-01-24 15:50:06,125.0,mm,DD,125
2026-01-24 15:50:06,2026-01-24 15:50:06,125.0,mm,DD,125
2026-01-24 15:50:05,2026-01-24 15:50:05,125.0,mm,DD,125
2026-01-24 15:50:05,2026-01-24 15:50:05,125.0,mm,DD,125
2026-01-24 15:50:00,2026-01-24 15:50:00,125.0,mm,DD,125
2026-01-24 15:50:00,2026-01-24 15:50:00,125.0,mm,A,125
2026-01-24 12:49:59,2026-01-24 12:49:59,125.0,mm,DD,125
2026-01-24 12:49:59,2026-01-24 12:49:59,125.0,mm,DD,125
2026-01-24 12:49:59,2026-01-24 12:49:59,125.0,mm,DD,125
2026-01-24 12:49:59,2026-01-24 12:49:59,125.0,mm,A,125
2026-01-24 09:50:20,2026-01-24 09:49:58,125.0,mm,A,125
2026-01-24 09:50:04,2026-01-24 09:50:04,125.0,mm,AS,125
2026-01-24 09:49:58,2026-01-24 09:49:58,125.0,mm,DD,125
2026-01-24 09:49:58,2026-01-24 09:49:58,125.0,mm,DD,125
2026-01-24 09:49:58,2026-01-24 09:49:58,125.0,mm,DD,125
2026-01-24 09:49:58,2026-01-24 09:49:58,125.0,mm,DD,125
2026-01-24 09:49:58,2026-01-24 09:49:58,125.0,mm,A,125
2026-01-24 06:50:04,2026-01-24 06:50:04,125.0,mm,DD,125
2026-01-24 06:49:59,2026-01-24 06:49:57,125.0,mm,DD,125
2026-01-24 06:49:58,2026-01-24 06:49:58,125.0,mm,DD,125
2026-01-24 06:49:58,2026-01-24 06:49:58,125.0,mm,DD,125
2026-01-24 06:49:57,2026-01-24 06:49:57,125.0,mm,DD,125
2026-01-24 06:49:57,2026-01-24 06:49:57,125.0,mm,A,125
2026-01-24 03:50:18,2026-01-24 03:49:56,125.0,mm,A,125
2026-01-24 03:50:03,2026-01-24 03:50:03,125.0,mm,AS,125
2026-01-24 03:49:56,2026-01-24 03:49:56,125.0,mm,DD,125
2026-01-24 03:49:56,2026-01-24 03:49:56,125.0,mm,DD,125
2026-01-24 03:49:56,2026-01-24 03:49:56,125.0,mm,DD,125
2026-01-24 03:49:56,2026-01-24 03:49:56,125.0,mm,DD,125
2026-01-24 03:49:56,2026-01-24 03:49:56,125.0,mm,A,125
2026-01-24 00:50:17,2026-01-24 00:49:56,125.0,mm,A,125
2026-01-24 00:50:02,2026-01-24 00:50:02,125.0,mm,AS,125
2026-01-24 00:49:55,2026-01-24 00:49:56,125.0,mm,DD,125
2026-01-24 00:49:55,2026-01-24 00:49:56,125.0,mm,DD,125
2026-01-24 00:49:55,2026-01-24 00:49:56,125.0,mm,DD,125
2026-01-24 00:49:55,2026-01-24 00:49:56,125.0,mm,DD,125
2026-01-24 00:49:55,2026-01-24 00:49:56,125.0,mm,A,125
2026-01-23 21:50:16,2026-01-23 21:49:55,125.0,mm,A,125
2026-01-23 21:49:55,2026-01-23 21:49:55,125.0,mm,DD,125
2026-01-23 21:49:55,2026-01-23 21:49:55,125.0,mm,DD,125
2026-01-23 21:49:55,2026-01-23 21:49:55,125.0,mm,DD,125
2026-01-23 21:49:55,2026-01-23 21:49:55,125.0,mm,DD,125
2026-01-23 21:49:55,2026-01-23 21:49:55,125.0,mm,A,125
2026-01-23 18:50:14,2026-01-23 18:49:54,125.0,mm,A,125
2026-01-23 18:50:00,2026-01-23 18:50:00,125.0,mm,AS,125
2026-01-23 18:49:54,2026-01-23 18:49:54,125.0,mm,DD,125
2026-01-23 18:49:54,2026-01-23 18:49:54,125.0,mm,DD,125
2026-01-23 15:50:14,2026-01-23 15:49:53,125.0,mm,A,125
2026-01-23 15:49:59,2026-01-23 15:49:59,125.0,mm,AS,125
2026-01-23 15:49:53,2026-01-23 15:49:53,125.0,mm,DD,125
2026-01-23 15:49:53,2026-01-23 15:49:53,125.0,mm,DD,125
2026-01-23 15:49:53,2026-01-23 15:49:53,125.0,mm,DD,125
2026-01-23 15:49:53,2026-01-23 15:49:53,125.0,mm,DD,125
2026-01-23 15:49:53,2026-01-23 15:49:53,125.0,mm,A,125
2026-01-23 12:50:13,2026-01-23 12:49:52,125.0,mm,A,125
2026-01-23 12:49:52,2026-01-23 12:49:53,125.0,mm,DD,125
2026-01-23 12:49:52,2026-01-23 12:49:53,125.0,mm,DD,125
2026-01-23 12:49:52,2026-01-23 12:49:53,125.0,mm,DD,125
2026-01-23 12:49:52,2026-01-23 12:49:53,125.0,mm,DD,125
2026-01-23 12:49:52,2026-01-23 12:49:53,125.0,mm,A,125
2026-01-23 09:50:13,2026-01-23 09:49:51,125.0,mm,A,125
2026-01-23 09:49:58,2026-01-23 09:49:58,125.0,mm,AS,125
2026-01-23 09:49:51,2026-01-23 09:49:52,125.0,mm,DD,125
2026-01-23 09:49:51,2026-01-23 09:49:52,125.0,mm,DD,125
2026-01-23 06:49:57,2026-01-23 06:49:57,125.0,mm,DD,125
2026-01-23 06:49:52,2026-01-23 06:49:51,125.0,mm,DD,125
2026-01-23 06:49:50,2026-01-23 06:49:51,125.0,mm,DD,125
2026-01-23 06:49:50,2026-01-23 06:49:51,125.0,mm,DD,125
2026-01-23 06:49:50,2026-01-23 06:49:51,125.0,mm,DD,125
2026-01-23 06:49:50,2026-01-23 06:49:51,125.0,mm,A,125
2026-01-23 03:50:10,2026-01-23 03:49:50,125.0,mm,A,125
2026-01-23 03:49:56,2026-01-23 03:49:56,125.0,mm,AS,125
2026-01-23 03:49:50,2026-01-23 03:49:50,125.0,mm,DD,125
2026-01-23 03:49:50,2026-01-23 03:49:50,125.0,mm,DD,125
2026-01-23 03:49:50,2026-01-23 03:49:50,125.0,mm,DD,125
2026-01-23 03:49:50,2026-01-23 03:49:50,125.0,mm,DD,125
2026-01-23 03:49:50,2026-01-23 03:49:50,125.0,mm,A,125
2026-01-23 00:50:10,2026-01-23 00:49:49,125.0,mm,A,125
2026-01-23 00:49:55,2026-01-23 00:49:55,125.0,mm,AS,125
2026-01-23 00:49:49,2026-01-23 00:49:49,125.0,mm,DD,125
2026-01-23 00:49:49,2026-01-23 00:49:49,125.0,mm,DD,125
2026-01-23 00:49:49,2026-01-23 00:49:49,125.0,mm,DD,125
2026-01-23 00:49:49,2026-01-23 00:49:49,125.0,mm,DD,125
2026-01-23 00:49:49,2026-01-23 00:49:49,125.0,mm,A,125
2026-01-22 21:50:08,2026-01-22 21:49:48,125.0,mm,A,125
2026-01-22 21:49:54,2026-01-22 21:49:54,125.0,mm,DD,125
2026-01-22 21:49:54,2026-01-22 21:49:54,125.0,mm,DD,125
2026-01-22 21:49:48,2026-01-22 21:49:48,125.0,mm,DD,125
2026-01-22 21:49:48,2026-01-22 21:49:48,125.0,mm,DD,125
2026-01-22 21:49:48,2026-01-22 21:49:48,125.0,mm,DD,125
2026-01-22 21:49:48,2026-01-22 21:49:48,125.0,mm,DD,125
2026-01-22 21:49:48,2026-01-22 21:49:48,125.0,mm,A,125
2026-01-22 18:50:08,2026-01-22 18:49:48,125.0,mm,A,125
2026-01-22 18:49:54,2026-01-22 18:49:54,125.0,mm,AS,125
2026-01-22 18:49:47,2026-01-22 18:49:48,125.0,mm,DD,125
2026-01-22 18:49:47,2026-01-22 18:49:48,125.0,mm,DD,125
2026-01-22 15:50:07,2026-01-22 15:49:47,125.0,mm,A,125
2026-01-22 15:49:46,2026-01-22 15:49:47,125.0,mm,DD,125
2026-01-22 15:49:46,2026-01-22 15:49:47,125.0,mm,A,125
2026-01-22 12:50:06,2026-01-22 12:49:46,125.0,mm,A,125
2026-01-22 12:49:52,2026-01-22 12:49:52,125.0,mm,AS,125
2026-01-22 12:49:51,2026-01-22 12:49:51,125.0,mm,DD,125
2026-01-22 12:49:51,2026-01-22 12:49:51,125.0,mm,DD,125
2026-01-22 12:49:45,2026-01-22 12:49:46,125.0,mm,DD,125
2026-01-22 12:49:45,2026-01-22 12:49:46,125.0,mm,DD,125
2026-01-22 12:49:45,2026-01-22 12:49:46,125.0,mm,DD,125
2026-01-22 12:49:45,2026-01-22 12:49:46,125.0,mm,DD,125
2026-01-22 12:49:45,2026-01-22 12:49:46,125.0,mm,A,125
2026-01-22 10:38:32,2026-01-22 10:38:32,138.0,mm,DD,138
2026-01-22 10:38:25,2026-01-22 10:38:25,138.0,mm,DD,138
2026-01-22 10:38:25,2026-01-22 10:38:25,138.0,mm,DD,138
2026-01-22 10:38:25,2026-01-22 10:38:25,138.0,mm,DD,138
2026-01-22 10:38:25,2026-01-22 10:38:25,138.0,mm,DD,138
2026-01-22 10:38:25,2026-01-22 10:38:25,138.0,mm,PD,138
2026-01-22 09:49:51,2026-01-22 09:49:51,125.0,mm,A,125
2026-01-22 09:49:44,2026-01-22 09:49:45,125.0,mm,DD,125
2026-01-22 09:49:44,2026-01-22 09:49:45,125.0,mm,DD,125
2026-01-22 09:49:44,2026-01-22 09:49:45,125.0,mm,AS,125
2026-01-22 06:50:05,2026-01-22 06:49:44,125.0,mm,A,125
2026-01-22 06:49:50,2026-01-22 06:49:50,125.0,mm,AS,125
2026-01-22 06:49:44,2026-01-22 06:49:44,125.0,mm,DD,125
2026-01-22 06:49:44,2026-01-22 06:49:44,125.0,mm,DD,125
2026-01-22 06:49:44,2026-01-22 06:49:44,125.0,mm,DD,125
2026-01-22 06:49:44,2026-01-22 06:49:44,125.0,mm,DD,125
2026-01-22 06:49:44,2026-01-22 06:49:44,125.0,mm,A,125
2026-01-22 03:50:04,2026-01-22 03:49:43,125.0,mm,A,125
2026-01-22 03:49:49,2026-01-22 03:49:49,125.0,mm,AS,125
2026-01-22 03:49:43,2026-01-22 03:49:43,125.0,mm,DD,125
2026-01-22 03:49:43,2026-01-22 03:49:43,125.0,mm,DD,125
2026-01-22 03:49:43,2026-01-22 03:49:43,125.0,mm,DD,125
2026-01-22 03:49:43,2026-01-22 03:49:43,125.0,mm,DD,125
2026-01-22 03:49:43,2026-01-22 03:49:43,125.0,mm,A,125
2026-01-22 00:50:05,2026-01-22 00:49:42,125.0,mm,A,125
2026-01-22 00:49:48,2026-01-22 00:49:48,125.0,mm,AS,125
2026-01-22 00:49:42,2026-01-22 00:49:42,125.0,mm,DD,125
2026-01-22 00:49:42,2026-01-22 00:49:42,125.0,mm,DD,125
2026-01-22 00:49:42,2026-01-22 00:49:42,125.0,mm,DD,125
2026-01-22 00:49:42,2026-01-22 00:49:42,125.0,mm,DD,125
2026-01-22 00:49:42,2026-01-22 00:49:42,125.0,mm,A,125
2026-01-21 21:49:49,2026-01-21 21:49:42,125.0,mm,A,125
2026-01-21 21:49:48,2026-01-21 21:49:48,125.0,mm,DD,125
2026-01-21 21:49:41,2026-01-21 21:49:42,125.0,mm,DD,125
2026-01-21 21:49:41,2026-01-21 21:49:42,125.0,mm,DD,125
2026-01-21 21:49:41,2026-01-21 21:49:42,125.0,mm,DD,125
2026-01-21 21:49:41,2026-01-21 21:49:42,125.0,mm,DD,125
2026-01-21 21:49:41,2026-01-21 21:49:42,125.0,mm,A,125
2026-01-21 18:49:47,2026-01-21 18:49:47,125.0,mm,DD,125
2026-01-21 18:49:41,2026-01-21 18:49:41,125.0,mm,DD,125
2026-01-21 18:49:41,2026-01-21 18:49:41,125.0,mm,DD,125
2026-01-21 18:49:40,2026-01-21 18:49:41,125.0,mm,DD,125
2026-01-21 18:49:40,2026-01-21 18:49:41,125.0,mm,A,125
2026-01-21 18:49:38,2026-01-21 18:49:41,125.0,mm,DD,125
2026-01-21 15:50:06,2026-01-21 15:49:40,125.0,mm,A,125
2026-01-21 15:49:46,2026-01-21 15:49:46,125.0,mm,AS,125
2026-01-21 15:49:40,2026-01-21 15:49:40,125.0,mm,DD,125
2026-01-21 15:49:40,2026-01-21 15:49:40,125.0,mm,DD,125
2026-01-21 15:49:40,2026-01-21 15:49:40,125.0,mm,DD,125
2026-01-21 15:49:40,2026-01-21 15:49:40,125.0,mm,DD,125
2026-01-21 15:49:40,2026-01-21 15:49:40,125.0,mm,AN,125
2026-01-21 12:49:45,2026-01-21 12:49:45,125.0,mm,DD,125
2026-01-21 12:49:39,2026-01-21 12:49:39,125.0,mm,DD,125
2026-01-21 12:49:39,2026-01-21 12:49:39,125.0,mm,DD,125
2026-01-21 12:49:39,2026-01-21 12:49:39,125.0,mm,DD,125
2026-01-21 12:49:39,2026-01-21 12:49:39,125.0,mm,ND,125
2026-01-21 12:49:38,2026-01-21 12:49:39,125.0,mm,DD,125
2026-01-21 10:38:45,2026-01-21 12:10:40,138.0,mm,PD,138
2026-01-21 10:38:25,2026-01-21 10:38:25,138.0,mm,PD,138
2026-01-21 10:38:19,2026-01-21 10:38:19,138.0,mm,DD,138
2026-01-21 10:38:18,2026-01-21 10:38:18,138.0,mm,DD,138
2026-01-21 10:38:18,2026-01-21 10:38:18,138.0,mm,DD,138
2026-01-21 10:38:18,2026-01-21 10:38:18,138.0,mm,DD,138
2026-01-21 10:38:18,2026-01-21 10:38:18,138.0,mm,PD,138
2026-01-21 09:50:03,2026-01-21 09:49:38,125.0,mm,A,125
2026-01-21 09:49:44,2026-01-21 09:49:44,125.0,mm,AS,125
2026-01-21 09:49:38,2026-01-21 09:49:38,125.0,mm,DD,125
2026-01-21 09:49:38,2026-01-21 09:49:38,125.0,mm,DD,125
2026-01-21 06:50:02,2026-01-21 06:49:37,125.0,mm,A,125
2026-01-21 06:49:43,2026-01-21 06:49:43,125.0,mm,AS,125
2026-01-21 06:49:37,2026-01-21 06:49:37,125.0,mm,DD,125
2026-01-21 06:49:37,2026-01-21 06:49:37,125.0,mm,DD,125
2026-01-21 06:49:37,2026-01-21 06:49:37,125.0,mm,DD,125
2026-01-21 06:49:37,2026-01-21 06:49:37,125.0,mm,DD,125
2026-01-21 06:49:37,2026-01-21 06:49:37,125.0,mm,A,125
2026-01-21 03:50:02,2026-01-21 03:49:36,125.0,mm,A,125
2026-01-21 03:49:43,2026-01-21 03:49:43,125.0,mm,AS,125
2026-01-21 03:49:36,2026-01-21 03:49:36,125.0,mm,DD,125
2026-01-21 03:49:36,2026-01-21 03:49:36,125.0,mm,DD,125
2026-01-21 03:49:36,2026-01-21 03:49:36,125.0,mm,DD,125
2026-01-21 03:49:36,2026-01-21 03:49:36,125.0,mm,DD,125
2026-01-21 03:49:36,2026-01-21 03:49:36,125.0,mm,A,125
2026-01-21 00:49:42,2026-01-21 00:49:42,125.0,mm,DD,125
2026-01-21 00:49:36,2026-01-21 00:49:36,125.0,mm,DD,125
2026-01-21 00:49:35,2026-01-21 00:49:36,125.0,mm,DD,125
2026-01-21 00:49:35,2026-01-21 00:49:36,125.0,mm,DD,125
2026-01-21 00:49:35,2026-01-21 00:49:36,125.0,mm,DD,125
2026-01-21 00:49:35,2026-01-21 00:49:36,125.0,mm,A,125
2026-01-20 21:49:59,2026-01-20 21:49:35,125.0,mm,AN,125
2026-01-20 21:49:41,2026-01-20 21:49:41,125.0,mm,DD,125
2026-01-20 21:49:35,2026-01-21 12:05:26,125.0,mm,DD,125
2026-01-20 21:49:35,2026-01-21 12:05:26,125.0,mm,DD,125
2026-01-20 21:49:35,2026-01-21 12:05:26,125.0,mm,DD,125
2026-01-20 21:49:35,2026-01-21 12:05:26,125.0,mm,A,125
2026-01-20 19:09:33,2026-01-21 12:05:23,1,029.0,mm,DD,1029
2026-01-20 19:09:33,2026-01-21 12:05:23,1,029.0,mm,PD,1029
2026-01-20 19:09:13,2026-01-20 19:09:13,5.0,mm,ND,5
2026-01-20 19:09:08,2026-01-20 19:09:09,1,029.0,mm,DD,1029
2026-01-20 19:09:08,2026-01-20 19:09:09,1,029.0,mm,DD,1029
2026-01-20 19:09:08,2026-01-20 19:09:09,1,029.0,mm,PD,1029
2026-01-20 19:09:07,2026-01-20 19:09:08,5.0,mm,DD,5
2026-01-20 19:09:07,2026-01-20 19:09:08,5.0,mm,DD,5
2026-01-20 19:09:07,2026-01-20 19:09:08,5.0,mm,DD,5
2026-01-20 19:09:07,2026-01-20 19:09:08,5.0,mm,DD,5
2026-01-20 19:09:07,2026-01-20 19:09:08,5.0,mm,DD,5
2026-01-20 19:09:07,2026-01-20 19:09:08,5.0,mm,ND,5
2026-01-20 18:49:58,2026-01-20 18:49:34,125.0,mm,A,125
2026-01-20 18:49:45,2026-01-20 18:49:45,125.0,mm,AS,125
2026-01-20 18:49:39,2026-01-20 18:49:39,125.0,mm,DD,125
2026-01-20 18:49:39,2026-01-20 18:49:39,125.0,mm,DD,125
2026-01-20 18:49:34,2026-01-20 18:49:34,125.0,mm,DD,125
2026-01-20 18:49:34,2026-01-20 18:49:34,125.0,mm,DD,125
2026-01-20 18:49:34,2026-01-20 18:49:34,125.0,mm,DD,125
2026-01-20 18:49:34,2026-01-20 18:49:34,125.0,mm,DD,125
2026-01-20 18:49:34,2026-01-20 18:49:34,125.0,mm,A,125
2026-01-20 15:49:58,2026-01-20 15:49:33,125.0,mm,AN,125
2026-01-20 15:49:39,2026-01-21 12:07:09,125.0,mm,A,125
2026-01-20 15:49:33,2026-01-20 15:49:33,125.0,mm,DD,125
2026-01-20 15:49:33,2026-01-20 15:49:33,125.0,mm,DD,125
2026-01-20 15:49:33,2026-01-20 15:49:33,125.0,mm,DD,125
2026-01-20 12:49:39,2026-01-20 12:49:39,125.0,mm,DD,125
2026-01-20 12:49:38,2026-01-20 12:49:39,125.0,mm,DD,125
2026-01-20 12:49:33,2026-01-20 12:49:32,125.0,mm,DD,125
2026-01-20 12:49:32,2026-01-21 12:06:24,125.0,mm,DD,125
2026-01-20 12:49:32,2026-01-21 12:06:24,125.0,mm,DD,125
2026-01-20 12:49:32,2026-01-21 12:06:24,125.0,mm,DD,125
2026-01-20 12:49:32,2026-01-21 12:06:24,125.0,mm,A,125
2026-01-20 10:38:36,2026-01-21 12:06:21,139.0,mm,PD,139
2026-01-20 10:38:18,2026-01-21 12:06:11,139.0,mm,DD,139
2026-01-20 10:38:11,2026-01-20 10:38:11,139.0,mm,DD,139
2026-01-20 10:38:11,2026-01-20 10:38:11,139.0,mm,DD,139
2026-01-20 10:38:11,2026-01-20 10:38:11,139.0,mm,DD,139
2026-01-20 10:38:11,2026-01-20 10:38:11,139.0,mm,DD,139
2026-01-20 10:38:11,2026-01-20 10:38:11,139.0,mm,PD,139
2026-01-20 09:49:55,2026-01-20 09:49:31,125.0,mm,A,125
2026-01-20 09:49:38,2026-01-20 09:49:38,125.0,mm,AS,125
2026-01-20 09:49:31,2026-01-20 09:49:32,125.0,mm,DD,125
2026-01-20 09:49:31,2026-01-20 09:49:32,125.0,mm,DD,125
2026-01-20 09:49:31,2026-01-20 09:49:32,125.0,mm,DD,125
2026-01-20 06:49:54,2026-01-20 06:49:31,125.0,mm,A,125
2026-01-20 06:49:37,2026-01-20 06:49:37,125.0,mm,AS,125
2026-01-20 06:49:30,2026-01-20 06:49:31,125.0,mm,DD,125
2026-01-20 06:49:30,2026-01-20 06:49:31,125.0,mm,DD,125
2026-01-20 06:49:30,2026-01-20 06:49:31,125.0,mm,DD,125
2026-01-20 06:49:30,2026-01-20 06:49:31,125.0,mm,DD,125
2026-01-20 06:49:30,2026-01-20 06:49:31,125.0,mm,A,125
2026-01-20 03:49:55,2026-01-20 03:49:30,125.0,mm,A,125
2026-01-20 03:49:37,2026-01-20 03:49:37,125.0,mm,AS,125
2026-01-20 03:49:35,2026-01-20 03:49:35,125.0,mm,DD,125
2026-01-20 03:49:35,2026-01-20 03:49:35,125.0,mm,DD,125
2026-01-20 03:49:30,2026-01-20 03:49:31,125.0,mm,DD,125
2026-01-20 03:49:30,2026-01-20 03:49:31,125.0,mm,DD,125
2026-01-20 03:49:30,2026-01-20 03:49:31,125.0,mm,DD,125
2026-01-20 03:49:30,2026-01-20 03:49:31,125.0,mm,DD,125
2026-01-20 03:49:30,2026-01-20 03:49:31,125.0,mm,AN,125
2026-01-20 00:49:35,2026-01-20 00:49:35,125.0,mm,DD,125
2026-01-20 00:49:34,2026-01-20 00:49:34,125.0,mm,DD,125
2026-01-20 00:49:31,2026-01-20 00:49:29,125.0,mm,DD,125
2026-01-20 00:49:29,2026-01-21 12:09:27,125.0,mm,DD,125
2026-01-20 00:49:29,2026-01-21 12:09:27,125.0,mm,DD,125
2026-01-20 00:49:29,2026-01-21 12:09:27,125.0,mm,DD,125
2026-01-20 00:49:29,2026-01-21 12:09:27,125.0,mm,A,125
2026-01-19 22:38:32,2026-01-21 12:09:25,129.0,mm,PD,129
2026-01-19 22:38:14,2026-01-19 22:38:14,129.0,mm,PD,129
2026-01-19 22:38:08,2026-01-19 22:38:08,129.0,mm,DD,129
2026-01-19 22:38:07,2026-01-19 22:38:08,129.0,mm,DD,129
2026-01-19 22:38:07,2026-01-19 22:38:08,129.0,mm,DD,129
2026-01-19 22:38:07,2026-01-19 22:38:08,129.0,mm,DD,129
2026-01-19 22:38:07,2026-01-19 22:38:08,129.0,mm,PD,129
2026-01-19 21:49:52,2026-01-19 21:49:28,125.0,mm,A,125
2026-01-19 21:49:35,2026-01-19 21:49:35,125.0,mm,AS,125
2026-01-19 21:49:34,2026-01-19 21:49:35,125.0,mm,DD,125
2026-01-19 21:49:33,2026-01-19 21:49:33,125.0,mm,DD,125
2026-01-19 21:49:33,2026-01-19 21:49:33,125.0,mm,DD,125
2026-01-19 21:49:28,2026-01-19 21:49:28,125.0,mm,DD,125
2026-01-19 21:49:28,2026-01-19 21:49:28,125.0,mm,DD,125
2026-01-19 21:49:28,2026-01-19 21:49:28,125.0,mm,DD,125
2026-01-19 21:49:28,2026-01-19 21:49:28,125.0,mm,DD,125
2026-01-19 21:49:28,2026-01-19 21:49:28,125.0,mm,A,125
2026-01-19 20:12:07,2026-01-19 20:12:07,4.0,mm,DD,4
2026-01-19 20:12:01,2026-01-19 20:12:01,4.0,mm,DD,4
2026-01-19 20:12:01,2026-01-19 20:12:01,4.0,mm,DD,4
2026-01-19 20:12:01,2026-01-19 20:12:01,4.0,mm,DD,4
2026-01-19 20:12:00,2026-01-19 20:12:00,4.0,mm,DD,4
2026-01-19 20:12:00,2026-01-19 20:12:00,4.0,mm,DD,4
2026-01-19 20:12:00,2026-01-19 20:12:00,4.0,mm,ND,4
2026-01-19 18:49:51,2026-01-19 18:49:28,125.0,mm,A,125
2026-01-19 18:49:34,2026-01-19 18:49:34,125.0,mm,AS,125
2026-01-19 18:49:33,2026-01-19 18:49:33,125.0,mm,DD,125
2026-01-19 18:49:33,2026-01-19 18:49:33,125.0,mm,DD,125
2026-01-19 18:49:27,2026-01-19 18:49:28,125.0,mm,DD,125
2026-01-19 18:49:27,2026-01-19 18:49:28,125.0,mm,DD,125
2026-01-19 18:49:27,2026-01-19 18:49:28,125.0,mm,DD,125
2026-01-19 18:49:27,2026-01-19 18:49:28,125.0,mm,DD,125
2026-01-19 18:49:27,2026-01-19 18:49:28,125.0,mm,A,125
2026-01-19 16:38:08,2026-01-19 16:38:08,387.0,mm,DD,387
2026-01-19 16:38:07,2026-01-19 16:38:07,387.0,mm,DD,387
2026-01-19 16:38:07,2026-01-19 16:38:07,387.0,mm,DD,387
2026-01-19 16:38:07,2026-01-19 16:38:07,387.0,mm,DD,387
2026-01-19 16:38:07,2026-01-19 16:38:07,387.0,mm,DD,387
2026-01-19 16:38:07,2026-01-19 16:38:07,387.0,mm,DD,387
2026-01-19 16:38:03,2026-01-19 16:38:01,387.0,mm,PD,387
2026-01-19 16:38:02,2026-01-19 16:38:02,387.0,mm,DD,387
2026-01-19 16:38:02,2026-01-19 16:38:02,387.0,mm,DD,387
2026-01-19 16:38:02,2026-01-19 16:38:02,387.0,mm,DD,387
2026-01-19 15:49:50,2026-01-19 15:49:27,125.0,mm,A,125
2026-01-19 15:49:33,2026-01-19 15:49:33,125.0,mm,AS,125
2026-01-19 15:49:27,2026-01-19 15:49:27,125.0,mm,DD,125
2026-01-19 15:49:27,2026-01-19 15:49:27,125.0,mm,DD,125
2026-01-19 15:49:27,2026-01-19 15:49:27,125.0,mm,DD,125
2026-01-19 15:49:27,2026-01-19 15:49:27,125.0,mm,DD,125
2026-01-19 15:49:27,2026-01-19 15:49:27,125.0,mm,A,125
2026-01-19 12:49:51,2026-01-19 12:49:26,125.0,mm,A,125
2026-01-19 12:49:26,2026-01-19 12:49:26,125.0,mm,DD,125
2026-01-19 12:49:26,2026-01-19 12:49:26,125.0,mm,DD,125
2026-01-19 12:49:26,2026-01-19 12:49:26,125.0,mm,DD,125
2026-01-19 12:49:26,2026-01-19 12:49:26,125.0,mm,DD,125
2026-01-19 12:49:26,2026-01-19 12:49:26,125.0,mm,A,125
2026-01-19 09:49:48,2026-01-19 09:49:25,125.0,mm,A,125
2026-01-19 09:49:31,2026-01-19 09:49:31,125.0,mm,AS,125
2026-01-19 09:49:25,2026-01-19 09:49:25,125.0,mm,DD,125
2026-01-19 09:49:25,2026-01-19 09:49:25,125.0,mm,DD,125
2026-01-19 09:49:25,2026-01-19 09:49:25,125.0,mm,DD,125
2026-01-19 09:49:25,2026-01-19 09:49:25,125.0,mm,DD,125
2026-01-19 09:49:25,2026-01-19 09:49:25,125.0,mm,A,125
2026-01-19 06:49:48,2026-01-19 10:37:39,125.0,mm,A,125
2026-01-19 06:49:24,2026-01-19 10:37:33,125.0,mm,DD,125
2026-01-19 06:49:24,2026-01-19 10:37:33,125.0,mm,DD,125
2026-01-19 06:49:24,2026-01-19 10:37:33,125.0,mm,DD,125
2026-01-19 06:49:24,2026-01-19 10:37:33,125.0,mm,DD,125
2026-01-19 06:49:24,2026-01-19 10:37:33,125.0,mm,AN,125
2026-01-19 04:20:35,2026-01-19 10:37:25,29.0,mm,ND,29
2026-01-19 04:20:17,2026-01-19 04:20:17,29.0,mm,DD,29
2026-01-19 04:20:17,2026-01-19 04:20:17,29.0,mm,DD,29
2026-01-19 04:20:11,2026-01-19 04:20:12,29.0,mm,DD,29
2026-01-19 04:20:11,2026-01-19 04:20:12,29.0,mm,DD,29
2026-01-19 04:20:11,2026-01-19 04:20:12,29.0,mm,DD,29
2026-01-19 04:20:11,2026-01-19 04:20:12,29.0,mm,ND,29
2026-01-19 03:49:47,2026-01-19 03:49:23,125.0,mm,A,125
2026-01-19 03:49:30,2026-01-19 03:49:30,125.0,mm,AS,125
2026-01-19 03:49:23,2026-01-19 03:49:23,125.0,mm,DD,125
2026-01-19 03:49:23,2026-01-19 03:49:23,125.0,mm,DD,125
2026-01-19 03:49:23,2026-01-19 03:49:23,125.0,mm,DD,125
2026-01-19 03:49:23,2026-01-19 03:49:23,125.0,mm,DD,125
2026-01-19 03:49:23,2026-01-19 03:49:23,125.0,mm,A,125
2026-01-19 00:49:31,2026-01-19 00:49:23,125.0,mm,A,125
2026-01-19 00:49:29,2026-01-19 00:49:29,125.0,mm,DD,125
2026-01-19 00:49:22,2026-01-19 00:49:23,125.0,mm,DD,125
2026-01-19 00:49:22,2026-01-19 00:49:23,125.0,mm,DD,125
2026-01-19 00:49:22,2026-01-19 00:49:23,125.0,mm,DD,125
2026-01-19 00:49:22,2026-01-19 00:49:23,125.0,mm,DD,125
2026-01-19 00:49:22,2026-01-19 00:49:23,125.0,mm,A,125
2026-01-19 00:06:02,2026-01-19 00:06:02,10.0,mm,DD,10
2026-01-19 00:05:57,2026-01-19 00:05:56,10.0,mm,DD,10
2026-01-19 00:05:56,2026-01-19 00:05:56,10.0,mm,DD,10
2026-01-19 00:05:55,2026-01-19 00:05:56,10.0,mm,DD,10
2026-01-19 00:05:55,2026-01-19 00:05:56,10.0,mm,DD,10
2026-01-19 00:05:55,2026-01-19 00:05:56,10.0,mm,DD,10
2026-01-19 00:05:55,2026-01-19 00:05:56,10.0,mm,ND,10
2026-01-18 21:49:45,2026-01-18 21:49:22,125.0,mm,A,125
2026-01-18 21:49:28,2026-01-18 21:49:28,125.0,mm,AS,125
2026-01-18 21:49:22,2026-01-18 21:49:22,125.0,mm,DD,125
2026-01-18 21:49:22,2026-01-18 21:49:22,125.0,mm,DD,125
2026-01-18 21:49:22,2026-01-18 21:49:22,125.0,mm,DD,125
2026-01-18 21:49:22,2026-01-18 21:49:22,125.0,mm,DD,125
2026-01-18 21:49:22,2026-01-18 21:49:22,125.0,mm,A,125
2026-01-18 20:56:48,2026-01-18 20:56:48,644.0,mm,DD,644
2026-01-18 20:56:42,2026-01-18 20:56:42,644.0,mm,DD,644
2026-01-18 20:56:42,2026-01-18 20:56:42,644.0,mm,PD,644
2026-01-18 18:49:45,2026-01-18 18:49:21,125.0,mm,A,125
2026-01-18 18:49:28,2026-01-18 18:49:28,125.0,mm,AS,125
2026-01-18 18:49:21,2026-01-18 18:49:21,125.0,mm,DD,125
2026-01-18 18:49:21,2026-01-18 18:49:21,125.0,mm,DD,125
2026-01-18 18:49:21,2026-01-18 18:49:21,125.0,mm,DD,125
2026-01-18 18:49:21,2026-01-18 18:49:21,125.0,mm,DD,125
2026-01-18 18:49:21,2026-01-18 18:49:21,125.0,mm,AN,125
2026-01-18 15:49:20,2026-01-19 10:39:42,124.0,mm,DD,124
2026-01-18 15:49:20,2026-01-19 10:39:42,124.0,mm,DD,124
2026-01-18 15:49:20,2026-01-19 10:39:42,124.0,mm,DD,124
2026-01-18 15:49:20,2026-01-19 10:39:42,124.0,mm,A,124
2026-01-18 14:31:01,2026-01-18 14:31:01,292.0,mm,PD,292
2026-01-18 14:10:20,2026-01-19 10:39:33,218.0,mm,PD,218
2026-01-18 14:10:03,2026-01-19 10:39:27,218.0,mm,DD,218
2026-01-18 14:09:57,2026-01-18 14:09:57,218.0,mm,DD,218
2026-01-18 14:09:57,2026-01-18 14:09:57,218.0,mm,DD,218
2026-01-18 14:09:57,2026-01-18 14:09:57,218.0,mm,DD,218
2026-01-18 14:09:57,2026-01-18 14:09:57,218.0,mm,PD,218
2026-01-18 14:07:15,2026-01-19 10:38:29,214.0,mm,PD,214
2026-01-18 14:06:58,2026-01-19 10:38:18,214.0,mm,DD,214
2026-01-18 14:06:52,2026-01-18 14:06:52,214.0,mm,DD,214
2026-01-18 14:06:52,2026-01-18 14:06:52,214.0,mm,DD,214
2026-01-18 14:06:52,2026-01-18 14:06:52,214.0,mm,DD,214
2026-01-18 14:06:52,2026-01-18 14:06:52,214.0,mm,PD,214
2026-01-18 12:49:43,2026-01-18 12:49:20,124.0,mm,A,124
2026-01-18 12:49:19,2026-01-18 12:49:20,124.0,mm,DD,124
2026-01-18 12:49:19,2026-01-18 12:49:20,124.0,mm,A,124
2026-01-18 12:41:04,2026-01-18 12:40:48,124.0,mm,A,124
2026-01-18 12:40:48,2026-01-18 12:40:48,124.0,mm,DD,124
2026-01-18 12:40:48,2026-01-18 12:40:48,124.0,mm,DD,124
2026-01-18 12:40:48,2026-01-18 12:40:48,124.0,mm,DD,124
2026-01-18 12:40:48,2026-01-18 12:40:48,124.0,mm,DD,124
2026-01-18 12:40:48,2026-01-18 12:40:48,124.0,mm,A,124
2026-01-18 12:36:12,2026-01-18 12:36:09,123.0,mm,A,123
2026-01-18 12:36:10,2026-01-18 12:36:10,123.0,mm,DD,123
2026-01-18 12:36:10,2026-01-18 12:36:10,123.0,mm,DD,123
2026-01-18 12:36:10,2026-01-18 12:36:10,123.0,mm,DD,123
2026-01-18 12:36:10,2026-01-18 12:36:10,123.0,mm,DD,123
2026-01-18 12:33:56,2026-01-18 12:33:54,122.0,mm,DD,122
2026-01-18 12:33:54,2026-01-18 12:33:54,122.0,mm,DD,122
2026-01-18 12:33:54,2026-01-18 12:33:54,122.0,mm,DD,122
2026-01-18 12:33:54,2026-01-18 12:33:54,122.0,mm,DD,122
2026-01-18 12:33:54,2026-01-18 12:33:54,122.0,mm,A,122
2026-01-18 12:32:41,2026-01-18 12:32:39,121.0,mm,A,121
2026-01-18 12:32:40,2026-01-18 12:32:40,121.0,mm,DD,121
2026-01-18 12:32:40,2026-01-18 12:32:40,121.0,mm,DD,121
2026-01-18 12:32:39,2026-01-18 12:32:40,121.0,mm,DD,121
2026-01-18 12:32:39,2026-01-18 12:32:40,121.0,mm,DD,121
2026-01-18 12:32:10,2026-01-18 12:32:10,120.0,mm,DD,120
2026-01-18 12:32:06,2026-01-18 12:32:04,120.0,mm,A,120
2026-01-18 12:32:04,2026-01-18 12:32:04,120.0,mm,DD,120
2026-01-18 12:32:04,2026-01-18 12:32:04,120.0,mm,DD,120
2026-01-18 12:32:04,2026-01-18 12:32:04,120.0,mm,DD,120
2026-01-18 12:32:04,2026-01-18 12:32:04,120.0,mm,DD,120
2026-01-18 12:32:04,2026-01-18 12:32:04,120.0,mm,DD,120
2026-01-18 12:32:04,2026-01-18 12:32:04,120.0,mm,AS,120
2026-01-18 12:31:34,2026-01-18 12:31:32,119.0,mm,A,119
2026-01-18 12:31:32,2026-01-18 12:31:33,119.0,mm,DD,119
2026-01-18 12:31:32,2026-01-18 12:31:33,119.0,mm,DD,119
2026-01-18 12:31:07,2026-01-18 12:31:07,118.0,mm,DD,118
2026-01-18 12:31:03,2026-01-18 12:31:01,118.0,mm,A,118
2026-01-18 12:31:01,2026-01-18 12:31:01,118.0,mm,DD,118
2026-01-18 12:31:01,2026-01-18 12:31:01,118.0,mm,DD,118
2026-01-18 12:31:01,2026-01-18 12:31:01,118.0,mm,DD,118
2026-01-18 12:31:01,2026-01-18 12:31:01,118.0,mm,DD,118
2026-01-18 12:30:38,2026-01-18 12:30:38,117.0,mm,DD,117
2026-01-18 12:30:35,2026-01-18 12:30:33,117.0,mm,DD,117
2026-01-18 12:30:32,2026-01-18 12:30:33,117.0,mm,DD,117
2026-01-18 12:30:32,2026-01-18 12:30:33,117.0,mm,DD,117
2026-01-18 12:30:32,2026-01-18 12:30:33,117.0,mm,DD,117
2026-01-18 12:30:32,2026-01-18 12:30:33,117.0,mm,A,117
2026-01-18 12:30:16,2026-01-18 12:30:16,116.0,mm,DD,116
2026-01-18 12:30:12,2026-01-18 12:30:10,116.0,mm,A,116
2026-01-18 12:30:10,2026-01-18 12:30:10,116.0,mm,DD,116
2026-01-18 12:30:10,2026-01-18 12:30:10,116.0,mm,DD,116
2026-01-18 12:30:10,2026-01-18 12:30:10,116.0,mm,DD,116
2026-01-18 12:30:10,2026-01-18 12:30:10,116.0,mm,DD,116
2026-01-18 12:29:46,2026-01-18 12:29:45,115.0,mm,DD,115
2026-01-18 12:29:44,2026-01-18 12:29:45,115.0,mm,DD,115
2026-01-18 12:29:44,2026-01-18 12:29:45,115.0,mm,DD,115
2026-01-18 12:29:44,2026-01-18 12:29:45,115.0,mm,DD,115
2026-01-18 12:29:44,2026-01-18 12:29:45,115.0,mm,A,115
2026-01-18 12:29:28,2026-01-18 12:29:28,114.0,mm,DD,114
2026-01-18 12:29:25,2026-01-18 12:29:23,114.0,mm,DD,114
2026-01-18 12:29:22,2026-01-18 12:29:23,114.0,mm,DD,114
2026-01-18 12:29:22,2026-01-18 12:29:23,114.0,mm,DD,114
2026-01-18 12:29:22,2026-01-18 12:29:23,114.0,mm,DD,114
2026-01-18 12:29:22,2026-01-18 12:29:23,114.0,mm,A,114
2026-01-18 12:29:12,2026-01-18 12:29:12,113.0,mm,A,113
2026-01-18 12:29:03,2026-01-18 12:29:01,113.0,mm,DD,113
2026-01-18 12:29:01,2026-01-18 12:29:02,113.0,mm,DD,113
2026-01-18 12:29:01,2026-01-18 12:29:02,113.0,mm,DD,113
2026-01-18 12:29:01,2026-01-18 12:29:02,113.0,mm,DD,113
2026-01-18 12:29:01,2026-01-18 12:29:02,113.0,mm,DD,113
2026-01-18 12:29:01,2026-01-18 12:29:02,113.0,mm,A,113
2026-01-18 12:28:47,2026-01-18 12:28:47,112.0,mm,DD,112
2026-01-18 12:28:44,2026-01-18 12:28:42,112.0,mm,DD,112
2026-01-18 12:28:41,2026-01-18 12:28:42,112.0,mm,DD,112
2026-01-18 12:28:41,2026-01-18 12:28:42,112.0,mm,DD,112
2026-01-18 12:28:41,2026-01-18 12:28:42,112.0,mm,DD,112
2026-01-18 12:28:41,2026-01-18 12:28:42,112.0,mm,A,112
2026-01-18 12:28:27,2026-01-18 12:28:27,111.0,mm,DD,111
2026-01-18 12:28:23,2026-01-18 12:28:21,111.0,mm,DD,111
2026-01-18 12:28:21,2026-01-18 12:28:22,111.0,mm,DD,111
2026-01-18 12:28:21,2026-01-18 12:28:22,111.0,mm,DD,111
2026-01-18 12:28:21,2026-01-18 12:28:22,111.0,mm,DD,111
2026-01-18 12:28:21,2026-01-18 12:28:22,111.0,mm,A,111
2026-01-18 12:28:12,2026-01-18 12:28:12,110.0,mm,DD,110
2026-01-18 12:28:08,2026-01-18 12:28:06,110.0,mm,DD,110
2026-01-18 12:28:08,2026-01-18 12:28:06,110.0,mm,A,110
2026-01-18 12:28:06,2026-01-18 12:28:07,110.0,mm,DD,110
2026-01-18 12:28:06,2026-01-18 12:28:07,110.0,mm,DD,110
2026-01-18 12:28:06,2026-01-18 12:28:07,110.0,mm,DD,110
2026-01-18 12:28:06,2026-01-18 12:28:07,110.0,mm,DD,110
2026-01-18 12:28:06,2026-01-18 12:28:07,110.0,mm,DD,110
2026-01-18 12:28:06,2026-01-18 12:28:07,110.0,mm,DD,110
2026-01-18 12:28:06,2026-01-18 12:28:07,110.0,mm,DD,110
2026-01-18 12:27:54,2026-01-18 12:27:52,109.0,mm,A,109
2026-01-18 12:27:52,2026-01-18 12:27:53,109.0,mm,DD,109
2026-01-18 12:27:52,2026-01-18 12:27:53,109.0,mm,DD,109
2026-01-18 12:27:52,2026-01-18 12:27:53,109.0,mm,DD,109
2026-01-18 12:27:52,2026-01-18 12:27:53,109.0,mm,DD,109
2026-01-18 12:27:45,2026-01-18 12:27:45,108.0,mm,DD,108
2026-01-18 12:27:40,2026-01-18 12:27:38,108.0,mm,A,108
2026-01-18 12:27:39,2026-01-18 12:27:39,108.0,mm,DD,108
2026-01-18 12:27:39,2026-01-18 12:27:39,108.0,mm,DD,108
2026-01-18 12:27:38,2026-01-18 12:27:38,108.0,mm,DD,108
2026-01-18 12:27:38,2026-01-18 12:27:38,108.0,mm,DD,108
2026-01-18 12:27:30,2026-01-18 12:27:30,107.0,mm,DD,107
2026-01-18 12:27:25,2026-01-18 12:27:23,107.0,mm,A,107
2026-01-18 12:27:23,2026-01-18 12:27:24,107.0,mm,DD,107
2026-01-18 12:27:23,2026-01-18 12:27:24,107.0,mm,DD,107
2026-01-18 12:27:23,2026-01-18 12:27:24,107.0,mm,DD,107
2026-01-18 12:27:23,2026-01-18 12:27:24,107.0,mm,DD,107
2026-01-18 12:27:23,2026-01-18 12:27:24,107.0,mm,DD,107
2026-01-18 12:27:10,2026-01-18 12:27:10,106.0,mm,DD,106
2026-01-18 12:27:06,2026-01-18 12:27:05,106.0,mm,DD,106
2026-01-18 12:27:06,2026-01-18 12:27:05,106.0,mm,DD,106
2026-01-18 12:27:04,2026-01-18 12:27:05,106.0,mm,DD,106
2026-01-18 12:27:04,2026-01-18 12:27:05,106.0,mm,DD,106
2026-01-18 12:27:04,2026-01-18 12:27:05,106.0,mm,A,106
2026-01-18 12:26:57,2026-01-18 12:26:57,105.0,mm,DD,105
2026-01-18 12:26:52,2026-01-18 12:26:50,105.0,mm,DD,105
2026-01-18 12:26:51,2026-01-18 12:26:51,105.0,mm,DD,105
2026-01-18 12:26:51,2026-01-18 12:26:51,105.0,mm,DD,105
2026-01-18 12:26:50,2026-01-18 12:26:50,105.0,mm,DD,105
2026-01-18 12:26:50,2026-01-18 12:26:50,105.0,mm,A,105
2026-01-18 12:26:39,2026-01-18 12:26:37,104.0,mm,A,104
2026-01-18 12:26:38,2026-01-18 12:26:38,104.0,mm,DD,104
2026-01-18 12:26:38,2026-01-18 12:26:38,104.0,mm,DD,104
2026-01-18 12:26:37,2026-01-18 12:26:37,104.0,mm,DD,104
2026-01-18 12:26:37,2026-01-18 12:26:37,104.0,mm,DD,104
2026-01-18 12:26:29,2026-01-18 12:26:29,103.0,mm,DD,103
2026-01-18 12:26:28,2026-01-18 12:26:28,103.0,mm,DD,103
2026-01-18 12:26:24,2026-01-18 12:26:23,103.0,mm,A,103
2026-01-18 12:26:23,2026-01-18 12:26:23,103.0,mm,DD,103
2026-01-18 12:26:23,2026-01-18 12:26:23,103.0,mm,DD,103
2026-01-18 12:26:23,2026-01-18 12:26:23,103.0,mm,DD,103
2026-01-18 12:26:23,2026-01-18 12:26:23,103.0,mm,DD,103
2026-01-18 12:26:14,2026-01-18 12:26:14,102.0,mm,DD,102
2026-01-18 12:26:08,2026-01-18 12:26:06,102.0,mm,A,102
2026-01-18 12:26:07,2026-01-18 12:26:08,102.0,mm,DD,102
2026-01-18 12:26:07,2026-01-18 12:26:08,102.0,mm,DD,102
2026-01-18 12:26:07,2026-01-18 12:26:08,102.0,mm,DD,102
2026-01-18 12:26:07,2026-01-18 12:26:08,102.0,mm,DD,102
2026-01-18 12:26:07,2026-01-18 12:26:08,102.0,mm,DD,102
2026-01-18 12:26:07,2026-01-18 12:26:08,102.0,mm,DD,102
2026-01-18 12:26:00,2026-01-18 12:26:00,101.0,mm,DD,101
2026-01-18 12:25:53,2026-01-18 12:25:54,101.0,mm,DD,101
2026-01-18 12:25:53,2026-01-18 12:25:54,101.0,mm,DD,101
2026-01-18 12:25:51,2026-01-18 12:25:49,101.0,mm,DD,101
2026-01-18 12:25:49,2026-01-18 12:25:49,101.0,mm,DD,101
2026-01-18 12:25:49,2026-01-18 12:25:49,101.0,mm,A,101
2026-01-18 12:25:38,2026-01-18 12:25:36,100.0,mm,A,100
2026-01-18 12:25:36,2026-01-18 12:25:37,100.0,mm,DD,100
2026-01-18 12:25:36,2026-01-18 12:25:37,100.0,mm,DD,100
2026-01-18 12:25:36,2026-01-18 12:25:37,100.0,mm,DD,100
2026-01-18 12:25:36,2026-01-18 12:25:37,100.0,mm,DD,100
2026-01-18 12:25:29,2026-01-18 12:25:29,99.0,mm,DD,99
2026-01-18 12:25:28,2026-01-18 12:25:28,99.0,mm,DD,99
2026-01-18 12:25:28,2026-01-18 12:25:28,99.0,mm,DD,99
2026-01-18 12:25:25,2026-01-18 12:25:23,99.0,mm,DD,99
2026-01-18 12:25:23,2026-01-18 12:25:23,99.0,mm,DD,99
2026-01-18 12:25:23,2026-01-18 12:25:23,99.0,mm,A,99
2026-01-18 12:25:15,2026-01-18 12:25:15,98.0,mm,DD,98
2026-01-18 12:25:14,2026-01-18 12:25:14,98.0,mm,DD,98
2026-01-18 12:25:14,2026-01-18 12:25:14,98.0,mm,DD,98
2026-01-18 12:25:10,2026-01-18 12:25:09,98.0,mm,DD,98
2026-01-18 12:25:10,2026-01-18 12:25:09,98.0,mm,A,98
2026-01-18 12:25:09,2026-01-18 12:25:09,98.0,mm,DD,98
2026-01-18 12:25:09,2026-01-18 12:25:09,98.0,mm,DD,98
2026-01-18 12:24:40,2026-01-18 12:24:40,97.0,mm,DD,97
2026-01-18 12:24:36,2026-01-18 12:24:34,97.0,mm,DD,97
2026-01-18 12:24:34,2026-01-18 12:24:34,97.0,mm,DD,97
2026-01-18 12:24:34,2026-01-18 12:24:34,97.0,mm,DD,97
2026-01-18 12:24:34,2026-01-18 12:24:34,97.0,mm,DD,97
2026-01-18 12:24:34,2026-01-18 12:24:34,97.0,mm,A,97
2026-01-18 12:24:10,2026-01-18 12:24:10,96.0,mm,DD,96
2026-01-18 12:24:05,2026-01-18 12:24:03,96.0,mm,DD,96
2026-01-18 12:24:05,2026-01-18 12:24:03,96.0,mm,A,96
2026-01-18 12:24:04,2026-01-18 12:24:04,96.0,mm,DD,96
2026-01-18 12:24:04,2026-01-18 12:24:04,96.0,mm,DD,96
2026-01-18 12:24:04,2026-01-18 12:24:04,96.0,mm,DD,96
2026-01-18 12:24:03,2026-01-18 12:24:04,96.0,mm,DD,96
2026-01-18 12:24:03,2026-01-18 12:24:04,96.0,mm,DD,96
2026-01-18 12:24:03,2026-01-18 12:24:04,96.0,mm,DD,96
2026-01-18 12:23:34,2026-01-18 12:23:34,95.0,mm,DD,95
2026-01-18 12:23:30,2026-01-18 12:23:28,95.0,mm,DD,95
2026-01-18 12:23:28,2026-01-18 12:23:28,95.0,mm,DD,95
2026-01-18 12:23:28,2026-01-18 12:23:28,95.0,mm,DD,95
2026-01-18 12:23:28,2026-01-18 12:23:28,95.0,mm,DD,95
2026-01-18 12:23:28,2026-01-18 12:23:28,95.0,mm,A,95
2026-01-18 12:21:59,2026-01-18 12:21:59,94.0,mm,DD,94
2026-01-18 12:21:54,2026-01-18 12:21:52,94.0,mm,A,94
2026-01-18 12:21:53,2026-01-18 12:21:53,94.0,mm,DD,94
2026-01-18 12:21:53,2026-01-18 12:21:53,94.0,mm,DD,94
2026-01-18 12:21:53,2026-01-18 12:21:53,94.0,mm,DD,94
2026-01-18 12:21:53,2026-01-18 12:21:53,94.0,mm,DD,94
2026-01-18 09:49:41,2026-01-18 09:49:19,93.0,mm,AN,93
2026-01-18 09:49:19,2026-01-18 09:49:19,93.0,mm,DD,93
2026-01-18 09:49:19,2026-01-18 09:49:19,93.0,mm,DD,93
2026-01-18 09:49:18,2026-01-19 10:43:31,93.0,mm,DD,93
2026-01-18 09:49:18,2026-01-19 10:43:31,93.0,mm,A,93
2026-01-18 09:14:45,2026-01-19 10:43:28,194.0,mm,PD,194
2026-01-18 09:14:23,2026-01-18 09:14:23,194.0,mm,DD,194
2026-01-18 09:14:23,2026-01-18 09:14:23,194.0,mm,PD,194
2026-01-18 07:25:11,2026-01-18 07:24:48,93.0,mm,A,93
2026-01-18 07:24:54,2026-01-18 07:24:54,93.0,mm,AS,93
2026-01-18 07:24:48,2026-01-18 07:24:48,93.0,mm,DD,93
2026-01-18 07:24:48,2026-01-18 07:24:48,93.0,mm,DD,93
2026-01-18 07:24:48,2026-01-18 07:24:48,93.0,mm,DD,93
2026-01-18 07:24:48,2026-01-18 07:24:48,93.0,mm,DD,93
2026-01-18 07:24:48,2026-01-18 07:24:48,93.0,mm,A,93
2026-01-18 07:23:55,2026-01-18 07:23:32,92.0,mm,A,92
2026-01-18 07:23:38,2026-01-18 07:23:38,92.0,mm,AS,92
2026-01-18 07:23:32,2026-01-18 07:23:32,92.0,mm,DD,92
2026-01-18 07:23:32,2026-01-18 07:23:32,92.0,mm,DD,92
2026-01-18 07:23:32,2026-01-18 07:23:32,92.0,mm,DD,92
2026-01-18 07:23:32,2026-01-18 07:23:32,92.0,mm,DD,92
2026-01-18 07:23:32,2026-01-18 07:23:32,92.0,mm,A,92
2026-01-18 07:22:12,2026-01-18 07:21:49,91.0,mm,A,91
2026-01-18 07:22:01,2026-01-18 07:22:01,91.0,mm,AS,91
2026-01-18 07:21:49,2026-01-18 07:21:50,91.0,mm,DD,91
2026-01-18 07:21:49,2026-01-18 07:21:50,91.0,mm,DD,91
2026-01-18 07:21:49,2026-01-18 07:21:50,91.0,mm,DD,91
2026-01-18 07:21:49,2026-01-18 07:21:50,91.0,mm,DD,91
2026-01-18 07:21:49,2026-01-18 07:21:50,91.0,mm,A,91
2026-01-18 07:20:27,2026-01-18 07:20:05,90.0,mm,A,90
2026-01-18 07:20:17,2026-01-18 07:20:17,90.0,mm,AS,90
2026-01-18 07:20:10,2026-01-18 07:20:11,90.0,mm,DD,90
2026-01-18 07:20:10,2026-01-18 07:20:11,90.0,mm,AS,90
2026-01-18 07:20:05,2026-01-18 07:20:05,90.0,mm,DD,90
2026-01-18 07:20:05,2026-01-18 07:20:05,90.0,mm,AS,90
2026-01-18 07:18:16,2026-01-18 07:17:53,89.0,mm,A,89
2026-01-18 07:18:00,2026-01-18 07:18:00,89.0,mm,AS,89
2026-01-18 07:17:54,2026-01-18 07:17:54,89.0,mm,DD,89
2026-01-18 07:17:54,2026-01-18 07:17:54,89.0,mm,DD,89
2026-01-18 07:17:54,2026-01-18 07:17:54,89.0,mm,DD,89
2026-01-18 07:17:54,2026-01-18 07:17:54,89.0,mm,AS,89
2026-01-18 07:15:46,2026-01-18 07:15:24,88.0,mm,A,88
2026-01-18 07:15:29,2026-01-18 07:15:29,88.0,mm,AS,88
2026-01-18 07:15:23,2026-01-18 07:15:24,88.0,mm,DD,88
2026-01-18 07:15:23,2026-01-18 07:15:24,88.0,mm,DD,88
2026-01-18 07:15:23,2026-01-18 07:15:24,88.0,mm,DD,88
2026-01-18 07:15:23,2026-01-18 07:15:24,88.0,mm,DD,88
2026-01-18 07:15:23,2026-01-18 07:15:24,88.0,mm,A,88
2026-01-18 07:14:24,2026-01-18 07:14:02,87.0,mm,DD,87
2026-01-18 07:14:24,2026-01-18 07:14:02,87.0,mm,A,87
2026-01-18 07:14:13,2026-01-18 07:14:13,87.0,mm,AS,87
2026-01-18 07:14:02,2026-01-18 07:14:02,87.0,mm,DD,87
2026-01-18 07:14:02,2026-01-18 07:14:02,87.0,mm,DD,87
2026-01-18 07:14:02,2026-01-18 07:14:02,87.0,mm,DD,87
2026-01-18 07:14:02,2026-01-18 07:14:02,87.0,mm,A,87
2026-01-18 07:13:13,2026-01-18 07:12:51,86.0,mm,A,86
2026-01-18 07:12:56,2026-01-18 07:12:56,86.0,mm,AS,86
2026-01-18 07:12:50,2026-01-18 07:12:51,86.0,mm,DD,86
2026-01-18 07:12:50,2026-01-18 07:12:51,86.0,mm,DD,86
2026-01-18 07:12:50,2026-01-18 07:12:51,86.0,mm,DD,86
2026-01-18 07:12:50,2026-01-18 07:12:51,86.0,mm,DD,86
2026-01-18 07:12:50,2026-01-18 07:12:51,86.0,mm,A,86
2026-01-18 07:12:13,2026-01-18 07:11:51,85.0,mm,A,85
2026-01-18 07:11:51,2026-01-18 07:11:51,85.0,mm,DD,85
2026-01-18 07:11:51,2026-01-18 07:11:51,85.0,mm,DD,85
2026-01-18 07:11:51,2026-01-18 07:11:51,85.0,mm,DD,85
2026-01-18 07:11:51,2026-01-18 07:11:51,85.0,mm,DD,85
2026-01-18 07:11:51,2026-01-18 07:11:51,85.0,mm,A,85
2026-01-18 07:11:27,2026-01-18 07:11:05,84.0,mm,DD,84
2026-01-18 07:11:27,2026-01-18 07:11:05,84.0,mm,A,84
2026-01-18 07:11:11,2026-01-18 07:11:11,84.0,mm,AS,84
2026-01-18 07:11:05,2026-01-18 07:11:05,84.0,mm,DD,84
2026-01-18 07:11:05,2026-01-18 07:11:05,84.0,mm,DD,84
2026-01-18 07:11:05,2026-01-18 07:11:05,84.0,mm,AS,84
2026-01-18 07:11:04,2026-01-18 07:11:05,84.0,mm,DD,84
2026-01-18 07:11:04,2026-01-18 07:11:05,84.0,mm,DD,84
2026-01-18 07:11:04,2026-01-18 07:11:05,84.0,mm,A,84
2026-01-18 07:10:27,2026-01-18 07:10:05,83.0,mm,DD,83
2026-01-18 07:10:27,2026-01-18 07:10:05,83.0,mm,A,83
2026-01-18 07:10:10,2026-01-18 07:10:10,83.0,mm,AS,83
2026-01-18 07:10:04,2026-01-18 07:10:05,83.0,mm,DD,83
2026-01-18 07:10:04,2026-01-18 07:10:05,83.0,mm,DD,83
2026-01-18 07:10:04,2026-01-18 07:10:05,83.0,mm,A,83
2026-01-18 07:08:39,2026-01-18 07:08:17,82.0,mm,A,82
2026-01-18 07:08:23,2026-01-18 07:08:23,82.0,mm,AS,82
2026-01-18 07:08:17,2026-01-18 07:08:17,82.0,mm,DD,82
2026-01-18 07:08:17,2026-01-18 07:08:17,82.0,mm,DD,82
2026-01-18 07:08:17,2026-01-18 07:08:17,82.0,mm,DD,82
2026-01-18 07:08:17,2026-01-18 07:08:17,82.0,mm,DD,82
2026-01-18 07:08:17,2026-01-18 07:08:17,82.0,mm,A,82
2026-01-18 07:04:14,2026-01-18 07:03:52,81.0,mm,A,81
2026-01-18 07:03:58,2026-01-18 07:03:58,81.0,mm,AS,81
2026-01-18 07:03:52,2026-01-18 07:03:53,81.0,mm,DD,81
2026-01-18 07:03:52,2026-01-18 07:03:53,81.0,mm,DD,81
2026-01-18 07:03:52,2026-01-18 07:03:53,81.0,mm,DD,81
2026-01-18 07:03:52,2026-01-18 07:03:53,81.0,mm,DD,81
2026-01-18 07:03:52,2026-01-18 07:03:53,81.0,mm,A,81
2026-01-18 07:02:38,2026-01-18 07:02:16,80.0,mm,A,80
2026-01-18 07:02:27,2026-01-18 07:02:27,80.0,mm,ND,80
2026-01-18 07:02:22,2026-01-18 07:02:22,81.0,mm,A,81
2026-01-18 07:02:21,2026-01-18 07:02:21,80.0,mm,DD,80
2026-01-18 07:02:21,2026-01-18 07:02:21,80.0,mm,ND,80
2026-01-18 07:02:16,2026-01-18 07:02:16,81.0,mm,DD,81
2026-01-18 07:02:16,2026-01-18 07:02:16,81.0,mm,AS,81
2026-01-18 06:49:41,2026-01-18 06:49:18,79.0,mm,A,79
2026-01-18 06:49:24,2026-01-18 06:49:24,79.0,mm,AS,79
2026-01-18 06:49:18,2026-01-18 06:49:18,79.0,mm,DD,79
2026-01-18 06:49:18,2026-01-18 06:49:18,79.0,mm,DD,79
2026-01-18 06:49:18,2026-01-18 06:49:18,79.0,mm,DD,79
2026-01-18 06:49:18,2026-01-18 06:49:18,79.0,mm,DD,79
2026-01-18 06:49:18,2026-01-18 06:49:18,79.0,mm,A,79
2026-01-18 03:49:23,2026-01-18 03:49:23,79.0,mm,DD,79
2026-01-18 03:49:17,2026-01-18 03:49:17,79.0,mm,DD,79
2026-01-18 03:49:17,2026-01-18 03:49:17,79.0,mm,DD,79
2026-01-18 03:49:17,2026-01-18 03:49:17,79.0,mm,DD,79
2026-01-18 03:49:17,2026-01-18 03:49:17,79.0,mm,A,79
2026-01-18 00:49:38,2026-01-18 00:49:16,79.0,mm,A,79
2026-01-18 00:49:16,2026-01-18 00:49:17,79.0,mm,DD,79
2026-01-18 00:49:16,2026-01-18 00:49:17,79.0,mm,DD,79
2026-01-18 00:49:16,2026-01-18 00:49:17,79.0,mm,DD,79
2026-01-18 00:49:16,2026-01-18 00:49:17,79.0,mm,DD,79
2026-01-18 00:49:16,2026-01-18 00:49:17,79.0,mm,A,79
2026-01-17 21:49:37,2026-01-17 21:49:16,79.0,mm,A,79
2026-01-17 21:49:22,2026-01-17 21:49:22,79.0,mm,AS,79
2026-01-17 21:49:15,2026-01-17 21:49:16,79.0,mm,DD,79
2026-01-17 21:49:15,2026-01-17 21:49:16,79.0,mm,DD,79
2026-01-17 21:49:15,2026-01-17 21:49:16,79.0,mm,A,79
2026-01-17 19:38:00,2026-01-17 19:38:00,130.0,mm,DD,130
2026-01-17 19:37:54,2026-01-17 19:37:54,130.0,mm,DD,130
2026-01-17 19:37:54,2026-01-17 19:37:54,130.0,mm,DD,130
2026-01-17 19:37:53,2026-01-17 19:37:53,130.0,mm,DD,130
2026-01-17 19:37:53,2026-01-17 19:37:53,130.0,mm,DD,130
2026-01-17 19:37:53,2026-01-17 19:37:53,130.0,mm,DD,130
2026-01-17 19:37:53,2026-01-17 19:37:53,130.0,mm,PD,130
2026-01-17 18:49:36,2026-01-17 18:49:15,79.0,mm,A,79
2026-01-17 18:49:15,2026-01-17 18:49:15,79.0,mm,DD,79
2026-01-17 18:49:15,2026-01-17 18:49:15,79.0,mm,DD,79
2026-01-17 18:49:15,2026-01-17 18:49:15,79.0,mm,DD,79
2026-01-17 18:49:15,2026-01-17 18:49:15,79.0,mm,DD,79
2026-01-17 18:49:15,2026-01-17 18:49:15,79.0,mm,A,79
2026-01-17 15:49:19,2026-01-17 15:49:20,79.0,mm,DD,79
2026-01-17 15:49:19,2026-01-17 15:49:20,79.0,mm,DD,79
2026-01-17 15:49:15,2026-01-17 15:49:15,79.0,mm,DD,79
2026-01-17 15:49:15,2026-01-17 15:49:15,79.0,mm,DD,79
2026-01-17 15:49:14,2026-01-17 15:49:14,79.0,mm,A,79
2026-01-17 15:43:14,2026-01-17 15:43:14,189.0,mm,PD,189
2026-01-17 12:49:34,2026-01-17 12:49:13,79.0,mm,A,79
2026-01-17 12:49:19,2026-01-17 12:49:19,79.0,mm,AS,79
2026-01-17 12:49:13,2026-01-17 12:49:13,79.0,mm,DD,79
2026-01-17 12:49:13,2026-01-17 12:49:13,79.0,mm,DD,79
2026-01-17 12:49:13,2026-01-17 12:49:13,79.0,mm,DD,79
2026-01-17 12:49:13,2026-01-17 12:49:13,79.0,mm,DD,79
2026-01-17 12:49:13,2026-01-17 12:49:13,79.0,mm,A,79
2026-01-17 09:49:33,2026-01-17 09:49:12,79.0,mm,A,79
2026-01-17 09:49:12,2026-01-17 09:49:12,79.0,mm,DD,79
2026-01-17 09:49:12,2026-01-17 09:49:12,79.0,mm,DD,79
2026-01-17 09:49:12,2026-01-17 09:49:12,79.0,mm,DD,79
2026-01-17 09:49:12,2026-01-17 09:49:12,79.0,mm,DD,79
2026-01-17 09:49:12,2026-01-17 09:49:12,79.0,mm,DD,79
2026-01-17 09:49:12,2026-01-17 09:49:12,79.0,mm,DD,79
2026-01-17 06:49:32,2026-01-17 06:49:11,78.0,mm,A,78
2026-01-17 06:49:17,2026-01-17 06:49:17,78.0,mm,AS,78
2026-01-17 06:49:11,2026-01-17 06:49:11,78.0,mm,DD,78
2026-01-17 06:49:11,2026-01-17 06:49:11,78.0,mm,DD,78
2026-01-17 06:49:11,2026-01-17 06:49:11,78.0,mm,DD,78
2026-01-17 06:49:11,2026-01-17 06:49:11,78.0,mm,A,78
2026-01-17 03:49:17,2026-01-17 03:49:17,78.0,mm,DD,78
2026-01-17 03:49:11,2026-01-17 03:49:11,78.0,mm,DD,78
2026-01-17 03:49:11,2026-01-17 03:49:11,78.0,mm,DD,78
2026-01-17 03:49:10,2026-01-17 03:49:11,78.0,mm,DD,78
2026-01-17 03:49:10,2026-01-17 03:49:11,78.0,mm,DD,78
2026-01-17 03:49:10,2026-01-17 03:49:11,78.0,mm,DD,78
2026-01-17 03:49:10,2026-01-17 03:49:11,78.0,mm,DD,78
2026-01-17 03:49:10,2026-01-17 03:49:11,78.0,mm,A,78
2026-01-17 00:49:30,2026-01-17 00:49:10,78.0,mm,A,78
2026-01-17 00:49:16,2026-01-17 00:49:16,78.0,mm,AS,78
2026-01-17 00:49:10,2026-01-17 00:49:10,78.0,mm,DD,78
2026-01-17 00:49:10,2026-01-17 00:49:10,78.0,mm,AS,78
2026-01-16 21:49:29,2026-01-16 21:49:09,78.0,mm,A,78
2026-01-16 21:49:15,2026-01-16 21:49:15,78.0,mm,AS,78
2026-01-16 21:49:09,2026-01-16 21:49:09,78.0,mm,DD,78
2026-01-16 21:49:09,2026-01-16 21:49:09,78.0,mm,DD,78
2026-01-16 21:49:09,2026-01-16 21:49:09,78.0,mm,A,78
2026-01-16 20:43:08,2026-01-16 20:42:47,78.0,mm,A,78
2026-01-16 20:42:47,2026-01-16 20:42:48,78.0,mm,DD,78
2026-01-16 20:42:47,2026-01-16 20:42:48,78.0,mm,DD,78
2026-01-16 20:42:47,2026-01-16 20:42:48,78.0,mm,DD,78
2026-01-16 20:42:47,2026-01-16 20:42:48,78.0,mm,DD,78
2026-01-16 20:42:47,2026-01-16 20:42:48,78.0,mm,A,78
2026-01-16 20:39:04,2026-01-16 20:38:44,77.0,mm,A,77
2026-01-16 20:38:50,2026-01-16 20:38:50,77.0,mm,AS,77
2026-01-16 20:38:44,2026-01-16 20:38:44,77.0,mm,DD,77
2026-01-16 20:38:44,2026-01-16 20:38:44,77.0,mm,DD,77
2026-01-16 20:38:44,2026-01-16 20:38:44,77.0,mm,DD,77
2026-01-16 20:38:44,2026-01-16 20:38:44,77.0,mm,DD,77
2026-01-16 20:38:44,2026-01-16 20:38:44,77.0,mm,A,77
2026-01-16 19:02:28,2026-01-16 19:02:08,76.0,mm,A,76
2026-01-16 19:02:14,2026-01-16 19:02:14,76.0,mm,AS,76
2026-01-16 19:02:08,2026-01-16 19:02:08,76.0,mm,DD,76
2026-01-16 19:02:08,2026-01-16 19:02:08,76.0,mm,DD,76
2026-01-16 19:02:08,2026-01-16 19:02:08,76.0,mm,DD,76
2026-01-16 19:02:08,2026-01-16 19:02:08,76.0,mm,DD,76
2026-01-16 19:02:08,2026-01-16 19:02:08,76.0,mm,A,76
2026-01-16 18:49:28,2026-01-16 18:49:08,75.0,mm,DD,75
2026-01-16 18:49:28,2026-01-16 18:49:08,75.0,mm,A,75
2026-01-16 18:49:14,2026-01-16 18:49:14,75.0,mm,AS,75
2026-01-16 18:49:08,2026-01-16 18:49:08,75.0,mm,DD,75
2026-01-16 18:49:08,2026-01-16 18:49:08,75.0,mm,DD,75
2026-01-16 18:49:08,2026-01-16 18:49:08,75.0,mm,DD,75
2026-01-16 18:49:08,2026-01-16 18:49:08,75.0,mm,DD,75
2026-01-16 18:49:08,2026-01-16 18:49:08,75.0,mm,DD,75
2026-01-16 18:49:08,2026-01-16 18:49:08,75.0,mm,DD,75
2026-01-16 18:49:08,2026-01-16 18:49:08,75.0,mm,A,75
2026-01-16 16:17:25,2026-01-16 16:17:04,75.0,mm,DD,75
2026-01-16 16:17:25,2026-01-16 16:17:04,75.0,mm,A,75
2026-01-16 16:17:04,2026-01-16 16:17:04,75.0,mm,DD,75
2026-01-16 16:17:04,2026-01-16 16:17:04,75.0,mm,DD,75
2026-01-16 16:17:03,2026-01-16 16:17:04,75.0,mm,DD,75
2026-01-16 16:17:03,2026-01-16 16:17:04,75.0,mm,DD,75
2026-01-16 16:17:03,2026-01-16 16:17:04,75.0,mm,DD,75
2026-01-16 16:16:58,2026-01-16 16:16:58,75.0,mm,DD,75
2026-01-16 16:16:58,2026-01-16 16:16:58,75.0,mm,A,75
2026-01-16 16:11:45,2026-01-16 16:11:27,74.0,mm,A,74
2026-01-16 16:11:33,2026-01-16 16:11:33,74.0,mm,AS,74
2026-01-16 16:11:27,2026-01-16 16:11:27,74.0,mm,DD,74
2026-01-16 16:11:27,2026-01-16 16:11:27,74.0,mm,DD,74
2026-01-16 15:49:14,2026-01-16 15:49:14,73.0,mm,DD,73
2026-01-16 15:49:08,2026-01-16 15:49:08,73.0,mm,DD,73
2026-01-16 15:49:08,2026-01-16 15:49:08,73.0,mm,DD,73
2026-01-16 15:49:07,2026-01-16 15:49:08,73.0,mm,DD,73
2026-01-16 15:49:07,2026-01-16 15:49:08,73.0,mm,DD,73
2026-01-16 15:49:07,2026-01-16 15:49:08,73.0,mm,DD,73
2026-01-16 15:49:07,2026-01-16 15:49:08,73.0,mm,DD,73
2026-01-16 15:49:07,2026-01-16 15:49:08,73.0,mm,DD,73
2026-01-16 15:49:07,2026-01-16 15:49:08,73.0,mm,DD,73
2026-01-16 15:49:07,2026-01-16 15:49:08,73.0,mm,A,73
2026-01-16 12:49:26,2026-01-16 12:49:07,73.0,mm,DD,73
2026-01-16 12:49:26,2026-01-16 12:49:07,73.0,mm,A,73
2026-01-16 12:49:13,2026-01-16 12:49:13,73.0,mm,AS,73
2026-01-16 12:49:06,2026-01-16 12:49:07,73.0,mm,DD,73
2026-01-16 12:49:06,2026-01-16 12:49:07,73.0,mm,DD,73
2026-01-16 12:49:06,2026-01-16 12:49:07,73.0,mm,DD,73
2026-01-16 12:49:06,2026-01-16 12:49:07,73.0,mm,DD,73
2026-01-16 12:49:06,2026-01-16 12:49:07,73.0,mm,A,73
2026-01-16 09:49:25,2026-01-16 09:51:55,73.0,mm,DD,73
2026-01-16 09:49:25,2026-01-16 09:51:55,73.0,mm,A,73
2026-01-16 09:49:12,2026-01-16 09:51:55,73.0,mm,A,73
2026-01-16 09:49:05,2026-01-16 09:51:55,73.0,mm,DD,73
2026-01-16 09:49:05,2026-01-16 09:51:55,73.0,mm,DD,73
2026-01-16 09:49:05,2026-01-16 09:51:55,73.0,mm,DD,73
2026-01-16 09:49:05,2026-01-16 09:51:55,73.0,mm,DD,73
2026-01-16 09:49:05,2026-01-16 09:51:55,73.0,mm,DD,73
2026-01-16 09:49:05,2026-01-16 09:51:55,73.0,mm,A,73
2026-01-16 07:37:49,2026-01-16 09:51:55,136.0,mm,DD,136
2026-01-16 07:37:43,2026-01-16 09:51:55,136.0,mm,DD,136
2026-01-16 07:37:43,2026-01-16 09:51:55,136.0,mm,DD,136
2026-01-16 07:37:42,2026-01-16 09:51:55,136.0,mm,DD,136
2026-01-16 07:37:42,2026-01-16 09:51:55,136.0,mm,DD,136
2026-01-16 07:37:42,2026-01-16 09:51:55,136.0,mm,DD,136
2026-01-16 07:37:42,2026-01-16 09:51:55,136.0,mm,PD,136
2026-01-16 06:49:24,2026-01-16 09:51:55,72.0,mm,DD,72
2026-01-16 06:49:24,2026-01-16 09:51:55,72.0,mm,A,72
2026-01-16 06:49:05,2026-01-16 09:51:55,72.0,mm,DD,72
2026-01-16 06:49:05,2026-01-16 09:51:55,72.0,mm,DD,72
2026-01-16 06:49:05,2026-01-16 09:51:55,72.0,mm,DD,72
2026-01-16 06:49:04,2026-01-16 09:51:55,72.0,mm,DD,72
2026-01-16 06:49:04,2026-01-16 09:51:55,72.0,mm,DD,72
2026-01-16 06:49:04,2026-01-16 09:51:55,72.0,mm,A,72
2026-01-16 03:49:23,2026-01-16 09:51:55,72.0,mm,DD,72
2026-01-16 03:49:23,2026-01-16 09:51:55,72.0,mm,A,72
2026-01-16 03:49:10,2026-01-16 09:51:55,72.0,mm,DD,72
2026-01-16 03:49:04,2026-01-16 09:51:55,72.0,mm,DD,72
2026-01-16 03:49:04,2026-01-16 09:51:55,72.0,mm,DD,72
2026-01-16 03:49:04,2026-01-16 09:51:55,72.0,mm,DD,72
2026-01-16 03:49:04,2026-01-16 09:51:55,72.0,mm,DD,72
2026-01-16 03:49:04,2026-01-16 09:51:55,72.0,mm,DD,72
2026-01-16 03:49:04,2026-01-16 09:51:55,72.0,mm,DD,72
2026-01-16 03:49:04,2026-01-16 09:51:55,72.0,mm,A,72
2026-01-16 00:49:09,2026-01-16 09:51:55,72.0,mm,DD,72
2026-01-16 00:49:08,2026-01-16 09:51:55,72.0,mm,DD,72
2026-01-16 00:49:08,2026-01-16 09:51:55,72.0,mm,DD,72
2026-01-16 00:49:03,2026-01-16 09:51:55,72.0,mm,DD,72
2026-01-16 00:49:03,2026-01-16 09:51:55,72.0,mm,DD,72
2026-01-16 00:49:03,2026-01-16 09:51:55,72.0,mm,DD,72
2026-01-16 00:49:03,2026-01-16 09:51:55,72.0,mm,DD,72
2026-01-16 00:49:03,2026-01-16 09:51:55,72.0,mm,A,72
2026-01-16 00:03:52,2026-01-16 09:51:55,1,954.0,mm,PD,1954
2026-01-15 21:49:09,2026-01-16 09:51:55,72.0,mm,DD,72
2026-01-15 21:49:08,2026-01-16 09:51:55,72.0,mm,DD,72
2026-01-15 21:49:08,2026-01-16 09:51:55,72.0,mm,DD,72
2026-01-15 21:49:08,2026-01-16 09:51:55,72.0,mm,DD,72
2026-01-15 21:49:03,2026-01-16 09:51:55,72.0,mm,DD,72
2026-01-15 21:49:03,2026-01-16 09:51:55,72.0,mm,DD,72
2026-01-15 21:49:03,2026-01-16 09:51:55,72.0,mm,DD,72
2026-01-15 21:49:03,2026-01-16 09:51:55,72.0,mm,DD,72
2026-01-15 21:49:03,2026-01-16 09:51:55,72.0,mm,DD,72
2026-01-15 21:49:02,2026-01-16 09:51:55,72.0,mm,DD,72
2026-01-15 21:49:02,2026-01-16 09:51:55,72.0,mm,DD,72
2026-01-15 21:49:02,2026-01-16 09:51:55,72.0,mm,A,72
2026-01-15 20:15:51,2026-01-16 09:51:55,178.0,mm,PD,178
2026-01-15 18:49:20,2026-01-16 09:51:55,72.0,mm,DD,72
2026-01-15 18:49:20,2026-01-16 09:51:55,72.0,mm,A,72
2026-01-15 18:49:02,2026-01-16 09:51:55,72.0,mm,DD,72
2026-01-15 18:49:02,2026-01-16 09:51:55,72.0,mm,DD,72
2026-01-15 18:49:01,2026-01-16 09:51:55,72.0,mm,DD,72
2026-01-15 18:49:01,2026-01-16 09:51:55,72.0,mm,A,72
2026-01-15 15:49:19,2026-01-16 09:51:55,72.0,mm,A,72
2026-01-15 15:49:07,2026-01-16 09:51:55,72.0,mm,DD,72
2026-01-15 15:49:01,2026-01-16 09:51:55,72.0,mm,DD,72
2026-01-15 15:49:01,2026-01-16 09:51:55,72.0,mm,DD,72
2026-01-15 15:49:00,2026-01-16 09:51:55,72.0,mm,DD,72
2026-01-15 15:49:00,2026-01-16 09:51:55,72.0,mm,DD,72
2026-01-15 15:49:00,2026-01-16 09:51:55,72.0,mm,A,72
2026-01-15 12:49:06,2026-01-16 09:51:55,72.0,mm,A,72
2026-01-15 12:48:59,2026-01-16 09:51:55,72.0,mm,DD,72
2026-01-15 12:48:59,2026-01-16 09:51:55,72.0,mm,A,72
2026-01-15 09:49:05,2026-01-16 09:51:55,72.0,mm,DD,72
2026-01-15 09:48:59,2026-01-16 09:51:55,72.0,mm,DD,72
2026-01-15 09:48:59,2026-01-16 09:51:55,72.0,mm,DD,72
2026-01-15 09:48:58,2026-01-16 09:51:55,72.0,mm,DD,72
2026-01-15 09:48:58,2026-01-16 09:51:55,72.0,mm,A,72
2026-01-15 06:49:16,2026-01-16 09:51:55,72.0,mm,A,72
2026-01-15 06:48:58,2026-01-16 09:51:55,72.0,mm,DD,72
2026-01-15 06:48:58,2026-01-16 09:51:55,72.0,mm,DD,72
2026-01-15 06:48:58,2026-01-16 09:51:55,72.0,mm,DD,72
2026-01-15 06:48:58,2026-01-16 09:51:55,72.0,mm,DD,72
2026-01-15 06:48:58,2026-01-16 09:51:55,72.0,mm,A,72
2026-01-15 03:49:15,2026-01-16 09:51:55,72.0,mm,DD,72
2026-01-15 03:49:09,2026-01-16 09:51:55,72.0,mm,DD,72
2026-01-15 03:49:04,2026-01-16 09:51:55,72.0,mm,DD,72
2026-01-15 03:49:04,2026-01-16 09:51:55,72.0,mm,DD,72
2026-01-15 03:49:04,2026-01-16 09:51:55,72.0,mm,DD,72
2026-01-15 03:49:03,2026-01-16 09:51:55,72.0,mm,DD,72
2026-01-15 03:49:03,2026-01-16 09:51:55,72.0,mm,DD,72
2026-01-15 03:49:02,2026-01-16 09:51:55,72.0,mm,DD,72
2026-01-15 03:49:02,2026-01-16 09:51:55,72.0,mm,DD,72
2026-01-15 03:49:02,2026-01-16 09:51:55,72.0,mm,DD,72
2026-01-15 03:48:57,2026-01-16 09:51:55,72.0,mm,DD,72
2026-01-15 03:48:57,2026-01-16 09:51:55,72.0,mm,A,72
2026-01-15 00:49:14,2026-01-16 09:51:55,72.0,mm,A,72
2026-01-15 00:49:02,2026-01-16 09:51:55,72.0,mm,DD,72
2026-01-15 00:48:56,2026-01-16 09:51:55,72.0,mm,DD,72
2026-01-15 00:48:56,2026-01-16 09:51:55,72.0,mm,DD,72
2026-01-15 00:48:56,2026-01-16 09:51:55,72.0,mm,DD,72
2026-01-15 00:48:56,2026-01-16 09:51:55,72.0,mm,DD,72
2026-01-15 00:48:56,2026-01-16 09:51:55,72.0,mm,A,72
2026-01-14 22:15:19,2026-01-16 09:50:24,13.0,mm,MM,13
2026-01-14 22:15:10,2026-01-16 09:50:21,13.0,mm,DD,13
2026-01-14 22:15:10,2026-01-16 09:50:21,13.0,mm,DD,13
2026-01-14 22:15:10,2026-01-16 09:50:21,13.0,mm,MM,13
2026-01-14 22:15:09,2026-01-16 09:50:17,13.0,mm,DD,13
2026-01-14 22:15:09,2026-01-16 09:50:17,13.0,mm,MM,13
2026-01-14 22:15:04,2026-01-16 09:51:55,13.0,mm,DD,13
2026-01-14 22:15:04,2026-01-16 09:51:55,13.0,mm,DD,13
2026-01-14 22:15:04,2026-01-16 09:51:55,13.0,mm,ND,13
2026-01-14 21:49:02,2026-01-16 09:51:55,72.0,mm,DD,72
2026-01-14 21:49:02,2026-01-16 09:51:55,72.0,mm,DD,72
2026-01-14 21:49:01,2026-01-16 09:51:55,72.0,mm,DD,72
2026-01-14 21:49:01,2026-01-16 09:51:55,72.0,mm,DD,72
2026-01-14 21:48:57,2026-01-16 09:51:55,72.0,mm,DD,72
2026-01-14 21:48:57,2026-01-16 09:51:55,72.0,mm,DD,72
2026-01-14 21:48:56,2026-01-16 09:51:55,72.0,mm,DD,72
2026-01-14 21:48:56,2026-01-16 09:51:55,72.0,mm,DD,72
2026-01-14 21:48:56,2026-01-16 09:51:55,72.0,mm,DD,72
2026-01-14 21:48:56,2026-01-16 09:51:55,72.0,mm,DD,72
2026-01-14 21:48:55,2026-01-16 09:51:55,72.0,mm,A,72
2026-01-14 18:49:12,2026-01-16 09:51:55,72.0,mm,A,72
2026-01-14 18:49:01,2026-01-16 09:51:55,72.0,mm,DD,72
2026-01-14 18:49:00,2026-01-16 09:51:55,72.0,mm,DD,72
2026-01-14 18:49:00,2026-01-16 09:51:55,72.0,mm,DD,72
2026-01-14 18:48:55,2026-01-16 09:51:55,72.0,mm,DD,72
2026-01-14 18:48:55,2026-01-16 09:51:55,72.0,mm,DD,72
2026-01-14 18:48:54,2026-01-16 09:51:55,72.0,mm,DD,72
2026-01-14 18:48:54,2026-01-16 09:51:55,72.0,mm,A,72
2026-01-14 12:49:20,2026-01-14 12:48:53,72.0,mm,A,72
2026-01-14 12:49:00,2026-01-14 12:49:00,72.0,mm,AS,72
2026-01-14 12:48:59,2026-01-14 12:48:59,72.0,mm,DD,72
2026-01-14 12:48:59,2026-01-14 12:48:59,72.0,mm,DD,72
2026-01-14 12:48:53,2026-01-14 12:48:53,72.0,mm,DD,72
2026-01-14 12:48:53,2026-01-14 12:48:53,72.0,mm,DD,72
2026-01-14 12:48:53,2026-01-14 12:48:53,72.0,mm,DD,72
2026-01-14 12:48:53,2026-01-14 12:48:53,72.0,mm,DD,72
2026-01-14 12:48:53,2026-01-14 12:48:53,72.0,mm,A,72
2026-01-14 09:48:59,2026-01-14 09:48:59,72.0,mm,DD,72
2026-01-14 09:48:52,2026-01-14 09:48:53,72.0,mm,DD,72
2026-01-14 09:48:52,2026-01-14 09:48:53,72.0,mm,DD,72
2026-01-14 09:48:52,2026-01-14 09:48:53,72.0,mm,DD,72
2026-01-14 09:48:52,2026-01-14 09:48:53,72.0,mm,A,72
2026-01-14 09:48:51,2026-01-14 09:48:52,72.0,mm,DD,72
2026-01-14 06:49:18,2026-01-14 06:48:51,72.0,mm,A,72
2026-01-14 06:48:57,2026-01-14 06:48:57,72.0,mm,AS,72
2026-01-14 06:48:51,2026-01-14 06:48:51,72.0,mm,DD,72
2026-01-14 06:48:51,2026-01-14 06:48:51,72.0,mm,DD,72
2026-01-14 06:48:51,2026-01-14 06:48:51,72.0,mm,DD,72
2026-01-14 06:48:51,2026-01-14 06:48:51,72.0,mm,DD,72
2026-01-14 06:48:51,2026-01-14 06:48:51,72.0,mm,A,72
2026-01-14 03:49:18,2026-01-14 03:48:50,72.0,mm,A,72
2026-01-14 03:48:56,2026-01-14 03:48:56,72.0,mm,AS,72
2026-01-14 03:48:55,2026-01-14 03:48:55,72.0,mm,DD,72
2026-01-14 03:48:55,2026-01-14 03:48:55,72.0,mm,DD,72
2026-01-14 03:48:50,2026-01-14 03:48:50,72.0,mm,DD,72
2026-01-14 03:48:50,2026-01-14 03:48:50,72.0,mm,DD,72
2026-01-14 03:48:50,2026-01-14 03:48:50,72.0,mm,DD,72
2026-01-14 03:48:50,2026-01-14 03:48:50,72.0,mm,DD,72
2026-01-14 03:48:50,2026-01-14 03:48:50,72.0,mm,A,72
2026-01-14 00:49:17,2026-01-14 00:48:50,72.0,mm,A,72
2026-01-14 00:48:56,2026-01-14 00:48:56,72.0,mm,AS,72
2026-01-14 00:48:49,2026-01-14 00:48:50,72.0,mm,DD,72
2026-01-14 00:48:49,2026-01-14 00:48:50,72.0,mm,DD,72
2026-01-14 00:48:49,2026-01-14 00:48:50,72.0,mm,DD,72
2026-01-14 00:48:49,2026-01-14 00:48:50,72.0,mm,A,72
2026-01-13 22:35:28,2026-01-13 22:35:28,1,027.0,mm,PD,1027
2026-01-13 21:49:19,2026-01-13 21:48:49,72.0,mm,A,72
2026-01-13 21:48:55,2026-01-13 21:48:55,72.0,mm,AS,72
2026-01-13 21:48:54,2026-01-13 21:48:54,72.0,mm,DD,72
2026-01-13 21:48:54,2026-01-13 21:48:54,72.0,mm,DD,72
2026-01-13 21:48:54,2026-01-13 21:48:54,72.0,mm,DD,72
2026-01-13 21:48:54,2026-01-13 21:48:54,72.0,mm,DD,72
2026-01-13 21:48:48,2026-01-13 21:48:49,72.0,mm,DD,72
2026-01-13 21:48:48,2026-01-13 21:48:49,72.0,mm,DD,72
2026-01-13 18:49:15,2026-01-13 18:48:48,72.0,mm,A,72
2026-01-13 18:48:54,2026-01-13 18:48:54,72.0,mm,AS,72
2026-01-13 18:48:48,2026-01-13 18:48:48,72.0,mm,DD,72
2026-01-13 18:48:48,2026-01-13 18:48:48,72.0,mm,DD,72
2026-01-13 18:48:48,2026-01-13 18:48:48,72.0,mm,A,72
2026-01-13 15:49:14,2026-01-13 15:48:47,72.0,mm,A,72
2026-01-13 15:48:53,2026-01-13 15:48:53,72.0,mm,DD,72
2026-01-13 15:48:52,2026-01-13 15:48:52,72.0,mm,DD,72
2026-01-13 15:48:52,2026-01-13 15:48:52,72.0,mm,DD,72
2026-01-13 15:48:47,2026-01-13 15:48:47,72.0,mm,DD,72
2026-01-13 15:48:47,2026-01-13 15:48:47,72.0,mm,ND,72
2026-01-13 12:49:13,2026-01-13 12:48:46,72.0,mm,AN,72
2026-01-13 12:48:52,2026-01-13 12:48:52,72.0,mm,DD,72
2026-01-13 12:48:46,2026-01-13 17:00:09,72.0,mm,DD,72
2026-01-13 12:48:46,2026-01-13 17:00:09,72.0,mm,DD,72
2026-01-13 12:48:46,2026-01-13 17:00:09,72.0,mm,DD,72
2026-01-13 12:48:46,2026-01-13 17:00:09,72.0,mm,A,72
2026-01-13 11:57:33,2026-01-13 17:00:07,130.0,mm,DD,130
2026-01-13 11:57:33,2026-01-13 17:00:07,130.0,mm,PD,130
2026-01-13 11:57:13,2026-01-13 11:57:13,130.0,mm,DD,130
2026-01-13 11:57:12,2026-01-13 11:57:12,130.0,mm,DD,130
2026-01-13 11:57:06,2026-01-13 11:57:07,130.0,mm,DD,130
2026-01-13 11:57:06,2026-01-13 11:57:07,130.0,mm,DD,130
2026-01-13 11:57:06,2026-01-13 11:57:07,130.0,mm,DD,130
2026-01-13 11:57:06,2026-01-13 11:57:07,130.0,mm,DD,130
2026-01-13 11:57:06,2026-01-13 11:57:07,130.0,mm,DD,130
2026-01-13 11:57:06,2026-01-13 11:57:07,130.0,mm,PD,130
2026-01-13 09:49:15,2026-01-13 09:48:45,72.0,mm,A,72
2026-01-13 09:48:51,2026-01-13 09:48:51,72.0,mm,AS,72
2026-01-13 09:48:45,2026-01-13 09:48:45,72.0,mm,DD,72
2026-01-13 09:48:45,2026-01-13 09:48:45,72.0,mm,DD,72
2026-01-13 09:48:45,2026-01-13 09:48:45,72.0,mm,DD,72
2026-01-13 09:48:45,2026-01-13 09:48:45,72.0,mm,A,72
2026-01-13 06:49:11,2026-01-13 06:48:44,72.0,mm,AN,72
2026-01-13 06:48:50,2026-01-13 16:59:48,72.0,mm,DD,72
2026-01-13 06:48:44,2026-01-13 16:59:37,72.0,mm,DD,72
2026-01-13 06:48:44,2026-01-13 16:59:37,72.0,mm,DD,72
2026-01-13 06:48:44,2026-01-13 16:59:37,72.0,mm,DD,72
2026-01-13 06:48:44,2026-01-13 16:59:37,72.0,mm,A,72
2026-01-13 04:37:42,2026-01-13 16:59:35,129.0,mm,PD,129
2026-01-13 04:37:22,2026-01-13 04:37:22,129.0,mm,DD,129
2026-01-13 04:37:22,2026-01-13 04:37:22,129.0,mm,DD,129
2026-01-13 04:37:22,2026-01-13 04:37:22,129.0,mm,DD,129
2026-01-13 04:37:16,2026-01-13 04:37:16,129.0,mm,DD,129
2026-01-13 04:37:16,2026-01-13 04:37:16,129.0,mm,DD,129
2026-01-13 04:37:16,2026-01-13 04:37:16,129.0,mm,DD,129
2026-01-13 04:37:16,2026-01-13 04:37:16,129.0,mm,DD,129
2026-01-13 04:37:16,2026-01-13 04:37:16,129.0,mm,DD,129
2026-01-13 04:37:16,2026-01-13 04:37:16,129.0,mm,PD,129
2026-01-13 03:49:10,2026-01-13 03:48:43,72.0,mm,A,72
2026-01-13 03:48:50,2026-01-13 16:59:22,72.0,mm,DD,72
2026-01-13 03:48:49,2026-01-13 03:48:49,72.0,mm,DD,72
2026-01-13 03:48:49,2026-01-13 03:48:49,72.0,mm,DD,72
2026-01-13 03:48:43,2026-01-13 03:48:44,72.0,mm,DD,72
2026-01-13 03:48:43,2026-01-13 03:48:44,72.0,mm,DD,72
2026-01-13 03:48:43,2026-01-13 03:48:44,72.0,mm,DD,72
2026-01-13 03:48:43,2026-01-13 03:48:44,72.0,mm,DD,72
2026-01-13 03:48:43,2026-01-13 03:48:44,72.0,mm,A,72
2026-01-13 00:49:09,2026-01-13 00:48:43,72.0,mm,A,72
2026-01-13 00:48:49,2026-01-13 00:48:49,72.0,mm,AS,72
2026-01-13 00:48:48,2026-01-13 00:48:48,72.0,mm,DD,72
2026-01-13 00:48:48,2026-01-13 00:48:48,72.0,mm,DD,72
2026-01-13 00:48:43,2026-01-13 00:48:43,72.0,mm,DD,72
2026-01-13 00:48:43,2026-01-13 00:48:43,72.0,mm,A,72
2026-01-13 00:48:42,2026-01-13 00:48:43,72.0,mm,DD,72
2026-01-13 00:48:42,2026-01-13 00:48:43,72.0,mm,DD,72
2026-01-12 21:49:09,2026-01-12 21:48:42,72.0,mm,A,72
2026-01-12 21:48:48,2026-01-12 21:48:48,72.0,mm,AS,72
2026-01-12 21:48:42,2026-01-12 21:48:42,72.0,mm,DD,72
2026-01-12 21:48:42,2026-01-12 21:48:42,72.0,mm,DD,72
2026-01-12 18:49:07,2026-01-12 18:48:41,72.0,mm,A,72
2026-01-12 18:48:47,2026-01-12 18:48:47,72.0,mm,AS,72
2026-01-12 18:48:41,2026-01-12 18:48:41,72.0,mm,DD,72
2026-01-12 18:48:41,2026-01-12 18:48:41,72.0,mm,DD,72
2026-01-12 18:48:41,2026-01-12 18:48:41,72.0,mm,DD,72
2026-01-12 18:48:41,2026-01-12 18:48:41,72.0,mm,DD,72
2026-01-12 18:48:41,2026-01-12 18:48:41,72.0,mm,A,72
2026-01-12 15:49:06,2026-01-12 15:48:40,72.0,mm,A,72
2026-01-12 15:48:47,2026-01-12 15:48:47,72.0,mm,AS,72
2026-01-12 15:48:40,2026-01-12 15:48:41,72.0,mm,DD,72
2026-01-12 15:48:40,2026-01-12 15:48:41,72.0,mm,DD,72
2026-01-12 15:48:40,2026-01-12 15:48:41,72.0,mm,DD,72
2026-01-12 15:48:40,2026-01-12 15:48:41,72.0,mm,DD,72
2026-01-12 15:48:40,2026-01-12 15:48:41,72.0,mm,A,72
2026-01-12 12:48:46,2026-01-12 12:48:46,72.0,mm,DD,72
2026-01-12 12:48:45,2026-01-12 12:48:45,72.0,mm,DD,72
2026-01-12 12:48:45,2026-01-12 12:48:45,72.0,mm,DD,72
2026-01-12 12:48:39,2026-01-12 12:48:40,72.0,mm,DD,72
2026-01-12 12:48:39,2026-01-12 12:48:40,72.0,mm,DD,72
2026-01-12 12:48:39,2026-01-12 12:48:40,72.0,mm,DD,72
2026-01-12 12:48:39,2026-01-12 12:48:40,72.0,mm,A,72
2026-01-12 09:49:06,2026-01-12 09:48:39,72.0,mm,A,72
2026-01-12 09:48:39,2026-01-12 09:48:39,72.0,mm,DD,72
2026-01-12 09:48:39,2026-01-12 09:48:39,72.0,mm,DD,72
2026-01-12 09:48:39,2026-01-12 09:48:39,72.0,mm,DD,72
2026-01-12 09:48:39,2026-01-12 09:48:39,72.0,mm,DD,72
2026-01-12 09:48:39,2026-01-12 09:48:39,72.0,mm,A,72
2026-01-12 06:49:04,2026-01-12 06:48:38,72.0,mm,A,72
2026-01-12 06:48:44,2026-01-12 06:48:44,72.0,mm,AS,72
2026-01-12 06:48:38,2026-01-12 06:48:38,72.0,mm,DD,72
2026-01-12 06:48:38,2026-01-12 06:48:38,72.0,mm,DD,72
2026-01-12 06:48:38,2026-01-12 06:48:38,72.0,mm,DD,72
2026-01-12 06:48:38,2026-01-12 06:48:38,72.0,mm,DD,72
2026-01-12 06:48:38,2026-01-12 06:48:38,72.0,mm,A,72
2026-01-12 03:49:03,2026-01-12 03:48:37,72.0,mm,A,72
2026-01-12 03:48:43,2026-01-12 03:48:43,72.0,mm,AS,72
2026-01-12 03:48:37,2026-01-12 03:48:37,72.0,mm,DD,72
2026-01-12 03:48:37,2026-01-12 03:48:37,72.0,mm,DD,72
2026-01-12 00:48:43,2026-01-12 00:48:43,72.0,mm,DD,72
2026-01-12 00:48:36,2026-01-12 00:48:37,72.0,mm,DD,72
2026-01-12 00:48:36,2026-01-12 00:48:37,72.0,mm,DD,72
2026-01-12 00:48:36,2026-01-12 00:48:37,72.0,mm,A,72
2026-01-11 21:49:01,2026-01-11 21:48:36,72.0,mm,A,72
2026-01-11 21:48:42,2026-01-11 21:48:42,72.0,mm,AS,72
2026-01-11 21:48:36,2026-01-11 21:48:36,72.0,mm,DD,72
2026-01-11 21:48:36,2026-01-11 21:48:36,72.0,mm,DD,72
2026-01-11 21:48:35,2026-01-11 21:48:36,72.0,mm,DD,72
2026-01-11 21:48:35,2026-01-11 21:48:36,72.0,mm,A,72
2026-01-11 18:49:00,2026-01-11 18:48:35,72.0,mm,A,72
2026-01-11 18:48:41,2026-01-11 18:48:41,72.0,mm,AS,72
2026-01-11 18:48:35,2026-01-11 18:48:35,72.0,mm,DD,72
2026-01-11 18:48:35,2026-01-11 18:48:35,72.0,mm,DD,72
2026-01-11 18:48:35,2026-01-11 18:48:35,72.0,mm,DD,72
2026-01-11 18:48:35,2026-01-11 18:48:35,72.0,mm,DD,72
2026-01-11 18:48:35,2026-01-11 18:48:35,72.0,mm,A,72
2026-01-11 15:49:00,2026-01-11 15:48:34,72.0,mm,A,72
2026-01-11 15:48:40,2026-01-11 15:48:40,72.0,mm,AS,72
2026-01-11 15:48:34,2026-01-11 15:48:34,72.0,mm,DD,72
2026-01-11 15:48:34,2026-01-11 15:48:34,72.0,mm,DD,72
2026-01-11 15:48:34,2026-01-11 15:48:34,72.0,mm,DD,72
2026-01-11 15:48:34,2026-01-11 15:48:34,72.0,mm,DD,72
2026-01-11 15:48:34,2026-01-11 15:48:34,72.0,mm,A,72
2026-01-11 12:48:33,2026-01-11 12:48:33,72.0,mm,DD,72
2026-01-11 12:48:33,2026-01-11 12:48:33,72.0,mm,DD,72
2026-01-11 12:48:33,2026-01-11 12:48:33,72.0,mm,DD,72
2026-01-11 12:48:33,2026-01-11 12:48:33,72.0,mm,DD,72
2026-01-11 12:48:33,2026-01-11 12:48:33,72.0,mm,A,72
2026-01-11 09:49:04,2026-01-11 09:48:38,72.0,mm,A,72
2026-01-11 09:48:38,2026-01-11 09:48:38,72.0,mm,DD,72
2026-01-11 09:48:38,2026-01-11 09:48:38,72.0,mm,DD,72
2026-01-11 09:48:38,2026-01-11 09:48:38,72.0,mm,DD,72
2026-01-11 09:48:37,2026-01-11 09:48:37,72.0,mm,DD,72
2026-01-11 09:48:37,2026-01-11 09:48:37,72.0,mm,DD,72
2026-01-11 09:48:32,2026-01-11 09:48:32,72.0,mm,DD,72
2026-01-11 09:48:32,2026-01-11 09:48:32,72.0,mm,A,72
2026-01-11 08:57:10,2026-01-11 08:57:11,133.0,mm,DD,133
2026-01-11 08:57:10,2026-01-11 08:57:11,133.0,mm,PD,133
2026-01-11 06:48:58,2026-01-11 06:48:31,72.0,mm,A,72
2026-01-11 06:48:37,2026-01-11 06:48:37,72.0,mm,AS,72
2026-01-11 06:48:31,2026-01-11 06:48:31,72.0,mm,DD,72
2026-01-11 06:48:31,2026-01-11 06:48:31,72.0,mm,DD,72
2026-01-11 06:48:31,2026-01-11 06:48:31,72.0,mm,DD,72
2026-01-11 06:48:31,2026-01-11 06:48:31,72.0,mm,DD,72
2026-01-11 06:48:31,2026-01-11 06:48:31,72.0,mm,A,72
2026-01-11 03:48:59,2026-01-11 03:48:30,72.0,mm,A,72
2026-01-11 03:48:36,2026-01-11 03:48:36,72.0,mm,AS,72
2026-01-11 03:48:30,2026-01-11 03:48:30,72.0,mm,DD,72
2026-01-11 03:48:30,2026-01-11 03:48:30,72.0,mm,DD,72
2026-01-11 03:48:30,2026-01-11 03:48:30,72.0,mm,DD,72
2026-01-11 03:48:30,2026-01-11 03:48:30,72.0,mm,DD,72
2026-01-11 03:48:30,2026-01-11 03:48:30,72.0,mm,A,72
2026-01-11 00:48:36,2026-01-11 00:48:36,72.0,mm,DD,72
2026-01-11 00:48:29,2026-01-11 00:48:30,72.0,mm,DD,72
2026-01-11 00:48:29,2026-01-11 00:48:30,72.0,mm,DD,72
2026-01-11 00:48:29,2026-01-11 00:48:30,72.0,mm,DD,72
2026-01-11 00:48:29,2026-01-11 00:48:30,72.0,mm,A,72
2026-01-10 21:48:35,2026-01-10 21:48:35,72.0,mm,DD,72
2026-01-10 21:48:29,2026-01-10 21:48:29,72.0,mm,DD,72
2026-01-10 21:48:29,2026-01-10 21:48:29,72.0,mm,DD,72
2026-01-10 21:48:29,2026-01-10 21:48:29,72.0,mm,DD,72
2026-01-10 21:48:29,2026-01-10 21:48:29,72.0,mm,A,72
2026-01-10 18:48:34,2026-01-10 18:48:34,72.0,mm,DD,72
2026-01-10 18:48:28,2026-01-10 18:48:28,72.0,mm,DD,72
2026-01-10 18:48:28,2026-01-10 18:48:28,72.0,mm,DD,72
2026-01-10 18:48:28,2026-01-10 18:48:28,72.0,mm,DD,72
2026-01-10 18:48:28,2026-01-10 18:48:28,72.0,mm,DD,72
2026-01-10 18:48:28,2026-01-10 18:48:28,72.0,mm,A,72
2026-01-10 15:48:33,2026-01-10 15:48:33,72.0,mm,DD,72
2026-01-10 15:48:27,2026-01-10 15:48:27,72.0,mm,DD,72
2026-01-10 15:48:27,2026-01-10 15:48:27,72.0,mm,DD,72
2026-01-10 15:48:27,2026-01-10 15:48:27,72.0,mm,DD,72
2026-01-10 15:48:27,2026-01-10 15:48:27,72.0,mm,A,72
2026-01-10 12:48:32,2026-01-10 12:48:32,72.0,mm,DD,72
2026-01-10 12:48:31,2026-01-10 12:48:31,72.0,mm,DD,72
2026-01-10 12:48:31,2026-01-10 12:48:31,72.0,mm,DD,72
2026-01-10 12:48:26,2026-01-10 12:48:26,72.0,mm,DD,72
2026-01-10 12:48:26,2026-01-10 12:48:26,72.0,mm,DD,72
2026-01-10 12:48:26,2026-01-10 12:48:26,72.0,mm,DD,72
2026-01-10 12:48:26,2026-01-10 12:48:26,72.0,mm,DD,72
2026-01-10 12:48:26,2026-01-10 12:48:26,72.0,mm,DD,72
2026-01-10 12:48:26,2026-01-10 12:48:26,72.0,mm,DD,72
2026-01-10 12:48:26,2026-01-10 12:48:26,72.0,mm,A,72
2026-01-10 09:48:31,2026-01-10 09:48:31,72.0,mm,DD,72
2026-01-10 09:48:25,2026-01-10 09:48:25,72.0,mm,DD,72
2026-01-10 09:48:25,2026-01-10 09:48:25,72.0,mm,DD,72
2026-01-10 09:48:25,2026-01-10 09:48:25,72.0,mm,DD,72
2026-01-10 09:48:25,2026-01-10 09:48:25,72.0,mm,DD,72
2026-01-10 09:48:25,2026-01-10 09:48:25,72.0,mm,A,72
2026-01-10 06:48:30,2026-01-10 06:48:30,72.0,mm,DD,72
2026-01-10 06:48:24,2026-01-10 06:48:24,72.0,mm,DD,72
2026-01-10 06:48:24,2026-01-10 06:48:24,72.0,mm,DD,72
2026-01-10 06:48:24,2026-01-10 06:48:24,72.0,mm,DD,72
2026-01-10 06:48:24,2026-01-10 06:48:24,72.0,mm,A,72
2026-01-10 03:48:30,2026-01-10 03:48:30,72.0,mm,DD,72
2026-01-10 03:48:23,2026-01-10 03:48:23,72.0,mm,DD,72
2026-01-10 03:48:23,2026-01-10 03:48:23,72.0,mm,DD,72
2026-01-10 03:48:23,2026-01-10 03:48:23,72.0,mm,DD,72
2026-01-10 03:48:23,2026-01-10 03:48:23,72.0,mm,DD,72
2026-01-10 03:48:23,2026-01-10 03:48:23,72.0,mm,A,72
2026-01-10 00:48:29,2026-01-10 00:48:29,72.0,mm,DD,72
2026-01-10 00:48:23,2026-01-10 00:48:23,72.0,mm,DD,72
2026-01-10 00:48:22,2026-01-10 00:48:23,72.0,mm,DD,72
2026-01-10 00:48:22,2026-01-10 00:48:23,72.0,mm,DD,72
2026-01-10 00:48:22,2026-01-10 00:48:23,72.0,mm,DD,72
2026-01-10 00:48:22,2026-01-10 00:48:23,72.0,mm,A,72
2026-01-09 21:48:28,2026-01-09 21:48:28,72.0,mm,DD,72
2026-01-09 21:48:22,2026-01-09 21:48:22,72.0,mm,DD,72
2026-01-09 21:48:22,2026-01-09 21:48:22,72.0,mm,DD,72
2026-01-09 21:48:22,2026-01-09 21:48:22,72.0,mm,DD,72
2026-01-09 21:48:22,2026-01-09 21:48:22,72.0,mm,A,72
2026-01-09 20:57:19,2026-01-09 20:57:19,130.0,mm,DD,130
2026-01-09 20:57:19,2026-01-09 20:57:19,130.0,mm,PD,130
2026-01-09 18:48:27,2026-01-09 18:48:27,72.0,mm,DD,72
2026-01-09 18:48:21,2026-01-09 18:48:21,72.0,mm,DD,72
2026-01-09 18:48:21,2026-01-09 18:48:21,72.0,mm,DD,72
2026-01-09 18:48:21,2026-01-09 18:48:21,72.0,mm,DD,72
2026-01-09 18:48:21,2026-01-09 18:48:21,72.0,mm,A,72
2026-01-09 15:48:26,2026-01-09 15:48:26,72.0,mm,DD,72
2026-01-09 15:48:20,2026-01-09 15:48:20,72.0,mm,DD,72
2026-01-09 15:48:20,2026-01-09 15:48:20,72.0,mm,DD,72
2026-01-09 15:48:20,2026-01-09 15:48:20,72.0,mm,A,72
2026-01-09 12:48:19,2026-01-09 12:48:19,72.0,mm,DD,72
2026-01-09 12:48:19,2026-01-09 12:48:19,72.0,mm,DD,72
2026-01-09 12:48:19,2026-01-09 12:48:19,72.0,mm,A,72
2026-01-09 11:57:26,2026-01-09 11:57:26,130.0,mm,PD,130
2026-01-09 09:48:24,2026-01-09 09:48:24,72.0,mm,DD,72
2026-01-09 09:48:18,2026-01-09 09:48:18,72.0,mm,DD,72
2026-01-09 09:48:18,2026-01-09 09:48:18,72.0,mm,DD,72
2026-01-09 09:48:18,2026-01-09 09:48:18,72.0,mm,A,72
2026-01-09 06:48:24,2026-01-09 06:48:24,72.0,mm,DD,72
2026-01-09 06:48:17,2026-01-09 06:48:17,72.0,mm,DD,72
2026-01-09 06:48:17,2026-01-09 06:48:17,72.0,mm,DD,72
2026-01-09 06:48:17,2026-01-09 06:48:17,72.0,mm,DD,72
2026-01-09 06:48:17,2026-01-09 06:48:17,72.0,mm,DD,72
2026-01-09 06:48:17,2026-01-09 06:48:17,72.0,mm,A,72
2026-01-09 03:48:23,2026-01-09 03:48:23,72.0,mm,DD,72
2026-01-09 03:48:22,2026-01-09 03:48:22,72.0,mm,DD,72
2026-01-09 03:48:21,2026-01-09 03:48:21,72.0,mm,DD,72
2026-01-09 03:48:21,2026-01-09 03:48:21,72.0,mm,DD,72
2026-01-09 03:48:17,2026-01-09 03:48:17,72.0,mm,A,72
2026-01-09 03:48:16,2026-01-09 03:48:17,72.0,mm,DD,72
2026-01-09 03:48:16,2026-01-09 03:48:17,72.0,mm,DD,72
2026-01-09 00:48:22,2026-01-09 00:48:22,72.0,mm,DD,72
2026-01-09 00:48:16,2026-01-09 00:48:16,72.0,mm,DD,72
2026-01-09 00:48:16,2026-01-09 00:48:16,72.0,mm,DD,72
2026-01-09 00:48:16,2026-01-09 00:48:16,72.0,mm,DD,72
2026-01-09 00:48:16,2026-01-09 00:48:16,72.0,mm,DD,72
2026-01-09 00:48:16,2026-01-09 00:48:16,72.0,mm,A,72
2026-01-08 21:48:21,2026-01-08 21:48:21,72.0,mm,DD,72
2026-01-08 21:48:15,2026-01-08 21:48:15,72.0,mm,DD,72
2026-01-08 21:48:15,2026-01-08 21:48:15,72.0,mm,DD,72
2026-01-08 21:48:15,2026-01-08 21:48:15,72.0,mm,DD,72
2026-01-08 21:48:15,2026-01-08 21:48:15,72.0,mm,A,72
2026-01-08 18:48:20,2026-01-08 18:48:20,72.0,mm,DD,72
2026-01-08 18:48:14,2026-01-08 18:48:14,72.0,mm,DD,72
2026-01-08 18:48:14,2026-01-08 18:48:14,72.0,mm,DD,72
2026-01-08 18:48:14,2026-01-08 18:48:14,72.0,mm,DD,72
2026-01-08 18:48:14,2026-01-08 18:48:14,72.0,mm,A,72
2026-01-08 15:48:20,2026-01-08 15:48:20,72.0,mm,DD,72
2026-01-08 15:48:13,2026-01-08 15:48:14,72.0,mm,DD,72
2026-01-08 15:48:13,2026-01-08 15:48:14,72.0,mm,DD,72
2026-01-08 15:48:13,2026-01-08 15:48:14,72.0,mm,A,72
2026-01-08 12:48:19,2026-01-08 12:48:19,72.0,mm,DD,72
2026-01-08 12:48:12,2026-01-08 12:48:12,72.0,mm,DD,72
2026-01-08 12:48:12,2026-01-08 12:48:12,72.0,mm,DD,72
2026-01-08 12:48:12,2026-01-08 12:48:12,72.0,mm,A,72
2026-01-08 09:48:18,2026-01-08 09:48:18,72.0,mm,DD,72
2026-01-08 09:48:11,2026-01-08 09:48:12,72.0,mm,DD,72
2026-01-08 09:48:11,2026-01-08 09:48:12,72.0,mm,DD,72
2026-01-08 09:48:11,2026-01-08 09:48:12,72.0,mm,DD,72
2026-01-08 09:48:11,2026-01-08 09:48:12,72.0,mm,DD,72
2026-01-08 09:48:11,2026-01-08 09:48:12,72.0,mm,DD,72
2026-01-08 09:48:11,2026-01-08 09:48:12,72.0,mm,A,72
2026-01-08 06:48:10,2026-01-08 06:48:11,72.0,mm,DD,72
2026-01-08 06:48:10,2026-01-08 06:48:11,72.0,mm,DD,72
2026-01-08 06:48:10,2026-01-08 06:48:11,72.0,mm,DD,72
2026-01-08 06:48:10,2026-01-08 06:48:11,72.0,mm,DD,72
2026-01-08 06:48:10,2026-01-08 06:48:11,72.0,mm,DD,72
2026-01-08 06:48:10,2026-01-08 06:48:11,72.0,mm,A,72
2026-01-08 03:48:16,2026-01-08 03:48:16,72.0,mm,DD,72
2026-01-08 03:48:10,2026-01-08 03:48:10,72.0,mm,DD,72
2026-01-08 03:48:10,2026-01-08 03:48:10,72.0,mm,DD,72
2026-01-08 03:48:10,2026-01-08 03:48:10,72.0,mm,DD,72
2026-01-08 03:48:10,2026-01-08 03:48:10,72.0,mm,DD,72
2026-01-08 03:48:10,2026-01-08 03:48:10,72.0,mm,DD,72
2026-01-08 03:48:10,2026-01-08 03:48:10,72.0,mm,DD,72
2026-01-08 03:48:10,2026-01-08 03:48:10,72.0,mm,A,72
2026-01-08 02:57:25,2026-01-08 02:57:25,129.0,mm,DD,129
2026-01-08 02:57:19,2026-01-08 02:57:19,129.0,mm,DD,129
2026-01-08 02:57:19,2026-01-08 02:57:19,129.0,mm,PD,129
2026-01-07 21:48:15,2026-01-07 21:48:15,72.0,mm,DD,72
2026-01-07 21:48:08,2026-01-07 21:48:08,72.0,mm,DD,72
2026-01-07 21:48:08,2026-01-07 21:48:08,72.0,mm,DD,72
2026-01-07 21:48:08,2026-01-07 21:48:08,72.0,mm,DD,72
2026-01-07 21:48:08,2026-01-07 21:48:08,72.0,mm,DD,72
2026-01-07 21:48:08,2026-01-07 21:48:08,72.0,mm,A,72
2026-01-07 20:57:27,2026-01-07 20:57:27,129.0,mm,DD,129
2026-01-07 20:57:21,2026-01-07 20:57:21,129.0,mm,DD,129
2026-01-07 20:57:21,2026-01-07 20:57:21,129.0,mm,DD,129
2026-01-07 20:57:20,2026-01-07 20:57:20,129.0,mm,DD,129
2026-01-07 20:57:20,2026-01-07 20:57:20,129.0,mm,DD,129
2026-01-07 20:57:20,2026-01-07 20:57:20,129.0,mm,PD,129
2026-01-07 18:48:14,2026-01-07 18:48:14,72.0,mm,DD,72
2026-01-07 18:48:07,2026-01-07 18:48:08,72.0,mm,DD,72
2026-01-07 18:48:07,2026-01-07 18:48:08,72.0,mm,DD,72
2026-01-07 18:48:07,2026-01-07 18:48:08,72.0,mm,DD,72
2026-01-07 18:48:07,2026-01-07 18:48:08,72.0,mm,DD,72
2026-01-07 18:48:07,2026-01-07 18:48:08,72.0,mm,A,72
2026-01-07 15:48:13,2026-01-07 15:48:13,72.0,mm,DD,72
2026-01-07 15:48:06,2026-01-07 15:48:07,72.0,mm,DD,72
2026-01-07 15:48:06,2026-01-07 15:48:07,72.0,mm,DD,72
2026-01-07 15:48:06,2026-01-07 15:48:07,72.0,mm,DD,72
2026-01-07 15:48:06,2026-01-07 15:48:07,72.0,mm,DD,72
2026-01-07 15:48:06,2026-01-07 15:48:07,72.0,mm,A,72
2026-01-07 12:48:06,2026-01-07 12:48:06,72.0,mm,DD,72
2026-01-07 12:48:06,2026-01-07 12:48:06,72.0,mm,DD,72
2026-01-07 12:48:06,2026-01-07 12:48:06,72.0,mm,DD,72
2026-01-07 12:48:06,2026-01-07 12:48:06,72.0,mm,DD,72
2026-01-07 12:48:06,2026-01-07 12:48:06,72.0,mm,DD,72
2026-01-07 12:48:06,2026-01-07 12:48:06,72.0,mm,A,72
2026-01-07 09:48:17,2026-01-07 09:48:17,72.0,mm,DD,72
2026-01-07 09:48:11,2026-01-07 09:48:11,72.0,mm,DD,72
2026-01-07 09:48:11,2026-01-07 09:48:11,72.0,mm,DD,72
2026-01-07 09:48:11,2026-01-07 09:48:11,72.0,mm,DD,72
2026-01-07 09:48:11,2026-01-07 09:48:11,72.0,mm,DD,72
2026-01-07 09:48:11,2026-01-07 09:48:11,72.0,mm,DD,72
2026-01-07 09:48:05,2026-01-07 09:48:05,72.0,mm,DD,72
2026-01-07 09:48:05,2026-01-07 09:48:05,72.0,mm,DD,72
2026-01-07 09:48:05,2026-01-07 09:48:05,72.0,mm,A,72
2026-01-07 06:48:10,2026-01-07 06:48:10,72.0,mm,DD,72
2026-01-07 06:48:04,2026-01-07 06:48:04,72.0,mm,DD,72
2026-01-07 06:48:04,2026-01-07 06:48:04,72.0,mm,DD,72
2026-01-07 06:48:04,2026-01-07 06:48:04,72.0,mm,DD,72
2026-01-07 06:48:04,2026-01-07 06:48:04,72.0,mm,DD,72
2026-01-07 06:48:04,2026-01-07 06:48:04,72.0,mm,A,72
2026-01-07 03:48:15,2026-01-07 03:48:15,72.0,mm,DD,72
2026-01-07 03:48:09,2026-01-07 03:48:09,72.0,mm,DD,72
2026-01-07 03:48:09,2026-01-07 03:48:09,72.0,mm,DD,72
2026-01-07 03:48:04,2026-01-07 03:48:04,72.0,mm,DD,72
2026-01-07 03:48:04,2026-01-07 03:48:04,72.0,mm,DD,72
2026-01-07 03:48:04,2026-01-07 03:48:04,72.0,mm,DD,72
2026-01-07 03:48:04,2026-01-07 03:48:04,72.0,mm,DD,72
2026-01-07 03:48:03,2026-01-07 03:48:03,72.0,mm,DD,72
2026-01-07 03:48:03,2026-01-07 03:48:03,72.0,mm,DD,72
2026-01-07 03:48:03,2026-01-07 03:48:03,72.0,mm,DD,72
2026-01-07 03:48:03,2026-01-07 03:48:03,72.0,mm,A,72
2026-01-07 00:48:02,2026-01-07 00:48:02,72.0,mm,DD,72
2026-01-07 00:48:02,2026-01-07 00:48:02,72.0,mm,DD,72
2026-01-07 00:48:02,2026-01-07 00:48:02,72.0,mm,DD,72
2026-01-07 00:48:02,2026-01-07 00:48:02,72.0,mm,DD,72
2026-01-07 00:48:02,2026-01-07 00:48:02,72.0,mm,A,72
2026-01-06 21:48:02,2026-01-06 21:48:02,72.0,mm,DD,72
2026-01-06 21:48:01,2026-01-06 21:48:02,72.0,mm,DD,72
2026-01-06 21:48:01,2026-01-06 21:48:02,72.0,mm,DD,72
2026-01-06 21:48:01,2026-01-06 21:48:02,72.0,mm,DD,72
2026-01-06 21:48:01,2026-01-06 21:48:02,72.0,mm,A,72
2026-01-06 18:48:07,2026-01-06 18:48:07,72.0,mm,DD,72
2026-01-06 18:48:01,2026-01-06 18:48:01,72.0,mm,DD,72
2026-01-06 18:48:01,2026-01-06 18:48:01,72.0,mm,DD,72
2026-01-06 18:48:01,2026-01-06 18:48:01,72.0,mm,DD,72
2026-01-06 18:48:01,2026-01-06 18:48:01,72.0,mm,DD,72
2026-01-06 18:48:01,2026-01-06 18:48:01,72.0,mm,DD,72
2026-01-06 18:48:01,2026-01-06 18:48:01,72.0,mm,A,72
2026-01-06 17:57:28,2026-01-06 17:57:28,1,234.0,mm,DD,1234
2026-01-06 17:57:28,2026-01-06 17:57:28,1,234.0,mm,DD,1234
2026-01-06 17:57:28,2026-01-06 17:57:28,1,234.0,mm,DD,1234
2026-01-06 17:57:28,2026-01-06 17:57:28,1,234.0,mm,DD,1234
2026-01-06 17:57:27,2026-01-06 17:57:27,1,234.0,mm,DD,1234
2026-01-06 17:57:27,2026-01-06 17:57:27,1,234.0,mm,DD,1234
2026-01-06 17:57:22,2026-01-06 17:57:22,1,234.0,mm,DD,1234
2026-01-06 17:57:22,2026-01-06 17:57:22,1,234.0,mm,PD,1234
2026-01-06 15:48:06,2026-01-06 15:48:06,72.0,mm,DD,72
2026-01-06 15:48:05,2026-01-06 15:48:05,72.0,mm,DD,72
2026-01-06 15:48:05,2026-01-06 15:48:05,72.0,mm,DD,72
2026-01-06 15:48:05,2026-01-06 15:48:05,72.0,mm,DD,72
2026-01-06 15:48:00,2026-01-06 15:48:00,72.0,mm,DD,72
2026-01-06 15:48:00,2026-01-06 15:48:00,72.0,mm,DD,72
2026-01-06 15:48:00,2026-01-06 15:48:00,72.0,mm,A,72
2026-01-06 12:47:59,2026-01-06 12:47:59,72.0,mm,DD,72
2026-01-06 12:47:59,2026-01-06 12:47:59,72.0,mm,DD,72
2026-01-06 12:47:59,2026-01-06 12:47:59,72.0,mm,A,72
2026-01-06 09:47:58,2026-01-06 09:47:58,72.0,mm,DD,72
2026-01-06 09:47:58,2026-01-06 09:47:58,72.0,mm,DD,72
2026-01-06 09:47:58,2026-01-06 09:47:58,72.0,mm,A,72
2026-01-06 06:48:04,2026-01-06 06:48:04,72.0,mm,DD,72
2026-01-06 06:48:03,2026-01-06 06:48:03,72.0,mm,DD,72
2026-01-06 06:47:58,2026-01-06 06:47:58,72.0,mm,DD,72
2026-01-06 06:47:58,2026-01-06 06:47:58,72.0,mm,DD,72
2026-01-06 06:47:58,2026-01-06 06:47:58,72.0,mm,DD,72
2026-01-06 06:47:58,2026-01-06 06:47:58,72.0,mm,DD,72
2026-01-06 06:47:57,2026-01-06 06:47:57,72.0,mm,DD,72
2026-01-06 06:47:57,2026-01-06 06:47:57,72.0,mm,DD,72
2026-01-06 06:47:56,2026-01-06 06:47:57,72.0,mm,A,72
2026-01-06 03:48:03,2026-01-06 03:48:03,72.0,mm,DD,72
2026-01-06 03:47:56,2026-01-06 03:47:57,72.0,mm,DD,72
2026-01-06 03:47:56,2026-01-06 03:47:57,72.0,mm,DD,72
2026-01-06 03:47:56,2026-01-06 03:47:57,72.0,mm,DD,72
2026-01-06 03:47:56,2026-01-06 03:47:57,72.0,mm,A,72
2026-01-06 00:48:02,2026-01-06 00:48:02,72.0,mm,DD,72
2026-01-06 00:47:56,2026-01-06 00:47:56,72.0,mm,DD,72
2026-01-06 00:47:56,2026-01-06 00:47:56,72.0,mm,DD,72
2026-01-06 00:47:55,2026-01-06 00:47:56,72.0,mm,DD,72
2026-01-06 00:47:55,2026-01-06 00:47:56,72.0,mm,DD,72
2026-01-06 00:47:55,2026-01-06 00:47:56,72.0,mm,A,72
2026-01-05 21:48:01,2026-01-05 21:48:01,72.0,mm,DD,72
2026-01-05 21:47:55,2026-01-05 21:47:55,72.0,mm,DD,72
2026-01-05 21:47:55,2026-01-05 21:47:55,72.0,mm,DD,72
2026-01-05 21:47:55,2026-01-05 21:47:55,72.0,mm,DD,72
2026-01-05 21:47:55,2026-01-05 21:47:55,72.0,mm,DD,72
2026-01-05 21:47:55,2026-01-05 21:47:55,72.0,mm,A,72
2026-01-05 21:00:04,2026-01-05 21:00:04,72.0,mm,DD,72
2026-01-05 20:59:58,2026-01-05 20:59:58,72.0,mm,DD,72
2026-01-05 20:59:58,2026-01-05 20:59:58,72.0,mm,DD,72
2026-01-05 20:59:58,2026-01-05 20:59:58,72.0,mm,DD,72
2026-01-05 20:59:58,2026-01-05 20:59:58,72.0,mm,DD,72
2026-01-05 20:59:57,2026-01-05 20:59:57,72.0,mm,A,72
2026-01-05 20:41:47,2026-01-05 20:41:47,71.0,mm,DD,71
2026-01-05 20:41:41,2026-01-05 20:41:41,71.0,mm,DD,71
2026-01-05 20:41:41,2026-01-05 20:41:41,71.0,mm,DD,71
2026-01-05 20:41:41,2026-01-05 20:41:41,71.0,mm,DD,71
2026-01-05 20:41:41,2026-01-05 20:41:41,71.0,mm,A,71
2026-01-05 20:35:06,2026-01-05 20:35:06,70.0,mm,DD,70
2026-01-05 20:35:00,2026-01-05 20:35:00,70.0,mm,DD,70
2026-01-05 20:35:00,2026-01-05 20:35:00,70.0,mm,DD,70
2026-01-05 20:34:59,2026-01-05 20:34:59,70.0,mm,DD,70
2026-01-05 20:34:59,2026-01-05 20:34:59,70.0,mm,DD,70
2026-01-05 20:34:59,2026-01-05 20:34:59,70.0,mm,A,70
2026-01-05 20:15:37,2026-01-05 20:15:37,69.0,mm,DD,69
2026-01-05 20:15:31,2026-01-05 20:15:31,69.0,mm,DD,69
2026-01-05 20:15:31,2026-01-05 20:15:31,69.0,mm,DD,69
2026-01-05 20:15:31,2026-01-05 20:15:31,69.0,mm,DD,69
2026-01-05 20:15:31,2026-01-05 20:15:31,69.0,mm,DD,69
2026-01-05 20:15:31,2026-01-05 20:15:31,69.0,mm,A,69
2026-01-05 19:23:53,2026-01-05 19:23:53,68.0,mm,DD,68
2026-01-05 19:23:53,2026-01-05 19:23:53,68.0,mm,DD,68
2026-01-05 19:23:53,2026-01-05 19:23:53,68.0,mm,DD,68
2026-01-05 19:23:53,2026-01-05 19:23:53,68.0,mm,DD,68
2026-01-05 19:23:52,2026-01-05 19:23:53,68.0,mm,A,68
2026-01-05 19:19:43,2026-01-05 19:19:43,443.0,mm,DD,443
2026-01-05 19:19:37,2026-01-05 19:19:37,443.0,mm,DD,443
2026-01-05 19:19:36,2026-01-05 19:19:36,443.0,mm,DD,443
2026-01-05 19:19:36,2026-01-05 19:19:36,443.0,mm,DD,443
2026-01-05 19:19:36,2026-01-05 19:19:36,443.0,mm,DD,443
2026-01-05 19:19:36,2026-01-05 19:19:36,443.0,mm,DD,443
2026-01-05 19:19:36,2026-01-05 19:19:36,443.0,mm,PD,443
2026-01-05 18:56:01,2026-01-05 18:56:01,67.0,mm,DD,67
2026-01-05 18:56:01,2026-01-05 18:56:01,67.0,mm,DD,67
2026-01-05 18:56:01,2026-01-05 18:56:01,67.0,mm,DD,67
2026-01-05 18:56:01,2026-01-05 18:56:01,67.0,mm,DD,67
2026-01-05 18:56:01,2026-01-05 18:56:01,67.0,mm,A,67
2026-01-05 18:47:54,2026-01-05 18:47:54,66.0,mm,DD,66
2026-01-05 18:47:54,2026-01-05 18:47:54,66.0,mm,DD,66
2026-01-05 18:47:54,2026-01-05 18:47:54,66.0,mm,DD,66
2026-01-05 18:47:54,2026-01-05 18:47:54,66.0,mm,A,66
2026-01-05 18:45:13,2026-01-05 18:45:13,65.0,mm,DD,65
2026-01-05 18:45:07,2026-01-05 18:45:07,65.0,mm,DD,65
2026-01-05 18:45:07,2026-01-05 18:45:07,65.0,mm,DD,65
2026-01-05 18:45:07,2026-01-05 18:45:07,65.0,mm,DD,65
2026-01-05 18:45:07,2026-01-05 18:45:07,65.0,mm,DD,65
2026-01-05 18:45:07,2026-01-05 18:45:07,65.0,mm,A,65
2026-01-05 18:42:46,2026-01-05 18:42:46,63.0,mm,DD,63
2026-01-05 18:42:40,2026-01-05 18:42:40,63.0,mm,DD,63
2026-01-05 18:42:40,2026-01-05 18:42:40,63.0,mm,DD,63
2026-01-05 18:42:40,2026-01-05 18:42:40,63.0,mm,DD,63
2026-01-05 18:42:40,2026-01-05 18:42:40,63.0,mm,DD,63
2026-01-05 18:42:40,2026-01-05 18:42:40,63.0,mm,A,63
2026-01-05 18:41:05,2026-01-05 18:41:05,62.0,mm,DD,62
2026-01-05 18:41:05,2026-01-05 18:41:05,62.0,mm,DD,62
2026-01-05 18:41:05,2026-01-05 18:41:05,62.0,mm,DD,62
2026-01-05 18:41:05,2026-01-05 18:41:05,62.0,mm,DD,62
2026-01-05 18:41:05,2026-01-05 18:41:05,62.0,mm,A,62
2026-01-05 18:38:21,2026-01-05 18:38:21,60.0,mm,DD,60
2026-01-05 18:38:15,2026-01-05 18:38:15,60.0,mm,DD,60
2026-01-05 18:38:15,2026-01-05 18:38:15,60.0,mm,DD,60
2026-01-05 18:38:15,2026-01-05 18:38:15,60.0,mm,DD,60
2026-01-05 18:38:15,2026-01-05 18:38:15,60.0,mm,DD,60
2026-01-05 18:38:15,2026-01-05 18:38:15,60.0,mm,A,60
2026-01-05 18:37:47,2026-01-05 18:37:47,59.0,mm,DD,59
2026-01-05 18:37:41,2026-01-05 18:37:41,59.0,mm,DD,59
2026-01-05 18:37:41,2026-01-05 18:37:41,59.0,mm,DD,59
2026-01-05 18:37:41,2026-01-05 18:37:41,59.0,mm,DD,59
2026-01-05 18:37:41,2026-01-05 18:37:41,59.0,mm,A,59
2026-01-05 18:37:12,2026-01-05 18:37:12,58.0,mm,DD,58
2026-01-05 18:37:06,2026-01-05 18:37:06,58.0,mm,DD,58
2026-01-05 18:37:06,2026-01-05 18:37:06,58.0,mm,DD,58
2026-01-05 18:37:06,2026-01-05 18:37:06,58.0,mm,DD,58
2026-01-05 18:37:06,2026-01-05 18:37:06,58.0,mm,DD,58
2026-01-05 18:37:06,2026-01-05 18:37:06,58.0,mm,DD,58
2026-01-05 18:37:06,2026-01-05 18:37:06,58.0,mm,DD,58
2026-01-05 18:37:06,2026-01-05 18:37:06,58.0,mm,A,58
2026-01-05 18:36:37,2026-01-05 18:36:37,57.0,mm,DD,57
2026-01-05 18:36:31,2026-01-05 18:36:31,57.0,mm,DD,57
2026-01-05 18:36:31,2026-01-05 18:36:31,57.0,mm,DD,57
2026-01-05 18:36:31,2026-01-05 18:36:31,57.0,mm,DD,57
2026-01-05 18:36:31,2026-01-05 18:36:31,57.0,mm,A,57
2026-01-05 18:35:47,2026-01-05 18:35:47,56.0,mm,DD,56
2026-01-05 18:35:41,2026-01-05 18:35:41,56.0,mm,DD,56
2026-01-05 18:35:41,2026-01-05 18:35:41,56.0,mm,DD,56
2026-01-05 18:35:41,2026-01-05 18:35:41,56.0,mm,DD,56
2026-01-05 18:35:41,2026-01-05 18:35:41,56.0,mm,DD,56
2026-01-05 18:35:41,2026-01-05 18:35:41,56.0,mm,A,56
2026-01-05 18:33:55,2026-01-05 18:33:56,55.0,mm,DD,55
2026-01-05 18:33:55,2026-01-05 18:33:56,55.0,mm,DD,55
2026-01-05 18:33:55,2026-01-05 18:33:56,55.0,mm,DD,55
2026-01-05 18:33:55,2026-01-05 18:33:56,55.0,mm,DD,55
2026-01-05 18:33:55,2026-01-05 18:33:56,55.0,mm,A,55
2026-01-05 15:47:59,2026-01-05 15:47:59,54.0,mm,DD,54
2026-01-05 15:47:53,2026-01-05 15:47:53,54.0,mm,DD,54
2026-01-05 15:47:53,2026-01-05 15:47:53,54.0,mm,DD,54
2026-01-05 15:47:53,2026-01-05 15:47:53,54.0,mm,DD,54
2026-01-05 15:47:53,2026-01-05 15:47:53,54.0,mm,A,54
2026-01-05 12:47:58,2026-01-05 12:47:58,54.0,mm,DD,54
2026-01-05 12:47:52,2026-01-05 12:47:52,54.0,mm,DD,54
2026-01-05 12:47:52,2026-01-05 12:47:52,54.0,mm,DD,54
2026-01-05 12:47:52,2026-01-05 12:47:52,54.0,mm,DD,54
2026-01-05 12:47:52,2026-01-05 12:47:52,54.0,mm,DD,54
2026-01-05 12:47:52,2026-01-05 12:47:52,54.0,mm,A,54
2026-01-05 09:47:58,2026-01-05 09:47:58,54.0,mm,DD,54
2026-01-05 09:47:51,2026-01-05 09:47:51,54.0,mm,DD,54
2026-01-05 09:47:51,2026-01-05 09:47:51,54.0,mm,DD,54
2026-01-05 09:47:51,2026-01-05 09:47:51,54.0,mm,DD,54
2026-01-05 09:47:51,2026-01-05 09:47:51,54.0,mm,DD,54
2026-01-05 09:47:51,2026-01-05 09:47:51,54.0,mm,A,54
2026-01-05 06:47:50,2026-01-05 06:47:51,54.0,mm,DD,54
2026-01-05 06:47:50,2026-01-05 06:47:51,54.0,mm,DD,54
2026-01-05 06:47:50,2026-01-05 06:47:51,54.0,mm,DD,54
2026-01-05 06:47:50,2026-01-05 06:47:51,54.0,mm,DD,54
2026-01-05 06:47:50,2026-01-05 06:47:51,54.0,mm,A,54
2026-01-05 04:36:30,2026-01-05 04:36:30,128.0,mm,DD,128
2026-01-05 04:36:24,2026-01-05 04:36:24,128.0,mm,DD,128
2026-01-05 04:36:24,2026-01-05 04:36:24,128.0,mm,DD,128
2026-01-05 04:36:24,2026-01-05 04:36:24,128.0,mm,DD,128
2026-01-05 04:36:24,2026-01-05 04:36:24,128.0,mm,DD,128
2026-01-05 04:36:24,2026-01-05 04:36:24,128.0,mm,DD,128
2026-01-05 04:36:24,2026-01-05 04:36:24,128.0,mm,DD,128
2026-01-05 04:36:24,2026-01-05 04:36:24,128.0,mm,PD,128
2026-01-05 03:47:56,2026-01-05 03:47:56,54.0,mm,DD,54
2026-01-05 03:47:50,2026-01-05 03:47:50,54.0,mm,DD,54
2026-01-05 03:47:50,2026-01-05 03:47:50,54.0,mm,DD,54
2026-01-05 03:47:50,2026-01-05 03:47:50,54.0,mm,DD,54
2026-01-05 03:47:50,2026-01-05 03:47:50,54.0,mm,A,54
2026-01-05 00:47:55,2026-01-05 00:47:55,54.0,mm,DD,54
2026-01-05 00:47:49,2026-01-05 00:47:49,54.0,mm,DD,54
2026-01-05 00:47:49,2026-01-05 00:47:49,54.0,mm,DD,54
2026-01-05 00:47:49,2026-01-05 00:47:49,54.0,mm,DD,54
2026-01-05 00:47:49,2026-01-05 00:47:49,54.0,mm,DD,54
2026-01-05 00:47:49,2026-01-05 00:47:49,54.0,mm,A,54
2026-01-04 21:47:54,2026-01-04 21:47:54,54.0,mm,DD,54
2026-01-04 21:47:48,2026-01-04 21:47:48,54.0,mm,DD,54
2026-01-04 21:47:48,2026-01-04 21:47:48,54.0,mm,DD,54
2026-01-04 21:47:48,2026-01-04 21:47:48,54.0,mm,DD,54
2026-01-04 21:47:48,2026-01-04 21:47:48,54.0,mm,AN,54
2026-01-04 18:47:54,2026-01-04 18:47:54,54.0,mm,DD,54
2026-01-04 18:47:47,2026-01-05 12:06:06,54.0,mm,DD,54
2026-01-04 18:47:47,2026-01-05 12:06:06,54.0,mm,DD,54
2026-01-04 18:47:47,2026-01-05 12:06:06,54.0,mm,DD,54
2026-01-04 18:47:47,2026-01-05 12:06:06,54.0,mm,DD,54
2026-01-04 18:47:47,2026-01-05 12:06:06,54.0,mm,A,54
2026-01-04 18:29:23,2026-01-04 18:29:23,162.0,mm,DD,162
2026-01-04 18:29:18,2026-01-04 18:29:18,162.0,mm,DD,162
2026-01-04 18:29:18,2026-01-04 18:29:18,162.0,mm,DD,162
2026-01-04 18:29:17,2026-01-05 12:06:00,162.0,mm,DD,162
2026-01-04 18:29:17,2026-01-05 12:06:00,162.0,mm,DD,162
2026-01-04 18:29:17,2026-01-05 12:06:00,162.0,mm,DD,162
2026-01-04 18:29:17,2026-01-05 12:06:00,162.0,mm,PD,162
2026-01-04 16:41:12,2026-01-04 16:41:13,160.0,mm,DD,160
2026-01-04 16:41:12,2026-01-04 16:41:13,160.0,mm,DD,160
2026-01-04 16:41:12,2026-01-04 16:41:13,160.0,mm,DD,160
2026-01-04 16:41:12,2026-01-04 16:41:13,160.0,mm,DD,160
2026-01-04 16:41:12,2026-01-04 16:41:13,160.0,mm,PD,160
2026-01-04 16:36:28,2026-01-04 16:36:28,131.0,mm,DD,131
2026-01-04 16:36:21,2026-01-04 16:36:22,131.0,mm,DD,131
2026-01-04 16:36:21,2026-01-04 16:36:22,131.0,mm,DD,131
2026-01-04 16:36:21,2026-01-04 16:36:22,131.0,mm,DD,131
2026-01-04 16:36:20,2026-01-04 16:36:21,131.0,mm,DD,131
2026-01-04 16:36:20,2026-01-04 16:36:21,131.0,mm,DD,131
2026-01-04 16:36:20,2026-01-04 16:36:21,131.0,mm,PD,131
2026-01-04 15:47:47,2026-01-04 15:47:47,54.0,mm,DD,54
2026-01-04 15:47:47,2026-01-04 15:47:47,54.0,mm,DD,54
2026-01-04 15:47:47,2026-01-04 15:47:47,54.0,mm,DD,54
2026-01-04 15:47:47,2026-01-04 15:47:47,54.0,mm,A,54
2026-01-04 15:47:46,2026-01-04 15:47:47,54.0,mm,DD,54
2026-01-04 09:47:51,2026-01-04 09:47:51,53.0,mm,A,53
2026-01-04 09:47:45,2026-01-04 09:47:45,53.0,mm,DD,53
2026-01-04 09:47:45,2026-01-04 09:47:45,53.0,mm,DD,53
2026-01-04 09:47:45,2026-01-04 09:47:45,53.0,mm,DD,53
2026-01-04 09:47:45,2026-01-04 09:47:45,53.0,mm,A,53
2026-01-04 09:47:43,2026-01-04 09:47:45,53.0,mm,DD,53
2026-01-04 06:47:50,2026-01-04 06:47:50,53.0,mm,DD,53
2026-01-04 06:47:44,2026-01-04 06:47:44,53.0,mm,DD,53
2026-01-04 06:47:44,2026-01-04 06:47:44,53.0,mm,DD,53
2026-01-04 06:47:44,2026-01-04 06:47:44,53.0,mm,DD,53
2026-01-04 06:47:44,2026-01-04 06:47:44,53.0,mm,A,53
2026-01-04 06:47:41,2026-01-04 06:47:44,53.0,mm,DD,53
2026-01-04 03:47:50,2026-01-04 03:47:50,53.0,mm,DD,53
2026-01-04 03:47:43,2026-01-04 03:47:44,53.0,mm,DD,53
2026-01-04 03:47:43,2026-01-04 03:47:44,53.0,mm,DD,53
2026-01-04 03:47:43,2026-01-04 03:47:44,53.0,mm,DD,53
2026-01-04 03:47:43,2026-01-04 03:47:44,53.0,mm,A,53
2026-01-04 03:47:39,2026-01-04 03:47:44,53.0,mm,DD,53
2026-01-04 00:48:04,2026-01-04 00:47:43,53.0,mm,A,53
2026-01-04 00:47:49,2026-01-04 00:47:49,53.0,mm,AS,53
2026-01-04 00:47:43,2026-01-04 00:47:43,53.0,mm,DD,53
2026-01-04 00:47:43,2026-01-04 00:47:43,53.0,mm,DD,53
2026-01-04 00:47:43,2026-01-04 00:47:43,53.0,mm,DD,53
2026-01-04 00:47:43,2026-01-04 00:47:43,53.0,mm,DD,53
2026-01-04 00:47:43,2026-01-04 00:47:43,53.0,mm,A,53
2026-01-03 21:48:03,2026-01-03 21:47:42,53.0,mm,A,53
2026-01-03 21:47:48,2026-01-03 21:47:48,53.0,mm,AS,53
2026-01-03 21:47:42,2026-01-03 21:47:42,53.0,mm,DD,53
2026-01-03 21:47:42,2026-01-03 21:47:42,53.0,mm,DD,53
2026-01-03 21:47:42,2026-01-03 21:47:42,53.0,mm,DD,53
2026-01-03 21:47:42,2026-01-03 21:47:42,53.0,mm,DD,53
2026-01-03 21:47:42,2026-01-03 21:47:42,53.0,mm,A,53
2026-01-03 18:47:47,2026-01-03 18:47:47,53.0,mm,DD,53
2026-01-03 18:47:41,2026-01-03 18:47:41,53.0,mm,DD,53
2026-01-03 18:47:41,2026-01-03 18:47:41,53.0,mm,DD,53
2026-01-03 18:47:41,2026-01-03 18:47:41,53.0,mm,DD,53
2026-01-03 18:47:41,2026-01-03 18:47:41,53.0,mm,DD,53
2026-01-03 18:47:41,2026-01-03 18:47:41,53.0,mm,A,53
2026-01-03 15:48:01,2026-01-03 15:47:40,53.0,mm,A,53
2026-01-03 15:47:47,2026-01-03 15:47:47,53.0,mm,AS,53
2026-01-03 15:47:40,2026-01-03 15:47:40,53.0,mm,DD,53
2026-01-03 15:47:40,2026-01-03 15:47:40,53.0,mm,DD,53
2026-01-03 15:47:40,2026-01-03 15:47:40,53.0,mm,DD,53
2026-01-03 15:47:40,2026-01-03 15:47:40,53.0,mm,DD,53
2026-01-03 15:47:40,2026-01-03 15:47:40,53.0,mm,A,53
2026-01-03 12:48:00,2026-01-03 12:47:40,53.0,mm,A,53
2026-01-03 12:47:46,2026-01-03 12:47:46,53.0,mm,AS,53
2026-01-03 12:47:39,2026-01-03 12:47:40,53.0,mm,DD,53
2026-01-03 12:47:39,2026-01-03 12:47:40,53.0,mm,DD,53
2026-01-03 12:47:39,2026-01-03 12:47:40,53.0,mm,DD,53
2026-01-03 12:47:39,2026-01-03 12:47:40,53.0,mm,DD,53
2026-01-03 12:47:39,2026-01-03 12:47:40,53.0,mm,A,53
2026-01-03 09:47:59,2026-01-03 09:47:39,53.0,mm,A,53
2026-01-03 09:47:45,2026-01-03 09:47:45,53.0,mm,AS,53
2026-01-03 09:47:39,2026-01-03 09:47:39,53.0,mm,DD,53
2026-01-03 09:47:39,2026-01-03 09:47:39,53.0,mm,DD,53
2026-01-03 09:47:38,2026-01-03 09:47:39,53.0,mm,DD,53
2026-01-03 09:47:38,2026-01-03 09:47:39,53.0,mm,A,53
2026-01-03 06:48:00,2026-01-03 06:47:38,53.0,mm,A,53
2026-01-03 06:47:38,2026-01-03 06:47:38,53.0,mm,DD,53
2026-01-03 06:47:38,2026-01-03 06:47:38,53.0,mm,DD,53
2026-01-03 06:47:38,2026-01-03 06:47:38,53.0,mm,DD,53
2026-01-03 06:47:38,2026-01-03 06:47:38,53.0,mm,DD,53
2026-01-03 06:47:38,2026-01-03 06:47:38,53.0,mm,A,53
2026-01-03 03:47:57,2026-01-03 03:47:37,53.0,mm,AN,53
2026-01-03 03:47:43,2026-01-03 03:47:43,53.0,mm,AS,53
2026-01-03 03:47:37,2026-01-03 03:47:37,53.0,mm,DD,53
2026-01-03 03:47:37,2026-01-03 03:47:37,53.0,mm,DD,53
2026-01-03 03:47:37,2026-01-03 03:47:37,53.0,mm,DD,53
2026-01-03 03:47:37,2026-01-03 03:47:37,53.0,mm,ND,53
2026-01-03 01:36:31,2026-01-03 01:36:11,129.0,mm,DD,129
2026-01-03 01:36:16,2026-01-03 01:36:16,129.0,mm,PD,129
2026-01-03 01:36:10,2026-01-03 01:36:10,129.0,mm,DD,129
2026-01-03 01:36:09,2026-01-03 01:36:09,129.0,mm,DD,129
2026-01-03 01:36:09,2026-01-03 01:36:09,129.0,mm,DD,129
2026-01-03 01:36:09,2026-01-03 01:36:09,129.0,mm,DD,129
2026-01-03 01:36:09,2026-01-03 01:36:09,129.0,mm,PD,129
2026-01-03 00:47:56,2026-01-03 00:47:36,53.0,mm,A,53
2026-01-03 00:47:42,2026-01-03 00:47:42,53.0,mm,AS,53
2026-01-03 00:47:36,2026-01-03 00:47:36,53.0,mm,DD,53
2026-01-03 00:47:36,2026-01-03 00:47:36,53.0,mm,DD,53
2026-01-03 00:47:36,2026-01-03 00:47:36,53.0,mm,DD,53
2026-01-03 00:47:36,2026-01-03 00:47:36,53.0,mm,DD,53
2026-01-03 00:47:36,2026-01-03 00:47:36,53.0,mm,AN,53
2026-01-02 21:47:55,2026-01-02 21:47:36,53.0,mm,ND,53
2026-01-02 21:47:42,2026-01-02 21:47:42,53.0,mm,AS,53
2026-01-02 21:47:35,2026-01-03 11:08:10,53.0,mm,DD,53
2026-01-02 21:47:35,2026-01-03 11:08:10,53.0,mm,DD,53
2026-01-02 21:47:35,2026-01-03 11:08:10,53.0,mm,A,53
2026-01-02 19:36:29,2026-01-03 11:08:08,130.0,mm,PD,130
2026-01-02 19:36:07,2026-01-02 19:36:08,130.0,mm,DD,130
2026-01-02 19:36:07,2026-01-02 19:36:08,130.0,mm,DD,130
2026-01-02 19:36:07,2026-01-02 19:36:08,130.0,mm,DD,130
2026-01-02 19:36:07,2026-01-02 19:36:08,130.0,mm,PD,130
2026-01-02 18:47:55,2026-01-02 18:47:35,53.0,mm,A,53
2026-01-02 18:47:41,2026-01-02 18:47:41,53.0,mm,AS,53
2026-01-02 18:47:35,2026-01-02 18:47:35,53.0,mm,DD,53
2026-01-02 18:47:35,2026-01-02 18:47:35,53.0,mm,DD,53
2026-01-02 18:47:35,2026-01-02 18:47:35,53.0,mm,DD,53
2026-01-02 18:47:35,2026-01-02 18:47:35,53.0,mm,DD,53
2026-01-02 18:47:35,2026-01-02 18:47:35,53.0,mm,A,53
2026-01-02 15:47:54,2026-01-02 15:47:34,53.0,mm,AN,53
2026-01-02 15:47:40,2026-01-02 15:47:40,53.0,mm,DD,53
2026-01-02 15:47:34,2026-01-02 15:53:41,53.0,mm,DD,53
2026-01-02 15:47:34,2026-01-02 15:53:41,53.0,mm,DD,53
2026-01-02 15:47:34,2026-01-02 15:53:41,53.0,mm,DD,53
2026-01-02 15:47:34,2026-01-02 15:53:41,53.0,mm,DD,53
2026-01-02 15:47:34,2026-01-02 15:53:41,53.0,mm,A,53
2026-01-02 13:36:27,2026-01-02 15:53:39,139.0,mm,DD,139
2026-01-02 13:36:27,2026-01-02 15:53:39,139.0,mm,PD,139
2026-01-02 13:36:13,2026-01-02 15:53:34,139.0,mm,DD,139
2026-01-02 13:36:06,2026-01-02 13:36:06,139.0,mm,DD,139
2026-01-02 13:36:06,2026-01-02 13:36:06,139.0,mm,DD,139
2026-01-02 13:36:06,2026-01-02 13:36:06,139.0,mm,DD,139
2026-01-02 13:36:06,2026-01-02 13:36:06,139.0,mm,DD,139
2026-01-02 13:36:06,2026-01-02 13:36:06,139.0,mm,DD,139
2026-01-02 13:36:06,2026-01-02 13:36:06,139.0,mm,PD,139
2026-01-02 12:47:53,2026-01-02 12:47:33,53.0,mm,A,53
2026-01-02 12:47:33,2026-01-02 12:47:33,53.0,mm,DD,53
2026-01-02 12:47:33,2026-01-02 12:47:33,53.0,mm,DD,53
2026-01-02 12:47:33,2026-01-02 12:47:33,53.0,mm,DD,53
2026-01-02 12:47:33,2026-01-02 12:47:33,53.0,mm,DD,53
2026-01-02 12:47:33,2026-01-02 12:47:33,53.0,mm,A,53
2026-01-02 09:47:38,2026-01-02 09:47:38,53.0,mm,DD,53
2026-01-02 09:47:32,2026-01-02 09:47:32,53.0,mm,DD,53
2026-01-02 09:47:32,2026-01-02 09:47:32,53.0,mm,DD,53
2026-01-02 09:47:32,2026-01-02 09:47:32,53.0,mm,DD,53
2026-01-02 09:47:32,2026-01-02 09:47:32,53.0,mm,A,53
2026-01-02 06:47:51,2026-01-02 06:47:31,53.0,mm,A,53
2026-01-02 06:47:31,2026-01-02 06:47:32,53.0,mm,DD,53
2026-01-02 06:47:31,2026-01-02 06:47:32,53.0,mm,DD,53
2026-01-02 06:47:31,2026-01-02 06:47:32,53.0,mm,DD,53
2026-01-02 06:47:31,2026-01-02 06:47:32,53.0,mm,DD,53
2026-01-02 06:47:31,2026-01-02 06:47:32,53.0,mm,A,53
2026-01-02 03:47:50,2026-01-02 03:47:31,53.0,mm,A,53
2026-01-02 03:47:37,2026-01-02 03:47:37,53.0,mm,AS,53
2026-01-02 03:47:31,2026-01-02 03:47:31,53.0,mm,DD,53
2026-01-02 03:47:31,2026-01-02 03:47:31,53.0,mm,DD,53
2026-01-02 03:47:31,2026-01-02 03:47:31,53.0,mm,DD,53
2026-01-02 03:47:31,2026-01-02 03:47:31,53.0,mm,DD,53
2026-01-02 03:47:31,2026-01-02 03:47:31,53.0,mm,A,53
2026-01-02 00:47:49,2026-01-02 00:47:30,53.0,mm,AN,53
2026-01-02 00:47:36,2026-01-02 00:47:36,53.0,mm,AS,53
2026-01-02 00:47:30,2026-01-02 00:47:30,53.0,mm,DD,53
2026-01-02 00:47:30,2026-01-02 00:47:30,53.0,mm,DD,53
2026-01-02 00:47:30,2026-01-02 00:47:30,53.0,mm,DD,53
2026-01-02 00:47:30,2026-01-02 00:47:30,53.0,mm,ND,53
2026-01-01 23:14:20,2026-01-01 23:14:01,136.0,mm,DD,136
2026-01-01 23:14:01,2026-01-01 23:14:01,136.0,mm,DD,136
2026-01-01 23:14:01,2026-01-01 23:14:01,136.0,mm,PD,136
2026-01-01 21:47:35,2026-01-01 21:47:35,53.0,mm,DD,53
2026-01-01 21:47:30,2026-01-01 21:47:30,53.0,mm,DD,53
2026-01-01 21:47:29,2026-01-01 21:47:29,53.0,mm,DD,53
2026-01-01 21:47:29,2026-01-01 21:47:29,53.0,mm,DD,53
2026-01-01 21:47:29,2026-01-01 21:47:29,53.0,mm,DD,53
2026-01-01 21:47:29,2026-01-01 21:47:29,53.0,mm,A,53
2026-01-01 18:47:47,2026-01-01 18:47:28,53.0,mm,A,53
2026-01-01 18:47:35,2026-01-01 18:47:35,53.0,mm,AS,53
2026-01-01 18:47:28,2026-01-01 18:47:28,53.0,mm,DD,53
2026-01-01 18:47:28,2026-01-01 18:47:28,53.0,mm,DD,53
2026-01-01 18:47:28,2026-01-01 18:47:28,53.0,mm,DD,53
2026-01-01 18:47:28,2026-01-01 18:47:28,53.0,mm,DD,53
2026-01-01 18:47:28,2026-01-01 18:47:28,53.0,mm,A,53
2026-01-01 15:47:46,2026-01-01 15:47:28,53.0,mm,A,53
2026-01-01 15:47:28,2026-01-01 15:47:28,53.0,mm,DD,53
2026-01-01 15:47:28,2026-01-01 15:47:28,53.0,mm,DD,53
2026-01-01 15:47:28,2026-01-01 15:47:28,53.0,mm,DD,53
2026-01-01 15:47:28,2026-01-01 15:47:28,53.0,mm,DD,53
2026-01-01 15:47:27,2026-01-01 15:47:28,53.0,mm,DD,53
2026-01-01 15:47:27,2026-01-01 15:47:28,53.0,mm,A,53
2026-01-01 12:47:33,2026-01-01 12:47:33,53.0,mm,DD,53
2026-01-01 12:47:27,2026-01-01 12:47:27,53.0,mm,DD,53
2026-01-01 12:47:27,2026-01-01 12:47:27,53.0,mm,A,53
2026-01-01 09:47:32,2026-01-01 09:47:32,53.0,mm,DD,53
2026-01-01 09:47:26,2026-01-01 09:47:26,53.0,mm,DD,53
2026-01-01 09:47:26,2026-01-01 09:47:26,53.0,mm,DD,53
2026-01-01 09:47:26,2026-01-01 09:47:26,53.0,mm,DD,53
2026-01-01 09:47:26,2026-01-01 09:47:26,53.0,mm,A,53
2026-01-01 06:47:43,2026-01-01 06:47:25,53.0,mm,A,53
2026-01-01 06:47:32,2026-01-01 06:47:32,53.0,mm,AS,53
2026-01-01 06:47:25,2026-01-01 06:47:25,53.0,mm,DD,53
2026-01-01 06:47:25,2026-01-01 06:47:25,53.0,mm,DD,53
2026-01-01 06:47:25,2026-01-01 06:47:25,53.0,mm,DD,53
2026-01-01 06:47:25,2026-01-01 06:47:25,53.0,mm,DD,53
2026-01-01 06:47:25,2026-01-01 06:47:25,53.0,mm,A,53
2026-01-01 03:47:42,2026-01-01 03:47:24,53.0,mm,A,53
2026-01-01 03:47:30,2026-01-01 03:47:30,53.0,mm,DD,53
2026-01-01 03:47:30,2026-01-01 03:47:30,53.0,mm,DD,53
2026-01-01 03:47:24,2026-01-01 03:47:24,53.0,mm,DD,53
2026-01-01 03:47:24,2026-01-01 03:47:24,53.0,mm,DD,53
2026-01-01 03:47:24,2026-01-01 03:47:24,53.0,mm,DD,53
2026-01-01 03:47:24,2026-01-01 03:47:24,53.0,mm,DD,53
2026-01-01 03:47:24,2026-01-01 03:47:24,53.0,mm,A,53
2026-01-01 00:47:41,2026-01-01 00:47:23,53.0,mm,A,53
2026-01-01 00:47:29,2026-01-01 00:47:29,53.0,mm,DD,53
2026-01-01 00:47:29,2026-01-01 00:47:29,53.0,mm,DD,53
2026-01-01 00:47:29,2026-01-01 00:47:29,53.0,mm,DD,53
2026-01-01 00:47:29,2026-01-01 00:47:29,53.0,mm,DD,53
2026-01-01 00:47:23,2026-01-01 00:47:23,53.0,mm,DD,53
2026-01-01 00:47:23,2026-01-01 00:47:23,53.0,mm,DD,53
2026-01-01 00:47:23,2026-01-01 00:47:23,53.0,mm,DD,53
2026-01-01 00:47:23,2026-01-01 00:47:23,53.0,mm,DD,53
2026-01-01 00:47:23,2026-01-01 00:47:23,53.0,mm,A,53
